[mifut] no existing checkpoint in /scratch/e452103/checkpoints/roma_mifutagent_dim4_H8_r16p64_ep_film -- fresh run
[mifut] role_dim=4  H=8  maps=10000  total_steps=3000000000
[mifut] role view: road=16 partner=64  mi_target=ego_partner
[mifut] FiLM conditioning: --role_film
[mifut] compliance=0 perturb_frac=0 alpha=2.0
[mifut] div_weight=0.1  mi_weight=1.0  wandb_name=roma_mifutagentH8_dim4_r16p64_ep_film_maps10000_0
[mifut] code=/home/e452103/roma_film  save=/scratch/e452103/checkpoints/roma_mifutagent_dim4_H8_r16p64_ep_film
[mifut] branch=mi-future-agentcentric-film commit=1e5121d
[ROMA] Device        : cuda
[ROMA] AMP (bf16)    : enabled
[ROMA] role_dim      : 4
[ROMA] num_maps      : 10000
[ROMA] num_agents    : 3072
[ROMA] total_steps   : 3,000,000,000
[ROMA] mi_weight     : 1.0
[ROMA] div_weight    : 0.1
[ROMA] mi_target     : ego_partner
[ROMA] role view     : road=16 partner=64 (policy GRU always sees the full 128)
[ROMA] mi_horizon    : 8 (future MI: z_t predicts emb t+1..t+8)
[ROMA] wandb initialized: https://wandb.ai/s-rahmani-tu-delft/roma-pufferdrive/runs/kdi7kpq7
[ROMA] obs_dim       : 1121 (auto-detected)
[ROMA] CSV log       : /scratch/e452103/checkpoints/roma_mifutagent_dim4_H8_r16p64_ep_film/training_log.csv
[ROMA] Training for 3,000,000,000 steps ...
[ROMA step      786,432] sps= 53,245  policy_loss=-0.0028  value_loss=3.4545  mi_loss=0.0149  mi_valid=0.89  div_loss=0.9988  kl_loss=0.0000 (disabled)  score=0.185  return=-7.483  role_std=0.0020  role_norm=0.1744  enc_delta ego=0.0687 partner=0.1027 road=0.1130
[ROMA step    1,572,864] sps= 64,161  policy_loss=-0.0013  value_loss=4.0244  mi_loss=0.0040  mi_valid=0.86  div_loss=0.9940  kl_loss=0.0000 (disabled)  score=0.187  return=-7.433  role_std=0.0121  role_norm=0.4939  enc_delta ego=0.1036 partner=0.1076 road=0.0982
[ROMA step    2,359,296] sps= 69,087  policy_loss=0.0004  value_loss=3.5639  mi_loss=0.0033  mi_valid=0.86  div_loss=0.0575  kl_loss=0.0000 (disabled)  score=0.187  return=-7.389  role_std=0.0637  role_norm=0.9606  enc_delta ego=0.1337 partner=0.1225 road=0.1239
[ROMA step    3,145,728] sps= 51,210  policy_loss=0.0052  value_loss=4.4023  mi_loss=0.0025  mi_valid=0.83  div_loss=0.0004  kl_loss=0.0000 (disabled)  score=0.185  return=-7.379  role_std=0.3429  role_norm=0.7344  enc_delta ego=0.1230 partner=0.0719 road=0.0848
[ROMA step    3,932,160] sps= 55,129  policy_loss=0.0019  value_loss=4.7194  mi_loss=0.0016  mi_valid=0.86  div_loss=0.0004  kl_loss=0.0000 (disabled)  score=0.180  return=-7.417  role_std=0.3908  role_norm=0.9631  enc_delta ego=0.1175 partner=0.0767 road=0.0816
[ROMA step    4,718,592] sps= 58,057  policy_loss=-0.0011  value_loss=4.7566  mi_loss=0.0013  mi_valid=0.89  div_loss=0.0003  kl_loss=0.0000 (disabled)  score=0.178  return=-7.385  role_std=0.5378  role_norm=1.2519  enc_delta ego=0.0888 partner=0.0876 road=0.0697
[ROMA step    5,505,024] sps= 60,343  policy_loss=0.0001  value_loss=4.5009  mi_loss=0.0012  mi_valid=0.87  div_loss=0.0017  kl_loss=0.0000 (disabled)  score=0.176  return=-7.377  role_std=0.4231  role_norm=1.0188  enc_delta ego=0.0688 partner=0.1109 road=0.0668
[ROMA step    6,291,456] sps= 53,981  policy_loss=-0.0049  value_loss=4.6908  mi_loss=0.0012  mi_valid=0.83  div_loss=0.0005  kl_loss=0.0000 (disabled)  score=0.176  return=-7.286  role_std=0.5074  role_norm=1.2448  enc_delta ego=0.0514 partner=0.0649 road=0.0462
[ROMA step    7,077,888] sps= 56,086  policy_loss=0.0024  value_loss=3.8633  mi_loss=0.0009  mi_valid=0.86  div_loss=0.0105  kl_loss=0.0000 (disabled)  score=0.179  return=-7.181  role_std=0.5160  role_norm=1.1829  enc_delta ego=0.0334 partner=0.0446 road=0.0298
[ROMA step    7,864,320] sps= 57,828  policy_loss=-0.0003  value_loss=3.7048  mi_loss=0.0008  mi_valid=0.86  div_loss=0.0008  kl_loss=0.0000 (disabled)  score=0.180  return=-7.093  role_std=0.5199  role_norm=1.0344  enc_delta ego=0.0258 partner=0.0458 road=0.0277
[ROMA step    8,650,752] sps= 52,983  policy_loss=0.0014  value_loss=4.3150  mi_loss=0.0008  mi_valid=0.86  div_loss=0.0021  kl_loss=0.0000 (disabled)  score=0.180  return=-7.040  role_std=0.4141  role_norm=0.7970  enc_delta ego=0.0317 partner=0.0431 road=0.0379
[ROMA step    9,437,184] sps= 54,500  policy_loss=-0.0070  value_loss=4.6485  mi_loss=0.0007  mi_valid=0.87  div_loss=0.0005  kl_loss=0.0000 (disabled)  score=0.173  return=-7.088  role_std=0.4684  role_norm=0.9273  enc_delta ego=0.0268 partner=0.0389 road=0.0309
[ROMA step   10,223,616] sps= 55,875  policy_loss=-0.0002  value_loss=4.4425  mi_loss=0.0007  mi_valid=0.86  div_loss=0.0005  kl_loss=0.0000 (disabled)  score=0.167  return=-7.131  role_std=0.4932  role_norm=0.9831  enc_delta ego=0.0271 partner=0.0474 road=0.0337
[ROMA step   11,010,048] sps= 57,115  policy_loss=-0.0021  value_loss=4.1994  mi_loss=0.0006  mi_valid=0.86  div_loss=0.0005  kl_loss=0.0000 (disabled)  score=0.162  return=-7.152  role_std=0.5081  role_norm=1.0206  enc_delta ego=0.0117 partner=0.0205 road=0.0134
[ROMA step   11,796,480] sps= 53,842  policy_loss=-0.0008  value_loss=4.4917  mi_loss=0.0006  mi_valid=0.83  div_loss=0.0008  kl_loss=0.0000 (disabled)  score=0.160  return=-7.145  role_std=0.5287  role_norm=1.1190  enc_delta ego=0.0166 partner=0.0223 road=0.0148
[ROMA step   12,582,912] sps= 55,001  policy_loss=-0.0070  value_loss=3.9640  mi_loss=0.0005  mi_valid=0.87  div_loss=0.0000  kl_loss=0.0000 (disabled)  score=0.158  return=-7.113  role_std=0.4790  role_norm=1.0748  enc_delta ego=0.0159 partner=0.0211 road=0.0144
[ROMA step   13,369,344] sps= 56,070  policy_loss=-0.0016  value_loss=4.0459  mi_loss=0.0005  mi_valid=0.89  div_loss=0.0010  kl_loss=0.0000 (disabled)  score=0.157  return=-7.096  role_std=0.4455  role_norm=0.9128  enc_delta ego=0.0181 partner=0.0277 road=0.0163
[ROMA step   14,155,776] sps= 53,367  policy_loss=-0.0020  value_loss=4.5186  mi_loss=0.0005  mi_valid=0.83  div_loss=0.0010  kl_loss=0.0000 (disabled)  score=0.155  return=-7.073  role_std=0.4581  role_norm=0.9219  enc_delta ego=0.0215 partner=0.0258 road=0.0163
[ROMA step   14,942,208] sps= 54,370  policy_loss=0.0021  value_loss=3.7339  mi_loss=0.0005  mi_valid=0.86  div_loss=0.0012  kl_loss=0.0000 (disabled)  score=0.152  return=-7.070  role_std=0.4412  role_norm=0.9091  enc_delta ego=0.0174 partner=0.0186 road=0.0120
[ROMA step   15,728,640] sps= 55,307  policy_loss=-0.0033  value_loss=3.5735  mi_loss=0.0005  mi_valid=0.86  div_loss=0.0021  kl_loss=0.0000 (disabled)  score=0.150  return=-7.066  role_std=0.4462  role_norm=0.9153  enc_delta ego=0.0172 partner=0.0294 road=0.0143
[ROMA step   16,515,072] sps= 56,179  policy_loss=-0.0083  value_loss=3.6629  mi_loss=0.0004  mi_valid=0.86  div_loss=0.0107  kl_loss=0.0000 (disabled)  score=0.147  return=-7.055  role_std=0.4839  role_norm=1.0739  enc_delta ego=0.0148 partner=0.0245 road=0.0121
[ROMA step   17,301,504] sps= 54,210  policy_loss=-0.0028  value_loss=3.9872  mi_loss=0.0004  mi_valid=0.87  div_loss=0.0012  kl_loss=0.0000 (disabled)  score=0.145  return=-7.062  role_std=0.4024  role_norm=0.8702  enc_delta ego=0.0366 partner=0.0444 road=0.0261
[ROMA step   18,087,936] sps= 54,998  policy_loss=-0.0062  value_loss=4.0466  mi_loss=0.0004  mi_valid=0.86  div_loss=0.0038  kl_loss=0.0000 (disabled)  score=0.141  return=-7.087  role_std=0.4324  role_norm=0.8666  enc_delta ego=0.0365 partner=0.0292 road=0.0204
[ROMA step   18,874,368] sps= 55,762  policy_loss=0.0009  value_loss=3.8262  mi_loss=0.0004  mi_valid=0.86  div_loss=0.0003  kl_loss=0.0000 (disabled)  score=0.138  return=-7.105  role_std=0.4668  role_norm=0.9411  enc_delta ego=0.0321 partner=0.0276 road=0.0167
[ROMA step   19,660,800] sps= 53,892  policy_loss=-0.0024  value_loss=4.1649  mi_loss=0.0004  mi_valid=0.83  div_loss=0.0047  kl_loss=0.0000 (disabled)  score=0.134  return=-7.123  role_std=0.4957  role_norm=1.0196  enc_delta ego=0.0135 partner=0.0122 road=0.0096
[ROMA step   20,447,232] sps= 54,609  policy_loss=-0.0026  value_loss=4.0027  mi_loss=0.0004  mi_valid=0.86  div_loss=0.0009  kl_loss=0.0000 (disabled)  score=0.135  return=-7.104  role_std=0.4988  role_norm=1.1552  enc_delta ego=0.0207 partner=0.0285 road=0.0204
[ROMA step   21,233,664] sps= 55,293  policy_loss=0.0016  value_loss=4.0920  mi_loss=0.0004  mi_valid=0.89  div_loss=0.0012  kl_loss=0.0000 (disabled)  score=0.136  return=-7.079  role_std=0.4997  role_norm=1.2302  enc_delta ego=0.0207 partner=0.0272 road=0.0164
[ROMA step   22,020,096] sps= 55,943  policy_loss=0.0011  value_loss=3.9993  mi_loss=0.0004  mi_valid=0.90  div_loss=0.0006  kl_loss=0.0000 (disabled)  score=0.137  return=-7.067  role_std=0.4352  role_norm=0.9080  enc_delta ego=0.0286 partner=0.0316 road=0.0205
[ROMA step   22,806,528] sps= 54,142  policy_loss=-0.0046  value_loss=4.7183  mi_loss=0.0004  mi_valid=0.83  div_loss=0.0015  kl_loss=0.0000 (disabled)  score=0.137  return=-7.058  role_std=0.4861  role_norm=0.9532  enc_delta ego=0.0225 partner=0.0176 road=0.0116
[ROMA step   23,592,960] sps= 54,754  policy_loss=-0.0021  value_loss=4.0137  mi_loss=0.0004  mi_valid=0.86  div_loss=0.0059  kl_loss=0.0000 (disabled)  score=0.135  return=-7.059  role_std=0.4606  role_norm=0.9077  enc_delta ego=0.0218 partner=0.0256 road=0.0182
[ROMA step   24,379,392] sps= 55,337  policy_loss=0.0023  value_loss=3.8787  mi_loss=0.0003  mi_valid=0.86  div_loss=0.0023  kl_loss=0.0000 (disabled)  score=0.134  return=-7.058  role_std=0.4974  role_norm=1.0770  enc_delta ego=0.0137 partner=0.0163 road=0.0124
[ROMA step   25,165,824] sps= 53,931  policy_loss=-0.0060  value_loss=4.2678  mi_loss=0.0003  mi_valid=0.86  div_loss=0.0001  kl_loss=0.0000 (disabled)  score=0.132  return=-7.054  role_std=0.5367  role_norm=1.3301  enc_delta ego=0.0228 partner=0.0260 road=0.0175
[ROMA step   25,952,256] sps= 54,501  policy_loss=0.0032  value_loss=3.9383  mi_loss=0.0003  mi_valid=0.90  div_loss=0.0100  kl_loss=0.0000 (disabled)  score=0.131  return=-7.059  role_std=0.4235  role_norm=0.8666  enc_delta ego=0.0137 partner=0.0178 road=0.0148
[ROMA step   26,738,688] sps= 55,043  policy_loss=-0.0003  value_loss=3.7534  mi_loss=0.0003  mi_valid=0.86  div_loss=0.0004  kl_loss=0.0000 (disabled)  score=0.129  return=-7.066  role_std=0.4313  role_norm=0.9364  enc_delta ego=0.0161 partner=0.0195 road=0.0127
[ROMA step   27,525,120] sps= 55,569  policy_loss=-0.0074  value_loss=3.4021  mi_loss=0.0003  mi_valid=0.86  div_loss=0.0000  kl_loss=0.0000 (disabled)  score=0.127  return=-7.076  role_std=0.4395  role_norm=0.8637  enc_delta ego=0.0177 partner=0.0175 road=0.0134
[ROMA step   28,311,552] sps= 54,486  policy_loss=-0.0009  value_loss=3.9084  mi_loss=0.0003  mi_valid=0.83  div_loss=0.0144  kl_loss=0.0000 (disabled)  score=0.125  return=-7.077  role_std=0.4450  role_norm=0.8907  enc_delta ego=0.0139 partner=0.0122 road=0.0080
[ROMA step   29,097,984] sps= 54,980  policy_loss=-0.0001  value_loss=3.5849  mi_loss=0.0003  mi_valid=0.87  div_loss=0.0013  kl_loss=0.0000 (disabled)  score=0.122  return=-7.054  role_std=0.4436  role_norm=1.0432  enc_delta ego=0.0162 partner=0.0199 road=0.0129
[ROMA step   29,884,416] sps= 55,440  policy_loss=-0.0022  value_loss=3.5923  mi_loss=0.0003  mi_valid=0.90  div_loss=0.0002  kl_loss=0.0000 (disabled)  score=0.120  return=-7.036  role_std=0.3949  role_norm=0.8126  enc_delta ego=0.0126 partner=0.0169 road=0.0121
[ROMA step   30,670,848] sps= 55,891  policy_loss=-0.0071  value_loss=3.6282  mi_loss=0.0003  mi_valid=0.89  div_loss=0.0097  kl_loss=0.0000 (disabled)  score=0.117  return=-7.014  role_std=0.4015  role_norm=0.8015  enc_delta ego=0.0156 partner=0.0204 road=0.0130
[ROMA step   31,457,280] sps= 54,575  policy_loss=0.0030  value_loss=3.8377  mi_loss=0.0003  mi_valid=0.83  div_loss=0.0061  kl_loss=0.0000 (disabled)  score=0.115  return=-6.999  role_std=0.3986  role_norm=0.7926  enc_delta ego=0.0092 partner=0.0134 road=0.0087
[ROMA step   32,243,712] sps= 55,024  policy_loss=-0.0033  value_loss=3.6870  mi_loss=0.0003  mi_valid=0.87  div_loss=0.0069  kl_loss=0.0000 (disabled)  score=0.112  return=-6.993  role_std=0.4086  role_norm=0.8194  enc_delta ego=0.0099 partner=0.0117 road=0.0189
[ROMA step   33,030,144] sps= 55,460  policy_loss=0.0029  value_loss=3.4642  mi_loss=0.0003  mi_valid=0.87  div_loss=0.0057  kl_loss=0.0000 (disabled)  score=0.110  return=-6.992  role_std=0.4366  role_norm=0.8678  enc_delta ego=0.0082 partner=0.0113 road=0.0179
[ROMA step   33,816,576] sps= 54,651  policy_loss=0.0036  value_loss=3.9913  mi_loss=0.0003  mi_valid=0.87  div_loss=0.0088  kl_loss=0.0000 (disabled)  score=0.108  return=-6.989  role_std=0.3573  role_norm=0.7740  enc_delta ego=0.0161 partner=0.0170 road=0.0131
[ROMA step   34,603,008] sps= 55,064  policy_loss=0.0019  value_loss=4.0475  mi_loss=0.0003  mi_valid=0.89  div_loss=0.0006  kl_loss=0.0000 (disabled)  score=0.106  return=-7.007  role_std=0.3719  role_norm=0.7262  enc_delta ego=0.0138 partner=0.0183 road=0.0149
[ROMA step   35,389,440] sps= 55,462  policy_loss=-0.0038  value_loss=3.7497  mi_loss=0.0003  mi_valid=0.86  div_loss=0.0008  kl_loss=0.0000 (disabled)  score=0.103  return=-7.024  role_std=0.4037  role_norm=0.7761  enc_delta ego=0.0162 partner=0.0223 road=0.0164
[ROMA step   36,175,872] sps= 55,837  policy_loss=-0.0038  value_loss=3.3073  mi_loss=0.0003  mi_valid=0.86  div_loss=0.0028  kl_loss=0.0000 (disabled)  score=0.101  return=-7.034  role_std=0.3727  role_norm=0.7143  enc_delta ego=0.0101 partner=0.0157 road=0.0141
[ROMA step   36,962,304] sps= 54,541  policy_loss=-0.0009  value_loss=3.6643  mi_loss=0.0003  mi_valid=0.83  div_loss=0.0076  kl_loss=0.0000 (disabled)  score=0.100  return=-7.014  role_std=0.3935  role_norm=0.7937  enc_delta ego=0.0088 partner=0.0098 road=0.0086
[ROMA step   37,748,736] sps= 54,906  policy_loss=0.0055  value_loss=3.5352  mi_loss=0.0003  mi_valid=0.87  div_loss=0.0076  kl_loss=0.0000 (disabled)  score=0.100  return=-6.980  role_std=0.3992  role_norm=0.9598  enc_delta ego=0.0163 partner=0.0183 road=0.0185
[ROMA step   38,535,168] sps= 55,271  policy_loss=0.0030  value_loss=3.4039  mi_loss=0.0003  mi_valid=0.90  div_loss=0.0008  kl_loss=0.0000 (disabled)  score=0.099  return=-6.957  role_std=0.3531  role_norm=0.7376  enc_delta ego=0.0093 partner=0.0151 road=0.0117
[ROMA step   39,321,600] sps= 54,327  policy_loss=-0.0049  value_loss=3.8491  mi_loss=0.0003  mi_valid=0.84  div_loss=0.0080  kl_loss=0.0000 (disabled)  score=0.099  return=-6.922  role_std=0.3546  role_norm=0.6847  enc_delta ego=0.0105 partner=0.0163 road=0.0102
[ROMA step   40,108,032] sps= 54,667  policy_loss=-0.0003  value_loss=3.5613  mi_loss=0.0003  mi_valid=0.86  div_loss=0.0016  kl_loss=0.0000 (disabled)  score=0.098  return=-6.922  role_std=0.3585  role_norm=0.6886  enc_delta ego=0.0101 partner=0.0124 road=0.0077
[ROMA step   40,894,464] sps= 55,003  policy_loss=-0.0010  value_loss=3.5857  mi_loss=0.0003  mi_valid=0.86  div_loss=0.0012  kl_loss=0.0000 (disabled)  score=0.097  return=-6.930  role_std=0.3852  role_norm=0.7678  enc_delta ego=0.0057 partner=0.0077 road=0.0058
[ROMA step   41,680,896] sps= 55,329  policy_loss=-0.0071  value_loss=3.6224  mi_loss=0.0003  mi_valid=0.87  div_loss=0.0061  kl_loss=0.0000 (disabled)  score=0.096  return=-6.933  role_std=0.4059  role_norm=0.8828  enc_delta ego=0.0054 partner=0.0070 road=0.0050
[ROMA step   42,467,328] sps= 54,381  policy_loss=0.0004  value_loss=3.9329  mi_loss=0.0003  mi_valid=0.87  div_loss=0.0046  kl_loss=0.0000 (disabled)  score=0.096  return=-6.926  role_std=0.3297  role_norm=0.7431  enc_delta ego=0.0159 partner=0.0113 road=0.0092
[ROMA step   43,253,760] sps= 54,706  policy_loss=-0.0011  value_loss=3.7817  mi_loss=0.0003  mi_valid=0.87  div_loss=0.0190  kl_loss=0.0000 (disabled)  score=0.096  return=-6.896  role_std=0.3524  role_norm=0.6775  enc_delta ego=0.0086 partner=0.0083 road=0.0065
[ROMA step   44,040,192] sps= 55,024  policy_loss=0.0029  value_loss=3.2252  mi_loss=0.0003  mi_valid=0.86  div_loss=0.0015  kl_loss=0.0000 (disabled)  score=0.096  return=-6.870  role_std=0.3307  role_norm=0.6955  enc_delta ego=0.0110 partner=0.0160 road=0.0139
[ROMA step   44,826,624] sps= 53,750  policy_loss=0.0021  value_loss=3.3312  mi_loss=0.0003  mi_valid=0.83  div_loss=0.0037  kl_loss=0.0000 (disabled)  score=0.096  return=-6.846  role_std=0.3553  role_norm=0.6907  enc_delta ego=0.0084 partner=0.0104 road=0.0095
[ROMA step   45,613,056] sps= 54,074  policy_loss=-0.0018  value_loss=3.3312  mi_loss=0.0003  mi_valid=0.87  div_loss=0.0147  kl_loss=0.0000 (disabled)  score=0.097  return=-6.813  role_std=0.3333  role_norm=0.6955  enc_delta ego=0.0099 partner=0.0132 road=0.0100
[ROMA step   46,399,488] sps= 54,386  policy_loss=0.0039  value_loss=3.3032  mi_loss=0.0003  mi_valid=0.88  div_loss=0.0096  kl_loss=0.0000 (disabled)  score=0.098  return=-6.783  role_std=0.3927  role_norm=0.8675  enc_delta ego=0.0165 partner=0.0233 road=0.0206
[ROMA step   47,185,920] sps= 54,692  policy_loss=0.0038  value_loss=3.2356  mi_loss=0.0003  mi_valid=0.90  div_loss=0.0023  kl_loss=0.0000 (disabled)  score=0.098  return=-6.757  role_std=0.3390  role_norm=0.6822  enc_delta ego=0.0111 partner=0.0170 road=0.0135
[ROMA step   47,972,352] sps= 53,843  policy_loss=-0.0078  value_loss=3.5287  mi_loss=0.0003  mi_valid=0.83  div_loss=0.0153  kl_loss=0.0000 (disabled)  score=0.098  return=-6.729  role_std=0.3599  role_norm=0.6991  enc_delta ego=0.0073 partner=0.0089 road=0.0076
[ROMA step   48,758,784] sps= 54,135  policy_loss=-0.0033  value_loss=2.9717  mi_loss=0.0003  mi_valid=0.86  div_loss=0.0081  kl_loss=0.0000 (disabled)  score=0.097  return=-6.712  role_std=0.3349  role_norm=0.6438  enc_delta ego=0.0082 partner=0.0068 road=0.0068
[ROMA step   49,545,216] sps= 54,415  policy_loss=-0.0035  value_loss=2.9604  mi_loss=0.0002  mi_valid=0.86  div_loss=0.0055  kl_loss=0.0000 (disabled)  score=0.095  return=-6.697  role_std=0.3552  role_norm=0.7110  enc_delta ego=0.0062 partner=0.0063 road=0.0052
[ROMA step   50,331,648] sps= 53,619  policy_loss=0.0043  value_loss=3.3933  mi_loss=0.0003  mi_valid=0.85  div_loss=0.0067  kl_loss=0.0000 (disabled)  score=0.094  return=-6.680  role_std=0.4041  role_norm=0.9151  enc_delta ego=0.0076 partner=0.0084 road=0.0066
[ROMA step   51,118,080] sps= 53,906  policy_loss=0.0040  value_loss=3.0874  mi_loss=0.0002  mi_valid=0.90  div_loss=0.0148  kl_loss=0.0000 (disabled)  score=0.094  return=-6.658  role_std=0.3245  role_norm=0.6486  enc_delta ego=0.0161 partner=0.0243 road=0.0221
[ROMA step   51,904,512] sps= 54,187  policy_loss=0.0024  value_loss=3.3440  mi_loss=0.0002  mi_valid=0.86  div_loss=0.0049  kl_loss=0.0000 (disabled)  score=0.094  return=-6.625  role_std=0.3717  role_norm=0.7218  enc_delta ego=0.0091 partner=0.0100 road=0.0110
[ROMA step   52,690,944] sps= 54,463  policy_loss=-0.0047  value_loss=3.0426  mi_loss=0.0002  mi_valid=0.86  div_loss=0.0033  kl_loss=0.0000 (disabled)  score=0.094  return=-6.590  role_std=0.3642  role_norm=0.6966  enc_delta ego=0.0077 partner=0.0054 road=0.0068
[ROMA step   53,477,376] sps= 53,615  policy_loss=0.0079  value_loss=3.4470  mi_loss=0.0003  mi_valid=0.83  div_loss=0.0043  kl_loss=0.0000 (disabled)  score=0.094  return=-6.554  role_std=0.3766  role_norm=0.7732  enc_delta ego=0.0090 partner=0.0080 road=0.0087
[ROMA step   54,263,808] sps= 53,877  policy_loss=0.0042  value_loss=3.2578  mi_loss=0.0002  mi_valid=0.87  div_loss=0.0031  kl_loss=0.0000 (disabled)  score=0.095  return=-6.524  role_std=0.3851  role_norm=0.8302  enc_delta ego=0.0066 partner=0.0082 road=0.0073
[ROMA step   55,050,240] sps= 54,136  policy_loss=-0.0013  value_loss=3.2750  mi_loss=0.0002  mi_valid=0.90  div_loss=0.0034  kl_loss=0.0000 (disabled)  score=0.096  return=-6.487  role_std=0.3372  role_norm=0.6790  enc_delta ego=0.0053 partner=0.0069 road=0.0059
[ROMA step   55,836,672] sps= 54,386  policy_loss=-0.0021  value_loss=3.1432  mi_loss=0.0003  mi_valid=0.89  div_loss=0.0040  kl_loss=0.0000 (disabled)  score=0.096  return=-6.465  role_std=0.3576  role_norm=0.6987  enc_delta ego=0.0116 partner=0.0129 road=0.0129
[ROMA step   56,623,104] sps= 53,548  policy_loss=-0.0002  value_loss=3.3464  mi_loss=0.0003  mi_valid=0.83  div_loss=0.0036  kl_loss=0.0000 (disabled)  score=0.096  return=-6.440  role_std=0.3667  role_norm=0.7187  enc_delta ego=0.0114 partner=0.0117 road=0.0126
[ROMA step   57,409,536] sps= 53,791  policy_loss=-0.0038  value_loss=2.6608  mi_loss=0.0003  mi_valid=0.86  div_loss=0.0031  kl_loss=0.0000 (disabled)  score=0.095  return=-6.431  role_std=0.3434  role_norm=0.6669  enc_delta ego=0.0109 partner=0.0129 road=0.0152
[ROMA step   58,195,968] sps= 54,027  policy_loss=-0.0005  value_loss=2.7213  mi_loss=0.0003  mi_valid=0.86  div_loss=0.0229  kl_loss=0.0000 (disabled)  score=0.094  return=-6.425  role_std=0.3368  role_norm=0.6563  enc_delta ego=0.0097 partner=0.0152 road=0.0151
[ROMA step   58,982,400] sps= 53,310  policy_loss=0.0085  value_loss=3.5062  mi_loss=0.0003  mi_valid=0.87  div_loss=0.0078  kl_loss=0.0000 (disabled)  score=0.094  return=-6.408  role_std=0.3620  role_norm=0.7119  enc_delta ego=0.0087 partner=0.0086 road=0.0104
[ROMA step   59,768,832] sps= 53,557  policy_loss=-0.0004  value_loss=2.9443  mi_loss=0.0002  mi_valid=0.89  div_loss=0.0049  kl_loss=0.0000 (disabled)  score=0.095  return=-6.387  role_std=0.3198  role_norm=0.6975  enc_delta ego=0.0059 partner=0.0082 road=0.0069
[ROMA step   60,555,264] sps= 53,799  policy_loss=0.0024  value_loss=2.9809  mi_loss=0.0003  mi_valid=0.86  div_loss=0.0014  kl_loss=0.0000 (disabled)  score=0.096  return=-6.356  role_std=0.3036  role_norm=0.6153  enc_delta ego=0.0072 partner=0.0112 road=0.0088
[ROMA step   61,341,696] sps= 54,037  policy_loss=-0.0029  value_loss=2.5662  mi_loss=0.0002  mi_valid=0.86  div_loss=0.0067  kl_loss=0.0000 (disabled)  score=0.097  return=-6.325  role_std=0.2973  role_norm=0.5872  enc_delta ego=0.0086 partner=0.0104 road=0.0088
[ROMA step   62,128,128] sps= 53,258  policy_loss=-0.0055  value_loss=3.0895  mi_loss=0.0002  mi_valid=0.83  div_loss=0.0021  kl_loss=0.0000 (disabled)  score=0.098  return=-6.283  role_std=0.3506  role_norm=0.7459  enc_delta ego=0.0062 partner=0.0092 road=0.0058
[ROMA step   62,914,560] sps= 53,489  policy_loss=-0.0017  value_loss=2.8367  mi_loss=0.0002  mi_valid=0.86  div_loss=0.0057  kl_loss=0.0000 (disabled)  score=0.099  return=-6.240  role_std=0.3470  role_norm=0.7150  enc_delta ego=0.0105 partner=0.0142 road=0.0104
[ROMA step   63,700,992] sps= 53,719  policy_loss=-0.0065  value_loss=2.9961  mi_loss=0.0002  mi_valid=0.89  div_loss=0.0243  kl_loss=0.0000 (disabled)  score=0.099  return=-6.214  role_std=0.2888  role_norm=0.5992  enc_delta ego=0.0106 partner=0.0134 road=0.0103
[ROMA step   64,487,424] sps= 53,334  policy_loss=-0.0046  value_loss=3.2855  mi_loss=0.0002  mi_valid=0.85  div_loss=0.0016  kl_loss=0.0000 (disabled)  score=0.100  return=-6.180  role_std=0.3206  role_norm=0.6216  enc_delta ego=0.0064 partner=0.0072 road=0.0066
[ROMA step   65,273,856] sps= 53,557  policy_loss=0.0003  value_loss=2.6194  mi_loss=0.0002  mi_valid=0.86  div_loss=0.0018  kl_loss=0.0000 (disabled)  score=0.100  return=-6.161  role_std=0.2932  role_norm=0.5971  enc_delta ego=0.0102 partner=0.0128 road=0.0093
[ROMA step   66,060,288] sps= 53,771  policy_loss=-0.0003  value_loss=2.5120  mi_loss=0.0002  mi_valid=0.86  div_loss=0.0020  kl_loss=0.0000 (disabled)  score=0.101  return=-6.139  role_std=0.3178  role_norm=0.6357  enc_delta ego=0.0082 partner=0.0097 road=0.0091
[ROMA step   66,846,720] sps= 53,987  policy_loss=-0.0013  value_loss=2.4241  mi_loss=0.0002  mi_valid=0.86  div_loss=0.0024  kl_loss=0.0000 (disabled)  score=0.101  return=-6.114  role_std=0.3217  role_norm=0.6291  enc_delta ego=0.0081 partner=0.0086 road=0.0086
[ROMA step   67,633,152] sps= 53,605  policy_loss=-0.0004  value_loss=2.6713  mi_loss=0.0002  mi_valid=0.86  div_loss=0.0022  kl_loss=0.0000 (disabled)  score=0.101  return=-6.087  role_std=0.2850  role_norm=0.5704  enc_delta ego=0.0098 partner=0.0104 road=0.0111
[ROMA step   68,419,584] sps= 53,819  policy_loss=-0.0017  value_loss=2.3833  mi_loss=0.0002  mi_valid=0.88  div_loss=0.0008  kl_loss=0.0000 (disabled)  score=0.102  return=-6.043  role_std=0.2799  role_norm=0.5473  enc_delta ego=0.0079 partner=0.0080 road=0.0077
[ROMA step   69,206,016] sps= 54,028  policy_loss=0.0011  value_loss=2.5191  mi_loss=0.0002  mi_valid=0.86  div_loss=0.0005  kl_loss=0.0000 (disabled)  score=0.102  return=-5.995  role_std=0.2989  role_norm=0.5770  enc_delta ego=0.0062 partner=0.0046 road=0.0057
[ROMA step   69,992,448] sps= 53,693  policy_loss=-0.0002  value_loss=2.6924  mi_loss=0.0002  mi_valid=0.83  div_loss=0.0003  kl_loss=0.0000 (disabled)  score=0.103  return=-5.947  role_std=0.3342  role_norm=0.6503  enc_delta ego=0.0074 partner=0.0067 road=0.0072
[ROMA step   70,778,880] sps= 53,900  policy_loss=-0.0021  value_loss=2.3087  mi_loss=0.0002  mi_valid=0.86  div_loss=0.0028  kl_loss=0.0000 (disabled)  score=0.103  return=-5.928  role_std=0.3351  role_norm=0.6861  enc_delta ego=0.0064 partner=0.0070 road=0.0073
[ROMA step   71,565,312] sps= 54,103  policy_loss=-0.0004  value_loss=2.2753  mi_loss=0.0002  mi_valid=0.87  div_loss=0.0014  kl_loss=0.0000 (disabled)  score=0.102  return=-5.903  role_std=0.3696  role_norm=0.8239  enc_delta ego=0.0067 partner=0.0065 road=0.0074
[ROMA step   72,351,744] sps= 54,297  policy_loss=-0.0083  value_loss=2.2404  mi_loss=0.0002  mi_valid=0.89  div_loss=0.0020  kl_loss=0.0000 (disabled)  score=0.102  return=-5.888  role_std=0.2961  role_norm=0.6024  enc_delta ego=0.0073 partner=0.0074 road=0.0081
[ROMA step   73,138,176] sps= 53,929  policy_loss=0.0018  value_loss=2.6704  mi_loss=0.0002  mi_valid=0.83  div_loss=0.0052  kl_loss=0.0000 (disabled)  score=0.103  return=-5.856  role_std=0.3202  role_norm=0.6103  enc_delta ego=0.0093 partner=0.0148 road=0.0112
[ROMA step   73,924,608] sps= 54,126  policy_loss=-0.0054  value_loss=2.2169  mi_loss=0.0002  mi_valid=0.86  div_loss=0.0136  kl_loss=0.0000 (disabled)  score=0.105  return=-5.812  role_std=0.3035  role_norm=0.5770  enc_delta ego=0.0090 partner=0.0107 road=0.0080
[ROMA step   74,711,040] sps= 54,320  policy_loss=-0.0027  value_loss=2.1531  mi_loss=0.0002  mi_valid=0.86  div_loss=0.0094  kl_loss=0.0000 (disabled)  score=0.106  return=-5.768  role_std=0.3291  role_norm=0.6465  enc_delta ego=0.0059 partner=0.0074 road=0.0072
[ROMA step   75,497,472] sps= 54,078  policy_loss=-0.0062  value_loss=2.4317  mi_loss=0.0002  mi_valid=0.84  div_loss=0.0026  kl_loss=0.0000 (disabled)  score=0.107  return=-5.727  role_std=0.3643  role_norm=0.7955  enc_delta ego=0.0101 partner=0.0199 road=0.0107
[ROMA step   76,283,904] sps= 54,274  policy_loss=-0.0005  value_loss=1.9459  mi_loss=0.0002  mi_valid=0.89  div_loss=0.0006  kl_loss=0.0000 (disabled)  score=0.107  return=-5.702  role_std=0.2764  role_norm=0.5638  enc_delta ego=0.0096 partner=0.0137 road=0.0161
[ROMA step   77,070,336] sps= 54,468  policy_loss=-0.0039  value_loss=1.9585  mi_loss=0.0002  mi_valid=0.86  div_loss=0.0016  kl_loss=0.0000 (disabled)  score=0.107  return=-5.663  role_std=0.2771  role_norm=0.5450  enc_delta ego=0.0073 partner=0.0105 road=0.0141
[ROMA step   77,856,768] sps= 54,659  policy_loss=0.0024  value_loss=1.8876  mi_loss=0.0002  mi_valid=0.86  div_loss=0.0022  kl_loss=0.0000 (disabled)  score=0.107  return=-5.623  role_std=0.2681  role_norm=0.5147  enc_delta ego=0.0064 partner=0.0112 road=0.0115
[ROMA step   78,643,200] sps= 54,406  policy_loss=0.0017  value_loss=2.0008  mi_loss=0.0002  mi_valid=0.83  div_loss=0.0050  kl_loss=0.0000 (disabled)  score=0.107  return=-5.579  role_std=0.2900  role_norm=0.5540  enc_delta ego=0.0094 partner=0.0102 road=0.0103
[ROMA step   79,429,632] sps= 54,594  policy_loss=-0.0065  value_loss=1.6000  mi_loss=0.0002  mi_valid=0.86  div_loss=0.0000  kl_loss=0.0000 (disabled)  score=0.108  return=-5.541  role_std=0.2780  role_norm=0.5261  enc_delta ego=0.0120 partner=0.0117 road=0.0120
[ROMA step   80,216,064] sps= 54,779  policy_loss=-0.0010  value_loss=1.6883  mi_loss=0.0002  mi_valid=0.89  div_loss=0.0012  kl_loss=0.0000 (disabled)  score=0.109  return=-5.499  role_std=0.2792  role_norm=0.6216  enc_delta ego=0.0085 partner=0.0103 road=0.0123
[ROMA step   81,002,496] sps= 54,961  policy_loss=-0.0032  value_loss=1.7500  mi_loss=0.0002  mi_valid=0.89  div_loss=0.0048  kl_loss=0.0000 (disabled)  score=0.109  return=-5.470  role_std=0.2607  role_norm=0.5304  enc_delta ego=0.0116 partner=0.0127 road=0.0160
[ROMA step   81,788,928] sps= 54,741  policy_loss=-0.0060  value_loss=2.0354  mi_loss=0.0002  mi_valid=0.83  div_loss=0.0021  kl_loss=0.0000 (disabled)  score=0.110  return=-5.430  role_std=0.2579  role_norm=0.4869  enc_delta ego=0.0064 partner=0.0078 road=0.0085
[ROMA step   82,575,360] sps= 54,921  policy_loss=-0.0034  value_loss=1.7598  mi_loss=0.0002  mi_valid=0.86  div_loss=0.0007  kl_loss=0.0000 (disabled)  score=0.111  return=-5.382  role_std=0.2768  role_norm=0.5291  enc_delta ego=0.0068 partner=0.0062 road=0.0056
[ROMA step   83,361,792] sps= 55,097  policy_loss=-0.0012  value_loss=1.7978  mi_loss=0.0002  mi_valid=0.86  div_loss=0.0027  kl_loss=0.0000 (disabled)  score=0.112  return=-5.339  role_std=0.3062  role_norm=0.6099  enc_delta ego=0.0060 partner=0.0070 road=0.0057
[ROMA step   84,148,224] sps= 54,828  policy_loss=0.0003  value_loss=1.9924  mi_loss=0.0002  mi_valid=0.85  div_loss=0.0005  kl_loss=0.0000 (disabled)  score=0.113  return=-5.289  role_std=0.3108  role_norm=0.7232  enc_delta ego=0.0081 partner=0.0066 road=0.0064
[ROMA step   84,934,656] sps= 55,004  policy_loss=-0.0018  value_loss=1.6439  mi_loss=0.0002  mi_valid=0.89  div_loss=0.0016  kl_loss=0.0000 (disabled)  score=0.114  return=-5.252  role_std=0.2383  role_norm=0.4939  enc_delta ego=0.0080 partner=0.0107 road=0.0114
[ROMA step   85,721,088] sps= 55,176  policy_loss=-0.0020  value_loss=1.7509  mi_loss=0.0002  mi_valid=0.86  div_loss=0.0064  kl_loss=0.0000 (disabled)  score=0.116  return=-5.196  role_std=0.2478  role_norm=0.4861  enc_delta ego=0.0175 partner=0.0136 road=0.0136
[ROMA step   86,507,520] sps= 55,346  policy_loss=0.0007  value_loss=1.7463  mi_loss=0.0002  mi_valid=0.86  div_loss=0.0010  kl_loss=0.0000 (disabled)  score=0.119  return=-5.143  role_std=0.2546  role_norm=0.4803  enc_delta ego=0.0094 partner=0.0074 road=0.0080
[ROMA step   87,293,952] sps= 55,145  policy_loss=0.0039  value_loss=1.8586  mi_loss=0.0002  mi_valid=0.83  div_loss=0.0033  kl_loss=0.0000 (disabled)  score=0.119  return=-5.094  role_std=0.2923  role_norm=0.5503  enc_delta ego=0.0083 partner=0.0066 road=0.0093
[ROMA step   88,080,384] sps= 55,312  policy_loss=-0.0019  value_loss=1.6442  mi_loss=0.0002  mi_valid=0.86  div_loss=0.0013  kl_loss=0.0000 (disabled)  score=0.118  return=-5.048  role_std=0.2913  role_norm=0.5922  enc_delta ego=0.0089 partner=0.0080 road=0.0090
[ROMA step   88,866,816] sps= 55,473  policy_loss=-0.0030  value_loss=1.8387  mi_loss=0.0002  mi_valid=0.89  div_loss=0.0202  kl_loss=0.0000 (disabled)  score=0.118  return=-5.015  role_std=0.2327  role_norm=0.4661  enc_delta ego=0.0062 partner=0.0047 road=0.0050
[ROMA step   89,653,248] sps= 55,253  policy_loss=-0.0021  value_loss=1.9565  mi_loss=0.0002  mi_valid=0.85  div_loss=0.0317  kl_loss=0.0000 (disabled)  score=0.117  return=-4.975  role_std=0.2191  role_norm=0.4404  enc_delta ego=0.0116 partner=0.0095 road=0.0093
[ROMA step   90,439,680] sps= 55,410  policy_loss=0.0029  value_loss=1.5588  mi_loss=0.0002  mi_valid=0.86  div_loss=0.0019  kl_loss=0.0000 (disabled)  score=0.117  return=-4.925  role_std=0.2244  role_norm=0.4116  enc_delta ego=0.0100 partner=0.0109 road=0.0106
[ROMA step   91,226,112] sps= 55,567  policy_loss=-0.0057  value_loss=1.4730  mi_loss=0.0002  mi_valid=0.86  div_loss=0.0029  kl_loss=0.0000 (disabled)  score=0.118  return=-4.872  role_std=0.2476  role_norm=0.4604  enc_delta ego=0.0080 partner=0.0085 road=0.0081
[ROMA step   92,012,544] sps= 55,723  policy_loss=-0.0002  value_loss=1.5332  mi_loss=0.0002  mi_valid=0.86  div_loss=0.0024  kl_loss=0.0000 (disabled)  score=0.119  return=-4.820  role_std=0.2705  role_norm=0.5290  enc_delta ego=0.0092 partner=0.0082 road=0.0076
[ROMA step   92,798,976] sps= 55,511  policy_loss=0.0059  value_loss=1.8364  mi_loss=0.0002  mi_valid=0.86  div_loss=0.0180  kl_loss=0.0000 (disabled)  score=0.119  return=-4.793  role_std=0.2385  role_norm=0.4821  enc_delta ego=0.0087 partner=0.0070 road=0.0075
[ROMA step   93,585,408] sps= 55,667  policy_loss=0.0004  value_loss=1.6878  mi_loss=0.0002  mi_valid=0.88  div_loss=0.0154  kl_loss=0.0000 (disabled)  score=0.120  return=-4.749  role_std=0.2411  role_norm=0.4608  enc_delta ego=0.0084 partner=0.0082 road=0.0077
[ROMA step   94,371,840] sps= 55,820  policy_loss=-0.0016  value_loss=1.8716  mi_loss=0.0002  mi_valid=0.86  div_loss=0.0137  kl_loss=0.0000 (disabled)  score=0.121  return=-4.715  role_std=0.2591  role_norm=0.4862  enc_delta ego=0.0060 partner=0.0060 road=0.0062
[ROMA step   95,158,272] sps= 55,626  policy_loss=0.0005  value_loss=1.9542  mi_loss=0.0002  mi_valid=0.83  div_loss=0.0006  kl_loss=0.0000 (disabled)  score=0.121  return=-4.686  role_std=0.2931  role_norm=0.5471  enc_delta ego=0.0088 partner=0.0071 road=0.0075
[ROMA step   95,944,704] sps= 55,775  policy_loss=-0.0044  value_loss=1.5848  mi_loss=0.0002  mi_valid=0.86  div_loss=0.0110  kl_loss=0.0000 (disabled)  score=0.120  return=-4.663  role_std=0.3078  role_norm=0.5849  enc_delta ego=0.0079 partner=0.0091 road=0.0091
[ROMA step   96,731,136] sps= 55,920  policy_loss=-0.0044  value_loss=1.6499  mi_loss=0.0002  mi_valid=0.86  div_loss=0.0067  kl_loss=0.0000 (disabled)  score=0.120  return=-4.639  role_std=0.3292  role_norm=0.7559  enc_delta ego=0.0050 partner=0.0044 road=0.0054
[ROMA step   97,517,568] sps= 56,067  policy_loss=-0.0053  value_loss=1.6617  mi_loss=0.0002  mi_valid=0.89  div_loss=0.0051  kl_loss=0.0000 (disabled)  score=0.120  return=-4.623  role_std=0.2530  role_norm=0.5101  enc_delta ego=0.0061 partner=0.0051 road=0.0056
[ROMA step   98,304,000] sps= 55,888  policy_loss=-0.0005  value_loss=1.8741  mi_loss=0.0002  mi_valid=0.84  div_loss=0.0067  kl_loss=0.0000 (disabled)  score=0.119  return=-4.596  role_std=0.2485  role_norm=0.4682  enc_delta ego=0.0050 partner=0.0063 road=0.0051
[ROMA step   99,090,432] sps= 56,038  policy_loss=0.0018  value_loss=1.5528  mi_loss=0.0002  mi_valid=0.86  div_loss=0.0026  kl_loss=0.0000 (disabled)  score=0.119  return=-4.563  role_std=0.2706  role_norm=0.5051  enc_delta ego=0.0100 partner=0.0105 road=0.0099
[ROMA step   99,876,864] sps= 56,184  policy_loss=-0.0014  value_loss=1.4135  mi_loss=0.0002  mi_valid=0.86  div_loss=0.0005  kl_loss=0.0000 (disabled)  score=0.119  return=-4.535  role_std=0.2871  role_norm=0.5451  enc_delta ego=0.0097 partner=0.0092 road=0.0090
[ROMA step  100,663,296] sps= 56,033  policy_loss=0.0046  value_loss=1.5745  mi_loss=0.0002  mi_valid=0.83  div_loss=0.0055  kl_loss=0.0000 (disabled)  score=0.119  return=-4.509  role_std=0.3295  role_norm=0.6854  enc_delta ego=0.0083 partner=0.0061 road=0.0065
[ROMA step  101,449,728] sps= 56,180  policy_loss=0.0033  value_loss=1.3062  mi_loss=0.0002  mi_valid=0.89  div_loss=0.0279  kl_loss=0.0000 (disabled)  score=0.120  return=-4.479  role_std=0.2315  role_norm=0.4577  enc_delta ego=0.0130 partner=0.0131 road=0.0118
[ROMA step  102,236,160] sps= 56,323  policy_loss=0.0009  value_loss=1.3546  mi_loss=0.0002  mi_valid=0.86  div_loss=0.0007  kl_loss=0.0000 (disabled)  score=0.122  return=-4.435  role_std=0.2458  role_norm=0.4585  enc_delta ego=0.0064 partner=0.0070 road=0.0067
[ROMA step  103,022,592] sps= 56,466  policy_loss=-0.0009  value_loss=1.3291  mi_loss=0.0002  mi_valid=0.86  div_loss=0.0063  kl_loss=0.0000 (disabled)  score=0.123  return=-4.391  role_std=0.2662  role_norm=0.5065  enc_delta ego=0.0051 partner=0.0060 road=0.0056
[ROMA step  103,809,024] sps= 56,310  policy_loss=-0.0006  value_loss=1.6144  mi_loss=0.0002  mi_valid=0.83  div_loss=0.0237  kl_loss=0.0000 (disabled)  score=0.125  return=-4.350  role_std=0.2905  role_norm=0.5810  enc_delta ego=0.0072 partner=0.0085 road=0.0074
[ROMA step  104,595,456] sps= 56,450  policy_loss=0.0040  value_loss=1.1984  mi_loss=0.0002  mi_valid=0.86  div_loss=0.0112  kl_loss=0.0000 (disabled)  score=0.128  return=-4.318  role_std=0.3048  role_norm=0.6258  enc_delta ego=0.0062 partner=0.0056 road=0.0066
[ROMA step  105,381,888] sps= 56,588  policy_loss=-0.0085  value_loss=1.1641  mi_loss=0.0002  mi_valid=0.87  div_loss=0.0048  kl_loss=0.0000 (disabled)  score=0.130  return=-4.286  role_std=0.3265  role_norm=0.7109  enc_delta ego=0.0106 partner=0.0104 road=0.0117
[ROMA step  106,168,320] sps= 56,724  policy_loss=-0.0008  value_loss=1.2706  mi_loss=0.0002  mi_valid=0.89  div_loss=0.0005  kl_loss=0.0000 (disabled)  score=0.131  return=-4.265  role_std=0.2446  role_norm=0.4853  enc_delta ego=0.0117 partner=0.0126 road=0.0124
[ROMA step  106,954,752] sps= 56,534  policy_loss=-0.0022  value_loss=1.5385  mi_loss=0.0002  mi_valid=0.82  div_loss=0.0191  kl_loss=0.0000 (disabled)  score=0.133  return=-4.233  role_std=0.2554  role_norm=0.4792  enc_delta ego=0.0092 partner=0.0078 road=0.0082
[ROMA step  107,741,184] sps= 56,668  policy_loss=0.0037  value_loss=1.2362  mi_loss=0.0002  mi_valid=0.85  div_loss=0.0268  kl_loss=0.0000 (disabled)  score=0.134  return=-4.203  role_std=0.2621  role_norm=0.4865  enc_delta ego=0.0054 partner=0.0053 road=0.0055
[ROMA step  108,527,616] sps= 56,798  policy_loss=0.0094  value_loss=1.2784  mi_loss=0.0002  mi_valid=0.86  div_loss=0.0180  kl_loss=0.0000 (disabled)  score=0.135  return=-4.180  role_std=0.2941  role_norm=0.5804  enc_delta ego=0.0039 partner=0.0055 road=0.0050
[ROMA step  109,314,048] sps= 56,661  policy_loss=-0.0004  value_loss=1.4031  mi_loss=0.0002  mi_valid=0.84  div_loss=0.0109  kl_loss=0.0000 (disabled)  score=0.137  return=-4.154  role_std=0.3442  role_norm=0.7551  enc_delta ego=0.0046 partner=0.0056 road=0.0057
[ROMA step  110,100,480] sps= 56,796  policy_loss=0.0003  value_loss=1.3317  mi_loss=0.0002  mi_valid=0.89  div_loss=0.0036  kl_loss=0.0000 (disabled)  score=0.137  return=-4.138  role_std=0.2581  role_norm=0.4836  enc_delta ego=0.0092 partner=0.0089 road=0.0092
[ROMA step  110,886,912] sps= 56,923  policy_loss=-0.0033  value_loss=1.2548  mi_loss=0.0002  mi_valid=0.85  div_loss=0.0019  kl_loss=0.0000 (disabled)  score=0.139  return=-4.117  role_std=0.2570  role_norm=0.5169  enc_delta ego=0.0072 partner=0.0071 road=0.0085
[ROMA step  111,673,344] sps= 57,053  policy_loss=0.0028  value_loss=1.2358  mi_loss=0.0002  mi_valid=0.86  div_loss=0.0009  kl_loss=0.0000 (disabled)  score=0.140  return=-4.087  role_std=0.2689  role_norm=0.4979  enc_delta ego=0.0073 partner=0.0062 road=0.0069
[ROMA step  112,459,776] sps= 56,911  policy_loss=0.0016  value_loss=1.3080  mi_loss=0.0002  mi_valid=0.83  div_loss=0.0012  kl_loss=0.0000 (disabled)  score=0.140  return=-4.062  role_std=0.3252  role_norm=0.6227  enc_delta ego=0.0109 partner=0.0117 road=0.0116
[ROMA step  113,246,208] sps= 57,039  policy_loss=0.0067  value_loss=1.1037  mi_loss=0.0002  mi_valid=0.86  div_loss=0.0076  kl_loss=0.0000 (disabled)  score=0.140  return=-4.035  role_std=0.3305  role_norm=0.6730  enc_delta ego=0.0110 partner=0.0098 road=0.0115
[ROMA step  114,032,640] sps= 57,166  policy_loss=-0.0006  value_loss=1.1568  mi_loss=0.0002  mi_valid=0.89  div_loss=0.0052  kl_loss=0.0000 (disabled)  score=0.141  return=-4.010  role_std=0.2525  role_norm=0.5125  enc_delta ego=0.0066 partner=0.0056 road=0.0071
[ROMA step  114,819,072] sps= 57,035  policy_loss=0.0001  value_loss=1.3289  mi_loss=0.0002  mi_valid=0.86  div_loss=0.0067  kl_loss=0.0000 (disabled)  score=0.141  return=-3.993  role_std=0.2588  role_norm=0.4974  enc_delta ego=0.0073 partner=0.0069 road=0.0071
[ROMA step  115,605,504] sps= 57,160  policy_loss=0.0047  value_loss=1.1761  mi_loss=0.0002  mi_valid=0.86  div_loss=0.0036  kl_loss=0.0000 (disabled)  score=0.143  return=-3.964  role_std=0.2791  role_norm=0.5191  enc_delta ego=0.0109 partner=0.0101 road=0.0114
[ROMA step  116,391,936] sps= 57,282  policy_loss=0.0041  value_loss=1.1834  mi_loss=0.0002  mi_valid=0.86  div_loss=0.0047  kl_loss=0.0000 (disabled)  score=0.145  return=-3.938  role_std=0.2830  role_norm=0.5193  enc_delta ego=0.0129 partner=0.0105 road=0.0108
[ROMA step  117,178,368] sps= 57,399  policy_loss=-0.0040  value_loss=1.1542  mi_loss=0.0002  mi_valid=0.86  div_loss=0.0009  kl_loss=0.0000 (disabled)  score=0.148  return=-3.904  role_std=0.2970  role_norm=0.5767  enc_delta ego=0.0084 partner=0.0079 road=0.0092
[ROMA step  117,964,800] sps= 57,280  policy_loss=0.0041  value_loss=1.3540  mi_loss=0.0002  mi_valid=0.86  div_loss=0.0008  kl_loss=0.0000 (disabled)  score=0.148  return=-3.884  role_std=0.2421  role_norm=0.4928  enc_delta ego=0.0087 partner=0.0068 road=0.0069
[ROMA step  118,751,232] sps= 57,390  policy_loss=-0.0045  value_loss=1.0998  mi_loss=0.0002  mi_valid=0.89  div_loss=0.0052  kl_loss=0.0000 (disabled)  score=0.148  return=-3.871  role_std=0.2289  role_norm=0.4474  enc_delta ego=0.0070 partner=0.0076 road=0.0086
[ROMA step  119,537,664] sps= 57,503  policy_loss=-0.0006  value_loss=1.1390  mi_loss=0.0002  mi_valid=0.86  div_loss=0.0048  kl_loss=0.0000 (disabled)  score=0.148  return=-3.854  role_std=0.2399  role_norm=0.4685  enc_delta ego=0.0086 partner=0.0077 road=0.0074
[ROMA step  120,324,096] sps= 57,370  policy_loss=-0.0050  value_loss=1.1854  mi_loss=0.0002  mi_valid=0.82  div_loss=0.0090  kl_loss=0.0000 (disabled)  score=0.147  return=-3.835  role_std=0.2519  role_norm=0.4570  enc_delta ego=0.0106 partner=0.0106 road=0.0101
[ROMA step  121,110,528] sps= 57,484  policy_loss=0.0016  value_loss=1.1627  mi_loss=0.0002  mi_valid=0.85  div_loss=0.0113  kl_loss=0.0000 (disabled)  score=0.149  return=-3.787  role_std=0.2830  role_norm=0.5553  enc_delta ego=0.0105 partner=0.0106 road=0.0102
[ROMA step  121,896,960] sps= 57,596  policy_loss=-0.0019  value_loss=1.0901  mi_loss=0.0002  mi_valid=0.85  div_loss=0.0047  kl_loss=0.0000 (disabled)  score=0.152  return=-3.737  role_std=0.3324  role_norm=0.6778  enc_delta ego=0.0102 partner=0.0106 road=0.0103
[ROMA step  122,683,392] sps= 57,710  policy_loss=-0.0036  value_loss=1.0341  mi_loss=0.0002  mi_valid=0.88  div_loss=0.0004  kl_loss=0.0000 (disabled)  score=0.154  return=-3.707  role_std=0.2530  role_norm=0.5219  enc_delta ego=0.0135 partner=0.0122 road=0.0126
[ROMA step  123,469,824] sps= 57,614  policy_loss=-0.0033  value_loss=1.1073  mi_loss=0.0002  mi_valid=0.83  div_loss=0.0011  kl_loss=0.0000 (disabled)  score=0.157  return=-3.654  role_std=0.2472  role_norm=0.4931  enc_delta ego=0.0068 partner=0.0080 road=0.0055
[ROMA step  124,256,256] sps= 57,722  policy_loss=0.0000  value_loss=0.9708  mi_loss=0.0002  mi_valid=0.85  div_loss=0.0013  kl_loss=0.0000 (disabled)  score=0.160  return=-3.599  role_std=0.2563  role_norm=0.4617  enc_delta ego=0.0088 partner=0.0115 road=0.0082
[ROMA step  125,042,688] sps= 57,830  policy_loss=-0.0004  value_loss=0.9642  mi_loss=0.0002  mi_valid=0.85  div_loss=0.0057  kl_loss=0.0000 (disabled)  score=0.163  return=-3.545  role_std=0.2616  role_norm=0.4713  enc_delta ego=0.0075 partner=0.0080 road=0.0077
[ROMA step  125,829,120] sps= 57,747  policy_loss=-0.0029  value_loss=0.9635  mi_loss=0.0002  mi_valid=0.82  div_loss=0.0003  kl_loss=0.0000 (disabled)  score=0.166  return=-3.491  role_std=0.2949  role_norm=0.5642  enc_delta ego=0.0119 partner=0.0140 road=0.0106
[ROMA step  126,615,552] sps= 57,853  policy_loss=0.0013  value_loss=1.1626  mi_loss=0.0002  mi_valid=0.88  div_loss=0.0242  kl_loss=0.0000 (disabled)  score=0.169  return=-3.456  role_std=0.2475  role_norm=0.4624  enc_delta ego=0.0090 partner=0.0108 road=0.0086
[ROMA step  127,401,984] sps= 57,959  policy_loss=-0.0011  value_loss=1.1905  mi_loss=0.0002  mi_valid=0.86  div_loss=0.0028  kl_loss=0.0000 (disabled)  score=0.173  return=-3.403  role_std=0.2782  role_norm=0.5119  enc_delta ego=0.0072 partner=0.0082 road=0.0073
[ROMA step  128,188,416] sps= 58,066  policy_loss=-0.0032  value_loss=1.1385  mi_loss=0.0002  mi_valid=0.84  div_loss=0.0006  kl_loss=0.0000 (disabled)  score=0.177  return=-3.352  role_std=0.2761  role_norm=0.5171  enc_delta ego=0.0112 partner=0.0123 road=0.0095
[ROMA step  128,974,848] sps= 57,954  policy_loss=-0.0044  value_loss=1.0927  mi_loss=0.0002  mi_valid=0.82  div_loss=0.0059  kl_loss=0.0000 (disabled)  score=0.181  return=-3.311  role_std=0.3036  role_norm=0.5633  enc_delta ego=0.0062 partner=0.0064 road=0.0061
[ROMA step  129,761,280] sps= 58,057  policy_loss=0.0031  value_loss=0.9625  mi_loss=0.0002  mi_valid=0.85  div_loss=0.0022  kl_loss=0.0000 (disabled)  score=0.182  return=-3.292  role_std=0.3220  role_norm=0.6578  enc_delta ego=0.0089 partner=0.0103 road=0.0099
[ROMA step  130,547,712] sps= 58,161  policy_loss=-0.0005  value_loss=0.9326  mi_loss=0.0002  mi_valid=0.86  div_loss=0.0003  kl_loss=0.0000 (disabled)  score=0.182  return=-3.269  role_std=0.3327  role_norm=0.6718  enc_delta ego=0.0120 partner=0.0124 road=0.0116
[ROMA step  131,334,144] sps= 58,258  policy_loss=0.0002  value_loss=0.9833  mi_loss=0.0002  mi_valid=0.88  div_loss=0.0039  kl_loss=0.0000 (disabled)  score=0.183  return=-3.254  role_std=0.2486  role_norm=0.4872  enc_delta ego=0.0130 partner=0.0113 road=0.0096
[ROMA step  132,120,576] sps= 58,162  policy_loss=-0.0088  value_loss=1.0927  mi_loss=0.0002  mi_valid=0.81  div_loss=0.0046  kl_loss=0.0000 (disabled)  score=0.184  return=-3.221  role_std=0.2520  role_norm=0.4618  enc_delta ego=0.0063 partner=0.0065 road=0.0049
[ROMA step  132,907,008] sps= 58,264  policy_loss=-0.0062  value_loss=0.9096  mi_loss=0.0002  mi_valid=0.85  div_loss=0.0030  kl_loss=0.0000 (disabled)  score=0.186  return=-3.188  role_std=0.2595  role_norm=0.4679  enc_delta ego=0.0129 partner=0.0130 road=0.0117
[ROMA step  133,693,440] sps= 58,358  policy_loss=0.0003  value_loss=0.8704  mi_loss=0.0002  mi_valid=0.85  div_loss=0.0004  kl_loss=0.0000 (disabled)  score=0.188  return=-3.156  role_std=0.2927  role_norm=0.5305  enc_delta ego=0.0111 partner=0.0102 road=0.0083
[ROMA step  134,479,872] sps= 58,251  policy_loss=-0.0046  value_loss=0.9533  mi_loss=0.0002  mi_valid=0.82  div_loss=0.0013  kl_loss=0.0000 (disabled)  score=0.190  return=-3.120  role_std=0.3245  role_norm=0.6664  enc_delta ego=0.0109 partner=0.0083 road=0.0084
[ROMA step  135,266,304] sps= 58,341  policy_loss=0.0001  value_loss=0.9483  mi_loss=0.0002  mi_valid=0.88  div_loss=0.0103  kl_loss=0.0000 (disabled)  score=0.191  return=-3.096  role_std=0.2511  role_norm=0.4780  enc_delta ego=0.0082 partner=0.0119 road=0.0087
[ROMA step  136,052,736] sps= 58,434  policy_loss=0.0082  value_loss=1.0022  mi_loss=0.0002  mi_valid=0.84  div_loss=0.0089  kl_loss=0.0000 (disabled)  score=0.194  return=-3.059  role_std=0.2481  role_norm=0.4614  enc_delta ego=0.0051 partner=0.0054 road=0.0048
[ROMA step  136,839,168] sps= 58,525  policy_loss=-0.0011  value_loss=0.9435  mi_loss=0.0001  mi_valid=0.84  div_loss=0.0070  kl_loss=0.0000 (disabled)  score=0.197  return=-3.016  role_std=0.2624  role_norm=0.4779  enc_delta ego=0.0043 partner=0.0043 road=0.0047
[ROMA step  137,625,600] sps= 58,378  policy_loss=-0.0001  value_loss=0.9253  mi_loss=0.0001  mi_valid=0.81  div_loss=0.0148  kl_loss=0.0000 (disabled)  score=0.200  return=-2.973  role_std=0.2950  role_norm=0.5410  enc_delta ego=0.0055 partner=0.0073 road=0.0056
[ROMA step  138,412,032] sps= 58,468  policy_loss=-0.0027  value_loss=0.8278  mi_loss=0.0001  mi_valid=0.85  div_loss=0.0059  kl_loss=0.0000 (disabled)  score=0.202  return=-2.926  role_std=0.3079  role_norm=0.6050  enc_delta ego=0.0079 partner=0.0078 road=0.0071
[ROMA step  139,198,464] sps= 58,560  policy_loss=-0.0024  value_loss=0.8494  mi_loss=0.0002  mi_valid=0.87  div_loss=0.0012  kl_loss=0.0000 (disabled)  score=0.204  return=-2.888  role_std=0.3070  role_norm=0.6098  enc_delta ego=0.0077 partner=0.0095 road=0.0078
[ROMA step  139,984,896] sps= 58,457  policy_loss=-0.0034  value_loss=1.0456  mi_loss=0.0002  mi_valid=0.84  div_loss=0.0062  kl_loss=0.0000 (disabled)  score=0.206  return=-2.859  role_std=0.2560  role_norm=0.4611  enc_delta ego=0.0117 partner=0.0101 road=0.0090
[ROMA step  140,771,328] sps= 58,548  policy_loss=0.0004  value_loss=0.9900  mi_loss=0.0002  mi_valid=0.84  div_loss=0.0002  kl_loss=0.0000 (disabled)  score=0.209  return=-2.823  role_std=0.2553  role_norm=0.4553  enc_delta ego=0.0117 partner=0.0108 road=0.0103
[ROMA step  141,557,760] sps= 58,639  policy_loss=0.0000  value_loss=1.0061  mi_loss=0.0002  mi_valid=0.84  div_loss=0.0122  kl_loss=0.0000 (disabled)  score=0.212  return=-2.790  role_std=0.3025  role_norm=0.5324  enc_delta ego=0.0051 partner=0.0060 road=0.0052
[ROMA step  142,344,192] sps= 58,728  policy_loss=-0.0011  value_loss=0.9344  mi_loss=0.0002  mi_valid=0.84  div_loss=0.0083  kl_loss=0.0000 (disabled)  score=0.216  return=-2.757  role_std=0.3372  role_norm=0.6521  enc_delta ego=0.0055 partner=0.0060 road=0.0050
[ROMA step  143,130,624] sps= 58,634  policy_loss=0.0028  value_loss=1.0374  mi_loss=0.0002  mi_valid=0.83  div_loss=0.0133  kl_loss=0.0000 (disabled)  score=0.219  return=-2.719  role_std=0.3500  role_norm=0.7222  enc_delta ego=0.0121 partner=0.0119 road=0.0097
[ROMA step  143,917,056] sps= 58,721  policy_loss=0.0076  value_loss=1.0254  mi_loss=0.0002  mi_valid=0.87  div_loss=0.0080  kl_loss=0.0000 (disabled)  score=0.221  return=-2.690  role_std=0.2615  role_norm=0.4738  enc_delta ego=0.0101 partner=0.0110 road=0.0099
[ROMA step  144,703,488] sps= 58,806  policy_loss=-0.0012  value_loss=0.8901  mi_loss=0.0002  mi_valid=0.84  div_loss=0.0006  kl_loss=0.0000 (disabled)  score=0.225  return=-2.648  role_std=0.2466  role_norm=0.4587  enc_delta ego=0.0122 partner=0.0118 road=0.0108
[ROMA step  145,489,920] sps= 58,692  policy_loss=-0.0005  value_loss=1.0266  mi_loss=0.0002  mi_valid=0.81  div_loss=0.0258  kl_loss=0.0000 (disabled)  score=0.229  return=-2.608  role_std=0.2666  role_norm=0.4678  enc_delta ego=0.0073 partner=0.0071 road=0.0066
[ROMA step  146,276,352] sps= 58,779  policy_loss=0.0003  value_loss=0.8657  mi_loss=0.0002  mi_valid=0.84  div_loss=0.0392  kl_loss=0.0000 (disabled)  score=0.233  return=-2.572  role_std=0.2821  role_norm=0.5045  enc_delta ego=0.0044 partner=0.0051 road=0.0037
[ROMA step  147,062,784] sps= 58,865  policy_loss=-0.0095  value_loss=0.8121  mi_loss=0.0002  mi_valid=0.84  div_loss=0.0031  kl_loss=0.0000 (disabled)  score=0.237  return=-2.543  role_std=0.3033  role_norm=0.5315  enc_delta ego=0.0045 partner=0.0065 road=0.0050
[ROMA step  147,849,216] sps= 58,951  policy_loss=0.0043  value_loss=0.9779  mi_loss=0.0002  mi_valid=0.87  div_loss=0.0388  kl_loss=0.0000 (disabled)  score=0.239  return=-2.521  role_std=0.2837  role_norm=0.5482  enc_delta ego=0.0056 partner=0.0061 road=0.0056
[ROMA step  148,635,648] sps= 58,854  policy_loss=0.0037  value_loss=1.0577  mi_loss=0.0002  mi_valid=0.84  div_loss=0.0047  kl_loss=0.0000 (disabled)  score=0.242  return=-2.493  role_std=0.2828  role_norm=0.5037  enc_delta ego=0.0069 partner=0.0068 road=0.0054
[ROMA step  149,422,080] sps= 58,939  policy_loss=0.0031  value_loss=0.8405  mi_loss=0.0001  mi_valid=0.84  div_loss=0.0016  kl_loss=0.0000 (disabled)  score=0.245  return=-2.470  role_std=0.3094  role_norm=0.5503  enc_delta ego=0.0153 partner=0.0139 road=0.0133
[ROMA step  150,208,512] sps= 59,024  policy_loss=0.0022  value_loss=0.8435  mi_loss=0.0001  mi_valid=0.84  div_loss=0.0001  kl_loss=0.0000 (disabled)  score=0.247  return=-2.447  role_std=0.3356  role_norm=0.5844  enc_delta ego=0.0108 partner=0.0101 road=0.0119
[ROMA step  150,994,944] sps= 58,936  policy_loss=-0.0010  value_loss=0.8732  mi_loss=0.0001  mi_valid=0.81  div_loss=0.0005  kl_loss=0.0000 (disabled)  score=0.250  return=-2.424  role_std=0.3478  role_norm=0.6499  enc_delta ego=0.0090 partner=0.0086 road=0.0077
[ROMA step  151,781,376] sps= 59,018  policy_loss=0.0062  value_loss=0.8964  mi_loss=0.0001  mi_valid=0.87  div_loss=0.0001  kl_loss=0.0000 (disabled)  score=0.252  return=-2.408  role_std=0.2860  role_norm=0.5297  enc_delta ego=0.0113 partner=0.0152 road=0.0116
[ROMA step  152,567,808] sps= 59,093  policy_loss=0.0008  value_loss=0.8981  mi_loss=0.0001  mi_valid=0.86  div_loss=0.0032  kl_loss=0.0000 (disabled)  score=0.255  return=-2.383  role_std=0.2705  role_norm=0.4813  enc_delta ego=0.0150 partner=0.0132 road=0.0126
[ROMA step  153,354,240] sps= 59,165  policy_loss=-0.0070  value_loss=0.8927  mi_loss=0.0001  mi_valid=0.84  div_loss=0.0022  kl_loss=0.0000 (disabled)  score=0.258  return=-2.354  role_std=0.2657  role_norm=0.4692  enc_delta ego=0.0090 partner=0.0091 road=0.0082
[ROMA step  154,140,672] sps= 59,079  policy_loss=0.0000  value_loss=0.9119  mi_loss=0.0001  mi_valid=0.81  div_loss=0.0001  kl_loss=0.0000 (disabled)  score=0.261  return=-2.332  role_std=0.2854  role_norm=0.4933  enc_delta ego=0.0086 partner=0.0108 road=0.0078
[ROMA step  154,927,104] sps= 59,158  policy_loss=-0.0066  value_loss=0.8759  mi_loss=0.0001  mi_valid=0.84  div_loss=0.0089  kl_loss=0.0000 (disabled)  score=0.264  return=-2.306  role_std=0.2991  role_norm=0.5622  enc_delta ego=0.0093 partner=0.0081 road=0.0066
[ROMA step  155,713,536] sps= 59,237  policy_loss=0.0041  value_loss=0.9283  mi_loss=0.0001  mi_valid=0.83  div_loss=0.0113  kl_loss=0.0000 (disabled)  score=0.268  return=-2.277  role_std=0.3175  role_norm=0.6324  enc_delta ego=0.0052 partner=0.0048 road=0.0043
[ROMA step  156,499,968] sps= 59,316  policy_loss=-0.0015  value_loss=0.9747  mi_loss=0.0001  mi_valid=0.86  div_loss=0.0113  kl_loss=0.0000 (disabled)  score=0.270  return=-2.261  role_std=0.2769  role_norm=0.5023  enc_delta ego=0.0045 partner=0.0047 road=0.0050
[ROMA step  157,286,400] sps= 59,231  policy_loss=0.0003  value_loss=0.9315  mi_loss=0.0001  mi_valid=0.81  div_loss=0.0133  kl_loss=0.0000 (disabled)  score=0.274  return=-2.224  role_std=0.2829  role_norm=0.4958  enc_delta ego=0.0056 partner=0.0066 road=0.0056
[ROMA step  158,072,832] sps= 59,310  policy_loss=-0.0040  value_loss=0.7804  mi_loss=0.0001  mi_valid=0.83  div_loss=0.0096  kl_loss=0.0000 (disabled)  score=0.280  return=-2.183  role_std=0.2860  role_norm=0.4930  enc_delta ego=0.0087 partner=0.0096 road=0.0080
[ROMA step  158,859,264] sps= 59,390  policy_loss=0.0006  value_loss=0.7366  mi_loss=0.0001  mi_valid=0.83  div_loss=0.0078  kl_loss=0.0000 (disabled)  score=0.285  return=-2.144  role_std=0.3064  role_norm=0.5330  enc_delta ego=0.0108 partner=0.0115 road=0.0094
[ROMA step  159,645,696] sps= 59,305  policy_loss=-0.0059  value_loss=0.8218  mi_loss=0.0001  mi_valid=0.80  div_loss=0.0002  kl_loss=0.0000 (disabled)  score=0.291  return=-2.109  role_std=0.3325  role_norm=0.6774  enc_delta ego=0.0110 partner=0.0094 road=0.0092
[ROMA step  160,432,128] sps= 59,373  policy_loss=0.0027  value_loss=0.8235  mi_loss=0.0001  mi_valid=0.86  div_loss=0.0184  kl_loss=0.0000 (disabled)  score=0.293  return=-2.087  role_std=0.2664  role_norm=0.4981  enc_delta ego=0.0078 partner=0.0082 road=0.0068
[ROMA step  161,218,560] sps= 59,448  policy_loss=0.0029  value_loss=0.8667  mi_loss=0.0001  mi_valid=0.84  div_loss=0.0192  kl_loss=0.0000 (disabled)  score=0.298  return=-2.055  role_std=0.2696  role_norm=0.4847  enc_delta ego=0.0035 partner=0.0042 road=0.0036
[ROMA step  162,004,992] sps= 59,492  policy_loss=0.0022  value_loss=0.7695  mi_loss=0.0001  mi_valid=0.83  div_loss=0.0148  kl_loss=0.0000 (disabled)  score=0.302  return=-2.021  role_std=0.2750  role_norm=0.4885  enc_delta ego=0.0048 partner=0.0043 road=0.0037
[ROMA step  162,791,424] sps= 59,300  policy_loss=-0.0022  value_loss=0.7635  mi_loss=0.0001  mi_valid=0.81  div_loss=0.0078  kl_loss=0.0000 (disabled)  score=0.306  return=-1.997  role_std=0.3059  role_norm=0.5305  enc_delta ego=0.0049 partner=0.0060 road=0.0047
[ROMA step  163,577,856] sps= 59,376  policy_loss=0.0044  value_loss=0.7540  mi_loss=0.0001  mi_valid=0.84  div_loss=0.0079  kl_loss=0.0000 (disabled)  score=0.309  return=-1.978  role_std=0.3249  role_norm=0.5842  enc_delta ego=0.0052 partner=0.0053 road=0.0050
[ROMA step  164,364,288] sps= 59,453  policy_loss=0.0050  value_loss=0.8523  mi_loss=0.0001  mi_valid=0.85  div_loss=0.0121  kl_loss=0.0000 (disabled)  score=0.311  return=-1.961  role_std=0.3531  role_norm=0.6429  enc_delta ego=0.0044 partner=0.0062 road=0.0044
[ROMA step  165,150,720] sps= 59,364  policy_loss=-0.0006  value_loss=0.9146  mi_loss=0.0001  mi_valid=0.83  div_loss=0.0015  kl_loss=0.0000 (disabled)  score=0.313  return=-1.950  role_std=0.3012  role_norm=0.5278  enc_delta ego=0.0123 partner=0.0123 road=0.0099
[ROMA step  165,937,152] sps= 59,438  policy_loss=0.0025  value_loss=0.7887  mi_loss=0.0001  mi_valid=0.83  div_loss=0.0001  kl_loss=0.0000 (disabled)  score=0.318  return=-1.924  role_std=0.2903  role_norm=0.5061  enc_delta ego=0.0157 partner=0.0095 road=0.0084
[ROMA step  166,723,584] sps= 59,512  policy_loss=-0.0041  value_loss=0.7757  mi_loss=0.0001  mi_valid=0.83  div_loss=0.0002  kl_loss=0.0000 (disabled)  score=0.323  return=-1.896  role_std=0.3158  role_norm=0.5442  enc_delta ego=0.0130 partner=0.0067 road=0.0074
[ROMA step  167,510,016] sps= 59,585  policy_loss=-0.0056  value_loss=0.7558  mi_loss=0.0001  mi_valid=0.83  div_loss=0.0049  kl_loss=0.0000 (disabled)  score=0.329  return=-1.867  role_std=0.3316  role_norm=0.6099  enc_delta ego=0.0065 partner=0.0050 road=0.0050
[ROMA step  168,296,448] sps= 59,502  policy_loss=-0.0016  value_loss=0.7134  mi_loss=0.0001  mi_valid=0.81  div_loss=0.0009  kl_loss=0.0000 (disabled)  score=0.334  return=-1.833  role_std=0.3660  role_norm=0.6950  enc_delta ego=0.0146 partner=0.0101 road=0.0107
[ROMA step  169,082,880] sps= 59,576  policy_loss=-0.0029  value_loss=0.7168  mi_loss=0.0001  mi_valid=0.85  div_loss=0.0030  kl_loss=0.0000 (disabled)  score=0.337  return=-1.807  role_std=0.2983  role_norm=0.5305  enc_delta ego=0.0079 partner=0.0078 road=0.0076
[ROMA step  169,869,312] sps= 59,650  policy_loss=-0.0028  value_loss=0.6983  mi_loss=0.0001  mi_valid=0.82  div_loss=0.0035  kl_loss=0.0000 (disabled)  score=0.342  return=-1.773  role_std=0.2938  role_norm=0.5245  enc_delta ego=0.0097 partner=0.0093 road=0.0090
[ROMA step  170,655,744] sps= 59,536  policy_loss=0.0050  value_loss=0.6861  mi_loss=0.0001  mi_valid=0.80  div_loss=0.0011  kl_loss=0.0000 (disabled)  score=0.348  return=-1.736  role_std=0.3008  role_norm=0.5232  enc_delta ego=0.0122 partner=0.0101 road=0.0097
[ROMA step  171,442,176] sps= 59,607  policy_loss=-0.0040  value_loss=0.5923  mi_loss=0.0001  mi_valid=0.83  div_loss=0.0001  kl_loss=0.0000 (disabled)  score=0.353  return=-1.698  role_std=0.3139  role_norm=0.5650  enc_delta ego=0.0140 partner=0.0078 road=0.0069
[ROMA step  172,228,608] sps= 59,677  policy_loss=0.0013  value_loss=0.6440  mi_loss=0.0001  mi_valid=0.83  div_loss=0.0006  kl_loss=0.0000 (disabled)  score=0.357  return=-1.664  role_std=0.3204  role_norm=0.5800  enc_delta ego=0.0129 partner=0.0116 road=0.0100
[ROMA step  173,015,040] sps= 59,747  policy_loss=-0.0014  value_loss=0.7031  mi_loss=0.0001  mi_valid=0.86  div_loss=0.0023  kl_loss=0.0000 (disabled)  score=0.362  return=-1.632  role_std=0.2902  role_norm=0.5092  enc_delta ego=0.0070 partner=0.0050 road=0.0057
[ROMA step  173,801,472] sps= 59,603  policy_loss=-0.0001  value_loss=0.8344  mi_loss=0.0001  mi_valid=0.82  div_loss=0.0019  kl_loss=0.0000 (disabled)  score=0.365  return=-1.610  role_std=0.2773  role_norm=0.4707  enc_delta ego=0.0062 partner=0.0061 road=0.0051
[ROMA step  174,587,904] sps= 59,672  policy_loss=-0.0013  value_loss=0.7948  mi_loss=0.0001  mi_valid=0.82  div_loss=0.0015  kl_loss=0.0000 (disabled)  score=0.370  return=-1.583  role_std=0.2772  role_norm=0.4695  enc_delta ego=0.0056 partner=0.0061 road=0.0052
[ROMA step  175,374,336] sps= 59,742  policy_loss=-0.0002  value_loss=0.7210  mi_loss=0.0001  mi_valid=0.82  div_loss=0.0015  kl_loss=0.0000 (disabled)  score=0.376  return=-1.553  role_std=0.3109  role_norm=0.5352  enc_delta ego=0.0056 partner=0.0054 road=0.0048
[ROMA step  176,160,768] sps= 59,415  policy_loss=0.0006  value_loss=0.7275  mi_loss=0.0001  mi_valid=0.79  div_loss=0.0015  kl_loss=0.0000 (disabled)  score=0.382  return=-1.522  role_std=0.3495  role_norm=0.6745  enc_delta ego=0.0072 partner=0.0060 road=0.0059
[ROMA step  176,947,200] sps= 59,484  policy_loss=-0.0031  value_loss=0.7577  mi_loss=0.0001  mi_valid=0.85  div_loss=0.0174  kl_loss=0.0000 (disabled)  score=0.388  return=-1.496  role_std=0.2876  role_norm=0.5060  enc_delta ego=0.0115 partner=0.0087 road=0.0085
[ROMA step  177,733,632] sps= 59,553  policy_loss=0.0014  value_loss=0.7995  mi_loss=0.0001  mi_valid=0.84  div_loss=0.0055  kl_loss=0.0000 (disabled)  score=0.392  return=-1.482  role_std=0.2774  role_norm=0.4771  enc_delta ego=0.0092 partner=0.0080 road=0.0080
[ROMA step  178,520,064] sps= 59,621  policy_loss=-0.0026  value_loss=0.7691  mi_loss=0.0001  mi_valid=0.82  div_loss=0.0015  kl_loss=0.0000 (disabled)  score=0.398  return=-1.458  role_std=0.2656  role_norm=0.4810  enc_delta ego=0.0111 partner=0.0095 road=0.0118
[ROMA step  179,306,496] sps= 59,254  policy_loss=0.0023  value_loss=0.7487  mi_loss=0.0001  mi_valid=0.79  div_loss=0.0171  kl_loss=0.0000 (disabled)  score=0.403  return=-1.436  role_std=0.3005  role_norm=0.5155  enc_delta ego=0.0138 partner=0.0100 road=0.0117
[ROMA step  180,092,928] sps= 59,321  policy_loss=0.0040  value_loss=0.6514  mi_loss=0.0001  mi_valid=0.82  div_loss=0.0254  kl_loss=0.0000 (disabled)  score=0.406  return=-1.421  role_std=0.3067  role_norm=0.5220  enc_delta ego=0.0115 partner=0.0109 road=0.0107
[ROMA step  180,879,360] sps= 59,388  policy_loss=0.0048  value_loss=0.6758  mi_loss=0.0001  mi_valid=0.82  div_loss=0.0043  kl_loss=0.0000 (disabled)  score=0.409  return=-1.404  role_std=0.3352  role_norm=0.6956  enc_delta ego=0.0056 partner=0.0057 road=0.0056
[ROMA step  181,665,792] sps= 59,454  policy_loss=-0.0062  value_loss=0.7027  mi_loss=0.0002  mi_valid=0.85  div_loss=0.0021  kl_loss=0.0000 (disabled)  score=0.411  return=-1.398  role_std=0.3236  role_norm=0.6254  enc_delta ego=0.0121 partner=0.0116 road=0.0120
[ROMA step  182,452,224] sps= 59,043  policy_loss=0.0036  value_loss=0.7108  mi_loss=0.0001  mi_valid=0.80  div_loss=0.0083  kl_loss=0.0000 (disabled)  score=0.415  return=-1.378  role_std=0.2812  role_norm=0.4794  enc_delta ego=0.0122 partner=0.0094 road=0.0079
[ROMA step  183,238,656] sps= 59,107  policy_loss=0.0008  value_loss=0.6781  mi_loss=0.0001  mi_valid=0.82  div_loss=0.0060  kl_loss=0.0000 (disabled)  score=0.420  return=-1.357  role_std=0.3051  role_norm=0.5168  enc_delta ego=0.0082 partner=0.0060 road=0.0056
[ROMA step  184,025,088] sps= 59,170  policy_loss=-0.0019  value_loss=0.6408  mi_loss=0.0001  mi_valid=0.82  div_loss=0.0043  kl_loss=0.0000 (disabled)  score=0.423  return=-1.335  role_std=0.3351  role_norm=0.5675  enc_delta ego=0.0057 partner=0.0058 road=0.0065
[ROMA step  184,811,520] sps= 58,829  policy_loss=-0.0015  value_loss=0.6360  mi_loss=0.0001  mi_valid=0.79  div_loss=0.0013  kl_loss=0.0000 (disabled)  score=0.427  return=-1.315  role_std=0.3371  role_norm=0.6242  enc_delta ego=0.0122 partner=0.0113 road=0.0117
[ROMA step  185,597,952] sps= 58,897  policy_loss=-0.0025  value_loss=0.6502  mi_loss=0.0001  mi_valid=0.85  div_loss=0.0039  kl_loss=0.0000 (disabled)  score=0.429  return=-1.308  role_std=0.3036  role_norm=0.5206  enc_delta ego=0.0077 partner=0.0079 road=0.0074
[ROMA step  186,384,384] sps= 58,963  policy_loss=0.0018  value_loss=0.6953  mi_loss=0.0001  mi_valid=0.83  div_loss=0.0011  kl_loss=0.0000 (disabled)  score=0.432  return=-1.292  role_std=0.3074  role_norm=0.5190  enc_delta ego=0.0093 partner=0.0098 road=0.0102
[ROMA step  187,170,816] sps= 59,029  policy_loss=-0.0024  value_loss=0.6617  mi_loss=0.0001  mi_valid=0.82  div_loss=0.0008  kl_loss=0.0000 (disabled)  score=0.434  return=-1.279  role_std=0.2963  role_norm=0.5068  enc_delta ego=0.0072 partner=0.0074 road=0.0075
[ROMA step  187,957,248] sps= 58,771  policy_loss=-0.0039  value_loss=0.6771  mi_loss=0.0001  mi_valid=0.79  div_loss=0.0052  kl_loss=0.0000 (disabled)  score=0.436  return=-1.264  role_std=0.3538  role_norm=0.6147  enc_delta ego=0.0053 partner=0.0069 road=0.0061
[ROMA step  188,743,680] sps= 58,837  policy_loss=0.0019  value_loss=0.6588  mi_loss=0.0001  mi_valid=0.82  div_loss=0.0028  kl_loss=0.0000 (disabled)  score=0.438  return=-1.250  role_std=0.3735  role_norm=0.6656  enc_delta ego=0.0068 partner=0.0060 road=0.0052
[ROMA step  189,530,112] sps= 58,900  policy_loss=0.0054  value_loss=0.6896  mi_loss=0.0001  mi_valid=0.83  div_loss=0.0012  kl_loss=0.0000 (disabled)  score=0.441  return=-1.238  role_std=0.3792  role_norm=0.7203  enc_delta ego=0.0062 partner=0.0048 road=0.0042
[ROMA step  190,316,544] sps= 58,639  policy_loss=-0.0044  value_loss=0.7802  mi_loss=0.0001  mi_valid=0.82  div_loss=0.0019  kl_loss=0.0000 (disabled)  score=0.443  return=-1.230  role_std=0.2926  role_norm=0.4909  enc_delta ego=0.0090 partner=0.0090 road=0.0080
[ROMA step  191,102,976] sps= 58,704  policy_loss=-0.0052  value_loss=0.6918  mi_loss=0.0001  mi_valid=0.81  div_loss=0.0013  kl_loss=0.0000 (disabled)  score=0.448  return=-1.208  role_std=0.3018  role_norm=0.5049  enc_delta ego=0.0101 partner=0.0101 road=0.0106
[ROMA step  191,889,408] sps= 58,768  policy_loss=-0.0051  value_loss=0.7314  mi_loss=0.0001  mi_valid=0.82  div_loss=0.0038  kl_loss=0.0000 (disabled)  score=0.453  return=-1.187  role_std=0.3020  role_norm=0.5038  enc_delta ego=0.0088 partner=0.0094 road=0.0094
[ROMA step  192,675,840] sps= 58,832  policy_loss=0.0006  value_loss=0.6780  mi_loss=0.0001  mi_valid=0.82  div_loss=0.0076  kl_loss=0.0000 (disabled)  score=0.458  return=-1.162  role_std=0.3382  role_norm=0.5699  enc_delta ego=0.0060 partner=0.0060 road=0.0056
[ROMA step  193,462,272] sps= 58,586  policy_loss=-0.0065  value_loss=0.6091  mi_loss=0.0001  mi_valid=0.80  div_loss=0.0009  kl_loss=0.0000 (disabled)  score=0.462  return=-1.142  role_std=0.3365  role_norm=0.5916  enc_delta ego=0.0079 partner=0.0084 road=0.0079
[ROMA step  194,248,704] sps= 58,647  policy_loss=0.0018  value_loss=0.6641  mi_loss=0.0001  mi_valid=0.85  div_loss=0.0131  kl_loss=0.0000 (disabled)  score=0.464  return=-1.129  role_std=0.3084  role_norm=0.5224  enc_delta ego=0.0061 partner=0.0057 road=0.0054
[ROMA step  195,035,136] sps= 58,709  policy_loss=-0.0020  value_loss=0.6659  mi_loss=0.0001  mi_valid=0.82  div_loss=0.0109  kl_loss=0.0000 (disabled)  score=0.467  return=-1.110  role_std=0.2982  role_norm=0.5212  enc_delta ego=0.0050 partner=0.0049 road=0.0042
[ROMA step  195,821,568] sps= 58,514  policy_loss=-0.0004  value_loss=0.6585  mi_loss=0.0001  mi_valid=0.79  div_loss=0.0170  kl_loss=0.0000 (disabled)  score=0.470  return=-1.093  role_std=0.3181  role_norm=0.5423  enc_delta ego=0.0084 partner=0.0080 road=0.0071
[ROMA step  196,608,000] sps= 58,573  policy_loss=0.0009  value_loss=0.6082  mi_loss=0.0001  mi_valid=0.82  div_loss=0.0023  kl_loss=0.0000 (disabled)  score=0.470  return=-1.088  role_std=0.3519  role_norm=0.6118  enc_delta ego=0.0108 partner=0.0063 road=0.0075
[ROMA step  197,394,432] sps= 58,635  policy_loss=-0.0010  value_loss=0.5934  mi_loss=0.0001  mi_valid=0.82  div_loss=0.0020  kl_loss=0.0000 (disabled)  score=0.471  return=-1.083  role_std=0.3756  role_norm=0.6619  enc_delta ego=0.0091 partner=0.0071 road=0.0078
[ROMA step  198,180,864] sps= 58,697  policy_loss=-0.0055  value_loss=0.5964  mi_loss=0.0001  mi_valid=0.84  div_loss=0.0005  kl_loss=0.0000 (disabled)  score=0.471  return=-1.078  role_std=0.3571  role_norm=0.6568  enc_delta ego=0.0114 partner=0.0102 road=0.0086
[ROMA step  198,967,296] sps= 58,144  policy_loss=-0.0033  value_loss=0.7233  mi_loss=0.0001  mi_valid=0.82  div_loss=0.0013  kl_loss=0.0000 (disabled)  score=0.472  return=-1.076  role_std=0.3318  role_norm=0.5766  enc_delta ego=0.0076 partner=0.0079 road=0.0075
[ROMA step  199,753,728] sps= 58,203  policy_loss=-0.0034  value_loss=0.6308  mi_loss=0.0001  mi_valid=0.82  div_loss=0.0017  kl_loss=0.0000 (disabled)  score=0.474  return=-1.071  role_std=0.3238  role_norm=0.5490  enc_delta ego=0.0070 partner=0.0068 road=0.0074
[ROMA step  200,540,160] sps= 58,262  policy_loss=0.0031  value_loss=0.6696  mi_loss=0.0001  mi_valid=0.82  div_loss=0.0045  kl_loss=0.0000 (disabled)  score=0.476  return=-1.063  role_std=0.3497  role_norm=0.5826  enc_delta ego=0.0084 partner=0.0079 road=0.0083
[ROMA step  201,326,592] sps= 58,030  policy_loss=-0.0025  value_loss=0.6562  mi_loss=0.0001  mi_valid=0.79  div_loss=0.0011  kl_loss=0.0000 (disabled)  score=0.477  return=-1.057  role_std=0.3481  role_norm=0.6083  enc_delta ego=0.0061 partner=0.0057 road=0.0060
[ROMA step  202,113,024] sps= 58,093  policy_loss=0.0014  value_loss=0.6566  mi_loss=0.0001  mi_valid=0.84  div_loss=0.0043  kl_loss=0.0000 (disabled)  score=0.478  return=-1.045  role_std=0.3222  role_norm=0.6050  enc_delta ego=0.0130 partner=0.0106 road=0.0103
[ROMA step  202,899,456] sps= 58,156  policy_loss=-0.0036  value_loss=0.6184  mi_loss=0.0001  mi_valid=0.84  div_loss=0.0137  kl_loss=0.0000 (disabled)  score=0.479  return=-1.036  role_std=0.3149  role_norm=0.5458  enc_delta ego=0.0088 partner=0.0079 road=0.0073
[ROMA step  203,685,888] sps= 58,219  policy_loss=-0.0009  value_loss=0.6165  mi_loss=0.0001  mi_valid=0.81  div_loss=0.0080  kl_loss=0.0000 (disabled)  score=0.481  return=-1.023  role_std=0.3143  role_norm=0.5251  enc_delta ego=0.0081 partner=0.0061 road=0.0063
[ROMA step  204,472,320] sps= 57,983  policy_loss=-0.0078  value_loss=0.6095  mi_loss=0.0001  mi_valid=0.79  div_loss=0.0081  kl_loss=0.0000 (disabled)  score=0.482  return=-1.010  role_std=0.3557  role_norm=0.5985  enc_delta ego=0.0115 partner=0.0090 road=0.0087
[ROMA step  205,258,752] sps= 58,043  policy_loss=-0.0005  value_loss=0.5445  mi_loss=0.0001  mi_valid=0.81  div_loss=0.0089  kl_loss=0.0000 (disabled)  score=0.482  return=-0.998  role_std=0.3881  role_norm=0.6589  enc_delta ego=0.0070 partner=0.0077 road=0.0067
[ROMA step  206,045,184] sps= 58,104  policy_loss=0.0035  value_loss=0.5684  mi_loss=0.0001  mi_valid=0.82  div_loss=0.0064  kl_loss=0.0000 (disabled)  score=0.482  return=-0.988  role_std=0.3891  role_norm=0.6720  enc_delta ego=0.0074 partner=0.0065 road=0.0059
[ROMA step  206,831,616] sps= 58,163  policy_loss=0.0008  value_loss=0.5717  mi_loss=0.0001  mi_valid=0.84  div_loss=0.0065  kl_loss=0.0000 (disabled)  score=0.482  return=-0.976  role_std=0.3058  role_norm=0.5435  enc_delta ego=0.0067 partner=0.0063 road=0.0047
[ROMA step  207,618,048] sps= 57,926  policy_loss=-0.0057  value_loss=0.5661  mi_loss=0.0001  mi_valid=0.81  div_loss=0.0069  kl_loss=0.0000 (disabled)  score=0.484  return=-0.960  role_std=0.3125  role_norm=0.5438  enc_delta ego=0.0088 partner=0.0087 road=0.0071
[ROMA step  208,404,480] sps= 57,986  policy_loss=0.0049  value_loss=0.4974  mi_loss=0.0001  mi_valid=0.82  div_loss=0.0009  kl_loss=0.0000 (disabled)  score=0.485  return=-0.944  role_std=0.3303  role_norm=0.5612  enc_delta ego=0.0098 partner=0.0093 road=0.0086
[ROMA step  209,190,912] sps= 58,044  policy_loss=-0.0018  value_loss=0.5066  mi_loss=0.0001  mi_valid=0.82  div_loss=0.0081  kl_loss=0.0000 (disabled)  score=0.487  return=-0.927  role_std=0.3556  role_norm=0.6023  enc_delta ego=0.0102 partner=0.0092 road=0.0086
[ROMA step  209,977,344] sps= 57,816  policy_loss=0.0023  value_loss=0.5298  mi_loss=0.0001  mi_valid=0.79  div_loss=0.0180  kl_loss=0.0000 (disabled)  score=0.490  return=-0.909  role_std=0.3643  role_norm=0.6596  enc_delta ego=0.0103 partner=0.0081 road=0.0082
[ROMA step  210,763,776] sps= 57,876  policy_loss=-0.0005  value_loss=0.5504  mi_loss=0.0001  mi_valid=0.84  div_loss=0.0005  kl_loss=0.0000 (disabled)  score=0.490  return=-0.903  role_std=0.3312  role_norm=0.5661  enc_delta ego=0.0090 partner=0.0083 road=0.0087
[ROMA step  211,550,208] sps= 57,933  policy_loss=-0.0030  value_loss=0.5679  mi_loss=0.0001  mi_valid=0.83  div_loss=0.0007  kl_loss=0.0000 (disabled)  score=0.491  return=-0.893  role_std=0.3348  role_norm=0.5719  enc_delta ego=0.0111 partner=0.0099 road=0.0099
[ROMA step  212,336,640] sps= 57,992  policy_loss=0.0030  value_loss=0.5407  mi_loss=0.0001  mi_valid=0.81  div_loss=0.0017  kl_loss=0.0000 (disabled)  score=0.491  return=-0.883  role_std=0.3310  role_norm=0.5499  enc_delta ego=0.0103 partner=0.0088 road=0.0104
[ROMA step  213,123,072] sps= 57,793  policy_loss=0.0012  value_loss=0.4613  mi_loss=0.0001  mi_valid=0.78  div_loss=0.0012  kl_loss=0.0000 (disabled)  score=0.493  return=-0.870  role_std=0.3489  role_norm=0.5805  enc_delta ego=0.0112 partner=0.0093 road=0.0115
[ROMA step  213,909,504] sps= 57,852  policy_loss=-0.0057  value_loss=0.4761  mi_loss=0.0001  mi_valid=0.81  div_loss=0.0025  kl_loss=0.0000 (disabled)  score=0.496  return=-0.857  role_std=0.3501  role_norm=0.6006  enc_delta ego=0.0108 partner=0.0121 road=0.0108
[ROMA step  214,695,936] sps= 57,910  policy_loss=0.0006  value_loss=0.4940  mi_loss=0.0001  mi_valid=0.81  div_loss=0.0000  kl_loss=0.0000 (disabled)  score=0.499  return=-0.843  role_std=0.3566  role_norm=0.6168  enc_delta ego=0.0119 partner=0.0081 road=0.0076
[ROMA step  215,482,368] sps= 57,669  policy_loss=0.0013  value_loss=0.5583  mi_loss=0.0001  mi_valid=0.81  div_loss=0.0102  kl_loss=0.0000 (disabled)  score=0.501  return=-0.834  role_std=0.3063  role_norm=0.5290  enc_delta ego=0.0121 partner=0.0108 road=0.0087
[ROMA step  216,268,800] sps= 57,727  policy_loss=-0.0054  value_loss=0.5397  mi_loss=0.0001  mi_valid=0.81  div_loss=0.0025  kl_loss=0.0000 (disabled)  score=0.502  return=-0.826  role_std=0.3102  role_norm=0.5164  enc_delta ego=0.0067 partner=0.0075 road=0.0070
[ROMA step  217,055,232] sps= 57,784  policy_loss=0.0006  value_loss=0.5457  mi_loss=0.0001  mi_valid=0.82  div_loss=0.0009  kl_loss=0.0000 (disabled)  score=0.503  return=-0.814  role_std=0.3336  role_norm=0.5559  enc_delta ego=0.0062 partner=0.0054 road=0.0050
[ROMA step  217,841,664] sps= 57,841  policy_loss=-0.0013  value_loss=0.5852  mi_loss=0.0001  mi_valid=0.82  div_loss=0.0016  kl_loss=0.0000 (disabled)  score=0.503  return=-0.807  role_std=0.3581  role_norm=0.6138  enc_delta ego=0.0054 partner=0.0060 road=0.0054
[ROMA step  218,628,096] sps= 57,709  policy_loss=0.0020  value_loss=0.5619  mi_loss=0.0001  mi_valid=0.79  div_loss=0.0017  kl_loss=0.0000 (disabled)  score=0.504  return=-0.797  role_std=0.3739  role_norm=0.6750  enc_delta ego=0.0065 partner=0.0060 road=0.0066
[ROMA step  219,414,528] sps= 57,766  policy_loss=-0.0026  value_loss=0.5334  mi_loss=0.0001  mi_valid=0.83  div_loss=0.0002  kl_loss=0.0000 (disabled)  score=0.505  return=-0.788  role_std=0.3512  role_norm=0.5895  enc_delta ego=0.0117 partner=0.0089 road=0.0102
[ROMA step  220,200,960] sps= 57,823  policy_loss=0.0056  value_loss=0.5764  mi_loss=0.0001  mi_valid=0.81  div_loss=0.0334  kl_loss=0.0000 (disabled)  score=0.506  return=-0.773  role_std=0.3437  role_norm=0.5704  enc_delta ego=0.0129 partner=0.0109 road=0.0104
[ROMA step  220,987,392] sps= 57,666  policy_loss=0.0038  value_loss=0.4933  mi_loss=0.0001  mi_valid=0.78  div_loss=0.0015  kl_loss=0.0000 (disabled)  score=0.507  return=-0.761  role_std=0.3324  role_norm=0.5668  enc_delta ego=0.0128 partner=0.0099 road=0.0104
[ROMA step  221,773,824] sps= 57,721  policy_loss=-0.0033  value_loss=0.4867  mi_loss=0.0001  mi_valid=0.81  div_loss=0.0297  kl_loss=0.0000 (disabled)  score=0.509  return=-0.748  role_std=0.3668  role_norm=0.6110  enc_delta ego=0.0097 partner=0.0083 road=0.0095
[ROMA step  222,560,256] sps= 57,776  policy_loss=-0.0027  value_loss=0.5084  mi_loss=0.0001  mi_valid=0.81  div_loss=0.0007  kl_loss=0.0000 (disabled)  score=0.511  return=-0.741  role_std=0.3959  role_norm=0.6780  enc_delta ego=0.0130 partner=0.0093 road=0.0107
[ROMA step  223,346,688] sps= 57,830  policy_loss=0.0016  value_loss=0.5096  mi_loss=0.0001  mi_valid=0.83  div_loss=0.0032  kl_loss=0.0000 (disabled)  score=0.511  return=-0.732  role_std=0.3757  role_norm=0.6439  enc_delta ego=0.0091 partner=0.0069 road=0.0084
[ROMA step  224,133,120] sps= 57,711  policy_loss=-0.0049  value_loss=0.5504  mi_loss=0.0001  mi_valid=0.81  div_loss=0.0030  kl_loss=0.0000 (disabled)  score=0.512  return=-0.726  role_std=0.3219  role_norm=0.5343  enc_delta ego=0.0061 partner=0.0064 road=0.0060
[ROMA step  224,919,552] sps= 57,766  policy_loss=0.0031  value_loss=0.5217  mi_loss=0.0001  mi_valid=0.80  div_loss=0.0031  kl_loss=0.0000 (disabled)  score=0.515  return=-0.714  role_std=0.3212  role_norm=0.5330  enc_delta ego=0.0058 partner=0.0061 road=0.0068
[ROMA step  225,705,984] sps= 57,821  policy_loss=-0.0035  value_loss=0.5237  mi_loss=0.0001  mi_valid=0.81  div_loss=0.0020  kl_loss=0.0000 (disabled)  score=0.518  return=-0.700  role_std=0.3524  role_norm=0.5836  enc_delta ego=0.0059 partner=0.0062 road=0.0066
[ROMA step  226,492,416] sps= 57,730  policy_loss=-0.0014  value_loss=0.5195  mi_loss=0.0001  mi_valid=0.78  div_loss=0.0004  kl_loss=0.0000 (disabled)  score=0.521  return=-0.685  role_std=0.3918  role_norm=0.6644  enc_delta ego=0.0077 partner=0.0071 road=0.0072
[ROMA step  227,278,848] sps= 57,785  policy_loss=0.0018  value_loss=0.5036  mi_loss=0.0001  mi_valid=0.82  div_loss=0.0055  kl_loss=0.0000 (disabled)  score=0.522  return=-0.670  role_std=0.3968  role_norm=0.6818  enc_delta ego=0.0122 partner=0.0106 road=0.0099
[ROMA step  228,065,280] sps= 57,840  policy_loss=-0.0048  value_loss=0.5219  mi_loss=0.0001  mi_valid=0.83  div_loss=0.0002  kl_loss=0.0000 (disabled)  score=0.523  return=-0.661  role_std=0.3183  role_norm=0.5241  enc_delta ego=0.0096 partner=0.0067 road=0.0066
[ROMA step  228,851,712] sps= 57,895  policy_loss=0.0045  value_loss=0.5269  mi_loss=0.0001  mi_valid=0.81  div_loss=0.0008  kl_loss=0.0000 (disabled)  score=0.525  return=-0.646  role_std=0.3097  role_norm=0.5103  enc_delta ego=0.0126 partner=0.0106 road=0.0102
[ROMA step  229,638,144] sps= 57,805  policy_loss=0.0043  value_loss=0.5215  mi_loss=0.0001  mi_valid=0.78  div_loss=0.0138  kl_loss=0.0000 (disabled)  score=0.528  return=-0.632  role_std=0.3589  role_norm=0.5854  enc_delta ego=0.0097 partner=0.0066 road=0.0068
[ROMA step  230,424,576] sps= 57,860  policy_loss=0.0045  value_loss=0.5087  mi_loss=0.0001  mi_valid=0.80  div_loss=0.0027  kl_loss=0.0000 (disabled)  score=0.529  return=-0.620  role_std=0.3965  role_norm=0.6713  enc_delta ego=0.0110 partner=0.0069 road=0.0073
[ROMA step  231,211,008] sps= 57,915  policy_loss=-0.0010  value_loss=0.4580  mi_loss=0.0001  mi_valid=0.80  div_loss=0.0002  kl_loss=0.0000 (disabled)  score=0.532  return=-0.608  role_std=0.4185  role_norm=0.7069  enc_delta ego=0.0189 partner=0.0114 road=0.0102
[ROMA step  231,997,440] sps= 57,969  policy_loss=-0.0014  value_loss=0.4562  mi_loss=0.0001  mi_valid=0.83  div_loss=0.0015  kl_loss=0.0000 (disabled)  score=0.533  return=-0.597  role_std=0.3267  role_norm=0.5465  enc_delta ego=0.0112 partner=0.0090 road=0.0071
[ROMA step  232,783,872] sps= 57,884  policy_loss=0.0004  value_loss=0.5178  mi_loss=0.0001  mi_valid=0.80  div_loss=0.0036  kl_loss=0.0000 (disabled)  score=0.535  return=-0.584  role_std=0.3569  role_norm=0.5974  enc_delta ego=0.0088 partner=0.0112 road=0.0087
[ROMA step  233,570,304] sps= 57,937  policy_loss=0.0024  value_loss=0.4735  mi_loss=0.0001  mi_valid=0.81  div_loss=0.0001  kl_loss=0.0000 (disabled)  score=0.538  return=-0.570  role_std=0.3563  role_norm=0.5859  enc_delta ego=0.0089 partner=0.0098 road=0.0089
[ROMA step  234,356,736] sps= 57,990  policy_loss=-0.0004  value_loss=0.4446  mi_loss=0.0001  mi_valid=0.81  div_loss=0.0004  kl_loss=0.0000 (disabled)  score=0.540  return=-0.554  role_std=0.3847  role_norm=0.6457  enc_delta ego=0.0102 partner=0.0107 road=0.0088
[ROMA step  235,143,168] sps= 57,923  policy_loss=-0.0015  value_loss=0.4190  mi_loss=0.0001  mi_valid=0.78  div_loss=0.0036  kl_loss=0.0000 (disabled)  score=0.543  return=-0.541  role_std=0.4160  role_norm=0.7406  enc_delta ego=0.0074 partner=0.0069 road=0.0059
[ROMA step  235,929,600] sps= 57,978  policy_loss=0.0023  value_loss=0.4565  mi_loss=0.0001  mi_valid=0.83  div_loss=0.0053  kl_loss=0.0000 (disabled)  score=0.547  return=-0.528  role_std=0.3367  role_norm=0.5699  enc_delta ego=0.0110 partner=0.0082 road=0.0084
[ROMA step  236,716,032] sps= 58,034  policy_loss=-0.0024  value_loss=0.4571  mi_loss=0.0001  mi_valid=0.82  div_loss=0.0001  kl_loss=0.0000 (disabled)  score=0.549  return=-0.522  role_std=0.3436  role_norm=0.5822  enc_delta ego=0.0085 partner=0.0062 road=0.0066
[ROMA step  237,502,464] sps= 58,089  policy_loss=0.0009  value_loss=0.4236  mi_loss=0.0001  mi_valid=0.80  div_loss=0.0018  kl_loss=0.0000 (disabled)  score=0.552  return=-0.509  role_std=0.3409  role_norm=0.5770  enc_delta ego=0.0100 partner=0.0073 road=0.0075
[ROMA step  238,288,896] sps= 57,997  policy_loss=0.0021  value_loss=0.3949  mi_loss=0.0001  mi_valid=0.77  div_loss=0.0005  kl_loss=0.0000 (disabled)  score=0.554  return=-0.499  role_std=0.3842  role_norm=0.6520  enc_delta ego=0.0101 partner=0.0102 road=0.0101
[ROMA step  239,075,328] sps= 58,052  policy_loss=-0.0061  value_loss=0.3838  mi_loss=0.0001  mi_valid=0.80  div_loss=0.0070  kl_loss=0.0000 (disabled)  score=0.557  return=-0.486  role_std=0.3913  role_norm=0.6720  enc_delta ego=0.0119 partner=0.0101 road=0.0098
[ROMA step  239,861,760] sps= 58,106  policy_loss=-0.0065  value_loss=0.3722  mi_loss=0.0001  mi_valid=0.80  div_loss=0.0008  kl_loss=0.0000 (disabled)  score=0.560  return=-0.471  role_std=0.3999  role_norm=0.6937  enc_delta ego=0.0113 partner=0.0088 road=0.0086
[ROMA step  240,648,192] sps= 58,030  policy_loss=0.0020  value_loss=0.4633  mi_loss=0.0001  mi_valid=0.80  div_loss=0.0034  kl_loss=0.0000 (disabled)  score=0.562  return=-0.463  role_std=0.3220  role_norm=0.5424  enc_delta ego=0.0075 partner=0.0048 road=0.0054
[ROMA step  241,434,624] sps= 58,082  policy_loss=-0.0022  value_loss=0.4438  mi_loss=0.0001  mi_valid=0.79  div_loss=0.0050  kl_loss=0.0000 (disabled)  score=0.564  return=-0.456  role_std=0.3195  role_norm=0.5449  enc_delta ego=0.0062 partner=0.0057 road=0.0054
[ROMA step  242,221,056] sps= 58,132  policy_loss=-0.0034  value_loss=0.4217  mi_loss=0.0001  mi_valid=0.80  div_loss=0.0041  kl_loss=0.0000 (disabled)  score=0.565  return=-0.448  role_std=0.3640  role_norm=0.6014  enc_delta ego=0.0063 partner=0.0052 road=0.0054
[ROMA step  243,007,488] sps= 58,183  policy_loss=-0.0023  value_loss=0.4012  mi_loss=0.0001  mi_valid=0.80  div_loss=0.0087  kl_loss=0.0000 (disabled)  score=0.567  return=-0.439  role_std=0.3951  role_norm=0.6533  enc_delta ego=0.0099 partner=0.0083 road=0.0082
[ROMA step  243,793,920] sps= 58,130  policy_loss=0.0049  value_loss=0.3981  mi_loss=0.0001  mi_valid=0.78  div_loss=0.0038  kl_loss=0.0000 (disabled)  score=0.569  return=-0.428  role_std=0.4106  role_norm=0.7062  enc_delta ego=0.0085 partner=0.0070 road=0.0082
[ROMA step  244,580,352] sps= 58,182  policy_loss=0.0053  value_loss=0.4112  mi_loss=0.0001  mi_valid=0.83  div_loss=0.0044  kl_loss=0.0000 (disabled)  score=0.570  return=-0.421  role_std=0.3419  role_norm=0.5852  enc_delta ego=0.0077 partner=0.0064 road=0.0070
[ROMA step  245,366,784] sps= 58,235  policy_loss=-0.0016  value_loss=0.4145  mi_loss=0.0001  mi_valid=0.82  div_loss=0.0024  kl_loss=0.0000 (disabled)  score=0.573  return=-0.409  role_std=0.3103  role_norm=0.5296  enc_delta ego=0.0078 partner=0.0061 road=0.0063
[ROMA step  246,153,216] sps= 58,167  policy_loss=-0.0028  value_loss=0.4263  mi_loss=0.0001  mi_valid=0.78  div_loss=0.0048  kl_loss=0.0000 (disabled)  score=0.574  return=-0.395  role_std=0.3477  role_norm=0.5848  enc_delta ego=0.0072 partner=0.0055 road=0.0055
[ROMA step  246,939,648] sps= 58,217  policy_loss=-0.0003  value_loss=0.3375  mi_loss=0.0001  mi_valid=0.81  div_loss=0.0002  kl_loss=0.0000 (disabled)  score=0.575  return=-0.386  role_std=0.3819  role_norm=0.6402  enc_delta ego=0.0104 partner=0.0095 road=0.0093
[ROMA step  247,726,080] sps= 58,265  policy_loss=-0.0005  value_loss=0.3570  mi_loss=0.0001  mi_valid=0.81  div_loss=0.0011  kl_loss=0.0000 (disabled)  score=0.576  return=-0.378  role_std=0.4036  role_norm=0.6922  enc_delta ego=0.0105 partner=0.0073 road=0.0075
[ROMA step  248,512,512] sps= 58,314  policy_loss=0.0033  value_loss=0.3770  mi_loss=0.0001  mi_valid=0.81  div_loss=0.0034  kl_loss=0.0000 (disabled)  score=0.577  return=-0.370  role_std=0.4385  role_norm=0.7431  enc_delta ego=0.0095 partner=0.0063 road=0.0055
[ROMA step  249,298,944] sps= 58,245  policy_loss=-0.0005  value_loss=0.4130  mi_loss=0.0001  mi_valid=0.80  div_loss=0.0015  kl_loss=0.0000 (disabled)  score=0.578  return=-0.363  role_std=0.3348  role_norm=0.5591  enc_delta ego=0.0084 partner=0.0074 road=0.0064
[ROMA step  250,085,376] sps= 58,295  policy_loss=-0.0034  value_loss=0.3819  mi_loss=0.0001  mi_valid=0.80  div_loss=0.0021  kl_loss=0.0000 (disabled)  score=0.580  return=-0.354  role_std=0.3401  role_norm=0.5658  enc_delta ego=0.0080 partner=0.0064 road=0.0060
[ROMA step  250,871,808] sps= 58,342  policy_loss=-0.0031  value_loss=0.3969  mi_loss=0.0001  mi_valid=0.81  div_loss=0.0020  kl_loss=0.0000 (disabled)  score=0.581  return=-0.344  role_std=0.3515  role_norm=0.5909  enc_delta ego=0.0077 partner=0.0064 road=0.0061
[ROMA step  251,658,240] sps= 58,286  policy_loss=-0.0055  value_loss=0.3808  mi_loss=0.0001  mi_valid=0.78  div_loss=0.0007  kl_loss=0.0000 (disabled)  score=0.583  return=-0.335  role_std=0.4215  role_norm=0.7060  enc_delta ego=0.0101 partner=0.0072 road=0.0066
[ROMA step  252,444,672] sps= 58,336  policy_loss=0.0033  value_loss=0.3840  mi_loss=0.0001  mi_valid=0.81  div_loss=0.0025  kl_loss=0.0000 (disabled)  score=0.584  return=-0.325  role_std=0.4157  role_norm=0.7037  enc_delta ego=0.0093 partner=0.0092 road=0.0087
[ROMA step  253,231,104] sps= 58,385  policy_loss=0.0007  value_loss=0.4626  mi_loss=0.0001  mi_valid=0.83  div_loss=0.0100  kl_loss=0.0000 (disabled)  score=0.585  return=-0.319  role_std=0.3298  role_norm=0.5478  enc_delta ego=0.0116 partner=0.0106 road=0.0087
[ROMA step  254,017,536] sps= 58,434  policy_loss=-0.0091  value_loss=0.4023  mi_loss=0.0001  mi_valid=0.80  div_loss=0.0198  kl_loss=0.0000 (disabled)  score=0.586  return=-0.309  role_std=0.3361  role_norm=0.5639  enc_delta ego=0.0092 partner=0.0089 road=0.0085
[ROMA step  254,803,968] sps= 58,333  policy_loss=0.0087  value_loss=0.4254  mi_loss=0.0001  mi_valid=0.77  div_loss=0.0002  kl_loss=0.0000 (disabled)  score=0.587  return=-0.299  role_std=0.3617  role_norm=0.6276  enc_delta ego=0.0077 partner=0.0069 road=0.0068
[ROMA step  255,590,400] sps= 58,380  policy_loss=-0.0058  value_loss=0.4322  mi_loss=0.0001  mi_valid=0.80  div_loss=0.0002  kl_loss=0.0000 (disabled)  score=0.589  return=-0.292  role_std=0.4061  role_norm=0.6940  enc_delta ego=0.0136 partner=0.0110 road=0.0098
[ROMA step  256,376,832] sps= 58,428  policy_loss=0.0057  value_loss=0.4734  mi_loss=0.0001  mi_valid=0.80  div_loss=0.0305  kl_loss=0.0000 (disabled)  score=0.591  return=-0.284  role_std=0.4269  role_norm=0.7515  enc_delta ego=0.0058 partner=0.0046 road=0.0049
[ROMA step  257,163,264] sps= 58,476  policy_loss=0.0038  value_loss=0.4307  mi_loss=0.0001  mi_valid=0.82  div_loss=0.0009  kl_loss=0.0000 (disabled)  score=0.592  return=-0.277  role_std=0.3982  role_norm=0.7188  enc_delta ego=0.0110 partner=0.0090 road=0.0084
[ROMA step  257,949,696] sps= 58,401  policy_loss=0.0057  value_loss=0.4455  mi_loss=0.0001  mi_valid=0.79  div_loss=0.0019  kl_loss=0.0000 (disabled)  score=0.593  return=-0.274  role_std=0.3477  role_norm=0.5982  enc_delta ego=0.0103 partner=0.0090 road=0.0081
[ROMA step  258,736,128] sps= 58,449  policy_loss=-0.0098  value_loss=0.3914  mi_loss=0.0001  mi_valid=0.80  div_loss=0.0195  kl_loss=0.0000 (disabled)  score=0.594  return=-0.268  role_std=0.3447  role_norm=0.5851  enc_delta ego=0.0130 partner=0.0115 road=0.0114
[ROMA step  259,522,560] sps= 58,498  policy_loss=0.0014  value_loss=0.3628  mi_loss=0.0001  mi_valid=0.80  div_loss=0.0047  kl_loss=0.0000 (disabled)  score=0.595  return=-0.263  role_std=0.3791  role_norm=0.6456  enc_delta ego=0.0089 partner=0.0080 road=0.0085
[ROMA step  260,308,992] sps= 58,435  policy_loss=-0.0004  value_loss=0.3644  mi_loss=0.0001  mi_valid=0.78  div_loss=0.0165  kl_loss=0.0000 (disabled)  score=0.596  return=-0.259  role_std=0.4025  role_norm=0.6935  enc_delta ego=0.0065 partner=0.0047 road=0.0044
[ROMA step  261,095,424] sps= 58,481  policy_loss=0.0004  value_loss=0.4457  mi_loss=0.0001  mi_valid=0.82  div_loss=0.0183  kl_loss=0.0000 (disabled)  score=0.596  return=-0.254  role_std=0.3627  role_norm=0.6878  enc_delta ego=0.0075 partner=0.0070 road=0.0073
[ROMA step  261,881,856] sps= 58,526  policy_loss=-0.0050  value_loss=0.3579  mi_loss=0.0001  mi_valid=0.83  div_loss=0.0059  kl_loss=0.0000 (disabled)  score=0.596  return=-0.252  role_std=0.3208  role_norm=0.5790  enc_delta ego=0.0091 partner=0.0104 road=0.0100
[ROMA step  262,668,288] sps= 58,570  policy_loss=0.0018  value_loss=0.3697  mi_loss=0.0001  mi_valid=0.80  div_loss=0.0005  kl_loss=0.0000 (disabled)  score=0.596  return=-0.248  role_std=0.3282  role_norm=0.5596  enc_delta ego=0.0091 partner=0.0094 road=0.0092
[ROMA step  263,454,720] sps= 58,496  policy_loss=-0.0043  value_loss=0.3886  mi_loss=0.0001  mi_valid=0.77  div_loss=0.0039  kl_loss=0.0000 (disabled)  score=0.596  return=-0.246  role_std=0.3777  role_norm=0.6407  enc_delta ego=0.0110 partner=0.0118 road=0.0103
[ROMA step  264,241,152] sps= 58,541  policy_loss=-0.0041  value_loss=0.3504  mi_loss=0.0001  mi_valid=0.80  div_loss=0.0026  kl_loss=0.0000 (disabled)  score=0.596  return=-0.243  role_std=0.4063  role_norm=0.6857  enc_delta ego=0.0082 partner=0.0088 road=0.0087
[ROMA step  265,027,584] sps= 58,586  policy_loss=0.0038  value_loss=0.3588  mi_loss=0.0001  mi_valid=0.80  div_loss=0.0031  kl_loss=0.0000 (disabled)  score=0.596  return=-0.240  role_std=0.3883  role_norm=0.6705  enc_delta ego=0.0056 partner=0.0061 road=0.0050
[ROMA step  265,814,016] sps= 58,469  policy_loss=-0.0052  value_loss=0.4055  mi_loss=0.0001  mi_valid=0.80  div_loss=0.0132  kl_loss=0.0000 (disabled)  score=0.596  return=-0.236  role_std=0.3387  role_norm=0.5813  enc_delta ego=0.0071 partner=0.0081 road=0.0063
[ROMA step  266,600,448] sps= 58,515  policy_loss=-0.0050  value_loss=0.3640  mi_loss=0.0001  mi_valid=0.80  div_loss=0.0024  kl_loss=0.0000 (disabled)  score=0.596  return=-0.234  role_std=0.3411  role_norm=0.5993  enc_delta ego=0.0115 partner=0.0108 road=0.0083
[ROMA step  267,386,880] sps= 58,562  policy_loss=-0.0070  value_loss=0.3294  mi_loss=0.0001  mi_valid=0.80  div_loss=0.0005  kl_loss=0.0000 (disabled)  score=0.596  return=-0.230  role_std=0.3585  role_norm=0.6191  enc_delta ego=0.0066 partner=0.0063 road=0.0049
[ROMA step  268,173,312] sps= 58,607  policy_loss=0.0081  value_loss=0.3365  mi_loss=0.0001  mi_valid=0.80  div_loss=0.0007  kl_loss=0.0000 (disabled)  score=0.597  return=-0.227  role_std=0.4189  role_norm=0.7166  enc_delta ego=0.0063 partner=0.0064 road=0.0054
[ROMA step  268,959,744] sps= 58,542  policy_loss=0.0004  value_loss=0.3504  mi_loss=0.0001  mi_valid=0.77  div_loss=0.0001  kl_loss=0.0000 (disabled)  score=0.597  return=-0.221  role_std=0.4275  role_norm=0.7282  enc_delta ego=0.0072 partner=0.0057 road=0.0052
[ROMA step  269,746,176] sps= 58,588  policy_loss=-0.0029  value_loss=0.3464  mi_loss=0.0001  mi_valid=0.82  div_loss=0.0024  kl_loss=0.0000 (disabled)  score=0.597  return=-0.216  role_std=0.3303  role_norm=0.5722  enc_delta ego=0.0091 partner=0.0075 road=0.0072
[ROMA step  270,532,608] sps= 58,634  policy_loss=-0.0035  value_loss=0.3313  mi_loss=0.0001  mi_valid=0.81  div_loss=0.0001  kl_loss=0.0000 (disabled)  score=0.597  return=-0.209  role_std=0.3209  role_norm=0.5511  enc_delta ego=0.0084 partner=0.0079 road=0.0077
[ROMA step  271,319,040] sps= 58,564  policy_loss=-0.0013  value_loss=0.3136  mi_loss=0.0001  mi_valid=0.77  div_loss=0.0042  kl_loss=0.0000 (disabled)  score=0.598  return=-0.203  role_std=0.3408  role_norm=0.5830  enc_delta ego=0.0076 partner=0.0045 road=0.0048
[ROMA step  272,105,472] sps= 58,609  policy_loss=0.0022  value_loss=0.3246  mi_loss=0.0001  mi_valid=0.80  div_loss=0.0012  kl_loss=0.0000 (disabled)  score=0.599  return=-0.196  role_std=0.3869  role_norm=0.6558  enc_delta ego=0.0110 partner=0.0077 road=0.0077
[ROMA step  272,891,904] sps= 58,653  policy_loss=-0.0069  value_loss=0.3210  mi_loss=0.0001  mi_valid=0.80  div_loss=0.0074  kl_loss=0.0000 (disabled)  score=0.600  return=-0.192  role_std=0.4324  role_norm=0.7361  enc_delta ego=0.0091 partner=0.0088 road=0.0084
[ROMA step  273,678,336] sps= 58,697  policy_loss=-0.0015  value_loss=0.3553  mi_loss=0.0001  mi_valid=0.80  div_loss=0.0041  kl_loss=0.0000 (disabled)  score=0.601  return=-0.189  role_std=0.4149  role_norm=0.7100  enc_delta ego=0.0058 partner=0.0059 road=0.0048
[ROMA step  274,464,768] sps= 58,636  policy_loss=-0.0010  value_loss=0.3652  mi_loss=0.0001  mi_valid=0.80  div_loss=0.0100  kl_loss=0.0000 (disabled)  score=0.603  return=-0.185  role_std=0.3189  role_norm=0.5465  enc_delta ego=0.0074 partner=0.0087 road=0.0076
[ROMA step  275,251,200] sps= 58,676  policy_loss=0.0012  value_loss=0.3100  mi_loss=0.0001  mi_valid=0.80  div_loss=0.0007  kl_loss=0.0000 (disabled)  score=0.605  return=-0.180  role_std=0.3331  role_norm=0.5701  enc_delta ego=0.0097 partner=0.0099 road=0.0097
[ROMA step  276,037,632] sps= 58,719  policy_loss=0.0023  value_loss=0.3249  mi_loss=0.0001  mi_valid=0.80  div_loss=0.0013  kl_loss=0.0000 (disabled)  score=0.606  return=-0.174  role_std=0.3594  role_norm=0.6038  enc_delta ego=0.0080 partner=0.0079 road=0.0065
[ROMA step  276,824,064] sps= 58,636  policy_loss=-0.0002  value_loss=0.3126  mi_loss=0.0001  mi_valid=0.77  div_loss=0.0009  kl_loss=0.0000 (disabled)  score=0.607  return=-0.169  role_std=0.4353  role_norm=0.7389  enc_delta ego=0.0065 partner=0.0077 road=0.0071
[ROMA step  277,610,496] sps= 58,679  policy_loss=-0.0025  value_loss=0.3141  mi_loss=0.0001  mi_valid=0.80  div_loss=0.0002  kl_loss=0.0000 (disabled)  score=0.607  return=-0.165  role_std=0.4388  role_norm=0.7561  enc_delta ego=0.0104 partner=0.0105 road=0.0105
[ROMA step  278,396,928] sps= 58,719  policy_loss=-0.0050  value_loss=0.3412  mi_loss=0.0001  mi_valid=0.83  div_loss=0.0008  kl_loss=0.0000 (disabled)  score=0.607  return=-0.164  role_std=0.3212  role_norm=0.5615  enc_delta ego=0.0059 partner=0.0052 road=0.0055
[ROMA step  279,183,360] sps= 58,761  policy_loss=-0.0031  value_loss=0.3142  mi_loss=0.0001  mi_valid=0.80  div_loss=0.0016  kl_loss=0.0000 (disabled)  score=0.608  return=-0.158  role_std=0.3282  role_norm=0.5655  enc_delta ego=0.0079 partner=0.0064 road=0.0062
[ROMA step  279,969,792] sps= 58,673  policy_loss=0.0042  value_loss=0.2948  mi_loss=0.0001  mi_valid=0.77  div_loss=0.0061  kl_loss=0.0000 (disabled)  score=0.609  return=-0.151  role_std=0.3644  role_norm=0.6257  enc_delta ego=0.0097 partner=0.0093 road=0.0087
[ROMA step  280,756,224] sps= 58,716  policy_loss=-0.0011  value_loss=0.3035  mi_loss=0.0001  mi_valid=0.80  div_loss=0.0006  kl_loss=0.0000 (disabled)  score=0.610  return=-0.143  role_std=0.3986  role_norm=0.6721  enc_delta ego=0.0073 partner=0.0064 road=0.0067
[ROMA step  281,542,656] sps= 58,757  policy_loss=-0.0042  value_loss=0.2908  mi_loss=0.0001  mi_valid=0.80  div_loss=0.0016  kl_loss=0.0000 (disabled)  score=0.611  return=-0.134  role_std=0.4185  role_norm=0.7129  enc_delta ego=0.0117 partner=0.0117 road=0.0104
[ROMA step  282,329,088] sps= 58,799  policy_loss=-0.0033  value_loss=0.3037  mi_loss=0.0001  mi_valid=0.81  div_loss=0.0049  kl_loss=0.0000 (disabled)  score=0.612  return=-0.127  role_std=0.4347  role_norm=0.7521  enc_delta ego=0.0095 partner=0.0080 road=0.0076
[ROMA step  283,115,520] sps= 58,726  policy_loss=0.0007  value_loss=0.3987  mi_loss=0.0001  mi_valid=0.80  div_loss=0.0031  kl_loss=0.0000 (disabled)  score=0.612  return=-0.125  role_std=0.3067  role_norm=0.5209  enc_delta ego=0.0067 partner=0.0074 road=0.0081
[ROMA step  283,901,952] sps= 58,768  policy_loss=0.0085  value_loss=0.3451  mi_loss=0.0001  mi_valid=0.80  div_loss=0.0048  kl_loss=0.0000 (disabled)  score=0.612  return=-0.119  role_std=0.3421  role_norm=0.5861  enc_delta ego=0.0065 partner=0.0063 road=0.0066
[ROMA step  284,688,384] sps= 58,810  policy_loss=-0.0087  value_loss=0.3308  mi_loss=0.0001  mi_valid=0.80  div_loss=0.0023  kl_loss=0.0000 (disabled)  score=0.613  return=-0.115  role_std=0.3705  role_norm=0.6290  enc_delta ego=0.0056 partner=0.0058 road=0.0057
[ROMA step  285,474,816] sps= 58,719  policy_loss=-0.0042  value_loss=0.3018  mi_loss=0.0001  mi_valid=0.77  div_loss=0.0017  kl_loss=0.0000 (disabled)  score=0.613  return=-0.112  role_std=0.4094  role_norm=0.7050  enc_delta ego=0.0132 partner=0.0126 road=0.0106
[ROMA step  286,261,248] sps= 58,761  policy_loss=-0.0036  value_loss=0.3265  mi_loss=0.0001  mi_valid=0.81  div_loss=0.0018  kl_loss=0.0000 (disabled)  score=0.615  return=-0.106  role_std=0.4115  role_norm=0.7061  enc_delta ego=0.0108 partner=0.0091 road=0.0084
[ROMA step  287,047,680] sps= 58,803  policy_loss=0.0044  value_loss=0.3571  mi_loss=0.0001  mi_valid=0.82  div_loss=0.0001  kl_loss=0.0000 (disabled)  score=0.615  return=-0.104  role_std=0.3003  role_norm=0.5097  enc_delta ego=0.0077 partner=0.0061 road=0.0057
[ROMA step  287,834,112] sps= 58,844  policy_loss=-0.0076  value_loss=0.3293  mi_loss=0.0001  mi_valid=0.79  div_loss=0.0035  kl_loss=0.0000 (disabled)  score=0.616  return=-0.098  role_std=0.3169  role_norm=0.5499  enc_delta ego=0.0089 partner=0.0062 road=0.0063
[ROMA step  288,620,544] sps= 58,737  policy_loss=-0.0022  value_loss=0.3034  mi_loss=0.0001  mi_valid=0.77  div_loss=0.0046  kl_loss=0.0000 (disabled)  score=0.618  return=-0.093  role_std=0.3618  role_norm=0.6349  enc_delta ego=0.0089 partner=0.0103 road=0.0121
[ROMA step  289,406,976] sps= 58,780  policy_loss=-0.0036  value_loss=0.2977  mi_loss=0.0001  mi_valid=0.80  div_loss=0.0044  kl_loss=0.0000 (disabled)  score=0.619  return=-0.088  role_std=0.3925  role_norm=0.6821  enc_delta ego=0.0057 partner=0.0067 road=0.0062
[ROMA step  290,193,408] sps= 58,823  policy_loss=0.0034  value_loss=0.3154  mi_loss=0.0001  mi_valid=0.80  div_loss=0.0044  kl_loss=0.0000 (disabled)  score=0.620  return=-0.084  role_std=0.4210  role_norm=0.7286  enc_delta ego=0.0054 partner=0.0057 road=0.0048
[ROMA step  290,979,840] sps= 58,459  policy_loss=0.0008  value_loss=0.3226  mi_loss=0.0001  mi_valid=0.80  div_loss=0.0131  kl_loss=0.0000 (disabled)  score=0.620  return=-0.081  role_std=0.3792  role_norm=0.6083  enc_delta ego=0.0054 partner=0.0051 road=0.0047
[ROMA step  291,766,272] sps= 58,499  policy_loss=0.0034  value_loss=0.3527  mi_loss=0.0001  mi_valid=0.80  div_loss=0.0092  kl_loss=0.0000 (disabled)  score=0.621  return=-0.077  role_std=0.3515  role_norm=0.5943  enc_delta ego=0.0061 partner=0.0065 road=0.0064
[ROMA step  292,552,704] sps= 58,522  policy_loss=-0.0027  value_loss=0.3177  mi_loss=0.0001  mi_valid=0.80  div_loss=0.0040  kl_loss=0.0000 (disabled)  score=0.620  return=-0.075  role_std=0.3702  role_norm=0.6228  enc_delta ego=0.0055 partner=0.0068 road=0.0061
[ROMA step  293,339,136] sps= 58,560  policy_loss=-0.0053  value_loss=0.2862  mi_loss=0.0001  mi_valid=0.80  div_loss=0.0005  kl_loss=0.0000 (disabled)  score=0.621  return=-0.072  role_std=0.3988  role_norm=0.6608  enc_delta ego=0.0078 partner=0.0071 road=0.0060
[ROMA step  294,125,568] sps= 58,016  policy_loss=-0.0012  value_loss=0.2975  mi_loss=0.0001  mi_valid=0.77  div_loss=0.0021  kl_loss=0.0000 (disabled)  score=0.620  return=-0.071  role_std=0.4299  role_norm=0.7279  enc_delta ego=0.0097 partner=0.0073 road=0.0080
[ROMA step  294,912,000] sps= 58,057  policy_loss=-0.0035  value_loss=0.2674  mi_loss=0.0001  mi_valid=0.83  div_loss=0.0005  kl_loss=0.0000 (disabled)  score=0.620  return=-0.068  role_std=0.3944  role_norm=0.6383  enc_delta ego=0.0079 partner=0.0104 road=0.0078
[ROMA step  295,698,432] sps= 58,098  policy_loss=-0.0016  value_loss=0.2867  mi_loss=0.0001  mi_valid=0.83  div_loss=0.0000  kl_loss=0.0000 (disabled)  score=0.620  return=-0.067  role_std=0.3861  role_norm=0.6372  enc_delta ego=0.0114 partner=0.0107 road=0.0086
[ROMA step  296,484,864] sps= 57,592  policy_loss=0.0028  value_loss=0.2968  mi_loss=0.0001  mi_valid=0.78  div_loss=0.0008  kl_loss=0.0000 (disabled)  score=0.619  return=-0.066  role_std=0.3943  role_norm=0.6455  enc_delta ego=0.0091 partner=0.0097 road=0.0073
[ROMA step  297,271,296] sps= 57,632  policy_loss=-0.0001  value_loss=0.3518  mi_loss=0.0001  mi_valid=0.80  div_loss=0.0010  kl_loss=0.0000 (disabled)  score=0.618  return=-0.067  role_std=0.4263  role_norm=0.6936  enc_delta ego=0.0082 partner=0.0095 road=0.0079
[ROMA step  298,057,728] sps= 57,672  policy_loss=0.0005  value_loss=0.3478  mi_loss=0.0001  mi_valid=0.81  div_loss=0.0005  kl_loss=0.0000 (disabled)  score=0.617  return=-0.070  role_std=0.4525  role_norm=0.7417  enc_delta ego=0.0061 partner=0.0066 road=0.0055
[ROMA step  298,844,160] sps= 57,713  policy_loss=-0.0017  value_loss=0.3598  mi_loss=0.0001  mi_valid=0.80  div_loss=0.0013  kl_loss=0.0000 (disabled)  score=0.616  return=-0.073  role_std=0.4462  role_norm=0.7506  enc_delta ego=0.0069 partner=0.0074 road=0.0067
[ROMA step  299,630,592] sps= 57,226  policy_loss=-0.0110  value_loss=0.3383  mi_loss=0.0001  mi_valid=0.80  div_loss=0.0004  kl_loss=0.0000 (disabled)  score=0.616  return=-0.072  role_std=0.3528  role_norm=0.5816  enc_delta ego=0.0099 partner=0.0104 road=0.0092
[ROMA step  300,417,024] sps= 57,267  policy_loss=0.0015  value_loss=0.3340  mi_loss=0.0001  mi_valid=0.80  div_loss=0.0035  kl_loss=0.0000 (disabled)  score=0.615  return=-0.073  role_std=0.3456  role_norm=0.5855  enc_delta ego=0.0076 partner=0.0080 road=0.0073
[ROMA step  301,203,456] sps= 57,310  policy_loss=-0.0062  value_loss=0.3360  mi_loss=0.0001  mi_valid=0.80  div_loss=0.0012  kl_loss=0.0000 (disabled)  score=0.614  return=-0.071  role_std=0.3931  role_norm=0.6515  enc_delta ego=0.0066 partner=0.0060 road=0.0056
[ROMA step  301,989,888] sps= 56,721  policy_loss=0.0001  value_loss=0.3120  mi_loss=0.0001  mi_valid=0.77  div_loss=0.0017  kl_loss=0.0000 (disabled)  score=0.614  return=-0.069  role_std=0.4327  role_norm=0.7248  enc_delta ego=0.0091 partner=0.0074 road=0.0057
[ROMA step  302,776,320] sps= 56,763  policy_loss=-0.0033  value_loss=0.3005  mi_loss=0.0001  mi_valid=0.80  div_loss=0.0119  kl_loss=0.0000 (disabled)  score=0.613  return=-0.070  role_std=0.4405  role_norm=0.7549  enc_delta ego=0.0078 partner=0.0083 road=0.0086
[ROMA step  303,562,752] sps= 56,796  policy_loss=-0.0054  value_loss=0.3176  mi_loss=0.0001  mi_valid=0.83  div_loss=0.0001  kl_loss=0.0000 (disabled)  score=0.612  return=-0.071  role_std=0.3730  role_norm=0.6083  enc_delta ego=0.0081 partner=0.0088 road=0.0074
[ROMA step  304,349,184] sps= 56,831  policy_loss=-0.0022  value_loss=0.3129  mi_loss=0.0001  mi_valid=0.81  div_loss=0.0009  kl_loss=0.0000 (disabled)  score=0.611  return=-0.073  role_std=0.3614  role_norm=0.5905  enc_delta ego=0.0128 partner=0.0099 road=0.0085
[ROMA step  305,135,616] sps= 56,274  policy_loss=-0.0017  value_loss=0.3277  mi_loss=0.0001  mi_valid=0.78  div_loss=0.0024  kl_loss=0.0000 (disabled)  score=0.609  return=-0.074  role_std=0.4114  role_norm=0.6631  enc_delta ego=0.0078 partner=0.0078 road=0.0082
[ROMA step  305,922,048] sps= 56,316  policy_loss=0.0007  value_loss=0.2743  mi_loss=0.0001  mi_valid=0.80  div_loss=0.0016  kl_loss=0.0000 (disabled)  score=0.610  return=-0.073  role_std=0.4444  role_norm=0.7180  enc_delta ego=0.0089 partner=0.0093 road=0.0091
[ROMA step  306,708,480] sps= 56,358  policy_loss=-0.0007  value_loss=0.2616  mi_loss=0.0001  mi_valid=0.80  div_loss=0.0028  kl_loss=0.0000 (disabled)  score=0.610  return=-0.069  role_std=0.4481  role_norm=0.7482  enc_delta ego=0.0080 partner=0.0060 road=0.0072
[ROMA step  307,494,912] sps= 56,398  policy_loss=-0.0058  value_loss=0.2968  mi_loss=0.0001  mi_valid=0.81  div_loss=0.0007  kl_loss=0.0000 (disabled)  score=0.609  return=-0.069  role_std=0.4800  role_norm=0.8045  enc_delta ego=0.0091 partner=0.0061 road=0.0061
[ROMA step  308,281,344] sps= 55,948  policy_loss=-0.0016  value_loss=0.3202  mi_loss=0.0001  mi_valid=0.81  div_loss=0.0035  kl_loss=0.0000 (disabled)  score=0.610  return=-0.067  role_std=0.3614  role_norm=0.6163  enc_delta ego=0.0087 partner=0.0085 road=0.0086
[ROMA step  309,067,776] sps= 55,988  policy_loss=-0.0009  value_loss=0.2905  mi_loss=0.0001  mi_valid=0.80  div_loss=0.0069  kl_loss=0.0000 (disabled)  score=0.611  return=-0.063  role_std=0.3518  role_norm=0.5911  enc_delta ego=0.0088 partner=0.0088 road=0.0080
[ROMA step  309,854,208] sps= 56,029  policy_loss=-0.0003  value_loss=0.2522  mi_loss=0.0001  mi_valid=0.80  div_loss=0.0006  kl_loss=0.0000 (disabled)  score=0.612  return=-0.060  role_std=0.3811  role_norm=0.6354  enc_delta ego=0.0072 partner=0.0076 road=0.0069
[ROMA step  310,640,640] sps= 55,692  policy_loss=-0.0002  value_loss=0.2793  mi_loss=0.0001  mi_valid=0.78  div_loss=0.0004  kl_loss=0.0000 (disabled)  score=0.613  return=-0.057  role_std=0.4673  role_norm=0.7724  enc_delta ego=0.0046 partner=0.0050 road=0.0044
[ROMA step  311,427,072] sps= 55,734  policy_loss=0.0007  value_loss=0.2977  mi_loss=0.0001  mi_valid=0.81  div_loss=0.0008  kl_loss=0.0000 (disabled)  score=0.612  return=-0.055  role_std=0.4727  role_norm=0.8070  enc_delta ego=0.0078 partner=0.0095 road=0.0088
[ROMA step  312,213,504] sps= 55,775  policy_loss=-0.0027  value_loss=0.3084  mi_loss=0.0001  mi_valid=0.83  div_loss=0.0053  kl_loss=0.0000 (disabled)  score=0.611  return=-0.054  role_std=0.3600  role_norm=0.6037  enc_delta ego=0.0100 partner=0.0095 road=0.0084
[ROMA step  312,999,936] sps= 55,816  policy_loss=-0.0026  value_loss=0.3065  mi_loss=0.0001  mi_valid=0.80  div_loss=0.0048  kl_loss=0.0000 (disabled)  score=0.610  return=-0.052  role_std=0.3669  role_norm=0.6222  enc_delta ego=0.0113 partner=0.0083 road=0.0088
[ROMA step  313,786,368] sps= 55,486  policy_loss=-0.0018  value_loss=0.2914  mi_loss=0.0001  mi_valid=0.77  div_loss=0.0008  kl_loss=0.0000 (disabled)  score=0.609  return=-0.050  role_std=0.3868  role_norm=0.6556  enc_delta ego=0.0080 partner=0.0074 road=0.0077
[ROMA step  314,572,800] sps= 55,529  policy_loss=-0.0059  value_loss=0.2565  mi_loss=0.0001  mi_valid=0.80  div_loss=0.0005  kl_loss=0.0000 (disabled)  score=0.608  return=-0.049  role_std=0.4448  role_norm=0.7453  enc_delta ego=0.0117 partner=0.0089 road=0.0084
[ROMA step  315,359,232] sps= 55,572  policy_loss=-0.0013  value_loss=0.2352  mi_loss=0.0001  mi_valid=0.80  div_loss=0.0007  kl_loss=0.0000 (disabled)  score=0.608  return=-0.047  role_std=0.4751  role_norm=0.7995  enc_delta ego=0.0110 partner=0.0074 road=0.0075
[ROMA step  316,145,664] sps= 55,236  policy_loss=-0.0025  value_loss=0.3100  mi_loss=0.0001  mi_valid=0.80  div_loss=0.0020  kl_loss=0.0000 (disabled)  score=0.608  return=-0.048  role_std=0.3558  role_norm=0.5947  enc_delta ego=0.0105 partner=0.0075 road=0.0082
[ROMA step  316,932,096] sps= 55,277  policy_loss=0.0016  value_loss=0.3755  mi_loss=0.0001  mi_valid=0.80  div_loss=0.0007  kl_loss=0.0000 (disabled)  score=0.607  return=-0.051  role_std=0.3600  role_norm=0.5996  enc_delta ego=0.0133 partner=0.0093 road=0.0097
[ROMA step  317,718,528] sps= 55,319  policy_loss=0.0033  value_loss=0.3268  mi_loss=0.0001  mi_valid=0.80  div_loss=0.0002  kl_loss=0.0000 (disabled)  score=0.606  return=-0.054  role_std=0.3754  role_norm=0.6296  enc_delta ego=0.0120 partner=0.0100 road=0.0103
[ROMA step  318,504,960] sps= 55,361  policy_loss=0.0002  value_loss=0.3680  mi_loss=0.0001  mi_valid=0.80  div_loss=0.0005  kl_loss=0.0000 (disabled)  score=0.606  return=-0.057  role_std=0.4197  role_norm=0.6981  enc_delta ego=0.0121 partner=0.0066 road=0.0067
[ROMA step  319,291,392] sps= 55,073  policy_loss=-0.0061  value_loss=0.3861  mi_loss=0.0001  mi_valid=0.78  div_loss=0.0001  kl_loss=0.0000 (disabled)  score=0.605  return=-0.060  role_std=0.4604  role_norm=0.7739  enc_delta ego=0.0132 partner=0.0084 road=0.0072
[ROMA step  320,077,824] sps= 55,114  policy_loss=-0.0032  value_loss=0.3611  mi_loss=0.0001  mi_valid=0.82  div_loss=0.0009  kl_loss=0.0000 (disabled)  score=0.605  return=-0.062  role_std=0.4202  role_norm=0.7553  enc_delta ego=0.0086 partner=0.0073 road=0.0059
[ROMA step  320,864,256] sps= 55,155  policy_loss=-0.0002  value_loss=0.4045  mi_loss=0.0001  mi_valid=0.83  div_loss=0.0036  kl_loss=0.0000 (disabled)  score=0.604  return=-0.063  role_std=0.3847  role_norm=0.6171  enc_delta ego=0.0067 partner=0.0065 road=0.0058
[ROMA step  321,650,688] sps= 54,885  policy_loss=0.0009  value_loss=0.4611  mi_loss=0.0001  mi_valid=0.78  div_loss=0.0001  kl_loss=0.0000 (disabled)  score=0.603  return=-0.068  role_std=0.4014  role_norm=0.6665  enc_delta ego=0.0139 partner=0.0081 road=0.0065
[ROMA step  322,437,120] sps= 54,926  policy_loss=-0.0006  value_loss=0.4046  mi_loss=0.0001  mi_valid=0.81  div_loss=0.0004  kl_loss=0.0000 (disabled)  score=0.601  return=-0.076  role_std=0.4296  role_norm=0.7047  enc_delta ego=0.0099 partner=0.0092 road=0.0068
[ROMA step  323,223,552] sps= 54,967  policy_loss=0.0003  value_loss=0.3275  mi_loss=0.0001  mi_valid=0.81  div_loss=0.0052  kl_loss=0.0000 (disabled)  score=0.599  return=-0.081  role_std=0.4484  role_norm=0.7540  enc_delta ego=0.0067 partner=0.0076 road=0.0067
[ROMA step  324,009,984] sps= 55,007  policy_loss=-0.0019  value_loss=0.3401  mi_loss=0.0001  mi_valid=0.81  div_loss=0.0006  kl_loss=0.0000 (disabled)  score=0.596  return=-0.088  role_std=0.4460  role_norm=0.7764  enc_delta ego=0.0073 partner=0.0066 road=0.0058
[ROMA step  324,796,416] sps= 54,680  policy_loss=-0.0006  value_loss=0.4306  mi_loss=0.0001  mi_valid=0.81  div_loss=0.0029  kl_loss=0.0000 (disabled)  score=0.595  return=-0.092  role_std=0.3458  role_norm=0.5728  enc_delta ego=0.0083 partner=0.0085 road=0.0077
[ROMA step  325,582,848] sps= 54,721  policy_loss=-0.0001  value_loss=0.4309  mi_loss=0.0001  mi_valid=0.81  div_loss=0.0004  kl_loss=0.0000 (disabled)  score=0.593  return=-0.098  role_std=0.3942  role_norm=0.6395  enc_delta ego=0.0083 partner=0.0098 road=0.0086
[ROMA step  326,369,280] sps= 54,762  policy_loss=-0.0044  value_loss=0.3939  mi_loss=0.0001  mi_valid=0.81  div_loss=0.0025  kl_loss=0.0000 (disabled)  score=0.591  return=-0.102  role_std=0.4046  role_norm=0.6671  enc_delta ego=0.0076 partner=0.0096 road=0.0073
[ROMA step  327,155,712] sps= 54,508  policy_loss=0.0023  value_loss=0.3889  mi_loss=0.0001  mi_valid=0.78  div_loss=0.0041  kl_loss=0.0000 (disabled)  score=0.589  return=-0.106  role_std=0.4591  role_norm=0.7617  enc_delta ego=0.0064 partner=0.0068 road=0.0056
[ROMA step  327,942,144] sps= 54,550  policy_loss=0.0002  value_loss=0.3559  mi_loss=0.0001  mi_valid=0.82  div_loss=0.0005  kl_loss=0.0000 (disabled)  score=0.587  return=-0.109  role_std=0.4616  role_norm=0.7886  enc_delta ego=0.0060 partner=0.0075 road=0.0062
[ROMA step  328,728,576] sps= 54,591  policy_loss=-0.0045  value_loss=0.3060  mi_loss=0.0001  mi_valid=0.84  div_loss=0.0075  kl_loss=0.0000 (disabled)  score=0.586  return=-0.109  role_std=0.3442  role_norm=0.5713  enc_delta ego=0.0087 partner=0.0079 road=0.0081
[ROMA step  329,515,008] sps= 54,630  policy_loss=0.0037  value_loss=0.3481  mi_loss=0.0001  mi_valid=0.83  div_loss=0.0100  kl_loss=0.0000 (disabled)  score=0.585  return=-0.109  role_std=0.3533  role_norm=0.5753  enc_delta ego=0.0054 partner=0.0053 road=0.0054
[ROMA step  330,301,440] sps= 54,375  policy_loss=0.0019  value_loss=0.3112  mi_loss=0.0001  mi_valid=0.78  div_loss=0.0001  kl_loss=0.0000 (disabled)  score=0.583  return=-0.110  role_std=0.3767  role_norm=0.6285  enc_delta ego=0.0062 partner=0.0063 road=0.0068
[ROMA step  331,087,872] sps= 54,416  policy_loss=-0.0082  value_loss=0.2894  mi_loss=0.0001  mi_valid=0.81  div_loss=0.0003  kl_loss=0.0000 (disabled)  score=0.581  return=-0.114  role_std=0.4194  role_norm=0.6949  enc_delta ego=0.0077 partner=0.0081 road=0.0083
[ROMA step  331,874,304] sps= 54,457  policy_loss=-0.0018  value_loss=0.2798  mi_loss=0.0001  mi_valid=0.82  div_loss=0.0010  kl_loss=0.0000 (disabled)  score=0.578  return=-0.116  role_std=0.4529  role_norm=0.7476  enc_delta ego=0.0053 partner=0.0053 road=0.0055
[ROMA step  332,660,736] sps= 54,498  policy_loss=-0.0067  value_loss=0.2731  mi_loss=0.0001  mi_valid=0.82  div_loss=0.0014  kl_loss=0.0000 (disabled)  score=0.575  return=-0.119  role_std=0.4438  role_norm=0.7624  enc_delta ego=0.0053 partner=0.0060 road=0.0058
[ROMA step  333,447,168] sps= 54,279  policy_loss=0.0038  value_loss=0.3042  mi_loss=0.0001  mi_valid=0.83  div_loss=0.0057  kl_loss=0.0000 (disabled)  score=0.574  return=-0.118  role_std=0.3270  role_norm=0.5378  enc_delta ego=0.0087 partner=0.0070 road=0.0070
[ROMA step  334,233,600] sps= 54,317  policy_loss=-0.0045  value_loss=0.3059  mi_loss=0.0001  mi_valid=0.82  div_loss=0.0007  kl_loss=0.0000 (disabled)  score=0.570  return=-0.123  role_std=0.3686  role_norm=0.5896  enc_delta ego=0.0062 partner=0.0067 road=0.0061
[ROMA step  335,020,032] sps= 54,358  policy_loss=-0.0025  value_loss=0.2630  mi_loss=0.0001  mi_valid=0.81  div_loss=0.0007  kl_loss=0.0000 (disabled)  score=0.567  return=-0.127  role_std=0.3881  role_norm=0.6348  enc_delta ego=0.0049 partner=0.0045 road=0.0045
[ROMA step  335,806,464] sps= 54,102  policy_loss=-0.0019  value_loss=0.2962  mi_loss=0.0001  mi_valid=0.78  div_loss=0.0004  kl_loss=0.0000 (disabled)  score=0.564  return=-0.130  role_std=0.4677  role_norm=0.7713  enc_delta ego=0.0049 partner=0.0044 road=0.0044
[ROMA step  336,592,896] sps= 54,144  policy_loss=0.0037  value_loss=0.3222  mi_loss=0.0001  mi_valid=0.81  div_loss=0.0011  kl_loss=0.0000 (disabled)  score=0.560  return=-0.138  role_std=0.4848  role_norm=0.8198  enc_delta ego=0.0085 partner=0.0071 road=0.0078
[ROMA step  337,379,328] sps= 54,185  policy_loss=-0.0037  value_loss=0.2872  mi_loss=0.0001  mi_valid=0.83  div_loss=0.0102  kl_loss=0.0000 (disabled)  score=0.558  return=-0.143  role_std=0.3590  role_norm=0.5946  enc_delta ego=0.0088 partner=0.0089 road=0.0096
[ROMA step  338,165,760] sps= 54,226  policy_loss=-0.0029  value_loss=0.3415  mi_loss=0.0001  mi_valid=0.82  div_loss=0.0013  kl_loss=0.0000 (disabled)  score=0.555  return=-0.149  role_std=0.3761  role_norm=0.6258  enc_delta ego=0.0045 partner=0.0050 road=0.0054
[ROMA step  338,952,192] sps= 54,013  policy_loss=0.0016  value_loss=0.2812  mi_loss=0.0001  mi_valid=0.78  div_loss=0.0003  kl_loss=0.0000 (disabled)  score=0.553  return=-0.152  role_std=0.4429  role_norm=0.7309  enc_delta ego=0.0082 partner=0.0095 road=0.0085
[ROMA step  339,738,624] sps= 54,053  policy_loss=-0.0011  value_loss=0.2144  mi_loss=0.0001  mi_valid=0.81  div_loss=0.0004  kl_loss=0.0000 (disabled)  score=0.551  return=-0.154  role_std=0.4678  role_norm=0.7654  enc_delta ego=0.0089 partner=0.0089 road=0.0088
[ROMA step  340,525,056] sps= 54,094  policy_loss=0.0042  value_loss=0.2460  mi_loss=0.0001  mi_valid=0.81  div_loss=0.0003  kl_loss=0.0000 (disabled)  score=0.549  return=-0.156  role_std=0.4613  role_norm=0.7771  enc_delta ego=0.0084 partner=0.0095 road=0.0083
[ROMA step  341,311,488] sps= 53,854  policy_loss=-0.0019  value_loss=0.2256  mi_loss=0.0001  mi_valid=0.81  div_loss=0.0001  kl_loss=0.0000 (disabled)  score=0.548  return=-0.155  role_std=0.3704  role_norm=0.6116  enc_delta ego=0.0053 partner=0.0049 road=0.0045
[ROMA step  342,097,920] sps= 53,894  policy_loss=0.0001  value_loss=0.2349  mi_loss=0.0001  mi_valid=0.81  div_loss=0.0022  kl_loss=0.0000 (disabled)  score=0.546  return=-0.157  role_std=0.3840  role_norm=0.6450  enc_delta ego=0.0078 partner=0.0079 road=0.0077
[ROMA step  342,884,352] sps= 53,934  policy_loss=-0.0055  value_loss=0.2186  mi_loss=0.0001  mi_valid=0.81  div_loss=0.0003  kl_loss=0.0000 (disabled)  score=0.543  return=-0.159  role_std=0.3943  role_norm=0.6459  enc_delta ego=0.0062 partner=0.0062 road=0.0056
[ROMA step  343,670,784] sps= 53,972  policy_loss=-0.0076  value_loss=0.2148  mi_loss=0.0001  mi_valid=0.81  div_loss=0.0106  kl_loss=0.0000 (disabled)  score=0.539  return=-0.160  role_std=0.4114  role_norm=0.6771  enc_delta ego=0.0064 partner=0.0065 road=0.0058
[ROMA step  344,457,216] sps= 53,776  policy_loss=-0.0052  value_loss=0.2505  mi_loss=0.0001  mi_valid=0.78  div_loss=0.0024  kl_loss=0.0000 (disabled)  score=0.536  return=-0.160  role_std=0.4752  role_norm=0.8004  enc_delta ego=0.0080 partner=0.0086 road=0.0085
[ROMA step  345,243,648] sps= 53,814  policy_loss=-0.0100  value_loss=0.2522  mi_loss=0.0001  mi_valid=0.83  div_loss=0.0048  kl_loss=0.0000 (disabled)  score=0.533  return=-0.158  role_std=0.4880  role_norm=0.8436  enc_delta ego=0.0113 partner=0.0092 road=0.0092
[ROMA step  346,030,080] sps= 53,853  policy_loss=0.0018  value_loss=0.2712  mi_loss=0.0001  mi_valid=0.84  div_loss=0.0029  kl_loss=0.0000 (disabled)  score=0.531  return=-0.158  role_std=0.3573  role_norm=0.5968  enc_delta ego=0.0073 partner=0.0064 road=0.0064
[ROMA step  346,816,512] sps= 53,664  policy_loss=-0.0019  value_loss=0.3003  mi_loss=0.0001  mi_valid=0.78  div_loss=0.0000  kl_loss=0.0000 (disabled)  score=0.529  return=-0.156  role_std=0.3833  role_norm=0.6334  enc_delta ego=0.0084 partner=0.0076 road=0.0070
[ROMA step  347,602,944] sps= 53,704  policy_loss=-0.0004  value_loss=0.2887  mi_loss=0.0001  mi_valid=0.81  div_loss=0.0014  kl_loss=0.0000 (disabled)  score=0.528  return=-0.151  role_std=0.4307  role_norm=0.6955  enc_delta ego=0.0091 partner=0.0089 road=0.0083
[ROMA step  348,389,376] sps= 53,743  policy_loss=-0.0028  value_loss=0.2722  mi_loss=0.0001  mi_valid=0.81  div_loss=0.0012  kl_loss=0.0000 (disabled)  score=0.528  return=-0.146  role_std=0.4442  role_norm=0.7272  enc_delta ego=0.0079 partner=0.0083 road=0.0082
[ROMA step  349,175,808] sps= 53,782  policy_loss=0.0004  value_loss=0.2619  mi_loss=0.0001  mi_valid=0.81  div_loss=0.0081  kl_loss=0.0000 (disabled)  score=0.527  return=-0.138  role_std=0.4731  role_norm=0.7946  enc_delta ego=0.0052 partner=0.0060 road=0.0049
[ROMA step  349,962,240] sps= 53,599  policy_loss=-0.0017  value_loss=0.2524  mi_loss=0.0001  mi_valid=0.81  div_loss=0.0059  kl_loss=0.0000 (disabled)  score=0.527  return=-0.131  role_std=0.3603  role_norm=0.6024  enc_delta ego=0.0081 partner=0.0056 road=0.0060
[ROMA step  350,748,672] sps= 53,634  policy_loss=-0.0009  value_loss=0.2414  mi_loss=0.0001  mi_valid=0.81  div_loss=0.0014  kl_loss=0.0000 (disabled)  score=0.528  return=-0.120  role_std=0.3578  role_norm=0.6080  enc_delta ego=0.0093 partner=0.0082 road=0.0090
[ROMA step  351,535,104] sps= 53,672  policy_loss=-0.0020  value_loss=0.2310  mi_loss=0.0001  mi_valid=0.81  div_loss=0.0002  kl_loss=0.0000 (disabled)  score=0.530  return=-0.113  role_std=0.3751  role_norm=0.6410  enc_delta ego=0.0085 partner=0.0069 road=0.0070
[ROMA step  352,321,536] sps= 53,497  policy_loss=0.0008  value_loss=0.2510  mi_loss=0.0001  mi_valid=0.78  div_loss=0.0010  kl_loss=0.0000 (disabled)  score=0.532  return=-0.104  role_std=0.4231  role_norm=0.7250  enc_delta ego=0.0067 partner=0.0060 road=0.0062
[ROMA step  353,107,968] sps= 53,536  policy_loss=-0.0017  value_loss=0.1984  mi_loss=0.0001  mi_valid=0.81  div_loss=0.0006  kl_loss=0.0000 (disabled)  score=0.534  return=-0.092  role_std=0.4256  role_norm=0.7453  enc_delta ego=0.0105 partner=0.0093 road=0.0096
[ROMA step  353,894,400] sps= 53,574  policy_loss=-0.0066  value_loss=0.1938  mi_loss=0.0001  mi_valid=0.83  div_loss=0.0020  kl_loss=0.0000 (disabled)  score=0.536  return=-0.080  role_std=0.3513  role_norm=0.6019  enc_delta ego=0.0087 partner=0.0066 road=0.0080
[ROMA step  354,680,832] sps= 53,611  policy_loss=0.0012  value_loss=0.2056  mi_loss=0.0001  mi_valid=0.84  div_loss=0.0013  kl_loss=0.0000 (disabled)  score=0.536  return=-0.072  role_std=0.3487  role_norm=0.5996  enc_delta ego=0.0055 partner=0.0062 road=0.0063
[ROMA step  355,467,264] sps= 53,444  policy_loss=0.0037  value_loss=0.2018  mi_loss=0.0001  mi_valid=0.78  div_loss=0.0065  kl_loss=0.0000 (disabled)  score=0.536  return=-0.061  role_std=0.3733  role_norm=0.6424  enc_delta ego=0.0054 partner=0.0058 road=0.0055
[ROMA step  356,253,696] sps= 53,482  policy_loss=0.0061  value_loss=0.2169  mi_loss=0.0001  mi_valid=0.81  div_loss=0.0001  kl_loss=0.0000 (disabled)  score=0.536  return=-0.056  role_std=0.4075  role_norm=0.6966  enc_delta ego=0.0072 partner=0.0079 road=0.0082
[ROMA step  357,040,128] sps= 53,520  policy_loss=0.0024  value_loss=0.2056  mi_loss=0.0001  mi_valid=0.81  div_loss=0.0013  kl_loss=0.0000 (disabled)  score=0.535  return=-0.052  role_std=0.4401  role_norm=0.7496  enc_delta ego=0.0058 partner=0.0055 road=0.0050
[ROMA step  357,826,560] sps= 53,351  policy_loss=-0.0020  value_loss=0.2083  mi_loss=0.0001  mi_valid=0.81  div_loss=0.0011  kl_loss=0.0000 (disabled)  score=0.534  return=-0.048  role_std=0.4640  role_norm=0.8050  enc_delta ego=0.0100 partner=0.0082 road=0.0069
[ROMA step  358,612,992] sps= 53,390  policy_loss=-0.0073  value_loss=0.2172  mi_loss=0.0001  mi_valid=0.84  div_loss=0.0001  kl_loss=0.0000 (disabled)  score=0.534  return=-0.043  role_std=0.3784  role_norm=0.6395  enc_delta ego=0.0069 partner=0.0064 road=0.0060
[ROMA step  359,399,424] sps= 53,429  policy_loss=-0.0027  value_loss=0.2350  mi_loss=0.0001  mi_valid=0.81  div_loss=0.0040  kl_loss=0.0000 (disabled)  score=0.535  return=-0.037  role_std=0.3752  role_norm=0.6481  enc_delta ego=0.0066 partner=0.0073 road=0.0081
[ROMA step  360,185,856] sps= 53,467  policy_loss=-0.0020  value_loss=0.2120  mi_loss=0.0001  mi_valid=0.81  div_loss=0.0066  kl_loss=0.0000 (disabled)  score=0.537  return=-0.032  role_std=0.3683  role_norm=0.6304  enc_delta ego=0.0049 partner=0.0052 road=0.0055
[ROMA step  360,972,288] sps= 53,325  policy_loss=-0.0045  value_loss=0.1740  mi_loss=0.0001  mi_valid=0.78  div_loss=0.0021  kl_loss=0.0000 (disabled)  score=0.538  return=-0.023  role_std=0.3934  role_norm=0.6679  enc_delta ego=0.0076 partner=0.0072 road=0.0072
[ROMA step  361,758,720] sps= 53,361  policy_loss=-0.0054  value_loss=0.1813  mi_loss=0.0001  mi_valid=0.81  div_loss=0.0021  kl_loss=0.0000 (disabled)  score=0.540  return=-0.015  role_std=0.4029  role_norm=0.7096  enc_delta ego=0.0070 partner=0.0059 road=0.0056
[ROMA step  362,545,152] sps= 53,397  policy_loss=-0.0023  value_loss=0.1743  mi_loss=0.0001  mi_valid=0.83  div_loss=0.0004  kl_loss=0.0000 (disabled)  score=0.542  return=-0.007  role_std=0.3232  role_norm=0.5593  enc_delta ego=0.0074 partner=0.0076 road=0.0068
[ROMA step  363,331,584] sps= 53,435  policy_loss=0.0063  value_loss=0.1913  mi_loss=0.0001  mi_valid=0.81  div_loss=0.0011  kl_loss=0.0000 (disabled)  score=0.545  return=0.001  role_std=0.3440  role_norm=0.5986  enc_delta ego=0.0081 partner=0.0083 road=0.0066
[ROMA step  364,118,016] sps= 53,291  policy_loss=-0.0035  value_loss=0.1939  mi_loss=0.0001  mi_valid=0.77  div_loss=0.0002  kl_loss=0.0000 (disabled)  score=0.548  return=0.010  role_std=0.3760  role_norm=0.6575  enc_delta ego=0.0069 partner=0.0087 road=0.0087
[ROMA step  364,904,448] sps= 53,324  policy_loss=-0.0059  value_loss=0.1867  mi_loss=0.0001  mi_valid=0.81  div_loss=0.0001  kl_loss=0.0000 (disabled)  score=0.549  return=0.020  role_std=0.3781  role_norm=0.6675  enc_delta ego=0.0071 partner=0.0060 road=0.0058
[ROMA step  365,690,880] sps= 53,362  policy_loss=0.0007  value_loss=0.2313  mi_loss=0.0001  mi_valid=0.81  div_loss=0.0030  kl_loss=0.0000 (disabled)  score=0.550  return=0.027  role_std=0.4197  role_norm=0.7412  enc_delta ego=0.0050 partner=0.0061 road=0.0050
[ROMA step  366,477,312] sps= 53,230  policy_loss=-0.0089  value_loss=0.2736  mi_loss=0.0001  mi_valid=0.81  div_loss=0.0007  kl_loss=0.0000 (disabled)  score=0.550  return=0.030  role_std=0.3623  role_norm=0.6203  enc_delta ego=0.0073 partner=0.0066 road=0.0064
[ROMA step  367,263,744] sps= 53,267  policy_loss=-0.0018  value_loss=0.2610  mi_loss=0.0001  mi_valid=0.82  div_loss=0.0000  kl_loss=0.0000 (disabled)  score=0.550  return=0.034  role_std=0.3788  role_norm=0.6443  enc_delta ego=0.0090 partner=0.0091 road=0.0083
[ROMA step  368,050,176] sps= 53,303  policy_loss=-0.0008  value_loss=0.2372  mi_loss=0.0001  mi_valid=0.81  div_loss=0.0005  kl_loss=0.0000 (disabled)  score=0.550  return=0.035  role_std=0.3795  role_norm=0.6504  enc_delta ego=0.0080 partner=0.0071 road=0.0069
[ROMA step  368,836,608] sps= 53,339  policy_loss=-0.0030  value_loss=0.2037  mi_loss=0.0001  mi_valid=0.81  div_loss=0.0014  kl_loss=0.0000 (disabled)  score=0.550  return=0.037  role_std=0.4076  role_norm=0.7003  enc_delta ego=0.0120 partner=0.0081 road=0.0080
[ROMA step  369,623,040] sps= 53,235  policy_loss=0.0034  value_loss=0.2201  mi_loss=0.0001  mi_valid=0.78  div_loss=0.0040  kl_loss=0.0000 (disabled)  score=0.550  return=0.039  role_std=0.4916  role_norm=0.8426  enc_delta ego=0.0081 partner=0.0066 road=0.0059
[ROMA step  370,409,472] sps= 53,271  policy_loss=-0.0021  value_loss=0.2008  mi_loss=0.0001  mi_valid=0.82  div_loss=0.0001  kl_loss=0.0000 (disabled)  score=0.551  return=0.042  role_std=0.4801  role_norm=0.8432  enc_delta ego=0.0084 partner=0.0083 road=0.0092
[ROMA step  371,195,904] sps= 53,308  policy_loss=0.0048  value_loss=0.2194  mi_loss=0.0001  mi_valid=0.83  div_loss=0.0002  kl_loss=0.0000 (disabled)  score=0.552  return=0.045  role_std=0.4258  role_norm=0.7073  enc_delta ego=0.0072 partner=0.0064 road=0.0073
[ROMA step  371,982,336] sps= 53,217  policy_loss=-0.0051  value_loss=0.1902  mi_loss=0.0001  mi_valid=0.78  div_loss=0.0024  kl_loss=0.0000 (disabled)  score=0.553  return=0.049  role_std=0.3927  role_norm=0.6786  enc_delta ego=0.0076 partner=0.0069 road=0.0079
[ROMA step  372,768,768] sps= 53,254  policy_loss=0.0038  value_loss=0.2133  mi_loss=0.0001  mi_valid=0.81  div_loss=0.0006  kl_loss=0.0000 (disabled)  score=0.554  return=0.054  role_std=0.4070  role_norm=0.7022  enc_delta ego=0.0068 partner=0.0062 road=0.0077
[ROMA step  373,555,200] sps= 53,289  policy_loss=-0.0077  value_loss=0.1956  mi_loss=0.0001  mi_valid=0.81  div_loss=0.0014  kl_loss=0.0000 (disabled)  score=0.556  return=0.059  role_std=0.4281  role_norm=0.7398  enc_delta ego=0.0067 partner=0.0069 road=0.0073
[ROMA step  374,341,632] sps= 53,323  policy_loss=-0.0018  value_loss=0.1870  mi_loss=0.0001  mi_valid=0.81  div_loss=0.0005  kl_loss=0.0000 (disabled)  score=0.558  return=0.065  role_std=0.4577  role_norm=0.7940  enc_delta ego=0.0058 partner=0.0061 road=0.0069
[ROMA step  375,128,064] sps= 53,236  policy_loss=-0.0016  value_loss=0.2526  mi_loss=0.0001  mi_valid=0.81  div_loss=0.0033  kl_loss=0.0000 (disabled)  score=0.559  return=0.068  role_std=0.3762  role_norm=0.6466  enc_delta ego=0.0056 partner=0.0051 road=0.0059
[ROMA step  375,914,496] sps= 53,272  policy_loss=-0.0028  value_loss=0.2245  mi_loss=0.0001  mi_valid=0.81  div_loss=0.0004  kl_loss=0.0000 (disabled)  score=0.558  return=0.071  role_std=0.4035  role_norm=0.6926  enc_delta ego=0.0089 partner=0.0075 road=0.0086
[ROMA step  376,700,928] sps= 53,308  policy_loss=-0.0018  value_loss=0.2263  mi_loss=0.0001  mi_valid=0.81  div_loss=0.0101  kl_loss=0.0000 (disabled)  score=0.559  return=0.073  role_std=0.3944  role_norm=0.6949  enc_delta ego=0.0086 partner=0.0069 road=0.0080
[ROMA step  377,487,360] sps= 53,252  policy_loss=-0.0066  value_loss=0.1894  mi_loss=0.0001  mi_valid=0.78  div_loss=0.0017  kl_loss=0.0000 (disabled)  score=0.559  return=0.076  role_std=0.4177  role_norm=0.7176  enc_delta ego=0.0066 partner=0.0068 road=0.0079
[ROMA step  378,273,792] sps= 53,287  policy_loss=-0.0012  value_loss=0.2096  mi_loss=0.0001  mi_valid=0.81  div_loss=0.0097  kl_loss=0.0000 (disabled)  score=0.560  return=0.078  role_std=0.4675  role_norm=0.7981  enc_delta ego=0.0101 partner=0.0070 road=0.0076
[ROMA step  379,060,224] sps= 53,323  policy_loss=-0.0051  value_loss=0.2287  mi_loss=0.0001  mi_valid=0.83  div_loss=0.0010  kl_loss=0.0000 (disabled)  score=0.559  return=0.080  role_std=0.4613  role_norm=0.8652  enc_delta ego=0.0052 partner=0.0060 road=0.0059
[ROMA step  379,846,656] sps= 53,357  policy_loss=-0.0082  value_loss=0.1902  mi_loss=0.0001  mi_valid=0.84  div_loss=0.0000  kl_loss=0.0000 (disabled)  score=0.558  return=0.082  role_std=0.3745  role_norm=0.6466  enc_delta ego=0.0088 partner=0.0087 road=0.0083
[ROMA step  380,633,088] sps= 53,313  policy_loss=0.0055  value_loss=0.2431  mi_loss=0.0001  mi_valid=0.78  div_loss=0.0035  kl_loss=0.0000 (disabled)  score=0.557  return=0.085  role_std=0.4196  role_norm=0.7314  enc_delta ego=0.0080 partner=0.0051 road=0.0060
[ROMA step  381,419,520] sps= 53,348  policy_loss=0.0008  value_loss=0.1965  mi_loss=0.0001  mi_valid=0.81  div_loss=0.0054  kl_loss=0.0000 (disabled)  score=0.555  return=0.084  role_std=0.4191  role_norm=0.7297  enc_delta ego=0.0126 partner=0.0081 road=0.0100
[ROMA step  382,205,952] sps= 53,383  policy_loss=-0.0010  value_loss=0.1932  mi_loss=0.0001  mi_valid=0.81  div_loss=0.0046  kl_loss=0.0000 (disabled)  score=0.554  return=0.082  role_std=0.4668  role_norm=0.8099  enc_delta ego=0.0086 partner=0.0077 road=0.0070
[ROMA step  382,992,384] sps= 53,334  policy_loss=0.0020  value_loss=0.1896  mi_loss=0.0001  mi_valid=0.80  div_loss=0.0070  kl_loss=0.0000 (disabled)  score=0.555  return=0.082  role_std=0.4701  role_norm=0.9271  enc_delta ego=0.0055 partner=0.0044 road=0.0047
[ROMA step  383,778,816] sps= 53,368  policy_loss=-0.0023  value_loss=0.2247  mi_loss=0.0001  mi_valid=0.84  div_loss=0.0005  kl_loss=0.0000 (disabled)  score=0.556  return=0.084  role_std=0.3978  role_norm=0.6821  enc_delta ego=0.0077 partner=0.0083 road=0.0082
[ROMA step  384,565,248] sps= 53,403  policy_loss=0.0050  value_loss=0.1975  mi_loss=0.0001  mi_valid=0.80  div_loss=0.0015  kl_loss=0.0000 (disabled)  score=0.557  return=0.089  role_std=0.3986  role_norm=0.7094  enc_delta ego=0.0068 partner=0.0061 road=0.0056
[ROMA step  385,351,680] sps= 53,437  policy_loss=-0.0014  value_loss=0.1800  mi_loss=0.0001  mi_valid=0.81  div_loss=0.0040  kl_loss=0.0000 (disabled)  score=0.559  return=0.093  role_std=0.3858  role_norm=0.6874  enc_delta ego=0.0076 partner=0.0058 road=0.0066
[ROMA step  386,138,112] sps= 53,416  policy_loss=-0.0003  value_loss=0.2043  mi_loss=0.0001  mi_valid=0.78  div_loss=-0.0000  kl_loss=0.0000 (disabled)  score=0.560  return=0.097  role_std=0.4482  role_norm=0.7727  enc_delta ego=0.0055 partner=0.0048 road=0.0048
[ROMA step  386,924,544] sps= 53,452  policy_loss=-0.0007  value_loss=0.2057  mi_loss=0.0001  mi_valid=0.81  div_loss=0.0000  kl_loss=0.0000 (disabled)  score=0.561  return=0.099  role_std=0.4687  role_norm=0.8300  enc_delta ego=0.0069 partner=0.0070 road=0.0071
[ROMA step  387,710,976] sps= 53,488  policy_loss=-0.0028  value_loss=0.2179  mi_loss=0.0001  mi_valid=0.84  div_loss=0.0007  kl_loss=0.0000 (disabled)  score=0.560  return=0.101  role_std=0.3673  role_norm=0.6412  enc_delta ego=0.0055 partner=0.0048 road=0.0049
[ROMA step  388,497,408] sps= 53,522  policy_loss=-0.0022  value_loss=0.2205  mi_loss=0.0001  mi_valid=0.83  div_loss=0.0059  kl_loss=0.0000 (disabled)  score=0.560  return=0.102  role_std=0.3809  role_norm=0.6574  enc_delta ego=0.0080 partner=0.0056 road=0.0048
[ROMA step  389,283,840] sps= 53,481  policy_loss=0.0034  value_loss=0.2567  mi_loss=0.0001  mi_valid=0.78  div_loss=0.0098  kl_loss=0.0000 (disabled)  score=0.559  return=0.099  role_std=0.3937  role_norm=0.6867  enc_delta ego=0.0052 partner=0.0055 road=0.0050
[ROMA step  390,070,272] sps= 53,515  policy_loss=-0.0032  value_loss=0.2340  mi_loss=0.0001  mi_valid=0.81  div_loss=0.0021  kl_loss=0.0000 (disabled)  score=0.557  return=0.095  role_std=0.4148  role_norm=0.7250  enc_delta ego=0.0054 partner=0.0067 road=0.0057
[ROMA step  390,856,704] sps= 53,550  policy_loss=0.0026  value_loss=0.2086  mi_loss=0.0001  mi_valid=0.81  div_loss=0.0002  kl_loss=0.0000 (disabled)  score=0.554  return=0.090  role_std=0.4529  role_norm=0.7954  enc_delta ego=0.0070 partner=0.0058 road=0.0054
[ROMA step  391,643,136] sps= 53,517  policy_loss=-0.0012  value_loss=0.2399  mi_loss=0.0001  mi_valid=0.82  div_loss=0.0007  kl_loss=0.0000 (disabled)  score=0.552  return=0.087  role_std=0.3896  role_norm=0.6464  enc_delta ego=0.0107 partner=0.0083 road=0.0079
[ROMA step  392,429,568] sps= 53,552  policy_loss=-0.0001  value_loss=0.2346  mi_loss=0.0001  mi_valid=0.83  div_loss=0.0012  kl_loss=0.0000 (disabled)  score=0.548  return=0.079  role_std=0.4366  role_norm=0.7124  enc_delta ego=0.0101 partner=0.0091 road=0.0095
[ROMA step  393,216,000] sps= 53,586  policy_loss=0.0036  value_loss=0.2156  mi_loss=0.0001  mi_valid=0.81  div_loss=0.0003  kl_loss=0.0000 (disabled)  score=0.546  return=0.072  role_std=0.4240  role_norm=0.7080  enc_delta ego=0.0057 partner=0.0047 road=0.0052
[ROMA step  394,002,432] sps= 53,620  policy_loss=-0.0071  value_loss=0.2116  mi_loss=0.0001  mi_valid=0.82  div_loss=0.0007  kl_loss=0.0000 (disabled)  score=0.544  return=0.069  role_std=0.4239  role_norm=0.7210  enc_delta ego=0.0047 partner=0.0044 road=0.0045
[ROMA step  394,788,864] sps= 53,587  policy_loss=-0.0000  value_loss=0.1921  mi_loss=0.0001  mi_valid=0.78  div_loss=0.0002  kl_loss=0.0000 (disabled)  score=0.543  return=0.070  role_std=0.4590  role_norm=0.8020  enc_delta ego=0.0082 partner=0.0070 road=0.0073
[ROMA step  395,575,296] sps= 53,620  policy_loss=0.0014  value_loss=0.1938  mi_loss=0.0001  mi_valid=0.81  div_loss=0.0009  kl_loss=0.0000 (disabled)  score=0.544  return=0.072  role_std=0.4887  role_norm=0.8629  enc_delta ego=0.0079 partner=0.0089 road=0.0070
[ROMA step  396,361,728] sps= 53,654  policy_loss=0.0014  value_loss=0.2122  mi_loss=0.0001  mi_valid=0.84  div_loss=0.0009  kl_loss=0.0000 (disabled)  score=0.544  return=0.073  role_std=0.4299  role_norm=0.7033  enc_delta ego=0.0098 partner=0.0088 road=0.0085
[ROMA step  397,148,160] sps= 53,611  policy_loss=0.0042  value_loss=0.2055  mi_loss=0.0001  mi_valid=0.78  div_loss=0.0069  kl_loss=0.0000 (disabled)  score=0.545  return=0.075  role_std=0.4397  role_norm=0.7296  enc_delta ego=0.0044 partner=0.0048 road=0.0044
[ROMA step  397,934,592] sps= 53,645  policy_loss=-0.0025  value_loss=0.1775  mi_loss=0.0001  mi_valid=0.81  div_loss=0.0039  kl_loss=0.0000 (disabled)  score=0.545  return=0.076  role_std=0.4493  role_norm=0.7521  enc_delta ego=0.0070 partner=0.0064 road=0.0061
[ROMA step  398,721,024] sps= 53,677  policy_loss=-0.0076  value_loss=0.1934  mi_loss=0.0001  mi_valid=0.81  div_loss=0.0001  kl_loss=0.0000 (disabled)  score=0.544  return=0.075  role_std=0.4318  role_norm=0.7418  enc_delta ego=0.0048 partner=0.0073 road=0.0056
[ROMA step  399,507,456] sps= 53,711  policy_loss=0.0043  value_loss=0.1959  mi_loss=0.0001  mi_valid=0.81  div_loss=0.0068  kl_loss=0.0000 (disabled)  score=0.543  return=0.075  role_std=0.4546  role_norm=0.8108  enc_delta ego=0.0058 partner=0.0076 road=0.0066
[ROMA step  400,293,888] sps= 53,682  policy_loss=-0.0037  value_loss=0.2230  mi_loss=0.0001  mi_valid=0.81  div_loss=0.0033  kl_loss=0.0000 (disabled)  score=0.543  return=0.074  role_std=0.3888  role_norm=0.6934  enc_delta ego=0.0082 partner=0.0089 road=0.0073
[ROMA step  401,080,320] sps= 53,716  policy_loss=-0.0044  value_loss=0.1921  mi_loss=0.0001  mi_valid=0.82  div_loss=0.0001  kl_loss=0.0000 (disabled)  score=0.542  return=0.075  role_std=0.4055  role_norm=0.7192  enc_delta ego=0.0043 partner=0.0046 road=0.0042
[ROMA step  401,866,752] sps= 53,750  policy_loss=-0.0078  value_loss=0.1928  mi_loss=0.0001  mi_valid=0.81  div_loss=0.0019  kl_loss=0.0000 (disabled)  score=0.540  return=0.075  role_std=0.4112  role_norm=0.7272  enc_delta ego=0.0037 partner=0.0037 road=0.0042
[ROMA step  402,653,184] sps= 53,720  policy_loss=0.0034  value_loss=0.1831  mi_loss=0.0001  mi_valid=0.78  div_loss=0.0000  kl_loss=0.0000 (disabled)  score=0.538  return=0.075  role_std=0.4342  role_norm=0.7757  enc_delta ego=0.0050 partner=0.0057 road=0.0058
[ROMA step  403,439,616] sps= 53,755  policy_loss=-0.0015  value_loss=0.2212  mi_loss=0.0001  mi_valid=0.81  div_loss=0.0024  kl_loss=0.0000 (disabled)  score=0.538  return=0.076  role_std=0.4717  role_norm=0.8530  enc_delta ego=0.0074 partner=0.0076 road=0.0079
[ROMA step  404,226,048] sps= 53,789  policy_loss=-0.0007  value_loss=0.2164  mi_loss=0.0001  mi_valid=0.83  div_loss=0.0001  kl_loss=0.0000 (disabled)  score=0.537  return=0.077  role_std=0.5132  role_norm=0.9216  enc_delta ego=0.0069 partner=0.0084 road=0.0093
[ROMA step  405,012,480] sps= 53,823  policy_loss=0.0013  value_loss=0.2154  mi_loss=0.0001  mi_valid=0.83  div_loss=0.0093  kl_loss=0.0000 (disabled)  score=0.537  return=0.078  role_std=0.4212  role_norm=0.6984  enc_delta ego=0.0099 partner=0.0077 road=0.0092
[ROMA step  405,798,912] sps= 53,802  policy_loss=-0.0032  value_loss=0.2105  mi_loss=0.0001  mi_valid=0.78  div_loss=0.0039  kl_loss=0.0000 (disabled)  score=0.536  return=0.078  role_std=0.4340  role_norm=0.7270  enc_delta ego=0.0076 partner=0.0073 road=0.0088
[ROMA step  406,585,344] sps= 53,835  policy_loss=0.0044  value_loss=0.1884  mi_loss=0.0001  mi_valid=0.81  div_loss=0.0041  kl_loss=0.0000 (disabled)  score=0.536  return=0.078  role_std=0.4201  role_norm=0.7266  enc_delta ego=0.0071 partner=0.0066 road=0.0081
[ROMA step  407,371,776] sps= 53,869  policy_loss=0.0016  value_loss=0.1999  mi_loss=0.0001  mi_valid=0.81  div_loss=0.0015  kl_loss=0.0000 (disabled)  score=0.536  return=0.078  role_std=0.4311  role_norm=0.7534  enc_delta ego=0.0098 partner=0.0069 road=0.0082
[ROMA step  408,158,208] sps= 53,817  policy_loss=-0.0013  value_loss=0.2001  mi_loss=0.0001  mi_valid=0.79  div_loss=0.0021  kl_loss=0.0000 (disabled)  score=0.536  return=0.078  role_std=0.4944  role_norm=0.8719  enc_delta ego=0.0077 partner=0.0062 road=0.0068
[ROMA step  408,944,640] sps= 53,850  policy_loss=0.0000  value_loss=0.1983  mi_loss=0.0001  mi_valid=0.83  div_loss=0.0025  kl_loss=0.0000 (disabled)  score=0.538  return=0.082  role_std=0.4014  role_norm=0.6827  enc_delta ego=0.0062 partner=0.0052 road=0.0070
[ROMA step  409,731,072] sps= 53,883  policy_loss=-0.0119  value_loss=0.1538  mi_loss=0.0001  mi_valid=0.80  div_loss=0.0015  kl_loss=0.0000 (disabled)  score=0.541  return=0.088  role_std=0.3987  role_norm=0.6868  enc_delta ego=0.0067 partner=0.0057 road=0.0066
[ROMA step  410,517,504] sps= 53,914  policy_loss=-0.0031  value_loss=0.1662  mi_loss=0.0001  mi_valid=0.80  div_loss=0.0008  kl_loss=0.0000 (disabled)  score=0.543  return=0.093  role_std=0.4147  role_norm=0.7367  enc_delta ego=0.0076 partner=0.0070 road=0.0082
[ROMA step  411,303,936] sps= 53,814  policy_loss=-0.0007  value_loss=0.1508  mi_loss=0.0001  mi_valid=0.77  div_loss=0.0004  kl_loss=0.0000 (disabled)  score=0.545  return=0.098  role_std=0.4398  role_norm=0.7970  enc_delta ego=0.0086 partner=0.0061 road=0.0082
[ROMA step  412,090,368] sps= 53,846  policy_loss=0.0037  value_loss=0.1600  mi_loss=0.0001  mi_valid=0.80  div_loss=0.0039  kl_loss=0.0000 (disabled)  score=0.546  return=0.101  role_std=0.4686  role_norm=0.8338  enc_delta ego=0.0105 partner=0.0067 road=0.0093
[ROMA step  412,876,800] sps= 53,879  policy_loss=0.0082  value_loss=0.1612  mi_loss=0.0001  mi_valid=0.82  div_loss=0.0003  kl_loss=0.0000 (disabled)  score=0.548  return=0.104  role_std=0.4217  role_norm=0.7226  enc_delta ego=0.0086 partner=0.0083 road=0.0092
[ROMA step  413,663,232] sps= 53,912  policy_loss=-0.0019  value_loss=0.1300  mi_loss=0.0001  mi_valid=0.82  div_loss=0.0002  kl_loss=0.0000 (disabled)  score=0.549  return=0.107  role_std=0.4107  role_norm=0.7260  enc_delta ego=0.0069 partner=0.0059 road=0.0061
[ROMA step  414,449,664] sps= 53,747  policy_loss=0.0024  value_loss=0.1648  mi_loss=0.0001  mi_valid=0.77  div_loss=0.0009  kl_loss=0.0000 (disabled)  score=0.551  return=0.112  role_std=0.4328  role_norm=0.7675  enc_delta ego=0.0071 partner=0.0074 road=0.0082
[ROMA step  415,236,096] sps= 53,777  policy_loss=-0.0063  value_loss=0.1619  mi_loss=0.0001  mi_valid=0.80  div_loss=0.0028  kl_loss=0.0000 (disabled)  score=0.553  return=0.116  role_std=0.4346  role_norm=0.7819  enc_delta ego=0.0092 partner=0.0083 road=0.0082
[ROMA step  416,022,528] sps= 53,810  policy_loss=0.0006  value_loss=0.1553  mi_loss=0.0001  mi_valid=0.80  div_loss=0.0020  kl_loss=0.0000 (disabled)  score=0.555  return=0.121  role_std=0.4656  role_norm=0.8406  enc_delta ego=0.0068 partner=0.0063 road=0.0063
[ROMA step  416,808,960] sps= 53,634  policy_loss=-0.0053  value_loss=0.1750  mi_loss=0.0001  mi_valid=0.80  div_loss=0.0001  kl_loss=0.0000 (disabled)  score=0.557  return=0.126  role_std=0.4325  role_norm=0.7505  enc_delta ego=0.0061 partner=0.0056 road=0.0072
[ROMA step  417,595,392] sps= 53,666  policy_loss=-0.0030  value_loss=0.1887  mi_loss=0.0001  mi_valid=0.82  div_loss=0.0001  kl_loss=0.0000 (disabled)  score=0.559  return=0.129  role_std=0.4298  role_norm=0.7559  enc_delta ego=0.0081 partner=0.0083 road=0.0089
[ROMA step  418,381,824] sps= 53,697  policy_loss=-0.0059  value_loss=0.1640  mi_loss=0.0001  mi_valid=0.79  div_loss=0.0001  kl_loss=0.0000 (disabled)  score=0.563  return=0.137  role_std=0.4407  role_norm=0.8028  enc_delta ego=0.0079 partner=0.0073 road=0.0087
[ROMA step  419,168,256] sps= 53,730  policy_loss=-0.0022  value_loss=0.1605  mi_loss=0.0001  mi_valid=0.79  div_loss=0.0010  kl_loss=0.0000 (disabled)  score=0.567  return=0.144  role_std=0.4681  role_norm=0.8464  enc_delta ego=0.0085 partner=0.0075 road=0.0092
[ROMA step  419,954,688] sps= 53,542  policy_loss=-0.0028  value_loss=0.1831  mi_loss=0.0001  mi_valid=0.77  div_loss=0.0002  kl_loss=0.0000 (disabled)  score=0.572  return=0.154  role_std=0.4761  role_norm=0.8935  enc_delta ego=0.0100 partner=0.0079 road=0.0084
[ROMA step  420,741,120] sps= 53,574  policy_loss=0.0036  value_loss=0.1574  mi_loss=0.0001  mi_valid=0.80  div_loss=0.0000  kl_loss=0.0000 (disabled)  score=0.576  return=0.164  role_std=0.5087  role_norm=0.9324  enc_delta ego=0.0121 partner=0.0090 road=0.0095
[ROMA step  421,527,552] sps= 53,607  policy_loss=0.0014  value_loss=0.1531  mi_loss=0.0001  mi_valid=0.82  div_loss=0.0004  kl_loss=0.0000 (disabled)  score=0.579  return=0.171  role_std=0.3942  role_norm=0.7282  enc_delta ego=0.0127 partner=0.0084 road=0.0091
[ROMA step  422,313,984] sps= 53,454  policy_loss=0.0006  value_loss=0.1778  mi_loss=0.0001  mi_valid=0.79  div_loss=0.0004  kl_loss=0.0000 (disabled)  score=0.583  return=0.180  role_std=0.4337  role_norm=0.8043  enc_delta ego=0.0075 partner=0.0071 road=0.0065
[ROMA step  423,100,416] sps= 53,486  policy_loss=0.0009  value_loss=0.1651  mi_loss=0.0001  mi_valid=0.80  div_loss=0.0082  kl_loss=0.0000 (disabled)  score=0.584  return=0.185  role_std=0.4302  role_norm=0.8146  enc_delta ego=0.0062 partner=0.0067 road=0.0066
[ROMA step  423,886,848] sps= 53,517  policy_loss=-0.0088  value_loss=0.1239  mi_loss=0.0001  mi_valid=0.81  div_loss=0.0002  kl_loss=0.0000 (disabled)  score=0.585  return=0.189  role_std=0.4393  role_norm=0.8286  enc_delta ego=0.0076 partner=0.0055 road=0.0065
[ROMA step  424,673,280] sps= 53,549  policy_loss=-0.0031  value_loss=0.1282  mi_loss=0.0001  mi_valid=0.81  div_loss=0.0003  kl_loss=0.0000 (disabled)  score=0.585  return=0.192  role_std=0.4881  role_norm=0.9083  enc_delta ego=0.0060 partner=0.0058 road=0.0068
[ROMA step  425,459,712] sps= 53,423  policy_loss=0.0034  value_loss=0.1767  mi_loss=0.0001  mi_valid=0.80  div_loss=0.0004  kl_loss=0.0000 (disabled)  score=0.585  return=0.194  role_std=0.3848  role_norm=0.7236  enc_delta ego=0.0071 partner=0.0063 road=0.0073
[ROMA step  426,246,144] sps= 53,456  policy_loss=0.0049  value_loss=0.1891  mi_loss=0.0001  mi_valid=0.81  div_loss=0.0001  kl_loss=0.0000 (disabled)  score=0.586  return=0.197  role_std=0.4012  role_norm=0.7447  enc_delta ego=0.0108 partner=0.0097 road=0.0102
[ROMA step  427,032,576] sps= 53,488  policy_loss=-0.0015  value_loss=0.1776  mi_loss=0.0001  mi_valid=0.80  div_loss=0.0018  kl_loss=0.0000 (disabled)  score=0.588  return=0.201  role_std=0.4289  role_norm=0.7876  enc_delta ego=0.0084 partner=0.0074 road=0.0071
[ROMA step  427,819,008] sps= 53,344  policy_loss=0.0021  value_loss=0.1778  mi_loss=0.0001  mi_valid=0.77  div_loss=0.0084  kl_loss=0.0000 (disabled)  score=0.590  return=0.206  role_std=0.4402  role_norm=0.8375  enc_delta ego=0.0050 partner=0.0039 road=0.0050
[ROMA step  428,605,440] sps= 53,376  policy_loss=-0.0055  value_loss=0.1438  mi_loss=0.0001  mi_valid=0.80  div_loss=-0.0000  kl_loss=0.0000 (disabled)  score=0.593  return=0.211  role_std=0.4737  role_norm=0.8886  enc_delta ego=0.0088 partner=0.0076 road=0.0073
[ROMA step  429,391,872] sps= 53,407  policy_loss=-0.0021  value_loss=0.1380  mi_loss=0.0001  mi_valid=0.81  div_loss=0.0029  kl_loss=0.0000 (disabled)  score=0.596  return=0.218  role_std=0.5112  role_norm=0.9284  enc_delta ego=0.0086 partner=0.0087 road=0.0084
[ROMA step  430,178,304] sps= 53,437  policy_loss=0.0040  value_loss=0.1499  mi_loss=0.0001  mi_valid=0.82  div_loss=0.0006  kl_loss=0.0000 (disabled)  score=0.599  return=0.223  role_std=0.4092  role_norm=0.7628  enc_delta ego=0.0093 partner=0.0088 road=0.0076
[ROMA step  430,964,736] sps= 53,325  policy_loss=0.0015  value_loss=0.1735  mi_loss=0.0001  mi_valid=0.77  div_loss=0.0185  kl_loss=0.0000 (disabled)  score=0.602  return=0.228  role_std=0.4336  role_norm=0.8136  enc_delta ego=0.0077 partner=0.0070 road=0.0072
[ROMA step  431,751,168] sps= 53,356  policy_loss=-0.0029  value_loss=0.1491  mi_loss=0.0001  mi_valid=0.80  div_loss=0.0003  kl_loss=0.0000 (disabled)  score=0.603  return=0.233  role_std=0.4226  role_norm=0.8108  enc_delta ego=0.0088 partner=0.0073 road=0.0076
[ROMA step  432,537,600] sps= 53,387  policy_loss=-0.0014  value_loss=0.1177  mi_loss=0.0001  mi_valid=0.80  div_loss=0.0001  kl_loss=0.0000 (disabled)  score=0.605  return=0.238  role_std=0.4482  role_norm=0.8445  enc_delta ego=0.0051 partner=0.0054 road=0.0056
[ROMA step  433,324,032] sps= 53,290  policy_loss=-0.0069  value_loss=0.1285  mi_loss=0.0001  mi_valid=0.78  div_loss=0.0022  kl_loss=0.0000 (disabled)  score=0.605  return=0.241  role_std=0.4876  role_norm=0.9044  enc_delta ego=0.0098 partner=0.0079 road=0.0084
[ROMA step  434,110,464] sps= 53,321  policy_loss=0.0009  value_loss=0.1748  mi_loss=0.0001  mi_valid=0.83  div_loss=0.0042  kl_loss=0.0000 (disabled)  score=0.607  return=0.247  role_std=0.3965  role_norm=0.7230  enc_delta ego=0.0055 partner=0.0062 road=0.0056
[ROMA step  434,896,896] sps= 53,352  policy_loss=-0.0011  value_loss=0.1919  mi_loss=0.0001  mi_valid=0.80  div_loss=0.0014  kl_loss=0.0000 (disabled)  score=0.611  return=0.253  role_std=0.4085  role_norm=0.7439  enc_delta ego=0.0060 partner=0.0061 road=0.0047
[ROMA step  435,683,328] sps= 53,382  policy_loss=-0.0029  value_loss=0.1654  mi_loss=0.0001  mi_valid=0.80  div_loss=0.0003  kl_loss=0.0000 (disabled)  score=0.614  return=0.262  role_std=0.4157  role_norm=0.7782  enc_delta ego=0.0076 partner=0.0077 road=0.0065
[ROMA step  436,469,760] sps= 53,305  policy_loss=-0.0038  value_loss=0.1610  mi_loss=0.0001  mi_valid=0.77  div_loss=0.0003  kl_loss=0.0000 (disabled)  score=0.616  return=0.268  role_std=0.4526  role_norm=0.8451  enc_delta ego=0.0069 partner=0.0067 road=0.0068
[ROMA step  437,256,192] sps= 53,337  policy_loss=0.0021  value_loss=0.1433  mi_loss=0.0001  mi_valid=0.80  div_loss=0.0005  kl_loss=0.0000 (disabled)  score=0.616  return=0.269  role_std=0.5001  role_norm=0.9116  enc_delta ego=0.0096 partner=0.0070 road=0.0076
[ROMA step  438,042,624] sps= 53,369  policy_loss=-0.0007  value_loss=0.1389  mi_loss=0.0001  mi_valid=0.82  div_loss=0.0001  kl_loss=0.0000 (disabled)  score=0.615  return=0.269  role_std=0.5331  role_norm=1.0811  enc_delta ego=0.0085 partner=0.0084 road=0.0085
[ROMA step  438,829,056] sps= 53,400  policy_loss=0.0003  value_loss=0.1431  mi_loss=0.0001  mi_valid=0.82  div_loss=0.0003  kl_loss=0.0000 (disabled)  score=0.615  return=0.269  role_std=0.4398  role_norm=0.7766  enc_delta ego=0.0083 partner=0.0070 road=0.0079
[ROMA step  439,615,488] sps= 53,284  policy_loss=-0.0054  value_loss=0.1598  mi_loss=0.0001  mi_valid=0.77  div_loss=0.0004  kl_loss=0.0000 (disabled)  score=0.615  return=0.270  role_std=0.4561  role_norm=0.8298  enc_delta ego=0.0096 partner=0.0083 road=0.0079
[ROMA step  440,401,920] sps= 53,314  policy_loss=0.0025  value_loss=0.1543  mi_loss=0.0001  mi_valid=0.80  div_loss=0.0000  kl_loss=0.0000 (disabled)  score=0.615  return=0.271  role_std=0.4377  role_norm=0.8215  enc_delta ego=0.0091 partner=0.0086 road=0.0082
[ROMA step  441,188,352] sps= 53,345  policy_loss=-0.0032  value_loss=0.1614  mi_loss=0.0001  mi_valid=0.80  div_loss=0.0060  kl_loss=0.0000 (disabled)  score=0.615  return=0.272  role_std=0.4793  role_norm=0.8693  enc_delta ego=0.0072 partner=0.0067 road=0.0054
[ROMA step  441,974,784] sps= 53,278  policy_loss=0.0035  value_loss=0.1708  mi_loss=0.0001  mi_valid=0.80  div_loss=0.0058  kl_loss=0.0000 (disabled)  score=0.615  return=0.271  role_std=0.4990  role_norm=0.9719  enc_delta ego=0.0059 partner=0.0054 road=0.0066
[ROMA step  442,761,216] sps= 53,305  policy_loss=0.0023  value_loss=0.1724  mi_loss=0.0001  mi_valid=0.83  div_loss=0.0001  kl_loss=0.0000 (disabled)  score=0.615  return=0.271  role_std=0.4069  role_norm=0.7336  enc_delta ego=0.0067 partner=0.0075 road=0.0079
[ROMA step  443,547,648] sps= 53,334  policy_loss=-0.0064  value_loss=0.1441  mi_loss=0.0001  mi_valid=0.80  div_loss=0.0048  kl_loss=0.0000 (disabled)  score=0.616  return=0.273  role_std=0.4216  role_norm=0.7884  enc_delta ego=0.0063 partner=0.0070 road=0.0081
[ROMA step  444,334,080] sps= 53,363  policy_loss=-0.0035  value_loss=0.1726  mi_loss=0.0001  mi_valid=0.80  div_loss=0.0036  kl_loss=0.0000 (disabled)  score=0.617  return=0.274  role_std=0.4381  role_norm=0.8229  enc_delta ego=0.0067 partner=0.0070 road=0.0085
[ROMA step  445,120,512] sps= 53,329  policy_loss=-0.0016  value_loss=0.1781  mi_loss=0.0001  mi_valid=0.77  div_loss=0.0039  kl_loss=0.0000 (disabled)  score=0.618  return=0.276  role_std=0.4779  role_norm=0.8904  enc_delta ego=0.0074 partner=0.0052 road=0.0063
[ROMA step  445,906,944] sps= 53,359  policy_loss=-0.0023  value_loss=0.1731  mi_loss=0.0001  mi_valid=0.80  div_loss=0.0008  kl_loss=0.0000 (disabled)  score=0.618  return=0.276  role_std=0.5053  role_norm=0.9130  enc_delta ego=0.0069 partner=0.0060 road=0.0070
[ROMA step  446,693,376] sps= 53,391  policy_loss=0.0008  value_loss=0.1805  mi_loss=0.0001  mi_valid=0.82  div_loss=0.0022  kl_loss=0.0000 (disabled)  score=0.618  return=0.276  role_std=0.4433  role_norm=0.8200  enc_delta ego=0.0064 partner=0.0056 road=0.0058
[ROMA step  447,479,808] sps= 53,351  policy_loss=-0.0034  value_loss=0.1834  mi_loss=0.0001  mi_valid=0.79  div_loss=0.0002  kl_loss=0.0000 (disabled)  score=0.618  return=0.275  role_std=0.4646  role_norm=0.9084  enc_delta ego=0.0063 partner=0.0063 road=0.0055
[ROMA step  448,266,240] sps= 53,380  policy_loss=-0.0005  value_loss=0.1645  mi_loss=0.0001  mi_valid=0.80  div_loss=0.0008  kl_loss=0.0000 (disabled)  score=0.618  return=0.275  role_std=0.4462  role_norm=0.8663  enc_delta ego=0.0078 partner=0.0068 road=0.0070
[ROMA step  449,052,672] sps= 53,410  policy_loss=-0.0041  value_loss=0.1455  mi_loss=0.0001  mi_valid=0.80  div_loss=0.0069  kl_loss=0.0000 (disabled)  score=0.617  return=0.276  role_std=0.4577  role_norm=0.8937  enc_delta ego=0.0078 partner=0.0075 road=0.0078
[ROMA step  449,839,104] sps= 53,439  policy_loss=0.0023  value_loss=0.1313  mi_loss=0.0001  mi_valid=0.81  div_loss=0.0001  kl_loss=0.0000 (disabled)  score=0.615  return=0.275  role_std=0.4838  role_norm=0.9237  enc_delta ego=0.0074 partner=0.0051 road=0.0059
[ROMA step  450,625,536] sps= 53,389  policy_loss=0.0017  value_loss=0.1575  mi_loss=0.0001  mi_valid=0.80  div_loss=0.0013  kl_loss=0.0000 (disabled)  score=0.615  return=0.276  role_std=0.4422  role_norm=0.8259  enc_delta ego=0.0121 partner=0.0084 road=0.0090
[ROMA step  451,411,968] sps= 53,419  policy_loss=-0.0060  value_loss=0.1363  mi_loss=0.0001  mi_valid=0.82  div_loss=0.0026  kl_loss=0.0000 (disabled)  score=0.615  return=0.278  role_std=0.4286  role_norm=0.8189  enc_delta ego=0.0084 partner=0.0070 road=0.0077
[ROMA step  452,198,400] sps= 53,449  policy_loss=-0.0081  value_loss=0.1418  mi_loss=0.0001  mi_valid=0.80  div_loss=0.0022  kl_loss=0.0000 (disabled)  score=0.616  return=0.279  role_std=0.4256  role_norm=0.8223  enc_delta ego=0.0061 partner=0.0058 road=0.0057
[ROMA step  452,984,832] sps= 53,427  policy_loss=-0.0026  value_loss=0.1364  mi_loss=0.0001  mi_valid=0.78  div_loss=0.0008  kl_loss=0.0000 (disabled)  score=0.617  return=0.281  role_std=0.4526  role_norm=0.8864  enc_delta ego=0.0063 partner=0.0063 road=0.0063
[ROMA step  453,771,264] sps= 53,457  policy_loss=-0.0009  value_loss=0.1449  mi_loss=0.0001  mi_valid=0.81  div_loss=0.0052  kl_loss=0.0000 (disabled)  score=0.616  return=0.282  role_std=0.5034  role_norm=0.9586  enc_delta ego=0.0052 partner=0.0046 road=0.0053
[ROMA step  454,557,696] sps= 53,487  policy_loss=0.0011  value_loss=0.1680  mi_loss=0.0001  mi_valid=0.81  div_loss=0.0032  kl_loss=0.0000 (disabled)  score=0.614  return=0.281  role_std=0.5574  role_norm=1.0951  enc_delta ego=0.0057 partner=0.0046 road=0.0046
[ROMA step  455,344,128] sps= 53,517  policy_loss=-0.0001  value_loss=0.2244  mi_loss=0.0001  mi_valid=0.84  div_loss=0.0065  kl_loss=0.0000 (disabled)  score=0.613  return=0.278  role_std=0.4252  role_norm=0.8044  enc_delta ego=0.0044 partner=0.0039 road=0.0038
[ROMA step  456,130,560] sps= 53,499  policy_loss=0.0016  value_loss=0.2217  mi_loss=0.0001  mi_valid=0.79  div_loss=0.0023  kl_loss=0.0000 (disabled)  score=0.610  return=0.274  role_std=0.4399  role_norm=0.8251  enc_delta ego=0.0043 partner=0.0040 road=0.0036
[ROMA step  456,916,992] sps= 53,529  policy_loss=-0.0034  value_loss=0.2117  mi_loss=0.0001  mi_valid=0.81  div_loss=0.0098  kl_loss=0.0000 (disabled)  score=0.606  return=0.266  role_std=0.4421  role_norm=0.8318  enc_delta ego=0.0059 partner=0.0065 road=0.0067
[ROMA step  457,703,424] sps= 53,559  policy_loss=-0.0034  value_loss=0.1925  mi_loss=0.0001  mi_valid=0.82  div_loss=0.0059  kl_loss=0.0000 (disabled)  score=0.601  return=0.257  role_std=0.4572  role_norm=0.8663  enc_delta ego=0.0046 partner=0.0052 road=0.0050
[ROMA step  458,489,856] sps= 53,542  policy_loss=-0.0023  value_loss=0.1813  mi_loss=0.0001  mi_valid=0.79  div_loss=0.0009  kl_loss=0.0000 (disabled)  score=0.597  return=0.250  role_std=0.5302  role_norm=1.0267  enc_delta ego=0.0071 partner=0.0066 road=0.0074
[ROMA step  459,276,288] sps= 53,572  policy_loss=0.0003  value_loss=0.1713  mi_loss=0.0001  mi_valid=0.84  div_loss=0.0019  kl_loss=0.0000 (disabled)  score=0.596  return=0.248  role_std=0.3994  role_norm=0.7521  enc_delta ego=0.0089 partner=0.0080 road=0.0079
[ROMA step  460,062,720] sps= 53,601  policy_loss=-0.0040  value_loss=0.1586  mi_loss=0.0001  mi_valid=0.81  div_loss=0.0055  kl_loss=0.0000 (disabled)  score=0.595  return=0.245  role_std=0.4130  role_norm=0.7930  enc_delta ego=0.0055 partner=0.0066 road=0.0067
[ROMA step  460,849,152] sps= 53,629  policy_loss=-0.0056  value_loss=0.1554  mi_loss=0.0001  mi_valid=0.81  div_loss=0.0019  kl_loss=0.0000 (disabled)  score=0.594  return=0.244  role_std=0.4453  role_norm=0.8610  enc_delta ego=0.0045 partner=0.0051 road=0.0049
[ROMA step  461,635,584] sps= 53,622  policy_loss=-0.0043  value_loss=0.1490  mi_loss=0.0001  mi_valid=0.78  div_loss=0.0001  kl_loss=0.0000 (disabled)  score=0.593  return=0.242  role_std=0.4703  role_norm=0.9299  enc_delta ego=0.0090 partner=0.0057 road=0.0051
[ROMA step  462,422,016] sps= 53,650  policy_loss=-0.0057  value_loss=0.1376  mi_loss=0.0001  mi_valid=0.81  div_loss=0.0005  kl_loss=0.0000 (disabled)  score=0.591  return=0.238  role_std=0.5216  role_norm=0.9936  enc_delta ego=0.0086 partner=0.0078 road=0.0079
[ROMA step  463,208,448] sps= 53,678  policy_loss=-0.0021  value_loss=0.1280  mi_loss=0.0001  mi_valid=0.82  div_loss=0.0010  kl_loss=0.0000 (disabled)  score=0.587  return=0.234  role_std=0.5394  role_norm=1.0441  enc_delta ego=0.0086 partner=0.0072 road=0.0073
[ROMA step  463,994,880] sps= 53,707  policy_loss=-0.0058  value_loss=0.1231  mi_loss=0.0001  mi_valid=0.83  div_loss=0.0000  kl_loss=0.0000 (disabled)  score=0.586  return=0.231  role_std=0.4197  role_norm=0.8208  enc_delta ego=0.0073 partner=0.0066 road=0.0060
[ROMA step  464,781,312] sps= 53,690  policy_loss=0.0035  value_loss=0.1574  mi_loss=0.0001  mi_valid=0.77  div_loss=0.0014  kl_loss=0.0000 (disabled)  score=0.584  return=0.228  role_std=0.4305  role_norm=0.8383  enc_delta ego=0.0085 partner=0.0080 road=0.0106
[ROMA step  465,567,744] sps= 53,719  policy_loss=0.0003  value_loss=0.1176  mi_loss=0.0001  mi_valid=0.80  div_loss=0.0005  kl_loss=0.0000 (disabled)  score=0.583  return=0.229  role_std=0.4387  role_norm=0.8579  enc_delta ego=0.0073 partner=0.0073 road=0.0085
[ROMA step  466,354,176] sps= 53,747  policy_loss=-0.0039  value_loss=0.1136  mi_loss=0.0001  mi_valid=0.80  div_loss=0.0019  kl_loss=0.0000 (disabled)  score=0.583  return=0.230  role_std=0.4813  role_norm=0.9320  enc_delta ego=0.0053 partner=0.0060 road=0.0068
[ROMA step  467,140,608] sps= 53,728  policy_loss=-0.0054  value_loss=0.1359  mi_loss=0.0001  mi_valid=0.79  div_loss=0.0000  kl_loss=0.0000 (disabled)  score=0.582  return=0.230  role_std=0.5515  role_norm=1.0559  enc_delta ego=0.0116 partner=0.0068 road=0.0081
[ROMA step  467,927,040] sps= 53,757  policy_loss=0.0032  value_loss=0.1703  mi_loss=0.0001  mi_valid=0.82  div_loss=0.0016  kl_loss=0.0000 (disabled)  score=0.582  return=0.229  role_std=0.4270  role_norm=0.8338  enc_delta ego=0.0066 partner=0.0070 road=0.0074
[ROMA step  468,713,472] sps= 53,785  policy_loss=-0.0032  value_loss=0.1619  mi_loss=0.0001  mi_valid=0.79  div_loss=0.0014  kl_loss=0.0000 (disabled)  score=0.582  return=0.228  role_std=0.4496  role_norm=0.9020  enc_delta ego=0.0066 partner=0.0068 road=0.0070
[ROMA step  469,499,904] sps= 53,814  policy_loss=-0.0057  value_loss=0.1415  mi_loss=0.0001  mi_valid=0.80  div_loss=0.0005  kl_loss=0.0000 (disabled)  score=0.582  return=0.229  role_std=0.4548  role_norm=0.9073  enc_delta ego=0.0062 partner=0.0065 road=0.0066
[ROMA step  470,286,336] sps= 53,791  policy_loss=-0.0030  value_loss=0.1478  mi_loss=0.0001  mi_valid=0.77  div_loss=0.0000  kl_loss=0.0000 (disabled)  score=0.583  return=0.231  role_std=0.4899  role_norm=0.9709  enc_delta ego=0.0072 partner=0.0070 road=0.0072
[ROMA step  471,072,768] sps= 53,818  policy_loss=-0.0091  value_loss=0.1256  mi_loss=0.0001  mi_valid=0.80  div_loss=0.0001  kl_loss=0.0000 (disabled)  score=0.584  return=0.232  role_std=0.5078  role_norm=0.9936  enc_delta ego=0.0068 partner=0.0077 road=0.0073
[ROMA step  471,859,200] sps= 53,846  policy_loss=-0.0054  value_loss=0.1397  mi_loss=0.0001  mi_valid=0.83  div_loss=0.0001  kl_loss=0.0000 (disabled)  score=0.584  return=0.234  role_std=0.4689  role_norm=0.8928  enc_delta ego=0.0080 partner=0.0074 road=0.0071
[ROMA step  472,645,632] sps= 53,826  policy_loss=-0.0041  value_loss=0.1415  mi_loss=0.0001  mi_valid=0.80  div_loss=0.0052  kl_loss=0.0000 (disabled)  score=0.583  return=0.235  role_std=0.4412  role_norm=0.8589  enc_delta ego=0.0063 partner=0.0069 road=0.0068
[ROMA step  473,432,064] sps= 53,854  policy_loss=-0.0036  value_loss=0.1465  mi_loss=0.0001  mi_valid=0.80  div_loss=0.0034  kl_loss=0.0000 (disabled)  score=0.583  return=0.238  role_std=0.4315  role_norm=0.8653  enc_delta ego=0.0057 partner=0.0088 road=0.0076
[ROMA step  474,218,496] sps= 53,882  policy_loss=-0.0048  value_loss=0.1408  mi_loss=0.0001  mi_valid=0.79  div_loss=0.0000  kl_loss=0.0000 (disabled)  score=0.583  return=0.241  role_std=0.4406  role_norm=0.8954  enc_delta ego=0.0063 partner=0.0070 road=0.0063
[ROMA step  475,004,928] sps= 53,910  policy_loss=-0.0076  value_loss=0.1324  mi_loss=0.0001  mi_valid=0.80  div_loss=0.0007  kl_loss=0.0000 (disabled)  score=0.584  return=0.242  role_std=0.4733  role_norm=0.9343  enc_delta ego=0.0055 partner=0.0057 road=0.0052
[ROMA step  475,791,360] sps= 53,888  policy_loss=-0.0019  value_loss=0.1351  mi_loss=0.0001  mi_valid=0.80  div_loss=0.0007  kl_loss=0.0000 (disabled)  score=0.584  return=0.245  role_std=0.4270  role_norm=0.8295  enc_delta ego=0.0078 partner=0.0073 road=0.0069
[ROMA step  476,577,792] sps= 53,917  policy_loss=-0.0000  value_loss=0.1267  mi_loss=0.0001  mi_valid=0.82  div_loss=-0.0000  kl_loss=0.0000 (disabled)  score=0.585  return=0.248  role_std=0.4208  role_norm=0.8320  enc_delta ego=0.0081 partner=0.0067 road=0.0082
[ROMA step  477,364,224] sps= 53,945  policy_loss=0.0022  value_loss=0.1112  mi_loss=0.0001  mi_valid=0.80  div_loss=0.0001  kl_loss=0.0000 (disabled)  score=0.586  return=0.251  role_std=0.4313  role_norm=0.8651  enc_delta ego=0.0077 partner=0.0072 road=0.0072
[ROMA step  478,150,656] sps= 53,897  policy_loss=0.0024  value_loss=0.1362  mi_loss=0.0001  mi_valid=0.78  div_loss=0.0013  kl_loss=0.0000 (disabled)  score=0.588  return=0.252  role_std=0.4173  role_norm=0.8339  enc_delta ego=0.0065 partner=0.0062 road=0.0075
[ROMA step  478,937,088] sps= 53,924  policy_loss=-0.0028  value_loss=0.1572  mi_loss=0.0001  mi_valid=0.80  div_loss=0.0013  kl_loss=0.0000 (disabled)  score=0.587  return=0.250  role_std=0.4487  role_norm=0.8866  enc_delta ego=0.0081 partner=0.0058 road=0.0073
[ROMA step  479,723,520] sps= 53,950  policy_loss=0.0003  value_loss=0.1445  mi_loss=0.0001  mi_valid=0.81  div_loss=0.0000  kl_loss=0.0000 (disabled)  score=0.587  return=0.248  role_std=0.4762  role_norm=0.9160  enc_delta ego=0.0071 partner=0.0062 road=0.0065
[ROMA step  480,509,952] sps= 53,977  policy_loss=-0.0041  value_loss=0.1414  mi_loss=0.0001  mi_valid=0.83  div_loss=0.0000  kl_loss=0.0000 (disabled)  score=0.588  return=0.248  role_std=0.4218  role_norm=0.8019  enc_delta ego=0.0061 partner=0.0065 road=0.0055
[ROMA step  481,296,384] sps= 53,934  policy_loss=-0.0040  value_loss=0.1627  mi_loss=0.0001  mi_valid=0.79  div_loss=0.0067  kl_loss=0.0000 (disabled)  score=0.588  return=0.248  role_std=0.4525  role_norm=0.8896  enc_delta ego=0.0076 partner=0.0069 road=0.0066
[ROMA step  482,082,816] sps= 53,961  policy_loss=0.0052  value_loss=0.1509  mi_loss=0.0001  mi_valid=0.80  div_loss=0.0016  kl_loss=0.0000 (disabled)  score=0.590  return=0.248  role_std=0.4453  role_norm=0.8826  enc_delta ego=0.0066 partner=0.0072 road=0.0077
[ROMA step  482,869,248] sps= 53,989  policy_loss=0.0004  value_loss=0.1256  mi_loss=0.0001  mi_valid=0.80  div_loss=0.0005  kl_loss=0.0000 (disabled)  score=0.591  return=0.253  role_std=0.4516  role_norm=0.8942  enc_delta ego=0.0049 partner=0.0048 road=0.0055
[ROMA step  483,655,680] sps= 53,942  policy_loss=0.0020  value_loss=0.1432  mi_loss=0.0001  mi_valid=0.78  div_loss=0.0006  kl_loss=0.0000 (disabled)  score=0.593  return=0.259  role_std=0.5579  role_norm=1.0782  enc_delta ego=0.0046 partner=0.0046 road=0.0054
[ROMA step  484,442,112] sps= 53,970  policy_loss=-0.0036  value_loss=0.1202  mi_loss=0.0001  mi_valid=0.83  div_loss=0.0001  kl_loss=0.0000 (disabled)  score=0.595  return=0.263  role_std=0.4359  role_norm=0.8524  enc_delta ego=0.0049 partner=0.0079 road=0.0083
[ROMA step  485,228,544] sps= 53,998  policy_loss=-0.0026  value_loss=0.1146  mi_loss=0.0001  mi_valid=0.82  div_loss=0.0000  kl_loss=0.0000 (disabled)  score=0.599  return=0.272  role_std=0.4571  role_norm=0.9050  enc_delta ego=0.0045 partner=0.0069 road=0.0059
[ROMA step  486,014,976] sps= 54,024  policy_loss=-0.0005  value_loss=0.1085  mi_loss=0.0001  mi_valid=0.80  div_loss=0.0011  kl_loss=0.0000 (disabled)  score=0.603  return=0.279  role_std=0.4520  role_norm=0.9039  enc_delta ego=0.0054 partner=0.0077 road=0.0065
[ROMA step  486,801,408] sps= 53,982  policy_loss=0.0055  value_loss=0.1241  mi_loss=0.0001  mi_valid=0.78  div_loss=0.0000  kl_loss=0.0000 (disabled)  score=0.605  return=0.287  role_std=0.4570  role_norm=0.8979  enc_delta ego=0.0063 partner=0.0064 road=0.0067
[ROMA step  487,587,840] sps= 54,009  policy_loss=-0.0007  value_loss=0.1409  mi_loss=0.0001  mi_valid=0.81  div_loss=0.0049  kl_loss=0.0000 (disabled)  score=0.607  return=0.290  role_std=0.5118  role_norm=0.9544  enc_delta ego=0.0074 partner=0.0070 road=0.0067
[ROMA step  488,374,272] sps= 54,036  policy_loss=-0.0025  value_loss=0.1489  mi_loss=0.0001  mi_valid=0.82  div_loss=0.0033  kl_loss=0.0000 (disabled)  score=0.607  return=0.292  role_std=0.5577  role_norm=1.0329  enc_delta ego=0.0062 partner=0.0055 road=0.0047
[ROMA step  489,160,704] sps= 54,062  policy_loss=-0.0028  value_loss=0.1664  mi_loss=0.0001  mi_valid=0.84  div_loss=0.0055  kl_loss=0.0000 (disabled)  score=0.606  return=0.292  role_std=0.4415  role_norm=0.8329  enc_delta ego=0.0049 partner=0.0063 road=0.0050
[ROMA step  489,947,136] sps= 54,021  policy_loss=-0.0032  value_loss=0.1648  mi_loss=0.0001  mi_valid=0.78  div_loss=0.0057  kl_loss=0.0000 (disabled)  score=0.605  return=0.292  role_std=0.4524  role_norm=0.8899  enc_delta ego=0.0071 partner=0.0061 road=0.0059
[ROMA step  490,733,568] sps= 54,047  policy_loss=-0.0091  value_loss=0.1167  mi_loss=0.0001  mi_valid=0.81  div_loss=0.0024  kl_loss=0.0000 (disabled)  score=0.604  return=0.294  role_std=0.4612  role_norm=0.9051  enc_delta ego=0.0073 partner=0.0072 road=0.0068
[ROMA step  491,520,000] sps= 54,074  policy_loss=0.0014  value_loss=0.1270  mi_loss=0.0001  mi_valid=0.81  div_loss=0.0059  kl_loss=0.0000 (disabled)  score=0.604  return=0.295  role_std=0.4756  role_norm=0.9346  enc_delta ego=0.0098 partner=0.0064 road=0.0071
[ROMA step  492,306,432] sps= 54,031  policy_loss=-0.0041  value_loss=0.1291  mi_loss=0.0001  mi_valid=0.79  div_loss=0.0035  kl_loss=0.0000 (disabled)  score=0.603  return=0.295  role_std=0.5730  role_norm=1.1097  enc_delta ego=0.0074 partner=0.0056 road=0.0072
[ROMA step  493,092,864] sps= 54,058  policy_loss=-0.0072  value_loss=0.1445  mi_loss=0.0001  mi_valid=0.84  div_loss=0.0014  kl_loss=0.0000 (disabled)  score=0.601  return=0.294  role_std=0.4660  role_norm=0.9117  enc_delta ego=0.0067 partner=0.0067 road=0.0077
[ROMA step  493,879,296] sps= 54,084  policy_loss=-0.0099  value_loss=0.1247  mi_loss=0.0001  mi_valid=0.80  div_loss=0.0028  kl_loss=0.0000 (disabled)  score=0.601  return=0.291  role_std=0.4599  role_norm=0.9401  enc_delta ego=0.0051 partner=0.0044 road=0.0055
[ROMA step  494,665,728] sps= 54,107  policy_loss=0.0030  value_loss=0.1270  mi_loss=0.0001  mi_valid=0.81  div_loss=0.0008  kl_loss=0.0000 (disabled)  score=0.599  return=0.288  role_std=0.4595  role_norm=0.9331  enc_delta ego=0.0065 partner=0.0054 road=0.0067
[ROMA step  495,452,160] sps= 54,082  policy_loss=-0.0036  value_loss=0.1060  mi_loss=0.0001  mi_valid=0.78  div_loss=0.0009  kl_loss=0.0000 (disabled)  score=0.599  return=0.289  role_std=0.5199  role_norm=1.0312  enc_delta ego=0.0083 partner=0.0067 road=0.0077
[ROMA step  496,238,592] sps= 54,109  policy_loss=-0.0009  value_loss=0.1035  mi_loss=0.0001  mi_valid=0.80  div_loss=0.0000  kl_loss=0.0000 (disabled)  score=0.598  return=0.290  role_std=0.5496  role_norm=1.0613  enc_delta ego=0.0084 partner=0.0060 road=0.0071
[ROMA step  497,025,024] sps= 54,136  policy_loss=-0.0016  value_loss=0.0899  mi_loss=0.0001  mi_valid=0.83  div_loss=0.0011  kl_loss=0.0000 (disabled)  score=0.596  return=0.292  role_std=0.5505  role_norm=1.0343  enc_delta ego=0.0065 partner=0.0063 road=0.0069
[ROMA step  497,811,456] sps= 54,113  policy_loss=-0.0001  value_loss=0.1359  mi_loss=0.0001  mi_valid=0.81  div_loss=0.0001  kl_loss=0.0000 (disabled)  score=0.595  return=0.292  role_std=0.4592  role_norm=0.9073  enc_delta ego=0.0047 partner=0.0050 road=0.0045
[ROMA step  498,597,888] sps= 54,140  policy_loss=-0.0026  value_loss=0.1480  mi_loss=0.0001  mi_valid=0.80  div_loss=0.0029  kl_loss=0.0000 (disabled)  score=0.594  return=0.289  role_std=0.4532  role_norm=0.9212  enc_delta ego=0.0085 partner=0.0069 road=0.0066
[ROMA step  499,384,320] sps= 54,166  policy_loss=0.0054  value_loss=0.1416  mi_loss=0.0001  mi_valid=0.80  div_loss=0.0020  kl_loss=0.0000 (disabled)  score=0.592  return=0.288  role_std=0.4825  role_norm=0.9836  enc_delta ego=0.0064 partner=0.0069 road=0.0072
[ROMA step  500,170,752] sps= 54,193  policy_loss=-0.0018  value_loss=0.1189  mi_loss=0.0001  mi_valid=0.81  div_loss=0.0012  kl_loss=0.0000 (disabled)  score=0.591  return=0.286  role_std=0.5139  role_norm=0.9962  enc_delta ego=0.0044 partner=0.0052 road=0.0047
[ROMA] Saved -> /scratch/e452103/checkpoints/roma_mifutagent_dim4_H8_r16p64_ep_film/roma_dim4_step500170752.pt
[ROMA] Periodic WOSAC eval at step 500,170,752 ...

WOSAC realism metrics (32 rollouts, up to 10 batches, step 500,170,752)...
  Batch 10/10 | scenarios: 1235 | realism: 0.6388

  Scenarios evaluated       : 1235
  Realism meta-score        : 0.6388
  Kinematic metrics         : 0.2374
  Interactive metrics       : 0.6390
  Map-based metrics         : 0.7008
  minADE (m)                : 7.2768
  likelihood_offroad        : 0.8584
  likelihood_dist_road_edge : 0.5423
  likelihood_collision      : 0.8724
  likelihood_dist_obj       : 0.2539
  likelihood_ttc            : 0.7902
  likelihood_linear_speed   : 0.1810
  likelihood_linear_accel   : 0.3202
  likelihood_angular_speed  : 0.1979
  likelihood_angular_accel  : 0.2509
[ROMA step  500,957,184] sps= 50,856  policy_loss=0.0023  value_loss=0.1629  mi_loss=0.0001  mi_valid=0.80  div_loss=0.0083  kl_loss=0.0000 (disabled)  score=0.589  return=0.282  role_std=0.5003  role_norm=1.0004  enc_delta ego=0.0069 partner=0.0055 road=0.0057
[ROMA step  501,743,616] sps= 50,884  policy_loss=-0.0132  value_loss=0.1347  mi_loss=0.0001  mi_valid=0.83  div_loss=0.0019  kl_loss=0.0000 (disabled)  score=0.588  return=0.281  role_std=0.4222  role_norm=0.8694  enc_delta ego=0.0068 partner=0.0065 road=0.0064
[ROMA step  502,530,048] sps= 50,912  policy_loss=-0.0017  value_loss=0.1398  mi_loss=0.0001  mi_valid=0.80  div_loss=0.0014  kl_loss=0.0000 (disabled)  score=0.585  return=0.279  role_std=0.4347  role_norm=0.8840  enc_delta ego=0.0071 partner=0.0068 road=0.0075
[ROMA step  503,316,480] sps= 50,855  policy_loss=0.0002  value_loss=0.1323  mi_loss=0.0001  mi_valid=0.78  div_loss=0.0009  kl_loss=0.0000 (disabled)  score=0.582  return=0.275  role_std=0.4624  role_norm=0.9412  enc_delta ego=0.0079 partner=0.0061 road=0.0079
[ROMA step  504,102,912] sps= 50,884  policy_loss=-0.0019  value_loss=0.1264  mi_loss=0.0001  mi_valid=0.81  div_loss=0.0006  kl_loss=0.0000 (disabled)  score=0.580  return=0.274  role_std=0.4931  role_norm=0.9905  enc_delta ego=0.0094 partner=0.0065 road=0.0079
[ROMA step  504,889,344] sps= 50,912  policy_loss=0.0042  value_loss=0.1339  mi_loss=0.0001  mi_valid=0.81  div_loss=0.0000  kl_loss=0.0000 (disabled)  score=0.578  return=0.271  role_std=0.5633  role_norm=1.0872  enc_delta ego=0.0079 partner=0.0051 road=0.0075
[ROMA step  505,675,776] sps= 50,940  policy_loss=0.0022  value_loss=0.1506  mi_loss=0.0001  mi_valid=0.84  div_loss=0.0005  kl_loss=0.0000 (disabled)  score=0.577  return=0.269  role_std=0.4972  role_norm=0.9378  enc_delta ego=0.0075 partner=0.0062 road=0.0072
[ROMA step  506,462,208] sps= 50,898  policy_loss=-0.0045  value_loss=0.1483  mi_loss=0.0001  mi_valid=0.80  div_loss=0.0003  kl_loss=0.0000 (disabled)  score=0.576  return=0.268  role_std=0.4911  role_norm=0.9466  enc_delta ego=0.0075 partner=0.0064 road=0.0074
[ROMA step  507,248,640] sps= 50,926  policy_loss=-0.0098  value_loss=0.1384  mi_loss=0.0001  mi_valid=0.81  div_loss=0.0001  kl_loss=0.0000 (disabled)  score=0.575  return=0.270  role_std=0.5002  role_norm=0.9875  enc_delta ego=0.0108 partner=0.0065 road=0.0086
[ROMA step  508,035,072] sps= 50,954  policy_loss=-0.0015  value_loss=0.1088  mi_loss=0.0001  mi_valid=0.80  div_loss=0.0000  kl_loss=0.0000 (disabled)  score=0.575  return=0.271  role_std=0.5101  role_norm=1.0105  enc_delta ego=0.0075 partner=0.0070 road=0.0079
[ROMA step  508,821,504] sps= 50,901  policy_loss=-0.0059  value_loss=0.1119  mi_loss=0.0001  mi_valid=0.78  div_loss=0.0011  kl_loss=0.0000 (disabled)  score=0.575  return=0.273  role_std=0.5751  role_norm=1.1024  enc_delta ego=0.0075 partner=0.0059 road=0.0066
[ROMA step  509,607,936] sps= 50,928  policy_loss=0.0001  value_loss=0.1312  mi_loss=0.0001  mi_valid=0.83  div_loss=0.0000  kl_loss=0.0000 (disabled)  score=0.576  return=0.275  role_std=0.5113  role_norm=0.9876  enc_delta ego=0.0069 partner=0.0078 road=0.0098
[ROMA step  510,394,368] sps= 50,956  policy_loss=-0.0031  value_loss=0.1386  mi_loss=0.0001  mi_valid=0.82  div_loss=0.0019  kl_loss=0.0000 (disabled)  score=0.578  return=0.278  role_std=0.5072  role_norm=1.0336  enc_delta ego=0.0076 partner=0.0063 road=0.0062
[ROMA step  511,180,800] sps= 50,982  policy_loss=0.0008  value_loss=0.1253  mi_loss=0.0001  mi_valid=0.80  div_loss=0.0011  kl_loss=0.0000 (disabled)  score=0.580  return=0.280  role_std=0.5144  role_norm=1.0460  enc_delta ego=0.0064 partner=0.0043 road=0.0056
[ROMA step  511,967,232] sps= 50,923  policy_loss=-0.0025  value_loss=0.1317  mi_loss=0.0001  mi_valid=0.77  div_loss=0.0034  kl_loss=0.0000 (disabled)  score=0.581  return=0.283  role_std=0.5316  role_norm=1.0561  enc_delta ego=0.0071 partner=0.0069 road=0.0066
[ROMA step  512,753,664] sps= 50,950  policy_loss=0.0021  value_loss=0.1211  mi_loss=0.0001  mi_valid=0.80  div_loss=0.0003  kl_loss=0.0000 (disabled)  score=0.582  return=0.284  role_std=0.5653  role_norm=1.0732  enc_delta ego=0.0088 partner=0.0071 road=0.0085
[ROMA step  513,540,096] sps= 50,978  policy_loss=0.0009  value_loss=0.1310  mi_loss=0.0001  mi_valid=0.80  div_loss=0.0037  kl_loss=0.0000 (disabled)  score=0.583  return=0.285  role_std=0.6093  role_norm=1.1729  enc_delta ego=0.0053 partner=0.0052 road=0.0056
[ROMA step  514,326,528] sps= 51,006  policy_loss=0.0007  value_loss=0.1318  mi_loss=0.0001  mi_valid=0.82  div_loss=0.0031  kl_loss=0.0000 (disabled)  score=0.583  return=0.286  role_std=0.5249  role_norm=1.0189  enc_delta ego=0.0035 partner=0.0038 road=0.0040
[ROMA step  515,112,960] sps= 50,947  policy_loss=0.0023  value_loss=0.1233  mi_loss=0.0001  mi_valid=0.78  div_loss=0.0000  kl_loss=0.0000 (disabled)  score=0.584  return=0.286  role_std=0.5363  role_norm=1.0932  enc_delta ego=0.0072 partner=0.0077 road=0.0088
[ROMA step  515,899,392] sps= 50,975  policy_loss=-0.0057  value_loss=0.1191  mi_loss=0.0001  mi_valid=0.80  div_loss=0.0001  kl_loss=0.0000 (disabled)  score=0.585  return=0.288  role_std=0.5409  role_norm=1.1076  enc_delta ego=0.0079 partner=0.0067 road=0.0078
[ROMA step  516,685,824] sps= 51,002  policy_loss=-0.0003  value_loss=0.1095  mi_loss=0.0001  mi_valid=0.80  div_loss=0.0001  kl_loss=0.0000 (disabled)  score=0.587  return=0.291  role_std=0.5760  role_norm=1.1760  enc_delta ego=0.0071 partner=0.0067 road=0.0082
[ROMA step  517,472,256] sps= 50,963  policy_loss=-0.0014  value_loss=0.1181  mi_loss=0.0001  mi_valid=0.77  div_loss=0.0001  kl_loss=0.0000 (disabled)  score=0.589  return=0.295  role_std=0.6073  role_norm=1.2155  enc_delta ego=0.0058 partner=0.0059 road=0.0070
[ROMA step  518,258,688] sps= 50,991  policy_loss=-0.0045  value_loss=0.1041  mi_loss=0.0001  mi_valid=0.82  div_loss=0.0000  kl_loss=0.0000 (disabled)  score=0.592  return=0.298  role_std=0.5144  role_norm=1.0115  enc_delta ego=0.0074 partner=0.0068 road=0.0085
[ROMA step  519,045,120] sps= 51,019  policy_loss=-0.0046  value_loss=0.1134  mi_loss=0.0001  mi_valid=0.80  div_loss=0.0011  kl_loss=0.0000 (disabled)  score=0.595  return=0.302  role_std=0.4954  role_norm=1.0317  enc_delta ego=0.0066 partner=0.0063 road=0.0075
[ROMA step  519,831,552] sps= 51,047  policy_loss=0.0032  value_loss=0.1057  mi_loss=0.0001  mi_valid=0.79  div_loss=0.0003  kl_loss=0.0000 (disabled)  score=0.598  return=0.306  role_std=0.5169  role_norm=1.0531  enc_delta ego=0.0059 partner=0.0056 road=0.0069
[ROMA step  520,617,984] sps= 50,983  policy_loss=-0.0045  value_loss=0.1123  mi_loss=0.0001  mi_valid=0.77  div_loss=0.0009  kl_loss=0.0000 (disabled)  score=0.601  return=0.311  role_std=0.5276  role_norm=1.1138  enc_delta ego=0.0070 partner=0.0059 road=0.0068
[ROMA step  521,404,416] sps= 51,011  policy_loss=0.0023  value_loss=0.1214  mi_loss=0.0001  mi_valid=0.81  div_loss=0.0005  kl_loss=0.0000 (disabled)  score=0.602  return=0.315  role_std=0.5721  role_norm=1.1524  enc_delta ego=0.0061 partner=0.0074 road=0.0070
[ROMA step  522,190,848] sps= 51,039  policy_loss=-0.0065  value_loss=0.1055  mi_loss=0.0001  mi_valid=0.82  div_loss=0.0015  kl_loss=0.0000 (disabled)  score=0.603  return=0.318  role_std=0.6214  role_norm=1.2139  enc_delta ego=0.0057 partner=0.0044 road=0.0047
[ROMA step  522,977,280] sps= 50,996  policy_loss=0.0027  value_loss=0.1149  mi_loss=0.0001  mi_valid=0.80  div_loss=0.0000  kl_loss=0.0000 (disabled)  score=0.605  return=0.321  role_std=0.4867  role_norm=1.0004  enc_delta ego=0.0068 partner=0.0059 road=0.0073
[ROMA step  523,763,712] sps= 51,023  policy_loss=-0.0021  value_loss=0.1149  mi_loss=0.0001  mi_valid=0.80  div_loss=0.0012  kl_loss=0.0000 (disabled)  score=0.605  return=0.322  role_std=0.4963  role_norm=1.0082  enc_delta ego=0.0072 partner=0.0075 road=0.0089
[ROMA step  524,550,144] sps= 51,050  policy_loss=0.0029  value_loss=0.1079  mi_loss=0.0001  mi_valid=0.80  div_loss=0.0003  kl_loss=0.0000 (disabled)  score=0.607  return=0.324  role_std=0.4929  role_norm=1.0107  enc_delta ego=0.0067 partner=0.0064 road=0.0076
[ROMA step  525,336,576] sps= 51,078  policy_loss=-0.0020  value_loss=0.1109  mi_loss=0.0001  mi_valid=0.80  div_loss=0.0031  kl_loss=0.0000 (disabled)  score=0.609  return=0.326  role_std=0.5312  role_norm=1.0737  enc_delta ego=0.0063 partner=0.0054 road=0.0070
[ROMA step  526,123,008] sps= 51,033  policy_loss=0.0020  value_loss=0.1181  mi_loss=0.0001  mi_valid=0.79  div_loss=0.0005  kl_loss=0.0000 (disabled)  score=0.611  return=0.328  role_std=0.6108  role_norm=1.1617  enc_delta ego=0.0063 partner=0.0070 road=0.0077
[ROMA step  526,909,440] sps= 51,060  policy_loss=-0.0071  value_loss=0.1255  mi_loss=0.0001  mi_valid=0.83  div_loss=0.0000  kl_loss=0.0000 (disabled)  score=0.611  return=0.329  role_std=0.4642  role_norm=0.9368  enc_delta ego=0.0078 partner=0.0074 road=0.0070
[ROMA step  527,695,872] sps= 51,086  policy_loss=-0.0011  value_loss=0.1020  mi_loss=0.0001  mi_valid=0.80  div_loss=0.0013  kl_loss=0.0000 (disabled)  score=0.612  return=0.331  role_std=0.4755  role_norm=0.9668  enc_delta ego=0.0054 partner=0.0054 road=0.0053
[ROMA step  528,482,304] sps= 51,041  policy_loss=-0.0000  value_loss=0.1330  mi_loss=0.0001  mi_valid=0.77  div_loss=0.0000  kl_loss=0.0000 (disabled)  score=0.613  return=0.333  role_std=0.4868  role_norm=1.0067  enc_delta ego=0.0074 partner=0.0074 road=0.0082
[ROMA step  529,268,736] sps= 51,068  policy_loss=0.0042  value_loss=0.1395  mi_loss=0.0001  mi_valid=0.81  div_loss=0.0013  kl_loss=0.0000 (disabled)  score=0.614  return=0.333  role_std=0.5266  role_norm=1.0441  enc_delta ego=0.0064 partner=0.0069 road=0.0071
[ROMA step  530,055,168] sps= 51,096  policy_loss=-0.0054  value_loss=0.1077  mi_loss=0.0001  mi_valid=0.80  div_loss=0.0013  kl_loss=0.0000 (disabled)  score=0.616  return=0.335  role_std=0.5933  role_norm=1.1608  enc_delta ego=0.0060 partner=0.0058 road=0.0075
[ROMA step  530,841,600] sps= 51,123  policy_loss=-0.0018  value_loss=0.1242  mi_loss=0.0001  mi_valid=0.82  div_loss=0.0007  kl_loss=0.0000 (disabled)  score=0.619  return=0.338  role_std=0.5043  role_norm=1.0225  enc_delta ego=0.0056 partner=0.0063 road=0.0065
[ROMA step  531,628,032] sps= 51,042  policy_loss=-0.0042  value_loss=0.1528  mi_loss=0.0001  mi_valid=0.80  div_loss=0.0037  kl_loss=0.0000 (disabled)  score=0.620  return=0.339  role_std=0.5117  role_norm=1.0531  enc_delta ego=0.0074 partner=0.0067 road=0.0074
[ROMA step  532,414,464] sps= 51,068  policy_loss=-0.0049  value_loss=0.1212  mi_loss=0.0001  mi_valid=0.80  div_loss=0.0001  kl_loss=0.0000 (disabled)  score=0.622  return=0.342  role_std=0.5118  role_norm=1.0593  enc_delta ego=0.0070 partner=0.0070 road=0.0063
[ROMA step  533,200,896] sps= 51,095  policy_loss=-0.0072  value_loss=0.1108  mi_loss=0.0001  mi_valid=0.80  div_loss=0.0001  kl_loss=0.0000 (disabled)  score=0.624  return=0.344  role_std=0.5396  role_norm=1.0985  enc_delta ego=0.0071 partner=0.0060 road=0.0074
[ROMA step  533,987,328] sps= 51,021  policy_loss=0.0052  value_loss=0.1215  mi_loss=0.0001  mi_valid=0.78  div_loss=0.0010  kl_loss=0.0000 (disabled)  score=0.626  return=0.347  role_std=0.6017  role_norm=1.1388  enc_delta ego=0.0077 partner=0.0058 road=0.0068
[ROMA step  534,773,760] sps= 51,048  policy_loss=-0.0080  value_loss=0.1356  mi_loss=0.0001  mi_valid=0.83  div_loss=0.0004  kl_loss=0.0000 (disabled)  score=0.628  return=0.349  role_std=0.5194  role_norm=1.0919  enc_delta ego=0.0073 partner=0.0054 road=0.0074
[ROMA step  535,560,192] sps= 51,075  policy_loss=0.0037  value_loss=0.1487  mi_loss=0.0001  mi_valid=0.83  div_loss=0.0012  kl_loss=0.0000 (disabled)  score=0.629  return=0.351  role_std=0.5178  role_norm=1.0753  enc_delta ego=0.0083 partner=0.0057 road=0.0067
[ROMA step  536,346,624] sps= 51,102  policy_loss=-0.0035  value_loss=0.1209  mi_loss=0.0001  mi_valid=0.80  div_loss=0.0027  kl_loss=0.0000 (disabled)  score=0.630  return=0.353  role_std=0.5321  role_norm=1.1251  enc_delta ego=0.0075 partner=0.0062 road=0.0064
[ROMA step  537,133,056] sps= 51,058  policy_loss=-0.0025  value_loss=0.0982  mi_loss=0.0001  mi_valid=0.77  div_loss=0.0000  kl_loss=0.0000 (disabled)  score=0.631  return=0.354  role_std=0.5709  role_norm=1.2160  enc_delta ego=0.0052 partner=0.0057 road=0.0062
[ROMA step  537,919,488] sps= 51,084  policy_loss=-0.0094  value_loss=0.0986  mi_loss=0.0001  mi_valid=0.80  div_loss=-0.0000  kl_loss=0.0000 (disabled)  score=0.630  return=0.356  role_std=0.6275  role_norm=1.2542  enc_delta ego=0.0058 partner=0.0059 road=0.0065
[ROMA step  538,705,920] sps= 51,110  policy_loss=-0.0058  value_loss=0.1008  mi_loss=0.0001  mi_valid=0.80  div_loss=0.0003  kl_loss=0.0000 (disabled)  score=0.630  return=0.357  role_std=0.6612  role_norm=1.3101  enc_delta ego=0.0077 partner=0.0058 road=0.0069
[ROMA step  539,492,352] sps= 51,137  policy_loss=0.0039  value_loss=0.0976  mi_loss=0.0001  mi_valid=0.82  div_loss=0.0000  kl_loss=0.0000 (disabled)  score=0.631  return=0.358  role_std=0.5602  role_norm=1.1516  enc_delta ego=0.0054 partner=0.0058 road=0.0064
[ROMA step  540,278,784] sps= 51,046  policy_loss=0.0021  value_loss=0.1122  mi_loss=0.0001  mi_valid=0.78  div_loss=0.0003  kl_loss=0.0000 (disabled)  score=0.632  return=0.361  role_std=0.5653  role_norm=1.1702  enc_delta ego=0.0076 partner=0.0071 road=0.0085
[ROMA step  541,065,216] sps= 51,072  policy_loss=-0.0023  value_loss=0.0976  mi_loss=0.0001  mi_valid=0.80  div_loss=0.0010  kl_loss=0.0000 (disabled)  score=0.633  return=0.364  role_std=0.5487  role_norm=1.1482  enc_delta ego=0.0075 partner=0.0065 road=0.0076
[ROMA step  541,851,648] sps= 51,099  policy_loss=0.0039  value_loss=0.1153  mi_loss=0.0001  mi_valid=0.80  div_loss=0.0015  kl_loss=0.0000 (disabled)  score=0.635  return=0.367  role_std=0.6049  role_norm=1.2545  enc_delta ego=0.0062 partner=0.0063 road=0.0069
[ROMA step  542,638,080] sps= 51,019  policy_loss=-0.0055  value_loss=0.1049  mi_loss=0.0001  mi_valid=0.77  div_loss=0.0001  kl_loss=0.0000 (disabled)  score=0.637  return=0.369  role_std=0.7213  role_norm=1.3326  enc_delta ego=0.0070 partner=0.0071 road=0.0078
[ROMA step  543,424,512] sps= 51,045  policy_loss=0.0032  value_loss=0.0946  mi_loss=0.0001  mi_valid=0.82  div_loss=0.0004  kl_loss=0.0000 (disabled)  score=0.638  return=0.372  role_std=0.5449  role_norm=1.0976  enc_delta ego=0.0066 partner=0.0071 road=0.0082
[ROMA step  544,210,944] sps= 51,070  policy_loss=-0.0012  value_loss=0.0943  mi_loss=0.0001  mi_valid=0.81  div_loss=0.0003  kl_loss=0.0000 (disabled)  score=0.641  return=0.376  role_std=0.5339  role_norm=1.1089  enc_delta ego=0.0071 partner=0.0077 road=0.0098
[ROMA step  544,997,376] sps= 51,095  policy_loss=-0.0044  value_loss=0.0849  mi_loss=0.0001  mi_valid=0.79  div_loss=0.0007  kl_loss=0.0000 (disabled)  score=0.643  return=0.381  role_std=0.5269  role_norm=1.1295  enc_delta ego=0.0064 partner=0.0067 road=0.0075
[ROMA step  545,783,808] sps= 50,922  policy_loss=0.0060  value_loss=0.1114  mi_loss=0.0001  mi_valid=0.76  div_loss=0.0002  kl_loss=0.0000 (disabled)  score=0.646  return=0.384  role_std=0.5242  role_norm=1.0993  enc_delta ego=0.0068 partner=0.0071 road=0.0096
[ROMA step  546,570,240] sps= 50,947  policy_loss=-0.0076  value_loss=0.0922  mi_loss=0.0001  mi_valid=0.79  div_loss=0.0001  kl_loss=0.0000 (disabled)  score=0.647  return=0.385  role_std=0.5858  role_norm=1.1597  enc_delta ego=0.0095 partner=0.0059 road=0.0075
[ROMA step  547,356,672] sps= 50,963  policy_loss=-0.0014  value_loss=0.1034  mi_loss=0.0001  mi_valid=0.80  div_loss=0.0003  kl_loss=0.0000 (disabled)  score=0.649  return=0.388  role_std=0.6281  role_norm=1.2195  enc_delta ego=0.0075 partner=0.0058 road=0.0072
[ROMA step  548,143,104] sps= 50,839  policy_loss=-0.0001  value_loss=0.0956  mi_loss=0.0001  mi_valid=0.79  div_loss=0.0001  kl_loss=0.0000 (disabled)  score=0.649  return=0.388  role_std=0.5130  role_norm=1.0561  enc_delta ego=0.0054 partner=0.0046 road=0.0053
[ROMA step  548,929,536] sps= 50,865  policy_loss=0.0017  value_loss=0.1028  mi_loss=0.0001  mi_valid=0.79  div_loss=0.0002  kl_loss=0.0000 (disabled)  score=0.650  return=0.392  role_std=0.5301  role_norm=1.0903  enc_delta ego=0.0054 partner=0.0059 road=0.0070
[ROMA step  549,715,968] sps= 50,891  policy_loss=0.0017  value_loss=0.0917  mi_loss=0.0001  mi_valid=0.79  div_loss=0.0003  kl_loss=0.0000 (disabled)  score=0.652  return=0.397  role_std=0.5460  role_norm=1.1197  enc_delta ego=0.0079 partner=0.0066 road=0.0077
[ROMA step  550,502,400] sps= 50,917  policy_loss=0.0036  value_loss=0.0992  mi_loss=0.0001  mi_valid=0.79  div_loss=0.0001  kl_loss=0.0000 (disabled)  score=0.655  return=0.400  role_std=0.5746  role_norm=1.1738  enc_delta ego=0.0072 partner=0.0055 road=0.0073
[ROMA step  551,288,832] sps= 50,822  policy_loss=-0.0036  value_loss=0.1049  mi_loss=0.0001  mi_valid=0.77  div_loss=0.0000  kl_loss=0.0000 (disabled)  score=0.658  return=0.404  role_std=0.6295  role_norm=1.2387  enc_delta ego=0.0072 partner=0.0073 road=0.0070
[ROMA step  552,075,264] sps= 50,848  policy_loss=0.0023  value_loss=0.1297  mi_loss=0.0001  mi_valid=0.81  div_loss=0.0001  kl_loss=0.0000 (disabled)  score=0.659  return=0.407  role_std=0.5716  role_norm=1.1541  enc_delta ego=0.0075 partner=0.0072 road=0.0078
[ROMA step  552,861,696] sps= 50,873  policy_loss=-0.0038  value_loss=0.1253  mi_loss=0.0001  mi_valid=0.78  div_loss=0.0003  kl_loss=0.0000 (disabled)  score=0.662  return=0.410  role_std=0.5775  role_norm=1.1927  enc_delta ego=0.0058 partner=0.0061 road=0.0059
[ROMA step  553,648,128] sps= 50,799  policy_loss=0.0024  value_loss=0.1292  mi_loss=0.0001  mi_valid=0.76  div_loss=0.0002  kl_loss=0.0000 (disabled)  score=0.664  return=0.413  role_std=0.5789  role_norm=1.2218  enc_delta ego=0.0106 partner=0.0071 road=0.0073
[ROMA step  554,434,560] sps= 50,825  policy_loss=-0.0021  value_loss=0.0994  mi_loss=0.0001  mi_valid=0.79  div_loss=0.0006  kl_loss=0.0000 (disabled)  score=0.667  return=0.417  role_std=0.6009  role_norm=1.2248  enc_delta ego=0.0063 partner=0.0070 road=0.0080
[ROMA step  555,220,992] sps= 50,851  policy_loss=-0.0009  value_loss=0.1073  mi_loss=0.0001  mi_valid=0.79  div_loss=-0.0000  kl_loss=0.0000 (disabled)  score=0.671  return=0.422  role_std=0.6696  role_norm=1.3634  enc_delta ego=0.0052 partner=0.0061 road=0.0065
[ROMA step  556,007,424] sps= 50,877  policy_loss=-0.0051  value_loss=0.1029  mi_loss=0.0001  mi_valid=0.81  div_loss=0.0000  kl_loss=0.0000 (disabled)  score=0.674  return=0.428  role_std=0.6465  role_norm=1.2882  enc_delta ego=0.0070 partner=0.0059 road=0.0074
[ROMA step  556,793,856] sps= 50,814  policy_loss=-0.0002  value_loss=0.1265  mi_loss=0.0001  mi_valid=0.79  div_loss=0.0003  kl_loss=0.0000 (disabled)  score=0.676  return=0.431  role_std=0.5801  role_norm=1.1505  enc_delta ego=0.0068 partner=0.0057 road=0.0068
[ROMA step  557,580,288] sps= 50,838  policy_loss=0.0020  value_loss=0.1084  mi_loss=0.0001  mi_valid=0.79  div_loss=0.0009  kl_loss=0.0000 (disabled)  score=0.679  return=0.437  role_std=0.5416  role_norm=1.1484  enc_delta ego=0.0058 partner=0.0058 road=0.0071
[ROMA step  558,366,720] sps= 50,863  policy_loss=-0.0105  value_loss=0.0937  mi_loss=0.0001  mi_valid=0.80  div_loss=0.0000  kl_loss=0.0000 (disabled)  score=0.680  return=0.439  role_std=0.5578  role_norm=1.1746  enc_delta ego=0.0079 partner=0.0061 road=0.0075
[ROMA step  559,153,152] sps= 50,800  policy_loss=-0.0027  value_loss=0.1025  mi_loss=0.0001  mi_valid=0.77  div_loss=0.0009  kl_loss=0.0000 (disabled)  score=0.681  return=0.442  role_std=0.6413  role_norm=1.2673  enc_delta ego=0.0084 partner=0.0056 road=0.0062
[ROMA step  559,939,584] sps= 50,825  policy_loss=-0.0021  value_loss=0.1114  mi_loss=0.0001  mi_valid=0.82  div_loss=0.0000  kl_loss=0.0000 (disabled)  score=0.682  return=0.445  role_std=0.6105  role_norm=1.1893  enc_delta ego=0.0073 partner=0.0078 road=0.0077
[ROMA step  560,726,016] sps= 50,850  policy_loss=-0.0000  value_loss=0.1071  mi_loss=0.0001  mi_valid=0.82  div_loss=0.0000  kl_loss=0.0000 (disabled)  score=0.683  return=0.448  role_std=0.5563  role_norm=1.1324  enc_delta ego=0.0082 partner=0.0066 road=0.0069
[ROMA step  561,512,448] sps= 50,874  policy_loss=-0.0032  value_loss=0.1057  mi_loss=0.0001  mi_valid=0.79  div_loss=0.0002  kl_loss=0.0000 (disabled)  score=0.685  return=0.450  role_std=0.5563  role_norm=1.1654  enc_delta ego=0.0078 partner=0.0069 road=0.0072
[ROMA step  562,298,880] sps= 50,833  policy_loss=-0.0010  value_loss=0.1279  mi_loss=0.0001  mi_valid=0.77  div_loss=0.0090  kl_loss=0.0000 (disabled)  score=0.687  return=0.455  role_std=0.5556  role_norm=1.2025  enc_delta ego=0.0074 partner=0.0062 road=0.0079
[ROMA step  563,085,312] sps= 50,858  policy_loss=-0.0014  value_loss=0.0994  mi_loss=0.0001  mi_valid=0.79  div_loss=0.0002  kl_loss=0.0000 (disabled)  score=0.690  return=0.459  role_std=0.5734  role_norm=1.1966  enc_delta ego=0.0079 partner=0.0067 road=0.0082
[ROMA step  563,871,744] sps= 50,883  policy_loss=0.0069  value_loss=0.0969  mi_loss=0.0001  mi_valid=0.79  div_loss=0.0001  kl_loss=0.0000 (disabled)  score=0.693  return=0.463  role_std=0.5923  role_norm=1.1900  enc_delta ego=0.0070 partner=0.0056 road=0.0066
[ROMA step  564,658,176] sps= 50,906  policy_loss=-0.0010  value_loss=0.0958  mi_loss=0.0001  mi_valid=0.81  div_loss=0.0001  kl_loss=0.0000 (disabled)  score=0.695  return=0.467  role_std=0.5525  role_norm=1.1340  enc_delta ego=0.0063 partner=0.0063 road=0.0070
[ROMA step  565,444,608] sps= 50,858  policy_loss=0.0018  value_loss=0.1186  mi_loss=0.0001  mi_valid=0.78  div_loss=0.0016  kl_loss=0.0000 (disabled)  score=0.697  return=0.469  role_std=0.5412  role_norm=1.1278  enc_delta ego=0.0064 partner=0.0065 road=0.0084
[ROMA step  566,231,040] sps= 50,882  policy_loss=-0.0027  value_loss=0.1162  mi_loss=0.0001  mi_valid=0.79  div_loss=0.0010  kl_loss=0.0000 (disabled)  score=0.698  return=0.469  role_std=0.5400  role_norm=1.1229  enc_delta ego=0.0068 partner=0.0066 road=0.0070
[ROMA step  567,017,472] sps= 50,907  policy_loss=-0.0009  value_loss=0.0987  mi_loss=0.0001  mi_valid=0.79  div_loss=0.0001  kl_loss=0.0000 (disabled)  score=0.699  return=0.470  role_std=0.5505  role_norm=1.1415  enc_delta ego=0.0063 partner=0.0061 road=0.0062
[ROMA step  567,803,904] sps= 50,864  policy_loss=0.0006  value_loss=0.0945  mi_loss=0.0001  mi_valid=0.77  div_loss=0.0000  kl_loss=0.0000 (disabled)  score=0.700  return=0.471  role_std=0.6061  role_norm=1.2308  enc_delta ego=0.0060 partner=0.0055 road=0.0070
[ROMA step  568,590,336] sps= 50,888  policy_loss=0.0037  value_loss=0.1016  mi_loss=0.0001  mi_valid=0.82  div_loss=0.0001  kl_loss=0.0000 (disabled)  score=0.700  return=0.472  role_std=0.5577  role_norm=1.1195  enc_delta ego=0.0067 partner=0.0067 road=0.0081
[ROMA step  569,376,768] sps= 50,912  policy_loss=-0.0005  value_loss=0.0871  mi_loss=0.0001  mi_valid=0.81  div_loss=0.0003  kl_loss=0.0000 (disabled)  score=0.701  return=0.474  role_std=0.5732  role_norm=1.1716  enc_delta ego=0.0074 partner=0.0058 road=0.0068
[ROMA step  570,163,200] sps= 50,937  policy_loss=0.0006  value_loss=0.0806  mi_loss=0.0001  mi_valid=0.79  div_loss=0.0002  kl_loss=0.0000 (disabled)  score=0.702  return=0.476  role_std=0.5718  role_norm=1.1848  enc_delta ego=0.0069 partner=0.0054 road=0.0076
[ROMA step  570,949,632] sps= 50,893  policy_loss=0.0001  value_loss=0.0936  mi_loss=0.0001  mi_valid=0.77  div_loss=0.0007  kl_loss=0.0000 (disabled)  score=0.703  return=0.479  role_std=0.5592  role_norm=1.1847  enc_delta ego=0.0055 partner=0.0052 road=0.0067
[ROMA step  571,736,064] sps= 50,918  policy_loss=-0.0028  value_loss=0.0908  mi_loss=0.0001  mi_valid=0.79  div_loss=0.0001  kl_loss=0.0000 (disabled)  score=0.703  return=0.479  role_std=0.5888  role_norm=1.1958  enc_delta ego=0.0055 partner=0.0057 road=0.0066
[ROMA step  572,522,496] sps= 50,942  policy_loss=-0.0009  value_loss=0.0769  mi_loss=0.0001  mi_valid=0.79  div_loss=0.0000  kl_loss=0.0000 (disabled)  score=0.702  return=0.480  role_std=0.6141  role_norm=1.2230  enc_delta ego=0.0075 partner=0.0060 road=0.0066
[ROMA step  573,308,928] sps= 50,889  policy_loss=-0.0035  value_loss=0.1080  mi_loss=0.0001  mi_valid=0.79  div_loss=0.0000  kl_loss=0.0000 (disabled)  score=0.702  return=0.480  role_std=0.5713  role_norm=1.2095  enc_delta ego=0.0073 partner=0.0060 road=0.0071
[ROMA step  574,095,360] sps= 50,913  policy_loss=-0.0029  value_loss=0.1011  mi_loss=0.0001  mi_valid=0.79  div_loss=0.0001  kl_loss=0.0000 (disabled)  score=0.703  return=0.482  role_std=0.6084  role_norm=1.2863  enc_delta ego=0.0086 partner=0.0077 road=0.0077
[ROMA step  574,881,792] sps= 50,938  policy_loss=-0.0042  value_loss=0.0983  mi_loss=0.0001  mi_valid=0.78  div_loss=0.0001  kl_loss=0.0000 (disabled)  score=0.705  return=0.485  role_std=0.6036  role_norm=1.2765  enc_delta ego=0.0093 partner=0.0065 road=0.0073
[ROMA step  575,668,224] sps= 50,962  policy_loss=0.0021  value_loss=0.0888  mi_loss=0.0001  mi_valid=0.79  div_loss=0.0007  kl_loss=0.0000 (disabled)  score=0.707  return=0.488  role_std=0.6104  role_norm=1.2802  enc_delta ego=0.0066 partner=0.0062 road=0.0066
[ROMA step  576,454,656] sps= 50,920  policy_loss=0.0003  value_loss=0.0906  mi_loss=0.0001  mi_valid=0.76  div_loss=0.0001  kl_loss=0.0000 (disabled)  score=0.710  return=0.491  role_std=0.6846  role_norm=1.3571  enc_delta ego=0.0084 partner=0.0060 road=0.0082
[ROMA step  577,241,088] sps= 50,942  policy_loss=-0.0070  value_loss=0.0838  mi_loss=0.0001  mi_valid=0.81  div_loss=-0.0000  kl_loss=0.0000 (disabled)  score=0.712  return=0.493  role_std=0.6489  role_norm=1.3249  enc_delta ego=0.0050 partner=0.0060 road=0.0085
[ROMA step  578,027,520] sps= 50,966  policy_loss=-0.0041  value_loss=0.0859  mi_loss=0.0001  mi_valid=0.79  div_loss=0.0005  kl_loss=0.0000 (disabled)  score=0.714  return=0.496  role_std=0.6243  role_norm=1.3066  enc_delta ego=0.0065 partner=0.0066 road=0.0063
[ROMA step  578,813,952] sps= 50,926  policy_loss=-0.0032  value_loss=0.0956  mi_loss=0.0001  mi_valid=0.76  div_loss=0.0003  kl_loss=0.0000 (disabled)  score=0.716  return=0.499  role_std=0.6065  role_norm=1.3309  enc_delta ego=0.0061 partner=0.0056 road=0.0070
[ROMA step  579,600,384] sps= 50,951  policy_loss=0.0052  value_loss=0.0781  mi_loss=0.0001  mi_valid=0.79  div_loss=0.0000  kl_loss=0.0000 (disabled)  score=0.717  return=0.501  role_std=0.6265  role_norm=1.3319  enc_delta ego=0.0062 partner=0.0054 road=0.0077
[ROMA step  580,386,816] sps= 50,975  policy_loss=0.0018  value_loss=0.0771  mi_loss=0.0001  mi_valid=0.79  div_loss=-0.0000  kl_loss=0.0000 (disabled)  score=0.717  return=0.504  role_std=0.6708  role_norm=1.3417  enc_delta ego=0.0062 partner=0.0052 road=0.0061
[ROMA step  581,173,248] sps= 51,000  policy_loss=-0.0042  value_loss=0.0799  mi_loss=0.0001  mi_valid=0.80  div_loss=0.0004  kl_loss=0.0000 (disabled)  score=0.718  return=0.507  role_std=0.6830  role_norm=1.3150  enc_delta ego=0.0066 partner=0.0059 road=0.0058
[ROMA step  581,959,680] sps= 50,963  policy_loss=-0.0037  value_loss=0.0877  mi_loss=0.0001  mi_valid=0.78  div_loss=0.0004  kl_loss=0.0000 (disabled)  score=0.718  return=0.510  role_std=0.5991  role_norm=1.2397  enc_delta ego=0.0059 partner=0.0059 road=0.0062
[ROMA step  582,746,112] sps= 50,987  policy_loss=-0.0035  value_loss=0.1053  mi_loss=0.0001  mi_valid=0.79  div_loss=0.0000  kl_loss=0.0000 (disabled)  score=0.718  return=0.511  role_std=0.5976  role_norm=1.2550  enc_delta ego=0.0058 partner=0.0065 road=0.0069
[ROMA step  583,532,544] sps= 51,011  policy_loss=-0.0003  value_loss=0.1057  mi_loss=0.0001  mi_valid=0.78  div_loss=-0.0000  kl_loss=0.0000 (disabled)  score=0.718  return=0.512  role_std=0.6060  role_norm=1.2741  enc_delta ego=0.0049 partner=0.0061 road=0.0064
[ROMA step  584,318,976] sps= 50,968  policy_loss=-0.0045  value_loss=0.0876  mi_loss=0.0001  mi_valid=0.76  div_loss=0.0004  kl_loss=0.0000 (disabled)  score=0.719  return=0.514  role_std=0.6675  role_norm=1.3122  enc_delta ego=0.0049 partner=0.0058 road=0.0060
[ROMA step  585,105,408] sps= 50,991  policy_loss=-0.0026  value_loss=0.0955  mi_loss=0.0001  mi_valid=0.80  div_loss=0.0001  kl_loss=0.0000 (disabled)  score=0.720  return=0.516  role_std=0.6572  role_norm=1.2834  enc_delta ego=0.0095 partner=0.0064 road=0.0074
[ROMA step  585,891,840] sps= 51,015  policy_loss=0.0002  value_loss=0.0876  mi_loss=0.0001  mi_valid=0.81  div_loss=0.0006  kl_loss=0.0000 (disabled)  score=0.721  return=0.519  role_std=0.5760  role_norm=1.1851  enc_delta ego=0.0055 partner=0.0054 road=0.0065
[ROMA step  586,678,272] sps= 51,038  policy_loss=-0.0030  value_loss=0.0867  mi_loss=0.0001  mi_valid=0.79  div_loss=0.0004  kl_loss=0.0000 (disabled)  score=0.723  return=0.523  role_std=0.6125  role_norm=1.3021  enc_delta ego=0.0066 partner=0.0065 road=0.0062
[ROMA step  587,464,704] sps= 51,000  policy_loss=-0.0054  value_loss=0.0897  mi_loss=0.0001  mi_valid=0.76  div_loss=0.0022  kl_loss=0.0000 (disabled)  score=0.725  return=0.527  role_std=0.5990  role_norm=1.3322  enc_delta ego=0.0060 partner=0.0055 road=0.0060
[ROMA step  588,251,136] sps= 51,023  policy_loss=0.0014  value_loss=0.0905  mi_loss=0.0001  mi_valid=0.79  div_loss=0.0000  kl_loss=0.0000 (disabled)  score=0.726  return=0.530  role_std=0.6119  role_norm=1.2740  enc_delta ego=0.0067 partner=0.0062 road=0.0072
[ROMA step  589,037,568] sps= 51,047  policy_loss=-0.0043  value_loss=0.1021  mi_loss=0.0001  mi_valid=0.79  div_loss=0.0002  kl_loss=0.0000 (disabled)  score=0.727  return=0.532  role_std=0.6292  role_norm=1.3200  enc_delta ego=0.0052 partner=0.0059 road=0.0056
[ROMA step  589,824,000] sps= 51,070  policy_loss=-0.0017  value_loss=0.0864  mi_loss=0.0001  mi_valid=0.81  div_loss=0.0000  kl_loss=0.0000 (disabled)  score=0.728  return=0.535  role_std=0.5785  role_norm=1.2401  enc_delta ego=0.0061 partner=0.0059 road=0.0061
[ROMA step  590,610,432] sps= 51,032  policy_loss=-0.0048  value_loss=0.1066  mi_loss=0.0001  mi_valid=0.78  div_loss=0.0000  kl_loss=0.0000 (disabled)  score=0.728  return=0.537  role_std=0.5944  role_norm=1.2959  enc_delta ego=0.0073 partner=0.0061 road=0.0081
[ROMA step  591,396,864] sps= 51,055  policy_loss=-0.0045  value_loss=0.0824  mi_loss=0.0001  mi_valid=0.79  div_loss=-0.0000  kl_loss=0.0000 (disabled)  score=0.729  return=0.540  role_std=0.6309  role_norm=1.3518  enc_delta ego=0.0064 partner=0.0071 road=0.0073
[ROMA step  592,183,296] sps= 51,079  policy_loss=0.0002  value_loss=0.0760  mi_loss=0.0001  mi_valid=0.78  div_loss=-0.0000  kl_loss=0.0000 (disabled)  score=0.730  return=0.543  role_std=0.6152  role_norm=1.3350  enc_delta ego=0.0059 partner=0.0067 road=0.0070
[ROMA step  592,969,728] sps= 51,044  policy_loss=0.0011  value_loss=0.0870  mi_loss=0.0001  mi_valid=0.76  div_loss=0.0005  kl_loss=0.0000 (disabled)  score=0.732  return=0.546  role_std=0.6741  role_norm=1.3511  enc_delta ego=0.0085 partner=0.0057 road=0.0071
[ROMA step  593,756,160] sps= 51,068  policy_loss=0.0062  value_loss=0.0891  mi_loss=0.0001  mi_valid=0.81  div_loss=0.0003  kl_loss=0.0000 (disabled)  score=0.734  return=0.551  role_std=0.6182  role_norm=1.2628  enc_delta ego=0.0067 partner=0.0066 road=0.0073
[ROMA step  594,542,592] sps= 51,092  policy_loss=0.0020  value_loss=0.0903  mi_loss=0.0001  mi_valid=0.80  div_loss=0.0004  kl_loss=0.0000 (disabled)  score=0.736  return=0.555  role_std=0.6201  role_norm=1.2908  enc_delta ego=0.0061 partner=0.0064 road=0.0060
[ROMA step  595,329,024] sps= 51,116  policy_loss=-0.0020  value_loss=0.0872  mi_loss=0.0001  mi_valid=0.78  div_loss=0.0001  kl_loss=0.0000 (disabled)  score=0.738  return=0.560  role_std=0.6267  role_norm=1.3040  enc_delta ego=0.0072 partner=0.0063 road=0.0070
[ROMA step  596,115,456] sps= 51,068  policy_loss=-0.0033  value_loss=0.0933  mi_loss=0.0001  mi_valid=0.76  div_loss=0.0002  kl_loss=0.0000 (disabled)  score=0.740  return=0.563  role_std=0.6451  role_norm=1.3795  enc_delta ego=0.0070 partner=0.0067 road=0.0070
[ROMA step  596,901,888] sps= 51,090  policy_loss=-0.0028  value_loss=0.0805  mi_loss=0.0001  mi_valid=0.79  div_loss=0.0003  kl_loss=0.0000 (disabled)  score=0.742  return=0.566  role_std=0.6677  role_norm=1.3679  enc_delta ego=0.0061 partner=0.0054 road=0.0069
[ROMA step  597,688,320] sps= 51,114  policy_loss=0.0018  value_loss=0.0949  mi_loss=0.0001  mi_valid=0.79  div_loss=0.0001  kl_loss=0.0000 (disabled)  score=0.743  return=0.567  role_std=0.7191  role_norm=1.4298  enc_delta ego=0.0080 partner=0.0065 road=0.0071
[ROMA step  598,474,752] sps= 51,085  policy_loss=0.0023  value_loss=0.1076  mi_loss=0.0001  mi_valid=0.78  div_loss=0.0003  kl_loss=0.0000 (disabled)  score=0.744  return=0.568  role_std=0.6643  role_norm=1.4132  enc_delta ego=0.0082 partner=0.0054 road=0.0062
[ROMA step  599,261,184] sps= 51,108  policy_loss=-0.0048  value_loss=0.1031  mi_loss=0.0001  mi_valid=0.78  div_loss=-0.0000  kl_loss=0.0000 (disabled)  score=0.746  return=0.570  role_std=0.6542  role_norm=1.3857  enc_delta ego=0.0061 partner=0.0060 road=0.0080
[ROMA step  600,047,616] sps= 51,131  policy_loss=0.0002  value_loss=0.1021  mi_loss=0.0001  mi_valid=0.78  div_loss=0.0008  kl_loss=0.0000 (disabled)  score=0.749  return=0.574  role_std=0.6423  role_norm=1.3862  enc_delta ego=0.0052 partner=0.0044 road=0.0061
[ROMA step  600,834,048] sps= 51,154  policy_loss=-0.0011  value_loss=0.1015  mi_loss=0.0001  mi_valid=0.78  div_loss=0.0002  kl_loss=0.0000 (disabled)  score=0.751  return=0.576  role_std=0.6766  role_norm=1.4265  enc_delta ego=0.0061 partner=0.0047 road=0.0055
[ROMA step  601,620,480] sps= 51,123  policy_loss=-0.0019  value_loss=0.0936  mi_loss=0.0001  mi_valid=0.75  div_loss=0.0002  kl_loss=0.0000 (disabled)  score=0.753  return=0.580  role_std=0.7146  role_norm=1.4189  enc_delta ego=0.0065 partner=0.0056 road=0.0070
[ROMA step  602,406,912] sps= 51,147  policy_loss=0.0006  value_loss=0.0866  mi_loss=0.0001  mi_valid=0.80  div_loss=0.0007  kl_loss=0.0000 (disabled)  score=0.755  return=0.582  role_std=0.6356  role_norm=1.3277  enc_delta ego=0.0077 partner=0.0068 road=0.0059
[ROMA step  603,193,344] sps= 51,170  policy_loss=-0.0032  value_loss=0.0772  mi_loss=0.0001  mi_valid=0.79  div_loss=0.0000  kl_loss=0.0000 (disabled)  score=0.756  return=0.585  role_std=0.6583  role_norm=1.3750  enc_delta ego=0.0099 partner=0.0052 road=0.0057
[ROMA step  603,979,776] sps= 51,140  policy_loss=0.0014  value_loss=0.1033  mi_loss=0.0001  mi_valid=0.76  div_loss=0.0001  kl_loss=0.0000 (disabled)  score=0.757  return=0.588  role_std=0.6751  role_norm=1.4556  enc_delta ego=0.0054 partner=0.0052 road=0.0058
[ROMA step  604,766,208] sps= 51,164  policy_loss=-0.0009  value_loss=0.0882  mi_loss=0.0001  mi_valid=0.78  div_loss=0.0001  kl_loss=0.0000 (disabled)  score=0.757  return=0.589  role_std=0.6782  role_norm=1.4352  enc_delta ego=0.0062 partner=0.0072 road=0.0081
[ROMA step  605,552,640] sps= 51,187  policy_loss=-0.0000  value_loss=0.0914  mi_loss=0.0001  mi_valid=0.78  div_loss=0.0002  kl_loss=0.0000 (disabled)  score=0.758  return=0.590  role_std=0.7091  role_norm=1.4893  enc_delta ego=0.0052 partner=0.0066 road=0.0065
[ROMA step  606,339,072] sps= 51,211  policy_loss=-0.0056  value_loss=0.0783  mi_loss=0.0001  mi_valid=0.78  div_loss=0.0000  kl_loss=0.0000 (disabled)  score=0.759  return=0.592  role_std=0.7256  role_norm=1.4224  enc_delta ego=0.0092 partner=0.0053 road=0.0059
[ROMA step  607,125,504] sps= 51,179  policy_loss=-0.0043  value_loss=0.0936  mi_loss=0.0001  mi_valid=0.78  div_loss=0.0001  kl_loss=0.0000 (disabled)  score=0.760  return=0.593  role_std=0.6312  role_norm=1.3078  enc_delta ego=0.0067 partner=0.0067 road=0.0070
[ROMA step  607,911,936] sps= 51,202  policy_loss=0.0016  value_loss=0.0985  mi_loss=0.0001  mi_valid=0.78  div_loss=0.0005  kl_loss=0.0000 (disabled)  score=0.761  return=0.595  role_std=0.6363  role_norm=1.3877  enc_delta ego=0.0061 partner=0.0065 road=0.0082
[ROMA step  608,698,368] sps= 51,226  policy_loss=0.0008  value_loss=0.1009  mi_loss=0.0001  mi_valid=0.78  div_loss=0.0001  kl_loss=0.0000 (disabled)  score=0.763  return=0.596  role_std=0.6628  role_norm=1.4167  enc_delta ego=0.0078 partner=0.0054 road=0.0077
[ROMA step  609,484,800] sps= 51,190  policy_loss=-0.0019  value_loss=0.0918  mi_loss=0.0001  mi_valid=0.75  div_loss=0.0005  kl_loss=0.0000 (disabled)  score=0.765  return=0.597  role_std=0.7386  role_norm=1.4454  enc_delta ego=0.0047 partner=0.0055 road=0.0066
[ROMA step  610,271,232] sps= 51,211  policy_loss=-0.0080  value_loss=0.0928  mi_loss=0.0001  mi_valid=0.79  div_loss=0.0002  kl_loss=0.0000 (disabled)  score=0.766  return=0.599  role_std=0.7222  role_norm=1.4313  enc_delta ego=0.0061 partner=0.0056 road=0.0071
[ROMA step  611,057,664] sps= 51,233  policy_loss=-0.0038  value_loss=0.0773  mi_loss=0.0001  mi_valid=0.80  div_loss=0.0008  kl_loss=0.0000 (disabled)  score=0.766  return=0.601  role_std=0.6558  role_norm=1.3323  enc_delta ego=0.0054 partner=0.0056 road=0.0064
[ROMA step  611,844,096] sps= 51,256  policy_loss=-0.0034  value_loss=0.0782  mi_loss=0.0001  mi_valid=0.78  div_loss=0.0001  kl_loss=0.0000 (disabled)  score=0.767  return=0.603  role_std=0.6723  role_norm=1.4368  enc_delta ego=0.0082 partner=0.0055 road=0.0072
[ROMA step  612,630,528] sps= 51,220  policy_loss=0.0013  value_loss=0.0972  mi_loss=0.0001  mi_valid=0.76  div_loss=0.0011  kl_loss=0.0000 (disabled)  score=0.767  return=0.603  role_std=0.6732  role_norm=1.5626  enc_delta ego=0.0064 partner=0.0059 road=0.0062
[ROMA step  613,416,960] sps= 51,243  policy_loss=-0.0081  value_loss=0.0759  mi_loss=0.0001  mi_valid=0.78  div_loss=0.0006  kl_loss=0.0000 (disabled)  score=0.769  return=0.605  role_std=0.6775  role_norm=1.4826  enc_delta ego=0.0076 partner=0.0060 road=0.0072
[ROMA step  614,203,392] sps= 51,265  policy_loss=-0.0057  value_loss=0.0670  mi_loss=0.0001  mi_valid=0.79  div_loss=0.0008  kl_loss=0.0000 (disabled)  score=0.769  return=0.606  role_std=0.7193  role_norm=1.5341  enc_delta ego=0.0058 partner=0.0050 road=0.0058
[ROMA step  614,989,824] sps= 51,287  policy_loss=-0.0031  value_loss=0.0840  mi_loss=0.0001  mi_valid=0.80  div_loss=0.0003  kl_loss=0.0000 (disabled)  score=0.770  return=0.607  role_std=0.7232  role_norm=1.4398  enc_delta ego=0.0064 partner=0.0050 road=0.0061
[ROMA step  615,776,256] sps= 51,247  policy_loss=-0.0041  value_loss=0.0960  mi_loss=0.0001  mi_valid=0.78  div_loss=0.0003  kl_loss=0.0000 (disabled)  score=0.771  return=0.607  role_std=0.7148  role_norm=1.4918  enc_delta ego=0.0064 partner=0.0058 road=0.0065
[ROMA step  616,562,688] sps= 51,269  policy_loss=-0.0028  value_loss=0.1039  mi_loss=0.0001  mi_valid=0.78  div_loss=0.0001  kl_loss=0.0000 (disabled)  score=0.772  return=0.608  role_std=0.6888  role_norm=1.4923  enc_delta ego=0.0067 partner=0.0058 road=0.0063
[ROMA step  617,349,120] sps= 51,291  policy_loss=0.0046  value_loss=0.0911  mi_loss=0.0001  mi_valid=0.79  div_loss=0.0000  kl_loss=0.0000 (disabled)  score=0.772  return=0.607  role_std=0.6949  role_norm=1.4968  enc_delta ego=0.0080 partner=0.0056 road=0.0072
[ROMA step  618,135,552] sps= 51,265  policy_loss=-0.0003  value_loss=0.1029  mi_loss=0.0001  mi_valid=0.76  div_loss=0.0008  kl_loss=0.0000 (disabled)  score=0.772  return=0.607  role_std=0.7516  role_norm=1.5059  enc_delta ego=0.0055 partner=0.0054 road=0.0062
[ROMA step  618,921,984] sps= 51,288  policy_loss=-0.0003  value_loss=0.0947  mi_loss=0.0001  mi_valid=0.81  div_loss=0.0002  kl_loss=0.0000 (disabled)  score=0.771  return=0.606  role_std=0.6922  role_norm=1.3509  enc_delta ego=0.0074 partner=0.0068 road=0.0078
[ROMA step  619,708,416] sps= 51,310  policy_loss=0.0054  value_loss=0.0958  mi_loss=0.0001  mi_valid=0.81  div_loss=0.0009  kl_loss=0.0000 (disabled)  score=0.771  return=0.605  role_std=0.6488  role_norm=1.3974  enc_delta ego=0.0053 partner=0.0058 road=0.0057
[ROMA step  620,494,848] sps= 51,332  policy_loss=-0.0007  value_loss=0.0813  mi_loss=0.0001  mi_valid=0.79  div_loss=0.0001  kl_loss=0.0000 (disabled)  score=0.771  return=0.604  role_std=0.6502  role_norm=1.4227  enc_delta ego=0.0062 partner=0.0070 road=0.0066
[ROMA step  621,281,280] sps= 51,308  policy_loss=0.0007  value_loss=0.0959  mi_loss=0.0001  mi_valid=0.76  div_loss=0.0076  kl_loss=0.0000 (disabled)  score=0.770  return=0.604  role_std=0.6848  role_norm=1.5018  enc_delta ego=0.0054 partner=0.0063 road=0.0052
[ROMA step  622,067,712] sps= 51,330  policy_loss=0.0060  value_loss=0.0763  mi_loss=0.0001  mi_valid=0.79  div_loss=0.0003  kl_loss=0.0000 (disabled)  score=0.769  return=0.602  role_std=0.6976  role_norm=1.4941  enc_delta ego=0.0041 partner=0.0039 road=0.0041
[ROMA step  622,854,144] sps= 51,352  policy_loss=0.0042  value_loss=0.0893  mi_loss=0.0001  mi_valid=0.79  div_loss=0.0002  kl_loss=0.0000 (disabled)  score=0.767  return=0.599  role_std=0.7254  role_norm=1.4959  enc_delta ego=0.0054 partner=0.0068 road=0.0049
[ROMA step  623,640,576] sps= 51,329  policy_loss=-0.0086  value_loss=0.0979  mi_loss=0.0001  mi_valid=0.79  div_loss=0.0001  kl_loss=0.0000 (disabled)  score=0.765  return=0.597  role_std=0.6226  role_norm=1.3558  enc_delta ego=0.0060 partner=0.0068 road=0.0057
[ROMA step  624,427,008] sps= 51,351  policy_loss=0.0001  value_loss=0.1287  mi_loss=0.0001  mi_valid=0.79  div_loss=0.0019  kl_loss=0.0000 (disabled)  score=0.763  return=0.593  role_std=0.6397  role_norm=1.3983  enc_delta ego=0.0068 partner=0.0078 road=0.0071
[ROMA step  625,213,440] sps= 51,373  policy_loss=-0.0017  value_loss=0.1062  mi_loss=0.0001  mi_valid=0.79  div_loss=0.0001  kl_loss=0.0000 (disabled)  score=0.762  return=0.591  role_std=0.6636  role_norm=1.4310  enc_delta ego=0.0067 partner=0.0062 road=0.0060
[ROMA step  625,999,872] sps= 51,395  policy_loss=-0.0048  value_loss=0.0917  mi_loss=0.0001  mi_valid=0.79  div_loss=0.0008  kl_loss=0.0000 (disabled)  score=0.762  return=0.590  role_std=0.6701  role_norm=1.4412  enc_delta ego=0.0049 partner=0.0050 road=0.0047
[ROMA step  626,786,304] sps= 51,361  policy_loss=-0.0055  value_loss=0.0988  mi_loss=0.0001  mi_valid=0.76  div_loss=0.0001  kl_loss=0.0000 (disabled)  score=0.761  return=0.588  role_std=0.7391  role_norm=1.5464  enc_delta ego=0.0054 partner=0.0057 road=0.0071
[ROMA step  627,572,736] sps= 51,383  policy_loss=-0.0029  value_loss=0.1106  mi_loss=0.0001  mi_valid=0.81  div_loss=0.0001  kl_loss=0.0000 (disabled)  score=0.761  return=0.587  role_std=0.6915  role_norm=1.4663  enc_delta ego=0.0067 partner=0.0065 road=0.0076
[ROMA step  628,359,168] sps= 51,405  policy_loss=-0.0036  value_loss=0.1004  mi_loss=0.0001  mi_valid=0.80  div_loss=0.0000  kl_loss=0.0000 (disabled)  score=0.760  return=0.585  role_std=0.7078  role_norm=1.4749  enc_delta ego=0.0056 partner=0.0064 road=0.0067
[ROMA step  629,145,600] sps= 51,382  policy_loss=-0.0045  value_loss=0.0901  mi_loss=0.0001  mi_valid=0.76  div_loss=0.0001  kl_loss=0.0000 (disabled)  score=0.759  return=0.583  role_std=0.6666  role_norm=1.4696  enc_delta ego=0.0048 partner=0.0051 road=0.0067
[ROMA step  629,932,032] sps= 51,404  policy_loss=-0.0017  value_loss=0.0845  mi_loss=0.0001  mi_valid=0.78  div_loss=0.0006  kl_loss=0.0000 (disabled)  score=0.757  return=0.581  role_std=0.6977  role_norm=1.4810  enc_delta ego=0.0056 partner=0.0062 road=0.0076
[ROMA step  630,718,464] sps= 51,426  policy_loss=-0.0045  value_loss=0.0769  mi_loss=0.0001  mi_valid=0.78  div_loss=0.0000  kl_loss=0.0000 (disabled)  score=0.757  return=0.579  role_std=0.7188  role_norm=1.4861  enc_delta ego=0.0045 partner=0.0060 road=0.0065
[ROMA step  631,504,896] sps= 51,448  policy_loss=0.0022  value_loss=0.0935  mi_loss=0.0001  mi_valid=0.78  div_loss=0.0003  kl_loss=0.0000 (disabled)  score=0.756  return=0.578  role_std=0.7659  role_norm=1.5463  enc_delta ego=0.0054 partner=0.0058 road=0.0070
[ROMA step  632,291,328] sps= 51,425  policy_loss=-0.0039  value_loss=0.1120  mi_loss=0.0001  mi_valid=0.78  div_loss=0.0002  kl_loss=0.0000 (disabled)  score=0.756  return=0.578  role_std=0.7356  role_norm=1.5525  enc_delta ego=0.0064 partner=0.0053 road=0.0070
[ROMA step  633,077,760] sps= 51,447  policy_loss=0.0007  value_loss=0.0905  mi_loss=0.0001  mi_valid=0.78  div_loss=0.0003  kl_loss=0.0000 (disabled)  score=0.756  return=0.577  role_std=0.7284  role_norm=1.5839  enc_delta ego=0.0069 partner=0.0066 road=0.0075
[ROMA step  633,864,192] sps= 51,469  policy_loss=-0.0050  value_loss=0.0791  mi_loss=0.0001  mi_valid=0.78  div_loss=0.0010  kl_loss=0.0000 (disabled)  score=0.756  return=0.576  role_std=0.7596  role_norm=1.6168  enc_delta ego=0.0069 partner=0.0053 road=0.0068
[ROMA step  634,650,624] sps= 51,440  policy_loss=-0.0007  value_loss=0.0850  mi_loss=0.0001  mi_valid=0.76  div_loss=0.0003  kl_loss=0.0000 (disabled)  score=0.755  return=0.574  role_std=0.7982  role_norm=1.6638  enc_delta ego=0.0065 partner=0.0051 road=0.0055
[ROMA step  635,437,056] sps= 51,462  policy_loss=0.0052  value_loss=0.0991  mi_loss=0.0001  mi_valid=0.79  div_loss=0.0005  kl_loss=0.0000 (disabled)  score=0.753  return=0.571  role_std=0.8119  role_norm=1.6763  enc_delta ego=0.0068 partner=0.0069 road=0.0091
[ROMA step  636,223,488] sps= 51,485  policy_loss=0.0019  value_loss=0.1068  mi_loss=0.0001  mi_valid=0.81  div_loss=-0.0000  kl_loss=0.0000 (disabled)  score=0.752  return=0.569  role_std=0.7333  role_norm=1.5304  enc_delta ego=0.0053 partner=0.0060 road=0.0070
[ROMA step  637,009,920] sps= 51,507  policy_loss=0.0022  value_loss=0.0906  mi_loss=0.0001  mi_valid=0.79  div_loss=0.0002  kl_loss=0.0000 (disabled)  score=0.750  return=0.567  role_std=0.7309  role_norm=1.5768  enc_delta ego=0.0074 partner=0.0063 road=0.0078
[ROMA step  637,796,352] sps= 51,482  policy_loss=-0.0051  value_loss=0.0865  mi_loss=0.0001  mi_valid=0.77  div_loss=0.0000  kl_loss=0.0000 (disabled)  score=0.747  return=0.563  role_std=0.7099  role_norm=1.5499  enc_delta ego=0.0052 partner=0.0051 road=0.0054
[ROMA step  638,582,784] sps= 51,503  policy_loss=-0.0007  value_loss=0.0943  mi_loss=0.0001  mi_valid=0.79  div_loss=0.0005  kl_loss=0.0000 (disabled)  score=0.744  return=0.559  role_std=0.7394  role_norm=1.5679  enc_delta ego=0.0065 partner=0.0058 road=0.0059
[ROMA step  639,369,216] sps= 51,525  policy_loss=-0.0060  value_loss=0.0842  mi_loss=0.0001  mi_valid=0.80  div_loss=0.0002  kl_loss=0.0000 (disabled)  score=0.741  return=0.554  role_std=0.7944  role_norm=1.6363  enc_delta ego=0.0054 partner=0.0050 road=0.0066
[ROMA step  640,155,648] sps= 51,546  policy_loss=-0.0057  value_loss=0.0761  mi_loss=0.0001  mi_valid=0.80  div_loss=0.0002  kl_loss=0.0000 (disabled)  score=0.739  return=0.551  role_std=0.8457  role_norm=1.6420  enc_delta ego=0.0058 partner=0.0050 road=0.0067
[ROMA step  640,942,080] sps= 51,523  policy_loss=-0.0074  value_loss=0.0697  mi_loss=0.0001  mi_valid=0.79  div_loss=0.0001  kl_loss=0.0000 (disabled)  score=0.738  return=0.551  role_std=0.7663  role_norm=1.5664  enc_delta ego=0.0059 partner=0.0063 road=0.0082
[ROMA step  641,728,512] sps= 51,545  policy_loss=0.0021  value_loss=0.0678  mi_loss=0.0001  mi_valid=0.78  div_loss=0.0014  kl_loss=0.0000 (disabled)  score=0.737  return=0.551  role_std=0.7616  role_norm=1.5853  enc_delta ego=0.0055 partner=0.0046 road=0.0060
[ROMA step  642,514,944] sps= 51,567  policy_loss=-0.0042  value_loss=0.0534  mi_loss=0.0001  mi_valid=0.78  div_loss=0.0001  kl_loss=0.0000 (disabled)  score=0.738  return=0.553  role_std=0.7553  role_norm=1.6143  enc_delta ego=0.0075 partner=0.0049 road=0.0058
[ROMA step  643,301,376] sps= 51,543  policy_loss=-0.0021  value_loss=0.0778  mi_loss=0.0001  mi_valid=0.75  div_loss=0.0008  kl_loss=0.0000 (disabled)  score=0.738  return=0.554  role_std=0.8394  role_norm=1.7246  enc_delta ego=0.0066 partner=0.0052 road=0.0053
[ROMA step  644,087,808] sps= 51,564  policy_loss=-0.0079  value_loss=0.0792  mi_loss=0.0001  mi_valid=0.79  div_loss=0.0000  kl_loss=0.0000 (disabled)  score=0.738  return=0.555  role_std=0.8494  role_norm=1.6693  enc_delta ego=0.0068 partner=0.0057 road=0.0073
[ROMA step  644,874,240] sps= 51,586  policy_loss=-0.0063  value_loss=0.0795  mi_loss=0.0001  mi_valid=0.80  div_loss=0.0000  kl_loss=0.0000 (disabled)  score=0.738  return=0.555  role_std=0.7564  role_norm=1.5951  enc_delta ego=0.0062 partner=0.0072 road=0.0079
[ROMA step  645,660,672] sps= 51,606  policy_loss=-0.0012  value_loss=0.0710  mi_loss=0.0001  mi_valid=0.78  div_loss=0.0025  kl_loss=0.0000 (disabled)  score=0.739  return=0.556  role_std=0.7466  role_norm=1.6514  enc_delta ego=0.0037 partner=0.0040 road=0.0047
[ROMA step  646,447,104] sps= 51,584  policy_loss=-0.0011  value_loss=0.0766  mi_loss=0.0001  mi_valid=0.75  div_loss=0.0000  kl_loss=0.0000 (disabled)  score=0.740  return=0.559  role_std=0.7688  role_norm=1.6706  enc_delta ego=0.0053 partner=0.0043 road=0.0056
[ROMA step  647,233,536] sps= 51,605  policy_loss=-0.0032  value_loss=0.0618  mi_loss=0.0001  mi_valid=0.78  div_loss=0.0000  kl_loss=0.0000 (disabled)  score=0.741  return=0.563  role_std=0.7625  role_norm=1.6663  enc_delta ego=0.0069 partner=0.0047 road=0.0053
[ROMA step  648,019,968] sps= 51,627  policy_loss=0.0047  value_loss=0.0684  mi_loss=0.0001  mi_valid=0.77  div_loss=0.0001  kl_loss=0.0000 (disabled)  score=0.743  return=0.566  role_std=0.8173  role_norm=1.6789  enc_delta ego=0.0048 partner=0.0053 road=0.0057
[ROMA step  648,806,400] sps= 51,606  policy_loss=0.0021  value_loss=0.0775  mi_loss=0.0001  mi_valid=0.77  div_loss=0.0000  kl_loss=0.0000 (disabled)  score=0.744  return=0.569  role_std=0.7267  role_norm=1.4775  enc_delta ego=0.0048 partner=0.0051 road=0.0062
[ROMA step  649,592,832] sps= 51,627  policy_loss=0.0024  value_loss=0.0773  mi_loss=0.0001  mi_valid=0.78  div_loss=0.0010  kl_loss=0.0000 (disabled)  score=0.745  return=0.569  role_std=0.7186  role_norm=1.4985  enc_delta ego=0.0059 partner=0.0057 road=0.0072
[ROMA step  650,379,264] sps= 51,649  policy_loss=0.0026  value_loss=0.0666  mi_loss=0.0001  mi_valid=0.78  div_loss=0.0001  kl_loss=0.0000 (disabled)  score=0.746  return=0.572  role_std=0.7301  role_norm=1.5516  enc_delta ego=0.0048 partner=0.0050 road=0.0070
[ROMA step  651,165,696] sps= 51,670  policy_loss=0.0009  value_loss=0.0637  mi_loss=0.0001  mi_valid=0.78  div_loss=0.0000  kl_loss=0.0000 (disabled)  score=0.748  return=0.576  role_std=0.7631  role_norm=1.5994  enc_delta ego=0.0054 partner=0.0049 road=0.0058
[ROMA step  651,952,128] sps= 51,645  policy_loss=-0.0017  value_loss=0.0738  mi_loss=0.0001  mi_valid=0.76  div_loss=0.0002  kl_loss=0.0000 (disabled)  score=0.750  return=0.581  role_std=0.7980  role_norm=1.6118  enc_delta ego=0.0052 partner=0.0058 road=0.0059
[ROMA step  652,738,560] sps= 51,666  policy_loss=-0.0021  value_loss=0.0729  mi_loss=0.0001  mi_valid=0.81  div_loss=0.0000  kl_loss=0.0000 (disabled)  score=0.752  return=0.587  role_std=0.7233  role_norm=1.4852  enc_delta ego=0.0067 partner=0.0055 road=0.0056
[ROMA step  653,524,992] sps= 51,688  policy_loss=-0.0068  value_loss=0.0692  mi_loss=0.0001  mi_valid=0.80  div_loss=0.0003  kl_loss=0.0000 (disabled)  score=0.753  return=0.589  role_std=0.7311  role_norm=1.5177  enc_delta ego=0.0050 partner=0.0059 road=0.0054
[ROMA step  654,311,424] sps= 51,668  policy_loss=0.0023  value_loss=0.0845  mi_loss=0.0001  mi_valid=0.76  div_loss=0.0002  kl_loss=0.0000 (disabled)  score=0.754  return=0.593  role_std=0.7321  role_norm=1.5999  enc_delta ego=0.0049 partner=0.0050 road=0.0058
[ROMA step  655,097,856] sps= 51,689  policy_loss=0.0028  value_loss=0.0731  mi_loss=0.0001  mi_valid=0.78  div_loss=0.0000  kl_loss=0.0000 (disabled)  score=0.755  return=0.596  role_std=0.7549  role_norm=1.6315  enc_delta ego=0.0056 partner=0.0062 road=0.0060
[ROMA step  655,884,288] sps= 51,708  policy_loss=-0.0041  value_loss=0.0669  mi_loss=0.0001  mi_valid=0.78  div_loss=0.0001  kl_loss=0.0000 (disabled)  score=0.756  return=0.599  role_std=0.7736  role_norm=1.6394  enc_delta ego=0.0054 partner=0.0058 road=0.0053
[ROMA step  656,670,720] sps= 51,729  policy_loss=0.0008  value_loss=0.0820  mi_loss=0.0001  mi_valid=0.78  div_loss=0.0016  kl_loss=0.0000 (disabled)  score=0.757  return=0.602  role_std=0.7883  role_norm=1.6460  enc_delta ego=0.0061 partner=0.0061 road=0.0056
[ROMA step  657,457,152] sps= 51,695  policy_loss=-0.0018  value_loss=0.0944  mi_loss=0.0001  mi_valid=0.77  div_loss=0.0000  kl_loss=0.0000 (disabled)  score=0.757  return=0.603  role_std=0.7502  role_norm=1.6305  enc_delta ego=0.0080 partner=0.0062 road=0.0069
[ROMA step  658,243,584] sps= 51,716  policy_loss=0.0010  value_loss=0.0759  mi_loss=0.0001  mi_valid=0.77  div_loss=0.0000  kl_loss=0.0000 (disabled)  score=0.758  return=0.605  role_std=0.7779  role_norm=1.6823  enc_delta ego=0.0061 partner=0.0054 road=0.0061
[ROMA step  659,030,016] sps= 51,737  policy_loss=0.0034  value_loss=0.0735  mi_loss=0.0001  mi_valid=0.77  div_loss=0.0003  kl_loss=0.0000 (disabled)  score=0.759  return=0.607  role_std=0.7866  role_norm=1.7071  enc_delta ego=0.0067 partner=0.0056 road=0.0067
[ROMA step  659,816,448] sps= 51,713  policy_loss=-0.0053  value_loss=0.0760  mi_loss=0.0001  mi_valid=0.75  div_loss=0.0001  kl_loss=0.0000 (disabled)  score=0.759  return=0.609  role_std=0.7770  role_norm=1.6812  enc_delta ego=0.0060 partner=0.0054 road=0.0055
[ROMA step  660,602,880] sps= 51,734  policy_loss=-0.0021  value_loss=0.0780  mi_loss=0.0001  mi_valid=0.78  div_loss=0.0001  kl_loss=0.0000 (disabled)  score=0.761  return=0.612  role_std=0.7910  role_norm=1.6500  enc_delta ego=0.0058 partner=0.0075 road=0.0076
[ROMA step  661,389,312] sps= 51,755  policy_loss=-0.0047  value_loss=0.0818  mi_loss=0.0001  mi_valid=0.79  div_loss=0.0002  kl_loss=0.0000 (disabled)  score=0.762  return=0.614  role_std=0.7255  role_norm=1.5380  enc_delta ego=0.0090 partner=0.0063 road=0.0072
[ROMA step  662,175,744] sps= 51,774  policy_loss=0.0050  value_loss=0.0882  mi_loss=0.0001  mi_valid=0.78  div_loss=-0.0000  kl_loss=0.0000 (disabled)  score=0.763  return=0.617  role_std=0.7254  role_norm=1.5461  enc_delta ego=0.0051 partner=0.0063 road=0.0058
[ROMA step  662,962,176] sps= 51,757  policy_loss=0.0004  value_loss=0.0930  mi_loss=0.0001  mi_valid=0.75  div_loss=-0.0000  kl_loss=0.0000 (disabled)  score=0.765  return=0.620  role_std=0.7661  role_norm=1.6830  enc_delta ego=0.0065 partner=0.0061 road=0.0069
[ROMA step  663,748,608] sps= 51,778  policy_loss=-0.0058  value_loss=0.0802  mi_loss=0.0001  mi_valid=0.77  div_loss=0.0004  kl_loss=0.0000 (disabled)  score=0.768  return=0.625  role_std=0.7910  role_norm=1.6863  enc_delta ego=0.0051 partner=0.0051 road=0.0064
[ROMA step  664,535,040] sps= 51,799  policy_loss=0.0048  value_loss=0.0757  mi_loss=0.0001  mi_valid=0.77  div_loss=0.0000  kl_loss=0.0000 (disabled)  score=0.771  return=0.630  role_std=0.8113  role_norm=1.7427  enc_delta ego=0.0033 partner=0.0043 road=0.0052
[ROMA step  665,321,472] sps= 51,820  policy_loss=0.0011  value_loss=0.0710  mi_loss=0.0001  mi_valid=0.78  div_loss=0.0001  kl_loss=0.0000 (disabled)  score=0.773  return=0.634  role_std=0.8155  role_norm=1.6792  enc_delta ego=0.0041 partner=0.0060 road=0.0058
[ROMA step  666,107,904] sps= 51,801  policy_loss=-0.0009  value_loss=0.0779  mi_loss=0.0001  mi_valid=0.78  div_loss=0.0001  kl_loss=0.0000 (disabled)  score=0.776  return=0.639  role_std=0.7584  role_norm=1.6051  enc_delta ego=0.0049 partner=0.0050 road=0.0066
[ROMA step  666,894,336] sps= 51,821  policy_loss=-0.0038  value_loss=0.0805  mi_loss=0.0001  mi_valid=0.77  div_loss=0.0000  kl_loss=0.0000 (disabled)  score=0.780  return=0.646  role_std=0.7927  role_norm=1.7063  enc_delta ego=0.0050 partner=0.0059 road=0.0062
[ROMA step  667,680,768] sps= 51,842  policy_loss=-0.0009  value_loss=0.0645  mi_loss=0.0001  mi_valid=0.76  div_loss=0.0001  kl_loss=0.0000 (disabled)  score=0.785  return=0.653  role_std=0.7953  role_norm=1.7195  enc_delta ego=0.0053 partner=0.0051 road=0.0049
[ROMA step  668,467,200] sps= 51,821  policy_loss=-0.0031  value_loss=0.0774  mi_loss=0.0001  mi_valid=0.74  div_loss=0.0001  kl_loss=0.0000 (disabled)  score=0.789  return=0.658  role_std=0.8198  role_norm=1.7148  enc_delta ego=0.0048 partner=0.0055 road=0.0071
[ROMA step  669,253,632] sps= 51,841  policy_loss=-0.0035  value_loss=0.0841  mi_loss=0.0001  mi_valid=0.78  div_loss=0.0002  kl_loss=0.0000 (disabled)  score=0.792  return=0.661  role_std=0.8445  role_norm=1.7609  enc_delta ego=0.0059 partner=0.0057 road=0.0065
[ROMA step  670,040,064] sps= 51,861  policy_loss=-0.0047  value_loss=0.0828  mi_loss=0.0001  mi_valid=0.79  div_loss=0.0006  kl_loss=0.0000 (disabled)  score=0.794  return=0.662  role_std=0.7650  role_norm=1.6132  enc_delta ego=0.0053 partner=0.0061 road=0.0063
[ROMA step  670,826,496] sps= 51,882  policy_loss=0.0034  value_loss=0.0784  mi_loss=0.0001  mi_valid=0.77  div_loss=-0.0000  kl_loss=0.0000 (disabled)  score=0.795  return=0.663  role_std=0.7892  role_norm=1.6764  enc_delta ego=0.0074 partner=0.0050 road=0.0057
[ROMA step  671,612,928] sps= 51,862  policy_loss=-0.0089  value_loss=0.0777  mi_loss=0.0001  mi_valid=0.75  div_loss=0.0002  kl_loss=0.0000 (disabled)  score=0.796  return=0.665  role_std=0.7735  role_norm=1.6304  enc_delta ego=0.0064 partner=0.0055 road=0.0072
[ROMA step  672,399,360] sps= 51,883  policy_loss=-0.0031  value_loss=0.0730  mi_loss=0.0001  mi_valid=0.78  div_loss=0.0000  kl_loss=0.0000 (disabled)  score=0.797  return=0.667  role_std=0.7678  role_norm=1.6249  enc_delta ego=0.0057 partner=0.0058 road=0.0058
[ROMA step  673,185,792] sps= 51,902  policy_loss=-0.0008  value_loss=0.0837  mi_loss=0.0001  mi_valid=0.78  div_loss=0.0005  kl_loss=0.0000 (disabled)  score=0.797  return=0.669  role_std=0.8300  role_norm=1.7360  enc_delta ego=0.0045 partner=0.0047 road=0.0049
[ROMA step  673,972,224] sps= 51,878  policy_loss=-0.0048  value_loss=0.0917  mi_loss=0.0001  mi_valid=0.78  div_loss=0.0002  kl_loss=0.0000 (disabled)  score=0.798  return=0.669  role_std=0.7625  role_norm=1.5749  enc_delta ego=0.0070 partner=0.0053 road=0.0062
[ROMA step  674,758,656] sps= 51,899  policy_loss=-0.0028  value_loss=0.1063  mi_loss=0.0001  mi_valid=0.78  div_loss=0.0009  kl_loss=0.0000 (disabled)  score=0.798  return=0.667  role_std=0.7474  role_norm=1.5706  enc_delta ego=0.0076 partner=0.0065 road=0.0063
[ROMA step  675,545,088] sps= 51,919  policy_loss=-0.0027  value_loss=0.0972  mi_loss=0.0001  mi_valid=0.78  div_loss=0.0005  kl_loss=0.0000 (disabled)  score=0.797  return=0.665  role_std=0.7442  role_norm=1.5849  enc_delta ego=0.0061 partner=0.0064 road=0.0065
[ROMA step  676,331,520] sps= 51,939  policy_loss=-0.0045  value_loss=0.1047  mi_loss=0.0001  mi_valid=0.78  div_loss=0.0002  kl_loss=0.0000 (disabled)  score=0.795  return=0.660  role_std=0.7623  role_norm=1.6081  enc_delta ego=0.0058 partner=0.0066 road=0.0074
[ROMA step  677,117,952] sps= 51,901  policy_loss=0.0016  value_loss=0.0772  mi_loss=0.0001  mi_valid=0.76  div_loss=0.0001  kl_loss=0.0000 (disabled)  score=0.794  return=0.658  role_std=0.8186  role_norm=1.7463  enc_delta ego=0.0063 partner=0.0047 road=0.0060
[ROMA step  677,904,384] sps= 51,922  policy_loss=-0.0038  value_loss=0.0687  mi_loss=0.0001  mi_valid=0.80  div_loss=0.0007  kl_loss=0.0000 (disabled)  score=0.794  return=0.658  role_std=0.8681  role_norm=1.7016  enc_delta ego=0.0063 partner=0.0055 road=0.0056
[ROMA step  678,690,816] sps= 51,942  policy_loss=0.0007  value_loss=0.0783  mi_loss=0.0001  mi_valid=0.80  div_loss=0.0004  kl_loss=0.0000 (disabled)  score=0.795  return=0.658  role_std=0.7865  role_norm=1.6123  enc_delta ego=0.0076 partner=0.0057 road=0.0057
[ROMA step  679,477,248] sps= 51,921  policy_loss=-0.0019  value_loss=0.0775  mi_loss=0.0001  mi_valid=0.75  div_loss=0.0000  kl_loss=0.0000 (disabled)  score=0.797  return=0.660  role_std=0.7706  role_norm=1.6289  enc_delta ego=0.0062 partner=0.0051 road=0.0061
[ROMA step  680,263,680] sps= 51,941  policy_loss=0.0002  value_loss=0.0629  mi_loss=0.0001  mi_valid=0.78  div_loss=0.0001  kl_loss=0.0000 (disabled)  score=0.798  return=0.661  role_std=0.7865  role_norm=1.6327  enc_delta ego=0.0084 partner=0.0058 road=0.0072
[ROMA step  681,050,112] sps= 51,962  policy_loss=-0.0046  value_loss=0.0802  mi_loss=0.0001  mi_valid=0.77  div_loss=-0.0000  kl_loss=0.0000 (disabled)  score=0.799  return=0.661  role_std=0.8115  role_norm=1.7016  enc_delta ego=0.0076 partner=0.0057 road=0.0075
[ROMA step  681,836,544] sps= 51,982  policy_loss=-0.0033  value_loss=0.0799  mi_loss=0.0001  mi_valid=0.78  div_loss=0.0014  kl_loss=0.0000 (disabled)  score=0.800  return=0.662  role_std=0.8349  role_norm=1.7268  enc_delta ego=0.0064 partner=0.0052 road=0.0071
[ROMA step  682,622,976] sps= 51,958  policy_loss=0.0011  value_loss=0.0838  mi_loss=0.0001  mi_valid=0.77  div_loss=0.0001  kl_loss=0.0000 (disabled)  score=0.801  return=0.663  role_std=0.7729  role_norm=1.5777  enc_delta ego=0.0073 partner=0.0052 road=0.0064
[ROMA step  683,409,408] sps= 51,978  policy_loss=-0.0060  value_loss=0.0767  mi_loss=0.0001  mi_valid=0.78  div_loss=0.0000  kl_loss=0.0000 (disabled)  score=0.802  return=0.665  role_std=0.7642  role_norm=1.6525  enc_delta ego=0.0048 partner=0.0053 road=0.0064
[ROMA step  684,195,840] sps= 51,998  policy_loss=-0.0138  value_loss=0.0680  mi_loss=0.0001  mi_valid=0.77  div_loss=-0.0000  kl_loss=0.0000 (disabled)  score=0.803  return=0.665  role_std=0.7789  role_norm=1.6765  enc_delta ego=0.0054 partner=0.0053 road=0.0059
[ROMA step  684,982,272] sps= 51,971  policy_loss=-0.0063  value_loss=0.0788  mi_loss=0.0001  mi_valid=0.75  div_loss=0.0003  kl_loss=0.0000 (disabled)  score=0.803  return=0.666  role_std=0.7786  role_norm=1.7256  enc_delta ego=0.0045 partner=0.0051 road=0.0058
[ROMA step  685,768,704] sps= 51,991  policy_loss=-0.0013  value_loss=0.0832  mi_loss=0.0001  mi_valid=0.78  div_loss=0.0005  kl_loss=0.0000 (disabled)  score=0.803  return=0.666  role_std=0.8144  role_norm=1.7556  enc_delta ego=0.0081 partner=0.0054 road=0.0063
[ROMA step  686,555,136] sps= 52,011  policy_loss=-0.0102  value_loss=0.0776  mi_loss=0.0001  mi_valid=0.80  div_loss=0.0000  kl_loss=0.0000 (disabled)  score=0.803  return=0.666  role_std=0.7713  role_norm=1.6423  enc_delta ego=0.0049 partner=0.0051 road=0.0055
[ROMA step  687,341,568] sps= 52,030  policy_loss=-0.0033  value_loss=0.0844  mi_loss=0.0001  mi_valid=0.79  div_loss=-0.0000  kl_loss=0.0000 (disabled)  score=0.803  return=0.665  role_std=0.7816  role_norm=1.6492  enc_delta ego=0.0058 partner=0.0054 road=0.0059
[ROMA step  688,128,000] sps= 52,001  policy_loss=0.0001  value_loss=0.0852  mi_loss=0.0001  mi_valid=0.75  div_loss=-0.0000  kl_loss=0.0000 (disabled)  score=0.802  return=0.665  role_std=0.8113  role_norm=1.7654  enc_delta ego=0.0046 partner=0.0052 road=0.0053
[ROMA step  688,914,432] sps= 52,020  policy_loss=-0.0065  value_loss=0.0753  mi_loss=0.0001  mi_valid=0.78  div_loss=-0.0000  kl_loss=0.0000 (disabled)  score=0.801  return=0.663  role_std=0.7993  role_norm=1.7404  enc_delta ego=0.0081 partner=0.0064 road=0.0067
[ROMA step  689,700,864] sps= 52,040  policy_loss=-0.0020  value_loss=0.0685  mi_loss=0.0001  mi_valid=0.78  div_loss=0.0005  kl_loss=0.0000 (disabled)  score=0.799  return=0.662  role_std=0.8315  role_norm=1.7948  enc_delta ego=0.0050 partner=0.0055 road=0.0057
[ROMA step  690,487,296] sps= 52,059  policy_loss=-0.0037  value_loss=0.0837  mi_loss=0.0001  mi_valid=0.77  div_loss=0.0012  kl_loss=0.0000 (disabled)  score=0.799  return=0.661  role_std=0.8649  role_norm=1.8097  enc_delta ego=0.0038 partner=0.0048 road=0.0050
[ROMA step  691,273,728] sps= 52,036  policy_loss=-0.0047  value_loss=0.0970  mi_loss=0.0001  mi_valid=0.79  div_loss=0.0009  kl_loss=0.0000 (disabled)  score=0.798  return=0.661  role_std=0.7566  role_norm=1.6165  enc_delta ego=0.0044 partner=0.0044 road=0.0050
[ROMA step  692,060,160] sps= 52,055  policy_loss=-0.0007  value_loss=0.0877  mi_loss=0.0001  mi_valid=0.78  div_loss=0.0005  kl_loss=0.0000 (disabled)  score=0.797  return=0.659  role_std=0.7577  role_norm=1.6900  enc_delta ego=0.0080 partner=0.0049 road=0.0059
[ROMA step  692,846,592] sps= 52,075  policy_loss=-0.0007  value_loss=0.0743  mi_loss=0.0001  mi_valid=0.77  div_loss=0.0004  kl_loss=0.0000 (disabled)  score=0.796  return=0.658  role_std=0.7853  role_norm=1.7388  enc_delta ego=0.0053 partner=0.0046 road=0.0051
[ROMA step  693,633,024] sps= 52,052  policy_loss=-0.0009  value_loss=0.0805  mi_loss=0.0001  mi_valid=0.75  div_loss=0.0000  kl_loss=0.0000 (disabled)  score=0.795  return=0.656  role_std=0.8117  role_norm=1.7276  enc_delta ego=0.0051 partner=0.0043 road=0.0063
[ROMA step  694,419,456] sps= 52,072  policy_loss=0.0018  value_loss=0.0720  mi_loss=0.0001  mi_valid=0.78  div_loss=0.0001  kl_loss=0.0000 (disabled)  score=0.795  return=0.655  role_std=0.8188  role_norm=1.7293  enc_delta ego=0.0050 partner=0.0048 road=0.0061
[ROMA step  695,205,888] sps= 52,091  policy_loss=-0.0049  value_loss=0.0757  mi_loss=0.0001  mi_valid=0.79  div_loss=0.0005  kl_loss=0.0000 (disabled)  score=0.795  return=0.655  role_std=0.7459  role_norm=1.5590  enc_delta ego=0.0046 partner=0.0052 road=0.0066
[ROMA step  695,992,320] sps= 52,110  policy_loss=-0.0059  value_loss=0.0651  mi_loss=0.0001  mi_valid=0.77  div_loss=0.0002  kl_loss=0.0000 (disabled)  score=0.794  return=0.655  role_std=0.7733  role_norm=1.6326  enc_delta ego=0.0051 partner=0.0047 road=0.0070
[ROMA step  696,778,752] sps= 52,090  policy_loss=0.0056  value_loss=0.0920  mi_loss=0.0001  mi_valid=0.74  div_loss=0.0005  kl_loss=0.0000 (disabled)  score=0.795  return=0.656  role_std=0.7980  role_norm=1.6952  enc_delta ego=0.0047 partner=0.0063 road=0.0066
[ROMA step  697,565,184] sps= 52,109  policy_loss=-0.0009  value_loss=0.0681  mi_loss=0.0001  mi_valid=0.77  div_loss=0.0001  kl_loss=0.0000 (disabled)  score=0.795  return=0.657  role_std=0.7887  role_norm=1.7065  enc_delta ego=0.0052 partner=0.0057 road=0.0056
[ROMA step  698,351,616] sps= 52,129  policy_loss=-0.0023  value_loss=0.0554  mi_loss=0.0001  mi_valid=0.77  div_loss=0.0000  kl_loss=0.0000 (disabled)  score=0.795  return=0.658  role_std=0.8122  role_norm=1.7501  enc_delta ego=0.0040 partner=0.0044 road=0.0053
[ROMA step  699,138,048] sps= 52,112  policy_loss=-0.0057  value_loss=0.0704  mi_loss=0.0001  mi_valid=0.77  div_loss=0.0005  kl_loss=0.0000 (disabled)  score=0.795  return=0.659  role_std=0.7866  role_norm=1.6959  enc_delta ego=0.0045 partner=0.0054 road=0.0062
[ROMA step  699,924,480] sps= 52,131  policy_loss=0.0013  value_loss=0.0748  mi_loss=0.0001  mi_valid=0.78  div_loss=0.0000  kl_loss=0.0000 (disabled)  score=0.796  return=0.660  role_std=0.8010  role_norm=1.7104  enc_delta ego=0.0054 partner=0.0054 road=0.0075
[ROMA step  700,710,912] sps= 52,151  policy_loss=0.0044  value_loss=0.0773  mi_loss=0.0001  mi_valid=0.77  div_loss=0.0000  kl_loss=0.0000 (disabled)  score=0.797  return=0.661  role_std=0.8068  role_norm=1.7201  enc_delta ego=0.0062 partner=0.0054 road=0.0067
[ROMA step  701,497,344] sps= 52,171  policy_loss=-0.0047  value_loss=0.0733  mi_loss=0.0001  mi_valid=0.78  div_loss=0.0001  kl_loss=0.0000 (disabled)  score=0.798  return=0.663  role_std=0.8263  role_norm=1.7655  enc_delta ego=0.0046 partner=0.0050 road=0.0062
[ROMA step  702,283,776] sps= 52,153  policy_loss=-0.0055  value_loss=0.0836  mi_loss=0.0001  mi_valid=0.75  div_loss=0.0004  kl_loss=0.0000 (disabled)  score=0.799  return=0.664  role_std=0.8132  role_norm=1.7443  enc_delta ego=0.0063 partner=0.0047 road=0.0073
[ROMA step  703,070,208] sps= 52,172  policy_loss=-0.0001  value_loss=0.0865  mi_loss=0.0001  mi_valid=0.79  div_loss=0.0001  kl_loss=0.0000 (disabled)  score=0.799  return=0.666  role_std=0.8642  role_norm=1.7587  enc_delta ego=0.0075 partner=0.0053 road=0.0065
[ROMA step  703,856,640] sps= 52,191  policy_loss=-0.0012  value_loss=0.0802  mi_loss=0.0001  mi_valid=0.80  div_loss=0.0000  kl_loss=0.0000 (disabled)  score=0.800  return=0.667  role_std=0.8113  role_norm=1.6562  enc_delta ego=0.0053 partner=0.0055 road=0.0064
[ROMA step  704,643,072] sps= 52,173  policy_loss=-0.0027  value_loss=0.0897  mi_loss=0.0001  mi_valid=0.75  div_loss=0.0007  kl_loss=0.0000 (disabled)  score=0.801  return=0.671  role_std=0.8027  role_norm=1.6874  enc_delta ego=0.0059 partner=0.0045 road=0.0065
[ROMA step  705,429,504] sps= 52,193  policy_loss=-0.0067  value_loss=0.0889  mi_loss=0.0001  mi_valid=0.78  div_loss=0.0014  kl_loss=0.0000 (disabled)  score=0.801  return=0.670  role_std=0.8045  role_norm=1.6992  enc_delta ego=0.0053 partner=0.0058 road=0.0068
[ROMA step  706,215,936] sps= 52,212  policy_loss=-0.0069  value_loss=0.0929  mi_loss=0.0001  mi_valid=0.78  div_loss=0.0001  kl_loss=0.0000 (disabled)  score=0.801  return=0.669  role_std=0.8195  role_norm=1.7066  enc_delta ego=0.0061 partner=0.0068 road=0.0075
[ROMA step  707,002,368] sps= 52,231  policy_loss=-0.0085  value_loss=0.0794  mi_loss=0.0001  mi_valid=0.78  div_loss=0.0002  kl_loss=0.0000 (disabled)  score=0.801  return=0.668  role_std=0.8424  role_norm=1.7269  enc_delta ego=0.0037 partner=0.0041 road=0.0047
[ROMA step  707,788,800] sps= 52,217  policy_loss=-0.0006  value_loss=0.0982  mi_loss=0.0001  mi_valid=0.77  div_loss=-0.0000  kl_loss=0.0000 (disabled)  score=0.801  return=0.667  role_std=0.7835  role_norm=1.5988  enc_delta ego=0.0046 partner=0.0053 road=0.0065
[ROMA step  708,575,232] sps= 52,237  policy_loss=-0.0097  value_loss=0.0713  mi_loss=0.0001  mi_valid=0.77  div_loss=0.0001  kl_loss=0.0000 (disabled)  score=0.801  return=0.667  role_std=0.8063  role_norm=1.6694  enc_delta ego=0.0071 partner=0.0058 road=0.0068
[ROMA step  709,361,664] sps= 52,256  policy_loss=-0.0061  value_loss=0.0760  mi_loss=0.0001  mi_valid=0.77  div_loss=0.0002  kl_loss=0.0000 (disabled)  score=0.801  return=0.667  role_std=0.7834  role_norm=1.6765  enc_delta ego=0.0049 partner=0.0059 road=0.0060
[ROMA step  710,148,096] sps= 52,242  policy_loss=-0.0022  value_loss=0.0926  mi_loss=0.0001  mi_valid=0.75  div_loss=0.0001  kl_loss=0.0000 (disabled)  score=0.801  return=0.666  role_std=0.7881  role_norm=1.7710  enc_delta ego=0.0050 partner=0.0056 road=0.0069
[ROMA step  710,934,528] sps= 52,261  policy_loss=-0.0009  value_loss=0.0744  mi_loss=0.0001  mi_valid=0.78  div_loss=0.0000  kl_loss=0.0000 (disabled)  score=0.802  return=0.668  role_std=0.8119  role_norm=1.7391  enc_delta ego=0.0061 partner=0.0050 road=0.0071
[ROMA step  711,720,960] sps= 52,280  policy_loss=-0.0033  value_loss=0.0779  mi_loss=0.0001  mi_valid=0.79  div_loss=0.0005  kl_loss=0.0000 (disabled)  score=0.803  return=0.670  role_std=0.7649  role_norm=1.6374  enc_delta ego=0.0054 partner=0.0059 road=0.0068
[ROMA step  712,507,392] sps= 52,300  policy_loss=-0.0094  value_loss=0.0782  mi_loss=0.0001  mi_valid=0.78  div_loss=0.0010  kl_loss=0.0000 (disabled)  score=0.804  return=0.671  role_std=0.7890  role_norm=1.6681  enc_delta ego=0.0070 partner=0.0059 road=0.0069
[ROMA step  713,293,824] sps= 52,289  policy_loss=-0.0010  value_loss=0.0928  mi_loss=0.0001  mi_valid=0.74  div_loss=0.0000  kl_loss=0.0000 (disabled)  score=0.806  return=0.673  role_std=0.8202  role_norm=1.7772  enc_delta ego=0.0071 partner=0.0052 road=0.0063
[ROMA step  714,080,256] sps= 52,308  policy_loss=0.0008  value_loss=0.0670  mi_loss=0.0001  mi_valid=0.77  div_loss=0.0001  kl_loss=0.0000 (disabled)  score=0.807  return=0.676  role_std=0.8207  role_norm=1.7862  enc_delta ego=0.0045 partner=0.0055 road=0.0062
[ROMA step  714,866,688] sps= 52,327  policy_loss=-0.0010  value_loss=0.0628  mi_loss=0.0001  mi_valid=0.77  div_loss=0.0001  kl_loss=0.0000 (disabled)  score=0.809  return=0.679  role_std=0.8454  role_norm=1.8083  enc_delta ego=0.0045 partner=0.0046 road=0.0047
[ROMA step  715,653,120] sps= 52,309  policy_loss=0.0006  value_loss=0.0789  mi_loss=0.0001  mi_valid=0.76  div_loss=0.0001  kl_loss=0.0000 (disabled)  score=0.811  return=0.680  role_std=0.8858  role_norm=1.8595  enc_delta ego=0.0063 partner=0.0054 road=0.0063
[ROMA step  716,439,552] sps= 52,328  policy_loss=0.0033  value_loss=0.0757  mi_loss=0.0001  mi_valid=0.79  div_loss=0.0002  kl_loss=0.0000 (disabled)  score=0.811  return=0.682  role_std=0.8087  role_norm=1.6675  enc_delta ego=0.0057 partner=0.0064 road=0.0079
[ROMA step  717,225,984] sps= 52,347  policy_loss=-0.0128  value_loss=0.0783  mi_loss=0.0001  mi_valid=0.77  div_loss=0.0002  kl_loss=0.0000 (disabled)  score=0.813  return=0.684  role_std=0.7630  role_norm=1.6741  enc_delta ego=0.0053 partner=0.0059 road=0.0073
[ROMA step  718,012,416] sps= 52,365  policy_loss=-0.0042  value_loss=0.0726  mi_loss=0.0001  mi_valid=0.77  div_loss=0.0004  kl_loss=0.0000 (disabled)  score=0.815  return=0.685  role_std=0.7978  role_norm=1.7329  enc_delta ego=0.0066 partner=0.0060 road=0.0076
[ROMA step  718,798,848] sps= 52,345  policy_loss=-0.0014  value_loss=0.0916  mi_loss=0.0001  mi_valid=0.74  div_loss=0.0001  kl_loss=0.0000 (disabled)  score=0.815  return=0.686  role_std=0.8520  role_norm=1.8318  enc_delta ego=0.0047 partner=0.0051 road=0.0077
[ROMA step  719,585,280] sps= 52,364  policy_loss=-0.0018  value_loss=0.0829  mi_loss=0.0001  mi_valid=0.77  div_loss=0.0001  kl_loss=0.0000 (disabled)  score=0.816  return=0.687  role_std=0.8848  role_norm=1.8608  enc_delta ego=0.0050 partner=0.0061 road=0.0070
[ROMA step  720,371,712] sps= 52,383  policy_loss=-0.0014  value_loss=0.1001  mi_loss=0.0001  mi_valid=0.78  div_loss=0.0010  kl_loss=0.0000 (disabled)  score=0.816  return=0.688  role_std=0.8215  role_norm=1.7211  enc_delta ego=0.0046 partner=0.0055 road=0.0059
[ROMA step  721,158,144] sps= 52,401  policy_loss=-0.0001  value_loss=0.0951  mi_loss=0.0001  mi_valid=0.77  div_loss=0.0010  kl_loss=0.0000 (disabled)  score=0.817  return=0.689  role_std=0.8282  role_norm=1.7478  enc_delta ego=0.0060 partner=0.0047 road=0.0059
[ROMA step  721,944,576] sps= 52,386  policy_loss=-0.0014  value_loss=0.0879  mi_loss=0.0001  mi_valid=0.75  div_loss=-0.0000  kl_loss=0.0000 (disabled)  score=0.818  return=0.689  role_std=0.8176  role_norm=1.8063  enc_delta ego=0.0051 partner=0.0043 road=0.0058
[ROMA step  722,731,008] sps= 52,405  policy_loss=-0.0032  value_loss=0.0751  mi_loss=0.0001  mi_valid=0.77  div_loss=0.0004  kl_loss=0.0000 (disabled)  score=0.818  return=0.689  role_std=0.8424  role_norm=1.7974  enc_delta ego=0.0055 partner=0.0040 road=0.0054
[ROMA step  723,517,440] sps= 52,423  policy_loss=-0.0053  value_loss=0.0620  mi_loss=0.0001  mi_valid=0.78  div_loss=0.0000  kl_loss=0.0000 (disabled)  score=0.817  return=0.689  role_std=0.8498  role_norm=1.8075  enc_delta ego=0.0047 partner=0.0043 road=0.0064
[ROMA step  724,303,872] sps= 52,405  policy_loss=-0.0027  value_loss=0.0846  mi_loss=0.0001  mi_valid=0.77  div_loss=0.0001  kl_loss=0.0000 (disabled)  score=0.817  return=0.688  role_std=0.7695  role_norm=1.6030  enc_delta ego=0.0060 partner=0.0043 road=0.0066
[ROMA step  725,090,304] sps= 52,424  policy_loss=-0.0073  value_loss=0.0860  mi_loss=0.0001  mi_valid=0.78  div_loss=0.0000  kl_loss=0.0000 (disabled)  score=0.817  return=0.688  role_std=0.7717  role_norm=1.6008  enc_delta ego=0.0054 partner=0.0058 road=0.0066
[ROMA step  725,876,736] sps= 52,442  policy_loss=0.0021  value_loss=0.0682  mi_loss=0.0001  mi_valid=0.77  div_loss=0.0001  kl_loss=0.0000 (disabled)  score=0.816  return=0.688  role_std=0.7769  role_norm=1.6148  enc_delta ego=0.0053 partner=0.0050 road=0.0062
[ROMA step  726,663,168] sps= 52,460  policy_loss=-0.0027  value_loss=0.0669  mi_loss=0.0001  mi_valid=0.77  div_loss=0.0001  kl_loss=0.0000 (disabled)  score=0.816  return=0.688  role_std=0.8031  role_norm=1.6764  enc_delta ego=0.0044 partner=0.0053 road=0.0063
[ROMA step  727,449,600] sps= 52,442  policy_loss=0.0008  value_loss=0.0752  mi_loss=0.0001  mi_valid=0.75  div_loss=0.0004  kl_loss=0.0000 (disabled)  score=0.816  return=0.687  role_std=0.8867  role_norm=1.8792  enc_delta ego=0.0053 partner=0.0055 road=0.0070
[ROMA step  728,236,032] sps= 52,461  policy_loss=-0.0012  value_loss=0.0676  mi_loss=0.0001  mi_valid=0.78  div_loss=0.0000  kl_loss=0.0000 (disabled)  score=0.816  return=0.688  role_std=0.9017  role_norm=1.8419  enc_delta ego=0.0048 partner=0.0061 road=0.0066
[ROMA step  729,022,464] sps= 52,479  policy_loss=-0.0026  value_loss=0.0718  mi_loss=0.0001  mi_valid=0.79  div_loss=0.0010  kl_loss=0.0000 (disabled)  score=0.816  return=0.688  role_std=0.8238  role_norm=1.6551  enc_delta ego=0.0045 partner=0.0055 road=0.0063
[ROMA step  729,808,896] sps= 52,461  policy_loss=-0.0037  value_loss=0.0822  mi_loss=0.0001  mi_valid=0.75  div_loss=0.0020  kl_loss=0.0000 (disabled)  score=0.816  return=0.689  role_std=0.7917  role_norm=1.7091  enc_delta ego=0.0055 partner=0.0056 road=0.0095
[ROMA step  730,595,328] sps= 52,480  policy_loss=0.0021  value_loss=0.0716  mi_loss=0.0001  mi_valid=0.77  div_loss=0.0000  kl_loss=0.0000 (disabled)  score=0.816  return=0.690  role_std=0.7918  role_norm=1.7072  enc_delta ego=0.0059 partner=0.0055 road=0.0096
[ROMA step  731,381,760] sps= 52,499  policy_loss=-0.0002  value_loss=0.0644  mi_loss=0.0001  mi_valid=0.77  div_loss=0.0001  kl_loss=0.0000 (disabled)  score=0.818  return=0.692  role_std=0.8151  role_norm=1.7378  enc_delta ego=0.0059 partner=0.0059 road=0.0077
[ROMA step  732,168,192] sps= 52,518  policy_loss=0.0055  value_loss=0.0655  mi_loss=0.0001  mi_valid=0.77  div_loss=0.0000  kl_loss=0.0000 (disabled)  score=0.819  return=0.694  role_std=0.8541  role_norm=1.7727  enc_delta ego=0.0039 partner=0.0044 road=0.0052
[ROMA step  732,954,624] sps= 52,503  policy_loss=0.0044  value_loss=0.0734  mi_loss=0.0001  mi_valid=0.76  div_loss=0.0001  kl_loss=0.0000 (disabled)  score=0.821  return=0.697  role_std=0.7742  role_norm=1.5832  enc_delta ego=0.0053 partner=0.0049 road=0.0072
[ROMA step  733,741,056] sps= 52,522  policy_loss=0.0032  value_loss=0.0757  mi_loss=0.0001  mi_valid=0.77  div_loss=0.0010  kl_loss=0.0000 (disabled)  score=0.822  return=0.700  role_std=0.7570  role_norm=1.5608  enc_delta ego=0.0061 partner=0.0067 road=0.0081
[ROMA step  734,527,488] sps= 52,541  policy_loss=-0.0018  value_loss=0.0777  mi_loss=0.0001  mi_valid=0.77  div_loss=0.0019  kl_loss=0.0000 (disabled)  score=0.822  return=0.701  role_std=0.7991  role_norm=1.6384  enc_delta ego=0.0068 partner=0.0055 road=0.0082
[ROMA step  735,313,920] sps= 52,522  policy_loss=0.0006  value_loss=0.0661  mi_loss=0.0001  mi_valid=0.75  div_loss=0.0000  kl_loss=0.0000 (disabled)  score=0.823  return=0.703  role_std=0.7959  role_norm=1.7938  enc_delta ego=0.0054 partner=0.0036 road=0.0060
[ROMA step  736,100,352] sps= 52,539  policy_loss=0.0011  value_loss=0.0812  mi_loss=0.0001  mi_valid=0.77  div_loss=-0.0000  kl_loss=0.0000 (disabled)  score=0.822  return=0.704  role_std=0.8672  role_norm=1.8393  enc_delta ego=0.0069 partner=0.0054 road=0.0074
[ROMA step  736,886,784] sps= 52,557  policy_loss=-0.0042  value_loss=0.0766  mi_loss=0.0001  mi_valid=0.78  div_loss=0.0000  kl_loss=0.0000 (disabled)  score=0.823  return=0.704  role_std=0.9630  role_norm=1.9128  enc_delta ego=0.0071 partner=0.0061 road=0.0064
[ROMA step  737,673,216] sps= 52,574  policy_loss=-0.0040  value_loss=0.0767  mi_loss=0.0001  mi_valid=0.79  div_loss=0.0001  kl_loss=0.0000 (disabled)  score=0.823  return=0.704  role_std=0.8378  role_norm=1.6872  enc_delta ego=0.0051 partner=0.0058 road=0.0072
[ROMA step  738,459,648] sps= 52,559  policy_loss=-0.0084  value_loss=0.0769  mi_loss=0.0001  mi_valid=0.74  div_loss=0.0004  kl_loss=0.0000 (disabled)  score=0.823  return=0.705  role_std=0.8328  role_norm=1.7614  enc_delta ego=0.0055 partner=0.0043 road=0.0071
[ROMA step  739,246,080] sps= 52,577  policy_loss=0.0003  value_loss=0.0729  mi_loss=0.0001  mi_valid=0.77  div_loss=0.0000  kl_loss=0.0000 (disabled)  score=0.822  return=0.705  role_std=0.8385  role_norm=1.7686  enc_delta ego=0.0054 partner=0.0052 road=0.0064
[ROMA step  740,032,512] sps= 52,595  policy_loss=0.0020  value_loss=0.0671  mi_loss=0.0001  mi_valid=0.77  div_loss=0.0002  kl_loss=0.0000 (disabled)  score=0.822  return=0.704  role_std=0.8457  role_norm=1.7986  enc_delta ego=0.0053 partner=0.0051 road=0.0067
[ROMA step  740,818,944] sps= 52,580  policy_loss=-0.0008  value_loss=0.0764  mi_loss=0.0001  mi_valid=0.76  div_loss=0.0001  kl_loss=0.0000 (disabled)  score=0.822  return=0.705  role_std=0.9865  role_norm=2.0475  enc_delta ego=0.0061 partner=0.0046 road=0.0064
[ROMA step  741,605,376] sps= 52,598  policy_loss=0.0039  value_loss=0.0810  mi_loss=0.0001  mi_valid=0.79  div_loss=0.0001  kl_loss=0.0000 (disabled)  score=0.822  return=0.704  role_std=0.8343  role_norm=1.6593  enc_delta ego=0.0070 partner=0.0068 road=0.0086
[ROMA step  742,391,808] sps= 52,617  policy_loss=0.0043  value_loss=0.0812  mi_loss=0.0001  mi_valid=0.77  div_loss=0.0000  kl_loss=0.0000 (disabled)  score=0.822  return=0.704  role_std=0.8539  role_norm=1.7816  enc_delta ego=0.0056 partner=0.0055 road=0.0061
[ROMA step  743,178,240] sps= 52,634  policy_loss=0.0014  value_loss=0.0702  mi_loss=0.0001  mi_valid=0.77  div_loss=-0.0000  kl_loss=0.0000 (disabled)  score=0.822  return=0.702  role_std=0.8265  role_norm=1.7671  enc_delta ego=0.0058 partner=0.0054 road=0.0070
[ROMA step  743,964,672] sps= 52,613  policy_loss=-0.0002  value_loss=0.0783  mi_loss=0.0001  mi_valid=0.75  div_loss=0.0001  kl_loss=0.0000 (disabled)  score=0.821  return=0.702  role_std=0.8570  role_norm=1.8356  enc_delta ego=0.0058 partner=0.0043 road=0.0054
[ROMA step  744,751,104] sps= 52,631  policy_loss=0.0044  value_loss=0.0751  mi_loss=0.0001  mi_valid=0.77  div_loss=0.0001  kl_loss=0.0000 (disabled)  score=0.822  return=0.703  role_std=0.9430  role_norm=1.9237  enc_delta ego=0.0060 partner=0.0054 road=0.0066
[ROMA step  745,537,536] sps= 52,650  policy_loss=-0.0080  value_loss=0.0864  mi_loss=0.0001  mi_valid=0.78  div_loss=0.0000  kl_loss=0.0000 (disabled)  score=0.822  return=0.703  role_std=0.8848  role_norm=1.7934  enc_delta ego=0.0061 partner=0.0054 road=0.0071
[ROMA step  746,323,968] sps= 52,668  policy_loss=0.0008  value_loss=0.0890  mi_loss=0.0001  mi_valid=0.78  div_loss=0.0000  kl_loss=0.0000 (disabled)  score=0.822  return=0.703  role_std=0.8605  role_norm=1.7871  enc_delta ego=0.0057 partner=0.0057 road=0.0064
[ROMA step  747,110,400] sps= 52,653  policy_loss=-0.0063  value_loss=0.0852  mi_loss=0.0001  mi_valid=0.75  div_loss=0.0006  kl_loss=0.0000 (disabled)  score=0.823  return=0.703  role_std=0.8276  role_norm=1.8035  enc_delta ego=0.0048 partner=0.0045 road=0.0060
[ROMA step  747,896,832] sps= 52,671  policy_loss=0.0030  value_loss=0.0818  mi_loss=0.0001  mi_valid=0.78  div_loss=0.0001  kl_loss=0.0000 (disabled)  score=0.823  return=0.703  role_std=0.8345  role_norm=1.7831  enc_delta ego=0.0051 partner=0.0057 road=0.0059
[ROMA step  748,683,264] sps= 52,687  policy_loss=-0.0055  value_loss=0.0629  mi_loss=0.0001  mi_valid=0.78  div_loss=0.0000  kl_loss=0.0000 (disabled)  score=0.823  return=0.704  role_std=0.8706  role_norm=1.8749  enc_delta ego=0.0050 partner=0.0049 road=0.0054
[ROMA step  749,469,696] sps= 52,672  policy_loss=0.0002  value_loss=0.0916  mi_loss=0.0001  mi_valid=0.77  div_loss=0.0000  kl_loss=0.0000 (disabled)  score=0.823  return=0.704  role_std=0.8377  role_norm=1.7457  enc_delta ego=0.0068 partner=0.0055 road=0.0065
[ROMA step  750,256,128] sps= 52,689  policy_loss=0.0005  value_loss=0.0972  mi_loss=0.0001  mi_valid=0.79  div_loss=0.0001  kl_loss=0.0000 (disabled)  score=0.822  return=0.703  role_std=0.8748  role_norm=1.7666  enc_delta ego=0.0075 partner=0.0073 road=0.0072
[ROMA step  751,042,560] sps= 52,707  policy_loss=-0.0037  value_loss=0.0954  mi_loss=0.0001  mi_valid=0.77  div_loss=0.0001  kl_loss=0.0000 (disabled)  score=0.822  return=0.702  role_std=0.8658  role_norm=1.8375  enc_delta ego=0.0077 partner=0.0072 road=0.0071
[ROMA step  751,828,992] sps= 52,725  policy_loss=-0.0034  value_loss=0.1027  mi_loss=0.0001  mi_valid=0.77  div_loss=0.0001  kl_loss=0.0000 (disabled)  score=0.822  return=0.700  role_std=0.9030  role_norm=1.9061  enc_delta ego=0.0043 partner=0.0048 road=0.0049
[ROMA step  752,615,424] sps= 52,713  policy_loss=0.0008  value_loss=0.0865  mi_loss=0.0001  mi_valid=0.74  div_loss=0.0001  kl_loss=0.0000 (disabled)  score=0.823  return=0.700  role_std=0.9021  role_norm=1.8707  enc_delta ego=0.0057 partner=0.0060 road=0.0067
[ROMA step  753,401,856] sps= 52,731  policy_loss=0.0019  value_loss=0.0694  mi_loss=0.0001  mi_valid=0.77  div_loss=0.0000  kl_loss=0.0000 (disabled)  score=0.823  return=0.700  role_std=0.8915  role_norm=1.8314  enc_delta ego=0.0044 partner=0.0050 road=0.0049
[ROMA step  754,188,288] sps= 52,749  policy_loss=-0.0043  value_loss=0.0728  mi_loss=0.0001  mi_valid=0.79  div_loss=0.0001  kl_loss=0.0000 (disabled)  score=0.823  return=0.701  role_std=0.8370  role_norm=1.7327  enc_delta ego=0.0036 partner=0.0055 road=0.0065
[ROMA step  754,974,720] sps= 52,736  policy_loss=0.0022  value_loss=0.0809  mi_loss=0.0001  mi_valid=0.75  div_loss=0.0001  kl_loss=0.0000 (disabled)  score=0.824  return=0.702  role_std=0.8318  role_norm=1.7969  enc_delta ego=0.0055 partner=0.0044 road=0.0053
[ROMA step  755,761,152] sps= 52,754  policy_loss=0.0010  value_loss=0.0815  mi_loss=0.0001  mi_valid=0.77  div_loss=0.0000  kl_loss=0.0000 (disabled)  score=0.824  return=0.701  role_std=0.8459  role_norm=1.8380  enc_delta ego=0.0058 partner=0.0054 road=0.0064
[ROMA step  756,547,584] sps= 52,772  policy_loss=-0.0056  value_loss=0.0851  mi_loss=0.0001  mi_valid=0.78  div_loss=0.0007  kl_loss=0.0000 (disabled)  score=0.824  return=0.700  role_std=0.8496  role_norm=1.8033  enc_delta ego=0.0053 partner=0.0055 road=0.0072
[ROMA step  757,334,016] sps= 52,790  policy_loss=-0.0005  value_loss=0.0716  mi_loss=0.0001  mi_valid=0.78  div_loss=0.0000  kl_loss=0.0000 (disabled)  score=0.824  return=0.698  role_std=0.8767  role_norm=1.8301  enc_delta ego=0.0044 partner=0.0039 road=0.0060
[ROMA step  758,120,448] sps= 52,782  policy_loss=0.0012  value_loss=0.0937  mi_loss=0.0001  mi_valid=0.77  div_loss=0.0003  kl_loss=0.0000 (disabled)  score=0.824  return=0.698  role_std=0.7826  role_norm=1.7048  enc_delta ego=0.0050 partner=0.0052 road=0.0067
[ROMA step  758,906,880] sps= 52,800  policy_loss=0.0009  value_loss=0.0899  mi_loss=0.0001  mi_valid=0.78  div_loss=0.0001  kl_loss=0.0000 (disabled)  score=0.824  return=0.698  role_std=0.8001  role_norm=1.7389  enc_delta ego=0.0085 partner=0.0064 road=0.0072
[ROMA step  759,693,312] sps= 52,818  policy_loss=-0.0056  value_loss=0.0767  mi_loss=0.0001  mi_valid=0.78  div_loss=0.0008  kl_loss=0.0000 (disabled)  score=0.824  return=0.698  role_std=0.7880  role_norm=1.7215  enc_delta ego=0.0065 partner=0.0055 road=0.0062
[ROMA step  760,479,744] sps= 52,805  policy_loss=-0.0043  value_loss=0.0647  mi_loss=0.0001  mi_valid=0.75  div_loss=0.0001  kl_loss=0.0000 (disabled)  score=0.824  return=0.698  role_std=0.8015  role_norm=1.7757  enc_delta ego=0.0062 partner=0.0042 road=0.0052
[ROMA step  761,266,176] sps= 52,823  policy_loss=-0.0063  value_loss=0.0653  mi_loss=0.0001  mi_valid=0.77  div_loss=0.0002  kl_loss=0.0000 (disabled)  score=0.824  return=0.698  role_std=0.8873  role_norm=1.8404  enc_delta ego=0.0061 partner=0.0053 road=0.0050
[ROMA step  762,052,608] sps= 52,840  policy_loss=-0.0090  value_loss=0.0569  mi_loss=0.0001  mi_valid=0.78  div_loss=0.0002  kl_loss=0.0000 (disabled)  score=0.825  return=0.700  role_std=0.9455  role_norm=1.9778  enc_delta ego=0.0051 partner=0.0051 road=0.0055
[ROMA step  762,839,040] sps= 52,858  policy_loss=-0.0024  value_loss=0.0622  mi_loss=0.0001  mi_valid=0.79  div_loss=0.0002  kl_loss=0.0000 (disabled)  score=0.825  return=0.701  role_std=0.8505  role_norm=1.7600  enc_delta ego=0.0049 partner=0.0047 road=0.0058
[ROMA step  763,625,472] sps= 52,845  policy_loss=-0.0056  value_loss=0.0627  mi_loss=0.0001  mi_valid=0.75  div_loss=0.0000  kl_loss=0.0000 (disabled)  score=0.826  return=0.702  role_std=0.8347  role_norm=1.7870  enc_delta ego=0.0042 partner=0.0047 road=0.0055
[ROMA step  764,411,904] sps= 52,863  policy_loss=0.0028  value_loss=0.0624  mi_loss=0.0001  mi_valid=0.77  div_loss=0.0003  kl_loss=0.0000 (disabled)  score=0.826  return=0.703  role_std=0.8263  role_norm=1.8134  enc_delta ego=0.0043 partner=0.0054 road=0.0062
[ROMA step  765,198,336] sps= 52,878  policy_loss=-0.0050  value_loss=0.0553  mi_loss=0.0001  mi_valid=0.78  div_loss=0.0000  kl_loss=0.0000 (disabled)  score=0.826  return=0.704  role_std=0.8457  role_norm=1.8341  enc_delta ego=0.0042 partner=0.0048 road=0.0057
[ROMA step  765,984,768] sps= 52,867  policy_loss=-0.0099  value_loss=0.0542  mi_loss=0.0001  mi_valid=0.76  div_loss=0.0001  kl_loss=0.0000 (disabled)  score=0.825  return=0.704  role_std=1.0073  role_norm=2.0833  enc_delta ego=0.0036 partner=0.0045 road=0.0049
[ROMA step  766,771,200] sps= 52,884  policy_loss=-0.0070  value_loss=0.0851  mi_loss=0.0001  mi_valid=0.80  div_loss=0.0002  kl_loss=0.0000 (disabled)  score=0.825  return=0.703  role_std=0.8245  role_norm=1.7308  enc_delta ego=0.0052 partner=0.0072 road=0.0074
[ROMA step  767,557,632] sps= 52,900  policy_loss=0.0074  value_loss=0.0918  mi_loss=0.0001  mi_valid=0.78  div_loss=0.0006  kl_loss=0.0000 (disabled)  score=0.824  return=0.701  role_std=0.8175  role_norm=1.7821  enc_delta ego=0.0046 partner=0.0058 road=0.0060
[ROMA step  768,344,064] sps= 52,917  policy_loss=-0.0056  value_loss=0.0655  mi_loss=0.0001  mi_valid=0.78  div_loss=0.0006  kl_loss=0.0000 (disabled)  score=0.823  return=0.700  role_std=0.8419  role_norm=1.8347  enc_delta ego=0.0043 partner=0.0052 road=0.0057
[ROMA step  769,130,496] sps= 52,903  policy_loss=-0.0047  value_loss=0.0719  mi_loss=0.0001  mi_valid=0.75  div_loss=0.0003  kl_loss=0.0000 (disabled)  score=0.822  return=0.699  role_std=0.9065  role_norm=1.9121  enc_delta ego=0.0078 partner=0.0053 road=0.0069
[ROMA step  769,916,928] sps= 52,921  policy_loss=0.0003  value_loss=0.0731  mi_loss=0.0001  mi_valid=0.77  div_loss=0.0001  kl_loss=0.0000 (disabled)  score=0.822  return=0.700  role_std=0.9423  role_norm=1.9710  enc_delta ego=0.0043 partner=0.0054 road=0.0072
[ROMA step  770,703,360] sps= 52,939  policy_loss=-0.0015  value_loss=0.0723  mi_loss=0.0001  mi_valid=0.79  div_loss=0.0002  kl_loss=0.0000 (disabled)  score=0.822  return=0.701  role_std=0.8997  role_norm=1.9001  enc_delta ego=0.0046 partner=0.0047 road=0.0053
[ROMA step  771,489,792] sps= 52,956  policy_loss=-0.0025  value_loss=0.0710  mi_loss=0.0001  mi_valid=0.78  div_loss=0.0002  kl_loss=0.0000 (disabled)  score=0.822  return=0.701  role_std=0.9493  role_norm=1.9687  enc_delta ego=0.0047 partner=0.0054 road=0.0058
[ROMA step  772,276,224] sps= 52,947  policy_loss=-0.0053  value_loss=0.0811  mi_loss=0.0001  mi_valid=0.74  div_loss=0.0003  kl_loss=0.0000 (disabled)  score=0.823  return=0.702  role_std=0.9145  role_norm=1.9651  enc_delta ego=0.0049 partner=0.0045 road=0.0062
[ROMA step  773,062,656] sps= 52,964  policy_loss=-0.0021  value_loss=0.0724  mi_loss=0.0001  mi_valid=0.76  div_loss=0.0000  kl_loss=0.0000 (disabled)  score=0.823  return=0.702  role_std=0.9210  role_norm=1.9873  enc_delta ego=0.0065 partner=0.0048 road=0.0063
[ROMA step  773,849,088] sps= 52,982  policy_loss=-0.0107  value_loss=0.0614  mi_loss=0.0001  mi_valid=0.77  div_loss=0.0005  kl_loss=0.0000 (disabled)  score=0.822  return=0.702  role_std=0.9216  role_norm=2.0033  enc_delta ego=0.0051 partner=0.0039 road=0.0058
[ROMA step  774,635,520] sps= 52,973  policy_loss=-0.0056  value_loss=0.0762  mi_loss=0.0001  mi_valid=0.77  div_loss=0.0002  kl_loss=0.0000 (disabled)  score=0.821  return=0.702  role_std=0.9074  role_norm=1.9557  enc_delta ego=0.0048 partner=0.0039 road=0.0054
[ROMA step  775,421,952] sps= 52,990  policy_loss=-0.0033  value_loss=0.0727  mi_loss=0.0001  mi_valid=0.79  div_loss=0.0000  kl_loss=0.0000 (disabled)  score=0.822  return=0.704  role_std=0.9438  role_norm=2.0001  enc_delta ego=0.0046 partner=0.0052 road=0.0063
[ROMA step  776,208,384] sps= 53,008  policy_loss=0.0004  value_loss=0.0650  mi_loss=0.0001  mi_valid=0.76  div_loss=0.0005  kl_loss=0.0000 (disabled)  score=0.822  return=0.706  role_std=0.9388  role_norm=2.0156  enc_delta ego=0.0058 partner=0.0047 road=0.0059
[ROMA step  776,994,816] sps= 53,025  policy_loss=0.0023  value_loss=0.0626  mi_loss=0.0001  mi_valid=0.77  div_loss=0.0002  kl_loss=0.0000 (disabled)  score=0.823  return=0.708  role_std=0.9239  role_norm=2.0023  enc_delta ego=0.0046 partner=0.0045 road=0.0054
[ROMA step  777,781,248] sps= 53,014  policy_loss=-0.0032  value_loss=0.0618  mi_loss=0.0001  mi_valid=0.74  div_loss=-0.0000  kl_loss=0.0000 (disabled)  score=0.824  return=0.711  role_std=0.9462  role_norm=2.0866  enc_delta ego=0.0050 partner=0.0053 road=0.0073
[ROMA step  778,567,680] sps= 53,031  policy_loss=-0.0052  value_loss=0.0576  mi_loss=0.0001  mi_valid=0.77  div_loss=-0.0000  kl_loss=0.0000 (disabled)  score=0.825  return=0.714  role_std=0.9705  role_norm=2.0406  enc_delta ego=0.0046 partner=0.0057 road=0.0068
[ROMA step  779,354,112] sps= 53,047  policy_loss=-0.0055  value_loss=0.0503  mi_loss=0.0001  mi_valid=0.78  div_loss=0.0001  kl_loss=0.0000 (disabled)  score=0.825  return=0.716  role_std=0.9133  role_norm=1.9295  enc_delta ego=0.0039 partner=0.0046 road=0.0053
[ROMA step  780,140,544] sps= 53,030  policy_loss=-0.0013  value_loss=0.0803  mi_loss=0.0001  mi_valid=0.75  div_loss=0.0002  kl_loss=0.0000 (disabled)  score=0.826  return=0.720  role_std=0.9154  role_norm=1.9434  enc_delta ego=0.0032 partner=0.0039 road=0.0049
[ROMA step  780,926,976] sps= 53,047  policy_loss=0.0003  value_loss=0.0756  mi_loss=0.0001  mi_valid=0.77  div_loss=0.0001  kl_loss=0.0000 (disabled)  score=0.826  return=0.722  role_std=0.9036  role_norm=1.9465  enc_delta ego=0.0046 partner=0.0042 road=0.0055
[ROMA step  781,713,408] sps= 53,064  policy_loss=0.0032  value_loss=0.0764  mi_loss=0.0001  mi_valid=0.77  div_loss=0.0002  kl_loss=0.0000 (disabled)  score=0.826  return=0.722  role_std=0.8951  role_norm=1.9473  enc_delta ego=0.0044 partner=0.0036 road=0.0047
[ROMA step  782,499,840] sps= 53,081  policy_loss=-0.0042  value_loss=0.0653  mi_loss=0.0001  mi_valid=0.77  div_loss=0.0003  kl_loss=0.0000 (disabled)  score=0.826  return=0.721  role_std=0.9670  role_norm=2.0287  enc_delta ego=0.0045 partner=0.0043 road=0.0049
[ROMA step  783,286,272] sps= 53,070  policy_loss=-0.0043  value_loss=0.0773  mi_loss=0.0001  mi_valid=0.77  div_loss=0.0003  kl_loss=0.0000 (disabled)  score=0.825  return=0.721  role_std=0.9101  role_norm=1.9141  enc_delta ego=0.0072 partner=0.0048 road=0.0060
[ROMA step  784,072,704] sps= 53,086  policy_loss=-0.0013  value_loss=0.0735  mi_loss=0.0001  mi_valid=0.78  div_loss=0.0002  kl_loss=0.0000 (disabled)  score=0.825  return=0.723  role_std=0.9096  role_norm=1.9946  enc_delta ego=0.0049 partner=0.0053 road=0.0062
[ROMA step  784,859,136] sps= 53,102  policy_loss=-0.0011  value_loss=0.0648  mi_loss=0.0001  mi_valid=0.77  div_loss=-0.0000  kl_loss=0.0000 (disabled)  score=0.826  return=0.724  role_std=0.9286  role_norm=2.0364  enc_delta ego=0.0047 partner=0.0052 road=0.0055
[ROMA step  785,645,568] sps= 53,089  policy_loss=0.0022  value_loss=0.0719  mi_loss=0.0001  mi_valid=0.74  div_loss=0.0000  kl_loss=0.0000 (disabled)  score=0.826  return=0.725  role_std=0.9266  role_norm=2.0974  enc_delta ego=0.0040 partner=0.0047 road=0.0054
[ROMA step  786,432,000] sps= 53,106  policy_loss=-0.0011  value_loss=0.0459  mi_loss=0.0001  mi_valid=0.76  div_loss=0.0001  kl_loss=0.0000 (disabled)  score=0.828  return=0.729  role_std=0.9941  role_norm=2.1072  enc_delta ego=0.0046 partner=0.0046 road=0.0059
[ROMA step  787,218,432] sps= 53,122  policy_loss=0.0023  value_loss=0.0495  mi_loss=0.0001  mi_valid=0.76  div_loss=0.0001  kl_loss=0.0000 (disabled)  score=0.829  return=0.734  role_std=0.9888  role_norm=2.1551  enc_delta ego=0.0053 partner=0.0046 road=0.0054
[ROMA step  788,004,864] sps= 53,138  policy_loss=-0.0011  value_loss=0.0465  mi_loss=0.0001  mi_valid=0.77  div_loss=0.0000  kl_loss=0.0000 (disabled)  score=0.830  return=0.736  role_std=0.9301  role_norm=1.9574  enc_delta ego=0.0047 partner=0.0055 road=0.0067
[ROMA step  788,791,296] sps= 53,129  policy_loss=-0.0014  value_loss=0.0566  mi_loss=0.0001  mi_valid=0.74  div_loss=0.0000  kl_loss=0.0000 (disabled)  score=0.832  return=0.739  role_std=0.8935  role_norm=1.9138  enc_delta ego=0.0040 partner=0.0045 road=0.0060
[ROMA step  789,577,728] sps= 53,146  policy_loss=-0.0050  value_loss=0.0607  mi_loss=0.0001  mi_valid=0.76  div_loss=0.0000  kl_loss=0.0000 (disabled)  score=0.832  return=0.739  role_std=0.8836  role_norm=1.9461  enc_delta ego=0.0043 partner=0.0052 road=0.0067
[ROMA step  790,364,160] sps= 53,163  policy_loss=-0.0036  value_loss=0.0629  mi_loss=0.0001  mi_valid=0.77  div_loss=0.0000  kl_loss=0.0000 (disabled)  score=0.832  return=0.740  role_std=0.9123  role_norm=1.9904  enc_delta ego=0.0055 partner=0.0047 road=0.0054
[ROMA step  791,150,592] sps= 53,151  policy_loss=-0.0089  value_loss=0.0684  mi_loss=0.0001  mi_valid=0.74  div_loss=0.0001  kl_loss=0.0000 (disabled)  score=0.833  return=0.740  role_std=1.0569  role_norm=2.1647  enc_delta ego=0.0041 partner=0.0052 road=0.0053
[ROMA step  791,937,024] sps= 53,167  policy_loss=-0.0006  value_loss=0.0773  mi_loss=0.0001  mi_valid=0.79  div_loss=0.0002  kl_loss=0.0000 (disabled)  score=0.833  return=0.740  role_std=0.9140  role_norm=1.8963  enc_delta ego=0.0057 partner=0.0054 road=0.0058
[ROMA step  792,723,456] sps= 53,184  policy_loss=0.0006  value_loss=0.0678  mi_loss=0.0001  mi_valid=0.77  div_loss=-0.0000  kl_loss=0.0000 (disabled)  score=0.834  return=0.741  role_std=0.9371  role_norm=1.9268  enc_delta ego=0.0048 partner=0.0053 road=0.0058
[ROMA step  793,509,888] sps= 53,200  policy_loss=-0.0012  value_loss=0.0624  mi_loss=0.0001  mi_valid=0.77  div_loss=0.0000  kl_loss=0.0000 (disabled)  score=0.834  return=0.742  role_std=0.9051  role_norm=1.9383  enc_delta ego=0.0048 partner=0.0051 road=0.0057
[ROMA step  794,296,320] sps= 53,190  policy_loss=0.0000  value_loss=0.0668  mi_loss=0.0001  mi_valid=0.75  div_loss=0.0001  kl_loss=0.0000 (disabled)  score=0.835  return=0.744  role_std=0.9289  role_norm=2.0715  enc_delta ego=0.0056 partner=0.0051 road=0.0055
[ROMA step  795,082,752] sps= 53,206  policy_loss=-0.0090  value_loss=0.0623  mi_loss=0.0001  mi_valid=0.77  div_loss=-0.0000  kl_loss=0.0000 (disabled)  score=0.836  return=0.746  role_std=0.9561  role_norm=2.0804  enc_delta ego=0.0052 partner=0.0051 road=0.0052
[ROMA step  795,869,184] sps= 53,223  policy_loss=-0.0002  value_loss=0.0667  mi_loss=0.0001  mi_valid=0.78  div_loss=0.0001  kl_loss=0.0000 (disabled)  score=0.837  return=0.748  role_std=1.0176  role_norm=2.1269  enc_delta ego=0.0052 partner=0.0047 road=0.0053
[ROMA step  796,655,616] sps= 53,239  policy_loss=0.0004  value_loss=0.0614  mi_loss=0.0001  mi_valid=0.79  div_loss=0.0001  kl_loss=0.0000 (disabled)  score=0.837  return=0.749  role_std=0.8812  role_norm=1.8819  enc_delta ego=0.0059 partner=0.0045 road=0.0050
[ROMA step  797,442,048] sps= 53,230  policy_loss=0.0071  value_loss=0.0785  mi_loss=0.0001  mi_valid=0.74  div_loss=0.0001  kl_loss=0.0000 (disabled)  score=0.838  return=0.751  role_std=0.8635  role_norm=1.8835  enc_delta ego=0.0054 partner=0.0054 road=0.0066
[ROMA step  798,228,480] sps= 53,247  policy_loss=0.0020  value_loss=0.0469  mi_loss=0.0001  mi_valid=0.76  div_loss=-0.0000  kl_loss=0.0000 (disabled)  score=0.839  return=0.753  role_std=0.8847  role_norm=1.9247  enc_delta ego=0.0040 partner=0.0052 road=0.0057
[ROMA step  799,014,912] sps= 53,264  policy_loss=-0.0030  value_loss=0.0498  mi_loss=0.0001  mi_valid=0.76  div_loss=0.0001  kl_loss=0.0000 (disabled)  score=0.840  return=0.755  role_std=0.9270  role_norm=1.9685  enc_delta ego=0.0038 partner=0.0042 road=0.0048
[ROMA step  799,801,344] sps= 53,253  policy_loss=-0.0042  value_loss=0.0554  mi_loss=0.0001  mi_valid=0.75  div_loss=0.0001  kl_loss=0.0000 (disabled)  score=0.840  return=0.756  role_std=1.0441  role_norm=2.1742  enc_delta ego=0.0044 partner=0.0049 road=0.0055
[ROMA step  800,587,776] sps= 53,269  policy_loss=-0.0011  value_loss=0.0525  mi_loss=0.0001  mi_valid=0.78  div_loss=0.0000  kl_loss=0.0000 (disabled)  score=0.840  return=0.758  role_std=0.9239  role_norm=1.9400  enc_delta ego=0.0056 partner=0.0046 road=0.0056
[ROMA step  801,374,208] sps= 53,284  policy_loss=0.0029  value_loss=0.0492  mi_loss=0.0001  mi_valid=0.76  div_loss=0.0001  kl_loss=0.0000 (disabled)  score=0.841  return=0.760  role_std=0.9296  role_norm=1.9969  enc_delta ego=0.0052 partner=0.0036 road=0.0051
[ROMA step  802,160,640] sps= 53,301  policy_loss=-0.0065  value_loss=0.0441  mi_loss=0.0001  mi_valid=0.76  div_loss=0.0000  kl_loss=0.0000 (disabled)  score=0.842  return=0.764  role_std=0.9484  role_norm=2.0312  enc_delta ego=0.0053 partner=0.0044 road=0.0051
[ROMA step  802,947,072] sps= 53,286  policy_loss=-0.0037  value_loss=0.0555  mi_loss=0.0001  mi_valid=0.75  div_loss=0.0000  kl_loss=0.0000 (disabled)  score=0.843  return=0.765  role_std=0.9409  role_norm=2.0513  enc_delta ego=0.0047 partner=0.0046 road=0.0060
[ROMA step  803,733,504] sps= 53,302  policy_loss=-0.0030  value_loss=0.0553  mi_loss=0.0001  mi_valid=0.77  div_loss=0.0001  kl_loss=0.0000 (disabled)  score=0.843  return=0.765  role_std=0.9829  role_norm=2.0613  enc_delta ego=0.0047 partner=0.0048 road=0.0059
[ROMA step  804,519,936] sps= 53,318  policy_loss=-0.0022  value_loss=0.0515  mi_loss=0.0001  mi_valid=0.80  div_loss=0.0001  kl_loss=0.0000 (disabled)  score=0.842  return=0.765  role_std=0.9306  role_norm=1.9851  enc_delta ego=0.0045 partner=0.0042 road=0.0061
[ROMA step  805,306,368] sps= 53,307  policy_loss=0.0000  value_loss=0.0631  mi_loss=0.0001  mi_valid=0.76  div_loss=0.0001  kl_loss=0.0000 (disabled)  score=0.841  return=0.764  role_std=0.9440  role_norm=2.0415  enc_delta ego=0.0041 partner=0.0045 road=0.0056
[ROMA step  806,092,800] sps= 53,323  policy_loss=-0.0028  value_loss=0.0573  mi_loss=0.0001  mi_valid=0.77  div_loss=0.0001  kl_loss=0.0000 (disabled)  score=0.841  return=0.764  role_std=0.9187  role_norm=2.0213  enc_delta ego=0.0065 partner=0.0055 road=0.0069
[ROMA step  806,879,232] sps= 53,340  policy_loss=0.0003  value_loss=0.0575  mi_loss=0.0001  mi_valid=0.77  div_loss=0.0001  kl_loss=0.0000 (disabled)  score=0.840  return=0.762  role_std=0.9097  role_norm=1.9931  enc_delta ego=0.0047 partner=0.0050 road=0.0061
[ROMA step  807,665,664] sps= 53,356  policy_loss=-0.0021  value_loss=0.0574  mi_loss=0.0001  mi_valid=0.77  div_loss=0.0001  kl_loss=0.0000 (disabled)  score=0.840  return=0.760  role_std=0.9434  role_norm=2.0338  enc_delta ego=0.0051 partner=0.0048 road=0.0055
[ROMA step  808,452,096] sps= 53,339  policy_loss=-0.0037  value_loss=0.0577  mi_loss=0.0001  mi_valid=0.75  div_loss=0.0002  kl_loss=0.0000 (disabled)  score=0.839  return=0.761  role_std=0.9271  role_norm=1.9670  enc_delta ego=0.0043 partner=0.0043 road=0.0061
[ROMA step  809,238,528] sps= 53,355  policy_loss=-0.0013  value_loss=0.0527  mi_loss=0.0001  mi_valid=0.77  div_loss=0.0003  kl_loss=0.0000 (disabled)  score=0.840  return=0.761  role_std=0.9236  role_norm=1.9922  enc_delta ego=0.0038 partner=0.0050 road=0.0061
[ROMA step  810,024,960] sps= 53,372  policy_loss=0.0046  value_loss=0.0479  mi_loss=0.0001  mi_valid=0.76  div_loss=0.0001  kl_loss=0.0000 (disabled)  score=0.841  return=0.763  role_std=0.9637  role_norm=2.0338  enc_delta ego=0.0039 partner=0.0041 road=0.0047
[ROMA step  810,811,392] sps= 53,356  policy_loss=-0.0018  value_loss=0.0575  mi_loss=0.0001  mi_valid=0.74  div_loss=0.0005  kl_loss=0.0000 (disabled)  score=0.841  return=0.764  role_std=0.9184  role_norm=2.0501  enc_delta ego=0.0042 partner=0.0047 road=0.0049
[ROMA step  811,597,824] sps= 53,372  policy_loss=0.0031  value_loss=0.0588  mi_loss=0.0001  mi_valid=0.77  div_loss=0.0007  kl_loss=0.0000 (disabled)  score=0.841  return=0.765  role_std=0.9496  role_norm=2.0719  enc_delta ego=0.0048 partner=0.0053 road=0.0073
[ROMA step  812,384,256] sps= 53,388  policy_loss=-0.0015  value_loss=0.0606  mi_loss=0.0001  mi_valid=0.77  div_loss=0.0001  kl_loss=0.0000 (disabled)  score=0.841  return=0.764  role_std=1.0555  role_norm=2.1792  enc_delta ego=0.0047 partner=0.0042 road=0.0064
[ROMA step  813,170,688] sps= 53,403  policy_loss=-0.0075  value_loss=0.0582  mi_loss=0.0001  mi_valid=0.79  div_loss=0.0003  kl_loss=0.0000 (disabled)  score=0.840  return=0.764  role_std=0.9476  role_norm=2.0122  enc_delta ego=0.0056 partner=0.0046 road=0.0072
[ROMA step  813,957,120] sps= 53,387  policy_loss=0.0002  value_loss=0.0715  mi_loss=0.0001  mi_valid=0.75  div_loss=0.0003  kl_loss=0.0000 (disabled)  score=0.839  return=0.763  role_std=0.9319  role_norm=2.0228  enc_delta ego=0.0092 partner=0.0049 road=0.0066
[ROMA step  814,743,552] sps= 53,403  policy_loss=-0.0068  value_loss=0.0688  mi_loss=0.0001  mi_valid=0.77  div_loss=0.0008  kl_loss=0.0000 (disabled)  score=0.838  return=0.760  role_std=0.9438  role_norm=2.0808  enc_delta ego=0.0044 partner=0.0051 road=0.0057
[ROMA step  815,529,984] sps= 53,418  policy_loss=-0.0056  value_loss=0.0571  mi_loss=0.0001  mi_valid=0.77  div_loss=0.0001  kl_loss=0.0000 (disabled)  score=0.836  return=0.757  role_std=0.9651  role_norm=2.1057  enc_delta ego=0.0044 partner=0.0057 road=0.0064
[ROMA step  816,316,416] sps= 53,407  policy_loss=-0.0041  value_loss=0.0665  mi_loss=0.0001  mi_valid=0.74  div_loss=0.0000  kl_loss=0.0000 (disabled)  score=0.836  return=0.755  role_std=1.0016  role_norm=2.0111  enc_delta ego=0.0057 partner=0.0045 road=0.0060
[ROMA step  817,102,848] sps= 53,423  policy_loss=-0.0088  value_loss=0.0587  mi_loss=0.0001  mi_valid=0.78  div_loss=0.0001  kl_loss=0.0000 (disabled)  score=0.836  return=0.755  role_std=0.9375  role_norm=1.9111  enc_delta ego=0.0046 partner=0.0061 road=0.0080
[ROMA step  817,889,280] sps= 53,439  policy_loss=0.0033  value_loss=0.0752  mi_loss=0.0001  mi_valid=0.77  div_loss=0.0009  kl_loss=0.0000 (disabled)  score=0.836  return=0.755  role_std=0.9471  role_norm=1.9665  enc_delta ego=0.0043 partner=0.0066 road=0.0056
[ROMA step  818,675,712] sps= 53,455  policy_loss=0.0011  value_loss=0.0628  mi_loss=0.0001  mi_valid=0.76  div_loss=0.0005  kl_loss=0.0000 (disabled)  score=0.837  return=0.757  role_std=0.9384  role_norm=1.9816  enc_delta ego=0.0040 partner=0.0050 road=0.0054
[ROMA step  819,462,144] sps= 53,441  policy_loss=-0.0024  value_loss=0.0767  mi_loss=0.0001  mi_valid=0.74  div_loss=0.0001  kl_loss=0.0000 (disabled)  score=0.837  return=0.758  role_std=0.9334  role_norm=2.0844  enc_delta ego=0.0042 partner=0.0050 road=0.0062
[ROMA step  820,248,576] sps= 53,457  policy_loss=-0.0004  value_loss=0.0813  mi_loss=0.0001  mi_valid=0.77  div_loss=0.0000  kl_loss=0.0000 (disabled)  score=0.838  return=0.757  role_std=0.9753  role_norm=2.0458  enc_delta ego=0.0061 partner=0.0060 road=0.0071
[ROMA step  821,035,008] sps= 53,472  policy_loss=-0.0029  value_loss=0.0829  mi_loss=0.0001  mi_valid=0.78  div_loss=0.0003  kl_loss=0.0000 (disabled)  score=0.839  return=0.757  role_std=1.0148  role_norm=2.0763  enc_delta ego=0.0050 partner=0.0058 road=0.0067
[ROMA step  821,821,440] sps= 53,488  policy_loss=-0.0085  value_loss=0.0611  mi_loss=0.0001  mi_valid=0.79  div_loss=0.0001  kl_loss=0.0000 (disabled)  score=0.840  return=0.758  role_std=0.9032  role_norm=1.9140  enc_delta ego=0.0043 partner=0.0050 road=0.0064
[ROMA step  822,607,872] sps= 53,478  policy_loss=-0.0017  value_loss=0.0776  mi_loss=0.0001  mi_valid=0.74  div_loss=0.0001  kl_loss=0.0000 (disabled)  score=0.841  return=0.759  role_std=0.9330  role_norm=1.9939  enc_delta ego=0.0063 partner=0.0047 road=0.0065
[ROMA step  823,394,304] sps= 53,494  policy_loss=0.0013  value_loss=0.0638  mi_loss=0.0001  mi_valid=0.76  div_loss=-0.0000  kl_loss=0.0000 (disabled)  score=0.843  return=0.760  role_std=0.9446  role_norm=2.0241  enc_delta ego=0.0049 partner=0.0052 road=0.0054
[ROMA step  824,180,736] sps= 53,510  policy_loss=0.0018  value_loss=0.0573  mi_loss=0.0001  mi_valid=0.76  div_loss=0.0002  kl_loss=0.0000 (disabled)  score=0.844  return=0.761  role_std=0.9414  role_norm=2.0016  enc_delta ego=0.0039 partner=0.0043 road=0.0049
[ROMA step  824,967,168] sps= 53,500  policy_loss=-0.0030  value_loss=0.0694  mi_loss=0.0001  mi_valid=0.75  div_loss=0.0001  kl_loss=0.0000 (disabled)  score=0.844  return=0.762  role_std=0.9859  role_norm=2.0320  enc_delta ego=0.0045 partner=0.0045 road=0.0058
[ROMA step  825,753,600] sps= 53,516  policy_loss=-0.0035  value_loss=0.0827  mi_loss=0.0001  mi_valid=0.78  div_loss=0.0001  kl_loss=0.0000 (disabled)  score=0.845  return=0.761  role_std=0.9212  role_norm=1.9857  enc_delta ego=0.0056 partner=0.0060 road=0.0067
[ROMA step  826,540,032] sps= 53,531  policy_loss=-0.0024  value_loss=0.0733  mi_loss=0.0001  mi_valid=0.76  div_loss=0.0002  kl_loss=0.0000 (disabled)  score=0.845  return=0.760  role_std=0.9424  role_norm=2.0239  enc_delta ego=0.0038 partner=0.0051 road=0.0068
[ROMA step  827,326,464] sps= 53,547  policy_loss=-0.0059  value_loss=0.0722  mi_loss=0.0001  mi_valid=0.76  div_loss=-0.0000  kl_loss=0.0000 (disabled)  score=0.846  return=0.760  role_std=0.9319  role_norm=2.0588  enc_delta ego=0.0057 partner=0.0048 road=0.0064
[ROMA step  828,112,896] sps= 53,524  policy_loss=0.0018  value_loss=0.0675  mi_loss=0.0001  mi_valid=0.74  div_loss=0.0000  kl_loss=0.0000 (disabled)  score=0.846  return=0.760  role_std=0.9691  role_norm=2.1516  enc_delta ego=0.0047 partner=0.0038 road=0.0056
[ROMA step  828,899,328] sps= 53,540  policy_loss=0.0029  value_loss=0.0567  mi_loss=0.0001  mi_valid=0.76  div_loss=0.0002  kl_loss=0.0000 (disabled)  score=0.847  return=0.761  role_std=0.9716  role_norm=2.0964  enc_delta ego=0.0034 partner=0.0036 road=0.0052
[ROMA step  829,685,760] sps= 53,555  policy_loss=-0.0006  value_loss=0.0625  mi_loss=0.0001  mi_valid=0.76  div_loss=0.0001  kl_loss=0.0000 (disabled)  score=0.848  return=0.760  role_std=1.0134  role_norm=2.1211  enc_delta ego=0.0041 partner=0.0042 road=0.0060
[ROMA step  830,472,192] sps= 53,544  policy_loss=-0.0012  value_loss=0.0784  mi_loss=0.0001  mi_valid=0.75  div_loss=0.0003  kl_loss=0.0000 (disabled)  score=0.848  return=0.760  role_std=1.0627  role_norm=2.2277  enc_delta ego=0.0046 partner=0.0053 road=0.0053
[ROMA step  831,258,624] sps= 53,559  policy_loss=-0.0009  value_loss=0.0665  mi_loss=0.0001  mi_valid=0.75  div_loss=0.0000  kl_loss=0.0000 (disabled)  score=0.849  return=0.761  role_std=1.0375  role_norm=2.2675  enc_delta ego=0.0053 partner=0.0054 road=0.0064
[ROMA step  832,045,056] sps= 53,575  policy_loss=-0.0020  value_loss=0.0576  mi_loss=0.0001  mi_valid=0.76  div_loss=0.0000  kl_loss=0.0000 (disabled)  score=0.851  return=0.763  role_std=1.0160  role_norm=2.2229  enc_delta ego=0.0048 partner=0.0052 road=0.0057
[ROMA step  832,831,488] sps= 53,590  policy_loss=-0.0053  value_loss=0.0512  mi_loss=0.0001  mi_valid=0.75  div_loss=0.0000  kl_loss=0.0000 (disabled)  score=0.854  return=0.766  role_std=1.0283  role_norm=2.2447  enc_delta ego=0.0045 partner=0.0052 road=0.0054
[ROMA step  833,617,920] sps= 53,573  policy_loss=-0.0055  value_loss=0.0656  mi_loss=0.0001  mi_valid=0.75  div_loss=0.0000  kl_loss=0.0000 (disabled)  score=0.856  return=0.768  role_std=0.9648  role_norm=2.0741  enc_delta ego=0.0053 partner=0.0052 road=0.0060
[ROMA step  834,404,352] sps= 53,587  policy_loss=-0.0037  value_loss=0.0565  mi_loss=0.0001  mi_valid=0.78  div_loss=0.0004  kl_loss=0.0000 (disabled)  score=0.857  return=0.770  role_std=0.9845  role_norm=2.0868  enc_delta ego=0.0053 partner=0.0046 road=0.0068
[ROMA step  835,190,784] sps= 53,602  policy_loss=-0.0046  value_loss=0.0531  mi_loss=0.0001  mi_valid=0.76  div_loss=0.0000  kl_loss=0.0000 (disabled)  score=0.860  return=0.773  role_std=0.9861  role_norm=2.1299  enc_delta ego=0.0049 partner=0.0050 road=0.0061
[ROMA step  835,977,216] sps= 53,577  policy_loss=-0.0041  value_loss=0.0601  mi_loss=0.0001  mi_valid=0.74  div_loss=-0.0000  kl_loss=0.0000 (disabled)  score=0.861  return=0.776  role_std=1.0161  role_norm=2.1940  enc_delta ego=0.0040 partner=0.0045 road=0.0062
[ROMA step  836,763,648] sps= 53,593  policy_loss=0.0023  value_loss=0.0598  mi_loss=0.0001  mi_valid=0.76  div_loss=0.0002  kl_loss=0.0000 (disabled)  score=0.862  return=0.776  role_std=0.9921  role_norm=2.1161  enc_delta ego=0.0053 partner=0.0047 road=0.0070
[ROMA step  837,550,080] sps= 53,608  policy_loss=-0.0026  value_loss=0.0688  mi_loss=0.0001  mi_valid=0.76  div_loss=0.0001  kl_loss=0.0000 (disabled)  score=0.863  return=0.776  role_std=1.0332  role_norm=2.2069  enc_delta ego=0.0057 partner=0.0053 road=0.0061
[ROMA step  838,336,512] sps= 53,624  policy_loss=-0.0072  value_loss=0.0585  mi_loss=0.0001  mi_valid=0.77  div_loss=0.0011  kl_loss=0.0000 (disabled)  score=0.864  return=0.777  role_std=0.9790  role_norm=2.0396  enc_delta ego=0.0053 partner=0.0042 road=0.0051
[ROMA step  839,122,944] sps= 53,582  policy_loss=0.0031  value_loss=0.0793  mi_loss=0.0001  mi_valid=0.74  div_loss=0.0003  kl_loss=0.0000 (disabled)  score=0.865  return=0.778  role_std=1.0143  role_norm=2.0934  enc_delta ego=0.0048 partner=0.0048 road=0.0065
[ROMA step  839,909,376] sps= 53,597  policy_loss=-0.0071  value_loss=0.0659  mi_loss=0.0001  mi_valid=0.76  div_loss=0.0002  kl_loss=0.0000 (disabled)  score=0.867  return=0.779  role_std=1.0356  role_norm=2.1884  enc_delta ego=0.0081 partner=0.0052 road=0.0073
[ROMA step  840,695,808] sps= 53,612  policy_loss=-0.0012  value_loss=0.0767  mi_loss=0.0001  mi_valid=0.75  div_loss=0.0001  kl_loss=0.0000 (disabled)  score=0.869  return=0.781  role_std=1.0222  role_norm=2.1805  enc_delta ego=0.0047 partner=0.0048 road=0.0061
[ROMA step  841,482,240] sps= 53,575  policy_loss=-0.0059  value_loss=0.0775  mi_loss=0.0001  mi_valid=0.73  div_loss=0.0001  kl_loss=0.0000 (disabled)  score=0.871  return=0.783  role_std=1.0558  role_norm=2.2031  enc_delta ego=0.0045 partner=0.0056 road=0.0062
[ROMA step  842,268,672] sps= 53,590  policy_loss=-0.0035  value_loss=0.0697  mi_loss=0.0001  mi_valid=0.78  div_loss=0.0000  kl_loss=0.0000 (disabled)  score=0.872  return=0.784  role_std=0.9665  role_norm=2.0215  enc_delta ego=0.0047 partner=0.0056 road=0.0069
[ROMA step  843,055,104] sps= 53,605  policy_loss=0.0028  value_loss=0.0716  mi_loss=0.0001  mi_valid=0.77  div_loss=0.0002  kl_loss=0.0000 (disabled)  score=0.873  return=0.786  role_std=0.9942  role_norm=2.0954  enc_delta ego=0.0052 partner=0.0066 road=0.0076
[ROMA step  843,841,536] sps= 53,620  policy_loss=0.0011  value_loss=0.0597  mi_loss=0.0001  mi_valid=0.76  div_loss=0.0001  kl_loss=0.0000 (disabled)  score=0.874  return=0.788  role_std=0.9663  role_norm=2.0985  enc_delta ego=0.0053 partner=0.0052 road=0.0069
[ROMA step  844,627,968] sps= 53,588  policy_loss=-0.0006  value_loss=0.0762  mi_loss=0.0001  mi_valid=0.74  div_loss=0.0000  kl_loss=0.0000 (disabled)  score=0.875  return=0.788  role_std=0.9638  role_norm=2.1115  enc_delta ego=0.0064 partner=0.0049 road=0.0064
[ROMA step  845,414,400] sps= 53,603  policy_loss=-0.0082  value_loss=0.0646  mi_loss=0.0001  mi_valid=0.76  div_loss=0.0003  kl_loss=0.0000 (disabled)  score=0.876  return=0.790  role_std=0.9687  role_norm=2.0321  enc_delta ego=0.0038 partner=0.0049 road=0.0063
[ROMA step  846,200,832] sps= 53,619  policy_loss=-0.0054  value_loss=0.0529  mi_loss=0.0001  mi_valid=0.77  div_loss=0.0001  kl_loss=0.0000 (disabled)  score=0.876  return=0.790  role_std=0.9812  role_norm=2.0408  enc_delta ego=0.0050 partner=0.0046 road=0.0065
[ROMA step  846,987,264] sps= 53,634  policy_loss=0.0011  value_loss=0.0606  mi_loss=0.0001  mi_valid=0.78  div_loss=0.0004  kl_loss=0.0000 (disabled)  score=0.876  return=0.791  role_std=0.9474  role_norm=1.9649  enc_delta ego=0.0041 partner=0.0044 road=0.0060
[ROMA step  847,773,696] sps= 53,594  policy_loss=0.0013  value_loss=0.0740  mi_loss=0.0001  mi_valid=0.74  div_loss=0.0003  kl_loss=0.0000 (disabled)  score=0.877  return=0.792  role_std=0.9864  role_norm=2.1068  enc_delta ego=0.0061 partner=0.0057 road=0.0077
[ROMA step  848,560,128] sps= 53,609  policy_loss=0.0001  value_loss=0.0583  mi_loss=0.0001  mi_valid=0.77  div_loss=0.0002  kl_loss=0.0000 (disabled)  score=0.877  return=0.794  role_std=0.9445  role_norm=2.0872  enc_delta ego=0.0051 partner=0.0049 road=0.0066
[ROMA step  849,346,560] sps= 53,624  policy_loss=0.0038  value_loss=0.0564  mi_loss=0.0001  mi_valid=0.76  div_loss=0.0001  kl_loss=0.0000 (disabled)  score=0.878  return=0.795  role_std=0.9694  role_norm=2.1258  enc_delta ego=0.0043 partner=0.0048 road=0.0053
[ROMA step  850,132,992] sps= 53,576  policy_loss=-0.0032  value_loss=0.0555  mi_loss=0.0001  mi_valid=0.75  div_loss=0.0011  kl_loss=0.0000 (disabled)  score=0.878  return=0.796  role_std=0.9919  role_norm=2.0423  enc_delta ego=0.0040 partner=0.0042 road=0.0050
[ROMA step  850,919,424] sps= 53,592  policy_loss=-0.0064  value_loss=0.0788  mi_loss=0.0001  mi_valid=0.78  div_loss=0.0005  kl_loss=0.0000 (disabled)  score=0.878  return=0.796  role_std=0.9487  role_norm=2.0308  enc_delta ego=0.0049 partner=0.0054 road=0.0057
[ROMA step  851,705,856] sps= 53,607  policy_loss=-0.0034  value_loss=0.0613  mi_loss=0.0001  mi_valid=0.76  div_loss=-0.0000  kl_loss=0.0000 (disabled)  score=0.878  return=0.796  role_std=0.9521  role_norm=2.0651  enc_delta ego=0.0048 partner=0.0051 road=0.0053
[ROMA step  852,492,288] sps= 53,622  policy_loss=-0.0017  value_loss=0.0693  mi_loss=0.0001  mi_valid=0.76  div_loss=0.0003  kl_loss=0.0000 (disabled)  score=0.878  return=0.796  role_std=0.9578  role_norm=2.1028  enc_delta ego=0.0046 partner=0.0057 road=0.0055
[ROMA step  853,278,720] sps= 53,586  policy_loss=-0.0032  value_loss=0.0639  mi_loss=0.0001  mi_valid=0.74  div_loss=0.0000  kl_loss=0.0000 (disabled)  score=0.878  return=0.797  role_std=0.9493  role_norm=2.1026  enc_delta ego=0.0050 partner=0.0051 road=0.0072
[ROMA step  854,065,152] sps= 53,601  policy_loss=0.0033  value_loss=0.0725  mi_loss=0.0001  mi_valid=0.76  div_loss=0.0001  kl_loss=0.0000 (disabled)  score=0.878  return=0.798  role_std=0.9784  role_norm=2.1223  enc_delta ego=0.0042 partner=0.0043 road=0.0062
[ROMA step  854,851,584] sps= 53,616  policy_loss=-0.0037  value_loss=0.0550  mi_loss=0.0001  mi_valid=0.77  div_loss=0.0000  kl_loss=0.0000 (disabled)  score=0.878  return=0.799  role_std=1.0614  role_norm=2.2200  enc_delta ego=0.0041 partner=0.0049 road=0.0056
[ROMA step  855,638,016] sps= 53,588  policy_loss=-0.0070  value_loss=0.0638  mi_loss=0.0001  mi_valid=0.75  div_loss=0.0001  kl_loss=0.0000 (disabled)  score=0.878  return=0.800  role_std=0.9740  role_norm=2.1244  enc_delta ego=0.0050 partner=0.0045 road=0.0061
[ROMA step  856,424,448] sps= 53,603  policy_loss=-0.0034  value_loss=0.0589  mi_loss=0.0001  mi_valid=0.76  div_loss=0.0002  kl_loss=0.0000 (disabled)  score=0.877  return=0.800  role_std=0.9392  role_norm=2.1129  enc_delta ego=0.0054 partner=0.0054 road=0.0076
[ROMA step  857,210,880] sps= 53,619  policy_loss=-0.0061  value_loss=0.0621  mi_loss=0.0001  mi_valid=0.76  div_loss=0.0000  kl_loss=0.0000 (disabled)  score=0.877  return=0.799  role_std=0.9299  role_norm=2.0948  enc_delta ego=0.0056 partner=0.0052 road=0.0060
[ROMA step  857,997,312] sps= 53,634  policy_loss=-0.0041  value_loss=0.0531  mi_loss=0.0001  mi_valid=0.76  div_loss=0.0001  kl_loss=0.0000 (disabled)  score=0.877  return=0.799  role_std=0.9695  role_norm=2.1332  enc_delta ego=0.0048 partner=0.0043 road=0.0057
[ROMA step  858,783,744] sps= 53,601  policy_loss=0.0019  value_loss=0.0683  mi_loss=0.0001  mi_valid=0.74  div_loss=0.0001  kl_loss=0.0000 (disabled)  score=0.877  return=0.800  role_std=1.0514  role_norm=2.1798  enc_delta ego=0.0046 partner=0.0044 road=0.0076
[ROMA step  859,570,176] sps= 53,616  policy_loss=-0.0008  value_loss=0.0677  mi_loss=0.0001  mi_valid=0.76  div_loss=0.0008  kl_loss=0.0000 (disabled)  score=0.877  return=0.801  role_std=0.9584  role_norm=2.0392  enc_delta ego=0.0046 partner=0.0046 road=0.0073
[ROMA step  860,356,608] sps= 53,631  policy_loss=-0.0018  value_loss=0.0597  mi_loss=0.0001  mi_valid=0.75  div_loss=0.0000  kl_loss=0.0000 (disabled)  score=0.877  return=0.801  role_std=0.9725  role_norm=2.1134  enc_delta ego=0.0049 partner=0.0049 road=0.0062
[ROMA step  861,143,040] sps= 53,590  policy_loss=-0.0049  value_loss=0.0565  mi_loss=0.0001  mi_valid=0.73  div_loss=0.0001  kl_loss=0.0000 (disabled)  score=0.877  return=0.801  role_std=0.9869  role_norm=2.1674  enc_delta ego=0.0030 partner=0.0037 road=0.0051
[ROMA step  861,929,472] sps= 53,604  policy_loss=0.0039  value_loss=0.0595  mi_loss=0.0001  mi_valid=0.75  div_loss=0.0003  kl_loss=0.0000 (disabled)  score=0.877  return=0.803  role_std=1.0086  role_norm=2.1799  enc_delta ego=0.0045 partner=0.0052 road=0.0061
[ROMA step  862,715,904] sps= 53,619  policy_loss=0.0038  value_loss=0.0699  mi_loss=0.0001  mi_valid=0.75  div_loss=0.0003  kl_loss=0.0000 (disabled)  score=0.877  return=0.803  role_std=1.0395  role_norm=2.2110  enc_delta ego=0.0042 partner=0.0049 road=0.0065
[ROMA step  863,502,336] sps= 53,635  policy_loss=-0.0066  value_loss=0.0590  mi_loss=0.0001  mi_valid=0.77  div_loss=0.0003  kl_loss=0.0000 (disabled)  score=0.877  return=0.802  role_std=1.0015  role_norm=2.0973  enc_delta ego=0.0055 partner=0.0050 road=0.0066
[ROMA step  864,288,768] sps= 53,597  policy_loss=-0.0089  value_loss=0.0851  mi_loss=0.0001  mi_valid=0.75  div_loss=0.0004  kl_loss=0.0000 (disabled)  score=0.877  return=0.801  role_std=1.0118  role_norm=2.1702  enc_delta ego=0.0040 partner=0.0043 road=0.0054
[ROMA step  865,075,200] sps= 53,612  policy_loss=-0.0078  value_loss=0.0634  mi_loss=0.0001  mi_valid=0.76  div_loss=0.0001  kl_loss=0.0000 (disabled)  score=0.875  return=0.799  role_std=1.0316  role_norm=2.2717  enc_delta ego=0.0042 partner=0.0056 road=0.0055
[ROMA step  865,861,632] sps= 53,627  policy_loss=-0.0066  value_loss=0.0532  mi_loss=0.0001  mi_valid=0.76  div_loss=0.0005  kl_loss=0.0000 (disabled)  score=0.874  return=0.798  role_std=1.0094  role_norm=2.2766  enc_delta ego=0.0043 partner=0.0049 road=0.0053
[ROMA step  866,648,064] sps= 53,593  policy_loss=-0.0063  value_loss=0.0656  mi_loss=0.0001  mi_valid=0.73  div_loss=-0.0000  kl_loss=0.0000 (disabled)  score=0.873  return=0.797  role_std=1.0278  role_norm=2.2078  enc_delta ego=0.0045 partner=0.0042 road=0.0052
[ROMA step  867,434,496] sps= 53,608  policy_loss=-0.0027  value_loss=0.0779  mi_loss=0.0001  mi_valid=0.78  div_loss=0.0000  kl_loss=0.0000 (disabled)  score=0.873  return=0.798  role_std=0.9699  role_norm=2.1029  enc_delta ego=0.0054 partner=0.0053 road=0.0068
[ROMA step  868,220,928] sps= 53,623  policy_loss=-0.0016  value_loss=0.0670  mi_loss=0.0001  mi_valid=0.77  div_loss=0.0003  kl_loss=0.0000 (disabled)  score=0.873  return=0.798  role_std=0.9693  role_norm=2.0688  enc_delta ego=0.0047 partner=0.0046 road=0.0051
[ROMA step  869,007,360] sps= 53,638  policy_loss=-0.0024  value_loss=0.0516  mi_loss=0.0001  mi_valid=0.76  div_loss=0.0001  kl_loss=0.0000 (disabled)  score=0.873  return=0.799  role_std=0.9752  role_norm=2.1477  enc_delta ego=0.0036 partner=0.0043 road=0.0054
[ROMA step  869,793,792] sps= 53,594  policy_loss=-0.0045  value_loss=0.0650  mi_loss=0.0001  mi_valid=0.74  div_loss=0.0001  kl_loss=0.0000 (disabled)  score=0.873  return=0.800  role_std=0.9755  role_norm=2.1805  enc_delta ego=0.0037 partner=0.0041 road=0.0071
[ROMA step  870,580,224] sps= 53,609  policy_loss=0.0009  value_loss=0.0581  mi_loss=0.0001  mi_valid=0.76  div_loss=0.0005  kl_loss=0.0000 (disabled)  score=0.872  return=0.800  role_std=0.9637  role_norm=2.0838  enc_delta ego=0.0043 partner=0.0048 road=0.0057
[ROMA step  871,366,656] sps= 53,624  policy_loss=0.0000  value_loss=0.0572  mi_loss=0.0001  mi_valid=0.76  div_loss=0.0000  kl_loss=0.0000 (disabled)  score=0.871  return=0.800  role_std=0.9745  role_norm=2.1170  enc_delta ego=0.0036 partner=0.0053 road=0.0057
[ROMA step  872,153,088] sps= 53,639  policy_loss=0.0088  value_loss=0.0552  mi_loss=0.0001  mi_valid=0.77  div_loss=0.0001  kl_loss=0.0000 (disabled)  score=0.871  return=0.800  role_std=0.9448  role_norm=1.9994  enc_delta ego=0.0044 partner=0.0051 road=0.0053
[ROMA step  872,939,520] sps= 53,570  policy_loss=-0.0058  value_loss=0.0631  mi_loss=0.0001  mi_valid=0.75  div_loss=0.0001  kl_loss=0.0000 (disabled)  score=0.871  return=0.800  role_std=0.9545  role_norm=2.0617  enc_delta ego=0.0040 partner=0.0049 road=0.0061
[ROMA step  873,725,952] sps= 53,585  policy_loss=0.0017  value_loss=0.0562  mi_loss=0.0001  mi_valid=0.76  div_loss=0.0001  kl_loss=0.0000 (disabled)  score=0.870  return=0.799  role_std=0.9525  role_norm=2.1019  enc_delta ego=0.0044 partner=0.0043 road=0.0060
[ROMA step  874,512,384] sps= 53,599  policy_loss=-0.0005  value_loss=0.0551  mi_loss=0.0001  mi_valid=0.76  div_loss=0.0001  kl_loss=0.0000 (disabled)  score=0.870  return=0.799  role_std=0.9654  role_norm=2.1761  enc_delta ego=0.0043 partner=0.0044 road=0.0052
[ROMA step  875,298,816] sps= 53,545  policy_loss=-0.0047  value_loss=0.0500  mi_loss=0.0001  mi_valid=0.74  div_loss=0.0001  kl_loss=0.0000 (disabled)  score=0.869  return=0.799  role_std=1.0328  role_norm=2.2670  enc_delta ego=0.0037 partner=0.0039 road=0.0045
[ROMA step  876,085,248] sps= 53,560  policy_loss=-0.0017  value_loss=0.0506  mi_loss=0.0001  mi_valid=0.77  div_loss=-0.0000  kl_loss=0.0000 (disabled)  score=0.869  return=0.799  role_std=1.0114  role_norm=2.1350  enc_delta ego=0.0048 partner=0.0045 road=0.0070
[ROMA step  876,871,680] sps= 53,575  policy_loss=-0.0040  value_loss=0.0494  mi_loss=0.0001  mi_valid=0.76  div_loss=0.0000  kl_loss=0.0000 (disabled)  score=0.870  return=0.801  role_std=1.0186  role_norm=2.1698  enc_delta ego=0.0036 partner=0.0039 road=0.0054
[ROMA step  877,658,112] sps= 53,589  policy_loss=-0.0051  value_loss=0.0413  mi_loss=0.0001  mi_valid=0.76  div_loss=0.0001  kl_loss=0.0000 (disabled)  score=0.870  return=0.802  role_std=0.9862  role_norm=2.1666  enc_delta ego=0.0051 partner=0.0034 road=0.0056
[ROMA step  878,444,544] sps= 53,551  policy_loss=-0.0050  value_loss=0.0615  mi_loss=0.0001  mi_valid=0.74  div_loss=0.0000  kl_loss=0.0000 (disabled)  score=0.869  return=0.802  role_std=1.0159  role_norm=2.2095  enc_delta ego=0.0043 partner=0.0047 road=0.0058
[ROMA step  879,230,976] sps= 53,565  policy_loss=-0.0007  value_loss=0.0629  mi_loss=0.0001  mi_valid=0.77  div_loss=0.0000  kl_loss=0.0000 (disabled)  score=0.869  return=0.801  role_std=1.0162  role_norm=2.1626  enc_delta ego=0.0038 partner=0.0048 road=0.0060
[ROMA step  880,017,408] sps= 53,580  policy_loss=-0.0009  value_loss=0.0619  mi_loss=0.0001  mi_valid=0.78  div_loss=0.0004  kl_loss=0.0000 (disabled)  score=0.868  return=0.800  role_std=1.0465  role_norm=2.2035  enc_delta ego=0.0038 partner=0.0037 road=0.0055
[ROMA step  880,803,840] sps= 53,529  policy_loss=-0.0023  value_loss=0.0540  mi_loss=0.0001  mi_valid=0.76  div_loss=0.0006  kl_loss=0.0000 (disabled)  score=0.867  return=0.800  role_std=0.9539  role_norm=2.0549  enc_delta ego=0.0040 partner=0.0040 road=0.0063
[ROMA step  881,590,272] sps= 53,543  policy_loss=-0.0048  value_loss=0.0471  mi_loss=0.0001  mi_valid=0.77  div_loss=0.0000  kl_loss=0.0000 (disabled)  score=0.866  return=0.800  role_std=0.9629  role_norm=2.1106  enc_delta ego=0.0048 partner=0.0044 road=0.0055
[ROMA step  882,376,704] sps= 53,557  policy_loss=0.0031  value_loss=0.0467  mi_loss=0.0001  mi_valid=0.76  div_loss=0.0001  kl_loss=0.0000 (disabled)  score=0.866  return=0.799  role_std=0.9725  role_norm=2.1492  enc_delta ego=0.0049 partner=0.0039 road=0.0051
[ROMA step  883,163,136] sps= 53,572  policy_loss=-0.0011  value_loss=0.0455  mi_loss=0.0001  mi_valid=0.77  div_loss=0.0000  kl_loss=0.0000 (disabled)  score=0.865  return=0.799  role_std=0.9780  role_norm=2.1542  enc_delta ego=0.0030 partner=0.0034 road=0.0045
[ROMA step  883,949,568] sps= 53,511  policy_loss=-0.0045  value_loss=0.0705  mi_loss=0.0001  mi_valid=0.75  div_loss=0.0000  kl_loss=0.0000 (disabled)  score=0.864  return=0.798  role_std=1.0385  role_norm=2.2435  enc_delta ego=0.0047 partner=0.0047 road=0.0047
[ROMA step  884,736,000] sps= 53,525  policy_loss=0.0021  value_loss=0.0750  mi_loss=0.0001  mi_valid=0.79  div_loss=0.0000  kl_loss=0.0000 (disabled)  score=0.864  return=0.797  role_std=0.9802  role_norm=2.1464  enc_delta ego=0.0053 partner=0.0048 road=0.0051
[ROMA step  885,522,432] sps= 53,539  policy_loss=0.0006  value_loss=0.0697  mi_loss=0.0001  mi_valid=0.77  div_loss=0.0001  kl_loss=0.0000 (disabled)  score=0.863  return=0.796  role_std=1.0026  role_norm=2.2188  enc_delta ego=0.0054 partner=0.0052 road=0.0053
[ROMA step  886,308,864] sps= 53,501  policy_loss=-0.0051  value_loss=0.0727  mi_loss=0.0001  mi_valid=0.74  div_loss=-0.0000  kl_loss=0.0000 (disabled)  score=0.862  return=0.795  role_std=1.0493  role_norm=2.3555  enc_delta ego=0.0039 partner=0.0051 road=0.0051
[ROMA step  887,095,296] sps= 53,516  policy_loss=0.0011  value_loss=0.0553  mi_loss=0.0001  mi_valid=0.74  div_loss=0.0002  kl_loss=0.0000 (disabled)  score=0.862  return=0.795  role_std=1.0423  role_norm=2.3134  enc_delta ego=0.0048 partner=0.0042 road=0.0056
[ROMA step  887,881,728] sps= 53,531  policy_loss=-0.0060  value_loss=0.0535  mi_loss=0.0001  mi_valid=0.75  div_loss=0.0002  kl_loss=0.0000 (disabled)  score=0.862  return=0.795  role_std=1.0661  role_norm=2.3598  enc_delta ego=0.0072 partner=0.0040 road=0.0048
[ROMA step  888,668,160] sps= 53,545  policy_loss=-0.0015  value_loss=0.0605  mi_loss=0.0001  mi_valid=0.76  div_loss=0.0000  kl_loss=0.0000 (disabled)  score=0.862  return=0.795  role_std=1.0334  role_norm=2.2305  enc_delta ego=0.0058 partner=0.0047 road=0.0052
[ROMA step  889,454,592] sps= 53,475  policy_loss=-0.0020  value_loss=0.0683  mi_loss=0.0001  mi_valid=0.75  div_loss=0.0002  kl_loss=0.0000 (disabled)  score=0.862  return=0.795  role_std=1.0393  role_norm=2.2365  enc_delta ego=0.0042 partner=0.0055 road=0.0053
[ROMA step  890,241,024] sps= 53,489  policy_loss=-0.0051  value_loss=0.0688  mi_loss=0.0001  mi_valid=0.76  div_loss=0.0002  kl_loss=0.0000 (disabled)  score=0.862  return=0.794  role_std=1.0281  role_norm=2.2258  enc_delta ego=0.0046 partner=0.0058 road=0.0052
[ROMA step  891,027,456] sps= 53,504  policy_loss=-0.0047  value_loss=0.0662  mi_loss=0.0001  mi_valid=0.76  div_loss=0.0007  kl_loss=0.0000 (disabled)  score=0.861  return=0.794  role_std=1.0047  role_norm=2.2021  enc_delta ego=0.0032 partner=0.0051 road=0.0051
[ROMA step  891,813,888] sps= 53,463  policy_loss=-0.0043  value_loss=0.0782  mi_loss=0.0001  mi_valid=0.73  div_loss=0.0001  kl_loss=0.0000 (disabled)  score=0.861  return=0.793  role_std=1.0180  role_norm=2.1496  enc_delta ego=0.0036 partner=0.0055 road=0.0054
[ROMA step  892,600,320] sps= 53,477  policy_loss=-0.0034  value_loss=0.0643  mi_loss=0.0001  mi_valid=0.77  div_loss=0.0000  kl_loss=0.0000 (disabled)  score=0.863  return=0.796  role_std=1.0013  role_norm=2.1463  enc_delta ego=0.0062 partner=0.0046 road=0.0054
[ROMA step  893,386,752] sps= 53,492  policy_loss=-0.0086  value_loss=0.0545  mi_loss=0.0001  mi_valid=0.77  div_loss=-0.0000  kl_loss=0.0000 (disabled)  score=0.864  return=0.799  role_std=1.0227  role_norm=2.1678  enc_delta ego=0.0049 partner=0.0050 road=0.0057
[ROMA step  894,173,184] sps= 53,506  policy_loss=-0.0020  value_loss=0.0504  mi_loss=0.0001  mi_valid=0.75  div_loss=0.0008  kl_loss=0.0000 (disabled)  score=0.865  return=0.800  role_std=1.0546  role_norm=2.2698  enc_delta ego=0.0041 partner=0.0043 road=0.0047
[ROMA step  894,959,616] sps= 53,464  policy_loss=-0.0056  value_loss=0.0742  mi_loss=0.0001  mi_valid=0.73  div_loss=0.0000  kl_loss=0.0000 (disabled)  score=0.866  return=0.802  role_std=1.0762  role_norm=2.3866  enc_delta ego=0.0041 partner=0.0048 road=0.0065
[ROMA step  895,746,048] sps= 53,478  policy_loss=0.0008  value_loss=0.0655  mi_loss=0.0001  mi_valid=0.76  div_loss=0.0003  kl_loss=0.0000 (disabled)  score=0.866  return=0.802  role_std=1.0507  role_norm=2.2953  enc_delta ego=0.0043 partner=0.0050 road=0.0060
[ROMA step  896,532,480] sps= 53,492  policy_loss=-0.0043  value_loss=0.0703  mi_loss=0.0001  mi_valid=0.76  div_loss=0.0000  kl_loss=0.0000 (disabled)  score=0.867  return=0.802  role_std=1.0638  role_norm=2.2883  enc_delta ego=0.0056 partner=0.0042 road=0.0064
[ROMA step  897,318,912] sps= 53,507  policy_loss=-0.0026  value_loss=0.0680  mi_loss=0.0001  mi_valid=0.77  div_loss=0.0002  kl_loss=0.0000 (disabled)  score=0.867  return=0.801  role_std=1.0539  role_norm=2.2620  enc_delta ego=0.0035 partner=0.0042 road=0.0047
[ROMA step  898,105,344] sps= 53,456  policy_loss=-0.0024  value_loss=0.0661  mi_loss=0.0001  mi_valid=0.74  div_loss=0.0001  kl_loss=0.0000 (disabled)  score=0.868  return=0.802  role_std=1.0073  role_norm=2.1900  enc_delta ego=0.0042 partner=0.0042 road=0.0055
[ROMA step  898,891,776] sps= 53,470  policy_loss=0.0004  value_loss=0.0591  mi_loss=0.0001  mi_valid=0.75  div_loss=0.0001  kl_loss=0.0000 (disabled)  score=0.869  return=0.804  role_std=1.0265  role_norm=2.2133  enc_delta ego=0.0056 partner=0.0050 road=0.0053
[ROMA step  899,678,208] sps= 53,484  policy_loss=-0.0103  value_loss=0.0497  mi_loss=0.0001  mi_valid=0.75  div_loss=0.0000  kl_loss=0.0000 (disabled)  score=0.870  return=0.806  role_std=0.9875  role_norm=2.1636  enc_delta ego=0.0052 partner=0.0045 road=0.0048
[ROMA step  900,464,640] sps= 53,432  policy_loss=-0.0003  value_loss=0.0673  mi_loss=0.0001  mi_valid=0.73  div_loss=0.0001  kl_loss=0.0000 (disabled)  score=0.871  return=0.807  role_std=1.0217  role_norm=2.2367  enc_delta ego=0.0067 partner=0.0045 road=0.0047
[ROMA step  901,251,072] sps= 53,446  policy_loss=0.0025  value_loss=0.0549  mi_loss=0.0001  mi_valid=0.78  div_loss=0.0003  kl_loss=0.0000 (disabled)  score=0.871  return=0.807  role_std=0.9760  role_norm=2.1440  enc_delta ego=0.0048 partner=0.0040 road=0.0044
[ROMA step  902,037,504] sps= 53,460  policy_loss=-0.0044  value_loss=0.0476  mi_loss=0.0001  mi_valid=0.77  div_loss=0.0006  kl_loss=0.0000 (disabled)  score=0.872  return=0.809  role_std=0.9595  role_norm=2.1102  enc_delta ego=0.0032 partner=0.0045 road=0.0047
[ROMA step  902,823,936] sps= 53,475  policy_loss=-0.0009  value_loss=0.0509  mi_loss=0.0001  mi_valid=0.76  div_loss=0.0001  kl_loss=0.0000 (disabled)  score=0.873  return=0.810  role_std=0.9691  role_norm=2.1554  enc_delta ego=0.0049 partner=0.0046 road=0.0051
[ROMA step  903,610,368] sps= 53,434  policy_loss=0.0005  value_loss=0.0609  mi_loss=0.0001  mi_valid=0.73  div_loss=0.0001  kl_loss=0.0000 (disabled)  score=0.873  return=0.811  role_std=1.0061  role_norm=2.2419  enc_delta ego=0.0045 partner=0.0047 road=0.0058
[ROMA step  904,396,800] sps= 53,448  policy_loss=-0.0031  value_loss=0.0570  mi_loss=0.0001  mi_valid=0.74  div_loss=0.0000  kl_loss=0.0000 (disabled)  score=0.874  return=0.812  role_std=1.0075  role_norm=2.2003  enc_delta ego=0.0046 partner=0.0043 road=0.0056
[ROMA step  905,183,232] sps= 53,463  policy_loss=-0.0002  value_loss=0.0545  mi_loss=0.0001  mi_valid=0.74  div_loss=0.0001  kl_loss=0.0000 (disabled)  score=0.875  return=0.813  role_std=1.0201  role_norm=2.1948  enc_delta ego=0.0042 partner=0.0047 road=0.0056
[ROMA step  905,969,664] sps= 53,399  policy_loss=0.0014  value_loss=0.0650  mi_loss=0.0001  mi_valid=0.74  div_loss=0.0001  kl_loss=0.0000 (disabled)  score=0.876  return=0.814  role_std=0.9239  role_norm=2.0079  enc_delta ego=0.0043 partner=0.0037 road=0.0050
[ROMA step  906,756,096] sps= 53,414  policy_loss=-0.0035  value_loss=0.0675  mi_loss=0.0001  mi_valid=0.75  div_loss=0.0004  kl_loss=0.0000 (disabled)  score=0.878  return=0.816  role_std=0.9544  role_norm=2.1216  enc_delta ego=0.0039 partner=0.0041 road=0.0057
[ROMA step  907,542,528] sps= 53,428  policy_loss=0.0018  value_loss=0.0635  mi_loss=0.0001  mi_valid=0.74  div_loss=-0.0000  kl_loss=0.0000 (disabled)  score=0.880  return=0.819  role_std=0.9973  role_norm=2.1862  enc_delta ego=0.0045 partner=0.0047 road=0.0053
[ROMA step  908,328,960] sps= 53,442  policy_loss=-0.0003  value_loss=0.0603  mi_loss=0.0001  mi_valid=0.75  div_loss=-0.0000  kl_loss=0.0000 (disabled)  score=0.882  return=0.822  role_std=1.0051  role_norm=2.2428  enc_delta ego=0.0041 partner=0.0037 road=0.0057
[ROMA step  909,115,392] sps= 53,398  policy_loss=0.0001  value_loss=0.0729  mi_loss=0.0001  mi_valid=0.74  div_loss=0.0000  kl_loss=0.0000 (disabled)  score=0.884  return=0.823  role_std=1.0807  role_norm=2.2998  enc_delta ego=0.0041 partner=0.0049 road=0.0047
[ROMA step  909,901,824] sps= 53,413  policy_loss=0.0019  value_loss=0.0523  mi_loss=0.0001  mi_valid=0.77  div_loss=0.0001  kl_loss=0.0000 (disabled)  score=0.884  return=0.824  role_std=1.0434  role_norm=2.2737  enc_delta ego=0.0032 partner=0.0050 road=0.0056
[ROMA step  910,688,256] sps= 53,427  policy_loss=0.0049  value_loss=0.0620  mi_loss=0.0001  mi_valid=0.76  div_loss=0.0000  kl_loss=0.0000 (disabled)  score=0.885  return=0.825  role_std=1.0419  role_norm=2.2909  enc_delta ego=0.0031 partner=0.0041 road=0.0042
[ROMA step  911,474,688] sps= 53,392  policy_loss=-0.0066  value_loss=0.0605  mi_loss=0.0001  mi_valid=0.74  div_loss=0.0002  kl_loss=0.0000 (disabled)  score=0.886  return=0.826  role_std=1.0330  role_norm=2.2606  enc_delta ego=0.0037 partner=0.0042 road=0.0040
[ROMA step  912,261,120] sps= 53,406  policy_loss=0.0037  value_loss=0.0763  mi_loss=0.0001  mi_valid=0.75  div_loss=0.0001  kl_loss=0.0000 (disabled)  score=0.887  return=0.827  role_std=1.0268  role_norm=2.2168  enc_delta ego=0.0049 partner=0.0048 road=0.0052
[ROMA step  913,047,552] sps= 53,421  policy_loss=0.0017  value_loss=0.0686  mi_loss=0.0001  mi_valid=0.75  div_loss=0.0003  kl_loss=0.0000 (disabled)  score=0.888  return=0.828  role_std=1.0318  role_norm=2.2570  enc_delta ego=0.0041 partner=0.0046 road=0.0053
[ROMA step  913,833,984] sps= 53,435  policy_loss=-0.0022  value_loss=0.0681  mi_loss=0.0001  mi_valid=0.76  div_loss=0.0001  kl_loss=0.0000 (disabled)  score=0.889  return=0.830  role_std=1.1347  role_norm=2.3401  enc_delta ego=0.0040 partner=0.0047 road=0.0054
[ROMA step  914,620,416] sps= 53,391  policy_loss=-0.0029  value_loss=0.0759  mi_loss=0.0001  mi_valid=0.74  div_loss=0.0001  kl_loss=0.0000 (disabled)  score=0.889  return=0.830  role_std=1.0873  role_norm=2.2577  enc_delta ego=0.0052 partner=0.0055 road=0.0060
[ROMA step  915,406,848] sps= 53,405  policy_loss=-0.0141  value_loss=0.0697  mi_loss=0.0001  mi_valid=0.75  div_loss=0.0003  kl_loss=0.0000 (disabled)  score=0.889  return=0.829  role_std=1.1051  role_norm=2.3318  enc_delta ego=0.0033 partner=0.0043 road=0.0045
[ROMA step  916,193,280] sps= 53,419  policy_loss=0.0005  value_loss=0.0740  mi_loss=0.0001  mi_valid=0.74  div_loss=0.0000  kl_loss=0.0000 (disabled)  score=0.889  return=0.828  role_std=1.0899  role_norm=2.3543  enc_delta ego=0.0039 partner=0.0050 road=0.0051
[ROMA step  916,979,712] sps= 53,379  policy_loss=0.0006  value_loss=0.0754  mi_loss=0.0001  mi_valid=0.72  div_loss=0.0001  kl_loss=0.0000 (disabled)  score=0.888  return=0.827  role_std=1.0983  role_norm=2.4196  enc_delta ego=0.0043 partner=0.0051 road=0.0054
[ROMA step  917,766,144] sps= 53,393  policy_loss=0.0009  value_loss=0.0821  mi_loss=0.0001  mi_valid=0.78  div_loss=0.0001  kl_loss=0.0000 (disabled)  score=0.888  return=0.826  role_std=1.1353  role_norm=2.3927  enc_delta ego=0.0049 partner=0.0062 road=0.0063
[ROMA step  918,552,576] sps= 53,407  policy_loss=-0.0038  value_loss=0.0843  mi_loss=0.0001  mi_valid=0.78  div_loss=0.0001  kl_loss=0.0000 (disabled)  score=0.887  return=0.825  role_std=1.0040  role_norm=2.1599  enc_delta ego=0.0038 partner=0.0044 road=0.0055
[ROMA step  919,339,008] sps= 53,421  policy_loss=-0.0049  value_loss=0.0728  mi_loss=0.0001  mi_valid=0.76  div_loss=0.0005  kl_loss=0.0000 (disabled)  score=0.887  return=0.825  role_std=1.0332  role_norm=2.1690  enc_delta ego=0.0040 partner=0.0043 road=0.0057
[ROMA step  920,125,440] sps= 53,386  policy_loss=-0.0074  value_loss=0.0720  mi_loss=0.0001  mi_valid=0.73  div_loss=0.0010  kl_loss=0.0000 (disabled)  score=0.888  return=0.825  role_std=1.0123  role_norm=2.2096  enc_delta ego=0.0045 partner=0.0036 road=0.0061
[ROMA step  920,911,872] sps= 53,400  policy_loss=-0.0000  value_loss=0.0606  mi_loss=0.0001  mi_valid=0.75  div_loss=0.0001  kl_loss=0.0000 (disabled)  score=0.888  return=0.825  role_std=1.0276  role_norm=2.2008  enc_delta ego=0.0047 partner=0.0035 road=0.0063
[ROMA step  921,698,304] sps= 53,414  policy_loss=-0.0055  value_loss=0.0566  mi_loss=0.0001  mi_valid=0.75  div_loss=0.0002  kl_loss=0.0000 (disabled)  score=0.888  return=0.825  role_std=1.0478  role_norm=2.2026  enc_delta ego=0.0045 partner=0.0039 road=0.0073
[ROMA step  922,484,736] sps= 53,429  policy_loss=-0.0040  value_loss=0.0573  mi_loss=0.0001  mi_valid=0.76  div_loss=0.0003  kl_loss=0.0000 (disabled)  score=0.889  return=0.825  role_std=1.0490  role_norm=2.1989  enc_delta ego=0.0041 partner=0.0034 road=0.0062
[ROMA step  923,271,168] sps= 53,376  policy_loss=-0.0016  value_loss=0.0754  mi_loss=0.0001  mi_valid=0.73  div_loss=0.0004  kl_loss=0.0000 (disabled)  score=0.890  return=0.826  role_std=1.0516  role_norm=2.2217  enc_delta ego=0.0049 partner=0.0051 road=0.0066
[ROMA step  924,057,600] sps= 53,390  policy_loss=0.0005  value_loss=0.0712  mi_loss=0.0001  mi_valid=0.74  div_loss=0.0002  kl_loss=0.0000 (disabled)  score=0.891  return=0.827  role_std=1.0168  role_norm=2.1865  enc_delta ego=0.0053 partner=0.0046 road=0.0058
[ROMA step  924,844,032] sps= 53,404  policy_loss=-0.0029  value_loss=0.0592  mi_loss=0.0001  mi_valid=0.74  div_loss=0.0000  kl_loss=0.0000 (disabled)  score=0.892  return=0.828  role_std=1.0451  role_norm=2.2487  enc_delta ego=0.0045 partner=0.0037 road=0.0048
[ROMA step  925,630,464] sps= 53,356  policy_loss=-0.0041  value_loss=0.0636  mi_loss=0.0001  mi_valid=0.72  div_loss=-0.0000  kl_loss=0.0000 (disabled)  score=0.892  return=0.830  role_std=1.0700  role_norm=2.3264  enc_delta ego=0.0043 partner=0.0032 road=0.0056
[ROMA step  926,416,896] sps= 53,369  policy_loss=-0.0024  value_loss=0.0485  mi_loss=0.0001  mi_valid=0.75  div_loss=-0.0000  kl_loss=0.0000 (disabled)  score=0.893  return=0.831  role_std=1.0503  role_norm=2.1880  enc_delta ego=0.0043 partner=0.0042 road=0.0056
[ROMA step  927,203,328] sps= 53,384  policy_loss=0.0023  value_loss=0.0572  mi_loss=0.0001  mi_valid=0.75  div_loss=0.0001  kl_loss=0.0000 (disabled)  score=0.894  return=0.832  role_std=1.0237  role_norm=2.1546  enc_delta ego=0.0041 partner=0.0036 road=0.0052
[ROMA step  927,989,760] sps= 53,394  policy_loss=0.0012  value_loss=0.0552  mi_loss=0.0001  mi_valid=0.74  div_loss=0.0000  kl_loss=0.0000 (disabled)  score=0.896  return=0.834  role_std=1.0071  role_norm=2.1588  enc_delta ego=0.0041 partner=0.0038 road=0.0050
[ROMA step  928,776,192] sps= 53,354  policy_loss=0.0028  value_loss=0.0880  mi_loss=0.0001  mi_valid=0.72  div_loss=0.0004  kl_loss=0.0000 (disabled)  score=0.898  return=0.836  role_std=1.0323  role_norm=2.2515  enc_delta ego=0.0045 partner=0.0057 road=0.0067
[ROMA step  929,562,624] sps= 53,368  policy_loss=0.0030  value_loss=0.0649  mi_loss=0.0001  mi_valid=0.74  div_loss=0.0000  kl_loss=0.0000 (disabled)  score=0.899  return=0.837  role_std=1.0169  role_norm=2.1908  enc_delta ego=0.0075 partner=0.0050 road=0.0055
[ROMA step  930,349,056] sps= 53,382  policy_loss=-0.0036  value_loss=0.0547  mi_loss=0.0001  mi_valid=0.74  div_loss=0.0005  kl_loss=0.0000 (disabled)  score=0.900  return=0.838  role_std=1.0233  role_norm=2.1790  enc_delta ego=0.0048 partner=0.0046 road=0.0054
[ROMA step  931,135,488] sps= 53,334  policy_loss=-0.0027  value_loss=0.0684  mi_loss=0.0001  mi_valid=0.74  div_loss=0.0001  kl_loss=0.0000 (disabled)  score=0.901  return=0.839  role_std=1.0042  role_norm=2.0905  enc_delta ego=0.0049 partner=0.0040 road=0.0050
[ROMA step  931,921,920] sps= 53,347  policy_loss=-0.0088  value_loss=0.0531  mi_loss=0.0001  mi_valid=0.74  div_loss=0.0010  kl_loss=0.0000 (disabled)  score=0.901  return=0.840  role_std=1.0135  role_norm=2.1734  enc_delta ego=0.0042 partner=0.0043 road=0.0051
[ROMA step  932,708,352] sps= 53,361  policy_loss=-0.0043  value_loss=0.0605  mi_loss=0.0001  mi_valid=0.74  div_loss=0.0000  kl_loss=0.0000 (disabled)  score=0.901  return=0.841  role_std=1.0450  role_norm=2.2475  enc_delta ego=0.0040 partner=0.0046 road=0.0048
[ROMA step  933,494,784] sps= 53,374  policy_loss=-0.0044  value_loss=0.0622  mi_loss=0.0001  mi_valid=0.74  div_loss=-0.0000  kl_loss=0.0000 (disabled)  score=0.902  return=0.842  role_std=1.0368  role_norm=2.2415  enc_delta ego=0.0040 partner=0.0045 road=0.0053
[ROMA step  934,281,216] sps= 53,322  policy_loss=0.0034  value_loss=0.0662  mi_loss=0.0001  mi_valid=0.72  div_loss=0.0000  kl_loss=0.0000 (disabled)  score=0.902  return=0.842  role_std=1.1227  role_norm=2.3729  enc_delta ego=0.0038 partner=0.0042 road=0.0051
[ROMA step  935,067,648] sps= 53,336  policy_loss=-0.0087  value_loss=0.0429  mi_loss=0.0001  mi_valid=0.76  div_loss=0.0000  kl_loss=0.0000 (disabled)  score=0.902  return=0.843  role_std=1.0536  role_norm=2.2300  enc_delta ego=0.0043 partner=0.0043 road=0.0056
[ROMA step  935,854,080] sps= 53,349  policy_loss=-0.0049  value_loss=0.0520  mi_loss=0.0001  mi_valid=0.75  div_loss=0.0001  kl_loss=0.0000 (disabled)  score=0.903  return=0.843  role_std=1.0368  role_norm=2.1902  enc_delta ego=0.0039 partner=0.0042 road=0.0051
[ROMA step  936,640,512] sps= 53,309  policy_loss=-0.0069  value_loss=0.0566  mi_loss=0.0001  mi_valid=0.73  div_loss=0.0000  kl_loss=0.0000 (disabled)  score=0.903  return=0.845  role_std=0.9754  role_norm=2.1765  enc_delta ego=0.0035 partner=0.0042 road=0.0051
[ROMA step  937,426,944] sps= 53,323  policy_loss=-0.0003  value_loss=0.0539  mi_loss=0.0001  mi_valid=0.74  div_loss=-0.0000  kl_loss=0.0000 (disabled)  score=0.904  return=0.847  role_std=1.0112  role_norm=2.1597  enc_delta ego=0.0038 partner=0.0043 road=0.0049
[ROMA step  938,213,376] sps= 53,336  policy_loss=-0.0096  value_loss=0.0403  mi_loss=0.0001  mi_valid=0.74  div_loss=0.0001  kl_loss=0.0000 (disabled)  score=0.906  return=0.850  role_std=0.9951  role_norm=2.1248  enc_delta ego=0.0034 partner=0.0038 road=0.0045
[ROMA step  938,999,808] sps= 53,350  policy_loss=0.0000  value_loss=0.0461  mi_loss=0.0001  mi_valid=0.75  div_loss=0.0000  kl_loss=0.0000 (disabled)  score=0.908  return=0.853  role_std=1.0412  role_norm=2.1699  enc_delta ego=0.0036 partner=0.0040 road=0.0042
[ROMA step  939,786,240] sps= 53,312  policy_loss=-0.0037  value_loss=0.0633  mi_loss=0.0001  mi_valid=0.74  div_loss=0.0004  kl_loss=0.0000 (disabled)  score=0.909  return=0.856  role_std=1.0195  role_norm=2.1746  enc_delta ego=0.0049 partner=0.0039 road=0.0063
[ROMA step  940,572,672] sps= 53,326  policy_loss=-0.0068  value_loss=0.0498  mi_loss=0.0001  mi_valid=0.74  div_loss=-0.0000  kl_loss=0.0000 (disabled)  score=0.911  return=0.858  role_std=1.0579  role_norm=2.2202  enc_delta ego=0.0043 partner=0.0041 road=0.0064
[ROMA step  941,359,104] sps= 53,340  policy_loss=-0.0079  value_loss=0.0439  mi_loss=0.0001  mi_valid=0.74  div_loss=0.0002  kl_loss=0.0000 (disabled)  score=0.912  return=0.860  role_std=1.0774  role_norm=2.2534  enc_delta ego=0.0044 partner=0.0035 road=0.0049
[ROMA step  942,145,536] sps= 53,293  policy_loss=-0.0058  value_loss=0.0478  mi_loss=0.0001  mi_valid=0.72  div_loss=0.0001  kl_loss=0.0000 (disabled)  score=0.913  return=0.862  role_std=1.0594  role_norm=2.2686  enc_delta ego=0.0043 partner=0.0041 road=0.0054
[ROMA step  942,931,968] sps= 53,307  policy_loss=-0.0071  value_loss=0.0516  mi_loss=0.0001  mi_valid=0.75  div_loss=0.0001  kl_loss=0.0000 (disabled)  score=0.914  return=0.864  role_std=1.0540  role_norm=2.2628  enc_delta ego=0.0058 partner=0.0042 road=0.0063
[ROMA step  943,718,400] sps= 53,321  policy_loss=-0.0037  value_loss=0.0476  mi_loss=0.0001  mi_valid=0.75  div_loss=0.0002  kl_loss=0.0000 (disabled)  score=0.914  return=0.866  role_std=1.0495  role_norm=2.2467  enc_delta ego=0.0062 partner=0.0035 road=0.0058
[ROMA step  944,504,832] sps= 53,335  policy_loss=-0.0002  value_loss=0.0494  mi_loss=0.0001  mi_valid=0.74  div_loss=0.0000  kl_loss=0.0000 (disabled)  score=0.917  return=0.870  role_std=1.0335  role_norm=2.2230  enc_delta ego=0.0042 partner=0.0040 road=0.0047
[ROMA step  945,291,264] sps= 53,280  policy_loss=-0.0029  value_loss=0.0569  mi_loss=0.0001  mi_valid=0.72  div_loss=0.0000  kl_loss=0.0000 (disabled)  score=0.919  return=0.873  role_std=1.0149  role_norm=2.1921  enc_delta ego=0.0044 partner=0.0043 road=0.0055
[ROMA step  946,077,696] sps= 53,294  policy_loss=-0.0046  value_loss=0.0562  mi_loss=0.0001  mi_valid=0.74  div_loss=0.0000  kl_loss=0.0000 (disabled)  score=0.921  return=0.878  role_std=1.0070  role_norm=2.1697  enc_delta ego=0.0040 partner=0.0043 road=0.0047
[ROMA step  946,864,128] sps= 53,308  policy_loss=-0.0011  value_loss=0.0553  mi_loss=0.0001  mi_valid=0.74  div_loss=0.0002  kl_loss=0.0000 (disabled)  score=0.923  return=0.881  role_std=1.0474  role_norm=2.2098  enc_delta ego=0.0049 partner=0.0041 road=0.0044
[ROMA step  947,650,560] sps= 53,321  policy_loss=-0.0057  value_loss=0.0498  mi_loss=0.0001  mi_valid=0.75  div_loss=0.0000  kl_loss=0.0000 (disabled)  score=0.924  return=0.883  role_std=1.0611  role_norm=2.1987  enc_delta ego=0.0033 partner=0.0042 road=0.0041
[ROMA step  948,436,992] sps= 53,274  policy_loss=0.0011  value_loss=0.0634  mi_loss=0.0001  mi_valid=0.73  div_loss=0.0000  kl_loss=0.0000 (disabled)  score=0.924  return=0.884  role_std=1.0582  role_norm=2.1625  enc_delta ego=0.0045 partner=0.0039 road=0.0063
[ROMA step  949,223,424] sps= 53,288  policy_loss=-0.0014  value_loss=0.0518  mi_loss=0.0001  mi_valid=0.73  div_loss=0.0002  kl_loss=0.0000 (disabled)  score=0.925  return=0.885  role_std=1.0585  role_norm=2.1896  enc_delta ego=0.0038 partner=0.0036 road=0.0055
[ROMA step  950,009,856] sps= 53,301  policy_loss=-0.0049  value_loss=0.0449  mi_loss=0.0001  mi_valid=0.73  div_loss=0.0000  kl_loss=0.0000 (disabled)  score=0.925  return=0.888  role_std=1.0682  role_norm=2.2490  enc_delta ego=0.0049 partner=0.0038 road=0.0058
[ROMA step  950,796,288] sps= 53,241  policy_loss=0.0050  value_loss=0.0582  mi_loss=0.0001  mi_valid=0.72  div_loss=0.0001  kl_loss=0.0000 (disabled)  score=0.926  return=0.889  role_std=1.0299  role_norm=2.2464  enc_delta ego=0.0033 partner=0.0043 road=0.0054
[ROMA step  951,582,720] sps= 53,254  policy_loss=-0.0021  value_loss=0.0560  mi_loss=0.0001  mi_valid=0.75  div_loss=0.0000  kl_loss=0.0000 (disabled)  score=0.926  return=0.890  role_std=0.9941  role_norm=2.1129  enc_delta ego=0.0038 partner=0.0054 road=0.0064
[ROMA step  952,369,152] sps= 53,268  policy_loss=0.0045  value_loss=0.0622  mi_loss=0.0001  mi_valid=0.75  div_loss=0.0000  kl_loss=0.0000 (disabled)  score=0.926  return=0.891  role_std=1.0014  role_norm=2.1282  enc_delta ego=0.0035 partner=0.0047 road=0.0054
[ROMA step  953,155,584] sps= 53,281  policy_loss=-0.0087  value_loss=0.0472  mi_loss=0.0001  mi_valid=0.74  div_loss=0.0000  kl_loss=0.0000 (disabled)  score=0.926  return=0.892  role_std=0.9926  role_norm=2.1480  enc_delta ego=0.0033 partner=0.0041 road=0.0040
[ROMA step  953,942,016] sps= 53,231  policy_loss=-0.0051  value_loss=0.0737  mi_loss=0.0001  mi_valid=0.71  div_loss=0.0000  kl_loss=0.0000 (disabled)  score=0.928  return=0.894  role_std=1.0109  role_norm=2.1847  enc_delta ego=0.0074 partner=0.0060 road=0.0080
[ROMA step  954,728,448] sps= 53,245  policy_loss=-0.0043  value_loss=0.0540  mi_loss=0.0001  mi_valid=0.74  div_loss=0.0000  kl_loss=0.0000 (disabled)  score=0.927  return=0.893  role_std=1.0843  role_norm=2.2337  enc_delta ego=0.0065 partner=0.0050 road=0.0067
[ROMA step  955,514,880] sps= 53,258  policy_loss=-0.0027  value_loss=0.0541  mi_loss=0.0001  mi_valid=0.74  div_loss=0.0001  kl_loss=0.0000 (disabled)  score=0.927  return=0.893  role_std=1.0852  role_norm=2.2620  enc_delta ego=0.0068 partner=0.0048 road=0.0061
[ROMA step  956,301,312] sps= 53,182  policy_loss=0.0008  value_loss=0.0642  mi_loss=0.0001  mi_valid=0.73  div_loss=0.0000  kl_loss=0.0000 (disabled)  score=0.927  return=0.892  role_std=1.0079  role_norm=2.1093  enc_delta ego=0.0057 partner=0.0046 road=0.0061
[ROMA step  957,087,744] sps= 53,196  policy_loss=-0.0042  value_loss=0.0529  mi_loss=0.0001  mi_valid=0.75  div_loss=0.0000  kl_loss=0.0000 (disabled)  score=0.926  return=0.891  role_std=1.0242  role_norm=2.2108  enc_delta ego=0.0032 partner=0.0045 road=0.0056
[ROMA step  957,874,176] sps= 53,210  policy_loss=0.0003  value_loss=0.0474  mi_loss=0.0001  mi_valid=0.75  div_loss=0.0000  kl_loss=0.0000 (disabled)  score=0.926  return=0.890  role_std=1.0014  role_norm=2.1990  enc_delta ego=0.0037 partner=0.0043 road=0.0061
[ROMA step  958,660,608] sps= 53,223  policy_loss=0.0056  value_loss=0.0588  mi_loss=0.0001  mi_valid=0.75  div_loss=0.0000  kl_loss=0.0000 (disabled)  score=0.926  return=0.889  role_std=0.9987  role_norm=2.1747  enc_delta ego=0.0041 partner=0.0048 road=0.0059
[ROMA step  959,447,040] sps= 53,168  policy_loss=-0.0032  value_loss=0.0567  mi_loss=0.0001  mi_valid=0.72  div_loss=0.0000  kl_loss=0.0000 (disabled)  score=0.926  return=0.889  role_std=1.0484  role_norm=2.1973  enc_delta ego=0.0036 partner=0.0037 road=0.0050
[ROMA step  960,233,472] sps= 53,181  policy_loss=0.0060  value_loss=0.0554  mi_loss=0.0001  mi_valid=0.75  div_loss=0.0013  kl_loss=0.0000 (disabled)  score=0.926  return=0.890  role_std=1.0313  role_norm=2.1852  enc_delta ego=0.0041 partner=0.0037 road=0.0051
[ROMA step  961,019,904] sps= 53,194  policy_loss=-0.0047  value_loss=0.0457  mi_loss=0.0001  mi_valid=0.75  div_loss=0.0003  kl_loss=0.0000 (disabled)  score=0.926  return=0.891  role_std=1.0358  role_norm=2.1989  enc_delta ego=0.0033 partner=0.0031 road=0.0046
[ROMA step  961,806,336] sps= 53,151  policy_loss=-0.0023  value_loss=0.0598  mi_loss=0.0001  mi_valid=0.73  div_loss=0.0001  kl_loss=0.0000 (disabled)  score=0.927  return=0.892  role_std=1.0217  role_norm=2.2431  enc_delta ego=0.0033 partner=0.0040 road=0.0042
[ROMA step  962,592,768] sps= 53,165  policy_loss=0.0052  value_loss=0.0713  mi_loss=0.0001  mi_valid=0.75  div_loss=0.0000  kl_loss=0.0000 (disabled)  score=0.926  return=0.889  role_std=1.0608  role_norm=2.2716  enc_delta ego=0.0045 partner=0.0050 road=0.0064
[ROMA step  963,379,200] sps= 53,179  policy_loss=-0.0019  value_loss=0.0612  mi_loss=0.0001  mi_valid=0.75  div_loss=0.0005  kl_loss=0.0000 (disabled)  score=0.925  return=0.887  role_std=1.0515  role_norm=2.2323  enc_delta ego=0.0038 partner=0.0043 road=0.0050
[ROMA step  964,165,632] sps= 53,192  policy_loss=-0.0040  value_loss=0.0702  mi_loss=0.0001  mi_valid=0.75  div_loss=0.0012  kl_loss=0.0000 (disabled)  score=0.924  return=0.885  role_std=1.0454  role_norm=2.2248  enc_delta ego=0.0042 partner=0.0049 road=0.0056
[ROMA step  964,952,064] sps= 53,136  policy_loss=-0.0016  value_loss=0.0728  mi_loss=0.0001  mi_valid=0.74  div_loss=0.0002  kl_loss=0.0000 (disabled)  score=0.924  return=0.885  role_std=0.9827  role_norm=2.0780  enc_delta ego=0.0033 partner=0.0048 road=0.0063
[ROMA step  965,738,496] sps= 53,149  policy_loss=0.0074  value_loss=0.0691  mi_loss=0.0001  mi_valid=0.74  div_loss=0.0005  kl_loss=0.0000 (disabled)  score=0.924  return=0.884  role_std=0.9802  role_norm=2.1410  enc_delta ego=0.0050 partner=0.0047 road=0.0060
[ROMA step  966,524,928] sps= 53,163  policy_loss=-0.0055  value_loss=0.0601  mi_loss=0.0001  mi_valid=0.75  div_loss=0.0001  kl_loss=0.0000 (disabled)  score=0.923  return=0.883  role_std=0.9897  role_norm=2.1275  enc_delta ego=0.0043 partner=0.0044 road=0.0051
[ROMA step  967,311,360] sps= 53,117  policy_loss=0.0002  value_loss=0.0518  mi_loss=0.0001  mi_valid=0.73  div_loss=0.0000  kl_loss=0.0000 (disabled)  score=0.922  return=0.881  role_std=1.0258  role_norm=2.1970  enc_delta ego=0.0054 partner=0.0042 road=0.0052
[ROMA step  968,097,792] sps= 53,130  policy_loss=0.0011  value_loss=0.0567  mi_loss=0.0001  mi_valid=0.75  div_loss=0.0002  kl_loss=0.0000 (disabled)  score=0.921  return=0.880  role_std=1.0280  role_norm=2.1923  enc_delta ego=0.0038 partner=0.0045 road=0.0059
[ROMA step  968,884,224] sps= 53,144  policy_loss=-0.0030  value_loss=0.0573  mi_loss=0.0001  mi_valid=0.75  div_loss=-0.0000  kl_loss=0.0000 (disabled)  score=0.921  return=0.880  role_std=0.9737  role_norm=2.0362  enc_delta ego=0.0030 partner=0.0049 road=0.0054
[ROMA step  969,670,656] sps= 53,157  policy_loss=-0.0009  value_loss=0.0592  mi_loss=0.0001  mi_valid=0.74  div_loss=0.0008  kl_loss=0.0000 (disabled)  score=0.921  return=0.879  role_std=0.9872  role_norm=2.0645  enc_delta ego=0.0033 partner=0.0037 road=0.0046
[ROMA step  970,457,088] sps= 53,111  policy_loss=-0.0025  value_loss=0.0654  mi_loss=0.0001  mi_valid=0.72  div_loss=-0.0000  kl_loss=0.0000 (disabled)  score=0.921  return=0.880  role_std=0.9812  role_norm=2.1107  enc_delta ego=0.0035 partner=0.0036 road=0.0049
[ROMA step  971,243,520] sps= 53,124  policy_loss=-0.0017  value_loss=0.0527  mi_loss=0.0001  mi_valid=0.74  div_loss=0.0000  kl_loss=0.0000 (disabled)  score=0.921  return=0.881  role_std=0.9823  role_norm=2.1335  enc_delta ego=0.0041 partner=0.0037 road=0.0050
[ROMA step  972,029,952] sps= 53,137  policy_loss=0.0004  value_loss=0.0578  mi_loss=0.0001  mi_valid=0.74  div_loss=0.0000  kl_loss=0.0000 (disabled)  score=0.921  return=0.881  role_std=0.9965  role_norm=2.1310  enc_delta ego=0.0036 partner=0.0033 road=0.0046
[ROMA step  972,816,384] sps= 53,150  policy_loss=0.0062  value_loss=0.0635  mi_loss=0.0001  mi_valid=0.74  div_loss=0.0002  kl_loss=0.0000 (disabled)  score=0.921  return=0.881  role_std=1.0548  role_norm=2.2134  enc_delta ego=0.0037 partner=0.0039 road=0.0050
[ROMA step  973,602,816] sps= 53,101  policy_loss=-0.0040  value_loss=0.0624  mi_loss=0.0001  mi_valid=0.73  div_loss=0.0000  kl_loss=0.0000 (disabled)  score=0.921  return=0.881  role_std=0.9535  role_norm=2.0290  enc_delta ego=0.0047 partner=0.0041 road=0.0060
[ROMA step  974,389,248] sps= 53,115  policy_loss=0.0019  value_loss=0.0506  mi_loss=0.0001  mi_valid=0.74  div_loss=0.0001  kl_loss=0.0000 (disabled)  score=0.922  return=0.882  role_std=0.9715  role_norm=2.0638  enc_delta ego=0.0034 partner=0.0043 road=0.0051
[ROMA step  975,175,680] sps= 53,128  policy_loss=-0.0051  value_loss=0.0539  mi_loss=0.0001  mi_valid=0.74  div_loss=0.0001  kl_loss=0.0000 (disabled)  score=0.922  return=0.882  role_std=0.9885  role_norm=2.1207  enc_delta ego=0.0036 partner=0.0045 road=0.0053
[ROMA step  975,962,112] sps= 53,086  policy_loss=-0.0060  value_loss=0.0562  mi_loss=0.0001  mi_valid=0.72  div_loss=0.0001  kl_loss=0.0000 (disabled)  score=0.922  return=0.881  role_std=1.0121  role_norm=2.1509  enc_delta ego=0.0034 partner=0.0036 road=0.0057
[ROMA step  976,748,544] sps= 53,099  policy_loss=0.0013  value_loss=0.0627  mi_loss=0.0001  mi_valid=0.74  div_loss=0.0000  kl_loss=0.0000 (disabled)  score=0.923  return=0.882  role_std=1.0428  role_norm=2.1749  enc_delta ego=0.0041 partner=0.0043 road=0.0054
[ROMA step  977,534,976] sps= 53,113  policy_loss=-0.0053  value_loss=0.0559  mi_loss=0.0001  mi_valid=0.74  div_loss=0.0000  kl_loss=0.0000 (disabled)  score=0.922  return=0.881  role_std=1.0029  role_norm=2.0977  enc_delta ego=0.0054 partner=0.0043 road=0.0064
[ROMA step  978,321,408] sps= 53,126  policy_loss=-0.0070  value_loss=0.0508  mi_loss=0.0001  mi_valid=0.73  div_loss=0.0002  kl_loss=0.0000 (disabled)  score=0.922  return=0.881  role_std=0.9935  role_norm=2.1053  enc_delta ego=0.0048 partner=0.0047 road=0.0054
[ROMA step  979,107,840] sps= 53,092  policy_loss=0.0002  value_loss=0.0719  mi_loss=0.0001  mi_valid=0.73  div_loss=0.0002  kl_loss=0.0000 (disabled)  score=0.922  return=0.880  role_std=0.9373  role_norm=2.0694  enc_delta ego=0.0048 partner=0.0048 road=0.0071
[ROMA step  979,894,272] sps= 53,105  policy_loss=-0.0009  value_loss=0.0590  mi_loss=0.0001  mi_valid=0.75  div_loss=0.0002  kl_loss=0.0000 (disabled)  score=0.922  return=0.880  role_std=0.9317  role_norm=2.0086  enc_delta ego=0.0047 partner=0.0040 road=0.0059
[ROMA step  980,680,704] sps= 53,119  policy_loss=-0.0052  value_loss=0.0567  mi_loss=0.0001  mi_valid=0.75  div_loss=0.0000  kl_loss=0.0000 (disabled)  score=0.922  return=0.880  role_std=0.9630  role_norm=2.0826  enc_delta ego=0.0050 partner=0.0046 road=0.0069
[ROMA step  981,467,136] sps= 53,064  policy_loss=-0.0000  value_loss=0.0700  mi_loss=0.0001  mi_valid=0.74  div_loss=0.0008  kl_loss=0.0000 (disabled)  score=0.921  return=0.880  role_std=1.0125  role_norm=2.0861  enc_delta ego=0.0035 partner=0.0043 road=0.0053
[ROMA step  982,253,568] sps= 53,078  policy_loss=-0.0017  value_loss=0.0514  mi_loss=0.0001  mi_valid=0.73  div_loss=0.0002  kl_loss=0.0000 (disabled)  score=0.923  return=0.882  role_std=1.0083  role_norm=2.1389  enc_delta ego=0.0047 partner=0.0054 road=0.0054
[ROMA step  983,040,000] sps= 53,091  policy_loss=0.0024  value_loss=0.0543  mi_loss=0.0001  mi_valid=0.73  div_loss=-0.0000  kl_loss=0.0000 (disabled)  score=0.924  return=0.884  role_std=1.0098  role_norm=2.1206  enc_delta ego=0.0041 partner=0.0045 road=0.0051
[ROMA step  983,826,432] sps= 53,104  policy_loss=0.0063  value_loss=0.0503  mi_loss=0.0001  mi_valid=0.73  div_loss=0.0000  kl_loss=0.0000 (disabled)  score=0.925  return=0.886  role_std=1.0108  role_norm=2.1573  enc_delta ego=0.0034 partner=0.0044 road=0.0045
[ROMA step  984,612,864] sps= 53,072  policy_loss=0.0070  value_loss=0.0644  mi_loss=0.0001  mi_valid=0.73  div_loss=0.0004  kl_loss=0.0000 (disabled)  score=0.924  return=0.886  role_std=1.0226  role_norm=2.1368  enc_delta ego=0.0073 partner=0.0040 road=0.0057
[ROMA step  985,399,296] sps= 53,085  policy_loss=-0.0044  value_loss=0.0449  mi_loss=0.0001  mi_valid=0.76  div_loss=0.0006  kl_loss=0.0000 (disabled)  score=0.923  return=0.884  role_std=0.9636  role_norm=2.0054  enc_delta ego=0.0037 partner=0.0037 road=0.0048
[ROMA step  986,185,728] sps= 53,099  policy_loss=-0.0029  value_loss=0.0385  mi_loss=0.0001  mi_valid=0.76  div_loss=0.0001  kl_loss=0.0000 (disabled)  score=0.923  return=0.884  role_std=0.9723  role_norm=2.0308  enc_delta ego=0.0031 partner=0.0031 road=0.0043
[ROMA step  986,972,160] sps= 53,062  policy_loss=-0.0016  value_loss=0.0564  mi_loss=0.0001  mi_valid=0.73  div_loss=0.0001  kl_loss=0.0000 (disabled)  score=0.922  return=0.884  role_std=0.9654  role_norm=2.1522  enc_delta ego=0.0031 partner=0.0035 road=0.0048
[ROMA step  987,758,592] sps= 53,075  policy_loss=-0.0046  value_loss=0.0583  mi_loss=0.0001  mi_valid=0.75  div_loss=0.0000  kl_loss=0.0000 (disabled)  score=0.922  return=0.882  role_std=1.0374  role_norm=2.2383  enc_delta ego=0.0046 partner=0.0045 road=0.0060
[ROMA step  988,545,024] sps= 53,087  policy_loss=-0.0016  value_loss=0.0545  mi_loss=0.0001  mi_valid=0.75  div_loss=0.0002  kl_loss=0.0000 (disabled)  score=0.922  return=0.882  role_std=1.0439  role_norm=2.2348  enc_delta ego=0.0051 partner=0.0038 road=0.0049
[ROMA step  989,331,456] sps= 53,100  policy_loss=-0.0068  value_loss=0.0466  mi_loss=0.0001  mi_valid=0.75  div_loss=0.0003  kl_loss=0.0000 (disabled)  score=0.922  return=0.883  role_std=1.0906  role_norm=2.3019  enc_delta ego=0.0036 partner=0.0037 road=0.0046
[ROMA step  990,117,888] sps= 53,059  policy_loss=0.0045  value_loss=0.0758  mi_loss=0.0001  mi_valid=0.75  div_loss=0.0002  kl_loss=0.0000 (disabled)  score=0.922  return=0.884  role_std=1.0340  role_norm=2.1426  enc_delta ego=0.0034 partner=0.0040 road=0.0047
[ROMA step  990,904,320] sps= 53,072  policy_loss=0.0006  value_loss=0.0467  mi_loss=0.0001  mi_valid=0.76  div_loss=0.0000  kl_loss=0.0000 (disabled)  score=0.921  return=0.883  role_std=0.9893  role_norm=2.1621  enc_delta ego=0.0035 partner=0.0048 road=0.0056
[ROMA step  991,690,752] sps= 53,085  policy_loss=-0.0070  value_loss=0.0461  mi_loss=0.0001  mi_valid=0.76  div_loss=0.0000  kl_loss=0.0000 (disabled)  score=0.921  return=0.883  role_std=0.9733  role_norm=2.1592  enc_delta ego=0.0037 partner=0.0033 road=0.0047
[ROMA step  992,477,184] sps= 53,045  policy_loss=0.0001  value_loss=0.0665  mi_loss=0.0001  mi_valid=0.73  div_loss=0.0002  kl_loss=0.0000 (disabled)  score=0.922  return=0.884  role_std=1.0249  role_norm=2.2585  enc_delta ego=0.0047 partner=0.0043 road=0.0046
[ROMA step  993,263,616] sps= 53,059  policy_loss=0.0085  value_loss=0.0559  mi_loss=0.0001  mi_valid=0.74  div_loss=0.0001  kl_loss=0.0000 (disabled)  score=0.923  return=0.885  role_std=1.0514  role_norm=2.2381  enc_delta ego=0.0056 partner=0.0051 road=0.0058
[ROMA step  994,050,048] sps= 53,072  policy_loss=-0.0041  value_loss=0.0511  mi_loss=0.0001  mi_valid=0.75  div_loss=0.0001  kl_loss=0.0000 (disabled)  score=0.923  return=0.885  role_std=1.0196  role_norm=2.1447  enc_delta ego=0.0050 partner=0.0053 road=0.0051
[ROMA step  994,836,480] sps= 53,085  policy_loss=-0.0012  value_loss=0.0480  mi_loss=0.0001  mi_valid=0.74  div_loss=0.0001  kl_loss=0.0000 (disabled)  score=0.924  return=0.886  role_std=1.0138  role_norm=2.1238  enc_delta ego=0.0044 partner=0.0055 road=0.0051
[ROMA step  995,622,912] sps= 53,032  policy_loss=-0.0010  value_loss=0.0627  mi_loss=0.0001  mi_valid=0.72  div_loss=0.0001  kl_loss=0.0000 (disabled)  score=0.924  return=0.886  role_std=0.9710  role_norm=2.1043  enc_delta ego=0.0035 partner=0.0047 road=0.0055
[ROMA step  996,409,344] sps= 53,046  policy_loss=-0.0004  value_loss=0.0597  mi_loss=0.0001  mi_valid=0.74  div_loss=0.0001  kl_loss=0.0000 (disabled)  score=0.924  return=0.886  role_std=0.9892  role_norm=2.1206  enc_delta ego=0.0041 partner=0.0047 road=0.0054
[ROMA step  997,195,776] sps= 53,059  policy_loss=-0.0002  value_loss=0.0493  mi_loss=0.0001  mi_valid=0.74  div_loss=0.0002  kl_loss=0.0000 (disabled)  score=0.924  return=0.886  role_std=1.0351  role_norm=2.1752  enc_delta ego=0.0032 partner=0.0047 road=0.0046
[ROMA step  997,982,208] sps= 53,073  policy_loss=-0.0054  value_loss=0.0481  mi_loss=0.0001  mi_valid=0.75  div_loss=0.0001  kl_loss=0.0000 (disabled)  score=0.924  return=0.886  role_std=1.0420  role_norm=2.1882  enc_delta ego=0.0031 partner=0.0042 road=0.0048
[ROMA step  998,768,640] sps= 53,026  policy_loss=-0.0045  value_loss=0.0651  mi_loss=0.0001  mi_valid=0.74  div_loss=0.0000  kl_loss=0.0000 (disabled)  score=0.923  return=0.885  role_std=0.9607  role_norm=2.0650  enc_delta ego=0.0049 partner=0.0056 road=0.0068
[ROMA step  999,555,072] sps= 53,039  policy_loss=0.0013  value_loss=0.0597  mi_loss=0.0001  mi_valid=0.75  div_loss=0.0000  kl_loss=0.0000 (disabled)  score=0.923  return=0.885  role_std=0.9707  role_norm=2.1129  enc_delta ego=0.0035 partner=0.0045 road=0.0049
[ROMA step 1,000,341,504] sps= 53,053  policy_loss=0.0012  value_loss=0.0489  mi_loss=0.0001  mi_valid=0.75  div_loss=0.0003  kl_loss=0.0000 (disabled)  score=0.923  return=0.884  role_std=0.9857  role_norm=2.1535  enc_delta ego=0.0029 partner=0.0038 road=0.0049
[ROMA] Saved -> /scratch/e452103/checkpoints/roma_mifutagent_dim4_H8_r16p64_ep_film/roma_dim4_step1000341504.pt
[ROMA] Periodic WOSAC eval at step 1,000,341,504 ...

WOSAC realism metrics (32 rollouts, up to 10 batches, step 1,000,341,504)...
  Batch 10/10 | scenarios: 1195 | realism: 0.6512

  Scenarios evaluated       : 1195
  Realism meta-score        : 0.6512
  Kinematic metrics         : 0.2896
  Interactive metrics       : 0.6292
  Map-based metrics         : 0.7532
  minADE (m)                : 5.2216
  likelihood_offroad        : 0.8840
  likelihood_dist_road_edge : 0.6227
  likelihood_collision      : 0.8078
  likelihood_dist_obj       : 0.2923
  likelihood_ttc            : 0.7872
  likelihood_linear_speed   : 0.2114
  likelihood_linear_accel   : 0.3102
  likelihood_angular_speed  : 0.3015
  likelihood_angular_accel  : 0.3369
[ROMA step 1,001,127,936] sps= 51,349  policy_loss=-0.0010  value_loss=0.0434  mi_loss=0.0001  mi_valid=0.72  div_loss=0.0000  kl_loss=0.0000 (disabled)  score=0.922  return=0.884  role_std=1.0122  role_norm=2.1886  enc_delta ego=0.0027 partner=0.0032 road=0.0043
[ROMA step 1,001,914,368] sps= 51,363  policy_loss=-0.0068  value_loss=0.0481  mi_loss=0.0001  mi_valid=0.74  div_loss=0.0002  kl_loss=0.0000 (disabled)  score=0.922  return=0.885  role_std=0.9991  role_norm=2.1344  enc_delta ego=0.0032 partner=0.0046 road=0.0041
[ROMA step 1,002,700,800] sps= 51,376  policy_loss=-0.0047  value_loss=0.0487  mi_loss=0.0001  mi_valid=0.75  div_loss=0.0001  kl_loss=0.0000 (disabled)  score=0.922  return=0.885  role_std=0.9891  role_norm=2.1057  enc_delta ego=0.0035 partner=0.0049 road=0.0051
[ROMA step 1,003,487,232] sps= 51,390  policy_loss=0.0016  value_loss=0.0464  mi_loss=0.0001  mi_valid=0.74  div_loss=0.0001  kl_loss=0.0000 (disabled)  score=0.922  return=0.885  role_std=0.9824  role_norm=2.1085  enc_delta ego=0.0033 partner=0.0044 road=0.0047
[ROMA step 1,004,273,664] sps= 51,352  policy_loss=0.0084  value_loss=0.0643  mi_loss=0.0001  mi_valid=0.72  div_loss=0.0002  kl_loss=0.0000 (disabled)  score=0.922  return=0.886  role_std=1.0041  role_norm=2.1938  enc_delta ego=0.0037 partner=0.0040 road=0.0057
[ROMA step 1,005,060,096] sps= 51,366  policy_loss=-0.0014  value_loss=0.0454  mi_loss=0.0001  mi_valid=0.74  div_loss=0.0003  kl_loss=0.0000 (disabled)  score=0.921  return=0.886  role_std=1.0208  role_norm=2.2065  enc_delta ego=0.0034 partner=0.0035 road=0.0048
[ROMA step 1,005,846,528] sps= 51,379  policy_loss=-0.0004  value_loss=0.0494  mi_loss=0.0001  mi_valid=0.74  div_loss=0.0001  kl_loss=0.0000 (disabled)  score=0.922  return=0.888  role_std=1.0340  role_norm=2.2178  enc_delta ego=0.0036 partner=0.0032 road=0.0054
[ROMA step 1,006,632,960] sps= 51,343  policy_loss=-0.0064  value_loss=0.0473  mi_loss=0.0001  mi_valid=0.73  div_loss=0.0001  kl_loss=0.0000 (disabled)  score=0.922  return=0.889  role_std=1.0425  role_norm=2.1742  enc_delta ego=0.0032 partner=0.0034 road=0.0050
[ROMA step 1,007,419,392] sps= 51,357  policy_loss=-0.0044  value_loss=0.0461  mi_loss=0.0001  mi_valid=0.74  div_loss=0.0002  kl_loss=0.0000 (disabled)  score=0.922  return=0.890  role_std=1.0414  role_norm=2.2320  enc_delta ego=0.0040 partner=0.0036 road=0.0051
[ROMA step 1,008,205,824] sps= 51,370  policy_loss=-0.0069  value_loss=0.0452  mi_loss=0.0001  mi_valid=0.74  div_loss=0.0002  kl_loss=0.0000 (disabled)  score=0.921  return=0.889  role_std=1.0391  role_norm=2.2393  enc_delta ego=0.0038 partner=0.0044 road=0.0058
[ROMA step 1,008,992,256] sps= 51,383  policy_loss=0.0058  value_loss=0.0454  mi_loss=0.0001  mi_valid=0.74  div_loss=0.0001  kl_loss=0.0000 (disabled)  score=0.920  return=0.889  role_std=1.0171  role_norm=2.2377  enc_delta ego=0.0038 partner=0.0036 road=0.0045
[ROMA step 1,009,778,688] sps= 51,357  policy_loss=-0.0003  value_loss=0.0766  mi_loss=0.0001  mi_valid=0.73  div_loss=0.0002  kl_loss=0.0000 (disabled)  score=0.920  return=0.888  role_std=1.0006  role_norm=2.1645  enc_delta ego=0.0040 partner=0.0052 road=0.0050
[ROMA step 1,010,565,120] sps= 51,370  policy_loss=-0.0014  value_loss=0.0693  mi_loss=0.0001  mi_valid=0.76  div_loss=0.0000  kl_loss=0.0000 (disabled)  score=0.919  return=0.886  role_std=0.9601  role_norm=2.0876  enc_delta ego=0.0041 partner=0.0052 road=0.0053
[ROMA step 1,011,351,552] sps= 51,383  policy_loss=-0.0068  value_loss=0.0635  mi_loss=0.0001  mi_valid=0.76  div_loss=0.0000  kl_loss=0.0000 (disabled)  score=0.919  return=0.887  role_std=0.9696  role_norm=2.0895  enc_delta ego=0.0041 partner=0.0049 road=0.0047
[ROMA step 1,012,137,984] sps= 51,345  policy_loss=-0.0028  value_loss=0.0696  mi_loss=0.0001  mi_valid=0.73  div_loss=0.0001  kl_loss=0.0000 (disabled)  score=0.920  return=0.886  role_std=0.9286  role_norm=2.0475  enc_delta ego=0.0034 partner=0.0044 road=0.0044
[ROMA step 1,012,924,416] sps= 51,358  policy_loss=-0.0072  value_loss=0.0511  mi_loss=0.0001  mi_valid=0.75  div_loss=0.0000  kl_loss=0.0000 (disabled)  score=0.920  return=0.885  role_std=0.9503  role_norm=2.0542  enc_delta ego=0.0040 partner=0.0046 road=0.0052
[ROMA step 1,013,710,848] sps= 51,371  policy_loss=0.0065  value_loss=0.0651  mi_loss=0.0001  mi_valid=0.75  div_loss=0.0000  kl_loss=0.0000 (disabled)  score=0.920  return=0.886  role_std=0.9864  role_norm=2.1167  enc_delta ego=0.0042 partner=0.0041 road=0.0046
[ROMA step 1,014,497,280] sps= 51,384  policy_loss=-0.0011  value_loss=0.0558  mi_loss=0.0001  mi_valid=0.75  div_loss=0.0001  kl_loss=0.0000 (disabled)  score=0.920  return=0.886  role_std=1.0078  role_norm=2.1547  enc_delta ego=0.0048 partner=0.0041 road=0.0045
[ROMA step 1,015,283,712] sps= 51,359  policy_loss=-0.0065  value_loss=0.0554  mi_loss=0.0001  mi_valid=0.73  div_loss=0.0000  kl_loss=0.0000 (disabled)  score=0.921  return=0.887  role_std=0.9703  role_norm=2.0154  enc_delta ego=0.0044 partner=0.0036 road=0.0059
[ROMA step 1,016,070,144] sps= 51,372  policy_loss=0.0003  value_loss=0.0589  mi_loss=0.0001  mi_valid=0.74  div_loss=-0.0000  kl_loss=0.0000 (disabled)  score=0.921  return=0.886  role_std=0.9887  role_norm=2.0840  enc_delta ego=0.0044 partner=0.0041 road=0.0045
[ROMA step 1,016,856,576] sps= 51,385  policy_loss=0.0101  value_loss=0.0536  mi_loss=0.0001  mi_valid=0.74  div_loss=0.0000  kl_loss=0.0000 (disabled)  score=0.921  return=0.888  role_std=0.9992  role_norm=2.1714  enc_delta ego=0.0036 partner=0.0036 road=0.0048
[ROMA step 1,017,643,008] sps= 51,359  policy_loss=0.0037  value_loss=0.0488  mi_loss=0.0001  mi_valid=0.72  div_loss=0.0002  kl_loss=0.0000 (disabled)  score=0.922  return=0.889  role_std=1.0220  role_norm=2.2988  enc_delta ego=0.0036 partner=0.0029 road=0.0038
[ROMA step 1,018,429,440] sps= 51,372  policy_loss=-0.0062  value_loss=0.0527  mi_loss=0.0001  mi_valid=0.75  div_loss=0.0002  kl_loss=0.0000 (disabled)  score=0.922  return=0.889  role_std=1.0649  role_norm=2.2950  enc_delta ego=0.0046 partner=0.0046 road=0.0062
[ROMA step 1,019,215,872] sps= 51,385  policy_loss=0.0005  value_loss=0.0483  mi_loss=0.0001  mi_valid=0.75  div_loss=0.0001  kl_loss=0.0000 (disabled)  score=0.922  return=0.890  role_std=1.0653  role_norm=2.2293  enc_delta ego=0.0039 partner=0.0038 road=0.0050
[ROMA step 1,020,002,304] sps= 51,399  policy_loss=-0.0082  value_loss=0.0478  mi_loss=0.0001  mi_valid=0.75  div_loss=0.0004  kl_loss=0.0000 (disabled)  score=0.922  return=0.890  role_std=1.0261  role_norm=2.2013  enc_delta ego=0.0037 partner=0.0034 road=0.0049
[ROMA step 1,020,788,736] sps= 51,375  policy_loss=0.0027  value_loss=0.0545  mi_loss=0.0001  mi_valid=0.72  div_loss=0.0005  kl_loss=0.0000 (disabled)  score=0.921  return=0.890  role_std=1.0734  role_norm=2.3077  enc_delta ego=0.0048 partner=0.0037 road=0.0056
[ROMA step 1,021,575,168] sps= 51,388  policy_loss=-0.0009  value_loss=0.0434  mi_loss=0.0001  mi_valid=0.73  div_loss=-0.0000  kl_loss=0.0000 (disabled)  score=0.921  return=0.890  role_std=1.0803  role_norm=2.3146  enc_delta ego=0.0038 partner=0.0039 road=0.0057
[ROMA step 1,022,361,600] sps= 51,401  policy_loss=-0.0021  value_loss=0.0437  mi_loss=0.0001  mi_valid=0.73  div_loss=0.0001  kl_loss=0.0000 (disabled)  score=0.921  return=0.891  role_std=1.1114  role_norm=2.3692  enc_delta ego=0.0034 partner=0.0032 road=0.0044
[ROMA step 1,023,148,032] sps= 51,414  policy_loss=-0.0032  value_loss=0.0520  mi_loss=0.0001  mi_valid=0.73  div_loss=0.0002  kl_loss=0.0000 (disabled)  score=0.921  return=0.892  role_std=1.1162  role_norm=2.3981  enc_delta ego=0.0055 partner=0.0038 road=0.0056
[ROMA step 1,023,934,464] sps= 51,390  policy_loss=-0.0070  value_loss=0.0509  mi_loss=0.0001  mi_valid=0.75  div_loss=0.0000  kl_loss=0.0000 (disabled)  score=0.921  return=0.892  role_std=1.0958  role_norm=2.2998  enc_delta ego=0.0050 partner=0.0048 road=0.0057
[ROMA step 1,024,720,896] sps= 51,404  policy_loss=-0.0070  value_loss=0.0367  mi_loss=0.0001  mi_valid=0.74  div_loss=0.0002  kl_loss=0.0000 (disabled)  score=0.921  return=0.892  role_std=1.0634  role_norm=2.3440  enc_delta ego=0.0042 partner=0.0044 road=0.0048
[ROMA step 1,025,507,328] sps= 51,416  policy_loss=-0.0011  value_loss=0.0388  mi_loss=0.0001  mi_valid=0.74  div_loss=0.0002  kl_loss=0.0000 (disabled)  score=0.922  return=0.893  role_std=1.0453  role_norm=2.3181  enc_delta ego=0.0038 partner=0.0043 road=0.0044
[ROMA step 1,026,293,760] sps= 51,396  policy_loss=-0.0045  value_loss=0.0496  mi_loss=0.0001  mi_valid=0.72  div_loss=0.0003  kl_loss=0.0000 (disabled)  score=0.922  return=0.894  role_std=1.0525  role_norm=2.3005  enc_delta ego=0.0033 partner=0.0040 road=0.0044
[ROMA step 1,027,080,192] sps= 51,409  policy_loss=0.0020  value_loss=0.0469  mi_loss=0.0001  mi_valid=0.75  div_loss=0.0001  kl_loss=0.0000 (disabled)  score=0.922  return=0.893  role_std=1.0666  role_norm=2.2799  enc_delta ego=0.0039 partner=0.0043 road=0.0045
[ROMA step 1,027,866,624] sps= 51,422  policy_loss=-0.0002  value_loss=0.0515  mi_loss=0.0001  mi_valid=0.75  div_loss=0.0001  kl_loss=0.0000 (disabled)  score=0.922  return=0.893  role_std=1.0638  role_norm=2.2684  enc_delta ego=0.0036 partner=0.0046 road=0.0044
[ROMA step 1,028,653,056] sps= 51,435  policy_loss=-0.0040  value_loss=0.0434  mi_loss=0.0001  mi_valid=0.75  div_loss=0.0000  kl_loss=0.0000 (disabled)  score=0.921  return=0.892  role_std=1.0570  role_norm=2.3123  enc_delta ego=0.0040 partner=0.0039 road=0.0041
[ROMA step 1,029,439,488] sps= 51,412  policy_loss=0.0011  value_loss=0.0668  mi_loss=0.0001  mi_valid=0.73  div_loss=0.0003  kl_loss=0.0000 (disabled)  score=0.922  return=0.892  role_std=1.0519  role_norm=2.2988  enc_delta ego=0.0046 partner=0.0053 road=0.0059
[ROMA step 1,030,225,920] sps= 51,425  policy_loss=-0.0038  value_loss=0.0454  mi_loss=0.0001  mi_valid=0.74  div_loss=0.0000  kl_loss=0.0000 (disabled)  score=0.921  return=0.891  role_std=1.0851  role_norm=2.3292  enc_delta ego=0.0043 partner=0.0047 road=0.0043
[ROMA step 1,031,012,352] sps= 51,438  policy_loss=-0.0068  value_loss=0.0520  mi_loss=0.0001  mi_valid=0.74  div_loss=0.0000  kl_loss=0.0000 (disabled)  score=0.920  return=0.890  role_std=1.1169  role_norm=2.3850  enc_delta ego=0.0040 partner=0.0053 road=0.0049
[ROMA step 1,031,798,784] sps= 51,420  policy_loss=-0.0058  value_loss=0.0564  mi_loss=0.0001  mi_valid=0.73  div_loss=0.0001  kl_loss=0.0000 (disabled)  score=0.920  return=0.891  role_std=1.0480  role_norm=2.2133  enc_delta ego=0.0046 partner=0.0040 road=0.0049
[ROMA step 1,032,585,216] sps= 51,433  policy_loss=-0.0026  value_loss=0.0457  mi_loss=0.0001  mi_valid=0.74  div_loss=0.0000  kl_loss=0.0000 (disabled)  score=0.920  return=0.890  role_std=1.0459  role_norm=2.1994  enc_delta ego=0.0057 partner=0.0052 road=0.0061
[ROMA step 1,033,371,648] sps= 51,446  policy_loss=-0.0089  value_loss=0.0500  mi_loss=0.0001  mi_valid=0.74  div_loss=0.0000  kl_loss=0.0000 (disabled)  score=0.920  return=0.889  role_std=1.0589  role_norm=2.2515  enc_delta ego=0.0044 partner=0.0046 road=0.0056
[ROMA step 1,034,158,080] sps= 51,459  policy_loss=0.0061  value_loss=0.0461  mi_loss=0.0001  mi_valid=0.74  div_loss=-0.0000  kl_loss=0.0000 (disabled)  score=0.921  return=0.891  role_std=1.0853  role_norm=2.3366  enc_delta ego=0.0045 partner=0.0040 road=0.0053
[ROMA step 1,034,944,512] sps= 51,436  policy_loss=-0.0018  value_loss=0.0600  mi_loss=0.0001  mi_valid=0.73  div_loss=0.0000  kl_loss=0.0000 (disabled)  score=0.921  return=0.891  role_std=1.0704  role_norm=2.2943  enc_delta ego=0.0037 partner=0.0035 road=0.0046
[ROMA step 1,035,730,944] sps= 51,449  policy_loss=-0.0016  value_loss=0.0454  mi_loss=0.0001  mi_valid=0.76  div_loss=0.0002  kl_loss=0.0000 (disabled)  score=0.921  return=0.891  role_std=1.0646  role_norm=2.2807  enc_delta ego=0.0038 partner=0.0034 road=0.0052
[ROMA step 1,036,517,376] sps= 51,461  policy_loss=0.0013  value_loss=0.0406  mi_loss=0.0001  mi_valid=0.75  div_loss=0.0000  kl_loss=0.0000 (disabled)  score=0.922  return=0.892  role_std=1.0244  role_norm=2.2074  enc_delta ego=0.0029 partner=0.0036 road=0.0041
[ROMA step 1,037,303,808] sps= 51,443  policy_loss=0.0035  value_loss=0.0561  mi_loss=0.0001  mi_valid=0.73  div_loss=0.0001  kl_loss=0.0000 (disabled)  score=0.922  return=0.894  role_std=1.0865  role_norm=2.3881  enc_delta ego=0.0032 partner=0.0036 road=0.0050
[ROMA step 1,038,090,240] sps= 51,456  policy_loss=-0.0030  value_loss=0.0416  mi_loss=0.0001  mi_valid=0.74  div_loss=0.0010  kl_loss=0.0000 (disabled)  score=0.922  return=0.895  role_std=1.0690  role_norm=2.3303  enc_delta ego=0.0036 partner=0.0036 road=0.0047
[ROMA step 1,038,876,672] sps= 51,469  policy_loss=0.0026  value_loss=0.0536  mi_loss=0.0001  mi_valid=0.74  div_loss=0.0002  kl_loss=0.0000 (disabled)  score=0.923  return=0.896  role_std=1.0804  role_norm=2.3689  enc_delta ego=0.0031 partner=0.0044 road=0.0046
[ROMA step 1,039,663,104] sps= 51,482  policy_loss=-0.0164  value_loss=0.0356  mi_loss=0.0001  mi_valid=0.75  div_loss=0.0001  kl_loss=0.0000 (disabled)  score=0.923  return=0.897  role_std=1.1134  role_norm=2.3945  enc_delta ego=0.0031 partner=0.0037 road=0.0044
[ROMA step 1,040,449,536] sps= 51,460  policy_loss=0.0001  value_loss=0.0617  mi_loss=0.0001  mi_valid=0.74  div_loss=0.0003  kl_loss=0.0000 (disabled)  score=0.923  return=0.898  role_std=1.0297  role_norm=2.1927  enc_delta ego=0.0036 partner=0.0047 road=0.0050
[ROMA step 1,041,235,968] sps= 51,473  policy_loss=-0.0081  value_loss=0.0408  mi_loss=0.0001  mi_valid=0.75  div_loss=0.0001  kl_loss=0.0000 (disabled)  score=0.924  return=0.899  role_std=1.0238  role_norm=2.2384  enc_delta ego=0.0032 partner=0.0042 road=0.0050
[ROMA step 1,042,022,400] sps= 51,485  policy_loss=-0.0035  value_loss=0.0454  mi_loss=0.0001  mi_valid=0.75  div_loss=-0.0000  kl_loss=0.0000 (disabled)  score=0.923  return=0.898  role_std=1.0231  role_norm=2.2471  enc_delta ego=0.0035 partner=0.0045 road=0.0048
[ROMA step 1,042,808,832] sps= 51,464  policy_loss=-0.0037  value_loss=0.0570  mi_loss=0.0001  mi_valid=0.73  div_loss=0.0002  kl_loss=0.0000 (disabled)  score=0.923  return=0.898  role_std=0.9938  role_norm=2.2606  enc_delta ego=0.0030 partner=0.0047 road=0.0048
[ROMA step 1,043,595,264] sps= 51,478  policy_loss=-0.0043  value_loss=0.0621  mi_loss=0.0001  mi_valid=0.75  div_loss=0.0009  kl_loss=0.0000 (disabled)  score=0.922  return=0.896  role_std=1.0580  role_norm=2.2814  enc_delta ego=0.0026 partner=0.0039 road=0.0045
[ROMA step 1,044,381,696] sps= 51,491  policy_loss=0.0044  value_loss=0.0749  mi_loss=0.0001  mi_valid=0.77  div_loss=0.0000  kl_loss=0.0000 (disabled)  score=0.922  return=0.895  role_std=1.0248  role_norm=2.2133  enc_delta ego=0.0032 partner=0.0060 road=0.0065
[ROMA step 1,045,168,128] sps= 51,504  policy_loss=0.0050  value_loss=0.0812  mi_loss=0.0001  mi_valid=0.77  div_loss=0.0006  kl_loss=0.0000 (disabled)  score=0.921  return=0.893  role_std=1.0336  role_norm=2.2217  enc_delta ego=0.0040 partner=0.0055 road=0.0058
[ROMA step 1,045,954,560] sps= 51,485  policy_loss=-0.0019  value_loss=0.0823  mi_loss=0.0001  mi_valid=0.74  div_loss=0.0000  kl_loss=0.0000 (disabled)  score=0.920  return=0.891  role_std=1.0127  role_norm=2.1917  enc_delta ego=0.0029 partner=0.0040 road=0.0042
[ROMA step 1,046,740,992] sps= 51,498  policy_loss=0.0031  value_loss=0.0815  mi_loss=0.0001  mi_valid=0.76  div_loss=0.0001  kl_loss=0.0000 (disabled)  score=0.918  return=0.888  role_std=1.0130  role_norm=2.1991  enc_delta ego=0.0040 partner=0.0044 road=0.0051
[ROMA step 1,047,527,424] sps= 51,511  policy_loss=0.0011  value_loss=0.0573  mi_loss=0.0001  mi_valid=0.76  div_loss=0.0007  kl_loss=0.0000 (disabled)  score=0.916  return=0.884  role_std=1.0647  role_norm=2.2885  enc_delta ego=0.0037 partner=0.0046 road=0.0059
[ROMA step 1,048,313,856] sps= 51,525  policy_loss=-0.0013  value_loss=0.0727  mi_loss=0.0001  mi_valid=0.76  div_loss=0.0003  kl_loss=0.0000 (disabled)  score=0.913  return=0.880  role_std=1.1324  role_norm=2.4141  enc_delta ego=0.0039 partner=0.0046 road=0.0052
[ROMA step 1,049,100,288] sps= 51,511  policy_loss=0.0050  value_loss=0.0776  mi_loss=0.0001  mi_valid=0.77  div_loss=0.0000  kl_loss=0.0000 (disabled)  score=0.912  return=0.878  role_std=1.0303  role_norm=2.1988  enc_delta ego=0.0053 partner=0.0052 road=0.0066
[ROMA step 1,049,886,720] sps= 51,524  policy_loss=0.0027  value_loss=0.0609  mi_loss=0.0001  mi_valid=0.76  div_loss=0.0001  kl_loss=0.0000 (disabled)  score=0.909  return=0.873  role_std=1.0322  role_norm=2.2507  enc_delta ego=0.0045 partner=0.0043 road=0.0054
[ROMA step 1,050,673,152] sps= 51,537  policy_loss=-0.0016  value_loss=0.0582  mi_loss=0.0001  mi_valid=0.76  div_loss=0.0001  kl_loss=0.0000 (disabled)  score=0.906  return=0.869  role_std=1.0614  role_norm=2.2743  enc_delta ego=0.0062 partner=0.0045 road=0.0064
[ROMA step 1,051,459,584] sps= 51,513  policy_loss=-0.0038  value_loss=0.0651  mi_loss=0.0001  mi_valid=0.74  div_loss=0.0000  kl_loss=0.0000 (disabled)  score=0.904  return=0.866  role_std=1.0932  role_norm=2.3344  enc_delta ego=0.0041 partner=0.0045 road=0.0069
[ROMA step 1,052,246,016] sps= 51,526  policy_loss=-0.0066  value_loss=0.0722  mi_loss=0.0001  mi_valid=0.76  div_loss=0.0001  kl_loss=0.0000 (disabled)  score=0.901  return=0.861  role_std=1.0811  role_norm=2.3401  enc_delta ego=0.0036 partner=0.0055 road=0.0064
[ROMA step 1,053,032,448] sps= 51,538  policy_loss=-0.0037  value_loss=0.0735  mi_loss=0.0001  mi_valid=0.77  div_loss=0.0008  kl_loss=0.0000 (disabled)  score=0.899  return=0.857  role_std=1.0382  role_norm=2.1448  enc_delta ego=0.0035 partner=0.0057 road=0.0060
[ROMA step 1,053,818,880] sps= 51,551  policy_loss=0.0046  value_loss=0.0863  mi_loss=0.0001  mi_valid=0.76  div_loss=0.0000  kl_loss=0.0000 (disabled)  score=0.897  return=0.853  role_std=1.0471  role_norm=2.1898  enc_delta ego=0.0033 partner=0.0048 road=0.0052
[ROMA step 1,054,605,312] sps= 51,532  policy_loss=0.0018  value_loss=0.0984  mi_loss=0.0001  mi_valid=0.73  div_loss=0.0002  kl_loss=0.0000 (disabled)  score=0.894  return=0.847  role_std=1.0908  role_norm=2.2920  enc_delta ego=0.0035 partner=0.0052 road=0.0060
[ROMA step 1,055,391,744] sps= 51,545  policy_loss=-0.0032  value_loss=0.0760  mi_loss=0.0001  mi_valid=0.75  div_loss=0.0000  kl_loss=0.0000 (disabled)  score=0.892  return=0.843  role_std=1.0968  role_norm=2.3409  enc_delta ego=0.0035 partner=0.0050 road=0.0062
[ROMA step 1,056,178,176] sps= 51,558  policy_loss=0.0021  value_loss=0.0723  mi_loss=0.0001  mi_valid=0.75  div_loss=0.0000  kl_loss=0.0000 (disabled)  score=0.891  return=0.840  role_std=1.1132  role_norm=2.4210  enc_delta ego=0.0033 partner=0.0046 road=0.0057
[ROMA step 1,056,964,608] sps= 51,532  policy_loss=-0.0068  value_loss=0.0673  mi_loss=0.0001  mi_valid=0.74  div_loss=0.0000  kl_loss=0.0000 (disabled)  score=0.890  return=0.839  role_std=1.0233  role_norm=2.1785  enc_delta ego=0.0037 partner=0.0039 road=0.0052
[ROMA step 1,057,751,040] sps= 51,545  policy_loss=-0.0085  value_loss=0.0576  mi_loss=0.0001  mi_valid=0.76  div_loss=0.0001  kl_loss=0.0000 (disabled)  score=0.889  return=0.837  role_std=1.0310  role_norm=2.2398  enc_delta ego=0.0034 partner=0.0035 road=0.0053
[ROMA step 1,058,537,472] sps= 51,557  policy_loss=-0.0076  value_loss=0.0572  mi_loss=0.0001  mi_valid=0.76  div_loss=0.0001  kl_loss=0.0000 (disabled)  score=0.888  return=0.834  role_std=1.0459  role_norm=2.2727  enc_delta ego=0.0044 partner=0.0044 road=0.0063
[ROMA step 1,059,323,904] sps= 51,569  policy_loss=-0.0068  value_loss=0.0426  mi_loss=0.0001  mi_valid=0.76  div_loss=0.0002  kl_loss=0.0000 (disabled)  score=0.886  return=0.831  role_std=0.9989  role_norm=2.2095  enc_delta ego=0.0033 partner=0.0032 road=0.0051
[ROMA step 1,060,110,336] sps= 51,539  policy_loss=-0.0005  value_loss=0.0603  mi_loss=0.0001  mi_valid=0.73  div_loss=0.0000  kl_loss=0.0000 (disabled)  score=0.885  return=0.830  role_std=1.0699  role_norm=2.3140  enc_delta ego=0.0033 partner=0.0040 road=0.0055
[ROMA step 1,060,896,768] sps= 51,552  policy_loss=-0.0022  value_loss=0.0578  mi_loss=0.0001  mi_valid=0.76  div_loss=0.0010  kl_loss=0.0000 (disabled)  score=0.884  return=0.828  role_std=1.0665  role_norm=2.3003  enc_delta ego=0.0032 partner=0.0034 road=0.0048
[ROMA step 1,061,683,200] sps= 51,564  policy_loss=-0.0084  value_loss=0.0541  mi_loss=0.0001  mi_valid=0.76  div_loss=0.0000  kl_loss=0.0000 (disabled)  score=0.883  return=0.827  role_std=1.0110  role_norm=2.1162  enc_delta ego=0.0031 partner=0.0035 road=0.0063
[ROMA step 1,062,469,632] sps= 51,541  policy_loss=0.0017  value_loss=0.0566  mi_loss=0.0001  mi_valid=0.73  div_loss=0.0000  kl_loss=0.0000 (disabled)  score=0.881  return=0.824  role_std=1.0304  role_norm=2.2323  enc_delta ego=0.0038 partner=0.0035 road=0.0069
[ROMA step 1,063,256,064] sps= 51,554  policy_loss=-0.0043  value_loss=0.0441  mi_loss=0.0001  mi_valid=0.74  div_loss=0.0001  kl_loss=0.0000 (disabled)  score=0.880  return=0.823  role_std=1.0458  role_norm=2.2659  enc_delta ego=0.0038 partner=0.0037 road=0.0071
[ROMA step 1,064,042,496] sps= 51,567  policy_loss=-0.0010  value_loss=0.0471  mi_loss=0.0001  mi_valid=0.74  div_loss=0.0000  kl_loss=0.0000 (disabled)  score=0.880  return=0.821  role_std=1.0635  role_norm=2.3147  enc_delta ego=0.0037 partner=0.0039 road=0.0088
[ROMA step 1,064,828,928] sps= 51,580  policy_loss=-0.0049  value_loss=0.0420  mi_loss=0.0001  mi_valid=0.74  div_loss=0.0002  kl_loss=0.0000 (disabled)  score=0.879  return=0.820  role_std=1.0656  role_norm=2.3143  enc_delta ego=0.0039 partner=0.0034 road=0.0055
[ROMA step 1,065,615,360] sps= 51,558  policy_loss=-0.0030  value_loss=0.0631  mi_loss=0.0001  mi_valid=0.73  div_loss=0.0000  kl_loss=0.0000 (disabled)  score=0.879  return=0.819  role_std=1.0100  role_norm=2.1406  enc_delta ego=0.0037 partner=0.0044 road=0.0068
[ROMA step 1,066,401,792] sps= 51,570  policy_loss=0.0021  value_loss=0.0599  mi_loss=0.0001  mi_valid=0.73  div_loss=0.0002  kl_loss=0.0000 (disabled)  score=0.879  return=0.818  role_std=1.0508  role_norm=2.2033  enc_delta ego=0.0031 partner=0.0043 road=0.0068
[ROMA step 1,067,188,224] sps= 51,583  policy_loss=0.0002  value_loss=0.0580  mi_loss=0.0001  mi_valid=0.73  div_loss=0.0000  kl_loss=0.0000 (disabled)  score=0.879  return=0.818  role_std=1.0635  role_norm=2.2310  enc_delta ego=0.0032 partner=0.0044 road=0.0058
[ROMA step 1,067,974,656] sps= 51,558  policy_loss=-0.0062  value_loss=0.0597  mi_loss=0.0001  mi_valid=0.71  div_loss=0.0000  kl_loss=0.0000 (disabled)  score=0.879  return=0.817  role_std=1.0323  role_norm=2.3311  enc_delta ego=0.0028 partner=0.0034 road=0.0059
[ROMA step 1,068,761,088] sps= 51,571  policy_loss=-0.0027  value_loss=0.0528  mi_loss=0.0001  mi_valid=0.73  div_loss=0.0000  kl_loss=0.0000 (disabled)  score=0.879  return=0.817  role_std=1.0867  role_norm=2.3127  enc_delta ego=0.0040 partner=0.0037 road=0.0056
[ROMA step 1,069,547,520] sps= 51,584  policy_loss=-0.0048  value_loss=0.0580  mi_loss=0.0001  mi_valid=0.74  div_loss=0.0000  kl_loss=0.0000 (disabled)  score=0.880  return=0.817  role_std=1.0527  role_norm=2.2085  enc_delta ego=0.0039 partner=0.0036 road=0.0053
[ROMA step 1,070,333,952] sps= 51,597  policy_loss=0.0020  value_loss=0.0499  mi_loss=0.0001  mi_valid=0.74  div_loss=-0.0000  kl_loss=0.0000 (disabled)  score=0.880  return=0.818  role_std=1.0421  role_norm=2.1668  enc_delta ego=0.0036 partner=0.0036 road=0.0054
[ROMA step 1,071,120,384] sps= 51,576  policy_loss=-0.0002  value_loss=0.0561  mi_loss=0.0001  mi_valid=0.72  div_loss=0.0000  kl_loss=0.0000 (disabled)  score=0.882  return=0.820  role_std=0.9824  role_norm=2.1602  enc_delta ego=0.0046 partner=0.0031 road=0.0049
[ROMA step 1,071,906,816] sps= 51,589  policy_loss=-0.0021  value_loss=0.0455  mi_loss=0.0001  mi_valid=0.75  div_loss=0.0002  kl_loss=0.0000 (disabled)  score=0.883  return=0.823  role_std=0.9802  role_norm=2.1499  enc_delta ego=0.0036 partner=0.0033 road=0.0045
[ROMA step 1,072,693,248] sps= 51,602  policy_loss=-0.0076  value_loss=0.0377  mi_loss=0.0001  mi_valid=0.75  div_loss=0.0001  kl_loss=0.0000 (disabled)  score=0.885  return=0.827  role_std=0.9822  role_norm=2.1355  enc_delta ego=0.0028 partner=0.0029 road=0.0050
[ROMA step 1,073,479,680] sps= 51,581  policy_loss=-0.0038  value_loss=0.0472  mi_loss=0.0001  mi_valid=0.75  div_loss=0.0000  kl_loss=0.0000 (disabled)  score=0.888  return=0.833  role_std=1.0103  role_norm=2.1788  enc_delta ego=0.0026 partner=0.0026 road=0.0037
[ROMA step 1,074,266,112] sps= 51,594  policy_loss=-0.0031  value_loss=0.0473  mi_loss=0.0001  mi_valid=0.76  div_loss=0.0001  kl_loss=0.0000 (disabled)  score=0.889  return=0.834  role_std=0.9951  role_norm=2.0995  enc_delta ego=0.0047 partner=0.0041 road=0.0052
[ROMA step 1,075,052,544] sps= 51,608  policy_loss=-0.0013  value_loss=0.0468  mi_loss=0.0001  mi_valid=0.75  div_loss=0.0002  kl_loss=0.0000 (disabled)  score=0.891  return=0.838  role_std=0.9914  role_norm=2.0923  enc_delta ego=0.0038 partner=0.0036 road=0.0044
[ROMA step 1,075,838,976] sps= 51,621  policy_loss=-0.0006  value_loss=0.0390  mi_loss=0.0001  mi_valid=0.75  div_loss=0.0000  kl_loss=0.0000 (disabled)  score=0.893  return=0.840  role_std=0.9825  role_norm=2.0894  enc_delta ego=0.0041 partner=0.0030 road=0.0053
[ROMA step 1,076,625,408] sps= 51,599  policy_loss=0.0014  value_loss=0.0568  mi_loss=0.0001  mi_valid=0.73  div_loss=0.0001  kl_loss=0.0000 (disabled)  score=0.894  return=0.843  role_std=1.0424  role_norm=2.2558  enc_delta ego=0.0034 partner=0.0031 road=0.0045
[ROMA step 1,077,411,840] sps= 51,612  policy_loss=-0.0030  value_loss=0.0382  mi_loss=0.0001  mi_valid=0.74  div_loss=0.0001  kl_loss=0.0000 (disabled)  score=0.897  return=0.847  role_std=1.0885  role_norm=2.3188  enc_delta ego=0.0037 partner=0.0032 road=0.0045
[ROMA step 1,078,198,272] sps= 51,625  policy_loss=-0.0003  value_loss=0.0377  mi_loss=0.0001  mi_valid=0.75  div_loss=0.0001  kl_loss=0.0000 (disabled)  score=0.898  return=0.850  role_std=1.0384  role_norm=2.1586  enc_delta ego=0.0033 partner=0.0032 road=0.0044
[ROMA step 1,078,984,704] sps= 51,638  policy_loss=-0.0019  value_loss=0.0274  mi_loss=0.0001  mi_valid=0.74  div_loss=0.0001  kl_loss=0.0000 (disabled)  score=0.901  return=0.855  role_std=1.0347  role_norm=2.1591  enc_delta ego=0.0026 partner=0.0025 road=0.0033
[ROMA step 1,079,771,136] sps= 51,610  policy_loss=-0.0039  value_loss=0.0494  mi_loss=0.0001  mi_valid=0.71  div_loss=0.0000  kl_loss=0.0000 (disabled)  score=0.904  return=0.861  role_std=1.0391  role_norm=2.1602  enc_delta ego=0.0028 partner=0.0040 road=0.0050
[ROMA step 1,080,557,568] sps= 51,623  policy_loss=-0.0056  value_loss=0.0484  mi_loss=0.0001  mi_valid=0.73  div_loss=0.0004  kl_loss=0.0000 (disabled)  score=0.908  return=0.868  role_std=1.0343  role_norm=2.1835  enc_delta ego=0.0030 partner=0.0037 road=0.0043
[ROMA step 1,081,344,000] sps= 51,636  policy_loss=-0.0030  value_loss=0.0422  mi_loss=0.0001  mi_valid=0.73  div_loss=0.0000  kl_loss=0.0000 (disabled)  score=0.912  return=0.875  role_std=1.0011  role_norm=2.1362  enc_delta ego=0.0025 partner=0.0034 road=0.0044
[ROMA step 1,082,130,432] sps= 51,606  policy_loss=-0.0014  value_loss=0.0581  mi_loss=0.0001  mi_valid=0.72  div_loss=0.0004  kl_loss=0.0000 (disabled)  score=0.913  return=0.878  role_std=1.0348  role_norm=2.1180  enc_delta ego=0.0025 partner=0.0037 road=0.0046
[ROMA step 1,082,916,864] sps= 51,619  policy_loss=-0.0012  value_loss=0.0464  mi_loss=0.0001  mi_valid=0.73  div_loss=-0.0000  kl_loss=0.0000 (disabled)  score=0.916  return=0.883  role_std=1.0280  role_norm=2.1111  enc_delta ego=0.0030 partner=0.0044 road=0.0055
[ROMA step 1,083,703,296] sps= 51,632  policy_loss=-0.0014  value_loss=0.0430  mi_loss=0.0001  mi_valid=0.73  div_loss=0.0002  kl_loss=0.0000 (disabled)  score=0.919  return=0.888  role_std=1.0326  role_norm=2.1743  enc_delta ego=0.0044 partner=0.0045 road=0.0053
[ROMA step 1,084,489,728] sps= 51,645  policy_loss=-0.0013  value_loss=0.0451  mi_loss=0.0001  mi_valid=0.72  div_loss=0.0001  kl_loss=0.0000 (disabled)  score=0.923  return=0.893  role_std=1.0295  role_norm=2.1870  enc_delta ego=0.0036 partner=0.0048 road=0.0053
[ROMA step 1,085,276,160] sps= 51,619  policy_loss=0.0003  value_loss=0.0587  mi_loss=0.0001  mi_valid=0.72  div_loss=0.0007  kl_loss=0.0000 (disabled)  score=0.924  return=0.895  role_std=1.0385  role_norm=2.2114  enc_delta ego=0.0041 partner=0.0039 road=0.0055
[ROMA step 1,086,062,592] sps= 51,632  policy_loss=0.0011  value_loss=0.0508  mi_loss=0.0001  mi_valid=0.74  div_loss=0.0000  kl_loss=0.0000 (disabled)  score=0.926  return=0.898  role_std=1.0595  role_norm=2.1718  enc_delta ego=0.0041 partner=0.0040 road=0.0051
[ROMA step 1,086,849,024] sps= 51,645  policy_loss=-0.0028  value_loss=0.0470  mi_loss=0.0001  mi_valid=0.74  div_loss=0.0003  kl_loss=0.0000 (disabled)  score=0.928  return=0.901  role_std=1.0191  role_norm=2.1170  enc_delta ego=0.0042 partner=0.0035 road=0.0041
[ROMA step 1,087,635,456] sps= 51,618  policy_loss=-0.0007  value_loss=0.0611  mi_loss=0.0001  mi_valid=0.72  div_loss=0.0000  kl_loss=0.0000 (disabled)  score=0.930  return=0.903  role_std=1.0184  role_norm=2.1367  enc_delta ego=0.0041 partner=0.0033 road=0.0039
[ROMA step 1,088,421,888] sps= 51,631  policy_loss=-0.0055  value_loss=0.0492  mi_loss=0.0001  mi_valid=0.73  div_loss=0.0002  kl_loss=0.0000 (disabled)  score=0.931  return=0.905  role_std=1.0657  role_norm=2.2598  enc_delta ego=0.0034 partner=0.0038 road=0.0054
[ROMA step 1,089,208,320] sps= 51,644  policy_loss=-0.0045  value_loss=0.0454  mi_loss=0.0001  mi_valid=0.73  div_loss=0.0007  kl_loss=0.0000 (disabled)  score=0.933  return=0.908  role_std=1.0860  role_norm=2.3046  enc_delta ego=0.0027 partner=0.0036 road=0.0044
[ROMA step 1,089,994,752] sps= 51,657  policy_loss=0.0010  value_loss=0.0491  mi_loss=0.0001  mi_valid=0.73  div_loss=0.0001  kl_loss=0.0000 (disabled)  score=0.933  return=0.909  role_std=1.0640  role_norm=2.2896  enc_delta ego=0.0031 partner=0.0036 road=0.0046
[ROMA step 1,090,781,184] sps= 51,627  policy_loss=0.0004  value_loss=0.0500  mi_loss=0.0001  mi_valid=0.72  div_loss=0.0005  kl_loss=0.0000 (disabled)  score=0.934  return=0.912  role_std=1.0831  role_norm=2.2843  enc_delta ego=0.0037 partner=0.0028 road=0.0057
[ROMA step 1,091,567,616] sps= 51,640  policy_loss=0.0037  value_loss=0.0468  mi_loss=0.0001  mi_valid=0.73  div_loss=0.0001  kl_loss=0.0000 (disabled)  score=0.935  return=0.913  role_std=1.0968  role_norm=2.3151  enc_delta ego=0.0034 partner=0.0036 road=0.0053
[ROMA step 1,092,354,048] sps= 51,653  policy_loss=-0.0052  value_loss=0.0379  mi_loss=0.0001  mi_valid=0.73  div_loss=-0.0000  kl_loss=0.0000 (disabled)  score=0.935  return=0.914  role_std=1.1137  role_norm=2.3183  enc_delta ego=0.0032 partner=0.0034 road=0.0053
[ROMA step 1,093,140,480] sps= 51,625  policy_loss=0.0032  value_loss=0.0483  mi_loss=0.0001  mi_valid=0.71  div_loss=0.0001  kl_loss=0.0000 (disabled)  score=0.936  return=0.916  role_std=1.0199  role_norm=2.3559  enc_delta ego=0.0030 partner=0.0029 road=0.0041
[ROMA step 1,093,926,912] sps= 51,638  policy_loss=-0.0068  value_loss=0.0446  mi_loss=0.0001  mi_valid=0.73  div_loss=0.0000  kl_loss=0.0000 (disabled)  score=0.937  return=0.919  role_std=1.0761  role_norm=2.2992  enc_delta ego=0.0037 partner=0.0036 road=0.0048
[ROMA step 1,094,713,344] sps= 51,651  policy_loss=-0.0061  value_loss=0.0472  mi_loss=0.0001  mi_valid=0.73  div_loss=0.0001  kl_loss=0.0000 (disabled)  score=0.937  return=0.919  role_std=1.1007  role_norm=2.3129  enc_delta ego=0.0036 partner=0.0038 road=0.0046
[ROMA step 1,095,499,776] sps= 51,664  policy_loss=-0.0024  value_loss=0.0509  mi_loss=0.0001  mi_valid=0.73  div_loss=0.0001  kl_loss=0.0000 (disabled)  score=0.938  return=0.920  role_std=1.0744  role_norm=2.2321  enc_delta ego=0.0039 partner=0.0039 road=0.0051
[ROMA step 1,096,286,208] sps= 51,630  policy_loss=-0.0023  value_loss=0.0581  mi_loss=0.0001  mi_valid=0.72  div_loss=0.0001  kl_loss=0.0000 (disabled)  score=0.938  return=0.920  role_std=1.0925  role_norm=2.2499  enc_delta ego=0.0035 partner=0.0032 road=0.0047
[ROMA step 1,097,072,640] sps= 51,643  policy_loss=0.0000  value_loss=0.0407  mi_loss=0.0001  mi_valid=0.73  div_loss=0.0000  kl_loss=0.0000 (disabled)  score=0.938  return=0.921  role_std=1.0826  role_norm=2.2290  enc_delta ego=0.0028 partner=0.0039 road=0.0043
[ROMA step 1,097,859,072] sps= 51,656  policy_loss=-0.0055  value_loss=0.0390  mi_loss=0.0001  mi_valid=0.73  div_loss=0.0001  kl_loss=0.0000 (disabled)  score=0.940  return=0.924  role_std=1.0392  role_norm=2.1726  enc_delta ego=0.0035 partner=0.0031 road=0.0042
[ROMA step 1,098,645,504] sps= 51,630  policy_loss=-0.0053  value_loss=0.0426  mi_loss=0.0001  mi_valid=0.72  div_loss=0.0002  kl_loss=0.0000 (disabled)  score=0.942  return=0.927  role_std=1.1194  role_norm=2.3852  enc_delta ego=0.0025 partner=0.0036 road=0.0042
[ROMA step 1,099,431,936] sps= 51,643  policy_loss=-0.0036  value_loss=0.0607  mi_loss=0.0001  mi_valid=0.75  div_loss=0.0001  kl_loss=0.0000 (disabled)  score=0.944  return=0.928  role_std=1.0109  role_norm=2.1197  enc_delta ego=0.0042 partner=0.0046 road=0.0065
[ROMA step 1,100,218,368] sps= 51,655  policy_loss=-0.0048  value_loss=0.0576  mi_loss=0.0001  mi_valid=0.74  div_loss=0.0000  kl_loss=0.0000 (disabled)  score=0.945  return=0.928  role_std=1.0105  role_norm=2.1540  enc_delta ego=0.0042 partner=0.0041 road=0.0063
[ROMA step 1,101,004,800] sps= 51,667  policy_loss=-0.0034  value_loss=0.0539  mi_loss=0.0001  mi_valid=0.73  div_loss=0.0003  kl_loss=0.0000 (disabled)  score=0.946  return=0.928  role_std=1.0395  role_norm=2.1985  enc_delta ego=0.0033 partner=0.0043 road=0.0057
[ROMA step 1,101,791,232] sps= 51,641  policy_loss=0.0003  value_loss=0.0529  mi_loss=0.0001  mi_valid=0.71  div_loss=0.0008  kl_loss=0.0000 (disabled)  score=0.946  return=0.928  role_std=1.0763  role_norm=2.2713  enc_delta ego=0.0025 partner=0.0031 road=0.0047
[ROMA step 1,102,577,664] sps= 51,654  policy_loss=-0.0046  value_loss=0.0345  mi_loss=0.0001  mi_valid=0.72  div_loss=0.0001  kl_loss=0.0000 (disabled)  score=0.947  return=0.930  role_std=1.0842  role_norm=2.2751  enc_delta ego=0.0028 partner=0.0031 road=0.0044
[ROMA step 1,103,364,096] sps= 51,667  policy_loss=-0.0056  value_loss=0.0346  mi_loss=0.0001  mi_valid=0.72  div_loss=0.0001  kl_loss=0.0000 (disabled)  score=0.948  return=0.932  role_std=1.0492  role_norm=2.1767  enc_delta ego=0.0039 partner=0.0035 road=0.0044
[ROMA step 1,104,150,528] sps= 51,680  policy_loss=-0.0030  value_loss=0.0377  mi_loss=0.0001  mi_valid=0.72  div_loss=0.0000  kl_loss=0.0000 (disabled)  score=0.950  return=0.934  role_std=1.0570  role_norm=2.2016  enc_delta ego=0.0030 partner=0.0030 road=0.0044
[ROMA step 1,104,936,960] sps= 51,644  policy_loss=-0.0054  value_loss=0.0520  mi_loss=0.0001  mi_valid=0.71  div_loss=0.0000  kl_loss=0.0000 (disabled)  score=0.950  return=0.935  role_std=1.0717  role_norm=2.2863  enc_delta ego=0.0032 partner=0.0042 road=0.0053
[ROMA step 1,105,723,392] sps= 51,657  policy_loss=-0.0092  value_loss=0.0367  mi_loss=0.0001  mi_valid=0.72  div_loss=0.0001  kl_loss=0.0000 (disabled)  score=0.950  return=0.935  role_std=1.0640  role_norm=2.2714  enc_delta ego=0.0031 partner=0.0040 road=0.0049
[ROMA step 1,106,509,824] sps= 51,669  policy_loss=-0.0040  value_loss=0.0392  mi_loss=0.0001  mi_valid=0.72  div_loss=0.0000  kl_loss=0.0000 (disabled)  score=0.951  return=0.937  role_std=1.0716  role_norm=2.2554  enc_delta ego=0.0027 partner=0.0032 road=0.0047
[ROMA step 1,107,296,256] sps= 51,642  policy_loss=-0.0003  value_loss=0.0494  mi_loss=0.0001  mi_valid=0.71  div_loss=0.0001  kl_loss=0.0000 (disabled)  score=0.951  return=0.938  role_std=1.0456  role_norm=2.2303  enc_delta ego=0.0035 partner=0.0032 road=0.0046
[ROMA step 1,108,082,688] sps= 51,655  policy_loss=-0.0024  value_loss=0.0580  mi_loss=0.0001  mi_valid=0.72  div_loss=0.0001  kl_loss=0.0000 (disabled)  score=0.952  return=0.938  role_std=1.0473  role_norm=2.2497  enc_delta ego=0.0048 partner=0.0050 road=0.0054
[ROMA step 1,108,869,120] sps= 51,667  policy_loss=-0.0018  value_loss=0.0491  mi_loss=0.0001  mi_valid=0.71  div_loss=-0.0000  kl_loss=0.0000 (disabled)  score=0.953  return=0.939  role_std=1.0616  role_norm=2.2538  enc_delta ego=0.0050 partner=0.0041 road=0.0054
[ROMA step 1,109,655,552] sps= 51,680  policy_loss=0.0007  value_loss=0.0512  mi_loss=0.0001  mi_valid=0.71  div_loss=0.0001  kl_loss=0.0000 (disabled)  score=0.954  return=0.940  role_std=1.0692  role_norm=2.2818  enc_delta ego=0.0039 partner=0.0039 road=0.0051
[ROMA step 1,110,441,984] sps= 51,657  policy_loss=-0.0003  value_loss=0.0483  mi_loss=0.0001  mi_valid=0.71  div_loss=0.0000  kl_loss=0.0000 (disabled)  score=0.956  return=0.942  role_std=1.1023  role_norm=2.3536  enc_delta ego=0.0034 partner=0.0030 road=0.0048
[ROMA step 1,111,228,416] sps= 51,670  policy_loss=-0.0004  value_loss=0.0399  mi_loss=0.0001  mi_valid=0.73  div_loss=0.0001  kl_loss=0.0000 (disabled)  score=0.956  return=0.943  role_std=1.0896  role_norm=2.3330  enc_delta ego=0.0038 partner=0.0029 road=0.0044
[ROMA step 1,112,014,848] sps= 51,683  policy_loss=-0.0022  value_loss=0.0403  mi_loss=0.0001  mi_valid=0.73  div_loss=0.0002  kl_loss=0.0000 (disabled)  score=0.957  return=0.944  role_std=1.0609  role_norm=2.2669  enc_delta ego=0.0035 partner=0.0028 road=0.0045
[ROMA step 1,112,801,280] sps= 51,656  policy_loss=-0.0033  value_loss=0.0454  mi_loss=0.0001  mi_valid=0.71  div_loss=0.0001  kl_loss=0.0000 (disabled)  score=0.957  return=0.946  role_std=1.1023  role_norm=2.3122  enc_delta ego=0.0040 partner=0.0030 road=0.0045
[ROMA step 1,113,587,712] sps= 51,669  policy_loss=-0.0012  value_loss=0.0414  mi_loss=0.0001  mi_valid=0.71  div_loss=0.0001  kl_loss=0.0000 (disabled)  score=0.957  return=0.947  role_std=1.1101  role_norm=2.3474  enc_delta ego=0.0029 partner=0.0033 road=0.0051
[ROMA step 1,114,374,144] sps= 51,681  policy_loss=0.0039  value_loss=0.0402  mi_loss=0.0001  mi_valid=0.72  div_loss=0.0001  kl_loss=0.0000 (disabled)  score=0.957  return=0.947  role_std=1.1540  role_norm=2.4066  enc_delta ego=0.0028 partner=0.0026 road=0.0042
[ROMA step 1,115,160,576] sps= 51,693  policy_loss=-0.0054  value_loss=0.0332  mi_loss=0.0001  mi_valid=0.72  div_loss=0.0000  kl_loss=0.0000 (disabled)  score=0.957  return=0.948  role_std=1.1614  role_norm=2.4420  enc_delta ego=0.0026 partner=0.0028 road=0.0043
[ROMA step 1,115,947,008] sps= 51,665  policy_loss=-0.0025  value_loss=0.0523  mi_loss=0.0001  mi_valid=0.70  div_loss=0.0001  kl_loss=0.0000 (disabled)  score=0.958  return=0.949  role_std=1.0972  role_norm=2.3029  enc_delta ego=0.0038 partner=0.0038 road=0.0052
[ROMA step 1,116,733,440] sps= 51,677  policy_loss=-0.0009  value_loss=0.0452  mi_loss=0.0001  mi_valid=0.71  div_loss=0.0002  kl_loss=0.0000 (disabled)  score=0.958  return=0.950  role_std=1.0962  role_norm=2.2909  enc_delta ego=0.0044 partner=0.0036 road=0.0047
[ROMA step 1,117,519,872] sps= 51,688  policy_loss=-0.0029  value_loss=0.0371  mi_loss=0.0001  mi_valid=0.71  div_loss=0.0002  kl_loss=0.0000 (disabled)  score=0.959  return=0.951  role_std=1.1275  role_norm=2.3251  enc_delta ego=0.0032 partner=0.0031 road=0.0046
[ROMA step 1,118,306,304] sps= 51,664  policy_loss=-0.0011  value_loss=0.0394  mi_loss=0.0001  mi_valid=0.70  div_loss=0.0003  kl_loss=0.0000 (disabled)  score=0.960  return=0.952  role_std=1.0186  role_norm=2.2371  enc_delta ego=0.0029 partner=0.0033 road=0.0044
[ROMA step 1,119,092,736] sps= 51,677  policy_loss=0.0000  value_loss=0.0386  mi_loss=0.0001  mi_valid=0.73  div_loss=0.0004  kl_loss=0.0000 (disabled)  score=0.960  return=0.953  role_std=1.0765  role_norm=2.2294  enc_delta ego=0.0036 partner=0.0032 road=0.0056
[ROMA step 1,119,879,168] sps= 51,689  policy_loss=-0.0035  value_loss=0.0318  mi_loss=0.0001  mi_valid=0.73  div_loss=0.0003  kl_loss=0.0000 (disabled)  score=0.959  return=0.953  role_std=1.0696  role_norm=2.2516  enc_delta ego=0.0032 partner=0.0028 road=0.0049
[ROMA step 1,120,665,600] sps= 51,702  policy_loss=-0.0026  value_loss=0.0368  mi_loss=0.0001  mi_valid=0.73  div_loss=0.0001  kl_loss=0.0000 (disabled)  score=0.960  return=0.955  role_std=1.0691  role_norm=2.2638  enc_delta ego=0.0032 partner=0.0027 road=0.0037
[ROMA step 1,121,452,032] sps= 51,673  policy_loss=-0.0007  value_loss=0.0456  mi_loss=0.0001  mi_valid=0.71  div_loss=0.0001  kl_loss=0.0000 (disabled)  score=0.960  return=0.957  role_std=1.1183  role_norm=2.3344  enc_delta ego=0.0032 partner=0.0038 road=0.0045
[ROMA step 1,122,238,464] sps= 51,686  policy_loss=0.0009  value_loss=0.0361  mi_loss=0.0001  mi_valid=0.73  div_loss=0.0005  kl_loss=0.0000 (disabled)  score=0.960  return=0.959  role_std=1.1321  role_norm=2.3522  enc_delta ego=0.0040 partner=0.0043 road=0.0047
[ROMA step 1,123,024,896] sps= 51,698  policy_loss=0.0013  value_loss=0.0369  mi_loss=0.0001  mi_valid=0.72  div_loss=0.0000  kl_loss=0.0000 (disabled)  score=0.960  return=0.958  role_std=1.0809  role_norm=2.3083  enc_delta ego=0.0042 partner=0.0036 road=0.0045
[ROMA step 1,123,811,328] sps= 51,669  policy_loss=-0.0052  value_loss=0.0345  mi_loss=0.0001  mi_valid=0.71  div_loss=0.0001  kl_loss=0.0000 (disabled)  score=0.959  return=0.958  role_std=1.0883  role_norm=2.3544  enc_delta ego=0.0025 partner=0.0029 road=0.0038
[ROMA step 1,124,597,760] sps= 51,680  policy_loss=-0.0047  value_loss=0.0437  mi_loss=0.0001  mi_valid=0.74  div_loss=0.0001  kl_loss=0.0000 (disabled)  score=0.959  return=0.958  role_std=1.0868  role_norm=2.2878  enc_delta ego=0.0038 partner=0.0043 road=0.0056
[ROMA step 1,125,384,192] sps= 51,693  policy_loss=-0.0037  value_loss=0.0389  mi_loss=0.0001  mi_valid=0.72  div_loss=0.0003  kl_loss=0.0000 (disabled)  score=0.958  return=0.957  role_std=1.0670  role_norm=2.2923  enc_delta ego=0.0030 partner=0.0052 road=0.0053
[ROMA step 1,126,170,624] sps= 51,705  policy_loss=-0.0033  value_loss=0.0344  mi_loss=0.0001  mi_valid=0.73  div_loss=0.0000  kl_loss=0.0000 (disabled)  score=0.958  return=0.957  role_std=1.0665  role_norm=2.2938  enc_delta ego=0.0054 partner=0.0030 road=0.0046
[ROMA step 1,126,957,056] sps= 51,682  policy_loss=0.0042  value_loss=0.0530  mi_loss=0.0001  mi_valid=0.71  div_loss=0.0000  kl_loss=0.0000 (disabled)  score=0.958  return=0.957  role_std=1.0895  role_norm=2.3571  enc_delta ego=0.0040 partner=0.0039 road=0.0052
[ROMA step 1,127,743,488] sps= 51,695  policy_loss=-0.0042  value_loss=0.0425  mi_loss=0.0001  mi_valid=0.72  div_loss=0.0000  kl_loss=0.0000 (disabled)  score=0.958  return=0.957  role_std=1.1095  role_norm=2.3590  enc_delta ego=0.0046 partner=0.0033 road=0.0057
[ROMA step 1,128,529,920] sps= 51,707  policy_loss=0.0025  value_loss=0.0377  mi_loss=0.0001  mi_valid=0.73  div_loss=0.0000  kl_loss=0.0000 (disabled)  score=0.957  return=0.957  role_std=1.0718  role_norm=2.3294  enc_delta ego=0.0042 partner=0.0034 road=0.0045
[ROMA step 1,129,316,352] sps= 51,720  policy_loss=0.0074  value_loss=0.0461  mi_loss=0.0001  mi_valid=0.73  div_loss=-0.0000  kl_loss=0.0000 (disabled)  score=0.957  return=0.957  role_std=1.0852  role_norm=2.3117  enc_delta ego=0.0033 partner=0.0034 road=0.0042
[ROMA step 1,130,102,784] sps= 51,701  policy_loss=-0.0006  value_loss=0.0467  mi_loss=0.0001  mi_valid=0.71  div_loss=0.0000  kl_loss=0.0000 (disabled)  score=0.957  return=0.957  role_std=1.0915  role_norm=2.3344  enc_delta ego=0.0039 partner=0.0045 road=0.0061
[ROMA step 1,130,889,216] sps= 51,713  policy_loss=0.0024  value_loss=0.0402  mi_loss=0.0001  mi_valid=0.73  div_loss=0.0004  kl_loss=0.0000 (disabled)  score=0.956  return=0.957  role_std=1.0578  role_norm=2.2734  enc_delta ego=0.0034 partner=0.0038 road=0.0045
[ROMA step 1,131,675,648] sps= 51,726  policy_loss=-0.0016  value_loss=0.0371  mi_loss=0.0001  mi_valid=0.73  div_loss=-0.0000  kl_loss=0.0000 (disabled)  score=0.955  return=0.956  role_std=1.0566  role_norm=2.2735  enc_delta ego=0.0037 partner=0.0035 road=0.0049
[ROMA step 1,132,462,080] sps= 51,700  policy_loss=-0.0040  value_loss=0.0476  mi_loss=0.0001  mi_valid=0.72  div_loss=0.0004  kl_loss=0.0000 (disabled)  score=0.955  return=0.956  role_std=1.0789  role_norm=2.2275  enc_delta ego=0.0057 partner=0.0034 road=0.0049
[ROMA step 1,133,248,512] sps= 51,712  policy_loss=-0.0065  value_loss=0.0400  mi_loss=0.0001  mi_valid=0.74  div_loss=0.0001  kl_loss=0.0000 (disabled)  score=0.954  return=0.955  role_std=1.0109  role_norm=2.1515  enc_delta ego=0.0076 partner=0.0046 road=0.0043
[ROMA step 1,134,034,944] sps= 51,724  policy_loss=-0.0039  value_loss=0.0357  mi_loss=0.0001  mi_valid=0.73  div_loss=0.0003  kl_loss=0.0000 (disabled)  score=0.954  return=0.954  role_std=1.0430  role_norm=2.1953  enc_delta ego=0.0033 partner=0.0040 road=0.0046
[ROMA step 1,134,821,376] sps= 51,736  policy_loss=-0.0032  value_loss=0.0290  mi_loss=0.0001  mi_valid=0.73  div_loss=0.0003  kl_loss=0.0000 (disabled)  score=0.953  return=0.954  role_std=1.0547  role_norm=2.2215  enc_delta ego=0.0027 partner=0.0033 road=0.0040
[ROMA step 1,135,607,808] sps= 51,715  policy_loss=0.0067  value_loss=0.0528  mi_loss=0.0001  mi_valid=0.72  div_loss=0.0000  kl_loss=0.0000 (disabled)  score=0.952  return=0.953  role_std=1.0606  role_norm=2.3338  enc_delta ego=0.0038 partner=0.0037 road=0.0044
[ROMA step 1,136,394,240] sps= 51,727  policy_loss=0.0020  value_loss=0.0387  mi_loss=0.0001  mi_valid=0.75  div_loss=0.0001  kl_loss=0.0000 (disabled)  score=0.951  return=0.951  role_std=1.0896  role_norm=2.3394  enc_delta ego=0.0030 partner=0.0034 road=0.0046
[ROMA step 1,137,180,672] sps= 51,739  policy_loss=-0.0014  value_loss=0.0387  mi_loss=0.0001  mi_valid=0.75  div_loss=0.0002  kl_loss=0.0000 (disabled)  score=0.951  return=0.950  role_std=1.0839  role_norm=2.3060  enc_delta ego=0.0035 partner=0.0035 road=0.0042
[ROMA step 1,137,967,104] sps= 51,717  policy_loss=-0.0031  value_loss=0.0521  mi_loss=0.0001  mi_valid=0.73  div_loss=0.0011  kl_loss=0.0000 (disabled)  score=0.950  return=0.949  role_std=1.0606  role_norm=2.2419  enc_delta ego=0.0050 partner=0.0032 road=0.0040
[ROMA step 1,138,753,536] sps= 51,728  policy_loss=-0.0061  value_loss=0.0414  mi_loss=0.0001  mi_valid=0.74  div_loss=0.0002  kl_loss=0.0000 (disabled)  score=0.949  return=0.948  role_std=1.0637  role_norm=2.2558  enc_delta ego=0.0034 partner=0.0036 road=0.0049
[ROMA step 1,139,539,968] sps= 51,740  policy_loss=-0.0040  value_loss=0.0353  mi_loss=0.0001  mi_valid=0.73  div_loss=0.0001  kl_loss=0.0000 (disabled)  score=0.948  return=0.947  role_std=1.0713  role_norm=2.2915  enc_delta ego=0.0031 partner=0.0039 road=0.0052
[ROMA step 1,140,326,400] sps= 51,752  policy_loss=0.0018  value_loss=0.0401  mi_loss=0.0001  mi_valid=0.73  div_loss=0.0003  kl_loss=0.0000 (disabled)  score=0.948  return=0.947  role_std=1.0611  role_norm=2.2770  enc_delta ego=0.0027 partner=0.0031 road=0.0045
[ROMA step 1,141,112,832] sps= 51,732  policy_loss=-0.0031  value_loss=0.0533  mi_loss=0.0001  mi_valid=0.72  div_loss=0.0001  kl_loss=0.0000 (disabled)  score=0.949  return=0.947  role_std=1.0787  role_norm=2.2667  enc_delta ego=0.0037 partner=0.0040 road=0.0063
[ROMA step 1,141,899,264] sps= 51,744  policy_loss=-0.0001  value_loss=0.0422  mi_loss=0.0001  mi_valid=0.73  div_loss=0.0001  kl_loss=0.0000 (disabled)  score=0.948  return=0.946  role_std=1.0626  role_norm=2.2288  enc_delta ego=0.0035 partner=0.0040 road=0.0055
[ROMA step 1,142,685,696] sps= 51,756  policy_loss=0.0047  value_loss=0.0339  mi_loss=0.0001  mi_valid=0.73  div_loss=0.0000  kl_loss=0.0000 (disabled)  score=0.948  return=0.945  role_std=1.0647  role_norm=2.1995  enc_delta ego=0.0027 partner=0.0031 road=0.0039
[ROMA step 1,143,472,128] sps= 51,738  policy_loss=-0.0004  value_loss=0.0466  mi_loss=0.0001  mi_valid=0.71  div_loss=0.0007  kl_loss=0.0000 (disabled)  score=0.948  return=0.945  role_std=1.0530  role_norm=2.2511  enc_delta ego=0.0029 partner=0.0032 road=0.0040
[ROMA step 1,144,258,560] sps= 51,750  policy_loss=0.0015  value_loss=0.0511  mi_loss=0.0001  mi_valid=0.72  div_loss=0.0005  kl_loss=0.0000 (disabled)  score=0.947  return=0.942  role_std=1.0777  role_norm=2.2299  enc_delta ego=0.0039 partner=0.0040 road=0.0048
[ROMA step 1,145,044,992] sps= 51,762  policy_loss=-0.0017  value_loss=0.0506  mi_loss=0.0001  mi_valid=0.73  div_loss=0.0002  kl_loss=0.0000 (disabled)  score=0.947  return=0.942  role_std=1.0909  role_norm=2.2823  enc_delta ego=0.0032 partner=0.0049 road=0.0051
[ROMA step 1,145,831,424] sps= 51,774  policy_loss=-0.0048  value_loss=0.0524  mi_loss=0.0001  mi_valid=0.73  div_loss=-0.0000  kl_loss=0.0000 (disabled)  score=0.946  return=0.940  role_std=1.0959  role_norm=2.2808  enc_delta ego=0.0034 partner=0.0053 road=0.0058
[ROMA step 1,146,617,856] sps= 51,756  policy_loss=-0.0000  value_loss=0.0516  mi_loss=0.0001  mi_valid=0.71  div_loss=0.0001  kl_loss=0.0000 (disabled)  score=0.946  return=0.939  role_std=1.0736  role_norm=2.2592  enc_delta ego=0.0031 partner=0.0039 road=0.0053
[ROMA step 1,147,404,288] sps= 51,768  policy_loss=-0.0060  value_loss=0.0352  mi_loss=0.0001  mi_valid=0.72  div_loss=0.0009  kl_loss=0.0000 (disabled)  score=0.946  return=0.939  role_std=1.0882  role_norm=2.2923  enc_delta ego=0.0029 partner=0.0034 road=0.0045
[ROMA step 1,148,190,720] sps= 51,780  policy_loss=-0.0053  value_loss=0.0365  mi_loss=0.0001  mi_valid=0.72  div_loss=0.0003  kl_loss=0.0000 (disabled)  score=0.946  return=0.939  role_std=1.0957  role_norm=2.3255  enc_delta ego=0.0034 partner=0.0024 road=0.0045
[ROMA step 1,148,977,152] sps= 51,758  policy_loss=-0.0027  value_loss=0.0378  mi_loss=0.0001  mi_valid=0.70  div_loss=0.0005  kl_loss=0.0000 (disabled)  score=0.946  return=0.939  role_std=1.1009  role_norm=2.3177  enc_delta ego=0.0033 partner=0.0026 road=0.0041
[ROMA step 1,149,763,584] sps= 51,770  policy_loss=0.0002  value_loss=0.0381  mi_loss=0.0001  mi_valid=0.74  div_loss=0.0001  kl_loss=0.0000 (disabled)  score=0.945  return=0.939  role_std=1.0525  role_norm=2.1911  enc_delta ego=0.0032 partner=0.0038 road=0.0054
[ROMA step 1,150,550,016] sps= 51,782  policy_loss=0.0017  value_loss=0.0415  mi_loss=0.0001  mi_valid=0.73  div_loss=-0.0000  kl_loss=0.0000 (disabled)  score=0.945  return=0.940  role_std=1.0045  role_norm=2.1197  enc_delta ego=0.0030 partner=0.0045 road=0.0048
[ROMA step 1,151,336,448] sps= 51,794  policy_loss=-0.0043  value_loss=0.0386  mi_loss=0.0001  mi_valid=0.73  div_loss=0.0000  kl_loss=0.0000 (disabled)  score=0.945  return=0.939  role_std=1.0199  role_norm=2.1638  enc_delta ego=0.0030 partner=0.0042 road=0.0044
[ROMA step 1,152,122,880] sps= 51,775  policy_loss=-0.0008  value_loss=0.0482  mi_loss=0.0001  mi_valid=0.71  div_loss=0.0004  kl_loss=0.0000 (disabled)  score=0.944  return=0.938  role_std=0.9988  role_norm=2.1154  enc_delta ego=0.0033 partner=0.0031 road=0.0039
[ROMA step 1,152,909,312] sps= 51,785  policy_loss=0.0023  value_loss=0.0458  mi_loss=0.0001  mi_valid=0.73  div_loss=0.0003  kl_loss=0.0000 (disabled)  score=0.944  return=0.939  role_std=1.0102  role_norm=2.0833  enc_delta ego=0.0035 partner=0.0038 road=0.0045
[ROMA step 1,153,695,744] sps= 51,797  policy_loss=0.0025  value_loss=0.0433  mi_loss=0.0001  mi_valid=0.73  div_loss=0.0009  kl_loss=0.0000 (disabled)  score=0.945  return=0.939  role_std=1.0577  role_norm=2.1830  enc_delta ego=0.0034 partner=0.0039 road=0.0046
[ROMA step 1,154,482,176] sps= 51,809  policy_loss=-0.0007  value_loss=0.0393  mi_loss=0.0001  mi_valid=0.73  div_loss=0.0003  kl_loss=0.0000 (disabled)  score=0.945  return=0.939  role_std=1.0292  role_norm=2.1349  enc_delta ego=0.0029 partner=0.0038 road=0.0041
[ROMA step 1,155,268,608] sps= 51,789  policy_loss=-0.0018  value_loss=0.0616  mi_loss=0.0001  mi_valid=0.70  div_loss=0.0003  kl_loss=0.0000 (disabled)  score=0.945  return=0.938  role_std=1.0348  role_norm=2.1481  enc_delta ego=0.0031 partner=0.0045 road=0.0063
[ROMA step 1,156,055,040] sps= 51,801  policy_loss=-0.0013  value_loss=0.0572  mi_loss=0.0001  mi_valid=0.71  div_loss=-0.0000  kl_loss=0.0000 (disabled)  score=0.946  return=0.939  role_std=1.0394  role_norm=2.1835  enc_delta ego=0.0035 partner=0.0046 road=0.0057
[ROMA step 1,156,841,472] sps= 51,813  policy_loss=-0.0041  value_loss=0.0471  mi_loss=0.0001  mi_valid=0.71  div_loss=0.0001  kl_loss=0.0000 (disabled)  score=0.947  return=0.939  role_std=1.0523  role_norm=2.2171  enc_delta ego=0.0031 partner=0.0041 road=0.0048
[ROMA step 1,157,627,904] sps= 51,796  policy_loss=0.0041  value_loss=0.0537  mi_loss=0.0001  mi_valid=0.70  div_loss=0.0001  kl_loss=0.0000 (disabled)  score=0.948  return=0.940  role_std=1.1113  role_norm=2.3616  enc_delta ego=0.0031 partner=0.0035 road=0.0040
[ROMA step 1,158,414,336] sps= 51,808  policy_loss=-0.0038  value_loss=0.0416  mi_loss=0.0001  mi_valid=0.73  div_loss=-0.0000  kl_loss=0.0000 (disabled)  score=0.949  return=0.942  role_std=1.0528  role_norm=2.2217  enc_delta ego=0.0033 partner=0.0037 road=0.0041
[ROMA step 1,159,200,768] sps= 51,819  policy_loss=-0.0042  value_loss=0.0390  mi_loss=0.0001  mi_valid=0.72  div_loss=0.0002  kl_loss=0.0000 (disabled)  score=0.950  return=0.943  role_std=1.0469  role_norm=2.1955  enc_delta ego=0.0036 partner=0.0041 road=0.0041
[ROMA step 1,159,987,200] sps= 51,828  policy_loss=-0.0028  value_loss=0.0392  mi_loss=0.0001  mi_valid=0.72  div_loss=0.0004  kl_loss=0.0000 (disabled)  score=0.951  return=0.944  role_std=1.0491  role_norm=2.2228  enc_delta ego=0.0037 partner=0.0032 road=0.0039
[ROMA step 1,160,773,632] sps= 51,814  policy_loss=-0.0015  value_loss=0.0477  mi_loss=0.0001  mi_valid=0.70  div_loss=0.0002  kl_loss=0.0000 (disabled)  score=0.952  return=0.946  role_std=1.0797  role_norm=2.3079  enc_delta ego=0.0035 partner=0.0032 road=0.0041
[ROMA step 1,161,560,064] sps= 51,826  policy_loss=-0.0034  value_loss=0.0375  mi_loss=0.0001  mi_valid=0.72  div_loss=0.0005  kl_loss=0.0000 (disabled)  score=0.953  return=0.946  role_std=1.0860  role_norm=2.2876  enc_delta ego=0.0058 partner=0.0038 road=0.0050
[ROMA step 1,162,346,496] sps= 51,837  policy_loss=-0.0047  value_loss=0.0399  mi_loss=0.0001  mi_valid=0.72  div_loss=0.0001  kl_loss=0.0000 (disabled)  score=0.953  return=0.947  role_std=1.0796  role_norm=2.2670  enc_delta ego=0.0038 partner=0.0035 road=0.0038
[ROMA step 1,163,132,928] sps= 51,818  policy_loss=0.0029  value_loss=0.0528  mi_loss=0.0001  mi_valid=0.71  div_loss=0.0000  kl_loss=0.0000 (disabled)  score=0.953  return=0.948  role_std=1.0492  role_norm=2.1832  enc_delta ego=0.0035 partner=0.0032 road=0.0038
[ROMA step 1,163,919,360] sps= 51,828  policy_loss=0.0051  value_loss=0.0505  mi_loss=0.0001  mi_valid=0.72  div_loss=0.0006  kl_loss=0.0000 (disabled)  score=0.954  return=0.948  role_std=1.0664  role_norm=2.2877  enc_delta ego=0.0049 partner=0.0047 road=0.0053
[ROMA step 1,164,705,792] sps= 51,838  policy_loss=-0.0038  value_loss=0.0426  mi_loss=0.0001  mi_valid=0.73  div_loss=0.0000  kl_loss=0.0000 (disabled)  score=0.954  return=0.948  role_std=1.0477  role_norm=2.2370  enc_delta ego=0.0043 partner=0.0038 road=0.0050
[ROMA step 1,165,492,224] sps= 51,849  policy_loss=0.0003  value_loss=0.0420  mi_loss=0.0001  mi_valid=0.72  div_loss=0.0000  kl_loss=0.0000 (disabled)  score=0.955  return=0.951  role_std=1.0759  role_norm=2.2905  enc_delta ego=0.0032 partner=0.0038 road=0.0045
[ROMA step 1,166,278,656] sps= 51,823  policy_loss=0.0030  value_loss=0.0421  mi_loss=0.0001  mi_valid=0.71  div_loss=0.0001  kl_loss=0.0000 (disabled)  score=0.956  return=0.953  role_std=1.0910  role_norm=2.2879  enc_delta ego=0.0030 partner=0.0031 road=0.0043
[ROMA step 1,167,065,088] sps= 51,835  policy_loss=-0.0031  value_loss=0.0404  mi_loss=0.0001  mi_valid=0.72  div_loss=0.0003  kl_loss=0.0000 (disabled)  score=0.956  return=0.955  role_std=1.0639  role_norm=2.2330  enc_delta ego=0.0027 partner=0.0032 road=0.0041
[ROMA step 1,167,851,520] sps= 51,847  policy_loss=-0.0068  value_loss=0.0361  mi_loss=0.0001  mi_valid=0.72  div_loss=0.0001  kl_loss=0.0000 (disabled)  score=0.957  return=0.956  role_std=1.0706  role_norm=2.2797  enc_delta ego=0.0029 partner=0.0033 road=0.0037
[ROMA step 1,168,637,952] sps= 51,821  policy_loss=-0.0032  value_loss=0.0437  mi_loss=0.0001  mi_valid=0.70  div_loss=0.0002  kl_loss=0.0000 (disabled)  score=0.957  return=0.957  role_std=1.1316  role_norm=2.4651  enc_delta ego=0.0030 partner=0.0030 road=0.0045
[ROMA step 1,169,424,384] sps= 51,833  policy_loss=-0.0003  value_loss=0.0498  mi_loss=0.0001  mi_valid=0.71  div_loss=0.0003  kl_loss=0.0000 (disabled)  score=0.957  return=0.957  role_std=1.1184  role_norm=2.3894  enc_delta ego=0.0040 partner=0.0040 road=0.0051
[ROMA step 1,170,210,816] sps= 51,845  policy_loss=0.0080  value_loss=0.0453  mi_loss=0.0001  mi_valid=0.71  div_loss=-0.0000  kl_loss=0.0000 (disabled)  score=0.958  return=0.957  role_std=1.1784  role_norm=2.4580  enc_delta ego=0.0039 partner=0.0037 road=0.0041
[ROMA step 1,170,997,248] sps= 51,856  policy_loss=-0.0020  value_loss=0.0454  mi_loss=0.0001  mi_valid=0.71  div_loss=0.0001  kl_loss=0.0000 (disabled)  score=0.959  return=0.957  role_std=1.1275  role_norm=2.3542  enc_delta ego=0.0044 partner=0.0038 road=0.0044
[ROMA step 1,171,783,680] sps= 51,832  policy_loss=0.0061  value_loss=0.0534  mi_loss=0.0001  mi_valid=0.70  div_loss=0.0001  kl_loss=0.0000 (disabled)  score=0.959  return=0.958  role_std=1.0810  role_norm=2.2704  enc_delta ego=0.0052 partner=0.0039 road=0.0050
[ROMA step 1,172,570,112] sps= 51,842  policy_loss=-0.0055  value_loss=0.0457  mi_loss=0.0001  mi_valid=0.73  div_loss=0.0001  kl_loss=0.0000 (disabled)  score=0.960  return=0.958  role_std=1.0767  role_norm=2.2944  enc_delta ego=0.0043 partner=0.0042 road=0.0057
[ROMA step 1,173,356,544] sps= 51,854  policy_loss=-0.0091  value_loss=0.0361  mi_loss=0.0001  mi_valid=0.72  div_loss=0.0001  kl_loss=0.0000 (disabled)  score=0.960  return=0.959  role_std=1.0543  role_norm=2.2635  enc_delta ego=0.0031 partner=0.0038 road=0.0040
[ROMA step 1,174,142,976] sps= 51,830  policy_loss=-0.0038  value_loss=0.0476  mi_loss=0.0001  mi_valid=0.70  div_loss=0.0001  kl_loss=0.0000 (disabled)  score=0.960  return=0.960  role_std=1.0792  role_norm=2.3286  enc_delta ego=0.0032 partner=0.0034 road=0.0040
[ROMA step 1,174,929,408] sps= 51,842  policy_loss=-0.0005  value_loss=0.0423  mi_loss=0.0001  mi_valid=0.73  div_loss=0.0000  kl_loss=0.0000 (disabled)  score=0.961  return=0.960  role_std=1.0616  role_norm=2.2115  enc_delta ego=0.0043 partner=0.0033 road=0.0044
[ROMA step 1,175,715,840] sps= 51,854  policy_loss=-0.0044  value_loss=0.0386  mi_loss=0.0001  mi_valid=0.72  div_loss=0.0004  kl_loss=0.0000 (disabled)  score=0.961  return=0.961  role_std=1.0801  role_norm=2.2630  enc_delta ego=0.0038 partner=0.0029 road=0.0044
[ROMA step 1,176,502,272] sps= 51,865  policy_loss=0.0014  value_loss=0.0361  mi_loss=0.0001  mi_valid=0.72  div_loss=0.0001  kl_loss=0.0000 (disabled)  score=0.961  return=0.961  role_std=1.0866  role_norm=2.2721  enc_delta ego=0.0029 partner=0.0027 road=0.0035
[ROMA step 1,177,288,704] sps= 51,844  policy_loss=-0.0074  value_loss=0.0485  mi_loss=0.0002  mi_valid=0.70  div_loss=0.0002  kl_loss=0.0000 (disabled)  score=0.961  return=0.962  role_std=1.0884  role_norm=2.2993  enc_delta ego=0.0034 partner=0.0032 road=0.0045
[ROMA step 1,178,075,136] sps= 51,856  policy_loss=-0.0012  value_loss=0.0475  mi_loss=0.0002  mi_valid=0.72  div_loss=0.0002  kl_loss=0.0000 (disabled)  score=0.961  return=0.962  role_std=1.0740  role_norm=2.2793  enc_delta ego=0.0035 partner=0.0035 road=0.0045
[ROMA step 1,178,861,568] sps= 51,868  policy_loss=0.0017  value_loss=0.0437  mi_loss=0.0001  mi_valid=0.73  div_loss=0.0001  kl_loss=0.0000 (disabled)  score=0.961  return=0.963  role_std=1.1019  role_norm=2.3050  enc_delta ego=0.0033 partner=0.0035 road=0.0043
[ROMA step 1,179,648,000] sps= 51,879  policy_loss=-0.0034  value_loss=0.0502  mi_loss=0.0001  mi_valid=0.73  div_loss=0.0002  kl_loss=0.0000 (disabled)  score=0.961  return=0.962  role_std=1.1129  role_norm=2.3230  enc_delta ego=0.0045 partner=0.0037 road=0.0043
[ROMA step 1,180,434,432] sps= 51,855  policy_loss=-0.0017  value_loss=0.0635  mi_loss=0.0001  mi_valid=0.70  div_loss=0.0006  kl_loss=0.0000 (disabled)  score=0.961  return=0.963  role_std=1.1364  role_norm=2.3626  enc_delta ego=0.0037 partner=0.0044 road=0.0046
[ROMA step 1,181,220,864] sps= 51,867  policy_loss=0.0006  value_loss=0.0404  mi_loss=0.0001  mi_valid=0.72  div_loss=0.0001  kl_loss=0.0000 (disabled)  score=0.961  return=0.963  role_std=1.1057  role_norm=2.3081  enc_delta ego=0.0027 partner=0.0037 road=0.0042
[ROMA step 1,182,007,296] sps= 51,879  policy_loss=-0.0088  value_loss=0.0371  mi_loss=0.0001  mi_valid=0.72  div_loss=0.0001  kl_loss=0.0000 (disabled)  score=0.961  return=0.964  role_std=1.1101  role_norm=2.3253  enc_delta ego=0.0028 partner=0.0036 road=0.0041
[ROMA step 1,182,793,728] sps= 51,845  policy_loss=-0.0003  value_loss=0.0494  mi_loss=0.0001  mi_valid=0.70  div_loss=0.0000  kl_loss=0.0000 (disabled)  score=0.961  return=0.964  role_std=1.0990  role_norm=2.4242  enc_delta ego=0.0034 partner=0.0034 road=0.0043
[ROMA step 1,183,580,160] sps= 51,857  policy_loss=-0.0081  value_loss=0.0356  mi_loss=0.0001  mi_valid=0.73  div_loss=0.0002  kl_loss=0.0000 (disabled)  score=0.961  return=0.964  role_std=1.0643  role_norm=2.2395  enc_delta ego=0.0032 partner=0.0029 road=0.0054
[ROMA step 1,184,366,592] sps= 51,869  policy_loss=0.0031  value_loss=0.0402  mi_loss=0.0001  mi_valid=0.72  div_loss=0.0001  kl_loss=0.0000 (disabled)  score=0.961  return=0.964  role_std=1.0814  role_norm=2.2859  enc_delta ego=0.0029 partner=0.0029 road=0.0049
[ROMA step 1,185,153,024] sps= 51,880  policy_loss=-0.0017  value_loss=0.0333  mi_loss=0.0001  mi_valid=0.72  div_loss=0.0000  kl_loss=0.0000 (disabled)  score=0.961  return=0.964  role_std=1.0748  role_norm=2.2590  enc_delta ego=0.0027 partner=0.0029 road=0.0041
[ROMA step 1,185,939,456] sps= 51,852  policy_loss=-0.0036  value_loss=0.0461  mi_loss=0.0001  mi_valid=0.70  div_loss=0.0000  kl_loss=0.0000 (disabled)  score=0.961  return=0.965  role_std=1.1203  role_norm=2.3548  enc_delta ego=0.0045 partner=0.0036 road=0.0050
[ROMA step 1,186,725,888] sps= 51,864  policy_loss=-0.0028  value_loss=0.0315  mi_loss=0.0001  mi_valid=0.72  div_loss=0.0001  kl_loss=0.0000 (disabled)  score=0.961  return=0.965  role_std=1.1380  role_norm=2.3766  enc_delta ego=0.0038 partner=0.0029 road=0.0044
[ROMA step 1,187,512,320] sps= 51,876  policy_loss=-0.0032  value_loss=0.0263  mi_loss=0.0001  mi_valid=0.72  div_loss=0.0001  kl_loss=0.0000 (disabled)  score=0.961  return=0.965  role_std=1.1351  role_norm=2.3968  enc_delta ego=0.0039 partner=0.0030 road=0.0044
[ROMA step 1,188,298,752] sps= 51,846  policy_loss=-0.0025  value_loss=0.0432  mi_loss=0.0001  mi_valid=0.71  div_loss=0.0000  kl_loss=0.0000 (disabled)  score=0.961  return=0.965  role_std=1.1087  role_norm=2.3498  enc_delta ego=0.0035 partner=0.0031 road=0.0040
[ROMA step 1,189,085,184] sps= 51,858  policy_loss=-0.0002  value_loss=0.0404  mi_loss=0.0001  mi_valid=0.71  div_loss=-0.0000  kl_loss=0.0000 (disabled)  score=0.961  return=0.965  role_std=1.1179  role_norm=2.4207  enc_delta ego=0.0032 partner=0.0038 road=0.0046
[ROMA step 1,189,871,616] sps= 51,869  policy_loss=-0.0009  value_loss=0.0381  mi_loss=0.0001  mi_valid=0.71  div_loss=0.0001  kl_loss=0.0000 (disabled)  score=0.961  return=0.964  role_std=1.1195  role_norm=2.4078  enc_delta ego=0.0029 partner=0.0042 road=0.0046
[ROMA step 1,190,658,048] sps= 51,880  policy_loss=-0.0054  value_loss=0.0263  mi_loss=0.0001  mi_valid=0.72  div_loss=0.0000  kl_loss=0.0000 (disabled)  score=0.961  return=0.966  role_std=1.1135  role_norm=2.3974  enc_delta ego=0.0023 partner=0.0029 road=0.0039
[ROMA step 1,191,444,480] sps= 51,850  policy_loss=-0.0010  value_loss=0.0407  mi_loss=0.0001  mi_valid=0.71  div_loss=0.0000  kl_loss=0.0000 (disabled)  score=0.961  return=0.967  role_std=1.1316  role_norm=2.4353  enc_delta ego=0.0032 partner=0.0033 road=0.0039
[ROMA step 1,192,230,912] sps= 51,862  policy_loss=-0.0040  value_loss=0.0326  mi_loss=0.0001  mi_valid=0.72  div_loss=0.0000  kl_loss=0.0000 (disabled)  score=0.961  return=0.968  role_std=1.1150  role_norm=2.4297  enc_delta ego=0.0033 partner=0.0034 road=0.0045
[ROMA step 1,193,017,344] sps= 51,873  policy_loss=-0.0005  value_loss=0.0342  mi_loss=0.0001  mi_valid=0.71  div_loss=0.0001  kl_loss=0.0000 (disabled)  score=0.961  return=0.967  role_std=1.1462  role_norm=2.4616  enc_delta ego=0.0030 partner=0.0033 road=0.0044
[ROMA step 1,193,803,776] sps= 51,847  policy_loss=-0.0057  value_loss=0.0391  mi_loss=0.0001  mi_valid=0.70  div_loss=0.0001  kl_loss=0.0000 (disabled)  score=0.961  return=0.968  role_std=1.0971  role_norm=2.3966  enc_delta ego=0.0025 partner=0.0026 road=0.0052
[ROMA step 1,194,590,208] sps= 51,859  policy_loss=-0.0036  value_loss=0.0397  mi_loss=0.0001  mi_valid=0.72  div_loss=0.0000  kl_loss=0.0000 (disabled)  score=0.962  return=0.969  role_std=1.1025  role_norm=2.3617  enc_delta ego=0.0027 partner=0.0034 road=0.0045
[ROMA step 1,195,376,640] sps= 51,871  policy_loss=-0.0050  value_loss=0.0339  mi_loss=0.0001  mi_valid=0.72  div_loss=0.0000  kl_loss=0.0000 (disabled)  score=0.962  return=0.970  role_std=1.1197  role_norm=2.3347  enc_delta ego=0.0025 partner=0.0035 road=0.0043
[ROMA step 1,196,163,072] sps= 51,883  policy_loss=-0.0055  value_loss=0.0364  mi_loss=0.0001  mi_valid=0.73  div_loss=0.0000  kl_loss=0.0000 (disabled)  score=0.962  return=0.970  role_std=1.1408  role_norm=2.3559  enc_delta ego=0.0040 partner=0.0034 road=0.0046
[ROMA step 1,196,949,504] sps= 51,849  policy_loss=-0.0024  value_loss=0.0416  mi_loss=0.0001  mi_valid=0.71  div_loss=0.0002  kl_loss=0.0000 (disabled)  score=0.962  return=0.971  role_std=1.1391  role_norm=2.4095  enc_delta ego=0.0028 partner=0.0034 road=0.0045
[ROMA step 1,197,735,936] sps= 51,858  policy_loss=-0.0041  value_loss=0.0332  mi_loss=0.0001  mi_valid=0.72  div_loss=0.0001  kl_loss=0.0000 (disabled)  score=0.962  return=0.971  role_std=1.1265  role_norm=2.4196  enc_delta ego=0.0028 partner=0.0038 road=0.0041
[ROMA step 1,198,522,368] sps= 51,867  policy_loss=-0.0070  value_loss=0.0264  mi_loss=0.0001  mi_valid=0.72  div_loss=0.0000  kl_loss=0.0000 (disabled)  score=0.962  return=0.972  role_std=1.1397  role_norm=2.3980  enc_delta ego=0.0027 partner=0.0044 road=0.0046
[ROMA step 1,199,308,800] sps= 51,836  policy_loss=0.0002  value_loss=0.0334  mi_loss=0.0001  mi_valid=0.70  div_loss=0.0001  kl_loss=0.0000 (disabled)  score=0.963  return=0.973  role_std=1.1626  role_norm=2.3922  enc_delta ego=0.0030 partner=0.0032 road=0.0037
[ROMA step 1,200,095,232] sps= 51,846  policy_loss=-0.0107  value_loss=0.0507  mi_loss=0.0001  mi_valid=0.73  div_loss=0.0001  kl_loss=0.0000 (disabled)  score=0.963  return=0.973  role_std=1.1327  role_norm=2.3748  enc_delta ego=0.0042 partner=0.0036 road=0.0058
[ROMA step 1,200,881,664] sps= 51,858  policy_loss=0.0008  value_loss=0.0395  mi_loss=0.0001  mi_valid=0.73  div_loss=0.0001  kl_loss=0.0000 (disabled)  score=0.963  return=0.973  role_std=1.1441  role_norm=2.3613  enc_delta ego=0.0036 partner=0.0038 road=0.0051
[ROMA step 1,201,668,096] sps= 51,870  policy_loss=0.0018  value_loss=0.0444  mi_loss=0.0001  mi_valid=0.72  div_loss=0.0002  kl_loss=0.0000 (disabled)  score=0.962  return=0.972  role_std=1.1052  role_norm=2.3226  enc_delta ego=0.0037 partner=0.0034 road=0.0052
[ROMA step 1,202,454,528] sps= 51,826  policy_loss=-0.0016  value_loss=0.0458  mi_loss=0.0001  mi_valid=0.71  div_loss=0.0021  kl_loss=0.0000 (disabled)  score=0.962  return=0.971  role_std=1.1112  role_norm=2.4234  enc_delta ego=0.0027 partner=0.0029 road=0.0047
[ROMA step 1,203,240,960] sps= 51,837  policy_loss=0.0004  value_loss=0.0501  mi_loss=0.0001  mi_valid=0.73  div_loss=0.0004  kl_loss=0.0000 (disabled)  score=0.961  return=0.970  role_std=1.1276  role_norm=2.3499  enc_delta ego=0.0036 partner=0.0034 road=0.0055
[ROMA step 1,204,027,392] sps= 51,848  policy_loss=-0.0072  value_loss=0.0338  mi_loss=0.0001  mi_valid=0.73  div_loss=0.0001  kl_loss=0.0000 (disabled)  score=0.960  return=0.969  role_std=1.1450  role_norm=2.4134  enc_delta ego=0.0041 partner=0.0046 road=0.0057
[ROMA step 1,204,813,824] sps= 51,859  policy_loss=0.0010  value_loss=0.0329  mi_loss=0.0001  mi_valid=0.74  div_loss=0.0002  kl_loss=0.0000 (disabled)  score=0.960  return=0.969  role_std=1.1131  role_norm=2.3551  enc_delta ego=0.0034 partner=0.0038 road=0.0049
[ROMA step 1,205,600,256] sps= 51,827  policy_loss=-0.0003  value_loss=0.0558  mi_loss=0.0001  mi_valid=0.72  div_loss=0.0012  kl_loss=0.0000 (disabled)  score=0.959  return=0.968  role_std=1.0562  role_norm=2.2673  enc_delta ego=0.0040 partner=0.0041 road=0.0051
[ROMA step 1,206,386,688] sps= 51,838  policy_loss=-0.0034  value_loss=0.0418  mi_loss=0.0001  mi_valid=0.73  div_loss=0.0001  kl_loss=0.0000 (disabled)  score=0.958  return=0.966  role_std=1.0568  role_norm=2.3000  enc_delta ego=0.0030 partner=0.0031 road=0.0042
[ROMA step 1,207,173,120] sps= 51,850  policy_loss=0.0026  value_loss=0.0397  mi_loss=0.0001  mi_valid=0.73  div_loss=0.0001  kl_loss=0.0000 (disabled)  score=0.957  return=0.964  role_std=1.0748  role_norm=2.2988  enc_delta ego=0.0030 partner=0.0034 road=0.0041
[ROMA step 1,207,959,552] sps= 51,826  policy_loss=-0.0055  value_loss=0.0383  mi_loss=0.0001  mi_valid=0.71  div_loss=0.0000  kl_loss=0.0000 (disabled)  score=0.957  return=0.964  role_std=1.1305  role_norm=2.4367  enc_delta ego=0.0031 partner=0.0028 road=0.0042
[ROMA step 1,208,745,984] sps= 51,837  policy_loss=-0.0023  value_loss=0.0386  mi_loss=0.0001  mi_valid=0.72  div_loss=0.0004  kl_loss=0.0000 (disabled)  score=0.958  return=0.964  role_std=1.1456  role_norm=2.4242  enc_delta ego=0.0055 partner=0.0036 road=0.0050
[ROMA step 1,209,532,416] sps= 51,849  policy_loss=-0.0074  value_loss=0.0380  mi_loss=0.0001  mi_valid=0.71  div_loss=0.0005  kl_loss=0.0000 (disabled)  score=0.957  return=0.964  role_std=1.1376  role_norm=2.4074  enc_delta ego=0.0032 partner=0.0034 road=0.0048
[ROMA step 1,210,318,848] sps= 51,861  policy_loss=-0.0042  value_loss=0.0361  mi_loss=0.0001  mi_valid=0.71  div_loss=0.0002  kl_loss=0.0000 (disabled)  score=0.957  return=0.964  role_std=1.1417  role_norm=2.4364  enc_delta ego=0.0032 partner=0.0030 road=0.0042
[ROMA step 1,211,105,280] sps= 51,835  policy_loss=-0.0066  value_loss=0.0380  mi_loss=0.0001  mi_valid=0.70  div_loss=0.0001  kl_loss=0.0000 (disabled)  score=0.957  return=0.965  role_std=1.1272  role_norm=2.4433  enc_delta ego=0.0071 partner=0.0028 road=0.0044
[ROMA step 1,211,891,712] sps= 51,847  policy_loss=-0.0025  value_loss=0.0296  mi_loss=0.0001  mi_valid=0.71  div_loss=-0.0000  kl_loss=0.0000 (disabled)  score=0.957  return=0.965  role_std=1.1408  role_norm=2.3723  enc_delta ego=0.0038 partner=0.0030 road=0.0046
[ROMA step 1,212,678,144] sps= 51,859  policy_loss=-0.0007  value_loss=0.0280  mi_loss=0.0001  mi_valid=0.72  div_loss=0.0001  kl_loss=0.0000 (disabled)  score=0.957  return=0.965  role_std=1.1766  role_norm=2.4751  enc_delta ego=0.0028 partner=0.0031 road=0.0034
[ROMA step 1,213,464,576] sps= 51,833  policy_loss=0.0014  value_loss=0.0423  mi_loss=0.0001  mi_valid=0.70  div_loss=0.0000  kl_loss=0.0000 (disabled)  score=0.958  return=0.965  role_std=1.0613  role_norm=2.1932  enc_delta ego=0.0026 partner=0.0034 road=0.0039
[ROMA step 1,214,251,008] sps= 51,844  policy_loss=-0.0029  value_loss=0.0328  mi_loss=0.0001  mi_valid=0.72  div_loss=0.0002  kl_loss=0.0000 (disabled)  score=0.958  return=0.966  role_std=1.0736  role_norm=2.2885  enc_delta ego=0.0031 partner=0.0034 road=0.0043
[ROMA step 1,215,037,440] sps= 51,855  policy_loss=-0.0035  value_loss=0.0339  mi_loss=0.0001  mi_valid=0.72  div_loss=0.0001  kl_loss=0.0000 (disabled)  score=0.958  return=0.968  role_std=1.0640  role_norm=2.2868  enc_delta ego=0.0032 partner=0.0030 road=0.0042
[ROMA step 1,215,823,872] sps= 51,866  policy_loss=-0.0075  value_loss=0.0275  mi_loss=0.0001  mi_valid=0.72  div_loss=0.0003  kl_loss=0.0000 (disabled)  score=0.958  return=0.968  role_std=1.0756  role_norm=2.3053  enc_delta ego=0.0025 partner=0.0028 road=0.0036
[ROMA step 1,216,610,304] sps= 51,844  policy_loss=-0.0064  value_loss=0.0522  mi_loss=0.0001  mi_valid=0.71  div_loss=0.0002  kl_loss=0.0000 (disabled)  score=0.959  return=0.968  role_std=1.1544  role_norm=2.4207  enc_delta ego=0.0040 partner=0.0034 road=0.0054
[ROMA step 1,217,396,736] sps= 51,855  policy_loss=-0.0033  value_loss=0.0432  mi_loss=0.0001  mi_valid=0.73  div_loss=0.0001  kl_loss=0.0000 (disabled)  score=0.959  return=0.967  role_std=1.0817  role_norm=2.2601  enc_delta ego=0.0034 partner=0.0038 road=0.0053
[ROMA step 1,218,183,168] sps= 51,866  policy_loss=0.0024  value_loss=0.0352  mi_loss=0.0001  mi_valid=0.72  div_loss=0.0000  kl_loss=0.0000 (disabled)  score=0.958  return=0.966  role_std=1.0626  role_norm=2.1968  enc_delta ego=0.0034 partner=0.0029 road=0.0045
[ROMA step 1,218,969,600] sps= 51,841  policy_loss=0.0018  value_loss=0.0417  mi_loss=0.0001  mi_valid=0.71  div_loss=0.0001  kl_loss=0.0000 (disabled)  score=0.958  return=0.965  role_std=1.0065  role_norm=2.2208  enc_delta ego=0.0027 partner=0.0027 road=0.0047
[ROMA step 1,219,756,032] sps= 51,853  policy_loss=0.0002  value_loss=0.0378  mi_loss=0.0001  mi_valid=0.72  div_loss=0.0000  kl_loss=0.0000 (disabled)  score=0.958  return=0.965  role_std=1.0477  role_norm=2.2247  enc_delta ego=0.0031 partner=0.0036 road=0.0051
[ROMA step 1,220,542,464] sps= 51,863  policy_loss=-0.0012  value_loss=0.0344  mi_loss=0.0001  mi_valid=0.73  div_loss=0.0001  kl_loss=0.0000 (disabled)  score=0.958  return=0.965  role_std=1.0445  role_norm=2.2327  enc_delta ego=0.0022 partner=0.0033 road=0.0041
[ROMA step 1,221,328,896] sps= 51,874  policy_loss=-0.0064  value_loss=0.0386  mi_loss=0.0001  mi_valid=0.73  div_loss=0.0015  kl_loss=0.0000 (disabled)  score=0.958  return=0.966  role_std=1.0871  role_norm=2.3010  enc_delta ego=0.0023 partner=0.0039 road=0.0044
[ROMA step 1,222,115,328] sps= 51,850  policy_loss=-0.0019  value_loss=0.0582  mi_loss=0.0001  mi_valid=0.73  div_loss=0.0004  kl_loss=0.0000 (disabled)  score=0.958  return=0.966  role_std=1.0571  role_norm=2.2152  enc_delta ego=0.0028 partner=0.0045 road=0.0040
[ROMA step 1,222,901,760] sps= 51,861  policy_loss=0.0014  value_loss=0.0609  mi_loss=0.0001  mi_valid=0.73  div_loss=0.0002  kl_loss=0.0000 (disabled)  score=0.958  return=0.965  role_std=1.1002  role_norm=2.3525  enc_delta ego=0.0031 partner=0.0038 road=0.0047
[ROMA step 1,223,688,192] sps= 51,873  policy_loss=0.0010  value_loss=0.0413  mi_loss=0.0001  mi_valid=0.73  div_loss=0.0000  kl_loss=0.0000 (disabled)  score=0.957  return=0.963  role_std=1.1449  role_norm=2.4375  enc_delta ego=0.0033 partner=0.0031 road=0.0041
[ROMA step 1,224,474,624] sps= 51,851  policy_loss=-0.0022  value_loss=0.0478  mi_loss=0.0001  mi_valid=0.70  div_loss=0.0003  kl_loss=0.0000 (disabled)  score=0.957  return=0.963  role_std=1.1892  role_norm=2.4613  enc_delta ego=0.0032 partner=0.0027 road=0.0037
[ROMA step 1,225,261,056] sps= 51,863  policy_loss=0.0004  value_loss=0.0439  mi_loss=0.0001  mi_valid=0.75  div_loss=0.0000  kl_loss=0.0000 (disabled)  score=0.958  return=0.964  role_std=1.1680  role_norm=2.4392  enc_delta ego=0.0047 partner=0.0035 road=0.0057
[ROMA step 1,226,047,488] sps= 51,874  policy_loss=0.0015  value_loss=0.0411  mi_loss=0.0001  mi_valid=0.74  div_loss=0.0001  kl_loss=0.0000 (disabled)  score=0.957  return=0.962  role_std=1.1012  role_norm=2.3004  enc_delta ego=0.0041 partner=0.0033 road=0.0053
[ROMA step 1,226,833,920] sps= 51,885  policy_loss=-0.0088  value_loss=0.0285  mi_loss=0.0001  mi_valid=0.73  div_loss=0.0000  kl_loss=0.0000 (disabled)  score=0.957  return=0.962  role_std=1.1214  role_norm=2.3581  enc_delta ego=0.0026 partner=0.0031 road=0.0043
[ROMA step 1,227,620,352] sps= 51,868  policy_loss=-0.0091  value_loss=0.0345  mi_loss=0.0001  mi_valid=0.72  div_loss=0.0005  kl_loss=0.0000 (disabled)  score=0.958  return=0.964  role_std=1.0734  role_norm=2.2785  enc_delta ego=0.0025 partner=0.0027 road=0.0038
[ROMA step 1,228,406,784] sps= 51,880  policy_loss=-0.0075  value_loss=0.0334  mi_loss=0.0001  mi_valid=0.73  div_loss=0.0001  kl_loss=0.0000 (disabled)  score=0.958  return=0.965  role_std=1.0606  role_norm=2.2401  enc_delta ego=0.0026 partner=0.0030 road=0.0037
[ROMA step 1,229,193,216] sps= 51,891  policy_loss=0.0022  value_loss=0.0324  mi_loss=0.0001  mi_valid=0.73  div_loss=0.0001  kl_loss=0.0000 (disabled)  score=0.958  return=0.966  role_std=1.0749  role_norm=2.2742  enc_delta ego=0.0026 partner=0.0032 road=0.0040
[ROMA step 1,229,979,648] sps= 51,902  policy_loss=0.0045  value_loss=0.0320  mi_loss=0.0001  mi_valid=0.73  div_loss=0.0001  kl_loss=0.0000 (disabled)  score=0.958  return=0.965  role_std=1.0817  role_norm=2.2587  enc_delta ego=0.0025 partner=0.0029 road=0.0033
[ROMA step 1,230,766,080] sps= 51,879  policy_loss=-0.0043  value_loss=0.0389  mi_loss=0.0001  mi_valid=0.70  div_loss=-0.0000  kl_loss=0.0000 (disabled)  score=0.958  return=0.966  role_std=1.1288  role_norm=2.3424  enc_delta ego=0.0023 partner=0.0029 road=0.0036
[ROMA step 1,231,552,512] sps= 51,891  policy_loss=-0.0037  value_loss=0.0301  mi_loss=0.0001  mi_valid=0.71  div_loss=-0.0000  kl_loss=0.0000 (disabled)  score=0.958  return=0.966  role_std=1.1339  role_norm=2.3946  enc_delta ego=0.0023 partner=0.0029 road=0.0040
[ROMA step 1,232,338,944] sps= 51,901  policy_loss=-0.0022  value_loss=0.0332  mi_loss=0.0001  mi_valid=0.71  div_loss=0.0000  kl_loss=0.0000 (disabled)  score=0.958  return=0.966  role_std=1.1776  role_norm=2.4497  enc_delta ego=0.0024 partner=0.0032 road=0.0039
[ROMA step 1,233,125,376] sps= 51,872  policy_loss=-0.0013  value_loss=0.0450  mi_loss=0.0001  mi_valid=0.70  div_loss=0.0000  kl_loss=0.0000 (disabled)  score=0.958  return=0.966  role_std=1.1725  role_norm=2.4586  enc_delta ego=0.0035 partner=0.0039 road=0.0046
[ROMA step 1,233,911,808] sps= 51,883  policy_loss=-0.0007  value_loss=0.0432  mi_loss=0.0001  mi_valid=0.73  div_loss=0.0001  kl_loss=0.0000 (disabled)  score=0.958  return=0.966  role_std=1.1081  role_norm=2.3380  enc_delta ego=0.0032 partner=0.0041 road=0.0044
[ROMA step 1,234,698,240] sps= 51,894  policy_loss=0.0017  value_loss=0.0422  mi_loss=0.0001  mi_valid=0.73  div_loss=0.0002  kl_loss=0.0000 (disabled)  score=0.958  return=0.965  role_std=1.0993  role_norm=2.3075  enc_delta ego=0.0026 partner=0.0032 road=0.0042
[ROMA step 1,235,484,672] sps= 51,904  policy_loss=-0.0052  value_loss=0.0286  mi_loss=0.0001  mi_valid=0.73  div_loss=0.0002  kl_loss=0.0000 (disabled)  score=0.957  return=0.964  role_std=1.0982  role_norm=2.3257  enc_delta ego=0.0025 partner=0.0031 road=0.0040
[ROMA step 1,236,271,104] sps= 51,857  policy_loss=-0.0033  value_loss=0.0447  mi_loss=0.0001  mi_valid=0.71  div_loss=0.0001  kl_loss=0.0000 (disabled)  score=0.957  return=0.964  role_std=1.1791  role_norm=2.5041  enc_delta ego=0.0031 partner=0.0025 road=0.0044
[ROMA step 1,237,057,536] sps= 51,868  policy_loss=-0.0080  value_loss=0.0355  mi_loss=0.0001  mi_valid=0.72  div_loss=0.0001  kl_loss=0.0000 (disabled)  score=0.957  return=0.963  role_std=1.1729  role_norm=2.4435  enc_delta ego=0.0031 partner=0.0027 road=0.0045
[ROMA step 1,237,843,968] sps= 51,878  policy_loss=-0.0005  value_loss=0.0372  mi_loss=0.0001  mi_valid=0.73  div_loss=0.0001  kl_loss=0.0000 (disabled)  score=0.956  return=0.962  role_std=1.1868  role_norm=2.4870  enc_delta ego=0.0070 partner=0.0032 road=0.0051
[ROMA step 1,238,630,400] sps= 51,848  policy_loss=0.0016  value_loss=0.0467  mi_loss=0.0001  mi_valid=0.71  div_loss=-0.0000  kl_loss=0.0000 (disabled)  score=0.955  return=0.962  role_std=1.1350  role_norm=2.3458  enc_delta ego=0.0038 partner=0.0034 road=0.0047
[ROMA step 1,239,416,832] sps= 51,859  policy_loss=0.0000  value_loss=0.0422  mi_loss=0.0001  mi_valid=0.72  div_loss=0.0000  kl_loss=0.0000 (disabled)  score=0.955  return=0.962  role_std=1.1548  role_norm=2.4533  enc_delta ego=0.0045 partner=0.0035 road=0.0056
[ROMA step 1,240,203,264] sps= 51,870  policy_loss=-0.0033  value_loss=0.0394  mi_loss=0.0001  mi_valid=0.72  div_loss=0.0003  kl_loss=0.0000 (disabled)  score=0.955  return=0.961  role_std=1.2171  role_norm=2.5753  enc_delta ego=0.0034 partner=0.0034 road=0.0043
[ROMA step 1,240,989,696] sps= 51,881  policy_loss=-0.0063  value_loss=0.0302  mi_loss=0.0001  mi_valid=0.72  div_loss=0.0000  kl_loss=0.0000 (disabled)  score=0.955  return=0.961  role_std=1.2035  role_norm=2.5443  enc_delta ego=0.0025 partner=0.0030 road=0.0042
[ROMA step 1,241,776,128] sps= 51,835  policy_loss=-0.0074  value_loss=0.0453  mi_loss=0.0001  mi_valid=0.71  div_loss=0.0001  kl_loss=0.0000 (disabled)  score=0.956  return=0.962  role_std=1.2097  role_norm=2.5148  enc_delta ego=0.0035 partner=0.0034 road=0.0048
[ROMA step 1,242,562,560] sps= 51,846  policy_loss=0.0030  value_loss=0.0370  mi_loss=0.0001  mi_valid=0.72  div_loss=0.0006  kl_loss=0.0000 (disabled)  score=0.955  return=0.962  role_std=1.1386  role_norm=2.3898  enc_delta ego=0.0038 partner=0.0041 road=0.0047
[ROMA step 1,243,348,992] sps= 51,857  policy_loss=-0.0021  value_loss=0.0339  mi_loss=0.0001  mi_valid=0.72  div_loss=0.0002  kl_loss=0.0000 (disabled)  score=0.955  return=0.962  role_std=1.1661  role_norm=2.4168  enc_delta ego=0.0035 partner=0.0031 road=0.0036
[ROMA step 1,244,135,424] sps= 51,831  policy_loss=-0.0022  value_loss=0.0471  mi_loss=0.0001  mi_valid=0.71  div_loss=0.0007  kl_loss=0.0000 (disabled)  score=0.956  return=0.964  role_std=1.1294  role_norm=2.4603  enc_delta ego=0.0033 partner=0.0038 road=0.0046
[ROMA step 1,244,921,856] sps= 51,842  policy_loss=0.0029  value_loss=0.0488  mi_loss=0.0001  mi_valid=0.72  div_loss=0.0001  kl_loss=0.0000 (disabled)  score=0.957  return=0.964  role_std=1.1277  role_norm=2.3912  enc_delta ego=0.0029 partner=0.0044 road=0.0045
[ROMA step 1,245,708,288] sps= 51,852  policy_loss=-0.0020  value_loss=0.0409  mi_loss=0.0001  mi_valid=0.72  div_loss=0.0001  kl_loss=0.0000 (disabled)  score=0.957  return=0.965  role_std=1.1170  role_norm=2.3611  enc_delta ego=0.0025 partner=0.0032 road=0.0040
[ROMA step 1,246,494,720] sps= 51,863  policy_loss=-0.0071  value_loss=0.0405  mi_loss=0.0001  mi_valid=0.73  div_loss=0.0001  kl_loss=0.0000 (disabled)  score=0.958  return=0.967  role_std=1.1261  role_norm=2.3923  enc_delta ego=0.0023 partner=0.0036 road=0.0035
[ROMA step 1,247,281,152] sps= 51,827  policy_loss=-0.0076  value_loss=0.0429  mi_loss=0.0001  mi_valid=0.71  div_loss=0.0001  kl_loss=0.0000 (disabled)  score=0.959  return=0.968  role_std=1.1465  role_norm=2.3676  enc_delta ego=0.0030 partner=0.0036 road=0.0042
[ROMA step 1,248,067,584] sps= 51,838  policy_loss=-0.0005  value_loss=0.0296  mi_loss=0.0001  mi_valid=0.72  div_loss=0.0002  kl_loss=0.0000 (disabled)  score=0.960  return=0.970  role_std=1.1511  role_norm=2.3858  enc_delta ego=0.0032 partner=0.0030 road=0.0032
[ROMA step 1,248,854,016] sps= 51,848  policy_loss=0.0001  value_loss=0.0222  mi_loss=0.0001  mi_valid=0.72  div_loss=0.0002  kl_loss=0.0000 (disabled)  score=0.961  return=0.972  role_std=1.1075  role_norm=2.3588  enc_delta ego=0.0024 partner=0.0030 road=0.0039
[ROMA step 1,249,640,448] sps= 51,822  policy_loss=-0.0036  value_loss=0.0322  mi_loss=0.0001  mi_valid=0.69  div_loss=0.0000  kl_loss=0.0000 (disabled)  score=0.962  return=0.973  role_std=1.1094  role_norm=2.3001  enc_delta ego=0.0022 partner=0.0024 road=0.0033
[ROMA step 1,250,426,880] sps= 51,833  policy_loss=-0.0076  value_loss=0.0335  mi_loss=0.0001  mi_valid=0.72  div_loss=0.0001  kl_loss=0.0000 (disabled)  score=0.962  return=0.974  role_std=1.1453  role_norm=2.3590  enc_delta ego=0.0026 partner=0.0034 road=0.0039
[ROMA step 1,251,213,312] sps= 51,843  policy_loss=0.0012  value_loss=0.0333  mi_loss=0.0001  mi_valid=0.72  div_loss=0.0000  kl_loss=0.0000 (disabled)  score=0.962  return=0.973  role_std=1.1560  role_norm=2.3561  enc_delta ego=0.0029 partner=0.0035 road=0.0043
[ROMA step 1,251,999,744] sps= 51,854  policy_loss=-0.0016  value_loss=0.0328  mi_loss=0.0001  mi_valid=0.71  div_loss=0.0001  kl_loss=0.0000 (disabled)  score=0.962  return=0.973  role_std=1.1722  role_norm=2.3955  enc_delta ego=0.0030 partner=0.0037 road=0.0040
[ROMA step 1,252,786,176] sps= 51,832  policy_loss=-0.0021  value_loss=0.0434  mi_loss=0.0001  mi_valid=0.70  div_loss=0.0001  kl_loss=0.0000 (disabled)  score=0.962  return=0.973  role_std=1.1760  role_norm=2.4579  enc_delta ego=0.0027 partner=0.0035 road=0.0039
[ROMA step 1,253,572,608] sps= 51,842  policy_loss=-0.0022  value_loss=0.0329  mi_loss=0.0001  mi_valid=0.71  div_loss=0.0002  kl_loss=0.0000 (disabled)  score=0.962  return=0.973  role_std=1.1995  role_norm=2.5093  enc_delta ego=0.0029 partner=0.0034 road=0.0040
[ROMA step 1,254,359,040] sps= 51,853  policy_loss=-0.0132  value_loss=0.0337  mi_loss=0.0001  mi_valid=0.71  div_loss=0.0000  kl_loss=0.0000 (disabled)  score=0.962  return=0.972  role_std=1.1993  role_norm=2.5308  enc_delta ego=0.0028 partner=0.0038 road=0.0044
[ROMA step 1,255,145,472] sps= 51,864  policy_loss=-0.0053  value_loss=0.0320  mi_loss=0.0001  mi_valid=0.71  div_loss=0.0001  kl_loss=0.0000 (disabled)  score=0.962  return=0.973  role_std=1.1743  role_norm=2.4706  enc_delta ego=0.0025 partner=0.0035 road=0.0045
[ROMA step 1,255,931,904] sps= 51,844  policy_loss=-0.0041  value_loss=0.0498  mi_loss=0.0002  mi_valid=0.70  div_loss=0.0002  kl_loss=0.0000 (disabled)  score=0.963  return=0.973  role_std=1.2145  role_norm=2.5322  enc_delta ego=0.0028 partner=0.0046 road=0.0047
[ROMA step 1,256,718,336] sps= 51,855  policy_loss=-0.0043  value_loss=0.0415  mi_loss=0.0001  mi_valid=0.72  div_loss=0.0001  kl_loss=0.0000 (disabled)  score=0.963  return=0.973  role_std=1.2052  role_norm=2.5512  enc_delta ego=0.0035 partner=0.0042 road=0.0047
[ROMA step 1,257,504,768] sps= 51,866  policy_loss=0.0098  value_loss=0.0488  mi_loss=0.0001  mi_valid=0.72  div_loss=0.0000  kl_loss=0.0000 (disabled)  score=0.963  return=0.973  role_std=1.1866  role_norm=2.5231  enc_delta ego=0.0029 partner=0.0038 road=0.0039
[ROMA step 1,258,291,200] sps= 51,845  policy_loss=0.0005  value_loss=0.0540  mi_loss=0.0001  mi_valid=0.70  div_loss=0.0001  kl_loss=0.0000 (disabled)  score=0.963  return=0.972  role_std=1.1549  role_norm=2.4512  enc_delta ego=0.0032 partner=0.0033 road=0.0043
[ROMA step 1,259,077,632] sps= 51,856  policy_loss=-0.0021  value_loss=0.0470  mi_loss=0.0001  mi_valid=0.72  div_loss=0.0000  kl_loss=0.0000 (disabled)  score=0.964  return=0.973  role_std=1.1605  role_norm=2.4310  enc_delta ego=0.0033 partner=0.0042 road=0.0045
[ROMA step 1,259,864,064] sps= 51,866  policy_loss=-0.0017  value_loss=0.0474  mi_loss=0.0001  mi_valid=0.71  div_loss=0.0002  kl_loss=0.0000 (disabled)  score=0.965  return=0.974  role_std=1.1351  role_norm=2.3829  enc_delta ego=0.0033 partner=0.0039 road=0.0045
[ROMA step 1,260,650,496] sps= 51,877  policy_loss=-0.0066  value_loss=0.0372  mi_loss=0.0001  mi_valid=0.71  div_loss=0.0004  kl_loss=0.0000 (disabled)  score=0.965  return=0.974  role_std=1.1066  role_norm=2.3309  enc_delta ego=0.0031 partner=0.0032 road=0.0039
[ROMA step 1,261,436,928] sps= 51,860  policy_loss=-0.0013  value_loss=0.0490  mi_loss=0.0001  mi_valid=0.69  div_loss=0.0001  kl_loss=0.0000 (disabled)  score=0.965  return=0.975  role_std=1.1752  role_norm=2.4798  enc_delta ego=0.0034 partner=0.0037 road=0.0045
[ROMA step 1,262,223,360] sps= 51,871  policy_loss=-0.0045  value_loss=0.0333  mi_loss=0.0001  mi_valid=0.70  div_loss=0.0000  kl_loss=0.0000 (disabled)  score=0.965  return=0.975  role_std=1.1739  role_norm=2.4986  enc_delta ego=0.0032 partner=0.0035 road=0.0038
[ROMA step 1,263,009,792] sps= 51,881  policy_loss=-0.0090  value_loss=0.0327  mi_loss=0.0001  mi_valid=0.71  div_loss=0.0002  kl_loss=0.0000 (disabled)  score=0.966  return=0.977  role_std=1.1830  role_norm=2.4626  enc_delta ego=0.0027 partner=0.0033 road=0.0038
[ROMA step 1,263,796,224] sps= 51,862  policy_loss=-0.0041  value_loss=0.0432  mi_loss=0.0001  mi_valid=0.70  div_loss=0.0001  kl_loss=0.0000 (disabled)  score=0.966  return=0.978  role_std=1.0780  role_norm=2.2406  enc_delta ego=0.0029 partner=0.0030 road=0.0038
[ROMA step 1,264,582,656] sps= 51,873  policy_loss=-0.0032  value_loss=0.0349  mi_loss=0.0001  mi_valid=0.72  div_loss=0.0002  kl_loss=0.0000 (disabled)  score=0.967  return=0.978  role_std=1.1045  role_norm=2.3456  enc_delta ego=0.0032 partner=0.0033 road=0.0041
[ROMA step 1,265,369,088] sps= 51,884  policy_loss=-0.0040  value_loss=0.0346  mi_loss=0.0001  mi_valid=0.72  div_loss=0.0001  kl_loss=0.0000 (disabled)  score=0.967  return=0.978  role_std=1.1098  role_norm=2.3741  enc_delta ego=0.0031 partner=0.0031 road=0.0039
[ROMA step 1,266,155,520] sps= 51,895  policy_loss=-0.0043  value_loss=0.0343  mi_loss=0.0001  mi_valid=0.72  div_loss=0.0001  kl_loss=0.0000 (disabled)  score=0.967  return=0.979  role_std=1.1194  role_norm=2.3709  enc_delta ego=0.0030 partner=0.0036 road=0.0035
[ROMA step 1,266,941,952] sps= 51,880  policy_loss=-0.0046  value_loss=0.0420  mi_loss=0.0001  mi_valid=0.70  div_loss=0.0000  kl_loss=0.0000 (disabled)  score=0.967  return=0.980  role_std=1.1847  role_norm=2.5449  enc_delta ego=0.0028 partner=0.0032 road=0.0045
[ROMA step 1,267,728,384] sps= 51,891  policy_loss=-0.0038  value_loss=0.0386  mi_loss=0.0001  mi_valid=0.72  div_loss=0.0001  kl_loss=0.0000 (disabled)  score=0.967  return=0.980  role_std=1.1413  role_norm=2.4095  enc_delta ego=0.0031 partner=0.0033 road=0.0037
[ROMA step 1,268,514,816] sps= 51,901  policy_loss=0.0031  value_loss=0.0415  mi_loss=0.0001  mi_valid=0.71  div_loss=-0.0000  kl_loss=0.0000 (disabled)  score=0.967  return=0.979  role_std=1.1561  role_norm=2.4383  enc_delta ego=0.0036 partner=0.0037 road=0.0040
[ROMA step 1,269,301,248] sps= 51,878  policy_loss=-0.0004  value_loss=0.0384  mi_loss=0.0001  mi_valid=0.69  div_loss=0.0004  kl_loss=0.0000 (disabled)  score=0.967  return=0.979  role_std=1.1786  role_norm=2.5189  enc_delta ego=0.0032 partner=0.0036 road=0.0038
[ROMA step 1,270,087,680] sps= 51,890  policy_loss=0.0066  value_loss=0.0384  mi_loss=0.0002  mi_valid=0.70  div_loss=0.0004  kl_loss=0.0000 (disabled)  score=0.967  return=0.979  role_std=1.1802  role_norm=2.4466  enc_delta ego=0.0037 partner=0.0037 road=0.0049
[ROMA step 1,270,874,112] sps= 51,901  policy_loss=-0.0078  value_loss=0.0372  mi_loss=0.0001  mi_valid=0.71  div_loss=0.0007  kl_loss=0.0000 (disabled)  score=0.967  return=0.978  role_std=1.1653  role_norm=2.4189  enc_delta ego=0.0036 partner=0.0036 road=0.0047
[ROMA step 1,271,660,544] sps= 51,912  policy_loss=-0.0060  value_loss=0.0376  mi_loss=0.0001  mi_valid=0.71  div_loss=0.0001  kl_loss=0.0000 (disabled)  score=0.967  return=0.978  role_std=1.2261  role_norm=2.5256  enc_delta ego=0.0034 partner=0.0036 road=0.0043
[ROMA step 1,272,446,976] sps= 51,893  policy_loss=-0.0056  value_loss=0.0483  mi_loss=0.0002  mi_valid=0.71  div_loss=0.0000  kl_loss=0.0000 (disabled)  score=0.967  return=0.977  role_std=1.1145  role_norm=2.2580  enc_delta ego=0.0033 partner=0.0039 road=0.0047
[ROMA step 1,273,233,408] sps= 51,903  policy_loss=0.0087  value_loss=0.0547  mi_loss=0.0002  mi_valid=0.72  div_loss=0.0002  kl_loss=0.0000 (disabled)  score=0.967  return=0.977  role_std=1.1276  role_norm=2.3370  enc_delta ego=0.0028 partner=0.0040 road=0.0048
[ROMA step 1,274,019,840] sps= 51,914  policy_loss=-0.0077  value_loss=0.0329  mi_loss=0.0001  mi_valid=0.72  div_loss=0.0001  kl_loss=0.0000 (disabled)  score=0.967  return=0.977  role_std=1.0915  role_norm=2.2867  enc_delta ego=0.0020 partner=0.0034 road=0.0045
[ROMA step 1,274,806,272] sps= 51,901  policy_loss=-0.0038  value_loss=0.0380  mi_loss=0.0001  mi_valid=0.70  div_loss=0.0000  kl_loss=0.0000 (disabled)  score=0.966  return=0.977  role_std=1.0634  role_norm=2.2516  enc_delta ego=0.0020 partner=0.0027 road=0.0041
[ROMA step 1,275,592,704] sps= 51,912  policy_loss=0.0025  value_loss=0.0408  mi_loss=0.0001  mi_valid=0.72  div_loss=0.0002  kl_loss=0.0000 (disabled)  score=0.966  return=0.977  role_std=1.1230  role_norm=2.3497  enc_delta ego=0.0041 partner=0.0028 road=0.0046
[ROMA step 1,276,379,136] sps= 51,921  policy_loss=-0.0054  value_loss=0.0314  mi_loss=0.0001  mi_valid=0.72  div_loss=0.0004  kl_loss=0.0000 (disabled)  score=0.966  return=0.977  role_std=1.0805  role_norm=2.2889  enc_delta ego=0.0031 partner=0.0034 road=0.0047
[ROMA step 1,277,165,568] sps= 51,932  policy_loss=-0.0004  value_loss=0.0223  mi_loss=0.0001  mi_valid=0.71  div_loss=0.0000  kl_loss=0.0000 (disabled)  score=0.966  return=0.978  role_std=1.0759  role_norm=2.2901  enc_delta ego=0.0022 partner=0.0025 road=0.0037
[ROMA step 1,277,952,000] sps= 51,894  policy_loss=0.0033  value_loss=0.0459  mi_loss=0.0001  mi_valid=0.70  div_loss=0.0002  kl_loss=0.0000 (disabled)  score=0.966  return=0.979  role_std=1.1243  role_norm=2.3846  enc_delta ego=0.0027 partner=0.0037 road=0.0040
[ROMA step 1,278,738,432] sps= 51,905  policy_loss=0.0061  value_loss=0.0392  mi_loss=0.0001  mi_valid=0.71  div_loss=0.0000  kl_loss=0.0000 (disabled)  score=0.966  return=0.980  role_std=1.1341  role_norm=2.4156  enc_delta ego=0.0030 partner=0.0035 road=0.0044
[ROMA step 1,279,524,864] sps= 51,915  policy_loss=-0.0013  value_loss=0.0396  mi_loss=0.0001  mi_valid=0.71  div_loss=0.0006  kl_loss=0.0000 (disabled)  score=0.967  return=0.980  role_std=1.1253  role_norm=2.3602  enc_delta ego=0.0026 partner=0.0041 road=0.0044
[ROMA step 1,280,311,296] sps= 51,926  policy_loss=0.0006  value_loss=0.0333  mi_loss=0.0001  mi_valid=0.72  div_loss=0.0002  kl_loss=0.0000 (disabled)  score=0.967  return=0.980  role_std=1.1164  role_norm=2.3673  enc_delta ego=0.0025 partner=0.0036 road=0.0035
[ROMA step 1,281,097,728] sps= 51,901  policy_loss=0.0050  value_loss=0.0458  mi_loss=0.0001  mi_valid=0.71  div_loss=0.0003  kl_loss=0.0000 (disabled)  score=0.967  return=0.980  role_std=1.0802  role_norm=2.3165  enc_delta ego=0.0029 partner=0.0030 road=0.0041
[ROMA step 1,281,884,160] sps= 51,911  policy_loss=0.0045  value_loss=0.0421  mi_loss=0.0001  mi_valid=0.72  div_loss=0.0001  kl_loss=0.0000 (disabled)  score=0.966  return=0.979  role_std=1.1123  role_norm=2.3812  enc_delta ego=0.0027 partner=0.0028 road=0.0044
[ROMA step 1,282,670,592] sps= 51,922  policy_loss=-0.0043  value_loss=0.0404  mi_loss=0.0001  mi_valid=0.72  div_loss=0.0003  kl_loss=0.0000 (disabled)  score=0.966  return=0.978  role_std=1.1175  role_norm=2.3832  enc_delta ego=0.0026 partner=0.0035 road=0.0043
[ROMA step 1,283,457,024] sps= 51,907  policy_loss=0.0018  value_loss=0.0446  mi_loss=0.0001  mi_valid=0.70  div_loss=0.0000  kl_loss=0.0000 (disabled)  score=0.965  return=0.977  role_std=1.1198  role_norm=2.3347  enc_delta ego=0.0025 partner=0.0027 road=0.0036
[ROMA step 1,284,243,456] sps= 51,917  policy_loss=-0.0002  value_loss=0.0321  mi_loss=0.0001  mi_valid=0.73  div_loss=0.0000  kl_loss=0.0000 (disabled)  score=0.966  return=0.978  role_std=1.1317  role_norm=2.3770  enc_delta ego=0.0026 partner=0.0033 road=0.0040
[ROMA step 1,285,029,888] sps= 51,928  policy_loss=0.0009  value_loss=0.0329  mi_loss=0.0001  mi_valid=0.73  div_loss=-0.0000  kl_loss=0.0000 (disabled)  score=0.966  return=0.979  role_std=1.1306  role_norm=2.3570  enc_delta ego=0.0024 partner=0.0029 road=0.0037
[ROMA step 1,285,816,320] sps= 51,938  policy_loss=-0.0011  value_loss=0.0249  mi_loss=0.0001  mi_valid=0.72  div_loss=0.0001  kl_loss=0.0000 (disabled)  score=0.967  return=0.981  role_std=1.1249  role_norm=2.3777  enc_delta ego=0.0022 partner=0.0029 road=0.0036
[ROMA step 1,286,602,752] sps= 51,921  policy_loss=-0.0059  value_loss=0.0480  mi_loss=0.0001  mi_valid=0.71  div_loss=0.0006  kl_loss=0.0000 (disabled)  score=0.967  return=0.981  role_std=1.1220  role_norm=2.4371  enc_delta ego=0.0036 partner=0.0038 road=0.0050
[ROMA step 1,287,389,184] sps= 51,931  policy_loss=-0.0077  value_loss=0.0386  mi_loss=0.0001  mi_valid=0.73  div_loss=0.0000  kl_loss=0.0000 (disabled)  score=0.966  return=0.979  role_std=1.1211  role_norm=2.3692  enc_delta ego=0.0030 partner=0.0030 road=0.0047
[ROMA step 1,288,175,616] sps= 51,941  policy_loss=-0.0065  value_loss=0.0334  mi_loss=0.0001  mi_valid=0.73  div_loss=0.0000  kl_loss=0.0000 (disabled)  score=0.965  return=0.978  role_std=1.1349  role_norm=2.4052  enc_delta ego=0.0032 partner=0.0026 road=0.0043
[ROMA step 1,288,962,048] sps= 51,925  policy_loss=-0.0001  value_loss=0.0444  mi_loss=0.0001  mi_valid=0.72  div_loss=0.0003  kl_loss=0.0000 (disabled)  score=0.964  return=0.977  role_std=1.1077  role_norm=2.2715  enc_delta ego=0.0027 partner=0.0030 road=0.0044
[ROMA step 1,289,748,480] sps= 51,935  policy_loss=-0.0043  value_loss=0.0339  mi_loss=0.0001  mi_valid=0.73  div_loss=0.0001  kl_loss=0.0000 (disabled)  score=0.963  return=0.975  role_std=1.1002  role_norm=2.2998  enc_delta ego=0.0026 partner=0.0030 road=0.0036
[ROMA step 1,290,534,912] sps= 51,946  policy_loss=0.0003  value_loss=0.0304  mi_loss=0.0001  mi_valid=0.73  div_loss=0.0001  kl_loss=0.0000 (disabled)  score=0.963  return=0.974  role_std=1.1403  role_norm=2.3460  enc_delta ego=0.0023 partner=0.0026 road=0.0036
[ROMA step 1,291,321,344] sps= 51,956  policy_loss=-0.0084  value_loss=0.0286  mi_loss=0.0001  mi_valid=0.73  div_loss=0.0001  kl_loss=0.0000 (disabled)  score=0.962  return=0.973  role_std=1.1351  role_norm=2.3442  enc_delta ego=0.0022 partner=0.0027 road=0.0033
[ROMA step 1,292,107,776] sps= 51,946  policy_loss=0.0029  value_loss=0.0415  mi_loss=0.0001  mi_valid=0.70  div_loss=0.0000  kl_loss=0.0000 (disabled)  score=0.962  return=0.973  role_std=1.2226  role_norm=2.5557  enc_delta ego=0.0027 partner=0.0032 road=0.0042
[ROMA step 1,292,894,208] sps= 51,956  policy_loss=-0.0041  value_loss=0.0238  mi_loss=0.0001  mi_valid=0.73  div_loss=0.0000  kl_loss=0.0000 (disabled)  score=0.962  return=0.974  role_std=1.2049  role_norm=2.5038  enc_delta ego=0.0028 partner=0.0024 road=0.0038
[ROMA step 1,293,680,640] sps= 51,966  policy_loss=0.0022  value_loss=0.0237  mi_loss=0.0001  mi_valid=0.71  div_loss=0.0001  kl_loss=0.0000 (disabled)  score=0.963  return=0.975  role_std=1.2020  role_norm=2.5229  enc_delta ego=0.0027 partner=0.0029 road=0.0036
[ROMA step 1,294,467,072] sps= 51,955  policy_loss=-0.0046  value_loss=0.0366  mi_loss=0.0001  mi_valid=0.70  div_loss=0.0000  kl_loss=0.0000 (disabled)  score=0.963  return=0.976  role_std=1.1421  role_norm=2.4688  enc_delta ego=0.0022 partner=0.0026 road=0.0031
[ROMA step 1,295,253,504] sps= 51,965  policy_loss=-0.0016  value_loss=0.0400  mi_loss=0.0001  mi_valid=0.72  div_loss=0.0002  kl_loss=0.0000 (disabled)  score=0.963  return=0.976  role_std=1.1384  role_norm=2.3830  enc_delta ego=0.0032 partner=0.0037 road=0.0039
[ROMA step 1,296,039,936] sps= 51,976  policy_loss=-0.0022  value_loss=0.0391  mi_loss=0.0001  mi_valid=0.72  div_loss=0.0001  kl_loss=0.0000 (disabled)  score=0.964  return=0.977  role_std=1.1705  role_norm=2.4461  enc_delta ego=0.0027 partner=0.0036 road=0.0038
[ROMA step 1,296,826,368] sps= 51,986  policy_loss=-0.0032  value_loss=0.0253  mi_loss=0.0001  mi_valid=0.72  div_loss=-0.0000  kl_loss=0.0000 (disabled)  score=0.964  return=0.976  role_std=1.1836  role_norm=2.4651  enc_delta ego=0.0022 partner=0.0033 road=0.0034
[ROMA step 1,297,612,800] sps= 51,976  policy_loss=-0.0026  value_loss=0.0418  mi_loss=0.0001  mi_valid=0.71  div_loss=0.0004  kl_loss=0.0000 (disabled)  score=0.964  return=0.977  role_std=1.1143  role_norm=2.3490  enc_delta ego=0.0028 partner=0.0029 road=0.0041
[ROMA step 1,298,399,232] sps= 51,986  policy_loss=-0.0076  value_loss=0.0315  mi_loss=0.0001  mi_valid=0.72  div_loss=0.0002  kl_loss=0.0000 (disabled)  score=0.964  return=0.976  role_std=1.1411  role_norm=2.4221  enc_delta ego=0.0030 partner=0.0036 road=0.0043
[ROMA step 1,299,185,664] sps= 51,997  policy_loss=-0.0024  value_loss=0.0385  mi_loss=0.0001  mi_valid=0.73  div_loss=0.0004  kl_loss=0.0000 (disabled)  score=0.963  return=0.975  role_std=1.0877  role_norm=2.3337  enc_delta ego=0.0028 partner=0.0037 road=0.0041
[ROMA step 1,299,972,096] sps= 51,983  policy_loss=-0.0025  value_loss=0.0439  mi_loss=0.0001  mi_valid=0.71  div_loss=0.0001  kl_loss=0.0000 (disabled)  score=0.962  return=0.974  role_std=1.1183  role_norm=2.3675  enc_delta ego=0.0029 partner=0.0033 road=0.0040
[ROMA step 1,300,758,528] sps= 51,994  policy_loss=-0.0083  value_loss=0.0456  mi_loss=0.0001  mi_valid=0.74  div_loss=0.0017  kl_loss=0.0000 (disabled)  score=0.962  return=0.974  role_std=1.1237  role_norm=2.4311  enc_delta ego=0.0041 partner=0.0038 road=0.0049
[ROMA step 1,301,544,960] sps= 52,004  policy_loss=0.0004  value_loss=0.0482  mi_loss=0.0001  mi_valid=0.75  div_loss=-0.0000  kl_loss=0.0000 (disabled)  score=0.960  return=0.971  role_std=1.1119  role_norm=2.3617  enc_delta ego=0.0035 partner=0.0043 road=0.0043
[ROMA step 1,302,331,392] sps= 52,014  policy_loss=0.0087  value_loss=0.0399  mi_loss=0.0001  mi_valid=0.73  div_loss=0.0000  kl_loss=0.0000 (disabled)  score=0.959  return=0.970  role_std=1.1122  role_norm=2.3977  enc_delta ego=0.0029 partner=0.0038 road=0.0042
[ROMA step 1,303,117,824] sps= 52,004  policy_loss=-0.0053  value_loss=0.0548  mi_loss=0.0001  mi_valid=0.72  div_loss=0.0000  kl_loss=0.0000 (disabled)  score=0.957  return=0.968  role_std=1.1255  role_norm=2.4081  enc_delta ego=0.0037 partner=0.0030 road=0.0047
[ROMA step 1,303,904,256] sps= 52,015  policy_loss=0.0051  value_loss=0.0488  mi_loss=0.0001  mi_valid=0.73  div_loss=0.0000  kl_loss=0.0000 (disabled)  score=0.957  return=0.967  role_std=1.0894  role_norm=2.3707  enc_delta ego=0.0047 partner=0.0037 road=0.0047
[ROMA step 1,304,690,688] sps= 52,025  policy_loss=0.0017  value_loss=0.0520  mi_loss=0.0001  mi_valid=0.73  div_loss=0.0002  kl_loss=0.0000 (disabled)  score=0.955  return=0.963  role_std=1.1416  role_norm=2.4546  enc_delta ego=0.0038 partner=0.0039 road=0.0053
[ROMA step 1,305,477,120] sps= 52,035  policy_loss=-0.0025  value_loss=0.0495  mi_loss=0.0001  mi_valid=0.74  div_loss=0.0000  kl_loss=0.0000 (disabled)  score=0.954  return=0.960  role_std=1.1198  role_norm=2.3712  enc_delta ego=0.0039 partner=0.0033 road=0.0045
[ROMA step 1,306,263,552] sps= 52,024  policy_loss=-0.0020  value_loss=0.0640  mi_loss=0.0002  mi_valid=0.72  div_loss=0.0000  kl_loss=0.0000 (disabled)  score=0.953  return=0.959  role_std=1.1092  role_norm=2.3606  enc_delta ego=0.0042 partner=0.0046 road=0.0055
[ROMA step 1,307,049,984] sps= 52,034  policy_loss=-0.0095  value_loss=0.0527  mi_loss=0.0002  mi_valid=0.72  div_loss=0.0001  kl_loss=0.0000 (disabled)  score=0.952  return=0.956  role_std=1.0950  role_norm=2.3262  enc_delta ego=0.0052 partner=0.0047 road=0.0053
[ROMA step 1,307,836,416] sps= 52,044  policy_loss=0.0010  value_loss=0.0488  mi_loss=0.0001  mi_valid=0.72  div_loss=0.0007  kl_loss=0.0000 (disabled)  score=0.952  return=0.955  role_std=1.1039  role_norm=2.3460  enc_delta ego=0.0029 partner=0.0032 road=0.0036
[ROMA step 1,308,622,848] sps= 52,035  policy_loss=0.0068  value_loss=0.0523  mi_loss=0.0002  mi_valid=0.71  div_loss=0.0001  kl_loss=0.0000 (disabled)  score=0.952  return=0.956  role_std=1.1237  role_norm=2.3814  enc_delta ego=0.0030 partner=0.0028 road=0.0042
[ROMA step 1,309,409,280] sps= 52,045  policy_loss=-0.0031  value_loss=0.0451  mi_loss=0.0001  mi_valid=0.74  div_loss=0.0000  kl_loss=0.0000 (disabled)  score=0.951  return=0.954  role_std=1.1166  role_norm=2.3406  enc_delta ego=0.0034 partner=0.0038 road=0.0060
[ROMA step 1,310,195,712] sps= 52,056  policy_loss=0.0001  value_loss=0.0444  mi_loss=0.0001  mi_valid=0.74  div_loss=0.0002  kl_loss=0.0000 (disabled)  score=0.951  return=0.954  role_std=1.0907  role_norm=2.3052  enc_delta ego=0.0039 partner=0.0037 road=0.0054
[ROMA step 1,310,982,144] sps= 52,066  policy_loss=-0.0001  value_loss=0.0434  mi_loss=0.0001  mi_valid=0.73  div_loss=0.0000  kl_loss=0.0000 (disabled)  score=0.951  return=0.953  role_std=1.1200  role_norm=2.3588  enc_delta ego=0.0033 partner=0.0036 road=0.0048
[ROMA step 1,311,768,576] sps= 52,057  policy_loss=-0.0054  value_loss=0.0414  mi_loss=0.0001  mi_valid=0.71  div_loss=0.0000  kl_loss=0.0000 (disabled)  score=0.951  return=0.953  role_std=1.1719  role_norm=2.4632  enc_delta ego=0.0038 partner=0.0031 road=0.0056
[ROMA step 1,312,555,008] sps= 52,067  policy_loss=-0.0057  value_loss=0.0339  mi_loss=0.0001  mi_valid=0.73  div_loss=0.0000  kl_loss=0.0000 (disabled)  score=0.950  return=0.952  role_std=1.0896  role_norm=2.4036  enc_delta ego=0.0030 partner=0.0027 road=0.0040
[ROMA step 1,313,341,440] sps= 52,078  policy_loss=-0.0029  value_loss=0.0259  mi_loss=0.0001  mi_valid=0.72  div_loss=0.0001  kl_loss=0.0000 (disabled)  score=0.950  return=0.952  role_std=1.2227  role_norm=2.5430  enc_delta ego=0.0022 partner=0.0023 road=0.0034
[ROMA step 1,314,127,872] sps= 52,071  policy_loss=-0.0047  value_loss=0.0411  mi_loss=0.0001  mi_valid=0.71  div_loss=0.0001  kl_loss=0.0000 (disabled)  score=0.949  return=0.951  role_std=1.1757  role_norm=2.3996  enc_delta ego=0.0023 partner=0.0026 road=0.0037
[ROMA step 1,314,914,304] sps= 52,081  policy_loss=-0.0016  value_loss=0.0295  mi_loss=0.0001  mi_valid=0.72  div_loss=0.0001  kl_loss=0.0000 (disabled)  score=0.947  return=0.949  role_std=1.1698  role_norm=2.4615  enc_delta ego=0.0030 partner=0.0025 road=0.0045
[ROMA step 1,315,700,736] sps= 52,092  policy_loss=-0.0046  value_loss=0.0290  mi_loss=0.0001  mi_valid=0.72  div_loss=0.0001  kl_loss=0.0000 (disabled)  score=0.946  return=0.948  role_std=1.1648  role_norm=2.4558  enc_delta ego=0.0027 partner=0.0025 road=0.0043
[ROMA step 1,316,487,168] sps= 52,102  policy_loss=0.0022  value_loss=0.0245  mi_loss=0.0001  mi_valid=0.72  div_loss=0.0001  kl_loss=0.0000 (disabled)  score=0.945  return=0.947  role_std=1.1826  role_norm=2.5051  enc_delta ego=0.0026 partner=0.0024 road=0.0035
[ROMA step 1,317,273,600] sps= 52,094  policy_loss=-0.0093  value_loss=0.0375  mi_loss=0.0001  mi_valid=0.71  div_loss=0.0001  kl_loss=0.0000 (disabled)  score=0.945  return=0.947  role_std=1.1892  role_norm=2.5491  enc_delta ego=0.0026 partner=0.0036 road=0.0039
[ROMA step 1,318,060,032] sps= 52,104  policy_loss=0.0071  value_loss=0.0416  mi_loss=0.0001  mi_valid=0.75  div_loss=0.0001  kl_loss=0.0000 (disabled)  score=0.944  return=0.946  role_std=1.1505  role_norm=2.4652  enc_delta ego=0.0036 partner=0.0034 road=0.0047
[ROMA step 1,318,846,464] sps= 52,114  policy_loss=-0.0073  value_loss=0.0349  mi_loss=0.0001  mi_valid=0.74  div_loss=0.0001  kl_loss=0.0000 (disabled)  score=0.943  return=0.944  role_std=1.1543  role_norm=2.4260  enc_delta ego=0.0031 partner=0.0030 road=0.0038
[ROMA step 1,319,632,896] sps= 52,101  policy_loss=-0.0027  value_loss=0.0391  mi_loss=0.0001  mi_valid=0.71  div_loss=0.0001  kl_loss=0.0000 (disabled)  score=0.942  return=0.943  role_std=1.1645  role_norm=2.4604  enc_delta ego=0.0023 partner=0.0024 road=0.0035
[ROMA step 1,320,419,328] sps= 52,110  policy_loss=-0.0044  value_loss=0.0336  mi_loss=0.0001  mi_valid=0.72  div_loss=0.0001  kl_loss=0.0000 (disabled)  score=0.940  return=0.942  role_std=1.1554  role_norm=2.4537  enc_delta ego=0.0028 partner=0.0034 road=0.0041
[ROMA step 1,321,205,760] sps= 52,121  policy_loss=-0.0059  value_loss=0.0348  mi_loss=0.0001  mi_valid=0.71  div_loss=0.0000  kl_loss=0.0000 (disabled)  score=0.940  return=0.942  role_std=1.2250  role_norm=2.5336  enc_delta ego=0.0024 partner=0.0028 road=0.0037
[ROMA step 1,321,992,192] sps= 52,131  policy_loss=0.0043  value_loss=0.0391  mi_loss=0.0001  mi_valid=0.71  div_loss=0.0001  kl_loss=0.0000 (disabled)  score=0.940  return=0.942  role_std=1.2176  role_norm=2.5429  enc_delta ego=0.0023 partner=0.0032 road=0.0035
[ROMA step 1,322,778,624] sps= 52,123  policy_loss=0.0022  value_loss=0.0413  mi_loss=0.0002  mi_valid=0.71  div_loss=0.0008  kl_loss=0.0000 (disabled)  score=0.940  return=0.940  role_std=1.1819  role_norm=2.4500  enc_delta ego=0.0031 partner=0.0028 road=0.0046
[ROMA step 1,323,565,056] sps= 52,133  policy_loss=-0.0025  value_loss=0.0355  mi_loss=0.0001  mi_valid=0.72  div_loss=0.0006  kl_loss=0.0000 (disabled)  score=0.941  return=0.942  role_std=1.2109  role_norm=2.5319  enc_delta ego=0.0034 partner=0.0029 road=0.0050
[ROMA step 1,324,351,488] sps= 52,143  policy_loss=0.0020  value_loss=0.0292  mi_loss=0.0001  mi_valid=0.72  div_loss=0.0001  kl_loss=0.0000 (disabled)  score=0.942  return=0.943  role_std=1.1747  role_norm=2.4680  enc_delta ego=0.0026 partner=0.0029 road=0.0038
[ROMA step 1,325,137,920] sps= 52,134  policy_loss=-0.0061  value_loss=0.0330  mi_loss=0.0002  mi_valid=0.70  div_loss=0.0002  kl_loss=0.0000 (disabled)  score=0.943  return=0.946  role_std=1.1919  role_norm=2.5339  enc_delta ego=0.0031 partner=0.0023 road=0.0037
[ROMA step 1,325,924,352] sps= 52,144  policy_loss=-0.0037  value_loss=0.0306  mi_loss=0.0001  mi_valid=0.72  div_loss=0.0000  kl_loss=0.0000 (disabled)  score=0.944  return=0.948  role_std=1.1765  role_norm=2.5033  enc_delta ego=0.0030 partner=0.0023 road=0.0043
[ROMA step 1,326,710,784] sps= 52,155  policy_loss=0.0010  value_loss=0.0376  mi_loss=0.0002  mi_valid=0.72  div_loss=0.0000  kl_loss=0.0000 (disabled)  score=0.944  return=0.950  role_std=1.1947  role_norm=2.4486  enc_delta ego=0.0039 partner=0.0029 road=0.0044
[ROMA step 1,327,497,216] sps= 52,165  policy_loss=-0.0034  value_loss=0.0376  mi_loss=0.0002  mi_valid=0.71  div_loss=0.0000  kl_loss=0.0000 (disabled)  score=0.945  return=0.951  role_std=1.1870  role_norm=2.4700  enc_delta ego=0.0043 partner=0.0027 road=0.0038
[ROMA step 1,328,283,648] sps= 52,153  policy_loss=0.0022  value_loss=0.0401  mi_loss=0.0002  mi_valid=0.69  div_loss=0.0001  kl_loss=0.0000 (disabled)  score=0.946  return=0.954  role_std=1.2121  role_norm=2.5622  enc_delta ego=0.0031 partner=0.0029 road=0.0042
[ROMA step 1,329,070,080] sps= 52,163  policy_loss=-0.0021  value_loss=0.0287  mi_loss=0.0001  mi_valid=0.70  div_loss=0.0000  kl_loss=0.0000 (disabled)  score=0.946  return=0.955  role_std=1.1978  role_norm=2.5526  enc_delta ego=0.0031 partner=0.0031 road=0.0034
[ROMA step 1,329,856,512] sps= 52,173  policy_loss=-0.0031  value_loss=0.0296  mi_loss=0.0001  mi_valid=0.70  div_loss=0.0000  kl_loss=0.0000 (disabled)  score=0.947  return=0.956  role_std=1.2268  role_norm=2.5852  enc_delta ego=0.0027 partner=0.0031 road=0.0038
[ROMA step 1,330,642,944] sps= 52,183  policy_loss=-0.0039  value_loss=0.0234  mi_loss=0.0001  mi_valid=0.70  div_loss=0.0000  kl_loss=0.0000 (disabled)  score=0.949  return=0.960  role_std=1.2320  role_norm=2.5867  enc_delta ego=0.0023 partner=0.0027 road=0.0033
[ROMA step 1,331,429,376] sps= 52,175  policy_loss=-0.0070  value_loss=0.0415  mi_loss=0.0002  mi_valid=0.71  div_loss=-0.0000  kl_loss=0.0000 (disabled)  score=0.950  return=0.962  role_std=1.1473  role_norm=2.4317  enc_delta ego=0.0035 partner=0.0037 road=0.0046
[ROMA step 1,332,215,808] sps= 52,184  policy_loss=-0.0016  value_loss=0.0295  mi_loss=0.0001  mi_valid=0.72  div_loss=0.0002  kl_loss=0.0000 (disabled)  score=0.951  return=0.963  role_std=1.1687  role_norm=2.4489  enc_delta ego=0.0024 partner=0.0027 road=0.0038
[ROMA step 1,333,002,240] sps= 52,194  policy_loss=-0.0057  value_loss=0.0264  mi_loss=0.0001  mi_valid=0.72  div_loss=0.0000  kl_loss=0.0000 (disabled)  score=0.952  return=0.965  role_std=1.1791  role_norm=2.4818  enc_delta ego=0.0024 partner=0.0025 road=0.0036
[ROMA step 1,333,788,672] sps= 52,185  policy_loss=-0.0023  value_loss=0.0333  mi_loss=0.0002  mi_valid=0.70  div_loss=0.0002  kl_loss=0.0000 (disabled)  score=0.953  return=0.966  role_std=1.2181  role_norm=2.5849  enc_delta ego=0.0026 partner=0.0024 road=0.0033
[ROMA step 1,334,575,104] sps= 52,195  policy_loss=0.0035  value_loss=0.0366  mi_loss=0.0002  mi_valid=0.71  div_loss=0.0001  kl_loss=0.0000 (disabled)  score=0.954  return=0.967  role_std=1.2451  role_norm=2.6328  enc_delta ego=0.0029 partner=0.0032 road=0.0050
[ROMA step 1,335,361,536] sps= 52,205  policy_loss=-0.0041  value_loss=0.0329  mi_loss=0.0001  mi_valid=0.72  div_loss=0.0001  kl_loss=0.0000 (disabled)  score=0.955  return=0.968  role_std=1.2129  role_norm=2.5571  enc_delta ego=0.0032 partner=0.0029 road=0.0039
[ROMA step 1,336,147,968] sps= 52,215  policy_loss=-0.0045  value_loss=0.0313  mi_loss=0.0001  mi_valid=0.71  div_loss=0.0001  kl_loss=0.0000 (disabled)  score=0.956  return=0.969  role_std=1.2312  role_norm=2.6092  enc_delta ego=0.0028 partner=0.0028 road=0.0040
[ROMA step 1,336,934,400] sps= 52,199  policy_loss=-0.0059  value_loss=0.0400  mi_loss=0.0002  mi_valid=0.70  div_loss=0.0001  kl_loss=0.0000 (disabled)  score=0.957  return=0.971  role_std=1.1989  role_norm=2.5494  enc_delta ego=0.0032 partner=0.0029 road=0.0050
[ROMA step 1,337,720,832] sps= 52,209  policy_loss=-0.0088  value_loss=0.0307  mi_loss=0.0001  mi_valid=0.71  div_loss=0.0004  kl_loss=0.0000 (disabled)  score=0.958  return=0.971  role_std=1.2225  role_norm=2.5582  enc_delta ego=0.0029 partner=0.0025 road=0.0036
[ROMA step 1,338,507,264] sps= 52,219  policy_loss=-0.0052  value_loss=0.0298  mi_loss=0.0001  mi_valid=0.71  div_loss=-0.0000  kl_loss=0.0000 (disabled)  score=0.960  return=0.974  role_std=1.2362  role_norm=2.5998  enc_delta ego=0.0029 partner=0.0029 road=0.0044
[ROMA step 1,339,293,696] sps= 52,197  policy_loss=-0.0014  value_loss=0.0445  mi_loss=0.0002  mi_valid=0.70  div_loss=0.0000  kl_loss=0.0000 (disabled)  score=0.961  return=0.975  role_std=1.1951  role_norm=2.4745  enc_delta ego=0.0033 partner=0.0026 road=0.0040
[ROMA step 1,340,080,128] sps= 52,207  policy_loss=-0.0128  value_loss=0.0307  mi_loss=0.0002  mi_valid=0.71  div_loss=-0.0000  kl_loss=0.0000 (disabled)  score=0.961  return=0.975  role_std=1.2254  role_norm=2.5615  enc_delta ego=0.0028 partner=0.0027 road=0.0037
[ROMA step 1,340,866,560] sps= 52,217  policy_loss=-0.0003  value_loss=0.0345  mi_loss=0.0002  mi_valid=0.71  div_loss=0.0001  kl_loss=0.0000 (disabled)  score=0.962  return=0.977  role_std=1.1946  role_norm=2.5388  enc_delta ego=0.0063 partner=0.0025 road=0.0032
[ROMA step 1,341,652,992] sps= 52,227  policy_loss=0.0015  value_loss=0.0289  mi_loss=0.0002  mi_valid=0.70  div_loss=-0.0000  kl_loss=0.0000 (disabled)  score=0.963  return=0.978  role_std=1.2273  role_norm=2.6036  enc_delta ego=0.0046 partner=0.0029 road=0.0035
[ROMA step 1,342,439,424] sps= 52,217  policy_loss=0.0034  value_loss=0.0417  mi_loss=0.0002  mi_valid=0.69  div_loss=0.0001  kl_loss=0.0000 (disabled)  score=0.964  return=0.979  role_std=1.2282  role_norm=2.6241  enc_delta ego=0.0048 partner=0.0029 road=0.0045
[ROMA step 1,343,225,856] sps= 52,227  policy_loss=-0.0029  value_loss=0.0276  mi_loss=0.0001  mi_valid=0.72  div_loss=0.0000  kl_loss=0.0000 (disabled)  score=0.964  return=0.980  role_std=1.1695  role_norm=2.5388  enc_delta ego=0.0041 partner=0.0026 road=0.0037
[ROMA step 1,344,012,288] sps= 52,237  policy_loss=0.0010  value_loss=0.0299  mi_loss=0.0001  mi_valid=0.71  div_loss=0.0001  kl_loss=0.0000 (disabled)  score=0.965  return=0.981  role_std=1.1952  role_norm=2.5487  enc_delta ego=0.0020 partner=0.0029 road=0.0038
[ROMA step 1,344,798,720] sps= 52,227  policy_loss=-0.0005  value_loss=0.0391  mi_loss=0.0001  mi_valid=0.70  div_loss=0.0001  kl_loss=0.0000 (disabled)  score=0.966  return=0.982  role_std=1.2222  role_norm=2.6224  enc_delta ego=0.0030 partner=0.0025 road=0.0034
[ROMA step 1,345,585,152] sps= 52,237  policy_loss=-0.0037  value_loss=0.0270  mi_loss=0.0001  mi_valid=0.70  div_loss=0.0001  kl_loss=0.0000 (disabled)  score=0.967  return=0.983  role_std=1.2191  role_norm=2.6036  enc_delta ego=0.0023 partner=0.0031 road=0.0034
[ROMA step 1,346,371,584] sps= 52,246  policy_loss=-0.0037  value_loss=0.0244  mi_loss=0.0001  mi_valid=0.71  div_loss=0.0002  kl_loss=0.0000 (disabled)  score=0.967  return=0.984  role_std=1.2003  role_norm=2.5749  enc_delta ego=0.0031 partner=0.0027 road=0.0033
[ROMA step 1,347,158,016] sps= 52,256  policy_loss=0.0029  value_loss=0.0217  mi_loss=0.0001  mi_valid=0.71  div_loss=0.0002  kl_loss=0.0000 (disabled)  score=0.968  return=0.986  role_std=1.2209  role_norm=2.5872  enc_delta ego=0.0025 partner=0.0025 road=0.0034
[ROMA step 1,347,944,448] sps= 52,242  policy_loss=-0.0086  value_loss=0.0412  mi_loss=0.0002  mi_valid=0.70  div_loss=0.0000  kl_loss=0.0000 (disabled)  score=0.968  return=0.985  role_std=1.1670  role_norm=2.4762  enc_delta ego=0.0028 partner=0.0029 road=0.0045
[ROMA step 1,348,730,880] sps= 52,252  policy_loss=0.0008  value_loss=0.0320  mi_loss=0.0002  mi_valid=0.71  div_loss=0.0001  kl_loss=0.0000 (disabled)  score=0.968  return=0.985  role_std=1.1769  role_norm=2.4969  enc_delta ego=0.0023 partner=0.0034 road=0.0038
[ROMA step 1,349,517,312] sps= 52,262  policy_loss=-0.0036  value_loss=0.0341  mi_loss=0.0002  mi_valid=0.71  div_loss=0.0001  kl_loss=0.0000 (disabled)  score=0.967  return=0.984  role_std=1.1742  role_norm=2.5078  enc_delta ego=0.0023 partner=0.0033 road=0.0037
[ROMA step 1,350,303,744] sps= 52,251  policy_loss=-0.0018  value_loss=0.0443  mi_loss=0.0002  mi_valid=0.70  div_loss=0.0001  kl_loss=0.0000 (disabled)  score=0.967  return=0.984  role_std=1.1722  role_norm=2.5963  enc_delta ego=0.0024 partner=0.0033 road=0.0037
[ROMA step 1,351,090,176] sps= 52,260  policy_loss=-0.0016  value_loss=0.0301  mi_loss=0.0001  mi_valid=0.71  div_loss=0.0002  kl_loss=0.0000 (disabled)  score=0.967  return=0.984  role_std=1.1939  role_norm=2.5690  enc_delta ego=0.0029 partner=0.0030 road=0.0039
[ROMA step 1,351,876,608] sps= 52,270  policy_loss=-0.0047  value_loss=0.0249  mi_loss=0.0001  mi_valid=0.71  div_loss=0.0000  kl_loss=0.0000 (disabled)  score=0.967  return=0.986  role_std=1.1896  role_norm=2.5373  enc_delta ego=0.0024 partner=0.0024 road=0.0032
[ROMA step 1,352,663,040] sps= 52,279  policy_loss=-0.0031  value_loss=0.0305  mi_loss=0.0001  mi_valid=0.71  div_loss=0.0002  kl_loss=0.0000 (disabled)  score=0.968  return=0.986  role_std=1.1816  role_norm=2.5023  enc_delta ego=0.0031 partner=0.0025 road=0.0033
[ROMA step 1,353,449,472] sps= 52,270  policy_loss=-0.0063  value_loss=0.0350  mi_loss=0.0001  mi_valid=0.70  div_loss=0.0000  kl_loss=0.0000 (disabled)  score=0.968  return=0.987  role_std=1.2057  role_norm=2.5563  enc_delta ego=0.0027 partner=0.0026 road=0.0033
[ROMA step 1,354,235,904] sps= 52,279  policy_loss=0.0027  value_loss=0.0315  mi_loss=0.0002  mi_valid=0.71  div_loss=0.0000  kl_loss=0.0000 (disabled)  score=0.968  return=0.987  role_std=1.2109  role_norm=2.5914  enc_delta ego=0.0028 partner=0.0028 road=0.0033
[ROMA step 1,355,022,336] sps= 52,289  policy_loss=-0.0052  value_loss=0.0274  mi_loss=0.0002  mi_valid=0.71  div_loss=0.0001  kl_loss=0.0000 (disabled)  score=0.968  return=0.987  role_std=1.2039  role_norm=2.5372  enc_delta ego=0.0031 partner=0.0031 road=0.0036
[ROMA step 1,355,808,768] sps= 52,299  policy_loss=-0.0060  value_loss=0.0292  mi_loss=0.0002  mi_valid=0.71  div_loss=0.0001  kl_loss=0.0000 (disabled)  score=0.968  return=0.988  role_std=1.2026  role_norm=2.5389  enc_delta ego=0.0025 partner=0.0022 road=0.0030
[ROMA step 1,356,595,200] sps= 52,291  policy_loss=-0.0012  value_loss=0.0339  mi_loss=0.0001  mi_valid=0.71  div_loss=0.0002  kl_loss=0.0000 (disabled)  score=0.968  return=0.988  role_std=1.1502  role_norm=2.4413  enc_delta ego=0.0038 partner=0.0029 road=0.0037
[ROMA step 1,357,381,632] sps= 52,300  policy_loss=-0.0059  value_loss=0.0223  mi_loss=0.0001  mi_valid=0.71  div_loss=0.0001  kl_loss=0.0000 (disabled)  score=0.969  return=0.989  role_std=1.1556  role_norm=2.4845  enc_delta ego=0.0032 partner=0.0029 road=0.0039
[ROMA step 1,358,168,064] sps= 52,310  policy_loss=0.0012  value_loss=0.0241  mi_loss=0.0001  mi_valid=0.71  div_loss=0.0006  kl_loss=0.0000 (disabled)  score=0.970  return=0.990  role_std=1.1646  role_norm=2.4747  enc_delta ego=0.0025 partner=0.0024 road=0.0032
[ROMA step 1,358,954,496] sps= 52,296  policy_loss=-0.0078  value_loss=0.0346  mi_loss=0.0001  mi_valid=0.70  div_loss=0.0001  kl_loss=0.0000 (disabled)  score=0.970  return=0.990  role_std=1.1882  role_norm=2.5612  enc_delta ego=0.0031 partner=0.0026 road=0.0032
[ROMA step 1,359,740,928] sps= 52,306  policy_loss=-0.0072  value_loss=0.0299  mi_loss=0.0001  mi_valid=0.72  div_loss=0.0001  kl_loss=0.0000 (disabled)  score=0.970  return=0.991  role_std=1.2090  role_norm=2.5644  enc_delta ego=0.0028 partner=0.0034 road=0.0040
[ROMA step 1,360,527,360] sps= 52,316  policy_loss=-0.0009  value_loss=0.0348  mi_loss=0.0001  mi_valid=0.73  div_loss=0.0001  kl_loss=0.0000 (disabled)  score=0.970  return=0.990  role_std=1.1974  role_norm=2.5591  enc_delta ego=0.0026 partner=0.0036 road=0.0036
[ROMA step 1,361,313,792] sps= 52,325  policy_loss=-0.0034  value_loss=0.0279  mi_loss=0.0001  mi_valid=0.72  div_loss=0.0002  kl_loss=0.0000 (disabled)  score=0.969  return=0.990  role_std=1.1777  role_norm=2.5555  enc_delta ego=0.0028 partner=0.0029 road=0.0036
[ROMA step 1,362,100,224] sps= 52,317  policy_loss=0.0016  value_loss=0.0351  mi_loss=0.0001  mi_valid=0.70  div_loss=0.0000  kl_loss=0.0000 (disabled)  score=0.969  return=0.990  role_std=1.2144  role_norm=2.6285  enc_delta ego=0.0024 partner=0.0027 road=0.0034
[ROMA step 1,362,886,656] sps= 52,327  policy_loss=-0.0077  value_loss=0.0221  mi_loss=0.0001  mi_valid=0.72  div_loss=0.0000  kl_loss=0.0000 (disabled)  score=0.968  return=0.990  role_std=1.2085  role_norm=2.5948  enc_delta ego=0.0027 partner=0.0023 road=0.0033
[ROMA step 1,363,673,088] sps= 52,337  policy_loss=-0.0045  value_loss=0.0232  mi_loss=0.0001  mi_valid=0.72  div_loss=0.0002  kl_loss=0.0000 (disabled)  score=0.968  return=0.991  role_std=1.2094  role_norm=2.5781  enc_delta ego=0.0021 partner=0.0022 road=0.0032
[ROMA step 1,364,459,520] sps= 52,325  policy_loss=0.0055  value_loss=0.0367  mi_loss=0.0001  mi_valid=0.71  div_loss=0.0001  kl_loss=0.0000 (disabled)  score=0.968  return=0.991  role_std=1.1158  role_norm=2.3578  enc_delta ego=0.0021 partner=0.0024 road=0.0037
[ROMA step 1,365,245,952] sps= 52,334  policy_loss=-0.0065  value_loss=0.0361  mi_loss=0.0002  mi_valid=0.72  div_loss=0.0002  kl_loss=0.0000 (disabled)  score=0.967  return=0.990  role_std=1.1387  role_norm=2.4417  enc_delta ego=0.0030 partner=0.0031 road=0.0048
[ROMA step 1,366,032,384] sps= 52,343  policy_loss=-0.0008  value_loss=0.0316  mi_loss=0.0002  mi_valid=0.71  div_loss=0.0000  kl_loss=0.0000 (disabled)  score=0.966  return=0.990  role_std=1.1625  role_norm=2.4637  enc_delta ego=0.0032 partner=0.0030 road=0.0044
[ROMA step 1,366,818,816] sps= 52,352  policy_loss=-0.0038  value_loss=0.0368  mi_loss=0.0002  mi_valid=0.71  div_loss=0.0000  kl_loss=0.0000 (disabled)  score=0.966  return=0.989  role_std=1.1549  role_norm=2.4734  enc_delta ego=0.0031 partner=0.0032 road=0.0043
[ROMA step 1,367,605,248] sps= 52,343  policy_loss=0.0088  value_loss=0.0417  mi_loss=0.0002  mi_valid=0.70  div_loss=0.0001  kl_loss=0.0000 (disabled)  score=0.966  return=0.989  role_std=1.2219  role_norm=2.6111  enc_delta ego=0.0028 partner=0.0029 road=0.0046
[ROMA step 1,368,391,680] sps= 52,353  policy_loss=-0.0021  value_loss=0.0311  mi_loss=0.0001  mi_valid=0.72  div_loss=0.0000  kl_loss=0.0000 (disabled)  score=0.966  return=0.989  role_std=1.2338  role_norm=2.5864  enc_delta ego=0.0026 partner=0.0026 road=0.0038
[ROMA step 1,369,178,112] sps= 52,362  policy_loss=-0.0019  value_loss=0.0322  mi_loss=0.0001  mi_valid=0.72  div_loss=0.0001  kl_loss=0.0000 (disabled)  score=0.966  return=0.990  role_std=1.1897  role_norm=2.5091  enc_delta ego=0.0026 partner=0.0030 road=0.0040
[ROMA step 1,369,964,544] sps= 52,350  policy_loss=-0.0076  value_loss=0.0377  mi_loss=0.0002  mi_valid=0.70  div_loss=0.0003  kl_loss=0.0000 (disabled)  score=0.966  return=0.991  role_std=1.2007  role_norm=2.5415  enc_delta ego=0.0025 partner=0.0025 road=0.0034
[ROMA step 1,370,750,976] sps= 52,360  policy_loss=0.0006  value_loss=0.0383  mi_loss=0.0002  mi_valid=0.71  div_loss=0.0001  kl_loss=0.0000 (disabled)  score=0.966  return=0.990  role_std=1.1898  role_norm=2.5136  enc_delta ego=0.0038 partner=0.0027 road=0.0035
[ROMA step 1,371,537,408] sps= 52,369  policy_loss=-0.0025  value_loss=0.0326  mi_loss=0.0002  mi_valid=0.72  div_loss=0.0000  kl_loss=0.0000 (disabled)  score=0.966  return=0.990  role_std=1.2112  role_norm=2.5639  enc_delta ego=0.0029 partner=0.0028 road=0.0033
[ROMA step 1,372,323,840] sps= 52,379  policy_loss=-0.0046  value_loss=0.0377  mi_loss=0.0002  mi_valid=0.72  div_loss=0.0003  kl_loss=0.0000 (disabled)  score=0.965  return=0.989  role_std=1.2223  role_norm=2.5911  enc_delta ego=0.0026 partner=0.0028 road=0.0032
[ROMA step 1,373,110,272] sps= 52,368  policy_loss=-0.0023  value_loss=0.0381  mi_loss=0.0002  mi_valid=0.71  div_loss=0.0001  kl_loss=0.0000 (disabled)  score=0.964  return=0.987  role_std=1.1451  role_norm=2.4299  enc_delta ego=0.0028 partner=0.0025 road=0.0032
[ROMA step 1,373,896,704] sps= 52,378  policy_loss=-0.0013  value_loss=0.0282  mi_loss=0.0002  mi_valid=0.72  div_loss=0.0001  kl_loss=0.0000 (disabled)  score=0.963  return=0.986  role_std=1.1330  role_norm=2.4281  enc_delta ego=0.0038 partner=0.0024 road=0.0035
[ROMA step 1,374,683,136] sps= 52,387  policy_loss=-0.0064  value_loss=0.0254  mi_loss=0.0001  mi_valid=0.72  div_loss=0.0001  kl_loss=0.0000 (disabled)  score=0.963  return=0.986  role_std=1.1365  role_norm=2.4275  enc_delta ego=0.0025 partner=0.0025 road=0.0032
[ROMA step 1,375,469,568] sps= 52,377  policy_loss=-0.0032  value_loss=0.0289  mi_loss=0.0002  mi_valid=0.70  div_loss=0.0000  kl_loss=0.0000 (disabled)  score=0.963  return=0.987  role_std=1.1686  role_norm=2.5581  enc_delta ego=0.0025 partner=0.0021 road=0.0028
[ROMA step 1,376,256,000] sps= 52,387  policy_loss=-0.0026  value_loss=0.0466  mi_loss=0.0002  mi_valid=0.71  div_loss=0.0003  kl_loss=0.0000 (disabled)  score=0.962  return=0.985  role_std=1.1996  role_norm=2.5629  enc_delta ego=0.0033 partner=0.0031 road=0.0045
[ROMA step 1,377,042,432] sps= 52,397  policy_loss=-0.0030  value_loss=0.0401  mi_loss=0.0002  mi_valid=0.72  div_loss=0.0000  kl_loss=0.0000 (disabled)  score=0.962  return=0.985  role_std=1.1790  role_norm=2.4879  enc_delta ego=0.0026 partner=0.0028 road=0.0041
[ROMA step 1,377,828,864] sps= 52,406  policy_loss=-0.0027  value_loss=0.0350  mi_loss=0.0001  mi_valid=0.72  div_loss=0.0001  kl_loss=0.0000 (disabled)  score=0.961  return=0.983  role_std=1.2065  role_norm=2.5250  enc_delta ego=0.0025 partner=0.0031 road=0.0045
[ROMA step 1,378,615,296] sps= 52,395  policy_loss=0.0002  value_loss=0.0356  mi_loss=0.0002  mi_valid=0.70  div_loss=0.0000  kl_loss=0.0000 (disabled)  score=0.961  return=0.983  role_std=1.1765  role_norm=2.5061  enc_delta ego=0.0030 partner=0.0030 road=0.0037
[ROMA step 1,379,401,728] sps= 52,404  policy_loss=-0.0042  value_loss=0.0257  mi_loss=0.0002  mi_valid=0.71  div_loss=0.0001  kl_loss=0.0000 (disabled)  score=0.961  return=0.983  role_std=1.1928  role_norm=2.5451  enc_delta ego=0.0025 partner=0.0027 road=0.0034
[ROMA step 1,380,188,160] sps= 52,413  policy_loss=-0.0049  value_loss=0.0250  mi_loss=0.0001  mi_valid=0.71  div_loss=0.0001  kl_loss=0.0000 (disabled)  score=0.961  return=0.983  role_std=1.1981  role_norm=2.5634  enc_delta ego=0.0024 partner=0.0027 road=0.0033
[ROMA step 1,380,974,592] sps= 52,422  policy_loss=-0.0008  value_loss=0.0312  mi_loss=0.0001  mi_valid=0.71  div_loss=0.0002  kl_loss=0.0000 (disabled)  score=0.961  return=0.983  role_std=1.2232  role_norm=2.6002  enc_delta ego=0.0043 partner=0.0032 road=0.0036
[ROMA step 1,381,761,024] sps= 52,409  policy_loss=-0.0002  value_loss=0.0484  mi_loss=0.0002  mi_valid=0.73  div_loss=0.0005  kl_loss=0.0000 (disabled)  score=0.962  return=0.984  role_std=1.1748  role_norm=2.5080  enc_delta ego=0.0046 partner=0.0032 road=0.0042
[ROMA step 1,382,547,456] sps= 52,418  policy_loss=0.0003  value_loss=0.0336  mi_loss=0.0001  mi_valid=0.73  div_loss=0.0001  kl_loss=0.0000 (disabled)  score=0.962  return=0.983  role_std=1.1726  role_norm=2.5269  enc_delta ego=0.0035 partner=0.0025 road=0.0031
[ROMA step 1,383,333,888] sps= 52,428  policy_loss=0.0068  value_loss=0.0413  mi_loss=0.0001  mi_valid=0.73  div_loss=0.0000  kl_loss=0.0000 (disabled)  score=0.962  return=0.982  role_std=1.1874  role_norm=2.5506  enc_delta ego=0.0039 partner=0.0024 road=0.0036
[ROMA step 1,384,120,320] sps= 52,418  policy_loss=-0.0052  value_loss=0.0364  mi_loss=0.0001  mi_valid=0.71  div_loss=0.0001  kl_loss=0.0000 (disabled)  score=0.962  return=0.981  role_std=1.2223  role_norm=2.6265  enc_delta ego=0.0030 partner=0.0023 road=0.0028
[ROMA step 1,384,906,752] sps= 52,427  policy_loss=-0.0052  value_loss=0.0226  mi_loss=0.0001  mi_valid=0.72  div_loss=0.0001  kl_loss=0.0000 (disabled)  score=0.962  return=0.982  role_std=1.2472  role_norm=2.6487  enc_delta ego=0.0034 partner=0.0022 road=0.0030
[ROMA step 1,385,693,184] sps= 52,437  policy_loss=-0.0036  value_loss=0.0220  mi_loss=0.0001  mi_valid=0.72  div_loss=0.0002  kl_loss=0.0000 (disabled)  score=0.962  return=0.982  role_std=1.2309  role_norm=2.5756  enc_delta ego=0.0021 partner=0.0022 road=0.0025
[ROMA step 1,386,479,616] sps= 52,446  policy_loss=-0.0052  value_loss=0.0273  mi_loss=0.0001  mi_valid=0.71  div_loss=0.0001  kl_loss=0.0000 (disabled)  score=0.963  return=0.983  role_std=1.2195  role_norm=2.5361  enc_delta ego=0.0024 partner=0.0024 road=0.0032
[ROMA step 1,387,266,048] sps= 52,432  policy_loss=-0.0030  value_loss=0.0367  mi_loss=0.0002  mi_valid=0.70  div_loss=0.0001  kl_loss=0.0000 (disabled)  score=0.964  return=0.985  role_std=1.1952  role_norm=2.5439  enc_delta ego=0.0027 partner=0.0026 road=0.0032
[ROMA step 1,388,052,480] sps= 52,442  policy_loss=0.0017  value_loss=0.0313  mi_loss=0.0002  mi_valid=0.71  div_loss=0.0000  kl_loss=0.0000 (disabled)  score=0.964  return=0.984  role_std=1.2222  role_norm=2.5601  enc_delta ego=0.0027 partner=0.0028 road=0.0034
[ROMA step 1,388,838,912] sps= 52,451  policy_loss=-0.0016  value_loss=0.0293  mi_loss=0.0002  mi_valid=0.71  div_loss=0.0000  kl_loss=0.0000 (disabled)  score=0.964  return=0.985  role_std=1.2572  role_norm=2.5830  enc_delta ego=0.0028 partner=0.0026 road=0.0035
[ROMA step 1,389,625,344] sps= 52,433  policy_loss=-0.0035  value_loss=0.0279  mi_loss=0.0002  mi_valid=0.70  div_loss=0.0003  kl_loss=0.0000 (disabled)  score=0.964  return=0.985  role_std=1.1471  role_norm=2.3794  enc_delta ego=0.0023 partner=0.0025 road=0.0031
[ROMA step 1,390,411,776] sps= 52,442  policy_loss=-0.0000  value_loss=0.0278  mi_loss=0.0002  mi_valid=0.72  div_loss=0.0000  kl_loss=0.0000 (disabled)  score=0.964  return=0.984  role_std=1.1693  role_norm=2.4761  enc_delta ego=0.0027 partner=0.0031 road=0.0034
[ROMA step 1,391,198,208] sps= 52,452  policy_loss=0.0023  value_loss=0.0231  mi_loss=0.0002  mi_valid=0.71  div_loss=0.0000  kl_loss=0.0000 (disabled)  score=0.964  return=0.985  role_std=1.1738  role_norm=2.4712  enc_delta ego=0.0027 partner=0.0028 road=0.0035
[ROMA step 1,391,984,640] sps= 52,461  policy_loss=-0.0013  value_loss=0.0241  mi_loss=0.0002  mi_valid=0.72  div_loss=0.0001  kl_loss=0.0000 (disabled)  score=0.965  return=0.986  role_std=1.1830  role_norm=2.5106  enc_delta ego=0.0025 partner=0.0024 road=0.0032
[ROMA step 1,392,771,072] sps= 52,441  policy_loss=-0.0093  value_loss=0.0318  mi_loss=0.0001  mi_valid=0.70  div_loss=0.0000  kl_loss=0.0000 (disabled)  score=0.965  return=0.987  role_std=1.1575  role_norm=2.4615  enc_delta ego=0.0030 partner=0.0023 road=0.0031
[ROMA step 1,393,557,504] sps= 52,450  policy_loss=-0.0029  value_loss=0.0230  mi_loss=0.0001  mi_valid=0.72  div_loss=0.0001  kl_loss=0.0000 (disabled)  score=0.966  return=0.988  role_std=1.1901  role_norm=2.5027  enc_delta ego=0.0028 partner=0.0027 road=0.0031
[ROMA step 1,394,343,936] sps= 52,460  policy_loss=-0.0058  value_loss=0.0196  mi_loss=0.0001  mi_valid=0.73  div_loss=0.0002  kl_loss=0.0000 (disabled)  score=0.966  return=0.988  role_std=1.1508  role_norm=2.4117  enc_delta ego=0.0024 partner=0.0025 road=0.0029
[ROMA step 1,395,130,368] sps= 52,440  policy_loss=-0.0147  value_loss=0.0299  mi_loss=0.0001  mi_valid=0.71  div_loss=0.0002  kl_loss=0.0000 (disabled)  score=0.966  return=0.988  role_std=1.1734  role_norm=2.4831  enc_delta ego=0.0023 partner=0.0026 road=0.0030
[ROMA step 1,395,916,800] sps= 52,449  policy_loss=0.0026  value_loss=0.0340  mi_loss=0.0001  mi_valid=0.72  div_loss=0.0000  kl_loss=0.0000 (disabled)  score=0.965  return=0.987  role_std=1.1628  role_norm=2.4963  enc_delta ego=0.0029 partner=0.0031 road=0.0035
[ROMA step 1,396,703,232] sps= 52,459  policy_loss=-0.0064  value_loss=0.0286  mi_loss=0.0001  mi_valid=0.72  div_loss=0.0000  kl_loss=0.0000 (disabled)  score=0.965  return=0.986  role_std=1.1756  role_norm=2.5253  enc_delta ego=0.0025 partner=0.0032 road=0.0031
[ROMA step 1,397,489,664] sps= 52,468  policy_loss=-0.0006  value_loss=0.0346  mi_loss=0.0001  mi_valid=0.73  div_loss=0.0000  kl_loss=0.0000 (disabled)  score=0.965  return=0.987  role_std=1.1916  role_norm=2.5508  enc_delta ego=0.0033 partner=0.0036 road=0.0036
[ROMA step 1,398,276,096] sps= 52,444  policy_loss=-0.0023  value_loss=0.0449  mi_loss=0.0002  mi_valid=0.72  div_loss=0.0003  kl_loss=0.0000 (disabled)  score=0.964  return=0.986  role_std=1.1506  role_norm=2.4557  enc_delta ego=0.0026 partner=0.0034 road=0.0038
[ROMA step 1,399,062,528] sps= 52,453  policy_loss=-0.0001  value_loss=0.0380  mi_loss=0.0001  mi_valid=0.73  div_loss=0.0000  kl_loss=0.0000 (disabled)  score=0.963  return=0.986  role_std=1.1540  role_norm=2.4532  enc_delta ego=0.0022 partner=0.0035 road=0.0035
[ROMA step 1,399,848,960] sps= 52,463  policy_loss=-0.0014  value_loss=0.0366  mi_loss=0.0001  mi_valid=0.73  div_loss=0.0000  kl_loss=0.0000 (disabled)  score=0.962  return=0.983  role_std=1.1355  role_norm=2.4555  enc_delta ego=0.0024 partner=0.0037 road=0.0037
[ROMA step 1,400,635,392] sps= 52,438  policy_loss=0.0009  value_loss=0.0370  mi_loss=0.0001  mi_valid=0.71  div_loss=0.0000  kl_loss=0.0000 (disabled)  score=0.961  return=0.981  role_std=1.1259  role_norm=2.5400  enc_delta ego=0.0023 partner=0.0031 road=0.0037
[ROMA step 1,401,421,824] sps= 52,448  policy_loss=-0.0076  value_loss=0.0336  mi_loss=0.0001  mi_valid=0.73  div_loss=0.0000  kl_loss=0.0000 (disabled)  score=0.960  return=0.979  role_std=1.1963  role_norm=2.5992  enc_delta ego=0.0028 partner=0.0026 road=0.0041
[ROMA step 1,402,208,256] sps= 52,457  policy_loss=0.0005  value_loss=0.0279  mi_loss=0.0001  mi_valid=0.73  div_loss=0.0001  kl_loss=0.0000 (disabled)  score=0.960  return=0.979  role_std=1.2074  role_norm=2.5461  enc_delta ego=0.0028 partner=0.0028 road=0.0035
[ROMA step 1,402,994,688] sps= 52,467  policy_loss=-0.0065  value_loss=0.0244  mi_loss=0.0001  mi_valid=0.73  div_loss=0.0002  kl_loss=0.0000 (disabled)  score=0.959  return=0.979  role_std=1.1838  role_norm=2.5466  enc_delta ego=0.0029 partner=0.0025 road=0.0030
[ROMA step 1,403,781,120] sps= 52,442  policy_loss=-0.0053  value_loss=0.0386  mi_loss=0.0001  mi_valid=0.71  div_loss=-0.0000  kl_loss=0.0000 (disabled)  score=0.959  return=0.979  role_std=1.1499  role_norm=2.5458  enc_delta ego=0.0023 partner=0.0036 road=0.0038
[ROMA step 1,404,567,552] sps= 52,452  policy_loss=-0.0056  value_loss=0.0258  mi_loss=0.0001  mi_valid=0.73  div_loss=0.0001  kl_loss=0.0000 (disabled)  score=0.959  return=0.980  role_std=1.1809  role_norm=2.5527  enc_delta ego=0.0025 partner=0.0033 road=0.0036
[ROMA step 1,405,353,984] sps= 52,461  policy_loss=-0.0000  value_loss=0.0256  mi_loss=0.0001  mi_valid=0.73  div_loss=0.0001  kl_loss=0.0000 (disabled)  score=0.958  return=0.981  role_std=1.1835  role_norm=2.5310  enc_delta ego=0.0019 partner=0.0027 road=0.0037
[ROMA step 1,406,140,416] sps= 52,471  policy_loss=-0.0022  value_loss=0.0210  mi_loss=0.0001  mi_valid=0.72  div_loss=0.0001  kl_loss=0.0000 (disabled)  score=0.958  return=0.980  role_std=1.2030  role_norm=2.5457  enc_delta ego=0.0025 partner=0.0026 road=0.0030
[ROMA step 1,406,926,848] sps= 52,443  policy_loss=-0.0066  value_loss=0.0232  mi_loss=0.0001  mi_valid=0.72  div_loss=0.0001  kl_loss=0.0000 (disabled)  score=0.958  return=0.981  role_std=1.1699  role_norm=2.4639  enc_delta ego=0.0026 partner=0.0031 road=0.0043
[ROMA step 1,407,713,280] sps= 52,452  policy_loss=-0.0027  value_loss=0.0223  mi_loss=0.0001  mi_valid=0.72  div_loss=0.0000  kl_loss=0.0000 (disabled)  score=0.958  return=0.980  role_std=1.1948  role_norm=2.5348  enc_delta ego=0.0029 partner=0.0032 road=0.0034
[ROMA step 1,408,499,712] sps= 52,462  policy_loss=-0.0073  value_loss=0.0217  mi_loss=0.0001  mi_valid=0.72  div_loss=0.0002  kl_loss=0.0000 (disabled)  score=0.957  return=0.979  role_std=1.1906  role_norm=2.5331  enc_delta ego=0.0042 partner=0.0026 road=0.0033
[ROMA step 1,409,286,144] sps= 52,436  policy_loss=-0.0052  value_loss=0.0296  mi_loss=0.0001  mi_valid=0.70  div_loss=0.0000  kl_loss=0.0000 (disabled)  score=0.957  return=0.979  role_std=1.2239  role_norm=2.6501  enc_delta ego=0.0027 partner=0.0023 road=0.0033
[ROMA step 1,410,072,576] sps= 52,445  policy_loss=0.0017  value_loss=0.0235  mi_loss=0.0001  mi_valid=0.71  div_loss=0.0000  kl_loss=0.0000 (disabled)  score=0.957  return=0.979  role_std=1.2515  role_norm=2.6765  enc_delta ego=0.0032 partner=0.0031 road=0.0038
[ROMA step 1,410,859,008] sps= 52,455  policy_loss=-0.0023  value_loss=0.0264  mi_loss=0.0001  mi_valid=0.72  div_loss=0.0000  kl_loss=0.0000 (disabled)  score=0.957  return=0.979  role_std=1.2356  role_norm=2.6511  enc_delta ego=0.0028 partner=0.0028 road=0.0035
[ROMA step 1,411,645,440] sps= 52,464  policy_loss=-0.0031  value_loss=0.0185  mi_loss=0.0001  mi_valid=0.71  div_loss=0.0002  kl_loss=0.0000 (disabled)  score=0.957  return=0.979  role_std=1.2166  role_norm=2.6229  enc_delta ego=0.0030 partner=0.0027 road=0.0034
[ROMA step 1,412,431,872] sps= 52,442  policy_loss=-0.0019  value_loss=0.0432  mi_loss=0.0001  mi_valid=0.69  div_loss=0.0000  kl_loss=0.0000 (disabled)  score=0.957  return=0.979  role_std=1.1909  role_norm=2.5976  enc_delta ego=0.0032 partner=0.0032 road=0.0044
[ROMA step 1,413,218,304] sps= 52,451  policy_loss=-0.0022  value_loss=0.0285  mi_loss=0.0001  mi_valid=0.71  div_loss=0.0000  kl_loss=0.0000 (disabled)  score=0.957  return=0.979  role_std=1.1940  role_norm=2.5597  enc_delta ego=0.0028 partner=0.0026 road=0.0035
[ROMA step 1,414,004,736] sps= 52,460  policy_loss=-0.0011  value_loss=0.0264  mi_loss=0.0001  mi_valid=0.70  div_loss=0.0000  kl_loss=0.0000 (disabled)  score=0.957  return=0.979  role_std=1.2012  role_norm=2.5933  enc_delta ego=0.0027 partner=0.0029 road=0.0032
[ROMA step 1,414,791,168] sps= 52,436  policy_loss=-0.0031  value_loss=0.0320  mi_loss=0.0002  mi_valid=0.70  div_loss=0.0001  kl_loss=0.0000 (disabled)  score=0.957  return=0.980  role_std=1.2199  role_norm=2.5497  enc_delta ego=0.0022 partner=0.0030 road=0.0034
[ROMA step 1,415,577,600] sps= 52,445  policy_loss=-0.0058  value_loss=0.0259  mi_loss=0.0002  mi_valid=0.72  div_loss=0.0002  kl_loss=0.0000 (disabled)  score=0.957  return=0.980  role_std=1.2177  role_norm=2.5577  enc_delta ego=0.0025 partner=0.0031 road=0.0039
[ROMA step 1,416,364,032] sps= 52,455  policy_loss=0.0054  value_loss=0.0236  mi_loss=0.0002  mi_valid=0.71  div_loss=0.0000  kl_loss=0.0000 (disabled)  score=0.958  return=0.981  role_std=1.2194  role_norm=2.5931  enc_delta ego=0.0027 partner=0.0022 road=0.0033
[ROMA step 1,417,150,464] sps= 52,464  policy_loss=-0.0003  value_loss=0.0220  mi_loss=0.0002  mi_valid=0.71  div_loss=0.0002  kl_loss=0.0000 (disabled)  score=0.958  return=0.982  role_std=1.2185  role_norm=2.5513  enc_delta ego=0.0023 partner=0.0024 road=0.0031
[ROMA step 1,417,936,896] sps= 52,446  policy_loss=0.0031  value_loss=0.0355  mi_loss=0.0002  mi_valid=0.69  div_loss=0.0000  kl_loss=0.0000 (disabled)  score=0.959  return=0.984  role_std=1.1940  role_norm=2.4812  enc_delta ego=0.0029 partner=0.0025 road=0.0041
[ROMA step 1,418,723,328] sps= 52,455  policy_loss=-0.0009  value_loss=0.0242  mi_loss=0.0001  mi_valid=0.71  div_loss=0.0000  kl_loss=0.0000 (disabled)  score=0.960  return=0.984  role_std=1.2121  role_norm=2.5010  enc_delta ego=0.0023 partner=0.0027 road=0.0039
[ROMA step 1,419,509,760] sps= 52,464  policy_loss=-0.0037  value_loss=0.0234  mi_loss=0.0002  mi_valid=0.71  div_loss=0.0001  kl_loss=0.0000 (disabled)  score=0.961  return=0.986  role_std=1.2019  role_norm=2.5084  enc_delta ego=0.0028 partner=0.0027 road=0.0035
[ROMA step 1,420,296,192] sps= 52,446  policy_loss=0.0005  value_loss=0.0324  mi_loss=0.0002  mi_valid=0.69  div_loss=0.0000  kl_loss=0.0000 (disabled)  score=0.962  return=0.988  role_std=1.2339  role_norm=2.6170  enc_delta ego=0.0025 partner=0.0026 road=0.0032
[ROMA step 1,421,082,624] sps= 52,455  policy_loss=-0.0105  value_loss=0.0243  mi_loss=0.0001  mi_valid=0.71  div_loss=0.0000  kl_loss=0.0000 (disabled)  score=0.964  return=0.991  role_std=1.2194  role_norm=2.5855  enc_delta ego=0.0034 partner=0.0026 road=0.0034
[ROMA step 1,421,869,056] sps= 52,464  policy_loss=-0.0007  value_loss=0.0241  mi_loss=0.0001  mi_valid=0.71  div_loss=-0.0000  kl_loss=0.0000 (disabled)  score=0.966  return=0.994  role_std=1.2283  role_norm=2.6129  enc_delta ego=0.0027 partner=0.0030 road=0.0035
[ROMA step 1,422,655,488] sps= 52,473  policy_loss=0.0003  value_loss=0.0288  mi_loss=0.0001  mi_valid=0.71  div_loss=0.0000  kl_loss=0.0000 (disabled)  score=0.966  return=0.994  role_std=1.2250  role_norm=2.5719  enc_delta ego=0.0027 partner=0.0030 road=0.0035
[ROMA step 1,423,441,920] sps= 52,456  policy_loss=-0.0038  value_loss=0.0318  mi_loss=0.0002  mi_valid=0.70  div_loss=0.0000  kl_loss=0.0000 (disabled)  score=0.967  return=0.995  role_std=1.2299  role_norm=2.5602  enc_delta ego=0.0020 partner=0.0025 road=0.0037
[ROMA step 1,424,228,352] sps= 52,465  policy_loss=-0.0016  value_loss=0.0280  mi_loss=0.0002  mi_valid=0.71  div_loss=0.0003  kl_loss=0.0000 (disabled)  score=0.967  return=0.995  role_std=1.2539  role_norm=2.5975  enc_delta ego=0.0025 partner=0.0037 road=0.0040
[ROMA step 1,425,014,784] sps= 52,474  policy_loss=-0.0020  value_loss=0.0286  mi_loss=0.0002  mi_valid=0.71  div_loss=0.0005  kl_loss=0.0000 (disabled)  score=0.968  return=0.995  role_std=1.2228  role_norm=2.5709  enc_delta ego=0.0028 partner=0.0029 road=0.0034
[ROMA step 1,425,801,216] sps= 52,458  policy_loss=-0.0012  value_loss=0.0360  mi_loss=0.0002  mi_valid=0.69  div_loss=0.0000  kl_loss=0.0000 (disabled)  score=0.968  return=0.995  role_std=1.1920  role_norm=2.6143  enc_delta ego=0.0024 partner=0.0026 road=0.0028
[ROMA step 1,426,587,648] sps= 52,468  policy_loss=0.0027  value_loss=0.0311  mi_loss=0.0001  mi_valid=0.71  div_loss=0.0001  kl_loss=0.0000 (disabled)  score=0.968  return=0.994  role_std=1.2194  role_norm=2.5742  enc_delta ego=0.0033 partner=0.0032 road=0.0036
[ROMA step 1,427,374,080] sps= 52,477  policy_loss=0.0028  value_loss=0.0298  mi_loss=0.0002  mi_valid=0.72  div_loss=0.0001  kl_loss=0.0000 (disabled)  score=0.968  return=0.994  role_std=1.1982  role_norm=2.5382  enc_delta ego=0.0032 partner=0.0030 road=0.0035
[ROMA step 1,428,160,512] sps= 52,486  policy_loss=-0.0049  value_loss=0.0247  mi_loss=0.0002  mi_valid=0.72  div_loss=0.0005  kl_loss=0.0000 (disabled)  score=0.968  return=0.994  role_std=1.1821  role_norm=2.5142  enc_delta ego=0.0029 partner=0.0035 road=0.0035
[ROMA step 1,428,946,944] sps= 52,460  policy_loss=-0.0002  value_loss=0.0366  mi_loss=0.0002  mi_valid=0.70  div_loss=0.0003  kl_loss=0.0000 (disabled)  score=0.968  return=0.994  role_std=1.1868  role_norm=2.5238  enc_delta ego=0.0024 partner=0.0027 road=0.0029
[ROMA step 1,429,733,376] sps= 52,470  policy_loss=-0.0048  value_loss=0.0329  mi_loss=0.0002  mi_valid=0.71  div_loss=0.0000  kl_loss=0.0000 (disabled)  score=0.968  return=0.994  role_std=1.2176  role_norm=2.5803  enc_delta ego=0.0033 partner=0.0032 road=0.0034
[ROMA step 1,430,519,808] sps= 52,479  policy_loss=-0.0023  value_loss=0.0326  mi_loss=0.0002  mi_valid=0.71  div_loss=0.0001  kl_loss=0.0000 (disabled)  score=0.968  return=0.994  role_std=1.2305  role_norm=2.5827  enc_delta ego=0.0028 partner=0.0029 road=0.0032
[ROMA step 1,431,306,240] sps= 52,441  policy_loss=0.0030  value_loss=0.0430  mi_loss=0.0002  mi_valid=0.71  div_loss=-0.0000  kl_loss=0.0000 (disabled)  score=0.968  return=0.994  role_std=1.2037  role_norm=2.5246  enc_delta ego=0.0025 partner=0.0033 road=0.0035
[ROMA step 1,432,092,672] sps= 52,450  policy_loss=0.0065  value_loss=0.0491  mi_loss=0.0002  mi_valid=0.73  div_loss=0.0000  kl_loss=0.0000 (disabled)  score=0.968  return=0.993  role_std=1.1986  role_norm=2.5651  enc_delta ego=0.0041 partner=0.0035 road=0.0042
[ROMA step 1,432,879,104] sps= 52,459  policy_loss=-0.0005  value_loss=0.0320  mi_loss=0.0002  mi_valid=0.72  div_loss=0.0001  kl_loss=0.0000 (disabled)  score=0.967  return=0.992  role_std=1.2400  role_norm=2.6153  enc_delta ego=0.0033 partner=0.0031 road=0.0037
[ROMA step 1,433,665,536] sps= 52,468  policy_loss=-0.0024  value_loss=0.0289  mi_loss=0.0002  mi_valid=0.71  div_loss=-0.0000  kl_loss=0.0000 (disabled)  score=0.967  return=0.991  role_std=1.2321  role_norm=2.5919  enc_delta ego=0.0027 partner=0.0029 road=0.0042
[ROMA step 1,434,451,968] sps= 52,451  policy_loss=-0.0023  value_loss=0.0352  mi_loss=0.0002  mi_valid=0.70  div_loss=0.0001  kl_loss=0.0000 (disabled)  score=0.967  return=0.990  role_std=1.1776  role_norm=2.5658  enc_delta ego=0.0026 partner=0.0024 road=0.0033
[ROMA step 1,435,238,400] sps= 52,460  policy_loss=0.0007  value_loss=0.0271  mi_loss=0.0001  mi_valid=0.72  div_loss=0.0000  kl_loss=0.0000 (disabled)  score=0.967  return=0.989  role_std=1.2082  role_norm=2.5519  enc_delta ego=0.0027 partner=0.0025 road=0.0042
[ROMA step 1,436,024,832] sps= 52,469  policy_loss=-0.0045  value_loss=0.0249  mi_loss=0.0001  mi_valid=0.73  div_loss=0.0000  kl_loss=0.0000 (disabled)  score=0.967  return=0.989  role_std=1.1626  role_norm=2.5013  enc_delta ego=0.0026 partner=0.0029 road=0.0036
[ROMA step 1,436,811,264] sps= 52,478  policy_loss=-0.0045  value_loss=0.0242  mi_loss=0.0001  mi_valid=0.72  div_loss=0.0002  kl_loss=0.0000 (disabled)  score=0.966  return=0.988  role_std=1.1854  role_norm=2.5595  enc_delta ego=0.0035 partner=0.0023 road=0.0034
[ROMA step 1,437,597,696] sps= 52,463  policy_loss=-0.0012  value_loss=0.0335  mi_loss=0.0001  mi_valid=0.70  div_loss=0.0001  kl_loss=0.0000 (disabled)  score=0.967  return=0.988  role_std=1.2173  role_norm=2.5795  enc_delta ego=0.0024 partner=0.0021 road=0.0035
[ROMA step 1,438,384,128] sps= 52,472  policy_loss=0.0033  value_loss=0.0232  mi_loss=0.0001  mi_valid=0.72  div_loss=0.0000  kl_loss=0.0000 (disabled)  score=0.966  return=0.987  role_std=1.2278  role_norm=2.6654  enc_delta ego=0.0022 partner=0.0021 road=0.0033
[ROMA step 1,439,170,560] sps= 52,481  policy_loss=-0.0021  value_loss=0.0200  mi_loss=0.0001  mi_valid=0.71  div_loss=0.0001  kl_loss=0.0000 (disabled)  score=0.966  return=0.988  role_std=1.2367  role_norm=2.6795  enc_delta ego=0.0021 partner=0.0021 road=0.0027
[ROMA step 1,439,956,992] sps= 52,466  policy_loss=-0.0024  value_loss=0.0334  mi_loss=0.0001  mi_valid=0.70  div_loss=0.0003  kl_loss=0.0000 (disabled)  score=0.966  return=0.988  role_std=1.2488  role_norm=2.6830  enc_delta ego=0.0023 partner=0.0024 road=0.0035
[ROMA step 1,440,743,424] sps= 52,475  policy_loss=-0.0021  value_loss=0.0252  mi_loss=0.0001  mi_valid=0.71  div_loss=0.0001  kl_loss=0.0000 (disabled)  score=0.966  return=0.988  role_std=1.2580  role_norm=2.7098  enc_delta ego=0.0023 partner=0.0029 road=0.0034
[ROMA step 1,441,529,856] sps= 52,484  policy_loss=-0.0023  value_loss=0.0287  mi_loss=0.0001  mi_valid=0.70  div_loss=0.0000  kl_loss=0.0000 (disabled)  score=0.966  return=0.987  role_std=1.2185  role_norm=2.6451  enc_delta ego=0.0023 partner=0.0030 road=0.0036
[ROMA step 1,442,316,288] sps= 52,493  policy_loss=-0.0037  value_loss=0.0249  mi_loss=0.0001  mi_valid=0.70  div_loss=0.0001  kl_loss=0.0000 (disabled)  score=0.966  return=0.988  role_std=1.2462  role_norm=2.6700  enc_delta ego=0.0026 partner=0.0027 road=0.0028
[ROMA step 1,443,102,720] sps= 52,474  policy_loss=-0.0034  value_loss=0.0412  mi_loss=0.0002  mi_valid=0.69  div_loss=0.0000  kl_loss=0.0000 (disabled)  score=0.966  return=0.988  role_std=1.2255  role_norm=2.6276  enc_delta ego=0.0022 partner=0.0026 road=0.0035
[ROMA step 1,443,889,152] sps= 52,483  policy_loss=0.0023  value_loss=0.0323  mi_loss=0.0001  mi_valid=0.71  div_loss=0.0001  kl_loss=0.0000 (disabled)  score=0.966  return=0.989  role_std=1.2304  role_norm=2.6179  enc_delta ego=0.0023 partner=0.0027 road=0.0041
[ROMA step 1,444,675,584] sps= 52,491  policy_loss=-0.0028  value_loss=0.0321  mi_loss=0.0001  mi_valid=0.71  div_loss=0.0000  kl_loss=0.0000 (disabled)  score=0.967  return=0.989  role_std=1.2200  role_norm=2.6094  enc_delta ego=0.0025 partner=0.0033 road=0.0040
[ROMA step 1,445,462,016] sps= 52,460  policy_loss=0.0006  value_loss=0.0377  mi_loss=0.0001  mi_valid=0.70  div_loss=0.0000  kl_loss=0.0000 (disabled)  score=0.967  return=0.990  role_std=1.2072  role_norm=2.6206  enc_delta ego=0.0026 partner=0.0026 road=0.0035
[ROMA step 1,446,248,448] sps= 52,469  policy_loss=-0.0029  value_loss=0.0380  mi_loss=0.0001  mi_valid=0.72  div_loss=0.0008  kl_loss=0.0000 (disabled)  score=0.966  return=0.988  role_std=1.2286  role_norm=2.6505  enc_delta ego=0.0035 partner=0.0032 road=0.0045
[ROMA step 1,447,034,880] sps= 52,478  policy_loss=-0.0014  value_loss=0.0293  mi_loss=0.0001  mi_valid=0.72  div_loss=0.0002  kl_loss=0.0000 (disabled)  score=0.966  return=0.987  role_std=1.2294  role_norm=2.6312  enc_delta ego=0.0028 partner=0.0029 road=0.0038
[ROMA step 1,447,821,312] sps= 52,487  policy_loss=-0.0103  value_loss=0.0280  mi_loss=0.0001  mi_valid=0.72  div_loss=0.0003  kl_loss=0.0000 (disabled)  score=0.966  return=0.986  role_std=1.2560  role_norm=2.6430  enc_delta ego=0.0025 partner=0.0029 road=0.0035
[ROMA step 1,448,607,744] sps= 52,464  policy_loss=-0.0096  value_loss=0.0404  mi_loss=0.0002  mi_valid=0.72  div_loss=0.0000  kl_loss=0.0000 (disabled)  score=0.965  return=0.984  role_std=1.2132  role_norm=2.5316  enc_delta ego=0.0030 partner=0.0033 road=0.0043
[ROMA step 1,449,394,176] sps= 52,473  policy_loss=-0.0055  value_loss=0.0328  mi_loss=0.0001  mi_valid=0.73  div_loss=-0.0000  kl_loss=0.0000 (disabled)  score=0.963  return=0.982  role_std=1.1749  role_norm=2.5144  enc_delta ego=0.0024 partner=0.0027 road=0.0035
[ROMA step 1,450,180,608] sps= 52,482  policy_loss=-0.0003  value_loss=0.0370  mi_loss=0.0001  mi_valid=0.73  div_loss=0.0003  kl_loss=0.0000 (disabled)  score=0.963  return=0.981  role_std=1.2088  role_norm=2.5818  enc_delta ego=0.0026 partner=0.0031 road=0.0037
[ROMA step 1,450,967,040] sps= 52,469  policy_loss=0.0045  value_loss=0.0426  mi_loss=0.0002  mi_valid=0.71  div_loss=0.0000  kl_loss=0.0000 (disabled)  score=0.962  return=0.980  role_std=1.1569  role_norm=2.5533  enc_delta ego=0.0029 partner=0.0023 road=0.0032
[ROMA step 1,451,753,472] sps= 52,478  policy_loss=0.0007  value_loss=0.0351  mi_loss=0.0001  mi_valid=0.72  div_loss=0.0001  kl_loss=0.0000 (disabled)  score=0.962  return=0.980  role_std=1.2014  role_norm=2.5347  enc_delta ego=0.0035 partner=0.0026 road=0.0045
[ROMA step 1,452,539,904] sps= 52,487  policy_loss=-0.0004  value_loss=0.0299  mi_loss=0.0001  mi_valid=0.72  div_loss=0.0001  kl_loss=0.0000 (disabled)  score=0.962  return=0.980  role_std=1.2187  role_norm=2.5623  enc_delta ego=0.0029 partner=0.0025 road=0.0036
[ROMA step 1,453,326,336] sps= 52,496  policy_loss=-0.0008  value_loss=0.0269  mi_loss=0.0001  mi_valid=0.72  div_loss=0.0001  kl_loss=0.0000 (disabled)  score=0.963  return=0.981  role_std=1.2025  role_norm=2.5212  enc_delta ego=0.0028 partner=0.0021 road=0.0035
[ROMA step 1,454,112,768] sps= 52,478  policy_loss=-0.0022  value_loss=0.0329  mi_loss=0.0001  mi_valid=0.70  div_loss=0.0000  kl_loss=0.0000 (disabled)  score=0.963  return=0.982  role_std=1.2181  role_norm=2.5535  enc_delta ego=0.0023 partner=0.0021 road=0.0029
[ROMA step 1,454,899,200] sps= 52,487  policy_loss=-0.0041  value_loss=0.0218  mi_loss=0.0001  mi_valid=0.70  div_loss=0.0000  kl_loss=0.0000 (disabled)  score=0.963  return=0.984  role_std=1.2186  role_norm=2.5396  enc_delta ego=0.0028 partner=0.0025 road=0.0035
[ROMA step 1,455,685,632] sps= 52,495  policy_loss=-0.0086  value_loss=0.0251  mi_loss=0.0001  mi_valid=0.70  div_loss=0.0002  kl_loss=0.0000 (disabled)  score=0.963  return=0.984  role_std=1.2319  role_norm=2.5624  enc_delta ego=0.0028 partner=0.0025 road=0.0031
[ROMA step 1,456,472,064] sps= 52,480  policy_loss=0.0001  value_loss=0.0320  mi_loss=0.0001  mi_valid=0.70  div_loss=0.0001  kl_loss=0.0000 (disabled)  score=0.964  return=0.985  role_std=1.3262  role_norm=2.9204  enc_delta ego=0.0018 partner=0.0021 road=0.0026
[ROMA step 1,457,258,496] sps= 52,488  policy_loss=-0.0012  value_loss=0.0369  mi_loss=0.0002  mi_valid=0.74  div_loss=0.0007  kl_loss=0.0000 (disabled)  score=0.964  return=0.985  role_std=1.2396  role_norm=2.6699  enc_delta ego=0.0038 partner=0.0027 road=0.0040
[ROMA step 1,458,044,928] sps= 52,498  policy_loss=-0.0002  value_loss=0.0318  mi_loss=0.0001  mi_valid=0.72  div_loss=0.0001  kl_loss=0.0000 (disabled)  score=0.964  return=0.985  role_std=1.2142  role_norm=2.6089  enc_delta ego=0.0033 partner=0.0028 road=0.0032
[ROMA step 1,458,831,360] sps= 52,506  policy_loss=-0.0013  value_loss=0.0318  mi_loss=0.0001  mi_valid=0.72  div_loss=0.0000  kl_loss=0.0000 (disabled)  score=0.963  return=0.984  role_std=1.2217  role_norm=2.6144  enc_delta ego=0.0035 partner=0.0028 road=0.0033
[ROMA step 1,459,617,792] sps= 52,489  policy_loss=-0.0026  value_loss=0.0376  mi_loss=0.0001  mi_valid=0.70  div_loss=0.0000  kl_loss=0.0000 (disabled)  score=0.963  return=0.984  role_std=1.2127  role_norm=2.5709  enc_delta ego=0.0033 partner=0.0027 road=0.0035
[ROMA step 1,460,404,224] sps= 52,498  policy_loss=-0.0019  value_loss=0.0296  mi_loss=0.0001  mi_valid=0.72  div_loss=0.0004  kl_loss=0.0000 (disabled)  score=0.963  return=0.984  role_std=1.2053  role_norm=2.5331  enc_delta ego=0.0024 partner=0.0030 road=0.0040
[ROMA step 1,461,190,656] sps= 52,507  policy_loss=-0.0054  value_loss=0.0264  mi_loss=0.0001  mi_valid=0.72  div_loss=0.0000  kl_loss=0.0000 (disabled)  score=0.963  return=0.983  role_std=1.1705  role_norm=2.4528  enc_delta ego=0.0024 partner=0.0032 road=0.0036
[ROMA step 1,461,977,088] sps= 52,516  policy_loss=0.0024  value_loss=0.0255  mi_loss=0.0001  mi_valid=0.71  div_loss=0.0000  kl_loss=0.0000 (disabled)  score=0.963  return=0.983  role_std=1.1713  role_norm=2.4544  enc_delta ego=0.0024 partner=0.0028 road=0.0033
[ROMA step 1,462,763,520] sps= 52,502  policy_loss=-0.0056  value_loss=0.0372  mi_loss=0.0001  mi_valid=0.70  div_loss=0.0002  kl_loss=0.0000 (disabled)  score=0.962  return=0.982  role_std=1.1837  role_norm=2.5085  enc_delta ego=0.0025 partner=0.0026 road=0.0032
[ROMA step 1,463,549,952] sps= 52,511  policy_loss=0.0006  value_loss=0.0281  mi_loss=0.0001  mi_valid=0.71  div_loss=0.0000  kl_loss=0.0000 (disabled)  score=0.962  return=0.982  role_std=1.2024  role_norm=2.5657  enc_delta ego=0.0019 partner=0.0027 road=0.0030
[ROMA step 1,464,336,384] sps= 52,520  policy_loss=-0.0051  value_loss=0.0216  mi_loss=0.0001  mi_valid=0.71  div_loss=0.0001  kl_loss=0.0000 (disabled)  score=0.962  return=0.981  role_std=1.2329  role_norm=2.5787  enc_delta ego=0.0019 partner=0.0023 road=0.0033
[ROMA step 1,465,122,816] sps= 52,504  policy_loss=0.0022  value_loss=0.0288  mi_loss=0.0001  mi_valid=0.70  div_loss=0.0000  kl_loss=0.0000 (disabled)  score=0.962  return=0.981  role_std=1.2274  role_norm=2.5955  enc_delta ego=0.0020 partner=0.0020 road=0.0031
[ROMA step 1,465,909,248] sps= 52,513  policy_loss=-0.0057  value_loss=0.0317  mi_loss=0.0001  mi_valid=0.71  div_loss=0.0000  kl_loss=0.0000 (disabled)  score=0.962  return=0.982  role_std=1.2249  role_norm=2.5663  enc_delta ego=0.0032 partner=0.0025 road=0.0039
[ROMA step 1,466,695,680] sps= 52,522  policy_loss=-0.0054  value_loss=0.0249  mi_loss=0.0001  mi_valid=0.71  div_loss=0.0002  kl_loss=0.0000 (disabled)  score=0.963  return=0.983  role_std=1.2494  role_norm=2.6291  enc_delta ego=0.0025 partner=0.0022 road=0.0033
[ROMA step 1,467,482,112] sps= 52,531  policy_loss=0.0038  value_loss=0.0279  mi_loss=0.0001  mi_valid=0.71  div_loss=0.0001  kl_loss=0.0000 (disabled)  score=0.963  return=0.984  role_std=1.2408  role_norm=2.6367  enc_delta ego=0.0022 partner=0.0024 road=0.0034
[ROMA step 1,468,268,544] sps= 52,515  policy_loss=0.0029  value_loss=0.0358  mi_loss=0.0002  mi_valid=0.69  div_loss=0.0000  kl_loss=0.0000 (disabled)  score=0.964  return=0.987  role_std=1.2925  role_norm=2.7599  enc_delta ego=0.0020 partner=0.0026 road=0.0034
[ROMA step 1,469,054,976] sps= 52,524  policy_loss=0.0002  value_loss=0.0254  mi_loss=0.0001  mi_valid=0.70  div_loss=0.0000  kl_loss=0.0000 (disabled)  score=0.965  return=0.990  role_std=1.2903  role_norm=2.7516  enc_delta ego=0.0021 partner=0.0026 road=0.0035
[ROMA step 1,469,841,408] sps= 52,533  policy_loss=-0.0050  value_loss=0.0199  mi_loss=0.0001  mi_valid=0.70  div_loss=0.0001  kl_loss=0.0000 (disabled)  score=0.967  return=0.992  role_std=1.2484  role_norm=2.6402  enc_delta ego=0.0020 partner=0.0026 road=0.0034
[ROMA step 1,470,627,840] sps= 52,517  policy_loss=-0.0015  value_loss=0.0309  mi_loss=0.0001  mi_valid=0.69  div_loss=0.0000  kl_loss=0.0000 (disabled)  score=0.968  return=0.995  role_std=1.2387  role_norm=2.6073  enc_delta ego=0.0022 partner=0.0021 road=0.0030
[ROMA step 1,471,414,272] sps= 52,526  policy_loss=-0.0009  value_loss=0.0212  mi_loss=0.0001  mi_valid=0.71  div_loss=-0.0000  kl_loss=0.0000 (disabled)  score=0.969  return=0.996  role_std=1.2297  role_norm=2.6536  enc_delta ego=0.0026 partner=0.0027 road=0.0036
[ROMA step 1,472,200,704] sps= 52,534  policy_loss=0.0035  value_loss=0.0192  mi_loss=0.0001  mi_valid=0.71  div_loss=0.0000  kl_loss=0.0000 (disabled)  score=0.969  return=0.998  role_std=1.2394  role_norm=2.6235  enc_delta ego=0.0018 partner=0.0028 road=0.0031
[ROMA step 1,472,987,136] sps= 52,543  policy_loss=-0.0029  value_loss=0.0214  mi_loss=0.0001  mi_valid=0.70  div_loss=0.0001  kl_loss=0.0000 (disabled)  score=0.970  return=1.000  role_std=1.2536  role_norm=2.6469  enc_delta ego=0.0022 partner=0.0024 road=0.0028
[ROMA step 1,473,773,568] sps= 52,530  policy_loss=-0.0026  value_loss=0.0328  mi_loss=0.0001  mi_valid=0.70  div_loss=0.0001  kl_loss=0.0000 (disabled)  score=0.970  return=1.000  role_std=1.2236  role_norm=2.5166  enc_delta ego=0.0028 partner=0.0031 road=0.0036
[ROMA step 1,474,560,000] sps= 52,539  policy_loss=-0.0056  value_loss=0.0239  mi_loss=0.0001  mi_valid=0.72  div_loss=0.0000  kl_loss=0.0000 (disabled)  score=0.970  return=0.999  role_std=1.2025  role_norm=2.5376  enc_delta ego=0.0028 partner=0.0027 road=0.0032
[ROMA step 1,475,346,432] sps= 52,548  policy_loss=0.0031  value_loss=0.0270  mi_loss=0.0001  mi_valid=0.71  div_loss=0.0002  kl_loss=0.0000 (disabled)  score=0.970  return=0.999  role_std=1.2456  role_norm=2.6004  enc_delta ego=0.0026 partner=0.0028 road=0.0035
[ROMA step 1,476,132,864] sps= 52,529  policy_loss=-0.0005  value_loss=0.0296  mi_loss=0.0002  mi_valid=0.69  div_loss=-0.0000  kl_loss=0.0000 (disabled)  score=0.970  return=0.999  role_std=1.2663  role_norm=2.7926  enc_delta ego=0.0022 partner=0.0023 road=0.0032
[ROMA step 1,476,919,296] sps= 52,538  policy_loss=0.0005  value_loss=0.0255  mi_loss=0.0001  mi_valid=0.70  div_loss=-0.0000  kl_loss=0.0000 (disabled)  score=0.970  return=0.999  role_std=1.2841  role_norm=2.6900  enc_delta ego=0.0025 partner=0.0026 road=0.0037
[ROMA step 1,477,705,728] sps= 52,546  policy_loss=-0.0050  value_loss=0.0195  mi_loss=0.0001  mi_valid=0.70  div_loss=0.0001  kl_loss=0.0000 (disabled)  score=0.971  return=1.000  role_std=1.3033  role_norm=2.7029  enc_delta ego=0.0022 partner=0.0024 road=0.0036
[ROMA step 1,478,492,160] sps= 52,555  policy_loss=-0.0038  value_loss=0.0189  mi_loss=0.0001  mi_valid=0.71  div_loss=0.0000  kl_loss=0.0000 (disabled)  score=0.971  return=1.001  role_std=1.2692  role_norm=2.6704  enc_delta ego=0.0026 partner=0.0019 road=0.0030
[ROMA step 1,479,278,592] sps= 52,542  policy_loss=-0.0028  value_loss=0.0323  mi_loss=0.0001  mi_valid=0.69  div_loss=0.0001  kl_loss=0.0000 (disabled)  score=0.972  return=1.002  role_std=1.2594  role_norm=2.6267  enc_delta ego=0.0023 partner=0.0024 road=0.0034
[ROMA step 1,480,065,024] sps= 52,551  policy_loss=-0.0042  value_loss=0.0261  mi_loss=0.0001  mi_valid=0.70  div_loss=0.0001  kl_loss=0.0000 (disabled)  score=0.972  return=1.003  role_std=1.2724  role_norm=2.6718  enc_delta ego=0.0027 partner=0.0033 road=0.0045
[ROMA step 1,480,851,456] sps= 52,560  policy_loss=-0.0049  value_loss=0.0209  mi_loss=0.0001  mi_valid=0.70  div_loss=0.0000  kl_loss=0.0000 (disabled)  score=0.973  return=1.004  role_std=1.2769  role_norm=2.6797  enc_delta ego=0.0024 partner=0.0028 road=0.0038
[ROMA step 1,481,637,888] sps= 52,548  policy_loss=-0.0006  value_loss=0.0315  mi_loss=0.0001  mi_valid=0.69  div_loss=0.0004  kl_loss=0.0000 (disabled)  score=0.973  return=1.004  role_std=1.3472  role_norm=2.8433  enc_delta ego=0.0035 partner=0.0031 road=0.0038
[ROMA step 1,482,424,320] sps= 52,557  policy_loss=-0.0012  value_loss=0.0293  mi_loss=0.0002  mi_valid=0.71  div_loss=0.0002  kl_loss=0.0000 (disabled)  score=0.974  return=1.005  role_std=1.2907  role_norm=2.7193  enc_delta ego=0.0025 partner=0.0025 road=0.0044
[ROMA step 1,483,210,752] sps= 52,566  policy_loss=-0.0028  value_loss=0.0276  mi_loss=0.0001  mi_valid=0.70  div_loss=0.0000  kl_loss=0.0000 (disabled)  score=0.974  return=1.006  role_std=1.2801  role_norm=2.7042  enc_delta ego=0.0027 partner=0.0021 road=0.0034
[ROMA step 1,483,997,184] sps= 52,574  policy_loss=-0.0064  value_loss=0.0200  mi_loss=0.0001  mi_valid=0.70  div_loss=0.0000  kl_loss=0.0000 (disabled)  score=0.975  return=1.007  role_std=1.2888  role_norm=2.7298  enc_delta ego=0.0029 partner=0.0023 road=0.0029
[ROMA step 1,484,783,616] sps= 52,559  policy_loss=0.0003  value_loss=0.0308  mi_loss=0.0001  mi_valid=0.68  div_loss=0.0002  kl_loss=0.0000 (disabled)  score=0.975  return=1.008  role_std=1.2903  role_norm=2.7823  enc_delta ego=0.0028 partner=0.0020 road=0.0034
[ROMA step 1,485,570,048] sps= 52,568  policy_loss=0.0066  value_loss=0.0304  mi_loss=0.0001  mi_valid=0.70  div_loss=0.0000  kl_loss=0.0000 (disabled)  score=0.975  return=1.008  role_std=1.2748  role_norm=2.6790  enc_delta ego=0.0027 partner=0.0024 road=0.0037
[ROMA step 1,486,356,480] sps= 52,577  policy_loss=0.0016  value_loss=0.0338  mi_loss=0.0001  mi_valid=0.70  div_loss=0.0001  kl_loss=0.0000 (disabled)  score=0.976  return=1.008  role_std=1.2699  role_norm=2.6962  enc_delta ego=0.0026 partner=0.0023 road=0.0037
[ROMA step 1,487,142,912] sps= 52,585  policy_loss=-0.0064  value_loss=0.0313  mi_loss=0.0001  mi_valid=0.70  div_loss=0.0001  kl_loss=0.0000 (disabled)  score=0.976  return=1.007  role_std=1.2823  role_norm=2.7253  enc_delta ego=0.0044 partner=0.0023 road=0.0038
[ROMA step 1,487,929,344] sps= 52,570  policy_loss=0.0043  value_loss=0.0431  mi_loss=0.0001  mi_valid=0.69  div_loss=0.0004  kl_loss=0.0000 (disabled)  score=0.976  return=1.007  role_std=1.1933  role_norm=2.4952  enc_delta ego=0.0029 partner=0.0025 road=0.0036
[ROMA step 1,488,715,776] sps= 52,578  policy_loss=-0.0009  value_loss=0.0304  mi_loss=0.0001  mi_valid=0.71  div_loss=0.0001  kl_loss=0.0000 (disabled)  score=0.976  return=1.007  role_std=1.1636  role_norm=2.4929  enc_delta ego=0.0028 partner=0.0022 road=0.0032
[ROMA step 1,489,502,208] sps= 52,587  policy_loss=-0.0033  value_loss=0.0314  mi_loss=0.0001  mi_valid=0.71  div_loss=0.0002  kl_loss=0.0000 (disabled)  score=0.976  return=1.007  role_std=1.1978  role_norm=2.5280  enc_delta ego=0.0021 partner=0.0027 road=0.0031
[ROMA step 1,490,288,640] sps= 52,578  policy_loss=-0.0136  value_loss=0.0351  mi_loss=0.0001  mi_valid=0.70  div_loss=0.0000  kl_loss=0.0000 (disabled)  score=0.976  return=1.006  role_std=1.2001  role_norm=2.5409  enc_delta ego=0.0023 partner=0.0023 road=0.0030
[ROMA step 1,491,075,072] sps= 52,587  policy_loss=0.0038  value_loss=0.0302  mi_loss=0.0001  mi_valid=0.72  div_loss=0.0000  kl_loss=0.0000 (disabled)  score=0.977  return=1.006  role_std=1.2079  role_norm=2.5484  enc_delta ego=0.0027 partner=0.0026 road=0.0034
[ROMA step 1,491,861,504] sps= 52,596  policy_loss=0.0004  value_loss=0.0270  mi_loss=0.0001  mi_valid=0.71  div_loss=0.0001  kl_loss=0.0000 (disabled)  score=0.976  return=1.005  role_std=1.1831  role_norm=2.5468  enc_delta ego=0.0027 partner=0.0030 road=0.0036
[ROMA step 1,492,647,936] sps= 52,605  policy_loss=-0.0043  value_loss=0.0236  mi_loss=0.0001  mi_valid=0.71  div_loss=-0.0000  kl_loss=0.0000 (disabled)  score=0.976  return=1.004  role_std=1.2033  role_norm=2.5774  enc_delta ego=0.0028 partner=0.0025 road=0.0033
[ROMA step 1,493,434,368] sps= 52,595  policy_loss=-0.0030  value_loss=0.0358  mi_loss=0.0001  mi_valid=0.70  div_loss=0.0001  kl_loss=0.0000 (disabled)  score=0.977  return=1.005  role_std=1.2415  role_norm=2.6184  enc_delta ego=0.0025 partner=0.0027 road=0.0039
[ROMA step 1,494,220,800] sps= 52,604  policy_loss=-0.0059  value_loss=0.0268  mi_loss=0.0001  mi_valid=0.71  div_loss=0.0000  kl_loss=0.0000 (disabled)  score=0.977  return=1.005  role_std=1.2232  role_norm=2.5561  enc_delta ego=0.0024 partner=0.0025 road=0.0036
[ROMA step 1,495,007,232] sps= 52,613  policy_loss=-0.0042  value_loss=0.0251  mi_loss=0.0001  mi_valid=0.71  div_loss=0.0002  kl_loss=0.0000 (disabled)  score=0.977  return=1.005  role_std=1.2177  role_norm=2.5675  enc_delta ego=0.0029 partner=0.0028 road=0.0038
[ROMA step 1,495,793,664] sps= 52,602  policy_loss=0.0006  value_loss=0.0306  mi_loss=0.0001  mi_valid=0.70  div_loss=0.0001  kl_loss=0.0000 (disabled)  score=0.977  return=1.005  role_std=1.1952  role_norm=2.6047  enc_delta ego=0.0024 partner=0.0024 road=0.0030
[ROMA step 1,496,580,096] sps= 52,611  policy_loss=0.0003  value_loss=0.0242  mi_loss=0.0001  mi_valid=0.70  div_loss=0.0001  kl_loss=0.0000 (disabled)  score=0.977  return=1.006  role_std=1.2362  role_norm=2.6088  enc_delta ego=0.0024 partner=0.0028 road=0.0036
[ROMA step 1,497,366,528] sps= 52,620  policy_loss=-0.0030  value_loss=0.0206  mi_loss=0.0001  mi_valid=0.70  div_loss=0.0000  kl_loss=0.0000 (disabled)  score=0.977  return=1.006  role_std=1.1990  role_norm=2.5445  enc_delta ego=0.0020 partner=0.0023 road=0.0028
[ROMA step 1,498,152,960] sps= 52,628  policy_loss=-0.0002  value_loss=0.0188  mi_loss=0.0001  mi_valid=0.70  div_loss=0.0002  kl_loss=0.0000 (disabled)  score=0.978  return=1.007  role_std=1.2042  role_norm=2.5164  enc_delta ego=0.0020 partner=0.0022 road=0.0029
[ROMA step 1,498,939,392] sps= 52,616  policy_loss=-0.0145  value_loss=0.0298  mi_loss=0.0002  mi_valid=0.69  div_loss=0.0001  kl_loss=0.0000 (disabled)  score=0.978  return=1.007  role_std=1.1964  role_norm=2.5078  enc_delta ego=0.0035 partner=0.0023 road=0.0034
[ROMA step 1,499,725,824] sps= 52,625  policy_loss=-0.0005  value_loss=0.0279  mi_loss=0.0001  mi_valid=0.70  div_loss=0.0000  kl_loss=0.0000 (disabled)  score=0.978  return=1.007  role_std=1.1827  role_norm=2.4657  enc_delta ego=0.0039 partner=0.0027 road=0.0031
[ROMA step 1,500,512,256] sps= 52,633  policy_loss=-0.0057  value_loss=0.0232  mi_loss=0.0002  mi_valid=0.70  div_loss=0.0001  kl_loss=0.0000 (disabled)  score=0.978  return=1.007  role_std=1.1986  role_norm=2.4619  enc_delta ego=0.0028 partner=0.0025 road=0.0032
[ROMA] Saved -> /scratch/e452103/checkpoints/roma_mifutagent_dim4_H8_r16p64_ep_film/roma_dim4_step1500512256.pt
[ROMA] Periodic WOSAC eval at step 1,500,512,256 ...

WOSAC realism metrics (32 rollouts, up to 10 batches, step 1,500,512,256)...
  Batch 10/10 | scenarios: 1173 | realism: 0.6780

  Scenarios evaluated       : 1173
  Realism meta-score        : 0.6780
  Kinematic metrics         : 0.3014
  Interactive metrics       : 0.6512
  Map-based metrics         : 0.7825
  minADE (m)                : 6.9112
  likelihood_offroad        : 0.9138
  likelihood_dist_road_edge : 0.6513
  likelihood_collision      : 0.8597
  likelihood_dist_obj       : 0.3061
  likelihood_ttc            : 0.7857
  likelihood_linear_speed   : 0.1816
  likelihood_linear_accel   : 0.2902
  likelihood_angular_speed  : 0.3314
  likelihood_angular_accel  : 0.4030
[ROMA step 1,501,298,688] sps= 51,565  policy_loss=-0.0024  value_loss=0.0389  mi_loss=0.0002  mi_valid=0.68  div_loss=0.0001  kl_loss=0.0000 (disabled)  score=0.977  return=1.007  role_std=1.1983  role_norm=2.5560  enc_delta ego=0.0030 partner=0.0026 road=0.0032
[ROMA step 1,502,085,120] sps= 51,573  policy_loss=-0.0044  value_loss=0.0294  mi_loss=0.0001  mi_valid=0.70  div_loss=0.0000  kl_loss=0.0000 (disabled)  score=0.977  return=1.006  role_std=1.2219  role_norm=2.5188  enc_delta ego=0.0033 partner=0.0031 road=0.0039
[ROMA step 1,502,871,552] sps= 51,582  policy_loss=-0.0004  value_loss=0.0306  mi_loss=0.0001  mi_valid=0.70  div_loss=0.0001  kl_loss=0.0000 (disabled)  score=0.977  return=1.005  role_std=1.2453  role_norm=2.5629  enc_delta ego=0.0028 partner=0.0028 road=0.0034
[ROMA step 1,503,657,984] sps= 51,591  policy_loss=-0.0006  value_loss=0.0254  mi_loss=0.0001  mi_valid=0.71  div_loss=0.0002  kl_loss=0.0000 (disabled)  score=0.976  return=1.004  role_std=1.2331  role_norm=2.5394  enc_delta ego=0.0023 partner=0.0023 road=0.0030
[ROMA step 1,504,444,416] sps= 51,574  policy_loss=0.0023  value_loss=0.0375  mi_loss=0.0002  mi_valid=0.68  div_loss=0.0002  kl_loss=0.0000 (disabled)  score=0.977  return=1.004  role_std=1.2284  role_norm=2.5522  enc_delta ego=0.0031 partner=0.0022 road=0.0032
[ROMA step 1,505,230,848] sps= 51,583  policy_loss=-0.0037  value_loss=0.0234  mi_loss=0.0002  mi_valid=0.70  div_loss=0.0002  kl_loss=0.0000 (disabled)  score=0.977  return=1.005  role_std=1.2356  role_norm=2.6062  enc_delta ego=0.0030 partner=0.0024 road=0.0037
[ROMA step 1,506,017,280] sps= 51,591  policy_loss=-0.0088  value_loss=0.0183  mi_loss=0.0002  mi_valid=0.69  div_loss=0.0001  kl_loss=0.0000 (disabled)  score=0.976  return=1.005  role_std=1.2502  role_norm=2.6389  enc_delta ego=0.0026 partner=0.0022 road=0.0031
[ROMA step 1,506,803,712] sps= 51,577  policy_loss=-0.0029  value_loss=0.0286  mi_loss=0.0002  mi_valid=0.67  div_loss=0.0000  kl_loss=0.0000 (disabled)  score=0.976  return=1.005  role_std=1.2281  role_norm=2.6036  enc_delta ego=0.0025 partner=0.0023 road=0.0035
[ROMA step 1,507,590,144] sps= 51,586  policy_loss=-0.0013  value_loss=0.0209  mi_loss=0.0001  mi_valid=0.71  div_loss=0.0001  kl_loss=0.0000 (disabled)  score=0.976  return=1.006  role_std=1.2290  role_norm=2.5568  enc_delta ego=0.0023 partner=0.0022 road=0.0034
[ROMA step 1,508,376,576] sps= 51,594  policy_loss=-0.0038  value_loss=0.0236  mi_loss=0.0002  mi_valid=0.70  div_loss=0.0003  kl_loss=0.0000 (disabled)  score=0.976  return=1.007  role_std=1.2075  role_norm=2.5106  enc_delta ego=0.0021 partner=0.0023 road=0.0030
[ROMA step 1,509,163,008] sps= 51,603  policy_loss=-0.0017  value_loss=0.0201  mi_loss=0.0002  mi_valid=0.70  div_loss=0.0001  kl_loss=0.0000 (disabled)  score=0.977  return=1.008  role_std=1.2100  role_norm=2.5017  enc_delta ego=0.0025 partner=0.0022 road=0.0028
[ROMA step 1,509,949,440] sps= 51,587  policy_loss=0.0003  value_loss=0.0325  mi_loss=0.0002  mi_valid=0.68  div_loss=0.0000  kl_loss=0.0000 (disabled)  score=0.977  return=1.009  role_std=1.3029  role_norm=2.7192  enc_delta ego=0.0020 partner=0.0023 road=0.0035
[ROMA step 1,510,735,872] sps= 51,596  policy_loss=-0.0004  value_loss=0.0273  mi_loss=0.0002  mi_valid=0.69  div_loss=0.0002  kl_loss=0.0000 (disabled)  score=0.977  return=1.009  role_std=1.2934  role_norm=2.6446  enc_delta ego=0.0025 partner=0.0029 road=0.0030
[ROMA step 1,511,522,304] sps= 51,605  policy_loss=0.0017  value_loss=0.0300  mi_loss=0.0002  mi_valid=0.69  div_loss=0.0000  kl_loss=0.0000 (disabled)  score=0.977  return=1.009  role_std=1.2583  role_norm=2.6226  enc_delta ego=0.0026 partner=0.0025 road=0.0030
[ROMA step 1,512,308,736] sps= 51,614  policy_loss=-0.0031  value_loss=0.0214  mi_loss=0.0002  mi_valid=0.70  div_loss=0.0000  kl_loss=0.0000 (disabled)  score=0.977  return=1.010  role_std=1.2408  role_norm=2.6026  enc_delta ego=0.0019 partner=0.0030 road=0.0031
[ROMA step 1,513,095,168] sps= 51,603  policy_loss=0.0004  value_loss=0.0346  mi_loss=0.0001  mi_valid=0.70  div_loss=0.0001  kl_loss=0.0000 (disabled)  score=0.977  return=1.010  role_std=1.1733  role_norm=2.4935  enc_delta ego=0.0029 partner=0.0026 road=0.0036
[ROMA step 1,513,881,600] sps= 51,612  policy_loss=0.0073  value_loss=0.0224  mi_loss=0.0001  mi_valid=0.71  div_loss=0.0002  kl_loss=0.0000 (disabled)  score=0.977  return=1.010  role_std=1.1405  role_norm=2.4121  enc_delta ego=0.0025 partner=0.0027 road=0.0030
[ROMA step 1,514,668,032] sps= 51,621  policy_loss=-0.0064  value_loss=0.0195  mi_loss=0.0001  mi_valid=0.71  div_loss=0.0003  kl_loss=0.0000 (disabled)  score=0.977  return=1.010  role_std=1.1406  role_norm=2.4050  enc_delta ego=0.0022 partner=0.0025 road=0.0030
[ROMA step 1,515,454,464] sps= 51,608  policy_loss=-0.0023  value_loss=0.0281  mi_loss=0.0002  mi_valid=0.69  div_loss=0.0003  kl_loss=0.0000 (disabled)  score=0.977  return=1.010  role_std=1.2461  role_norm=2.6457  enc_delta ego=0.0021 partner=0.0026 road=0.0031
[ROMA step 1,516,240,896] sps= 51,617  policy_loss=0.0024  value_loss=0.0202  mi_loss=0.0002  mi_valid=0.70  div_loss=0.0000  kl_loss=0.0000 (disabled)  score=0.976  return=1.010  role_std=1.1991  role_norm=2.5268  enc_delta ego=0.0025 partner=0.0026 road=0.0031
[ROMA step 1,517,027,328] sps= 51,626  policy_loss=-0.0071  value_loss=0.0208  mi_loss=0.0002  mi_valid=0.69  div_loss=0.0001  kl_loss=0.0000 (disabled)  score=0.977  return=1.011  role_std=1.1919  role_norm=2.5077  enc_delta ego=0.0028 partner=0.0031 road=0.0030
[ROMA step 1,517,813,760] sps= 51,635  policy_loss=-0.0074  value_loss=0.0204  mi_loss=0.0002  mi_valid=0.69  div_loss=0.0001  kl_loss=0.0000 (disabled)  score=0.977  return=1.012  role_std=1.2380  role_norm=2.5749  enc_delta ego=0.0022 partner=0.0025 road=0.0029
[ROMA step 1,518,600,192] sps= 51,620  policy_loss=0.0004  value_loss=0.0318  mi_loss=0.0002  mi_valid=0.69  div_loss=0.0000  kl_loss=0.0000 (disabled)  score=0.977  return=1.012  role_std=1.1794  role_norm=2.4783  enc_delta ego=0.0024 partner=0.0023 road=0.0033
[ROMA step 1,519,386,624] sps= 51,628  policy_loss=0.0062  value_loss=0.0252  mi_loss=0.0002  mi_valid=0.71  div_loss=0.0001  kl_loss=0.0000 (disabled)  score=0.977  return=1.012  role_std=1.1872  role_norm=2.4802  enc_delta ego=0.0023 partner=0.0025 road=0.0032
[ROMA step 1,520,173,056] sps= 51,635  policy_loss=-0.0050  value_loss=0.0184  mi_loss=0.0002  mi_valid=0.72  div_loss=0.0001  kl_loss=0.0000 (disabled)  score=0.977  return=1.013  role_std=1.1834  role_norm=2.4715  enc_delta ego=0.0028 partner=0.0021 road=0.0031
[ROMA step 1,520,959,488] sps= 51,618  policy_loss=-0.0105  value_loss=0.0269  mi_loss=0.0002  mi_valid=0.70  div_loss=0.0001  kl_loss=0.0000 (disabled)  score=0.977  return=1.014  role_std=1.2028  role_norm=2.5332  enc_delta ego=0.0020 partner=0.0020 road=0.0030
[ROMA step 1,521,745,920] sps= 51,627  policy_loss=-0.0030  value_loss=0.0248  mi_loss=0.0002  mi_valid=0.70  div_loss=0.0001  kl_loss=0.0000 (disabled)  score=0.978  return=1.014  role_std=1.2124  role_norm=2.5906  enc_delta ego=0.0018 partner=0.0025 road=0.0029
[ROMA step 1,522,532,352] sps= 51,636  policy_loss=0.0024  value_loss=0.0242  mi_loss=0.0002  mi_valid=0.70  div_loss=0.0000  kl_loss=0.0000 (disabled)  score=0.977  return=1.014  role_std=1.2434  role_norm=2.6136  enc_delta ego=0.0025 partner=0.0027 road=0.0035
[ROMA step 1,523,318,784] sps= 51,645  policy_loss=-0.0025  value_loss=0.0167  mi_loss=0.0001  mi_valid=0.70  div_loss=0.0000  kl_loss=0.0000 (disabled)  score=0.977  return=1.015  role_std=1.2661  role_norm=2.6670  enc_delta ego=0.0016 partner=0.0024 road=0.0027
[ROMA step 1,524,105,216] sps= 51,632  policy_loss=-0.0051  value_loss=0.0278  mi_loss=0.0002  mi_valid=0.69  div_loss=0.0001  kl_loss=0.0000 (disabled)  score=0.977  return=1.015  role_std=1.3012  role_norm=2.7391  enc_delta ego=0.0025 partner=0.0022 road=0.0032
[ROMA step 1,524,891,648] sps= 51,641  policy_loss=0.0013  value_loss=0.0205  mi_loss=0.0002  mi_valid=0.70  div_loss=0.0002  kl_loss=0.0000 (disabled)  score=0.977  return=1.014  role_std=1.2684  role_norm=2.6556  enc_delta ego=0.0020 partner=0.0025 road=0.0031
[ROMA step 1,525,678,080] sps= 51,650  policy_loss=-0.0029  value_loss=0.0237  mi_loss=0.0002  mi_valid=0.69  div_loss=-0.0000  kl_loss=0.0000 (disabled)  score=0.977  return=1.014  role_std=1.2690  role_norm=2.6226  enc_delta ego=0.0019 partner=0.0027 road=0.0030
[ROMA step 1,526,464,512] sps= 51,636  policy_loss=0.0055  value_loss=0.0359  mi_loss=0.0002  mi_valid=0.69  div_loss=0.0001  kl_loss=0.0000 (disabled)  score=0.977  return=1.013  role_std=1.2168  role_norm=2.6432  enc_delta ego=0.0022 partner=0.0026 road=0.0026
[ROMA step 1,527,250,944] sps= 51,645  policy_loss=-0.0061  value_loss=0.0272  mi_loss=0.0002  mi_valid=0.70  div_loss=0.0003  kl_loss=0.0000 (disabled)  score=0.977  return=1.013  role_std=1.2171  role_norm=2.5712  enc_delta ego=0.0024 partner=0.0029 road=0.0033
[ROMA step 1,528,037,376] sps= 51,654  policy_loss=-0.0019  value_loss=0.0226  mi_loss=0.0001  mi_valid=0.70  div_loss=0.0000  kl_loss=0.0000 (disabled)  score=0.977  return=1.013  role_std=1.2293  role_norm=2.6247  enc_delta ego=0.0022 partner=0.0026 road=0.0036
[ROMA step 1,528,823,808] sps= 51,662  policy_loss=0.0049  value_loss=0.0209  mi_loss=0.0001  mi_valid=0.70  div_loss=0.0002  kl_loss=0.0000 (disabled)  score=0.977  return=1.013  role_std=1.2275  role_norm=2.5941  enc_delta ego=0.0020 partner=0.0027 road=0.0034
[ROMA step 1,529,610,240] sps= 51,648  policy_loss=-0.0009  value_loss=0.0329  mi_loss=0.0002  mi_valid=0.68  div_loss=0.0001  kl_loss=0.0000 (disabled)  score=0.977  return=1.013  role_std=1.2394  role_norm=2.6086  enc_delta ego=0.0019 partner=0.0030 road=0.0037
[ROMA step 1,530,396,672] sps= 51,656  policy_loss=-0.0013  value_loss=0.0275  mi_loss=0.0002  mi_valid=0.69  div_loss=0.0001  kl_loss=0.0000 (disabled)  score=0.977  return=1.013  role_std=1.2442  role_norm=2.6768  enc_delta ego=0.0023 partner=0.0028 road=0.0037
[ROMA step 1,531,183,104] sps= 51,665  policy_loss=-0.0057  value_loss=0.0224  mi_loss=0.0002  mi_valid=0.69  div_loss=0.0000  kl_loss=0.0000 (disabled)  score=0.977  return=1.013  role_std=1.2381  role_norm=2.6099  enc_delta ego=0.0022 partner=0.0026 road=0.0033
[ROMA step 1,531,969,536] sps= 51,656  policy_loss=0.0001  value_loss=0.0317  mi_loss=0.0002  mi_valid=0.67  div_loss=-0.0000  kl_loss=0.0000 (disabled)  score=0.978  return=1.014  role_std=1.2091  role_norm=2.5807  enc_delta ego=0.0017 partner=0.0025 road=0.0030
[ROMA step 1,532,755,968] sps= 51,665  policy_loss=-0.0080  value_loss=0.0273  mi_loss=0.0002  mi_valid=0.71  div_loss=0.0001  kl_loss=0.0000 (disabled)  score=0.978  return=1.015  role_std=1.2508  role_norm=2.6329  enc_delta ego=0.0024 partner=0.0024 road=0.0030
[ROMA step 1,533,542,400] sps= 51,673  policy_loss=-0.0056  value_loss=0.0274  mi_loss=0.0002  mi_valid=0.70  div_loss=-0.0000  kl_loss=0.0000 (disabled)  score=0.978  return=1.015  role_std=1.2111  role_norm=2.5612  enc_delta ego=0.0021 partner=0.0029 road=0.0030
[ROMA step 1,534,328,832] sps= 51,682  policy_loss=0.0002  value_loss=0.0252  mi_loss=0.0002  mi_valid=0.70  div_loss=0.0005  kl_loss=0.0000 (disabled)  score=0.978  return=1.014  role_std=1.2153  role_norm=2.5717  enc_delta ego=0.0023 partner=0.0025 road=0.0029
[ROMA step 1,535,115,264] sps= 51,668  policy_loss=-0.0011  value_loss=0.0353  mi_loss=0.0002  mi_valid=0.68  div_loss=0.0003  kl_loss=0.0000 (disabled)  score=0.979  return=1.014  role_std=1.2425  role_norm=2.6315  enc_delta ego=0.0021 partner=0.0027 road=0.0035
[ROMA step 1,535,901,696] sps= 51,677  policy_loss=0.0027  value_loss=0.0359  mi_loss=0.0002  mi_valid=0.70  div_loss=0.0001  kl_loss=0.0000 (disabled)  score=0.978  return=1.012  role_std=1.2594  role_norm=2.6458  enc_delta ego=0.0031 partner=0.0036 road=0.0050
[ROMA step 1,536,688,128] sps= 51,685  policy_loss=0.0045  value_loss=0.0306  mi_loss=0.0002  mi_valid=0.70  div_loss=-0.0000  kl_loss=0.0000 (disabled)  score=0.978  return=1.011  role_std=1.2378  role_norm=2.6127  enc_delta ego=0.0024 partner=0.0028 road=0.0038
[ROMA step 1,537,474,560] sps= 51,694  policy_loss=-0.0010  value_loss=0.0281  mi_loss=0.0002  mi_valid=0.70  div_loss=0.0003  kl_loss=0.0000 (disabled)  score=0.978  return=1.010  role_std=1.2228  role_norm=2.6045  enc_delta ego=0.0019 partner=0.0026 road=0.0035
[ROMA step 1,538,260,992] sps= 51,682  policy_loss=-0.0046  value_loss=0.0314  mi_loss=0.0002  mi_valid=0.69  div_loss=0.0001  kl_loss=0.0000 (disabled)  score=0.978  return=1.010  role_std=1.1723  role_norm=2.5098  enc_delta ego=0.0027 partner=0.0025 road=0.0039
[ROMA step 1,539,047,424] sps= 51,690  policy_loss=0.0010  value_loss=0.0224  mi_loss=0.0002  mi_valid=0.70  div_loss=0.0001  kl_loss=0.0000 (disabled)  score=0.977  return=1.010  role_std=1.1829  role_norm=2.5290  enc_delta ego=0.0021 partner=0.0022 road=0.0034
[ROMA step 1,539,833,856] sps= 51,698  policy_loss=-0.0066  value_loss=0.0185  mi_loss=0.0002  mi_valid=0.70  div_loss=0.0000  kl_loss=0.0000 (disabled)  score=0.978  return=1.010  role_std=1.1982  role_norm=2.5425  enc_delta ego=0.0022 partner=0.0024 road=0.0033
[ROMA step 1,540,620,288] sps= 51,684  policy_loss=0.0068  value_loss=0.0296  mi_loss=0.0002  mi_valid=0.69  div_loss=0.0001  kl_loss=0.0000 (disabled)  score=0.978  return=1.011  role_std=1.2424  role_norm=2.6330  enc_delta ego=0.0021 partner=0.0018 road=0.0030
[ROMA step 1,541,406,720] sps= 51,693  policy_loss=0.0040  value_loss=0.0233  mi_loss=0.0001  mi_valid=0.71  div_loss=-0.0000  kl_loss=0.0000 (disabled)  score=0.978  return=1.011  role_std=1.1901  role_norm=2.5143  enc_delta ego=0.0020 partner=0.0025 road=0.0029
[ROMA step 1,542,193,152] sps= 51,702  policy_loss=-0.0022  value_loss=0.0198  mi_loss=0.0002  mi_valid=0.70  div_loss=0.0000  kl_loss=0.0000 (disabled)  score=0.978  return=1.010  role_std=1.1806  role_norm=2.5236  enc_delta ego=0.0026 partner=0.0023 road=0.0027
[ROMA step 1,542,979,584] sps= 51,711  policy_loss=0.0027  value_loss=0.0198  mi_loss=0.0001  mi_valid=0.70  div_loss=0.0000  kl_loss=0.0000 (disabled)  score=0.978  return=1.010  role_std=1.1714  role_norm=2.5163  enc_delta ego=0.0016 partner=0.0022 road=0.0027
[ROMA step 1,543,766,016] sps= 51,700  policy_loss=0.0056  value_loss=0.0330  mi_loss=0.0002  mi_valid=0.69  div_loss=0.0001  kl_loss=0.0000 (disabled)  score=0.978  return=1.010  role_std=1.2130  role_norm=2.5722  enc_delta ego=0.0020 partner=0.0026 road=0.0028
[ROMA step 1,544,552,448] sps= 51,709  policy_loss=-0.0014  value_loss=0.0204  mi_loss=0.0001  mi_valid=0.71  div_loss=0.0001  kl_loss=0.0000 (disabled)  score=0.978  return=1.010  role_std=1.1747  role_norm=2.5120  enc_delta ego=0.0024 partner=0.0029 road=0.0031
[ROMA step 1,545,338,880] sps= 51,717  policy_loss=-0.0041  value_loss=0.0187  mi_loss=0.0001  mi_valid=0.71  div_loss=0.0000  kl_loss=0.0000 (disabled)  score=0.978  return=1.012  role_std=1.2019  role_norm=2.5673  enc_delta ego=0.0020 partner=0.0028 road=0.0031
[ROMA step 1,546,125,312] sps= 51,701  policy_loss=-0.0047  value_loss=0.0289  mi_loss=0.0001  mi_valid=0.69  div_loss=0.0000  kl_loss=0.0000 (disabled)  score=0.978  return=1.012  role_std=1.1514  role_norm=2.4501  enc_delta ego=0.0020 partner=0.0024 road=0.0030
[ROMA step 1,546,911,744] sps= 51,709  policy_loss=0.0015  value_loss=0.0268  mi_loss=0.0002  mi_valid=0.71  div_loss=0.0002  kl_loss=0.0000 (disabled)  score=0.978  return=1.011  role_std=1.1665  role_norm=2.5165  enc_delta ego=0.0029 partner=0.0030 road=0.0041
[ROMA step 1,547,698,176] sps= 51,718  policy_loss=-0.0060  value_loss=0.0284  mi_loss=0.0002  mi_valid=0.71  div_loss=0.0001  kl_loss=0.0000 (disabled)  score=0.978  return=1.010  role_std=1.1690  role_norm=2.5141  enc_delta ego=0.0025 partner=0.0027 road=0.0033
[ROMA step 1,548,484,608] sps= 51,726  policy_loss=-0.0055  value_loss=0.0275  mi_loss=0.0002  mi_valid=0.71  div_loss=0.0000  kl_loss=0.0000 (disabled)  score=0.978  return=1.010  role_std=1.1767  role_norm=2.5019  enc_delta ego=0.0028 partner=0.0027 road=0.0032
[ROMA step 1,549,271,040] sps= 51,710  policy_loss=-0.0061  value_loss=0.0361  mi_loss=0.0002  mi_valid=0.70  div_loss=0.0000  kl_loss=0.0000 (disabled)  score=0.978  return=1.009  role_std=1.1972  role_norm=2.5689  enc_delta ego=0.0028 partner=0.0028 road=0.0039
[ROMA step 1,550,057,472] sps= 51,718  policy_loss=0.0011  value_loss=0.0316  mi_loss=0.0001  mi_valid=0.72  div_loss=0.0001  kl_loss=0.0000 (disabled)  score=0.977  return=1.008  role_std=1.2015  role_norm=2.5473  enc_delta ego=0.0036 partner=0.0031 road=0.0043
[ROMA step 1,550,843,904] sps= 51,725  policy_loss=-0.0005  value_loss=0.0271  mi_loss=0.0001  mi_valid=0.71  div_loss=0.0004  kl_loss=0.0000 (disabled)  score=0.977  return=1.007  role_std=1.2085  role_norm=2.5851  enc_delta ego=0.0020 partner=0.0028 road=0.0036
[ROMA step 1,551,630,336] sps= 51,710  policy_loss=-0.0005  value_loss=0.0339  mi_loss=0.0002  mi_valid=0.69  div_loss=-0.0000  kl_loss=0.0000 (disabled)  score=0.976  return=1.006  role_std=1.2418  role_norm=2.7394  enc_delta ego=0.0019 partner=0.0022 road=0.0034
[ROMA step 1,552,416,768] sps= 51,719  policy_loss=0.0017  value_loss=0.0253  mi_loss=0.0002  mi_valid=0.70  div_loss=0.0002  kl_loss=0.0000 (disabled)  score=0.976  return=1.006  role_std=1.2545  role_norm=2.6841  enc_delta ego=0.0026 partner=0.0021 road=0.0038
[ROMA step 1,553,203,200] sps= 51,728  policy_loss=0.0025  value_loss=0.0227  mi_loss=0.0002  mi_valid=0.70  div_loss=0.0000  kl_loss=0.0000 (disabled)  score=0.976  return=1.006  role_std=1.2846  role_norm=2.7366  enc_delta ego=0.0022 partner=0.0024 road=0.0036
[ROMA step 1,553,989,632] sps= 51,736  policy_loss=-0.0059  value_loss=0.0202  mi_loss=0.0002  mi_valid=0.70  div_loss=0.0000  kl_loss=0.0000 (disabled)  score=0.976  return=1.007  role_std=1.2671  role_norm=2.6807  enc_delta ego=0.0018 partner=0.0021 road=0.0031
[ROMA step 1,554,776,064] sps= 51,721  policy_loss=0.0020  value_loss=0.0336  mi_loss=0.0002  mi_valid=0.68  div_loss=0.0001  kl_loss=0.0000 (disabled)  score=0.976  return=1.008  role_std=1.3076  role_norm=2.7314  enc_delta ego=0.0027 partner=0.0025 road=0.0036
[ROMA step 1,555,562,496] sps= 51,730  policy_loss=-0.0040  value_loss=0.0272  mi_loss=0.0002  mi_valid=0.70  div_loss=0.0000  kl_loss=0.0000 (disabled)  score=0.976  return=1.009  role_std=1.2622  role_norm=2.7082  enc_delta ego=0.0031 partner=0.0026 road=0.0036
[ROMA step 1,556,348,928] sps= 51,739  policy_loss=-0.0073  value_loss=0.0210  mi_loss=0.0002  mi_valid=0.69  div_loss=-0.0000  kl_loss=0.0000 (disabled)  score=0.976  return=1.009  role_std=1.2957  role_norm=2.7356  enc_delta ego=0.0026 partner=0.0027 road=0.0033
[ROMA step 1,557,135,360] sps= 51,722  policy_loss=-0.0029  value_loss=0.0332  mi_loss=0.0002  mi_valid=0.67  div_loss=0.0002  kl_loss=0.0000 (disabled)  score=0.976  return=1.010  role_std=1.2422  role_norm=2.5768  enc_delta ego=0.0023 partner=0.0021 road=0.0030
[ROMA step 1,557,921,792] sps= 51,731  policy_loss=-0.0054  value_loss=0.0240  mi_loss=0.0002  mi_valid=0.72  div_loss=0.0001  kl_loss=0.0000 (disabled)  score=0.976  return=1.010  role_std=1.2275  role_norm=2.5652  enc_delta ego=0.0021 partner=0.0022 road=0.0035
[ROMA step 1,558,708,224] sps= 51,739  policy_loss=-0.0010  value_loss=0.0280  mi_loss=0.0002  mi_valid=0.71  div_loss=0.0003  kl_loss=0.0000 (disabled)  score=0.976  return=1.010  role_std=1.1656  role_norm=2.4648  enc_delta ego=0.0025 partner=0.0020 road=0.0031
[ROMA step 1,559,494,656] sps= 51,748  policy_loss=-0.0044  value_loss=0.0213  mi_loss=0.0002  mi_valid=0.71  div_loss=0.0002  kl_loss=0.0000 (disabled)  score=0.976  return=1.009  role_std=1.1720  role_norm=2.4452  enc_delta ego=0.0024 partner=0.0018 road=0.0036
[ROMA step 1,560,281,088] sps= 51,723  policy_loss=-0.0029  value_loss=0.0372  mi_loss=0.0002  mi_valid=0.69  div_loss=0.0001  kl_loss=0.0000 (disabled)  score=0.976  return=1.009  role_std=1.2432  role_norm=2.5873  enc_delta ego=0.0022 partner=0.0023 road=0.0032
[ROMA step 1,561,067,520] sps= 51,732  policy_loss=0.0008  value_loss=0.0281  mi_loss=0.0002  mi_valid=0.70  div_loss=0.0005  kl_loss=0.0000 (disabled)  score=0.975  return=1.009  role_std=1.1995  role_norm=2.4873  enc_delta ego=0.0029 partner=0.0024 road=0.0040
[ROMA step 1,561,853,952] sps= 51,740  policy_loss=-0.0070  value_loss=0.0200  mi_loss=0.0002  mi_valid=0.70  div_loss=0.0000  kl_loss=0.0000 (disabled)  score=0.975  return=1.009  role_std=1.2162  role_norm=2.4940  enc_delta ego=0.0024 partner=0.0023 road=0.0033
[ROMA step 1,562,640,384] sps= 51,749  policy_loss=-0.0033  value_loss=0.0290  mi_loss=0.0002  mi_valid=0.70  div_loss=0.0001  kl_loss=0.0000 (disabled)  score=0.975  return=1.009  role_std=1.2409  role_norm=2.5468  enc_delta ego=0.0022 partner=0.0024 road=0.0032
[ROMA step 1,563,426,816] sps= 51,730  policy_loss=-0.0031  value_loss=0.0319  mi_loss=0.0002  mi_valid=0.68  div_loss=0.0001  kl_loss=0.0000 (disabled)  score=0.975  return=1.008  role_std=1.2330  role_norm=2.5292  enc_delta ego=0.0028 partner=0.0022 road=0.0032
[ROMA step 1,564,213,248] sps= 51,739  policy_loss=-0.0013  value_loss=0.0246  mi_loss=0.0002  mi_valid=0.70  div_loss=0.0001  kl_loss=0.0000 (disabled)  score=0.975  return=1.008  role_std=1.2411  role_norm=2.5362  enc_delta ego=0.0022 partner=0.0026 road=0.0033
[ROMA step 1,564,999,680] sps= 51,747  policy_loss=-0.0001  value_loss=0.0222  mi_loss=0.0002  mi_valid=0.69  div_loss=0.0000  kl_loss=0.0000 (disabled)  score=0.975  return=1.007  role_std=1.2588  role_norm=2.6091  enc_delta ego=0.0020 partner=0.0021 road=0.0029
[ROMA step 1,565,786,112] sps= 51,731  policy_loss=-0.0006  value_loss=0.0308  mi_loss=0.0002  mi_valid=0.68  div_loss=0.0000  kl_loss=0.0000 (disabled)  score=0.975  return=1.008  role_std=1.2168  role_norm=2.5542  enc_delta ego=0.0025 partner=0.0025 road=0.0032
[ROMA step 1,566,572,544] sps= 51,740  policy_loss=-0.0010  value_loss=0.0218  mi_loss=0.0001  mi_valid=0.71  div_loss=0.0001  kl_loss=0.0000 (disabled)  score=0.975  return=1.008  role_std=1.2116  role_norm=2.5189  enc_delta ego=0.0024 partner=0.0029 road=0.0035
[ROMA step 1,567,358,976] sps= 51,748  policy_loss=-0.0016  value_loss=0.0205  mi_loss=0.0001  mi_valid=0.70  div_loss=0.0000  kl_loss=0.0000 (disabled)  score=0.975  return=1.009  role_std=1.2131  role_norm=2.5554  enc_delta ego=0.0022 partner=0.0023 road=0.0032
[ROMA step 1,568,145,408] sps= 51,757  policy_loss=-0.0041  value_loss=0.0224  mi_loss=0.0001  mi_valid=0.70  div_loss=0.0000  kl_loss=0.0000 (disabled)  score=0.976  return=1.010  role_std=1.2142  role_norm=2.5334  enc_delta ego=0.0025 partner=0.0024 road=0.0030
[ROMA step 1,568,931,840] sps= 51,743  policy_loss=-0.0002  value_loss=0.0321  mi_loss=0.0002  mi_valid=0.69  div_loss=0.0001  kl_loss=0.0000 (disabled)  score=0.976  return=1.012  role_std=1.2626  role_norm=2.6214  enc_delta ego=0.0024 partner=0.0026 road=0.0032
[ROMA step 1,569,718,272] sps= 51,751  policy_loss=0.0030  value_loss=0.0222  mi_loss=0.0001  mi_valid=0.70  div_loss=-0.0000  kl_loss=0.0000 (disabled)  score=0.977  return=1.013  role_std=1.2541  role_norm=2.6180  enc_delta ego=0.0022 partner=0.0022 road=0.0032
[ROMA step 1,570,504,704] sps= 51,760  policy_loss=0.0041  value_loss=0.0188  mi_loss=0.0001  mi_valid=0.70  div_loss=0.0001  kl_loss=0.0000 (disabled)  score=0.977  return=1.014  role_std=1.2598  role_norm=2.6207  enc_delta ego=0.0023 partner=0.0021 road=0.0024
[ROMA step 1,571,291,136] sps= 51,744  policy_loss=0.0055  value_loss=0.0268  mi_loss=0.0001  mi_valid=0.69  div_loss=0.0002  kl_loss=0.0000 (disabled)  score=0.977  return=1.014  role_std=1.2548  role_norm=2.6104  enc_delta ego=0.0017 partner=0.0021 road=0.0026
[ROMA step 1,572,077,568] sps= 51,753  policy_loss=0.0002  value_loss=0.0162  mi_loss=0.0001  mi_valid=0.69  div_loss=0.0003  kl_loss=0.0000 (disabled)  score=0.977  return=1.014  role_std=1.2783  role_norm=2.7194  enc_delta ego=0.0020 partner=0.0022 road=0.0028
[ROMA step 1,572,864,000] sps= 51,762  policy_loss=-0.0014  value_loss=0.0158  mi_loss=0.0001  mi_valid=0.69  div_loss=0.0001  kl_loss=0.0000 (disabled)  score=0.978  return=1.015  role_std=1.2956  role_norm=2.7359  enc_delta ego=0.0017 partner=0.0023 road=0.0026
[ROMA step 1,573,650,432] sps= 51,770  policy_loss=-0.0052  value_loss=0.0133  mi_loss=0.0001  mi_valid=0.69  div_loss=0.0001  kl_loss=0.0000 (disabled)  score=0.978  return=1.015  role_std=1.3362  role_norm=2.8032  enc_delta ego=0.0017 partner=0.0019 road=0.0024
[ROMA step 1,574,436,864] sps= 51,756  policy_loss=-0.0045  value_loss=0.0301  mi_loss=0.0002  mi_valid=0.68  div_loss=0.0000  kl_loss=0.0000 (disabled)  score=0.979  return=1.016  role_std=1.2977  role_norm=2.7633  enc_delta ego=0.0020 partner=0.0028 road=0.0031
[ROMA step 1,575,223,296] sps= 51,765  policy_loss=-0.0021  value_loss=0.0266  mi_loss=0.0002  mi_valid=0.70  div_loss=0.0001  kl_loss=0.0000 (disabled)  score=0.979  return=1.016  role_std=1.2829  role_norm=2.7200  enc_delta ego=0.0024 partner=0.0029 road=0.0031
[ROMA step 1,576,009,728] sps= 51,773  policy_loss=-0.0054  value_loss=0.0292  mi_loss=0.0002  mi_valid=0.69  div_loss=0.0003  kl_loss=0.0000 (disabled)  score=0.979  return=1.016  role_std=1.2982  role_norm=2.7176  enc_delta ego=0.0020 partner=0.0025 road=0.0031
[ROMA step 1,576,796,160] sps= 51,758  policy_loss=-0.0060  value_loss=0.0302  mi_loss=0.0002  mi_valid=0.69  div_loss=0.0001  kl_loss=0.0000 (disabled)  score=0.980  return=1.017  role_std=1.2970  role_norm=2.7394  enc_delta ego=0.0023 partner=0.0024 road=0.0034
[ROMA step 1,577,582,592] sps= 51,767  policy_loss=0.0009  value_loss=0.0192  mi_loss=0.0002  mi_valid=0.69  div_loss=0.0000  kl_loss=0.0000 (disabled)  score=0.980  return=1.017  role_std=1.2648  role_norm=2.6482  enc_delta ego=0.0030 partner=0.0021 road=0.0035
[ROMA step 1,578,369,024] sps= 51,775  policy_loss=-0.0017  value_loss=0.0175  mi_loss=0.0002  mi_valid=0.69  div_loss=0.0001  kl_loss=0.0000 (disabled)  score=0.981  return=1.018  role_std=1.2457  role_norm=2.6265  enc_delta ego=0.0018 partner=0.0022 road=0.0034
[ROMA step 1,579,155,456] sps= 51,784  policy_loss=-0.0059  value_loss=0.0163  mi_loss=0.0001  mi_valid=0.69  div_loss=-0.0000  kl_loss=0.0000 (disabled)  score=0.981  return=1.019  role_std=1.2823  role_norm=2.6850  enc_delta ego=0.0022 partner=0.0023 road=0.0030
[ROMA step 1,579,941,888] sps= 51,762  policy_loss=-0.0058  value_loss=0.0294  mi_loss=0.0002  mi_valid=0.68  div_loss=0.0001  kl_loss=0.0000 (disabled)  score=0.981  return=1.019  role_std=1.1623  role_norm=2.4101  enc_delta ego=0.0018 partner=0.0022 road=0.0031
[ROMA step 1,580,728,320] sps= 51,771  policy_loss=-0.0015  value_loss=0.0229  mi_loss=0.0001  mi_valid=0.70  div_loss=0.0001  kl_loss=0.0000 (disabled)  score=0.981  return=1.019  role_std=1.1773  role_norm=2.4620  enc_delta ego=0.0019 partner=0.0023 road=0.0026
[ROMA step 1,581,514,752] sps= 51,779  policy_loss=-0.0025  value_loss=0.0238  mi_loss=0.0001  mi_valid=0.70  div_loss=0.0000  kl_loss=0.0000 (disabled)  score=0.981  return=1.020  role_std=1.1622  role_norm=2.4438  enc_delta ego=0.0032 partner=0.0023 road=0.0038
[ROMA step 1,582,301,184] sps= 51,750  policy_loss=-0.0032  value_loss=0.0274  mi_loss=0.0001  mi_valid=0.68  div_loss=0.0000  kl_loss=0.0000 (disabled)  score=0.981  return=1.020  role_std=1.2426  role_norm=2.6166  enc_delta ego=0.0017 partner=0.0020 road=0.0026
[ROMA step 1,583,087,616] sps= 51,759  policy_loss=0.0009  value_loss=0.0261  mi_loss=0.0001  mi_valid=0.70  div_loss=0.0000  kl_loss=0.0000 (disabled)  score=0.981  return=1.021  role_std=1.2447  role_norm=2.6218  enc_delta ego=0.0024 partner=0.0029 road=0.0034
[ROMA step 1,583,874,048] sps= 51,767  policy_loss=-0.0048  value_loss=0.0234  mi_loss=0.0002  mi_valid=0.70  div_loss=0.0000  kl_loss=0.0000 (disabled)  score=0.981  return=1.020  role_std=1.2319  role_norm=2.5953  enc_delta ego=0.0019 partner=0.0027 road=0.0031
[ROMA step 1,584,660,480] sps= 51,775  policy_loss=-0.0028  value_loss=0.0218  mi_loss=0.0002  mi_valid=0.69  div_loss=0.0000  kl_loss=0.0000 (disabled)  score=0.981  return=1.020  role_std=1.2356  role_norm=2.6082  enc_delta ego=0.0020 partner=0.0024 road=0.0031
[ROMA step 1,585,446,912] sps= 51,759  policy_loss=-0.0054  value_loss=0.0298  mi_loss=0.0002  mi_valid=0.68  div_loss=0.0001  kl_loss=0.0000 (disabled)  score=0.981  return=1.021  role_std=1.2083  role_norm=2.5768  enc_delta ego=0.0021 partner=0.0028 road=0.0032
[ROMA step 1,586,233,344] sps= 51,768  policy_loss=-0.0009  value_loss=0.0170  mi_loss=0.0001  mi_valid=0.70  div_loss=0.0000  kl_loss=0.0000 (disabled)  score=0.981  return=1.020  role_std=1.2166  role_norm=2.6042  enc_delta ego=0.0021 partner=0.0020 road=0.0030
[ROMA step 1,587,019,776] sps= 51,776  policy_loss=-0.0050  value_loss=0.0162  mi_loss=0.0001  mi_valid=0.69  div_loss=0.0001  kl_loss=0.0000 (disabled)  score=0.981  return=1.020  role_std=1.2101  role_norm=2.5486  enc_delta ego=0.0030 partner=0.0024 road=0.0026
[ROMA step 1,587,806,208] sps= 51,784  policy_loss=-0.0007  value_loss=0.0124  mi_loss=0.0001  mi_valid=0.69  div_loss=0.0000  kl_loss=0.0000 (disabled)  score=0.981  return=1.020  role_std=1.2131  role_norm=2.5783  enc_delta ego=0.0018 partner=0.0020 road=0.0026
[ROMA step 1,588,592,640] sps= 51,767  policy_loss=-0.0073  value_loss=0.0260  mi_loss=0.0002  mi_valid=0.70  div_loss=0.0001  kl_loss=0.0000 (disabled)  score=0.981  return=1.020  role_std=1.1906  role_norm=2.5239  enc_delta ego=0.0027 partner=0.0020 road=0.0031
[ROMA step 1,589,379,072] sps= 51,775  policy_loss=-0.0008  value_loss=0.0219  mi_loss=0.0002  mi_valid=0.71  div_loss=0.0001  kl_loss=0.0000 (disabled)  score=0.981  return=1.019  role_std=1.1808  role_norm=2.5012  enc_delta ego=0.0021 partner=0.0024 road=0.0028
[ROMA step 1,590,165,504] sps= 51,783  policy_loss=-0.0066  value_loss=0.0185  mi_loss=0.0001  mi_valid=0.71  div_loss=0.0000  kl_loss=0.0000 (disabled)  score=0.980  return=1.018  role_std=1.1764  role_norm=2.4971  enc_delta ego=0.0022 partner=0.0021 road=0.0028
[ROMA step 1,590,951,936] sps= 51,766  policy_loss=-0.0085  value_loss=0.0293  mi_loss=0.0001  mi_valid=0.69  div_loss=0.0001  kl_loss=0.0000 (disabled)  score=0.980  return=1.018  role_std=1.1892  role_norm=2.5381  enc_delta ego=0.0020 partner=0.0020 road=0.0029
[ROMA step 1,591,738,368] sps= 51,774  policy_loss=-0.0037  value_loss=0.0217  mi_loss=0.0001  mi_valid=0.70  div_loss=0.0002  kl_loss=0.0000 (disabled)  score=0.979  return=1.017  role_std=1.2324  role_norm=2.5728  enc_delta ego=0.0034 partner=0.0026 road=0.0039
[ROMA step 1,592,524,800] sps= 51,782  policy_loss=0.0024  value_loss=0.0224  mi_loss=0.0001  mi_valid=0.70  div_loss=0.0005  kl_loss=0.0000 (disabled)  score=0.979  return=1.016  role_std=1.2235  role_norm=2.5678  enc_delta ego=0.0028 partner=0.0025 road=0.0039
[ROMA step 1,593,311,232] sps= 51,791  policy_loss=-0.0007  value_loss=0.0197  mi_loss=0.0002  mi_valid=0.69  div_loss=0.0007  kl_loss=0.0000 (disabled)  score=0.979  return=1.016  role_std=1.2409  role_norm=2.5646  enc_delta ego=0.0028 partner=0.0022 road=0.0035
[ROMA step 1,594,097,664] sps= 51,762  policy_loss=-0.0009  value_loss=0.0380  mi_loss=0.0002  mi_valid=0.68  div_loss=0.0000  kl_loss=0.0000 (disabled)  score=0.979  return=1.016  role_std=1.2524  role_norm=2.6426  enc_delta ego=0.0021 partner=0.0023 road=0.0028
[ROMA step 1,594,884,096] sps= 51,770  policy_loss=-0.0026  value_loss=0.0177  mi_loss=0.0001  mi_valid=0.69  div_loss=0.0001  kl_loss=0.0000 (disabled)  score=0.979  return=1.017  role_std=1.2820  role_norm=2.6838  enc_delta ego=0.0016 partner=0.0021 road=0.0027
[ROMA step 1,595,670,528] sps= 51,779  policy_loss=-0.0044  value_loss=0.0211  mi_loss=0.0002  mi_valid=0.69  div_loss=0.0000  kl_loss=0.0000 (disabled)  score=0.979  return=1.017  role_std=1.2905  role_norm=2.6956  enc_delta ego=0.0023 partner=0.0021 road=0.0028
[ROMA step 1,596,456,960] sps= 51,761  policy_loss=0.0015  value_loss=0.0312  mi_loss=0.0002  mi_valid=0.68  div_loss=0.0002  kl_loss=0.0000 (disabled)  score=0.979  return=1.017  role_std=1.2240  role_norm=2.4873  enc_delta ego=0.0018 partner=0.0020 road=0.0027
[ROMA step 1,597,243,392] sps= 51,769  policy_loss=0.0002  value_loss=0.0303  mi_loss=0.0001  mi_valid=0.70  div_loss=0.0002  kl_loss=0.0000 (disabled)  score=0.979  return=1.017  role_std=1.2453  role_norm=2.6052  enc_delta ego=0.0020 partner=0.0028 road=0.0033
[ROMA step 1,598,029,824] sps= 51,777  policy_loss=-0.0012  value_loss=0.0226  mi_loss=0.0001  mi_valid=0.70  div_loss=0.0002  kl_loss=0.0000 (disabled)  score=0.979  return=1.016  role_std=1.2441  role_norm=2.6043  enc_delta ego=0.0017 partner=0.0025 road=0.0028
[ROMA step 1,598,816,256] sps= 51,785  policy_loss=-0.0071  value_loss=0.0202  mi_loss=0.0001  mi_valid=0.70  div_loss=0.0001  kl_loss=0.0000 (disabled)  score=0.979  return=1.016  role_std=1.2717  role_norm=2.6360  enc_delta ego=0.0018 partner=0.0024 road=0.0028
[ROMA step 1,599,602,688] sps= 51,766  policy_loss=-0.0043  value_loss=0.0346  mi_loss=0.0002  mi_valid=0.68  div_loss=0.0000  kl_loss=0.0000 (disabled)  score=0.979  return=1.016  role_std=1.2646  role_norm=2.6099  enc_delta ego=0.0024 partner=0.0024 road=0.0034
[ROMA step 1,600,389,120] sps= 51,774  policy_loss=-0.0047  value_loss=0.0242  mi_loss=0.0002  mi_valid=0.69  div_loss=0.0002  kl_loss=0.0000 (disabled)  score=0.979  return=1.016  role_std=1.2252  role_norm=2.5616  enc_delta ego=0.0021 partner=0.0031 road=0.0037
[ROMA step 1,601,175,552] sps= 51,782  policy_loss=-0.0013  value_loss=0.0224  mi_loss=0.0002  mi_valid=0.69  div_loss=0.0000  kl_loss=0.0000 (disabled)  score=0.979  return=1.016  role_std=1.2690  role_norm=2.5889  enc_delta ego=0.0031 partner=0.0024 road=0.0032
[ROMA step 1,601,961,984] sps= 51,768  policy_loss=-0.0097  value_loss=0.0312  mi_loss=0.0002  mi_valid=0.68  div_loss=-0.0000  kl_loss=0.0000 (disabled)  score=0.979  return=1.016  role_std=1.2547  role_norm=2.7266  enc_delta ego=0.0022 partner=0.0023 road=0.0039
[ROMA step 1,602,748,416] sps= 51,776  policy_loss=-0.0023  value_loss=0.0232  mi_loss=0.0001  mi_valid=0.70  div_loss=0.0000  kl_loss=0.0000 (disabled)  score=0.980  return=1.016  role_std=1.2790  role_norm=2.7007  enc_delta ego=0.0031 partner=0.0022 road=0.0040
[ROMA step 1,603,534,848] sps= 51,785  policy_loss=-0.0022  value_loss=0.0230  mi_loss=0.0001  mi_valid=0.70  div_loss=-0.0000  kl_loss=0.0000 (disabled)  score=0.980  return=1.016  role_std=1.2701  role_norm=2.6672  enc_delta ego=0.0029 partner=0.0021 road=0.0031
[ROMA step 1,604,321,280] sps= 51,793  policy_loss=-0.0054  value_loss=0.0196  mi_loss=0.0001  mi_valid=0.70  div_loss=0.0003  kl_loss=0.0000 (disabled)  score=0.980  return=1.016  role_std=1.2272  role_norm=2.6132  enc_delta ego=0.0023 partner=0.0024 road=0.0038
[ROMA step 1,605,107,712] sps= 51,774  policy_loss=0.0002  value_loss=0.0333  mi_loss=0.0002  mi_valid=0.68  div_loss=0.0001  kl_loss=0.0000 (disabled)  score=0.980  return=1.016  role_std=1.2815  role_norm=2.6919  enc_delta ego=0.0027 partner=0.0027 road=0.0037
[ROMA step 1,605,894,144] sps= 51,782  policy_loss=-0.0059  value_loss=0.0227  mi_loss=0.0001  mi_valid=0.69  div_loss=0.0001  kl_loss=0.0000 (disabled)  score=0.980  return=1.016  role_std=1.2926  role_norm=2.7503  enc_delta ego=0.0022 partner=0.0027 road=0.0036
[ROMA step 1,606,680,576] sps= 51,790  policy_loss=0.0017  value_loss=0.0210  mi_loss=0.0001  mi_valid=0.69  div_loss=0.0000  kl_loss=0.0000 (disabled)  score=0.980  return=1.015  role_std=1.2652  role_norm=2.7102  enc_delta ego=0.0021 partner=0.0024 road=0.0029
[ROMA step 1,607,467,008] sps= 51,778  policy_loss=-0.0051  value_loss=0.0264  mi_loss=0.0001  mi_valid=0.67  div_loss=0.0000  kl_loss=0.0000 (disabled)  score=0.980  return=1.017  role_std=1.2554  role_norm=2.6420  enc_delta ego=0.0019 partner=0.0019 road=0.0028
[ROMA step 1,608,253,440] sps= 51,787  policy_loss=-0.0093  value_loss=0.0229  mi_loss=0.0001  mi_valid=0.70  div_loss=0.0001  kl_loss=0.0000 (disabled)  score=0.980  return=1.017  role_std=1.2466  role_norm=2.6469  enc_delta ego=0.0020 partner=0.0026 road=0.0032
[ROMA step 1,609,039,872] sps= 51,795  policy_loss=0.0023  value_loss=0.0239  mi_loss=0.0001  mi_valid=0.70  div_loss=0.0000  kl_loss=0.0000 (disabled)  score=0.981  return=1.017  role_std=1.2513  role_norm=2.6378  enc_delta ego=0.0020 partner=0.0031 road=0.0032
[ROMA step 1,609,826,304] sps= 51,804  policy_loss=-0.0055  value_loss=0.0204  mi_loss=0.0001  mi_valid=0.69  div_loss=0.0000  kl_loss=0.0000 (disabled)  score=0.981  return=1.018  role_std=1.2410  role_norm=2.6094  enc_delta ego=0.0017 partner=0.0026 road=0.0030
[ROMA step 1,610,612,736] sps= 51,779  policy_loss=0.0002  value_loss=0.0271  mi_loss=0.0001  mi_valid=0.68  div_loss=0.0000  kl_loss=0.0000 (disabled)  score=0.981  return=1.018  role_std=1.2611  role_norm=2.6470  enc_delta ego=0.0022 partner=0.0022 road=0.0028
[ROMA step 1,611,399,168] sps= 51,788  policy_loss=-0.0016  value_loss=0.0156  mi_loss=0.0001  mi_valid=0.70  div_loss=0.0001  kl_loss=0.0000 (disabled)  score=0.981  return=1.019  role_std=1.2505  role_norm=2.6355  enc_delta ego=0.0025 partner=0.0023 road=0.0027
[ROMA step 1,612,185,600] sps= 51,796  policy_loss=-0.0040  value_loss=0.0153  mi_loss=0.0001  mi_valid=0.69  div_loss=0.0000  kl_loss=0.0000 (disabled)  score=0.981  return=1.019  role_std=1.2570  role_norm=2.6293  enc_delta ego=0.0026 partner=0.0018 road=0.0030
[ROMA step 1,612,972,032] sps= 51,805  policy_loss=-0.0015  value_loss=0.0143  mi_loss=0.0001  mi_valid=0.69  div_loss=0.0001  kl_loss=0.0000 (disabled)  score=0.981  return=1.020  role_std=1.2725  role_norm=2.6705  enc_delta ego=0.0022 partner=0.0020 road=0.0028
[ROMA step 1,613,758,464] sps= 51,788  policy_loss=-0.0079  value_loss=0.0273  mi_loss=0.0002  mi_valid=0.68  div_loss=0.0003  kl_loss=0.0000 (disabled)  score=0.981  return=1.020  role_std=1.2564  role_norm=2.6704  enc_delta ego=0.0028 partner=0.0023 road=0.0032
[ROMA step 1,614,544,896] sps= 51,797  policy_loss=-0.0027  value_loss=0.0237  mi_loss=0.0002  mi_valid=0.70  div_loss=0.0003  kl_loss=0.0000 (disabled)  score=0.981  return=1.019  role_std=1.2587  role_norm=2.6903  enc_delta ego=0.0030 partner=0.0024 road=0.0035
[ROMA step 1,615,331,328] sps= 51,805  policy_loss=-0.0069  value_loss=0.0221  mi_loss=0.0002  mi_valid=0.70  div_loss=0.0000  kl_loss=0.0000 (disabled)  score=0.981  return=1.019  role_std=1.2945  role_norm=2.7315  enc_delta ego=0.0032 partner=0.0025 road=0.0029
[ROMA step 1,616,117,760] sps= 51,791  policy_loss=0.0037  value_loss=0.0348  mi_loss=0.0002  mi_valid=0.68  div_loss=0.0001  kl_loss=0.0000 (disabled)  score=0.981  return=1.019  role_std=1.2651  role_norm=2.6328  enc_delta ego=0.0022 partner=0.0024 road=0.0032
[ROMA step 1,616,904,192] sps= 51,799  policy_loss=-0.0007  value_loss=0.0213  mi_loss=0.0001  mi_valid=0.69  div_loss=0.0000  kl_loss=0.0000 (disabled)  score=0.981  return=1.019  role_std=1.2364  role_norm=2.5769  enc_delta ego=0.0020 partner=0.0024 road=0.0036
[ROMA step 1,617,690,624] sps= 51,808  policy_loss=-0.0013  value_loss=0.0176  mi_loss=0.0001  mi_valid=0.69  div_loss=-0.0000  kl_loss=0.0000 (disabled)  score=0.982  return=1.020  role_std=1.2076  role_norm=2.5255  enc_delta ego=0.0018 partner=0.0024 road=0.0031
[ROMA step 1,618,477,056] sps= 51,816  policy_loss=-0.0067  value_loss=0.0158  mi_loss=0.0001  mi_valid=0.69  div_loss=0.0001  kl_loss=0.0000 (disabled)  score=0.982  return=1.021  role_std=1.2182  role_norm=2.5601  enc_delta ego=0.0016 partner=0.0022 road=0.0027
[ROMA step 1,619,263,488] sps= 51,795  policy_loss=-0.0001  value_loss=0.0331  mi_loss=0.0001  mi_valid=0.68  div_loss=0.0001  kl_loss=0.0000 (disabled)  score=0.982  return=1.021  role_std=1.2605  role_norm=2.6885  enc_delta ego=0.0020 partner=0.0023 road=0.0032
[ROMA step 1,620,049,920] sps= 51,804  policy_loss=-0.0026  value_loss=0.0280  mi_loss=0.0001  mi_valid=0.69  div_loss=0.0000  kl_loss=0.0000 (disabled)  score=0.982  return=1.020  role_std=1.2565  role_norm=2.6730  enc_delta ego=0.0029 partner=0.0025 road=0.0028
[ROMA step 1,620,836,352] sps= 51,812  policy_loss=-0.0071  value_loss=0.0231  mi_loss=0.0001  mi_valid=0.69  div_loss=0.0001  kl_loss=0.0000 (disabled)  score=0.982  return=1.020  role_std=1.2775  role_norm=2.7095  enc_delta ego=0.0020 partner=0.0025 road=0.0029
[ROMA step 1,621,622,784] sps= 51,793  policy_loss=0.0031  value_loss=0.0284  mi_loss=0.0001  mi_valid=0.68  div_loss=0.0001  kl_loss=0.0000 (disabled)  score=0.982  return=1.020  role_std=1.2034  role_norm=2.5089  enc_delta ego=0.0022 partner=0.0021 road=0.0028
[ROMA step 1,622,409,216] sps= 51,801  policy_loss=0.0003  value_loss=0.0243  mi_loss=0.0001  mi_valid=0.69  div_loss=0.0000  kl_loss=0.0000 (disabled)  score=0.982  return=1.021  role_std=1.2408  role_norm=2.6476  enc_delta ego=0.0019 partner=0.0027 road=0.0032
[ROMA step 1,623,195,648] sps= 51,810  policy_loss=0.0000  value_loss=0.0174  mi_loss=0.0001  mi_valid=0.69  div_loss=0.0001  kl_loss=0.0000 (disabled)  score=0.982  return=1.021  role_std=1.2209  role_norm=2.6277  enc_delta ego=0.0016 partner=0.0022 road=0.0028
[ROMA step 1,623,982,080] sps= 51,818  policy_loss=0.0035  value_loss=0.0148  mi_loss=0.0001  mi_valid=0.69  div_loss=0.0001  kl_loss=0.0000 (disabled)  score=0.982  return=1.022  role_std=1.2396  role_norm=2.6264  enc_delta ego=0.0016 partner=0.0020 road=0.0023
[ROMA step 1,624,768,512] sps= 51,798  policy_loss=0.0009  value_loss=0.0294  mi_loss=0.0001  mi_valid=0.67  div_loss=0.0002  kl_loss=0.0000 (disabled)  score=0.982  return=1.022  role_std=1.2758  role_norm=2.6727  enc_delta ego=0.0019 partner=0.0024 road=0.0033
[ROMA step 1,625,554,944] sps= 51,806  policy_loss=-0.0023  value_loss=0.0238  mi_loss=0.0001  mi_valid=0.68  div_loss=0.0001  kl_loss=0.0000 (disabled)  score=0.983  return=1.022  role_std=1.2669  role_norm=2.6306  enc_delta ego=0.0021 partner=0.0026 road=0.0038
[ROMA step 1,626,341,376] sps= 51,815  policy_loss=-0.0013  value_loss=0.0225  mi_loss=0.0001  mi_valid=0.68  div_loss=0.0000  kl_loss=0.0000 (disabled)  score=0.983  return=1.022  role_std=1.2399  role_norm=2.6087  enc_delta ego=0.0018 partner=0.0023 road=0.0029
[ROMA step 1,627,127,808] sps= 51,795  policy_loss=-0.0054  value_loss=0.0322  mi_loss=0.0001  mi_valid=0.68  div_loss=0.0000  kl_loss=0.0000 (disabled)  score=0.983  return=1.023  role_std=1.2329  role_norm=2.6480  enc_delta ego=0.0024 partner=0.0025 road=0.0033
[ROMA step 1,627,914,240] sps= 51,804  policy_loss=-0.0006  value_loss=0.0283  mi_loss=0.0002  mi_valid=0.70  div_loss=0.0001  kl_loss=0.0000 (disabled)  score=0.983  return=1.022  role_std=1.2533  role_norm=2.6438  enc_delta ego=0.0033 partner=0.0028 road=0.0045
[ROMA step 1,628,700,672] sps= 51,812  policy_loss=-0.0008  value_loss=0.0331  mi_loss=0.0002  mi_valid=0.70  div_loss=0.0001  kl_loss=0.0000 (disabled)  score=0.983  return=1.020  role_std=1.2580  role_norm=2.6181  enc_delta ego=0.0031 partner=0.0026 road=0.0042
[ROMA step 1,629,487,104] sps= 51,821  policy_loss=-0.0000  value_loss=0.0243  mi_loss=0.0001  mi_valid=0.71  div_loss=0.0000  kl_loss=0.0000 (disabled)  score=0.982  return=1.019  role_std=1.2469  role_norm=2.6372  enc_delta ego=0.0022 partner=0.0024 road=0.0037
[ROMA step 1,630,273,536] sps= 51,797  policy_loss=-0.0049  value_loss=0.0450  mi_loss=0.0002  mi_valid=0.68  div_loss=-0.0000  kl_loss=0.0000 (disabled)  score=0.982  return=1.019  role_std=1.3431  role_norm=2.8014  enc_delta ego=0.0029 partner=0.0024 road=0.0035
[ROMA step 1,631,059,968] sps= 51,805  policy_loss=0.0037  value_loss=0.0261  mi_loss=0.0002  mi_valid=0.69  div_loss=-0.0000  kl_loss=0.0000 (disabled)  score=0.982  return=1.018  role_std=1.3582  role_norm=2.8550  enc_delta ego=0.0026 partner=0.0023 road=0.0034
[ROMA step 1,631,846,400] sps= 51,814  policy_loss=0.0006  value_loss=0.0253  mi_loss=0.0002  mi_valid=0.69  div_loss=0.0000  kl_loss=0.0000 (disabled)  score=0.982  return=1.018  role_std=1.3366  role_norm=2.8192  enc_delta ego=0.0022 partner=0.0021 road=0.0027
[ROMA step 1,632,632,832] sps= 51,795  policy_loss=-0.0074  value_loss=0.0291  mi_loss=0.0002  mi_valid=0.67  div_loss=0.0001  kl_loss=0.0000 (disabled)  score=0.982  return=1.018  role_std=1.3527  role_norm=2.8235  enc_delta ego=0.0015 partner=0.0021 road=0.0028
[ROMA step 1,633,419,264] sps= 51,803  policy_loss=0.0027  value_loss=0.0266  mi_loss=0.0001  mi_valid=0.69  div_loss=0.0000  kl_loss=0.0000 (disabled)  score=0.982  return=1.019  role_std=1.3175  role_norm=2.8543  enc_delta ego=0.0023 partner=0.0021 road=0.0034
[ROMA step 1,634,205,696] sps= 51,812  policy_loss=-0.0034  value_loss=0.0243  mi_loss=0.0001  mi_valid=0.69  div_loss=0.0001  kl_loss=0.0000 (disabled)  score=0.982  return=1.019  role_std=1.3029  role_norm=2.7869  enc_delta ego=0.0025 partner=0.0023 road=0.0035
[ROMA step 1,634,992,128] sps= 51,820  policy_loss=-0.0015  value_loss=0.0196  mi_loss=0.0001  mi_valid=0.69  div_loss=0.0000  kl_loss=0.0000 (disabled)  score=0.982  return=1.019  role_std=1.3198  role_norm=2.8296  enc_delta ego=0.0017 partner=0.0019 road=0.0028
[ROMA step 1,635,778,560] sps= 51,809  policy_loss=-0.0080  value_loss=0.0272  mi_loss=0.0002  mi_valid=0.68  div_loss=0.0000  kl_loss=0.0000 (disabled)  score=0.982  return=1.020  role_std=1.2812  role_norm=2.7546  enc_delta ego=0.0017 partner=0.0020 road=0.0026
[ROMA step 1,636,564,992] sps= 51,817  policy_loss=-0.0001  value_loss=0.0207  mi_loss=0.0001  mi_valid=0.69  div_loss=0.0001  kl_loss=0.0000 (disabled)  score=0.982  return=1.019  role_std=1.2814  role_norm=2.7590  enc_delta ego=0.0017 partner=0.0021 road=0.0028
[ROMA step 1,637,351,424] sps= 51,826  policy_loss=-0.0032  value_loss=0.0206  mi_loss=0.0001  mi_valid=0.69  div_loss=0.0000  kl_loss=0.0000 (disabled)  score=0.981  return=1.019  role_std=1.3057  role_norm=2.8022  enc_delta ego=0.0017 partner=0.0021 road=0.0027
[ROMA step 1,638,137,856] sps= 51,835  policy_loss=-0.0015  value_loss=0.0164  mi_loss=0.0001  mi_valid=0.69  div_loss=0.0001  kl_loss=0.0000 (disabled)  score=0.981  return=1.020  role_std=1.2855  role_norm=2.7487  enc_delta ego=0.0016 partner=0.0019 road=0.0025
[ROMA step 1,638,924,288] sps= 51,818  policy_loss=-0.0055  value_loss=0.0272  mi_loss=0.0001  mi_valid=0.68  div_loss=0.0002  kl_loss=0.0000 (disabled)  score=0.981  return=1.021  role_std=1.2848  role_norm=2.7270  enc_delta ego=0.0018 partner=0.0023 road=0.0030
[ROMA step 1,639,710,720] sps= 51,827  policy_loss=-0.0073  value_loss=0.0181  mi_loss=0.0001  mi_valid=0.68  div_loss=0.0001  kl_loss=0.0000 (disabled)  score=0.981  return=1.021  role_std=1.2889  role_norm=2.7653  enc_delta ego=0.0024 partner=0.0024 road=0.0032
[ROMA step 1,640,497,152] sps= 51,835  policy_loss=0.0025  value_loss=0.0232  mi_loss=0.0001  mi_valid=0.68  div_loss=-0.0000  kl_loss=0.0000 (disabled)  score=0.982  return=1.022  role_std=1.2688  role_norm=2.7477  enc_delta ego=0.0018 partner=0.0021 road=0.0027
[ROMA step 1,641,283,584] sps= 51,820  policy_loss=-0.0005  value_loss=0.0284  mi_loss=0.0001  mi_valid=0.67  div_loss=0.0000  kl_loss=0.0000 (disabled)  score=0.982  return=1.022  role_std=1.3181  role_norm=2.8118  enc_delta ego=0.0014 partner=0.0021 road=0.0029
[ROMA step 1,642,070,016] sps= 51,828  policy_loss=0.0048  value_loss=0.0253  mi_loss=0.0001  mi_valid=0.70  div_loss=0.0000  kl_loss=0.0000 (disabled)  score=0.982  return=1.021  role_std=1.2822  role_norm=2.7469  enc_delta ego=0.0020 partner=0.0022 road=0.0030
[ROMA step 1,642,856,448] sps= 51,836  policy_loss=-0.0041  value_loss=0.0207  mi_loss=0.0001  mi_valid=0.70  div_loss=0.0000  kl_loss=0.0000 (disabled)  score=0.982  return=1.021  role_std=1.2713  role_norm=2.7003  enc_delta ego=0.0019 partner=0.0022 road=0.0029
[ROMA step 1,643,642,880] sps= 51,845  policy_loss=0.0066  value_loss=0.0192  mi_loss=0.0001  mi_valid=0.69  div_loss=0.0000  kl_loss=0.0000 (disabled)  score=0.982  return=1.021  role_std=1.3297  role_norm=2.7806  enc_delta ego=0.0018 partner=0.0021 road=0.0024
[ROMA step 1,644,429,312] sps= 51,828  policy_loss=-0.0011  value_loss=0.0474  mi_loss=0.0002  mi_valid=0.68  div_loss=0.0000  kl_loss=0.0000 (disabled)  score=0.981  return=1.020  role_std=1.2992  role_norm=2.7132  enc_delta ego=0.0023 partner=0.0025 road=0.0039
[ROMA step 1,645,215,744] sps= 51,837  policy_loss=-0.0019  value_loss=0.0341  mi_loss=0.0002  mi_valid=0.69  div_loss=0.0000  kl_loss=0.0000 (disabled)  score=0.981  return=1.020  role_std=1.2832  role_norm=2.6778  enc_delta ego=0.0026 partner=0.0027 road=0.0033
[ROMA step 1,646,002,176] sps= 51,845  policy_loss=-0.0037  value_loss=0.0283  mi_loss=0.0001  mi_valid=0.69  div_loss=0.0000  kl_loss=0.0000 (disabled)  score=0.981  return=1.020  role_std=1.3051  role_norm=2.6982  enc_delta ego=0.0023 partner=0.0026 road=0.0035
[ROMA step 1,646,788,608] sps= 51,830  policy_loss=0.0039  value_loss=0.0408  mi_loss=0.0002  mi_valid=0.68  div_loss=0.0000  kl_loss=0.0000 (disabled)  score=0.981  return=1.021  role_std=1.2329  role_norm=2.5202  enc_delta ego=0.0023 partner=0.0021 road=0.0033
[ROMA step 1,647,575,040] sps= 51,839  policy_loss=0.0019  value_loss=0.0353  mi_loss=0.0001  mi_valid=0.70  div_loss=0.0001  kl_loss=0.0000 (disabled)  score=0.982  return=1.021  role_std=1.2194  role_norm=2.5623  enc_delta ego=0.0023 partner=0.0031 road=0.0043
[ROMA step 1,648,361,472] sps= 51,847  policy_loss=-0.0013  value_loss=0.0215  mi_loss=0.0001  mi_valid=0.70  div_loss=0.0002  kl_loss=0.0000 (disabled)  score=0.982  return=1.021  role_std=1.2212  role_norm=2.6021  enc_delta ego=0.0021 partner=0.0021 road=0.0035
[ROMA step 1,649,147,904] sps= 51,855  policy_loss=-0.0048  value_loss=0.0195  mi_loss=0.0001  mi_valid=0.70  div_loss=0.0000  kl_loss=0.0000 (disabled)  score=0.982  return=1.021  role_std=1.2104  role_norm=2.5788  enc_delta ego=0.0020 partner=0.0019 road=0.0030
[ROMA step 1,649,934,336] sps= 51,841  policy_loss=-0.0028  value_loss=0.0251  mi_loss=0.0001  mi_valid=0.68  div_loss=0.0001  kl_loss=0.0000 (disabled)  score=0.982  return=1.021  role_std=1.3306  role_norm=2.8097  enc_delta ego=0.0020 partner=0.0019 road=0.0026
[ROMA step 1,650,720,768] sps= 51,849  policy_loss=0.0008  value_loss=0.0199  mi_loss=0.0001  mi_valid=0.69  div_loss=0.0001  kl_loss=0.0000 (disabled)  score=0.982  return=1.021  role_std=1.3184  role_norm=2.7633  enc_delta ego=0.0020 partner=0.0022 road=0.0029
[ROMA step 1,651,507,200] sps= 51,858  policy_loss=-0.0058  value_loss=0.0145  mi_loss=0.0001  mi_valid=0.69  div_loss=0.0000  kl_loss=0.0000 (disabled)  score=0.983  return=1.021  role_std=1.3306  role_norm=2.8068  enc_delta ego=0.0021 partner=0.0020 road=0.0025
[ROMA step 1,652,293,632] sps= 51,840  policy_loss=0.0006  value_loss=0.0249  mi_loss=0.0001  mi_valid=0.68  div_loss=0.0000  kl_loss=0.0000 (disabled)  score=0.983  return=1.021  role_std=1.2809  role_norm=2.7159  enc_delta ego=0.0030 partner=0.0020 road=0.0026
[ROMA step 1,653,080,064] sps= 51,849  policy_loss=0.0029  value_loss=0.0193  mi_loss=0.0002  mi_valid=0.69  div_loss=0.0000  kl_loss=0.0000 (disabled)  score=0.983  return=1.022  role_std=1.2936  role_norm=2.7456  enc_delta ego=0.0020 partner=0.0025 road=0.0024
[ROMA step 1,653,866,496] sps= 51,857  policy_loss=-0.0024  value_loss=0.0195  mi_loss=0.0001  mi_valid=0.69  div_loss=0.0000  kl_loss=0.0000 (disabled)  score=0.983  return=1.021  role_std=1.3027  role_norm=2.7049  enc_delta ego=0.0018 partner=0.0021 road=0.0026
[ROMA step 1,654,652,928] sps= 51,866  policy_loss=-0.0030  value_loss=0.0179  mi_loss=0.0001  mi_valid=0.69  div_loss=0.0001  kl_loss=0.0000 (disabled)  score=0.983  return=1.022  role_std=1.2826  role_norm=2.6972  enc_delta ego=0.0016 partner=0.0020 road=0.0026
[ROMA step 1,655,439,360] sps= 51,849  policy_loss=-0.0015  value_loss=0.0352  mi_loss=0.0002  mi_valid=0.69  div_loss=0.0002  kl_loss=0.0000 (disabled)  score=0.983  return=1.022  role_std=1.2299  role_norm=2.5835  enc_delta ego=0.0022 partner=0.0023 road=0.0031
[ROMA step 1,656,225,792] sps= 51,858  policy_loss=-0.0018  value_loss=0.0247  mi_loss=0.0001  mi_valid=0.70  div_loss=0.0000  kl_loss=0.0000 (disabled)  score=0.983  return=1.021  role_std=1.2322  role_norm=2.6158  enc_delta ego=0.0020 partner=0.0023 road=0.0026
[ROMA step 1,657,012,224] sps= 51,866  policy_loss=-0.0032  value_loss=0.0187  mi_loss=0.0001  mi_valid=0.70  div_loss=0.0000  kl_loss=0.0000 (disabled)  score=0.983  return=1.021  role_std=1.2307  role_norm=2.6019  enc_delta ego=0.0020 partner=0.0022 road=0.0028
[ROMA step 1,657,798,656] sps= 51,844  policy_loss=0.0041  value_loss=0.0287  mi_loss=0.0001  mi_valid=0.68  div_loss=0.0000  kl_loss=0.0000 (disabled)  score=0.983  return=1.020  role_std=1.3353  role_norm=2.8887  enc_delta ego=0.0019 partner=0.0021 road=0.0027
[ROMA step 1,658,585,088] sps= 51,852  policy_loss=-0.0132  value_loss=0.0174  mi_loss=0.0001  mi_valid=0.70  div_loss=0.0001  kl_loss=0.0000 (disabled)  score=0.983  return=1.020  role_std=1.3298  role_norm=2.8504  enc_delta ego=0.0026 partner=0.0023 road=0.0026
[ROMA step 1,659,371,520] sps= 51,860  policy_loss=-0.0004  value_loss=0.0240  mi_loss=0.0002  mi_valid=0.70  div_loss=0.0000  kl_loss=0.0000 (disabled)  score=0.982  return=1.019  role_std=1.3184  role_norm=2.7779  enc_delta ego=0.0022 partner=0.0022 road=0.0031
[ROMA step 1,660,157,952] sps= 51,869  policy_loss=-0.0043  value_loss=0.0171  mi_loss=0.0002  mi_valid=0.69  div_loss=0.0001  kl_loss=0.0000 (disabled)  score=0.982  return=1.019  role_std=1.3410  role_norm=2.8281  enc_delta ego=0.0021 partner=0.0020 road=0.0026
[ROMA step 1,660,944,384] sps= 51,848  policy_loss=-0.0011  value_loss=0.0295  mi_loss=0.0001  mi_valid=0.68  div_loss=0.0000  kl_loss=0.0000 (disabled)  score=0.982  return=1.019  role_std=1.2941  role_norm=2.7491  enc_delta ego=0.0017 partner=0.0026 road=0.0029
[ROMA step 1,661,730,816] sps= 51,856  policy_loss=-0.0002  value_loss=0.0233  mi_loss=0.0001  mi_valid=0.69  div_loss=0.0002  kl_loss=0.0000 (disabled)  score=0.982  return=1.019  role_std=1.3102  role_norm=2.7618  enc_delta ego=0.0022 partner=0.0031 road=0.0030
[ROMA step 1,662,517,248] sps= 51,865  policy_loss=-0.0013  value_loss=0.0193  mi_loss=0.0001  mi_valid=0.69  div_loss=0.0000  kl_loss=0.0000 (disabled)  score=0.982  return=1.020  role_std=1.3331  role_norm=2.8019  enc_delta ego=0.0022 partner=0.0030 road=0.0030
[ROMA step 1,663,303,680] sps= 51,874  policy_loss=0.0019  value_loss=0.0193  mi_loss=0.0001  mi_valid=0.70  div_loss=0.0000  kl_loss=0.0000 (disabled)  score=0.982  return=1.020  role_std=1.3334  role_norm=2.7901  enc_delta ego=0.0023 partner=0.0026 road=0.0025
[ROMA step 1,664,090,112] sps= 51,863  policy_loss=-0.0045  value_loss=0.0299  mi_loss=0.0002  mi_valid=0.68  div_loss=0.0001  kl_loss=0.0000 (disabled)  score=0.982  return=1.021  role_std=1.3894  role_norm=2.8768  enc_delta ego=0.0021 partner=0.0026 road=0.0029
[ROMA step 1,664,876,544] sps= 51,871  policy_loss=0.0053  value_loss=0.0187  mi_loss=0.0001  mi_valid=0.69  div_loss=0.0000  kl_loss=0.0000 (disabled)  score=0.982  return=1.021  role_std=1.3716  role_norm=2.8583  enc_delta ego=0.0017 partner=0.0024 road=0.0029
[ROMA step 1,665,662,976] sps= 51,880  policy_loss=-0.0027  value_loss=0.0193  mi_loss=0.0001  mi_valid=0.68  div_loss=0.0000  kl_loss=0.0000 (disabled)  score=0.982  return=1.022  role_std=1.3664  role_norm=2.8484  enc_delta ego=0.0020 partner=0.0020 road=0.0028
[ROMA step 1,666,449,408] sps= 51,846  policy_loss=-0.0094  value_loss=0.0260  mi_loss=0.0002  mi_valid=0.68  div_loss=0.0001  kl_loss=0.0000 (disabled)  score=0.983  return=1.023  role_std=1.3240  role_norm=2.7908  enc_delta ego=0.0022 partner=0.0019 road=0.0026
[ROMA step 1,667,235,840] sps= 51,854  policy_loss=-0.0005  value_loss=0.0257  mi_loss=0.0002  mi_valid=0.70  div_loss=-0.0000  kl_loss=0.0000 (disabled)  score=0.983  return=1.024  role_std=1.3222  role_norm=2.7373  enc_delta ego=0.0030 partner=0.0021 road=0.0031
[ROMA step 1,668,022,272] sps= 51,862  policy_loss=0.0002  value_loss=0.0175  mi_loss=0.0002  mi_valid=0.70  div_loss=0.0002  kl_loss=0.0000 (disabled)  score=0.983  return=1.024  role_std=1.3137  role_norm=2.7436  enc_delta ego=0.0018 partner=0.0023 road=0.0026
[ROMA step 1,668,808,704] sps= 51,870  policy_loss=0.0012  value_loss=0.0143  mi_loss=0.0002  mi_valid=0.70  div_loss=0.0001  kl_loss=0.0000 (disabled)  score=0.982  return=1.024  role_std=1.3139  role_norm=2.7524  enc_delta ego=0.0019 partner=0.0022 road=0.0032
[ROMA step 1,669,595,136] sps= 51,848  policy_loss=0.0001  value_loss=0.0255  mi_loss=0.0001  mi_valid=0.68  div_loss=0.0000  kl_loss=0.0000 (disabled)  score=0.982  return=1.025  role_std=1.3124  role_norm=2.7424  enc_delta ego=0.0018 partner=0.0020 road=0.0027
[ROMA step 1,670,381,568] sps= 51,857  policy_loss=0.0018  value_loss=0.0174  mi_loss=0.0001  mi_valid=0.69  div_loss=0.0002  kl_loss=0.0000 (disabled)  score=0.982  return=1.026  role_std=1.3466  role_norm=2.8285  enc_delta ego=0.0019 partner=0.0018 road=0.0025
[ROMA step 1,671,168,000] sps= 51,865  policy_loss=-0.0074  value_loss=0.0143  mi_loss=0.0001  mi_valid=0.69  div_loss=0.0000  kl_loss=0.0000 (disabled)  score=0.982  return=1.026  role_std=1.3460  role_norm=2.8262  enc_delta ego=0.0017 partner=0.0018 road=0.0024
[ROMA step 1,671,954,432] sps= 51,844  policy_loss=-0.0088  value_loss=0.0257  mi_loss=0.0001  mi_valid=0.68  div_loss=-0.0000  kl_loss=0.0000 (disabled)  score=0.982  return=1.026  role_std=1.3428  role_norm=2.7521  enc_delta ego=0.0017 partner=0.0018 road=0.0024
[ROMA step 1,672,740,864] sps= 51,852  policy_loss=-0.0039  value_loss=0.0208  mi_loss=0.0002  mi_valid=0.69  div_loss=-0.0000  kl_loss=0.0000 (disabled)  score=0.982  return=1.026  role_std=1.3743  role_norm=2.8832  enc_delta ego=0.0026 partner=0.0023 road=0.0029
[ROMA step 1,673,527,296] sps= 51,860  policy_loss=-0.0059  value_loss=0.0198  mi_loss=0.0001  mi_valid=0.69  div_loss=0.0000  kl_loss=0.0000 (disabled)  score=0.982  return=1.027  role_std=1.4096  role_norm=2.9084  enc_delta ego=0.0022 partner=0.0022 road=0.0028
[ROMA step 1,674,313,728] sps= 51,869  policy_loss=-0.0099  value_loss=0.0195  mi_loss=0.0001  mi_valid=0.69  div_loss=0.0001  kl_loss=0.0000 (disabled)  score=0.982  return=1.027  role_std=1.4006  role_norm=2.9119  enc_delta ego=0.0019 partner=0.0020 road=0.0024
[ROMA step 1,675,100,160] sps= 51,849  policy_loss=0.0028  value_loss=0.0355  mi_loss=0.0002  mi_valid=0.68  div_loss=0.0000  kl_loss=0.0000 (disabled)  score=0.983  return=1.028  role_std=1.3599  role_norm=2.8657  enc_delta ego=0.0021 partner=0.0024 road=0.0033
[ROMA step 1,675,886,592] sps= 51,858  policy_loss=0.0093  value_loss=0.0369  mi_loss=0.0002  mi_valid=0.70  div_loss=0.0000  kl_loss=0.0000 (disabled)  score=0.983  return=1.028  role_std=1.3558  role_norm=2.8248  enc_delta ego=0.0020 partner=0.0026 road=0.0032
[ROMA step 1,676,673,024] sps= 51,866  policy_loss=-0.0048  value_loss=0.0223  mi_loss=0.0001  mi_valid=0.70  div_loss=0.0002  kl_loss=0.0000 (disabled)  score=0.982  return=1.028  role_std=1.3648  role_norm=2.8387  enc_delta ego=0.0016 partner=0.0022 road=0.0031
[ROMA step 1,677,459,456] sps= 51,846  policy_loss=0.0024  value_loss=0.0340  mi_loss=0.0002  mi_valid=0.69  div_loss=0.0001  kl_loss=0.0000 (disabled)  score=0.982  return=1.029  role_std=1.3324  role_norm=2.7810  enc_delta ego=0.0018 partner=0.0019 road=0.0026
[ROMA step 1,678,245,888] sps= 51,855  policy_loss=-0.0031  value_loss=0.0229  mi_loss=0.0002  mi_valid=0.69  div_loss=0.0001  kl_loss=0.0000 (disabled)  score=0.982  return=1.029  role_std=1.3130  role_norm=2.7189  enc_delta ego=0.0021 partner=0.0020 road=0.0029
[ROMA step 1,679,032,320] sps= 51,863  policy_loss=0.0012  value_loss=0.0228  mi_loss=0.0002  mi_valid=0.70  div_loss=0.0000  kl_loss=0.0000 (disabled)  score=0.982  return=1.029  role_std=1.3336  role_norm=2.7509  enc_delta ego=0.0018 partner=0.0023 road=0.0027
[ROMA step 1,679,818,752] sps= 51,871  policy_loss=0.0006  value_loss=0.0200  mi_loss=0.0002  mi_valid=0.69  div_loss=0.0001  kl_loss=0.0000 (disabled)  score=0.982  return=1.029  role_std=1.3588  role_norm=2.8049  enc_delta ego=0.0020 partner=0.0020 road=0.0032
[ROMA step 1,680,605,184] sps= 51,854  policy_loss=0.0001  value_loss=0.0324  mi_loss=0.0002  mi_valid=0.68  div_loss=0.0001  kl_loss=0.0000 (disabled)  score=0.982  return=1.029  role_std=1.2898  role_norm=2.6750  enc_delta ego=0.0021 partner=0.0020 road=0.0025
[ROMA step 1,681,391,616] sps= 51,862  policy_loss=0.0016  value_loss=0.0222  mi_loss=0.0002  mi_valid=0.69  div_loss=0.0001  kl_loss=0.0000 (disabled)  score=0.982  return=1.028  role_std=1.3298  role_norm=2.7364  enc_delta ego=0.0021 partner=0.0021 road=0.0025
[ROMA step 1,682,178,048] sps= 51,871  policy_loss=0.0029  value_loss=0.0207  mi_loss=0.0002  mi_valid=0.69  div_loss=0.0001  kl_loss=0.0000 (disabled)  score=0.982  return=1.028  role_std=1.3085  role_norm=2.7344  enc_delta ego=0.0023 partner=0.0019 road=0.0025
[ROMA step 1,682,964,480] sps= 51,852  policy_loss=0.0022  value_loss=0.0302  mi_loss=0.0002  mi_valid=0.68  div_loss=0.0001  kl_loss=0.0000 (disabled)  score=0.982  return=1.028  role_std=1.2427  role_norm=2.6362  enc_delta ego=0.0029 partner=0.0020 road=0.0030
[ROMA step 1,683,750,912] sps= 51,860  policy_loss=-0.0051  value_loss=0.0192  mi_loss=0.0001  mi_valid=0.70  div_loss=0.0000  kl_loss=0.0000 (disabled)  score=0.982  return=1.029  role_std=1.2691  role_norm=2.6678  enc_delta ego=0.0018 partner=0.0021 road=0.0023
[ROMA step 1,684,537,344] sps= 51,869  policy_loss=-0.0030  value_loss=0.0168  mi_loss=0.0001  mi_valid=0.70  div_loss=0.0001  kl_loss=0.0000 (disabled)  score=0.982  return=1.028  role_std=1.2766  role_norm=2.6291  enc_delta ego=0.0017 partner=0.0020 road=0.0026
[ROMA step 1,685,323,776] sps= 51,877  policy_loss=0.0004  value_loss=0.0156  mi_loss=0.0001  mi_valid=0.70  div_loss=0.0000  kl_loss=0.0000 (disabled)  score=0.982  return=1.029  role_std=1.2665  role_norm=2.6486  enc_delta ego=0.0013 partner=0.0016 road=0.0026
[ROMA step 1,686,110,208] sps= 51,857  policy_loss=0.0006  value_loss=0.0322  mi_loss=0.0002  mi_valid=0.69  div_loss=0.0000  kl_loss=0.0000 (disabled)  score=0.982  return=1.029  role_std=1.3109  role_norm=2.7488  enc_delta ego=0.0021 partner=0.0021 road=0.0024
[ROMA step 1,686,896,640] sps= 51,865  policy_loss=0.0017  value_loss=0.0220  mi_loss=0.0002  mi_valid=0.70  div_loss=0.0000  kl_loss=0.0000 (disabled)  score=0.982  return=1.029  role_std=1.2889  role_norm=2.7025  enc_delta ego=0.0021 partner=0.0019 road=0.0027
[ROMA step 1,687,683,072] sps= 51,873  policy_loss=-0.0062  value_loss=0.0147  mi_loss=0.0001  mi_valid=0.70  div_loss=0.0000  kl_loss=0.0000 (disabled)  score=0.981  return=1.028  role_std=1.2938  role_norm=2.6736  enc_delta ego=0.0021 partner=0.0020 road=0.0027
[ROMA step 1,688,469,504] sps= 51,881  policy_loss=-0.0082  value_loss=0.0142  mi_loss=0.0001  mi_valid=0.70  div_loss=0.0000  kl_loss=0.0000 (disabled)  score=0.981  return=1.028  role_std=1.2873  role_norm=2.6936  enc_delta ego=0.0016 partner=0.0018 road=0.0026
[ROMA step 1,689,255,936] sps= 51,868  policy_loss=0.0004  value_loss=0.0296  mi_loss=0.0001  mi_valid=0.69  div_loss=0.0003  kl_loss=0.0000 (disabled)  score=0.981  return=1.028  role_std=1.2406  role_norm=2.6179  enc_delta ego=0.0018 partner=0.0026 road=0.0029
[ROMA step 1,690,042,368] sps= 51,876  policy_loss=0.0033  value_loss=0.0259  mi_loss=0.0001  mi_valid=0.70  div_loss=-0.0000  kl_loss=0.0000 (disabled)  score=0.981  return=1.027  role_std=1.2644  role_norm=2.6351  enc_delta ego=0.0022 partner=0.0023 road=0.0028
[ROMA step 1,690,828,800] sps= 51,884  policy_loss=-0.0055  value_loss=0.0213  mi_loss=0.0001  mi_valid=0.70  div_loss=0.0001  kl_loss=0.0000 (disabled)  score=0.981  return=1.027  role_std=1.2653  role_norm=2.6278  enc_delta ego=0.0016 partner=0.0023 road=0.0025
[ROMA step 1,691,615,232] sps= 51,866  policy_loss=0.0042  value_loss=0.0299  mi_loss=0.0002  mi_valid=0.68  div_loss=0.0001  kl_loss=0.0000 (disabled)  score=0.981  return=1.027  role_std=1.3288  role_norm=2.8228  enc_delta ego=0.0017 partner=0.0021 road=0.0024
[ROMA step 1,692,401,664] sps= 51,874  policy_loss=-0.0045  value_loss=0.0207  mi_loss=0.0001  mi_valid=0.69  div_loss=0.0001  kl_loss=0.0000 (disabled)  score=0.981  return=1.027  role_std=1.3283  role_norm=2.8512  enc_delta ego=0.0020 partner=0.0022 road=0.0026
[ROMA step 1,693,188,096] sps= 51,883  policy_loss=-0.0063  value_loss=0.0169  mi_loss=0.0001  mi_valid=0.69  div_loss=0.0001  kl_loss=0.0000 (disabled)  score=0.980  return=1.026  role_std=1.3354  role_norm=2.8009  enc_delta ego=0.0016 partner=0.0022 road=0.0027
[ROMA step 1,693,974,528] sps= 51,891  policy_loss=-0.0032  value_loss=0.0164  mi_loss=0.0001  mi_valid=0.68  div_loss=0.0005  kl_loss=0.0000 (disabled)  score=0.981  return=1.026  role_std=1.3277  role_norm=2.7919  enc_delta ego=0.0019 partner=0.0020 road=0.0027
[ROMA step 1,694,760,960] sps= 51,878  policy_loss=-0.0041  value_loss=0.0294  mi_loss=0.0002  mi_valid=0.67  div_loss=0.0002  kl_loss=0.0000 (disabled)  score=0.981  return=1.026  role_std=1.2712  role_norm=2.6570  enc_delta ego=0.0024 partner=0.0026 road=0.0027
[ROMA step 1,695,547,392] sps= 51,887  policy_loss=-0.0023  value_loss=0.0184  mi_loss=0.0001  mi_valid=0.69  div_loss=0.0001  kl_loss=0.0000 (disabled)  score=0.981  return=1.026  role_std=1.2657  role_norm=2.6615  enc_delta ego=0.0020 partner=0.0028 road=0.0026
[ROMA step 1,696,333,824] sps= 51,895  policy_loss=-0.0054  value_loss=0.0209  mi_loss=0.0001  mi_valid=0.69  div_loss=0.0001  kl_loss=0.0000 (disabled)  score=0.981  return=1.027  role_std=1.2897  role_norm=2.6876  enc_delta ego=0.0017 partner=0.0028 road=0.0027
[ROMA step 1,697,120,256] sps= 51,873  policy_loss=-0.0054  value_loss=0.0327  mi_loss=0.0002  mi_valid=0.68  div_loss=0.0000  kl_loss=0.0000 (disabled)  score=0.981  return=1.027  role_std=1.2814  role_norm=2.6797  enc_delta ego=0.0020 partner=0.0020 road=0.0028
[ROMA step 1,697,906,688] sps= 51,881  policy_loss=0.0027  value_loss=0.0234  mi_loss=0.0002  mi_valid=0.69  div_loss=0.0001  kl_loss=0.0000 (disabled)  score=0.981  return=1.027  role_std=1.3214  role_norm=2.7712  enc_delta ego=0.0021 partner=0.0020 road=0.0029
[ROMA step 1,698,693,120] sps= 51,889  policy_loss=-0.0025  value_loss=0.0198  mi_loss=0.0001  mi_valid=0.69  div_loss=0.0000  kl_loss=0.0000 (disabled)  score=0.982  return=1.028  role_std=1.3062  role_norm=2.7647  enc_delta ego=0.0022 partner=0.0025 road=0.0030
[ROMA step 1,699,479,552] sps= 51,898  policy_loss=0.0029  value_loss=0.0233  mi_loss=0.0002  mi_valid=0.69  div_loss=0.0000  kl_loss=0.0000 (disabled)  score=0.982  return=1.028  role_std=1.3262  role_norm=2.7852  enc_delta ego=0.0021 partner=0.0022 road=0.0030
[ROMA step 1,700,265,984] sps= 51,883  policy_loss=0.0027  value_loss=0.0351  mi_loss=0.0001  mi_valid=0.67  div_loss=0.0001  kl_loss=0.0000 (disabled)  score=0.982  return=1.028  role_std=1.3302  role_norm=2.7756  enc_delta ego=0.0017 partner=0.0018 road=0.0030
[ROMA step 1,701,052,416] sps= 51,891  policy_loss=-0.0010  value_loss=0.0200  mi_loss=0.0001  mi_valid=0.69  div_loss=0.0000  kl_loss=0.0000 (disabled)  score=0.982  return=1.028  role_std=1.3257  role_norm=2.7732  enc_delta ego=0.0016 partner=0.0018 road=0.0031
[ROMA step 1,701,838,848] sps= 51,899  policy_loss=0.0062  value_loss=0.0208  mi_loss=0.0001  mi_valid=0.69  div_loss=0.0000  kl_loss=0.0000 (disabled)  score=0.982  return=1.028  role_std=1.2906  role_norm=2.6989  enc_delta ego=0.0018 partner=0.0018 road=0.0027
[ROMA step 1,702,625,280] sps= 51,887  policy_loss=-0.0019  value_loss=0.0305  mi_loss=0.0001  mi_valid=0.68  div_loss=0.0002  kl_loss=0.0000 (disabled)  score=0.982  return=1.028  role_std=1.3219  role_norm=2.7946  enc_delta ego=0.0021 partner=0.0018 road=0.0033
[ROMA step 1,703,411,712] sps= 51,896  policy_loss=-0.0042  value_loss=0.0198  mi_loss=0.0001  mi_valid=0.69  div_loss=0.0003  kl_loss=0.0000 (disabled)  score=0.982  return=1.028  role_std=1.3149  role_norm=2.7836  enc_delta ego=0.0020 partner=0.0021 road=0.0033
[ROMA step 1,704,198,144] sps= 51,904  policy_loss=-0.0004  value_loss=0.0179  mi_loss=0.0001  mi_valid=0.69  div_loss=0.0000  kl_loss=0.0000 (disabled)  score=0.982  return=1.027  role_std=1.3348  role_norm=2.8123  enc_delta ego=0.0020 partner=0.0021 road=0.0034
[ROMA step 1,704,984,576] sps= 51,912  policy_loss=-0.0055  value_loss=0.0176  mi_loss=0.0001  mi_valid=0.69  div_loss=0.0001  kl_loss=0.0000 (disabled)  score=0.982  return=1.027  role_std=1.3382  role_norm=2.8111  enc_delta ego=0.0016 partner=0.0019 road=0.0026
[ROMA step 1,705,771,008] sps= 51,901  policy_loss=-0.0001  value_loss=0.0296  mi_loss=0.0002  mi_valid=0.67  div_loss=0.0000  kl_loss=0.0000 (disabled)  score=0.982  return=1.027  role_std=1.3368  role_norm=2.7826  enc_delta ego=0.0018 partner=0.0020 road=0.0034
[ROMA step 1,706,557,440] sps= 51,909  policy_loss=-0.0023  value_loss=0.0186  mi_loss=0.0001  mi_valid=0.69  div_loss=0.0001  kl_loss=0.0000 (disabled)  score=0.982  return=1.026  role_std=1.3048  role_norm=2.7572  enc_delta ego=0.0021 partner=0.0024 road=0.0038
[ROMA step 1,707,343,872] sps= 51,917  policy_loss=-0.0030  value_loss=0.0184  mi_loss=0.0001  mi_valid=0.68  div_loss=0.0000  kl_loss=0.0000 (disabled)  score=0.982  return=1.026  role_std=1.3402  role_norm=2.8096  enc_delta ego=0.0022 partner=0.0023 road=0.0029
[ROMA step 1,708,130,304] sps= 51,905  policy_loss=0.0011  value_loss=0.0280  mi_loss=0.0002  mi_valid=0.67  div_loss=0.0001  kl_loss=0.0000 (disabled)  score=0.982  return=1.026  role_std=1.2857  role_norm=2.8879  enc_delta ego=0.0019 partner=0.0023 road=0.0029
[ROMA step 1,708,916,736] sps= 51,914  policy_loss=0.0064  value_loss=0.0305  mi_loss=0.0002  mi_valid=0.69  div_loss=0.0001  kl_loss=0.0000 (disabled)  score=0.982  return=1.026  role_std=1.3383  role_norm=2.8089  enc_delta ego=0.0020 partner=0.0028 road=0.0032
[ROMA step 1,709,703,168] sps= 51,922  policy_loss=-0.0031  value_loss=0.0241  mi_loss=0.0002  mi_valid=0.69  div_loss=0.0001  kl_loss=0.0000 (disabled)  score=0.982  return=1.026  role_std=1.3592  role_norm=2.8377  enc_delta ego=0.0018 partner=0.0024 road=0.0034
[ROMA step 1,710,489,600] sps= 51,930  policy_loss=0.0013  value_loss=0.0307  mi_loss=0.0002  mi_valid=0.68  div_loss=0.0000  kl_loss=0.0000 (disabled)  score=0.982  return=1.025  role_std=1.3309  role_norm=2.8312  enc_delta ego=0.0024 partner=0.0023 road=0.0034
[ROMA step 1,711,276,032] sps= 51,914  policy_loss=-0.0039  value_loss=0.0326  mi_loss=0.0002  mi_valid=0.68  div_loss=0.0000  kl_loss=0.0000 (disabled)  score=0.982  return=1.025  role_std=1.3052  role_norm=2.7561  enc_delta ego=0.0024 partner=0.0028 road=0.0030
[ROMA step 1,712,062,464] sps= 51,922  policy_loss=-0.0046  value_loss=0.0263  mi_loss=0.0001  mi_valid=0.70  div_loss=0.0001  kl_loss=0.0000 (disabled)  score=0.981  return=1.024  role_std=1.3222  role_norm=2.8135  enc_delta ego=0.0025 partner=0.0031 road=0.0035
[ROMA step 1,712,848,896] sps= 51,930  policy_loss=0.0047  value_loss=0.0276  mi_loss=0.0001  mi_valid=0.70  div_loss=0.0001  kl_loss=0.0000 (disabled)  score=0.982  return=1.025  role_std=1.3438  role_norm=2.8037  enc_delta ego=0.0021 partner=0.0029 road=0.0029
[ROMA step 1,713,635,328] sps= 51,938  policy_loss=-0.0008  value_loss=0.0201  mi_loss=0.0001  mi_valid=0.70  div_loss=0.0000  kl_loss=0.0000 (disabled)  score=0.981  return=1.024  role_std=1.4047  role_norm=2.9258  enc_delta ego=0.0020 partner=0.0025 road=0.0025
[ROMA step 1,714,421,760] sps= 51,924  policy_loss=-0.0017  value_loss=0.0265  mi_loss=0.0002  mi_valid=0.70  div_loss=0.0001  kl_loss=0.0000 (disabled)  score=0.981  return=1.024  role_std=1.3815  role_norm=2.9022  enc_delta ego=0.0018 partner=0.0022 road=0.0033
[ROMA step 1,715,208,192] sps= 51,932  policy_loss=-0.0010  value_loss=0.0172  mi_loss=0.0002  mi_valid=0.70  div_loss=-0.0000  kl_loss=0.0000 (disabled)  score=0.981  return=1.024  role_std=1.3387  role_norm=2.9046  enc_delta ego=0.0025 partner=0.0023 road=0.0032
[ROMA step 1,715,994,624] sps= 51,940  policy_loss=-0.0021  value_loss=0.0142  mi_loss=0.0002  mi_valid=0.70  div_loss=0.0001  kl_loss=0.0000 (disabled)  score=0.981  return=1.024  role_std=1.3196  role_norm=2.8269  enc_delta ego=0.0021 partner=0.0017 road=0.0027
[ROMA step 1,716,781,056] sps= 51,924  policy_loss=0.0058  value_loss=0.0255  mi_loss=0.0002  mi_valid=0.68  div_loss=0.0000  kl_loss=0.0000 (disabled)  score=0.981  return=1.024  role_std=1.3826  role_norm=2.9175  enc_delta ego=0.0023 partner=0.0021 road=0.0024
[ROMA step 1,717,567,488] sps= 51,932  policy_loss=-0.0037  value_loss=0.0235  mi_loss=0.0002  mi_valid=0.70  div_loss=0.0000  kl_loss=0.0000 (disabled)  score=0.981  return=1.023  role_std=1.3590  role_norm=2.8881  enc_delta ego=0.0024 partner=0.0026 road=0.0027
[ROMA step 1,718,353,920] sps= 51,940  policy_loss=-0.0028  value_loss=0.0190  mi_loss=0.0002  mi_valid=0.70  div_loss=0.0002  kl_loss=0.0000 (disabled)  score=0.981  return=1.024  role_std=1.3187  role_norm=2.8385  enc_delta ego=0.0023 partner=0.0029 road=0.0027
[ROMA step 1,719,140,352] sps= 51,948  policy_loss=-0.0062  value_loss=0.0180  mi_loss=0.0002  mi_valid=0.70  div_loss=0.0000  kl_loss=0.0000 (disabled)  score=0.981  return=1.024  role_std=1.3170  role_norm=2.8285  enc_delta ego=0.0015 partner=0.0024 road=0.0027
[ROMA step 1,719,926,784] sps= 51,934  policy_loss=-0.0028  value_loss=0.0298  mi_loss=0.0002  mi_valid=0.69  div_loss=0.0000  kl_loss=0.0000 (disabled)  score=0.981  return=1.023  role_std=1.2385  role_norm=2.6360  enc_delta ego=0.0018 partner=0.0022 road=0.0031
[ROMA step 1,720,713,216] sps= 51,942  policy_loss=0.0005  value_loss=0.0178  mi_loss=0.0002  mi_valid=0.70  div_loss=0.0000  kl_loss=0.0000 (disabled)  score=0.981  return=1.023  role_std=1.2365  role_norm=2.6333  enc_delta ego=0.0023 partner=0.0018 road=0.0025
[ROMA step 1,721,499,648] sps= 51,950  policy_loss=0.0038  value_loss=0.0178  mi_loss=0.0002  mi_valid=0.70  div_loss=-0.0000  kl_loss=0.0000 (disabled)  score=0.981  return=1.023  role_std=1.2614  role_norm=2.6776  enc_delta ego=0.0017 partner=0.0018 road=0.0025
[ROMA step 1,722,286,080] sps= 51,933  policy_loss=-0.0023  value_loss=0.0242  mi_loss=0.0002  mi_valid=0.68  div_loss=0.0002  kl_loss=0.0000 (disabled)  score=0.981  return=1.023  role_std=1.2726  role_norm=2.6534  enc_delta ego=0.0020 partner=0.0017 road=0.0023
[ROMA step 1,723,072,512] sps= 51,941  policy_loss=0.0004  value_loss=0.0228  mi_loss=0.0002  mi_valid=0.69  div_loss=0.0001  kl_loss=0.0000 (disabled)  score=0.981  return=1.023  role_std=1.2792  role_norm=2.7309  enc_delta ego=0.0013 partner=0.0021 road=0.0025
[ROMA step 1,723,858,944] sps= 51,949  policy_loss=-0.0050  value_loss=0.0172  mi_loss=0.0002  mi_valid=0.69  div_loss=0.0000  kl_loss=0.0000 (disabled)  score=0.981  return=1.023  role_std=1.3116  role_norm=2.7559  enc_delta ego=0.0016 partner=0.0021 road=0.0024
[ROMA step 1,724,645,376] sps= 51,957  policy_loss=0.0023  value_loss=0.0159  mi_loss=0.0002  mi_valid=0.69  div_loss=0.0001  kl_loss=0.0000 (disabled)  score=0.981  return=1.023  role_std=1.2947  role_norm=2.7589  enc_delta ego=0.0017 partner=0.0019 road=0.0025
[ROMA step 1,725,431,808] sps= 51,945  policy_loss=0.0016  value_loss=0.0339  mi_loss=0.0002  mi_valid=0.67  div_loss=0.0000  kl_loss=0.0000 (disabled)  score=0.981  return=1.023  role_std=1.3440  role_norm=2.8032  enc_delta ego=0.0018 partner=0.0022 road=0.0028
[ROMA step 1,726,218,240] sps= 51,953  policy_loss=-0.0053  value_loss=0.0210  mi_loss=0.0002  mi_valid=0.69  div_loss=0.0001  kl_loss=0.0000 (disabled)  score=0.981  return=1.023  role_std=1.3167  role_norm=2.7992  enc_delta ego=0.0018 partner=0.0021 road=0.0032
[ROMA step 1,727,004,672] sps= 51,961  policy_loss=0.0031  value_loss=0.0176  mi_loss=0.0002  mi_valid=0.69  div_loss=-0.0000  kl_loss=0.0000 (disabled)  score=0.981  return=1.023  role_std=1.3410  role_norm=2.8095  enc_delta ego=0.0020 partner=0.0022 road=0.0028
[ROMA step 1,727,791,104] sps= 51,946  policy_loss=-0.0015  value_loss=0.0298  mi_loss=0.0002  mi_valid=0.68  div_loss=0.0001  kl_loss=0.0000 (disabled)  score=0.981  return=1.023  role_std=1.3207  role_norm=2.8430  enc_delta ego=0.0015 partner=0.0021 road=0.0028
[ROMA step 1,728,577,536] sps= 51,954  policy_loss=-0.0001  value_loss=0.0166  mi_loss=0.0002  mi_valid=0.69  div_loss=0.0001  kl_loss=0.0000 (disabled)  score=0.981  return=1.024  role_std=1.3081  role_norm=2.7885  enc_delta ego=0.0015 partner=0.0018 road=0.0028
[ROMA step 1,729,363,968] sps= 51,962  policy_loss=-0.0036  value_loss=0.0149  mi_loss=0.0002  mi_valid=0.69  div_loss=0.0003  kl_loss=0.0000 (disabled)  score=0.982  return=1.025  role_std=1.3241  role_norm=2.8108  enc_delta ego=0.0019 partner=0.0018 road=0.0029
[ROMA step 1,730,150,400] sps= 51,970  policy_loss=0.0005  value_loss=0.0166  mi_loss=0.0002  mi_valid=0.69  div_loss=0.0003  kl_loss=0.0000 (disabled)  score=0.982  return=1.025  role_std=1.3280  role_norm=2.7867  enc_delta ego=0.0015 partner=0.0018 road=0.0026
[ROMA step 1,730,936,832] sps= 51,959  policy_loss=-0.0055  value_loss=0.0234  mi_loss=0.0002  mi_valid=0.68  div_loss=0.0000  kl_loss=0.0000 (disabled)  score=0.982  return=1.026  role_std=1.3529  role_norm=2.8524  enc_delta ego=0.0015 partner=0.0021 road=0.0025
[ROMA step 1,731,723,264] sps= 51,968  policy_loss=0.0025  value_loss=0.0183  mi_loss=0.0001  mi_valid=0.69  div_loss=0.0001  kl_loss=0.0000 (disabled)  score=0.982  return=1.026  role_std=1.3044  role_norm=2.8016  enc_delta ego=0.0018 partner=0.0026 road=0.0028
[ROMA step 1,732,509,696] sps= 51,976  policy_loss=-0.0061  value_loss=0.0177  mi_loss=0.0001  mi_valid=0.69  div_loss=0.0001  kl_loss=0.0000 (disabled)  score=0.982  return=1.026  role_std=1.3564  role_norm=2.8800  enc_delta ego=0.0017 partner=0.0024 road=0.0024
[ROMA step 1,733,296,128] sps= 51,965  policy_loss=-0.0008  value_loss=0.0256  mi_loss=0.0002  mi_valid=0.67  div_loss=-0.0000  kl_loss=0.0000 (disabled)  score=0.982  return=1.026  role_std=1.3738  role_norm=2.9722  enc_delta ego=0.0016 partner=0.0022 road=0.0023
[ROMA step 1,734,082,560] sps= 51,974  policy_loss=-0.0029  value_loss=0.0243  mi_loss=0.0001  mi_valid=0.69  div_loss=0.0003  kl_loss=0.0000 (disabled)  score=0.982  return=1.026  role_std=1.3891  role_norm=2.9595  enc_delta ego=0.0018 partner=0.0020 road=0.0026
[ROMA step 1,734,868,992] sps= 51,982  policy_loss=-0.0056  value_loss=0.0192  mi_loss=0.0001  mi_valid=0.69  div_loss=0.0001  kl_loss=0.0000 (disabled)  score=0.982  return=1.026  role_std=1.3712  role_norm=2.8868  enc_delta ego=0.0015 partner=0.0020 road=0.0027
[ROMA step 1,735,655,424] sps= 51,990  policy_loss=-0.0083  value_loss=0.0199  mi_loss=0.0001  mi_valid=0.69  div_loss=0.0001  kl_loss=0.0000 (disabled)  score=0.982  return=1.026  role_std=1.3587  role_norm=2.8799  enc_delta ego=0.0015 partner=0.0018 road=0.0028
[ROMA step 1,736,441,856] sps= 51,973  policy_loss=-0.0081  value_loss=0.0265  mi_loss=0.0002  mi_valid=0.68  div_loss=0.0002  kl_loss=0.0000 (disabled)  score=0.982  return=1.026  role_std=1.3062  role_norm=2.7544  enc_delta ego=0.0020 partner=0.0018 road=0.0025
[ROMA step 1,737,228,288] sps= 51,981  policy_loss=-0.0035  value_loss=0.0237  mi_loss=0.0002  mi_valid=0.69  div_loss=0.0002  kl_loss=0.0000 (disabled)  score=0.982  return=1.026  role_std=1.2998  role_norm=2.7818  enc_delta ego=0.0018 partner=0.0024 road=0.0027
[ROMA step 1,738,014,720] sps= 51,989  policy_loss=-0.0003  value_loss=0.0179  mi_loss=0.0001  mi_valid=0.69  div_loss=0.0000  kl_loss=0.0000 (disabled)  score=0.982  return=1.027  role_std=1.3034  role_norm=2.7785  enc_delta ego=0.0020 partner=0.0021 road=0.0028
[ROMA step 1,738,801,152] sps= 51,997  policy_loss=-0.0010  value_loss=0.0160  mi_loss=0.0001  mi_valid=0.69  div_loss=0.0000  kl_loss=0.0000 (disabled)  score=0.982  return=1.027  role_std=1.3007  role_norm=2.7526  enc_delta ego=0.0016 partner=0.0021 road=0.0026
[ROMA step 1,739,587,584] sps= 51,974  policy_loss=-0.0004  value_loss=0.0277  mi_loss=0.0002  mi_valid=0.70  div_loss=0.0001  kl_loss=0.0000 (disabled)  score=0.982  return=1.027  role_std=1.2823  role_norm=2.7567  enc_delta ego=0.0019 partner=0.0019 road=0.0026
[ROMA step 1,740,374,016] sps= 51,982  policy_loss=-0.0001  value_loss=0.0236  mi_loss=0.0002  mi_valid=0.70  div_loss=0.0000  kl_loss=0.0000 (disabled)  score=0.982  return=1.027  role_std=1.2637  role_norm=2.7052  enc_delta ego=0.0018 partner=0.0022 road=0.0024
[ROMA step 1,741,160,448] sps= 51,990  policy_loss=0.0066  value_loss=0.0222  mi_loss=0.0001  mi_valid=0.70  div_loss=-0.0000  kl_loss=0.0000 (disabled)  score=0.982  return=1.027  role_std=1.2618  role_norm=2.7066  enc_delta ego=0.0018 partner=0.0021 road=0.0024
[ROMA step 1,741,946,880] sps= 51,979  policy_loss=-0.0042  value_loss=0.0247  mi_loss=0.0002  mi_valid=0.69  div_loss=0.0003  kl_loss=0.0000 (disabled)  score=0.982  return=1.027  role_std=1.3166  role_norm=2.7751  enc_delta ego=0.0016 partner=0.0018 road=0.0022
[ROMA step 1,742,733,312] sps= 51,987  policy_loss=-0.0043  value_loss=0.0190  mi_loss=0.0001  mi_valid=0.70  div_loss=0.0001  kl_loss=0.0000 (disabled)  score=0.982  return=1.027  role_std=1.2946  role_norm=2.7485  enc_delta ego=0.0017 partner=0.0020 road=0.0028
[ROMA step 1,743,519,744] sps= 51,995  policy_loss=0.0000  value_loss=0.0160  mi_loss=0.0001  mi_valid=0.70  div_loss=0.0002  kl_loss=0.0000 (disabled)  score=0.982  return=1.027  role_std=1.2742  role_norm=2.6904  enc_delta ego=0.0014 partner=0.0021 road=0.0025
[ROMA step 1,744,306,176] sps= 52,003  policy_loss=-0.0084  value_loss=0.0195  mi_loss=0.0001  mi_valid=0.70  div_loss=0.0000  kl_loss=0.0000 (disabled)  score=0.982  return=1.028  role_std=1.2915  role_norm=2.7126  enc_delta ego=0.0016 partner=0.0018 road=0.0028
[ROMA step 1,745,092,608] sps= 51,991  policy_loss=-0.0042  value_loss=0.0242  mi_loss=0.0002  mi_valid=0.69  div_loss=0.0001  kl_loss=0.0000 (disabled)  score=0.982  return=1.028  role_std=1.2685  role_norm=2.6875  enc_delta ego=0.0016 partner=0.0020 road=0.0023
[ROMA step 1,745,879,040] sps= 51,999  policy_loss=0.0024  value_loss=0.0166  mi_loss=0.0001  mi_valid=0.71  div_loss=0.0000  kl_loss=0.0000 (disabled)  score=0.982  return=1.028  role_std=1.2723  role_norm=2.7025  enc_delta ego=0.0015 partner=0.0021 road=0.0028
[ROMA step 1,746,665,472] sps= 52,007  policy_loss=0.0102  value_loss=0.0175  mi_loss=0.0002  mi_valid=0.70  div_loss=0.0001  kl_loss=0.0000 (disabled)  score=0.982  return=1.028  role_std=1.2734  role_norm=2.7038  enc_delta ego=0.0014 partner=0.0020 road=0.0028
[ROMA step 1,747,451,904] sps= 51,994  policy_loss=-0.0002  value_loss=0.0275  mi_loss=0.0002  mi_valid=0.69  div_loss=0.0000  kl_loss=0.0000 (disabled)  score=0.982  return=1.028  role_std=1.2881  role_norm=2.7335  enc_delta ego=0.0013 partner=0.0019 road=0.0026
[ROMA step 1,748,238,336] sps= 52,002  policy_loss=-0.0009  value_loss=0.0224  mi_loss=0.0002  mi_valid=0.69  div_loss=0.0005  kl_loss=0.0000 (disabled)  score=0.982  return=1.027  role_std=1.3211  role_norm=2.7877  enc_delta ego=0.0020 partner=0.0029 road=0.0028
[ROMA step 1,749,024,768] sps= 52,010  policy_loss=-0.0024  value_loss=0.0188  mi_loss=0.0001  mi_valid=0.69  div_loss=0.0000  kl_loss=0.0000 (disabled)  score=0.981  return=1.027  role_std=1.3328  role_norm=2.7886  enc_delta ego=0.0021 partner=0.0024 road=0.0025
[ROMA step 1,749,811,200] sps= 52,018  policy_loss=0.0036  value_loss=0.0237  mi_loss=0.0002  mi_valid=0.69  div_loss=0.0000  kl_loss=0.0000 (disabled)  score=0.982  return=1.027  role_std=1.3650  role_norm=2.8652  enc_delta ego=0.0015 partner=0.0024 road=0.0026
[ROMA step 1,750,597,632] sps= 52,004  policy_loss=0.0009  value_loss=0.0292  mi_loss=0.0002  mi_valid=0.68  div_loss=0.0001  kl_loss=0.0000 (disabled)  score=0.981  return=1.027  role_std=1.3172  role_norm=2.8153  enc_delta ego=0.0020 partner=0.0023 road=0.0028
[ROMA step 1,751,384,064] sps= 52,012  policy_loss=-0.0024  value_loss=0.0202  mi_loss=0.0002  mi_valid=0.70  div_loss=0.0002  kl_loss=0.0000 (disabled)  score=0.981  return=1.028  role_std=1.3461  role_norm=2.8504  enc_delta ego=0.0028 partner=0.0023 road=0.0028
[ROMA step 1,752,170,496] sps= 52,020  policy_loss=-0.0029  value_loss=0.0187  mi_loss=0.0002  mi_valid=0.70  div_loss=0.0001  kl_loss=0.0000 (disabled)  score=0.981  return=1.027  role_std=1.3116  role_norm=2.8089  enc_delta ego=0.0021 partner=0.0021 road=0.0029
[ROMA step 1,752,956,928] sps= 52,000  policy_loss=0.0023  value_loss=0.0304  mi_loss=0.0002  mi_valid=0.69  div_loss=0.0001  kl_loss=0.0000 (disabled)  score=0.981  return=1.027  role_std=1.3521  role_norm=2.9296  enc_delta ego=0.0020 partner=0.0022 road=0.0027
[ROMA step 1,753,743,360] sps= 52,008  policy_loss=-0.0049  value_loss=0.0253  mi_loss=0.0002  mi_valid=0.70  div_loss=0.0001  kl_loss=0.0000 (disabled)  score=0.981  return=1.027  role_std=1.3401  role_norm=2.8937  enc_delta ego=0.0018 partner=0.0029 road=0.0038
[ROMA step 1,754,529,792] sps= 52,016  policy_loss=0.0009  value_loss=0.0248  mi_loss=0.0002  mi_valid=0.70  div_loss=0.0002  kl_loss=0.0000 (disabled)  score=0.981  return=1.025  role_std=1.3528  role_norm=2.9193  enc_delta ego=0.0020 partner=0.0026 road=0.0034
[ROMA step 1,755,316,224] sps= 52,024  policy_loss=0.0053  value_loss=0.0223  mi_loss=0.0002  mi_valid=0.70  div_loss=0.0001  kl_loss=0.0000 (disabled)  score=0.980  return=1.025  role_std=1.3619  role_norm=2.9260  enc_delta ego=0.0021 partner=0.0024 road=0.0033
[ROMA step 1,756,102,656] sps= 52,007  policy_loss=0.0004  value_loss=0.0297  mi_loss=0.0002  mi_valid=0.68  div_loss=0.0001  kl_loss=0.0000 (disabled)  score=0.980  return=1.024  role_std=1.3715  role_norm=2.9201  enc_delta ego=0.0019 partner=0.0020 road=0.0026
[ROMA step 1,756,889,088] sps= 52,015  policy_loss=0.0008  value_loss=0.0167  mi_loss=0.0002  mi_valid=0.69  div_loss=-0.0000  kl_loss=0.0000 (disabled)  score=0.980  return=1.025  role_std=1.3630  role_norm=2.9151  enc_delta ego=0.0016 partner=0.0021 road=0.0030
[ROMA step 1,757,675,520] sps= 52,023  policy_loss=-0.0028  value_loss=0.0181  mi_loss=0.0002  mi_valid=0.69  div_loss=0.0001  kl_loss=0.0000 (disabled)  score=0.980  return=1.025  role_std=1.3548  role_norm=2.8705  enc_delta ego=0.0017 partner=0.0021 road=0.0029
[ROMA step 1,758,461,952] sps= 52,009  policy_loss=-0.0003  value_loss=0.0314  mi_loss=0.0002  mi_valid=0.67  div_loss=0.0001  kl_loss=0.0000 (disabled)  score=0.980  return=1.026  role_std=1.3205  role_norm=2.8997  enc_delta ego=0.0024 partner=0.0024 road=0.0030
[ROMA step 1,759,248,384] sps= 52,017  policy_loss=-0.0060  value_loss=0.0168  mi_loss=0.0002  mi_valid=0.70  div_loss=-0.0000  kl_loss=0.0000 (disabled)  score=0.980  return=1.025  role_std=1.3470  role_norm=2.8356  enc_delta ego=0.0025 partner=0.0020 road=0.0031
[ROMA step 1,760,034,816] sps= 52,025  policy_loss=0.0005  value_loss=0.0201  mi_loss=0.0002  mi_valid=0.70  div_loss=0.0001  kl_loss=0.0000 (disabled)  score=0.980  return=1.024  role_std=1.3408  role_norm=2.7946  enc_delta ego=0.0021 partner=0.0021 road=0.0029
[ROMA step 1,760,821,248] sps= 52,033  policy_loss=-0.0062  value_loss=0.0211  mi_loss=0.0002  mi_valid=0.69  div_loss=0.0001  kl_loss=0.0000 (disabled)  score=0.980  return=1.024  role_std=1.3279  role_norm=2.8060  enc_delta ego=0.0027 partner=0.0022 road=0.0033
[ROMA step 1,761,607,680] sps= 52,010  policy_loss=-0.0009  value_loss=0.0338  mi_loss=0.0002  mi_valid=0.68  div_loss=0.0000  kl_loss=0.0000 (disabled)  score=0.980  return=1.023  role_std=1.2837  role_norm=2.7294  enc_delta ego=0.0026 partner=0.0021 road=0.0029
[ROMA step 1,762,394,112] sps= 52,018  policy_loss=-0.0002  value_loss=0.0244  mi_loss=0.0002  mi_valid=0.69  div_loss=0.0001  kl_loss=0.0000 (disabled)  score=0.980  return=1.023  role_std=1.2801  role_norm=2.7075  enc_delta ego=0.0018 partner=0.0023 road=0.0027
[ROMA step 1,763,180,544] sps= 52,026  policy_loss=-0.0053  value_loss=0.0234  mi_loss=0.0001  mi_valid=0.69  div_loss=0.0001  kl_loss=0.0000 (disabled)  score=0.980  return=1.023  role_std=1.2832  role_norm=2.7163  enc_delta ego=0.0018 partner=0.0017 road=0.0025
[ROMA step 1,763,966,976] sps= 52,034  policy_loss=-0.0049  value_loss=0.0195  mi_loss=0.0001  mi_valid=0.69  div_loss=0.0001  kl_loss=0.0000 (disabled)  score=0.980  return=1.024  role_std=1.3017  role_norm=2.7406  enc_delta ego=0.0017 partner=0.0019 road=0.0024
[ROMA step 1,764,753,408] sps= 52,020  policy_loss=-0.0075  value_loss=0.0243  mi_loss=0.0002  mi_valid=0.69  div_loss=0.0000  kl_loss=0.0000 (disabled)  score=0.980  return=1.024  role_std=1.3127  role_norm=2.7810  enc_delta ego=0.0019 partner=0.0023 road=0.0033
[ROMA step 1,765,539,840] sps= 52,028  policy_loss=-0.0053  value_loss=0.0216  mi_loss=0.0002  mi_valid=0.69  div_loss=0.0001  kl_loss=0.0000 (disabled)  score=0.980  return=1.023  role_std=1.3144  role_norm=2.7760  enc_delta ego=0.0017 partner=0.0024 road=0.0035
[ROMA step 1,766,326,272] sps= 52,036  policy_loss=0.0000  value_loss=0.0158  mi_loss=0.0002  mi_valid=0.69  div_loss=0.0001  kl_loss=0.0000 (disabled)  score=0.980  return=1.023  role_std=1.3291  role_norm=2.8109  enc_delta ego=0.0017 partner=0.0021 road=0.0030
[ROMA step 1,767,112,704] sps= 52,021  policy_loss=-0.0043  value_loss=0.0218  mi_loss=0.0002  mi_valid=0.68  div_loss=0.0001  kl_loss=0.0000 (disabled)  score=0.980  return=1.024  role_std=1.3338  role_norm=2.8661  enc_delta ego=0.0015 partner=0.0017 road=0.0023
[ROMA step 1,767,899,136] sps= 52,028  policy_loss=-0.0001  value_loss=0.0150  mi_loss=0.0001  mi_valid=0.70  div_loss=0.0002  kl_loss=0.0000 (disabled)  score=0.980  return=1.024  role_std=1.3276  role_norm=2.8453  enc_delta ego=0.0015 partner=0.0019 road=0.0025
[ROMA step 1,768,685,568] sps= 52,036  policy_loss=-0.0036  value_loss=0.0175  mi_loss=0.0001  mi_valid=0.70  div_loss=0.0001  kl_loss=0.0000 (disabled)  score=0.980  return=1.025  role_std=1.3373  role_norm=2.8999  enc_delta ego=0.0014 partner=0.0020 road=0.0023
[ROMA step 1,769,472,000] sps= 52,044  policy_loss=-0.0022  value_loss=0.0195  mi_loss=0.0001  mi_valid=0.69  div_loss=0.0001  kl_loss=0.0000 (disabled)  score=0.980  return=1.025  role_std=1.3571  role_norm=2.8797  enc_delta ego=0.0015 partner=0.0019 road=0.0024
[ROMA step 1,770,258,432] sps= 52,026  policy_loss=-0.0070  value_loss=0.0286  mi_loss=0.0002  mi_valid=0.68  div_loss=0.0001  kl_loss=0.0000 (disabled)  score=0.981  return=1.025  role_std=1.3173  role_norm=2.7899  enc_delta ego=0.0020 partner=0.0021 road=0.0031
[ROMA step 1,771,044,864] sps= 52,033  policy_loss=-0.0014  value_loss=0.0223  mi_loss=0.0001  mi_valid=0.69  div_loss=0.0001  kl_loss=0.0000 (disabled)  score=0.981  return=1.025  role_std=1.3379  role_norm=2.8475  enc_delta ego=0.0019 partner=0.0023 road=0.0029
[ROMA step 1,771,831,296] sps= 52,041  policy_loss=0.0000  value_loss=0.0223  mi_loss=0.0001  mi_valid=0.69  div_loss=0.0000  kl_loss=0.0000 (disabled)  score=0.981  return=1.026  role_std=1.3418  role_norm=2.8762  enc_delta ego=0.0026 partner=0.0018 road=0.0027
[ROMA step 1,772,617,728] sps= 52,023  policy_loss=-0.0047  value_loss=0.0304  mi_loss=0.0002  mi_valid=0.68  div_loss=0.0001  kl_loss=0.0000 (disabled)  score=0.981  return=1.026  role_std=1.3772  role_norm=2.8974  enc_delta ego=0.0017 partner=0.0019 road=0.0025
[ROMA step 1,773,404,160] sps= 52,031  policy_loss=-0.0015  value_loss=0.0218  mi_loss=0.0002  mi_valid=0.70  div_loss=0.0001  kl_loss=0.0000 (disabled)  score=0.981  return=1.027  role_std=1.3721  role_norm=2.8577  enc_delta ego=0.0022 partner=0.0019 road=0.0028
[ROMA step 1,774,190,592] sps= 52,039  policy_loss=0.0031  value_loss=0.0182  mi_loss=0.0002  mi_valid=0.70  div_loss=0.0000  kl_loss=0.0000 (disabled)  score=0.981  return=1.027  role_std=1.3496  role_norm=2.8504  enc_delta ego=0.0019 partner=0.0018 road=0.0024
[ROMA step 1,774,977,024] sps= 52,047  policy_loss=-0.0065  value_loss=0.0177  mi_loss=0.0002  mi_valid=0.70  div_loss=0.0000  kl_loss=0.0000 (disabled)  score=0.981  return=1.027  role_std=1.3645  role_norm=2.8711  enc_delta ego=0.0019 partner=0.0020 road=0.0022
[ROMA step 1,775,763,456] sps= 52,034  policy_loss=-0.0057  value_loss=0.0262  mi_loss=0.0002  mi_valid=0.68  div_loss=0.0000  kl_loss=0.0000 (disabled)  score=0.981  return=1.026  role_std=1.3660  role_norm=2.8222  enc_delta ego=0.0019 partner=0.0019 road=0.0028
[ROMA step 1,776,549,888] sps= 52,042  policy_loss=0.0054  value_loss=0.0160  mi_loss=0.0001  mi_valid=0.69  div_loss=0.0001  kl_loss=0.0000 (disabled)  score=0.981  return=1.026  role_std=1.3712  role_norm=2.8428  enc_delta ego=0.0021 partner=0.0019 road=0.0028
[ROMA step 1,777,336,320] sps= 52,050  policy_loss=-0.0048  value_loss=0.0133  mi_loss=0.0001  mi_valid=0.69  div_loss=-0.0000  kl_loss=0.0000 (disabled)  score=0.981  return=1.026  role_std=1.3394  role_norm=2.7961  enc_delta ego=0.0014 partner=0.0020 road=0.0023
[ROMA step 1,778,122,752] sps= 52,035  policy_loss=-0.0024  value_loss=0.0254  mi_loss=0.0002  mi_valid=0.68  div_loss=0.0000  kl_loss=0.0000 (disabled)  score=0.982  return=1.027  role_std=1.3712  role_norm=2.8000  enc_delta ego=0.0021 partner=0.0018 road=0.0024
[ROMA step 1,778,909,184] sps= 52,043  policy_loss=0.0005  value_loss=0.0228  mi_loss=0.0002  mi_valid=0.69  div_loss=-0.0000  kl_loss=0.0000 (disabled)  score=0.982  return=1.028  role_std=1.3599  role_norm=2.8373  enc_delta ego=0.0025 partner=0.0020 road=0.0029
[ROMA step 1,779,695,616] sps= 52,050  policy_loss=-0.0003  value_loss=0.0270  mi_loss=0.0002  mi_valid=0.69  div_loss=0.0000  kl_loss=0.0000 (disabled)  score=0.982  return=1.028  role_std=1.3635  role_norm=2.8445  enc_delta ego=0.0027 partner=0.0019 road=0.0029
[ROMA step 1,780,482,048] sps= 52,058  policy_loss=-0.0034  value_loss=0.0179  mi_loss=0.0002  mi_valid=0.69  div_loss=0.0001  kl_loss=0.0000 (disabled)  score=0.982  return=1.028  role_std=1.3758  role_norm=2.8305  enc_delta ego=0.0024 partner=0.0022 road=0.0031
[ROMA step 1,781,268,480] sps= 52,045  policy_loss=-0.0040  value_loss=0.0316  mi_loss=0.0002  mi_valid=0.68  div_loss=0.0001  kl_loss=0.0000 (disabled)  score=0.982  return=1.028  role_std=1.3658  role_norm=2.7908  enc_delta ego=0.0023 partner=0.0027 road=0.0027
[ROMA step 1,782,054,912] sps= 52,053  policy_loss=0.0009  value_loss=0.0271  mi_loss=0.0002  mi_valid=0.70  div_loss=0.0000  kl_loss=0.0000 (disabled)  score=0.982  return=1.028  role_std=1.3584  role_norm=2.7973  enc_delta ego=0.0019 partner=0.0028 road=0.0030
[ROMA step 1,782,841,344] sps= 52,061  policy_loss=0.0032  value_loss=0.0270  mi_loss=0.0002  mi_valid=0.70  div_loss=0.0003  kl_loss=0.0000 (disabled)  score=0.981  return=1.027  role_std=1.3559  role_norm=2.8327  enc_delta ego=0.0022 partner=0.0035 road=0.0032
[ROMA step 1,783,627,776] sps= 52,034  policy_loss=-0.0094  value_loss=0.0297  mi_loss=0.0002  mi_valid=0.68  div_loss=0.0000  kl_loss=0.0000 (disabled)  score=0.981  return=1.027  role_std=1.3198  role_norm=2.9310  enc_delta ego=0.0014 partner=0.0023 road=0.0025
[ROMA step 1,784,414,208] sps= 52,042  policy_loss=-0.0014  value_loss=0.0204  mi_loss=0.0001  mi_valid=0.70  div_loss=0.0000  kl_loss=0.0000 (disabled)  score=0.981  return=1.027  role_std=1.3635  role_norm=2.8655  enc_delta ego=0.0015 partner=0.0021 road=0.0025
[ROMA step 1,785,200,640] sps= 52,050  policy_loss=0.0002  value_loss=0.0314  mi_loss=0.0001  mi_valid=0.70  div_loss=0.0001  kl_loss=0.0000 (disabled)  score=0.981  return=1.027  role_std=1.3514  role_norm=2.8074  enc_delta ego=0.0016 partner=0.0024 road=0.0029
[ROMA step 1,785,987,072] sps= 52,058  policy_loss=-0.0044  value_loss=0.0239  mi_loss=0.0001  mi_valid=0.70  div_loss=0.0001  kl_loss=0.0000 (disabled)  score=0.980  return=1.026  role_std=1.3547  role_norm=2.8692  enc_delta ego=0.0018 partner=0.0025 road=0.0030
[ROMA step 1,786,773,504] sps= 52,044  policy_loss=0.0011  value_loss=0.0320  mi_loss=0.0002  mi_valid=0.68  div_loss=0.0001  kl_loss=0.0000 (disabled)  score=0.980  return=1.026  role_std=1.3697  role_norm=2.8422  enc_delta ego=0.0017 partner=0.0018 road=0.0025
[ROMA step 1,787,559,936] sps= 52,052  policy_loss=0.0009  value_loss=0.0219  mi_loss=0.0002  mi_valid=0.70  div_loss=0.0001  kl_loss=0.0000 (disabled)  score=0.980  return=1.025  role_std=1.3668  role_norm=2.8711  enc_delta ego=0.0018 partner=0.0018 road=0.0030
[ROMA step 1,788,346,368] sps= 52,060  policy_loss=-0.0056  value_loss=0.0217  mi_loss=0.0002  mi_valid=0.69  div_loss=0.0000  kl_loss=0.0000 (disabled)  score=0.979  return=1.023  role_std=1.3567  role_norm=2.8671  enc_delta ego=0.0015 partner=0.0018 road=0.0024
[ROMA step 1,789,132,800] sps= 52,045  policy_loss=-0.0005  value_loss=0.0252  mi_loss=0.0002  mi_valid=0.70  div_loss=0.0000  kl_loss=0.0000 (disabled)  score=0.979  return=1.023  role_std=1.3666  role_norm=2.8704  enc_delta ego=0.0015 partner=0.0018 road=0.0025
[ROMA step 1,789,919,232] sps= 52,053  policy_loss=0.0002  value_loss=0.0202  mi_loss=0.0002  mi_valid=0.70  div_loss=0.0001  kl_loss=0.0000 (disabled)  score=0.979  return=1.024  role_std=1.3649  role_norm=2.8830  enc_delta ego=0.0016 partner=0.0022 road=0.0031
[ROMA step 1,790,705,664] sps= 52,061  policy_loss=-0.0069  value_loss=0.0151  mi_loss=0.0001  mi_valid=0.68  div_loss=0.0000  kl_loss=0.0000 (disabled)  score=0.979  return=1.025  role_std=1.3518  role_norm=2.8172  enc_delta ego=0.0019 partner=0.0025 road=0.0031
[ROMA step 1,791,492,096] sps= 52,068  policy_loss=-0.0095  value_loss=0.0140  mi_loss=0.0002  mi_valid=0.68  div_loss=0.0001  kl_loss=0.0000 (disabled)  score=0.980  return=1.025  role_std=1.3354  role_norm=2.8103  enc_delta ego=0.0019 partner=0.0026 road=0.0033
[ROMA step 1,792,278,528] sps= 52,054  policy_loss=-0.0035  value_loss=0.0318  mi_loss=0.0002  mi_valid=0.67  div_loss=0.0000  kl_loss=0.0000 (disabled)  score=0.980  return=1.026  role_std=1.3435  role_norm=2.8317  enc_delta ego=0.0025 partner=0.0025 road=0.0036
[ROMA step 1,793,064,960] sps= 52,062  policy_loss=-0.0007  value_loss=0.0273  mi_loss=0.0002  mi_valid=0.69  div_loss=0.0000  kl_loss=0.0000 (disabled)  score=0.980  return=1.024  role_std=1.3268  role_norm=2.7641  enc_delta ego=0.0034 partner=0.0022 road=0.0035
[ROMA step 1,793,851,392] sps= 52,069  policy_loss=-0.0027  value_loss=0.0236  mi_loss=0.0002  mi_valid=0.69  div_loss=0.0001  kl_loss=0.0000 (disabled)  score=0.980  return=1.023  role_std=1.3314  role_norm=2.7513  enc_delta ego=0.0022 partner=0.0020 road=0.0036
[ROMA step 1,794,637,824] sps= 52,077  policy_loss=-0.0055  value_loss=0.0183  mi_loss=0.0002  mi_valid=0.69  div_loss=0.0000  kl_loss=0.0000 (disabled)  score=0.980  return=1.023  role_std=1.3284  role_norm=2.7456  enc_delta ego=0.0020 partner=0.0017 road=0.0029
[ROMA step 1,795,424,256] sps= 52,058  policy_loss=-0.0027  value_loss=0.0344  mi_loss=0.0002  mi_valid=0.68  div_loss=0.0001  kl_loss=0.0000 (disabled)  score=0.980  return=1.022  role_std=1.3035  role_norm=2.7201  enc_delta ego=0.0022 partner=0.0020 road=0.0031
[ROMA step 1,796,210,688] sps= 52,066  policy_loss=-0.0031  value_loss=0.0234  mi_loss=0.0002  mi_valid=0.69  div_loss=0.0001  kl_loss=0.0000 (disabled)  score=0.980  return=1.022  role_std=1.2934  role_norm=2.7281  enc_delta ego=0.0022 partner=0.0018 road=0.0028
[ROMA step 1,796,997,120] sps= 52,074  policy_loss=0.0014  value_loss=0.0182  mi_loss=0.0002  mi_valid=0.69  div_loss=0.0000  kl_loss=0.0000 (disabled)  score=0.980  return=1.023  role_std=1.3037  role_norm=2.7326  enc_delta ego=0.0019 partner=0.0015 road=0.0025
[ROMA step 1,797,783,552] sps= 52,056  policy_loss=0.0038  value_loss=0.0272  mi_loss=0.0002  mi_valid=0.68  div_loss=0.0000  kl_loss=0.0000 (disabled)  score=0.980  return=1.023  role_std=1.2644  role_norm=2.6357  enc_delta ego=0.0014 partner=0.0018 road=0.0022
[ROMA step 1,798,569,984] sps= 52,064  policy_loss=0.0019  value_loss=0.0196  mi_loss=0.0002  mi_valid=0.69  div_loss=-0.0000  kl_loss=0.0000 (disabled)  score=0.980  return=1.023  role_std=1.2923  role_norm=2.6528  enc_delta ego=0.0015 partner=0.0017 road=0.0025
[ROMA step 1,799,356,416] sps= 52,072  policy_loss=0.0013  value_loss=0.0167  mi_loss=0.0002  mi_valid=0.69  div_loss=0.0000  kl_loss=0.0000 (disabled)  score=0.980  return=1.023  role_std=1.2963  role_norm=2.6768  enc_delta ego=0.0016 partner=0.0018 road=0.0026
[ROMA step 1,800,142,848] sps= 52,079  policy_loss=-0.0012  value_loss=0.0154  mi_loss=0.0002  mi_valid=0.69  div_loss=0.0000  kl_loss=0.0000 (disabled)  score=0.980  return=1.023  role_std=1.3071  role_norm=2.6817  enc_delta ego=0.0016 partner=0.0017 road=0.0023
[ROMA step 1,800,929,280] sps= 52,067  policy_loss=-0.0019  value_loss=0.0298  mi_loss=0.0002  mi_valid=0.67  div_loss=0.0006  kl_loss=0.0000 (disabled)  score=0.981  return=1.023  role_std=1.3683  role_norm=2.8175  enc_delta ego=0.0019 partner=0.0018 road=0.0028
[ROMA step 1,801,715,712] sps= 52,075  policy_loss=-0.0029  value_loss=0.0274  mi_loss=0.0002  mi_valid=0.68  div_loss=0.0000  kl_loss=0.0000 (disabled)  score=0.981  return=1.024  role_std=1.3627  role_norm=2.8169  enc_delta ego=0.0016 partner=0.0021 road=0.0028
[ROMA step 1,802,502,144] sps= 52,083  policy_loss=-0.0060  value_loss=0.0242  mi_loss=0.0002  mi_valid=0.68  div_loss=0.0001  kl_loss=0.0000 (disabled)  score=0.982  return=1.024  role_std=1.3349  role_norm=2.7758  enc_delta ego=0.0016 partner=0.0020 road=0.0025
[ROMA step 1,803,288,576] sps= 52,066  policy_loss=-0.0025  value_loss=0.0276  mi_loss=0.0002  mi_valid=0.67  div_loss=0.0000  kl_loss=0.0000 (disabled)  score=0.982  return=1.024  role_std=1.3057  role_norm=2.6795  enc_delta ego=0.0015 partner=0.0017 road=0.0025
[ROMA step 1,804,075,008] sps= 52,074  policy_loss=-0.0021  value_loss=0.0198  mi_loss=0.0002  mi_valid=0.69  div_loss=0.0001  kl_loss=0.0000 (disabled)  score=0.982  return=1.023  role_std=1.3263  role_norm=2.7332  enc_delta ego=0.0015 partner=0.0020 road=0.0026
[ROMA step 1,804,861,440] sps= 52,081  policy_loss=-0.0023  value_loss=0.0207  mi_loss=0.0002  mi_valid=0.69  div_loss=-0.0000  kl_loss=0.0000 (disabled)  score=0.983  return=1.024  role_std=1.3037  role_norm=2.7397  enc_delta ego=0.0015 partner=0.0020 road=0.0024
[ROMA step 1,805,647,872] sps= 52,089  policy_loss=-0.0074  value_loss=0.0205  mi_loss=0.0002  mi_valid=0.69  div_loss=0.0000  kl_loss=0.0000 (disabled)  score=0.983  return=1.024  role_std=1.3388  role_norm=2.7485  enc_delta ego=0.0016 partner=0.0022 road=0.0026
[ROMA step 1,806,434,304] sps= 52,077  policy_loss=-0.0035  value_loss=0.0288  mi_loss=0.0002  mi_valid=0.68  div_loss=0.0001  kl_loss=0.0000 (disabled)  score=0.983  return=1.025  role_std=1.3395  role_norm=2.7751  enc_delta ego=0.0017 partner=0.0021 road=0.0032
[ROMA step 1,807,220,736] sps= 52,085  policy_loss=0.0012  value_loss=0.0202  mi_loss=0.0002  mi_valid=0.69  div_loss=0.0000  kl_loss=0.0000 (disabled)  score=0.983  return=1.025  role_std=1.3235  role_norm=2.7454  enc_delta ego=0.0018 partner=0.0023 road=0.0027
[ROMA step 1,808,007,168] sps= 52,093  policy_loss=-0.0018  value_loss=0.0163  mi_loss=0.0002  mi_valid=0.69  div_loss=0.0004  kl_loss=0.0000 (disabled)  score=0.983  return=1.024  role_std=1.3126  role_norm=2.7256  enc_delta ego=0.0014 partner=0.0019 road=0.0025
[ROMA step 1,808,793,600] sps= 52,082  policy_loss=0.0003  value_loss=0.0228  mi_loss=0.0002  mi_valid=0.68  div_loss=0.0001  kl_loss=0.0000 (disabled)  score=0.983  return=1.024  role_std=1.2879  role_norm=2.8154  enc_delta ego=0.0014 partner=0.0018 road=0.0026
[ROMA step 1,809,580,032] sps= 52,090  policy_loss=0.0015  value_loss=0.0230  mi_loss=0.0002  mi_valid=0.69  div_loss=0.0001  kl_loss=0.0000 (disabled)  score=0.983  return=1.023  role_std=1.3092  role_norm=2.7610  enc_delta ego=0.0014 partner=0.0019 road=0.0031
[ROMA step 1,810,366,464] sps= 52,098  policy_loss=-0.0007  value_loss=0.0195  mi_loss=0.0002  mi_valid=0.69  div_loss=0.0001  kl_loss=0.0000 (disabled)  score=0.983  return=1.024  role_std=1.3282  role_norm=2.7913  enc_delta ego=0.0018 partner=0.0019 road=0.0030
[ROMA step 1,811,152,896] sps= 52,105  policy_loss=0.0007  value_loss=0.0208  mi_loss=0.0002  mi_valid=0.69  div_loss=0.0000  kl_loss=0.0000 (disabled)  score=0.983  return=1.025  role_std=1.3087  role_norm=2.7612  enc_delta ego=0.0013 partner=0.0019 road=0.0027
[ROMA step 1,811,939,328] sps= 52,092  policy_loss=-0.0015  value_loss=0.0322  mi_loss=0.0002  mi_valid=0.68  div_loss=0.0001  kl_loss=0.0000 (disabled)  score=0.983  return=1.026  role_std=1.2873  role_norm=2.6739  enc_delta ego=0.0016 partner=0.0025 road=0.0030
[ROMA step 1,812,725,760] sps= 52,100  policy_loss=-0.0018  value_loss=0.0233  mi_loss=0.0002  mi_valid=0.69  div_loss=0.0001  kl_loss=0.0000 (disabled)  score=0.983  return=1.027  role_std=1.2831  role_norm=2.7154  enc_delta ego=0.0019 partner=0.0024 road=0.0028
[ROMA step 1,813,512,192] sps= 52,108  policy_loss=-0.0045  value_loss=0.0190  mi_loss=0.0002  mi_valid=0.70  div_loss=0.0001  kl_loss=0.0000 (disabled)  score=0.983  return=1.027  role_std=1.2824  role_norm=2.6909  enc_delta ego=0.0021 partner=0.0023 road=0.0027
[ROMA step 1,814,298,624] sps= 52,094  policy_loss=-0.0129  value_loss=0.0271  mi_loss=0.0002  mi_valid=0.69  div_loss=0.0002  kl_loss=0.0000 (disabled)  score=0.983  return=1.026  role_std=1.3170  role_norm=2.9273  enc_delta ego=0.0016 partner=0.0019 road=0.0025
[ROMA step 1,815,085,056] sps= 52,101  policy_loss=-0.0011  value_loss=0.0150  mi_loss=0.0002  mi_valid=0.71  div_loss=0.0001  kl_loss=0.0000 (disabled)  score=0.983  return=1.026  role_std=1.2972  role_norm=2.7707  enc_delta ego=0.0021 partner=0.0018 road=0.0024
[ROMA step 1,815,871,488] sps= 52,109  policy_loss=-0.0060  value_loss=0.0175  mi_loss=0.0002  mi_valid=0.69  div_loss=0.0000  kl_loss=0.0000 (disabled)  score=0.983  return=1.026  role_std=1.3279  role_norm=2.7968  enc_delta ego=0.0017 partner=0.0019 road=0.0023
[ROMA step 1,816,657,920] sps= 52,117  policy_loss=-0.0044  value_loss=0.0213  mi_loss=0.0002  mi_valid=0.69  div_loss=0.0001  kl_loss=0.0000 (disabled)  score=0.983  return=1.026  role_std=1.2885  role_norm=2.7752  enc_delta ego=0.0021 partner=0.0019 road=0.0022
[ROMA step 1,817,444,352] sps= 52,104  policy_loss=-0.0013  value_loss=0.0303  mi_loss=0.0002  mi_valid=0.68  div_loss=0.0000  kl_loss=0.0000 (disabled)  score=0.983  return=1.026  role_std=1.2973  role_norm=2.7798  enc_delta ego=0.0015 partner=0.0018 road=0.0025
[ROMA step 1,818,230,784] sps= 52,111  policy_loss=-0.0032  value_loss=0.0153  mi_loss=0.0002  mi_valid=0.69  div_loss=-0.0000  kl_loss=0.0000 (disabled)  score=0.983  return=1.026  role_std=1.3023  role_norm=2.7671  enc_delta ego=0.0013 partner=0.0018 road=0.0028
[ROMA step 1,819,017,216] sps= 52,119  policy_loss=0.0068  value_loss=0.0155  mi_loss=0.0002  mi_valid=0.69  div_loss=0.0001  kl_loss=0.0000 (disabled)  score=0.984  return=1.027  role_std=1.2918  role_norm=2.7541  enc_delta ego=0.0014 partner=0.0018 road=0.0024
[ROMA step 1,819,803,648] sps= 52,127  policy_loss=0.0011  value_loss=0.0210  mi_loss=0.0002  mi_valid=0.68  div_loss=0.0001  kl_loss=0.0000 (disabled)  score=0.984  return=1.027  role_std=1.3016  role_norm=2.7544  enc_delta ego=0.0013 partner=0.0017 road=0.0023
[ROMA step 1,820,590,080] sps= 52,116  policy_loss=-0.0052  value_loss=0.0265  mi_loss=0.0002  mi_valid=0.68  div_loss=0.0001  kl_loss=0.0000 (disabled)  score=0.984  return=1.028  role_std=1.2856  role_norm=2.7184  enc_delta ego=0.0015 partner=0.0018 road=0.0020
[ROMA step 1,821,376,512] sps= 52,123  policy_loss=-0.0095  value_loss=0.0200  mi_loss=0.0002  mi_valid=0.69  div_loss=0.0000  kl_loss=0.0000 (disabled)  score=0.984  return=1.029  role_std=1.2952  role_norm=2.7256  enc_delta ego=0.0014 partner=0.0020 road=0.0023
[ROMA step 1,822,162,944] sps= 52,130  policy_loss=-0.0040  value_loss=0.0181  mi_loss=0.0002  mi_valid=0.69  div_loss=0.0000  kl_loss=0.0000 (disabled)  score=0.984  return=1.029  role_std=1.2889  role_norm=2.6904  enc_delta ego=0.0016 partner=0.0020 road=0.0023
[ROMA step 1,822,949,376] sps= 52,116  policy_loss=-0.0006  value_loss=0.0288  mi_loss=0.0002  mi_valid=0.68  div_loss=0.0000  kl_loss=0.0000 (disabled)  score=0.984  return=1.030  role_std=1.2946  role_norm=2.7392  enc_delta ego=0.0019 partner=0.0016 road=0.0022
[ROMA step 1,823,735,808] sps= 52,124  policy_loss=0.0001  value_loss=0.0220  mi_loss=0.0002  mi_valid=0.70  div_loss=0.0000  kl_loss=0.0000 (disabled)  score=0.984  return=1.030  role_std=1.2538  role_norm=2.6635  enc_delta ego=0.0017 partner=0.0022 road=0.0026
[ROMA step 1,824,522,240] sps= 52,131  policy_loss=-0.0033  value_loss=0.0203  mi_loss=0.0002  mi_valid=0.69  div_loss=0.0001  kl_loss=0.0000 (disabled)  score=0.984  return=1.030  role_std=1.2869  role_norm=2.7297  enc_delta ego=0.0016 partner=0.0018 road=0.0028
[ROMA step 1,825,308,672] sps= 52,139  policy_loss=0.0009  value_loss=0.0140  mi_loss=0.0002  mi_valid=0.69  div_loss=0.0000  kl_loss=0.0000 (disabled)  score=0.984  return=1.030  role_std=1.2828  role_norm=2.7084  enc_delta ego=0.0016 partner=0.0018 road=0.0024
[ROMA step 1,826,095,104] sps= 52,126  policy_loss=-0.0051  value_loss=0.0318  mi_loss=0.0002  mi_valid=0.67  div_loss=0.0000  kl_loss=0.0000 (disabled)  score=0.984  return=1.030  role_std=1.3505  role_norm=2.8215  enc_delta ego=0.0015 partner=0.0019 road=0.0028
[ROMA step 1,826,881,536] sps= 52,133  policy_loss=-0.0059  value_loss=0.0196  mi_loss=0.0002  mi_valid=0.68  div_loss=0.0001  kl_loss=0.0000 (disabled)  score=0.984  return=1.031  role_std=1.3544  role_norm=2.8369  enc_delta ego=0.0015 partner=0.0020 road=0.0025
[ROMA step 1,827,667,968] sps= 52,141  policy_loss=-0.0056  value_loss=0.0199  mi_loss=0.0002  mi_valid=0.69  div_loss=0.0000  kl_loss=0.0000 (disabled)  score=0.984  return=1.031  role_std=1.3399  role_norm=2.8339  enc_delta ego=0.0017 partner=0.0021 road=0.0025
[ROMA step 1,828,454,400] sps= 52,129  policy_loss=-0.0015  value_loss=0.0265  mi_loss=0.0002  mi_valid=0.68  div_loss=-0.0000  kl_loss=0.0000 (disabled)  score=0.984  return=1.030  role_std=1.3208  role_norm=2.7480  enc_delta ego=0.0016 partner=0.0020 road=0.0024
[ROMA step 1,829,240,832] sps= 52,137  policy_loss=0.0030  value_loss=0.0219  mi_loss=0.0002  mi_valid=0.69  div_loss=0.0002  kl_loss=0.0000 (disabled)  score=0.984  return=1.030  role_std=1.3298  role_norm=2.7501  enc_delta ego=0.0017 partner=0.0020 road=0.0025
[ROMA step 1,830,027,264] sps= 52,144  policy_loss=-0.0067  value_loss=0.0189  mi_loss=0.0002  mi_valid=0.69  div_loss=0.0001  kl_loss=0.0000 (disabled)  score=0.984  return=1.031  role_std=1.3200  role_norm=2.7777  enc_delta ego=0.0016 partner=0.0019 road=0.0023
[ROMA step 1,830,813,696] sps= 52,152  policy_loss=-0.0003  value_loss=0.0167  mi_loss=0.0002  mi_valid=0.69  div_loss=0.0001  kl_loss=0.0000 (disabled)  score=0.984  return=1.031  role_std=1.3329  role_norm=2.7988  enc_delta ego=0.0014 partner=0.0018 road=0.0022
[ROMA step 1,831,600,128] sps= 52,137  policy_loss=0.0035  value_loss=0.0303  mi_loss=0.0002  mi_valid=0.68  div_loss=0.0001  kl_loss=0.0000 (disabled)  score=0.984  return=1.032  role_std=1.3240  role_norm=2.7849  enc_delta ego=0.0014 partner=0.0020 road=0.0022
[ROMA step 1,832,386,560] sps= 52,144  policy_loss=-0.0058  value_loss=0.0182  mi_loss=0.0001  mi_valid=0.70  div_loss=0.0000  kl_loss=0.0000 (disabled)  score=0.984  return=1.031  role_std=1.2911  role_norm=2.7286  enc_delta ego=0.0014 partner=0.0020 road=0.0023
[ROMA step 1,833,172,992] sps= 52,152  policy_loss=-0.0029  value_loss=0.0143  mi_loss=0.0001  mi_valid=0.69  div_loss=0.0001  kl_loss=0.0000 (disabled)  score=0.984  return=1.032  role_std=1.3046  role_norm=2.7305  enc_delta ego=0.0018 partner=0.0015 road=0.0023
[ROMA step 1,833,959,424] sps= 52,139  policy_loss=-0.0014  value_loss=0.0215  mi_loss=0.0002  mi_valid=0.67  div_loss=-0.0000  kl_loss=0.0000 (disabled)  score=0.984  return=1.032  role_std=1.2578  role_norm=2.7347  enc_delta ego=0.0015 partner=0.0017 road=0.0019
[ROMA step 1,834,745,856] sps= 52,147  policy_loss=0.0021  value_loss=0.0177  mi_loss=0.0002  mi_valid=0.69  div_loss=0.0000  kl_loss=0.0000 (disabled)  score=0.985  return=1.033  role_std=1.2695  role_norm=2.6810  enc_delta ego=0.0021 partner=0.0018 road=0.0026
[ROMA step 1,835,532,288] sps= 52,154  policy_loss=-0.0002  value_loss=0.0161  mi_loss=0.0002  mi_valid=0.69  div_loss=0.0000  kl_loss=0.0000 (disabled)  score=0.984  return=1.033  role_std=1.2910  role_norm=2.7265  enc_delta ego=0.0016 partner=0.0016 road=0.0025
[ROMA step 1,836,318,720] sps= 52,162  policy_loss=-0.0038  value_loss=0.0134  mi_loss=0.0002  mi_valid=0.69  div_loss=0.0000  kl_loss=0.0000 (disabled)  score=0.984  return=1.033  role_std=1.2704  role_norm=2.6785  enc_delta ego=0.0017 partner=0.0018 road=0.0027
[ROMA step 1,837,105,152] sps= 52,152  policy_loss=-0.0009  value_loss=0.0242  mi_loss=0.0002  mi_valid=0.68  div_loss=0.0001  kl_loss=0.0000 (disabled)  score=0.984  return=1.033  role_std=1.2880  role_norm=2.7067  enc_delta ego=0.0015 partner=0.0018 road=0.0023
[ROMA step 1,837,891,584] sps= 52,159  policy_loss=-0.0058  value_loss=0.0172  mi_loss=0.0002  mi_valid=0.69  div_loss=0.0000  kl_loss=0.0000 (disabled)  score=0.984  return=1.032  role_std=1.3283  role_norm=2.8097  enc_delta ego=0.0027 partner=0.0019 road=0.0028
[ROMA step 1,838,678,016] sps= 52,167  policy_loss=0.0002  value_loss=0.0202  mi_loss=0.0002  mi_valid=0.69  div_loss=0.0000  kl_loss=0.0000 (disabled)  score=0.984  return=1.032  role_std=1.3435  role_norm=2.8171  enc_delta ego=0.0029 partner=0.0020 road=0.0029
[ROMA step 1,839,464,448] sps= 52,139  policy_loss=-0.0045  value_loss=0.0291  mi_loss=0.0002  mi_valid=0.68  div_loss=0.0000  kl_loss=0.0000 (disabled)  score=0.984  return=1.032  role_std=1.3331  role_norm=2.8284  enc_delta ego=0.0025 partner=0.0023 road=0.0028
[ROMA step 1,840,250,880] sps= 52,146  policy_loss=0.0015  value_loss=0.0207  mi_loss=0.0002  mi_valid=0.71  div_loss=0.0000  kl_loss=0.0000 (disabled)  score=0.984  return=1.032  role_std=1.2967  role_norm=2.7192  enc_delta ego=0.0022 partner=0.0021 road=0.0024
[ROMA step 1,841,037,312] sps= 52,153  policy_loss=0.0028  value_loss=0.0224  mi_loss=0.0002  mi_valid=0.69  div_loss=0.0001  kl_loss=0.0000 (disabled)  score=0.984  return=1.032  role_std=1.3031  role_norm=2.7417  enc_delta ego=0.0023 partner=0.0023 road=0.0025
[ROMA step 1,841,823,744] sps= 52,161  policy_loss=-0.0027  value_loss=0.0178  mi_loss=0.0002  mi_valid=0.69  div_loss=0.0001  kl_loss=0.0000 (disabled)  score=0.984  return=1.032  role_std=1.3074  role_norm=2.7539  enc_delta ego=0.0029 partner=0.0020 road=0.0027
[ROMA step 1,842,610,176] sps= 52,151  policy_loss=0.0002  value_loss=0.0252  mi_loss=0.0002  mi_valid=0.67  div_loss=0.0002  kl_loss=0.0000 (disabled)  score=0.984  return=1.032  role_std=1.3956  role_norm=2.9764  enc_delta ego=0.0015 partner=0.0019 road=0.0024
[ROMA step 1,843,396,608] sps= 52,158  policy_loss=0.0002  value_loss=0.0158  mi_loss=0.0002  mi_valid=0.68  div_loss=0.0002  kl_loss=0.0000 (disabled)  score=0.984  return=1.033  role_std=1.3804  role_norm=2.9446  enc_delta ego=0.0013 partner=0.0020 road=0.0024
[ROMA step 1,844,183,040] sps= 52,165  policy_loss=0.0016  value_loss=0.0141  mi_loss=0.0002  mi_valid=0.68  div_loss=-0.0000  kl_loss=0.0000 (disabled)  score=0.984  return=1.033  role_std=1.4371  role_norm=2.9986  enc_delta ego=0.0014 partner=0.0018 road=0.0024
[ROMA step 1,844,969,472] sps= 52,172  policy_loss=-0.0077  value_loss=0.0142  mi_loss=0.0002  mi_valid=0.68  div_loss=0.0001  kl_loss=0.0000 (disabled)  score=0.984  return=1.033  role_std=1.4022  role_norm=2.9804  enc_delta ego=0.0015 partner=0.0021 road=0.0024
[ROMA step 1,845,755,904] sps= 52,158  policy_loss=-0.0061  value_loss=0.0286  mi_loss=0.0002  mi_valid=0.67  div_loss=0.0008  kl_loss=0.0000 (disabled)  score=0.984  return=1.033  role_std=1.3499  role_norm=2.9058  enc_delta ego=0.0020 partner=0.0020 road=0.0028
[ROMA step 1,846,542,336] sps= 52,165  policy_loss=-0.0073  value_loss=0.0236  mi_loss=0.0002  mi_valid=0.69  div_loss=0.0002  kl_loss=0.0000 (disabled)  score=0.984  return=1.034  role_std=1.3507  role_norm=2.8549  enc_delta ego=0.0018 partner=0.0022 road=0.0034
[ROMA step 1,847,328,768] sps= 52,173  policy_loss=-0.0003  value_loss=0.0145  mi_loss=0.0002  mi_valid=0.68  div_loss=0.0000  kl_loss=0.0000 (disabled)  score=0.984  return=1.034  role_std=1.3471  role_norm=2.8591  enc_delta ego=0.0026 partner=0.0020 road=0.0025
[ROMA step 1,848,115,200] sps= 52,163  policy_loss=-0.0011  value_loss=0.0312  mi_loss=0.0002  mi_valid=0.68  div_loss=0.0001  kl_loss=0.0000 (disabled)  score=0.984  return=1.033  role_std=1.3467  role_norm=2.8289  enc_delta ego=0.0019 partner=0.0021 road=0.0029
[ROMA step 1,848,901,632] sps= 52,171  policy_loss=-0.0055  value_loss=0.0205  mi_loss=0.0002  mi_valid=0.69  div_loss=0.0002  kl_loss=0.0000 (disabled)  score=0.984  return=1.032  role_std=1.3297  role_norm=2.7782  enc_delta ego=0.0017 partner=0.0025 road=0.0040
[ROMA step 1,849,688,064] sps= 52,178  policy_loss=-0.0009  value_loss=0.0179  mi_loss=0.0002  mi_valid=0.69  div_loss=0.0000  kl_loss=0.0000 (disabled)  score=0.984  return=1.032  role_std=1.3218  role_norm=2.7559  enc_delta ego=0.0017 partner=0.0022 road=0.0031
[ROMA step 1,850,474,496] sps= 52,185  policy_loss=-0.0001  value_loss=0.0177  mi_loss=0.0002  mi_valid=0.69  div_loss=0.0002  kl_loss=0.0000 (disabled)  score=0.984  return=1.032  role_std=1.3274  role_norm=2.7888  enc_delta ego=0.0017 partner=0.0019 road=0.0026
[ROMA step 1,851,260,928] sps= 52,174  policy_loss=-0.0010  value_loss=0.0268  mi_loss=0.0002  mi_valid=0.67  div_loss=0.0001  kl_loss=0.0000 (disabled)  score=0.984  return=1.033  role_std=1.3402  role_norm=2.8279  enc_delta ego=0.0022 partner=0.0022 road=0.0032
[ROMA step 1,852,047,360] sps= 52,181  policy_loss=0.0003  value_loss=0.0127  mi_loss=0.0002  mi_valid=0.68  div_loss=0.0001  kl_loss=0.0000 (disabled)  score=0.984  return=1.033  role_std=1.3427  role_norm=2.7938  enc_delta ego=0.0016 partner=0.0018 road=0.0024
[ROMA step 1,852,833,792] sps= 52,189  policy_loss=-0.0042  value_loss=0.0164  mi_loss=0.0002  mi_valid=0.69  div_loss=0.0000  kl_loss=0.0000 (disabled)  score=0.985  return=1.033  role_std=1.3410  role_norm=2.8214  enc_delta ego=0.0021 partner=0.0018 road=0.0026
[ROMA step 1,853,620,224] sps= 52,179  policy_loss=0.0018  value_loss=0.0251  mi_loss=0.0002  mi_valid=0.67  div_loss=0.0000  kl_loss=0.0000 (disabled)  score=0.984  return=1.033  role_std=1.2964  role_norm=2.7029  enc_delta ego=0.0016 partner=0.0017 road=0.0024
[ROMA step 1,854,406,656] sps= 52,187  policy_loss=0.0002  value_loss=0.0199  mi_loss=0.0002  mi_valid=0.68  div_loss=0.0000  kl_loss=0.0000 (disabled)  score=0.984  return=1.032  role_std=1.3262  role_norm=2.7853  enc_delta ego=0.0020 partner=0.0019 road=0.0032
[ROMA step 1,855,193,088] sps= 52,194  policy_loss=-0.0009  value_loss=0.0138  mi_loss=0.0002  mi_valid=0.69  div_loss=0.0001  kl_loss=0.0000 (disabled)  score=0.984  return=1.032  role_std=1.3417  role_norm=2.7934  enc_delta ego=0.0017 partner=0.0017 road=0.0028
[ROMA step 1,855,979,520] sps= 52,202  policy_loss=-0.0015  value_loss=0.0150  mi_loss=0.0002  mi_valid=0.69  div_loss=0.0000  kl_loss=0.0000 (disabled)  score=0.984  return=1.032  role_std=1.3532  role_norm=2.7614  enc_delta ego=0.0014 partner=0.0018 road=0.0024
[ROMA step 1,856,765,952] sps= 52,188  policy_loss=-0.0040  value_loss=0.0209  mi_loss=0.0002  mi_valid=0.68  div_loss=0.0002  kl_loss=0.0000 (disabled)  score=0.984  return=1.032  role_std=1.3707  role_norm=2.8364  enc_delta ego=0.0012 partner=0.0020 road=0.0025
[ROMA step 1,857,552,384] sps= 52,195  policy_loss=-0.0047  value_loss=0.0124  mi_loss=0.0002  mi_valid=0.69  div_loss=0.0001  kl_loss=0.0000 (disabled)  score=0.984  return=1.032  role_std=1.3329  role_norm=2.7809  enc_delta ego=0.0015 partner=0.0020 road=0.0023
[ROMA step 1,858,338,816] sps= 52,203  policy_loss=-0.0068  value_loss=0.0154  mi_loss=0.0002  mi_valid=0.68  div_loss=0.0000  kl_loss=0.0000 (disabled)  score=0.984  return=1.033  role_std=1.3490  role_norm=2.8176  enc_delta ego=0.0017 partner=0.0020 road=0.0022
[ROMA step 1,859,125,248] sps= 52,193  policy_loss=-0.0018  value_loss=0.0245  mi_loss=0.0002  mi_valid=0.67  div_loss=0.0000  kl_loss=0.0000 (disabled)  score=0.984  return=1.033  role_std=1.3315  role_norm=2.8994  enc_delta ego=0.0012 partner=0.0019 road=0.0026
[ROMA step 1,859,911,680] sps= 52,200  policy_loss=-0.0009  value_loss=0.0260  mi_loss=0.0002  mi_valid=0.68  div_loss=-0.0000  kl_loss=0.0000 (disabled)  score=0.984  return=1.033  role_std=1.3344  role_norm=2.8435  enc_delta ego=0.0016 partner=0.0028 road=0.0027
[ROMA step 1,860,698,112] sps= 52,207  policy_loss=-0.0040  value_loss=0.0219  mi_loss=0.0002  mi_valid=0.68  div_loss=0.0000  kl_loss=0.0000 (disabled)  score=0.984  return=1.032  role_std=1.3437  role_norm=2.8776  enc_delta ego=0.0015 partner=0.0026 road=0.0027
[ROMA step 1,861,484,544] sps= 52,215  policy_loss=0.0033  value_loss=0.0250  mi_loss=0.0002  mi_valid=0.68  div_loss=0.0001  kl_loss=0.0000 (disabled)  score=0.984  return=1.032  role_std=1.3612  role_norm=2.8792  enc_delta ego=0.0020 partner=0.0023 road=0.0025
[ROMA step 1,862,270,976] sps= 52,201  policy_loss=-0.0011  value_loss=0.0321  mi_loss=0.0002  mi_valid=0.68  div_loss=0.0001  kl_loss=0.0000 (disabled)  score=0.984  return=1.032  role_std=1.2685  role_norm=2.7264  enc_delta ego=0.0018 partner=0.0020 road=0.0023
[ROMA step 1,863,057,408] sps= 52,208  policy_loss=0.0005  value_loss=0.0238  mi_loss=0.0002  mi_valid=0.69  div_loss=0.0001  kl_loss=0.0000 (disabled)  score=0.984  return=1.032  role_std=1.3041  role_norm=2.8091  enc_delta ego=0.0016 partner=0.0020 road=0.0023
[ROMA step 1,863,843,840] sps= 52,216  policy_loss=-0.0042  value_loss=0.0157  mi_loss=0.0002  mi_valid=0.69  div_loss=0.0002  kl_loss=0.0000 (disabled)  score=0.984  return=1.032  role_std=1.3030  role_norm=2.7799  enc_delta ego=0.0015 partner=0.0018 road=0.0025
[ROMA step 1,864,630,272] sps= 52,204  policy_loss=-0.0058  value_loss=0.0229  mi_loss=0.0002  mi_valid=0.67  div_loss=0.0001  kl_loss=0.0000 (disabled)  score=0.984  return=1.032  role_std=1.2883  role_norm=2.7785  enc_delta ego=0.0015 partner=0.0016 road=0.0021
[ROMA step 1,865,416,704] sps= 52,212  policy_loss=-0.0014  value_loss=0.0223  mi_loss=0.0002  mi_valid=0.70  div_loss=0.0001  kl_loss=0.0000 (disabled)  score=0.984  return=1.033  role_std=1.3159  role_norm=2.8456  enc_delta ego=0.0020 partner=0.0020 road=0.0031
[ROMA step 1,866,203,136] sps= 52,219  policy_loss=0.0003  value_loss=0.0188  mi_loss=0.0002  mi_valid=0.69  div_loss=0.0000  kl_loss=0.0000 (disabled)  score=0.984  return=1.033  role_std=1.2890  role_norm=2.7887  enc_delta ego=0.0018 partner=0.0019 road=0.0030
[ROMA step 1,866,989,568] sps= 52,226  policy_loss=0.0021  value_loss=0.0200  mi_loss=0.0002  mi_valid=0.69  div_loss=0.0001  kl_loss=0.0000 (disabled)  score=0.984  return=1.034  role_std=1.3025  role_norm=2.8215  enc_delta ego=0.0020 partner=0.0017 road=0.0026
[ROMA step 1,867,776,000] sps= 52,217  policy_loss=0.0013  value_loss=0.0228  mi_loss=0.0002  mi_valid=0.68  div_loss=0.0001  kl_loss=0.0000 (disabled)  score=0.984  return=1.034  role_std=1.3184  role_norm=2.8823  enc_delta ego=0.0014 partner=0.0017 road=0.0020
[ROMA step 1,868,562,432] sps= 52,224  policy_loss=-0.0040  value_loss=0.0159  mi_loss=0.0002  mi_valid=0.69  div_loss=0.0002  kl_loss=0.0000 (disabled)  score=0.984  return=1.034  role_std=1.3020  role_norm=2.8152  enc_delta ego=0.0016 partner=0.0019 road=0.0026
[ROMA step 1,869,348,864] sps= 52,231  policy_loss=-0.0016  value_loss=0.0161  mi_loss=0.0002  mi_valid=0.69  div_loss=0.0000  kl_loss=0.0000 (disabled)  score=0.984  return=1.034  role_std=1.3021  role_norm=2.8086  enc_delta ego=0.0014 partner=0.0019 road=0.0026
[ROMA step 1,870,135,296] sps= 52,239  policy_loss=0.0016  value_loss=0.0154  mi_loss=0.0002  mi_valid=0.69  div_loss=-0.0000  kl_loss=0.0000 (disabled)  score=0.984  return=1.034  role_std=1.3060  role_norm=2.7938  enc_delta ego=0.0014 partner=0.0020 road=0.0023
[ROMA step 1,870,921,728] sps= 52,228  policy_loss=-0.0012  value_loss=0.0286  mi_loss=0.0002  mi_valid=0.69  div_loss=0.0000  kl_loss=0.0000 (disabled)  score=0.984  return=1.034  role_std=1.2967  role_norm=2.7768  enc_delta ego=0.0020 partner=0.0019 road=0.0029
[ROMA step 1,871,708,160] sps= 52,235  policy_loss=0.0023  value_loss=0.0173  mi_loss=0.0002  mi_valid=0.70  div_loss=0.0001  kl_loss=0.0000 (disabled)  score=0.984  return=1.033  role_std=1.2982  role_norm=2.7742  enc_delta ego=0.0020 partner=0.0018 road=0.0027
[ROMA step 1,872,494,592] sps= 52,243  policy_loss=-0.0049  value_loss=0.0162  mi_loss=0.0002  mi_valid=0.70  div_loss=0.0000  kl_loss=0.0000 (disabled)  score=0.983  return=1.033  role_std=1.3123  role_norm=2.8173  enc_delta ego=0.0016 partner=0.0023 road=0.0029
[ROMA step 1,873,281,024] sps= 52,235  policy_loss=-0.0047  value_loss=0.0248  mi_loss=0.0002  mi_valid=0.68  div_loss=0.0000  kl_loss=0.0000 (disabled)  score=0.984  return=1.033  role_std=1.3671  role_norm=2.9440  enc_delta ego=0.0015 partner=0.0020 road=0.0025
[ROMA step 1,874,067,456] sps= 52,242  policy_loss=-0.0039  value_loss=0.0144  mi_loss=0.0001  mi_valid=0.69  div_loss=0.0002  kl_loss=0.0000 (disabled)  score=0.984  return=1.034  role_std=1.3448  role_norm=2.8434  enc_delta ego=0.0017 partner=0.0019 road=0.0024
[ROMA step 1,874,853,888] sps= 52,250  policy_loss=-0.0023  value_loss=0.0160  mi_loss=0.0001  mi_valid=0.68  div_loss=0.0001  kl_loss=0.0000 (disabled)  score=0.984  return=1.035  role_std=1.3578  role_norm=2.8556  enc_delta ego=0.0016 partner=0.0016 road=0.0026
[ROMA step 1,875,640,320] sps= 52,257  policy_loss=-0.0062  value_loss=0.0147  mi_loss=0.0001  mi_valid=0.68  div_loss=0.0001  kl_loss=0.0000 (disabled)  score=0.985  return=1.036  role_std=1.3491  role_norm=2.8888  enc_delta ego=0.0016 partner=0.0016 road=0.0021
[ROMA step 1,876,426,752] sps= 52,249  policy_loss=-0.0036  value_loss=0.0307  mi_loss=0.0002  mi_valid=0.67  div_loss=0.0001  kl_loss=0.0000 (disabled)  score=0.984  return=1.035  role_std=1.3243  role_norm=2.8002  enc_delta ego=0.0016 partner=0.0018 road=0.0026
[ROMA step 1,877,213,184] sps= 52,256  policy_loss=-0.0009  value_loss=0.0214  mi_loss=0.0001  mi_valid=0.69  div_loss=0.0001  kl_loss=0.0000 (disabled)  score=0.984  return=1.034  role_std=1.3091  role_norm=2.7279  enc_delta ego=0.0016 partner=0.0023 road=0.0024
[ROMA step 1,877,999,616] sps= 52,263  policy_loss=0.0022  value_loss=0.0312  mi_loss=0.0001  mi_valid=0.69  div_loss=0.0000  kl_loss=0.0000 (disabled)  score=0.984  return=1.034  role_std=1.3196  role_norm=2.7640  enc_delta ego=0.0015 partner=0.0024 road=0.0029
[ROMA step 1,878,786,048] sps= 52,253  policy_loss=0.0020  value_loss=0.0379  mi_loss=0.0002  mi_valid=0.68  div_loss=0.0001  kl_loss=0.0000 (disabled)  score=0.984  return=1.034  role_std=1.3065  role_norm=2.7785  enc_delta ego=0.0018 partner=0.0021 road=0.0025
[ROMA step 1,879,572,480] sps= 52,261  policy_loss=-0.0089  value_loss=0.0211  mi_loss=0.0002  mi_valid=0.70  div_loss=0.0001  kl_loss=0.0000 (disabled)  score=0.983  return=1.033  role_std=1.3576  role_norm=2.8880  enc_delta ego=0.0026 partner=0.0027 road=0.0033
[ROMA step 1,880,358,912] sps= 52,268  policy_loss=-0.0051  value_loss=0.0193  mi_loss=0.0001  mi_valid=0.69  div_loss=0.0000  kl_loss=0.0000 (disabled)  score=0.983  return=1.032  role_std=1.3476  role_norm=2.8890  enc_delta ego=0.0014 partner=0.0018 road=0.0026
[ROMA step 1,881,145,344] sps= 52,275  policy_loss=-0.0070  value_loss=0.0168  mi_loss=0.0001  mi_valid=0.69  div_loss=0.0001  kl_loss=0.0000 (disabled)  score=0.983  return=1.031  role_std=1.3599  role_norm=2.8870  enc_delta ego=0.0014 partner=0.0018 road=0.0022
[ROMA step 1,881,931,776] sps= 52,267  policy_loss=-0.0014  value_loss=0.0274  mi_loss=0.0002  mi_valid=0.68  div_loss=0.0000  kl_loss=0.0000 (disabled)  score=0.983  return=1.031  role_std=1.3631  role_norm=2.8318  enc_delta ego=0.0019 partner=0.0018 road=0.0037
[ROMA step 1,882,718,208] sps= 52,275  policy_loss=0.0005  value_loss=0.0178  mi_loss=0.0002  mi_valid=0.69  div_loss=0.0000  kl_loss=0.0000 (disabled)  score=0.983  return=1.030  role_std=1.3505  role_norm=2.8387  enc_delta ego=0.0019 partner=0.0019 road=0.0028
[ROMA step 1,883,504,640] sps= 52,282  policy_loss=-0.0108  value_loss=0.0165  mi_loss=0.0002  mi_valid=0.69  div_loss=0.0000  kl_loss=0.0000 (disabled)  score=0.983  return=1.030  role_std=1.3649  role_norm=2.8340  enc_delta ego=0.0017 partner=0.0018 road=0.0023
[ROMA step 1,884,291,072] sps= 52,270  policy_loss=0.0006  value_loss=0.0290  mi_loss=0.0002  mi_valid=0.68  div_loss=0.0003  kl_loss=0.0000 (disabled)  score=0.983  return=1.029  role_std=1.3199  role_norm=2.8537  enc_delta ego=0.0016 partner=0.0018 road=0.0025
[ROMA step 1,885,077,504] sps= 52,277  policy_loss=-0.0043  value_loss=0.0225  mi_loss=0.0002  mi_valid=0.69  div_loss=0.0001  kl_loss=0.0000 (disabled)  score=0.983  return=1.029  role_std=1.3395  role_norm=2.7985  enc_delta ego=0.0017 partner=0.0023 road=0.0024
[ROMA step 1,885,863,936] sps= 52,284  policy_loss=-0.0006  value_loss=0.0168  mi_loss=0.0001  mi_valid=0.69  div_loss=-0.0000  kl_loss=0.0000 (disabled)  score=0.983  return=1.029  role_std=1.3672  role_norm=2.8553  enc_delta ego=0.0018 partner=0.0018 road=0.0024
[ROMA step 1,886,650,368] sps= 52,292  policy_loss=-0.0008  value_loss=0.0176  mi_loss=0.0002  mi_valid=0.69  div_loss=0.0000  kl_loss=0.0000 (disabled)  score=0.982  return=1.029  role_std=1.3843  role_norm=2.8678  enc_delta ego=0.0018 partner=0.0019 road=0.0022
[ROMA step 1,887,436,800] sps= 52,278  policy_loss=-0.0052  value_loss=0.0306  mi_loss=0.0002  mi_valid=0.68  div_loss=0.0000  kl_loss=0.0000 (disabled)  score=0.982  return=1.029  role_std=1.3709  role_norm=2.8225  enc_delta ego=0.0017 partner=0.0020 road=0.0025
[ROMA step 1,888,223,232] sps= 52,285  policy_loss=0.0028  value_loss=0.0221  mi_loss=0.0002  mi_valid=0.69  div_loss=0.0000  kl_loss=0.0000 (disabled)  score=0.982  return=1.028  role_std=1.3672  role_norm=2.8539  enc_delta ego=0.0017 partner=0.0024 road=0.0031
[ROMA step 1,889,009,664] sps= 52,292  policy_loss=-0.0035  value_loss=0.0162  mi_loss=0.0002  mi_valid=0.69  div_loss=0.0001  kl_loss=0.0000 (disabled)  score=0.982  return=1.028  role_std=1.3633  role_norm=2.8593  enc_delta ego=0.0017 partner=0.0021 road=0.0028
[ROMA step 1,889,796,096] sps= 52,283  policy_loss=-0.0013  value_loss=0.0236  mi_loss=0.0001  mi_valid=0.67  div_loss=0.0001  kl_loss=0.0000 (disabled)  score=0.982  return=1.028  role_std=1.4307  role_norm=2.9262  enc_delta ego=0.0014 partner=0.0017 road=0.0025
[ROMA step 1,890,582,528] sps= 52,290  policy_loss=-0.0036  value_loss=0.0318  mi_loss=0.0002  mi_valid=0.69  div_loss=0.0010  kl_loss=0.0000 (disabled)  score=0.982  return=1.028  role_std=1.3793  role_norm=2.8584  enc_delta ego=0.0022 partner=0.0030 road=0.0040
[ROMA step 1,891,368,960] sps= 52,297  policy_loss=-0.0069  value_loss=0.0267  mi_loss=0.0002  mi_valid=0.69  div_loss=0.0000  kl_loss=0.0000 (disabled)  score=0.982  return=1.027  role_std=1.3852  role_norm=2.8264  enc_delta ego=0.0017 partner=0.0024 road=0.0030
[ROMA step 1,892,155,392] sps= 52,304  policy_loss=-0.0025  value_loss=0.0251  mi_loss=0.0002  mi_valid=0.68  div_loss=0.0001  kl_loss=0.0000 (disabled)  score=0.981  return=1.026  role_std=1.3878  role_norm=2.8384  enc_delta ego=0.0016 partner=0.0023 road=0.0028
[ROMA step 1,892,941,824] sps= 52,293  policy_loss=-0.0023  value_loss=0.0286  mi_loss=0.0002  mi_valid=0.67  div_loss=0.0000  kl_loss=0.0000 (disabled)  score=0.981  return=1.026  role_std=1.3936  role_norm=2.9475  enc_delta ego=0.0017 partner=0.0022 road=0.0028
[ROMA step 1,893,728,256] sps= 52,301  policy_loss=-0.0077  value_loss=0.0154  mi_loss=0.0002  mi_valid=0.69  div_loss=0.0000  kl_loss=0.0000 (disabled)  score=0.981  return=1.024  role_std=1.3915  role_norm=2.9495  enc_delta ego=0.0016 partner=0.0022 road=0.0030
[ROMA step 1,894,514,688] sps= 52,308  policy_loss=0.0024  value_loss=0.0218  mi_loss=0.0002  mi_valid=0.69  div_loss=-0.0000  kl_loss=0.0000 (disabled)  score=0.980  return=1.023  role_std=1.4133  role_norm=2.9612  enc_delta ego=0.0016 partner=0.0021 road=0.0026
[ROMA step 1,895,301,120] sps= 52,315  policy_loss=-0.0039  value_loss=0.0208  mi_loss=0.0002  mi_valid=0.69  div_loss=0.0001  kl_loss=0.0000 (disabled)  score=0.980  return=1.023  role_std=1.3786  role_norm=2.9076  enc_delta ego=0.0016 partner=0.0023 road=0.0029
[ROMA step 1,896,087,552] sps= 52,305  policy_loss=0.0005  value_loss=0.0305  mi_loss=0.0002  mi_valid=0.69  div_loss=0.0003  kl_loss=0.0000 (disabled)  score=0.980  return=1.024  role_std=1.3637  role_norm=2.8942  enc_delta ego=0.0020 partner=0.0018 road=0.0026
[ROMA step 1,896,873,984] sps= 52,312  policy_loss=0.0043  value_loss=0.0233  mi_loss=0.0002  mi_valid=0.71  div_loss=0.0001  kl_loss=0.0000 (disabled)  score=0.980  return=1.024  role_std=1.3457  role_norm=2.8517  enc_delta ego=0.0019 partner=0.0019 road=0.0026
[ROMA step 1,897,660,416] sps= 52,319  policy_loss=-0.0022  value_loss=0.0203  mi_loss=0.0002  mi_valid=0.70  div_loss=0.0001  kl_loss=0.0000 (disabled)  score=0.979  return=1.024  role_std=1.3708  role_norm=2.8675  enc_delta ego=0.0018 partner=0.0018 road=0.0021
[ROMA step 1,898,446,848] sps= 52,304  policy_loss=-0.0053  value_loss=0.0232  mi_loss=0.0002  mi_valid=0.68  div_loss=0.0000  kl_loss=0.0000 (disabled)  score=0.980  return=1.025  role_std=1.4060  role_norm=2.9312  enc_delta ego=0.0020 partner=0.0017 road=0.0021
[ROMA step 1,899,233,280] sps= 52,312  policy_loss=0.0055  value_loss=0.0147  mi_loss=0.0002  mi_valid=0.68  div_loss=0.0001  kl_loss=0.0000 (disabled)  score=0.980  return=1.026  role_std=1.3749  role_norm=2.8846  enc_delta ego=0.0019 partner=0.0016 road=0.0029
[ROMA step 1,900,019,712] sps= 52,319  policy_loss=-0.0060  value_loss=0.0137  mi_loss=0.0002  mi_valid=0.68  div_loss=0.0002  kl_loss=0.0000 (disabled)  score=0.980  return=1.027  role_std=1.3473  role_norm=2.8274  enc_delta ego=0.0018 partner=0.0017 road=0.0025
[ROMA step 1,900,806,144] sps= 52,326  policy_loss=-0.0031  value_loss=0.0110  mi_loss=0.0002  mi_valid=0.67  div_loss=0.0003  kl_loss=0.0000 (disabled)  score=0.980  return=1.028  role_std=1.3653  role_norm=2.8658  enc_delta ego=0.0014 partner=0.0015 road=0.0025
[ROMA step 1,901,592,576] sps= 52,316  policy_loss=-0.0025  value_loss=0.0203  mi_loss=0.0002  mi_valid=0.68  div_loss=0.0001  kl_loss=0.0000 (disabled)  score=0.980  return=1.028  role_std=1.3271  role_norm=2.8253  enc_delta ego=0.0017 partner=0.0017 road=0.0024
[ROMA step 1,902,379,008] sps= 52,324  policy_loss=-0.0049  value_loss=0.0146  mi_loss=0.0002  mi_valid=0.70  div_loss=0.0000  kl_loss=0.0000 (disabled)  score=0.980  return=1.029  role_std=1.3371  role_norm=2.8048  enc_delta ego=0.0012 partner=0.0018 road=0.0024
[ROMA step 1,903,165,440] sps= 52,331  policy_loss=-0.0045  value_loss=0.0126  mi_loss=0.0002  mi_valid=0.70  div_loss=0.0002  kl_loss=0.0000 (disabled)  score=0.980  return=1.029  role_std=1.3321  role_norm=2.8032  enc_delta ego=0.0013 partner=0.0016 road=0.0022
[ROMA step 1,903,951,872] sps= 52,322  policy_loss=-0.0024  value_loss=0.0243  mi_loss=0.0002  mi_valid=0.69  div_loss=-0.0000  kl_loss=0.0000 (disabled)  score=0.980  return=1.029  role_std=1.3306  role_norm=2.7546  enc_delta ego=0.0013 partner=0.0014 road=0.0022
[ROMA step 1,904,738,304] sps= 52,330  policy_loss=0.0030  value_loss=0.0148  mi_loss=0.0002  mi_valid=0.68  div_loss=0.0001  kl_loss=0.0000 (disabled)  score=0.980  return=1.029  role_std=1.3593  role_norm=2.8297  enc_delta ego=0.0017 partner=0.0016 road=0.0035
[ROMA step 1,905,524,736] sps= 52,337  policy_loss=0.0014  value_loss=0.0125  mi_loss=0.0002  mi_valid=0.68  div_loss=-0.0000  kl_loss=0.0000 (disabled)  score=0.980  return=1.029  role_std=1.3201  role_norm=2.7749  enc_delta ego=0.0015 partner=0.0015 road=0.0024
[ROMA step 1,906,311,168] sps= 52,344  policy_loss=-0.0016  value_loss=0.0119  mi_loss=0.0002  mi_valid=0.68  div_loss=-0.0000  kl_loss=0.0000 (disabled)  score=0.981  return=1.030  role_std=1.3263  role_norm=2.7750  enc_delta ego=0.0019 partner=0.0016 road=0.0027
[ROMA step 1,907,097,600] sps= 52,334  policy_loss=-0.0053  value_loss=0.0219  mi_loss=0.0002  mi_valid=0.67  div_loss=-0.0000  kl_loss=0.0000 (disabled)  score=0.981  return=1.030  role_std=1.3639  role_norm=2.8247  enc_delta ego=0.0016 partner=0.0017 road=0.0027
[ROMA step 1,907,884,032] sps= 52,341  policy_loss=-0.0020  value_loss=0.0140  mi_loss=0.0002  mi_valid=0.68  div_loss=0.0001  kl_loss=0.0000 (disabled)  score=0.981  return=1.031  role_std=1.3288  role_norm=2.7807  enc_delta ego=0.0019 partner=0.0018 road=0.0025
[ROMA step 1,908,670,464] sps= 52,348  policy_loss=-0.0024  value_loss=0.0137  mi_loss=0.0002  mi_valid=0.67  div_loss=0.0000  kl_loss=0.0000 (disabled)  score=0.981  return=1.032  role_std=1.3393  role_norm=2.7939  enc_delta ego=0.0018 partner=0.0016 road=0.0025
[ROMA step 1,909,456,896] sps= 52,339  policy_loss=-0.0044  value_loss=0.0223  mi_loss=0.0002  mi_valid=0.66  div_loss=0.0002  kl_loss=0.0000 (disabled)  score=0.982  return=1.033  role_std=1.3613  role_norm=2.8911  enc_delta ego=0.0014 partner=0.0015 road=0.0024
[ROMA step 1,910,243,328] sps= 52,346  policy_loss=0.0023  value_loss=0.0261  mi_loss=0.0002  mi_valid=0.68  div_loss=0.0001  kl_loss=0.0000 (disabled)  score=0.982  return=1.033  role_std=1.3679  role_norm=2.8604  enc_delta ego=0.0018 partner=0.0015 road=0.0029
[ROMA step 1,911,029,760] sps= 52,353  policy_loss=0.0005  value_loss=0.0254  mi_loss=0.0002  mi_valid=0.69  div_loss=0.0002  kl_loss=0.0000 (disabled)  score=0.982  return=1.032  role_std=1.3641  role_norm=2.8392  enc_delta ego=0.0019 partner=0.0017 road=0.0028
[ROMA step 1,911,816,192] sps= 52,360  policy_loss=-0.0039  value_loss=0.0255  mi_loss=0.0002  mi_valid=0.69  div_loss=0.0000  kl_loss=0.0000 (disabled)  score=0.982  return=1.032  role_std=1.3587  role_norm=2.8607  enc_delta ego=0.0021 partner=0.0019 road=0.0034
[ROMA step 1,912,602,624] sps= 52,348  policy_loss=-0.0024  value_loss=0.0315  mi_loss=0.0002  mi_valid=0.68  div_loss=0.0001  kl_loss=0.0000 (disabled)  score=0.983  return=1.032  role_std=1.3220  role_norm=2.7624  enc_delta ego=0.0015 partner=0.0018 road=0.0031
[ROMA step 1,913,389,056] sps= 52,356  policy_loss=-0.0050  value_loss=0.0150  mi_loss=0.0002  mi_valid=0.69  div_loss=0.0001  kl_loss=0.0000 (disabled)  score=0.983  return=1.032  role_std=1.3294  role_norm=2.7905  enc_delta ego=0.0016 partner=0.0021 road=0.0023
[ROMA step 1,914,175,488] sps= 52,362  policy_loss=0.0038  value_loss=0.0192  mi_loss=0.0002  mi_valid=0.69  div_loss=0.0003  kl_loss=0.0000 (disabled)  score=0.984  return=1.033  role_std=1.3488  role_norm=2.8321  enc_delta ego=0.0015 partner=0.0018 road=0.0021
[ROMA step 1,914,961,920] sps= 52,349  policy_loss=-0.0057  value_loss=0.0231  mi_loss=0.0002  mi_valid=0.67  div_loss=-0.0000  kl_loss=0.0000 (disabled)  score=0.984  return=1.034  role_std=1.4392  role_norm=2.9413  enc_delta ego=0.0016 partner=0.0016 road=0.0024
[ROMA step 1,915,748,352] sps= 52,356  policy_loss=-0.0063  value_loss=0.0145  mi_loss=0.0002  mi_valid=0.69  div_loss=0.0001  kl_loss=0.0000 (disabled)  score=0.984  return=1.034  role_std=1.4057  role_norm=2.8993  enc_delta ego=0.0018 partner=0.0017 road=0.0033
[ROMA step 1,916,534,784] sps= 52,363  policy_loss=-0.0044  value_loss=0.0166  mi_loss=0.0002  mi_valid=0.68  div_loss=-0.0000  kl_loss=0.0000 (disabled)  score=0.984  return=1.034  role_std=1.3933  role_norm=2.8714  enc_delta ego=0.0018 partner=0.0019 road=0.0027
[ROMA step 1,917,321,216] sps= 52,370  policy_loss=0.0009  value_loss=0.0180  mi_loss=0.0002  mi_valid=0.68  div_loss=0.0000  kl_loss=0.0000 (disabled)  score=0.984  return=1.033  role_std=1.4209  role_norm=2.9046  enc_delta ego=0.0023 partner=0.0017 road=0.0031
[ROMA step 1,918,107,648] sps= 52,359  policy_loss=0.0025  value_loss=0.0222  mi_loss=0.0002  mi_valid=0.67  div_loss=0.0000  kl_loss=0.0000 (disabled)  score=0.984  return=1.033  role_std=1.3768  role_norm=2.8756  enc_delta ego=0.0014 partner=0.0014 road=0.0022
[ROMA step 1,918,894,080] sps= 52,366  policy_loss=-0.0059  value_loss=0.0168  mi_loss=0.0002  mi_valid=0.69  div_loss=-0.0000  kl_loss=0.0000 (disabled)  score=0.984  return=1.032  role_std=1.3846  role_norm=2.8819  enc_delta ego=0.0016 partner=0.0014 road=0.0023
[ROMA step 1,919,680,512] sps= 52,373  policy_loss=-0.0014  value_loss=0.0185  mi_loss=0.0002  mi_valid=0.68  div_loss=0.0002  kl_loss=0.0000 (disabled)  score=0.984  return=1.032  role_std=1.4010  role_norm=2.9196  enc_delta ego=0.0014 partner=0.0016 road=0.0022
[ROMA step 1,920,466,944] sps= 52,380  policy_loss=-0.0013  value_loss=0.0133  mi_loss=0.0002  mi_valid=0.69  div_loss=0.0000  kl_loss=0.0000 (disabled)  score=0.984  return=1.032  role_std=1.4140  role_norm=2.9297  enc_delta ego=0.0015 partner=0.0015 road=0.0023
[ROMA step 1,921,253,376] sps= 52,373  policy_loss=-0.0003  value_loss=0.0306  mi_loss=0.0002  mi_valid=0.67  div_loss=0.0001  kl_loss=0.0000 (disabled)  score=0.984  return=1.031  role_std=1.3640  role_norm=2.8483  enc_delta ego=0.0021 partner=0.0017 road=0.0029
[ROMA step 1,922,039,808] sps= 52,381  policy_loss=-0.0021  value_loss=0.0191  mi_loss=0.0002  mi_valid=0.69  div_loss=0.0000  kl_loss=0.0000 (disabled)  score=0.984  return=1.031  role_std=1.3892  role_norm=2.8950  enc_delta ego=0.0018 partner=0.0018 road=0.0024
[ROMA step 1,922,826,240] sps= 52,388  policy_loss=-0.0021  value_loss=0.0160  mi_loss=0.0002  mi_valid=0.68  div_loss=0.0002  kl_loss=0.0000 (disabled)  score=0.984  return=1.031  role_std=1.3755  role_norm=2.8328  enc_delta ego=0.0024 partner=0.0019 road=0.0029
[ROMA step 1,923,612,672] sps= 52,372  policy_loss=-0.0065  value_loss=0.0232  mi_loss=0.0002  mi_valid=0.67  div_loss=0.0002  kl_loss=0.0000 (disabled)  score=0.984  return=1.031  role_std=1.4171  role_norm=3.0058  enc_delta ego=0.0019 partner=0.0017 road=0.0022
[ROMA step 1,924,399,104] sps= 52,379  policy_loss=-0.0051  value_loss=0.0164  mi_loss=0.0002  mi_valid=0.69  div_loss=0.0002  kl_loss=0.0000 (disabled)  score=0.984  return=1.030  role_std=1.3469  role_norm=2.8579  enc_delta ego=0.0016 partner=0.0020 road=0.0025
[ROMA step 1,925,185,536] sps= 52,385  policy_loss=-0.0015  value_loss=0.0168  mi_loss=0.0002  mi_valid=0.68  div_loss=0.0002  kl_loss=0.0000 (disabled)  score=0.984  return=1.030  role_std=1.4005  role_norm=2.9161  enc_delta ego=0.0016 partner=0.0020 road=0.0025
[ROMA step 1,925,971,968] sps= 52,392  policy_loss=-0.0035  value_loss=0.0148  mi_loss=0.0002  mi_valid=0.68  div_loss=0.0001  kl_loss=0.0000 (disabled)  score=0.983  return=1.030  role_std=1.3963  role_norm=2.9322  enc_delta ego=0.0013 partner=0.0019 road=0.0022
[ROMA step 1,926,758,400] sps= 52,383  policy_loss=0.0081  value_loss=0.0251  mi_loss=0.0002  mi_valid=0.67  div_loss=0.0003  kl_loss=0.0000 (disabled)  score=0.983  return=1.029  role_std=1.3616  role_norm=2.9011  enc_delta ego=0.0015 partner=0.0018 road=0.0023
[ROMA step 1,927,544,832] sps= 52,389  policy_loss=0.0027  value_loss=0.0148  mi_loss=0.0002  mi_valid=0.68  div_loss=0.0000  kl_loss=0.0000 (disabled)  score=0.983  return=1.030  role_std=1.3847  role_norm=2.8815  enc_delta ego=0.0018 partner=0.0018 road=0.0026
[ROMA step 1,928,331,264] sps= 52,395  policy_loss=-0.0030  value_loss=0.0167  mi_loss=0.0002  mi_valid=0.68  div_loss=0.0001  kl_loss=0.0000 (disabled)  score=0.983  return=1.030  role_std=1.3703  role_norm=2.8607  enc_delta ego=0.0016 partner=0.0018 road=0.0025
[ROMA step 1,929,117,696] sps= 52,373  policy_loss=0.0005  value_loss=0.0278  mi_loss=0.0002  mi_valid=0.67  div_loss=0.0001  kl_loss=0.0000 (disabled)  score=0.984  return=1.030  role_std=1.3355  role_norm=2.7603  enc_delta ego=0.0014 partner=0.0017 road=0.0024
[ROMA step 1,929,904,128] sps= 52,380  policy_loss=-0.0035  value_loss=0.0172  mi_loss=0.0002  mi_valid=0.69  div_loss=0.0001  kl_loss=0.0000 (disabled)  score=0.984  return=1.031  role_std=1.3942  role_norm=2.9212  enc_delta ego=0.0016 partner=0.0017 road=0.0029
[ROMA step 1,930,690,560] sps= 52,387  policy_loss=-0.0011  value_loss=0.0173  mi_loss=0.0002  mi_valid=0.69  div_loss=0.0001  kl_loss=0.0000 (disabled)  score=0.983  return=1.030  role_std=1.3994  role_norm=2.9357  enc_delta ego=0.0017 partner=0.0015 road=0.0025
[ROMA step 1,931,476,992] sps= 52,394  policy_loss=-0.0032  value_loss=0.0168  mi_loss=0.0002  mi_valid=0.69  div_loss=0.0003  kl_loss=0.0000 (disabled)  score=0.983  return=1.030  role_std=1.3849  role_norm=2.9143  enc_delta ego=0.0019 partner=0.0016 road=0.0022
[ROMA step 1,932,263,424] sps= 52,386  policy_loss=0.0009  value_loss=0.0257  mi_loss=0.0002  mi_valid=0.68  div_loss=0.0001  kl_loss=0.0000 (disabled)  score=0.983  return=1.030  role_std=1.4297  role_norm=2.9734  enc_delta ego=0.0014 partner=0.0018 road=0.0022
[ROMA step 1,933,049,856] sps= 52,393  policy_loss=-0.0037  value_loss=0.0145  mi_loss=0.0001  mi_valid=0.69  div_loss=0.0001  kl_loss=0.0000 (disabled)  score=0.983  return=1.030  role_std=1.3771  role_norm=2.8897  enc_delta ego=0.0013 partner=0.0020 road=0.0024
[ROMA step 1,933,836,288] sps= 52,400  policy_loss=-0.0056  value_loss=0.0117  mi_loss=0.0002  mi_valid=0.69  div_loss=-0.0000  kl_loss=0.0000 (disabled)  score=0.983  return=1.030  role_std=1.3696  role_norm=2.8593  enc_delta ego=0.0012 partner=0.0018 road=0.0019
[ROMA step 1,934,622,720] sps= 52,392  policy_loss=-0.0043  value_loss=0.0214  mi_loss=0.0002  mi_valid=0.67  div_loss=0.0001  kl_loss=0.0000 (disabled)  score=0.983  return=1.031  role_std=1.3696  role_norm=2.9558  enc_delta ego=0.0012 partner=0.0018 road=0.0020
[ROMA step 1,935,409,152] sps= 52,399  policy_loss=-0.0004  value_loss=0.0168  mi_loss=0.0002  mi_valid=0.68  div_loss=0.0000  kl_loss=0.0000 (disabled)  score=0.983  return=1.032  role_std=1.3461  role_norm=2.8618  enc_delta ego=0.0014 partner=0.0020 road=0.0022
[ROMA step 1,936,195,584] sps= 52,406  policy_loss=-0.0031  value_loss=0.0113  mi_loss=0.0002  mi_valid=0.68  div_loss=0.0001  kl_loss=0.0000 (disabled)  score=0.983  return=1.032  role_std=1.3746  role_norm=2.8963  enc_delta ego=0.0016 partner=0.0021 road=0.0024
[ROMA step 1,936,982,016] sps= 52,413  policy_loss=0.0065  value_loss=0.0154  mi_loss=0.0002  mi_valid=0.69  div_loss=0.0000  kl_loss=0.0000 (disabled)  score=0.983  return=1.033  role_std=1.3598  role_norm=2.8543  enc_delta ego=0.0014 partner=0.0021 road=0.0025
[ROMA step 1,937,768,448] sps= 52,403  policy_loss=0.0052  value_loss=0.0310  mi_loss=0.0002  mi_valid=0.67  div_loss=-0.0000  kl_loss=0.0000 (disabled)  score=0.984  return=1.033  role_std=1.3390  role_norm=2.8385  enc_delta ego=0.0016 partner=0.0023 road=0.0032
[ROMA step 1,938,554,880] sps= 52,410  policy_loss=-0.0011  value_loss=0.0210  mi_loss=0.0002  mi_valid=0.68  div_loss=0.0000  kl_loss=0.0000 (disabled)  score=0.983  return=1.033  role_std=1.3709  role_norm=2.8754  enc_delta ego=0.0015 partner=0.0023 road=0.0026
[ROMA step 1,939,341,312] sps= 52,417  policy_loss=-0.0020  value_loss=0.0195  mi_loss=0.0002  mi_valid=0.68  div_loss=0.0002  kl_loss=0.0000 (disabled)  score=0.984  return=1.033  role_std=1.3825  role_norm=2.8684  enc_delta ego=0.0013 partner=0.0019 road=0.0025
[ROMA step 1,940,127,744] sps= 52,409  policy_loss=-0.0031  value_loss=0.0249  mi_loss=0.0002  mi_valid=0.66  div_loss=0.0001  kl_loss=0.0000 (disabled)  score=0.984  return=1.033  role_std=1.3616  role_norm=2.8614  enc_delta ego=0.0014 partner=0.0018 road=0.0021
[ROMA step 1,940,914,176] sps= 52,416  policy_loss=-0.0018  value_loss=0.0177  mi_loss=0.0002  mi_valid=0.70  div_loss=0.0000  kl_loss=0.0000 (disabled)  score=0.984  return=1.033  role_std=1.3659  role_norm=2.8845  enc_delta ego=0.0019 partner=0.0017 road=0.0027
[ROMA step 1,941,700,608] sps= 52,422  policy_loss=0.0017  value_loss=0.0158  mi_loss=0.0002  mi_valid=0.70  div_loss=0.0002  kl_loss=0.0000 (disabled)  score=0.984  return=1.032  role_std=1.3517  role_norm=2.8679  enc_delta ego=0.0017 partner=0.0019 road=0.0024
[ROMA step 1,942,487,040] sps= 52,429  policy_loss=0.0010  value_loss=0.0143  mi_loss=0.0002  mi_valid=0.69  div_loss=-0.0000  kl_loss=0.0000 (disabled)  score=0.983  return=1.031  role_std=1.3613  role_norm=2.8663  enc_delta ego=0.0014 partner=0.0016 road=0.0021
[ROMA step 1,943,273,472] sps= 52,422  policy_loss=-0.0050  value_loss=0.0227  mi_loss=0.0002  mi_valid=0.68  div_loss=0.0000  kl_loss=0.0000 (disabled)  score=0.983  return=1.031  role_std=1.3908  role_norm=2.9155  enc_delta ego=0.0014 partner=0.0017 road=0.0025
[ROMA step 1,944,059,904] sps= 52,429  policy_loss=-0.0016  value_loss=0.0151  mi_loss=0.0002  mi_valid=0.68  div_loss=0.0000  kl_loss=0.0000 (disabled)  score=0.984  return=1.031  role_std=1.3638  role_norm=2.8639  enc_delta ego=0.0017 partner=0.0016 road=0.0028
[ROMA step 1,944,846,336] sps= 52,436  policy_loss=-0.0038  value_loss=0.0177  mi_loss=0.0002  mi_valid=0.68  div_loss=0.0000  kl_loss=0.0000 (disabled)  score=0.984  return=1.031  role_std=1.3756  role_norm=2.8598  enc_delta ego=0.0014 partner=0.0017 road=0.0026
[ROMA step 1,945,632,768] sps= 52,443  policy_loss=-0.0021  value_loss=0.0153  mi_loss=0.0002  mi_valid=0.69  div_loss=0.0003  kl_loss=0.0000 (disabled)  score=0.984  return=1.031  role_std=1.3524  role_norm=2.8499  enc_delta ego=0.0016 partner=0.0014 road=0.0022
[ROMA step 1,946,419,200] sps= 52,434  policy_loss=0.0001  value_loss=0.0281  mi_loss=0.0002  mi_valid=0.67  div_loss=-0.0000  kl_loss=0.0000 (disabled)  score=0.984  return=1.031  role_std=1.3687  role_norm=2.8568  enc_delta ego=0.0016 partner=0.0022 road=0.0028
[ROMA step 1,947,205,632] sps= 52,441  policy_loss=0.0028  value_loss=0.0193  mi_loss=0.0002  mi_valid=0.69  div_loss=0.0002  kl_loss=0.0000 (disabled)  score=0.984  return=1.031  role_std=1.3566  role_norm=2.7880  enc_delta ego=0.0014 partner=0.0018 road=0.0024
[ROMA step 1,947,992,064] sps= 52,448  policy_loss=-0.0030  value_loss=0.0158  mi_loss=0.0002  mi_valid=0.69  div_loss=0.0000  kl_loss=0.0000 (disabled)  score=0.984  return=1.032  role_std=1.3790  role_norm=2.8617  enc_delta ego=0.0016 partner=0.0018 road=0.0023
[ROMA step 1,948,778,496] sps= 52,442  policy_loss=-0.0033  value_loss=0.0249  mi_loss=0.0002  mi_valid=0.67  div_loss=0.0001  kl_loss=0.0000 (disabled)  score=0.984  return=1.032  role_std=1.3793  role_norm=2.8599  enc_delta ego=0.0014 partner=0.0017 road=0.0025
[ROMA step 1,949,564,928] sps= 52,449  policy_loss=0.0024  value_loss=0.0203  mi_loss=0.0002  mi_valid=0.68  div_loss=0.0000  kl_loss=0.0000 (disabled)  score=0.984  return=1.032  role_std=1.3765  role_norm=2.8568  enc_delta ego=0.0018 partner=0.0021 road=0.0025
[ROMA step 1,950,351,360] sps= 52,456  policy_loss=0.0016  value_loss=0.0152  mi_loss=0.0002  mi_valid=0.68  div_loss=-0.0000  kl_loss=0.0000 (disabled)  score=0.984  return=1.032  role_std=1.3713  role_norm=2.8465  enc_delta ego=0.0018 partner=0.0024 road=0.0024
[ROMA step 1,951,137,792] sps= 52,463  policy_loss=-0.0054  value_loss=0.0143  mi_loss=0.0002  mi_valid=0.68  div_loss=0.0001  kl_loss=0.0000 (disabled)  score=0.985  return=1.032  role_std=1.3841  role_norm=2.8867  enc_delta ego=0.0011 partner=0.0021 road=0.0022
[ROMA step 1,951,924,224] sps= 52,454  policy_loss=-0.0012  value_loss=0.0270  mi_loss=0.0002  mi_valid=0.66  div_loss=0.0000  kl_loss=0.0000 (disabled)  score=0.985  return=1.032  role_std=1.3715  role_norm=2.8537  enc_delta ego=0.0016 partner=0.0015 road=0.0022
[ROMA step 1,952,710,656] sps= 52,460  policy_loss=-0.0006  value_loss=0.0181  mi_loss=0.0002  mi_valid=0.68  div_loss=0.0001  kl_loss=0.0000 (disabled)  score=0.985  return=1.031  role_std=1.3671  role_norm=2.8332  enc_delta ego=0.0015 partner=0.0015 road=0.0024
[ROMA step 1,953,497,088] sps= 52,467  policy_loss=-0.0063  value_loss=0.0195  mi_loss=0.0002  mi_valid=0.68  div_loss=0.0000  kl_loss=0.0000 (disabled)  score=0.985  return=1.031  role_std=1.3871  role_norm=2.8464  enc_delta ego=0.0017 partner=0.0017 road=0.0023
[ROMA step 1,954,283,520] sps= 52,459  policy_loss=-0.0098  value_loss=0.0274  mi_loss=0.0002  mi_valid=0.67  div_loss=0.0000  kl_loss=0.0000 (disabled)  score=0.985  return=1.030  role_std=1.3308  role_norm=2.7426  enc_delta ego=0.0014 partner=0.0015 road=0.0021
[ROMA step 1,955,069,952] sps= 52,466  policy_loss=-0.0065  value_loss=0.0224  mi_loss=0.0002  mi_valid=0.68  div_loss=0.0002  kl_loss=0.0000 (disabled)  score=0.985  return=1.030  role_std=1.3956  role_norm=2.8970  enc_delta ego=0.0014 partner=0.0019 road=0.0026
[ROMA step 1,955,856,384] sps= 52,473  policy_loss=-0.0018  value_loss=0.0212  mi_loss=0.0002  mi_valid=0.68  div_loss=-0.0000  kl_loss=0.0000 (disabled)  score=0.985  return=1.029  role_std=1.4015  role_norm=2.8878  enc_delta ego=0.0014 partner=0.0018 road=0.0029
[ROMA step 1,956,642,816] sps= 52,480  policy_loss=0.0012  value_loss=0.0180  mi_loss=0.0002  mi_valid=0.68  div_loss=0.0000  kl_loss=0.0000 (disabled)  score=0.985  return=1.029  role_std=1.3803  role_norm=2.8683  enc_delta ego=0.0016 partner=0.0018 road=0.0023
[ROMA step 1,957,429,248] sps= 52,473  policy_loss=0.0004  value_loss=0.0305  mi_loss=0.0002  mi_valid=0.68  div_loss=0.0001  kl_loss=0.0000 (disabled)  score=0.985  return=1.029  role_std=1.3420  role_norm=2.7807  enc_delta ego=0.0029 partner=0.0017 road=0.0023
[ROMA step 1,958,215,680] sps= 52,480  policy_loss=0.0008  value_loss=0.0244  mi_loss=0.0002  mi_valid=0.70  div_loss=0.0000  kl_loss=0.0000 (disabled)  score=0.985  return=1.029  role_std=1.3401  role_norm=2.7785  enc_delta ego=0.0023 partner=0.0018 road=0.0024
[ROMA step 1,959,002,112] sps= 52,487  policy_loss=-0.0050  value_loss=0.0215  mi_loss=0.0002  mi_valid=0.69  div_loss=0.0000  kl_loss=0.0000 (disabled)  score=0.985  return=1.029  role_std=1.3217  role_norm=2.7298  enc_delta ego=0.0026 partner=0.0020 road=0.0024
[ROMA step 1,959,788,544] sps= 52,481  policy_loss=-0.0002  value_loss=0.0290  mi_loss=0.0002  mi_valid=0.68  div_loss=0.0001  kl_loss=0.0000 (disabled)  score=0.985  return=1.029  role_std=1.3671  role_norm=2.8873  enc_delta ego=0.0016 partner=0.0017 road=0.0020
[ROMA step 1,960,574,976] sps= 52,487  policy_loss=-0.0012  value_loss=0.0214  mi_loss=0.0002  mi_valid=0.68  div_loss=0.0003  kl_loss=0.0000 (disabled)  score=0.985  return=1.030  role_std=1.3577  role_norm=2.8673  enc_delta ego=0.0020 partner=0.0017 road=0.0025
[ROMA step 1,961,361,408] sps= 52,494  policy_loss=-0.0068  value_loss=0.0153  mi_loss=0.0002  mi_valid=0.68  div_loss=0.0000  kl_loss=0.0000 (disabled)  score=0.985  return=1.030  role_std=1.3692  role_norm=2.8512  enc_delta ego=0.0018 partner=0.0016 road=0.0023
[ROMA step 1,962,147,840] sps= 52,501  policy_loss=-0.0004  value_loss=0.0155  mi_loss=0.0002  mi_valid=0.68  div_loss=0.0000  kl_loss=0.0000 (disabled)  score=0.985  return=1.030  role_std=1.3720  role_norm=2.8593  enc_delta ego=0.0018 partner=0.0015 road=0.0024
[ROMA step 1,962,934,272] sps= 52,495  policy_loss=0.0009  value_loss=0.0312  mi_loss=0.0002  mi_valid=0.67  div_loss=0.0002  kl_loss=0.0000 (disabled)  score=0.985  return=1.030  role_std=1.3422  role_norm=2.8115  enc_delta ego=0.0015 partner=0.0015 road=0.0021
[ROMA step 1,963,720,704] sps= 52,502  policy_loss=-0.0054  value_loss=0.0195  mi_loss=0.0002  mi_valid=0.68  div_loss=0.0002  kl_loss=0.0000 (disabled)  score=0.985  return=1.031  role_std=1.3685  role_norm=2.8413  enc_delta ego=0.0012 partner=0.0018 road=0.0023
[ROMA step 1,964,507,136] sps= 52,509  policy_loss=-0.0074  value_loss=0.0198  mi_loss=0.0002  mi_valid=0.68  div_loss=0.0000  kl_loss=0.0000 (disabled)  score=0.985  return=1.031  role_std=1.3357  role_norm=2.7793  enc_delta ego=0.0014 partner=0.0017 road=0.0021
[ROMA step 1,965,293,568] sps= 52,502  policy_loss=0.0000  value_loss=0.0247  mi_loss=0.0002  mi_valid=0.67  div_loss=-0.0000  kl_loss=0.0000 (disabled)  score=0.985  return=1.031  role_std=1.3826  role_norm=2.8685  enc_delta ego=0.0013 partner=0.0015 road=0.0019
[ROMA step 1,966,080,000] sps= 52,508  policy_loss=0.0057  value_loss=0.0295  mi_loss=0.0002  mi_valid=0.69  div_loss=0.0001  kl_loss=0.0000 (disabled)  score=0.985  return=1.032  role_std=1.3799  role_norm=2.9276  enc_delta ego=0.0015 partner=0.0020 road=0.0025
[ROMA step 1,966,866,432] sps= 52,515  policy_loss=-0.0024  value_loss=0.0234  mi_loss=0.0002  mi_valid=0.69  div_loss=0.0000  kl_loss=0.0000 (disabled)  score=0.985  return=1.031  role_std=1.3883  role_norm=2.9065  enc_delta ego=0.0015 partner=0.0021 road=0.0023
[ROMA step 1,967,652,864] sps= 52,522  policy_loss=-0.0037  value_loss=0.0183  mi_loss=0.0002  mi_valid=0.69  div_loss=0.0000  kl_loss=0.0000 (disabled)  score=0.985  return=1.031  role_std=1.3527  role_norm=2.8560  enc_delta ego=0.0014 partner=0.0015 road=0.0019
[ROMA step 1,968,439,296] sps= 52,513  policy_loss=-0.0016  value_loss=0.0294  mi_loss=0.0002  mi_valid=0.68  div_loss=0.0001  kl_loss=0.0000 (disabled)  score=0.985  return=1.031  role_std=1.3578  role_norm=2.8422  enc_delta ego=0.0013 partner=0.0019 road=0.0022
[ROMA step 1,969,225,728] sps= 52,521  policy_loss=-0.0039  value_loss=0.0216  mi_loss=0.0002  mi_valid=0.70  div_loss=0.0001  kl_loss=0.0000 (disabled)  score=0.984  return=1.030  role_std=1.3707  role_norm=2.8607  enc_delta ego=0.0013 partner=0.0022 road=0.0023
[ROMA step 1,970,012,160] sps= 52,528  policy_loss=-0.0036  value_loss=0.0176  mi_loss=0.0002  mi_valid=0.70  div_loss=0.0002  kl_loss=0.0000 (disabled)  score=0.984  return=1.030  role_std=1.3810  role_norm=2.8603  enc_delta ego=0.0015 partner=0.0019 road=0.0024
[ROMA step 1,970,798,592] sps= 52,534  policy_loss=-0.0014  value_loss=0.0153  mi_loss=0.0002  mi_valid=0.70  div_loss=0.0000  kl_loss=0.0000 (disabled)  score=0.984  return=1.030  role_std=1.3772  role_norm=2.8516  enc_delta ego=0.0012 partner=0.0017 road=0.0019
[ROMA step 1,971,585,024] sps= 52,528  policy_loss=-0.0024  value_loss=0.0226  mi_loss=0.0002  mi_valid=0.69  div_loss=0.0001  kl_loss=0.0000 (disabled)  score=0.984  return=1.030  role_std=1.3264  role_norm=2.7634  enc_delta ego=0.0015 partner=0.0015 road=0.0019
[ROMA step 1,972,371,456] sps= 52,535  policy_loss=-0.0027  value_loss=0.0159  mi_loss=0.0002  mi_valid=0.70  div_loss=0.0000  kl_loss=0.0000 (disabled)  score=0.984  return=1.031  role_std=1.3076  role_norm=2.7269  enc_delta ego=0.0013 partner=0.0016 road=0.0021
[ROMA step 1,973,157,888] sps= 52,541  policy_loss=0.0019  value_loss=0.0132  mi_loss=0.0002  mi_valid=0.69  div_loss=0.0000  kl_loss=0.0000 (disabled)  score=0.983  return=1.031  role_std=1.3063  role_norm=2.7415  enc_delta ego=0.0012 partner=0.0014 road=0.0018
[ROMA step 1,973,944,320] sps= 52,531  policy_loss=-0.0038  value_loss=0.0213  mi_loss=0.0002  mi_valid=0.68  div_loss=0.0001  kl_loss=0.0000 (disabled)  score=0.983  return=1.031  role_std=1.3786  role_norm=2.9244  enc_delta ego=0.0014 partner=0.0014 road=0.0019
[ROMA step 1,974,730,752] sps= 52,538  policy_loss=-0.0021  value_loss=0.0162  mi_loss=0.0002  mi_valid=0.71  div_loss=0.0001  kl_loss=0.0000 (disabled)  score=0.983  return=1.030  role_std=1.4000  role_norm=2.9005  enc_delta ego=0.0012 partner=0.0016 road=0.0023
[ROMA step 1,975,517,184] sps= 52,545  policy_loss=-0.0051  value_loss=0.0182  mi_loss=0.0002  mi_valid=0.70  div_loss=0.0000  kl_loss=0.0000 (disabled)  score=0.983  return=1.030  role_std=1.3914  role_norm=2.8843  enc_delta ego=0.0015 partner=0.0017 road=0.0024
[ROMA step 1,976,303,616] sps= 52,552  policy_loss=0.0011  value_loss=0.0153  mi_loss=0.0002  mi_valid=0.70  div_loss=0.0001  kl_loss=0.0000 (disabled)  score=0.983  return=1.030  role_std=1.3572  role_norm=2.8439  enc_delta ego=0.0013 partner=0.0015 road=0.0023
[ROMA step 1,977,090,048] sps= 52,546  policy_loss=-0.0030  value_loss=0.0245  mi_loss=0.0002  mi_valid=0.68  div_loss=0.0002  kl_loss=0.0000 (disabled)  score=0.983  return=1.030  role_std=1.3438  role_norm=2.8248  enc_delta ego=0.0015 partner=0.0015 road=0.0023
[ROMA step 1,977,876,480] sps= 52,553  policy_loss=-0.0060  value_loss=0.0160  mi_loss=0.0002  mi_valid=0.69  div_loss=0.0000  kl_loss=0.0000 (disabled)  score=0.983  return=1.030  role_std=1.3525  role_norm=2.7979  enc_delta ego=0.0018 partner=0.0015 road=0.0024
[ROMA step 1,978,662,912] sps= 52,560  policy_loss=-0.0078  value_loss=0.0113  mi_loss=0.0002  mi_valid=0.69  div_loss=0.0001  kl_loss=0.0000 (disabled)  score=0.983  return=1.030  role_std=1.3235  role_norm=2.7570  enc_delta ego=0.0014 partner=0.0015 road=0.0021
[ROMA step 1,979,449,344] sps= 52,552  policy_loss=-0.0005  value_loss=0.0199  mi_loss=0.0002  mi_valid=0.68  div_loss=0.0002  kl_loss=0.0000 (disabled)  score=0.984  return=1.031  role_std=1.3139  role_norm=2.7343  enc_delta ego=0.0014 partner=0.0014 road=0.0024
[ROMA step 1,980,235,776] sps= 52,559  policy_loss=-0.0032  value_loss=0.0142  mi_loss=0.0002  mi_valid=0.69  div_loss=0.0000  kl_loss=0.0000 (disabled)  score=0.984  return=1.031  role_std=1.3353  role_norm=2.7924  enc_delta ego=0.0014 partner=0.0015 road=0.0028
[ROMA step 1,981,022,208] sps= 52,566  policy_loss=0.0046  value_loss=0.0154  mi_loss=0.0002  mi_valid=0.69  div_loss=0.0002  kl_loss=0.0000 (disabled)  score=0.984  return=1.031  role_std=1.3357  role_norm=2.8311  enc_delta ego=0.0014 partner=0.0016 road=0.0027
[ROMA step 1,981,808,640] sps= 52,573  policy_loss=0.0044  value_loss=0.0147  mi_loss=0.0002  mi_valid=0.69  div_loss=0.0000  kl_loss=0.0000 (disabled)  score=0.984  return=1.031  role_std=1.3341  role_norm=2.8087  enc_delta ego=0.0015 partner=0.0015 road=0.0027
[ROMA step 1,982,595,072] sps= 52,563  policy_loss=-0.0028  value_loss=0.0254  mi_loss=0.0002  mi_valid=0.67  div_loss=0.0000  kl_loss=0.0000 (disabled)  score=0.984  return=1.031  role_std=1.3418  role_norm=2.8209  enc_delta ego=0.0017 partner=0.0017 road=0.0024
[ROMA step 1,983,381,504] sps= 52,570  policy_loss=0.0044  value_loss=0.0163  mi_loss=0.0002  mi_valid=0.68  div_loss=0.0001  kl_loss=0.0000 (disabled)  score=0.984  return=1.030  role_std=1.3549  role_norm=2.8509  enc_delta ego=0.0012 partner=0.0018 road=0.0024
[ROMA step 1,984,167,936] sps= 52,577  policy_loss=-0.0010  value_loss=0.0121  mi_loss=0.0002  mi_valid=0.68  div_loss=0.0000  kl_loss=0.0000 (disabled)  score=0.984  return=1.030  role_std=1.3631  role_norm=2.8627  enc_delta ego=0.0014 partner=0.0016 road=0.0021
[ROMA step 1,984,954,368] sps= 52,566  policy_loss=0.0006  value_loss=0.0232  mi_loss=0.0002  mi_valid=0.67  div_loss=0.0001  kl_loss=0.0000 (disabled)  score=0.984  return=1.031  role_std=1.3795  role_norm=2.9285  enc_delta ego=0.0013 partner=0.0016 road=0.0022
[ROMA step 1,985,740,800] sps= 52,573  policy_loss=-0.0005  value_loss=0.0158  mi_loss=0.0002  mi_valid=0.68  div_loss=0.0000  kl_loss=0.0000 (disabled)  score=0.984  return=1.030  role_std=1.3440  role_norm=2.8275  enc_delta ego=0.0013 partner=0.0017 road=0.0024
[ROMA step 1,986,527,232] sps= 52,580  policy_loss=-0.0014  value_loss=0.0169  mi_loss=0.0002  mi_valid=0.69  div_loss=0.0000  kl_loss=0.0000 (disabled)  score=0.984  return=1.031  role_std=1.3619  role_norm=2.8515  enc_delta ego=0.0012 partner=0.0017 road=0.0024
[ROMA step 1,987,313,664] sps= 52,586  policy_loss=0.0029  value_loss=0.0148  mi_loss=0.0002  mi_valid=0.68  div_loss=0.0002  kl_loss=0.0000 (disabled)  score=0.985  return=1.032  role_std=1.3510  role_norm=2.8394  enc_delta ego=0.0013 partner=0.0019 road=0.0025
[ROMA step 1,988,100,096] sps= 52,580  policy_loss=-0.0023  value_loss=0.0265  mi_loss=0.0002  mi_valid=0.66  div_loss=0.0001  kl_loss=0.0000 (disabled)  score=0.985  return=1.032  role_std=1.3913  role_norm=2.8804  enc_delta ego=0.0014 partner=0.0014 road=0.0022
[ROMA step 1,988,886,528] sps= 52,587  policy_loss=-0.0012  value_loss=0.0176  mi_loss=0.0002  mi_valid=0.67  div_loss=-0.0000  kl_loss=0.0000 (disabled)  score=0.985  return=1.032  role_std=1.3885  role_norm=2.9080  enc_delta ego=0.0016 partner=0.0018 road=0.0023
[ROMA step 1,989,672,960] sps= 52,593  policy_loss=-0.0026  value_loss=0.0181  mi_loss=0.0002  mi_valid=0.67  div_loss=0.0001  kl_loss=0.0000 (disabled)  score=0.986  return=1.033  role_std=1.4004  role_norm=2.9250  enc_delta ego=0.0015 partner=0.0019 road=0.0021
[ROMA step 1,990,459,392] sps= 52,587  policy_loss=0.0016  value_loss=0.0248  mi_loss=0.0002  mi_valid=0.65  div_loss=0.0000  kl_loss=0.0000 (disabled)  score=0.986  return=1.034  role_std=1.4611  role_norm=3.0549  enc_delta ego=0.0013 partner=0.0017 road=0.0021
[ROMA step 1,991,245,824] sps= 52,594  policy_loss=0.0046  value_loss=0.0216  mi_loss=0.0002  mi_valid=0.70  div_loss=0.0001  kl_loss=0.0000 (disabled)  score=0.986  return=1.034  role_std=1.4025  role_norm=3.0122  enc_delta ego=0.0021 partner=0.0022 road=0.0032
[ROMA step 1,992,032,256] sps= 52,601  policy_loss=0.0036  value_loss=0.0264  mi_loss=0.0002  mi_valid=0.69  div_loss=0.0001  kl_loss=0.0000 (disabled)  score=0.986  return=1.035  role_std=1.4096  role_norm=2.9655  enc_delta ego=0.0019 partner=0.0024 road=0.0032
[ROMA step 1,992,818,688] sps= 52,608  policy_loss=-0.0036  value_loss=0.0236  mi_loss=0.0002  mi_valid=0.69  div_loss=0.0000  kl_loss=0.0000 (disabled)  score=0.986  return=1.035  role_std=1.3981  role_norm=2.9834  enc_delta ego=0.0015 partner=0.0022 road=0.0024
[ROMA step 1,993,605,120] sps= 52,600  policy_loss=-0.0035  value_loss=0.0300  mi_loss=0.0002  mi_valid=0.68  div_loss=-0.0000  kl_loss=0.0000 (disabled)  score=0.987  return=1.036  role_std=1.3677  role_norm=2.9520  enc_delta ego=0.0012 partner=0.0020 road=0.0023
[ROMA step 1,994,391,552] sps= 52,607  policy_loss=0.0012  value_loss=0.0152  mi_loss=0.0002  mi_valid=0.69  div_loss=0.0001  kl_loss=0.0000 (disabled)  score=0.986  return=1.036  role_std=1.3616  role_norm=2.9037  enc_delta ego=0.0015 partner=0.0021 road=0.0021
[ROMA step 1,995,177,984] sps= 52,614  policy_loss=-0.0029  value_loss=0.0208  mi_loss=0.0002  mi_valid=0.69  div_loss=0.0000  kl_loss=0.0000 (disabled)  score=0.986  return=1.036  role_std=1.3852  role_norm=2.9263  enc_delta ego=0.0016 partner=0.0023 road=0.0026
[ROMA step 1,995,964,416] sps= 52,621  policy_loss=-0.0005  value_loss=0.0178  mi_loss=0.0002  mi_valid=0.69  div_loss=0.0001  kl_loss=0.0000 (disabled)  score=0.986  return=1.036  role_std=1.3751  role_norm=2.8861  enc_delta ego=0.0022 partner=0.0018 road=0.0022
[ROMA step 1,996,750,848] sps= 52,612  policy_loss=0.0008  value_loss=0.0318  mi_loss=0.0002  mi_valid=0.68  div_loss=0.0000  kl_loss=0.0000 (disabled)  score=0.985  return=1.036  role_std=1.3340  role_norm=2.7780  enc_delta ego=0.0017 partner=0.0016 road=0.0026
[ROMA step 1,997,537,280] sps= 52,619  policy_loss=-0.0042  value_loss=0.0205  mi_loss=0.0002  mi_valid=0.69  div_loss=0.0001  kl_loss=0.0000 (disabled)  score=0.985  return=1.035  role_std=1.3451  role_norm=2.8151  enc_delta ego=0.0017 partner=0.0017 road=0.0028
[ROMA step 1,998,323,712] sps= 52,626  policy_loss=-0.0114  value_loss=0.0174  mi_loss=0.0002  mi_valid=0.69  div_loss=0.0000  kl_loss=0.0000 (disabled)  score=0.985  return=1.035  role_std=1.3629  role_norm=2.8014  enc_delta ego=0.0015 partner=0.0018 road=0.0028
[ROMA step 1,999,110,144] sps= 52,618  policy_loss=-0.0027  value_loss=0.0292  mi_loss=0.0002  mi_valid=0.68  div_loss=0.0001  kl_loss=0.0000 (disabled)  score=0.985  return=1.034  role_std=1.3592  role_norm=2.7915  enc_delta ego=0.0016 partner=0.0016 road=0.0033
[ROMA step 1,999,896,576] sps= 52,624  policy_loss=-0.0023  value_loss=0.0206  mi_loss=0.0002  mi_valid=0.69  div_loss=0.0000  kl_loss=0.0000 (disabled)  score=0.985  return=1.034  role_std=1.3451  role_norm=2.7460  enc_delta ego=0.0013 partner=0.0019 road=0.0031
[ROMA step 2,000,683,008] sps= 52,630  policy_loss=-0.0016  value_loss=0.0195  mi_loss=0.0002  mi_valid=0.69  div_loss=0.0000  kl_loss=0.0000 (disabled)  score=0.985  return=1.033  role_std=1.3224  role_norm=2.7093  enc_delta ego=0.0016 partner=0.0018 road=0.0025
[ROMA] Saved -> /scratch/e452103/checkpoints/roma_mifutagent_dim4_H8_r16p64_ep_film/roma_dim4_step2000683008.pt
[ROMA] Periodic WOSAC eval at step 2,000,683,008 ...

WOSAC realism metrics (32 rollouts, up to 10 batches, step 2,000,683,008)...
  Batch 10/10 | scenarios: 1207 | realism: 0.6867

  Scenarios evaluated       : 1207
  Realism meta-score        : 0.6867
  Kinematic metrics         : 0.3133
  Interactive metrics       : 0.6602
  Map-based metrics         : 0.7880
  minADE (m)                : 7.2066
  likelihood_offroad        : 0.9172
  likelihood_dist_road_edge : 0.6548
  likelihood_collision      : 0.8782
  likelihood_dist_obj       : 0.3079
  likelihood_ttc            : 0.7927
  likelihood_linear_speed   : 0.1886
  likelihood_linear_accel   : 0.2871
  likelihood_angular_speed  : 0.3484
  likelihood_angular_accel  : 0.4230
[ROMA step 2,001,469,440] sps= 51,849  policy_loss=-0.0071  value_loss=0.0163  mi_loss=0.0002  mi_valid=0.69  div_loss=0.0001  kl_loss=0.0000 (disabled)  score=0.984  return=1.033  role_std=1.3515  role_norm=2.7519  enc_delta ego=0.0017 partner=0.0017 road=0.0023
[ROMA step 2,002,255,872] sps= 51,839  policy_loss=-0.0100  value_loss=0.0241  mi_loss=0.0002  mi_valid=0.68  div_loss=0.0002  kl_loss=0.0000 (disabled)  score=0.984  return=1.033  role_std=1.3749  role_norm=2.8875  enc_delta ego=0.0015 partner=0.0018 road=0.0026
[ROMA step 2,003,042,304] sps= 51,846  policy_loss=-0.0021  value_loss=0.0184  mi_loss=0.0002  mi_valid=0.69  div_loss=0.0000  kl_loss=0.0000 (disabled)  score=0.984  return=1.034  role_std=1.3973  role_norm=2.9062  enc_delta ego=0.0013 partner=0.0015 road=0.0021
[ROMA step 2,003,828,736] sps= 51,853  policy_loss=0.0039  value_loss=0.0128  mi_loss=0.0001  mi_valid=0.68  div_loss=-0.0000  kl_loss=0.0000 (disabled)  score=0.984  return=1.034  role_std=1.3922  role_norm=2.9071  enc_delta ego=0.0013 partner=0.0015 road=0.0021
[ROMA step 2,004,615,168] sps= 51,838  policy_loss=0.0016  value_loss=0.0264  mi_loss=0.0002  mi_valid=0.67  div_loss=-0.0000  kl_loss=0.0000 (disabled)  score=0.984  return=1.034  role_std=1.3930  role_norm=2.8557  enc_delta ego=0.0013 partner=0.0016 road=0.0023
[ROMA step 2,005,401,600] sps= 51,845  policy_loss=-0.0007  value_loss=0.0161  mi_loss=0.0002  mi_valid=0.68  div_loss=-0.0000  kl_loss=0.0000 (disabled)  score=0.984  return=1.034  role_std=1.4597  role_norm=3.0428  enc_delta ego=0.0018 partner=0.0022 road=0.0028
[ROMA step 2,006,188,032] sps= 51,852  policy_loss=0.0023  value_loss=0.0159  mi_loss=0.0002  mi_valid=0.68  div_loss=0.0001  kl_loss=0.0000 (disabled)  score=0.984  return=1.034  role_std=1.4321  role_norm=3.0061  enc_delta ego=0.0015 partner=0.0018 road=0.0023
[ROMA step 2,006,974,464] sps= 51,859  policy_loss=-0.0071  value_loss=0.0162  mi_loss=0.0002  mi_valid=0.69  div_loss=0.0003  kl_loss=0.0000 (disabled)  score=0.984  return=1.034  role_std=1.4461  role_norm=3.0121  enc_delta ego=0.0014 partner=0.0020 road=0.0024
[ROMA step 2,007,760,896] sps= 51,846  policy_loss=0.0003  value_loss=0.0281  mi_loss=0.0002  mi_valid=0.66  div_loss=0.0000  kl_loss=0.0000 (disabled)  score=0.984  return=1.034  role_std=1.4405  role_norm=3.0235  enc_delta ego=0.0018 partner=0.0018 road=0.0025
[ROMA step 2,008,547,328] sps= 51,853  policy_loss=-0.0056  value_loss=0.0152  mi_loss=0.0002  mi_valid=0.67  div_loss=-0.0000  kl_loss=0.0000 (disabled)  score=0.984  return=1.033  role_std=1.4229  role_norm=2.9693  enc_delta ego=0.0018 partner=0.0018 road=0.0030
[ROMA step 2,009,333,760] sps= 51,860  policy_loss=0.0025  value_loss=0.0163  mi_loss=0.0002  mi_valid=0.67  div_loss=0.0003  kl_loss=0.0000 (disabled)  score=0.984  return=1.034  role_std=1.3979  role_norm=2.9154  enc_delta ego=0.0013 partner=0.0015 road=0.0022
[ROMA step 2,010,120,192] sps= 51,845  policy_loss=0.0029  value_loss=0.0267  mi_loss=0.0002  mi_valid=0.66  div_loss=-0.0000  kl_loss=0.0000 (disabled)  score=0.985  return=1.035  role_std=1.3313  role_norm=2.8388  enc_delta ego=0.0012 partner=0.0014 road=0.0019
[ROMA step 2,010,906,624] sps= 51,852  policy_loss=-0.0048  value_loss=0.0159  mi_loss=0.0002  mi_valid=0.68  div_loss=0.0001  kl_loss=0.0000 (disabled)  score=0.985  return=1.035  role_std=1.3650  role_norm=2.8329  enc_delta ego=0.0016 partner=0.0019 road=0.0022
[ROMA step 2,011,693,056] sps= 51,858  policy_loss=-0.0013  value_loss=0.0198  mi_loss=0.0002  mi_valid=0.68  div_loss=0.0001  kl_loss=0.0000 (disabled)  score=0.985  return=1.035  role_std=1.3866  role_norm=2.8450  enc_delta ego=0.0016 partner=0.0017 road=0.0019
[ROMA step 2,012,479,488] sps= 51,863  policy_loss=-0.0027  value_loss=0.0191  mi_loss=0.0002  mi_valid=0.68  div_loss=0.0000  kl_loss=0.0000 (disabled)  score=0.986  return=1.036  role_std=1.3599  role_norm=2.8296  enc_delta ego=0.0014 partner=0.0019 road=0.0021
[ROMA step 2,013,265,920] sps= 51,845  policy_loss=-0.0030  value_loss=0.0241  mi_loss=0.0002  mi_valid=0.67  div_loss=0.0000  kl_loss=0.0000 (disabled)  score=0.986  return=1.037  role_std=1.3758  role_norm=2.8494  enc_delta ego=0.0015 partner=0.0015 road=0.0021
[ROMA step 2,014,052,352] sps= 51,852  policy_loss=-0.0023  value_loss=0.0145  mi_loss=0.0002  mi_valid=0.68  div_loss=0.0000  kl_loss=0.0000 (disabled)  score=0.986  return=1.037  role_std=1.3838  role_norm=2.8952  enc_delta ego=0.0014 partner=0.0016 road=0.0028
[ROMA step 2,014,838,784] sps= 51,859  policy_loss=-0.0049  value_loss=0.0131  mi_loss=0.0002  mi_valid=0.68  div_loss=0.0000  kl_loss=0.0000 (disabled)  score=0.986  return=1.038  role_std=1.3471  role_norm=2.7954  enc_delta ego=0.0017 partner=0.0017 road=0.0027
[ROMA step 2,015,625,216] sps= 51,841  policy_loss=-0.0002  value_loss=0.0240  mi_loss=0.0002  mi_valid=0.67  div_loss=0.0002  kl_loss=0.0000 (disabled)  score=0.986  return=1.038  role_std=1.3103  role_norm=2.6815  enc_delta ego=0.0015 partner=0.0013 road=0.0022
[ROMA step 2,016,411,648] sps= 51,848  policy_loss=0.0037  value_loss=0.0243  mi_loss=0.0002  mi_valid=0.69  div_loss=0.0000  kl_loss=0.0000 (disabled)  score=0.986  return=1.039  role_std=1.2994  role_norm=2.6997  enc_delta ego=0.0016 partner=0.0019 road=0.0024
[ROMA step 2,017,198,080] sps= 51,854  policy_loss=0.0020  value_loss=0.0250  mi_loss=0.0002  mi_valid=0.69  div_loss=0.0000  kl_loss=0.0000 (disabled)  score=0.987  return=1.040  role_std=1.3020  role_norm=2.6901  enc_delta ego=0.0017 partner=0.0022 road=0.0028
[ROMA step 2,017,984,512] sps= 51,861  policy_loss=-0.0080  value_loss=0.0191  mi_loss=0.0002  mi_valid=0.69  div_loss=0.0000  kl_loss=0.0000 (disabled)  score=0.987  return=1.040  role_std=1.3023  role_norm=2.6908  enc_delta ego=0.0014 partner=0.0022 road=0.0023
[ROMA step 2,018,770,944] sps= 51,846  policy_loss=-0.0007  value_loss=0.0297  mi_loss=0.0002  mi_valid=0.67  div_loss=0.0001  kl_loss=0.0000 (disabled)  score=0.987  return=1.041  role_std=1.3463  role_norm=2.8100  enc_delta ego=0.0012 partner=0.0017 road=0.0023
[ROMA step 2,019,557,376] sps= 51,852  policy_loss=0.0054  value_loss=0.0261  mi_loss=0.0002  mi_valid=0.68  div_loss=-0.0000  kl_loss=0.0000 (disabled)  score=0.987  return=1.041  role_std=1.3921  role_norm=2.8893  enc_delta ego=0.0016 partner=0.0022 road=0.0028
[ROMA step 2,020,343,808] sps= 51,859  policy_loss=-0.0038  value_loss=0.0175  mi_loss=0.0002  mi_valid=0.68  div_loss=-0.0000  kl_loss=0.0000 (disabled)  score=0.987  return=1.041  role_std=1.4018  role_norm=2.8847  enc_delta ego=0.0015 partner=0.0018 road=0.0025
[ROMA step 2,021,130,240] sps= 51,866  policy_loss=-0.0045  value_loss=0.0193  mi_loss=0.0002  mi_valid=0.68  div_loss=0.0000  kl_loss=0.0000 (disabled)  score=0.987  return=1.041  role_std=1.4008  role_norm=2.8799  enc_delta ego=0.0015 partner=0.0018 road=0.0025
[ROMA step 2,021,916,672] sps= 51,847  policy_loss=-0.0013  value_loss=0.0317  mi_loss=0.0002  mi_valid=0.67  div_loss=0.0003  kl_loss=0.0000 (disabled)  score=0.987  return=1.041  role_std=1.3827  role_norm=2.8165  enc_delta ego=0.0019 partner=0.0020 road=0.0024
[ROMA step 2,022,703,104] sps= 51,854  policy_loss=0.0025  value_loss=0.0211  mi_loss=0.0002  mi_valid=0.68  div_loss=0.0000  kl_loss=0.0000 (disabled)  score=0.987  return=1.040  role_std=1.3823  role_norm=2.8666  enc_delta ego=0.0016 partner=0.0017 road=0.0024
[ROMA step 2,023,489,536] sps= 51,861  policy_loss=-0.0029  value_loss=0.0193  mi_loss=0.0002  mi_valid=0.68  div_loss=0.0000  kl_loss=0.0000 (disabled)  score=0.987  return=1.040  role_std=1.3701  role_norm=2.8461  enc_delta ego=0.0016 partner=0.0019 road=0.0025
[ROMA step 2,024,275,968] sps= 51,847  policy_loss=-0.0069  value_loss=0.0299  mi_loss=0.0002  mi_valid=0.67  div_loss=0.0001  kl_loss=0.0000 (disabled)  score=0.987  return=1.039  role_std=1.4568  role_norm=3.0109  enc_delta ego=0.0018 partner=0.0018 road=0.0024
[ROMA step 2,025,062,400] sps= 51,854  policy_loss=0.0006  value_loss=0.0247  mi_loss=0.0002  mi_valid=0.70  div_loss=0.0001  kl_loss=0.0000 (disabled)  score=0.986  return=1.038  role_std=1.3949  role_norm=2.9119  enc_delta ego=0.0017 partner=0.0025 road=0.0024
[ROMA step 2,025,848,832] sps= 51,860  policy_loss=-0.0063  value_loss=0.0272  mi_loss=0.0002  mi_valid=0.70  div_loss=0.0001  kl_loss=0.0000 (disabled)  score=0.986  return=1.037  role_std=1.3835  role_norm=2.8868  enc_delta ego=0.0015 partner=0.0023 road=0.0023
[ROMA step 2,026,635,264] sps= 51,867  policy_loss=0.0041  value_loss=0.0199  mi_loss=0.0002  mi_valid=0.70  div_loss=0.0000  kl_loss=0.0000 (disabled)  score=0.985  return=1.036  role_std=1.3657  role_norm=2.8541  enc_delta ego=0.0016 partner=0.0020 road=0.0023
[ROMA step 2,027,421,696] sps= 51,854  policy_loss=-0.0006  value_loss=0.0330  mi_loss=0.0002  mi_valid=0.68  div_loss=0.0001  kl_loss=0.0000 (disabled)  score=0.985  return=1.035  role_std=1.3687  role_norm=2.8860  enc_delta ego=0.0017 partner=0.0022 road=0.0024
[ROMA step 2,028,208,128] sps= 51,861  policy_loss=0.0011  value_loss=0.0232  mi_loss=0.0002  mi_valid=0.70  div_loss=0.0001  kl_loss=0.0000 (disabled)  score=0.984  return=1.033  role_std=1.3892  role_norm=2.8988  enc_delta ego=0.0016 partner=0.0019 road=0.0023
[ROMA step 2,028,994,560] sps= 51,867  policy_loss=0.0072  value_loss=0.0219  mi_loss=0.0001  mi_valid=0.70  div_loss=0.0001  kl_loss=0.0000 (disabled)  score=0.984  return=1.033  role_std=1.3940  role_norm=2.9065  enc_delta ego=0.0015 partner=0.0019 road=0.0023
[ROMA step 2,029,780,992] sps= 51,851  policy_loss=-0.0044  value_loss=0.0248  mi_loss=0.0002  mi_valid=0.69  div_loss=0.0000  kl_loss=0.0000 (disabled)  score=0.984  return=1.032  role_std=1.3225  role_norm=2.7787  enc_delta ego=0.0014 partner=0.0018 road=0.0027
[ROMA step 2,030,567,424] sps= 51,857  policy_loss=-0.0038  value_loss=0.0151  mi_loss=0.0002  mi_valid=0.69  div_loss=0.0001  kl_loss=0.0000 (disabled)  score=0.983  return=1.031  role_std=1.3514  role_norm=2.8370  enc_delta ego=0.0014 partner=0.0017 road=0.0024
[ROMA step 2,031,353,856] sps= 51,864  policy_loss=0.0014  value_loss=0.0175  mi_loss=0.0002  mi_valid=0.69  div_loss=0.0000  kl_loss=0.0000 (disabled)  score=0.983  return=1.031  role_std=1.3412  role_norm=2.8162  enc_delta ego=0.0013 partner=0.0013 road=0.0023
[ROMA step 2,032,140,288] sps= 51,870  policy_loss=-0.0030  value_loss=0.0139  mi_loss=0.0002  mi_valid=0.69  div_loss=-0.0000  kl_loss=0.0000 (disabled)  score=0.983  return=1.030  role_std=1.3367  role_norm=2.8009  enc_delta ego=0.0012 partner=0.0014 road=0.0023
[ROMA step 2,032,926,720] sps= 51,856  policy_loss=-0.0100  value_loss=0.0219  mi_loss=0.0002  mi_valid=0.68  div_loss=-0.0000  kl_loss=0.0000 (disabled)  score=0.983  return=1.030  role_std=1.3471  role_norm=2.7989  enc_delta ego=0.0013 partner=0.0015 road=0.0022
[ROMA step 2,033,713,152] sps= 51,863  policy_loss=-0.0078  value_loss=0.0110  mi_loss=0.0002  mi_valid=0.69  div_loss=0.0001  kl_loss=0.0000 (disabled)  score=0.983  return=1.030  role_std=1.3387  role_norm=2.7768  enc_delta ego=0.0012 partner=0.0018 road=0.0021
[ROMA step 2,034,499,584] sps= 51,870  policy_loss=0.0023  value_loss=0.0138  mi_loss=0.0002  mi_valid=0.69  div_loss=0.0000  kl_loss=0.0000 (disabled)  score=0.983  return=1.030  role_std=1.3216  role_norm=2.7708  enc_delta ego=0.0015 partner=0.0016 road=0.0021
[ROMA step 2,035,286,016] sps= 51,848  policy_loss=-0.0038  value_loss=0.0204  mi_loss=0.0002  mi_valid=0.68  div_loss=0.0000  kl_loss=0.0000 (disabled)  score=0.982  return=1.030  role_std=1.2880  role_norm=2.7167  enc_delta ego=0.0011 partner=0.0014 road=0.0019
[ROMA step 2,036,072,448] sps= 51,855  policy_loss=-0.0094  value_loss=0.0178  mi_loss=0.0002  mi_valid=0.69  div_loss=0.0000  kl_loss=0.0000 (disabled)  score=0.983  return=1.030  role_std=1.3125  role_norm=2.7295  enc_delta ego=0.0012 partner=0.0017 road=0.0022
[ROMA step 2,036,858,880] sps= 51,861  policy_loss=-0.0027  value_loss=0.0184  mi_loss=0.0002  mi_valid=0.69  div_loss=0.0001  kl_loss=0.0000 (disabled)  score=0.982  return=1.030  role_std=1.3087  role_norm=2.6760  enc_delta ego=0.0014 partner=0.0016 road=0.0023
[ROMA step 2,037,645,312] sps= 51,868  policy_loss=-0.0048  value_loss=0.0157  mi_loss=0.0002  mi_valid=0.69  div_loss=0.0000  kl_loss=0.0000 (disabled)  score=0.982  return=1.029  role_std=1.3405  role_norm=2.7330  enc_delta ego=0.0014 partner=0.0017 road=0.0023
[ROMA step 2,038,431,744] sps= 51,852  policy_loss=0.0006  value_loss=0.0237  mi_loss=0.0002  mi_valid=0.68  div_loss=0.0001  kl_loss=0.0000 (disabled)  score=0.982  return=1.029  role_std=1.3462  role_norm=2.7611  enc_delta ego=0.0011 partner=0.0013 road=0.0020
[ROMA step 2,039,218,176] sps= 51,859  policy_loss=-0.0044  value_loss=0.0122  mi_loss=0.0002  mi_valid=0.69  div_loss=0.0000  kl_loss=0.0000 (disabled)  score=0.982  return=1.029  role_std=1.3203  role_norm=2.7439  enc_delta ego=0.0013 partner=0.0018 road=0.0022
[ROMA step 2,040,004,608] sps= 51,866  policy_loss=0.0004  value_loss=0.0147  mi_loss=0.0002  mi_valid=0.69  div_loss=0.0000  kl_loss=0.0000 (disabled)  score=0.982  return=1.030  role_std=1.3352  role_norm=2.7667  enc_delta ego=0.0015 partner=0.0014 road=0.0022
[ROMA step 2,040,791,040] sps= 51,849  policy_loss=0.0008  value_loss=0.0213  mi_loss=0.0002  mi_valid=0.67  div_loss=0.0000  kl_loss=0.0000 (disabled)  score=0.982  return=1.030  role_std=1.3411  role_norm=2.8530  enc_delta ego=0.0011 partner=0.0015 road=0.0020
[ROMA step 2,041,577,472] sps= 51,856  policy_loss=-0.0080  value_loss=0.0138  mi_loss=0.0002  mi_valid=0.70  div_loss=0.0001  kl_loss=0.0000 (disabled)  score=0.982  return=1.030  role_std=1.3335  role_norm=2.8029  enc_delta ego=0.0013 partner=0.0014 road=0.0024
[ROMA step 2,042,363,904] sps= 51,861  policy_loss=-0.0012  value_loss=0.0173  mi_loss=0.0002  mi_valid=0.69  div_loss=0.0001  kl_loss=0.0000 (disabled)  score=0.982  return=1.031  role_std=1.3301  role_norm=2.8016  enc_delta ego=0.0015 partner=0.0014 road=0.0025
[ROMA step 2,043,150,336] sps= 51,867  policy_loss=-0.0038  value_loss=0.0139  mi_loss=0.0002  mi_valid=0.69  div_loss=0.0002  kl_loss=0.0000 (disabled)  score=0.983  return=1.032  role_std=1.3444  role_norm=2.8082  enc_delta ego=0.0013 partner=0.0014 road=0.0024
[ROMA step 2,043,936,768] sps= 51,850  policy_loss=0.0042  value_loss=0.0306  mi_loss=0.0002  mi_valid=0.68  div_loss=-0.0000  kl_loss=0.0000 (disabled)  score=0.983  return=1.033  role_std=1.2819  role_norm=2.6767  enc_delta ego=0.0012 partner=0.0013 road=0.0022
[ROMA step 2,044,723,200] sps= 51,857  policy_loss=0.0049  value_loss=0.0178  mi_loss=0.0002  mi_valid=0.69  div_loss=0.0001  kl_loss=0.0000 (disabled)  score=0.984  return=1.034  role_std=1.2924  role_norm=2.6950  enc_delta ego=0.0013 partner=0.0015 road=0.0023
[ROMA step 2,045,509,632] sps= 51,863  policy_loss=-0.0019  value_loss=0.0187  mi_loss=0.0002  mi_valid=0.69  div_loss=0.0001  kl_loss=0.0000 (disabled)  score=0.984  return=1.034  role_std=1.3173  role_norm=2.7545  enc_delta ego=0.0015 partner=0.0015 road=0.0022
[ROMA step 2,046,296,064] sps= 51,870  policy_loss=-0.0001  value_loss=0.0153  mi_loss=0.0002  mi_valid=0.70  div_loss=0.0000  kl_loss=0.0000 (disabled)  score=0.984  return=1.035  role_std=1.3116  role_norm=2.7285  enc_delta ego=0.0013 partner=0.0013 road=0.0020
[ROMA step 2,047,082,496] sps= 51,855  policy_loss=-0.0024  value_loss=0.0212  mi_loss=0.0002  mi_valid=0.67  div_loss=0.0001  kl_loss=0.0000 (disabled)  score=0.985  return=1.036  role_std=1.3996  role_norm=2.9011  enc_delta ego=0.0015 partner=0.0013 road=0.0027
[ROMA step 2,047,868,928] sps= 51,862  policy_loss=-0.0013  value_loss=0.0136  mi_loss=0.0002  mi_valid=0.68  div_loss=0.0001  kl_loss=0.0000 (disabled)  score=0.985  return=1.037  role_std=1.3847  role_norm=2.8636  enc_delta ego=0.0015 partner=0.0016 road=0.0024
[ROMA step 2,048,655,360] sps= 51,869  policy_loss=-0.0017  value_loss=0.0097  mi_loss=0.0002  mi_valid=0.68  div_loss=0.0000  kl_loss=0.0000 (disabled)  score=0.985  return=1.038  role_std=1.3885  role_norm=2.8528  enc_delta ego=0.0013 partner=0.0016 road=0.0019
[ROMA step 2,049,441,792] sps= 51,854  policy_loss=0.0020  value_loss=0.0239  mi_loss=0.0002  mi_valid=0.67  div_loss=0.0001  kl_loss=0.0000 (disabled)  score=0.986  return=1.039  role_std=1.3660  role_norm=2.7909  enc_delta ego=0.0012 partner=0.0014 road=0.0021
[ROMA step 2,050,228,224] sps= 51,861  policy_loss=-0.0079  value_loss=0.0183  mi_loss=0.0002  mi_valid=0.69  div_loss=0.0001  kl_loss=0.0000 (disabled)  score=0.986  return=1.039  role_std=1.3305  role_norm=2.7387  enc_delta ego=0.0016 partner=0.0015 road=0.0024
[ROMA step 2,051,014,656] sps= 51,867  policy_loss=0.0004  value_loss=0.0212  mi_loss=0.0002  mi_valid=0.68  div_loss=0.0000  kl_loss=0.0000 (disabled)  score=0.986  return=1.038  role_std=1.3259  role_norm=2.7446  enc_delta ego=0.0014 partner=0.0016 road=0.0021
[ROMA step 2,051,801,088] sps= 51,873  policy_loss=-0.0026  value_loss=0.0182  mi_loss=0.0002  mi_valid=0.68  div_loss=0.0002  kl_loss=0.0000 (disabled)  score=0.986  return=1.038  role_std=1.3340  role_norm=2.7487  enc_delta ego=0.0013 partner=0.0017 road=0.0019
[ROMA step 2,052,587,520] sps= 51,860  policy_loss=0.0028  value_loss=0.0266  mi_loss=0.0002  mi_valid=0.67  div_loss=0.0000  kl_loss=0.0000 (disabled)  score=0.986  return=1.039  role_std=1.3731  role_norm=2.8262  enc_delta ego=0.0012 partner=0.0015 road=0.0022
[ROMA step 2,053,373,952] sps= 51,867  policy_loss=-0.0025  value_loss=0.0120  mi_loss=0.0002  mi_valid=0.68  div_loss=0.0002  kl_loss=0.0000 (disabled)  score=0.987  return=1.039  role_std=1.3968  role_norm=2.8411  enc_delta ego=0.0012 partner=0.0016 road=0.0026
[ROMA step 2,054,160,384] sps= 51,874  policy_loss=-0.0012  value_loss=0.0157  mi_loss=0.0002  mi_valid=0.68  div_loss=0.0000  kl_loss=0.0000 (disabled)  score=0.987  return=1.040  role_std=1.3420  role_norm=2.7899  enc_delta ego=0.0015 partner=0.0015 road=0.0024
[ROMA step 2,054,946,816] sps= 51,858  policy_loss=-0.0027  value_loss=0.0270  mi_loss=0.0002  mi_valid=0.66  div_loss=0.0002  kl_loss=0.0000 (disabled)  score=0.987  return=1.040  role_std=1.3723  role_norm=2.8053  enc_delta ego=0.0016 partner=0.0014 road=0.0023
[ROMA step 2,055,733,248] sps= 51,865  policy_loss=-0.0043  value_loss=0.0221  mi_loss=0.0002  mi_valid=0.68  div_loss=0.0001  kl_loss=0.0000 (disabled)  score=0.987  return=1.041  role_std=1.3731  role_norm=2.8092  enc_delta ego=0.0013 partner=0.0017 road=0.0023
[ROMA step 2,056,519,680] sps= 51,872  policy_loss=-0.0030  value_loss=0.0189  mi_loss=0.0002  mi_valid=0.68  div_loss=0.0000  kl_loss=0.0000 (disabled)  score=0.987  return=1.041  role_std=1.3963  role_norm=2.8583  enc_delta ego=0.0013 partner=0.0018 road=0.0022
[ROMA step 2,057,306,112] sps= 51,879  policy_loss=-0.0083  value_loss=0.0189  mi_loss=0.0002  mi_valid=0.68  div_loss=0.0000  kl_loss=0.0000 (disabled)  score=0.987  return=1.041  role_std=1.4186  role_norm=2.9046  enc_delta ego=0.0013 partner=0.0016 road=0.0020
[ROMA step 2,058,092,544] sps= 51,856  policy_loss=-0.0075  value_loss=0.0251  mi_loss=0.0002  mi_valid=0.67  div_loss=0.0001  kl_loss=0.0000 (disabled)  score=0.988  return=1.041  role_std=1.4058  role_norm=2.8931  enc_delta ego=0.0015 partner=0.0016 road=0.0024
[ROMA step 2,058,878,976] sps= 51,863  policy_loss=-0.0035  value_loss=0.0161  mi_loss=0.0002  mi_valid=0.68  div_loss=0.0002  kl_loss=0.0000 (disabled)  score=0.988  return=1.041  role_std=1.3779  role_norm=2.8622  enc_delta ego=0.0013 partner=0.0016 road=0.0023
[ROMA step 2,059,665,408] sps= 51,869  policy_loss=0.0017  value_loss=0.0200  mi_loss=0.0002  mi_valid=0.68  div_loss=0.0000  kl_loss=0.0000 (disabled)  score=0.988  return=1.041  role_std=1.3779  role_norm=2.8446  enc_delta ego=0.0017 partner=0.0017 road=0.0022
[ROMA step 2,060,451,840] sps= 51,855  policy_loss=-0.0009  value_loss=0.0252  mi_loss=0.0002  mi_valid=0.67  div_loss=0.0000  kl_loss=0.0000 (disabled)  score=0.988  return=1.040  role_std=1.3774  role_norm=2.8348  enc_delta ego=0.0016 partner=0.0016 road=0.0020
[ROMA step 2,061,238,272] sps= 51,862  policy_loss=-0.0019  value_loss=0.0214  mi_loss=0.0002  mi_valid=0.68  div_loss=0.0001  kl_loss=0.0000 (disabled)  score=0.988  return=1.040  role_std=1.3504  role_norm=2.7887  enc_delta ego=0.0013 partner=0.0018 road=0.0024
[ROMA step 2,062,024,704] sps= 51,869  policy_loss=0.0081  value_loss=0.0259  mi_loss=0.0002  mi_valid=0.68  div_loss=0.0001  kl_loss=0.0000 (disabled)  score=0.988  return=1.040  role_std=1.3532  role_norm=2.7904  enc_delta ego=0.0016 partner=0.0020 road=0.0023
[ROMA step 2,062,811,136] sps= 51,876  policy_loss=-0.0020  value_loss=0.0174  mi_loss=0.0002  mi_valid=0.68  div_loss=0.0000  kl_loss=0.0000 (disabled)  score=0.988  return=1.040  role_std=1.3809  role_norm=2.8180  enc_delta ego=0.0015 partner=0.0017 road=0.0022
[ROMA step 2,063,597,568] sps= 51,859  policy_loss=-0.0021  value_loss=0.0266  mi_loss=0.0002  mi_valid=0.67  div_loss=0.0001  kl_loss=0.0000 (disabled)  score=0.988  return=1.040  role_std=1.3480  role_norm=2.7473  enc_delta ego=0.0015 partner=0.0018 road=0.0021
[ROMA step 2,064,384,000] sps= 51,865  policy_loss=-0.0029  value_loss=0.0192  mi_loss=0.0002  mi_valid=0.68  div_loss=0.0000  kl_loss=0.0000 (disabled)  score=0.988  return=1.039  role_std=1.3293  role_norm=2.7077  enc_delta ego=0.0014 partner=0.0018 road=0.0024
[ROMA step 2,065,170,432] sps= 51,872  policy_loss=0.0014  value_loss=0.0209  mi_loss=0.0002  mi_valid=0.68  div_loss=0.0001  kl_loss=0.0000 (disabled)  score=0.987  return=1.038  role_std=1.3542  role_norm=2.7835  enc_delta ego=0.0015 partner=0.0019 road=0.0026
[ROMA step 2,065,956,864] sps= 51,854  policy_loss=0.0022  value_loss=0.0271  mi_loss=0.0002  mi_valid=0.67  div_loss=0.0000  kl_loss=0.0000 (disabled)  score=0.987  return=1.037  role_std=1.3815  role_norm=2.9263  enc_delta ego=0.0014 partner=0.0018 road=0.0023
[ROMA step 2,066,743,296] sps= 51,861  policy_loss=-0.0006  value_loss=0.0201  mi_loss=0.0002  mi_valid=0.68  div_loss=0.0000  kl_loss=0.0000 (disabled)  score=0.987  return=1.037  role_std=1.3901  role_norm=2.8608  enc_delta ego=0.0018 partner=0.0017 road=0.0022
[ROMA step 2,067,529,728] sps= 51,868  policy_loss=0.0083  value_loss=0.0198  mi_loss=0.0002  mi_valid=0.68  div_loss=0.0002  kl_loss=0.0000 (disabled)  score=0.987  return=1.037  role_std=1.4054  role_norm=2.8564  enc_delta ego=0.0015 partner=0.0016 road=0.0023
[ROMA step 2,068,316,160] sps= 51,874  policy_loss=-0.0032  value_loss=0.0167  mi_loss=0.0002  mi_valid=0.68  div_loss=0.0001  kl_loss=0.0000 (disabled)  score=0.987  return=1.037  role_std=1.3911  role_norm=2.8625  enc_delta ego=0.0015 partner=0.0017 road=0.0023
[ROMA step 2,069,102,592] sps= 51,856  policy_loss=-0.0057  value_loss=0.0259  mi_loss=0.0002  mi_valid=0.67  div_loss=0.0001  kl_loss=0.0000 (disabled)  score=0.987  return=1.038  role_std=1.3898  role_norm=2.8702  enc_delta ego=0.0018 partner=0.0014 road=0.0020
[ROMA step 2,069,889,024] sps= 51,863  policy_loss=0.0015  value_loss=0.0159  mi_loss=0.0002  mi_valid=0.68  div_loss=0.0003  kl_loss=0.0000 (disabled)  score=0.987  return=1.038  role_std=1.3941  role_norm=2.8861  enc_delta ego=0.0015 partner=0.0015 road=0.0021
[ROMA step 2,070,675,456] sps= 51,869  policy_loss=-0.0032  value_loss=0.0155  mi_loss=0.0002  mi_valid=0.68  div_loss=0.0001  kl_loss=0.0000 (disabled)  score=0.987  return=1.037  role_std=1.4075  role_norm=2.9179  enc_delta ego=0.0014 partner=0.0016 road=0.0021
[ROMA step 2,071,461,888] sps= 51,876  policy_loss=-0.0071  value_loss=0.0145  mi_loss=0.0002  mi_valid=0.67  div_loss=0.0001  kl_loss=0.0000 (disabled)  score=0.987  return=1.037  role_std=1.3981  role_norm=2.9028  enc_delta ego=0.0017 partner=0.0013 road=0.0021
[ROMA step 2,072,248,320] sps= 51,856  policy_loss=-0.0071  value_loss=0.0268  mi_loss=0.0002  mi_valid=0.67  div_loss=0.0001  kl_loss=0.0000 (disabled)  score=0.987  return=1.037  role_std=1.3892  role_norm=2.8556  enc_delta ego=0.0025 partner=0.0016 road=0.0028
[ROMA step 2,073,034,752] sps= 51,863  policy_loss=-0.0023  value_loss=0.0195  mi_loss=0.0002  mi_valid=0.67  div_loss=0.0000  kl_loss=0.0000 (disabled)  score=0.987  return=1.037  role_std=1.3631  role_norm=2.8511  enc_delta ego=0.0022 partner=0.0017 road=0.0023
[ROMA step 2,073,821,184] sps= 51,869  policy_loss=0.0018  value_loss=0.0167  mi_loss=0.0002  mi_valid=0.67  div_loss=0.0000  kl_loss=0.0000 (disabled)  score=0.987  return=1.037  role_std=1.3510  role_norm=2.7998  enc_delta ego=0.0012 partner=0.0014 road=0.0021
[ROMA step 2,074,607,616] sps= 51,850  policy_loss=0.0038  value_loss=0.0246  mi_loss=0.0002  mi_valid=0.66  div_loss=0.0004  kl_loss=0.0000 (disabled)  score=0.987  return=1.037  role_std=1.4126  role_norm=2.9350  enc_delta ego=0.0014 partner=0.0013 road=0.0019
[ROMA step 2,075,394,048] sps= 51,857  policy_loss=0.0006  value_loss=0.0156  mi_loss=0.0002  mi_valid=0.67  div_loss=0.0000  kl_loss=0.0000 (disabled)  score=0.987  return=1.037  role_std=1.3965  role_norm=2.8721  enc_delta ego=0.0012 partner=0.0013 road=0.0023
[ROMA step 2,076,180,480] sps= 51,863  policy_loss=-0.0042  value_loss=0.0139  mi_loss=0.0002  mi_valid=0.67  div_loss=-0.0000  kl_loss=0.0000 (disabled)  score=0.987  return=1.037  role_std=1.3880  role_norm=2.8824  enc_delta ego=0.0013 partner=0.0013 road=0.0020
[ROMA step 2,076,966,912] sps= 51,870  policy_loss=0.0010  value_loss=0.0125  mi_loss=0.0001  mi_valid=0.67  div_loss=0.0000  kl_loss=0.0000 (disabled)  score=0.987  return=1.038  role_std=1.3766  role_norm=2.8330  enc_delta ego=0.0011 partner=0.0013 road=0.0019
[ROMA step 2,077,753,344] sps= 51,851  policy_loss=-0.0020  value_loss=0.0267  mi_loss=0.0002  mi_valid=0.66  div_loss=-0.0000  kl_loss=0.0000 (disabled)  score=0.987  return=1.038  role_std=1.3642  role_norm=2.8153  enc_delta ego=0.0016 partner=0.0019 road=0.0021
[ROMA step 2,078,539,776] sps= 51,858  policy_loss=-0.0006  value_loss=0.0150  mi_loss=0.0002  mi_valid=0.68  div_loss=0.0000  kl_loss=0.0000 (disabled)  score=0.987  return=1.037  role_std=1.3563  role_norm=2.8331  enc_delta ego=0.0015 partner=0.0020 road=0.0023
[ROMA step 2,079,326,208] sps= 51,864  policy_loss=-0.0001  value_loss=0.0136  mi_loss=0.0002  mi_valid=0.67  div_loss=0.0000  kl_loss=0.0000 (disabled)  score=0.987  return=1.038  role_std=1.4094  role_norm=2.8718  enc_delta ego=0.0013 partner=0.0015 road=0.0019
[ROMA step 2,080,112,640] sps= 51,845  policy_loss=-0.0055  value_loss=0.0224  mi_loss=0.0002  mi_valid=0.66  div_loss=0.0000  kl_loss=0.0000 (disabled)  score=0.987  return=1.037  role_std=1.3461  role_norm=2.8090  enc_delta ego=0.0013 partner=0.0015 road=0.0019
[ROMA step 2,080,899,072] sps= 51,852  policy_loss=-0.0014  value_loss=0.0186  mi_loss=0.0002  mi_valid=0.68  div_loss=0.0001  kl_loss=0.0000 (disabled)  score=0.986  return=1.037  role_std=1.3861  role_norm=2.8745  enc_delta ego=0.0013 partner=0.0014 road=0.0023
[ROMA step 2,081,685,504] sps= 51,858  policy_loss=-0.0019  value_loss=0.0169  mi_loss=0.0002  mi_valid=0.68  div_loss=0.0000  kl_loss=0.0000 (disabled)  score=0.986  return=1.038  role_std=1.3564  role_norm=2.8262  enc_delta ego=0.0018 partner=0.0014 road=0.0023
[ROMA step 2,082,471,936] sps= 51,865  policy_loss=-0.0069  value_loss=0.0156  mi_loss=0.0002  mi_valid=0.68  div_loss=0.0000  kl_loss=0.0000 (disabled)  score=0.986  return=1.038  role_std=1.3660  role_norm=2.8638  enc_delta ego=0.0012 partner=0.0015 road=0.0021
[ROMA step 2,083,258,368] sps= 51,844  policy_loss=-0.0050  value_loss=0.0232  mi_loss=0.0002  mi_valid=0.67  div_loss=0.0001  kl_loss=0.0000 (disabled)  score=0.986  return=1.038  role_std=1.3645  role_norm=2.8347  enc_delta ego=0.0013 partner=0.0016 road=0.0020
[ROMA step 2,084,044,800] sps= 51,851  policy_loss=-0.0057  value_loss=0.0153  mi_loss=0.0002  mi_valid=0.68  div_loss=0.0000  kl_loss=0.0000 (disabled)  score=0.986  return=1.038  role_std=1.3591  role_norm=2.8167  enc_delta ego=0.0013 partner=0.0021 road=0.0019
[ROMA step 2,084,831,232] sps= 51,857  policy_loss=-0.0033  value_loss=0.0142  mi_loss=0.0002  mi_valid=0.68  div_loss=0.0001  kl_loss=0.0000 (disabled)  score=0.986  return=1.038  role_std=1.3525  role_norm=2.7898  enc_delta ego=0.0015 partner=0.0019 road=0.0018
[ROMA step 2,085,617,664] sps= 51,832  policy_loss=-0.0012  value_loss=0.0226  mi_loss=0.0002  mi_valid=0.67  div_loss=0.0000  kl_loss=0.0000 (disabled)  score=0.986  return=1.038  role_std=1.3950  role_norm=2.9435  enc_delta ego=0.0011 partner=0.0013 road=0.0018
[ROMA step 2,086,404,096] sps= 51,839  policy_loss=0.0028  value_loss=0.0235  mi_loss=0.0002  mi_valid=0.68  div_loss=0.0000  kl_loss=0.0000 (disabled)  score=0.987  return=1.038  role_std=1.4269  role_norm=2.9474  enc_delta ego=0.0022 partner=0.0017 road=0.0024
[ROMA step 2,087,190,528] sps= 51,845  policy_loss=-0.0039  value_loss=0.0150  mi_loss=0.0002  mi_valid=0.68  div_loss=0.0002  kl_loss=0.0000 (disabled)  score=0.987  return=1.038  role_std=1.4254  role_norm=2.9729  enc_delta ego=0.0015 partner=0.0016 road=0.0021
[ROMA step 2,087,976,960] sps= 51,852  policy_loss=0.0016  value_loss=0.0159  mi_loss=0.0002  mi_valid=0.68  div_loss=0.0001  kl_loss=0.0000 (disabled)  score=0.987  return=1.037  role_std=1.4290  role_norm=2.9851  enc_delta ego=0.0015 partner=0.0014 road=0.0021
[ROMA step 2,088,763,392] sps= 51,824  policy_loss=-0.0074  value_loss=0.0219  mi_loss=0.0002  mi_valid=0.67  div_loss=0.0002  kl_loss=0.0000 (disabled)  score=0.987  return=1.037  role_std=1.4043  role_norm=2.9298  enc_delta ego=0.0015 partner=0.0016 road=0.0023
[ROMA step 2,089,549,824] sps= 51,831  policy_loss=-0.0044  value_loss=0.0192  mi_loss=0.0002  mi_valid=0.69  div_loss=0.0001  kl_loss=0.0000 (disabled)  score=0.987  return=1.037  role_std=1.3897  role_norm=2.9116  enc_delta ego=0.0016 partner=0.0016 road=0.0023
[ROMA step 2,090,336,256] sps= 51,837  policy_loss=-0.0046  value_loss=0.0161  mi_loss=0.0002  mi_valid=0.69  div_loss=-0.0000  kl_loss=0.0000 (disabled)  score=0.987  return=1.036  role_std=1.4122  role_norm=2.9478  enc_delta ego=0.0012 partner=0.0016 road=0.0021
[ROMA step 2,091,122,688] sps= 51,816  policy_loss=-0.0030  value_loss=0.0230  mi_loss=0.0002  mi_valid=0.67  div_loss=-0.0000  kl_loss=0.0000 (disabled)  score=0.987  return=1.036  role_std=1.4243  role_norm=3.0657  enc_delta ego=0.0013 partner=0.0014 road=0.0019
[ROMA step 2,091,909,120] sps= 51,823  policy_loss=-0.0008  value_loss=0.0160  mi_loss=0.0002  mi_valid=0.68  div_loss=0.0002  kl_loss=0.0000 (disabled)  score=0.987  return=1.036  role_std=1.3973  role_norm=2.9044  enc_delta ego=0.0014 partner=0.0014 road=0.0020
[ROMA step 2,092,695,552] sps= 51,829  policy_loss=-0.0020  value_loss=0.0126  mi_loss=0.0002  mi_valid=0.68  div_loss=0.0000  kl_loss=0.0000 (disabled)  score=0.987  return=1.035  role_std=1.4087  role_norm=2.8909  enc_delta ego=0.0016 partner=0.0014 road=0.0024
[ROMA step 2,093,481,984] sps= 51,836  policy_loss=-0.0078  value_loss=0.0131  mi_loss=0.0002  mi_valid=0.68  div_loss=0.0001  kl_loss=0.0000 (disabled)  score=0.987  return=1.035  role_std=1.4288  role_norm=2.9162  enc_delta ego=0.0013 partner=0.0014 road=0.0019
[ROMA step 2,094,268,416] sps= 51,808  policy_loss=-0.0014  value_loss=0.0234  mi_loss=0.0002  mi_valid=0.67  div_loss=0.0001  kl_loss=0.0000 (disabled)  score=0.986  return=1.035  role_std=1.3693  role_norm=2.8474  enc_delta ego=0.0011 partner=0.0013 road=0.0019
[ROMA step 2,095,054,848] sps= 51,815  policy_loss=-0.0003  value_loss=0.0151  mi_loss=0.0002  mi_valid=0.68  div_loss=0.0002  kl_loss=0.0000 (disabled)  score=0.987  return=1.035  role_std=1.4284  role_norm=2.9563  enc_delta ego=0.0012 partner=0.0016 road=0.0021
[ROMA step 2,095,841,280] sps= 51,821  policy_loss=0.0029  value_loss=0.0165  mi_loss=0.0002  mi_valid=0.68  div_loss=0.0000  kl_loss=0.0000 (disabled)  score=0.987  return=1.036  role_std=1.4336  role_norm=2.9521  enc_delta ego=0.0010 partner=0.0014 road=0.0021
[ROMA step 2,096,627,712] sps= 51,828  policy_loss=-0.0048  value_loss=0.0176  mi_loss=0.0002  mi_valid=0.68  div_loss=0.0001  kl_loss=0.0000 (disabled)  score=0.986  return=1.036  role_std=1.4358  role_norm=2.9250  enc_delta ego=0.0013 partner=0.0014 road=0.0018
[ROMA step 2,097,414,144] sps= 51,784  policy_loss=-0.0059  value_loss=0.0229  mi_loss=0.0002  mi_valid=0.69  div_loss=0.0002  kl_loss=0.0000 (disabled)  score=0.986  return=1.036  role_std=1.3895  role_norm=2.8997  enc_delta ego=0.0017 partner=0.0017 road=0.0022
[ROMA step 2,098,200,576] sps= 51,791  policy_loss=-0.0022  value_loss=0.0167  mi_loss=0.0002  mi_valid=0.69  div_loss=0.0001  kl_loss=0.0000 (disabled)  score=0.986  return=1.036  role_std=1.4082  role_norm=2.9178  enc_delta ego=0.0016 partner=0.0017 road=0.0020
[ROMA step 2,098,987,008] sps= 51,797  policy_loss=-0.0050  value_loss=0.0126  mi_loss=0.0002  mi_valid=0.68  div_loss=0.0001  kl_loss=0.0000 (disabled)  score=0.986  return=1.036  role_std=1.4269  role_norm=2.9337  enc_delta ego=0.0015 partner=0.0014 road=0.0020
[ROMA step 2,099,773,440] sps= 51,773  policy_loss=0.0017  value_loss=0.0228  mi_loss=0.0002  mi_valid=0.68  div_loss=0.0000  kl_loss=0.0000 (disabled)  score=0.987  return=1.035  role_std=1.3924  role_norm=2.8712  enc_delta ego=0.0012 partner=0.0013 road=0.0020
[ROMA step 2,100,559,872] sps= 51,780  policy_loss=-0.0066  value_loss=0.0133  mi_loss=0.0002  mi_valid=0.69  div_loss=0.0000  kl_loss=0.0000 (disabled)  score=0.987  return=1.035  role_std=1.3778  role_norm=2.8493  enc_delta ego=0.0015 partner=0.0015 road=0.0019
[ROMA step 2,101,346,304] sps= 51,787  policy_loss=-0.0018  value_loss=0.0164  mi_loss=0.0002  mi_valid=0.69  div_loss=0.0003  kl_loss=0.0000 (disabled)  score=0.987  return=1.035  role_std=1.3562  role_norm=2.7987  enc_delta ego=0.0015 partner=0.0013 road=0.0018
[ROMA step 2,102,132,736] sps= 51,793  policy_loss=-0.0101  value_loss=0.0109  mi_loss=0.0002  mi_valid=0.69  div_loss=0.0001  kl_loss=0.0000 (disabled)  score=0.987  return=1.035  role_std=1.3588  role_norm=2.8045  enc_delta ego=0.0012 partner=0.0014 road=0.0019
[ROMA step 2,102,919,168] sps= 51,772  policy_loss=-0.0038  value_loss=0.0239  mi_loss=0.0002  mi_valid=0.67  div_loss=0.0000  kl_loss=0.0000 (disabled)  score=0.987  return=1.035  role_std=1.3659  role_norm=2.8517  enc_delta ego=0.0013 partner=0.0014 road=0.0024
[ROMA step 2,103,705,600] sps= 51,778  policy_loss=-0.0017  value_loss=0.0121  mi_loss=0.0002  mi_valid=0.68  div_loss=0.0003  kl_loss=0.0000 (disabled)  score=0.987  return=1.036  role_std=1.3708  role_norm=2.8611  enc_delta ego=0.0014 partner=0.0013 road=0.0024
[ROMA step 2,104,492,032] sps= 51,785  policy_loss=-0.0031  value_loss=0.0136  mi_loss=0.0002  mi_valid=0.68  div_loss=0.0004  kl_loss=0.0000 (disabled)  score=0.986  return=1.036  role_std=1.3882  role_norm=2.8982  enc_delta ego=0.0019 partner=0.0017 road=0.0025
[ROMA step 2,105,278,464] sps= 51,761  policy_loss=-0.0043  value_loss=0.0224  mi_loss=0.0002  mi_valid=0.67  div_loss=0.0001  kl_loss=0.0000 (disabled)  score=0.987  return=1.037  role_std=1.3965  role_norm=2.9199  enc_delta ego=0.0015 partner=0.0016 road=0.0023
[ROMA step 2,106,064,896] sps= 51,768  policy_loss=-0.0039  value_loss=0.0133  mi_loss=0.0002  mi_valid=0.68  div_loss=0.0000  kl_loss=0.0000 (disabled)  score=0.986  return=1.037  role_std=1.3764  role_norm=2.8764  enc_delta ego=0.0014 partner=0.0016 road=0.0019
[ROMA step 2,106,851,328] sps= 51,774  policy_loss=-0.0045  value_loss=0.0155  mi_loss=0.0002  mi_valid=0.68  div_loss=0.0001  kl_loss=0.0000 (disabled)  score=0.986  return=1.037  role_std=1.3782  role_norm=2.8623  enc_delta ego=0.0018 partner=0.0014 road=0.0019
[ROMA step 2,107,637,760] sps= 51,780  policy_loss=0.0007  value_loss=0.0157  mi_loss=0.0002  mi_valid=0.68  div_loss=0.0000  kl_loss=0.0000 (disabled)  score=0.986  return=1.037  role_std=1.3838  role_norm=2.8752  enc_delta ego=0.0019 partner=0.0016 road=0.0021
[ROMA step 2,108,424,192] sps= 51,759  policy_loss=-0.0031  value_loss=0.0230  mi_loss=0.0002  mi_valid=0.67  div_loss=0.0001  kl_loss=0.0000 (disabled)  score=0.986  return=1.037  role_std=1.4106  role_norm=2.9215  enc_delta ego=0.0014 partner=0.0013 road=0.0022
[ROMA step 2,109,210,624] sps= 51,765  policy_loss=0.0030  value_loss=0.0212  mi_loss=0.0002  mi_valid=0.68  div_loss=-0.0000  kl_loss=0.0000 (disabled)  score=0.986  return=1.038  role_std=1.3796  role_norm=2.9243  enc_delta ego=0.0012 partner=0.0015 road=0.0022
[ROMA step 2,109,997,056] sps= 51,772  policy_loss=-0.0001  value_loss=0.0185  mi_loss=0.0002  mi_valid=0.68  div_loss=0.0001  kl_loss=0.0000 (disabled)  score=0.986  return=1.038  role_std=1.3785  role_norm=2.8626  enc_delta ego=0.0011 partner=0.0016 road=0.0021
[ROMA step 2,110,783,488] sps= 51,747  policy_loss=0.0002  value_loss=0.0270  mi_loss=0.0002  mi_valid=0.67  div_loss=0.0000  kl_loss=0.0000 (disabled)  score=0.986  return=1.038  role_std=1.4008  role_norm=2.9297  enc_delta ego=0.0011 partner=0.0013 road=0.0022
[ROMA step 2,111,569,920] sps= 51,753  policy_loss=-0.0049  value_loss=0.0171  mi_loss=0.0002  mi_valid=0.68  div_loss=0.0000  kl_loss=0.0000 (disabled)  score=0.986  return=1.038  role_std=1.4174  role_norm=2.9781  enc_delta ego=0.0014 partner=0.0019 road=0.0025
[ROMA step 2,112,356,352] sps= 51,760  policy_loss=-0.0039  value_loss=0.0153  mi_loss=0.0002  mi_valid=0.68  div_loss=0.0003  kl_loss=0.0000 (disabled)  score=0.987  return=1.039  role_std=1.3861  role_norm=2.9395  enc_delta ego=0.0015 partner=0.0016 road=0.0023
[ROMA step 2,113,142,784] sps= 51,766  policy_loss=-0.0096  value_loss=0.0122  mi_loss=0.0002  mi_valid=0.68  div_loss=0.0001  kl_loss=0.0000 (disabled)  score=0.987  return=1.039  role_std=1.4327  role_norm=2.9820  enc_delta ego=0.0014 partner=0.0014 road=0.0020
[ROMA step 2,113,929,216] sps= 51,744  policy_loss=-0.0038  value_loss=0.0265  mi_loss=0.0002  mi_valid=0.67  div_loss=0.0000  kl_loss=0.0000 (disabled)  score=0.987  return=1.039  role_std=1.3703  role_norm=2.8367  enc_delta ego=0.0022 partner=0.0017 road=0.0021
[ROMA step 2,114,715,648] sps= 51,751  policy_loss=-0.0058  value_loss=0.0204  mi_loss=0.0002  mi_valid=0.69  div_loss=0.0001  kl_loss=0.0000 (disabled)  score=0.987  return=1.039  role_std=1.3663  role_norm=2.8394  enc_delta ego=0.0023 partner=0.0019 road=0.0025
[ROMA step 2,115,502,080] sps= 51,757  policy_loss=-0.0024  value_loss=0.0191  mi_loss=0.0002  mi_valid=0.68  div_loss=0.0001  kl_loss=0.0000 (disabled)  score=0.987  return=1.038  role_std=1.3834  role_norm=2.8989  enc_delta ego=0.0015 partner=0.0018 road=0.0022
[ROMA step 2,116,288,512] sps= 51,737  policy_loss=-0.0037  value_loss=0.0295  mi_loss=0.0002  mi_valid=0.67  div_loss=0.0000  kl_loss=0.0000 (disabled)  score=0.987  return=1.038  role_std=1.4127  role_norm=3.1445  enc_delta ego=0.0017 partner=0.0019 road=0.0025
[ROMA step 2,117,074,944] sps= 51,744  policy_loss=0.0013  value_loss=0.0221  mi_loss=0.0002  mi_valid=0.69  div_loss=0.0001  kl_loss=0.0000 (disabled)  score=0.987  return=1.037  role_std=1.4256  role_norm=3.0365  enc_delta ego=0.0017 partner=0.0016 road=0.0024
[ROMA step 2,117,861,376] sps= 51,751  policy_loss=-0.0040  value_loss=0.0212  mi_loss=0.0002  mi_valid=0.69  div_loss=0.0000  kl_loss=0.0000 (disabled)  score=0.987  return=1.037  role_std=1.4465  role_norm=3.0458  enc_delta ego=0.0017 partner=0.0018 road=0.0022
[ROMA step 2,118,647,808] sps= 51,757  policy_loss=-0.0025  value_loss=0.0207  mi_loss=0.0002  mi_valid=0.69  div_loss=0.0001  kl_loss=0.0000 (disabled)  score=0.987  return=1.036  role_std=1.4213  role_norm=2.9904  enc_delta ego=0.0019 partner=0.0014 road=0.0021
[ROMA step 2,119,434,240] sps= 51,741  policy_loss=0.0015  value_loss=0.0275  mi_loss=0.0002  mi_valid=0.68  div_loss=0.0000  kl_loss=0.0000 (disabled)  score=0.986  return=1.036  role_std=1.3556  role_norm=2.8686  enc_delta ego=0.0015 partner=0.0017 road=0.0021
[ROMA step 2,120,220,672] sps= 51,748  policy_loss=0.0030  value_loss=0.0162  mi_loss=0.0002  mi_valid=0.69  div_loss=0.0000  kl_loss=0.0000 (disabled)  score=0.986  return=1.036  role_std=1.4131  role_norm=2.9743  enc_delta ego=0.0013 partner=0.0016 road=0.0019
[ROMA step 2,121,007,104] sps= 51,754  policy_loss=-0.0013  value_loss=0.0145  mi_loss=0.0002  mi_valid=0.69  div_loss=0.0002  kl_loss=0.0000 (disabled)  score=0.986  return=1.036  role_std=1.3739  role_norm=2.9057  enc_delta ego=0.0013 partner=0.0015 road=0.0017
[ROMA step 2,121,793,536] sps= 51,761  policy_loss=0.0004  value_loss=0.0126  mi_loss=0.0002  mi_valid=0.69  div_loss=0.0001  kl_loss=0.0000 (disabled)  score=0.986  return=1.036  role_std=1.3801  role_norm=2.8824  enc_delta ego=0.0009 partner=0.0013 road=0.0019
[ROMA step 2,122,579,968] sps= 51,741  policy_loss=-0.0013  value_loss=0.0240  mi_loss=0.0002  mi_valid=0.69  div_loss=0.0000  kl_loss=0.0000 (disabled)  score=0.986  return=1.035  role_std=1.3549  role_norm=2.7864  enc_delta ego=0.0012 partner=0.0016 road=0.0021
[ROMA step 2,123,366,400] sps= 51,748  policy_loss=-0.0015  value_loss=0.0169  mi_loss=0.0002  mi_valid=0.69  div_loss=0.0001  kl_loss=0.0000 (disabled)  score=0.986  return=1.035  role_std=1.3703  role_norm=2.8402  enc_delta ego=0.0012 partner=0.0013 road=0.0019
[ROMA step 2,124,152,832] sps= 51,754  policy_loss=-0.0003  value_loss=0.0151  mi_loss=0.0002  mi_valid=0.69  div_loss=0.0000  kl_loss=0.0000 (disabled)  score=0.986  return=1.035  role_std=1.3525  role_norm=2.8268  enc_delta ego=0.0010 partner=0.0013 road=0.0018
[ROMA step 2,124,939,264] sps= 51,735  policy_loss=-0.0014  value_loss=0.0291  mi_loss=0.0002  mi_valid=0.68  div_loss=0.0000  kl_loss=0.0000 (disabled)  score=0.986  return=1.035  role_std=1.3575  role_norm=2.8837  enc_delta ego=0.0016 partner=0.0014 road=0.0021
[ROMA step 2,125,725,696] sps= 51,742  policy_loss=-0.0007  value_loss=0.0213  mi_loss=0.0002  mi_valid=0.69  div_loss=0.0001  kl_loss=0.0000 (disabled)  score=0.986  return=1.034  role_std=1.3592  role_norm=2.8469  enc_delta ego=0.0011 partner=0.0013 road=0.0023
[ROMA step 2,126,512,128] sps= 51,748  policy_loss=-0.0006  value_loss=0.0206  mi_loss=0.0002  mi_valid=0.69  div_loss=0.0000  kl_loss=0.0000 (disabled)  score=0.986  return=1.034  role_std=1.3430  role_norm=2.8035  enc_delta ego=0.0015 partner=0.0016 road=0.0026
[ROMA step 2,127,298,560] sps= 51,755  policy_loss=0.0042  value_loss=0.0192  mi_loss=0.0002  mi_valid=0.69  div_loss=0.0000  kl_loss=0.0000 (disabled)  score=0.986  return=1.034  role_std=1.3423  role_norm=2.7949  enc_delta ego=0.0012 partner=0.0016 road=0.0022
[ROMA step 2,128,084,992] sps= 51,728  policy_loss=0.0037  value_loss=0.0305  mi_loss=0.0002  mi_valid=0.67  div_loss=0.0001  kl_loss=0.0000 (disabled)  score=0.986  return=1.033  role_std=1.3356  role_norm=2.7507  enc_delta ego=0.0015 partner=0.0015 road=0.0021
[ROMA step 2,128,871,424] sps= 51,734  policy_loss=0.0030  value_loss=0.0245  mi_loss=0.0002  mi_valid=0.68  div_loss=0.0002  kl_loss=0.0000 (disabled)  score=0.985  return=1.033  role_std=1.3518  role_norm=2.7532  enc_delta ego=0.0012 partner=0.0015 road=0.0021
[ROMA step 2,129,657,856] sps= 51,741  policy_loss=-0.0043  value_loss=0.0173  mi_loss=0.0002  mi_valid=0.69  div_loss=0.0000  kl_loss=0.0000 (disabled)  score=0.985  return=1.032  role_std=1.3759  role_norm=2.8081  enc_delta ego=0.0009 partner=0.0014 road=0.0020
[ROMA step 2,130,444,288] sps= 51,720  policy_loss=-0.0022  value_loss=0.0298  mi_loss=0.0002  mi_valid=0.67  div_loss=0.0000  kl_loss=0.0000 (disabled)  score=0.985  return=1.032  role_std=1.3868  role_norm=2.8673  enc_delta ego=0.0013 partner=0.0015 road=0.0021
[ROMA step 2,131,230,720] sps= 51,727  policy_loss=0.0035  value_loss=0.0184  mi_loss=0.0002  mi_valid=0.68  div_loss=0.0000  kl_loss=0.0000 (disabled)  score=0.985  return=1.031  role_std=1.3998  role_norm=2.8948  enc_delta ego=0.0015 partner=0.0017 road=0.0020
[ROMA step 2,132,017,152] sps= 51,733  policy_loss=-0.0001  value_loss=0.0186  mi_loss=0.0002  mi_valid=0.68  div_loss=0.0000  kl_loss=0.0000 (disabled)  score=0.985  return=1.031  role_std=1.4226  role_norm=2.9295  enc_delta ego=0.0020 partner=0.0012 road=0.0022
[ROMA step 2,132,803,584] sps= 51,740  policy_loss=-0.0026  value_loss=0.0134  mi_loss=0.0002  mi_valid=0.68  div_loss=0.0001  kl_loss=0.0000 (disabled)  score=0.985  return=1.032  role_std=1.3885  role_norm=2.9044  enc_delta ego=0.0013 partner=0.0013 road=0.0019
[ROMA step 2,133,590,016] sps= 51,724  policy_loss=0.0001  value_loss=0.0194  mi_loss=0.0002  mi_valid=0.67  div_loss=0.0000  kl_loss=0.0000 (disabled)  score=0.985  return=1.033  role_std=1.4519  role_norm=3.0110  enc_delta ego=0.0012 partner=0.0013 road=0.0020
[ROMA step 2,134,376,448] sps= 51,731  policy_loss=-0.0033  value_loss=0.0113  mi_loss=0.0002  mi_valid=0.69  div_loss=0.0000  kl_loss=0.0000 (disabled)  score=0.985  return=1.034  role_std=1.4476  role_norm=3.0081  enc_delta ego=0.0011 partner=0.0012 road=0.0016
[ROMA step 2,135,162,880] sps= 51,737  policy_loss=-0.0049  value_loss=0.0111  mi_loss=0.0002  mi_valid=0.69  div_loss=0.0000  kl_loss=0.0000 (disabled)  score=0.985  return=1.035  role_std=1.4240  role_norm=2.9788  enc_delta ego=0.0018 partner=0.0011 road=0.0021
[ROMA step 2,135,949,312] sps= 51,719  policy_loss=-0.0048  value_loss=0.0194  mi_loss=0.0002  mi_valid=0.67  div_loss=0.0000  kl_loss=0.0000 (disabled)  score=0.986  return=1.037  role_std=1.3707  role_norm=2.8312  enc_delta ego=0.0011 partner=0.0013 road=0.0018
[ROMA step 2,136,735,744] sps= 51,725  policy_loss=-0.0033  value_loss=0.0130  mi_loss=0.0002  mi_valid=0.68  div_loss=0.0001  kl_loss=0.0000 (disabled)  score=0.986  return=1.038  role_std=1.3703  role_norm=2.8042  enc_delta ego=0.0014 partner=0.0014 road=0.0021
[ROMA step 2,137,522,176] sps= 51,731  policy_loss=0.0019  value_loss=0.0115  mi_loss=0.0002  mi_valid=0.68  div_loss=0.0001  kl_loss=0.0000 (disabled)  score=0.986  return=1.039  role_std=1.3725  role_norm=2.8164  enc_delta ego=0.0012 partner=0.0013 road=0.0020
[ROMA step 2,138,308,608] sps= 51,738  policy_loss=0.0008  value_loss=0.0117  mi_loss=0.0002  mi_valid=0.68  div_loss=-0.0000  kl_loss=0.0000 (disabled)  score=0.986  return=1.039  role_std=1.3463  role_norm=2.7701  enc_delta ego=0.0013 partner=0.0013 road=0.0021
[ROMA step 2,139,095,040] sps= 51,719  policy_loss=-0.0027  value_loss=0.0264  mi_loss=0.0002  mi_valid=0.67  div_loss=0.0002  kl_loss=0.0000 (disabled)  score=0.986  return=1.039  role_std=1.3663  role_norm=2.8021  enc_delta ego=0.0013 partner=0.0012 road=0.0020
[ROMA step 2,139,881,472] sps= 51,726  policy_loss=0.0025  value_loss=0.0188  mi_loss=0.0002  mi_valid=0.68  div_loss=0.0000  kl_loss=0.0000 (disabled)  score=0.986  return=1.039  role_std=1.3829  role_norm=2.8282  enc_delta ego=0.0012 partner=0.0014 road=0.0020
[ROMA step 2,140,667,904] sps= 51,732  policy_loss=-0.0012  value_loss=0.0149  mi_loss=0.0002  mi_valid=0.68  div_loss=0.0000  kl_loss=0.0000 (disabled)  score=0.986  return=1.039  role_std=1.3763  role_norm=2.8604  enc_delta ego=0.0014 partner=0.0013 road=0.0022
[ROMA step 2,141,454,336] sps= 51,715  policy_loss=0.0073  value_loss=0.0244  mi_loss=0.0002  mi_valid=0.67  div_loss=0.0001  kl_loss=0.0000 (disabled)  score=0.986  return=1.039  role_std=1.3451  role_norm=2.8953  enc_delta ego=0.0015 partner=0.0012 road=0.0020
[ROMA step 2,142,240,768] sps= 51,721  policy_loss=0.0012  value_loss=0.0237  mi_loss=0.0002  mi_valid=0.69  div_loss=0.0004  kl_loss=0.0000 (disabled)  score=0.986  return=1.038  role_std=1.3433  role_norm=2.7933  enc_delta ego=0.0016 partner=0.0013 road=0.0026
[ROMA step 2,143,027,200] sps= 51,728  policy_loss=-0.0038  value_loss=0.0212  mi_loss=0.0002  mi_valid=0.69  div_loss=0.0001  kl_loss=0.0000 (disabled)  score=0.986  return=1.038  role_std=1.3469  role_norm=2.8167  enc_delta ego=0.0014 partner=0.0013 road=0.0026
[ROMA step 2,143,813,632] sps= 51,734  policy_loss=-0.0058  value_loss=0.0202  mi_loss=0.0002  mi_valid=0.69  div_loss=-0.0000  kl_loss=0.0000 (disabled)  score=0.986  return=1.037  role_std=1.3184  role_norm=2.7745  enc_delta ego=0.0013 partner=0.0015 road=0.0024
[ROMA step 2,144,600,064] sps= 51,721  policy_loss=-0.0059  value_loss=0.0273  mi_loss=0.0002  mi_valid=0.68  div_loss=0.0002  kl_loss=0.0000 (disabled)  score=0.986  return=1.037  role_std=1.3382  role_norm=2.7821  enc_delta ego=0.0012 partner=0.0016 road=0.0022
[ROMA step 2,145,386,496] sps= 51,728  policy_loss=0.0037  value_loss=0.0167  mi_loss=0.0002  mi_valid=0.69  div_loss=-0.0000  kl_loss=0.0000 (disabled)  score=0.986  return=1.037  role_std=1.3323  role_norm=2.7738  enc_delta ego=0.0014 partner=0.0016 road=0.0024
[ROMA step 2,146,172,928] sps= 51,734  policy_loss=-0.0047  value_loss=0.0115  mi_loss=0.0002  mi_valid=0.69  div_loss=0.0000  kl_loss=0.0000 (disabled)  score=0.986  return=1.037  role_std=1.3513  role_norm=2.7844  enc_delta ego=0.0012 partner=0.0014 road=0.0019
[ROMA step 2,146,959,360] sps= 51,717  policy_loss=0.0028  value_loss=0.0231  mi_loss=0.0002  mi_valid=0.68  div_loss=0.0000  kl_loss=0.0000 (disabled)  score=0.986  return=1.038  role_std=1.3430  role_norm=2.7892  enc_delta ego=0.0011 partner=0.0013 road=0.0016
[ROMA step 2,147,745,792] sps= 51,724  policy_loss=-0.0004  value_loss=0.0174  mi_loss=0.0002  mi_valid=0.70  div_loss=0.0001  kl_loss=0.0000 (disabled)  score=0.986  return=1.038  role_std=1.3659  role_norm=2.8148  enc_delta ego=0.0012 partner=0.0017 road=0.0019
[ROMA step 2,148,532,224] sps= 51,730  policy_loss=-0.0032  value_loss=0.0141  mi_loss=0.0002  mi_valid=0.69  div_loss=0.0000  kl_loss=0.0000 (disabled)  score=0.986  return=1.038  role_std=1.3453  role_norm=2.7897  enc_delta ego=0.0012 partner=0.0016 road=0.0018
[ROMA step 2,149,318,656] sps= 51,736  policy_loss=-0.0056  value_loss=0.0104  mi_loss=0.0002  mi_valid=0.69  div_loss=0.0000  kl_loss=0.0000 (disabled)  score=0.986  return=1.038  role_std=1.3686  role_norm=2.8546  enc_delta ego=0.0009 partner=0.0014 road=0.0016
[ROMA step 2,150,105,088] sps= 51,711  policy_loss=-0.0006  value_loss=0.0213  mi_loss=0.0002  mi_valid=0.67  div_loss=0.0001  kl_loss=0.0000 (disabled)  score=0.987  return=1.038  role_std=1.4076  role_norm=2.9128  enc_delta ego=0.0011 partner=0.0011 road=0.0017
[ROMA step 2,150,891,520] sps= 51,717  policy_loss=0.0028  value_loss=0.0113  mi_loss=0.0002  mi_valid=0.67  div_loss=0.0001  kl_loss=0.0000 (disabled)  score=0.987  return=1.038  role_std=1.3845  role_norm=2.8518  enc_delta ego=0.0014 partner=0.0012 road=0.0024
[ROMA step 2,151,677,952] sps= 51,724  policy_loss=-0.0057  value_loss=0.0090  mi_loss=0.0002  mi_valid=0.67  div_loss=0.0001  kl_loss=0.0000 (disabled)  score=0.987  return=1.038  role_std=1.3762  role_norm=2.8470  enc_delta ego=0.0012 partner=0.0013 road=0.0021
[ROMA step 2,152,464,384] sps= 51,730  policy_loss=-0.0026  value_loss=0.0112  mi_loss=0.0002  mi_valid=0.67  div_loss=0.0001  kl_loss=0.0000 (disabled)  score=0.987  return=1.038  role_std=1.3795  role_norm=2.8380  enc_delta ego=0.0012 partner=0.0012 road=0.0018
[ROMA step 2,153,250,816] sps= 51,716  policy_loss=-0.0061  value_loss=0.0201  mi_loss=0.0002  mi_valid=0.67  div_loss=0.0002  kl_loss=0.0000 (disabled)  score=0.986  return=1.038  role_std=1.3781  role_norm=2.8762  enc_delta ego=0.0010 partner=0.0015 road=0.0017
[ROMA step 2,154,037,248] sps= 51,722  policy_loss=-0.0019  value_loss=0.0105  mi_loss=0.0002  mi_valid=0.68  div_loss=0.0001  kl_loss=0.0000 (disabled)  score=0.986  return=1.038  role_std=1.3608  role_norm=2.8699  enc_delta ego=0.0011 partner=0.0014 road=0.0018
[ROMA step 2,154,823,680] sps= 51,729  policy_loss=0.0012  value_loss=0.0151  mi_loss=0.0002  mi_valid=0.68  div_loss=0.0000  kl_loss=0.0000 (disabled)  score=0.986  return=1.037  role_std=1.4004  role_norm=2.9237  enc_delta ego=0.0011 partner=0.0016 road=0.0017
[ROMA step 2,155,610,112] sps= 51,709  policy_loss=0.0029  value_loss=0.0244  mi_loss=0.0002  mi_valid=0.67  div_loss=0.0000  kl_loss=0.0000 (disabled)  score=0.986  return=1.037  role_std=1.3798  role_norm=2.8774  enc_delta ego=0.0015 partner=0.0014 road=0.0018
[ROMA step 2,156,396,544] sps= 51,716  policy_loss=0.0017  value_loss=0.0200  mi_loss=0.0002  mi_valid=0.69  div_loss=0.0000  kl_loss=0.0000 (disabled)  score=0.986  return=1.037  role_std=1.3667  role_norm=2.8543  enc_delta ego=0.0015 partner=0.0016 road=0.0024
[ROMA step 2,157,182,976] sps= 51,722  policy_loss=0.0058  value_loss=0.0158  mi_loss=0.0002  mi_valid=0.69  div_loss=0.0001  kl_loss=0.0000 (disabled)  score=0.986  return=1.038  role_std=1.3812  role_norm=2.8371  enc_delta ego=0.0011 partner=0.0017 road=0.0020
[ROMA step 2,157,969,408] sps= 51,729  policy_loss=0.0029  value_loss=0.0137  mi_loss=0.0002  mi_valid=0.69  div_loss=0.0000  kl_loss=0.0000 (disabled)  score=0.986  return=1.038  role_std=1.3824  role_norm=2.8631  enc_delta ego=0.0013 partner=0.0017 road=0.0020
[ROMA step 2,158,755,840] sps= 51,717  policy_loss=-0.0059  value_loss=0.0238  mi_loss=0.0002  mi_valid=0.67  div_loss=0.0001  kl_loss=0.0000 (disabled)  score=0.986  return=1.038  role_std=1.4700  role_norm=3.0826  enc_delta ego=0.0015 partner=0.0021 road=0.0025
[ROMA step 2,159,542,272] sps= 51,724  policy_loss=0.0006  value_loss=0.0184  mi_loss=0.0002  mi_valid=0.68  div_loss=0.0000  kl_loss=0.0000 (disabled)  score=0.986  return=1.038  role_std=1.4552  role_norm=3.0194  enc_delta ego=0.0014 partner=0.0021 road=0.0022
[ROMA step 2,160,328,704] sps= 51,730  policy_loss=0.0001  value_loss=0.0170  mi_loss=0.0002  mi_valid=0.68  div_loss=0.0001  kl_loss=0.0000 (disabled)  score=0.986  return=1.039  role_std=1.4372  role_norm=2.9928  enc_delta ego=0.0012 partner=0.0015 road=0.0021
[ROMA step 2,161,115,136] sps= 51,711  policy_loss=-0.0039  value_loss=0.0227  mi_loss=0.0002  mi_valid=0.67  div_loss=-0.0000  kl_loss=0.0000 (disabled)  score=0.986  return=1.039  role_std=1.3700  role_norm=2.8248  enc_delta ego=0.0010 partner=0.0013 road=0.0016
[ROMA step 2,161,901,568] sps= 51,718  policy_loss=-0.0028  value_loss=0.0128  mi_loss=0.0002  mi_valid=0.68  div_loss=0.0001  kl_loss=0.0000 (disabled)  score=0.986  return=1.040  role_std=1.3928  role_norm=2.9227  enc_delta ego=0.0012 partner=0.0013 road=0.0020
[ROMA step 2,162,688,000] sps= 51,724  policy_loss=-0.0027  value_loss=0.0122  mi_loss=0.0002  mi_valid=0.68  div_loss=0.0000  kl_loss=0.0000 (disabled)  score=0.986  return=1.041  role_std=1.3904  role_norm=2.9103  enc_delta ego=0.0011 partner=0.0012 road=0.0018
[ROMA step 2,163,474,432] sps= 51,731  policy_loss=-0.0003  value_loss=0.0122  mi_loss=0.0002  mi_valid=0.68  div_loss=0.0000  kl_loss=0.0000 (disabled)  score=0.987  return=1.042  role_std=1.4342  role_norm=2.9434  enc_delta ego=0.0010 partner=0.0013 road=0.0015
[ROMA step 2,164,260,864] sps= 51,715  policy_loss=-0.0027  value_loss=0.0214  mi_loss=0.0002  mi_valid=0.66  div_loss=0.0000  kl_loss=0.0000 (disabled)  score=0.987  return=1.042  role_std=1.4569  role_norm=2.9493  enc_delta ego=0.0010 partner=0.0013 road=0.0017
[ROMA step 2,165,047,296] sps= 51,721  policy_loss=0.0001  value_loss=0.0194  mi_loss=0.0002  mi_valid=0.66  div_loss=0.0000  kl_loss=0.0000 (disabled)  score=0.987  return=1.043  role_std=1.4391  role_norm=2.9561  enc_delta ego=0.0010 partner=0.0014 road=0.0017
[ROMA step 2,165,833,728] sps= 51,728  policy_loss=0.0005  value_loss=0.0160  mi_loss=0.0002  mi_valid=0.66  div_loss=0.0001  kl_loss=0.0000 (disabled)  score=0.987  return=1.043  role_std=1.4111  role_norm=2.9146  enc_delta ego=0.0012 partner=0.0017 road=0.0019
[ROMA step 2,166,620,160] sps= 51,712  policy_loss=-0.0005  value_loss=0.0256  mi_loss=0.0002  mi_valid=0.65  div_loss=0.0000  kl_loss=0.0000 (disabled)  score=0.987  return=1.043  role_std=1.4092  role_norm=3.0102  enc_delta ego=0.0012 partner=0.0013 road=0.0017
[ROMA step 2,167,406,592] sps= 51,718  policy_loss=-0.0014  value_loss=0.0191  mi_loss=0.0002  mi_valid=0.68  div_loss=0.0002  kl_loss=0.0000 (disabled)  score=0.987  return=1.043  role_std=1.4187  role_norm=2.8984  enc_delta ego=0.0016 partner=0.0015 road=0.0025
[ROMA step 2,168,193,024] sps= 51,725  policy_loss=0.0004  value_loss=0.0204  mi_loss=0.0002  mi_valid=0.68  div_loss=0.0003  kl_loss=0.0000 (disabled)  score=0.987  return=1.043  role_std=1.4134  role_norm=2.9074  enc_delta ego=0.0013 partner=0.0017 road=0.0022
[ROMA step 2,168,979,456] sps= 51,732  policy_loss=-0.0037  value_loss=0.0189  mi_loss=0.0002  mi_valid=0.68  div_loss=0.0000  kl_loss=0.0000 (disabled)  score=0.986  return=1.042  role_std=1.3872  role_norm=2.8198  enc_delta ego=0.0015 partner=0.0014 road=0.0024
[ROMA step 2,169,765,888] sps= 51,707  policy_loss=-0.0058  value_loss=0.0262  mi_loss=0.0002  mi_valid=0.67  div_loss=0.0001  kl_loss=0.0000 (disabled)  score=0.986  return=1.042  role_std=1.3692  role_norm=2.7822  enc_delta ego=0.0016 partner=0.0013 road=0.0025
[ROMA step 2,170,552,320] sps= 51,713  policy_loss=0.0006  value_loss=0.0152  mi_loss=0.0002  mi_valid=0.68  div_loss=-0.0000  kl_loss=0.0000 (disabled)  score=0.986  return=1.042  role_std=1.3739  role_norm=2.8507  enc_delta ego=0.0012 partner=0.0015 road=0.0018
[ROMA step 2,171,338,752] sps= 51,720  policy_loss=0.0000  value_loss=0.0190  mi_loss=0.0002  mi_valid=0.68  div_loss=0.0000  kl_loss=0.0000 (disabled)  score=0.986  return=1.041  role_std=1.3689  role_norm=2.8336  enc_delta ego=0.0013 partner=0.0014 road=0.0020
[ROMA step 2,172,125,184] sps= 51,704  policy_loss=0.0003  value_loss=0.0220  mi_loss=0.0002  mi_valid=0.68  div_loss=0.0000  kl_loss=0.0000 (disabled)  score=0.986  return=1.040  role_std=1.4086  role_norm=3.0423  enc_delta ego=0.0013 partner=0.0012 road=0.0016
[ROMA step 2,172,911,616] sps= 51,710  policy_loss=-0.0026  value_loss=0.0151  mi_loss=0.0002  mi_valid=0.69  div_loss=0.0000  kl_loss=0.0000 (disabled)  score=0.986  return=1.040  role_std=1.4320  role_norm=2.9288  enc_delta ego=0.0011 partner=0.0011 road=0.0018
[ROMA step 2,173,698,048] sps= 51,717  policy_loss=-0.0066  value_loss=0.0119  mi_loss=0.0002  mi_valid=0.68  div_loss=0.0000  kl_loss=0.0000 (disabled)  score=0.986  return=1.039  role_std=1.4268  role_norm=2.8850  enc_delta ego=0.0011 partner=0.0015 road=0.0019
[ROMA step 2,174,484,480] sps= 51,723  policy_loss=0.0000  value_loss=0.0123  mi_loss=0.0002  mi_valid=0.68  div_loss=0.0001  kl_loss=0.0000 (disabled)  score=0.985  return=1.039  role_std=1.4367  role_norm=2.9496  enc_delta ego=0.0010 partner=0.0012 road=0.0017
[ROMA step 2,175,270,912] sps= 51,705  policy_loss=0.0059  value_loss=0.0233  mi_loss=0.0002  mi_valid=0.67  div_loss=0.0002  kl_loss=0.0000 (disabled)  score=0.986  return=1.039  role_std=1.4153  role_norm=2.8925  enc_delta ego=0.0017 partner=0.0013 road=0.0020
[ROMA step 2,176,057,344] sps= 51,711  policy_loss=-0.0003  value_loss=0.0143  mi_loss=0.0002  mi_valid=0.69  div_loss=0.0000  kl_loss=0.0000 (disabled)  score=0.986  return=1.038  role_std=1.3981  role_norm=2.8424  enc_delta ego=0.0018 partner=0.0014 road=0.0024
[ROMA step 2,176,843,776] sps= 51,717  policy_loss=0.0017  value_loss=0.0137  mi_loss=0.0002  mi_valid=0.69  div_loss=0.0002  kl_loss=0.0000 (disabled)  score=0.985  return=1.038  role_std=1.4131  role_norm=2.8553  enc_delta ego=0.0014 partner=0.0013 road=0.0018
[ROMA step 2,177,630,208] sps= 51,723  policy_loss=0.0005  value_loss=0.0133  mi_loss=0.0002  mi_valid=0.69  div_loss=0.0000  kl_loss=0.0000 (disabled)  score=0.985  return=1.038  role_std=1.3759  role_norm=2.7811  enc_delta ego=0.0012 partner=0.0012 road=0.0019
[ROMA step 2,178,416,640] sps= 51,706  policy_loss=-0.0048  value_loss=0.0278  mi_loss=0.0002  mi_valid=0.67  div_loss=0.0003  kl_loss=0.0000 (disabled)  score=0.985  return=1.037  role_std=1.3716  role_norm=2.8285  enc_delta ego=0.0016 partner=0.0018 road=0.0023
[ROMA step 2,179,203,072] sps= 51,713  policy_loss=-0.0008  value_loss=0.0162  mi_loss=0.0002  mi_valid=0.69  div_loss=0.0002  kl_loss=0.0000 (disabled)  score=0.985  return=1.037  role_std=1.3624  role_norm=2.8442  enc_delta ego=0.0012 partner=0.0017 road=0.0020
[ROMA step 2,179,989,504] sps= 51,719  policy_loss=-0.0001  value_loss=0.0183  mi_loss=0.0002  mi_valid=0.69  div_loss=0.0002  kl_loss=0.0000 (disabled)  score=0.985  return=1.036  role_std=1.3654  role_norm=2.8213  enc_delta ego=0.0013 partner=0.0017 road=0.0018
[ROMA step 2,180,775,936] sps= 51,703  policy_loss=0.0007  value_loss=0.0226  mi_loss=0.0002  mi_valid=0.68  div_loss=0.0000  kl_loss=0.0000 (disabled)  score=0.985  return=1.036  role_std=1.4488  role_norm=3.0141  enc_delta ego=0.0013 partner=0.0013 road=0.0018
[ROMA step 2,181,562,368] sps= 51,710  policy_loss=-0.0099  value_loss=0.0229  mi_loss=0.0002  mi_valid=0.69  div_loss=0.0001  kl_loss=0.0000 (disabled)  score=0.984  return=1.035  role_std=1.4060  role_norm=2.9469  enc_delta ego=0.0016 partner=0.0016 road=0.0028
[ROMA step 2,182,348,800] sps= 51,716  policy_loss=-0.0044  value_loss=0.0186  mi_loss=0.0002  mi_valid=0.68  div_loss=0.0001  kl_loss=0.0000 (disabled)  score=0.984  return=1.035  role_std=1.4306  role_norm=2.9420  enc_delta ego=0.0016 partner=0.0014 road=0.0019
[ROMA step 2,183,135,232] sps= 51,722  policy_loss=-0.0032  value_loss=0.0148  mi_loss=0.0002  mi_valid=0.68  div_loss=0.0001  kl_loss=0.0000 (disabled)  score=0.984  return=1.034  role_std=1.4418  role_norm=2.9808  enc_delta ego=0.0013 partner=0.0012 road=0.0018
[ROMA step 2,183,921,664] sps= 51,703  policy_loss=0.0022  value_loss=0.0249  mi_loss=0.0002  mi_valid=0.66  div_loss=0.0001  kl_loss=0.0000 (disabled)  score=0.984  return=1.034  role_std=1.4331  role_norm=2.9384  enc_delta ego=0.0016 partner=0.0014 road=0.0024
[ROMA step 2,184,708,096] sps= 51,709  policy_loss=0.0025  value_loss=0.0159  mi_loss=0.0002  mi_valid=0.67  div_loss=0.0000  kl_loss=0.0000 (disabled)  score=0.984  return=1.034  role_std=1.4409  role_norm=2.9533  enc_delta ego=0.0012 partner=0.0014 road=0.0016
[ROMA step 2,185,494,528] sps= 51,716  policy_loss=0.0058  value_loss=0.0144  mi_loss=0.0002  mi_valid=0.67  div_loss=-0.0000  kl_loss=0.0000 (disabled)  score=0.985  return=1.034  role_std=1.4137  role_norm=2.8735  enc_delta ego=0.0014 partner=0.0013 road=0.0018
[ROMA step 2,186,280,960] sps= 51,693  policy_loss=0.0025  value_loss=0.0236  mi_loss=0.0002  mi_valid=0.66  div_loss=0.0007  kl_loss=0.0000 (disabled)  score=0.985  return=1.034  role_std=1.4131  role_norm=2.8712  enc_delta ego=0.0012 partner=0.0011 road=0.0017
[ROMA step 2,187,067,392] sps= 51,699  policy_loss=-0.0004  value_loss=0.0191  mi_loss=0.0002  mi_valid=0.67  div_loss=0.0002  kl_loss=0.0000 (disabled)  score=0.985  return=1.034  role_std=1.4600  role_norm=2.9642  enc_delta ego=0.0013 partner=0.0015 road=0.0021
[ROMA step 2,187,853,824] sps= 51,705  policy_loss=-0.0016  value_loss=0.0188  mi_loss=0.0002  mi_valid=0.68  div_loss=0.0004  kl_loss=0.0000 (disabled)  score=0.985  return=1.034  role_std=1.4280  role_norm=2.9277  enc_delta ego=0.0013 partner=0.0013 road=0.0022
[ROMA step 2,188,640,256] sps= 51,712  policy_loss=0.0021  value_loss=0.0184  mi_loss=0.0002  mi_valid=0.67  div_loss=0.0001  kl_loss=0.0000 (disabled)  score=0.985  return=1.034  role_std=1.4293  role_norm=2.8962  enc_delta ego=0.0011 partner=0.0013 road=0.0019
[ROMA step 2,189,426,688] sps= 51,681  policy_loss=-0.0057  value_loss=0.0218  mi_loss=0.0002  mi_valid=0.66  div_loss=0.0006  kl_loss=0.0000 (disabled)  score=0.985  return=1.034  role_std=1.4667  role_norm=2.9662  enc_delta ego=0.0010 partner=0.0011 road=0.0019
[ROMA step 2,190,213,120] sps= 51,687  policy_loss=0.0047  value_loss=0.0139  mi_loss=0.0002  mi_valid=0.67  div_loss=0.0000  kl_loss=0.0000 (disabled)  score=0.986  return=1.034  role_std=1.4302  role_norm=2.9396  enc_delta ego=0.0012 partner=0.0013 road=0.0019
[ROMA step 2,190,999,552] sps= 51,694  policy_loss=0.0019  value_loss=0.0104  mi_loss=0.0002  mi_valid=0.67  div_loss=0.0000  kl_loss=0.0000 (disabled)  score=0.986  return=1.035  role_std=1.4549  role_norm=2.9500  enc_delta ego=0.0013 partner=0.0012 road=0.0016
[ROMA step 2,191,785,984] sps= 51,676  policy_loss=0.0009  value_loss=0.0217  mi_loss=0.0002  mi_valid=0.66  div_loss=0.0000  kl_loss=0.0000 (disabled)  score=0.986  return=1.035  role_std=1.4620  role_norm=3.0419  enc_delta ego=0.0011 partner=0.0012 road=0.0016
[ROMA step 2,192,572,416] sps= 51,682  policy_loss=-0.0080  value_loss=0.0229  mi_loss=0.0002  mi_valid=0.68  div_loss=0.0000  kl_loss=0.0000 (disabled)  score=0.986  return=1.034  role_std=1.4566  role_norm=2.9178  enc_delta ego=0.0015 partner=0.0014 road=0.0023
[ROMA step 2,193,358,848] sps= 51,688  policy_loss=-0.0033  value_loss=0.0180  mi_loss=0.0002  mi_valid=0.68  div_loss=-0.0000  kl_loss=0.0000 (disabled)  score=0.987  return=1.035  role_std=1.4471  role_norm=2.9505  enc_delta ego=0.0014 partner=0.0015 road=0.0021
[ROMA step 2,194,145,280] sps= 51,695  policy_loss=-0.0014  value_loss=0.0195  mi_loss=0.0002  mi_valid=0.68  div_loss=0.0004  kl_loss=0.0000 (disabled)  score=0.987  return=1.035  role_std=1.4371  role_norm=2.8970  enc_delta ego=0.0011 partner=0.0013 road=0.0017
[ROMA step 2,194,931,712] sps= 51,678  policy_loss=-0.0011  value_loss=0.0288  mi_loss=0.0002  mi_valid=0.66  div_loss=0.0001  kl_loss=0.0000 (disabled)  score=0.987  return=1.035  role_std=1.3986  role_norm=2.8653  enc_delta ego=0.0014 partner=0.0015 road=0.0022
[ROMA step 2,195,718,144] sps= 51,684  policy_loss=0.0039  value_loss=0.0155  mi_loss=0.0002  mi_valid=0.68  div_loss=0.0001  kl_loss=0.0000 (disabled)  score=0.987  return=1.035  role_std=1.3830  role_norm=2.8449  enc_delta ego=0.0013 partner=0.0019 road=0.0022
[ROMA step 2,196,504,576] sps= 51,691  policy_loss=-0.0054  value_loss=0.0125  mi_loss=0.0002  mi_valid=0.68  div_loss=0.0000  kl_loss=0.0000 (disabled)  score=0.987  return=1.036  role_std=1.4122  role_norm=2.8731  enc_delta ego=0.0010 partner=0.0015 road=0.0018
[ROMA step 2,197,291,008] sps= 51,676  policy_loss=-0.0022  value_loss=0.0219  mi_loss=0.0002  mi_valid=0.66  div_loss=0.0001  kl_loss=0.0000 (disabled)  score=0.988  return=1.037  role_std=1.4077  role_norm=2.9399  enc_delta ego=0.0010 partner=0.0014 road=0.0017
[ROMA step 2,198,077,440] sps= 51,682  policy_loss=-0.0032  value_loss=0.0160  mi_loss=0.0002  mi_valid=0.70  div_loss=0.0002  kl_loss=0.0000 (disabled)  score=0.988  return=1.037  role_std=1.3838  role_norm=2.8079  enc_delta ego=0.0018 partner=0.0013 road=0.0022
[ROMA step 2,198,863,872] sps= 51,689  policy_loss=0.0013  value_loss=0.0142  mi_loss=0.0002  mi_valid=0.69  div_loss=0.0000  kl_loss=0.0000 (disabled)  score=0.988  return=1.037  role_std=1.3600  role_norm=2.7492  enc_delta ego=0.0012 partner=0.0013 road=0.0021
[ROMA step 2,199,650,304] sps= 51,695  policy_loss=0.0021  value_loss=0.0157  mi_loss=0.0002  mi_valid=0.68  div_loss=0.0000  kl_loss=0.0000 (disabled)  score=0.988  return=1.037  role_std=1.3560  role_norm=2.7569  enc_delta ego=0.0012 partner=0.0012 road=0.0019
[ROMA step 2,200,436,736] sps= 51,679  policy_loss=0.0022  value_loss=0.0218  mi_loss=0.0002  mi_valid=0.67  div_loss=-0.0000  kl_loss=0.0000 (disabled)  score=0.988  return=1.037  role_std=1.3861  role_norm=2.8394  enc_delta ego=0.0011 partner=0.0012 road=0.0016
[ROMA step 2,201,223,168] sps= 51,685  policy_loss=-0.0057  value_loss=0.0152  mi_loss=0.0001  mi_valid=0.67  div_loss=-0.0000  kl_loss=0.0000 (disabled)  score=0.988  return=1.037  role_std=1.3751  role_norm=2.7969  enc_delta ego=0.0012 partner=0.0013 road=0.0019
[ROMA step 2,202,009,600] sps= 51,691  policy_loss=0.0046  value_loss=0.0181  mi_loss=0.0002  mi_valid=0.68  div_loss=0.0000  kl_loss=0.0000 (disabled)  score=0.988  return=1.038  role_std=1.3801  role_norm=2.7952  enc_delta ego=0.0011 partner=0.0013 road=0.0018
[ROMA step 2,202,796,032] sps= 51,697  policy_loss=-0.0038  value_loss=0.0153  mi_loss=0.0002  mi_valid=0.67  div_loss=0.0000  kl_loss=0.0000 (disabled)  score=0.988  return=1.038  role_std=1.3928  role_norm=2.8386  enc_delta ego=0.0011 partner=0.0013 road=0.0018
[ROMA step 2,203,582,464] sps= 51,685  policy_loss=0.0041  value_loss=0.0300  mi_loss=0.0002  mi_valid=0.67  div_loss=0.0002  kl_loss=0.0000 (disabled)  score=0.988  return=1.038  role_std=1.3696  role_norm=2.7991  enc_delta ego=0.0015 partner=0.0013 road=0.0026
[ROMA step 2,204,368,896] sps= 51,691  policy_loss=0.0013  value_loss=0.0153  mi_loss=0.0001  mi_valid=0.68  div_loss=0.0001  kl_loss=0.0000 (disabled)  score=0.988  return=1.038  role_std=1.3554  role_norm=2.7730  enc_delta ego=0.0014 partner=0.0012 road=0.0017
[ROMA step 2,205,155,328] sps= 51,697  policy_loss=0.0008  value_loss=0.0140  mi_loss=0.0001  mi_valid=0.68  div_loss=0.0000  kl_loss=0.0000 (disabled)  score=0.988  return=1.039  role_std=1.3636  role_norm=2.8145  enc_delta ego=0.0011 partner=0.0013 road=0.0018
[ROMA step 2,205,941,760] sps= 51,683  policy_loss=0.0069  value_loss=0.0262  mi_loss=0.0002  mi_valid=0.67  div_loss=0.0000  kl_loss=0.0000 (disabled)  score=0.988  return=1.039  role_std=1.3968  role_norm=2.8777  enc_delta ego=0.0012 partner=0.0013 road=0.0016
[ROMA step 2,206,728,192] sps= 51,689  policy_loss=-0.0010  value_loss=0.0191  mi_loss=0.0002  mi_valid=0.67  div_loss=0.0001  kl_loss=0.0000 (disabled)  score=0.988  return=1.039  role_std=1.3535  role_norm=2.7937  enc_delta ego=0.0013 partner=0.0020 road=0.0023
[ROMA step 2,207,514,624] sps= 51,695  policy_loss=-0.0057  value_loss=0.0130  mi_loss=0.0002  mi_valid=0.67  div_loss=0.0001  kl_loss=0.0000 (disabled)  score=0.988  return=1.039  role_std=1.3323  role_norm=2.8006  enc_delta ego=0.0016 partner=0.0013 road=0.0017
[ROMA step 2,208,301,056] sps= 51,702  policy_loss=-0.0048  value_loss=0.0148  mi_loss=0.0002  mi_valid=0.67  div_loss=-0.0000  kl_loss=0.0000 (disabled)  score=0.988  return=1.038  role_std=1.3634  role_norm=2.8572  enc_delta ego=0.0014 partner=0.0013 road=0.0018
[ROMA step 2,209,087,488] sps= 51,685  policy_loss=0.0057  value_loss=0.0313  mi_loss=0.0002  mi_valid=0.67  div_loss=0.0000  kl_loss=0.0000 (disabled)  score=0.988  return=1.039  role_std=1.3182  role_norm=2.7730  enc_delta ego=0.0011 partner=0.0014 road=0.0022
[ROMA step 2,209,873,920] sps= 51,691  policy_loss=-0.0089  value_loss=0.0146  mi_loss=0.0001  mi_valid=0.69  div_loss=0.0001  kl_loss=0.0000 (disabled)  score=0.988  return=1.040  role_std=1.3257  role_norm=2.7440  enc_delta ego=0.0011 partner=0.0015 road=0.0023
[ROMA step 2,210,660,352] sps= 51,698  policy_loss=-0.0042  value_loss=0.0160  mi_loss=0.0001  mi_valid=0.69  div_loss=0.0002  kl_loss=0.0000 (disabled)  score=0.988  return=1.040  role_std=1.3414  role_norm=2.7653  enc_delta ego=0.0011 partner=0.0014 road=0.0019
[ROMA step 2,211,446,784] sps= 51,686  policy_loss=-0.0073  value_loss=0.0248  mi_loss=0.0002  mi_valid=0.68  div_loss=0.0001  kl_loss=0.0000 (disabled)  score=0.988  return=1.040  role_std=1.3904  role_norm=2.9110  enc_delta ego=0.0013 partner=0.0013 road=0.0019
[ROMA step 2,212,233,216] sps= 51,692  policy_loss=-0.0034  value_loss=0.0140  mi_loss=0.0002  mi_valid=0.67  div_loss=0.0000  kl_loss=0.0000 (disabled)  score=0.988  return=1.040  role_std=1.4182  role_norm=2.9758  enc_delta ego=0.0011 partner=0.0015 road=0.0020
[ROMA step 2,213,019,648] sps= 51,698  policy_loss=-0.0003  value_loss=0.0139  mi_loss=0.0002  mi_valid=0.67  div_loss=0.0000  kl_loss=0.0000 (disabled)  score=0.988  return=1.040  role_std=1.4230  role_norm=2.9569  enc_delta ego=0.0011 partner=0.0014 road=0.0020
[ROMA step 2,213,806,080] sps= 51,704  policy_loss=-0.0022  value_loss=0.0164  mi_loss=0.0002  mi_valid=0.67  div_loss=0.0002  kl_loss=0.0000 (disabled)  score=0.988  return=1.040  role_std=1.4015  role_norm=2.9193  enc_delta ego=0.0014 partner=0.0014 road=0.0020
[ROMA step 2,214,592,512] sps= 51,693  policy_loss=0.0022  value_loss=0.0271  mi_loss=0.0002  mi_valid=0.66  div_loss=0.0002  kl_loss=0.0000 (disabled)  score=0.988  return=1.039  role_std=1.4483  role_norm=2.9875  enc_delta ego=0.0012 partner=0.0013 road=0.0019
[ROMA step 2,215,378,944] sps= 51,699  policy_loss=0.0006  value_loss=0.0197  mi_loss=0.0002  mi_valid=0.67  div_loss=0.0003  kl_loss=0.0000 (disabled)  score=0.988  return=1.040  role_std=1.4181  role_norm=2.9606  enc_delta ego=0.0012 partner=0.0019 road=0.0022
[ROMA step 2,216,165,376] sps= 51,705  policy_loss=-0.0053  value_loss=0.0166  mi_loss=0.0002  mi_valid=0.67  div_loss=0.0004  kl_loss=0.0000 (disabled)  score=0.988  return=1.040  role_std=1.4198  role_norm=2.9831  enc_delta ego=0.0013 partner=0.0013 road=0.0020
[ROMA step 2,216,951,808] sps= 51,692  policy_loss=-0.0044  value_loss=0.0255  mi_loss=0.0002  mi_valid=0.66  div_loss=-0.0000  kl_loss=0.0000 (disabled)  score=0.988  return=1.040  role_std=1.4051  role_norm=3.0177  enc_delta ego=0.0011 partner=0.0014 road=0.0019
[ROMA step 2,217,738,240] sps= 51,698  policy_loss=0.0001  value_loss=0.0193  mi_loss=0.0001  mi_valid=0.68  div_loss=0.0001  kl_loss=0.0000 (disabled)  score=0.988  return=1.040  role_std=1.4077  role_norm=2.9036  enc_delta ego=0.0015 partner=0.0017 road=0.0023
[ROMA step 2,218,524,672] sps= 51,704  policy_loss=-0.0028  value_loss=0.0198  mi_loss=0.0001  mi_valid=0.68  div_loss=0.0000  kl_loss=0.0000 (disabled)  score=0.988  return=1.040  role_std=1.3982  role_norm=2.9134  enc_delta ego=0.0014 partner=0.0015 road=0.0022
[ROMA step 2,219,311,104] sps= 51,711  policy_loss=-0.0002  value_loss=0.0182  mi_loss=0.0001  mi_valid=0.68  div_loss=0.0000  kl_loss=0.0000 (disabled)  score=0.988  return=1.039  role_std=1.3856  role_norm=2.8810  enc_delta ego=0.0011 partner=0.0017 road=0.0020
[ROMA step 2,220,097,536] sps= 51,696  policy_loss=-0.0011  value_loss=0.0291  mi_loss=0.0002  mi_valid=0.67  div_loss=0.0000  kl_loss=0.0000 (disabled)  score=0.988  return=1.039  role_std=1.3487  role_norm=2.7908  enc_delta ego=0.0016 partner=0.0016 road=0.0023
[ROMA step 2,220,883,968] sps= 51,702  policy_loss=-0.0045  value_loss=0.0176  mi_loss=0.0002  mi_valid=0.68  div_loss=0.0002  kl_loss=0.0000 (disabled)  score=0.988  return=1.039  role_std=1.3874  role_norm=2.8778  enc_delta ego=0.0014 partner=0.0014 road=0.0022
[ROMA step 2,221,670,400] sps= 51,708  policy_loss=0.0030  value_loss=0.0170  mi_loss=0.0002  mi_valid=0.68  div_loss=0.0000  kl_loss=0.0000 (disabled)  score=0.988  return=1.039  role_std=1.3930  role_norm=2.8972  enc_delta ego=0.0016 partner=0.0014 road=0.0021
[ROMA step 2,222,456,832] sps= 51,697  policy_loss=0.0032  value_loss=0.0256  mi_loss=0.0002  mi_valid=0.66  div_loss=0.0000  kl_loss=0.0000 (disabled)  score=0.988  return=1.039  role_std=1.4854  role_norm=3.0928  enc_delta ego=0.0014 partner=0.0012 road=0.0019
[ROMA step 2,223,243,264] sps= 51,704  policy_loss=-0.0013  value_loss=0.0178  mi_loss=0.0002  mi_valid=0.68  div_loss=0.0001  kl_loss=0.0000 (disabled)  score=0.987  return=1.038  role_std=1.4940  role_norm=3.0911  enc_delta ego=0.0009 partner=0.0013 road=0.0018
[ROMA step 2,224,029,696] sps= 51,710  policy_loss=-0.0021  value_loss=0.0159  mi_loss=0.0002  mi_valid=0.67  div_loss=0.0002  kl_loss=0.0000 (disabled)  score=0.987  return=1.038  role_std=1.4494  role_norm=2.9843  enc_delta ego=0.0011 partner=0.0013 road=0.0023
[ROMA step 2,224,816,128] sps= 51,715  policy_loss=-0.0038  value_loss=0.0142  mi_loss=0.0002  mi_valid=0.67  div_loss=0.0001  kl_loss=0.0000 (disabled)  score=0.987  return=1.038  role_std=1.4693  role_norm=3.0209  enc_delta ego=0.0009 partner=0.0013 road=0.0018
[ROMA step 2,225,602,560] sps= 51,700  policy_loss=-0.0018  value_loss=0.0260  mi_loss=0.0002  mi_valid=0.67  div_loss=0.0001  kl_loss=0.0000 (disabled)  score=0.987  return=1.038  role_std=1.4040  role_norm=2.9493  enc_delta ego=0.0010 partner=0.0010 road=0.0017
[ROMA step 2,226,388,992] sps= 51,706  policy_loss=0.0002  value_loss=0.0129  mi_loss=0.0002  mi_valid=0.68  div_loss=-0.0000  kl_loss=0.0000 (disabled)  score=0.987  return=1.038  role_std=1.3921  role_norm=2.8669  enc_delta ego=0.0016 partner=0.0011 road=0.0017
[ROMA step 2,227,175,424] sps= 51,713  policy_loss=-0.0073  value_loss=0.0103  mi_loss=0.0002  mi_valid=0.68  div_loss=0.0003  kl_loss=0.0000 (disabled)  score=0.988  return=1.038  role_std=1.3980  role_norm=2.9059  enc_delta ego=0.0010 partner=0.0010 road=0.0015
[ROMA step 2,227,961,856] sps= 51,719  policy_loss=-0.0090  value_loss=0.0122  mi_loss=0.0002  mi_valid=0.68  div_loss=0.0001  kl_loss=0.0000 (disabled)  score=0.988  return=1.038  role_std=1.3758  role_norm=2.8562  enc_delta ego=0.0013 partner=0.0010 road=0.0019
[ROMA step 2,228,748,288] sps= 51,703  policy_loss=0.0067  value_loss=0.0260  mi_loss=0.0002  mi_valid=0.66  div_loss=0.0000  kl_loss=0.0000 (disabled)  score=0.988  return=1.038  role_std=1.3665  role_norm=2.8299  enc_delta ego=0.0015 partner=0.0013 road=0.0028
[ROMA step 2,229,534,720] sps= 51,709  policy_loss=-0.0022  value_loss=0.0136  mi_loss=0.0002  mi_valid=0.68  div_loss=-0.0000  kl_loss=0.0000 (disabled)  score=0.988  return=1.038  role_std=1.3723  role_norm=2.8403  enc_delta ego=0.0019 partner=0.0014 road=0.0020
[ROMA step 2,230,321,152] sps= 51,716  policy_loss=-0.0032  value_loss=0.0145  mi_loss=0.0002  mi_valid=0.68  div_loss=0.0004  kl_loss=0.0000 (disabled)  score=0.988  return=1.038  role_std=1.3712  role_norm=2.8342  enc_delta ego=0.0014 partner=0.0013 road=0.0019
[ROMA step 2,231,107,584] sps= 51,703  policy_loss=-0.0035  value_loss=0.0223  mi_loss=0.0002  mi_valid=0.67  div_loss=0.0000  kl_loss=0.0000 (disabled)  score=0.988  return=1.038  role_std=1.4372  role_norm=2.9990  enc_delta ego=0.0011 partner=0.0011 road=0.0018
[ROMA step 2,231,894,016] sps= 51,709  policy_loss=-0.0041  value_loss=0.0122  mi_loss=0.0002  mi_valid=0.69  div_loss=0.0001  kl_loss=0.0000 (disabled)  score=0.988  return=1.037  role_std=1.3980  role_norm=2.8665  enc_delta ego=0.0011 partner=0.0012 road=0.0017
[ROMA step 2,232,680,448] sps= 51,716  policy_loss=-0.0019  value_loss=0.0129  mi_loss=0.0002  mi_valid=0.68  div_loss=0.0002  kl_loss=0.0000 (disabled)  score=0.988  return=1.037  role_std=1.3773  role_norm=2.8383  enc_delta ego=0.0011 partner=0.0010 road=0.0018
[ROMA step 2,233,466,880] sps= 51,722  policy_loss=-0.0022  value_loss=0.0111  mi_loss=0.0002  mi_valid=0.68  div_loss=0.0000  kl_loss=0.0000 (disabled)  score=0.988  return=1.037  role_std=1.3775  role_norm=2.8657  enc_delta ego=0.0011 partner=0.0011 road=0.0017
[ROMA step 2,234,253,312] sps= 51,710  policy_loss=-0.0024  value_loss=0.0254  mi_loss=0.0002  mi_valid=0.67  div_loss=0.0000  kl_loss=0.0000 (disabled)  score=0.987  return=1.036  role_std=1.3711  role_norm=2.8608  enc_delta ego=0.0013 partner=0.0012 road=0.0021
[ROMA step 2,235,039,744] sps= 51,716  policy_loss=-0.0020  value_loss=0.0136  mi_loss=0.0002  mi_valid=0.68  div_loss=0.0002  kl_loss=0.0000 (disabled)  score=0.987  return=1.036  role_std=1.3686  role_norm=2.8235  enc_delta ego=0.0012 partner=0.0015 road=0.0018
[ROMA step 2,235,826,176] sps= 51,722  policy_loss=-0.0059  value_loss=0.0169  mi_loss=0.0002  mi_valid=0.68  div_loss=0.0001  kl_loss=0.0000 (disabled)  score=0.987  return=1.036  role_std=1.3795  role_norm=2.8475  enc_delta ego=0.0012 partner=0.0013 road=0.0021
[ROMA step 2,236,612,608] sps= 51,713  policy_loss=0.0001  value_loss=0.0232  mi_loss=0.0002  mi_valid=0.67  div_loss=0.0000  kl_loss=0.0000 (disabled)  score=0.987  return=1.036  role_std=1.3246  role_norm=2.7293  enc_delta ego=0.0011 partner=0.0013 road=0.0017
[ROMA step 2,237,399,040] sps= 51,719  policy_loss=-0.0007  value_loss=0.0163  mi_loss=0.0002  mi_valid=0.68  div_loss=0.0000  kl_loss=0.0000 (disabled)  score=0.987  return=1.036  role_std=1.3606  role_norm=2.8416  enc_delta ego=0.0014 partner=0.0011 road=0.0021
[ROMA step 2,238,185,472] sps= 51,725  policy_loss=0.0074  value_loss=0.0167  mi_loss=0.0002  mi_valid=0.68  div_loss=0.0000  kl_loss=0.0000 (disabled)  score=0.987  return=1.036  role_std=1.3522  role_norm=2.8111  enc_delta ego=0.0010 partner=0.0013 road=0.0019
[ROMA step 2,238,971,904] sps= 51,731  policy_loss=0.0012  value_loss=0.0125  mi_loss=0.0002  mi_valid=0.68  div_loss=0.0000  kl_loss=0.0000 (disabled)  score=0.987  return=1.036  role_std=1.3489  role_norm=2.8407  enc_delta ego=0.0011 partner=0.0013 road=0.0018
[ROMA step 2,239,758,336] sps= 51,718  policy_loss=-0.0022  value_loss=0.0264  mi_loss=0.0002  mi_valid=0.67  div_loss=-0.0000  kl_loss=0.0000 (disabled)  score=0.987  return=1.036  role_std=1.3297  role_norm=2.8226  enc_delta ego=0.0010 partner=0.0013 road=0.0016
[ROMA step 2,240,544,768] sps= 51,724  policy_loss=-0.0017  value_loss=0.0201  mi_loss=0.0002  mi_valid=0.68  div_loss=0.0000  kl_loss=0.0000 (disabled)  score=0.986  return=1.035  role_std=1.3523  role_norm=2.8245  enc_delta ego=0.0013 partner=0.0016 road=0.0022
[ROMA step 2,241,331,200] sps= 51,730  policy_loss=-0.0029  value_loss=0.0160  mi_loss=0.0002  mi_valid=0.68  div_loss=0.0000  kl_loss=0.0000 (disabled)  score=0.986  return=1.035  role_std=1.3608  role_norm=2.8525  enc_delta ego=0.0012 partner=0.0016 road=0.0019
[ROMA step 2,242,117,632] sps= 51,722  policy_loss=-0.0022  value_loss=0.0253  mi_loss=0.0002  mi_valid=0.67  div_loss=0.0001  kl_loss=0.0000 (disabled)  score=0.986  return=1.035  role_std=1.3730  role_norm=2.9316  enc_delta ego=0.0010 partner=0.0014 road=0.0017
[ROMA step 2,242,904,064] sps= 51,728  policy_loss=0.0026  value_loss=0.0161  mi_loss=0.0002  mi_valid=0.67  div_loss=0.0002  kl_loss=0.0000 (disabled)  score=0.986  return=1.035  role_std=1.3838  role_norm=2.8834  enc_delta ego=0.0013 partner=0.0010 road=0.0020
[ROMA step 2,243,690,496] sps= 51,734  policy_loss=-0.0000  value_loss=0.0131  mi_loss=0.0002  mi_valid=0.67  div_loss=-0.0000  kl_loss=0.0000 (disabled)  score=0.986  return=1.035  role_std=1.4096  role_norm=2.9278  enc_delta ego=0.0009 partner=0.0013 road=0.0017
[ROMA step 2,244,476,928] sps= 51,740  policy_loss=0.0018  value_loss=0.0136  mi_loss=0.0002  mi_valid=0.67  div_loss=0.0000  kl_loss=0.0000 (disabled)  score=0.985  return=1.035  role_std=1.3793  role_norm=2.8568  enc_delta ego=0.0010 partner=0.0011 road=0.0019
[ROMA step 2,245,263,360] sps= 51,726  policy_loss=-0.0046  value_loss=0.0218  mi_loss=0.0002  mi_valid=0.66  div_loss=0.0002  kl_loss=0.0000 (disabled)  score=0.985  return=1.036  role_std=1.3716  role_norm=2.8546  enc_delta ego=0.0009 partner=0.0013 road=0.0016
[ROMA step 2,246,049,792] sps= 51,732  policy_loss=0.0018  value_loss=0.0169  mi_loss=0.0002  mi_valid=0.68  div_loss=0.0000  kl_loss=0.0000 (disabled)  score=0.985  return=1.036  role_std=1.3795  role_norm=2.8612  enc_delta ego=0.0010 partner=0.0014 road=0.0015
[ROMA step 2,246,836,224] sps= 51,738  policy_loss=-0.0009  value_loss=0.0138  mi_loss=0.0002  mi_valid=0.68  div_loss=0.0003  kl_loss=0.0000 (disabled)  score=0.985  return=1.036  role_std=1.3924  role_norm=2.9092  enc_delta ego=0.0008 partner=0.0014 road=0.0017
[ROMA step 2,247,622,656] sps= 51,727  policy_loss=-0.0002  value_loss=0.0222  mi_loss=0.0002  mi_valid=0.66  div_loss=0.0001  kl_loss=0.0000 (disabled)  score=0.985  return=1.036  role_std=1.3958  role_norm=2.9130  enc_delta ego=0.0009 partner=0.0013 road=0.0015
[ROMA step 2,248,409,088] sps= 51,733  policy_loss=-0.0032  value_loss=0.0182  mi_loss=0.0002  mi_valid=0.69  div_loss=0.0001  kl_loss=0.0000 (disabled)  score=0.985  return=1.037  role_std=1.4000  role_norm=2.8900  enc_delta ego=0.0013 partner=0.0016 road=0.0020
[ROMA step 2,249,195,520] sps= 51,740  policy_loss=0.0079  value_loss=0.0185  mi_loss=0.0002  mi_valid=0.68  div_loss=0.0002  kl_loss=0.0000 (disabled)  score=0.985  return=1.037  role_std=1.4078  role_norm=2.8839  enc_delta ego=0.0011 partner=0.0016 road=0.0016
[ROMA step 2,249,981,952] sps= 51,746  policy_loss=-0.0028  value_loss=0.0148  mi_loss=0.0002  mi_valid=0.68  div_loss=0.0000  kl_loss=0.0000 (disabled)  score=0.985  return=1.038  role_std=1.4069  role_norm=2.9240  enc_delta ego=0.0011 partner=0.0015 road=0.0016
[ROMA step 2,250,768,384] sps= 51,736  policy_loss=-0.0043  value_loss=0.0227  mi_loss=0.0002  mi_valid=0.66  div_loss=0.0001  kl_loss=0.0000 (disabled)  score=0.985  return=1.038  role_std=1.4429  role_norm=2.9952  enc_delta ego=0.0010 partner=0.0011 road=0.0017
[ROMA step 2,251,554,816] sps= 51,742  policy_loss=0.0044  value_loss=0.0173  mi_loss=0.0002  mi_valid=0.66  div_loss=0.0003  kl_loss=0.0000 (disabled)  score=0.985  return=1.038  role_std=1.4639  role_norm=2.9828  enc_delta ego=0.0011 partner=0.0014 road=0.0017
[ROMA step 2,252,341,248] sps= 51,748  policy_loss=0.0034  value_loss=0.0174  mi_loss=0.0002  mi_valid=0.66  div_loss=0.0001  kl_loss=0.0000 (disabled)  score=0.985  return=1.038  role_std=1.4552  role_norm=2.9696  enc_delta ego=0.0010 partner=0.0014 road=0.0016
[ROMA step 2,253,127,680] sps= 51,754  policy_loss=-0.0031  value_loss=0.0117  mi_loss=0.0002  mi_valid=0.66  div_loss=0.0000  kl_loss=0.0000 (disabled)  score=0.986  return=1.039  role_std=1.4585  role_norm=2.9649  enc_delta ego=0.0009 partner=0.0011 road=0.0019
[ROMA step 2,253,914,112] sps= 51,742  policy_loss=0.0054  value_loss=0.0233  mi_loss=0.0002  mi_valid=0.67  div_loss=0.0005  kl_loss=0.0000 (disabled)  score=0.986  return=1.039  role_std=1.4005  role_norm=2.9000  enc_delta ego=0.0016 partner=0.0014 road=0.0019
[ROMA step 2,254,700,544] sps= 51,748  policy_loss=-0.0011  value_loss=0.0119  mi_loss=0.0002  mi_valid=0.69  div_loss=-0.0000  kl_loss=0.0000 (disabled)  score=0.986  return=1.040  role_std=1.4180  role_norm=2.9437  enc_delta ego=0.0011 partner=0.0012 road=0.0019
[ROMA step 2,255,486,976] sps= 51,754  policy_loss=-0.0032  value_loss=0.0139  mi_loss=0.0002  mi_valid=0.68  div_loss=0.0001  kl_loss=0.0000 (disabled)  score=0.986  return=1.040  role_std=1.3982  role_norm=2.9301  enc_delta ego=0.0016 partner=0.0013 road=0.0019
[ROMA step 2,256,273,408] sps= 51,742  policy_loss=-0.0008  value_loss=0.0238  mi_loss=0.0002  mi_valid=0.67  div_loss=0.0002  kl_loss=0.0000 (disabled)  score=0.986  return=1.040  role_std=1.4938  role_norm=3.1129  enc_delta ego=0.0012 partner=0.0015 road=0.0016
[ROMA step 2,257,059,840] sps= 51,748  policy_loss=-0.0036  value_loss=0.0126  mi_loss=0.0002  mi_valid=0.68  div_loss=0.0000  kl_loss=0.0000 (disabled)  score=0.986  return=1.041  role_std=1.4921  role_norm=3.0913  enc_delta ego=0.0010 partner=0.0013 road=0.0017
[ROMA step 2,257,846,272] sps= 51,754  policy_loss=-0.0060  value_loss=0.0136  mi_loss=0.0002  mi_valid=0.67  div_loss=0.0000  kl_loss=0.0000 (disabled)  score=0.986  return=1.042  role_std=1.4776  role_norm=3.0655  enc_delta ego=0.0012 partner=0.0013 road=0.0018
[ROMA step 2,258,632,704] sps= 51,761  policy_loss=-0.0041  value_loss=0.0140  mi_loss=0.0002  mi_valid=0.67  div_loss=0.0001  kl_loss=0.0000 (disabled)  score=0.986  return=1.042  role_std=1.4803  role_norm=3.0832  enc_delta ego=0.0013 partner=0.0014 road=0.0019
[ROMA step 2,259,419,136] sps= 51,747  policy_loss=0.0017  value_loss=0.0264  mi_loss=0.0002  mi_valid=0.66  div_loss=0.0002  kl_loss=0.0000 (disabled)  score=0.986  return=1.042  role_std=1.4284  role_norm=3.0155  enc_delta ego=0.0020 partner=0.0015 road=0.0023
[ROMA step 2,260,205,568] sps= 51,753  policy_loss=-0.0036  value_loss=0.0175  mi_loss=0.0002  mi_valid=0.68  div_loss=0.0002  kl_loss=0.0000 (disabled)  score=0.986  return=1.042  role_std=1.4265  role_norm=2.9628  enc_delta ego=0.0015 partner=0.0016 road=0.0023
[ROMA step 2,260,992,000] sps= 51,759  policy_loss=-0.0052  value_loss=0.0151  mi_loss=0.0002  mi_valid=0.68  div_loss=0.0002  kl_loss=0.0000 (disabled)  score=0.987  return=1.042  role_std=1.4260  role_norm=2.9650  enc_delta ego=0.0012 partner=0.0016 road=0.0019
[ROMA step 2,261,778,432] sps= 51,750  policy_loss=-0.0056  value_loss=0.0255  mi_loss=0.0002  mi_valid=0.67  div_loss=0.0000  kl_loss=0.0000 (disabled)  score=0.987  return=1.042  role_std=1.3395  role_norm=2.7809  enc_delta ego=0.0014 partner=0.0013 road=0.0019
[ROMA step 2,262,564,864] sps= 51,757  policy_loss=-0.0012  value_loss=0.0130  mi_loss=0.0002  mi_valid=0.69  div_loss=0.0001  kl_loss=0.0000 (disabled)  score=0.987  return=1.042  role_std=1.3730  role_norm=2.8868  enc_delta ego=0.0012 partner=0.0013 road=0.0017
[ROMA step 2,263,351,296] sps= 51,763  policy_loss=0.0040  value_loss=0.0162  mi_loss=0.0002  mi_valid=0.68  div_loss=0.0000  kl_loss=0.0000 (disabled)  score=0.987  return=1.042  role_std=1.3795  role_norm=2.8832  enc_delta ego=0.0011 partner=0.0014 road=0.0016
[ROMA step 2,264,137,728] sps= 51,769  policy_loss=0.0054  value_loss=0.0133  mi_loss=0.0002  mi_valid=0.68  div_loss=0.0000  kl_loss=0.0000 (disabled)  score=0.987  return=1.042  role_std=1.3812  role_norm=2.8816  enc_delta ego=0.0011 partner=0.0014 road=0.0015
[ROMA step 2,264,924,160] sps= 51,757  policy_loss=-0.0037  value_loss=0.0268  mi_loss=0.0002  mi_valid=0.67  div_loss=0.0001  kl_loss=0.0000 (disabled)  score=0.987  return=1.042  role_std=1.4330  role_norm=2.9660  enc_delta ego=0.0012 partner=0.0012 road=0.0018
[ROMA step 2,265,710,592] sps= 51,763  policy_loss=0.0013  value_loss=0.0145  mi_loss=0.0002  mi_valid=0.68  div_loss=0.0000  kl_loss=0.0000 (disabled)  score=0.987  return=1.043  role_std=1.4137  role_norm=2.9336  enc_delta ego=0.0011 partner=0.0011 road=0.0020
[ROMA step 2,266,497,024] sps= 51,769  policy_loss=0.0008  value_loss=0.0104  mi_loss=0.0002  mi_valid=0.68  div_loss=0.0001  kl_loss=0.0000 (disabled)  score=0.987  return=1.043  role_std=1.3707  role_norm=2.8629  enc_delta ego=0.0009 partner=0.0012 road=0.0015
[ROMA step 2,267,283,456] sps= 51,759  policy_loss=0.0035  value_loss=0.0224  mi_loss=0.0002  mi_valid=0.66  div_loss=0.0002  kl_loss=0.0000 (disabled)  score=0.987  return=1.043  role_std=1.3786  role_norm=2.9253  enc_delta ego=0.0010 partner=0.0011 road=0.0020
[ROMA step 2,268,069,888] sps= 51,765  policy_loss=-0.0043  value_loss=0.0133  mi_loss=0.0002  mi_valid=0.67  div_loss=0.0001  kl_loss=0.0000 (disabled)  score=0.987  return=1.043  role_std=1.3889  role_norm=2.9066  enc_delta ego=0.0014 partner=0.0013 road=0.0017
[ROMA step 2,268,856,320] sps= 51,771  policy_loss=-0.0010  value_loss=0.0182  mi_loss=0.0002  mi_valid=0.67  div_loss=0.0002  kl_loss=0.0000 (disabled)  score=0.987  return=1.043  role_std=1.3885  role_norm=2.8761  enc_delta ego=0.0011 partner=0.0015 road=0.0018
[ROMA step 2,269,642,752] sps= 51,778  policy_loss=-0.0043  value_loss=0.0137  mi_loss=0.0002  mi_valid=0.68  div_loss=0.0001  kl_loss=0.0000 (disabled)  score=0.987  return=1.042  role_std=1.4138  role_norm=2.9475  enc_delta ego=0.0010 partner=0.0010 road=0.0015
[ROMA step 2,270,429,184] sps= 51,768  policy_loss=-0.0003  value_loss=0.0287  mi_loss=0.0002  mi_valid=0.66  div_loss=0.0000  kl_loss=0.0000 (disabled)  score=0.987  return=1.042  role_std=1.4101  role_norm=2.9070  enc_delta ego=0.0013 partner=0.0013 road=0.0019
[ROMA step 2,271,215,616] sps= 51,774  policy_loss=-0.0046  value_loss=0.0164  mi_loss=0.0002  mi_valid=0.68  div_loss=-0.0000  kl_loss=0.0000 (disabled)  score=0.987  return=1.041  role_std=1.4298  role_norm=2.9441  enc_delta ego=0.0014 partner=0.0013 road=0.0020
[ROMA step 2,272,002,048] sps= 51,780  policy_loss=0.0004  value_loss=0.0168  mi_loss=0.0002  mi_valid=0.68  div_loss=0.0000  kl_loss=0.0000 (disabled)  score=0.987  return=1.041  role_std=1.4501  role_norm=3.0110  enc_delta ego=0.0014 partner=0.0015 road=0.0016
[ROMA step 2,272,788,480] sps= 51,771  policy_loss=-0.0066  value_loss=0.0237  mi_loss=0.0002  mi_valid=0.65  div_loss=0.0002  kl_loss=0.0000 (disabled)  score=0.987  return=1.041  role_std=1.4981  role_norm=3.0581  enc_delta ego=0.0012 partner=0.0012 road=0.0016
[ROMA step 2,273,574,912] sps= 51,777  policy_loss=-0.0044  value_loss=0.0154  mi_loss=0.0002  mi_valid=0.68  div_loss=0.0004  kl_loss=0.0000 (disabled)  score=0.987  return=1.041  role_std=1.4590  role_norm=3.0217  enc_delta ego=0.0012 partner=0.0014 road=0.0019
[ROMA step 2,274,361,344] sps= 51,783  policy_loss=-0.0038  value_loss=0.0134  mi_loss=0.0002  mi_valid=0.68  div_loss=0.0001  kl_loss=0.0000 (disabled)  score=0.987  return=1.041  role_std=1.4439  role_norm=2.9920  enc_delta ego=0.0012 partner=0.0012 road=0.0019
[ROMA step 2,275,147,776] sps= 51,789  policy_loss=-0.0030  value_loss=0.0127  mi_loss=0.0002  mi_valid=0.68  div_loss=0.0001  kl_loss=0.0000 (disabled)  score=0.987  return=1.040  role_std=1.4408  role_norm=2.9590  enc_delta ego=0.0009 partner=0.0011 road=0.0017
[ROMA step 2,275,934,208] sps= 51,780  policy_loss=0.0011  value_loss=0.0245  mi_loss=0.0002  mi_valid=0.67  div_loss=0.0001  kl_loss=0.0000 (disabled)  score=0.987  return=1.040  role_std=1.4267  role_norm=3.0195  enc_delta ego=0.0012 partner=0.0012 road=0.0015
[ROMA step 2,276,720,640] sps= 51,786  policy_loss=-0.0094  value_loss=0.0154  mi_loss=0.0002  mi_valid=0.68  div_loss=0.0000  kl_loss=0.0000 (disabled)  score=0.987  return=1.040  role_std=1.4530  role_norm=3.0600  enc_delta ego=0.0011 partner=0.0015 road=0.0020
[ROMA step 2,277,507,072] sps= 51,792  policy_loss=0.0049  value_loss=0.0213  mi_loss=0.0002  mi_valid=0.68  div_loss=0.0000  kl_loss=0.0000 (disabled)  score=0.987  return=1.040  role_std=1.4545  role_norm=3.0551  enc_delta ego=0.0012 partner=0.0014 road=0.0019
[ROMA step 2,278,293,504] sps= 51,798  policy_loss=0.0018  value_loss=0.0156  mi_loss=0.0002  mi_valid=0.68  div_loss=0.0001  kl_loss=0.0000 (disabled)  score=0.987  return=1.040  role_std=1.4608  role_norm=3.0638  enc_delta ego=0.0009 partner=0.0015 road=0.0016
[ROMA step 2,279,079,936] sps= 51,785  policy_loss=0.0018  value_loss=0.0261  mi_loss=0.0002  mi_valid=0.67  div_loss=0.0000  kl_loss=0.0000 (disabled)  score=0.987  return=1.040  role_std=1.4309  role_norm=2.9516  enc_delta ego=0.0011 partner=0.0018 road=0.0020
[ROMA step 2,279,866,368] sps= 51,791  policy_loss=-0.0021  value_loss=0.0118  mi_loss=0.0002  mi_valid=0.68  div_loss=0.0000  kl_loss=0.0000 (disabled)  score=0.987  return=1.040  role_std=1.4385  role_norm=3.0046  enc_delta ego=0.0010 partner=0.0018 road=0.0021
[ROMA step 2,280,652,800] sps= 51,797  policy_loss=-0.0027  value_loss=0.0141  mi_loss=0.0002  mi_valid=0.68  div_loss=0.0001  kl_loss=0.0000 (disabled)  score=0.987  return=1.040  role_std=1.4421  role_norm=2.9835  enc_delta ego=0.0012 partner=0.0017 road=0.0022
[ROMA step 2,281,439,232] sps= 51,786  policy_loss=-0.0020  value_loss=0.0215  mi_loss=0.0002  mi_valid=0.67  div_loss=0.0002  kl_loss=0.0000 (disabled)  score=0.987  return=1.040  role_std=1.5146  role_norm=3.1480  enc_delta ego=0.0010 partner=0.0013 road=0.0016
[ROMA step 2,282,225,664] sps= 51,792  policy_loss=-0.0079  value_loss=0.0158  mi_loss=0.0002  mi_valid=0.69  div_loss=0.0000  kl_loss=0.0000 (disabled)  score=0.986  return=1.039  role_std=1.4830  role_norm=3.1022  enc_delta ego=0.0012 partner=0.0013 road=0.0017
[ROMA step 2,283,012,096] sps= 51,799  policy_loss=-0.0020  value_loss=0.0159  mi_loss=0.0002  mi_valid=0.69  div_loss=0.0001  kl_loss=0.0000 (disabled)  score=0.986  return=1.038  role_std=1.4746  role_norm=3.0774  enc_delta ego=0.0009 partner=0.0012 road=0.0015
[ROMA step 2,283,798,528] sps= 51,805  policy_loss=-0.0007  value_loss=0.0152  mi_loss=0.0002  mi_valid=0.69  div_loss=0.0001  kl_loss=0.0000 (disabled)  score=0.986  return=1.038  role_std=1.4808  role_norm=3.1035  enc_delta ego=0.0009 partner=0.0012 road=0.0014
[ROMA step 2,284,584,960] sps= 51,796  policy_loss=0.0010  value_loss=0.0248  mi_loss=0.0002  mi_valid=0.67  div_loss=0.0002  kl_loss=0.0000 (disabled)  score=0.986  return=1.037  role_std=1.4114  role_norm=2.9620  enc_delta ego=0.0012 partner=0.0013 road=0.0020
[ROMA step 2,285,371,392] sps= 51,802  policy_loss=-0.0020  value_loss=0.0159  mi_loss=0.0002  mi_valid=0.68  div_loss=0.0003  kl_loss=0.0000 (disabled)  score=0.986  return=1.037  role_std=1.4069  role_norm=2.8961  enc_delta ego=0.0011 partner=0.0013 road=0.0016
[ROMA step 2,286,157,824] sps= 51,808  policy_loss=-0.0026  value_loss=0.0161  mi_loss=0.0002  mi_valid=0.68  div_loss=0.0002  kl_loss=0.0000 (disabled)  score=0.986  return=1.038  role_std=1.4155  role_norm=2.9178  enc_delta ego=0.0011 partner=0.0011 road=0.0015
[ROMA step 2,286,944,256] sps= 51,796  policy_loss=-0.0010  value_loss=0.0248  mi_loss=0.0002  mi_valid=0.67  div_loss=0.0002  kl_loss=0.0000 (disabled)  score=0.986  return=1.038  role_std=1.3792  role_norm=2.7972  enc_delta ego=0.0011 partner=0.0011 road=0.0015
[ROMA step 2,287,730,688] sps= 51,802  policy_loss=0.0007  value_loss=0.0173  mi_loss=0.0002  mi_valid=0.67  div_loss=0.0001  kl_loss=0.0000 (disabled)  score=0.986  return=1.038  role_std=1.4464  role_norm=2.9580  enc_delta ego=0.0014 partner=0.0015 road=0.0016
[ROMA step 2,288,517,120] sps= 51,808  policy_loss=0.0001  value_loss=0.0155  mi_loss=0.0002  mi_valid=0.67  div_loss=0.0002  kl_loss=0.0000 (disabled)  score=0.986  return=1.038  role_std=1.4453  role_norm=2.9627  enc_delta ego=0.0010 partner=0.0012 road=0.0015
[ROMA step 2,289,303,552] sps= 51,814  policy_loss=0.0052  value_loss=0.0141  mi_loss=0.0002  mi_valid=0.67  div_loss=0.0001  kl_loss=0.0000 (disabled)  score=0.986  return=1.039  role_std=1.4375  role_norm=2.9682  enc_delta ego=0.0012 partner=0.0012 road=0.0015
[ROMA step 2,290,089,984] sps= 51,804  policy_loss=-0.0042  value_loss=0.0262  mi_loss=0.0002  mi_valid=0.67  div_loss=0.0008  kl_loss=0.0000 (disabled)  score=0.986  return=1.039  role_std=1.4709  role_norm=3.0702  enc_delta ego=0.0017 partner=0.0012 road=0.0015
[ROMA step 2,290,876,416] sps= 51,810  policy_loss=0.0003  value_loss=0.0123  mi_loss=0.0002  mi_valid=0.68  div_loss=0.0001  kl_loss=0.0000 (disabled)  score=0.986  return=1.039  role_std=1.4571  role_norm=3.0052  enc_delta ego=0.0011 partner=0.0010 road=0.0015
[ROMA step 2,291,662,848] sps= 51,816  policy_loss=0.0050  value_loss=0.0136  mi_loss=0.0002  mi_valid=0.68  div_loss=0.0001  kl_loss=0.0000 (disabled)  score=0.987  return=1.040  role_std=1.4631  role_norm=3.0400  enc_delta ego=0.0011 partner=0.0011 road=0.0015
[ROMA step 2,292,449,280] sps= 51,804  policy_loss=-0.0034  value_loss=0.0221  mi_loss=0.0002  mi_valid=0.67  div_loss=0.0001  kl_loss=0.0000 (disabled)  score=0.987  return=1.040  role_std=1.4640  role_norm=3.1570  enc_delta ego=0.0009 partner=0.0012 road=0.0013
[ROMA step 2,293,235,712] sps= 51,810  policy_loss=-0.0055  value_loss=0.0136  mi_loss=0.0002  mi_valid=0.66  div_loss=0.0013  kl_loss=0.0000 (disabled)  score=0.987  return=1.040  role_std=1.4745  role_norm=3.0761  enc_delta ego=0.0015 partner=0.0011 road=0.0020
[ROMA step 2,294,022,144] sps= 51,816  policy_loss=-0.0013  value_loss=0.0137  mi_loss=0.0002  mi_valid=0.66  div_loss=0.0000  kl_loss=0.0000 (disabled)  score=0.987  return=1.042  role_std=1.4828  role_norm=3.0539  enc_delta ego=0.0009 partner=0.0011 road=0.0017
[ROMA step 2,294,808,576] sps= 51,822  policy_loss=-0.0031  value_loss=0.0125  mi_loss=0.0002  mi_valid=0.66  div_loss=0.0001  kl_loss=0.0000 (disabled)  score=0.987  return=1.042  role_std=1.5069  role_norm=3.1059  enc_delta ego=0.0009 partner=0.0014 road=0.0017
[ROMA step 2,295,595,008] sps= 51,811  policy_loss=0.0045  value_loss=0.0239  mi_loss=0.0002  mi_valid=0.66  div_loss=0.0005  kl_loss=0.0000 (disabled)  score=0.987  return=1.043  role_std=1.4394  role_norm=2.9797  enc_delta ego=0.0012 partner=0.0013 road=0.0017
[ROMA step 2,296,381,440] sps= 51,817  policy_loss=0.0002  value_loss=0.0161  mi_loss=0.0002  mi_valid=0.68  div_loss=0.0000  kl_loss=0.0000 (disabled)  score=0.987  return=1.043  role_std=1.4671  role_norm=3.0226  enc_delta ego=0.0017 partner=0.0014 road=0.0019
[ROMA step 2,297,167,872] sps= 51,823  policy_loss=-0.0004  value_loss=0.0176  mi_loss=0.0002  mi_valid=0.68  div_loss=0.0001  kl_loss=0.0000 (disabled)  score=0.987  return=1.042  role_std=1.4825  role_norm=3.0475  enc_delta ego=0.0014 partner=0.0013 road=0.0019
[ROMA step 2,297,954,304] sps= 51,814  policy_loss=-0.0020  value_loss=0.0273  mi_loss=0.0002  mi_valid=0.66  div_loss=0.0004  kl_loss=0.0000 (disabled)  score=0.987  return=1.042  role_std=1.5032  role_norm=3.0437  enc_delta ego=0.0010 partner=0.0011 road=0.0018
[ROMA step 2,298,740,736] sps= 51,820  policy_loss=-0.0068  value_loss=0.0230  mi_loss=0.0002  mi_valid=0.68  div_loss=0.0001  kl_loss=0.0000 (disabled)  score=0.987  return=1.042  role_std=1.5062  role_norm=3.0899  enc_delta ego=0.0015 partner=0.0013 road=0.0023
[ROMA step 2,299,527,168] sps= 51,826  policy_loss=-0.0046  value_loss=0.0216  mi_loss=0.0002  mi_valid=0.68  div_loss=0.0003  kl_loss=0.0000 (disabled)  score=0.987  return=1.042  role_std=1.4980  role_norm=3.0645  enc_delta ego=0.0013 partner=0.0014 road=0.0023
[ROMA step 2,300,313,600] sps= 51,831  policy_loss=0.0021  value_loss=0.0180  mi_loss=0.0002  mi_valid=0.68  div_loss=0.0000  kl_loss=0.0000 (disabled)  score=0.987  return=1.042  role_std=1.5119  role_norm=3.0842  enc_delta ego=0.0011 partner=0.0012 road=0.0017
[ROMA step 2,301,100,032] sps= 51,819  policy_loss=-0.0048  value_loss=0.0269  mi_loss=0.0002  mi_valid=0.66  div_loss=0.0002  kl_loss=0.0000 (disabled)  score=0.987  return=1.042  role_std=1.4728  role_norm=3.0530  enc_delta ego=0.0009 partner=0.0011 road=0.0017
[ROMA step 2,301,886,464] sps= 51,825  policy_loss=0.0019  value_loss=0.0174  mi_loss=0.0002  mi_valid=0.67  div_loss=0.0003  kl_loss=0.0000 (disabled)  score=0.987  return=1.042  role_std=1.4657  role_norm=3.0149  enc_delta ego=0.0011 partner=0.0012 road=0.0019
[ROMA step 2,302,672,896] sps= 51,831  policy_loss=0.0023  value_loss=0.0158  mi_loss=0.0002  mi_valid=0.68  div_loss=0.0001  kl_loss=0.0000 (disabled)  score=0.987  return=1.042  role_std=1.4893  role_norm=3.0576  enc_delta ego=0.0010 partner=0.0014 road=0.0017
[ROMA step 2,303,459,328] sps= 51,837  policy_loss=-0.0039  value_loss=0.0142  mi_loss=0.0002  mi_valid=0.68  div_loss=0.0000  kl_loss=0.0000 (disabled)  score=0.987  return=1.042  role_std=1.4787  role_norm=3.0611  enc_delta ego=0.0014 partner=0.0013 road=0.0017
[ROMA step 2,304,245,760] sps= 51,832  policy_loss=-0.0029  value_loss=0.0252  mi_loss=0.0002  mi_valid=0.67  div_loss=0.0003  kl_loss=0.0000 (disabled)  score=0.987  return=1.041  role_std=1.4844  role_norm=3.0717  enc_delta ego=0.0017 partner=0.0020 road=0.0021
[ROMA step 2,305,032,192] sps= 51,837  policy_loss=-0.0054  value_loss=0.0237  mi_loss=0.0002  mi_valid=0.68  div_loss=0.0001  kl_loss=0.0000 (disabled)  score=0.986  return=1.040  role_std=1.4938  role_norm=3.0941  enc_delta ego=0.0013 partner=0.0019 road=0.0018
[ROMA step 2,305,818,624] sps= 51,843  policy_loss=0.0039  value_loss=0.0219  mi_loss=0.0002  mi_valid=0.68  div_loss=0.0000  kl_loss=0.0000 (disabled)  score=0.986  return=1.040  role_std=1.4763  role_norm=3.0791  enc_delta ego=0.0012 partner=0.0013 road=0.0016
[ROMA step 2,306,605,056] sps= 51,838  policy_loss=0.0022  value_loss=0.0267  mi_loss=0.0002  mi_valid=0.67  div_loss=-0.0000  kl_loss=0.0000 (disabled)  score=0.986  return=1.040  role_std=1.4847  role_norm=3.1113  enc_delta ego=0.0011 partner=0.0014 road=0.0020
[ROMA step 2,307,391,488] sps= 51,844  policy_loss=-0.0027  value_loss=0.0159  mi_loss=0.0002  mi_valid=0.69  div_loss=0.0001  kl_loss=0.0000 (disabled)  score=0.986  return=1.039  role_std=1.4388  role_norm=3.0037  enc_delta ego=0.0014 partner=0.0013 road=0.0018
[ROMA step 2,308,177,920] sps= 51,850  policy_loss=-0.0051  value_loss=0.0155  mi_loss=0.0002  mi_valid=0.69  div_loss=0.0000  kl_loss=0.0000 (disabled)  score=0.986  return=1.039  role_std=1.4461  role_norm=2.9844  enc_delta ego=0.0014 partner=0.0013 road=0.0018
[ROMA step 2,308,964,352] sps= 51,856  policy_loss=-0.0020  value_loss=0.0132  mi_loss=0.0002  mi_valid=0.69  div_loss=0.0000  kl_loss=0.0000 (disabled)  score=0.986  return=1.039  role_std=1.4371  role_norm=3.0293  enc_delta ego=0.0012 partner=0.0011 road=0.0016
[ROMA step 2,309,750,784] sps= 51,850  policy_loss=0.0043  value_loss=0.0244  mi_loss=0.0002  mi_valid=0.67  div_loss=0.0002  kl_loss=0.0000 (disabled)  score=0.986  return=1.038  role_std=1.4581  role_norm=3.0760  enc_delta ego=0.0011 partner=0.0010 road=0.0017
[ROMA step 2,310,537,216] sps= 51,856  policy_loss=-0.0088  value_loss=0.0114  mi_loss=0.0002  mi_valid=0.68  div_loss=0.0001  kl_loss=0.0000 (disabled)  score=0.986  return=1.037  role_std=1.4406  role_norm=3.0300  enc_delta ego=0.0014 partner=0.0010 road=0.0023
[ROMA step 2,311,323,648] sps= 51,862  policy_loss=0.0007  value_loss=0.0117  mi_loss=0.0002  mi_valid=0.68  div_loss=0.0001  kl_loss=0.0000 (disabled)  score=0.986  return=1.036  role_std=1.4838  role_norm=3.1033  enc_delta ego=0.0012 partner=0.0010 road=0.0019
[ROMA step 2,312,110,080] sps= 51,854  policy_loss=-0.0029  value_loss=0.0225  mi_loss=0.0002  mi_valid=0.67  div_loss=0.0000  kl_loss=0.0000 (disabled)  score=0.986  return=1.036  role_std=1.3542  role_norm=2.7914  enc_delta ego=0.0012 partner=0.0010 road=0.0016
[ROMA step 2,312,896,512] sps= 51,860  policy_loss=-0.0047  value_loss=0.0161  mi_loss=0.0002  mi_valid=0.68  div_loss=0.0000  kl_loss=0.0000 (disabled)  score=0.986  return=1.035  role_std=1.4088  role_norm=2.9209  enc_delta ego=0.0011 partner=0.0012 road=0.0021
[ROMA step 2,313,682,944] sps= 51,866  policy_loss=0.0007  value_loss=0.0183  mi_loss=0.0002  mi_valid=0.68  div_loss=0.0000  kl_loss=0.0000 (disabled)  score=0.986  return=1.034  role_std=1.3920  role_norm=2.9373  enc_delta ego=0.0010 partner=0.0012 road=0.0018
[ROMA step 2,314,469,376] sps= 51,872  policy_loss=0.0047  value_loss=0.0169  mi_loss=0.0002  mi_valid=0.68  div_loss=0.0001  kl_loss=0.0000 (disabled)  score=0.986  return=1.034  role_std=1.4016  role_norm=2.9264  enc_delta ego=0.0010 partner=0.0012 road=0.0018
[ROMA step 2,315,255,808] sps= 51,864  policy_loss=-0.0046  value_loss=0.0243  mi_loss=0.0002  mi_valid=0.66  div_loss=-0.0000  kl_loss=0.0000 (disabled)  score=0.986  return=1.034  role_std=1.4703  role_norm=3.0447  enc_delta ego=0.0013 partner=0.0011 road=0.0017
[ROMA step 2,316,042,240] sps= 51,870  policy_loss=-0.0001  value_loss=0.0145  mi_loss=0.0002  mi_valid=0.68  div_loss=0.0002  kl_loss=0.0000 (disabled)  score=0.986  return=1.034  role_std=1.4530  role_norm=3.0067  enc_delta ego=0.0012 partner=0.0011 road=0.0018
[ROMA step 2,316,828,672] sps= 51,876  policy_loss=0.0059  value_loss=0.0142  mi_loss=0.0002  mi_valid=0.67  div_loss=0.0000  kl_loss=0.0000 (disabled)  score=0.986  return=1.035  role_std=1.4462  role_norm=3.0016  enc_delta ego=0.0016 partner=0.0010 road=0.0022
[ROMA step 2,317,615,104] sps= 51,868  policy_loss=-0.0068  value_loss=0.0234  mi_loss=0.0002  mi_valid=0.67  div_loss=0.0000  kl_loss=0.0000 (disabled)  score=0.986  return=1.035  role_std=1.4343  role_norm=3.0233  enc_delta ego=0.0017 partner=0.0010 road=0.0016
[ROMA step 2,318,401,536] sps= 51,874  policy_loss=-0.0065  value_loss=0.0103  mi_loss=0.0002  mi_valid=0.69  div_loss=0.0001  kl_loss=0.0000 (disabled)  score=0.987  return=1.035  role_std=1.4251  role_norm=2.9427  enc_delta ego=0.0010 partner=0.0009 road=0.0021
[ROMA step 2,319,187,968] sps= 51,880  policy_loss=0.0071  value_loss=0.0140  mi_loss=0.0002  mi_valid=0.68  div_loss=0.0004  kl_loss=0.0000 (disabled)  score=0.987  return=1.035  role_std=1.4169  role_norm=2.9595  enc_delta ego=0.0011 partner=0.0009 road=0.0016
[ROMA step 2,319,974,400] sps= 51,886  policy_loss=-0.0073  value_loss=0.0095  mi_loss=0.0002  mi_valid=0.69  div_loss=0.0002  kl_loss=0.0000 (disabled)  score=0.987  return=1.035  role_std=1.4595  role_norm=3.0162  enc_delta ego=0.0009 partner=0.0010 road=0.0016
[ROMA step 2,320,760,832] sps= 51,880  policy_loss=0.0008  value_loss=0.0251  mi_loss=0.0002  mi_valid=0.66  div_loss=0.0001  kl_loss=0.0000 (disabled)  score=0.987  return=1.035  role_std=1.4750  role_norm=3.0868  enc_delta ego=0.0009 partner=0.0010 road=0.0016
[ROMA step 2,321,547,264] sps= 51,886  policy_loss=-0.0001  value_loss=0.0201  mi_loss=0.0002  mi_valid=0.67  div_loss=0.0002  kl_loss=0.0000 (disabled)  score=0.987  return=1.035  role_std=1.5044  role_norm=3.1048  enc_delta ego=0.0013 partner=0.0015 road=0.0021
[ROMA step 2,322,333,696] sps= 51,892  policy_loss=-0.0067  value_loss=0.0170  mi_loss=0.0002  mi_valid=0.67  div_loss=0.0000  kl_loss=0.0000 (disabled)  score=0.988  return=1.036  role_std=1.4707  role_norm=3.0348  enc_delta ego=0.0011 partner=0.0013 road=0.0018
[ROMA step 2,323,120,128] sps= 51,884  policy_loss=0.0013  value_loss=0.0265  mi_loss=0.0002  mi_valid=0.65  div_loss=0.0001  kl_loss=0.0000 (disabled)  score=0.988  return=1.037  role_std=1.4565  role_norm=3.0254  enc_delta ego=0.0009 partner=0.0011 road=0.0016
[ROMA step 2,323,906,560] sps= 51,890  policy_loss=0.0008  value_loss=0.0137  mi_loss=0.0002  mi_valid=0.70  div_loss=0.0006  kl_loss=0.0000 (disabled)  score=0.988  return=1.037  role_std=1.4356  role_norm=3.0188  enc_delta ego=0.0011 partner=0.0013 road=0.0016
[ROMA step 2,324,692,992] sps= 51,896  policy_loss=0.0013  value_loss=0.0142  mi_loss=0.0002  mi_valid=0.69  div_loss=0.0001  kl_loss=0.0000 (disabled)  score=0.988  return=1.037  role_std=1.4362  role_norm=3.0151  enc_delta ego=0.0012 partner=0.0014 road=0.0016
[ROMA step 2,325,479,424] sps= 51,902  policy_loss=-0.0033  value_loss=0.0119  mi_loss=0.0002  mi_valid=0.69  div_loss=0.0001  kl_loss=0.0000 (disabled)  score=0.988  return=1.038  role_std=1.4524  role_norm=3.0440  enc_delta ego=0.0010 partner=0.0013 road=0.0015
[ROMA step 2,326,265,856] sps= 51,896  policy_loss=0.0004  value_loss=0.0253  mi_loss=0.0002  mi_valid=0.67  div_loss=0.0003  kl_loss=0.0000 (disabled)  score=0.988  return=1.038  role_std=1.4741  role_norm=3.0353  enc_delta ego=0.0011 partner=0.0013 road=0.0015
[ROMA step 2,327,052,288] sps= 51,902  policy_loss=-0.0002  value_loss=0.0149  mi_loss=0.0002  mi_valid=0.67  div_loss=0.0003  kl_loss=0.0000 (disabled)  score=0.988  return=1.038  role_std=1.4850  role_norm=3.0583  enc_delta ego=0.0010 partner=0.0013 road=0.0016
[ROMA step 2,327,838,720] sps= 51,908  policy_loss=-0.0002  value_loss=0.0111  mi_loss=0.0002  mi_valid=0.67  div_loss=0.0000  kl_loss=0.0000 (disabled)  score=0.988  return=1.039  role_std=1.4601  role_norm=2.9864  enc_delta ego=0.0010 partner=0.0010 road=0.0014
[ROMA step 2,328,625,152] sps= 51,913  policy_loss=0.0045  value_loss=0.0106  mi_loss=0.0002  mi_valid=0.67  div_loss=0.0002  kl_loss=0.0000 (disabled)  score=0.988  return=1.039  role_std=1.4799  role_norm=3.0808  enc_delta ego=0.0009 partner=0.0010 road=0.0014
[ROMA step 2,329,411,584] sps= 51,903  policy_loss=-0.0069  value_loss=0.0221  mi_loss=0.0002  mi_valid=0.67  div_loss=0.0003  kl_loss=0.0000 (disabled)  score=0.988  return=1.039  role_std=1.4305  role_norm=2.9820  enc_delta ego=0.0012 partner=0.0010 road=0.0017
[ROMA step 2,330,198,016] sps= 51,909  policy_loss=-0.0049  value_loss=0.0125  mi_loss=0.0002  mi_valid=0.68  div_loss=0.0000  kl_loss=0.0000 (disabled)  score=0.988  return=1.041  role_std=1.4550  role_norm=3.0230  enc_delta ego=0.0011 partner=0.0011 road=0.0017
[ROMA step 2,330,984,448] sps= 51,915  policy_loss=-0.0045  value_loss=0.0130  mi_loss=0.0002  mi_valid=0.68  div_loss=0.0000  kl_loss=0.0000 (disabled)  score=0.988  return=1.042  role_std=1.4442  role_norm=2.9845  enc_delta ego=0.0010 partner=0.0010 road=0.0015
[ROMA step 2,331,770,880] sps= 51,904  policy_loss=-0.0001  value_loss=0.0235  mi_loss=0.0002  mi_valid=0.66  div_loss=0.0000  kl_loss=0.0000 (disabled)  score=0.989  return=1.043  role_std=1.5416  role_norm=3.1734  enc_delta ego=0.0007 partner=0.0011 road=0.0015
[ROMA step 2,332,557,312] sps= 51,910  policy_loss=0.0009  value_loss=0.0141  mi_loss=0.0002  mi_valid=0.67  div_loss=0.0004  kl_loss=0.0000 (disabled)  score=0.989  return=1.043  role_std=1.5023  role_norm=3.1061  enc_delta ego=0.0010 partner=0.0012 road=0.0018
[ROMA step 2,333,343,744] sps= 51,916  policy_loss=-0.0026  value_loss=0.0123  mi_loss=0.0002  mi_valid=0.68  div_loss=-0.0000  kl_loss=0.0000 (disabled)  score=0.989  return=1.044  role_std=1.5007  role_norm=3.0895  enc_delta ego=0.0009 partner=0.0012 road=0.0018
[ROMA step 2,334,130,176] sps= 51,922  policy_loss=0.0002  value_loss=0.0110  mi_loss=0.0002  mi_valid=0.67  div_loss=0.0001  kl_loss=0.0000 (disabled)  score=0.989  return=1.044  role_std=1.4796  role_norm=3.0627  enc_delta ego=0.0007 partner=0.0011 road=0.0017
[ROMA step 2,334,916,608] sps= 51,911  policy_loss=-0.0021  value_loss=0.0254  mi_loss=0.0002  mi_valid=0.67  div_loss=0.0002  kl_loss=0.0000 (disabled)  score=0.989  return=1.044  role_std=1.4695  role_norm=3.0874  enc_delta ego=0.0013 partner=0.0013 road=0.0017
[ROMA step 2,335,703,040] sps= 51,917  policy_loss=-0.0018  value_loss=0.0167  mi_loss=0.0002  mi_valid=0.68  div_loss=0.0000  kl_loss=0.0000 (disabled)  score=0.989  return=1.044  role_std=1.4756  role_norm=3.0592  enc_delta ego=0.0011 partner=0.0011 road=0.0016
[ROMA step 2,336,489,472] sps= 51,923  policy_loss=-0.0066  value_loss=0.0160  mi_loss=0.0002  mi_valid=0.68  div_loss=0.0003  kl_loss=0.0000 (disabled)  score=0.988  return=1.044  role_std=1.4641  role_norm=3.0458  enc_delta ego=0.0014 partner=0.0012 road=0.0018
[ROMA step 2,337,275,904] sps= 51,917  policy_loss=-0.0003  value_loss=0.0262  mi_loss=0.0002  mi_valid=0.67  div_loss=0.0003  kl_loss=0.0000 (disabled)  score=0.988  return=1.044  role_std=1.4130  role_norm=2.8684  enc_delta ego=0.0012 partner=0.0011 road=0.0015
[ROMA step 2,338,062,336] sps= 51,923  policy_loss=0.0038  value_loss=0.0154  mi_loss=0.0002  mi_valid=0.68  div_loss=0.0001  kl_loss=0.0000 (disabled)  score=0.988  return=1.044  role_std=1.4749  role_norm=2.9808  enc_delta ego=0.0012 partner=0.0011 road=0.0014
[ROMA step 2,338,848,768] sps= 51,929  policy_loss=-0.0004  value_loss=0.0123  mi_loss=0.0002  mi_valid=0.68  div_loss=0.0001  kl_loss=0.0000 (disabled)  score=0.988  return=1.044  role_std=1.4438  role_norm=2.9352  enc_delta ego=0.0012 partner=0.0010 road=0.0017
[ROMA step 2,339,635,200] sps= 51,935  policy_loss=-0.0070  value_loss=0.0115  mi_loss=0.0002  mi_valid=0.68  div_loss=0.0001  kl_loss=0.0000 (disabled)  score=0.988  return=1.044  role_std=1.4199  role_norm=2.9017  enc_delta ego=0.0010 partner=0.0010 road=0.0013
[ROMA step 2,340,421,632] sps= 51,929  policy_loss=-0.0014  value_loss=0.0248  mi_loss=0.0002  mi_valid=0.67  div_loss=0.0001  kl_loss=0.0000 (disabled)  score=0.988  return=1.044  role_std=1.4479  role_norm=2.9600  enc_delta ego=0.0010 partner=0.0011 road=0.0014
[ROMA step 2,341,208,064] sps= 51,935  policy_loss=-0.0031  value_loss=0.0155  mi_loss=0.0002  mi_valid=0.68  div_loss=-0.0000  kl_loss=0.0000 (disabled)  score=0.988  return=1.044  role_std=1.4669  role_norm=2.9899  enc_delta ego=0.0010 partner=0.0011 road=0.0017
[ROMA step 2,341,994,496] sps= 51,940  policy_loss=-0.0019  value_loss=0.0132  mi_loss=0.0002  mi_valid=0.68  div_loss=0.0001  kl_loss=0.0000 (disabled)  score=0.988  return=1.044  role_std=1.3995  role_norm=2.9187  enc_delta ego=0.0010 partner=0.0012 road=0.0017
[ROMA step 2,342,780,928] sps= 51,931  policy_loss=-0.0051  value_loss=0.0235  mi_loss=0.0002  mi_valid=0.67  div_loss=0.0000  kl_loss=0.0000 (disabled)  score=0.988  return=1.044  role_std=1.4389  role_norm=3.0138  enc_delta ego=0.0011 partner=0.0012 road=0.0017
[ROMA step 2,343,567,360] sps= 51,937  policy_loss=0.0035  value_loss=0.0117  mi_loss=0.0002  mi_valid=0.68  div_loss=0.0000  kl_loss=0.0000 (disabled)  score=0.988  return=1.044  role_std=1.4114  role_norm=2.9654  enc_delta ego=0.0014 partner=0.0012 road=0.0017
[ROMA step 2,344,353,792] sps= 51,943  policy_loss=-0.0033  value_loss=0.0149  mi_loss=0.0002  mi_valid=0.68  div_loss=0.0001  kl_loss=0.0000 (disabled)  score=0.988  return=1.044  role_std=1.4247  role_norm=2.9561  enc_delta ego=0.0014 partner=0.0011 road=0.0017
[ROMA step 2,345,140,224] sps= 51,948  policy_loss=-0.0053  value_loss=0.0089  mi_loss=0.0002  mi_valid=0.68  div_loss=0.0001  kl_loss=0.0000 (disabled)  score=0.988  return=1.043  role_std=1.4340  role_norm=2.9698  enc_delta ego=0.0010 partner=0.0010 road=0.0017
[ROMA step 2,345,926,656] sps= 51,940  policy_loss=-0.0022  value_loss=0.0196  mi_loss=0.0002  mi_valid=0.66  div_loss=0.0000  kl_loss=0.0000 (disabled)  score=0.988  return=1.043  role_std=1.4107  role_norm=2.9044  enc_delta ego=0.0013 partner=0.0010 road=0.0016
[ROMA step 2,346,713,088] sps= 51,946  policy_loss=-0.0027  value_loss=0.0157  mi_loss=0.0002  mi_valid=0.67  div_loss=0.0003  kl_loss=0.0000 (disabled)  score=0.988  return=1.043  role_std=1.4097  role_norm=2.9294  enc_delta ego=0.0015 partner=0.0015 road=0.0016
[ROMA step 2,347,499,520] sps= 51,952  policy_loss=-0.0004  value_loss=0.0135  mi_loss=0.0002  mi_valid=0.67  div_loss=0.0000  kl_loss=0.0000 (disabled)  score=0.988  return=1.042  role_std=1.4141  role_norm=2.9483  enc_delta ego=0.0010 partner=0.0015 road=0.0017
[ROMA step 2,348,285,952] sps= 51,944  policy_loss=-0.0020  value_loss=0.0266  mi_loss=0.0002  mi_valid=0.65  div_loss=0.0000  kl_loss=0.0000 (disabled)  score=0.988  return=1.042  role_std=1.4188  role_norm=2.8727  enc_delta ego=0.0008 partner=0.0013 road=0.0016
[ROMA step 2,349,072,384] sps= 51,950  policy_loss=0.0009  value_loss=0.0258  mi_loss=0.0002  mi_valid=0.68  div_loss=0.0002  kl_loss=0.0000 (disabled)  score=0.988  return=1.041  role_std=1.4047  role_norm=2.9348  enc_delta ego=0.0015 partner=0.0014 road=0.0021
[ROMA step 2,349,858,816] sps= 51,955  policy_loss=0.0036  value_loss=0.0181  mi_loss=0.0002  mi_valid=0.68  div_loss=0.0002  kl_loss=0.0000 (disabled)  score=0.988  return=1.041  role_std=1.3926  role_norm=2.8977  enc_delta ego=0.0011 partner=0.0013 road=0.0019
[ROMA step 2,350,645,248] sps= 51,961  policy_loss=0.0003  value_loss=0.0189  mi_loss=0.0002  mi_valid=0.68  div_loss=0.0000  kl_loss=0.0000 (disabled)  score=0.988  return=1.041  role_std=1.4135  role_norm=2.9083  enc_delta ego=0.0009 partner=0.0012 road=0.0018
[ROMA step 2,351,431,680] sps= 51,956  policy_loss=0.0024  value_loss=0.0259  mi_loss=0.0002  mi_valid=0.67  div_loss=0.0001  kl_loss=0.0000 (disabled)  score=0.988  return=1.041  role_std=1.4331  role_norm=3.0026  enc_delta ego=0.0009 partner=0.0010 road=0.0018
[ROMA step 2,352,218,112] sps= 51,962  policy_loss=-0.0004  value_loss=0.0128  mi_loss=0.0001  mi_valid=0.68  div_loss=0.0001  kl_loss=0.0000 (disabled)  score=0.988  return=1.041  role_std=1.4254  role_norm=2.9584  enc_delta ego=0.0009 partner=0.0010 road=0.0017
[ROMA step 2,353,004,544] sps= 51,968  policy_loss=-0.0012  value_loss=0.0105  mi_loss=0.0002  mi_valid=0.68  div_loss=0.0000  kl_loss=0.0000 (disabled)  score=0.988  return=1.041  role_std=1.4406  role_norm=3.0035  enc_delta ego=0.0009 partner=0.0010 road=0.0014
[ROMA step 2,353,790,976] sps= 51,974  policy_loss=-0.0019  value_loss=0.0116  mi_loss=0.0001  mi_valid=0.68  div_loss=0.0000  kl_loss=0.0000 (disabled)  score=0.988  return=1.042  role_std=1.4445  role_norm=3.0055  enc_delta ego=0.0008 partner=0.0009 road=0.0015
[ROMA step 2,354,577,408] sps= 51,969  policy_loss=-0.0009  value_loss=0.0245  mi_loss=0.0002  mi_valid=0.67  div_loss=0.0002  kl_loss=0.0000 (disabled)  score=0.989  return=1.042  role_std=1.3917  role_norm=2.8717  enc_delta ego=0.0013 partner=0.0011 road=0.0017
[ROMA step 2,355,363,840] sps= 51,974  policy_loss=-0.0052  value_loss=0.0116  mi_loss=0.0002  mi_valid=0.68  div_loss=0.0001  kl_loss=0.0000 (disabled)  score=0.989  return=1.042  role_std=1.4067  role_norm=2.8836  enc_delta ego=0.0011 partner=0.0013 road=0.0017
[ROMA step 2,356,150,272] sps= 51,980  policy_loss=-0.0031  value_loss=0.0136  mi_loss=0.0002  mi_valid=0.68  div_loss=0.0001  kl_loss=0.0000 (disabled)  score=0.989  return=1.042  role_std=1.3626  role_norm=2.8168  enc_delta ego=0.0009 partner=0.0010 road=0.0017
[ROMA step 2,356,936,704] sps= 51,976  policy_loss=0.0010  value_loss=0.0258  mi_loss=0.0002  mi_valid=0.67  div_loss=0.0002  kl_loss=0.0000 (disabled)  score=0.989  return=1.043  role_std=1.4600  role_norm=3.0207  enc_delta ego=0.0011 partner=0.0011 road=0.0015
[ROMA step 2,357,723,136] sps= 51,982  policy_loss=0.0064  value_loss=0.0227  mi_loss=0.0002  mi_valid=0.69  div_loss=0.0001  kl_loss=0.0000 (disabled)  score=0.989  return=1.043  role_std=1.4235  role_norm=2.9663  enc_delta ego=0.0011 partner=0.0011 road=0.0016
[ROMA step 2,358,509,568] sps= 51,988  policy_loss=-0.0052  value_loss=0.0170  mi_loss=0.0002  mi_valid=0.68  div_loss=0.0000  kl_loss=0.0000 (disabled)  score=0.988  return=1.042  role_std=1.4259  role_norm=2.9651  enc_delta ego=0.0012 partner=0.0012 road=0.0020
[ROMA step 2,359,296,000] sps= 51,993  policy_loss=-0.0014  value_loss=0.0193  mi_loss=0.0002  mi_valid=0.68  div_loss=0.0000  kl_loss=0.0000 (disabled)  score=0.988  return=1.042  role_std=1.4079  role_norm=2.9421  enc_delta ego=0.0010 partner=0.0013 road=0.0018
[ROMA step 2,360,082,432] sps= 51,951  policy_loss=-0.0042  value_loss=0.0232  mi_loss=0.0002  mi_valid=0.66  div_loss=0.0001  kl_loss=0.0000 (disabled)  score=0.988  return=1.042  role_std=1.4493  role_norm=3.0183  enc_delta ego=0.0010 partner=0.0011 road=0.0015
[ROMA step 2,360,868,864] sps= 51,957  policy_loss=0.0042  value_loss=0.0137  mi_loss=0.0002  mi_valid=0.68  div_loss=0.0001  kl_loss=0.0000 (disabled)  score=0.988  return=1.042  role_std=1.4575  role_norm=3.0019  enc_delta ego=0.0009 partner=0.0012 road=0.0018
[ROMA step 2,361,655,296] sps= 51,962  policy_loss=-0.0040  value_loss=0.0126  mi_loss=0.0002  mi_valid=0.68  div_loss=0.0001  kl_loss=0.0000 (disabled)  score=0.989  return=1.043  role_std=1.4646  role_norm=3.0751  enc_delta ego=0.0010 partner=0.0013 road=0.0016
[ROMA step 2,362,441,728] sps= 51,950  policy_loss=0.0004  value_loss=0.0249  mi_loss=0.0002  mi_valid=0.66  div_loss=0.0000  kl_loss=0.0000 (disabled)  score=0.989  return=1.043  role_std=1.3762  role_norm=2.8304  enc_delta ego=0.0010 partner=0.0011 road=0.0015
[ROMA step 2,363,228,160] sps= 51,956  policy_loss=-0.0014  value_loss=0.0149  mi_loss=0.0002  mi_valid=0.69  div_loss=0.0001  kl_loss=0.0000 (disabled)  score=0.988  return=1.043  role_std=1.3940  role_norm=2.9186  enc_delta ego=0.0009 partner=0.0012 road=0.0015
[ROMA step 2,364,014,592] sps= 51,961  policy_loss=-0.0130  value_loss=0.0137  mi_loss=0.0002  mi_valid=0.68  div_loss=0.0001  kl_loss=0.0000 (disabled)  score=0.988  return=1.042  role_std=1.3947  role_norm=2.9114  enc_delta ego=0.0011 partner=0.0012 road=0.0016
[ROMA step 2,364,801,024] sps= 51,967  policy_loss=0.0034  value_loss=0.0164  mi_loss=0.0002  mi_valid=0.68  div_loss=0.0000  kl_loss=0.0000 (disabled)  score=0.987  return=1.042  role_std=1.4003  role_norm=2.9136  enc_delta ego=0.0009 partner=0.0011 road=0.0015
[ROMA step 2,365,587,456] sps= 51,959  policy_loss=-0.0048  value_loss=0.0243  mi_loss=0.0002  mi_valid=0.67  div_loss=0.0001  kl_loss=0.0000 (disabled)  score=0.987  return=1.042  role_std=1.4123  role_norm=2.9423  enc_delta ego=0.0010 partner=0.0011 road=0.0014
[ROMA step 2,366,373,888] sps= 51,965  policy_loss=0.0059  value_loss=0.0185  mi_loss=0.0002  mi_valid=0.68  div_loss=0.0000  kl_loss=0.0000 (disabled)  score=0.987  return=1.041  role_std=1.3800  role_norm=2.8368  enc_delta ego=0.0010 partner=0.0011 road=0.0018
[ROMA step 2,367,160,320] sps= 51,970  policy_loss=0.0017  value_loss=0.0165  mi_loss=0.0002  mi_valid=0.68  div_loss=0.0004  kl_loss=0.0000 (disabled)  score=0.987  return=1.041  role_std=1.3849  role_norm=2.8977  enc_delta ego=0.0008 partner=0.0011 road=0.0014
[ROMA step 2,367,946,752] sps= 51,954  policy_loss=0.0008  value_loss=0.0234  mi_loss=0.0002  mi_valid=0.67  div_loss=0.0000  kl_loss=0.0000 (disabled)  score=0.987  return=1.040  role_std=1.4474  role_norm=3.0688  enc_delta ego=0.0008 partner=0.0009 road=0.0014
[ROMA step 2,368,733,184] sps= 51,960  policy_loss=-0.0040  value_loss=0.0187  mi_loss=0.0002  mi_valid=0.67  div_loss=0.0001  kl_loss=0.0000 (disabled)  score=0.987  return=1.040  role_std=1.4411  role_norm=3.0102  enc_delta ego=0.0010 partner=0.0012 road=0.0023
[ROMA step 2,369,519,616] sps= 51,966  policy_loss=-0.0054  value_loss=0.0136  mi_loss=0.0002  mi_valid=0.67  div_loss=0.0001  kl_loss=0.0000 (disabled)  score=0.987  return=1.040  role_std=1.4470  role_norm=3.0248  enc_delta ego=0.0010 partner=0.0011 road=0.0017
[ROMA step 2,370,306,048] sps= 51,972  policy_loss=-0.0003  value_loss=0.0168  mi_loss=0.0002  mi_valid=0.67  div_loss=0.0001  kl_loss=0.0000 (disabled)  score=0.987  return=1.039  role_std=1.4386  role_norm=3.0003  enc_delta ego=0.0010 partner=0.0010 road=0.0020
[ROMA step 2,371,092,480] sps= 51,967  policy_loss=-0.0052  value_loss=0.0205  mi_loss=0.0002  mi_valid=0.67  div_loss=0.0002  kl_loss=0.0000 (disabled)  score=0.987  return=1.039  role_std=1.3803  role_norm=2.8678  enc_delta ego=0.0009 partner=0.0010 road=0.0016
[ROMA step 2,371,878,912] sps= 51,972  policy_loss=-0.0023  value_loss=0.0120  mi_loss=0.0002  mi_valid=0.69  div_loss=0.0001  kl_loss=0.0000 (disabled)  score=0.987  return=1.039  role_std=1.3940  role_norm=2.9027  enc_delta ego=0.0009 partner=0.0011 road=0.0016
[ROMA step 2,372,665,344] sps= 51,978  policy_loss=-0.0001  value_loss=0.0102  mi_loss=0.0002  mi_valid=0.68  div_loss=0.0000  kl_loss=0.0000 (disabled)  score=0.987  return=1.039  role_std=1.3895  role_norm=2.9294  enc_delta ego=0.0009 partner=0.0010 road=0.0014
[ROMA step 2,373,451,776] sps= 51,973  policy_loss=0.0047  value_loss=0.0213  mi_loss=0.0002  mi_valid=0.67  div_loss=0.0000  kl_loss=0.0000 (disabled)  score=0.987  return=1.039  role_std=1.4372  role_norm=2.9341  enc_delta ego=0.0008 partner=0.0008 road=0.0012
[ROMA step 2,374,238,208] sps= 51,978  policy_loss=-0.0016  value_loss=0.0140  mi_loss=0.0002  mi_valid=0.68  div_loss=0.0001  kl_loss=0.0000 (disabled)  score=0.987  return=1.039  role_std=1.4177  role_norm=2.9719  enc_delta ego=0.0010 partner=0.0013 road=0.0015
[ROMA step 2,375,024,640] sps= 51,984  policy_loss=-0.0067  value_loss=0.0135  mi_loss=0.0002  mi_valid=0.68  div_loss=0.0003  kl_loss=0.0000 (disabled)  score=0.987  return=1.039  role_std=1.4173  role_norm=2.9666  enc_delta ego=0.0009 partner=0.0012 road=0.0014
[ROMA step 2,375,811,072] sps= 51,989  policy_loss=-0.0072  value_loss=0.0120  mi_loss=0.0002  mi_valid=0.67  div_loss=0.0003  kl_loss=0.0000 (disabled)  score=0.987  return=1.038  role_std=1.4298  role_norm=2.9533  enc_delta ego=0.0010 partner=0.0012 road=0.0016
[ROMA step 2,376,597,504] sps= 51,980  policy_loss=0.0043  value_loss=0.0253  mi_loss=0.0002  mi_valid=0.66  div_loss=0.0002  kl_loss=0.0000 (disabled)  score=0.987  return=1.039  role_std=1.3671  role_norm=2.9253  enc_delta ego=0.0010 partner=0.0012 road=0.0017
[ROMA step 2,377,383,936] sps= 51,986  policy_loss=0.0022  value_loss=0.0196  mi_loss=0.0002  mi_valid=0.68  div_loss=0.0003  kl_loss=0.0000 (disabled)  score=0.987  return=1.038  role_std=1.4102  role_norm=2.9893  enc_delta ego=0.0014 partner=0.0012 road=0.0014
[ROMA step 2,378,170,368] sps= 51,991  policy_loss=-0.0053  value_loss=0.0151  mi_loss=0.0002  mi_valid=0.68  div_loss=0.0000  kl_loss=0.0000 (disabled)  score=0.987  return=1.038  role_std=1.4279  role_norm=3.0045  enc_delta ego=0.0010 partner=0.0010 road=0.0015
[ROMA step 2,378,956,800] sps= 51,997  policy_loss=-0.0012  value_loss=0.0131  mi_loss=0.0002  mi_valid=0.68  div_loss=0.0001  kl_loss=0.0000 (disabled)  score=0.987  return=1.038  role_std=1.4337  role_norm=3.0137  enc_delta ego=0.0009 partner=0.0011 road=0.0015
[ROMA step 2,379,743,232] sps= 51,990  policy_loss=-0.0036  value_loss=0.0210  mi_loss=0.0002  mi_valid=0.67  div_loss=0.0004  kl_loss=0.0000 (disabled)  score=0.987  return=1.038  role_std=1.4244  role_norm=3.0021  enc_delta ego=0.0012 partner=0.0011 road=0.0019
[ROMA step 2,380,529,664] sps= 51,995  policy_loss=-0.0041  value_loss=0.0111  mi_loss=0.0002  mi_valid=0.68  div_loss=0.0001  kl_loss=0.0000 (disabled)  score=0.987  return=1.039  role_std=1.3988  role_norm=2.9428  enc_delta ego=0.0017 partner=0.0014 road=0.0019
[ROMA step 2,381,316,096] sps= 52,001  policy_loss=-0.0027  value_loss=0.0114  mi_loss=0.0002  mi_valid=0.67  div_loss=0.0000  kl_loss=0.0000 (disabled)  score=0.988  return=1.040  role_std=1.3902  role_norm=2.9209  enc_delta ego=0.0014 partner=0.0012 road=0.0019
[ROMA step 2,382,102,528] sps= 51,993  policy_loss=-0.0046  value_loss=0.0194  mi_loss=0.0002  mi_valid=0.66  div_loss=0.0000  kl_loss=0.0000 (disabled)  score=0.988  return=1.041  role_std=1.4995  role_norm=3.1047  enc_delta ego=0.0011 partner=0.0011 road=0.0017
[ROMA step 2,382,888,960] sps= 51,999  policy_loss=-0.0006  value_loss=0.0138  mi_loss=0.0002  mi_valid=0.67  div_loss=0.0000  kl_loss=0.0000 (disabled)  score=0.988  return=1.042  role_std=1.4707  role_norm=3.1019  enc_delta ego=0.0013 partner=0.0011 road=0.0015
[ROMA step 2,383,675,392] sps= 52,005  policy_loss=-0.0005  value_loss=0.0118  mi_loss=0.0002  mi_valid=0.67  div_loss=0.0003  kl_loss=0.0000 (disabled)  score=0.988  return=1.043  role_std=1.4881  role_norm=3.1032  enc_delta ego=0.0009 partner=0.0009 road=0.0016
[ROMA step 2,384,461,824] sps= 52,011  policy_loss=-0.0022  value_loss=0.0139  mi_loss=0.0002  mi_valid=0.66  div_loss=0.0002  kl_loss=0.0000 (disabled)  score=0.988  return=1.044  role_std=1.5052  role_norm=3.1653  enc_delta ego=0.0010 partner=0.0010 road=0.0016
[ROMA step 2,385,248,256] sps= 52,004  policy_loss=-0.0061  value_loss=0.0259  mi_loss=0.0002  mi_valid=0.66  div_loss=0.0000  kl_loss=0.0000 (disabled)  score=0.988  return=1.044  role_std=1.4672  role_norm=3.0654  enc_delta ego=0.0011 partner=0.0011 road=0.0015
[ROMA step 2,386,034,688] sps= 52,010  policy_loss=-0.0014  value_loss=0.0182  mi_loss=0.0002  mi_valid=0.67  div_loss=0.0001  kl_loss=0.0000 (disabled)  score=0.988  return=1.045  role_std=1.4898  role_norm=3.1029  enc_delta ego=0.0012 partner=0.0013 road=0.0016
[ROMA step 2,386,821,120] sps= 52,015  policy_loss=0.0009  value_loss=0.0163  mi_loss=0.0002  mi_valid=0.67  div_loss=0.0000  kl_loss=0.0000 (disabled)  score=0.988  return=1.045  role_std=1.4580  role_norm=3.0081  enc_delta ego=0.0012 partner=0.0016 road=0.0016
[ROMA step 2,387,607,552] sps= 52,010  policy_loss=-0.0024  value_loss=0.0272  mi_loss=0.0002  mi_valid=0.66  div_loss=0.0001  kl_loss=0.0000 (disabled)  score=0.988  return=1.046  role_std=1.4303  role_norm=2.9199  enc_delta ego=0.0009 partner=0.0011 road=0.0016
[ROMA step 2,388,393,984] sps= 52,016  policy_loss=0.0003  value_loss=0.0179  mi_loss=0.0002  mi_valid=0.68  div_loss=0.0001  kl_loss=0.0000 (disabled)  score=0.988  return=1.045  role_std=1.4299  role_norm=2.9666  enc_delta ego=0.0010 partner=0.0015 road=0.0017
[ROMA step 2,389,180,416] sps= 52,021  policy_loss=-0.0045  value_loss=0.0179  mi_loss=0.0002  mi_valid=0.68  div_loss=0.0000  kl_loss=0.0000 (disabled)  score=0.988  return=1.045  role_std=1.4672  role_norm=3.0029  enc_delta ego=0.0010 partner=0.0014 road=0.0016
[ROMA step 2,389,966,848] sps= 52,027  policy_loss=0.0035  value_loss=0.0187  mi_loss=0.0002  mi_valid=0.68  div_loss=0.0000  kl_loss=0.0000 (disabled)  score=0.988  return=1.044  role_std=1.4496  role_norm=2.9802  enc_delta ego=0.0010 partner=0.0012 road=0.0014
[ROMA step 2,390,753,280] sps= 52,024  policy_loss=-0.0032  value_loss=0.0260  mi_loss=0.0002  mi_valid=0.67  div_loss=0.0001  kl_loss=0.0000 (disabled)  score=0.988  return=1.044  role_std=1.4914  role_norm=3.0624  enc_delta ego=0.0011 partner=0.0011 road=0.0015
[ROMA step 2,391,539,712] sps= 52,029  policy_loss=0.0027  value_loss=0.0196  mi_loss=0.0002  mi_valid=0.68  div_loss=0.0000  kl_loss=0.0000 (disabled)  score=0.988  return=1.044  role_std=1.4448  role_norm=2.9817  enc_delta ego=0.0014 partner=0.0012 road=0.0016
[ROMA step 2,392,326,144] sps= 52,035  policy_loss=0.0007  value_loss=0.0138  mi_loss=0.0002  mi_valid=0.68  div_loss=0.0001  kl_loss=0.0000 (disabled)  score=0.988  return=1.044  role_std=1.4598  role_norm=2.9867  enc_delta ego=0.0008 partner=0.0011 road=0.0016
[ROMA step 2,393,112,576] sps= 52,032  policy_loss=0.0049  value_loss=0.0258  mi_loss=0.0002  mi_valid=0.67  div_loss=0.0001  kl_loss=0.0000 (disabled)  score=0.987  return=1.045  role_std=1.3921  role_norm=2.9144  enc_delta ego=0.0009 partner=0.0011 road=0.0019
[ROMA step 2,393,899,008] sps= 52,037  policy_loss=-0.0020  value_loss=0.0174  mi_loss=0.0002  mi_valid=0.68  div_loss=0.0002  kl_loss=0.0000 (disabled)  score=0.987  return=1.044  role_std=1.3890  role_norm=2.8778  enc_delta ego=0.0008 partner=0.0012 road=0.0015
[ROMA step 2,394,685,440] sps= 52,043  policy_loss=0.0015  value_loss=0.0156  mi_loss=0.0002  mi_valid=0.68  div_loss=0.0000  kl_loss=0.0000 (disabled)  score=0.987  return=1.043  role_std=1.3854  role_norm=2.8614  enc_delta ego=0.0008 partner=0.0012 road=0.0015
[ROMA step 2,395,471,872] sps= 52,049  policy_loss=-0.0018  value_loss=0.0164  mi_loss=0.0002  mi_valid=0.68  div_loss=0.0002  kl_loss=0.0000 (disabled)  score=0.987  return=1.043  role_std=1.3747  role_norm=2.8523  enc_delta ego=0.0008 partner=0.0011 road=0.0015
[ROMA step 2,396,258,304] sps= 52,045  policy_loss=-0.0039  value_loss=0.0235  mi_loss=0.0002  mi_valid=0.67  div_loss=0.0001  kl_loss=0.0000 (disabled)  score=0.987  return=1.043  role_std=1.4307  role_norm=2.9428  enc_delta ego=0.0008 partner=0.0009 road=0.0014
[ROMA step 2,397,044,736] sps= 52,051  policy_loss=-0.0028  value_loss=0.0154  mi_loss=0.0002  mi_valid=0.67  div_loss=0.0001  kl_loss=0.0000 (disabled)  score=0.987  return=1.043  role_std=1.3896  role_norm=2.8716  enc_delta ego=0.0008 partner=0.0012 road=0.0015
[ROMA step 2,397,831,168] sps= 52,057  policy_loss=-0.0005  value_loss=0.0127  mi_loss=0.0002  mi_valid=0.67  div_loss=0.0000  kl_loss=0.0000 (disabled)  score=0.987  return=1.042  role_std=1.4158  role_norm=2.9298  enc_delta ego=0.0010 partner=0.0008 road=0.0016
[ROMA step 2,398,617,600] sps= 52,053  policy_loss=-0.0061  value_loss=0.0192  mi_loss=0.0002  mi_valid=0.66  div_loss=0.0000  kl_loss=0.0000 (disabled)  score=0.987  return=1.042  role_std=1.4002  role_norm=2.9389  enc_delta ego=0.0008 partner=0.0009 road=0.0013
[ROMA step 2,399,404,032] sps= 52,058  policy_loss=-0.0003  value_loss=0.0198  mi_loss=0.0002  mi_valid=0.68  div_loss=0.0004  kl_loss=0.0000 (disabled)  score=0.987  return=1.042  role_std=1.3826  role_norm=2.8844  enc_delta ego=0.0012 partner=0.0012 road=0.0023
[ROMA step 2,400,190,464] sps= 52,064  policy_loss=0.0025  value_loss=0.0202  mi_loss=0.0002  mi_valid=0.68  div_loss=0.0002  kl_loss=0.0000 (disabled)  score=0.987  return=1.041  role_std=1.3871  role_norm=2.8740  enc_delta ego=0.0011 partner=0.0011 road=0.0018
[ROMA step 2,400,976,896] sps= 52,069  policy_loss=-0.0018  value_loss=0.0155  mi_loss=0.0002  mi_valid=0.68  div_loss=0.0002  kl_loss=0.0000 (disabled)  score=0.987  return=1.040  role_std=1.3675  role_norm=2.8347  enc_delta ego=0.0010 partner=0.0010 road=0.0016
[ROMA step 2,401,763,328] sps= 52,066  policy_loss=-0.0087  value_loss=0.0282  mi_loss=0.0002  mi_valid=0.67  div_loss=0.0001  kl_loss=0.0000 (disabled)  score=0.987  return=1.040  role_std=1.3755  role_norm=2.8768  enc_delta ego=0.0014 partner=0.0012 road=0.0015
[ROMA step 2,402,549,760] sps= 52,071  policy_loss=-0.0010  value_loss=0.0176  mi_loss=0.0002  mi_valid=0.69  div_loss=0.0000  kl_loss=0.0000 (disabled)  score=0.987  return=1.039  role_std=1.3781  role_norm=2.8863  enc_delta ego=0.0011 partner=0.0013 road=0.0016
[ROMA step 2,403,336,192] sps= 52,077  policy_loss=-0.0100  value_loss=0.0193  mi_loss=0.0002  mi_valid=0.68  div_loss=0.0000  kl_loss=0.0000 (disabled)  score=0.987  return=1.039  role_std=1.3889  role_norm=2.8933  enc_delta ego=0.0012 partner=0.0012 road=0.0017
[ROMA step 2,404,122,624] sps= 52,082  policy_loss=-0.0066  value_loss=0.0182  mi_loss=0.0002  mi_valid=0.69  div_loss=0.0001  kl_loss=0.0000 (disabled)  score=0.987  return=1.038  role_std=1.4109  role_norm=2.9084  enc_delta ego=0.0009 partner=0.0012 road=0.0015
[ROMA step 2,404,909,056] sps= 52,078  policy_loss=-0.0019  value_loss=0.0177  mi_loss=0.0002  mi_valid=0.68  div_loss=0.0004  kl_loss=0.0000 (disabled)  score=0.987  return=1.038  role_std=1.4097  role_norm=2.9191  enc_delta ego=0.0008 partner=0.0010 road=0.0014
[ROMA step 2,405,695,488] sps= 52,084  policy_loss=-0.0032  value_loss=0.0104  mi_loss=0.0002  mi_valid=0.69  div_loss=0.0002  kl_loss=0.0000 (disabled)  score=0.986  return=1.038  role_std=1.4158  role_norm=2.9141  enc_delta ego=0.0008 partner=0.0011 road=0.0013
[ROMA step 2,406,481,920] sps= 52,089  policy_loss=-0.0011  value_loss=0.0090  mi_loss=0.0002  mi_valid=0.68  div_loss=0.0003  kl_loss=0.0000 (disabled)  score=0.987  return=1.039  role_std=1.4435  role_norm=2.9465  enc_delta ego=0.0008 partner=0.0011 road=0.0013
[ROMA step 2,407,268,352] sps= 52,085  policy_loss=0.0038  value_loss=0.0188  mi_loss=0.0002  mi_valid=0.67  div_loss=0.0000  kl_loss=0.0000 (disabled)  score=0.987  return=1.040  role_std=1.4461  role_norm=3.0022  enc_delta ego=0.0009 partner=0.0008 road=0.0012
[ROMA step 2,408,054,784] sps= 52,091  policy_loss=0.0015  value_loss=0.0140  mi_loss=0.0002  mi_valid=0.67  div_loss=0.0006  kl_loss=0.0000 (disabled)  score=0.987  return=1.040  role_std=1.4381  role_norm=2.9615  enc_delta ego=0.0010 partner=0.0010 road=0.0015
[ROMA step 2,408,841,216] sps= 52,097  policy_loss=0.0016  value_loss=0.0128  mi_loss=0.0002  mi_valid=0.67  div_loss=0.0001  kl_loss=0.0000 (disabled)  score=0.987  return=1.040  role_std=1.4653  role_norm=2.9734  enc_delta ego=0.0007 partner=0.0011 road=0.0016
[ROMA step 2,409,627,648] sps= 52,102  policy_loss=-0.0018  value_loss=0.0124  mi_loss=0.0002  mi_valid=0.67  div_loss=0.0000  kl_loss=0.0000 (disabled)  score=0.986  return=1.040  role_std=1.4482  role_norm=2.9422  enc_delta ego=0.0009 partner=0.0010 road=0.0016
[ROMA step 2,410,414,080] sps= 52,099  policy_loss=-0.0020  value_loss=0.0258  mi_loss=0.0002  mi_valid=0.66  div_loss=0.0006  kl_loss=0.0000 (disabled)  score=0.987  return=1.040  role_std=1.3976  role_norm=2.8831  enc_delta ego=0.0009 partner=0.0010 road=0.0015
[ROMA step 2,411,200,512] sps= 52,104  policy_loss=0.0019  value_loss=0.0189  mi_loss=0.0002  mi_valid=0.67  div_loss=0.0001  kl_loss=0.0000 (disabled)  score=0.987  return=1.040  role_std=1.4147  role_norm=2.9090  enc_delta ego=0.0009 partner=0.0010 road=0.0017
[ROMA step 2,411,986,944] sps= 52,110  policy_loss=-0.0046  value_loss=0.0151  mi_loss=0.0002  mi_valid=0.67  div_loss=0.0001  kl_loss=0.0000 (disabled)  score=0.987  return=1.041  role_std=1.3834  role_norm=2.8855  enc_delta ego=0.0009 partner=0.0010 road=0.0015
[ROMA step 2,412,773,376] sps= 52,105  policy_loss=-0.0062  value_loss=0.0237  mi_loss=0.0002  mi_valid=0.66  div_loss=0.0001  kl_loss=0.0000 (disabled)  score=0.987  return=1.041  role_std=1.3774  role_norm=2.8170  enc_delta ego=0.0010 partner=0.0009 road=0.0014
[ROMA step 2,413,559,808] sps= 52,111  policy_loss=-0.0011  value_loss=0.0142  mi_loss=0.0002  mi_valid=0.68  div_loss=0.0001  kl_loss=0.0000 (disabled)  score=0.987  return=1.041  role_std=1.3880  role_norm=2.8724  enc_delta ego=0.0011 partner=0.0011 road=0.0013
[ROMA step 2,414,346,240] sps= 52,117  policy_loss=-0.0071  value_loss=0.0125  mi_loss=0.0002  mi_valid=0.67  div_loss=0.0001  kl_loss=0.0000 (disabled)  score=0.987  return=1.041  role_std=1.4294  role_norm=2.9504  enc_delta ego=0.0009 partner=0.0010 road=0.0014
[ROMA step 2,415,132,672] sps= 52,122  policy_loss=-0.0011  value_loss=0.0161  mi_loss=0.0002  mi_valid=0.67  div_loss=0.0001  kl_loss=0.0000 (disabled)  score=0.987  return=1.040  role_std=1.4029  role_norm=2.8965  enc_delta ego=0.0009 partner=0.0010 road=0.0015
[ROMA step 2,415,919,104] sps= 52,119  policy_loss=0.0020  value_loss=0.0237  mi_loss=0.0002  mi_valid=0.66  div_loss=0.0001  kl_loss=0.0000 (disabled)  score=0.987  return=1.040  role_std=1.4364  role_norm=2.9735  enc_delta ego=0.0008 partner=0.0009 road=0.0014
[ROMA step 2,416,705,536] sps= 52,125  policy_loss=0.0006  value_loss=0.0143  mi_loss=0.0002  mi_valid=0.67  div_loss=0.0002  kl_loss=0.0000 (disabled)  score=0.987  return=1.041  role_std=1.4083  role_norm=2.9211  enc_delta ego=0.0009 partner=0.0011 road=0.0017
[ROMA step 2,417,491,968] sps= 52,131  policy_loss=-0.0071  value_loss=0.0127  mi_loss=0.0002  mi_valid=0.67  div_loss=0.0000  kl_loss=0.0000 (disabled)  score=0.987  return=1.041  role_std=1.3981  role_norm=2.9037  enc_delta ego=0.0009 partner=0.0011 road=0.0017
[ROMA step 2,418,278,400] sps= 52,125  policy_loss=-0.0007  value_loss=0.0223  mi_loss=0.0002  mi_valid=0.66  div_loss=0.0000  kl_loss=0.0000 (disabled)  score=0.988  return=1.042  role_std=1.3610  role_norm=2.8502  enc_delta ego=0.0008 partner=0.0009 road=0.0016
[ROMA step 2,419,064,832] sps= 52,131  policy_loss=-0.0009  value_loss=0.0139  mi_loss=0.0002  mi_valid=0.68  div_loss=0.0003  kl_loss=0.0000 (disabled)  score=0.988  return=1.042  role_std=1.3546  role_norm=2.8306  enc_delta ego=0.0010 partner=0.0009 road=0.0015
[ROMA step 2,419,851,264] sps= 52,136  policy_loss=-0.0033  value_loss=0.0140  mi_loss=0.0002  mi_valid=0.67  div_loss=0.0000  kl_loss=0.0000 (disabled)  score=0.988  return=1.043  role_std=1.3540  role_norm=2.8455  enc_delta ego=0.0009 partner=0.0011 road=0.0015
[ROMA step 2,420,637,696] sps= 52,142  policy_loss=0.0051  value_loss=0.0120  mi_loss=0.0002  mi_valid=0.67  div_loss=0.0000  kl_loss=0.0000 (disabled)  score=0.988  return=1.044  role_std=1.3559  role_norm=2.8739  enc_delta ego=0.0008 partner=0.0009 road=0.0015
[ROMA step 2,421,424,128] sps= 52,139  policy_loss=0.0083  value_loss=0.0218  mi_loss=0.0002  mi_valid=0.66  div_loss=0.0000  kl_loss=0.0000 (disabled)  score=0.988  return=1.046  role_std=1.4177  role_norm=2.9599  enc_delta ego=0.0008 partner=0.0008 road=0.0012
[ROMA step 2,422,210,560] sps= 52,144  policy_loss=0.0044  value_loss=0.0111  mi_loss=0.0002  mi_valid=0.67  div_loss=0.0001  kl_loss=0.0000 (disabled)  score=0.988  return=1.046  role_std=1.4151  role_norm=2.9410  enc_delta ego=0.0009 partner=0.0009 road=0.0015
[ROMA step 2,422,996,992] sps= 52,150  policy_loss=-0.0090  value_loss=0.0103  mi_loss=0.0002  mi_valid=0.67  div_loss=0.0000  kl_loss=0.0000 (disabled)  score=0.988  return=1.046  role_std=1.4250  role_norm=2.9782  enc_delta ego=0.0008 partner=0.0010 road=0.0015
[ROMA step 2,423,783,424] sps= 52,145  policy_loss=-0.0023  value_loss=0.0190  mi_loss=0.0002  mi_valid=0.66  div_loss=0.0001  kl_loss=0.0000 (disabled)  score=0.988  return=1.046  role_std=1.3463  role_norm=2.8789  enc_delta ego=0.0007 partner=0.0008 road=0.0013
[ROMA step 2,424,569,856] sps= 52,151  policy_loss=-0.0089  value_loss=0.0116  mi_loss=0.0002  mi_valid=0.69  div_loss=0.0003  kl_loss=0.0000 (disabled)  score=0.988  return=1.046  role_std=1.3528  role_norm=2.8012  enc_delta ego=0.0012 partner=0.0009 road=0.0015
[ROMA step 2,425,356,288] sps= 52,157  policy_loss=-0.0023  value_loss=0.0133  mi_loss=0.0002  mi_valid=0.69  div_loss=0.0000  kl_loss=0.0000 (disabled)  score=0.989  return=1.046  role_std=1.3600  role_norm=2.8301  enc_delta ego=0.0009 partner=0.0010 road=0.0013
[ROMA step 2,426,142,720] sps= 52,162  policy_loss=-0.0030  value_loss=0.0137  mi_loss=0.0002  mi_valid=0.68  div_loss=0.0003  kl_loss=0.0000 (disabled)  score=0.989  return=1.046  role_std=1.3770  role_norm=2.8391  enc_delta ego=0.0011 partner=0.0010 road=0.0016
[ROMA step 2,426,929,152] sps= 52,159  policy_loss=0.0014  value_loss=0.0234  mi_loss=0.0002  mi_valid=0.66  div_loss=0.0003  kl_loss=0.0000 (disabled)  score=0.989  return=1.046  role_std=1.4035  role_norm=2.9477  enc_delta ego=0.0008 partner=0.0009 road=0.0012
[ROMA step 2,427,715,584] sps= 52,164  policy_loss=0.0047  value_loss=0.0178  mi_loss=0.0002  mi_valid=0.67  div_loss=0.0004  kl_loss=0.0000 (disabled)  score=0.989  return=1.046  role_std=1.3972  role_norm=2.9254  enc_delta ego=0.0009 partner=0.0011 road=0.0015
[ROMA step 2,428,502,016] sps= 52,170  policy_loss=-0.0064  value_loss=0.0100  mi_loss=0.0002  mi_valid=0.67  div_loss=-0.0000  kl_loss=0.0000 (disabled)  score=0.989  return=1.046  role_std=1.4134  role_norm=2.9127  enc_delta ego=0.0011 partner=0.0010 road=0.0013
[ROMA step 2,429,288,448] sps= 52,175  policy_loss=-0.0034  value_loss=0.0135  mi_loss=0.0002  mi_valid=0.66  div_loss=0.0000  kl_loss=0.0000 (disabled)  score=0.989  return=1.046  role_std=1.4437  role_norm=2.9556  enc_delta ego=0.0010 partner=0.0011 road=0.0014
[ROMA step 2,430,074,880] sps= 52,170  policy_loss=0.0028  value_loss=0.0198  mi_loss=0.0002  mi_valid=0.67  div_loss=0.0005  kl_loss=0.0000 (disabled)  score=0.989  return=1.046  role_std=1.4106  role_norm=2.8857  enc_delta ego=0.0012 partner=0.0009 road=0.0015
[ROMA step 2,430,861,312] sps= 52,176  policy_loss=0.0028  value_loss=0.0159  mi_loss=0.0002  mi_valid=0.67  div_loss=0.0000  kl_loss=0.0000 (disabled)  score=0.989  return=1.046  role_std=1.3737  role_norm=2.8258  enc_delta ego=0.0008 partner=0.0011 road=0.0013
[ROMA step 2,431,647,744] sps= 52,182  policy_loss=0.0070  value_loss=0.0150  mi_loss=0.0002  mi_valid=0.67  div_loss=0.0000  kl_loss=0.0000 (disabled)  score=0.989  return=1.046  role_std=1.3981  role_norm=2.8700  enc_delta ego=0.0009 partner=0.0011 road=0.0015
[ROMA step 2,432,434,176] sps= 52,179  policy_loss=0.0021  value_loss=0.0233  mi_loss=0.0002  mi_valid=0.66  div_loss=0.0000  kl_loss=0.0000 (disabled)  score=0.989  return=1.047  role_std=1.4004  role_norm=2.8741  enc_delta ego=0.0007 partner=0.0010 road=0.0016
[ROMA step 2,433,220,608] sps= 52,185  policy_loss=-0.0031  value_loss=0.0125  mi_loss=0.0002  mi_valid=0.68  div_loss=0.0001  kl_loss=0.0000 (disabled)  score=0.989  return=1.047  role_std=1.3680  role_norm=2.7918  enc_delta ego=0.0008 partner=0.0009 road=0.0013
[ROMA step 2,434,007,040] sps= 52,190  policy_loss=-0.0041  value_loss=0.0147  mi_loss=0.0002  mi_valid=0.67  div_loss=0.0002  kl_loss=0.0000 (disabled)  score=0.989  return=1.046  role_std=1.3600  role_norm=2.8051  enc_delta ego=0.0008 partner=0.0011 road=0.0013
[ROMA step 2,434,793,472] sps= 52,195  policy_loss=-0.0084  value_loss=0.0139  mi_loss=0.0002  mi_valid=0.67  div_loss=0.0001  kl_loss=0.0000 (disabled)  score=0.990  return=1.046  role_std=1.3731  role_norm=2.8065  enc_delta ego=0.0009 partner=0.0009 road=0.0013
[ROMA step 2,435,579,904] sps= 52,191  policy_loss=0.0005  value_loss=0.0275  mi_loss=0.0002  mi_valid=0.67  div_loss=0.0003  kl_loss=0.0000 (disabled)  score=0.989  return=1.046  role_std=1.3959  role_norm=2.9008  enc_delta ego=0.0009 partner=0.0010 road=0.0014
[ROMA step 2,436,366,336] sps= 52,197  policy_loss=-0.0015  value_loss=0.0183  mi_loss=0.0002  mi_valid=0.68  div_loss=0.0003  kl_loss=0.0000 (disabled)  score=0.989  return=1.046  role_std=1.4116  role_norm=2.8908  enc_delta ego=0.0009 partner=0.0012 road=0.0016
[ROMA step 2,437,152,768] sps= 52,202  policy_loss=-0.0005  value_loss=0.0190  mi_loss=0.0002  mi_valid=0.68  div_loss=0.0001  kl_loss=0.0000 (disabled)  score=0.989  return=1.045  role_std=1.3923  role_norm=2.8886  enc_delta ego=0.0010 partner=0.0009 road=0.0014
[ROMA step 2,437,939,200] sps= 52,197  policy_loss=-0.0024  value_loss=0.0257  mi_loss=0.0002  mi_valid=0.67  div_loss=0.0001  kl_loss=0.0000 (disabled)  score=0.989  return=1.045  role_std=1.3730  role_norm=2.8203  enc_delta ego=0.0011 partner=0.0010 road=0.0014
[ROMA step 2,438,725,632] sps= 52,203  policy_loss=-0.0034  value_loss=0.0118  mi_loss=0.0002  mi_valid=0.67  div_loss=0.0000  kl_loss=0.0000 (disabled)  score=0.989  return=1.044  role_std=1.3838  role_norm=2.8683  enc_delta ego=0.0008 partner=0.0011 road=0.0015
[ROMA step 2,439,512,064] sps= 52,208  policy_loss=0.0005  value_loss=0.0149  mi_loss=0.0002  mi_valid=0.67  div_loss=0.0003  kl_loss=0.0000 (disabled)  score=0.989  return=1.044  role_std=1.3913  role_norm=2.8577  enc_delta ego=0.0011 partner=0.0010 road=0.0015
[ROMA step 2,440,298,496] sps= 52,214  policy_loss=-0.0037  value_loss=0.0124  mi_loss=0.0002  mi_valid=0.67  div_loss=-0.0000  kl_loss=0.0000 (disabled)  score=0.989  return=1.043  role_std=1.4090  role_norm=2.8814  enc_delta ego=0.0008 partner=0.0010 road=0.0013
[ROMA step 2,441,084,928] sps= 52,210  policy_loss=0.0011  value_loss=0.0216  mi_loss=0.0002  mi_valid=0.66  div_loss=0.0000  kl_loss=0.0000 (disabled)  score=0.989  return=1.043  role_std=1.3971  role_norm=2.8831  enc_delta ego=0.0008 partner=0.0009 road=0.0013
[ROMA step 2,441,871,360] sps= 52,216  policy_loss=0.0098  value_loss=0.0131  mi_loss=0.0002  mi_valid=0.67  div_loss=-0.0000  kl_loss=0.0000 (disabled)  score=0.989  return=1.044  role_std=1.4025  role_norm=2.8771  enc_delta ego=0.0007 partner=0.0010 road=0.0013
[ROMA step 2,442,657,792] sps= 52,221  policy_loss=0.0004  value_loss=0.0161  mi_loss=0.0002  mi_valid=0.67  div_loss=0.0001  kl_loss=0.0000 (disabled)  score=0.989  return=1.044  role_std=1.4071  role_norm=2.8965  enc_delta ego=0.0009 partner=0.0010 road=0.0015
[ROMA step 2,443,444,224] sps= 52,219  policy_loss=-0.0042  value_loss=0.0211  mi_loss=0.0002  mi_valid=0.66  div_loss=0.0000  kl_loss=0.0000 (disabled)  score=0.989  return=1.044  role_std=1.4286  role_norm=2.9281  enc_delta ego=0.0008 partner=0.0008 road=0.0013
[ROMA step 2,444,230,656] sps= 52,224  policy_loss=-0.0014  value_loss=0.0151  mi_loss=0.0002  mi_valid=0.66  div_loss=0.0001  kl_loss=0.0000 (disabled)  score=0.989  return=1.044  role_std=1.4295  role_norm=2.9335  enc_delta ego=0.0010 partner=0.0010 road=0.0016
[ROMA step 2,445,017,088] sps= 52,230  policy_loss=-0.0039  value_loss=0.0134  mi_loss=0.0002  mi_valid=0.67  div_loss=-0.0000  kl_loss=0.0000 (disabled)  score=0.989  return=1.044  role_std=1.3973  role_norm=2.8846  enc_delta ego=0.0009 partner=0.0010 road=0.0016
[ROMA step 2,445,803,520] sps= 52,235  policy_loss=0.0023  value_loss=0.0097  mi_loss=0.0002  mi_valid=0.66  div_loss=0.0000  kl_loss=0.0000 (disabled)  score=0.989  return=1.044  role_std=1.4173  role_norm=2.9329  enc_delta ego=0.0009 partner=0.0009 road=0.0015
[ROMA step 2,446,589,952] sps= 52,232  policy_loss=-0.0024  value_loss=0.0230  mi_loss=0.0002  mi_valid=0.66  div_loss=0.0003  kl_loss=0.0000 (disabled)  score=0.989  return=1.044  role_std=1.4068  role_norm=2.8611  enc_delta ego=0.0008 partner=0.0010 road=0.0014
[ROMA step 2,447,376,384] sps= 52,237  policy_loss=-0.0023  value_loss=0.0166  mi_loss=0.0002  mi_valid=0.67  div_loss=0.0003  kl_loss=0.0000 (disabled)  score=0.989  return=1.045  role_std=1.3437  role_norm=2.7697  enc_delta ego=0.0010 partner=0.0010 road=0.0014
[ROMA step 2,448,162,816] sps= 52,242  policy_loss=-0.0025  value_loss=0.0159  mi_loss=0.0002  mi_valid=0.67  div_loss=0.0001  kl_loss=0.0000 (disabled)  score=0.989  return=1.045  role_std=1.3710  role_norm=2.7946  enc_delta ego=0.0011 partner=0.0010 road=0.0014
[ROMA step 2,448,949,248] sps= 52,238  policy_loss=-0.0038  value_loss=0.0247  mi_loss=0.0002  mi_valid=0.66  div_loss=0.0000  kl_loss=0.0000 (disabled)  score=0.989  return=1.045  role_std=1.4327  role_norm=3.0738  enc_delta ego=0.0009 partner=0.0009 road=0.0017
[ROMA step 2,449,735,680] sps= 52,244  policy_loss=-0.0018  value_loss=0.0119  mi_loss=0.0002  mi_valid=0.67  div_loss=0.0004  kl_loss=0.0000 (disabled)  score=0.989  return=1.045  role_std=1.4188  role_norm=2.9288  enc_delta ego=0.0011 partner=0.0009 road=0.0016
[ROMA step 2,450,522,112] sps= 52,249  policy_loss=0.0005  value_loss=0.0146  mi_loss=0.0002  mi_valid=0.67  div_loss=0.0004  kl_loss=0.0000 (disabled)  score=0.989  return=1.045  role_std=1.4060  role_norm=2.9013  enc_delta ego=0.0010 partner=0.0009 road=0.0015
[ROMA step 2,451,308,544] sps= 52,255  policy_loss=-0.0005  value_loss=0.0149  mi_loss=0.0002  mi_valid=0.67  div_loss=0.0000  kl_loss=0.0000 (disabled)  score=0.989  return=1.045  role_std=1.4104  role_norm=2.8929  enc_delta ego=0.0011 partner=0.0010 road=0.0015
[ROMA step 2,452,094,976] sps= 52,251  policy_loss=-0.0085  value_loss=0.0207  mi_loss=0.0002  mi_valid=0.66  div_loss=0.0001  kl_loss=0.0000 (disabled)  score=0.989  return=1.045  role_std=1.3289  role_norm=2.7612  enc_delta ego=0.0009 partner=0.0010 road=0.0012
[ROMA step 2,452,881,408] sps= 52,257  policy_loss=-0.0039  value_loss=0.0182  mi_loss=0.0002  mi_valid=0.68  div_loss=0.0002  kl_loss=0.0000 (disabled)  score=0.989  return=1.045  role_std=1.3554  role_norm=2.8010  enc_delta ego=0.0009 partner=0.0010 road=0.0014
[ROMA step 2,453,667,840] sps= 52,262  policy_loss=-0.0033  value_loss=0.0118  mi_loss=0.0002  mi_valid=0.68  div_loss=0.0001  kl_loss=0.0000 (disabled)  score=0.989  return=1.045  role_std=1.3366  role_norm=2.7722  enc_delta ego=0.0008 partner=0.0010 road=0.0012
[ROMA step 2,454,454,272] sps= 52,267  policy_loss=0.0057  value_loss=0.0130  mi_loss=0.0002  mi_valid=0.68  div_loss=0.0001  kl_loss=0.0000 (disabled)  score=0.989  return=1.045  role_std=1.3477  role_norm=2.7632  enc_delta ego=0.0008 partner=0.0010 road=0.0014
[ROMA step 2,455,240,704] sps= 52,263  policy_loss=-0.0007  value_loss=0.0214  mi_loss=0.0002  mi_valid=0.67  div_loss=0.0000  kl_loss=0.0000 (disabled)  score=0.989  return=1.045  role_std=1.4231  role_norm=2.9185  enc_delta ego=0.0011 partner=0.0010 road=0.0013
[ROMA step 2,456,027,136] sps= 52,269  policy_loss=0.0020  value_loss=0.0143  mi_loss=0.0002  mi_valid=0.67  div_loss=0.0000  kl_loss=0.0000 (disabled)  score=0.989  return=1.045  role_std=1.4398  role_norm=2.9409  enc_delta ego=0.0007 partner=0.0012 road=0.0013
[ROMA step 2,456,813,568] sps= 52,274  policy_loss=-0.0027  value_loss=0.0136  mi_loss=0.0002  mi_valid=0.66  div_loss=0.0000  kl_loss=0.0000 (disabled)  score=0.990  return=1.045  role_std=1.4044  role_norm=2.9125  enc_delta ego=0.0008 partner=0.0012 road=0.0016
[ROMA step 2,457,600,000] sps= 52,272  policy_loss=0.0040  value_loss=0.0287  mi_loss=0.0002  mi_valid=0.66  div_loss=0.0000  kl_loss=0.0000 (disabled)  score=0.990  return=1.045  role_std=1.3732  role_norm=2.8471  enc_delta ego=0.0011 partner=0.0012 road=0.0016
[ROMA step 2,458,386,432] sps= 52,278  policy_loss=-0.0045  value_loss=0.0215  mi_loss=0.0002  mi_valid=0.68  div_loss=0.0001  kl_loss=0.0000 (disabled)  score=0.989  return=1.045  role_std=1.3584  role_norm=2.7934  enc_delta ego=0.0012 partner=0.0013 road=0.0018
[ROMA step 2,459,172,864] sps= 52,283  policy_loss=-0.0020  value_loss=0.0206  mi_loss=0.0002  mi_valid=0.69  div_loss=0.0000  kl_loss=0.0000 (disabled)  score=0.989  return=1.044  role_std=1.3621  role_norm=2.7960  enc_delta ego=0.0010 partner=0.0009 road=0.0014
[ROMA step 2,459,959,296] sps= 52,289  policy_loss=0.0020  value_loss=0.0161  mi_loss=0.0002  mi_valid=0.68  div_loss=0.0000  kl_loss=0.0000 (disabled)  score=0.989  return=1.044  role_std=1.3683  role_norm=2.8051  enc_delta ego=0.0010 partner=0.0010 road=0.0014
[ROMA step 2,460,745,728] sps= 52,287  policy_loss=-0.0020  value_loss=0.0242  mi_loss=0.0002  mi_valid=0.67  div_loss=-0.0000  kl_loss=0.0000 (disabled)  score=0.989  return=1.044  role_std=1.3992  role_norm=2.8828  enc_delta ego=0.0007 partner=0.0009 road=0.0012
[ROMA step 2,461,532,160] sps= 52,292  policy_loss=0.0001  value_loss=0.0164  mi_loss=0.0002  mi_valid=0.68  div_loss=0.0001  kl_loss=0.0000 (disabled)  score=0.989  return=1.044  role_std=1.4247  role_norm=2.9236  enc_delta ego=0.0010 partner=0.0010 road=0.0014
[ROMA step 2,462,318,592] sps= 52,298  policy_loss=-0.0040  value_loss=0.0115  mi_loss=0.0002  mi_valid=0.68  div_loss=0.0000  kl_loss=0.0000 (disabled)  score=0.989  return=1.043  role_std=1.4288  role_norm=2.9462  enc_delta ego=0.0009 partner=0.0010 road=0.0011
[ROMA step 2,463,105,024] sps= 52,296  policy_loss=-0.0029  value_loss=0.0213  mi_loss=0.0002  mi_valid=0.66  div_loss=0.0000  kl_loss=0.0000 (disabled)  score=0.989  return=1.044  role_std=1.4280  role_norm=2.9169  enc_delta ego=0.0007 partner=0.0008 road=0.0013
[ROMA step 2,463,891,456] sps= 52,302  policy_loss=-0.0032  value_loss=0.0147  mi_loss=0.0002  mi_valid=0.67  div_loss=0.0000  kl_loss=0.0000 (disabled)  score=0.988  return=1.043  role_std=1.4261  role_norm=2.9098  enc_delta ego=0.0010 partner=0.0009 road=0.0013
[ROMA step 2,464,677,888] sps= 52,307  policy_loss=0.0024  value_loss=0.0142  mi_loss=0.0002  mi_valid=0.67  div_loss=0.0000  kl_loss=0.0000 (disabled)  score=0.989  return=1.043  role_std=1.4174  role_norm=2.9214  enc_delta ego=0.0009 partner=0.0010 road=0.0013
[ROMA step 2,465,464,320] sps= 52,312  policy_loss=-0.0047  value_loss=0.0118  mi_loss=0.0002  mi_valid=0.67  div_loss=0.0000  kl_loss=0.0000 (disabled)  score=0.989  return=1.044  role_std=1.4265  role_norm=2.9288  enc_delta ego=0.0008 partner=0.0009 road=0.0012
[ROMA step 2,466,250,752] sps= 52,310  policy_loss=-0.0034  value_loss=0.0230  mi_loss=0.0002  mi_valid=0.66  div_loss=0.0000  kl_loss=0.0000 (disabled)  score=0.989  return=1.044  role_std=1.4149  role_norm=2.9239  enc_delta ego=0.0009 partner=0.0009 road=0.0014
[ROMA step 2,467,037,184] sps= 52,316  policy_loss=-0.0011  value_loss=0.0153  mi_loss=0.0002  mi_valid=0.67  div_loss=0.0000  kl_loss=0.0000 (disabled)  score=0.989  return=1.043  role_std=1.4192  role_norm=2.9419  enc_delta ego=0.0009 partner=0.0009 road=0.0013
[ROMA step 2,467,823,616] sps= 52,321  policy_loss=-0.0072  value_loss=0.0160  mi_loss=0.0002  mi_valid=0.68  div_loss=0.0000  kl_loss=0.0000 (disabled)  score=0.988  return=1.043  role_std=1.4413  role_norm=2.9626  enc_delta ego=0.0009 partner=0.0010 road=0.0013
[ROMA step 2,468,610,048] sps= 52,319  policy_loss=-0.0127  value_loss=0.0229  mi_loss=0.0002  mi_valid=0.66  div_loss=0.0001  kl_loss=0.0000 (disabled)  score=0.988  return=1.042  role_std=1.4452  role_norm=2.9876  enc_delta ego=0.0010 partner=0.0010 road=0.0015
[ROMA step 2,469,396,480] sps= 52,324  policy_loss=-0.0072  value_loss=0.0127  mi_loss=0.0002  mi_valid=0.67  div_loss=0.0006  kl_loss=0.0000 (disabled)  score=0.988  return=1.042  role_std=1.4604  role_norm=3.0037  enc_delta ego=0.0010 partner=0.0010 road=0.0016
[ROMA step 2,470,182,912] sps= 52,330  policy_loss=0.0023  value_loss=0.0141  mi_loss=0.0002  mi_valid=0.67  div_loss=0.0000  kl_loss=0.0000 (disabled)  score=0.988  return=1.043  role_std=1.4756  role_norm=3.0386  enc_delta ego=0.0010 partner=0.0009 road=0.0013
[ROMA step 2,470,969,344] sps= 52,335  policy_loss=-0.0087  value_loss=0.0120  mi_loss=0.0002  mi_valid=0.67  div_loss=0.0000  kl_loss=0.0000 (disabled)  score=0.988  return=1.043  role_std=1.4923  role_norm=3.0561  enc_delta ego=0.0010 partner=0.0010 road=0.0015
[ROMA step 2,471,755,776] sps= 52,331  policy_loss=0.0002  value_loss=0.0205  mi_loss=0.0002  mi_valid=0.67  div_loss=0.0000  kl_loss=0.0000 (disabled)  score=0.988  return=1.043  role_std=1.4583  role_norm=3.0276  enc_delta ego=0.0009 partner=0.0008 road=0.0013
[ROMA step 2,472,542,208] sps= 52,337  policy_loss=0.0020  value_loss=0.0143  mi_loss=0.0002  mi_valid=0.68  div_loss=0.0000  kl_loss=0.0000 (disabled)  score=0.988  return=1.043  role_std=1.4583  role_norm=2.9849  enc_delta ego=0.0008 partner=0.0011 road=0.0015
[ROMA step 2,473,328,640] sps= 52,342  policy_loss=-0.0019  value_loss=0.0145  mi_loss=0.0002  mi_valid=0.68  div_loss=0.0001  kl_loss=0.0000 (disabled)  score=0.987  return=1.043  role_std=1.4501  role_norm=2.9787  enc_delta ego=0.0008 partner=0.0009 road=0.0015
[ROMA step 2,474,115,072] sps= 52,340  policy_loss=-0.0013  value_loss=0.0207  mi_loss=0.0002  mi_valid=0.66  div_loss=0.0001  kl_loss=0.0000 (disabled)  score=0.987  return=1.044  role_std=1.4704  role_norm=3.1580  enc_delta ego=0.0007 partner=0.0008 road=0.0012
[ROMA step 2,474,901,504] sps= 52,345  policy_loss=0.0018  value_loss=0.0139  mi_loss=0.0002  mi_valid=0.67  div_loss=0.0000  kl_loss=0.0000 (disabled)  score=0.987  return=1.044  role_std=1.4910  role_norm=3.0476  enc_delta ego=0.0009 partner=0.0008 road=0.0015
[ROMA step 2,475,687,936] sps= 52,351  policy_loss=-0.0101  value_loss=0.0103  mi_loss=0.0002  mi_valid=0.67  div_loss=0.0001  kl_loss=0.0000 (disabled)  score=0.988  return=1.044  role_std=1.4839  role_norm=3.0514  enc_delta ego=0.0011 partner=0.0011 road=0.0013
[ROMA step 2,476,474,368] sps= 52,356  policy_loss=0.0001  value_loss=0.0099  mi_loss=0.0002  mi_valid=0.67  div_loss=0.0000  kl_loss=0.0000 (disabled)  score=0.988  return=1.045  role_std=1.5054  role_norm=3.0729  enc_delta ego=0.0008 partner=0.0009 road=0.0013
[ROMA step 2,477,260,800] sps= 52,354  policy_loss=0.0030  value_loss=0.0198  mi_loss=0.0002  mi_valid=0.66  div_loss=0.0001  kl_loss=0.0000 (disabled)  score=0.988  return=1.045  role_std=1.4478  role_norm=2.9577  enc_delta ego=0.0008 partner=0.0008 road=0.0013
[ROMA step 2,478,047,232] sps= 52,359  policy_loss=-0.0027  value_loss=0.0133  mi_loss=0.0002  mi_valid=0.67  div_loss=0.0001  kl_loss=0.0000 (disabled)  score=0.988  return=1.044  role_std=1.4212  role_norm=2.9426  enc_delta ego=0.0008 partner=0.0009 road=0.0014
[ROMA step 2,478,833,664] sps= 52,365  policy_loss=-0.0010  value_loss=0.0114  mi_loss=0.0002  mi_valid=0.67  div_loss=-0.0000  kl_loss=0.0000 (disabled)  score=0.988  return=1.045  role_std=1.4535  role_norm=2.9908  enc_delta ego=0.0007 partner=0.0009 road=0.0013
[ROMA step 2,479,620,096] sps= 52,370  policy_loss=0.0011  value_loss=0.0128  mi_loss=0.0002  mi_valid=0.67  div_loss=0.0000  kl_loss=0.0000 (disabled)  score=0.989  return=1.045  role_std=1.4813  role_norm=3.0218  enc_delta ego=0.0008 partner=0.0009 road=0.0012
[ROMA step 2,480,406,528] sps= 52,367  policy_loss=-0.0001  value_loss=0.0178  mi_loss=0.0002  mi_valid=0.68  div_loss=0.0000  kl_loss=0.0000 (disabled)  score=0.989  return=1.045  role_std=1.4731  role_norm=3.0093  enc_delta ego=0.0010 partner=0.0007 road=0.0013
[ROMA step 2,481,192,960] sps= 52,372  policy_loss=-0.0015  value_loss=0.0165  mi_loss=0.0002  mi_valid=0.67  div_loss=0.0001  kl_loss=0.0000 (disabled)  score=0.989  return=1.044  role_std=1.4677  role_norm=3.0054  enc_delta ego=0.0007 partner=0.0009 road=0.0017
[ROMA step 2,481,979,392] sps= 52,378  policy_loss=0.0001  value_loss=0.0150  mi_loss=0.0002  mi_valid=0.67  div_loss=0.0001  kl_loss=0.0000 (disabled)  score=0.989  return=1.044  role_std=1.4303  role_norm=2.9522  enc_delta ego=0.0010 partner=0.0008 road=0.0016
[ROMA step 2,482,765,824] sps= 52,375  policy_loss=0.0079  value_loss=0.0254  mi_loss=0.0002  mi_valid=0.66  div_loss=0.0000  kl_loss=0.0000 (disabled)  score=0.989  return=1.044  role_std=1.4135  role_norm=2.9018  enc_delta ego=0.0009 partner=0.0009 road=0.0013
[ROMA step 2,483,552,256] sps= 52,380  policy_loss=0.0002  value_loss=0.0150  mi_loss=0.0002  mi_valid=0.68  div_loss=0.0000  kl_loss=0.0000 (disabled)  score=0.989  return=1.045  role_std=1.4473  role_norm=2.9304  enc_delta ego=0.0007 partner=0.0010 road=0.0016
[ROMA step 2,484,338,688] sps= 52,385  policy_loss=0.0047  value_loss=0.0222  mi_loss=0.0002  mi_valid=0.68  div_loss=0.0002  kl_loss=0.0000 (disabled)  score=0.989  return=1.045  role_std=1.4130  role_norm=2.8522  enc_delta ego=0.0011 partner=0.0009 road=0.0013
[ROMA step 2,485,125,120] sps= 52,391  policy_loss=-0.0021  value_loss=0.0158  mi_loss=0.0002  mi_valid=0.68  div_loss=0.0000  kl_loss=0.0000 (disabled)  score=0.989  return=1.045  role_std=1.3900  role_norm=2.8725  enc_delta ego=0.0008 partner=0.0009 road=0.0014
[ROMA step 2,485,911,552] sps= 52,388  policy_loss=-0.0052  value_loss=0.0232  mi_loss=0.0002  mi_valid=0.67  div_loss=-0.0000  kl_loss=0.0000 (disabled)  score=0.989  return=1.046  role_std=1.3763  role_norm=2.8534  enc_delta ego=0.0015 partner=0.0008 road=0.0016
[ROMA step 2,486,697,984] sps= 52,394  policy_loss=0.0045  value_loss=0.0131  mi_loss=0.0002  mi_valid=0.68  div_loss=0.0004  kl_loss=0.0000 (disabled)  score=0.989  return=1.046  role_std=1.3974  role_norm=2.9210  enc_delta ego=0.0009 partner=0.0009 road=0.0018
[ROMA step 2,487,484,416] sps= 52,399  policy_loss=0.0033  value_loss=0.0111  mi_loss=0.0002  mi_valid=0.68  div_loss=0.0000  kl_loss=0.0000 (disabled)  score=0.989  return=1.046  role_std=1.3903  role_norm=2.9177  enc_delta ego=0.0008 partner=0.0008 road=0.0015
[ROMA step 2,488,270,848] sps= 52,397  policy_loss=0.0009  value_loss=0.0229  mi_loss=0.0002  mi_valid=0.67  div_loss=0.0000  kl_loss=0.0000 (disabled)  score=0.989  return=1.046  role_std=1.3855  role_norm=2.8852  enc_delta ego=0.0008 partner=0.0009 road=0.0016
[ROMA step 2,489,057,280] sps= 52,402  policy_loss=0.0012  value_loss=0.0137  mi_loss=0.0002  mi_valid=0.68  div_loss=0.0001  kl_loss=0.0000 (disabled)  score=0.989  return=1.045  role_std=1.3872  role_norm=2.8685  enc_delta ego=0.0010 partner=0.0010 road=0.0017
[ROMA step 2,489,843,712] sps= 52,408  policy_loss=-0.0008  value_loss=0.0157  mi_loss=0.0002  mi_valid=0.68  div_loss=0.0001  kl_loss=0.0000 (disabled)  score=0.989  return=1.046  role_std=1.4088  role_norm=2.8769  enc_delta ego=0.0008 partner=0.0011 road=0.0018
[ROMA step 2,490,630,144] sps= 52,413  policy_loss=-0.0008  value_loss=0.0111  mi_loss=0.0002  mi_valid=0.68  div_loss=0.0000  kl_loss=0.0000 (disabled)  score=0.989  return=1.046  role_std=1.4081  role_norm=2.9050  enc_delta ego=0.0009 partner=0.0010 road=0.0015
[ROMA step 2,491,416,576] sps= 52,406  policy_loss=0.0021  value_loss=0.0277  mi_loss=0.0002  mi_valid=0.67  div_loss=0.0003  kl_loss=0.0000 (disabled)  score=0.989  return=1.045  role_std=1.4410  role_norm=2.9535  enc_delta ego=0.0014 partner=0.0010 road=0.0016
[ROMA step 2,492,203,008] sps= 52,411  policy_loss=0.0039  value_loss=0.0183  mi_loss=0.0002  mi_valid=0.68  div_loss=0.0000  kl_loss=0.0000 (disabled)  score=0.989  return=1.045  role_std=1.4479  role_norm=2.9344  enc_delta ego=0.0010 partner=0.0010 road=0.0017
[ROMA step 2,492,989,440] sps= 52,416  policy_loss=0.0054  value_loss=0.0157  mi_loss=0.0002  mi_valid=0.68  div_loss=0.0001  kl_loss=0.0000 (disabled)  score=0.989  return=1.045  role_std=1.4344  role_norm=2.9031  enc_delta ego=0.0009 partner=0.0010 road=0.0014
[ROMA step 2,493,775,872] sps= 52,415  policy_loss=-0.0029  value_loss=0.0259  mi_loss=0.0002  mi_valid=0.67  div_loss=0.0001  kl_loss=0.0000 (disabled)  score=0.989  return=1.045  role_std=1.3847  role_norm=2.8427  enc_delta ego=0.0008 partner=0.0007 road=0.0012
[ROMA step 2,494,562,304] sps= 52,421  policy_loss=-0.0013  value_loss=0.0149  mi_loss=0.0002  mi_valid=0.68  div_loss=0.0001  kl_loss=0.0000 (disabled)  score=0.988  return=1.044  role_std=1.4029  role_norm=2.8653  enc_delta ego=0.0011 partner=0.0009 road=0.0014
[ROMA step 2,495,348,736] sps= 52,426  policy_loss=-0.0018  value_loss=0.0165  mi_loss=0.0002  mi_valid=0.68  div_loss=0.0000  kl_loss=0.0000 (disabled)  score=0.988  return=1.044  role_std=1.3954  role_norm=2.8584  enc_delta ego=0.0011 partner=0.0010 road=0.0014
[ROMA step 2,496,135,168] sps= 52,432  policy_loss=0.0038  value_loss=0.0152  mi_loss=0.0002  mi_valid=0.68  div_loss=0.0000  kl_loss=0.0000 (disabled)  score=0.988  return=1.044  role_std=1.4320  role_norm=2.9400  enc_delta ego=0.0010 partner=0.0009 road=0.0014
[ROMA step 2,496,921,600] sps= 52,429  policy_loss=-0.0037  value_loss=0.0239  mi_loss=0.0002  mi_valid=0.67  div_loss=0.0002  kl_loss=0.0000 (disabled)  score=0.988  return=1.044  role_std=1.4044  role_norm=2.9095  enc_delta ego=0.0012 partner=0.0009 road=0.0016
[ROMA step 2,497,708,032] sps= 52,435  policy_loss=-0.0051  value_loss=0.0125  mi_loss=0.0002  mi_valid=0.68  div_loss=0.0001  kl_loss=0.0000 (disabled)  score=0.988  return=1.043  role_std=1.3913  role_norm=2.8506  enc_delta ego=0.0009 partner=0.0010 road=0.0016
[ROMA step 2,498,494,464] sps= 52,440  policy_loss=-0.0035  value_loss=0.0144  mi_loss=0.0002  mi_valid=0.68  div_loss=0.0001  kl_loss=0.0000 (disabled)  score=0.988  return=1.043  role_std=1.3918  role_norm=2.8733  enc_delta ego=0.0011 partner=0.0010 road=0.0017
[ROMA step 2,499,280,896] sps= 52,436  policy_loss=0.0022  value_loss=0.0231  mi_loss=0.0002  mi_valid=0.67  div_loss=0.0000  kl_loss=0.0000 (disabled)  score=0.988  return=1.043  role_std=1.3853  role_norm=2.9883  enc_delta ego=0.0009 partner=0.0008 road=0.0015
[ROMA step 2,500,067,328] sps= 52,442  policy_loss=-0.0011  value_loss=0.0167  mi_loss=0.0002  mi_valid=0.67  div_loss=0.0002  kl_loss=0.0000 (disabled)  score=0.988  return=1.043  role_std=1.4162  role_norm=2.9311  enc_delta ego=0.0010 partner=0.0010 road=0.0018
[ROMA] Saved -> /scratch/e452103/checkpoints/roma_mifutagent_dim4_H8_r16p64_ep_film/roma_dim4_step2500067328.pt
[ROMA] Periodic WOSAC eval at step 2,500,067,328 ...

WOSAC realism metrics (32 rollouts, up to 10 batches, step 2,500,067,328)...
  Batch 10/10 | scenarios: 1215 | realism: 0.6897

  Scenarios evaluated       : 1215
  Realism meta-score        : 0.6897
  Kinematic metrics         : 0.3050
  Interactive metrics       : 0.6633
  Map-based metrics         : 0.7830
  minADE (m)                : 7.8185
  likelihood_offroad        : 0.9265
  likelihood_dist_road_edge : 0.6399
  likelihood_collision      : 0.8911
  likelihood_dist_obj       : 0.3038
  likelihood_ttc            : 0.7965
  likelihood_linear_speed   : 0.1740
  likelihood_linear_accel   : 0.2789
  likelihood_angular_speed  : 0.3421
  likelihood_angular_accel  : 0.4307
[ROMA step 2,500,853,760] sps= 51,829  policy_loss=-0.0002  value_loss=0.0115  mi_loss=0.0002  mi_valid=0.67  div_loss=0.0001  kl_loss=0.0000 (disabled)  score=0.988  return=1.043  role_std=1.4227  role_norm=2.9329  enc_delta ego=0.0007 partner=0.0009 road=0.0014
[ROMA step 2,501,640,192] sps= 51,834  policy_loss=0.0017  value_loss=0.0114  mi_loss=0.0002  mi_valid=0.67  div_loss=0.0000  kl_loss=0.0000 (disabled)  score=0.988  return=1.043  role_std=1.4384  role_norm=2.9574  enc_delta ego=0.0007 partner=0.0009 road=0.0013
[ROMA step 2,502,426,624] sps= 51,830  policy_loss=-0.0008  value_loss=0.0202  mi_loss=0.0002  mi_valid=0.66  div_loss=0.0001  kl_loss=0.0000 (disabled)  score=0.988  return=1.043  role_std=1.4389  role_norm=2.9466  enc_delta ego=0.0008 partner=0.0008 road=0.0013
[ROMA step 2,503,213,056] sps= 51,836  policy_loss=0.0002  value_loss=0.0130  mi_loss=0.0002  mi_valid=0.67  div_loss=0.0001  kl_loss=0.0000 (disabled)  score=0.988  return=1.043  role_std=1.3966  role_norm=2.9478  enc_delta ego=0.0008 partner=0.0008 road=0.0013
[ROMA step 2,503,999,488] sps= 51,841  policy_loss=-0.0053  value_loss=0.0106  mi_loss=0.0002  mi_valid=0.67  div_loss=0.0002  kl_loss=0.0000 (disabled)  score=0.988  return=1.043  role_std=1.4388  role_norm=2.9879  enc_delta ego=0.0009 partner=0.0009 road=0.0012
[ROMA step 2,504,785,920] sps= 51,836  policy_loss=0.0003  value_loss=0.0208  mi_loss=0.0002  mi_valid=0.67  div_loss=0.0000  kl_loss=0.0000 (disabled)  score=0.988  return=1.043  role_std=1.4481  role_norm=2.9692  enc_delta ego=0.0007 partner=0.0011 road=0.0011
[ROMA step 2,505,572,352] sps= 51,842  policy_loss=0.0022  value_loss=0.0175  mi_loss=0.0002  mi_valid=0.69  div_loss=0.0002  kl_loss=0.0000 (disabled)  score=0.988  return=1.043  role_std=1.4269  role_norm=2.9416  enc_delta ego=0.0009 partner=0.0011 road=0.0015
[ROMA step 2,506,358,784] sps= 51,847  policy_loss=-0.0030  value_loss=0.0157  mi_loss=0.0002  mi_valid=0.68  div_loss=0.0000  kl_loss=0.0000 (disabled)  score=0.988  return=1.043  role_std=1.3867  role_norm=2.8958  enc_delta ego=0.0010 partner=0.0010 road=0.0013
[ROMA step 2,507,145,216] sps= 51,853  policy_loss=-0.0017  value_loss=0.0154  mi_loss=0.0002  mi_valid=0.68  div_loss=0.0000  kl_loss=0.0000 (disabled)  score=0.988  return=1.042  role_std=1.4093  role_norm=2.9430  enc_delta ego=0.0007 partner=0.0010 road=0.0014
[ROMA step 2,507,931,648] sps= 51,845  policy_loss=-0.0099  value_loss=0.0224  mi_loss=0.0002  mi_valid=0.67  div_loss=0.0000  kl_loss=0.0000 (disabled)  score=0.988  return=1.042  role_std=1.3618  role_norm=2.8724  enc_delta ego=0.0009 partner=0.0008 road=0.0012
[ROMA step 2,508,718,080] sps= 51,851  policy_loss=-0.0015  value_loss=0.0172  mi_loss=0.0002  mi_valid=0.67  div_loss=0.0001  kl_loss=0.0000 (disabled)  score=0.988  return=1.042  role_std=1.3575  role_norm=2.8266  enc_delta ego=0.0008 partner=0.0010 road=0.0013
[ROMA step 2,509,504,512] sps= 51,856  policy_loss=0.0007  value_loss=0.0179  mi_loss=0.0002  mi_valid=0.67  div_loss=0.0000  kl_loss=0.0000 (disabled)  score=0.989  return=1.042  role_std=1.3707  role_norm=2.8276  enc_delta ego=0.0007 partner=0.0009 road=0.0011
[ROMA step 2,510,290,944] sps= 51,862  policy_loss=-0.0030  value_loss=0.0146  mi_loss=0.0002  mi_valid=0.67  div_loss=0.0001  kl_loss=0.0000 (disabled)  score=0.989  return=1.042  role_std=1.3901  role_norm=2.8719  enc_delta ego=0.0009 partner=0.0010 road=0.0011
[ROMA step 2,511,077,376] sps= 51,852  policy_loss=-0.0066  value_loss=0.0214  mi_loss=0.0002  mi_valid=0.66  div_loss=0.0001  kl_loss=0.0000 (disabled)  score=0.989  return=1.042  role_std=1.4471  role_norm=2.9806  enc_delta ego=0.0008 partner=0.0009 road=0.0012
[ROMA step 2,511,863,808] sps= 51,857  policy_loss=0.0002  value_loss=0.0113  mi_loss=0.0002  mi_valid=0.67  div_loss=0.0000  kl_loss=0.0000 (disabled)  score=0.989  return=1.042  role_std=1.4456  role_norm=2.9802  enc_delta ego=0.0008 partner=0.0007 road=0.0011
[ROMA step 2,512,650,240] sps= 51,863  policy_loss=-0.0012  value_loss=0.0137  mi_loss=0.0002  mi_valid=0.67  div_loss=0.0000  kl_loss=0.0000 (disabled)  score=0.989  return=1.043  role_std=1.4520  role_norm=2.9748  enc_delta ego=0.0007 partner=0.0008 road=0.0012
[ROMA step 2,513,436,672] sps= 51,855  policy_loss=-0.0040  value_loss=0.0213  mi_loss=0.0002  mi_valid=0.66  div_loss=0.0000  kl_loss=0.0000 (disabled)  score=0.989  return=1.043  role_std=1.5212  role_norm=3.1425  enc_delta ego=0.0007 partner=0.0008 road=0.0013
[ROMA step 2,514,223,104] sps= 51,861  policy_loss=0.0036  value_loss=0.0146  mi_loss=0.0002  mi_valid=0.68  div_loss=0.0001  kl_loss=0.0000 (disabled)  score=0.988  return=1.043  role_std=1.4718  role_norm=3.0501  enc_delta ego=0.0006 partner=0.0010 road=0.0013
[ROMA step 2,515,009,536] sps= 51,866  policy_loss=-0.0003  value_loss=0.0122  mi_loss=0.0002  mi_valid=0.67  div_loss=0.0000  kl_loss=0.0000 (disabled)  score=0.989  return=1.043  role_std=1.4858  role_norm=3.0872  enc_delta ego=0.0008 partner=0.0008 road=0.0013
[ROMA step 2,515,795,968] sps= 51,872  policy_loss=0.0008  value_loss=0.0151  mi_loss=0.0002  mi_valid=0.67  div_loss=-0.0000  kl_loss=0.0000 (disabled)  score=0.989  return=1.043  role_std=1.4940  role_norm=3.1133  enc_delta ego=0.0009 partner=0.0010 road=0.0014
[ROMA step 2,516,582,400] sps= 51,865  policy_loss=0.0023  value_loss=0.0294  mi_loss=0.0002  mi_valid=0.67  div_loss=0.0001  kl_loss=0.0000 (disabled)  score=0.989  return=1.043  role_std=1.4259  role_norm=2.9472  enc_delta ego=0.0008 partner=0.0011 road=0.0013
[ROMA step 2,517,368,832] sps= 51,870  policy_loss=-0.0065  value_loss=0.0188  mi_loss=0.0002  mi_valid=0.68  div_loss=0.0001  kl_loss=0.0000 (disabled)  score=0.989  return=1.043  role_std=1.4155  role_norm=2.9263  enc_delta ego=0.0010 partner=0.0012 road=0.0015
[ROMA step 2,518,155,264] sps= 51,876  policy_loss=0.0009  value_loss=0.0132  mi_loss=0.0002  mi_valid=0.68  div_loss=0.0001  kl_loss=0.0000 (disabled)  score=0.989  return=1.043  role_std=1.4045  role_norm=2.8905  enc_delta ego=0.0010 partner=0.0009 road=0.0015
[ROMA step 2,518,941,696] sps= 51,869  policy_loss=-0.0024  value_loss=0.0248  mi_loss=0.0002  mi_valid=0.67  div_loss=0.0000  kl_loss=0.0000 (disabled)  score=0.989  return=1.043  role_std=1.4048  role_norm=2.9013  enc_delta ego=0.0007 partner=0.0008 road=0.0013
[ROMA step 2,519,728,128] sps= 51,874  policy_loss=-0.0052  value_loss=0.0127  mi_loss=0.0002  mi_valid=0.67  div_loss=0.0000  kl_loss=0.0000 (disabled)  score=0.989  return=1.043  role_std=1.4630  role_norm=2.9892  enc_delta ego=0.0008 partner=0.0009 road=0.0014
[ROMA step 2,520,514,560] sps= 51,880  policy_loss=-0.0049  value_loss=0.0131  mi_loss=0.0002  mi_valid=0.67  div_loss=-0.0000  kl_loss=0.0000 (disabled)  score=0.989  return=1.043  role_std=1.4432  role_norm=2.9775  enc_delta ego=0.0008 partner=0.0008 road=0.0015
[ROMA step 2,521,300,992] sps= 51,885  policy_loss=0.0018  value_loss=0.0124  mi_loss=0.0002  mi_valid=0.67  div_loss=0.0001  kl_loss=0.0000 (disabled)  score=0.989  return=1.043  role_std=1.4641  role_norm=3.0137  enc_delta ego=0.0007 partner=0.0008 road=0.0014
[ROMA step 2,522,087,424] sps= 51,877  policy_loss=-0.0008  value_loss=0.0209  mi_loss=0.0002  mi_valid=0.66  div_loss=0.0000  kl_loss=0.0000 (disabled)  score=0.989  return=1.043  role_std=1.5003  role_norm=3.0630  enc_delta ego=0.0009 partner=0.0009 road=0.0012
[ROMA step 2,522,873,856] sps= 51,882  policy_loss=-0.0040  value_loss=0.0112  mi_loss=0.0002  mi_valid=0.67  div_loss=0.0001  kl_loss=0.0000 (disabled)  score=0.989  return=1.043  role_std=1.4683  role_norm=3.0615  enc_delta ego=0.0009 partner=0.0009 road=0.0013
[ROMA step 2,523,660,288] sps= 51,888  policy_loss=-0.0013  value_loss=0.0112  mi_loss=0.0002  mi_valid=0.67  div_loss=0.0001  kl_loss=0.0000 (disabled)  score=0.989  return=1.044  role_std=1.4610  role_norm=3.0382  enc_delta ego=0.0009 partner=0.0010 road=0.0014
[ROMA step 2,524,446,720] sps= 51,878  policy_loss=-0.0022  value_loss=0.0205  mi_loss=0.0002  mi_valid=0.66  div_loss=0.0001  kl_loss=0.0000 (disabled)  score=0.989  return=1.044  role_std=1.4236  role_norm=3.0381  enc_delta ego=0.0009 partner=0.0008 road=0.0012
[ROMA step 2,525,233,152] sps= 51,883  policy_loss=0.0014  value_loss=0.0158  mi_loss=0.0002  mi_valid=0.68  div_loss=0.0001  kl_loss=0.0000 (disabled)  score=0.989  return=1.044  role_std=1.4303  role_norm=2.9414  enc_delta ego=0.0010 partner=0.0008 road=0.0014
[ROMA step 2,526,019,584] sps= 51,888  policy_loss=-0.0005  value_loss=0.0118  mi_loss=0.0002  mi_valid=0.68  div_loss=0.0000  kl_loss=0.0000 (disabled)  score=0.989  return=1.044  role_std=1.4556  role_norm=3.0145  enc_delta ego=0.0008 partner=0.0008 road=0.0013
[ROMA step 2,526,806,016] sps= 51,894  policy_loss=-0.0062  value_loss=0.0124  mi_loss=0.0002  mi_valid=0.68  div_loss=0.0000  kl_loss=0.0000 (disabled)  score=0.988  return=1.043  role_std=1.4348  role_norm=2.9561  enc_delta ego=0.0007 partner=0.0008 road=0.0014
[ROMA step 2,527,592,448] sps= 51,887  policy_loss=-0.0032  value_loss=0.0205  mi_loss=0.0002  mi_valid=0.67  div_loss=0.0000  kl_loss=0.0000 (disabled)  score=0.988  return=1.043  role_std=1.3786  role_norm=2.8355  enc_delta ego=0.0007 partner=0.0007 road=0.0011
[ROMA step 2,528,378,880] sps= 51,892  policy_loss=0.0019  value_loss=0.0147  mi_loss=0.0002  mi_valid=0.68  div_loss=0.0001  kl_loss=0.0000 (disabled)  score=0.988  return=1.043  role_std=1.3919  role_norm=2.8580  enc_delta ego=0.0007 partner=0.0009 road=0.0013
[ROMA step 2,529,165,312] sps= 51,897  policy_loss=0.0023  value_loss=0.0152  mi_loss=0.0002  mi_valid=0.69  div_loss=0.0000  kl_loss=0.0000 (disabled)  score=0.988  return=1.043  role_std=1.4058  role_norm=2.9012  enc_delta ego=0.0009 partner=0.0009 road=0.0011
[ROMA step 2,529,951,744] sps= 51,891  policy_loss=-0.0044  value_loss=0.0219  mi_loss=0.0002  mi_valid=0.68  div_loss=0.0000  kl_loss=0.0000 (disabled)  score=0.988  return=1.042  role_std=1.4039  role_norm=3.1151  enc_delta ego=0.0008 partner=0.0008 road=0.0010
[ROMA step 2,530,738,176] sps= 51,897  policy_loss=-0.0087  value_loss=0.0160  mi_loss=0.0002  mi_valid=0.70  div_loss=0.0001  kl_loss=0.0000 (disabled)  score=0.988  return=1.042  role_std=1.3930  role_norm=2.8535  enc_delta ego=0.0008 partner=0.0009 road=0.0015
[ROMA step 2,531,524,608] sps= 51,902  policy_loss=-0.0012  value_loss=0.0162  mi_loss=0.0002  mi_valid=0.69  div_loss=0.0002  kl_loss=0.0000 (disabled)  score=0.988  return=1.042  role_std=1.4113  role_norm=2.8768  enc_delta ego=0.0008 partner=0.0010 road=0.0014
[ROMA step 2,532,311,040] sps= 51,908  policy_loss=0.0050  value_loss=0.0163  mi_loss=0.0002  mi_valid=0.69  div_loss=0.0000  kl_loss=0.0000 (disabled)  score=0.988  return=1.041  role_std=1.4287  role_norm=2.9174  enc_delta ego=0.0008 partner=0.0009 road=0.0011
[ROMA step 2,533,097,472] sps= 51,894  policy_loss=0.0003  value_loss=0.0227  mi_loss=0.0002  mi_valid=0.67  div_loss=0.0000  kl_loss=0.0000 (disabled)  score=0.988  return=1.041  role_std=1.4520  role_norm=2.9987  enc_delta ego=0.0008 partner=0.0008 road=0.0011
[ROMA step 2,533,883,904] sps= 51,899  policy_loss=-0.0047  value_loss=0.0155  mi_loss=0.0002  mi_valid=0.68  div_loss=0.0001  kl_loss=0.0000 (disabled)  score=0.988  return=1.042  role_std=1.4519  role_norm=2.9610  enc_delta ego=0.0009 partner=0.0009 road=0.0013
[ROMA step 2,534,670,336] sps= 51,905  policy_loss=0.0027  value_loss=0.0144  mi_loss=0.0002  mi_valid=0.68  div_loss=0.0001  kl_loss=0.0000 (disabled)  score=0.988  return=1.042  role_std=1.4162  role_norm=2.9214  enc_delta ego=0.0007 partner=0.0008 road=0.0014
[ROMA step 2,535,456,768] sps= 51,910  policy_loss=-0.0003  value_loss=0.0128  mi_loss=0.0002  mi_valid=0.68  div_loss=0.0003  kl_loss=0.0000 (disabled)  score=0.988  return=1.043  role_std=1.4178  role_norm=2.9114  enc_delta ego=0.0010 partner=0.0007 road=0.0012
[ROMA step 2,536,243,200] sps= 51,902  policy_loss=0.0062  value_loss=0.0215  mi_loss=0.0002  mi_valid=0.67  div_loss=0.0004  kl_loss=0.0000 (disabled)  score=0.988  return=1.043  role_std=1.4304  role_norm=2.9334  enc_delta ego=0.0007 partner=0.0007 road=0.0011
[ROMA step 2,537,029,632] sps= 51,908  policy_loss=-0.0041  value_loss=0.0115  mi_loss=0.0002  mi_valid=0.68  div_loss=0.0003  kl_loss=0.0000 (disabled)  score=0.988  return=1.043  role_std=1.4456  role_norm=2.9805  enc_delta ego=0.0006 partner=0.0008 road=0.0011
[ROMA step 2,537,816,064] sps= 51,913  policy_loss=-0.0032  value_loss=0.0129  mi_loss=0.0002  mi_valid=0.68  div_loss=0.0001  kl_loss=0.0000 (disabled)  score=0.988  return=1.042  role_std=1.4378  role_norm=2.9737  enc_delta ego=0.0007 partner=0.0008 road=0.0011
[ROMA step 2,538,602,496] sps= 51,902  policy_loss=-0.0061  value_loss=0.0208  mi_loss=0.0002  mi_valid=0.66  div_loss=0.0000  kl_loss=0.0000 (disabled)  score=0.988  return=1.042  role_std=1.4883  role_norm=3.0648  enc_delta ego=0.0009 partner=0.0007 road=0.0011
[ROMA step 2,539,388,928] sps= 51,907  policy_loss=0.0055  value_loss=0.0106  mi_loss=0.0002  mi_valid=0.68  div_loss=0.0001  kl_loss=0.0000 (disabled)  score=0.988  return=1.042  role_std=1.4771  role_norm=3.0561  enc_delta ego=0.0007 partner=0.0008 road=0.0016
[ROMA step 2,540,175,360] sps= 51,912  policy_loss=-0.0093  value_loss=0.0085  mi_loss=0.0002  mi_valid=0.68  div_loss=0.0001  kl_loss=0.0000 (disabled)  score=0.988  return=1.042  role_std=1.4636  role_norm=3.0023  enc_delta ego=0.0009 partner=0.0006 road=0.0014
[ROMA step 2,540,961,792] sps= 51,917  policy_loss=-0.0024  value_loss=0.0098  mi_loss=0.0002  mi_valid=0.67  div_loss=0.0000  kl_loss=0.0000 (disabled)  score=0.988  return=1.042  role_std=1.4609  role_norm=3.0271  enc_delta ego=0.0007 partner=0.0007 road=0.0012
[ROMA step 2,541,748,224] sps= 51,910  policy_loss=-0.0012  value_loss=0.0221  mi_loss=0.0002  mi_valid=0.66  div_loss=0.0003  kl_loss=0.0000 (disabled)  score=0.988  return=1.042  role_std=1.4350  role_norm=2.9538  enc_delta ego=0.0010 partner=0.0009 road=0.0014
[ROMA step 2,542,534,656] sps= 51,915  policy_loss=-0.0032  value_loss=0.0108  mi_loss=0.0002  mi_valid=0.67  div_loss=0.0001  kl_loss=0.0000 (disabled)  score=0.988  return=1.042  role_std=1.4237  role_norm=2.8957  enc_delta ego=0.0008 partner=0.0008 road=0.0012
[ROMA step 2,543,321,088] sps= 51,920  policy_loss=-0.0036  value_loss=0.0122  mi_loss=0.0002  mi_valid=0.67  div_loss=0.0000  kl_loss=0.0000 (disabled)  score=0.988  return=1.042  role_std=1.4314  role_norm=2.9279  enc_delta ego=0.0010 partner=0.0008 road=0.0015
[ROMA step 2,544,107,520] sps= 51,914  policy_loss=-0.0019  value_loss=0.0237  mi_loss=0.0002  mi_valid=0.66  div_loss=0.0002  kl_loss=0.0000 (disabled)  score=0.988  return=1.042  role_std=1.4197  role_norm=2.9030  enc_delta ego=0.0008 partner=0.0008 road=0.0013
[ROMA step 2,544,893,952] sps= 51,919  policy_loss=-0.0018  value_loss=0.0145  mi_loss=0.0002  mi_valid=0.68  div_loss=0.0002  kl_loss=0.0000 (disabled)  score=0.988  return=1.042  role_std=1.4390  role_norm=2.9864  enc_delta ego=0.0010 partner=0.0009 road=0.0013
[ROMA step 2,545,680,384] sps= 51,925  policy_loss=-0.0075  value_loss=0.0138  mi_loss=0.0002  mi_valid=0.68  div_loss=0.0001  kl_loss=0.0000 (disabled)  score=0.988  return=1.042  role_std=1.4457  role_norm=2.9989  enc_delta ego=0.0008 partner=0.0008 road=0.0011
[ROMA step 2,546,466,816] sps= 51,930  policy_loss=-0.0002  value_loss=0.0126  mi_loss=0.0002  mi_valid=0.68  div_loss=0.0000  kl_loss=0.0000 (disabled)  score=0.988  return=1.043  role_std=1.4310  role_norm=2.9578  enc_delta ego=0.0008 partner=0.0008 road=0.0012
[ROMA step 2,547,253,248] sps= 51,920  policy_loss=-0.0006  value_loss=0.0235  mi_loss=0.0002  mi_valid=0.67  div_loss=0.0002  kl_loss=0.0000 (disabled)  score=0.988  return=1.043  role_std=1.4171  role_norm=2.9356  enc_delta ego=0.0008 partner=0.0008 road=0.0011
[ROMA step 2,548,039,680] sps= 51,926  policy_loss=-0.0047  value_loss=0.0191  mi_loss=0.0002  mi_valid=0.68  div_loss=0.0000  kl_loss=0.0000 (disabled)  score=0.988  return=1.044  role_std=1.4009  role_norm=2.9224  enc_delta ego=0.0009 partner=0.0008 road=0.0014
[ROMA step 2,548,826,112] sps= 51,931  policy_loss=0.0083  value_loss=0.0187  mi_loss=0.0002  mi_valid=0.68  div_loss=0.0004  kl_loss=0.0000 (disabled)  score=0.988  return=1.044  role_std=1.4251  role_norm=2.9412  enc_delta ego=0.0009 partner=0.0009 road=0.0010
[ROMA step 2,549,612,544] sps= 51,920  policy_loss=0.0007  value_loss=0.0242  mi_loss=0.0002  mi_valid=0.67  div_loss=0.0001  kl_loss=0.0000 (disabled)  score=0.988  return=1.045  role_std=1.4466  role_norm=3.0926  enc_delta ego=0.0006 partner=0.0008 road=0.0011
[ROMA step 2,550,398,976] sps= 51,925  policy_loss=0.0016  value_loss=0.0121  mi_loss=0.0002  mi_valid=0.66  div_loss=0.0001  kl_loss=0.0000 (disabled)  score=0.989  return=1.045  role_std=1.4633  role_norm=3.0380  enc_delta ego=0.0006 partner=0.0008 road=0.0013
[ROMA step 2,551,185,408] sps= 51,930  policy_loss=0.0039  value_loss=0.0145  mi_loss=0.0002  mi_valid=0.66  div_loss=0.0002  kl_loss=0.0000 (disabled)  score=0.989  return=1.046  role_std=1.4759  role_norm=3.0422  enc_delta ego=0.0005 partner=0.0008 road=0.0011
[ROMA step 2,551,971,840] sps= 51,936  policy_loss=-0.0002  value_loss=0.0091  mi_loss=0.0002  mi_valid=0.66  div_loss=0.0001  kl_loss=0.0000 (disabled)  score=0.989  return=1.046  role_std=1.4697  role_norm=3.0084  enc_delta ego=0.0006 partner=0.0007 road=0.0010
[ROMA step 2,552,758,272] sps= 51,927  policy_loss=-0.0010  value_loss=0.0227  mi_loss=0.0002  mi_valid=0.66  div_loss=0.0001  kl_loss=0.0000 (disabled)  score=0.989  return=1.045  role_std=1.4687  role_norm=3.0136  enc_delta ego=0.0010 partner=0.0007 road=0.0012
[ROMA step 2,553,544,704] sps= 51,933  policy_loss=0.0002  value_loss=0.0129  mi_loss=0.0002  mi_valid=0.68  div_loss=0.0000  kl_loss=0.0000 (disabled)  score=0.989  return=1.045  role_std=1.4364  role_norm=2.9493  enc_delta ego=0.0011 partner=0.0008 road=0.0013
[ROMA step 2,554,331,136] sps= 51,938  policy_loss=-0.0007  value_loss=0.0104  mi_loss=0.0002  mi_valid=0.67  div_loss=0.0000  kl_loss=0.0000 (disabled)  score=0.989  return=1.045  role_std=1.4503  role_norm=3.0080  enc_delta ego=0.0009 partner=0.0008 road=0.0011
[ROMA step 2,555,117,568] sps= 51,929  policy_loss=-0.0072  value_loss=0.0224  mi_loss=0.0002  mi_valid=0.66  div_loss=0.0001  kl_loss=0.0000 (disabled)  score=0.989  return=1.045  role_std=1.4803  role_norm=3.1545  enc_delta ego=0.0012 partner=0.0007 road=0.0011
[ROMA step 2,555,904,000] sps= 51,935  policy_loss=-0.0038  value_loss=0.0117  mi_loss=0.0002  mi_valid=0.68  div_loss=0.0000  kl_loss=0.0000 (disabled)  score=0.989  return=1.045  role_std=1.4533  role_norm=2.9964  enc_delta ego=0.0006 partner=0.0009 road=0.0012
[ROMA step 2,556,690,432] sps= 51,940  policy_loss=-0.0038  value_loss=0.0102  mi_loss=0.0002  mi_valid=0.67  div_loss=0.0002  kl_loss=0.0000 (disabled)  score=0.989  return=1.045  role_std=1.4320  role_norm=2.9703  enc_delta ego=0.0007 partner=0.0008 road=0.0010
[ROMA step 2,557,476,864] sps= 51,945  policy_loss=-0.0045  value_loss=0.0101  mi_loss=0.0002  mi_valid=0.67  div_loss=0.0000  kl_loss=0.0000 (disabled)  score=0.989  return=1.045  role_std=1.4545  role_norm=3.0464  enc_delta ego=0.0007 partner=0.0008 road=0.0012
[ROMA step 2,558,263,296] sps= 51,938  policy_loss=-0.0003  value_loss=0.0214  mi_loss=0.0002  mi_valid=0.66  div_loss=0.0001  kl_loss=0.0000 (disabled)  score=0.989  return=1.045  role_std=1.4113  role_norm=2.9487  enc_delta ego=0.0006 partner=0.0007 road=0.0010
[ROMA step 2,559,049,728] sps= 51,943  policy_loss=-0.0021  value_loss=0.0135  mi_loss=0.0002  mi_valid=0.67  div_loss=-0.0000  kl_loss=0.0000 (disabled)  score=0.989  return=1.045  role_std=1.4249  role_norm=2.9222  enc_delta ego=0.0008 partner=0.0008 road=0.0013
[ROMA step 2,559,836,160] sps= 51,948  policy_loss=0.0023  value_loss=0.0153  mi_loss=0.0002  mi_valid=0.67  div_loss=0.0002  kl_loss=0.0000 (disabled)  score=0.989  return=1.046  role_std=1.4208  role_norm=2.9389  enc_delta ego=0.0006 partner=0.0009 road=0.0013
[ROMA step 2,560,622,592] sps= 51,953  policy_loss=-0.0053  value_loss=0.0143  mi_loss=0.0002  mi_valid=0.67  div_loss=0.0001  kl_loss=0.0000 (disabled)  score=0.989  return=1.046  role_std=1.4008  role_norm=2.8952  enc_delta ego=0.0006 partner=0.0009 road=0.0010
[ROMA step 2,561,409,024] sps= 51,945  policy_loss=0.0015  value_loss=0.0203  mi_loss=0.0002  mi_valid=0.64  div_loss=0.0000  kl_loss=0.0000 (disabled)  score=0.989  return=1.046  role_std=1.4491  role_norm=2.9954  enc_delta ego=0.0009 partner=0.0008 road=0.0011
[ROMA step 2,562,195,456] sps= 51,950  policy_loss=-0.0004  value_loss=0.0127  mi_loss=0.0002  mi_valid=0.66  div_loss=0.0000  kl_loss=0.0000 (disabled)  score=0.989  return=1.047  role_std=1.4379  role_norm=2.9900  enc_delta ego=0.0006 partner=0.0007 road=0.0011
[ROMA step 2,562,981,888] sps= 51,955  policy_loss=0.0021  value_loss=0.0106  mi_loss=0.0002  mi_valid=0.65  div_loss=0.0001  kl_loss=0.0000 (disabled)  score=0.989  return=1.047  role_std=1.4789  role_norm=3.0531  enc_delta ego=0.0008 partner=0.0007 road=0.0011
[ROMA step 2,563,768,320] sps= 51,945  policy_loss=0.0020  value_loss=0.0207  mi_loss=0.0002  mi_valid=0.65  div_loss=0.0000  kl_loss=0.0000 (disabled)  score=0.990  return=1.047  role_std=1.4827  role_norm=3.1172  enc_delta ego=0.0006 partner=0.0008 road=0.0010
[ROMA step 2,564,554,752] sps= 51,950  policy_loss=-0.0003  value_loss=0.0166  mi_loss=0.0002  mi_valid=0.67  div_loss=0.0000  kl_loss=0.0000 (disabled)  score=0.990  return=1.048  role_std=1.4818  role_norm=3.0752  enc_delta ego=0.0009 partner=0.0008 road=0.0012
[ROMA step 2,565,341,184] sps= 51,955  policy_loss=-0.0027  value_loss=0.0095  mi_loss=0.0002  mi_valid=0.67  div_loss=0.0000  kl_loss=0.0000 (disabled)  score=0.990  return=1.048  role_std=1.4653  role_norm=3.0284  enc_delta ego=0.0010 partner=0.0008 road=0.0012
[ROMA step 2,566,127,616] sps= 51,961  policy_loss=0.0025  value_loss=0.0099  mi_loss=0.0002  mi_valid=0.67  div_loss=0.0001  kl_loss=0.0000 (disabled)  score=0.990  return=1.047  role_std=1.4480  role_norm=3.0197  enc_delta ego=0.0009 partner=0.0009 road=0.0012
[ROMA step 2,566,914,048] sps= 51,950  policy_loss=-0.0080  value_loss=0.0224  mi_loss=0.0002  mi_valid=0.66  div_loss=0.0000  kl_loss=0.0000 (disabled)  score=0.990  return=1.048  role_std=1.4400  role_norm=3.0333  enc_delta ego=0.0008 partner=0.0007 road=0.0012
[ROMA step 2,567,700,480] sps= 51,955  policy_loss=-0.0040  value_loss=0.0163  mi_loss=0.0002  mi_valid=0.67  div_loss=0.0001  kl_loss=0.0000 (disabled)  score=0.989  return=1.047  role_std=1.4175  role_norm=2.9476  enc_delta ego=0.0009 partner=0.0008 road=0.0014
[ROMA step 2,568,486,912] sps= 51,960  policy_loss=-0.0009  value_loss=0.0118  mi_loss=0.0002  mi_valid=0.68  div_loss=0.0001  kl_loss=0.0000 (disabled)  score=0.989  return=1.047  role_std=1.4189  role_norm=2.9111  enc_delta ego=0.0008 partner=0.0008 road=0.0012
[ROMA step 2,569,273,344] sps= 51,945  policy_loss=0.0007  value_loss=0.0245  mi_loss=0.0002  mi_valid=0.67  div_loss=0.0001  kl_loss=0.0000 (disabled)  score=0.989  return=1.048  role_std=1.3575  role_norm=2.7794  enc_delta ego=0.0007 partner=0.0007 road=0.0011
[ROMA step 2,570,059,776] sps= 51,951  policy_loss=-0.0035  value_loss=0.0137  mi_loss=0.0002  mi_valid=0.68  div_loss=0.0009  kl_loss=0.0000 (disabled)  score=0.989  return=1.048  role_std=1.4185  role_norm=2.9242  enc_delta ego=0.0010 partner=0.0011 road=0.0013
[ROMA step 2,570,846,208] sps= 51,956  policy_loss=-0.0018  value_loss=0.0144  mi_loss=0.0002  mi_valid=0.68  div_loss=-0.0000  kl_loss=0.0000 (disabled)  score=0.989  return=1.048  role_std=1.4119  role_norm=2.9080  enc_delta ego=0.0008 partner=0.0010 road=0.0012
[ROMA step 2,571,632,640] sps= 51,961  policy_loss=0.0006  value_loss=0.0123  mi_loss=0.0002  mi_valid=0.68  div_loss=-0.0000  kl_loss=0.0000 (disabled)  score=0.990  return=1.048  role_std=1.4167  role_norm=2.9365  enc_delta ego=0.0007 partner=0.0010 road=0.0011
[ROMA step 2,572,419,072] sps= 51,952  policy_loss=0.0042  value_loss=0.0272  mi_loss=0.0002  mi_valid=0.66  div_loss=0.0004  kl_loss=0.0000 (disabled)  score=0.990  return=1.048  role_std=1.4603  role_norm=3.0280  enc_delta ego=0.0007 partner=0.0010 road=0.0012
[ROMA step 2,573,205,504] sps= 51,957  policy_loss=0.0056  value_loss=0.0219  mi_loss=0.0002  mi_valid=0.67  div_loss=0.0000  kl_loss=0.0000 (disabled)  score=0.990  return=1.048  role_std=1.4570  role_norm=2.9949  enc_delta ego=0.0007 partner=0.0010 road=0.0013
[ROMA step 2,573,991,936] sps= 51,962  policy_loss=-0.0043  value_loss=0.0155  mi_loss=0.0002  mi_valid=0.67  div_loss=0.0001  kl_loss=0.0000 (disabled)  score=0.990  return=1.048  role_std=1.4568  role_norm=3.0037  enc_delta ego=0.0006 partner=0.0009 road=0.0012
[ROMA step 2,574,778,368] sps= 51,951  policy_loss=-0.0019  value_loss=0.0262  mi_loss=0.0002  mi_valid=0.66  div_loss=0.0001  kl_loss=0.0000 (disabled)  score=0.990  return=1.048  role_std=1.4348  role_norm=3.0384  enc_delta ego=0.0006 partner=0.0008 road=0.0011
[ROMA step 2,575,564,800] sps= 51,956  policy_loss=-0.0008  value_loss=0.0184  mi_loss=0.0002  mi_valid=0.66  div_loss=0.0002  kl_loss=0.0000 (disabled)  score=0.990  return=1.048  role_std=1.4252  role_norm=2.9450  enc_delta ego=0.0011 partner=0.0010 road=0.0016
[ROMA step 2,576,351,232] sps= 51,961  policy_loss=0.0077  value_loss=0.0199  mi_loss=0.0002  mi_valid=0.67  div_loss=0.0000  kl_loss=0.0000 (disabled)  score=0.990  return=1.048  role_std=1.4398  role_norm=2.9596  enc_delta ego=0.0007 partner=0.0008 road=0.0014
[ROMA step 2,577,137,664] sps= 51,966  policy_loss=-0.0005  value_loss=0.0143  mi_loss=0.0002  mi_valid=0.67  div_loss=0.0001  kl_loss=0.0000 (disabled)  score=0.990  return=1.048  role_std=1.4257  role_norm=2.9258  enc_delta ego=0.0007 partner=0.0008 road=0.0011
[ROMA step 2,577,924,096] sps= 51,957  policy_loss=-0.0020  value_loss=0.0222  mi_loss=0.0002  mi_valid=0.66  div_loss=0.0004  kl_loss=0.0000 (disabled)  score=0.990  return=1.048  role_std=1.4219  role_norm=2.9188  enc_delta ego=0.0008 partner=0.0007 road=0.0010
[ROMA step 2,578,710,528] sps= 51,962  policy_loss=0.0025  value_loss=0.0144  mi_loss=0.0002  mi_valid=0.68  div_loss=0.0000  kl_loss=0.0000 (disabled)  score=0.990  return=1.048  role_std=1.4253  role_norm=2.9614  enc_delta ego=0.0006 partner=0.0007 road=0.0011
[ROMA step 2,579,496,960] sps= 51,967  policy_loss=0.0017  value_loss=0.0107  mi_loss=0.0002  mi_valid=0.68  div_loss=0.0001  kl_loss=0.0000 (disabled)  score=0.990  return=1.048  role_std=1.4435  role_norm=3.0058  enc_delta ego=0.0007 partner=0.0007 road=0.0010
[ROMA step 2,580,283,392] sps= 51,956  policy_loss=0.0004  value_loss=0.0211  mi_loss=0.0002  mi_valid=0.66  div_loss=-0.0000  kl_loss=0.0000 (disabled)  score=0.990  return=1.048  role_std=1.4894  role_norm=3.1197  enc_delta ego=0.0006 partner=0.0006 road=0.0011
[ROMA step 2,581,069,824] sps= 51,961  policy_loss=-0.0011  value_loss=0.0090  mi_loss=0.0002  mi_valid=0.69  div_loss=0.0000  kl_loss=0.0000 (disabled)  score=0.990  return=1.048  role_std=1.4738  role_norm=3.0593  enc_delta ego=0.0006 partner=0.0006 road=0.0011
[ROMA step 2,581,856,256] sps= 51,966  policy_loss=-0.0012  value_loss=0.0093  mi_loss=0.0002  mi_valid=0.68  div_loss=-0.0000  kl_loss=0.0000 (disabled)  score=0.990  return=1.048  role_std=1.4560  role_norm=3.0296  enc_delta ego=0.0009 partner=0.0007 road=0.0012
[ROMA step 2,582,642,688] sps= 51,972  policy_loss=-0.0067  value_loss=0.0080  mi_loss=0.0002  mi_valid=0.68  div_loss=0.0000  kl_loss=0.0000 (disabled)  score=0.990  return=1.047  role_std=1.4177  role_norm=2.9835  enc_delta ego=0.0006 partner=0.0007 road=0.0010
[ROMA step 2,583,429,120] sps= 51,962  policy_loss=-0.0007  value_loss=0.0203  mi_loss=0.0002  mi_valid=0.66  div_loss=0.0001  kl_loss=0.0000 (disabled)  score=0.990  return=1.047  role_std=1.4227  role_norm=2.9741  enc_delta ego=0.0006 partner=0.0007 road=0.0010
[ROMA step 2,584,215,552] sps= 51,967  policy_loss=0.0006  value_loss=0.0126  mi_loss=0.0002  mi_valid=0.67  div_loss=0.0004  kl_loss=0.0000 (disabled)  score=0.990  return=1.046  role_std=1.4401  role_norm=2.9407  enc_delta ego=0.0007 partner=0.0008 road=0.0013
[ROMA step 2,585,001,984] sps= 51,972  policy_loss=-0.0046  value_loss=0.0109  mi_loss=0.0002  mi_valid=0.67  div_loss=0.0001  kl_loss=0.0000 (disabled)  score=0.990  return=1.045  role_std=1.4623  role_norm=3.0559  enc_delta ego=0.0007 partner=0.0008 road=0.0013
[ROMA step 2,585,788,416] sps= 51,978  policy_loss=-0.0021  value_loss=0.0127  mi_loss=0.0002  mi_valid=0.67  div_loss=0.0000  kl_loss=0.0000 (disabled)  score=0.990  return=1.045  role_std=1.4382  role_norm=2.9553  enc_delta ego=0.0006 partner=0.0009 road=0.0013
[ROMA step 2,586,574,848] sps= 51,972  policy_loss=-0.0011  value_loss=0.0243  mi_loss=0.0002  mi_valid=0.67  div_loss=0.0002  kl_loss=0.0000 (disabled)  score=0.990  return=1.044  role_std=1.4364  role_norm=2.9839  enc_delta ego=0.0010 partner=0.0008 road=0.0013
[ROMA step 2,587,361,280] sps= 51,977  policy_loss=-0.0105  value_loss=0.0142  mi_loss=0.0002  mi_valid=0.68  div_loss=0.0003  kl_loss=0.0000 (disabled)  score=0.989  return=1.044  role_std=1.4356  role_norm=3.0033  enc_delta ego=0.0007 partner=0.0008 road=0.0013
[ROMA step 2,588,147,712] sps= 51,982  policy_loss=-0.0008  value_loss=0.0136  mi_loss=0.0002  mi_valid=0.68  div_loss=0.0001  kl_loss=0.0000 (disabled)  score=0.989  return=1.044  role_std=1.4204  role_norm=3.0007  enc_delta ego=0.0009 partner=0.0008 road=0.0013
[ROMA step 2,588,934,144] sps= 51,975  policy_loss=-0.0022  value_loss=0.0268  mi_loss=0.0002  mi_valid=0.67  div_loss=0.0000  kl_loss=0.0000 (disabled)  score=0.989  return=1.044  role_std=1.4493  role_norm=3.0207  enc_delta ego=0.0007 partner=0.0009 road=0.0012
[ROMA step 2,589,720,576] sps= 51,980  policy_loss=-0.0022  value_loss=0.0173  mi_loss=0.0002  mi_valid=0.68  div_loss=0.0001  kl_loss=0.0000 (disabled)  score=0.989  return=1.044  role_std=1.4327  role_norm=2.9474  enc_delta ego=0.0008 partner=0.0010 road=0.0015
[ROMA step 2,590,507,008] sps= 51,985  policy_loss=-0.0062  value_loss=0.0121  mi_loss=0.0002  mi_valid=0.68  div_loss=0.0001  kl_loss=0.0000 (disabled)  score=0.989  return=1.043  role_std=1.4198  role_norm=2.9059  enc_delta ego=0.0007 partner=0.0010 road=0.0013
[ROMA step 2,591,293,440] sps= 51,990  policy_loss=0.0004  value_loss=0.0155  mi_loss=0.0002  mi_valid=0.67  div_loss=0.0000  kl_loss=0.0000 (disabled)  score=0.989  return=1.044  role_std=1.4308  role_norm=2.9431  enc_delta ego=0.0008 partner=0.0010 road=0.0014
[ROMA step 2,592,079,872] sps= 51,983  policy_loss=-0.0093  value_loss=0.0211  mi_loss=0.0002  mi_valid=0.66  div_loss=0.0001  kl_loss=0.0000 (disabled)  score=0.989  return=1.043  role_std=1.4096  role_norm=2.8980  enc_delta ego=0.0006 partner=0.0007 road=0.0011
[ROMA step 2,592,866,304] sps= 51,988  policy_loss=-0.0056  value_loss=0.0126  mi_loss=0.0002  mi_valid=0.67  div_loss=0.0000  kl_loss=0.0000 (disabled)  score=0.989  return=1.043  role_std=1.4041  role_norm=2.8836  enc_delta ego=0.0008 partner=0.0009 road=0.0011
[ROMA step 2,593,652,736] sps= 51,993  policy_loss=0.0021  value_loss=0.0154  mi_loss=0.0002  mi_valid=0.68  div_loss=0.0001  kl_loss=0.0000 (disabled)  score=0.989  return=1.043  role_std=1.4100  role_norm=2.8876  enc_delta ego=0.0007 partner=0.0009 road=0.0014
[ROMA step 2,594,439,168] sps= 51,987  policy_loss=-0.0003  value_loss=0.0234  mi_loss=0.0002  mi_valid=0.66  div_loss=0.0001  kl_loss=0.0000 (disabled)  score=0.989  return=1.043  role_std=1.4304  role_norm=2.9201  enc_delta ego=0.0006 partner=0.0008 road=0.0012
[ROMA step 2,595,225,600] sps= 51,992  policy_loss=0.0022  value_loss=0.0198  mi_loss=0.0002  mi_valid=0.67  div_loss=0.0000  kl_loss=0.0000 (disabled)  score=0.989  return=1.043  role_std=1.4656  role_norm=3.0237  enc_delta ego=0.0006 partner=0.0009 road=0.0011
[ROMA step 2,596,012,032] sps= 51,997  policy_loss=-0.0009  value_loss=0.0195  mi_loss=0.0002  mi_valid=0.67  div_loss=0.0000  kl_loss=0.0000 (disabled)  score=0.989  return=1.042  role_std=1.4844  role_norm=3.0493  enc_delta ego=0.0008 partner=0.0010 road=0.0012
[ROMA step 2,596,798,464] sps= 52,002  policy_loss=-0.0011  value_loss=0.0195  mi_loss=0.0002  mi_valid=0.67  div_loss=0.0000  kl_loss=0.0000 (disabled)  score=0.989  return=1.042  role_std=1.4809  role_norm=3.0486  enc_delta ego=0.0007 partner=0.0009 road=0.0012
[ROMA step 2,597,584,896] sps= 51,993  policy_loss=0.0085  value_loss=0.0258  mi_loss=0.0002  mi_valid=0.66  div_loss=0.0001  kl_loss=0.0000 (disabled)  score=0.989  return=1.042  role_std=1.4727  role_norm=3.0694  enc_delta ego=0.0009 partner=0.0007 road=0.0011
[ROMA step 2,598,371,328] sps= 51,998  policy_loss=0.0036  value_loss=0.0172  mi_loss=0.0002  mi_valid=0.68  div_loss=0.0001  kl_loss=0.0000 (disabled)  score=0.989  return=1.042  role_std=1.4749  role_norm=3.0711  enc_delta ego=0.0008 partner=0.0009 road=0.0011
[ROMA step 2,599,157,760] sps= 52,003  policy_loss=-0.0069  value_loss=0.0137  mi_loss=0.0002  mi_valid=0.67  div_loss=0.0001  kl_loss=0.0000 (disabled)  score=0.989  return=1.041  role_std=1.4632  role_norm=3.0540  enc_delta ego=0.0008 partner=0.0009 road=0.0012
[ROMA step 2,599,944,192] sps= 51,995  policy_loss=0.0018  value_loss=0.0230  mi_loss=0.0002  mi_valid=0.66  div_loss=0.0002  kl_loss=0.0000 (disabled)  score=0.989  return=1.041  role_std=1.4520  role_norm=3.0871  enc_delta ego=0.0009 partner=0.0007 road=0.0011
[ROMA step 2,600,730,624] sps= 52,000  policy_loss=-0.0003  value_loss=0.0171  mi_loss=0.0002  mi_valid=0.67  div_loss=0.0003  kl_loss=0.0000 (disabled)  score=0.989  return=1.042  role_std=1.4433  role_norm=3.0130  enc_delta ego=0.0008 partner=0.0012 road=0.0014
[ROMA step 2,601,517,056] sps= 52,006  policy_loss=0.0006  value_loss=0.0135  mi_loss=0.0002  mi_valid=0.68  div_loss=0.0000  kl_loss=0.0000 (disabled)  score=0.989  return=1.042  role_std=1.4485  role_norm=3.0114  enc_delta ego=0.0006 partner=0.0008 road=0.0011
[ROMA step 2,602,303,488] sps= 52,011  policy_loss=-0.0051  value_loss=0.0130  mi_loss=0.0002  mi_valid=0.68  div_loss=0.0000  kl_loss=0.0000 (disabled)  score=0.989  return=1.043  role_std=1.4210  role_norm=2.9565  enc_delta ego=0.0008 partner=0.0010 road=0.0012
[ROMA step 2,603,089,920] sps= 52,002  policy_loss=0.0032  value_loss=0.0240  mi_loss=0.0002  mi_valid=0.67  div_loss=0.0004  kl_loss=0.0000 (disabled)  score=0.989  return=1.043  role_std=1.4384  role_norm=2.9943  enc_delta ego=0.0006 partner=0.0007 road=0.0009
[ROMA step 2,603,876,352] sps= 52,007  policy_loss=0.0050  value_loss=0.0185  mi_loss=0.0002  mi_valid=0.68  div_loss=0.0001  kl_loss=0.0000 (disabled)  score=0.989  return=1.043  role_std=1.4256  role_norm=2.9827  enc_delta ego=0.0006 partner=0.0009 road=0.0011
[ROMA step 2,604,662,784] sps= 52,012  policy_loss=0.0033  value_loss=0.0139  mi_loss=0.0002  mi_valid=0.68  div_loss=0.0001  kl_loss=0.0000 (disabled)  score=0.989  return=1.043  role_std=1.4278  role_norm=3.0006  enc_delta ego=0.0006 partner=0.0009 road=0.0011
[ROMA step 2,605,449,216] sps= 52,002  policy_loss=0.0008  value_loss=0.0208  mi_loss=0.0002  mi_valid=0.66  div_loss=0.0001  kl_loss=0.0000 (disabled)  score=0.990  return=1.044  role_std=1.4674  role_norm=3.0578  enc_delta ego=0.0006 partner=0.0007 road=0.0009
[ROMA step 2,606,235,648] sps= 52,007  policy_loss=-0.0056  value_loss=0.0153  mi_loss=0.0002  mi_valid=0.68  div_loss=0.0006  kl_loss=0.0000 (disabled)  score=0.990  return=1.044  role_std=1.4666  role_norm=3.0473  enc_delta ego=0.0007 partner=0.0009 road=0.0015
[ROMA step 2,607,022,080] sps= 52,012  policy_loss=0.0029  value_loss=0.0156  mi_loss=0.0002  mi_valid=0.67  div_loss=0.0000  kl_loss=0.0000 (disabled)  score=0.989  return=1.044  role_std=1.4552  role_norm=3.0572  enc_delta ego=0.0008 partner=0.0009 road=0.0015
[ROMA step 2,607,808,512] sps= 52,017  policy_loss=0.0013  value_loss=0.0146  mi_loss=0.0002  mi_valid=0.67  div_loss=0.0000  kl_loss=0.0000 (disabled)  score=0.989  return=1.044  role_std=1.4522  role_norm=3.0855  enc_delta ego=0.0007 partner=0.0008 road=0.0013
[ROMA step 2,608,594,944] sps= 52,008  policy_loss=0.0063  value_loss=0.0258  mi_loss=0.0002  mi_valid=0.66  div_loss=0.0002  kl_loss=0.0000 (disabled)  score=0.989  return=1.044  role_std=1.4149  role_norm=3.0259  enc_delta ego=0.0007 partner=0.0007 road=0.0012
[ROMA step 2,609,381,376] sps= 52,014  policy_loss=-0.0065  value_loss=0.0129  mi_loss=0.0002  mi_valid=0.68  div_loss=0.0001  kl_loss=0.0000 (disabled)  score=0.989  return=1.043  role_std=1.4339  role_norm=3.0209  enc_delta ego=0.0009 partner=0.0008 road=0.0012
[ROMA step 2,610,167,808] sps= 52,019  policy_loss=0.0033  value_loss=0.0137  mi_loss=0.0002  mi_valid=0.68  div_loss=0.0000  kl_loss=0.0000 (disabled)  score=0.989  return=1.043  role_std=1.4445  role_norm=3.0305  enc_delta ego=0.0009 partner=0.0006 road=0.0013
[ROMA step 2,610,954,240] sps= 52,024  policy_loss=-0.0058  value_loss=0.0104  mi_loss=0.0002  mi_valid=0.68  div_loss=0.0003  kl_loss=0.0000 (disabled)  score=0.989  return=1.043  role_std=1.4458  role_norm=3.0304  enc_delta ego=0.0008 partner=0.0006 road=0.0011
[ROMA step 2,611,740,672] sps= 52,016  policy_loss=-0.0055  value_loss=0.0240  mi_loss=0.0002  mi_valid=0.67  div_loss=0.0000  kl_loss=0.0000 (disabled)  score=0.989  return=1.043  role_std=1.3699  role_norm=2.8677  enc_delta ego=0.0007 partner=0.0006 road=0.0011
[ROMA step 2,612,527,104] sps= 52,021  policy_loss=-0.0002  value_loss=0.0171  mi_loss=0.0002  mi_valid=0.68  div_loss=0.0000  kl_loss=0.0000 (disabled)  score=0.989  return=1.043  role_std=1.3618  role_norm=2.8621  enc_delta ego=0.0009 partner=0.0008 road=0.0011
[ROMA step 2,613,313,536] sps= 52,026  policy_loss=-0.0058  value_loss=0.0131  mi_loss=0.0002  mi_valid=0.69  div_loss=0.0001  kl_loss=0.0000 (disabled)  score=0.989  return=1.044  role_std=1.3709  role_norm=2.8791  enc_delta ego=0.0007 partner=0.0007 road=0.0011
[ROMA step 2,614,099,968] sps= 52,018  policy_loss=-0.0008  value_loss=0.0201  mi_loss=0.0002  mi_valid=0.67  div_loss=0.0000  kl_loss=0.0000 (disabled)  score=0.989  return=1.044  role_std=1.4671  role_norm=3.0676  enc_delta ego=0.0006 partner=0.0006 road=0.0010
[ROMA step 2,614,886,400] sps= 52,023  policy_loss=0.0000  value_loss=0.0132  mi_loss=0.0002  mi_valid=0.67  div_loss=0.0000  kl_loss=0.0000 (disabled)  score=0.989  return=1.044  role_std=1.4258  role_norm=3.0049  enc_delta ego=0.0006 partner=0.0007 road=0.0012
[ROMA step 2,615,672,832] sps= 52,028  policy_loss=-0.0019  value_loss=0.0107  mi_loss=0.0002  mi_valid=0.67  div_loss=0.0001  kl_loss=0.0000 (disabled)  score=0.989  return=1.044  role_std=1.4107  role_norm=2.9960  enc_delta ego=0.0007 partner=0.0007 road=0.0011
[ROMA step 2,616,459,264] sps= 52,033  policy_loss=0.0009  value_loss=0.0105  mi_loss=0.0002  mi_valid=0.67  div_loss=0.0001  kl_loss=0.0000 (disabled)  score=0.989  return=1.044  role_std=1.3846  role_norm=2.9409  enc_delta ego=0.0006 partner=0.0007 road=0.0011
[ROMA step 2,617,245,696] sps= 52,026  policy_loss=0.0047  value_loss=0.0239  mi_loss=0.0002  mi_valid=0.65  div_loss=0.0001  kl_loss=0.0000 (disabled)  score=0.990  return=1.044  role_std=1.4881  role_norm=3.1564  enc_delta ego=0.0007 partner=0.0008 road=0.0013
[ROMA step 2,618,032,128] sps= 52,031  policy_loss=-0.0012  value_loss=0.0146  mi_loss=0.0002  mi_valid=0.66  div_loss=0.0001  kl_loss=0.0000 (disabled)  score=0.990  return=1.044  role_std=1.4958  role_norm=3.1526  enc_delta ego=0.0008 partner=0.0007 road=0.0011
[ROMA step 2,618,818,560] sps= 52,036  policy_loss=-0.0044  value_loss=0.0135  mi_loss=0.0002  mi_valid=0.67  div_loss=-0.0000  kl_loss=0.0000 (disabled)  score=0.990  return=1.044  role_std=1.5189  role_norm=3.1814  enc_delta ego=0.0007 partner=0.0007 road=0.0011
[ROMA step 2,619,604,992] sps= 52,027  policy_loss=0.0044  value_loss=0.0243  mi_loss=0.0002  mi_valid=0.66  div_loss=-0.0000  kl_loss=0.0000 (disabled)  score=0.990  return=1.045  role_std=1.3592  role_norm=2.8156  enc_delta ego=0.0006 partner=0.0006 road=0.0009
[ROMA step 2,620,391,424] sps= 52,032  policy_loss=-0.0042  value_loss=0.0146  mi_loss=0.0002  mi_valid=0.67  div_loss=0.0002  kl_loss=0.0000 (disabled)  score=0.990  return=1.044  role_std=1.4076  role_norm=2.9276  enc_delta ego=0.0007 partner=0.0009 road=0.0011
[ROMA step 2,621,177,856] sps= 52,037  policy_loss=-0.0022  value_loss=0.0093  mi_loss=0.0002  mi_valid=0.67  div_loss=0.0000  kl_loss=0.0000 (disabled)  score=0.990  return=1.045  role_std=1.4200  role_norm=2.9570  enc_delta ego=0.0006 partner=0.0006 road=0.0010
[ROMA step 2,621,964,288] sps= 52,042  policy_loss=0.0048  value_loss=0.0109  mi_loss=0.0002  mi_valid=0.67  div_loss=0.0000  kl_loss=0.0000 (disabled)  score=0.990  return=1.045  role_std=1.4443  role_norm=3.0364  enc_delta ego=0.0005 partner=0.0006 road=0.0010
[ROMA step 2,622,750,720] sps= 52,031  policy_loss=0.0004  value_loss=0.0209  mi_loss=0.0002  mi_valid=0.65  div_loss=0.0002  kl_loss=0.0000 (disabled)  score=0.990  return=1.045  role_std=1.4685  role_norm=3.0750  enc_delta ego=0.0007 partner=0.0006 road=0.0011
[ROMA step 2,623,537,152] sps= 52,037  policy_loss=0.0006  value_loss=0.0131  mi_loss=0.0002  mi_valid=0.66  div_loss=0.0001  kl_loss=0.0000 (disabled)  score=0.990  return=1.046  role_std=1.4626  role_norm=3.0471  enc_delta ego=0.0006 partner=0.0007 road=0.0011
[ROMA step 2,624,323,584] sps= 52,042  policy_loss=0.0010  value_loss=0.0107  mi_loss=0.0002  mi_valid=0.66  div_loss=0.0001  kl_loss=0.0000 (disabled)  score=0.990  return=1.046  role_std=1.4698  role_norm=3.0643  enc_delta ego=0.0006 partner=0.0007 road=0.0010
[ROMA step 2,625,110,016] sps= 52,032  policy_loss=-0.0038  value_loss=0.0201  mi_loss=0.0002  mi_valid=0.65  div_loss=0.0000  kl_loss=0.0000 (disabled)  score=0.991  return=1.046  role_std=1.4652  role_norm=3.1142  enc_delta ego=0.0005 partner=0.0006 road=0.0010
[ROMA step 2,625,896,448] sps= 52,037  policy_loss=-0.0051  value_loss=0.0124  mi_loss=0.0002  mi_valid=0.67  div_loss=0.0002  kl_loss=0.0000 (disabled)  score=0.991  return=1.047  role_std=1.4475  role_norm=3.0078  enc_delta ego=0.0006 partner=0.0009 road=0.0015
[ROMA step 2,626,682,880] sps= 52,042  policy_loss=-0.0002  value_loss=0.0147  mi_loss=0.0002  mi_valid=0.67  div_loss=0.0001  kl_loss=0.0000 (disabled)  score=0.991  return=1.048  role_std=1.4426  role_norm=3.0220  enc_delta ego=0.0008 partner=0.0010 road=0.0014
[ROMA step 2,627,469,312] sps= 52,047  policy_loss=0.0023  value_loss=0.0114  mi_loss=0.0002  mi_valid=0.67  div_loss=-0.0000  kl_loss=0.0000 (disabled)  score=0.991  return=1.048  role_std=1.4597  role_norm=3.0392  enc_delta ego=0.0006 partner=0.0008 road=0.0012
[ROMA step 2,628,255,744] sps= 52,037  policy_loss=0.0018  value_loss=0.0248  mi_loss=0.0002  mi_valid=0.66  div_loss=0.0001  kl_loss=0.0000 (disabled)  score=0.991  return=1.049  role_std=1.4995  role_norm=3.1179  enc_delta ego=0.0007 partner=0.0008 road=0.0010
[ROMA step 2,629,042,176] sps= 52,041  policy_loss=-0.0048  value_loss=0.0154  mi_loss=0.0002  mi_valid=0.67  div_loss=0.0001  kl_loss=0.0000 (disabled)  score=0.991  return=1.049  role_std=1.5127  role_norm=3.1409  enc_delta ego=0.0006 partner=0.0009 road=0.0010
[ROMA step 2,629,828,608] sps= 52,046  policy_loss=-0.0052  value_loss=0.0145  mi_loss=0.0002  mi_valid=0.66  div_loss=0.0001  kl_loss=0.0000 (disabled)  score=0.991  return=1.049  role_std=1.5175  role_norm=3.1838  enc_delta ego=0.0008 partner=0.0009 road=0.0011
[ROMA step 2,630,615,040] sps= 52,038  policy_loss=-0.0005  value_loss=0.0244  mi_loss=0.0002  mi_valid=0.65  div_loss=0.0000  kl_loss=0.0000 (disabled)  score=0.991  return=1.048  role_std=1.4857  role_norm=3.0492  enc_delta ego=0.0005 partner=0.0007 road=0.0008
[ROMA step 2,631,401,472] sps= 52,042  policy_loss=-0.0041  value_loss=0.0123  mi_loss=0.0002  mi_valid=0.68  div_loss=0.0004  kl_loss=0.0000 (disabled)  score=0.991  return=1.048  role_std=1.5212  role_norm=3.1501  enc_delta ego=0.0006 partner=0.0007 road=0.0012
[ROMA step 2,632,187,904] sps= 52,047  policy_loss=-0.0007  value_loss=0.0123  mi_loss=0.0002  mi_valid=0.67  div_loss=0.0001  kl_loss=0.0000 (disabled)  score=0.991  return=1.048  role_std=1.4930  role_norm=3.1034  enc_delta ego=0.0006 partner=0.0007 road=0.0011
[ROMA step 2,632,974,336] sps= 52,052  policy_loss=0.0006  value_loss=0.0114  mi_loss=0.0002  mi_valid=0.67  div_loss=-0.0000  kl_loss=0.0000 (disabled)  score=0.991  return=1.047  role_std=1.4624  role_norm=3.0564  enc_delta ego=0.0005 partner=0.0007 road=0.0013
[ROMA step 2,633,760,768] sps= 52,041  policy_loss=-0.0013  value_loss=0.0207  mi_loss=0.0002  mi_valid=0.66  div_loss=0.0000  kl_loss=0.0000 (disabled)  score=0.991  return=1.047  role_std=1.4465  role_norm=3.0177  enc_delta ego=0.0005 partner=0.0006 road=0.0009
[ROMA step 2,634,547,200] sps= 52,046  policy_loss=-0.0005  value_loss=0.0103  mi_loss=0.0002  mi_valid=0.67  div_loss=0.0000  kl_loss=0.0000 (disabled)  score=0.991  return=1.047  role_std=1.4441  role_norm=2.9626  enc_delta ego=0.0006 partner=0.0007 road=0.0011
[ROMA step 2,635,333,632] sps= 52,050  policy_loss=-0.0054  value_loss=0.0103  mi_loss=0.0002  mi_valid=0.67  div_loss=0.0003  kl_loss=0.0000 (disabled)  score=0.991  return=1.047  role_std=1.4585  role_norm=2.9960  enc_delta ego=0.0005 partner=0.0007 road=0.0010
[ROMA step 2,636,120,064] sps= 52,055  policy_loss=-0.0074  value_loss=0.0098  mi_loss=0.0002  mi_valid=0.67  div_loss=0.0000  kl_loss=0.0000 (disabled)  score=0.991  return=1.047  role_std=1.4442  role_norm=2.9961  enc_delta ego=0.0006 partner=0.0006 road=0.0010
[ROMA step 2,636,906,496] sps= 52,047  policy_loss=-0.0051  value_loss=0.0241  mi_loss=0.0002  mi_valid=0.66  div_loss=0.0004  kl_loss=0.0000 (disabled)  score=0.991  return=1.047  role_std=1.4485  role_norm=3.0013  enc_delta ego=0.0007 partner=0.0007 road=0.0013
[ROMA step 2,637,692,928] sps= 52,052  policy_loss=-0.0061  value_loss=0.0151  mi_loss=0.0002  mi_valid=0.68  div_loss=0.0000  kl_loss=0.0000 (disabled)  score=0.991  return=1.047  role_std=1.4213  role_norm=2.9653  enc_delta ego=0.0006 partner=0.0007 road=0.0012
[ROMA step 2,638,479,360] sps= 52,057  policy_loss=0.0049  value_loss=0.0134  mi_loss=0.0002  mi_valid=0.68  div_loss=-0.0000  kl_loss=0.0000 (disabled)  score=0.991  return=1.047  role_std=1.4257  role_norm=2.9722  enc_delta ego=0.0006 partner=0.0006 road=0.0011
[ROMA step 2,639,265,792] sps= 52,050  policy_loss=-0.0113  value_loss=0.0217  mi_loss=0.0002  mi_valid=0.67  div_loss=0.0002  kl_loss=0.0000 (disabled)  score=0.991  return=1.047  role_std=1.4178  role_norm=2.9618  enc_delta ego=0.0007 partner=0.0007 road=0.0012
[ROMA step 2,640,052,224] sps= 52,055  policy_loss=0.0054  value_loss=0.0122  mi_loss=0.0002  mi_valid=0.69  div_loss=0.0002  kl_loss=0.0000 (disabled)  score=0.991  return=1.047  role_std=1.3961  role_norm=2.8898  enc_delta ego=0.0007 partner=0.0008 road=0.0011
[ROMA step 2,640,838,656] sps= 52,060  policy_loss=0.0070  value_loss=0.0126  mi_loss=0.0002  mi_valid=0.68  div_loss=0.0000  kl_loss=0.0000 (disabled)  score=0.990  return=1.046  role_std=1.4128  role_norm=2.9075  enc_delta ego=0.0007 partner=0.0007 road=0.0011
[ROMA step 2,641,625,088] sps= 52,065  policy_loss=-0.0035  value_loss=0.0104  mi_loss=0.0002  mi_valid=0.69  div_loss=0.0001  kl_loss=0.0000 (disabled)  score=0.990  return=1.046  role_std=1.3784  role_norm=2.8628  enc_delta ego=0.0006 partner=0.0007 road=0.0010
[ROMA step 2,642,411,520] sps= 52,056  policy_loss=-0.0021  value_loss=0.0189  mi_loss=0.0002  mi_valid=0.66  div_loss=0.0016  kl_loss=0.0000 (disabled)  score=0.990  return=1.046  role_std=1.4062  role_norm=2.9388  enc_delta ego=0.0008 partner=0.0006 road=0.0011
[ROMA step 2,643,197,952] sps= 52,061  policy_loss=0.0018  value_loss=0.0110  mi_loss=0.0002  mi_valid=0.66  div_loss=0.0004  kl_loss=0.0000 (disabled)  score=0.990  return=1.046  role_std=1.4149  role_norm=2.8814  enc_delta ego=0.0008 partner=0.0007 road=0.0012
[ROMA step 2,643,984,384] sps= 52,066  policy_loss=-0.0036  value_loss=0.0083  mi_loss=0.0002  mi_valid=0.66  div_loss=0.0000  kl_loss=0.0000 (disabled)  score=0.990  return=1.046  role_std=1.4162  role_norm=2.8918  enc_delta ego=0.0005 partner=0.0006 road=0.0011
[ROMA step 2,644,770,816] sps= 52,057  policy_loss=-0.0065  value_loss=0.0177  mi_loss=0.0002  mi_valid=0.66  div_loss=0.0000  kl_loss=0.0000 (disabled)  score=0.990  return=1.046  role_std=1.3341  role_norm=2.7439  enc_delta ego=0.0005 partner=0.0006 road=0.0010
[ROMA step 2,645,557,248] sps= 52,062  policy_loss=0.0014  value_loss=0.0131  mi_loss=0.0002  mi_valid=0.68  div_loss=0.0003  kl_loss=0.0000 (disabled)  score=0.990  return=1.046  role_std=1.3576  role_norm=2.8378  enc_delta ego=0.0006 partner=0.0007 road=0.0011
[ROMA step 2,646,343,680] sps= 52,067  policy_loss=-0.0037  value_loss=0.0103  mi_loss=0.0002  mi_valid=0.68  div_loss=0.0000  kl_loss=0.0000 (disabled)  score=0.990  return=1.046  role_std=1.3673  role_norm=2.8355  enc_delta ego=0.0006 partner=0.0007 road=0.0009
[ROMA step 2,647,130,112] sps= 52,072  policy_loss=-0.0024  value_loss=0.0095  mi_loss=0.0002  mi_valid=0.68  div_loss=0.0001  kl_loss=0.0000 (disabled)  score=0.990  return=1.046  role_std=1.3476  role_norm=2.8474  enc_delta ego=0.0005 partner=0.0006 road=0.0010
[ROMA step 2,647,916,544] sps= 52,061  policy_loss=-0.0008  value_loss=0.0183  mi_loss=0.0002  mi_valid=0.66  div_loss=0.0001  kl_loss=0.0000 (disabled)  score=0.990  return=1.046  role_std=1.3965  role_norm=2.9229  enc_delta ego=0.0005 partner=0.0006 road=0.0009
[ROMA step 2,648,702,976] sps= 52,066  policy_loss=0.0016  value_loss=0.0076  mi_loss=0.0002  mi_valid=0.66  div_loss=0.0001  kl_loss=0.0000 (disabled)  score=0.990  return=1.047  role_std=1.4009  role_norm=2.8848  enc_delta ego=0.0006 partner=0.0006 road=0.0010
[ROMA step 2,649,489,408] sps= 52,071  policy_loss=-0.0024  value_loss=0.0097  mi_loss=0.0002  mi_valid=0.66  div_loss=0.0000  kl_loss=0.0000 (disabled)  score=0.990  return=1.047  role_std=1.4327  role_norm=2.9362  enc_delta ego=0.0007 partner=0.0006 road=0.0010
[ROMA step 2,650,275,840] sps= 52,059  policy_loss=-0.0047  value_loss=0.0183  mi_loss=0.0002  mi_valid=0.65  div_loss=0.0000  kl_loss=0.0000 (disabled)  score=0.990  return=1.048  role_std=1.4418  role_norm=3.0292  enc_delta ego=0.0006 partner=0.0007 road=0.0008
[ROMA step 2,651,062,272] sps= 52,064  policy_loss=-0.0029  value_loss=0.0158  mi_loss=0.0002  mi_valid=0.67  div_loss=0.0002  kl_loss=0.0000 (disabled)  score=0.990  return=1.047  role_std=1.4580  role_norm=3.0315  enc_delta ego=0.0011 partner=0.0007 road=0.0010
[ROMA step 2,651,848,704] sps= 52,068  policy_loss=-0.0092  value_loss=0.0128  mi_loss=0.0002  mi_valid=0.67  div_loss=0.0000  kl_loss=0.0000 (disabled)  score=0.990  return=1.047  role_std=1.4350  role_norm=2.9863  enc_delta ego=0.0007 partner=0.0007 road=0.0011
[ROMA step 2,652,635,136] sps= 52,073  policy_loss=0.0006  value_loss=0.0149  mi_loss=0.0002  mi_valid=0.68  div_loss=0.0002  kl_loss=0.0000 (disabled)  score=0.990  return=1.047  role_std=1.4254  role_norm=2.9749  enc_delta ego=0.0012 partner=0.0006 road=0.0011
[ROMA step 2,653,421,568] sps= 52,065  policy_loss=-0.0033  value_loss=0.0285  mi_loss=0.0002  mi_valid=0.67  div_loss=0.0000  kl_loss=0.0000 (disabled)  score=0.990  return=1.046  role_std=1.3859  role_norm=2.8804  enc_delta ego=0.0008 partner=0.0007 road=0.0015
[ROMA step 2,654,208,000] sps= 52,069  policy_loss=0.0051  value_loss=0.0140  mi_loss=0.0002  mi_valid=0.68  div_loss=0.0001  kl_loss=0.0000 (disabled)  score=0.990  return=1.046  role_std=1.3830  role_norm=2.8764  enc_delta ego=0.0008 partner=0.0007 road=0.0011
[ROMA step 2,654,994,432] sps= 52,074  policy_loss=-0.0073  value_loss=0.0120  mi_loss=0.0002  mi_valid=0.67  div_loss=0.0000  kl_loss=0.0000 (disabled)  score=0.990  return=1.045  role_std=1.3980  role_norm=2.8822  enc_delta ego=0.0006 partner=0.0006 road=0.0013
[ROMA step 2,655,780,864] sps= 52,063  policy_loss=0.0016  value_loss=0.0216  mi_loss=0.0002  mi_valid=0.65  div_loss=-0.0000  kl_loss=0.0000 (disabled)  score=0.989  return=1.045  role_std=1.4180  role_norm=2.8521  enc_delta ego=0.0005 partner=0.0005 road=0.0009
[ROMA step 2,656,567,296] sps= 52,068  policy_loss=-0.0001  value_loss=0.0090  mi_loss=0.0002  mi_valid=0.67  div_loss=0.0001  kl_loss=0.0000 (disabled)  score=0.990  return=1.045  role_std=1.3897  role_norm=2.8804  enc_delta ego=0.0007 partner=0.0007 road=0.0011
[ROMA step 2,657,353,728] sps= 52,073  policy_loss=-0.0022  value_loss=0.0074  mi_loss=0.0002  mi_valid=0.67  div_loss=0.0001  kl_loss=0.0000 (disabled)  score=0.990  return=1.046  role_std=1.3974  role_norm=2.8770  enc_delta ego=0.0006 partner=0.0006 road=0.0010
[ROMA step 2,658,140,160] sps= 52,078  policy_loss=-0.0032  value_loss=0.0069  mi_loss=0.0002  mi_valid=0.66  div_loss=0.0001  kl_loss=0.0000 (disabled)  score=0.990  return=1.047  role_std=1.4408  role_norm=2.9230  enc_delta ego=0.0005 partner=0.0005 road=0.0008
[ROMA step 2,658,926,592] sps= 52,070  policy_loss=-0.0090  value_loss=0.0176  mi_loss=0.0002  mi_valid=0.65  div_loss=0.0001  kl_loss=0.0000 (disabled)  score=0.990  return=1.047  role_std=1.4864  role_norm=3.0403  enc_delta ego=0.0005 partner=0.0006 road=0.0010
[ROMA step 2,659,713,024] sps= 52,075  policy_loss=-0.0016  value_loss=0.0116  mi_loss=0.0002  mi_valid=0.66  div_loss=0.0000  kl_loss=0.0000 (disabled)  score=0.990  return=1.047  role_std=1.5031  role_norm=3.0708  enc_delta ego=0.0006 partner=0.0007 road=0.0010
[ROMA step 2,660,499,456] sps= 52,080  policy_loss=0.0075  value_loss=0.0123  mi_loss=0.0002  mi_valid=0.67  div_loss=0.0001  kl_loss=0.0000 (disabled)  score=0.990  return=1.047  role_std=1.5050  role_norm=3.0513  enc_delta ego=0.0006 partner=0.0007 road=0.0010
[ROMA step 2,661,285,888] sps= 52,085  policy_loss=-0.0008  value_loss=0.0119  mi_loss=0.0002  mi_valid=0.67  div_loss=0.0002  kl_loss=0.0000 (disabled)  score=0.990  return=1.047  role_std=1.4915  role_norm=3.0875  enc_delta ego=0.0007 partner=0.0008 road=0.0009
[ROMA step 2,662,072,320] sps= 52,069  policy_loss=-0.0028  value_loss=0.0245  mi_loss=0.0002  mi_valid=0.66  div_loss=0.0001  kl_loss=0.0000 (disabled)  score=0.990  return=1.046  role_std=1.4064  role_norm=2.9262  enc_delta ego=0.0006 partner=0.0009 road=0.0012
[ROMA step 2,662,858,752] sps= 52,074  policy_loss=-0.0081  value_loss=0.0172  mi_loss=0.0002  mi_valid=0.67  div_loss=0.0000  kl_loss=0.0000 (disabled)  score=0.990  return=1.046  role_std=1.4196  role_norm=2.9466  enc_delta ego=0.0005 partner=0.0007 road=0.0010
[ROMA step 2,663,645,184] sps= 52,079  policy_loss=-0.0066  value_loss=0.0167  mi_loss=0.0002  mi_valid=0.67  div_loss=0.0000  kl_loss=0.0000 (disabled)  score=0.990  return=1.046  role_std=1.4426  role_norm=2.9622  enc_delta ego=0.0007 partner=0.0006 road=0.0010
[ROMA step 2,664,431,616] sps= 52,067  policy_loss=-0.0017  value_loss=0.0223  mi_loss=0.0002  mi_valid=0.66  div_loss=0.0001  kl_loss=0.0000 (disabled)  score=0.990  return=1.046  role_std=1.4615  role_norm=3.0046  enc_delta ego=0.0004 partner=0.0006 road=0.0008
[ROMA step 2,665,218,048] sps= 52,072  policy_loss=-0.0033  value_loss=0.0168  mi_loss=0.0002  mi_valid=0.67  div_loss=0.0003  kl_loss=0.0000 (disabled)  score=0.990  return=1.046  role_std=1.4543  role_norm=3.0063  enc_delta ego=0.0005 partner=0.0007 road=0.0010
[ROMA step 2,666,004,480] sps= 52,077  policy_loss=-0.0027  value_loss=0.0152  mi_loss=0.0002  mi_valid=0.67  div_loss=0.0001  kl_loss=0.0000 (disabled)  score=0.990  return=1.046  role_std=1.4590  role_norm=3.0345  enc_delta ego=0.0005 partner=0.0007 road=0.0010
[ROMA step 2,666,790,912] sps= 52,082  policy_loss=-0.0055  value_loss=0.0117  mi_loss=0.0002  mi_valid=0.67  div_loss=-0.0000  kl_loss=0.0000 (disabled)  score=0.990  return=1.046  role_std=1.4451  role_norm=2.9883  enc_delta ego=0.0004 partner=0.0006 road=0.0009
[ROMA step 2,667,577,344] sps= 52,073  policy_loss=0.0024  value_loss=0.0265  mi_loss=0.0002  mi_valid=0.66  div_loss=0.0002  kl_loss=0.0000 (disabled)  score=0.990  return=1.047  role_std=1.4668  role_norm=3.0612  enc_delta ego=0.0006 partner=0.0007 road=0.0009
[ROMA step 2,668,363,776] sps= 52,078  policy_loss=-0.0013  value_loss=0.0160  mi_loss=0.0002  mi_valid=0.67  div_loss=0.0000  kl_loss=0.0000 (disabled)  score=0.990  return=1.046  role_std=1.4803  role_norm=3.0593  enc_delta ego=0.0006 partner=0.0008 road=0.0011
[ROMA step 2,669,150,208] sps= 52,083  policy_loss=-0.0051  value_loss=0.0117  mi_loss=0.0002  mi_valid=0.67  div_loss=0.0001  kl_loss=0.0000 (disabled)  score=0.990  return=1.046  role_std=1.4971  role_norm=3.0967  enc_delta ego=0.0007 partner=0.0007 road=0.0010
[ROMA step 2,669,936,640] sps= 52,072  policy_loss=-0.0026  value_loss=0.0224  mi_loss=0.0002  mi_valid=0.66  div_loss=0.0000  kl_loss=0.0000 (disabled)  score=0.990  return=1.046  role_std=1.4162  role_norm=2.8663  enc_delta ego=0.0005 partner=0.0006 road=0.0009
[ROMA step 2,670,723,072] sps= 52,077  policy_loss=-0.0028  value_loss=0.0212  mi_loss=0.0002  mi_valid=0.67  div_loss=-0.0000  kl_loss=0.0000 (disabled)  score=0.990  return=1.046  role_std=1.4545  role_norm=2.9951  enc_delta ego=0.0007 partner=0.0007 road=0.0010
[ROMA step 2,671,509,504] sps= 52,082  policy_loss=0.0003  value_loss=0.0147  mi_loss=0.0002  mi_valid=0.67  div_loss=0.0000  kl_loss=0.0000 (disabled)  score=0.990  return=1.046  role_std=1.4587  role_norm=2.9803  enc_delta ego=0.0005 partner=0.0006 road=0.0009
[ROMA step 2,672,295,936] sps= 52,087  policy_loss=0.0008  value_loss=0.0136  mi_loss=0.0002  mi_valid=0.67  div_loss=0.0000  kl_loss=0.0000 (disabled)  score=0.990  return=1.046  role_std=1.4777  role_norm=3.0175  enc_delta ego=0.0004 partner=0.0007 road=0.0010
[ROMA step 2,673,082,368] sps= 52,074  policy_loss=-0.0017  value_loss=0.0192  mi_loss=0.0002  mi_valid=0.66  div_loss=-0.0000  kl_loss=0.0000 (disabled)  score=0.989  return=1.046  role_std=1.4459  role_norm=2.9859  enc_delta ego=0.0007 partner=0.0005 road=0.0012
[ROMA step 2,673,868,800] sps= 52,079  policy_loss=-0.0004  value_loss=0.0092  mi_loss=0.0002  mi_valid=0.68  div_loss=0.0003  kl_loss=0.0000 (disabled)  score=0.989  return=1.045  role_std=1.4077  role_norm=2.8787  enc_delta ego=0.0005 partner=0.0006 road=0.0014
[ROMA step 2,674,655,232] sps= 52,083  policy_loss=-0.0020  value_loss=0.0097  mi_loss=0.0002  mi_valid=0.67  div_loss=0.0000  kl_loss=0.0000 (disabled)  score=0.989  return=1.045  role_std=1.4040  role_norm=2.8997  enc_delta ego=0.0005 partner=0.0006 road=0.0010
[ROMA step 2,675,441,664] sps= 52,073  policy_loss=-0.0042  value_loss=0.0194  mi_loss=0.0002  mi_valid=0.66  div_loss=0.0000  kl_loss=0.0000 (disabled)  score=0.989  return=1.045  role_std=1.4326  role_norm=3.0208  enc_delta ego=0.0005 partner=0.0006 road=0.0008
[ROMA step 2,676,228,096] sps= 52,078  policy_loss=-0.0028  value_loss=0.0112  mi_loss=0.0002  mi_valid=0.67  div_loss=0.0000  kl_loss=0.0000 (disabled)  score=0.989  return=1.045  role_std=1.4375  role_norm=2.9133  enc_delta ego=0.0006 partner=0.0007 road=0.0010
[ROMA step 2,677,014,528] sps= 52,083  policy_loss=0.0011  value_loss=0.0115  mi_loss=0.0002  mi_valid=0.67  div_loss=0.0001  kl_loss=0.0000 (disabled)  score=0.989  return=1.045  role_std=1.4165  role_norm=2.9136  enc_delta ego=0.0005 partner=0.0007 road=0.0010
[ROMA step 2,677,800,960] sps= 52,087  policy_loss=0.0010  value_loss=0.0107  mi_loss=0.0002  mi_valid=0.67  div_loss=0.0000  kl_loss=0.0000 (disabled)  score=0.989  return=1.045  role_std=1.4679  role_norm=3.0175  enc_delta ego=0.0005 partner=0.0006 road=0.0010
[ROMA step 2,678,587,392] sps= 52,075  policy_loss=-0.0020  value_loss=0.0205  mi_loss=0.0002  mi_valid=0.66  div_loss=0.0000  kl_loss=0.0000 (disabled)  score=0.989  return=1.046  role_std=1.4480  role_norm=3.0345  enc_delta ego=0.0005 partner=0.0008 road=0.0009
[ROMA step 2,679,373,824] sps= 52,080  policy_loss=-0.0070  value_loss=0.0101  mi_loss=0.0002  mi_valid=0.67  div_loss=-0.0000  kl_loss=0.0000 (disabled)  score=0.989  return=1.046  role_std=1.4947  role_norm=3.0992  enc_delta ego=0.0006 partner=0.0007 road=0.0008
[ROMA step 2,680,160,256] sps= 52,085  policy_loss=-0.0081  value_loss=0.0093  mi_loss=0.0002  mi_valid=0.67  div_loss=0.0000  kl_loss=0.0000 (disabled)  score=0.989  return=1.046  role_std=1.4990  role_norm=3.1290  enc_delta ego=0.0004 partner=0.0006 road=0.0008
[ROMA step 2,680,946,688] sps= 52,076  policy_loss=0.0012  value_loss=0.0193  mi_loss=0.0002  mi_valid=0.65  div_loss=0.0000  kl_loss=0.0000 (disabled)  score=0.989  return=1.047  role_std=1.4316  role_norm=2.8590  enc_delta ego=0.0004 partner=0.0006 road=0.0007
[ROMA step 2,681,733,120] sps= 52,081  policy_loss=0.0042  value_loss=0.0114  mi_loss=0.0002  mi_valid=0.68  div_loss=0.0001  kl_loss=0.0000 (disabled)  score=0.989  return=1.046  role_std=1.4421  role_norm=2.9673  enc_delta ego=0.0005 partner=0.0006 road=0.0009
[ROMA step 2,682,519,552] sps= 52,085  policy_loss=-0.0019  value_loss=0.0127  mi_loss=0.0002  mi_valid=0.68  div_loss=0.0001  kl_loss=0.0000 (disabled)  score=0.989  return=1.046  role_std=1.4265  role_norm=2.9146  enc_delta ego=0.0005 partner=0.0006 road=0.0010
[ROMA step 2,683,305,984] sps= 52,090  policy_loss=-0.0002  value_loss=0.0094  mi_loss=0.0002  mi_valid=0.68  div_loss=0.0000  kl_loss=0.0000 (disabled)  score=0.989  return=1.045  role_std=1.4389  role_norm=2.9296  enc_delta ego=0.0005 partner=0.0005 road=0.0008
[ROMA step 2,684,092,416] sps= 52,074  policy_loss=-0.0046  value_loss=0.0187  mi_loss=0.0002  mi_valid=0.66  div_loss=0.0001  kl_loss=0.0000 (disabled)  score=0.989  return=1.045  role_std=1.4261  role_norm=3.0119  enc_delta ego=0.0005 partner=0.0006 road=0.0007
[ROMA step 2,684,878,848] sps= 52,079  policy_loss=0.0013  value_loss=0.0126  mi_loss=0.0002  mi_valid=0.67  div_loss=0.0001  kl_loss=0.0000 (disabled)  score=0.989  return=1.046  role_std=1.4447  role_norm=3.0092  enc_delta ego=0.0006 partner=0.0006 road=0.0009
[ROMA step 2,685,665,280] sps= 52,084  policy_loss=-0.0002  value_loss=0.0124  mi_loss=0.0002  mi_valid=0.67  div_loss=0.0000  kl_loss=0.0000 (disabled)  score=0.989  return=1.047  role_std=1.4590  role_norm=3.0246  enc_delta ego=0.0006 partner=0.0006 road=0.0012
[ROMA step 2,686,451,712] sps= 52,089  policy_loss=0.0037  value_loss=0.0113  mi_loss=0.0002  mi_valid=0.67  div_loss=-0.0000  kl_loss=0.0000 (disabled)  score=0.989  return=1.048  role_std=1.4687  role_norm=3.0328  enc_delta ego=0.0006 partner=0.0006 road=0.0009
[ROMA step 2,687,238,144] sps= 52,076  policy_loss=0.0013  value_loss=0.0195  mi_loss=0.0002  mi_valid=0.65  div_loss=0.0002  kl_loss=0.0000 (disabled)  score=0.989  return=1.048  role_std=1.4040  role_norm=2.9174  enc_delta ego=0.0005 partner=0.0006 road=0.0009
[ROMA step 2,688,024,576] sps= 52,081  policy_loss=-0.0002  value_loss=0.0093  mi_loss=0.0002  mi_valid=0.66  div_loss=0.0000  kl_loss=0.0000 (disabled)  score=0.989  return=1.049  role_std=1.4182  role_norm=2.9267  enc_delta ego=0.0005 partner=0.0007 road=0.0009
[ROMA step 2,688,811,008] sps= 52,086  policy_loss=0.0004  value_loss=0.0102  mi_loss=0.0002  mi_valid=0.66  div_loss=0.0001  kl_loss=0.0000 (disabled)  score=0.990  return=1.050  role_std=1.4106  role_norm=2.8915  enc_delta ego=0.0005 partner=0.0007 road=0.0008
[ROMA step 2,689,597,440] sps= 52,071  policy_loss=-0.0057  value_loss=0.0185  mi_loss=0.0002  mi_valid=0.65  div_loss=0.0002  kl_loss=0.0000 (disabled)  score=0.990  return=1.051  role_std=1.4574  role_norm=3.0082  enc_delta ego=0.0005 partner=0.0005 road=0.0008
[ROMA step 2,690,383,872] sps= 52,076  policy_loss=0.0013  value_loss=0.0208  mi_loss=0.0002  mi_valid=0.67  div_loss=0.0000  kl_loss=0.0000 (disabled)  score=0.990  return=1.050  role_std=1.4233  role_norm=2.9290  enc_delta ego=0.0006 partner=0.0008 road=0.0010
[ROMA step 2,691,170,304] sps= 52,081  policy_loss=-0.0049  value_loss=0.0148  mi_loss=0.0002  mi_valid=0.67  div_loss=0.0001  kl_loss=0.0000 (disabled)  score=0.989  return=1.050  role_std=1.4325  role_norm=2.9410  enc_delta ego=0.0004 partner=0.0007 road=0.0010
[ROMA step 2,691,956,736] sps= 52,086  policy_loss=-0.0031  value_loss=0.0120  mi_loss=0.0002  mi_valid=0.67  div_loss=0.0000  kl_loss=0.0000 (disabled)  score=0.989  return=1.050  role_std=1.4430  role_norm=2.9550  enc_delta ego=0.0005 partner=0.0008 road=0.0008
[ROMA step 2,692,743,168] sps= 52,076  policy_loss=0.0014  value_loss=0.0211  mi_loss=0.0002  mi_valid=0.66  div_loss=0.0001  kl_loss=0.0000 (disabled)  score=0.989  return=1.050  role_std=1.4655  role_norm=3.0743  enc_delta ego=0.0006 partner=0.0007 road=0.0011
[ROMA step 2,693,529,600] sps= 52,081  policy_loss=0.0036  value_loss=0.0126  mi_loss=0.0002  mi_valid=0.68  div_loss=0.0001  kl_loss=0.0000 (disabled)  score=0.989  return=1.049  role_std=1.4563  role_norm=3.0251  enc_delta ego=0.0006 partner=0.0006 road=0.0009
[ROMA step 2,694,316,032] sps= 52,086  policy_loss=0.0017  value_loss=0.0182  mi_loss=0.0002  mi_valid=0.67  div_loss=0.0000  kl_loss=0.0000 (disabled)  score=0.989  return=1.049  role_std=1.4721  role_norm=3.0539  enc_delta ego=0.0006 partner=0.0006 road=0.0010
[ROMA step 2,695,102,464] sps= 52,074  policy_loss=-0.0058  value_loss=0.0202  mi_loss=0.0002  mi_valid=0.67  div_loss=0.0000  kl_loss=0.0000 (disabled)  score=0.989  return=1.049  role_std=1.4121  role_norm=2.8799  enc_delta ego=0.0005 partner=0.0006 road=0.0009
[ROMA step 2,695,888,896] sps= 52,079  policy_loss=-0.0035  value_loss=0.0091  mi_loss=0.0002  mi_valid=0.67  div_loss=0.0000  kl_loss=0.0000 (disabled)  score=0.989  return=1.049  role_std=1.4619  role_norm=3.0233  enc_delta ego=0.0005 partner=0.0006 road=0.0009
[ROMA step 2,696,675,328] sps= 52,084  policy_loss=0.0044  value_loss=0.0093  mi_loss=0.0002  mi_valid=0.67  div_loss=0.0001  kl_loss=0.0000 (disabled)  score=0.989  return=1.049  role_std=1.4445  role_norm=2.9964  enc_delta ego=0.0005 partner=0.0005 road=0.0009
[ROMA step 2,697,461,760] sps= 52,089  policy_loss=0.0035  value_loss=0.0087  mi_loss=0.0002  mi_valid=0.67  div_loss=0.0001  kl_loss=0.0000 (disabled)  score=0.988  return=1.049  role_std=1.4517  role_norm=3.0203  enc_delta ego=0.0005 partner=0.0006 road=0.0009
[ROMA step 2,698,248,192] sps= 52,077  policy_loss=0.0070  value_loss=0.0230  mi_loss=0.0002  mi_valid=0.66  div_loss=0.0002  kl_loss=0.0000 (disabled)  score=0.988  return=1.049  role_std=1.4957  role_norm=3.1062  enc_delta ego=0.0005 partner=0.0006 road=0.0009
[ROMA step 2,699,034,624] sps= 52,082  policy_loss=0.0007  value_loss=0.0134  mi_loss=0.0002  mi_valid=0.67  div_loss=0.0000  kl_loss=0.0000 (disabled)  score=0.988  return=1.049  role_std=1.4543  role_norm=3.0245  enc_delta ego=0.0005 partner=0.0007 road=0.0010
[ROMA step 2,699,821,056] sps= 52,087  policy_loss=0.0027  value_loss=0.0163  mi_loss=0.0002  mi_valid=0.67  div_loss=0.0001  kl_loss=0.0000 (disabled)  score=0.988  return=1.048  role_std=1.4566  role_norm=2.9976  enc_delta ego=0.0005 partner=0.0007 road=0.0011
[ROMA step 2,700,607,488] sps= 52,075  policy_loss=-0.0048  value_loss=0.0213  mi_loss=0.0002  mi_valid=0.66  div_loss=0.0000  kl_loss=0.0000 (disabled)  score=0.988  return=1.048  role_std=1.5129  role_norm=3.1289  enc_delta ego=0.0005 partner=0.0005 road=0.0008
[ROMA step 2,701,393,920] sps= 52,080  policy_loss=0.0017  value_loss=0.0115  mi_loss=0.0002  mi_valid=0.66  div_loss=0.0001  kl_loss=0.0000 (disabled)  score=0.988  return=1.048  role_std=1.5129  role_norm=3.0744  enc_delta ego=0.0005 partner=0.0007 road=0.0009
[ROMA step 2,702,180,352] sps= 52,085  policy_loss=-0.0039  value_loss=0.0103  mi_loss=0.0002  mi_valid=0.66  div_loss=0.0000  kl_loss=0.0000 (disabled)  score=0.988  return=1.048  role_std=1.5155  role_norm=3.0927  enc_delta ego=0.0005 partner=0.0006 road=0.0009
[ROMA step 2,702,966,784] sps= 52,090  policy_loss=0.0042  value_loss=0.0127  mi_loss=0.0002  mi_valid=0.66  div_loss=0.0000  kl_loss=0.0000 (disabled)  score=0.988  return=1.048  role_std=1.5280  role_norm=3.1160  enc_delta ego=0.0004 partner=0.0007 road=0.0009
[ROMA step 2,703,753,216] sps= 52,076  policy_loss=-0.0032  value_loss=0.0217  mi_loss=0.0002  mi_valid=0.66  div_loss=0.0001  kl_loss=0.0000 (disabled)  score=0.988  return=1.047  role_std=1.5126  role_norm=3.1011  enc_delta ego=0.0006 partner=0.0005 road=0.0008
[ROMA step 2,704,539,648] sps= 52,082  policy_loss=-0.0007  value_loss=0.0109  mi_loss=0.0002  mi_valid=0.67  div_loss=0.0001  kl_loss=0.0000 (disabled)  score=0.988  return=1.047  role_std=1.5155  role_norm=3.1397  enc_delta ego=0.0008 partner=0.0005 road=0.0009
[ROMA step 2,705,326,080] sps= 52,087  policy_loss=-0.0071  value_loss=0.0131  mi_loss=0.0002  mi_valid=0.67  div_loss=-0.0000  kl_loss=0.0000 (disabled)  score=0.988  return=1.046  role_std=1.5204  role_norm=3.1529  enc_delta ego=0.0006 partner=0.0006 road=0.0009
[ROMA step 2,706,112,512] sps= 52,077  policy_loss=-0.0033  value_loss=0.0188  mi_loss=0.0002  mi_valid=0.65  div_loss=0.0001  kl_loss=0.0000 (disabled)  score=0.987  return=1.045  role_std=1.5288  role_norm=3.0613  enc_delta ego=0.0005 partner=0.0005 road=0.0008
[ROMA step 2,706,898,944] sps= 52,082  policy_loss=0.0003  value_loss=0.0142  mi_loss=0.0002  mi_valid=0.67  div_loss=0.0003  kl_loss=0.0000 (disabled)  score=0.988  return=1.046  role_std=1.5068  role_norm=3.0976  enc_delta ego=0.0005 partner=0.0006 road=0.0009
[ROMA step 2,707,685,376] sps= 52,087  policy_loss=-0.0002  value_loss=0.0192  mi_loss=0.0002  mi_valid=0.67  div_loss=0.0000  kl_loss=0.0000 (disabled)  score=0.988  return=1.046  role_std=1.4852  role_norm=3.0461  enc_delta ego=0.0006 partner=0.0006 road=0.0012
[ROMA step 2,708,471,808] sps= 52,092  policy_loss=-0.0031  value_loss=0.0122  mi_loss=0.0002  mi_valid=0.67  div_loss=-0.0000  kl_loss=0.0000 (disabled)  score=0.988  return=1.047  role_std=1.4764  role_norm=3.0470  enc_delta ego=0.0006 partner=0.0006 road=0.0009
[ROMA step 2,709,258,240] sps= 52,077  policy_loss=0.0066  value_loss=0.0204  mi_loss=0.0002  mi_valid=0.66  div_loss=0.0001  kl_loss=0.0000 (disabled)  score=0.988  return=1.047  role_std=1.4900  role_norm=3.0463  enc_delta ego=0.0004 partner=0.0005 road=0.0007
[ROMA step 2,710,044,672] sps= 52,082  policy_loss=-0.0029  value_loss=0.0107  mi_loss=0.0002  mi_valid=0.66  div_loss=0.0000  kl_loss=0.0000 (disabled)  score=0.988  return=1.047  role_std=1.4615  role_norm=3.0227  enc_delta ego=0.0004 partner=0.0006 road=0.0009
[ROMA step 2,710,831,104] sps= 52,087  policy_loss=-0.0061  value_loss=0.0140  mi_loss=0.0002  mi_valid=0.66  div_loss=0.0000  kl_loss=0.0000 (disabled)  score=0.988  return=1.047  role_std=1.4772  role_norm=3.0388  enc_delta ego=0.0006 partner=0.0007 road=0.0010
[ROMA step 2,711,617,536] sps= 52,092  policy_loss=0.0036  value_loss=0.0133  mi_loss=0.0002  mi_valid=0.66  div_loss=0.0000  kl_loss=0.0000 (disabled)  score=0.988  return=1.047  role_std=1.4756  role_norm=3.0191  enc_delta ego=0.0004 partner=0.0006 road=0.0008
[ROMA step 2,712,403,968] sps= 52,076  policy_loss=-0.0011  value_loss=0.0217  mi_loss=0.0002  mi_valid=0.67  div_loss=0.0002  kl_loss=0.0000 (disabled)  score=0.988  return=1.046  role_std=1.4381  role_norm=2.9794  enc_delta ego=0.0005 partner=0.0006 road=0.0007
[ROMA step 2,713,190,400] sps= 52,081  policy_loss=0.0013  value_loss=0.0165  mi_loss=0.0002  mi_valid=0.68  div_loss=0.0000  kl_loss=0.0000 (disabled)  score=0.988  return=1.046  role_std=1.4533  role_norm=2.9792  enc_delta ego=0.0006 partner=0.0007 road=0.0009
[ROMA step 2,713,976,832] sps= 52,086  policy_loss=-0.0041  value_loss=0.0123  mi_loss=0.0002  mi_valid=0.68  div_loss=0.0000  kl_loss=0.0000 (disabled)  score=0.988  return=1.046  role_std=1.4463  role_norm=2.9999  enc_delta ego=0.0005 partner=0.0005 road=0.0007
[ROMA step 2,714,763,264] sps= 52,073  policy_loss=0.0004  value_loss=0.0232  mi_loss=0.0002  mi_valid=0.66  div_loss=0.0000  kl_loss=0.0000 (disabled)  score=0.988  return=1.046  role_std=1.4540  role_norm=3.0031  enc_delta ego=0.0007 partner=0.0007 road=0.0008
[ROMA step 2,715,549,696] sps= 52,078  policy_loss=0.0063  value_loss=0.0211  mi_loss=0.0002  mi_valid=0.68  div_loss=0.0003  kl_loss=0.0000 (disabled)  score=0.988  return=1.046  role_std=1.4353  role_norm=2.9431  enc_delta ego=0.0007 partner=0.0008 road=0.0011
[ROMA step 2,716,336,128] sps= 52,083  policy_loss=-0.0001  value_loss=0.0161  mi_loss=0.0002  mi_valid=0.68  div_loss=0.0001  kl_loss=0.0000 (disabled)  score=0.989  return=1.046  role_std=1.4396  role_norm=2.9530  enc_delta ego=0.0006 partner=0.0009 road=0.0009
[ROMA step 2,717,122,560] sps= 52,088  policy_loss=0.0015  value_loss=0.0205  mi_loss=0.0002  mi_valid=0.68  div_loss=0.0001  kl_loss=0.0000 (disabled)  score=0.989  return=1.046  role_std=1.4371  role_norm=3.0009  enc_delta ego=0.0005 partner=0.0008 road=0.0009
[ROMA step 2,717,908,992] sps= 52,075  policy_loss=-0.0004  value_loss=0.0266  mi_loss=0.0002  mi_valid=0.67  div_loss=-0.0000  kl_loss=0.0000 (disabled)  score=0.989  return=1.046  role_std=1.4232  role_norm=2.9567  enc_delta ego=0.0005 partner=0.0007 road=0.0009
[ROMA step 2,718,695,424] sps= 52,080  policy_loss=0.0064  value_loss=0.0260  mi_loss=0.0002  mi_valid=0.69  div_loss=0.0002  kl_loss=0.0000 (disabled)  score=0.989  return=1.045  role_std=1.4267  role_norm=2.9580  enc_delta ego=0.0007 partner=0.0008 road=0.0012
[ROMA step 2,719,481,856] sps= 52,085  policy_loss=0.0018  value_loss=0.0220  mi_loss=0.0002  mi_valid=0.69  div_loss=0.0001  kl_loss=0.0000 (disabled)  score=0.989  return=1.045  role_std=1.4293  role_norm=2.9517  enc_delta ego=0.0006 partner=0.0006 road=0.0010
[ROMA step 2,720,268,288] sps= 52,072  policy_loss=-0.0019  value_loss=0.0240  mi_loss=0.0002  mi_valid=0.67  div_loss=0.0001  kl_loss=0.0000 (disabled)  score=0.988  return=1.045  role_std=1.4357  role_norm=2.9273  enc_delta ego=0.0005 partner=0.0006 road=0.0008
[ROMA step 2,721,054,720] sps= 52,077  policy_loss=-0.0022  value_loss=0.0120  mi_loss=0.0002  mi_valid=0.67  div_loss=0.0001  kl_loss=0.0000 (disabled)  score=0.989  return=1.045  role_std=1.4617  role_norm=2.9979  enc_delta ego=0.0005 partner=0.0006 road=0.0009
[ROMA step 2,721,841,152] sps= 52,082  policy_loss=0.0004  value_loss=0.0153  mi_loss=0.0002  mi_valid=0.67  div_loss=0.0000  kl_loss=0.0000 (disabled)  score=0.989  return=1.045  role_std=1.4521  role_norm=2.9921  enc_delta ego=0.0005 partner=0.0006 road=0.0010
[ROMA step 2,722,627,584] sps= 52,087  policy_loss=-0.0092  value_loss=0.0112  mi_loss=0.0002  mi_valid=0.67  div_loss=0.0000  kl_loss=0.0000 (disabled)  score=0.989  return=1.045  role_std=1.4481  role_norm=3.0001  enc_delta ego=0.0005 partner=0.0006 road=0.0008
[ROMA step 2,723,414,016] sps= 52,075  policy_loss=0.0065  value_loss=0.0218  mi_loss=0.0002  mi_valid=0.67  div_loss=0.0003  kl_loss=0.0000 (disabled)  score=0.989  return=1.045  role_std=1.4911  role_norm=3.0984  enc_delta ego=0.0005 partner=0.0005 road=0.0008
[ROMA step 2,724,200,448] sps= 52,080  policy_loss=0.0009  value_loss=0.0123  mi_loss=0.0002  mi_valid=0.68  div_loss=0.0002  kl_loss=0.0000 (disabled)  score=0.989  return=1.045  role_std=1.4676  role_norm=3.0593  enc_delta ego=0.0005 partner=0.0005 road=0.0008
[ROMA step 2,724,986,880] sps= 52,085  policy_loss=-0.0008  value_loss=0.0137  mi_loss=0.0002  mi_valid=0.68  div_loss=0.0000  kl_loss=0.0000 (disabled)  score=0.989  return=1.044  role_std=1.4810  role_norm=3.0478  enc_delta ego=0.0005 partner=0.0005 road=0.0008
[ROMA step 2,725,773,312] sps= 52,072  policy_loss=0.0002  value_loss=0.0232  mi_loss=0.0002  mi_valid=0.67  div_loss=0.0002  kl_loss=0.0000 (disabled)  score=0.989  return=1.044  role_std=1.4372  role_norm=3.0485  enc_delta ego=0.0004 partner=0.0005 road=0.0008
[ROMA step 2,726,559,744] sps= 52,077  policy_loss=0.0023  value_loss=0.0138  mi_loss=0.0002  mi_valid=0.67  div_loss=0.0003  kl_loss=0.0000 (disabled)  score=0.989  return=1.044  role_std=1.4697  role_norm=3.0143  enc_delta ego=0.0005 partner=0.0005 road=0.0010
[ROMA step 2,727,346,176] sps= 52,082  policy_loss=0.0012  value_loss=0.0125  mi_loss=0.0002  mi_valid=0.68  div_loss=0.0000  kl_loss=0.0000 (disabled)  score=0.988  return=1.044  role_std=1.4298  role_norm=2.9950  enc_delta ego=0.0004 partner=0.0005 road=0.0008
[ROMA step 2,728,132,608] sps= 52,087  policy_loss=0.0021  value_loss=0.0147  mi_loss=0.0002  mi_valid=0.68  div_loss=0.0000  kl_loss=0.0000 (disabled)  score=0.988  return=1.044  role_std=1.4297  role_norm=3.0159  enc_delta ego=0.0004 partner=0.0005 road=0.0008
[ROMA step 2,728,919,040] sps= 52,073  policy_loss=0.0012  value_loss=0.0215  mi_loss=0.0002  mi_valid=0.66  div_loss=0.0001  kl_loss=0.0000 (disabled)  score=0.988  return=1.043  role_std=1.4276  role_norm=2.9438  enc_delta ego=0.0005 partner=0.0005 road=0.0007
[ROMA step 2,729,705,472] sps= 52,078  policy_loss=-0.0045  value_loss=0.0080  mi_loss=0.0002  mi_valid=0.67  div_loss=0.0000  kl_loss=0.0000 (disabled)  score=0.988  return=1.044  role_std=1.4146  role_norm=2.9036  enc_delta ego=0.0004 partner=0.0005 road=0.0007
[ROMA step 2,730,491,904] sps= 52,084  policy_loss=0.0050  value_loss=0.0094  mi_loss=0.0002  mi_valid=0.67  div_loss=0.0001  kl_loss=0.0000 (disabled)  score=0.988  return=1.044  role_std=1.4116  role_norm=2.9586  enc_delta ego=0.0004 partner=0.0005 road=0.0009
[ROMA step 2,731,278,336] sps= 52,074  policy_loss=0.0077  value_loss=0.0203  mi_loss=0.0002  mi_valid=0.65  div_loss=0.0001  kl_loss=0.0000 (disabled)  score=0.989  return=1.044  role_std=1.4563  role_norm=3.0284  enc_delta ego=0.0004 partner=0.0005 road=0.0007
[ROMA step 2,732,064,768] sps= 52,079  policy_loss=-0.0013  value_loss=0.0142  mi_loss=0.0002  mi_valid=0.68  div_loss=0.0005  kl_loss=0.0000 (disabled)  score=0.989  return=1.044  role_std=1.4438  role_norm=3.0292  enc_delta ego=0.0005 partner=0.0005 road=0.0010
[ROMA step 2,732,851,200] sps= 52,084  policy_loss=-0.0052  value_loss=0.0132  mi_loss=0.0002  mi_valid=0.68  div_loss=0.0001  kl_loss=0.0000 (disabled)  score=0.989  return=1.044  role_std=1.4452  role_norm=3.0171  enc_delta ego=0.0005 partner=0.0006 road=0.0010
[ROMA step 2,733,637,632] sps= 52,089  policy_loss=-0.0015  value_loss=0.0141  mi_loss=0.0002  mi_valid=0.68  div_loss=0.0000  kl_loss=0.0000 (disabled)  score=0.989  return=1.044  role_std=1.4285  role_norm=2.9825  enc_delta ego=0.0005 partner=0.0006 road=0.0008
[ROMA step 2,734,424,064] sps= 52,077  policy_loss=0.0005  value_loss=0.0224  mi_loss=0.0002  mi_valid=0.67  div_loss=0.0001  kl_loss=0.0000 (disabled)  score=0.989  return=1.044  role_std=1.3698  role_norm=2.8699  enc_delta ego=0.0004 partner=0.0005 road=0.0008
[ROMA step 2,735,210,496] sps= 52,082  policy_loss=-0.0044  value_loss=0.0126  mi_loss=0.0002  mi_valid=0.68  div_loss=0.0004  kl_loss=0.0000 (disabled)  score=0.989  return=1.045  role_std=1.3763  role_norm=2.8608  enc_delta ego=0.0005 partner=0.0005 road=0.0009
[ROMA step 2,735,996,928] sps= 52,087  policy_loss=-0.0045  value_loss=0.0088  mi_loss=0.0002  mi_valid=0.68  div_loss=0.0000  kl_loss=0.0000 (disabled)  score=0.989  return=1.046  role_std=1.3790  role_norm=2.8249  enc_delta ego=0.0005 partner=0.0004 road=0.0008
[ROMA step 2,736,783,360] sps= 52,092  policy_loss=-0.0055  value_loss=0.0099  mi_loss=0.0001  mi_valid=0.68  div_loss=0.0001  kl_loss=0.0000 (disabled)  score=0.989  return=1.047  role_std=1.3746  role_norm=2.8283  enc_delta ego=0.0007 partner=0.0005 road=0.0009
[ROMA step 2,737,569,792] sps= 52,079  policy_loss=0.0033  value_loss=0.0238  mi_loss=0.0002  mi_valid=0.67  div_loss=0.0000  kl_loss=0.0000 (disabled)  score=0.989  return=1.047  role_std=1.4201  role_norm=2.9337  enc_delta ego=0.0004 partner=0.0007 road=0.0009
[ROMA step 2,738,356,224] sps= 52,084  policy_loss=-0.0045  value_loss=0.0123  mi_loss=0.0002  mi_valid=0.68  div_loss=0.0001  kl_loss=0.0000 (disabled)  score=0.989  return=1.046  role_std=1.4232  role_norm=2.9463  enc_delta ego=0.0005 partner=0.0006 road=0.0008
[ROMA step 2,739,142,656] sps= 52,089  policy_loss=-0.0032  value_loss=0.0140  mi_loss=0.0002  mi_valid=0.68  div_loss=0.0001  kl_loss=0.0000 (disabled)  score=0.989  return=1.046  role_std=1.4284  role_norm=2.9656  enc_delta ego=0.0005 partner=0.0006 road=0.0007
[ROMA step 2,739,929,088] sps= 52,076  policy_loss=-0.0054  value_loss=0.0214  mi_loss=0.0002  mi_valid=0.67  div_loss=0.0001  kl_loss=0.0000 (disabled)  score=0.989  return=1.046  role_std=1.3988  role_norm=2.8975  enc_delta ego=0.0004 partner=0.0005 road=0.0008
[ROMA step 2,740,715,520] sps= 52,080  policy_loss=0.0013  value_loss=0.0145  mi_loss=0.0002  mi_valid=0.68  div_loss=0.0002  kl_loss=0.0000 (disabled)  score=0.988  return=1.046  role_std=1.3967  role_norm=2.8869  enc_delta ego=0.0009 partner=0.0006 road=0.0007
[ROMA step 2,741,501,952] sps= 52,085  policy_loss=-0.0016  value_loss=0.0120  mi_loss=0.0002  mi_valid=0.68  div_loss=0.0000  kl_loss=0.0000 (disabled)  score=0.988  return=1.047  role_std=1.4133  role_norm=2.8847  enc_delta ego=0.0008 partner=0.0006 road=0.0010
[ROMA step 2,742,288,384] sps= 52,090  policy_loss=0.0001  value_loss=0.0128  mi_loss=0.0002  mi_valid=0.68  div_loss=-0.0000  kl_loss=0.0000 (disabled)  score=0.988  return=1.047  role_std=1.4084  role_norm=2.8989  enc_delta ego=0.0006 partner=0.0006 road=0.0009
[ROMA step 2,743,074,816] sps= 52,079  policy_loss=-0.0058  value_loss=0.0224  mi_loss=0.0002  mi_valid=0.66  div_loss=0.0001  kl_loss=0.0000 (disabled)  score=0.988  return=1.047  role_std=1.4251  role_norm=2.9400  enc_delta ego=0.0006 partner=0.0005 road=0.0009
[ROMA step 2,743,861,248] sps= 52,084  policy_loss=-0.0049  value_loss=0.0137  mi_loss=0.0002  mi_valid=0.67  div_loss=0.0001  kl_loss=0.0000 (disabled)  score=0.988  return=1.047  role_std=1.4581  role_norm=2.9585  enc_delta ego=0.0005 partner=0.0006 road=0.0008
[ROMA step 2,744,647,680] sps= 52,089  policy_loss=-0.0003  value_loss=0.0154  mi_loss=0.0002  mi_valid=0.67  div_loss=0.0000  kl_loss=0.0000 (disabled)  score=0.988  return=1.048  role_std=1.4442  role_norm=2.9229  enc_delta ego=0.0005 partner=0.0006 road=0.0008
[ROMA step 2,745,434,112] sps= 52,077  policy_loss=-0.0037  value_loss=0.0192  mi_loss=0.0002  mi_valid=0.67  div_loss=0.0000  kl_loss=0.0000 (disabled)  score=0.988  return=1.048  role_std=1.3711  role_norm=2.8065  enc_delta ego=0.0004 partner=0.0004 road=0.0007
[ROMA step 2,746,220,544] sps= 52,082  policy_loss=0.0031  value_loss=0.0170  mi_loss=0.0002  mi_valid=0.68  div_loss=0.0000  kl_loss=0.0000 (disabled)  score=0.988  return=1.048  role_std=1.4005  role_norm=2.8629  enc_delta ego=0.0005 partner=0.0004 road=0.0008
[ROMA step 2,747,006,976] sps= 52,086  policy_loss=-0.0023  value_loss=0.0143  mi_loss=0.0002  mi_valid=0.68  div_loss=0.0000  kl_loss=0.0000 (disabled)  score=0.988  return=1.047  role_std=1.4239  role_norm=2.9198  enc_delta ego=0.0004 partner=0.0005 road=0.0009
[ROMA step 2,747,793,408] sps= 52,091  policy_loss=-0.0057  value_loss=0.0151  mi_loss=0.0002  mi_valid=0.68  div_loss=0.0001  kl_loss=0.0000 (disabled)  score=0.988  return=1.047  role_std=1.3879  role_norm=2.8458  enc_delta ego=0.0007 partner=0.0005 road=0.0007
[ROMA step 2,748,579,840] sps= 52,075  policy_loss=0.0014  value_loss=0.0193  mi_loss=0.0002  mi_valid=0.67  div_loss=0.0001  kl_loss=0.0000 (disabled)  score=0.988  return=1.047  role_std=1.3885  role_norm=2.8737  enc_delta ego=0.0004 partner=0.0004 road=0.0007
[ROMA step 2,749,366,272] sps= 52,079  policy_loss=-0.0014  value_loss=0.0123  mi_loss=0.0002  mi_valid=0.68  div_loss=0.0001  kl_loss=0.0000 (disabled)  score=0.987  return=1.047  role_std=1.3904  role_norm=2.8541  enc_delta ego=0.0004 partner=0.0005 road=0.0007
[ROMA step 2,750,152,704] sps= 52,083  policy_loss=-0.0016  value_loss=0.0100  mi_loss=0.0002  mi_valid=0.68  div_loss=0.0000  kl_loss=0.0000 (disabled)  score=0.987  return=1.047  role_std=1.3996  role_norm=2.8727  enc_delta ego=0.0005 partner=0.0006 road=0.0007
[ROMA step 2,750,939,136] sps= 52,069  policy_loss=0.0029  value_loss=0.0193  mi_loss=0.0002  mi_valid=0.67  div_loss=0.0001  kl_loss=0.0000 (disabled)  score=0.987  return=1.047  role_std=1.4127  role_norm=2.9406  enc_delta ego=0.0004 partner=0.0005 road=0.0008
[ROMA step 2,751,725,568] sps= 52,073  policy_loss=-0.0086  value_loss=0.0132  mi_loss=0.0002  mi_valid=0.67  div_loss=0.0002  kl_loss=0.0000 (disabled)  score=0.987  return=1.047  role_std=1.4106  role_norm=2.9091  enc_delta ego=0.0006 partner=0.0005 road=0.0009
[ROMA step 2,752,512,000] sps= 52,078  policy_loss=0.0051  value_loss=0.0164  mi_loss=0.0002  mi_valid=0.67  div_loss=0.0001  kl_loss=0.0000 (disabled)  score=0.987  return=1.047  role_std=1.4331  role_norm=2.9327  enc_delta ego=0.0005 partner=0.0005 road=0.0009
[ROMA step 2,753,298,432] sps= 52,082  policy_loss=-0.0006  value_loss=0.0105  mi_loss=0.0002  mi_valid=0.67  div_loss=0.0000  kl_loss=0.0000 (disabled)  score=0.987  return=1.047  role_std=1.4245  role_norm=2.9263  enc_delta ego=0.0004 partner=0.0004 road=0.0008
[ROMA step 2,754,084,864] sps= 52,067  policy_loss=0.0054  value_loss=0.0193  mi_loss=0.0002  mi_valid=0.66  div_loss=0.0000  kl_loss=0.0000 (disabled)  score=0.987  return=1.046  role_std=1.4325  role_norm=2.9240  enc_delta ego=0.0004 partner=0.0005 road=0.0007
[ROMA step 2,754,871,296] sps= 52,072  policy_loss=-0.0002  value_loss=0.0107  mi_loss=0.0002  mi_valid=0.67  div_loss=0.0000  kl_loss=0.0000 (disabled)  score=0.987  return=1.046  role_std=1.4201  role_norm=2.8975  enc_delta ego=0.0004 partner=0.0005 road=0.0007
[ROMA step 2,755,657,728] sps= 52,076  policy_loss=0.0006  value_loss=0.0100  mi_loss=0.0002  mi_valid=0.67  div_loss=0.0000  kl_loss=0.0000 (disabled)  score=0.987  return=1.046  role_std=1.4536  role_norm=2.9558  enc_delta ego=0.0004 partner=0.0005 road=0.0008
[ROMA step 2,756,444,160] sps= 52,058  policy_loss=0.0029  value_loss=0.0197  mi_loss=0.0002  mi_valid=0.66  div_loss=0.0000  kl_loss=0.0000 (disabled)  score=0.987  return=1.046  role_std=1.4380  role_norm=2.9607  enc_delta ego=0.0004 partner=0.0004 road=0.0006
[ROMA step 2,757,230,592] sps= 52,063  policy_loss=0.0016  value_loss=0.0091  mi_loss=0.0002  mi_valid=0.67  div_loss=0.0000  kl_loss=0.0000 (disabled)  score=0.987  return=1.047  role_std=1.4502  role_norm=2.9700  enc_delta ego=0.0005 partner=0.0005 road=0.0007
[ROMA step 2,758,017,024] sps= 52,068  policy_loss=0.0063  value_loss=0.0093  mi_loss=0.0002  mi_valid=0.67  div_loss=0.0002  kl_loss=0.0000 (disabled)  score=0.987  return=1.047  role_std=1.4516  role_norm=2.9844  enc_delta ego=0.0005 partner=0.0005 road=0.0007
[ROMA step 2,758,803,456] sps= 52,072  policy_loss=0.0009  value_loss=0.0083  mi_loss=0.0002  mi_valid=0.67  div_loss=0.0001  kl_loss=0.0000 (disabled)  score=0.988  return=1.047  role_std=1.4136  role_norm=2.9024  enc_delta ego=0.0005 partner=0.0005 road=0.0007
[ROMA step 2,759,589,888] sps= 52,055  policy_loss=0.0034  value_loss=0.0216  mi_loss=0.0002  mi_valid=0.65  div_loss=0.0002  kl_loss=0.0000 (disabled)  score=0.988  return=1.047  role_std=1.4334  role_norm=2.8987  enc_delta ego=0.0004 partner=0.0005 road=0.0007
[ROMA step 2,760,376,320] sps= 52,060  policy_loss=0.0026  value_loss=0.0110  mi_loss=0.0002  mi_valid=0.66  div_loss=0.0007  kl_loss=0.0000 (disabled)  score=0.988  return=1.047  role_std=1.4238  role_norm=2.9037  enc_delta ego=0.0005 partner=0.0005 road=0.0008
[ROMA step 2,761,162,752] sps= 52,065  policy_loss=-0.0036  value_loss=0.0109  mi_loss=0.0002  mi_valid=0.66  div_loss=0.0003  kl_loss=0.0000 (disabled)  score=0.988  return=1.047  role_std=1.4284  role_norm=2.9071  enc_delta ego=0.0004 partner=0.0005 road=0.0007
[ROMA step 2,761,949,184] sps= 52,069  policy_loss=-0.0077  value_loss=0.0104  mi_loss=0.0002  mi_valid=0.67  div_loss=0.0002  kl_loss=0.0000 (disabled)  score=0.988  return=1.046  role_std=1.4565  role_norm=2.9334  enc_delta ego=0.0005 partner=0.0005 road=0.0007
[ROMA step 2,762,735,616] sps= 52,050  policy_loss=-0.0010  value_loss=0.0242  mi_loss=0.0002  mi_valid=0.66  div_loss=0.0003  kl_loss=0.0000 (disabled)  score=0.988  return=1.047  role_std=1.4171  role_norm=2.9258  enc_delta ego=0.0006 partner=0.0006 road=0.0009
[ROMA step 2,763,522,048] sps= 52,055  policy_loss=-0.0016  value_loss=0.0138  mi_loss=0.0002  mi_valid=0.67  div_loss=0.0000  kl_loss=0.0000 (disabled)  score=0.988  return=1.048  role_std=1.4055  role_norm=2.8822  enc_delta ego=0.0005 partner=0.0006 road=0.0009
[ROMA step 2,764,308,480] sps= 52,060  policy_loss=0.0022  value_loss=0.0133  mi_loss=0.0002  mi_valid=0.67  div_loss=0.0001  kl_loss=0.0000 (disabled)  score=0.988  return=1.048  role_std=1.4209  role_norm=2.9034  enc_delta ego=0.0004 partner=0.0005 road=0.0008
[ROMA step 2,765,094,912] sps= 52,043  policy_loss=0.0024  value_loss=0.0185  mi_loss=0.0002  mi_valid=0.66  div_loss=0.0007  kl_loss=0.0000 (disabled)  score=0.988  return=1.048  role_std=1.4893  role_norm=3.0643  enc_delta ego=0.0005 partner=0.0004 road=0.0007
[ROMA step 2,765,881,344] sps= 52,048  policy_loss=0.0011  value_loss=0.0104  mi_loss=0.0002  mi_valid=0.67  div_loss=0.0002  kl_loss=0.0000 (disabled)  score=0.989  return=1.049  role_std=1.4896  role_norm=3.0569  enc_delta ego=0.0004 partner=0.0004 road=0.0007
[ROMA step 2,766,667,776] sps= 52,052  policy_loss=0.0019  value_loss=0.0122  mi_loss=0.0002  mi_valid=0.67  div_loss=0.0001  kl_loss=0.0000 (disabled)  score=0.989  return=1.049  role_std=1.4615  role_norm=3.0189  enc_delta ego=0.0004 partner=0.0005 road=0.0008
[ROMA step 2,767,454,208] sps= 52,057  policy_loss=0.0028  value_loss=0.0114  mi_loss=0.0002  mi_valid=0.67  div_loss=0.0000  kl_loss=0.0000 (disabled)  score=0.989  return=1.050  role_std=1.4626  role_norm=2.9802  enc_delta ego=0.0004 partner=0.0004 road=0.0007
[ROMA step 2,768,240,640] sps= 52,040  policy_loss=0.0005  value_loss=0.0224  mi_loss=0.0002  mi_valid=0.66  div_loss=0.0001  kl_loss=0.0000 (disabled)  score=0.989  return=1.050  role_std=1.4056  role_norm=2.8683  enc_delta ego=0.0004 partner=0.0005 road=0.0009
[ROMA step 2,769,027,072] sps= 52,045  policy_loss=0.0033  value_loss=0.0138  mi_loss=0.0002  mi_valid=0.67  div_loss=-0.0000  kl_loss=0.0000 (disabled)  score=0.989  return=1.050  role_std=1.4197  role_norm=2.8860  enc_delta ego=0.0005 partner=0.0006 road=0.0008
[ROMA step 2,769,813,504] sps= 52,050  policy_loss=-0.0048  value_loss=0.0106  mi_loss=0.0002  mi_valid=0.67  div_loss=-0.0000  kl_loss=0.0000 (disabled)  score=0.989  return=1.051  role_std=1.4176  role_norm=2.8828  enc_delta ego=0.0005 partner=0.0005 road=0.0007
[ROMA step 2,770,599,936] sps= 52,032  policy_loss=0.0017  value_loss=0.0185  mi_loss=0.0002  mi_valid=0.66  div_loss=0.0000  kl_loss=0.0000 (disabled)  score=0.989  return=1.051  role_std=1.3735  role_norm=2.7330  enc_delta ego=0.0005 partner=0.0004 road=0.0006
[ROMA step 2,771,386,368] sps= 52,037  policy_loss=0.0005  value_loss=0.0130  mi_loss=0.0002  mi_valid=0.68  div_loss=0.0003  kl_loss=0.0000 (disabled)  score=0.989  return=1.051  role_std=1.3403  role_norm=2.7090  enc_delta ego=0.0004 partner=0.0005 road=0.0007
[ROMA step 2,772,172,800] sps= 52,041  policy_loss=0.0038  value_loss=0.0118  mi_loss=0.0002  mi_valid=0.68  div_loss=0.0001  kl_loss=0.0000 (disabled)  score=0.989  return=1.051  role_std=1.3689  role_norm=2.7746  enc_delta ego=0.0005 partner=0.0005 road=0.0007
[ROMA step 2,772,959,232] sps= 52,046  policy_loss=-0.0003  value_loss=0.0122  mi_loss=0.0002  mi_valid=0.68  div_loss=0.0001  kl_loss=0.0000 (disabled)  score=0.989  return=1.051  role_std=1.3756  role_norm=2.7779  enc_delta ego=0.0004 partner=0.0005 road=0.0007
[ROMA step 2,773,745,664] sps= 52,029  policy_loss=0.0046  value_loss=0.0290  mi_loss=0.0002  mi_valid=0.67  div_loss=0.0009  kl_loss=0.0000 (disabled)  score=0.989  return=1.050  role_std=1.4337  role_norm=2.9574  enc_delta ego=0.0006 partner=0.0005 road=0.0009
[ROMA step 2,774,532,096] sps= 52,034  policy_loss=0.0047  value_loss=0.0191  mi_loss=0.0002  mi_valid=0.69  div_loss=0.0001  kl_loss=0.0000 (disabled)  score=0.989  return=1.049  role_std=1.4229  role_norm=2.9311  enc_delta ego=0.0005 partner=0.0006 road=0.0009
[ROMA step 2,775,318,528] sps= 52,038  policy_loss=-0.0089  value_loss=0.0204  mi_loss=0.0002  mi_valid=0.69  div_loss=0.0000  kl_loss=0.0000 (disabled)  score=0.988  return=1.049  role_std=1.4496  role_norm=2.9472  enc_delta ego=0.0004 partner=0.0005 road=0.0008
[ROMA step 2,776,104,960] sps= 52,023  policy_loss=-0.0138  value_loss=0.0259  mi_loss=0.0002  mi_valid=0.68  div_loss=0.0001  kl_loss=0.0000 (disabled)  score=0.988  return=1.048  role_std=1.3960  role_norm=2.9309  enc_delta ego=0.0005 partner=0.0005 road=0.0008
[ROMA step 2,776,891,392] sps= 52,027  policy_loss=-0.0013  value_loss=0.0135  mi_loss=0.0002  mi_valid=0.68  div_loss=0.0009  kl_loss=0.0000 (disabled)  score=0.988  return=1.048  role_std=1.4052  role_norm=2.8896  enc_delta ego=0.0005 partner=0.0005 road=0.0007
[ROMA step 2,777,677,824] sps= 52,032  policy_loss=0.0006  value_loss=0.0139  mi_loss=0.0002  mi_valid=0.68  div_loss=0.0002  kl_loss=0.0000 (disabled)  score=0.988  return=1.048  role_std=1.4172  role_norm=2.9140  enc_delta ego=0.0004 partner=0.0005 road=0.0007
[ROMA step 2,778,464,256] sps= 52,037  policy_loss=0.0006  value_loss=0.0133  mi_loss=0.0002  mi_valid=0.69  div_loss=0.0001  kl_loss=0.0000 (disabled)  score=0.988  return=1.048  role_std=1.4231  role_norm=2.9039  enc_delta ego=0.0004 partner=0.0005 road=0.0008
[ROMA step 2,779,250,688] sps= 52,022  policy_loss=-0.0045  value_loss=0.0252  mi_loss=0.0002  mi_valid=0.67  div_loss=0.0001  kl_loss=0.0000 (disabled)  score=0.988  return=1.048  role_std=1.4552  role_norm=2.9814  enc_delta ego=0.0009 partner=0.0006 road=0.0008
[ROMA step 2,780,037,120] sps= 52,027  policy_loss=0.0001  value_loss=0.0156  mi_loss=0.0002  mi_valid=0.68  div_loss=0.0001  kl_loss=0.0000 (disabled)  score=0.987  return=1.047  role_std=1.4495  role_norm=2.9663  enc_delta ego=0.0005 partner=0.0007 road=0.0007
[ROMA step 2,780,823,552] sps= 52,032  policy_loss=-0.0049  value_loss=0.0165  mi_loss=0.0002  mi_valid=0.68  div_loss=0.0001  kl_loss=0.0000 (disabled)  score=0.987  return=1.047  role_std=1.4608  role_norm=3.0163  enc_delta ego=0.0007 partner=0.0005 road=0.0006
[ROMA step 2,781,609,984] sps= 52,017  policy_loss=-0.0052  value_loss=0.0224  mi_loss=0.0002  mi_valid=0.66  div_loss=0.0001  kl_loss=0.0000 (disabled)  score=0.987  return=1.046  role_std=1.4936  role_norm=3.1678  enc_delta ego=0.0004 partner=0.0006 road=0.0007
[ROMA step 2,782,396,416] sps= 52,022  policy_loss=-0.0020  value_loss=0.0140  mi_loss=0.0002  mi_valid=0.67  div_loss=0.0007  kl_loss=0.0000 (disabled)  score=0.987  return=1.046  role_std=1.5071  role_norm=3.0864  enc_delta ego=0.0006 partner=0.0005 road=0.0008
[ROMA step 2,783,182,848] sps= 52,027  policy_loss=-0.0071  value_loss=0.0107  mi_loss=0.0002  mi_valid=0.67  div_loss=-0.0000  kl_loss=0.0000 (disabled)  score=0.987  return=1.046  role_std=1.5083  role_norm=3.0799  enc_delta ego=0.0004 partner=0.0005 road=0.0006
[ROMA step 2,783,969,280] sps= 52,032  policy_loss=0.0015  value_loss=0.0133  mi_loss=0.0002  mi_valid=0.67  div_loss=0.0000  kl_loss=0.0000 (disabled)  score=0.987  return=1.046  role_std=1.4863  role_norm=3.0453  enc_delta ego=0.0004 partner=0.0005 road=0.0007
[ROMA step 2,784,755,712] sps= 52,016  policy_loss=-0.0015  value_loss=0.0247  mi_loss=0.0002  mi_valid=0.65  div_loss=0.0003  kl_loss=0.0000 (disabled)  score=0.987  return=1.045  role_std=1.4634  role_norm=3.0027  enc_delta ego=0.0005 partner=0.0005 road=0.0007
[ROMA step 2,785,542,144] sps= 52,021  policy_loss=-0.0007  value_loss=0.0141  mi_loss=0.0002  mi_valid=0.66  div_loss=-0.0000  kl_loss=0.0000 (disabled)  score=0.987  return=1.045  role_std=1.4701  role_norm=3.0216  enc_delta ego=0.0005 partner=0.0004 road=0.0008
[ROMA step 2,786,328,576] sps= 52,025  policy_loss=-0.0049  value_loss=0.0128  mi_loss=0.0002  mi_valid=0.66  div_loss=0.0000  kl_loss=0.0000 (disabled)  score=0.987  return=1.044  role_std=1.5155  role_norm=3.0845  enc_delta ego=0.0004 partner=0.0005 road=0.0007
[ROMA step 2,787,115,008] sps= 52,030  policy_loss=-0.0013  value_loss=0.0096  mi_loss=0.0002  mi_valid=0.66  div_loss=0.0000  kl_loss=0.0000 (disabled)  score=0.987  return=1.044  role_std=1.4720  role_norm=3.0256  enc_delta ego=0.0003 partner=0.0004 road=0.0006
[ROMA step 2,787,901,440] sps= 52,015  policy_loss=0.0091  value_loss=0.0195  mi_loss=0.0002  mi_valid=0.66  div_loss=0.0000  kl_loss=0.0000 (disabled)  score=0.987  return=1.044  role_std=1.4883  role_norm=3.0508  enc_delta ego=0.0003 partner=0.0004 road=0.0006
[ROMA step 2,788,687,872] sps= 52,019  policy_loss=0.0012  value_loss=0.0127  mi_loss=0.0002  mi_valid=0.67  div_loss=0.0000  kl_loss=0.0000 (disabled)  score=0.987  return=1.044  role_std=1.4932  role_norm=3.0719  enc_delta ego=0.0003 partner=0.0005 road=0.0006
[ROMA step 2,789,474,304] sps= 52,024  policy_loss=-0.0002  value_loss=0.0097  mi_loss=0.0002  mi_valid=0.67  div_loss=0.0000  kl_loss=0.0000 (disabled)  score=0.987  return=1.044  role_std=1.4902  role_norm=3.0709  enc_delta ego=0.0004 partner=0.0004 road=0.0007
[ROMA step 2,790,260,736] sps= 52,005  policy_loss=0.0014  value_loss=0.0232  mi_loss=0.0002  mi_valid=0.66  div_loss=0.0001  kl_loss=0.0000 (disabled)  score=0.987  return=1.044  role_std=1.4503  role_norm=2.9736  enc_delta ego=0.0004 partner=0.0004 road=0.0007
[ROMA step 2,791,047,168] sps= 52,009  policy_loss=-0.0026  value_loss=0.0120  mi_loss=0.0002  mi_valid=0.67  div_loss=0.0001  kl_loss=0.0000 (disabled)  score=0.987  return=1.044  role_std=1.4567  role_norm=2.9662  enc_delta ego=0.0005 partner=0.0004 road=0.0007
[ROMA step 2,791,833,600] sps= 52,014  policy_loss=-0.0043  value_loss=0.0089  mi_loss=0.0002  mi_valid=0.67  div_loss=0.0000  kl_loss=0.0000 (disabled)  score=0.988  return=1.045  role_std=1.4483  role_norm=2.9271  enc_delta ego=0.0004 partner=0.0004 road=0.0007
[ROMA step 2,792,620,032] sps= 52,019  policy_loss=-0.0004  value_loss=0.0118  mi_loss=0.0002  mi_valid=0.67  div_loss=0.0000  kl_loss=0.0000 (disabled)  score=0.988  return=1.045  role_std=1.4407  role_norm=2.9171  enc_delta ego=0.0005 partner=0.0003 road=0.0008
[ROMA step 2,793,406,464] sps= 51,999  policy_loss=0.0013  value_loss=0.0257  mi_loss=0.0002  mi_valid=0.67  div_loss=0.0003  kl_loss=0.0000 (disabled)  score=0.988  return=1.045  role_std=1.4706  role_norm=3.0236  enc_delta ego=0.0004 partner=0.0003 road=0.0007
[ROMA step 2,794,192,896] sps= 52,004  policy_loss=-0.0028  value_loss=0.0127  mi_loss=0.0002  mi_valid=0.68  div_loss=0.0000  kl_loss=0.0000 (disabled)  score=0.988  return=1.044  role_std=1.4702  role_norm=3.0256  enc_delta ego=0.0004 partner=0.0004 road=0.0009
[ROMA step 2,794,979,328] sps= 52,008  policy_loss=-0.0022  value_loss=0.0129  mi_loss=0.0002  mi_valid=0.68  div_loss=0.0000  kl_loss=0.0000 (disabled)  score=0.988  return=1.043  role_std=1.4737  role_norm=3.0140  enc_delta ego=0.0003 partner=0.0005 road=0.0008
[ROMA step 2,795,765,760] sps= 51,992  policy_loss=0.0018  value_loss=0.0252  mi_loss=0.0002  mi_valid=0.67  div_loss=0.0001  kl_loss=0.0000 (disabled)  score=0.988  return=1.043  role_std=1.5044  role_norm=3.0993  enc_delta ego=0.0004 partner=0.0005 road=0.0006
[ROMA step 2,796,552,192] sps= 51,997  policy_loss=0.0002  value_loss=0.0172  mi_loss=0.0002  mi_valid=0.68  div_loss=0.0001  kl_loss=0.0000 (disabled)  score=0.988  return=1.043  role_std=1.4783  role_norm=3.0461  enc_delta ego=0.0007 partner=0.0005 road=0.0008
[ROMA step 2,797,338,624] sps= 52,001  policy_loss=-0.0058  value_loss=0.0119  mi_loss=0.0002  mi_valid=0.68  div_loss=0.0001  kl_loss=0.0000 (disabled)  score=0.988  return=1.042  role_std=1.5180  role_norm=3.1155  enc_delta ego=0.0005 partner=0.0005 road=0.0007
[ROMA step 2,798,125,056] sps= 52,006  policy_loss=-0.0009  value_loss=0.0112  mi_loss=0.0002  mi_valid=0.68  div_loss=0.0001  kl_loss=0.0000 (disabled)  score=0.987  return=1.042  role_std=1.5029  role_norm=3.0865  enc_delta ego=0.0004 partner=0.0004 road=0.0006
[ROMA step 2,798,911,488] sps= 51,992  policy_loss=-0.0037  value_loss=0.0206  mi_loss=0.0002  mi_valid=0.67  div_loss=0.0001  kl_loss=0.0000 (disabled)  score=0.987  return=1.042  role_std=1.4250  role_norm=2.9347  enc_delta ego=0.0005 partner=0.0005 road=0.0007
[ROMA step 2,799,697,920] sps= 51,997  policy_loss=-0.0089  value_loss=0.0120  mi_loss=0.0002  mi_valid=0.68  div_loss=0.0003  kl_loss=0.0000 (disabled)  score=0.987  return=1.041  role_std=1.4000  role_norm=2.8875  enc_delta ego=0.0004 partner=0.0005 road=0.0007
[ROMA step 2,800,484,352] sps= 52,002  policy_loss=-0.0025  value_loss=0.0132  mi_loss=0.0002  mi_valid=0.68  div_loss=0.0001  kl_loss=0.0000 (disabled)  score=0.987  return=1.041  role_std=1.3988  role_norm=2.8684  enc_delta ego=0.0005 partner=0.0005 road=0.0007
[ROMA step 2,801,270,784] sps= 51,991  policy_loss=-0.0059  value_loss=0.0225  mi_loss=0.0002  mi_valid=0.67  div_loss=0.0000  kl_loss=0.0000 (disabled)  score=0.987  return=1.040  role_std=1.4879  role_norm=3.0764  enc_delta ego=0.0004 partner=0.0004 road=0.0006
[ROMA step 2,802,057,216] sps= 51,996  policy_loss=-0.0064  value_loss=0.0151  mi_loss=0.0002  mi_valid=0.67  div_loss=-0.0000  kl_loss=0.0000 (disabled)  score=0.987  return=1.040  role_std=1.4670  role_norm=3.0335  enc_delta ego=0.0003 partner=0.0004 road=0.0006
[ROMA step 2,802,843,648] sps= 52,000  policy_loss=0.0029  value_loss=0.0201  mi_loss=0.0002  mi_valid=0.67  div_loss=-0.0000  kl_loss=0.0000 (disabled)  score=0.986  return=1.040  role_std=1.5095  role_norm=3.1330  enc_delta ego=0.0004 partner=0.0006 road=0.0007
[ROMA step 2,803,630,080] sps= 52,005  policy_loss=0.0008  value_loss=0.0157  mi_loss=0.0002  mi_valid=0.67  div_loss=0.0001  kl_loss=0.0000 (disabled)  score=0.986  return=1.039  role_std=1.5151  role_norm=3.1388  enc_delta ego=0.0004 partner=0.0007 road=0.0007
[ROMA step 2,804,416,512] sps= 51,996  policy_loss=-0.0010  value_loss=0.0203  mi_loss=0.0002  mi_valid=0.66  div_loss=0.0010  kl_loss=0.0000 (disabled)  score=0.986  return=1.039  role_std=1.4996  role_norm=3.0978  enc_delta ego=0.0004 partner=0.0004 road=0.0006
[ROMA step 2,805,202,944] sps= 52,001  policy_loss=-0.0035  value_loss=0.0086  mi_loss=0.0002  mi_valid=0.67  div_loss=0.0008  kl_loss=0.0000 (disabled)  score=0.986  return=1.040  role_std=1.4889  role_norm=3.0641  enc_delta ego=0.0004 partner=0.0004 road=0.0008
[ROMA step 2,805,989,376] sps= 52,006  policy_loss=-0.0016  value_loss=0.0092  mi_loss=0.0002  mi_valid=0.67  div_loss=0.0002  kl_loss=0.0000 (disabled)  score=0.986  return=1.040  role_std=1.4882  role_norm=3.0668  enc_delta ego=0.0003 partner=0.0005 road=0.0007
[ROMA step 2,806,775,808] sps= 51,995  policy_loss=-0.0011  value_loss=0.0209  mi_loss=0.0002  mi_valid=0.65  div_loss=0.0001  kl_loss=0.0000 (disabled)  score=0.987  return=1.041  role_std=1.4864  role_norm=3.1972  enc_delta ego=0.0003 partner=0.0005 road=0.0007
[ROMA step 2,807,562,240] sps= 52,000  policy_loss=-0.0034  value_loss=0.0203  mi_loss=0.0002  mi_valid=0.68  div_loss=0.0002  kl_loss=0.0000 (disabled)  score=0.986  return=1.041  role_std=1.4754  role_norm=3.0498  enc_delta ego=0.0004 partner=0.0005 road=0.0008
[ROMA step 2,808,348,672] sps= 52,005  policy_loss=-0.0070  value_loss=0.0187  mi_loss=0.0002  mi_valid=0.68  div_loss=0.0002  kl_loss=0.0000 (disabled)  score=0.986  return=1.040  role_std=1.4585  role_norm=3.0150  enc_delta ego=0.0004 partner=0.0005 road=0.0007
[ROMA step 2,809,135,104] sps= 52,010  policy_loss=-0.0023  value_loss=0.0152  mi_loss=0.0002  mi_valid=0.68  div_loss=0.0001  kl_loss=0.0000 (disabled)  score=0.986  return=1.040  role_std=1.4772  role_norm=3.0651  enc_delta ego=0.0004 partner=0.0005 road=0.0008
[ROMA step 2,809,921,536] sps= 51,998  policy_loss=-0.0029  value_loss=0.0212  mi_loss=0.0002  mi_valid=0.66  div_loss=0.0000  kl_loss=0.0000 (disabled)  score=0.986  return=1.040  role_std=1.4730  role_norm=3.0510  enc_delta ego=0.0004 partner=0.0004 road=0.0006
[ROMA step 2,810,707,968] sps= 52,002  policy_loss=0.0000  value_loss=0.0121  mi_loss=0.0002  mi_valid=0.67  div_loss=0.0000  kl_loss=0.0000 (disabled)  score=0.986  return=1.041  role_std=1.4899  role_norm=3.0874  enc_delta ego=0.0004 partner=0.0005 road=0.0007
[ROMA step 2,811,494,400] sps= 52,007  policy_loss=-0.0052  value_loss=0.0093  mi_loss=0.0002  mi_valid=0.67  div_loss=0.0001  kl_loss=0.0000 (disabled)  score=0.987  return=1.042  role_std=1.4833  role_norm=3.0596  enc_delta ego=0.0004 partner=0.0004 road=0.0006
[ROMA step 2,812,280,832] sps= 52,012  policy_loss=0.0002  value_loss=0.0091  mi_loss=0.0002  mi_valid=0.67  div_loss=-0.0000  kl_loss=0.0000 (disabled)  score=0.987  return=1.044  role_std=1.4962  role_norm=3.0859  enc_delta ego=0.0004 partner=0.0004 road=0.0006
[ROMA step 2,813,067,264] sps= 52,000  policy_loss=-0.0056  value_loss=0.0178  mi_loss=0.0002  mi_valid=0.67  div_loss=0.0004  kl_loss=0.0000 (disabled)  score=0.987  return=1.044  role_std=1.4636  role_norm=3.0188  enc_delta ego=0.0004 partner=0.0005 road=0.0007
[ROMA step 2,813,853,696] sps= 52,005  policy_loss=-0.0006  value_loss=0.0118  mi_loss=0.0002  mi_valid=0.67  div_loss=0.0001  kl_loss=0.0000 (disabled)  score=0.988  return=1.045  role_std=1.4639  role_norm=2.9998  enc_delta ego=0.0004 partner=0.0004 road=0.0007
[ROMA step 2,814,640,128] sps= 52,010  policy_loss=0.0008  value_loss=0.0123  mi_loss=0.0002  mi_valid=0.67  div_loss=0.0000  kl_loss=0.0000 (disabled)  score=0.988  return=1.046  role_std=1.4727  role_norm=3.0351  enc_delta ego=0.0004 partner=0.0003 road=0.0007
[ROMA step 2,815,426,560] sps= 52,003  policy_loss=-0.0006  value_loss=0.0221  mi_loss=0.0002  mi_valid=0.66  div_loss=-0.0000  kl_loss=0.0000 (disabled)  score=0.989  return=1.046  role_std=1.4399  role_norm=3.0026  enc_delta ego=0.0004 partner=0.0003 road=0.0007
[ROMA step 2,816,212,992] sps= 52,008  policy_loss=0.0030  value_loss=0.0134  mi_loss=0.0002  mi_valid=0.67  div_loss=0.0003  kl_loss=0.0000 (disabled)  score=0.989  return=1.047  role_std=1.4422  role_norm=3.0066  enc_delta ego=0.0004 partner=0.0005 road=0.0006
[ROMA step 2,816,999,424] sps= 52,012  policy_loss=-0.0021  value_loss=0.0124  mi_loss=0.0002  mi_valid=0.67  div_loss=0.0002  kl_loss=0.0000 (disabled)  score=0.989  return=1.048  role_std=1.4715  role_norm=3.0127  enc_delta ego=0.0004 partner=0.0004 road=0.0007
[ROMA step 2,817,785,856] sps= 52,017  policy_loss=-0.0003  value_loss=0.0106  mi_loss=0.0002  mi_valid=0.67  div_loss=-0.0000  kl_loss=0.0000 (disabled)  score=0.989  return=1.048  role_std=1.4667  role_norm=3.0103  enc_delta ego=0.0004 partner=0.0004 road=0.0006
[ROMA step 2,818,572,288] sps= 52,010  policy_loss=0.0001  value_loss=0.0222  mi_loss=0.0002  mi_valid=0.67  div_loss=0.0001  kl_loss=0.0000 (disabled)  score=0.989  return=1.049  role_std=1.4621  role_norm=3.0179  enc_delta ego=0.0004 partner=0.0004 road=0.0006
[ROMA step 2,819,358,720] sps= 52,014  policy_loss=-0.0001  value_loss=0.0132  mi_loss=0.0002  mi_valid=0.68  div_loss=0.0001  kl_loss=0.0000 (disabled)  score=0.989  return=1.049  role_std=1.4795  role_norm=3.0654  enc_delta ego=0.0006 partner=0.0004 road=0.0007
[ROMA step 2,820,145,152] sps= 52,019  policy_loss=-0.0057  value_loss=0.0129  mi_loss=0.0002  mi_valid=0.68  div_loss=0.0000  kl_loss=0.0000 (disabled)  score=0.989  return=1.050  role_std=1.4290  role_norm=2.9687  enc_delta ego=0.0004 partner=0.0004 road=0.0007
[ROMA step 2,820,931,584] sps= 52,007  policy_loss=-0.0000  value_loss=0.0245  mi_loss=0.0002  mi_valid=0.67  div_loss=0.0001  kl_loss=0.0000 (disabled)  score=0.989  return=1.050  role_std=1.4829  role_norm=3.0463  enc_delta ego=0.0004 partner=0.0004 road=0.0006
[ROMA step 2,821,718,016] sps= 52,012  policy_loss=0.0020  value_loss=0.0192  mi_loss=0.0002  mi_valid=0.68  div_loss=0.0004  kl_loss=0.0000 (disabled)  score=0.989  return=1.049  role_std=1.4721  role_norm=3.0110  enc_delta ego=0.0003 partner=0.0005 road=0.0006
[ROMA step 2,822,504,448] sps= 52,017  policy_loss=0.0047  value_loss=0.0233  mi_loss=0.0002  mi_valid=0.68  div_loss=0.0000  kl_loss=0.0000 (disabled)  score=0.988  return=1.047  role_std=1.4692  role_norm=3.0363  enc_delta ego=0.0004 partner=0.0005 road=0.0006
[ROMA step 2,823,290,880] sps= 52,022  policy_loss=-0.0028  value_loss=0.0216  mi_loss=0.0002  mi_valid=0.68  div_loss=0.0000  kl_loss=0.0000 (disabled)  score=0.988  return=1.046  role_std=1.4839  role_norm=3.0408  enc_delta ego=0.0003 partner=0.0005 road=0.0007
[ROMA step 2,824,077,312] sps= 52,016  policy_loss=0.0072  value_loss=0.0259  mi_loss=0.0002  mi_valid=0.66  div_loss=0.0006  kl_loss=0.0000 (disabled)  score=0.988  return=1.045  role_std=1.5016  role_norm=3.0588  enc_delta ego=0.0004 partner=0.0004 road=0.0007
[ROMA step 2,824,863,744] sps= 52,020  policy_loss=-0.0036  value_loss=0.0132  mi_loss=0.0002  mi_valid=0.68  div_loss=0.0004  kl_loss=0.0000 (disabled)  score=0.988  return=1.045  role_std=1.4969  role_norm=3.0406  enc_delta ego=0.0006 partner=0.0004 road=0.0006
[ROMA step 2,825,650,176] sps= 52,025  policy_loss=0.0028  value_loss=0.0151  mi_loss=0.0002  mi_valid=0.68  div_loss=0.0000  kl_loss=0.0000 (disabled)  score=0.988  return=1.046  role_std=1.4709  role_norm=3.0431  enc_delta ego=0.0004 partner=0.0005 road=0.0006
[ROMA step 2,826,436,608] sps= 52,020  policy_loss=0.0001  value_loss=0.0174  mi_loss=0.0002  mi_valid=0.67  div_loss=0.0002  kl_loss=0.0000 (disabled)  score=0.988  return=1.046  role_std=1.4603  role_norm=3.0178  enc_delta ego=0.0003 partner=0.0003 road=0.0005
[ROMA step 2,827,223,040] sps= 52,025  policy_loss=0.0022  value_loss=0.0180  mi_loss=0.0002  mi_valid=0.68  div_loss=0.0001  kl_loss=0.0000 (disabled)  score=0.988  return=1.046  role_std=1.4588  role_norm=3.0009  enc_delta ego=0.0004 partner=0.0003 road=0.0006
[ROMA step 2,828,009,472] sps= 52,030  policy_loss=-0.0009  value_loss=0.0099  mi_loss=0.0002  mi_valid=0.68  div_loss=0.0000  kl_loss=0.0000 (disabled)  score=0.987  return=1.045  role_std=1.4755  role_norm=3.0160  enc_delta ego=0.0004 partner=0.0003 road=0.0006
[ROMA step 2,828,795,904] sps= 52,035  policy_loss=0.0048  value_loss=0.0101  mi_loss=0.0002  mi_valid=0.68  div_loss=0.0002  kl_loss=0.0000 (disabled)  score=0.987  return=1.045  role_std=1.4571  role_norm=2.9870  enc_delta ego=0.0003 partner=0.0003 road=0.0006
[ROMA step 2,829,582,336] sps= 52,029  policy_loss=-0.0000  value_loss=0.0227  mi_loss=0.0002  mi_valid=0.66  div_loss=0.0002  kl_loss=0.0000 (disabled)  score=0.987  return=1.044  role_std=1.4524  role_norm=2.9991  enc_delta ego=0.0004 partner=0.0004 road=0.0007
[ROMA step 2,830,368,768] sps= 52,034  policy_loss=0.0022  value_loss=0.0122  mi_loss=0.0002  mi_valid=0.67  div_loss=0.0002  kl_loss=0.0000 (disabled)  score=0.987  return=1.044  role_std=1.4432  role_norm=2.9793  enc_delta ego=0.0003 partner=0.0005 road=0.0009
[ROMA step 2,831,155,200] sps= 52,039  policy_loss=0.0041  value_loss=0.0137  mi_loss=0.0002  mi_valid=0.67  div_loss=-0.0000  kl_loss=0.0000 (disabled)  score=0.987  return=1.043  role_std=1.4332  role_norm=2.9523  enc_delta ego=0.0004 partner=0.0004 road=0.0008
[ROMA step 2,831,941,632] sps= 52,033  policy_loss=-0.0011  value_loss=0.0219  mi_loss=0.0002  mi_valid=0.65  div_loss=0.0000  kl_loss=0.0000 (disabled)  score=0.987  return=1.042  role_std=1.4657  role_norm=3.1525  enc_delta ego=0.0004 partner=0.0003 road=0.0006
[ROMA step 2,832,728,064] sps= 52,037  policy_loss=-0.0035  value_loss=0.0164  mi_loss=0.0002  mi_valid=0.68  div_loss=0.0001  kl_loss=0.0000 (disabled)  score=0.986  return=1.042  role_std=1.4847  role_norm=3.0552  enc_delta ego=0.0004 partner=0.0004 road=0.0005
[ROMA step 2,833,514,496] sps= 52,042  policy_loss=-0.0040  value_loss=0.0158  mi_loss=0.0002  mi_valid=0.69  div_loss=-0.0000  kl_loss=0.0000 (disabled)  score=0.986  return=1.041  role_std=1.4839  role_norm=3.0485  enc_delta ego=0.0004 partner=0.0005 road=0.0007
[ROMA step 2,834,300,928] sps= 52,046  policy_loss=-0.0031  value_loss=0.0146  mi_loss=0.0002  mi_valid=0.69  div_loss=0.0000  kl_loss=0.0000 (disabled)  score=0.986  return=1.039  role_std=1.4609  role_norm=3.0016  enc_delta ego=0.0003 partner=0.0005 road=0.0005
[ROMA step 2,835,087,360] sps= 52,040  policy_loss=-0.0046  value_loss=0.0228  mi_loss=0.0002  mi_valid=0.67  div_loss=0.0001  kl_loss=0.0000 (disabled)  score=0.986  return=1.038  role_std=1.4205  role_norm=2.9279  enc_delta ego=0.0003 partner=0.0004 road=0.0006
[ROMA step 2,835,873,792] sps= 52,045  policy_loss=-0.0032  value_loss=0.0142  mi_loss=0.0002  mi_valid=0.67  div_loss=0.0001  kl_loss=0.0000 (disabled)  score=0.986  return=1.038  role_std=1.4353  role_norm=2.9631  enc_delta ego=0.0003 partner=0.0004 road=0.0006
[ROMA step 2,836,660,224] sps= 52,050  policy_loss=0.0050  value_loss=0.0143  mi_loss=0.0002  mi_valid=0.67  div_loss=0.0001  kl_loss=0.0000 (disabled)  score=0.986  return=1.038  role_std=1.4493  role_norm=2.9996  enc_delta ego=0.0003 partner=0.0004 road=0.0006
[ROMA step 2,837,446,656] sps= 52,054  policy_loss=0.0012  value_loss=0.0090  mi_loss=0.0002  mi_valid=0.67  div_loss=0.0000  kl_loss=0.0000 (disabled)  score=0.986  return=1.038  role_std=1.4431  role_norm=2.9778  enc_delta ego=0.0003 partner=0.0004 road=0.0006
[ROMA step 2,838,233,088] sps= 52,048  policy_loss=0.0017  value_loss=0.0128  mi_loss=0.0002  mi_valid=0.69  div_loss=0.0003  kl_loss=0.0000 (disabled)  score=0.987  return=1.039  role_std=1.4380  role_norm=2.9268  enc_delta ego=0.0004 partner=0.0004 road=0.0005
[ROMA step 2,839,019,520] sps= 52,053  policy_loss=-0.0016  value_loss=0.0088  mi_loss=0.0002  mi_valid=0.68  div_loss=-0.0000  kl_loss=0.0000 (disabled)  score=0.987  return=1.039  role_std=1.4170  role_norm=2.9108  enc_delta ego=0.0003 partner=0.0004 road=0.0005
[ROMA step 2,839,805,952] sps= 52,057  policy_loss=0.0051  value_loss=0.0114  mi_loss=0.0002  mi_valid=0.68  div_loss=0.0000  kl_loss=0.0000 (disabled)  score=0.987  return=1.040  role_std=1.4268  role_norm=2.9433  enc_delta ego=0.0003 partner=0.0004 road=0.0005
[ROMA step 2,840,592,384] sps= 52,051  policy_loss=0.0047  value_loss=0.0223  mi_loss=0.0002  mi_valid=0.66  div_loss=0.0001  kl_loss=0.0000 (disabled)  score=0.987  return=1.041  role_std=1.4845  role_norm=3.0794  enc_delta ego=0.0004 partner=0.0003 road=0.0006
[ROMA step 2,841,378,816] sps= 52,056  policy_loss=-0.0012  value_loss=0.0129  mi_loss=0.0002  mi_valid=0.67  div_loss=0.0007  kl_loss=0.0000 (disabled)  score=0.987  return=1.041  role_std=1.4760  role_norm=3.0318  enc_delta ego=0.0004 partner=0.0004 road=0.0007
[ROMA step 2,842,165,248] sps= 52,061  policy_loss=-0.0089  value_loss=0.0133  mi_loss=0.0002  mi_valid=0.67  div_loss=0.0000  kl_loss=0.0000 (disabled)  score=0.987  return=1.042  role_std=1.4847  role_norm=3.0293  enc_delta ego=0.0004 partner=0.0005 road=0.0007
[ROMA step 2,842,951,680] sps= 52,065  policy_loss=0.0022  value_loss=0.0148  mi_loss=0.0002  mi_valid=0.67  div_loss=0.0001  kl_loss=0.0000 (disabled)  score=0.987  return=1.041  role_std=1.4802  role_norm=3.0277  enc_delta ego=0.0003 partner=0.0004 road=0.0007
[ROMA step 2,843,738,112] sps= 52,058  policy_loss=0.0014  value_loss=0.0206  mi_loss=0.0002  mi_valid=0.66  div_loss=0.0000  kl_loss=0.0000 (disabled)  score=0.988  return=1.042  role_std=1.4857  role_norm=3.0761  enc_delta ego=0.0004 partner=0.0003 road=0.0005
[ROMA step 2,844,524,544] sps= 52,063  policy_loss=-0.0009  value_loss=0.0106  mi_loss=0.0002  mi_valid=0.67  div_loss=0.0000  kl_loss=0.0000 (disabled)  score=0.988  return=1.042  role_std=1.4754  role_norm=3.0622  enc_delta ego=0.0004 partner=0.0003 road=0.0006
[ROMA step 2,845,310,976] sps= 52,068  policy_loss=-0.0028  value_loss=0.0093  mi_loss=0.0002  mi_valid=0.67  div_loss=0.0001  kl_loss=0.0000 (disabled)  score=0.988  return=1.043  role_std=1.5190  role_norm=3.1265  enc_delta ego=0.0003 partner=0.0003 road=0.0006
[ROMA step 2,846,097,408] sps= 52,062  policy_loss=0.0035  value_loss=0.0219  mi_loss=0.0002  mi_valid=0.66  div_loss=0.0002  kl_loss=0.0000 (disabled)  score=0.988  return=1.044  role_std=1.5230  role_norm=3.1521  enc_delta ego=0.0003 partner=0.0003 road=0.0005
[ROMA step 2,846,883,840] sps= 52,067  policy_loss=-0.0053  value_loss=0.0115  mi_loss=0.0002  mi_valid=0.67  div_loss=0.0004  kl_loss=0.0000 (disabled)  score=0.988  return=1.044  role_std=1.4893  role_norm=3.0832  enc_delta ego=0.0003 partner=0.0004 road=0.0005
[ROMA step 2,847,670,272] sps= 52,072  policy_loss=0.0018  value_loss=0.0102  mi_loss=0.0002  mi_valid=0.67  div_loss=0.0001  kl_loss=0.0000 (disabled)  score=0.989  return=1.045  role_std=1.4907  role_norm=3.0552  enc_delta ego=0.0003 partner=0.0003 road=0.0006
[ROMA step 2,848,456,704] sps= 52,076  policy_loss=-0.0087  value_loss=0.0110  mi_loss=0.0002  mi_valid=0.67  div_loss=0.0001  kl_loss=0.0000 (disabled)  score=0.989  return=1.045  role_std=1.4958  role_norm=3.0874  enc_delta ego=0.0003 partner=0.0003 road=0.0005
[ROMA step 2,849,243,136] sps= 52,070  policy_loss=0.0002  value_loss=0.0220  mi_loss=0.0002  mi_valid=0.66  div_loss=0.0001  kl_loss=0.0000 (disabled)  score=0.989  return=1.046  role_std=1.4566  role_norm=3.0193  enc_delta ego=0.0004 partner=0.0004 road=0.0005
[ROMA step 2,850,029,568] sps= 52,074  policy_loss=-0.0017  value_loss=0.0133  mi_loss=0.0002  mi_valid=0.67  div_loss=-0.0000  kl_loss=0.0000 (disabled)  score=0.989  return=1.046  role_std=1.4552  role_norm=3.0073  enc_delta ego=0.0003 partner=0.0004 road=0.0004
[ROMA step 2,850,816,000] sps= 52,079  policy_loss=-0.0011  value_loss=0.0109  mi_loss=0.0002  mi_valid=0.67  div_loss=0.0000  kl_loss=0.0000 (disabled)  score=0.990  return=1.047  role_std=1.4500  role_norm=2.9841  enc_delta ego=0.0002 partner=0.0004 road=0.0005
[ROMA step 2,851,602,432] sps= 52,075  policy_loss=-0.0021  value_loss=0.0185  mi_loss=0.0002  mi_valid=0.66  div_loss=0.0001  kl_loss=0.0000 (disabled)  score=0.990  return=1.047  role_std=1.4339  role_norm=2.9807  enc_delta ego=0.0003 partner=0.0003 road=0.0005
[ROMA step 2,852,388,864] sps= 52,080  policy_loss=0.0065  value_loss=0.0151  mi_loss=0.0002  mi_valid=0.66  div_loss=0.0004  kl_loss=0.0000 (disabled)  score=0.990  return=1.048  role_std=1.4660  role_norm=3.0104  enc_delta ego=0.0004 partner=0.0004 road=0.0006
[ROMA step 2,853,175,296] sps= 52,084  policy_loss=0.0011  value_loss=0.0141  mi_loss=0.0002  mi_valid=0.66  div_loss=0.0000  kl_loss=0.0000 (disabled)  score=0.990  return=1.049  role_std=1.4735  role_norm=3.0314  enc_delta ego=0.0004 partner=0.0004 road=0.0006
[ROMA step 2,853,961,728] sps= 52,089  policy_loss=-0.0036  value_loss=0.0096  mi_loss=0.0002  mi_valid=0.67  div_loss=0.0000  kl_loss=0.0000 (disabled)  score=0.990  return=1.049  role_std=1.4784  role_norm=3.0173  enc_delta ego=0.0004 partner=0.0004 road=0.0006
[ROMA step 2,854,748,160] sps= 52,085  policy_loss=-0.0039  value_loss=0.0210  mi_loss=0.0002  mi_valid=0.66  div_loss=0.0000  kl_loss=0.0000 (disabled)  score=0.990  return=1.049  role_std=1.4484  role_norm=2.9372  enc_delta ego=0.0003 partner=0.0003 road=0.0005
[ROMA step 2,855,534,592] sps= 52,089  policy_loss=-0.0044  value_loss=0.0159  mi_loss=0.0002  mi_valid=0.67  div_loss=0.0001  kl_loss=0.0000 (disabled)  score=0.990  return=1.050  role_std=1.4288  role_norm=2.8867  enc_delta ego=0.0003 partner=0.0003 road=0.0005
[ROMA step 2,856,321,024] sps= 52,093  policy_loss=-0.0032  value_loss=0.0129  mi_loss=0.0002  mi_valid=0.67  div_loss=0.0001  kl_loss=0.0000 (disabled)  score=0.990  return=1.050  role_std=1.4230  role_norm=2.9405  enc_delta ego=0.0003 partner=0.0004 road=0.0005
[ROMA step 2,857,107,456] sps= 52,087  policy_loss=-0.0019  value_loss=0.0212  mi_loss=0.0002  mi_valid=0.66  div_loss=0.0000  kl_loss=0.0000 (disabled)  score=0.990  return=1.050  role_std=1.4648  role_norm=3.1086  enc_delta ego=0.0003 partner=0.0004 road=0.0005
[ROMA step 2,857,893,888] sps= 52,091  policy_loss=0.0044  value_loss=0.0163  mi_loss=0.0002  mi_valid=0.66  div_loss=0.0002  kl_loss=0.0000 (disabled)  score=0.990  return=1.050  role_std=1.4403  role_norm=2.9598  enc_delta ego=0.0003 partner=0.0004 road=0.0006
[ROMA step 2,858,680,320] sps= 52,096  policy_loss=0.0044  value_loss=0.0139  mi_loss=0.0002  mi_valid=0.66  div_loss=0.0001  kl_loss=0.0000 (disabled)  score=0.990  return=1.051  role_std=1.4430  role_norm=2.9360  enc_delta ego=0.0003 partner=0.0004 road=0.0006
[ROMA step 2,859,466,752] sps= 52,101  policy_loss=-0.0032  value_loss=0.0158  mi_loss=0.0002  mi_valid=0.67  div_loss=0.0001  kl_loss=0.0000 (disabled)  score=0.990  return=1.051  role_std=1.4571  role_norm=2.9763  enc_delta ego=0.0003 partner=0.0004 road=0.0005
[ROMA step 2,860,253,184] sps= 52,095  policy_loss=-0.0019  value_loss=0.0227  mi_loss=0.0002  mi_valid=0.65  div_loss=0.0001  kl_loss=0.0000 (disabled)  score=0.990  return=1.051  role_std=1.4487  role_norm=2.9940  enc_delta ego=0.0003 partner=0.0003 road=0.0005
[ROMA step 2,861,039,616] sps= 52,100  policy_loss=-0.0012  value_loss=0.0107  mi_loss=0.0002  mi_valid=0.66  div_loss=0.0001  kl_loss=0.0000 (disabled)  score=0.990  return=1.050  role_std=1.4434  role_norm=2.9880  enc_delta ego=0.0003 partner=0.0003 road=0.0005
[ROMA step 2,861,826,048] sps= 52,104  policy_loss=-0.0030  value_loss=0.0110  mi_loss=0.0002  mi_valid=0.66  div_loss=0.0001  kl_loss=0.0000 (disabled)  score=0.990  return=1.050  role_std=1.4533  role_norm=3.0031  enc_delta ego=0.0003 partner=0.0003 road=0.0005
[ROMA step 2,862,612,480] sps= 52,099  policy_loss=0.0065  value_loss=0.0202  mi_loss=0.0002  mi_valid=0.66  div_loss=0.0001  kl_loss=0.0000 (disabled)  score=0.990  return=1.050  role_std=1.4427  role_norm=2.9747  enc_delta ego=0.0003 partner=0.0003 road=0.0004
[ROMA step 2,863,398,912] sps= 52,103  policy_loss=-0.0022  value_loss=0.0116  mi_loss=0.0002  mi_valid=0.69  div_loss=0.0013  kl_loss=0.0000 (disabled)  score=0.990  return=1.050  role_std=1.4253  role_norm=2.9448  enc_delta ego=0.0004 partner=0.0004 road=0.0006
[ROMA step 2,864,185,344] sps= 52,108  policy_loss=-0.0010  value_loss=0.0130  mi_loss=0.0002  mi_valid=0.68  div_loss=0.0000  kl_loss=0.0000 (disabled)  score=0.990  return=1.050  role_std=1.4319  role_norm=2.9262  enc_delta ego=0.0003 partner=0.0003 road=0.0004
[ROMA step 2,864,971,776] sps= 52,113  policy_loss=-0.0019  value_loss=0.0135  mi_loss=0.0002  mi_valid=0.67  div_loss=0.0000  kl_loss=0.0000 (disabled)  score=0.990  return=1.051  role_std=1.4115  role_norm=2.9177  enc_delta ego=0.0003 partner=0.0003 road=0.0005
[ROMA step 2,865,758,208] sps= 52,104  policy_loss=-0.0047  value_loss=0.0204  mi_loss=0.0002  mi_valid=0.66  div_loss=0.0001  kl_loss=0.0000 (disabled)  score=0.990  return=1.051  role_std=1.4657  role_norm=3.0610  enc_delta ego=0.0002 partner=0.0003 road=0.0004
[ROMA step 2,866,544,640] sps= 52,109  policy_loss=0.0012  value_loss=0.0159  mi_loss=0.0002  mi_valid=0.66  div_loss=0.0001  kl_loss=0.0000 (disabled)  score=0.989  return=1.050  role_std=1.4920  role_norm=3.0649  enc_delta ego=0.0003 partner=0.0003 road=0.0005
[ROMA step 2,867,331,072] sps= 52,113  policy_loss=0.0013  value_loss=0.0153  mi_loss=0.0002  mi_valid=0.67  div_loss=0.0001  kl_loss=0.0000 (disabled)  score=0.990  return=1.050  role_std=1.4659  role_norm=3.0178  enc_delta ego=0.0004 partner=0.0004 road=0.0005
[ROMA step 2,868,117,504] sps= 52,118  policy_loss=0.0050  value_loss=0.0144  mi_loss=0.0002  mi_valid=0.67  div_loss=0.0000  kl_loss=0.0000 (disabled)  score=0.989  return=1.050  role_std=1.4597  role_norm=2.9887  enc_delta ego=0.0002 partner=0.0003 road=0.0005
[ROMA step 2,868,903,936] sps= 52,109  policy_loss=-0.0051  value_loss=0.0228  mi_loss=0.0002  mi_valid=0.65  div_loss=0.0003  kl_loss=0.0000 (disabled)  score=0.989  return=1.049  role_std=1.4899  role_norm=3.0393  enc_delta ego=0.0004 partner=0.0003 road=0.0006
[ROMA step 2,869,690,368] sps= 52,114  policy_loss=-0.0028  value_loss=0.0097  mi_loss=0.0002  mi_valid=0.66  div_loss=0.0005  kl_loss=0.0000 (disabled)  score=0.989  return=1.049  role_std=1.4882  role_norm=3.0628  enc_delta ego=0.0003 partner=0.0003 road=0.0005
[ROMA step 2,870,476,800] sps= 52,118  policy_loss=-0.0091  value_loss=0.0098  mi_loss=0.0002  mi_valid=0.66  div_loss=0.0001  kl_loss=0.0000 (disabled)  score=0.989  return=1.049  role_std=1.4907  role_norm=3.0616  enc_delta ego=0.0003 partner=0.0003 road=0.0006
[ROMA step 2,871,263,232] sps= 52,111  policy_loss=-0.0033  value_loss=0.0207  mi_loss=0.0002  mi_valid=0.66  div_loss=0.0001  kl_loss=0.0000 (disabled)  score=0.989  return=1.049  role_std=1.4615  role_norm=3.0299  enc_delta ego=0.0003 partner=0.0003 road=0.0005
[ROMA step 2,872,049,664] sps= 52,116  policy_loss=-0.0047  value_loss=0.0103  mi_loss=0.0002  mi_valid=0.69  div_loss=0.0006  kl_loss=0.0000 (disabled)  score=0.988  return=1.048  role_std=1.4339  role_norm=2.9613  enc_delta ego=0.0003 partner=0.0003 road=0.0005
[ROMA step 2,872,836,096] sps= 52,120  policy_loss=0.0030  value_loss=0.0104  mi_loss=0.0002  mi_valid=0.68  div_loss=0.0002  kl_loss=0.0000 (disabled)  score=0.988  return=1.048  role_std=1.4324  role_norm=2.9927  enc_delta ego=0.0002 partner=0.0003 road=0.0004
[ROMA step 2,873,622,528] sps= 52,125  policy_loss=-0.0017  value_loss=0.0121  mi_loss=0.0002  mi_valid=0.69  div_loss=0.0001  kl_loss=0.0000 (disabled)  score=0.988  return=1.048  role_std=1.4254  role_norm=2.9671  enc_delta ego=0.0003 partner=0.0003 road=0.0005
[ROMA step 2,874,408,960] sps= 52,115  policy_loss=-0.0035  value_loss=0.0197  mi_loss=0.0002  mi_valid=0.67  div_loss=0.0001  kl_loss=0.0000 (disabled)  score=0.988  return=1.048  role_std=1.4084  role_norm=2.9195  enc_delta ego=0.0003 partner=0.0003 road=0.0004
[ROMA step 2,875,195,392] sps= 52,120  policy_loss=-0.0062  value_loss=0.0103  mi_loss=0.0002  mi_valid=0.68  div_loss=0.0002  kl_loss=0.0000 (disabled)  score=0.988  return=1.048  role_std=1.4382  role_norm=2.9389  enc_delta ego=0.0003 partner=0.0003 road=0.0006
[ROMA step 2,875,981,824] sps= 52,124  policy_loss=0.0012  value_loss=0.0161  mi_loss=0.0002  mi_valid=0.68  div_loss=0.0001  kl_loss=0.0000 (disabled)  score=0.988  return=1.048  role_std=1.4392  role_norm=2.9409  enc_delta ego=0.0003 partner=0.0003 road=0.0005
[ROMA step 2,876,768,256] sps= 52,116  policy_loss=-0.0038  value_loss=0.0220  mi_loss=0.0002  mi_valid=0.67  div_loss=0.0001  kl_loss=0.0000 (disabled)  score=0.987  return=1.048  role_std=1.3664  role_norm=2.8173  enc_delta ego=0.0002 partner=0.0003 road=0.0005
[ROMA step 2,877,554,688] sps= 52,121  policy_loss=0.0008  value_loss=0.0124  mi_loss=0.0002  mi_valid=0.68  div_loss=0.0006  kl_loss=0.0000 (disabled)  score=0.987  return=1.048  role_std=1.3790  role_norm=2.8437  enc_delta ego=0.0004 partner=0.0004 road=0.0005
[ROMA step 2,878,341,120] sps= 52,126  policy_loss=-0.0032  value_loss=0.0114  mi_loss=0.0002  mi_valid=0.68  div_loss=0.0001  kl_loss=0.0000 (disabled)  score=0.987  return=1.048  role_std=1.4045  role_norm=2.8736  enc_delta ego=0.0003 partner=0.0003 road=0.0005
[ROMA step 2,879,127,552] sps= 52,130  policy_loss=-0.0037  value_loss=0.0128  mi_loss=0.0002  mi_valid=0.68  div_loss=0.0000  kl_loss=0.0000 (disabled)  score=0.987  return=1.048  role_std=1.3922  role_norm=2.8614  enc_delta ego=0.0002 partner=0.0003 road=0.0004
[ROMA step 2,879,913,984] sps= 52,121  policy_loss=0.0010  value_loss=0.0218  mi_loss=0.0002  mi_valid=0.67  div_loss=0.0001  kl_loss=0.0000 (disabled)  score=0.987  return=1.048  role_std=1.4573  role_norm=2.9992  enc_delta ego=0.0003 partner=0.0003 road=0.0005
[ROMA step 2,880,700,416] sps= 52,126  policy_loss=0.0002  value_loss=0.0115  mi_loss=0.0002  mi_valid=0.68  div_loss=0.0001  kl_loss=0.0000 (disabled)  score=0.987  return=1.047  role_std=1.4557  role_norm=2.9905  enc_delta ego=0.0003 partner=0.0003 road=0.0004
[ROMA step 2,881,486,848] sps= 52,131  policy_loss=-0.0005  value_loss=0.0102  mi_loss=0.0002  mi_valid=0.68  div_loss=0.0002  kl_loss=0.0000 (disabled)  score=0.987  return=1.047  role_std=1.4496  role_norm=2.9969  enc_delta ego=0.0003 partner=0.0003 road=0.0004
[ROMA step 2,882,273,280] sps= 52,123  policy_loss=0.0009  value_loss=0.0205  mi_loss=0.0002  mi_valid=0.66  div_loss=0.0003  kl_loss=0.0000 (disabled)  score=0.987  return=1.047  role_std=1.4441  role_norm=3.1340  enc_delta ego=0.0003 partner=0.0003 road=0.0004
[ROMA step 2,883,059,712] sps= 52,127  policy_loss=0.0029  value_loss=0.0142  mi_loss=0.0002  mi_valid=0.67  div_loss=0.0001  kl_loss=0.0000 (disabled)  score=0.987  return=1.047  role_std=1.4445  role_norm=3.0096  enc_delta ego=0.0004 partner=0.0003 road=0.0005
[ROMA step 2,883,846,144] sps= 52,131  policy_loss=-0.0046  value_loss=0.0109  mi_loss=0.0002  mi_valid=0.67  div_loss=0.0000  kl_loss=0.0000 (disabled)  score=0.988  return=1.047  role_std=1.4589  role_norm=3.0028  enc_delta ego=0.0003 partner=0.0002 road=0.0005
[ROMA step 2,884,632,576] sps= 52,136  policy_loss=-0.0035  value_loss=0.0123  mi_loss=0.0002  mi_valid=0.67  div_loss=0.0000  kl_loss=0.0000 (disabled)  score=0.988  return=1.048  role_std=1.4571  role_norm=3.0128  enc_delta ego=0.0003 partner=0.0002 road=0.0005
[ROMA step 2,885,419,008] sps= 52,128  policy_loss=0.0043  value_loss=0.0230  mi_loss=0.0002  mi_valid=0.65  div_loss=0.0001  kl_loss=0.0000 (disabled)  score=0.988  return=1.048  role_std=1.4692  role_norm=3.0426  enc_delta ego=0.0003 partner=0.0002 road=0.0004
[ROMA step 2,886,205,440] sps= 52,132  policy_loss=0.0066  value_loss=0.0162  mi_loss=0.0002  mi_valid=0.66  div_loss=0.0002  kl_loss=0.0000 (disabled)  score=0.988  return=1.048  role_std=1.4765  role_norm=3.0644  enc_delta ego=0.0004 partner=0.0003 road=0.0005
[ROMA step 2,886,991,872] sps= 52,137  policy_loss=0.0056  value_loss=0.0151  mi_loss=0.0002  mi_valid=0.66  div_loss=0.0000  kl_loss=0.0000 (disabled)  score=0.988  return=1.048  role_std=1.4725  role_norm=3.0575  enc_delta ego=0.0002 partner=0.0003 road=0.0005
[ROMA step 2,887,778,304] sps= 52,128  policy_loss=0.0051  value_loss=0.0247  mi_loss=0.0002  mi_valid=0.66  div_loss=0.0001  kl_loss=0.0000 (disabled)  score=0.988  return=1.048  role_std=1.4603  role_norm=3.1810  enc_delta ego=0.0003 partner=0.0003 road=0.0005
[ROMA step 2,888,564,736] sps= 52,132  policy_loss=-0.0022  value_loss=0.0183  mi_loss=0.0002  mi_valid=0.68  div_loss=0.0003  kl_loss=0.0000 (disabled)  score=0.988  return=1.048  role_std=1.4734  role_norm=2.9881  enc_delta ego=0.0003 partner=0.0003 road=0.0005
[ROMA step 2,889,351,168] sps= 52,137  policy_loss=-0.0023  value_loss=0.0151  mi_loss=0.0002  mi_valid=0.67  div_loss=-0.0000  kl_loss=0.0000 (disabled)  score=0.989  return=1.048  role_std=1.4568  role_norm=3.0079  enc_delta ego=0.0002 partner=0.0004 road=0.0004
[ROMA step 2,890,137,600] sps= 52,142  policy_loss=-0.0038  value_loss=0.0153  mi_loss=0.0002  mi_valid=0.67  div_loss=0.0002  kl_loss=0.0000 (disabled)  score=0.989  return=1.047  role_std=1.4605  role_norm=2.9859  enc_delta ego=0.0003 partner=0.0004 road=0.0005
