[mifut] FINE-TUNE seed: /scratch/e452103/checkpoints/roma_mifutagent_dim1_H8_r16p64_ft_comply25_nodiv/roma_dim1_step3500408832.pt (step 3500408832 -> 5000408832)
[mifut] role_dim=1  H=8  maps=10000  total_steps=5000408832
[mifut] role view: road=16 partner=64  mi_target=ego_partner
[mifut] FiLM conditioning: off
[mifut] compliance=2.5 perturb_frac=0.15 alpha=2.0
[mifut] compliance_perturbed_only=1 mi_exclude_perturbed=1
[mifut] freeze_role_encoder=0 init_from=/scratch/e452103/checkpoints/roma_mifutagent_dim1_H8_r16p64_ft_comply25_nodiv/roma_dim1_step3500408832.pt
[mifut] env overrides: --collision_behavior 1
[mifut] div_weight=0  mi_weight=1.0  wandb_name=roma_mifutagent_dim1_ft_collstop_nodiv
[mifut] code=/home/e452103/roma_film  save=/scratch/e452103/checkpoints/roma_mifutagent_dim1_H8_r16p64_ft_collstop_nodiv
[mifut] branch=mi-future-agentcentric-film commit=0e4a1be
[ROMA] Device        : cuda
[ROMA] AMP (bf16)    : enabled
[ROMA] role_dim      : 1
[ROMA] num_maps      : 10000
[ROMA] num_agents    : 3072
[ROMA] total_steps   : 5,000,408,832
[ROMA] mi_weight     : 1.0
[ROMA] div_weight    : 0.0
[ROMA] mi_target     : ego_partner
[ROMA] role view     : road=16 partner=64 (policy GRU always sees the full 128)
[ROMA] mi_horizon    : 8 (future MI: z_t predicts emb t+1..t+8)
[ROMA] wandb initialized: https://wandb.ai/s-rahmani-tu-delft/roma-pufferdrive/runs/wsedut6q
[ROMA] env override: collision_behavior = 0 -> 1
[ROMA] obs_dim       : 1121 (auto-detected)
[ROMA] Resumed policy + aux critics from /scratch/e452103/checkpoints/roma_mifutagent_dim1_H8_r16p64_ft_comply25_nodiv/roma_dim1_step3500408832.pt @ step 3,500,408,832 (fresh Adam)
[ROMA] CSV log       : /scratch/e452103/checkpoints/roma_mifutagent_dim1_H8_r16p64_ft_collstop_nodiv/training_log.csv
[ROMA] Training for 5,000,408,832 steps ...
[ROMA step 3,501,195,264] sps=232,086,905  policy_loss=0.0122  value_loss=0.3246  mi_loss=0.0009  mi_valid=0.70  div_loss=-0.6680  kl_loss=0.0000 (disabled)  score=0.978  return=0.709  role_std=2.5377  role_norm=4.3088  enc_delta ego=0.0054 partner=0.0045 road=0.0087
[ROMA step 3,501,981,696] sps=137,739,251  policy_loss=0.0054  value_loss=0.4466  mi_loss=0.0010  mi_valid=0.70  div_loss=-0.6133  kl_loss=0.0000 (disabled)  score=0.971  return=0.661  role_std=2.8381  role_norm=4.4138  enc_delta ego=0.0042 partner=0.0043 road=0.0066
[ROMA step 3,502,768,128] sps=98,143,202  policy_loss=0.0026  value_loss=0.5852  mi_loss=0.0011  mi_valid=0.71  div_loss=-0.5977  kl_loss=0.0000 (disabled)  score=0.965  return=0.628  role_std=2.9367  role_norm=4.5480  enc_delta ego=0.0040 partner=0.0044 road=0.0061
[ROMA step 3,503,554,560] sps=53,438,509  policy_loss=0.0032  value_loss=0.6732  mi_loss=0.0014  mi_valid=0.70  div_loss=-0.5859  kl_loss=0.0000 (disabled)  score=0.964  return=0.618  role_std=2.8339  role_norm=4.6535  enc_delta ego=0.0038 partner=0.0038 road=0.0051
[ROMA step 3,504,340,992] sps=46,254,536  policy_loss=-0.0017  value_loss=0.5879  mi_loss=0.0017  mi_valid=0.71  div_loss=-0.5352  kl_loss=0.0000 (disabled)  score=0.963  return=0.638  role_std=2.8691  role_norm=5.0234  enc_delta ego=0.0038 partner=0.0037 road=0.0057
[ROMA step 3,505,127,424] sps=40,330,383  policy_loss=-0.0001  value_loss=0.5967  mi_loss=0.0017  mi_valid=0.71  div_loss=-0.5078  kl_loss=0.0000 (disabled)  score=0.961  return=0.638  role_std=2.8683  role_norm=5.5906  enc_delta ego=0.0035 partner=0.0038 road=0.0054
[ROMA step 3,505,913,856] sps=35,910,913  policy_loss=0.0019  value_loss=0.7450  mi_loss=0.0018  mi_valid=0.71  div_loss=-0.5352  kl_loss=0.0000 (disabled)  score=0.960  return=0.633  role_std=3.0808  role_norm=5.7617  enc_delta ego=0.0032 partner=0.0037 road=0.0047
[ROMA step 3,506,700,288] sps=27,650,985  policy_loss=-0.0003  value_loss=0.6691  mi_loss=0.0017  mi_valid=0.72  div_loss=-0.5039  kl_loss=0.0000 (disabled)  score=0.961  return=0.640  role_std=3.0630  role_norm=5.9977  enc_delta ego=0.0028 partner=0.0039 road=0.0046
[ROMA step 3,507,486,720] sps=25,474,738  policy_loss=-0.0070  value_loss=0.7081  mi_loss=0.0017  mi_valid=0.73  div_loss=-0.4805  kl_loss=0.0000 (disabled)  score=0.959  return=0.626  role_std=3.1131  role_norm=6.0890  enc_delta ego=0.0034 partner=0.0041 road=0.0046
[ROMA step 3,508,273,152] sps=23,660,591  policy_loss=-0.0033  value_loss=0.7203  mi_loss=0.0017  mi_valid=0.74  div_loss=-0.4766  kl_loss=0.0000 (disabled)  score=0.957  return=0.618  role_std=3.0258  role_norm=6.3917  enc_delta ego=0.0022 partner=0.0035 road=0.0047
[ROMA step 3,509,059,584] sps=18,397,420  policy_loss=0.0007  value_loss=0.7835  mi_loss=0.0018  mi_valid=0.73  div_loss=-0.4746  kl_loss=0.0000 (disabled)  score=0.955  return=0.611  role_std=3.4846  role_norm=6.6808  enc_delta ego=0.0028 partner=0.0032 road=0.0043
[ROMA step 3,509,846,016] sps=17,367,616  policy_loss=0.0018  value_loss=1.1934  mi_loss=0.0018  mi_valid=0.74  div_loss=-0.4902  kl_loss=0.0000 (disabled)  score=0.954  return=0.593  role_std=3.3967  role_norm=6.8049  enc_delta ego=0.0025 partner=0.0032 road=0.0048
[ROMA step 3,510,632,448] sps=16,501,418  policy_loss=-0.0064  value_loss=1.2310  mi_loss=0.0019  mi_valid=0.75  div_loss=-0.4941  kl_loss=0.0000 (disabled)  score=0.952  return=0.579  role_std=3.7065  role_norm=7.2001  enc_delta ego=0.0025 partner=0.0035 road=0.0051
[ROMA step 3,511,418,880] sps=15,737,250  policy_loss=-0.0085  value_loss=0.9602  mi_loss=0.0019  mi_valid=0.74  div_loss=-0.4727  kl_loss=0.0000 (disabled)  score=0.950  return=0.557  role_std=3.5227  role_norm=7.3684  enc_delta ego=0.0024 partner=0.0039 road=0.0054
[ROMA step 3,512,205,312] sps=14,024,142  policy_loss=0.0036  value_loss=1.2724  mi_loss=0.0020  mi_valid=0.73  div_loss=-0.4805  kl_loss=0.0000 (disabled)  score=0.948  return=0.537  role_std=3.1068  role_norm=7.0056  enc_delta ego=0.0026 partner=0.0041 road=0.0050
[ROMA step 3,512,991,744] sps=13,482,085  policy_loss=0.0066  value_loss=1.1366  mi_loss=0.0019  mi_valid=0.75  div_loss=-0.4531  kl_loss=0.0000 (disabled)  score=0.946  return=0.532  role_std=3.2768  role_norm=7.2071  enc_delta ego=0.0025 partner=0.0028 road=0.0039
[ROMA step 3,513,778,176] sps=12,978,626  policy_loss=0.0043  value_loss=0.9995  mi_loss=0.0018  mi_valid=0.76  div_loss=-0.4453  kl_loss=0.0000 (disabled)  score=0.944  return=0.516  role_std=3.8327  role_norm=7.9913  enc_delta ego=0.0029 partner=0.0030 road=0.0048
[ROMA step 3,514,564,608] sps=11,758,321  policy_loss=0.0025  value_loss=1.1576  mi_loss=0.0019  mi_valid=0.75  div_loss=-0.4453  kl_loss=0.0000 (disabled)  score=0.942  return=0.507  role_std=3.9289  role_norm=8.5816  enc_delta ego=0.0024 partner=0.0028 road=0.0041
[ROMA step 3,515,351,040] sps=11,372,574  policy_loss=0.0022  value_loss=1.0718  mi_loss=0.0020  mi_valid=0.75  div_loss=-0.4141  kl_loss=0.0000 (disabled)  score=0.941  return=0.499  role_std=3.6829  role_norm=8.3594  enc_delta ego=0.0028 partner=0.0041 road=0.0050
[ROMA step 3,516,137,472] sps=11,009,972  policy_loss=0.0051  value_loss=1.3075  mi_loss=0.0019  mi_valid=0.75  div_loss=-0.4473  kl_loss=0.0000 (disabled)  score=0.939  return=0.493  role_std=3.8506  role_norm=8.5635  enc_delta ego=0.0027 partner=0.0027 road=0.0043
[ROMA step 3,516,923,904] sps=10,679,637  policy_loss=-0.0020  value_loss=1.1042  mi_loss=0.0019  mi_valid=0.75  div_loss=-0.4316  kl_loss=0.0000 (disabled)  score=0.937  return=0.481  role_std=3.7178  role_norm=8.4644  enc_delta ego=0.0030 partner=0.0034 road=0.0050
[ROMA step 3,517,710,336] sps=9,606,555  policy_loss=-0.0060  value_loss=1.0057  mi_loss=0.0019  mi_valid=0.74  div_loss=-0.4141  kl_loss=0.0000 (disabled)  score=0.936  return=0.477  role_std=4.0355  role_norm=9.2511  enc_delta ego=0.0029 partner=0.0031 road=0.0037
[ROMA step 3,518,496,768] sps=9,319,835  policy_loss=-0.0023  value_loss=1.1602  mi_loss=0.0019  mi_valid=0.75  div_loss=-0.4199  kl_loss=0.0000 (disabled)  score=0.935  return=0.470  role_std=4.2566  role_norm=9.3935  enc_delta ego=0.0035 partner=0.0043 road=0.0050
[ROMA step 3,519,283,200] sps=9,075,706  policy_loss=-0.0003  value_loss=0.9986  mi_loss=0.0019  mi_valid=0.76  div_loss=-0.4238  kl_loss=0.0000 (disabled)  score=0.934  return=0.465  role_std=3.9662  role_norm=9.2369  enc_delta ego=0.0037 partner=0.0034 road=0.0046
[ROMA step 3,520,069,632] sps=8,304,151  policy_loss=-0.0001  value_loss=1.0123  mi_loss=0.0018  mi_valid=0.73  div_loss=-0.4082  kl_loss=0.0000 (disabled)  score=0.933  return=0.461  role_std=3.1052  role_norm=8.7408  enc_delta ego=0.0028 partner=0.0026 road=0.0044
[ROMA step 3,520,856,064] sps=8,109,502  policy_loss=0.0019  value_loss=0.8066  mi_loss=0.0016  mi_valid=0.75  div_loss=-0.3711  kl_loss=0.0000 (disabled)  score=0.932  return=0.462  role_std=3.2736  role_norm=8.8822  enc_delta ego=0.0025 partner=0.0029 road=0.0049
[ROMA step 3,521,642,496] sps=7,920,518  policy_loss=-0.0028  value_loss=0.7350  mi_loss=0.0016  mi_valid=0.76  div_loss=-0.3477  kl_loss=0.0000 (disabled)  score=0.931  return=0.467  role_std=3.1895  role_norm=8.8579  enc_delta ego=0.0030 partner=0.0028 road=0.0048
[ROMA step 3,522,428,928] sps=7,740,710  policy_loss=0.0010  value_loss=0.6588  mi_loss=0.0016  mi_valid=0.76  div_loss=-0.3574  kl_loss=0.0000 (disabled)  score=0.930  return=0.467  role_std=3.2479  role_norm=9.7273  enc_delta ego=0.0023 partner=0.0029 road=0.0046
[ROMA step 3,523,215,360] sps=7,313,836  policy_loss=-0.0018  value_loss=0.9371  mi_loss=0.0018  mi_valid=0.74  div_loss=-0.3730  kl_loss=0.0000 (disabled)  score=0.929  return=0.468  role_std=4.0085  role_norm=9.6538  enc_delta ego=0.0026 partner=0.0031 road=0.0046
[ROMA step 3,524,001,792] sps=7,166,919  policy_loss=0.0006  value_loss=0.9728  mi_loss=0.0019  mi_valid=0.76  div_loss=-0.3926  kl_loss=0.0000 (disabled)  score=0.928  return=0.463  role_std=3.5221  role_norm=9.5900  enc_delta ego=0.0038 partner=0.0035 road=0.0047
[ROMA step 3,524,788,224] sps=7,021,375  policy_loss=0.0043  value_loss=0.8070  mi_loss=0.0019  mi_valid=0.76  div_loss=-0.3730  kl_loss=0.0000 (disabled)  score=0.925  return=0.456  role_std=3.3423  role_norm=9.1466  enc_delta ego=0.0033 partner=0.0028 road=0.0045
[ROMA step 3,525,574,656] sps=6,669,392  policy_loss=0.0018  value_loss=0.8435  mi_loss=0.0019  mi_valid=0.76  div_loss=-0.3711  kl_loss=0.0000 (disabled)  score=0.922  return=0.450  role_std=3.3645  role_norm=8.1275  enc_delta ego=0.0031 partner=0.0028 road=0.0045
[ROMA step 3,526,361,088] sps=6,546,767  policy_loss=-0.0028  value_loss=0.6324  mi_loss=0.0020  mi_valid=0.78  div_loss=-0.3418  kl_loss=0.0000 (disabled)  score=0.920  return=0.446  role_std=3.4719  role_norm=9.7817  enc_delta ego=0.0030 partner=0.0030 road=0.0053
[ROMA step 3,527,147,520] sps=6,428,469  policy_loss=-0.0013  value_loss=0.9017  mi_loss=0.0021  mi_valid=0.76  div_loss=-0.3496  kl_loss=0.0000 (disabled)  score=0.919  return=0.444  role_std=3.5580  role_norm=10.0641  enc_delta ego=0.0036 partner=0.0027 road=0.0043
[ROMA step 3,527,933,952] sps=6,311,691  policy_loss=-0.0039  value_loss=0.8336  mi_loss=0.0021  mi_valid=0.75  div_loss=-0.3438  kl_loss=0.0000 (disabled)  score=0.916  return=0.439  role_std=3.5308  role_norm=9.9158  enc_delta ego=0.0026 partner=0.0024 road=0.0044
[ROMA step 3,528,720,384] sps=6,024,340  policy_loss=0.0001  value_loss=0.7518  mi_loss=0.0019  mi_valid=0.74  div_loss=-0.3203  kl_loss=0.0000 (disabled)  score=0.912  return=0.424  role_std=3.1221  role_norm=9.5600  enc_delta ego=0.0021 partner=0.0023 road=0.0033
[ROMA step 3,529,506,816] sps=5,923,541  policy_loss=0.0020  value_loss=0.7013  mi_loss=0.0017  mi_valid=0.75  div_loss=-0.3223  kl_loss=0.0000 (disabled)  score=0.911  return=0.420  role_std=3.0760  role_norm=9.6113  enc_delta ego=0.0021 partner=0.0027 road=0.0039
[ROMA step 3,530,293,248] sps=5,825,354  policy_loss=-0.0001  value_loss=0.7410  mi_loss=0.0017  mi_valid=0.76  div_loss=-0.3281  kl_loss=0.0000 (disabled)  score=0.910  return=0.418  role_std=3.3943  role_norm=10.1789  enc_delta ego=0.0021 partner=0.0026 road=0.0037
[ROMA step 3,531,079,680] sps=5,726,609  policy_loss=0.0043  value_loss=0.8038  mi_loss=0.0017  mi_valid=0.77  div_loss=-0.3184  kl_loss=0.0000 (disabled)  score=0.908  return=0.415  role_std=3.3560  role_norm=10.1341  enc_delta ego=0.0020 partner=0.0025 road=0.0041
[ROMA step 3,531,866,112] sps=5,444,730  policy_loss=0.0076  value_loss=0.9289  mi_loss=0.0018  mi_valid=0.74  div_loss=-0.3301  kl_loss=0.0000 (disabled)  score=0.906  return=0.406  role_std=3.6892  role_norm=10.0723  enc_delta ego=0.0021 partner=0.0027 road=0.0038
[ROMA step 3,532,652,544] sps=5,361,926  policy_loss=0.0003  value_loss=0.7670  mi_loss=0.0019  mi_valid=0.75  div_loss=-0.3242  kl_loss=0.0000 (disabled)  score=0.904  return=0.405  role_std=3.2046  role_norm=10.2642  enc_delta ego=0.0024 partner=0.0033 road=0.0044
[ROMA step 3,533,438,976] sps=5,253,658  policy_loss=0.0023  value_loss=0.7932  mi_loss=0.0018  mi_valid=0.76  div_loss=-0.3281  kl_loss=0.0000 (disabled)  score=0.902  return=0.401  role_std=3.2600  role_norm=10.2171  enc_delta ego=0.0024 partner=0.0034 road=0.0044
[ROMA step 3,534,225,408] sps=5,062,315  policy_loss=-0.0023  value_loss=0.7044  mi_loss=0.0018  mi_valid=0.75  div_loss=-0.3203  kl_loss=0.0000 (disabled)  score=0.901  return=0.399  role_std=3.6468  role_norm=11.0333  enc_delta ego=0.0029 partner=0.0033 road=0.0047
[ROMA step 3,535,011,840] sps=4,990,207  policy_loss=-0.0008  value_loss=0.9196  mi_loss=0.0019  mi_valid=0.76  div_loss=-0.3301  kl_loss=0.0000 (disabled)  score=0.899  return=0.396  role_std=3.7056  role_norm=10.8634  enc_delta ego=0.0037 partner=0.0031 road=0.0055
[ROMA step 3,535,798,272] sps=4,921,211  policy_loss=0.0046  value_loss=0.8895  mi_loss=0.0019  mi_valid=0.75  div_loss=-0.3301  kl_loss=0.0000 (disabled)  score=0.897  return=0.395  role_std=4.0946  role_norm=10.9774  enc_delta ego=0.0032 partner=0.0025 road=0.0036
[ROMA step 3,536,584,704] sps=4,854,822  policy_loss=0.0036  value_loss=0.6524  mi_loss=0.0019  mi_valid=0.75  div_loss=-0.3223  kl_loss=0.0000 (disabled)  score=0.896  return=0.401  role_std=3.4350  role_norm=10.5478  enc_delta ego=0.0023 partner=0.0023 road=0.0037
[ROMA step 3,537,371,136] sps=4,664,614  policy_loss=-0.0057  value_loss=0.7126  mi_loss=0.0018  mi_valid=0.74  div_loss=-0.3301  kl_loss=0.0000 (disabled)  score=0.894  return=0.405  role_std=3.1748  role_norm=10.2759  enc_delta ego=0.0024 partner=0.0026 road=0.0041
[ROMA step 3,538,157,568] sps=4,600,442  policy_loss=-0.0029  value_loss=0.6629  mi_loss=0.0017  mi_valid=0.76  div_loss=-0.3203  kl_loss=0.0000 (disabled)  score=0.893  return=0.408  role_std=3.0298  role_norm=10.2740  enc_delta ego=0.0028 partner=0.0024 road=0.0039
[ROMA step 3,538,944,000] sps=4,540,367  policy_loss=0.0014  value_loss=0.4851  mi_loss=0.0018  mi_valid=0.77  div_loss=-0.3086  kl_loss=0.0000 (disabled)  score=0.892  return=0.417  role_std=3.1883  role_norm=10.6813  enc_delta ego=0.0024 partner=0.0029 road=0.0040
[ROMA step 3,539,730,432] sps=4,374,395  policy_loss=0.0010  value_loss=0.7300  mi_loss=0.0018  mi_valid=0.75  div_loss=-0.3262  kl_loss=0.0000 (disabled)  score=0.891  return=0.418  role_std=3.4883  role_norm=10.7305  enc_delta ego=0.0026 partner=0.0032 road=0.0037
[ROMA step 3,540,516,864] sps=4,315,887  policy_loss=-0.0012  value_loss=0.3939  mi_loss=0.0017  mi_valid=0.76  div_loss=-0.2930  kl_loss=0.0000 (disabled)  score=0.890  return=0.431  role_std=3.0885  role_norm=10.4365  enc_delta ego=0.0033 partner=0.0026 road=0.0039
[ROMA step 3,541,303,296] sps=4,262,553  policy_loss=-0.0014  value_loss=0.4092  mi_loss=0.0017  mi_valid=0.76  div_loss=-0.2930  kl_loss=0.0000 (disabled)  score=0.890  return=0.441  role_std=2.9492  role_norm=10.0964  enc_delta ego=0.0021 partner=0.0026 road=0.0035
[ROMA step 3,542,089,728] sps=4,212,555  policy_loss=0.0021  value_loss=0.4899  mi_loss=0.0017  mi_valid=0.75  div_loss=-0.3008  kl_loss=0.0000 (disabled)  score=0.890  return=0.450  role_std=2.9856  role_norm=10.1755  enc_delta ego=0.0019 partner=0.0023 road=0.0035
[ROMA step 3,542,876,160] sps=4,072,314  policy_loss=0.0058  value_loss=0.5419  mi_loss=0.0017  mi_valid=0.74  div_loss=-0.3242  kl_loss=0.0000 (disabled)  score=0.889  return=0.453  role_std=3.2620  role_norm=10.4973  enc_delta ego=0.0032 partner=0.0026 road=0.0047
[ROMA step 3,543,662,592] sps=4,026,277  policy_loss=0.0039  value_loss=0.5625  mi_loss=0.0017  mi_valid=0.75  div_loss=-0.3164  kl_loss=0.0000 (disabled)  score=0.889  return=0.468  role_std=3.4086  role_norm=10.3226  enc_delta ego=0.0034 partner=0.0027 road=0.0048
[ROMA step 3,544,449,024] sps=3,981,394  policy_loss=-0.0020  value_loss=0.5954  mi_loss=0.0018  mi_valid=0.75  div_loss=-0.3145  kl_loss=0.0000 (disabled)  score=0.889  return=0.473  role_std=3.1429  role_norm=10.1500  enc_delta ego=0.0024 partner=0.0028 road=0.0051
[ROMA step 3,545,235,456] sps=3,871,406  policy_loss=-0.0010  value_loss=0.6052  mi_loss=0.0018  mi_valid=0.73  div_loss=-0.3223  kl_loss=0.0000 (disabled)  score=0.889  return=0.480  role_std=2.7847  role_norm=10.0217  enc_delta ego=0.0029 partner=0.0026 road=0.0044
[ROMA step 3,546,021,888] sps=3,829,227  policy_loss=-0.0064  value_loss=0.4130  mi_loss=0.0017  mi_valid=0.76  div_loss=-0.2949  kl_loss=0.0000 (disabled)  score=0.889  return=0.489  role_std=2.9469  role_norm=10.1556  enc_delta ego=0.0021 partner=0.0029 road=0.0035
[ROMA step 3,546,808,320] sps=3,788,913  policy_loss=-0.0017  value_loss=0.4386  mi_loss=0.0018  mi_valid=0.76  div_loss=-0.2949  kl_loss=0.0000 (disabled)  score=0.889  return=0.497  role_std=2.9540  role_norm=9.9880  enc_delta ego=0.0023 partner=0.0025 road=0.0035
[ROMA step 3,547,594,752] sps=3,749,791  policy_loss=0.0028  value_loss=0.5283  mi_loss=0.0018  mi_valid=0.76  div_loss=-0.3086  kl_loss=0.0000 (disabled)  score=0.889  return=0.501  role_std=3.3482  role_norm=10.7885  enc_delta ego=0.0019 partner=0.0024 road=0.0037
[ROMA step 3,548,381,184] sps=3,647,389  policy_loss=-0.0007  value_loss=0.4494  mi_loss=0.0018  mi_valid=0.73  div_loss=-0.2910  kl_loss=0.0000 (disabled)  score=0.890  return=0.506  role_std=3.3467  role_norm=10.5628  enc_delta ego=0.0021 partner=0.0027 road=0.0047
[ROMA step 3,549,167,616] sps=3,610,275  policy_loss=-0.0047  value_loss=0.5674  mi_loss=0.0018  mi_valid=0.75  div_loss=-0.3105  kl_loss=0.0000 (disabled)  score=0.890  return=0.507  role_std=3.2186  role_norm=10.5284  enc_delta ego=0.0020 partner=0.0024 road=0.0040
[ROMA step 3,549,954,048] sps=3,572,855  policy_loss=-0.0013  value_loss=0.5876  mi_loss=0.0018  mi_valid=0.76  div_loss=-0.2949  kl_loss=0.0000 (disabled)  score=0.890  return=0.507  role_std=2.9843  role_norm=10.6380  enc_delta ego=0.0027 partner=0.0026 road=0.0049
[ROMA step 3,550,740,480] sps=3,486,604  policy_loss=-0.0039  value_loss=0.5866  mi_loss=0.0017  mi_valid=0.74  div_loss=-0.2988  kl_loss=0.0000 (disabled)  score=0.890  return=0.513  role_std=3.0436  role_norm=10.2954  enc_delta ego=0.0021 partner=0.0023 road=0.0040
[ROMA step 3,551,526,912] sps=3,450,797  policy_loss=0.0021  value_loss=0.7470  mi_loss=0.0018  mi_valid=0.77  div_loss=-0.3164  kl_loss=0.0000 (disabled)  score=0.890  return=0.516  role_std=3.4848  role_norm=11.1849  enc_delta ego=0.0032 partner=0.0035 road=0.0042
[ROMA step 3,552,313,344] sps=3,416,071  policy_loss=-0.0025  value_loss=0.6580  mi_loss=0.0019  mi_valid=0.75  div_loss=-0.3066  kl_loss=0.0000 (disabled)  score=0.891  return=0.518  role_std=3.4087  role_norm=11.1504  enc_delta ego=0.0032 partner=0.0034 road=0.0048
[ROMA step 3,553,099,776] sps=3,384,065  policy_loss=-0.0011  value_loss=0.6112  mi_loss=0.0018  mi_valid=0.75  div_loss=-0.3027  kl_loss=0.0000 (disabled)  score=0.892  return=0.523  role_std=3.4822  role_norm=10.9984  enc_delta ego=0.0029 partner=0.0030 road=0.0048
[ROMA step 3,553,886,208] sps=3,304,288  policy_loss=-0.0056  value_loss=0.5769  mi_loss=0.0019  mi_valid=0.74  div_loss=-0.3105  kl_loss=0.0000 (disabled)  score=0.892  return=0.523  role_std=3.3199  role_norm=10.6297  enc_delta ego=0.0026 partner=0.0026 road=0.0042
[ROMA step 3,554,672,640] sps=3,273,949  policy_loss=0.0055  value_loss=0.5515  mi_loss=0.0018  mi_valid=0.76  div_loss=-0.2988  kl_loss=0.0000 (disabled)  score=0.891  return=0.525  role_std=3.2069  role_norm=10.4202  enc_delta ego=0.0030 partner=0.0027 road=0.0043
[ROMA step 3,555,459,072] sps=3,244,476  policy_loss=0.0044  value_loss=0.5364  mi_loss=0.0019  mi_valid=0.77  div_loss=-0.3008  kl_loss=0.0000 (disabled)  score=0.890  return=0.528  role_std=3.3736  role_norm=11.0925  enc_delta ego=0.0028 partner=0.0028 road=0.0036
[ROMA step 3,556,245,504] sps=3,214,071  policy_loss=0.0005  value_loss=0.5407  mi_loss=0.0019  mi_valid=0.77  div_loss=-0.2969  kl_loss=0.0000 (disabled)  score=0.891  return=0.533  role_std=3.2520  role_norm=10.9569  enc_delta ego=0.0019 partner=0.0025 road=0.0037
[ROMA step 3,557,031,936] sps=3,141,027  policy_loss=0.0030  value_loss=0.4517  mi_loss=0.0017  mi_valid=0.74  div_loss=-0.2715  kl_loss=0.0000 (disabled)  score=0.891  return=0.539  role_std=2.9359  role_norm=11.2107  enc_delta ego=0.0028 partner=0.0033 road=0.0044
[ROMA step 3,557,818,368] sps=3,114,172  policy_loss=0.0045  value_loss=0.2761  mi_loss=0.0016  mi_valid=0.75  div_loss=-0.2559  kl_loss=0.0000 (disabled)  score=0.891  return=0.546  role_std=2.8788  role_norm=10.9845  enc_delta ego=0.0027 partner=0.0026 road=0.0036
[ROMA step 3,558,604,800] sps=3,087,423  policy_loss=0.0075  value_loss=0.4239  mi_loss=0.0016  mi_valid=0.75  div_loss=-0.2695  kl_loss=0.0000 (disabled)  score=0.891  return=0.554  role_std=2.8660  role_norm=10.9332  enc_delta ego=0.0018 partner=0.0023 road=0.0033
[ROMA step 3,559,391,232] sps=3,023,781  policy_loss=-0.0025  value_loss=0.4131  mi_loss=0.0015  mi_valid=0.74  div_loss=-0.2734  kl_loss=0.0000 (disabled)  score=0.892  return=0.563  role_std=3.2610  role_norm=11.2913  enc_delta ego=0.0022 partner=0.0025 road=0.0040
[ROMA step 3,560,177,664] sps=2,997,688  policy_loss=-0.0024  value_loss=0.5505  mi_loss=0.0014  mi_valid=0.77  div_loss=-0.2949  kl_loss=0.0000 (disabled)  score=0.892  return=0.565  role_std=3.0763  role_norm=11.2630  enc_delta ego=0.0023 partner=0.0027 road=0.0046
[ROMA step 3,560,964,096] sps=2,973,143  policy_loss=-0.0037  value_loss=0.3803  mi_loss=0.0015  mi_valid=0.75  div_loss=-0.2637  kl_loss=0.0000 (disabled)  score=0.892  return=0.569  role_std=2.8590  role_norm=11.3831  enc_delta ego=0.0025 partner=0.0029 road=0.0045
[ROMA step 3,561,750,528] sps=2,948,804  policy_loss=-0.0015  value_loss=0.3967  mi_loss=0.0015  mi_valid=0.75  div_loss=-0.2637  kl_loss=0.0000 (disabled)  score=0.894  return=0.580  role_std=2.8043  role_norm=11.2539  enc_delta ego=0.0021 partner=0.0032 road=0.0041
[ROMA step 3,562,536,960] sps=2,895,550  policy_loss=-0.0054  value_loss=0.5164  mi_loss=0.0017  mi_valid=0.73  div_loss=-0.2715  kl_loss=0.0000 (disabled)  score=0.894  return=0.584  role_std=2.8140  role_norm=10.8273  enc_delta ego=0.0031 partner=0.0028 road=0.0052
[ROMA step 3,563,323,392] sps=2,872,580  policy_loss=0.0049  value_loss=0.3912  mi_loss=0.0017  mi_valid=0.75  div_loss=-0.2617  kl_loss=0.0000 (disabled)  score=0.894  return=0.591  role_std=2.6276  role_norm=10.5749  enc_delta ego=0.0032 partner=0.0027 road=0.0041
[ROMA step 3,564,109,824] sps=2,844,894  policy_loss=-0.0014  value_loss=0.4980  mi_loss=0.0016  mi_valid=0.76  div_loss=-0.2812  kl_loss=0.0000 (disabled)  score=0.894  return=0.592  role_std=3.0163  role_norm=10.9827  enc_delta ego=0.0032 partner=0.0028 road=0.0045
[ROMA step 3,564,896,256] sps=2,761,638  policy_loss=0.0030  value_loss=0.3575  mi_loss=0.0017  mi_valid=0.75  div_loss=-0.2656  kl_loss=0.0000 (disabled)  score=0.895  return=0.598  role_std=2.8685  role_norm=11.0023  enc_delta ego=0.0029 partner=0.0025 road=0.0039
[ROMA step 3,565,682,688] sps=2,740,556  policy_loss=-0.0011  value_loss=0.4936  mi_loss=0.0018  mi_valid=0.76  div_loss=-0.2695  kl_loss=0.0000 (disabled)  score=0.895  return=0.601  role_std=2.9532  role_norm=10.8279  enc_delta ego=0.0025 partner=0.0028 road=0.0050
[ROMA step 3,566,469,120] sps=2,719,823  policy_loss=-0.0016  value_loss=0.4303  mi_loss=0.0018  mi_valid=0.76  div_loss=-0.2734  kl_loss=0.0000 (disabled)  score=0.896  return=0.603  role_std=2.8479  role_norm=10.9413  enc_delta ego=0.0030 partner=0.0033 road=0.0058
[ROMA step 3,567,255,552] sps=2,698,638  policy_loss=0.0008  value_loss=0.3703  mi_loss=0.0018  mi_valid=0.76  div_loss=-0.2520  kl_loss=0.0000 (disabled)  score=0.897  return=0.608  role_std=2.7681  role_norm=10.9509  enc_delta ego=0.0021 partner=0.0025 road=0.0035
[ROMA step 3,568,041,984] sps=2,643,062  policy_loss=0.0102  value_loss=0.4936  mi_loss=0.0019  mi_valid=0.75  div_loss=-0.2656  kl_loss=0.0000 (disabled)  score=0.898  return=0.609  role_std=3.1641  role_norm=11.5558  enc_delta ego=0.0022 partner=0.0026 road=0.0050
[ROMA step 3,568,828,416] sps=2,624,095  policy_loss=0.0012  value_loss=0.4414  mi_loss=0.0019  mi_valid=0.76  div_loss=-0.2910  kl_loss=0.0000 (disabled)  score=0.899  return=0.608  role_std=3.0549  role_norm=11.5136  enc_delta ego=0.0033 partner=0.0031 road=0.0052
[ROMA step 3,569,614,848] sps=2,605,234  policy_loss=0.0004  value_loss=0.4455  mi_loss=0.0019  mi_valid=0.75  div_loss=-0.2930  kl_loss=0.0000 (disabled)  score=0.899  return=0.609  role_std=3.2849  role_norm=11.2030  enc_delta ego=0.0020 partner=0.0026 road=0.0038
[ROMA step 3,570,401,280] sps=2,557,667  policy_loss=-0.0011  value_loss=0.2975  mi_loss=0.0019  mi_valid=0.73  div_loss=-0.2773  kl_loss=0.0000 (disabled)  score=0.899  return=0.610  role_std=3.0374  role_norm=10.9964  enc_delta ego=0.0021 partner=0.0025 road=0.0042
[ROMA step 3,571,187,712] sps=2,539,552  policy_loss=-0.0023  value_loss=0.3773  mi_loss=0.0017  mi_valid=0.75  div_loss=-0.2715  kl_loss=0.0000 (disabled)  score=0.899  return=0.613  role_std=3.0310  role_norm=10.9754  enc_delta ego=0.0027 partner=0.0029 road=0.0044
[ROMA step 3,571,974,144] sps=2,521,803  policy_loss=0.0065  value_loss=0.4930  mi_loss=0.0016  mi_valid=0.75  div_loss=-0.2891  kl_loss=0.0000 (disabled)  score=0.900  return=0.616  role_std=2.8911  role_norm=10.9421  enc_delta ego=0.0036 partner=0.0034 road=0.0051
[ROMA step 3,572,760,576] sps=2,504,267  policy_loss=-0.0012  value_loss=0.4448  mi_loss=0.0016  mi_valid=0.76  div_loss=-0.2852  kl_loss=0.0000 (disabled)  score=0.900  return=0.617  role_std=3.0545  role_norm=11.6617  enc_delta ego=0.0032 partner=0.0032 road=0.0049
[ROMA step 3,573,547,008] sps=2,460,990  policy_loss=0.0020  value_loss=0.6229  mi_loss=0.0018  mi_valid=0.73  div_loss=-0.2969  kl_loss=0.0000 (disabled)  score=0.900  return=0.616  role_std=3.4745  role_norm=11.4736  enc_delta ego=0.0035 partner=0.0030 road=0.0050
[ROMA step 3,574,333,440] sps=2,444,274  policy_loss=0.0024  value_loss=0.4329  mi_loss=0.0019  mi_valid=0.75  div_loss=-0.2773  kl_loss=0.0000 (disabled)  score=0.900  return=0.617  role_std=3.2062  role_norm=11.5372  enc_delta ego=0.0026 partner=0.0025 road=0.0042
[ROMA step 3,575,119,872] sps=2,428,228  policy_loss=0.0103  value_loss=0.4868  mi_loss=0.0019  mi_valid=0.75  div_loss=-0.2695  kl_loss=0.0000 (disabled)  score=0.900  return=0.617  role_std=3.2442  role_norm=11.7026  enc_delta ego=0.0027 partner=0.0026 road=0.0046
[ROMA step 3,575,906,304] sps=2,386,294  policy_loss=-0.0018  value_loss=0.4440  mi_loss=0.0018  mi_valid=0.73  div_loss=-0.2871  kl_loss=0.0000 (disabled)  score=0.899  return=0.618  role_std=3.0653  role_norm=10.6362  enc_delta ego=0.0024 partner=0.0028 road=0.0041
[ROMA step 3,576,692,736] sps=2,371,113  policy_loss=0.0051  value_loss=0.4504  mi_loss=0.0016  mi_valid=0.77  div_loss=-0.2773  kl_loss=0.0000 (disabled)  score=0.899  return=0.618  role_std=3.2307  role_norm=11.6129  enc_delta ego=0.0024 partner=0.0024 road=0.0040
[ROMA step 3,577,479,168] sps=2,356,071  policy_loss=-0.0031  value_loss=0.5203  mi_loss=0.0017  mi_valid=0.76  div_loss=-0.2969  kl_loss=0.0000 (disabled)  score=0.899  return=0.619  role_std=3.2702  role_norm=11.3577  enc_delta ego=0.0031 partner=0.0032 road=0.0040
[ROMA step 3,578,265,600] sps=2,340,823  policy_loss=-0.0015  value_loss=0.4188  mi_loss=0.0017  mi_valid=0.76  div_loss=-0.2852  kl_loss=0.0000 (disabled)  score=0.899  return=0.623  role_std=3.4851  role_norm=11.2567  enc_delta ego=0.0028 partner=0.0030 road=0.0049
[ROMA step 3,579,052,032] sps=2,299,510  policy_loss=-0.0024  value_loss=0.4799  mi_loss=0.0018  mi_valid=0.74  div_loss=-0.2949  kl_loss=0.0000 (disabled)  score=0.899  return=0.624  role_std=3.2801  role_norm=10.9845  enc_delta ego=0.0025 partner=0.0027 road=0.0044
[ROMA step 3,579,838,464] sps=2,285,359  policy_loss=0.0048  value_loss=0.6398  mi_loss=0.0017  mi_valid=0.77  div_loss=-0.3105  kl_loss=0.0000 (disabled)  score=0.898  return=0.621  role_std=3.4206  role_norm=10.9754  enc_delta ego=0.0019 partner=0.0025 road=0.0035
[ROMA step 3,580,624,896] sps=2,270,846  policy_loss=0.0087  value_loss=0.5596  mi_loss=0.0019  mi_valid=0.78  div_loss=-0.3066  kl_loss=0.0000 (disabled)  score=0.897  return=0.620  role_std=3.0889  role_norm=10.9825  enc_delta ego=0.0021 partner=0.0023 road=0.0035
[ROMA step 3,581,411,328] sps=2,256,800  policy_loss=-0.0020  value_loss=0.4934  mi_loss=0.0019  mi_valid=0.78  div_loss=-0.2969  kl_loss=0.0000 (disabled)  score=0.898  return=0.620  role_std=3.5809  role_norm=11.7793  enc_delta ego=0.0031 partner=0.0027 road=0.0045
[ROMA step 3,582,197,760] sps=2,221,129  policy_loss=0.0004  value_loss=0.4443  mi_loss=0.0017  mi_valid=0.75  div_loss=-0.2695  kl_loss=0.0000 (disabled)  score=0.898  return=0.618  role_std=3.0306  role_norm=11.7392  enc_delta ego=0.0034 partner=0.0031 road=0.0061
[ROMA step 3,582,984,192] sps=2,207,076  policy_loss=0.0046  value_loss=0.3927  mi_loss=0.0017  mi_valid=0.76  div_loss=-0.2520  kl_loss=0.0000 (disabled)  score=0.898  return=0.621  role_std=3.0555  role_norm=11.7788  enc_delta ego=0.0025 partner=0.0023 road=0.0041
[ROMA step 3,583,770,624] sps=2,193,772  policy_loss=0.0030  value_loss=0.2333  mi_loss=0.0017  mi_valid=0.76  div_loss=-0.2393  kl_loss=0.0000 (disabled)  score=0.898  return=0.622  role_std=2.9420  role_norm=11.5824  enc_delta ego=0.0020 partner=0.0019 road=0.0032
[ROMA step 3,584,557,056] sps=2,159,385  policy_loss=0.0003  value_loss=0.3740  mi_loss=0.0017  mi_valid=0.75  div_loss=-0.2578  kl_loss=0.0000 (disabled)  score=0.898  return=0.618  role_std=2.8009  role_norm=11.6443  enc_delta ego=0.0025 partner=0.0027 road=0.0037
[ROMA step 3,585,343,488] sps=2,146,780  policy_loss=-0.0052  value_loss=0.3378  mi_loss=0.0018  mi_valid=0.76  div_loss=-0.2598  kl_loss=0.0000 (disabled)  score=0.897  return=0.615  role_std=3.0088  role_norm=12.1792  enc_delta ego=0.0023 partner=0.0026 road=0.0056
[ROMA step 3,586,129,920] sps=2,134,492  policy_loss=-0.0064  value_loss=0.3086  mi_loss=0.0017  mi_valid=0.75  div_loss=-0.2676  kl_loss=0.0000 (disabled)  score=0.898  return=0.614  role_std=3.1855  role_norm=12.2369  enc_delta ego=0.0031 partner=0.0031 road=0.0055
[ROMA step 3,586,916,352] sps=2,121,807  policy_loss=0.0039  value_loss=0.3844  mi_loss=0.0017  mi_valid=0.76  div_loss=-0.2598  kl_loss=0.0000 (disabled)  score=0.898  return=0.617  role_std=3.4679  role_norm=12.2258  enc_delta ego=0.0023 partner=0.0030 road=0.0051
[ROMA step 3,587,702,784] sps=2,092,146  policy_loss=-0.0006  value_loss=0.4353  mi_loss=0.0018  mi_valid=0.74  div_loss=-0.2490  kl_loss=0.0000 (disabled)  score=0.897  return=0.617  role_std=3.0014  role_norm=11.6878  enc_delta ego=0.0021 partner=0.0024 road=0.0047
[ROMA step 3,588,489,216] sps=2,080,111  policy_loss=-0.0003  value_loss=0.4013  mi_loss=0.0018  mi_valid=0.76  div_loss=-0.2471  kl_loss=0.0000 (disabled)  score=0.897  return=0.613  role_std=2.9037  role_norm=11.5432  enc_delta ego=0.0025 partner=0.0026 road=0.0044
[ROMA step 3,589,275,648] sps=2,067,610  policy_loss=-0.0024  value_loss=0.3745  mi_loss=0.0018  mi_valid=0.77  div_loss=-0.2490  kl_loss=0.0000 (disabled)  score=0.897  return=0.614  role_std=2.7936  role_norm=12.0794  enc_delta ego=0.0022 partner=0.0028 road=0.0041
[ROMA step 3,590,062,080] sps=2,035,936  policy_loss=-0.0019  value_loss=0.3642  mi_loss=0.0018  mi_valid=0.75  div_loss=-0.2471  kl_loss=0.0000 (disabled)  score=0.897  return=0.617  role_std=3.0587  role_norm=12.4937  enc_delta ego=0.0022 partner=0.0031 road=0.0042
[ROMA step 3,590,848,512] sps=2,024,814  policy_loss=0.0004  value_loss=0.4168  mi_loss=0.0017  mi_valid=0.75  div_loss=-0.2539  kl_loss=0.0000 (disabled)  score=0.897  return=0.617  role_std=3.0602  role_norm=12.1380  enc_delta ego=0.0031 partner=0.0030 road=0.0040
[ROMA step 3,591,634,944] sps=2,013,756  policy_loss=-0.0017  value_loss=0.3165  mi_loss=0.0017  mi_valid=0.76  div_loss=-0.2393  kl_loss=0.0000 (disabled)  score=0.896  return=0.619  role_std=2.9150  role_norm=11.8830  enc_delta ego=0.0021 partner=0.0027 road=0.0033
[ROMA step 3,592,421,376] sps=2,002,733  policy_loss=-0.0003  value_loss=0.2888  mi_loss=0.0016  mi_valid=0.76  div_loss=-0.2490  kl_loss=0.0000 (disabled)  score=0.897  return=0.621  role_std=2.9282  role_norm=11.8518  enc_delta ego=0.0022 partner=0.0032 road=0.0043
[ROMA step 3,593,207,808] sps=1,972,515  policy_loss=0.0058  value_loss=0.3966  mi_loss=0.0016  mi_valid=0.75  div_loss=-0.2676  kl_loss=0.0000 (disabled)  score=0.897  return=0.622  role_std=3.1015  role_norm=12.3607  enc_delta ego=0.0016 partner=0.0026 road=0.0043
[ROMA step 3,593,994,240] sps=1,961,799  policy_loss=-0.0001  value_loss=0.5306  mi_loss=0.0017  mi_valid=0.77  div_loss=-0.2715  kl_loss=0.0000 (disabled)  score=0.897  return=0.621  role_std=3.4268  role_norm=12.0500  enc_delta ego=0.0017 partner=0.0022 road=0.0038
[ROMA step 3,594,780,672] sps=1,951,481  policy_loss=-0.0065  value_loss=0.5338  mi_loss=0.0017  mi_valid=0.76  div_loss=-0.2793  kl_loss=0.0000 (disabled)  score=0.896  return=0.615  role_std=3.4773  role_norm=12.2330  enc_delta ego=0.0026 partner=0.0036 road=0.0045
[ROMA step 3,595,567,104] sps=1,917,392  policy_loss=0.0055  value_loss=0.4827  mi_loss=0.0018  mi_valid=0.74  div_loss=-0.2715  kl_loss=0.0000 (disabled)  score=0.896  return=0.617  role_std=3.3717  role_norm=11.7562  enc_delta ego=0.0021 partner=0.0030 road=0.0038
[ROMA step 3,596,353,536] sps=1,907,628  policy_loss=0.0002  value_loss=0.3408  mi_loss=0.0019  mi_valid=0.76  div_loss=-0.2598  kl_loss=0.0000 (disabled)  score=0.895  return=0.615  role_std=3.1069  role_norm=11.5286  enc_delta ego=0.0030 partner=0.0028 road=0.0047
[ROMA step 3,597,139,968] sps=1,897,790  policy_loss=0.0003  value_loss=0.3444  mi_loss=0.0017  mi_valid=0.76  div_loss=-0.2617  kl_loss=0.0000 (disabled)  score=0.895  return=0.615  role_std=3.1938  role_norm=11.4459  enc_delta ego=0.0028 partner=0.0029 road=0.0041
[ROMA step 3,597,926,400] sps=1,887,950  policy_loss=0.0050  value_loss=0.3251  mi_loss=0.0018  mi_valid=0.77  div_loss=-0.2656  kl_loss=0.0000 (disabled)  score=0.895  return=0.617  role_std=2.8307  role_norm=11.8602  enc_delta ego=0.0032 partner=0.0029 road=0.0040
[ROMA step 3,598,712,832] sps=1,862,958  policy_loss=-0.0012  value_loss=0.4144  mi_loss=0.0018  mi_valid=0.75  div_loss=-0.2656  kl_loss=0.0000 (disabled)  score=0.894  return=0.614  role_std=3.0906  role_norm=11.7422  enc_delta ego=0.0022 partner=0.0026 road=0.0039
[ROMA step 3,599,499,264] sps=1,853,542  policy_loss=-0.0028  value_loss=0.4040  mi_loss=0.0017  mi_valid=0.76  div_loss=-0.2617  kl_loss=0.0000 (disabled)  score=0.894  return=0.615  role_std=3.2066  role_norm=11.7938  enc_delta ego=0.0024 partner=0.0027 road=0.0036
[ROMA step 3,600,285,696] sps=1,844,335  policy_loss=-0.0037  value_loss=0.3152  mi_loss=0.0017  mi_valid=0.76  div_loss=-0.2520  kl_loss=0.0000 (disabled)  score=0.893  return=0.616  role_std=2.9875  role_norm=11.9053  enc_delta ego=0.0019 partner=0.0024 road=0.0036
[ROMA step 3,601,072,128] sps=1,820,499  policy_loss=-0.0008  value_loss=0.3476  mi_loss=0.0016  mi_valid=0.73  div_loss=-0.2490  kl_loss=0.0000 (disabled)  score=0.892  return=0.618  role_std=3.1247  role_norm=11.3427  enc_delta ego=0.0016 partner=0.0020 road=0.0031
[ROMA step 3,601,858,560] sps=1,811,580  policy_loss=-0.0005  value_loss=0.3712  mi_loss=0.0016  mi_valid=0.77  div_loss=-0.2559  kl_loss=0.0000 (disabled)  score=0.892  return=0.619  role_std=2.8273  role_norm=12.6128  enc_delta ego=0.0012 partner=0.0022 road=0.0035
[ROMA step 3,602,644,992] sps=1,802,536  policy_loss=-0.0005  value_loss=0.2965  mi_loss=0.0017  mi_valid=0.76  div_loss=-0.2461  kl_loss=0.0000 (disabled)  score=0.891  return=0.619  role_std=2.8934  role_norm=12.3456  enc_delta ego=0.0017 partner=0.0022 road=0.0032
[ROMA step 3,603,431,424] sps=1,793,734  policy_loss=-0.0016  value_loss=0.3451  mi_loss=0.0016  mi_valid=0.76  div_loss=-0.2559  kl_loss=0.0000 (disabled)  score=0.891  return=0.620  role_std=2.8172  role_norm=12.0836  enc_delta ego=0.0021 partner=0.0025 road=0.0032
[ROMA step 3,604,217,856] sps=1,763,968  policy_loss=-0.0002  value_loss=0.3608  mi_loss=0.0016  mi_valid=0.73  div_loss=-0.2617  kl_loss=0.0000 (disabled)  score=0.891  return=0.623  role_std=3.3891  role_norm=11.7762  enc_delta ego=0.0017 partner=0.0025 road=0.0038
[ROMA step 3,605,004,288] sps=1,754,486  policy_loss=-0.0015  value_loss=0.3964  mi_loss=0.0016  mi_valid=0.75  div_loss=-0.2773  kl_loss=0.0000 (disabled)  score=0.891  return=0.624  role_std=3.2990  role_norm=11.6388  enc_delta ego=0.0019 partner=0.0026 road=0.0037
[ROMA step 3,605,790,720] sps=1,746,366  policy_loss=0.0035  value_loss=0.4799  mi_loss=0.0016  mi_valid=0.76  div_loss=-0.2871  kl_loss=0.0000 (disabled)  score=0.891  return=0.624  role_std=3.1506  role_norm=11.6734  enc_delta ego=0.0022 partner=0.0025 road=0.0036
[ROMA step 3,606,577,152] sps=1,738,220  policy_loss=0.0005  value_loss=0.3415  mi_loss=0.0016  mi_valid=0.76  div_loss=-0.2676  kl_loss=0.0000 (disabled)  score=0.891  return=0.625  role_std=3.4873  role_norm=12.5234  enc_delta ego=0.0023 partner=0.0028 road=0.0042
[ROMA step 3,607,363,584] sps=1,715,256  policy_loss=-0.0035  value_loss=0.3831  mi_loss=0.0016  mi_valid=0.73  div_loss=-0.2773  kl_loss=0.0000 (disabled)  score=0.893  return=0.631  role_std=3.6297  role_norm=12.9857  enc_delta ego=0.0025 partner=0.0027 road=0.0042
[ROMA step 3,608,150,016] sps=1,707,503  policy_loss=0.0063  value_loss=0.3443  mi_loss=0.0016  mi_valid=0.74  div_loss=-0.2637  kl_loss=0.0000 (disabled)  score=0.895  return=0.642  role_std=3.6267  role_norm=12.9043  enc_delta ego=0.0015 partner=0.0025 road=0.0038
[ROMA step 3,608,936,448] sps=1,699,801  policy_loss=0.0034  value_loss=0.3397  mi_loss=0.0016  mi_valid=0.74  div_loss=-0.2734  kl_loss=0.0000 (disabled)  score=0.897  return=0.650  role_std=3.3474  role_norm=12.7588  enc_delta ego=0.0022 partner=0.0026 road=0.0036
[ROMA step 3,609,722,880] sps=1,675,255  policy_loss=0.0031  value_loss=0.3266  mi_loss=0.0016  mi_valid=0.73  div_loss=-0.2676  kl_loss=0.0000 (disabled)  score=0.898  return=0.654  role_std=3.2454  role_norm=11.7404  enc_delta ego=0.0024 partner=0.0030 road=0.0046
[ROMA step 3,610,509,312] sps=1,667,568  policy_loss=-0.0042  value_loss=0.3526  mi_loss=0.0016  mi_valid=0.77  div_loss=-0.2656  kl_loss=0.0000 (disabled)  score=0.898  return=0.655  role_std=3.2161  role_norm=12.7270  enc_delta ego=0.0021 partner=0.0023 road=0.0044
[ROMA step 3,611,295,744] sps=1,659,787  policy_loss=0.0003  value_loss=0.2749  mi_loss=0.0017  mi_valid=0.75  div_loss=-0.2637  kl_loss=0.0000 (disabled)  score=0.899  return=0.655  role_std=3.2163  role_norm=12.7263  enc_delta ego=0.0027 partner=0.0032 road=0.0056
[ROMA step 3,612,082,176] sps=1,652,348  policy_loss=0.0064  value_loss=0.3449  mi_loss=0.0017  mi_valid=0.75  div_loss=-0.2578  kl_loss=0.0000 (disabled)  score=0.900  return=0.661  role_std=3.3866  role_norm=12.5989  enc_delta ego=0.0021 partner=0.0026 road=0.0036
[ROMA step 3,612,868,608] sps=1,630,786  policy_loss=0.0003  value_loss=0.3726  mi_loss=0.0018  mi_valid=0.73  div_loss=-0.2695  kl_loss=0.0000 (disabled)  score=0.900  return=0.659  role_std=3.5647  role_norm=12.4927  enc_delta ego=0.0024 partner=0.0025 road=0.0039
[ROMA step 3,613,655,040] sps=1,623,353  policy_loss=-0.0067  value_loss=0.3595  mi_loss=0.0018  mi_valid=0.74  div_loss=-0.2676  kl_loss=0.0000 (disabled)  score=0.901  return=0.661  role_std=3.3813  role_norm=12.2941  enc_delta ego=0.0017 partner=0.0022 road=0.0036
[ROMA step 3,614,441,472] sps=1,616,240  policy_loss=-0.0020  value_loss=0.4451  mi_loss=0.0017  mi_valid=0.75  div_loss=-0.2793  kl_loss=0.0000 (disabled)  score=0.902  return=0.661  role_std=3.1881  role_norm=12.8138  enc_delta ego=0.0018 partner=0.0026 road=0.0034
[ROMA step 3,615,227,904] sps=1,598,391  policy_loss=-0.0009  value_loss=0.3763  mi_loss=0.0018  mi_valid=0.74  div_loss=-0.2773  kl_loss=0.0000 (disabled)  score=0.903  return=0.663  role_std=3.5341  role_norm=12.8017  enc_delta ego=0.0026 partner=0.0030 road=0.0046
[ROMA step 3,616,014,336] sps=1,591,398  policy_loss=0.0020  value_loss=0.5510  mi_loss=0.0017  mi_valid=0.74  div_loss=-0.2812  kl_loss=0.0000 (disabled)  score=0.904  return=0.665  role_std=3.9007  role_norm=12.6588  enc_delta ego=0.0027 partner=0.0037 road=0.0049
[ROMA step 3,616,800,768] sps=1,584,798  policy_loss=0.0009  value_loss=0.4087  mi_loss=0.0017  mi_valid=0.75  div_loss=-0.2656  kl_loss=0.0000 (disabled)  score=0.904  return=0.663  role_std=3.2149  role_norm=12.5061  enc_delta ego=0.0026 partner=0.0030 road=0.0042
[ROMA step 3,617,587,200] sps=1,578,245  policy_loss=-0.0045  value_loss=0.2676  mi_loss=0.0017  mi_valid=0.75  div_loss=-0.2520  kl_loss=0.0000 (disabled)  score=0.905  return=0.666  role_std=3.1096  role_norm=12.6434  enc_delta ego=0.0023 partner=0.0030 road=0.0039
[ROMA step 3,618,373,632] sps=1,561,475  policy_loss=0.0042  value_loss=0.4596  mi_loss=0.0017  mi_valid=0.74  div_loss=-0.2559  kl_loss=0.0000 (disabled)  score=0.905  return=0.666  role_std=3.2324  role_norm=13.2734  enc_delta ego=0.0019 partner=0.0029 road=0.0039
[ROMA step 3,619,160,064] sps=1,554,941  policy_loss=-0.0025  value_loss=0.3654  mi_loss=0.0017  mi_valid=0.76  div_loss=-0.2578  kl_loss=0.0000 (disabled)  score=0.906  return=0.666  role_std=3.2882  role_norm=13.1701  enc_delta ego=0.0024 partner=0.0031 road=0.0046
[ROMA step 3,619,946,496] sps=1,548,198  policy_loss=0.0051  value_loss=0.3209  mi_loss=0.0016  mi_valid=0.75  div_loss=-0.2480  kl_loss=0.0000 (disabled)  score=0.907  return=0.668  role_std=3.3258  role_norm=13.0426  enc_delta ego=0.0024 partner=0.0033 road=0.0048
[ROMA step 3,620,732,928] sps=1,529,758  policy_loss=0.0017  value_loss=0.3049  mi_loss=0.0017  mi_valid=0.73  div_loss=-0.2490  kl_loss=0.0000 (disabled)  score=0.908  return=0.675  role_std=3.2291  role_norm=12.5444  enc_delta ego=0.0018 partner=0.0022 road=0.0030
[ROMA step 3,621,519,360] sps=1,523,599  policy_loss=-0.0016  value_loss=0.3947  mi_loss=0.0017  mi_valid=0.75  div_loss=-0.2578  kl_loss=0.0000 (disabled)  score=0.908  return=0.678  role_std=3.3549  role_norm=12.4175  enc_delta ego=0.0032 partner=0.0025 road=0.0038
[ROMA step 3,622,305,792] sps=1,517,435  policy_loss=0.0010  value_loss=0.4136  mi_loss=0.0017  mi_valid=0.74  div_loss=-0.2656  kl_loss=0.0000 (disabled)  score=0.909  return=0.679  role_std=3.5063  role_norm=12.2531  enc_delta ego=0.0025 partner=0.0028 road=0.0035
[ROMA step 3,623,092,224] sps=1,511,395  policy_loss=0.0011  value_loss=0.6182  mi_loss=0.0019  mi_valid=0.76  div_loss=-0.2871  kl_loss=0.0000 (disabled)  score=0.909  return=0.678  role_std=3.5890  role_norm=12.9001  enc_delta ego=0.0023 partner=0.0028 road=0.0034
[ROMA step 3,623,878,656] sps=1,495,680  policy_loss=-0.0015  value_loss=0.5010  mi_loss=0.0018  mi_valid=0.74  div_loss=-0.2715  kl_loss=0.0000 (disabled)  score=0.909  return=0.674  role_std=3.3835  role_norm=13.2268  enc_delta ego=0.0028 partner=0.0028 road=0.0038
[ROMA step 3,624,665,088] sps=1,489,799  policy_loss=-0.0053  value_loss=0.3976  mi_loss=0.0019  mi_valid=0.75  div_loss=-0.2637  kl_loss=0.0000 (disabled)  score=0.910  return=0.674  role_std=3.3833  role_norm=13.1834  enc_delta ego=0.0025 partner=0.0026 road=0.0035
[ROMA step 3,625,451,520] sps=1,484,014  policy_loss=-0.0021  value_loss=0.4155  mi_loss=0.0018  mi_valid=0.75  div_loss=-0.2578  kl_loss=0.0000 (disabled)  score=0.911  return=0.674  role_std=3.2261  role_norm=13.0035  enc_delta ego=0.0017 partner=0.0028 road=0.0036
[ROMA step 3,626,237,952] sps=1,465,995  policy_loss=-0.0029  value_loss=0.3475  mi_loss=0.0018  mi_valid=0.72  div_loss=-0.2402  kl_loss=0.0000 (disabled)  score=0.911  return=0.673  role_std=3.2608  role_norm=12.0587  enc_delta ego=0.0021 partner=0.0021 road=0.0030
[ROMA step 3,627,024,384] sps=1,460,308  policy_loss=0.0019  value_loss=0.3648  mi_loss=0.0017  mi_valid=0.77  div_loss=-0.2412  kl_loss=0.0000 (disabled)  score=0.912  return=0.671  role_std=3.0355  role_norm=13.1325  enc_delta ego=0.0036 partner=0.0026 road=0.0048
[ROMA step 3,627,810,816] sps=1,454,679  policy_loss=0.0031  value_loss=0.3520  mi_loss=0.0017  mi_valid=0.76  div_loss=-0.2520  kl_loss=0.0000 (disabled)  score=0.912  return=0.670  role_std=3.0230  role_norm=12.7214  enc_delta ego=0.0035 partner=0.0029 road=0.0049
[ROMA step 3,628,597,248] sps=1,448,945  policy_loss=-0.0036  value_loss=0.2765  mi_loss=0.0017  mi_valid=0.75  div_loss=-0.2412  kl_loss=0.0000 (disabled)  score=0.913  return=0.671  role_std=2.9575  role_norm=12.6136  enc_delta ego=0.0023 partner=0.0025 road=0.0051
[ROMA step 3,629,383,680] sps=1,434,333  policy_loss=-0.0033  value_loss=0.3161  mi_loss=0.0018  mi_valid=0.74  div_loss=-0.2354  kl_loss=0.0000 (disabled)  score=0.914  return=0.672  role_std=3.0643  role_norm=12.6185  enc_delta ego=0.0019 partner=0.0024 road=0.0041
[ROMA step 3,630,170,112] sps=1,428,997  policy_loss=-0.0053  value_loss=0.2820  mi_loss=0.0016  mi_valid=0.76  div_loss=-0.2344  kl_loss=0.0000 (disabled)  score=0.914  return=0.673  role_std=3.0823  role_norm=12.6305  enc_delta ego=0.0019 partner=0.0025 road=0.0040
[ROMA step 3,630,956,544] sps=1,423,577  policy_loss=-0.0052  value_loss=0.3640  mi_loss=0.0016  mi_valid=0.75  div_loss=-0.2432  kl_loss=0.0000 (disabled)  score=0.914  return=0.675  role_std=3.0245  role_norm=12.4710  enc_delta ego=0.0022 partner=0.0025 road=0.0039
[ROMA step 3,631,742,976] sps=1,417,975  policy_loss=-0.0046  value_loss=0.2602  mi_loss=0.0015  mi_valid=0.77  div_loss=-0.2451  kl_loss=0.0000 (disabled)  score=0.914  return=0.677  role_std=2.9763  role_norm=13.1301  enc_delta ego=0.0025 partner=0.0023 road=0.0034
[ROMA step 3,632,529,408] sps=1,400,782  policy_loss=0.0044  value_loss=0.4268  mi_loss=0.0016  mi_valid=0.74  div_loss=-0.2617  kl_loss=0.0000 (disabled)  score=0.913  return=0.674  role_std=3.2974  role_norm=12.8512  enc_delta ego=0.0018 partner=0.0030 road=0.0045
[ROMA step 3,633,315,840] sps=1,395,607  policy_loss=0.0070  value_loss=0.3210  mi_loss=0.0016  mi_valid=0.76  div_loss=-0.2539  kl_loss=0.0000 (disabled)  score=0.912  return=0.672  role_std=3.2178  role_norm=12.8564  enc_delta ego=0.0020 partner=0.0028 road=0.0040
[ROMA step 3,634,102,272] sps=1,390,510  policy_loss=0.0032  value_loss=0.4064  mi_loss=0.0016  mi_valid=0.76  div_loss=-0.2617  kl_loss=0.0000 (disabled)  score=0.911  return=0.670  role_std=3.3355  role_norm=12.8551  enc_delta ego=0.0019 partner=0.0027 road=0.0038
[ROMA step 3,634,888,704] sps=1,375,544  policy_loss=-0.0054  value_loss=0.3531  mi_loss=0.0017  mi_valid=0.74  div_loss=-0.2695  kl_loss=0.0000 (disabled)  score=0.909  return=0.666  role_std=3.2492  role_norm=12.4754  enc_delta ego=0.0018 partner=0.0025 road=0.0044
[ROMA step 3,635,675,136] sps=1,370,574  policy_loss=0.0021  value_loss=0.4416  mi_loss=0.0016  mi_valid=0.76  div_loss=-0.2695  kl_loss=0.0000 (disabled)  score=0.909  return=0.664  role_std=3.4848  role_norm=13.7099  enc_delta ego=0.0018 partner=0.0022 road=0.0037
[ROMA step 3,636,461,568] sps=1,365,556  policy_loss=0.0030  value_loss=0.3553  mi_loss=0.0016  mi_valid=0.75  div_loss=-0.2500  kl_loss=0.0000 (disabled)  score=0.909  return=0.665  role_std=3.2370  role_norm=13.4908  enc_delta ego=0.0021 partner=0.0026 road=0.0033
[ROMA step 3,637,248,000] sps=1,360,563  policy_loss=0.0065  value_loss=0.4041  mi_loss=0.0017  mi_valid=0.75  div_loss=-0.2578  kl_loss=0.0000 (disabled)  score=0.909  return=0.665  role_std=3.4777  role_norm=13.3279  enc_delta ego=0.0022 partner=0.0028 road=0.0043
[ROMA step 3,638,034,432] sps=1,347,920  policy_loss=0.0029  value_loss=0.2914  mi_loss=0.0018  mi_valid=0.73  div_loss=-0.2539  kl_loss=0.0000 (disabled)  score=0.909  return=0.665  role_std=3.2887  role_norm=12.9193  enc_delta ego=0.0023 partner=0.0025 road=0.0039
[ROMA step 3,638,820,864] sps=1,342,908  policy_loss=-0.0016  value_loss=0.2907  mi_loss=0.0017  mi_valid=0.75  div_loss=-0.2598  kl_loss=0.0000 (disabled)  score=0.910  return=0.666  role_std=3.2524  role_norm=12.6896  enc_delta ego=0.0019 partner=0.0025 road=0.0035
[ROMA step 3,639,607,296] sps=1,338,223  policy_loss=0.0029  value_loss=0.3108  mi_loss=0.0016  mi_valid=0.76  div_loss=-0.2559  kl_loss=0.0000 (disabled)  score=0.910  return=0.671  role_std=3.3208  role_norm=12.7752  enc_delta ego=0.0035 partner=0.0026 road=0.0043
[ROMA step 3,640,393,728] sps=1,323,389  policy_loss=-0.0054  value_loss=0.2564  mi_loss=0.0017  mi_valid=0.75  div_loss=-0.2559  kl_loss=0.0000 (disabled)  score=0.910  return=0.670  role_std=3.1925  role_norm=13.3675  enc_delta ego=0.0020 partner=0.0027 road=0.0039
[ROMA step 3,641,180,160] sps=1,318,814  policy_loss=0.0005  value_loss=0.3515  mi_loss=0.0018  mi_valid=0.75  div_loss=-0.2598  kl_loss=0.0000 (disabled)  score=0.910  return=0.671  role_std=3.2569  role_norm=12.9975  enc_delta ego=0.0022 partner=0.0032 road=0.0041
[ROMA step 3,641,966,592] sps=1,314,246  policy_loss=0.0033  value_loss=0.2823  mi_loss=0.0017  mi_valid=0.75  div_loss=-0.2480  kl_loss=0.0000 (disabled)  score=0.910  return=0.673  role_std=3.2259  role_norm=12.9515  enc_delta ego=0.0021 partner=0.0024 road=0.0035
[ROMA step 3,642,753,024] sps=1,309,728  policy_loss=0.0022  value_loss=0.3075  mi_loss=0.0016  mi_valid=0.76  div_loss=-0.2539  kl_loss=0.0000 (disabled)  score=0.911  return=0.678  role_std=3.4132  role_norm=13.0040  enc_delta ego=0.0021 partner=0.0024 road=0.0032
[ROMA step 3,643,539,456] sps=1,298,022  policy_loss=0.0010  value_loss=0.3803  mi_loss=0.0016  mi_valid=0.74  div_loss=-0.2539  kl_loss=0.0000 (disabled)  score=0.911  return=0.677  role_std=3.3557  role_norm=12.5949  enc_delta ego=0.0025 partner=0.0031 road=0.0043
[ROMA step 3,644,325,888] sps=1,293,523  policy_loss=-0.0069  value_loss=0.2635  mi_loss=0.0015  mi_valid=0.76  div_loss=-0.2490  kl_loss=0.0000 (disabled)  score=0.912  return=0.680  role_std=3.2329  role_norm=13.5108  enc_delta ego=0.0019 partner=0.0026 road=0.0036
[ROMA step 3,645,112,320] sps=1,289,049  policy_loss=-0.0025  value_loss=0.3374  mi_loss=0.0017  mi_valid=0.75  div_loss=-0.2676  kl_loss=0.0000 (disabled)  score=0.913  return=0.683  role_std=3.2346  role_norm=13.3928  enc_delta ego=0.0015 partner=0.0021 road=0.0032
[ROMA step 3,645,898,752] sps=1,277,581  policy_loss=-0.0058  value_loss=0.2585  mi_loss=0.0017  mi_valid=0.73  div_loss=-0.2617  kl_loss=0.0000 (disabled)  score=0.913  return=0.683  role_std=3.1832  role_norm=12.9279  enc_delta ego=0.0017 partner=0.0023 road=0.0030
[ROMA step 3,646,685,184] sps=1,273,402  policy_loss=0.0002  value_loss=0.3190  mi_loss=0.0017  mi_valid=0.75  div_loss=-0.2617  kl_loss=0.0000 (disabled)  score=0.912  return=0.682  role_std=3.5133  role_norm=12.7002  enc_delta ego=0.0021 partner=0.0023 road=0.0033
[ROMA step 3,647,471,616] sps=1,269,248  policy_loss=0.0058  value_loss=0.3452  mi_loss=0.0017  mi_valid=0.75  div_loss=-0.2637  kl_loss=0.0000 (disabled)  score=0.913  return=0.685  role_std=3.3919  role_norm=12.4644  enc_delta ego=0.0023 partner=0.0023 road=0.0039
[ROMA step 3,648,258,048] sps=1,264,974  policy_loss=-0.0023  value_loss=0.3456  mi_loss=0.0017  mi_valid=0.76  div_loss=-0.2715  kl_loss=0.0000 (disabled)  score=0.914  return=0.687  role_std=3.2150  role_norm=13.0961  enc_delta ego=0.0020 partner=0.0025 road=0.0038
[ROMA step 3,649,044,480] sps=1,253,158  policy_loss=0.0032  value_loss=0.4026  mi_loss=0.0016  mi_valid=0.74  div_loss=-0.2773  kl_loss=0.0000 (disabled)  score=0.914  return=0.689  role_std=3.4939  role_norm=13.2095  enc_delta ego=0.0018 partner=0.0025 road=0.0041
[ROMA step 3,649,830,912] sps=1,248,978  policy_loss=0.0028  value_loss=0.3505  mi_loss=0.0015  mi_valid=0.75  div_loss=-0.2656  kl_loss=0.0000 (disabled)  score=0.915  return=0.696  role_std=3.4146  role_norm=13.1283  enc_delta ego=0.0022 partner=0.0031 road=0.0046
[ROMA step 3,650,617,344] sps=1,244,885  policy_loss=0.0065  value_loss=0.3810  mi_loss=0.0016  mi_valid=0.74  div_loss=-0.2695  kl_loss=0.0000 (disabled)  score=0.915  return=0.697  role_std=3.4731  role_norm=13.0405  enc_delta ego=0.0021 partner=0.0026 road=0.0046
[ROMA step 3,651,403,776] sps=1,235,088  policy_loss=0.0016  value_loss=0.3007  mi_loss=0.0015  mi_valid=0.72  div_loss=-0.2734  kl_loss=0.0000 (disabled)  score=0.916  return=0.701  role_std=3.7180  role_norm=12.1415  enc_delta ego=0.0023 partner=0.0020 road=0.0037
[ROMA step 3,652,190,208] sps=1,231,094  policy_loss=0.0015  value_loss=0.3142  mi_loss=0.0016  mi_valid=0.75  div_loss=-0.2578  kl_loss=0.0000 (disabled)  score=0.917  return=0.704  role_std=3.3419  role_norm=13.4379  enc_delta ego=0.0018 partner=0.0016 road=0.0030
[ROMA step 3,652,976,640] sps=1,227,121  policy_loss=0.0030  value_loss=0.4117  mi_loss=0.0016  mi_valid=0.76  div_loss=-0.2715  kl_loss=0.0000 (disabled)  score=0.917  return=0.705  role_std=3.4416  role_norm=13.5448  enc_delta ego=0.0018 partner=0.0025 road=0.0040
[ROMA step 3,653,763,072] sps=1,223,187  policy_loss=-0.0019  value_loss=0.3365  mi_loss=0.0017  mi_valid=0.75  div_loss=-0.2656  kl_loss=0.0000 (disabled)  score=0.919  return=0.710  role_std=3.4471  role_norm=13.2924  enc_delta ego=0.0022 partner=0.0028 road=0.0043
[ROMA step 3,654,549,504] sps=1,211,905  policy_loss=0.0008  value_loss=0.3234  mi_loss=0.0017  mi_valid=0.73  div_loss=-0.2617  kl_loss=0.0000 (disabled)  score=0.919  return=0.710  role_std=3.5505  role_norm=13.0705  enc_delta ego=0.0017 partner=0.0022 road=0.0035
[ROMA step 3,655,335,936] sps=1,207,663  policy_loss=-0.0058  value_loss=0.5146  mi_loss=0.0016  mi_valid=0.75  div_loss=-0.2754  kl_loss=0.0000 (disabled)  score=0.920  return=0.706  role_std=3.4798  role_norm=12.9171  enc_delta ego=0.0016 partner=0.0017 road=0.0031
[ROMA step 3,656,122,368] sps=1,203,855  policy_loss=0.0011  value_loss=0.4401  mi_loss=0.0015  mi_valid=0.76  div_loss=-0.2578  kl_loss=0.0000 (disabled)  score=0.920  return=0.705  role_std=3.4959  role_norm=12.7041  enc_delta ego=0.0019 partner=0.0026 road=0.0039
[ROMA step 3,656,908,800] sps=1,200,153  policy_loss=-0.0008  value_loss=0.4021  mi_loss=0.0016  mi_valid=0.76  div_loss=-0.2539  kl_loss=0.0000 (disabled)  score=0.920  return=0.705  role_std=3.2716  role_norm=13.4813  enc_delta ego=0.0022 partner=0.0021 road=0.0033
[ROMA step 3,657,695,232] sps=1,179,441  policy_loss=0.0090  value_loss=0.4674  mi_loss=0.0017  mi_valid=0.75  div_loss=-0.2578  kl_loss=0.0000 (disabled)  score=0.920  return=0.703  role_std=3.3474  role_norm=13.4915  enc_delta ego=0.0020 partner=0.0031 road=0.0042
[ROMA step 3,658,481,664] sps=1,175,914  policy_loss=-0.0014  value_loss=0.3088  mi_loss=0.0017  mi_valid=0.76  div_loss=-0.2441  kl_loss=0.0000 (disabled)  score=0.920  return=0.702  role_std=3.3718  role_norm=13.4199  enc_delta ego=0.0022 partner=0.0024 road=0.0036
[ROMA step 3,659,268,096] sps=1,172,357  policy_loss=0.0009  value_loss=0.3085  mi_loss=0.0018  mi_valid=0.76  div_loss=-0.2402  kl_loss=0.0000 (disabled)  score=0.919  return=0.702  role_std=3.3827  role_norm=13.1971  enc_delta ego=0.0022 partner=0.0023 road=0.0040
[ROMA step 3,660,054,528] sps=1,157,881  policy_loss=0.0071  value_loss=0.2618  mi_loss=0.0017  mi_valid=0.74  div_loss=-0.2393  kl_loss=0.0000 (disabled)  score=0.919  return=0.705  role_std=3.4855  role_norm=12.7637  enc_delta ego=0.0020 partner=0.0025 road=0.0044
[ROMA step 3,660,840,960] sps=1,154,419  policy_loss=0.0007  value_loss=0.2031  mi_loss=0.0015  mi_valid=0.76  div_loss=-0.2295  kl_loss=0.0000 (disabled)  score=0.920  return=0.708  role_std=3.0430  role_norm=13.8770  enc_delta ego=0.0017 partner=0.0023 road=0.0040
[ROMA step 3,661,627,392] sps=1,150,976  policy_loss=-0.0032  value_loss=0.2819  mi_loss=0.0015  mi_valid=0.75  div_loss=-0.2412  kl_loss=0.0000 (disabled)  score=0.921  return=0.712  role_std=3.0793  role_norm=13.9375  enc_delta ego=0.0019 partner=0.0027 road=0.0041
[ROMA step 3,662,413,824] sps=1,147,391  policy_loss=-0.0020  value_loss=0.2900  mi_loss=0.0015  mi_valid=0.74  div_loss=-0.2451  kl_loss=0.0000 (disabled)  score=0.921  return=0.714  role_std=3.1784  role_norm=13.9244  enc_delta ego=0.0021 partner=0.0028 road=0.0038
[ROMA step 3,663,200,256] sps=1,136,805  policy_loss=0.0006  value_loss=0.3425  mi_loss=0.0018  mi_valid=0.73  div_loss=-0.2578  kl_loss=0.0000 (disabled)  score=0.920  return=0.712  role_std=3.2658  role_norm=13.3759  enc_delta ego=0.0023 partner=0.0025 road=0.0043
[ROMA step 3,663,986,688] sps=1,133,467  policy_loss=-0.0046  value_loss=0.3377  mi_loss=0.0018  mi_valid=0.75  div_loss=-0.2480  kl_loss=0.0000 (disabled)  score=0.920  return=0.711  role_std=3.3260  role_norm=13.0693  enc_delta ego=0.0022 partner=0.0028 road=0.0052
[ROMA step 3,664,773,120] sps=1,130,116  policy_loss=-0.0069  value_loss=0.3618  mi_loss=0.0017  mi_valid=0.75  div_loss=-0.2539  kl_loss=0.0000 (disabled)  score=0.920  return=0.709  role_std=3.4525  role_norm=12.9879  enc_delta ego=0.0021 partner=0.0025 road=0.0039
[ROMA step 3,665,559,552] sps=1,121,574  policy_loss=0.0003  value_loss=0.4625  mi_loss=0.0018  mi_valid=0.75  div_loss=-0.2520  kl_loss=0.0000 (disabled)  score=0.920  return=0.708  role_std=3.6085  role_norm=13.6492  enc_delta ego=0.0027 partner=0.0029 road=0.0043
[ROMA step 3,666,345,984] sps=1,118,194  policy_loss=-0.0002  value_loss=0.4001  mi_loss=0.0019  mi_valid=0.76  div_loss=-0.2500  kl_loss=0.0000 (disabled)  score=0.919  return=0.705  role_std=3.3940  role_norm=13.4467  enc_delta ego=0.0022 partner=0.0031 road=0.0047
[ROMA step 3,667,132,416] sps=1,114,980  policy_loss=-0.0120  value_loss=0.3212  mi_loss=0.0018  mi_valid=0.76  div_loss=-0.2539  kl_loss=0.0000 (disabled)  score=0.918  return=0.703  role_std=3.3099  role_norm=13.4333  enc_delta ego=0.0024 partner=0.0031 road=0.0047
[ROMA step 3,667,918,848] sps=1,111,830  policy_loss=-0.0030  value_loss=0.3691  mi_loss=0.0018  mi_valid=0.76  div_loss=-0.2559  kl_loss=0.0000 (disabled)  score=0.917  return=0.701  role_std=3.5695  role_norm=13.2952  enc_delta ego=0.0023 partner=0.0029 road=0.0037
[ROMA step 3,668,705,280] sps=1,101,565  policy_loss=-0.0060  value_loss=0.3550  mi_loss=0.0018  mi_valid=0.74  div_loss=-0.2578  kl_loss=0.0000 (disabled)  score=0.916  return=0.696  role_std=3.2872  role_norm=12.5661  enc_delta ego=0.0019 partner=0.0027 road=0.0034
[ROMA step 3,669,491,712] sps=1,098,450  policy_loss=-0.0004  value_loss=0.3968  mi_loss=0.0018  mi_valid=0.76  div_loss=-0.2393  kl_loss=0.0000 (disabled)  score=0.917  return=0.698  role_std=3.1971  role_norm=13.9519  enc_delta ego=0.0024 partner=0.0026 road=0.0036
[ROMA step 3,670,278,144] sps=1,095,399  policy_loss=0.0033  value_loss=0.3766  mi_loss=0.0018  mi_valid=0.76  div_loss=-0.2334  kl_loss=0.0000 (disabled)  score=0.916  return=0.696  role_std=3.2027  role_norm=13.6885  enc_delta ego=0.0019 partner=0.0022 road=0.0034
[ROMA step 3,671,064,576] sps=1,084,532  policy_loss=-0.0003  value_loss=0.3877  mi_loss=0.0018  mi_valid=0.74  div_loss=-0.2393  kl_loss=0.0000 (disabled)  score=0.915  return=0.694  role_std=3.1764  role_norm=13.4829  enc_delta ego=0.0017 partner=0.0025 road=0.0041
[ROMA step 3,671,851,008] sps=1,081,493  policy_loss=0.0029  value_loss=0.5077  mi_loss=0.0018  mi_valid=0.76  div_loss=-0.2490  kl_loss=0.0000 (disabled)  score=0.913  return=0.689  role_std=3.3977  role_norm=13.4963  enc_delta ego=0.0023 partner=0.0029 road=0.0039
[ROMA step 3,672,637,440] sps=1,078,445  policy_loss=-0.0034  value_loss=0.3262  mi_loss=0.0018  mi_valid=0.77  div_loss=-0.2490  kl_loss=0.0000 (disabled)  score=0.912  return=0.686  role_std=3.4722  role_norm=13.2547  enc_delta ego=0.0024 partner=0.0024 road=0.0036
[ROMA step 3,673,423,872] sps=1,075,405  policy_loss=-0.0030  value_loss=0.3627  mi_loss=0.0018  mi_valid=0.78  div_loss=-0.2500  kl_loss=0.0000 (disabled)  score=0.909  return=0.681  role_std=3.1447  role_norm=14.0289  enc_delta ego=0.0022 partner=0.0026 road=0.0040
[ROMA step 3,674,210,304] sps=1,067,923  policy_loss=0.0034  value_loss=0.4126  mi_loss=0.0017  mi_valid=0.75  div_loss=-0.2578  kl_loss=0.0000 (disabled)  score=0.908  return=0.677  role_std=3.3313  role_norm=13.8670  enc_delta ego=0.0020 partner=0.0025 road=0.0039
[ROMA step 3,674,996,736] sps=1,064,951  policy_loss=-0.0058  value_loss=0.3307  mi_loss=0.0016  mi_valid=0.76  div_loss=-0.2559  kl_loss=0.0000 (disabled)  score=0.907  return=0.676  role_std=3.4645  role_norm=13.6961  enc_delta ego=0.0027 partner=0.0029 road=0.0045
[ROMA step 3,675,783,168] sps=1,062,098  policy_loss=-0.0013  value_loss=0.3303  mi_loss=0.0016  mi_valid=0.76  div_loss=-0.2676  kl_loss=0.0000 (disabled)  score=0.905  return=0.673  role_std=3.6518  role_norm=13.6996  enc_delta ego=0.0025 partner=0.0027 road=0.0041
[ROMA step 3,676,569,600] sps=1,054,774  policy_loss=0.0007  value_loss=0.3751  mi_loss=0.0016  mi_valid=0.73  div_loss=-0.2559  kl_loss=0.0000 (disabled)  score=0.905  return=0.673  role_std=3.8653  role_norm=13.0272  enc_delta ego=0.0020 partner=0.0027 road=0.0040
[ROMA step 3,677,356,032] sps=1,051,981  policy_loss=0.0034  value_loss=0.3220  mi_loss=0.0016  mi_valid=0.76  div_loss=-0.2480  kl_loss=0.0000 (disabled)  score=0.904  return=0.673  role_std=3.2450  role_norm=14.2978  enc_delta ego=0.0019 partner=0.0028 road=0.0037
[ROMA step 3,678,142,464] sps=1,049,161  policy_loss=-0.0007  value_loss=0.2895  mi_loss=0.0016  mi_valid=0.75  div_loss=-0.2451  kl_loss=0.0000 (disabled)  score=0.903  return=0.672  role_std=3.3553  role_norm=14.4216  enc_delta ego=0.0017 partner=0.0030 road=0.0034
[ROMA step 3,678,928,896] sps=1,046,410  policy_loss=-0.0011  value_loss=0.4497  mi_loss=0.0016  mi_valid=0.74  div_loss=-0.2695  kl_loss=0.0000 (disabled)  score=0.903  return=0.670  role_std=3.6337  role_norm=14.4582  enc_delta ego=0.0018 partner=0.0026 road=0.0030
[ROMA step 3,679,715,328] sps=1,039,755  policy_loss=0.0036  value_loss=0.3394  mi_loss=0.0017  mi_valid=0.73  div_loss=-0.2480  kl_loss=0.0000 (disabled)  score=0.903  return=0.672  role_std=3.7285  role_norm=14.0118  enc_delta ego=0.0021 partner=0.0028 road=0.0039
[ROMA step 3,680,501,760] sps=1,037,047  policy_loss=0.0014  value_loss=0.3811  mi_loss=0.0017  mi_valid=0.75  div_loss=-0.2480  kl_loss=0.0000 (disabled)  score=0.902  return=0.668  role_std=3.3968  role_norm=13.7116  enc_delta ego=0.0023 partner=0.0027 road=0.0030
[ROMA step 3,681,288,192] sps=1,034,337  policy_loss=-0.0003  value_loss=0.2685  mi_loss=0.0016  mi_valid=0.75  div_loss=-0.2363  kl_loss=0.0000 (disabled)  score=0.902  return=0.669  role_std=3.2708  role_norm=13.5112  enc_delta ego=0.0021 partner=0.0025 road=0.0036
[ROMA step 3,682,074,624] sps=1,031,515  policy_loss=-0.0005  value_loss=0.2623  mi_loss=0.0016  mi_valid=0.76  div_loss=-0.2324  kl_loss=0.0000 (disabled)  score=0.902  return=0.672  role_std=3.1072  role_norm=14.3521  enc_delta ego=0.0019 partner=0.0021 road=0.0030
[ROMA step 3,682,861,056] sps=1,024,870  policy_loss=-0.0017  value_loss=0.4878  mi_loss=0.0018  mi_valid=0.75  div_loss=-0.2578  kl_loss=0.0000 (disabled)  score=0.901  return=0.672  role_std=3.5408  role_norm=14.0585  enc_delta ego=0.0027 partner=0.0031 road=0.0043
[ROMA step 3,683,647,488] sps=1,022,196  policy_loss=0.0002  value_loss=0.4965  mi_loss=0.0018  mi_valid=0.76  div_loss=-0.2520  kl_loss=0.0000 (disabled)  score=0.900  return=0.667  role_std=3.1560  role_norm=13.7791  enc_delta ego=0.0027 partner=0.0027 road=0.0044
[ROMA step 3,684,433,920] sps=1,019,515  policy_loss=-0.0001  value_loss=0.4114  mi_loss=0.0017  mi_valid=0.76  div_loss=-0.2432  kl_loss=0.0000 (disabled)  score=0.901  return=0.667  role_std=3.5902  role_norm=13.6074  enc_delta ego=0.0022 partner=0.0025 road=0.0039
[ROMA step 3,685,220,352] sps=1,013,366  policy_loss=0.0063  value_loss=0.4788  mi_loss=0.0018  mi_valid=0.74  div_loss=-0.2617  kl_loss=0.0000 (disabled)  score=0.901  return=0.664  role_std=3.7754  role_norm=13.3264  enc_delta ego=0.0018 partner=0.0024 road=0.0032
[ROMA step 3,686,006,784] sps=1,010,651  policy_loss=-0.0032  value_loss=0.3046  mi_loss=0.0017  mi_valid=0.77  div_loss=-0.2520  kl_loss=0.0000 (disabled)  score=0.901  return=0.664  role_std=3.4321  role_norm=14.5290  enc_delta ego=0.0017 partner=0.0027 road=0.0043
[ROMA step 3,686,793,216] sps=1,008,087  policy_loss=0.0040  value_loss=0.2857  mi_loss=0.0017  mi_valid=0.76  div_loss=-0.2432  kl_loss=0.0000 (disabled)  score=0.902  return=0.666  role_std=3.4088  role_norm=14.3480  enc_delta ego=0.0022 partner=0.0026 road=0.0043
[ROMA step 3,687,579,648] sps=1,005,559  policy_loss=-0.0013  value_loss=0.4010  mi_loss=0.0018  mi_valid=0.76  div_loss=-0.2490  kl_loss=0.0000 (disabled)  score=0.901  return=0.662  role_std=3.4995  role_norm=14.0689  enc_delta ego=0.0022 partner=0.0030 road=0.0041
[ROMA step 3,688,366,080] sps=999,819  policy_loss=0.0051  value_loss=0.4891  mi_loss=0.0018  mi_valid=0.74  div_loss=-0.2559  kl_loss=0.0000 (disabled)  score=0.900  return=0.654  role_std=3.7783  role_norm=13.7600  enc_delta ego=0.0026 partner=0.0031 road=0.0048
[ROMA step 3,689,152,512] sps=997,261  policy_loss=0.0035  value_loss=0.4829  mi_loss=0.0018  mi_valid=0.76  div_loss=-0.2393  kl_loss=0.0000 (disabled)  score=0.897  return=0.646  role_std=3.2849  role_norm=13.5352  enc_delta ego=0.0026 partner=0.0029 road=0.0035
[ROMA step 3,689,938,944] sps=994,684  policy_loss=-0.0048  value_loss=0.3740  mi_loss=0.0018  mi_valid=0.77  div_loss=-0.2256  kl_loss=0.0000 (disabled)  score=0.896  return=0.643  role_std=3.2858  role_norm=13.4127  enc_delta ego=0.0026 partner=0.0028 road=0.0042
[ROMA step 3,690,725,376] sps=989,033  policy_loss=-0.0006  value_loss=0.3693  mi_loss=0.0017  mi_valid=0.76  div_loss=-0.2266  kl_loss=0.0000 (disabled)  score=0.895  return=0.642  role_std=3.1393  role_norm=14.5218  enc_delta ego=0.0020 partner=0.0025 road=0.0039
[ROMA step 3,691,511,808] sps=986,527  policy_loss=0.0014  value_loss=0.4210  mi_loss=0.0016  mi_valid=0.77  div_loss=-0.2363  kl_loss=0.0000 (disabled)  score=0.893  return=0.639  role_std=3.3958  role_norm=14.3545  enc_delta ego=0.0025 partner=0.0030 road=0.0040
[ROMA step 3,692,298,240] sps=984,059  policy_loss=-0.0061  value_loss=0.4246  mi_loss=0.0015  mi_valid=0.76  div_loss=-0.2432  kl_loss=0.0000 (disabled)  score=0.892  return=0.635  role_std=3.2233  role_norm=14.0985  enc_delta ego=0.0022 partner=0.0028 road=0.0041
[ROMA step 3,693,084,672] sps=981,604  policy_loss=0.0022  value_loss=0.3132  mi_loss=0.0015  mi_valid=0.76  div_loss=-0.2402  kl_loss=0.0000 (disabled)  score=0.891  return=0.635  role_std=3.3510  role_norm=13.9903  enc_delta ego=0.0016 partner=0.0021 road=0.0034
[ROMA step 3,693,871,104] sps=975,196  policy_loss=0.0058  value_loss=0.3695  mi_loss=0.0015  mi_valid=0.75  div_loss=-0.2500  kl_loss=0.0000 (disabled)  score=0.891  return=0.633  role_std=3.5405  role_norm=13.0492  enc_delta ego=0.0015 partner=0.0028 road=0.0038
[ROMA step 3,694,657,536] sps=972,726  policy_loss=0.0005  value_loss=0.3217  mi_loss=0.0015  mi_valid=0.78  div_loss=-0.2393  kl_loss=0.0000 (disabled)  score=0.890  return=0.633  role_std=3.3716  role_norm=14.5535  enc_delta ego=0.0018 partner=0.0024 road=0.0039
[ROMA step 3,695,443,968] sps=970,310  policy_loss=-0.0028  value_loss=0.4006  mi_loss=0.0015  mi_valid=0.77  div_loss=-0.2373  kl_loss=0.0000 (disabled)  score=0.890  return=0.632  role_std=3.4877  role_norm=14.7128  enc_delta ego=0.0019 partner=0.0030 road=0.0044
[ROMA step 3,696,230,400] sps=964,345  policy_loss=-0.0106  value_loss=0.3175  mi_loss=0.0016  mi_valid=0.75  div_loss=-0.2393  kl_loss=0.0000 (disabled)  score=0.889  return=0.630  role_std=3.4445  role_norm=14.5662  enc_delta ego=0.0018 partner=0.0023 road=0.0035
[ROMA step 3,697,016,832] sps=962,002  policy_loss=0.0008  value_loss=0.3318  mi_loss=0.0017  mi_valid=0.75  div_loss=-0.2441  kl_loss=0.0000 (disabled)  score=0.888  return=0.628  role_std=3.4877  role_norm=14.3180  enc_delta ego=0.0022 partner=0.0025 road=0.0040
[ROMA step 3,697,803,264] sps=959,600  policy_loss=0.0005  value_loss=0.4359  mi_loss=0.0016  mi_valid=0.76  div_loss=-0.2480  kl_loss=0.0000 (disabled)  score=0.887  return=0.623  role_std=3.6842  role_norm=14.1222  enc_delta ego=0.0021 partner=0.0029 road=0.0040
[ROMA step 3,698,589,696] sps=957,354  policy_loss=0.0048  value_loss=0.2824  mi_loss=0.0016  mi_valid=0.76  div_loss=-0.2393  kl_loss=0.0000 (disabled)  score=0.886  return=0.621  role_std=3.4414  role_norm=14.1591  enc_delta ego=0.0020 partner=0.0026 road=0.0040
[ROMA step 3,699,376,128] sps=948,068  policy_loss=0.0018  value_loss=0.3285  mi_loss=0.0015  mi_valid=0.75  div_loss=-0.2383  kl_loss=0.0000 (disabled)  score=0.886  return=0.623  role_std=3.4510  role_norm=14.9846  enc_delta ego=0.0019 partner=0.0028 road=0.0039
[ROMA step 3,700,162,560] sps=945,805  policy_loss=0.0030  value_loss=0.2931  mi_loss=0.0016  mi_valid=0.76  div_loss=-0.2295  kl_loss=0.0000 (disabled)  score=0.887  return=0.626  role_std=3.4931  role_norm=14.8785  enc_delta ego=0.0021 partner=0.0029 road=0.0043
[ROMA step 3,700,948,992] sps=943,586  policy_loss=-0.0032  value_loss=0.2534  mi_loss=0.0016  mi_valid=0.75  div_loss=-0.2197  kl_loss=0.0000 (disabled)  score=0.888  return=0.629  role_std=3.5374  role_norm=14.7320  enc_delta ego=0.0018 partner=0.0025 road=0.0036
[ROMA step 3,701,735,424] sps=933,192  policy_loss=0.0005  value_loss=0.3021  mi_loss=0.0015  mi_valid=0.73  div_loss=-0.2236  kl_loss=0.0000 (disabled)  score=0.889  return=0.632  role_std=3.9566  role_norm=14.2024  enc_delta ego=0.0013 partner=0.0017 road=0.0029
[ROMA step 3,702,521,856] sps=931,063  policy_loss=-0.0006  value_loss=0.3755  mi_loss=0.0015  mi_valid=0.77  div_loss=-0.2314  kl_loss=0.0000 (disabled)  score=0.889  return=0.629  role_std=3.6371  role_norm=14.4355  enc_delta ego=0.0023 partner=0.0027 road=0.0038
[ROMA step 3,703,308,288] sps=928,947  policy_loss=-0.0006  value_loss=0.3843  mi_loss=0.0015  mi_valid=0.77  div_loss=-0.2393  kl_loss=0.0000 (disabled)  score=0.889  return=0.628  role_std=3.1734  role_norm=15.2125  enc_delta ego=0.0021 partner=0.0026 road=0.0042
[ROMA step 3,704,094,720] sps=926,814  policy_loss=-0.0071  value_loss=0.4047  mi_loss=0.0015  mi_valid=0.76  div_loss=-0.2461  kl_loss=0.0000 (disabled)  score=0.889  return=0.626  role_std=3.5361  role_norm=15.2899  enc_delta ego=0.0019 partner=0.0026 road=0.0042
[ROMA step 3,704,881,152] sps=921,112  policy_loss=-0.0024  value_loss=0.3704  mi_loss=0.0016  mi_valid=0.73  div_loss=-0.2402  kl_loss=0.0000 (disabled)  score=0.889  return=0.623  role_std=3.7033  role_norm=15.2792  enc_delta ego=0.0020 partner=0.0024 road=0.0036
[ROMA step 3,705,667,584] sps=919,046  policy_loss=0.0039  value_loss=0.3554  mi_loss=0.0016  mi_valid=0.75  div_loss=-0.2363  kl_loss=0.0000 (disabled)  score=0.888  return=0.620  role_std=3.4385  role_norm=14.9692  enc_delta ego=0.0019 partner=0.0026 road=0.0033
[ROMA step 3,706,454,016] sps=916,930  policy_loss=-0.0090  value_loss=0.3008  mi_loss=0.0016  mi_valid=0.74  div_loss=-0.2227  kl_loss=0.0000 (disabled)  score=0.888  return=0.619  role_std=3.5920  role_norm=14.7857  enc_delta ego=0.0019 partner=0.0018 road=0.0032
[ROMA step 3,707,240,448] sps=914,900  policy_loss=0.0044  value_loss=0.4264  mi_loss=0.0016  mi_valid=0.75  div_loss=-0.2393  kl_loss=0.0000 (disabled)  score=0.889  return=0.620  role_std=3.1569  role_norm=15.5308  enc_delta ego=0.0021 partner=0.0024 road=0.0037
[ROMA step 3,708,026,880] sps=909,657  policy_loss=0.0014  value_loss=0.4390  mi_loss=0.0015  mi_valid=0.74  div_loss=-0.2285  kl_loss=0.0000 (disabled)  score=0.889  return=0.619  role_std=3.4191  role_norm=15.3654  enc_delta ego=0.0018 partner=0.0025 road=0.0041
[ROMA step 3,708,813,312] sps=907,569  policy_loss=-0.0085  value_loss=0.2858  mi_loss=0.0015  mi_valid=0.75  div_loss=-0.2217  kl_loss=0.0000 (disabled)  score=0.890  return=0.619  role_std=3.2131  role_norm=15.2993  enc_delta ego=0.0020 partner=0.0028 road=0.0041
[ROMA step 3,709,599,744] sps=905,520  policy_loss=-0.0053  value_loss=0.2604  mi_loss=0.0015  mi_valid=0.75  div_loss=-0.2178  kl_loss=0.0000 (disabled)  score=0.890  return=0.619  role_std=3.4038  role_norm=15.1378  enc_delta ego=0.0017 partner=0.0024 road=0.0036
[ROMA step 3,710,386,176] sps=894,393  policy_loss=0.0003  value_loss=0.2906  mi_loss=0.0015  mi_valid=0.73  div_loss=-0.2246  kl_loss=0.0000 (disabled)  score=0.891  return=0.623  role_std=3.3280  role_norm=14.1501  enc_delta ego=0.0017 partner=0.0024 road=0.0032
[ROMA step 3,711,172,608] sps=892,401  policy_loss=0.0025  value_loss=0.4364  mi_loss=0.0016  mi_valid=0.76  div_loss=-0.2402  kl_loss=0.0000 (disabled)  score=0.891  return=0.626  role_std=3.2709  role_norm=15.1481  enc_delta ego=0.0031 partner=0.0027 road=0.0047
[ROMA step 3,711,959,040] sps=890,413  policy_loss=-0.0029  value_loss=0.4474  mi_loss=0.0017  mi_valid=0.76  div_loss=-0.2598  kl_loss=0.0000 (disabled)  score=0.892  return=0.630  role_std=3.9929  role_norm=14.9554  enc_delta ego=0.0020 partner=0.0027 road=0.0047
[ROMA step 3,712,745,472] sps=888,468  policy_loss=0.0057  value_loss=0.3421  mi_loss=0.0018  mi_valid=0.75  div_loss=-0.2559  kl_loss=0.0000 (disabled)  score=0.893  return=0.632  role_std=3.7282  role_norm=14.9410  enc_delta ego=0.0020 partner=0.0025 road=0.0039
[ROMA step 3,713,531,904] sps=883,498  policy_loss=-0.0002  value_loss=0.4807  mi_loss=0.0016  mi_valid=0.73  div_loss=-0.2490  kl_loss=0.0000 (disabled)  score=0.894  return=0.632  role_std=3.7190  role_norm=14.7036  enc_delta ego=0.0028 partner=0.0024 road=0.0044
[ROMA step 3,714,318,336] sps=881,571  policy_loss=-0.0026  value_loss=0.3330  mi_loss=0.0016  mi_valid=0.75  div_loss=-0.2324  kl_loss=0.0000 (disabled)  score=0.895  return=0.633  role_std=3.6845  role_norm=14.3688  enc_delta ego=0.0022 partner=0.0020 road=0.0036
[ROMA step 3,715,104,768] sps=879,573  policy_loss=-0.0020  value_loss=0.2862  mi_loss=0.0016  mi_valid=0.75  div_loss=-0.2354  kl_loss=0.0000 (disabled)  score=0.897  return=0.640  role_std=3.5260  role_norm=14.4926  enc_delta ego=0.0026 partner=0.0023 road=0.0035
[ROMA step 3,715,891,200] sps=874,182  policy_loss=-0.0048  value_loss=0.3195  mi_loss=0.0016  mi_valid=0.74  div_loss=-0.2354  kl_loss=0.0000 (disabled)  score=0.899  return=0.647  role_std=3.5504  role_norm=15.4132  enc_delta ego=0.0020 partner=0.0017 road=0.0026
[ROMA step 3,716,677,632] sps=872,342  policy_loss=0.0032  value_loss=0.3874  mi_loss=0.0016  mi_valid=0.75  div_loss=-0.2383  kl_loss=0.0000 (disabled)  score=0.901  return=0.650  role_std=3.4641  role_norm=15.0881  enc_delta ego=0.0023 partner=0.0025 road=0.0039
[ROMA step 3,717,464,064] sps=870,507  policy_loss=0.0005  value_loss=0.4057  mi_loss=0.0018  mi_valid=0.75  div_loss=-0.2295  kl_loss=0.0000 (disabled)  score=0.903  return=0.655  role_std=3.1885  role_norm=14.8734  enc_delta ego=0.0021 partner=0.0022 road=0.0039
[ROMA step 3,718,250,496] sps=868,620  policy_loss=-0.0049  value_loss=0.2957  mi_loss=0.0015  mi_valid=0.75  div_loss=-0.2314  kl_loss=0.0000 (disabled)  score=0.906  return=0.661  role_std=3.4451  role_norm=14.7182  enc_delta ego=0.0017 partner=0.0018 road=0.0033
[ROMA step 3,719,036,928] sps=863,778  policy_loss=-0.0008  value_loss=0.2221  mi_loss=0.0015  mi_valid=0.73  div_loss=-0.2158  kl_loss=0.0000 (disabled)  score=0.907  return=0.667  role_std=3.2678  role_norm=13.9915  enc_delta ego=0.0019 partner=0.0025 road=0.0035
[ROMA step 3,719,823,360] sps=861,967  policy_loss=-0.0059  value_loss=0.2344  mi_loss=0.0016  mi_valid=0.76  div_loss=-0.2119  kl_loss=0.0000 (disabled)  score=0.908  return=0.668  role_std=3.0478  role_norm=15.1788  enc_delta ego=0.0015 partner=0.0020 road=0.0030
[ROMA step 3,720,609,792] sps=860,089  policy_loss=0.0022  value_loss=0.2427  mi_loss=0.0017  mi_valid=0.76  div_loss=-0.2148  kl_loss=0.0000 (disabled)  score=0.910  return=0.676  role_std=3.2251  role_norm=15.3452  enc_delta ego=0.0022 partner=0.0028 road=0.0035
[ROMA step 3,721,396,224] sps=854,711  policy_loss=-0.0033  value_loss=0.2658  mi_loss=0.0016  mi_valid=0.74  div_loss=-0.2236  kl_loss=0.0000 (disabled)  score=0.912  return=0.680  role_std=3.3282  role_norm=15.3528  enc_delta ego=0.0020 partner=0.0025 road=0.0035
[ROMA step 3,722,182,656] sps=852,898  policy_loss=0.0028  value_loss=0.3914  mi_loss=0.0019  mi_valid=0.74  div_loss=-0.2412  kl_loss=0.0000 (disabled)  score=0.913  return=0.681  role_std=3.6647  role_norm=14.7060  enc_delta ego=0.0021 partner=0.0025 road=0.0034
[ROMA step 3,722,969,088] sps=851,111  policy_loss=0.0059  value_loss=0.4657  mi_loss=0.0018  mi_valid=0.75  div_loss=-0.2402  kl_loss=0.0000 (disabled)  score=0.915  return=0.683  role_std=3.5555  role_norm=14.4159  enc_delta ego=0.0022 partner=0.0027 road=0.0032
[ROMA step 3,723,755,520] sps=849,239  policy_loss=0.0001  value_loss=0.3825  mi_loss=0.0017  mi_valid=0.75  div_loss=-0.2520  kl_loss=0.0000 (disabled)  score=0.917  return=0.687  role_std=3.7340  role_norm=14.2438  enc_delta ego=0.0026 partner=0.0025 road=0.0033
[ROMA step 3,724,541,952] sps=844,608  policy_loss=-0.0006  value_loss=0.3218  mi_loss=0.0017  mi_valid=0.74  div_loss=-0.2393  kl_loss=0.0000 (disabled)  score=0.917  return=0.687  role_std=3.4478  role_norm=15.4018  enc_delta ego=0.0028 partner=0.0023 road=0.0039
[ROMA step 3,725,328,384] sps=842,839  policy_loss=0.0017  value_loss=0.5158  mi_loss=0.0015  mi_valid=0.75  div_loss=-0.2617  kl_loss=0.0000 (disabled)  score=0.919  return=0.688  role_std=3.6757  role_norm=15.0207  enc_delta ego=0.0036 partner=0.0025 road=0.0040
[ROMA step 3,726,114,816] sps=841,122  policy_loss=0.0009  value_loss=0.3557  mi_loss=0.0017  mi_valid=0.75  div_loss=-0.2637  kl_loss=0.0000 (disabled)  score=0.921  return=0.688  role_std=3.6425  role_norm=14.9166  enc_delta ego=0.0023 partner=0.0024 road=0.0032
[ROMA step 3,726,901,248] sps=836,267  policy_loss=0.0030  value_loss=0.3243  mi_loss=0.0017  mi_valid=0.73  div_loss=-0.2539  kl_loss=0.0000 (disabled)  score=0.922  return=0.690  role_std=4.0145  role_norm=13.9928  enc_delta ego=0.0020 partner=0.0020 road=0.0033
[ROMA step 3,727,687,680] sps=834,546  policy_loss=-0.0003  value_loss=0.2338  mi_loss=0.0014  mi_valid=0.76  div_loss=-0.2373  kl_loss=0.0000 (disabled)  score=0.923  return=0.696  role_std=3.6933  role_norm=14.3968  enc_delta ego=0.0026 partner=0.0023 road=0.0044
[ROMA step 3,728,474,112] sps=832,811  policy_loss=-0.0026  value_loss=0.3010  mi_loss=0.0017  mi_valid=0.76  div_loss=-0.2520  kl_loss=0.0000 (disabled)  score=0.924  return=0.702  role_std=3.6082  role_norm=15.1253  enc_delta ego=0.0021 partner=0.0026 road=0.0040
[ROMA step 3,729,260,544] sps=831,120  policy_loss=-0.0014  value_loss=0.3009  mi_loss=0.0016  mi_valid=0.75  div_loss=-0.2422  kl_loss=0.0000 (disabled)  score=0.926  return=0.707  role_std=3.6313  role_norm=15.1730  enc_delta ego=0.0020 partner=0.0021 road=0.0035
[ROMA step 3,730,046,976] sps=826,177  policy_loss=-0.0039  value_loss=0.4282  mi_loss=0.0017  mi_valid=0.73  div_loss=-0.2539  kl_loss=0.0000 (disabled)  score=0.927  return=0.709  role_std=3.8136  role_norm=14.6970  enc_delta ego=0.0018 partner=0.0026 road=0.0035
[ROMA step 3,730,833,408] sps=824,466  policy_loss=0.0006  value_loss=0.3283  mi_loss=0.0018  mi_valid=0.75  div_loss=-0.2441  kl_loss=0.0000 (disabled)  score=0.927  return=0.707  role_std=3.6610  role_norm=14.4293  enc_delta ego=0.0023 partner=0.0027 road=0.0039
[ROMA step 3,731,619,840] sps=822,709  policy_loss=-0.0041  value_loss=0.2761  mi_loss=0.0017  mi_valid=0.75  div_loss=-0.2402  kl_loss=0.0000 (disabled)  score=0.928  return=0.710  role_std=3.7655  role_norm=14.5224  enc_delta ego=0.0026 partner=0.0024 road=0.0045
[ROMA step 3,732,406,272] sps=821,052  policy_loss=0.0023  value_loss=0.3227  mi_loss=0.0016  mi_valid=0.76  div_loss=-0.2559  kl_loss=0.0000 (disabled)  score=0.928  return=0.711  role_std=3.4208  role_norm=15.0548  enc_delta ego=0.0020 partner=0.0023 road=0.0036
[ROMA step 3,733,192,704] sps=816,787  policy_loss=-0.0045  value_loss=0.2630  mi_loss=0.0016  mi_valid=0.75  div_loss=-0.2520  kl_loss=0.0000 (disabled)  score=0.928  return=0.712  role_std=3.5485  role_norm=14.9135  enc_delta ego=0.0017 partner=0.0022 road=0.0032
[ROMA step 3,733,979,136] sps=815,089  policy_loss=-0.0044  value_loss=0.3633  mi_loss=0.0016  mi_valid=0.75  div_loss=-0.2539  kl_loss=0.0000 (disabled)  score=0.928  return=0.713  role_std=3.6554  role_norm=15.0062  enc_delta ego=0.0020 partner=0.0021 road=0.0032
[ROMA step 3,734,765,568] sps=813,480  policy_loss=-0.0039  value_loss=0.3533  mi_loss=0.0015  mi_valid=0.75  div_loss=-0.2500  kl_loss=0.0000 (disabled)  score=0.928  return=0.712  role_std=3.6705  role_norm=14.7290  enc_delta ego=0.0021 partner=0.0022 road=0.0039
[ROMA step 3,735,552,000] sps=808,872  policy_loss=-0.0023  value_loss=0.3300  mi_loss=0.0016  mi_valid=0.73  div_loss=-0.2480  kl_loss=0.0000 (disabled)  score=0.928  return=0.713  role_std=4.0707  role_norm=14.1596  enc_delta ego=0.0024 partner=0.0021 road=0.0035
[ROMA step 3,736,338,432] sps=807,122  policy_loss=-0.0034  value_loss=0.3200  mi_loss=0.0015  mi_valid=0.76  div_loss=-0.2383  kl_loss=0.0000 (disabled)  score=0.928  return=0.712  role_std=3.5624  role_norm=15.1190  enc_delta ego=0.0023 partner=0.0025 road=0.0038
[ROMA step 3,737,124,864] sps=805,620  policy_loss=0.0018  value_loss=0.2644  mi_loss=0.0015  mi_valid=0.76  div_loss=-0.2451  kl_loss=0.0000 (disabled)  score=0.928  return=0.716  role_std=3.5717  role_norm=15.1527  enc_delta ego=0.0016 partner=0.0027 road=0.0044
[ROMA step 3,737,911,296] sps=804,075  policy_loss=-0.0024  value_loss=0.2527  mi_loss=0.0015  mi_valid=0.75  div_loss=-0.2480  kl_loss=0.0000 (disabled)  score=0.928  return=0.719  role_std=3.6211  role_norm=15.2101  enc_delta ego=0.0019 partner=0.0025 road=0.0041
[ROMA step 3,738,697,728] sps=799,488  policy_loss=0.0033  value_loss=0.2361  mi_loss=0.0016  mi_valid=0.73  div_loss=-0.2480  kl_loss=0.0000 (disabled)  score=0.928  return=0.720  role_std=3.6136  role_norm=15.1032  enc_delta ego=0.0024 partner=0.0021 road=0.0037
[ROMA step 3,739,484,160] sps=797,948  policy_loss=-0.0039  value_loss=0.1683  mi_loss=0.0016  mi_valid=0.74  div_loss=-0.2393  kl_loss=0.0000 (disabled)  score=0.928  return=0.721  role_std=3.7160  role_norm=14.8641  enc_delta ego=0.0018 partner=0.0020 road=0.0045
[ROMA step 3,740,270,592] sps=796,437  policy_loss=-0.0002  value_loss=0.1903  mi_loss=0.0016  mi_valid=0.75  div_loss=-0.2393  kl_loss=0.0000 (disabled)  score=0.928  return=0.723  role_std=3.8970  role_norm=14.9639  enc_delta ego=0.0018 partner=0.0022 road=0.0030
[ROMA step 3,741,057,024] sps=792,512  policy_loss=-0.0003  value_loss=0.2772  mi_loss=0.0016  mi_valid=0.74  div_loss=-0.2480  kl_loss=0.0000 (disabled)  score=0.928  return=0.723  role_std=3.5421  role_norm=15.8532  enc_delta ego=0.0019 partner=0.0020 road=0.0029
[ROMA step 3,741,843,456] sps=791,020  policy_loss=-0.0070  value_loss=0.2044  mi_loss=0.0014  mi_valid=0.74  div_loss=-0.2432  kl_loss=0.0000 (disabled)  score=0.927  return=0.726  role_std=3.6623  role_norm=15.5970  enc_delta ego=0.0020 partner=0.0026 road=0.0037
[ROMA step 3,742,629,888] sps=789,517  policy_loss=-0.0012  value_loss=0.2604  mi_loss=0.0015  mi_valid=0.74  div_loss=-0.2393  kl_loss=0.0000 (disabled)  score=0.928  return=0.731  role_std=3.8389  role_norm=15.0678  enc_delta ego=0.0022 partner=0.0025 road=0.0035
[ROMA step 3,743,416,320] sps=787,950  policy_loss=-0.0047  value_loss=0.3107  mi_loss=0.0015  mi_valid=0.74  div_loss=-0.2422  kl_loss=0.0000 (disabled)  score=0.928  return=0.731  role_std=3.5682  role_norm=14.9177  enc_delta ego=0.0018 partner=0.0022 road=0.0037
[ROMA step 3,744,202,752] sps=783,840  policy_loss=0.0016  value_loss=0.2538  mi_loss=0.0016  mi_valid=0.73  div_loss=-0.2324  kl_loss=0.0000 (disabled)  score=0.928  return=0.729  role_std=3.5130  role_norm=14.3880  enc_delta ego=0.0017 partner=0.0021 road=0.0030
[ROMA step 3,744,989,184] sps=782,352  policy_loss=0.0047  value_loss=0.2598  mi_loss=0.0015  mi_valid=0.76  div_loss=-0.2285  kl_loss=0.0000 (disabled)  score=0.928  return=0.728  role_std=3.2742  role_norm=15.2925  enc_delta ego=0.0020 partner=0.0022 road=0.0035
[ROMA step 3,745,775,616] sps=780,888  policy_loss=0.0098  value_loss=0.3494  mi_loss=0.0016  mi_valid=0.75  div_loss=-0.2451  kl_loss=0.0000 (disabled)  score=0.927  return=0.726  role_std=3.6145  role_norm=15.4991  enc_delta ego=0.0018 partner=0.0024 road=0.0038
[ROMA step 3,746,562,048] sps=776,626  policy_loss=-0.0014  value_loss=0.3435  mi_loss=0.0017  mi_valid=0.73  div_loss=-0.2471  kl_loss=0.0000 (disabled)  score=0.926  return=0.722  role_std=3.7117  role_norm=15.7479  enc_delta ego=0.0018 partner=0.0020 road=0.0034
[ROMA step 3,747,348,480] sps=775,204  policy_loss=-0.0010  value_loss=0.3561  mi_loss=0.0018  mi_valid=0.74  div_loss=-0.2441  kl_loss=0.0000 (disabled)  score=0.926  return=0.725  role_std=3.8659  role_norm=15.1894  enc_delta ego=0.0021 partner=0.0028 road=0.0037
[ROMA step 3,748,134,912] sps=773,758  policy_loss=0.0013  value_loss=0.3048  mi_loss=0.0018  mi_valid=0.74  div_loss=-0.2354  kl_loss=0.0000 (disabled)  score=0.926  return=0.726  role_std=3.8187  role_norm=14.9955  enc_delta ego=0.0019 partner=0.0022 road=0.0032
[ROMA step 3,748,921,344] sps=772,322  policy_loss=-0.0007  value_loss=0.2956  mi_loss=0.0018  mi_valid=0.74  div_loss=-0.2461  kl_loss=0.0000 (disabled)  score=0.926  return=0.728  role_std=3.7500  role_norm=14.9372  enc_delta ego=0.0024 partner=0.0027 road=0.0037
[ROMA step 3,749,707,776] sps=768,037  policy_loss=0.0001  value_loss=0.4174  mi_loss=0.0016  mi_valid=0.73  div_loss=-0.2559  kl_loss=0.0000 (disabled)  score=0.927  return=0.731  role_std=3.7208  role_norm=15.3728  enc_delta ego=0.0017 partner=0.0023 road=0.0040
[ROMA step 3,750,494,208] sps=766,627  policy_loss=0.0008  value_loss=0.3447  mi_loss=0.0015  mi_valid=0.75  div_loss=-0.2432  kl_loss=0.0000 (disabled)  score=0.926  return=0.732  role_std=3.6446  role_norm=15.1980  enc_delta ego=0.0026 partner=0.0025 road=0.0042
[ROMA] Saved -> /scratch/e452103/checkpoints/roma_mifutagent_dim1_H8_r16p64_ft_collstop_nodiv/roma_dim1_step3750494208.pt
[ROMA step 3,751,280,640] sps=765,107  policy_loss=0.0023  value_loss=0.3457  mi_loss=0.0016  mi_valid=0.75  div_loss=-0.2578  kl_loss=0.0000 (disabled)  score=0.926  return=0.734  role_std=3.7445  role_norm=15.2857  enc_delta ego=0.0016 partner=0.0026 road=0.0033
[ROMA step 3,752,067,072] sps=761,282  policy_loss=0.0018  value_loss=0.2424  mi_loss=0.0016  mi_valid=0.73  div_loss=-0.2559  kl_loss=0.0000 (disabled)  score=0.926  return=0.732  role_std=4.0412  role_norm=13.9719  enc_delta ego=0.0014 partner=0.0022 road=0.0038
[ROMA step 3,752,853,504] sps=759,850  policy_loss=-0.0073  value_loss=0.3130  mi_loss=0.0016  mi_valid=0.75  div_loss=-0.2617  kl_loss=0.0000 (disabled)  score=0.925  return=0.730  role_std=3.9067  role_norm=14.4969  enc_delta ego=0.0019 partner=0.0020 road=0.0038
[ROMA step 3,753,639,936] sps=758,484  policy_loss=0.0036  value_loss=0.2620  mi_loss=0.0016  mi_valid=0.76  div_loss=-0.2598  kl_loss=0.0000 (disabled)  score=0.925  return=0.728  role_std=3.6226  role_norm=15.5428  enc_delta ego=0.0020 partner=0.0022 road=0.0035
[ROMA step 3,754,426,368] sps=757,121  policy_loss=0.0032  value_loss=0.2432  mi_loss=0.0016  mi_valid=0.75  div_loss=-0.2480  kl_loss=0.0000 (disabled)  score=0.924  return=0.732  role_std=3.8332  role_norm=15.5154  enc_delta ego=0.0020 partner=0.0021 road=0.0033
[ROMA step 3,755,212,800] sps=752,273  policy_loss=-0.0018  value_loss=0.3440  mi_loss=0.0017  mi_valid=0.73  div_loss=-0.2656  kl_loss=0.0000 (disabled)  score=0.924  return=0.731  role_std=3.8786  role_norm=15.5826  enc_delta ego=0.0023 partner=0.0025 road=0.0036
[ROMA step 3,755,999,232] sps=750,958  policy_loss=0.0082  value_loss=0.2446  mi_loss=0.0016  mi_valid=0.75  div_loss=-0.2471  kl_loss=0.0000 (disabled)  score=0.923  return=0.733  role_std=3.8470  role_norm=15.1189  enc_delta ego=0.0022 partner=0.0029 road=0.0035
[ROMA step 3,756,785,664] sps=749,643  policy_loss=0.0007  value_loss=0.2688  mi_loss=0.0016  mi_valid=0.75  div_loss=-0.2539  kl_loss=0.0000 (disabled)  score=0.923  return=0.733  role_std=3.9069  role_norm=15.0985  enc_delta ego=0.0016 partner=0.0024 road=0.0036
[ROMA step 3,757,572,096] sps=748,258  policy_loss=-0.0004  value_loss=0.2236  mi_loss=0.0016  mi_valid=0.76  div_loss=-0.2500  kl_loss=0.0000 (disabled)  score=0.923  return=0.736  role_std=3.9326  role_norm=14.8420  enc_delta ego=0.0025 partner=0.0027 road=0.0036
[ROMA step 3,758,358,528] sps=742,012  policy_loss=-0.0024  value_loss=0.2414  mi_loss=0.0016  mi_valid=0.74  div_loss=-0.2490  kl_loss=0.0000 (disabled)  score=0.922  return=0.737  role_std=3.5890  role_norm=15.3985  enc_delta ego=0.0021 partner=0.0024 road=0.0033
[ROMA step 3,759,144,960] sps=740,719  policy_loss=0.0023  value_loss=0.2393  mi_loss=0.0015  mi_valid=0.75  div_loss=-0.2559  kl_loss=0.0000 (disabled)  score=0.922  return=0.739  role_std=3.6978  role_norm=15.1263  enc_delta ego=0.0015 partner=0.0028 road=0.0041
[ROMA step 3,759,931,392] sps=739,400  policy_loss=0.0033  value_loss=0.2012  mi_loss=0.0015  mi_valid=0.75  div_loss=-0.2598  kl_loss=0.0000 (disabled)  score=0.922  return=0.740  role_std=3.9710  role_norm=15.0968  enc_delta ego=0.0019 partner=0.0023 road=0.0034
[ROMA step 3,760,717,824] sps=734,031  policy_loss=0.0028  value_loss=0.1778  mi_loss=0.0015  mi_valid=0.73  div_loss=-0.2490  kl_loss=0.0000 (disabled)  score=0.921  return=0.740  role_std=3.7539  role_norm=14.1172  enc_delta ego=0.0020 partner=0.0022 road=0.0031
[ROMA step 3,761,504,256] sps=732,777  policy_loss=-0.0007  value_loss=0.2414  mi_loss=0.0014  mi_valid=0.76  div_loss=-0.2480  kl_loss=0.0000 (disabled)  score=0.920  return=0.742  role_std=3.6481  role_norm=14.1592  enc_delta ego=0.0016 partner=0.0019 road=0.0028
[ROMA step 3,762,290,688] sps=731,502  policy_loss=0.0023  value_loss=0.2822  mi_loss=0.0014  mi_valid=0.77  div_loss=-0.2617  kl_loss=0.0000 (disabled)  score=0.920  return=0.743  role_std=3.7225  role_norm=15.1361  enc_delta ego=0.0018 partner=0.0023 road=0.0032
[ROMA step 3,763,077,120] sps=730,247  policy_loss=-0.0003  value_loss=0.2433  mi_loss=0.0015  mi_valid=0.76  div_loss=-0.2676  kl_loss=0.0000 (disabled)  score=0.919  return=0.743  role_std=3.6691  role_norm=15.2502  enc_delta ego=0.0026 partner=0.0026 road=0.0041
[ROMA step 3,763,863,552] sps=724,064  policy_loss=0.0041  value_loss=0.2793  mi_loss=0.0016  mi_valid=0.74  div_loss=-0.2773  kl_loss=0.0000 (disabled)  score=0.917  return=0.740  role_std=3.9938  role_norm=14.7973  enc_delta ego=0.0025 partner=0.0024 road=0.0031
[ROMA step 3,764,649,984] sps=722,833  policy_loss=0.0018  value_loss=0.2713  mi_loss=0.0017  mi_valid=0.76  div_loss=-0.2656  kl_loss=0.0000 (disabled)  score=0.916  return=0.738  role_std=4.1198  role_norm=14.6954  enc_delta ego=0.0030 partner=0.0029 road=0.0043
[ROMA step 3,765,436,416] sps=721,613  policy_loss=0.0010  value_loss=0.3433  mi_loss=0.0017  mi_valid=0.76  div_loss=-0.2656  kl_loss=0.0000 (disabled)  score=0.915  return=0.733  role_std=4.1666  role_norm=14.6693  enc_delta ego=0.0019 partner=0.0020 road=0.0027
[ROMA step 3,766,222,848] sps=716,355  policy_loss=0.0022  value_loss=0.2888  mi_loss=0.0016  mi_valid=0.75  div_loss=-0.2559  kl_loss=0.0000 (disabled)  score=0.914  return=0.732  role_std=3.7077  role_norm=16.2431  enc_delta ego=0.0014 partner=0.0023 road=0.0034
[ROMA step 3,767,009,280] sps=715,173  policy_loss=-0.0018  value_loss=0.2564  mi_loss=0.0015  mi_valid=0.75  div_loss=-0.2559  kl_loss=0.0000 (disabled)  score=0.913  return=0.729  role_std=3.8160  role_norm=16.0223  enc_delta ego=0.0020 partner=0.0028 road=0.0039
[ROMA step 3,767,795,712] sps=713,980  policy_loss=0.0056  value_loss=0.2674  mi_loss=0.0015  mi_valid=0.75  div_loss=-0.2578  kl_loss=0.0000 (disabled)  score=0.913  return=0.729  role_std=4.2088  role_norm=16.0370  enc_delta ego=0.0021 partner=0.0026 road=0.0038
[ROMA step 3,768,582,144] sps=712,755  policy_loss=-0.0001  value_loss=0.2235  mi_loss=0.0016  mi_valid=0.75  div_loss=-0.2559  kl_loss=0.0000 (disabled)  score=0.913  return=0.728  role_std=4.0655  role_norm=15.7899  enc_delta ego=0.0019 partner=0.0021 road=0.0035
[ROMA step 3,769,368,576] sps=708,441  policy_loss=-0.0050  value_loss=0.2903  mi_loss=0.0016  mi_valid=0.73  div_loss=-0.2480  kl_loss=0.0000 (disabled)  score=0.913  return=0.726  role_std=4.0429  role_norm=15.0788  enc_delta ego=0.0019 partner=0.0019 road=0.0029
[ROMA step 3,770,155,008] sps=707,245  policy_loss=-0.0001  value_loss=0.3203  mi_loss=0.0018  mi_valid=0.75  div_loss=-0.2500  kl_loss=0.0000 (disabled)  score=0.913  return=0.726  role_std=3.6182  role_norm=16.2867  enc_delta ego=0.0025 partner=0.0024 road=0.0034
[ROMA step 3,770,941,440] sps=706,098  policy_loss=0.0056  value_loss=0.3328  mi_loss=0.0017  mi_valid=0.75  div_loss=-0.2373  kl_loss=0.0000 (disabled)  score=0.913  return=0.726  role_std=3.9295  role_norm=16.2867  enc_delta ego=0.0029 partner=0.0030 road=0.0036
[ROMA step 3,771,727,872] sps=703,079  policy_loss=0.0009  value_loss=0.2573  mi_loss=0.0017  mi_valid=0.73  div_loss=-0.2422  kl_loss=0.0000 (disabled)  score=0.913  return=0.727  role_std=3.8516  role_norm=16.5153  enc_delta ego=0.0020 partner=0.0023 road=0.0033
[ROMA step 3,772,514,304] sps=701,914  policy_loss=-0.0033  value_loss=0.2883  mi_loss=0.0018  mi_valid=0.74  div_loss=-0.2393  kl_loss=0.0000 (disabled)  score=0.913  return=0.730  role_std=3.6751  role_norm=15.9368  enc_delta ego=0.0022 partner=0.0027 road=0.0038
[ROMA step 3,773,300,736] sps=700,765  policy_loss=-0.0087  value_loss=0.2595  mi_loss=0.0017  mi_valid=0.75  div_loss=-0.2354  kl_loss=0.0000 (disabled)  score=0.914  return=0.733  role_std=3.7839  role_norm=15.5347  enc_delta ego=0.0018 partner=0.0024 road=0.0031
[ROMA step 3,774,087,168] sps=699,622  policy_loss=0.0039  value_loss=0.2664  mi_loss=0.0016  mi_valid=0.75  div_loss=-0.2324  kl_loss=0.0000 (disabled)  score=0.913  return=0.733  role_std=3.9377  role_norm=15.3673  enc_delta ego=0.0015 partner=0.0025 road=0.0034
[ROMA step 3,774,873,600] sps=696,438  policy_loss=-0.0015  value_loss=0.3403  mi_loss=0.0016  mi_valid=0.74  div_loss=-0.2373  kl_loss=0.0000 (disabled)  score=0.913  return=0.731  role_std=3.7287  role_norm=16.2345  enc_delta ego=0.0020 partner=0.0025 road=0.0040
[ROMA step 3,775,660,032] sps=695,291  policy_loss=0.0012  value_loss=0.4047  mi_loss=0.0016  mi_valid=0.75  div_loss=-0.2451  kl_loss=0.0000 (disabled)  score=0.912  return=0.727  role_std=3.8312  role_norm=16.0174  enc_delta ego=0.0020 partner=0.0032 road=0.0037
[ROMA step 3,776,446,464] sps=694,182  policy_loss=-0.0012  value_loss=0.3086  mi_loss=0.0016  mi_valid=0.75  div_loss=-0.2480  kl_loss=0.0000 (disabled)  score=0.911  return=0.724  role_std=3.7269  role_norm=15.7486  enc_delta ego=0.0017 partner=0.0026 road=0.0036
[ROMA step 3,777,232,896] sps=690,508  policy_loss=0.0010  value_loss=0.3740  mi_loss=0.0017  mi_valid=0.73  div_loss=-0.2520  kl_loss=0.0000 (disabled)  score=0.911  return=0.724  role_std=3.6177  role_norm=15.0206  enc_delta ego=0.0017 partner=0.0023 road=0.0030
[ROMA step 3,778,019,328] sps=689,366  policy_loss=0.0065  value_loss=0.2128  mi_loss=0.0014  mi_valid=0.75  div_loss=-0.2275  kl_loss=0.0000 (disabled)  score=0.911  return=0.724  role_std=3.7375  role_norm=15.2899  enc_delta ego=0.0019 partner=0.0023 road=0.0032
[ROMA step 3,778,805,760] sps=688,264  policy_loss=0.0004  value_loss=0.2144  mi_loss=0.0015  mi_valid=0.76  div_loss=-0.2334  kl_loss=0.0000 (disabled)  score=0.912  return=0.728  role_std=3.6208  role_norm=15.8171  enc_delta ego=0.0017 partner=0.0018 road=0.0028
[ROMA step 3,779,592,192] sps=687,158  policy_loss=-0.0057  value_loss=0.2041  mi_loss=0.0014  mi_valid=0.75  div_loss=-0.2236  kl_loss=0.0000 (disabled)  score=0.912  return=0.732  role_std=3.5832  role_norm=15.9613  enc_delta ego=0.0015 partner=0.0021 road=0.0032
[ROMA step 3,780,378,624] sps=684,100  policy_loss=-0.0049  value_loss=0.2236  mi_loss=0.0015  mi_valid=0.74  div_loss=-0.2402  kl_loss=0.0000 (disabled)  score=0.912  return=0.734  role_std=3.6518  role_norm=15.6843  enc_delta ego=0.0017 partner=0.0023 road=0.0034
[ROMA step 3,781,165,056] sps=682,981  policy_loss=0.0002  value_loss=0.2736  mi_loss=0.0015  mi_valid=0.75  div_loss=-0.2402  kl_loss=0.0000 (disabled)  score=0.912  return=0.732  role_std=3.7656  role_norm=15.3166  enc_delta ego=0.0022 partner=0.0021 road=0.0035
[ROMA step 3,781,951,488] sps=681,898  policy_loss=0.0050  value_loss=0.3412  mi_loss=0.0016  mi_valid=0.75  div_loss=-0.2393  kl_loss=0.0000 (disabled)  score=0.912  return=0.730  role_std=3.8062  role_norm=15.2336  enc_delta ego=0.0019 partner=0.0019 road=0.0027
[ROMA step 3,782,737,920] sps=680,785  policy_loss=0.0015  value_loss=0.2609  mi_loss=0.0015  mi_valid=0.75  div_loss=-0.2383  kl_loss=0.0000 (disabled)  score=0.912  return=0.730  role_std=3.5301  role_norm=14.9874  enc_delta ego=0.0020 partner=0.0024 road=0.0037
[ROMA step 3,783,524,352] sps=677,951  policy_loss=0.0053  value_loss=0.2578  mi_loss=0.0016  mi_valid=0.74  div_loss=-0.2373  kl_loss=0.0000 (disabled)  score=0.912  return=0.730  role_std=3.5477  role_norm=16.0428  enc_delta ego=0.0025 partner=0.0026 road=0.0035
[ROMA step 3,784,310,784] sps=676,899  policy_loss=0.0018  value_loss=0.2085  mi_loss=0.0016  mi_valid=0.74  div_loss=-0.2393  kl_loss=0.0000 (disabled)  score=0.912  return=0.730  role_std=3.4774  role_norm=15.7123  enc_delta ego=0.0027 partner=0.0024 road=0.0039
[ROMA step 3,785,097,216] sps=675,814  policy_loss=0.0068  value_loss=0.1758  mi_loss=0.0015  mi_valid=0.74  div_loss=-0.2295  kl_loss=0.0000 (disabled)  score=0.912  return=0.732  role_std=3.6381  role_norm=15.6170  enc_delta ego=0.0021 partner=0.0023 road=0.0033
[ROMA step 3,785,883,648] sps=672,955  policy_loss=-0.0072  value_loss=0.1884  mi_loss=0.0016  mi_valid=0.72  div_loss=-0.2373  kl_loss=0.0000 (disabled)  score=0.913  return=0.733  role_std=3.8722  role_norm=14.9916  enc_delta ego=0.0019 partner=0.0022 road=0.0034
[ROMA step 3,786,670,080] sps=671,883  policy_loss=0.0019  value_loss=0.2964  mi_loss=0.0016  mi_valid=0.75  div_loss=-0.2354  kl_loss=0.0000 (disabled)  score=0.913  return=0.732  role_std=3.7339  role_norm=15.0132  enc_delta ego=0.0021 partner=0.0025 road=0.0035
[ROMA step 3,787,456,512] sps=670,840  policy_loss=-0.0110  value_loss=0.2467  mi_loss=0.0016  mi_valid=0.76  div_loss=-0.2324  kl_loss=0.0000 (disabled)  score=0.914  return=0.732  role_std=3.4901  role_norm=15.9874  enc_delta ego=0.0017 partner=0.0022 road=0.0025
[ROMA step 3,788,242,944] sps=669,803  policy_loss=0.0026  value_loss=0.2387  mi_loss=0.0016  mi_valid=0.75  div_loss=-0.2314  kl_loss=0.0000 (disabled)  score=0.915  return=0.733  role_std=3.4688  role_norm=15.9481  enc_delta ego=0.0017 partner=0.0024 road=0.0028
[ROMA step 3,789,029,376] sps=666,765  policy_loss=-0.0020  value_loss=0.4485  mi_loss=0.0016  mi_valid=0.73  div_loss=-0.2461  kl_loss=0.0000 (disabled)  score=0.916  return=0.732  role_std=3.7453  role_norm=15.4966  enc_delta ego=0.0021 partner=0.0025 road=0.0028
[ROMA step 3,789,815,808] sps=665,738  policy_loss=-0.0003  value_loss=0.2882  mi_loss=0.0015  mi_valid=0.75  div_loss=-0.2451  kl_loss=0.0000 (disabled)  score=0.918  return=0.732  role_std=3.5657  role_norm=15.3866  enc_delta ego=0.0019 partner=0.0028 road=0.0034
[ROMA step 3,790,602,240] sps=664,668  policy_loss=-0.0028  value_loss=0.3722  mi_loss=0.0015  mi_valid=0.75  div_loss=-0.2520  kl_loss=0.0000 (disabled)  score=0.919  return=0.734  role_std=3.6804  role_norm=14.8858  enc_delta ego=0.0016 partner=0.0022 road=0.0024
[ROMA step 3,791,388,672] sps=661,792  policy_loss=-0.0054  value_loss=0.3670  mi_loss=0.0016  mi_valid=0.73  div_loss=-0.2520  kl_loss=0.0000 (disabled)  score=0.920  return=0.734  role_std=3.6831  role_norm=15.6633  enc_delta ego=0.0021 partner=0.0023 road=0.0030
[ROMA step 3,792,175,104] sps=660,780  policy_loss=-0.0008  value_loss=0.3162  mi_loss=0.0015  mi_valid=0.74  div_loss=-0.2451  kl_loss=0.0000 (disabled)  score=0.922  return=0.738  role_std=3.6106  role_norm=15.7116  enc_delta ego=0.0019 partner=0.0025 road=0.0037
[ROMA step 3,792,961,536] sps=659,753  policy_loss=0.0006  value_loss=0.3074  mi_loss=0.0015  mi_valid=0.74  div_loss=-0.2490  kl_loss=0.0000 (disabled)  score=0.923  return=0.737  role_std=4.0548  role_norm=15.5079  enc_delta ego=0.0015 partner=0.0022 road=0.0027
[ROMA step 3,793,747,968] sps=658,749  policy_loss=0.0070  value_loss=0.3368  mi_loss=0.0016  mi_valid=0.74  div_loss=-0.2559  kl_loss=0.0000 (disabled)  score=0.924  return=0.736  role_std=3.7881  role_norm=15.5573  enc_delta ego=0.0019 partner=0.0023 road=0.0030
[ROMA step 3,794,534,400] sps=655,871  policy_loss=-0.0029  value_loss=0.3880  mi_loss=0.0016  mi_valid=0.73  div_loss=-0.2559  kl_loss=0.0000 (disabled)  score=0.924  return=0.735  role_std=4.0330  role_norm=14.8795  enc_delta ego=0.0023 partner=0.0028 road=0.0037
[ROMA step 3,795,320,832] sps=654,859  policy_loss=-0.0014  value_loss=0.2301  mi_loss=0.0015  mi_valid=0.76  div_loss=-0.2422  kl_loss=0.0000 (disabled)  score=0.924  return=0.734  role_std=3.6842  role_norm=16.1654  enc_delta ego=0.0018 partner=0.0023 road=0.0029
[ROMA step 3,796,107,264] sps=653,858  policy_loss=-0.0062  value_loss=0.1516  mi_loss=0.0014  mi_valid=0.76  div_loss=-0.2354  kl_loss=0.0000 (disabled)  score=0.924  return=0.738  role_std=3.6746  role_norm=16.3391  enc_delta ego=0.0015 partner=0.0021 road=0.0030
[ROMA step 3,796,893,696] sps=651,303  policy_loss=-0.0008  value_loss=0.2592  mi_loss=0.0015  mi_valid=0.73  div_loss=-0.2559  kl_loss=0.0000 (disabled)  score=0.924  return=0.740  role_std=3.9134  role_norm=16.0405  enc_delta ego=0.0016 partner=0.0021 road=0.0032
[ROMA step 3,797,680,128] sps=650,331  policy_loss=0.0067  value_loss=0.3984  mi_loss=0.0015  mi_valid=0.74  div_loss=-0.2676  kl_loss=0.0000 (disabled)  score=0.924  return=0.740  role_std=3.8454  role_norm=15.4388  enc_delta ego=0.0018 partner=0.0031 road=0.0038
[ROMA step 3,798,466,560] sps=649,325  policy_loss=0.0032  value_loss=0.3398  mi_loss=0.0014  mi_valid=0.74  div_loss=-0.2559  kl_loss=0.0000 (disabled)  score=0.925  return=0.738  role_std=3.9713  role_norm=15.4019  enc_delta ego=0.0021 partner=0.0027 road=0.0038
[ROMA step 3,799,252,992] sps=648,359  policy_loss=-0.0035  value_loss=0.3212  mi_loss=0.0014  mi_valid=0.74  div_loss=-0.2637  kl_loss=0.0000 (disabled)  score=0.924  return=0.737  role_std=4.2742  role_norm=15.0917  enc_delta ego=0.0017 partner=0.0027 road=0.0038
[ROMA step 3,800,039,424] sps=646,053  policy_loss=0.0022  value_loss=0.3454  mi_loss=0.0016  mi_valid=0.74  div_loss=-0.2539  kl_loss=0.0000 (disabled)  score=0.925  return=0.734  role_std=3.7373  role_norm=16.3093  enc_delta ego=0.0016 partner=0.0030 road=0.0046
[ROMA step 3,800,825,856] sps=645,101  policy_loss=0.0021  value_loss=0.3350  mi_loss=0.0016  mi_valid=0.74  div_loss=-0.2539  kl_loss=0.0000 (disabled)  score=0.925  return=0.737  role_std=3.9052  role_norm=16.3436  enc_delta ego=0.0014 partner=0.0021 road=0.0030
[ROMA step 3,801,612,288] sps=644,158  policy_loss=0.0055  value_loss=0.3081  mi_loss=0.0016  mi_valid=0.74  div_loss=-0.2461  kl_loss=0.0000 (disabled)  score=0.926  return=0.741  role_std=4.0603  role_norm=15.9279  enc_delta ego=0.0020 partner=0.0025 road=0.0040
[ROMA step 3,802,398,720] sps=641,266  policy_loss=0.0059  value_loss=0.3279  mi_loss=0.0016  mi_valid=0.72  div_loss=-0.2539  kl_loss=0.0000 (disabled)  score=0.927  return=0.743  role_std=4.2559  role_norm=15.5074  enc_delta ego=0.0022 partner=0.0022 road=0.0037
[ROMA step 3,803,185,152] sps=640,335  policy_loss=0.0023  value_loss=0.3530  mi_loss=0.0018  mi_valid=0.75  div_loss=-0.2559  kl_loss=0.0000 (disabled)  score=0.927  return=0.741  role_std=4.0939  role_norm=15.5292  enc_delta ego=0.0018 partner=0.0020 road=0.0028
[ROMA step 3,803,971,584] sps=639,365  policy_loss=-0.0012  value_loss=0.3819  mi_loss=0.0017  mi_valid=0.77  div_loss=-0.2539  kl_loss=0.0000 (disabled)  score=0.927  return=0.737  role_std=3.7849  role_norm=16.3369  enc_delta ego=0.0020 partner=0.0024 road=0.0036
[ROMA step 3,804,758,016] sps=638,427  policy_loss=-0.0064  value_loss=0.3550  mi_loss=0.0017  mi_valid=0.76  div_loss=-0.2520  kl_loss=0.0000 (disabled)  score=0.926  return=0.733  role_std=3.8090  role_norm=16.3708  enc_delta ego=0.0027 partner=0.0023 road=0.0039
[ROMA step 3,805,544,448] sps=635,122  policy_loss=0.0013  value_loss=0.3118  mi_loss=0.0016  mi_valid=0.74  div_loss=-0.2559  kl_loss=0.0000 (disabled)  score=0.925  return=0.728  role_std=3.8683  role_norm=16.3733  enc_delta ego=0.0023 partner=0.0024 road=0.0037
[ROMA step 3,806,330,880] sps=634,207  policy_loss=0.0026  value_loss=0.2764  mi_loss=0.0015  mi_valid=0.74  div_loss=-0.2520  kl_loss=0.0000 (disabled)  score=0.926  return=0.728  role_std=4.2488  role_norm=16.1468  enc_delta ego=0.0019 partner=0.0023 road=0.0033
[ROMA step 3,807,117,312] sps=633,216  policy_loss=0.0015  value_loss=0.2872  mi_loss=0.0015  mi_valid=0.74  div_loss=-0.2539  kl_loss=0.0000 (disabled)  score=0.926  return=0.727  role_std=4.3187  role_norm=15.9394  enc_delta ego=0.0020 partner=0.0020 road=0.0035
[ROMA step 3,807,903,744] sps=632,315  policy_loss=0.0043  value_loss=0.2507  mi_loss=0.0015  mi_valid=0.74  div_loss=-0.2500  kl_loss=0.0000 (disabled)  score=0.927  return=0.728  role_std=4.3008  role_norm=15.6927  enc_delta ego=0.0016 partner=0.0022 road=0.0035
[ROMA step 3,808,690,176] sps=629,168  policy_loss=0.0003  value_loss=0.3826  mi_loss=0.0018  mi_valid=0.75  div_loss=-0.2578  kl_loss=0.0000 (disabled)  score=0.927  return=0.726  role_std=4.3301  role_norm=16.4087  enc_delta ego=0.0017 partner=0.0023 road=0.0037
[ROMA step 3,809,476,608] sps=628,239  policy_loss=-0.0010  value_loss=0.4337  mi_loss=0.0019  mi_valid=0.75  div_loss=-0.2695  kl_loss=0.0000 (disabled)  score=0.928  return=0.725  role_std=4.4821  role_norm=16.3188  enc_delta ego=0.0024 partner=0.0030 road=0.0042
[ROMA step 3,810,263,040] sps=627,356  policy_loss=0.0038  value_loss=0.4070  mi_loss=0.0018  mi_valid=0.74  div_loss=-0.2578  kl_loss=0.0000 (disabled)  score=0.928  return=0.718  role_std=4.2313  role_norm=16.2305  enc_delta ego=0.0025 partner=0.0022 road=0.0033
[ROMA step 3,811,049,472] sps=624,850  policy_loss=0.0023  value_loss=0.2903  mi_loss=0.0018  mi_valid=0.73  div_loss=-0.2471  kl_loss=0.0000 (disabled)  score=0.928  return=0.716  role_std=3.9612  role_norm=15.5051  enc_delta ego=0.0017 partner=0.0022 road=0.0033
[ROMA step 3,811,835,904] sps=623,964  policy_loss=-0.0037  value_loss=0.2951  mi_loss=0.0017  mi_valid=0.75  div_loss=-0.2461  kl_loss=0.0000 (disabled)  score=0.927  return=0.714  role_std=3.9328  role_norm=15.4053  enc_delta ego=0.0024 partner=0.0022 road=0.0036
[ROMA step 3,812,622,336] sps=623,081  policy_loss=0.0018  value_loss=0.2459  mi_loss=0.0017  mi_valid=0.76  div_loss=-0.2363  kl_loss=0.0000 (disabled)  score=0.927  return=0.715  role_std=3.7330  role_norm=16.6126  enc_delta ego=0.0021 partner=0.0023 road=0.0035
[ROMA step 3,813,408,768] sps=622,182  policy_loss=0.0047  value_loss=0.2494  mi_loss=0.0017  mi_valid=0.76  div_loss=-0.2471  kl_loss=0.0000 (disabled)  score=0.927  return=0.715  role_std=3.8997  role_norm=16.0276  enc_delta ego=0.0020 partner=0.0024 road=0.0030
[ROMA step 3,814,195,200] sps=619,251  policy_loss=-0.0048  value_loss=0.2966  mi_loss=0.0017  mi_valid=0.73  div_loss=-0.2432  kl_loss=0.0000 (disabled)  score=0.926  return=0.714  role_std=3.9800  role_norm=15.6232  enc_delta ego=0.0021 partner=0.0032 road=0.0047
[ROMA step 3,814,981,632] sps=618,329  policy_loss=0.0047  value_loss=0.3826  mi_loss=0.0017  mi_valid=0.75  div_loss=-0.2412  kl_loss=0.0000 (disabled)  score=0.927  return=0.717  role_std=3.9595  role_norm=15.3674  enc_delta ego=0.0015 partner=0.0020 road=0.0028
[ROMA step 3,815,768,064] sps=617,470  policy_loss=0.0025  value_loss=0.3206  mi_loss=0.0016  mi_valid=0.76  div_loss=-0.2480  kl_loss=0.0000 (disabled)  score=0.926  return=0.716  role_std=4.2236  role_norm=15.4297  enc_delta ego=0.0021 partner=0.0029 road=0.0039
[ROMA step 3,816,554,496] sps=614,057  policy_loss=-0.0025  value_loss=0.3547  mi_loss=0.0015  mi_valid=0.74  div_loss=-0.2520  kl_loss=0.0000 (disabled)  score=0.926  return=0.714  role_std=3.7136  role_norm=16.5074  enc_delta ego=0.0020 partner=0.0025 road=0.0035
[ROMA step 3,817,340,928] sps=613,151  policy_loss=0.0024  value_loss=0.4120  mi_loss=0.0016  mi_valid=0.75  div_loss=-0.2471  kl_loss=0.0000 (disabled)  score=0.925  return=0.712  role_std=3.7824  role_norm=16.2207  enc_delta ego=0.0024 partner=0.0022 road=0.0035
[ROMA step 3,818,127,360] sps=612,258  policy_loss=-0.0093  value_loss=0.2091  mi_loss=0.0014  mi_valid=0.75  div_loss=-0.2402  kl_loss=0.0000 (disabled)  score=0.924  return=0.709  role_std=3.6204  role_norm=16.3460  enc_delta ego=0.0018 partner=0.0023 road=0.0033
[ROMA step 3,818,913,792] sps=611,395  policy_loss=0.0008  value_loss=0.2900  mi_loss=0.0015  mi_valid=0.75  div_loss=-0.2422  kl_loss=0.0000 (disabled)  score=0.924  return=0.709  role_std=3.8231  role_norm=15.9679  enc_delta ego=0.0022 partner=0.0024 road=0.0039
[ROMA step 3,819,700,224] sps=608,238  policy_loss=0.0089  value_loss=0.3537  mi_loss=0.0016  mi_valid=0.73  div_loss=-0.2461  kl_loss=0.0000 (disabled)  score=0.923  return=0.707  role_std=3.7192  role_norm=15.5514  enc_delta ego=0.0018 partner=0.0021 road=0.0030
[ROMA step 3,820,486,656] sps=607,403  policy_loss=-0.0010  value_loss=0.2581  mi_loss=0.0016  mi_valid=0.76  div_loss=-0.2363  kl_loss=0.0000 (disabled)  score=0.923  return=0.708  role_std=3.9927  role_norm=15.6170  enc_delta ego=0.0022 partner=0.0022 road=0.0032
[ROMA step 3,821,273,088] sps=606,556  policy_loss=0.0013  value_loss=0.3249  mi_loss=0.0018  mi_valid=0.76  div_loss=-0.2500  kl_loss=0.0000 (disabled)  score=0.923  return=0.707  role_std=3.6941  role_norm=16.8192  enc_delta ego=0.0017 partner=0.0023 road=0.0032
[ROMA step 3,822,059,520] sps=604,113  policy_loss=-0.0042  value_loss=0.3309  mi_loss=0.0017  mi_valid=0.74  div_loss=-0.2432  kl_loss=0.0000 (disabled)  score=0.922  return=0.704  role_std=3.4622  role_norm=17.0292  enc_delta ego=0.0024 partner=0.0026 road=0.0039
[ROMA step 3,822,845,952] sps=603,084  policy_loss=-0.0057  value_loss=0.2465  mi_loss=0.0017  mi_valid=0.75  div_loss=-0.2393  kl_loss=0.0000 (disabled)  score=0.921  return=0.699  role_std=3.9754  role_norm=16.5370  enc_delta ego=0.0015 partner=0.0020 road=0.0035
[ROMA step 3,823,632,384] sps=602,231  policy_loss=0.0032  value_loss=0.2136  mi_loss=0.0016  mi_valid=0.75  div_loss=-0.2412  kl_loss=0.0000 (disabled)  score=0.920  return=0.701  role_std=3.9272  role_norm=16.0087  enc_delta ego=0.0016 partner=0.0022 road=0.0039
[ROMA step 3,824,418,816] sps=601,408  policy_loss=-0.0053  value_loss=0.2025  mi_loss=0.0018  mi_valid=0.75  div_loss=-0.2480  kl_loss=0.0000 (disabled)  score=0.920  return=0.701  role_std=4.1515  role_norm=16.1814  enc_delta ego=0.0020 partner=0.0021 road=0.0037
[ROMA step 3,825,205,248] sps=598,750  policy_loss=-0.0010  value_loss=0.1860  mi_loss=0.0015  mi_valid=0.74  div_loss=-0.2461  kl_loss=0.0000 (disabled)  score=0.919  return=0.701  role_std=3.9228  role_norm=16.9690  enc_delta ego=0.0017 partner=0.0025 road=0.0032
[ROMA step 3,825,991,680] sps=597,925  policy_loss=0.0037  value_loss=0.2327  mi_loss=0.0015  mi_valid=0.75  div_loss=-0.2441  kl_loss=0.0000 (disabled)  score=0.919  return=0.705  role_std=3.9966  role_norm=16.8231  enc_delta ego=0.0028 partner=0.0023 road=0.0033
[ROMA step 3,826,778,112] sps=597,133  policy_loss=-0.0029  value_loss=0.1489  mi_loss=0.0014  mi_valid=0.75  div_loss=-0.2422  kl_loss=0.0000 (disabled)  score=0.919  return=0.708  role_std=3.9390  role_norm=16.4331  enc_delta ego=0.0020 partner=0.0019 road=0.0031
[ROMA step 3,827,564,544] sps=594,701  policy_loss=-0.0019  value_loss=0.2370  mi_loss=0.0016  mi_valid=0.72  div_loss=-0.2480  kl_loss=0.0000 (disabled)  score=0.919  return=0.711  role_std=4.1802  role_norm=15.5670  enc_delta ego=0.0015 partner=0.0017 road=0.0029
[ROMA step 3,828,350,976] sps=593,856  policy_loss=0.0031  value_loss=0.2577  mi_loss=0.0013  mi_valid=0.75  div_loss=-0.2422  kl_loss=0.0000 (disabled)  score=0.919  return=0.712  role_std=4.2475  role_norm=15.8709  enc_delta ego=0.0016 partner=0.0019 road=0.0033
[ROMA step 3,829,137,408] sps=593,061  policy_loss=-0.0050  value_loss=0.2543  mi_loss=0.0014  mi_valid=0.75  div_loss=-0.2480  kl_loss=0.0000 (disabled)  score=0.919  return=0.714  role_std=3.8864  role_norm=16.7782  enc_delta ego=0.0020 partner=0.0027 road=0.0036
[ROMA step 3,829,923,840] sps=592,257  policy_loss=0.0077  value_loss=0.3754  mi_loss=0.0014  mi_valid=0.75  div_loss=-0.2559  kl_loss=0.0000 (disabled)  score=0.919  return=0.714  role_std=4.0593  role_norm=16.9048  enc_delta ego=0.0019 partner=0.0025 road=0.0033
[ROMA step 3,830,710,272] sps=589,925  policy_loss=-0.0053  value_loss=0.3100  mi_loss=0.0014  mi_valid=0.73  div_loss=-0.2480  kl_loss=0.0000 (disabled)  score=0.919  return=0.716  role_std=4.1039  role_norm=16.7672  enc_delta ego=0.0018 partner=0.0021 road=0.0036
[ROMA step 3,831,496,704] sps=589,127  policy_loss=-0.0051  value_loss=0.3029  mi_loss=0.0016  mi_valid=0.75  div_loss=-0.2461  kl_loss=0.0000 (disabled)  score=0.919  return=0.718  role_std=4.0766  role_norm=16.4662  enc_delta ego=0.0021 partner=0.0026 road=0.0038
[ROMA step 3,832,283,136] sps=588,346  policy_loss=-0.0031  value_loss=0.2214  mi_loss=0.0014  mi_valid=0.75  div_loss=-0.2441  kl_loss=0.0000 (disabled)  score=0.918  return=0.718  role_std=3.8745  role_norm=16.1302  enc_delta ego=0.0022 partner=0.0022 road=0.0040
[ROMA step 3,833,069,568] sps=587,572  policy_loss=-0.0000  value_loss=0.2475  mi_loss=0.0016  mi_valid=0.75  div_loss=-0.2500  kl_loss=0.0000 (disabled)  score=0.918  return=0.720  role_std=4.0249  role_norm=15.9566  enc_delta ego=0.0020 partner=0.0021 road=0.0031
[ROMA step 3,833,856,000] sps=585,403  policy_loss=0.0001  value_loss=0.2487  mi_loss=0.0017  mi_valid=0.77  div_loss=-0.2539  kl_loss=0.0000 (disabled)  score=0.917  return=0.719  role_std=4.0082  role_norm=16.8409  enc_delta ego=0.0022 partner=0.0025 road=0.0034
[ROMA step 3,834,642,432] sps=584,611  policy_loss=0.0039  value_loss=0.3424  mi_loss=0.0015  mi_valid=0.75  div_loss=-0.2578  kl_loss=0.0000 (disabled)  score=0.916  return=0.718  role_std=4.1408  role_norm=16.5782  enc_delta ego=0.0015 partner=0.0022 road=0.0031
[ROMA step 3,835,428,864] sps=583,844  policy_loss=0.0014  value_loss=0.2957  mi_loss=0.0017  mi_valid=0.76  div_loss=-0.2500  kl_loss=0.0000 (disabled)  score=0.915  return=0.718  role_std=4.1366  role_norm=16.3804  enc_delta ego=0.0017 partner=0.0024 road=0.0034
[ROMA step 3,836,215,296] sps=581,746  policy_loss=-0.0009  value_loss=0.3284  mi_loss=0.0016  mi_valid=0.74  div_loss=-0.2480  kl_loss=0.0000 (disabled)  score=0.913  return=0.717  role_std=3.9392  role_norm=15.9860  enc_delta ego=0.0017 partner=0.0020 road=0.0035
[ROMA step 3,837,001,728] sps=580,998  policy_loss=-0.0012  value_loss=0.2170  mi_loss=0.0016  mi_valid=0.76  div_loss=-0.2354  kl_loss=0.0000 (disabled)  score=0.912  return=0.717  role_std=3.9488  role_norm=15.7076  enc_delta ego=0.0023 partner=0.0020 road=0.0030
[ROMA step 3,837,788,160] sps=580,249  policy_loss=-0.0036  value_loss=0.2291  mi_loss=0.0016  mi_valid=0.77  div_loss=-0.2334  kl_loss=0.0000 (disabled)  score=0.911  return=0.719  role_std=3.7161  role_norm=17.1177  enc_delta ego=0.0023 partner=0.0024 road=0.0033
[ROMA step 3,838,574,592] sps=579,460  policy_loss=0.0008  value_loss=0.2766  mi_loss=0.0015  mi_valid=0.76  div_loss=-0.2344  kl_loss=0.0000 (disabled)  score=0.910  return=0.718  role_std=3.5371  role_norm=16.9064  enc_delta ego=0.0021 partner=0.0018 road=0.0024
[ROMA step 3,839,361,024] sps=577,266  policy_loss=0.0051  value_loss=0.3679  mi_loss=0.0014  mi_valid=0.73  div_loss=-0.2695  kl_loss=0.0000 (disabled)  score=0.910  return=0.716  role_std=4.2017  role_norm=16.7599  enc_delta ego=0.0027 partner=0.0022 road=0.0040
[ROMA step 3,840,147,456] sps=576,518  policy_loss=-0.0001  value_loss=0.3118  mi_loss=0.0014  mi_valid=0.75  div_loss=-0.2715  kl_loss=0.0000 (disabled)  score=0.909  return=0.712  role_std=4.7076  role_norm=16.2600  enc_delta ego=0.0015 partner=0.0020 road=0.0036
[ROMA step 3,840,933,888] sps=575,773  policy_loss=-0.0011  value_loss=0.3337  mi_loss=0.0014  mi_valid=0.75  div_loss=-0.2656  kl_loss=0.0000 (disabled)  score=0.909  return=0.711  role_std=4.7435  role_norm=16.0837  enc_delta ego=0.0014 partner=0.0020 road=0.0034
[ROMA step 3,841,720,320] sps=573,804  policy_loss=0.0066  value_loss=0.3319  mi_loss=0.0014  mi_valid=0.75  div_loss=-0.2617  kl_loss=0.0000 (disabled)  score=0.908  return=0.708  role_std=3.8287  role_norm=17.0061  enc_delta ego=0.0017 partner=0.0022 road=0.0031
[ROMA step 3,842,506,752] sps=573,043  policy_loss=0.0077  value_loss=0.3229  mi_loss=0.0015  mi_valid=0.77  div_loss=-0.2500  kl_loss=0.0000 (disabled)  score=0.908  return=0.710  role_std=4.1449  role_norm=16.9530  enc_delta ego=0.0017 partner=0.0022 road=0.0042
[ROMA step 3,843,293,184] sps=572,272  policy_loss=-0.0068  value_loss=0.2655  mi_loss=0.0016  mi_valid=0.76  div_loss=-0.2480  kl_loss=0.0000 (disabled)  score=0.907  return=0.711  role_std=4.1360  role_norm=16.6440  enc_delta ego=0.0021 partner=0.0028 road=0.0045
[ROMA step 3,844,079,616] sps=571,513  policy_loss=-0.0053  value_loss=0.1761  mi_loss=0.0016  mi_valid=0.76  div_loss=-0.2295  kl_loss=0.0000 (disabled)  score=0.907  return=0.714  role_std=3.9695  role_norm=16.6074  enc_delta ego=0.0015 partner=0.0021 road=0.0030
[ROMA step 3,844,866,048] sps=569,456  policy_loss=0.0045  value_loss=0.2248  mi_loss=0.0016  mi_valid=0.73  div_loss=-0.2363  kl_loss=0.0000 (disabled)  score=0.906  return=0.717  role_std=3.9893  role_norm=16.2460  enc_delta ego=0.0018 partner=0.0022 road=0.0038
[ROMA step 3,845,652,480] sps=568,655  policy_loss=0.0029  value_loss=0.1730  mi_loss=0.0016  mi_valid=0.75  div_loss=-0.2246  kl_loss=0.0000 (disabled)  score=0.906  return=0.719  role_std=3.8027  role_norm=16.2920  enc_delta ego=0.0020 partner=0.0019 road=0.0029
[ROMA step 3,846,438,912] sps=567,929  policy_loss=0.0014  value_loss=0.2886  mi_loss=0.0016  mi_valid=0.76  div_loss=-0.2275  kl_loss=0.0000 (disabled)  score=0.906  return=0.721  role_std=3.7364  role_norm=17.1356  enc_delta ego=0.0014 partner=0.0018 road=0.0030
[ROMA step 3,847,225,344] sps=565,884  policy_loss=-0.0011  value_loss=0.1919  mi_loss=0.0016  mi_valid=0.74  div_loss=-0.2295  kl_loss=0.0000 (disabled)  score=0.906  return=0.722  role_std=3.7626  role_norm=17.6567  enc_delta ego=0.0020 partner=0.0021 road=0.0033
[ROMA step 3,848,011,776] sps=565,171  policy_loss=-0.0041  value_loss=0.1661  mi_loss=0.0013  mi_valid=0.74  div_loss=-0.2266  kl_loss=0.0000 (disabled)  score=0.906  return=0.724  role_std=3.9060  role_norm=17.1053  enc_delta ego=0.0021 partner=0.0018 road=0.0029
[ROMA step 3,848,798,208] sps=564,437  policy_loss=0.0042  value_loss=0.2656  mi_loss=0.0013  mi_valid=0.74  div_loss=-0.2412  kl_loss=0.0000 (disabled)  score=0.908  return=0.730  role_std=4.2988  role_norm=16.5816  enc_delta ego=0.0018 partner=0.0023 road=0.0031
[ROMA step 3,849,584,640] sps=563,732  policy_loss=0.0017  value_loss=0.1975  mi_loss=0.0014  mi_valid=0.74  div_loss=-0.2266  kl_loss=0.0000 (disabled)  score=0.909  return=0.732  role_std=4.1937  role_norm=16.5503  enc_delta ego=0.0013 partner=0.0017 road=0.0025
[ROMA step 3,850,371,072] sps=561,934  policy_loss=-0.0070  value_loss=0.2475  mi_loss=0.0015  mi_valid=0.74  div_loss=-0.2324  kl_loss=0.0000 (disabled)  score=0.909  return=0.733  role_std=3.6761  role_norm=17.1918  enc_delta ego=0.0014 partner=0.0018 road=0.0036
[ROMA step 3,851,157,504] sps=561,214  policy_loss=-0.0026  value_loss=0.2814  mi_loss=0.0015  mi_valid=0.74  div_loss=-0.2373  kl_loss=0.0000 (disabled)  score=0.910  return=0.734  role_std=3.6647  role_norm=17.1180  enc_delta ego=0.0017 partner=0.0020 road=0.0035
[ROMA step 3,851,943,936] sps=560,514  policy_loss=0.0014  value_loss=0.2850  mi_loss=0.0016  mi_valid=0.74  div_loss=-0.2402  kl_loss=0.0000 (disabled)  score=0.911  return=0.735  role_std=3.6560  role_norm=16.8898  enc_delta ego=0.0021 partner=0.0023 road=0.0031
[ROMA step 3,852,730,368] sps=558,774  policy_loss=-0.0051  value_loss=0.2378  mi_loss=0.0016  mi_valid=0.72  div_loss=-0.2373  kl_loss=0.0000 (disabled)  score=0.912  return=0.737  role_std=4.1963  role_norm=16.0573  enc_delta ego=0.0019 partner=0.0025 road=0.0026
[ROMA step 3,853,516,800] sps=558,049  policy_loss=0.0018  value_loss=0.4230  mi_loss=0.0017  mi_valid=0.74  div_loss=-0.2461  kl_loss=0.0000 (disabled)  score=0.911  return=0.731  role_std=3.7663  role_norm=16.2569  enc_delta ego=0.0022 partner=0.0027 road=0.0035
[ROMA step 3,854,303,232] sps=557,327  policy_loss=-0.0020  value_loss=0.3412  mi_loss=0.0016  mi_valid=0.75  div_loss=-0.2422  kl_loss=0.0000 (disabled)  score=0.912  return=0.730  role_std=3.8109  role_norm=17.0095  enc_delta ego=0.0016 partner=0.0023 road=0.0031
[ROMA step 3,855,089,664] sps=556,655  policy_loss=-0.0056  value_loss=0.2424  mi_loss=0.0016  mi_valid=0.75  div_loss=-0.2402  kl_loss=0.0000 (disabled)  score=0.912  return=0.727  role_std=3.8827  role_norm=17.1277  enc_delta ego=0.0016 partner=0.0019 road=0.0032
[ROMA step 3,855,876,096] sps=554,916  policy_loss=0.0001  value_loss=0.2549  mi_loss=0.0015  mi_valid=0.73  div_loss=-0.2402  kl_loss=0.0000 (disabled)  score=0.912  return=0.728  role_std=4.1791  role_norm=17.0916  enc_delta ego=0.0021 partner=0.0023 road=0.0037
[ROMA step 3,856,662,528] sps=554,218  policy_loss=-0.0069  value_loss=0.2588  mi_loss=0.0015  mi_valid=0.74  div_loss=-0.2480  kl_loss=0.0000 (disabled)  score=0.912  return=0.730  role_std=4.2412  role_norm=16.9268  enc_delta ego=0.0022 partner=0.0024 road=0.0040
[ROMA step 3,857,448,960] sps=553,497  policy_loss=-0.0029  value_loss=0.2478  mi_loss=0.0015  mi_valid=0.75  div_loss=-0.2598  kl_loss=0.0000 (disabled)  score=0.912  return=0.730  role_std=4.1642  role_norm=16.5138  enc_delta ego=0.0020 partner=0.0025 road=0.0039
[ROMA step 3,858,235,392] sps=551,715  policy_loss=-0.0066  value_loss=0.2846  mi_loss=0.0015  mi_valid=0.75  div_loss=-0.2393  kl_loss=0.0000 (disabled)  score=0.913  return=0.731  role_std=4.5753  role_norm=16.4194  enc_delta ego=0.0019 partner=0.0022 road=0.0033
[ROMA step 3,859,021,824] sps=551,015  policy_loss=-0.0025  value_loss=0.3082  mi_loss=0.0015  mi_valid=0.76  div_loss=-0.2422  kl_loss=0.0000 (disabled)  score=0.913  return=0.732  role_std=3.8661  role_norm=17.2524  enc_delta ego=0.0013 partner=0.0017 road=0.0024
[ROMA step 3,859,808,256] sps=550,345  policy_loss=-0.0044  value_loss=0.2689  mi_loss=0.0015  mi_valid=0.75  div_loss=-0.2383  kl_loss=0.0000 (disabled)  score=0.915  return=0.733  role_std=4.1336  role_norm=17.0391  enc_delta ego=0.0024 partner=0.0022 road=0.0034
[ROMA step 3,860,594,688] sps=549,657  policy_loss=0.0008  value_loss=0.2120  mi_loss=0.0014  mi_valid=0.75  div_loss=-0.2314  kl_loss=0.0000 (disabled)  score=0.916  return=0.737  role_std=3.9635  role_norm=16.8408  enc_delta ego=0.0018 partner=0.0020 road=0.0035
[ROMA step 3,861,381,120] sps=548,007  policy_loss=-0.0084  value_loss=0.1483  mi_loss=0.0015  mi_valid=0.73  div_loss=-0.2354  kl_loss=0.0000 (disabled)  score=0.917  return=0.741  role_std=4.0876  role_norm=15.7992  enc_delta ego=0.0019 partner=0.0020 road=0.0034
[ROMA step 3,862,167,552] sps=547,310  policy_loss=0.0017  value_loss=0.2959  mi_loss=0.0015  mi_valid=0.76  div_loss=-0.2539  kl_loss=0.0000 (disabled)  score=0.917  return=0.742  role_std=4.0135  role_norm=15.7763  enc_delta ego=0.0016 partner=0.0023 road=0.0030
[ROMA step 3,862,953,984] sps=546,591  policy_loss=-0.0018  value_loss=0.3085  mi_loss=0.0015  mi_valid=0.77  div_loss=-0.2461  kl_loss=0.0000 (disabled)  score=0.918  return=0.742  role_std=4.0801  role_norm=16.9964  enc_delta ego=0.0018 partner=0.0023 road=0.0031
[ROMA step 3,863,740,416] sps=545,939  policy_loss=-0.0066  value_loss=0.3108  mi_loss=0.0015  mi_valid=0.77  div_loss=-0.2520  kl_loss=0.0000 (disabled)  score=0.919  return=0.742  role_std=4.0766  role_norm=16.8069  enc_delta ego=0.0019 partner=0.0022 road=0.0034
[ROMA step 3,864,526,848] sps=544,371  policy_loss=0.0108  value_loss=0.1848  mi_loss=0.0016  mi_valid=0.73  div_loss=-0.2373  kl_loss=0.0000 (disabled)  score=0.919  return=0.743  role_std=3.9192  role_norm=16.6621  enc_delta ego=0.0015 partner=0.0025 road=0.0037
[ROMA step 3,865,313,280] sps=543,725  policy_loss=-0.0054  value_loss=0.1824  mi_loss=0.0016  mi_valid=0.75  div_loss=-0.2324  kl_loss=0.0000 (disabled)  score=0.920  return=0.747  role_std=3.8682  role_norm=16.4112  enc_delta ego=0.0015 partner=0.0020 road=0.0030
[ROMA step 3,866,099,712] sps=543,077  policy_loss=0.0036  value_loss=0.2457  mi_loss=0.0016  mi_valid=0.74  div_loss=-0.2285  kl_loss=0.0000 (disabled)  score=0.921  return=0.753  role_std=3.8364  role_norm=16.4537  enc_delta ego=0.0013 partner=0.0019 road=0.0030
[ROMA step 3,866,886,144] sps=541,428  policy_loss=0.0025  value_loss=0.2226  mi_loss=0.0017  mi_valid=0.74  div_loss=-0.2295  kl_loss=0.0000 (disabled)  score=0.922  return=0.756  role_std=3.6374  role_norm=17.0344  enc_delta ego=0.0014 partner=0.0020 road=0.0031
[ROMA step 3,867,672,576] sps=540,766  policy_loss=0.0055  value_loss=0.3587  mi_loss=0.0017  mi_valid=0.76  div_loss=-0.2393  kl_loss=0.0000 (disabled)  score=0.922  return=0.757  role_std=4.0157  role_norm=16.9662  enc_delta ego=0.0022 partner=0.0027 road=0.0037
[ROMA step 3,868,459,008] sps=540,130  policy_loss=0.0002  value_loss=0.3423  mi_loss=0.0017  mi_valid=0.75  div_loss=-0.2363  kl_loss=0.0000 (disabled)  score=0.922  return=0.758  role_std=4.0788  role_norm=16.7581  enc_delta ego=0.0025 partner=0.0029 road=0.0035
[ROMA step 3,869,245,440] sps=539,491  policy_loss=0.0053  value_loss=0.2387  mi_loss=0.0017  mi_valid=0.76  div_loss=-0.2402  kl_loss=0.0000 (disabled)  score=0.922  return=0.757  role_std=3.9605  role_norm=16.5348  enc_delta ego=0.0021 partner=0.0030 road=0.0034
[ROMA step 3,870,031,872] sps=537,873  policy_loss=0.0046  value_loss=0.2425  mi_loss=0.0018  mi_valid=0.74  div_loss=-0.2197  kl_loss=0.0000 (disabled)  score=0.921  return=0.755  role_std=4.0109  role_norm=16.3189  enc_delta ego=0.0022 partner=0.0022 road=0.0032
[ROMA step 3,870,818,304] sps=537,254  policy_loss=-0.0026  value_loss=0.1711  mi_loss=0.0017  mi_valid=0.76  div_loss=-0.2285  kl_loss=0.0000 (disabled)  score=0.921  return=0.755  role_std=3.9107  role_norm=16.1547  enc_delta ego=0.0016 partner=0.0020 road=0.0028
[ROMA step 3,871,604,736] sps=536,622  policy_loss=0.0002  value_loss=0.2698  mi_loss=0.0017  mi_valid=0.77  div_loss=-0.2354  kl_loss=0.0000 (disabled)  score=0.921  return=0.754  role_std=3.8023  role_norm=17.1025  enc_delta ego=0.0029 partner=0.0021 road=0.0031
[ROMA step 3,872,391,168] sps=534,965  policy_loss=0.0089  value_loss=0.3097  mi_loss=0.0018  mi_valid=0.74  div_loss=-0.2412  kl_loss=0.0000 (disabled)  score=0.921  return=0.753  role_std=4.2002  role_norm=17.0152  enc_delta ego=0.0019 partner=0.0020 road=0.0030
[ROMA step 3,873,177,600] sps=534,300  policy_loss=0.0025  value_loss=0.3537  mi_loss=0.0015  mi_valid=0.75  div_loss=-0.2617  kl_loss=0.0000 (disabled)  score=0.920  return=0.747  role_std=4.5863  role_norm=16.5806  enc_delta ego=0.0021 partner=0.0029 road=0.0037
[ROMA step 3,873,964,032] sps=533,657  policy_loss=0.0044  value_loss=0.3634  mi_loss=0.0015  mi_valid=0.75  div_loss=-0.2656  kl_loss=0.0000 (disabled)  score=0.919  return=0.741  role_std=4.4779  role_norm=16.2749  enc_delta ego=0.0015 partner=0.0022 road=0.0029
[ROMA step 3,874,750,464] sps=533,032  policy_loss=-0.0026  value_loss=0.3430  mi_loss=0.0015  mi_valid=0.75  div_loss=-0.2480  kl_loss=0.0000 (disabled)  score=0.917  return=0.734  role_std=4.3685  role_norm=16.1616  enc_delta ego=0.0020 partner=0.0024 road=0.0031
[ROMA step 3,875,536,896] sps=531,437  policy_loss=-0.0042  value_loss=0.3220  mi_loss=0.0017  mi_valid=0.74  div_loss=-0.2393  kl_loss=0.0000 (disabled)  score=0.917  return=0.734  role_std=3.6157  role_norm=17.2633  enc_delta ego=0.0018 partner=0.0024 road=0.0033
[ROMA step 3,876,323,328] sps=530,814  policy_loss=-0.0018  value_loss=0.2486  mi_loss=0.0018  mi_valid=0.75  div_loss=-0.2383  kl_loss=0.0000 (disabled)  score=0.915  return=0.732  role_std=3.9603  role_norm=17.1568  enc_delta ego=0.0020 partner=0.0023 road=0.0032
[ROMA step 3,877,109,760] sps=530,161  policy_loss=-0.0022  value_loss=0.3193  mi_loss=0.0018  mi_valid=0.74  div_loss=-0.2422  kl_loss=0.0000 (disabled)  score=0.915  return=0.730  role_std=4.4220  role_norm=16.5190  enc_delta ego=0.0016 partner=0.0020 road=0.0030
[ROMA step 3,877,896,192] sps=528,636  policy_loss=-0.0038  value_loss=0.2392  mi_loss=0.0018  mi_valid=0.73  div_loss=-0.2441  kl_loss=0.0000 (disabled)  score=0.914  return=0.730  role_std=3.9495  role_norm=16.1261  enc_delta ego=0.0016 partner=0.0022 road=0.0031
[ROMA step 3,878,682,624] sps=527,994  policy_loss=0.0014  value_loss=0.2672  mi_loss=0.0014  mi_valid=0.74  div_loss=-0.2422  kl_loss=0.0000 (disabled)  score=0.913  return=0.731  role_std=4.2652  role_norm=16.2984  enc_delta ego=0.0016 partner=0.0021 road=0.0033
[ROMA step 3,879,469,056] sps=527,388  policy_loss=0.0009  value_loss=0.2883  mi_loss=0.0014  mi_valid=0.75  div_loss=-0.2422  kl_loss=0.0000 (disabled)  score=0.913  return=0.731  role_std=4.0668  role_norm=16.2625  enc_delta ego=0.0016 partner=0.0019 road=0.0025
[ROMA step 3,880,255,488] sps=526,784  policy_loss=0.0041  value_loss=0.2202  mi_loss=0.0014  mi_valid=0.75  div_loss=-0.2363  kl_loss=0.0000 (disabled)  score=0.912  return=0.733  role_std=3.9887  role_norm=17.3135  enc_delta ego=0.0015 partner=0.0019 road=0.0029
[ROMA step 3,881,041,920] sps=524,951  policy_loss=0.0013  value_loss=0.2556  mi_loss=0.0014  mi_valid=0.73  div_loss=-0.2373  kl_loss=0.0000 (disabled)  score=0.913  return=0.737  role_std=3.9849  role_norm=17.0033  enc_delta ego=0.0014 partner=0.0021 road=0.0033
[ROMA step 3,881,828,352] sps=524,314  policy_loss=0.0008  value_loss=0.3623  mi_loss=0.0015  mi_valid=0.74  div_loss=-0.2412  kl_loss=0.0000 (disabled)  score=0.913  return=0.737  role_std=4.2489  role_norm=16.9598  enc_delta ego=0.0018 partner=0.0020 road=0.0030
[ROMA step 3,882,614,784] sps=523,712  policy_loss=0.0006  value_loss=0.2237  mi_loss=0.0015  mi_valid=0.74  div_loss=-0.2275  kl_loss=0.0000 (disabled)  score=0.913  return=0.739  role_std=3.8478  role_norm=17.1235  enc_delta ego=0.0021 partner=0.0015 road=0.0027
[ROMA step 3,883,401,216] sps=522,181  policy_loss=0.0018  value_loss=0.2325  mi_loss=0.0014  mi_valid=0.73  div_loss=-0.2266  kl_loss=0.0000 (disabled)  score=0.914  return=0.742  role_std=4.2524  role_norm=16.3078  enc_delta ego=0.0017 partner=0.0019 road=0.0030
[ROMA step 3,884,187,648] sps=521,590  policy_loss=-0.0005  value_loss=0.3390  mi_loss=0.0015  mi_valid=0.76  div_loss=-0.2393  kl_loss=0.0000 (disabled)  score=0.914  return=0.741  role_std=4.2634  role_norm=17.3758  enc_delta ego=0.0016 partner=0.0020 road=0.0028
[ROMA step 3,884,974,080] sps=520,999  policy_loss=-0.0034  value_loss=0.3287  mi_loss=0.0015  mi_valid=0.74  div_loss=-0.2373  kl_loss=0.0000 (disabled)  score=0.913  return=0.738  role_std=3.8923  role_norm=17.2762  enc_delta ego=0.0020 partner=0.0025 road=0.0033
[ROMA step 3,885,760,512] sps=520,410  policy_loss=0.0016  value_loss=0.4326  mi_loss=0.0016  mi_valid=0.74  div_loss=-0.2559  kl_loss=0.0000 (disabled)  score=0.913  return=0.734  role_std=4.5143  role_norm=17.2114  enc_delta ego=0.0027 partner=0.0031 road=0.0035
[ROMA step 3,886,546,944] sps=518,774  policy_loss=-0.0022  value_loss=0.4143  mi_loss=0.0016  mi_valid=0.73  div_loss=-0.2412  kl_loss=0.0000 (disabled)  score=0.913  return=0.728  role_std=4.1627  role_norm=16.4447  enc_delta ego=0.0024 partner=0.0026 road=0.0035
[ROMA step 3,887,333,376] sps=518,187  policy_loss=-0.0054  value_loss=0.3699  mi_loss=0.0016  mi_valid=0.75  div_loss=-0.2285  kl_loss=0.0000 (disabled)  score=0.913  return=0.723  role_std=4.1125  role_norm=16.5199  enc_delta ego=0.0020 partner=0.0020 road=0.0025
[ROMA step 3,888,119,808] sps=517,574  policy_loss=0.0008  value_loss=0.3625  mi_loss=0.0016  mi_valid=0.76  div_loss=-0.2305  kl_loss=0.0000 (disabled)  score=0.913  return=0.719  role_std=3.6452  role_norm=17.6809  enc_delta ego=0.0017 partner=0.0020 road=0.0032
[ROMA step 3,888,906,240] sps=516,976  policy_loss=-0.0007  value_loss=0.3330  mi_loss=0.0016  mi_valid=0.76  div_loss=-0.2422  kl_loss=0.0000 (disabled)  score=0.913  return=0.719  role_std=4.0465  role_norm=17.6085  enc_delta ego=0.0021 partner=0.0022 road=0.0033
[ROMA step 3,889,692,672] sps=515,468  policy_loss=0.0027  value_loss=0.3429  mi_loss=0.0017  mi_valid=0.73  div_loss=-0.2461  kl_loss=0.0000 (disabled)  score=0.913  return=0.719  role_std=4.1875  role_norm=17.4027  enc_delta ego=0.0019 partner=0.0025 road=0.0042
[ROMA step 3,890,479,104] sps=514,885  policy_loss=-0.0049  value_loss=0.2870  mi_loss=0.0017  mi_valid=0.75  div_loss=-0.2461  kl_loss=0.0000 (disabled)  score=0.913  return=0.716  role_std=4.1912  role_norm=16.9521  enc_delta ego=0.0017 partner=0.0020 road=0.0036
[ROMA step 3,891,265,536] sps=514,308  policy_loss=-0.0044  value_loss=0.3007  mi_loss=0.0017  mi_valid=0.75  div_loss=-0.2354  kl_loss=0.0000 (disabled)  score=0.912  return=0.713  role_std=4.0933  role_norm=16.8332  enc_delta ego=0.0014 partner=0.0019 road=0.0029
[ROMA step 3,892,051,968] sps=512,366  policy_loss=-0.0002  value_loss=0.2684  mi_loss=0.0017  mi_valid=0.75  div_loss=-0.2314  kl_loss=0.0000 (disabled)  score=0.912  return=0.711  role_std=3.6562  role_norm=18.0917  enc_delta ego=0.0019 partner=0.0021 road=0.0032
[ROMA step 3,892,838,400] sps=511,792  policy_loss=-0.0005  value_loss=0.3320  mi_loss=0.0017  mi_valid=0.76  div_loss=-0.2324  kl_loss=0.0000 (disabled)  score=0.912  return=0.708  role_std=3.8358  role_norm=18.0608  enc_delta ego=0.0019 partner=0.0020 road=0.0031
[ROMA step 3,893,624,832] sps=511,218  policy_loss=0.0053  value_loss=0.3027  mi_loss=0.0018  mi_valid=0.75  div_loss=-0.2480  kl_loss=0.0000 (disabled)  score=0.912  return=0.709  role_std=4.1323  role_norm=17.8744  enc_delta ego=0.0024 partner=0.0027 road=0.0036
[ROMA step 3,894,411,264] sps=510,653  policy_loss=0.0005  value_loss=0.2468  mi_loss=0.0018  mi_valid=0.75  div_loss=-0.2412  kl_loss=0.0000 (disabled)  score=0.913  return=0.711  role_std=4.3743  role_norm=17.9056  enc_delta ego=0.0023 partner=0.0024 road=0.0039
[ROMA step 3,895,197,696] sps=509,118  policy_loss=-0.0047  value_loss=0.2601  mi_loss=0.0016  mi_valid=0.72  div_loss=-0.2354  kl_loss=0.0000 (disabled)  score=0.914  return=0.716  role_std=4.3983  role_norm=17.3787  enc_delta ego=0.0017 partner=0.0017 road=0.0027
[ROMA step 3,895,984,128] sps=508,561  policy_loss=-0.0013  value_loss=0.2194  mi_loss=0.0015  mi_valid=0.74  div_loss=-0.2432  kl_loss=0.0000 (disabled)  score=0.916  return=0.717  role_std=4.2931  role_norm=16.8543  enc_delta ego=0.0015 partner=0.0023 road=0.0036
[ROMA step 3,896,770,560] sps=507,970  policy_loss=0.0088  value_loss=0.3649  mi_loss=0.0015  mi_valid=0.75  div_loss=-0.2461  kl_loss=0.0000 (disabled)  score=0.917  return=0.717  role_std=4.0572  role_norm=17.8492  enc_delta ego=0.0015 partner=0.0020 road=0.0033
[ROMA step 3,897,556,992] sps=506,532  policy_loss=0.0044  value_loss=0.5043  mi_loss=0.0015  mi_valid=0.73  div_loss=-0.2539  kl_loss=0.0000 (disabled)  score=0.918  return=0.714  role_std=4.3330  role_norm=18.1159  enc_delta ego=0.0014 partner=0.0019 road=0.0027
[ROMA step 3,898,343,424] sps=505,951  policy_loss=-0.0060  value_loss=0.2426  mi_loss=0.0014  mi_valid=0.74  div_loss=-0.2412  kl_loss=0.0000 (disabled)  score=0.920  return=0.717  role_std=4.0377  role_norm=17.3482  enc_delta ego=0.0016 partner=0.0023 road=0.0031
[ROMA step 3,899,129,856] sps=505,391  policy_loss=-0.0038  value_loss=0.2909  mi_loss=0.0014  mi_valid=0.74  div_loss=-0.2461  kl_loss=0.0000 (disabled)  score=0.922  return=0.724  role_std=4.4588  role_norm=17.0964  enc_delta ego=0.0016 partner=0.0023 road=0.0027
[ROMA step 3,899,916,288] sps=504,700  policy_loss=0.0003  value_loss=0.2462  mi_loss=0.0015  mi_valid=0.74  div_loss=-0.2373  kl_loss=0.0000 (disabled)  score=0.923  return=0.728  role_std=4.1567  role_norm=16.9874  enc_delta ego=0.0021 partner=0.0021 road=0.0025
[ROMA step 3,900,702,720] sps=503,129  policy_loss=-0.0011  value_loss=0.2425  mi_loss=0.0014  mi_valid=0.73  div_loss=-0.2373  kl_loss=0.0000 (disabled)  score=0.924  return=0.729  role_std=3.9635  role_norm=17.8448  enc_delta ego=0.0021 partner=0.0023 road=0.0035
[ROMA step 3,901,489,152] sps=502,483  policy_loss=-0.0013  value_loss=0.2386  mi_loss=0.0014  mi_valid=0.74  div_loss=-0.2285  kl_loss=0.0000 (disabled)  score=0.925  return=0.730  role_std=3.9794  role_norm=18.0518  enc_delta ego=0.0022 partner=0.0022 road=0.0031
[ROMA step 3,902,275,584] sps=501,931  policy_loss=-0.0009  value_loss=0.2451  mi_loss=0.0014  mi_valid=0.73  div_loss=-0.2188  kl_loss=0.0000 (disabled)  score=0.926  return=0.730  role_std=3.7460  role_norm=18.0464  enc_delta ego=0.0012 partner=0.0018 road=0.0025
[ROMA step 3,903,062,016] sps=498,741  policy_loss=-0.0053  value_loss=0.1763  mi_loss=0.0014  mi_valid=0.72  div_loss=-0.2197  kl_loss=0.0000 (disabled)  score=0.926  return=0.732  role_std=4.0271  role_norm=17.1546  enc_delta ego=0.0013 partner=0.0016 road=0.0027
[ROMA step 3,903,848,448] sps=498,169  policy_loss=-0.0045  value_loss=0.2491  mi_loss=0.0014  mi_valid=0.75  div_loss=-0.2236  kl_loss=0.0000 (disabled)  score=0.926  return=0.730  role_std=3.9700  role_norm=17.2430  enc_delta ego=0.0019 partner=0.0019 road=0.0031
[ROMA step 3,904,634,880] sps=497,620  policy_loss=0.0036  value_loss=0.2880  mi_loss=0.0014  mi_valid=0.75  div_loss=-0.2236  kl_loss=0.0000 (disabled)  score=0.926  return=0.729  role_std=3.9772  role_norm=16.8015  enc_delta ego=0.0014 partner=0.0021 road=0.0032
[ROMA step 3,905,421,312] sps=497,086  policy_loss=0.0009  value_loss=0.3184  mi_loss=0.0014  mi_valid=0.76  div_loss=-0.2354  kl_loss=0.0000 (disabled)  score=0.926  return=0.725  role_std=3.9587  role_norm=17.8155  enc_delta ego=0.0018 partner=0.0027 road=0.0037
[ROMA step 3,906,207,744] sps=493,116  policy_loss=0.0019  value_loss=0.5020  mi_loss=0.0015  mi_valid=0.74  div_loss=-0.2559  kl_loss=0.0000 (disabled)  score=0.926  return=0.724  role_std=4.3582  role_norm=17.8371  enc_delta ego=0.0015 partner=0.0023 road=0.0034
[ROMA step 3,906,994,176] sps=492,585  policy_loss=0.0014  value_loss=0.3829  mi_loss=0.0015  mi_valid=0.75  div_loss=-0.2500  kl_loss=0.0000 (disabled)  score=0.926  return=0.723  role_std=4.2071  role_norm=17.5879  enc_delta ego=0.0019 partner=0.0023 road=0.0041
[ROMA step 3,907,780,608] sps=492,029  policy_loss=0.0030  value_loss=0.2808  mi_loss=0.0015  mi_valid=0.75  div_loss=-0.2373  kl_loss=0.0000 (disabled)  score=0.926  return=0.716  role_std=4.2140  role_norm=17.4241  enc_delta ego=0.0019 partner=0.0021 road=0.0035
[ROMA step 3,908,567,040] sps=487,815  policy_loss=-0.0029  value_loss=0.3011  mi_loss=0.0015  mi_valid=0.74  div_loss=-0.2393  kl_loss=0.0000 (disabled)  score=0.926  return=0.714  role_std=4.1765  role_norm=16.2758  enc_delta ego=0.0017 partner=0.0021 road=0.0029
[ROMA step 3,909,353,472] sps=487,304  policy_loss=-0.0006  value_loss=0.3443  mi_loss=0.0015  mi_valid=0.76  div_loss=-0.2344  kl_loss=0.0000 (disabled)  score=0.925  return=0.712  role_std=3.9582  role_norm=17.9612  enc_delta ego=0.0020 partner=0.0020 road=0.0030
[ROMA step 3,910,139,904] sps=486,791  policy_loss=-0.0002  value_loss=0.3663  mi_loss=0.0014  mi_valid=0.75  div_loss=-0.2305  kl_loss=0.0000 (disabled)  score=0.925  return=0.713  role_std=3.8577  role_norm=17.6996  enc_delta ego=0.0017 partner=0.0019 road=0.0028
[ROMA step 3,910,926,336] sps=486,247  policy_loss=-0.0016  value_loss=0.3223  mi_loss=0.0015  mi_valid=0.75  div_loss=-0.2324  kl_loss=0.0000 (disabled)  score=0.926  return=0.716  role_std=3.8541  role_norm=17.4833  enc_delta ego=0.0016 partner=0.0020 road=0.0034
[ROMA step 3,911,712,768] sps=484,573  policy_loss=-0.0018  value_loss=0.3988  mi_loss=0.0016  mi_valid=0.73  div_loss=-0.2344  kl_loss=0.0000 (disabled)  score=0.926  return=0.719  role_std=4.2278  role_norm=17.2386  enc_delta ego=0.0017 partner=0.0020 road=0.0032
[ROMA step 3,912,499,200] sps=484,048  policy_loss=-0.0007  value_loss=0.3028  mi_loss=0.0016  mi_valid=0.75  div_loss=-0.2324  kl_loss=0.0000 (disabled)  score=0.927  return=0.725  role_std=4.1695  role_norm=16.9092  enc_delta ego=0.0014 partner=0.0021 road=0.0030
[ROMA step 3,913,285,632] sps=483,519  policy_loss=0.0091  value_loss=0.3215  mi_loss=0.0015  mi_valid=0.76  div_loss=-0.2354  kl_loss=0.0000 (disabled)  score=0.928  return=0.728  role_std=3.9154  role_norm=17.9627  enc_delta ego=0.0016 partner=0.0020 road=0.0026
[ROMA step 3,914,072,064] sps=483,016  policy_loss=0.0005  value_loss=0.2702  mi_loss=0.0015  mi_valid=0.76  div_loss=-0.2373  kl_loss=0.0000 (disabled)  score=0.928  return=0.729  role_std=4.1573  role_norm=17.8068  enc_delta ego=0.0016 partner=0.0018 road=0.0028
[ROMA step 3,914,858,496] sps=481,630  policy_loss=0.0057  value_loss=0.2497  mi_loss=0.0014  mi_valid=0.73  div_loss=-0.2285  kl_loss=0.0000 (disabled)  score=0.929  return=0.730  role_std=4.1402  role_norm=17.7711  enc_delta ego=0.0024 partner=0.0025 road=0.0040
[ROMA step 3,915,644,928] sps=481,136  policy_loss=-0.0048  value_loss=0.2107  mi_loss=0.0014  mi_valid=0.75  div_loss=-0.2207  kl_loss=0.0000 (disabled)  score=0.929  return=0.732  role_std=3.9354  role_norm=17.9361  enc_delta ego=0.0021 partner=0.0022 road=0.0033
[ROMA step 3,916,431,360] sps=480,615  policy_loss=0.0042  value_loss=0.2801  mi_loss=0.0014  mi_valid=0.74  div_loss=-0.2324  kl_loss=0.0000 (disabled)  score=0.931  return=0.736  role_std=3.9566  role_norm=17.5707  enc_delta ego=0.0016 partner=0.0019 road=0.0029
[ROMA step 3,917,217,792] sps=479,184  policy_loss=-0.0016  value_loss=0.2001  mi_loss=0.0014  mi_valid=0.73  div_loss=-0.2354  kl_loss=0.0000 (disabled)  score=0.931  return=0.738  role_std=4.0437  role_norm=18.0348  enc_delta ego=0.0015 partner=0.0018 road=0.0029
[ROMA step 3,918,004,224] sps=478,690  policy_loss=0.0004  value_loss=0.2672  mi_loss=0.0015  mi_valid=0.76  div_loss=-0.2461  kl_loss=0.0000 (disabled)  score=0.932  return=0.739  role_std=4.0387  role_norm=17.6223  enc_delta ego=0.0018 partner=0.0023 road=0.0034
[ROMA step 3,918,790,656] sps=478,196  policy_loss=0.0003  value_loss=0.2768  mi_loss=0.0015  mi_valid=0.75  div_loss=-0.2480  kl_loss=0.0000 (disabled)  score=0.931  return=0.738  role_std=4.0523  role_norm=17.5092  enc_delta ego=0.0018 partner=0.0021 road=0.0031
[ROMA step 3,919,577,088] sps=477,695  policy_loss=-0.0024  value_loss=0.2050  mi_loss=0.0015  mi_valid=0.75  div_loss=-0.2539  kl_loss=0.0000 (disabled)  score=0.931  return=0.738  role_std=4.3788  role_norm=17.1836  enc_delta ego=0.0015 partner=0.0016 road=0.0028
[ROMA step 3,920,363,520] sps=476,407  policy_loss=-0.0083  value_loss=0.1530  mi_loss=0.0017  mi_valid=0.73  div_loss=-0.2324  kl_loss=0.0000 (disabled)  score=0.931  return=0.739  role_std=4.2866  role_norm=16.9865  enc_delta ego=0.0020 partner=0.0018 road=0.0022
[ROMA step 3,921,149,952] sps=475,910  policy_loss=0.0050  value_loss=0.2713  mi_loss=0.0017  mi_valid=0.75  div_loss=-0.2324  kl_loss=0.0000 (disabled)  score=0.931  return=0.742  role_std=4.2375  role_norm=16.8714  enc_delta ego=0.0019 partner=0.0020 road=0.0029
[ROMA step 3,921,936,384] sps=475,432  policy_loss=-0.0007  value_loss=0.1532  mi_loss=0.0016  mi_valid=0.76  div_loss=-0.2246  kl_loss=0.0000 (disabled)  score=0.930  return=0.742  role_std=3.8217  role_norm=17.9993  enc_delta ego=0.0015 partner=0.0017 road=0.0024
[ROMA step 3,922,722,816] sps=474,051  policy_loss=-0.0003  value_loss=0.2452  mi_loss=0.0016  mi_valid=0.73  div_loss=-0.2305  kl_loss=0.0000 (disabled)  score=0.931  return=0.749  role_std=4.0747  role_norm=18.2816  enc_delta ego=0.0019 partner=0.0016 road=0.0027
[ROMA step 3,923,509,248] sps=473,573  policy_loss=-0.0025  value_loss=0.2230  mi_loss=0.0017  mi_valid=0.73  div_loss=-0.2256  kl_loss=0.0000 (disabled)  score=0.931  return=0.750  role_std=4.2573  role_norm=18.0509  enc_delta ego=0.0020 partner=0.0020 road=0.0034
[ROMA step 3,924,295,680] sps=473,086  policy_loss=0.0018  value_loss=0.2816  mi_loss=0.0016  mi_valid=0.73  div_loss=-0.2256  kl_loss=0.0000 (disabled)  score=0.932  return=0.754  role_std=4.0899  role_norm=17.9387  enc_delta ego=0.0017 partner=0.0017 road=0.0029
[ROMA step 3,925,082,112] sps=472,603  policy_loss=-0.0059  value_loss=0.2499  mi_loss=0.0016  mi_valid=0.73  div_loss=-0.2295  kl_loss=0.0000 (disabled)  score=0.932  return=0.754  role_std=4.1166  role_norm=17.7475  enc_delta ego=0.0013 partner=0.0015 road=0.0026
[ROMA step 3,925,868,544] sps=471,321  policy_loss=0.0004  value_loss=0.3235  mi_loss=0.0016  mi_valid=0.73  div_loss=-0.2227  kl_loss=0.0000 (disabled)  score=0.932  return=0.753  role_std=3.7612  role_norm=18.7110  enc_delta ego=0.0015 partner=0.0019 road=0.0027
[ROMA step 3,926,654,976] sps=470,853  policy_loss=-0.0010  value_loss=0.2504  mi_loss=0.0015  mi_valid=0.75  div_loss=-0.2236  kl_loss=0.0000 (disabled)  score=0.931  return=0.752  role_std=3.8772  role_norm=18.5559  enc_delta ego=0.0019 partner=0.0021 road=0.0028
[ROMA step 3,927,441,408] sps=470,362  policy_loss=0.0011  value_loss=0.2393  mi_loss=0.0016  mi_valid=0.75  div_loss=-0.2275  kl_loss=0.0000 (disabled)  score=0.931  return=0.752  role_std=3.9977  role_norm=18.2816  enc_delta ego=0.0014 partner=0.0019 road=0.0031
[ROMA step 3,928,227,840] sps=469,005  policy_loss=-0.0042  value_loss=0.2754  mi_loss=0.0016  mi_valid=0.73  div_loss=-0.2393  kl_loss=0.0000 (disabled)  score=0.931  return=0.749  role_std=4.1190  role_norm=17.2856  enc_delta ego=0.0016 partner=0.0019 road=0.0028
[ROMA step 3,929,014,272] sps=468,527  policy_loss=0.0001  value_loss=0.1943  mi_loss=0.0017  mi_valid=0.75  div_loss=-0.2256  kl_loss=0.0000 (disabled)  score=0.931  return=0.750  role_std=4.3347  role_norm=17.1926  enc_delta ego=0.0020 partner=0.0021 road=0.0035
[ROMA step 3,929,800,704] sps=468,055  policy_loss=-0.0018  value_loss=0.2287  mi_loss=0.0017  mi_valid=0.76  div_loss=-0.2246  kl_loss=0.0000 (disabled)  score=0.930  return=0.749  role_std=4.0276  role_norm=17.1136  enc_delta ego=0.0020 partner=0.0017 road=0.0026
[ROMA step 3,930,587,136] sps=467,583  policy_loss=-0.0034  value_loss=0.2152  mi_loss=0.0017  mi_valid=0.76  div_loss=-0.2197  kl_loss=0.0000 (disabled)  score=0.931  return=0.750  role_std=3.7001  role_norm=18.0863  enc_delta ego=0.0021 partner=0.0015 road=0.0024
[ROMA step 3,931,373,568] sps=466,111  policy_loss=-0.0011  value_loss=0.3001  mi_loss=0.0016  mi_valid=0.73  div_loss=-0.2256  kl_loss=0.0000 (disabled)  score=0.931  return=0.751  role_std=3.8709  role_norm=18.0433  enc_delta ego=0.0018 partner=0.0022 road=0.0024
[ROMA step 3,932,160,000] sps=465,616  policy_loss=-0.0036  value_loss=0.2160  mi_loss=0.0016  mi_valid=0.74  div_loss=-0.2295  kl_loss=0.0000 (disabled)  score=0.930  return=0.756  role_std=4.0859  role_norm=18.0346  enc_delta ego=0.0016 partner=0.0020 road=0.0029
[ROMA step 3,932,946,432] sps=465,130  policy_loss=-0.0014  value_loss=0.1954  mi_loss=0.0016  mi_valid=0.74  div_loss=-0.2275  kl_loss=0.0000 (disabled)  score=0.931  return=0.761  role_std=3.9767  role_norm=17.8644  enc_delta ego=0.0014 partner=0.0016 road=0.0025
[ROMA step 3,933,732,864] sps=463,698  policy_loss=-0.0009  value_loss=0.1957  mi_loss=0.0015  mi_valid=0.72  div_loss=-0.2256  kl_loss=0.0000 (disabled)  score=0.930  return=0.764  role_std=4.3287  role_norm=16.4855  enc_delta ego=0.0013 partner=0.0016 road=0.0025
[ROMA step 3,934,519,296] sps=463,233  policy_loss=0.0032  value_loss=0.3322  mi_loss=0.0015  mi_valid=0.76  div_loss=-0.2373  kl_loss=0.0000 (disabled)  score=0.930  return=0.764  role_std=4.0763  role_norm=18.2911  enc_delta ego=0.0022 partner=0.0024 road=0.0040
[ROMA step 3,935,305,728] sps=462,749  policy_loss=0.0017  value_loss=0.3353  mi_loss=0.0016  mi_valid=0.75  div_loss=-0.2393  kl_loss=0.0000 (disabled)  score=0.929  return=0.762  role_std=4.2851  role_norm=18.3123  enc_delta ego=0.0014 partner=0.0022 road=0.0039
[ROMA step 3,936,092,160] sps=462,214  policy_loss=0.0004  value_loss=0.2655  mi_loss=0.0016  mi_valid=0.75  div_loss=-0.2344  kl_loss=0.0000 (disabled)  score=0.928  return=0.760  role_std=4.1895  role_norm=18.3273  enc_delta ego=0.0019 partner=0.0022 road=0.0041
[ROMA step 3,936,878,592] sps=460,746  policy_loss=0.0009  value_loss=0.2755  mi_loss=0.0015  mi_valid=0.73  div_loss=-0.2324  kl_loss=0.0000 (disabled)  score=0.927  return=0.760  role_std=4.1431  role_norm=17.9659  enc_delta ego=0.0014 partner=0.0016 road=0.0036
[ROMA step 3,937,665,024] sps=460,304  policy_loss=0.0052  value_loss=0.2426  mi_loss=0.0015  mi_valid=0.74  div_loss=-0.2266  kl_loss=0.0000 (disabled)  score=0.927  return=0.764  role_std=4.1350  role_norm=17.8515  enc_delta ego=0.0012 partner=0.0018 road=0.0031
[ROMA step 3,938,451,456] sps=459,862  policy_loss=-0.0016  value_loss=0.1891  mi_loss=0.0014  mi_valid=0.75  div_loss=-0.2266  kl_loss=0.0000 (disabled)  score=0.927  return=0.765  role_std=4.1465  role_norm=17.8948  enc_delta ego=0.0014 partner=0.0015 road=0.0032
[ROMA step 3,939,237,888] sps=459,394  policy_loss=0.0024  value_loss=0.2157  mi_loss=0.0014  mi_valid=0.76  div_loss=-0.2344  kl_loss=0.0000 (disabled)  score=0.927  return=0.765  role_std=4.2584  role_norm=18.6574  enc_delta ego=0.0023 partner=0.0016 road=0.0027
[ROMA step 3,940,024,320] sps=457,201  policy_loss=-0.0042  value_loss=0.2308  mi_loss=0.0016  mi_valid=0.73  div_loss=-0.2256  kl_loss=0.0000 (disabled)  score=0.927  return=0.767  role_std=4.1199  role_norm=18.5109  enc_delta ego=0.0024 partner=0.0026 road=0.0044
[ROMA step 3,940,810,752] sps=456,769  policy_loss=0.0028  value_loss=0.2059  mi_loss=0.0015  mi_valid=0.75  div_loss=-0.2168  kl_loss=0.0000 (disabled)  score=0.927  return=0.766  role_std=3.9717  role_norm=18.3419  enc_delta ego=0.0021 partner=0.0022 road=0.0030
[ROMA step 3,941,597,184] sps=456,335  policy_loss=-0.0002  value_loss=0.2383  mi_loss=0.0015  mi_valid=0.74  div_loss=-0.2207  kl_loss=0.0000 (disabled)  score=0.927  return=0.766  role_std=4.2276  role_norm=18.0133  enc_delta ego=0.0015 partner=0.0019 road=0.0024
[ROMA step 3,942,383,616] sps=454,461  policy_loss=0.0005  value_loss=0.2664  mi_loss=0.0015  mi_valid=0.73  div_loss=-0.2275  kl_loss=0.0000 (disabled)  score=0.925  return=0.764  role_std=4.0706  role_norm=17.3481  enc_delta ego=0.0015 partner=0.0018 road=0.0023
[ROMA step 3,943,170,048] sps=454,021  policy_loss=-0.0017  value_loss=0.2458  mi_loss=0.0016  mi_valid=0.75  div_loss=-0.2275  kl_loss=0.0000 (disabled)  score=0.925  return=0.764  role_std=3.8722  role_norm=18.7322  enc_delta ego=0.0018 partner=0.0025 road=0.0030
[ROMA step 3,943,956,480] sps=453,601  policy_loss=0.0101  value_loss=0.2527  mi_loss=0.0016  mi_valid=0.75  div_loss=-0.2314  kl_loss=0.0000 (disabled)  score=0.926  return=0.767  role_std=3.8461  role_norm=18.6528  enc_delta ego=0.0019 partner=0.0019 road=0.0025
[ROMA step 3,944,742,912] sps=453,167  policy_loss=0.0025  value_loss=0.2211  mi_loss=0.0016  mi_valid=0.74  div_loss=-0.2324  kl_loss=0.0000 (disabled)  score=0.925  return=0.767  role_std=4.1634  role_norm=18.2352  enc_delta ego=0.0017 partner=0.0018 road=0.0025
[ROMA step 3,945,529,344] sps=451,989  policy_loss=-0.0009  value_loss=0.2159  mi_loss=0.0016  mi_valid=0.73  div_loss=-0.2363  kl_loss=0.0000 (disabled)  score=0.925  return=0.767  role_std=4.3278  role_norm=18.0581  enc_delta ego=0.0017 partner=0.0021 road=0.0032
[ROMA step 3,946,315,776] sps=451,537  policy_loss=-0.0017  value_loss=0.1916  mi_loss=0.0016  mi_valid=0.75  div_loss=-0.2314  kl_loss=0.0000 (disabled)  score=0.925  return=0.767  role_std=4.5762  role_norm=17.6853  enc_delta ego=0.0016 partner=0.0019 road=0.0031
[ROMA step 3,947,102,208] sps=451,121  policy_loss=-0.0031  value_loss=0.2495  mi_loss=0.0016  mi_valid=0.75  div_loss=-0.2432  kl_loss=0.0000 (disabled)  score=0.925  return=0.766  role_std=4.1222  role_norm=18.4319  enc_delta ego=0.0015 partner=0.0021 road=0.0028
[ROMA step 3,947,888,640] sps=449,925  policy_loss=0.0005  value_loss=0.3118  mi_loss=0.0015  mi_valid=0.74  div_loss=-0.2480  kl_loss=0.0000 (disabled)  score=0.924  return=0.764  role_std=4.4248  role_norm=18.8669  enc_delta ego=0.0014 partner=0.0021 road=0.0029
[ROMA step 3,948,675,072] sps=449,486  policy_loss=-0.0008  value_loss=0.4389  mi_loss=0.0016  mi_valid=0.75  div_loss=-0.2578  kl_loss=0.0000 (disabled)  score=0.923  return=0.756  role_std=4.6704  role_norm=18.1982  enc_delta ego=0.0016 partner=0.0022 road=0.0031
[ROMA step 3,949,461,504] sps=449,060  policy_loss=-0.0056  value_loss=0.3432  mi_loss=0.0016  mi_valid=0.75  div_loss=-0.2598  kl_loss=0.0000 (disabled)  score=0.924  return=0.756  role_std=4.5948  role_norm=18.2912  enc_delta ego=0.0018 partner=0.0020 road=0.0031
[ROMA step 3,950,247,936] sps=448,642  policy_loss=-0.0037  value_loss=0.4459  mi_loss=0.0015  mi_valid=0.75  div_loss=-0.2637  kl_loss=0.0000 (disabled)  score=0.922  return=0.747  role_std=5.3855  role_norm=17.6082  enc_delta ego=0.0019 partner=0.0023 road=0.0033
[ROMA step 3,951,034,368] sps=447,328  policy_loss=0.0025  value_loss=0.3195  mi_loss=0.0017  mi_valid=0.74  div_loss=-0.2539  kl_loss=0.0000 (disabled)  score=0.922  return=0.745  role_std=4.1905  role_norm=18.5849  enc_delta ego=0.0018 partner=0.0021 road=0.0026
[ROMA step 3,951,820,800] sps=446,900  policy_loss=-0.0019  value_loss=0.2399  mi_loss=0.0017  mi_valid=0.76  div_loss=-0.2363  kl_loss=0.0000 (disabled)  score=0.921  return=0.747  role_std=4.1172  role_norm=18.2871  enc_delta ego=0.0021 partner=0.0023 road=0.0029
[ROMA step 3,952,607,232] sps=446,462  policy_loss=0.0020  value_loss=0.2535  mi_loss=0.0017  mi_valid=0.76  div_loss=-0.2246  kl_loss=0.0000 (disabled)  score=0.921  return=0.748  role_std=4.1639  role_norm=18.3006  enc_delta ego=0.0025 partner=0.0024 road=0.0031
[ROMA step 3,953,393,664] sps=445,349  policy_loss=0.0024  value_loss=0.3416  mi_loss=0.0018  mi_valid=0.73  div_loss=-0.2295  kl_loss=0.0000 (disabled)  score=0.920  return=0.744  role_std=4.2772  role_norm=17.8237  enc_delta ego=0.0027 partner=0.0022 road=0.0029
[ROMA step 3,954,180,096] sps=444,941  policy_loss=-0.0003  value_loss=0.2227  mi_loss=0.0015  mi_valid=0.74  div_loss=-0.2383  kl_loss=0.0000 (disabled)  score=0.920  return=0.747  role_std=4.2855  role_norm=17.4954  enc_delta ego=0.0018 partner=0.0022 road=0.0030
[ROMA step 3,954,966,528] sps=444,527  policy_loss=-0.0020  value_loss=0.2378  mi_loss=0.0015  mi_valid=0.74  div_loss=-0.2393  kl_loss=0.0000 (disabled)  score=0.920  return=0.749  role_std=4.4194  role_norm=17.4575  enc_delta ego=0.0014 partner=0.0021 road=0.0035
[ROMA step 3,955,752,960] sps=444,095  policy_loss=-0.0091  value_loss=0.2283  mi_loss=0.0015  mi_valid=0.75  div_loss=-0.2480  kl_loss=0.0000 (disabled)  score=0.921  return=0.751  role_std=4.2975  role_norm=18.4982  enc_delta ego=0.0018 partner=0.0022 road=0.0033
[ROMA step 3,956,539,392] sps=443,007  policy_loss=0.0000  value_loss=0.3230  mi_loss=0.0015  mi_valid=0.73  div_loss=-0.2578  kl_loss=0.0000 (disabled)  score=0.920  return=0.749  role_std=4.4212  role_norm=18.5346  enc_delta ego=0.0015 partner=0.0021 road=0.0027
[ROMA step 3,957,325,824] sps=442,590  policy_loss=0.0056  value_loss=0.2179  mi_loss=0.0015  mi_valid=0.74  div_loss=-0.2432  kl_loss=0.0000 (disabled)  score=0.920  return=0.747  role_std=4.3426  role_norm=18.3719  enc_delta ego=0.0015 partner=0.0023 road=0.0037
[ROMA step 3,958,112,256] sps=442,189  policy_loss=0.0011  value_loss=0.2618  mi_loss=0.0015  mi_valid=0.74  div_loss=-0.2363  kl_loss=0.0000 (disabled)  score=0.920  return=0.747  role_std=4.5197  role_norm=18.4130  enc_delta ego=0.0016 partner=0.0020 road=0.0032
[ROMA step 3,958,898,688] sps=441,045  policy_loss=-0.0029  value_loss=0.2347  mi_loss=0.0015  mi_valid=0.72  div_loss=-0.2363  kl_loss=0.0000 (disabled)  score=0.920  return=0.744  role_std=4.1517  role_norm=16.4972  enc_delta ego=0.0013 partner=0.0019 road=0.0026
[ROMA step 3,959,685,120] sps=440,603  policy_loss=-0.0017  value_loss=0.2343  mi_loss=0.0015  mi_valid=0.76  div_loss=-0.2227  kl_loss=0.0000 (disabled)  score=0.920  return=0.745  role_std=4.0859  role_norm=18.4395  enc_delta ego=0.0020 partner=0.0024 road=0.0035
[ROMA step 3,960,471,552] sps=440,175  policy_loss=-0.0076  value_loss=0.3295  mi_loss=0.0014  mi_valid=0.75  div_loss=-0.2324  kl_loss=0.0000 (disabled)  score=0.921  return=0.746  role_std=4.2259  role_norm=18.4506  enc_delta ego=0.0022 partner=0.0026 road=0.0037
[ROMA step 3,961,257,984] sps=439,762  policy_loss=-0.0080  value_loss=0.2785  mi_loss=0.0015  mi_valid=0.75  div_loss=-0.2344  kl_loss=0.0000 (disabled)  score=0.922  return=0.747  role_std=3.9986  role_norm=18.2586  enc_delta ego=0.0020 partner=0.0026 road=0.0028
[ROMA step 3,962,044,416] sps=438,678  policy_loss=-0.0033  value_loss=0.3624  mi_loss=0.0016  mi_valid=0.73  div_loss=-0.2412  kl_loss=0.0000 (disabled)  score=0.922  return=0.747  role_std=4.6274  role_norm=17.9647  enc_delta ego=0.0017 partner=0.0021 road=0.0037
[ROMA step 3,962,830,848] sps=438,289  policy_loss=0.0016  value_loss=0.3534  mi_loss=0.0016  mi_valid=0.75  div_loss=-0.2393  kl_loss=0.0000 (disabled)  score=0.922  return=0.745  role_std=4.4882  role_norm=17.7859  enc_delta ego=0.0015 partner=0.0016 road=0.0027
[ROMA step 3,963,617,280] sps=437,889  policy_loss=0.0005  value_loss=0.3823  mi_loss=0.0016  mi_valid=0.75  div_loss=-0.2432  kl_loss=0.0000 (disabled)  score=0.922  return=0.737  role_std=4.5715  role_norm=17.6281  enc_delta ego=0.0020 partner=0.0021 road=0.0027
[ROMA step 3,964,403,712] sps=437,489  policy_loss=-0.0058  value_loss=0.3530  mi_loss=0.0016  mi_valid=0.76  div_loss=-0.2383  kl_loss=0.0000 (disabled)  score=0.922  return=0.735  role_std=4.0539  role_norm=18.6323  enc_delta ego=0.0015 partner=0.0023 road=0.0040
[ROMA step 3,965,190,144] sps=436,468  policy_loss=-0.0008  value_loss=0.3737  mi_loss=0.0016  mi_valid=0.73  div_loss=-0.2402  kl_loss=0.0000 (disabled)  score=0.922  return=0.732  role_std=3.9799  role_norm=18.9410  enc_delta ego=0.0016 partner=0.0026 road=0.0036
[ROMA step 3,965,976,576] sps=436,046  policy_loss=0.0004  value_loss=0.1747  mi_loss=0.0016  mi_valid=0.75  div_loss=-0.2227  kl_loss=0.0000 (disabled)  score=0.922  return=0.733  role_std=4.2290  role_norm=18.3702  enc_delta ego=0.0019 partner=0.0023 road=0.0029
[ROMA step 3,966,763,008] sps=435,655  policy_loss=-0.0008  value_loss=0.2327  mi_loss=0.0015  mi_valid=0.75  div_loss=-0.2275  kl_loss=0.0000 (disabled)  score=0.921  return=0.732  role_std=4.0677  role_norm=18.1906  enc_delta ego=0.0022 partner=0.0021 road=0.0031
[ROMA step 3,967,549,440] sps=434,676  policy_loss=-0.0013  value_loss=0.2869  mi_loss=0.0015  mi_valid=0.73  div_loss=-0.2246  kl_loss=0.0000 (disabled)  score=0.921  return=0.732  role_std=4.1344  role_norm=16.9304  enc_delta ego=0.0016 partner=0.0018 road=0.0025
[ROMA step 3,968,335,872] sps=434,292  policy_loss=0.0014  value_loss=0.1569  mi_loss=0.0014  mi_valid=0.76  div_loss=-0.2139  kl_loss=0.0000 (disabled)  score=0.921  return=0.731  role_std=3.5992  role_norm=18.9478  enc_delta ego=0.0013 partner=0.0018 road=0.0027
[ROMA step 3,969,122,304] sps=433,891  policy_loss=0.0016  value_loss=0.1764  mi_loss=0.0015  mi_valid=0.74  div_loss=-0.2207  kl_loss=0.0000 (disabled)  score=0.921  return=0.732  role_std=3.8110  role_norm=18.7579  enc_delta ego=0.0014 partner=0.0021 road=0.0033
[ROMA step 3,969,908,736] sps=433,507  policy_loss=-0.0007  value_loss=0.2208  mi_loss=0.0015  mi_valid=0.74  div_loss=-0.2246  kl_loss=0.0000 (disabled)  score=0.920  return=0.732  role_std=4.0535  role_norm=18.5837  enc_delta ego=0.0014 partner=0.0015 road=0.0025
[ROMA step 3,970,695,168] sps=432,497  policy_loss=0.0030  value_loss=0.1934  mi_loss=0.0014  mi_valid=0.73  div_loss=-0.2246  kl_loss=0.0000 (disabled)  score=0.920  return=0.733  role_std=4.0870  role_norm=18.1077  enc_delta ego=0.0014 partner=0.0017 road=0.0036
[ROMA step 3,971,481,600] sps=432,106  policy_loss=-0.0057  value_loss=0.1905  mi_loss=0.0014  mi_valid=0.74  div_loss=-0.2285  kl_loss=0.0000 (disabled)  score=0.921  return=0.735  role_std=4.4322  role_norm=17.9394  enc_delta ego=0.0011 partner=0.0019 road=0.0030
[ROMA step 3,972,268,032] sps=431,715  policy_loss=-0.0032  value_loss=0.1823  mi_loss=0.0014  mi_valid=0.75  div_loss=-0.2334  kl_loss=0.0000 (disabled)  score=0.921  return=0.737  role_std=4.2537  role_norm=18.7888  enc_delta ego=0.0016 partner=0.0017 road=0.0031
[ROMA step 3,973,054,464] sps=430,563  policy_loss=-0.0021  value_loss=0.2314  mi_loss=0.0014  mi_valid=0.74  div_loss=-0.2314  kl_loss=0.0000 (disabled)  score=0.921  return=0.740  role_std=4.0775  role_norm=19.2552  enc_delta ego=0.0017 partner=0.0018 road=0.0032
[ROMA step 3,973,840,896] sps=430,169  policy_loss=-0.0014  value_loss=0.2084  mi_loss=0.0015  mi_valid=0.74  div_loss=-0.2295  kl_loss=0.0000 (disabled)  score=0.921  return=0.746  role_std=4.0865  role_norm=18.7798  enc_delta ego=0.0019 partner=0.0019 road=0.0028
[ROMA step 3,974,627,328] sps=429,760  policy_loss=-0.0039  value_loss=0.1704  mi_loss=0.0014  mi_valid=0.74  div_loss=-0.2227  kl_loss=0.0000 (disabled)  score=0.922  return=0.754  role_std=4.2406  role_norm=18.5205  enc_delta ego=0.0016 partner=0.0020 road=0.0030
[ROMA step 3,975,413,760] sps=429,349  policy_loss=-0.0017  value_loss=0.1417  mi_loss=0.0014  mi_valid=0.74  div_loss=-0.2217  kl_loss=0.0000 (disabled)  score=0.922  return=0.759  role_std=4.1989  role_norm=18.0207  enc_delta ego=0.0016 partner=0.0017 road=0.0023
[ROMA step 3,976,200,192] sps=427,906  policy_loss=0.0001  value_loss=0.3419  mi_loss=0.0015  mi_valid=0.73  div_loss=-0.2344  kl_loss=0.0000 (disabled)  score=0.923  return=0.760  role_std=4.0710  role_norm=19.1045  enc_delta ego=0.0016 partner=0.0018 road=0.0034
[ROMA step 3,976,986,624] sps=427,512  policy_loss=0.0042  value_loss=0.2778  mi_loss=0.0015  mi_valid=0.75  div_loss=-0.2295  kl_loss=0.0000 (disabled)  score=0.924  return=0.762  role_std=4.2028  role_norm=18.9070  enc_delta ego=0.0017 partner=0.0023 road=0.0035
[ROMA step 3,977,773,056] sps=427,126  policy_loss=0.0039  value_loss=0.2458  mi_loss=0.0015  mi_valid=0.74  div_loss=-0.2217  kl_loss=0.0000 (disabled)  score=0.925  return=0.765  role_std=3.9132  role_norm=18.8430  enc_delta ego=0.0015 partner=0.0019 road=0.0035
[ROMA step 3,978,559,488] sps=425,570  policy_loss=-0.0032  value_loss=0.2611  mi_loss=0.0016  mi_valid=0.72  div_loss=-0.2246  kl_loss=0.0000 (disabled)  score=0.925  return=0.764  role_std=4.1175  role_norm=18.3255  enc_delta ego=0.0016 partner=0.0020 road=0.0030
[ROMA step 3,979,345,920] sps=425,198  policy_loss=0.0043  value_loss=0.2882  mi_loss=0.0015  mi_valid=0.74  div_loss=-0.2295  kl_loss=0.0000 (disabled)  score=0.925  return=0.764  role_std=4.1140  role_norm=18.0419  enc_delta ego=0.0019 partner=0.0024 road=0.0034
[ROMA step 3,980,132,352] sps=424,816  policy_loss=-0.0026  value_loss=0.1747  mi_loss=0.0014  mi_valid=0.75  div_loss=-0.2246  kl_loss=0.0000 (disabled)  score=0.925  return=0.765  role_std=4.3582  role_norm=17.4990  enc_delta ego=0.0020 partner=0.0019 road=0.0029
[ROMA step 3,980,918,784] sps=424,437  policy_loss=0.0041  value_loss=0.3188  mi_loss=0.0015  mi_valid=0.76  div_loss=-0.2480  kl_loss=0.0000 (disabled)  score=0.925  return=0.765  role_std=4.1511  role_norm=18.9382  enc_delta ego=0.0014 partner=0.0019 road=0.0027
[ROMA step 3,981,705,216] sps=422,766  policy_loss=-0.0021  value_loss=0.2246  mi_loss=0.0015  mi_valid=0.74  div_loss=-0.2393  kl_loss=0.0000 (disabled)  score=0.925  return=0.766  role_std=4.3849  role_norm=18.6093  enc_delta ego=0.0014 partner=0.0018 road=0.0027
[ROMA step 3,982,491,648] sps=422,396  policy_loss=0.0036  value_loss=0.2712  mi_loss=0.0015  mi_valid=0.75  div_loss=-0.2324  kl_loss=0.0000 (disabled)  score=0.925  return=0.768  role_std=4.3856  role_norm=18.1780  enc_delta ego=0.0018 partner=0.0026 road=0.0035
[ROMA step 3,983,278,080] sps=422,029  policy_loss=0.0058  value_loss=0.3364  mi_loss=0.0015  mi_valid=0.75  div_loss=-0.2314  kl_loss=0.0000 (disabled)  score=0.925  return=0.769  role_std=4.4191  role_norm=18.3206  enc_delta ego=0.0022 partner=0.0022 road=0.0033
[ROMA step 3,984,064,512] sps=419,808  policy_loss=0.0062  value_loss=0.2126  mi_loss=0.0015  mi_valid=0.72  div_loss=-0.2266  kl_loss=0.0000 (disabled)  score=0.925  return=0.770  role_std=4.5003  role_norm=17.4034  enc_delta ego=0.0017 partner=0.0020 road=0.0028
[ROMA step 3,984,850,944] sps=419,458  policy_loss=-0.0012  value_loss=0.1975  mi_loss=0.0015  mi_valid=0.75  div_loss=-0.2285  kl_loss=0.0000 (disabled)  score=0.925  return=0.773  role_std=4.2304  role_norm=19.0475  enc_delta ego=0.0010 partner=0.0015 road=0.0021
[ROMA step 3,985,637,376] sps=419,102  policy_loss=0.0018  value_loss=0.1843  mi_loss=0.0016  mi_valid=0.74  div_loss=-0.2217  kl_loss=0.0000 (disabled)  score=0.924  return=0.774  role_std=4.0672  role_norm=19.1706  enc_delta ego=0.0019 partner=0.0018 road=0.0028
[ROMA step 3,986,423,808] sps=418,747  policy_loss=-0.0040  value_loss=0.2724  mi_loss=0.0016  mi_valid=0.73  div_loss=-0.2256  kl_loss=0.0000 (disabled)  score=0.925  return=0.778  role_std=4.0319  role_norm=19.1457  enc_delta ego=0.0016 partner=0.0015 road=0.0023
[ROMA step 3,987,210,240] sps=417,311  policy_loss=0.0050  value_loss=0.2414  mi_loss=0.0016  mi_valid=0.72  div_loss=-0.2266  kl_loss=0.0000 (disabled)  score=0.925  return=0.781  role_std=4.2499  role_norm=18.7439  enc_delta ego=0.0016 partner=0.0016 road=0.0024
[ROMA step 3,987,996,672] sps=416,949  policy_loss=0.0054  value_loss=0.2878  mi_loss=0.0015  mi_valid=0.74  div_loss=-0.2314  kl_loss=0.0000 (disabled)  score=0.925  return=0.787  role_std=4.5436  role_norm=18.5148  enc_delta ego=0.0015 partner=0.0018 road=0.0032
[ROMA step 3,988,783,104] sps=416,571  policy_loss=-0.0018  value_loss=0.3315  mi_loss=0.0015  mi_valid=0.74  div_loss=-0.2451  kl_loss=0.0000 (disabled)  score=0.926  return=0.790  role_std=4.5197  role_norm=17.9950  enc_delta ego=0.0016 partner=0.0022 road=0.0030
[ROMA step 3,989,569,536] sps=416,215  policy_loss=-0.0092  value_loss=0.2252  mi_loss=0.0015  mi_valid=0.75  div_loss=-0.2334  kl_loss=0.0000 (disabled)  score=0.926  return=0.792  role_std=4.1438  role_norm=19.2060  enc_delta ego=0.0014 partner=0.0018 road=0.0026
[ROMA step 3,990,355,968] sps=414,341  policy_loss=0.0038  value_loss=0.2400  mi_loss=0.0015  mi_valid=0.73  div_loss=-0.2266  kl_loss=0.0000 (disabled)  score=0.926  return=0.793  role_std=4.2250  role_norm=18.9585  enc_delta ego=0.0018 partner=0.0020 road=0.0027
[ROMA step 3,991,142,400] sps=413,995  policy_loss=0.0000  value_loss=0.1701  mi_loss=0.0015  mi_valid=0.75  div_loss=-0.2207  kl_loss=0.0000 (disabled)  score=0.927  return=0.794  role_std=4.1002  role_norm=19.0670  enc_delta ego=0.0016 partner=0.0016 road=0.0027
[ROMA step 3,991,928,832] sps=413,647  policy_loss=-0.0092  value_loss=0.1537  mi_loss=0.0016  mi_valid=0.75  div_loss=-0.2109  kl_loss=0.0000 (disabled)  score=0.927  return=0.795  role_std=4.2047  role_norm=18.8499  enc_delta ego=0.0019 partner=0.0015 road=0.0024
[ROMA step 3,992,715,264] sps=412,146  policy_loss=0.0018  value_loss=0.2185  mi_loss=0.0015  mi_valid=0.73  div_loss=-0.2168  kl_loss=0.0000 (disabled)  score=0.927  return=0.797  role_std=4.0481  role_norm=17.8331  enc_delta ego=0.0018 partner=0.0019 road=0.0035
[ROMA step 3,993,501,696] sps=411,794  policy_loss=-0.0016  value_loss=0.2631  mi_loss=0.0014  mi_valid=0.75  div_loss=-0.2188  kl_loss=0.0000 (disabled)  score=0.927  return=0.794  role_std=3.9119  role_norm=19.5951  enc_delta ego=0.0012 partner=0.0017 road=0.0028
[ROMA step 3,994,288,128] sps=411,436  policy_loss=0.0017  value_loss=0.3607  mi_loss=0.0014  mi_valid=0.74  div_loss=-0.2256  kl_loss=0.0000 (disabled)  score=0.927  return=0.792  role_std=4.0597  role_norm=19.7051  enc_delta ego=0.0014 partner=0.0021 road=0.0035
[ROMA step 3,995,074,560] sps=411,091  policy_loss=0.0060  value_loss=0.2518  mi_loss=0.0014  mi_valid=0.74  div_loss=-0.2188  kl_loss=0.0000 (disabled)  score=0.928  return=0.792  role_std=4.2757  role_norm=19.5982  enc_delta ego=0.0018 partner=0.0020 road=0.0035
[ROMA step 3,995,860,992] sps=409,107  policy_loss=-0.0015  value_loss=0.1708  mi_loss=0.0015  mi_valid=0.73  div_loss=-0.2227  kl_loss=0.0000 (disabled)  score=0.928  return=0.793  role_std=4.1946  role_norm=19.1853  enc_delta ego=0.0012 partner=0.0017 road=0.0026
[ROMA step 3,996,647,424] sps=408,761  policy_loss=-0.0035  value_loss=0.1437  mi_loss=0.0015  mi_valid=0.74  div_loss=-0.2227  kl_loss=0.0000 (disabled)  score=0.928  return=0.792  role_std=4.3753  role_norm=18.7016  enc_delta ego=0.0015 partner=0.0019 road=0.0028
[ROMA step 3,997,433,856] sps=408,414  policy_loss=-0.0027  value_loss=0.1862  mi_loss=0.0014  mi_valid=0.74  div_loss=-0.2285  kl_loss=0.0000 (disabled)  score=0.929  return=0.793  role_std=4.3414  role_norm=18.5968  enc_delta ego=0.0016 partner=0.0015 road=0.0026
[ROMA step 3,998,220,288] sps=406,946  policy_loss=0.0004  value_loss=0.2082  mi_loss=0.0015  mi_valid=0.73  div_loss=-0.2354  kl_loss=0.0000 (disabled)  score=0.929  return=0.795  role_std=4.4505  role_norm=19.6299  enc_delta ego=0.0015 partner=0.0019 road=0.0029
[ROMA step 3,999,006,720] sps=406,575  policy_loss=-0.0008  value_loss=0.3865  mi_loss=0.0018  mi_valid=0.74  div_loss=-0.2559  kl_loss=0.0000 (disabled)  score=0.929  return=0.788  role_std=4.7164  role_norm=19.3351  enc_delta ego=0.0021 partner=0.0029 road=0.0033
[ROMA step 3,999,793,152] sps=406,240  policy_loss=0.0024  value_loss=0.3552  mi_loss=0.0018  mi_valid=0.74  div_loss=-0.2520  kl_loss=0.0000 (disabled)  score=0.929  return=0.785  role_std=4.8467  role_norm=19.4527  enc_delta ego=0.0021 partner=0.0023 road=0.0031
[ROMA step 4,000,579,584] sps=405,913  policy_loss=-0.0014  value_loss=0.3622  mi_loss=0.0018  mi_valid=0.74  div_loss=-0.2451  kl_loss=0.0000 (disabled)  score=0.929  return=0.778  role_std=5.1501  role_norm=19.3282  enc_delta ego=0.0018 partner=0.0022 road=0.0032
[ROMA] Saved -> /scratch/e452103/checkpoints/roma_mifutagent_dim1_H8_r16p64_ft_collstop_nodiv/roma_dim1_step4000579584.pt
[ROMA] Periodic WOSAC eval at step 4,000,579,584 ...

WOSAC realism metrics (32 rollouts, up to 10 batches, step 4,000,579,584)...
  Batch 10/10 | scenarios: 1201 | realism: 0.6907

  Scenarios evaluated       : 1201
  Realism meta-score        : 0.6907
  Kinematic metrics         : 0.2787
  Interactive metrics       : 0.6809
  Map-based metrics         : 0.7698
  minADE (m)                : 4.4457
  likelihood_offroad        : 0.9072
  likelihood_dist_road_edge : 0.6290
  likelihood_collision      : 0.9397
  likelihood_dist_obj       : 0.3054
  likelihood_ttc            : 0.7975
  likelihood_linear_speed   : 0.2471
  likelihood_linear_accel   : 0.3328
  likelihood_angular_speed  : 0.2500
  likelihood_angular_accel  : 0.2864
[ROMA step 4,001,366,016] sps=380,005  policy_loss=-0.0059  value_loss=0.6066  mi_loss=0.0017  mi_valid=0.73  div_loss=-0.2520  kl_loss=0.0000 (disabled)  score=0.929  return=0.771  role_std=4.7628  role_norm=18.7371  enc_delta ego=0.0021 partner=0.0017 road=0.0025
[ROMA step 4,002,152,448] sps=379,723  policy_loss=0.0012  value_loss=0.3083  mi_loss=0.0017  mi_valid=0.75  div_loss=-0.2393  kl_loss=0.0000 (disabled)  score=0.928  return=0.769  role_std=4.5208  role_norm=19.9731  enc_delta ego=0.0036 partner=0.0023 road=0.0033
[ROMA step 4,002,938,880] sps=379,414  policy_loss=0.0048  value_loss=0.4168  mi_loss=0.0018  mi_valid=0.75  div_loss=-0.2373  kl_loss=0.0000 (disabled)  score=0.927  return=0.765  role_std=4.5952  role_norm=19.8835  enc_delta ego=0.0021 partner=0.0021 road=0.0031
[ROMA step 4,003,725,312] sps=378,736  policy_loss=0.0014  value_loss=0.4245  mi_loss=0.0018  mi_valid=0.73  div_loss=-0.2432  kl_loss=0.0000 (disabled)  score=0.927  return=0.764  role_std=4.7643  role_norm=19.3015  enc_delta ego=0.0020 partner=0.0020 road=0.0032
[ROMA step 4,004,511,744] sps=378,449  policy_loss=0.0066  value_loss=0.1683  mi_loss=0.0014  mi_valid=0.74  div_loss=-0.2168  kl_loss=0.0000 (disabled)  score=0.926  return=0.763  role_std=4.3117  role_norm=19.1119  enc_delta ego=0.0019 partner=0.0018 road=0.0035
[ROMA step 4,005,298,176] sps=378,174  policy_loss=0.0015  value_loss=0.1173  mi_loss=0.0014  mi_valid=0.74  div_loss=-0.2100  kl_loss=0.0000 (disabled)  score=0.927  return=0.767  role_std=4.2773  role_norm=18.8182  enc_delta ego=0.0011 partner=0.0016 road=0.0026
[ROMA step 4,006,084,608] sps=377,890  policy_loss=-0.0015  value_loss=0.1396  mi_loss=0.0014  mi_valid=0.75  div_loss=-0.2139  kl_loss=0.0000 (disabled)  score=0.927  return=0.768  role_std=4.1005  role_norm=19.4245  enc_delta ego=0.0012 partner=0.0017 road=0.0026
[ROMA step 4,006,871,040] sps=377,100  policy_loss=-0.0024  value_loss=0.2797  mi_loss=0.0013  mi_valid=0.73  div_loss=-0.2266  kl_loss=0.0000 (disabled)  score=0.927  return=0.769  role_std=4.0669  role_norm=19.4126  enc_delta ego=0.0017 partner=0.0016 road=0.0025
[ROMA step 4,007,657,472] sps=376,817  policy_loss=-0.0024  value_loss=0.2748  mi_loss=0.0013  mi_valid=0.75  div_loss=-0.2354  kl_loss=0.0000 (disabled)  score=0.928  return=0.769  role_std=4.2919  role_norm=19.1798  enc_delta ego=0.0016 partner=0.0023 road=0.0035
[ROMA step 4,008,443,904] sps=376,485  policy_loss=-0.0021  value_loss=0.2255  mi_loss=0.0013  mi_valid=0.75  div_loss=-0.2363  kl_loss=0.0000 (disabled)  score=0.928  return=0.768  role_std=4.6548  role_norm=18.4790  enc_delta ego=0.0013 partner=0.0020 road=0.0027
[ROMA step 4,009,230,336] sps=375,804  policy_loss=-0.0030  value_loss=0.2368  mi_loss=0.0014  mi_valid=0.73  div_loss=-0.2363  kl_loss=0.0000 (disabled)  score=0.929  return=0.770  role_std=4.3096  role_norm=17.3686  enc_delta ego=0.0012 partner=0.0019 road=0.0029
[ROMA step 4,010,016,768] sps=375,517  policy_loss=0.0042  value_loss=0.2779  mi_loss=0.0014  mi_valid=0.77  div_loss=-0.2285  kl_loss=0.0000 (disabled)  score=0.929  return=0.769  role_std=4.1130  role_norm=19.2306  enc_delta ego=0.0017 partner=0.0019 road=0.0029
[ROMA step 4,010,803,200] sps=375,243  policy_loss=0.0008  value_loss=0.2586  mi_loss=0.0014  mi_valid=0.76  div_loss=-0.2363  kl_loss=0.0000 (disabled)  score=0.929  return=0.767  role_std=4.1227  role_norm=19.4299  enc_delta ego=0.0013 partner=0.0025 road=0.0030
[ROMA step 4,011,589,632] sps=374,965  policy_loss=-0.0023  value_loss=0.2518  mi_loss=0.0014  mi_valid=0.75  div_loss=-0.2334  kl_loss=0.0000 (disabled)  score=0.929  return=0.766  role_std=4.4164  role_norm=19.0756  enc_delta ego=0.0017 partner=0.0019 road=0.0030
[ROMA step 4,012,376,064] sps=374,262  policy_loss=0.0015  value_loss=0.2476  mi_loss=0.0015  mi_valid=0.73  div_loss=-0.2383  kl_loss=0.0000 (disabled)  score=0.928  return=0.765  role_std=4.5897  role_norm=18.9109  enc_delta ego=0.0021 partner=0.0020 road=0.0028
[ROMA step 4,013,162,496] sps=373,987  policy_loss=0.0013  value_loss=0.2577  mi_loss=0.0014  mi_valid=0.75  div_loss=-0.2305  kl_loss=0.0000 (disabled)  score=0.929  return=0.766  role_std=4.4397  role_norm=18.8130  enc_delta ego=0.0016 partner=0.0018 road=0.0033
[ROMA step 4,013,948,928] sps=373,695  policy_loss=0.0006  value_loss=0.3133  mi_loss=0.0014  mi_valid=0.74  div_loss=-0.2275  kl_loss=0.0000 (disabled)  score=0.929  return=0.767  role_std=4.4294  role_norm=18.7448  enc_delta ego=0.0012 partner=0.0019 road=0.0026
[ROMA step 4,014,735,360] sps=373,406  policy_loss=-0.0044  value_loss=0.2414  mi_loss=0.0015  mi_valid=0.75  div_loss=-0.2178  kl_loss=0.0000 (disabled)  score=0.929  return=0.766  role_std=4.2557  role_norm=19.6431  enc_delta ego=0.0015 partner=0.0020 road=0.0030
[ROMA step 4,015,521,792] sps=372,720  policy_loss=-0.0009  value_loss=0.3038  mi_loss=0.0016  mi_valid=0.73  div_loss=-0.2100  kl_loss=0.0000 (disabled)  score=0.929  return=0.767  role_std=4.0901  role_norm=20.0474  enc_delta ego=0.0016 partner=0.0023 road=0.0034
[ROMA step 4,016,308,224] sps=372,436  policy_loss=-0.0023  value_loss=0.2844  mi_loss=0.0015  mi_valid=0.74  div_loss=-0.2100  kl_loss=0.0000 (disabled)  score=0.930  return=0.766  role_std=3.8723  role_norm=19.6397  enc_delta ego=0.0014 partner=0.0021 road=0.0027
[ROMA step 4,017,094,656] sps=372,168  policy_loss=-0.0012  value_loss=0.2329  mi_loss=0.0016  mi_valid=0.74  div_loss=-0.2158  kl_loss=0.0000 (disabled)  score=0.930  return=0.765  role_std=4.4601  role_norm=19.2301  enc_delta ego=0.0017 partner=0.0022 road=0.0028
[ROMA step 4,017,881,088] sps=371,504  policy_loss=-0.0003  value_loss=0.2111  mi_loss=0.0016  mi_valid=0.72  div_loss=-0.2119  kl_loss=0.0000 (disabled)  score=0.930  return=0.763  role_std=4.4572  role_norm=18.6348  enc_delta ego=0.0013 partner=0.0015 road=0.0026
[ROMA step 4,018,667,520] sps=371,239  policy_loss=-0.0003  value_loss=0.1898  mi_loss=0.0013  mi_valid=0.74  div_loss=-0.2139  kl_loss=0.0000 (disabled)  score=0.930  return=0.766  role_std=3.8448  role_norm=20.3287  enc_delta ego=0.0018 partner=0.0022 road=0.0032
[ROMA step 4,019,453,952] sps=370,972  policy_loss=0.0007  value_loss=0.1332  mi_loss=0.0013  mi_valid=0.73  div_loss=-0.2129  kl_loss=0.0000 (disabled)  score=0.930  return=0.768  role_std=4.0059  role_norm=20.2310  enc_delta ego=0.0015 partner=0.0020 road=0.0036
[ROMA step 4,020,240,384] sps=370,665  policy_loss=0.0020  value_loss=0.1321  mi_loss=0.0013  mi_valid=0.73  div_loss=-0.2129  kl_loss=0.0000 (disabled)  score=0.930  return=0.769  role_std=4.0258  role_norm=20.3175  enc_delta ego=0.0015 partner=0.0019 road=0.0029
[ROMA step 4,021,026,816] sps=369,564  policy_loss=-0.0057  value_loss=0.3554  mi_loss=0.0013  mi_valid=0.72  div_loss=-0.2324  kl_loss=0.0000 (disabled)  score=0.931  return=0.768  role_std=4.4612  role_norm=19.6828  enc_delta ego=0.0015 partner=0.0019 road=0.0027
[ROMA step 4,021,813,248] sps=369,287  policy_loss=-0.0043  value_loss=0.2476  mi_loss=0.0013  mi_valid=0.74  div_loss=-0.2266  kl_loss=0.0000 (disabled)  score=0.930  return=0.766  role_std=4.5527  role_norm=19.4107  enc_delta ego=0.0018 partner=0.0020 road=0.0026
[ROMA step 4,022,599,680] sps=368,985  policy_loss=-0.0067  value_loss=0.1894  mi_loss=0.0013  mi_valid=0.74  div_loss=-0.2246  kl_loss=0.0000 (disabled)  score=0.930  return=0.769  role_std=4.6536  role_norm=19.2543  enc_delta ego=0.0015 partner=0.0021 road=0.0027
[ROMA step 4,023,386,112] sps=368,156  policy_loss=0.0017  value_loss=0.1942  mi_loss=0.0013  mi_valid=0.74  div_loss=-0.2246  kl_loss=0.0000 (disabled)  score=0.929  return=0.771  role_std=4.0988  role_norm=20.2960  enc_delta ego=0.0013 partner=0.0018 road=0.0026
[ROMA step 4,024,172,544] sps=367,890  policy_loss=-0.0079  value_loss=0.2672  mi_loss=0.0014  mi_valid=0.74  div_loss=-0.2305  kl_loss=0.0000 (disabled)  score=0.929  return=0.776  role_std=4.3936  role_norm=19.7587  enc_delta ego=0.0015 partner=0.0017 road=0.0025
[ROMA step 4,024,958,976] sps=367,628  policy_loss=-0.0054  value_loss=0.1485  mi_loss=0.0014  mi_valid=0.74  div_loss=-0.2217  kl_loss=0.0000 (disabled)  score=0.929  return=0.781  role_std=4.5707  role_norm=19.6874  enc_delta ego=0.0017 partner=0.0015 road=0.0028
[ROMA step 4,025,745,408] sps=367,357  policy_loss=0.0011  value_loss=0.2058  mi_loss=0.0014  mi_valid=0.74  div_loss=-0.2275  kl_loss=0.0000 (disabled)  score=0.929  return=0.783  role_std=4.4139  role_norm=19.2460  enc_delta ego=0.0020 partner=0.0015 road=0.0026
[ROMA step 4,026,531,840] sps=366,564  policy_loss=-0.0000  value_loss=0.2176  mi_loss=0.0014  mi_valid=0.73  div_loss=-0.2305  kl_loss=0.0000 (disabled)  score=0.928  return=0.783  role_std=4.4679  role_norm=18.5889  enc_delta ego=0.0016 partner=0.0019 road=0.0030
[ROMA step 4,027,318,272] sps=366,298  policy_loss=0.0002  value_loss=0.2330  mi_loss=0.0015  mi_valid=0.76  div_loss=-0.2305  kl_loss=0.0000 (disabled)  score=0.929  return=0.786  role_std=4.2050  role_norm=20.0141  enc_delta ego=0.0028 partner=0.0018 road=0.0028
[ROMA step 4,028,104,704] sps=366,005  policy_loss=0.0040  value_loss=0.2470  mi_loss=0.0015  mi_valid=0.75  div_loss=-0.2256  kl_loss=0.0000 (disabled)  score=0.929  return=0.783  role_std=4.2682  role_norm=19.6122  enc_delta ego=0.0018 partner=0.0020 road=0.0029
[ROMA step 4,028,891,136] sps=365,252  policy_loss=-0.0049  value_loss=0.1802  mi_loss=0.0016  mi_valid=0.73  div_loss=-0.2256  kl_loss=0.0000 (disabled)  score=0.928  return=0.781  role_std=4.1676  role_norm=19.8389  enc_delta ego=0.0017 partner=0.0018 road=0.0028
[ROMA step 4,029,677,568] sps=364,981  policy_loss=0.0056  value_loss=0.1232  mi_loss=0.0013  mi_valid=0.73  div_loss=-0.2061  kl_loss=0.0000 (disabled)  score=0.929  return=0.783  role_std=4.2589  role_norm=19.7413  enc_delta ego=0.0017 partner=0.0015 road=0.0031
[ROMA step 4,030,464,000] sps=364,693  policy_loss=0.0037  value_loss=0.1479  mi_loss=0.0014  mi_valid=0.73  div_loss=-0.2080  kl_loss=0.0000 (disabled)  score=0.929  return=0.784  role_std=4.4681  role_norm=19.5137  enc_delta ego=0.0017 partner=0.0016 road=0.0032
[ROMA step 4,031,250,432] sps=364,400  policy_loss=0.0042  value_loss=0.1399  mi_loss=0.0013  mi_valid=0.74  div_loss=-0.2061  kl_loss=0.0000 (disabled)  score=0.930  return=0.788  role_std=4.1624  role_norm=20.1276  enc_delta ego=0.0017 partner=0.0015 road=0.0027
[ROMA step 4,032,036,864] sps=363,449  policy_loss=-0.0034  value_loss=0.2355  mi_loss=0.0014  mi_valid=0.73  div_loss=-0.2119  kl_loss=0.0000 (disabled)  score=0.930  return=0.788  role_std=4.1352  role_norm=20.3132  enc_delta ego=0.0014 partner=0.0018 road=0.0029
[ROMA step 4,032,823,296] sps=363,189  policy_loss=-0.0001  value_loss=0.2499  mi_loss=0.0014  mi_valid=0.73  div_loss=-0.2197  kl_loss=0.0000 (disabled)  score=0.931  return=0.790  role_std=4.1390  role_norm=20.0729  enc_delta ego=0.0012 partner=0.0022 road=0.0034
[ROMA step 4,033,609,728] sps=362,931  policy_loss=-0.0040  value_loss=0.1854  mi_loss=0.0013  mi_valid=0.73  div_loss=-0.2227  kl_loss=0.0000 (disabled)  score=0.932  return=0.792  role_std=4.3570  role_norm=19.7470  enc_delta ego=0.0012 partner=0.0019 road=0.0029
[ROMA step 4,034,396,160] sps=361,861  policy_loss=-0.0035  value_loss=0.1570  mi_loss=0.0014  mi_valid=0.71  div_loss=-0.2197  kl_loss=0.0000 (disabled)  score=0.933  return=0.794  role_std=4.7479  role_norm=18.5363  enc_delta ego=0.0012 partner=0.0015 road=0.0025
[ROMA step 4,035,182,592] sps=361,612  policy_loss=0.0019  value_loss=0.2570  mi_loss=0.0014  mi_valid=0.75  div_loss=-0.2246  kl_loss=0.0000 (disabled)  score=0.932  return=0.793  role_std=4.1180  role_norm=20.3052  enc_delta ego=0.0014 partner=0.0022 road=0.0031
[ROMA step 4,035,969,024] sps=361,363  policy_loss=-0.0032  value_loss=0.2231  mi_loss=0.0014  mi_valid=0.75  div_loss=-0.2295  kl_loss=0.0000 (disabled)  score=0.933  return=0.793  role_std=4.4572  role_norm=19.9360  enc_delta ego=0.0017 partner=0.0018 road=0.0032
[ROMA step 4,036,755,456] sps=361,103  policy_loss=-0.0094  value_loss=0.1885  mi_loss=0.0014  mi_valid=0.74  div_loss=-0.2266  kl_loss=0.0000 (disabled)  score=0.932  return=0.792  role_std=4.5141  role_norm=19.9172  enc_delta ego=0.0018 partner=0.0018 road=0.0031
[ROMA step 4,037,541,888] sps=360,287  policy_loss=-0.0064  value_loss=0.1682  mi_loss=0.0014  mi_valid=0.72  div_loss=-0.2373  kl_loss=0.0000 (disabled)  score=0.932  return=0.792  role_std=4.4265  role_norm=19.3669  enc_delta ego=0.0016 partner=0.0018 road=0.0030
[ROMA step 4,038,328,320] sps=360,009  policy_loss=-0.0030  value_loss=0.2570  mi_loss=0.0013  mi_valid=0.74  div_loss=-0.2305  kl_loss=0.0000 (disabled)  score=0.933  return=0.796  role_std=4.6231  role_norm=19.2340  enc_delta ego=0.0012 partner=0.0019 road=0.0031
[ROMA step 4,039,114,752] sps=359,716  policy_loss=0.0068  value_loss=0.2941  mi_loss=0.0013  mi_valid=0.74  div_loss=-0.2383  kl_loss=0.0000 (disabled)  score=0.934  return=0.797  role_std=4.5452  role_norm=18.6972  enc_delta ego=0.0013 partner=0.0022 road=0.0035
[ROMA step 4,039,901,184] sps=359,447  policy_loss=-0.0060  value_loss=0.2109  mi_loss=0.0013  mi_valid=0.75  div_loss=-0.2373  kl_loss=0.0000 (disabled)  score=0.934  return=0.798  role_std=4.4847  role_norm=19.6023  enc_delta ego=0.0015 partner=0.0018 road=0.0031
[ROMA step 4,040,687,616] sps=358,677  policy_loss=-0.0031  value_loss=0.3234  mi_loss=0.0014  mi_valid=0.73  div_loss=-0.2373  kl_loss=0.0000 (disabled)  score=0.934  return=0.797  role_std=4.5736  role_norm=19.6557  enc_delta ego=0.0013 partner=0.0018 road=0.0027
[ROMA step 4,041,474,048] sps=358,422  policy_loss=-0.0079  value_loss=0.2131  mi_loss=0.0015  mi_valid=0.73  div_loss=-0.2266  kl_loss=0.0000 (disabled)  score=0.935  return=0.800  role_std=4.5467  role_norm=19.5569  enc_delta ego=0.0021 partner=0.0021 road=0.0032
[ROMA step 4,042,260,480] sps=358,164  policy_loss=-0.0040  value_loss=0.2320  mi_loss=0.0016  mi_valid=0.74  div_loss=-0.2158  kl_loss=0.0000 (disabled)  score=0.935  return=0.797  role_std=4.5131  role_norm=19.7342  enc_delta ego=0.0017 partner=0.0017 road=0.0029
[ROMA step 4,043,046,912] sps=357,478  policy_loss=0.0003  value_loss=0.2477  mi_loss=0.0016  mi_valid=0.72  div_loss=-0.2139  kl_loss=0.0000 (disabled)  score=0.935  return=0.795  role_std=4.2441  role_norm=19.1030  enc_delta ego=0.0016 partner=0.0017 road=0.0027
[ROMA step 4,043,833,344] sps=357,227  policy_loss=-0.0008  value_loss=0.2181  mi_loss=0.0015  mi_valid=0.75  div_loss=-0.2246  kl_loss=0.0000 (disabled)  score=0.935  return=0.794  role_std=4.2194  role_norm=20.2207  enc_delta ego=0.0016 partner=0.0017 road=0.0034
[ROMA step 4,044,619,776] sps=356,978  policy_loss=-0.0009  value_loss=0.2547  mi_loss=0.0015  mi_valid=0.75  div_loss=-0.2197  kl_loss=0.0000 (disabled)  score=0.935  return=0.792  role_std=4.3274  role_norm=20.2708  enc_delta ego=0.0018 partner=0.0018 road=0.0032
[ROMA step 4,045,406,208] sps=356,726  policy_loss=-0.0030  value_loss=0.2240  mi_loss=0.0015  mi_valid=0.74  div_loss=-0.2158  kl_loss=0.0000 (disabled)  score=0.935  return=0.793  role_std=4.3742  role_norm=20.0471  enc_delta ego=0.0016 partner=0.0022 road=0.0032
[ROMA step 4,046,192,640] sps=356,046  policy_loss=0.0065  value_loss=0.2235  mi_loss=0.0015  mi_valid=0.72  div_loss=-0.2090  kl_loss=0.0000 (disabled)  score=0.935  return=0.793  role_std=4.3516  role_norm=19.8196  enc_delta ego=0.0016 partner=0.0018 road=0.0026
[ROMA step 4,046,979,072] sps=355,803  policy_loss=-0.0009  value_loss=0.1885  mi_loss=0.0014  mi_valid=0.74  div_loss=-0.2109  kl_loss=0.0000 (disabled)  score=0.936  return=0.795  role_std=4.1690  role_norm=19.5849  enc_delta ego=0.0013 partner=0.0020 road=0.0024
[ROMA step 4,047,765,504] sps=355,547  policy_loss=-0.0053  value_loss=0.1697  mi_loss=0.0014  mi_valid=0.74  div_loss=-0.2139  kl_loss=0.0000 (disabled)  score=0.937  return=0.799  role_std=4.2034  role_norm=19.5130  enc_delta ego=0.0012 partner=0.0014 road=0.0024
[ROMA step 4,048,551,936] sps=354,797  policy_loss=0.0008  value_loss=0.2024  mi_loss=0.0014  mi_valid=0.73  div_loss=-0.2246  kl_loss=0.0000 (disabled)  score=0.938  return=0.802  role_std=4.4447  role_norm=20.6816  enc_delta ego=0.0015 partner=0.0017 road=0.0027
[ROMA step 4,049,338,368] sps=354,547  policy_loss=0.0013  value_loss=0.1960  mi_loss=0.0015  mi_valid=0.72  div_loss=-0.2344  kl_loss=0.0000 (disabled)  score=0.938  return=0.802  role_std=4.4845  role_norm=20.3796  enc_delta ego=0.0012 partner=0.0016 road=0.0026
[ROMA step 4,050,124,800] sps=354,305  policy_loss=-0.0005  value_loss=0.2484  mi_loss=0.0015  mi_valid=0.73  div_loss=-0.2402  kl_loss=0.0000 (disabled)  score=0.939  return=0.804  role_std=4.7087  role_norm=19.9067  enc_delta ego=0.0015 partner=0.0020 road=0.0031
[ROMA step 4,050,911,232] sps=354,064  policy_loss=0.0007  value_loss=0.1628  mi_loss=0.0015  mi_valid=0.73  div_loss=-0.2236  kl_loss=0.0000 (disabled)  score=0.939  return=0.804  role_std=4.6350  role_norm=20.0431  enc_delta ego=0.0012 partner=0.0015 road=0.0026
[ROMA step 4,051,697,664] sps=353,362  policy_loss=0.0021  value_loss=0.3354  mi_loss=0.0016  mi_valid=0.73  div_loss=-0.2285  kl_loss=0.0000 (disabled)  score=0.939  return=0.804  role_std=4.8372  role_norm=19.2210  enc_delta ego=0.0016 partner=0.0019 road=0.0030
[ROMA step 4,052,484,096] sps=353,112  policy_loss=-0.0002  value_loss=0.3867  mi_loss=0.0015  mi_valid=0.75  div_loss=-0.2363  kl_loss=0.0000 (disabled)  score=0.939  return=0.799  role_std=4.3403  role_norm=20.3974  enc_delta ego=0.0015 partner=0.0019 road=0.0029
[ROMA step 4,053,270,528] sps=352,857  policy_loss=-0.0038  value_loss=0.3135  mi_loss=0.0015  mi_valid=0.75  div_loss=-0.2324  kl_loss=0.0000 (disabled)  score=0.938  return=0.796  role_std=4.3594  role_norm=20.1025  enc_delta ego=0.0013 partner=0.0016 road=0.0027
[ROMA step 4,054,056,960] sps=352,171  policy_loss=-0.0026  value_loss=0.3590  mi_loss=0.0016  mi_valid=0.73  div_loss=-0.2422  kl_loss=0.0000 (disabled)  score=0.937  return=0.788  role_std=4.5598  role_norm=20.0031  enc_delta ego=0.0014 partner=0.0016 road=0.0025
[ROMA step 4,054,843,392] sps=351,927  policy_loss=0.0045  value_loss=0.3354  mi_loss=0.0015  mi_valid=0.74  div_loss=-0.2344  kl_loss=0.0000 (disabled)  score=0.936  return=0.786  role_std=4.7170  role_norm=19.8586  enc_delta ego=0.0022 partner=0.0021 road=0.0034
[ROMA step 4,055,629,824] sps=351,675  policy_loss=-0.0012  value_loss=0.3034  mi_loss=0.0016  mi_valid=0.74  div_loss=-0.2393  kl_loss=0.0000 (disabled)  score=0.936  return=0.782  role_std=4.7379  role_norm=19.5240  enc_delta ego=0.0025 partner=0.0017 road=0.0033
[ROMA step 4,056,416,256] sps=351,424  policy_loss=-0.0039  value_loss=0.1900  mi_loss=0.0015  mi_valid=0.74  div_loss=-0.2314  kl_loss=0.0000 (disabled)  score=0.935  return=0.780  role_std=4.7771  role_norm=19.5272  enc_delta ego=0.0013 partner=0.0019 road=0.0028
[ROMA step 4,057,202,688] sps=350,712  policy_loss=0.0041  value_loss=0.3329  mi_loss=0.0016  mi_valid=0.73  div_loss=-0.2324  kl_loss=0.0000 (disabled)  score=0.934  return=0.779  role_std=4.3942  role_norm=20.5392  enc_delta ego=0.0020 partner=0.0018 road=0.0031
[ROMA step 4,057,989,120] sps=350,471  policy_loss=0.0020  value_loss=0.2641  mi_loss=0.0015  mi_valid=0.74  div_loss=-0.2295  kl_loss=0.0000 (disabled)  score=0.934  return=0.779  role_std=4.5631  role_norm=20.0648  enc_delta ego=0.0017 partner=0.0020 road=0.0033
[ROMA step 4,058,775,552] sps=350,205  policy_loss=0.0055  value_loss=0.2376  mi_loss=0.0015  mi_valid=0.74  div_loss=-0.2373  kl_loss=0.0000 (disabled)  score=0.934  return=0.779  role_std=4.7655  role_norm=19.7716  enc_delta ego=0.0017 partner=0.0017 road=0.0028
[ROMA step 4,059,561,984] sps=349,335  policy_loss=0.0072  value_loss=0.1998  mi_loss=0.0014  mi_valid=0.72  div_loss=-0.2422  kl_loss=0.0000 (disabled)  score=0.934  return=0.780  role_std=4.6849  role_norm=18.3881  enc_delta ego=0.0014 partner=0.0017 road=0.0030
[ROMA step 4,060,348,416] sps=349,100  policy_loss=-0.0020  value_loss=0.1817  mi_loss=0.0013  mi_valid=0.75  div_loss=-0.2354  kl_loss=0.0000 (disabled)  score=0.934  return=0.782  role_std=4.5480  role_norm=18.8896  enc_delta ego=0.0012 partner=0.0017 road=0.0032
[ROMA step 4,061,134,848] sps=348,852  policy_loss=0.0011  value_loss=0.2386  mi_loss=0.0014  mi_valid=0.75  div_loss=-0.2471  kl_loss=0.0000 (disabled)  score=0.934  return=0.782  role_std=4.5063  role_norm=20.1097  enc_delta ego=0.0014 partner=0.0016 road=0.0028
[ROMA step 4,061,921,280] sps=348,617  policy_loss=-0.0014  value_loss=0.2626  mi_loss=0.0013  mi_valid=0.74  div_loss=-0.2451  kl_loss=0.0000 (disabled)  score=0.934  return=0.781  role_std=4.7148  role_norm=20.3787  enc_delta ego=0.0014 partner=0.0022 road=0.0034
[ROMA step 4,062,707,712] sps=347,911  policy_loss=0.0006  value_loss=0.3023  mi_loss=0.0014  mi_valid=0.73  div_loss=-0.2441  kl_loss=0.0000 (disabled)  score=0.933  return=0.780  role_std=5.0774  role_norm=19.8438  enc_delta ego=0.0015 partner=0.0017 road=0.0028
[ROMA step 4,063,494,144] sps=347,675  policy_loss=0.0004  value_loss=0.2453  mi_loss=0.0015  mi_valid=0.75  div_loss=-0.2373  kl_loss=0.0000 (disabled)  score=0.933  return=0.779  role_std=4.7503  role_norm=19.5088  enc_delta ego=0.0019 partner=0.0020 road=0.0045
[ROMA step 4,064,280,576] sps=347,417  policy_loss=-0.0003  value_loss=0.2518  mi_loss=0.0015  mi_valid=0.75  div_loss=-0.2373  kl_loss=0.0000 (disabled)  score=0.932  return=0.777  role_std=4.7658  role_norm=19.4493  enc_delta ego=0.0017 partner=0.0023 road=0.0035
[ROMA step 4,065,067,008] sps=347,170  policy_loss=-0.0030  value_loss=0.1819  mi_loss=0.0014  mi_valid=0.76  div_loss=-0.2236  kl_loss=0.0000 (disabled)  score=0.932  return=0.777  role_std=4.4837  role_norm=20.5093  enc_delta ego=0.0017 partner=0.0018 road=0.0034
[ROMA step 4,065,853,440] sps=346,490  policy_loss=-0.0079  value_loss=0.2134  mi_loss=0.0016  mi_valid=0.73  div_loss=-0.2227  kl_loss=0.0000 (disabled)  score=0.931  return=0.775  role_std=4.4945  role_norm=20.8883  enc_delta ego=0.0013 partner=0.0017 road=0.0023
[ROMA step 4,066,639,872] sps=346,255  policy_loss=0.0021  value_loss=0.2735  mi_loss=0.0016  mi_valid=0.74  div_loss=-0.2275  kl_loss=0.0000 (disabled)  score=0.930  return=0.773  role_std=4.6032  role_norm=20.6144  enc_delta ego=0.0020 partner=0.0020 road=0.0028
[ROMA step 4,067,426,304] sps=345,998  policy_loss=0.0034  value_loss=0.2568  mi_loss=0.0017  mi_valid=0.74  div_loss=-0.2217  kl_loss=0.0000 (disabled)  score=0.930  return=0.771  role_std=4.8003  role_norm=20.5376  enc_delta ego=0.0019 partner=0.0017 road=0.0031
[ROMA step 4,068,212,736] sps=345,072  policy_loss=0.0003  value_loss=0.2650  mi_loss=0.0016  mi_valid=0.72  div_loss=-0.2148  kl_loss=0.0000 (disabled)  score=0.929  return=0.769  role_std=4.4812  role_norm=19.5200  enc_delta ego=0.0012 partner=0.0017 road=0.0031
[ROMA step 4,068,999,168] sps=344,837  policy_loss=0.0011  value_loss=0.2582  mi_loss=0.0014  mi_valid=0.76  div_loss=-0.2090  kl_loss=0.0000 (disabled)  score=0.929  return=0.770  role_std=4.0555  role_norm=21.2346  enc_delta ego=0.0013 partner=0.0018 road=0.0028
[ROMA step 4,069,785,600] sps=344,594  policy_loss=-0.0004  value_loss=0.2101  mi_loss=0.0015  mi_valid=0.75  div_loss=-0.2061  kl_loss=0.0000 (disabled)  score=0.929  return=0.770  role_std=3.9794  role_norm=21.1668  enc_delta ego=0.0015 partner=0.0018 road=0.0027
[ROMA step 4,070,572,032] sps=344,353  policy_loss=-0.0027  value_loss=0.2027  mi_loss=0.0015  mi_valid=0.74  div_loss=-0.2139  kl_loss=0.0000 (disabled)  score=0.929  return=0.768  role_std=4.1302  role_norm=20.9056  enc_delta ego=0.0014 partner=0.0014 road=0.0025
[ROMA step 4,071,358,464] sps=343,690  policy_loss=0.0081  value_loss=0.2229  mi_loss=0.0015  mi_valid=0.72  div_loss=-0.2100  kl_loss=0.0000 (disabled)  score=0.929  return=0.768  role_std=4.3667  role_norm=20.3292  enc_delta ego=0.0017 partner=0.0017 road=0.0024
[ROMA step 4,072,144,896] sps=343,451  policy_loss=0.0065  value_loss=0.2487  mi_loss=0.0014  mi_valid=0.74  div_loss=-0.2070  kl_loss=0.0000 (disabled)  score=0.929  return=0.768  role_std=4.0863  role_norm=20.3542  enc_delta ego=0.0015 partner=0.0019 road=0.0029
[ROMA step 4,072,931,328] sps=343,221  policy_loss=-0.0010  value_loss=0.2214  mi_loss=0.0014  mi_valid=0.74  div_loss=-0.2080  kl_loss=0.0000 (disabled)  score=0.929  return=0.768  role_std=4.3292  role_norm=19.6227  enc_delta ego=0.0020 partner=0.0018 road=0.0027
[ROMA step 4,073,717,760] sps=342,599  policy_loss=0.0019  value_loss=0.1627  mi_loss=0.0014  mi_valid=0.73  div_loss=-0.2148  kl_loss=0.0000 (disabled)  score=0.929  return=0.768  role_std=4.1158  role_norm=21.0417  enc_delta ego=0.0013 partner=0.0017 road=0.0026
[ROMA step 4,074,504,192] sps=342,381  policy_loss=0.0016  value_loss=0.2328  mi_loss=0.0015  mi_valid=0.74  div_loss=-0.2188  kl_loss=0.0000 (disabled)  score=0.930  return=0.772  role_std=4.2359  role_norm=20.7708  enc_delta ego=0.0015 partner=0.0019 road=0.0028
[ROMA step 4,075,290,624] sps=342,164  policy_loss=0.0033  value_loss=0.2430  mi_loss=0.0015  mi_valid=0.74  div_loss=-0.2256  kl_loss=0.0000 (disabled)  score=0.930  return=0.770  role_std=4.6397  role_norm=20.2648  enc_delta ego=0.0013 partner=0.0017 road=0.0027
[ROMA step 4,076,077,056] sps=341,939  policy_loss=-0.0078  value_loss=0.1381  mi_loss=0.0015  mi_valid=0.74  div_loss=-0.2236  kl_loss=0.0000 (disabled)  score=0.931  return=0.772  role_std=4.6583  role_norm=20.0126  enc_delta ego=0.0014 partner=0.0017 road=0.0026
[ROMA step 4,076,863,488] sps=341,363  policy_loss=0.0035  value_loss=0.2597  mi_loss=0.0014  mi_valid=0.72  div_loss=-0.2236  kl_loss=0.0000 (disabled)  score=0.931  return=0.778  role_std=4.6993  role_norm=19.3733  enc_delta ego=0.0013 partner=0.0016 road=0.0032
[ROMA step 4,077,649,920] sps=341,130  policy_loss=-0.0005  value_loss=0.2282  mi_loss=0.0014  mi_valid=0.75  div_loss=-0.2305  kl_loss=0.0000 (disabled)  score=0.932  return=0.779  role_std=4.2752  role_norm=21.2510  enc_delta ego=0.0015 partner=0.0018 road=0.0027
[ROMA step 4,078,436,352] sps=340,893  policy_loss=0.0024  value_loss=0.1464  mi_loss=0.0014  mi_valid=0.74  div_loss=-0.2285  kl_loss=0.0000 (disabled)  score=0.933  return=0.786  role_std=4.5351  role_norm=20.8831  enc_delta ego=0.0016 partner=0.0016 road=0.0029
[ROMA step 4,079,222,784] sps=340,207  policy_loss=-0.0016  value_loss=0.2031  mi_loss=0.0014  mi_valid=0.72  div_loss=-0.2363  kl_loss=0.0000 (disabled)  score=0.933  return=0.788  role_std=4.7632  role_norm=20.8616  enc_delta ego=0.0013 partner=0.0016 road=0.0029
[ROMA step 4,080,009,216] sps=339,988  policy_loss=-0.0045  value_loss=0.1601  mi_loss=0.0015  mi_valid=0.74  div_loss=-0.2373  kl_loss=0.0000 (disabled)  score=0.932  return=0.788  role_std=4.8030  role_norm=20.2206  enc_delta ego=0.0020 partner=0.0019 road=0.0027
[ROMA step 4,080,795,648] sps=339,768  policy_loss=-0.0042  value_loss=0.2718  mi_loss=0.0014  mi_valid=0.74  div_loss=-0.2441  kl_loss=0.0000 (disabled)  score=0.932  return=0.788  role_std=4.8735  role_norm=19.6051  enc_delta ego=0.0018 partner=0.0017 road=0.0030
[ROMA step 4,081,582,080] sps=339,555  policy_loss=-0.0018  value_loss=0.1805  mi_loss=0.0014  mi_valid=0.74  div_loss=-0.2334  kl_loss=0.0000 (disabled)  score=0.932  return=0.788  role_std=4.9202  role_norm=19.5109  enc_delta ego=0.0016 partner=0.0019 road=0.0032
[ROMA step 4,082,368,512] sps=338,678  policy_loss=-0.0020  value_loss=0.1738  mi_loss=0.0015  mi_valid=0.73  div_loss=-0.2314  kl_loss=0.0000 (disabled)  score=0.932  return=0.789  role_std=4.3625  role_norm=20.8776  enc_delta ego=0.0013 partner=0.0016 road=0.0024
[ROMA step 4,083,154,944] sps=338,463  policy_loss=-0.0009  value_loss=0.2701  mi_loss=0.0015  mi_valid=0.74  div_loss=-0.2344  kl_loss=0.0000 (disabled)  score=0.933  return=0.791  role_std=4.7485  role_norm=20.3391  enc_delta ego=0.0016 partner=0.0015 road=0.0026
[ROMA step 4,083,941,376] sps=338,254  policy_loss=0.0029  value_loss=0.1918  mi_loss=0.0015  mi_valid=0.74  div_loss=-0.2324  kl_loss=0.0000 (disabled)  score=0.933  return=0.791  role_std=4.6749  role_norm=19.9749  enc_delta ego=0.0016 partner=0.0018 road=0.0028
[ROMA step 4,084,727,808] sps=337,684  policy_loss=0.0058  value_loss=0.1393  mi_loss=0.0015  mi_valid=0.72  div_loss=-0.2344  kl_loss=0.0000 (disabled)  score=0.934  return=0.792  role_std=5.0953  role_norm=18.6262  enc_delta ego=0.0013 partner=0.0012 road=0.0023
[ROMA step 4,085,514,240] sps=337,462  policy_loss=-0.0022  value_loss=0.1801  mi_loss=0.0013  mi_valid=0.74  div_loss=-0.2402  kl_loss=0.0000 (disabled)  score=0.934  return=0.793  role_std=4.9376  role_norm=18.8794  enc_delta ego=0.0016 partner=0.0015 road=0.0025
[ROMA step 4,086,300,672] sps=337,236  policy_loss=-0.0008  value_loss=0.2854  mi_loss=0.0013  mi_valid=0.75  div_loss=-0.2402  kl_loss=0.0000 (disabled)  score=0.933  return=0.790  role_std=4.5890  role_norm=20.2767  enc_delta ego=0.0014 partner=0.0017 road=0.0026
[ROMA step 4,087,087,104] sps=337,005  policy_loss=-0.0013  value_loss=0.1732  mi_loss=0.0013  mi_valid=0.74  div_loss=-0.2324  kl_loss=0.0000 (disabled)  score=0.934  return=0.793  role_std=4.5436  role_norm=20.1234  enc_delta ego=0.0014 partner=0.0018 road=0.0029
[ROMA step 4,087,873,536] sps=336,407  policy_loss=0.0019  value_loss=0.2213  mi_loss=0.0014  mi_valid=0.72  div_loss=-0.2344  kl_loss=0.0000 (disabled)  score=0.935  return=0.794  role_std=4.7890  role_norm=19.8456  enc_delta ego=0.0024 partner=0.0024 road=0.0033
[ROMA step 4,088,659,968] sps=336,185  policy_loss=-0.0027  value_loss=0.2284  mi_loss=0.0014  mi_valid=0.74  div_loss=-0.2295  kl_loss=0.0000 (disabled)  score=0.936  return=0.795  role_std=4.7543  role_norm=19.5301  enc_delta ego=0.0014 partner=0.0019 road=0.0028
[ROMA step 4,089,446,400] sps=335,961  policy_loss=-0.0002  value_loss=0.2412  mi_loss=0.0015  mi_valid=0.74  div_loss=-0.2266  kl_loss=0.0000 (disabled)  score=0.936  return=0.796  role_std=4.8857  role_norm=19.4316  enc_delta ego=0.0016 partner=0.0019 road=0.0029
[ROMA step 4,090,232,832] sps=335,738  policy_loss=-0.0021  value_loss=0.1494  mi_loss=0.0014  mi_valid=0.75  div_loss=-0.2100  kl_loss=0.0000 (disabled)  score=0.936  return=0.797  role_std=4.2786  role_norm=20.6032  enc_delta ego=0.0019 partner=0.0020 road=0.0030
[ROMA step 4,091,019,264] sps=335,100  policy_loss=-0.0059  value_loss=0.2050  mi_loss=0.0015  mi_valid=0.73  div_loss=-0.2178  kl_loss=0.0000 (disabled)  score=0.936  return=0.798  role_std=4.2983  role_norm=20.8270  enc_delta ego=0.0020 partner=0.0016 road=0.0027
[ROMA step 4,091,805,696] sps=334,874  policy_loss=-0.0061  value_loss=0.2961  mi_loss=0.0015  mi_valid=0.74  div_loss=-0.2256  kl_loss=0.0000 (disabled)  score=0.936  return=0.799  role_std=4.3767  role_norm=20.3599  enc_delta ego=0.0019 partner=0.0017 road=0.0031
[ROMA step 4,092,592,128] sps=334,652  policy_loss=-0.0064  value_loss=0.1418  mi_loss=0.0014  mi_valid=0.74  div_loss=-0.2188  kl_loss=0.0000 (disabled)  score=0.936  return=0.801  role_std=4.4034  role_norm=20.2340  enc_delta ego=0.0015 partner=0.0015 road=0.0021
[ROMA step 4,093,378,560] sps=334,036  policy_loss=0.0084  value_loss=0.2450  mi_loss=0.0014  mi_valid=0.72  div_loss=-0.2354  kl_loss=0.0000 (disabled)  score=0.936  return=0.801  role_std=4.9007  role_norm=19.1234  enc_delta ego=0.0018 partner=0.0016 road=0.0027
[ROMA step 4,094,164,992] sps=333,818  policy_loss=-0.0005  value_loss=0.2136  mi_loss=0.0014  mi_valid=0.75  div_loss=-0.2422  kl_loss=0.0000 (disabled)  score=0.936  return=0.802  role_std=4.5584  role_norm=20.1308  enc_delta ego=0.0014 partner=0.0019 road=0.0032
[ROMA step 4,094,951,424] sps=333,613  policy_loss=0.0047  value_loss=0.2318  mi_loss=0.0015  mi_valid=0.75  div_loss=-0.2373  kl_loss=0.0000 (disabled)  score=0.936  return=0.801  role_std=4.3407  role_norm=20.5065  enc_delta ego=0.0015 partner=0.0020 road=0.0030
[ROMA step 4,095,737,856] sps=333,409  policy_loss=-0.0032  value_loss=0.2105  mi_loss=0.0014  mi_valid=0.74  div_loss=-0.2363  kl_loss=0.0000 (disabled)  score=0.934  return=0.799  role_std=4.4828  role_norm=20.3179  enc_delta ego=0.0013 partner=0.0018 road=0.0028
[ROMA step 4,096,524,288] sps=332,813  policy_loss=-0.0016  value_loss=0.1398  mi_loss=0.0015  mi_valid=0.72  div_loss=-0.2207  kl_loss=0.0000 (disabled)  score=0.934  return=0.799  role_std=4.3312  role_norm=20.1435  enc_delta ego=0.0014 partner=0.0018 road=0.0027
[ROMA step 4,097,310,720] sps=332,609  policy_loss=0.0034  value_loss=0.2044  mi_loss=0.0015  mi_valid=0.74  div_loss=-0.2178  kl_loss=0.0000 (disabled)  score=0.935  return=0.800  role_std=4.3770  role_norm=19.7007  enc_delta ego=0.0014 partner=0.0016 road=0.0027
[ROMA step 4,098,097,152] sps=332,398  policy_loss=-0.0015  value_loss=0.1922  mi_loss=0.0014  mi_valid=0.75  div_loss=-0.2148  kl_loss=0.0000 (disabled)  score=0.934  return=0.800  role_std=4.5777  role_norm=19.7530  enc_delta ego=0.0014 partner=0.0017 road=0.0028
[ROMA step 4,098,883,584] sps=331,803  policy_loss=0.0022  value_loss=0.1734  mi_loss=0.0014  mi_valid=0.73  div_loss=-0.2168  kl_loss=0.0000 (disabled)  score=0.933  return=0.799  role_std=4.2995  role_norm=21.0883  enc_delta ego=0.0011 partner=0.0017 road=0.0027
[ROMA step 4,099,670,016] sps=331,578  policy_loss=0.0046  value_loss=0.1656  mi_loss=0.0014  mi_valid=0.74  div_loss=-0.2227  kl_loss=0.0000 (disabled)  score=0.933  return=0.801  role_std=4.4110  role_norm=20.9129  enc_delta ego=0.0015 partner=0.0019 road=0.0027
[ROMA step 4,100,456,448] sps=331,377  policy_loss=-0.0011  value_loss=0.1271  mi_loss=0.0014  mi_valid=0.74  div_loss=-0.2197  kl_loss=0.0000 (disabled)  score=0.934  return=0.804  role_std=4.7578  role_norm=20.6268  enc_delta ego=0.0010 partner=0.0013 road=0.0025
[ROMA step 4,101,242,880] sps=331,172  policy_loss=-0.0017  value_loss=0.2535  mi_loss=0.0014  mi_valid=0.74  div_loss=-0.2393  kl_loss=0.0000 (disabled)  score=0.934  return=0.805  role_std=4.6807  role_norm=20.5702  enc_delta ego=0.0012 partner=0.0014 road=0.0021
[ROMA step 4,102,029,312] sps=330,603  policy_loss=-0.0044  value_loss=0.1710  mi_loss=0.0014  mi_valid=0.72  div_loss=-0.2363  kl_loss=0.0000 (disabled)  score=0.934  return=0.804  role_std=4.9204  role_norm=19.2865  enc_delta ego=0.0014 partner=0.0017 road=0.0026
[ROMA step 4,102,815,744] sps=330,399  policy_loss=-0.0004  value_loss=0.2292  mi_loss=0.0013  mi_valid=0.75  div_loss=-0.2295  kl_loss=0.0000 (disabled)  score=0.935  return=0.804  role_std=4.4535  role_norm=20.7332  enc_delta ego=0.0014 partner=0.0017 road=0.0028
[ROMA step 4,103,602,176] sps=330,176  policy_loss=0.0040  value_loss=0.2541  mi_loss=0.0013  mi_valid=0.75  div_loss=-0.2363  kl_loss=0.0000 (disabled)  score=0.935  return=0.804  role_std=4.6427  role_norm=20.7514  enc_delta ego=0.0013 partner=0.0016 road=0.0028
[ROMA step 4,104,388,608] sps=329,556  policy_loss=0.0013  value_loss=0.1540  mi_loss=0.0014  mi_valid=0.72  div_loss=-0.2295  kl_loss=0.0000 (disabled)  score=0.935  return=0.804  role_std=4.5224  role_norm=20.8993  enc_delta ego=0.0016 partner=0.0015 road=0.0026
[ROMA step 4,105,175,040] sps=329,350  policy_loss=-0.0011  value_loss=0.2754  mi_loss=0.0014  mi_valid=0.73  div_loss=-0.2373  kl_loss=0.0000 (disabled)  score=0.936  return=0.805  role_std=4.5927  role_norm=20.1832  enc_delta ego=0.0014 partner=0.0019 road=0.0024
[ROMA step 4,105,961,472] sps=329,141  policy_loss=0.0049  value_loss=0.2400  mi_loss=0.0014  mi_valid=0.73  div_loss=-0.2285  kl_loss=0.0000 (disabled)  score=0.936  return=0.805  role_std=4.8761  role_norm=20.0367  enc_delta ego=0.0021 partner=0.0018 road=0.0026
[ROMA step 4,106,747,904] sps=328,945  policy_loss=0.0046  value_loss=0.1605  mi_loss=0.0014  mi_valid=0.73  div_loss=-0.2256  kl_loss=0.0000 (disabled)  score=0.936  return=0.804  role_std=4.5924  role_norm=20.0342  enc_delta ego=0.0017 partner=0.0016 road=0.0022
[ROMA step 4,107,534,336] sps=328,081  policy_loss=-0.0017  value_loss=0.1806  mi_loss=0.0013  mi_valid=0.72  div_loss=-0.2285  kl_loss=0.0000 (disabled)  score=0.936  return=0.805  role_std=4.4269  role_norm=20.5707  enc_delta ego=0.0020 partner=0.0018 road=0.0028
[ROMA step 4,108,320,768] sps=327,883  policy_loss=-0.0040  value_loss=0.1576  mi_loss=0.0012  mi_valid=0.72  div_loss=-0.2207  kl_loss=0.0000 (disabled)  score=0.937  return=0.810  role_std=4.5524  role_norm=20.5760  enc_delta ego=0.0014 partner=0.0017 road=0.0033
[ROMA step 4,109,107,200] sps=327,686  policy_loss=-0.0053  value_loss=0.1380  mi_loss=0.0012  mi_valid=0.72  div_loss=-0.2178  kl_loss=0.0000 (disabled)  score=0.937  return=0.810  role_std=4.3298  role_norm=20.8447  enc_delta ego=0.0013 partner=0.0014 road=0.0029
[ROMA step 4,109,893,632] sps=327,107  policy_loss=0.0025  value_loss=0.1577  mi_loss=0.0013  mi_valid=0.71  div_loss=-0.2090  kl_loss=0.0000 (disabled)  score=0.939  return=0.817  role_std=4.6662  role_norm=19.6038  enc_delta ego=0.0010 partner=0.0015 road=0.0025
[ROMA step 4,110,680,064] sps=326,897  policy_loss=-0.0006  value_loss=0.3172  mi_loss=0.0013  mi_valid=0.74  div_loss=-0.2168  kl_loss=0.0000 (disabled)  score=0.939  return=0.816  role_std=4.6809  role_norm=20.3385  enc_delta ego=0.0012 partner=0.0015 road=0.0027
[ROMA step 4,111,466,496] sps=326,690  policy_loss=0.0052  value_loss=0.2083  mi_loss=0.0014  mi_valid=0.74  div_loss=-0.2188  kl_loss=0.0000 (disabled)  score=0.939  return=0.815  role_std=4.2788  role_norm=20.8511  enc_delta ego=0.0016 partner=0.0016 road=0.0021
[ROMA step 4,112,252,928] sps=326,486  policy_loss=-0.0017  value_loss=0.2425  mi_loss=0.0013  mi_valid=0.74  div_loss=-0.2217  kl_loss=0.0000 (disabled)  score=0.940  return=0.818  role_std=4.2901  role_norm=21.0633  enc_delta ego=0.0013 partner=0.0015 road=0.0023
[ROMA step 4,113,039,360] sps=325,915  policy_loss=0.0023  value_loss=0.2504  mi_loss=0.0014  mi_valid=0.72  div_loss=-0.2227  kl_loss=0.0000 (disabled)  score=0.940  return=0.817  role_std=4.5237  role_norm=20.8250  enc_delta ego=0.0014 partner=0.0018 road=0.0029
[ROMA step 4,113,825,792] sps=325,717  policy_loss=-0.0065  value_loss=0.1499  mi_loss=0.0015  mi_valid=0.73  div_loss=-0.2168  kl_loss=0.0000 (disabled)  score=0.941  return=0.818  role_std=4.4614  role_norm=20.4963  enc_delta ego=0.0012 partner=0.0015 road=0.0025
[ROMA step 4,114,612,224] sps=325,519  policy_loss=-0.0016  value_loss=0.1883  mi_loss=0.0014  mi_valid=0.73  div_loss=-0.2217  kl_loss=0.0000 (disabled)  score=0.941  return=0.822  role_std=4.7995  role_norm=20.2054  enc_delta ego=0.0012 partner=0.0017 road=0.0025
[ROMA step 4,115,398,656] sps=325,318  policy_loss=0.0027  value_loss=0.2702  mi_loss=0.0014  mi_valid=0.74  div_loss=-0.2285  kl_loss=0.0000 (disabled)  score=0.942  return=0.820  role_std=4.8438  role_norm=20.1461  enc_delta ego=0.0014 partner=0.0018 road=0.0029
[ROMA step 4,116,185,088] sps=324,465  policy_loss=0.0041  value_loss=0.3480  mi_loss=0.0013  mi_valid=0.73  div_loss=-0.2363  kl_loss=0.0000 (disabled)  score=0.942  return=0.819  role_std=4.5697  role_norm=21.2721  enc_delta ego=0.0013 partner=0.0018 road=0.0026
[ROMA step 4,116,971,520] sps=324,263  policy_loss=-0.0023  value_loss=0.2090  mi_loss=0.0014  mi_valid=0.74  div_loss=-0.2275  kl_loss=0.0000 (disabled)  score=0.942  return=0.819  role_std=4.4977  role_norm=20.9874  enc_delta ego=0.0012 partner=0.0017 road=0.0026
[ROMA step 4,117,757,952] sps=324,067  policy_loss=-0.0015  value_loss=0.2098  mi_loss=0.0014  mi_valid=0.74  div_loss=-0.2217  kl_loss=0.0000 (disabled)  score=0.942  return=0.819  role_std=4.7049  role_norm=20.7328  enc_delta ego=0.0015 partner=0.0017 road=0.0023
[ROMA step 4,118,544,384] sps=323,423  policy_loss=0.0005  value_loss=0.2394  mi_loss=0.0013  mi_valid=0.72  div_loss=-0.2246  kl_loss=0.0000 (disabled)  score=0.942  return=0.819  role_std=5.1512  role_norm=19.5061  enc_delta ego=0.0010 partner=0.0018 road=0.0025
[ROMA step 4,119,330,816] sps=323,227  policy_loss=0.0011  value_loss=0.2171  mi_loss=0.0013  mi_valid=0.75  div_loss=-0.2197  kl_loss=0.0000 (disabled)  score=0.943  return=0.819  role_std=4.7314  role_norm=19.6039  enc_delta ego=0.0014 partner=0.0019 road=0.0033
[ROMA step 4,120,117,248] sps=323,031  policy_loss=-0.0001  value_loss=0.2798  mi_loss=0.0013  mi_valid=0.76  div_loss=-0.2305  kl_loss=0.0000 (disabled)  score=0.942  return=0.815  role_std=4.2586  role_norm=21.0740  enc_delta ego=0.0014 partner=0.0020 road=0.0028
[ROMA step 4,120,903,680] sps=322,835  policy_loss=-0.0002  value_loss=0.2534  mi_loss=0.0013  mi_valid=0.75  div_loss=-0.2314  kl_loss=0.0000 (disabled)  score=0.943  return=0.812  role_std=4.3757  role_norm=21.0952  enc_delta ego=0.0015 partner=0.0018 road=0.0028
[ROMA step 4,121,690,112] sps=322,158  policy_loss=-0.0055  value_loss=0.2211  mi_loss=0.0015  mi_valid=0.72  div_loss=-0.2158  kl_loss=0.0000 (disabled)  score=0.944  return=0.814  role_std=4.5455  role_norm=20.4996  enc_delta ego=0.0022 partner=0.0016 road=0.0029
[ROMA step 4,122,476,544] sps=321,966  policy_loss=-0.0037  value_loss=0.2390  mi_loss=0.0016  mi_valid=0.74  div_loss=-0.2139  kl_loss=0.0000 (disabled)  score=0.943  return=0.811  role_std=4.4995  role_norm=20.2162  enc_delta ego=0.0017 partner=0.0014 road=0.0024
[ROMA step 4,123,262,976] sps=321,768  policy_loss=-0.0015  value_loss=0.1641  mi_loss=0.0015  mi_valid=0.73  div_loss=-0.2090  kl_loss=0.0000 (disabled)  score=0.943  return=0.809  role_std=4.4476  role_norm=20.1465  enc_delta ego=0.0013 partner=0.0015 road=0.0022
[ROMA step 4,124,049,408] sps=321,151  policy_loss=-0.0012  value_loss=0.2851  mi_loss=0.0015  mi_valid=0.73  div_loss=-0.2197  kl_loss=0.0000 (disabled)  score=0.943  return=0.809  role_std=4.0968  role_norm=21.4240  enc_delta ego=0.0015 partner=0.0015 road=0.0023
[ROMA step 4,124,835,840] sps=320,940  policy_loss=-0.0065  value_loss=0.1383  mi_loss=0.0013  mi_valid=0.73  div_loss=-0.2119  kl_loss=0.0000 (disabled)  score=0.943  return=0.810  role_std=4.4351  role_norm=21.0916  enc_delta ego=0.0010 partner=0.0016 road=0.0026
[ROMA step 4,125,622,272] sps=320,677  policy_loss=0.0076  value_loss=0.2052  mi_loss=0.0014  mi_valid=0.73  div_loss=-0.2168  kl_loss=0.0000 (disabled)  score=0.944  return=0.814  role_std=4.4415  role_norm=20.8575  enc_delta ego=0.0013 partner=0.0015 road=0.0025
[ROMA step 4,126,408,704] sps=320,489  policy_loss=0.0002  value_loss=0.1507  mi_loss=0.0014  mi_valid=0.74  div_loss=-0.2158  kl_loss=0.0000 (disabled)  score=0.944  return=0.814  role_std=4.3655  role_norm=20.6877  enc_delta ego=0.0012 partner=0.0015 road=0.0030
[ROMA step 4,127,195,136] sps=319,871  policy_loss=-0.0032  value_loss=0.2197  mi_loss=0.0014  mi_valid=0.72  div_loss=-0.2227  kl_loss=0.0000 (disabled)  score=0.944  return=0.814  role_std=4.7730  role_norm=19.9586  enc_delta ego=0.0010 partner=0.0018 road=0.0028
[ROMA step 4,127,981,568] sps=319,662  policy_loss=-0.0009  value_loss=0.1884  mi_loss=0.0014  mi_valid=0.75  div_loss=-0.2197  kl_loss=0.0000 (disabled)  score=0.944  return=0.815  role_std=4.2527  role_norm=20.9664  enc_delta ego=0.0015 partner=0.0018 road=0.0027
[ROMA step 4,128,768,000] sps=319,479  policy_loss=0.0004  value_loss=0.1589  mi_loss=0.0014  mi_valid=0.75  div_loss=-0.2100  kl_loss=0.0000 (disabled)  score=0.944  return=0.815  role_std=4.1269  role_norm=21.1715  enc_delta ego=0.0011 partner=0.0016 road=0.0022
[ROMA step 4,129,554,432] sps=318,757  policy_loss=-0.0012  value_loss=0.2263  mi_loss=0.0014  mi_valid=0.72  div_loss=-0.2207  kl_loss=0.0000 (disabled)  score=0.944  return=0.815  role_std=4.0854  role_norm=21.2926  enc_delta ego=0.0014 partner=0.0016 road=0.0022
[ROMA step 4,130,340,864] sps=318,574  policy_loss=0.0007  value_loss=0.2133  mi_loss=0.0014  mi_valid=0.74  div_loss=-0.2129  kl_loss=0.0000 (disabled)  score=0.944  return=0.814  role_std=4.5952  role_norm=20.9386  enc_delta ego=0.0019 partner=0.0018 road=0.0036
[ROMA step 4,131,127,296] sps=318,387  policy_loss=-0.0010  value_loss=0.2536  mi_loss=0.0014  mi_valid=0.74  div_loss=-0.2197  kl_loss=0.0000 (disabled)  score=0.943  return=0.809  role_std=4.6020  role_norm=20.4471  enc_delta ego=0.0014 partner=0.0015 road=0.0031
[ROMA step 4,131,913,728] sps=318,204  policy_loss=0.0101  value_loss=0.2355  mi_loss=0.0014  mi_valid=0.74  div_loss=-0.2217  kl_loss=0.0000 (disabled)  score=0.942  return=0.807  role_std=4.7822  role_norm=20.2959  enc_delta ego=0.0011 partner=0.0017 road=0.0027
[ROMA step 4,132,700,160] sps=317,112  policy_loss=0.0044  value_loss=0.2193  mi_loss=0.0013  mi_valid=0.73  div_loss=-0.2256  kl_loss=0.0000 (disabled)  score=0.942  return=0.803  role_std=4.5613  role_norm=20.8441  enc_delta ego=0.0011 partner=0.0020 road=0.0029
[ROMA step 4,133,486,592] sps=316,924  policy_loss=-0.0026  value_loss=0.1771  mi_loss=0.0014  mi_valid=0.73  div_loss=-0.2266  kl_loss=0.0000 (disabled)  score=0.942  return=0.808  role_std=4.5373  role_norm=20.5541  enc_delta ego=0.0015 partner=0.0015 road=0.0025
[ROMA step 4,134,273,024] sps=316,739  policy_loss=-0.0014  value_loss=0.1531  mi_loss=0.0012  mi_valid=0.73  div_loss=-0.2266  kl_loss=0.0000 (disabled)  score=0.942  return=0.810  role_std=4.4857  role_norm=20.2932  enc_delta ego=0.0013 partner=0.0014 road=0.0021
[ROMA step 4,135,059,456] sps=315,963  policy_loss=0.0036  value_loss=0.1367  mi_loss=0.0013  mi_valid=0.71  div_loss=-0.2227  kl_loss=0.0000 (disabled)  score=0.942  return=0.813  role_std=4.6740  role_norm=19.1616  enc_delta ego=0.0013 partner=0.0013 road=0.0022
[ROMA step 4,135,845,888] sps=315,774  policy_loss=-0.0039  value_loss=0.1906  mi_loss=0.0014  mi_valid=0.73  div_loss=-0.2256  kl_loss=0.0000 (disabled)  score=0.942  return=0.816  role_std=4.7620  role_norm=19.6223  enc_delta ego=0.0014 partner=0.0019 road=0.0027
[ROMA step 4,136,632,320] sps=315,593  policy_loss=-0.0018  value_loss=0.2070  mi_loss=0.0013  mi_valid=0.74  div_loss=-0.2275  kl_loss=0.0000 (disabled)  score=0.942  return=0.815  role_std=4.8002  role_norm=20.6324  enc_delta ego=0.0013 partner=0.0016 road=0.0026
[ROMA step 4,137,418,752] sps=315,411  policy_loss=0.0070  value_loss=0.2080  mi_loss=0.0013  mi_valid=0.74  div_loss=-0.2305  kl_loss=0.0000 (disabled)  score=0.942  return=0.814  role_std=4.4533  role_norm=20.8947  enc_delta ego=0.0016 partner=0.0018 road=0.0029
[ROMA step 4,138,205,184] sps=314,738  policy_loss=-0.0026  value_loss=0.2237  mi_loss=0.0014  mi_valid=0.72  div_loss=-0.2451  kl_loss=0.0000 (disabled)  score=0.942  return=0.815  role_std=4.7865  role_norm=20.6919  enc_delta ego=0.0016 partner=0.0015 road=0.0024
[ROMA step 4,138,991,616] sps=314,548  policy_loss=0.0038  value_loss=0.1663  mi_loss=0.0014  mi_valid=0.73  div_loss=-0.2383  kl_loss=0.0000 (disabled)  score=0.942  return=0.818  role_std=4.9342  role_norm=20.1695  enc_delta ego=0.0016 partner=0.0018 road=0.0027
[ROMA step 4,139,778,048] sps=314,349  policy_loss=0.0002  value_loss=0.2010  mi_loss=0.0014  mi_valid=0.73  div_loss=-0.2383  kl_loss=0.0000 (disabled)  score=0.942  return=0.817  role_std=5.0949  role_norm=19.8272  enc_delta ego=0.0013 partner=0.0015 road=0.0030
[ROMA step 4,140,564,480] sps=314,170  policy_loss=0.0076  value_loss=0.2260  mi_loss=0.0014  mi_valid=0.73  div_loss=-0.2334  kl_loss=0.0000 (disabled)  score=0.942  return=0.817  role_std=5.0644  role_norm=20.0558  enc_delta ego=0.0019 partner=0.0016 road=0.0026
[ROMA step 4,141,350,912] sps=313,577  policy_loss=0.0036  value_loss=0.1777  mi_loss=0.0012  mi_valid=0.74  div_loss=-0.2207  kl_loss=0.0000 (disabled)  score=0.943  return=0.819  role_std=4.3261  role_norm=20.5706  enc_delta ego=0.0013 partner=0.0016 road=0.0027
[ROMA step 4,142,137,344] sps=313,402  policy_loss=-0.0001  value_loss=0.2172  mi_loss=0.0013  mi_valid=0.74  div_loss=-0.2197  kl_loss=0.0000 (disabled)  score=0.943  return=0.822  role_std=4.2788  role_norm=20.5324  enc_delta ego=0.0015 partner=0.0019 road=0.0028
[ROMA step 4,142,923,776] sps=313,221  policy_loss=0.0022  value_loss=0.2285  mi_loss=0.0013  mi_valid=0.74  div_loss=-0.2168  kl_loss=0.0000 (disabled)  score=0.943  return=0.822  role_std=4.3963  role_norm=20.5442  enc_delta ego=0.0016 partner=0.0017 road=0.0025
[ROMA step 4,143,710,208] sps=312,634  policy_loss=-0.0009  value_loss=0.2131  mi_loss=0.0014  mi_valid=0.72  div_loss=-0.2188  kl_loss=0.0000 (disabled)  score=0.943  return=0.823  role_std=4.8027  role_norm=20.1932  enc_delta ego=0.0012 partner=0.0016 road=0.0024
[ROMA step 4,144,496,640] sps=312,447  policy_loss=0.0001  value_loss=0.1540  mi_loss=0.0015  mi_valid=0.74  div_loss=-0.2158  kl_loss=0.0000 (disabled)  score=0.943  return=0.824  role_std=4.6536  role_norm=20.0199  enc_delta ego=0.0013 partner=0.0016 road=0.0027
[ROMA step 4,145,283,072] sps=312,270  policy_loss=0.0004  value_loss=0.2362  mi_loss=0.0015  mi_valid=0.75  div_loss=-0.2256  kl_loss=0.0000 (disabled)  score=0.942  return=0.821  role_std=4.3491  role_norm=21.5230  enc_delta ego=0.0015 partner=0.0017 road=0.0029
[ROMA step 4,146,069,504] sps=312,093  policy_loss=-0.0076  value_loss=0.1803  mi_loss=0.0014  mi_valid=0.74  div_loss=-0.2305  kl_loss=0.0000 (disabled)  score=0.942  return=0.819  role_std=4.4774  role_norm=21.2182  enc_delta ego=0.0014 partner=0.0018 road=0.0032
[ROMA step 4,146,855,936] sps=311,513  policy_loss=-0.0021  value_loss=0.2462  mi_loss=0.0014  mi_valid=0.72  div_loss=-0.2354  kl_loss=0.0000 (disabled)  score=0.942  return=0.822  role_std=4.9238  role_norm=20.9192  enc_delta ego=0.0017 partner=0.0015 road=0.0031
[ROMA step 4,147,642,368] sps=311,334  policy_loss=0.0002  value_loss=0.2617  mi_loss=0.0014  mi_valid=0.74  div_loss=-0.2256  kl_loss=0.0000 (disabled)  score=0.942  return=0.820  role_std=4.7261  role_norm=20.7331  enc_delta ego=0.0014 partner=0.0016 road=0.0026
[ROMA step 4,148,428,800] sps=311,162  policy_loss=0.0022  value_loss=0.2423  mi_loss=0.0014  mi_valid=0.74  div_loss=-0.2354  kl_loss=0.0000 (disabled)  score=0.942  return=0.819  role_std=4.8578  role_norm=20.4823  enc_delta ego=0.0016 partner=0.0013 road=0.0020
[ROMA step 4,149,215,232] sps=310,525  policy_loss=0.0070  value_loss=0.1839  mi_loss=0.0013  mi_valid=0.73  div_loss=-0.2314  kl_loss=0.0000 (disabled)  score=0.941  return=0.818  role_std=4.5574  role_norm=20.9032  enc_delta ego=0.0014 partner=0.0016 road=0.0027
[ROMA step 4,150,001,664] sps=310,354  policy_loss=0.0007  value_loss=0.1734  mi_loss=0.0014  mi_valid=0.74  div_loss=-0.2207  kl_loss=0.0000 (disabled)  score=0.941  return=0.819  role_std=4.4924  role_norm=21.0074  enc_delta ego=0.0018 partner=0.0022 road=0.0034
[ROMA step 4,150,788,096] sps=310,182  policy_loss=0.0008  value_loss=0.2649  mi_loss=0.0014  mi_valid=0.74  div_loss=-0.2334  kl_loss=0.0000 (disabled)  score=0.940  return=0.817  role_std=4.4993  role_norm=20.8120  enc_delta ego=0.0016 partner=0.0017 road=0.0024
[ROMA step 4,151,574,528] sps=310,010  policy_loss=-0.0043  value_loss=0.2238  mi_loss=0.0014  mi_valid=0.74  div_loss=-0.2344  kl_loss=0.0000 (disabled)  score=0.939  return=0.815  role_std=4.6402  role_norm=20.4190  enc_delta ego=0.0011 partner=0.0015 road=0.0021
[ROMA step 4,152,360,960] sps=309,420  policy_loss=0.0010  value_loss=0.1929  mi_loss=0.0013  mi_valid=0.73  div_loss=-0.2334  kl_loss=0.0000 (disabled)  score=0.939  return=0.816  role_std=4.8260  role_norm=19.7073  enc_delta ego=0.0011 partner=0.0015 road=0.0023
[ROMA step 4,153,147,392] sps=309,246  policy_loss=-0.0018  value_loss=0.1435  mi_loss=0.0012  mi_valid=0.75  div_loss=-0.2363  kl_loss=0.0000 (disabled)  score=0.939  return=0.817  role_std=4.5004  role_norm=20.3903  enc_delta ego=0.0012 partner=0.0015 road=0.0025
[ROMA step 4,153,933,824] sps=309,079  policy_loss=0.0019  value_loss=0.1856  mi_loss=0.0012  mi_valid=0.75  div_loss=-0.2305  kl_loss=0.0000 (disabled)  score=0.938  return=0.818  role_std=4.3355  role_norm=20.5205  enc_delta ego=0.0012 partner=0.0013 road=0.0020
[ROMA step 4,154,720,256] sps=308,518  policy_loss=0.0025  value_loss=0.1853  mi_loss=0.0014  mi_valid=0.73  div_loss=-0.2256  kl_loss=0.0000 (disabled)  score=0.938  return=0.820  role_std=4.4037  role_norm=21.1934  enc_delta ego=0.0012 partner=0.0014 road=0.0027
[ROMA step 4,155,506,688] sps=308,345  policy_loss=-0.0021  value_loss=0.2470  mi_loss=0.0015  mi_valid=0.74  div_loss=-0.2227  kl_loss=0.0000 (disabled)  score=0.937  return=0.817  role_std=4.4016  role_norm=20.6058  enc_delta ego=0.0015 partner=0.0013 road=0.0022
[ROMA step 4,156,293,120] sps=308,173  policy_loss=-0.0012  value_loss=0.1638  mi_loss=0.0015  mi_valid=0.74  div_loss=-0.2178  kl_loss=0.0000 (disabled)  score=0.937  return=0.815  role_std=4.4758  role_norm=20.1030  enc_delta ego=0.0017 partner=0.0016 road=0.0025
[ROMA step 4,157,079,552] sps=307,990  policy_loss=-0.0051  value_loss=0.2089  mi_loss=0.0015  mi_valid=0.74  div_loss=-0.2158  kl_loss=0.0000 (disabled)  score=0.936  return=0.812  role_std=4.5983  role_norm=20.1212  enc_delta ego=0.0014 partner=0.0015 road=0.0020
[ROMA step 4,157,865,984] sps=307,526  policy_loss=0.0024  value_loss=0.2517  mi_loss=0.0015  mi_valid=0.73  div_loss=-0.2178  kl_loss=0.0000 (disabled)  score=0.936  return=0.810  role_std=4.1869  role_norm=20.9742  enc_delta ego=0.0013 partner=0.0019 road=0.0025
[ROMA step 4,158,652,416] sps=307,358  policy_loss=0.0000  value_loss=0.1685  mi_loss=0.0014  mi_valid=0.74  div_loss=-0.2061  kl_loss=0.0000 (disabled)  score=0.936  return=0.808  role_std=3.9856  role_norm=21.2312  enc_delta ego=0.0011 partner=0.0017 road=0.0020
[ROMA step 4,159,438,848] sps=307,170  policy_loss=0.0046  value_loss=0.1713  mi_loss=0.0015  mi_valid=0.73  div_loss=-0.2100  kl_loss=0.0000 (disabled)  score=0.936  return=0.810  role_std=4.3847  role_norm=20.7895  enc_delta ego=0.0017 partner=0.0015 road=0.0023
[ROMA step 4,160,225,280] sps=305,969  policy_loss=-0.0013  value_loss=0.1457  mi_loss=0.0015  mi_valid=0.72  div_loss=-0.2158  kl_loss=0.0000 (disabled)  score=0.936  return=0.812  role_std=4.8383  role_norm=20.0444  enc_delta ego=0.0011 partner=0.0016 road=0.0018
[ROMA step 4,161,011,712] sps=305,787  policy_loss=-0.0096  value_loss=0.2744  mi_loss=0.0014  mi_valid=0.73  div_loss=-0.2324  kl_loss=0.0000 (disabled)  score=0.937  return=0.810  role_std=4.9470  role_norm=20.2226  enc_delta ego=0.0016 partner=0.0019 road=0.0026
[ROMA step 4,161,798,144] sps=305,611  policy_loss=-0.0011  value_loss=0.2994  mi_loss=0.0014  mi_valid=0.74  div_loss=-0.2266  kl_loss=0.0000 (disabled)  score=0.937  return=0.808  role_std=4.3565  role_norm=21.4346  enc_delta ego=0.0013 partner=0.0019 road=0.0022
[ROMA step 4,162,584,576] sps=305,433  policy_loss=-0.0017  value_loss=0.1946  mi_loss=0.0014  mi_valid=0.74  div_loss=-0.2266  kl_loss=0.0000 (disabled)  score=0.937  return=0.809  role_std=4.4527  role_norm=21.1833  enc_delta ego=0.0013 partner=0.0014 road=0.0025
[ROMA step 4,163,371,008] sps=304,712  policy_loss=-0.0025  value_loss=0.2273  mi_loss=0.0015  mi_valid=0.73  div_loss=-0.2168  kl_loss=0.0000 (disabled)  score=0.937  return=0.806  role_std=4.3600  role_norm=20.7510  enc_delta ego=0.0013 partner=0.0017 road=0.0024
[ROMA step 4,164,157,440] sps=304,533  policy_loss=0.0042  value_loss=0.2317  mi_loss=0.0016  mi_valid=0.74  div_loss=-0.2139  kl_loss=0.0000 (disabled)  score=0.937  return=0.807  role_std=4.4538  role_norm=20.2778  enc_delta ego=0.0014 partner=0.0014 road=0.0024
[ROMA step 4,164,943,872] sps=304,344  policy_loss=0.0015  value_loss=0.1755  mi_loss=0.0016  mi_valid=0.74  div_loss=-0.2051  kl_loss=0.0000 (disabled)  score=0.937  return=0.806  role_std=4.3427  role_norm=20.2921  enc_delta ego=0.0013 partner=0.0015 road=0.0025
[ROMA step 4,165,730,304] sps=304,158  policy_loss=-0.0010  value_loss=0.1984  mi_loss=0.0016  mi_valid=0.74  div_loss=-0.2178  kl_loss=0.0000 (disabled)  score=0.937  return=0.807  role_std=4.4790  role_norm=19.9803  enc_delta ego=0.0012 partner=0.0016 road=0.0021
[ROMA step 4,166,516,736] sps=303,247  policy_loss=0.0032  value_loss=0.3223  mi_loss=0.0016  mi_valid=0.74  div_loss=-0.2246  kl_loss=0.0000 (disabled)  score=0.937  return=0.806  role_std=4.6054  role_norm=21.1473  enc_delta ego=0.0023 partner=0.0016 road=0.0031
[ROMA step 4,167,303,168] sps=303,055  policy_loss=0.0014  value_loss=0.3328  mi_loss=0.0016  mi_valid=0.74  div_loss=-0.2314  kl_loss=0.0000 (disabled)  score=0.937  return=0.804  role_std=4.6777  role_norm=20.9514  enc_delta ego=0.0015 partner=0.0022 road=0.0032
[ROMA step 4,168,089,600] sps=302,803  policy_loss=0.0036  value_loss=0.2307  mi_loss=0.0017  mi_valid=0.74  div_loss=-0.2305  kl_loss=0.0000 (disabled)  score=0.937  return=0.802  role_std=4.7754  role_norm=20.7245  enc_delta ego=0.0012 partner=0.0016 road=0.0026
[ROMA step 4,168,876,032] sps=302,163  policy_loss=0.0019  value_loss=0.3101  mi_loss=0.0016  mi_valid=0.72  div_loss=-0.2314  kl_loss=0.0000 (disabled)  score=0.937  return=0.801  role_std=4.8208  role_norm=20.2758  enc_delta ego=0.0012 partner=0.0015 road=0.0025
[ROMA step 4,169,662,464] sps=301,990  policy_loss=0.0008  value_loss=0.2044  mi_loss=0.0016  mi_valid=0.74  div_loss=-0.2188  kl_loss=0.0000 (disabled)  score=0.938  return=0.803  role_std=4.9758  role_norm=20.0485  enc_delta ego=0.0013 partner=0.0017 road=0.0029
[ROMA step 4,170,448,896] sps=301,815  policy_loss=-0.0003  value_loss=0.1492  mi_loss=0.0016  mi_valid=0.75  div_loss=-0.2070  kl_loss=0.0000 (disabled)  score=0.937  return=0.802  role_std=4.3383  role_norm=21.2353  enc_delta ego=0.0013 partner=0.0015 road=0.0027
[ROMA step 4,171,235,328] sps=301,646  policy_loss=-0.0008  value_loss=0.2590  mi_loss=0.0015  mi_valid=0.74  div_loss=-0.2109  kl_loss=0.0000 (disabled)  score=0.937  return=0.803  role_std=4.2794  role_norm=21.3631  enc_delta ego=0.0012 partner=0.0016 road=0.0024
[ROMA step 4,172,021,760] sps=301,069  policy_loss=0.0047  value_loss=0.2680  mi_loss=0.0016  mi_valid=0.73  div_loss=-0.2168  kl_loss=0.0000 (disabled)  score=0.937  return=0.801  role_std=4.5569  role_norm=20.7089  enc_delta ego=0.0017 partner=0.0019 road=0.0034
[ROMA step 4,172,808,192] sps=300,903  policy_loss=-0.0055  value_loss=0.2348  mi_loss=0.0015  mi_valid=0.75  div_loss=-0.2139  kl_loss=0.0000 (disabled)  score=0.938  return=0.802  role_std=4.4323  role_norm=20.4963  enc_delta ego=0.0015 partner=0.0014 road=0.0028
[ROMA step 4,173,594,624] sps=300,734  policy_loss=0.0083  value_loss=0.2865  mi_loss=0.0015  mi_valid=0.75  div_loss=-0.2217  kl_loss=0.0000 (disabled)  score=0.937  return=0.798  role_std=4.5063  role_norm=20.2830  enc_delta ego=0.0014 partner=0.0014 road=0.0026
[ROMA step 4,174,381,056] sps=300,165  policy_loss=-0.0022  value_loss=0.2225  mi_loss=0.0015  mi_valid=0.74  div_loss=-0.2129  kl_loss=0.0000 (disabled)  score=0.938  return=0.800  role_std=4.2687  role_norm=21.5526  enc_delta ego=0.0017 partner=0.0016 road=0.0032
[ROMA step 4,175,167,488] sps=300,006  policy_loss=-0.0084  value_loss=0.2059  mi_loss=0.0015  mi_valid=0.74  div_loss=-0.2168  kl_loss=0.0000 (disabled)  score=0.938  return=0.800  role_std=4.3467  role_norm=21.4971  enc_delta ego=0.0018 partner=0.0016 road=0.0035
[ROMA step 4,175,953,920] sps=299,842  policy_loss=-0.0047  value_loss=0.2214  mi_loss=0.0014  mi_valid=0.74  div_loss=-0.2197  kl_loss=0.0000 (disabled)  score=0.938  return=0.800  role_std=4.3746  role_norm=21.1830  enc_delta ego=0.0014 partner=0.0017 road=0.0029
[ROMA step 4,176,740,352] sps=299,681  policy_loss=0.0043  value_loss=0.2800  mi_loss=0.0015  mi_valid=0.74  div_loss=-0.2256  kl_loss=0.0000 (disabled)  score=0.938  return=0.799  role_std=4.5315  role_norm=20.9077  enc_delta ego=0.0017 partner=0.0015 road=0.0026
[ROMA step 4,177,526,784] sps=299,098  policy_loss=0.0072  value_loss=0.2667  mi_loss=0.0014  mi_valid=0.72  div_loss=-0.2305  kl_loss=0.0000 (disabled)  score=0.938  return=0.797  role_std=4.9769  role_norm=20.1767  enc_delta ego=0.0012 partner=0.0017 road=0.0024
[ROMA step 4,178,313,216] sps=298,935  policy_loss=-0.0027  value_loss=0.2435  mi_loss=0.0013  mi_valid=0.74  div_loss=-0.2305  kl_loss=0.0000 (disabled)  score=0.939  return=0.796  role_std=4.9046  role_norm=20.1794  enc_delta ego=0.0012 partner=0.0018 road=0.0024
[ROMA step 4,179,099,648] sps=298,771  policy_loss=-0.0018  value_loss=0.2326  mi_loss=0.0013  mi_valid=0.75  div_loss=-0.2441  kl_loss=0.0000 (disabled)  score=0.939  return=0.794  role_std=4.6024  role_norm=21.2011  enc_delta ego=0.0020 partner=0.0024 road=0.0039
[ROMA step 4,179,886,080] sps=298,189  policy_loss=0.0008  value_loss=0.2220  mi_loss=0.0014  mi_valid=0.73  div_loss=-0.2314  kl_loss=0.0000 (disabled)  score=0.939  return=0.793  role_std=4.6983  role_norm=21.5748  enc_delta ego=0.0021 partner=0.0016 road=0.0028
[ROMA step 4,180,672,512] sps=298,027  policy_loss=0.0003  value_loss=0.3002  mi_loss=0.0014  mi_valid=0.73  div_loss=-0.2305  kl_loss=0.0000 (disabled)  score=0.940  return=0.794  role_std=4.8085  role_norm=20.9862  enc_delta ego=0.0016 partner=0.0016 road=0.0028
[ROMA step 4,181,458,944] sps=297,867  policy_loss=-0.0014  value_loss=0.2793  mi_loss=0.0014  mi_valid=0.73  div_loss=-0.2324  kl_loss=0.0000 (disabled)  score=0.940  return=0.792  role_std=5.0057  role_norm=20.7160  enc_delta ego=0.0020 partner=0.0021 road=0.0028
[ROMA step 4,182,245,376] sps=297,701  policy_loss=0.0126  value_loss=0.2102  mi_loss=0.0014  mi_valid=0.73  div_loss=-0.2217  kl_loss=0.0000 (disabled)  score=0.939  return=0.792  role_std=4.8934  role_norm=20.8227  enc_delta ego=0.0016 partner=0.0014 road=0.0025
[ROMA step 4,183,031,808] sps=297,193  policy_loss=-0.0024  value_loss=0.2724  mi_loss=0.0013  mi_valid=0.73  div_loss=-0.2295  kl_loss=0.0000 (disabled)  score=0.939  return=0.790  role_std=4.5708  role_norm=21.0685  enc_delta ego=0.0020 partner=0.0016 road=0.0026
[ROMA step 4,183,818,240] sps=297,017  policy_loss=0.0011  value_loss=0.2320  mi_loss=0.0013  mi_valid=0.74  div_loss=-0.2197  kl_loss=0.0000 (disabled)  score=0.939  return=0.789  role_std=4.4510  role_norm=21.0467  enc_delta ego=0.0016 partner=0.0016 road=0.0027
[ROMA step 4,184,604,672] sps=296,852  policy_loss=-0.0007  value_loss=0.1962  mi_loss=0.0012  mi_valid=0.74  div_loss=-0.2080  kl_loss=0.0000 (disabled)  score=0.939  return=0.790  role_std=4.5713  role_norm=21.0785  enc_delta ego=0.0013 partner=0.0014 road=0.0019
[ROMA step 4,185,391,104] sps=296,359  policy_loss=-0.0027  value_loss=0.1783  mi_loss=0.0013  mi_valid=0.72  div_loss=-0.2100  kl_loss=0.0000 (disabled)  score=0.939  return=0.791  role_std=4.5209  role_norm=20.1527  enc_delta ego=0.0014 partner=0.0013 road=0.0021
[ROMA step 4,186,177,536] sps=296,200  policy_loss=0.0039  value_loss=0.2744  mi_loss=0.0013  mi_valid=0.74  div_loss=-0.2139  kl_loss=0.0000 (disabled)  score=0.939  return=0.793  role_std=4.5321  role_norm=20.6725  enc_delta ego=0.0019 partner=0.0017 road=0.0023
[ROMA step 4,186,963,968] sps=296,041  policy_loss=-0.0040  value_loss=0.1716  mi_loss=0.0012  mi_valid=0.74  div_loss=-0.2119  kl_loss=0.0000 (disabled)  score=0.939  return=0.794  role_std=4.3684  role_norm=21.2557  enc_delta ego=0.0010 partner=0.0014 road=0.0021
[ROMA step 4,187,750,400] sps=295,886  policy_loss=-0.0013  value_loss=0.2296  mi_loss=0.0012  mi_valid=0.74  div_loss=-0.2129  kl_loss=0.0000 (disabled)  score=0.939  return=0.795  role_std=4.4236  role_norm=21.3763  enc_delta ego=0.0012 partner=0.0016 road=0.0027
[ROMA step 4,188,536,832] sps=295,400  policy_loss=-0.0003  value_loss=0.2761  mi_loss=0.0013  mi_valid=0.72  div_loss=-0.2236  kl_loss=0.0000 (disabled)  score=0.939  return=0.795  role_std=4.5848  role_norm=21.6392  enc_delta ego=0.0012 partner=0.0016 road=0.0025
[ROMA step 4,189,323,264] sps=295,241  policy_loss=0.0032  value_loss=0.1613  mi_loss=0.0014  mi_valid=0.73  div_loss=-0.2148  kl_loss=0.0000 (disabled)  score=0.939  return=0.796  role_std=4.4880  role_norm=21.2280  enc_delta ego=0.0011 partner=0.0014 road=0.0022
[ROMA step 4,190,109,696] sps=295,082  policy_loss=0.0011  value_loss=0.2309  mi_loss=0.0014  mi_valid=0.74  div_loss=-0.2148  kl_loss=0.0000 (disabled)  score=0.939  return=0.798  role_std=4.5936  role_norm=20.9095  enc_delta ego=0.0008 partner=0.0015 road=0.0019
[ROMA step 4,190,896,128] sps=294,920  policy_loss=0.0019  value_loss=0.1858  mi_loss=0.0015  mi_valid=0.74  div_loss=-0.2119  kl_loss=0.0000 (disabled)  score=0.940  return=0.806  role_std=4.7283  role_norm=20.7146  enc_delta ego=0.0010 partner=0.0015 road=0.0020
[ROMA step 4,191,682,560] sps=294,425  policy_loss=0.0024  value_loss=0.2115  mi_loss=0.0014  mi_valid=0.74  div_loss=-0.2275  kl_loss=0.0000 (disabled)  score=0.940  return=0.805  role_std=4.5138  role_norm=21.7430  enc_delta ego=0.0014 partner=0.0015 road=0.0033
[ROMA step 4,192,468,992] sps=294,265  policy_loss=-0.0043  value_loss=0.2763  mi_loss=0.0013  mi_valid=0.74  div_loss=-0.2383  kl_loss=0.0000 (disabled)  score=0.941  return=0.806  role_std=4.5384  role_norm=21.4192  enc_delta ego=0.0012 partner=0.0019 road=0.0029
[ROMA step 4,193,255,424] sps=294,112  policy_loss=0.0016  value_loss=0.2701  mi_loss=0.0014  mi_valid=0.74  div_loss=-0.2295  kl_loss=0.0000 (disabled)  score=0.941  return=0.804  role_std=4.8916  role_norm=21.1992  enc_delta ego=0.0010 partner=0.0017 road=0.0024
[ROMA step 4,194,041,856] sps=293,663  policy_loss=0.0032  value_loss=0.2412  mi_loss=0.0015  mi_valid=0.72  div_loss=-0.2314  kl_loss=0.0000 (disabled)  score=0.941  return=0.801  role_std=4.9260  role_norm=20.3891  enc_delta ego=0.0011 partner=0.0015 road=0.0023
[ROMA step 4,194,828,288] sps=293,514  policy_loss=0.0072  value_loss=0.2645  mi_loss=0.0016  mi_valid=0.74  div_loss=-0.2227  kl_loss=0.0000 (disabled)  score=0.941  return=0.803  role_std=4.7976  role_norm=19.7530  enc_delta ego=0.0016 partner=0.0018 road=0.0024
[ROMA step 4,195,614,720] sps=293,366  policy_loss=-0.0022  value_loss=0.2597  mi_loss=0.0015  mi_valid=0.75  div_loss=-0.2256  kl_loss=0.0000 (disabled)  score=0.942  return=0.804  role_std=4.1994  role_norm=21.1628  enc_delta ego=0.0012 partner=0.0016 road=0.0021
[ROMA step 4,196,401,152] sps=293,215  policy_loss=0.0027  value_loss=0.2466  mi_loss=0.0016  mi_valid=0.74  div_loss=-0.2217  kl_loss=0.0000 (disabled)  score=0.942  return=0.805  role_std=4.4327  role_norm=21.2183  enc_delta ego=0.0012 partner=0.0016 road=0.0022
[ROMA step 4,197,187,584] sps=292,770  policy_loss=0.0018  value_loss=0.2217  mi_loss=0.0014  mi_valid=0.73  div_loss=-0.2197  kl_loss=0.0000 (disabled)  score=0.943  return=0.807  role_std=4.7812  role_norm=20.8332  enc_delta ego=0.0015 partner=0.0013 road=0.0020
[ROMA step 4,197,974,016] sps=292,622  policy_loss=-0.0043  value_loss=0.0985  mi_loss=0.0013  mi_valid=0.75  div_loss=-0.2080  kl_loss=0.0000 (disabled)  score=0.942  return=0.807  role_std=4.3141  role_norm=20.8250  enc_delta ego=0.0010 partner=0.0013 road=0.0023
[ROMA step 4,198,760,448] sps=292,473  policy_loss=-0.0017  value_loss=0.1401  mi_loss=0.0014  mi_valid=0.75  div_loss=-0.1982  kl_loss=0.0000 (disabled)  score=0.943  return=0.809  role_std=4.1821  role_norm=20.7421  enc_delta ego=0.0010 partner=0.0014 road=0.0020
[ROMA step 4,199,546,880] sps=291,989  policy_loss=-0.0014  value_loss=0.1502  mi_loss=0.0013  mi_valid=0.74  div_loss=-0.2002  kl_loss=0.0000 (disabled)  score=0.942  return=0.808  role_std=4.1247  role_norm=21.0986  enc_delta ego=0.0012 partner=0.0014 road=0.0024
[ROMA step 4,200,333,312] sps=291,842  policy_loss=-0.0061  value_loss=0.1597  mi_loss=0.0015  mi_valid=0.75  div_loss=-0.2012  kl_loss=0.0000 (disabled)  score=0.943  return=0.809  role_std=4.2166  role_norm=20.9603  enc_delta ego=0.0012 partner=0.0013 road=0.0020
[ROMA step 4,201,119,744] sps=291,694  policy_loss=0.0048  value_loss=0.1459  mi_loss=0.0015  mi_valid=0.74  div_loss=-0.2012  kl_loss=0.0000 (disabled)  score=0.943  return=0.812  role_std=4.0482  role_norm=21.2557  enc_delta ego=0.0013 partner=0.0015 road=0.0025
[ROMA step 4,201,906,176] sps=291,547  policy_loss=-0.0096  value_loss=0.1186  mi_loss=0.0015  mi_valid=0.74  div_loss=-0.2012  kl_loss=0.0000 (disabled)  score=0.943  return=0.817  role_std=4.0182  role_norm=21.1949  enc_delta ego=0.0013 partner=0.0013 road=0.0026
[ROMA step 4,202,692,608] sps=291,095  policy_loss=0.0025  value_loss=0.2606  mi_loss=0.0013  mi_valid=0.73  div_loss=-0.2197  kl_loss=0.0000 (disabled)  score=0.943  return=0.816  role_std=4.6534  role_norm=20.4265  enc_delta ego=0.0011 partner=0.0016 road=0.0023
[ROMA step 4,203,479,040] sps=290,940  policy_loss=-0.0053  value_loss=0.2048  mi_loss=0.0014  mi_valid=0.74  div_loss=-0.2197  kl_loss=0.0000 (disabled)  score=0.943  return=0.817  role_std=4.7527  role_norm=20.2422  enc_delta ego=0.0011 partner=0.0015 road=0.0022
[ROMA step 4,204,265,472] sps=290,788  policy_loss=-0.0023  value_loss=0.2189  mi_loss=0.0014  mi_valid=0.75  div_loss=-0.2227  kl_loss=0.0000 (disabled)  score=0.943  return=0.818  role_std=4.2022  role_norm=21.4351  enc_delta ego=0.0013 partner=0.0018 road=0.0036
[ROMA step 4,205,051,904] sps=290,330  policy_loss=0.0033  value_loss=0.2387  mi_loss=0.0014  mi_valid=0.73  div_loss=-0.2168  kl_loss=0.0000 (disabled)  score=0.944  return=0.817  role_std=4.2410  role_norm=22.0763  enc_delta ego=0.0016 partner=0.0017 road=0.0027
[ROMA step 4,205,838,336] sps=290,144  policy_loss=-0.0004  value_loss=0.2681  mi_loss=0.0015  mi_valid=0.74  div_loss=-0.2148  kl_loss=0.0000 (disabled)  score=0.944  return=0.816  role_std=4.2989  role_norm=21.6296  enc_delta ego=0.0012 partner=0.0014 road=0.0024
[ROMA step 4,206,624,768] sps=289,994  policy_loss=0.0013  value_loss=0.1521  mi_loss=0.0015  mi_valid=0.74  div_loss=-0.2061  kl_loss=0.0000 (disabled)  score=0.944  return=0.817  role_std=4.6350  role_norm=21.1756  enc_delta ego=0.0013 partner=0.0017 road=0.0027
[ROMA step 4,207,411,200] sps=289,844  policy_loss=-0.0010  value_loss=0.1891  mi_loss=0.0014  mi_valid=0.74  div_loss=-0.2051  kl_loss=0.0000 (disabled)  score=0.944  return=0.818  role_std=4.5841  role_norm=21.1329  enc_delta ego=0.0015 partner=0.0014 road=0.0032
[ROMA step 4,208,197,632] sps=289,198  policy_loss=-0.0025  value_loss=0.2334  mi_loss=0.0014  mi_valid=0.73  div_loss=-0.2266  kl_loss=0.0000 (disabled)  score=0.944  return=0.817  role_std=4.3538  role_norm=21.9234  enc_delta ego=0.0013 partner=0.0016 road=0.0030
[ROMA step 4,208,984,064] sps=289,051  policy_loss=-0.0003  value_loss=0.2273  mi_loss=0.0013  mi_valid=0.74  div_loss=-0.2266  kl_loss=0.0000 (disabled)  score=0.944  return=0.818  role_std=4.7374  role_norm=21.7075  enc_delta ego=0.0011 partner=0.0017 road=0.0026
[ROMA step 4,209,770,496] sps=288,888  policy_loss=-0.0024  value_loss=0.2627  mi_loss=0.0013  mi_valid=0.74  div_loss=-0.2314  kl_loss=0.0000 (disabled)  score=0.944  return=0.817  role_std=4.8335  role_norm=21.4294  enc_delta ego=0.0012 partner=0.0016 road=0.0027
[ROMA step 4,210,556,928] sps=288,382  policy_loss=-0.0029  value_loss=0.2061  mi_loss=0.0013  mi_valid=0.72  div_loss=-0.2275  kl_loss=0.0000 (disabled)  score=0.944  return=0.815  role_std=4.7601  role_norm=20.0719  enc_delta ego=0.0013 partner=0.0017 road=0.0030
[ROMA step 4,211,343,360] sps=288,224  policy_loss=0.0002  value_loss=0.3439  mi_loss=0.0017  mi_valid=0.74  div_loss=-0.2246  kl_loss=0.0000 (disabled)  score=0.943  return=0.810  role_std=4.8301  role_norm=20.3611  enc_delta ego=0.0014 partner=0.0018 road=0.0029
[ROMA step 4,212,129,792] sps=288,070  policy_loss=0.0014  value_loss=0.3709  mi_loss=0.0016  mi_valid=0.75  div_loss=-0.2295  kl_loss=0.0000 (disabled)  score=0.943  return=0.809  role_std=4.4479  role_norm=21.5988  enc_delta ego=0.0014 partner=0.0017 road=0.0027
[ROMA step 4,212,916,224] sps=287,930  policy_loss=0.0003  value_loss=0.3498  mi_loss=0.0016  mi_valid=0.75  div_loss=-0.2334  kl_loss=0.0000 (disabled)  score=0.943  return=0.805  role_std=4.8818  role_norm=21.7343  enc_delta ego=0.0009 partner=0.0014 road=0.0023
[ROMA step 4,213,702,656] sps=287,225  policy_loss=-0.0012  value_loss=0.2886  mi_loss=0.0015  mi_valid=0.73  div_loss=-0.2236  kl_loss=0.0000 (disabled)  score=0.942  return=0.802  role_std=4.7921  role_norm=21.7863  enc_delta ego=0.0011 partner=0.0018 road=0.0021
[ROMA step 4,214,489,088] sps=287,087  policy_loss=-0.0043  value_loss=0.2019  mi_loss=0.0014  mi_valid=0.75  div_loss=-0.2236  kl_loss=0.0000 (disabled)  score=0.942  return=0.800  role_std=4.7392  role_norm=21.4953  enc_delta ego=0.0016 partner=0.0017 road=0.0026
[ROMA step 4,215,275,520] sps=286,948  policy_loss=-0.0022  value_loss=0.3385  mi_loss=0.0014  mi_valid=0.75  div_loss=-0.2295  kl_loss=0.0000 (disabled)  score=0.942  return=0.798  role_std=4.9208  role_norm=21.0889  enc_delta ego=0.0015 partner=0.0016 road=0.0026
[ROMA step 4,216,061,952] sps=286,156  policy_loss=-0.0017  value_loss=0.3244  mi_loss=0.0014  mi_valid=0.74  div_loss=-0.2256  kl_loss=0.0000 (disabled)  score=0.941  return=0.796  role_std=5.1526  role_norm=20.9854  enc_delta ego=0.0013 partner=0.0017 road=0.0024
[ROMA step 4,216,848,384] sps=286,012  policy_loss=0.0091  value_loss=0.2791  mi_loss=0.0014  mi_valid=0.75  div_loss=-0.2295  kl_loss=0.0000 (disabled)  score=0.942  return=0.799  role_std=4.7605  role_norm=21.9858  enc_delta ego=0.0011 partner=0.0015 road=0.0023
[ROMA step 4,217,634,816] sps=285,869  policy_loss=-0.0001  value_loss=0.2571  mi_loss=0.0015  mi_valid=0.73  div_loss=-0.2197  kl_loss=0.0000 (disabled)  score=0.942  return=0.799  role_std=4.7488  role_norm=21.8560  enc_delta ego=0.0014 partner=0.0013 road=0.0024
[ROMA step 4,218,421,248] sps=285,727  policy_loss=-0.0011  value_loss=0.3050  mi_loss=0.0014  mi_valid=0.73  div_loss=-0.2314  kl_loss=0.0000 (disabled)  score=0.942  return=0.799  role_std=4.7189  role_norm=21.6714  enc_delta ego=0.0014 partner=0.0014 road=0.0024
[ROMA step 4,219,207,680] sps=285,290  policy_loss=-0.0059  value_loss=0.2362  mi_loss=0.0015  mi_valid=0.72  div_loss=-0.2236  kl_loss=0.0000 (disabled)  score=0.942  return=0.797  role_std=4.8827  role_norm=20.5705  enc_delta ego=0.0010 partner=0.0012 road=0.0021
[ROMA step 4,219,994,112] sps=285,146  policy_loss=0.0058  value_loss=0.2232  mi_loss=0.0015  mi_valid=0.75  div_loss=-0.2217  kl_loss=0.0000 (disabled)  score=0.942  return=0.799  role_std=4.8530  role_norm=20.5325  enc_delta ego=0.0011 partner=0.0014 road=0.0021
[ROMA step 4,220,780,544] sps=285,001  policy_loss=-0.0017  value_loss=0.2168  mi_loss=0.0016  mi_valid=0.75  div_loss=-0.2188  kl_loss=0.0000 (disabled)  score=0.942  return=0.796  role_std=4.5158  role_norm=21.2849  enc_delta ego=0.0011 partner=0.0015 road=0.0028
[ROMA step 4,221,566,976] sps=284,863  policy_loss=-0.0019  value_loss=0.2246  mi_loss=0.0015  mi_valid=0.75  div_loss=-0.2158  kl_loss=0.0000 (disabled)  score=0.942  return=0.795  role_std=4.5347  role_norm=21.6936  enc_delta ego=0.0013 partner=0.0014 road=0.0022
[ROMA step 4,222,353,408] sps=284,299  policy_loss=0.0004  value_loss=0.1942  mi_loss=0.0015  mi_valid=0.73  div_loss=-0.2207  kl_loss=0.0000 (disabled)  score=0.942  return=0.793  role_std=4.7703  role_norm=21.7118  enc_delta ego=0.0015 partner=0.0017 road=0.0027
[ROMA step 4,223,139,840] sps=284,160  policy_loss=-0.0027  value_loss=0.1663  mi_loss=0.0014  mi_valid=0.74  div_loss=-0.2168  kl_loss=0.0000 (disabled)  score=0.942  return=0.793  role_std=4.6997  role_norm=21.4391  enc_delta ego=0.0015 partner=0.0016 road=0.0029
[ROMA step 4,223,926,272] sps=284,022  policy_loss=0.0010  value_loss=0.1817  mi_loss=0.0014  mi_valid=0.74  div_loss=-0.2266  kl_loss=0.0000 (disabled)  score=0.942  return=0.793  role_std=4.9509  role_norm=21.0264  enc_delta ego=0.0013 partner=0.0015 road=0.0023
[ROMA step 4,224,712,704] sps=283,580  policy_loss=-0.0008  value_loss=0.2380  mi_loss=0.0014  mi_valid=0.73  div_loss=-0.2295  kl_loss=0.0000 (disabled)  score=0.942  return=0.793  role_std=4.8165  role_norm=21.7218  enc_delta ego=0.0015 partner=0.0016 road=0.0025
[ROMA step 4,225,499,136] sps=283,438  policy_loss=-0.0043  value_loss=0.4184  mi_loss=0.0017  mi_valid=0.75  div_loss=-0.2432  kl_loss=0.0000 (disabled)  score=0.942  return=0.789  role_std=5.0639  role_norm=21.7998  enc_delta ego=0.0016 partner=0.0016 road=0.0025
[ROMA step 4,226,285,568] sps=283,300  policy_loss=-0.0062  value_loss=0.3346  mi_loss=0.0017  mi_valid=0.74  div_loss=-0.2412  kl_loss=0.0000 (disabled)  score=0.941  return=0.784  role_std=4.9042  role_norm=21.6911  enc_delta ego=0.0016 partner=0.0015 road=0.0023
[ROMA step 4,227,072,000] sps=283,161  policy_loss=0.0003  value_loss=0.4263  mi_loss=0.0017  mi_valid=0.74  div_loss=-0.2451  kl_loss=0.0000 (disabled)  score=0.941  return=0.782  role_std=5.5608  role_norm=21.3502  enc_delta ego=0.0017 partner=0.0016 road=0.0026
[ROMA step 4,227,858,432] sps=282,746  policy_loss=0.0053  value_loss=0.3885  mi_loss=0.0016  mi_valid=0.72  div_loss=-0.2383  kl_loss=0.0000 (disabled)  score=0.940  return=0.781  role_std=5.0512  role_norm=21.2922  enc_delta ego=0.0016 partner=0.0016 road=0.0027
[ROMA step 4,228,644,864] sps=282,601  policy_loss=-0.0022  value_loss=0.1643  mi_loss=0.0015  mi_valid=0.74  div_loss=-0.2188  kl_loss=0.0000 (disabled)  score=0.940  return=0.784  role_std=5.0391  role_norm=20.9714  enc_delta ego=0.0015 partner=0.0018 road=0.0029
[ROMA step 4,229,431,296] sps=282,465  policy_loss=-0.0001  value_loss=0.2485  mi_loss=0.0014  mi_valid=0.75  div_loss=-0.2314  kl_loss=0.0000 (disabled)  score=0.939  return=0.783  role_std=4.7382  role_norm=21.9190  enc_delta ego=0.0011 partner=0.0017 road=0.0021
[ROMA step 4,230,217,728] sps=282,075  policy_loss=-0.0037  value_loss=0.1983  mi_loss=0.0014  mi_valid=0.73  div_loss=-0.2256  kl_loss=0.0000 (disabled)  score=0.938  return=0.782  role_std=4.5213  role_norm=22.1343  enc_delta ego=0.0015 partner=0.0017 road=0.0027
[ROMA step 4,231,004,160] sps=281,938  policy_loss=-0.0019  value_loss=0.1378  mi_loss=0.0014  mi_valid=0.74  div_loss=-0.2070  kl_loss=0.0000 (disabled)  score=0.938  return=0.782  role_std=4.6794  role_norm=21.5380  enc_delta ego=0.0015 partner=0.0015 road=0.0024
[ROMA step 4,231,790,592] sps=281,803  policy_loss=-0.0097  value_loss=0.1560  mi_loss=0.0015  mi_valid=0.74  div_loss=-0.2051  kl_loss=0.0000 (disabled)  score=0.937  return=0.781  role_std=4.6273  role_norm=21.7351  enc_delta ego=0.0015 partner=0.0012 road=0.0021
[ROMA step 4,232,577,024] sps=281,668  policy_loss=-0.0071  value_loss=0.1050  mi_loss=0.0013  mi_valid=0.74  div_loss=-0.2041  kl_loss=0.0000 (disabled)  score=0.937  return=0.783  role_std=4.3066  role_norm=21.2431  enc_delta ego=0.0012 partner=0.0012 road=0.0017
[ROMA step 4,233,363,456] sps=281,192  policy_loss=-0.0061  value_loss=0.1966  mi_loss=0.0015  mi_valid=0.74  div_loss=-0.2168  kl_loss=0.0000 (disabled)  score=0.936  return=0.782  role_std=4.4441  role_norm=21.9639  enc_delta ego=0.0013 partner=0.0015 road=0.0027
[ROMA step 4,234,149,888] sps=281,054  policy_loss=0.0040  value_loss=0.2611  mi_loss=0.0015  mi_valid=0.75  div_loss=-0.2197  kl_loss=0.0000 (disabled)  score=0.936  return=0.782  role_std=4.7284  role_norm=21.8073  enc_delta ego=0.0017 partner=0.0016 road=0.0029
[ROMA step 4,234,936,320] sps=280,902  policy_loss=-0.0031  value_loss=0.2150  mi_loss=0.0016  mi_valid=0.75  div_loss=-0.2207  kl_loss=0.0000 (disabled)  score=0.935  return=0.780  role_std=4.6914  role_norm=21.7309  enc_delta ego=0.0018 partner=0.0018 road=0.0031
[ROMA step 4,235,722,752] sps=280,485  policy_loss=0.0015  value_loss=0.2571  mi_loss=0.0016  mi_valid=0.73  div_loss=-0.2207  kl_loss=0.0000 (disabled)  score=0.935  return=0.782  role_std=4.5182  role_norm=21.2163  enc_delta ego=0.0015 partner=0.0015 road=0.0025
[ROMA step 4,236,509,184] sps=280,349  policy_loss=-0.0039  value_loss=0.0996  mi_loss=0.0014  mi_valid=0.74  div_loss=-0.2041  kl_loss=0.0000 (disabled)  score=0.934  return=0.785  role_std=4.6696  role_norm=21.4445  enc_delta ego=0.0014 partner=0.0013 road=0.0025
[ROMA step 4,237,295,616] sps=280,218  policy_loss=0.0054  value_loss=0.1366  mi_loss=0.0014  mi_valid=0.74  div_loss=-0.2070  kl_loss=0.0000 (disabled)  score=0.935  return=0.790  role_std=4.4521  role_norm=21.2155  enc_delta ego=0.0014 partner=0.0012 road=0.0021
[ROMA step 4,238,082,048] sps=280,085  policy_loss=0.0005  value_loss=0.1073  mi_loss=0.0014  mi_valid=0.74  div_loss=-0.2080  kl_loss=0.0000 (disabled)  score=0.935  return=0.792  role_std=4.1549  role_norm=22.2891  enc_delta ego=0.0015 partner=0.0010 road=0.0017
[ROMA step 4,238,868,480] sps=279,664  policy_loss=-0.0045  value_loss=0.1867  mi_loss=0.0015  mi_valid=0.72  div_loss=-0.2197  kl_loss=0.0000 (disabled)  score=0.935  return=0.795  role_std=4.7943  role_norm=22.0244  enc_delta ego=0.0015 partner=0.0018 road=0.0025
[ROMA step 4,239,654,912] sps=279,531  policy_loss=-0.0018  value_loss=0.3092  mi_loss=0.0016  mi_valid=0.73  div_loss=-0.2217  kl_loss=0.0000 (disabled)  score=0.936  return=0.796  role_std=5.0634  role_norm=21.8197  enc_delta ego=0.0016 partner=0.0017 road=0.0021
[ROMA step 4,240,441,344] sps=279,397  policy_loss=-0.0083  value_loss=0.2743  mi_loss=0.0015  mi_valid=0.73  div_loss=-0.2197  kl_loss=0.0000 (disabled)  score=0.936  return=0.796  role_std=4.7689  role_norm=21.7175  enc_delta ego=0.0014 partner=0.0021 road=0.0027
[ROMA step 4,241,227,776] sps=278,998  policy_loss=0.0065  value_loss=0.2638  mi_loss=0.0015  mi_valid=0.72  div_loss=-0.2158  kl_loss=0.0000 (disabled)  score=0.936  return=0.796  role_std=4.9265  role_norm=20.5294  enc_delta ego=0.0017 partner=0.0015 road=0.0023
[ROMA step 4,242,014,208] sps=278,867  policy_loss=0.0075  value_loss=0.3339  mi_loss=0.0017  mi_valid=0.75  div_loss=-0.2197  kl_loss=0.0000 (disabled)  score=0.936  return=0.795  role_std=4.5330  role_norm=22.1633  enc_delta ego=0.0018 partner=0.0015 road=0.0027
[ROMA step 4,242,800,640] sps=278,736  policy_loss=0.0036  value_loss=0.2507  mi_loss=0.0016  mi_valid=0.74  div_loss=-0.2158  kl_loss=0.0000 (disabled)  score=0.935  return=0.796  role_std=4.7353  role_norm=21.9916  enc_delta ego=0.0013 partner=0.0016 road=0.0027
[ROMA step 4,243,587,072] sps=278,604  policy_loss=0.0031  value_loss=0.2477  mi_loss=0.0016  mi_valid=0.73  div_loss=-0.2197  kl_loss=0.0000 (disabled)  score=0.935  return=0.796  role_std=4.6176  role_norm=21.9189  enc_delta ego=0.0011 partner=0.0016 road=0.0022
[ROMA step 4,244,373,504] sps=278,194  policy_loss=0.0038  value_loss=0.1920  mi_loss=0.0015  mi_valid=0.72  div_loss=-0.2100  kl_loss=0.0000 (disabled)  score=0.936  return=0.795  role_std=4.5786  role_norm=21.4441  enc_delta ego=0.0012 partner=0.0016 road=0.0025
[ROMA step 4,245,159,936] sps=278,063  policy_loss=-0.0058  value_loss=0.2302  mi_loss=0.0014  mi_valid=0.73  div_loss=-0.2070  kl_loss=0.0000 (disabled)  score=0.936  return=0.796  role_std=4.7148  role_norm=21.4682  enc_delta ego=0.0011 partner=0.0016 road=0.0024
[ROMA step 4,245,946,368] sps=277,934  policy_loss=-0.0044  value_loss=0.1993  mi_loss=0.0014  mi_valid=0.74  div_loss=-0.2129  kl_loss=0.0000 (disabled)  score=0.937  return=0.797  role_std=4.2426  role_norm=22.0042  enc_delta ego=0.0009 partner=0.0014 road=0.0026
[ROMA step 4,246,732,800] sps=277,797  policy_loss=-0.0004  value_loss=0.2367  mi_loss=0.0014  mi_valid=0.74  div_loss=-0.2139  kl_loss=0.0000 (disabled)  score=0.937  return=0.796  role_std=4.5157  role_norm=21.9196  enc_delta ego=0.0010 partner=0.0014 road=0.0023
[ROMA step 4,247,519,232] sps=277,412  policy_loss=-0.0034  value_loss=0.2037  mi_loss=0.0014  mi_valid=0.72  div_loss=-0.2100  kl_loss=0.0000 (disabled)  score=0.937  return=0.797  role_std=4.3145  role_norm=22.1405  enc_delta ego=0.0011 partner=0.0014 road=0.0027
[ROMA step 4,248,305,664] sps=277,281  policy_loss=-0.0090  value_loss=0.2302  mi_loss=0.0014  mi_valid=0.73  div_loss=-0.2090  kl_loss=0.0000 (disabled)  score=0.938  return=0.797  role_std=4.7384  role_norm=21.8594  enc_delta ego=0.0009 partner=0.0014 road=0.0025
[ROMA step 4,249,092,096] sps=277,153  policy_loss=0.0067  value_loss=0.2090  mi_loss=0.0015  mi_valid=0.73  div_loss=-0.2061  kl_loss=0.0000 (disabled)  score=0.938  return=0.799  role_std=4.5160  role_norm=21.4973  enc_delta ego=0.0013 partner=0.0013 road=0.0023
[ROMA step 4,249,878,528] sps=276,748  policy_loss=-0.0080  value_loss=0.2179  mi_loss=0.0014  mi_valid=0.73  div_loss=-0.2197  kl_loss=0.0000 (disabled)  score=0.939  return=0.806  role_std=4.6119  role_norm=22.2513  enc_delta ego=0.0014 partner=0.0017 road=0.0024
[ROMA step 4,250,664,960] sps=276,617  policy_loss=0.0030  value_loss=0.3058  mi_loss=0.0015  mi_valid=0.74  div_loss=-0.2344  kl_loss=0.0000 (disabled)  score=0.940  return=0.808  role_std=4.4316  role_norm=22.1698  enc_delta ego=0.0013 partner=0.0019 road=0.0026
[ROMA] Saved -> /scratch/e452103/checkpoints/roma_mifutagent_dim1_H8_r16p64_ft_collstop_nodiv/roma_dim1_step4250664960.pt
[ROMA step 4,251,451,392] sps=276,489  policy_loss=-0.0036  value_loss=0.3065  mi_loss=0.0015  mi_valid=0.73  div_loss=-0.2314  kl_loss=0.0000 (disabled)  score=0.940  return=0.808  role_std=4.6826  role_norm=22.1112  enc_delta ego=0.0014 partner=0.0019 road=0.0025
[ROMA step 4,252,237,824] sps=276,356  policy_loss=0.0032  value_loss=0.3434  mi_loss=0.0015  mi_valid=0.73  div_loss=-0.2354  kl_loss=0.0000 (disabled)  score=0.940  return=0.806  role_std=5.0370  role_norm=21.9803  enc_delta ego=0.0012 partner=0.0014 road=0.0019
[ROMA step 4,253,024,256] sps=275,944  policy_loss=-0.0041  value_loss=0.2489  mi_loss=0.0015  mi_valid=0.73  div_loss=-0.2334  kl_loss=0.0000 (disabled)  score=0.941  return=0.806  role_std=5.3100  role_norm=20.5547  enc_delta ego=0.0010 partner=0.0013 road=0.0022
[ROMA step 4,253,810,688] sps=275,817  policy_loss=0.0002  value_loss=0.2850  mi_loss=0.0014  mi_valid=0.75  div_loss=-0.2334  kl_loss=0.0000 (disabled)  score=0.942  return=0.806  role_std=5.0245  role_norm=20.4534  enc_delta ego=0.0012 partner=0.0015 road=0.0022
[ROMA step 4,254,597,120] sps=275,686  policy_loss=-0.0014  value_loss=0.2533  mi_loss=0.0013  mi_valid=0.76  div_loss=-0.2324  kl_loss=0.0000 (disabled)  score=0.942  return=0.804  role_std=4.6996  role_norm=21.7333  enc_delta ego=0.0014 partner=0.0015 road=0.0024
[ROMA step 4,255,383,552] sps=275,300  policy_loss=0.0023  value_loss=0.2228  mi_loss=0.0014  mi_valid=0.74  div_loss=-0.2354  kl_loss=0.0000 (disabled)  score=0.942  return=0.802  role_std=4.7409  role_norm=22.1112  enc_delta ego=0.0012 partner=0.0016 road=0.0021
[ROMA step 4,256,169,984] sps=275,172  policy_loss=-0.0050  value_loss=0.2308  mi_loss=0.0015  mi_valid=0.73  div_loss=-0.2197  kl_loss=0.0000 (disabled)  score=0.943  return=0.803  role_std=4.8398  role_norm=21.8459  enc_delta ego=0.0020 partner=0.0015 road=0.0026
[ROMA step 4,256,956,416] sps=275,046  policy_loss=-0.0035  value_loss=0.2681  mi_loss=0.0015  mi_valid=0.73  div_loss=-0.2197  kl_loss=0.0000 (disabled)  score=0.944  return=0.804  role_std=5.1317  role_norm=21.6187  enc_delta ego=0.0017 partner=0.0013 road=0.0021
[ROMA step 4,257,742,848] sps=274,904  policy_loss=-0.0042  value_loss=0.2421  mi_loss=0.0015  mi_valid=0.73  div_loss=-0.2188  kl_loss=0.0000 (disabled)  score=0.944  return=0.806  role_std=4.7402  role_norm=21.2853  enc_delta ego=0.0009 partner=0.0011 road=0.0016
[ROMA step 4,258,529,280] sps=274,557  policy_loss=0.0025  value_loss=0.2872  mi_loss=0.0014  mi_valid=0.73  div_loss=-0.2227  kl_loss=0.0000 (disabled)  score=0.944  return=0.806  role_std=4.7192  role_norm=22.5228  enc_delta ego=0.0014 partner=0.0014 road=0.0021
[ROMA step 4,259,315,712] sps=274,422  policy_loss=0.0023  value_loss=0.2114  mi_loss=0.0013  mi_valid=0.75  div_loss=-0.2158  kl_loss=0.0000 (disabled)  score=0.944  return=0.804  role_std=4.4694  role_norm=22.2350  enc_delta ego=0.0016 partner=0.0020 road=0.0032
[ROMA step 4,260,102,144] sps=274,286  policy_loss=-0.0058  value_loss=0.1095  mi_loss=0.0013  mi_valid=0.74  div_loss=-0.2158  kl_loss=0.0000 (disabled)  score=0.944  return=0.802  role_std=4.5984  role_norm=21.8478  enc_delta ego=0.0010 partner=0.0012 road=0.0018
[ROMA step 4,260,888,576] sps=273,933  policy_loss=0.0038  value_loss=0.2246  mi_loss=0.0014  mi_valid=0.72  div_loss=-0.2236  kl_loss=0.0000 (disabled)  score=0.944  return=0.802  role_std=4.9443  role_norm=21.1496  enc_delta ego=0.0010 partner=0.0013 road=0.0018
[ROMA step 4,261,675,008] sps=273,804  policy_loss=-0.0036  value_loss=0.1853  mi_loss=0.0013  mi_valid=0.73  div_loss=-0.2188  kl_loss=0.0000 (disabled)  score=0.944  return=0.801  role_std=4.8411  role_norm=21.0354  enc_delta ego=0.0014 partner=0.0013 road=0.0026
[ROMA step 4,262,461,440] sps=273,678  policy_loss=0.0001  value_loss=0.2028  mi_loss=0.0013  mi_valid=0.74  div_loss=-0.2188  kl_loss=0.0000 (disabled)  score=0.945  return=0.804  role_std=4.7566  role_norm=21.3822  enc_delta ego=0.0012 partner=0.0015 road=0.0023
[ROMA step 4,263,247,872] sps=273,544  policy_loss=0.0033  value_loss=0.2011  mi_loss=0.0013  mi_valid=0.74  div_loss=-0.2129  kl_loss=0.0000 (disabled)  score=0.945  return=0.808  role_std=4.5097  role_norm=22.4019  enc_delta ego=0.0011 partner=0.0015 road=0.0025
[ROMA step 4,264,034,304] sps=273,176  policy_loss=-0.0029  value_loss=0.1854  mi_loss=0.0014  mi_valid=0.72  div_loss=-0.2070  kl_loss=0.0000 (disabled)  score=0.945  return=0.810  role_std=4.6182  role_norm=22.5069  enc_delta ego=0.0010 partner=0.0014 road=0.0023
[ROMA step 4,264,820,736] sps=273,039  policy_loss=-0.0062  value_loss=0.1785  mi_loss=0.0014  mi_valid=0.73  div_loss=-0.2061  kl_loss=0.0000 (disabled)  score=0.945  return=0.813  role_std=4.5440  role_norm=22.3942  enc_delta ego=0.0013 partner=0.0014 road=0.0023
[ROMA step 4,265,607,168] sps=272,903  policy_loss=-0.0045  value_loss=0.1585  mi_loss=0.0015  mi_valid=0.73  div_loss=-0.2021  kl_loss=0.0000 (disabled)  score=0.945  return=0.815  role_std=4.3541  role_norm=22.1416  enc_delta ego=0.0009 partner=0.0011 road=0.0017
[ROMA step 4,266,393,600] sps=272,518  policy_loss=0.0018  value_loss=0.1465  mi_loss=0.0015  mi_valid=0.72  div_loss=-0.1992  kl_loss=0.0000 (disabled)  score=0.945  return=0.820  role_std=5.0592  role_norm=21.0011  enc_delta ego=0.0012 partner=0.0013 road=0.0020
[ROMA step 4,267,180,032] sps=272,393  policy_loss=0.0036  value_loss=0.2831  mi_loss=0.0014  mi_valid=0.74  div_loss=-0.2119  kl_loss=0.0000 (disabled)  score=0.945  return=0.819  role_std=4.2933  role_norm=22.8135  enc_delta ego=0.0010 partner=0.0013 road=0.0018
[ROMA step 4,267,966,464] sps=272,259  policy_loss=0.0032  value_loss=0.2854  mi_loss=0.0013  mi_valid=0.72  div_loss=-0.2246  kl_loss=0.0000 (disabled)  score=0.945  return=0.816  role_std=4.6887  role_norm=22.6049  enc_delta ego=0.0012 partner=0.0015 road=0.0025
[ROMA step 4,268,752,896] sps=272,135  policy_loss=0.0020  value_loss=0.3926  mi_loss=0.0014  mi_valid=0.73  div_loss=-0.2266  kl_loss=0.0000 (disabled)  score=0.945  return=0.813  role_std=4.8288  role_norm=22.5500  enc_delta ego=0.0010 partner=0.0014 road=0.0026
[ROMA step 4,269,539,328] sps=271,733  policy_loss=-0.0043  value_loss=0.2628  mi_loss=0.0015  mi_valid=0.72  div_loss=-0.2256  kl_loss=0.0000 (disabled)  score=0.945  return=0.811  role_std=5.0164  role_norm=21.7798  enc_delta ego=0.0009 partner=0.0015 road=0.0026
[ROMA step 4,270,325,760] sps=271,601  policy_loss=0.0002  value_loss=0.2010  mi_loss=0.0015  mi_valid=0.74  div_loss=-0.2197  kl_loss=0.0000 (disabled)  score=0.944  return=0.811  role_std=5.0066  role_norm=21.5686  enc_delta ego=0.0013 partner=0.0015 road=0.0022
[ROMA step 4,271,112,192] sps=271,474  policy_loss=-0.0060  value_loss=0.2890  mi_loss=0.0016  mi_valid=0.74  div_loss=-0.2256  kl_loss=0.0000 (disabled)  score=0.944  return=0.807  role_std=4.4215  role_norm=22.2138  enc_delta ego=0.0012 partner=0.0015 road=0.0026
[ROMA step 4,271,898,624] sps=271,343  policy_loss=0.0026  value_loss=0.2486  mi_loss=0.0015  mi_valid=0.75  div_loss=-0.2256  kl_loss=0.0000 (disabled)  score=0.943  return=0.805  role_std=4.6207  role_norm=22.3501  enc_delta ego=0.0015 partner=0.0015 road=0.0023
[ROMA step 4,272,685,056] sps=270,887  policy_loss=0.0002  value_loss=0.2773  mi_loss=0.0014  mi_valid=0.73  div_loss=-0.2246  kl_loss=0.0000 (disabled)  score=0.943  return=0.803  role_std=4.7817  role_norm=22.0968  enc_delta ego=0.0012 partner=0.0018 road=0.0032
[ROMA step 4,273,471,488] sps=270,761  policy_loss=0.0072  value_loss=0.2214  mi_loss=0.0014  mi_valid=0.74  div_loss=-0.2285  kl_loss=0.0000 (disabled)  score=0.942  return=0.802  role_std=4.9024  role_norm=21.8788  enc_delta ego=0.0017 partner=0.0016 road=0.0027
[ROMA step 4,274,257,920] sps=270,635  policy_loss=-0.0023  value_loss=0.1500  mi_loss=0.0014  mi_valid=0.74  div_loss=-0.2227  kl_loss=0.0000 (disabled)  score=0.942  return=0.805  role_std=5.2145  role_norm=21.5995  enc_delta ego=0.0012 partner=0.0013 road=0.0026
[ROMA step 4,275,044,352] sps=270,211  policy_loss=-0.0041  value_loss=0.2117  mi_loss=0.0015  mi_valid=0.73  div_loss=-0.2188  kl_loss=0.0000 (disabled)  score=0.942  return=0.807  role_std=4.7246  role_norm=22.0170  enc_delta ego=0.0013 partner=0.0011 road=0.0021
[ROMA step 4,275,830,784] sps=270,089  policy_loss=-0.0040  value_loss=0.1658  mi_loss=0.0016  mi_valid=0.75  div_loss=-0.2100  kl_loss=0.0000 (disabled)  score=0.942  return=0.807  role_std=4.5369  role_norm=22.4455  enc_delta ego=0.0014 partner=0.0012 road=0.0022
[ROMA step 4,276,617,216] sps=269,965  policy_loss=0.0008  value_loss=0.1531  mi_loss=0.0016  mi_valid=0.74  div_loss=-0.2119  kl_loss=0.0000 (disabled)  score=0.942  return=0.809  role_std=4.6864  role_norm=22.1310  enc_delta ego=0.0015 partner=0.0012 road=0.0020
[ROMA step 4,277,403,648] sps=269,838  policy_loss=-0.0033  value_loss=0.1870  mi_loss=0.0015  mi_valid=0.74  div_loss=-0.2158  kl_loss=0.0000 (disabled)  score=0.942  return=0.812  role_std=4.7221  role_norm=21.7282  enc_delta ego=0.0014 partner=0.0011 road=0.0019
[ROMA step 4,278,190,080] sps=269,461  policy_loss=0.0008  value_loss=0.1517  mi_loss=0.0015  mi_valid=0.73  div_loss=-0.2168  kl_loss=0.0000 (disabled)  score=0.942  return=0.814  role_std=4.4035  role_norm=21.3279  enc_delta ego=0.0013 partner=0.0014 road=0.0016
[ROMA step 4,278,976,512] sps=269,339  policy_loss=0.0015  value_loss=0.1743  mi_loss=0.0014  mi_valid=0.74  div_loss=-0.2139  kl_loss=0.0000 (disabled)  score=0.943  return=0.819  role_std=4.6397  role_norm=21.0784  enc_delta ego=0.0012 partner=0.0013 road=0.0020
[ROMA step 4,279,762,944] sps=269,216  policy_loss=-0.0039  value_loss=0.1602  mi_loss=0.0014  mi_valid=0.75  div_loss=-0.2139  kl_loss=0.0000 (disabled)  score=0.943  return=0.820  role_std=4.4874  role_norm=22.1751  enc_delta ego=0.0010 partner=0.0012 road=0.0021
[ROMA step 4,280,549,376] sps=268,814  policy_loss=0.0001  value_loss=0.1995  mi_loss=0.0014  mi_valid=0.73  div_loss=-0.2109  kl_loss=0.0000 (disabled)  score=0.943  return=0.821  role_std=4.7164  role_norm=22.9289  enc_delta ego=0.0010 partner=0.0013 road=0.0021
[ROMA step 4,281,335,808] sps=268,690  policy_loss=-0.0012  value_loss=0.2139  mi_loss=0.0015  mi_valid=0.74  div_loss=-0.2100  kl_loss=0.0000 (disabled)  score=0.944  return=0.824  role_std=4.5832  role_norm=22.1958  enc_delta ego=0.0015 partner=0.0019 road=0.0026
[ROMA step 4,282,122,240] sps=268,565  policy_loss=0.0015  value_loss=0.2365  mi_loss=0.0016  mi_valid=0.74  div_loss=-0.2129  kl_loss=0.0000 (disabled)  score=0.944  return=0.826  role_std=4.8030  role_norm=22.1600  enc_delta ego=0.0012 partner=0.0015 road=0.0022
[ROMA step 4,282,908,672] sps=268,441  policy_loss=0.0023  value_loss=0.1947  mi_loss=0.0015  mi_valid=0.74  div_loss=-0.2080  kl_loss=0.0000 (disabled)  score=0.944  return=0.825  role_std=4.5375  role_norm=21.9924  enc_delta ego=0.0012 partner=0.0013 road=0.0018
[ROMA step 4,283,695,104] sps=267,892  policy_loss=0.0014  value_loss=0.2419  mi_loss=0.0015  mi_valid=0.73  div_loss=-0.2158  kl_loss=0.0000 (disabled)  score=0.944  return=0.825  role_std=4.6737  role_norm=22.5978  enc_delta ego=0.0024 partner=0.0014 road=0.0025
[ROMA step 4,284,481,536] sps=267,774  policy_loss=-0.0042  value_loss=0.2097  mi_loss=0.0015  mi_valid=0.74  div_loss=-0.2178  kl_loss=0.0000 (disabled)  score=0.943  return=0.824  role_std=4.6305  role_norm=22.4143  enc_delta ego=0.0016 partner=0.0015 road=0.0024
[ROMA step 4,285,267,968] sps=267,658  policy_loss=-0.0015  value_loss=0.2616  mi_loss=0.0016  mi_valid=0.74  div_loss=-0.2285  kl_loss=0.0000 (disabled)  score=0.943  return=0.820  role_std=4.9369  role_norm=22.4968  enc_delta ego=0.0017 partner=0.0018 road=0.0027
[ROMA step 4,286,054,400] sps=266,962  policy_loss=-0.0063  value_loss=0.2084  mi_loss=0.0017  mi_valid=0.72  div_loss=-0.2256  kl_loss=0.0000 (disabled)  score=0.942  return=0.819  role_std=4.8416  role_norm=21.8863  enc_delta ego=0.0014 partner=0.0016 road=0.0023
[ROMA step 4,286,840,832] sps=266,840  policy_loss=-0.0058  value_loss=0.2019  mi_loss=0.0015  mi_valid=0.74  div_loss=-0.2109  kl_loss=0.0000 (disabled)  score=0.941  return=0.816  role_std=5.0528  role_norm=21.5438  enc_delta ego=0.0009 partner=0.0016 road=0.0024
[ROMA step 4,287,627,264] sps=266,724  policy_loss=-0.0025  value_loss=0.2161  mi_loss=0.0014  mi_valid=0.75  div_loss=-0.2129  kl_loss=0.0000 (disabled)  score=0.940  return=0.814  role_std=4.8784  role_norm=21.3554  enc_delta ego=0.0011 partner=0.0017 road=0.0019
[ROMA step 4,288,413,696] sps=266,607  policy_loss=0.0005  value_loss=0.2092  mi_loss=0.0014  mi_valid=0.76  div_loss=-0.2178  kl_loss=0.0000 (disabled)  score=0.939  return=0.812  role_std=4.5828  role_norm=22.3128  enc_delta ego=0.0009 partner=0.0015 road=0.0022
[ROMA step 4,289,200,128] sps=266,126  policy_loss=0.0043  value_loss=0.2289  mi_loss=0.0015  mi_valid=0.73  div_loss=-0.2129  kl_loss=0.0000 (disabled)  score=0.938  return=0.809  role_std=4.9651  role_norm=22.6179  enc_delta ego=0.0016 partner=0.0016 road=0.0025
[ROMA step 4,289,986,560] sps=266,010  policy_loss=-0.0058  value_loss=0.2244  mi_loss=0.0015  mi_valid=0.75  div_loss=-0.2080  kl_loss=0.0000 (disabled)  score=0.937  return=0.807  role_std=4.8201  role_norm=22.5144  enc_delta ego=0.0013 partner=0.0017 road=0.0025
[ROMA step 4,290,772,992] sps=265,893  policy_loss=0.0058  value_loss=0.2740  mi_loss=0.0015  mi_valid=0.75  div_loss=-0.2148  kl_loss=0.0000 (disabled)  score=0.937  return=0.805  role_std=4.6473  role_norm=22.2956  enc_delta ego=0.0012 partner=0.0015 road=0.0024
[ROMA step 4,291,559,424] sps=265,463  policy_loss=-0.0007  value_loss=0.1743  mi_loss=0.0015  mi_valid=0.73  div_loss=-0.2012  kl_loss=0.0000 (disabled)  score=0.936  return=0.806  role_std=5.1389  role_norm=20.7567  enc_delta ego=0.0018 partner=0.0015 road=0.0026
[ROMA step 4,292,345,856] sps=265,341  policy_loss=-0.0063  value_loss=0.1618  mi_loss=0.0014  mi_valid=0.76  div_loss=-0.2051  kl_loss=0.0000 (disabled)  score=0.936  return=0.809  role_std=4.2345  role_norm=22.8710  enc_delta ego=0.0010 partner=0.0013 road=0.0021
[ROMA step 4,293,132,288] sps=265,221  policy_loss=-0.0005  value_loss=0.2285  mi_loss=0.0014  mi_valid=0.75  div_loss=-0.2109  kl_loss=0.0000 (disabled)  score=0.935  return=0.811  role_std=4.3863  role_norm=22.6482  enc_delta ego=0.0012 partner=0.0013 road=0.0022
[ROMA step 4,293,918,720] sps=265,104  policy_loss=-0.0076  value_loss=0.1220  mi_loss=0.0014  mi_valid=0.75  div_loss=-0.2090  kl_loss=0.0000 (disabled)  score=0.935  return=0.812  role_std=4.6027  role_norm=22.2775  enc_delta ego=0.0014 partner=0.0013 road=0.0019
[ROMA step 4,294,705,152] sps=264,726  policy_loss=-0.0039  value_loss=0.1605  mi_loss=0.0016  mi_valid=0.73  div_loss=-0.2158  kl_loss=0.0000 (disabled)  score=0.935  return=0.812  role_std=4.7593  role_norm=22.0932  enc_delta ego=0.0014 partner=0.0020 road=0.0029
[ROMA step 4,295,491,584] sps=264,610  policy_loss=-0.0040  value_loss=0.2289  mi_loss=0.0013  mi_valid=0.74  div_loss=-0.2109  kl_loss=0.0000 (disabled)  score=0.935  return=0.815  role_std=4.7816  role_norm=21.7816  enc_delta ego=0.0012 partner=0.0018 road=0.0029
[ROMA step 4,296,278,016] sps=264,495  policy_loss=0.0012  value_loss=0.1980  mi_loss=0.0013  mi_valid=0.74  div_loss=-0.2148  kl_loss=0.0000 (disabled)  score=0.936  return=0.817  role_std=5.0232  role_norm=21.6333  enc_delta ego=0.0010 partner=0.0015 road=0.0019
[ROMA step 4,297,064,448] sps=264,375  policy_loss=-0.0009  value_loss=0.1997  mi_loss=0.0014  mi_valid=0.74  div_loss=-0.2139  kl_loss=0.0000 (disabled)  score=0.936  return=0.819  role_std=4.6029  role_norm=22.6884  enc_delta ego=0.0016 partner=0.0015 road=0.0027
[ROMA step 4,297,850,880] sps=264,027  policy_loss=0.0035  value_loss=0.2169  mi_loss=0.0015  mi_valid=0.72  div_loss=-0.2119  kl_loss=0.0000 (disabled)  score=0.937  return=0.821  role_std=4.9053  role_norm=22.7296  enc_delta ego=0.0016 partner=0.0019 road=0.0024
[ROMA step 4,298,637,312] sps=263,905  policy_loss=0.0014  value_loss=0.2510  mi_loss=0.0015  mi_valid=0.73  div_loss=-0.2207  kl_loss=0.0000 (disabled)  score=0.937  return=0.819  role_std=4.8307  role_norm=22.6551  enc_delta ego=0.0017 partner=0.0017 road=0.0026
[ROMA step 4,299,423,744] sps=263,791  policy_loss=-0.0046  value_loss=0.2045  mi_loss=0.0015  mi_valid=0.73  div_loss=-0.2197  kl_loss=0.0000 (disabled)  score=0.937  return=0.818  role_std=5.0434  role_norm=22.2447  enc_delta ego=0.0014 partner=0.0016 road=0.0023
[ROMA step 4,300,210,176] sps=263,425  policy_loss=-0.0060  value_loss=0.2624  mi_loss=0.0014  mi_valid=0.72  div_loss=-0.2207  kl_loss=0.0000 (disabled)  score=0.937  return=0.815  role_std=4.7096  role_norm=21.2490  enc_delta ego=0.0011 partner=0.0012 road=0.0020
[ROMA step 4,300,996,608] sps=263,305  policy_loss=0.0064  value_loss=0.2325  mi_loss=0.0013  mi_valid=0.74  div_loss=-0.2090  kl_loss=0.0000 (disabled)  score=0.937  return=0.814  role_std=4.5038  role_norm=22.5736  enc_delta ego=0.0012 partner=0.0014 road=0.0027
[ROMA step 4,301,783,040] sps=263,184  policy_loss=0.0048  value_loss=0.1948  mi_loss=0.0013  mi_valid=0.73  div_loss=-0.2129  kl_loss=0.0000 (disabled)  score=0.938  return=0.815  role_std=4.6631  role_norm=22.3361  enc_delta ego=0.0012 partner=0.0014 road=0.0029
[ROMA step 4,302,569,472] sps=263,070  policy_loss=-0.0063  value_loss=0.1795  mi_loss=0.0013  mi_valid=0.73  div_loss=-0.2148  kl_loss=0.0000 (disabled)  score=0.938  return=0.814  role_std=4.7700  role_norm=22.0355  enc_delta ego=0.0009 partner=0.0014 road=0.0020
[ROMA step 4,303,355,904] sps=262,691  policy_loss=-0.0057  value_loss=0.1977  mi_loss=0.0014  mi_valid=0.72  div_loss=-0.2139  kl_loss=0.0000 (disabled)  score=0.938  return=0.812  role_std=4.4020  role_norm=21.3522  enc_delta ego=0.0012 partner=0.0017 road=0.0029
[ROMA step 4,304,142,336] sps=262,579  policy_loss=-0.0037  value_loss=0.2238  mi_loss=0.0014  mi_valid=0.73  div_loss=-0.2158  kl_loss=0.0000 (disabled)  score=0.938  return=0.812  role_std=4.5654  role_norm=21.4172  enc_delta ego=0.0010 partner=0.0012 road=0.0024
[ROMA step 4,304,928,768] sps=262,468  policy_loss=-0.0043  value_loss=0.2388  mi_loss=0.0014  mi_valid=0.74  div_loss=-0.2246  kl_loss=0.0000 (disabled)  score=0.938  return=0.811  role_std=4.5173  role_norm=22.2096  enc_delta ego=0.0012 partner=0.0013 road=0.0022
[ROMA step 4,305,715,200] sps=262,039  policy_loss=-0.0015  value_loss=0.2378  mi_loss=0.0015  mi_valid=0.73  div_loss=-0.2158  kl_loss=0.0000 (disabled)  score=0.938  return=0.812  role_std=4.5677  role_norm=23.1206  enc_delta ego=0.0016 partner=0.0014 road=0.0022
[ROMA step 4,306,501,632] sps=261,921  policy_loss=-0.0024  value_loss=0.2566  mi_loss=0.0017  mi_valid=0.74  div_loss=-0.2236  kl_loss=0.0000 (disabled)  score=0.938  return=0.809  role_std=5.0239  role_norm=22.6560  enc_delta ego=0.0017 partner=0.0017 road=0.0031
[ROMA step 4,307,288,064] sps=261,801  policy_loss=0.0041  value_loss=0.2304  mi_loss=0.0017  mi_valid=0.74  div_loss=-0.2217  kl_loss=0.0000 (disabled)  score=0.938  return=0.805  role_std=4.8835  role_norm=21.9858  enc_delta ego=0.0013 partner=0.0016 road=0.0024
[ROMA step 4,308,074,496] sps=261,689  policy_loss=0.0010  value_loss=0.1716  mi_loss=0.0017  mi_valid=0.74  div_loss=-0.2207  kl_loss=0.0000 (disabled)  score=0.938  return=0.808  role_std=5.0966  role_norm=21.8541  enc_delta ego=0.0014 partner=0.0014 road=0.0019
[ROMA step 4,308,860,928] sps=261,282  policy_loss=0.0015  value_loss=0.2157  mi_loss=0.0015  mi_valid=0.73  div_loss=-0.2236  kl_loss=0.0000 (disabled)  score=0.938  return=0.806  role_std=4.8353  role_norm=22.7329  enc_delta ego=0.0016 partner=0.0016 road=0.0027
[ROMA step 4,309,647,360] sps=261,168  policy_loss=0.0025  value_loss=0.2310  mi_loss=0.0015  mi_valid=0.74  div_loss=-0.2178  kl_loss=0.0000 (disabled)  score=0.938  return=0.809  role_std=4.8764  role_norm=22.7383  enc_delta ego=0.0015 partner=0.0014 road=0.0020
[ROMA step 4,310,433,792] sps=261,023  policy_loss=0.0013  value_loss=0.1929  mi_loss=0.0015  mi_valid=0.73  div_loss=-0.2158  kl_loss=0.0000 (disabled)  score=0.939  return=0.812  role_std=4.7434  role_norm=22.3894  enc_delta ego=0.0012 partner=0.0021 road=0.0023
[ROMA step 4,311,220,224] sps=260,559  policy_loss=0.0060  value_loss=0.2173  mi_loss=0.0015  mi_valid=0.72  div_loss=-0.2119  kl_loss=0.0000 (disabled)  score=0.940  return=0.815  role_std=4.6917  role_norm=21.9574  enc_delta ego=0.0013 partner=0.0014 road=0.0023
[ROMA step 4,312,006,656] sps=260,414  policy_loss=0.0033  value_loss=0.1650  mi_loss=0.0015  mi_valid=0.74  div_loss=-0.2080  kl_loss=0.0000 (disabled)  score=0.941  return=0.818  role_std=4.5236  role_norm=21.8044  enc_delta ego=0.0011 partner=0.0014 road=0.0023
[ROMA step 4,312,793,088] sps=260,278  policy_loss=-0.0043  value_loss=0.2252  mi_loss=0.0014  mi_valid=0.74  div_loss=-0.2090  kl_loss=0.0000 (disabled)  score=0.943  return=0.819  role_std=4.8091  role_norm=21.6100  enc_delta ego=0.0010 partner=0.0012 road=0.0026
[ROMA step 4,313,579,520] sps=260,165  policy_loss=0.0038  value_loss=0.2412  mi_loss=0.0013  mi_valid=0.74  div_loss=-0.2188  kl_loss=0.0000 (disabled)  score=0.943  return=0.818  role_std=4.5166  role_norm=22.4931  enc_delta ego=0.0009 partner=0.0014 road=0.0022
[ROMA step 4,314,365,952] sps=259,719  policy_loss=0.0046  value_loss=0.2324  mi_loss=0.0014  mi_valid=0.73  div_loss=-0.2148  kl_loss=0.0000 (disabled)  score=0.943  return=0.820  role_std=4.6450  role_norm=22.4833  enc_delta ego=0.0012 partner=0.0016 road=0.0024
[ROMA step 4,315,152,384] sps=259,611  policy_loss=-0.0016  value_loss=0.1662  mi_loss=0.0014  mi_valid=0.74  div_loss=-0.2158  kl_loss=0.0000 (disabled)  score=0.944  return=0.821  role_std=4.7074  role_norm=22.2623  enc_delta ego=0.0012 partner=0.0012 road=0.0019
[ROMA step 4,315,938,816] sps=259,482  policy_loss=0.0047  value_loss=0.1859  mi_loss=0.0014  mi_valid=0.74  div_loss=-0.2139  kl_loss=0.0000 (disabled)  score=0.943  return=0.821  role_std=4.8390  role_norm=21.7723  enc_delta ego=0.0008 partner=0.0012 road=0.0020
[ROMA step 4,316,725,248] sps=259,060  policy_loss=-0.0038  value_loss=0.1453  mi_loss=0.0013  mi_valid=0.72  div_loss=-0.2129  kl_loss=0.0000 (disabled)  score=0.944  return=0.824  role_std=5.0916  role_norm=20.3292  enc_delta ego=0.0010 partner=0.0013 road=0.0022
[ROMA step 4,317,511,680] sps=258,925  policy_loss=0.0011  value_loss=0.1292  mi_loss=0.0013  mi_valid=0.75  div_loss=-0.2100  kl_loss=0.0000 (disabled)  score=0.944  return=0.824  role_std=4.4037  role_norm=22.4198  enc_delta ego=0.0010 partner=0.0011 road=0.0019
[ROMA step 4,318,298,112] sps=258,816  policy_loss=-0.0002  value_loss=0.1552  mi_loss=0.0013  mi_valid=0.74  div_loss=-0.2070  kl_loss=0.0000 (disabled)  score=0.944  return=0.826  role_std=4.5424  role_norm=22.3021  enc_delta ego=0.0013 partner=0.0011 road=0.0021
[ROMA step 4,319,084,544] sps=258,700  policy_loss=-0.0018  value_loss=0.2070  mi_loss=0.0013  mi_valid=0.73  div_loss=-0.2090  kl_loss=0.0000 (disabled)  score=0.944  return=0.828  role_std=4.7938  role_norm=22.0707  enc_delta ego=0.0011 partner=0.0011 road=0.0019
[ROMA step 4,319,870,976] sps=258,328  policy_loss=-0.0021  value_loss=0.1442  mi_loss=0.0014  mi_valid=0.72  div_loss=-0.2119  kl_loss=0.0000 (disabled)  score=0.944  return=0.830  role_std=4.8510  role_norm=21.5704  enc_delta ego=0.0012 partner=0.0013 road=0.0019
[ROMA step 4,320,657,408] sps=258,225  policy_loss=-0.0000  value_loss=0.2063  mi_loss=0.0015  mi_valid=0.74  div_loss=-0.2129  kl_loss=0.0000 (disabled)  score=0.945  return=0.831  role_std=4.6265  role_norm=21.5187  enc_delta ego=0.0015 partner=0.0013 road=0.0018
[ROMA step 4,321,443,840] sps=258,105  policy_loss=-0.0062  value_loss=0.2412  mi_loss=0.0015  mi_valid=0.74  div_loss=-0.2148  kl_loss=0.0000 (disabled)  score=0.945  return=0.832  role_std=4.6986  role_norm=21.4183  enc_delta ego=0.0013 partner=0.0017 road=0.0020
[ROMA step 4,322,230,272] sps=257,999  policy_loss=-0.0024  value_loss=0.1892  mi_loss=0.0015  mi_valid=0.74  div_loss=-0.2119  kl_loss=0.0000 (disabled)  score=0.944  return=0.830  role_std=4.3425  role_norm=22.6343  enc_delta ego=0.0013 partner=0.0016 road=0.0022
[ROMA step 4,323,016,704] sps=257,539  policy_loss=-0.0051  value_loss=0.2710  mi_loss=0.0015  mi_valid=0.71  div_loss=-0.2246  kl_loss=0.0000 (disabled)  score=0.945  return=0.831  role_std=4.9743  role_norm=22.7915  enc_delta ego=0.0010 partner=0.0014 road=0.0021
[ROMA step 4,323,803,136] sps=257,430  policy_loss=-0.0039  value_loss=0.2051  mi_loss=0.0015  mi_valid=0.72  div_loss=-0.2158  kl_loss=0.0000 (disabled)  score=0.945  return=0.829  role_std=4.9304  role_norm=22.6961  enc_delta ego=0.0011 partner=0.0017 road=0.0025
[ROMA step 4,324,589,568] sps=257,319  policy_loss=0.0021  value_loss=0.2967  mi_loss=0.0015  mi_valid=0.73  div_loss=-0.2139  kl_loss=0.0000 (disabled)  score=0.945  return=0.827  role_std=5.0729  role_norm=22.4844  enc_delta ego=0.0011 partner=0.0013 road=0.0023
[ROMA step 4,325,376,000] sps=257,003  policy_loss=-0.0008  value_loss=0.2540  mi_loss=0.0014  mi_valid=0.72  div_loss=-0.2168  kl_loss=0.0000 (disabled)  score=0.945  return=0.827  role_std=4.5135  role_norm=21.2639  enc_delta ego=0.0008 partner=0.0015 road=0.0019
[ROMA step 4,326,162,432] sps=256,896  policy_loss=0.0006  value_loss=0.1852  mi_loss=0.0013  mi_valid=0.75  div_loss=-0.2041  kl_loss=0.0000 (disabled)  score=0.945  return=0.829  role_std=4.4288  role_norm=22.7627  enc_delta ego=0.0010 partner=0.0015 road=0.0022
[ROMA step 4,326,948,864] sps=256,792  policy_loss=0.0042  value_loss=0.1682  mi_loss=0.0012  mi_valid=0.73  div_loss=-0.2090  kl_loss=0.0000 (disabled)  score=0.945  return=0.829  role_std=4.4961  role_norm=22.3462  enc_delta ego=0.0010 partner=0.0012 road=0.0018
[ROMA step 4,327,735,296] sps=256,684  policy_loss=-0.0047  value_loss=0.1481  mi_loss=0.0013  mi_valid=0.74  div_loss=-0.2178  kl_loss=0.0000 (disabled)  score=0.945  return=0.830  role_std=4.7486  role_norm=22.2127  enc_delta ego=0.0008 partner=0.0012 road=0.0013
[ROMA step 4,328,521,728] sps=256,371  policy_loss=-0.0006  value_loss=0.2210  mi_loss=0.0012  mi_valid=0.72  div_loss=-0.2227  kl_loss=0.0000 (disabled)  score=0.946  return=0.834  role_std=5.1291  role_norm=21.8449  enc_delta ego=0.0015 partner=0.0016 road=0.0019
[ROMA step 4,329,308,160] sps=256,262  policy_loss=-0.0007  value_loss=0.1640  mi_loss=0.0012  mi_valid=0.73  div_loss=-0.2158  kl_loss=0.0000 (disabled)  score=0.946  return=0.835  role_std=4.9738  role_norm=21.7751  enc_delta ego=0.0008 partner=0.0015 road=0.0018
[ROMA step 4,330,094,592] sps=256,153  policy_loss=-0.0016  value_loss=0.1532  mi_loss=0.0012  mi_valid=0.74  div_loss=-0.2148  kl_loss=0.0000 (disabled)  score=0.947  return=0.837  role_std=4.7546  role_norm=22.3360  enc_delta ego=0.0007 partner=0.0015 road=0.0017
[ROMA step 4,330,881,024] sps=255,817  policy_loss=0.0004  value_loss=0.1539  mi_loss=0.0012  mi_valid=0.73  div_loss=-0.2158  kl_loss=0.0000 (disabled)  score=0.947  return=0.841  role_std=4.7211  role_norm=22.6805  enc_delta ego=0.0008 partner=0.0013 road=0.0022
[ROMA step 4,331,667,456] sps=255,708  policy_loss=0.0044  value_loss=0.2691  mi_loss=0.0013  mi_valid=0.73  div_loss=-0.2158  kl_loss=0.0000 (disabled)  score=0.948  return=0.844  role_std=4.8762  role_norm=22.1613  enc_delta ego=0.0011 partner=0.0014 road=0.0027
[ROMA step 4,332,453,888] sps=255,601  policy_loss=0.0071  value_loss=0.1298  mi_loss=0.0013  mi_valid=0.73  div_loss=-0.2070  kl_loss=0.0000 (disabled)  score=0.948  return=0.843  role_std=4.4342  role_norm=22.2112  enc_delta ego=0.0009 partner=0.0013 road=0.0020
[ROMA step 4,333,240,320] sps=255,492  policy_loss=0.0036  value_loss=0.1595  mi_loss=0.0013  mi_valid=0.73  div_loss=-0.2109  kl_loss=0.0000 (disabled)  score=0.948  return=0.845  role_std=4.5062  role_norm=21.9889  enc_delta ego=0.0008 partner=0.0010 road=0.0018
[ROMA step 4,334,026,752] sps=255,178  policy_loss=0.0014  value_loss=0.1617  mi_loss=0.0014  mi_valid=0.72  div_loss=-0.2158  kl_loss=0.0000 (disabled)  score=0.949  return=0.847  role_std=4.7167  role_norm=22.9240  enc_delta ego=0.0012 partner=0.0014 road=0.0021
[ROMA step 4,334,813,184] sps=255,074  policy_loss=0.0017  value_loss=0.1568  mi_loss=0.0014  mi_valid=0.73  div_loss=-0.2109  kl_loss=0.0000 (disabled)  score=0.949  return=0.846  role_std=4.8847  role_norm=22.7931  enc_delta ego=0.0010 partner=0.0011 road=0.0019
[ROMA step 4,335,599,616] sps=254,963  policy_loss=0.0045  value_loss=0.2053  mi_loss=0.0014  mi_valid=0.72  div_loss=-0.2197  kl_loss=0.0000 (disabled)  score=0.949  return=0.850  role_std=4.5526  role_norm=22.7124  enc_delta ego=0.0011 partner=0.0012 road=0.0019
[ROMA step 4,336,386,048] sps=254,668  policy_loss=-0.0047  value_loss=0.1858  mi_loss=0.0015  mi_valid=0.71  div_loss=-0.2217  kl_loss=0.0000 (disabled)  score=0.949  return=0.852  role_std=4.8407  role_norm=21.9137  enc_delta ego=0.0009 partner=0.0014 road=0.0020
[ROMA step 4,337,172,480] sps=254,557  policy_loss=-0.0003  value_loss=0.1986  mi_loss=0.0014  mi_valid=0.74  div_loss=-0.2158  kl_loss=0.0000 (disabled)  score=0.950  return=0.853  role_std=5.0870  role_norm=21.7505  enc_delta ego=0.0013 partner=0.0018 road=0.0026
[ROMA step 4,337,958,912] sps=254,451  policy_loss=0.0029  value_loss=0.2556  mi_loss=0.0015  mi_valid=0.74  div_loss=-0.2178  kl_loss=0.0000 (disabled)  score=0.950  return=0.849  role_std=4.9693  role_norm=21.6101  enc_delta ego=0.0012 partner=0.0014 road=0.0022
[ROMA step 4,338,745,344] sps=254,344  policy_loss=-0.0029  value_loss=0.2207  mi_loss=0.0014  mi_valid=0.75  div_loss=-0.2246  kl_loss=0.0000 (disabled)  score=0.949  return=0.844  role_std=4.4289  role_norm=22.3906  enc_delta ego=0.0008 partner=0.0012 road=0.0017
[ROMA step 4,339,531,776] sps=254,039  policy_loss=-0.0031  value_loss=0.2037  mi_loss=0.0013  mi_valid=0.73  div_loss=-0.2217  kl_loss=0.0000 (disabled)  score=0.949  return=0.843  role_std=4.7588  role_norm=22.5912  enc_delta ego=0.0010 partner=0.0013 road=0.0019
[ROMA step 4,340,318,208] sps=253,935  policy_loss=-0.0040  value_loss=0.1775  mi_loss=0.0012  mi_valid=0.74  div_loss=-0.2197  kl_loss=0.0000 (disabled)  score=0.949  return=0.840  role_std=4.7270  role_norm=22.2626  enc_delta ego=0.0009 partner=0.0018 road=0.0027
[ROMA step 4,341,104,640] sps=253,824  policy_loss=0.0007  value_loss=0.1942  mi_loss=0.0012  mi_valid=0.74  div_loss=-0.2129  kl_loss=0.0000 (disabled)  score=0.948  return=0.838  role_std=4.7109  role_norm=22.0065  enc_delta ego=0.0009 partner=0.0013 road=0.0021
[ROMA step 4,341,891,072] sps=253,513  policy_loss=-0.0024  value_loss=0.1709  mi_loss=0.0013  mi_valid=0.72  div_loss=-0.2080  kl_loss=0.0000 (disabled)  score=0.948  return=0.839  role_std=4.8532  role_norm=20.7325  enc_delta ego=0.0007 partner=0.0012 road=0.0023
[ROMA step 4,342,677,504] sps=253,408  policy_loss=0.0016  value_loss=0.2061  mi_loss=0.0015  mi_valid=0.75  div_loss=-0.2031  kl_loss=0.0000 (disabled)  score=0.948  return=0.838  role_std=4.1196  role_norm=22.9815  enc_delta ego=0.0016 partner=0.0012 road=0.0014
[ROMA step 4,343,463,936] sps=253,304  policy_loss=-0.0059  value_loss=0.1871  mi_loss=0.0015  mi_valid=0.75  div_loss=-0.2080  kl_loss=0.0000 (disabled)  score=0.947  return=0.835  role_std=4.2283  role_norm=22.9383  enc_delta ego=0.0014 partner=0.0011 road=0.0017
[ROMA step 4,344,250,368] sps=253,197  policy_loss=-0.0015  value_loss=0.1914  mi_loss=0.0015  mi_valid=0.74  div_loss=-0.2119  kl_loss=0.0000 (disabled)  score=0.947  return=0.836  role_std=4.4991  role_norm=22.6568  enc_delta ego=0.0014 partner=0.0015 road=0.0019
[ROMA step 4,345,036,800] sps=252,898  policy_loss=-0.0011  value_loss=0.2509  mi_loss=0.0015  mi_valid=0.72  div_loss=-0.2207  kl_loss=0.0000 (disabled)  score=0.946  return=0.836  role_std=5.1895  role_norm=22.4690  enc_delta ego=0.0017 partner=0.0016 road=0.0026
[ROMA step 4,345,823,232] sps=252,785  policy_loss=-0.0041  value_loss=0.2588  mi_loss=0.0015  mi_valid=0.73  div_loss=-0.2266  kl_loss=0.0000 (disabled)  score=0.946  return=0.837  role_std=5.2193  role_norm=21.8702  enc_delta ego=0.0012 partner=0.0015 road=0.0025
[ROMA step 4,346,609,664] sps=252,684  policy_loss=0.0090  value_loss=0.1883  mi_loss=0.0014  mi_valid=0.74  div_loss=-0.2305  kl_loss=0.0000 (disabled)  score=0.945  return=0.833  role_std=4.9725  role_norm=21.7353  enc_delta ego=0.0012 partner=0.0015 road=0.0025
[ROMA step 4,347,396,096] sps=252,579  policy_loss=0.0010  value_loss=0.1856  mi_loss=0.0015  mi_valid=0.74  div_loss=-0.2236  kl_loss=0.0000 (disabled)  score=0.944  return=0.834  role_std=4.8375  role_norm=22.8103  enc_delta ego=0.0012 partner=0.0014 road=0.0025
[ROMA step 4,348,182,528] sps=252,280  policy_loss=0.0045  value_loss=0.2004  mi_loss=0.0015  mi_valid=0.73  div_loss=-0.2217  kl_loss=0.0000 (disabled)  score=0.944  return=0.835  role_std=4.7987  role_norm=22.8765  enc_delta ego=0.0010 partner=0.0012 road=0.0021
[ROMA step 4,348,968,960] sps=252,177  policy_loss=-0.0048  value_loss=0.2039  mi_loss=0.0015  mi_valid=0.74  div_loss=-0.2188  kl_loss=0.0000 (disabled)  score=0.944  return=0.835  role_std=5.1263  role_norm=22.3033  enc_delta ego=0.0011 partner=0.0013 road=0.0025
[ROMA step 4,349,755,392] sps=252,074  policy_loss=-0.0009  value_loss=0.1801  mi_loss=0.0015  mi_valid=0.74  div_loss=-0.2207  kl_loss=0.0000 (disabled)  score=0.944  return=0.834  role_std=4.9724  role_norm=22.0194  enc_delta ego=0.0010 partner=0.0012 road=0.0020
[ROMA step 4,350,541,824] sps=251,733  policy_loss=0.0071  value_loss=0.1501  mi_loss=0.0015  mi_valid=0.72  div_loss=-0.2178  kl_loss=0.0000 (disabled)  score=0.943  return=0.831  role_std=4.8998  role_norm=21.3264  enc_delta ego=0.0011 partner=0.0012 road=0.0019
[ROMA step 4,351,328,256] sps=251,630  policy_loss=-0.0072  value_loss=0.1207  mi_loss=0.0014  mi_valid=0.74  div_loss=-0.2100  kl_loss=0.0000 (disabled)  score=0.943  return=0.832  role_std=4.7228  role_norm=23.1221  enc_delta ego=0.0010 partner=0.0011 road=0.0023
[ROMA step 4,352,114,688] sps=251,522  policy_loss=0.0038  value_loss=0.1377  mi_loss=0.0014  mi_valid=0.73  div_loss=-0.2129  kl_loss=0.0000 (disabled)  score=0.942  return=0.833  role_std=4.6499  role_norm=22.9037  enc_delta ego=0.0008 partner=0.0009 road=0.0016
[ROMA step 4,352,901,120] sps=251,421  policy_loss=-0.0115  value_loss=0.1355  mi_loss=0.0015  mi_valid=0.73  div_loss=-0.2197  kl_loss=0.0000 (disabled)  score=0.942  return=0.833  role_std=4.8823  role_norm=22.6996  enc_delta ego=0.0009 partner=0.0012 road=0.0018
[ROMA step 4,353,687,552] sps=251,026  policy_loss=0.0013  value_loss=0.3058  mi_loss=0.0015  mi_valid=0.72  div_loss=-0.2256  kl_loss=0.0000 (disabled)  score=0.941  return=0.830  role_std=5.1462  role_norm=21.9866  enc_delta ego=0.0012 partner=0.0014 road=0.0023
[ROMA step 4,354,473,984] sps=250,925  policy_loss=-0.0009  value_loss=0.2257  mi_loss=0.0014  mi_valid=0.74  div_loss=-0.2158  kl_loss=0.0000 (disabled)  score=0.941  return=0.828  role_std=5.1017  role_norm=21.8223  enc_delta ego=0.0011 partner=0.0012 road=0.0021
[ROMA step 4,355,260,416] sps=250,824  policy_loss=-0.0081  value_loss=0.1435  mi_loss=0.0014  mi_valid=0.74  div_loss=-0.2188  kl_loss=0.0000 (disabled)  score=0.941  return=0.828  role_std=4.6772  role_norm=21.7218  enc_delta ego=0.0012 partner=0.0014 road=0.0019
[ROMA step 4,356,046,848] sps=250,461  policy_loss=-0.0085  value_loss=0.1853  mi_loss=0.0013  mi_valid=0.73  div_loss=-0.2188  kl_loss=0.0000 (disabled)  score=0.940  return=0.829  role_std=4.7507  role_norm=22.6983  enc_delta ego=0.0010 partner=0.0015 road=0.0022
[ROMA step 4,356,833,280] sps=250,354  policy_loss=0.0007  value_loss=0.3193  mi_loss=0.0014  mi_valid=0.74  div_loss=-0.2344  kl_loss=0.0000 (disabled)  score=0.940  return=0.828  role_std=5.1827  role_norm=22.3004  enc_delta ego=0.0012 partner=0.0015 road=0.0024
[ROMA step 4,357,619,712] sps=250,252  policy_loss=-0.0071  value_loss=0.2253  mi_loss=0.0013  mi_valid=0.74  div_loss=-0.2344  kl_loss=0.0000 (disabled)  score=0.940  return=0.822  role_std=5.3553  role_norm=21.9083  enc_delta ego=0.0009 partner=0.0017 road=0.0027
[ROMA step 4,358,406,144] sps=250,154  policy_loss=-0.0009  value_loss=0.2758  mi_loss=0.0014  mi_valid=0.73  div_loss=-0.2373  kl_loss=0.0000 (disabled)  score=0.939  return=0.817  role_std=5.0248  role_norm=21.5517  enc_delta ego=0.0013 partner=0.0014 road=0.0021
[ROMA step 4,359,192,576] sps=249,518  policy_loss=0.0018  value_loss=0.2223  mi_loss=0.0014  mi_valid=0.72  div_loss=-0.2227  kl_loss=0.0000 (disabled)  score=0.939  return=0.816  role_std=4.9200  role_norm=21.8460  enc_delta ego=0.0012 partner=0.0014 road=0.0024
[ROMA step 4,359,979,008] sps=249,422  policy_loss=-0.0043  value_loss=0.2125  mi_loss=0.0012  mi_valid=0.74  div_loss=-0.2256  kl_loss=0.0000 (disabled)  score=0.939  return=0.813  role_std=4.8135  role_norm=23.2748  enc_delta ego=0.0013 partner=0.0014 road=0.0024
[ROMA step 4,360,765,440] sps=249,323  policy_loss=-0.0038  value_loss=0.1706  mi_loss=0.0012  mi_valid=0.73  div_loss=-0.2295  kl_loss=0.0000 (disabled)  score=0.939  return=0.814  role_std=5.1798  role_norm=23.0193  enc_delta ego=0.0011 partner=0.0015 road=0.0023
[ROMA step 4,361,551,872] sps=248,720  policy_loss=-0.0021  value_loss=0.2442  mi_loss=0.0013  mi_valid=0.72  div_loss=-0.2344  kl_loss=0.0000 (disabled)  score=0.939  return=0.818  role_std=5.1723  role_norm=22.5137  enc_delta ego=0.0010 partner=0.0012 road=0.0022
[ROMA step 4,362,338,304] sps=248,620  policy_loss=-0.0006  value_loss=0.1904  mi_loss=0.0013  mi_valid=0.73  div_loss=-0.2275  kl_loss=0.0000 (disabled)  score=0.939  return=0.821  role_std=5.4734  role_norm=21.8659  enc_delta ego=0.0014 partner=0.0017 road=0.0026
[ROMA step 4,363,124,736] sps=248,513  policy_loss=0.0023  value_loss=0.1615  mi_loss=0.0013  mi_valid=0.73  div_loss=-0.2295  kl_loss=0.0000 (disabled)  score=0.940  return=0.821  role_std=5.1649  role_norm=21.9784  enc_delta ego=0.0011 partner=0.0013 road=0.0018
[ROMA step 4,363,911,168] sps=248,408  policy_loss=0.0008  value_loss=0.1851  mi_loss=0.0013  mi_valid=0.74  div_loss=-0.2227  kl_loss=0.0000 (disabled)  score=0.940  return=0.822  role_std=4.9395  role_norm=22.9102  enc_delta ego=0.0011 partner=0.0013 road=0.0021
[ROMA step 4,364,697,600] sps=248,000  policy_loss=-0.0053  value_loss=0.2265  mi_loss=0.0014  mi_valid=0.73  div_loss=-0.2207  kl_loss=0.0000 (disabled)  score=0.941  return=0.822  role_std=4.9158  role_norm=22.8193  enc_delta ego=0.0010 partner=0.0013 road=0.0019
[ROMA step 4,365,484,032] sps=247,906  policy_loss=-0.0032  value_loss=0.1904  mi_loss=0.0015  mi_valid=0.74  div_loss=-0.2129  kl_loss=0.0000 (disabled)  score=0.941  return=0.823  role_std=4.8229  role_norm=22.6346  enc_delta ego=0.0009 partner=0.0012 road=0.0020
[ROMA step 4,366,270,464] sps=247,805  policy_loss=0.0019  value_loss=0.1341  mi_loss=0.0014  mi_valid=0.74  div_loss=-0.1943  kl_loss=0.0000 (disabled)  score=0.941  return=0.823  role_std=4.6601  role_norm=22.6646  enc_delta ego=0.0010 partner=0.0011 road=0.0020
[ROMA step 4,367,056,896] sps=247,355  policy_loss=0.0013  value_loss=0.2294  mi_loss=0.0015  mi_valid=0.72  div_loss=-0.1982  kl_loss=0.0000 (disabled)  score=0.942  return=0.826  role_std=5.5515  role_norm=21.8702  enc_delta ego=0.0008 partner=0.0011 road=0.0015
[ROMA step 4,367,843,328] sps=247,254  policy_loss=-0.0001  value_loss=0.3388  mi_loss=0.0014  mi_valid=0.74  div_loss=-0.2207  kl_loss=0.0000 (disabled)  score=0.942  return=0.824  role_std=4.6142  role_norm=23.6188  enc_delta ego=0.0014 partner=0.0013 road=0.0020
[ROMA step 4,368,629,760] sps=247,152  policy_loss=-0.0033  value_loss=0.2480  mi_loss=0.0014  mi_valid=0.74  div_loss=-0.2178  kl_loss=0.0000 (disabled)  score=0.942  return=0.822  role_std=4.8443  role_norm=23.3635  enc_delta ego=0.0015 partner=0.0013 road=0.0025
[ROMA step 4,369,416,192] sps=247,054  policy_loss=0.0030  value_loss=0.3294  mi_loss=0.0014  mi_valid=0.74  div_loss=-0.2217  kl_loss=0.0000 (disabled)  score=0.942  return=0.821  role_std=4.8096  role_norm=23.2685  enc_delta ego=0.0013 partner=0.0013 road=0.0021
[ROMA step 4,370,202,624] sps=246,665  policy_loss=0.0044  value_loss=0.3261  mi_loss=0.0014  mi_valid=0.72  div_loss=-0.2168  kl_loss=0.0000 (disabled)  score=0.942  return=0.818  role_std=4.8484  role_norm=23.0443  enc_delta ego=0.0012 partner=0.0016 road=0.0024
[ROMA step 4,370,989,056] sps=246,568  policy_loss=-0.0034  value_loss=0.1603  mi_loss=0.0013  mi_valid=0.74  div_loss=-0.1992  kl_loss=0.0000 (disabled)  score=0.942  return=0.818  role_std=4.8297  role_norm=22.4891  enc_delta ego=0.0012 partner=0.0013 road=0.0015
[ROMA step 4,371,775,488] sps=246,474  policy_loss=-0.0019  value_loss=0.1992  mi_loss=0.0013  mi_valid=0.74  div_loss=-0.2051  kl_loss=0.0000 (disabled)  score=0.942  return=0.818  role_std=4.7371  role_norm=22.1990  enc_delta ego=0.0009 partner=0.0012 road=0.0018
[ROMA step 4,372,561,920] sps=246,378  policy_loss=-0.0026  value_loss=0.1313  mi_loss=0.0013  mi_valid=0.74  div_loss=-0.2012  kl_loss=0.0000 (disabled)  score=0.943  return=0.819  role_std=4.3736  role_norm=22.9890  enc_delta ego=0.0010 partner=0.0013 road=0.0018
[ROMA step 4,373,348,352] sps=246,007  policy_loss=0.0007  value_loss=0.1399  mi_loss=0.0014  mi_valid=0.73  div_loss=-0.1924  kl_loss=0.0000 (disabled)  score=0.943  return=0.821  role_std=4.2858  role_norm=22.8961  enc_delta ego=0.0012 partner=0.0016 road=0.0023
[ROMA step 4,374,134,784] sps=245,912  policy_loss=0.0035  value_loss=0.1437  mi_loss=0.0014  mi_valid=0.74  div_loss=-0.1973  kl_loss=0.0000 (disabled)  score=0.944  return=0.820  role_std=4.2927  role_norm=22.4945  enc_delta ego=0.0009 partner=0.0012 road=0.0019
[ROMA step 4,374,921,216] sps=245,812  policy_loss=-0.0080  value_loss=0.1031  mi_loss=0.0014  mi_valid=0.74  div_loss=-0.2041  kl_loss=0.0000 (disabled)  score=0.944  return=0.822  role_std=4.6128  role_norm=22.1479  enc_delta ego=0.0008 partner=0.0010 road=0.0016
[ROMA step 4,375,707,648] sps=245,381  policy_loss=0.0010  value_loss=0.1942  mi_loss=0.0014  mi_valid=0.72  div_loss=-0.2119  kl_loss=0.0000 (disabled)  score=0.945  return=0.822  role_std=4.9223  role_norm=21.7855  enc_delta ego=0.0013 partner=0.0014 road=0.0017
[ROMA step 4,376,494,080] sps=245,282  policy_loss=0.0031  value_loss=0.2120  mi_loss=0.0013  mi_valid=0.74  div_loss=-0.2139  kl_loss=0.0000 (disabled)  score=0.945  return=0.823  role_std=4.6079  role_norm=22.7860  enc_delta ego=0.0011 partner=0.0013 road=0.0020
[ROMA step 4,377,280,512] sps=245,188  policy_loss=0.0004  value_loss=0.1338  mi_loss=0.0013  mi_valid=0.74  div_loss=-0.2207  kl_loss=0.0000 (disabled)  score=0.946  return=0.825  role_std=4.7099  role_norm=22.9856  enc_delta ego=0.0009 partner=0.0014 road=0.0021
[ROMA step 4,378,066,944] sps=245,090  policy_loss=-0.0001  value_loss=0.2030  mi_loss=0.0013  mi_valid=0.73  div_loss=-0.2295  kl_loss=0.0000 (disabled)  score=0.946  return=0.824  role_std=4.9265  role_norm=22.7433  enc_delta ego=0.0010 partner=0.0012 road=0.0017
[ROMA step 4,378,853,376] sps=244,663  policy_loss=0.0070  value_loss=0.1775  mi_loss=0.0014  mi_valid=0.72  div_loss=-0.2236  kl_loss=0.0000 (disabled)  score=0.946  return=0.823  role_std=4.8984  role_norm=22.2099  enc_delta ego=0.0014 partner=0.0014 road=0.0021
[ROMA step 4,379,639,808] sps=244,572  policy_loss=0.0125  value_loss=0.2455  mi_loss=0.0013  mi_valid=0.74  div_loss=-0.2129  kl_loss=0.0000 (disabled)  score=0.947  return=0.826  role_std=5.1438  role_norm=22.1870  enc_delta ego=0.0010 partner=0.0012 road=0.0020
[ROMA step 4,380,426,240] sps=244,473  policy_loss=-0.0055  value_loss=0.1000  mi_loss=0.0013  mi_valid=0.74  div_loss=-0.2100  kl_loss=0.0000 (disabled)  score=0.947  return=0.830  role_std=4.9863  role_norm=22.0763  enc_delta ego=0.0009 partner=0.0010 road=0.0016
[ROMA step 4,381,212,672] sps=244,045  policy_loss=0.0064  value_loss=0.2147  mi_loss=0.0014  mi_valid=0.73  div_loss=-0.2168  kl_loss=0.0000 (disabled)  score=0.948  return=0.835  role_std=4.8133  role_norm=23.0963  enc_delta ego=0.0012 partner=0.0014 road=0.0017
[ROMA step 4,381,999,104] sps=243,949  policy_loss=-0.0023  value_loss=0.2053  mi_loss=0.0015  mi_valid=0.73  div_loss=-0.2100  kl_loss=0.0000 (disabled)  score=0.948  return=0.834  role_std=4.8339  role_norm=22.9269  enc_delta ego=0.0013 partner=0.0014 road=0.0024
[ROMA step 4,382,785,536] sps=243,857  policy_loss=0.0004  value_loss=0.2339  mi_loss=0.0017  mi_valid=0.73  div_loss=-0.2109  kl_loss=0.0000 (disabled)  score=0.948  return=0.834  role_std=4.7756  role_norm=22.7024  enc_delta ego=0.0012 partner=0.0013 road=0.0019
[ROMA step 4,383,571,968] sps=243,762  policy_loss=0.0017  value_loss=0.2206  mi_loss=0.0016  mi_valid=0.73  div_loss=-0.2158  kl_loss=0.0000 (disabled)  score=0.948  return=0.832  role_std=4.8240  role_norm=22.3797  enc_delta ego=0.0011 partner=0.0011 road=0.0020
[ROMA step 4,384,358,400] sps=243,270  policy_loss=0.0023  value_loss=0.2123  mi_loss=0.0014  mi_valid=0.72  div_loss=-0.2207  kl_loss=0.0000 (disabled)  score=0.948  return=0.835  role_std=4.9245  role_norm=21.9486  enc_delta ego=0.0010 partner=0.0014 road=0.0022
[ROMA step 4,385,144,832] sps=243,176  policy_loss=-0.0048  value_loss=0.2951  mi_loss=0.0016  mi_valid=0.74  div_loss=-0.2246  kl_loss=0.0000 (disabled)  score=0.948  return=0.832  role_std=4.9897  role_norm=22.7008  enc_delta ego=0.0017 partner=0.0013 road=0.0022
[ROMA step 4,385,931,264] sps=243,087  policy_loss=0.0053  value_loss=0.2700  mi_loss=0.0014  mi_valid=0.73  div_loss=-0.2236  kl_loss=0.0000 (disabled)  score=0.948  return=0.829  role_std=5.1282  role_norm=22.5523  enc_delta ego=0.0013 partner=0.0015 road=0.0022
[ROMA step 4,386,717,696] sps=242,485  policy_loss=-0.0033  value_loss=0.2261  mi_loss=0.0015  mi_valid=0.72  div_loss=-0.2305  kl_loss=0.0000 (disabled)  score=0.948  return=0.828  role_std=4.8367  role_norm=23.0188  enc_delta ego=0.0011 partner=0.0014 road=0.0017
[ROMA step 4,387,504,128] sps=242,390  policy_loss=0.0019  value_loss=0.2273  mi_loss=0.0014  mi_valid=0.72  div_loss=-0.2236  kl_loss=0.0000 (disabled)  score=0.949  return=0.827  role_std=5.1980  role_norm=22.2899  enc_delta ego=0.0013 partner=0.0015 road=0.0019
[ROMA step 4,388,290,560] sps=242,299  policy_loss=0.0014  value_loss=0.2205  mi_loss=0.0014  mi_valid=0.72  div_loss=-0.2266  kl_loss=0.0000 (disabled)  score=0.949  return=0.829  role_std=5.1579  role_norm=22.4480  enc_delta ego=0.0011 partner=0.0013 road=0.0017
[ROMA step 4,389,076,992] sps=242,210  policy_loss=-0.0014  value_loss=0.2417  mi_loss=0.0014  mi_valid=0.73  div_loss=-0.2324  kl_loss=0.0000 (disabled)  score=0.949  return=0.826  role_std=5.0413  role_norm=22.9113  enc_delta ego=0.0011 partner=0.0011 road=0.0020
[ROMA step 4,389,863,424] sps=241,818  policy_loss=0.0024  value_loss=0.2904  mi_loss=0.0015  mi_valid=0.72  div_loss=-0.2344  kl_loss=0.0000 (disabled)  score=0.949  return=0.827  role_std=5.2853  role_norm=23.0370  enc_delta ego=0.0012 partner=0.0013 road=0.0019
[ROMA step 4,390,649,856] sps=241,723  policy_loss=0.0046  value_loss=0.2156  mi_loss=0.0017  mi_valid=0.72  div_loss=-0.2295  kl_loss=0.0000 (disabled)  score=0.950  return=0.831  role_std=5.0525  role_norm=22.8538  enc_delta ego=0.0012 partner=0.0013 road=0.0019
[ROMA step 4,391,436,288] sps=241,635  policy_loss=-0.0026  value_loss=0.2454  mi_loss=0.0016  mi_valid=0.73  div_loss=-0.2354  kl_loss=0.0000 (disabled)  score=0.951  return=0.834  role_std=5.4050  role_norm=22.7974  enc_delta ego=0.0013 partner=0.0014 road=0.0022
[ROMA step 4,392,222,720] sps=241,215  policy_loss=-0.0015  value_loss=0.2042  mi_loss=0.0016  mi_valid=0.71  div_loss=-0.2324  kl_loss=0.0000 (disabled)  score=0.951  return=0.839  role_std=5.7985  role_norm=21.4857  enc_delta ego=0.0009 partner=0.0013 road=0.0017
[ROMA step 4,393,009,152] sps=241,122  policy_loss=0.0061  value_loss=0.1435  mi_loss=0.0013  mi_valid=0.74  div_loss=-0.2266  kl_loss=0.0000 (disabled)  score=0.952  return=0.841  role_std=5.2202  role_norm=23.2059  enc_delta ego=0.0011 partner=0.0011 road=0.0020
[ROMA step 4,393,795,584] sps=241,030  policy_loss=0.0047  value_loss=0.1744  mi_loss=0.0014  mi_valid=0.73  div_loss=-0.2295  kl_loss=0.0000 (disabled)  score=0.952  return=0.843  role_std=5.1538  role_norm=23.2497  enc_delta ego=0.0009 partner=0.0012 road=0.0018
[ROMA step 4,394,582,016] sps=240,937  policy_loss=-0.0035  value_loss=0.1493  mi_loss=0.0013  mi_valid=0.73  div_loss=-0.2354  kl_loss=0.0000 (disabled)  score=0.952  return=0.842  role_std=5.1105  role_norm=22.9520  enc_delta ego=0.0011 partner=0.0014 road=0.0022
[ROMA step 4,395,368,448] sps=240,453  policy_loss=0.0015  value_loss=0.1452  mi_loss=0.0014  mi_valid=0.72  div_loss=-0.2275  kl_loss=0.0000 (disabled)  score=0.951  return=0.841  role_std=5.0271  role_norm=22.7982  enc_delta ego=0.0009 partner=0.0011 road=0.0017
[ROMA step 4,396,154,880] sps=240,360  policy_loss=-0.0044  value_loss=0.1525  mi_loss=0.0014  mi_valid=0.74  div_loss=-0.2256  kl_loss=0.0000 (disabled)  score=0.951  return=0.841  role_std=5.2779  role_norm=22.4864  enc_delta ego=0.0009 partner=0.0010 road=0.0015
[ROMA step 4,396,941,312] sps=240,271  policy_loss=0.0007  value_loss=0.1288  mi_loss=0.0013  mi_valid=0.74  div_loss=-0.2236  kl_loss=0.0000 (disabled)  score=0.951  return=0.841  role_std=5.0509  role_norm=22.0935  enc_delta ego=0.0010 partner=0.0009 road=0.0016
[ROMA step 4,397,727,744] sps=240,180  policy_loss=-0.0038  value_loss=0.2212  mi_loss=0.0013  mi_valid=0.74  div_loss=-0.2295  kl_loss=0.0000 (disabled)  score=0.950  return=0.841  role_std=4.8768  role_norm=22.9917  enc_delta ego=0.0007 partner=0.0010 road=0.0015
[ROMA step 4,398,514,176] sps=239,769  policy_loss=0.0034  value_loss=0.2109  mi_loss=0.0015  mi_valid=0.73  div_loss=-0.2266  kl_loss=0.0000 (disabled)  score=0.950  return=0.839  role_std=4.8333  role_norm=23.0261  enc_delta ego=0.0012 partner=0.0012 road=0.0021
[ROMA step 4,399,300,608] sps=239,672  policy_loss=-0.0012  value_loss=0.2158  mi_loss=0.0014  mi_valid=0.74  div_loss=-0.2227  kl_loss=0.0000 (disabled)  score=0.950  return=0.836  role_std=5.1338  role_norm=22.8211  enc_delta ego=0.0013 partner=0.0016 road=0.0022
[ROMA step 4,400,087,040] sps=239,583  policy_loss=-0.0088  value_loss=0.1710  mi_loss=0.0014  mi_valid=0.74  div_loss=-0.2139  kl_loss=0.0000 (disabled)  score=0.950  return=0.837  role_std=5.0390  role_norm=22.5873  enc_delta ego=0.0009 partner=0.0012 road=0.0021
[ROMA step 4,400,873,472] sps=239,134  policy_loss=0.0000  value_loss=0.1622  mi_loss=0.0015  mi_valid=0.72  div_loss=-0.2168  kl_loss=0.0000 (disabled)  score=0.949  return=0.835  role_std=4.8091  role_norm=21.5630  enc_delta ego=0.0008 partner=0.0014 road=0.0020
[ROMA step 4,401,659,904] sps=239,047  policy_loss=0.0001  value_loss=0.1731  mi_loss=0.0013  mi_valid=0.74  div_loss=-0.2129  kl_loss=0.0000 (disabled)  score=0.949  return=0.836  role_std=4.6093  role_norm=23.2036  enc_delta ego=0.0009 partner=0.0011 road=0.0021
[ROMA step 4,402,446,336] sps=238,957  policy_loss=-0.0008  value_loss=0.1193  mi_loss=0.0013  mi_valid=0.74  div_loss=-0.2109  kl_loss=0.0000 (disabled)  score=0.948  return=0.837  role_std=4.4896  role_norm=23.0347  enc_delta ego=0.0010 partner=0.0011 road=0.0020
[ROMA step 4,403,232,768] sps=238,870  policy_loss=-0.0013  value_loss=0.1657  mi_loss=0.0013  mi_valid=0.73  div_loss=-0.2109  kl_loss=0.0000 (disabled)  score=0.948  return=0.836  role_std=4.8289  role_norm=22.6579  enc_delta ego=0.0011 partner=0.0010 road=0.0019
[ROMA step 4,404,019,200] sps=238,421  policy_loss=0.0026  value_loss=0.1910  mi_loss=0.0014  mi_valid=0.73  div_loss=-0.2129  kl_loss=0.0000 (disabled)  score=0.948  return=0.838  role_std=4.7068  role_norm=21.9122  enc_delta ego=0.0009 partner=0.0014 road=0.0019
[ROMA step 4,404,805,632] sps=238,334  policy_loss=-0.0069  value_loss=0.2052  mi_loss=0.0014  mi_valid=0.75  div_loss=-0.2236  kl_loss=0.0000 (disabled)  score=0.949  return=0.839  role_std=4.8664  role_norm=21.8880  enc_delta ego=0.0010 partner=0.0014 road=0.0017
[ROMA step 4,405,592,064] sps=238,245  policy_loss=-0.0015  value_loss=0.1310  mi_loss=0.0014  mi_valid=0.75  div_loss=-0.2129  kl_loss=0.0000 (disabled)  score=0.948  return=0.838  role_std=4.8873  role_norm=21.4770  enc_delta ego=0.0010 partner=0.0012 road=0.0015
[ROMA step 4,406,378,496] sps=237,815  policy_loss=-0.0031  value_loss=0.2041  mi_loss=0.0013  mi_valid=0.74  div_loss=-0.2275  kl_loss=0.0000 (disabled)  score=0.948  return=0.836  role_std=4.8770  role_norm=23.5437  enc_delta ego=0.0009 partner=0.0012 road=0.0016
[ROMA step 4,407,164,928] sps=237,729  policy_loss=-0.0033  value_loss=0.2422  mi_loss=0.0013  mi_valid=0.73  div_loss=-0.2422  kl_loss=0.0000 (disabled)  score=0.948  return=0.839  role_std=5.3662  role_norm=22.8951  enc_delta ego=0.0008 partner=0.0014 road=0.0023
[ROMA step 4,407,951,360] sps=237,633  policy_loss=0.0024  value_loss=0.1575  mi_loss=0.0013  mi_valid=0.74  div_loss=-0.2432  kl_loss=0.0000 (disabled)  score=0.948  return=0.839  role_std=5.5130  role_norm=22.6539  enc_delta ego=0.0012 partner=0.0018 road=0.0022
[ROMA step 4,408,737,792] sps=237,548  policy_loss=0.0038  value_loss=0.1926  mi_loss=0.0013  mi_valid=0.73  div_loss=-0.2422  kl_loss=0.0000 (disabled)  score=0.947  return=0.839  role_std=5.5255  role_norm=22.5156  enc_delta ego=0.0011 partner=0.0011 road=0.0016
[ROMA step 4,409,524,224] sps=237,107  policy_loss=-0.0013  value_loss=0.2251  mi_loss=0.0013  mi_valid=0.73  div_loss=-0.2334  kl_loss=0.0000 (disabled)  score=0.947  return=0.837  role_std=5.5411  role_norm=21.0947  enc_delta ego=0.0011 partner=0.0014 road=0.0019
[ROMA step 4,410,310,656] sps=237,021  policy_loss=0.0021  value_loss=0.1992  mi_loss=0.0013  mi_valid=0.76  div_loss=-0.2275  kl_loss=0.0000 (disabled)  score=0.946  return=0.838  role_std=4.8165  role_norm=23.1741  enc_delta ego=0.0012 partner=0.0014 road=0.0019
[ROMA step 4,411,097,088] sps=236,933  policy_loss=0.0007  value_loss=0.2069  mi_loss=0.0014  mi_valid=0.75  div_loss=-0.2227  kl_loss=0.0000 (disabled)  score=0.946  return=0.837  role_std=4.9647  role_norm=23.0981  enc_delta ego=0.0013 partner=0.0013 road=0.0021
[ROMA step 4,411,883,520] sps=236,487  policy_loss=0.0062  value_loss=0.3083  mi_loss=0.0014  mi_valid=0.73  div_loss=-0.2305  kl_loss=0.0000 (disabled)  score=0.945  return=0.835  role_std=5.0319  role_norm=23.2065  enc_delta ego=0.0010 partner=0.0012 road=0.0016
[ROMA step 4,412,669,952] sps=236,400  policy_loss=0.0029  value_loss=0.2792  mi_loss=0.0013  mi_valid=0.73  div_loss=-0.2217  kl_loss=0.0000 (disabled)  score=0.944  return=0.833  role_std=5.1006  role_norm=22.7220  enc_delta ego=0.0011 partner=0.0014 road=0.0018
[ROMA step 4,413,456,384] sps=236,317  policy_loss=-0.0048  value_loss=0.2192  mi_loss=0.0013  mi_valid=0.73  div_loss=-0.2217  kl_loss=0.0000 (disabled)  score=0.943  return=0.830  role_std=5.2667  role_norm=22.3935  enc_delta ego=0.0013 partner=0.0013 road=0.0020
[ROMA step 4,414,242,816] sps=236,230  policy_loss=0.0068  value_loss=0.1587  mi_loss=0.0014  mi_valid=0.73  div_loss=-0.2178  kl_loss=0.0000 (disabled)  score=0.943  return=0.828  role_std=5.2605  role_norm=22.2827  enc_delta ego=0.0008 partner=0.0013 road=0.0018
[ROMA step 4,415,029,248] sps=235,669  policy_loss=-0.0104  value_loss=0.2481  mi_loss=0.0014  mi_valid=0.72  div_loss=-0.2197  kl_loss=0.0000 (disabled)  score=0.943  return=0.827  role_std=4.6675  role_norm=23.6875  enc_delta ego=0.0013 partner=0.0012 road=0.0020
[ROMA step 4,415,815,680] sps=235,587  policy_loss=-0.0007  value_loss=0.2488  mi_loss=0.0014  mi_valid=0.73  div_loss=-0.2148  kl_loss=0.0000 (disabled)  score=0.942  return=0.825  role_std=4.7728  role_norm=23.2982  enc_delta ego=0.0010 partner=0.0013 road=0.0023
[ROMA step 4,416,602,112] sps=235,505  policy_loss=-0.0078  value_loss=0.1414  mi_loss=0.0013  mi_valid=0.73  div_loss=-0.2178  kl_loss=0.0000 (disabled)  score=0.942  return=0.824  role_std=4.8417  role_norm=23.2472  enc_delta ego=0.0010 partner=0.0012 road=0.0020
[ROMA step 4,417,388,544] sps=235,069  policy_loss=0.0027  value_loss=0.1536  mi_loss=0.0014  mi_valid=0.71  div_loss=-0.2217  kl_loss=0.0000 (disabled)  score=0.942  return=0.825  role_std=5.1913  role_norm=21.1004  enc_delta ego=0.0015 partner=0.0010 road=0.0018
[ROMA step 4,418,174,976] sps=234,983  policy_loss=0.0049  value_loss=0.2996  mi_loss=0.0015  mi_valid=0.75  div_loss=-0.2227  kl_loss=0.0000 (disabled)  score=0.942  return=0.824  role_std=4.7496  role_norm=21.9038  enc_delta ego=0.0010 partner=0.0013 road=0.0020
[ROMA step 4,418,961,408] sps=234,887  policy_loss=0.0013  value_loss=0.2332  mi_loss=0.0016  mi_valid=0.75  div_loss=-0.2158  kl_loss=0.0000 (disabled)  score=0.942  return=0.820  role_std=4.7276  role_norm=23.3062  enc_delta ego=0.0013 partner=0.0015 road=0.0022
[ROMA step 4,419,747,840] sps=234,800  policy_loss=-0.0020  value_loss=0.1851  mi_loss=0.0016  mi_valid=0.74  div_loss=-0.2148  kl_loss=0.0000 (disabled)  score=0.942  return=0.819  role_std=4.8514  role_norm=23.1094  enc_delta ego=0.0011 partner=0.0014 road=0.0020
[ROMA step 4,420,534,272] sps=234,302  policy_loss=-0.0051  value_loss=0.2007  mi_loss=0.0015  mi_valid=0.73  div_loss=-0.2197  kl_loss=0.0000 (disabled)  score=0.942  return=0.816  role_std=5.0039  role_norm=23.0516  enc_delta ego=0.0010 partner=0.0010 road=0.0016
[ROMA step 4,421,320,704] sps=234,207  policy_loss=-0.0054  value_loss=0.1884  mi_loss=0.0014  mi_valid=0.74  div_loss=-0.2158  kl_loss=0.0000 (disabled)  score=0.942  return=0.817  role_std=5.3272  role_norm=22.5448  enc_delta ego=0.0011 partner=0.0012 road=0.0018
[ROMA step 4,422,107,136] sps=234,122  policy_loss=-0.0052  value_loss=0.3301  mi_loss=0.0014  mi_valid=0.74  div_loss=-0.2354  kl_loss=0.0000 (disabled)  score=0.942  return=0.815  role_std=5.5408  role_norm=22.3847  enc_delta ego=0.0010 partner=0.0012 road=0.0017
[ROMA step 4,422,893,568] sps=234,037  policy_loss=0.0028  value_loss=0.2882  mi_loss=0.0015  mi_valid=0.75  div_loss=-0.2285  kl_loss=0.0000 (disabled)  score=0.942  return=0.814  role_std=4.8343  role_norm=23.2965  enc_delta ego=0.0011 partner=0.0011 road=0.0019
[ROMA step 4,423,680,000] sps=233,567  policy_loss=-0.0017  value_loss=0.2708  mi_loss=0.0014  mi_valid=0.73  div_loss=-0.2275  kl_loss=0.0000 (disabled)  score=0.942  return=0.813  role_std=5.1441  role_norm=23.1034  enc_delta ego=0.0010 partner=0.0013 road=0.0020
[ROMA step 4,424,466,432] sps=233,485  policy_loss=-0.0048  value_loss=0.1832  mi_loss=0.0013  mi_valid=0.74  div_loss=-0.2275  kl_loss=0.0000 (disabled)  score=0.942  return=0.814  role_std=5.1985  role_norm=22.8833  enc_delta ego=0.0010 partner=0.0014 road=0.0019
[ROMA step 4,425,252,864] sps=233,404  policy_loss=-0.0037  value_loss=0.2541  mi_loss=0.0013  mi_valid=0.74  div_loss=-0.2275  kl_loss=0.0000 (disabled)  score=0.942  return=0.810  role_std=4.9953  role_norm=22.6856  enc_delta ego=0.0010 partner=0.0012 road=0.0018
[ROMA step 4,426,039,296] sps=232,870  policy_loss=0.0020  value_loss=0.2350  mi_loss=0.0014  mi_valid=0.72  div_loss=-0.2393  kl_loss=0.0000 (disabled)  score=0.942  return=0.808  role_std=5.0902  role_norm=22.1524  enc_delta ego=0.0010 partner=0.0013 road=0.0018
[ROMA step 4,426,825,728] sps=232,785  policy_loss=-0.0078  value_loss=0.2238  mi_loss=0.0014  mi_valid=0.74  div_loss=-0.2324  kl_loss=0.0000 (disabled)  score=0.942  return=0.806  role_std=4.9936  role_norm=23.2951  enc_delta ego=0.0011 partner=0.0012 road=0.0020
[ROMA step 4,427,612,160] sps=232,703  policy_loss=0.0034  value_loss=0.2661  mi_loss=0.0013  mi_valid=0.74  div_loss=-0.2334  kl_loss=0.0000 (disabled)  score=0.941  return=0.805  role_std=5.3218  role_norm=23.3436  enc_delta ego=0.0015 partner=0.0013 road=0.0020
[ROMA step 4,428,398,592] sps=232,619  policy_loss=0.0004  value_loss=0.2447  mi_loss=0.0013  mi_valid=0.74  div_loss=-0.2285  kl_loss=0.0000 (disabled)  score=0.941  return=0.802  role_std=4.9589  role_norm=23.1001  enc_delta ego=0.0012 partner=0.0012 road=0.0019
[ROMA step 4,429,185,024] sps=232,170  policy_loss=-0.0014  value_loss=0.3169  mi_loss=0.0013  mi_valid=0.72  div_loss=-0.2295  kl_loss=0.0000 (disabled)  score=0.942  return=0.806  role_std=5.0514  role_norm=23.1080  enc_delta ego=0.0011 partner=0.0014 road=0.0023
[ROMA step 4,429,971,456] sps=232,085  policy_loss=0.0007  value_loss=0.1459  mi_loss=0.0013  mi_valid=0.73  div_loss=-0.2188  kl_loss=0.0000 (disabled)  score=0.942  return=0.807  role_std=5.3436  role_norm=22.8416  enc_delta ego=0.0011 partner=0.0011 road=0.0019
[ROMA step 4,430,757,888] sps=232,002  policy_loss=0.0008  value_loss=0.1922  mi_loss=0.0012  mi_valid=0.73  div_loss=-0.2227  kl_loss=0.0000 (disabled)  score=0.942  return=0.808  role_std=5.5088  role_norm=22.6633  enc_delta ego=0.0011 partner=0.0012 road=0.0020
[ROMA step 4,431,544,320] sps=231,602  policy_loss=0.0016  value_loss=0.2179  mi_loss=0.0013  mi_valid=0.72  div_loss=-0.2295  kl_loss=0.0000 (disabled)  score=0.942  return=0.808  role_std=5.3632  role_norm=23.3750  enc_delta ego=0.0013 partner=0.0014 road=0.0019
[ROMA step 4,432,330,752] sps=231,521  policy_loss=0.0122  value_loss=0.3023  mi_loss=0.0014  mi_valid=0.73  div_loss=-0.2295  kl_loss=0.0000 (disabled)  score=0.942  return=0.808  role_std=5.2106  role_norm=23.3695  enc_delta ego=0.0013 partner=0.0014 road=0.0021
[ROMA step 4,433,117,184] sps=231,439  policy_loss=0.0035  value_loss=0.2775  mi_loss=0.0014  mi_valid=0.73  div_loss=-0.2285  kl_loss=0.0000 (disabled)  score=0.942  return=0.809  role_std=5.3041  role_norm=23.1237  enc_delta ego=0.0011 partner=0.0015 road=0.0019
[ROMA step 4,433,903,616] sps=231,354  policy_loss=0.0025  value_loss=0.3190  mi_loss=0.0014  mi_valid=0.73  div_loss=-0.2305  kl_loss=0.0000 (disabled)  score=0.943  return=0.808  role_std=5.4693  role_norm=22.8349  enc_delta ego=0.0011 partner=0.0014 road=0.0019
[ROMA step 4,434,690,048] sps=230,873  policy_loss=0.0031  value_loss=0.3521  mi_loss=0.0014  mi_valid=0.72  div_loss=-0.2334  kl_loss=0.0000 (disabled)  score=0.943  return=0.807  role_std=5.2040  role_norm=21.9374  enc_delta ego=0.0012 partner=0.0013 road=0.0025
[ROMA step 4,435,476,480] sps=230,789  policy_loss=-0.0077  value_loss=0.1981  mi_loss=0.0013  mi_valid=0.75  div_loss=-0.2256  kl_loss=0.0000 (disabled)  score=0.943  return=0.809  role_std=4.9239  role_norm=23.2564  enc_delta ego=0.0009 partner=0.0013 road=0.0020
[ROMA step 4,436,262,912] sps=230,705  policy_loss=-0.0061  value_loss=0.1784  mi_loss=0.0013  mi_valid=0.74  div_loss=-0.2266  kl_loss=0.0000 (disabled)  score=0.943  return=0.810  role_std=5.0776  role_norm=23.1155  enc_delta ego=0.0008 partner=0.0014 road=0.0020
[ROMA step 4,437,049,344] sps=230,261  policy_loss=0.0046  value_loss=0.1952  mi_loss=0.0013  mi_valid=0.72  div_loss=-0.2266  kl_loss=0.0000 (disabled)  score=0.942  return=0.811  role_std=4.7118  role_norm=23.1449  enc_delta ego=0.0010 partner=0.0011 road=0.0018
[ROMA step 4,437,835,776] sps=230,183  policy_loss=0.0008  value_loss=0.1837  mi_loss=0.0014  mi_valid=0.74  div_loss=-0.2129  kl_loss=0.0000 (disabled)  score=0.943  return=0.812  role_std=4.9671  role_norm=22.5030  enc_delta ego=0.0010 partner=0.0012 road=0.0020
[ROMA step 4,438,622,208] sps=230,104  policy_loss=-0.0002  value_loss=0.1990  mi_loss=0.0012  mi_valid=0.75  div_loss=-0.2197  kl_loss=0.0000 (disabled)  score=0.942  return=0.811  role_std=4.8295  role_norm=22.3090  enc_delta ego=0.0011 partner=0.0011 road=0.0020
[ROMA step 4,439,408,640] sps=230,024  policy_loss=-0.0016  value_loss=0.1578  mi_loss=0.0013  mi_valid=0.75  div_loss=-0.2119  kl_loss=0.0000 (disabled)  score=0.942  return=0.812  role_std=5.0304  role_norm=22.3887  enc_delta ego=0.0009 partner=0.0010 road=0.0019
[ROMA step 4,440,195,072] sps=229,665  policy_loss=-0.0020  value_loss=0.2753  mi_loss=0.0015  mi_valid=0.73  div_loss=-0.2168  kl_loss=0.0000 (disabled)  score=0.942  return=0.811  role_std=4.5523  role_norm=23.1480  enc_delta ego=0.0010 partner=0.0012 road=0.0017
[ROMA step 4,440,981,504] sps=229,588  policy_loss=0.0025  value_loss=0.3318  mi_loss=0.0016  mi_valid=0.74  div_loss=-0.2168  kl_loss=0.0000 (disabled)  score=0.941  return=0.806  role_std=5.0306  role_norm=22.9426  enc_delta ego=0.0012 partner=0.0014 road=0.0018
[ROMA step 4,441,767,936] sps=229,498  policy_loss=-0.0031  value_loss=0.2913  mi_loss=0.0016  mi_valid=0.74  div_loss=-0.2236  kl_loss=0.0000 (disabled)  score=0.941  return=0.803  role_std=5.1239  role_norm=22.7702  enc_delta ego=0.0012 partner=0.0013 road=0.0022
[ROMA step 4,442,554,368] sps=229,060  policy_loss=0.0024  value_loss=0.2172  mi_loss=0.0017  mi_valid=0.72  div_loss=-0.2217  kl_loss=0.0000 (disabled)  score=0.941  return=0.804  role_std=5.8947  role_norm=22.5650  enc_delta ego=0.0009 partner=0.0013 road=0.0017
[ROMA step 4,443,340,800] sps=228,985  policy_loss=-0.0064  value_loss=0.1292  mi_loss=0.0014  mi_valid=0.73  div_loss=-0.2158  kl_loss=0.0000 (disabled)  score=0.941  return=0.804  role_std=5.7414  role_norm=23.1819  enc_delta ego=0.0009 partner=0.0011 road=0.0019
[ROMA step 4,444,127,232] sps=228,907  policy_loss=-0.0064  value_loss=0.1897  mi_loss=0.0014  mi_valid=0.74  div_loss=-0.2285  kl_loss=0.0000 (disabled)  score=0.942  return=0.804  role_std=5.0156  role_norm=24.2380  enc_delta ego=0.0013 partner=0.0012 road=0.0020
[ROMA step 4,444,913,664] sps=228,829  policy_loss=0.0065  value_loss=0.2127  mi_loss=0.0013  mi_valid=0.73  div_loss=-0.2314  kl_loss=0.0000 (disabled)  score=0.942  return=0.805  role_std=5.2281  role_norm=23.8975  enc_delta ego=0.0010 partner=0.0012 road=0.0018
[ROMA step 4,445,700,096] sps=228,408  policy_loss=-0.0032  value_loss=0.2335  mi_loss=0.0014  mi_valid=0.72  div_loss=-0.2324  kl_loss=0.0000 (disabled)  score=0.942  return=0.808  role_std=5.2765  role_norm=23.2073  enc_delta ego=0.0009 partner=0.0012 road=0.0018
[ROMA step 4,446,486,528] sps=228,331  policy_loss=-0.0004  value_loss=0.2182  mi_loss=0.0013  mi_valid=0.74  div_loss=-0.2266  kl_loss=0.0000 (disabled)  score=0.942  return=0.808  role_std=5.1857  role_norm=22.7207  enc_delta ego=0.0009 partner=0.0011 road=0.0018
[ROMA step 4,447,272,960] sps=228,247  policy_loss=0.0112  value_loss=0.2329  mi_loss=0.0013  mi_valid=0.74  div_loss=-0.2285  kl_loss=0.0000 (disabled)  score=0.941  return=0.808  role_std=5.3298  role_norm=22.5205  enc_delta ego=0.0010 partner=0.0011 road=0.0019
[ROMA step 4,448,059,392] sps=228,170  policy_loss=0.0023  value_loss=0.1968  mi_loss=0.0014  mi_valid=0.74  div_loss=-0.2266  kl_loss=0.0000 (disabled)  score=0.941  return=0.810  role_std=5.1228  role_norm=23.2928  enc_delta ego=0.0011 partner=0.0012 road=0.0018
[ROMA step 4,448,845,824] sps=227,733  policy_loss=-0.0026  value_loss=0.1701  mi_loss=0.0014  mi_valid=0.73  div_loss=-0.2246  kl_loss=0.0000 (disabled)  score=0.941  return=0.811  role_std=4.9530  role_norm=23.6049  enc_delta ego=0.0009 partner=0.0011 road=0.0014
[ROMA step 4,449,632,256] sps=227,652  policy_loss=0.0082  value_loss=0.1286  mi_loss=0.0013  mi_valid=0.74  div_loss=-0.2139  kl_loss=0.0000 (disabled)  score=0.941  return=0.814  role_std=5.0084  role_norm=23.5390  enc_delta ego=0.0009 partner=0.0009 road=0.0013
[ROMA step 4,450,418,688] sps=227,574  policy_loss=0.0018  value_loss=0.1260  mi_loss=0.0013  mi_valid=0.73  div_loss=-0.2188  kl_loss=0.0000 (disabled)  score=0.941  return=0.818  role_std=4.9280  role_norm=23.1374  enc_delta ego=0.0010 partner=0.0009 road=0.0015
[ROMA step 4,451,205,120] sps=227,148  policy_loss=0.0028  value_loss=0.1775  mi_loss=0.0015  mi_valid=0.71  div_loss=-0.2217  kl_loss=0.0000 (disabled)  score=0.941  return=0.821  role_std=5.4266  role_norm=22.1308  enc_delta ego=0.0011 partner=0.0009 road=0.0016
[ROMA step 4,451,991,552] sps=227,075  policy_loss=-0.0025  value_loss=0.1083  mi_loss=0.0015  mi_valid=0.74  div_loss=-0.2168  kl_loss=0.0000 (disabled)  score=0.941  return=0.821  role_std=4.8804  role_norm=23.4083  enc_delta ego=0.0010 partner=0.0011 road=0.0017
[ROMA step 4,452,777,984] sps=226,997  policy_loss=-0.0042  value_loss=0.1124  mi_loss=0.0014  mi_valid=0.74  div_loss=-0.2188  kl_loss=0.0000 (disabled)  score=0.942  return=0.823  role_std=4.9485  role_norm=23.4807  enc_delta ego=0.0011 partner=0.0009 road=0.0016
[ROMA step 4,453,564,416] sps=226,922  policy_loss=0.0030  value_loss=0.2139  mi_loss=0.0013  mi_valid=0.73  div_loss=-0.2227  kl_loss=0.0000 (disabled)  score=0.942  return=0.823  role_std=4.9473  role_norm=23.3926  enc_delta ego=0.0009 partner=0.0010 road=0.0021
[ROMA step 4,454,350,848] sps=226,514  policy_loss=-0.0007  value_loss=0.2313  mi_loss=0.0017  mi_valid=0.72  div_loss=-0.2217  kl_loss=0.0000 (disabled)  score=0.941  return=0.822  role_std=5.0303  role_norm=22.8913  enc_delta ego=0.0009 partner=0.0014 road=0.0018
[ROMA step 4,455,137,280] sps=226,437  policy_loss=-0.0069  value_loss=0.1451  mi_loss=0.0016  mi_valid=0.73  div_loss=-0.2119  kl_loss=0.0000 (disabled)  score=0.942  return=0.823  role_std=5.0675  role_norm=22.7183  enc_delta ego=0.0008 partner=0.0012 road=0.0016
[ROMA step 4,455,923,712] sps=226,358  policy_loss=-0.0031  value_loss=0.1563  mi_loss=0.0015  mi_valid=0.73  div_loss=-0.2148  kl_loss=0.0000 (disabled)  score=0.942  return=0.826  role_std=4.9592  role_norm=22.6750  enc_delta ego=0.0010 partner=0.0011 road=0.0017
[ROMA step 4,456,710,144] sps=225,893  policy_loss=0.0043  value_loss=0.2509  mi_loss=0.0015  mi_valid=0.73  div_loss=-0.2197  kl_loss=0.0000 (disabled)  score=0.943  return=0.828  role_std=5.0545  role_norm=23.5020  enc_delta ego=0.0010 partner=0.0011 road=0.0016
[ROMA step 4,457,496,576] sps=225,818  policy_loss=-0.0016  value_loss=0.1514  mi_loss=0.0014  mi_valid=0.74  div_loss=-0.2109  kl_loss=0.0000 (disabled)  score=0.943  return=0.833  role_std=4.9316  role_norm=23.3992  enc_delta ego=0.0013 partner=0.0013 road=0.0023
[ROMA step 4,458,283,008] sps=225,741  policy_loss=-0.0031  value_loss=0.1430  mi_loss=0.0015  mi_valid=0.74  div_loss=-0.2100  kl_loss=0.0000 (disabled)  score=0.944  return=0.833  role_std=4.8054  role_norm=23.3770  enc_delta ego=0.0010 partner=0.0012 road=0.0017
[ROMA step 4,459,069,440] sps=225,664  policy_loss=-0.0025  value_loss=0.1950  mi_loss=0.0015  mi_valid=0.74  div_loss=-0.2139  kl_loss=0.0000 (disabled)  score=0.944  return=0.833  role_std=4.9679  role_norm=23.2241  enc_delta ego=0.0009 partner=0.0012 road=0.0018
[ROMA step 4,459,855,872] sps=225,283  policy_loss=-0.0008  value_loss=0.2568  mi_loss=0.0015  mi_valid=0.72  div_loss=-0.2119  kl_loss=0.0000 (disabled)  score=0.944  return=0.832  role_std=5.4247  role_norm=22.9540  enc_delta ego=0.0010 partner=0.0013 road=0.0021
[ROMA step 4,460,642,304] sps=225,207  policy_loss=0.0009  value_loss=0.2168  mi_loss=0.0015  mi_valid=0.74  div_loss=-0.2080  kl_loss=0.0000 (disabled)  score=0.944  return=0.830  role_std=4.4726  role_norm=24.3683  enc_delta ego=0.0015 partner=0.0016 road=0.0024
[ROMA step 4,461,428,736] sps=225,132  policy_loss=-0.0037  value_loss=0.2307  mi_loss=0.0015  mi_valid=0.74  div_loss=-0.2119  kl_loss=0.0000 (disabled)  score=0.944  return=0.830  role_std=4.9074  role_norm=24.0833  enc_delta ego=0.0010 partner=0.0013 road=0.0022
[ROMA step 4,462,215,168] sps=224,687  policy_loss=0.0030  value_loss=0.2053  mi_loss=0.0016  mi_valid=0.72  div_loss=-0.2168  kl_loss=0.0000 (disabled)  score=0.944  return=0.829  role_std=4.9583  role_norm=23.8161  enc_delta ego=0.0010 partner=0.0014 road=0.0017
[ROMA step 4,463,001,600] sps=224,611  policy_loss=0.0001  value_loss=0.1620  mi_loss=0.0014  mi_valid=0.72  div_loss=-0.2100  kl_loss=0.0000 (disabled)  score=0.944  return=0.830  role_std=4.8344  role_norm=23.4956  enc_delta ego=0.0017 partner=0.0012 road=0.0020
[ROMA step 4,463,788,032] sps=224,538  policy_loss=-0.0053  value_loss=0.1847  mi_loss=0.0014  mi_valid=0.72  div_loss=-0.2109  kl_loss=0.0000 (disabled)  score=0.944  return=0.835  role_std=4.7836  role_norm=23.4015  enc_delta ego=0.0011 partner=0.0011 road=0.0021
[ROMA step 4,464,574,464] sps=224,459  policy_loss=0.0004  value_loss=0.1413  mi_loss=0.0014  mi_valid=0.73  div_loss=-0.2090  kl_loss=0.0000 (disabled)  score=0.945  return=0.840  role_std=4.9543  role_norm=22.8815  enc_delta ego=0.0008 partner=0.0010 road=0.0016
[ROMA step 4,465,360,896] sps=224,082  policy_loss=0.0100  value_loss=0.1847  mi_loss=0.0014  mi_valid=0.72  div_loss=-0.2129  kl_loss=0.0000 (disabled)  score=0.945  return=0.842  role_std=4.9903  role_norm=24.1198  enc_delta ego=0.0010 partner=0.0011 road=0.0019
[ROMA step 4,466,147,328] sps=224,005  policy_loss=-0.0025  value_loss=0.1772  mi_loss=0.0012  mi_valid=0.73  div_loss=-0.2178  kl_loss=0.0000 (disabled)  score=0.945  return=0.844  role_std=4.9764  role_norm=24.1517  enc_delta ego=0.0008 partner=0.0010 road=0.0019
[ROMA step 4,466,933,760] sps=223,929  policy_loss=-0.0026  value_loss=0.1869  mi_loss=0.0012  mi_valid=0.73  div_loss=-0.2236  kl_loss=0.0000 (disabled)  score=0.945  return=0.846  role_std=5.2917  role_norm=23.6866  enc_delta ego=0.0009 partner=0.0010 road=0.0016
[ROMA step 4,467,720,192] sps=223,551  policy_loss=-0.0016  value_loss=0.1446  mi_loss=0.0014  mi_valid=0.71  div_loss=-0.2217  kl_loss=0.0000 (disabled)  score=0.945  return=0.847  role_std=5.3273  role_norm=21.9692  enc_delta ego=0.0009 partner=0.0010 road=0.0016
[ROMA step 4,468,506,624] sps=223,475  policy_loss=0.0078  value_loss=0.2705  mi_loss=0.0015  mi_valid=0.74  div_loss=-0.2256  kl_loss=0.0000 (disabled)  score=0.945  return=0.847  role_std=5.4467  role_norm=22.2815  enc_delta ego=0.0012 partner=0.0011 road=0.0021
[ROMA step 4,469,293,056] sps=223,400  policy_loss=-0.0015  value_loss=0.3230  mi_loss=0.0015  mi_valid=0.74  div_loss=-0.2334  kl_loss=0.0000 (disabled)  score=0.945  return=0.845  role_std=5.2461  role_norm=23.6304  enc_delta ego=0.0009 partner=0.0011 road=0.0016
[ROMA step 4,470,079,488] sps=223,324  policy_loss=0.0006  value_loss=0.2601  mi_loss=0.0015  mi_valid=0.74  div_loss=-0.2383  kl_loss=0.0000 (disabled)  score=0.946  return=0.841  role_std=5.0878  role_norm=23.5415  enc_delta ego=0.0009 partner=0.0013 road=0.0020
[ROMA step 4,470,865,920] sps=222,711  policy_loss=-0.0044  value_loss=0.2366  mi_loss=0.0015  mi_valid=0.72  div_loss=-0.2393  kl_loss=0.0000 (disabled)  score=0.945  return=0.837  role_std=5.7584  role_norm=23.2840  enc_delta ego=0.0013 partner=0.0013 road=0.0020
[ROMA step 4,471,652,352] sps=222,632  policy_loss=0.0001  value_loss=0.2757  mi_loss=0.0014  mi_valid=0.74  div_loss=-0.2344  kl_loss=0.0000 (disabled)  score=0.945  return=0.835  role_std=5.7604  role_norm=23.2671  enc_delta ego=0.0014 partner=0.0016 road=0.0022
[ROMA step 4,472,438,784] sps=222,557  policy_loss=-0.0035  value_loss=0.2166  mi_loss=0.0014  mi_valid=0.74  div_loss=-0.2314  kl_loss=0.0000 (disabled)  score=0.945  return=0.831  role_std=5.6687  role_norm=22.8705  enc_delta ego=0.0010 partner=0.0013 road=0.0018
[ROMA step 4,473,225,216] sps=222,485  policy_loss=0.0019  value_loss=0.2096  mi_loss=0.0014  mi_valid=0.74  div_loss=-0.2275  kl_loss=0.0000 (disabled)  score=0.944  return=0.826  role_std=5.4752  role_norm=22.8341  enc_delta ego=0.0013 partner=0.0014 road=0.0020
[ROMA step 4,474,011,648] sps=221,937  policy_loss=-0.0002  value_loss=0.3725  mi_loss=0.0016  mi_valid=0.73  div_loss=-0.2227  kl_loss=0.0000 (disabled)  score=0.944  return=0.824  role_std=4.8586  role_norm=23.8251  enc_delta ego=0.0014 partner=0.0012 road=0.0016
[ROMA step 4,474,798,080] sps=221,868  policy_loss=0.0007  value_loss=0.1686  mi_loss=0.0015  mi_valid=0.74  div_loss=-0.2021  kl_loss=0.0000 (disabled)  score=0.944  return=0.823  role_std=4.8464  role_norm=23.7118  enc_delta ego=0.0009 partner=0.0012 road=0.0016
[ROMA step 4,475,584,512] sps=221,798  policy_loss=0.0009  value_loss=0.2340  mi_loss=0.0016  mi_valid=0.74  div_loss=-0.2100  kl_loss=0.0000 (disabled)  score=0.944  return=0.822  role_std=4.9229  role_norm=23.3417  enc_delta ego=0.0010 partner=0.0011 road=0.0018
[ROMA step 4,476,370,944] sps=221,384  policy_loss=0.0006  value_loss=0.1626  mi_loss=0.0016  mi_valid=0.72  div_loss=-0.2100  kl_loss=0.0000 (disabled)  score=0.944  return=0.820  role_std=5.3864  role_norm=22.8377  enc_delta ego=0.0009 partner=0.0009 road=0.0014
[ROMA step 4,477,157,376] sps=221,312  policy_loss=-0.0046  value_loss=0.2084  mi_loss=0.0014  mi_valid=0.74  div_loss=-0.2061  kl_loss=0.0000 (disabled)  score=0.944  return=0.822  role_std=4.9423  role_norm=22.6365  enc_delta ego=0.0010 partner=0.0011 road=0.0019
[ROMA step 4,477,943,808] sps=221,224  policy_loss=0.0000  value_loss=0.2033  mi_loss=0.0014  mi_valid=0.74  div_loss=-0.2090  kl_loss=0.0000 (disabled)  score=0.944  return=0.821  role_std=4.5247  role_norm=23.7766  enc_delta ego=0.0010 partner=0.0011 road=0.0017
[ROMA step 4,478,730,240] sps=221,150  policy_loss=-0.0024  value_loss=0.1569  mi_loss=0.0014  mi_valid=0.73  div_loss=-0.2119  kl_loss=0.0000 (disabled)  score=0.944  return=0.823  role_std=4.7533  role_norm=23.9792  enc_delta ego=0.0010 partner=0.0011 road=0.0019
[ROMA step 4,479,516,672] sps=220,826  policy_loss=0.0096  value_loss=0.3510  mi_loss=0.0016  mi_valid=0.72  div_loss=-0.2227  kl_loss=0.0000 (disabled)  score=0.944  return=0.820  role_std=5.0697  role_norm=23.2599  enc_delta ego=0.0011 partner=0.0015 road=0.0016
[ROMA step 4,480,303,104] sps=220,755  policy_loss=0.0021  value_loss=0.2228  mi_loss=0.0015  mi_valid=0.74  div_loss=-0.2178  kl_loss=0.0000 (disabled)  score=0.943  return=0.818  role_std=5.0623  role_norm=23.0532  enc_delta ego=0.0011 partner=0.0013 road=0.0015
[ROMA step 4,481,089,536] sps=220,684  policy_loss=0.0039  value_loss=0.1827  mi_loss=0.0016  mi_valid=0.74  div_loss=-0.2168  kl_loss=0.0000 (disabled)  score=0.943  return=0.816  role_std=5.0938  role_norm=22.7379  enc_delta ego=0.0010 partner=0.0010 road=0.0015
[ROMA step 4,481,875,968] sps=220,240  policy_loss=0.0016  value_loss=0.2410  mi_loss=0.0015  mi_valid=0.73  div_loss=-0.2168  kl_loss=0.0000 (disabled)  score=0.943  return=0.817  role_std=4.9310  role_norm=24.1877  enc_delta ego=0.0012 partner=0.0009 road=0.0017
[ROMA step 4,482,662,400] sps=220,173  policy_loss=-0.0035  value_loss=0.1931  mi_loss=0.0014  mi_valid=0.74  div_loss=-0.2168  kl_loss=0.0000 (disabled)  score=0.943  return=0.817  role_std=5.2959  role_norm=23.7763  enc_delta ego=0.0015 partner=0.0012 road=0.0015
[ROMA step 4,483,448,832] sps=220,102  policy_loss=0.0068  value_loss=0.2121  mi_loss=0.0014  mi_valid=0.74  div_loss=-0.2207  kl_loss=0.0000 (disabled)  score=0.943  return=0.818  role_std=5.1586  role_norm=23.7618  enc_delta ego=0.0016 partner=0.0011 road=0.0016
[ROMA step 4,484,235,264] sps=220,034  policy_loss=-0.0085  value_loss=0.1942  mi_loss=0.0014  mi_valid=0.74  div_loss=-0.2217  kl_loss=0.0000 (disabled)  score=0.943  return=0.817  role_std=5.2842  role_norm=23.3294  enc_delta ego=0.0010 partner=0.0010 road=0.0016
[ROMA step 4,485,021,696] sps=219,516  policy_loss=-0.0115  value_loss=0.2239  mi_loss=0.0013  mi_valid=0.71  div_loss=-0.2285  kl_loss=0.0000 (disabled)  score=0.944  return=0.821  role_std=5.7280  role_norm=22.8125  enc_delta ego=0.0010 partner=0.0012 road=0.0016
[ROMA step 4,485,808,128] sps=219,449  policy_loss=-0.0034  value_loss=0.2039  mi_loss=0.0013  mi_valid=0.73  div_loss=-0.2207  kl_loss=0.0000 (disabled)  score=0.944  return=0.818  role_std=4.8449  role_norm=24.0022  enc_delta ego=0.0009 partner=0.0014 road=0.0017
[ROMA step 4,486,594,560] sps=219,379  policy_loss=-0.0029  value_loss=0.1907  mi_loss=0.0013  mi_valid=0.73  div_loss=-0.2197  kl_loss=0.0000 (disabled)  score=0.943  return=0.815  role_std=5.0178  role_norm=24.0116  enc_delta ego=0.0010 partner=0.0010 road=0.0018
[ROMA step 4,487,380,992] sps=219,000  policy_loss=0.0085  value_loss=0.2493  mi_loss=0.0013  mi_valid=0.71  div_loss=-0.2246  kl_loss=0.0000 (disabled)  score=0.943  return=0.812  role_std=4.5274  role_norm=24.0407  enc_delta ego=0.0011 partner=0.0011 road=0.0019
[ROMA step 4,488,167,424] sps=218,929  policy_loss=-0.0033  value_loss=0.1938  mi_loss=0.0014  mi_valid=0.74  div_loss=-0.2168  kl_loss=0.0000 (disabled)  score=0.942  return=0.810  role_std=5.2187  role_norm=23.1981  enc_delta ego=0.0010 partner=0.0010 road=0.0019
[ROMA step 4,488,953,856] sps=218,859  policy_loss=-0.0010  value_loss=0.1301  mi_loss=0.0015  mi_valid=0.74  div_loss=-0.2178  kl_loss=0.0000 (disabled)  score=0.942  return=0.811  role_std=5.5669  role_norm=22.9165  enc_delta ego=0.0007 partner=0.0008 road=0.0015
[ROMA step 4,489,740,288] sps=218,791  policy_loss=-0.0026  value_loss=0.1542  mi_loss=0.0014  mi_valid=0.74  div_loss=-0.2285  kl_loss=0.0000 (disabled)  score=0.941  return=0.810  role_std=5.3462  role_norm=22.5019  enc_delta ego=0.0008 partner=0.0011 road=0.0015
[ROMA step 4,490,526,720] sps=218,414  policy_loss=0.0002  value_loss=0.2401  mi_loss=0.0015  mi_valid=0.73  div_loss=-0.2246  kl_loss=0.0000 (disabled)  score=0.941  return=0.808  role_std=4.9692  role_norm=23.7267  enc_delta ego=0.0009 partner=0.0010 road=0.0017
[ROMA step 4,491,313,152] sps=218,343  policy_loss=-0.0011  value_loss=0.2136  mi_loss=0.0015  mi_valid=0.74  div_loss=-0.2188  kl_loss=0.0000 (disabled)  score=0.941  return=0.807  role_std=5.0815  role_norm=23.5031  enc_delta ego=0.0010 partner=0.0011 road=0.0014
[ROMA step 4,492,099,584] sps=218,274  policy_loss=-0.0002  value_loss=0.1649  mi_loss=0.0016  mi_valid=0.74  div_loss=-0.2158  kl_loss=0.0000 (disabled)  score=0.940  return=0.809  role_std=5.1030  role_norm=23.0043  enc_delta ego=0.0009 partner=0.0011 road=0.0017
[ROMA step 4,492,886,016] sps=217,862  policy_loss=-0.0011  value_loss=0.1540  mi_loss=0.0016  mi_valid=0.72  div_loss=-0.2178  kl_loss=0.0000 (disabled)  score=0.940  return=0.812  role_std=5.6156  role_norm=22.9776  enc_delta ego=0.0007 partner=0.0009 road=0.0017
[ROMA step 4,493,672,448] sps=217,796  policy_loss=0.0020  value_loss=0.2655  mi_loss=0.0014  mi_valid=0.73  div_loss=-0.2246  kl_loss=0.0000 (disabled)  score=0.940  return=0.813  role_std=5.6024  role_norm=23.1439  enc_delta ego=0.0009 partner=0.0010 road=0.0018
[ROMA step 4,494,458,880] sps=217,730  policy_loss=0.0048  value_loss=0.2177  mi_loss=0.0014  mi_valid=0.74  div_loss=-0.2363  kl_loss=0.0000 (disabled)  score=0.940  return=0.814  role_std=5.2358  role_norm=24.1183  enc_delta ego=0.0007 partner=0.0013 road=0.0018
[ROMA step 4,495,245,312] sps=217,661  policy_loss=0.0031  value_loss=0.2515  mi_loss=0.0015  mi_valid=0.73  div_loss=-0.2344  kl_loss=0.0000 (disabled)  score=0.940  return=0.815  role_std=5.3695  role_norm=24.1352  enc_delta ego=0.0008 partner=0.0012 road=0.0021
[ROMA step 4,496,031,744] sps=217,268  policy_loss=0.0019  value_loss=0.1640  mi_loss=0.0014  mi_valid=0.71  div_loss=-0.2305  kl_loss=0.0000 (disabled)  score=0.940  return=0.817  role_std=5.3733  role_norm=23.6000  enc_delta ego=0.0010 partner=0.0011 road=0.0016
[ROMA step 4,496,818,176] sps=217,199  policy_loss=-0.0011  value_loss=0.1387  mi_loss=0.0014  mi_valid=0.73  div_loss=-0.2246  kl_loss=0.0000 (disabled)  score=0.941  return=0.821  role_std=5.5662  role_norm=23.5161  enc_delta ego=0.0006 partner=0.0009 road=0.0016
[ROMA step 4,497,604,608] sps=217,128  policy_loss=0.0049  value_loss=0.1396  mi_loss=0.0014  mi_valid=0.73  div_loss=-0.2227  kl_loss=0.0000 (disabled)  score=0.941  return=0.825  role_std=5.6407  role_norm=23.2253  enc_delta ego=0.0008 partner=0.0009 road=0.0015
[ROMA step 4,498,391,040] sps=217,062  policy_loss=0.0036  value_loss=0.1863  mi_loss=0.0014  mi_valid=0.73  div_loss=-0.2246  kl_loss=0.0000 (disabled)  score=0.942  return=0.826  role_std=5.4850  role_norm=23.4348  enc_delta ego=0.0008 partner=0.0009 road=0.0015
[ROMA step 4,499,177,472] sps=216,704  policy_loss=0.0010  value_loss=0.2800  mi_loss=0.0015  mi_valid=0.74  div_loss=-0.2334  kl_loss=0.0000 (disabled)  score=0.942  return=0.825  role_std=4.8645  role_norm=23.7291  enc_delta ego=0.0012 partner=0.0014 road=0.0021
[ROMA step 4,499,963,904] sps=216,638  policy_loss=0.0067  value_loss=0.2923  mi_loss=0.0016  mi_valid=0.74  div_loss=-0.2324  kl_loss=0.0000 (disabled)  score=0.941  return=0.823  role_std=5.2644  role_norm=23.4368  enc_delta ego=0.0013 partner=0.0014 road=0.0022
[ROMA step 4,500,750,336] sps=216,558  policy_loss=0.0038  value_loss=0.2341  mi_loss=0.0017  mi_valid=0.74  div_loss=-0.2295  kl_loss=0.0000 (disabled)  score=0.941  return=0.821  role_std=5.4278  role_norm=23.5090  enc_delta ego=0.0011 partner=0.0011 road=0.0016
[ROMA] Saved -> /scratch/e452103/checkpoints/roma_mifutagent_dim1_H8_r16p64_ft_collstop_nodiv/roma_dim1_step4500750336.pt
[ROMA] Periodic WOSAC eval at step 4,500,750,336 ...

WOSAC realism metrics (32 rollouts, up to 10 batches, step 4,500,750,336)...
  Batch 10/10 | scenarios: 1181 | realism: 0.6879

  Scenarios evaluated       : 1181
  Realism meta-score        : 0.6879
  Kinematic metrics         : 0.2754
  Interactive metrics       : 0.6831
  Map-based metrics         : 0.7595
  minADE (m)                : 4.6141
  likelihood_offroad        : 0.8896
  likelihood_dist_road_edge : 0.6309
  likelihood_collision      : 0.9497
  likelihood_dist_obj       : 0.3036
  likelihood_ttc            : 0.7957
  likelihood_linear_speed   : 0.2366
  likelihood_linear_accel   : 0.3313
  likelihood_angular_speed  : 0.2461
  likelihood_angular_accel  : 0.2874
[ROMA step 4,501,536,768] sps=209,547  policy_loss=0.0022  value_loss=0.1964  mi_loss=0.0016  mi_valid=0.72  div_loss=-0.2266  kl_loss=0.0000 (disabled)  score=0.940  return=0.817  role_std=5.1598  role_norm=22.3804  enc_delta ego=0.0009 partner=0.0011 road=0.0018
[ROMA step 4,502,323,200] sps=209,488  policy_loss=0.0045  value_loss=0.2581  mi_loss=0.0014  mi_valid=0.74  div_loss=-0.2275  kl_loss=0.0000 (disabled)  score=0.941  return=0.818  role_std=5.2481  role_norm=22.3878  enc_delta ego=0.0012 partner=0.0014 road=0.0021
[ROMA step 4,503,109,632] sps=209,423  policy_loss=0.0002  value_loss=0.2935  mi_loss=0.0015  mi_valid=0.74  div_loss=-0.2275  kl_loss=0.0000 (disabled)  score=0.941  return=0.818  role_std=5.3298  role_norm=23.9696  enc_delta ego=0.0009 partner=0.0012 road=0.0019
[ROMA step 4,503,896,064] sps=209,363  policy_loss=-0.0005  value_loss=0.3113  mi_loss=0.0015  mi_valid=0.74  div_loss=-0.2432  kl_loss=0.0000 (disabled)  score=0.941  return=0.815  role_std=5.2681  role_norm=24.1044  enc_delta ego=0.0010 partner=0.0013 road=0.0016
[ROMA step 4,504,682,496] sps=208,930  policy_loss=-0.0028  value_loss=0.3341  mi_loss=0.0015  mi_valid=0.72  div_loss=-0.2441  kl_loss=0.0000 (disabled)  score=0.941  return=0.812  role_std=5.6916  role_norm=23.6443  enc_delta ego=0.0013 partner=0.0015 road=0.0016
[ROMA step 4,505,468,928] sps=208,869  policy_loss=-0.0018  value_loss=0.1905  mi_loss=0.0014  mi_valid=0.74  div_loss=-0.2393  kl_loss=0.0000 (disabled)  score=0.941  return=0.809  role_std=5.5514  role_norm=23.3496  enc_delta ego=0.0009 partner=0.0013 road=0.0015
[ROMA step 4,506,255,360] sps=208,811  policy_loss=-0.0048  value_loss=0.2471  mi_loss=0.0014  mi_valid=0.74  div_loss=-0.2402  kl_loss=0.0000 (disabled)  score=0.941  return=0.806  role_std=5.9677  role_norm=22.9275  enc_delta ego=0.0009 partner=0.0013 road=0.0018
[ROMA step 4,507,041,792] sps=208,401  policy_loss=-0.0069  value_loss=0.3151  mi_loss=0.0013  mi_valid=0.73  div_loss=-0.2422  kl_loss=0.0000 (disabled)  score=0.941  return=0.804  role_std=4.9986  role_norm=23.7312  enc_delta ego=0.0010 partner=0.0012 road=0.0018
[ROMA step 4,507,828,224] sps=208,341  policy_loss=0.0005  value_loss=0.2247  mi_loss=0.0014  mi_valid=0.74  div_loss=-0.2227  kl_loss=0.0000 (disabled)  score=0.941  return=0.805  role_std=5.1178  role_norm=23.3976  enc_delta ego=0.0009 partner=0.0011 road=0.0021
[ROMA step 4,508,614,656] sps=208,279  policy_loss=-0.0027  value_loss=0.1856  mi_loss=0.0014  mi_valid=0.74  div_loss=-0.2256  kl_loss=0.0000 (disabled)  score=0.940  return=0.805  role_std=5.0481  role_norm=22.9241  enc_delta ego=0.0010 partner=0.0011 road=0.0021
[ROMA step 4,509,401,088] sps=208,219  policy_loss=-0.0009  value_loss=0.2052  mi_loss=0.0015  mi_valid=0.74  div_loss=-0.2256  kl_loss=0.0000 (disabled)  score=0.939  return=0.806  role_std=5.2630  role_norm=22.5954  enc_delta ego=0.0008 partner=0.0008 road=0.0015
[ROMA step 4,510,187,520] sps=207,735  policy_loss=-0.0007  value_loss=0.2060  mi_loss=0.0013  mi_valid=0.72  div_loss=-0.2314  kl_loss=0.0000 (disabled)  score=0.939  return=0.806  role_std=5.4048  role_norm=22.4431  enc_delta ego=0.0006 partner=0.0008 road=0.0014
[ROMA step 4,510,973,952] sps=207,677  policy_loss=0.0004  value_loss=0.2157  mi_loss=0.0014  mi_valid=0.75  div_loss=-0.2275  kl_loss=0.0000 (disabled)  score=0.939  return=0.807  role_std=5.1643  role_norm=23.3784  enc_delta ego=0.0007 partner=0.0009 road=0.0013
[ROMA step 4,511,760,384] sps=207,614  policy_loss=0.0024  value_loss=0.2141  mi_loss=0.0013  mi_valid=0.75  div_loss=-0.2246  kl_loss=0.0000 (disabled)  score=0.939  return=0.806  role_std=5.0831  role_norm=23.8176  enc_delta ego=0.0006 partner=0.0010 road=0.0013
[ROMA step 4,512,546,816] sps=207,165  policy_loss=-0.0040  value_loss=0.2032  mi_loss=0.0014  mi_valid=0.73  div_loss=-0.2207  kl_loss=0.0000 (disabled)  score=0.939  return=0.805  role_std=4.7823  role_norm=23.7446  enc_delta ego=0.0007 partner=0.0009 road=0.0016
[ROMA step 4,513,333,248] sps=207,107  policy_loss=0.0022  value_loss=0.2361  mi_loss=0.0016  mi_valid=0.75  div_loss=-0.2129  kl_loss=0.0000 (disabled)  score=0.939  return=0.805  role_std=5.0656  role_norm=23.2295  enc_delta ego=0.0008 partner=0.0010 road=0.0018
[ROMA step 4,514,119,680] sps=207,048  policy_loss=-0.0017  value_loss=0.2022  mi_loss=0.0015  mi_valid=0.75  div_loss=-0.2090  kl_loss=0.0000 (disabled)  score=0.939  return=0.804  role_std=4.9960  role_norm=22.9900  enc_delta ego=0.0008 partner=0.0010 road=0.0015
[ROMA step 4,514,906,112] sps=206,990  policy_loss=0.0012  value_loss=0.1668  mi_loss=0.0015  mi_valid=0.75  div_loss=-0.2109  kl_loss=0.0000 (disabled)  score=0.938  return=0.805  role_std=4.9640  role_norm=22.7200  enc_delta ego=0.0008 partner=0.0009 road=0.0020
[ROMA step 4,515,692,544] sps=206,651  policy_loss=0.0026  value_loss=0.1789  mi_loss=0.0014  mi_valid=0.74  div_loss=-0.2148  kl_loss=0.0000 (disabled)  score=0.938  return=0.804  role_std=4.9255  role_norm=23.9567  enc_delta ego=0.0009 partner=0.0009 road=0.0019
[ROMA step 4,516,478,976] sps=206,594  policy_loss=0.0036  value_loss=0.2684  mi_loss=0.0013  mi_valid=0.75  div_loss=-0.2246  kl_loss=0.0000 (disabled)  score=0.939  return=0.804  role_std=4.9772  role_norm=23.8352  enc_delta ego=0.0011 partner=0.0012 road=0.0016
[ROMA step 4,517,265,408] sps=206,537  policy_loss=-0.0013  value_loss=0.1950  mi_loss=0.0015  mi_valid=0.74  div_loss=-0.2217  kl_loss=0.0000 (disabled)  score=0.938  return=0.805  role_std=4.9985  role_norm=23.5407  enc_delta ego=0.0009 partner=0.0011 road=0.0018
[ROMA step 4,518,051,840] sps=206,175  policy_loss=0.0022  value_loss=0.2226  mi_loss=0.0016  mi_valid=0.72  div_loss=-0.2207  kl_loss=0.0000 (disabled)  score=0.938  return=0.804  role_std=5.1681  role_norm=22.2436  enc_delta ego=0.0007 partner=0.0010 road=0.0016
[ROMA step 4,518,838,272] sps=206,116  policy_loss=-0.0014  value_loss=0.2604  mi_loss=0.0015  mi_valid=0.74  div_loss=-0.2207  kl_loss=0.0000 (disabled)  score=0.938  return=0.801  role_std=5.2369  role_norm=22.6214  enc_delta ego=0.0006 partner=0.0010 road=0.0014
[ROMA step 4,519,624,704] sps=206,058  policy_loss=-0.0046  value_loss=0.3518  mi_loss=0.0015  mi_valid=0.75  div_loss=-0.2344  kl_loss=0.0000 (disabled)  score=0.937  return=0.797  role_std=5.2307  role_norm=23.7757  enc_delta ego=0.0009 partner=0.0011 road=0.0017
[ROMA step 4,520,411,136] sps=206,001  policy_loss=0.0053  value_loss=0.3235  mi_loss=0.0016  mi_valid=0.75  div_loss=-0.2236  kl_loss=0.0000 (disabled)  score=0.936  return=0.791  role_std=4.9840  role_norm=23.9663  enc_delta ego=0.0017 partner=0.0012 road=0.0019
[ROMA step 4,521,197,568] sps=205,587  policy_loss=-0.0093  value_loss=0.2327  mi_loss=0.0015  mi_valid=0.73  div_loss=-0.2275  kl_loss=0.0000 (disabled)  score=0.935  return=0.787  role_std=5.3661  role_norm=23.7287  enc_delta ego=0.0011 partner=0.0012 road=0.0018
[ROMA step 4,521,984,000] sps=205,531  policy_loss=-0.0005  value_loss=0.2106  mi_loss=0.0015  mi_valid=0.74  div_loss=-0.2236  kl_loss=0.0000 (disabled)  score=0.935  return=0.785  role_std=5.4251  role_norm=23.5571  enc_delta ego=0.0015 partner=0.0011 road=0.0017
[ROMA step 4,522,770,432] sps=205,475  policy_loss=0.0027  value_loss=0.2934  mi_loss=0.0017  mi_valid=0.74  div_loss=-0.2217  kl_loss=0.0000 (disabled)  score=0.934  return=0.782  role_std=5.5178  role_norm=23.2519  enc_delta ego=0.0010 partner=0.0011 road=0.0018
[ROMA step 4,523,556,864] sps=205,418  policy_loss=0.0003  value_loss=0.2230  mi_loss=0.0015  mi_valid=0.74  div_loss=-0.2207  kl_loss=0.0000 (disabled)  score=0.934  return=0.782  role_std=5.3239  role_norm=23.0815  enc_delta ego=0.0008 partner=0.0010 road=0.0015
[ROMA step 4,524,343,296] sps=205,175  policy_loss=-0.0084  value_loss=0.1982  mi_loss=0.0015  mi_valid=0.75  div_loss=-0.2090  kl_loss=0.0000 (disabled)  score=0.934  return=0.783  role_std=4.4594  role_norm=24.3018  enc_delta ego=0.0010 partner=0.0012 road=0.0018
[ROMA step 4,525,129,728] sps=205,114  policy_loss=-0.0083  value_loss=0.1946  mi_loss=0.0015  mi_valid=0.74  div_loss=-0.2109  kl_loss=0.0000 (disabled)  score=0.933  return=0.783  role_std=4.8100  role_norm=23.9517  enc_delta ego=0.0010 partner=0.0012 road=0.0018
[ROMA step 4,525,916,160] sps=205,059  policy_loss=0.0005  value_loss=0.1340  mi_loss=0.0016  mi_valid=0.74  div_loss=-0.2109  kl_loss=0.0000 (disabled)  score=0.933  return=0.784  role_std=4.9078  role_norm=23.8690  enc_delta ego=0.0006 partner=0.0010 road=0.0016
[ROMA step 4,526,702,592] sps=204,798  policy_loss=-0.0014  value_loss=0.2259  mi_loss=0.0017  mi_valid=0.72  div_loss=-0.2207  kl_loss=0.0000 (disabled)  score=0.933  return=0.785  role_std=5.2106  role_norm=23.1915  enc_delta ego=0.0009 partner=0.0009 road=0.0018
[ROMA step 4,527,489,024] sps=204,742  policy_loss=-0.0003  value_loss=0.2212  mi_loss=0.0016  mi_valid=0.74  div_loss=-0.2236  kl_loss=0.0000 (disabled)  score=0.932  return=0.786  role_std=5.4177  role_norm=22.8366  enc_delta ego=0.0009 partner=0.0013 road=0.0018
[ROMA step 4,528,275,456] sps=204,685  policy_loss=-0.0057  value_loss=0.1855  mi_loss=0.0014  mi_valid=0.74  div_loss=-0.2246  kl_loss=0.0000 (disabled)  score=0.932  return=0.789  role_std=5.0620  role_norm=24.2415  enc_delta ego=0.0019 partner=0.0011 road=0.0017
[ROMA step 4,529,061,888] sps=204,627  policy_loss=-0.0039  value_loss=0.2297  mi_loss=0.0017  mi_valid=0.74  div_loss=-0.2354  kl_loss=0.0000 (disabled)  score=0.932  return=0.790  role_std=5.3825  role_norm=23.9280  enc_delta ego=0.0010 partner=0.0012 road=0.0022
[ROMA step 4,529,848,320] sps=204,285  policy_loss=0.0022  value_loss=0.4113  mi_loss=0.0017  mi_valid=0.73  div_loss=-0.2432  kl_loss=0.0000 (disabled)  score=0.931  return=0.788  role_std=5.5212  role_norm=23.0435  enc_delta ego=0.0015 partner=0.0013 road=0.0021
[ROMA step 4,530,634,752] sps=204,225  policy_loss=-0.0006  value_loss=0.2737  mi_loss=0.0017  mi_valid=0.75  div_loss=-0.2295  kl_loss=0.0000 (disabled)  score=0.931  return=0.788  role_std=5.3798  role_norm=23.0450  enc_delta ego=0.0013 partner=0.0010 road=0.0017
[ROMA step 4,531,421,184] sps=204,165  policy_loss=-0.0060  value_loss=0.2847  mi_loss=0.0017  mi_valid=0.75  div_loss=-0.2324  kl_loss=0.0000 (disabled)  score=0.930  return=0.785  role_std=5.8153  role_norm=22.4104  enc_delta ego=0.0010 partner=0.0009 road=0.0017
[ROMA step 4,532,207,616] sps=203,881  policy_loss=0.0003  value_loss=0.3809  mi_loss=0.0015  mi_valid=0.74  div_loss=-0.2363  kl_loss=0.0000 (disabled)  score=0.929  return=0.782  role_std=5.1758  role_norm=23.9778  enc_delta ego=0.0011 partner=0.0010 road=0.0019
[ROMA step 4,532,994,048] sps=203,826  policy_loss=-0.0011  value_loss=0.2156  mi_loss=0.0015  mi_valid=0.75  div_loss=-0.2285  kl_loss=0.0000 (disabled)  score=0.929  return=0.781  role_std=5.1066  role_norm=24.0197  enc_delta ego=0.0009 partner=0.0012 road=0.0021
[ROMA step 4,533,780,480] sps=203,769  policy_loss=-0.0036  value_loss=0.2091  mi_loss=0.0016  mi_valid=0.74  div_loss=-0.2246  kl_loss=0.0000 (disabled)  score=0.929  return=0.779  role_std=5.1380  role_norm=24.0780  enc_delta ego=0.0007 partner=0.0011 road=0.0015
[ROMA step 4,534,566,912] sps=203,710  policy_loss=-0.0102  value_loss=0.2850  mi_loss=0.0014  mi_valid=0.74  div_loss=-0.2422  kl_loss=0.0000 (disabled)  score=0.929  return=0.776  role_std=5.5982  role_norm=23.4663  enc_delta ego=0.0008 partner=0.0009 road=0.0014
[ROMA step 4,535,353,344] sps=203,425  policy_loss=0.0050  value_loss=0.3782  mi_loss=0.0014  mi_valid=0.72  div_loss=-0.2461  kl_loss=0.0000 (disabled)  score=0.929  return=0.770  role_std=6.0809  role_norm=22.7915  enc_delta ego=0.0008 partner=0.0010 road=0.0019
[ROMA step 4,536,139,776] sps=203,368  policy_loss=-0.0047  value_loss=0.2418  mi_loss=0.0015  mi_valid=0.75  div_loss=-0.2324  kl_loss=0.0000 (disabled)  score=0.928  return=0.768  role_std=6.2179  role_norm=22.4144  enc_delta ego=0.0008 partner=0.0010 road=0.0019
[ROMA step 4,536,926,208] sps=203,311  policy_loss=0.0049  value_loss=0.3112  mi_loss=0.0013  mi_valid=0.75  div_loss=-0.2422  kl_loss=0.0000 (disabled)  score=0.928  return=0.764  role_std=5.0025  role_norm=24.0882  enc_delta ego=0.0007 partner=0.0011 road=0.0019
[ROMA step 4,537,712,640] sps=203,052  policy_loss=-0.0012  value_loss=0.2890  mi_loss=0.0013  mi_valid=0.73  div_loss=-0.2402  kl_loss=0.0000 (disabled)  score=0.928  return=0.761  role_std=5.3744  role_norm=24.1340  enc_delta ego=0.0009 partner=0.0014 road=0.0020
[ROMA step 4,538,499,072] sps=202,994  policy_loss=0.0064  value_loss=0.2288  mi_loss=0.0012  mi_valid=0.74  div_loss=-0.2314  kl_loss=0.0000 (disabled)  score=0.927  return=0.759  role_std=5.5936  role_norm=23.8140  enc_delta ego=0.0009 partner=0.0011 road=0.0021
[ROMA step 4,539,285,504] sps=202,940  policy_loss=0.0060  value_loss=0.2791  mi_loss=0.0012  mi_valid=0.74  div_loss=-0.2354  kl_loss=0.0000 (disabled)  score=0.927  return=0.759  role_std=5.4578  role_norm=23.3221  enc_delta ego=0.0010 partner=0.0013 road=0.0019
[ROMA step 4,540,071,936] sps=202,884  policy_loss=-0.0002  value_loss=0.1854  mi_loss=0.0012  mi_valid=0.74  div_loss=-0.2266  kl_loss=0.0000 (disabled)  score=0.926  return=0.756  role_std=5.5754  role_norm=23.1428  enc_delta ego=0.0008 partner=0.0013 road=0.0019
[ROMA step 4,540,858,368] sps=202,612  policy_loss=0.0009  value_loss=0.2409  mi_loss=0.0013  mi_valid=0.74  div_loss=-0.2246  kl_loss=0.0000 (disabled)  score=0.926  return=0.757  role_std=4.8252  role_norm=23.8336  enc_delta ego=0.0010 partner=0.0012 road=0.0019
[ROMA step 4,541,644,800] sps=202,557  policy_loss=0.0045  value_loss=0.2882  mi_loss=0.0014  mi_valid=0.75  div_loss=-0.2256  kl_loss=0.0000 (disabled)  score=0.926  return=0.754  role_std=4.8385  role_norm=23.7572  enc_delta ego=0.0010 partner=0.0010 road=0.0014
[ROMA step 4,542,431,232] sps=202,502  policy_loss=-0.0023  value_loss=0.2837  mi_loss=0.0015  mi_valid=0.75  div_loss=-0.2402  kl_loss=0.0000 (disabled)  score=0.925  return=0.751  role_std=5.7441  role_norm=23.3962  enc_delta ego=0.0012 partner=0.0014 road=0.0021
[ROMA step 4,543,217,664] sps=202,179  policy_loss=0.0008  value_loss=0.3393  mi_loss=0.0015  mi_valid=0.73  div_loss=-0.2402  kl_loss=0.0000 (disabled)  score=0.924  return=0.748  role_std=5.4554  role_norm=22.1896  enc_delta ego=0.0011 partner=0.0012 road=0.0018
[ROMA step 4,544,004,096] sps=202,121  policy_loss=0.0030  value_loss=0.1676  mi_loss=0.0013  mi_valid=0.75  div_loss=-0.2197  kl_loss=0.0000 (disabled)  score=0.924  return=0.749  role_std=5.3526  role_norm=22.4572  enc_delta ego=0.0009 partner=0.0009 road=0.0016
[ROMA step 4,544,790,528] sps=202,065  policy_loss=-0.0062  value_loss=0.3115  mi_loss=0.0014  mi_valid=0.76  div_loss=-0.2314  kl_loss=0.0000 (disabled)  score=0.924  return=0.750  role_std=4.9892  role_norm=24.0510  enc_delta ego=0.0007 partner=0.0010 road=0.0015
[ROMA step 4,545,576,960] sps=202,010  policy_loss=-0.0008  value_loss=0.2046  mi_loss=0.0013  mi_valid=0.75  div_loss=-0.2256  kl_loss=0.0000 (disabled)  score=0.925  return=0.753  role_std=4.9155  role_norm=23.7067  enc_delta ego=0.0010 partner=0.0010 road=0.0018
[ROMA step 4,546,363,392] sps=201,694  policy_loss=-0.0039  value_loss=0.2376  mi_loss=0.0016  mi_valid=0.73  div_loss=-0.2256  kl_loss=0.0000 (disabled)  score=0.925  return=0.752  role_std=5.3435  role_norm=23.7207  enc_delta ego=0.0008 partner=0.0011 road=0.0022
[ROMA step 4,547,149,824] sps=201,639  policy_loss=-0.0035  value_loss=0.3154  mi_loss=0.0015  mi_valid=0.74  div_loss=-0.2275  kl_loss=0.0000 (disabled)  score=0.925  return=0.753  role_std=5.4068  role_norm=23.5446  enc_delta ego=0.0011 partner=0.0011 road=0.0024
[ROMA step 4,547,936,256] sps=201,582  policy_loss=-0.0015  value_loss=0.2166  mi_loss=0.0015  mi_valid=0.74  div_loss=-0.2236  kl_loss=0.0000 (disabled)  score=0.925  return=0.753  role_std=5.8564  role_norm=23.2558  enc_delta ego=0.0007 partner=0.0009 road=0.0016
[ROMA step 4,548,722,688] sps=201,528  policy_loss=0.0040  value_loss=0.3017  mi_loss=0.0014  mi_valid=0.74  div_loss=-0.2197  kl_loss=0.0000 (disabled)  score=0.925  return=0.752  role_std=5.7973  role_norm=22.9852  enc_delta ego=0.0008 partner=0.0008 road=0.0016
[ROMA step 4,549,509,120] sps=201,184  policy_loss=-0.0031  value_loss=0.2841  mi_loss=0.0014  mi_valid=0.76  div_loss=-0.2275  kl_loss=0.0000 (disabled)  score=0.925  return=0.751  role_std=4.7935  role_norm=23.8396  enc_delta ego=0.0013 partner=0.0015 road=0.0019
[ROMA step 4,550,295,552] sps=201,128  policy_loss=0.0045  value_loss=0.2801  mi_loss=0.0014  mi_valid=0.75  div_loss=-0.2275  kl_loss=0.0000 (disabled)  score=0.925  return=0.749  role_std=4.7627  role_norm=23.9311  enc_delta ego=0.0010 partner=0.0015 road=0.0021
[ROMA step 4,551,081,984] sps=201,074  policy_loss=0.0081  value_loss=0.3427  mi_loss=0.0014  mi_valid=0.75  div_loss=-0.2314  kl_loss=0.0000 (disabled)  score=0.925  return=0.745  role_std=4.8589  role_norm=23.4857  enc_delta ego=0.0009 partner=0.0013 road=0.0014
[ROMA step 4,551,868,416] sps=200,763  policy_loss=0.0020  value_loss=0.4257  mi_loss=0.0016  mi_valid=0.73  div_loss=-0.2432  kl_loss=0.0000 (disabled)  score=0.925  return=0.740  role_std=6.2601  role_norm=22.7320  enc_delta ego=0.0017 partner=0.0011 road=0.0018
[ROMA step 4,552,654,848] sps=200,709  policy_loss=0.0005  value_loss=0.5297  mi_loss=0.0017  mi_valid=0.74  div_loss=-0.2520  kl_loss=0.0000 (disabled)  score=0.925  return=0.735  role_std=6.6388  role_norm=22.5303  enc_delta ego=0.0023 partner=0.0010 road=0.0018
[ROMA step 4,553,441,280] sps=200,654  policy_loss=0.0049  value_loss=0.5864  mi_loss=0.0015  mi_valid=0.76  div_loss=-0.2578  kl_loss=0.0000 (disabled)  score=0.924  return=0.724  role_std=5.5438  role_norm=24.0514  enc_delta ego=0.0016 partner=0.0011 road=0.0017
[ROMA step 4,554,227,712] sps=200,601  policy_loss=0.0004  value_loss=0.4935  mi_loss=0.0016  mi_valid=0.75  div_loss=-0.2695  kl_loss=0.0000 (disabled)  score=0.923  return=0.711  role_std=5.4283  role_norm=23.8532  enc_delta ego=0.0013 partner=0.0014 road=0.0019
[ROMA step 4,555,014,144] sps=200,342  policy_loss=-0.0006  value_loss=0.4440  mi_loss=0.0016  mi_valid=0.73  div_loss=-0.2393  kl_loss=0.0000 (disabled)  score=0.922  return=0.708  role_std=5.4019  role_norm=23.6842  enc_delta ego=0.0013 partner=0.0012 road=0.0017
[ROMA step 4,555,800,576] sps=200,289  policy_loss=0.0020  value_loss=0.4224  mi_loss=0.0016  mi_valid=0.75  div_loss=-0.2354  kl_loss=0.0000 (disabled)  score=0.922  return=0.707  role_std=5.5494  role_norm=23.3397  enc_delta ego=0.0007 partner=0.0011 road=0.0019
[ROMA step 4,556,587,008] sps=200,236  policy_loss=-0.0061  value_loss=0.4148  mi_loss=0.0016  mi_valid=0.75  div_loss=-0.2393  kl_loss=0.0000 (disabled)  score=0.922  return=0.705  role_std=5.9531  role_norm=22.8230  enc_delta ego=0.0007 partner=0.0010 road=0.0015
[ROMA step 4,557,373,440] sps=199,945  policy_loss=0.0034  value_loss=0.3615  mi_loss=0.0016  mi_valid=0.75  div_loss=-0.2354  kl_loss=0.0000 (disabled)  score=0.923  return=0.704  role_std=5.0611  role_norm=24.3870  enc_delta ego=0.0008 partner=0.0011 road=0.0018
[ROMA step 4,558,159,872] sps=199,890  policy_loss=-0.0022  value_loss=0.3215  mi_loss=0.0015  mi_valid=0.75  div_loss=-0.2188  kl_loss=0.0000 (disabled)  score=0.922  return=0.703  role_std=4.8180  role_norm=24.3405  enc_delta ego=0.0011 partner=0.0010 road=0.0018
[ROMA step 4,558,946,304] sps=199,832  policy_loss=0.0015  value_loss=0.2693  mi_loss=0.0015  mi_valid=0.75  div_loss=-0.2109  kl_loss=0.0000 (disabled)  score=0.922  return=0.702  role_std=4.8097  role_norm=24.1550  enc_delta ego=0.0011 partner=0.0010 road=0.0020
[ROMA step 4,559,732,736] sps=199,778  policy_loss=-0.0025  value_loss=0.2430  mi_loss=0.0015  mi_valid=0.75  div_loss=-0.2119  kl_loss=0.0000 (disabled)  score=0.922  return=0.703  role_std=5.0662  role_norm=23.7975  enc_delta ego=0.0008 partner=0.0009 road=0.0018
[ROMA step 4,560,519,168] sps=199,451  policy_loss=-0.0007  value_loss=0.2692  mi_loss=0.0014  mi_valid=0.73  div_loss=-0.2236  kl_loss=0.0000 (disabled)  score=0.921  return=0.702  role_std=5.7872  role_norm=23.4823  enc_delta ego=0.0010 partner=0.0010 road=0.0017
[ROMA step 4,561,305,600] sps=199,395  policy_loss=-0.0007  value_loss=0.3119  mi_loss=0.0015  mi_valid=0.75  div_loss=-0.2275  kl_loss=0.0000 (disabled)  score=0.921  return=0.705  role_std=5.3645  role_norm=23.1541  enc_delta ego=0.0009 partner=0.0010 road=0.0014
[ROMA step 4,562,092,032] sps=199,342  policy_loss=-0.0051  value_loss=0.2137  mi_loss=0.0013  mi_valid=0.76  div_loss=-0.2227  kl_loss=0.0000 (disabled)  score=0.920  return=0.704  role_std=4.8196  role_norm=24.6174  enc_delta ego=0.0008 partner=0.0009 road=0.0017
[ROMA step 4,562,878,464] sps=199,003  policy_loss=-0.0058  value_loss=0.2065  mi_loss=0.0014  mi_valid=0.73  div_loss=-0.2295  kl_loss=0.0000 (disabled)  score=0.920  return=0.708  role_std=4.9739  role_norm=24.9228  enc_delta ego=0.0008 partner=0.0010 road=0.0015
[ROMA step 4,563,664,896] sps=198,942  policy_loss=0.0000  value_loss=0.2765  mi_loss=0.0017  mi_valid=0.74  div_loss=-0.2344  kl_loss=0.0000 (disabled)  score=0.920  return=0.708  role_std=5.5512  role_norm=24.1378  enc_delta ego=0.0009 partner=0.0010 road=0.0014
[ROMA step 4,564,451,328] sps=198,891  policy_loss=0.0017  value_loss=0.1916  mi_loss=0.0017  mi_valid=0.74  div_loss=-0.2305  kl_loss=0.0000 (disabled)  score=0.921  return=0.709  role_std=5.6817  role_norm=23.6570  enc_delta ego=0.0008 partner=0.0008 road=0.0014
[ROMA step 4,565,237,760] sps=198,837  policy_loss=-0.0010  value_loss=0.2957  mi_loss=0.0018  mi_valid=0.74  div_loss=-0.2295  kl_loss=0.0000 (disabled)  score=0.921  return=0.706  role_std=6.2915  role_norm=23.3605  enc_delta ego=0.0009 partner=0.0009 road=0.0017
[ROMA step 4,566,024,192] sps=198,518  policy_loss=-0.0033  value_loss=0.2247  mi_loss=0.0015  mi_valid=0.74  div_loss=-0.2266  kl_loss=0.0000 (disabled)  score=0.921  return=0.707  role_std=4.9025  role_norm=24.2100  enc_delta ego=0.0009 partner=0.0009 road=0.0018
[ROMA step 4,566,810,624] sps=198,461  policy_loss=-0.0034  value_loss=0.1944  mi_loss=0.0014  mi_valid=0.75  div_loss=-0.2178  kl_loss=0.0000 (disabled)  score=0.921  return=0.706  role_std=4.8925  role_norm=23.9312  enc_delta ego=0.0008 partner=0.0009 road=0.0017
[ROMA step 4,567,597,056] sps=198,399  policy_loss=0.0001  value_loss=0.2197  mi_loss=0.0015  mi_valid=0.75  div_loss=-0.2119  kl_loss=0.0000 (disabled)  score=0.922  return=0.710  role_std=5.0195  role_norm=23.9096  enc_delta ego=0.0010 partner=0.0010 road=0.0014
[ROMA step 4,568,383,488] sps=198,086  policy_loss=-0.0032  value_loss=0.1739  mi_loss=0.0015  mi_valid=0.73  div_loss=-0.2100  kl_loss=0.0000 (disabled)  score=0.922  return=0.713  role_std=5.1132  role_norm=22.7104  enc_delta ego=0.0008 partner=0.0008 road=0.0014
[ROMA step 4,569,169,920] sps=198,035  policy_loss=-0.0079  value_loss=0.2422  mi_loss=0.0016  mi_valid=0.75  div_loss=-0.2158  kl_loss=0.0000 (disabled)  score=0.922  return=0.714  role_std=5.6903  role_norm=22.8624  enc_delta ego=0.0009 partner=0.0010 road=0.0017
[ROMA step 4,569,956,352] sps=197,981  policy_loss=-0.0000  value_loss=0.3261  mi_loss=0.0016  mi_valid=0.76  div_loss=-0.2197  kl_loss=0.0000 (disabled)  score=0.922  return=0.713  role_std=4.7291  role_norm=24.2801  enc_delta ego=0.0009 partner=0.0010 road=0.0015
[ROMA step 4,570,742,784] sps=197,928  policy_loss=-0.0003  value_loss=0.2438  mi_loss=0.0016  mi_valid=0.76  div_loss=-0.2080  kl_loss=0.0000 (disabled)  score=0.921  return=0.713  role_std=4.8544  role_norm=24.4912  enc_delta ego=0.0008 partner=0.0009 road=0.0015
[ROMA step 4,571,529,216] sps=197,579  policy_loss=0.0008  value_loss=0.3086  mi_loss=0.0017  mi_valid=0.72  div_loss=-0.2158  kl_loss=0.0000 (disabled)  score=0.920  return=0.711  role_std=4.9191  role_norm=24.3827  enc_delta ego=0.0008 partner=0.0010 road=0.0014
[ROMA step 4,572,315,648] sps=197,526  policy_loss=0.0014  value_loss=0.2849  mi_loss=0.0015  mi_valid=0.74  div_loss=-0.2100  kl_loss=0.0000 (disabled)  score=0.921  return=0.712  role_std=5.0082  role_norm=23.9484  enc_delta ego=0.0009 partner=0.0012 road=0.0016
[ROMA step 4,573,102,080] sps=197,475  policy_loss=0.0005  value_loss=0.2913  mi_loss=0.0015  mi_valid=0.74  div_loss=-0.2090  kl_loss=0.0000 (disabled)  score=0.920  return=0.712  role_std=5.1402  role_norm=23.8771  enc_delta ego=0.0008 partner=0.0010 road=0.0013
[ROMA step 4,573,888,512] sps=197,139  policy_loss=0.0027  value_loss=0.2745  mi_loss=0.0015  mi_valid=0.73  div_loss=-0.2109  kl_loss=0.0000 (disabled)  score=0.920  return=0.713  role_std=5.4585  role_norm=23.5502  enc_delta ego=0.0006 partner=0.0011 road=0.0019
[ROMA step 4,574,674,944] sps=197,087  policy_loss=0.0013  value_loss=0.2304  mi_loss=0.0014  mi_valid=0.75  div_loss=-0.2080  kl_loss=0.0000 (disabled)  score=0.919  return=0.712  role_std=4.5942  role_norm=24.6715  enc_delta ego=0.0007 partner=0.0010 road=0.0020
[ROMA step 4,575,461,376] sps=197,036  policy_loss=-0.0011  value_loss=0.2174  mi_loss=0.0015  mi_valid=0.74  div_loss=-0.2148  kl_loss=0.0000 (disabled)  score=0.920  return=0.716  role_std=4.8069  role_norm=24.1083  enc_delta ego=0.0010 partner=0.0011 road=0.0018
[ROMA step 4,576,247,808] sps=196,983  policy_loss=0.0013  value_loss=0.1848  mi_loss=0.0014  mi_valid=0.74  div_loss=-0.2129  kl_loss=0.0000 (disabled)  score=0.920  return=0.721  role_std=5.0148  role_norm=23.8050  enc_delta ego=0.0008 partner=0.0010 road=0.0017
[ROMA step 4,577,034,240] sps=196,728  policy_loss=-0.0011  value_loss=0.2167  mi_loss=0.0014  mi_valid=0.72  div_loss=-0.2236  kl_loss=0.0000 (disabled)  score=0.920  return=0.723  role_std=5.4100  role_norm=23.5118  enc_delta ego=0.0008 partner=0.0009 road=0.0015
[ROMA step 4,577,820,672] sps=196,677  policy_loss=-0.0007  value_loss=0.1959  mi_loss=0.0013  mi_valid=0.74  div_loss=-0.2236  kl_loss=0.0000 (disabled)  score=0.920  return=0.729  role_std=5.5717  role_norm=23.2815  enc_delta ego=0.0007 partner=0.0009 road=0.0014
[ROMA step 4,578,607,104] sps=196,625  policy_loss=-0.0001  value_loss=0.1296  mi_loss=0.0013  mi_valid=0.74  div_loss=-0.2236  kl_loss=0.0000 (disabled)  score=0.920  return=0.737  role_std=5.0069  role_norm=24.3667  enc_delta ego=0.0006 partner=0.0008 road=0.0014
[ROMA step 4,579,393,536] sps=196,574  policy_loss=-0.0002  value_loss=0.1996  mi_loss=0.0013  mi_valid=0.74  div_loss=-0.2256  kl_loss=0.0000 (disabled)  score=0.921  return=0.752  role_std=5.1291  role_norm=24.5742  enc_delta ego=0.0008 partner=0.0009 road=0.0014
[ROMA step 4,580,179,968] sps=196,250  policy_loss=-0.0031  value_loss=0.2494  mi_loss=0.0013  mi_valid=0.72  div_loss=-0.2256  kl_loss=0.0000 (disabled)  score=0.922  return=0.761  role_std=5.4272  role_norm=23.7293  enc_delta ego=0.0008 partner=0.0010 road=0.0018
[ROMA step 4,580,966,400] sps=196,199  policy_loss=0.0031  value_loss=0.3121  mi_loss=0.0014  mi_valid=0.73  div_loss=-0.2305  kl_loss=0.0000 (disabled)  score=0.923  return=0.767  role_std=5.3303  role_norm=23.3926  enc_delta ego=0.0010 partner=0.0010 road=0.0019
[ROMA step 4,581,752,832] sps=196,147  policy_loss=0.0011  value_loss=0.2490  mi_loss=0.0014  mi_valid=0.73  div_loss=-0.2236  kl_loss=0.0000 (disabled)  score=0.924  return=0.772  role_std=5.4943  role_norm=23.2256  enc_delta ego=0.0009 partner=0.0009 road=0.0014
[ROMA step 4,582,539,264] sps=195,868  policy_loss=-0.0026  value_loss=0.2233  mi_loss=0.0015  mi_valid=0.73  div_loss=-0.2139  kl_loss=0.0000 (disabled)  score=0.925  return=0.778  role_std=4.7378  role_norm=24.0553  enc_delta ego=0.0009 partner=0.0010 road=0.0014
[ROMA step 4,583,325,696] sps=195,813  policy_loss=0.0040  value_loss=0.3379  mi_loss=0.0014  mi_valid=0.75  div_loss=-0.2139  kl_loss=0.0000 (disabled)  score=0.925  return=0.780  role_std=4.4956  role_norm=23.9838  enc_delta ego=0.0008 partner=0.0010 road=0.0016
[ROMA step 4,584,112,128] sps=195,762  policy_loss=-0.0047  value_loss=0.2179  mi_loss=0.0014  mi_valid=0.75  div_loss=-0.2139  kl_loss=0.0000 (disabled)  score=0.926  return=0.783  role_std=4.7417  role_norm=23.7297  enc_delta ego=0.0008 partner=0.0010 road=0.0019
[ROMA step 4,584,898,560] sps=195,710  policy_loss=-0.0051  value_loss=0.2270  mi_loss=0.0015  mi_valid=0.75  div_loss=-0.2148  kl_loss=0.0000 (disabled)  score=0.925  return=0.784  role_std=4.9100  role_norm=23.3510  enc_delta ego=0.0007 partner=0.0008 road=0.0017
[ROMA step 4,585,684,992] sps=195,458  policy_loss=0.0024  value_loss=0.1736  mi_loss=0.0014  mi_valid=0.73  div_loss=-0.2100  kl_loss=0.0000 (disabled)  score=0.926  return=0.787  role_std=5.2365  role_norm=22.7210  enc_delta ego=0.0006 partner=0.0009 road=0.0016
[ROMA step 4,586,471,424] sps=195,404  policy_loss=0.0006  value_loss=0.1700  mi_loss=0.0014  mi_valid=0.75  div_loss=-0.2100  kl_loss=0.0000 (disabled)  score=0.926  return=0.788  role_std=4.8192  role_norm=22.6211  enc_delta ego=0.0006 partner=0.0009 road=0.0015
[ROMA step 4,587,257,856] sps=195,354  policy_loss=0.0041  value_loss=0.1577  mi_loss=0.0014  mi_valid=0.75  div_loss=-0.2178  kl_loss=0.0000 (disabled)  score=0.927  return=0.789  role_std=4.6591  role_norm=24.0837  enc_delta ego=0.0008 partner=0.0011 road=0.0016
[ROMA step 4,588,044,288] sps=195,128  policy_loss=0.0044  value_loss=0.1667  mi_loss=0.0014  mi_valid=0.73  div_loss=-0.2090  kl_loss=0.0000 (disabled)  score=0.928  return=0.792  role_std=5.0200  role_norm=24.6629  enc_delta ego=0.0008 partner=0.0008 road=0.0013
[ROMA step 4,588,830,720] sps=195,079  policy_loss=-0.0034  value_loss=0.1871  mi_loss=0.0013  mi_valid=0.73  div_loss=-0.2129  kl_loss=0.0000 (disabled)  score=0.928  return=0.796  role_std=4.9380  role_norm=24.1225  enc_delta ego=0.0007 partner=0.0009 road=0.0013
[ROMA step 4,589,617,152] sps=195,029  policy_loss=-0.0043  value_loss=0.2167  mi_loss=0.0014  mi_valid=0.73  div_loss=-0.2158  kl_loss=0.0000 (disabled)  score=0.929  return=0.799  role_std=5.2269  role_norm=23.8274  enc_delta ego=0.0007 partner=0.0010 road=0.0017
[ROMA step 4,590,403,584] sps=194,980  policy_loss=-0.0020  value_loss=0.1531  mi_loss=0.0014  mi_valid=0.73  div_loss=-0.2080  kl_loss=0.0000 (disabled)  score=0.930  return=0.804  role_std=5.1860  role_norm=23.3713  enc_delta ego=0.0009 partner=0.0009 road=0.0014
[ROMA step 4,591,190,016] sps=194,714  policy_loss=-0.0050  value_loss=0.1594  mi_loss=0.0013  mi_valid=0.72  div_loss=-0.2129  kl_loss=0.0000 (disabled)  score=0.930  return=0.806  role_std=4.9363  role_norm=24.6488  enc_delta ego=0.0008 partner=0.0009 road=0.0016
[ROMA step 4,591,976,448] sps=194,663  policy_loss=-0.0055  value_loss=0.2823  mi_loss=0.0015  mi_valid=0.73  div_loss=-0.2148  kl_loss=0.0000 (disabled)  score=0.931  return=0.805  role_std=5.0901  role_norm=24.5909  enc_delta ego=0.0006 partner=0.0010 road=0.0015
[ROMA step 4,592,762,880] sps=194,614  policy_loss=0.0060  value_loss=0.2776  mi_loss=0.0014  mi_valid=0.73  div_loss=-0.2227  kl_loss=0.0000 (disabled)  score=0.932  return=0.805  role_std=5.5074  role_norm=24.4377  enc_delta ego=0.0005 partner=0.0011 road=0.0017
[ROMA step 4,593,549,312] sps=194,221  policy_loss=-0.0000  value_loss=0.2176  mi_loss=0.0014  mi_valid=0.71  div_loss=-0.2236  kl_loss=0.0000 (disabled)  score=0.934  return=0.809  role_std=5.2209  role_norm=22.7541  enc_delta ego=0.0006 partner=0.0007 road=0.0012
[ROMA step 4,594,335,744] sps=194,173  policy_loss=0.0088  value_loss=0.1699  mi_loss=0.0014  mi_valid=0.74  div_loss=-0.2051  kl_loss=0.0000 (disabled)  score=0.935  return=0.814  role_std=5.0868  role_norm=22.9357  enc_delta ego=0.0007 partner=0.0009 road=0.0013
[ROMA step 4,595,122,176] sps=194,123  policy_loss=0.0007  value_loss=0.2095  mi_loss=0.0014  mi_valid=0.75  div_loss=-0.2100  kl_loss=0.0000 (disabled)  score=0.936  return=0.819  role_std=4.8719  role_norm=23.1614  enc_delta ego=0.0010 partner=0.0010 road=0.0016
[ROMA step 4,595,908,608] sps=194,073  policy_loss=-0.0017  value_loss=0.2392  mi_loss=0.0015  mi_valid=0.75  div_loss=-0.2207  kl_loss=0.0000 (disabled)  score=0.936  return=0.819  role_std=5.0208  role_norm=23.9798  enc_delta ego=0.0009 partner=0.0008 road=0.0014
[ROMA step 4,596,695,040] sps=193,647  policy_loss=0.0044  value_loss=0.3932  mi_loss=0.0015  mi_valid=0.73  div_loss=-0.2422  kl_loss=0.0000 (disabled)  score=0.937  return=0.818  role_std=5.9970  role_norm=24.0811  enc_delta ego=0.0006 partner=0.0009 road=0.0014
[ROMA step 4,597,481,472] sps=193,597  policy_loss=-0.0005  value_loss=0.3467  mi_loss=0.0014  mi_valid=0.74  div_loss=-0.2471  kl_loss=0.0000 (disabled)  score=0.937  return=0.817  role_std=5.9224  role_norm=23.8711  enc_delta ego=0.0006 partner=0.0012 road=0.0013
[ROMA step 4,598,267,904] sps=193,546  policy_loss=0.0011  value_loss=0.3256  mi_loss=0.0014  mi_valid=0.74  div_loss=-0.2412  kl_loss=0.0000 (disabled)  score=0.937  return=0.814  role_std=5.9231  role_norm=23.3628  enc_delta ego=0.0011 partner=0.0011 road=0.0017
[ROMA step 4,599,054,336] sps=193,252  policy_loss=0.0054  value_loss=0.2905  mi_loss=0.0013  mi_valid=0.74  div_loss=-0.2354  kl_loss=0.0000 (disabled)  score=0.936  return=0.809  role_std=5.6297  role_norm=22.0327  enc_delta ego=0.0007 partner=0.0008 road=0.0014
[ROMA step 4,599,840,768] sps=193,202  policy_loss=0.0015  value_loss=0.2904  mi_loss=0.0014  mi_valid=0.76  div_loss=-0.2285  kl_loss=0.0000 (disabled)  score=0.936  return=0.805  role_std=4.8973  role_norm=24.0225  enc_delta ego=0.0006 partner=0.0011 road=0.0015
[ROMA step 4,600,627,200] sps=193,152  policy_loss=-0.0037  value_loss=0.2671  mi_loss=0.0014  mi_valid=0.74  div_loss=-0.2236  kl_loss=0.0000 (disabled)  score=0.936  return=0.804  role_std=5.0476  role_norm=23.9578  enc_delta ego=0.0006 partner=0.0011 road=0.0013
[ROMA step 4,601,413,632] sps=193,102  policy_loss=-0.0009  value_loss=0.1175  mi_loss=0.0014  mi_valid=0.74  div_loss=-0.2158  kl_loss=0.0000 (disabled)  score=0.936  return=0.805  role_std=5.1089  role_norm=23.5632  enc_delta ego=0.0008 partner=0.0008 road=0.0017
[ROMA step 4,602,200,064] sps=192,858  policy_loss=0.0079  value_loss=0.2498  mi_loss=0.0014  mi_valid=0.72  div_loss=-0.2236  kl_loss=0.0000 (disabled)  score=0.936  return=0.802  role_std=5.1895  role_norm=23.6734  enc_delta ego=0.0006 partner=0.0009 road=0.0016
[ROMA step 4,602,986,496] sps=192,807  policy_loss=0.0049  value_loss=0.1874  mi_loss=0.0015  mi_valid=0.74  div_loss=-0.2119  kl_loss=0.0000 (disabled)  score=0.936  return=0.801  role_std=5.3791  role_norm=23.4006  enc_delta ego=0.0006 partner=0.0008 road=0.0013
[ROMA step 4,603,772,928] sps=192,757  policy_loss=0.0031  value_loss=0.1766  mi_loss=0.0013  mi_valid=0.74  div_loss=-0.2158  kl_loss=0.0000 (disabled)  score=0.937  return=0.804  role_std=5.0119  role_norm=24.2893  enc_delta ego=0.0008 partner=0.0008 road=0.0013
[ROMA step 4,604,559,360] sps=192,709  policy_loss=-0.0014  value_loss=0.1796  mi_loss=0.0013  mi_valid=0.74  div_loss=-0.2158  kl_loss=0.0000 (disabled)  score=0.937  return=0.808  role_std=5.0587  role_norm=24.3618  enc_delta ego=0.0006 partner=0.0008 road=0.0014
[ROMA step 4,605,345,792] sps=192,446  policy_loss=0.0052  value_loss=0.2974  mi_loss=0.0014  mi_valid=0.72  div_loss=-0.2275  kl_loss=0.0000 (disabled)  score=0.937  return=0.808  role_std=5.6036  role_norm=24.0704  enc_delta ego=0.0010 partner=0.0009 road=0.0020
[ROMA step 4,606,132,224] sps=192,398  policy_loss=-0.0035  value_loss=0.2112  mi_loss=0.0014  mi_valid=0.74  div_loss=-0.2266  kl_loss=0.0000 (disabled)  score=0.938  return=0.807  role_std=5.3755  role_norm=23.7905  enc_delta ego=0.0008 partner=0.0010 road=0.0015
[ROMA step 4,606,918,656] sps=192,349  policy_loss=0.0058  value_loss=0.3204  mi_loss=0.0014  mi_valid=0.74  div_loss=-0.2393  kl_loss=0.0000 (disabled)  score=0.938  return=0.805  role_std=6.0593  role_norm=23.6135  enc_delta ego=0.0008 partner=0.0009 road=0.0017
[ROMA step 4,607,705,088] sps=192,115  policy_loss=-0.0020  value_loss=0.3060  mi_loss=0.0013  mi_valid=0.73  div_loss=-0.2490  kl_loss=0.0000 (disabled)  score=0.938  return=0.803  role_std=4.9209  role_norm=24.2773  enc_delta ego=0.0007 partner=0.0010 road=0.0017
[ROMA step 4,608,491,520] sps=192,063  policy_loss=-0.0056  value_loss=0.2629  mi_loss=0.0013  mi_valid=0.75  div_loss=-0.2314  kl_loss=0.0000 (disabled)  score=0.939  return=0.802  role_std=5.2191  role_norm=24.2781  enc_delta ego=0.0008 partner=0.0012 road=0.0017
[ROMA step 4,609,277,952] sps=192,016  policy_loss=0.0045  value_loss=0.2500  mi_loss=0.0013  mi_valid=0.74  div_loss=-0.2344  kl_loss=0.0000 (disabled)  score=0.939  return=0.799  role_std=5.2786  role_norm=23.7572  enc_delta ego=0.0009 partner=0.0011 road=0.0020
[ROMA step 4,610,064,384] sps=191,967  policy_loss=0.0041  value_loss=0.1944  mi_loss=0.0014  mi_valid=0.74  div_loss=-0.2266  kl_loss=0.0000 (disabled)  score=0.939  return=0.800  role_std=5.4212  role_norm=23.7397  enc_delta ego=0.0008 partner=0.0008 road=0.0014
[ROMA step 4,610,850,816] sps=191,706  policy_loss=0.0017  value_loss=0.2427  mi_loss=0.0014  mi_valid=0.72  div_loss=-0.2354  kl_loss=0.0000 (disabled)  score=0.939  return=0.798  role_std=6.1206  role_norm=23.2792  enc_delta ego=0.0008 partner=0.0010 road=0.0016
[ROMA step 4,611,637,248] sps=191,659  policy_loss=0.0018  value_loss=0.2193  mi_loss=0.0013  mi_valid=0.74  div_loss=-0.2295  kl_loss=0.0000 (disabled)  score=0.939  return=0.795  role_std=5.8851  role_norm=22.7984  enc_delta ego=0.0008 partner=0.0009 road=0.0017
[ROMA step 4,612,423,680] sps=191,613  policy_loss=-0.0042  value_loss=0.2506  mi_loss=0.0013  mi_valid=0.75  div_loss=-0.2305  kl_loss=0.0000 (disabled)  score=0.939  return=0.794  role_std=4.9527  role_norm=24.3617  enc_delta ego=0.0013 partner=0.0010 road=0.0016
[ROMA step 4,613,210,112] sps=191,335  policy_loss=-0.0013  value_loss=0.2303  mi_loss=0.0016  mi_valid=0.72  div_loss=-0.2305  kl_loss=0.0000 (disabled)  score=0.939  return=0.791  role_std=5.3128  role_norm=24.7615  enc_delta ego=0.0010 partner=0.0009 road=0.0015
[ROMA step 4,613,996,544] sps=191,288  policy_loss=-0.0049  value_loss=0.2544  mi_loss=0.0014  mi_valid=0.72  div_loss=-0.2295  kl_loss=0.0000 (disabled)  score=0.939  return=0.790  role_std=5.7342  role_norm=24.0796  enc_delta ego=0.0009 partner=0.0009 road=0.0016
[ROMA step 4,614,782,976] sps=191,240  policy_loss=0.0030  value_loss=0.2846  mi_loss=0.0014  mi_valid=0.73  div_loss=-0.2285  kl_loss=0.0000 (disabled)  score=0.939  return=0.789  role_std=5.6809  role_norm=23.9949  enc_delta ego=0.0011 partner=0.0009 road=0.0014
[ROMA step 4,615,569,408] sps=191,193  policy_loss=0.0018  value_loss=0.1757  mi_loss=0.0014  mi_valid=0.73  div_loss=-0.2207  kl_loss=0.0000 (disabled)  score=0.938  return=0.790  role_std=5.5211  role_norm=24.0033  enc_delta ego=0.0007 partner=0.0009 road=0.0014
[ROMA step 4,616,355,840] sps=190,936  policy_loss=0.0010  value_loss=0.1897  mi_loss=0.0014  mi_valid=0.73  div_loss=-0.2109  kl_loss=0.0000 (disabled)  score=0.939  return=0.792  role_std=4.6441  role_norm=24.6534  enc_delta ego=0.0006 partner=0.0008 road=0.0014
[ROMA step 4,617,142,272] sps=190,890  policy_loss=-0.0007  value_loss=0.1992  mi_loss=0.0015  mi_valid=0.74  div_loss=-0.2061  kl_loss=0.0000 (disabled)  score=0.938  return=0.791  role_std=4.8907  role_norm=24.6625  enc_delta ego=0.0007 partner=0.0007 road=0.0014
[ROMA step 4,617,928,704] sps=190,835  policy_loss=0.0035  value_loss=0.2726  mi_loss=0.0015  mi_valid=0.74  div_loss=-0.2148  kl_loss=0.0000 (disabled)  score=0.938  return=0.790  role_std=4.9887  role_norm=24.1940  enc_delta ego=0.0007 partner=0.0009 road=0.0015
[ROMA step 4,618,715,136] sps=190,518  policy_loss=-0.0014  value_loss=0.2034  mi_loss=0.0016  mi_valid=0.72  div_loss=-0.2148  kl_loss=0.0000 (disabled)  score=0.938  return=0.791  role_std=5.1740  role_norm=23.2202  enc_delta ego=0.0007 partner=0.0008 road=0.0013
[ROMA step 4,619,501,568] sps=190,471  policy_loss=-0.0005  value_loss=0.2604  mi_loss=0.0015  mi_valid=0.74  div_loss=-0.2207  kl_loss=0.0000 (disabled)  score=0.939  return=0.792  role_std=5.3176  role_norm=23.1954  enc_delta ego=0.0008 partner=0.0008 road=0.0014
[ROMA step 4,620,288,000] sps=190,422  policy_loss=0.0035  value_loss=0.2269  mi_loss=0.0017  mi_valid=0.74  div_loss=-0.2158  kl_loss=0.0000 (disabled)  score=0.938  return=0.793  role_std=5.2262  role_norm=22.8646  enc_delta ego=0.0009 partner=0.0008 road=0.0015
[ROMA step 4,621,074,432] sps=190,374  policy_loss=-0.0017  value_loss=0.2075  mi_loss=0.0014  mi_valid=0.75  div_loss=-0.2178  kl_loss=0.0000 (disabled)  score=0.938  return=0.797  role_std=4.9403  role_norm=23.9051  enc_delta ego=0.0008 partner=0.0009 road=0.0018
[ROMA step 4,621,860,864] sps=190,072  policy_loss=-0.0011  value_loss=0.2065  mi_loss=0.0014  mi_valid=0.73  div_loss=-0.2197  kl_loss=0.0000 (disabled)  score=0.938  return=0.801  role_std=5.1703  role_norm=24.0753  enc_delta ego=0.0006 partner=0.0007 road=0.0012
[ROMA step 4,622,647,296] sps=190,023  policy_loss=-0.0043  value_loss=0.1488  mi_loss=0.0013  mi_valid=0.74  div_loss=-0.2168  kl_loss=0.0000 (disabled)  score=0.939  return=0.805  role_std=5.5469  role_norm=23.8260  enc_delta ego=0.0007 partner=0.0010 road=0.0015
[ROMA step 4,623,433,728] sps=189,976  policy_loss=0.0016  value_loss=0.2398  mi_loss=0.0013  mi_valid=0.74  div_loss=-0.2197  kl_loss=0.0000 (disabled)  score=0.939  return=0.805  role_std=5.3129  role_norm=23.6897  enc_delta ego=0.0007 partner=0.0010 road=0.0014
[ROMA step 4,624,220,160] sps=189,649  policy_loss=0.0076  value_loss=0.2685  mi_loss=0.0013  mi_valid=0.72  div_loss=-0.2207  kl_loss=0.0000 (disabled)  score=0.940  return=0.806  role_std=5.8531  role_norm=22.4675  enc_delta ego=0.0008 partner=0.0009 road=0.0017
[ROMA step 4,625,006,592] sps=189,602  policy_loss=-0.0029  value_loss=0.1486  mi_loss=0.0013  mi_valid=0.74  div_loss=-0.2188  kl_loss=0.0000 (disabled)  score=0.940  return=0.807  role_std=5.0491  role_norm=24.3079  enc_delta ego=0.0007 partner=0.0009 road=0.0015
[ROMA step 4,625,793,024] sps=189,556  policy_loss=0.0010  value_loss=0.1858  mi_loss=0.0013  mi_valid=0.73  div_loss=-0.2236  kl_loss=0.0000 (disabled)  score=0.941  return=0.808  role_std=5.1170  role_norm=24.5199  enc_delta ego=0.0008 partner=0.0009 road=0.0018
[ROMA step 4,626,579,456] sps=189,509  policy_loss=0.0023  value_loss=0.2123  mi_loss=0.0015  mi_valid=0.73  div_loss=-0.2256  kl_loss=0.0000 (disabled)  score=0.941  return=0.808  role_std=5.1634  role_norm=24.3408  enc_delta ego=0.0006 partner=0.0008 road=0.0012
[ROMA step 4,627,365,888] sps=189,246  policy_loss=-0.0025  value_loss=0.2258  mi_loss=0.0014  mi_valid=0.71  div_loss=-0.2334  kl_loss=0.0000 (disabled)  score=0.941  return=0.810  role_std=5.8577  role_norm=24.0161  enc_delta ego=0.0008 partner=0.0009 road=0.0014
[ROMA step 4,628,152,320] sps=189,198  policy_loss=-0.0024  value_loss=0.1502  mi_loss=0.0014  mi_valid=0.73  div_loss=-0.2236  kl_loss=0.0000 (disabled)  score=0.941  return=0.808  role_std=5.6896  role_norm=23.7288  enc_delta ego=0.0007 partner=0.0011 road=0.0014
[ROMA step 4,628,938,752] sps=189,151  policy_loss=-0.0017  value_loss=0.1662  mi_loss=0.0013  mi_valid=0.74  div_loss=-0.2295  kl_loss=0.0000 (disabled)  score=0.941  return=0.812  role_std=5.1839  role_norm=24.3555  enc_delta ego=0.0007 partner=0.0008 road=0.0016
[ROMA step 4,629,725,184] sps=189,104  policy_loss=0.0000  value_loss=0.2697  mi_loss=0.0014  mi_valid=0.74  div_loss=-0.2432  kl_loss=0.0000 (disabled)  score=0.941  return=0.815  role_std=5.3459  role_norm=24.2904  enc_delta ego=0.0007 partner=0.0009 road=0.0013
[ROMA step 4,630,511,616] sps=188,857  policy_loss=0.0034  value_loss=0.2448  mi_loss=0.0015  mi_valid=0.73  div_loss=-0.2354  kl_loss=0.0000 (disabled)  score=0.941  return=0.815  role_std=5.5046  role_norm=23.4668  enc_delta ego=0.0011 partner=0.0012 road=0.0015
[ROMA step 4,631,298,048] sps=188,815  policy_loss=0.0050  value_loss=0.2364  mi_loss=0.0015  mi_valid=0.75  div_loss=-0.2314  kl_loss=0.0000 (disabled)  score=0.941  return=0.818  role_std=5.5257  role_norm=23.2076  enc_delta ego=0.0008 partner=0.0009 road=0.0017
[ROMA step 4,632,084,480] sps=188,769  policy_loss=-0.0026  value_loss=0.1902  mi_loss=0.0015  mi_valid=0.75  div_loss=-0.2256  kl_loss=0.0000 (disabled)  score=0.941  return=0.818  role_std=5.4469  role_norm=23.1929  enc_delta ego=0.0008 partner=0.0008 road=0.0017
[ROMA step 4,632,870,912] sps=188,515  policy_loss=-0.0040  value_loss=0.1561  mi_loss=0.0015  mi_valid=0.73  div_loss=-0.2207  kl_loss=0.0000 (disabled)  score=0.941  return=0.818  role_std=4.9673  role_norm=24.1704  enc_delta ego=0.0005 partner=0.0007 road=0.0012
[ROMA step 4,633,657,344] sps=188,469  policy_loss=0.0026  value_loss=0.2356  mi_loss=0.0014  mi_valid=0.75  div_loss=-0.2168  kl_loss=0.0000 (disabled)  score=0.941  return=0.819  role_std=4.8172  role_norm=24.6459  enc_delta ego=0.0007 partner=0.0008 road=0.0014
[ROMA step 4,634,443,776] sps=188,424  policy_loss=0.0075  value_loss=0.1672  mi_loss=0.0014  mi_valid=0.73  div_loss=-0.2158  kl_loss=0.0000 (disabled)  score=0.940  return=0.818  role_std=4.8106  role_norm=24.0339  enc_delta ego=0.0008 partner=0.0009 road=0.0017
[ROMA step 4,635,230,208] sps=188,378  policy_loss=0.0043  value_loss=0.1943  mi_loss=0.0014  mi_valid=0.73  div_loss=-0.2188  kl_loss=0.0000 (disabled)  score=0.941  return=0.821  role_std=5.0294  role_norm=23.8629  enc_delta ego=0.0009 partner=0.0008 road=0.0016
[ROMA step 4,636,016,640] sps=188,042  policy_loss=0.0011  value_loss=0.2614  mi_loss=0.0014  mi_valid=0.72  div_loss=-0.2295  kl_loss=0.0000 (disabled)  score=0.941  return=0.824  role_std=5.6462  role_norm=23.6386  enc_delta ego=0.0008 partner=0.0012 road=0.0017
[ROMA step 4,636,803,072] sps=187,996  policy_loss=-0.0055  value_loss=0.2383  mi_loss=0.0014  mi_valid=0.74  div_loss=-0.2275  kl_loss=0.0000 (disabled)  score=0.941  return=0.824  role_std=5.8177  role_norm=23.4827  enc_delta ego=0.0008 partner=0.0010 road=0.0012
[ROMA step 4,637,589,504] sps=187,946  policy_loss=-0.0011  value_loss=0.2085  mi_loss=0.0014  mi_valid=0.74  div_loss=-0.2275  kl_loss=0.0000 (disabled)  score=0.941  return=0.823  role_std=5.0112  role_norm=24.1537  enc_delta ego=0.0007 partner=0.0009 road=0.0012
[ROMA step 4,638,375,936] sps=187,608  policy_loss=0.0027  value_loss=0.3234  mi_loss=0.0014  mi_valid=0.73  div_loss=-0.2354  kl_loss=0.0000 (disabled)  score=0.940  return=0.821  role_std=5.2807  role_norm=24.2853  enc_delta ego=0.0009 partner=0.0008 road=0.0015
[ROMA step 4,639,162,368] sps=187,563  policy_loss=0.0078  value_loss=0.2536  mi_loss=0.0014  mi_valid=0.74  div_loss=-0.2168  kl_loss=0.0000 (disabled)  score=0.940  return=0.821  role_std=4.9910  role_norm=23.9688  enc_delta ego=0.0006 partner=0.0010 road=0.0016
[ROMA step 4,639,948,800] sps=187,519  policy_loss=-0.0021  value_loss=0.1928  mi_loss=0.0014  mi_valid=0.74  div_loss=-0.2129  kl_loss=0.0000 (disabled)  score=0.940  return=0.821  role_std=5.2672  role_norm=23.6463  enc_delta ego=0.0008 partner=0.0009 road=0.0014
[ROMA step 4,640,735,232] sps=187,474  policy_loss=-0.0039  value_loss=0.1494  mi_loss=0.0013  mi_valid=0.74  div_loss=-0.2129  kl_loss=0.0000 (disabled)  score=0.940  return=0.821  role_std=5.0124  role_norm=23.5612  enc_delta ego=0.0005 partner=0.0008 road=0.0012
[ROMA step 4,641,521,664] sps=187,085  policy_loss=0.0007  value_loss=0.1923  mi_loss=0.0015  mi_valid=0.73  div_loss=-0.2168  kl_loss=0.0000 (disabled)  score=0.940  return=0.819  role_std=4.9306  role_norm=24.5528  enc_delta ego=0.0005 partner=0.0007 road=0.0012
[ROMA step 4,642,308,096] sps=187,039  policy_loss=-0.0047  value_loss=0.1801  mi_loss=0.0015  mi_valid=0.74  div_loss=-0.2227  kl_loss=0.0000 (disabled)  score=0.941  return=0.822  role_std=5.1104  role_norm=24.3794  enc_delta ego=0.0008 partner=0.0008 road=0.0014
[ROMA step 4,643,094,528] sps=186,993  policy_loss=0.0033  value_loss=0.2226  mi_loss=0.0015  mi_valid=0.74  div_loss=-0.2197  kl_loss=0.0000 (disabled)  score=0.940  return=0.822  role_std=5.0342  role_norm=24.0705  enc_delta ego=0.0006 partner=0.0008 road=0.0014
[ROMA step 4,643,880,960] sps=186,626  policy_loss=0.0039  value_loss=0.2275  mi_loss=0.0015  mi_valid=0.72  div_loss=-0.2217  kl_loss=0.0000 (disabled)  score=0.941  return=0.825  role_std=5.5198  role_norm=23.4689  enc_delta ego=0.0007 partner=0.0008 road=0.0013
[ROMA step 4,644,667,392] sps=186,582  policy_loss=-0.0044  value_loss=0.3507  mi_loss=0.0014  mi_valid=0.74  div_loss=-0.2314  kl_loss=0.0000 (disabled)  score=0.941  return=0.822  role_std=5.6115  role_norm=23.3513  enc_delta ego=0.0009 partner=0.0009 road=0.0012
[ROMA step 4,645,453,824] sps=186,536  policy_loss=-0.0000  value_loss=0.2737  mi_loss=0.0014  mi_valid=0.74  div_loss=-0.2227  kl_loss=0.0000 (disabled)  score=0.941  return=0.821  role_std=5.4221  role_norm=22.9127  enc_delta ego=0.0008 partner=0.0009 road=0.0013
[ROMA step 4,646,240,256] sps=186,490  policy_loss=-0.0044  value_loss=0.2021  mi_loss=0.0013  mi_valid=0.75  div_loss=-0.2158  kl_loss=0.0000 (disabled)  score=0.942  return=0.819  role_std=5.0233  role_norm=24.3768  enc_delta ego=0.0007 partner=0.0008 road=0.0009
[ROMA step 4,647,026,688] sps=186,172  policy_loss=0.0006  value_loss=0.2882  mi_loss=0.0013  mi_valid=0.73  div_loss=-0.2246  kl_loss=0.0000 (disabled)  score=0.941  return=0.819  role_std=5.2943  role_norm=24.3485  enc_delta ego=0.0008 partner=0.0010 road=0.0014
[ROMA step 4,647,813,120] sps=186,128  policy_loss=-0.0053  value_loss=0.2035  mi_loss=0.0012  mi_valid=0.74  div_loss=-0.2158  kl_loss=0.0000 (disabled)  score=0.941  return=0.820  role_std=5.3038  role_norm=24.0511  enc_delta ego=0.0007 partner=0.0009 road=0.0014
[ROMA step 4,648,599,552] sps=186,082  policy_loss=-0.0011  value_loss=0.1845  mi_loss=0.0013  mi_valid=0.74  div_loss=-0.2139  kl_loss=0.0000 (disabled)  score=0.941  return=0.818  role_std=5.1762  role_norm=23.9233  enc_delta ego=0.0008 partner=0.0009 road=0.0014
[ROMA step 4,649,385,984] sps=185,864  policy_loss=0.0036  value_loss=0.2144  mi_loss=0.0012  mi_valid=0.73  div_loss=-0.2109  kl_loss=0.0000 (disabled)  score=0.940  return=0.816  role_std=5.7920  role_norm=22.4692  enc_delta ego=0.0006 partner=0.0008 road=0.0016
[ROMA step 4,650,172,416] sps=185,818  policy_loss=0.0057  value_loss=0.3059  mi_loss=0.0015  mi_valid=0.76  div_loss=-0.2236  kl_loss=0.0000 (disabled)  score=0.939  return=0.814  role_std=4.8555  role_norm=24.9201  enc_delta ego=0.0008 partner=0.0009 road=0.0015
[ROMA step 4,650,958,848] sps=185,774  policy_loss=-0.0047  value_loss=0.2735  mi_loss=0.0014  mi_valid=0.74  div_loss=-0.2295  kl_loss=0.0000 (disabled)  score=0.939  return=0.812  role_std=5.3741  role_norm=24.4785  enc_delta ego=0.0008 partner=0.0012 road=0.0016
[ROMA step 4,651,745,280] sps=185,729  policy_loss=0.0041  value_loss=0.2793  mi_loss=0.0015  mi_valid=0.74  div_loss=-0.2383  kl_loss=0.0000 (disabled)  score=0.938  return=0.809  role_std=5.6139  role_norm=24.3010  enc_delta ego=0.0008 partner=0.0010 road=0.0016
[ROMA step 4,652,531,712] sps=185,493  policy_loss=-0.0052  value_loss=0.2064  mi_loss=0.0015  mi_valid=0.72  div_loss=-0.2256  kl_loss=0.0000 (disabled)  score=0.937  return=0.804  role_std=5.3509  role_norm=23.7177  enc_delta ego=0.0009 partner=0.0009 road=0.0014
[ROMA step 4,653,318,144] sps=185,447  policy_loss=0.0060  value_loss=0.1858  mi_loss=0.0015  mi_valid=0.74  div_loss=-0.2158  kl_loss=0.0000 (disabled)  score=0.937  return=0.804  role_std=5.4245  role_norm=23.5124  enc_delta ego=0.0007 partner=0.0008 road=0.0012
[ROMA step 4,654,104,576] sps=185,402  policy_loss=-0.0016  value_loss=0.2420  mi_loss=0.0014  mi_valid=0.75  div_loss=-0.2236  kl_loss=0.0000 (disabled)  score=0.937  return=0.804  role_std=5.2767  role_norm=23.2907  enc_delta ego=0.0007 partner=0.0008 road=0.0015
[ROMA step 4,654,891,008] sps=185,358  policy_loss=-0.0010  value_loss=0.1837  mi_loss=0.0013  mi_valid=0.75  div_loss=-0.2168  kl_loss=0.0000 (disabled)  score=0.937  return=0.805  role_std=4.8546  role_norm=24.1335  enc_delta ego=0.0005 partner=0.0008 road=0.0013
[ROMA step 4,655,677,440] sps=185,135  policy_loss=0.0041  value_loss=0.2795  mi_loss=0.0014  mi_valid=0.72  div_loss=-0.2275  kl_loss=0.0000 (disabled)  score=0.937  return=0.805  role_std=5.4865  role_norm=24.3653  enc_delta ego=0.0006 partner=0.0007 road=0.0013
[ROMA step 4,656,463,872] sps=185,087  policy_loss=-0.0069  value_loss=0.1768  mi_loss=0.0016  mi_valid=0.74  div_loss=-0.2227  kl_loss=0.0000 (disabled)  score=0.937  return=0.807  role_std=5.4088  role_norm=24.0332  enc_delta ego=0.0008 partner=0.0008 road=0.0015
[ROMA step 4,657,250,304] sps=185,043  policy_loss=0.0045  value_loss=0.2228  mi_loss=0.0014  mi_valid=0.74  div_loss=-0.2197  kl_loss=0.0000 (disabled)  score=0.937  return=0.806  role_std=5.3634  role_norm=23.8511  enc_delta ego=0.0006 partner=0.0010 road=0.0013
[ROMA step 4,658,036,736] sps=184,776  policy_loss=0.0013  value_loss=0.2086  mi_loss=0.0016  mi_valid=0.73  div_loss=-0.2188  kl_loss=0.0000 (disabled)  score=0.937  return=0.807  role_std=5.3886  role_norm=22.9737  enc_delta ego=0.0006 partner=0.0009 road=0.0015
[ROMA step 4,658,823,168] sps=184,732  policy_loss=-0.0029  value_loss=0.2000  mi_loss=0.0016  mi_valid=0.75  div_loss=-0.2168  kl_loss=0.0000 (disabled)  score=0.937  return=0.806  role_std=5.0441  role_norm=24.6579  enc_delta ego=0.0005 partner=0.0007 road=0.0013
[ROMA step 4,659,609,600] sps=184,689  policy_loss=-0.0071  value_loss=0.1639  mi_loss=0.0017  mi_valid=0.74  div_loss=-0.2178  kl_loss=0.0000 (disabled)  score=0.937  return=0.806  role_std=5.1725  role_norm=24.4714  enc_delta ego=0.0007 partner=0.0008 road=0.0013
[ROMA step 4,660,396,032] sps=184,646  policy_loss=0.0029  value_loss=0.1917  mi_loss=0.0015  mi_valid=0.74  div_loss=-0.2148  kl_loss=0.0000 (disabled)  score=0.937  return=0.806  role_std=5.3949  role_norm=24.0505  enc_delta ego=0.0006 partner=0.0009 road=0.0013
[ROMA step 4,661,182,464] sps=184,443  policy_loss=-0.0034  value_loss=0.1747  mi_loss=0.0014  mi_valid=0.72  div_loss=-0.2109  kl_loss=0.0000 (disabled)  score=0.937  return=0.810  role_std=5.1012  role_norm=23.8445  enc_delta ego=0.0007 partner=0.0008 road=0.0013
[ROMA step 4,661,968,896] sps=184,399  policy_loss=-0.0007  value_loss=0.1301  mi_loss=0.0013  mi_valid=0.74  div_loss=-0.2061  kl_loss=0.0000 (disabled)  score=0.938  return=0.812  role_std=5.2036  role_norm=23.8974  enc_delta ego=0.0006 partner=0.0006 road=0.0011
[ROMA step 4,662,755,328] sps=184,358  policy_loss=-0.0040  value_loss=0.1637  mi_loss=0.0014  mi_valid=0.74  div_loss=-0.2090  kl_loss=0.0000 (disabled)  score=0.938  return=0.814  role_std=4.9013  role_norm=24.8401  enc_delta ego=0.0006 partner=0.0008 road=0.0012
[ROMA step 4,663,541,760] sps=184,103  policy_loss=0.0040  value_loss=0.1648  mi_loss=0.0015  mi_valid=0.73  div_loss=-0.2168  kl_loss=0.0000 (disabled)  score=0.938  return=0.815  role_std=5.0638  role_norm=25.1528  enc_delta ego=0.0006 partner=0.0007 road=0.0012
[ROMA step 4,664,328,192] sps=184,061  policy_loss=0.0062  value_loss=0.1491  mi_loss=0.0014  mi_valid=0.73  div_loss=-0.2256  kl_loss=0.0000 (disabled)  score=0.939  return=0.816  role_std=5.3642  role_norm=24.6903  enc_delta ego=0.0008 partner=0.0009 road=0.0015
[ROMA step 4,665,114,624] sps=184,020  policy_loss=-0.0018  value_loss=0.1536  mi_loss=0.0014  mi_valid=0.73  div_loss=-0.2207  kl_loss=0.0000 (disabled)  score=0.939  return=0.815  role_std=5.4603  role_norm=24.5173  enc_delta ego=0.0008 partner=0.0008 road=0.0014
[ROMA step 4,665,901,056] sps=183,977  policy_loss=0.0070  value_loss=0.1923  mi_loss=0.0014  mi_valid=0.73  div_loss=-0.2178  kl_loss=0.0000 (disabled)  score=0.940  return=0.815  role_std=5.6987  role_norm=24.0450  enc_delta ego=0.0006 partner=0.0008 road=0.0015
[ROMA step 4,666,687,488] sps=183,766  policy_loss=0.0062  value_loss=0.3058  mi_loss=0.0014  mi_valid=0.73  div_loss=-0.2256  kl_loss=0.0000 (disabled)  score=0.940  return=0.813  role_std=5.0180  role_norm=24.7487  enc_delta ego=0.0009 partner=0.0010 road=0.0013
[ROMA step 4,667,473,920] sps=183,725  policy_loss=0.0010  value_loss=0.3163  mi_loss=0.0015  mi_valid=0.75  div_loss=-0.2256  kl_loss=0.0000 (disabled)  score=0.939  return=0.812  role_std=4.9382  role_norm=24.5480  enc_delta ego=0.0010 partner=0.0011 road=0.0016
[ROMA step 4,668,260,352] sps=183,682  policy_loss=0.0028  value_loss=0.2684  mi_loss=0.0014  mi_valid=0.74  div_loss=-0.2256  kl_loss=0.0000 (disabled)  score=0.939  return=0.814  role_std=5.0536  role_norm=24.2771  enc_delta ego=0.0008 partner=0.0011 road=0.0015
[ROMA step 4,669,046,784] sps=183,449  policy_loss=-0.0019  value_loss=0.2228  mi_loss=0.0015  mi_valid=0.73  div_loss=-0.2227  kl_loss=0.0000 (disabled)  score=0.939  return=0.814  role_std=5.0660  role_norm=23.9911  enc_delta ego=0.0007 partner=0.0008 road=0.0011
[ROMA step 4,669,833,216] sps=183,408  policy_loss=-0.0006  value_loss=0.2196  mi_loss=0.0014  mi_valid=0.74  div_loss=-0.2217  kl_loss=0.0000 (disabled)  score=0.939  return=0.813  role_std=5.7036  role_norm=23.6895  enc_delta ego=0.0006 partner=0.0008 road=0.0014
[ROMA step 4,670,619,648] sps=183,367  policy_loss=-0.0012  value_loss=0.2383  mi_loss=0.0015  mi_valid=0.74  div_loss=-0.2178  kl_loss=0.0000 (disabled)  score=0.939  return=0.814  role_std=5.7717  role_norm=23.6903  enc_delta ego=0.0006 partner=0.0009 road=0.0014
[ROMA step 4,671,406,080] sps=183,326  policy_loss=-0.0050  value_loss=0.2022  mi_loss=0.0014  mi_valid=0.75  div_loss=-0.2217  kl_loss=0.0000 (disabled)  score=0.939  return=0.814  role_std=4.9237  role_norm=24.7335  enc_delta ego=0.0006 partner=0.0008 road=0.0014
[ROMA step 4,672,192,512] sps=183,085  policy_loss=0.0051  value_loss=0.2683  mi_loss=0.0014  mi_valid=0.72  div_loss=-0.2207  kl_loss=0.0000 (disabled)  score=0.939  return=0.813  role_std=5.1448  role_norm=24.8014  enc_delta ego=0.0009 partner=0.0009 road=0.0012
[ROMA step 4,672,978,944] sps=183,044  policy_loss=-0.0005  value_loss=0.2910  mi_loss=0.0014  mi_valid=0.73  div_loss=-0.2227  kl_loss=0.0000 (disabled)  score=0.939  return=0.813  role_std=5.4552  role_norm=24.6359  enc_delta ego=0.0007 partner=0.0008 road=0.0013
[ROMA step 4,673,765,376] sps=182,993  policy_loss=-0.0040  value_loss=0.2047  mi_loss=0.0014  mi_valid=0.73  div_loss=-0.2178  kl_loss=0.0000 (disabled)  score=0.939  return=0.812  role_std=5.3495  role_norm=24.3814  enc_delta ego=0.0007 partner=0.0008 road=0.0013
[ROMA step 4,674,551,808] sps=182,648  policy_loss=0.0040  value_loss=0.2785  mi_loss=0.0017  mi_valid=0.70  div_loss=-0.2168  kl_loss=0.0000 (disabled)  score=0.940  return=0.816  role_std=5.6386  role_norm=22.4880  enc_delta ego=0.0006 partner=0.0007 road=0.0010
[ROMA step 4,675,338,240] sps=182,605  policy_loss=0.0011  value_loss=0.3270  mi_loss=0.0014  mi_valid=0.74  div_loss=-0.2168  kl_loss=0.0000 (disabled)  score=0.941  return=0.819  role_std=5.0980  role_norm=24.8447  enc_delta ego=0.0007 partner=0.0007 road=0.0012
[ROMA step 4,676,124,672] sps=182,564  policy_loss=-0.0013  value_loss=0.2160  mi_loss=0.0014  mi_valid=0.74  div_loss=-0.2158  kl_loss=0.0000 (disabled)  score=0.942  return=0.820  role_std=4.9152  role_norm=24.8519  enc_delta ego=0.0007 partner=0.0009 road=0.0013
[ROMA step 4,676,911,104] sps=182,524  policy_loss=-0.0045  value_loss=0.2206  mi_loss=0.0014  mi_valid=0.74  div_loss=-0.2090  kl_loss=0.0000 (disabled)  score=0.942  return=0.822  role_std=4.9654  role_norm=24.8019  enc_delta ego=0.0006 partner=0.0007 road=0.0014
[ROMA step 4,677,697,536] sps=182,243  policy_loss=0.0025  value_loss=0.2094  mi_loss=0.0014  mi_valid=0.72  div_loss=-0.2090  kl_loss=0.0000 (disabled)  score=0.942  return=0.822  role_std=5.1041  role_norm=24.2462  enc_delta ego=0.0006 partner=0.0008 road=0.0013
[ROMA step 4,678,483,968] sps=182,193  policy_loss=-0.0030  value_loss=0.1926  mi_loss=0.0015  mi_valid=0.74  div_loss=-0.2090  kl_loss=0.0000 (disabled)  score=0.942  return=0.822  role_std=5.2654  role_norm=23.8999  enc_delta ego=0.0006 partner=0.0008 road=0.0014
[ROMA step 4,679,270,400] sps=182,153  policy_loss=-0.0016  value_loss=0.2113  mi_loss=0.0015  mi_valid=0.75  div_loss=-0.2100  kl_loss=0.0000 (disabled)  score=0.942  return=0.822  role_std=4.9376  role_norm=23.6646  enc_delta ego=0.0005 partner=0.0008 road=0.0013
[ROMA step 4,680,056,832] sps=182,113  policy_loss=0.0030  value_loss=0.2573  mi_loss=0.0016  mi_valid=0.75  div_loss=-0.2139  kl_loss=0.0000 (disabled)  score=0.942  return=0.820  role_std=4.8193  role_norm=24.7815  enc_delta ego=0.0006 partner=0.0007 road=0.0011
[ROMA step 4,680,843,264] sps=181,857  policy_loss=-0.0046  value_loss=0.1495  mi_loss=0.0014  mi_valid=0.73  div_loss=-0.2021  kl_loss=0.0000 (disabled)  score=0.942  return=0.822  role_std=4.8545  role_norm=24.7318  enc_delta ego=0.0006 partner=0.0008 road=0.0013
[ROMA step 4,681,629,696] sps=181,817  policy_loss=0.0008  value_loss=0.0797  mi_loss=0.0013  mi_valid=0.74  div_loss=-0.1963  kl_loss=0.0000 (disabled)  score=0.942  return=0.824  role_std=4.9088  role_norm=24.2709  enc_delta ego=0.0004 partner=0.0007 road=0.0010
[ROMA step 4,682,416,128] sps=181,775  policy_loss=-0.0051  value_loss=0.0962  mi_loss=0.0013  mi_valid=0.74  div_loss=-0.2012  kl_loss=0.0000 (disabled)  score=0.942  return=0.826  role_std=4.9935  role_norm=24.0928  enc_delta ego=0.0006 partner=0.0007 road=0.0011
[ROMA step 4,683,202,560] sps=181,501  policy_loss=-0.0019  value_loss=0.1954  mi_loss=0.0016  mi_valid=0.72  div_loss=-0.2100  kl_loss=0.0000 (disabled)  score=0.942  return=0.826  role_std=5.2765  role_norm=23.2075  enc_delta ego=0.0004 partner=0.0007 road=0.0010
[ROMA step 4,683,988,992] sps=181,461  policy_loss=-0.0039  value_loss=0.1532  mi_loss=0.0013  mi_valid=0.74  div_loss=-0.2178  kl_loss=0.0000 (disabled)  score=0.942  return=0.826  role_std=5.0698  role_norm=24.6059  enc_delta ego=0.0006 partner=0.0007 road=0.0010
[ROMA step 4,684,775,424] sps=181,420  policy_loss=-0.0053  value_loss=0.2140  mi_loss=0.0014  mi_valid=0.73  div_loss=-0.2256  kl_loss=0.0000 (disabled)  score=0.942  return=0.825  role_std=5.3899  role_norm=24.6202  enc_delta ego=0.0007 partner=0.0008 road=0.0015
[ROMA step 4,685,561,856] sps=181,378  policy_loss=0.0053  value_loss=0.2043  mi_loss=0.0015  mi_valid=0.73  div_loss=-0.2236  kl_loss=0.0000 (disabled)  score=0.942  return=0.823  role_std=5.4901  role_norm=24.3978  enc_delta ego=0.0008 partner=0.0007 road=0.0010
[ROMA step 4,686,348,288] sps=181,053  policy_loss=0.0032  value_loss=0.1906  mi_loss=0.0015  mi_valid=0.72  div_loss=-0.2227  kl_loss=0.0000 (disabled)  score=0.942  return=0.823  role_std=5.2692  role_norm=23.7124  enc_delta ego=0.0005 partner=0.0007 road=0.0011
[ROMA step 4,687,134,720] sps=181,013  policy_loss=0.0073  value_loss=0.2158  mi_loss=0.0014  mi_valid=0.74  div_loss=-0.2236  kl_loss=0.0000 (disabled)  score=0.942  return=0.822  role_std=5.5937  role_norm=23.6212  enc_delta ego=0.0007 partner=0.0008 road=0.0013
[ROMA step 4,687,921,152] sps=180,967  policy_loss=-0.0021  value_loss=0.1278  mi_loss=0.0013  mi_valid=0.74  div_loss=-0.2217  kl_loss=0.0000 (disabled)  score=0.942  return=0.823  role_std=5.1124  role_norm=24.2354  enc_delta ego=0.0008 partner=0.0009 road=0.0013
[ROMA step 4,688,707,584] sps=180,668  policy_loss=-0.0065  value_loss=0.1535  mi_loss=0.0014  mi_valid=0.73  div_loss=-0.2236  kl_loss=0.0000 (disabled)  score=0.942  return=0.825  role_std=5.0361  role_norm=24.5910  enc_delta ego=0.0006 partner=0.0006 road=0.0010
[ROMA step 4,689,494,016] sps=180,627  policy_loss=-0.0009  value_loss=0.2511  mi_loss=0.0014  mi_valid=0.74  div_loss=-0.2266  kl_loss=0.0000 (disabled)  score=0.942  return=0.825  role_std=5.1488  role_norm=24.1874  enc_delta ego=0.0006 partner=0.0008 road=0.0015
[ROMA step 4,690,280,448] sps=180,585  policy_loss=-0.0065  value_loss=0.1846  mi_loss=0.0015  mi_valid=0.74  div_loss=-0.2197  kl_loss=0.0000 (disabled)  score=0.942  return=0.831  role_std=5.2050  role_norm=23.7261  enc_delta ego=0.0009 partner=0.0007 road=0.0014
[ROMA step 4,691,066,880] sps=180,546  policy_loss=-0.0009  value_loss=0.1349  mi_loss=0.0015  mi_valid=0.73  div_loss=-0.2158  kl_loss=0.0000 (disabled)  score=0.943  return=0.833  role_std=5.1035  role_norm=23.5944  enc_delta ego=0.0007 partner=0.0007 road=0.0010
[ROMA step 4,691,853,312] sps=180,271  policy_loss=0.0042  value_loss=0.1909  mi_loss=0.0014  mi_valid=0.72  div_loss=-0.2188  kl_loss=0.0000 (disabled)  score=0.944  return=0.838  role_std=5.0954  role_norm=24.3937  enc_delta ego=0.0005 partner=0.0007 road=0.0008
[ROMA step 4,692,639,744] sps=180,232  policy_loss=-0.0060  value_loss=0.1087  mi_loss=0.0013  mi_valid=0.73  div_loss=-0.2168  kl_loss=0.0000 (disabled)  score=0.945  return=0.841  role_std=5.0882  role_norm=24.5264  enc_delta ego=0.0006 partner=0.0006 road=0.0009
[ROMA step 4,693,426,176] sps=180,194  policy_loss=-0.0011  value_loss=0.1545  mi_loss=0.0013  mi_valid=0.72  div_loss=-0.2158  kl_loss=0.0000 (disabled)  score=0.945  return=0.845  role_std=5.1627  role_norm=24.3806  enc_delta ego=0.0006 partner=0.0009 road=0.0012
[ROMA step 4,694,212,608] sps=179,950  policy_loss=0.0042  value_loss=0.1441  mi_loss=0.0013  mi_valid=0.71  div_loss=-0.2119  kl_loss=0.0000 (disabled)  score=0.946  return=0.848  role_std=5.0349  role_norm=24.0155  enc_delta ego=0.0005 partner=0.0008 road=0.0010
[ROMA step 4,694,999,040] sps=179,911  policy_loss=-0.0026  value_loss=0.1482  mi_loss=0.0014  mi_valid=0.73  div_loss=-0.2012  kl_loss=0.0000 (disabled)  score=0.947  return=0.851  role_std=5.0855  role_norm=23.7900  enc_delta ego=0.0004 partner=0.0006 road=0.0008
[ROMA step 4,695,785,472] sps=179,869  policy_loss=-0.0058  value_loss=0.1612  mi_loss=0.0014  mi_valid=0.73  div_loss=-0.2090  kl_loss=0.0000 (disabled)  score=0.947  return=0.853  role_std=5.1092  role_norm=23.6897  enc_delta ego=0.0006 partner=0.0006 road=0.0009
[ROMA step 4,696,571,904] sps=179,820  policy_loss=0.0006  value_loss=0.1685  mi_loss=0.0014  mi_valid=0.74  div_loss=-0.2070  kl_loss=0.0000 (disabled)  score=0.947  return=0.854  role_std=4.6416  role_norm=24.5932  enc_delta ego=0.0012 partner=0.0007 road=0.0012
[ROMA step 4,697,358,336] sps=179,491  policy_loss=0.0043  value_loss=0.2480  mi_loss=0.0014  mi_valid=0.73  div_loss=-0.2158  kl_loss=0.0000 (disabled)  score=0.948  return=0.856  role_std=4.8706  role_norm=24.2481  enc_delta ego=0.0010 partner=0.0007 road=0.0014
[ROMA step 4,698,144,768] sps=179,450  policy_loss=0.0017  value_loss=0.2007  mi_loss=0.0015  mi_valid=0.74  div_loss=-0.2168  kl_loss=0.0000 (disabled)  score=0.948  return=0.856  role_std=5.0328  role_norm=23.7238  enc_delta ego=0.0006 partner=0.0008 road=0.0014
[ROMA step 4,698,931,200] sps=179,412  policy_loss=0.0060  value_loss=0.2929  mi_loss=0.0015  mi_valid=0.74  div_loss=-0.2227  kl_loss=0.0000 (disabled)  score=0.947  return=0.857  role_std=5.3495  role_norm=23.4772  enc_delta ego=0.0006 partner=0.0008 road=0.0012
[ROMA step 4,699,717,632] sps=179,149  policy_loss=0.0047  value_loss=0.2203  mi_loss=0.0016  mi_valid=0.72  div_loss=-0.2227  kl_loss=0.0000 (disabled)  score=0.947  return=0.855  role_std=5.4599  role_norm=22.0943  enc_delta ego=0.0006 partner=0.0007 road=0.0011
[ROMA step 4,700,504,064] sps=179,111  policy_loss=0.0067  value_loss=0.1816  mi_loss=0.0013  mi_valid=0.75  div_loss=-0.2100  kl_loss=0.0000 (disabled)  score=0.947  return=0.855  role_std=4.8067  role_norm=24.3967  enc_delta ego=0.0005 partner=0.0008 road=0.0012
[ROMA step 4,701,290,496] sps=179,067  policy_loss=0.0020  value_loss=0.1927  mi_loss=0.0012  mi_valid=0.75  div_loss=-0.2158  kl_loss=0.0000 (disabled)  score=0.948  return=0.858  role_std=5.1629  role_norm=24.1704  enc_delta ego=0.0006 partner=0.0008 road=0.0012
[ROMA step 4,702,076,928] sps=179,028  policy_loss=0.0008  value_loss=0.1211  mi_loss=0.0012  mi_valid=0.74  div_loss=-0.2188  kl_loss=0.0000 (disabled)  score=0.948  return=0.860  role_std=5.0048  role_norm=24.0308  enc_delta ego=0.0006 partner=0.0007 road=0.0010
[ROMA step 4,702,863,360] sps=178,739  policy_loss=-0.0016  value_loss=0.0969  mi_loss=0.0013  mi_valid=0.72  div_loss=-0.2217  kl_loss=0.0000 (disabled)  score=0.948  return=0.863  role_std=5.6641  role_norm=24.2507  enc_delta ego=0.0006 partner=0.0008 road=0.0012
[ROMA step 4,703,649,792] sps=178,701  policy_loss=-0.0100  value_loss=0.0787  mi_loss=0.0013  mi_valid=0.73  div_loss=-0.2197  kl_loss=0.0000 (disabled)  score=0.949  return=0.865  role_std=5.5241  role_norm=23.9944  enc_delta ego=0.0007 partner=0.0010 road=0.0014
[ROMA step 4,704,436,224] sps=178,662  policy_loss=-0.0012  value_loss=0.1215  mi_loss=0.0013  mi_valid=0.72  div_loss=-0.2158  kl_loss=0.0000 (disabled)  score=0.949  return=0.864  role_std=5.6219  role_norm=23.6901  enc_delta ego=0.0007 partner=0.0009 road=0.0012
[ROMA step 4,705,222,656] sps=178,623  policy_loss=-0.0044  value_loss=0.1362  mi_loss=0.0013  mi_valid=0.73  div_loss=-0.2217  kl_loss=0.0000 (disabled)  score=0.950  return=0.864  role_std=5.1848  role_norm=24.7484  enc_delta ego=0.0005 partner=0.0008 road=0.0011
[ROMA step 4,706,009,088] sps=178,369  policy_loss=-0.0012  value_loss=0.1571  mi_loss=0.0013  mi_valid=0.72  div_loss=-0.2168  kl_loss=0.0000 (disabled)  score=0.951  return=0.867  role_std=5.0104  role_norm=24.4353  enc_delta ego=0.0005 partner=0.0008 road=0.0012
[ROMA step 4,706,795,520] sps=178,330  policy_loss=-0.0064  value_loss=0.0997  mi_loss=0.0015  mi_valid=0.73  div_loss=-0.2129  kl_loss=0.0000 (disabled)  score=0.951  return=0.870  role_std=4.9128  role_norm=24.1831  enc_delta ego=0.0005 partner=0.0005 road=0.0012
[ROMA step 4,707,581,952] sps=178,291  policy_loss=-0.0061  value_loss=0.0899  mi_loss=0.0013  mi_valid=0.73  div_loss=-0.2070  kl_loss=0.0000 (disabled)  score=0.951  return=0.873  role_std=5.1945  role_norm=23.9596  enc_delta ego=0.0004 partner=0.0006 road=0.0009
[ROMA step 4,708,368,384] sps=178,029  policy_loss=0.0068  value_loss=0.1961  mi_loss=0.0013  mi_valid=0.71  div_loss=-0.2168  kl_loss=0.0000 (disabled)  score=0.951  return=0.874  role_std=5.3414  role_norm=22.8945  enc_delta ego=0.0005 partner=0.0006 road=0.0010
[ROMA step 4,709,154,816] sps=177,991  policy_loss=0.0015  value_loss=0.1556  mi_loss=0.0013  mi_valid=0.74  div_loss=-0.2158  kl_loss=0.0000 (disabled)  score=0.951  return=0.873  role_std=5.0565  role_norm=24.2413  enc_delta ego=0.0005 partner=0.0006 road=0.0009
[ROMA step 4,709,941,248] sps=177,947  policy_loss=0.0004  value_loss=0.2163  mi_loss=0.0012  mi_valid=0.73  div_loss=-0.2236  kl_loss=0.0000 (disabled)  score=0.951  return=0.873  role_std=5.0696  role_norm=24.3211  enc_delta ego=0.0006 partner=0.0008 road=0.0014
[ROMA step 4,710,727,680] sps=177,909  policy_loss=-0.0052  value_loss=0.1311  mi_loss=0.0012  mi_valid=0.74  div_loss=-0.2266  kl_loss=0.0000 (disabled)  score=0.951  return=0.872  role_std=5.3353  role_norm=23.9892  enc_delta ego=0.0005 partner=0.0007 road=0.0013
[ROMA step 4,711,514,112] sps=177,685  policy_loss=-0.0030  value_loss=0.2207  mi_loss=0.0013  mi_valid=0.73  div_loss=-0.2207  kl_loss=0.0000 (disabled)  score=0.951  return=0.871  role_std=5.4528  role_norm=23.6100  enc_delta ego=0.0006 partner=0.0007 road=0.0011
[ROMA step 4,712,300,544] sps=177,646  policy_loss=0.0028  value_loss=0.2438  mi_loss=0.0013  mi_valid=0.74  div_loss=-0.2168  kl_loss=0.0000 (disabled)  score=0.951  return=0.868  role_std=5.4598  role_norm=23.4678  enc_delta ego=0.0006 partner=0.0008 road=0.0011
[ROMA step 4,713,086,976] sps=177,608  policy_loss=-0.0049  value_loss=0.2235  mi_loss=0.0014  mi_valid=0.74  div_loss=-0.2139  kl_loss=0.0000 (disabled)  score=0.950  return=0.866  role_std=5.1010  role_norm=23.3285  enc_delta ego=0.0006 partner=0.0008 road=0.0011
[ROMA step 4,713,873,408] sps=177,371  policy_loss=0.0037  value_loss=0.1945  mi_loss=0.0013  mi_valid=0.73  div_loss=-0.2070  kl_loss=0.0000 (disabled)  score=0.950  return=0.864  role_std=4.9080  role_norm=24.4428  enc_delta ego=0.0005 partner=0.0007 road=0.0011
[ROMA step 4,714,659,840] sps=177,332  policy_loss=-0.0014  value_loss=0.1567  mi_loss=0.0012  mi_valid=0.73  div_loss=-0.2041  kl_loss=0.0000 (disabled)  score=0.950  return=0.863  role_std=4.8662  role_norm=24.1099  enc_delta ego=0.0005 partner=0.0008 road=0.0015
[ROMA step 4,715,446,272] sps=177,294  policy_loss=-0.0005  value_loss=0.1692  mi_loss=0.0012  mi_valid=0.73  div_loss=-0.2070  kl_loss=0.0000 (disabled)  score=0.950  return=0.862  role_std=4.8780  role_norm=23.7849  enc_delta ego=0.0005 partner=0.0006 road=0.0011
[ROMA step 4,716,232,704] sps=177,256  policy_loss=-0.0003  value_loss=0.0962  mi_loss=0.0012  mi_valid=0.73  div_loss=-0.1973  kl_loss=0.0000 (disabled)  score=0.950  return=0.862  role_std=4.7680  role_norm=23.7185  enc_delta ego=0.0004 partner=0.0007 road=0.0010
[ROMA step 4,717,019,136] sps=177,030  policy_loss=-0.0096  value_loss=0.1465  mi_loss=0.0014  mi_valid=0.72  div_loss=-0.2080  kl_loss=0.0000 (disabled)  score=0.950  return=0.863  role_std=4.8340  role_norm=23.2900  enc_delta ego=0.0005 partner=0.0006 road=0.0013
[ROMA step 4,717,805,568] sps=176,993  policy_loss=0.0023  value_loss=0.1421  mi_loss=0.0014  mi_valid=0.74  div_loss=-0.2061  kl_loss=0.0000 (disabled)  score=0.950  return=0.861  role_std=4.7980  role_norm=24.4809  enc_delta ego=0.0005 partner=0.0007 road=0.0014
[ROMA step 4,718,592,000] sps=176,953  policy_loss=0.0018  value_loss=0.1529  mi_loss=0.0014  mi_valid=0.73  div_loss=-0.2080  kl_loss=0.0000 (disabled)  score=0.950  return=0.861  role_std=4.9878  role_norm=24.0980  enc_delta ego=0.0007 partner=0.0007 road=0.0011
[ROMA step 4,719,378,432] sps=176,743  policy_loss=0.0008  value_loss=0.2557  mi_loss=0.0014  mi_valid=0.72  div_loss=-0.2217  kl_loss=0.0000 (disabled)  score=0.950  return=0.860  role_std=5.2554  role_norm=24.1704  enc_delta ego=0.0005 partner=0.0008 road=0.0012
[ROMA step 4,720,164,864] sps=176,707  policy_loss=0.0002  value_loss=0.2305  mi_loss=0.0014  mi_valid=0.74  div_loss=-0.2148  kl_loss=0.0000 (disabled)  score=0.950  return=0.859  role_std=5.2408  role_norm=23.9051  enc_delta ego=0.0005 partner=0.0008 road=0.0010
[ROMA step 4,720,951,296] sps=176,671  policy_loss=0.0055  value_loss=0.1390  mi_loss=0.0014  mi_valid=0.74  div_loss=-0.2090  kl_loss=0.0000 (disabled)  score=0.950  return=0.861  role_std=5.1095  role_norm=23.5752  enc_delta ego=0.0005 partner=0.0007 road=0.0009
[ROMA step 4,721,737,728] sps=176,635  policy_loss=0.0003  value_loss=0.1562  mi_loss=0.0014  mi_valid=0.74  div_loss=-0.2100  kl_loss=0.0000 (disabled)  score=0.951  return=0.863  role_std=4.9965  role_norm=24.4078  enc_delta ego=0.0005 partner=0.0007 road=0.0010
[ROMA step 4,722,524,160] sps=176,401  policy_loss=-0.0043  value_loss=0.1761  mi_loss=0.0015  mi_valid=0.73  div_loss=-0.2158  kl_loss=0.0000 (disabled)  score=0.951  return=0.863  role_std=5.1968  role_norm=24.3910  enc_delta ego=0.0008 partner=0.0009 road=0.0010
[ROMA step 4,723,310,592] sps=176,364  policy_loss=0.0037  value_loss=0.1699  mi_loss=0.0014  mi_valid=0.74  div_loss=-0.2148  kl_loss=0.0000 (disabled)  score=0.951  return=0.863  role_std=5.2195  role_norm=24.2651  enc_delta ego=0.0009 partner=0.0008 road=0.0010
[ROMA step 4,724,097,024] sps=176,325  policy_loss=-0.0072  value_loss=0.1763  mi_loss=0.0015  mi_valid=0.74  div_loss=-0.2168  kl_loss=0.0000 (disabled)  score=0.950  return=0.862  role_std=5.2336  role_norm=23.7939  enc_delta ego=0.0008 partner=0.0008 road=0.0012
[ROMA step 4,724,883,456] sps=176,142  policy_loss=0.0063  value_loss=0.2177  mi_loss=0.0014  mi_valid=0.72  div_loss=-0.2139  kl_loss=0.0000 (disabled)  score=0.950  return=0.859  role_std=5.5969  role_norm=22.6852  enc_delta ego=0.0009 partner=0.0006 road=0.0011
[ROMA step 4,725,669,888] sps=176,104  policy_loss=0.0046  value_loss=0.1570  mi_loss=0.0014  mi_valid=0.75  div_loss=-0.2100  kl_loss=0.0000 (disabled)  score=0.949  return=0.858  role_std=4.8193  role_norm=24.9186  enc_delta ego=0.0006 partner=0.0007 road=0.0012
[ROMA step 4,726,456,320] sps=176,068  policy_loss=0.0046  value_loss=0.1649  mi_loss=0.0013  mi_valid=0.75  div_loss=-0.2168  kl_loss=0.0000 (disabled)  score=0.949  return=0.857  role_std=4.9490  role_norm=24.8494  enc_delta ego=0.0005 partner=0.0008 road=0.0011
[ROMA step 4,727,242,752] sps=176,031  policy_loss=0.0068  value_loss=0.1424  mi_loss=0.0013  mi_valid=0.73  div_loss=-0.2139  kl_loss=0.0000 (disabled)  score=0.948  return=0.856  role_std=4.9450  role_norm=24.3611  enc_delta ego=0.0006 partner=0.0007 road=0.0011
[ROMA step 4,728,029,184] sps=175,837  policy_loss=-0.0063  value_loss=0.1993  mi_loss=0.0013  mi_valid=0.72  div_loss=-0.2148  kl_loss=0.0000 (disabled)  score=0.948  return=0.856  role_std=5.3354  role_norm=24.1895  enc_delta ego=0.0004 partner=0.0007 road=0.0014
[ROMA step 4,728,815,616] sps=175,798  policy_loss=0.0058  value_loss=0.2154  mi_loss=0.0013  mi_valid=0.73  div_loss=-0.2148  kl_loss=0.0000 (disabled)  score=0.948  return=0.855  role_std=5.3164  role_norm=23.6437  enc_delta ego=0.0005 partner=0.0007 road=0.0014
[ROMA step 4,729,602,048] sps=175,762  policy_loss=0.0010  value_loss=0.2029  mi_loss=0.0013  mi_valid=0.73  div_loss=-0.2188  kl_loss=0.0000 (disabled)  score=0.948  return=0.851  role_std=5.1877  role_norm=23.5176  enc_delta ego=0.0006 partner=0.0007 road=0.0012
[ROMA step 4,730,388,480] sps=175,726  policy_loss=-0.0060  value_loss=0.2040  mi_loss=0.0013  mi_valid=0.74  div_loss=-0.2148  kl_loss=0.0000 (disabled)  score=0.948  return=0.849  role_std=5.1195  role_norm=24.3641  enc_delta ego=0.0005 partner=0.0007 road=0.0010
[ROMA step 4,731,174,912] sps=175,538  policy_loss=-0.0054  value_loss=0.2071  mi_loss=0.0013  mi_valid=0.72  div_loss=-0.2236  kl_loss=0.0000 (disabled)  score=0.948  return=0.850  role_std=5.0357  role_norm=24.2734  enc_delta ego=0.0006 partner=0.0006 road=0.0012
[ROMA step 4,731,961,344] sps=175,502  policy_loss=-0.0003  value_loss=0.1516  mi_loss=0.0013  mi_valid=0.73  div_loss=-0.2080  kl_loss=0.0000 (disabled)  score=0.948  return=0.850  role_std=5.0775  role_norm=23.7789  enc_delta ego=0.0005 partner=0.0006 road=0.0011
[ROMA step 4,732,747,776] sps=175,466  policy_loss=-0.0006  value_loss=0.1479  mi_loss=0.0013  mi_valid=0.73  div_loss=-0.2090  kl_loss=0.0000 (disabled)  score=0.948  return=0.851  role_std=4.8067  role_norm=23.7202  enc_delta ego=0.0007 partner=0.0006 road=0.0009
[ROMA step 4,733,534,208] sps=175,270  policy_loss=-0.0075  value_loss=0.2324  mi_loss=0.0013  mi_valid=0.72  div_loss=-0.2139  kl_loss=0.0000 (disabled)  score=0.947  return=0.850  role_std=5.3436  role_norm=22.9371  enc_delta ego=0.0005 partner=0.0006 road=0.0011
[ROMA step 4,734,320,640] sps=175,234  policy_loss=0.0027  value_loss=0.1590  mi_loss=0.0013  mi_valid=0.74  div_loss=-0.2080  kl_loss=0.0000 (disabled)  score=0.947  return=0.850  role_std=4.8372  role_norm=24.7947  enc_delta ego=0.0005 partner=0.0007 road=0.0014
[ROMA step 4,735,107,072] sps=175,199  policy_loss=0.0047  value_loss=0.1506  mi_loss=0.0012  mi_valid=0.74  div_loss=-0.2051  kl_loss=0.0000 (disabled)  score=0.948  return=0.855  role_std=4.8190  role_norm=24.6517  enc_delta ego=0.0004 partner=0.0006 road=0.0012
[ROMA step 4,735,893,504] sps=175,163  policy_loss=0.0039  value_loss=0.1342  mi_loss=0.0013  mi_valid=0.73  div_loss=-0.2051  kl_loss=0.0000 (disabled)  score=0.948  return=0.858  role_std=4.9905  role_norm=24.4212  enc_delta ego=0.0004 partner=0.0007 road=0.0012
[ROMA step 4,736,679,936] sps=174,947  policy_loss=0.0017  value_loss=0.1476  mi_loss=0.0015  mi_valid=0.72  div_loss=-0.2148  kl_loss=0.0000 (disabled)  score=0.947  return=0.857  role_std=5.0283  role_norm=23.8703  enc_delta ego=0.0004 partner=0.0006 road=0.0012
[ROMA step 4,737,466,368] sps=174,911  policy_loss=0.0021  value_loss=0.2438  mi_loss=0.0014  mi_valid=0.74  div_loss=-0.2188  kl_loss=0.0000 (disabled)  score=0.947  return=0.857  role_std=5.4852  role_norm=23.9998  enc_delta ego=0.0004 partner=0.0006 road=0.0011
[ROMA step 4,738,252,800] sps=174,875  policy_loss=-0.0027  value_loss=0.2157  mi_loss=0.0015  mi_valid=0.74  div_loss=-0.2168  kl_loss=0.0000 (disabled)  score=0.946  return=0.853  role_std=5.4034  role_norm=23.7297  enc_delta ego=0.0006 partner=0.0007 road=0.0009
[ROMA step 4,739,039,232] sps=174,680  policy_loss=0.0019  value_loss=0.1721  mi_loss=0.0013  mi_valid=0.73  div_loss=-0.2188  kl_loss=0.0000 (disabled)  score=0.945  return=0.848  role_std=5.0463  role_norm=24.9915  enc_delta ego=0.0005 partner=0.0005 road=0.0007
[ROMA step 4,739,825,664] sps=174,645  policy_loss=0.0028  value_loss=0.1455  mi_loss=0.0014  mi_valid=0.73  div_loss=-0.2061  kl_loss=0.0000 (disabled)  score=0.945  return=0.848  role_std=5.0425  role_norm=24.6907  enc_delta ego=0.0006 partner=0.0006 road=0.0010
[ROMA step 4,740,612,096] sps=174,610  policy_loss=-0.0014  value_loss=0.1845  mi_loss=0.0017  mi_valid=0.73  div_loss=-0.2168  kl_loss=0.0000 (disabled)  score=0.944  return=0.847  role_std=5.1625  role_norm=24.1864  enc_delta ego=0.0005 partner=0.0006 road=0.0009
[ROMA step 4,741,398,528] sps=174,575  policy_loss=0.0021  value_loss=0.1965  mi_loss=0.0016  mi_valid=0.73  div_loss=-0.2148  kl_loss=0.0000 (disabled)  score=0.943  return=0.845  role_std=5.1187  role_norm=24.0008  enc_delta ego=0.0005 partner=0.0006 road=0.0009
[ROMA step 4,742,184,960] sps=174,360  policy_loss=-0.0051  value_loss=0.1171  mi_loss=0.0013  mi_valid=0.72  div_loss=-0.2168  kl_loss=0.0000 (disabled)  score=0.943  return=0.846  role_std=5.8042  role_norm=23.1189  enc_delta ego=0.0006 partner=0.0006 road=0.0010
[ROMA step 4,742,971,392] sps=174,326  policy_loss=-0.0019  value_loss=0.1387  mi_loss=0.0013  mi_valid=0.75  div_loss=-0.2188  kl_loss=0.0000 (disabled)  score=0.943  return=0.846  role_std=4.7789  role_norm=24.8235  enc_delta ego=0.0005 partner=0.0007 road=0.0011
[ROMA step 4,743,757,824] sps=174,288  policy_loss=0.0019  value_loss=0.2208  mi_loss=0.0013  mi_valid=0.74  div_loss=-0.2178  kl_loss=0.0000 (disabled)  score=0.942  return=0.845  role_std=5.0724  role_norm=24.7449  enc_delta ego=0.0005 partner=0.0008 road=0.0012
[ROMA step 4,744,544,256] sps=174,075  policy_loss=-0.0016  value_loss=0.2319  mi_loss=0.0014  mi_valid=0.72  div_loss=-0.2207  kl_loss=0.0000 (disabled)  score=0.942  return=0.844  role_std=5.5074  role_norm=24.7561  enc_delta ego=0.0006 partner=0.0007 road=0.0010
[ROMA step 4,745,330,688] sps=174,039  policy_loss=0.0019  value_loss=0.1891  mi_loss=0.0015  mi_valid=0.73  div_loss=-0.2207  kl_loss=0.0000 (disabled)  score=0.942  return=0.844  role_std=5.6257  role_norm=24.2745  enc_delta ego=0.0009 partner=0.0009 road=0.0014
[ROMA step 4,746,117,120] sps=174,004  policy_loss=-0.0053  value_loss=0.2019  mi_loss=0.0015  mi_valid=0.73  div_loss=-0.2217  kl_loss=0.0000 (disabled)  score=0.942  return=0.842  role_std=5.3858  role_norm=24.1894  enc_delta ego=0.0008 partner=0.0008 road=0.0010
[ROMA step 4,746,903,552] sps=173,969  policy_loss=-0.0015  value_loss=0.1168  mi_loss=0.0014  mi_valid=0.74  div_loss=-0.2188  kl_loss=0.0000 (disabled)  score=0.942  return=0.842  role_std=5.0742  role_norm=25.0848  enc_delta ego=0.0005 partner=0.0005 road=0.0010
[ROMA step 4,747,689,984] sps=173,745  policy_loss=0.0038  value_loss=0.1430  mi_loss=0.0014  mi_valid=0.73  div_loss=-0.2188  kl_loss=0.0000 (disabled)  score=0.942  return=0.842  role_std=5.0634  role_norm=24.7754  enc_delta ego=0.0005 partner=0.0006 road=0.0010
[ROMA step 4,748,476,416] sps=173,710  policy_loss=0.0002  value_loss=0.1648  mi_loss=0.0015  mi_valid=0.73  div_loss=-0.2070  kl_loss=0.0000 (disabled)  score=0.942  return=0.844  role_std=4.9999  role_norm=24.5593  enc_delta ego=0.0006 partner=0.0006 road=0.0009
[ROMA step 4,749,262,848] sps=173,674  policy_loss=-0.0039  value_loss=0.0856  mi_loss=0.0015  mi_valid=0.73  div_loss=-0.2041  kl_loss=0.0000 (disabled)  score=0.943  return=0.847  role_std=5.0413  role_norm=24.1202  enc_delta ego=0.0005 partner=0.0005 road=0.0009
[ROMA step 4,750,049,280] sps=173,467  policy_loss=0.0013  value_loss=0.1559  mi_loss=0.0014  mi_valid=0.71  div_loss=-0.2070  kl_loss=0.0000 (disabled)  score=0.943  return=0.848  role_std=5.3365  role_norm=22.8334  enc_delta ego=0.0004 partner=0.0005 road=0.0008
[ROMA step 4,750,835,712] sps=173,433  policy_loss=-0.0006  value_loss=0.1799  mi_loss=0.0013  mi_valid=0.74  div_loss=-0.2109  kl_loss=0.0000 (disabled)  score=0.943  return=0.849  role_std=4.9218  role_norm=24.5972  enc_delta ego=0.0005 partner=0.0006 road=0.0012
[ROMA] Saved -> /scratch/e452103/checkpoints/roma_mifutagent_dim1_H8_r16p64_ft_collstop_nodiv/roma_dim1_step4750835712.pt
[ROMA step 4,751,622,144] sps=173,399  policy_loss=0.0083  value_loss=0.1939  mi_loss=0.0013  mi_valid=0.74  div_loss=-0.2139  kl_loss=0.0000 (disabled)  score=0.943  return=0.850  role_std=5.0612  role_norm=24.5560  enc_delta ego=0.0005 partner=0.0008 road=0.0012
[ROMA step 4,752,408,576] sps=173,365  policy_loss=0.0029  value_loss=0.1548  mi_loss=0.0013  mi_valid=0.74  div_loss=-0.2070  kl_loss=0.0000 (disabled)  score=0.942  return=0.850  role_std=4.9012  role_norm=24.4967  enc_delta ego=0.0004 partner=0.0005 road=0.0008
[ROMA step 4,753,195,008] sps=173,174  policy_loss=-0.0014  value_loss=0.1507  mi_loss=0.0014  mi_valid=0.72  div_loss=-0.2100  kl_loss=0.0000 (disabled)  score=0.942  return=0.850  role_std=4.8885  role_norm=24.1611  enc_delta ego=0.0005 partner=0.0006 road=0.0009
[ROMA step 4,753,981,440] sps=173,139  policy_loss=-0.0005  value_loss=0.1753  mi_loss=0.0013  mi_valid=0.74  div_loss=-0.2051  kl_loss=0.0000 (disabled)  score=0.942  return=0.851  role_std=4.9051  role_norm=23.9442  enc_delta ego=0.0008 partner=0.0005 road=0.0010
[ROMA step 4,754,767,872] sps=173,103  policy_loss=0.0052  value_loss=0.2746  mi_loss=0.0013  mi_valid=0.74  div_loss=-0.2139  kl_loss=0.0000 (disabled)  score=0.942  return=0.850  role_std=5.2002  role_norm=23.6290  enc_delta ego=0.0004 partner=0.0006 road=0.0010
[ROMA step 4,755,554,304] sps=173,068  policy_loss=-0.0083  value_loss=0.2278  mi_loss=0.0014  mi_valid=0.74  div_loss=-0.2197  kl_loss=0.0000 (disabled)  score=0.941  return=0.848  role_std=4.9826  role_norm=24.3090  enc_delta ego=0.0006 partner=0.0007 road=0.0010
[ROMA step 4,756,340,736] sps=172,883  policy_loss=-0.0009  value_loss=0.1710  mi_loss=0.0015  mi_valid=0.73  div_loss=-0.2178  kl_loss=0.0000 (disabled)  score=0.941  return=0.848  role_std=4.9175  role_norm=24.6152  enc_delta ego=0.0005 partner=0.0008 road=0.0014
[ROMA step 4,757,127,168] sps=172,849  policy_loss=0.0014  value_loss=0.1746  mi_loss=0.0014  mi_valid=0.74  div_loss=-0.2178  kl_loss=0.0000 (disabled)  score=0.941  return=0.846  role_std=4.9773  role_norm=24.3756  enc_delta ego=0.0004 partner=0.0007 road=0.0011
[ROMA step 4,757,913,600] sps=172,815  policy_loss=0.0009  value_loss=0.1911  mi_loss=0.0015  mi_valid=0.74  div_loss=-0.2217  kl_loss=0.0000 (disabled)  score=0.941  return=0.845  role_std=5.1917  role_norm=24.2471  enc_delta ego=0.0006 partner=0.0007 road=0.0011
[ROMA step 4,758,700,032] sps=172,607  policy_loss=0.0093  value_loss=0.1785  mi_loss=0.0014  mi_valid=0.71  div_loss=-0.2080  kl_loss=0.0000 (disabled)  score=0.941  return=0.844  role_std=5.2552  role_norm=23.4848  enc_delta ego=0.0004 partner=0.0005 road=0.0007
[ROMA step 4,759,486,464] sps=172,572  policy_loss=0.0049  value_loss=0.1498  mi_loss=0.0014  mi_valid=0.73  div_loss=-0.2051  kl_loss=0.0000 (disabled)  score=0.942  return=0.847  role_std=4.7743  role_norm=24.7785  enc_delta ego=0.0006 partner=0.0008 road=0.0010
[ROMA step 4,760,272,896] sps=172,538  policy_loss=0.0005  value_loss=0.1293  mi_loss=0.0014  mi_valid=0.73  div_loss=-0.2070  kl_loss=0.0000 (disabled)  score=0.942  return=0.852  role_std=5.0170  role_norm=24.7064  enc_delta ego=0.0006 partner=0.0005 road=0.0007
[ROMA step 4,761,059,328] sps=172,505  policy_loss=-0.0005  value_loss=0.0918  mi_loss=0.0014  mi_valid=0.72  div_loss=-0.2061  kl_loss=0.0000 (disabled)  score=0.943  return=0.858  role_std=5.0198  role_norm=24.7276  enc_delta ego=0.0006 partner=0.0006 road=0.0008
[ROMA step 4,761,845,760] sps=172,312  policy_loss=0.0036  value_loss=0.2101  mi_loss=0.0016  mi_valid=0.72  div_loss=-0.2139  kl_loss=0.0000 (disabled)  score=0.943  return=0.857  role_std=5.3109  role_norm=24.3313  enc_delta ego=0.0004 partner=0.0006 road=0.0010
[ROMA step 4,762,632,192] sps=172,276  policy_loss=-0.0025  value_loss=0.1685  mi_loss=0.0015  mi_valid=0.73  div_loss=-0.2002  kl_loss=0.0000 (disabled)  score=0.943  return=0.856  role_std=5.1294  role_norm=24.0969  enc_delta ego=0.0006 partner=0.0005 road=0.0009
[ROMA step 4,763,418,624] sps=172,242  policy_loss=0.0079  value_loss=0.2630  mi_loss=0.0015  mi_valid=0.73  div_loss=-0.2080  kl_loss=0.0000 (disabled)  score=0.944  return=0.855  role_std=5.0664  role_norm=23.7495  enc_delta ego=0.0006 partner=0.0007 road=0.0012
[ROMA step 4,764,205,056] sps=172,055  policy_loss=0.0078  value_loss=0.1854  mi_loss=0.0016  mi_valid=0.73  div_loss=-0.2021  kl_loss=0.0000 (disabled)  score=0.943  return=0.854  role_std=4.7243  role_norm=24.9627  enc_delta ego=0.0005 partner=0.0006 road=0.0011
[ROMA step 4,764,991,488] sps=172,022  policy_loss=-0.0024  value_loss=0.2095  mi_loss=0.0013  mi_valid=0.73  div_loss=-0.2070  kl_loss=0.0000 (disabled)  score=0.944  return=0.855  role_std=4.9943  role_norm=24.6931  enc_delta ego=0.0006 partner=0.0006 road=0.0009
[ROMA step 4,765,777,920] sps=171,989  policy_loss=-0.0041  value_loss=0.1729  mi_loss=0.0013  mi_valid=0.73  div_loss=-0.2070  kl_loss=0.0000 (disabled)  score=0.944  return=0.855  role_std=4.9432  role_norm=24.3750  enc_delta ego=0.0005 partner=0.0007 road=0.0010
[ROMA step 4,766,564,352] sps=171,951  policy_loss=0.0006  value_loss=0.2096  mi_loss=0.0014  mi_valid=0.73  div_loss=-0.2100  kl_loss=0.0000 (disabled)  score=0.944  return=0.857  role_std=5.2592  role_norm=24.2663  enc_delta ego=0.0004 partner=0.0006 road=0.0009
[ROMA step 4,767,350,784] sps=171,751  policy_loss=0.0031  value_loss=0.2691  mi_loss=0.0015  mi_valid=0.72  div_loss=-0.2236  kl_loss=0.0000 (disabled)  score=0.944  return=0.854  role_std=5.3631  role_norm=23.0470  enc_delta ego=0.0007 partner=0.0007 road=0.0011
[ROMA step 4,768,137,216] sps=171,716  policy_loss=-0.0006  value_loss=0.2998  mi_loss=0.0016  mi_valid=0.75  div_loss=-0.2275  kl_loss=0.0000 (disabled)  score=0.944  return=0.853  role_std=5.2648  role_norm=24.3890  enc_delta ego=0.0006 partner=0.0007 road=0.0011
[ROMA step 4,768,923,648] sps=171,678  policy_loss=0.0035  value_loss=0.3354  mi_loss=0.0015  mi_valid=0.74  div_loss=-0.2334  kl_loss=0.0000 (disabled)  score=0.944  return=0.849  role_std=5.2356  role_norm=24.3053  enc_delta ego=0.0005 partner=0.0007 road=0.0011
[ROMA step 4,769,710,080] sps=171,481  policy_loss=-0.0004  value_loss=0.1938  mi_loss=0.0014  mi_valid=0.73  div_loss=-0.2275  kl_loss=0.0000 (disabled)  score=0.944  return=0.848  role_std=5.3161  role_norm=24.9305  enc_delta ego=0.0006 partner=0.0006 road=0.0009
[ROMA step 4,770,496,512] sps=171,448  policy_loss=0.0043  value_loss=0.1284  mi_loss=0.0013  mi_valid=0.73  div_loss=-0.2227  kl_loss=0.0000 (disabled)  score=0.944  return=0.848  role_std=5.5679  role_norm=24.4851  enc_delta ego=0.0005 partner=0.0005 road=0.0010
[ROMA step 4,771,282,944] sps=171,415  policy_loss=-0.0020  value_loss=0.0979  mi_loss=0.0013  mi_valid=0.73  div_loss=-0.2197  kl_loss=0.0000 (disabled)  score=0.944  return=0.848  role_std=5.7040  role_norm=24.1239  enc_delta ego=0.0005 partner=0.0004 road=0.0007
[ROMA step 4,772,069,376] sps=171,382  policy_loss=0.0034  value_loss=0.1732  mi_loss=0.0013  mi_valid=0.73  div_loss=-0.2207  kl_loss=0.0000 (disabled)  score=0.944  return=0.847  role_std=5.5294  role_norm=24.1692  enc_delta ego=0.0004 partner=0.0005 road=0.0006
[ROMA step 4,772,855,808] sps=171,204  policy_loss=-0.0022  value_loss=0.1721  mi_loss=0.0013  mi_valid=0.72  div_loss=-0.2256  kl_loss=0.0000 (disabled)  score=0.944  return=0.846  role_std=5.1942  role_norm=24.7938  enc_delta ego=0.0005 partner=0.0007 road=0.0009
[ROMA step 4,773,642,240] sps=171,171  policy_loss=0.0005  value_loss=0.2253  mi_loss=0.0014  mi_valid=0.73  div_loss=-0.2314  kl_loss=0.0000 (disabled)  score=0.944  return=0.844  role_std=5.4793  role_norm=24.3397  enc_delta ego=0.0006 partner=0.0006 road=0.0010
[ROMA step 4,774,428,672] sps=171,135  policy_loss=0.0044  value_loss=0.1829  mi_loss=0.0013  mi_valid=0.73  div_loss=-0.2314  kl_loss=0.0000 (disabled)  score=0.944  return=0.842  role_std=5.8011  role_norm=24.1028  enc_delta ego=0.0006 partner=0.0006 road=0.0008
[ROMA step 4,775,215,104] sps=170,949  policy_loss=-0.0030  value_loss=0.1961  mi_loss=0.0013  mi_valid=0.71  div_loss=-0.2227  kl_loss=0.0000 (disabled)  score=0.944  return=0.839  role_std=5.9107  role_norm=22.8872  enc_delta ego=0.0005 partner=0.0005 road=0.0009
[ROMA step 4,776,001,536] sps=170,916  policy_loss=-0.0019  value_loss=0.2281  mi_loss=0.0013  mi_valid=0.74  div_loss=-0.2256  kl_loss=0.0000 (disabled)  score=0.944  return=0.838  role_std=5.4802  role_norm=23.5659  enc_delta ego=0.0006 partner=0.0006 road=0.0011
[ROMA step 4,776,787,968] sps=170,883  policy_loss=-0.0035  value_loss=0.2321  mi_loss=0.0013  mi_valid=0.74  div_loss=-0.2285  kl_loss=0.0000 (disabled)  score=0.944  return=0.835  role_std=5.1724  role_norm=24.8583  enc_delta ego=0.0003 partner=0.0006 road=0.0008
[ROMA step 4,777,574,400] sps=170,851  policy_loss=0.0005  value_loss=0.2188  mi_loss=0.0014  mi_valid=0.74  div_loss=-0.2383  kl_loss=0.0000 (disabled)  score=0.944  return=0.835  role_std=5.3905  role_norm=24.5525  enc_delta ego=0.0006 partner=0.0007 road=0.0010
[ROMA step 4,778,360,832] sps=170,626  policy_loss=0.0035  value_loss=0.1622  mi_loss=0.0015  mi_valid=0.72  div_loss=-0.2354  kl_loss=0.0000 (disabled)  score=0.944  return=0.835  role_std=5.4452  role_norm=23.7624  enc_delta ego=0.0005 partner=0.0006 road=0.0010
[ROMA step 4,779,147,264] sps=170,593  policy_loss=-0.0017  value_loss=0.1598  mi_loss=0.0013  mi_valid=0.74  div_loss=-0.2246  kl_loss=0.0000 (disabled)  score=0.944  return=0.835  role_std=5.4511  role_norm=23.3541  enc_delta ego=0.0004 partner=0.0006 road=0.0009
[ROMA step 4,779,933,696] sps=170,560  policy_loss=-0.0043  value_loss=0.1647  mi_loss=0.0015  mi_valid=0.74  div_loss=-0.2285  kl_loss=0.0000 (disabled)  score=0.944  return=0.835  role_std=5.7130  role_norm=23.0565  enc_delta ego=0.0005 partner=0.0005 road=0.0008
[ROMA step 4,780,720,128] sps=170,527  policy_loss=-0.0005  value_loss=0.2685  mi_loss=0.0014  mi_valid=0.75  div_loss=-0.2314  kl_loss=0.0000 (disabled)  score=0.944  return=0.836  role_std=5.2483  role_norm=24.4322  enc_delta ego=0.0006 partner=0.0006 road=0.0009
[ROMA step 4,781,506,560] sps=170,320  policy_loss=-0.0019  value_loss=0.2372  mi_loss=0.0013  mi_valid=0.73  div_loss=-0.2412  kl_loss=0.0000 (disabled)  score=0.944  return=0.832  role_std=5.4997  role_norm=24.5040  enc_delta ego=0.0005 partner=0.0006 road=0.0012
[ROMA step 4,782,292,992] sps=170,288  policy_loss=0.0015  value_loss=0.2249  mi_loss=0.0013  mi_valid=0.74  div_loss=-0.2295  kl_loss=0.0000 (disabled)  score=0.944  return=0.830  role_std=5.6454  role_norm=24.4515  enc_delta ego=0.0006 partner=0.0007 road=0.0012
[ROMA step 4,783,079,424] sps=170,255  policy_loss=-0.0007  value_loss=0.3108  mi_loss=0.0014  mi_valid=0.74  div_loss=-0.2412  kl_loss=0.0000 (disabled)  score=0.944  return=0.826  role_std=5.9144  role_norm=23.9238  enc_delta ego=0.0005 partner=0.0005 road=0.0010
[ROMA step 4,783,865,856] sps=170,068  policy_loss=0.0016  value_loss=0.1879  mi_loss=0.0014  mi_valid=0.72  div_loss=-0.2354  kl_loss=0.0000 (disabled)  score=0.943  return=0.821  role_std=5.9558  role_norm=22.6248  enc_delta ego=0.0004 partner=0.0006 road=0.0009
[ROMA step 4,784,652,288] sps=170,035  policy_loss=-0.0009  value_loss=0.2124  mi_loss=0.0013  mi_valid=0.75  div_loss=-0.2295  kl_loss=0.0000 (disabled)  score=0.943  return=0.822  role_std=5.1291  role_norm=24.4380  enc_delta ego=0.0005 partner=0.0006 road=0.0011
[ROMA step 4,785,438,720] sps=170,003  policy_loss=0.0021  value_loss=0.2042  mi_loss=0.0014  mi_valid=0.75  div_loss=-0.2295  kl_loss=0.0000 (disabled)  score=0.943  return=0.820  role_std=5.1424  role_norm=25.0123  enc_delta ego=0.0006 partner=0.0006 road=0.0008
[ROMA step 4,786,225,152] sps=169,972  policy_loss=-0.0056  value_loss=0.1899  mi_loss=0.0014  mi_valid=0.74  div_loss=-0.2285  kl_loss=0.0000 (disabled)  score=0.943  return=0.822  role_std=5.3706  role_norm=24.6590  enc_delta ego=0.0004 partner=0.0006 road=0.0008
[ROMA step 4,787,011,584] sps=169,773  policy_loss=-0.0005  value_loss=0.2000  mi_loss=0.0013  mi_valid=0.72  div_loss=-0.2266  kl_loss=0.0000 (disabled)  score=0.943  return=0.821  role_std=5.3393  role_norm=24.2426  enc_delta ego=0.0006 partner=0.0007 road=0.0012
[ROMA step 4,787,798,016] sps=169,740  policy_loss=-0.0008  value_loss=0.2382  mi_loss=0.0013  mi_valid=0.74  div_loss=-0.2256  kl_loss=0.0000 (disabled)  score=0.943  return=0.821  role_std=5.7942  role_norm=23.6897  enc_delta ego=0.0005 partner=0.0006 road=0.0009
[ROMA step 4,788,584,448] sps=169,708  policy_loss=0.0032  value_loss=0.1438  mi_loss=0.0013  mi_valid=0.74  div_loss=-0.2188  kl_loss=0.0000 (disabled)  score=0.942  return=0.820  role_std=5.4489  role_norm=23.5284  enc_delta ego=0.0005 partner=0.0005 road=0.0008
[ROMA step 4,789,370,880] sps=169,541  policy_loss=0.0038  value_loss=0.2080  mi_loss=0.0013  mi_valid=0.73  div_loss=-0.2266  kl_loss=0.0000 (disabled)  score=0.942  return=0.820  role_std=5.2432  role_norm=24.7775  enc_delta ego=0.0005 partner=0.0005 road=0.0008
[ROMA step 4,790,157,312] sps=169,508  policy_loss=0.0032  value_loss=0.2064  mi_loss=0.0013  mi_valid=0.74  div_loss=-0.2227  kl_loss=0.0000 (disabled)  score=0.942  return=0.822  role_std=5.4523  role_norm=24.3987  enc_delta ego=0.0005 partner=0.0006 road=0.0010
[ROMA step 4,790,943,744] sps=169,475  policy_loss=-0.0021  value_loss=0.1667  mi_loss=0.0013  mi_valid=0.73  div_loss=-0.2188  kl_loss=0.0000 (disabled)  score=0.942  return=0.825  role_std=5.1905  role_norm=24.1578  enc_delta ego=0.0004 partner=0.0005 road=0.0008
[ROMA step 4,791,730,176] sps=169,442  policy_loss=-0.0046  value_loss=0.2097  mi_loss=0.0013  mi_valid=0.73  div_loss=-0.2217  kl_loss=0.0000 (disabled)  score=0.942  return=0.827  role_std=5.3623  role_norm=23.8804  enc_delta ego=0.0004 partner=0.0005 road=0.0009
[ROMA step 4,792,516,608] sps=169,320  policy_loss=0.0009  value_loss=0.1832  mi_loss=0.0012  mi_valid=0.72  div_loss=-0.2178  kl_loss=0.0000 (disabled)  score=0.942  return=0.826  role_std=5.3640  role_norm=23.4383  enc_delta ego=0.0005 partner=0.0005 road=0.0012
[ROMA step 4,793,303,040] sps=169,288  policy_loss=0.0003  value_loss=0.2480  mi_loss=0.0013  mi_valid=0.74  div_loss=-0.2217  kl_loss=0.0000 (disabled)  score=0.942  return=0.824  role_std=5.0213  role_norm=25.3419  enc_delta ego=0.0006 partner=0.0007 road=0.0009
[ROMA step 4,794,089,472] sps=169,256  policy_loss=-0.0010  value_loss=0.2043  mi_loss=0.0014  mi_valid=0.74  div_loss=-0.2305  kl_loss=0.0000 (disabled)  score=0.941  return=0.822  role_std=5.2829  role_norm=24.8856  enc_delta ego=0.0005 partner=0.0007 road=0.0013
[ROMA step 4,794,875,904] sps=169,151  policy_loss=0.0001  value_loss=0.1734  mi_loss=0.0013  mi_valid=0.73  div_loss=-0.2334  kl_loss=0.0000 (disabled)  score=0.940  return=0.820  role_std=5.8366  role_norm=24.6593  enc_delta ego=0.0004 partner=0.0005 road=0.0009
[ROMA step 4,795,662,336] sps=169,116  policy_loss=0.0005  value_loss=0.1496  mi_loss=0.0014  mi_valid=0.74  div_loss=-0.2295  kl_loss=0.0000 (disabled)  score=0.939  return=0.817  role_std=5.8180  role_norm=24.2132  enc_delta ego=0.0006 partner=0.0006 road=0.0009
[ROMA step 4,796,448,768] sps=169,084  policy_loss=0.0024  value_loss=0.2449  mi_loss=0.0014  mi_valid=0.74  div_loss=-0.2324  kl_loss=0.0000 (disabled)  score=0.939  return=0.815  role_std=5.9808  role_norm=23.6721  enc_delta ego=0.0008 partner=0.0006 road=0.0010
[ROMA step 4,797,235,200] sps=169,050  policy_loss=-0.0036  value_loss=0.2038  mi_loss=0.0014  mi_valid=0.74  div_loss=-0.2334  kl_loss=0.0000 (disabled)  score=0.938  return=0.814  role_std=5.8752  role_norm=23.4789  enc_delta ego=0.0005 partner=0.0007 road=0.0011
[ROMA step 4,798,021,632] sps=168,917  policy_loss=-0.0001  value_loss=0.2327  mi_loss=0.0015  mi_valid=0.73  div_loss=-0.2266  kl_loss=0.0000 (disabled)  score=0.938  return=0.812  role_std=5.3345  role_norm=24.8141  enc_delta ego=0.0006 partner=0.0005 road=0.0009
[ROMA step 4,798,808,064] sps=168,884  policy_loss=0.0026  value_loss=0.1813  mi_loss=0.0015  mi_valid=0.74  div_loss=-0.2197  kl_loss=0.0000 (disabled)  score=0.938  return=0.815  role_std=5.1796  role_norm=25.0259  enc_delta ego=0.0004 partner=0.0005 road=0.0007
[ROMA step 4,799,594,496] sps=168,851  policy_loss=-0.0010  value_loss=0.2292  mi_loss=0.0015  mi_valid=0.74  div_loss=-0.2178  kl_loss=0.0000 (disabled)  score=0.938  return=0.816  role_std=5.5235  role_norm=24.6328  enc_delta ego=0.0007 partner=0.0006 road=0.0008
[ROMA step 4,800,380,928] sps=168,680  policy_loss=0.0013  value_loss=0.2497  mi_loss=0.0016  mi_valid=0.72  div_loss=-0.2256  kl_loss=0.0000 (disabled)  score=0.938  return=0.816  role_std=5.5147  role_norm=23.0573  enc_delta ego=0.0004 partner=0.0005 road=0.0008
[ROMA step 4,801,167,360] sps=168,648  policy_loss=0.0016  value_loss=0.1295  mi_loss=0.0013  mi_valid=0.74  div_loss=-0.2158  kl_loss=0.0000 (disabled)  score=0.938  return=0.819  role_std=5.4565  role_norm=23.7183  enc_delta ego=0.0005 partner=0.0007 road=0.0009
[ROMA step 4,801,953,792] sps=168,615  policy_loss=-0.0082  value_loss=0.1796  mi_loss=0.0014  mi_valid=0.74  div_loss=-0.2197  kl_loss=0.0000 (disabled)  score=0.938  return=0.819  role_std=5.1863  role_norm=25.2294  enc_delta ego=0.0005 partner=0.0006 road=0.0007
[ROMA step 4,802,740,224] sps=168,581  policy_loss=-0.0044  value_loss=0.2216  mi_loss=0.0013  mi_valid=0.73  div_loss=-0.2246  kl_loss=0.0000 (disabled)  score=0.938  return=0.818  role_std=5.1377  role_norm=25.0325  enc_delta ego=0.0005 partner=0.0007 road=0.0009
[ROMA step 4,803,526,656] sps=168,420  policy_loss=-0.0066  value_loss=0.2087  mi_loss=0.0014  mi_valid=0.72  div_loss=-0.2246  kl_loss=0.0000 (disabled)  score=0.939  return=0.819  role_std=5.1387  role_norm=24.7936  enc_delta ego=0.0005 partner=0.0007 road=0.0011
[ROMA step 4,804,313,088] sps=168,387  policy_loss=0.0034  value_loss=0.2559  mi_loss=0.0013  mi_valid=0.73  div_loss=-0.2295  kl_loss=0.0000 (disabled)  score=0.939  return=0.819  role_std=5.6656  role_norm=24.1350  enc_delta ego=0.0005 partner=0.0007 road=0.0011
[ROMA step 4,805,099,520] sps=168,356  policy_loss=-0.0076  value_loss=0.1272  mi_loss=0.0012  mi_valid=0.73  div_loss=-0.2266  kl_loss=0.0000 (disabled)  score=0.939  return=0.821  role_std=5.5843  role_norm=23.5561  enc_delta ego=0.0004 partner=0.0006 road=0.0010
[ROMA step 4,805,885,952] sps=168,324  policy_loss=0.0000  value_loss=0.2764  mi_loss=0.0014  mi_valid=0.74  div_loss=-0.2344  kl_loss=0.0000 (disabled)  score=0.939  return=0.822  role_std=5.2387  role_norm=24.9202  enc_delta ego=0.0004 partner=0.0005 road=0.0011
[ROMA step 4,806,672,384] sps=168,150  policy_loss=-0.0029  value_loss=0.2012  mi_loss=0.0013  mi_valid=0.73  div_loss=-0.2295  kl_loss=0.0000 (disabled)  score=0.938  return=0.821  role_std=5.6250  role_norm=24.7537  enc_delta ego=0.0005 partner=0.0004 road=0.0009
[ROMA step 4,807,458,816] sps=168,117  policy_loss=-0.0001  value_loss=0.1876  mi_loss=0.0013  mi_valid=0.74  div_loss=-0.2256  kl_loss=0.0000 (disabled)  score=0.939  return=0.824  role_std=5.2562  role_norm=24.5118  enc_delta ego=0.0004 partner=0.0005 road=0.0008
[ROMA step 4,808,245,248] sps=168,084  policy_loss=-0.0003  value_loss=0.1752  mi_loss=0.0015  mi_valid=0.74  div_loss=-0.2207  kl_loss=0.0000 (disabled)  score=0.938  return=0.824  role_std=5.4580  role_norm=24.4907  enc_delta ego=0.0005 partner=0.0005 road=0.0009
[ROMA step 4,809,031,680] sps=167,913  policy_loss=0.0010  value_loss=0.2098  mi_loss=0.0013  mi_valid=0.72  div_loss=-0.2109  kl_loss=0.0000 (disabled)  score=0.938  return=0.825  role_std=5.2129  role_norm=23.6065  enc_delta ego=0.0004 partner=0.0005 road=0.0008
[ROMA step 4,809,818,112] sps=167,880  policy_loss=0.0032  value_loss=0.1849  mi_loss=0.0014  mi_valid=0.75  div_loss=-0.2002  kl_loss=0.0000 (disabled)  score=0.939  return=0.826  role_std=4.6203  role_norm=24.9537  enc_delta ego=0.0004 partner=0.0005 road=0.0008
[ROMA step 4,810,604,544] sps=167,849  policy_loss=0.0023  value_loss=0.1789  mi_loss=0.0013  mi_valid=0.74  div_loss=-0.2002  kl_loss=0.0000 (disabled)  score=0.939  return=0.827  role_std=4.6351  role_norm=25.1917  enc_delta ego=0.0004 partner=0.0005 road=0.0008
[ROMA step 4,811,390,976] sps=167,819  policy_loss=0.0029  value_loss=0.2452  mi_loss=0.0014  mi_valid=0.73  div_loss=-0.1973  kl_loss=0.0000 (disabled)  score=0.939  return=0.828  role_std=4.8208  role_norm=24.9867  enc_delta ego=0.0005 partner=0.0005 road=0.0008
[ROMA step 4,812,177,408] sps=167,635  policy_loss=-0.0014  value_loss=0.1956  mi_loss=0.0015  mi_valid=0.72  div_loss=-0.2158  kl_loss=0.0000 (disabled)  score=0.940  return=0.829  role_std=5.0277  role_norm=24.5215  enc_delta ego=0.0004 partner=0.0005 road=0.0008
[ROMA step 4,812,963,840] sps=167,603  policy_loss=-0.0059  value_loss=0.1881  mi_loss=0.0015  mi_valid=0.73  div_loss=-0.2139  kl_loss=0.0000 (disabled)  score=0.941  return=0.828  role_std=5.3241  role_norm=24.2241  enc_delta ego=0.0003 partner=0.0005 road=0.0007
[ROMA step 4,813,750,272] sps=167,572  policy_loss=-0.0013  value_loss=0.1375  mi_loss=0.0013  mi_valid=0.73  div_loss=-0.2148  kl_loss=0.0000 (disabled)  score=0.941  return=0.830  role_std=5.3855  role_norm=24.2693  enc_delta ego=0.0004 partner=0.0004 road=0.0009
[ROMA step 4,814,536,704] sps=167,391  policy_loss=0.0014  value_loss=0.2080  mi_loss=0.0013  mi_valid=0.72  div_loss=-0.2139  kl_loss=0.0000 (disabled)  score=0.942  return=0.831  role_std=4.9088  role_norm=24.8659  enc_delta ego=0.0004 partner=0.0005 road=0.0009
[ROMA step 4,815,323,136] sps=167,361  policy_loss=-0.0040  value_loss=0.1754  mi_loss=0.0015  mi_valid=0.73  div_loss=-0.1992  kl_loss=0.0000 (disabled)  score=0.943  return=0.834  role_std=4.8693  role_norm=25.0379  enc_delta ego=0.0004 partner=0.0006 road=0.0011
[ROMA step 4,816,109,568] sps=167,331  policy_loss=-0.0005  value_loss=0.1636  mi_loss=0.0016  mi_valid=0.73  div_loss=-0.2021  kl_loss=0.0000 (disabled)  score=0.943  return=0.837  role_std=4.8223  role_norm=24.7145  enc_delta ego=0.0005 partner=0.0005 road=0.0011
[ROMA step 4,816,896,000] sps=167,299  policy_loss=0.0062  value_loss=0.1831  mi_loss=0.0016  mi_valid=0.73  div_loss=-0.2051  kl_loss=0.0000 (disabled)  score=0.944  return=0.839  role_std=4.8021  role_norm=24.7080  enc_delta ego=0.0003 partner=0.0004 road=0.0012
[ROMA step 4,817,682,432] sps=167,134  policy_loss=-0.0039  value_loss=0.2364  mi_loss=0.0014  mi_valid=0.71  div_loss=-0.2158  kl_loss=0.0000 (disabled)  score=0.946  return=0.843  role_std=5.6527  role_norm=24.1162  enc_delta ego=0.0004 partner=0.0005 road=0.0009
[ROMA step 4,818,468,864] sps=167,103  policy_loss=-0.0026  value_loss=0.2091  mi_loss=0.0014  mi_valid=0.74  div_loss=-0.2158  kl_loss=0.0000 (disabled)  score=0.946  return=0.843  role_std=4.9391  role_norm=24.8419  enc_delta ego=0.0005 partner=0.0006 road=0.0009
[ROMA step 4,819,255,296] sps=167,072  policy_loss=-0.0007  value_loss=0.1893  mi_loss=0.0013  mi_valid=0.74  div_loss=-0.2178  kl_loss=0.0000 (disabled)  score=0.946  return=0.844  role_std=5.1053  role_norm=24.9447  enc_delta ego=0.0004 partner=0.0006 road=0.0008
[ROMA step 4,820,041,728] sps=166,911  policy_loss=-0.0012  value_loss=0.2643  mi_loss=0.0013  mi_valid=0.73  div_loss=-0.2275  kl_loss=0.0000 (disabled)  score=0.947  return=0.848  role_std=5.3601  role_norm=24.7804  enc_delta ego=0.0004 partner=0.0005 road=0.0007
[ROMA step 4,820,828,160] sps=166,880  policy_loss=-0.0029  value_loss=0.2361  mi_loss=0.0012  mi_valid=0.74  div_loss=-0.2266  kl_loss=0.0000 (disabled)  score=0.948  return=0.849  role_std=5.4641  role_norm=24.1737  enc_delta ego=0.0005 partner=0.0006 road=0.0009
[ROMA step 4,821,614,592] sps=166,849  policy_loss=-0.0046  value_loss=0.2327  mi_loss=0.0013  mi_valid=0.74  div_loss=-0.2334  kl_loss=0.0000 (disabled)  score=0.948  return=0.849  role_std=5.7435  role_norm=23.6901  enc_delta ego=0.0005 partner=0.0006 road=0.0011
[ROMA step 4,822,401,024] sps=166,818  policy_loss=0.0049  value_loss=0.2138  mi_loss=0.0013  mi_valid=0.74  div_loss=-0.2295  kl_loss=0.0000 (disabled)  score=0.948  return=0.849  role_std=5.5990  role_norm=23.4909  enc_delta ego=0.0004 partner=0.0005 road=0.0010
[ROMA step 4,823,187,456] sps=166,609  policy_loss=0.0026  value_loss=0.2206  mi_loss=0.0013  mi_valid=0.73  div_loss=-0.2236  kl_loss=0.0000 (disabled)  score=0.947  return=0.847  role_std=5.2254  role_norm=24.8774  enc_delta ego=0.0005 partner=0.0005 road=0.0011
[ROMA step 4,823,973,888] sps=166,578  policy_loss=-0.0060  value_loss=0.1666  mi_loss=0.0014  mi_valid=0.74  div_loss=-0.2148  kl_loss=0.0000 (disabled)  score=0.946  return=0.845  role_std=4.9116  role_norm=24.6585  enc_delta ego=0.0005 partner=0.0005 road=0.0009
[ROMA step 4,824,760,320] sps=166,548  policy_loss=-0.0021  value_loss=0.2215  mi_loss=0.0014  mi_valid=0.74  div_loss=-0.2129  kl_loss=0.0000 (disabled)  score=0.946  return=0.846  role_std=5.2698  role_norm=24.4040  enc_delta ego=0.0003 partner=0.0004 road=0.0009
[ROMA step 4,825,546,752] sps=166,347  policy_loss=-0.0003  value_loss=0.1673  mi_loss=0.0014  mi_valid=0.72  div_loss=-0.2100  kl_loss=0.0000 (disabled)  score=0.945  return=0.844  role_std=5.7341  role_norm=23.4824  enc_delta ego=0.0003 partner=0.0004 road=0.0007
[ROMA step 4,826,333,184] sps=166,316  policy_loss=0.0003  value_loss=0.1334  mi_loss=0.0013  mi_valid=0.73  div_loss=-0.2100  kl_loss=0.0000 (disabled)  score=0.945  return=0.844  role_std=5.4572  role_norm=24.2422  enc_delta ego=0.0004 partner=0.0004 road=0.0009
[ROMA step 4,827,119,616] sps=166,285  policy_loss=-0.0042  value_loss=0.1367  mi_loss=0.0013  mi_valid=0.73  div_loss=-0.2139  kl_loss=0.0000 (disabled)  score=0.946  return=0.845  role_std=4.7668  role_norm=25.3763  enc_delta ego=0.0004 partner=0.0005 road=0.0009
[ROMA step 4,827,906,048] sps=166,252  policy_loss=0.0041  value_loss=0.2101  mi_loss=0.0013  mi_valid=0.72  div_loss=-0.2188  kl_loss=0.0000 (disabled)  score=0.946  return=0.844  role_std=5.0002  role_norm=25.1803  enc_delta ego=0.0003 partner=0.0003 road=0.0007
[ROMA step 4,828,692,480] sps=166,064  policy_loss=0.0014  value_loss=0.2599  mi_loss=0.0014  mi_valid=0.71  div_loss=-0.2119  kl_loss=0.0000 (disabled)  score=0.947  return=0.847  role_std=4.9980  role_norm=24.8106  enc_delta ego=0.0004 partner=0.0005 road=0.0008
[ROMA step 4,829,478,912] sps=166,032  policy_loss=-0.0025  value_loss=0.1630  mi_loss=0.0015  mi_valid=0.73  div_loss=-0.2041  kl_loss=0.0000 (disabled)  score=0.947  return=0.848  role_std=5.1761  role_norm=24.4134  enc_delta ego=0.0003 partner=0.0004 road=0.0007
[ROMA step 4,830,265,344] sps=166,002  policy_loss=-0.0001  value_loss=0.1666  mi_loss=0.0015  mi_valid=0.73  div_loss=-0.2051  kl_loss=0.0000 (disabled)  score=0.947  return=0.849  role_std=5.0131  role_norm=24.1304  enc_delta ego=0.0004 partner=0.0004 road=0.0008
[ROMA step 4,831,051,776] sps=165,971  policy_loss=0.0028  value_loss=0.2249  mi_loss=0.0014  mi_valid=0.74  div_loss=-0.2080  kl_loss=0.0000 (disabled)  score=0.948  return=0.850  role_std=5.1774  role_norm=24.1378  enc_delta ego=0.0004 partner=0.0004 road=0.0008
[ROMA step 4,831,838,208] sps=165,764  policy_loss=0.0016  value_loss=0.1939  mi_loss=0.0012  mi_valid=0.73  div_loss=-0.2139  kl_loss=0.0000 (disabled)  score=0.947  return=0.849  role_std=5.1556  role_norm=24.9506  enc_delta ego=0.0003 partner=0.0004 road=0.0008
[ROMA step 4,832,624,640] sps=165,734  policy_loss=-0.0030  value_loss=0.1230  mi_loss=0.0012  mi_valid=0.73  div_loss=-0.2109  kl_loss=0.0000 (disabled)  score=0.947  return=0.849  role_std=5.0567  role_norm=24.8657  enc_delta ego=0.0004 partner=0.0004 road=0.0008
[ROMA step 4,833,411,072] sps=165,703  policy_loss=-0.0033  value_loss=0.1048  mi_loss=0.0012  mi_valid=0.74  div_loss=-0.2109  kl_loss=0.0000 (disabled)  score=0.947  return=0.851  role_std=5.1205  role_norm=24.7331  enc_delta ego=0.0003 partner=0.0003 road=0.0006
[ROMA step 4,834,197,504] sps=165,496  policy_loss=0.0005  value_loss=0.1283  mi_loss=0.0013  mi_valid=0.72  div_loss=-0.2119  kl_loss=0.0000 (disabled)  score=0.948  return=0.852  role_std=4.9051  role_norm=23.9525  enc_delta ego=0.0003 partner=0.0003 road=0.0006
[ROMA step 4,834,983,936] sps=165,465  policy_loss=-0.0014  value_loss=0.1690  mi_loss=0.0013  mi_valid=0.74  div_loss=-0.2090  kl_loss=0.0000 (disabled)  score=0.948  return=0.853  role_std=4.9546  role_norm=23.8783  enc_delta ego=0.0004 partner=0.0004 road=0.0009
[ROMA step 4,835,770,368] sps=165,433  policy_loss=0.0016  value_loss=0.1254  mi_loss=0.0015  mi_valid=0.74  div_loss=-0.2080  kl_loss=0.0000 (disabled)  score=0.948  return=0.855  role_std=5.1527  role_norm=24.8842  enc_delta ego=0.0003 partner=0.0004 road=0.0007
[ROMA step 4,836,556,800] sps=165,403  policy_loss=-0.0015  value_loss=0.1390  mi_loss=0.0013  mi_valid=0.73  div_loss=-0.2109  kl_loss=0.0000 (disabled)  score=0.948  return=0.856  role_std=4.9156  role_norm=24.9244  enc_delta ego=0.0003 partner=0.0005 road=0.0006
[ROMA step 4,837,343,232] sps=165,203  policy_loss=0.0018  value_loss=0.1796  mi_loss=0.0014  mi_valid=0.71  div_loss=-0.2236  kl_loss=0.0000 (disabled)  score=0.948  return=0.857  role_std=5.2659  role_norm=24.8742  enc_delta ego=0.0004 partner=0.0004 road=0.0008
[ROMA step 4,838,129,664] sps=165,174  policy_loss=-0.0047  value_loss=0.1446  mi_loss=0.0014  mi_valid=0.73  div_loss=-0.2168  kl_loss=0.0000 (disabled)  score=0.948  return=0.856  role_std=5.6097  role_norm=24.2757  enc_delta ego=0.0004 partner=0.0004 road=0.0009
[ROMA step 4,838,916,096] sps=165,145  policy_loss=0.0025  value_loss=0.2457  mi_loss=0.0014  mi_valid=0.73  div_loss=-0.2217  kl_loss=0.0000 (disabled)  score=0.948  return=0.853  role_std=5.4768  role_norm=24.3738  enc_delta ego=0.0003 partner=0.0004 road=0.0007
[ROMA step 4,839,702,528] sps=164,986  policy_loss=-0.0038  value_loss=0.1692  mi_loss=0.0014  mi_valid=0.72  div_loss=-0.2207  kl_loss=0.0000 (disabled)  score=0.947  return=0.851  role_std=5.4798  role_norm=25.0758  enc_delta ego=0.0003 partner=0.0004 road=0.0007
[ROMA step 4,840,488,960] sps=164,957  policy_loss=0.0023  value_loss=0.2959  mi_loss=0.0014  mi_valid=0.74  div_loss=-0.2217  kl_loss=0.0000 (disabled)  score=0.947  return=0.849  role_std=5.2647  role_norm=24.8678  enc_delta ego=0.0005 partner=0.0006 road=0.0010
[ROMA step 4,841,275,392] sps=164,926  policy_loss=0.0027  value_loss=0.2530  mi_loss=0.0014  mi_valid=0.74  div_loss=-0.2246  kl_loss=0.0000 (disabled)  score=0.946  return=0.847  role_std=5.6149  role_norm=24.8325  enc_delta ego=0.0003 partner=0.0006 road=0.0010
[ROMA step 4,842,061,824] sps=164,897  policy_loss=0.0044  value_loss=0.2283  mi_loss=0.0014  mi_valid=0.74  div_loss=-0.2217  kl_loss=0.0000 (disabled)  score=0.947  return=0.848  role_std=5.4418  role_norm=24.4551  enc_delta ego=0.0004 partner=0.0006 road=0.0008
[ROMA step 4,842,848,256] sps=164,699  policy_loss=-0.0002  value_loss=0.1587  mi_loss=0.0014  mi_valid=0.72  div_loss=-0.2139  kl_loss=0.0000 (disabled)  score=0.946  return=0.848  role_std=5.5160  role_norm=23.7156  enc_delta ego=0.0004 partner=0.0003 road=0.0006
[ROMA step 4,843,634,688] sps=164,669  policy_loss=0.0019  value_loss=0.1821  mi_loss=0.0013  mi_valid=0.75  div_loss=-0.2139  kl_loss=0.0000 (disabled)  score=0.946  return=0.850  role_std=5.2747  role_norm=25.0399  enc_delta ego=0.0003 partner=0.0005 road=0.0008
[ROMA step 4,844,421,120] sps=164,638  policy_loss=-0.0012  value_loss=0.1468  mi_loss=0.0013  mi_valid=0.75  div_loss=-0.2129  kl_loss=0.0000 (disabled)  score=0.946  return=0.849  role_std=5.1355  role_norm=24.7563  enc_delta ego=0.0003 partner=0.0004 road=0.0006
[ROMA step 4,845,207,552] sps=164,450  policy_loss=0.0039  value_loss=0.1034  mi_loss=0.0013  mi_valid=0.73  div_loss=-0.2119  kl_loss=0.0000 (disabled)  score=0.947  return=0.852  role_std=5.3001  role_norm=24.7914  enc_delta ego=0.0004 partner=0.0004 road=0.0007
[ROMA step 4,845,993,984] sps=164,419  policy_loss=-0.0025  value_loss=0.1263  mi_loss=0.0014  mi_valid=0.73  div_loss=-0.2168  kl_loss=0.0000 (disabled)  score=0.947  return=0.854  role_std=5.2359  role_norm=24.3564  enc_delta ego=0.0004 partner=0.0004 road=0.0007
[ROMA step 4,846,780,416] sps=164,390  policy_loss=-0.0040  value_loss=0.1286  mi_loss=0.0014  mi_valid=0.73  div_loss=-0.2139  kl_loss=0.0000 (disabled)  score=0.947  return=0.857  role_std=5.3303  role_norm=24.0486  enc_delta ego=0.0003 partner=0.0005 road=0.0006
[ROMA step 4,847,566,848] sps=164,360  policy_loss=0.0022  value_loss=0.1857  mi_loss=0.0013  mi_valid=0.74  div_loss=-0.2188  kl_loss=0.0000 (disabled)  score=0.948  return=0.859  role_std=5.3813  role_norm=23.7991  enc_delta ego=0.0003 partner=0.0004 road=0.0008
[ROMA step 4,848,353,280] sps=164,180  policy_loss=-0.0011  value_loss=0.2382  mi_loss=0.0014  mi_valid=0.73  div_loss=-0.2188  kl_loss=0.0000 (disabled)  score=0.948  return=0.859  role_std=4.8071  role_norm=25.1705  enc_delta ego=0.0004 partner=0.0004 road=0.0008
[ROMA step 4,849,139,712] sps=164,150  policy_loss=0.0026  value_loss=0.3158  mi_loss=0.0015  mi_valid=0.73  div_loss=-0.2158  kl_loss=0.0000 (disabled)  score=0.948  return=0.858  role_std=5.0739  role_norm=24.7637  enc_delta ego=0.0004 partner=0.0004 road=0.0007
[ROMA step 4,849,926,144] sps=164,121  policy_loss=0.0034  value_loss=0.1623  mi_loss=0.0014  mi_valid=0.74  div_loss=-0.2148  kl_loss=0.0000 (disabled)  score=0.947  return=0.856  role_std=5.1167  role_norm=24.3770  enc_delta ego=0.0003 partner=0.0004 road=0.0007
[ROMA step 4,850,712,576] sps=163,952  policy_loss=0.0060  value_loss=0.2056  mi_loss=0.0014  mi_valid=0.71  div_loss=-0.2100  kl_loss=0.0000 (disabled)  score=0.947  return=0.857  role_std=5.2179  role_norm=23.0511  enc_delta ego=0.0004 partner=0.0005 road=0.0007
[ROMA step 4,851,499,008] sps=163,922  policy_loss=-0.0009  value_loss=0.2029  mi_loss=0.0014  mi_valid=0.74  div_loss=-0.2188  kl_loss=0.0000 (disabled)  score=0.947  return=0.856  role_std=5.1484  role_norm=23.4203  enc_delta ego=0.0003 partner=0.0004 road=0.0006
[ROMA step 4,852,285,440] sps=163,893  policy_loss=0.0040  value_loss=0.1696  mi_loss=0.0014  mi_valid=0.74  div_loss=-0.2207  kl_loss=0.0000 (disabled)  score=0.947  return=0.856  role_std=4.9526  role_norm=24.6992  enc_delta ego=0.0003 partner=0.0005 road=0.0008
[ROMA step 4,853,071,872] sps=163,862  policy_loss=0.0016  value_loss=0.1817  mi_loss=0.0013  mi_valid=0.73  div_loss=-0.2217  kl_loss=0.0000 (disabled)  score=0.947  return=0.858  role_std=5.4679  role_norm=24.6210  enc_delta ego=0.0004 partner=0.0005 road=0.0006
[ROMA step 4,853,858,304] sps=163,678  policy_loss=-0.0040  value_loss=0.1541  mi_loss=0.0016  mi_valid=0.72  div_loss=-0.2217  kl_loss=0.0000 (disabled)  score=0.947  return=0.858  role_std=5.3926  role_norm=24.4749  enc_delta ego=0.0004 partner=0.0004 road=0.0006
[ROMA step 4,854,644,736] sps=163,648  policy_loss=-0.0023  value_loss=0.1861  mi_loss=0.0015  mi_valid=0.73  div_loss=-0.2158  kl_loss=0.0000 (disabled)  score=0.947  return=0.857  role_std=5.2971  role_norm=24.3441  enc_delta ego=0.0004 partner=0.0004 road=0.0007
[ROMA step 4,855,431,168] sps=163,619  policy_loss=-0.0046  value_loss=0.1913  mi_loss=0.0015  mi_valid=0.73  div_loss=-0.2158  kl_loss=0.0000 (disabled)  score=0.948  return=0.857  role_std=5.3393  role_norm=24.0728  enc_delta ego=0.0003 partner=0.0004 road=0.0007
[ROMA step 4,856,217,600] sps=163,591  policy_loss=-0.0004  value_loss=0.1993  mi_loss=0.0016  mi_valid=0.73  div_loss=-0.2109  kl_loss=0.0000 (disabled)  score=0.948  return=0.856  role_std=5.4722  role_norm=23.7425  enc_delta ego=0.0003 partner=0.0004 road=0.0006
[ROMA step 4,857,004,032] sps=163,420  policy_loss=-0.0003  value_loss=0.2642  mi_loss=0.0013  mi_valid=0.72  div_loss=-0.2314  kl_loss=0.0000 (disabled)  score=0.948  return=0.854  role_std=5.3919  role_norm=25.0734  enc_delta ego=0.0004 partner=0.0005 road=0.0008
[ROMA step 4,857,790,464] sps=163,392  policy_loss=0.0050  value_loss=0.1925  mi_loss=0.0013  mi_valid=0.73  div_loss=-0.2256  kl_loss=0.0000 (disabled)  score=0.948  return=0.853  role_std=5.5758  role_norm=24.9390  enc_delta ego=0.0003 partner=0.0004 road=0.0006
[ROMA step 4,858,576,896] sps=163,365  policy_loss=0.0021  value_loss=0.2673  mi_loss=0.0014  mi_valid=0.73  div_loss=-0.2334  kl_loss=0.0000 (disabled)  score=0.948  return=0.852  role_std=5.6002  role_norm=24.7071  enc_delta ego=0.0003 partner=0.0004 road=0.0005
[ROMA step 4,859,363,328] sps=163,196  policy_loss=0.0054  value_loss=0.2409  mi_loss=0.0013  mi_valid=0.72  div_loss=-0.2285  kl_loss=0.0000 (disabled)  score=0.947  return=0.847  role_std=5.5173  role_norm=23.8530  enc_delta ego=0.0003 partner=0.0003 road=0.0008
[ROMA step 4,860,149,760] sps=163,168  policy_loss=0.0004  value_loss=0.1989  mi_loss=0.0013  mi_valid=0.74  div_loss=-0.2207  kl_loss=0.0000 (disabled)  score=0.947  return=0.848  role_std=5.5857  role_norm=23.8105  enc_delta ego=0.0003 partner=0.0004 road=0.0005
[ROMA step 4,860,936,192] sps=163,136  policy_loss=0.0052  value_loss=0.1622  mi_loss=0.0013  mi_valid=0.74  div_loss=-0.2188  kl_loss=0.0000 (disabled)  score=0.947  return=0.849  role_std=5.2181  role_norm=24.9335  enc_delta ego=0.0003 partner=0.0004 road=0.0008
[ROMA step 4,861,722,624] sps=163,108  policy_loss=0.0006  value_loss=0.1978  mi_loss=0.0013  mi_valid=0.74  div_loss=-0.2207  kl_loss=0.0000 (disabled)  score=0.946  return=0.849  role_std=5.3565  role_norm=25.1614  enc_delta ego=0.0003 partner=0.0003 road=0.0007
[ROMA step 4,862,509,056] sps=162,945  policy_loss=0.0089  value_loss=0.2217  mi_loss=0.0014  mi_valid=0.72  div_loss=-0.2207  kl_loss=0.0000 (disabled)  score=0.946  return=0.850  role_std=5.5690  role_norm=24.6010  enc_delta ego=0.0005 partner=0.0005 road=0.0007
[ROMA step 4,863,295,488] sps=162,918  policy_loss=0.0105  value_loss=0.2839  mi_loss=0.0013  mi_valid=0.74  div_loss=-0.2246  kl_loss=0.0000 (disabled)  score=0.946  return=0.850  role_std=5.4435  role_norm=24.2244  enc_delta ego=0.0003 partner=0.0005 road=0.0006
[ROMA step 4,864,081,920] sps=162,890  policy_loss=-0.0058  value_loss=0.2005  mi_loss=0.0013  mi_valid=0.74  div_loss=-0.2207  kl_loss=0.0000 (disabled)  score=0.946  return=0.850  role_std=5.3890  role_norm=23.9815  enc_delta ego=0.0003 partner=0.0004 road=0.0007
[ROMA step 4,864,868,352] sps=162,732  policy_loss=-0.0020  value_loss=0.2267  mi_loss=0.0013  mi_valid=0.73  div_loss=-0.2227  kl_loss=0.0000 (disabled)  score=0.946  return=0.848  role_std=5.1697  role_norm=24.8907  enc_delta ego=0.0004 partner=0.0004 road=0.0007
[ROMA step 4,865,654,784] sps=162,703  policy_loss=0.0001  value_loss=0.2199  mi_loss=0.0014  mi_valid=0.74  div_loss=-0.2207  kl_loss=0.0000 (disabled)  score=0.946  return=0.849  role_std=5.2510  role_norm=24.6769  enc_delta ego=0.0003 partner=0.0004 road=0.0006
[ROMA step 4,866,441,216] sps=162,674  policy_loss=0.0055  value_loss=0.1817  mi_loss=0.0012  mi_valid=0.74  div_loss=-0.2148  kl_loss=0.0000 (disabled)  score=0.946  return=0.849  role_std=5.3001  role_norm=24.4039  enc_delta ego=0.0003 partner=0.0004 road=0.0006
[ROMA step 4,867,227,648] sps=162,644  policy_loss=0.0105  value_loss=0.3089  mi_loss=0.0013  mi_valid=0.74  div_loss=-0.2217  kl_loss=0.0000 (disabled)  score=0.946  return=0.845  role_std=5.1713  role_norm=24.3687  enc_delta ego=0.0003 partner=0.0004 road=0.0008
[ROMA step 4,868,014,080] sps=162,467  policy_loss=-0.0030  value_loss=0.1527  mi_loss=0.0014  mi_valid=0.72  div_loss=-0.2139  kl_loss=0.0000 (disabled)  score=0.945  return=0.844  role_std=5.2972  role_norm=23.6963  enc_delta ego=0.0003 partner=0.0004 road=0.0006
[ROMA step 4,868,800,512] sps=162,439  policy_loss=0.0036  value_loss=0.1525  mi_loss=0.0014  mi_valid=0.74  div_loss=-0.2090  kl_loss=0.0000 (disabled)  score=0.945  return=0.843  role_std=5.1355  role_norm=24.7598  enc_delta ego=0.0004 partner=0.0004 road=0.0006
[ROMA step 4,869,586,944] sps=162,410  policy_loss=0.0004  value_loss=0.1872  mi_loss=0.0015  mi_valid=0.74  div_loss=-0.2070  kl_loss=0.0000 (disabled)  score=0.945  return=0.842  role_std=5.0757  role_norm=24.9787  enc_delta ego=0.0004 partner=0.0004 road=0.0006
[ROMA step 4,870,373,376] sps=162,250  policy_loss=-0.0056  value_loss=0.2358  mi_loss=0.0014  mi_valid=0.72  div_loss=-0.2139  kl_loss=0.0000 (disabled)  score=0.945  return=0.842  role_std=5.0637  role_norm=25.7312  enc_delta ego=0.0004 partner=0.0004 road=0.0006
[ROMA step 4,871,159,808] sps=162,222  policy_loss=0.0035  value_loss=0.2619  mi_loss=0.0013  mi_valid=0.72  div_loss=-0.2129  kl_loss=0.0000 (disabled)  score=0.945  return=0.842  role_std=4.9463  role_norm=24.7151  enc_delta ego=0.0002 partner=0.0004 road=0.0007
[ROMA step 4,871,946,240] sps=162,194  policy_loss=0.0015  value_loss=0.1901  mi_loss=0.0012  mi_valid=0.73  div_loss=-0.2090  kl_loss=0.0000 (disabled)  score=0.945  return=0.845  role_std=5.3028  role_norm=24.3367  enc_delta ego=0.0003 partner=0.0004 road=0.0005
[ROMA step 4,872,732,672] sps=162,165  policy_loss=0.0058  value_loss=0.1232  mi_loss=0.0013  mi_valid=0.73  div_loss=-0.2119  kl_loss=0.0000 (disabled)  score=0.946  return=0.847  role_std=5.3974  role_norm=23.9539  enc_delta ego=0.0003 partner=0.0003 road=0.0005
[ROMA step 4,873,519,104] sps=161,952  policy_loss=0.0044  value_loss=0.1719  mi_loss=0.0013  mi_valid=0.73  div_loss=-0.2129  kl_loss=0.0000 (disabled)  score=0.945  return=0.847  role_std=5.0331  role_norm=25.0155  enc_delta ego=0.0003 partner=0.0004 road=0.0006
[ROMA step 4,874,305,536] sps=161,923  policy_loss=0.0043  value_loss=0.2260  mi_loss=0.0013  mi_valid=0.74  div_loss=-0.2090  kl_loss=0.0000 (disabled)  score=0.945  return=0.846  role_std=5.0542  role_norm=24.9062  enc_delta ego=0.0003 partner=0.0005 road=0.0006
[ROMA step 4,875,091,968] sps=161,896  policy_loss=-0.0031  value_loss=0.1314  mi_loss=0.0013  mi_valid=0.74  div_loss=-0.2090  kl_loss=0.0000 (disabled)  score=0.945  return=0.845  role_std=5.1066  role_norm=24.6175  enc_delta ego=0.0003 partner=0.0004 road=0.0006
[ROMA step 4,875,878,400] sps=161,734  policy_loss=-0.0008  value_loss=0.2009  mi_loss=0.0013  mi_valid=0.72  div_loss=-0.2129  kl_loss=0.0000 (disabled)  score=0.944  return=0.845  role_std=5.1225  role_norm=23.5000  enc_delta ego=0.0002 partner=0.0004 road=0.0006
[ROMA step 4,876,664,832] sps=161,704  policy_loss=0.0007  value_loss=0.1340  mi_loss=0.0012  mi_valid=0.73  div_loss=-0.1982  kl_loss=0.0000 (disabled)  score=0.944  return=0.846  role_std=5.2365  role_norm=23.9699  enc_delta ego=0.0003 partner=0.0003 road=0.0005
[ROMA step 4,877,451,264] sps=161,677  policy_loss=-0.0012  value_loss=0.1050  mi_loss=0.0013  mi_valid=0.74  div_loss=-0.1982  kl_loss=0.0000 (disabled)  score=0.944  return=0.847  role_std=4.6934  role_norm=25.2298  enc_delta ego=0.0003 partner=0.0003 road=0.0005
[ROMA step 4,878,237,696] sps=161,649  policy_loss=-0.0007  value_loss=0.1479  mi_loss=0.0013  mi_valid=0.73  div_loss=-0.2012  kl_loss=0.0000 (disabled)  score=0.944  return=0.849  role_std=4.7574  role_norm=25.1300  enc_delta ego=0.0002 partner=0.0003 road=0.0005
[ROMA step 4,879,024,128] sps=161,484  policy_loss=-0.0023  value_loss=0.1930  mi_loss=0.0013  mi_valid=0.72  div_loss=-0.2119  kl_loss=0.0000 (disabled)  score=0.944  return=0.849  role_std=5.2712  role_norm=24.8513  enc_delta ego=0.0003 partner=0.0004 road=0.0006
[ROMA step 4,879,810,560] sps=161,457  policy_loss=0.0010  value_loss=0.2513  mi_loss=0.0013  mi_valid=0.74  div_loss=-0.2148  kl_loss=0.0000 (disabled)  score=0.944  return=0.850  role_std=5.1990  role_norm=24.6849  enc_delta ego=0.0002 partner=0.0003 road=0.0006
[ROMA step 4,880,596,992] sps=161,430  policy_loss=-0.0054  value_loss=0.1992  mi_loss=0.0014  mi_valid=0.73  div_loss=-0.2158  kl_loss=0.0000 (disabled)  score=0.944  return=0.849  role_std=5.2307  role_norm=24.1416  enc_delta ego=0.0003 partner=0.0004 road=0.0005
[ROMA step 4,881,383,424] sps=161,403  policy_loss=-0.0025  value_loss=0.1768  mi_loss=0.0013  mi_valid=0.74  div_loss=-0.2217  kl_loss=0.0000 (disabled)  score=0.944  return=0.850  role_std=5.3641  role_norm=23.7271  enc_delta ego=0.0003 partner=0.0004 road=0.0005
[ROMA step 4,882,169,856] sps=161,234  policy_loss=-0.0033  value_loss=0.1423  mi_loss=0.0016  mi_valid=0.74  div_loss=-0.2109  kl_loss=0.0000 (disabled)  score=0.944  return=0.850  role_std=4.9100  role_norm=25.1543  enc_delta ego=0.0003 partner=0.0004 road=0.0006
[ROMA step 4,882,956,288] sps=161,205  policy_loss=0.0032  value_loss=0.1352  mi_loss=0.0016  mi_valid=0.73  div_loss=-0.2080  kl_loss=0.0000 (disabled)  score=0.944  return=0.851  role_std=4.9671  role_norm=25.1339  enc_delta ego=0.0003 partner=0.0004 road=0.0006
[ROMA step 4,883,742,720] sps=161,176  policy_loss=0.0038  value_loss=0.1425  mi_loss=0.0017  mi_valid=0.73  div_loss=-0.2061  kl_loss=0.0000 (disabled)  score=0.944  return=0.852  role_std=4.9253  role_norm=24.8365  enc_delta ego=0.0003 partner=0.0003 road=0.0006
[ROMA step 4,884,529,152] sps=160,998  policy_loss=-0.0015  value_loss=0.1964  mi_loss=0.0014  mi_valid=0.71  div_loss=-0.2178  kl_loss=0.0000 (disabled)  score=0.944  return=0.853  role_std=5.2598  role_norm=24.1884  enc_delta ego=0.0004 partner=0.0003 road=0.0007
[ROMA step 4,885,315,584] sps=160,971  policy_loss=0.0001  value_loss=0.1475  mi_loss=0.0012  mi_valid=0.73  div_loss=-0.2119  kl_loss=0.0000 (disabled)  score=0.945  return=0.856  role_std=5.7210  role_norm=24.1428  enc_delta ego=0.0002 partner=0.0003 road=0.0005
[ROMA step 4,886,102,016] sps=160,942  policy_loss=0.0013  value_loss=0.1508  mi_loss=0.0014  mi_valid=0.74  div_loss=-0.2109  kl_loss=0.0000 (disabled)  score=0.946  return=0.857  role_std=4.8597  role_norm=25.0919  enc_delta ego=0.0003 partner=0.0003 road=0.0005
[ROMA step 4,886,888,448] sps=160,915  policy_loss=-0.0007  value_loss=0.1063  mi_loss=0.0013  mi_valid=0.73  div_loss=-0.2080  kl_loss=0.0000 (disabled)  score=0.946  return=0.860  role_std=4.9106  role_norm=24.9682  enc_delta ego=0.0002 partner=0.0003 road=0.0005
[ROMA step 4,887,674,880] sps=160,754  policy_loss=-0.0041  value_loss=0.2607  mi_loss=0.0014  mi_valid=0.71  div_loss=-0.2178  kl_loss=0.0000 (disabled)  score=0.947  return=0.866  role_std=5.4234  role_norm=24.7376  enc_delta ego=0.0004 partner=0.0004 road=0.0006
[ROMA step 4,888,461,312] sps=160,725  policy_loss=0.0046  value_loss=0.2436  mi_loss=0.0014  mi_valid=0.72  div_loss=-0.2178  kl_loss=0.0000 (disabled)  score=0.948  return=0.865  role_std=5.5252  role_norm=24.4103  enc_delta ego=0.0003 partner=0.0004 road=0.0005
[ROMA step 4,889,247,744] sps=160,696  policy_loss=0.0027  value_loss=0.2239  mi_loss=0.0014  mi_valid=0.73  div_loss=-0.2236  kl_loss=0.0000 (disabled)  score=0.948  return=0.864  role_std=5.2222  role_norm=24.4514  enc_delta ego=0.0004 partner=0.0005 road=0.0005
[ROMA step 4,890,034,176] sps=160,540  policy_loss=-0.0014  value_loss=0.1819  mi_loss=0.0015  mi_valid=0.72  div_loss=-0.2178  kl_loss=0.0000 (disabled)  score=0.949  return=0.866  role_std=4.9239  role_norm=24.8210  enc_delta ego=0.0003 partner=0.0004 road=0.0005
[ROMA step 4,890,820,608] sps=160,509  policy_loss=0.0007  value_loss=0.1433  mi_loss=0.0014  mi_valid=0.73  div_loss=-0.2041  kl_loss=0.0000 (disabled)  score=0.949  return=0.868  role_std=4.9290  role_norm=24.9553  enc_delta ego=0.0004 partner=0.0003 road=0.0005
[ROMA step 4,891,607,040] sps=160,481  policy_loss=-0.0033  value_loss=0.1412  mi_loss=0.0014  mi_valid=0.73  div_loss=-0.2041  kl_loss=0.0000 (disabled)  score=0.950  return=0.870  role_std=4.8488  role_norm=24.9215  enc_delta ego=0.0003 partner=0.0003 road=0.0005
[ROMA step 4,892,393,472] sps=160,454  policy_loss=0.0066  value_loss=0.2149  mi_loss=0.0015  mi_valid=0.73  div_loss=-0.2070  kl_loss=0.0000 (disabled)  score=0.951  return=0.872  role_std=5.1478  role_norm=24.7800  enc_delta ego=0.0002 partner=0.0003 road=0.0005
[ROMA step 4,893,179,904] sps=160,294  policy_loss=-0.0101  value_loss=0.1879  mi_loss=0.0016  mi_valid=0.72  div_loss=-0.2158  kl_loss=0.0000 (disabled)  score=0.950  return=0.872  role_std=5.6495  role_norm=23.9507  enc_delta ego=0.0003 partner=0.0003 road=0.0006
[ROMA step 4,893,966,336] sps=160,267  policy_loss=0.0040  value_loss=0.2119  mi_loss=0.0015  mi_valid=0.74  div_loss=-0.2207  kl_loss=0.0000 (disabled)  score=0.950  return=0.870  role_std=5.3170  role_norm=23.6622  enc_delta ego=0.0002 partner=0.0004 road=0.0006
[ROMA step 4,894,752,768] sps=160,239  policy_loss=0.0033  value_loss=0.1452  mi_loss=0.0015  mi_valid=0.74  div_loss=-0.2090  kl_loss=0.0000 (disabled)  score=0.951  return=0.871  role_std=4.9267  role_norm=24.9798  enc_delta ego=0.0003 partner=0.0004 road=0.0005
[ROMA step 4,895,539,200] sps=160,009  policy_loss=-0.0021  value_loss=0.1777  mi_loss=0.0014  mi_valid=0.72  div_loss=-0.2158  kl_loss=0.0000 (disabled)  score=0.951  return=0.870  role_std=5.2747  role_norm=25.7644  enc_delta ego=0.0002 partner=0.0003 road=0.0005
[ROMA step 4,896,325,632] sps=159,982  policy_loss=-0.0023  value_loss=0.1480  mi_loss=0.0012  mi_valid=0.72  div_loss=-0.2148  kl_loss=0.0000 (disabled)  score=0.951  return=0.871  role_std=5.5508  role_norm=25.0307  enc_delta ego=0.0002 partner=0.0003 road=0.0005
[ROMA step 4,897,112,064] sps=159,954  policy_loss=-0.0001  value_loss=0.1311  mi_loss=0.0012  mi_valid=0.72  div_loss=-0.2129  kl_loss=0.0000 (disabled)  score=0.952  return=0.874  role_std=5.3264  role_norm=24.8024  enc_delta ego=0.0001 partner=0.0003 road=0.0004
[ROMA step 4,897,898,496] sps=159,927  policy_loss=-0.0060  value_loss=0.1004  mi_loss=0.0013  mi_valid=0.72  div_loss=-0.2100  kl_loss=0.0000 (disabled)  score=0.952  return=0.876  role_std=5.3910  role_norm=24.5280  enc_delta ego=0.0002 partner=0.0003 road=0.0004
[ROMA step 4,898,684,928] sps=159,748  policy_loss=0.0037  value_loss=0.1535  mi_loss=0.0013  mi_valid=0.72  div_loss=-0.2080  kl_loss=0.0000 (disabled)  score=0.952  return=0.877  role_std=4.9155  role_norm=25.0281  enc_delta ego=0.0002 partner=0.0003 road=0.0005
[ROMA step 4,899,471,360] sps=159,721  policy_loss=-0.0020  value_loss=0.1637  mi_loss=0.0014  mi_valid=0.73  div_loss=-0.2021  kl_loss=0.0000 (disabled)  score=0.953  return=0.876  role_std=5.0371  role_norm=25.0652  enc_delta ego=0.0003 partner=0.0003 road=0.0007
[ROMA step 4,900,257,792] sps=159,691  policy_loss=-0.0021  value_loss=0.1417  mi_loss=0.0014  mi_valid=0.73  div_loss=-0.2041  kl_loss=0.0000 (disabled)  score=0.953  return=0.876  role_std=4.9013  role_norm=24.9867  enc_delta ego=0.0003 partner=0.0003 road=0.0007
[ROMA step 4,901,044,224] sps=159,504  policy_loss=0.0051  value_loss=0.1949  mi_loss=0.0014  mi_valid=0.71  div_loss=-0.2070  kl_loss=0.0000 (disabled)  score=0.954  return=0.876  role_std=4.8564  role_norm=23.8935  enc_delta ego=0.0003 partner=0.0003 road=0.0005
[ROMA step 4,901,830,656] sps=159,478  policy_loss=0.0090  value_loss=0.1757  mi_loss=0.0015  mi_valid=0.73  div_loss=-0.2002  kl_loss=0.0000 (disabled)  score=0.954  return=0.878  role_std=5.0619  role_norm=24.4279  enc_delta ego=0.0002 partner=0.0003 road=0.0005
[ROMA step 4,902,617,088] sps=159,450  policy_loss=-0.0029  value_loss=0.1325  mi_loss=0.0015  mi_valid=0.74  div_loss=-0.1953  kl_loss=0.0000 (disabled)  score=0.954  return=0.881  role_std=4.8552  role_norm=25.0578  enc_delta ego=0.0002 partner=0.0003 road=0.0004
[ROMA step 4,903,403,520] sps=159,424  policy_loss=0.0010  value_loss=0.1297  mi_loss=0.0015  mi_valid=0.73  div_loss=-0.1963  kl_loss=0.0000 (disabled)  score=0.954  return=0.883  role_std=4.7155  role_norm=25.1639  enc_delta ego=0.0002 partner=0.0003 road=0.0005
[ROMA step 4,904,189,952] sps=159,257  policy_loss=-0.0031  value_loss=0.1906  mi_loss=0.0015  mi_valid=0.71  div_loss=-0.2012  kl_loss=0.0000 (disabled)  score=0.954  return=0.882  role_std=5.0229  role_norm=25.1568  enc_delta ego=0.0002 partner=0.0003 road=0.0004
[ROMA step 4,904,976,384] sps=159,231  policy_loss=0.0016  value_loss=0.2546  mi_loss=0.0015  mi_valid=0.73  div_loss=-0.2070  kl_loss=0.0000 (disabled)  score=0.955  return=0.881  role_std=5.0289  role_norm=24.7303  enc_delta ego=0.0003 partner=0.0003 road=0.0005
[ROMA step 4,905,762,816] sps=159,203  policy_loss=-0.0037  value_loss=0.1891  mi_loss=0.0015  mi_valid=0.73  div_loss=-0.2031  kl_loss=0.0000 (disabled)  score=0.955  return=0.881  role_std=5.0824  role_norm=24.3695  enc_delta ego=0.0004 partner=0.0003 road=0.0007
[ROMA step 4,906,549,248] sps=159,178  policy_loss=-0.0015  value_loss=0.2262  mi_loss=0.0015  mi_valid=0.73  div_loss=-0.2041  kl_loss=0.0000 (disabled)  score=0.955  return=0.878  role_std=4.8896  role_norm=24.4442  enc_delta ego=0.0003 partner=0.0003 road=0.0004
[ROMA step 4,907,335,680] sps=159,002  policy_loss=0.0024  value_loss=0.2419  mi_loss=0.0014  mi_valid=0.74  div_loss=-0.2236  kl_loss=0.0000 (disabled)  score=0.955  return=0.879  role_std=5.0591  role_norm=25.2290  enc_delta ego=0.0003 partner=0.0003 road=0.0005
[ROMA step 4,908,122,112] sps=158,976  policy_loss=0.0020  value_loss=0.1598  mi_loss=0.0015  mi_valid=0.73  div_loss=-0.2207  kl_loss=0.0000 (disabled)  score=0.955  return=0.878  role_std=5.2294  role_norm=24.9324  enc_delta ego=0.0003 partner=0.0003 road=0.0005
[ROMA step 4,908,908,544] sps=158,950  policy_loss=-0.0045  value_loss=0.2807  mi_loss=0.0015  mi_valid=0.73  div_loss=-0.2275  kl_loss=0.0000 (disabled)  score=0.954  return=0.875  role_std=5.8845  role_norm=24.7244  enc_delta ego=0.0004 partner=0.0003 road=0.0005
[ROMA step 4,909,694,976] sps=158,758  policy_loss=0.0025  value_loss=0.2825  mi_loss=0.0016  mi_valid=0.72  div_loss=-0.2246  kl_loss=0.0000 (disabled)  score=0.954  return=0.873  role_std=5.6941  role_norm=24.2785  enc_delta ego=0.0003 partner=0.0003 road=0.0005
[ROMA step 4,910,481,408] sps=158,732  policy_loss=-0.0006  value_loss=0.2481  mi_loss=0.0015  mi_valid=0.74  div_loss=-0.2217  kl_loss=0.0000 (disabled)  score=0.954  return=0.873  role_std=5.2028  role_norm=23.8714  enc_delta ego=0.0003 partner=0.0003 road=0.0005
[ROMA step 4,911,267,840] sps=158,705  policy_loss=-0.0074  value_loss=0.1828  mi_loss=0.0014  mi_valid=0.74  div_loss=-0.2168  kl_loss=0.0000 (disabled)  score=0.954  return=0.873  role_std=4.9957  role_norm=24.8333  enc_delta ego=0.0002 partner=0.0003 road=0.0005
[ROMA step 4,912,054,272] sps=158,679  policy_loss=-0.0021  value_loss=0.3027  mi_loss=0.0014  mi_valid=0.74  div_loss=-0.2207  kl_loss=0.0000 (disabled)  score=0.953  return=0.870  role_std=5.1325  role_norm=24.7792  enc_delta ego=0.0002 partner=0.0003 road=0.0005
[ROMA step 4,912,840,704] sps=158,463  policy_loss=0.0083  value_loss=0.2498  mi_loss=0.0015  mi_valid=0.71  div_loss=-0.2275  kl_loss=0.0000 (disabled)  score=0.954  return=0.870  role_std=5.8556  role_norm=24.9924  enc_delta ego=0.0003 partner=0.0004 road=0.0007
[ROMA step 4,913,627,136] sps=158,438  policy_loss=0.0018  value_loss=0.2525  mi_loss=0.0015  mi_valid=0.73  div_loss=-0.2266  kl_loss=0.0000 (disabled)  score=0.953  return=0.866  role_std=5.8294  role_norm=24.9109  enc_delta ego=0.0002 partner=0.0003 road=0.0003
[ROMA step 4,914,413,568] sps=158,412  policy_loss=-0.0059  value_loss=0.1832  mi_loss=0.0015  mi_valid=0.73  div_loss=-0.2178  kl_loss=0.0000 (disabled)  score=0.953  return=0.865  role_std=5.7247  role_norm=24.5059  enc_delta ego=0.0002 partner=0.0003 road=0.0004
[ROMA step 4,915,200,000] sps=158,255  policy_loss=-0.0017  value_loss=0.1870  mi_loss=0.0015  mi_valid=0.72  div_loss=-0.2158  kl_loss=0.0000 (disabled)  score=0.952  return=0.862  role_std=5.0642  role_norm=24.9829  enc_delta ego=0.0003 partner=0.0003 road=0.0006
[ROMA step 4,915,986,432] sps=158,228  policy_loss=-0.0001  value_loss=0.1381  mi_loss=0.0013  mi_valid=0.73  div_loss=-0.2158  kl_loss=0.0000 (disabled)  score=0.953  return=0.865  role_std=5.1413  role_norm=24.9621  enc_delta ego=0.0002 partner=0.0002 road=0.0004
[ROMA step 4,916,772,864] sps=158,202  policy_loss=0.0015  value_loss=0.1419  mi_loss=0.0012  mi_valid=0.73  div_loss=-0.2158  kl_loss=0.0000 (disabled)  score=0.953  return=0.866  role_std=5.1703  role_norm=24.6947  enc_delta ego=0.0002 partner=0.0002 road=0.0005
[ROMA step 4,917,559,296] sps=158,176  policy_loss=0.0054  value_loss=0.1389  mi_loss=0.0013  mi_valid=0.73  div_loss=-0.2109  kl_loss=0.0000 (disabled)  score=0.953  return=0.866  role_std=5.2618  role_norm=24.7135  enc_delta ego=0.0002 partner=0.0003 road=0.0004
[ROMA step 4,918,345,728] sps=158,018  policy_loss=-0.0060  value_loss=0.1432  mi_loss=0.0014  mi_valid=0.71  div_loss=-0.2119  kl_loss=0.0000 (disabled)  score=0.953  return=0.868  role_std=5.4128  role_norm=24.6519  enc_delta ego=0.0001 partner=0.0002 road=0.0003
[ROMA step 4,919,132,160] sps=157,992  policy_loss=0.0023  value_loss=0.2086  mi_loss=0.0014  mi_valid=0.72  div_loss=-0.2100  kl_loss=0.0000 (disabled)  score=0.953  return=0.866  role_std=5.4144  role_norm=24.7179  enc_delta ego=0.0003 partner=0.0002 road=0.0003
[ROMA step 4,919,918,592] sps=157,967  policy_loss=0.0032  value_loss=0.1894  mi_loss=0.0015  mi_valid=0.73  div_loss=-0.2129  kl_loss=0.0000 (disabled)  score=0.953  return=0.865  role_std=5.1960  role_norm=25.4405  enc_delta ego=0.0002 partner=0.0002 road=0.0004
[ROMA step 4,920,705,024] sps=157,796  policy_loss=0.0002  value_loss=0.3104  mi_loss=0.0014  mi_valid=0.71  div_loss=-0.2295  kl_loss=0.0000 (disabled)  score=0.953  return=0.863  role_std=5.7874  role_norm=25.3961  enc_delta ego=0.0002 partner=0.0003 road=0.0004
[ROMA step 4,921,491,456] sps=157,769  policy_loss=0.0006  value_loss=0.3122  mi_loss=0.0016  mi_valid=0.72  div_loss=-0.2314  kl_loss=0.0000 (disabled)  score=0.952  return=0.862  role_std=5.6325  role_norm=24.5955  enc_delta ego=0.0003 partner=0.0002 road=0.0004
[ROMA step 4,922,277,888] sps=157,742  policy_loss=0.0000  value_loss=0.1600  mi_loss=0.0016  mi_valid=0.72  div_loss=-0.2197  kl_loss=0.0000 (disabled)  score=0.952  return=0.861  role_std=5.5109  role_norm=24.4867  enc_delta ego=0.0002 partner=0.0002 road=0.0004
[ROMA step 4,923,064,320] sps=157,715  policy_loss=0.0054  value_loss=0.2469  mi_loss=0.0016  mi_valid=0.72  div_loss=-0.2256  kl_loss=0.0000 (disabled)  score=0.952  return=0.860  role_std=5.4692  role_norm=24.5375  enc_delta ego=0.0002 partner=0.0002 road=0.0004
[ROMA step 4,923,850,752] sps=157,574  policy_loss=0.0024  value_loss=0.2380  mi_loss=0.0014  mi_valid=0.72  div_loss=-0.2324  kl_loss=0.0000 (disabled)  score=0.951  return=0.859  role_std=5.2699  role_norm=25.1054  enc_delta ego=0.0002 partner=0.0003 road=0.0004
[ROMA step 4,924,637,184] sps=157,549  policy_loss=0.0061  value_loss=0.3175  mi_loss=0.0014  mi_valid=0.73  div_loss=-0.2324  kl_loss=0.0000 (disabled)  score=0.951  return=0.856  role_std=5.5869  role_norm=24.8578  enc_delta ego=0.0002 partner=0.0003 road=0.0004
[ROMA step 4,925,423,616] sps=157,522  policy_loss=0.0019  value_loss=0.2527  mi_loss=0.0013  mi_valid=0.73  div_loss=-0.2295  kl_loss=0.0000 (disabled)  score=0.951  return=0.853  role_std=5.5337  role_norm=24.7905  enc_delta ego=0.0002 partner=0.0002 road=0.0004
[ROMA step 4,926,210,048] sps=157,328  policy_loss=-0.0030  value_loss=0.2129  mi_loss=0.0014  mi_valid=0.72  div_loss=-0.2236  kl_loss=0.0000 (disabled)  score=0.950  return=0.852  role_std=5.1465  role_norm=23.5964  enc_delta ego=0.0002 partner=0.0003 road=0.0004
[ROMA step 4,926,996,480] sps=157,302  policy_loss=-0.0007  value_loss=0.1341  mi_loss=0.0012  mi_valid=0.74  div_loss=-0.2070  kl_loss=0.0000 (disabled)  score=0.950  return=0.853  role_std=5.4544  role_norm=23.8465  enc_delta ego=0.0002 partner=0.0002 road=0.0003
[ROMA step 4,927,782,912] sps=157,276  policy_loss=-0.0001  value_loss=0.1370  mi_loss=0.0012  mi_valid=0.74  div_loss=-0.2090  kl_loss=0.0000 (disabled)  score=0.950  return=0.854  role_std=4.9010  role_norm=24.8661  enc_delta ego=0.0002 partner=0.0002 road=0.0003
[ROMA step 4,928,569,344] sps=157,251  policy_loss=0.0036  value_loss=0.2044  mi_loss=0.0013  mi_valid=0.74  div_loss=-0.2168  kl_loss=0.0000 (disabled)  score=0.950  return=0.857  role_std=4.9303  role_norm=24.8628  enc_delta ego=0.0001 partner=0.0002 road=0.0004
[ROMA step 4,929,355,776] sps=157,108  policy_loss=-0.0001  value_loss=0.1896  mi_loss=0.0013  mi_valid=0.73  div_loss=-0.2266  kl_loss=0.0000 (disabled)  score=0.950  return=0.856  role_std=5.1973  role_norm=24.4543  enc_delta ego=0.0002 partner=0.0003 road=0.0004
[ROMA step 4,930,142,208] sps=157,083  policy_loss=0.0016  value_loss=0.2164  mi_loss=0.0014  mi_valid=0.75  div_loss=-0.2275  kl_loss=0.0000 (disabled)  score=0.949  return=0.853  role_std=5.3604  role_norm=23.8542  enc_delta ego=0.0002 partner=0.0002 road=0.0004
[ROMA step 4,930,928,640] sps=157,058  policy_loss=-0.0000  value_loss=0.1767  mi_loss=0.0014  mi_valid=0.75  div_loss=-0.2227  kl_loss=0.0000 (disabled)  score=0.948  return=0.853  role_std=5.7044  role_norm=23.4762  enc_delta ego=0.0001 partner=0.0002 road=0.0003
[ROMA step 4,931,715,072] sps=156,902  policy_loss=0.0055  value_loss=0.2411  mi_loss=0.0013  mi_valid=0.75  div_loss=-0.2236  kl_loss=0.0000 (disabled)  score=0.948  return=0.853  role_std=5.4967  role_norm=23.1862  enc_delta ego=0.0002 partner=0.0002 road=0.0005
[ROMA step 4,932,501,504] sps=156,877  policy_loss=0.0038  value_loss=0.1952  mi_loss=0.0014  mi_valid=0.76  div_loss=-0.2236  kl_loss=0.0000 (disabled)  score=0.948  return=0.854  role_std=4.9122  role_norm=25.3976  enc_delta ego=0.0003 partner=0.0002 road=0.0004
[ROMA step 4,933,287,936] sps=156,853  policy_loss=-0.0011  value_loss=0.1662  mi_loss=0.0014  mi_valid=0.74  div_loss=-0.2285  kl_loss=0.0000 (disabled)  score=0.948  return=0.855  role_std=5.4944  role_norm=24.8457  enc_delta ego=0.0002 partner=0.0002 road=0.0006
[ROMA step 4,934,074,368] sps=156,827  policy_loss=0.0092  value_loss=0.1413  mi_loss=0.0014  mi_valid=0.74  div_loss=-0.2217  kl_loss=0.0000 (disabled)  score=0.947  return=0.857  role_std=5.3880  role_norm=24.7141  enc_delta ego=0.0002 partner=0.0002 road=0.0003
[ROMA step 4,934,860,800] sps=156,640  policy_loss=-0.0067  value_loss=0.1457  mi_loss=0.0014  mi_valid=0.72  div_loss=-0.2236  kl_loss=0.0000 (disabled)  score=0.947  return=0.859  role_std=5.8634  role_norm=24.2045  enc_delta ego=0.0002 partner=0.0002 road=0.0004
[ROMA step 4,935,647,232] sps=156,614  policy_loss=0.0015  value_loss=0.2805  mi_loss=0.0014  mi_valid=0.73  div_loss=-0.2246  kl_loss=0.0000 (disabled)  score=0.947  return=0.858  role_std=5.6118  role_norm=23.9804  enc_delta ego=0.0001 partner=0.0002 road=0.0003
[ROMA step 4,936,433,664] sps=156,589  policy_loss=-0.0028  value_loss=0.1910  mi_loss=0.0015  mi_valid=0.74  div_loss=-0.2217  kl_loss=0.0000 (disabled)  score=0.947  return=0.859  role_std=5.2597  role_norm=25.2058  enc_delta ego=0.0002 partner=0.0003 road=0.0003
[ROMA step 4,937,220,096] sps=156,563  policy_loss=-0.0032  value_loss=0.2301  mi_loss=0.0014  mi_valid=0.73  div_loss=-0.2295  kl_loss=0.0000 (disabled)  score=0.947  return=0.860  role_std=5.3388  role_norm=24.9050  enc_delta ego=0.0002 partner=0.0003 road=0.0003
[ROMA step 4,938,006,528] sps=156,402  policy_loss=0.0012  value_loss=0.2603  mi_loss=0.0012  mi_valid=0.72  div_loss=-0.2393  kl_loss=0.0000 (disabled)  score=0.948  return=0.859  role_std=5.6306  role_norm=24.5461  enc_delta ego=0.0002 partner=0.0003 road=0.0004
[ROMA step 4,938,792,960] sps=156,375  policy_loss=-0.0015  value_loss=0.1878  mi_loss=0.0012  mi_valid=0.73  div_loss=-0.2373  kl_loss=0.0000 (disabled)  score=0.947  return=0.856  role_std=5.9054  role_norm=24.0055  enc_delta ego=0.0001 partner=0.0003 road=0.0003
[ROMA step 4,939,579,392] sps=156,349  policy_loss=-0.0015  value_loss=0.1658  mi_loss=0.0012  mi_valid=0.73  div_loss=-0.2324  kl_loss=0.0000 (disabled)  score=0.947  return=0.854  role_std=6.2623  role_norm=23.8218  enc_delta ego=0.0002 partner=0.0002 road=0.0005
[ROMA step 4,940,365,824] sps=156,186  policy_loss=-0.0001  value_loss=0.3043  mi_loss=0.0013  mi_valid=0.72  div_loss=-0.2383  kl_loss=0.0000 (disabled)  score=0.947  return=0.851  role_std=5.5369  role_norm=24.8563  enc_delta ego=0.0002 partner=0.0002 road=0.0003
[ROMA step 4,941,152,256] sps=156,162  policy_loss=-0.0006  value_loss=0.2298  mi_loss=0.0015  mi_valid=0.74  div_loss=-0.2246  kl_loss=0.0000 (disabled)  score=0.946  return=0.848  role_std=5.2949  role_norm=25.0957  enc_delta ego=0.0002 partner=0.0002 road=0.0003
[ROMA step 4,941,938,688] sps=156,136  policy_loss=-0.0060  value_loss=0.1790  mi_loss=0.0015  mi_valid=0.73  div_loss=-0.2217  kl_loss=0.0000 (disabled)  score=0.946  return=0.848  role_std=5.5976  role_norm=24.6994  enc_delta ego=0.0002 partner=0.0002 road=0.0003
[ROMA step 4,942,725,120] sps=156,111  policy_loss=-0.0029  value_loss=0.1455  mi_loss=0.0015  mi_valid=0.73  div_loss=-0.2129  kl_loss=0.0000 (disabled)  score=0.945  return=0.847  role_std=5.3196  role_norm=24.7181  enc_delta ego=0.0002 partner=0.0002 road=0.0002
[ROMA step 4,943,511,552] sps=155,969  policy_loss=-0.0028  value_loss=0.2345  mi_loss=0.0013  mi_valid=0.72  div_loss=-0.2393  kl_loss=0.0000 (disabled)  score=0.945  return=0.848  role_std=5.7964  role_norm=23.8891  enc_delta ego=0.0002 partner=0.0002 road=0.0003
[ROMA step 4,944,297,984] sps=155,945  policy_loss=-0.0021  value_loss=0.1955  mi_loss=0.0012  mi_valid=0.73  div_loss=-0.2324  kl_loss=0.0000 (disabled)  score=0.945  return=0.848  role_std=5.7264  role_norm=23.7339  enc_delta ego=0.0002 partner=0.0003 road=0.0004
[ROMA step 4,945,084,416] sps=155,920  policy_loss=-0.0003  value_loss=0.1588  mi_loss=0.0012  mi_valid=0.74  div_loss=-0.2266  kl_loss=0.0000 (disabled)  score=0.945  return=0.847  role_std=5.4266  role_norm=24.7725  enc_delta ego=0.0002 partner=0.0002 road=0.0004
[ROMA step 4,945,870,848] sps=155,768  policy_loss=-0.0036  value_loss=0.1690  mi_loss=0.0012  mi_valid=0.72  div_loss=-0.2236  kl_loss=0.0000 (disabled)  score=0.945  return=0.847  role_std=4.7237  role_norm=25.5056  enc_delta ego=0.0002 partner=0.0002 road=0.0003
[ROMA step 4,946,657,280] sps=155,744  policy_loss=-0.0055  value_loss=0.2098  mi_loss=0.0013  mi_valid=0.73  div_loss=-0.2197  kl_loss=0.0000 (disabled)  score=0.946  return=0.848  role_std=5.1791  role_norm=24.9137  enc_delta ego=0.0001 partner=0.0001 road=0.0002
[ROMA step 4,947,443,712] sps=155,720  policy_loss=-0.0076  value_loss=0.1936  mi_loss=0.0013  mi_valid=0.73  div_loss=-0.2139  kl_loss=0.0000 (disabled)  score=0.946  return=0.847  role_std=5.3593  role_norm=24.6474  enc_delta ego=0.0002 partner=0.0002 road=0.0002
[ROMA step 4,948,230,144] sps=155,696  policy_loss=0.0018  value_loss=0.1932  mi_loss=0.0014  mi_valid=0.73  div_loss=-0.2100  kl_loss=0.0000 (disabled)  score=0.946  return=0.848  role_std=5.6144  role_norm=24.4148  enc_delta ego=0.0001 partner=0.0001 road=0.0003
[ROMA step 4,949,016,576] sps=155,547  policy_loss=-0.0061  value_loss=0.2040  mi_loss=0.0013  mi_valid=0.72  div_loss=-0.2197  kl_loss=0.0000 (disabled)  score=0.946  return=0.848  role_std=5.0692  role_norm=25.2367  enc_delta ego=0.0001 partner=0.0001 road=0.0003
[ROMA step 4,949,803,008] sps=155,521  policy_loss=-0.0002  value_loss=0.1852  mi_loss=0.0013  mi_valid=0.73  div_loss=-0.2207  kl_loss=0.0000 (disabled)  score=0.946  return=0.848  role_std=5.2340  role_norm=25.0514  enc_delta ego=0.0002 partner=0.0002 road=0.0004
[ROMA step 4,950,589,440] sps=155,497  policy_loss=0.0045  value_loss=0.1894  mi_loss=0.0013  mi_valid=0.73  div_loss=-0.2158  kl_loss=0.0000 (disabled)  score=0.946  return=0.847  role_std=5.1784  role_norm=24.9114  enc_delta ego=0.0001 partner=0.0002 road=0.0003
[ROMA step 4,951,375,872] sps=155,345  policy_loss=0.0009  value_loss=0.2387  mi_loss=0.0013  mi_valid=0.71  div_loss=-0.2207  kl_loss=0.0000 (disabled)  score=0.945  return=0.846  role_std=4.9806  role_norm=23.9463  enc_delta ego=0.0002 partner=0.0002 road=0.0003
[ROMA step 4,952,162,304] sps=155,321  policy_loss=0.0061  value_loss=0.0963  mi_loss=0.0013  mi_valid=0.74  div_loss=-0.2061  kl_loss=0.0000 (disabled)  score=0.945  return=0.847  role_std=5.2663  role_norm=23.9964  enc_delta ego=0.0001 partner=0.0001 road=0.0002
[ROMA step 4,952,948,736] sps=155,296  policy_loss=0.0012  value_loss=0.1659  mi_loss=0.0013  mi_valid=0.74  div_loss=-0.2061  kl_loss=0.0000 (disabled)  score=0.946  return=0.851  role_std=5.1512  role_norm=24.1174  enc_delta ego=0.0001 partner=0.0002 road=0.0003
[ROMA step 4,953,735,168] sps=155,272  policy_loss=0.0028  value_loss=0.1095  mi_loss=0.0014  mi_valid=0.74  div_loss=-0.2031  kl_loss=0.0000 (disabled)  score=0.947  return=0.856  role_std=5.0261  role_norm=25.0160  enc_delta ego=0.0001 partner=0.0001 road=0.0002
[ROMA step 4,954,521,600] sps=155,147  policy_loss=0.0034  value_loss=0.1505  mi_loss=0.0014  mi_valid=0.72  div_loss=-0.2070  kl_loss=0.0000 (disabled)  score=0.947  return=0.858  role_std=4.9708  role_norm=24.9139  enc_delta ego=0.0001 partner=0.0001 road=0.0002
[ROMA step 4,955,308,032] sps=155,123  policy_loss=-0.0015  value_loss=0.1953  mi_loss=0.0015  mi_valid=0.73  div_loss=-0.2070  kl_loss=0.0000 (disabled)  score=0.948  return=0.857  role_std=5.3114  role_norm=24.6579  enc_delta ego=0.0001 partner=0.0001 road=0.0003
[ROMA step 4,956,094,464] sps=155,100  policy_loss=0.0008  value_loss=0.1894  mi_loss=0.0015  mi_valid=0.73  div_loss=-0.2119  kl_loss=0.0000 (disabled)  score=0.948  return=0.855  role_std=5.2318  role_norm=24.6500  enc_delta ego=0.0001 partner=0.0001 road=0.0003
[ROMA step 4,956,880,896] sps=154,947  policy_loss=-0.0087  value_loss=0.1532  mi_loss=0.0014  mi_valid=0.73  div_loss=-0.2139  kl_loss=0.0000 (disabled)  score=0.948  return=0.854  role_std=6.0177  role_norm=23.4058  enc_delta ego=0.0001 partner=0.0002 road=0.0003
[ROMA step 4,957,667,328] sps=154,923  policy_loss=-0.0022  value_loss=0.2241  mi_loss=0.0015  mi_valid=0.75  div_loss=-0.2246  kl_loss=0.0000 (disabled)  score=0.948  return=0.853  role_std=5.0087  role_norm=25.4611  enc_delta ego=0.0001 partner=0.0002 road=0.0003
[ROMA step 4,958,453,760] sps=154,899  policy_loss=-0.0010  value_loss=0.1769  mi_loss=0.0015  mi_valid=0.73  div_loss=-0.2227  kl_loss=0.0000 (disabled)  score=0.948  return=0.853  role_std=5.4851  role_norm=25.1456  enc_delta ego=0.0001 partner=0.0002 road=0.0003
[ROMA step 4,959,240,192] sps=154,874  policy_loss=-0.0045  value_loss=0.2341  mi_loss=0.0015  mi_valid=0.73  div_loss=-0.2295  kl_loss=0.0000 (disabled)  score=0.948  return=0.851  role_std=5.7124  role_norm=24.9929  enc_delta ego=0.0001 partner=0.0002 road=0.0003
[ROMA step 4,960,026,624] sps=154,729  policy_loss=-0.0014  value_loss=0.2852  mi_loss=0.0015  mi_valid=0.71  div_loss=-0.2285  kl_loss=0.0000 (disabled)  score=0.948  return=0.851  role_std=5.8892  role_norm=24.7768  enc_delta ego=0.0001 partner=0.0001 road=0.0002
[ROMA step 4,960,813,056] sps=154,704  policy_loss=-0.0019  value_loss=0.2285  mi_loss=0.0013  mi_valid=0.72  div_loss=-0.2275  kl_loss=0.0000 (disabled)  score=0.948  return=0.854  role_std=6.0820  role_norm=24.7147  enc_delta ego=0.0001 partner=0.0002 road=0.0002
[ROMA step 4,961,599,488] sps=154,680  policy_loss=0.0004  value_loss=0.1900  mi_loss=0.0013  mi_valid=0.73  div_loss=-0.2246  kl_loss=0.0000 (disabled)  score=0.949  return=0.856  role_std=5.4014  role_norm=25.3324  enc_delta ego=0.0001 partner=0.0002 road=0.0003
[ROMA step 4,962,385,920] sps=154,656  policy_loss=0.0048  value_loss=0.2088  mi_loss=0.0013  mi_valid=0.73  div_loss=-0.2305  kl_loss=0.0000 (disabled)  score=0.949  return=0.856  role_std=5.4957  role_norm=25.3486  enc_delta ego=0.0001 partner=0.0002 road=0.0003
[ROMA step 4,963,172,352] sps=154,526  policy_loss=-0.0022  value_loss=0.1301  mi_loss=0.0014  mi_valid=0.73  div_loss=-0.2168  kl_loss=0.0000 (disabled)  score=0.949  return=0.858  role_std=5.1548  role_norm=24.8405  enc_delta ego=0.0001 partner=0.0002 road=0.0003
[ROMA step 4,963,958,784] sps=154,502  policy_loss=0.0028  value_loss=0.1382  mi_loss=0.0014  mi_valid=0.74  div_loss=-0.2129  kl_loss=0.0000 (disabled)  score=0.949  return=0.859  role_std=5.3014  role_norm=24.4181  enc_delta ego=0.0001 partner=0.0001 road=0.0003
[ROMA step 4,964,745,216] sps=154,478  policy_loss=-0.0008  value_loss=0.1859  mi_loss=0.0015  mi_valid=0.74  div_loss=-0.2119  kl_loss=0.0000 (disabled)  score=0.949  return=0.858  role_std=5.3918  role_norm=24.1431  enc_delta ego=0.0002 partner=0.0001 road=0.0003
[ROMA step 4,965,531,648] sps=154,305  policy_loss=0.0069  value_loss=0.1697  mi_loss=0.0014  mi_valid=0.73  div_loss=-0.2158  kl_loss=0.0000 (disabled)  score=0.949  return=0.859  role_std=5.1703  role_norm=24.8621  enc_delta ego=0.0001 partner=0.0001 road=0.0002
[ROMA step 4,966,318,080] sps=154,279  policy_loss=-0.0060  value_loss=0.1885  mi_loss=0.0014  mi_valid=0.74  div_loss=-0.2178  kl_loss=0.0000 (disabled)  score=0.949  return=0.858  role_std=4.9955  role_norm=25.0604  enc_delta ego=0.0001 partner=0.0001 road=0.0002
[ROMA step 4,967,104,512] sps=154,256  policy_loss=0.0021  value_loss=0.1863  mi_loss=0.0015  mi_valid=0.73  div_loss=-0.2158  kl_loss=0.0000 (disabled)  score=0.949  return=0.860  role_std=5.3984  role_norm=24.6677  enc_delta ego=0.0001 partner=0.0001 road=0.0002
[ROMA step 4,967,890,944] sps=154,233  policy_loss=-0.0012  value_loss=0.1164  mi_loss=0.0015  mi_valid=0.73  div_loss=-0.2090  kl_loss=0.0000 (disabled)  score=0.949  return=0.860  role_std=5.0604  role_norm=24.6635  enc_delta ego=0.0001 partner=0.0001 road=0.0002
[ROMA step 4,968,677,376] sps=154,087  policy_loss=-0.0031  value_loss=0.1656  mi_loss=0.0015  mi_valid=0.71  div_loss=-0.2158  kl_loss=0.0000 (disabled)  score=0.949  return=0.862  role_std=5.3725  role_norm=24.7522  enc_delta ego=0.0001 partner=0.0001 road=0.0002
[ROMA step 4,969,463,808] sps=154,064  policy_loss=-0.0062  value_loss=0.1538  mi_loss=0.0014  mi_valid=0.73  div_loss=-0.2061  kl_loss=0.0000 (disabled)  score=0.949  return=0.863  role_std=5.3920  role_norm=24.5574  enc_delta ego=0.0001 partner=0.0001 road=0.0002
[ROMA step 4,970,250,240] sps=154,040  policy_loss=-0.0026  value_loss=0.2348  mi_loss=0.0015  mi_valid=0.73  div_loss=-0.2178  kl_loss=0.0000 (disabled)  score=0.949  return=0.861  role_std=4.9702  role_norm=25.5776  enc_delta ego=0.0001 partner=0.0001 road=0.0003
[ROMA step 4,971,036,672] sps=153,913  policy_loss=-0.0038  value_loss=0.2467  mi_loss=0.0015  mi_valid=0.72  div_loss=-0.2197  kl_loss=0.0000 (disabled)  score=0.948  return=0.859  role_std=5.3793  role_norm=25.6720  enc_delta ego=0.0001 partner=0.0001 road=0.0002
[ROMA step 4,971,823,104] sps=153,890  policy_loss=-0.0020  value_loss=0.2259  mi_loss=0.0014  mi_valid=0.73  div_loss=-0.2158  kl_loss=0.0000 (disabled)  score=0.948  return=0.858  role_std=5.3616  role_norm=25.2256  enc_delta ego=0.0001 partner=0.0001 road=0.0002
[ROMA step 4,972,609,536] sps=153,864  policy_loss=0.0009  value_loss=0.2623  mi_loss=0.0014  mi_valid=0.73  div_loss=-0.2207  kl_loss=0.0000 (disabled)  score=0.949  return=0.858  role_std=5.5635  role_norm=24.8760  enc_delta ego=0.0001 partner=0.0001 road=0.0002
[ROMA step 4,973,395,968] sps=153,840  policy_loss=0.0008  value_loss=0.2735  mi_loss=0.0014  mi_valid=0.73  div_loss=-0.2227  kl_loss=0.0000 (disabled)  score=0.949  return=0.857  role_std=5.7708  role_norm=24.5891  enc_delta ego=0.0001 partner=0.0001 road=0.0002
[ROMA step 4,974,182,400] sps=153,692  policy_loss=0.0008  value_loss=0.1484  mi_loss=0.0013  mi_valid=0.72  div_loss=-0.2236  kl_loss=0.0000 (disabled)  score=0.949  return=0.857  role_std=5.1134  role_norm=25.2171  enc_delta ego=0.0001 partner=0.0001 road=0.0002
[ROMA step 4,974,968,832] sps=153,669  policy_loss=0.0047  value_loss=0.1552  mi_loss=0.0013  mi_valid=0.73  div_loss=-0.2197  kl_loss=0.0000 (disabled)  score=0.949  return=0.856  role_std=5.2300  role_norm=25.0306  enc_delta ego=0.0001 partner=0.0001 road=0.0002
[ROMA step 4,975,755,264] sps=153,646  policy_loss=-0.0001  value_loss=0.2078  mi_loss=0.0013  mi_valid=0.73  div_loss=-0.2275  kl_loss=0.0000 (disabled)  score=0.949  return=0.855  role_std=5.6655  role_norm=24.6519  enc_delta ego=0.0001 partner=0.0001 road=0.0001
[ROMA step 4,976,541,696] sps=153,505  policy_loss=-0.0018  value_loss=0.1717  mi_loss=0.0014  mi_valid=0.71  div_loss=-0.2256  kl_loss=0.0000 (disabled)  score=0.950  return=0.854  role_std=5.1794  role_norm=24.1356  enc_delta ego=0.0001 partner=0.0001 road=0.0001
[ROMA step 4,977,328,128] sps=153,483  policy_loss=0.0015  value_loss=0.1474  mi_loss=0.0014  mi_valid=0.74  div_loss=-0.2168  kl_loss=0.0000 (disabled)  score=0.950  return=0.855  role_std=5.6669  role_norm=24.2293  enc_delta ego=0.0001 partner=0.0001 road=0.0002
[ROMA step 4,978,114,560] sps=153,459  policy_loss=0.0027  value_loss=0.2344  mi_loss=0.0015  mi_valid=0.74  div_loss=-0.2246  kl_loss=0.0000 (disabled)  score=0.949  return=0.854  role_std=5.5380  role_norm=24.0813  enc_delta ego=0.0001 partner=0.0001 road=0.0001
[ROMA step 4,978,900,992] sps=153,433  policy_loss=0.0030  value_loss=0.1132  mi_loss=0.0014  mi_valid=0.75  div_loss=-0.2168  kl_loss=0.0000 (disabled)  score=0.949  return=0.855  role_std=5.0354  role_norm=25.1589  enc_delta ego=0.0001 partner=0.0001 road=0.0002
[ROMA step 4,979,687,424] sps=153,276  policy_loss=-0.0006  value_loss=0.1186  mi_loss=0.0014  mi_valid=0.72  div_loss=-0.2158  kl_loss=0.0000 (disabled)  score=0.949  return=0.856  role_std=5.0646  role_norm=24.9142  enc_delta ego=0.0001 partner=0.0001 road=0.0001
[ROMA step 4,980,473,856] sps=153,252  policy_loss=-0.0003  value_loss=0.1434  mi_loss=0.0014  mi_valid=0.73  div_loss=-0.2129  kl_loss=0.0000 (disabled)  score=0.949  return=0.858  role_std=5.3933  role_norm=24.4255  enc_delta ego=0.0001 partner=0.0001 road=0.0002
[ROMA step 4,981,260,288] sps=153,229  policy_loss=-0.0025  value_loss=0.1358  mi_loss=0.0014  mi_valid=0.73  div_loss=-0.2119  kl_loss=0.0000 (disabled)  score=0.949  return=0.860  role_std=5.2403  role_norm=24.0737  enc_delta ego=0.0001 partner=0.0001 road=0.0001
[ROMA step 4,982,046,720] sps=153,077  policy_loss=0.0011  value_loss=0.1430  mi_loss=0.0014  mi_valid=0.72  div_loss=-0.2109  kl_loss=0.0000 (disabled)  score=0.949  return=0.861  role_std=5.5616  role_norm=22.6911  enc_delta ego=0.0000 partner=0.0000 road=0.0001
[ROMA step 4,982,833,152] sps=153,052  policy_loss=0.0045  value_loss=0.1412  mi_loss=0.0013  mi_valid=0.74  div_loss=-0.2119  kl_loss=0.0000 (disabled)  score=0.949  return=0.864  role_std=5.1407  role_norm=25.2241  enc_delta ego=0.0001 partner=0.0001 road=0.0001
[ROMA step 4,983,619,584] sps=153,029  policy_loss=0.0020  value_loss=0.0987  mi_loss=0.0012  mi_valid=0.73  div_loss=-0.2080  kl_loss=0.0000 (disabled)  score=0.949  return=0.866  role_std=5.0440  role_norm=25.0281  enc_delta ego=0.0001 partner=0.0001 road=0.0001
[ROMA step 4,984,406,016] sps=153,007  policy_loss=-0.0045  value_loss=0.0984  mi_loss=0.0012  mi_valid=0.73  div_loss=-0.2061  kl_loss=0.0000 (disabled)  score=0.949  return=0.867  role_std=5.0679  role_norm=24.7402  enc_delta ego=0.0001 partner=0.0001 road=0.0001
[ROMA step 4,985,192,448] sps=152,885  policy_loss=-0.0005  value_loss=0.0924  mi_loss=0.0013  mi_valid=0.71  div_loss=-0.2100  kl_loss=0.0000 (disabled)  score=0.949  return=0.868  role_std=5.4123  role_norm=24.9013  enc_delta ego=0.0000 partner=0.0000 road=0.0001
[ROMA step 4,985,978,880] sps=152,864  policy_loss=-0.0058  value_loss=0.2319  mi_loss=0.0013  mi_valid=0.72  div_loss=-0.2178  kl_loss=0.0000 (disabled)  score=0.949  return=0.867  role_std=5.4297  role_norm=24.4716  enc_delta ego=0.0001 partner=0.0001 road=0.0001
[ROMA step 4,986,765,312] sps=152,837  policy_loss=-0.0047  value_loss=0.2109  mi_loss=0.0013  mi_valid=0.73  div_loss=-0.2197  kl_loss=0.0000 (disabled)  score=0.950  return=0.868  role_std=5.3021  role_norm=25.3703  enc_delta ego=0.0001 partner=0.0001 road=0.0001
[ROMA step 4,987,551,744] sps=152,814  policy_loss=-0.0014  value_loss=0.0963  mi_loss=0.0012  mi_valid=0.73  div_loss=-0.2139  kl_loss=0.0000 (disabled)  score=0.950  return=0.869  role_std=5.1581  role_norm=25.5248  enc_delta ego=0.0000 partner=0.0000 road=0.0001
[ROMA step 4,988,338,176] sps=152,663  policy_loss=0.0024  value_loss=0.2221  mi_loss=0.0014  mi_valid=0.72  div_loss=-0.2178  kl_loss=0.0000 (disabled)  score=0.950  return=0.870  role_std=5.2284  role_norm=24.8109  enc_delta ego=0.0001 partner=0.0001 road=0.0001
[ROMA step 4,989,124,608] sps=152,639  policy_loss=0.0072  value_loss=0.1516  mi_loss=0.0014  mi_valid=0.74  div_loss=-0.2080  kl_loss=0.0000 (disabled)  score=0.950  return=0.869  role_std=5.4994  role_norm=24.5510  enc_delta ego=0.0001 partner=0.0001 road=0.0001
[ROMA step 4,989,911,040] sps=152,617  policy_loss=-0.0032  value_loss=0.1998  mi_loss=0.0015  mi_valid=0.74  div_loss=-0.2148  kl_loss=0.0000 (disabled)  score=0.950  return=0.869  role_std=5.7214  role_norm=24.3046  enc_delta ego=0.0001 partner=0.0001 road=0.0001
[ROMA step 4,990,697,472] sps=152,488  policy_loss=0.0035  value_loss=0.3013  mi_loss=0.0015  mi_valid=0.72  div_loss=-0.2285  kl_loss=0.0000 (disabled)  score=0.950  return=0.865  role_std=5.1800  role_norm=24.9107  enc_delta ego=0.0000 partner=0.0000 road=0.0001
[ROMA step 4,991,483,904] sps=152,465  policy_loss=0.0072  value_loss=0.2766  mi_loss=0.0013  mi_valid=0.74  div_loss=-0.2285  kl_loss=0.0000 (disabled)  score=0.950  return=0.865  role_std=5.3649  role_norm=25.2130  enc_delta ego=0.0000 partner=0.0001 road=0.0001
[ROMA step 4,992,270,336] sps=152,441  policy_loss=0.0012  value_loss=0.2355  mi_loss=0.0014  mi_valid=0.74  div_loss=-0.2285  kl_loss=0.0000 (disabled)  score=0.951  return=0.863  role_std=5.2897  role_norm=25.1328  enc_delta ego=0.0000 partner=0.0000 road=0.0001
[ROMA step 4,993,056,768] sps=152,418  policy_loss=-0.0023  value_loss=0.2639  mi_loss=0.0014  mi_valid=0.74  div_loss=-0.2236  kl_loss=0.0000 (disabled)  score=0.951  return=0.862  role_std=5.5030  role_norm=24.9062  enc_delta ego=0.0000 partner=0.0000 road=0.0001
[ROMA step 4,993,843,200] sps=152,294  policy_loss=-0.0062  value_loss=0.3474  mi_loss=0.0014  mi_valid=0.72  div_loss=-0.2246  kl_loss=0.0000 (disabled)  score=0.951  return=0.862  role_std=5.8368  role_norm=24.4841  enc_delta ego=0.0000 partner=0.0000 road=0.0001
[ROMA step 4,994,629,632] sps=152,272  policy_loss=-0.0009  value_loss=0.2067  mi_loss=0.0014  mi_valid=0.73  div_loss=-0.2158  kl_loss=0.0000 (disabled)  score=0.951  return=0.861  role_std=5.2403  role_norm=24.2657  enc_delta ego=0.0000 partner=0.0000 road=0.0000
[ROMA step 4,995,416,064] sps=152,248  policy_loss=0.0032  value_loss=0.2884  mi_loss=0.0014  mi_valid=0.74  div_loss=-0.2158  kl_loss=0.0000 (disabled)  score=0.950  return=0.860  role_std=5.1164  role_norm=25.1623  enc_delta ego=0.0000 partner=0.0000 road=0.0000
[ROMA step 4,996,202,496] sps=152,120  policy_loss=0.0048  value_loss=0.3472  mi_loss=0.0013  mi_valid=0.72  div_loss=-0.2275  kl_loss=0.0000 (disabled)  score=0.950  return=0.858  role_std=5.4538  role_norm=25.4432  enc_delta ego=0.0000 partner=0.0000 road=0.0000
[ROMA step 4,996,988,928] sps=152,096  policy_loss=0.0004  value_loss=0.2751  mi_loss=0.0013  mi_valid=0.73  div_loss=-0.2275  kl_loss=0.0000 (disabled)  score=0.950  return=0.856  role_std=5.7407  role_norm=25.0561  enc_delta ego=0.0000 partner=0.0000 road=0.0000
[ROMA step 4,997,775,360] sps=152,068  policy_loss=0.0034  value_loss=0.1948  mi_loss=0.0013  mi_valid=0.73  div_loss=-0.2275  kl_loss=0.0000 (disabled)  score=0.950  return=0.855  role_std=5.6755  role_norm=24.7475  enc_delta ego=0.0000 partner=0.0000 road=0.0000
[ROMA step 4,998,561,792] sps=152,046  policy_loss=-0.0043  value_loss=0.1359  mi_loss=0.0012  mi_valid=0.73  div_loss=-0.2236  kl_loss=0.0000 (disabled)  score=0.950  return=0.856  role_std=5.6515  role_norm=24.2981  enc_delta ego=0.0000 partner=0.0000 road=0.0000
[ROMA step 4,999,348,224] sps=151,869  policy_loss=-0.0066  value_loss=0.1449  mi_loss=0.0013  mi_valid=0.72  div_loss=-0.2275  kl_loss=0.0000 (disabled)  score=0.950  return=0.857  role_std=5.1987  role_norm=25.0254  enc_delta ego=0.0000 partner=0.0000 road=0.0000
[ROMA step 5,000,134,656] sps=151,847  policy_loss=0.0015  value_loss=0.1694  mi_loss=0.0013  mi_valid=0.74  div_loss=-0.2227  kl_loss=0.0000 (disabled)  score=0.950  return=0.857  role_std=5.2956  role_norm=25.3516  enc_delta ego=0.0000 partner=0.0000 road=0.0000
[ROMA step 5,000,921,088] sps=151,825  policy_loss=0.0048  value_loss=0.1590  mi_loss=0.0013  mi_valid=0.73  div_loss=-0.2188  kl_loss=0.0000 (disabled)  score=0.950  return=0.859  role_std=5.3160  role_norm=25.1567  enc_delta ego=0.0000 partner=0.0000 road=0.0000
[ROMA] Saved -> /scratch/e452103/checkpoints/roma_mifutagent_dim1_H8_r16p64_ft_collstop_nodiv/roma_dim1_step5000921088.pt
[ROMA] Training complete. Saved -> /scratch/e452103/checkpoints/roma_mifutagent_dim1_H8_r16p64_ft_collstop_nodiv/roma_dim1_final.pt
[mifut] done -> /scratch/e452103/checkpoints/roma_mifutagent_dim1_H8_r16p64_ft_collstop_nodiv
