[mifut] FINE-TUNE seed: /scratch/e452103/checkpoints/roma_mifutagent_dim1_H8_r16p64_ft_paperrew_pc_nodiv/roma_dim1_step4000579584.pt (step 4000579584 -> 6500579584)
[mifut] role_dim=1  H=8  maps=10000  total_steps=6500579584
[mifut] role view: road=16 partner=64  mi_target=ego_partner
[mifut] FiLM conditioning: off
[mifut] compliance=2.5 perturb_frac=0.15 alpha=2.0
[mifut] compliance_perturbed_only=1 mi_exclude_perturbed=1
[mifut] freeze_role_encoder=0 init_from=/scratch/e452103/checkpoints/roma_mifutagent_dim1_H8_r16p64_ft_paperrew_pc_nodiv/roma_dim1_step4000579584.pt
[mifut] env overrides: --collision_behavior 1
[mifut] div_weight=0  mi_weight=1.0  wandb_name=roma_mifutagent_dim1_ft_pc40_cb1_lr_half_nodiv
[mifut] code=/home/e452103/roma_film  save=/scratch/e452103/checkpoints/roma_mifutagent_dim1_H8_r16p64_ft_pc40_cb1_lr_half_nodiv
[mifut] branch=mi-future-agentcentric-film commit=c44e3b5
[ROMA] Device        : cuda
[ROMA] AMP (bf16)    : enabled
[ROMA] role_dim      : 1
[ROMA] num_maps      : 10000
[ROMA] num_agents    : 3072
[ROMA] total_steps   : 6,500,579,584
[ROMA] mi_weight     : 1.0
[ROMA] div_weight    : 0.0
[ROMA] mi_target     : ego_partner
[ROMA] role view     : road=16 partner=64 (policy GRU always sees the full 128)
[ROMA] mi_horizon    : 8 (future MI: z_t predicts emb t+1..t+8)
[ROMA] wandb initialized: https://wandb.ai/s-rahmani-tu-delft/roma-pufferdrive/runs/q5soyvvy
[ROMA] env override: collision_behavior = 0 -> 1
[ROMA] obs_dim       : 1121 (auto-detected)
[ROMA] Resumed policy + aux critics from /scratch/e452103/checkpoints/roma_mifutagent_dim1_H8_r16p64_ft_paperrew_pc_nodiv/roma_dim1_step4000579584.pt @ step 4,000,579,584 (fresh Adam)
[ROMA] CSV log       : /scratch/e452103/checkpoints/roma_mifutagent_dim1_H8_r16p64_ft_pc40_cb1_lr_half_nodiv/training_log.csv
[ROMA] Training for 6,500,579,584 steps ...
[ROMA step 4,001,366,016] sps=244,395,863  policy_loss=0.0039  value_loss=0.2408  mi_loss=0.0008  mi_valid=0.73  div_loss=-0.3223  kl_loss=0.0000 (disabled)  score=0.964  return=0.753  role_std=4.3805  role_norm=15.4288  enc_delta ego=0.0040 partner=0.0036 road=0.0047
[ROMA step 4,002,152,448] sps=145,566,071  policy_loss=0.0016  value_loss=0.3274  mi_loss=0.0008  mi_valid=0.72  div_loss=-0.3145  kl_loss=0.0000 (disabled)  score=0.959  return=0.734  role_std=5.2817  role_norm=15.3059  enc_delta ego=0.0037 partner=0.0038 road=0.0047
[ROMA step 4,002,938,880] sps=103,312,235  policy_loss=-0.0009  value_loss=0.4297  mi_loss=0.0008  mi_valid=0.73  div_loss=-0.3320  kl_loss=0.0000 (disabled)  score=0.953  return=0.699  role_std=5.1360  role_norm=15.6787  enc_delta ego=0.0035 partner=0.0035 road=0.0042
[ROMA step 4,003,725,312] sps=61,128,532  policy_loss=-0.0031  value_loss=0.5043  mi_loss=0.0008  mi_valid=0.72  div_loss=-0.3242  kl_loss=0.0000 (disabled)  score=0.951  return=0.697  role_std=4.9148  role_norm=15.0372  enc_delta ego=0.0040 partner=0.0035 road=0.0044
[ROMA step 4,004,511,744] sps=52,104,192  policy_loss=-0.0034  value_loss=0.5411  mi_loss=0.0008  mi_valid=0.74  div_loss=-0.3145  kl_loss=0.0000 (disabled)  score=0.948  return=0.679  role_std=4.8980  role_norm=15.2410  enc_delta ego=0.0034 partner=0.0033 road=0.0046
[ROMA step 4,005,298,176] sps=45,427,735  policy_loss=0.0030  value_loss=0.6170  mi_loss=0.0008  mi_valid=0.75  div_loss=-0.3203  kl_loss=0.0000 (disabled)  score=0.947  return=0.672  role_std=5.3993  role_norm=16.2677  enc_delta ego=0.0036 partner=0.0035 road=0.0045
[ROMA step 4,006,084,608] sps=40,247,639  policy_loss=-0.0059  value_loss=0.6468  mi_loss=0.0009  mi_valid=0.75  div_loss=-0.3047  kl_loss=0.0000 (disabled)  score=0.945  return=0.665  role_std=5.3318  role_norm=16.4313  enc_delta ego=0.0041 partner=0.0035 road=0.0052
[ROMA step 4,006,871,040] sps=32,019,222  policy_loss=-0.0028  value_loss=0.8082  mi_loss=0.0009  mi_valid=0.72  div_loss=-0.3242  kl_loss=0.0000 (disabled)  score=0.943  return=0.649  role_std=5.2693  role_norm=16.7214  enc_delta ego=0.0043 partner=0.0042 road=0.0062
[ROMA step 4,007,657,472] sps=29,413,549  policy_loss=-0.0003  value_loss=0.7166  mi_loss=0.0010  mi_valid=0.75  div_loss=-0.3223  kl_loss=0.0000 (disabled)  score=0.940  return=0.630  role_std=5.2436  role_norm=16.6658  enc_delta ego=0.0045 partner=0.0045 road=0.0063
[ROMA step 4,008,443,904] sps=27,155,713  policy_loss=0.0006  value_loss=0.8096  mi_loss=0.0010  mi_valid=0.75  div_loss=-0.3398  kl_loss=0.0000 (disabled)  score=0.937  return=0.607  role_std=5.7296  role_norm=16.8908  enc_delta ego=0.0037 partner=0.0039 road=0.0057
[ROMA step 4,009,230,336] sps=23,097,889  policy_loss=0.0045  value_loss=0.8973  mi_loss=0.0010  mi_valid=0.74  div_loss=-0.3281  kl_loss=0.0000 (disabled)  score=0.936  return=0.599  role_std=5.2485  role_norm=17.5740  enc_delta ego=0.0035 partner=0.0040 road=0.0051
[ROMA step 4,010,016,768] sps=21,729,740  policy_loss=0.0063  value_loss=0.9132  mi_loss=0.0010  mi_valid=0.76  div_loss=-0.3086  kl_loss=0.0000 (disabled)  score=0.934  return=0.588  role_std=5.5346  role_norm=18.2282  enc_delta ego=0.0037 partner=0.0037 road=0.0046
[ROMA step 4,010,803,200] sps=20,467,926  policy_loss=0.0014  value_loss=0.7405  mi_loss=0.0010  mi_valid=0.75  div_loss=-0.2969  kl_loss=0.0000 (disabled)  score=0.932  return=0.583  role_std=5.6650  role_norm=18.5247  enc_delta ego=0.0041 partner=0.0044 road=0.0057
[ROMA step 4,011,589,632] sps=19,386,950  policy_loss=-0.0053  value_loss=0.7415  mi_loss=0.0010  mi_valid=0.75  div_loss=-0.3047  kl_loss=0.0000 (disabled)  score=0.931  return=0.579  role_std=5.4053  role_norm=18.4780  enc_delta ego=0.0030 partner=0.0038 road=0.0053
[ROMA step 4,012,376,064] sps=17,141,543  policy_loss=-0.0079  value_loss=0.5873  mi_loss=0.0010  mi_valid=0.73  div_loss=-0.2910  kl_loss=0.0000 (disabled)  score=0.930  return=0.579  role_std=5.2420  role_norm=17.9828  enc_delta ego=0.0031 partner=0.0038 road=0.0048
[ROMA step 4,013,162,496] sps=16,339,879  policy_loss=-0.0015  value_loss=0.6338  mi_loss=0.0010  mi_valid=0.75  div_loss=-0.2969  kl_loss=0.0000 (disabled)  score=0.929  return=0.576  role_std=5.5700  role_norm=18.3828  enc_delta ego=0.0030 partner=0.0033 road=0.0051
[ROMA step 4,013,948,928] sps=15,603,020  policy_loss=-0.0010  value_loss=0.6891  mi_loss=0.0010  mi_valid=0.76  div_loss=-0.3008  kl_loss=0.0000 (disabled)  score=0.928  return=0.572  role_std=5.2642  role_norm=19.2277  enc_delta ego=0.0025 partner=0.0030 road=0.0038
[ROMA step 4,014,735,360] sps=14,091,420  policy_loss=0.0054  value_loss=0.8118  mi_loss=0.0010  mi_valid=0.74  div_loss=-0.3008  kl_loss=0.0000 (disabled)  score=0.925  return=0.561  role_std=5.0940  role_norm=19.6301  enc_delta ego=0.0031 partner=0.0039 road=0.0047
[ROMA step 4,015,521,792] sps=13,557,752  policy_loss=0.0073  value_loss=0.5266  mi_loss=0.0010  mi_valid=0.75  div_loss=-0.2539  kl_loss=0.0000 (disabled)  score=0.925  return=0.564  role_std=5.1135  role_norm=19.5106  enc_delta ego=0.0035 partner=0.0043 road=0.0058
[ROMA step 4,016,308,224] sps=13,074,999  policy_loss=-0.0044  value_loss=0.4232  mi_loss=0.0010  mi_valid=0.75  div_loss=-0.2598  kl_loss=0.0000 (disabled)  score=0.924  return=0.567  role_std=5.3222  role_norm=18.6772  enc_delta ego=0.0032 partner=0.0039 road=0.0044
[ROMA step 4,017,094,656] sps=12,610,123  policy_loss=0.0020  value_loss=0.5334  mi_loss=0.0010  mi_valid=0.75  div_loss=-0.2637  kl_loss=0.0000 (disabled)  score=0.924  return=0.570  role_std=4.7846  role_norm=18.8897  enc_delta ego=0.0030 partner=0.0037 road=0.0053
[ROMA step 4,017,881,088] sps=11,730,334  policy_loss=-0.0019  value_loss=0.6196  mi_loss=0.0011  mi_valid=0.75  div_loss=-0.2656  kl_loss=0.0000 (disabled)  score=0.923  return=0.568  role_std=5.3972  role_norm=19.4248  enc_delta ego=0.0028 partner=0.0027 road=0.0042
[ROMA step 4,018,667,520] sps=11,379,635  policy_loss=-0.0025  value_loss=0.6744  mi_loss=0.0011  mi_valid=0.76  div_loss=-0.2637  kl_loss=0.0000 (disabled)  score=0.923  return=0.565  role_std=5.0698  role_norm=19.7141  enc_delta ego=0.0032 partner=0.0037 road=0.0050
[ROMA step 4,019,453,952] sps=11,052,485  policy_loss=-0.0013  value_loss=0.6395  mi_loss=0.0011  mi_valid=0.76  div_loss=-0.2617  kl_loss=0.0000 (disabled)  score=0.922  return=0.565  role_std=5.2613  role_norm=19.4882  enc_delta ego=0.0035 partner=0.0041 road=0.0053
[ROMA step 4,020,240,384] sps=10,362,787  policy_loss=-0.0108  value_loss=0.4750  mi_loss=0.0012  mi_valid=0.73  div_loss=-0.2598  kl_loss=0.0000 (disabled)  score=0.921  return=0.564  role_std=5.1530  role_norm=19.3122  enc_delta ego=0.0031 partner=0.0037 road=0.0046
[ROMA step 4,021,026,816] sps=10,073,281  policy_loss=0.0006  value_loss=0.4586  mi_loss=0.0012  mi_valid=0.75  div_loss=-0.2480  kl_loss=0.0000 (disabled)  score=0.921  return=0.564  role_std=4.8597  role_norm=19.3438  enc_delta ego=0.0057 partner=0.0045 road=0.0055
[ROMA step 4,021,813,248] sps=9,809,468  policy_loss=-0.0034  value_loss=0.4315  mi_loss=0.0012  mi_valid=0.75  div_loss=-0.2520  kl_loss=0.0000 (disabled)  score=0.920  return=0.567  role_std=4.5942  role_norm=19.0555  enc_delta ego=0.0055 partner=0.0038 road=0.0053
[ROMA step 4,022,599,680] sps=9,559,516  policy_loss=-0.0040  value_loss=0.3880  mi_loss=0.0012  mi_valid=0.75  div_loss=-0.2539  kl_loss=0.0000 (disabled)  score=0.921  return=0.570  role_std=4.7333  role_norm=20.1533  enc_delta ego=0.0045 partner=0.0034 road=0.0056
[ROMA step 4,023,386,112] sps=9,063,312  policy_loss=-0.0060  value_loss=0.4795  mi_loss=0.0011  mi_valid=0.74  div_loss=-0.2578  kl_loss=0.0000 (disabled)  score=0.921  return=0.571  role_std=5.2973  role_norm=20.0732  enc_delta ego=0.0038 partner=0.0041 road=0.0065
[ROMA step 4,024,172,544] sps=8,844,351  policy_loss=-0.0017  value_loss=0.6135  mi_loss=0.0010  mi_valid=0.76  div_loss=-0.2656  kl_loss=0.0000 (disabled)  score=0.920  return=0.569  role_std=5.1764  role_norm=19.5587  enc_delta ego=0.0033 partner=0.0040 road=0.0065
[ROMA step 4,024,958,976] sps=8,632,999  policy_loss=-0.0035  value_loss=0.4331  mi_loss=0.0010  mi_valid=0.77  div_loss=-0.2617  kl_loss=0.0000 (disabled)  score=0.919  return=0.568  role_std=4.8356  role_norm=18.8206  enc_delta ego=0.0029 partner=0.0030 road=0.0044
[ROMA step 4,025,745,408] sps=8,210,283  policy_loss=-0.0010  value_loss=0.4257  mi_loss=0.0010  mi_valid=0.76  div_loss=-0.2637  kl_loss=0.0000 (disabled)  score=0.918  return=0.567  role_std=4.3908  role_norm=17.6435  enc_delta ego=0.0033 partner=0.0034 road=0.0046
[ROMA step 4,026,531,840] sps=8,034,363  policy_loss=-0.0006  value_loss=0.3483  mi_loss=0.0010  mi_valid=0.78  div_loss=-0.2500  kl_loss=0.0000 (disabled)  score=0.916  return=0.564  role_std=4.4248  role_norm=19.5538  enc_delta ego=0.0022 partner=0.0027 road=0.0043
[ROMA step 4,027,318,272] sps=7,860,853  policy_loss=0.0000  value_loss=0.2597  mi_loss=0.0010  mi_valid=0.76  div_loss=-0.2432  kl_loss=0.0000 (disabled)  score=0.915  return=0.563  role_std=4.9623  role_norm=19.5596  enc_delta ego=0.0035 partner=0.0034 road=0.0050
[ROMA step 4,028,104,704] sps=7,691,853  policy_loss=-0.0043  value_loss=0.3638  mi_loss=0.0010  mi_valid=0.76  div_loss=-0.2422  kl_loss=0.0000 (disabled)  score=0.914  return=0.563  role_std=4.7371  role_norm=19.6585  enc_delta ego=0.0033 partner=0.0036 road=0.0050
[ROMA step 4,028,891,136] sps=7,333,354  policy_loss=-0.0016  value_loss=0.3143  mi_loss=0.0011  mi_valid=0.74  div_loss=-0.2402  kl_loss=0.0000 (disabled)  score=0.913  return=0.563  role_std=4.9211  role_norm=18.8508  enc_delta ego=0.0034 partner=0.0035 road=0.0059
[ROMA step 4,029,677,568] sps=7,185,470  policy_loss=-0.0033  value_loss=0.3410  mi_loss=0.0010  mi_valid=0.76  div_loss=-0.2393  kl_loss=0.0000 (disabled)  score=0.911  return=0.561  role_std=4.6435  role_norm=18.9736  enc_delta ego=0.0034 partner=0.0033 road=0.0043
[ROMA step 4,030,464,000] sps=7,043,085  policy_loss=-0.0017  value_loss=0.3610  mi_loss=0.0010  mi_valid=0.77  div_loss=-0.2480  kl_loss=0.0000 (disabled)  score=0.911  return=0.562  role_std=4.6019  role_norm=19.8917  enc_delta ego=0.0028 partner=0.0037 road=0.0045
[ROMA step 4,031,250,432] sps=6,905,363  policy_loss=-0.0049  value_loss=0.3353  mi_loss=0.0010  mi_valid=0.77  div_loss=-0.2480  kl_loss=0.0000 (disabled)  score=0.910  return=0.563  role_std=4.9120  role_norm=19.7472  enc_delta ego=0.0032 partner=0.0038 road=0.0050
[ROMA step 4,032,036,864] sps=6,624,488  policy_loss=-0.0038  value_loss=0.3357  mi_loss=0.0012  mi_valid=0.73  div_loss=-0.2344  kl_loss=0.0000 (disabled)  score=0.909  return=0.563  role_std=4.4353  role_norm=20.1440  enc_delta ego=0.0036 partner=0.0039 road=0.0059
[ROMA step 4,032,823,296] sps=6,505,733  policy_loss=-0.0061  value_loss=0.2472  mi_loss=0.0012  mi_valid=0.75  div_loss=-0.2324  kl_loss=0.0000 (disabled)  score=0.908  return=0.567  role_std=4.5550  role_norm=19.8506  enc_delta ego=0.0030 partner=0.0029 road=0.0048
[ROMA step 4,033,609,728] sps=6,390,564  policy_loss=0.0018  value_loss=0.3333  mi_loss=0.0012  mi_valid=0.75  div_loss=-0.2314  kl_loss=0.0000 (disabled)  score=0.908  return=0.573  role_std=4.7544  role_norm=19.7025  enc_delta ego=0.0025 partner=0.0028 road=0.0038
[ROMA step 4,034,396,160] sps=6,160,166  policy_loss=0.0029  value_loss=0.3418  mi_loss=0.0012  mi_valid=0.74  div_loss=-0.2344  kl_loss=0.0000 (disabled)  score=0.909  return=0.580  role_std=4.7040  role_norm=20.5565  enc_delta ego=0.0063 partner=0.0036 road=0.0049
[ROMA step 4,035,182,592] sps=6,058,035  policy_loss=-0.0044  value_loss=0.4913  mi_loss=0.0011  mi_valid=0.76  div_loss=-0.2412  kl_loss=0.0000 (disabled)  score=0.909  return=0.584  role_std=4.8041  role_norm=20.6366  enc_delta ego=0.0075 partner=0.0039 road=0.0052
[ROMA step 4,035,969,024] sps=5,958,633  policy_loss=0.0012  value_loss=0.4085  mi_loss=0.0011  mi_valid=0.75  div_loss=-0.2256  kl_loss=0.0000 (disabled)  score=0.909  return=0.595  role_std=4.4245  role_norm=20.7709  enc_delta ego=0.0044 partner=0.0041 road=0.0050
[ROMA step 4,036,755,456] sps=5,863,157  policy_loss=0.0008  value_loss=0.3534  mi_loss=0.0011  mi_valid=0.75  div_loss=-0.2158  kl_loss=0.0000 (disabled)  score=0.909  return=0.602  role_std=4.6361  role_norm=20.8833  enc_delta ego=0.0041 partner=0.0034 road=0.0046
[ROMA step 4,037,541,888] sps=5,657,949  policy_loss=-0.0028  value_loss=0.3914  mi_loss=0.0012  mi_valid=0.74  div_loss=-0.2178  kl_loss=0.0000 (disabled)  score=0.909  return=0.605  role_std=4.9173  role_norm=20.6057  enc_delta ego=0.0032 partner=0.0032 road=0.0050
[ROMA step 4,038,328,320] sps=5,577,224  policy_loss=0.0012  value_loss=0.3252  mi_loss=0.0011  mi_valid=0.76  div_loss=-0.2119  kl_loss=0.0000 (disabled)  score=0.908  return=0.605  role_std=4.6903  role_norm=20.8802  enc_delta ego=0.0026 partner=0.0040 road=0.0047
[ROMA step 4,039,114,752] sps=5,496,420  policy_loss=-0.0028  value_loss=0.3317  mi_loss=0.0011  mi_valid=0.77  div_loss=-0.2041  kl_loss=0.0000 (disabled)  score=0.908  return=0.608  role_std=4.0823  role_norm=21.8922  enc_delta ego=0.0030 partner=0.0035 road=0.0047
[ROMA step 4,039,901,184] sps=5,322,123  policy_loss=-0.0033  value_loss=0.3892  mi_loss=0.0012  mi_valid=0.75  div_loss=-0.2119  kl_loss=0.0000 (disabled)  score=0.908  return=0.614  role_std=4.5738  role_norm=21.8601  enc_delta ego=0.0036 partner=0.0032 road=0.0045
[ROMA step 4,040,687,616] sps=5,245,572  policy_loss=0.0025  value_loss=0.6384  mi_loss=0.0011  mi_valid=0.76  div_loss=-0.2334  kl_loss=0.0000 (disabled)  score=0.907  return=0.609  role_std=4.7963  role_norm=20.9560  enc_delta ego=0.0033 partner=0.0033 road=0.0048
[ROMA step 4,041,474,048] sps=5,169,987  policy_loss=-0.0009  value_loss=0.6307  mi_loss=0.0011  mi_valid=0.77  div_loss=-0.2422  kl_loss=0.0000 (disabled)  score=0.907  return=0.609  role_std=5.4054  role_norm=20.4613  enc_delta ego=0.0036 partner=0.0036 road=0.0043
[ROMA step 4,042,260,480] sps=5,096,679  policy_loss=0.0029  value_loss=0.6412  mi_loss=0.0011  mi_valid=0.77  div_loss=-0.2539  kl_loss=0.0000 (disabled)  score=0.906  return=0.601  role_std=5.1047  role_norm=20.3012  enc_delta ego=0.0035 partner=0.0037 road=0.0048
[ROMA step 4,043,046,912] sps=4,941,778  policy_loss=0.0068  value_loss=0.7090  mi_loss=0.0010  mi_valid=0.75  div_loss=-0.2598  kl_loss=0.0000 (disabled)  score=0.905  return=0.597  role_std=5.3337  role_norm=21.6139  enc_delta ego=0.0024 partner=0.0035 road=0.0044
[ROMA step 4,043,833,344] sps=4,874,207  policy_loss=0.0048  value_loss=0.7416  mi_loss=0.0010  mi_valid=0.76  div_loss=-0.2520  kl_loss=0.0000 (disabled)  score=0.904  return=0.591  role_std=5.3382  role_norm=21.7298  enc_delta ego=0.0040 partner=0.0040 road=0.0050
[ROMA step 4,044,619,776] sps=4,811,598  policy_loss=0.0014  value_loss=0.6884  mi_loss=0.0011  mi_valid=0.76  div_loss=-0.2344  kl_loss=0.0000 (disabled)  score=0.904  return=0.590  role_std=5.3843  role_norm=22.2932  enc_delta ego=0.0029 partner=0.0036 road=0.0049
[ROMA step 4,045,406,208] sps=4,672,165  policy_loss=-0.0046  value_loss=0.5350  mi_loss=0.0011  mi_valid=0.75  div_loss=-0.2383  kl_loss=0.0000 (disabled)  score=0.903  return=0.589  role_std=5.0807  role_norm=21.6864  enc_delta ego=0.0026 partner=0.0029 road=0.0041
[ROMA step 4,046,192,640] sps=4,614,831  policy_loss=0.0014  value_loss=0.2519  mi_loss=0.0011  mi_valid=0.77  div_loss=-0.2148  kl_loss=0.0000 (disabled)  score=0.901  return=0.590  role_std=5.1166  role_norm=21.5121  enc_delta ego=0.0029 partner=0.0031 road=0.0042
[ROMA step 4,046,979,072] sps=4,556,210  policy_loss=0.0036  value_loss=0.2693  mi_loss=0.0011  mi_valid=0.77  div_loss=-0.2168  kl_loss=0.0000 (disabled)  score=0.900  return=0.592  role_std=5.1435  role_norm=21.6084  enc_delta ego=0.0029 partner=0.0032 road=0.0043
[ROMA step 4,047,765,504] sps=4,499,055  policy_loss=0.0045  value_loss=0.4388  mi_loss=0.0011  mi_valid=0.77  div_loss=-0.2285  kl_loss=0.0000 (disabled)  score=0.899  return=0.592  role_std=4.3960  role_norm=22.9264  enc_delta ego=0.0026 partner=0.0029 road=0.0042
[ROMA step 4,048,551,936] sps=4,369,996  policy_loss=0.0001  value_loss=0.3968  mi_loss=0.0011  mi_valid=0.74  div_loss=-0.2324  kl_loss=0.0000 (disabled)  score=0.898  return=0.590  role_std=4.7864  role_norm=22.3220  enc_delta ego=0.0029 partner=0.0032 road=0.0043
[ROMA step 4,049,338,368] sps=4,316,796  policy_loss=0.0042  value_loss=0.4220  mi_loss=0.0010  mi_valid=0.76  div_loss=-0.2432  kl_loss=0.0000 (disabled)  score=0.897  return=0.588  role_std=5.4636  role_norm=21.9141  enc_delta ego=0.0028 partner=0.0039 road=0.0050
[ROMA step 4,050,124,800] sps=4,266,375  policy_loss=0.0048  value_loss=0.4300  mi_loss=0.0011  mi_valid=0.76  div_loss=-0.2637  kl_loss=0.0000 (disabled)  score=0.896  return=0.585  role_std=5.5889  role_norm=21.2526  enc_delta ego=0.0023 partner=0.0030 road=0.0039
[ROMA step 4,050,911,232] sps=4,158,939  policy_loss=0.0077  value_loss=0.3816  mi_loss=0.0011  mi_valid=0.75  div_loss=-0.2578  kl_loss=0.0000 (disabled)  score=0.895  return=0.589  role_std=5.4274  role_norm=19.3006  enc_delta ego=0.0026 partner=0.0038 road=0.0043
[ROMA step 4,051,697,664] sps=4,112,022  policy_loss=0.0027  value_loss=0.3598  mi_loss=0.0010  mi_valid=0.79  div_loss=-0.2578  kl_loss=0.0000 (disabled)  score=0.894  return=0.589  role_std=5.2214  role_norm=21.7024  enc_delta ego=0.0030 partner=0.0033 road=0.0038
[ROMA step 4,052,484,096] sps=4,065,682  policy_loss=0.0003  value_loss=0.3206  mi_loss=0.0010  mi_valid=0.77  div_loss=-0.2539  kl_loss=0.0000 (disabled)  score=0.893  return=0.591  role_std=5.3591  role_norm=21.3267  enc_delta ego=0.0029 partner=0.0035 road=0.0047
[ROMA step 4,053,270,528] sps=4,020,011  policy_loss=0.0012  value_loss=0.2622  mi_loss=0.0011  mi_valid=0.77  div_loss=-0.2383  kl_loss=0.0000 (disabled)  score=0.892  return=0.592  role_std=4.9949  role_norm=21.1901  enc_delta ego=0.0033 partner=0.0037 road=0.0045
[ROMA step 4,054,056,960] sps=3,923,685  policy_loss=0.0026  value_loss=0.3431  mi_loss=0.0011  mi_valid=0.74  div_loss=-0.2539  kl_loss=0.0000 (disabled)  score=0.891  return=0.591  role_std=5.2503  role_norm=21.1661  enc_delta ego=0.0026 partner=0.0033 road=0.0047
[ROMA step 4,054,843,392] sps=3,883,422  policy_loss=-0.0061  value_loss=0.3369  mi_loss=0.0010  mi_valid=0.76  div_loss=-0.2676  kl_loss=0.0000 (disabled)  score=0.890  return=0.589  role_std=5.3668  role_norm=20.5030  enc_delta ego=0.0038 partner=0.0040 road=0.0051
[ROMA step 4,055,629,824] sps=3,844,106  policy_loss=0.0029  value_loss=0.3841  mi_loss=0.0010  mi_valid=0.77  div_loss=-0.2578  kl_loss=0.0000 (disabled)  score=0.889  return=0.586  role_std=5.1713  role_norm=22.1090  enc_delta ego=0.0032 partner=0.0037 road=0.0049
[ROMA step 4,056,416,256] sps=3,803,865  policy_loss=-0.0013  value_loss=0.4052  mi_loss=0.0010  mi_valid=0.78  div_loss=-0.2676  kl_loss=0.0000 (disabled)  score=0.888  return=0.584  role_std=5.0428  role_norm=21.9152  enc_delta ego=0.0028 partner=0.0038 road=0.0049
[ROMA step 4,057,202,688] sps=3,710,917  policy_loss=0.0010  value_loss=0.4227  mi_loss=0.0010  mi_valid=0.75  div_loss=-0.2656  kl_loss=0.0000 (disabled)  score=0.888  return=0.581  role_std=5.5098  role_norm=21.7292  enc_delta ego=0.0040 partner=0.0039 road=0.0055
[ROMA step 4,057,989,120] sps=3,674,647  policy_loss=0.0054  value_loss=0.3289  mi_loss=0.0010  mi_valid=0.77  div_loss=-0.2441  kl_loss=0.0000 (disabled)  score=0.886  return=0.579  role_std=5.4305  role_norm=21.3786  enc_delta ego=0.0028 partner=0.0034 road=0.0042
[ROMA step 4,058,775,552] sps=3,637,569  policy_loss=-0.0021  value_loss=0.2558  mi_loss=0.0010  mi_valid=0.77  div_loss=-0.2432  kl_loss=0.0000 (disabled)  score=0.885  return=0.578  role_std=5.4490  role_norm=21.1651  enc_delta ego=0.0030 partner=0.0033 road=0.0041
[ROMA step 4,059,561,984] sps=3,560,867  policy_loss=-0.0034  value_loss=0.3265  mi_loss=0.0010  mi_valid=0.77  div_loss=-0.2344  kl_loss=0.0000 (disabled)  score=0.883  return=0.574  role_std=4.5884  role_norm=22.9000  enc_delta ego=0.0024 partner=0.0033 road=0.0040
[ROMA step 4,060,348,416] sps=3,528,890  policy_loss=-0.0010  value_loss=0.3223  mi_loss=0.0010  mi_valid=0.79  div_loss=-0.2256  kl_loss=0.0000 (disabled)  score=0.882  return=0.570  role_std=4.5592  role_norm=22.8345  enc_delta ego=0.0032 partner=0.0033 road=0.0047
[ROMA step 4,061,134,848] sps=3,494,516  policy_loss=0.0050  value_loss=0.4350  mi_loss=0.0010  mi_valid=0.78  div_loss=-0.2354  kl_loss=0.0000 (disabled)  score=0.879  return=0.563  role_std=5.2087  role_norm=22.2243  enc_delta ego=0.0035 partner=0.0034 road=0.0042
[ROMA step 4,061,921,280] sps=3,462,732  policy_loss=0.0025  value_loss=0.3649  mi_loss=0.0010  mi_valid=0.77  div_loss=-0.2246  kl_loss=0.0000 (disabled)  score=0.877  return=0.559  role_std=4.9815  role_norm=21.7810  enc_delta ego=0.0021 partner=0.0032 road=0.0041
[ROMA step 4,062,707,712] sps=3,389,487  policy_loss=-0.0021  value_loss=0.3131  mi_loss=0.0010  mi_valid=0.75  div_loss=-0.2344  kl_loss=0.0000 (disabled)  score=0.874  return=0.557  role_std=5.2217  role_norm=21.3327  enc_delta ego=0.0027 partner=0.0029 road=0.0041
[ROMA step 4,063,494,144] sps=3,359,036  policy_loss=-0.0042  value_loss=0.2564  mi_loss=0.0009  mi_valid=0.76  div_loss=-0.2314  kl_loss=0.0000 (disabled)  score=0.873  return=0.555  role_std=5.0358  role_norm=20.8938  enc_delta ego=0.0029 partner=0.0035 road=0.0048
[ROMA step 4,064,280,576] sps=3,328,160  policy_loss=-0.0006  value_loss=0.2904  mi_loss=0.0010  mi_valid=0.77  div_loss=-0.2207  kl_loss=0.0000 (disabled)  score=0.872  return=0.553  role_std=4.6728  role_norm=22.3784  enc_delta ego=0.0025 partner=0.0026 road=0.0034
[ROMA step 4,065,067,008] sps=3,260,994  policy_loss=-0.0042  value_loss=0.3282  mi_loss=0.0010  mi_valid=0.75  div_loss=-0.2266  kl_loss=0.0000 (disabled)  score=0.871  return=0.553  role_std=4.8289  role_norm=23.1188  enc_delta ego=0.0030 partner=0.0034 road=0.0041
[ROMA step 4,065,853,440] sps=3,231,506  policy_loss=-0.0026  value_loss=0.3089  mi_loss=0.0010  mi_valid=0.76  div_loss=-0.2119  kl_loss=0.0000 (disabled)  score=0.871  return=0.553  role_std=5.0380  role_norm=22.6961  enc_delta ego=0.0030 partner=0.0041 road=0.0055
[ROMA step 4,066,639,872] sps=3,203,292  policy_loss=-0.0028  value_loss=0.3081  mi_loss=0.0010  mi_valid=0.76  div_loss=-0.2109  kl_loss=0.0000 (disabled)  score=0.871  return=0.553  role_std=4.9777  role_norm=22.2161  enc_delta ego=0.0028 partner=0.0030 road=0.0038
[ROMA step 4,067,426,304] sps=3,176,712  policy_loss=-0.0003  value_loss=0.2237  mi_loss=0.0010  mi_valid=0.76  div_loss=-0.2031  kl_loss=0.0000 (disabled)  score=0.871  return=0.554  role_std=4.4975  role_norm=21.8370  enc_delta ego=0.0020 partner=0.0030 road=0.0041
[ROMA step 4,068,212,736] sps=3,121,679  policy_loss=0.0134  value_loss=0.3385  mi_loss=0.0010  mi_valid=0.75  div_loss=-0.2148  kl_loss=0.0000 (disabled)  score=0.871  return=0.557  role_std=4.4679  role_norm=23.0024  enc_delta ego=0.0025 partner=0.0034 road=0.0048
[ROMA step 4,068,999,168] sps=3,095,158  policy_loss=-0.0022  value_loss=0.1926  mi_loss=0.0010  mi_valid=0.76  div_loss=-0.2080  kl_loss=0.0000 (disabled)  score=0.872  return=0.565  role_std=4.5992  role_norm=22.8484  enc_delta ego=0.0032 partner=0.0035 road=0.0051
[ROMA step 4,069,785,600] sps=3,069,607  policy_loss=-0.0023  value_loss=0.2482  mi_loss=0.0010  mi_valid=0.76  div_loss=-0.2334  kl_loss=0.0000 (disabled)  score=0.872  return=0.575  role_std=4.9959  role_norm=22.6067  enc_delta ego=0.0021 partner=0.0034 road=0.0049
[ROMA step 4,070,572,032] sps=3,014,641  policy_loss=0.0037  value_loss=0.2480  mi_loss=0.0010  mi_valid=0.74  div_loss=-0.2314  kl_loss=0.0000 (disabled)  score=0.873  return=0.584  role_std=5.3653  role_norm=21.2265  enc_delta ego=0.0023 partner=0.0032 road=0.0042
[ROMA step 4,071,358,464] sps=2,991,541  policy_loss=0.0016  value_loss=0.3613  mi_loss=0.0010  mi_valid=0.76  div_loss=-0.2344  kl_loss=0.0000 (disabled)  score=0.872  return=0.588  role_std=5.1868  role_norm=21.2997  enc_delta ego=0.0032 partner=0.0035 road=0.0043
[ROMA step 4,072,144,896] sps=2,968,590  policy_loss=-0.0015  value_loss=0.3633  mi_loss=0.0010  mi_valid=0.76  div_loss=-0.2275  kl_loss=0.0000 (disabled)  score=0.871  return=0.591  role_std=5.1724  role_norm=21.4621  enc_delta ego=0.0034 partner=0.0029 road=0.0039
[ROMA step 4,072,931,328] sps=2,944,545  policy_loss=-0.0035  value_loss=0.3209  mi_loss=0.0010  mi_valid=0.77  div_loss=-0.2227  kl_loss=0.0000 (disabled)  score=0.872  return=0.595  role_std=4.3176  role_norm=23.2085  enc_delta ego=0.0024 partner=0.0033 road=0.0046
[ROMA step 4,073,717,760] sps=2,896,792  policy_loss=0.0033  value_loss=0.3366  mi_loss=0.0010  mi_valid=0.74  div_loss=-0.2207  kl_loss=0.0000 (disabled)  score=0.873  return=0.600  role_std=5.0509  role_norm=23.3735  enc_delta ego=0.0022 partner=0.0031 road=0.0034
[ROMA step 4,074,504,192] sps=2,876,274  policy_loss=-0.0030  value_loss=0.4284  mi_loss=0.0011  mi_valid=0.76  div_loss=-0.2188  kl_loss=0.0000 (disabled)  score=0.874  return=0.599  role_std=5.0806  role_norm=23.2088  enc_delta ego=0.0030 partner=0.0035 road=0.0045
[ROMA step 4,075,290,624] sps=2,853,692  policy_loss=-0.0015  value_loss=0.3262  mi_loss=0.0010  mi_valid=0.76  div_loss=-0.2168  kl_loss=0.0000 (disabled)  score=0.875  return=0.603  role_std=5.4882  role_norm=22.5362  enc_delta ego=0.0024 partner=0.0028 road=0.0037
[ROMA step 4,076,077,056] sps=2,803,354  policy_loss=0.0038  value_loss=0.3271  mi_loss=0.0010  mi_valid=0.74  div_loss=-0.2227  kl_loss=0.0000 (disabled)  score=0.876  return=0.604  role_std=5.2346  role_norm=20.9601  enc_delta ego=0.0029 partner=0.0030 road=0.0034
[ROMA step 4,076,863,488] sps=2,782,542  policy_loss=0.0016  value_loss=0.3305  mi_loss=0.0010  mi_valid=0.78  div_loss=-0.2080  kl_loss=0.0000 (disabled)  score=0.876  return=0.605  role_std=4.2680  role_norm=23.1363  enc_delta ego=0.0028 partner=0.0035 road=0.0049
[ROMA step 4,077,649,920] sps=2,762,651  policy_loss=-0.0075  value_loss=0.3751  mi_loss=0.0010  mi_valid=0.76  div_loss=-0.2012  kl_loss=0.0000 (disabled)  score=0.876  return=0.607  role_std=4.5437  role_norm=23.5927  enc_delta ego=0.0023 partner=0.0036 road=0.0043
[ROMA step 4,078,436,352] sps=2,742,175  policy_loss=0.0022  value_loss=0.4094  mi_loss=0.0010  mi_valid=0.76  div_loss=-0.2031  kl_loss=0.0000 (disabled)  score=0.876  return=0.608  role_std=4.5104  role_norm=23.4852  enc_delta ego=0.0026 partner=0.0034 road=0.0048
[ROMA step 4,079,222,784] sps=2,698,264  policy_loss=0.0023  value_loss=0.3222  mi_loss=0.0011  mi_valid=0.74  div_loss=-0.2031  kl_loss=0.0000 (disabled)  score=0.877  return=0.608  role_std=4.5467  role_norm=23.0077  enc_delta ego=0.0022 partner=0.0027 road=0.0045
[ROMA step 4,080,009,216] sps=2,679,942  policy_loss=0.0032  value_loss=0.2777  mi_loss=0.0011  mi_valid=0.76  div_loss=-0.1865  kl_loss=0.0000 (disabled)  score=0.878  return=0.610  role_std=4.9940  role_norm=22.8759  enc_delta ego=0.0030 partner=0.0035 road=0.0056
[ROMA step 4,080,795,648] sps=2,661,829  policy_loss=-0.0020  value_loss=0.3321  mi_loss=0.0011  mi_valid=0.77  div_loss=-0.2012  kl_loss=0.0000 (disabled)  score=0.879  return=0.609  role_std=4.8366  role_norm=22.9015  enc_delta ego=0.0023 partner=0.0028 road=0.0043
[ROMA step 4,081,582,080] sps=2,643,337  policy_loss=0.0007  value_loss=0.2083  mi_loss=0.0010  mi_valid=0.77  div_loss=-0.2012  kl_loss=0.0000 (disabled)  score=0.879  return=0.609  role_std=4.4841  role_norm=23.8212  enc_delta ego=0.0024 partner=0.0027 road=0.0039
[ROMA step 4,082,368,512] sps=2,601,543  policy_loss=-0.0031  value_loss=0.2740  mi_loss=0.0011  mi_valid=0.73  div_loss=-0.1934  kl_loss=0.0000 (disabled)  score=0.881  return=0.613  role_std=4.7485  role_norm=23.7791  enc_delta ego=0.0036 partner=0.0035 road=0.0055
[ROMA step 4,083,154,944] sps=2,583,480  policy_loss=-0.0064  value_loss=0.2947  mi_loss=0.0011  mi_valid=0.75  div_loss=-0.1904  kl_loss=0.0000 (disabled)  score=0.882  return=0.618  role_std=4.5413  role_norm=23.8263  enc_delta ego=0.0032 partner=0.0037 road=0.0045
[ROMA step 4,083,941,376] sps=2,566,398  policy_loss=-0.0009  value_loss=0.2957  mi_loss=0.0011  mi_valid=0.75  div_loss=-0.1885  kl_loss=0.0000 (disabled)  score=0.884  return=0.623  role_std=4.3773  role_norm=23.6289  enc_delta ego=0.0030 partner=0.0034 road=0.0043
[ROMA step 4,084,727,808] sps=2,528,993  policy_loss=-0.0029  value_loss=0.2784  mi_loss=0.0010  mi_valid=0.74  div_loss=-0.1904  kl_loss=0.0000 (disabled)  score=0.885  return=0.629  role_std=4.5852  role_norm=22.4970  enc_delta ego=0.0041 partner=0.0043 road=0.0044
[ROMA step 4,085,514,240] sps=2,513,108  policy_loss=-0.0033  value_loss=0.3139  mi_loss=0.0010  mi_valid=0.77  div_loss=-0.1943  kl_loss=0.0000 (disabled)  score=0.886  return=0.630  role_std=4.2643  role_norm=24.6308  enc_delta ego=0.0027 partner=0.0030 road=0.0045
[ROMA step 4,086,300,672] sps=2,495,709  policy_loss=0.0019  value_loss=0.4360  mi_loss=0.0010  mi_valid=0.76  div_loss=-0.2119  kl_loss=0.0000 (disabled)  score=0.886  return=0.630  role_std=4.6984  role_norm=24.3755  enc_delta ego=0.0027 partner=0.0039 road=0.0053
[ROMA step 4,087,087,104] sps=2,478,742  policy_loss=0.0033  value_loss=0.2939  mi_loss=0.0010  mi_valid=0.76  div_loss=-0.2197  kl_loss=0.0000 (disabled)  score=0.887  return=0.634  role_std=4.9508  role_norm=23.7429  enc_delta ego=0.0030 partner=0.0036 road=0.0045
[ROMA step 4,087,873,536] sps=2,443,742  policy_loss=-0.0025  value_loss=0.3302  mi_loss=0.0011  mi_valid=0.74  div_loss=-0.2236  kl_loss=0.0000 (disabled)  score=0.888  return=0.635  role_std=5.2669  role_norm=22.7668  enc_delta ego=0.0032 partner=0.0036 road=0.0042
[ROMA step 4,088,659,968] sps=2,428,031  policy_loss=0.0081  value_loss=0.2725  mi_loss=0.0010  mi_valid=0.77  div_loss=-0.2227  kl_loss=0.0000 (disabled)  score=0.889  return=0.640  role_std=5.7098  role_norm=22.5121  enc_delta ego=0.0023 partner=0.0031 road=0.0036
[ROMA step 4,089,446,400] sps=2,412,024  policy_loss=0.0011  value_loss=0.3675  mi_loss=0.0011  mi_valid=0.78  div_loss=-0.2363  kl_loss=0.0000 (disabled)  score=0.890  return=0.640  role_std=4.9217  role_norm=23.8440  enc_delta ego=0.0026 partner=0.0027 road=0.0041
[ROMA step 4,090,232,832] sps=2,378,214  policy_loss=0.0022  value_loss=0.4766  mi_loss=0.0011  mi_valid=0.75  div_loss=-0.2295  kl_loss=0.0000 (disabled)  score=0.891  return=0.640  role_std=5.3215  role_norm=24.1559  enc_delta ego=0.0032 partner=0.0034 road=0.0039
[ROMA step 4,091,019,264] sps=2,363,507  policy_loss=0.0022  value_loss=0.3874  mi_loss=0.0010  mi_valid=0.77  div_loss=-0.2256  kl_loss=0.0000 (disabled)  score=0.892  return=0.640  role_std=5.5153  role_norm=23.7412  enc_delta ego=0.0024 partner=0.0037 road=0.0047
[ROMA step 4,091,805,696] sps=2,349,455  policy_loss=0.0071  value_loss=0.3893  mi_loss=0.0010  mi_valid=0.77  div_loss=-0.2324  kl_loss=0.0000 (disabled)  score=0.892  return=0.639  role_std=5.8889  role_norm=23.0827  enc_delta ego=0.0027 partner=0.0035 road=0.0043
[ROMA step 4,092,592,128] sps=2,335,760  policy_loss=-0.0039  value_loss=0.4023  mi_loss=0.0010  mi_valid=0.77  div_loss=-0.2324  kl_loss=0.0000 (disabled)  score=0.892  return=0.638  role_std=5.9433  role_norm=22.8094  enc_delta ego=0.0025 partner=0.0036 road=0.0045
[ROMA step 4,093,378,560] sps=2,305,576  policy_loss=0.0009  value_loss=0.3396  mi_loss=0.0011  mi_valid=0.76  div_loss=-0.2275  kl_loss=0.0000 (disabled)  score=0.892  return=0.636  role_std=4.3840  role_norm=24.5746  enc_delta ego=0.0031 partner=0.0034 road=0.0045
[ROMA step 4,094,164,992] sps=2,291,614  policy_loss=-0.0028  value_loss=0.3332  mi_loss=0.0010  mi_valid=0.78  div_loss=-0.2344  kl_loss=0.0000 (disabled)  score=0.892  return=0.637  role_std=5.0079  role_norm=24.3451  enc_delta ego=0.0027 partner=0.0036 road=0.0051
[ROMA step 4,094,951,424] sps=2,277,755  policy_loss=0.0004  value_loss=0.2520  mi_loss=0.0011  mi_valid=0.76  div_loss=-0.2344  kl_loss=0.0000 (disabled)  score=0.891  return=0.637  role_std=5.2403  role_norm=23.8802  enc_delta ego=0.0027 partner=0.0032 road=0.0041
[ROMA step 4,095,737,856] sps=2,248,987  policy_loss=-0.0051  value_loss=0.2246  mi_loss=0.0011  mi_valid=0.74  div_loss=-0.2275  kl_loss=0.0000 (disabled)  score=0.891  return=0.640  role_std=5.4779  role_norm=22.8900  enc_delta ego=0.0035 partner=0.0028 road=0.0038
[ROMA step 4,096,524,288] sps=2,236,188  policy_loss=-0.0028  value_loss=0.1941  mi_loss=0.0011  mi_valid=0.76  div_loss=-0.2129  kl_loss=0.0000 (disabled)  score=0.891  return=0.640  role_std=5.5438  role_norm=22.6271  enc_delta ego=0.0026 partner=0.0030 road=0.0042
[ROMA step 4,097,310,720] sps=2,223,743  policy_loss=0.0039  value_loss=0.2443  mi_loss=0.0010  mi_valid=0.76  div_loss=-0.2139  kl_loss=0.0000 (disabled)  score=0.892  return=0.640  role_std=5.2582  role_norm=22.6055  enc_delta ego=0.0026 partner=0.0033 road=0.0043
[ROMA step 4,098,097,152] sps=2,210,422  policy_loss=0.0006  value_loss=0.2764  mi_loss=0.0011  mi_valid=0.77  div_loss=-0.2197  kl_loss=0.0000 (disabled)  score=0.892  return=0.640  role_std=4.6919  role_norm=24.1501  enc_delta ego=0.0033 partner=0.0027 road=0.0043
[ROMA step 4,098,883,584] sps=2,181,998  policy_loss=0.0071  value_loss=0.4187  mi_loss=0.0010  mi_valid=0.74  div_loss=-0.2217  kl_loss=0.0000 (disabled)  score=0.893  return=0.644  role_std=5.0946  role_norm=24.0843  enc_delta ego=0.0040 partner=0.0029 road=0.0047
[ROMA step 4,099,670,016] sps=2,169,360  policy_loss=-0.0028  value_loss=0.4271  mi_loss=0.0010  mi_valid=0.76  div_loss=-0.2354  kl_loss=0.0000 (disabled)  score=0.894  return=0.644  role_std=5.5978  role_norm=23.5310  enc_delta ego=0.0029 partner=0.0041 road=0.0049
[ROMA step 4,100,456,448] sps=2,156,454  policy_loss=0.0027  value_loss=0.3792  mi_loss=0.0010  mi_valid=0.76  div_loss=-0.2295  kl_loss=0.0000 (disabled)  score=0.894  return=0.642  role_std=5.5408  role_norm=22.7381  enc_delta ego=0.0029 partner=0.0039 road=0.0048
[ROMA step 4,101,242,880] sps=2,129,919  policy_loss=-0.0051  value_loss=0.5465  mi_loss=0.0011  mi_valid=0.73  div_loss=-0.2471  kl_loss=0.0000 (disabled)  score=0.894  return=0.638  role_std=5.7463  role_norm=21.7101  enc_delta ego=0.0020 partner=0.0028 road=0.0035
[ROMA step 4,102,029,312] sps=2,118,976  policy_loss=0.0047  value_loss=0.2900  mi_loss=0.0012  mi_valid=0.77  div_loss=-0.2314  kl_loss=0.0000 (disabled)  score=0.895  return=0.640  role_std=5.1022  role_norm=23.8056  enc_delta ego=0.0024 partner=0.0035 road=0.0039
[ROMA step 4,102,815,744] sps=2,107,059  policy_loss=-0.0009  value_loss=0.5637  mi_loss=0.0012  mi_valid=0.76  div_loss=-0.2471  kl_loss=0.0000 (disabled)  score=0.895  return=0.638  role_std=5.4184  role_norm=23.6890  enc_delta ego=0.0034 partner=0.0034 road=0.0044
[ROMA step 4,103,602,176] sps=2,095,399  policy_loss=0.0039  value_loss=0.3671  mi_loss=0.0012  mi_valid=0.76  div_loss=-0.2344  kl_loss=0.0000 (disabled)  score=0.896  return=0.640  role_std=5.3871  role_norm=23.6556  enc_delta ego=0.0024 partner=0.0037 road=0.0043
[ROMA step 4,104,388,608] sps=2,070,371  policy_loss=0.0025  value_loss=0.4839  mi_loss=0.0012  mi_valid=0.74  div_loss=-0.2314  kl_loss=0.0000 (disabled)  score=0.897  return=0.642  role_std=5.7903  role_norm=23.3085  enc_delta ego=0.0029 partner=0.0035 road=0.0048
[ROMA step 4,105,175,040] sps=2,059,166  policy_loss=-0.0002  value_loss=0.4452  mi_loss=0.0011  mi_valid=0.76  div_loss=-0.2295  kl_loss=0.0000 (disabled)  score=0.897  return=0.641  role_std=5.6694  role_norm=23.2565  enc_delta ego=0.0026 partner=0.0035 road=0.0039
[ROMA step 4,105,961,472] sps=2,048,641  policy_loss=0.0022  value_loss=0.4176  mi_loss=0.0011  mi_valid=0.77  div_loss=-0.2236  kl_loss=0.0000 (disabled)  score=0.897  return=0.640  role_std=5.5062  role_norm=22.8149  enc_delta ego=0.0052 partner=0.0034 road=0.0041
[ROMA step 4,106,747,904] sps=2,037,053  policy_loss=0.0031  value_loss=0.3746  mi_loss=0.0010  mi_valid=0.78  div_loss=-0.2314  kl_loss=0.0000 (disabled)  score=0.897  return=0.639  role_std=4.6898  role_norm=24.2332  enc_delta ego=0.0024 partner=0.0035 road=0.0045
[ROMA step 4,107,534,336] sps=2,012,795  policy_loss=-0.0036  value_loss=0.2593  mi_loss=0.0010  mi_valid=0.75  div_loss=-0.2119  kl_loss=0.0000 (disabled)  score=0.897  return=0.641  role_std=4.8516  role_norm=24.2794  enc_delta ego=0.0029 partner=0.0037 road=0.0053
[ROMA step 4,108,320,768] sps=2,002,083  policy_loss=-0.0012  value_loss=0.2196  mi_loss=0.0010  mi_valid=0.76  div_loss=-0.2100  kl_loss=0.0000 (disabled)  score=0.897  return=0.642  role_std=5.0404  role_norm=24.5199  enc_delta ego=0.0027 partner=0.0030 road=0.0036
[ROMA step 4,109,107,200] sps=1,992,236  policy_loss=-0.0034  value_loss=0.2163  mi_loss=0.0010  mi_valid=0.76  div_loss=-0.2129  kl_loss=0.0000 (disabled)  score=0.896  return=0.640  role_std=5.3510  role_norm=23.5019  enc_delta ego=0.0022 partner=0.0029 road=0.0038
[ROMA step 4,109,893,632] sps=1,970,808  policy_loss=-0.0047  value_loss=0.2601  mi_loss=0.0010  mi_valid=0.75  div_loss=-0.2100  kl_loss=0.0000 (disabled)  score=0.895  return=0.637  role_std=5.1124  role_norm=22.2811  enc_delta ego=0.0027 partner=0.0031 road=0.0043
[ROMA step 4,110,680,064] sps=1,960,412  policy_loss=-0.0059  value_loss=0.2692  mi_loss=0.0010  mi_valid=0.77  div_loss=-0.2031  kl_loss=0.0000 (disabled)  score=0.895  return=0.638  role_std=4.5716  role_norm=24.7110  enc_delta ego=0.0037 partner=0.0033 road=0.0059
[ROMA step 4,111,466,496] sps=1,950,437  policy_loss=-0.0012  value_loss=0.2432  mi_loss=0.0010  mi_valid=0.76  div_loss=-0.2129  kl_loss=0.0000 (disabled)  score=0.895  return=0.638  role_std=5.0451  role_norm=24.3280  enc_delta ego=0.0029 partner=0.0032 road=0.0046
[ROMA step 4,112,252,928] sps=1,940,473  policy_loss=-0.0034  value_loss=0.2292  mi_loss=0.0011  mi_valid=0.76  div_loss=-0.2168  kl_loss=0.0000 (disabled)  score=0.895  return=0.636  role_std=5.2513  role_norm=23.6823  enc_delta ego=0.0029 partner=0.0033 road=0.0044
[ROMA step 4,113,039,360] sps=1,916,937  policy_loss=-0.0008  value_loss=0.2789  mi_loss=0.0011  mi_valid=0.74  div_loss=-0.2324  kl_loss=0.0000 (disabled)  score=0.895  return=0.636  role_std=5.8451  role_norm=23.1530  enc_delta ego=0.0029 partner=0.0035 road=0.0061
[ROMA step 4,113,825,792] sps=1,908,033  policy_loss=-0.0003  value_loss=0.3096  mi_loss=0.0010  mi_valid=0.76  div_loss=-0.2236  kl_loss=0.0000 (disabled)  score=0.895  return=0.636  role_std=5.6074  role_norm=23.0963  enc_delta ego=0.0019 partner=0.0023 road=0.0034
[ROMA step 4,114,612,224] sps=1,898,277  policy_loss=-0.0040  value_loss=0.4553  mi_loss=0.0010  mi_valid=0.77  div_loss=-0.2451  kl_loss=0.0000 (disabled)  score=0.895  return=0.633  role_std=5.4227  role_norm=24.2081  enc_delta ego=0.0024 partner=0.0036 road=0.0044
[ROMA step 4,115,398,656] sps=1,876,853  policy_loss=0.0044  value_loss=0.4700  mi_loss=0.0010  mi_valid=0.75  div_loss=-0.2471  kl_loss=0.0000 (disabled)  score=0.896  return=0.634  role_std=5.5601  role_norm=24.6186  enc_delta ego=0.0036 partner=0.0035 road=0.0037
[ROMA step 4,116,185,088] sps=1,867,713  policy_loss=-0.0040  value_loss=0.3617  mi_loss=0.0011  mi_valid=0.76  div_loss=-0.2334  kl_loss=0.0000 (disabled)  score=0.896  return=0.634  role_std=5.4103  role_norm=24.2253  enc_delta ego=0.0049 partner=0.0032 road=0.0046
[ROMA step 4,116,971,520] sps=1,858,761  policy_loss=-0.0016  value_loss=0.3760  mi_loss=0.0011  mi_valid=0.76  div_loss=-0.2324  kl_loss=0.0000 (disabled)  score=0.897  return=0.636  role_std=5.5302  role_norm=23.4606  enc_delta ego=0.0042 partner=0.0028 road=0.0037
[ROMA step 4,117,757,952] sps=1,849,636  policy_loss=0.0022  value_loss=0.3079  mi_loss=0.0011  mi_valid=0.77  div_loss=-0.2246  kl_loss=0.0000 (disabled)  score=0.897  return=0.638  role_std=5.5943  role_norm=22.9289  enc_delta ego=0.0037 partner=0.0026 road=0.0037
[ROMA step 4,118,544,384] sps=1,830,590  policy_loss=-0.0004  value_loss=0.4213  mi_loss=0.0011  mi_valid=0.76  div_loss=-0.2236  kl_loss=0.0000 (disabled)  score=0.896  return=0.636  role_std=4.5982  role_norm=24.5145  enc_delta ego=0.0036 partner=0.0034 road=0.0045
[ROMA step 4,119,330,816] sps=1,822,497  policy_loss=-0.0013  value_loss=0.3576  mi_loss=0.0012  mi_valid=0.79  div_loss=-0.2305  kl_loss=0.0000 (disabled)  score=0.896  return=0.635  role_std=4.8465  role_norm=24.7194  enc_delta ego=0.0025 partner=0.0031 road=0.0038
[ROMA step 4,120,117,248] sps=1,814,470  policy_loss=-0.0001  value_loss=0.3099  mi_loss=0.0012  mi_valid=0.77  div_loss=-0.2119  kl_loss=0.0000 (disabled)  score=0.896  return=0.638  role_std=5.0887  role_norm=24.6287  enc_delta ego=0.0028 partner=0.0035 road=0.0042
[ROMA step 4,120,903,680] sps=1,796,525  policy_loss=-0.0024  value_loss=0.3800  mi_loss=0.0013  mi_valid=0.74  div_loss=-0.2158  kl_loss=0.0000 (disabled)  score=0.895  return=0.638  role_std=5.2182  role_norm=24.8813  enc_delta ego=0.0031 partner=0.0035 road=0.0048
[ROMA step 4,121,690,112] sps=1,788,768  policy_loss=-0.0016  value_loss=0.3543  mi_loss=0.0014  mi_valid=0.76  div_loss=-0.2129  kl_loss=0.0000 (disabled)  score=0.895  return=0.633  role_std=5.4632  role_norm=24.6846  enc_delta ego=0.0028 partner=0.0031 road=0.0035
[ROMA step 4,122,476,544] sps=1,780,182  policy_loss=0.0044  value_loss=0.4300  mi_loss=0.0012  mi_valid=0.77  div_loss=-0.2256  kl_loss=0.0000 (disabled)  score=0.895  return=0.630  role_std=5.8585  role_norm=24.3146  enc_delta ego=0.0025 partner=0.0028 road=0.0039
[ROMA step 4,123,262,976] sps=1,771,820  policy_loss=-0.0004  value_loss=0.3548  mi_loss=0.0012  mi_valid=0.77  div_loss=-0.2266  kl_loss=0.0000 (disabled)  score=0.895  return=0.628  role_std=5.1129  role_norm=25.5677  enc_delta ego=0.0030 partner=0.0031 road=0.0038
[ROMA step 4,124,049,408] sps=1,754,783  policy_loss=0.0013  value_loss=0.3681  mi_loss=0.0012  mi_valid=0.75  div_loss=-0.2061  kl_loss=0.0000 (disabled)  score=0.895  return=0.626  role_std=5.0346  role_norm=25.5856  enc_delta ego=0.0017 partner=0.0023 road=0.0033
[ROMA step 4,124,835,840] sps=1,746,741  policy_loss=-0.0079  value_loss=0.2837  mi_loss=0.0011  mi_valid=0.76  div_loss=-0.2051  kl_loss=0.0000 (disabled)  score=0.894  return=0.625  role_std=5.2078  role_norm=25.1968  enc_delta ego=0.0035 partner=0.0033 road=0.0042
[ROMA step 4,125,622,272] sps=1,738,859  policy_loss=0.0022  value_loss=0.4245  mi_loss=0.0011  mi_valid=0.76  div_loss=-0.2148  kl_loss=0.0000 (disabled)  score=0.894  return=0.623  role_std=5.5570  role_norm=24.6315  enc_delta ego=0.0024 partner=0.0032 road=0.0038
[ROMA step 4,126,408,704] sps=1,722,732  policy_loss=-0.0018  value_loss=0.2250  mi_loss=0.0012  mi_valid=0.74  div_loss=-0.2061  kl_loss=0.0000 (disabled)  score=0.893  return=0.623  role_std=5.7598  role_norm=23.9352  enc_delta ego=0.0032 partner=0.0024 road=0.0041
[ROMA step 4,127,195,136] sps=1,715,390  policy_loss=-0.0028  value_loss=0.2958  mi_loss=0.0011  mi_valid=0.77  div_loss=-0.2139  kl_loss=0.0000 (disabled)  score=0.893  return=0.624  role_std=4.7555  role_norm=25.8279  enc_delta ego=0.0022 partner=0.0031 road=0.0038
[ROMA step 4,127,981,568] sps=1,707,925  policy_loss=0.0016  value_loss=0.3707  mi_loss=0.0011  mi_valid=0.76  div_loss=-0.2168  kl_loss=0.0000 (disabled)  score=0.893  return=0.625  role_std=4.7039  role_norm=25.9268  enc_delta ego=0.0031 partner=0.0035 road=0.0046
[ROMA step 4,128,768,000] sps=1,700,612  policy_loss=0.0048  value_loss=0.3140  mi_loss=0.0012  mi_valid=0.76  div_loss=-0.2031  kl_loss=0.0000 (disabled)  score=0.893  return=0.630  role_std=4.9476  role_norm=25.3988  enc_delta ego=0.0033 partner=0.0030 road=0.0038
[ROMA step 4,129,554,432] sps=1,684,608  policy_loss=0.0048  value_loss=0.4330  mi_loss=0.0012  mi_valid=0.73  div_loss=-0.2080  kl_loss=0.0000 (disabled)  score=0.893  return=0.631  role_std=5.1993  role_norm=24.9734  enc_delta ego=0.0024 partner=0.0031 road=0.0040
[ROMA step 4,130,340,864] sps=1,677,268  policy_loss=0.0042  value_loss=0.2911  mi_loss=0.0011  mi_valid=0.75  div_loss=-0.1992  kl_loss=0.0000 (disabled)  score=0.893  return=0.634  role_std=5.2465  role_norm=24.5956  enc_delta ego=0.0035 partner=0.0032 road=0.0043
[ROMA step 4,131,127,296] sps=1,670,327  policy_loss=-0.0045  value_loss=0.2484  mi_loss=0.0011  mi_valid=0.76  div_loss=-0.2002  kl_loss=0.0000 (disabled)  score=0.893  return=0.634  role_std=5.2635  role_norm=24.4394  enc_delta ego=0.0027 partner=0.0031 road=0.0044
[ROMA step 4,131,913,728] sps=1,663,534  policy_loss=-0.0020  value_loss=0.2725  mi_loss=0.0011  mi_valid=0.76  div_loss=-0.2080  kl_loss=0.0000 (disabled)  score=0.893  return=0.635  role_std=5.0471  role_norm=25.4919  enc_delta ego=0.0031 partner=0.0036 road=0.0044
[ROMA step 4,132,700,160] sps=1,646,957  policy_loss=0.0091  value_loss=0.4181  mi_loss=0.0011  mi_valid=0.74  div_loss=-0.2168  kl_loss=0.0000 (disabled)  score=0.893  return=0.635  role_std=5.5572  role_norm=25.2714  enc_delta ego=0.0028 partner=0.0033 road=0.0050
[ROMA step 4,133,486,592] sps=1,639,846  policy_loss=0.0049  value_loss=0.4786  mi_loss=0.0011  mi_valid=0.76  div_loss=-0.2227  kl_loss=0.0000 (disabled)  score=0.893  return=0.634  role_std=5.8864  role_norm=24.7385  enc_delta ego=0.0026 partner=0.0029 road=0.0042
[ROMA step 4,134,273,024] sps=1,633,030  policy_loss=-0.0023  value_loss=0.4719  mi_loss=0.0011  mi_valid=0.76  div_loss=-0.2178  kl_loss=0.0000 (disabled)  score=0.893  return=0.634  role_std=5.7787  role_norm=24.6281  enc_delta ego=0.0020 partner=0.0028 road=0.0039
[ROMA step 4,135,059,456] sps=1,617,852  policy_loss=-0.0027  value_loss=0.4176  mi_loss=0.0011  mi_valid=0.74  div_loss=-0.2090  kl_loss=0.0000 (disabled)  score=0.893  return=0.633  role_std=5.6039  role_norm=24.0282  enc_delta ego=0.0025 partner=0.0031 road=0.0046
[ROMA step 4,135,845,888] sps=1,610,980  policy_loss=-0.0006  value_loss=0.4291  mi_loss=0.0011  mi_valid=0.78  div_loss=-0.2129  kl_loss=0.0000 (disabled)  score=0.893  return=0.629  role_std=5.1728  role_norm=26.1942  enc_delta ego=0.0039 partner=0.0037 road=0.0049
[ROMA step 4,136,632,320] sps=1,604,154  policy_loss=0.0026  value_loss=0.4245  mi_loss=0.0011  mi_valid=0.77  div_loss=-0.1992  kl_loss=0.0000 (disabled)  score=0.893  return=0.626  role_std=5.0545  role_norm=25.9966  enc_delta ego=0.0026 partner=0.0022 road=0.0033
[ROMA step 4,137,418,752] sps=1,597,738  policy_loss=-0.0023  value_loss=0.4369  mi_loss=0.0011  mi_valid=0.77  div_loss=-0.2061  kl_loss=0.0000 (disabled)  score=0.892  return=0.623  role_std=5.1656  role_norm=26.2580  enc_delta ego=0.0034 partner=0.0032 road=0.0049
[ROMA step 4,138,205,184] sps=1,583,047  policy_loss=-0.0009  value_loss=0.3786  mi_loss=0.0011  mi_valid=0.74  div_loss=-0.2070  kl_loss=0.0000 (disabled)  score=0.891  return=0.619  role_std=5.6394  role_norm=25.0813  enc_delta ego=0.0026 partner=0.0031 road=0.0053
[ROMA step 4,138,991,616] sps=1,576,657  policy_loss=0.0009  value_loss=0.3752  mi_loss=0.0011  mi_valid=0.76  div_loss=-0.2129  kl_loss=0.0000 (disabled)  score=0.890  return=0.615  role_std=5.7293  role_norm=24.6951  enc_delta ego=0.0024 partner=0.0030 road=0.0054
[ROMA step 4,139,778,048] sps=1,570,647  policy_loss=0.0015  value_loss=0.4107  mi_loss=0.0011  mi_valid=0.77  div_loss=-0.2129  kl_loss=0.0000 (disabled)  score=0.889  return=0.611  role_std=4.9076  role_norm=24.5072  enc_delta ego=0.0026 partner=0.0029 road=0.0040
[ROMA step 4,140,564,480] sps=1,557,818  policy_loss=-0.0041  value_loss=0.4000  mi_loss=0.0011  mi_valid=0.76  div_loss=-0.2217  kl_loss=0.0000 (disabled)  score=0.889  return=0.608  role_std=5.0946  role_norm=25.9028  enc_delta ego=0.0025 partner=0.0033 road=0.0044
[ROMA step 4,141,350,912] sps=1,552,187  policy_loss=0.0008  value_loss=0.3561  mi_loss=0.0011  mi_valid=0.76  div_loss=-0.2188  kl_loss=0.0000 (disabled)  score=0.888  return=0.607  role_std=5.2513  role_norm=25.5547  enc_delta ego=0.0026 partner=0.0036 road=0.0047
[ROMA step 4,142,137,344] sps=1,546,188  policy_loss=-0.0035  value_loss=0.3152  mi_loss=0.0011  mi_valid=0.76  div_loss=-0.2158  kl_loss=0.0000 (disabled)  score=0.888  return=0.607  role_std=5.3079  role_norm=24.9222  enc_delta ego=0.0027 partner=0.0029 road=0.0038
[ROMA step 4,142,923,776] sps=1,539,796  policy_loss=-0.0012  value_loss=0.2428  mi_loss=0.0011  mi_valid=0.76  div_loss=-0.2100  kl_loss=0.0000 (disabled)  score=0.888  return=0.610  role_std=5.8001  role_norm=24.7457  enc_delta ego=0.0028 partner=0.0031 road=0.0040
[ROMA step 4,143,710,208] sps=1,526,857  policy_loss=0.0014  value_loss=0.5011  mi_loss=0.0011  mi_valid=0.75  div_loss=-0.2236  kl_loss=0.0000 (disabled)  score=0.888  return=0.610  role_std=5.0313  role_norm=24.0670  enc_delta ego=0.0033 partner=0.0031 road=0.0047
[ROMA step 4,144,496,640] sps=1,521,375  policy_loss=0.0047  value_loss=0.3753  mi_loss=0.0011  mi_valid=0.78  div_loss=-0.1973  kl_loss=0.0000 (disabled)  score=0.888  return=0.611  role_std=4.7504  role_norm=25.6353  enc_delta ego=0.0029 partner=0.0027 road=0.0038
[ROMA step 4,145,283,072] sps=1,515,817  policy_loss=0.0080  value_loss=0.5105  mi_loss=0.0011  mi_valid=0.77  div_loss=-0.2188  kl_loss=0.0000 (disabled)  score=0.889  return=0.610  role_std=5.2881  role_norm=25.5544  enc_delta ego=0.0033 partner=0.0032 road=0.0047
[ROMA step 4,146,069,504] sps=1,503,761  policy_loss=0.0045  value_loss=0.3390  mi_loss=0.0011  mi_valid=0.75  div_loss=-0.2188  kl_loss=0.0000 (disabled)  score=0.889  return=0.609  role_std=5.2546  role_norm=24.8644  enc_delta ego=0.0028 partner=0.0034 road=0.0047
[ROMA step 4,146,855,936] sps=1,498,158  policy_loss=-0.0032  value_loss=0.3618  mi_loss=0.0012  mi_valid=0.76  div_loss=-0.2168  kl_loss=0.0000 (disabled)  score=0.890  return=0.613  role_std=5.5841  role_norm=24.8509  enc_delta ego=0.0039 partner=0.0031 road=0.0045
[ROMA step 4,147,642,368] sps=1,492,313  policy_loss=0.0019  value_loss=0.2916  mi_loss=0.0011  mi_valid=0.76  div_loss=-0.2109  kl_loss=0.0000 (disabled)  score=0.891  return=0.612  role_std=5.8221  role_norm=24.4204  enc_delta ego=0.0030 partner=0.0039 road=0.0045
[ROMA step 4,148,428,800] sps=1,486,645  policy_loss=-0.0024  value_loss=0.3112  mi_loss=0.0012  mi_valid=0.77  div_loss=-0.2080  kl_loss=0.0000 (disabled)  score=0.891  return=0.612  role_std=4.5860  role_norm=26.2766  enc_delta ego=0.0024 partner=0.0028 road=0.0038
[ROMA step 4,149,215,232] sps=1,474,076  policy_loss=0.0021  value_loss=0.3566  mi_loss=0.0012  mi_valid=0.75  div_loss=-0.2129  kl_loss=0.0000 (disabled)  score=0.893  return=0.615  role_std=5.0660  role_norm=27.0449  enc_delta ego=0.0042 partner=0.0028 road=0.0040
[ROMA step 4,150,001,664] sps=1,468,947  policy_loss=-0.0060  value_loss=0.3349  mi_loss=0.0012  mi_valid=0.75  div_loss=-0.2100  kl_loss=0.0000 (disabled)  score=0.895  return=0.622  role_std=5.1707  role_norm=26.4325  enc_delta ego=0.0026 partner=0.0031 road=0.0050
[ROMA step 4,150,788,096] sps=1,463,768  policy_loss=0.0017  value_loss=0.2825  mi_loss=0.0012  mi_valid=0.75  div_loss=-0.1992  kl_loss=0.0000 (disabled)  score=0.896  return=0.627  role_std=5.6891  role_norm=26.3778  enc_delta ego=0.0031 partner=0.0031 road=0.0046
[ROMA step 4,151,574,528] sps=1,452,099  policy_loss=0.0031  value_loss=0.1860  mi_loss=0.0012  mi_valid=0.73  div_loss=-0.1982  kl_loss=0.0000 (disabled)  score=0.897  return=0.630  role_std=6.0303  role_norm=25.0432  enc_delta ego=0.0027 partner=0.0027 road=0.0040
[ROMA step 4,152,360,960] sps=1,447,170  policy_loss=0.0001  value_loss=0.3628  mi_loss=0.0011  mi_valid=0.77  div_loss=-0.2178  kl_loss=0.0000 (disabled)  score=0.897  return=0.628  role_std=5.0713  role_norm=27.0269  enc_delta ego=0.0034 partner=0.0039 road=0.0048
[ROMA step 4,153,147,392] sps=1,442,144  policy_loss=-0.0095  value_loss=0.3777  mi_loss=0.0010  mi_valid=0.77  div_loss=-0.2285  kl_loss=0.0000 (disabled)  score=0.897  return=0.627  role_std=5.0283  role_norm=26.6570  enc_delta ego=0.0033 partner=0.0040 road=0.0043
[ROMA step 4,153,933,824] sps=1,437,134  policy_loss=0.0045  value_loss=0.4005  mi_loss=0.0010  mi_valid=0.76  div_loss=-0.2354  kl_loss=0.0000 (disabled)  score=0.898  return=0.624  role_std=5.4814  role_norm=26.2488  enc_delta ego=0.0028 partner=0.0033 road=0.0043
[ROMA step 4,154,720,256] sps=1,426,331  policy_loss=0.0003  value_loss=0.5036  mi_loss=0.0010  mi_valid=0.74  div_loss=-0.2422  kl_loss=0.0000 (disabled)  score=0.897  return=0.623  role_std=6.4041  role_norm=25.3276  enc_delta ego=0.0056 partner=0.0030 road=0.0044
[ROMA step 4,155,506,688] sps=1,421,601  policy_loss=0.0004  value_loss=0.3997  mi_loss=0.0010  mi_valid=0.76  div_loss=-0.2393  kl_loss=0.0000 (disabled)  score=0.897  return=0.621  role_std=6.8675  role_norm=24.4681  enc_delta ego=0.0037 partner=0.0034 road=0.0047
[ROMA step 4,156,293,120] sps=1,416,774  policy_loss=0.0025  value_loss=0.4078  mi_loss=0.0010  mi_valid=0.76  div_loss=-0.2471  kl_loss=0.0000 (disabled)  score=0.897  return=0.617  role_std=6.4897  role_norm=23.9995  enc_delta ego=0.0034 partner=0.0035 road=0.0038
[ROMA step 4,157,079,552] sps=1,411,880  policy_loss=-0.0018  value_loss=0.3614  mi_loss=0.0010  mi_valid=0.77  div_loss=-0.2471  kl_loss=0.0000 (disabled)  score=0.896  return=0.616  role_std=5.8257  role_norm=25.9625  enc_delta ego=0.0047 partner=0.0029 road=0.0044
[ROMA step 4,157,865,984] sps=1,401,484  policy_loss=0.0085  value_loss=0.3239  mi_loss=0.0011  mi_valid=0.75  div_loss=-0.2422  kl_loss=0.0000 (disabled)  score=0.895  return=0.613  role_std=5.5892  role_norm=26.0480  enc_delta ego=0.0042 partner=0.0034 road=0.0052
[ROMA step 4,158,652,416] sps=1,396,495  policy_loss=0.0031  value_loss=0.3919  mi_loss=0.0011  mi_valid=0.77  div_loss=-0.2363  kl_loss=0.0000 (disabled)  score=0.894  return=0.609  role_std=6.1134  role_norm=25.9793  enc_delta ego=0.0035 partner=0.0031 road=0.0044
[ROMA step 4,159,438,848] sps=1,391,366  policy_loss=-0.0002  value_loss=0.3011  mi_loss=0.0012  mi_valid=0.77  div_loss=-0.2295  kl_loss=0.0000 (disabled)  score=0.893  return=0.604  role_std=6.2010  role_norm=25.6229  enc_delta ego=0.0028 partner=0.0030 road=0.0041
[ROMA step 4,160,225,280] sps=1,380,830  policy_loss=0.0024  value_loss=0.3142  mi_loss=0.0012  mi_valid=0.75  div_loss=-0.2188  kl_loss=0.0000 (disabled)  score=0.891  return=0.604  role_std=6.6819  role_norm=24.2479  enc_delta ego=0.0029 partner=0.0032 road=0.0048
[ROMA step 4,161,011,712] sps=1,375,829  policy_loss=0.0076  value_loss=0.3250  mi_loss=0.0011  mi_valid=0.79  div_loss=-0.2051  kl_loss=0.0000 (disabled)  score=0.891  return=0.605  role_std=4.5445  role_norm=26.9674  enc_delta ego=0.0033 partner=0.0027 road=0.0040
[ROMA step 4,161,798,144] sps=1,370,994  policy_loss=-0.0045  value_loss=0.1902  mi_loss=0.0012  mi_valid=0.77  div_loss=-0.1953  kl_loss=0.0000 (disabled)  score=0.890  return=0.608  role_std=4.6098  role_norm=27.0545  enc_delta ego=0.0023 partner=0.0024 road=0.0039
[ROMA step 4,162,584,576] sps=1,366,394  policy_loss=0.0017  value_loss=0.1886  mi_loss=0.0012  mi_valid=0.76  div_loss=-0.1963  kl_loss=0.0000 (disabled)  score=0.890  return=0.612  role_std=4.9415  role_norm=26.9056  enc_delta ego=0.0027 partner=0.0027 road=0.0040
[ROMA step 4,163,371,008] sps=1,356,739  policy_loss=0.0017  value_loss=0.3162  mi_loss=0.0012  mi_valid=0.75  div_loss=-0.2100  kl_loss=0.0000 (disabled)  score=0.891  return=0.616  role_std=5.3619  role_norm=25.5567  enc_delta ego=0.0020 partner=0.0026 road=0.0032
[ROMA step 4,164,157,440] sps=1,352,027  policy_loss=0.0017  value_loss=0.2536  mi_loss=0.0012  mi_valid=0.77  div_loss=-0.2090  kl_loss=0.0000 (disabled)  score=0.891  return=0.618  role_std=5.4433  role_norm=25.1675  enc_delta ego=0.0029 partner=0.0031 road=0.0032
[ROMA step 4,164,943,872] sps=1,347,646  policy_loss=-0.0026  value_loss=0.2229  mi_loss=0.0011  mi_valid=0.77  div_loss=-0.2090  kl_loss=0.0000 (disabled)  score=0.891  return=0.622  role_std=5.6427  role_norm=24.1572  enc_delta ego=0.0023 partner=0.0027 road=0.0039
[ROMA step 4,165,730,304] sps=1,336,923  policy_loss=-0.0032  value_loss=0.2381  mi_loss=0.0011  mi_valid=0.76  div_loss=-0.2139  kl_loss=0.0000 (disabled)  score=0.892  return=0.626  role_std=5.0300  role_norm=26.9869  enc_delta ego=0.0023 partner=0.0024 road=0.0034
[ROMA step 4,166,516,736] sps=1,332,820  policy_loss=-0.0049  value_loss=0.2578  mi_loss=0.0011  mi_valid=0.76  div_loss=-0.2168  kl_loss=0.0000 (disabled)  score=0.892  return=0.628  role_std=5.4803  role_norm=26.6766  enc_delta ego=0.0026 partner=0.0032 road=0.0047
[ROMA step 4,167,303,168] sps=1,328,583  policy_loss=-0.0010  value_loss=0.3293  mi_loss=0.0011  mi_valid=0.76  div_loss=-0.2314  kl_loss=0.0000 (disabled)  score=0.893  return=0.632  role_std=5.7734  role_norm=25.9340  enc_delta ego=0.0026 partner=0.0031 road=0.0041
[ROMA step 4,168,089,600] sps=1,324,110  policy_loss=0.0037  value_loss=0.3694  mi_loss=0.0011  mi_valid=0.76  div_loss=-0.2295  kl_loss=0.0000 (disabled)  score=0.894  return=0.635  role_std=6.1077  role_norm=25.3966  enc_delta ego=0.0022 partner=0.0031 road=0.0049
[ROMA step 4,168,876,032] sps=1,314,383  policy_loss=0.0022  value_loss=0.2538  mi_loss=0.0011  mi_valid=0.75  div_loss=-0.2344  kl_loss=0.0000 (disabled)  score=0.894  return=0.638  role_std=6.0479  role_norm=24.0144  enc_delta ego=0.0023 partner=0.0027 road=0.0039
[ROMA step 4,169,662,464] sps=1,310,113  policy_loss=0.0037  value_loss=0.2413  mi_loss=0.0011  mi_valid=0.78  div_loss=-0.2256  kl_loss=0.0000 (disabled)  score=0.895  return=0.641  role_std=5.2569  role_norm=26.5993  enc_delta ego=0.0034 partner=0.0034 road=0.0043
[ROMA step 4,170,448,896] sps=1,305,979  policy_loss=0.0021  value_loss=0.2457  mi_loss=0.0011  mi_valid=0.76  div_loss=-0.2334  kl_loss=0.0000 (disabled)  score=0.895  return=0.643  role_std=5.6549  role_norm=26.2955  enc_delta ego=0.0035 partner=0.0028 road=0.0044
[ROMA step 4,171,235,328] sps=1,296,785  policy_loss=0.0045  value_loss=0.4136  mi_loss=0.0011  mi_valid=0.74  div_loss=-0.2305  kl_loss=0.0000 (disabled)  score=0.895  return=0.646  role_std=6.1558  role_norm=25.6598  enc_delta ego=0.0038 partner=0.0033 road=0.0043
[ROMA step 4,172,021,760] sps=1,292,893  policy_loss=-0.0014  value_loss=0.2726  mi_loss=0.0012  mi_valid=0.76  div_loss=-0.2227  kl_loss=0.0000 (disabled)  score=0.894  return=0.642  role_std=5.8968  role_norm=25.6005  enc_delta ego=0.0063 partner=0.0034 road=0.0053
[ROMA step 4,172,808,192] sps=1,289,006  policy_loss=0.0056  value_loss=0.3532  mi_loss=0.0012  mi_valid=0.76  div_loss=-0.2217  kl_loss=0.0000 (disabled)  score=0.894  return=0.643  role_std=6.3529  role_norm=25.8114  enc_delta ego=0.0035 partner=0.0031 road=0.0041
[ROMA step 4,173,594,624] sps=1,284,757  policy_loss=-0.0066  value_loss=0.2558  mi_loss=0.0012  mi_valid=0.78  div_loss=-0.2217  kl_loss=0.0000 (disabled)  score=0.893  return=0.642  role_std=5.3164  role_norm=27.0817  enc_delta ego=0.0024 partner=0.0035 road=0.0035
[ROMA step 4,174,381,056] sps=1,275,905  policy_loss=0.0062  value_loss=0.2706  mi_loss=0.0012  mi_valid=0.76  div_loss=-0.2266  kl_loss=0.0000 (disabled)  score=0.893  return=0.644  role_std=5.6395  role_norm=27.4851  enc_delta ego=0.0039 partner=0.0032 road=0.0042
[ROMA step 4,175,167,488] sps=1,271,925  policy_loss=0.0023  value_loss=0.3026  mi_loss=0.0011  mi_valid=0.77  div_loss=-0.2158  kl_loss=0.0000 (disabled)  score=0.892  return=0.644  role_std=5.6170  role_norm=27.0949  enc_delta ego=0.0032 partner=0.0040 road=0.0061
[ROMA step 4,175,953,920] sps=1,267,935  policy_loss=0.0001  value_loss=0.2249  mi_loss=0.0011  mi_valid=0.77  div_loss=-0.2119  kl_loss=0.0000 (disabled)  score=0.891  return=0.645  role_std=5.5274  role_norm=27.1176  enc_delta ego=0.0030 partner=0.0030 road=0.0037
[ROMA step 4,176,740,352] sps=1,259,006  policy_loss=0.0042  value_loss=0.2004  mi_loss=0.0011  mi_valid=0.74  div_loss=-0.2168  kl_loss=0.0000 (disabled)  score=0.890  return=0.647  role_std=6.6768  role_norm=25.0171  enc_delta ego=0.0033 partner=0.0027 road=0.0036
[ROMA step 4,177,526,784] sps=1,255,153  policy_loss=-0.0004  value_loss=0.2567  mi_loss=0.0010  mi_valid=0.79  div_loss=-0.2129  kl_loss=0.0000 (disabled)  score=0.888  return=0.644  role_std=5.1422  role_norm=27.5567  enc_delta ego=0.0023 partner=0.0032 road=0.0042
[ROMA step 4,178,313,216] sps=1,251,246  policy_loss=-0.0027  value_loss=0.2026  mi_loss=0.0010  mi_valid=0.79  div_loss=-0.2139  kl_loss=0.0000 (disabled)  score=0.888  return=0.644  role_std=4.9293  role_norm=27.4983  enc_delta ego=0.0025 partner=0.0031 road=0.0037
[ROMA step 4,179,099,648] sps=1,247,393  policy_loss=0.0006  value_loss=0.2538  mi_loss=0.0010  mi_valid=0.77  div_loss=-0.2109  kl_loss=0.0000 (disabled)  score=0.886  return=0.641  role_std=5.3200  role_norm=27.3974  enc_delta ego=0.0021 partner=0.0032 road=0.0042
[ROMA step 4,179,886,080] sps=1,238,721  policy_loss=-0.0003  value_loss=0.2426  mi_loss=0.0010  mi_valid=0.75  div_loss=-0.2139  kl_loss=0.0000 (disabled)  score=0.885  return=0.640  role_std=5.5763  role_norm=25.9976  enc_delta ego=0.0026 partner=0.0033 road=0.0051
[ROMA step 4,180,672,512] sps=1,235,205  policy_loss=-0.0010  value_loss=0.2965  mi_loss=0.0011  mi_valid=0.77  div_loss=-0.2217  kl_loss=0.0000 (disabled)  score=0.884  return=0.640  role_std=5.7524  role_norm=25.5284  enc_delta ego=0.0022 partner=0.0026 road=0.0039
[ROMA step 4,181,458,944] sps=1,231,675  policy_loss=-0.0014  value_loss=0.2877  mi_loss=0.0010  mi_valid=0.77  div_loss=-0.2168  kl_loss=0.0000 (disabled)  score=0.884  return=0.640  role_std=5.7944  role_norm=25.3270  enc_delta ego=0.0022 partner=0.0025 road=0.0033
[ROMA step 4,182,245,376] sps=1,227,982  policy_loss=-0.0021  value_loss=0.2629  mi_loss=0.0010  mi_valid=0.78  div_loss=-0.2139  kl_loss=0.0000 (disabled)  score=0.883  return=0.642  role_std=4.6764  role_norm=26.7267  enc_delta ego=0.0026 partner=0.0026 road=0.0034
[ROMA step 4,183,031,808] sps=1,219,841  policy_loss=0.0015  value_loss=0.3257  mi_loss=0.0010  mi_valid=0.75  div_loss=-0.2090  kl_loss=0.0000 (disabled)  score=0.883  return=0.643  role_std=5.1054  role_norm=27.0025  enc_delta ego=0.0023 partner=0.0034 road=0.0047
[ROMA step 4,183,818,240] sps=1,216,245  policy_loss=0.0110  value_loss=0.3756  mi_loss=0.0011  mi_valid=0.76  div_loss=-0.2139  kl_loss=0.0000 (disabled)  score=0.882  return=0.643  role_std=5.3612  role_norm=26.9639  enc_delta ego=0.0024 partner=0.0030 road=0.0045
[ROMA step 4,184,604,672] sps=1,212,805  policy_loss=0.0011  value_loss=0.2825  mi_loss=0.0011  mi_valid=0.77  div_loss=-0.2148  kl_loss=0.0000 (disabled)  score=0.881  return=0.644  role_std=5.5767  role_norm=26.9231  enc_delta ego=0.0030 partner=0.0031 road=0.0036
[ROMA step 4,185,391,104] sps=1,204,969  policy_loss=-0.0016  value_loss=0.2716  mi_loss=0.0011  mi_valid=0.74  div_loss=-0.2080  kl_loss=0.0000 (disabled)  score=0.881  return=0.646  role_std=5.8725  role_norm=25.6743  enc_delta ego=0.0022 partner=0.0031 road=0.0037
[ROMA step 4,186,177,536] sps=1,201,627  policy_loss=0.0060  value_loss=0.2032  mi_loss=0.0010  mi_valid=0.77  div_loss=-0.1943  kl_loss=0.0000 (disabled)  score=0.881  return=0.649  role_std=4.8943  role_norm=28.0343  enc_delta ego=0.0020 partner=0.0033 road=0.0035
[ROMA step 4,186,963,968] sps=1,198,204  policy_loss=-0.0011  value_loss=0.2206  mi_loss=0.0010  mi_valid=0.76  div_loss=-0.2021  kl_loss=0.0000 (disabled)  score=0.882  return=0.654  role_std=4.9100  role_norm=27.9440  enc_delta ego=0.0027 partner=0.0026 road=0.0029
[ROMA step 4,187,750,400] sps=1,194,798  policy_loss=-0.0013  value_loss=0.2040  mi_loss=0.0010  mi_valid=0.75  div_loss=-0.1973  kl_loss=0.0000 (disabled)  score=0.883  return=0.657  role_std=5.3416  role_norm=27.5652  enc_delta ego=0.0017 partner=0.0029 road=0.0035
[ROMA step 4,188,536,832] sps=1,186,697  policy_loss=-0.0066  value_loss=0.3238  mi_loss=0.0011  mi_valid=0.74  div_loss=-0.2109  kl_loss=0.0000 (disabled)  score=0.884  return=0.658  role_std=5.6688  role_norm=27.1611  enc_delta ego=0.0029 partner=0.0038 road=0.0046
[ROMA step 4,189,323,264] sps=1,183,474  policy_loss=-0.0054  value_loss=0.2140  mi_loss=0.0011  mi_valid=0.76  div_loss=-0.2031  kl_loss=0.0000 (disabled)  score=0.885  return=0.660  role_std=6.0711  role_norm=27.1642  enc_delta ego=0.0026 partner=0.0035 road=0.0043
[ROMA step 4,190,109,696] sps=1,179,967  policy_loss=-0.0030  value_loss=0.4194  mi_loss=0.0011  mi_valid=0.76  div_loss=-0.2227  kl_loss=0.0000 (disabled)  score=0.886  return=0.656  role_std=6.1047  role_norm=26.8752  enc_delta ego=0.0031 partner=0.0035 road=0.0044
[ROMA step 4,190,896,128] sps=1,171,833  policy_loss=0.0014  value_loss=0.3881  mi_loss=0.0011  mi_valid=0.75  div_loss=-0.2275  kl_loss=0.0000 (disabled)  score=0.886  return=0.655  role_std=5.7043  role_norm=28.1211  enc_delta ego=0.0028 partner=0.0034 road=0.0048
[ROMA step 4,191,682,560] sps=1,168,576  policy_loss=0.0046  value_loss=0.4127  mi_loss=0.0010  mi_valid=0.76  div_loss=-0.2217  kl_loss=0.0000 (disabled)  score=0.887  return=0.655  role_std=5.8079  role_norm=27.8410  enc_delta ego=0.0031 partner=0.0039 road=0.0053
[ROMA step 4,192,468,992] sps=1,165,355  policy_loss=0.0009  value_loss=0.2648  mi_loss=0.0011  mi_valid=0.76  div_loss=-0.2139  kl_loss=0.0000 (disabled)  score=0.887  return=0.654  role_std=5.7243  role_norm=27.4515  enc_delta ego=0.0032 partner=0.0033 road=0.0049
[ROMA step 4,193,255,424] sps=1,161,975  policy_loss=0.0050  value_loss=0.2462  mi_loss=0.0010  mi_valid=0.76  div_loss=-0.2080  kl_loss=0.0000 (disabled)  score=0.888  return=0.653  role_std=6.1351  role_norm=27.1025  enc_delta ego=0.0026 partner=0.0032 road=0.0038
[ROMA step 4,194,041,856] sps=1,154,239  policy_loss=0.0051  value_loss=0.4082  mi_loss=0.0011  mi_valid=0.73  div_loss=-0.2168  kl_loss=0.0000 (disabled)  score=0.889  return=0.652  role_std=6.0747  role_norm=26.2656  enc_delta ego=0.0026 partner=0.0032 road=0.0041
[ROMA step 4,194,828,288] sps=1,150,888  policy_loss=-0.0020  value_loss=0.2239  mi_loss=0.0010  mi_valid=0.76  div_loss=-0.1924  kl_loss=0.0000 (disabled)  score=0.889  return=0.653  role_std=4.9523  role_norm=27.9474  enc_delta ego=0.0028 partner=0.0035 road=0.0043
[ROMA step 4,195,614,720] sps=1,147,546  policy_loss=-0.0007  value_loss=0.2684  mi_loss=0.0010  mi_valid=0.75  div_loss=-0.2021  kl_loss=0.0000 (disabled)  score=0.889  return=0.654  role_std=5.0290  role_norm=28.0118  enc_delta ego=0.0033 partner=0.0033 road=0.0044
[ROMA step 4,196,401,152] sps=1,140,215  policy_loss=-0.0010  value_loss=0.2034  mi_loss=0.0010  mi_valid=0.74  div_loss=-0.2080  kl_loss=0.0000 (disabled)  score=0.889  return=0.658  role_std=5.0770  role_norm=27.3658  enc_delta ego=0.0024 partner=0.0023 road=0.0034
[ROMA step 4,197,187,584] sps=1,137,192  policy_loss=0.0012  value_loss=0.2847  mi_loss=0.0011  mi_valid=0.76  div_loss=-0.2002  kl_loss=0.0000 (disabled)  score=0.889  return=0.654  role_std=5.6591  role_norm=26.6726  enc_delta ego=0.0033 partner=0.0029 road=0.0042
[ROMA step 4,197,974,016] sps=1,133,896  policy_loss=0.0022  value_loss=0.2534  mi_loss=0.0011  mi_valid=0.76  div_loss=-0.1924  kl_loss=0.0000 (disabled)  score=0.889  return=0.651  role_std=5.9895  role_norm=26.5567  enc_delta ego=0.0032 partner=0.0033 road=0.0043
[ROMA step 4,198,760,448] sps=1,130,649  policy_loss=-0.0043  value_loss=0.3301  mi_loss=0.0011  mi_valid=0.77  div_loss=-0.2061  kl_loss=0.0000 (disabled)  score=0.889  return=0.647  role_std=5.6025  role_norm=26.7194  enc_delta ego=0.0028 partner=0.0030 road=0.0038
[ROMA step 4,199,546,880] sps=1,123,685  policy_loss=0.0064  value_loss=0.4695  mi_loss=0.0011  mi_valid=0.76  div_loss=-0.2207  kl_loss=0.0000 (disabled)  score=0.889  return=0.647  role_std=5.4568  role_norm=28.5377  enc_delta ego=0.0027 partner=0.0025 road=0.0035
[ROMA step 4,200,333,312] sps=1,120,625  policy_loss=-0.0032  value_loss=0.3511  mi_loss=0.0011  mi_valid=0.76  div_loss=-0.2217  kl_loss=0.0000 (disabled)  score=0.890  return=0.645  role_std=5.5560  role_norm=28.3176  enc_delta ego=0.0029 partner=0.0039 road=0.0047
[ROMA step 4,201,119,744] sps=1,117,640  policy_loss=0.0037  value_loss=0.4879  mi_loss=0.0011  mi_valid=0.76  div_loss=-0.2354  kl_loss=0.0000 (disabled)  score=0.891  return=0.643  role_std=6.4554  role_norm=27.8468  enc_delta ego=0.0020 partner=0.0026 road=0.0031
[ROMA step 4,201,906,176] sps=1,110,785  policy_loss=-0.0017  value_loss=0.4193  mi_loss=0.0011  mi_valid=0.74  div_loss=-0.2363  kl_loss=0.0000 (disabled)  score=0.891  return=0.640  role_std=6.1053  role_norm=25.6972  enc_delta ego=0.0029 partner=0.0036 road=0.0039
[ROMA step 4,202,692,608] sps=1,107,782  policy_loss=-0.0021  value_loss=0.2344  mi_loss=0.0010  mi_valid=0.78  div_loss=-0.2051  kl_loss=0.0000 (disabled)  score=0.891  return=0.641  role_std=6.1297  role_norm=25.5868  enc_delta ego=0.0049 partner=0.0030 road=0.0041
[ROMA step 4,203,479,040] sps=1,104,652  policy_loss=-0.0003  value_loss=0.2554  mi_loss=0.0010  mi_valid=0.79  div_loss=-0.2051  kl_loss=0.0000 (disabled)  score=0.891  return=0.640  role_std=5.3983  role_norm=27.9563  enc_delta ego=0.0034 partner=0.0030 road=0.0049
[ROMA step 4,204,265,472] sps=1,101,552  policy_loss=-0.0022  value_loss=0.2768  mi_loss=0.0010  mi_valid=0.77  div_loss=-0.2197  kl_loss=0.0000 (disabled)  score=0.891  return=0.640  role_std=5.6309  role_norm=27.8244  enc_delta ego=0.0026 partner=0.0035 road=0.0043
[ROMA step 4,205,051,904] sps=1,094,728  policy_loss=0.0049  value_loss=0.3545  mi_loss=0.0011  mi_valid=0.74  div_loss=-0.2227  kl_loss=0.0000 (disabled)  score=0.892  return=0.639  role_std=6.3949  role_norm=27.5041  enc_delta ego=0.0031 partner=0.0039 road=0.0048
[ROMA step 4,205,838,336] sps=1,091,744  policy_loss=0.0080  value_loss=0.2473  mi_loss=0.0011  mi_valid=0.76  div_loss=-0.2109  kl_loss=0.0000 (disabled)  score=0.893  return=0.640  role_std=6.3944  role_norm=27.2791  enc_delta ego=0.0027 partner=0.0035 road=0.0042
[ROMA step 4,206,624,768] sps=1,088,764  policy_loss=-0.0035  value_loss=0.2448  mi_loss=0.0011  mi_valid=0.76  div_loss=-0.2197  kl_loss=0.0000 (disabled)  score=0.894  return=0.639  role_std=6.3780  role_norm=26.7884  enc_delta ego=0.0026 partner=0.0030 road=0.0046
[ROMA step 4,207,411,200] sps=1,085,741  policy_loss=0.0008  value_loss=0.3478  mi_loss=0.0011  mi_valid=0.77  div_loss=-0.2168  kl_loss=0.0000 (disabled)  score=0.894  return=0.639  role_std=5.6461  role_norm=28.3875  enc_delta ego=0.0026 partner=0.0029 road=0.0038
[ROMA step 4,208,197,632] sps=1,079,377  policy_loss=-0.0036  value_loss=0.2022  mi_loss=0.0011  mi_valid=0.76  div_loss=-0.2041  kl_loss=0.0000 (disabled)  score=0.895  return=0.639  role_std=5.3495  role_norm=28.2160  enc_delta ego=0.0032 partner=0.0027 road=0.0039
[ROMA step 4,208,984,064] sps=1,076,510  policy_loss=-0.0049  value_loss=0.2204  mi_loss=0.0011  mi_valid=0.77  div_loss=-0.2041  kl_loss=0.0000 (disabled)  score=0.895  return=0.641  role_std=5.6471  role_norm=27.7893  enc_delta ego=0.0026 partner=0.0027 road=0.0040
[ROMA step 4,209,770,496] sps=1,073,482  policy_loss=0.0033  value_loss=0.2921  mi_loss=0.0010  mi_valid=0.77  div_loss=-0.2129  kl_loss=0.0000 (disabled)  score=0.896  return=0.642  role_std=6.0935  role_norm=27.6962  enc_delta ego=0.0027 partner=0.0027 road=0.0039
[ROMA step 4,210,556,928] sps=1,067,313  policy_loss=0.0054  value_loss=0.3350  mi_loss=0.0010  mi_valid=0.75  div_loss=-0.2207  kl_loss=0.0000 (disabled)  score=0.895  return=0.640  role_std=6.3243  role_norm=26.6813  enc_delta ego=0.0038 partner=0.0029 road=0.0041
[ROMA step 4,211,343,360] sps=1,064,763  policy_loss=-0.0032  value_loss=0.2182  mi_loss=0.0010  mi_valid=0.78  div_loss=-0.2109  kl_loss=0.0000 (disabled)  score=0.895  return=0.641  role_std=5.3310  role_norm=28.6620  enc_delta ego=0.0033 partner=0.0031 road=0.0045
[ROMA step 4,212,129,792] sps=1,062,109  policy_loss=-0.0024  value_loss=0.2697  mi_loss=0.0011  mi_valid=0.78  div_loss=-0.2090  kl_loss=0.0000 (disabled)  score=0.896  return=0.642  role_std=5.2439  role_norm=29.1887  enc_delta ego=0.0030 partner=0.0038 road=0.0048
[ROMA step 4,212,916,224] sps=1,059,545  policy_loss=-0.0047  value_loss=0.2926  mi_loss=0.0011  mi_valid=0.77  div_loss=-0.2100  kl_loss=0.0000 (disabled)  score=0.896  return=0.643  role_std=5.3891  role_norm=28.7398  enc_delta ego=0.0024 partner=0.0029 road=0.0043
[ROMA step 4,213,702,656] sps=1,053,661  policy_loss=-0.0068  value_loss=0.3618  mi_loss=0.0011  mi_valid=0.75  div_loss=-0.2188  kl_loss=0.0000 (disabled)  score=0.896  return=0.640  role_std=6.4547  role_norm=28.1322  enc_delta ego=0.0027 partner=0.0029 road=0.0045
[ROMA step 4,214,489,088] sps=1,050,956  policy_loss=-0.0012  value_loss=0.3303  mi_loss=0.0011  mi_valid=0.77  div_loss=-0.2217  kl_loss=0.0000 (disabled)  score=0.896  return=0.635  role_std=6.5304  role_norm=27.8387  enc_delta ego=0.0028 partner=0.0032 road=0.0040
[ROMA step 4,215,275,520] sps=1,048,285  policy_loss=-0.0045  value_loss=0.3580  mi_loss=0.0011  mi_valid=0.77  div_loss=-0.2246  kl_loss=0.0000 (disabled)  score=0.895  return=0.630  role_std=6.2623  role_norm=27.2356  enc_delta ego=0.0023 partner=0.0031 road=0.0041
[ROMA step 4,216,061,952] sps=1,042,344  policy_loss=-0.0004  value_loss=0.3897  mi_loss=0.0011  mi_valid=0.76  div_loss=-0.2266  kl_loss=0.0000 (disabled)  score=0.894  return=0.625  role_std=5.4416  role_norm=29.2434  enc_delta ego=0.0029 partner=0.0032 road=0.0041
[ROMA step 4,216,848,384] sps=1,039,754  policy_loss=0.0051  value_loss=0.3988  mi_loss=0.0011  mi_valid=0.76  div_loss=-0.2236  kl_loss=0.0000 (disabled)  score=0.894  return=0.626  role_std=5.9627  role_norm=29.0149  enc_delta ego=0.0042 partner=0.0037 road=0.0050
[ROMA step 4,217,634,816] sps=1,037,136  policy_loss=0.0023  value_loss=0.4153  mi_loss=0.0012  mi_valid=0.77  div_loss=-0.2217  kl_loss=0.0000 (disabled)  score=0.893  return=0.623  role_std=6.7502  role_norm=28.5791  enc_delta ego=0.0031 partner=0.0038 road=0.0041
[ROMA step 4,218,421,248] sps=1,034,619  policy_loss=-0.0035  value_loss=0.3734  mi_loss=0.0012  mi_valid=0.76  div_loss=-0.2207  kl_loss=0.0000 (disabled)  score=0.893  return=0.622  role_std=6.4447  role_norm=28.4249  enc_delta ego=0.0033 partner=0.0035 road=0.0035
[ROMA step 4,219,207,680] sps=1,028,845  policy_loss=0.0055  value_loss=0.5523  mi_loss=0.0012  mi_valid=0.75  div_loss=-0.2227  kl_loss=0.0000 (disabled)  score=0.892  return=0.618  role_std=6.6664  role_norm=27.4411  enc_delta ego=0.0029 partner=0.0034 road=0.0041
[ROMA step 4,219,994,112] sps=1,026,352  policy_loss=0.0036  value_loss=0.3762  mi_loss=0.0012  mi_valid=0.79  div_loss=-0.2109  kl_loss=0.0000 (disabled)  score=0.891  return=0.616  role_std=5.2186  role_norm=29.1350  enc_delta ego=0.0026 partner=0.0032 road=0.0039
[ROMA step 4,220,780,544] sps=1,023,842  policy_loss=0.0053  value_loss=0.3826  mi_loss=0.0012  mi_valid=0.77  div_loss=-0.2188  kl_loss=0.0000 (disabled)  score=0.890  return=0.615  role_std=5.5217  role_norm=29.1744  enc_delta ego=0.0026 partner=0.0034 road=0.0039
[ROMA step 4,221,566,976] sps=1,017,932  policy_loss=0.0029  value_loss=0.3938  mi_loss=0.0011  mi_valid=0.75  div_loss=-0.2256  kl_loss=0.0000 (disabled)  score=0.890  return=0.614  role_std=5.8249  role_norm=28.6425  enc_delta ego=0.0022 partner=0.0022 road=0.0035
[ROMA step 4,222,353,408] sps=1,015,579  policy_loss=0.0015  value_loss=0.2555  mi_loss=0.0011  mi_valid=0.76  div_loss=-0.2051  kl_loss=0.0000 (disabled)  score=0.890  return=0.616  role_std=6.0464  role_norm=28.1795  enc_delta ego=0.0026 partner=0.0024 road=0.0036
[ROMA step 4,223,139,840] sps=1,013,209  policy_loss=-0.0007  value_loss=0.1849  mi_loss=0.0011  mi_valid=0.76  div_loss=-0.2002  kl_loss=0.0000 (disabled)  score=0.890  return=0.617  role_std=6.3781  role_norm=27.6657  enc_delta ego=0.0025 partner=0.0028 road=0.0041
[ROMA step 4,223,926,272] sps=1,010,753  policy_loss=-0.0035  value_loss=0.1574  mi_loss=0.0011  mi_valid=0.76  div_loss=-0.2002  kl_loss=0.0000 (disabled)  score=0.890  return=0.618  role_std=5.7812  role_norm=27.6682  enc_delta ego=0.0026 partner=0.0023 road=0.0035
[ROMA step 4,224,712,704] sps=1,005,617  policy_loss=0.0063  value_loss=0.3324  mi_loss=0.0011  mi_valid=0.76  div_loss=-0.2217  kl_loss=0.0000 (disabled)  score=0.889  return=0.618  role_std=5.9419  role_norm=28.8189  enc_delta ego=0.0029 partner=0.0030 road=0.0045
[ROMA step 4,225,499,136] sps=1,003,294  policy_loss=-0.0021  value_loss=0.2754  mi_loss=0.0012  mi_valid=0.77  div_loss=-0.2168  kl_loss=0.0000 (disabled)  score=0.888  return=0.618  role_std=6.0782  role_norm=28.6419  enc_delta ego=0.0027 partner=0.0030 road=0.0045
[ROMA step 4,226,285,568] sps=1,000,847  policy_loss=0.0019  value_loss=0.2234  mi_loss=0.0012  mi_valid=0.76  div_loss=-0.2109  kl_loss=0.0000 (disabled)  score=0.888  return=0.619  role_std=6.1941  role_norm=28.7350  enc_delta ego=0.0027 partner=0.0022 road=0.0029
[ROMA step 4,227,072,000] sps=995,410  policy_loss=0.0003  value_loss=0.2525  mi_loss=0.0012  mi_valid=0.74  div_loss=-0.2080  kl_loss=0.0000 (disabled)  score=0.887  return=0.621  role_std=6.6364  role_norm=27.4067  enc_delta ego=0.0020 partner=0.0021 road=0.0032
[ROMA step 4,227,858,432] sps=993,229  policy_loss=0.0008  value_loss=0.2363  mi_loss=0.0011  mi_valid=0.77  div_loss=-0.2021  kl_loss=0.0000 (disabled)  score=0.887  return=0.625  role_std=6.1786  role_norm=28.0025  enc_delta ego=0.0017 partner=0.0024 road=0.0039
[ROMA step 4,228,644,864] sps=990,930  policy_loss=-0.0000  value_loss=0.1871  mi_loss=0.0012  mi_valid=0.77  div_loss=-0.1953  kl_loss=0.0000 (disabled)  score=0.887  return=0.628  role_std=5.1167  role_norm=30.2540  enc_delta ego=0.0023 partner=0.0028 road=0.0041
[ROMA step 4,229,431,296] sps=988,640  policy_loss=0.0037  value_loss=0.2607  mi_loss=0.0011  mi_valid=0.76  div_loss=-0.2070  kl_loss=0.0000 (disabled)  score=0.887  return=0.634  role_std=5.5510  role_norm=29.7121  enc_delta ego=0.0024 partner=0.0033 road=0.0040
[ROMA step 4,230,217,728] sps=983,138  policy_loss=0.0027  value_loss=0.2275  mi_loss=0.0011  mi_valid=0.74  div_loss=-0.2109  kl_loss=0.0000 (disabled)  score=0.888  return=0.637  role_std=6.0195  role_norm=29.3546  enc_delta ego=0.0021 partner=0.0034 road=0.0040
[ROMA step 4,231,004,160] sps=980,794  policy_loss=-0.0009  value_loss=0.2078  mi_loss=0.0011  mi_valid=0.76  div_loss=-0.2051  kl_loss=0.0000 (disabled)  score=0.888  return=0.639  role_std=6.0240  role_norm=28.8837  enc_delta ego=0.0025 partner=0.0029 road=0.0037
[ROMA step 4,231,790,592] sps=978,541  policy_loss=-0.0008  value_loss=0.1712  mi_loss=0.0011  mi_valid=0.76  div_loss=-0.2100  kl_loss=0.0000 (disabled)  score=0.888  return=0.640  role_std=6.2265  role_norm=28.2688  enc_delta ego=0.0019 partner=0.0026 road=0.0037
[ROMA step 4,232,577,024] sps=976,191  policy_loss=-0.0011  value_loss=0.1286  mi_loss=0.0010  mi_valid=0.77  div_loss=-0.2021  kl_loss=0.0000 (disabled)  score=0.888  return=0.644  role_std=5.8216  role_norm=29.2044  enc_delta ego=0.0019 partner=0.0028 road=0.0035
[ROMA step 4,233,363,456] sps=971,116  policy_loss=0.0052  value_loss=0.3403  mi_loss=0.0011  mi_valid=0.76  div_loss=-0.2061  kl_loss=0.0000 (disabled)  score=0.888  return=0.643  role_std=5.5450  role_norm=29.5883  enc_delta ego=0.0019 partner=0.0024 road=0.0032
[ROMA step 4,234,149,888] sps=968,922  policy_loss=-0.0027  value_loss=0.2459  mi_loss=0.0011  mi_valid=0.77  div_loss=-0.1895  kl_loss=0.0000 (disabled)  score=0.887  return=0.642  role_std=5.0913  role_norm=29.4855  enc_delta ego=0.0031 partner=0.0025 road=0.0036
[ROMA step 4,234,936,320] sps=966,740  policy_loss=-0.0014  value_loss=0.2489  mi_loss=0.0011  mi_valid=0.77  div_loss=-0.1973  kl_loss=0.0000 (disabled)  score=0.886  return=0.642  role_std=5.5721  role_norm=29.2495  enc_delta ego=0.0023 partner=0.0027 road=0.0039
[ROMA step 4,235,722,752] sps=961,818  policy_loss=0.0141  value_loss=0.3479  mi_loss=0.0012  mi_valid=0.74  div_loss=-0.1992  kl_loss=0.0000 (disabled)  score=0.886  return=0.642  role_std=6.4085  role_norm=26.9227  enc_delta ego=0.0026 partner=0.0031 road=0.0046
[ROMA step 4,236,509,184] sps=959,770  policy_loss=-0.0043  value_loss=0.2529  mi_loss=0.0011  mi_valid=0.78  div_loss=-0.2021  kl_loss=0.0000 (disabled)  score=0.885  return=0.641  role_std=4.9883  role_norm=30.0820  enc_delta ego=0.0019 partner=0.0029 road=0.0035
[ROMA step 4,237,295,616] sps=957,636  policy_loss=-0.0009  value_loss=0.3794  mi_loss=0.0011  mi_valid=0.78  div_loss=-0.2109  kl_loss=0.0000 (disabled)  score=0.885  return=0.639  role_std=5.4362  role_norm=30.2123  enc_delta ego=0.0019 partner=0.0028 road=0.0038
[ROMA step 4,238,082,048] sps=955,529  policy_loss=-0.0029  value_loss=0.3472  mi_loss=0.0011  mi_valid=0.77  div_loss=-0.2109  kl_loss=0.0000 (disabled)  score=0.885  return=0.640  role_std=5.9752  role_norm=29.4366  enc_delta ego=0.0027 partner=0.0030 road=0.0043
[ROMA step 4,238,868,480] sps=950,984  policy_loss=-0.0016  value_loss=0.2721  mi_loss=0.0011  mi_valid=0.74  div_loss=-0.2021  kl_loss=0.0000 (disabled)  score=0.886  return=0.642  role_std=5.7681  role_norm=29.2653  enc_delta ego=0.0030 partner=0.0029 road=0.0040
[ROMA step 4,239,654,912] sps=948,773  policy_loss=0.0022  value_loss=0.1632  mi_loss=0.0011  mi_valid=0.76  div_loss=-0.1865  kl_loss=0.0000 (disabled)  score=0.887  return=0.645  role_std=5.9624  role_norm=28.6983  enc_delta ego=0.0028 partner=0.0027 road=0.0034
[ROMA step 4,240,441,344] sps=946,558  policy_loss=0.0009  value_loss=0.1787  mi_loss=0.0011  mi_valid=0.75  div_loss=-0.1904  kl_loss=0.0000 (disabled)  score=0.888  return=0.649  role_std=6.1901  role_norm=28.5844  enc_delta ego=0.0022 partner=0.0025 road=0.0037
[ROMA step 4,241,227,776] sps=941,960  policy_loss=-0.0012  value_loss=0.2709  mi_loss=0.0011  mi_valid=0.75  div_loss=-0.1953  kl_loss=0.0000 (disabled)  score=0.889  return=0.651  role_std=5.1458  role_norm=30.8869  enc_delta ego=0.0025 partner=0.0025 road=0.0036
[ROMA step 4,242,014,208] sps=939,896  policy_loss=-0.0066  value_loss=0.3171  mi_loss=0.0012  mi_valid=0.76  div_loss=-0.1914  kl_loss=0.0000 (disabled)  score=0.889  return=0.654  role_std=5.4198  role_norm=30.3290  enc_delta ego=0.0026 partner=0.0035 road=0.0046
[ROMA step 4,242,800,640] sps=937,690  policy_loss=-0.0042  value_loss=0.3443  mi_loss=0.0012  mi_valid=0.76  div_loss=-0.2002  kl_loss=0.0000 (disabled)  score=0.890  return=0.656  role_std=6.0149  role_norm=30.0165  enc_delta ego=0.0025 partner=0.0032 road=0.0039
[ROMA step 4,243,587,072] sps=935,472  policy_loss=-0.0054  value_loss=0.2546  mi_loss=0.0012  mi_valid=0.76  div_loss=-0.1982  kl_loss=0.0000 (disabled)  score=0.891  return=0.659  role_std=5.7226  role_norm=28.8803  enc_delta ego=0.0024 partner=0.0030 road=0.0041
[ROMA step 4,244,373,504] sps=930,951  policy_loss=0.0028  value_loss=0.2931  mi_loss=0.0012  mi_valid=0.74  div_loss=-0.1953  kl_loss=0.0000 (disabled)  score=0.892  return=0.663  role_std=5.8941  role_norm=28.0220  enc_delta ego=0.0030 partner=0.0030 road=0.0036
[ROMA step 4,245,159,936] sps=928,974  policy_loss=0.0003  value_loss=0.2694  mi_loss=0.0011  mi_valid=0.77  div_loss=-0.1982  kl_loss=0.0000 (disabled)  score=0.892  return=0.664  role_std=5.1946  role_norm=29.7424  enc_delta ego=0.0031 partner=0.0033 road=0.0038
[ROMA step 4,245,946,368] sps=926,927  policy_loss=0.0036  value_loss=0.3321  mi_loss=0.0011  mi_valid=0.77  div_loss=-0.2051  kl_loss=0.0000 (disabled)  score=0.893  return=0.668  role_std=5.6224  role_norm=29.6037  enc_delta ego=0.0032 partner=0.0031 road=0.0041
[ROMA step 4,246,732,800] sps=922,353  policy_loss=0.0004  value_loss=0.2464  mi_loss=0.0012  mi_valid=0.75  div_loss=-0.1973  kl_loss=0.0000 (disabled)  score=0.894  return=0.671  role_std=5.6102  role_norm=29.4189  enc_delta ego=0.0025 partner=0.0028 road=0.0033
[ROMA step 4,247,519,232] sps=920,461  policy_loss=0.0025  value_loss=0.2087  mi_loss=0.0011  mi_valid=0.76  div_loss=-0.1787  kl_loss=0.0000 (disabled)  score=0.895  return=0.679  role_std=5.2392  role_norm=29.1105  enc_delta ego=0.0024 partner=0.0030 road=0.0044
[ROMA step 4,248,305,664] sps=918,398  policy_loss=-0.0021  value_loss=0.2480  mi_loss=0.0011  mi_valid=0.76  div_loss=-0.1816  kl_loss=0.0000 (disabled)  score=0.896  return=0.682  role_std=5.7782  role_norm=29.2444  enc_delta ego=0.0022 partner=0.0024 road=0.0034
[ROMA step 4,249,092,096] sps=916,361  policy_loss=-0.0002  value_loss=0.2478  mi_loss=0.0011  mi_valid=0.76  div_loss=-0.1836  kl_loss=0.0000 (disabled)  score=0.896  return=0.683  role_std=5.5273  role_norm=28.9972  enc_delta ego=0.0024 partner=0.0030 road=0.0045
[ROMA step 4,249,878,528] sps=911,723  policy_loss=0.0050  value_loss=0.2841  mi_loss=0.0011  mi_valid=0.75  div_loss=-0.1855  kl_loss=0.0000 (disabled)  score=0.896  return=0.683  role_std=5.2117  role_norm=30.0922  enc_delta ego=0.0026 partner=0.0035 road=0.0048
[ROMA step 4,250,664,960] sps=909,891  policy_loss=-0.0011  value_loss=0.2699  mi_loss=0.0011  mi_valid=0.76  div_loss=-0.1953  kl_loss=0.0000 (disabled)  score=0.896  return=0.683  role_std=5.4071  role_norm=30.1028  enc_delta ego=0.0024 partner=0.0033 road=0.0052
[ROMA] Saved -> /scratch/e452103/checkpoints/roma_mifutagent_dim1_H8_r16p64_ft_pc40_cb1_lr_half_nodiv/roma_dim1_step4250664960.pt
[ROMA step 4,251,451,392] sps=908,044  policy_loss=0.0002  value_loss=0.2166  mi_loss=0.0011  mi_valid=0.75  div_loss=-0.1885  kl_loss=0.0000 (disabled)  score=0.896  return=0.681  role_std=5.5761  role_norm=29.7895  enc_delta ego=0.0029 partner=0.0031 road=0.0047
[ROMA step 4,252,237,824] sps=904,142  policy_loss=-0.0019  value_loss=0.1977  mi_loss=0.0011  mi_valid=0.73  div_loss=-0.1846  kl_loss=0.0000 (disabled)  score=0.897  return=0.679  role_std=6.2500  role_norm=28.3250  enc_delta ego=0.0024 partner=0.0024 road=0.0036
[ROMA step 4,253,024,256] sps=902,322  policy_loss=0.0038  value_loss=0.3094  mi_loss=0.0012  mi_valid=0.76  div_loss=-0.1943  kl_loss=0.0000 (disabled)  score=0.898  return=0.681  role_std=6.1349  role_norm=28.4768  enc_delta ego=0.0036 partner=0.0024 road=0.0031
[ROMA step 4,253,810,688] sps=900,490  policy_loss=0.0052  value_loss=0.2667  mi_loss=0.0012  mi_valid=0.77  div_loss=-0.1865  kl_loss=0.0000 (disabled)  score=0.898  return=0.681  role_std=4.8225  role_norm=30.2373  enc_delta ego=0.0048 partner=0.0022 road=0.0029
[ROMA step 4,254,597,120] sps=898,467  policy_loss=0.0048  value_loss=0.2823  mi_loss=0.0012  mi_valid=0.76  div_loss=-0.1816  kl_loss=0.0000 (disabled)  score=0.900  return=0.683  role_std=5.1303  role_norm=30.2636  enc_delta ego=0.0041 partner=0.0022 road=0.0035
[ROMA step 4,255,383,552] sps=894,221  policy_loss=-0.0025  value_loss=0.3061  mi_loss=0.0012  mi_valid=0.74  div_loss=-0.1846  kl_loss=0.0000 (disabled)  score=0.900  return=0.683  role_std=5.4340  role_norm=29.9752  enc_delta ego=0.0030 partner=0.0027 road=0.0044
[ROMA step 4,256,169,984] sps=892,252  policy_loss=0.0021  value_loss=0.2601  mi_loss=0.0011  mi_valid=0.76  div_loss=-0.1777  kl_loss=0.0000 (disabled)  score=0.901  return=0.683  role_std=5.4552  role_norm=29.7707  enc_delta ego=0.0028 partner=0.0026 road=0.0042
[ROMA step 4,256,956,416] sps=890,272  policy_loss=-0.0078  value_loss=0.1455  mi_loss=0.0011  mi_valid=0.76  div_loss=-0.1758  kl_loss=0.0000 (disabled)  score=0.901  return=0.683  role_std=5.4241  role_norm=29.4889  enc_delta ego=0.0025 partner=0.0026 road=0.0038
[ROMA step 4,257,742,848] sps=888,309  policy_loss=-0.0029  value_loss=0.2172  mi_loss=0.0011  mi_valid=0.77  div_loss=-0.1904  kl_loss=0.0000 (disabled)  score=0.901  return=0.684  role_std=5.1590  role_norm=29.5609  enc_delta ego=0.0030 partner=0.0029 road=0.0039
[ROMA step 4,258,529,280] sps=883,604  policy_loss=-0.0018  value_loss=0.3285  mi_loss=0.0012  mi_valid=0.75  div_loss=-0.2178  kl_loss=0.0000 (disabled)  score=0.901  return=0.682  role_std=5.6358  role_norm=30.5456  enc_delta ego=0.0028 partner=0.0035 road=0.0046
[ROMA step 4,259,315,712] sps=881,779  policy_loss=0.0062  value_loss=0.2347  mi_loss=0.0012  mi_valid=0.76  div_loss=-0.2100  kl_loss=0.0000 (disabled)  score=0.902  return=0.683  role_std=5.8278  role_norm=29.8209  enc_delta ego=0.0028 partner=0.0035 road=0.0049
[ROMA step 4,260,102,144] sps=879,988  policy_loss=-0.0048  value_loss=0.2919  mi_loss=0.0012  mi_valid=0.76  div_loss=-0.2148  kl_loss=0.0000 (disabled)  score=0.903  return=0.680  role_std=6.2356  role_norm=29.9392  enc_delta ego=0.0033 partner=0.0030 road=0.0041
[ROMA step 4,260,888,576] sps=875,917  policy_loss=0.0011  value_loss=0.2976  mi_loss=0.0012  mi_valid=0.74  div_loss=-0.2041  kl_loss=0.0000 (disabled)  score=0.903  return=0.677  role_std=6.6257  role_norm=29.1433  enc_delta ego=0.0022 partner=0.0024 road=0.0033
[ROMA step 4,261,675,008] sps=874,242  policy_loss=0.0056  value_loss=0.2931  mi_loss=0.0011  mi_valid=0.77  div_loss=-0.1953  kl_loss=0.0000 (disabled)  score=0.904  return=0.678  role_std=6.0126  role_norm=29.4998  enc_delta ego=0.0023 partner=0.0026 road=0.0036
[ROMA step 4,262,461,440] sps=872,435  policy_loss=-0.0088  value_loss=0.3045  mi_loss=0.0011  mi_valid=0.78  div_loss=-0.2002  kl_loss=0.0000 (disabled)  score=0.905  return=0.678  role_std=5.2055  role_norm=30.8455  enc_delta ego=0.0021 partner=0.0028 road=0.0038
[ROMA step 4,263,247,872] sps=870,743  policy_loss=-0.0013  value_loss=0.3404  mi_loss=0.0010  mi_valid=0.77  div_loss=-0.2070  kl_loss=0.0000 (disabled)  score=0.906  return=0.679  role_std=5.9278  role_norm=30.3596  enc_delta ego=0.0025 partner=0.0031 road=0.0047
[ROMA step 4,264,034,304] sps=866,605  policy_loss=-0.0064  value_loss=0.3375  mi_loss=0.0011  mi_valid=0.74  div_loss=-0.2061  kl_loss=0.0000 (disabled)  score=0.906  return=0.680  role_std=6.7208  role_norm=29.9235  enc_delta ego=0.0018 partner=0.0026 road=0.0041
[ROMA step 4,264,820,736] sps=864,853  policy_loss=0.0033  value_loss=0.2400  mi_loss=0.0011  mi_valid=0.76  div_loss=-0.2041  kl_loss=0.0000 (disabled)  score=0.906  return=0.680  role_std=6.1220  role_norm=29.4466  enc_delta ego=0.0021 partner=0.0033 road=0.0039
[ROMA step 4,265,607,168] sps=863,104  policy_loss=-0.0000  value_loss=0.3067  mi_loss=0.0011  mi_valid=0.76  div_loss=-0.2012  kl_loss=0.0000 (disabled)  score=0.906  return=0.679  role_std=6.0035  role_norm=28.9819  enc_delta ego=0.0021 partner=0.0028 road=0.0037
[ROMA step 4,266,393,600] sps=859,216  policy_loss=-0.0019  value_loss=0.3042  mi_loss=0.0011  mi_valid=0.76  div_loss=-0.2002  kl_loss=0.0000 (disabled)  score=0.905  return=0.678  role_std=4.9107  role_norm=31.5038  enc_delta ego=0.0031 partner=0.0029 road=0.0048
[ROMA step 4,267,180,032] sps=857,615  policy_loss=0.0013  value_loss=0.2335  mi_loss=0.0012  mi_valid=0.77  div_loss=-0.1943  kl_loss=0.0000 (disabled)  score=0.904  return=0.676  role_std=5.5153  role_norm=30.9213  enc_delta ego=0.0030 partner=0.0032 road=0.0050
[ROMA step 4,267,966,464] sps=855,920  policy_loss=0.0027  value_loss=0.2256  mi_loss=0.0012  mi_valid=0.76  div_loss=-0.1934  kl_loss=0.0000 (disabled)  score=0.904  return=0.673  role_std=5.8647  role_norm=30.1932  enc_delta ego=0.0032 partner=0.0029 road=0.0048
[ROMA step 4,268,752,896] sps=854,232  policy_loss=-0.0064  value_loss=0.2603  mi_loss=0.0012  mi_valid=0.76  div_loss=-0.1895  kl_loss=0.0000 (disabled)  score=0.903  return=0.670  role_std=5.8140  role_norm=29.5775  enc_delta ego=0.0024 partner=0.0026 road=0.0040
[ROMA step 4,269,539,328] sps=850,234  policy_loss=0.0033  value_loss=0.2518  mi_loss=0.0012  mi_valid=0.74  div_loss=-0.1885  kl_loss=0.0000 (disabled)  score=0.902  return=0.671  role_std=6.1939  role_norm=29.4390  enc_delta ego=0.0035 partner=0.0039 road=0.0041
[ROMA step 4,270,325,760] sps=848,577  policy_loss=0.0016  value_loss=0.2706  mi_loss=0.0011  mi_valid=0.77  div_loss=-0.1963  kl_loss=0.0000 (disabled)  score=0.902  return=0.671  role_std=5.2368  role_norm=31.0543  enc_delta ego=0.0030 partner=0.0026 road=0.0035
[ROMA step 4,271,112,192] sps=846,865  policy_loss=-0.0026  value_loss=0.2127  mi_loss=0.0012  mi_valid=0.77  div_loss=-0.1924  kl_loss=0.0000 (disabled)  score=0.902  return=0.674  role_std=5.3415  role_norm=31.2944  enc_delta ego=0.0028 partner=0.0032 road=0.0043
[ROMA step 4,271,898,624] sps=843,159  policy_loss=0.0023  value_loss=0.2838  mi_loss=0.0012  mi_valid=0.74  div_loss=-0.1865  kl_loss=0.0000 (disabled)  score=0.902  return=0.674  role_std=5.9857  role_norm=31.1126  enc_delta ego=0.0030 partner=0.0026 road=0.0034
[ROMA step 4,272,685,056] sps=841,481  policy_loss=-0.0004  value_loss=0.3511  mi_loss=0.0012  mi_valid=0.76  div_loss=-0.1934  kl_loss=0.0000 (disabled)  score=0.901  return=0.673  role_std=6.1716  role_norm=30.8627  enc_delta ego=0.0021 partner=0.0031 road=0.0040
[ROMA step 4,273,471,488] sps=839,939  policy_loss=0.0058  value_loss=0.2850  mi_loss=0.0012  mi_valid=0.77  div_loss=-0.1934  kl_loss=0.0000 (disabled)  score=0.899  return=0.671  role_std=6.3794  role_norm=30.4902  enc_delta ego=0.0029 partner=0.0041 road=0.0047
[ROMA step 4,274,257,920] sps=838,293  policy_loss=0.0006  value_loss=0.2963  mi_loss=0.0011  mi_valid=0.76  div_loss=-0.1953  kl_loss=0.0000 (disabled)  score=0.898  return=0.669  role_std=6.6034  role_norm=29.9693  enc_delta ego=0.0034 partner=0.0039 road=0.0039
[ROMA step 4,275,044,352] sps=834,789  policy_loss=-0.0056  value_loss=0.3020  mi_loss=0.0011  mi_valid=0.76  div_loss=-0.1914  kl_loss=0.0000 (disabled)  score=0.898  return=0.666  role_std=4.7663  role_norm=31.6679  enc_delta ego=0.0030 partner=0.0031 road=0.0047
[ROMA step 4,275,830,784] sps=833,157  policy_loss=-0.0015  value_loss=0.2912  mi_loss=0.0011  mi_valid=0.77  div_loss=-0.1875  kl_loss=0.0000 (disabled)  score=0.897  return=0.662  role_std=4.9379  role_norm=31.3670  enc_delta ego=0.0033 partner=0.0033 road=0.0044
[ROMA step 4,276,617,216] sps=831,462  policy_loss=0.0009  value_loss=0.2311  mi_loss=0.0011  mi_valid=0.77  div_loss=-0.1875  kl_loss=0.0000 (disabled)  score=0.896  return=0.661  role_std=5.3116  role_norm=29.9408  enc_delta ego=0.0028 partner=0.0033 road=0.0039
[ROMA step 4,277,403,648] sps=827,905  policy_loss=0.0071  value_loss=0.2685  mi_loss=0.0011  mi_valid=0.75  div_loss=-0.1885  kl_loss=0.0000 (disabled)  score=0.895  return=0.660  role_std=6.0160  role_norm=29.2492  enc_delta ego=0.0030 partner=0.0029 road=0.0038
[ROMA step 4,278,190,080] sps=826,249  policy_loss=-0.0034  value_loss=0.1806  mi_loss=0.0011  mi_valid=0.76  div_loss=-0.1816  kl_loss=0.0000 (disabled)  score=0.894  return=0.661  role_std=6.1805  role_norm=28.8666  enc_delta ego=0.0030 partner=0.0033 road=0.0043
[ROMA step 4,278,976,512] sps=824,617  policy_loss=-0.0030  value_loss=0.2205  mi_loss=0.0011  mi_valid=0.77  div_loss=-0.1797  kl_loss=0.0000 (disabled)  score=0.894  return=0.661  role_std=4.6496  role_norm=31.3381  enc_delta ego=0.0023 partner=0.0032 road=0.0039
[ROMA step 4,279,762,944] sps=823,046  policy_loss=-0.0014  value_loss=0.2210  mi_loss=0.0011  mi_valid=0.76  div_loss=-0.1865  kl_loss=0.0000 (disabled)  score=0.893  return=0.661  role_std=4.8681  role_norm=31.1328  enc_delta ego=0.0037 partner=0.0032 road=0.0045
[ROMA step 4,280,549,376] sps=819,628  policy_loss=0.0065  value_loss=0.3152  mi_loss=0.0011  mi_valid=0.74  div_loss=-0.1943  kl_loss=0.0000 (disabled)  score=0.892  return=0.660  role_std=5.9480  role_norm=30.4267  enc_delta ego=0.0022 partner=0.0029 road=0.0041
[ROMA step 4,281,335,808] sps=818,016  policy_loss=0.0008  value_loss=0.2857  mi_loss=0.0011  mi_valid=0.76  div_loss=-0.1924  kl_loss=0.0000 (disabled)  score=0.891  return=0.659  role_std=6.2991  role_norm=29.8667  enc_delta ego=0.0020 partner=0.0029 road=0.0037
[ROMA step 4,282,122,240] sps=816,404  policy_loss=0.0028  value_loss=0.3164  mi_loss=0.0011  mi_valid=0.77  div_loss=-0.1904  kl_loss=0.0000 (disabled)  score=0.889  return=0.656  role_std=6.3536  role_norm=29.2776  enc_delta ego=0.0019 partner=0.0023 road=0.0034
[ROMA step 4,282,908,672] sps=814,857  policy_loss=-0.0039  value_loss=0.1823  mi_loss=0.0011  mi_valid=0.77  div_loss=-0.1865  kl_loss=0.0000 (disabled)  score=0.888  return=0.656  role_std=6.0197  role_norm=28.9097  enc_delta ego=0.0022 partner=0.0024 road=0.0039
[ROMA step 4,283,695,104] sps=811,355  policy_loss=-0.0052  value_loss=0.1863  mi_loss=0.0011  mi_valid=0.76  div_loss=-0.1865  kl_loss=0.0000 (disabled)  score=0.888  return=0.656  role_std=5.3281  role_norm=30.8237  enc_delta ego=0.0019 partner=0.0028 road=0.0037
[ROMA step 4,284,481,536] sps=809,741  policy_loss=0.0015  value_loss=0.2108  mi_loss=0.0011  mi_valid=0.76  div_loss=-0.1924  kl_loss=0.0000 (disabled)  score=0.887  return=0.656  role_std=5.6573  role_norm=30.8747  enc_delta ego=0.0025 partner=0.0033 road=0.0043
[ROMA step 4,285,267,968] sps=808,203  policy_loss=-0.0027  value_loss=0.2638  mi_loss=0.0011  mi_valid=0.76  div_loss=-0.2002  kl_loss=0.0000 (disabled)  score=0.887  return=0.655  role_std=6.5655  role_norm=30.2371  enc_delta ego=0.0026 partner=0.0032 road=0.0046
[ROMA step 4,286,054,400] sps=804,834  policy_loss=0.0032  value_loss=0.3977  mi_loss=0.0011  mi_valid=0.74  div_loss=-0.2041  kl_loss=0.0000 (disabled)  score=0.886  return=0.654  role_std=6.0645  role_norm=29.3959  enc_delta ego=0.0018 partner=0.0026 road=0.0036
[ROMA step 4,286,840,832] sps=803,313  policy_loss=-0.0074  value_loss=0.1678  mi_loss=0.0011  mi_valid=0.77  div_loss=-0.1836  kl_loss=0.0000 (disabled)  score=0.886  return=0.656  role_std=5.7702  role_norm=29.4830  enc_delta ego=0.0031 partner=0.0034 road=0.0040
[ROMA step 4,287,627,264] sps=801,789  policy_loss=0.0014  value_loss=0.2062  mi_loss=0.0010  mi_valid=0.77  div_loss=-0.1787  kl_loss=0.0000 (disabled)  score=0.885  return=0.658  role_std=4.9137  role_norm=31.2903  enc_delta ego=0.0030 partner=0.0034 road=0.0043
[ROMA step 4,288,413,696] sps=800,295  policy_loss=0.0020  value_loss=0.1620  mi_loss=0.0011  mi_valid=0.76  div_loss=-0.1855  kl_loss=0.0000 (disabled)  score=0.885  return=0.662  role_std=5.0755  role_norm=30.7796  enc_delta ego=0.0026 partner=0.0030 road=0.0036
[ROMA step 4,289,200,128] sps=796,955  policy_loss=-0.0027  value_loss=0.4492  mi_loss=0.0012  mi_valid=0.74  div_loss=-0.2061  kl_loss=0.0000 (disabled)  score=0.885  return=0.661  role_std=5.9773  role_norm=29.9325  enc_delta ego=0.0031 partner=0.0033 road=0.0041
[ROMA step 4,289,986,560] sps=795,448  policy_loss=-0.0013  value_loss=0.2961  mi_loss=0.0012  mi_valid=0.76  div_loss=-0.2031  kl_loss=0.0000 (disabled)  score=0.884  return=0.659  role_std=6.1214  role_norm=29.3106  enc_delta ego=0.0025 partner=0.0030 road=0.0034
[ROMA step 4,290,772,992] sps=794,041  policy_loss=0.0023  value_loss=0.2918  mi_loss=0.0012  mi_valid=0.76  div_loss=-0.2080  kl_loss=0.0000 (disabled)  score=0.883  return=0.657  role_std=6.6604  role_norm=28.5913  enc_delta ego=0.0026 partner=0.0030 road=0.0035
[ROMA step 4,291,559,424] sps=791,027  policy_loss=-0.0011  value_loss=0.2951  mi_loss=0.0012  mi_valid=0.75  div_loss=-0.2109  kl_loss=0.0000 (disabled)  score=0.883  return=0.656  role_std=5.0746  role_norm=30.4034  enc_delta ego=0.0031 partner=0.0033 road=0.0041
[ROMA step 4,292,345,856] sps=789,628  policy_loss=0.0028  value_loss=0.2755  mi_loss=0.0011  mi_valid=0.76  div_loss=-0.2061  kl_loss=0.0000 (disabled)  score=0.883  return=0.657  role_std=5.4784  role_norm=30.4448  enc_delta ego=0.0036 partner=0.0035 road=0.0052
[ROMA step 4,293,132,288] sps=788,201  policy_loss=0.0033  value_loss=0.1637  mi_loss=0.0011  mi_valid=0.76  div_loss=-0.1885  kl_loss=0.0000 (disabled)  score=0.884  return=0.660  role_std=5.4590  role_norm=29.8067  enc_delta ego=0.0028 partner=0.0032 road=0.0045
[ROMA step 4,293,918,720] sps=786,723  policy_loss=0.0029  value_loss=0.3356  mi_loss=0.0010  mi_valid=0.75  div_loss=-0.1973  kl_loss=0.0000 (disabled)  score=0.885  return=0.663  role_std=6.5316  role_norm=30.0556  enc_delta ego=0.0034 partner=0.0027 road=0.0038
[ROMA step 4,294,705,152] sps=783,457  policy_loss=-0.0006  value_loss=0.3416  mi_loss=0.0011  mi_valid=0.74  div_loss=-0.2012  kl_loss=0.0000 (disabled)  score=0.886  return=0.664  role_std=6.3600  role_norm=29.2242  enc_delta ego=0.0027 partner=0.0031 road=0.0042
[ROMA step 4,295,491,584] sps=782,023  policy_loss=0.0069  value_loss=0.2968  mi_loss=0.0011  mi_valid=0.77  div_loss=-0.2012  kl_loss=0.0000 (disabled)  score=0.886  return=0.663  role_std=5.1888  role_norm=30.8849  enc_delta ego=0.0025 partner=0.0030 road=0.0047
[ROMA step 4,296,278,016] sps=780,635  policy_loss=-0.0004  value_loss=0.3111  mi_loss=0.0011  mi_valid=0.77  div_loss=-0.2109  kl_loss=0.0000 (disabled)  score=0.886  return=0.663  role_std=5.5614  role_norm=31.0474  enc_delta ego=0.0029 partner=0.0028 road=0.0042
[ROMA step 4,297,064,448] sps=777,342  policy_loss=0.0017  value_loss=0.3756  mi_loss=0.0011  mi_valid=0.74  div_loss=-0.2168  kl_loss=0.0000 (disabled)  score=0.887  return=0.663  role_std=6.1326  role_norm=30.9026  enc_delta ego=0.0024 partner=0.0027 road=0.0035
[ROMA step 4,297,850,880] sps=775,995  policy_loss=-0.0065  value_loss=0.2577  mi_loss=0.0011  mi_valid=0.76  div_loss=-0.2100  kl_loss=0.0000 (disabled)  score=0.887  return=0.662  role_std=6.4211  role_norm=30.1357  enc_delta ego=0.0019 partner=0.0032 road=0.0041
[ROMA step 4,298,637,312] sps=774,600  policy_loss=0.0039  value_loss=0.2572  mi_loss=0.0011  mi_valid=0.76  div_loss=-0.2012  kl_loss=0.0000 (disabled)  score=0.887  return=0.663  role_std=6.6384  role_norm=29.8638  enc_delta ego=0.0025 partner=0.0027 road=0.0033
[ROMA step 4,299,423,744] sps=773,146  policy_loss=0.0047  value_loss=0.3004  mi_loss=0.0010  mi_valid=0.76  div_loss=-0.2051  kl_loss=0.0000 (disabled)  score=0.887  return=0.662  role_std=6.5884  role_norm=29.2705  enc_delta ego=0.0031 partner=0.0027 road=0.0031
[ROMA step 4,300,210,176] sps=770,110  policy_loss=0.0039  value_loss=0.2601  mi_loss=0.0011  mi_valid=0.76  div_loss=-0.1992  kl_loss=0.0000 (disabled)  score=0.887  return=0.662  role_std=5.3323  role_norm=31.3048  enc_delta ego=0.0027 partner=0.0033 road=0.0042
[ROMA step 4,300,996,608] sps=768,794  policy_loss=0.0045  value_loss=0.3718  mi_loss=0.0011  mi_valid=0.77  div_loss=-0.1992  kl_loss=0.0000 (disabled)  score=0.887  return=0.662  role_std=5.9532  role_norm=31.0255  enc_delta ego=0.0039 partner=0.0035 road=0.0046
[ROMA step 4,301,783,040] sps=767,439  policy_loss=-0.0018  value_loss=0.2781  mi_loss=0.0011  mi_valid=0.77  div_loss=-0.1973  kl_loss=0.0000 (disabled)  score=0.887  return=0.661  role_std=6.1129  role_norm=30.6786  enc_delta ego=0.0027 partner=0.0028 road=0.0043
[ROMA step 4,302,569,472] sps=764,297  policy_loss=-0.0032  value_loss=0.2837  mi_loss=0.0011  mi_valid=0.75  div_loss=-0.2051  kl_loss=0.0000 (disabled)  score=0.886  return=0.662  role_std=7.3326  role_norm=29.9491  enc_delta ego=0.0020 partner=0.0024 road=0.0037
[ROMA step 4,303,355,904] sps=763,020  policy_loss=0.0080  value_loss=0.3316  mi_loss=0.0011  mi_valid=0.77  div_loss=-0.2148  kl_loss=0.0000 (disabled)  score=0.887  return=0.661  role_std=7.0932  role_norm=29.6081  enc_delta ego=0.0018 partner=0.0026 road=0.0028
[ROMA step 4,304,142,336] sps=761,714  policy_loss=-0.0061  value_loss=0.3250  mi_loss=0.0010  mi_valid=0.78  div_loss=-0.2236  kl_loss=0.0000 (disabled)  score=0.887  return=0.659  role_std=6.1751  role_norm=31.8561  enc_delta ego=0.0022 partner=0.0029 road=0.0038
[ROMA step 4,304,928,768] sps=760,345  policy_loss=0.0093  value_loss=0.5303  mi_loss=0.0010  mi_valid=0.77  div_loss=-0.2354  kl_loss=0.0000 (disabled)  score=0.887  return=0.655  role_std=6.9438  role_norm=31.7476  enc_delta ego=0.0032 partner=0.0043 road=0.0051
[ROMA step 4,305,715,200] sps=757,168  policy_loss=-0.0012  value_loss=0.4205  mi_loss=0.0010  mi_valid=0.75  div_loss=-0.2139  kl_loss=0.0000 (disabled)  score=0.886  return=0.651  role_std=5.9912  role_norm=30.9129  enc_delta ego=0.0022 partner=0.0030 road=0.0036
[ROMA step 4,306,501,632] sps=755,912  policy_loss=-0.0039  value_loss=0.3813  mi_loss=0.0010  mi_valid=0.77  div_loss=-0.2002  kl_loss=0.0000 (disabled)  score=0.885  return=0.645  role_std=6.3236  role_norm=30.4233  enc_delta ego=0.0027 partner=0.0030 road=0.0041
[ROMA step 4,307,288,064] sps=754,664  policy_loss=-0.0074  value_loss=0.2896  mi_loss=0.0011  mi_valid=0.78  div_loss=-0.1943  kl_loss=0.0000 (disabled)  score=0.884  return=0.638  role_std=6.6322  role_norm=30.2288  enc_delta ego=0.0030 partner=0.0030 road=0.0041
[ROMA step 4,308,074,496] sps=753,390  policy_loss=0.0038  value_loss=0.2709  mi_loss=0.0010  mi_valid=0.78  div_loss=-0.1904  kl_loss=0.0000 (disabled)  score=0.882  return=0.633  role_std=6.5127  role_norm=29.7766  enc_delta ego=0.0029 partner=0.0028 road=0.0035
[ROMA step 4,308,860,928] sps=750,647  policy_loss=0.0035  value_loss=0.4232  mi_loss=0.0011  mi_valid=0.78  div_loss=-0.2012  kl_loss=0.0000 (disabled)  score=0.882  return=0.634  role_std=5.5771  role_norm=32.5374  enc_delta ego=0.0024 partner=0.0026 road=0.0040
[ROMA step 4,309,647,360] sps=749,351  policy_loss=-0.0041  value_loss=0.3209  mi_loss=0.0011  mi_valid=0.77  div_loss=-0.1836  kl_loss=0.0000 (disabled)  score=0.882  return=0.633  role_std=5.5237  role_norm=32.0441  enc_delta ego=0.0024 partner=0.0028 road=0.0038
[ROMA step 4,310,433,792] sps=748,097  policy_loss=-0.0024  value_loss=0.2696  mi_loss=0.0011  mi_valid=0.77  div_loss=-0.1865  kl_loss=0.0000 (disabled)  score=0.882  return=0.633  role_std=5.3957  role_norm=32.3764  enc_delta ego=0.0030 partner=0.0032 road=0.0043
[ROMA step 4,311,220,224] sps=745,269  policy_loss=-0.0030  value_loss=0.2502  mi_loss=0.0011  mi_valid=0.75  div_loss=-0.1836  kl_loss=0.0000 (disabled)  score=0.882  return=0.631  role_std=5.9761  role_norm=30.4371  enc_delta ego=0.0028 partner=0.0026 road=0.0040
[ROMA step 4,312,006,656] sps=744,061  policy_loss=-0.0014  value_loss=0.3226  mi_loss=0.0011  mi_valid=0.78  div_loss=-0.1758  kl_loss=0.0000 (disabled)  score=0.881  return=0.626  role_std=6.1308  role_norm=30.3528  enc_delta ego=0.0018 partner=0.0022 road=0.0036
[ROMA step 4,312,793,088] sps=742,823  policy_loss=0.0076  value_loss=0.2350  mi_loss=0.0011  mi_valid=0.79  div_loss=-0.1748  kl_loss=0.0000 (disabled)  score=0.880  return=0.624  role_std=4.9056  role_norm=33.3137  enc_delta ego=0.0020 partner=0.0027 road=0.0042
[ROMA step 4,313,579,520] sps=741,612  policy_loss=-0.0003  value_loss=0.4015  mi_loss=0.0011  mi_valid=0.77  div_loss=-0.1846  kl_loss=0.0000 (disabled)  score=0.879  return=0.619  role_std=5.4455  role_norm=32.6917  enc_delta ego=0.0023 partner=0.0024 road=0.0039
[ROMA step 4,314,365,952] sps=738,840  policy_loss=-0.0016  value_loss=0.3227  mi_loss=0.0011  mi_valid=0.74  div_loss=-0.1826  kl_loss=0.0000 (disabled)  score=0.878  return=0.616  role_std=5.5127  role_norm=32.5033  enc_delta ego=0.0035 partner=0.0033 road=0.0048
[ROMA step 4,315,152,384] sps=737,655  policy_loss=0.0008  value_loss=0.2300  mi_loss=0.0011  mi_valid=0.77  div_loss=-0.1807  kl_loss=0.0000 (disabled)  score=0.878  return=0.612  role_std=5.9649  role_norm=31.4616  enc_delta ego=0.0025 partner=0.0029 road=0.0044
[ROMA step 4,315,938,816] sps=736,353  policy_loss=0.0035  value_loss=0.3700  mi_loss=0.0011  mi_valid=0.77  div_loss=-0.1982  kl_loss=0.0000 (disabled)  score=0.877  return=0.606  role_std=6.9746  role_norm=30.7041  enc_delta ego=0.0026 partner=0.0028 road=0.0042
[ROMA step 4,316,725,248] sps=733,533  policy_loss=0.0002  value_loss=0.2346  mi_loss=0.0010  mi_valid=0.76  div_loss=-0.1914  kl_loss=0.0000 (disabled)  score=0.876  return=0.603  role_std=5.1817  role_norm=33.2481  enc_delta ego=0.0032 partner=0.0030 road=0.0045
[ROMA step 4,317,511,680] sps=732,354  policy_loss=0.0050  value_loss=0.1987  mi_loss=0.0011  mi_valid=0.76  div_loss=-0.1787  kl_loss=0.0000 (disabled)  score=0.876  return=0.606  role_std=5.4980  role_norm=33.1254  enc_delta ego=0.0044 partner=0.0030 road=0.0048
[ROMA step 4,318,298,112] sps=731,096  policy_loss=0.0026  value_loss=0.1819  mi_loss=0.0013  mi_valid=0.76  div_loss=-0.1699  kl_loss=0.0000 (disabled)  score=0.877  return=0.608  role_std=5.3599  role_norm=32.6573  enc_delta ego=0.0050 partner=0.0030 road=0.0047
[ROMA step 4,319,084,544] sps=729,933  policy_loss=-0.0068  value_loss=0.1278  mi_loss=0.0012  mi_valid=0.76  div_loss=-0.1670  kl_loss=0.0000 (disabled)  score=0.877  return=0.612  role_std=5.1706  role_norm=32.5942  enc_delta ego=0.0037 partner=0.0020 road=0.0043
[ROMA step 4,319,870,976] sps=727,096  policy_loss=-0.0040  value_loss=0.1850  mi_loss=0.0011  mi_valid=0.74  div_loss=-0.1748  kl_loss=0.0000 (disabled)  score=0.877  return=0.613  role_std=5.9461  role_norm=31.0781  enc_delta ego=0.0031 partner=0.0022 road=0.0036
[ROMA step 4,320,657,408] sps=725,929  policy_loss=-0.0008  value_loss=0.2326  mi_loss=0.0010  mi_valid=0.77  div_loss=-0.1758  kl_loss=0.0000 (disabled)  score=0.877  return=0.612  role_std=5.9709  role_norm=31.1494  enc_delta ego=0.0020 partner=0.0022 road=0.0036
[ROMA step 4,321,443,840] sps=724,746  policy_loss=-0.0086  value_loss=0.2246  mi_loss=0.0010  mi_valid=0.77  div_loss=-0.1807  kl_loss=0.0000 (disabled)  score=0.877  return=0.610  role_std=5.2330  role_norm=32.8362  enc_delta ego=0.0040 partner=0.0025 road=0.0040
[ROMA step 4,322,230,272] sps=721,905  policy_loss=-0.0004  value_loss=0.2105  mi_loss=0.0010  mi_valid=0.74  div_loss=-0.1816  kl_loss=0.0000 (disabled)  score=0.876  return=0.610  role_std=5.1519  role_norm=32.7104  enc_delta ego=0.0026 partner=0.0026 road=0.0040
[ROMA step 4,323,016,704] sps=720,783  policy_loss=0.0028  value_loss=0.1918  mi_loss=0.0011  mi_valid=0.76  div_loss=-0.1777  kl_loss=0.0000 (disabled)  score=0.876  return=0.612  role_std=5.4796  role_norm=31.9683  enc_delta ego=0.0031 partner=0.0031 road=0.0051
[ROMA step 4,323,803,136] sps=719,600  policy_loss=-0.0017  value_loss=0.1363  mi_loss=0.0011  mi_valid=0.76  div_loss=-0.1729  kl_loss=0.0000 (disabled)  score=0.876  return=0.615  role_std=6.0297  role_norm=31.3843  enc_delta ego=0.0026 partner=0.0025 road=0.0034
[ROMA step 4,324,589,568] sps=718,464  policy_loss=0.0012  value_loss=0.1248  mi_loss=0.0010  mi_valid=0.76  div_loss=-0.1768  kl_loss=0.0000 (disabled)  score=0.876  return=0.617  role_std=5.8415  role_norm=31.2704  enc_delta ego=0.0027 partner=0.0025 road=0.0039
[ROMA step 4,325,376,000] sps=715,780  policy_loss=0.0020  value_loss=0.2099  mi_loss=0.0010  mi_valid=0.76  div_loss=-0.1816  kl_loss=0.0000 (disabled)  score=0.876  return=0.619  role_std=5.1510  role_norm=32.9560  enc_delta ego=0.0025 partner=0.0030 road=0.0040
[ROMA step 4,326,162,432] sps=714,687  policy_loss=0.0006  value_loss=0.2148  mi_loss=0.0010  mi_valid=0.76  div_loss=-0.1729  kl_loss=0.0000 (disabled)  score=0.876  return=0.620  role_std=5.1974  role_norm=32.6038  enc_delta ego=0.0023 partner=0.0030 road=0.0043
[ROMA step 4,326,948,864] sps=713,595  policy_loss=-0.0033  value_loss=0.2074  mi_loss=0.0011  mi_valid=0.76  div_loss=-0.1689  kl_loss=0.0000 (disabled)  score=0.876  return=0.620  role_std=5.1883  role_norm=32.3998  enc_delta ego=0.0023 partner=0.0021 road=0.0035
[ROMA step 4,327,735,296] sps=710,952  policy_loss=-0.0014  value_loss=0.1864  mi_loss=0.0011  mi_valid=0.74  div_loss=-0.1758  kl_loss=0.0000 (disabled)  score=0.877  return=0.623  role_std=6.2063  role_norm=31.0844  enc_delta ego=0.0017 partner=0.0022 road=0.0034
[ROMA step 4,328,521,728] sps=709,870  policy_loss=0.0029  value_loss=0.2344  mi_loss=0.0010  mi_valid=0.76  div_loss=-0.1689  kl_loss=0.0000 (disabled)  score=0.878  return=0.626  role_std=6.1359  role_norm=30.8301  enc_delta ego=0.0024 partner=0.0026 road=0.0035
[ROMA step 4,329,308,160] sps=708,780  policy_loss=-0.0010  value_loss=0.2247  mi_loss=0.0010  mi_valid=0.77  div_loss=-0.1689  kl_loss=0.0000 (disabled)  score=0.879  return=0.629  role_std=4.7641  role_norm=32.5074  enc_delta ego=0.0025 partner=0.0024 road=0.0032
[ROMA step 4,330,094,592] sps=707,635  policy_loss=-0.0011  value_loss=0.2128  mi_loss=0.0010  mi_valid=0.77  div_loss=-0.1738  kl_loss=0.0000 (disabled)  score=0.880  return=0.633  role_std=4.9022  role_norm=32.6942  enc_delta ego=0.0027 partner=0.0029 road=0.0040
[ROMA step 4,330,881,024] sps=704,969  policy_loss=0.0037  value_loss=0.2418  mi_loss=0.0010  mi_valid=0.74  div_loss=-0.1797  kl_loss=0.0000 (disabled)  score=0.882  return=0.639  role_std=5.6938  role_norm=32.4064  enc_delta ego=0.0023 partner=0.0027 road=0.0047
[ROMA step 4,331,667,456] sps=703,815  policy_loss=-0.0003  value_loss=0.2426  mi_loss=0.0011  mi_valid=0.76  div_loss=-0.1826  kl_loss=0.0000 (disabled)  score=0.883  return=0.642  role_std=5.5493  role_norm=31.8282  enc_delta ego=0.0041 partner=0.0031 road=0.0049
[ROMA step 4,332,453,888] sps=702,759  policy_loss=-0.0005  value_loss=0.2132  mi_loss=0.0010  mi_valid=0.76  div_loss=-0.1777  kl_loss=0.0000 (disabled)  score=0.884  return=0.648  role_std=6.1496  role_norm=31.1516  enc_delta ego=0.0023 partner=0.0021 road=0.0033
[ROMA step 4,333,240,320] sps=701,682  policy_loss=0.0005  value_loss=0.1663  mi_loss=0.0010  mi_valid=0.76  div_loss=-0.1807  kl_loss=0.0000 (disabled)  score=0.886  return=0.657  role_std=6.4403  role_norm=30.5302  enc_delta ego=0.0030 partner=0.0027 road=0.0046
[ROMA step 4,334,026,752] sps=699,163  policy_loss=-0.0043  value_loss=0.2062  mi_loss=0.0011  mi_valid=0.77  div_loss=-0.1914  kl_loss=0.0000 (disabled)  score=0.887  return=0.658  role_std=5.1399  role_norm=32.6525  enc_delta ego=0.0035 partner=0.0027 road=0.0048
[ROMA step 4,334,813,184] sps=698,130  policy_loss=-0.0016  value_loss=0.2218  mi_loss=0.0011  mi_valid=0.76  div_loss=-0.1914  kl_loss=0.0000 (disabled)  score=0.889  return=0.668  role_std=5.5811  role_norm=32.4028  enc_delta ego=0.0027 partner=0.0028 road=0.0047
[ROMA step 4,335,599,616] sps=696,973  policy_loss=-0.0011  value_loss=0.2170  mi_loss=0.0011  mi_valid=0.76  div_loss=-0.1865  kl_loss=0.0000 (disabled)  score=0.891  return=0.672  role_std=5.8323  role_norm=32.2579  enc_delta ego=0.0036 partner=0.0029 road=0.0040
[ROMA step 4,336,386,048] sps=694,374  policy_loss=0.0009  value_loss=0.3045  mi_loss=0.0011  mi_valid=0.74  div_loss=-0.1807  kl_loss=0.0000 (disabled)  score=0.892  return=0.676  role_std=6.4010  role_norm=31.7539  enc_delta ego=0.0020 partner=0.0024 road=0.0032
[ROMA step 4,337,172,480] sps=693,354  policy_loss=0.0050  value_loss=0.2585  mi_loss=0.0011  mi_valid=0.76  div_loss=-0.1729  kl_loss=0.0000 (disabled)  score=0.893  return=0.678  role_std=6.2919  role_norm=31.3876  enc_delta ego=0.0018 partner=0.0021 road=0.0028
[ROMA step 4,337,958,912] sps=692,318  policy_loss=0.0051  value_loss=0.2654  mi_loss=0.0011  mi_valid=0.78  div_loss=-0.1797  kl_loss=0.0000 (disabled)  score=0.894  return=0.678  role_std=5.0732  role_norm=33.5225  enc_delta ego=0.0024 partner=0.0032 road=0.0041
[ROMA step 4,338,745,344] sps=691,254  policy_loss=-0.0022  value_loss=0.2574  mi_loss=0.0011  mi_valid=0.76  div_loss=-0.1826  kl_loss=0.0000 (disabled)  score=0.894  return=0.679  role_std=5.1265  role_norm=33.3708  enc_delta ego=0.0020 partner=0.0027 road=0.0036
[ROMA step 4,339,531,776] sps=688,824  policy_loss=-0.0008  value_loss=0.2693  mi_loss=0.0011  mi_valid=0.74  div_loss=-0.1787  kl_loss=0.0000 (disabled)  score=0.895  return=0.682  role_std=5.8472  role_norm=32.9374  enc_delta ego=0.0022 partner=0.0030 road=0.0045
[ROMA step 4,340,318,208] sps=687,791  policy_loss=0.0039  value_loss=0.2170  mi_loss=0.0011  mi_valid=0.76  div_loss=-0.1797  kl_loss=0.0000 (disabled)  score=0.896  return=0.685  role_std=5.8862  role_norm=32.6433  enc_delta ego=0.0021 partner=0.0026 road=0.0036
[ROMA step 4,341,104,640] sps=686,692  policy_loss=0.0022  value_loss=0.2680  mi_loss=0.0011  mi_valid=0.76  div_loss=-0.1797  kl_loss=0.0000 (disabled)  score=0.898  return=0.688  role_std=6.4237  role_norm=32.1119  enc_delta ego=0.0017 partner=0.0018 road=0.0024
[ROMA step 4,341,891,072] sps=684,033  policy_loss=0.0002  value_loss=0.1980  mi_loss=0.0011  mi_valid=0.75  div_loss=-0.1758  kl_loss=0.0000 (disabled)  score=0.899  return=0.692  role_std=4.7826  role_norm=33.9096  enc_delta ego=0.0018 partner=0.0030 road=0.0036
[ROMA step 4,342,677,504] sps=682,996  policy_loss=0.0024  value_loss=0.2566  mi_loss=0.0010  mi_valid=0.76  div_loss=-0.1875  kl_loss=0.0000 (disabled)  score=0.899  return=0.695  role_std=5.4334  role_norm=33.8104  enc_delta ego=0.0026 partner=0.0032 road=0.0033
[ROMA step 4,343,463,936] sps=681,898  policy_loss=-0.0015  value_loss=0.2054  mi_loss=0.0011  mi_valid=0.76  div_loss=-0.1816  kl_loss=0.0000 (disabled)  score=0.900  return=0.698  role_std=5.7163  role_norm=33.3468  enc_delta ego=0.0019 partner=0.0028 road=0.0032
[ROMA step 4,344,250,368] sps=680,813  policy_loss=0.0041  value_loss=0.2540  mi_loss=0.0011  mi_valid=0.75  div_loss=-0.1885  kl_loss=0.0000 (disabled)  score=0.902  return=0.703  role_std=6.2716  role_norm=32.6977  enc_delta ego=0.0013 partner=0.0021 road=0.0026
[ROMA step 4,345,036,800] sps=678,099  policy_loss=0.0016  value_loss=0.2990  mi_loss=0.0011  mi_valid=0.74  div_loss=-0.1924  kl_loss=0.0000 (disabled)  score=0.902  return=0.702  role_std=6.7212  role_norm=31.1962  enc_delta ego=0.0026 partner=0.0024 road=0.0034
[ROMA step 4,345,823,232] sps=677,050  policy_loss=0.0061  value_loss=0.3124  mi_loss=0.0011  mi_valid=0.77  div_loss=-0.1904  kl_loss=0.0000 (disabled)  score=0.902  return=0.698  role_std=6.7157  role_norm=30.2874  enc_delta ego=0.0039 partner=0.0031 road=0.0039
[ROMA step 4,346,609,664] sps=675,975  policy_loss=0.0014  value_loss=0.2962  mi_loss=0.0011  mi_valid=0.78  div_loss=-0.1875  kl_loss=0.0000 (disabled)  score=0.901  return=0.696  role_std=5.2510  role_norm=33.0290  enc_delta ego=0.0024 partner=0.0026 road=0.0038
[ROMA step 4,347,396,096] sps=673,376  policy_loss=0.0050  value_loss=0.3709  mi_loss=0.0011  mi_valid=0.75  div_loss=-0.1914  kl_loss=0.0000 (disabled)  score=0.901  return=0.692  role_std=5.3901  role_norm=33.7401  enc_delta ego=0.0023 partner=0.0026 road=0.0037
[ROMA step 4,348,182,528] sps=672,385  policy_loss=-0.0038  value_loss=0.2414  mi_loss=0.0012  mi_valid=0.76  div_loss=-0.1807  kl_loss=0.0000 (disabled)  score=0.901  return=0.692  role_std=5.8938  role_norm=33.1514  enc_delta ego=0.0021 partner=0.0028 road=0.0047
[ROMA step 4,348,968,960] sps=671,353  policy_loss=-0.0019  value_loss=0.2488  mi_loss=0.0012  mi_valid=0.75  div_loss=-0.1826  kl_loss=0.0000 (disabled)  score=0.900  return=0.692  role_std=6.2858  role_norm=32.1192  enc_delta ego=0.0023 partner=0.0025 road=0.0040
[ROMA step 4,349,755,392] sps=670,410  policy_loss=0.0021  value_loss=0.2973  mi_loss=0.0012  mi_valid=0.75  div_loss=-0.1885  kl_loss=0.0000 (disabled)  score=0.900  return=0.693  role_std=6.4791  role_norm=32.1035  enc_delta ego=0.0021 partner=0.0026 road=0.0035
[ROMA step 4,350,541,824] sps=668,114  policy_loss=-0.0063  value_loss=0.2032  mi_loss=0.0012  mi_valid=0.75  div_loss=-0.1826  kl_loss=0.0000 (disabled)  score=0.900  return=0.693  role_std=5.1186  role_norm=33.3374  enc_delta ego=0.0024 partner=0.0028 road=0.0040
[ROMA step 4,351,328,256] sps=667,121  policy_loss=0.0005  value_loss=0.1286  mi_loss=0.0011  mi_valid=0.77  div_loss=-0.1777  kl_loss=0.0000 (disabled)  score=0.900  return=0.694  role_std=4.8401  role_norm=32.9047  enc_delta ego=0.0027 partner=0.0028 road=0.0034
[ROMA step 4,352,114,688] sps=666,144  policy_loss=-0.0033  value_loss=0.2158  mi_loss=0.0011  mi_valid=0.76  div_loss=-0.1807  kl_loss=0.0000 (disabled)  score=0.901  return=0.694  role_std=5.5879  role_norm=32.1469  enc_delta ego=0.0026 partner=0.0027 road=0.0037
[ROMA step 4,352,901,120] sps=663,718  policy_loss=-0.0019  value_loss=0.1574  mi_loss=0.0012  mi_valid=0.74  div_loss=-0.1777  kl_loss=0.0000 (disabled)  score=0.901  return=0.693  role_std=5.6928  role_norm=30.9934  enc_delta ego=0.0024 partner=0.0024 road=0.0033
[ROMA step 4,353,687,552] sps=662,792  policy_loss=0.0008  value_loss=0.1432  mi_loss=0.0011  mi_valid=0.76  div_loss=-0.1777  kl_loss=0.0000 (disabled)  score=0.901  return=0.696  role_std=5.8710  role_norm=31.1658  enc_delta ego=0.0021 partner=0.0027 road=0.0035
[ROMA step 4,354,473,984] sps=661,878  policy_loss=0.0011  value_loss=0.1700  mi_loss=0.0011  mi_valid=0.77  div_loss=-0.1826  kl_loss=0.0000 (disabled)  score=0.901  return=0.696  role_std=4.9721  role_norm=33.1189  enc_delta ego=0.0029 partner=0.0025 road=0.0033
[ROMA step 4,355,260,416] sps=660,941  policy_loss=-0.0007  value_loss=0.1519  mi_loss=0.0011  mi_valid=0.77  div_loss=-0.1846  kl_loss=0.0000 (disabled)  score=0.901  return=0.697  role_std=5.1297  role_norm=32.6226  enc_delta ego=0.0025 partner=0.0029 road=0.0037
[ROMA step 4,356,046,848] sps=658,555  policy_loss=0.0009  value_loss=0.1981  mi_loss=0.0011  mi_valid=0.74  div_loss=-0.1943  kl_loss=0.0000 (disabled)  score=0.902  return=0.699  role_std=6.0739  role_norm=32.3430  enc_delta ego=0.0032 partner=0.0031 road=0.0035
[ROMA step 4,356,833,280] sps=657,639  policy_loss=0.0016  value_loss=0.2191  mi_loss=0.0012  mi_valid=0.76  div_loss=-0.1895  kl_loss=0.0000 (disabled)  score=0.902  return=0.698  role_std=6.1634  role_norm=31.6838  enc_delta ego=0.0033 partner=0.0032 road=0.0044
[ROMA step 4,357,619,712] sps=656,654  policy_loss=-0.0057  value_loss=0.2038  mi_loss=0.0012  mi_valid=0.76  div_loss=-0.1846  kl_loss=0.0000 (disabled)  score=0.902  return=0.697  role_std=6.4860  role_norm=31.3051  enc_delta ego=0.0023 partner=0.0030 road=0.0038
[ROMA step 4,358,406,144] sps=654,296  policy_loss=-0.0098  value_loss=0.2938  mi_loss=0.0011  mi_valid=0.76  div_loss=-0.1914  kl_loss=0.0000 (disabled)  score=0.901  return=0.694  role_std=6.8675  role_norm=30.9941  enc_delta ego=0.0020 partner=0.0023 road=0.0031
[ROMA step 4,359,192,576] sps=653,404  policy_loss=-0.0023  value_loss=0.2752  mi_loss=0.0011  mi_valid=0.78  div_loss=-0.1943  kl_loss=0.0000 (disabled)  score=0.901  return=0.693  role_std=5.4626  role_norm=33.2489  enc_delta ego=0.0023 partner=0.0033 road=0.0046
[ROMA step 4,359,979,008] sps=652,478  policy_loss=-0.0031  value_loss=0.2766  mi_loss=0.0011  mi_valid=0.76  div_loss=-0.1865  kl_loss=0.0000 (disabled)  score=0.900  return=0.693  role_std=5.6319  role_norm=32.5631  enc_delta ego=0.0035 partner=0.0030 road=0.0045
[ROMA step 4,360,765,440] sps=651,569  policy_loss=-0.0033  value_loss=0.1955  mi_loss=0.0012  mi_valid=0.76  div_loss=-0.1807  kl_loss=0.0000 (disabled)  score=0.900  return=0.692  role_std=5.6575  role_norm=32.6230  enc_delta ego=0.0022 partner=0.0023 road=0.0035
[ROMA step 4,361,551,872] sps=649,392  policy_loss=0.0002  value_loss=0.2687  mi_loss=0.0011  mi_valid=0.74  div_loss=-0.1875  kl_loss=0.0000 (disabled)  score=0.899  return=0.690  role_std=6.7193  role_norm=31.5416  enc_delta ego=0.0027 partner=0.0025 road=0.0036
[ROMA step 4,362,338,304] sps=648,522  policy_loss=0.0052  value_loss=0.2764  mi_loss=0.0011  mi_valid=0.76  div_loss=-0.1865  kl_loss=0.0000 (disabled)  score=0.899  return=0.687  role_std=6.5950  role_norm=31.0637  enc_delta ego=0.0022 partner=0.0026 road=0.0032
[ROMA step 4,363,124,736] sps=647,625  policy_loss=-0.0023  value_loss=0.2400  mi_loss=0.0011  mi_valid=0.77  div_loss=-0.1914  kl_loss=0.0000 (disabled)  score=0.899  return=0.685  role_std=5.4658  role_norm=33.0517  enc_delta ego=0.0024 partner=0.0029 road=0.0035
[ROMA step 4,363,911,168] sps=646,740  policy_loss=-0.0035  value_loss=0.2801  mi_loss=0.0011  mi_valid=0.76  div_loss=-0.1895  kl_loss=0.0000 (disabled)  score=0.899  return=0.683  role_std=5.3891  role_norm=33.2467  enc_delta ego=0.0023 partner=0.0028 road=0.0039
[ROMA step 4,364,697,600] sps=644,325  policy_loss=0.0032  value_loss=0.3367  mi_loss=0.0012  mi_valid=0.74  div_loss=-0.1875  kl_loss=0.0000 (disabled)  score=0.900  return=0.684  role_std=5.7076  role_norm=32.7038  enc_delta ego=0.0025 partner=0.0026 road=0.0041
[ROMA step 4,365,484,032] sps=643,431  policy_loss=0.0057  value_loss=0.2916  mi_loss=0.0012  mi_valid=0.76  div_loss=-0.1846  kl_loss=0.0000 (disabled)  score=0.900  return=0.684  role_std=6.1694  role_norm=32.1558  enc_delta ego=0.0018 partner=0.0021 road=0.0032
[ROMA step 4,366,270,464] sps=642,562  policy_loss=-0.0022  value_loss=0.3466  mi_loss=0.0012  mi_valid=0.76  div_loss=-0.1855  kl_loss=0.0000 (disabled)  score=0.900  return=0.684  role_std=6.5398  role_norm=31.7527  enc_delta ego=0.0021 partner=0.0032 road=0.0045
[ROMA step 4,367,056,896] sps=640,348  policy_loss=0.0037  value_loss=0.3615  mi_loss=0.0012  mi_valid=0.75  div_loss=-0.1816  kl_loss=0.0000 (disabled)  score=0.900  return=0.684  role_std=5.3365  role_norm=34.1865  enc_delta ego=0.0025 partner=0.0028 road=0.0037
[ROMA step 4,367,843,328] sps=639,494  policy_loss=-0.0038  value_loss=0.3133  mi_loss=0.0011  mi_valid=0.76  div_loss=-0.1836  kl_loss=0.0000 (disabled)  score=0.900  return=0.684  role_std=5.4668  role_norm=33.7310  enc_delta ego=0.0027 partner=0.0028 road=0.0040
[ROMA step 4,368,629,760] sps=638,598  policy_loss=-0.0020  value_loss=0.2283  mi_loss=0.0011  mi_valid=0.75  div_loss=-0.1689  kl_loss=0.0000 (disabled)  score=0.901  return=0.684  role_std=5.4331  role_norm=33.4837  enc_delta ego=0.0022 partner=0.0025 road=0.0032
[ROMA step 4,369,416,192] sps=637,730  policy_loss=-0.0034  value_loss=0.2919  mi_loss=0.0010  mi_valid=0.75  div_loss=-0.1865  kl_loss=0.0000 (disabled)  score=0.901  return=0.686  role_std=6.2625  role_norm=33.3879  enc_delta ego=0.0024 partner=0.0030 road=0.0036
[ROMA step 4,370,202,624] sps=635,573  policy_loss=0.0039  value_loss=0.3175  mi_loss=0.0011  mi_valid=0.73  div_loss=-0.1865  kl_loss=0.0000 (disabled)  score=0.901  return=0.684  role_std=6.3486  role_norm=33.0267  enc_delta ego=0.0031 partner=0.0032 road=0.0048
[ROMA step 4,370,989,056] sps=634,729  policy_loss=-0.0017  value_loss=0.2053  mi_loss=0.0011  mi_valid=0.75  div_loss=-0.1768  kl_loss=0.0000 (disabled)  score=0.901  return=0.686  role_std=6.5647  role_norm=32.2434  enc_delta ego=0.0027 partner=0.0029 road=0.0043
[ROMA step 4,371,775,488] sps=633,824  policy_loss=-0.0038  value_loss=0.1809  mi_loss=0.0010  mi_valid=0.76  div_loss=-0.1807  kl_loss=0.0000 (disabled)  score=0.901  return=0.687  role_std=5.7599  role_norm=34.4475  enc_delta ego=0.0025 partner=0.0030 road=0.0046
[ROMA step 4,372,561,920] sps=631,648  policy_loss=-0.0032  value_loss=0.2016  mi_loss=0.0011  mi_valid=0.73  div_loss=-0.1768  kl_loss=0.0000 (disabled)  score=0.902  return=0.689  role_std=5.1794  role_norm=33.9339  enc_delta ego=0.0021 partner=0.0028 road=0.0037
[ROMA step 4,373,348,352] sps=630,784  policy_loss=0.0055  value_loss=0.2759  mi_loss=0.0012  mi_valid=0.75  div_loss=-0.1768  kl_loss=0.0000 (disabled)  score=0.903  return=0.693  role_std=5.5998  role_norm=33.4024  enc_delta ego=0.0027 partner=0.0029 road=0.0048
[ROMA step 4,374,134,784] sps=629,930  policy_loss=-0.0014  value_loss=0.2016  mi_loss=0.0012  mi_valid=0.75  div_loss=-0.1719  kl_loss=0.0000 (disabled)  score=0.904  return=0.698  role_std=6.1635  role_norm=32.7421  enc_delta ego=0.0019 partner=0.0021 road=0.0033
[ROMA step 4,374,921,216] sps=629,050  policy_loss=-0.0086  value_loss=0.2116  mi_loss=0.0012  mi_valid=0.76  div_loss=-0.1768  kl_loss=0.0000 (disabled)  score=0.904  return=0.701  role_std=6.4633  role_norm=32.2253  enc_delta ego=0.0022 partner=0.0024 road=0.0034
[ROMA step 4,375,707,648] sps=626,670  policy_loss=0.0053  value_loss=0.2690  mi_loss=0.0012  mi_valid=0.75  div_loss=-0.1709  kl_loss=0.0000 (disabled)  score=0.905  return=0.703  role_std=5.1292  role_norm=34.3220  enc_delta ego=0.0028 partner=0.0035 road=0.0038
[ROMA step 4,376,494,080] sps=625,816  policy_loss=-0.0012  value_loss=0.4462  mi_loss=0.0011  mi_valid=0.77  div_loss=-0.1777  kl_loss=0.0000 (disabled)  score=0.905  return=0.700  role_std=5.2204  role_norm=34.2397  enc_delta ego=0.0026 partner=0.0030 road=0.0027
[ROMA step 4,377,280,512] sps=624,995  policy_loss=-0.0044  value_loss=0.3379  mi_loss=0.0011  mi_valid=0.76  div_loss=-0.1758  kl_loss=0.0000 (disabled)  score=0.905  return=0.699  role_std=5.4191  role_norm=33.8903  enc_delta ego=0.0024 partner=0.0022 road=0.0028
[ROMA step 4,378,066,944] sps=622,605  policy_loss=-0.0010  value_loss=0.4506  mi_loss=0.0011  mi_valid=0.74  div_loss=-0.1982  kl_loss=0.0000 (disabled)  score=0.905  return=0.697  role_std=5.2791  role_norm=32.8430  enc_delta ego=0.0030 partner=0.0031 road=0.0037
[ROMA step 4,378,853,376] sps=621,794  policy_loss=0.0027  value_loss=0.2559  mi_loss=0.0013  mi_valid=0.76  div_loss=-0.1650  kl_loss=0.0000 (disabled)  score=0.905  return=0.696  role_std=6.1724  role_norm=32.5051  enc_delta ego=0.0024 partner=0.0024 road=0.0035
[ROMA step 4,379,639,808] sps=620,905  policy_loss=-0.0008  value_loss=0.2456  mi_loss=0.0012  mi_valid=0.77  div_loss=-0.1709  kl_loss=0.0000 (disabled)  score=0.905  return=0.697  role_std=6.2646  role_norm=32.2084  enc_delta ego=0.0023 partner=0.0027 road=0.0035
[ROMA step 4,380,426,240] sps=619,999  policy_loss=0.0101  value_loss=0.2180  mi_loss=0.0012  mi_valid=0.77  div_loss=-0.1621  kl_loss=0.0000 (disabled)  score=0.905  return=0.699  role_std=4.8911  role_norm=34.3828  enc_delta ego=0.0029 partner=0.0023 road=0.0037
[ROMA step 4,381,212,672] sps=617,824  policy_loss=0.0012  value_loss=0.2156  mi_loss=0.0012  mi_valid=0.74  div_loss=-0.1699  kl_loss=0.0000 (disabled)  score=0.905  return=0.698  role_std=5.4954  role_norm=34.0377  enc_delta ego=0.0027 partner=0.0029 road=0.0042
[ROMA step 4,381,999,104] sps=617,003  policy_loss=0.0017  value_loss=0.3528  mi_loss=0.0012  mi_valid=0.76  div_loss=-0.1816  kl_loss=0.0000 (disabled)  score=0.905  return=0.695  role_std=6.5614  role_norm=33.5119  enc_delta ego=0.0022 partner=0.0026 road=0.0041
[ROMA step 4,382,785,536] sps=616,213  policy_loss=-0.0046  value_loss=0.2986  mi_loss=0.0012  mi_valid=0.76  div_loss=-0.1797  kl_loss=0.0000 (disabled)  score=0.904  return=0.692  role_std=6.1099  role_norm=33.1768  enc_delta ego=0.0028 partner=0.0028 road=0.0037
[ROMA step 4,383,571,968] sps=614,185  policy_loss=-0.0029  value_loss=0.1733  mi_loss=0.0011  mi_valid=0.76  div_loss=-0.1719  kl_loss=0.0000 (disabled)  score=0.903  return=0.689  role_std=6.1058  role_norm=32.1156  enc_delta ego=0.0019 partner=0.0020 road=0.0028
[ROMA step 4,384,358,400] sps=613,318  policy_loss=-0.0054  value_loss=0.1324  mi_loss=0.0011  mi_valid=0.78  div_loss=-0.1602  kl_loss=0.0000 (disabled)  score=0.903  return=0.689  role_std=4.7619  role_norm=34.7847  enc_delta ego=0.0022 partner=0.0027 road=0.0036
[ROMA step 4,385,144,832] sps=612,526  policy_loss=0.0043  value_loss=0.1472  mi_loss=0.0011  mi_valid=0.76  div_loss=-0.1680  kl_loss=0.0000 (disabled)  score=0.902  return=0.691  role_std=4.8959  role_norm=34.2312  enc_delta ego=0.0019 partner=0.0026 road=0.0037
[ROMA step 4,385,931,264] sps=611,658  policy_loss=0.0014  value_loss=0.1137  mi_loss=0.0011  mi_valid=0.75  div_loss=-0.1621  kl_loss=0.0000 (disabled)  score=0.902  return=0.694  role_std=5.6461  role_norm=34.1729  enc_delta ego=0.0018 partner=0.0023 road=0.0027
[ROMA step 4,386,717,696] sps=609,523  policy_loss=0.0002  value_loss=0.2415  mi_loss=0.0012  mi_valid=0.74  div_loss=-0.1777  kl_loss=0.0000 (disabled)  score=0.902  return=0.696  role_std=6.4813  role_norm=33.3425  enc_delta ego=0.0027 partner=0.0029 road=0.0041
[ROMA step 4,387,504,128] sps=608,741  policy_loss=0.0024  value_loss=0.1759  mi_loss=0.0012  mi_valid=0.76  div_loss=-0.1738  kl_loss=0.0000 (disabled)  score=0.902  return=0.698  role_std=6.6417  role_norm=33.0675  enc_delta ego=0.0022 partner=0.0026 road=0.0035
[ROMA step 4,388,290,560] sps=607,928  policy_loss=-0.0010  value_loss=0.2800  mi_loss=0.0012  mi_valid=0.77  div_loss=-0.1777  kl_loss=0.0000 (disabled)  score=0.902  return=0.698  role_std=5.4176  role_norm=35.0471  enc_delta ego=0.0024 partner=0.0033 road=0.0045
[ROMA step 4,389,076,992] sps=607,116  policy_loss=0.0023  value_loss=0.2604  mi_loss=0.0013  mi_valid=0.77  div_loss=-0.1816  kl_loss=0.0000 (disabled)  score=0.902  return=0.696  role_std=5.3311  role_norm=34.6776  enc_delta ego=0.0021 partner=0.0024 road=0.0034
[ROMA step 4,389,863,424] sps=605,142  policy_loss=0.0073  value_loss=0.3527  mi_loss=0.0011  mi_valid=0.74  div_loss=-0.1943  kl_loss=0.0000 (disabled)  score=0.902  return=0.695  role_std=5.8727  role_norm=33.8639  enc_delta ego=0.0023 partner=0.0041 road=0.0049
[ROMA step 4,390,649,856] sps=604,361  policy_loss=0.0023  value_loss=0.2703  mi_loss=0.0012  mi_valid=0.76  div_loss=-0.2041  kl_loss=0.0000 (disabled)  score=0.902  return=0.694  role_std=6.5138  role_norm=32.2909  enc_delta ego=0.0025 partner=0.0029 road=0.0046
[ROMA step 4,391,436,288] sps=603,525  policy_loss=0.0004  value_loss=0.2417  mi_loss=0.0012  mi_valid=0.77  div_loss=-0.1982  kl_loss=0.0000 (disabled)  score=0.901  return=0.695  role_std=7.1362  role_norm=31.3595  enc_delta ego=0.0028 partner=0.0033 road=0.0048
[ROMA step 4,392,222,720] sps=601,540  policy_loss=-0.0042  value_loss=0.2870  mi_loss=0.0012  mi_valid=0.76  div_loss=-0.2070  kl_loss=0.0000 (disabled)  score=0.900  return=0.693  role_std=5.5398  role_norm=33.5199  enc_delta ego=0.0024 partner=0.0032 road=0.0043
[ROMA step 4,393,009,152] sps=600,792  policy_loss=-0.0075  value_loss=0.1350  mi_loss=0.0010  mi_valid=0.77  div_loss=-0.1875  kl_loss=0.0000 (disabled)  score=0.900  return=0.696  role_std=5.8943  role_norm=33.4960  enc_delta ego=0.0027 partner=0.0030 road=0.0045
[ROMA step 4,393,795,584] sps=599,974  policy_loss=0.0014  value_loss=0.3052  mi_loss=0.0011  mi_valid=0.76  div_loss=-0.1943  kl_loss=0.0000 (disabled)  score=0.899  return=0.697  role_std=6.0974  role_norm=33.0336  enc_delta ego=0.0020 partner=0.0025 road=0.0040
[ROMA step 4,394,582,016] sps=599,201  policy_loss=-0.0071  value_loss=0.1934  mi_loss=0.0011  mi_valid=0.76  div_loss=-0.1875  kl_loss=0.0000 (disabled)  score=0.899  return=0.700  role_std=6.2819  role_norm=33.0417  enc_delta ego=0.0020 partner=0.0029 road=0.0034
[ROMA step 4,395,368,448] sps=597,197  policy_loss=-0.0004  value_loss=0.1831  mi_loss=0.0011  mi_valid=0.74  div_loss=-0.1777  kl_loss=0.0000 (disabled)  score=0.900  return=0.702  role_std=6.3310  role_norm=31.6116  enc_delta ego=0.0026 partner=0.0027 road=0.0044
[ROMA step 4,396,154,880] sps=596,455  policy_loss=0.0043  value_loss=0.2294  mi_loss=0.0011  mi_valid=0.76  div_loss=-0.1748  kl_loss=0.0000 (disabled)  score=0.900  return=0.703  role_std=6.1393  role_norm=31.4185  enc_delta ego=0.0022 partner=0.0028 road=0.0042
[ROMA step 4,396,941,312] sps=595,711  policy_loss=-0.0059  value_loss=0.1523  mi_loss=0.0010  mi_valid=0.77  div_loss=-0.1758  kl_loss=0.0000 (disabled)  score=0.900  return=0.703  role_std=5.1088  role_norm=34.1335  enc_delta ego=0.0020 partner=0.0027 road=0.0033
[ROMA step 4,397,727,744] sps=593,670  policy_loss=0.0040  value_loss=0.2474  mi_loss=0.0010  mi_valid=0.75  div_loss=-0.1729  kl_loss=0.0000 (disabled)  score=0.899  return=0.705  role_std=5.3357  role_norm=34.3668  enc_delta ego=0.0017 partner=0.0022 road=0.0034
[ROMA step 4,398,514,176] sps=592,924  policy_loss=0.0006  value_loss=0.2549  mi_loss=0.0011  mi_valid=0.76  div_loss=-0.1729  kl_loss=0.0000 (disabled)  score=0.898  return=0.704  role_std=5.6530  role_norm=33.8219  enc_delta ego=0.0025 partner=0.0030 road=0.0041
[ROMA step 4,399,300,608] sps=592,157  policy_loss=-0.0017  value_loss=0.2423  mi_loss=0.0010  mi_valid=0.76  div_loss=-0.1826  kl_loss=0.0000 (disabled)  score=0.898  return=0.703  role_std=6.0354  role_norm=33.1022  enc_delta ego=0.0033 partner=0.0032 road=0.0037
[ROMA step 4,400,087,040] sps=591,408  policy_loss=-0.0016  value_loss=0.2609  mi_loss=0.0010  mi_valid=0.76  div_loss=-0.1768  kl_loss=0.0000 (disabled)  score=0.896  return=0.699  role_std=6.9263  role_norm=32.3396  enc_delta ego=0.0017 partner=0.0024 road=0.0037
[ROMA step 4,400,873,472] sps=589,646  policy_loss=0.0059  value_loss=0.1554  mi_loss=0.0011  mi_valid=0.75  div_loss=-0.1699  kl_loss=0.0000 (disabled)  score=0.896  return=0.699  role_std=4.9793  role_norm=34.9530  enc_delta ego=0.0021 partner=0.0028 road=0.0035
[ROMA step 4,401,659,904] sps=588,869  policy_loss=-0.0055  value_loss=0.0987  mi_loss=0.0011  mi_valid=0.76  div_loss=-0.1680  kl_loss=0.0000 (disabled)  score=0.897  return=0.703  role_std=5.2586  role_norm=34.9615  enc_delta ego=0.0020 partner=0.0023 road=0.0031
[ROMA step 4,402,446,336] sps=588,133  policy_loss=-0.0051  value_loss=0.1103  mi_loss=0.0011  mi_valid=0.75  div_loss=-0.1748  kl_loss=0.0000 (disabled)  score=0.897  return=0.704  role_std=5.0822  role_norm=34.6734  enc_delta ego=0.0025 partner=0.0025 road=0.0036
[ROMA step 4,403,232,768] sps=586,270  policy_loss=-0.0024  value_loss=0.1123  mi_loss=0.0010  mi_valid=0.73  div_loss=-0.1777  kl_loss=0.0000 (disabled)  score=0.898  return=0.708  role_std=5.8020  role_norm=32.0935  enc_delta ego=0.0018 partner=0.0022 road=0.0030
[ROMA step 4,404,019,200] sps=585,517  policy_loss=0.0059  value_loss=0.1689  mi_loss=0.0010  mi_valid=0.76  div_loss=-0.1709  kl_loss=0.0000 (disabled)  score=0.898  return=0.712  role_std=5.9848  role_norm=32.1284  enc_delta ego=0.0023 partner=0.0030 road=0.0041
[ROMA step 4,404,805,632] sps=584,758  policy_loss=-0.0016  value_loss=0.1904  mi_loss=0.0010  mi_valid=0.76  div_loss=-0.1738  kl_loss=0.0000 (disabled)  score=0.899  return=0.715  role_std=6.0387  role_norm=32.0559  enc_delta ego=0.0027 partner=0.0027 road=0.0030
[ROMA step 4,405,592,064] sps=584,015  policy_loss=0.0019  value_loss=0.1257  mi_loss=0.0010  mi_valid=0.77  div_loss=-0.1660  kl_loss=0.0000 (disabled)  score=0.899  return=0.718  role_std=4.9824  role_norm=34.0276  enc_delta ego=0.0019 partner=0.0025 road=0.0037
[ROMA step 4,406,378,496] sps=582,118  policy_loss=0.0017  value_loss=0.2361  mi_loss=0.0011  mi_valid=0.74  div_loss=-0.1768  kl_loss=0.0000 (disabled)  score=0.900  return=0.722  role_std=5.5118  role_norm=33.7356  enc_delta ego=0.0040 partner=0.0028 road=0.0044
[ROMA step 4,407,164,928] sps=581,421  policy_loss=-0.0045  value_loss=0.2080  mi_loss=0.0011  mi_valid=0.76  div_loss=-0.1797  kl_loss=0.0000 (disabled)  score=0.900  return=0.720  role_std=5.7142  role_norm=33.4638  enc_delta ego=0.0028 partner=0.0027 road=0.0035
[ROMA step 4,407,951,360] sps=580,717  policy_loss=-0.0016  value_loss=0.2529  mi_loss=0.0011  mi_valid=0.76  div_loss=-0.1826  kl_loss=0.0000 (disabled)  score=0.899  return=0.718  role_std=6.2049  role_norm=32.6239  enc_delta ego=0.0028 partner=0.0025 road=0.0032
[ROMA step 4,408,737,792] sps=578,927  policy_loss=-0.0009  value_loss=0.2936  mi_loss=0.0011  mi_valid=0.75  div_loss=-0.1924  kl_loss=0.0000 (disabled)  score=0.898  return=0.713  role_std=6.4126  role_norm=31.8707  enc_delta ego=0.0020 partner=0.0028 road=0.0035
[ROMA step 4,409,524,224] sps=578,209  policy_loss=0.0005  value_loss=0.2780  mi_loss=0.0011  mi_valid=0.78  div_loss=-0.1719  kl_loss=0.0000 (disabled)  score=0.898  return=0.713  role_std=5.4713  role_norm=34.1860  enc_delta ego=0.0023 partner=0.0024 road=0.0039
[ROMA step 4,410,310,656] sps=577,477  policy_loss=0.0017  value_loss=0.3055  mi_loss=0.0011  mi_valid=0.76  div_loss=-0.1777  kl_loss=0.0000 (disabled)  score=0.898  return=0.714  role_std=5.4349  role_norm=33.8969  enc_delta ego=0.0031 partner=0.0032 road=0.0043
[ROMA step 4,411,097,088] sps=576,757  policy_loss=0.0003  value_loss=0.2891  mi_loss=0.0011  mi_valid=0.76  div_loss=-0.1816  kl_loss=0.0000 (disabled)  score=0.898  return=0.715  role_std=6.0370  role_norm=33.6590  enc_delta ego=0.0023 partner=0.0026 road=0.0039
[ROMA step 4,411,883,520] sps=574,981  policy_loss=-0.0012  value_loss=0.2323  mi_loss=0.0011  mi_valid=0.74  div_loss=-0.1826  kl_loss=0.0000 (disabled)  score=0.898  return=0.714  role_std=6.2930  role_norm=32.6907  enc_delta ego=0.0032 partner=0.0033 road=0.0039
[ROMA step 4,412,669,952] sps=574,303  policy_loss=0.0003  value_loss=0.2510  mi_loss=0.0011  mi_valid=0.76  div_loss=-0.1855  kl_loss=0.0000 (disabled)  score=0.897  return=0.711  role_std=6.6733  role_norm=32.5122  enc_delta ego=0.0027 partner=0.0030 road=0.0034
[ROMA step 4,413,456,384] sps=573,585  policy_loss=0.0016  value_loss=0.2520  mi_loss=0.0011  mi_valid=0.77  div_loss=-0.1895  kl_loss=0.0000 (disabled)  score=0.896  return=0.706  role_std=5.6167  role_norm=34.5477  enc_delta ego=0.0024 partner=0.0030 road=0.0039
[ROMA step 4,414,242,816] sps=572,834  policy_loss=0.0015  value_loss=0.1825  mi_loss=0.0011  mi_valid=0.77  div_loss=-0.1953  kl_loss=0.0000 (disabled)  score=0.895  return=0.703  role_std=5.4098  role_norm=34.0335  enc_delta ego=0.0021 partner=0.0022 road=0.0031
[ROMA step 4,415,029,248] sps=571,040  policy_loss=0.0020  value_loss=0.2889  mi_loss=0.0012  mi_valid=0.74  div_loss=-0.2041  kl_loss=0.0000 (disabled)  score=0.894  return=0.702  role_std=6.6441  role_norm=33.5340  enc_delta ego=0.0027 partner=0.0029 road=0.0038
[ROMA step 4,415,815,680] sps=570,347  policy_loss=0.0006  value_loss=0.2463  mi_loss=0.0012  mi_valid=0.76  div_loss=-0.1934  kl_loss=0.0000 (disabled)  score=0.893  return=0.701  role_std=6.5111  role_norm=33.0263  enc_delta ego=0.0031 partner=0.0029 road=0.0035
[ROMA step 4,416,602,112] sps=569,680  policy_loss=-0.0081  value_loss=0.1603  mi_loss=0.0012  mi_valid=0.76  div_loss=-0.1807  kl_loss=0.0000 (disabled)  score=0.893  return=0.702  role_std=6.4504  role_norm=32.6930  enc_delta ego=0.0031 partner=0.0028 road=0.0033
[ROMA step 4,417,388,544] sps=567,834  policy_loss=-0.0008  value_loss=0.2152  mi_loss=0.0012  mi_valid=0.75  div_loss=-0.1875  kl_loss=0.0000 (disabled)  score=0.892  return=0.703  role_std=5.3417  role_norm=34.6037  enc_delta ego=0.0024 partner=0.0028 road=0.0036
[ROMA step 4,418,174,976] sps=567,121  policy_loss=-0.0038  value_loss=0.2759  mi_loss=0.0011  mi_valid=0.78  div_loss=-0.1934  kl_loss=0.0000 (disabled)  score=0.892  return=0.703  role_std=5.6420  role_norm=35.1792  enc_delta ego=0.0027 partner=0.0033 road=0.0042
[ROMA step 4,418,961,408] sps=566,439  policy_loss=0.0019  value_loss=0.3283  mi_loss=0.0011  mi_valid=0.76  div_loss=-0.1816  kl_loss=0.0000 (disabled)  score=0.891  return=0.703  role_std=6.1008  role_norm=35.2959  enc_delta ego=0.0023 partner=0.0030 road=0.0038
[ROMA step 4,419,747,840] sps=565,768  policy_loss=-0.0024  value_loss=0.3003  mi_loss=0.0011  mi_valid=0.76  div_loss=-0.1836  kl_loss=0.0000 (disabled)  score=0.891  return=0.703  role_std=6.1652  role_norm=35.0669  enc_delta ego=0.0032 partner=0.0033 road=0.0035
[ROMA step 4,420,534,272] sps=564,043  policy_loss=-0.0031  value_loss=0.2527  mi_loss=0.0012  mi_valid=0.75  div_loss=-0.1787  kl_loss=0.0000 (disabled)  score=0.891  return=0.702  role_std=7.0541  role_norm=33.3403  enc_delta ego=0.0029 partner=0.0027 road=0.0041
[ROMA step 4,421,320,704] sps=563,379  policy_loss=-0.0064  value_loss=0.2165  mi_loss=0.0011  mi_valid=0.77  div_loss=-0.1816  kl_loss=0.0000 (disabled)  score=0.891  return=0.698  role_std=6.5540  role_norm=32.9507  enc_delta ego=0.0034 partner=0.0029 road=0.0042
[ROMA step 4,422,107,136] sps=562,682  policy_loss=-0.0009  value_loss=0.2815  mi_loss=0.0011  mi_valid=0.78  div_loss=-0.1855  kl_loss=0.0000 (disabled)  score=0.890  return=0.697  role_std=5.4232  role_norm=35.1030  enc_delta ego=0.0024 partner=0.0024 road=0.0033
[ROMA step 4,422,893,568] sps=560,967  policy_loss=-0.0002  value_loss=0.2097  mi_loss=0.0011  mi_valid=0.76  div_loss=-0.1787  kl_loss=0.0000 (disabled)  score=0.889  return=0.697  role_std=5.4183  role_norm=35.6014  enc_delta ego=0.0026 partner=0.0027 road=0.0035
[ROMA step 4,423,680,000] sps=560,335  policy_loss=-0.0010  value_loss=0.1591  mi_loss=0.0012  mi_valid=0.76  div_loss=-0.1816  kl_loss=0.0000 (disabled)  score=0.888  return=0.695  role_std=5.9123  role_norm=34.6226  enc_delta ego=0.0023 partner=0.0030 road=0.0041
[ROMA step 4,424,466,432] sps=559,690  policy_loss=0.0008  value_loss=0.2117  mi_loss=0.0011  mi_valid=0.75  div_loss=-0.1846  kl_loss=0.0000 (disabled)  score=0.888  return=0.695  role_std=6.7660  role_norm=33.8102  enc_delta ego=0.0021 partner=0.0023 road=0.0030
[ROMA step 4,425,252,864] sps=559,050  policy_loss=0.0016  value_loss=0.1847  mi_loss=0.0012  mi_valid=0.75  div_loss=-0.1885  kl_loss=0.0000 (disabled)  score=0.888  return=0.693  role_std=6.5716  role_norm=33.0882  enc_delta ego=0.0020 partner=0.0025 road=0.0034
[ROMA step 4,426,039,296] sps=557,338  policy_loss=-0.0040  value_loss=0.2059  mi_loss=0.0012  mi_valid=0.75  div_loss=-0.1914  kl_loss=0.0000 (disabled)  score=0.888  return=0.694  role_std=5.7150  role_norm=34.5102  enc_delta ego=0.0019 partner=0.0027 road=0.0031
[ROMA step 4,426,825,728] sps=556,714  policy_loss=0.0042  value_loss=0.2340  mi_loss=0.0011  mi_valid=0.77  div_loss=-0.2021  kl_loss=0.0000 (disabled)  score=0.888  return=0.694  role_std=6.3352  role_norm=34.0730  enc_delta ego=0.0019 partner=0.0026 road=0.0032
[ROMA step 4,427,612,160] sps=556,070  policy_loss=-0.0047  value_loss=0.2088  mi_loss=0.0011  mi_valid=0.76  div_loss=-0.1992  kl_loss=0.0000 (disabled)  score=0.888  return=0.695  role_std=6.3087  role_norm=34.0310  enc_delta ego=0.0024 partner=0.0031 road=0.0037
[ROMA step 4,428,398,592] sps=554,208  policy_loss=-0.0015  value_loss=0.2659  mi_loss=0.0011  mi_valid=0.74  div_loss=-0.1973  kl_loss=0.0000 (disabled)  score=0.888  return=0.695  role_std=7.1108  role_norm=33.5349  enc_delta ego=0.0023 partner=0.0024 road=0.0033
[ROMA step 4,429,185,024] sps=553,558  policy_loss=0.0017  value_loss=0.2326  mi_loss=0.0011  mi_valid=0.76  div_loss=-0.1963  kl_loss=0.0000 (disabled)  score=0.887  return=0.690  role_std=7.2067  role_norm=33.3368  enc_delta ego=0.0028 partner=0.0033 road=0.0037
[ROMA step 4,429,971,456] sps=552,936  policy_loss=-0.0008  value_loss=0.1990  mi_loss=0.0011  mi_valid=0.76  div_loss=-0.1895  kl_loss=0.0000 (disabled)  score=0.886  return=0.687  role_std=7.0776  role_norm=33.3211  enc_delta ego=0.0023 partner=0.0027 road=0.0035
[ROMA step 4,430,757,888] sps=552,270  policy_loss=0.0033  value_loss=0.2306  mi_loss=0.0011  mi_valid=0.77  div_loss=-0.1924  kl_loss=0.0000 (disabled)  score=0.886  return=0.685  role_std=5.9652  role_norm=36.0166  enc_delta ego=0.0025 partner=0.0031 road=0.0036
[ROMA step 4,431,544,320] sps=550,509  policy_loss=-0.0028  value_loss=0.2703  mi_loss=0.0011  mi_valid=0.74  div_loss=-0.1953  kl_loss=0.0000 (disabled)  score=0.885  return=0.683  role_std=5.8922  role_norm=34.9662  enc_delta ego=0.0014 partner=0.0024 road=0.0026
[ROMA step 4,432,330,752] sps=549,879  policy_loss=-0.0073  value_loss=0.1826  mi_loss=0.0011  mi_valid=0.76  div_loss=-0.1777  kl_loss=0.0000 (disabled)  score=0.884  return=0.681  role_std=6.0173  role_norm=34.4315  enc_delta ego=0.0027 partner=0.0025 road=0.0029
[ROMA step 4,433,117,184] sps=549,257  policy_loss=-0.0029  value_loss=0.1747  mi_loss=0.0011  mi_valid=0.76  div_loss=-0.1777  kl_loss=0.0000 (disabled)  score=0.884  return=0.681  role_std=6.2167  role_norm=33.8104  enc_delta ego=0.0019 partner=0.0021 road=0.0025
[ROMA step 4,433,903,616] sps=547,705  policy_loss=-0.0057  value_loss=0.2114  mi_loss=0.0011  mi_valid=0.74  div_loss=-0.1797  kl_loss=0.0000 (disabled)  score=0.883  return=0.679  role_std=7.0647  role_norm=31.3209  enc_delta ego=0.0020 partner=0.0024 road=0.0026
[ROMA step 4,434,690,048] sps=547,052  policy_loss=0.0013  value_loss=0.3267  mi_loss=0.0012  mi_valid=0.78  div_loss=-0.2012  kl_loss=0.0000 (disabled)  score=0.883  return=0.677  role_std=5.7142  role_norm=34.7325  enc_delta ego=0.0059 partner=0.0035 road=0.0044
[ROMA step 4,435,476,480] sps=546,422  policy_loss=-0.0012  value_loss=0.3531  mi_loss=0.0012  mi_valid=0.77  div_loss=-0.2188  kl_loss=0.0000 (disabled)  score=0.883  return=0.673  role_std=6.4367  role_norm=34.0981  enc_delta ego=0.0035 partner=0.0033 road=0.0042
[ROMA step 4,436,262,912] sps=545,791  policy_loss=-0.0019  value_loss=0.2841  mi_loss=0.0012  mi_valid=0.77  div_loss=-0.2168  kl_loss=0.0000 (disabled)  score=0.882  return=0.669  role_std=7.0965  role_norm=33.3886  enc_delta ego=0.0043 partner=0.0038 road=0.0042
[ROMA step 4,437,049,344] sps=544,248  policy_loss=0.0003  value_loss=0.3268  mi_loss=0.0013  mi_valid=0.75  div_loss=-0.2080  kl_loss=0.0000 (disabled)  score=0.881  return=0.665  role_std=7.2533  role_norm=32.9979  enc_delta ego=0.0036 partner=0.0027 road=0.0038
[ROMA step 4,437,835,776] sps=543,591  policy_loss=0.0014  value_loss=0.3151  mi_loss=0.0012  mi_valid=0.76  div_loss=-0.2041  kl_loss=0.0000 (disabled)  score=0.880  return=0.661  role_std=7.3165  role_norm=33.2294  enc_delta ego=0.0039 partner=0.0032 road=0.0035
[ROMA step 4,438,622,208] sps=542,998  policy_loss=0.0003  value_loss=0.2711  mi_loss=0.0011  mi_valid=0.78  div_loss=-0.1934  kl_loss=0.0000 (disabled)  score=0.880  return=0.660  role_std=7.6115  role_norm=32.7287  enc_delta ego=0.0028 partner=0.0026 road=0.0034
[ROMA step 4,439,408,640] sps=542,368  policy_loss=-0.0042  value_loss=0.2193  mi_loss=0.0011  mi_valid=0.78  div_loss=-0.2080  kl_loss=0.0000 (disabled)  score=0.879  return=0.658  role_std=5.8390  role_norm=35.3147  enc_delta ego=0.0041 partner=0.0024 road=0.0030
[ROMA step 4,440,195,072] sps=540,826  policy_loss=-0.0006  value_loss=0.2332  mi_loss=0.0012  mi_valid=0.75  div_loss=-0.2041  kl_loss=0.0000 (disabled)  score=0.879  return=0.655  role_std=6.0593  role_norm=34.5058  enc_delta ego=0.0030 partner=0.0030 road=0.0040
[ROMA step 4,440,981,504] sps=540,222  policy_loss=0.0053  value_loss=0.1869  mi_loss=0.0011  mi_valid=0.76  div_loss=-0.1904  kl_loss=0.0000 (disabled)  score=0.878  return=0.655  role_std=6.5812  role_norm=33.8468  enc_delta ego=0.0023 partner=0.0025 road=0.0035
[ROMA step 4,441,767,936] sps=539,622  policy_loss=0.0008  value_loss=0.1772  mi_loss=0.0011  mi_valid=0.76  div_loss=-0.1943  kl_loss=0.0000 (disabled)  score=0.878  return=0.656  role_std=6.9458  role_norm=33.4640  enc_delta ego=0.0021 partner=0.0025 road=0.0032
[ROMA step 4,442,554,368] sps=537,966  policy_loss=-0.0045  value_loss=0.2520  mi_loss=0.0011  mi_valid=0.75  div_loss=-0.1904  kl_loss=0.0000 (disabled)  score=0.878  return=0.654  role_std=6.8454  role_norm=32.5273  enc_delta ego=0.0017 partner=0.0021 road=0.0026
[ROMA step 4,443,340,800] sps=537,319  policy_loss=0.0041  value_loss=0.3021  mi_loss=0.0011  mi_valid=0.77  div_loss=-0.1953  kl_loss=0.0000 (disabled)  score=0.879  return=0.653  role_std=6.1339  role_norm=35.3799  enc_delta ego=0.0018 partner=0.0028 road=0.0041
[ROMA step 4,444,127,232] sps=536,668  policy_loss=-0.0029  value_loss=0.2485  mi_loss=0.0011  mi_valid=0.76  div_loss=-0.1992  kl_loss=0.0000 (disabled)  score=0.879  return=0.653  role_std=5.8731  role_norm=35.4831  enc_delta ego=0.0023 partner=0.0033 road=0.0045
[ROMA step 4,444,913,664] sps=536,049  policy_loss=0.0036  value_loss=0.2667  mi_loss=0.0011  mi_valid=0.76  div_loss=-0.1934  kl_loss=0.0000 (disabled)  score=0.878  return=0.651  role_std=6.6254  role_norm=35.0526  enc_delta ego=0.0021 partner=0.0032 road=0.0043
[ROMA step 4,445,700,096] sps=534,526  policy_loss=-0.0038  value_loss=0.2147  mi_loss=0.0012  mi_valid=0.74  div_loss=-0.1914  kl_loss=0.0000 (disabled)  score=0.878  return=0.653  role_std=6.7866  role_norm=33.9643  enc_delta ego=0.0021 partner=0.0026 road=0.0041
[ROMA step 4,446,486,528] sps=533,890  policy_loss=-0.0045  value_loss=0.2087  mi_loss=0.0012  mi_valid=0.77  div_loss=-0.1836  kl_loss=0.0000 (disabled)  score=0.878  return=0.654  role_std=6.9029  role_norm=33.3623  enc_delta ego=0.0025 partner=0.0028 road=0.0035
[ROMA step 4,447,272,960] sps=533,294  policy_loss=-0.0027  value_loss=0.2764  mi_loss=0.0012  mi_valid=0.77  div_loss=-0.1924  kl_loss=0.0000 (disabled)  score=0.879  return=0.655  role_std=5.8784  role_norm=35.9098  enc_delta ego=0.0026 partner=0.0027 road=0.0038
[ROMA step 4,448,059,392] sps=531,636  policy_loss=0.0026  value_loss=0.2941  mi_loss=0.0011  mi_valid=0.76  div_loss=-0.1846  kl_loss=0.0000 (disabled)  score=0.878  return=0.656  role_std=6.0593  role_norm=35.4371  enc_delta ego=0.0019 partner=0.0018 road=0.0029
[ROMA step 4,448,845,824] sps=531,073  policy_loss=-0.0003  value_loss=0.2265  mi_loss=0.0012  mi_valid=0.77  div_loss=-0.1748  kl_loss=0.0000 (disabled)  score=0.877  return=0.655  role_std=5.8635  role_norm=34.9998  enc_delta ego=0.0020 partner=0.0021 road=0.0025
[ROMA step 4,449,632,256] sps=530,509  policy_loss=0.0019  value_loss=0.2272  mi_loss=0.0011  mi_valid=0.77  div_loss=-0.1729  kl_loss=0.0000 (disabled)  score=0.877  return=0.656  role_std=6.2174  role_norm=34.2470  enc_delta ego=0.0023 partner=0.0024 road=0.0036
[ROMA step 4,450,418,688] sps=529,883  policy_loss=-0.0003  value_loss=0.1626  mi_loss=0.0011  mi_valid=0.77  div_loss=-0.1709  kl_loss=0.0000 (disabled)  score=0.877  return=0.657  role_std=5.9446  role_norm=33.5259  enc_delta ego=0.0024 partner=0.0023 road=0.0037
[ROMA step 4,451,205,120] sps=528,251  policy_loss=0.0063  value_loss=0.1944  mi_loss=0.0011  mi_valid=0.75  div_loss=-0.1660  kl_loss=0.0000 (disabled)  score=0.876  return=0.658  role_std=5.1339  role_norm=35.7561  enc_delta ego=0.0019 partner=0.0025 road=0.0032
[ROMA step 4,451,991,552] sps=527,680  policy_loss=0.0041  value_loss=0.1294  mi_loss=0.0011  mi_valid=0.77  div_loss=-0.1650  kl_loss=0.0000 (disabled)  score=0.876  return=0.659  role_std=5.4053  role_norm=35.6271  enc_delta ego=0.0017 partner=0.0027 road=0.0035
[ROMA step 4,452,777,984] sps=527,109  policy_loss=0.0044  value_loss=0.1594  mi_loss=0.0011  mi_valid=0.75  div_loss=-0.1660  kl_loss=0.0000 (disabled)  score=0.876  return=0.661  role_std=5.6322  role_norm=35.5485  enc_delta ego=0.0020 partner=0.0024 road=0.0031
[ROMA step 4,453,564,416] sps=525,617  policy_loss=0.0033  value_loss=0.2343  mi_loss=0.0012  mi_valid=0.73  div_loss=-0.1699  kl_loss=0.0000 (disabled)  score=0.876  return=0.662  role_std=6.0470  role_norm=34.5412  enc_delta ego=0.0015 partner=0.0020 road=0.0034
[ROMA step 4,454,350,848] sps=525,074  policy_loss=0.0090  value_loss=0.2684  mi_loss=0.0012  mi_valid=0.76  div_loss=-0.1709  kl_loss=0.0000 (disabled)  score=0.875  return=0.662  role_std=6.0434  role_norm=34.4129  enc_delta ego=0.0017 partner=0.0021 road=0.0036
[ROMA step 4,455,137,280] sps=524,503  policy_loss=-0.0003  value_loss=0.2193  mi_loss=0.0011  mi_valid=0.76  div_loss=-0.1797  kl_loss=0.0000 (disabled)  score=0.875  return=0.664  role_std=6.1208  role_norm=33.2825  enc_delta ego=0.0022 partner=0.0026 road=0.0033
[ROMA step 4,455,923,712] sps=523,956  policy_loss=0.0001  value_loss=0.2100  mi_loss=0.0011  mi_valid=0.77  div_loss=-0.1787  kl_loss=0.0000 (disabled)  score=0.876  return=0.666  role_std=5.8237  role_norm=35.5048  enc_delta ego=0.0022 partner=0.0030 road=0.0039
[ROMA step 4,456,710,144] sps=522,308  policy_loss=0.0048  value_loss=0.1979  mi_loss=0.0011  mi_valid=0.74  div_loss=-0.1855  kl_loss=0.0000 (disabled)  score=0.876  return=0.667  role_std=5.4974  role_norm=35.3227  enc_delta ego=0.0025 partner=0.0029 road=0.0041
[ROMA step 4,457,496,576] sps=521,759  policy_loss=-0.0030  value_loss=0.1825  mi_loss=0.0010  mi_valid=0.75  div_loss=-0.1641  kl_loss=0.0000 (disabled)  score=0.877  return=0.671  role_std=6.3004  role_norm=34.7500  enc_delta ego=0.0031 partner=0.0028 road=0.0041
[ROMA step 4,458,283,008] sps=521,161  policy_loss=-0.0007  value_loss=0.2203  mi_loss=0.0010  mi_valid=0.75  div_loss=-0.1699  kl_loss=0.0000 (disabled)  score=0.877  return=0.671  role_std=6.3643  role_norm=34.6734  enc_delta ego=0.0023 partner=0.0031 road=0.0046
[ROMA step 4,459,069,440] sps=519,590  policy_loss=-0.0000  value_loss=0.2460  mi_loss=0.0010  mi_valid=0.73  div_loss=-0.1680  kl_loss=0.0000 (disabled)  score=0.878  return=0.672  role_std=7.4114  role_norm=32.9599  enc_delta ego=0.0022 partner=0.0024 road=0.0032
[ROMA step 4,459,855,872] sps=519,054  policy_loss=-0.0001  value_loss=0.3426  mi_loss=0.0010  mi_valid=0.77  div_loss=-0.1738  kl_loss=0.0000 (disabled)  score=0.878  return=0.672  role_std=5.7675  role_norm=36.9249  enc_delta ego=0.0020 partner=0.0025 road=0.0039
[ROMA step 4,460,642,304] sps=518,521  policy_loss=0.0021  value_loss=0.3827  mi_loss=0.0010  mi_valid=0.76  div_loss=-0.1846  kl_loss=0.0000 (disabled)  score=0.877  return=0.669  role_std=5.8802  role_norm=36.4007  enc_delta ego=0.0023 partner=0.0027 road=0.0041
[ROMA step 4,461,428,736] sps=517,975  policy_loss=0.0002  value_loss=0.2394  mi_loss=0.0011  mi_valid=0.76  div_loss=-0.1758  kl_loss=0.0000 (disabled)  score=0.877  return=0.668  role_std=6.0185  role_norm=35.7933  enc_delta ego=0.0024 partner=0.0024 road=0.0039
[ROMA step 4,462,215,168] sps=516,520  policy_loss=0.0006  value_loss=0.2249  mi_loss=0.0011  mi_valid=0.74  div_loss=-0.1729  kl_loss=0.0000 (disabled)  score=0.876  return=0.668  role_std=5.6242  role_norm=35.0707  enc_delta ego=0.0029 partner=0.0024 road=0.0038
[ROMA step 4,463,001,600] sps=515,995  policy_loss=-0.0044  value_loss=0.1945  mi_loss=0.0011  mi_valid=0.75  div_loss=-0.1621  kl_loss=0.0000 (disabled)  score=0.877  return=0.672  role_std=6.1117  role_norm=34.3653  enc_delta ego=0.0023 partner=0.0026 road=0.0037
[ROMA step 4,463,788,032] sps=515,427  policy_loss=0.0025  value_loss=0.1848  mi_loss=0.0011  mi_valid=0.76  div_loss=-0.1504  kl_loss=0.0000 (disabled)  score=0.878  return=0.679  role_std=6.1524  role_norm=34.4821  enc_delta ego=0.0025 partner=0.0024 road=0.0037
[ROMA step 4,464,574,464] sps=514,894  policy_loss=0.0009  value_loss=0.2527  mi_loss=0.0011  mi_valid=0.76  div_loss=-0.1602  kl_loss=0.0000 (disabled)  score=0.879  return=0.683  role_std=5.1886  role_norm=37.0473  enc_delta ego=0.0023 partner=0.0024 road=0.0034
[ROMA step 4,465,360,896] sps=513,381  policy_loss=0.0007  value_loss=0.2881  mi_loss=0.0012  mi_valid=0.74  div_loss=-0.1738  kl_loss=0.0000 (disabled)  score=0.880  return=0.687  role_std=5.8362  role_norm=35.9260  enc_delta ego=0.0026 partner=0.0031 road=0.0048
[ROMA step 4,466,147,328] sps=512,857  policy_loss=0.0005  value_loss=0.1806  mi_loss=0.0012  mi_valid=0.76  div_loss=-0.1699  kl_loss=0.0000 (disabled)  score=0.880  return=0.689  role_std=5.9015  role_norm=35.3900  enc_delta ego=0.0023 partner=0.0027 road=0.0041
[ROMA step 4,466,933,760] sps=512,303  policy_loss=0.0007  value_loss=0.1454  mi_loss=0.0011  mi_valid=0.76  div_loss=-0.1689  kl_loss=0.0000 (disabled)  score=0.881  return=0.694  role_std=6.1579  role_norm=34.1527  enc_delta ego=0.0025 partner=0.0027 road=0.0037
[ROMA step 4,467,720,192] sps=510,828  policy_loss=0.0006  value_loss=0.2881  mi_loss=0.0011  mi_valid=0.74  div_loss=-0.1855  kl_loss=0.0000 (disabled)  score=0.882  return=0.696  role_std=6.6767  role_norm=33.3019  enc_delta ego=0.0028 partner=0.0030 road=0.0043
[ROMA step 4,468,506,624] sps=510,319  policy_loss=-0.0076  value_loss=0.3063  mi_loss=0.0012  mi_valid=0.78  div_loss=-0.1826  kl_loss=0.0000 (disabled)  score=0.883  return=0.695  role_std=5.8584  role_norm=36.1857  enc_delta ego=0.0024 partner=0.0025 road=0.0039
[ROMA step 4,469,293,056] sps=509,810  policy_loss=0.0016  value_loss=0.2695  mi_loss=0.0011  mi_valid=0.76  div_loss=-0.1865  kl_loss=0.0000 (disabled)  score=0.883  return=0.695  role_std=5.9709  role_norm=36.3292  enc_delta ego=0.0034 partner=0.0029 road=0.0043
[ROMA step 4,470,079,488] sps=509,296  policy_loss=-0.0036  value_loss=0.2667  mi_loss=0.0012  mi_valid=0.76  div_loss=-0.1816  kl_loss=0.0000 (disabled)  score=0.884  return=0.693  role_std=6.4965  role_norm=36.1419  enc_delta ego=0.0036 partner=0.0027 road=0.0037
[ROMA step 4,470,865,920] sps=507,844  policy_loss=0.0046  value_loss=0.5047  mi_loss=0.0012  mi_valid=0.74  div_loss=-0.1855  kl_loss=0.0000 (disabled)  score=0.884  return=0.691  role_std=6.3932  role_norm=34.5848  enc_delta ego=0.0021 partner=0.0023 road=0.0040
[ROMA step 4,471,652,352] sps=507,335  policy_loss=-0.0018  value_loss=0.2172  mi_loss=0.0011  mi_valid=0.76  div_loss=-0.1758  kl_loss=0.0000 (disabled)  score=0.884  return=0.691  role_std=7.0999  role_norm=34.2020  enc_delta ego=0.0014 partner=0.0018 road=0.0033
[ROMA step 4,472,438,784] sps=506,813  policy_loss=-0.0020  value_loss=0.2073  mi_loss=0.0012  mi_valid=0.77  div_loss=-0.1777  kl_loss=0.0000 (disabled)  score=0.883  return=0.691  role_std=5.7702  role_norm=35.9099  enc_delta ego=0.0023 partner=0.0032 road=0.0035
[ROMA step 4,473,225,216] sps=505,237  policy_loss=-0.0058  value_loss=0.1534  mi_loss=0.0011  mi_valid=0.76  div_loss=-0.1875  kl_loss=0.0000 (disabled)  score=0.883  return=0.692  role_std=5.5236  role_norm=36.1590  enc_delta ego=0.0019 partner=0.0024 road=0.0032
[ROMA step 4,474,011,648] sps=504,709  policy_loss=0.0011  value_loss=0.1235  mi_loss=0.0010  mi_valid=0.76  div_loss=-0.1699  kl_loss=0.0000 (disabled)  score=0.885  return=0.696  role_std=5.9528  role_norm=35.5751  enc_delta ego=0.0030 partner=0.0029 road=0.0045
[ROMA step 4,474,798,080] sps=504,202  policy_loss=-0.0012  value_loss=0.1699  mi_loss=0.0011  mi_valid=0.76  div_loss=-0.1738  kl_loss=0.0000 (disabled)  score=0.886  return=0.701  role_std=5.9723  role_norm=34.9720  enc_delta ego=0.0020 partner=0.0021 road=0.0038
[ROMA step 4,475,584,512] sps=503,648  policy_loss=-0.0027  value_loss=0.1134  mi_loss=0.0011  mi_valid=0.75  div_loss=-0.1680  kl_loss=0.0000 (disabled)  score=0.888  return=0.707  role_std=6.3405  role_norm=34.3286  enc_delta ego=0.0018 partner=0.0031 road=0.0038
[ROMA step 4,476,370,944] sps=502,115  policy_loss=-0.0060  value_loss=0.2324  mi_loss=0.0011  mi_valid=0.75  div_loss=-0.1865  kl_loss=0.0000 (disabled)  score=0.890  return=0.708  role_std=6.0679  role_norm=36.3886  enc_delta ego=0.0031 partner=0.0026 road=0.0041
[ROMA step 4,477,157,376] sps=501,615  policy_loss=-0.0010  value_loss=0.2576  mi_loss=0.0011  mi_valid=0.77  div_loss=-0.1904  kl_loss=0.0000 (disabled)  score=0.891  return=0.708  role_std=6.4951  role_norm=35.9182  enc_delta ego=0.0024 partner=0.0030 road=0.0044
[ROMA step 4,477,943,808] sps=501,119  policy_loss=-0.0047  value_loss=0.3533  mi_loss=0.0011  mi_valid=0.76  div_loss=-0.2031  kl_loss=0.0000 (disabled)  score=0.892  return=0.706  role_std=6.4499  role_norm=35.4872  enc_delta ego=0.0022 partner=0.0028 road=0.0036
[ROMA step 4,478,730,240] sps=499,668  policy_loss=0.0012  value_loss=0.2853  mi_loss=0.0011  mi_valid=0.74  div_loss=-0.2041  kl_loss=0.0000 (disabled)  score=0.892  return=0.702  role_std=6.8961  role_norm=34.4832  enc_delta ego=0.0022 partner=0.0021 road=0.0036
[ROMA step 4,479,516,672] sps=499,134  policy_loss=0.0028  value_loss=0.3233  mi_loss=0.0011  mi_valid=0.76  div_loss=-0.1982  kl_loss=0.0000 (disabled)  score=0.892  return=0.700  role_std=7.4363  role_norm=33.9139  enc_delta ego=0.0032 partner=0.0033 road=0.0045
[ROMA step 4,480,303,104] sps=498,593  policy_loss=-0.0026  value_loss=0.2509  mi_loss=0.0011  mi_valid=0.76  div_loss=-0.1973  kl_loss=0.0000 (disabled)  score=0.892  return=0.697  role_std=7.6000  role_norm=33.1228  enc_delta ego=0.0028 partner=0.0032 road=0.0048
[ROMA step 4,481,089,536] sps=498,079  policy_loss=-0.0027  value_loss=0.2075  mi_loss=0.0011  mi_valid=0.77  div_loss=-0.1885  kl_loss=0.0000 (disabled)  score=0.892  return=0.696  role_std=6.0290  role_norm=35.6351  enc_delta ego=0.0032 partner=0.0027 road=0.0046
[ROMA step 4,481,875,968] sps=496,634  policy_loss=0.0003  value_loss=0.2793  mi_loss=0.0011  mi_valid=0.74  div_loss=-0.1943  kl_loss=0.0000 (disabled)  score=0.892  return=0.694  role_std=6.2020  role_norm=35.2515  enc_delta ego=0.0032 partner=0.0027 road=0.0042
[ROMA step 4,482,662,400] sps=496,155  policy_loss=-0.0025  value_loss=0.1634  mi_loss=0.0010  mi_valid=0.75  div_loss=-0.1904  kl_loss=0.0000 (disabled)  score=0.892  return=0.693  role_std=6.4127  role_norm=35.2548  enc_delta ego=0.0020 partner=0.0033 road=0.0048
[ROMA step 4,483,448,832] sps=495,675  policy_loss=-0.0050  value_loss=0.2044  mi_loss=0.0010  mi_valid=0.75  div_loss=-0.1787  kl_loss=0.0000 (disabled)  score=0.892  return=0.691  role_std=7.0075  role_norm=34.9506  enc_delta ego=0.0025 partner=0.0026 road=0.0035
[ROMA step 4,484,235,264] sps=494,303  policy_loss=0.0002  value_loss=0.2142  mi_loss=0.0011  mi_valid=0.73  div_loss=-0.1816  kl_loss=0.0000 (disabled)  score=0.893  return=0.693  role_std=7.5307  role_norm=32.2260  enc_delta ego=0.0028 partner=0.0024 road=0.0025
[ROMA step 4,485,021,696] sps=493,788  policy_loss=-0.0043  value_loss=0.1888  mi_loss=0.0011  mi_valid=0.79  div_loss=-0.1719  kl_loss=0.0000 (disabled)  score=0.892  return=0.689  role_std=5.0801  role_norm=36.0105  enc_delta ego=0.0026 partner=0.0028 road=0.0033
[ROMA step 4,485,808,128] sps=493,281  policy_loss=-0.0005  value_loss=0.1841  mi_loss=0.0011  mi_valid=0.78  div_loss=-0.1592  kl_loss=0.0000 (disabled)  score=0.891  return=0.686  role_std=4.9729  role_norm=35.9702  enc_delta ego=0.0020 partner=0.0025 road=0.0033
[ROMA step 4,486,594,560] sps=492,774  policy_loss=0.0025  value_loss=0.2328  mi_loss=0.0011  mi_valid=0.77  div_loss=-0.1719  kl_loss=0.0000 (disabled)  score=0.890  return=0.685  role_std=5.4061  role_norm=35.7057  enc_delta ego=0.0028 partner=0.0024 road=0.0036
[ROMA step 4,487,380,992] sps=491,450  policy_loss=0.0048  value_loss=0.2052  mi_loss=0.0011  mi_valid=0.74  div_loss=-0.1729  kl_loss=0.0000 (disabled)  score=0.889  return=0.684  role_std=5.9692  role_norm=35.0423  enc_delta ego=0.0022 partner=0.0027 road=0.0047
[ROMA step 4,488,167,424] sps=490,980  policy_loss=-0.0001  value_loss=0.2372  mi_loss=0.0011  mi_valid=0.76  div_loss=-0.1797  kl_loss=0.0000 (disabled)  score=0.890  return=0.685  role_std=6.4202  role_norm=34.5446  enc_delta ego=0.0028 partner=0.0025 road=0.0039
[ROMA step 4,488,953,856] sps=490,505  policy_loss=-0.0013  value_loss=0.1717  mi_loss=0.0011  mi_valid=0.76  div_loss=-0.1748  kl_loss=0.0000 (disabled)  score=0.890  return=0.686  role_std=6.5646  role_norm=33.8895  enc_delta ego=0.0022 partner=0.0026 road=0.0044
[ROMA step 4,489,740,288] sps=490,010  policy_loss=-0.0051  value_loss=0.2380  mi_loss=0.0011  mi_valid=0.77  div_loss=-0.1826  kl_loss=0.0000 (disabled)  score=0.891  return=0.687  role_std=5.9195  role_norm=36.4303  enc_delta ego=0.0023 partner=0.0025 road=0.0037
[ROMA step 4,490,526,720] sps=488,719  policy_loss=0.0054  value_loss=0.2250  mi_loss=0.0011  mi_valid=0.73  div_loss=-0.1826  kl_loss=0.0000 (disabled)  score=0.891  return=0.687  role_std=6.1474  role_norm=36.4177  enc_delta ego=0.0022 partner=0.0030 road=0.0039
[ROMA step 4,491,313,152] sps=488,229  policy_loss=-0.0008  value_loss=0.2407  mi_loss=0.0011  mi_valid=0.75  div_loss=-0.1807  kl_loss=0.0000 (disabled)  score=0.891  return=0.686  role_std=6.6358  role_norm=35.5845  enc_delta ego=0.0024 partner=0.0029 road=0.0029
[ROMA step 4,492,099,584] sps=487,743  policy_loss=0.0068  value_loss=0.2405  mi_loss=0.0012  mi_valid=0.75  div_loss=-0.1729  kl_loss=0.0000 (disabled)  score=0.890  return=0.685  role_std=6.6413  role_norm=35.3143  enc_delta ego=0.0018 partner=0.0024 road=0.0030
[ROMA step 4,492,886,016] sps=486,376  policy_loss=-0.0015  value_loss=0.2771  mi_loss=0.0011  mi_valid=0.74  div_loss=-0.1865  kl_loss=0.0000 (disabled)  score=0.891  return=0.686  role_std=6.8352  role_norm=33.0415  enc_delta ego=0.0018 partner=0.0023 road=0.0030
[ROMA step 4,493,672,448] sps=485,881  policy_loss=0.0017  value_loss=0.2424  mi_loss=0.0011  mi_valid=0.78  div_loss=-0.1855  kl_loss=0.0000 (disabled)  score=0.891  return=0.686  role_std=5.7042  role_norm=36.2453  enc_delta ego=0.0030 partner=0.0040 road=0.0053
[ROMA step 4,494,458,880] sps=485,408  policy_loss=-0.0032  value_loss=0.3619  mi_loss=0.0010  mi_valid=0.77  div_loss=-0.1836  kl_loss=0.0000 (disabled)  score=0.891  return=0.683  role_std=6.3087  role_norm=35.8515  enc_delta ego=0.0018 partner=0.0027 road=0.0035
[ROMA step 4,495,245,312] sps=484,875  policy_loss=0.0034  value_loss=0.2725  mi_loss=0.0011  mi_valid=0.77  div_loss=-0.1885  kl_loss=0.0000 (disabled)  score=0.890  return=0.680  role_std=6.3040  role_norm=35.7289  enc_delta ego=0.0025 partner=0.0031 road=0.0038
[ROMA step 4,496,031,744] sps=483,547  policy_loss=0.0017  value_loss=0.2212  mi_loss=0.0010  mi_valid=0.73  div_loss=-0.1836  kl_loss=0.0000 (disabled)  score=0.891  return=0.683  role_std=6.6265  role_norm=35.4068  enc_delta ego=0.0026 partner=0.0029 road=0.0044
[ROMA step 4,496,818,176] sps=483,065  policy_loss=-0.0014  value_loss=0.2504  mi_loss=0.0010  mi_valid=0.75  div_loss=-0.1797  kl_loss=0.0000 (disabled)  score=0.892  return=0.686  role_std=6.6730  role_norm=35.1480  enc_delta ego=0.0021 partner=0.0024 road=0.0033
[ROMA step 4,497,604,608] sps=482,555  policy_loss=-0.0036  value_loss=0.1730  mi_loss=0.0011  mi_valid=0.75  div_loss=-0.1768  kl_loss=0.0000 (disabled)  score=0.893  return=0.690  role_std=6.6647  role_norm=34.7589  enc_delta ego=0.0019 partner=0.0028 road=0.0031
[ROMA step 4,498,391,040] sps=481,295  policy_loss=0.0005  value_loss=0.2458  mi_loss=0.0011  mi_valid=0.75  div_loss=-0.1855  kl_loss=0.0000 (disabled)  score=0.894  return=0.695  role_std=5.7633  role_norm=37.1868  enc_delta ego=0.0022 partner=0.0028 road=0.0039
[ROMA step 4,499,177,472] sps=480,814  policy_loss=-0.0003  value_loss=0.2663  mi_loss=0.0011  mi_valid=0.75  div_loss=-0.1836  kl_loss=0.0000 (disabled)  score=0.895  return=0.698  role_std=6.2561  role_norm=36.4270  enc_delta ego=0.0022 partner=0.0022 road=0.0035
[ROMA step 4,499,963,904] sps=480,309  policy_loss=-0.0059  value_loss=0.1778  mi_loss=0.0011  mi_valid=0.75  div_loss=-0.1777  kl_loss=0.0000 (disabled)  score=0.896  return=0.700  role_std=6.3494  role_norm=36.1824  enc_delta ego=0.0022 partner=0.0025 road=0.0043
[ROMA step 4,500,750,336] sps=479,829  policy_loss=-0.0037  value_loss=0.2399  mi_loss=0.0010  mi_valid=0.75  div_loss=-0.1846  kl_loss=0.0000 (disabled)  score=0.897  return=0.699  role_std=6.5796  role_norm=35.7412  enc_delta ego=0.0022 partner=0.0022 road=0.0034
[ROMA] Saved -> /scratch/e452103/checkpoints/roma_mifutagent_dim1_H8_r16p64_ft_pc40_cb1_lr_half_nodiv/roma_dim1_step4500750336.pt
[ROMA] Periodic WOSAC eval at step 4,500,750,336 ...

WOSAC realism metrics (32 rollouts, up to 10 batches, step 4,500,750,336)...
  Batch 10/10 | scenarios: 1183 | realism: 0.6902

  Scenarios evaluated       : 1183
  Realism meta-score        : 0.6902
  Kinematic metrics         : 0.2673
  Interactive metrics       : 0.6839
  Map-based metrics         : 0.7644
  minADE (m)                : 4.2733
  likelihood_offroad        : 0.9096
  likelihood_dist_road_edge : 0.6194
  likelihood_collision      : 0.9489
  likelihood_dist_obj       : 0.3071
  likelihood_ttc            : 0.7958
  likelihood_linear_speed   : 0.2580
  likelihood_linear_accel   : 0.3314
  likelihood_angular_speed  : 0.2210
  likelihood_angular_accel  : 0.2568
[ROMA step 4,501,536,768] sps=449,705  policy_loss=-0.0021  value_loss=0.1787  mi_loss=0.0010  mi_valid=0.74  div_loss=-0.1836  kl_loss=0.0000 (disabled)  score=0.898  return=0.699  role_std=6.6555  role_norm=34.9681  enc_delta ego=0.0018 partner=0.0025 road=0.0032
[ROMA step 4,502,323,200] sps=449,304  policy_loss=0.0005  value_loss=0.2058  mi_loss=0.0011  mi_valid=0.76  div_loss=-0.1777  kl_loss=0.0000 (disabled)  score=0.898  return=0.698  role_std=6.1132  role_norm=37.5131  enc_delta ego=0.0022 partner=0.0024 road=0.0043
[ROMA step 4,503,109,632] sps=448,877  policy_loss=-0.0018  value_loss=0.1948  mi_loss=0.0010  mi_valid=0.75  div_loss=-0.1758  kl_loss=0.0000 (disabled)  score=0.898  return=0.696  role_std=6.1209  role_norm=37.5056  enc_delta ego=0.0016 partner=0.0030 road=0.0038
[ROMA step 4,503,896,064] sps=447,853  policy_loss=0.0037  value_loss=0.1937  mi_loss=0.0011  mi_valid=0.73  div_loss=-0.1807  kl_loss=0.0000 (disabled)  score=0.898  return=0.701  role_std=6.9604  role_norm=35.9551  enc_delta ego=0.0021 partner=0.0026 road=0.0033
[ROMA step 4,504,682,496] sps=447,468  policy_loss=-0.0055  value_loss=0.2626  mi_loss=0.0011  mi_valid=0.76  div_loss=-0.2012  kl_loss=0.0000 (disabled)  score=0.898  return=0.698  role_std=7.3956  role_norm=35.1602  enc_delta ego=0.0021 partner=0.0026 road=0.0041
[ROMA step 4,505,468,928] sps=447,054  policy_loss=-0.0048  value_loss=0.3547  mi_loss=0.0011  mi_valid=0.76  div_loss=-0.2100  kl_loss=0.0000 (disabled)  score=0.899  return=0.698  role_std=7.6635  role_norm=34.7120  enc_delta ego=0.0019 partner=0.0029 road=0.0039
[ROMA step 4,506,255,360] sps=446,673  policy_loss=-0.0014  value_loss=0.2942  mi_loss=0.0012  mi_valid=0.77  div_loss=-0.2119  kl_loss=0.0000 (disabled)  score=0.899  return=0.697  role_std=6.4777  role_norm=37.0891  enc_delta ego=0.0022 partner=0.0027 road=0.0038
[ROMA step 4,507,041,792] sps=445,622  policy_loss=-0.0046  value_loss=0.3769  mi_loss=0.0011  mi_valid=0.76  div_loss=-0.2109  kl_loss=0.0000 (disabled)  score=0.899  return=0.694  role_std=6.4173  role_norm=36.2387  enc_delta ego=0.0026 partner=0.0026 road=0.0042
[ROMA step 4,507,828,224] sps=445,241  policy_loss=0.0019  value_loss=0.3066  mi_loss=0.0010  mi_valid=0.77  div_loss=-0.1943  kl_loss=0.0000 (disabled)  score=0.899  return=0.693  role_std=6.6432  role_norm=35.8549  enc_delta ego=0.0022 partner=0.0032 road=0.0041
[ROMA step 4,508,614,656] sps=444,861  policy_loss=-0.0030  value_loss=0.2215  mi_loss=0.0011  mi_valid=0.77  div_loss=-0.1895  kl_loss=0.0000 (disabled)  score=0.900  return=0.693  role_std=6.8505  role_norm=35.4033  enc_delta ego=0.0021 partner=0.0024 road=0.0043
[ROMA step 4,509,401,088] sps=443,775  policy_loss=0.0024  value_loss=0.3183  mi_loss=0.0011  mi_valid=0.74  div_loss=-0.2031  kl_loss=0.0000 (disabled)  score=0.899  return=0.692  role_std=7.6318  role_norm=33.8046  enc_delta ego=0.0019 partner=0.0023 road=0.0033
[ROMA step 4,510,187,520] sps=443,377  policy_loss=0.0021  value_loss=0.3448  mi_loss=0.0011  mi_valid=0.78  div_loss=-0.1973  kl_loss=0.0000 (disabled)  score=0.899  return=0.690  role_std=6.7965  role_norm=37.1898  enc_delta ego=0.0028 partner=0.0024 road=0.0040
[ROMA step 4,510,973,952] sps=442,968  policy_loss=-0.0057  value_loss=0.2488  mi_loss=0.0011  mi_valid=0.78  div_loss=-0.1875  kl_loss=0.0000 (disabled)  score=0.898  return=0.687  role_std=6.5130  role_norm=37.4768  enc_delta ego=0.0035 partner=0.0025 road=0.0043
[ROMA step 4,511,760,384] sps=442,561  policy_loss=0.0054  value_loss=0.2822  mi_loss=0.0011  mi_valid=0.77  div_loss=-0.1875  kl_loss=0.0000 (disabled)  score=0.897  return=0.682  role_std=6.8104  role_norm=37.0732  enc_delta ego=0.0024 partner=0.0020 road=0.0037
[ROMA step 4,512,546,816] sps=441,467  policy_loss=0.0022  value_loss=0.2755  mi_loss=0.0012  mi_valid=0.75  div_loss=-0.1934  kl_loss=0.0000 (disabled)  score=0.896  return=0.682  role_std=6.5383  role_norm=36.3308  enc_delta ego=0.0030 partner=0.0024 road=0.0044
[ROMA step 4,513,333,248] sps=441,063  policy_loss=-0.0009  value_loss=0.2258  mi_loss=0.0012  mi_valid=0.76  div_loss=-0.1768  kl_loss=0.0000 (disabled)  score=0.897  return=0.681  role_std=6.6895  role_norm=35.6111  enc_delta ego=0.0028 partner=0.0021 road=0.0036
[ROMA step 4,514,119,680] sps=440,677  policy_loss=0.0019  value_loss=0.1518  mi_loss=0.0013  mi_valid=0.76  div_loss=-0.1650  kl_loss=0.0000 (disabled)  score=0.897  return=0.683  role_std=6.7255  role_norm=35.0582  enc_delta ego=0.0024 partner=0.0019 road=0.0030
[ROMA step 4,514,906,112] sps=440,275  policy_loss=-0.0030  value_loss=0.1417  mi_loss=0.0011  mi_valid=0.77  div_loss=-0.1699  kl_loss=0.0000 (disabled)  score=0.897  return=0.684  role_std=5.4511  role_norm=38.0588  enc_delta ego=0.0021 partner=0.0026 road=0.0037
[ROMA step 4,515,692,544] sps=439,240  policy_loss=-0.0061  value_loss=0.1824  mi_loss=0.0011  mi_valid=0.75  div_loss=-0.1748  kl_loss=0.0000 (disabled)  score=0.897  return=0.686  role_std=6.2377  role_norm=36.8939  enc_delta ego=0.0022 partner=0.0024 road=0.0036
[ROMA step 4,516,478,976] sps=438,842  policy_loss=-0.0057  value_loss=0.1503  mi_loss=0.0011  mi_valid=0.76  div_loss=-0.1738  kl_loss=0.0000 (disabled)  score=0.897  return=0.687  role_std=6.2432  role_norm=36.3492  enc_delta ego=0.0019 partner=0.0022 road=0.0030
[ROMA step 4,517,265,408] sps=438,456  policy_loss=-0.0056  value_loss=0.1526  mi_loss=0.0011  mi_valid=0.76  div_loss=-0.1699  kl_loss=0.0000 (disabled)  score=0.898  return=0.688  role_std=6.1216  role_norm=35.9711  enc_delta ego=0.0015 partner=0.0025 road=0.0033
[ROMA step 4,518,051,840] sps=437,395  policy_loss=-0.0022  value_loss=0.2055  mi_loss=0.0011  mi_valid=0.74  div_loss=-0.1768  kl_loss=0.0000 (disabled)  score=0.898  return=0.687  role_std=7.3957  role_norm=34.9551  enc_delta ego=0.0019 partner=0.0026 road=0.0041
[ROMA step 4,518,838,272] sps=437,007  policy_loss=-0.0001  value_loss=0.2161  mi_loss=0.0011  mi_valid=0.77  div_loss=-0.1719  kl_loss=0.0000 (disabled)  score=0.898  return=0.688  role_std=6.0711  role_norm=38.0596  enc_delta ego=0.0019 partner=0.0022 road=0.0035
[ROMA step 4,519,624,704] sps=436,600  policy_loss=-0.0057  value_loss=0.1357  mi_loss=0.0010  mi_valid=0.76  div_loss=-0.1689  kl_loss=0.0000 (disabled)  score=0.897  return=0.688  role_std=5.7110  role_norm=37.6689  enc_delta ego=0.0023 partner=0.0024 road=0.0034
[ROMA step 4,520,411,136] sps=436,220  policy_loss=-0.0019  value_loss=0.2022  mi_loss=0.0010  mi_valid=0.76  div_loss=-0.1777  kl_loss=0.0000 (disabled)  score=0.897  return=0.689  role_std=5.7592  role_norm=37.3098  enc_delta ego=0.0020 partner=0.0022 road=0.0031
[ROMA step 4,521,197,568] sps=435,190  policy_loss=-0.0066  value_loss=0.2125  mi_loss=0.0011  mi_valid=0.74  div_loss=-0.1768  kl_loss=0.0000 (disabled)  score=0.897  return=0.689  role_std=6.5445  role_norm=36.0097  enc_delta ego=0.0050 partner=0.0029 road=0.0055
[ROMA step 4,521,984,000] sps=434,819  policy_loss=0.0041  value_loss=0.1467  mi_loss=0.0012  mi_valid=0.75  div_loss=-0.1670  kl_loss=0.0000 (disabled)  score=0.898  return=0.693  role_std=6.3924  role_norm=36.2687  enc_delta ego=0.0035 partner=0.0024 road=0.0044
[ROMA step 4,522,770,432] sps=434,458  policy_loss=-0.0067  value_loss=0.2105  mi_loss=0.0012  mi_valid=0.75  div_loss=-0.1680  kl_loss=0.0000 (disabled)  score=0.899  return=0.696  role_std=6.6294  role_norm=35.8327  enc_delta ego=0.0032 partner=0.0023 road=0.0036
[ROMA step 4,523,556,864] sps=433,388  policy_loss=-0.0023  value_loss=0.2645  mi_loss=0.0010  mi_valid=0.74  div_loss=-0.1816  kl_loss=0.0000 (disabled)  score=0.899  return=0.698  role_std=5.9825  role_norm=38.0903  enc_delta ego=0.0040 partner=0.0020 road=0.0034
[ROMA step 4,524,343,296] sps=433,027  policy_loss=-0.0012  value_loss=0.2723  mi_loss=0.0010  mi_valid=0.74  div_loss=-0.1875  kl_loss=0.0000 (disabled)  score=0.899  return=0.697  role_std=6.6999  role_norm=37.8298  enc_delta ego=0.0025 partner=0.0033 road=0.0048
[ROMA step 4,525,129,728] sps=432,672  policy_loss=0.0006  value_loss=0.2164  mi_loss=0.0010  mi_valid=0.75  div_loss=-0.1748  kl_loss=0.0000 (disabled)  score=0.899  return=0.697  role_std=6.7718  role_norm=37.5438  enc_delta ego=0.0018 partner=0.0030 road=0.0040
[ROMA step 4,525,916,160] sps=432,277  policy_loss=-0.0017  value_loss=0.2120  mi_loss=0.0011  mi_valid=0.75  div_loss=-0.1758  kl_loss=0.0000 (disabled)  score=0.900  return=0.698  role_std=6.9663  role_norm=36.8703  enc_delta ego=0.0025 partner=0.0026 road=0.0038
[ROMA step 4,526,702,592] sps=431,252  policy_loss=-0.0003  value_loss=0.3278  mi_loss=0.0011  mi_valid=0.74  div_loss=-0.1738  kl_loss=0.0000 (disabled)  score=0.899  return=0.695  role_std=6.7673  role_norm=35.4807  enc_delta ego=0.0021 partner=0.0021 road=0.0038
[ROMA step 4,527,489,024] sps=430,865  policy_loss=0.0008  value_loss=0.2221  mi_loss=0.0011  mi_valid=0.78  div_loss=-0.1719  kl_loss=0.0000 (disabled)  score=0.899  return=0.694  role_std=5.6490  role_norm=37.7648  enc_delta ego=0.0018 partner=0.0020 road=0.0035
[ROMA step 4,528,275,456] sps=430,506  policy_loss=-0.0037  value_loss=0.2321  mi_loss=0.0011  mi_valid=0.76  div_loss=-0.1797  kl_loss=0.0000 (disabled)  score=0.899  return=0.692  role_std=6.1894  role_norm=37.2237  enc_delta ego=0.0025 partner=0.0028 road=0.0039
[ROMA step 4,529,061,888] sps=429,592  policy_loss=0.0002  value_loss=0.2227  mi_loss=0.0012  mi_valid=0.74  div_loss=-0.1777  kl_loss=0.0000 (disabled)  score=0.898  return=0.689  role_std=6.0648  role_norm=36.2842  enc_delta ego=0.0018 partner=0.0022 road=0.0031
[ROMA step 4,529,848,320] sps=429,238  policy_loss=-0.0073  value_loss=0.1747  mi_loss=0.0011  mi_valid=0.76  div_loss=-0.1699  kl_loss=0.0000 (disabled)  score=0.897  return=0.688  role_std=6.6831  role_norm=35.5065  enc_delta ego=0.0022 partner=0.0025 road=0.0039
[ROMA step 4,530,634,752] sps=428,863  policy_loss=-0.0008  value_loss=0.2526  mi_loss=0.0011  mi_valid=0.76  div_loss=-0.1846  kl_loss=0.0000 (disabled)  score=0.897  return=0.686  role_std=7.0201  role_norm=35.4390  enc_delta ego=0.0032 partner=0.0024 road=0.0034
[ROMA step 4,531,421,184] sps=428,508  policy_loss=0.0021  value_loss=0.1690  mi_loss=0.0011  mi_valid=0.77  div_loss=-0.1768  kl_loss=0.0000 (disabled)  score=0.896  return=0.683  role_std=6.2591  role_norm=37.0040  enc_delta ego=0.0017 partner=0.0020 road=0.0029
[ROMA step 4,532,207,616] sps=427,609  policy_loss=-0.0051  value_loss=0.2019  mi_loss=0.0011  mi_valid=0.75  div_loss=-0.1777  kl_loss=0.0000 (disabled)  score=0.896  return=0.687  role_std=5.7758  role_norm=37.3013  enc_delta ego=0.0022 partner=0.0027 road=0.0031
[ROMA step 4,532,994,048] sps=427,237  policy_loss=-0.0047  value_loss=0.1960  mi_loss=0.0012  mi_valid=0.76  div_loss=-0.1719  kl_loss=0.0000 (disabled)  score=0.897  return=0.690  role_std=5.9065  role_norm=36.8746  enc_delta ego=0.0023 partner=0.0027 road=0.0033
[ROMA step 4,533,780,480] sps=426,893  policy_loss=-0.0025  value_loss=0.2588  mi_loss=0.0011  mi_valid=0.76  div_loss=-0.1719  kl_loss=0.0000 (disabled)  score=0.897  return=0.695  role_std=6.1852  role_norm=36.2432  enc_delta ego=0.0018 partner=0.0024 road=0.0033
[ROMA step 4,534,566,912] sps=425,991  policy_loss=-0.0046  value_loss=0.3074  mi_loss=0.0011  mi_valid=0.74  div_loss=-0.1797  kl_loss=0.0000 (disabled)  score=0.898  return=0.697  role_std=7.3374  role_norm=34.7214  enc_delta ego=0.0021 partner=0.0026 road=0.0034
[ROMA step 4,535,353,344] sps=425,629  policy_loss=0.0048  value_loss=0.2422  mi_loss=0.0010  mi_valid=0.77  div_loss=-0.1836  kl_loss=0.0000 (disabled)  score=0.898  return=0.700  role_std=6.3467  role_norm=37.6478  enc_delta ego=0.0028 partner=0.0032 road=0.0036
[ROMA step 4,536,139,776] sps=425,290  policy_loss=-0.0023  value_loss=0.3044  mi_loss=0.0010  mi_valid=0.77  div_loss=-0.1982  kl_loss=0.0000 (disabled)  score=0.898  return=0.699  role_std=7.0354  role_norm=37.0551  enc_delta ego=0.0020 partner=0.0023 road=0.0028
[ROMA step 4,536,926,208] sps=424,927  policy_loss=0.0017  value_loss=0.1734  mi_loss=0.0010  mi_valid=0.76  div_loss=-0.1895  kl_loss=0.0000 (disabled)  score=0.898  return=0.701  role_std=6.4629  role_norm=37.0141  enc_delta ego=0.0019 partner=0.0028 road=0.0031
[ROMA step 4,537,712,640] sps=423,990  policy_loss=0.0006  value_loss=0.2606  mi_loss=0.0010  mi_valid=0.74  div_loss=-0.1904  kl_loss=0.0000 (disabled)  score=0.898  return=0.705  role_std=7.0964  role_norm=36.0583  enc_delta ego=0.0024 partner=0.0022 road=0.0034
[ROMA step 4,538,499,072] sps=423,625  policy_loss=0.0008  value_loss=0.2083  mi_loss=0.0011  mi_valid=0.75  div_loss=-0.1768  kl_loss=0.0000 (disabled)  score=0.899  return=0.708  role_std=6.6979  role_norm=36.1516  enc_delta ego=0.0031 partner=0.0027 road=0.0034
[ROMA step 4,539,285,504] sps=423,287  policy_loss=0.0047  value_loss=0.2583  mi_loss=0.0010  mi_valid=0.75  div_loss=-0.1709  kl_loss=0.0000 (disabled)  score=0.900  return=0.712  role_std=7.3885  role_norm=35.9706  enc_delta ego=0.0022 partner=0.0019 road=0.0028
[ROMA step 4,540,071,936] sps=422,950  policy_loss=0.0090  value_loss=0.3339  mi_loss=0.0011  mi_valid=0.76  div_loss=-0.1875  kl_loss=0.0000 (disabled)  score=0.901  return=0.714  role_std=6.1899  role_norm=37.7157  enc_delta ego=0.0033 partner=0.0023 road=0.0032
[ROMA step 4,540,858,368] sps=422,097  policy_loss=0.0033  value_loss=0.5523  mi_loss=0.0011  mi_valid=0.75  div_loss=-0.2148  kl_loss=0.0000 (disabled)  score=0.902  return=0.710  role_std=7.0373  role_norm=37.5045  enc_delta ego=0.0028 partner=0.0029 road=0.0037
[ROMA step 4,541,644,800] sps=421,733  policy_loss=0.0013  value_loss=0.4112  mi_loss=0.0011  mi_valid=0.76  div_loss=-0.2070  kl_loss=0.0000 (disabled)  score=0.902  return=0.705  role_std=6.8679  role_norm=36.6061  enc_delta ego=0.0031 partner=0.0035 road=0.0039
[ROMA step 4,542,431,232] sps=421,356  policy_loss=0.0026  value_loss=0.3971  mi_loss=0.0011  mi_valid=0.77  div_loss=-0.2041  kl_loss=0.0000 (disabled)  score=0.902  return=0.700  role_std=7.6500  role_norm=35.6513  enc_delta ego=0.0027 partner=0.0033 road=0.0036
[ROMA step 4,543,217,664] sps=420,473  policy_loss=0.0042  value_loss=0.2242  mi_loss=0.0011  mi_valid=0.74  div_loss=-0.1904  kl_loss=0.0000 (disabled)  score=0.901  return=0.695  role_std=7.4087  role_norm=34.2494  enc_delta ego=0.0018 partner=0.0025 road=0.0035
[ROMA step 4,544,004,096] sps=420,109  policy_loss=-0.0004  value_loss=0.1432  mi_loss=0.0010  mi_valid=0.78  div_loss=-0.1689  kl_loss=0.0000 (disabled)  score=0.900  return=0.695  role_std=5.5621  role_norm=37.9419  enc_delta ego=0.0034 partner=0.0027 road=0.0030
[ROMA step 4,544,790,528] sps=419,781  policy_loss=0.0035  value_loss=0.1494  mi_loss=0.0011  mi_valid=0.77  div_loss=-0.1699  kl_loss=0.0000 (disabled)  score=0.899  return=0.696  role_std=5.8795  role_norm=37.7099  enc_delta ego=0.0019 partner=0.0023 road=0.0038
[ROMA step 4,545,576,960] sps=419,445  policy_loss=-0.0026  value_loss=0.1949  mi_loss=0.0011  mi_valid=0.76  div_loss=-0.1719  kl_loss=0.0000 (disabled)  score=0.899  return=0.696  role_std=6.2256  role_norm=37.3851  enc_delta ego=0.0023 partner=0.0026 road=0.0033
[ROMA step 4,546,363,392] sps=418,602  policy_loss=-0.0007  value_loss=0.2676  mi_loss=0.0011  mi_valid=0.74  div_loss=-0.1719  kl_loss=0.0000 (disabled)  score=0.898  return=0.695  role_std=6.1974  role_norm=36.5368  enc_delta ego=0.0019 partner=0.0022 road=0.0032
[ROMA step 4,547,149,824] sps=418,234  policy_loss=-0.0011  value_loss=0.1838  mi_loss=0.0012  mi_valid=0.77  div_loss=-0.1631  kl_loss=0.0000 (disabled)  score=0.898  return=0.693  role_std=6.8434  role_norm=36.3888  enc_delta ego=0.0031 partner=0.0029 road=0.0035
[ROMA step 4,547,936,256] sps=417,889  policy_loss=-0.0029  value_loss=0.1838  mi_loss=0.0011  mi_valid=0.77  div_loss=-0.1621  kl_loss=0.0000 (disabled)  score=0.897  return=0.691  role_std=6.7543  role_norm=35.8301  enc_delta ego=0.0020 partner=0.0021 road=0.0029
[ROMA step 4,548,722,688] sps=417,017  policy_loss=0.0030  value_loss=0.2476  mi_loss=0.0011  mi_valid=0.76  div_loss=-0.1719  kl_loss=0.0000 (disabled)  score=0.896  return=0.690  role_std=5.5205  role_norm=38.3895  enc_delta ego=0.0019 partner=0.0023 road=0.0030
[ROMA step 4,549,509,120] sps=416,650  policy_loss=-0.0011  value_loss=0.2353  mi_loss=0.0011  mi_valid=0.76  div_loss=-0.1709  kl_loss=0.0000 (disabled)  score=0.895  return=0.686  role_std=6.1022  role_norm=38.0779  enc_delta ego=0.0019 partner=0.0026 road=0.0047
[ROMA step 4,550,295,552] sps=416,300  policy_loss=0.0049  value_loss=0.1996  mi_loss=0.0011  mi_valid=0.76  div_loss=-0.1748  kl_loss=0.0000 (disabled)  score=0.895  return=0.685  role_std=6.1529  role_norm=37.8689  enc_delta ego=0.0020 partner=0.0030 road=0.0042
[ROMA step 4,551,081,984] sps=415,959  policy_loss=-0.0025  value_loss=0.2753  mi_loss=0.0011  mi_valid=0.76  div_loss=-0.1748  kl_loss=0.0000 (disabled)  score=0.894  return=0.679  role_std=6.6242  role_norm=37.8009  enc_delta ego=0.0021 partner=0.0027 road=0.0034
[ROMA step 4,551,868,416] sps=415,046  policy_loss=0.0040  value_loss=0.3521  mi_loss=0.0011  mi_valid=0.74  div_loss=-0.1670  kl_loss=0.0000 (disabled)  score=0.894  return=0.678  role_std=7.4477  role_norm=36.0616  enc_delta ego=0.0029 partner=0.0026 road=0.0033
[ROMA step 4,552,654,848] sps=414,711  policy_loss=0.0009  value_loss=0.1922  mi_loss=0.0011  mi_valid=0.77  div_loss=-0.1602  kl_loss=0.0000 (disabled)  score=0.893  return=0.678  role_std=5.4600  role_norm=39.3339  enc_delta ego=0.0025 partner=0.0029 road=0.0050
[ROMA step 4,553,441,280] sps=414,366  policy_loss=-0.0012  value_loss=0.2935  mi_loss=0.0011  mi_valid=0.76  div_loss=-0.1660  kl_loss=0.0000 (disabled)  score=0.893  return=0.677  role_std=5.5774  role_norm=39.0547  enc_delta ego=0.0022 partner=0.0025 road=0.0037
[ROMA step 4,554,227,712] sps=413,551  policy_loss=-0.0005  value_loss=0.2790  mi_loss=0.0011  mi_valid=0.73  div_loss=-0.1738  kl_loss=0.0000 (disabled)  score=0.893  return=0.678  role_std=5.8148  role_norm=38.1688  enc_delta ego=0.0024 partner=0.0027 road=0.0036
[ROMA step 4,555,014,144] sps=413,231  policy_loss=0.0031  value_loss=0.3041  mi_loss=0.0011  mi_valid=0.75  div_loss=-0.1689  kl_loss=0.0000 (disabled)  score=0.893  return=0.680  role_std=7.0048  role_norm=37.7945  enc_delta ego=0.0021 partner=0.0021 road=0.0038
[ROMA step 4,555,800,576] sps=412,904  policy_loss=-0.0081  value_loss=0.2252  mi_loss=0.0011  mi_valid=0.76  div_loss=-0.1592  kl_loss=0.0000 (disabled)  score=0.893  return=0.681  role_std=6.9542  role_norm=36.8964  enc_delta ego=0.0018 partner=0.0020 road=0.0035
[ROMA step 4,556,587,008] sps=412,575  policy_loss=0.0045  value_loss=0.2449  mi_loss=0.0011  mi_valid=0.76  div_loss=-0.1621  kl_loss=0.0000 (disabled)  score=0.893  return=0.681  role_std=6.2629  role_norm=36.8533  enc_delta ego=0.0024 partner=0.0024 road=0.0042
[ROMA step 4,557,373,440] sps=411,768  policy_loss=0.0030  value_loss=0.3034  mi_loss=0.0011  mi_valid=0.75  div_loss=-0.1768  kl_loss=0.0000 (disabled)  score=0.893  return=0.681  role_std=5.7714  role_norm=39.3768  enc_delta ego=0.0032 partner=0.0022 road=0.0040
[ROMA step 4,558,159,872] sps=411,422  policy_loss=0.0009  value_loss=0.2638  mi_loss=0.0011  mi_valid=0.76  div_loss=-0.1777  kl_loss=0.0000 (disabled)  score=0.893  return=0.678  role_std=6.1072  role_norm=38.5963  enc_delta ego=0.0028 partner=0.0028 road=0.0046
[ROMA step 4,558,946,304] sps=411,100  policy_loss=0.0038  value_loss=0.2237  mi_loss=0.0011  mi_valid=0.76  div_loss=-0.1768  kl_loss=0.0000 (disabled)  score=0.892  return=0.677  role_std=6.7238  role_norm=37.8758  enc_delta ego=0.0029 partner=0.0027 road=0.0038
[ROMA step 4,559,732,736] sps=410,300  policy_loss=-0.0025  value_loss=0.2632  mi_loss=0.0011  mi_valid=0.73  div_loss=-0.1895  kl_loss=0.0000 (disabled)  score=0.892  return=0.674  role_std=7.0988  role_norm=34.9569  enc_delta ego=0.0032 partner=0.0032 road=0.0044
[ROMA step 4,560,519,168] sps=409,982  policy_loss=0.0001  value_loss=0.2164  mi_loss=0.0011  mi_valid=0.77  div_loss=-0.1748  kl_loss=0.0000 (disabled)  score=0.892  return=0.673  role_std=6.6529  role_norm=34.8913  enc_delta ego=0.0026 partner=0.0024 road=0.0037
[ROMA step 4,561,305,600] sps=409,641  policy_loss=0.0029  value_loss=0.2661  mi_loss=0.0011  mi_valid=0.78  div_loss=-0.1826  kl_loss=0.0000 (disabled)  score=0.891  return=0.673  role_std=6.0678  role_norm=37.8763  enc_delta ego=0.0024 partner=0.0026 road=0.0035
[ROMA step 4,562,092,032] sps=409,286  policy_loss=-0.0039  value_loss=0.1660  mi_loss=0.0011  mi_valid=0.77  div_loss=-0.1689  kl_loss=0.0000 (disabled)  score=0.889  return=0.672  role_std=5.7032  role_norm=37.9240  enc_delta ego=0.0024 partner=0.0024 road=0.0034
[ROMA step 4,562,878,464] sps=408,397  policy_loss=0.0029  value_loss=0.1616  mi_loss=0.0011  mi_valid=0.75  div_loss=-0.1680  kl_loss=0.0000 (disabled)  score=0.888  return=0.673  role_std=5.6896  role_norm=37.0145  enc_delta ego=0.0019 partner=0.0023 road=0.0037
[ROMA step 4,563,664,896] sps=408,061  policy_loss=-0.0034  value_loss=0.1785  mi_loss=0.0011  mi_valid=0.77  div_loss=-0.1572  kl_loss=0.0000 (disabled)  score=0.887  return=0.672  role_std=5.8053  role_norm=36.4689  enc_delta ego=0.0016 partner=0.0019 road=0.0034
[ROMA step 4,564,451,328] sps=407,731  policy_loss=0.0022  value_loss=0.1995  mi_loss=0.0011  mi_valid=0.77  div_loss=-0.1592  kl_loss=0.0000 (disabled)  score=0.886  return=0.671  role_std=6.2031  role_norm=36.1232  enc_delta ego=0.0020 partner=0.0019 road=0.0036
[ROMA step 4,565,237,760] sps=407,419  policy_loss=0.0021  value_loss=0.1670  mi_loss=0.0011  mi_valid=0.78  div_loss=-0.1572  kl_loss=0.0000 (disabled)  score=0.886  return=0.669  role_std=5.0810  role_norm=38.8177  enc_delta ego=0.0019 partner=0.0019 road=0.0032
[ROMA step 4,566,024,192] sps=406,643  policy_loss=0.0012  value_loss=0.1180  mi_loss=0.0011  mi_valid=0.76  div_loss=-0.1562  kl_loss=0.0000 (disabled)  score=0.885  return=0.670  role_std=5.3844  role_norm=38.7711  enc_delta ego=0.0020 partner=0.0020 road=0.0032
[ROMA step 4,566,810,624] sps=406,306  policy_loss=0.0002  value_loss=0.1721  mi_loss=0.0011  mi_valid=0.76  div_loss=-0.1553  kl_loss=0.0000 (disabled)  score=0.884  return=0.670  role_std=5.5852  role_norm=37.9640  enc_delta ego=0.0017 partner=0.0017 road=0.0030
[ROMA step 4,567,597,056] sps=405,991  policy_loss=-0.0080  value_loss=0.1391  mi_loss=0.0012  mi_valid=0.76  div_loss=-0.1553  kl_loss=0.0000 (disabled)  score=0.883  return=0.670  role_std=6.0546  role_norm=37.5729  enc_delta ego=0.0017 partner=0.0015 road=0.0027
[ROMA step 4,568,383,488] sps=405,214  policy_loss=-0.0017  value_loss=0.2108  mi_loss=0.0011  mi_valid=0.74  div_loss=-0.1660  kl_loss=0.0000 (disabled)  score=0.882  return=0.672  role_std=6.7587  role_norm=36.0640  enc_delta ego=0.0019 partner=0.0022 road=0.0033
[ROMA step 4,569,169,920] sps=404,882  policy_loss=-0.0026  value_loss=0.2498  mi_loss=0.0011  mi_valid=0.77  div_loss=-0.1680  kl_loss=0.0000 (disabled)  score=0.881  return=0.675  role_std=5.4828  role_norm=38.9384  enc_delta ego=0.0021 partner=0.0022 road=0.0029
[ROMA step 4,569,956,352] sps=404,542  policy_loss=-0.0034  value_loss=0.3123  mi_loss=0.0011  mi_valid=0.77  div_loss=-0.1787  kl_loss=0.0000 (disabled)  score=0.881  return=0.677  role_std=6.2170  role_norm=38.2033  enc_delta ego=0.0022 partner=0.0026 road=0.0035
[ROMA step 4,570,742,784] sps=404,225  policy_loss=0.0004  value_loss=0.2920  mi_loss=0.0011  mi_valid=0.76  div_loss=-0.1826  kl_loss=0.0000 (disabled)  score=0.882  return=0.681  role_std=6.3124  role_norm=37.6345  enc_delta ego=0.0022 partner=0.0027 road=0.0039
[ROMA step 4,571,529,216] sps=403,404  policy_loss=-0.0033  value_loss=0.2783  mi_loss=0.0011  mi_valid=0.74  div_loss=-0.1914  kl_loss=0.0000 (disabled)  score=0.882  return=0.679  role_std=6.6939  role_norm=36.3094  enc_delta ego=0.0025 partner=0.0025 road=0.0044
[ROMA step 4,572,315,648] sps=403,104  policy_loss=0.0001  value_loss=0.2231  mi_loss=0.0011  mi_valid=0.76  div_loss=-0.1914  kl_loss=0.0000 (disabled)  score=0.882  return=0.675  role_std=7.0391  role_norm=36.0962  enc_delta ego=0.0016 partner=0.0021 road=0.0036
[ROMA step 4,573,102,080] sps=402,802  policy_loss=-0.0006  value_loss=0.2381  mi_loss=0.0011  mi_valid=0.76  div_loss=-0.1914  kl_loss=0.0000 (disabled)  score=0.882  return=0.672  role_std=7.5773  role_norm=35.2173  enc_delta ego=0.0024 partner=0.0024 road=0.0040
[ROMA step 4,573,888,512] sps=401,988  policy_loss=-0.0101  value_loss=0.2492  mi_loss=0.0011  mi_valid=0.75  div_loss=-0.1875  kl_loss=0.0000 (disabled)  score=0.882  return=0.671  role_std=6.4294  role_norm=38.5991  enc_delta ego=0.0019 partner=0.0021 road=0.0036
[ROMA step 4,574,674,944] sps=401,687  policy_loss=0.0020  value_loss=0.2576  mi_loss=0.0011  mi_valid=0.76  div_loss=-0.1758  kl_loss=0.0000 (disabled)  score=0.883  return=0.674  role_std=6.4089  role_norm=38.4507  enc_delta ego=0.0026 partner=0.0030 road=0.0053
[ROMA step 4,575,461,376] sps=401,365  policy_loss=0.0019  value_loss=0.3034  mi_loss=0.0011  mi_valid=0.76  div_loss=-0.1826  kl_loss=0.0000 (disabled)  score=0.884  return=0.674  role_std=6.2305  role_norm=38.2635  enc_delta ego=0.0026 partner=0.0027 road=0.0041
[ROMA step 4,576,247,808] sps=401,049  policy_loss=-0.0049  value_loss=0.2795  mi_loss=0.0011  mi_valid=0.76  div_loss=-0.1777  kl_loss=0.0000 (disabled)  score=0.885  return=0.675  role_std=7.0542  role_norm=37.2464  enc_delta ego=0.0021 partner=0.0022 road=0.0034
[ROMA step 4,577,034,240] sps=400,235  policy_loss=-0.0001  value_loss=0.2847  mi_loss=0.0011  mi_valid=0.73  div_loss=-0.1846  kl_loss=0.0000 (disabled)  score=0.886  return=0.677  role_std=6.9725  role_norm=35.8404  enc_delta ego=0.0017 partner=0.0020 road=0.0039
[ROMA step 4,577,820,672] sps=399,926  policy_loss=0.0042  value_loss=0.2022  mi_loss=0.0011  mi_valid=0.76  div_loss=-0.1777  kl_loss=0.0000 (disabled)  score=0.886  return=0.679  role_std=5.8692  role_norm=38.3072  enc_delta ego=0.0015 partner=0.0022 road=0.0031
[ROMA step 4,578,607,104] sps=399,608  policy_loss=0.0016  value_loss=0.3066  mi_loss=0.0011  mi_valid=0.76  div_loss=-0.1934  kl_loss=0.0000 (disabled)  score=0.886  return=0.680  role_std=6.3820  role_norm=37.8067  enc_delta ego=0.0020 partner=0.0025 road=0.0038
[ROMA step 4,579,393,536] sps=398,759  policy_loss=0.0037  value_loss=0.3320  mi_loss=0.0011  mi_valid=0.74  div_loss=-0.1885  kl_loss=0.0000 (disabled)  score=0.886  return=0.681  role_std=6.9313  role_norm=37.3798  enc_delta ego=0.0027 partner=0.0020 road=0.0033
[ROMA step 4,580,179,968] sps=398,427  policy_loss=-0.0016  value_loss=0.1840  mi_loss=0.0010  mi_valid=0.76  div_loss=-0.1768  kl_loss=0.0000 (disabled)  score=0.886  return=0.682  role_std=7.1744  role_norm=36.9206  enc_delta ego=0.0018 partner=0.0020 road=0.0032
[ROMA step 4,580,966,400] sps=398,101  policy_loss=0.0002  value_loss=0.2270  mi_loss=0.0010  mi_valid=0.77  div_loss=-0.1748  kl_loss=0.0000 (disabled)  score=0.885  return=0.680  role_std=7.0679  role_norm=36.6236  enc_delta ego=0.0015 partner=0.0020 road=0.0038
[ROMA step 4,581,752,832] sps=397,789  policy_loss=-0.0008  value_loss=0.1861  mi_loss=0.0010  mi_valid=0.77  div_loss=-0.1621  kl_loss=0.0000 (disabled)  score=0.884  return=0.677  role_std=6.7023  role_norm=36.7044  enc_delta ego=0.0021 partner=0.0022 road=0.0035
[ROMA step 4,582,539,264] sps=396,950  policy_loss=-0.0022  value_loss=0.3181  mi_loss=0.0011  mi_valid=0.76  div_loss=-0.1660  kl_loss=0.0000 (disabled)  score=0.884  return=0.677  role_std=5.9502  role_norm=39.0924  enc_delta ego=0.0028 partner=0.0025 road=0.0041
[ROMA step 4,583,325,696] sps=396,631  policy_loss=-0.0012  value_loss=0.2015  mi_loss=0.0011  mi_valid=0.76  div_loss=-0.1611  kl_loss=0.0000 (disabled)  score=0.884  return=0.676  role_std=5.7705  role_norm=38.3216  enc_delta ego=0.0023 partner=0.0024 road=0.0037
[ROMA step 4,584,112,128] sps=396,334  policy_loss=0.0012  value_loss=0.2017  mi_loss=0.0011  mi_valid=0.76  div_loss=-0.1719  kl_loss=0.0000 (disabled)  score=0.884  return=0.676  role_std=6.0751  role_norm=37.7294  enc_delta ego=0.0017 partner=0.0024 road=0.0029
[ROMA step 4,584,898,560] sps=395,484  policy_loss=0.0071  value_loss=0.2373  mi_loss=0.0012  mi_valid=0.74  div_loss=-0.1611  kl_loss=0.0000 (disabled)  score=0.884  return=0.677  role_std=6.5636  role_norm=36.6293  enc_delta ego=0.0021 partner=0.0019 road=0.0028
[ROMA step 4,585,684,992] sps=395,170  policy_loss=-0.0003  value_loss=0.1343  mi_loss=0.0011  mi_valid=0.77  div_loss=-0.1465  kl_loss=0.0000 (disabled)  score=0.885  return=0.681  role_std=5.9347  role_norm=36.9949  enc_delta ego=0.0018 partner=0.0020 road=0.0036
[ROMA step 4,586,471,424] sps=394,865  policy_loss=-0.0021  value_loss=0.1434  mi_loss=0.0011  mi_valid=0.77  div_loss=-0.1572  kl_loss=0.0000 (disabled)  score=0.885  return=0.684  role_std=5.2125  role_norm=39.4422  enc_delta ego=0.0026 partner=0.0025 road=0.0035
[ROMA step 4,587,257,856] sps=394,560  policy_loss=-0.0029  value_loss=0.1500  mi_loss=0.0011  mi_valid=0.76  div_loss=-0.1572  kl_loss=0.0000 (disabled)  score=0.887  return=0.688  role_std=5.5836  role_norm=39.1058  enc_delta ego=0.0027 partner=0.0022 road=0.0037
[ROMA step 4,588,044,288] sps=393,799  policy_loss=-0.0036  value_loss=0.2496  mi_loss=0.0011  mi_valid=0.74  div_loss=-0.1709  kl_loss=0.0000 (disabled)  score=0.888  return=0.691  role_std=6.1279  role_norm=37.8245  enc_delta ego=0.0027 partner=0.0022 road=0.0031
[ROMA step 4,588,830,720] sps=393,481  policy_loss=0.0019  value_loss=0.3029  mi_loss=0.0012  mi_valid=0.76  div_loss=-0.1729  kl_loss=0.0000 (disabled)  score=0.888  return=0.691  role_std=6.3406  role_norm=36.8452  enc_delta ego=0.0023 partner=0.0025 road=0.0032
[ROMA step 4,589,617,152] sps=393,186  policy_loss=0.0012  value_loss=0.2189  mi_loss=0.0011  mi_valid=0.76  div_loss=-0.1641  kl_loss=0.0000 (disabled)  score=0.889  return=0.691  role_std=6.5958  role_norm=36.4757  enc_delta ego=0.0023 partner=0.0025 road=0.0035
[ROMA step 4,590,403,584] sps=392,896  policy_loss=0.0010  value_loss=0.2241  mi_loss=0.0011  mi_valid=0.77  div_loss=-0.1758  kl_loss=0.0000 (disabled)  score=0.890  return=0.689  role_std=5.8982  role_norm=38.2141  enc_delta ego=0.0019 partner=0.0024 road=0.0036
[ROMA step 4,591,190,016] sps=392,080  policy_loss=-0.0001  value_loss=0.1426  mi_loss=0.0010  mi_valid=0.75  div_loss=-0.1660  kl_loss=0.0000 (disabled)  score=0.891  return=0.692  role_std=5.7155  role_norm=38.5534  enc_delta ego=0.0029 partner=0.0020 road=0.0036
[ROMA step 4,591,976,448] sps=391,768  policy_loss=-0.0037  value_loss=0.1806  mi_loss=0.0011  mi_valid=0.75  div_loss=-0.1689  kl_loss=0.0000 (disabled)  score=0.893  return=0.696  role_std=6.1557  role_norm=38.3910  enc_delta ego=0.0027 partner=0.0022 road=0.0033
[ROMA step 4,592,762,880] sps=391,464  policy_loss=-0.0040  value_loss=0.1884  mi_loss=0.0011  mi_valid=0.75  div_loss=-0.1729  kl_loss=0.0000 (disabled)  score=0.895  return=0.701  role_std=6.4171  role_norm=37.9022  enc_delta ego=0.0020 partner=0.0020 road=0.0026
[ROMA step 4,593,549,312] sps=390,726  policy_loss=0.0000  value_loss=0.2838  mi_loss=0.0011  mi_valid=0.73  div_loss=-0.1865  kl_loss=0.0000 (disabled)  score=0.897  return=0.701  role_std=7.6839  role_norm=35.8752  enc_delta ego=0.0021 partner=0.0023 road=0.0034
[ROMA step 4,594,335,744] sps=390,417  policy_loss=-0.0025  value_loss=0.3410  mi_loss=0.0011  mi_valid=0.77  div_loss=-0.1982  kl_loss=0.0000 (disabled)  score=0.897  return=0.699  role_std=7.1448  role_norm=38.2064  enc_delta ego=0.0041 partner=0.0027 road=0.0036
[ROMA step 4,595,122,176] sps=390,115  policy_loss=-0.0008  value_loss=0.3007  mi_loss=0.0012  mi_valid=0.77  div_loss=-0.1953  kl_loss=0.0000 (disabled)  score=0.898  return=0.697  role_std=6.7374  role_norm=38.2082  enc_delta ego=0.0028 partner=0.0028 road=0.0037
[ROMA step 4,595,908,608] sps=389,810  policy_loss=-0.0037  value_loss=0.3134  mi_loss=0.0011  mi_valid=0.76  div_loss=-0.1943  kl_loss=0.0000 (disabled)  score=0.898  return=0.696  role_std=6.6726  role_norm=38.2229  enc_delta ego=0.0030 partner=0.0027 road=0.0034
[ROMA step 4,596,695,040] sps=389,008  policy_loss=0.0019  value_loss=0.2968  mi_loss=0.0011  mi_valid=0.75  div_loss=-0.1855  kl_loss=0.0000 (disabled)  score=0.898  return=0.694  role_std=7.0072  role_norm=37.1323  enc_delta ego=0.0019 partner=0.0025 road=0.0039
[ROMA step 4,597,481,472] sps=388,706  policy_loss=-0.0076  value_loss=0.2486  mi_loss=0.0010  mi_valid=0.77  div_loss=-0.1846  kl_loss=0.0000 (disabled)  score=0.898  return=0.693  role_std=6.8542  role_norm=36.9511  enc_delta ego=0.0020 partner=0.0024 road=0.0033
[ROMA step 4,598,267,904] sps=388,407  policy_loss=0.0031  value_loss=0.2965  mi_loss=0.0011  mi_valid=0.77  div_loss=-0.1875  kl_loss=0.0000 (disabled)  score=0.897  return=0.693  role_std=7.1559  role_norm=36.1518  enc_delta ego=0.0013 partner=0.0019 road=0.0027
[ROMA step 4,599,054,336] sps=387,669  policy_loss=0.0033  value_loss=0.1857  mi_loss=0.0012  mi_valid=0.76  div_loss=-0.1787  kl_loss=0.0000 (disabled)  score=0.896  return=0.693  role_std=5.9852  role_norm=38.5805  enc_delta ego=0.0020 partner=0.0020 road=0.0031
[ROMA step 4,599,840,768] sps=387,365  policy_loss=0.0017  value_loss=0.1506  mi_loss=0.0011  mi_valid=0.77  div_loss=-0.1709  kl_loss=0.0000 (disabled)  score=0.896  return=0.696  role_std=5.9297  role_norm=38.2332  enc_delta ego=0.0039 partner=0.0025 road=0.0042
[ROMA step 4,600,627,200] sps=387,065  policy_loss=-0.0047  value_loss=0.1792  mi_loss=0.0012  mi_valid=0.76  div_loss=-0.1748  kl_loss=0.0000 (disabled)  score=0.896  return=0.698  role_std=6.4471  role_norm=37.5460  enc_delta ego=0.0028 partner=0.0025 road=0.0042
[ROMA step 4,601,413,632] sps=386,785  policy_loss=-0.0041  value_loss=0.1882  mi_loss=0.0011  mi_valid=0.76  div_loss=-0.1816  kl_loss=0.0000 (disabled)  score=0.896  return=0.699  role_std=6.8743  role_norm=36.7164  enc_delta ego=0.0030 partner=0.0026 road=0.0040
[ROMA step 4,602,200,064] sps=386,043  policy_loss=0.0035  value_loss=0.3074  mi_loss=0.0011  mi_valid=0.74  div_loss=-0.1914  kl_loss=0.0000 (disabled)  score=0.896  return=0.698  role_std=7.1175  role_norm=35.8246  enc_delta ego=0.0018 partner=0.0024 road=0.0034
[ROMA step 4,602,986,496] sps=385,749  policy_loss=-0.0004  value_loss=0.1931  mi_loss=0.0011  mi_valid=0.78  div_loss=-0.1895  kl_loss=0.0000 (disabled)  score=0.895  return=0.697  role_std=6.3641  role_norm=37.8849  enc_delta ego=0.0019 partner=0.0028 road=0.0032
[ROMA step 4,603,772,928] sps=385,469  policy_loss=-0.0036  value_loss=0.2127  mi_loss=0.0011  mi_valid=0.77  div_loss=-0.1963  kl_loss=0.0000 (disabled)  score=0.894  return=0.695  role_std=6.9268  role_norm=37.3754  enc_delta ego=0.0023 partner=0.0024 road=0.0030
[ROMA step 4,604,559,360] sps=384,808  policy_loss=-0.0008  value_loss=0.2047  mi_loss=0.0011  mi_valid=0.74  div_loss=-0.1875  kl_loss=0.0000 (disabled)  score=0.893  return=0.695  role_std=6.2711  role_norm=37.8840  enc_delta ego=0.0014 partner=0.0019 road=0.0025
[ROMA step 4,605,345,792] sps=384,528  policy_loss=-0.0073  value_loss=0.1526  mi_loss=0.0011  mi_valid=0.76  div_loss=-0.1758  kl_loss=0.0000 (disabled)  score=0.893  return=0.697  role_std=6.7416  role_norm=36.7317  enc_delta ego=0.0023 partner=0.0023 road=0.0030
[ROMA step 4,606,132,224] sps=384,240  policy_loss=0.0015  value_loss=0.1313  mi_loss=0.0010  mi_valid=0.75  div_loss=-0.1758  kl_loss=0.0000 (disabled)  score=0.894  return=0.699  role_std=6.8492  role_norm=36.1955  enc_delta ego=0.0032 partner=0.0020 road=0.0034
[ROMA step 4,606,918,656] sps=383,949  policy_loss=0.0031  value_loss=0.1550  mi_loss=0.0011  mi_valid=0.76  div_loss=-0.1807  kl_loss=0.0000 (disabled)  score=0.894  return=0.701  role_std=6.7915  role_norm=35.3068  enc_delta ego=0.0030 partner=0.0020 road=0.0035
[ROMA step 4,607,705,088] sps=383,280  policy_loss=-0.0019  value_loss=0.3352  mi_loss=0.0011  mi_valid=0.75  div_loss=-0.2002  kl_loss=0.0000 (disabled)  score=0.894  return=0.701  role_std=7.1142  role_norm=37.5452  enc_delta ego=0.0016 partner=0.0021 road=0.0035
[ROMA step 4,608,491,520] sps=382,987  policy_loss=-0.0002  value_loss=0.3195  mi_loss=0.0011  mi_valid=0.76  div_loss=-0.2002  kl_loss=0.0000 (disabled)  score=0.893  return=0.697  role_std=7.1624  role_norm=37.2534  enc_delta ego=0.0022 partner=0.0032 road=0.0048
[ROMA step 4,609,277,952] sps=382,698  policy_loss=-0.0024  value_loss=0.2233  mi_loss=0.0011  mi_valid=0.77  div_loss=-0.1924  kl_loss=0.0000 (disabled)  score=0.893  return=0.695  role_std=6.7898  role_norm=36.8990  enc_delta ego=0.0020 partner=0.0028 road=0.0040
[ROMA step 4,610,064,384] sps=382,017  policy_loss=0.0140  value_loss=0.3156  mi_loss=0.0011  mi_valid=0.74  div_loss=-0.1914  kl_loss=0.0000 (disabled)  score=0.891  return=0.692  role_std=7.4790  role_norm=35.5882  enc_delta ego=0.0017 partner=0.0022 road=0.0033
[ROMA step 4,610,850,816] sps=381,739  policy_loss=-0.0018  value_loss=0.2195  mi_loss=0.0010  mi_valid=0.77  div_loss=-0.1719  kl_loss=0.0000 (disabled)  score=0.891  return=0.693  role_std=7.5580  role_norm=36.0497  enc_delta ego=0.0023 partner=0.0019 road=0.0033
[ROMA step 4,611,637,248] sps=381,460  policy_loss=0.0057  value_loss=0.2107  mi_loss=0.0010  mi_valid=0.77  div_loss=-0.1650  kl_loss=0.0000 (disabled)  score=0.891  return=0.692  role_std=5.8546  role_norm=39.1129  enc_delta ego=0.0019 partner=0.0021 road=0.0025
[ROMA step 4,612,423,680] sps=381,185  policy_loss=-0.0011  value_loss=0.2592  mi_loss=0.0010  mi_valid=0.76  div_loss=-0.1699  kl_loss=0.0000 (disabled)  score=0.890  return=0.692  role_std=5.8671  role_norm=39.2363  enc_delta ego=0.0032 partner=0.0026 road=0.0042
[ROMA step 4,613,210,112] sps=380,482  policy_loss=-0.0019  value_loss=0.2998  mi_loss=0.0011  mi_valid=0.74  div_loss=-0.1621  kl_loss=0.0000 (disabled)  score=0.890  return=0.690  role_std=6.1615  role_norm=38.5623  enc_delta ego=0.0020 partner=0.0026 road=0.0039
[ROMA step 4,613,996,544] sps=380,190  policy_loss=0.0038  value_loss=0.2765  mi_loss=0.0011  mi_valid=0.75  div_loss=-0.1641  kl_loss=0.0000 (disabled)  score=0.889  return=0.687  role_std=6.1329  role_norm=38.0917  enc_delta ego=0.0020 partner=0.0025 road=0.0032
[ROMA step 4,614,782,976] sps=379,926  policy_loss=0.0085  value_loss=0.1452  mi_loss=0.0012  mi_valid=0.75  div_loss=-0.1592  kl_loss=0.0000 (disabled)  score=0.889  return=0.686  role_std=6.6854  role_norm=37.5709  enc_delta ego=0.0022 partner=0.0021 road=0.0032
[ROMA step 4,615,569,408] sps=379,650  policy_loss=-0.0043  value_loss=0.1317  mi_loss=0.0011  mi_valid=0.76  div_loss=-0.1602  kl_loss=0.0000 (disabled)  score=0.888  return=0.684  role_std=6.5014  role_norm=37.1057  enc_delta ego=0.0024 partner=0.0022 road=0.0036
[ROMA step 4,616,355,840] sps=378,971  policy_loss=0.0032  value_loss=0.4233  mi_loss=0.0011  mi_valid=0.75  div_loss=-0.1816  kl_loss=0.0000 (disabled)  score=0.888  return=0.682  role_std=5.5109  role_norm=38.8359  enc_delta ego=0.0024 partner=0.0029 road=0.0051
[ROMA step 4,617,142,272] sps=378,707  policy_loss=-0.0006  value_loss=0.2647  mi_loss=0.0012  mi_valid=0.76  div_loss=-0.1709  kl_loss=0.0000 (disabled)  score=0.888  return=0.683  role_std=6.5253  role_norm=38.7333  enc_delta ego=0.0023 partner=0.0024 road=0.0040
[ROMA step 4,617,928,704] sps=378,422  policy_loss=0.0006  value_loss=0.3559  mi_loss=0.0012  mi_valid=0.76  div_loss=-0.1758  kl_loss=0.0000 (disabled)  score=0.888  return=0.682  role_std=6.4913  role_norm=38.6976  enc_delta ego=0.0023 partner=0.0030 road=0.0033
[ROMA step 4,618,715,136] sps=377,743  policy_loss=-0.0028  value_loss=0.2274  mi_loss=0.0012  mi_valid=0.74  div_loss=-0.1650  kl_loss=0.0000 (disabled)  score=0.888  return=0.681  role_std=7.1679  role_norm=37.6352  enc_delta ego=0.0031 partner=0.0026 road=0.0038
[ROMA step 4,619,501,568] sps=377,491  policy_loss=-0.0017  value_loss=0.2035  mi_loss=0.0011  mi_valid=0.76  div_loss=-0.1592  kl_loss=0.0000 (disabled)  score=0.888  return=0.679  role_std=6.9654  role_norm=38.1831  enc_delta ego=0.0022 partner=0.0019 road=0.0027
[ROMA step 4,620,288,000] sps=377,231  policy_loss=0.0107  value_loss=0.2990  mi_loss=0.0011  mi_valid=0.77  div_loss=-0.1787  kl_loss=0.0000 (disabled)  score=0.888  return=0.677  role_std=6.0353  role_norm=40.2654  enc_delta ego=0.0029 partner=0.0026 road=0.0036
[ROMA step 4,621,074,432] sps=376,967  policy_loss=0.0064  value_loss=0.2159  mi_loss=0.0011  mi_valid=0.75  div_loss=-0.1748  kl_loss=0.0000 (disabled)  score=0.888  return=0.674  role_std=6.1389  role_norm=39.8239  enc_delta ego=0.0028 partner=0.0027 road=0.0038
[ROMA step 4,621,860,864] sps=376,243  policy_loss=0.0033  value_loss=0.4168  mi_loss=0.0011  mi_valid=0.73  div_loss=-0.1855  kl_loss=0.0000 (disabled)  score=0.888  return=0.673  role_std=7.3308  role_norm=38.5883  enc_delta ego=0.0033 partner=0.0027 road=0.0041
[ROMA step 4,622,647,296] sps=375,988  policy_loss=0.0050  value_loss=0.3352  mi_loss=0.0011  mi_valid=0.75  div_loss=-0.1914  kl_loss=0.0000 (disabled)  score=0.888  return=0.670  role_std=7.6597  role_norm=37.9961  enc_delta ego=0.0028 partner=0.0024 road=0.0034
[ROMA step 4,623,433,728] sps=375,732  policy_loss=-0.0057  value_loss=0.2704  mi_loss=0.0011  mi_valid=0.75  div_loss=-0.1787  kl_loss=0.0000 (disabled)  score=0.888  return=0.670  role_std=7.6616  role_norm=37.9267  enc_delta ego=0.0022 partner=0.0024 road=0.0031
[ROMA step 4,624,220,160] sps=375,057  policy_loss=-0.0030  value_loss=0.2749  mi_loss=0.0011  mi_valid=0.75  div_loss=-0.1768  kl_loss=0.0000 (disabled)  score=0.888  return=0.669  role_std=6.2108  role_norm=39.7580  enc_delta ego=0.0022 partner=0.0023 road=0.0034
[ROMA step 4,625,006,592] sps=374,797  policy_loss=0.0020  value_loss=0.2597  mi_loss=0.0011  mi_valid=0.75  div_loss=-0.1719  kl_loss=0.0000 (disabled)  score=0.889  return=0.673  role_std=6.3650  role_norm=39.8056  enc_delta ego=0.0025 partner=0.0024 road=0.0036
[ROMA step 4,625,793,024] sps=374,514  policy_loss=-0.0010  value_loss=0.2308  mi_loss=0.0011  mi_valid=0.75  div_loss=-0.1748  kl_loss=0.0000 (disabled)  score=0.891  return=0.675  role_std=6.4387  role_norm=39.2659  enc_delta ego=0.0028 partner=0.0026 road=0.0039
[ROMA step 4,626,579,456] sps=374,231  policy_loss=0.0035  value_loss=0.2540  mi_loss=0.0011  mi_valid=0.76  div_loss=-0.1758  kl_loss=0.0000 (disabled)  score=0.892  return=0.676  role_std=7.0907  role_norm=38.5104  enc_delta ego=0.0025 partner=0.0023 road=0.0033
[ROMA step 4,627,365,888] sps=373,525  policy_loss=-0.0012  value_loss=0.2256  mi_loss=0.0011  mi_valid=0.74  div_loss=-0.1699  kl_loss=0.0000 (disabled)  score=0.892  return=0.676  role_std=6.8763  role_norm=36.6167  enc_delta ego=0.0029 partner=0.0025 road=0.0038
[ROMA step 4,628,152,320] sps=373,246  policy_loss=-0.0086  value_loss=0.1858  mi_loss=0.0011  mi_valid=0.78  div_loss=-0.1611  kl_loss=0.0000 (disabled)  score=0.892  return=0.675  role_std=5.4773  role_norm=39.4169  enc_delta ego=0.0022 partner=0.0025 road=0.0035
[ROMA step 4,628,938,752] sps=372,967  policy_loss=0.0055  value_loss=0.2401  mi_loss=0.0011  mi_valid=0.77  div_loss=-0.1621  kl_loss=0.0000 (disabled)  score=0.893  return=0.675  role_std=5.6855  role_norm=39.4037  enc_delta ego=0.0021 partner=0.0023 road=0.0041
[ROMA step 4,629,725,184] sps=372,222  policy_loss=-0.0007  value_loss=0.3008  mi_loss=0.0011  mi_valid=0.74  div_loss=-0.1660  kl_loss=0.0000 (disabled)  score=0.893  return=0.676  role_std=6.2492  role_norm=38.9220  enc_delta ego=0.0015 partner=0.0023 road=0.0037
[ROMA step 4,630,511,616] sps=371,964  policy_loss=-0.0048  value_loss=0.2277  mi_loss=0.0012  mi_valid=0.76  div_loss=-0.1680  kl_loss=0.0000 (disabled)  score=0.893  return=0.677  role_std=6.2755  role_norm=38.2917  enc_delta ego=0.0022 partner=0.0027 road=0.0036
[ROMA step 4,631,298,048] sps=371,703  policy_loss=-0.0023  value_loss=0.2493  mi_loss=0.0012  mi_valid=0.75  div_loss=-0.1689  kl_loss=0.0000 (disabled)  score=0.894  return=0.679  role_std=6.7435  role_norm=37.7035  enc_delta ego=0.0019 partner=0.0022 road=0.0031
[ROMA step 4,632,084,480] sps=371,428  policy_loss=-0.0072  value_loss=0.1895  mi_loss=0.0012  mi_valid=0.75  div_loss=-0.1719  kl_loss=0.0000 (disabled)  score=0.894  return=0.681  role_std=7.1209  role_norm=37.0322  enc_delta ego=0.0022 partner=0.0023 road=0.0029
[ROMA step 4,632,870,912] sps=370,762  policy_loss=0.0003  value_loss=0.3834  mi_loss=0.0012  mi_valid=0.75  div_loss=-0.1846  kl_loss=0.0000 (disabled)  score=0.894  return=0.679  role_std=6.4323  role_norm=39.3533  enc_delta ego=0.0020 partner=0.0023 road=0.0031
[ROMA step 4,633,657,344] sps=370,505  policy_loss=-0.0026  value_loss=0.2340  mi_loss=0.0011  mi_valid=0.76  div_loss=-0.1816  kl_loss=0.0000 (disabled)  score=0.894  return=0.674  role_std=6.5519  role_norm=38.5500  enc_delta ego=0.0030 partner=0.0029 road=0.0040
[ROMA step 4,634,443,776] sps=370,242  policy_loss=-0.0032  value_loss=0.3098  mi_loss=0.0011  mi_valid=0.76  div_loss=-0.1953  kl_loss=0.0000 (disabled)  score=0.893  return=0.669  role_std=7.3108  role_norm=37.6146  enc_delta ego=0.0031 partner=0.0023 road=0.0029
[ROMA step 4,635,230,208] sps=369,569  policy_loss=0.0005  value_loss=0.2397  mi_loss=0.0011  mi_valid=0.74  div_loss=-0.1836  kl_loss=0.0000 (disabled)  score=0.892  return=0.665  role_std=7.2388  role_norm=35.9931  enc_delta ego=0.0015 partner=0.0024 road=0.0030
[ROMA step 4,636,016,640] sps=369,304  policy_loss=-0.0021  value_loss=0.1437  mi_loss=0.0012  mi_valid=0.76  div_loss=-0.1660  kl_loss=0.0000 (disabled)  score=0.892  return=0.671  role_std=7.4025  role_norm=36.3541  enc_delta ego=0.0021 partner=0.0025 road=0.0031
[ROMA step 4,636,803,072] sps=369,061  policy_loss=0.0006  value_loss=0.1296  mi_loss=0.0012  mi_valid=0.77  div_loss=-0.1572  kl_loss=0.0000 (disabled)  score=0.892  return=0.674  role_std=5.1870  role_norm=40.0474  enc_delta ego=0.0020 partner=0.0018 road=0.0032
[ROMA step 4,637,589,504] sps=368,805  policy_loss=-0.0053  value_loss=0.1922  mi_loss=0.0011  mi_valid=0.76  div_loss=-0.1680  kl_loss=0.0000 (disabled)  score=0.893  return=0.678  role_std=6.0701  role_norm=40.1033  enc_delta ego=0.0019 partner=0.0018 road=0.0030
[ROMA step 4,638,375,936] sps=368,186  policy_loss=0.0014  value_loss=0.2715  mi_loss=0.0012  mi_valid=0.74  div_loss=-0.1729  kl_loss=0.0000 (disabled)  score=0.894  return=0.682  role_std=7.0157  role_norm=38.8674  enc_delta ego=0.0020 partner=0.0024 road=0.0037
[ROMA step 4,639,162,368] sps=367,931  policy_loss=-0.0003  value_loss=0.2034  mi_loss=0.0011  mi_valid=0.75  div_loss=-0.1670  kl_loss=0.0000 (disabled)  score=0.894  return=0.682  role_std=6.4643  role_norm=37.8376  enc_delta ego=0.0010 partner=0.0018 road=0.0034
[ROMA step 4,639,948,800] sps=367,676  policy_loss=0.0042  value_loss=0.2563  mi_loss=0.0011  mi_valid=0.76  div_loss=-0.1699  kl_loss=0.0000 (disabled)  score=0.894  return=0.682  role_std=6.5068  role_norm=37.7579  enc_delta ego=0.0017 partner=0.0018 road=0.0029
[ROMA step 4,640,735,232] sps=367,424  policy_loss=0.0065  value_loss=0.2317  mi_loss=0.0011  mi_valid=0.76  div_loss=-0.1689  kl_loss=0.0000 (disabled)  score=0.893  return=0.683  role_std=7.3487  role_norm=37.0200  enc_delta ego=0.0016 partner=0.0020 road=0.0033
[ROMA step 4,641,521,664] sps=366,815  policy_loss=-0.0022  value_loss=0.2052  mi_loss=0.0010  mi_valid=0.76  div_loss=-0.1709  kl_loss=0.0000 (disabled)  score=0.893  return=0.684  role_std=5.7365  role_norm=39.9351  enc_delta ego=0.0028 partner=0.0028 road=0.0042
[ROMA step 4,642,308,096] sps=366,573  policy_loss=-0.0021  value_loss=0.1939  mi_loss=0.0011  mi_valid=0.76  div_loss=-0.1748  kl_loss=0.0000 (disabled)  score=0.892  return=0.683  role_std=5.9781  role_norm=39.6972  enc_delta ego=0.0021 partner=0.0031 road=0.0040
[ROMA step 4,643,094,528] sps=366,328  policy_loss=0.0011  value_loss=0.1656  mi_loss=0.0011  mi_valid=0.76  div_loss=-0.1699  kl_loss=0.0000 (disabled)  score=0.892  return=0.682  role_std=6.5759  role_norm=38.8497  enc_delta ego=0.0019 partner=0.0024 road=0.0031
[ROMA step 4,643,880,960] sps=365,660  policy_loss=-0.0006  value_loss=0.2060  mi_loss=0.0012  mi_valid=0.74  div_loss=-0.1621  kl_loss=0.0000 (disabled)  score=0.892  return=0.682  role_std=7.0489  role_norm=37.8728  enc_delta ego=0.0018 partner=0.0023 road=0.0035
[ROMA step 4,644,667,392] sps=365,415  policy_loss=-0.0020  value_loss=0.2208  mi_loss=0.0013  mi_valid=0.77  div_loss=-0.1611  kl_loss=0.0000 (disabled)  score=0.892  return=0.683  role_std=6.8921  role_norm=37.7344  enc_delta ego=0.0023 partner=0.0026 road=0.0033
[ROMA step 4,645,453,824] sps=365,169  policy_loss=0.0023  value_loss=0.1587  mi_loss=0.0012  mi_valid=0.78  div_loss=-0.1602  kl_loss=0.0000 (disabled)  score=0.891  return=0.684  role_std=5.6240  role_norm=39.9979  enc_delta ego=0.0016 partner=0.0018 road=0.0026
[ROMA step 4,646,240,256] sps=364,916  policy_loss=0.0016  value_loss=0.1829  mi_loss=0.0012  mi_valid=0.76  div_loss=-0.1621  kl_loss=0.0000 (disabled)  score=0.892  return=0.688  role_std=5.7894  role_norm=40.1511  enc_delta ego=0.0015 partner=0.0021 road=0.0027
[ROMA step 4,647,026,688] sps=364,340  policy_loss=0.0009  value_loss=0.2123  mi_loss=0.0012  mi_valid=0.74  div_loss=-0.1748  kl_loss=0.0000 (disabled)  score=0.891  return=0.688  role_std=7.0296  role_norm=39.4668  enc_delta ego=0.0019 partner=0.0024 road=0.0034
[ROMA step 4,647,813,120] sps=364,104  policy_loss=0.0005  value_loss=0.3204  mi_loss=0.0013  mi_valid=0.75  div_loss=-0.1924  kl_loss=0.0000 (disabled)  score=0.891  return=0.686  role_std=7.2219  role_norm=38.8034  enc_delta ego=0.0020 partner=0.0025 road=0.0033
[ROMA step 4,648,599,552] sps=363,868  policy_loss=0.0021  value_loss=0.1586  mi_loss=0.0012  mi_valid=0.75  div_loss=-0.1768  kl_loss=0.0000 (disabled)  score=0.892  return=0.689  role_std=7.9072  role_norm=38.3270  enc_delta ego=0.0019 partner=0.0021 road=0.0038
[ROMA step 4,649,385,984] sps=363,205  policy_loss=0.0029  value_loss=0.2807  mi_loss=0.0012  mi_valid=0.75  div_loss=-0.1875  kl_loss=0.0000 (disabled)  score=0.891  return=0.687  role_std=6.3469  role_norm=40.6974  enc_delta ego=0.0036 partner=0.0022 road=0.0033
[ROMA step 4,650,172,416] sps=362,961  policy_loss=-0.0010  value_loss=0.3801  mi_loss=0.0012  mi_valid=0.75  div_loss=-0.2002  kl_loss=0.0000 (disabled)  score=0.892  return=0.690  role_std=6.9973  role_norm=40.0595  enc_delta ego=0.0050 partner=0.0028 road=0.0041
[ROMA step 4,650,958,848] sps=362,711  policy_loss=-0.0001  value_loss=0.3446  mi_loss=0.0012  mi_valid=0.76  div_loss=-0.1963  kl_loss=0.0000 (disabled)  score=0.892  return=0.691  role_std=7.2697  role_norm=39.7510  enc_delta ego=0.0028 partner=0.0027 road=0.0039
[ROMA step 4,651,745,280] sps=362,464  policy_loss=-0.0035  value_loss=0.2992  mi_loss=0.0013  mi_valid=0.76  div_loss=-0.1943  kl_loss=0.0000 (disabled)  score=0.892  return=0.690  role_std=7.6667  role_norm=38.9531  enc_delta ego=0.0032 partner=0.0024 road=0.0033
[ROMA step 4,652,531,712] sps=361,825  policy_loss=-0.0031  value_loss=0.2588  mi_loss=0.0012  mi_valid=0.74  div_loss=-0.1904  kl_loss=0.0000 (disabled)  score=0.892  return=0.690  role_std=7.4350  role_norm=37.1936  enc_delta ego=0.0027 partner=0.0026 road=0.0035
[ROMA step 4,653,318,144] sps=361,565  policy_loss=0.0013  value_loss=0.1981  mi_loss=0.0012  mi_valid=0.77  div_loss=-0.1719  kl_loss=0.0000 (disabled)  score=0.892  return=0.691  role_std=6.1251  role_norm=39.8986  enc_delta ego=0.0019 partner=0.0023 road=0.0030
[ROMA step 4,654,104,576] sps=361,314  policy_loss=-0.0030  value_loss=0.1531  mi_loss=0.0011  mi_valid=0.78  div_loss=-0.1807  kl_loss=0.0000 (disabled)  score=0.892  return=0.693  role_std=6.2511  role_norm=39.7080  enc_delta ego=0.0017 partner=0.0023 road=0.0031
[ROMA step 4,654,891,008] sps=360,714  policy_loss=-0.0030  value_loss=0.1524  mi_loss=0.0012  mi_valid=0.75  div_loss=-0.1807  kl_loss=0.0000 (disabled)  score=0.892  return=0.696  role_std=6.4474  role_norm=39.7144  enc_delta ego=0.0016 partner=0.0028 road=0.0034
[ROMA step 4,655,677,440] sps=360,475  policy_loss=-0.0061  value_loss=0.1677  mi_loss=0.0012  mi_valid=0.76  div_loss=-0.1689  kl_loss=0.0000 (disabled)  score=0.893  return=0.696  role_std=6.9021  role_norm=38.9293  enc_delta ego=0.0020 partner=0.0026 road=0.0044
[ROMA step 4,656,463,872] sps=360,214  policy_loss=-0.0055  value_loss=0.2132  mi_loss=0.0011  mi_valid=0.76  div_loss=-0.1729  kl_loss=0.0000 (disabled)  score=0.893  return=0.697  role_std=7.1285  role_norm=38.4973  enc_delta ego=0.0019 partner=0.0024 road=0.0036
[ROMA step 4,657,250,304] sps=359,956  policy_loss=0.0004  value_loss=0.1661  mi_loss=0.0011  mi_valid=0.76  div_loss=-0.1768  kl_loss=0.0000 (disabled)  score=0.894  return=0.697  role_std=7.4236  role_norm=37.7253  enc_delta ego=0.0019 partner=0.0022 road=0.0033
[ROMA step 4,658,036,736] sps=359,346  policy_loss=-0.0000  value_loss=0.2688  mi_loss=0.0011  mi_valid=0.75  div_loss=-0.1855  kl_loss=0.0000 (disabled)  score=0.894  return=0.698  role_std=6.3395  role_norm=40.1948  enc_delta ego=0.0020 partner=0.0028 road=0.0033
[ROMA step 4,658,823,168] sps=359,106  policy_loss=-0.0023  value_loss=0.2016  mi_loss=0.0012  mi_valid=0.76  div_loss=-0.1836  kl_loss=0.0000 (disabled)  score=0.894  return=0.695  role_std=6.4377  role_norm=39.8173  enc_delta ego=0.0020 partner=0.0028 road=0.0040
[ROMA step 4,659,609,600] sps=358,852  policy_loss=0.0010  value_loss=0.1916  mi_loss=0.0011  mi_valid=0.76  div_loss=-0.1816  kl_loss=0.0000 (disabled)  score=0.894  return=0.694  role_std=7.1111  role_norm=39.8282  enc_delta ego=0.0017 partner=0.0024 road=0.0028
[ROMA step 4,660,396,032] sps=358,185  policy_loss=-0.0004  value_loss=0.2675  mi_loss=0.0012  mi_valid=0.74  div_loss=-0.1895  kl_loss=0.0000 (disabled)  score=0.894  return=0.692  role_std=7.1051  role_norm=37.4439  enc_delta ego=0.0015 partner=0.0020 road=0.0030
[ROMA step 4,661,182,464] sps=357,933  policy_loss=-0.0051  value_loss=0.1958  mi_loss=0.0012  mi_valid=0.76  div_loss=-0.1660  kl_loss=0.0000 (disabled)  score=0.894  return=0.696  role_std=7.5015  role_norm=37.4988  enc_delta ego=0.0020 partner=0.0020 road=0.0029
[ROMA step 4,661,968,896] sps=357,706  policy_loss=0.0037  value_loss=0.2752  mi_loss=0.0011  mi_valid=0.77  div_loss=-0.1738  kl_loss=0.0000 (disabled)  score=0.894  return=0.696  role_std=6.0786  role_norm=40.5909  enc_delta ego=0.0023 partner=0.0024 road=0.0036
[ROMA step 4,662,755,328] sps=357,477  policy_loss=-0.0041  value_loss=0.3745  mi_loss=0.0011  mi_valid=0.77  div_loss=-0.1807  kl_loss=0.0000 (disabled)  score=0.895  return=0.698  role_std=6.8897  role_norm=40.2680  enc_delta ego=0.0023 partner=0.0024 road=0.0036
[ROMA step 4,663,541,760] sps=356,907  policy_loss=0.0022  value_loss=0.3120  mi_loss=0.0012  mi_valid=0.74  div_loss=-0.1846  kl_loss=0.0000 (disabled)  score=0.895  return=0.698  role_std=6.0237  role_norm=39.5768  enc_delta ego=0.0025 partner=0.0028 road=0.0035
[ROMA step 4,664,328,192] sps=356,680  policy_loss=-0.0016  value_loss=0.1927  mi_loss=0.0012  mi_valid=0.76  div_loss=-0.1680  kl_loss=0.0000 (disabled)  score=0.896  return=0.697  role_std=7.1282  role_norm=38.5717  enc_delta ego=0.0023 partner=0.0029 road=0.0032
[ROMA step 4,665,114,624] sps=356,454  policy_loss=-0.0021  value_loss=0.1493  mi_loss=0.0012  mi_valid=0.76  div_loss=-0.1768  kl_loss=0.0000 (disabled)  score=0.897  return=0.697  role_std=7.1104  role_norm=38.0458  enc_delta ego=0.0033 partner=0.0022 road=0.0029
[ROMA step 4,665,901,056] sps=356,224  policy_loss=0.0015  value_loss=0.1595  mi_loss=0.0012  mi_valid=0.76  div_loss=-0.1699  kl_loss=0.0000 (disabled)  score=0.897  return=0.697  role_std=7.4243  role_norm=36.8978  enc_delta ego=0.0023 partner=0.0023 road=0.0028
[ROMA step 4,666,687,488] sps=355,551  policy_loss=0.0014  value_loss=0.3181  mi_loss=0.0011  mi_valid=0.77  div_loss=-0.1924  kl_loss=0.0000 (disabled)  score=0.896  return=0.695  role_std=6.1990  role_norm=39.8366  enc_delta ego=0.0023 partner=0.0028 road=0.0040
[ROMA step 4,667,473,920] sps=355,305  policy_loss=0.0090  value_loss=0.3876  mi_loss=0.0011  mi_valid=0.77  div_loss=-0.1992  kl_loss=0.0000 (disabled)  score=0.896  return=0.691  role_std=7.4667  role_norm=39.1144  enc_delta ego=0.0022 partner=0.0030 road=0.0039
[ROMA step 4,668,260,352] sps=355,065  policy_loss=0.0057  value_loss=0.4053  mi_loss=0.0011  mi_valid=0.77  div_loss=-0.1973  kl_loss=0.0000 (disabled)  score=0.896  return=0.685  role_std=7.7921  role_norm=38.8601  enc_delta ego=0.0022 partner=0.0027 road=0.0034
[ROMA step 4,669,046,784] sps=354,507  policy_loss=-0.0005  value_loss=0.3821  mi_loss=0.0011  mi_valid=0.75  div_loss=-0.1875  kl_loss=0.0000 (disabled)  score=0.896  return=0.682  role_std=7.7948  role_norm=37.6383  enc_delta ego=0.0023 partner=0.0023 road=0.0032
[ROMA step 4,669,833,216] sps=354,262  policy_loss=0.0048  value_loss=0.3059  mi_loss=0.0012  mi_valid=0.76  div_loss=-0.1631  kl_loss=0.0000 (disabled)  score=0.896  return=0.678  role_std=8.1327  role_norm=37.3702  enc_delta ego=0.0027 partner=0.0024 road=0.0034
[ROMA step 4,670,619,648] sps=354,024  policy_loss=0.0062  value_loss=0.2764  mi_loss=0.0012  mi_valid=0.77  div_loss=-0.1709  kl_loss=0.0000 (disabled)  score=0.895  return=0.678  role_std=5.7284  role_norm=41.0858  enc_delta ego=0.0019 partner=0.0028 road=0.0036
[ROMA step 4,671,406,080] sps=353,773  policy_loss=0.0006  value_loss=0.2511  mi_loss=0.0013  mi_valid=0.76  div_loss=-0.1621  kl_loss=0.0000 (disabled)  score=0.895  return=0.677  role_std=5.6565  role_norm=40.5495  enc_delta ego=0.0018 partner=0.0023 road=0.0034
[ROMA step 4,672,192,512] sps=353,197  policy_loss=-0.0046  value_loss=0.1776  mi_loss=0.0016  mi_valid=0.74  div_loss=-0.1572  kl_loss=0.0000 (disabled)  score=0.896  return=0.680  role_std=6.0106  role_norm=39.7623  enc_delta ego=0.0024 partner=0.0023 road=0.0035
[ROMA step 4,672,978,944] sps=352,950  policy_loss=0.0002  value_loss=0.1576  mi_loss=0.0013  mi_valid=0.76  div_loss=-0.1592  kl_loss=0.0000 (disabled)  score=0.896  return=0.682  role_std=6.1123  role_norm=38.9265  enc_delta ego=0.0022 partner=0.0022 road=0.0029
[ROMA step 4,673,765,376] sps=352,707  policy_loss=-0.0045  value_loss=0.1399  mi_loss=0.0014  mi_valid=0.76  div_loss=-0.1582  kl_loss=0.0000 (disabled)  score=0.896  return=0.682  role_std=6.4084  role_norm=38.9417  enc_delta ego=0.0019 partner=0.0019 road=0.0028
[ROMA step 4,674,551,808] sps=352,131  policy_loss=0.0026  value_loss=0.1552  mi_loss=0.0013  mi_valid=0.75  div_loss=-0.1670  kl_loss=0.0000 (disabled)  score=0.896  return=0.683  role_std=5.9585  role_norm=40.7704  enc_delta ego=0.0027 partner=0.0026 road=0.0032
[ROMA step 4,675,338,240] sps=351,912  policy_loss=0.0027  value_loss=0.1788  mi_loss=0.0011  mi_valid=0.76  div_loss=-0.1748  kl_loss=0.0000 (disabled)  score=0.895  return=0.684  role_std=6.5467  role_norm=40.4327  enc_delta ego=0.0022 partner=0.0025 road=0.0035
[ROMA step 4,676,124,672] sps=351,692  policy_loss=-0.0040  value_loss=0.2260  mi_loss=0.0010  mi_valid=0.75  div_loss=-0.1855  kl_loss=0.0000 (disabled)  score=0.895  return=0.683  role_std=6.5527  role_norm=39.4452  enc_delta ego=0.0026 partner=0.0024 road=0.0033
[ROMA step 4,676,911,104] sps=351,466  policy_loss=-0.0022  value_loss=0.2863  mi_loss=0.0011  mi_valid=0.75  div_loss=-0.1963  kl_loss=0.0000 (disabled)  score=0.894  return=0.680  role_std=7.7978  role_norm=38.9683  enc_delta ego=0.0020 partner=0.0025 road=0.0034
[ROMA step 4,677,697,536] sps=350,904  policy_loss=-0.0025  value_loss=0.2389  mi_loss=0.0011  mi_valid=0.74  div_loss=-0.1836  kl_loss=0.0000 (disabled)  score=0.893  return=0.681  role_std=7.3554  role_norm=37.7606  enc_delta ego=0.0038 partner=0.0023 road=0.0034
[ROMA step 4,678,483,968] sps=350,684  policy_loss=0.0041  value_loss=0.2600  mi_loss=0.0011  mi_valid=0.78  div_loss=-0.1797  kl_loss=0.0000 (disabled)  score=0.892  return=0.681  role_std=7.3706  role_norm=38.1633  enc_delta ego=0.0033 partner=0.0027 road=0.0038
[ROMA step 4,679,270,400] sps=350,460  policy_loss=-0.0018  value_loss=0.1900  mi_loss=0.0011  mi_valid=0.78  div_loss=-0.1777  kl_loss=0.0000 (disabled)  score=0.892  return=0.682  role_std=6.2105  role_norm=40.5644  enc_delta ego=0.0027 partner=0.0026 road=0.0039
[ROMA step 4,680,056,832] sps=349,927  policy_loss=-0.0069  value_loss=0.2267  mi_loss=0.0012  mi_valid=0.75  div_loss=-0.1709  kl_loss=0.0000 (disabled)  score=0.891  return=0.683  role_std=6.0362  role_norm=40.9110  enc_delta ego=0.0029 partner=0.0027 road=0.0039
[ROMA step 4,680,843,264] sps=349,700  policy_loss=0.0068  value_loss=0.2110  mi_loss=0.0011  mi_valid=0.76  div_loss=-0.1729  kl_loss=0.0000 (disabled)  score=0.890  return=0.683  role_std=6.9313  role_norm=40.0854  enc_delta ego=0.0022 partner=0.0019 road=0.0032
[ROMA step 4,681,629,696] sps=349,476  policy_loss=0.0035  value_loss=0.1713  mi_loss=0.0011  mi_valid=0.76  div_loss=-0.1816  kl_loss=0.0000 (disabled)  score=0.889  return=0.681  role_std=7.1176  role_norm=38.8778  enc_delta ego=0.0018 partner=0.0023 road=0.0031
[ROMA step 4,682,416,128] sps=349,247  policy_loss=-0.0020  value_loss=0.1685  mi_loss=0.0011  mi_valid=0.76  div_loss=-0.1797  kl_loss=0.0000 (disabled)  score=0.888  return=0.680  role_std=7.7867  role_norm=37.8811  enc_delta ego=0.0018 partner=0.0026 road=0.0034
[ROMA step 4,683,202,560] sps=348,680  policy_loss=0.0023  value_loss=0.2929  mi_loss=0.0011  mi_valid=0.76  div_loss=-0.1797  kl_loss=0.0000 (disabled)  score=0.888  return=0.679  role_std=6.3194  role_norm=41.1110  enc_delta ego=0.0017 partner=0.0023 road=0.0033
[ROMA step 4,683,988,992] sps=348,461  policy_loss=-0.0060  value_loss=0.2973  mi_loss=0.0011  mi_valid=0.77  div_loss=-0.1797  kl_loss=0.0000 (disabled)  score=0.887  return=0.675  role_std=6.7889  role_norm=40.7511  enc_delta ego=0.0023 partner=0.0026 road=0.0040
[ROMA step 4,684,775,424] sps=348,234  policy_loss=-0.0007  value_loss=0.2146  mi_loss=0.0012  mi_valid=0.77  div_loss=-0.1738  kl_loss=0.0000 (disabled)  score=0.887  return=0.674  role_std=6.9683  role_norm=40.1616  enc_delta ego=0.0021 partner=0.0021 road=0.0031
[ROMA step 4,685,561,856] sps=347,677  policy_loss=-0.0028  value_loss=0.2218  mi_loss=0.0012  mi_valid=0.75  div_loss=-0.1807  kl_loss=0.0000 (disabled)  score=0.886  return=0.672  role_std=7.0695  role_norm=37.7574  enc_delta ego=0.0015 partner=0.0018 road=0.0032
[ROMA step 4,686,348,288] sps=347,442  policy_loss=-0.0002  value_loss=0.1718  mi_loss=0.0011  mi_valid=0.76  div_loss=-0.1631  kl_loss=0.0000 (disabled)  score=0.886  return=0.676  role_std=7.2347  role_norm=37.6955  enc_delta ego=0.0019 partner=0.0021 road=0.0033
[ROMA step 4,687,134,720] sps=347,210  policy_loss=-0.0058  value_loss=0.1959  mi_loss=0.0011  mi_valid=0.77  div_loss=-0.1631  kl_loss=0.0000 (disabled)  score=0.886  return=0.678  role_std=6.0265  role_norm=40.7816  enc_delta ego=0.0018 partner=0.0021 road=0.0038
[ROMA step 4,687,921,152] sps=346,975  policy_loss=0.0001  value_loss=0.2023  mi_loss=0.0012  mi_valid=0.77  div_loss=-0.1699  kl_loss=0.0000 (disabled)  score=0.886  return=0.680  role_std=6.1131  role_norm=40.0675  enc_delta ego=0.0020 partner=0.0027 road=0.0041
[ROMA step 4,688,707,584] sps=346,390  policy_loss=-0.0005  value_loss=0.1629  mi_loss=0.0012  mi_valid=0.74  div_loss=-0.1709  kl_loss=0.0000 (disabled)  score=0.886  return=0.683  role_std=6.3886  role_norm=40.3648  enc_delta ego=0.0018 partner=0.0021 road=0.0036
[ROMA step 4,689,494,016] sps=346,163  policy_loss=0.0023  value_loss=0.1860  mi_loss=0.0012  mi_valid=0.75  div_loss=-0.1729  kl_loss=0.0000 (disabled)  score=0.887  return=0.686  role_std=6.7184  role_norm=39.3351  enc_delta ego=0.0017 partner=0.0019 road=0.0031
[ROMA step 4,690,280,448] sps=345,938  policy_loss=0.0015  value_loss=0.1792  mi_loss=0.0012  mi_valid=0.76  div_loss=-0.1689  kl_loss=0.0000 (disabled)  score=0.888  return=0.690  role_std=6.9614  role_norm=38.3528  enc_delta ego=0.0018 partner=0.0018 road=0.0029
[ROMA step 4,691,066,880] sps=345,722  policy_loss=-0.0022  value_loss=0.1445  mi_loss=0.0012  mi_valid=0.76  div_loss=-0.1758  kl_loss=0.0000 (disabled)  score=0.888  return=0.693  role_std=7.2766  role_norm=38.3342  enc_delta ego=0.0019 partner=0.0024 road=0.0031
[ROMA step 4,691,853,312] sps=345,121  policy_loss=0.0046  value_loss=0.2047  mi_loss=0.0012  mi_valid=0.77  div_loss=-0.1748  kl_loss=0.0000 (disabled)  score=0.887  return=0.693  role_std=6.5767  role_norm=40.3771  enc_delta ego=0.0021 partner=0.0021 road=0.0033
[ROMA step 4,692,639,744] sps=344,891  policy_loss=0.0013  value_loss=0.2784  mi_loss=0.0013  mi_valid=0.76  div_loss=-0.1826  kl_loss=0.0000 (disabled)  score=0.887  return=0.692  role_std=6.6641  role_norm=40.1315  enc_delta ego=0.0017 partner=0.0022 road=0.0035
[ROMA step 4,693,426,176] sps=344,674  policy_loss=0.0013  value_loss=0.1535  mi_loss=0.0012  mi_valid=0.75  div_loss=-0.1768  kl_loss=0.0000 (disabled)  score=0.887  return=0.690  role_std=6.9028  role_norm=38.8422  enc_delta ego=0.0020 partner=0.0020 road=0.0035
[ROMA step 4,694,212,608] sps=344,148  policy_loss=-0.0055  value_loss=0.1468  mi_loss=0.0012  mi_valid=0.74  div_loss=-0.1787  kl_loss=0.0000 (disabled)  score=0.887  return=0.691  role_std=7.5727  role_norm=38.0981  enc_delta ego=0.0018 partner=0.0025 road=0.0031
[ROMA step 4,694,999,040] sps=343,932  policy_loss=-0.0016  value_loss=0.1593  mi_loss=0.0011  mi_valid=0.76  div_loss=-0.1758  kl_loss=0.0000 (disabled)  score=0.887  return=0.695  role_std=7.7696  role_norm=37.8306  enc_delta ego=0.0019 partner=0.0025 road=0.0037
[ROMA step 4,695,785,472] sps=343,724  policy_loss=0.0075  value_loss=0.2411  mi_loss=0.0011  mi_valid=0.77  div_loss=-0.1836  kl_loss=0.0000 (disabled)  score=0.887  return=0.699  role_std=6.1377  role_norm=40.8042  enc_delta ego=0.0016 partner=0.0023 road=0.0027
[ROMA step 4,696,571,904] sps=343,516  policy_loss=-0.0001  value_loss=0.2851  mi_loss=0.0011  mi_valid=0.77  div_loss=-0.1924  kl_loss=0.0000 (disabled)  score=0.888  return=0.702  role_std=6.6901  role_norm=40.8048  enc_delta ego=0.0019 partner=0.0024 road=0.0032
[ROMA step 4,697,358,336] sps=342,971  policy_loss=-0.0011  value_loss=0.1990  mi_loss=0.0011  mi_valid=0.75  div_loss=-0.1680  kl_loss=0.0000 (disabled)  score=0.888  return=0.705  role_std=6.7587  role_norm=39.8224  enc_delta ego=0.0022 partner=0.0025 road=0.0043
[ROMA step 4,698,144,768] sps=342,753  policy_loss=0.0008  value_loss=0.1590  mi_loss=0.0011  mi_valid=0.77  div_loss=-0.1670  kl_loss=0.0000 (disabled)  score=0.887  return=0.708  role_std=6.4740  role_norm=39.0535  enc_delta ego=0.0019 partner=0.0021 road=0.0037
[ROMA step 4,698,931,200] sps=342,533  policy_loss=0.0041  value_loss=0.1848  mi_loss=0.0011  mi_valid=0.76  div_loss=-0.1729  kl_loss=0.0000 (disabled)  score=0.887  return=0.709  role_std=6.8626  role_norm=38.1262  enc_delta ego=0.0018 partner=0.0017 road=0.0030
[ROMA step 4,699,717,632] sps=341,945  policy_loss=0.0055  value_loss=0.2410  mi_loss=0.0011  mi_valid=0.75  div_loss=-0.1777  kl_loss=0.0000 (disabled)  score=0.887  return=0.709  role_std=6.7348  role_norm=41.2369  enc_delta ego=0.0021 partner=0.0018 road=0.0027
[ROMA step 4,700,504,064] sps=341,722  policy_loss=0.0005  value_loss=0.1568  mi_loss=0.0011  mi_valid=0.76  div_loss=-0.1738  kl_loss=0.0000 (disabled)  score=0.887  return=0.707  role_std=6.4470  role_norm=40.9543  enc_delta ego=0.0022 partner=0.0027 road=0.0041
[ROMA step 4,701,290,496] sps=341,503  policy_loss=-0.0008  value_loss=0.1578  mi_loss=0.0011  mi_valid=0.76  div_loss=-0.1719  kl_loss=0.0000 (disabled)  score=0.888  return=0.708  role_std=7.1677  role_norm=40.2468  enc_delta ego=0.0022 partner=0.0028 road=0.0045
[ROMA step 4,702,076,928] sps=341,273  policy_loss=-0.0041  value_loss=0.2065  mi_loss=0.0011  mi_valid=0.76  div_loss=-0.1699  kl_loss=0.0000 (disabled)  score=0.888  return=0.707  role_std=6.7796  role_norm=39.5708  enc_delta ego=0.0020 partner=0.0023 road=0.0036
[ROMA step 4,702,863,360] sps=340,742  policy_loss=-0.0042  value_loss=0.1668  mi_loss=0.0012  mi_valid=0.74  div_loss=-0.1641  kl_loss=0.0000 (disabled)  score=0.888  return=0.707  role_std=7.4075  role_norm=38.9846  enc_delta ego=0.0038 partner=0.0023 road=0.0033
[ROMA step 4,703,649,792] sps=340,517  policy_loss=-0.0016  value_loss=0.1489  mi_loss=0.0011  mi_valid=0.76  div_loss=-0.1631  kl_loss=0.0000 (disabled)  score=0.888  return=0.710  role_std=7.0916  role_norm=38.9575  enc_delta ego=0.0021 partner=0.0022 road=0.0029
[ROMA step 4,704,436,224] sps=340,300  policy_loss=0.0030  value_loss=0.1912  mi_loss=0.0011  mi_valid=0.77  div_loss=-0.1768  kl_loss=0.0000 (disabled)  score=0.888  return=0.711  role_std=6.0324  role_norm=41.7397  enc_delta ego=0.0028 partner=0.0027 road=0.0038
[ROMA step 4,705,222,656] sps=339,741  policy_loss=-0.0032  value_loss=0.2001  mi_loss=0.0012  mi_valid=0.74  div_loss=-0.1855  kl_loss=0.0000 (disabled)  score=0.888  return=0.714  role_std=7.1651  role_norm=40.5277  enc_delta ego=0.0035 partner=0.0027 road=0.0033
[ROMA step 4,706,009,088] sps=339,527  policy_loss=0.0038  value_loss=0.2945  mi_loss=0.0013  mi_valid=0.76  div_loss=-0.1904  kl_loss=0.0000 (disabled)  score=0.888  return=0.712  role_std=7.8475  role_norm=39.0816  enc_delta ego=0.0029 partner=0.0027 road=0.0037
[ROMA step 4,706,795,520] sps=339,317  policy_loss=0.0065  value_loss=0.2467  mi_loss=0.0013  mi_valid=0.76  div_loss=-0.1895  kl_loss=0.0000 (disabled)  score=0.888  return=0.711  role_std=7.3266  role_norm=38.4370  enc_delta ego=0.0026 partner=0.0023 road=0.0030
[ROMA step 4,707,581,952] sps=339,109  policy_loss=-0.0034  value_loss=0.1943  mi_loss=0.0013  mi_valid=0.76  div_loss=-0.1816  kl_loss=0.0000 (disabled)  score=0.889  return=0.711  role_std=7.3576  role_norm=38.5680  enc_delta ego=0.0025 partner=0.0028 road=0.0035
[ROMA step 4,708,368,384] sps=338,584  policy_loss=0.0013  value_loss=0.2342  mi_loss=0.0012  mi_valid=0.75  div_loss=-0.1836  kl_loss=0.0000 (disabled)  score=0.889  return=0.711  role_std=6.4309  role_norm=40.6886  enc_delta ego=0.0020 partner=0.0025 road=0.0036
[ROMA step 4,709,154,816] sps=338,362  policy_loss=-0.0056  value_loss=0.1638  mi_loss=0.0011  mi_valid=0.76  div_loss=-0.1787  kl_loss=0.0000 (disabled)  score=0.889  return=0.712  role_std=6.4342  role_norm=40.2028  enc_delta ego=0.0022 partner=0.0020 road=0.0033
[ROMA step 4,709,941,248] sps=338,159  policy_loss=0.0027  value_loss=0.1547  mi_loss=0.0011  mi_valid=0.76  div_loss=-0.1777  kl_loss=0.0000 (disabled)  score=0.890  return=0.713  role_std=7.1552  role_norm=39.7379  enc_delta ego=0.0022 partner=0.0021 road=0.0035
[ROMA step 4,710,727,680] sps=337,625  policy_loss=-0.0016  value_loss=0.1782  mi_loss=0.0012  mi_valid=0.74  div_loss=-0.1816  kl_loss=0.0000 (disabled)  score=0.890  return=0.713  role_std=6.7583  role_norm=38.5806  enc_delta ego=0.0018 partner=0.0019 road=0.0027
[ROMA step 4,711,514,112] sps=337,423  policy_loss=-0.0017  value_loss=0.1637  mi_loss=0.0012  mi_valid=0.76  div_loss=-0.1670  kl_loss=0.0000 (disabled)  score=0.891  return=0.717  role_std=7.0636  role_norm=38.6257  enc_delta ego=0.0022 partner=0.0020 road=0.0031
[ROMA step 4,712,300,544] sps=337,199  policy_loss=0.0031  value_loss=0.1278  mi_loss=0.0012  mi_valid=0.77  div_loss=-0.1602  kl_loss=0.0000 (disabled)  score=0.891  return=0.721  role_std=6.0284  role_norm=41.1223  enc_delta ego=0.0020 partner=0.0019 road=0.0031
[ROMA step 4,713,086,976] sps=336,986  policy_loss=0.0008  value_loss=0.1557  mi_loss=0.0013  mi_valid=0.77  div_loss=-0.1680  kl_loss=0.0000 (disabled)  score=0.892  return=0.723  role_std=6.3528  role_norm=40.4870  enc_delta ego=0.0018 partner=0.0023 road=0.0033
[ROMA step 4,713,873,408] sps=336,436  policy_loss=0.0022  value_loss=0.1597  mi_loss=0.0012  mi_valid=0.74  div_loss=-0.1797  kl_loss=0.0000 (disabled)  score=0.893  return=0.726  role_std=6.7111  role_norm=40.5276  enc_delta ego=0.0026 partner=0.0025 road=0.0034
[ROMA step 4,714,659,840] sps=336,230  policy_loss=0.0017  value_loss=0.2175  mi_loss=0.0012  mi_valid=0.75  div_loss=-0.1846  kl_loss=0.0000 (disabled)  score=0.894  return=0.726  role_std=7.1816  role_norm=39.6444  enc_delta ego=0.0016 partner=0.0029 road=0.0043
[ROMA step 4,715,446,272] sps=336,028  policy_loss=0.0016  value_loss=0.1912  mi_loss=0.0012  mi_valid=0.75  div_loss=-0.1807  kl_loss=0.0000 (disabled)  score=0.895  return=0.728  role_std=7.5852  role_norm=39.8570  enc_delta ego=0.0016 partner=0.0026 road=0.0034
[ROMA step 4,716,232,704] sps=335,471  policy_loss=-0.0010  value_loss=0.1737  mi_loss=0.0011  mi_valid=0.75  div_loss=-0.1797  kl_loss=0.0000 (disabled)  score=0.896  return=0.728  role_std=7.7529  role_norm=39.6456  enc_delta ego=0.0016 partner=0.0022 road=0.0031
[ROMA step 4,717,019,136] sps=335,254  policy_loss=0.0031  value_loss=0.3165  mi_loss=0.0012  mi_valid=0.77  div_loss=-0.2031  kl_loss=0.0000 (disabled)  score=0.896  return=0.726  role_std=6.9386  role_norm=41.2423  enc_delta ego=0.0017 partner=0.0025 road=0.0031
[ROMA step 4,717,805,568] sps=335,038  policy_loss=-0.0006  value_loss=0.3029  mi_loss=0.0012  mi_valid=0.76  div_loss=-0.1982  kl_loss=0.0000 (disabled)  score=0.896  return=0.720  role_std=6.9554  role_norm=40.9703  enc_delta ego=0.0017 partner=0.0028 road=0.0035
[ROMA step 4,718,592,000] sps=334,827  policy_loss=0.0024  value_loss=0.3364  mi_loss=0.0012  mi_valid=0.76  div_loss=-0.1943  kl_loss=0.0000 (disabled)  score=0.896  return=0.717  role_std=8.0889  role_norm=40.3596  enc_delta ego=0.0018 partner=0.0029 road=0.0034
[ROMA step 4,719,378,432] sps=334,323  policy_loss=0.0084  value_loss=0.3157  mi_loss=0.0012  mi_valid=0.74  div_loss=-0.1836  kl_loss=0.0000 (disabled)  score=0.896  return=0.714  role_std=6.8500  role_norm=39.5534  enc_delta ego=0.0020 partner=0.0028 road=0.0036
[ROMA step 4,720,164,864] sps=334,127  policy_loss=0.0024  value_loss=0.1958  mi_loss=0.0012  mi_valid=0.77  div_loss=-0.1650  kl_loss=0.0000 (disabled)  score=0.896  return=0.715  role_std=7.1945  role_norm=39.1206  enc_delta ego=0.0017 partner=0.0022 road=0.0030
[ROMA step 4,720,951,296] sps=333,908  policy_loss=0.0002  value_loss=0.1828  mi_loss=0.0013  mi_valid=0.77  div_loss=-0.1816  kl_loss=0.0000 (disabled)  score=0.897  return=0.715  role_std=6.6310  role_norm=41.3451  enc_delta ego=0.0017 partner=0.0021 road=0.0033
[ROMA step 4,721,737,728] sps=333,693  policy_loss=-0.0044  value_loss=0.2251  mi_loss=0.0012  mi_valid=0.77  div_loss=-0.1895  kl_loss=0.0000 (disabled)  score=0.897  return=0.715  role_std=7.3574  role_norm=40.7686  enc_delta ego=0.0029 partner=0.0025 road=0.0039
[ROMA step 4,722,524,160] sps=333,221  policy_loss=-0.0048  value_loss=0.2359  mi_loss=0.0012  mi_valid=0.73  div_loss=-0.1836  kl_loss=0.0000 (disabled)  score=0.898  return=0.716  role_std=7.4539  role_norm=40.5800  enc_delta ego=0.0023 partner=0.0030 road=0.0050
[ROMA step 4,723,310,592] sps=333,032  policy_loss=-0.0042  value_loss=0.2166  mi_loss=0.0012  mi_valid=0.76  div_loss=-0.1846  kl_loss=0.0000 (disabled)  score=0.898  return=0.715  role_std=7.1775  role_norm=39.7171  enc_delta ego=0.0029 partner=0.0025 road=0.0038
[ROMA step 4,724,097,024] sps=332,841  policy_loss=-0.0002  value_loss=0.2221  mi_loss=0.0012  mi_valid=0.76  div_loss=-0.1875  kl_loss=0.0000 (disabled)  score=0.899  return=0.716  role_std=7.5423  role_norm=38.8407  enc_delta ego=0.0032 partner=0.0025 road=0.0043
[ROMA step 4,724,883,456] sps=332,133  policy_loss=-0.0054  value_loss=0.1388  mi_loss=0.0012  mi_valid=0.75  div_loss=-0.1895  kl_loss=0.0000 (disabled)  score=0.899  return=0.719  role_std=7.1485  role_norm=41.2364  enc_delta ego=0.0018 partner=0.0022 road=0.0033
[ROMA step 4,725,669,888] sps=331,928  policy_loss=0.0060  value_loss=0.2811  mi_loss=0.0011  mi_valid=0.77  div_loss=-0.1934  kl_loss=0.0000 (disabled)  score=0.900  return=0.720  role_std=7.3852  role_norm=40.7600  enc_delta ego=0.0025 partner=0.0025 road=0.0037
[ROMA step 4,726,456,320] sps=331,718  policy_loss=-0.0009  value_loss=0.1715  mi_loss=0.0011  mi_valid=0.76  div_loss=-0.1826  kl_loss=0.0000 (disabled)  score=0.900  return=0.721  role_std=7.0126  role_norm=40.1782  enc_delta ego=0.0023 partner=0.0027 road=0.0039
[ROMA step 4,727,242,752] sps=331,510  policy_loss=-0.0054  value_loss=0.1127  mi_loss=0.0011  mi_valid=0.75  div_loss=-0.1875  kl_loss=0.0000 (disabled)  score=0.901  return=0.725  role_std=7.5109  role_norm=39.5086  enc_delta ego=0.0019 partner=0.0023 road=0.0030
[ROMA step 4,728,029,184] sps=330,996  policy_loss=-0.0049  value_loss=0.2449  mi_loss=0.0013  mi_valid=0.74  div_loss=-0.1865  kl_loss=0.0000 (disabled)  score=0.902  return=0.724  role_std=7.9051  role_norm=38.4488  enc_delta ego=0.0017 partner=0.0022 road=0.0029
[ROMA step 4,728,815,616] sps=330,780  policy_loss=-0.0049  value_loss=0.2060  mi_loss=0.0013  mi_valid=0.76  div_loss=-0.1895  kl_loss=0.0000 (disabled)  score=0.902  return=0.723  role_std=7.9099  role_norm=38.1773  enc_delta ego=0.0021 partner=0.0025 road=0.0035
[ROMA step 4,729,602,048] sps=330,589  policy_loss=0.0007  value_loss=0.3133  mi_loss=0.0013  mi_valid=0.77  div_loss=-0.1992  kl_loss=0.0000 (disabled)  score=0.902  return=0.721  role_std=6.8752  role_norm=41.4224  enc_delta ego=0.0013 partner=0.0020 road=0.0028
[ROMA step 4,730,388,480] sps=330,082  policy_loss=-0.0026  value_loss=0.3064  mi_loss=0.0013  mi_valid=0.75  div_loss=-0.1963  kl_loss=0.0000 (disabled)  score=0.902  return=0.719  role_std=7.1237  role_norm=41.1330  enc_delta ego=0.0023 partner=0.0024 road=0.0034
[ROMA step 4,731,174,912] sps=329,885  policy_loss=0.0025  value_loss=0.2763  mi_loss=0.0012  mi_valid=0.75  div_loss=-0.1914  kl_loss=0.0000 (disabled)  score=0.902  return=0.716  role_std=7.6385  role_norm=40.4677  enc_delta ego=0.0021 partner=0.0023 road=0.0030
[ROMA step 4,731,961,344] sps=329,688  policy_loss=0.0054  value_loss=0.2026  mi_loss=0.0012  mi_valid=0.76  div_loss=-0.1836  kl_loss=0.0000 (disabled)  score=0.901  return=0.717  role_std=7.9309  role_norm=40.2345  enc_delta ego=0.0018 partner=0.0021 road=0.0027
[ROMA step 4,732,747,776] sps=329,499  policy_loss=-0.0010  value_loss=0.2695  mi_loss=0.0012  mi_valid=0.75  div_loss=-0.1973  kl_loss=0.0000 (disabled)  score=0.902  return=0.716  role_std=8.1891  role_norm=39.1684  enc_delta ego=0.0013 partner=0.0019 road=0.0026
[ROMA step 4,733,534,208] sps=329,025  policy_loss=-0.0015  value_loss=0.2465  mi_loss=0.0012  mi_valid=0.75  div_loss=-0.1943  kl_loss=0.0000 (disabled)  score=0.902  return=0.717  role_std=6.6468  role_norm=41.9878  enc_delta ego=0.0015 partner=0.0019 road=0.0030
[ROMA step 4,734,320,640] sps=328,840  policy_loss=-0.0036  value_loss=0.2178  mi_loss=0.0012  mi_valid=0.76  div_loss=-0.1826  kl_loss=0.0000 (disabled)  score=0.902  return=0.719  role_std=7.5583  role_norm=41.5338  enc_delta ego=0.0017 partner=0.0024 road=0.0027
[ROMA step 4,735,107,072] sps=328,630  policy_loss=0.0015  value_loss=0.1900  mi_loss=0.0013  mi_valid=0.75  div_loss=-0.1807  kl_loss=0.0000 (disabled)  score=0.903  return=0.720  role_std=6.7986  role_norm=41.7388  enc_delta ego=0.0022 partner=0.0020 road=0.0032
[ROMA step 4,735,893,504] sps=328,147  policy_loss=0.0040  value_loss=0.2221  mi_loss=0.0012  mi_valid=0.73  div_loss=-0.1836  kl_loss=0.0000 (disabled)  score=0.903  return=0.720  role_std=7.2439  role_norm=39.9504  enc_delta ego=0.0023 partner=0.0031 road=0.0039
[ROMA step 4,736,679,936] sps=327,958  policy_loss=0.0018  value_loss=0.2166  mi_loss=0.0012  mi_valid=0.75  div_loss=-0.1650  kl_loss=0.0000 (disabled)  score=0.904  return=0.720  role_std=6.8736  role_norm=40.1096  enc_delta ego=0.0022 partner=0.0021 road=0.0028
[ROMA step 4,737,466,368] sps=327,771  policy_loss=-0.0072  value_loss=0.2097  mi_loss=0.0012  mi_valid=0.76  div_loss=-0.1670  kl_loss=0.0000 (disabled)  score=0.905  return=0.721  role_std=7.1274  role_norm=40.0660  enc_delta ego=0.0018 partner=0.0020 road=0.0029
[ROMA step 4,738,252,800] sps=327,575  policy_loss=0.0003  value_loss=0.2184  mi_loss=0.0011  mi_valid=0.76  div_loss=-0.1719  kl_loss=0.0000 (disabled)  score=0.905  return=0.721  role_std=6.3939  role_norm=42.1380  enc_delta ego=0.0030 partner=0.0022 road=0.0028
[ROMA step 4,739,039,232] sps=327,077  policy_loss=0.0085  value_loss=0.2707  mi_loss=0.0012  mi_valid=0.74  div_loss=-0.1836  kl_loss=0.0000 (disabled)  score=0.906  return=0.721  role_std=7.0498  role_norm=41.6543  enc_delta ego=0.0029 partner=0.0025 road=0.0052
[ROMA step 4,739,825,664] sps=326,873  policy_loss=0.0043  value_loss=0.2144  mi_loss=0.0012  mi_valid=0.76  div_loss=-0.1826  kl_loss=0.0000 (disabled)  score=0.906  return=0.718  role_std=7.5538  role_norm=40.4733  enc_delta ego=0.0024 partner=0.0024 road=0.0042
[ROMA step 4,740,612,096] sps=326,671  policy_loss=-0.0027  value_loss=0.3427  mi_loss=0.0012  mi_valid=0.76  div_loss=-0.1934  kl_loss=0.0000 (disabled)  score=0.906  return=0.715  role_std=8.2817  role_norm=39.7406  enc_delta ego=0.0025 partner=0.0024 road=0.0042
[ROMA step 4,741,398,528] sps=326,210  policy_loss=0.0057  value_loss=0.2796  mi_loss=0.0012  mi_valid=0.75  div_loss=-0.1855  kl_loss=0.0000 (disabled)  score=0.906  return=0.713  role_std=7.0790  role_norm=38.4241  enc_delta ego=0.0019 partner=0.0020 road=0.0032
[ROMA step 4,742,184,960] sps=326,024  policy_loss=0.0016  value_loss=0.2191  mi_loss=0.0011  mi_valid=0.77  div_loss=-0.1729  kl_loss=0.0000 (disabled)  score=0.905  return=0.710  role_std=6.5188  role_norm=42.2169  enc_delta ego=0.0021 partner=0.0024 road=0.0034
[ROMA step 4,742,971,392] sps=325,836  policy_loss=-0.0069  value_loss=0.3714  mi_loss=0.0012  mi_valid=0.76  div_loss=-0.1758  kl_loss=0.0000 (disabled)  score=0.906  return=0.710  role_std=6.8869  role_norm=42.1880  enc_delta ego=0.0022 partner=0.0024 road=0.0038
[ROMA step 4,743,757,824] sps=325,636  policy_loss=0.0007  value_loss=0.3767  mi_loss=0.0012  mi_valid=0.76  div_loss=-0.1816  kl_loss=0.0000 (disabled)  score=0.905  return=0.705  role_std=7.5338  role_norm=41.8989  enc_delta ego=0.0028 partner=0.0025 road=0.0031
[ROMA step 4,744,544,256] sps=325,167  policy_loss=-0.0028  value_loss=0.2627  mi_loss=0.0012  mi_valid=0.74  div_loss=-0.1865  kl_loss=0.0000 (disabled)  score=0.905  return=0.707  role_std=7.1046  role_norm=40.7957  enc_delta ego=0.0020 partner=0.0025 road=0.0042
[ROMA step 4,745,330,688] sps=324,979  policy_loss=-0.0055  value_loss=0.1801  mi_loss=0.0011  mi_valid=0.75  div_loss=-0.1768  kl_loss=0.0000 (disabled)  score=0.906  return=0.711  role_std=7.9132  role_norm=39.6729  enc_delta ego=0.0020 partner=0.0026 road=0.0035
[ROMA step 4,746,117,120] sps=324,791  policy_loss=-0.0004  value_loss=0.1129  mi_loss=0.0011  mi_valid=0.76  div_loss=-0.1709  kl_loss=0.0000 (disabled)  score=0.907  return=0.717  role_std=6.3953  role_norm=41.9407  enc_delta ego=0.0023 partner=0.0026 road=0.0036
[ROMA step 4,746,903,552] sps=324,606  policy_loss=-0.0020  value_loss=0.1563  mi_loss=0.0011  mi_valid=0.76  div_loss=-0.1758  kl_loss=0.0000 (disabled)  score=0.909  return=0.722  role_std=6.6988  role_norm=41.9623  enc_delta ego=0.0020 partner=0.0022 road=0.0030
[ROMA step 4,747,689,984] sps=324,142  policy_loss=0.0056  value_loss=0.2490  mi_loss=0.0013  mi_valid=0.73  div_loss=-0.1807  kl_loss=0.0000 (disabled)  score=0.909  return=0.722  role_std=7.0152  role_norm=41.5636  enc_delta ego=0.0025 partner=0.0023 road=0.0034
[ROMA step 4,748,476,416] sps=323,934  policy_loss=-0.0024  value_loss=0.1793  mi_loss=0.0013  mi_valid=0.75  div_loss=-0.1689  kl_loss=0.0000 (disabled)  score=0.909  return=0.723  role_std=7.3716  role_norm=41.1947  enc_delta ego=0.0032 partner=0.0019 road=0.0030
[ROMA step 4,749,262,848] sps=323,738  policy_loss=0.0008  value_loss=0.1976  mi_loss=0.0013  mi_valid=0.74  div_loss=-0.1719  kl_loss=0.0000 (disabled)  score=0.910  return=0.726  role_std=7.1392  role_norm=40.5273  enc_delta ego=0.0022 partner=0.0020 road=0.0035
[ROMA step 4,750,049,280] sps=323,305  policy_loss=0.0003  value_loss=0.1564  mi_loss=0.0013  mi_valid=0.74  div_loss=-0.1797  kl_loss=0.0000 (disabled)  score=0.910  return=0.727  role_std=6.4299  role_norm=41.8575  enc_delta ego=0.0025 partner=0.0028 road=0.0036
[ROMA step 4,750,835,712] sps=323,126  policy_loss=0.0014  value_loss=0.2362  mi_loss=0.0012  mi_valid=0.76  div_loss=-0.1875  kl_loss=0.0000 (disabled)  score=0.911  return=0.727  role_std=6.7607  role_norm=41.2453  enc_delta ego=0.0018 partner=0.0024 road=0.0038
[ROMA] Saved -> /scratch/e452103/checkpoints/roma_mifutagent_dim1_H8_r16p64_ft_pc40_cb1_lr_half_nodiv/roma_dim1_step4750835712.pt
[ROMA step 4,751,622,144] sps=322,949  policy_loss=-0.0023  value_loss=0.1771  mi_loss=0.0011  mi_valid=0.75  div_loss=-0.1855  kl_loss=0.0000 (disabled)  score=0.911  return=0.726  role_std=6.8475  role_norm=40.9536  enc_delta ego=0.0016 partner=0.0017 road=0.0029
[ROMA step 4,752,408,576] sps=322,769  policy_loss=0.0002  value_loss=0.1652  mi_loss=0.0013  mi_valid=0.75  div_loss=-0.1758  kl_loss=0.0000 (disabled)  score=0.912  return=0.726  role_std=7.3677  role_norm=40.9026  enc_delta ego=0.0019 partner=0.0020 road=0.0031
[ROMA step 4,753,195,008] sps=322,290  policy_loss=-0.0017  value_loss=0.1741  mi_loss=0.0013  mi_valid=0.73  div_loss=-0.1738  kl_loss=0.0000 (disabled)  score=0.912  return=0.725  role_std=7.5059  role_norm=39.5971  enc_delta ego=0.0020 partner=0.0024 road=0.0033
[ROMA step 4,753,981,440] sps=322,110  policy_loss=0.0052  value_loss=0.2100  mi_loss=0.0014  mi_valid=0.76  div_loss=-0.1699  kl_loss=0.0000 (disabled)  score=0.912  return=0.722  role_std=7.8484  role_norm=39.5310  enc_delta ego=0.0019 partner=0.0022 road=0.0028
[ROMA step 4,754,767,872] sps=321,926  policy_loss=0.0002  value_loss=0.1624  mi_loss=0.0012  mi_valid=0.77  div_loss=-0.1719  kl_loss=0.0000 (disabled)  score=0.911  return=0.720  role_std=6.0123  role_norm=42.6617  enc_delta ego=0.0014 partner=0.0019 road=0.0021
[ROMA step 4,755,554,304] sps=321,449  policy_loss=0.0064  value_loss=0.2429  mi_loss=0.0012  mi_valid=0.74  div_loss=-0.1807  kl_loss=0.0000 (disabled)  score=0.912  return=0.722  role_std=6.9270  role_norm=42.0110  enc_delta ego=0.0018 partner=0.0020 road=0.0031
[ROMA step 4,756,340,736] sps=321,251  policy_loss=-0.0067  value_loss=0.1606  mi_loss=0.0012  mi_valid=0.75  div_loss=-0.1807  kl_loss=0.0000 (disabled)  score=0.912  return=0.723  role_std=7.4338  role_norm=41.3213  enc_delta ego=0.0018 partner=0.0026 road=0.0042
[ROMA step 4,757,127,168] sps=321,065  policy_loss=-0.0081  value_loss=0.2782  mi_loss=0.0012  mi_valid=0.75  div_loss=-0.1855  kl_loss=0.0000 (disabled)  score=0.913  return=0.725  role_std=7.6011  role_norm=40.6613  enc_delta ego=0.0018 partner=0.0024 road=0.0031
[ROMA step 4,757,913,600] sps=320,879  policy_loss=-0.0001  value_loss=0.1689  mi_loss=0.0012  mi_valid=0.75  div_loss=-0.1768  kl_loss=0.0000 (disabled)  score=0.913  return=0.726  role_std=7.7652  role_norm=39.7204  enc_delta ego=0.0020 partner=0.0024 road=0.0035
[ROMA step 4,758,700,032] sps=320,408  policy_loss=0.0023  value_loss=0.2454  mi_loss=0.0012  mi_valid=0.75  div_loss=-0.1768  kl_loss=0.0000 (disabled)  score=0.913  return=0.728  role_std=6.2527  role_norm=41.8211  enc_delta ego=0.0018 partner=0.0024 road=0.0035
[ROMA step 4,759,486,464] sps=320,222  policy_loss=-0.0011  value_loss=0.2186  mi_loss=0.0011  mi_valid=0.76  div_loss=-0.1768  kl_loss=0.0000 (disabled)  score=0.913  return=0.728  role_std=6.4670  role_norm=41.8744  enc_delta ego=0.0015 partner=0.0018 road=0.0030
[ROMA step 4,760,272,896] sps=320,033  policy_loss=-0.0101  value_loss=0.0948  mi_loss=0.0012  mi_valid=0.76  div_loss=-0.1680  kl_loss=0.0000 (disabled)  score=0.913  return=0.732  role_std=6.3283  role_norm=41.5826  enc_delta ego=0.0013 partner=0.0014 road=0.0022
[ROMA step 4,761,059,328] sps=319,567  policy_loss=-0.0012  value_loss=0.1684  mi_loss=0.0012  mi_valid=0.73  div_loss=-0.1719  kl_loss=0.0000 (disabled)  score=0.914  return=0.736  role_std=7.9800  role_norm=39.6495  enc_delta ego=0.0016 partner=0.0017 road=0.0031
[ROMA step 4,761,845,760] sps=319,400  policy_loss=0.0012  value_loss=0.2347  mi_loss=0.0011  mi_valid=0.76  div_loss=-0.1787  kl_loss=0.0000 (disabled)  score=0.914  return=0.736  role_std=7.2696  role_norm=39.5760  enc_delta ego=0.0022 partner=0.0024 road=0.0036
[ROMA step 4,762,632,192] sps=319,215  policy_loss=0.0025  value_loss=0.1547  mi_loss=0.0011  mi_valid=0.76  div_loss=-0.1758  kl_loss=0.0000 (disabled)  score=0.914  return=0.738  role_std=7.2608  role_norm=39.2200  enc_delta ego=0.0021 partner=0.0028 road=0.0039
[ROMA step 4,763,418,624] sps=319,026  policy_loss=0.0001  value_loss=0.2123  mi_loss=0.0011  mi_valid=0.77  div_loss=-0.1816  kl_loss=0.0000 (disabled)  score=0.914  return=0.740  role_std=6.4836  role_norm=41.5745  enc_delta ego=0.0014 partner=0.0019 road=0.0032
[ROMA step 4,764,205,056] sps=318,526  policy_loss=-0.0033  value_loss=0.2000  mi_loss=0.0012  mi_valid=0.74  div_loss=-0.1768  kl_loss=0.0000 (disabled)  score=0.914  return=0.738  role_std=6.4190  role_norm=41.4586  enc_delta ego=0.0039 partner=0.0024 road=0.0040
[ROMA step 4,764,991,488] sps=318,330  policy_loss=0.0038  value_loss=0.1669  mi_loss=0.0012  mi_valid=0.75  div_loss=-0.1699  kl_loss=0.0000 (disabled)  score=0.914  return=0.740  role_std=6.8593  role_norm=41.1747  enc_delta ego=0.0031 partner=0.0022 road=0.0034
[ROMA step 4,765,777,920] sps=318,147  policy_loss=0.0029  value_loss=0.2037  mi_loss=0.0012  mi_valid=0.75  div_loss=-0.1738  kl_loss=0.0000 (disabled)  score=0.914  return=0.739  role_std=7.4647  role_norm=40.0819  enc_delta ego=0.0021 partner=0.0019 road=0.0028
[ROMA step 4,766,564,352] sps=317,699  policy_loss=-0.0003  value_loss=0.2059  mi_loss=0.0011  mi_valid=0.74  div_loss=-0.1689  kl_loss=0.0000 (disabled)  score=0.915  return=0.742  role_std=8.3011  role_norm=38.3510  enc_delta ego=0.0022 partner=0.0017 road=0.0023
[ROMA step 4,767,350,784] sps=317,519  policy_loss=0.0005  value_loss=0.2766  mi_loss=0.0011  mi_valid=0.77  div_loss=-0.1729  kl_loss=0.0000 (disabled)  score=0.915  return=0.740  role_std=6.0804  role_norm=42.3630  enc_delta ego=0.0017 partner=0.0019 road=0.0023
[ROMA step 4,768,137,216] sps=317,333  policy_loss=0.0004  value_loss=0.1569  mi_loss=0.0011  mi_valid=0.76  div_loss=-0.1729  kl_loss=0.0000 (disabled)  score=0.915  return=0.743  role_std=6.3221  role_norm=41.9168  enc_delta ego=0.0019 partner=0.0022 road=0.0027
[ROMA step 4,768,923,648] sps=317,157  policy_loss=-0.0052  value_loss=0.2465  mi_loss=0.0011  mi_valid=0.76  div_loss=-0.1807  kl_loss=0.0000 (disabled)  score=0.915  return=0.744  role_std=6.8268  role_norm=41.7535  enc_delta ego=0.0017 partner=0.0024 road=0.0025
[ROMA step 4,769,710,080] sps=316,708  policy_loss=-0.0041  value_loss=0.2148  mi_loss=0.0011  mi_valid=0.74  div_loss=-0.1807  kl_loss=0.0000 (disabled)  score=0.915  return=0.745  role_std=8.1960  role_norm=40.1397  enc_delta ego=0.0017 partner=0.0024 road=0.0035
[ROMA step 4,770,496,512] sps=316,526  policy_loss=0.0049  value_loss=0.2571  mi_loss=0.0010  mi_valid=0.76  div_loss=-0.1904  kl_loss=0.0000 (disabled)  score=0.914  return=0.747  role_std=8.0995  role_norm=39.7388  enc_delta ego=0.0021 partner=0.0023 road=0.0035
[ROMA step 4,771,282,944] sps=316,349  policy_loss=0.0036  value_loss=0.2037  mi_loss=0.0010  mi_valid=0.77  div_loss=-0.1787  kl_loss=0.0000 (disabled)  score=0.914  return=0.749  role_std=6.4908  role_norm=42.4707  enc_delta ego=0.0022 partner=0.0027 road=0.0038
[ROMA step 4,772,069,376] sps=316,175  policy_loss=0.0000  value_loss=0.1540  mi_loss=0.0010  mi_valid=0.77  div_loss=-0.1797  kl_loss=0.0000 (disabled)  score=0.914  return=0.749  role_std=6.8439  role_norm=42.0684  enc_delta ego=0.0016 partner=0.0025 road=0.0037
[ROMA step 4,772,855,808] sps=315,691  policy_loss=0.0042  value_loss=0.2830  mi_loss=0.0011  mi_valid=0.74  div_loss=-0.1768  kl_loss=0.0000 (disabled)  score=0.913  return=0.744  role_std=6.8902  role_norm=41.6723  enc_delta ego=0.0022 partner=0.0025 road=0.0038
[ROMA step 4,773,642,240] sps=315,514  policy_loss=-0.0038  value_loss=0.1947  mi_loss=0.0012  mi_valid=0.76  div_loss=-0.1641  kl_loss=0.0000 (disabled)  score=0.912  return=0.743  role_std=7.1095  role_norm=41.0601  enc_delta ego=0.0021 partner=0.0022 road=0.0032
[ROMA step 4,774,428,672] sps=315,343  policy_loss=-0.0038  value_loss=0.1708  mi_loss=0.0013  mi_valid=0.76  div_loss=-0.1670  kl_loss=0.0000 (disabled)  score=0.911  return=0.740  role_std=7.0187  role_norm=40.9503  enc_delta ego=0.0019 partner=0.0023 road=0.0034
[ROMA step 4,775,215,104] sps=314,922  policy_loss=-0.0006  value_loss=0.1874  mi_loss=0.0012  mi_valid=0.75  div_loss=-0.1602  kl_loss=0.0000 (disabled)  score=0.910  return=0.739  role_std=6.0652  role_norm=42.9633  enc_delta ego=0.0022 partner=0.0023 road=0.0034
[ROMA step 4,776,001,536] sps=314,758  policy_loss=0.0012  value_loss=0.1996  mi_loss=0.0012  mi_valid=0.76  div_loss=-0.1670  kl_loss=0.0000 (disabled)  score=0.911  return=0.740  role_std=6.3629  role_norm=43.1861  enc_delta ego=0.0017 partner=0.0021 road=0.0032
[ROMA step 4,776,787,968] sps=314,589  policy_loss=0.0035  value_loss=0.2206  mi_loss=0.0013  mi_valid=0.75  div_loss=-0.1797  kl_loss=0.0000 (disabled)  score=0.911  return=0.741  role_std=6.7368  role_norm=42.4561  enc_delta ego=0.0019 partner=0.0021 road=0.0034
[ROMA step 4,777,574,400] sps=314,400  policy_loss=0.0027  value_loss=0.1604  mi_loss=0.0012  mi_valid=0.75  div_loss=-0.1846  kl_loss=0.0000 (disabled)  score=0.911  return=0.741  role_std=7.5222  role_norm=41.8248  enc_delta ego=0.0025 partner=0.0025 road=0.0045
[ROMA step 4,778,360,832] sps=313,935  policy_loss=-0.0034  value_loss=0.2615  mi_loss=0.0011  mi_valid=0.73  div_loss=-0.1953  kl_loss=0.0000 (disabled)  score=0.911  return=0.741  role_std=8.3277  role_norm=40.9708  enc_delta ego=0.0025 partner=0.0025 road=0.0041
[ROMA step 4,779,147,264] sps=313,754  policy_loss=-0.0014  value_loss=0.2183  mi_loss=0.0011  mi_valid=0.75  div_loss=-0.1982  kl_loss=0.0000 (disabled)  score=0.911  return=0.739  role_std=9.0662  role_norm=39.7275  enc_delta ego=0.0024 partner=0.0029 road=0.0039
[ROMA step 4,779,933,696] sps=313,586  policy_loss=-0.0019  value_loss=0.1744  mi_loss=0.0011  mi_valid=0.76  div_loss=-0.1973  kl_loss=0.0000 (disabled)  score=0.911  return=0.739  role_std=7.5880  role_norm=41.8458  enc_delta ego=0.0030 partner=0.0029 road=0.0038
[ROMA step 4,780,720,128] sps=313,171  policy_loss=-0.0012  value_loss=0.3822  mi_loss=0.0010  mi_valid=0.74  div_loss=-0.2129  kl_loss=0.0000 (disabled)  score=0.911  return=0.736  role_std=7.5205  role_norm=41.6993  enc_delta ego=0.0022 partner=0.0023 road=0.0039
[ROMA step 4,781,506,560] sps=312,997  policy_loss=-0.0024  value_loss=0.2980  mi_loss=0.0011  mi_valid=0.76  div_loss=-0.1963  kl_loss=0.0000 (disabled)  score=0.910  return=0.733  role_std=8.0203  role_norm=40.6520  enc_delta ego=0.0022 partner=0.0023 road=0.0038
[ROMA step 4,782,292,992] sps=312,834  policy_loss=0.0056  value_loss=0.2547  mi_loss=0.0012  mi_valid=0.76  div_loss=-0.1953  kl_loss=0.0000 (disabled)  score=0.909  return=0.730  role_std=8.0927  role_norm=40.4794  enc_delta ego=0.0024 partner=0.0024 road=0.0030
[ROMA step 4,783,079,424] sps=312,660  policy_loss=0.0001  value_loss=0.1731  mi_loss=0.0012  mi_valid=0.76  div_loss=-0.1826  kl_loss=0.0000 (disabled)  score=0.908  return=0.729  role_std=8.3338  role_norm=40.2952  enc_delta ego=0.0017 partner=0.0022 road=0.0035
[ROMA step 4,783,865,856] sps=312,228  policy_loss=0.0027  value_loss=0.2801  mi_loss=0.0012  mi_valid=0.75  div_loss=-0.1953  kl_loss=0.0000 (disabled)  score=0.907  return=0.727  role_std=6.9349  role_norm=42.7993  enc_delta ego=0.0024 partner=0.0023 road=0.0032
[ROMA step 4,784,652,288] sps=312,061  policy_loss=0.0020  value_loss=0.3431  mi_loss=0.0012  mi_valid=0.77  div_loss=-0.1973  kl_loss=0.0000 (disabled)  score=0.906  return=0.724  role_std=6.8892  role_norm=43.0872  enc_delta ego=0.0025 partner=0.0026 road=0.0039
[ROMA step 4,785,438,720] sps=311,879  policy_loss=-0.0009  value_loss=0.1713  mi_loss=0.0012  mi_valid=0.76  div_loss=-0.1855  kl_loss=0.0000 (disabled)  score=0.906  return=0.722  role_std=7.1019  role_norm=43.1418  enc_delta ego=0.0026 partner=0.0025 road=0.0034
[ROMA step 4,786,225,152] sps=311,405  policy_loss=-0.0002  value_loss=0.2251  mi_loss=0.0013  mi_valid=0.73  div_loss=-0.1807  kl_loss=0.0000 (disabled)  score=0.906  return=0.721  role_std=6.6677  role_norm=41.3245  enc_delta ego=0.0022 partner=0.0022 road=0.0036
[ROMA step 4,787,011,584] sps=311,235  policy_loss=0.0005  value_loss=0.1906  mi_loss=0.0012  mi_valid=0.76  div_loss=-0.1631  kl_loss=0.0000 (disabled)  score=0.906  return=0.718  role_std=7.0292  role_norm=41.1802  enc_delta ego=0.0017 partner=0.0019 road=0.0033
[ROMA step 4,787,798,016] sps=311,065  policy_loss=0.0003  value_loss=0.1682  mi_loss=0.0013  mi_valid=0.76  div_loss=-0.1650  kl_loss=0.0000 (disabled)  score=0.907  return=0.717  role_std=7.8221  role_norm=39.8158  enc_delta ego=0.0019 partner=0.0023 road=0.0042
[ROMA step 4,788,584,448] sps=310,897  policy_loss=-0.0039  value_loss=0.2048  mi_loss=0.0012  mi_valid=0.77  div_loss=-0.1689  kl_loss=0.0000 (disabled)  score=0.907  return=0.717  role_std=6.2584  role_norm=43.1036  enc_delta ego=0.0017 partner=0.0022 road=0.0030
[ROMA step 4,789,370,880] sps=310,478  policy_loss=-0.0040  value_loss=0.3383  mi_loss=0.0012  mi_valid=0.74  div_loss=-0.1885  kl_loss=0.0000 (disabled)  score=0.906  return=0.716  role_std=8.2487  role_norm=42.9285  enc_delta ego=0.0018 partner=0.0023 road=0.0027
[ROMA step 4,790,157,312] sps=310,317  policy_loss=-0.0023  value_loss=0.4292  mi_loss=0.0012  mi_valid=0.76  div_loss=-0.2012  kl_loss=0.0000 (disabled)  score=0.906  return=0.710  role_std=8.2417  role_norm=42.9402  enc_delta ego=0.0023 partner=0.0025 road=0.0027
[ROMA step 4,790,943,744] sps=310,148  policy_loss=-0.0012  value_loss=0.3351  mi_loss=0.0012  mi_valid=0.76  div_loss=-0.1914  kl_loss=0.0000 (disabled)  score=0.905  return=0.704  role_std=8.2022  role_norm=41.9957  enc_delta ego=0.0022 partner=0.0022 road=0.0030
[ROMA step 4,791,730,176] sps=309,745  policy_loss=-0.0034  value_loss=0.4320  mi_loss=0.0012  mi_valid=0.74  div_loss=-0.1992  kl_loss=0.0000 (disabled)  score=0.904  return=0.698  role_std=8.6499  role_norm=39.7013  enc_delta ego=0.0021 partner=0.0026 road=0.0034
[ROMA step 4,792,516,608] sps=309,583  policy_loss=0.0027  value_loss=0.3116  mi_loss=0.0012  mi_valid=0.77  div_loss=-0.1924  kl_loss=0.0000 (disabled)  score=0.903  return=0.694  role_std=6.9374  role_norm=43.6515  enc_delta ego=0.0019 partner=0.0022 road=0.0033
[ROMA step 4,793,303,040] sps=309,419  policy_loss=0.0029  value_loss=0.2085  mi_loss=0.0012  mi_valid=0.76  div_loss=-0.1777  kl_loss=0.0000 (disabled)  score=0.902  return=0.693  role_std=6.8293  role_norm=43.1691  enc_delta ego=0.0029 partner=0.0025 road=0.0043
[ROMA step 4,794,089,472] sps=309,256  policy_loss=-0.0055  value_loss=0.2177  mi_loss=0.0012  mi_valid=0.75  div_loss=-0.1826  kl_loss=0.0000 (disabled)  score=0.902  return=0.692  role_std=7.3966  role_norm=42.0125  enc_delta ego=0.0016 partner=0.0021 road=0.0035
[ROMA step 4,794,875,904] sps=308,786  policy_loss=-0.0009  value_loss=0.1502  mi_loss=0.0012  mi_valid=0.74  div_loss=-0.1748  kl_loss=0.0000 (disabled)  score=0.901  return=0.692  role_std=7.3876  role_norm=40.8706  enc_delta ego=0.0017 partner=0.0017 road=0.0031
[ROMA step 4,795,662,336] sps=308,627  policy_loss=-0.0001  value_loss=0.1770  mi_loss=0.0011  mi_valid=0.76  div_loss=-0.1621  kl_loss=0.0000 (disabled)  score=0.901  return=0.692  role_std=7.7259  role_norm=40.5388  enc_delta ego=0.0014 partner=0.0023 road=0.0028
[ROMA step 4,796,448,768] sps=308,470  policy_loss=-0.0034  value_loss=0.1142  mi_loss=0.0011  mi_valid=0.77  div_loss=-0.1602  kl_loss=0.0000 (disabled)  score=0.900  return=0.695  role_std=7.0175  role_norm=41.1051  enc_delta ego=0.0017 partner=0.0022 road=0.0034
[ROMA step 4,797,235,200] sps=308,312  policy_loss=0.0013  value_loss=0.1002  mi_loss=0.0011  mi_valid=0.77  div_loss=-0.1611  kl_loss=0.0000 (disabled)  score=0.900  return=0.696  role_std=5.7192  role_norm=43.5968  enc_delta ego=0.0015 partner=0.0017 road=0.0026
[ROMA step 4,798,021,632] sps=307,918  policy_loss=0.0031  value_loss=0.4213  mi_loss=0.0012  mi_valid=0.74  div_loss=-0.1875  kl_loss=0.0000 (disabled)  score=0.900  return=0.695  role_std=7.5711  role_norm=41.8587  enc_delta ego=0.0021 partner=0.0023 road=0.0036
[ROMA step 4,798,808,064] sps=307,742  policy_loss=-0.0026  value_loss=0.1974  mi_loss=0.0012  mi_valid=0.76  div_loss=-0.1787  kl_loss=0.0000 (disabled)  score=0.899  return=0.693  role_std=7.2572  role_norm=41.3008  enc_delta ego=0.0022 partner=0.0022 road=0.0035
[ROMA step 4,799,594,496] sps=307,571  policy_loss=-0.0039  value_loss=0.2118  mi_loss=0.0012  mi_valid=0.76  div_loss=-0.1807  kl_loss=0.0000 (disabled)  score=0.899  return=0.691  role_std=7.6232  role_norm=40.4316  enc_delta ego=0.0017 partner=0.0019 road=0.0028
[ROMA step 4,800,380,928] sps=307,118  policy_loss=0.0011  value_loss=0.1898  mi_loss=0.0012  mi_valid=0.74  div_loss=-0.1689  kl_loss=0.0000 (disabled)  score=0.898  return=0.692  role_std=7.2541  role_norm=40.0602  enc_delta ego=0.0017 partner=0.0017 road=0.0029
[ROMA step 4,801,167,360] sps=306,958  policy_loss=0.0027  value_loss=0.1492  mi_loss=0.0012  mi_valid=0.77  div_loss=-0.1719  kl_loss=0.0000 (disabled)  score=0.898  return=0.692  role_std=6.5061  role_norm=42.8259  enc_delta ego=0.0018 partner=0.0020 road=0.0037
[ROMA step 4,801,953,792] sps=306,800  policy_loss=-0.0039  value_loss=0.1401  mi_loss=0.0011  mi_valid=0.75  div_loss=-0.1680  kl_loss=0.0000 (disabled)  score=0.898  return=0.692  role_std=6.5601  role_norm=42.3947  enc_delta ego=0.0018 partner=0.0025 road=0.0033
[ROMA step 4,802,740,224] sps=306,631  policy_loss=-0.0062  value_loss=0.1474  mi_loss=0.0011  mi_valid=0.75  div_loss=-0.1729  kl_loss=0.0000 (disabled)  score=0.897  return=0.691  role_std=6.7783  role_norm=41.9812  enc_delta ego=0.0017 partner=0.0021 road=0.0037
[ROMA step 4,803,526,656] sps=306,241  policy_loss=0.0003  value_loss=0.1844  mi_loss=0.0011  mi_valid=0.73  div_loss=-0.1650  kl_loss=0.0000 (disabled)  score=0.896  return=0.690  role_std=7.4043  role_norm=41.2498  enc_delta ego=0.0025 partner=0.0020 road=0.0034
[ROMA step 4,804,313,088] sps=306,067  policy_loss=-0.0007  value_loss=0.1294  mi_loss=0.0011  mi_valid=0.76  div_loss=-0.1631  kl_loss=0.0000 (disabled)  score=0.895  return=0.686  role_std=7.5478  role_norm=41.3921  enc_delta ego=0.0021 partner=0.0021 road=0.0031
[ROMA step 4,805,099,520] sps=305,895  policy_loss=-0.0009  value_loss=0.1232  mi_loss=0.0012  mi_valid=0.76  div_loss=-0.1494  kl_loss=0.0000 (disabled)  score=0.895  return=0.687  role_std=5.8408  role_norm=43.9564  enc_delta ego=0.0021 partner=0.0020 road=0.0035
[ROMA step 4,805,885,952] sps=305,473  policy_loss=-0.0050  value_loss=0.1279  mi_loss=0.0012  mi_valid=0.75  div_loss=-0.1562  kl_loss=0.0000 (disabled)  score=0.894  return=0.687  role_std=5.8617  role_norm=43.8874  enc_delta ego=0.0024 partner=0.0017 road=0.0028
[ROMA step 4,806,672,384] sps=305,294  policy_loss=-0.0008  value_loss=0.1372  mi_loss=0.0012  mi_valid=0.76  div_loss=-0.1533  kl_loss=0.0000 (disabled)  score=0.893  return=0.690  role_std=6.5201  role_norm=42.7469  enc_delta ego=0.0023 partner=0.0021 road=0.0030
[ROMA step 4,807,458,816] sps=305,120  policy_loss=0.0063  value_loss=0.1512  mi_loss=0.0012  mi_valid=0.75  div_loss=-0.1475  kl_loss=0.0000 (disabled)  score=0.892  return=0.693  role_std=6.5476  role_norm=42.1243  enc_delta ego=0.0015 partner=0.0019 road=0.0025
[ROMA step 4,808,245,248] sps=304,959  policy_loss=-0.0005  value_loss=0.1711  mi_loss=0.0012  mi_valid=0.76  div_loss=-0.1523  kl_loss=0.0000 (disabled)  score=0.892  return=0.696  role_std=6.4878  role_norm=42.4567  enc_delta ego=0.0020 partner=0.0017 road=0.0026
[ROMA step 4,809,031,680] sps=304,565  policy_loss=-0.0022  value_loss=0.1832  mi_loss=0.0011  mi_valid=0.75  div_loss=-0.1562  kl_loss=0.0000 (disabled)  score=0.892  return=0.700  role_std=6.0506  role_norm=43.9861  enc_delta ego=0.0019 partner=0.0026 road=0.0034
[ROMA step 4,809,818,112] sps=304,406  policy_loss=0.0054  value_loss=0.1998  mi_loss=0.0011  mi_valid=0.77  div_loss=-0.1602  kl_loss=0.0000 (disabled)  score=0.893  return=0.702  role_std=6.0057  role_norm=43.9454  enc_delta ego=0.0016 partner=0.0022 road=0.0034
[ROMA step 4,810,604,544] sps=304,235  policy_loss=0.0002  value_loss=0.1983  mi_loss=0.0011  mi_valid=0.75  div_loss=-0.1670  kl_loss=0.0000 (disabled)  score=0.893  return=0.705  role_std=6.1757  role_norm=43.6616  enc_delta ego=0.0017 partner=0.0024 road=0.0034
[ROMA step 4,811,390,976] sps=303,822  policy_loss=-0.0029  value_loss=0.1188  mi_loss=0.0012  mi_valid=0.73  div_loss=-0.1660  kl_loss=0.0000 (disabled)  score=0.894  return=0.709  role_std=7.1238  role_norm=40.6798  enc_delta ego=0.0016 partner=0.0018 road=0.0026
[ROMA step 4,812,177,408] sps=303,649  policy_loss=-0.0002  value_loss=0.1822  mi_loss=0.0011  mi_valid=0.76  div_loss=-0.1738  kl_loss=0.0000 (disabled)  score=0.894  return=0.712  role_std=7.4136  role_norm=40.4456  enc_delta ego=0.0026 partner=0.0025 road=0.0038
[ROMA step 4,812,963,840] sps=303,478  policy_loss=-0.0009  value_loss=0.1387  mi_loss=0.0011  mi_valid=0.76  div_loss=-0.1748  kl_loss=0.0000 (disabled)  score=0.894  return=0.715  role_std=8.1825  role_norm=39.4204  enc_delta ego=0.0019 partner=0.0026 road=0.0035
[ROMA step 4,813,750,272] sps=303,316  policy_loss=-0.0038  value_loss=0.1349  mi_loss=0.0011  mi_valid=0.77  div_loss=-0.1738  kl_loss=0.0000 (disabled)  score=0.894  return=0.715  role_std=6.6490  role_norm=42.7244  enc_delta ego=0.0015 partner=0.0019 road=0.0030
[ROMA step 4,814,536,704] sps=302,926  policy_loss=0.0007  value_loss=0.1656  mi_loss=0.0011  mi_valid=0.75  div_loss=-0.1680  kl_loss=0.0000 (disabled)  score=0.893  return=0.718  role_std=6.6425  role_norm=42.7245  enc_delta ego=0.0018 partner=0.0020 road=0.0031
[ROMA step 4,815,323,136] sps=302,755  policy_loss=0.0019  value_loss=0.2679  mi_loss=0.0011  mi_valid=0.77  div_loss=-0.1689  kl_loss=0.0000 (disabled)  score=0.893  return=0.717  role_std=6.6381  role_norm=42.1536  enc_delta ego=0.0015 partner=0.0017 road=0.0028
[ROMA step 4,816,109,568] sps=302,599  policy_loss=-0.0007  value_loss=0.0969  mi_loss=0.0012  mi_valid=0.77  div_loss=-0.1660  kl_loss=0.0000 (disabled)  score=0.892  return=0.717  role_std=7.1620  role_norm=40.9031  enc_delta ego=0.0018 partner=0.0017 road=0.0031
[ROMA step 4,816,896,000] sps=302,194  policy_loss=0.0003  value_loss=0.1345  mi_loss=0.0012  mi_valid=0.74  div_loss=-0.1621  kl_loss=0.0000 (disabled)  score=0.891  return=0.719  role_std=8.4174  role_norm=38.9506  enc_delta ego=0.0019 partner=0.0020 road=0.0028
[ROMA step 4,817,682,432] sps=302,026  policy_loss=-0.0049  value_loss=0.2541  mi_loss=0.0012  mi_valid=0.77  div_loss=-0.1875  kl_loss=0.0000 (disabled)  score=0.891  return=0.720  role_std=7.0406  role_norm=43.1350  enc_delta ego=0.0015 partner=0.0020 road=0.0030
[ROMA step 4,818,468,864] sps=301,855  policy_loss=0.0049  value_loss=0.2837  mi_loss=0.0012  mi_valid=0.76  div_loss=-0.1836  kl_loss=0.0000 (disabled)  score=0.891  return=0.724  role_std=7.5198  role_norm=42.8806  enc_delta ego=0.0017 partner=0.0021 road=0.0033
[ROMA step 4,819,255,296] sps=301,678  policy_loss=0.0044  value_loss=0.2102  mi_loss=0.0012  mi_valid=0.76  div_loss=-0.1826  kl_loss=0.0000 (disabled)  score=0.892  return=0.728  role_std=6.7825  role_norm=42.6863  enc_delta ego=0.0019 partner=0.0026 road=0.0037
[ROMA step 4,820,041,728] sps=301,196  policy_loss=-0.0022  value_loss=0.2115  mi_loss=0.0012  mi_valid=0.74  div_loss=-0.1787  kl_loss=0.0000 (disabled)  score=0.892  return=0.733  role_std=7.7826  role_norm=40.6695  enc_delta ego=0.0019 partner=0.0023 road=0.0038
[ROMA step 4,820,828,160] sps=301,041  policy_loss=0.0014  value_loss=0.1820  mi_loss=0.0012  mi_valid=0.76  div_loss=-0.1777  kl_loss=0.0000 (disabled)  score=0.891  return=0.733  role_std=7.7941  role_norm=40.3391  enc_delta ego=0.0021 partner=0.0025 road=0.0041
[ROMA step 4,821,614,592] sps=300,879  policy_loss=-0.0008  value_loss=0.2083  mi_loss=0.0012  mi_valid=0.77  div_loss=-0.1797  kl_loss=0.0000 (disabled)  score=0.891  return=0.733  role_std=7.6016  role_norm=39.9310  enc_delta ego=0.0021 partner=0.0021 road=0.0035
[ROMA step 4,822,401,024] sps=300,727  policy_loss=-0.0012  value_loss=0.1425  mi_loss=0.0012  mi_valid=0.78  div_loss=-0.1729  kl_loss=0.0000 (disabled)  score=0.891  return=0.734  role_std=6.3967  role_norm=43.4682  enc_delta ego=0.0016 partner=0.0023 road=0.0038
[ROMA step 4,823,187,456] sps=300,332  policy_loss=-0.0009  value_loss=0.1690  mi_loss=0.0012  mi_valid=0.73  div_loss=-0.1836  kl_loss=0.0000 (disabled)  score=0.891  return=0.734  role_std=6.8014  role_norm=43.2607  enc_delta ego=0.0019 partner=0.0025 road=0.0036
[ROMA step 4,823,973,888] sps=300,185  policy_loss=0.0019  value_loss=0.1484  mi_loss=0.0012  mi_valid=0.75  div_loss=-0.1758  kl_loss=0.0000 (disabled)  score=0.892  return=0.734  role_std=7.1084  role_norm=42.7214  enc_delta ego=0.0024 partner=0.0020 road=0.0023
[ROMA step 4,824,760,320] sps=300,038  policy_loss=-0.0008  value_loss=0.2182  mi_loss=0.0011  mi_valid=0.75  div_loss=-0.1826  kl_loss=0.0000 (disabled)  score=0.892  return=0.733  role_std=7.6363  role_norm=42.0596  enc_delta ego=0.0017 partner=0.0024 road=0.0030
[ROMA step 4,825,546,752] sps=299,615  policy_loss=-0.0076  value_loss=0.1951  mi_loss=0.0011  mi_valid=0.74  div_loss=-0.1748  kl_loss=0.0000 (disabled)  score=0.892  return=0.734  role_std=7.5123  role_norm=39.4260  enc_delta ego=0.0019 partner=0.0024 road=0.0035
[ROMA step 4,826,333,184] sps=299,451  policy_loss=-0.0036  value_loss=0.1349  mi_loss=0.0011  mi_valid=0.77  div_loss=-0.1680  kl_loss=0.0000 (disabled)  score=0.892  return=0.738  role_std=6.0303  role_norm=43.2531  enc_delta ego=0.0017 partner=0.0021 road=0.0031
[ROMA step 4,827,119,616] sps=299,292  policy_loss=0.0006  value_loss=0.1615  mi_loss=0.0011  mi_valid=0.76  div_loss=-0.1719  kl_loss=0.0000 (disabled)  score=0.892  return=0.739  role_std=6.9379  role_norm=42.8018  enc_delta ego=0.0023 partner=0.0024 road=0.0030
[ROMA step 4,827,906,048] sps=299,136  policy_loss=-0.0027  value_loss=0.1545  mi_loss=0.0011  mi_valid=0.75  div_loss=-0.1689  kl_loss=0.0000 (disabled)  score=0.892  return=0.740  role_std=7.1759  role_norm=41.9928  enc_delta ego=0.0020 partner=0.0027 road=0.0039
[ROMA step 4,828,692,480] sps=298,729  policy_loss=0.0032  value_loss=0.2274  mi_loss=0.0012  mi_valid=0.74  div_loss=-0.1748  kl_loss=0.0000 (disabled)  score=0.893  return=0.740  role_std=7.8041  role_norm=41.2574  enc_delta ego=0.0017 partner=0.0021 road=0.0025
[ROMA step 4,829,478,912] sps=298,584  policy_loss=0.0055  value_loss=0.2270  mi_loss=0.0013  mi_valid=0.76  div_loss=-0.1826  kl_loss=0.0000 (disabled)  score=0.893  return=0.738  role_std=8.1252  role_norm=40.9012  enc_delta ego=0.0022 partner=0.0027 road=0.0036
[ROMA step 4,830,265,344] sps=298,434  policy_loss=0.0022  value_loss=0.1580  mi_loss=0.0012  mi_valid=0.77  div_loss=-0.1826  kl_loss=0.0000 (disabled)  score=0.894  return=0.737  role_std=7.2353  role_norm=42.3522  enc_delta ego=0.0018 partner=0.0024 road=0.0026
[ROMA step 4,831,051,776] sps=298,042  policy_loss=0.0075  value_loss=0.2952  mi_loss=0.0012  mi_valid=0.75  div_loss=-0.1855  kl_loss=0.0000 (disabled)  score=0.894  return=0.736  role_std=6.6045  role_norm=43.6173  enc_delta ego=0.0019 partner=0.0019 road=0.0029
[ROMA step 4,831,838,208] sps=297,895  policy_loss=-0.0009  value_loss=0.1976  mi_loss=0.0012  mi_valid=0.76  div_loss=-0.1621  kl_loss=0.0000 (disabled)  score=0.894  return=0.735  role_std=6.9523  role_norm=43.1601  enc_delta ego=0.0022 partner=0.0021 road=0.0030
[ROMA step 4,832,624,640] sps=297,741  policy_loss=0.0052  value_loss=0.1797  mi_loss=0.0012  mi_valid=0.76  div_loss=-0.1631  kl_loss=0.0000 (disabled)  score=0.894  return=0.734  role_std=6.7589  role_norm=42.4970  enc_delta ego=0.0023 partner=0.0019 road=0.0027
[ROMA step 4,833,411,072] sps=297,583  policy_loss=-0.0048  value_loss=0.1456  mi_loss=0.0012  mi_valid=0.75  div_loss=-0.1709  kl_loss=0.0000 (disabled)  score=0.894  return=0.732  role_std=7.1481  role_norm=41.5975  enc_delta ego=0.0022 partner=0.0020 road=0.0027
[ROMA step 4,834,197,504] sps=297,173  policy_loss=0.0043  value_loss=0.2544  mi_loss=0.0012  mi_valid=0.75  div_loss=-0.1670  kl_loss=0.0000 (disabled)  score=0.894  return=0.729  role_std=6.4724  role_norm=43.9234  enc_delta ego=0.0027 partner=0.0024 road=0.0033
[ROMA step 4,834,983,936] sps=297,026  policy_loss=-0.0014  value_loss=0.2048  mi_loss=0.0011  mi_valid=0.77  div_loss=-0.1689  kl_loss=0.0000 (disabled)  score=0.895  return=0.730  role_std=7.0134  role_norm=43.5395  enc_delta ego=0.0019 partner=0.0023 road=0.0037
[ROMA step 4,835,770,368] sps=296,884  policy_loss=-0.0015  value_loss=0.1999  mi_loss=0.0012  mi_valid=0.76  div_loss=-0.1709  kl_loss=0.0000 (disabled)  score=0.895  return=0.727  role_std=6.6036  role_norm=42.9826  enc_delta ego=0.0028 partner=0.0024 road=0.0039
[ROMA step 4,836,556,800] sps=296,500  policy_loss=-0.0052  value_loss=0.1857  mi_loss=0.0012  mi_valid=0.73  div_loss=-0.1758  kl_loss=0.0000 (disabled)  score=0.895  return=0.727  role_std=7.4215  role_norm=41.7476  enc_delta ego=0.0024 partner=0.0022 road=0.0036
[ROMA step 4,837,343,232] sps=296,354  policy_loss=-0.0050  value_loss=0.2024  mi_loss=0.0012  mi_valid=0.75  div_loss=-0.1768  kl_loss=0.0000 (disabled)  score=0.895  return=0.726  role_std=8.3239  role_norm=41.4054  enc_delta ego=0.0016 partner=0.0022 road=0.0033
[ROMA step 4,838,129,664] sps=296,211  policy_loss=-0.0048  value_loss=0.1994  mi_loss=0.0012  mi_valid=0.75  div_loss=-0.1689  kl_loss=0.0000 (disabled)  score=0.895  return=0.724  role_std=8.1362  role_norm=41.2129  enc_delta ego=0.0018 partner=0.0020 road=0.0030
[ROMA step 4,838,916,096] sps=296,064  policy_loss=0.0001  value_loss=0.2139  mi_loss=0.0013  mi_valid=0.76  div_loss=-0.1748  kl_loss=0.0000 (disabled)  score=0.895  return=0.723  role_std=6.7131  role_norm=43.8985  enc_delta ego=0.0013 partner=0.0017 road=0.0026
[ROMA step 4,839,702,528] sps=295,679  policy_loss=0.0048  value_loss=0.2706  mi_loss=0.0013  mi_valid=0.74  div_loss=-0.1748  kl_loss=0.0000 (disabled)  score=0.896  return=0.722  role_std=6.7498  role_norm=43.0493  enc_delta ego=0.0019 partner=0.0023 road=0.0029
[ROMA step 4,840,488,960] sps=295,516  policy_loss=0.0026  value_loss=0.1618  mi_loss=0.0012  mi_valid=0.75  div_loss=-0.1660  kl_loss=0.0000 (disabled)  score=0.896  return=0.723  role_std=7.1165  role_norm=42.3864  enc_delta ego=0.0021 partner=0.0021 road=0.0034
[ROMA step 4,841,275,392] sps=295,372  policy_loss=0.0084  value_loss=0.1948  mi_loss=0.0012  mi_valid=0.75  div_loss=-0.1807  kl_loss=0.0000 (disabled)  score=0.897  return=0.724  role_std=7.2429  role_norm=41.7786  enc_delta ego=0.0022 partner=0.0022 road=0.0036
[ROMA step 4,842,061,824] sps=294,992  policy_loss=-0.0070  value_loss=0.1515  mi_loss=0.0012  mi_valid=0.73  div_loss=-0.1826  kl_loss=0.0000 (disabled)  score=0.897  return=0.725  role_std=9.0986  role_norm=39.6036  enc_delta ego=0.0018 partner=0.0020 road=0.0034
[ROMA step 4,842,848,256] sps=294,845  policy_loss=0.0013  value_loss=0.2475  mi_loss=0.0012  mi_valid=0.76  div_loss=-0.1895  kl_loss=0.0000 (disabled)  score=0.898  return=0.724  role_std=6.7370  role_norm=43.3255  enc_delta ego=0.0020 partner=0.0021 road=0.0034
[ROMA step 4,843,634,688] sps=294,692  policy_loss=0.0009  value_loss=0.1478  mi_loss=0.0012  mi_valid=0.76  div_loss=-0.1787  kl_loss=0.0000 (disabled)  score=0.899  return=0.726  role_std=7.0048  role_norm=43.0131  enc_delta ego=0.0030 partner=0.0022 road=0.0034
[ROMA step 4,844,421,120] sps=294,532  policy_loss=-0.0024  value_loss=0.2024  mi_loss=0.0012  mi_valid=0.75  div_loss=-0.1816  kl_loss=0.0000 (disabled)  score=0.901  return=0.726  role_std=6.9795  role_norm=42.2191  enc_delta ego=0.0018 partner=0.0024 road=0.0025
[ROMA step 4,845,207,552] sps=294,160  policy_loss=-0.0026  value_loss=0.2124  mi_loss=0.0012  mi_valid=0.73  div_loss=-0.1758  kl_loss=0.0000 (disabled)  score=0.901  return=0.730  role_std=7.3971  role_norm=41.8479  enc_delta ego=0.0019 partner=0.0020 road=0.0034
[ROMA step 4,845,993,984] sps=294,014  policy_loss=0.0040  value_loss=0.1951  mi_loss=0.0012  mi_valid=0.75  div_loss=-0.1709  kl_loss=0.0000 (disabled)  score=0.902  return=0.733  role_std=7.5345  role_norm=41.4472  enc_delta ego=0.0014 partner=0.0015 road=0.0026
[ROMA step 4,846,780,416] sps=293,856  policy_loss=-0.0016  value_loss=0.2059  mi_loss=0.0011  mi_valid=0.75  div_loss=-0.1777  kl_loss=0.0000 (disabled)  score=0.902  return=0.733  role_std=7.4359  role_norm=41.3111  enc_delta ego=0.0020 partner=0.0019 road=0.0031
[ROMA step 4,847,566,848] sps=293,711  policy_loss=0.0011  value_loss=0.1192  mi_loss=0.0011  mi_valid=0.77  div_loss=-0.1689  kl_loss=0.0000 (disabled)  score=0.902  return=0.735  role_std=6.7273  role_norm=43.4047  enc_delta ego=0.0015 partner=0.0016 road=0.0028
[ROMA step 4,848,353,280] sps=293,322  policy_loss=-0.0006  value_loss=0.1544  mi_loss=0.0011  mi_valid=0.75  div_loss=-0.1729  kl_loss=0.0000 (disabled)  score=0.903  return=0.737  role_std=6.7894  role_norm=42.5503  enc_delta ego=0.0019 partner=0.0026 road=0.0038
[ROMA step 4,849,139,712] sps=293,171  policy_loss=0.0045  value_loss=0.1690  mi_loss=0.0011  mi_valid=0.76  div_loss=-0.1807  kl_loss=0.0000 (disabled)  score=0.903  return=0.738  role_std=7.3683  role_norm=41.7680  enc_delta ego=0.0022 partner=0.0022 road=0.0027
[ROMA step 4,849,926,144] sps=293,023  policy_loss=0.0030  value_loss=0.1579  mi_loss=0.0011  mi_valid=0.76  div_loss=-0.1748  kl_loss=0.0000 (disabled)  score=0.903  return=0.737  role_std=7.6825  role_norm=41.0385  enc_delta ego=0.0017 partner=0.0018 road=0.0028
[ROMA step 4,850,712,576] sps=292,650  policy_loss=0.0014  value_loss=0.1705  mi_loss=0.0011  mi_valid=0.74  div_loss=-0.1768  kl_loss=0.0000 (disabled)  score=0.902  return=0.735  role_std=8.2120  role_norm=39.8760  enc_delta ego=0.0018 partner=0.0020 road=0.0026
[ROMA step 4,851,499,008] sps=292,498  policy_loss=-0.0003  value_loss=0.1493  mi_loss=0.0012  mi_valid=0.77  div_loss=-0.1777  kl_loss=0.0000 (disabled)  score=0.902  return=0.734  role_std=6.5987  role_norm=43.4770  enc_delta ego=0.0019 partner=0.0019 road=0.0027
[ROMA step 4,852,285,440] sps=292,348  policy_loss=0.0004  value_loss=0.1363  mi_loss=0.0011  mi_valid=0.76  div_loss=-0.1758  kl_loss=0.0000 (disabled)  score=0.901  return=0.734  role_std=6.9369  role_norm=43.0343  enc_delta ego=0.0017 partner=0.0020 road=0.0026
[ROMA step 4,853,071,872] sps=292,193  policy_loss=-0.0029  value_loss=0.2279  mi_loss=0.0012  mi_valid=0.76  div_loss=-0.1826  kl_loss=0.0000 (disabled)  score=0.901  return=0.733  role_std=7.2386  role_norm=42.5343  enc_delta ego=0.0015 partner=0.0020 road=0.0030
[ROMA step 4,853,858,304] sps=291,773  policy_loss=0.0010  value_loss=0.3541  mi_loss=0.0011  mi_valid=0.74  div_loss=-0.1875  kl_loss=0.0000 (disabled)  score=0.901  return=0.730  role_std=8.1103  role_norm=41.5917  enc_delta ego=0.0040 partner=0.0031 road=0.0043
[ROMA step 4,854,644,736] sps=291,618  policy_loss=-0.0002  value_loss=0.2664  mi_loss=0.0012  mi_valid=0.76  div_loss=-0.1826  kl_loss=0.0000 (disabled)  score=0.900  return=0.728  role_std=7.5328  role_norm=41.6353  enc_delta ego=0.0022 partner=0.0028 road=0.0043
[ROMA step 4,855,431,168] sps=291,464  policy_loss=-0.0014  value_loss=0.2090  mi_loss=0.0012  mi_valid=0.77  div_loss=-0.1777  kl_loss=0.0000 (disabled)  score=0.899  return=0.727  role_std=7.8088  role_norm=41.4657  enc_delta ego=0.0026 partner=0.0021 road=0.0026
[ROMA step 4,856,217,600] sps=291,090  policy_loss=0.0080  value_loss=0.3591  mi_loss=0.0012  mi_valid=0.75  div_loss=-0.1885  kl_loss=0.0000 (disabled)  score=0.898  return=0.726  role_std=7.5572  role_norm=44.4799  enc_delta ego=0.0019 partner=0.0017 road=0.0024
[ROMA step 4,857,004,032] sps=290,956  policy_loss=0.0025  value_loss=0.3600  mi_loss=0.0012  mi_valid=0.75  div_loss=-0.1943  kl_loss=0.0000 (disabled)  score=0.897  return=0.724  role_std=8.2243  role_norm=43.5253  enc_delta ego=0.0016 partner=0.0021 road=0.0029
[ROMA step 4,857,790,464] sps=290,819  policy_loss=-0.0051  value_loss=0.2462  mi_loss=0.0012  mi_valid=0.75  div_loss=-0.1846  kl_loss=0.0000 (disabled)  score=0.896  return=0.723  role_std=7.7959  role_norm=42.8887  enc_delta ego=0.0017 partner=0.0016 road=0.0023
[ROMA step 4,858,576,896] sps=290,682  policy_loss=-0.0006  value_loss=0.2811  mi_loss=0.0011  mi_valid=0.75  div_loss=-0.1855  kl_loss=0.0000 (disabled)  score=0.896  return=0.724  role_std=9.0037  role_norm=42.7163  enc_delta ego=0.0019 partner=0.0019 road=0.0024
[ROMA step 4,859,363,328] sps=290,298  policy_loss=-0.0043  value_loss=0.2186  mi_loss=0.0011  mi_valid=0.75  div_loss=-0.1689  kl_loss=0.0000 (disabled)  score=0.896  return=0.722  role_std=7.3912  role_norm=41.5496  enc_delta ego=0.0031 partner=0.0028 road=0.0035
[ROMA step 4,860,149,760] sps=290,154  policy_loss=0.0002  value_loss=0.1850  mi_loss=0.0012  mi_valid=0.78  div_loss=-0.1592  kl_loss=0.0000 (disabled)  score=0.896  return=0.721  role_std=6.6532  role_norm=44.4484  enc_delta ego=0.0017 partner=0.0022 road=0.0031
[ROMA step 4,860,936,192] sps=290,012  policy_loss=-0.0026  value_loss=0.2541  mi_loss=0.0010  mi_valid=0.77  div_loss=-0.1709  kl_loss=0.0000 (disabled)  score=0.895  return=0.719  role_std=7.3282  role_norm=44.2701  enc_delta ego=0.0014 partner=0.0020 road=0.0027
[ROMA step 4,861,722,624] sps=289,632  policy_loss=0.0020  value_loss=0.2387  mi_loss=0.0011  mi_valid=0.74  div_loss=-0.1768  kl_loss=0.0000 (disabled)  score=0.895  return=0.719  role_std=7.3728  role_norm=43.5977  enc_delta ego=0.0020 partner=0.0023 road=0.0034
[ROMA step 4,862,509,056] sps=289,490  policy_loss=-0.0012  value_loss=0.2488  mi_loss=0.0011  mi_valid=0.76  div_loss=-0.1709  kl_loss=0.0000 (disabled)  score=0.894  return=0.715  role_std=7.5325  role_norm=42.7679  enc_delta ego=0.0022 partner=0.0022 road=0.0037
[ROMA step 4,863,295,488] sps=289,346  policy_loss=0.0015  value_loss=0.2364  mi_loss=0.0011  mi_valid=0.76  div_loss=-0.1807  kl_loss=0.0000 (disabled)  score=0.893  return=0.713  role_std=8.2160  role_norm=41.6861  enc_delta ego=0.0019 partner=0.0025 road=0.0037
[ROMA step 4,864,081,920] sps=289,212  policy_loss=0.0037  value_loss=0.3603  mi_loss=0.0011  mi_valid=0.78  div_loss=-0.1885  kl_loss=0.0000 (disabled)  score=0.892  return=0.710  role_std=7.4454  role_norm=44.0017  enc_delta ego=0.0021 partner=0.0023 road=0.0034
[ROMA step 4,864,868,352] sps=288,853  policy_loss=0.0070  value_loss=0.3918  mi_loss=0.0011  mi_valid=0.75  div_loss=-0.1982  kl_loss=0.0000 (disabled)  score=0.892  return=0.708  role_std=7.8050  role_norm=43.7588  enc_delta ego=0.0022 partner=0.0023 road=0.0038
[ROMA step 4,865,654,784] sps=288,706  policy_loss=0.0011  value_loss=0.3224  mi_loss=0.0011  mi_valid=0.76  div_loss=-0.1885  kl_loss=0.0000 (disabled)  score=0.891  return=0.705  role_std=7.9749  role_norm=43.5237  enc_delta ego=0.0020 partner=0.0025 road=0.0037
[ROMA step 4,866,441,216] sps=288,559  policy_loss=-0.0077  value_loss=0.2269  mi_loss=0.0012  mi_valid=0.76  div_loss=-0.1875  kl_loss=0.0000 (disabled)  score=0.890  return=0.703  role_std=7.6918  role_norm=42.9853  enc_delta ego=0.0019 partner=0.0026 road=0.0040
[ROMA step 4,867,227,648] sps=288,148  policy_loss=0.0049  value_loss=0.1943  mi_loss=0.0011  mi_valid=0.73  div_loss=-0.1797  kl_loss=0.0000 (disabled)  score=0.888  return=0.699  role_std=8.7293  role_norm=40.5431  enc_delta ego=0.0014 partner=0.0019 road=0.0030
[ROMA step 4,868,014,080] sps=288,008  policy_loss=-0.0007  value_loss=0.1917  mi_loss=0.0012  mi_valid=0.77  div_loss=-0.1650  kl_loss=0.0000 (disabled)  score=0.888  return=0.697  role_std=6.0556  role_norm=44.5510  enc_delta ego=0.0032 partner=0.0022 road=0.0028
[ROMA step 4,868,800,512] sps=287,861  policy_loss=-0.0008  value_loss=0.1616  mi_loss=0.0013  mi_valid=0.76  div_loss=-0.1660  kl_loss=0.0000 (disabled)  score=0.888  return=0.697  role_std=6.4422  role_norm=44.5142  enc_delta ego=0.0037 partner=0.0017 road=0.0025
[ROMA step 4,869,586,944] sps=287,720  policy_loss=-0.0044  value_loss=0.1513  mi_loss=0.0012  mi_valid=0.75  div_loss=-0.1689  kl_loss=0.0000 (disabled)  score=0.888  return=0.696  role_std=6.8024  role_norm=44.0318  enc_delta ego=0.0026 partner=0.0020 road=0.0025
[ROMA step 4,870,373,376] sps=287,334  policy_loss=-0.0024  value_loss=0.3173  mi_loss=0.0012  mi_valid=0.73  div_loss=-0.1729  kl_loss=0.0000 (disabled)  score=0.887  return=0.696  role_std=7.8687  role_norm=42.5677  enc_delta ego=0.0032 partner=0.0021 road=0.0029
[ROMA step 4,871,159,808] sps=287,189  policy_loss=-0.0037  value_loss=0.2022  mi_loss=0.0011  mi_valid=0.75  div_loss=-0.1650  kl_loss=0.0000 (disabled)  score=0.886  return=0.692  role_std=7.4284  role_norm=42.2529  enc_delta ego=0.0015 partner=0.0023 road=0.0032
[ROMA step 4,871,946,240] sps=287,044  policy_loss=-0.0003  value_loss=0.1611  mi_loss=0.0011  mi_valid=0.75  div_loss=-0.1611  kl_loss=0.0000 (disabled)  score=0.885  return=0.690  role_std=7.8040  role_norm=41.8369  enc_delta ego=0.0014 partner=0.0021 road=0.0029
[ROMA step 4,872,732,672] sps=286,894  policy_loss=-0.0020  value_loss=0.1887  mi_loss=0.0010  mi_valid=0.77  div_loss=-0.1748  kl_loss=0.0000 (disabled)  score=0.885  return=0.689  role_std=6.5287  role_norm=44.4718  enc_delta ego=0.0023 partner=0.0022 road=0.0032
[ROMA step 4,873,519,104] sps=286,528  policy_loss=-0.0018  value_loss=0.1759  mi_loss=0.0012  mi_valid=0.75  div_loss=-0.1748  kl_loss=0.0000 (disabled)  score=0.884  return=0.688  role_std=6.9601  role_norm=43.9905  enc_delta ego=0.0021 partner=0.0025 road=0.0036
[ROMA step 4,874,305,536] sps=286,396  policy_loss=0.0082  value_loss=0.2199  mi_loss=0.0012  mi_valid=0.76  div_loss=-0.1670  kl_loss=0.0000 (disabled)  score=0.883  return=0.686  role_std=7.6981  role_norm=43.2074  enc_delta ego=0.0025 partner=0.0025 road=0.0033
[ROMA step 4,875,091,968] sps=286,265  policy_loss=-0.0014  value_loss=0.1968  mi_loss=0.0012  mi_valid=0.76  div_loss=-0.1709  kl_loss=0.0000 (disabled)  score=0.882  return=0.685  role_std=7.5457  role_norm=42.4298  enc_delta ego=0.0019 partner=0.0019 road=0.0029
[ROMA step 4,875,878,400] sps=285,897  policy_loss=-0.0018  value_loss=0.2170  mi_loss=0.0013  mi_valid=0.74  div_loss=-0.1689  kl_loss=0.0000 (disabled)  score=0.882  return=0.683  role_std=8.0315  role_norm=40.9159  enc_delta ego=0.0020 partner=0.0018 road=0.0032
[ROMA step 4,876,664,832] sps=285,766  policy_loss=-0.0011  value_loss=0.2379  mi_loss=0.0013  mi_valid=0.77  div_loss=-0.1689  kl_loss=0.0000 (disabled)  score=0.882  return=0.682  role_std=6.6445  role_norm=45.0427  enc_delta ego=0.0021 partner=0.0019 road=0.0033
[ROMA step 4,877,451,264] sps=285,637  policy_loss=0.0015  value_loss=0.1912  mi_loss=0.0013  mi_valid=0.76  div_loss=-0.1689  kl_loss=0.0000 (disabled)  score=0.882  return=0.681  role_std=6.6899  role_norm=44.9219  enc_delta ego=0.0022 partner=0.0025 road=0.0035
[ROMA step 4,878,237,696] sps=285,507  policy_loss=-0.0034  value_loss=0.2589  mi_loss=0.0013  mi_valid=0.76  div_loss=-0.1660  kl_loss=0.0000 (disabled)  score=0.883  return=0.680  role_std=7.0486  role_norm=44.3769  enc_delta ego=0.0022 partner=0.0022 road=0.0027
[ROMA step 4,879,024,128] sps=285,154  policy_loss=-0.0009  value_loss=0.2695  mi_loss=0.0014  mi_valid=0.74  div_loss=-0.1660  kl_loss=0.0000 (disabled)  score=0.882  return=0.679  role_std=7.3658  role_norm=44.0571  enc_delta ego=0.0021 partner=0.0029 road=0.0042
[ROMA step 4,879,810,560] sps=285,020  policy_loss=0.0023  value_loss=0.1741  mi_loss=0.0013  mi_valid=0.75  div_loss=-0.1650  kl_loss=0.0000 (disabled)  score=0.882  return=0.677  role_std=7.4061  role_norm=43.0832  enc_delta ego=0.0020 partner=0.0018 road=0.0027
[ROMA step 4,880,596,992] sps=284,880  policy_loss=-0.0008  value_loss=0.1462  mi_loss=0.0013  mi_valid=0.76  div_loss=-0.1689  kl_loss=0.0000 (disabled)  score=0.881  return=0.677  role_std=7.9939  role_norm=42.3793  enc_delta ego=0.0019 partner=0.0017 road=0.0024
[ROMA step 4,881,383,424] sps=284,516  policy_loss=-0.0057  value_loss=0.1864  mi_loss=0.0013  mi_valid=0.75  div_loss=-0.1670  kl_loss=0.0000 (disabled)  score=0.881  return=0.679  role_std=6.4042  role_norm=45.5709  enc_delta ego=0.0015 partner=0.0021 road=0.0027
[ROMA step 4,882,169,856] sps=284,377  policy_loss=-0.0001  value_loss=0.2136  mi_loss=0.0013  mi_valid=0.75  div_loss=-0.1689  kl_loss=0.0000 (disabled)  score=0.882  return=0.681  role_std=7.0231  role_norm=44.9172  enc_delta ego=0.0017 partner=0.0021 road=0.0026
[ROMA step 4,882,956,288] sps=284,234  policy_loss=0.0033  value_loss=0.2012  mi_loss=0.0012  mi_valid=0.75  div_loss=-0.1689  kl_loss=0.0000 (disabled)  score=0.883  return=0.682  role_std=7.6220  role_norm=44.1500  enc_delta ego=0.0012 partner=0.0017 road=0.0026
[ROMA step 4,883,742,720] sps=284,100  policy_loss=0.0005  value_loss=0.1451  mi_loss=0.0013  mi_valid=0.75  div_loss=-0.1709  kl_loss=0.0000 (disabled)  score=0.884  return=0.684  role_std=7.7849  role_norm=43.9731  enc_delta ego=0.0018 partner=0.0020 road=0.0029
[ROMA step 4,884,529,152] sps=283,752  policy_loss=-0.0070  value_loss=0.2666  mi_loss=0.0013  mi_valid=0.74  div_loss=-0.1689  kl_loss=0.0000 (disabled)  score=0.885  return=0.687  role_std=7.9787  role_norm=41.7412  enc_delta ego=0.0014 partner=0.0017 road=0.0025
[ROMA step 4,885,315,584] sps=283,618  policy_loss=-0.0087  value_loss=0.1547  mi_loss=0.0013  mi_valid=0.77  div_loss=-0.1582  kl_loss=0.0000 (disabled)  score=0.885  return=0.689  role_std=6.8673  role_norm=45.1040  enc_delta ego=0.0019 partner=0.0018 road=0.0026
[ROMA step 4,886,102,016] sps=283,481  policy_loss=0.0040  value_loss=0.2745  mi_loss=0.0012  mi_valid=0.76  div_loss=-0.1660  kl_loss=0.0000 (disabled)  score=0.885  return=0.689  role_std=6.5802  role_norm=45.4931  enc_delta ego=0.0016 partner=0.0017 road=0.0026
[ROMA step 4,886,888,448] sps=283,098  policy_loss=0.0032  value_loss=0.1763  mi_loss=0.0013  mi_valid=0.74  div_loss=-0.1689  kl_loss=0.0000 (disabled)  score=0.885  return=0.692  role_std=6.7517  role_norm=44.9160  enc_delta ego=0.0018 partner=0.0020 road=0.0030
[ROMA step 4,887,674,880] sps=282,965  policy_loss=-0.0055  value_loss=0.1485  mi_loss=0.0011  mi_valid=0.75  div_loss=-0.1582  kl_loss=0.0000 (disabled)  score=0.885  return=0.692  role_std=7.3247  role_norm=44.2102  enc_delta ego=0.0016 partner=0.0024 road=0.0028
[ROMA step 4,888,461,312] sps=282,825  policy_loss=-0.0022  value_loss=0.1703  mi_loss=0.0011  mi_valid=0.76  div_loss=-0.1611  kl_loss=0.0000 (disabled)  score=0.886  return=0.694  role_std=7.7589  role_norm=43.7134  enc_delta ego=0.0015 partner=0.0023 road=0.0027
[ROMA step 4,889,247,744] sps=282,686  policy_loss=0.0005  value_loss=0.2286  mi_loss=0.0011  mi_valid=0.76  div_loss=-0.1758  kl_loss=0.0000 (disabled)  score=0.887  return=0.695  role_std=7.4787  role_norm=44.7207  enc_delta ego=0.0015 partner=0.0022 road=0.0028
[ROMA step 4,890,034,176] sps=282,324  policy_loss=0.0000  value_loss=0.2275  mi_loss=0.0012  mi_valid=0.75  div_loss=-0.1807  kl_loss=0.0000 (disabled)  score=0.888  return=0.698  role_std=6.7782  role_norm=44.0290  enc_delta ego=0.0024 partner=0.0022 road=0.0030
[ROMA step 4,890,820,608] sps=282,191  policy_loss=0.0025  value_loss=0.2134  mi_loss=0.0012  mi_valid=0.76  div_loss=-0.1768  kl_loss=0.0000 (disabled)  score=0.888  return=0.700  role_std=7.0919  role_norm=43.6118  enc_delta ego=0.0022 partner=0.0021 road=0.0034
[ROMA step 4,891,607,040] sps=282,052  policy_loss=0.0016  value_loss=0.2198  mi_loss=0.0013  mi_valid=0.76  div_loss=-0.1758  kl_loss=0.0000 (disabled)  score=0.888  return=0.703  role_std=8.2455  role_norm=42.7501  enc_delta ego=0.0027 partner=0.0022 road=0.0031
[ROMA step 4,892,393,472] sps=281,692  policy_loss=-0.0068  value_loss=0.1861  mi_loss=0.0012  mi_valid=0.74  div_loss=-0.1787  kl_loss=0.0000 (disabled)  score=0.888  return=0.706  role_std=8.2385  role_norm=40.7106  enc_delta ego=0.0025 partner=0.0020 road=0.0030
[ROMA step 4,893,179,904] sps=281,558  policy_loss=0.0013  value_loss=0.1923  mi_loss=0.0011  mi_valid=0.76  div_loss=-0.1797  kl_loss=0.0000 (disabled)  score=0.890  return=0.711  role_std=6.9688  role_norm=43.9245  enc_delta ego=0.0016 partner=0.0024 road=0.0036
[ROMA step 4,893,966,336] sps=281,418  policy_loss=-0.0022  value_loss=0.1536  mi_loss=0.0011  mi_valid=0.76  div_loss=-0.1758  kl_loss=0.0000 (disabled)  score=0.891  return=0.717  role_std=7.4085  role_norm=43.7904  enc_delta ego=0.0018 partner=0.0023 road=0.0031
[ROMA step 4,894,752,768] sps=281,279  policy_loss=-0.0041  value_loss=0.1828  mi_loss=0.0011  mi_valid=0.75  div_loss=-0.1787  kl_loss=0.0000 (disabled)  score=0.893  return=0.721  role_std=7.7097  role_norm=43.4911  enc_delta ego=0.0017 partner=0.0023 road=0.0027
[ROMA step 4,895,539,200] sps=280,909  policy_loss=-0.0003  value_loss=0.1828  mi_loss=0.0011  mi_valid=0.74  div_loss=-0.1709  kl_loss=0.0000 (disabled)  score=0.893  return=0.721  role_std=7.2606  role_norm=42.8416  enc_delta ego=0.0015 partner=0.0017 road=0.0025
[ROMA step 4,896,325,632] sps=280,781  policy_loss=0.0013  value_loss=0.1905  mi_loss=0.0011  mi_valid=0.76  div_loss=-0.1699  kl_loss=0.0000 (disabled)  score=0.892  return=0.721  role_std=7.5783  role_norm=41.7218  enc_delta ego=0.0014 partner=0.0020 road=0.0028
[ROMA step 4,897,112,064] sps=280,645  policy_loss=-0.0019  value_loss=0.1837  mi_loss=0.0011  mi_valid=0.76  div_loss=-0.1680  kl_loss=0.0000 (disabled)  score=0.891  return=0.720  role_std=7.9126  role_norm=41.0320  enc_delta ego=0.0015 partner=0.0019 road=0.0024
[ROMA step 4,897,898,496] sps=280,510  policy_loss=-0.0024  value_loss=0.1247  mi_loss=0.0012  mi_valid=0.77  div_loss=-0.1611  kl_loss=0.0000 (disabled)  score=0.891  return=0.722  role_std=6.2330  role_norm=44.4796  enc_delta ego=0.0015 partner=0.0016 road=0.0025
[ROMA step 4,898,684,928] sps=280,159  policy_loss=0.0030  value_loss=0.1968  mi_loss=0.0013  mi_valid=0.75  div_loss=-0.1680  kl_loss=0.0000 (disabled)  score=0.891  return=0.725  role_std=7.0947  role_norm=43.4656  enc_delta ego=0.0020 partner=0.0025 road=0.0033
[ROMA step 4,899,471,360] sps=280,032  policy_loss=-0.0039  value_loss=0.1363  mi_loss=0.0013  mi_valid=0.76  div_loss=-0.1631  kl_loss=0.0000 (disabled)  score=0.890  return=0.724  role_std=6.9067  role_norm=43.3019  enc_delta ego=0.0015 partner=0.0015 road=0.0023
[ROMA step 4,900,257,792] sps=279,908  policy_loss=0.0002  value_loss=0.1724  mi_loss=0.0013  mi_valid=0.75  div_loss=-0.1689  kl_loss=0.0000 (disabled)  score=0.890  return=0.724  role_std=7.0228  role_norm=42.9108  enc_delta ego=0.0018 partner=0.0021 road=0.0026
[ROMA step 4,901,044,224] sps=279,554  policy_loss=-0.0008  value_loss=0.1539  mi_loss=0.0013  mi_valid=0.73  div_loss=-0.1680  kl_loss=0.0000 (disabled)  score=0.891  return=0.726  role_std=8.2019  role_norm=40.6342  enc_delta ego=0.0021 partner=0.0018 road=0.0028
[ROMA step 4,901,830,656] sps=279,428  policy_loss=-0.0016  value_loss=0.1814  mi_loss=0.0011  mi_valid=0.77  div_loss=-0.1680  kl_loss=0.0000 (disabled)  score=0.891  return=0.727  role_std=6.5747  role_norm=44.4730  enc_delta ego=0.0023 partner=0.0020 road=0.0029
[ROMA step 4,902,617,088] sps=279,296  policy_loss=-0.0055  value_loss=0.1506  mi_loss=0.0012  mi_valid=0.76  div_loss=-0.1680  kl_loss=0.0000 (disabled)  score=0.892  return=0.728  role_std=6.7500  role_norm=44.0942  enc_delta ego=0.0031 partner=0.0020 road=0.0032
[ROMA step 4,903,403,520] sps=279,163  policy_loss=-0.0032  value_loss=0.1424  mi_loss=0.0012  mi_valid=0.75  div_loss=-0.1650  kl_loss=0.0000 (disabled)  score=0.892  return=0.731  role_std=7.3224  role_norm=43.6735  enc_delta ego=0.0023 partner=0.0019 road=0.0034
[ROMA step 4,904,189,952] sps=278,809  policy_loss=-0.0033  value_loss=0.1974  mi_loss=0.0012  mi_valid=0.74  div_loss=-0.1748  kl_loss=0.0000 (disabled)  score=0.892  return=0.734  role_std=7.8545  role_norm=42.8485  enc_delta ego=0.0019 partner=0.0020 road=0.0032
[ROMA step 4,904,976,384] sps=278,678  policy_loss=-0.0022  value_loss=0.1921  mi_loss=0.0012  mi_valid=0.76  div_loss=-0.1680  kl_loss=0.0000 (disabled)  score=0.893  return=0.735  role_std=7.7617  role_norm=41.9860  enc_delta ego=0.0020 partner=0.0018 road=0.0032
[ROMA step 4,905,762,816] sps=278,540  policy_loss=0.0003  value_loss=0.1376  mi_loss=0.0012  mi_valid=0.76  div_loss=-0.1660  kl_loss=0.0000 (disabled)  score=0.893  return=0.738  role_std=7.6861  role_norm=41.0147  enc_delta ego=0.0021 partner=0.0019 road=0.0031
[ROMA step 4,906,549,248] sps=278,194  policy_loss=-0.0076  value_loss=0.1686  mi_loss=0.0012  mi_valid=0.75  div_loss=-0.1729  kl_loss=0.0000 (disabled)  score=0.894  return=0.740  role_std=6.2967  role_norm=44.4986  enc_delta ego=0.0019 partner=0.0022 road=0.0036
[ROMA step 4,907,335,680] sps=278,065  policy_loss=-0.0076  value_loss=0.1598  mi_loss=0.0012  mi_valid=0.76  div_loss=-0.1689  kl_loss=0.0000 (disabled)  score=0.894  return=0.740  role_std=6.6851  role_norm=43.7641  enc_delta ego=0.0023 partner=0.0021 road=0.0037
[ROMA step 4,908,122,112] sps=277,930  policy_loss=-0.0034  value_loss=0.2165  mi_loss=0.0012  mi_valid=0.76  div_loss=-0.1719  kl_loss=0.0000 (disabled)  score=0.895  return=0.740  role_std=6.8693  role_norm=43.3543  enc_delta ego=0.0022 partner=0.0019 road=0.0030
[ROMA step 4,908,908,544] sps=277,798  policy_loss=-0.0050  value_loss=0.1097  mi_loss=0.0012  mi_valid=0.76  div_loss=-0.1719  kl_loss=0.0000 (disabled)  score=0.895  return=0.740  role_std=7.7831  role_norm=42.5208  enc_delta ego=0.0019 partner=0.0019 road=0.0029
[ROMA step 4,909,694,976] sps=277,459  policy_loss=0.0020  value_loss=0.2341  mi_loss=0.0012  mi_valid=0.74  div_loss=-0.1680  kl_loss=0.0000 (disabled)  score=0.895  return=0.740  role_std=8.3870  role_norm=41.1981  enc_delta ego=0.0030 partner=0.0019 road=0.0034
[ROMA step 4,910,481,408] sps=277,333  policy_loss=0.0009  value_loss=0.1382  mi_loss=0.0013  mi_valid=0.77  div_loss=-0.1660  kl_loss=0.0000 (disabled)  score=0.895  return=0.741  role_std=6.5131  role_norm=45.4920  enc_delta ego=0.0020 partner=0.0020 road=0.0030
[ROMA step 4,911,267,840] sps=277,203  policy_loss=0.0002  value_loss=0.2175  mi_loss=0.0012  mi_valid=0.76  div_loss=-0.1738  kl_loss=0.0000 (disabled)  score=0.894  return=0.741  role_std=6.2619  role_norm=45.0584  enc_delta ego=0.0026 partner=0.0020 road=0.0034
[ROMA step 4,912,054,272] sps=276,880  policy_loss=-0.0027  value_loss=0.2616  mi_loss=0.0013  mi_valid=0.74  div_loss=-0.1875  kl_loss=0.0000 (disabled)  score=0.895  return=0.742  role_std=8.1545  role_norm=43.6896  enc_delta ego=0.0022 partner=0.0021 road=0.0028
[ROMA step 4,912,840,704] sps=276,753  policy_loss=0.0077  value_loss=0.3809  mi_loss=0.0013  mi_valid=0.75  div_loss=-0.1895  kl_loss=0.0000 (disabled)  score=0.895  return=0.738  role_std=8.1199  role_norm=42.8660  enc_delta ego=0.0021 partner=0.0028 road=0.0035
[ROMA step 4,913,627,136] sps=276,627  policy_loss=0.0035  value_loss=0.2780  mi_loss=0.0012  mi_valid=0.75  div_loss=-0.1816  kl_loss=0.0000 (disabled)  score=0.896  return=0.737  role_std=8.2243  role_norm=42.4347  enc_delta ego=0.0016 partner=0.0022 road=0.0029
[ROMA step 4,914,413,568] sps=276,491  policy_loss=-0.0032  value_loss=0.2436  mi_loss=0.0013  mi_valid=0.76  div_loss=-0.1738  kl_loss=0.0000 (disabled)  score=0.896  return=0.737  role_std=8.4082  role_norm=41.8446  enc_delta ego=0.0016 partner=0.0020 road=0.0031
[ROMA step 4,915,200,000] sps=276,137  policy_loss=-0.0017  value_loss=0.2556  mi_loss=0.0012  mi_valid=0.74  div_loss=-0.1895  kl_loss=0.0000 (disabled)  score=0.896  return=0.737  role_std=7.1362  role_norm=44.5318  enc_delta ego=0.0017 partner=0.0022 road=0.0028
[ROMA step 4,915,986,432] sps=276,010  policy_loss=-0.0042  value_loss=0.1427  mi_loss=0.0012  mi_valid=0.75  div_loss=-0.1807  kl_loss=0.0000 (disabled)  score=0.897  return=0.738  role_std=7.6859  role_norm=43.8488  enc_delta ego=0.0021 partner=0.0032 road=0.0033
[ROMA step 4,916,772,864] sps=275,887  policy_loss=-0.0022  value_loss=0.1583  mi_loss=0.0013  mi_valid=0.75  div_loss=-0.1768  kl_loss=0.0000 (disabled)  score=0.896  return=0.740  role_std=7.7988  role_norm=43.2283  enc_delta ego=0.0021 partner=0.0022 road=0.0033
[ROMA step 4,917,559,296] sps=275,564  policy_loss=-0.0060  value_loss=0.1170  mi_loss=0.0013  mi_valid=0.73  div_loss=-0.1699  kl_loss=0.0000 (disabled)  score=0.897  return=0.742  role_std=9.0256  role_norm=41.4000  enc_delta ego=0.0017 partner=0.0018 road=0.0023
[ROMA step 4,918,345,728] sps=275,434  policy_loss=-0.0022  value_loss=0.2033  mi_loss=0.0012  mi_valid=0.77  div_loss=-0.1826  kl_loss=0.0000 (disabled)  score=0.898  return=0.741  role_std=7.9812  role_norm=42.1095  enc_delta ego=0.0021 partner=0.0023 road=0.0033
[ROMA step 4,919,132,160] sps=275,312  policy_loss=0.0034  value_loss=0.1865  mi_loss=0.0012  mi_valid=0.77  div_loss=-0.1777  kl_loss=0.0000 (disabled)  score=0.899  return=0.741  role_std=6.7602  role_norm=45.0197  enc_delta ego=0.0015 partner=0.0015 road=0.0021
[ROMA step 4,919,918,592] sps=275,184  policy_loss=0.0026  value_loss=0.2574  mi_loss=0.0012  mi_valid=0.76  div_loss=-0.1846  kl_loss=0.0000 (disabled)  score=0.900  return=0.741  role_std=7.6110  role_norm=44.6577  enc_delta ego=0.0024 partner=0.0020 road=0.0029
[ROMA step 4,920,705,024] sps=274,839  policy_loss=-0.0052  value_loss=0.1820  mi_loss=0.0012  mi_valid=0.74  div_loss=-0.1768  kl_loss=0.0000 (disabled)  score=0.900  return=0.740  role_std=7.2736  role_norm=43.9403  enc_delta ego=0.0022 partner=0.0024 road=0.0032
[ROMA step 4,921,491,456] sps=274,722  policy_loss=-0.0013  value_loss=0.1624  mi_loss=0.0011  mi_valid=0.75  div_loss=-0.1602  kl_loss=0.0000 (disabled)  score=0.899  return=0.739  role_std=7.2989  role_norm=42.7217  enc_delta ego=0.0016 partner=0.0022 road=0.0029
[ROMA step 4,922,277,888] sps=274,603  policy_loss=0.0031  value_loss=0.1466  mi_loss=0.0011  mi_valid=0.75  div_loss=-0.1494  kl_loss=0.0000 (disabled)  score=0.899  return=0.740  role_std=7.3218  role_norm=42.7057  enc_delta ego=0.0018 partner=0.0019 road=0.0027
[ROMA step 4,923,064,320] sps=274,481  policy_loss=0.0012  value_loss=0.1493  mi_loss=0.0011  mi_valid=0.76  div_loss=-0.1514  kl_loss=0.0000 (disabled)  score=0.899  return=0.742  role_std=6.1240  role_norm=44.5489  enc_delta ego=0.0017 partner=0.0020 road=0.0031
[ROMA step 4,923,850,752] sps=274,108  policy_loss=-0.0035  value_loss=0.1894  mi_loss=0.0012  mi_valid=0.74  div_loss=-0.1631  kl_loss=0.0000 (disabled)  score=0.900  return=0.743  role_std=6.6634  role_norm=44.8224  enc_delta ego=0.0018 partner=0.0018 road=0.0033
[ROMA step 4,924,637,184] sps=273,995  policy_loss=0.0088  value_loss=0.2854  mi_loss=0.0012  mi_valid=0.75  div_loss=-0.1680  kl_loss=0.0000 (disabled)  score=0.901  return=0.743  role_std=7.0818  role_norm=44.3953  enc_delta ego=0.0014 partner=0.0021 road=0.0032
[ROMA step 4,925,423,616] sps=273,877  policy_loss=-0.0057  value_loss=0.1755  mi_loss=0.0012  mi_valid=0.75  div_loss=-0.1699  kl_loss=0.0000 (disabled)  score=0.902  return=0.743  role_std=7.2165  role_norm=43.7718  enc_delta ego=0.0021 partner=0.0022 road=0.0035
[ROMA step 4,926,210,048] sps=273,499  policy_loss=-0.0037  value_loss=0.1525  mi_loss=0.0011  mi_valid=0.73  div_loss=-0.1680  kl_loss=0.0000 (disabled)  score=0.902  return=0.743  role_std=7.4596  role_norm=41.7028  enc_delta ego=0.0020 partner=0.0019 road=0.0030
[ROMA step 4,926,996,480] sps=273,382  policy_loss=-0.0001  value_loss=0.1859  mi_loss=0.0010  mi_valid=0.77  div_loss=-0.1650  kl_loss=0.0000 (disabled)  score=0.903  return=0.744  role_std=6.2427  role_norm=44.7989  enc_delta ego=0.0018 partner=0.0025 road=0.0035
[ROMA step 4,927,782,912] sps=273,252  policy_loss=-0.0018  value_loss=0.1749  mi_loss=0.0011  mi_valid=0.76  div_loss=-0.1719  kl_loss=0.0000 (disabled)  score=0.904  return=0.745  role_std=6.6224  role_norm=45.1742  enc_delta ego=0.0019 partner=0.0019 road=0.0030
[ROMA step 4,928,569,344] sps=273,127  policy_loss=-0.0015  value_loss=0.1760  mi_loss=0.0011  mi_valid=0.75  div_loss=-0.1689  kl_loss=0.0000 (disabled)  score=0.905  return=0.747  role_std=6.8883  role_norm=44.6658  enc_delta ego=0.0016 partner=0.0022 road=0.0030
[ROMA step 4,929,355,776] sps=272,751  policy_loss=-0.0048  value_loss=0.2675  mi_loss=0.0013  mi_valid=0.73  div_loss=-0.1807  kl_loss=0.0000 (disabled)  score=0.904  return=0.745  role_std=8.0683  role_norm=43.3571  enc_delta ego=0.0037 partner=0.0029 road=0.0037
[ROMA step 4,930,142,208] sps=272,637  policy_loss=-0.0044  value_loss=0.2262  mi_loss=0.0013  mi_valid=0.76  div_loss=-0.1680  kl_loss=0.0000 (disabled)  score=0.904  return=0.742  role_std=7.9673  role_norm=43.4214  enc_delta ego=0.0023 partner=0.0022 road=0.0034
[ROMA step 4,930,928,640] sps=272,521  policy_loss=0.0040  value_loss=0.1481  mi_loss=0.0013  mi_valid=0.76  div_loss=-0.1670  kl_loss=0.0000 (disabled)  score=0.903  return=0.740  role_std=8.5788  role_norm=42.5617  enc_delta ego=0.0022 partner=0.0018 road=0.0031
[ROMA step 4,931,715,072] sps=272,184  policy_loss=0.0024  value_loss=0.2042  mi_loss=0.0014  mi_valid=0.75  div_loss=-0.1709  kl_loss=0.0000 (disabled)  score=0.903  return=0.739  role_std=6.0538  role_norm=46.6017  enc_delta ego=0.0032 partner=0.0021 road=0.0028
[ROMA step 4,932,501,504] sps=272,071  policy_loss=0.0106  value_loss=0.2189  mi_loss=0.0013  mi_valid=0.75  div_loss=-0.1631  kl_loss=0.0000 (disabled)  score=0.903  return=0.740  role_std=6.9419  role_norm=46.2870  enc_delta ego=0.0037 partner=0.0030 road=0.0036
[ROMA step 4,933,287,936] sps=271,957  policy_loss=-0.0076  value_loss=0.1773  mi_loss=0.0012  mi_valid=0.75  div_loss=-0.1631  kl_loss=0.0000 (disabled)  score=0.903  return=0.740  role_std=7.3958  role_norm=45.5648  enc_delta ego=0.0017 partner=0.0017 road=0.0024
[ROMA step 4,934,074,368] sps=271,840  policy_loss=0.0001  value_loss=0.1187  mi_loss=0.0013  mi_valid=0.74  div_loss=-0.1631  kl_loss=0.0000 (disabled)  score=0.903  return=0.740  role_std=7.9534  role_norm=44.8007  enc_delta ego=0.0026 partner=0.0022 road=0.0033
[ROMA step 4,934,860,800] sps=271,468  policy_loss=-0.0068  value_loss=0.2122  mi_loss=0.0012  mi_valid=0.73  div_loss=-0.1670  kl_loss=0.0000 (disabled)  score=0.902  return=0.739  role_std=8.0334  role_norm=42.6009  enc_delta ego=0.0023 partner=0.0018 road=0.0031
[ROMA step 4,935,647,232] sps=271,347  policy_loss=-0.0054  value_loss=0.1772  mi_loss=0.0012  mi_valid=0.77  div_loss=-0.1621  kl_loss=0.0000 (disabled)  score=0.902  return=0.739  role_std=6.0197  role_norm=46.5103  enc_delta ego=0.0015 partner=0.0019 road=0.0034
[ROMA step 4,936,433,664] sps=271,233  policy_loss=-0.0021  value_loss=0.1834  mi_loss=0.0012  mi_valid=0.76  div_loss=-0.1660  kl_loss=0.0000 (disabled)  score=0.902  return=0.740  role_std=6.6315  role_norm=45.9691  enc_delta ego=0.0019 partner=0.0022 road=0.0034
[ROMA step 4,937,220,096] sps=270,866  policy_loss=0.0034  value_loss=0.1918  mi_loss=0.0013  mi_valid=0.73  div_loss=-0.1758  kl_loss=0.0000 (disabled)  score=0.902  return=0.741  role_std=7.2246  role_norm=44.7321  enc_delta ego=0.0031 partner=0.0017 road=0.0025
[ROMA step 4,938,006,528] sps=270,737  policy_loss=0.0019  value_loss=0.2301  mi_loss=0.0013  mi_valid=0.76  div_loss=-0.1729  kl_loss=0.0000 (disabled)  score=0.902  return=0.738  role_std=8.2741  role_norm=43.8757  enc_delta ego=0.0021 partner=0.0022 road=0.0029
[ROMA step 4,938,792,960] sps=270,622  policy_loss=-0.0001  value_loss=0.2260  mi_loss=0.0012  mi_valid=0.76  div_loss=-0.1797  kl_loss=0.0000 (disabled)  score=0.902  return=0.735  role_std=8.4448  role_norm=43.2163  enc_delta ego=0.0018 partner=0.0027 road=0.0029
[ROMA step 4,939,579,392] sps=270,496  policy_loss=-0.0017  value_loss=0.1789  mi_loss=0.0012  mi_valid=0.77  div_loss=-0.1787  kl_loss=0.0000 (disabled)  score=0.901  return=0.732  role_std=8.5942  role_norm=41.8734  enc_delta ego=0.0016 partner=0.0019 road=0.0024
[ROMA step 4,940,365,824] sps=270,150  policy_loss=0.0026  value_loss=0.1947  mi_loss=0.0011  mi_valid=0.75  div_loss=-0.1738  kl_loss=0.0000 (disabled)  score=0.901  return=0.734  role_std=6.7999  role_norm=44.9821  enc_delta ego=0.0018 partner=0.0020 road=0.0029
[ROMA step 4,941,152,256] sps=270,032  policy_loss=0.0013  value_loss=0.2272  mi_loss=0.0012  mi_valid=0.76  div_loss=-0.1641  kl_loss=0.0000 (disabled)  score=0.900  return=0.737  role_std=6.9081  role_norm=44.4290  enc_delta ego=0.0017 partner=0.0021 road=0.0032
[ROMA step 4,941,938,688] sps=269,912  policy_loss=-0.0022  value_loss=0.1910  mi_loss=0.0012  mi_valid=0.75  div_loss=-0.1602  kl_loss=0.0000 (disabled)  score=0.900  return=0.738  role_std=7.3234  role_norm=44.5448  enc_delta ego=0.0017 partner=0.0021 road=0.0038
[ROMA step 4,942,725,120] sps=269,547  policy_loss=-0.0006  value_loss=0.1798  mi_loss=0.0012  mi_valid=0.73  div_loss=-0.1611  kl_loss=0.0000 (disabled)  score=0.900  return=0.742  role_std=7.7866  role_norm=42.1615  enc_delta ego=0.0015 partner=0.0017 road=0.0027
[ROMA step 4,943,511,552] sps=269,435  policy_loss=-0.0001  value_loss=0.1731  mi_loss=0.0011  mi_valid=0.76  div_loss=-0.1562  kl_loss=0.0000 (disabled)  score=0.899  return=0.740  role_std=7.2684  role_norm=42.4959  enc_delta ego=0.0018 partner=0.0024 road=0.0031
[ROMA step 4,944,297,984] sps=269,321  policy_loss=0.0022  value_loss=0.1616  mi_loss=0.0012  mi_valid=0.76  div_loss=-0.1621  kl_loss=0.0000 (disabled)  score=0.899  return=0.740  role_std=6.2927  role_norm=46.0900  enc_delta ego=0.0021 partner=0.0019 road=0.0030
[ROMA step 4,945,084,416] sps=269,208  policy_loss=-0.0033  value_loss=0.1730  mi_loss=0.0012  mi_valid=0.75  div_loss=-0.1660  kl_loss=0.0000 (disabled)  score=0.900  return=0.738  role_std=6.6300  role_norm=45.8701  enc_delta ego=0.0018 partner=0.0018 road=0.0027
[ROMA step 4,945,870,848] sps=268,821  policy_loss=0.0001  value_loss=0.2648  mi_loss=0.0014  mi_valid=0.73  div_loss=-0.1787  kl_loss=0.0000 (disabled)  score=0.899  return=0.737  role_std=7.7140  role_norm=43.9370  enc_delta ego=0.0023 partner=0.0019 road=0.0028
[ROMA step 4,946,657,280] sps=268,702  policy_loss=-0.0045  value_loss=0.2491  mi_loss=0.0013  mi_valid=0.76  div_loss=-0.1807  kl_loss=0.0000 (disabled)  score=0.899  return=0.735  role_std=8.2698  role_norm=42.7022  enc_delta ego=0.0016 partner=0.0023 road=0.0033
[ROMA step 4,947,443,712] sps=268,590  policy_loss=0.0064  value_loss=0.2500  mi_loss=0.0013  mi_valid=0.76  div_loss=-0.1787  kl_loss=0.0000 (disabled)  score=0.898  return=0.734  role_std=8.4442  role_norm=42.0629  enc_delta ego=0.0013 partner=0.0019 road=0.0029
[ROMA step 4,948,230,144] sps=268,470  policy_loss=-0.0014  value_loss=0.2054  mi_loss=0.0012  mi_valid=0.78  div_loss=-0.1758  kl_loss=0.0000 (disabled)  score=0.896  return=0.732  role_std=6.8570  role_norm=44.7785  enc_delta ego=0.0013 partner=0.0020 road=0.0027
[ROMA step 4,949,016,576] sps=268,108  policy_loss=-0.0053  value_loss=0.1511  mi_loss=0.0012  mi_valid=0.76  div_loss=-0.1680  kl_loss=0.0000 (disabled)  score=0.895  return=0.730  role_std=6.7210  role_norm=44.5849  enc_delta ego=0.0017 partner=0.0020 road=0.0037
[ROMA step 4,949,803,008] sps=267,987  policy_loss=-0.0016  value_loss=0.1298  mi_loss=0.0013  mi_valid=0.76  div_loss=-0.1631  kl_loss=0.0000 (disabled)  score=0.894  return=0.730  role_std=6.5448  role_norm=44.5545  enc_delta ego=0.0013 partner=0.0019 road=0.0028
[ROMA step 4,950,589,440] sps=267,865  policy_loss=0.0002  value_loss=0.1119  mi_loss=0.0013  mi_valid=0.76  div_loss=-0.1650  kl_loss=0.0000 (disabled)  score=0.893  return=0.729  role_std=6.9841  role_norm=43.9934  enc_delta ego=0.0017 partner=0.0016 road=0.0029
[ROMA step 4,951,375,872] sps=267,504  policy_loss=-0.0017  value_loss=0.2019  mi_loss=0.0012  mi_valid=0.73  div_loss=-0.1689  kl_loss=0.0000 (disabled)  score=0.893  return=0.728  role_std=7.8482  role_norm=42.4945  enc_delta ego=0.0013 partner=0.0016 road=0.0028
[ROMA step 4,952,162,304] sps=267,392  policy_loss=0.0023  value_loss=0.1910  mi_loss=0.0011  mi_valid=0.76  div_loss=-0.1748  kl_loss=0.0000 (disabled)  score=0.893  return=0.728  role_std=7.0643  role_norm=44.7855  enc_delta ego=0.0017 partner=0.0020 road=0.0038
[ROMA step 4,952,948,736] sps=267,281  policy_loss=-0.0022  value_loss=0.2122  mi_loss=0.0012  mi_valid=0.76  div_loss=-0.1807  kl_loss=0.0000 (disabled)  score=0.893  return=0.729  role_std=6.8205  role_norm=44.3700  enc_delta ego=0.0020 partner=0.0017 road=0.0031
[ROMA step 4,953,735,168] sps=267,169  policy_loss=-0.0009  value_loss=0.1823  mi_loss=0.0011  mi_valid=0.75  div_loss=-0.1836  kl_loss=0.0000 (disabled)  score=0.893  return=0.731  role_std=7.8788  role_norm=43.7535  enc_delta ego=0.0015 partner=0.0022 road=0.0030
[ROMA step 4,954,521,600] sps=266,844  policy_loss=0.0020  value_loss=0.2135  mi_loss=0.0013  mi_valid=0.74  div_loss=-0.1865  kl_loss=0.0000 (disabled)  score=0.892  return=0.728  role_std=8.0106  role_norm=43.1113  enc_delta ego=0.0017 partner=0.0023 road=0.0033
[ROMA step 4,955,308,032] sps=266,731  policy_loss=0.0059  value_loss=0.2188  mi_loss=0.0012  mi_valid=0.75  div_loss=-0.1836  kl_loss=0.0000 (disabled)  score=0.892  return=0.726  role_std=8.6023  role_norm=42.5394  enc_delta ego=0.0015 partner=0.0020 road=0.0036
[ROMA step 4,956,094,464] sps=266,612  policy_loss=-0.0040  value_loss=0.1598  mi_loss=0.0011  mi_valid=0.76  div_loss=-0.1924  kl_loss=0.0000 (disabled)  score=0.891  return=0.724  role_std=8.5636  role_norm=41.8139  enc_delta ego=0.0018 partner=0.0020 road=0.0030
[ROMA step 4,956,880,896] sps=266,309  policy_loss=-0.0023  value_loss=0.1961  mi_loss=0.0011  mi_valid=0.75  div_loss=-0.1943  kl_loss=0.0000 (disabled)  score=0.890  return=0.723  role_std=7.9330  role_norm=44.7029  enc_delta ego=0.0017 partner=0.0025 road=0.0032
[ROMA step 4,957,667,328] sps=266,197  policy_loss=0.0051  value_loss=0.2391  mi_loss=0.0012  mi_valid=0.76  div_loss=-0.2031  kl_loss=0.0000 (disabled)  score=0.889  return=0.722  role_std=7.7890  role_norm=44.0135  enc_delta ego=0.0021 partner=0.0023 road=0.0037
[ROMA step 4,958,453,760] sps=266,085  policy_loss=-0.0044  value_loss=0.2264  mi_loss=0.0012  mi_valid=0.76  div_loss=-0.2041  kl_loss=0.0000 (disabled)  score=0.889  return=0.720  role_std=8.4757  role_norm=43.0950  enc_delta ego=0.0016 partner=0.0021 road=0.0032
[ROMA step 4,959,240,192] sps=265,970  policy_loss=-0.0026  value_loss=0.1529  mi_loss=0.0012  mi_valid=0.76  div_loss=-0.2002  kl_loss=0.0000 (disabled)  score=0.888  return=0.718  role_std=8.8684  role_norm=42.1127  enc_delta ego=0.0015 partner=0.0022 road=0.0032
[ROMA step 4,960,026,624] sps=265,635  policy_loss=-0.0018  value_loss=0.1819  mi_loss=0.0012  mi_valid=0.73  div_loss=-0.1865  kl_loss=0.0000 (disabled)  score=0.888  return=0.717  role_std=8.5755  role_norm=40.9559  enc_delta ego=0.0018 partner=0.0018 road=0.0028
[ROMA step 4,960,813,056] sps=265,528  policy_loss=0.0012  value_loss=0.1319  mi_loss=0.0011  mi_valid=0.77  div_loss=-0.1758  kl_loss=0.0000 (disabled)  score=0.888  return=0.717  role_std=7.1023  role_norm=44.6655  enc_delta ego=0.0015 partner=0.0021 road=0.0026
[ROMA step 4,961,599,488] sps=265,412  policy_loss=0.0041  value_loss=0.1491  mi_loss=0.0011  mi_valid=0.76  div_loss=-0.1709  kl_loss=0.0000 (disabled)  score=0.887  return=0.718  role_std=7.0898  role_norm=45.1719  enc_delta ego=0.0015 partner=0.0020 road=0.0029
[ROMA step 4,962,385,920] sps=265,103  policy_loss=0.0013  value_loss=0.1404  mi_loss=0.0011  mi_valid=0.74  div_loss=-0.1787  kl_loss=0.0000 (disabled)  score=0.887  return=0.718  role_std=7.5796  role_norm=44.3099  enc_delta ego=0.0013 partner=0.0019 road=0.0026
[ROMA step 4,963,172,352] sps=264,987  policy_loss=0.0053  value_loss=0.1948  mi_loss=0.0012  mi_valid=0.75  div_loss=-0.1729  kl_loss=0.0000 (disabled)  score=0.887  return=0.719  role_std=7.9282  role_norm=43.3927  enc_delta ego=0.0018 partner=0.0018 road=0.0032
[ROMA step 4,963,958,784] sps=264,878  policy_loss=0.0015  value_loss=0.1688  mi_loss=0.0011  mi_valid=0.75  div_loss=-0.1689  kl_loss=0.0000 (disabled)  score=0.887  return=0.720  role_std=8.2551  role_norm=43.0206  enc_delta ego=0.0018 partner=0.0018 road=0.0025
[ROMA step 4,964,745,216] sps=264,770  policy_loss=-0.0013  value_loss=0.1213  mi_loss=0.0011  mi_valid=0.75  div_loss=-0.1699  kl_loss=0.0000 (disabled)  score=0.888  return=0.720  role_std=8.4952  role_norm=42.1284  enc_delta ego=0.0016 partner=0.0019 road=0.0028
[ROMA step 4,965,531,648] sps=264,460  policy_loss=0.0042  value_loss=0.2625  mi_loss=0.0012  mi_valid=0.74  div_loss=-0.1875  kl_loss=0.0000 (disabled)  score=0.889  return=0.723  role_std=6.8232  role_norm=45.4658  enc_delta ego=0.0020 partner=0.0022 road=0.0034
[ROMA step 4,966,318,080] sps=264,354  policy_loss=0.0039  value_loss=0.3059  mi_loss=0.0013  mi_valid=0.74  div_loss=-0.1816  kl_loss=0.0000 (disabled)  score=0.890  return=0.725  role_std=7.4957  role_norm=44.9713  enc_delta ego=0.0018 partner=0.0022 road=0.0028
[ROMA step 4,967,104,512] sps=264,238  policy_loss=0.0015  value_loss=0.2013  mi_loss=0.0014  mi_valid=0.74  div_loss=-0.1816  kl_loss=0.0000 (disabled)  score=0.891  return=0.728  role_std=7.6091  role_norm=44.2970  enc_delta ego=0.0016 partner=0.0018 road=0.0025
[ROMA step 4,967,890,944] sps=263,926  policy_loss=-0.0053  value_loss=0.1930  mi_loss=0.0013  mi_valid=0.73  div_loss=-0.1807  kl_loss=0.0000 (disabled)  score=0.892  return=0.731  role_std=8.8689  role_norm=41.9322  enc_delta ego=0.0014 partner=0.0021 road=0.0024
[ROMA step 4,968,677,376] sps=263,806  policy_loss=-0.0119  value_loss=0.1937  mi_loss=0.0013  mi_valid=0.76  div_loss=-0.1846  kl_loss=0.0000 (disabled)  score=0.891  return=0.727  role_std=9.0954  role_norm=41.7684  enc_delta ego=0.0020 partner=0.0023 road=0.0039
[ROMA step 4,969,463,808] sps=263,694  policy_loss=0.0014  value_loss=0.2518  mi_loss=0.0011  mi_valid=0.77  div_loss=-0.1865  kl_loss=0.0000 (disabled)  score=0.891  return=0.725  role_std=7.4465  role_norm=45.2605  enc_delta ego=0.0017 partner=0.0022 road=0.0033
[ROMA step 4,970,250,240] sps=263,573  policy_loss=0.0069  value_loss=0.2807  mi_loss=0.0013  mi_valid=0.76  div_loss=-0.1816  kl_loss=0.0000 (disabled)  score=0.891  return=0.721  role_std=7.3969  role_norm=45.6037  enc_delta ego=0.0021 partner=0.0028 road=0.0033
[ROMA step 4,971,036,672] sps=263,287  policy_loss=-0.0037  value_loss=0.3491  mi_loss=0.0012  mi_valid=0.74  div_loss=-0.1777  kl_loss=0.0000 (disabled)  score=0.891  return=0.718  role_std=8.3365  role_norm=44.9781  enc_delta ego=0.0018 partner=0.0025 road=0.0035
[ROMA step 4,971,823,104] sps=263,171  policy_loss=-0.0043  value_loss=0.2727  mi_loss=0.0011  mi_valid=0.76  div_loss=-0.1777  kl_loss=0.0000 (disabled)  score=0.891  return=0.715  role_std=7.9373  role_norm=44.0641  enc_delta ego=0.0019 partner=0.0016 road=0.0028
[ROMA step 4,972,609,536] sps=263,067  policy_loss=0.0009  value_loss=0.2376  mi_loss=0.0011  mi_valid=0.76  div_loss=-0.1787  kl_loss=0.0000 (disabled)  score=0.890  return=0.713  role_std=8.0903  role_norm=44.0713  enc_delta ego=0.0015 partner=0.0019 road=0.0030
[ROMA step 4,973,395,968] sps=262,947  policy_loss=-0.0043  value_loss=0.2302  mi_loss=0.0011  mi_valid=0.77  div_loss=-0.1787  kl_loss=0.0000 (disabled)  score=0.890  return=0.713  role_std=8.0463  role_norm=43.5862  enc_delta ego=0.0015 partner=0.0020 road=0.0032
[ROMA step 4,974,182,400] sps=262,653  policy_loss=-0.0025  value_loss=0.3058  mi_loss=0.0012  mi_valid=0.74  div_loss=-0.1943  kl_loss=0.0000 (disabled)  score=0.890  return=0.712  role_std=8.2374  role_norm=46.1064  enc_delta ego=0.0021 partner=0.0024 road=0.0030
[ROMA step 4,974,968,832] sps=262,541  policy_loss=0.0023  value_loss=0.2946  mi_loss=0.0012  mi_valid=0.75  div_loss=-0.1826  kl_loss=0.0000 (disabled)  score=0.890  return=0.712  role_std=8.2821  role_norm=46.1597  enc_delta ego=0.0022 partner=0.0024 road=0.0036
[ROMA step 4,975,755,264] sps=262,430  policy_loss=0.0021  value_loss=0.2420  mi_loss=0.0013  mi_valid=0.75  div_loss=-0.1816  kl_loss=0.0000 (disabled)  score=0.891  return=0.713  role_std=8.5899  role_norm=45.5679  enc_delta ego=0.0036 partner=0.0022 road=0.0034
[ROMA step 4,976,541,696] sps=262,147  policy_loss=-0.0036  value_loss=0.2995  mi_loss=0.0013  mi_valid=0.73  div_loss=-0.1719  kl_loss=0.0000 (disabled)  score=0.892  return=0.713  role_std=8.8114  role_norm=43.8154  enc_delta ego=0.0017 partner=0.0018 road=0.0029
[ROMA step 4,977,328,128] sps=262,035  policy_loss=0.0022  value_loss=0.2346  mi_loss=0.0011  mi_valid=0.76  div_loss=-0.1641  kl_loss=0.0000 (disabled)  score=0.893  return=0.712  role_std=7.9267  role_norm=44.8725  enc_delta ego=0.0017 partner=0.0018 road=0.0024
[ROMA step 4,978,114,560] sps=261,917  policy_loss=0.0022  value_loss=0.1771  mi_loss=0.0012  mi_valid=0.76  div_loss=-0.1553  kl_loss=0.0000 (disabled)  score=0.894  return=0.711  role_std=6.2081  role_norm=46.9369  enc_delta ego=0.0017 partner=0.0020 road=0.0031
[ROMA step 4,978,900,992] sps=261,797  policy_loss=-0.0039  value_loss=0.2046  mi_loss=0.0012  mi_valid=0.75  div_loss=-0.1699  kl_loss=0.0000 (disabled)  score=0.894  return=0.710  role_std=6.9966  role_norm=46.3715  enc_delta ego=0.0019 partner=0.0019 road=0.0026
[ROMA step 4,979,687,424] sps=261,489  policy_loss=0.0017  value_loss=0.2813  mi_loss=0.0012  mi_valid=0.74  div_loss=-0.1660  kl_loss=0.0000 (disabled)  score=0.894  return=0.710  role_std=7.4011  role_norm=45.1025  enc_delta ego=0.0018 partner=0.0017 road=0.0022
[ROMA step 4,980,473,856] sps=261,385  policy_loss=0.0012  value_loss=0.1713  mi_loss=0.0011  mi_valid=0.76  div_loss=-0.1641  kl_loss=0.0000 (disabled)  score=0.894  return=0.710  role_std=7.5161  role_norm=44.0612  enc_delta ego=0.0016 partner=0.0020 road=0.0028
[ROMA step 4,981,260,288] sps=261,282  policy_loss=-0.0003  value_loss=0.1459  mi_loss=0.0011  mi_valid=0.76  div_loss=-0.1631  kl_loss=0.0000 (disabled)  score=0.894  return=0.709  role_std=7.5753  role_norm=43.2625  enc_delta ego=0.0015 partner=0.0020 road=0.0026
[ROMA step 4,982,046,720] sps=260,926  policy_loss=-0.0046  value_loss=0.1716  mi_loss=0.0011  mi_valid=0.75  div_loss=-0.1670  kl_loss=0.0000 (disabled)  score=0.894  return=0.711  role_std=6.3267  role_norm=46.3698  enc_delta ego=0.0011 partner=0.0017 road=0.0025
[ROMA step 4,982,833,152] sps=260,822  policy_loss=0.0010  value_loss=0.1579  mi_loss=0.0012  mi_valid=0.76  div_loss=-0.1602  kl_loss=0.0000 (disabled)  score=0.894  return=0.714  role_std=6.4518  role_norm=45.4153  enc_delta ego=0.0020 partner=0.0019 road=0.0027
[ROMA step 4,983,619,584] sps=260,711  policy_loss=-0.0051  value_loss=0.1532  mi_loss=0.0012  mi_valid=0.76  div_loss=-0.1631  kl_loss=0.0000 (disabled)  score=0.895  return=0.717  role_std=7.1042  role_norm=44.9754  enc_delta ego=0.0019 partner=0.0021 road=0.0033
[ROMA step 4,984,406,016] sps=260,609  policy_loss=-0.0043  value_loss=0.1376  mi_loss=0.0012  mi_valid=0.76  div_loss=-0.1611  kl_loss=0.0000 (disabled)  score=0.895  return=0.719  role_std=7.0532  role_norm=44.6072  enc_delta ego=0.0017 partner=0.0020 road=0.0023
[ROMA step 4,985,192,448] sps=260,310  policy_loss=-0.0003  value_loss=0.1190  mi_loss=0.0012  mi_valid=0.73  div_loss=-0.1680  kl_loss=0.0000 (disabled)  score=0.896  return=0.724  role_std=7.8058  role_norm=42.8039  enc_delta ego=0.0018 partner=0.0020 road=0.0031
[ROMA step 4,985,978,880] sps=260,206  policy_loss=-0.0008  value_loss=0.2374  mi_loss=0.0012  mi_valid=0.75  div_loss=-0.1816  kl_loss=0.0000 (disabled)  score=0.897  return=0.725  role_std=7.1754  role_norm=44.7795  enc_delta ego=0.0016 partner=0.0025 road=0.0029
[ROMA step 4,986,765,312] sps=260,103  policy_loss=0.0043  value_loss=0.1548  mi_loss=0.0012  mi_valid=0.76  div_loss=-0.1650  kl_loss=0.0000 (disabled)  score=0.900  return=0.731  role_std=6.4809  role_norm=45.3732  enc_delta ego=0.0013 partner=0.0018 road=0.0024
[ROMA step 4,987,551,744] sps=259,811  policy_loss=-0.0005  value_loss=0.1521  mi_loss=0.0011  mi_valid=0.73  div_loss=-0.1641  kl_loss=0.0000 (disabled)  score=0.901  return=0.734  role_std=6.6958  role_norm=45.3795  enc_delta ego=0.0016 partner=0.0020 road=0.0028
[ROMA step 4,988,338,176] sps=259,710  policy_loss=0.0002  value_loss=0.1339  mi_loss=0.0010  mi_valid=0.75  div_loss=-0.1621  kl_loss=0.0000 (disabled)  score=0.902  return=0.735  role_std=7.7864  role_norm=44.2199  enc_delta ego=0.0022 partner=0.0019 road=0.0030
[ROMA step 4,989,124,608] sps=259,608  policy_loss=0.0023  value_loss=0.1843  mi_loss=0.0011  mi_valid=0.75  div_loss=-0.1719  kl_loss=0.0000 (disabled)  score=0.902  return=0.735  role_std=7.3912  role_norm=43.6953  enc_delta ego=0.0017 partner=0.0026 road=0.0034
[ROMA step 4,989,911,040] sps=259,505  policy_loss=-0.0042  value_loss=0.1557  mi_loss=0.0010  mi_valid=0.75  div_loss=-0.1709  kl_loss=0.0000 (disabled)  score=0.903  return=0.736  role_std=8.6064  role_norm=42.6866  enc_delta ego=0.0015 partner=0.0020 road=0.0025
[ROMA step 4,990,697,472] sps=259,231  policy_loss=-0.0001  value_loss=0.2260  mi_loss=0.0011  mi_valid=0.74  div_loss=-0.1738  kl_loss=0.0000 (disabled)  score=0.903  return=0.734  role_std=6.9366  role_norm=45.9165  enc_delta ego=0.0023 partner=0.0023 road=0.0033
[ROMA step 4,991,483,904] sps=259,129  policy_loss=0.0022  value_loss=0.2757  mi_loss=0.0012  mi_valid=0.75  div_loss=-0.1738  kl_loss=0.0000 (disabled)  score=0.902  return=0.731  role_std=7.2370  role_norm=45.7601  enc_delta ego=0.0017 partner=0.0016 road=0.0026
[ROMA step 4,992,270,336] sps=259,026  policy_loss=0.0002  value_loss=0.1554  mi_loss=0.0012  mi_valid=0.75  div_loss=-0.1709  kl_loss=0.0000 (disabled)  score=0.902  return=0.729  role_std=7.5920  role_norm=45.1314  enc_delta ego=0.0015 partner=0.0018 road=0.0032
[ROMA step 4,993,056,768] sps=258,740  policy_loss=0.0004  value_loss=0.2135  mi_loss=0.0013  mi_valid=0.73  div_loss=-0.1768  kl_loss=0.0000 (disabled)  score=0.901  return=0.728  role_std=8.6474  role_norm=42.4060  enc_delta ego=0.0015 partner=0.0017 road=0.0027
[ROMA step 4,993,843,200] sps=258,638  policy_loss=0.0030  value_loss=0.3215  mi_loss=0.0012  mi_valid=0.76  div_loss=-0.1914  kl_loss=0.0000 (disabled)  score=0.900  return=0.722  role_std=8.5494  role_norm=41.9509  enc_delta ego=0.0015 partner=0.0023 road=0.0032
[ROMA step 4,994,629,632] sps=258,539  policy_loss=0.0052  value_loss=0.4150  mi_loss=0.0011  mi_valid=0.78  div_loss=-0.2090  kl_loss=0.0000 (disabled)  score=0.899  return=0.720  role_std=7.6694  role_norm=45.9725  enc_delta ego=0.0013 partner=0.0026 road=0.0033
[ROMA step 4,995,416,064] sps=258,434  policy_loss=0.0015  value_loss=0.3466  mi_loss=0.0012  mi_valid=0.77  div_loss=-0.2139  kl_loss=0.0000 (disabled)  score=0.899  return=0.715  role_std=8.6561  role_norm=45.3248  enc_delta ego=0.0017 partner=0.0025 road=0.0037
[ROMA step 4,996,202,496] sps=258,154  policy_loss=0.0004  value_loss=0.3798  mi_loss=0.0012  mi_valid=0.74  div_loss=-0.2197  kl_loss=0.0000 (disabled)  score=0.899  return=0.713  role_std=9.2310  role_norm=44.0395  enc_delta ego=0.0017 partner=0.0025 road=0.0033
[ROMA step 4,996,988,928] sps=258,055  policy_loss=0.0002  value_loss=0.3327  mi_loss=0.0012  mi_valid=0.76  div_loss=-0.2031  kl_loss=0.0000 (disabled)  score=0.899  return=0.712  role_std=9.5804  role_norm=42.9681  enc_delta ego=0.0022 partner=0.0029 road=0.0033
[ROMA step 4,997,775,360] sps=257,943  policy_loss=0.0032  value_loss=0.3465  mi_loss=0.0012  mi_valid=0.77  div_loss=-0.2002  kl_loss=0.0000 (disabled)  score=0.898  return=0.710  role_std=9.5185  role_norm=42.3350  enc_delta ego=0.0030 partner=0.0025 road=0.0032
[ROMA step 4,998,561,792] sps=257,832  policy_loss=-0.0049  value_loss=0.2762  mi_loss=0.0012  mi_valid=0.77  div_loss=-0.1982  kl_loss=0.0000 (disabled)  score=0.897  return=0.708  role_std=9.8951  role_norm=41.2982  enc_delta ego=0.0020 partner=0.0026 road=0.0036
[ROMA step 4,999,348,224] sps=257,542  policy_loss=-0.0039  value_loss=0.2993  mi_loss=0.0012  mi_valid=0.77  div_loss=-0.1865  kl_loss=0.0000 (disabled)  score=0.897  return=0.707  role_std=7.6501  role_norm=46.2266  enc_delta ego=0.0018 partner=0.0021 road=0.0032
[ROMA step 5,000,134,656] sps=257,438  policy_loss=0.0052  value_loss=0.1334  mi_loss=0.0012  mi_valid=0.77  div_loss=-0.1699  kl_loss=0.0000 (disabled)  score=0.896  return=0.708  role_std=7.0041  role_norm=46.0892  enc_delta ego=0.0017 partner=0.0017 road=0.0028
[ROMA step 5,000,921,088] sps=257,327  policy_loss=-0.0008  value_loss=0.1618  mi_loss=0.0012  mi_valid=0.76  div_loss=-0.1768  kl_loss=0.0000 (disabled)  score=0.896  return=0.709  role_std=7.7798  role_norm=44.9225  enc_delta ego=0.0015 partner=0.0017 road=0.0027
[ROMA] Saved -> /scratch/e452103/checkpoints/roma_mifutagent_dim1_H8_r16p64_ft_pc40_cb1_lr_half_nodiv/roma_dim1_step5000921088.pt
[ROMA] Periodic WOSAC eval at step 5,000,921,088 ...

WOSAC realism metrics (32 rollouts, up to 10 batches, step 5,000,921,088)...
  Batch 10/10 | scenarios: 1197 | realism: 0.6851

  Scenarios evaluated       : 1197
  Realism meta-score        : 0.6851
  Kinematic metrics         : 0.2634
  Interactive metrics       : 0.6765
  Map-based metrics         : 0.7584
  minADE (m)                : 4.5324
  likelihood_offroad        : 0.9029
  likelihood_dist_road_edge : 0.6140
  likelihood_collision      : 0.9468
  likelihood_dist_obj       : 0.2995
  likelihood_ttc            : 0.7856
  likelihood_linear_speed   : 0.2490
  likelihood_linear_accel   : 0.3359
  likelihood_angular_speed  : 0.2177
  likelihood_angular_accel  : 0.2522
[ROMA step 5,001,707,520] sps=249,310  policy_loss=0.0077  value_loss=0.2274  mi_loss=0.0012  mi_valid=0.73  div_loss=-0.1875  kl_loss=0.0000 (disabled)  score=0.896  return=0.710  role_std=8.8754  role_norm=43.4989  enc_delta ego=0.0017 partner=0.0022 road=0.0027
[ROMA step 5,002,493,952] sps=249,217  policy_loss=-0.0028  value_loss=0.1740  mi_loss=0.0012  mi_valid=0.76  div_loss=-0.1875  kl_loss=0.0000 (disabled)  score=0.896  return=0.711  role_std=9.5713  role_norm=42.6180  enc_delta ego=0.0014 partner=0.0017 road=0.0024
[ROMA step 5,003,280,384] sps=249,124  policy_loss=0.0011  value_loss=0.2069  mi_loss=0.0012  mi_valid=0.76  div_loss=-0.1914  kl_loss=0.0000 (disabled)  score=0.896  return=0.711  role_std=6.9668  role_norm=46.6952  enc_delta ego=0.0017 partner=0.0017 road=0.0021
[ROMA step 5,004,066,816] sps=249,032  policy_loss=-0.0011  value_loss=0.2328  mi_loss=0.0013  mi_valid=0.75  div_loss=-0.1875  kl_loss=0.0000 (disabled)  score=0.896  return=0.713  role_std=7.9994  role_norm=46.2271  enc_delta ego=0.0023 partner=0.0017 road=0.0023
[ROMA step 5,004,853,248] sps=248,697  policy_loss=-0.0011  value_loss=0.2870  mi_loss=0.0013  mi_valid=0.73  div_loss=-0.1807  kl_loss=0.0000 (disabled)  score=0.896  return=0.714  role_std=8.0635  role_norm=45.1544  enc_delta ego=0.0017 partner=0.0021 road=0.0039
[ROMA step 5,005,639,680] sps=248,595  policy_loss=-0.0012  value_loss=0.2582  mi_loss=0.0012  mi_valid=0.75  div_loss=-0.1855  kl_loss=0.0000 (disabled)  score=0.895  return=0.712  role_std=8.0726  role_norm=44.6004  enc_delta ego=0.0020 partner=0.0024 road=0.0034
[ROMA step 5,006,426,112] sps=248,498  policy_loss=-0.0011  value_loss=0.1834  mi_loss=0.0012  mi_valid=0.75  div_loss=-0.1807  kl_loss=0.0000 (disabled)  score=0.894  return=0.711  role_std=8.6132  role_norm=43.7780  enc_delta ego=0.0016 partner=0.0021 road=0.0032
[ROMA step 5,007,212,544] sps=248,202  policy_loss=0.0003  value_loss=0.2126  mi_loss=0.0012  mi_valid=0.75  div_loss=-0.1914  kl_loss=0.0000 (disabled)  score=0.894  return=0.710  role_std=7.2621  role_norm=46.2481  enc_delta ego=0.0018 partner=0.0022 road=0.0033
[ROMA step 5,007,998,976] sps=248,108  policy_loss=-0.0065  value_loss=0.2287  mi_loss=0.0012  mi_valid=0.76  div_loss=-0.2070  kl_loss=0.0000 (disabled)  score=0.894  return=0.708  role_std=7.9822  role_norm=46.0440  enc_delta ego=0.0017 partner=0.0022 road=0.0034
[ROMA step 5,008,785,408] sps=248,007  policy_loss=-0.0018  value_loss=0.2292  mi_loss=0.0013  mi_valid=0.75  div_loss=-0.1973  kl_loss=0.0000 (disabled)  score=0.894  return=0.705  role_std=8.8160  role_norm=45.1595  enc_delta ego=0.0021 partner=0.0027 road=0.0034
[ROMA step 5,009,571,840] sps=247,910  policy_loss=-0.0031  value_loss=0.1991  mi_loss=0.0012  mi_valid=0.75  div_loss=-0.1934  kl_loss=0.0000 (disabled)  score=0.895  return=0.703  role_std=9.0804  role_norm=44.8577  enc_delta ego=0.0016 partner=0.0024 road=0.0032
[ROMA step 5,010,358,272] sps=247,617  policy_loss=-0.0009  value_loss=0.2553  mi_loss=0.0012  mi_valid=0.73  div_loss=-0.1885  kl_loss=0.0000 (disabled)  score=0.895  return=0.700  role_std=8.8864  role_norm=43.4316  enc_delta ego=0.0017 partner=0.0023 road=0.0037
[ROMA step 5,011,144,704] sps=247,518  policy_loss=0.0032  value_loss=0.1799  mi_loss=0.0011  mi_valid=0.77  div_loss=-0.1836  kl_loss=0.0000 (disabled)  score=0.895  return=0.697  role_std=7.3235  role_norm=46.1060  enc_delta ego=0.0014 partner=0.0015 road=0.0022
[ROMA step 5,011,931,136] sps=247,427  policy_loss=-0.0013  value_loss=0.1944  mi_loss=0.0011  mi_valid=0.77  div_loss=-0.1885  kl_loss=0.0000 (disabled)  score=0.895  return=0.694  role_std=7.5786  role_norm=45.9273  enc_delta ego=0.0017 partner=0.0020 road=0.0026
[ROMA step 5,012,717,568] sps=247,133  policy_loss=0.0010  value_loss=0.2438  mi_loss=0.0012  mi_valid=0.75  div_loss=-0.1797  kl_loss=0.0000 (disabled)  score=0.895  return=0.691  role_std=6.9488  role_norm=45.7888  enc_delta ego=0.0016 partner=0.0017 road=0.0028
[ROMA step 5,013,504,000] sps=247,039  policy_loss=0.0095  value_loss=0.2847  mi_loss=0.0012  mi_valid=0.76  div_loss=-0.1729  kl_loss=0.0000 (disabled)  score=0.895  return=0.691  role_std=7.9717  role_norm=44.2422  enc_delta ego=0.0021 partner=0.0021 road=0.0032
[ROMA step 5,014,290,432] sps=246,948  policy_loss=-0.0008  value_loss=0.2815  mi_loss=0.0013  mi_valid=0.76  div_loss=-0.1787  kl_loss=0.0000 (disabled)  score=0.894  return=0.686  role_std=8.2874  role_norm=43.7852  enc_delta ego=0.0019 partner=0.0021 road=0.0028
[ROMA step 5,015,076,864] sps=246,852  policy_loss=-0.0028  value_loss=0.2559  mi_loss=0.0013  mi_valid=0.76  div_loss=-0.1826  kl_loss=0.0000 (disabled)  score=0.894  return=0.685  role_std=8.5452  role_norm=42.7939  enc_delta ego=0.0020 partner=0.0017 road=0.0026
[ROMA step 5,015,863,296] sps=246,573  policy_loss=0.0013  value_loss=0.2616  mi_loss=0.0012  mi_valid=0.75  div_loss=-0.1797  kl_loss=0.0000 (disabled)  score=0.894  return=0.681  role_std=7.6176  role_norm=46.1160  enc_delta ego=0.0016 partner=0.0018 road=0.0025
[ROMA step 5,016,649,728] sps=246,474  policy_loss=-0.0055  value_loss=0.1423  mi_loss=0.0013  mi_valid=0.75  div_loss=-0.1670  kl_loss=0.0000 (disabled)  score=0.894  return=0.680  role_std=7.1899  role_norm=45.7919  enc_delta ego=0.0025 partner=0.0017 road=0.0033
[ROMA step 5,017,436,160] sps=246,384  policy_loss=0.0005  value_loss=0.1803  mi_loss=0.0012  mi_valid=0.75  div_loss=-0.1709  kl_loss=0.0000 (disabled)  score=0.894  return=0.680  role_std=7.8677  role_norm=45.6442  enc_delta ego=0.0017 partner=0.0014 road=0.0026
[ROMA step 5,018,222,592] sps=246,102  policy_loss=0.0027  value_loss=0.2133  mi_loss=0.0013  mi_valid=0.73  div_loss=-0.1689  kl_loss=0.0000 (disabled)  score=0.894  return=0.680  role_std=8.0295  role_norm=43.6400  enc_delta ego=0.0017 partner=0.0015 road=0.0021
[ROMA step 5,019,009,024] sps=246,011  policy_loss=-0.0009  value_loss=0.2210  mi_loss=0.0013  mi_valid=0.76  div_loss=-0.1709  kl_loss=0.0000 (disabled)  score=0.894  return=0.682  role_std=8.1672  role_norm=43.8841  enc_delta ego=0.0014 partner=0.0014 road=0.0022
[ROMA step 5,019,795,456] sps=245,922  policy_loss=0.0015  value_loss=0.1559  mi_loss=0.0013  mi_valid=0.77  div_loss=-0.1631  kl_loss=0.0000 (disabled)  score=0.894  return=0.683  role_std=6.8925  role_norm=46.9776  enc_delta ego=0.0012 partner=0.0014 road=0.0020
[ROMA step 5,020,581,888] sps=245,828  policy_loss=0.0010  value_loss=0.1638  mi_loss=0.0013  mi_valid=0.76  div_loss=-0.1670  kl_loss=0.0000 (disabled)  score=0.894  return=0.684  role_std=6.9409  role_norm=46.8415  enc_delta ego=0.0013 partner=0.0015 road=0.0025
[ROMA step 5,021,368,320] sps=245,572  policy_loss=0.0027  value_loss=0.2418  mi_loss=0.0013  mi_valid=0.73  div_loss=-0.1826  kl_loss=0.0000 (disabled)  score=0.894  return=0.685  role_std=7.6698  role_norm=46.3511  enc_delta ego=0.0016 partner=0.0019 road=0.0027
[ROMA step 5,022,154,752] sps=245,482  policy_loss=-0.0055  value_loss=0.2494  mi_loss=0.0012  mi_valid=0.75  div_loss=-0.1904  kl_loss=0.0000 (disabled)  score=0.894  return=0.689  role_std=8.6680  role_norm=44.9171  enc_delta ego=0.0018 partner=0.0018 road=0.0028
[ROMA step 5,022,941,184] sps=245,392  policy_loss=0.0021  value_loss=0.2574  mi_loss=0.0013  mi_valid=0.75  div_loss=-0.1914  kl_loss=0.0000 (disabled)  score=0.895  return=0.692  role_std=8.7001  role_norm=43.8135  enc_delta ego=0.0017 partner=0.0020 road=0.0024
[ROMA step 5,023,727,616] sps=245,294  policy_loss=0.0015  value_loss=0.1706  mi_loss=0.0012  mi_valid=0.76  div_loss=-0.1885  kl_loss=0.0000 (disabled)  score=0.896  return=0.697  role_std=9.1501  role_norm=42.9457  enc_delta ego=0.0016 partner=0.0020 road=0.0025
[ROMA step 5,024,514,048] sps=245,043  policy_loss=-0.0026  value_loss=0.1760  mi_loss=0.0012  mi_valid=0.76  div_loss=-0.1865  kl_loss=0.0000 (disabled)  score=0.896  return=0.700  role_std=7.5050  role_norm=46.3006  enc_delta ego=0.0018 partner=0.0021 road=0.0031
[ROMA step 5,025,300,480] sps=244,948  policy_loss=-0.0017  value_loss=0.1741  mi_loss=0.0012  mi_valid=0.75  div_loss=-0.1777  kl_loss=0.0000 (disabled)  score=0.896  return=0.704  role_std=7.6570  role_norm=45.6749  enc_delta ego=0.0023 partner=0.0015 road=0.0024
[ROMA step 5,026,086,912] sps=244,858  policy_loss=0.0077  value_loss=0.2034  mi_loss=0.0012  mi_valid=0.75  div_loss=-0.1797  kl_loss=0.0000 (disabled)  score=0.897  return=0.709  role_std=7.9149  role_norm=45.2680  enc_delta ego=0.0017 partner=0.0022 road=0.0028
[ROMA step 5,026,873,344] sps=244,599  policy_loss=0.0026  value_loss=0.2621  mi_loss=0.0012  mi_valid=0.73  div_loss=-0.1797  kl_loss=0.0000 (disabled)  score=0.898  return=0.714  role_std=8.3283  role_norm=44.8171  enc_delta ego=0.0016 partner=0.0019 road=0.0027
[ROMA step 5,027,659,776] sps=244,509  policy_loss=-0.0058  value_loss=0.2440  mi_loss=0.0012  mi_valid=0.75  div_loss=-0.1797  kl_loss=0.0000 (disabled)  score=0.899  return=0.714  role_std=8.9471  role_norm=44.2747  enc_delta ego=0.0017 partner=0.0020 road=0.0035
[ROMA step 5,028,446,208] sps=244,411  policy_loss=0.0043  value_loss=0.2555  mi_loss=0.0012  mi_valid=0.76  div_loss=-0.1846  kl_loss=0.0000 (disabled)  score=0.900  return=0.714  role_std=7.7810  role_norm=46.9202  enc_delta ego=0.0019 partner=0.0019 road=0.0029
[ROMA step 5,029,232,640] sps=244,314  policy_loss=-0.0088  value_loss=0.1941  mi_loss=0.0012  mi_valid=0.75  div_loss=-0.1836  kl_loss=0.0000 (disabled)  score=0.900  return=0.715  role_std=8.4153  role_norm=46.6486  enc_delta ego=0.0025 partner=0.0022 road=0.0031
[ROMA step 5,030,019,072] sps=244,079  policy_loss=-0.0000  value_loss=0.2255  mi_loss=0.0012  mi_valid=0.74  div_loss=-0.1807  kl_loss=0.0000 (disabled)  score=0.900  return=0.715  role_std=8.3054  role_norm=45.3423  enc_delta ego=0.0026 partner=0.0022 road=0.0035
[ROMA step 5,030,805,504] sps=243,989  policy_loss=0.0071  value_loss=0.2995  mi_loss=0.0012  mi_valid=0.75  div_loss=-0.1865  kl_loss=0.0000 (disabled)  score=0.900  return=0.715  role_std=8.6600  role_norm=44.6933  enc_delta ego=0.0021 partner=0.0020 road=0.0035
[ROMA step 5,031,591,936] sps=243,895  policy_loss=-0.0043  value_loss=0.1956  mi_loss=0.0012  mi_valid=0.75  div_loss=-0.1914  kl_loss=0.0000 (disabled)  score=0.900  return=0.714  role_std=8.2101  role_norm=44.3705  enc_delta ego=0.0019 partner=0.0019 road=0.0025
[ROMA step 5,032,378,368] sps=243,651  policy_loss=0.0015  value_loss=0.2215  mi_loss=0.0012  mi_valid=0.75  div_loss=-0.1885  kl_loss=0.0000 (disabled)  score=0.900  return=0.715  role_std=7.4412  role_norm=46.2382  enc_delta ego=0.0022 partner=0.0018 road=0.0030
[ROMA step 5,033,164,800] sps=243,565  policy_loss=0.0026  value_loss=0.2745  mi_loss=0.0012  mi_valid=0.76  div_loss=-0.1875  kl_loss=0.0000 (disabled)  score=0.900  return=0.715  role_std=7.8120  role_norm=45.5638  enc_delta ego=0.0018 partner=0.0025 road=0.0035
[ROMA step 5,033,951,232] sps=243,470  policy_loss=-0.0049  value_loss=0.2045  mi_loss=0.0013  mi_valid=0.76  div_loss=-0.1758  kl_loss=0.0000 (disabled)  score=0.899  return=0.715  role_std=7.5738  role_norm=45.0434  enc_delta ego=0.0018 partner=0.0021 road=0.0029
[ROMA step 5,034,737,664] sps=243,374  policy_loss=-0.0047  value_loss=0.1979  mi_loss=0.0012  mi_valid=0.76  div_loss=-0.1758  kl_loss=0.0000 (disabled)  score=0.899  return=0.715  role_std=8.1008  role_norm=44.1798  enc_delta ego=0.0018 partner=0.0018 road=0.0027
[ROMA step 5,035,524,096] sps=243,113  policy_loss=-0.0053  value_loss=0.1519  mi_loss=0.0012  mi_valid=0.74  div_loss=-0.1709  kl_loss=0.0000 (disabled)  score=0.899  return=0.715  role_std=8.6672  role_norm=43.2835  enc_delta ego=0.0020 partner=0.0020 road=0.0028
[ROMA step 5,036,310,528] sps=243,023  policy_loss=-0.0082  value_loss=0.2067  mi_loss=0.0012  mi_valid=0.76  div_loss=-0.1777  kl_loss=0.0000 (disabled)  score=0.899  return=0.716  role_std=8.1213  role_norm=43.5095  enc_delta ego=0.0021 partner=0.0022 road=0.0030
[ROMA step 5,037,096,960] sps=242,928  policy_loss=0.0021  value_loss=0.2199  mi_loss=0.0013  mi_valid=0.77  div_loss=-0.1748  kl_loss=0.0000 (disabled)  score=0.899  return=0.716  role_std=6.9688  role_norm=46.3919  enc_delta ego=0.0017 partner=0.0024 road=0.0031
[ROMA step 5,037,883,392] sps=242,676  policy_loss=-0.0029  value_loss=0.3027  mi_loss=0.0012  mi_valid=0.74  div_loss=-0.1836  kl_loss=0.0000 (disabled)  score=0.898  return=0.716  role_std=7.5229  role_norm=46.8832  enc_delta ego=0.0015 partner=0.0020 road=0.0029
[ROMA step 5,038,669,824] sps=242,581  policy_loss=-0.0042  value_loss=0.2560  mi_loss=0.0011  mi_valid=0.75  div_loss=-0.1729  kl_loss=0.0000 (disabled)  score=0.898  return=0.716  role_std=8.4443  role_norm=45.2567  enc_delta ego=0.0027 partner=0.0021 road=0.0039
[ROMA step 5,039,456,256] sps=242,491  policy_loss=0.0037  value_loss=0.2534  mi_loss=0.0012  mi_valid=0.76  div_loss=-0.1738  kl_loss=0.0000 (disabled)  score=0.897  return=0.715  role_std=8.0777  role_norm=44.6667  enc_delta ego=0.0019 partner=0.0021 road=0.0029
[ROMA step 5,040,242,688] sps=242,378  policy_loss=0.0003  value_loss=0.2754  mi_loss=0.0012  mi_valid=0.75  div_loss=-0.1748  kl_loss=0.0000 (disabled)  score=0.897  return=0.714  role_std=8.4727  role_norm=44.1656  enc_delta ego=0.0019 partner=0.0019 road=0.0029
[ROMA step 5,041,029,120] sps=241,526  policy_loss=-0.0055  value_loss=0.3142  mi_loss=0.0012  mi_valid=0.75  div_loss=-0.1787  kl_loss=0.0000 (disabled)  score=0.897  return=0.713  role_std=6.6160  role_norm=47.2401  enc_delta ego=0.0017 partner=0.0023 road=0.0034
[ROMA step 5,041,815,552] sps=241,433  policy_loss=0.0066  value_loss=0.1675  mi_loss=0.0013  mi_valid=0.75  div_loss=-0.1611  kl_loss=0.0000 (disabled)  score=0.897  return=0.715  role_std=7.3155  role_norm=46.4990  enc_delta ego=0.0024 partner=0.0019 road=0.0029
[ROMA step 5,042,601,984] sps=241,334  policy_loss=-0.0035  value_loss=0.1735  mi_loss=0.0012  mi_valid=0.75  div_loss=-0.1602  kl_loss=0.0000 (disabled)  score=0.897  return=0.719  role_std=7.2001  role_norm=46.1516  enc_delta ego=0.0025 partner=0.0015 road=0.0026
[ROMA step 5,043,388,416] sps=240,714  policy_loss=0.0004  value_loss=0.1674  mi_loss=0.0013  mi_valid=0.73  div_loss=-0.1631  kl_loss=0.0000 (disabled)  score=0.897  return=0.721  role_std=7.3322  role_norm=44.5964  enc_delta ego=0.0017 partner=0.0018 road=0.0026
[ROMA step 5,044,174,848] sps=240,624  policy_loss=0.0025  value_loss=0.2354  mi_loss=0.0010  mi_valid=0.75  div_loss=-0.1631  kl_loss=0.0000 (disabled)  score=0.898  return=0.721  role_std=7.7525  role_norm=44.7419  enc_delta ego=0.0013 partner=0.0018 road=0.0030
[ROMA step 5,044,961,280] sps=240,530  policy_loss=-0.0013  value_loss=0.2338  mi_loss=0.0010  mi_valid=0.76  div_loss=-0.1680  kl_loss=0.0000 (disabled)  score=0.898  return=0.721  role_std=7.1881  role_norm=46.7066  enc_delta ego=0.0014 partner=0.0017 road=0.0027
[ROMA step 5,045,747,712] sps=240,442  policy_loss=-0.0014  value_loss=0.1618  mi_loss=0.0011  mi_valid=0.76  div_loss=-0.1611  kl_loss=0.0000 (disabled)  score=0.898  return=0.721  role_std=7.0120  role_norm=47.2624  enc_delta ego=0.0023 partner=0.0019 road=0.0027
[ROMA step 5,046,534,144] sps=239,839  policy_loss=-0.0056  value_loss=0.1344  mi_loss=0.0011  mi_valid=0.74  div_loss=-0.1611  kl_loss=0.0000 (disabled)  score=0.899  return=0.724  role_std=6.9774  role_norm=46.3259  enc_delta ego=0.0019 partner=0.0023 road=0.0035
[ROMA step 5,047,320,576] sps=239,747  policy_loss=0.0014  value_loss=0.1572  mi_loss=0.0012  mi_valid=0.76  div_loss=-0.1621  kl_loss=0.0000 (disabled)  score=0.899  return=0.724  role_std=7.4386  role_norm=45.4554  enc_delta ego=0.0022 partner=0.0022 road=0.0037
[ROMA step 5,048,107,008] sps=239,656  policy_loss=0.0007  value_loss=0.2110  mi_loss=0.0012  mi_valid=0.76  div_loss=-0.1660  kl_loss=0.0000 (disabled)  score=0.899  return=0.723  role_std=8.1205  role_norm=44.4313  enc_delta ego=0.0027 partner=0.0027 road=0.0040
[ROMA step 5,048,893,440] sps=239,563  policy_loss=0.0014  value_loss=0.2589  mi_loss=0.0012  mi_valid=0.76  div_loss=-0.1719  kl_loss=0.0000 (disabled)  score=0.899  return=0.722  role_std=8.8317  role_norm=43.7699  enc_delta ego=0.0024 partner=0.0020 road=0.0031
[ROMA step 5,049,679,872] sps=239,321  policy_loss=-0.0024  value_loss=0.1705  mi_loss=0.0011  mi_valid=0.76  div_loss=-0.1660  kl_loss=0.0000 (disabled)  score=0.899  return=0.724  role_std=7.1965  role_norm=46.8914  enc_delta ego=0.0016 partner=0.0018 road=0.0028
[ROMA step 5,050,466,304] sps=239,235  policy_loss=-0.0036  value_loss=0.2190  mi_loss=0.0012  mi_valid=0.75  div_loss=-0.1758  kl_loss=0.0000 (disabled)  score=0.900  return=0.725  role_std=7.1686  role_norm=46.6367  enc_delta ego=0.0017 partner=0.0018 road=0.0032
[ROMA step 5,051,252,736] sps=239,149  policy_loss=0.0018  value_loss=0.2169  mi_loss=0.0011  mi_valid=0.75  div_loss=-0.1748  kl_loss=0.0000 (disabled)  score=0.900  return=0.725  role_std=7.6636  role_norm=45.6298  enc_delta ego=0.0017 partner=0.0025 road=0.0028
[ROMA step 5,052,039,168] sps=238,909  policy_loss=0.0034  value_loss=0.2738  mi_loss=0.0012  mi_valid=0.73  div_loss=-0.1729  kl_loss=0.0000 (disabled)  score=0.901  return=0.725  role_std=8.5535  role_norm=44.4502  enc_delta ego=0.0025 partner=0.0023 road=0.0032
[ROMA step 5,052,825,600] sps=238,824  policy_loss=0.0002  value_loss=0.2297  mi_loss=0.0013  mi_valid=0.76  div_loss=-0.1719  kl_loss=0.0000 (disabled)  score=0.901  return=0.726  role_std=9.1984  role_norm=43.7315  enc_delta ego=0.0021 partner=0.0019 road=0.0024
[ROMA step 5,053,612,032] sps=238,739  policy_loss=-0.0040  value_loss=0.1817  mi_loss=0.0013  mi_valid=0.77  div_loss=-0.1680  kl_loss=0.0000 (disabled)  score=0.901  return=0.725  role_std=6.8892  role_norm=47.2061  enc_delta ego=0.0017 partner=0.0020 road=0.0025
[ROMA step 5,054,398,464] sps=238,652  policy_loss=-0.0012  value_loss=0.2339  mi_loss=0.0012  mi_valid=0.76  div_loss=-0.1777  kl_loss=0.0000 (disabled)  score=0.901  return=0.725  role_std=6.6225  role_norm=47.5958  enc_delta ego=0.0020 partner=0.0021 road=0.0032
[ROMA step 5,055,184,896] sps=238,404  policy_loss=-0.0002  value_loss=0.1740  mi_loss=0.0012  mi_valid=0.73  div_loss=-0.1670  kl_loss=0.0000 (disabled)  score=0.902  return=0.727  role_std=8.0788  role_norm=46.2795  enc_delta ego=0.0022 partner=0.0019 road=0.0032
[ROMA step 5,055,971,328] sps=238,318  policy_loss=0.0062  value_loss=0.1935  mi_loss=0.0012  mi_valid=0.75  div_loss=-0.1592  kl_loss=0.0000 (disabled)  score=0.902  return=0.728  role_std=7.7238  role_norm=46.4671  enc_delta ego=0.0020 partner=0.0019 road=0.0029
[ROMA step 5,056,757,760] sps=238,230  policy_loss=-0.0019  value_loss=0.2100  mi_loss=0.0012  mi_valid=0.75  div_loss=-0.1572  kl_loss=0.0000 (disabled)  score=0.903  return=0.727  role_std=8.0704  role_norm=45.9996  enc_delta ego=0.0015 partner=0.0019 road=0.0027
[ROMA step 5,057,544,192] sps=237,967  policy_loss=-0.0009  value_loss=0.2027  mi_loss=0.0012  mi_valid=0.74  div_loss=-0.1582  kl_loss=0.0000 (disabled)  score=0.903  return=0.727  role_std=6.1735  role_norm=48.7140  enc_delta ego=0.0016 partner=0.0016 road=0.0025
[ROMA step 5,058,330,624] sps=237,878  policy_loss=0.0004  value_loss=0.2363  mi_loss=0.0012  mi_valid=0.75  div_loss=-0.1523  kl_loss=0.0000 (disabled)  score=0.904  return=0.730  role_std=6.7593  role_norm=48.3875  enc_delta ego=0.0019 partner=0.0018 road=0.0027
[ROMA step 5,059,117,056] sps=237,785  policy_loss=-0.0044  value_loss=0.1335  mi_loss=0.0011  mi_valid=0.75  div_loss=-0.1553  kl_loss=0.0000 (disabled)  score=0.905  return=0.733  role_std=6.7221  role_norm=47.6816  enc_delta ego=0.0013 partner=0.0019 road=0.0027
[ROMA step 5,059,903,488] sps=237,697  policy_loss=-0.0028  value_loss=0.1633  mi_loss=0.0012  mi_valid=0.74  div_loss=-0.1553  kl_loss=0.0000 (disabled)  score=0.907  return=0.738  role_std=7.7925  role_norm=46.9620  enc_delta ego=0.0018 partner=0.0019 road=0.0028
[ROMA step 5,060,689,920] sps=237,467  policy_loss=0.0055  value_loss=0.2189  mi_loss=0.0012  mi_valid=0.73  div_loss=-0.1650  kl_loss=0.0000 (disabled)  score=0.908  return=0.742  role_std=8.7607  role_norm=45.4975  enc_delta ego=0.0012 partner=0.0016 road=0.0022
[ROMA step 5,061,476,352] sps=237,387  policy_loss=0.0038  value_loss=0.1800  mi_loss=0.0013  mi_valid=0.76  div_loss=-0.1641  kl_loss=0.0000 (disabled)  score=0.909  return=0.743  role_std=8.1998  role_norm=44.6575  enc_delta ego=0.0018 partner=0.0022 road=0.0029
[ROMA step 5,062,262,784] sps=237,306  policy_loss=-0.0069  value_loss=0.1383  mi_loss=0.0015  mi_valid=0.76  div_loss=-0.1592  kl_loss=0.0000 (disabled)  score=0.910  return=0.745  role_std=7.3262  role_norm=47.3216  enc_delta ego=0.0017 partner=0.0015 road=0.0031
[ROMA step 5,063,049,216] sps=237,084  policy_loss=-0.0007  value_loss=0.2097  mi_loss=0.0013  mi_valid=0.74  div_loss=-0.1660  kl_loss=0.0000 (disabled)  score=0.911  return=0.748  role_std=7.2169  role_norm=47.2116  enc_delta ego=0.0026 partner=0.0016 road=0.0023
[ROMA step 5,063,835,648] sps=237,003  policy_loss=-0.0018  value_loss=0.1783  mi_loss=0.0014  mi_valid=0.75  div_loss=-0.1602  kl_loss=0.0000 (disabled)  score=0.911  return=0.750  role_std=7.4843  role_norm=46.2323  enc_delta ego=0.0038 partner=0.0016 road=0.0025
[ROMA step 5,064,622,080] sps=236,924  policy_loss=-0.0038  value_loss=0.1506  mi_loss=0.0013  mi_valid=0.75  div_loss=-0.1602  kl_loss=0.0000 (disabled)  score=0.912  return=0.752  role_std=7.6438  role_norm=45.8610  enc_delta ego=0.0031 partner=0.0019 road=0.0030
[ROMA step 5,065,408,512] sps=236,842  policy_loss=-0.0053  value_loss=0.1592  mi_loss=0.0013  mi_valid=0.76  div_loss=-0.1572  kl_loss=0.0000 (disabled)  score=0.913  return=0.755  role_std=8.1110  role_norm=45.6142  enc_delta ego=0.0018 partner=0.0018 road=0.0021
[ROMA step 5,066,194,944] sps=236,602  policy_loss=-0.0010  value_loss=0.1662  mi_loss=0.0012  mi_valid=0.75  div_loss=-0.1670  kl_loss=0.0000 (disabled)  score=0.913  return=0.757  role_std=6.5659  role_norm=48.1865  enc_delta ego=0.0019 partner=0.0020 road=0.0023
[ROMA step 5,066,981,376] sps=236,512  policy_loss=-0.0034  value_loss=0.2384  mi_loss=0.0012  mi_valid=0.75  div_loss=-0.1787  kl_loss=0.0000 (disabled)  score=0.914  return=0.759  role_std=8.2846  role_norm=47.5142  enc_delta ego=0.0014 partner=0.0021 road=0.0025
[ROMA step 5,067,767,808] sps=236,429  policy_loss=0.0025  value_loss=0.3018  mi_loss=0.0012  mi_valid=0.75  div_loss=-0.1875  kl_loss=0.0000 (disabled)  score=0.914  return=0.758  role_std=8.2022  role_norm=46.9894  enc_delta ego=0.0013 partner=0.0019 road=0.0029
[ROMA step 5,068,554,240] sps=236,224  policy_loss=0.0044  value_loss=0.2206  mi_loss=0.0012  mi_valid=0.73  div_loss=-0.1816  kl_loss=0.0000 (disabled)  score=0.915  return=0.758  role_std=7.7893  role_norm=44.9699  enc_delta ego=0.0013 partner=0.0019 road=0.0028
[ROMA step 5,069,340,672] sps=236,135  policy_loss=0.0074  value_loss=0.2626  mi_loss=0.0011  mi_valid=0.76  div_loss=-0.1709  kl_loss=0.0000 (disabled)  score=0.914  return=0.755  role_std=8.3049  role_norm=44.6298  enc_delta ego=0.0011 partner=0.0016 road=0.0025
[ROMA step 5,070,127,104] sps=236,042  policy_loss=-0.0089  value_loss=0.1629  mi_loss=0.0012  mi_valid=0.77  div_loss=-0.1621  kl_loss=0.0000 (disabled)  score=0.914  return=0.755  role_std=7.0002  role_norm=47.7178  enc_delta ego=0.0014 partner=0.0019 road=0.0027
[ROMA step 5,070,913,536] sps=235,957  policy_loss=-0.0007  value_loss=0.1079  mi_loss=0.0012  mi_valid=0.77  div_loss=-0.1631  kl_loss=0.0000 (disabled)  score=0.914  return=0.755  role_std=7.2064  role_norm=47.7028  enc_delta ego=0.0012 partner=0.0017 road=0.0030
[ROMA step 5,071,699,968] sps=235,720  policy_loss=-0.0053  value_loss=0.1925  mi_loss=0.0012  mi_valid=0.74  div_loss=-0.1670  kl_loss=0.0000 (disabled)  score=0.914  return=0.755  role_std=7.5996  role_norm=47.7296  enc_delta ego=0.0012 partner=0.0016 road=0.0027
[ROMA step 5,072,486,400] sps=235,632  policy_loss=-0.0043  value_loss=0.1446  mi_loss=0.0013  mi_valid=0.75  div_loss=-0.1621  kl_loss=0.0000 (disabled)  score=0.913  return=0.755  role_std=7.1864  role_norm=47.2303  enc_delta ego=0.0013 partner=0.0017 road=0.0027
[ROMA step 5,073,272,832] sps=235,542  policy_loss=-0.0016  value_loss=0.2040  mi_loss=0.0012  mi_valid=0.75  div_loss=-0.1680  kl_loss=0.0000 (disabled)  score=0.913  return=0.756  role_std=8.2398  role_norm=46.1268  enc_delta ego=0.0015 partner=0.0019 road=0.0026
[ROMA step 5,074,059,264] sps=235,293  policy_loss=-0.0001  value_loss=0.1680  mi_loss=0.0012  mi_valid=0.75  div_loss=-0.1660  kl_loss=0.0000 (disabled)  score=0.913  return=0.757  role_std=8.5273  role_norm=45.2058  enc_delta ego=0.0015 partner=0.0017 road=0.0026
[ROMA step 5,074,845,696] sps=235,202  policy_loss=-0.0024  value_loss=0.2013  mi_loss=0.0012  mi_valid=0.77  div_loss=-0.1660  kl_loss=0.0000 (disabled)  score=0.914  return=0.758  role_std=7.1416  role_norm=47.8063  enc_delta ego=0.0032 partner=0.0019 road=0.0029
[ROMA step 5,075,632,128] sps=235,118  policy_loss=-0.0044  value_loss=0.2136  mi_loss=0.0012  mi_valid=0.75  div_loss=-0.1660  kl_loss=0.0000 (disabled)  score=0.914  return=0.759  role_std=7.7182  role_norm=47.1621  enc_delta ego=0.0015 partner=0.0015 road=0.0027
[ROMA step 5,076,418,560] sps=235,032  policy_loss=0.0009  value_loss=0.2004  mi_loss=0.0012  mi_valid=0.75  div_loss=-0.1787  kl_loss=0.0000 (disabled)  score=0.915  return=0.761  role_std=7.5435  role_norm=46.1834  enc_delta ego=0.0021 partner=0.0020 road=0.0027
[ROMA step 5,077,204,992] sps=234,790  policy_loss=-0.0003  value_loss=0.2338  mi_loss=0.0012  mi_valid=0.73  div_loss=-0.1836  kl_loss=0.0000 (disabled)  score=0.915  return=0.761  role_std=8.4421  role_norm=45.0614  enc_delta ego=0.0015 partner=0.0018 road=0.0028
[ROMA step 5,077,991,424] sps=234,702  policy_loss=0.0067  value_loss=0.2032  mi_loss=0.0012  mi_valid=0.75  div_loss=-0.1816  kl_loss=0.0000 (disabled)  score=0.915  return=0.761  role_std=9.1373  role_norm=43.9579  enc_delta ego=0.0018 partner=0.0016 road=0.0027
[ROMA step 5,078,777,856] sps=234,618  policy_loss=-0.0102  value_loss=0.1765  mi_loss=0.0013  mi_valid=0.76  div_loss=-0.1768  kl_loss=0.0000 (disabled)  score=0.915  return=0.761  role_std=7.6486  role_norm=47.2666  enc_delta ego=0.0016 partner=0.0018 road=0.0026
[ROMA step 5,079,564,288] sps=234,534  policy_loss=0.0005  value_loss=0.2318  mi_loss=0.0012  mi_valid=0.76  div_loss=-0.1797  kl_loss=0.0000 (disabled)  score=0.915  return=0.762  role_std=7.4737  role_norm=47.3866  enc_delta ego=0.0015 partner=0.0016 road=0.0027
[ROMA step 5,080,350,720] sps=234,215  policy_loss=0.0005  value_loss=0.2080  mi_loss=0.0012  mi_valid=0.73  div_loss=-0.1807  kl_loss=0.0000 (disabled)  score=0.916  return=0.764  role_std=7.8352  role_norm=47.1961  enc_delta ego=0.0018 partner=0.0022 road=0.0035
[ROMA step 5,081,137,152] sps=234,129  policy_loss=0.0008  value_loss=0.1600  mi_loss=0.0013  mi_valid=0.75  div_loss=-0.1768  kl_loss=0.0000 (disabled)  score=0.916  return=0.766  role_std=8.3784  role_norm=45.9573  enc_delta ego=0.0014 partner=0.0018 road=0.0030
[ROMA step 5,081,923,584] sps=234,049  policy_loss=-0.0024  value_loss=0.1752  mi_loss=0.0012  mi_valid=0.75  div_loss=-0.1787  kl_loss=0.0000 (disabled)  score=0.916  return=0.768  role_std=8.5712  role_norm=45.2395  enc_delta ego=0.0017 partner=0.0019 road=0.0027
[ROMA step 5,082,710,016] sps=233,802  policy_loss=-0.0011  value_loss=0.1856  mi_loss=0.0013  mi_valid=0.75  div_loss=-0.1689  kl_loss=0.0000 (disabled)  score=0.916  return=0.768  role_std=7.1787  role_norm=47.2520  enc_delta ego=0.0014 partner=0.0018 road=0.0026
[ROMA step 5,083,496,448] sps=233,716  policy_loss=0.0001  value_loss=0.0956  mi_loss=0.0012  mi_valid=0.77  div_loss=-0.1533  kl_loss=0.0000 (disabled)  score=0.916  return=0.770  role_std=6.7385  role_norm=47.5010  enc_delta ego=0.0017 partner=0.0018 road=0.0033
[ROMA step 5,084,282,880] sps=233,632  policy_loss=-0.0075  value_loss=0.1532  mi_loss=0.0011  mi_valid=0.75  div_loss=-0.1562  kl_loss=0.0000 (disabled)  score=0.916  return=0.771  role_std=6.9069  role_norm=47.4833  enc_delta ego=0.0017 partner=0.0024 road=0.0029
[ROMA step 5,085,069,312] sps=233,550  policy_loss=-0.0008  value_loss=0.0935  mi_loss=0.0013  mi_valid=0.75  div_loss=-0.1523  kl_loss=0.0000 (disabled)  score=0.916  return=0.774  role_std=7.0466  role_norm=46.5201  enc_delta ego=0.0013 partner=0.0019 road=0.0029
[ROMA step 5,085,855,744] sps=233,316  policy_loss=-0.0036  value_loss=0.1499  mi_loss=0.0012  mi_valid=0.73  div_loss=-0.1699  kl_loss=0.0000 (disabled)  score=0.916  return=0.773  role_std=7.7979  role_norm=45.5846  enc_delta ego=0.0016 partner=0.0025 road=0.0034
[ROMA step 5,086,642,176] sps=233,232  policy_loss=-0.0000  value_loss=0.1556  mi_loss=0.0012  mi_valid=0.75  div_loss=-0.1738  kl_loss=0.0000 (disabled)  score=0.915  return=0.771  role_std=8.7054  role_norm=43.8990  enc_delta ego=0.0020 partner=0.0021 road=0.0029
[ROMA step 5,087,428,608] sps=233,146  policy_loss=0.0023  value_loss=0.2160  mi_loss=0.0011  mi_valid=0.76  div_loss=-0.1807  kl_loss=0.0000 (disabled)  score=0.914  return=0.768  role_std=7.6449  role_norm=46.9917  enc_delta ego=0.0014 partner=0.0015 road=0.0022
[ROMA step 5,088,215,040] sps=232,921  policy_loss=0.0003  value_loss=0.1580  mi_loss=0.0011  mi_valid=0.74  div_loss=-0.1826  kl_loss=0.0000 (disabled)  score=0.914  return=0.768  role_std=7.2636  role_norm=47.1105  enc_delta ego=0.0014 partner=0.0020 road=0.0029
[ROMA step 5,089,001,472] sps=232,834  policy_loss=-0.0049  value_loss=0.1665  mi_loss=0.0012  mi_valid=0.75  div_loss=-0.1855  kl_loss=0.0000 (disabled)  score=0.913  return=0.767  role_std=7.8228  role_norm=46.0138  enc_delta ego=0.0014 partner=0.0018 road=0.0028
[ROMA step 5,089,787,904] sps=232,756  policy_loss=0.0039  value_loss=0.1754  mi_loss=0.0012  mi_valid=0.75  div_loss=-0.1826  kl_loss=0.0000 (disabled)  score=0.913  return=0.766  role_std=8.4366  role_norm=44.7869  enc_delta ego=0.0017 partner=0.0019 road=0.0024
[ROMA step 5,090,574,336] sps=232,675  policy_loss=-0.0020  value_loss=0.1032  mi_loss=0.0012  mi_valid=0.75  div_loss=-0.1787  kl_loss=0.0000 (disabled)  score=0.913  return=0.766  role_std=8.9465  role_norm=44.6858  enc_delta ego=0.0014 partner=0.0018 road=0.0024
[ROMA step 5,091,360,768] sps=232,439  policy_loss=-0.0086  value_loss=0.1481  mi_loss=0.0012  mi_valid=0.74  div_loss=-0.1836  kl_loss=0.0000 (disabled)  score=0.913  return=0.768  role_std=7.8612  role_norm=46.0253  enc_delta ego=0.0015 partner=0.0019 road=0.0026
[ROMA step 5,092,147,200] sps=232,357  policy_loss=0.0046  value_loss=0.1979  mi_loss=0.0012  mi_valid=0.75  div_loss=-0.1855  kl_loss=0.0000 (disabled)  score=0.914  return=0.769  role_std=7.6927  role_norm=46.3425  enc_delta ego=0.0015 partner=0.0025 road=0.0028
[ROMA step 5,092,933,632] sps=232,270  policy_loss=0.0014  value_loss=0.1796  mi_loss=0.0011  mi_valid=0.75  div_loss=-0.1699  kl_loss=0.0000 (disabled)  score=0.914  return=0.770  role_std=7.6331  role_norm=46.1044  enc_delta ego=0.0014 partner=0.0019 road=0.0024
[ROMA step 5,093,720,064] sps=232,054  policy_loss=0.0031  value_loss=0.2104  mi_loss=0.0012  mi_valid=0.72  div_loss=-0.1768  kl_loss=0.0000 (disabled)  score=0.914  return=0.773  role_std=8.3176  role_norm=45.1547  enc_delta ego=0.0016 partner=0.0019 road=0.0026
[ROMA step 5,094,506,496] sps=231,968  policy_loss=0.0015  value_loss=0.2503  mi_loss=0.0012  mi_valid=0.75  div_loss=-0.1660  kl_loss=0.0000 (disabled)  score=0.914  return=0.774  role_std=8.8320  role_norm=45.5305  enc_delta ego=0.0020 partner=0.0019 road=0.0028
[ROMA step 5,095,292,928] sps=231,882  policy_loss=0.0029  value_loss=0.2500  mi_loss=0.0012  mi_valid=0.76  div_loss=-0.1650  kl_loss=0.0000 (disabled)  score=0.914  return=0.777  role_std=7.7917  role_norm=45.5716  enc_delta ego=0.0025 partner=0.0021 road=0.0028
[ROMA step 5,096,079,360] sps=231,799  policy_loss=0.0068  value_loss=0.2557  mi_loss=0.0012  mi_valid=0.76  div_loss=-0.1787  kl_loss=0.0000 (disabled)  score=0.915  return=0.779  role_std=7.6302  role_norm=47.8588  enc_delta ego=0.0020 partner=0.0025 road=0.0031
[ROMA step 5,096,865,792] sps=231,541  policy_loss=-0.0041  value_loss=0.2529  mi_loss=0.0012  mi_valid=0.73  div_loss=-0.1836  kl_loss=0.0000 (disabled)  score=0.915  return=0.780  role_std=7.8857  role_norm=47.2771  enc_delta ego=0.0014 partner=0.0017 road=0.0029
[ROMA step 5,097,652,224] sps=231,455  policy_loss=-0.0032  value_loss=0.1943  mi_loss=0.0010  mi_valid=0.74  div_loss=-0.1807  kl_loss=0.0000 (disabled)  score=0.917  return=0.777  role_std=8.2302  role_norm=46.4387  enc_delta ego=0.0014 partner=0.0016 road=0.0022
[ROMA step 5,098,438,656] sps=231,369  policy_loss=0.0013  value_loss=0.2381  mi_loss=0.0011  mi_valid=0.74  div_loss=-0.1777  kl_loss=0.0000 (disabled)  score=0.918  return=0.776  role_std=9.1539  role_norm=46.4212  enc_delta ego=0.0020 partner=0.0017 road=0.0028
[ROMA step 5,099,225,088] sps=231,128  policy_loss=-0.0002  value_loss=0.2478  mi_loss=0.0010  mi_valid=0.74  div_loss=-0.1875  kl_loss=0.0000 (disabled)  score=0.918  return=0.775  role_std=8.0406  role_norm=43.7990  enc_delta ego=0.0011 partner=0.0016 road=0.0026
[ROMA step 5,100,011,520] sps=231,053  policy_loss=-0.0032  value_loss=0.1366  mi_loss=0.0012  mi_valid=0.78  div_loss=-0.1895  kl_loss=0.0000 (disabled)  score=0.918  return=0.774  role_std=6.8530  role_norm=47.6120  enc_delta ego=0.0022 partner=0.0023 road=0.0033
[ROMA step 5,100,797,952] sps=230,969  policy_loss=-0.0048  value_loss=0.2205  mi_loss=0.0013  mi_valid=0.76  div_loss=-0.1953  kl_loss=0.0000 (disabled)  score=0.918  return=0.771  role_std=8.2728  role_norm=46.5213  enc_delta ego=0.0024 partner=0.0023 road=0.0033
[ROMA step 5,101,584,384] sps=230,889  policy_loss=0.0022  value_loss=0.2937  mi_loss=0.0012  mi_valid=0.76  div_loss=-0.1963  kl_loss=0.0000 (disabled)  score=0.917  return=0.767  role_std=8.7226  role_norm=46.1776  enc_delta ego=0.0022 partner=0.0023 road=0.0031
[ROMA step 5,102,370,816] sps=230,658  policy_loss=-0.0033  value_loss=0.2740  mi_loss=0.0012  mi_valid=0.74  div_loss=-0.1846  kl_loss=0.0000 (disabled)  score=0.916  return=0.764  role_std=8.4942  role_norm=45.2446  enc_delta ego=0.0015 partner=0.0017 road=0.0025
[ROMA step 5,103,157,248] sps=230,575  policy_loss=-0.0016  value_loss=0.1489  mi_loss=0.0012  mi_valid=0.75  div_loss=-0.1709  kl_loss=0.0000 (disabled)  score=0.916  return=0.765  role_std=8.8494  role_norm=44.7182  enc_delta ego=0.0014 partner=0.0016 road=0.0024
[ROMA step 5,103,943,680] sps=230,493  policy_loss=-0.0075  value_loss=0.0960  mi_loss=0.0012  mi_valid=0.76  div_loss=-0.1670  kl_loss=0.0000 (disabled)  score=0.916  return=0.765  role_std=7.0716  role_norm=47.9502  enc_delta ego=0.0013 partner=0.0013 road=0.0023
[ROMA step 5,104,730,112] sps=230,412  policy_loss=-0.0028  value_loss=0.1203  mi_loss=0.0013  mi_valid=0.76  div_loss=-0.1689  kl_loss=0.0000 (disabled)  score=0.916  return=0.768  role_std=7.4504  role_norm=47.3282  enc_delta ego=0.0013 partner=0.0017 road=0.0022
[ROMA step 5,105,516,544] sps=230,174  policy_loss=0.0036  value_loss=0.1751  mi_loss=0.0011  mi_valid=0.74  div_loss=-0.1699  kl_loss=0.0000 (disabled)  score=0.916  return=0.770  role_std=7.7742  role_norm=47.1087  enc_delta ego=0.0017 partner=0.0022 road=0.0027
[ROMA step 5,106,302,976] sps=230,096  policy_loss=0.0026  value_loss=0.1288  mi_loss=0.0011  mi_valid=0.75  div_loss=-0.1582  kl_loss=0.0000 (disabled)  score=0.916  return=0.772  role_std=7.6179  role_norm=46.2806  enc_delta ego=0.0014 partner=0.0016 road=0.0026
[ROMA step 5,107,089,408] sps=230,018  policy_loss=0.0037  value_loss=0.1049  mi_loss=0.0011  mi_valid=0.75  div_loss=-0.1582  kl_loss=0.0000 (disabled)  score=0.916  return=0.775  role_std=7.5428  role_norm=45.6158  enc_delta ego=0.0010 partner=0.0015 road=0.0022
[ROMA step 5,107,875,840] sps=229,786  policy_loss=0.0058  value_loss=0.1305  mi_loss=0.0011  mi_valid=0.74  div_loss=-0.1680  kl_loss=0.0000 (disabled)  score=0.917  return=0.776  role_std=6.9529  role_norm=47.5393  enc_delta ego=0.0015 partner=0.0016 road=0.0022
[ROMA step 5,108,662,272] sps=229,710  policy_loss=0.0020  value_loss=0.1304  mi_loss=0.0012  mi_valid=0.77  div_loss=-0.1719  kl_loss=0.0000 (disabled)  score=0.917  return=0.776  role_std=7.0598  role_norm=47.6270  enc_delta ego=0.0015 partner=0.0019 road=0.0027
[ROMA step 5,109,448,704] sps=229,633  policy_loss=-0.0030  value_loss=0.1425  mi_loss=0.0012  mi_valid=0.75  div_loss=-0.1699  kl_loss=0.0000 (disabled)  score=0.917  return=0.775  role_std=7.7586  role_norm=46.6485  enc_delta ego=0.0015 partner=0.0017 road=0.0026
[ROMA step 5,110,235,136] sps=229,550  policy_loss=-0.0002  value_loss=0.1503  mi_loss=0.0011  mi_valid=0.76  div_loss=-0.1709  kl_loss=0.0000 (disabled)  score=0.917  return=0.774  role_std=7.5107  role_norm=46.7341  enc_delta ego=0.0015 partner=0.0021 road=0.0025
[ROMA step 5,111,021,568] sps=229,311  policy_loss=-0.0017  value_loss=0.1977  mi_loss=0.0012  mi_valid=0.74  div_loss=-0.1709  kl_loss=0.0000 (disabled)  score=0.917  return=0.773  role_std=7.9236  role_norm=44.7217  enc_delta ego=0.0012 partner=0.0019 road=0.0024
[ROMA step 5,111,808,000] sps=229,236  policy_loss=0.0049  value_loss=0.1499  mi_loss=0.0011  mi_valid=0.75  div_loss=-0.1641  kl_loss=0.0000 (disabled)  score=0.917  return=0.774  role_std=8.1317  role_norm=44.0548  enc_delta ego=0.0012 partner=0.0016 road=0.0026
[ROMA step 5,112,594,432] sps=229,156  policy_loss=-0.0030  value_loss=0.1166  mi_loss=0.0011  mi_valid=0.76  div_loss=-0.1631  kl_loss=0.0000 (disabled)  score=0.917  return=0.774  role_std=6.6371  role_norm=47.6324  enc_delta ego=0.0014 partner=0.0021 road=0.0039
[ROMA step 5,113,380,864] sps=228,914  policy_loss=-0.0053  value_loss=0.1346  mi_loss=0.0011  mi_valid=0.74  div_loss=-0.1748  kl_loss=0.0000 (disabled)  score=0.917  return=0.775  role_std=6.5884  role_norm=47.4829  enc_delta ego=0.0018 partner=0.0019 road=0.0026
[ROMA step 5,114,167,296] sps=228,831  policy_loss=0.0024  value_loss=0.1647  mi_loss=0.0011  mi_valid=0.75  div_loss=-0.1689  kl_loss=0.0000 (disabled)  score=0.918  return=0.775  role_std=7.5794  role_norm=46.3250  enc_delta ego=0.0020 partner=0.0020 road=0.0027
[ROMA step 5,114,953,728] sps=228,758  policy_loss=0.0004  value_loss=0.1642  mi_loss=0.0014  mi_valid=0.74  div_loss=-0.1709  kl_loss=0.0000 (disabled)  score=0.918  return=0.775  role_std=7.5530  role_norm=45.8806  enc_delta ego=0.0021 partner=0.0020 road=0.0025
[ROMA step 5,115,740,160] sps=228,683  policy_loss=-0.0008  value_loss=0.1874  mi_loss=0.0013  mi_valid=0.75  div_loss=-0.1699  kl_loss=0.0000 (disabled)  score=0.919  return=0.778  role_std=7.9494  role_norm=45.2061  enc_delta ego=0.0015 partner=0.0018 road=0.0026
[ROMA step 5,116,526,592] sps=228,462  policy_loss=-0.0016  value_loss=0.1337  mi_loss=0.0011  mi_valid=0.74  div_loss=-0.1670  kl_loss=0.0000 (disabled)  score=0.920  return=0.777  role_std=6.8618  role_norm=47.4485  enc_delta ego=0.0013 partner=0.0014 road=0.0026
[ROMA step 5,117,313,024] sps=228,390  policy_loss=-0.0002  value_loss=0.1739  mi_loss=0.0010  mi_valid=0.75  div_loss=-0.1650  kl_loss=0.0000 (disabled)  score=0.921  return=0.780  role_std=7.1477  role_norm=46.8589  enc_delta ego=0.0022 partner=0.0019 road=0.0029
[ROMA step 5,118,099,456] sps=228,316  policy_loss=-0.0004  value_loss=0.0837  mi_loss=0.0013  mi_valid=0.75  div_loss=-0.1621  kl_loss=0.0000 (disabled)  score=0.921  return=0.781  role_std=7.0928  role_norm=46.7234  enc_delta ego=0.0018 partner=0.0013 road=0.0025
[ROMA step 5,118,885,888] sps=228,071  policy_loss=-0.0022  value_loss=0.1778  mi_loss=0.0012  mi_valid=0.73  div_loss=-0.1719  kl_loss=0.0000 (disabled)  score=0.920  return=0.779  role_std=7.7792  role_norm=45.3949  enc_delta ego=0.0018 partner=0.0018 road=0.0030
[ROMA step 5,119,672,320] sps=227,986  policy_loss=-0.0015  value_loss=0.1420  mi_loss=0.0013  mi_valid=0.75  div_loss=-0.1641  kl_loss=0.0000 (disabled)  score=0.920  return=0.778  role_std=8.7873  role_norm=44.8370  enc_delta ego=0.0014 partner=0.0015 road=0.0025
[ROMA step 5,120,458,752] sps=227,906  policy_loss=-0.0032  value_loss=0.1195  mi_loss=0.0012  mi_valid=0.75  div_loss=-0.1709  kl_loss=0.0000 (disabled)  score=0.920  return=0.777  role_std=8.4711  role_norm=44.4907  enc_delta ego=0.0012 partner=0.0017 road=0.0024
[ROMA step 5,121,245,184] sps=227,827  policy_loss=0.0000  value_loss=0.1419  mi_loss=0.0012  mi_valid=0.76  div_loss=-0.1738  kl_loss=0.0000 (disabled)  score=0.920  return=0.781  role_std=7.1557  role_norm=47.8235  enc_delta ego=0.0015 partner=0.0016 road=0.0024
[ROMA step 5,122,031,616] sps=227,511  policy_loss=-0.0016  value_loss=0.1988  mi_loss=0.0011  mi_valid=0.73  div_loss=-0.1855  kl_loss=0.0000 (disabled)  score=0.919  return=0.780  role_std=8.1898  role_norm=47.6588  enc_delta ego=0.0018 partner=0.0023 road=0.0029
[ROMA step 5,122,818,048] sps=227,437  policy_loss=-0.0006  value_loss=0.2977  mi_loss=0.0011  mi_valid=0.75  div_loss=-0.1953  kl_loss=0.0000 (disabled)  score=0.919  return=0.778  role_std=8.5352  role_norm=46.7434  enc_delta ego=0.0018 partner=0.0024 road=0.0035
[ROMA step 5,123,604,480] sps=227,362  policy_loss=-0.0057  value_loss=0.1564  mi_loss=0.0012  mi_valid=0.75  div_loss=-0.1914  kl_loss=0.0000 (disabled)  score=0.919  return=0.778  role_std=9.1272  role_norm=45.5628  enc_delta ego=0.0020 partner=0.0024 road=0.0032
[ROMA step 5,124,390,912] sps=227,077  policy_loss=0.0012  value_loss=0.2838  mi_loss=0.0011  mi_valid=0.73  div_loss=-0.1875  kl_loss=0.0000 (disabled)  score=0.918  return=0.781  role_std=9.8441  role_norm=42.8378  enc_delta ego=0.0014 partner=0.0019 road=0.0025
[ROMA step 5,125,177,344] sps=226,999  policy_loss=-0.0032  value_loss=0.2138  mi_loss=0.0012  mi_valid=0.77  div_loss=-0.1826  kl_loss=0.0000 (disabled)  score=0.917  return=0.779  role_std=7.2176  role_norm=47.5417  enc_delta ego=0.0027 partner=0.0020 road=0.0027
[ROMA step 5,125,963,776] sps=226,920  policy_loss=-0.0038  value_loss=0.3156  mi_loss=0.0013  mi_valid=0.75  div_loss=-0.2002  kl_loss=0.0000 (disabled)  score=0.917  return=0.777  role_std=7.9577  role_norm=46.6296  enc_delta ego=0.0023 partner=0.0028 road=0.0030
[ROMA step 5,126,750,208] sps=226,835  policy_loss=0.0006  value_loss=0.2601  mi_loss=0.0014  mi_valid=0.75  div_loss=-0.2002  kl_loss=0.0000 (disabled)  score=0.917  return=0.777  role_std=8.4327  role_norm=45.8803  enc_delta ego=0.0025 partner=0.0022 road=0.0028
[ROMA step 5,127,536,640] sps=226,575  policy_loss=0.0020  value_loss=0.2600  mi_loss=0.0012  mi_valid=0.73  div_loss=-0.1973  kl_loss=0.0000 (disabled)  score=0.916  return=0.777  role_std=9.2018  role_norm=44.4266  enc_delta ego=0.0015 partner=0.0019 road=0.0027
[ROMA step 5,128,323,072] sps=226,504  policy_loss=0.0093  value_loss=0.2262  mi_loss=0.0011  mi_valid=0.75  div_loss=-0.1963  kl_loss=0.0000 (disabled)  score=0.916  return=0.778  role_std=9.4869  role_norm=43.8301  enc_delta ego=0.0018 partner=0.0022 road=0.0028
[ROMA step 5,129,109,504] sps=226,426  policy_loss=-0.0057  value_loss=0.1625  mi_loss=0.0012  mi_valid=0.76  div_loss=-0.1895  kl_loss=0.0000 (disabled)  score=0.917  return=0.781  role_std=7.5070  role_norm=46.7259  enc_delta ego=0.0012 partner=0.0018 road=0.0024
[ROMA step 5,129,895,936] sps=226,345  policy_loss=0.0017  value_loss=0.2539  mi_loss=0.0011  mi_valid=0.76  div_loss=-0.1963  kl_loss=0.0000 (disabled)  score=0.917  return=0.779  role_std=8.0341  role_norm=47.0258  enc_delta ego=0.0015 partner=0.0020 road=0.0026
[ROMA step 5,130,682,368] sps=226,052  policy_loss=0.0053  value_loss=0.1795  mi_loss=0.0012  mi_valid=0.74  div_loss=-0.1758  kl_loss=0.0000 (disabled)  score=0.916  return=0.777  role_std=7.6892  role_norm=45.8299  enc_delta ego=0.0019 partner=0.0024 road=0.0040
[ROMA step 5,131,468,800] sps=225,970  policy_loss=-0.0010  value_loss=0.1188  mi_loss=0.0012  mi_valid=0.76  div_loss=-0.1631  kl_loss=0.0000 (disabled)  score=0.916  return=0.776  role_std=7.7336  role_norm=45.4000  enc_delta ego=0.0017 partner=0.0017 road=0.0032
[ROMA step 5,132,255,232] sps=225,892  policy_loss=-0.0059  value_loss=0.1133  mi_loss=0.0012  mi_valid=0.75  div_loss=-0.1582  kl_loss=0.0000 (disabled)  score=0.916  return=0.777  role_std=7.6532  role_norm=45.1628  enc_delta ego=0.0011 partner=0.0013 road=0.0020
[ROMA step 5,133,041,664] sps=225,668  policy_loss=0.0023  value_loss=0.1547  mi_loss=0.0012  mi_valid=0.74  div_loss=-0.1670  kl_loss=0.0000 (disabled)  score=0.916  return=0.776  role_std=7.0077  role_norm=47.4345  enc_delta ego=0.0014 partner=0.0015 road=0.0026
[ROMA step 5,133,828,096] sps=225,593  policy_loss=0.0047  value_loss=0.2442  mi_loss=0.0012  mi_valid=0.76  div_loss=-0.1729  kl_loss=0.0000 (disabled)  score=0.916  return=0.773  role_std=7.3862  role_norm=47.2243  enc_delta ego=0.0020 partner=0.0020 road=0.0034
[ROMA step 5,134,614,528] sps=225,518  policy_loss=-0.0002  value_loss=0.2422  mi_loss=0.0012  mi_valid=0.75  div_loss=-0.1729  kl_loss=0.0000 (disabled)  score=0.916  return=0.772  role_std=7.4382  role_norm=46.9683  enc_delta ego=0.0017 partner=0.0017 road=0.0026
[ROMA step 5,135,400,960] sps=225,445  policy_loss=0.0007  value_loss=0.2246  mi_loss=0.0013  mi_valid=0.75  div_loss=-0.1758  kl_loss=0.0000 (disabled)  score=0.916  return=0.772  role_std=8.1358  role_norm=46.2854  enc_delta ego=0.0015 partner=0.0019 road=0.0029
[ROMA step 5,136,187,392] sps=225,211  policy_loss=-0.0012  value_loss=0.1917  mi_loss=0.0012  mi_valid=0.73  div_loss=-0.1748  kl_loss=0.0000 (disabled)  score=0.916  return=0.772  role_std=8.4887  role_norm=45.7058  enc_delta ego=0.0017 partner=0.0018 road=0.0029
[ROMA step 5,136,973,824] sps=225,131  policy_loss=-0.0044  value_loss=0.1481  mi_loss=0.0011  mi_valid=0.75  div_loss=-0.1709  kl_loss=0.0000 (disabled)  score=0.916  return=0.774  role_std=8.8251  role_norm=44.7212  enc_delta ego=0.0015 partner=0.0016 road=0.0024
[ROMA step 5,137,760,256] sps=225,055  policy_loss=-0.0052  value_loss=0.2159  mi_loss=0.0012  mi_valid=0.76  div_loss=-0.1758  kl_loss=0.0000 (disabled)  score=0.916  return=0.774  role_std=7.9417  role_norm=47.3246  enc_delta ego=0.0015 partner=0.0016 road=0.0021
[ROMA step 5,138,546,688] sps=224,401  policy_loss=0.0018  value_loss=0.2293  mi_loss=0.0012  mi_valid=0.74  div_loss=-0.1797  kl_loss=0.0000 (disabled)  score=0.916  return=0.772  role_std=7.1063  role_norm=47.7372  enc_delta ego=0.0016 partner=0.0019 road=0.0027
[ROMA step 5,139,333,120] sps=224,324  policy_loss=-0.0014  value_loss=0.1312  mi_loss=0.0013  mi_valid=0.75  div_loss=-0.1709  kl_loss=0.0000 (disabled)  score=0.916  return=0.772  role_std=7.5330  role_norm=46.9938  enc_delta ego=0.0013 partner=0.0019 road=0.0025
[ROMA step 5,140,119,552] sps=224,249  policy_loss=0.0020  value_loss=0.1878  mi_loss=0.0013  mi_valid=0.74  div_loss=-0.1738  kl_loss=0.0000 (disabled)  score=0.916  return=0.774  role_std=8.0824  role_norm=46.1609  enc_delta ego=0.0015 partner=0.0019 road=0.0025
[ROMA step 5,140,905,984] sps=224,176  policy_loss=-0.0037  value_loss=0.2155  mi_loss=0.0014  mi_valid=0.74  div_loss=-0.1777  kl_loss=0.0000 (disabled)  score=0.917  return=0.776  role_std=9.3108  role_norm=45.3350  enc_delta ego=0.0017 partner=0.0019 road=0.0025
[ROMA step 5,141,692,416] sps=223,939  policy_loss=-0.0023  value_loss=0.2215  mi_loss=0.0012  mi_valid=0.74  div_loss=-0.1768  kl_loss=0.0000 (disabled)  score=0.916  return=0.775  role_std=7.5991  role_norm=47.3250  enc_delta ego=0.0013 partner=0.0023 road=0.0029
[ROMA step 5,142,478,848] sps=223,866  policy_loss=-0.0011  value_loss=0.1473  mi_loss=0.0011  mi_valid=0.76  div_loss=-0.1709  kl_loss=0.0000 (disabled)  score=0.916  return=0.773  role_std=7.3211  role_norm=47.6680  enc_delta ego=0.0016 partner=0.0020 road=0.0033
[ROMA step 5,143,265,280] sps=223,796  policy_loss=0.0026  value_loss=0.2013  mi_loss=0.0011  mi_valid=0.75  div_loss=-0.1738  kl_loss=0.0000 (disabled)  score=0.915  return=0.772  role_std=7.7619  role_norm=47.6678  enc_delta ego=0.0016 partner=0.0018 road=0.0025
[ROMA step 5,144,051,712] sps=223,570  policy_loss=0.0052  value_loss=0.2290  mi_loss=0.0011  mi_valid=0.73  div_loss=-0.1768  kl_loss=0.0000 (disabled)  score=0.916  return=0.772  role_std=9.4051  role_norm=45.5871  enc_delta ego=0.0016 partner=0.0019 road=0.0025
[ROMA step 5,144,838,144] sps=223,502  policy_loss=0.0033  value_loss=0.1923  mi_loss=0.0011  mi_valid=0.75  div_loss=-0.1836  kl_loss=0.0000 (disabled)  score=0.915  return=0.768  role_std=8.7632  role_norm=45.7618  enc_delta ego=0.0017 partner=0.0021 road=0.0030
[ROMA step 5,145,624,576] sps=223,428  policy_loss=0.0011  value_loss=0.1529  mi_loss=0.0011  mi_valid=0.75  div_loss=-0.1670  kl_loss=0.0000 (disabled)  score=0.915  return=0.769  role_std=9.3896  role_norm=45.1325  enc_delta ego=0.0024 partner=0.0021 road=0.0031
[ROMA step 5,146,411,008] sps=223,358  policy_loss=-0.0016  value_loss=0.1894  mi_loss=0.0011  mi_valid=0.76  div_loss=-0.1680  kl_loss=0.0000 (disabled)  score=0.916  return=0.769  role_std=7.6225  role_norm=48.2013  enc_delta ego=0.0026 partner=0.0017 road=0.0035
[ROMA step 5,147,197,440] sps=223,127  policy_loss=0.0009  value_loss=0.1623  mi_loss=0.0012  mi_valid=0.73  div_loss=-0.1689  kl_loss=0.0000 (disabled)  score=0.916  return=0.768  role_std=7.4854  role_norm=48.2493  enc_delta ego=0.0018 partner=0.0018 road=0.0023
[ROMA step 5,147,983,872] sps=223,051  policy_loss=-0.0013  value_loss=0.0986  mi_loss=0.0012  mi_valid=0.75  div_loss=-0.1602  kl_loss=0.0000 (disabled)  score=0.916  return=0.768  role_std=7.5876  role_norm=48.2692  enc_delta ego=0.0017 partner=0.0015 road=0.0022
[ROMA step 5,148,770,304] sps=222,977  policy_loss=0.0019  value_loss=0.1221  mi_loss=0.0013  mi_valid=0.74  div_loss=-0.1592  kl_loss=0.0000 (disabled)  score=0.917  return=0.771  role_std=8.0307  role_norm=47.5918  enc_delta ego=0.0015 partner=0.0016 road=0.0026
[ROMA step 5,149,556,736] sps=222,755  policy_loss=-0.0056  value_loss=0.1803  mi_loss=0.0012  mi_valid=0.72  div_loss=-0.1611  kl_loss=0.0000 (disabled)  score=0.918  return=0.775  role_std=9.2590  role_norm=43.7355  enc_delta ego=0.0010 partner=0.0012 road=0.0015
[ROMA step 5,150,343,168] sps=222,678  policy_loss=0.0013  value_loss=0.1905  mi_loss=0.0012  mi_valid=0.77  div_loss=-0.1650  kl_loss=0.0000 (disabled)  score=0.917  return=0.772  role_std=6.7851  role_norm=49.0852  enc_delta ego=0.0011 partner=0.0013 road=0.0018
[ROMA step 5,151,129,600] sps=222,601  policy_loss=0.0045  value_loss=0.2338  mi_loss=0.0012  mi_valid=0.76  div_loss=-0.1689  kl_loss=0.0000 (disabled)  score=0.918  return=0.775  role_std=7.1339  role_norm=48.8958  enc_delta ego=0.0027 partner=0.0020 road=0.0027
[ROMA step 5,151,916,032] sps=222,530  policy_loss=0.0007  value_loss=0.1533  mi_loss=0.0013  mi_valid=0.75  div_loss=-0.1729  kl_loss=0.0000 (disabled)  score=0.918  return=0.778  role_std=8.1639  role_norm=48.0020  enc_delta ego=0.0016 partner=0.0016 road=0.0027
[ROMA step 5,152,702,464] sps=222,285  policy_loss=0.0051  value_loss=0.1984  mi_loss=0.0013  mi_valid=0.73  div_loss=-0.1699  kl_loss=0.0000 (disabled)  score=0.919  return=0.781  role_std=7.9384  role_norm=46.6830  enc_delta ego=0.0020 partner=0.0019 road=0.0025
[ROMA step 5,153,488,896] sps=222,216  policy_loss=0.0033  value_loss=0.1577  mi_loss=0.0013  mi_valid=0.73  div_loss=-0.1592  kl_loss=0.0000 (disabled)  score=0.921  return=0.787  role_std=8.2475  role_norm=46.4060  enc_delta ego=0.0017 partner=0.0015 road=0.0025
[ROMA step 5,154,275,328] sps=222,148  policy_loss=0.0007  value_loss=0.1895  mi_loss=0.0012  mi_valid=0.74  div_loss=-0.1602  kl_loss=0.0000 (disabled)  score=0.923  return=0.791  role_std=7.9576  role_norm=46.4873  enc_delta ego=0.0012 partner=0.0014 road=0.0023
[ROMA step 5,155,061,760] sps=222,073  policy_loss=-0.0057  value_loss=0.1759  mi_loss=0.0012  mi_valid=0.74  div_loss=-0.1562  kl_loss=0.0000 (disabled)  score=0.923  return=0.790  role_std=7.2955  role_norm=48.8117  enc_delta ego=0.0015 partner=0.0016 road=0.0021
[ROMA step 5,155,848,192] sps=221,840  policy_loss=0.0062  value_loss=0.1918  mi_loss=0.0012  mi_valid=0.72  div_loss=-0.1699  kl_loss=0.0000 (disabled)  score=0.924  return=0.794  role_std=7.2184  role_norm=48.6325  enc_delta ego=0.0018 partner=0.0026 road=0.0034
[ROMA step 5,156,634,624] sps=221,762  policy_loss=-0.0090  value_loss=0.1399  mi_loss=0.0011  mi_valid=0.74  div_loss=-0.1660  kl_loss=0.0000 (disabled)  score=0.925  return=0.797  role_std=7.8329  role_norm=47.7068  enc_delta ego=0.0018 partner=0.0019 road=0.0031
[ROMA step 5,157,421,056] sps=221,686  policy_loss=0.0045  value_loss=0.1271  mi_loss=0.0012  mi_valid=0.74  div_loss=-0.1670  kl_loss=0.0000 (disabled)  score=0.926  return=0.798  role_std=7.6252  role_norm=47.5130  enc_delta ego=0.0019 partner=0.0023 road=0.0030
[ROMA step 5,158,207,488] sps=221,459  policy_loss=0.0028  value_loss=0.1499  mi_loss=0.0011  mi_valid=0.73  div_loss=-0.1680  kl_loss=0.0000 (disabled)  score=0.927  return=0.798  role_std=8.2263  role_norm=44.8850  enc_delta ego=0.0013 partner=0.0019 road=0.0027
[ROMA step 5,158,993,920] sps=221,387  policy_loss=-0.0025  value_loss=0.2141  mi_loss=0.0011  mi_valid=0.76  div_loss=-0.1748  kl_loss=0.0000 (disabled)  score=0.927  return=0.797  role_std=7.2602  role_norm=48.4504  enc_delta ego=0.0019 partner=0.0019 road=0.0032
[ROMA step 5,159,780,352] sps=221,312  policy_loss=0.0084  value_loss=0.2258  mi_loss=0.0012  mi_valid=0.74  div_loss=-0.1797  kl_loss=0.0000 (disabled)  score=0.927  return=0.798  role_std=7.5509  role_norm=48.0219  enc_delta ego=0.0017 partner=0.0019 road=0.0025
[ROMA step 5,160,566,784] sps=221,245  policy_loss=-0.0003  value_loss=0.2128  mi_loss=0.0011  mi_valid=0.74  div_loss=-0.1816  kl_loss=0.0000 (disabled)  score=0.928  return=0.800  role_std=8.9212  role_norm=47.3604  enc_delta ego=0.0015 partner=0.0018 road=0.0025
[ROMA step 5,161,353,216] sps=221,017  policy_loss=0.0009  value_loss=0.2533  mi_loss=0.0011  mi_valid=0.73  div_loss=-0.1797  kl_loss=0.0000 (disabled)  score=0.928  return=0.799  role_std=9.2076  role_norm=45.9537  enc_delta ego=0.0016 partner=0.0016 road=0.0027
[ROMA step 5,162,139,648] sps=220,944  policy_loss=0.0008  value_loss=0.1729  mi_loss=0.0011  mi_valid=0.75  div_loss=-0.1699  kl_loss=0.0000 (disabled)  score=0.929  return=0.799  role_std=8.5591  role_norm=45.8989  enc_delta ego=0.0016 partner=0.0013 road=0.0019
[ROMA step 5,162,926,080] sps=220,879  policy_loss=-0.0011  value_loss=0.1608  mi_loss=0.0012  mi_valid=0.75  div_loss=-0.1670  kl_loss=0.0000 (disabled)  score=0.930  return=0.798  role_std=7.6645  role_norm=47.7812  enc_delta ego=0.0020 partner=0.0014 road=0.0022
[ROMA step 5,163,712,512] sps=220,631  policy_loss=-0.0026  value_loss=0.2248  mi_loss=0.0012  mi_valid=0.74  div_loss=-0.1768  kl_loss=0.0000 (disabled)  score=0.930  return=0.797  role_std=6.7183  role_norm=48.9332  enc_delta ego=0.0023 partner=0.0019 road=0.0030
[ROMA step 5,164,498,944] sps=220,555  policy_loss=0.0035  value_loss=0.1524  mi_loss=0.0012  mi_valid=0.75  div_loss=-0.1631  kl_loss=0.0000 (disabled)  score=0.931  return=0.796  role_std=7.9638  role_norm=47.9783  enc_delta ego=0.0015 partner=0.0016 road=0.0024
[ROMA step 5,165,285,376] sps=220,480  policy_loss=-0.0065  value_loss=0.1851  mi_loss=0.0012  mi_valid=0.75  div_loss=-0.1748  kl_loss=0.0000 (disabled)  score=0.930  return=0.793  role_std=7.9075  role_norm=47.5174  enc_delta ego=0.0016 partner=0.0015 road=0.0027
[ROMA step 5,166,071,808] sps=220,408  policy_loss=-0.0066  value_loss=0.1460  mi_loss=0.0012  mi_valid=0.75  div_loss=-0.1709  kl_loss=0.0000 (disabled)  score=0.930  return=0.792  role_std=8.3808  role_norm=46.7830  enc_delta ego=0.0017 partner=0.0015 road=0.0028
[ROMA step 5,166,858,240] sps=220,167  policy_loss=-0.0039  value_loss=0.1708  mi_loss=0.0011  mi_valid=0.74  div_loss=-0.1650  kl_loss=0.0000 (disabled)  score=0.931  return=0.793  role_std=7.3460  role_norm=48.6294  enc_delta ego=0.0020 partner=0.0018 road=0.0028
[ROMA step 5,167,644,672] sps=220,095  policy_loss=0.0025  value_loss=0.2032  mi_loss=0.0013  mi_valid=0.76  div_loss=-0.1680  kl_loss=0.0000 (disabled)  score=0.931  return=0.794  role_std=7.4083  role_norm=48.8997  enc_delta ego=0.0015 partner=0.0020 road=0.0027
[ROMA step 5,168,431,104] sps=220,020  policy_loss=-0.0071  value_loss=0.2145  mi_loss=0.0010  mi_valid=0.75  div_loss=-0.1807  kl_loss=0.0000 (disabled)  score=0.931  return=0.794  role_std=7.4111  role_norm=48.1881  enc_delta ego=0.0021 partner=0.0022 road=0.0029
[ROMA step 5,169,217,536] sps=219,787  policy_loss=-0.0036  value_loss=0.2477  mi_loss=0.0011  mi_valid=0.73  div_loss=-0.1797  kl_loss=0.0000 (disabled)  score=0.931  return=0.791  role_std=8.3772  role_norm=46.2080  enc_delta ego=0.0017 partner=0.0019 road=0.0024
[ROMA step 5,170,003,968] sps=219,721  policy_loss=0.0042  value_loss=0.2132  mi_loss=0.0011  mi_valid=0.75  div_loss=-0.1758  kl_loss=0.0000 (disabled)  score=0.930  return=0.791  role_std=8.5946  role_norm=45.4605  enc_delta ego=0.0015 partner=0.0018 road=0.0031
[ROMA step 5,170,790,400] sps=219,655  policy_loss=0.0027  value_loss=0.2570  mi_loss=0.0011  mi_valid=0.75  div_loss=-0.1738  kl_loss=0.0000 (disabled)  score=0.930  return=0.791  role_std=8.7362  role_norm=44.5722  enc_delta ego=0.0015 partner=0.0017 road=0.0029
[ROMA step 5,171,576,832] sps=219,589  policy_loss=0.0060  value_loss=0.1503  mi_loss=0.0011  mi_valid=0.77  div_loss=-0.1689  kl_loss=0.0000 (disabled)  score=0.929  return=0.791  role_std=7.5549  role_norm=47.8048  enc_delta ego=0.0015 partner=0.0015 road=0.0020
[ROMA step 5,172,363,264] sps=219,344  policy_loss=0.0009  value_loss=0.1855  mi_loss=0.0010  mi_valid=0.73  div_loss=-0.1885  kl_loss=0.0000 (disabled)  score=0.929  return=0.792  role_std=7.6633  role_norm=47.6489  enc_delta ego=0.0020 partner=0.0022 road=0.0032
[ROMA step 5,173,149,696] sps=219,273  policy_loss=-0.0052  value_loss=0.1296  mi_loss=0.0011  mi_valid=0.74  div_loss=-0.1875  kl_loss=0.0000 (disabled)  score=0.929  return=0.793  role_std=8.3015  role_norm=46.8763  enc_delta ego=0.0018 partner=0.0015 road=0.0023
[ROMA step 5,173,936,128] sps=219,209  policy_loss=-0.0005  value_loss=0.0886  mi_loss=0.0011  mi_valid=0.74  div_loss=-0.1865  kl_loss=0.0000 (disabled)  score=0.929  return=0.795  role_std=8.6754  role_norm=46.3791  enc_delta ego=0.0017 partner=0.0015 road=0.0021
[ROMA step 5,174,722,560] sps=218,967  policy_loss=0.0008  value_loss=0.1965  mi_loss=0.0010  mi_valid=0.71  div_loss=-0.1953  kl_loss=0.0000 (disabled)  score=0.929  return=0.797  role_std=10.6754  role_norm=42.5674  enc_delta ego=0.0015 partner=0.0015 road=0.0023
[ROMA step 5,175,508,992] sps=218,898  policy_loss=0.0009  value_loss=0.1309  mi_loss=0.0011  mi_valid=0.75  div_loss=-0.1885  kl_loss=0.0000 (disabled)  score=0.930  return=0.798  role_std=7.9007  role_norm=47.9035  enc_delta ego=0.0016 partner=0.0018 road=0.0030
[ROMA step 5,176,295,424] sps=218,829  policy_loss=-0.0026  value_loss=0.1907  mi_loss=0.0011  mi_valid=0.74  div_loss=-0.1836  kl_loss=0.0000 (disabled)  score=0.930  return=0.800  role_std=8.0284  role_norm=47.7238  enc_delta ego=0.0019 partner=0.0021 road=0.0029
[ROMA step 5,177,081,856] sps=218,760  policy_loss=-0.0030  value_loss=0.1865  mi_loss=0.0011  mi_valid=0.74  div_loss=-0.1865  kl_loss=0.0000 (disabled)  score=0.931  return=0.801  role_std=8.1371  role_norm=47.4425  enc_delta ego=0.0010 partner=0.0016 road=0.0023
[ROMA step 5,177,868,288] sps=218,515  policy_loss=0.0050  value_loss=0.1798  mi_loss=0.0011  mi_valid=0.73  div_loss=-0.1777  kl_loss=0.0000 (disabled)  score=0.931  return=0.801  role_std=9.0430  role_norm=46.1131  enc_delta ego=0.0028 partner=0.0016 road=0.0022
[ROMA step 5,178,654,720] sps=218,445  policy_loss=0.0002  value_loss=0.1676  mi_loss=0.0011  mi_valid=0.75  div_loss=-0.1787  kl_loss=0.0000 (disabled)  score=0.930  return=0.799  role_std=8.6832  role_norm=46.0401  enc_delta ego=0.0025 partner=0.0019 road=0.0020
[ROMA step 5,179,441,152] sps=218,371  policy_loss=-0.0026  value_loss=0.2301  mi_loss=0.0011  mi_valid=0.75  div_loss=-0.1787  kl_loss=0.0000 (disabled)  score=0.929  return=0.796  role_std=9.1339  role_norm=45.2369  enc_delta ego=0.0019 partner=0.0019 road=0.0027
[ROMA step 5,180,227,584] sps=218,301  policy_loss=-0.0008  value_loss=0.1983  mi_loss=0.0011  mi_valid=0.76  div_loss=-0.1787  kl_loss=0.0000 (disabled)  score=0.929  return=0.796  role_std=7.3476  role_norm=48.9134  enc_delta ego=0.0025 partner=0.0019 road=0.0029
[ROMA step 5,181,014,016] sps=218,039  policy_loss=0.0049  value_loss=0.2013  mi_loss=0.0011  mi_valid=0.73  div_loss=-0.1777  kl_loss=0.0000 (disabled)  score=0.929  return=0.796  role_std=8.4618  role_norm=47.9610  enc_delta ego=0.0017 partner=0.0020 road=0.0026
[ROMA step 5,181,800,448] sps=217,967  policy_loss=0.0006  value_loss=0.1606  mi_loss=0.0011  mi_valid=0.75  div_loss=-0.1768  kl_loss=0.0000 (disabled)  score=0.929  return=0.796  role_std=8.2027  role_norm=47.2881  enc_delta ego=0.0015 partner=0.0020 road=0.0029
[ROMA step 5,182,586,880] sps=217,892  policy_loss=0.0016  value_loss=0.1217  mi_loss=0.0011  mi_valid=0.75  div_loss=-0.1768  kl_loss=0.0000 (disabled)  score=0.929  return=0.797  role_std=8.4410  role_norm=46.2733  enc_delta ego=0.0015 partner=0.0015 road=0.0020
[ROMA step 5,183,373,312] sps=217,676  policy_loss=0.0007  value_loss=0.1220  mi_loss=0.0011  mi_valid=0.73  div_loss=-0.1719  kl_loss=0.0000 (disabled)  score=0.928  return=0.796  role_std=8.8809  role_norm=44.4827  enc_delta ego=0.0016 partner=0.0016 road=0.0024
[ROMA step 5,184,159,744] sps=217,613  policy_loss=-0.0003  value_loss=0.2496  mi_loss=0.0011  mi_valid=0.76  div_loss=-0.1787  kl_loss=0.0000 (disabled)  score=0.928  return=0.796  role_std=7.5247  role_norm=48.2929  enc_delta ego=0.0031 partner=0.0019 road=0.0025
[ROMA step 5,184,946,176] sps=217,550  policy_loss=-0.0036  value_loss=0.1840  mi_loss=0.0011  mi_valid=0.75  div_loss=-0.1738  kl_loss=0.0000 (disabled)  score=0.927  return=0.796  role_std=7.6572  role_norm=47.9901  enc_delta ego=0.0023 partner=0.0022 road=0.0025
[ROMA step 5,185,732,608] sps=217,479  policy_loss=-0.0066  value_loss=0.0947  mi_loss=0.0012  mi_valid=0.75  div_loss=-0.1709  kl_loss=0.0000 (disabled)  score=0.927  return=0.796  role_std=7.7974  role_norm=47.9302  enc_delta ego=0.0016 partner=0.0017 road=0.0026
[ROMA step 5,186,519,040] sps=217,236  policy_loss=-0.0055  value_loss=0.1879  mi_loss=0.0012  mi_valid=0.73  div_loss=-0.1738  kl_loss=0.0000 (disabled)  score=0.926  return=0.797  role_std=8.9878  role_norm=46.2394  enc_delta ego=0.0017 partner=0.0019 road=0.0029
[ROMA step 5,187,305,472] sps=217,174  policy_loss=-0.0019  value_loss=0.2493  mi_loss=0.0012  mi_valid=0.75  div_loss=-0.1777  kl_loss=0.0000 (disabled)  score=0.926  return=0.797  role_std=8.9540  role_norm=45.5140  enc_delta ego=0.0016 partner=0.0015 road=0.0026
[ROMA step 5,188,091,904] sps=217,112  policy_loss=0.0049  value_loss=0.2696  mi_loss=0.0012  mi_valid=0.76  div_loss=-0.1807  kl_loss=0.0000 (disabled)  score=0.925  return=0.791  role_std=7.5844  role_norm=47.0393  enc_delta ego=0.0012 partner=0.0012 road=0.0019
[ROMA step 5,188,878,336] sps=216,892  policy_loss=0.0027  value_loss=0.2642  mi_loss=0.0012  mi_valid=0.74  div_loss=-0.1865  kl_loss=0.0000 (disabled)  score=0.925  return=0.793  role_std=7.4323  role_norm=48.3573  enc_delta ego=0.0016 partner=0.0015 road=0.0022
[ROMA step 5,189,664,768] sps=216,829  policy_loss=0.0057  value_loss=0.1925  mi_loss=0.0012  mi_valid=0.75  div_loss=-0.1768  kl_loss=0.0000 (disabled)  score=0.925  return=0.793  role_std=7.9896  role_norm=47.2026  enc_delta ego=0.0021 partner=0.0017 road=0.0021
[ROMA step 5,190,451,200] sps=216,757  policy_loss=-0.0037  value_loss=0.1932  mi_loss=0.0012  mi_valid=0.74  div_loss=-0.1777  kl_loss=0.0000 (disabled)  score=0.925  return=0.794  role_std=8.5829  role_norm=46.7078  enc_delta ego=0.0015 partner=0.0014 road=0.0025
[ROMA step 5,191,237,632] sps=216,686  policy_loss=0.0044  value_loss=0.1918  mi_loss=0.0013  mi_valid=0.74  div_loss=-0.1768  kl_loss=0.0000 (disabled)  score=0.924  return=0.795  role_std=8.9733  role_norm=45.6636  enc_delta ego=0.0019 partner=0.0015 road=0.0027
[ROMA step 5,192,024,064] sps=216,439  policy_loss=-0.0045  value_loss=0.2017  mi_loss=0.0012  mi_valid=0.73  div_loss=-0.1855  kl_loss=0.0000 (disabled)  score=0.925  return=0.797  role_std=7.6918  role_norm=48.1156  enc_delta ego=0.0016 partner=0.0018 road=0.0027
[ROMA step 5,192,810,496] sps=216,374  policy_loss=0.0001  value_loss=0.1759  mi_loss=0.0012  mi_valid=0.75  div_loss=-0.1846  kl_loss=0.0000 (disabled)  score=0.924  return=0.796  role_std=8.3464  role_norm=47.8016  enc_delta ego=0.0011 partner=0.0017 road=0.0027
[ROMA step 5,193,596,928] sps=216,312  policy_loss=-0.0002  value_loss=0.2714  mi_loss=0.0011  mi_valid=0.74  div_loss=-0.1885  kl_loss=0.0000 (disabled)  score=0.925  return=0.798  role_std=8.2441  role_norm=47.8881  enc_delta ego=0.0013 partner=0.0015 road=0.0027
[ROMA step 5,194,383,360] sps=216,113  policy_loss=0.0050  value_loss=0.3037  mi_loss=0.0012  mi_valid=0.73  div_loss=-0.1924  kl_loss=0.0000 (disabled)  score=0.925  return=0.799  role_std=8.3180  role_norm=46.5561  enc_delta ego=0.0012 partner=0.0013 road=0.0025
[ROMA step 5,195,169,792] sps=216,047  policy_loss=0.0041  value_loss=0.1856  mi_loss=0.0011  mi_valid=0.75  div_loss=-0.1787  kl_loss=0.0000 (disabled)  score=0.926  return=0.800  role_std=8.7610  role_norm=45.9005  enc_delta ego=0.0013 partner=0.0020 road=0.0026
[ROMA step 5,195,956,224] sps=215,981  policy_loss=-0.0001  value_loss=0.1805  mi_loss=0.0011  mi_valid=0.75  div_loss=-0.1729  kl_loss=0.0000 (disabled)  score=0.926  return=0.801  role_std=8.6784  role_norm=45.3263  enc_delta ego=0.0015 partner=0.0017 road=0.0023
[ROMA step 5,196,742,656] sps=215,910  policy_loss=0.0050  value_loss=0.2437  mi_loss=0.0011  mi_valid=0.76  div_loss=-0.1807  kl_loss=0.0000 (disabled)  score=0.926  return=0.801  role_std=8.1352  role_norm=48.1423  enc_delta ego=0.0014 partner=0.0022 road=0.0028
[ROMA step 5,197,529,088] sps=215,706  policy_loss=0.0019  value_loss=0.2545  mi_loss=0.0011  mi_valid=0.74  div_loss=-0.1885  kl_loss=0.0000 (disabled)  score=0.926  return=0.797  role_std=8.2656  role_norm=47.9960  enc_delta ego=0.0015 partner=0.0015 road=0.0024
[ROMA step 5,198,315,520] sps=215,635  policy_loss=-0.0003  value_loss=0.1518  mi_loss=0.0012  mi_valid=0.74  div_loss=-0.1807  kl_loss=0.0000 (disabled)  score=0.926  return=0.796  role_std=8.6694  role_norm=47.4331  enc_delta ego=0.0018 partner=0.0018 road=0.0025
[ROMA step 5,199,101,952] sps=215,563  policy_loss=-0.0043  value_loss=0.2090  mi_loss=0.0011  mi_valid=0.74  div_loss=-0.1816  kl_loss=0.0000 (disabled)  score=0.926  return=0.791  role_std=8.8095  role_norm=46.7071  enc_delta ego=0.0017 partner=0.0018 road=0.0028
[ROMA step 5,199,888,384] sps=215,351  policy_loss=-0.0065  value_loss=0.1343  mi_loss=0.0012  mi_valid=0.72  div_loss=-0.1777  kl_loss=0.0000 (disabled)  score=0.926  return=0.791  role_std=9.5859  role_norm=43.1573  enc_delta ego=0.0017 partner=0.0016 road=0.0026
[ROMA step 5,200,674,816] sps=215,289  policy_loss=-0.0043  value_loss=0.2355  mi_loss=0.0013  mi_valid=0.76  div_loss=-0.1787  kl_loss=0.0000 (disabled)  score=0.925  return=0.788  role_std=7.2708  role_norm=48.3134  enc_delta ego=0.0015 partner=0.0016 road=0.0030
[ROMA step 5,201,461,248] sps=215,221  policy_loss=0.0038  value_loss=0.2324  mi_loss=0.0012  mi_valid=0.76  div_loss=-0.1777  kl_loss=0.0000 (disabled)  score=0.925  return=0.788  role_std=7.5967  role_norm=48.0293  enc_delta ego=0.0016 partner=0.0020 road=0.0028
[ROMA step 5,202,247,680] sps=215,160  policy_loss=0.0041  value_loss=0.1559  mi_loss=0.0013  mi_valid=0.75  div_loss=-0.1768  kl_loss=0.0000 (disabled)  score=0.925  return=0.788  role_std=7.9449  role_norm=47.5019  enc_delta ego=0.0022 partner=0.0019 road=0.0029
[ROMA step 5,203,034,112] sps=214,946  policy_loss=-0.0030  value_loss=0.2488  mi_loss=0.0012  mi_valid=0.73  div_loss=-0.1875  kl_loss=0.0000 (disabled)  score=0.924  return=0.784  role_std=9.6915  role_norm=47.0123  enc_delta ego=0.0018 partner=0.0019 road=0.0024
[ROMA step 5,203,820,544] sps=214,878  policy_loss=-0.0016  value_loss=0.2390  mi_loss=0.0013  mi_valid=0.75  div_loss=-0.1865  kl_loss=0.0000 (disabled)  score=0.924  return=0.782  role_std=9.8358  role_norm=46.7378  enc_delta ego=0.0018 partner=0.0022 road=0.0028
[ROMA step 5,204,606,976] sps=214,815  policy_loss=0.0037  value_loss=0.2104  mi_loss=0.0012  mi_valid=0.75  div_loss=-0.1807  kl_loss=0.0000 (disabled)  score=0.923  return=0.781  role_std=10.3497  role_norm=45.9007  enc_delta ego=0.0015 partner=0.0020 road=0.0027
[ROMA step 5,205,393,408] sps=214,745  policy_loss=-0.0036  value_loss=0.1856  mi_loss=0.0012  mi_valid=0.76  div_loss=-0.1787  kl_loss=0.0000 (disabled)  score=0.923  return=0.781  role_std=7.6553  role_norm=49.6577  enc_delta ego=0.0014 partner=0.0015 road=0.0026
[ROMA step 5,206,179,840] sps=214,525  policy_loss=-0.0009  value_loss=0.2595  mi_loss=0.0012  mi_valid=0.74  div_loss=-0.1797  kl_loss=0.0000 (disabled)  score=0.922  return=0.778  role_std=8.0934  role_norm=48.9584  enc_delta ego=0.0014 partner=0.0019 road=0.0030
[ROMA step 5,206,966,272] sps=214,453  policy_loss=-0.0045  value_loss=0.2141  mi_loss=0.0012  mi_valid=0.75  div_loss=-0.1729  kl_loss=0.0000 (disabled)  score=0.921  return=0.773  role_std=8.0783  role_norm=48.5813  enc_delta ego=0.0015 partner=0.0018 road=0.0029
[ROMA step 5,207,752,704] sps=214,387  policy_loss=-0.0020  value_loss=0.1470  mi_loss=0.0012  mi_valid=0.75  div_loss=-0.1680  kl_loss=0.0000 (disabled)  score=0.921  return=0.771  role_std=8.5654  role_norm=48.0691  enc_delta ego=0.0014 partner=0.0017 road=0.0022
[ROMA step 5,208,539,136] sps=214,193  policy_loss=0.0110  value_loss=0.2555  mi_loss=0.0012  mi_valid=0.73  div_loss=-0.1748  kl_loss=0.0000 (disabled)  score=0.921  return=0.768  role_std=9.2075  role_norm=45.8184  enc_delta ego=0.0012 partner=0.0018 road=0.0022
[ROMA step 5,209,325,568] sps=214,123  policy_loss=0.0046  value_loss=0.1909  mi_loss=0.0012  mi_valid=0.77  div_loss=-0.1768  kl_loss=0.0000 (disabled)  score=0.921  return=0.766  role_std=6.9589  role_norm=50.4064  enc_delta ego=0.0015 partner=0.0017 road=0.0022
[ROMA step 5,210,112,000] sps=214,059  policy_loss=-0.0024  value_loss=0.2343  mi_loss=0.0012  mi_valid=0.76  div_loss=-0.1738  kl_loss=0.0000 (disabled)  score=0.920  return=0.764  role_std=7.6147  role_norm=49.4995  enc_delta ego=0.0022 partner=0.0016 road=0.0031
[ROMA step 5,210,898,432] sps=213,992  policy_loss=-0.0003  value_loss=0.2568  mi_loss=0.0012  mi_valid=0.75  div_loss=-0.1748  kl_loss=0.0000 (disabled)  score=0.920  return=0.762  role_std=8.3917  role_norm=49.0647  enc_delta ego=0.0017 partner=0.0020 road=0.0030
[ROMA step 5,211,684,864] sps=213,777  policy_loss=0.0024  value_loss=0.2650  mi_loss=0.0012  mi_valid=0.74  div_loss=-0.1699  kl_loss=0.0000 (disabled)  score=0.919  return=0.756  role_std=8.2816  role_norm=47.1678  enc_delta ego=0.0019 partner=0.0021 road=0.0031
[ROMA step 5,212,471,296] sps=213,707  policy_loss=0.0026  value_loss=0.1966  mi_loss=0.0012  mi_valid=0.76  div_loss=-0.1631  kl_loss=0.0000 (disabled)  score=0.919  return=0.754  role_std=8.2643  role_norm=46.4413  enc_delta ego=0.0016 partner=0.0018 road=0.0029
[ROMA step 5,213,257,728] sps=213,641  policy_loss=-0.0047  value_loss=0.1777  mi_loss=0.0013  mi_valid=0.76  div_loss=-0.1641  kl_loss=0.0000 (disabled)  score=0.918  return=0.753  role_std=7.9175  role_norm=46.9974  enc_delta ego=0.0017 partner=0.0015 road=0.0031
[ROMA step 5,214,044,160] sps=213,440  policy_loss=0.0034  value_loss=0.2572  mi_loss=0.0012  mi_valid=0.75  div_loss=-0.1826  kl_loss=0.0000 (disabled)  score=0.918  return=0.754  role_std=7.1807  role_norm=50.0691  enc_delta ego=0.0020 partner=0.0017 road=0.0034
[ROMA step 5,214,830,592] sps=213,379  policy_loss=-0.0020  value_loss=0.1371  mi_loss=0.0011  mi_valid=0.75  div_loss=-0.1797  kl_loss=0.0000 (disabled)  score=0.918  return=0.755  role_std=8.0686  role_norm=48.3614  enc_delta ego=0.0016 partner=0.0018 road=0.0025
[ROMA step 5,215,617,024] sps=213,316  policy_loss=-0.0034  value_loss=0.1721  mi_loss=0.0011  mi_valid=0.75  div_loss=-0.1738  kl_loss=0.0000 (disabled)  score=0.918  return=0.757  role_std=8.6297  role_norm=47.2356  enc_delta ego=0.0016 partner=0.0020 road=0.0032
[ROMA step 5,216,403,456] sps=213,251  policy_loss=-0.0021  value_loss=0.1445  mi_loss=0.0011  mi_valid=0.75  div_loss=-0.1709  kl_loss=0.0000 (disabled)  score=0.918  return=0.757  role_std=8.7549  role_norm=46.6020  enc_delta ego=0.0016 partner=0.0019 road=0.0026
[ROMA step 5,217,189,888] sps=213,067  policy_loss=0.0085  value_loss=0.1814  mi_loss=0.0012  mi_valid=0.73  div_loss=-0.1719  kl_loss=0.0000 (disabled)  score=0.918  return=0.758  role_std=8.3974  role_norm=46.0744  enc_delta ego=0.0016 partner=0.0015 road=0.0022
[ROMA step 5,217,976,320] sps=213,007  policy_loss=-0.0039  value_loss=0.1519  mi_loss=0.0012  mi_valid=0.76  div_loss=-0.1689  kl_loss=0.0000 (disabled)  score=0.918  return=0.759  role_std=8.1890  role_norm=48.6278  enc_delta ego=0.0017 partner=0.0016 road=0.0020
[ROMA step 5,218,762,752] sps=212,947  policy_loss=0.0026  value_loss=0.1850  mi_loss=0.0013  mi_valid=0.75  div_loss=-0.1748  kl_loss=0.0000 (disabled)  score=0.918  return=0.760  role_std=7.8499  role_norm=48.5453  enc_delta ego=0.0015 partner=0.0020 road=0.0024
[ROMA step 5,219,549,184] sps=212,750  policy_loss=-0.0024  value_loss=0.1008  mi_loss=0.0012  mi_valid=0.73  div_loss=-0.1650  kl_loss=0.0000 (disabled)  score=0.917  return=0.760  role_std=8.0780  role_norm=47.4558  enc_delta ego=0.0016 partner=0.0014 road=0.0022
[ROMA step 5,220,335,616] sps=212,689  policy_loss=-0.0057  value_loss=0.1094  mi_loss=0.0011  mi_valid=0.74  div_loss=-0.1631  kl_loss=0.0000 (disabled)  score=0.917  return=0.761  role_std=8.3828  role_norm=46.6990  enc_delta ego=0.0014 partner=0.0017 road=0.0022
[ROMA step 5,221,122,048] sps=212,627  policy_loss=0.0041  value_loss=0.1475  mi_loss=0.0011  mi_valid=0.74  div_loss=-0.1631  kl_loss=0.0000 (disabled)  score=0.917  return=0.764  role_std=8.7039  role_norm=46.3804  enc_delta ego=0.0016 partner=0.0016 road=0.0020
[ROMA step 5,221,908,480] sps=212,558  policy_loss=0.0007  value_loss=0.1247  mi_loss=0.0011  mi_valid=0.75  div_loss=-0.1650  kl_loss=0.0000 (disabled)  score=0.917  return=0.763  role_std=7.2600  role_norm=49.0906  enc_delta ego=0.0013 partner=0.0015 road=0.0017
[ROMA step 5,222,694,912] sps=212,377  policy_loss=0.0010  value_loss=0.1989  mi_loss=0.0011  mi_valid=0.74  div_loss=-0.1748  kl_loss=0.0000 (disabled)  score=0.916  return=0.762  role_std=7.0770  role_norm=49.3932  enc_delta ego=0.0014 partner=0.0018 road=0.0024
[ROMA step 5,223,481,344] sps=212,308  policy_loss=0.0008  value_loss=0.1169  mi_loss=0.0011  mi_valid=0.75  div_loss=-0.1660  kl_loss=0.0000 (disabled)  score=0.916  return=0.762  role_std=7.7859  role_norm=48.2966  enc_delta ego=0.0015 partner=0.0017 road=0.0019
[ROMA step 5,224,267,776] sps=212,242  policy_loss=-0.0047  value_loss=0.1006  mi_loss=0.0011  mi_valid=0.75  div_loss=-0.1660  kl_loss=0.0000 (disabled)  score=0.916  return=0.765  role_std=7.8980  role_norm=47.5731  enc_delta ego=0.0018 partner=0.0019 road=0.0023
[ROMA step 5,225,054,208] sps=212,032  policy_loss=-0.0014  value_loss=0.1038  mi_loss=0.0010  mi_valid=0.73  div_loss=-0.1670  kl_loss=0.0000 (disabled)  score=0.916  return=0.767  role_std=10.1033  role_norm=44.3780  enc_delta ego=0.0012 partner=0.0016 road=0.0017
[ROMA step 5,225,840,640] sps=211,969  policy_loss=-0.0042  value_loss=0.1633  mi_loss=0.0011  mi_valid=0.76  div_loss=-0.1729  kl_loss=0.0000 (disabled)  score=0.915  return=0.765  role_std=7.4505  role_norm=49.0700  enc_delta ego=0.0016 partner=0.0019 road=0.0025
[ROMA step 5,226,627,072] sps=211,907  policy_loss=-0.0038  value_loss=0.2210  mi_loss=0.0011  mi_valid=0.76  div_loss=-0.1846  kl_loss=0.0000 (disabled)  score=0.915  return=0.764  role_std=7.7304  role_norm=48.9546  enc_delta ego=0.0015 partner=0.0015 road=0.0023
[ROMA step 5,227,413,504] sps=211,847  policy_loss=0.0075  value_loss=0.3313  mi_loss=0.0011  mi_valid=0.75  div_loss=-0.1904  kl_loss=0.0000 (disabled)  score=0.916  return=0.762  role_std=8.1121  role_norm=48.6315  enc_delta ego=0.0017 partner=0.0018 road=0.0023
[ROMA step 5,228,199,936] sps=211,646  policy_loss=0.0026  value_loss=0.2822  mi_loss=0.0012  mi_valid=0.73  div_loss=-0.1836  kl_loss=0.0000 (disabled)  score=0.915  return=0.759  role_std=8.6700  role_norm=47.1434  enc_delta ego=0.0016 partner=0.0018 road=0.0030
[ROMA step 5,228,986,368] sps=211,580  policy_loss=-0.0050  value_loss=0.2114  mi_loss=0.0012  mi_valid=0.75  div_loss=-0.1768  kl_loss=0.0000 (disabled)  score=0.914  return=0.757  role_std=8.7959  role_norm=46.9336  enc_delta ego=0.0021 partner=0.0019 road=0.0031
[ROMA step 5,229,772,800] sps=211,518  policy_loss=-0.0070  value_loss=0.1828  mi_loss=0.0012  mi_valid=0.76  div_loss=-0.1670  kl_loss=0.0000 (disabled)  score=0.914  return=0.754  role_std=9.0929  role_norm=45.6867  enc_delta ego=0.0014 partner=0.0017 road=0.0023
[ROMA step 5,230,559,232] sps=211,457  policy_loss=-0.0037  value_loss=0.1734  mi_loss=0.0012  mi_valid=0.77  div_loss=-0.1748  kl_loss=0.0000 (disabled)  score=0.913  return=0.754  role_std=7.3580  role_norm=48.9861  enc_delta ego=0.0015 partner=0.0019 road=0.0024
[ROMA step 5,231,345,664] sps=211,282  policy_loss=-0.0031  value_loss=0.1325  mi_loss=0.0011  mi_valid=0.75  div_loss=-0.1738  kl_loss=0.0000 (disabled)  score=0.913  return=0.755  role_std=7.2682  role_norm=48.2918  enc_delta ego=0.0019 partner=0.0022 road=0.0029
[ROMA step 5,232,132,096] sps=211,219  policy_loss=-0.0016  value_loss=0.1523  mi_loss=0.0011  mi_valid=0.77  div_loss=-0.1768  kl_loss=0.0000 (disabled)  score=0.912  return=0.755  role_std=7.7000  role_norm=47.3146  enc_delta ego=0.0014 partner=0.0016 road=0.0022
[ROMA step 5,232,918,528] sps=211,157  policy_loss=0.0013  value_loss=0.1004  mi_loss=0.0011  mi_valid=0.77  div_loss=-0.1699  kl_loss=0.0000 (disabled)  score=0.911  return=0.756  role_std=8.2874  role_norm=46.2236  enc_delta ego=0.0011 partner=0.0010 road=0.0018
[ROMA step 5,233,704,960] sps=210,959  policy_loss=0.0008  value_loss=0.1567  mi_loss=0.0012  mi_valid=0.74  div_loss=-0.1768  kl_loss=0.0000 (disabled)  score=0.910  return=0.758  role_std=9.0557  role_norm=43.9412  enc_delta ego=0.0013 partner=0.0015 road=0.0023
[ROMA step 5,234,491,392] sps=210,892  policy_loss=-0.0007  value_loss=0.1738  mi_loss=0.0013  mi_valid=0.77  div_loss=-0.1777  kl_loss=0.0000 (disabled)  score=0.910  return=0.757  role_std=7.6300  role_norm=48.4976  enc_delta ego=0.0015 partner=0.0015 road=0.0021
[ROMA step 5,235,277,824] sps=210,826  policy_loss=-0.0024  value_loss=0.1587  mi_loss=0.0012  mi_valid=0.76  div_loss=-0.1738  kl_loss=0.0000 (disabled)  score=0.910  return=0.759  role_std=7.5590  role_norm=48.1382  enc_delta ego=0.0019 partner=0.0016 road=0.0023
[ROMA step 5,236,064,256] sps=210,765  policy_loss=-0.0048  value_loss=0.1097  mi_loss=0.0013  mi_valid=0.76  div_loss=-0.1689  kl_loss=0.0000 (disabled)  score=0.909  return=0.762  role_std=7.8270  role_norm=47.8090  enc_delta ego=0.0012 partner=0.0013 road=0.0020
[ROMA step 5,236,850,688] sps=210,577  policy_loss=-0.0013  value_loss=0.1926  mi_loss=0.0011  mi_valid=0.72  div_loss=-0.1729  kl_loss=0.0000 (disabled)  score=0.909  return=0.763  role_std=8.4178  role_norm=47.3407  enc_delta ego=0.0021 partner=0.0023 road=0.0037
[ROMA step 5,237,637,120] sps=210,517  policy_loss=0.0009  value_loss=0.1771  mi_loss=0.0012  mi_valid=0.75  div_loss=-0.1699  kl_loss=0.0000 (disabled)  score=0.910  return=0.766  role_std=9.1121  role_norm=46.9014  enc_delta ego=0.0016 partner=0.0016 road=0.0029
[ROMA step 5,238,423,552] sps=210,456  policy_loss=-0.0048  value_loss=0.1391  mi_loss=0.0012  mi_valid=0.75  div_loss=-0.1748  kl_loss=0.0000 (disabled)  score=0.910  return=0.768  role_std=9.2055  role_norm=45.8160  enc_delta ego=0.0014 partner=0.0014 road=0.0021
[ROMA step 5,239,209,984] sps=210,255  policy_loss=0.0040  value_loss=0.2223  mi_loss=0.0011  mi_valid=0.74  div_loss=-0.1816  kl_loss=0.0000 (disabled)  score=0.911  return=0.773  role_std=7.2845  role_norm=49.4619  enc_delta ego=0.0013 partner=0.0014 road=0.0021
[ROMA step 5,239,996,416] sps=210,195  policy_loss=-0.0058  value_loss=0.1156  mi_loss=0.0011  mi_valid=0.75  div_loss=-0.1689  kl_loss=0.0000 (disabled)  score=0.912  return=0.777  role_std=7.6254  role_norm=48.6580  enc_delta ego=0.0016 partner=0.0017 road=0.0024
[ROMA step 5,240,782,848] sps=210,134  policy_loss=-0.0008  value_loss=0.1085  mi_loss=0.0011  mi_valid=0.75  div_loss=-0.1729  kl_loss=0.0000 (disabled)  score=0.912  return=0.780  role_std=8.1480  role_norm=48.0182  enc_delta ego=0.0017 partner=0.0015 road=0.0028
[ROMA step 5,241,569,280] sps=210,075  policy_loss=-0.0058  value_loss=0.1217  mi_loss=0.0012  mi_valid=0.75  div_loss=-0.1758  kl_loss=0.0000 (disabled)  score=0.913  return=0.784  role_std=8.6021  role_norm=47.0124  enc_delta ego=0.0012 partner=0.0013 road=0.0021
[ROMA step 5,242,355,712] sps=209,874  policy_loss=0.0016  value_loss=0.1241  mi_loss=0.0011  mi_valid=0.73  div_loss=-0.1680  kl_loss=0.0000 (disabled)  score=0.913  return=0.784  role_std=9.2140  role_norm=45.6415  enc_delta ego=0.0022 partner=0.0019 road=0.0033
[ROMA step 5,243,142,144] sps=209,816  policy_loss=-0.0019  value_loss=0.1156  mi_loss=0.0011  mi_valid=0.75  div_loss=-0.1660  kl_loss=0.0000 (disabled)  score=0.914  return=0.786  role_std=7.0277  role_norm=48.9656  enc_delta ego=0.0011 partner=0.0014 road=0.0022
[ROMA step 5,243,928,576] sps=209,754  policy_loss=0.0013  value_loss=0.1407  mi_loss=0.0010  mi_valid=0.74  div_loss=-0.1680  kl_loss=0.0000 (disabled)  score=0.914  return=0.785  role_std=7.1851  role_norm=48.9833  enc_delta ego=0.0016 partner=0.0016 road=0.0030
[ROMA step 5,244,715,008] sps=209,545  policy_loss=0.0014  value_loss=0.1340  mi_loss=0.0011  mi_valid=0.72  div_loss=-0.1641  kl_loss=0.0000 (disabled)  score=0.915  return=0.786  role_std=7.4888  role_norm=48.3074  enc_delta ego=0.0015 partner=0.0017 road=0.0020
[ROMA step 5,245,501,440] sps=209,484  policy_loss=0.0121  value_loss=0.2077  mi_loss=0.0012  mi_valid=0.74  div_loss=-0.1621  kl_loss=0.0000 (disabled)  score=0.916  return=0.786  role_std=7.4812  role_norm=47.3716  enc_delta ego=0.0019 partner=0.0016 road=0.0030
[ROMA step 5,246,287,872] sps=209,418  policy_loss=-0.0038  value_loss=0.1418  mi_loss=0.0011  mi_valid=0.74  div_loss=-0.1621  kl_loss=0.0000 (disabled)  score=0.917  return=0.786  role_std=8.0493  role_norm=47.1969  enc_delta ego=0.0014 partner=0.0014 road=0.0022
[ROMA step 5,247,074,304] sps=209,353  policy_loss=0.0025  value_loss=0.2293  mi_loss=0.0012  mi_valid=0.75  div_loss=-0.1689  kl_loss=0.0000 (disabled)  score=0.919  return=0.788  role_std=8.4817  role_norm=47.0506  enc_delta ego=0.0015 partner=0.0018 road=0.0029
[ROMA step 5,247,860,736] sps=209,145  policy_loss=0.0059  value_loss=0.2740  mi_loss=0.0011  mi_valid=0.73  div_loss=-0.1797  kl_loss=0.0000 (disabled)  score=0.919  return=0.785  role_std=7.7577  role_norm=48.2081  enc_delta ego=0.0019 partner=0.0018 road=0.0031
[ROMA step 5,248,647,168] sps=209,078  policy_loss=0.0014  value_loss=0.2831  mi_loss=0.0011  mi_valid=0.74  div_loss=-0.1787  kl_loss=0.0000 (disabled)  score=0.920  return=0.785  role_std=8.2570  role_norm=48.2854  enc_delta ego=0.0016 partner=0.0017 road=0.0027
[ROMA step 5,249,433,600] sps=209,016  policy_loss=0.0079  value_loss=0.2502  mi_loss=0.0011  mi_valid=0.74  div_loss=-0.1777  kl_loss=0.0000 (disabled)  score=0.921  return=0.781  role_std=8.6899  role_norm=47.7275  enc_delta ego=0.0015 partner=0.0018 road=0.0028
[ROMA step 5,250,220,032] sps=208,801  policy_loss=0.0005  value_loss=0.2373  mi_loss=0.0012  mi_valid=0.72  div_loss=-0.1826  kl_loss=0.0000 (disabled)  score=0.922  return=0.780  role_std=9.8138  role_norm=44.4170  enc_delta ego=0.0017 partner=0.0015 road=0.0022
[ROMA step 5,251,006,464] sps=208,739  policy_loss=0.0068  value_loss=0.2553  mi_loss=0.0012  mi_valid=0.75  div_loss=-0.1807  kl_loss=0.0000 (disabled)  score=0.922  return=0.775  role_std=7.7501  role_norm=47.4813  enc_delta ego=0.0023 partner=0.0020 road=0.0028
[ROMA] Saved -> /scratch/e452103/checkpoints/roma_mifutagent_dim1_H8_r16p64_ft_pc40_cb1_lr_half_nodiv/roma_dim1_step5251006464.pt
[ROMA step 5,251,792,896] sps=208,676  policy_loss=0.0003  value_loss=0.2388  mi_loss=0.0012  mi_valid=0.75  div_loss=-0.1836  kl_loss=0.0000 (disabled)  score=0.922  return=0.776  role_std=7.7691  role_norm=48.6220  enc_delta ego=0.0016 partner=0.0017 road=0.0030
[ROMA step 5,252,579,328] sps=208,616  policy_loss=0.0020  value_loss=0.2508  mi_loss=0.0012  mi_valid=0.75  div_loss=-0.1895  kl_loss=0.0000 (disabled)  score=0.922  return=0.776  role_std=8.7008  role_norm=48.2132  enc_delta ego=0.0014 partner=0.0018 road=0.0029
[ROMA step 5,253,365,760] sps=208,422  policy_loss=-0.0052  value_loss=0.2563  mi_loss=0.0012  mi_valid=0.73  div_loss=-0.1943  kl_loss=0.0000 (disabled)  score=0.922  return=0.778  role_std=9.4490  role_norm=47.8663  enc_delta ego=0.0012 partner=0.0020 road=0.0026
[ROMA step 5,254,152,192] sps=208,358  policy_loss=0.0089  value_loss=0.2551  mi_loss=0.0011  mi_valid=0.75  div_loss=-0.1846  kl_loss=0.0000 (disabled)  score=0.923  return=0.779  role_std=9.5685  role_norm=46.6937  enc_delta ego=0.0022 partner=0.0019 road=0.0030
[ROMA step 5,254,938,624] sps=208,292  policy_loss=-0.0019  value_loss=0.2797  mi_loss=0.0011  mi_valid=0.75  div_loss=-0.1943  kl_loss=0.0000 (disabled)  score=0.923  return=0.778  role_std=10.3214  role_norm=46.4591  enc_delta ego=0.0022 partner=0.0018 road=0.0023
[ROMA step 5,255,725,056] sps=208,227  policy_loss=0.0006  value_loss=0.2459  mi_loss=0.0012  mi_valid=0.76  div_loss=-0.1914  kl_loss=0.0000 (disabled)  score=0.924  return=0.779  role_std=7.9775  role_norm=48.7141  enc_delta ego=0.0015 partner=0.0022 road=0.0027
[ROMA step 5,256,511,488] sps=208,054  policy_loss=0.0010  value_loss=0.3404  mi_loss=0.0012  mi_valid=0.74  div_loss=-0.1895  kl_loss=0.0000 (disabled)  score=0.925  return=0.779  role_std=8.3358  role_norm=48.2768  enc_delta ego=0.0018 partner=0.0019 road=0.0029
[ROMA step 5,257,297,920] sps=207,993  policy_loss=-0.0021  value_loss=0.2299  mi_loss=0.0012  mi_valid=0.76  div_loss=-0.1787  kl_loss=0.0000 (disabled)  score=0.926  return=0.777  role_std=8.2985  role_norm=48.3374  enc_delta ego=0.0024 partner=0.0021 road=0.0029
[ROMA step 5,258,084,352] sps=207,928  policy_loss=-0.0057  value_loss=0.1889  mi_loss=0.0013  mi_valid=0.75  div_loss=-0.1719  kl_loss=0.0000 (disabled)  score=0.928  return=0.778  role_std=8.6428  role_norm=48.0765  enc_delta ego=0.0015 partner=0.0017 road=0.0026
[ROMA step 5,258,870,784] sps=207,759  policy_loss=-0.0023  value_loss=0.2356  mi_loss=0.0013  mi_valid=0.73  div_loss=-0.1826  kl_loss=0.0000 (disabled)  score=0.929  return=0.775  role_std=9.4024  role_norm=45.8603  enc_delta ego=0.0016 partner=0.0019 road=0.0029
[ROMA step 5,259,657,216] sps=207,694  policy_loss=-0.0037  value_loss=0.2099  mi_loss=0.0012  mi_valid=0.76  div_loss=-0.1748  kl_loss=0.0000 (disabled)  score=0.929  return=0.775  role_std=7.0830  role_norm=49.7641  enc_delta ego=0.0017 partner=0.0019 road=0.0025
[ROMA step 5,260,443,648] sps=207,634  policy_loss=-0.0016  value_loss=0.1802  mi_loss=0.0011  mi_valid=0.76  div_loss=-0.1709  kl_loss=0.0000 (disabled)  score=0.930  return=0.777  role_std=7.4158  role_norm=49.5860  enc_delta ego=0.0021 partner=0.0017 road=0.0029
[ROMA step 5,261,230,080] sps=207,573  policy_loss=-0.0036  value_loss=0.1235  mi_loss=0.0011  mi_valid=0.76  div_loss=-0.1641  kl_loss=0.0000 (disabled)  score=0.930  return=0.777  role_std=7.2655  role_norm=49.2699  enc_delta ego=0.0012 partner=0.0015 road=0.0025
[ROMA step 5,262,016,512] sps=207,400  policy_loss=-0.0024  value_loss=0.1935  mi_loss=0.0011  mi_valid=0.73  div_loss=-0.1748  kl_loss=0.0000 (disabled)  score=0.930  return=0.775  role_std=8.2503  role_norm=47.9977  enc_delta ego=0.0016 partner=0.0020 road=0.0024
[ROMA step 5,262,802,944] sps=207,341  policy_loss=-0.0035  value_loss=0.1946  mi_loss=0.0011  mi_valid=0.75  div_loss=-0.1748  kl_loss=0.0000 (disabled)  score=0.930  return=0.775  role_std=8.9812  role_norm=46.7816  enc_delta ego=0.0024 partner=0.0019 road=0.0023
[ROMA step 5,263,589,376] sps=207,283  policy_loss=-0.0003  value_loss=0.1501  mi_loss=0.0011  mi_valid=0.75  div_loss=-0.1729  kl_loss=0.0000 (disabled)  score=0.931  return=0.775  role_std=9.5551  role_norm=45.5016  enc_delta ego=0.0015 partner=0.0016 road=0.0026
[ROMA step 5,264,375,808] sps=207,101  policy_loss=-0.0000  value_loss=0.1989  mi_loss=0.0011  mi_valid=0.75  div_loss=-0.1777  kl_loss=0.0000 (disabled)  score=0.930  return=0.774  role_std=7.2305  role_norm=49.5800  enc_delta ego=0.0014 partner=0.0019 road=0.0025
[ROMA step 5,265,162,240] sps=207,043  policy_loss=0.0025  value_loss=0.1836  mi_loss=0.0011  mi_valid=0.75  div_loss=-0.1699  kl_loss=0.0000 (disabled)  score=0.930  return=0.772  role_std=7.9128  role_norm=48.8672  enc_delta ego=0.0022 partner=0.0025 road=0.0031
[ROMA step 5,265,948,672] sps=206,983  policy_loss=0.0012  value_loss=0.2531  mi_loss=0.0012  mi_valid=0.75  div_loss=-0.1816  kl_loss=0.0000 (disabled)  score=0.930  return=0.770  role_std=8.4430  role_norm=48.1613  enc_delta ego=0.0017 partner=0.0022 road=0.0025
[ROMA step 5,266,735,104] sps=206,923  policy_loss=0.0060  value_loss=0.1921  mi_loss=0.0012  mi_valid=0.75  div_loss=-0.1768  kl_loss=0.0000 (disabled)  score=0.930  return=0.767  role_std=8.5527  role_norm=47.0295  enc_delta ego=0.0021 partner=0.0019 road=0.0026
[ROMA step 5,267,521,536] sps=206,715  policy_loss=-0.0051  value_loss=0.2156  mi_loss=0.0012  mi_valid=0.73  div_loss=-0.1768  kl_loss=0.0000 (disabled)  score=0.930  return=0.766  role_std=8.9358  role_norm=45.3049  enc_delta ego=0.0014 partner=0.0023 road=0.0029
[ROMA step 5,268,307,968] sps=206,660  policy_loss=-0.0030  value_loss=0.1346  mi_loss=0.0012  mi_valid=0.76  div_loss=-0.1709  kl_loss=0.0000 (disabled)  score=0.930  return=0.766  role_std=7.4167  role_norm=48.9463  enc_delta ego=0.0013 partner=0.0019 road=0.0031
[ROMA step 5,269,094,400] sps=206,604  policy_loss=0.0001  value_loss=0.2068  mi_loss=0.0012  mi_valid=0.75  div_loss=-0.1748  kl_loss=0.0000 (disabled)  score=0.929  return=0.763  role_std=7.9016  role_norm=48.9585  enc_delta ego=0.0016 partner=0.0020 road=0.0031
[ROMA step 5,269,880,832] sps=206,389  policy_loss=-0.0005  value_loss=0.3181  mi_loss=0.0013  mi_valid=0.73  div_loss=-0.1787  kl_loss=0.0000 (disabled)  score=0.928  return=0.759  role_std=7.4027  role_norm=49.0523  enc_delta ego=0.0020 partner=0.0017 road=0.0021
[ROMA step 5,270,667,264] sps=206,335  policy_loss=0.0021  value_loss=0.1675  mi_loss=0.0012  mi_valid=0.75  div_loss=-0.1641  kl_loss=0.0000 (disabled)  score=0.927  return=0.756  role_std=8.0792  role_norm=48.2377  enc_delta ego=0.0012 partner=0.0016 road=0.0026
[ROMA step 5,271,453,696] sps=206,278  policy_loss=0.0001  value_loss=0.1817  mi_loss=0.0012  mi_valid=0.75  div_loss=-0.1602  kl_loss=0.0000 (disabled)  score=0.926  return=0.754  role_std=8.9080  role_norm=47.5259  enc_delta ego=0.0015 partner=0.0016 road=0.0028
[ROMA step 5,272,240,128] sps=206,222  policy_loss=-0.0045  value_loss=0.1909  mi_loss=0.0012  mi_valid=0.76  div_loss=-0.1699  kl_loss=0.0000 (disabled)  score=0.925  return=0.750  role_std=7.9616  role_norm=47.5584  enc_delta ego=0.0019 partner=0.0016 road=0.0028
[ROMA step 5,273,026,560] sps=206,025  policy_loss=-0.0013  value_loss=0.1627  mi_loss=0.0012  mi_valid=0.75  div_loss=-0.1777  kl_loss=0.0000 (disabled)  score=0.924  return=0.748  role_std=7.9633  role_norm=49.5191  enc_delta ego=0.0013 partner=0.0015 road=0.0024
[ROMA step 5,273,812,992] sps=205,965  policy_loss=-0.0023  value_loss=0.2042  mi_loss=0.0012  mi_valid=0.75  div_loss=-0.1816  kl_loss=0.0000 (disabled)  score=0.923  return=0.745  role_std=8.1626  role_norm=49.3502  enc_delta ego=0.0017 partner=0.0016 road=0.0021
[ROMA step 5,274,599,424] sps=205,906  policy_loss=-0.0081  value_loss=0.1929  mi_loss=0.0012  mi_valid=0.75  div_loss=-0.1836  kl_loss=0.0000 (disabled)  score=0.922  return=0.743  role_std=9.0486  role_norm=48.6163  enc_delta ego=0.0015 partner=0.0014 road=0.0017
[ROMA step 5,275,385,856] sps=205,713  policy_loss=-0.0023  value_loss=0.2066  mi_loss=0.0012  mi_valid=0.72  div_loss=-0.1748  kl_loss=0.0000 (disabled)  score=0.922  return=0.746  role_std=9.0676  role_norm=46.6844  enc_delta ego=0.0013 partner=0.0016 road=0.0022
[ROMA step 5,276,172,288] sps=205,654  policy_loss=0.0000  value_loss=0.2395  mi_loss=0.0011  mi_valid=0.75  div_loss=-0.1592  kl_loss=0.0000 (disabled)  score=0.921  return=0.745  role_std=8.4959  role_norm=48.0216  enc_delta ego=0.0016 partner=0.0017 road=0.0027
[ROMA step 5,276,958,720] sps=205,596  policy_loss=-0.0016  value_loss=0.1437  mi_loss=0.0012  mi_valid=0.76  div_loss=-0.1631  kl_loss=0.0000 (disabled)  score=0.921  return=0.748  role_std=7.3983  role_norm=49.5899  enc_delta ego=0.0019 partner=0.0019 road=0.0028
[ROMA step 5,277,745,152] sps=205,536  policy_loss=-0.0065  value_loss=0.1385  mi_loss=0.0011  mi_valid=0.75  div_loss=-0.1680  kl_loss=0.0000 (disabled)  score=0.921  return=0.748  role_std=7.2178  role_norm=49.9206  enc_delta ego=0.0019 partner=0.0015 road=0.0025
[ROMA step 5,278,531,584] sps=205,198  policy_loss=0.0006  value_loss=0.1502  mi_loss=0.0012  mi_valid=0.73  div_loss=-0.1660  kl_loss=0.0000 (disabled)  score=0.921  return=0.751  role_std=8.0943  role_norm=49.0146  enc_delta ego=0.0016 partner=0.0015 road=0.0025
[ROMA step 5,279,318,016] sps=205,144  policy_loss=0.0035  value_loss=0.1830  mi_loss=0.0011  mi_valid=0.74  div_loss=-0.1660  kl_loss=0.0000 (disabled)  score=0.920  return=0.752  role_std=8.3850  role_norm=48.5836  enc_delta ego=0.0014 partner=0.0016 road=0.0024
[ROMA step 5,280,104,448] sps=205,086  policy_loss=-0.0075  value_loss=0.1459  mi_loss=0.0011  mi_valid=0.74  div_loss=-0.1631  kl_loss=0.0000 (disabled)  score=0.920  return=0.753  role_std=8.8419  role_norm=48.0870  enc_delta ego=0.0018 partner=0.0016 road=0.0022
[ROMA step 5,280,890,880] sps=205,027  policy_loss=-0.0091  value_loss=0.1698  mi_loss=0.0011  mi_valid=0.75  div_loss=-0.1699  kl_loss=0.0000 (disabled)  score=0.920  return=0.757  role_std=7.4451  role_norm=50.1063  enc_delta ego=0.0012 partner=0.0013 road=0.0020
[ROMA step 5,281,677,312] sps=204,798  policy_loss=-0.0050  value_loss=0.2525  mi_loss=0.0011  mi_valid=0.73  div_loss=-0.1836  kl_loss=0.0000 (disabled)  score=0.920  return=0.758  role_std=8.2185  role_norm=50.3650  enc_delta ego=0.0016 partner=0.0018 road=0.0030
[ROMA step 5,282,463,744] sps=204,738  policy_loss=-0.0011  value_loss=0.2080  mi_loss=0.0012  mi_valid=0.74  div_loss=-0.1836  kl_loss=0.0000 (disabled)  score=0.920  return=0.761  role_std=8.5629  role_norm=49.7347  enc_delta ego=0.0020 partner=0.0022 road=0.0031
[ROMA step 5,283,250,176] sps=204,678  policy_loss=-0.0039  value_loss=0.1081  mi_loss=0.0011  mi_valid=0.74  div_loss=-0.1719  kl_loss=0.0000 (disabled)  score=0.920  return=0.764  role_std=8.1850  role_norm=49.4030  enc_delta ego=0.0015 partner=0.0014 road=0.0023
[ROMA step 5,284,036,608] sps=204,518  policy_loss=0.0029  value_loss=0.1165  mi_loss=0.0012  mi_valid=0.72  div_loss=-0.1738  kl_loss=0.0000 (disabled)  score=0.921  return=0.769  role_std=9.3716  role_norm=46.1763  enc_delta ego=0.0022 partner=0.0015 road=0.0025
[ROMA step 5,284,823,040] sps=204,464  policy_loss=-0.0077  value_loss=0.1141  mi_loss=0.0012  mi_valid=0.76  div_loss=-0.1709  kl_loss=0.0000 (disabled)  score=0.921  return=0.771  role_std=7.8320  role_norm=50.0224  enc_delta ego=0.0013 partner=0.0019 road=0.0024
[ROMA step 5,285,609,472] sps=204,406  policy_loss=0.0005  value_loss=0.1430  mi_loss=0.0013  mi_valid=0.76  div_loss=-0.1719  kl_loss=0.0000 (disabled)  score=0.920  return=0.773  role_std=7.9614  role_norm=49.7585  enc_delta ego=0.0012 partner=0.0015 road=0.0022
[ROMA step 5,286,395,904] sps=204,346  policy_loss=0.0037  value_loss=0.1347  mi_loss=0.0012  mi_valid=0.75  div_loss=-0.1709  kl_loss=0.0000 (disabled)  score=0.920  return=0.775  role_std=8.0262  role_norm=49.2102  enc_delta ego=0.0017 partner=0.0015 road=0.0020
[ROMA step 5,287,182,336] sps=204,154  policy_loss=0.0027  value_loss=0.1903  mi_loss=0.0011  mi_valid=0.72  div_loss=-0.1729  kl_loss=0.0000 (disabled)  score=0.920  return=0.776  role_std=8.2440  role_norm=48.3446  enc_delta ego=0.0018 partner=0.0022 road=0.0028
[ROMA step 5,287,968,768] sps=204,097  policy_loss=-0.0024  value_loss=0.0840  mi_loss=0.0011  mi_valid=0.74  div_loss=-0.1641  kl_loss=0.0000 (disabled)  score=0.921  return=0.780  role_std=8.3701  role_norm=48.2333  enc_delta ego=0.0017 partner=0.0014 road=0.0023
[ROMA step 5,288,755,200] sps=204,037  policy_loss=0.0066  value_loss=0.1330  mi_loss=0.0011  mi_valid=0.74  div_loss=-0.1562  kl_loss=0.0000 (disabled)  score=0.921  return=0.782  role_std=8.8417  role_norm=47.5175  enc_delta ego=0.0016 partner=0.0016 road=0.0024
[ROMA step 5,289,541,632] sps=203,814  policy_loss=-0.0100  value_loss=0.1294  mi_loss=0.0011  mi_valid=0.73  div_loss=-0.1670  kl_loss=0.0000 (disabled)  score=0.921  return=0.784  role_std=7.5581  role_norm=49.8124  enc_delta ego=0.0013 partner=0.0018 road=0.0026
[ROMA step 5,290,328,064] sps=203,757  policy_loss=0.0012  value_loss=0.1905  mi_loss=0.0010  mi_valid=0.75  div_loss=-0.1680  kl_loss=0.0000 (disabled)  score=0.921  return=0.784  role_std=7.8252  role_norm=49.2442  enc_delta ego=0.0014 partner=0.0022 road=0.0030
[ROMA step 5,291,114,496] sps=203,697  policy_loss=0.0051  value_loss=0.1636  mi_loss=0.0010  mi_valid=0.75  div_loss=-0.1719  kl_loss=0.0000 (disabled)  score=0.922  return=0.784  role_std=8.0606  role_norm=48.5006  enc_delta ego=0.0013 partner=0.0016 road=0.0020
[ROMA step 5,291,900,928] sps=203,635  policy_loss=-0.0002  value_loss=0.1273  mi_loss=0.0011  mi_valid=0.75  div_loss=-0.1777  kl_loss=0.0000 (disabled)  score=0.922  return=0.785  role_std=8.5104  role_norm=47.5071  enc_delta ego=0.0012 partner=0.0013 road=0.0020
[ROMA step 5,292,687,360] sps=203,456  policy_loss=-0.0059  value_loss=0.1733  mi_loss=0.0010  mi_valid=0.72  div_loss=-0.1855  kl_loss=0.0000 (disabled)  score=0.922  return=0.788  role_std=9.1141  role_norm=45.6473  enc_delta ego=0.0017 partner=0.0019 road=0.0029
[ROMA step 5,293,473,792] sps=203,403  policy_loss=-0.0039  value_loss=0.1453  mi_loss=0.0011  mi_valid=0.75  div_loss=-0.1816  kl_loss=0.0000 (disabled)  score=0.922  return=0.790  role_std=7.7469  role_norm=48.9270  enc_delta ego=0.0020 partner=0.0023 road=0.0026
[ROMA step 5,294,260,224] sps=203,350  policy_loss=-0.0027  value_loss=0.1853  mi_loss=0.0011  mi_valid=0.74  div_loss=-0.1885  kl_loss=0.0000 (disabled)  score=0.922  return=0.789  role_std=7.9311  role_norm=48.8899  enc_delta ego=0.0025 partner=0.0020 road=0.0024
[ROMA step 5,295,046,656] sps=203,178  policy_loss=-0.0041  value_loss=0.2109  mi_loss=0.0011  mi_valid=0.72  div_loss=-0.1934  kl_loss=0.0000 (disabled)  score=0.923  return=0.790  role_std=8.9225  role_norm=48.4155  enc_delta ego=0.0020 partner=0.0019 road=0.0027
[ROMA step 5,295,833,088] sps=203,118  policy_loss=-0.0010  value_loss=0.1804  mi_loss=0.0012  mi_valid=0.75  div_loss=-0.1963  kl_loss=0.0000 (disabled)  score=0.922  return=0.788  role_std=9.3799  role_norm=47.0207  enc_delta ego=0.0017 partner=0.0018 road=0.0033
[ROMA step 5,296,619,520] sps=203,062  policy_loss=-0.0024  value_loss=0.2420  mi_loss=0.0012  mi_valid=0.75  div_loss=-0.1934  kl_loss=0.0000 (disabled)  score=0.922  return=0.786  role_std=10.2981  role_norm=46.2961  enc_delta ego=0.0015 partner=0.0017 road=0.0023
[ROMA step 5,297,405,952] sps=203,004  policy_loss=-0.0087  value_loss=0.2505  mi_loss=0.0011  mi_valid=0.76  div_loss=-0.1963  kl_loss=0.0000 (disabled)  score=0.922  return=0.785  role_std=10.0938  role_norm=45.7422  enc_delta ego=0.0015 partner=0.0020 road=0.0028
[ROMA step 5,298,192,384] sps=202,832  policy_loss=0.0037  value_loss=0.2156  mi_loss=0.0011  mi_valid=0.74  div_loss=-0.1875  kl_loss=0.0000 (disabled)  score=0.922  return=0.785  role_std=8.1176  role_norm=49.3454  enc_delta ego=0.0019 partner=0.0018 road=0.0030
[ROMA step 5,298,978,816] sps=202,775  policy_loss=-0.0030  value_loss=0.1938  mi_loss=0.0010  mi_valid=0.75  div_loss=-0.1748  kl_loss=0.0000 (disabled)  score=0.923  return=0.786  role_std=7.9763  role_norm=49.0807  enc_delta ego=0.0017 partner=0.0019 road=0.0026
[ROMA step 5,299,765,248] sps=202,714  policy_loss=-0.0067  value_loss=0.1890  mi_loss=0.0011  mi_valid=0.75  div_loss=-0.1719  kl_loss=0.0000 (disabled)  score=0.924  return=0.789  role_std=8.3599  role_norm=48.6426  enc_delta ego=0.0016 partner=0.0016 road=0.0025
[ROMA step 5,300,551,680] sps=202,523  policy_loss=-0.0039  value_loss=0.1353  mi_loss=0.0011  mi_valid=0.72  div_loss=-0.1758  kl_loss=0.0000 (disabled)  score=0.924  return=0.791  role_std=9.4356  role_norm=46.0927  enc_delta ego=0.0013 partner=0.0015 road=0.0021
[ROMA step 5,301,338,112] sps=202,465  policy_loss=0.0075  value_loss=0.1899  mi_loss=0.0011  mi_valid=0.75  div_loss=-0.1748  kl_loss=0.0000 (disabled)  score=0.924  return=0.790  role_std=9.4577  role_norm=46.5193  enc_delta ego=0.0014 partner=0.0014 road=0.0026
[ROMA step 5,302,124,544] sps=202,407  policy_loss=-0.0032  value_loss=0.2156  mi_loss=0.0011  mi_valid=0.76  div_loss=-0.1719  kl_loss=0.0000 (disabled)  score=0.924  return=0.789  role_std=7.6335  role_norm=49.6945  enc_delta ego=0.0015 partner=0.0015 road=0.0027
[ROMA step 5,302,910,976] sps=202,356  policy_loss=-0.0044  value_loss=0.1547  mi_loss=0.0011  mi_valid=0.75  div_loss=-0.1729  kl_loss=0.0000 (disabled)  score=0.923  return=0.788  role_std=7.6798  role_norm=49.7316  enc_delta ego=0.0015 partner=0.0016 road=0.0028
[ROMA step 5,303,697,408] sps=202,139  policy_loss=0.0031  value_loss=0.2079  mi_loss=0.0012  mi_valid=0.73  div_loss=-0.1729  kl_loss=0.0000 (disabled)  score=0.923  return=0.788  role_std=8.6944  role_norm=48.2563  enc_delta ego=0.0014 partner=0.0016 road=0.0024
[ROMA step 5,304,483,840] sps=202,085  policy_loss=-0.0042  value_loss=0.1599  mi_loss=0.0012  mi_valid=0.75  div_loss=-0.1729  kl_loss=0.0000 (disabled)  score=0.922  return=0.786  role_std=8.4819  role_norm=47.0393  enc_delta ego=0.0012 partner=0.0015 road=0.0021
[ROMA step 5,305,270,272] sps=202,026  policy_loss=-0.0012  value_loss=0.2038  mi_loss=0.0012  mi_valid=0.75  div_loss=-0.1787  kl_loss=0.0000 (disabled)  score=0.922  return=0.786  role_std=9.0371  role_norm=46.4483  enc_delta ego=0.0015 partner=0.0016 road=0.0023
[ROMA step 5,306,056,704] sps=201,970  policy_loss=-0.0035  value_loss=0.1039  mi_loss=0.0012  mi_valid=0.76  div_loss=-0.1719  kl_loss=0.0000 (disabled)  score=0.922  return=0.787  role_std=7.2721  role_norm=49.2063  enc_delta ego=0.0011 partner=0.0012 road=0.0020
[ROMA step 5,306,843,136] sps=201,813  policy_loss=0.0019  value_loss=0.2692  mi_loss=0.0011  mi_valid=0.73  div_loss=-0.1924  kl_loss=0.0000 (disabled)  score=0.922  return=0.785  role_std=8.5632  role_norm=48.8597  enc_delta ego=0.0015 partner=0.0017 road=0.0026
[ROMA step 5,307,629,568] sps=201,757  policy_loss=0.0065  value_loss=0.2168  mi_loss=0.0012  mi_valid=0.74  div_loss=-0.1934  kl_loss=0.0000 (disabled)  score=0.922  return=0.782  role_std=8.7122  role_norm=48.5588  enc_delta ego=0.0013 partner=0.0018 road=0.0027
[ROMA step 5,308,416,000] sps=201,707  policy_loss=0.0016  value_loss=0.2235  mi_loss=0.0011  mi_valid=0.74  div_loss=-0.1924  kl_loss=0.0000 (disabled)  score=0.921  return=0.780  role_std=9.2607  role_norm=48.2959  enc_delta ego=0.0018 partner=0.0016 road=0.0023
[ROMA step 5,309,202,432] sps=201,542  policy_loss=0.0037  value_loss=0.3359  mi_loss=0.0011  mi_valid=0.73  div_loss=-0.1934  kl_loss=0.0000 (disabled)  score=0.922  return=0.780  role_std=8.7473  role_norm=45.4261  enc_delta ego=0.0012 partner=0.0015 road=0.0021
[ROMA step 5,309,988,864] sps=201,487  policy_loss=-0.0036  value_loss=0.2119  mi_loss=0.0012  mi_valid=0.76  div_loss=-0.1768  kl_loss=0.0000 (disabled)  score=0.921  return=0.776  role_std=7.7522  role_norm=48.9031  enc_delta ego=0.0011 partner=0.0014 road=0.0020
[ROMA step 5,310,775,296] sps=201,429  policy_loss=0.0026  value_loss=0.1724  mi_loss=0.0012  mi_valid=0.76  div_loss=-0.1748  kl_loss=0.0000 (disabled)  score=0.921  return=0.775  role_std=7.5736  role_norm=49.0129  enc_delta ego=0.0014 partner=0.0018 road=0.0023
[ROMA step 5,311,561,728] sps=201,373  policy_loss=0.0035  value_loss=0.1657  mi_loss=0.0011  mi_valid=0.75  div_loss=-0.1699  kl_loss=0.0000 (disabled)  score=0.922  return=0.775  role_std=7.6258  role_norm=48.7455  enc_delta ego=0.0014 partner=0.0018 road=0.0021
[ROMA step 5,312,348,160] sps=201,203  policy_loss=-0.0001  value_loss=0.1655  mi_loss=0.0011  mi_valid=0.73  div_loss=-0.1729  kl_loss=0.0000 (disabled)  score=0.922  return=0.774  role_std=8.4155  role_norm=47.9975  enc_delta ego=0.0012 partner=0.0015 road=0.0030
[ROMA step 5,313,134,592] sps=201,150  policy_loss=-0.0023  value_loss=0.1250  mi_loss=0.0011  mi_valid=0.75  div_loss=-0.1689  kl_loss=0.0000 (disabled)  score=0.922  return=0.774  role_std=8.4310  role_norm=46.7793  enc_delta ego=0.0013 partner=0.0017 road=0.0023
[ROMA step 5,313,921,024] sps=201,099  policy_loss=-0.0044  value_loss=0.1276  mi_loss=0.0010  mi_valid=0.75  div_loss=-0.1650  kl_loss=0.0000 (disabled)  score=0.921  return=0.772  role_std=8.8021  role_norm=46.3268  enc_delta ego=0.0010 partner=0.0014 road=0.0020
[ROMA step 5,314,707,456] sps=200,900  policy_loss=-0.0004  value_loss=0.1782  mi_loss=0.0011  mi_valid=0.75  div_loss=-0.1699  kl_loss=0.0000 (disabled)  score=0.921  return=0.772  role_std=7.3586  role_norm=50.6770  enc_delta ego=0.0016 partner=0.0016 road=0.0026
[ROMA step 5,315,493,888] sps=200,849  policy_loss=0.0063  value_loss=0.2905  mi_loss=0.0012  mi_valid=0.76  div_loss=-0.1787  kl_loss=0.0000 (disabled)  score=0.920  return=0.765  role_std=8.0116  role_norm=50.0232  enc_delta ego=0.0017 partner=0.0019 road=0.0030
[ROMA step 5,316,280,320] sps=200,798  policy_loss=-0.0035  value_loss=0.2302  mi_loss=0.0012  mi_valid=0.76  div_loss=-0.1826  kl_loss=0.0000 (disabled)  score=0.919  return=0.762  role_std=8.8682  role_norm=48.8982  enc_delta ego=0.0013 partner=0.0016 road=0.0025
[ROMA step 5,317,066,752] sps=200,744  policy_loss=0.0009  value_loss=0.2083  mi_loss=0.0012  mi_valid=0.76  div_loss=-0.1807  kl_loss=0.0000 (disabled)  score=0.918  return=0.759  role_std=8.7567  role_norm=48.0613  enc_delta ego=0.0015 partner=0.0017 road=0.0023
[ROMA step 5,317,853,184] sps=200,516  policy_loss=0.0023  value_loss=0.2063  mi_loss=0.0012  mi_valid=0.74  div_loss=-0.1631  kl_loss=0.0000 (disabled)  score=0.918  return=0.757  role_std=9.2274  role_norm=46.8256  enc_delta ego=0.0011 partner=0.0015 road=0.0020
[ROMA step 5,318,639,616] sps=200,465  policy_loss=0.0004  value_loss=0.1336  mi_loss=0.0012  mi_valid=0.77  div_loss=-0.1631  kl_loss=0.0000 (disabled)  score=0.917  return=0.757  role_std=7.4880  role_norm=50.2232  enc_delta ego=0.0014 partner=0.0017 road=0.0026
[ROMA step 5,319,426,048] sps=200,413  policy_loss=-0.0048  value_loss=0.1496  mi_loss=0.0012  mi_valid=0.77  div_loss=-0.1631  kl_loss=0.0000 (disabled)  score=0.917  return=0.755  role_std=7.0219  role_norm=50.0955  enc_delta ego=0.0012 partner=0.0015 road=0.0022
[ROMA step 5,320,212,480] sps=200,242  policy_loss=0.0034  value_loss=0.1601  mi_loss=0.0012  mi_valid=0.74  div_loss=-0.1641  kl_loss=0.0000 (disabled)  score=0.916  return=0.754  role_std=7.3823  role_norm=49.7964  enc_delta ego=0.0017 partner=0.0016 road=0.0025
[ROMA step 5,320,998,912] sps=200,189  policy_loss=-0.0063  value_loss=0.1407  mi_loss=0.0012  mi_valid=0.74  div_loss=-0.1592  kl_loss=0.0000 (disabled)  score=0.917  return=0.757  role_std=8.2129  role_norm=48.1521  enc_delta ego=0.0015 partner=0.0011 road=0.0019
[ROMA step 5,321,785,344] sps=200,135  policy_loss=-0.0041  value_loss=0.2024  mi_loss=0.0012  mi_valid=0.74  div_loss=-0.1680  kl_loss=0.0000 (disabled)  score=0.917  return=0.758  role_std=8.1595  role_norm=48.2173  enc_delta ego=0.0016 partner=0.0018 road=0.0024
[ROMA step 5,322,571,776] sps=200,084  policy_loss=-0.0001  value_loss=0.1345  mi_loss=0.0012  mi_valid=0.74  div_loss=-0.1494  kl_loss=0.0000 (disabled)  score=0.918  return=0.764  role_std=7.9569  role_norm=47.4542  enc_delta ego=0.0021 partner=0.0013 road=0.0023
[ROMA step 5,323,358,208] sps=199,829  policy_loss=0.0053  value_loss=0.2083  mi_loss=0.0011  mi_valid=0.74  div_loss=-0.1592  kl_loss=0.0000 (disabled)  score=0.919  return=0.766  role_std=7.5010  role_norm=50.5345  enc_delta ego=0.0016 partner=0.0015 road=0.0023
[ROMA step 5,324,144,640] sps=199,777  policy_loss=-0.0003  value_loss=0.2496  mi_loss=0.0012  mi_valid=0.75  div_loss=-0.1729  kl_loss=0.0000 (disabled)  score=0.919  return=0.768  role_std=7.5926  role_norm=50.0507  enc_delta ego=0.0015 partner=0.0019 road=0.0026
[ROMA step 5,324,931,072] sps=199,724  policy_loss=0.0018  value_loss=0.1423  mi_loss=0.0012  mi_valid=0.75  div_loss=-0.1680  kl_loss=0.0000 (disabled)  score=0.920  return=0.769  role_std=8.1633  role_norm=49.4946  enc_delta ego=0.0015 partner=0.0013 road=0.0021
[ROMA step 5,325,717,504] sps=199,513  policy_loss=-0.0019  value_loss=0.2544  mi_loss=0.0012  mi_valid=0.72  div_loss=-0.1738  kl_loss=0.0000 (disabled)  score=0.919  return=0.768  role_std=8.7329  role_norm=46.9620  enc_delta ego=0.0013 partner=0.0013 road=0.0020
[ROMA step 5,326,503,936] sps=199,457  policy_loss=0.0041  value_loss=0.2249  mi_loss=0.0012  mi_valid=0.76  div_loss=-0.1621  kl_loss=0.0000 (disabled)  score=0.919  return=0.768  role_std=8.3828  role_norm=47.2166  enc_delta ego=0.0012 partner=0.0017 road=0.0022
[ROMA step 5,327,290,368] sps=199,403  policy_loss=-0.0006  value_loss=0.1279  mi_loss=0.0011  mi_valid=0.76  div_loss=-0.1611  kl_loss=0.0000 (disabled)  score=0.919  return=0.768  role_std=7.0068  role_norm=50.2707  enc_delta ego=0.0015 partner=0.0015 road=0.0023
[ROMA step 5,328,076,800] sps=199,350  policy_loss=0.0005  value_loss=0.1689  mi_loss=0.0011  mi_valid=0.75  div_loss=-0.1689  kl_loss=0.0000 (disabled)  score=0.919  return=0.771  role_std=7.7561  role_norm=50.2606  enc_delta ego=0.0013 partner=0.0014 road=0.0020
[ROMA step 5,328,863,232] sps=198,700  policy_loss=-0.0119  value_loss=0.1947  mi_loss=0.0011  mi_valid=0.73  div_loss=-0.1826  kl_loss=0.0000 (disabled)  score=0.920  return=0.774  role_std=8.8578  role_norm=49.0201  enc_delta ego=0.0016 partner=0.0021 road=0.0027
[ROMA step 5,329,649,664] sps=198,645  policy_loss=-0.0067  value_loss=0.2238  mi_loss=0.0012  mi_valid=0.74  div_loss=-0.1826  kl_loss=0.0000 (disabled)  score=0.920  return=0.774  role_std=9.2126  role_norm=47.9124  enc_delta ego=0.0018 partner=0.0022 road=0.0028
[ROMA step 5,330,436,096] sps=198,593  policy_loss=-0.0000  value_loss=0.2053  mi_loss=0.0012  mi_valid=0.74  div_loss=-0.1797  kl_loss=0.0000 (disabled)  score=0.920  return=0.774  role_std=10.0608  role_norm=47.1416  enc_delta ego=0.0013 partner=0.0015 road=0.0022
[ROMA step 5,331,222,528] sps=198,536  policy_loss=-0.0012  value_loss=0.1687  mi_loss=0.0011  mi_valid=0.75  div_loss=-0.1836  kl_loss=0.0000 (disabled)  score=0.920  return=0.774  role_std=9.3342  role_norm=46.6613  enc_delta ego=0.0016 partner=0.0014 road=0.0022
[ROMA step 5,332,008,960] sps=198,083  policy_loss=0.0015  value_loss=0.1445  mi_loss=0.0011  mi_valid=0.74  div_loss=-0.1777  kl_loss=0.0000 (disabled)  score=0.920  return=0.774  role_std=8.5314  role_norm=49.4668  enc_delta ego=0.0020 partner=0.0016 road=0.0022
[ROMA step 5,332,795,392] sps=198,029  policy_loss=-0.0018  value_loss=0.1976  mi_loss=0.0011  mi_valid=0.75  div_loss=-0.1836  kl_loss=0.0000 (disabled)  score=0.920  return=0.772  role_std=8.1099  role_norm=49.1686  enc_delta ego=0.0025 partner=0.0017 road=0.0023
[ROMA step 5,333,581,824] sps=197,978  policy_loss=-0.0020  value_loss=0.1575  mi_loss=0.0011  mi_valid=0.75  div_loss=-0.1836  kl_loss=0.0000 (disabled)  score=0.919  return=0.772  role_std=8.5508  role_norm=48.0162  enc_delta ego=0.0030 partner=0.0017 road=0.0024
[ROMA step 5,334,368,256] sps=197,733  policy_loss=-0.0029  value_loss=0.1409  mi_loss=0.0012  mi_valid=0.73  div_loss=-0.1777  kl_loss=0.0000 (disabled)  score=0.919  return=0.775  role_std=9.4062  role_norm=46.7618  enc_delta ego=0.0019 partner=0.0012 road=0.0023
[ROMA step 5,335,154,688] sps=197,680  policy_loss=0.0001  value_loss=0.1689  mi_loss=0.0011  mi_valid=0.75  div_loss=-0.1748  kl_loss=0.0000 (disabled)  score=0.919  return=0.777  role_std=9.7752  role_norm=46.7973  enc_delta ego=0.0016 partner=0.0015 road=0.0022
[ROMA step 5,335,941,120] sps=197,626  policy_loss=0.0036  value_loss=0.1916  mi_loss=0.0012  mi_valid=0.75  div_loss=-0.1768  kl_loss=0.0000 (disabled)  score=0.919  return=0.779  role_std=8.1400  role_norm=50.2001  enc_delta ego=0.0014 partner=0.0013 road=0.0022
[ROMA step 5,336,727,552] sps=197,574  policy_loss=-0.0089  value_loss=0.0858  mi_loss=0.0012  mi_valid=0.74  div_loss=-0.1670  kl_loss=0.0000 (disabled)  score=0.919  return=0.780  role_std=7.9735  role_norm=49.9459  enc_delta ego=0.0014 partner=0.0014 road=0.0017
[ROMA step 5,337,513,984] sps=197,055  policy_loss=-0.0054  value_loss=0.1502  mi_loss=0.0011  mi_valid=0.73  div_loss=-0.1611  kl_loss=0.0000 (disabled)  score=0.919  return=0.783  role_std=8.0037  role_norm=49.5394  enc_delta ego=0.0018 partner=0.0017 road=0.0026
[ROMA step 5,338,300,416] sps=197,001  policy_loss=-0.0058  value_loss=0.1543  mi_loss=0.0011  mi_valid=0.74  div_loss=-0.1592  kl_loss=0.0000 (disabled)  score=0.919  return=0.783  role_std=8.3080  role_norm=49.0884  enc_delta ego=0.0013 partner=0.0012 road=0.0018
[ROMA step 5,339,086,848] sps=196,948  policy_loss=-0.0023  value_loss=0.1570  mi_loss=0.0011  mi_valid=0.75  div_loss=-0.1621  kl_loss=0.0000 (disabled)  score=0.919  return=0.782  role_std=8.3316  role_norm=48.8432  enc_delta ego=0.0015 partner=0.0015 road=0.0017
[ROMA step 5,339,873,280] sps=196,735  policy_loss=0.0038  value_loss=0.1480  mi_loss=0.0011  mi_valid=0.74  div_loss=-0.1660  kl_loss=0.0000 (disabled)  score=0.919  return=0.783  role_std=7.0136  role_norm=51.8405  enc_delta ego=0.0011 partner=0.0016 road=0.0022
[ROMA step 5,340,659,712] sps=196,684  policy_loss=-0.0037  value_loss=0.1652  mi_loss=0.0011  mi_valid=0.74  div_loss=-0.1738  kl_loss=0.0000 (disabled)  score=0.919  return=0.783  role_std=8.2060  role_norm=50.9145  enc_delta ego=0.0016 partner=0.0017 road=0.0023
[ROMA step 5,341,446,144] sps=196,633  policy_loss=-0.0031  value_loss=0.1681  mi_loss=0.0011  mi_valid=0.74  div_loss=-0.1768  kl_loss=0.0000 (disabled)  score=0.921  return=0.789  role_std=8.8272  role_norm=49.7698  enc_delta ego=0.0015 partner=0.0014 road=0.0020
[ROMA step 5,342,232,576] sps=196,584  policy_loss=-0.0013  value_loss=0.1781  mi_loss=0.0011  mi_valid=0.74  div_loss=-0.1826  kl_loss=0.0000 (disabled)  score=0.921  return=0.792  role_std=8.8842  role_norm=49.2463  enc_delta ego=0.0013 partner=0.0014 road=0.0017
[ROMA step 5,343,019,008] sps=196,424  policy_loss=-0.0002  value_loss=0.2802  mi_loss=0.0012  mi_valid=0.72  div_loss=-0.1777  kl_loss=0.0000 (disabled)  score=0.922  return=0.794  role_std=9.9336  role_norm=47.0786  enc_delta ego=0.0014 partner=0.0017 road=0.0027
[ROMA step 5,343,805,440] sps=196,378  policy_loss=0.0035  value_loss=0.1991  mi_loss=0.0013  mi_valid=0.76  div_loss=-0.1787  kl_loss=0.0000 (disabled)  score=0.922  return=0.793  role_std=7.5091  role_norm=50.5851  enc_delta ego=0.0014 partner=0.0017 road=0.0025
[ROMA step 5,344,591,872] sps=196,328  policy_loss=-0.0001  value_loss=0.1713  mi_loss=0.0012  mi_valid=0.76  div_loss=-0.1758  kl_loss=0.0000 (disabled)  score=0.922  return=0.794  role_std=8.0551  role_norm=50.3326  enc_delta ego=0.0014 partner=0.0015 road=0.0024
[ROMA step 5,345,378,304] sps=196,184  policy_loss=0.0005  value_loss=0.2110  mi_loss=0.0012  mi_valid=0.73  div_loss=-0.1787  kl_loss=0.0000 (disabled)  score=0.922  return=0.793  role_std=8.3686  role_norm=50.4590  enc_delta ego=0.0016 partner=0.0019 road=0.0030
[ROMA step 5,346,164,736] sps=196,132  policy_loss=-0.0008  value_loss=0.1799  mi_loss=0.0012  mi_valid=0.74  div_loss=-0.1670  kl_loss=0.0000 (disabled)  score=0.921  return=0.791  role_std=8.3767  role_norm=49.9240  enc_delta ego=0.0015 partner=0.0016 road=0.0026
[ROMA step 5,346,951,168] sps=196,082  policy_loss=0.0015  value_loss=0.1913  mi_loss=0.0012  mi_valid=0.75  div_loss=-0.1650  kl_loss=0.0000 (disabled)  score=0.920  return=0.789  role_std=8.5882  role_norm=49.6048  enc_delta ego=0.0011 partner=0.0016 road=0.0026
[ROMA step 5,347,737,600] sps=196,033  policy_loss=-0.0111  value_loss=0.1465  mi_loss=0.0011  mi_valid=0.74  div_loss=-0.1758  kl_loss=0.0000 (disabled)  score=0.919  return=0.788  role_std=9.7466  role_norm=47.4503  enc_delta ego=0.0012 partner=0.0015 road=0.0022
[ROMA step 5,348,524,032] sps=195,863  policy_loss=-0.0028  value_loss=0.1824  mi_loss=0.0011  mi_valid=0.74  div_loss=-0.1748  kl_loss=0.0000 (disabled)  score=0.919  return=0.788  role_std=7.3744  role_norm=50.4707  enc_delta ego=0.0021 partner=0.0018 road=0.0022
[ROMA step 5,349,310,464] sps=195,815  policy_loss=-0.0046  value_loss=0.1649  mi_loss=0.0012  mi_valid=0.75  div_loss=-0.1641  kl_loss=0.0000 (disabled)  score=0.918  return=0.786  role_std=7.4296  role_norm=49.9967  enc_delta ego=0.0027 partner=0.0012 road=0.0021
[ROMA step 5,350,096,896] sps=195,764  policy_loss=0.0033  value_loss=0.1559  mi_loss=0.0012  mi_valid=0.75  div_loss=-0.1602  kl_loss=0.0000 (disabled)  score=0.918  return=0.788  role_std=7.6204  role_norm=49.4081  enc_delta ego=0.0017 partner=0.0015 road=0.0020
[ROMA step 5,350,883,328] sps=195,602  policy_loss=0.0066  value_loss=0.1278  mi_loss=0.0013  mi_valid=0.73  div_loss=-0.1562  kl_loss=0.0000 (disabled)  score=0.918  return=0.790  role_std=8.5796  role_norm=47.8340  enc_delta ego=0.0020 partner=0.0012 road=0.0019
[ROMA step 5,351,669,760] sps=195,556  policy_loss=0.0051  value_loss=0.1040  mi_loss=0.0011  mi_valid=0.74  div_loss=-0.1582  kl_loss=0.0000 (disabled)  score=0.917  return=0.791  role_std=8.5739  role_norm=48.0317  enc_delta ego=0.0012 partner=0.0012 road=0.0023
[ROMA step 5,352,456,192] sps=195,509  policy_loss=0.0032  value_loss=0.1175  mi_loss=0.0011  mi_valid=0.75  div_loss=-0.1582  kl_loss=0.0000 (disabled)  score=0.918  return=0.797  role_std=7.1460  role_norm=50.5300  enc_delta ego=0.0011 partner=0.0012 road=0.0015
[ROMA step 5,353,242,624] sps=195,459  policy_loss=-0.0016  value_loss=0.1015  mi_loss=0.0011  mi_valid=0.74  div_loss=-0.1582  kl_loss=0.0000 (disabled)  score=0.919  return=0.799  role_std=7.0993  role_norm=50.9232  enc_delta ego=0.0014 partner=0.0013 road=0.0019
[ROMA step 5,354,029,056] sps=195,282  policy_loss=0.0039  value_loss=0.2609  mi_loss=0.0012  mi_valid=0.72  div_loss=-0.1797  kl_loss=0.0000 (disabled)  score=0.919  return=0.798  role_std=9.1072  role_norm=49.6421  enc_delta ego=0.0014 partner=0.0015 road=0.0023
[ROMA step 5,354,815,488] sps=195,229  policy_loss=0.0002  value_loss=0.2174  mi_loss=0.0013  mi_valid=0.74  div_loss=-0.1787  kl_loss=0.0000 (disabled)  score=0.919  return=0.796  role_std=9.2544  role_norm=48.6396  enc_delta ego=0.0021 partner=0.0017 road=0.0023
[ROMA step 5,355,601,920] sps=195,178  policy_loss=-0.0017  value_loss=0.1933  mi_loss=0.0013  mi_valid=0.74  div_loss=-0.1807  kl_loss=0.0000 (disabled)  score=0.920  return=0.795  role_std=8.7913  role_norm=48.5022  enc_delta ego=0.0015 partner=0.0018 road=0.0022
[ROMA step 5,356,388,352] sps=195,124  policy_loss=-0.0037  value_loss=0.2290  mi_loss=0.0013  mi_valid=0.75  div_loss=-0.1787  kl_loss=0.0000 (disabled)  score=0.920  return=0.794  role_std=9.2965  role_norm=47.6222  enc_delta ego=0.0020 partner=0.0016 road=0.0024
[ROMA step 5,357,174,784] sps=194,953  policy_loss=-0.0030  value_loss=0.2277  mi_loss=0.0011  mi_valid=0.75  div_loss=-0.1777  kl_loss=0.0000 (disabled)  score=0.920  return=0.793  role_std=7.5956  role_norm=50.1260  enc_delta ego=0.0017 partner=0.0019 road=0.0024
[ROMA step 5,357,961,216] sps=194,906  policy_loss=0.0018  value_loss=0.1363  mi_loss=0.0011  mi_valid=0.75  div_loss=-0.1660  kl_loss=0.0000 (disabled)  score=0.920  return=0.795  role_std=8.0999  role_norm=50.2437  enc_delta ego=0.0012 partner=0.0014 road=0.0021
[ROMA step 5,358,747,648] sps=194,859  policy_loss=-0.0030  value_loss=0.1491  mi_loss=0.0012  mi_valid=0.75  div_loss=-0.1738  kl_loss=0.0000 (disabled)  score=0.920  return=0.797  role_std=8.3301  role_norm=49.9388  enc_delta ego=0.0015 partner=0.0019 road=0.0024
[ROMA step 5,359,534,080] sps=194,676  policy_loss=-0.0043  value_loss=0.1068  mi_loss=0.0011  mi_valid=0.73  div_loss=-0.1689  kl_loss=0.0000 (disabled)  score=0.920  return=0.797  role_std=9.2117  role_norm=47.9336  enc_delta ego=0.0011 partner=0.0012 road=0.0024
[ROMA step 5,360,320,512] sps=194,629  policy_loss=-0.0043  value_loss=0.1255  mi_loss=0.0012  mi_valid=0.75  div_loss=-0.1611  kl_loss=0.0000 (disabled)  score=0.921  return=0.798  role_std=9.1316  role_norm=46.9759  enc_delta ego=0.0015 partner=0.0018 road=0.0035
[ROMA step 5,361,106,944] sps=194,583  policy_loss=0.0033  value_loss=0.1154  mi_loss=0.0011  mi_valid=0.76  div_loss=-0.1592  kl_loss=0.0000 (disabled)  score=0.920  return=0.796  role_std=7.1431  role_norm=50.9205  enc_delta ego=0.0012 partner=0.0015 road=0.0021
[ROMA step 5,361,893,376] sps=194,536  policy_loss=-0.0012  value_loss=0.1732  mi_loss=0.0011  mi_valid=0.75  div_loss=-0.1680  kl_loss=0.0000 (disabled)  score=0.921  return=0.799  role_std=7.5070  role_norm=49.9347  enc_delta ego=0.0012 partner=0.0015 road=0.0020
[ROMA step 5,362,679,808] sps=194,344  policy_loss=0.0027  value_loss=0.2426  mi_loss=0.0012  mi_valid=0.73  div_loss=-0.1709  kl_loss=0.0000 (disabled)  score=0.921  return=0.798  role_std=8.5032  role_norm=50.0335  enc_delta ego=0.0021 partner=0.0020 road=0.0031
[ROMA step 5,363,466,240] sps=194,295  policy_loss=-0.0041  value_loss=0.1213  mi_loss=0.0012  mi_valid=0.74  div_loss=-0.1611  kl_loss=0.0000 (disabled)  score=0.921  return=0.798  role_std=8.6136  role_norm=49.4323  enc_delta ego=0.0022 partner=0.0016 road=0.0024
[ROMA step 5,364,252,672] sps=194,248  policy_loss=0.0006  value_loss=0.1657  mi_loss=0.0012  mi_valid=0.74  div_loss=-0.1621  kl_loss=0.0000 (disabled)  score=0.922  return=0.797  role_std=8.6062  role_norm=48.6696  enc_delta ego=0.0015 partner=0.0013 road=0.0019
[ROMA step 5,365,039,104] sps=194,082  policy_loss=-0.0007  value_loss=0.1832  mi_loss=0.0012  mi_valid=0.74  div_loss=-0.1660  kl_loss=0.0000 (disabled)  score=0.922  return=0.797  role_std=7.6987  role_norm=51.3751  enc_delta ego=0.0011 partner=0.0012 road=0.0019
[ROMA step 5,365,825,536] sps=194,033  policy_loss=-0.0062  value_loss=0.1496  mi_loss=0.0012  mi_valid=0.74  div_loss=-0.1719  kl_loss=0.0000 (disabled)  score=0.922  return=0.798  role_std=7.6811  role_norm=51.2813  enc_delta ego=0.0013 partner=0.0018 road=0.0021
[ROMA step 5,366,611,968] sps=193,982  policy_loss=0.0029  value_loss=0.1971  mi_loss=0.0012  mi_valid=0.74  div_loss=-0.1797  kl_loss=0.0000 (disabled)  score=0.923  return=0.799  role_std=8.4286  role_norm=50.1432  enc_delta ego=0.0015 partner=0.0020 road=0.0032
[ROMA step 5,367,398,400] sps=193,932  policy_loss=-0.0033  value_loss=0.1131  mi_loss=0.0012  mi_valid=0.75  div_loss=-0.1758  kl_loss=0.0000 (disabled)  score=0.923  return=0.799  role_std=8.7918  role_norm=49.4292  enc_delta ego=0.0016 partner=0.0016 road=0.0024
[ROMA step 5,368,184,832] sps=193,488  policy_loss=-0.0034  value_loss=0.2040  mi_loss=0.0012  mi_valid=0.73  div_loss=-0.1777  kl_loss=0.0000 (disabled)  score=0.923  return=0.798  role_std=9.0354  role_norm=47.2582  enc_delta ego=0.0014 partner=0.0017 road=0.0025
[ROMA step 5,368,971,264] sps=193,439  policy_loss=0.0004  value_loss=0.1957  mi_loss=0.0011  mi_valid=0.76  div_loss=-0.1699  kl_loss=0.0000 (disabled)  score=0.924  return=0.799  role_std=7.6913  role_norm=50.3522  enc_delta ego=0.0012 partner=0.0014 road=0.0021
[ROMA step 5,369,757,696] sps=193,385  policy_loss=0.0029  value_loss=0.2075  mi_loss=0.0011  mi_valid=0.76  div_loss=-0.1729  kl_loss=0.0000 (disabled)  score=0.924  return=0.800  role_std=7.6600  role_norm=50.4952  enc_delta ego=0.0014 partner=0.0016 road=0.0022
[ROMA step 5,370,544,128] sps=193,002  policy_loss=0.0058  value_loss=0.2465  mi_loss=0.0012  mi_valid=0.73  div_loss=-0.1787  kl_loss=0.0000 (disabled)  score=0.924  return=0.802  role_std=8.6498  role_norm=51.4473  enc_delta ego=0.0012 partner=0.0017 road=0.0021
[ROMA step 5,371,330,560] sps=192,956  policy_loss=-0.0007  value_loss=0.1795  mi_loss=0.0014  mi_valid=0.74  div_loss=-0.1787  kl_loss=0.0000 (disabled)  score=0.926  return=0.803  role_std=8.5975  role_norm=49.8106  enc_delta ego=0.0017 partner=0.0021 road=0.0030
[ROMA step 5,372,116,992] sps=192,910  policy_loss=-0.0003  value_loss=0.2631  mi_loss=0.0012  mi_valid=0.74  div_loss=-0.1895  kl_loss=0.0000 (disabled)  score=0.927  return=0.804  role_std=9.2893  role_norm=48.6598  enc_delta ego=0.0014 partner=0.0020 road=0.0030
[ROMA step 5,372,903,424] sps=192,863  policy_loss=0.0015  value_loss=0.2434  mi_loss=0.0012  mi_valid=0.75  div_loss=-0.1895  kl_loss=0.0000 (disabled)  score=0.928  return=0.805  role_std=10.0946  role_norm=47.7040  enc_delta ego=0.0015 partner=0.0019 road=0.0032
[ROMA step 5,373,689,856] sps=192,701  policy_loss=0.0045  value_loss=0.1640  mi_loss=0.0012  mi_valid=0.75  div_loss=-0.1738  kl_loss=0.0000 (disabled)  score=0.928  return=0.804  role_std=7.7575  role_norm=51.3433  enc_delta ego=0.0012 partner=0.0016 road=0.0030
[ROMA step 5,374,476,288] sps=192,653  policy_loss=-0.0002  value_loss=0.1513  mi_loss=0.0012  mi_valid=0.75  div_loss=-0.1689  kl_loss=0.0000 (disabled)  score=0.928  return=0.804  role_std=8.0185  role_norm=50.5459  enc_delta ego=0.0011 partner=0.0013 road=0.0021
[ROMA step 5,375,262,720] sps=192,602  policy_loss=-0.0008  value_loss=0.1496  mi_loss=0.0013  mi_valid=0.75  div_loss=-0.1670  kl_loss=0.0000 (disabled)  score=0.928  return=0.805  role_std=8.3385  role_norm=49.9010  enc_delta ego=0.0012 partner=0.0013 road=0.0021
[ROMA step 5,376,049,152] sps=192,457  policy_loss=0.0009  value_loss=0.1470  mi_loss=0.0013  mi_valid=0.73  div_loss=-0.1660  kl_loss=0.0000 (disabled)  score=0.927  return=0.805  role_std=8.7080  role_norm=47.3080  enc_delta ego=0.0012 partner=0.0011 road=0.0024
[ROMA step 5,376,835,584] sps=192,411  policy_loss=-0.0029  value_loss=0.1686  mi_loss=0.0012  mi_valid=0.75  div_loss=-0.1689  kl_loss=0.0000 (disabled)  score=0.927  return=0.802  role_std=8.9344  role_norm=47.7670  enc_delta ego=0.0012 partner=0.0015 road=0.0023
[ROMA step 5,377,622,016] sps=192,362  policy_loss=-0.0003  value_loss=0.1558  mi_loss=0.0012  mi_valid=0.76  div_loss=-0.1680  kl_loss=0.0000 (disabled)  score=0.926  return=0.800  role_std=7.4359  role_norm=51.1949  enc_delta ego=0.0011 partner=0.0014 road=0.0021
[ROMA step 5,378,408,448] sps=192,311  policy_loss=-0.0001  value_loss=0.2075  mi_loss=0.0012  mi_valid=0.76  div_loss=-0.1787  kl_loss=0.0000 (disabled)  score=0.925  return=0.796  role_std=7.9748  role_norm=51.0214  enc_delta ego=0.0009 partner=0.0015 road=0.0020
[ROMA step 5,379,194,880] sps=192,155  policy_loss=0.0031  value_loss=0.2714  mi_loss=0.0012  mi_valid=0.73  div_loss=-0.1689  kl_loss=0.0000 (disabled)  score=0.925  return=0.793  role_std=7.7202  role_norm=50.4904  enc_delta ego=0.0015 partner=0.0017 road=0.0023
[ROMA step 5,379,981,312] sps=192,103  policy_loss=0.0001  value_loss=0.1503  mi_loss=0.0012  mi_valid=0.75  div_loss=-0.1602  kl_loss=0.0000 (disabled)  score=0.924  return=0.788  role_std=7.9234  role_norm=49.4705  enc_delta ego=0.0017 partner=0.0015 road=0.0023
[ROMA step 5,380,767,744] sps=192,050  policy_loss=-0.0002  value_loss=0.1947  mi_loss=0.0013  mi_valid=0.75  div_loss=-0.1602  kl_loss=0.0000 (disabled)  score=0.923  return=0.790  role_std=8.3282  role_norm=48.6440  enc_delta ego=0.0012 partner=0.0013 road=0.0027
[ROMA step 5,381,554,176] sps=192,002  policy_loss=-0.0008  value_loss=0.0887  mi_loss=0.0012  mi_valid=0.75  div_loss=-0.1523  kl_loss=0.0000 (disabled)  score=0.923  return=0.791  role_std=8.3182  role_norm=47.9945  enc_delta ego=0.0011 partner=0.0013 road=0.0018
[ROMA step 5,382,340,608] sps=191,845  policy_loss=-0.0022  value_loss=0.1610  mi_loss=0.0013  mi_valid=0.75  div_loss=-0.1777  kl_loss=0.0000 (disabled)  score=0.923  return=0.792  role_std=7.3106  role_norm=51.0079  enc_delta ego=0.0016 partner=0.0019 road=0.0029
[ROMA step 5,383,127,040] sps=191,796  policy_loss=0.0027  value_loss=0.1926  mi_loss=0.0013  mi_valid=0.74  div_loss=-0.1797  kl_loss=0.0000 (disabled)  score=0.922  return=0.793  role_std=8.6224  role_norm=50.3088  enc_delta ego=0.0015 partner=0.0019 road=0.0025
[ROMA step 5,383,913,472] sps=191,750  policy_loss=0.0038  value_loss=0.1846  mi_loss=0.0012  mi_valid=0.74  div_loss=-0.1768  kl_loss=0.0000 (disabled)  score=0.923  return=0.794  role_std=8.7848  role_norm=49.5921  enc_delta ego=0.0013 partner=0.0017 road=0.0027
[ROMA step 5,384,699,904] sps=191,585  policy_loss=-0.0020  value_loss=0.1892  mi_loss=0.0012  mi_valid=0.73  div_loss=-0.1777  kl_loss=0.0000 (disabled)  score=0.922  return=0.793  role_std=9.0023  role_norm=46.7926  enc_delta ego=0.0011 partner=0.0015 road=0.0022
[ROMA step 5,385,486,336] sps=191,538  policy_loss=0.0047  value_loss=0.1598  mi_loss=0.0011  mi_valid=0.76  div_loss=-0.1680  kl_loss=0.0000 (disabled)  score=0.922  return=0.793  role_std=8.8854  role_norm=45.7049  enc_delta ego=0.0011 partner=0.0012 road=0.0024
[ROMA step 5,386,272,768] sps=191,491  policy_loss=-0.0016  value_loss=0.1772  mi_loss=0.0012  mi_valid=0.77  div_loss=-0.1729  kl_loss=0.0000 (disabled)  score=0.922  return=0.793  role_std=7.4594  role_norm=50.3875  enc_delta ego=0.0013 partner=0.0014 road=0.0021
[ROMA step 5,387,059,200] sps=191,445  policy_loss=-0.0002  value_loss=0.0633  mi_loss=0.0011  mi_valid=0.76  div_loss=-0.1670  kl_loss=0.0000 (disabled)  score=0.921  return=0.794  role_std=7.3707  role_norm=49.8802  enc_delta ego=0.0012 partner=0.0014 road=0.0022
[ROMA step 5,387,845,632] sps=191,298  policy_loss=0.0018  value_loss=0.1581  mi_loss=0.0012  mi_valid=0.73  div_loss=-0.1768  kl_loss=0.0000 (disabled)  score=0.921  return=0.793  role_std=8.5317  role_norm=49.6702  enc_delta ego=0.0017 partner=0.0015 road=0.0025
[ROMA step 5,388,632,064] sps=191,254  policy_loss=0.0021  value_loss=0.1862  mi_loss=0.0012  mi_valid=0.75  div_loss=-0.1738  kl_loss=0.0000 (disabled)  score=0.920  return=0.791  role_std=8.3494  role_norm=48.6698  enc_delta ego=0.0011 partner=0.0014 road=0.0022
[ROMA step 5,389,418,496] sps=191,210  policy_loss=-0.0023  value_loss=0.1285  mi_loss=0.0013  mi_valid=0.75  div_loss=-0.1748  kl_loss=0.0000 (disabled)  score=0.920  return=0.795  role_std=9.0433  role_norm=47.9156  enc_delta ego=0.0012 partner=0.0011 road=0.0020
[ROMA step 5,390,204,928] sps=191,042  policy_loss=-0.0005  value_loss=0.1595  mi_loss=0.0013  mi_valid=0.74  div_loss=-0.1787  kl_loss=0.0000 (disabled)  score=0.919  return=0.793  role_std=7.5674  role_norm=50.8492  enc_delta ego=0.0017 partner=0.0015 road=0.0026
[ROMA step 5,390,991,360] sps=190,998  policy_loss=0.0051  value_loss=0.2490  mi_loss=0.0013  mi_valid=0.75  div_loss=-0.1797  kl_loss=0.0000 (disabled)  score=0.919  return=0.791  role_std=8.2100  role_norm=50.5621  enc_delta ego=0.0012 partner=0.0017 road=0.0026
[ROMA step 5,391,777,792] sps=190,955  policy_loss=-0.0002  value_loss=0.1523  mi_loss=0.0013  mi_valid=0.75  div_loss=-0.1768  kl_loss=0.0000 (disabled)  score=0.918  return=0.791  role_std=8.3231  role_norm=50.0705  enc_delta ego=0.0010 partner=0.0016 road=0.0020
[ROMA step 5,392,564,224] sps=190,911  policy_loss=-0.0028  value_loss=0.2085  mi_loss=0.0014  mi_valid=0.75  div_loss=-0.1816  kl_loss=0.0000 (disabled)  score=0.918  return=0.789  role_std=8.8310  role_norm=49.4890  enc_delta ego=0.0016 partner=0.0015 road=0.0023
[ROMA step 5,393,350,656] sps=190,752  policy_loss=0.0008  value_loss=0.1009  mi_loss=0.0014  mi_valid=0.73  div_loss=-0.1738  kl_loss=0.0000 (disabled)  score=0.917  return=0.789  role_std=9.3268  role_norm=47.7947  enc_delta ego=0.0014 partner=0.0014 road=0.0022
[ROMA step 5,394,137,088] sps=190,707  policy_loss=-0.0093  value_loss=0.1664  mi_loss=0.0012  mi_valid=0.75  div_loss=-0.1729  kl_loss=0.0000 (disabled)  score=0.917  return=0.788  role_std=8.4240  role_norm=48.6602  enc_delta ego=0.0010 partner=0.0015 road=0.0020
[ROMA step 5,394,923,520] sps=190,662  policy_loss=-0.0037  value_loss=0.1237  mi_loss=0.0013  mi_valid=0.75  div_loss=-0.1680  kl_loss=0.0000 (disabled)  score=0.916  return=0.789  role_std=7.7905  role_norm=50.4966  enc_delta ego=0.0016 partner=0.0011 road=0.0016
[ROMA step 5,395,709,952] sps=190,506  policy_loss=0.0013  value_loss=0.1729  mi_loss=0.0012  mi_valid=0.73  div_loss=-0.1777  kl_loss=0.0000 (disabled)  score=0.917  return=0.792  role_std=7.6093  role_norm=50.6168  enc_delta ego=0.0012 partner=0.0015 road=0.0020
[ROMA step 5,396,496,384] sps=190,462  policy_loss=-0.0046  value_loss=0.1256  mi_loss=0.0014  mi_valid=0.75  div_loss=-0.1689  kl_loss=0.0000 (disabled)  score=0.916  return=0.791  role_std=8.6401  role_norm=49.2258  enc_delta ego=0.0012 partner=0.0014 road=0.0025
[ROMA step 5,397,282,816] sps=190,419  policy_loss=0.0008  value_loss=0.1535  mi_loss=0.0014  mi_valid=0.75  div_loss=-0.1709  kl_loss=0.0000 (disabled)  score=0.915  return=0.790  role_std=8.4575  role_norm=49.0288  enc_delta ego=0.0015 partner=0.0016 road=0.0020
[ROMA step 5,398,069,248] sps=190,373  policy_loss=-0.0096  value_loss=0.1363  mi_loss=0.0013  mi_valid=0.75  div_loss=-0.1797  kl_loss=0.0000 (disabled)  score=0.915  return=0.791  role_std=8.9969  role_norm=48.2827  enc_delta ego=0.0014 partner=0.0016 road=0.0023
[ROMA step 5,398,855,680] sps=190,217  policy_loss=0.0017  value_loss=0.1310  mi_loss=0.0013  mi_valid=0.73  div_loss=-0.1787  kl_loss=0.0000 (disabled)  score=0.914  return=0.791  role_std=8.3577  role_norm=50.4386  enc_delta ego=0.0016 partner=0.0019 road=0.0025
[ROMA step 5,399,642,112] sps=190,169  policy_loss=-0.0029  value_loss=0.1538  mi_loss=0.0012  mi_valid=0.74  div_loss=-0.1768  kl_loss=0.0000 (disabled)  score=0.914  return=0.794  role_std=8.4787  role_norm=50.0686  enc_delta ego=0.0014 partner=0.0018 road=0.0023
[ROMA step 5,400,428,544] sps=190,120  policy_loss=-0.0066  value_loss=0.1422  mi_loss=0.0012  mi_valid=0.74  div_loss=-0.1846  kl_loss=0.0000 (disabled)  score=0.915  return=0.797  role_std=8.8616  role_norm=49.2724  enc_delta ego=0.0016 partner=0.0017 road=0.0021
[ROMA step 5,401,214,976] sps=189,949  policy_loss=-0.0075  value_loss=0.1791  mi_loss=0.0013  mi_valid=0.72  div_loss=-0.1816  kl_loss=0.0000 (disabled)  score=0.916  return=0.796  role_std=8.9097  role_norm=46.3856  enc_delta ego=0.0012 partner=0.0015 road=0.0024
[ROMA step 5,402,001,408] sps=189,901  policy_loss=-0.0072  value_loss=0.1389  mi_loss=0.0011  mi_valid=0.75  div_loss=-0.1650  kl_loss=0.0000 (disabled)  score=0.916  return=0.795  role_std=8.6776  role_norm=47.4531  enc_delta ego=0.0015 partner=0.0014 road=0.0020
[ROMA step 5,402,787,840] sps=189,857  policy_loss=-0.0011  value_loss=0.1420  mi_loss=0.0011  mi_valid=0.77  div_loss=-0.1689  kl_loss=0.0000 (disabled)  score=0.916  return=0.794  role_std=7.4599  role_norm=49.8844  enc_delta ego=0.0017 partner=0.0014 road=0.0020
[ROMA step 5,403,574,272] sps=189,809  policy_loss=-0.0044  value_loss=0.1480  mi_loss=0.0010  mi_valid=0.77  div_loss=-0.1738  kl_loss=0.0000 (disabled)  score=0.916  return=0.796  role_std=7.8043  role_norm=49.5557  enc_delta ego=0.0016 partner=0.0017 road=0.0024
[ROMA step 5,404,360,704] sps=189,618  policy_loss=0.0060  value_loss=0.1929  mi_loss=0.0012  mi_valid=0.73  div_loss=-0.1787  kl_loss=0.0000 (disabled)  score=0.917  return=0.796  role_std=8.6898  role_norm=48.9358  enc_delta ego=0.0018 partner=0.0018 road=0.0022
[ROMA step 5,405,147,136] sps=189,575  policy_loss=0.0000  value_loss=0.1139  mi_loss=0.0013  mi_valid=0.75  div_loss=-0.1748  kl_loss=0.0000 (disabled)  score=0.917  return=0.798  role_std=8.2682  role_norm=48.6071  enc_delta ego=0.0012 partner=0.0013 road=0.0020
[ROMA step 5,405,933,568] sps=189,531  policy_loss=-0.0024  value_loss=0.1789  mi_loss=0.0012  mi_valid=0.74  div_loss=-0.1807  kl_loss=0.0000 (disabled)  score=0.918  return=0.799  role_std=9.0069  role_norm=47.6157  enc_delta ego=0.0015 partner=0.0017 road=0.0019
[ROMA step 5,406,720,000] sps=189,485  policy_loss=-0.0008  value_loss=0.1968  mi_loss=0.0012  mi_valid=0.74  div_loss=-0.1807  kl_loss=0.0000 (disabled)  score=0.918  return=0.800  role_std=9.3388  role_norm=47.1684  enc_delta ego=0.0012 partner=0.0015 road=0.0019
[ROMA step 5,407,506,432] sps=189,316  policy_loss=-0.0032  value_loss=0.2220  mi_loss=0.0012  mi_valid=0.75  div_loss=-0.1914  kl_loss=0.0000 (disabled)  score=0.918  return=0.799  role_std=8.5185  role_norm=49.2917  enc_delta ego=0.0014 partner=0.0018 road=0.0027
[ROMA step 5,408,292,864] sps=189,272  policy_loss=-0.0011  value_loss=0.3066  mi_loss=0.0012  mi_valid=0.75  div_loss=-0.1992  kl_loss=0.0000 (disabled)  score=0.919  return=0.798  role_std=9.1887  role_norm=48.5152  enc_delta ego=0.0012 partner=0.0022 road=0.0024
[ROMA step 5,409,079,296] sps=189,226  policy_loss=0.0022  value_loss=0.2401  mi_loss=0.0012  mi_valid=0.75  div_loss=-0.1855  kl_loss=0.0000 (disabled)  score=0.920  return=0.799  role_std=9.3587  role_norm=48.6884  enc_delta ego=0.0017 partner=0.0016 road=0.0023
[ROMA step 5,409,865,728] sps=189,050  policy_loss=0.0013  value_loss=0.2390  mi_loss=0.0013  mi_valid=0.73  div_loss=-0.1934  kl_loss=0.0000 (disabled)  score=0.919  return=0.798  role_std=9.6040  role_norm=47.6264  enc_delta ego=0.0017 partner=0.0017 road=0.0022
[ROMA step 5,410,652,160] sps=189,007  policy_loss=-0.0043  value_loss=0.2365  mi_loss=0.0012  mi_valid=0.75  div_loss=-0.2021  kl_loss=0.0000 (disabled)  score=0.920  return=0.799  role_std=9.4760  role_norm=47.4658  enc_delta ego=0.0020 partner=0.0021 road=0.0025
[ROMA step 5,411,438,592] sps=188,963  policy_loss=-0.0038  value_loss=0.1850  mi_loss=0.0012  mi_valid=0.76  div_loss=-0.1914  kl_loss=0.0000 (disabled)  score=0.920  return=0.798  role_std=8.5977  role_norm=50.0120  enc_delta ego=0.0013 partner=0.0018 road=0.0023
[ROMA step 5,412,225,024] sps=188,915  policy_loss=0.0004  value_loss=0.2520  mi_loss=0.0012  mi_valid=0.76  div_loss=-0.2031  kl_loss=0.0000 (disabled)  score=0.921  return=0.797  role_std=8.9263  role_norm=49.6777  enc_delta ego=0.0018 partner=0.0020 road=0.0030
[ROMA step 5,413,011,456] sps=188,734  policy_loss=-0.0001  value_loss=0.1685  mi_loss=0.0013  mi_valid=0.73  div_loss=-0.1895  kl_loss=0.0000 (disabled)  score=0.922  return=0.797  role_std=8.8860  role_norm=49.0138  enc_delta ego=0.0016 partner=0.0018 road=0.0026
[ROMA step 5,413,797,888] sps=188,686  policy_loss=-0.0036  value_loss=0.1291  mi_loss=0.0013  mi_valid=0.75  div_loss=-0.1729  kl_loss=0.0000 (disabled)  score=0.923  return=0.800  role_std=8.9833  role_norm=48.5814  enc_delta ego=0.0015 partner=0.0015 road=0.0021
[ROMA step 5,414,584,320] sps=188,639  policy_loss=-0.0051  value_loss=0.1176  mi_loss=0.0012  mi_valid=0.75  div_loss=-0.1719  kl_loss=0.0000 (disabled)  score=0.924  return=0.801  role_std=8.8305  role_norm=48.3749  enc_delta ego=0.0014 partner=0.0015 road=0.0017
[ROMA step 5,415,370,752] sps=188,481  policy_loss=-0.0044  value_loss=0.2046  mi_loss=0.0012  mi_valid=0.73  div_loss=-0.1758  kl_loss=0.0000 (disabled)  score=0.924  return=0.801  role_std=8.9248  role_norm=49.9127  enc_delta ego=0.0013 partner=0.0017 road=0.0022
[ROMA step 5,416,157,184] sps=188,434  policy_loss=-0.0068  value_loss=0.1609  mi_loss=0.0011  mi_valid=0.74  div_loss=-0.1758  kl_loss=0.0000 (disabled)  score=0.925  return=0.804  role_std=7.9210  role_norm=50.7637  enc_delta ego=0.0015 partner=0.0017 road=0.0025
[ROMA step 5,416,943,616] sps=188,391  policy_loss=0.0007  value_loss=0.1527  mi_loss=0.0011  mi_valid=0.74  div_loss=-0.1816  kl_loss=0.0000 (disabled)  score=0.926  return=0.805  role_std=9.0037  role_norm=50.3262  enc_delta ego=0.0013 partner=0.0015 road=0.0023
[ROMA step 5,417,730,048] sps=188,349  policy_loss=-0.0038  value_loss=0.1725  mi_loss=0.0011  mi_valid=0.73  div_loss=-0.1875  kl_loss=0.0000 (disabled)  score=0.927  return=0.807  role_std=8.9115  role_norm=49.7637  enc_delta ego=0.0018 partner=0.0017 road=0.0026
[ROMA step 5,418,516,480] sps=188,187  policy_loss=0.0039  value_loss=0.1988  mi_loss=0.0012  mi_valid=0.72  div_loss=-0.1855  kl_loss=0.0000 (disabled)  score=0.928  return=0.806  role_std=10.0939  role_norm=47.8164  enc_delta ego=0.0010 partner=0.0016 road=0.0020
[ROMA step 5,419,302,912] sps=188,145  policy_loss=-0.0089  value_loss=0.1717  mi_loss=0.0011  mi_valid=0.75  div_loss=-0.1816  kl_loss=0.0000 (disabled)  score=0.928  return=0.806  role_std=9.2766  role_norm=47.6152  enc_delta ego=0.0013 partner=0.0016 road=0.0024
[ROMA step 5,420,089,344] sps=188,104  policy_loss=-0.0020  value_loss=0.0867  mi_loss=0.0012  mi_valid=0.75  div_loss=-0.1680  kl_loss=0.0000 (disabled)  score=0.929  return=0.809  role_std=8.1669  role_norm=50.6406  enc_delta ego=0.0010 partner=0.0013 road=0.0017
[ROMA step 5,420,875,776] sps=187,941  policy_loss=0.0049  value_loss=0.1187  mi_loss=0.0011  mi_valid=0.73  div_loss=-0.1699  kl_loss=0.0000 (disabled)  score=0.929  return=0.808  role_std=7.8176  role_norm=51.5415  enc_delta ego=0.0012 partner=0.0012 road=0.0025
[ROMA step 5,421,662,208] sps=187,894  policy_loss=-0.0041  value_loss=0.1845  mi_loss=0.0011  mi_valid=0.74  div_loss=-0.1719  kl_loss=0.0000 (disabled)  score=0.930  return=0.809  role_std=8.0958  role_norm=50.4870  enc_delta ego=0.0016 partner=0.0017 road=0.0025
[ROMA step 5,422,448,640] sps=187,849  policy_loss=-0.0055  value_loss=0.1581  mi_loss=0.0011  mi_valid=0.74  div_loss=-0.1699  kl_loss=0.0000 (disabled)  score=0.930  return=0.811  role_std=8.6539  role_norm=49.6864  enc_delta ego=0.0015 partner=0.0016 road=0.0023
[ROMA step 5,423,235,072] sps=187,805  policy_loss=-0.0035  value_loss=0.1208  mi_loss=0.0012  mi_valid=0.74  div_loss=-0.1689  kl_loss=0.0000 (disabled)  score=0.931  return=0.813  role_std=9.0791  role_norm=49.2860  enc_delta ego=0.0013 partner=0.0016 road=0.0024
[ROMA step 5,424,021,504] sps=187,655  policy_loss=-0.0015  value_loss=0.1707  mi_loss=0.0011  mi_valid=0.73  div_loss=-0.1699  kl_loss=0.0000 (disabled)  score=0.931  return=0.813  role_std=7.3782  role_norm=51.2001  enc_delta ego=0.0012 partner=0.0015 road=0.0023
[ROMA step 5,424,807,936] sps=187,612  policy_loss=0.0011  value_loss=0.1891  mi_loss=0.0012  mi_valid=0.74  div_loss=-0.1689  kl_loss=0.0000 (disabled)  score=0.931  return=0.812  role_std=7.4752  role_norm=51.4946  enc_delta ego=0.0014 partner=0.0017 road=0.0024
[ROMA step 5,425,594,368] sps=187,565  policy_loss=0.0029  value_loss=0.1502  mi_loss=0.0012  mi_valid=0.75  div_loss=-0.1699  kl_loss=0.0000 (disabled)  score=0.931  return=0.812  role_std=8.0574  role_norm=50.8771  enc_delta ego=0.0018 partner=0.0019 road=0.0025
[ROMA step 5,426,380,800] sps=187,409  policy_loss=-0.0013  value_loss=0.1752  mi_loss=0.0012  mi_valid=0.73  div_loss=-0.1738  kl_loss=0.0000 (disabled)  score=0.932  return=0.814  role_std=8.6180  role_norm=49.0659  enc_delta ego=0.0011 partner=0.0014 road=0.0022
[ROMA step 5,427,167,232] sps=187,361  policy_loss=0.0003  value_loss=0.1870  mi_loss=0.0012  mi_valid=0.74  div_loss=-0.1670  kl_loss=0.0000 (disabled)  score=0.932  return=0.812  role_std=9.6065  role_norm=49.1299  enc_delta ego=0.0024 partner=0.0018 road=0.0025
[ROMA step 5,427,953,664] sps=187,313  policy_loss=0.0027  value_loss=0.1974  mi_loss=0.0012  mi_valid=0.75  div_loss=-0.1670  kl_loss=0.0000 (disabled)  score=0.932  return=0.811  role_std=7.7617  role_norm=52.0213  enc_delta ego=0.0022 partner=0.0021 road=0.0028
[ROMA step 5,428,740,096] sps=187,264  policy_loss=0.0024  value_loss=0.2093  mi_loss=0.0012  mi_valid=0.75  div_loss=-0.1748  kl_loss=0.0000 (disabled)  score=0.932  return=0.810  role_std=8.0553  role_norm=51.8212  enc_delta ego=0.0014 partner=0.0015 road=0.0022
[ROMA step 5,429,526,528] sps=187,110  policy_loss=0.0031  value_loss=0.2058  mi_loss=0.0011  mi_valid=0.73  div_loss=-0.1777  kl_loss=0.0000 (disabled)  score=0.932  return=0.811  role_std=8.5487  role_norm=51.3875  enc_delta ego=0.0015 partner=0.0016 road=0.0026
[ROMA step 5,430,312,960] sps=187,066  policy_loss=-0.0007  value_loss=0.2093  mi_loss=0.0011  mi_valid=0.74  div_loss=-0.1865  kl_loss=0.0000 (disabled)  score=0.932  return=0.810  role_std=9.2788  role_norm=50.2408  enc_delta ego=0.0016 partner=0.0024 road=0.0029
[ROMA step 5,431,099,392] sps=187,024  policy_loss=-0.0028  value_loss=0.1808  mi_loss=0.0011  mi_valid=0.74  div_loss=-0.1816  kl_loss=0.0000 (disabled)  score=0.932  return=0.808  role_std=8.9551  role_norm=49.7425  enc_delta ego=0.0014 partner=0.0019 road=0.0024
[ROMA step 5,431,885,824] sps=186,841  policy_loss=-0.0039  value_loss=0.1988  mi_loss=0.0011  mi_valid=0.75  div_loss=-0.1738  kl_loss=0.0000 (disabled)  score=0.932  return=0.809  role_std=9.4821  role_norm=49.0807  enc_delta ego=0.0017 partner=0.0017 road=0.0027
[ROMA step 5,432,672,256] sps=186,798  policy_loss=-0.0039  value_loss=0.1632  mi_loss=0.0012  mi_valid=0.77  div_loss=-0.1748  kl_loss=0.0000 (disabled)  score=0.931  return=0.809  role_std=7.6351  role_norm=52.3765  enc_delta ego=0.0024 partner=0.0021 road=0.0025
[ROMA step 5,433,458,688] sps=186,756  policy_loss=0.0037  value_loss=0.1901  mi_loss=0.0012  mi_valid=0.75  div_loss=-0.1650  kl_loss=0.0000 (disabled)  score=0.931  return=0.809  role_std=7.8037  role_norm=51.8869  enc_delta ego=0.0031 partner=0.0018 road=0.0017
[ROMA step 5,434,245,120] sps=186,713  policy_loss=0.0019  value_loss=0.1188  mi_loss=0.0013  mi_valid=0.75  div_loss=-0.1553  kl_loss=0.0000 (disabled)  score=0.930  return=0.809  role_std=7.6522  role_norm=51.5281  enc_delta ego=0.0016 partner=0.0016 road=0.0020
[ROMA step 5,435,031,552] sps=186,547  policy_loss=0.0071  value_loss=0.1567  mi_loss=0.0013  mi_valid=0.72  div_loss=-0.1602  kl_loss=0.0000 (disabled)  score=0.931  return=0.811  role_std=8.5375  role_norm=50.6013  enc_delta ego=0.0018 partner=0.0016 road=0.0025
[ROMA step 5,435,817,984] sps=186,506  policy_loss=-0.0014  value_loss=0.1532  mi_loss=0.0013  mi_valid=0.74  div_loss=-0.1494  kl_loss=0.0000 (disabled)  score=0.931  return=0.813  role_std=8.4007  role_norm=50.0592  enc_delta ego=0.0011 partner=0.0012 road=0.0015
[ROMA step 5,436,604,416] sps=186,465  policy_loss=-0.0024  value_loss=0.1130  mi_loss=0.0012  mi_valid=0.74  div_loss=-0.1436  kl_loss=0.0000 (disabled)  score=0.932  return=0.816  role_std=7.1267  role_norm=52.5240  enc_delta ego=0.0014 partner=0.0016 road=0.0026
[ROMA step 5,437,390,848] sps=186,423  policy_loss=-0.0027  value_loss=0.1486  mi_loss=0.0012  mi_valid=0.74  div_loss=-0.1572  kl_loss=0.0000 (disabled)  score=0.932  return=0.819  role_std=7.1833  role_norm=52.0774  enc_delta ego=0.0014 partner=0.0017 road=0.0024
[ROMA step 5,438,177,280] sps=186,239  policy_loss=0.0064  value_loss=0.2890  mi_loss=0.0012  mi_valid=0.73  div_loss=-0.1680  kl_loss=0.0000 (disabled)  score=0.932  return=0.817  role_std=8.3219  role_norm=50.4435  enc_delta ego=0.0013 partner=0.0018 road=0.0029
[ROMA step 5,438,963,712] sps=186,198  policy_loss=-0.0028  value_loss=0.1315  mi_loss=0.0012  mi_valid=0.74  div_loss=-0.1562  kl_loss=0.0000 (disabled)  score=0.932  return=0.814  role_std=7.9529  role_norm=49.7433  enc_delta ego=0.0016 partner=0.0015 road=0.0026
[ROMA step 5,439,750,144] sps=186,153  policy_loss=-0.0037  value_loss=0.1483  mi_loss=0.0012  mi_valid=0.74  div_loss=-0.1523  kl_loss=0.0000 (disabled)  score=0.932  return=0.815  role_std=8.1427  role_norm=50.0752  enc_delta ego=0.0011 partner=0.0015 road=0.0021
[ROMA step 5,440,536,576] sps=185,999  policy_loss=0.0044  value_loss=0.2044  mi_loss=0.0013  mi_valid=0.73  div_loss=-0.1611  kl_loss=0.0000 (disabled)  score=0.932  return=0.813  role_std=6.8864  role_norm=52.4773  enc_delta ego=0.0011 partner=0.0015 road=0.0020
[ROMA step 5,441,323,008] sps=185,954  policy_loss=0.0005  value_loss=0.1538  mi_loss=0.0012  mi_valid=0.75  div_loss=-0.1592  kl_loss=0.0000 (disabled)  score=0.932  return=0.812  role_std=7.2122  role_norm=52.4889  enc_delta ego=0.0014 partner=0.0014 road=0.0019
[ROMA step 5,442,109,440] sps=185,907  policy_loss=0.0107  value_loss=0.2010  mi_loss=0.0013  mi_valid=0.74  div_loss=-0.1602  kl_loss=0.0000 (disabled)  score=0.931  return=0.810  role_std=7.7116  role_norm=51.8813  enc_delta ego=0.0014 partner=0.0014 road=0.0023
[ROMA step 5,442,895,872] sps=185,863  policy_loss=0.0004  value_loss=0.1851  mi_loss=0.0013  mi_valid=0.75  div_loss=-0.1641  kl_loss=0.0000 (disabled)  score=0.931  return=0.808  role_std=7.9707  role_norm=50.8663  enc_delta ego=0.0017 partner=0.0014 road=0.0019
[ROMA step 5,443,682,304] sps=185,691  policy_loss=-0.0055  value_loss=0.1533  mi_loss=0.0012  mi_valid=0.73  div_loss=-0.1670  kl_loss=0.0000 (disabled)  score=0.931  return=0.808  role_std=8.5480  role_norm=49.3821  enc_delta ego=0.0016 partner=0.0017 road=0.0025
[ROMA step 5,444,468,736] sps=185,650  policy_loss=0.0007  value_loss=0.1318  mi_loss=0.0011  mi_valid=0.75  div_loss=-0.1582  kl_loss=0.0000 (disabled)  score=0.931  return=0.808  role_std=9.3439  role_norm=48.1555  enc_delta ego=0.0014 partner=0.0012 road=0.0017
[ROMA step 5,445,255,168] sps=185,605  policy_loss=0.0008  value_loss=0.0798  mi_loss=0.0011  mi_valid=0.76  div_loss=-0.1562  kl_loss=0.0000 (disabled)  score=0.930  return=0.808  role_std=7.0802  role_norm=51.5650  enc_delta ego=0.0010 partner=0.0013 road=0.0018
[ROMA step 5,446,041,600] sps=185,428  policy_loss=0.0006  value_loss=0.1633  mi_loss=0.0012  mi_valid=0.73  div_loss=-0.1621  kl_loss=0.0000 (disabled)  score=0.930  return=0.808  role_std=7.9317  role_norm=52.4510  enc_delta ego=0.0010 partner=0.0012 road=0.0019
[ROMA step 5,446,828,032] sps=185,381  policy_loss=-0.0040  value_loss=0.1596  mi_loss=0.0011  mi_valid=0.74  div_loss=-0.1699  kl_loss=0.0000 (disabled)  score=0.930  return=0.807  role_std=7.9321  role_norm=51.0125  enc_delta ego=0.0014 partner=0.0017 road=0.0022
[ROMA step 5,447,614,464] sps=185,337  policy_loss=0.0028  value_loss=0.1885  mi_loss=0.0012  mi_valid=0.74  div_loss=-0.1689  kl_loss=0.0000 (disabled)  score=0.930  return=0.807  role_std=8.6778  role_norm=50.1214  enc_delta ego=0.0011 partner=0.0016 road=0.0020
[ROMA step 5,448,400,896] sps=185,290  policy_loss=-0.0031  value_loss=0.0858  mi_loss=0.0012  mi_valid=0.74  div_loss=-0.1611  kl_loss=0.0000 (disabled)  score=0.929  return=0.806  role_std=8.5746  role_norm=49.6621  enc_delta ego=0.0009 partner=0.0014 road=0.0017
[ROMA step 5,449,187,328] sps=185,144  policy_loss=0.0017  value_loss=0.2370  mi_loss=0.0012  mi_valid=0.73  div_loss=-0.1768  kl_loss=0.0000 (disabled)  score=0.929  return=0.806  role_std=7.5657  role_norm=51.7372  enc_delta ego=0.0015 partner=0.0015 road=0.0024
[ROMA step 5,449,973,760] sps=185,096  policy_loss=-0.0044  value_loss=0.1205  mi_loss=0.0012  mi_valid=0.75  div_loss=-0.1650  kl_loss=0.0000 (disabled)  score=0.929  return=0.806  role_std=7.6039  role_norm=51.6877  enc_delta ego=0.0017 partner=0.0012 road=0.0021
[ROMA step 5,450,760,192] sps=185,050  policy_loss=-0.0039  value_loss=0.2073  mi_loss=0.0012  mi_valid=0.74  div_loss=-0.1807  kl_loss=0.0000 (disabled)  score=0.929  return=0.805  role_std=8.9976  role_norm=50.7697  enc_delta ego=0.0014 partner=0.0017 road=0.0019
[ROMA step 5,451,546,624] sps=184,896  policy_loss=0.0016  value_loss=0.1759  mi_loss=0.0012  mi_valid=0.72  div_loss=-0.1777  kl_loss=0.0000 (disabled)  score=0.929  return=0.805  role_std=8.9487  role_norm=49.1559  enc_delta ego=0.0014 partner=0.0013 road=0.0021
[ROMA step 5,452,333,056] sps=184,851  policy_loss=-0.0107  value_loss=0.1151  mi_loss=0.0012  mi_valid=0.73  div_loss=-0.1768  kl_loss=0.0000 (disabled)  score=0.929  return=0.805  role_std=9.3368  role_norm=48.9953  enc_delta ego=0.0011 partner=0.0014 road=0.0019
[ROMA step 5,453,119,488] sps=184,810  policy_loss=0.0022  value_loss=0.2265  mi_loss=0.0012  mi_valid=0.74  div_loss=-0.1787  kl_loss=0.0000 (disabled)  score=0.929  return=0.807  role_std=8.8412  role_norm=49.0099  enc_delta ego=0.0017 partner=0.0018 road=0.0019
[ROMA step 5,453,905,920] sps=184,769  policy_loss=-0.0022  value_loss=0.1162  mi_loss=0.0012  mi_valid=0.74  div_loss=-0.1729  kl_loss=0.0000 (disabled)  score=0.929  return=0.808  role_std=7.8611  role_norm=51.4627  enc_delta ego=0.0012 partner=0.0016 road=0.0020
[ROMA step 5,454,692,352] sps=184,631  policy_loss=-0.0051  value_loss=0.2049  mi_loss=0.0012  mi_valid=0.72  div_loss=-0.1797  kl_loss=0.0000 (disabled)  score=0.930  return=0.811  role_std=7.8320  role_norm=51.2408  enc_delta ego=0.0013 partner=0.0018 road=0.0026
[ROMA step 5,455,478,784] sps=184,587  policy_loss=-0.0037  value_loss=0.1724  mi_loss=0.0011  mi_valid=0.74  div_loss=-0.1738  kl_loss=0.0000 (disabled)  score=0.931  return=0.812  role_std=8.9523  role_norm=50.6608  enc_delta ego=0.0016 partner=0.0015 road=0.0023
[ROMA step 5,456,265,216] sps=184,542  policy_loss=-0.0032  value_loss=0.1994  mi_loss=0.0012  mi_valid=0.74  div_loss=-0.1768  kl_loss=0.0000 (disabled)  score=0.931  return=0.812  role_std=9.2228  role_norm=49.7554  enc_delta ego=0.0014 partner=0.0015 road=0.0025
[ROMA step 5,457,051,648] sps=184,405  policy_loss=-0.0031  value_loss=0.1704  mi_loss=0.0012  mi_valid=0.74  div_loss=-0.1680  kl_loss=0.0000 (disabled)  score=0.932  return=0.812  role_std=9.1273  role_norm=47.3337  enc_delta ego=0.0013 partner=0.0013 road=0.0020
[ROMA step 5,457,838,080] sps=184,360  policy_loss=0.0035  value_loss=0.1270  mi_loss=0.0012  mi_valid=0.77  div_loss=-0.1680  kl_loss=0.0000 (disabled)  score=0.932  return=0.812  role_std=7.2231  role_norm=52.1857  enc_delta ego=0.0014 partner=0.0021 road=0.0024
[ROMA step 5,458,624,512] sps=184,320  policy_loss=-0.0002  value_loss=0.2360  mi_loss=0.0012  mi_valid=0.75  div_loss=-0.1748  kl_loss=0.0000 (disabled)  score=0.931  return=0.811  role_std=8.0897  role_norm=51.7161  enc_delta ego=0.0011 partner=0.0013 road=0.0022
[ROMA step 5,459,410,944] sps=184,281  policy_loss=0.0037  value_loss=0.2632  mi_loss=0.0013  mi_valid=0.75  div_loss=-0.1768  kl_loss=0.0000 (disabled)  score=0.930  return=0.808  role_std=8.7351  role_norm=51.1656  enc_delta ego=0.0013 partner=0.0015 road=0.0021
[ROMA step 5,460,197,376] sps=184,128  policy_loss=0.0029  value_loss=0.2581  mi_loss=0.0012  mi_valid=0.73  div_loss=-0.1807  kl_loss=0.0000 (disabled)  score=0.930  return=0.805  role_std=9.0770  role_norm=50.3056  enc_delta ego=0.0014 partner=0.0017 road=0.0027
[ROMA step 5,460,983,808] sps=184,082  policy_loss=0.0004  value_loss=0.1669  mi_loss=0.0012  mi_valid=0.75  div_loss=-0.1699  kl_loss=0.0000 (disabled)  score=0.930  return=0.804  role_std=9.5995  role_norm=49.2075  enc_delta ego=0.0011 partner=0.0016 road=0.0021
[ROMA step 5,461,770,240] sps=184,040  policy_loss=0.0053  value_loss=0.1943  mi_loss=0.0013  mi_valid=0.75  div_loss=-0.1689  kl_loss=0.0000 (disabled)  score=0.929  return=0.801  role_std=8.2514  role_norm=51.9063  enc_delta ego=0.0008 partner=0.0014 road=0.0019
[ROMA step 5,462,556,672] sps=183,996  policy_loss=-0.0012  value_loss=0.2172  mi_loss=0.0011  mi_valid=0.75  div_loss=-0.1689  kl_loss=0.0000 (disabled)  score=0.929  return=0.801  role_std=7.4344  role_norm=52.1174  enc_delta ego=0.0012 partner=0.0015 road=0.0019
[ROMA step 5,463,343,104] sps=183,825  policy_loss=0.0009  value_loss=0.1795  mi_loss=0.0012  mi_valid=0.73  div_loss=-0.1699  kl_loss=0.0000 (disabled)  score=0.929  return=0.800  role_std=7.7101  role_norm=51.9160  enc_delta ego=0.0010 partner=0.0015 road=0.0026
[ROMA step 5,464,129,536] sps=183,784  policy_loss=0.0012  value_loss=0.1976  mi_loss=0.0012  mi_valid=0.74  div_loss=-0.1699  kl_loss=0.0000 (disabled)  score=0.929  return=0.800  role_std=8.6674  role_norm=50.9657  enc_delta ego=0.0014 partner=0.0016 road=0.0020
[ROMA step 5,464,915,968] sps=183,741  policy_loss=-0.0005  value_loss=0.1626  mi_loss=0.0012  mi_valid=0.74  div_loss=-0.1660  kl_loss=0.0000 (disabled)  score=0.928  return=0.798  role_std=9.0402  role_norm=50.2792  enc_delta ego=0.0012 partner=0.0016 road=0.0024
[ROMA step 5,465,702,400] sps=183,599  policy_loss=-0.0001  value_loss=0.1558  mi_loss=0.0012  mi_valid=0.73  div_loss=-0.1670  kl_loss=0.0000 (disabled)  score=0.929  return=0.800  role_std=7.2815  role_norm=52.5109  enc_delta ego=0.0014 partner=0.0014 road=0.0023
[ROMA step 5,466,488,832] sps=183,558  policy_loss=0.0014  value_loss=0.1767  mi_loss=0.0012  mi_valid=0.75  div_loss=-0.1777  kl_loss=0.0000 (disabled)  score=0.928  return=0.801  role_std=8.1061  role_norm=52.2508  enc_delta ego=0.0020 partner=0.0016 road=0.0028
[ROMA step 5,467,275,264] sps=183,519  policy_loss=-0.0023  value_loss=0.1950  mi_loss=0.0013  mi_valid=0.74  div_loss=-0.1777  kl_loss=0.0000 (disabled)  score=0.928  return=0.801  role_std=8.3584  role_norm=51.7288  enc_delta ego=0.0016 partner=0.0016 road=0.0028
[ROMA step 5,468,061,696] sps=183,477  policy_loss=-0.0042  value_loss=0.1255  mi_loss=0.0013  mi_valid=0.74  div_loss=-0.1777  kl_loss=0.0000 (disabled)  score=0.927  return=0.799  role_std=8.3455  role_norm=51.0334  enc_delta ego=0.0012 partner=0.0014 road=0.0026
[ROMA step 5,468,848,128] sps=183,331  policy_loss=-0.0024  value_loss=0.2085  mi_loss=0.0012  mi_valid=0.72  div_loss=-0.1777  kl_loss=0.0000 (disabled)  score=0.927  return=0.802  role_std=9.3091  role_norm=48.8550  enc_delta ego=0.0012 partner=0.0015 road=0.0021
[ROMA step 5,469,634,560] sps=183,290  policy_loss=-0.0037  value_loss=0.1516  mi_loss=0.0011  mi_valid=0.74  div_loss=-0.1650  kl_loss=0.0000 (disabled)  score=0.928  return=0.803  role_std=9.6880  role_norm=48.5889  enc_delta ego=0.0011 partner=0.0012 road=0.0018
[ROMA step 5,470,420,992] sps=183,244  policy_loss=-0.0108  value_loss=0.1060  mi_loss=0.0012  mi_valid=0.75  div_loss=-0.1660  kl_loss=0.0000 (disabled)  score=0.927  return=0.802  role_std=7.8654  role_norm=51.6541  enc_delta ego=0.0010 partner=0.0012 road=0.0018
[ROMA step 5,471,207,424] sps=183,094  policy_loss=-0.0063  value_loss=0.1693  mi_loss=0.0013  mi_valid=0.73  div_loss=-0.1758  kl_loss=0.0000 (disabled)  score=0.927  return=0.802  role_std=8.0038  role_norm=52.7671  enc_delta ego=0.0014 partner=0.0015 road=0.0021
[ROMA step 5,471,993,856] sps=183,051  policy_loss=-0.0015  value_loss=0.1645  mi_loss=0.0013  mi_valid=0.74  div_loss=-0.1768  kl_loss=0.0000 (disabled)  score=0.926  return=0.799  role_std=8.3567  role_norm=51.4900  enc_delta ego=0.0014 partner=0.0018 road=0.0024
[ROMA step 5,472,780,288] sps=183,005  policy_loss=0.0020  value_loss=0.1770  mi_loss=0.0012  mi_valid=0.74  div_loss=-0.1748  kl_loss=0.0000 (disabled)  score=0.927  return=0.801  role_std=9.0474  role_norm=50.5001  enc_delta ego=0.0011 partner=0.0016 road=0.0020
[ROMA step 5,473,566,720] sps=182,961  policy_loss=-0.0045  value_loss=0.1978  mi_loss=0.0012  mi_valid=0.75  div_loss=-0.1836  kl_loss=0.0000 (disabled)  score=0.927  return=0.796  role_std=9.3192  role_norm=49.5486  enc_delta ego=0.0016 partner=0.0017 road=0.0026
[ROMA step 5,474,353,152] sps=182,824  policy_loss=-0.0059  value_loss=0.1695  mi_loss=0.0012  mi_valid=0.74  div_loss=-0.1777  kl_loss=0.0000 (disabled)  score=0.927  return=0.798  role_std=8.2745  role_norm=51.7590  enc_delta ego=0.0014 partner=0.0014 road=0.0020
[ROMA step 5,475,139,584] sps=182,785  policy_loss=0.0022  value_loss=0.2121  mi_loss=0.0012  mi_valid=0.75  div_loss=-0.1758  kl_loss=0.0000 (disabled)  score=0.927  return=0.795  role_std=7.8098  role_norm=51.8742  enc_delta ego=0.0010 partner=0.0014 road=0.0020
[ROMA step 5,475,926,016] sps=182,741  policy_loss=-0.0016  value_loss=0.1702  mi_loss=0.0012  mi_valid=0.75  div_loss=-0.1689  kl_loss=0.0000 (disabled)  score=0.926  return=0.794  role_std=8.6303  role_norm=51.2964  enc_delta ego=0.0016 partner=0.0014 road=0.0018
[ROMA step 5,476,712,448] sps=182,592  policy_loss=0.0045  value_loss=0.2328  mi_loss=0.0012  mi_valid=0.72  div_loss=-0.1699  kl_loss=0.0000 (disabled)  score=0.927  return=0.795  role_std=8.0065  role_norm=49.9676  enc_delta ego=0.0009 partner=0.0012 road=0.0016
[ROMA step 5,477,498,880] sps=182,550  policy_loss=-0.0019  value_loss=0.1283  mi_loss=0.0013  mi_valid=0.74  div_loss=-0.1572  kl_loss=0.0000 (disabled)  score=0.926  return=0.793  role_std=8.3644  role_norm=49.6628  enc_delta ego=0.0013 partner=0.0014 road=0.0020
[ROMA step 5,478,285,312] sps=182,510  policy_loss=-0.0055  value_loss=0.1320  mi_loss=0.0013  mi_valid=0.75  div_loss=-0.1582  kl_loss=0.0000 (disabled)  score=0.926  return=0.794  role_std=8.9153  role_norm=49.1379  enc_delta ego=0.0010 partner=0.0012 road=0.0016
[ROMA step 5,479,071,744] sps=182,471  policy_loss=0.0011  value_loss=0.1346  mi_loss=0.0013  mi_valid=0.75  div_loss=-0.1562  kl_loss=0.0000 (disabled)  score=0.926  return=0.794  role_std=6.9587  role_norm=52.6159  enc_delta ego=0.0012 partner=0.0016 road=0.0021
[ROMA step 5,479,858,176] sps=182,253  policy_loss=-0.0015  value_loss=0.1617  mi_loss=0.0013  mi_valid=0.74  div_loss=-0.1729  kl_loss=0.0000 (disabled)  score=0.925  return=0.791  role_std=7.7703  role_norm=51.7898  enc_delta ego=0.0015 partner=0.0017 road=0.0026
[ROMA step 5,480,644,608] sps=182,211  policy_loss=0.0009  value_loss=0.2872  mi_loss=0.0014  mi_valid=0.75  div_loss=-0.1885  kl_loss=0.0000 (disabled)  score=0.924  return=0.787  role_std=8.7626  role_norm=50.4351  enc_delta ego=0.0012 partner=0.0016 road=0.0023
[ROMA step 5,481,431,040] sps=182,161  policy_loss=-0.0019  value_loss=0.3071  mi_loss=0.0014  mi_valid=0.75  div_loss=-0.1914  kl_loss=0.0000 (disabled)  score=0.923  return=0.784  role_std=9.3108  role_norm=49.4057  enc_delta ego=0.0012 partner=0.0016 road=0.0022
[ROMA step 5,482,217,472] sps=181,659  policy_loss=0.0025  value_loss=0.2244  mi_loss=0.0013  mi_valid=0.74  div_loss=-0.1826  kl_loss=0.0000 (disabled)  score=0.922  return=0.783  role_std=10.4905  role_norm=46.3379  enc_delta ego=0.0015 partner=0.0015 road=0.0020
[ROMA step 5,483,003,904] sps=181,615  policy_loss=0.0079  value_loss=0.1566  mi_loss=0.0012  mi_valid=0.76  div_loss=-0.1777  kl_loss=0.0000 (disabled)  score=0.921  return=0.782  role_std=7.9324  role_norm=51.8496  enc_delta ego=0.0015 partner=0.0014 road=0.0021
[ROMA step 5,483,790,336] sps=181,573  policy_loss=-0.0028  value_loss=0.1430  mi_loss=0.0012  mi_valid=0.74  div_loss=-0.1748  kl_loss=0.0000 (disabled)  score=0.922  return=0.784  role_std=8.0286  role_norm=51.7603  enc_delta ego=0.0011 partner=0.0013 road=0.0024
[ROMA step 5,484,576,768] sps=181,532  policy_loss=-0.0023  value_loss=0.1853  mi_loss=0.0012  mi_valid=0.74  div_loss=-0.1689  kl_loss=0.0000 (disabled)  score=0.923  return=0.787  role_std=8.9931  role_norm=51.3040  enc_delta ego=0.0010 partner=0.0015 road=0.0020
[ROMA step 5,485,363,200] sps=181,166  policy_loss=0.0052  value_loss=0.2027  mi_loss=0.0013  mi_valid=0.72  div_loss=-0.1680  kl_loss=0.0000 (disabled)  score=0.923  return=0.789  role_std=8.2967  role_norm=50.1272  enc_delta ego=0.0012 partner=0.0015 road=0.0024
[ROMA step 5,486,149,632] sps=181,123  policy_loss=-0.0021  value_loss=0.1451  mi_loss=0.0012  mi_valid=0.74  div_loss=-0.1602  kl_loss=0.0000 (disabled)  score=0.924  return=0.793  role_std=8.6349  role_norm=49.4340  enc_delta ego=0.0013 partner=0.0011 road=0.0016
[ROMA step 5,486,936,064] sps=181,080  policy_loss=-0.0018  value_loss=0.0965  mi_loss=0.0012  mi_valid=0.74  div_loss=-0.1543  kl_loss=0.0000 (disabled)  score=0.925  return=0.796  role_std=8.2633  role_norm=51.3879  enc_delta ego=0.0010 partner=0.0010 road=0.0018
[ROMA step 5,487,722,496] sps=181,042  policy_loss=0.0020  value_loss=0.1774  mi_loss=0.0013  mi_valid=0.75  div_loss=-0.1621  kl_loss=0.0000 (disabled)  score=0.924  return=0.795  role_std=8.2495  role_norm=51.9334  enc_delta ego=0.0010 partner=0.0012 road=0.0022
[ROMA step 5,488,508,928] sps=180,704  policy_loss=0.0005  value_loss=0.2160  mi_loss=0.0012  mi_valid=0.72  div_loss=-0.1729  kl_loss=0.0000 (disabled)  score=0.925  return=0.797  role_std=8.1260  role_norm=51.8479  enc_delta ego=0.0015 partner=0.0018 road=0.0021
[ROMA step 5,489,295,360] sps=180,666  policy_loss=0.0026  value_loss=0.1517  mi_loss=0.0013  mi_valid=0.74  div_loss=-0.1670  kl_loss=0.0000 (disabled)  score=0.925  return=0.798  role_std=8.4527  role_norm=51.5477  enc_delta ego=0.0012 partner=0.0015 road=0.0021
[ROMA step 5,490,081,792] sps=180,628  policy_loss=0.0036  value_loss=0.1011  mi_loss=0.0012  mi_valid=0.74  div_loss=-0.1699  kl_loss=0.0000 (disabled)  score=0.926  return=0.801  role_std=8.6891  role_norm=51.0031  enc_delta ego=0.0011 partner=0.0013 road=0.0016
[ROMA step 5,490,868,224] sps=180,335  policy_loss=0.0025  value_loss=0.1393  mi_loss=0.0012  mi_valid=0.73  div_loss=-0.1660  kl_loss=0.0000 (disabled)  score=0.926  return=0.802  role_std=7.8493  role_norm=52.2990  enc_delta ego=0.0011 partner=0.0011 road=0.0016
[ROMA step 5,491,654,656] sps=180,295  policy_loss=-0.0052  value_loss=0.1374  mi_loss=0.0012  mi_valid=0.75  div_loss=-0.1631  kl_loss=0.0000 (disabled)  score=0.927  return=0.803  role_std=7.5295  role_norm=52.8125  enc_delta ego=0.0014 partner=0.0014 road=0.0023
[ROMA step 5,492,441,088] sps=180,255  policy_loss=-0.0073  value_loss=0.1002  mi_loss=0.0013  mi_valid=0.74  div_loss=-0.1689  kl_loss=0.0000 (disabled)  score=0.927  return=0.805  role_std=8.2269  role_norm=51.9781  enc_delta ego=0.0010 partner=0.0013 road=0.0014
[ROMA step 5,493,227,520] sps=180,217  policy_loss=-0.0031  value_loss=0.1110  mi_loss=0.0012  mi_valid=0.74  div_loss=-0.1699  kl_loss=0.0000 (disabled)  score=0.928  return=0.809  role_std=8.5989  role_norm=50.8863  enc_delta ego=0.0009 partner=0.0012 road=0.0020
[ROMA step 5,494,013,952] sps=180,074  policy_loss=0.0007  value_loss=0.1399  mi_loss=0.0012  mi_valid=0.72  div_loss=-0.1797  kl_loss=0.0000 (disabled)  score=0.928  return=0.807  role_std=9.9565  role_norm=50.0199  enc_delta ego=0.0012 partner=0.0014 road=0.0018
[ROMA step 5,494,800,384] sps=180,034  policy_loss=0.0016  value_loss=0.2324  mi_loss=0.0012  mi_valid=0.74  div_loss=-0.1885  kl_loss=0.0000 (disabled)  score=0.928  return=0.807  role_std=10.4560  role_norm=49.4182  enc_delta ego=0.0018 partner=0.0015 road=0.0016
[ROMA step 5,495,586,816] sps=179,994  policy_loss=0.0048  value_loss=0.2114  mi_loss=0.0012  mi_valid=0.75  div_loss=-0.1836  kl_loss=0.0000 (disabled)  score=0.928  return=0.804  role_std=8.1128  role_norm=52.0249  enc_delta ego=0.0010 partner=0.0013 road=0.0021
[ROMA step 5,496,373,248] sps=179,760  policy_loss=0.0012  value_loss=0.2551  mi_loss=0.0012  mi_valid=0.73  div_loss=-0.1943  kl_loss=0.0000 (disabled)  score=0.928  return=0.802  role_std=8.2836  role_norm=52.2123  enc_delta ego=0.0011 partner=0.0015 road=0.0019
[ROMA step 5,497,159,680] sps=179,719  policy_loss=0.0009  value_loss=0.1519  mi_loss=0.0013  mi_valid=0.75  div_loss=-0.1826  kl_loss=0.0000 (disabled)  score=0.928  return=0.803  role_std=8.9418  role_norm=50.4692  enc_delta ego=0.0010 partner=0.0013 road=0.0019
[ROMA step 5,497,946,112] sps=179,677  policy_loss=-0.0019  value_loss=0.1693  mi_loss=0.0014  mi_valid=0.74  div_loss=-0.1836  kl_loss=0.0000 (disabled)  score=0.927  return=0.803  role_std=9.2066  role_norm=50.3967  enc_delta ego=0.0013 partner=0.0015 road=0.0021
[ROMA step 5,498,732,544] sps=179,623  policy_loss=0.0077  value_loss=0.1594  mi_loss=0.0012  mi_valid=0.75  div_loss=-0.1748  kl_loss=0.0000 (disabled)  score=0.927  return=0.803  role_std=9.5305  role_norm=48.9729  enc_delta ego=0.0014 partner=0.0014 road=0.0020
[ROMA step 5,499,518,976] sps=179,435  policy_loss=-0.0018  value_loss=0.1733  mi_loss=0.0012  mi_valid=0.74  div_loss=-0.1738  kl_loss=0.0000 (disabled)  score=0.927  return=0.805  role_std=8.1712  role_norm=51.8085  enc_delta ego=0.0011 partner=0.0016 road=0.0021
[ROMA step 5,500,305,408] sps=179,397  policy_loss=-0.0028  value_loss=0.1056  mi_loss=0.0012  mi_valid=0.76  div_loss=-0.1680  kl_loss=0.0000 (disabled)  score=0.927  return=0.805  role_std=7.8907  role_norm=51.6531  enc_delta ego=0.0012 partner=0.0012 road=0.0021
[ROMA step 5,501,091,840] sps=179,360  policy_loss=0.0047  value_loss=0.1273  mi_loss=0.0012  mi_valid=0.74  div_loss=-0.1670  kl_loss=0.0000 (disabled)  score=0.927  return=0.808  role_std=7.8029  role_norm=51.4052  enc_delta ego=0.0011 partner=0.0013 road=0.0018
[ROMA] Saved -> /scratch/e452103/checkpoints/roma_mifutagent_dim1_H8_r16p64_ft_pc40_cb1_lr_half_nodiv/roma_dim1_step5501091840.pt
[ROMA] Periodic WOSAC eval at step 5,501,091,840 ...

WOSAC realism metrics (32 rollouts, up to 10 batches, step 5,501,091,840)...
  Batch 10/10 | scenarios: 1197 | realism: 0.6923

  Scenarios evaluated       : 1197
  Realism meta-score        : 0.6923
  Kinematic metrics         : 0.2699
  Interactive metrics       : 0.6894
  Map-based metrics         : 0.7625
  minADE (m)                : 4.3642
  likelihood_offroad        : 0.9007
  likelihood_dist_road_edge : 0.6255
  likelihood_collision      : 0.9582
  likelihood_dist_obj       : 0.3141
  likelihood_ttc            : 0.7961
  likelihood_linear_speed   : 0.2593
  likelihood_linear_accel   : 0.3401
  likelihood_angular_speed  : 0.2192
  likelihood_angular_accel  : 0.2609
[ROMA step 5,501,878,272] sps=175,761  policy_loss=0.0047  value_loss=0.1111  mi_loss=0.0012  mi_valid=0.73  div_loss=-0.1738  kl_loss=0.0000 (disabled)  score=0.928  return=0.812  role_std=8.7417  role_norm=49.8569  enc_delta ego=0.0011 partner=0.0012 road=0.0017
[ROMA step 5,502,664,704] sps=175,727  policy_loss=-0.0026  value_loss=0.1899  mi_loss=0.0012  mi_valid=0.75  div_loss=-0.1699  kl_loss=0.0000 (disabled)  score=0.928  return=0.810  role_std=9.5610  role_norm=49.5682  enc_delta ego=0.0013 partner=0.0013 road=0.0022
[ROMA step 5,503,451,136] sps=175,693  policy_loss=-0.0003  value_loss=0.1793  mi_loss=0.0012  mi_valid=0.76  div_loss=-0.1768  kl_loss=0.0000 (disabled)  score=0.927  return=0.808  role_std=9.4770  role_norm=48.5629  enc_delta ego=0.0013 partner=0.0019 road=0.0024
[ROMA step 5,504,237,568] sps=175,659  policy_loss=-0.0022  value_loss=0.1388  mi_loss=0.0012  mi_valid=0.77  div_loss=-0.1758  kl_loss=0.0000 (disabled)  score=0.927  return=0.808  role_std=7.9793  role_norm=51.8272  enc_delta ego=0.0013 partner=0.0014 road=0.0019
[ROMA step 5,505,024,000] sps=175,515  policy_loss=0.0023  value_loss=0.1682  mi_loss=0.0011  mi_valid=0.73  div_loss=-0.1758  kl_loss=0.0000 (disabled)  score=0.926  return=0.807  role_std=8.7057  role_norm=51.9165  enc_delta ego=0.0015 partner=0.0018 road=0.0024
[ROMA step 5,505,810,432] sps=175,481  policy_loss=-0.0020  value_loss=0.2474  mi_loss=0.0011  mi_valid=0.74  div_loss=-0.1748  kl_loss=0.0000 (disabled)  score=0.926  return=0.806  role_std=8.9728  role_norm=51.3821  enc_delta ego=0.0013 partner=0.0017 road=0.0026
[ROMA step 5,506,596,864] sps=175,447  policy_loss=0.0034  value_loss=0.2385  mi_loss=0.0011  mi_valid=0.75  div_loss=-0.1846  kl_loss=0.0000 (disabled)  score=0.927  return=0.807  role_std=9.1951  role_norm=50.2429  enc_delta ego=0.0014 partner=0.0019 road=0.0023
[ROMA step 5,507,383,296] sps=175,306  policy_loss=-0.0039  value_loss=0.2398  mi_loss=0.0012  mi_valid=0.73  div_loss=-0.1836  kl_loss=0.0000 (disabled)  score=0.927  return=0.809  role_std=11.1833  role_norm=46.1196  enc_delta ego=0.0013 partner=0.0018 road=0.0020
[ROMA step 5,508,169,728] sps=175,272  policy_loss=-0.0024  value_loss=0.2218  mi_loss=0.0013  mi_valid=0.76  div_loss=-0.1787  kl_loss=0.0000 (disabled)  score=0.927  return=0.809  role_std=7.7556  role_norm=52.1932  enc_delta ego=0.0013 partner=0.0017 road=0.0025
[ROMA step 5,508,956,160] sps=175,239  policy_loss=0.0023  value_loss=0.1268  mi_loss=0.0012  mi_valid=0.75  div_loss=-0.1797  kl_loss=0.0000 (disabled)  score=0.927  return=0.809  role_std=8.1204  role_norm=52.1385  enc_delta ego=0.0016 partner=0.0017 road=0.0027
[ROMA step 5,509,742,592] sps=175,206  policy_loss=0.0029  value_loss=0.2006  mi_loss=0.0012  mi_valid=0.75  div_loss=-0.1797  kl_loss=0.0000 (disabled)  score=0.928  return=0.808  role_std=8.6426  role_norm=51.7234  enc_delta ego=0.0014 partner=0.0013 road=0.0019
[ROMA step 5,510,529,024] sps=175,063  policy_loss=0.0008  value_loss=0.1889  mi_loss=0.0012  mi_valid=0.72  div_loss=-0.1855  kl_loss=0.0000 (disabled)  score=0.927  return=0.804  role_std=10.1147  role_norm=50.1272  enc_delta ego=0.0013 partner=0.0014 road=0.0022
[ROMA step 5,511,315,456] sps=175,029  policy_loss=-0.0019  value_loss=0.1877  mi_loss=0.0012  mi_valid=0.74  div_loss=-0.1895  kl_loss=0.0000 (disabled)  score=0.927  return=0.803  role_std=10.1940  role_norm=48.9742  enc_delta ego=0.0012 partner=0.0015 road=0.0019
[ROMA step 5,512,101,888] sps=174,994  policy_loss=-0.0029  value_loss=0.1886  mi_loss=0.0012  mi_valid=0.75  div_loss=-0.1885  kl_loss=0.0000 (disabled)  score=0.927  return=0.800  role_std=9.9160  role_norm=48.7033  enc_delta ego=0.0012 partner=0.0014 road=0.0020
[ROMA step 5,512,888,320] sps=174,960  policy_loss=-0.0004  value_loss=0.2413  mi_loss=0.0011  mi_valid=0.76  div_loss=-0.1943  kl_loss=0.0000 (disabled)  score=0.926  return=0.797  role_std=8.0070  role_norm=52.0629  enc_delta ego=0.0012 partner=0.0016 road=0.0021
[ROMA step 5,513,674,752] sps=174,805  policy_loss=-0.0022  value_loss=0.2396  mi_loss=0.0012  mi_valid=0.73  div_loss=-0.1826  kl_loss=0.0000 (disabled)  score=0.925  return=0.792  role_std=8.6504  role_norm=50.8810  enc_delta ego=0.0016 partner=0.0018 road=0.0029
[ROMA step 5,514,461,184] sps=174,771  policy_loss=0.0059  value_loss=0.1428  mi_loss=0.0011  mi_valid=0.75  div_loss=-0.1777  kl_loss=0.0000 (disabled)  score=0.925  return=0.791  role_std=8.7677  role_norm=50.6601  enc_delta ego=0.0013 partner=0.0019 road=0.0021
[ROMA step 5,515,247,616] sps=174,737  policy_loss=-0.0013  value_loss=0.1416  mi_loss=0.0011  mi_valid=0.75  div_loss=-0.1758  kl_loss=0.0000 (disabled)  score=0.924  return=0.789  role_std=9.2144  role_norm=50.0164  enc_delta ego=0.0013 partner=0.0017 road=0.0024
[ROMA step 5,516,034,048] sps=174,569  policy_loss=-0.0070  value_loss=0.2005  mi_loss=0.0011  mi_valid=0.73  div_loss=-0.1797  kl_loss=0.0000 (disabled)  score=0.924  return=0.788  role_std=9.9106  role_norm=48.3699  enc_delta ego=0.0011 partner=0.0014 road=0.0022
[ROMA step 5,516,820,480] sps=174,536  policy_loss=0.0022  value_loss=0.1654  mi_loss=0.0011  mi_valid=0.75  div_loss=-0.1768  kl_loss=0.0000 (disabled)  score=0.923  return=0.787  role_std=8.1549  role_norm=52.1850  enc_delta ego=0.0013 partner=0.0015 road=0.0031
[ROMA step 5,517,606,912] sps=174,502  policy_loss=-0.0023  value_loss=0.1541  mi_loss=0.0012  mi_valid=0.74  div_loss=-0.1807  kl_loss=0.0000 (disabled)  score=0.923  return=0.786  role_std=8.3667  role_norm=51.5296  enc_delta ego=0.0014 partner=0.0016 road=0.0024
[ROMA step 5,518,393,344] sps=174,468  policy_loss=0.0021  value_loss=0.1455  mi_loss=0.0012  mi_valid=0.74  div_loss=-0.1826  kl_loss=0.0000 (disabled)  score=0.922  return=0.784  role_std=9.1312  role_norm=50.5853  enc_delta ego=0.0011 partner=0.0013 road=0.0022
[ROMA step 5,519,179,776] sps=174,308  policy_loss=0.0006  value_loss=0.2481  mi_loss=0.0012  mi_valid=0.73  div_loss=-0.1777  kl_loss=0.0000 (disabled)  score=0.921  return=0.783  role_std=9.1236  role_norm=49.2803  enc_delta ego=0.0013 partner=0.0014 road=0.0022
[ROMA step 5,519,966,208] sps=174,274  policy_loss=0.0039  value_loss=0.1902  mi_loss=0.0012  mi_valid=0.75  div_loss=-0.1709  kl_loss=0.0000 (disabled)  score=0.921  return=0.782  role_std=9.3176  role_norm=48.4706  enc_delta ego=0.0013 partner=0.0015 road=0.0020
[ROMA step 5,520,752,640] sps=174,241  policy_loss=-0.0041  value_loss=0.2100  mi_loss=0.0012  mi_valid=0.76  div_loss=-0.1709  kl_loss=0.0000 (disabled)  score=0.920  return=0.780  role_std=8.1497  role_norm=51.5964  enc_delta ego=0.0012 partner=0.0015 road=0.0016
[ROMA step 5,521,539,072] sps=174,089  policy_loss=0.0058  value_loss=0.1906  mi_loss=0.0013  mi_valid=0.74  div_loss=-0.1699  kl_loss=0.0000 (disabled)  score=0.920  return=0.780  role_std=7.6779  role_norm=52.0459  enc_delta ego=0.0010 partner=0.0013 road=0.0019
[ROMA step 5,522,325,504] sps=174,056  policy_loss=0.0012  value_loss=0.1569  mi_loss=0.0013  mi_valid=0.75  div_loss=-0.1660  kl_loss=0.0000 (disabled)  score=0.919  return=0.781  role_std=7.7933  role_norm=51.5026  enc_delta ego=0.0010 partner=0.0015 road=0.0023
[ROMA step 5,523,111,936] sps=174,023  policy_loss=-0.0048  value_loss=0.1220  mi_loss=0.0013  mi_valid=0.75  div_loss=-0.1641  kl_loss=0.0000 (disabled)  score=0.920  return=0.783  role_std=8.0450  role_norm=50.9177  enc_delta ego=0.0013 partner=0.0012 road=0.0015
[ROMA step 5,523,898,368] sps=173,990  policy_loss=-0.0013  value_loss=0.1928  mi_loss=0.0013  mi_valid=0.74  div_loss=-0.1680  kl_loss=0.0000 (disabled)  score=0.920  return=0.785  role_std=9.0591  role_norm=49.8138  enc_delta ego=0.0011 partner=0.0013 road=0.0017
[ROMA step 5,524,684,800] sps=173,762  policy_loss=-0.0080  value_loss=0.1504  mi_loss=0.0012  mi_valid=0.73  div_loss=-0.1768  kl_loss=0.0000 (disabled)  score=0.920  return=0.784  role_std=7.6621  role_norm=51.8594  enc_delta ego=0.0011 partner=0.0013 road=0.0017
[ROMA step 5,525,471,232] sps=173,730  policy_loss=0.0002  value_loss=0.1569  mi_loss=0.0011  mi_valid=0.75  div_loss=-0.1807  kl_loss=0.0000 (disabled)  score=0.920  return=0.785  role_std=7.8563  role_norm=52.0897  enc_delta ego=0.0012 partner=0.0017 road=0.0022
[ROMA step 5,526,257,664] sps=173,695  policy_loss=-0.0015  value_loss=0.1075  mi_loss=0.0012  mi_valid=0.74  div_loss=-0.1797  kl_loss=0.0000 (disabled)  score=0.920  return=0.786  role_std=8.4472  role_norm=51.2463  enc_delta ego=0.0015 partner=0.0018 road=0.0022
[ROMA step 5,527,044,096] sps=173,546  policy_loss=-0.0012  value_loss=0.1610  mi_loss=0.0011  mi_valid=0.72  div_loss=-0.1816  kl_loss=0.0000 (disabled)  score=0.920  return=0.786  role_std=8.2402  role_norm=50.3204  enc_delta ego=0.0013 partner=0.0013 road=0.0016
[ROMA step 5,527,830,528] sps=173,513  policy_loss=0.0015  value_loss=0.1242  mi_loss=0.0013  mi_valid=0.75  div_loss=-0.1611  kl_loss=0.0000 (disabled)  score=0.920  return=0.785  role_std=8.7376  role_norm=49.6177  enc_delta ego=0.0010 partner=0.0013 road=0.0014
[ROMA step 5,528,616,960] sps=173,480  policy_loss=-0.0011  value_loss=0.1211  mi_loss=0.0013  mi_valid=0.75  div_loss=-0.1582  kl_loss=0.0000 (disabled)  score=0.919  return=0.784  role_std=8.9944  role_norm=48.8139  enc_delta ego=0.0015 partner=0.0012 road=0.0014
[ROMA step 5,529,403,392] sps=173,447  policy_loss=-0.0012  value_loss=0.1847  mi_loss=0.0013  mi_valid=0.76  div_loss=-0.1641  kl_loss=0.0000 (disabled)  score=0.919  return=0.784  role_std=7.5613  role_norm=52.5969  enc_delta ego=0.0013 partner=0.0018 road=0.0025
[ROMA step 5,530,189,824] sps=173,271  policy_loss=-0.0008  value_loss=0.1727  mi_loss=0.0012  mi_valid=0.73  div_loss=-0.1689  kl_loss=0.0000 (disabled)  score=0.919  return=0.784  role_std=7.7658  role_norm=52.1957  enc_delta ego=0.0011 partner=0.0014 road=0.0019
[ROMA step 5,530,976,256] sps=173,237  policy_loss=0.0068  value_loss=0.1681  mi_loss=0.0012  mi_valid=0.74  div_loss=-0.1641  kl_loss=0.0000 (disabled)  score=0.920  return=0.787  role_std=8.1106  role_norm=51.9310  enc_delta ego=0.0011 partner=0.0015 road=0.0018
[ROMA step 5,531,762,688] sps=173,202  policy_loss=0.0048  value_loss=0.1982  mi_loss=0.0012  mi_valid=0.74  div_loss=-0.1650  kl_loss=0.0000 (disabled)  score=0.921  return=0.789  role_std=8.5492  role_norm=51.5121  enc_delta ego=0.0010 partner=0.0013 road=0.0018
[ROMA step 5,532,549,120] sps=173,024  policy_loss=-0.0013  value_loss=0.1361  mi_loss=0.0012  mi_valid=0.71  div_loss=-0.1670  kl_loss=0.0000 (disabled)  score=0.922  return=0.794  role_std=10.6111  role_norm=47.2624  enc_delta ego=0.0014 partner=0.0012 road=0.0018
[ROMA step 5,533,335,552] sps=172,992  policy_loss=0.0051  value_loss=0.1755  mi_loss=0.0013  mi_valid=0.76  div_loss=-0.1670  kl_loss=0.0000 (disabled)  score=0.922  return=0.795  role_std=7.8143  role_norm=52.8827  enc_delta ego=0.0013 partner=0.0013 road=0.0021
[ROMA step 5,534,121,984] sps=172,960  policy_loss=0.0011  value_loss=0.1569  mi_loss=0.0012  mi_valid=0.75  div_loss=-0.1650  kl_loss=0.0000 (disabled)  score=0.922  return=0.800  role_std=7.7965  role_norm=52.9279  enc_delta ego=0.0010 partner=0.0014 road=0.0021
[ROMA step 5,534,908,416] sps=172,928  policy_loss=-0.0017  value_loss=0.1876  mi_loss=0.0012  mi_valid=0.74  div_loss=-0.1689  kl_loss=0.0000 (disabled)  score=0.922  return=0.801  role_std=8.0169  role_norm=52.4567  enc_delta ego=0.0010 partner=0.0014 road=0.0021
[ROMA step 5,535,694,848] sps=172,755  policy_loss=-0.0071  value_loss=0.1948  mi_loss=0.0014  mi_valid=0.72  div_loss=-0.1729  kl_loss=0.0000 (disabled)  score=0.923  return=0.804  role_std=8.9895  role_norm=51.3625  enc_delta ego=0.0014 partner=0.0014 road=0.0021
[ROMA step 5,536,481,280] sps=172,722  policy_loss=0.0049  value_loss=0.2107  mi_loss=0.0013  mi_valid=0.74  div_loss=-0.1699  kl_loss=0.0000 (disabled)  score=0.923  return=0.805  role_std=9.0968  role_norm=50.2030  enc_delta ego=0.0017 partner=0.0016 road=0.0019
[ROMA step 5,537,267,712] sps=172,686  policy_loss=-0.0054  value_loss=0.1118  mi_loss=0.0013  mi_valid=0.74  div_loss=-0.1699  kl_loss=0.0000 (disabled)  score=0.923  return=0.807  role_std=9.5961  role_norm=49.2261  enc_delta ego=0.0013 partner=0.0016 road=0.0022
[ROMA step 5,538,054,144] sps=172,654  policy_loss=-0.0031  value_loss=0.1394  mi_loss=0.0012  mi_valid=0.75  div_loss=-0.1748  kl_loss=0.0000 (disabled)  score=0.923  return=0.810  role_std=7.4975  role_norm=52.8057  enc_delta ego=0.0012 partner=0.0013 road=0.0019
[ROMA step 5,538,840,576] sps=172,518  policy_loss=0.0041  value_loss=0.2067  mi_loss=0.0013  mi_valid=0.72  div_loss=-0.1660  kl_loss=0.0000 (disabled)  score=0.924  return=0.813  role_std=8.2147  role_norm=51.1970  enc_delta ego=0.0011 partner=0.0017 road=0.0018
[ROMA step 5,539,627,008] sps=172,486  policy_loss=-0.0052  value_loss=0.1821  mi_loss=0.0011  mi_valid=0.74  div_loss=-0.1621  kl_loss=0.0000 (disabled)  score=0.925  return=0.817  role_std=8.3532  role_norm=50.8962  enc_delta ego=0.0010 partner=0.0014 road=0.0016
[ROMA step 5,540,413,440] sps=172,454  policy_loss=-0.0021  value_loss=0.1404  mi_loss=0.0011  mi_valid=0.74  div_loss=-0.1611  kl_loss=0.0000 (disabled)  score=0.925  return=0.819  role_std=8.3247  role_norm=50.7806  enc_delta ego=0.0013 partner=0.0013 road=0.0018
[ROMA step 5,541,199,872] sps=172,309  policy_loss=0.0011  value_loss=0.1684  mi_loss=0.0011  mi_valid=0.73  div_loss=-0.1641  kl_loss=0.0000 (disabled)  score=0.926  return=0.819  role_std=9.1943  role_norm=49.1172  enc_delta ego=0.0014 partner=0.0011 road=0.0020
[ROMA step 5,541,986,304] sps=172,277  policy_loss=-0.0082  value_loss=0.1414  mi_loss=0.0012  mi_valid=0.75  div_loss=-0.1660  kl_loss=0.0000 (disabled)  score=0.926  return=0.820  role_std=7.5845  role_norm=53.8113  enc_delta ego=0.0011 partner=0.0017 road=0.0022
[ROMA step 5,542,772,736] sps=172,244  policy_loss=0.0083  value_loss=0.1553  mi_loss=0.0012  mi_valid=0.74  div_loss=-0.1680  kl_loss=0.0000 (disabled)  score=0.927  return=0.822  role_std=7.7498  role_norm=53.5932  enc_delta ego=0.0015 partner=0.0015 road=0.0021
[ROMA step 5,543,559,168] sps=172,212  policy_loss=-0.0015  value_loss=0.1693  mi_loss=0.0012  mi_valid=0.74  div_loss=-0.1719  kl_loss=0.0000 (disabled)  score=0.928  return=0.823  role_std=8.4181  role_norm=52.3735  enc_delta ego=0.0014 partner=0.0015 road=0.0023
[ROMA step 5,544,345,600] sps=172,085  policy_loss=-0.0031  value_loss=0.1733  mi_loss=0.0012  mi_valid=0.72  div_loss=-0.1689  kl_loss=0.0000 (disabled)  score=0.928  return=0.824  role_std=9.0759  role_norm=50.6630  enc_delta ego=0.0012 partner=0.0018 road=0.0024
[ROMA step 5,545,132,032] sps=172,053  policy_loss=0.0012  value_loss=0.2205  mi_loss=0.0011  mi_valid=0.74  div_loss=-0.1699  kl_loss=0.0000 (disabled)  score=0.929  return=0.826  role_std=9.3682  role_norm=50.1365  enc_delta ego=0.0012 partner=0.0015 road=0.0021
[ROMA step 5,545,918,464] sps=172,022  policy_loss=-0.0005  value_loss=0.0879  mi_loss=0.0011  mi_valid=0.75  div_loss=-0.1582  kl_loss=0.0000 (disabled)  score=0.930  return=0.828  role_std=7.8805  role_norm=51.8351  enc_delta ego=0.0012 partner=0.0014 road=0.0025
[ROMA step 5,546,704,896] sps=171,892  policy_loss=-0.0010  value_loss=0.1547  mi_loss=0.0011  mi_valid=0.73  div_loss=-0.1689  kl_loss=0.0000 (disabled)  score=0.930  return=0.828  role_std=7.7919  role_norm=52.7030  enc_delta ego=0.0014 partner=0.0018 road=0.0022
[ROMA step 5,547,491,328] sps=171,858  policy_loss=0.0016  value_loss=0.2191  mi_loss=0.0012  mi_valid=0.73  div_loss=-0.1787  kl_loss=0.0000 (disabled)  score=0.930  return=0.828  role_std=8.9319  role_norm=51.7162  enc_delta ego=0.0014 partner=0.0017 road=0.0024
[ROMA step 5,548,277,760] sps=171,828  policy_loss=-0.0053  value_loss=0.1615  mi_loss=0.0012  mi_valid=0.73  div_loss=-0.1768  kl_loss=0.0000 (disabled)  score=0.930  return=0.827  role_std=9.0956  role_norm=50.5785  enc_delta ego=0.0015 partner=0.0016 road=0.0023
[ROMA step 5,549,064,192] sps=171,798  policy_loss=-0.0044  value_loss=0.1120  mi_loss=0.0012  mi_valid=0.73  div_loss=-0.1709  kl_loss=0.0000 (disabled)  score=0.930  return=0.828  role_std=8.8380  role_norm=50.4138  enc_delta ego=0.0010 partner=0.0014 road=0.0021
[ROMA step 5,549,850,624] sps=171,674  policy_loss=-0.0049  value_loss=0.1720  mi_loss=0.0012  mi_valid=0.73  div_loss=-0.1680  kl_loss=0.0000 (disabled)  score=0.931  return=0.829  role_std=7.9122  role_norm=52.7572  enc_delta ego=0.0013 partner=0.0012 road=0.0020
[ROMA step 5,550,637,056] sps=171,645  policy_loss=-0.0013  value_loss=0.1566  mi_loss=0.0012  mi_valid=0.76  div_loss=-0.1689  kl_loss=0.0000 (disabled)  score=0.931  return=0.829  role_std=7.4532  role_norm=53.5004  enc_delta ego=0.0011 partner=0.0015 road=0.0021
[ROMA step 5,551,423,488] sps=171,615  policy_loss=-0.0077  value_loss=0.1149  mi_loss=0.0011  mi_valid=0.75  div_loss=-0.1680  kl_loss=0.0000 (disabled)  score=0.931  return=0.830  role_std=8.0798  role_norm=52.5797  enc_delta ego=0.0015 partner=0.0015 road=0.0022
[ROMA step 5,552,209,920] sps=171,481  policy_loss=0.0017  value_loss=0.1944  mi_loss=0.0012  mi_valid=0.73  div_loss=-0.1748  kl_loss=0.0000 (disabled)  score=0.931  return=0.829  role_std=7.8981  role_norm=51.8099  enc_delta ego=0.0013 partner=0.0011 road=0.0016
[ROMA step 5,552,996,352] sps=171,452  policy_loss=0.0019  value_loss=0.1850  mi_loss=0.0012  mi_valid=0.74  div_loss=-0.1650  kl_loss=0.0000 (disabled)  score=0.931  return=0.830  role_std=8.6911  role_norm=50.0566  enc_delta ego=0.0012 partner=0.0015 road=0.0021
[ROMA step 5,553,782,784] sps=171,422  policy_loss=-0.0021  value_loss=0.1082  mi_loss=0.0012  mi_valid=0.74  div_loss=-0.1621  kl_loss=0.0000 (disabled)  score=0.931  return=0.833  role_std=9.5583  role_norm=49.4295  enc_delta ego=0.0011 partner=0.0010 road=0.0016
[ROMA step 5,554,569,216] sps=171,391  policy_loss=-0.0024  value_loss=0.1043  mi_loss=0.0012  mi_valid=0.75  div_loss=-0.1621  kl_loss=0.0000 (disabled)  score=0.930  return=0.832  role_std=8.0375  role_norm=51.9375  enc_delta ego=0.0012 partner=0.0014 road=0.0020
[ROMA step 5,555,355,648] sps=171,269  policy_loss=0.0049  value_loss=0.1268  mi_loss=0.0012  mi_valid=0.73  div_loss=-0.1699  kl_loss=0.0000 (disabled)  score=0.930  return=0.833  role_std=8.7180  role_norm=52.1232  enc_delta ego=0.0011 partner=0.0013 road=0.0020
[ROMA step 5,556,142,080] sps=171,241  policy_loss=0.0049  value_loss=0.1958  mi_loss=0.0012  mi_valid=0.75  div_loss=-0.1758  kl_loss=0.0000 (disabled)  score=0.930  return=0.831  role_std=8.7104  role_norm=51.9190  enc_delta ego=0.0013 partner=0.0019 road=0.0024
[ROMA step 5,556,928,512] sps=171,212  policy_loss=-0.0058  value_loss=0.1034  mi_loss=0.0012  mi_valid=0.75  div_loss=-0.1787  kl_loss=0.0000 (disabled)  score=0.929  return=0.828  role_std=9.1016  role_norm=50.8909  enc_delta ego=0.0010 partner=0.0014 road=0.0020
[ROMA step 5,557,714,944] sps=171,083  policy_loss=-0.0034  value_loss=0.1553  mi_loss=0.0012  mi_valid=0.72  div_loss=-0.1836  kl_loss=0.0000 (disabled)  score=0.929  return=0.828  role_std=10.6567  role_norm=48.1586  enc_delta ego=0.0010 partner=0.0013 road=0.0014
[ROMA step 5,558,501,376] sps=171,055  policy_loss=-0.0013  value_loss=0.0982  mi_loss=0.0011  mi_valid=0.75  div_loss=-0.1709  kl_loss=0.0000 (disabled)  score=0.928  return=0.827  role_std=7.9832  role_norm=52.1092  enc_delta ego=0.0012 partner=0.0017 road=0.0023
[ROMA step 5,559,287,808] sps=171,026  policy_loss=0.0061  value_loss=0.1895  mi_loss=0.0011  mi_valid=0.74  div_loss=-0.1748  kl_loss=0.0000 (disabled)  score=0.929  return=0.829  role_std=8.6032  role_norm=52.4751  enc_delta ego=0.0014 partner=0.0018 road=0.0027
[ROMA step 5,560,074,240] sps=170,997  policy_loss=0.0024  value_loss=0.2043  mi_loss=0.0011  mi_valid=0.74  div_loss=-0.1689  kl_loss=0.0000 (disabled)  score=0.929  return=0.828  role_std=7.5533  role_norm=52.1170  enc_delta ego=0.0013 partner=0.0014 road=0.0022
[ROMA step 5,560,860,672] sps=170,858  policy_loss=0.0036  value_loss=0.1225  mi_loss=0.0012  mi_valid=0.73  div_loss=-0.1689  kl_loss=0.0000 (disabled)  score=0.929  return=0.827  role_std=8.4359  role_norm=50.1341  enc_delta ego=0.0010 partner=0.0012 road=0.0016
[ROMA step 5,561,647,104] sps=170,829  policy_loss=-0.0071  value_loss=0.1234  mi_loss=0.0012  mi_valid=0.75  div_loss=-0.1650  kl_loss=0.0000 (disabled)  score=0.929  return=0.829  role_std=9.3030  role_norm=49.3676  enc_delta ego=0.0011 partner=0.0014 road=0.0016
[ROMA step 5,562,433,536] sps=170,799  policy_loss=0.0041  value_loss=0.1658  mi_loss=0.0012  mi_valid=0.75  div_loss=-0.1719  kl_loss=0.0000 (disabled)  score=0.929  return=0.826  role_std=9.1260  role_norm=48.9059  enc_delta ego=0.0014 partner=0.0015 road=0.0018
[ROMA step 5,563,219,968] sps=170,768  policy_loss=-0.0017  value_loss=0.1424  mi_loss=0.0013  mi_valid=0.76  div_loss=-0.1719  kl_loss=0.0000 (disabled)  score=0.929  return=0.826  role_std=7.6339  role_norm=52.1853  enc_delta ego=0.0013 partner=0.0018 road=0.0022
[ROMA step 5,564,006,400] sps=170,638  policy_loss=0.0012  value_loss=0.2296  mi_loss=0.0011  mi_valid=0.72  div_loss=-0.1865  kl_loss=0.0000 (disabled)  score=0.928  return=0.825  role_std=9.0015  role_norm=52.6287  enc_delta ego=0.0018 partner=0.0018 road=0.0023
[ROMA step 5,564,792,832] sps=170,606  policy_loss=-0.0009  value_loss=0.1512  mi_loss=0.0012  mi_valid=0.73  div_loss=-0.1768  kl_loss=0.0000 (disabled)  score=0.928  return=0.826  role_std=9.7450  role_norm=51.8519  enc_delta ego=0.0012 partner=0.0016 road=0.0018
[ROMA step 5,565,579,264] sps=170,575  policy_loss=-0.0077  value_loss=0.1423  mi_loss=0.0012  mi_valid=0.73  div_loss=-0.1768  kl_loss=0.0000 (disabled)  score=0.928  return=0.826  role_std=9.3221  role_norm=51.2376  enc_delta ego=0.0014 partner=0.0018 road=0.0025
[ROMA step 5,566,365,696] sps=170,363  policy_loss=-0.0017  value_loss=0.1714  mi_loss=0.0012  mi_valid=0.72  div_loss=-0.1816  kl_loss=0.0000 (disabled)  score=0.928  return=0.827  role_std=9.8584  role_norm=47.8180  enc_delta ego=0.0011 partner=0.0014 road=0.0018
[ROMA step 5,567,152,128] sps=170,332  policy_loss=0.0002  value_loss=0.2101  mi_loss=0.0012  mi_valid=0.75  div_loss=-0.1748  kl_loss=0.0000 (disabled)  score=0.927  return=0.826  role_std=7.7697  role_norm=52.6687  enc_delta ego=0.0013 partner=0.0014 road=0.0022
[ROMA step 5,567,938,560] sps=170,302  policy_loss=0.0041  value_loss=0.1383  mi_loss=0.0012  mi_valid=0.75  div_loss=-0.1719  kl_loss=0.0000 (disabled)  score=0.927  return=0.824  role_std=8.2311  role_norm=52.1033  enc_delta ego=0.0010 partner=0.0014 road=0.0022
[ROMA step 5,568,724,992] sps=170,271  policy_loss=-0.0027  value_loss=0.1504  mi_loss=0.0013  mi_valid=0.75  div_loss=-0.1729  kl_loss=0.0000 (disabled)  score=0.927  return=0.825  role_std=8.4789  role_norm=51.1188  enc_delta ego=0.0011 partner=0.0012 road=0.0016
[ROMA step 5,569,511,424] sps=170,149  policy_loss=0.0001  value_loss=0.2311  mi_loss=0.0013  mi_valid=0.72  div_loss=-0.1826  kl_loss=0.0000 (disabled)  score=0.927  return=0.823  role_std=9.4051  role_norm=50.7827  enc_delta ego=0.0014 partner=0.0018 road=0.0024
[ROMA step 5,570,297,856] sps=170,119  policy_loss=0.0046  value_loss=0.2049  mi_loss=0.0013  mi_valid=0.74  div_loss=-0.1846  kl_loss=0.0000 (disabled)  score=0.927  return=0.822  role_std=9.7178  role_norm=50.0069  enc_delta ego=0.0010 partner=0.0016 road=0.0024
[ROMA step 5,571,084,288] sps=170,086  policy_loss=-0.0034  value_loss=0.1806  mi_loss=0.0012  mi_valid=0.75  div_loss=-0.1777  kl_loss=0.0000 (disabled)  score=0.926  return=0.818  role_std=9.5223  role_norm=49.7724  enc_delta ego=0.0013 partner=0.0014 road=0.0025
[ROMA step 5,571,870,720] sps=169,958  policy_loss=0.0023  value_loss=0.1938  mi_loss=0.0013  mi_valid=0.74  div_loss=-0.1836  kl_loss=0.0000 (disabled)  score=0.926  return=0.814  role_std=7.9840  role_norm=52.9864  enc_delta ego=0.0012 partner=0.0011 road=0.0019
[ROMA step 5,572,657,152] sps=169,927  policy_loss=0.0028  value_loss=0.2551  mi_loss=0.0013  mi_valid=0.75  div_loss=-0.1748  kl_loss=0.0000 (disabled)  score=0.925  return=0.812  role_std=9.1627  role_norm=51.9049  enc_delta ego=0.0012 partner=0.0014 road=0.0020
[ROMA step 5,573,443,584] sps=169,896  policy_loss=-0.0025  value_loss=0.2256  mi_loss=0.0013  mi_valid=0.75  div_loss=-0.1719  kl_loss=0.0000 (disabled)  score=0.924  return=0.813  role_std=8.7054  role_norm=51.4038  enc_delta ego=0.0014 partner=0.0012 road=0.0024
[ROMA step 5,574,230,016] sps=169,866  policy_loss=-0.0040  value_loss=0.1070  mi_loss=0.0012  mi_valid=0.74  div_loss=-0.1670  kl_loss=0.0000 (disabled)  score=0.924  return=0.812  role_std=9.0460  role_norm=50.6501  enc_delta ego=0.0009 partner=0.0009 road=0.0017
[ROMA step 5,575,016,448] sps=169,748  policy_loss=0.0076  value_loss=0.2491  mi_loss=0.0013  mi_valid=0.73  div_loss=-0.1709  kl_loss=0.0000 (disabled)  score=0.923  return=0.810  role_std=8.7108  role_norm=49.4144  enc_delta ego=0.0014 partner=0.0015 road=0.0019
[ROMA step 5,575,802,880] sps=169,715  policy_loss=-0.0046  value_loss=0.1418  mi_loss=0.0013  mi_valid=0.75  div_loss=-0.1699  kl_loss=0.0000 (disabled)  score=0.923  return=0.810  role_std=7.7333  role_norm=53.1294  enc_delta ego=0.0014 partner=0.0014 road=0.0021
[ROMA step 5,576,589,312] sps=169,685  policy_loss=-0.0039  value_loss=0.1885  mi_loss=0.0014  mi_valid=0.74  div_loss=-0.1719  kl_loss=0.0000 (disabled)  score=0.923  return=0.810  role_std=8.0447  role_norm=52.8177  enc_delta ego=0.0009 partner=0.0011 road=0.0016
[ROMA step 5,577,375,744] sps=169,564  policy_loss=-0.0049  value_loss=0.1937  mi_loss=0.0014  mi_valid=0.72  div_loss=-0.1748  kl_loss=0.0000 (disabled)  score=0.923  return=0.809  role_std=8.0547  role_norm=51.5706  enc_delta ego=0.0009 partner=0.0012 road=0.0018
[ROMA step 5,578,162,176] sps=169,535  policy_loss=-0.0035  value_loss=0.0706  mi_loss=0.0013  mi_valid=0.74  div_loss=-0.1582  kl_loss=0.0000 (disabled)  score=0.923  return=0.810  role_std=8.6164  role_norm=50.4345  enc_delta ego=0.0012 partner=0.0008 road=0.0013
[ROMA step 5,578,948,608] sps=169,503  policy_loss=-0.0015  value_loss=0.1399  mi_loss=0.0011  mi_valid=0.74  div_loss=-0.1699  kl_loss=0.0000 (disabled)  score=0.923  return=0.809  role_std=9.0068  role_norm=49.9990  enc_delta ego=0.0012 partner=0.0013 road=0.0017
[ROMA step 5,579,735,040] sps=169,472  policy_loss=-0.0020  value_loss=0.1553  mi_loss=0.0012  mi_valid=0.75  div_loss=-0.1709  kl_loss=0.0000 (disabled)  score=0.923  return=0.807  role_std=7.7252  role_norm=52.8733  enc_delta ego=0.0011 partner=0.0013 road=0.0018
[ROMA step 5,580,521,472] sps=169,360  policy_loss=0.0037  value_loss=0.2119  mi_loss=0.0011  mi_valid=0.74  div_loss=-0.1777  kl_loss=0.0000 (disabled)  score=0.924  return=0.808  role_std=8.2342  role_norm=51.9284  enc_delta ego=0.0011 partner=0.0013 road=0.0020
[ROMA step 5,581,307,904] sps=169,330  policy_loss=0.0012  value_loss=0.1972  mi_loss=0.0012  mi_valid=0.75  div_loss=-0.1660  kl_loss=0.0000 (disabled)  score=0.925  return=0.809  role_std=8.6383  role_norm=51.7031  enc_delta ego=0.0010 partner=0.0012 road=0.0018
[ROMA step 5,582,094,336] sps=169,300  policy_loss=-0.0020  value_loss=0.1398  mi_loss=0.0012  mi_valid=0.75  div_loss=-0.1650  kl_loss=0.0000 (disabled)  score=0.925  return=0.811  role_std=8.5449  role_norm=51.1961  enc_delta ego=0.0008 partner=0.0011 road=0.0014
[ROMA step 5,582,880,768] sps=169,182  policy_loss=-0.0009  value_loss=0.1697  mi_loss=0.0013  mi_valid=0.73  div_loss=-0.1699  kl_loss=0.0000 (disabled)  score=0.926  return=0.812  role_std=9.1142  role_norm=47.8271  enc_delta ego=0.0014 partner=0.0014 road=0.0019
[ROMA step 5,583,667,200] sps=169,153  policy_loss=0.0024  value_loss=0.1653  mi_loss=0.0012  mi_valid=0.76  div_loss=-0.1562  kl_loss=0.0000 (disabled)  score=0.926  return=0.812  role_std=7.3948  role_norm=53.2575  enc_delta ego=0.0018 partner=0.0015 road=0.0023
[ROMA step 5,584,453,632] sps=169,123  policy_loss=-0.0066  value_loss=0.1481  mi_loss=0.0014  mi_valid=0.76  div_loss=-0.1582  kl_loss=0.0000 (disabled)  score=0.925  return=0.811  role_std=7.2469  role_norm=53.3116  enc_delta ego=0.0018 partner=0.0014 road=0.0020
[ROMA step 5,585,240,064] sps=169,092  policy_loss=0.0015  value_loss=0.2092  mi_loss=0.0013  mi_valid=0.75  div_loss=-0.1602  kl_loss=0.0000 (disabled)  score=0.924  return=0.808  role_std=8.1353  role_norm=52.7493  enc_delta ego=0.0015 partner=0.0017 road=0.0024
[ROMA step 5,586,026,496] sps=168,970  policy_loss=-0.0051  value_loss=0.2214  mi_loss=0.0013  mi_valid=0.73  div_loss=-0.1729  kl_loss=0.0000 (disabled)  score=0.924  return=0.807  role_std=8.9730  role_norm=52.6001  enc_delta ego=0.0013 partner=0.0014 road=0.0024
[ROMA step 5,586,812,928] sps=168,940  policy_loss=0.0020  value_loss=0.1897  mi_loss=0.0013  mi_valid=0.74  div_loss=-0.1719  kl_loss=0.0000 (disabled)  score=0.923  return=0.805  role_std=8.7417  role_norm=51.4929  enc_delta ego=0.0015 partner=0.0014 road=0.0025
[ROMA step 5,587,599,360] sps=168,911  policy_loss=0.0003  value_loss=0.1739  mi_loss=0.0013  mi_valid=0.74  div_loss=-0.1787  kl_loss=0.0000 (disabled)  score=0.924  return=0.804  role_std=9.3185  role_norm=50.3757  enc_delta ego=0.0013 partner=0.0011 road=0.0021
[ROMA step 5,588,385,792] sps=168,881  policy_loss=-0.0040  value_loss=0.1573  mi_loss=0.0012  mi_valid=0.75  div_loss=-0.1768  kl_loss=0.0000 (disabled)  score=0.924  return=0.805  role_std=8.6959  role_norm=52.7792  enc_delta ego=0.0011 partner=0.0014 road=0.0021
[ROMA step 5,589,172,224] sps=168,750  policy_loss=-0.0084  value_loss=0.1816  mi_loss=0.0012  mi_valid=0.73  div_loss=-0.1719  kl_loss=0.0000 (disabled)  score=0.924  return=0.804  role_std=8.0401  role_norm=52.5000  enc_delta ego=0.0013 partner=0.0014 road=0.0027
[ROMA step 5,589,958,656] sps=168,720  policy_loss=0.0049  value_loss=0.1827  mi_loss=0.0011  mi_valid=0.75  div_loss=-0.1670  kl_loss=0.0000 (disabled)  score=0.924  return=0.804  role_std=8.2927  role_norm=52.2074  enc_delta ego=0.0012 partner=0.0014 road=0.0021
[ROMA step 5,590,745,088] sps=168,691  policy_loss=-0.0063  value_loss=0.1592  mi_loss=0.0012  mi_valid=0.75  div_loss=-0.1670  kl_loss=0.0000 (disabled)  score=0.924  return=0.803  role_std=9.5586  role_norm=51.4024  enc_delta ego=0.0010 partner=0.0011 road=0.0018
[ROMA step 5,591,531,520] sps=168,548  policy_loss=-0.0051  value_loss=0.1769  mi_loss=0.0014  mi_valid=0.73  div_loss=-0.1719  kl_loss=0.0000 (disabled)  score=0.924  return=0.801  role_std=9.3172  role_norm=48.6746  enc_delta ego=0.0011 partner=0.0012 road=0.0023
[ROMA step 5,592,317,952] sps=168,520  policy_loss=-0.0048  value_loss=0.1486  mi_loss=0.0011  mi_valid=0.77  div_loss=-0.1699  kl_loss=0.0000 (disabled)  score=0.923  return=0.799  role_std=7.5388  role_norm=53.2743  enc_delta ego=0.0012 partner=0.0014 road=0.0016
[ROMA step 5,593,104,384] sps=168,490  policy_loss=0.0019  value_loss=0.1435  mi_loss=0.0012  mi_valid=0.76  div_loss=-0.1768  kl_loss=0.0000 (disabled)  score=0.923  return=0.798  role_std=8.4414  role_norm=52.7077  enc_delta ego=0.0010 partner=0.0013 road=0.0018
[ROMA step 5,593,890,816] sps=168,461  policy_loss=0.0049  value_loss=0.1584  mi_loss=0.0012  mi_valid=0.75  div_loss=-0.1758  kl_loss=0.0000 (disabled)  score=0.923  return=0.798  role_std=8.5283  role_norm=52.1679  enc_delta ego=0.0009 partner=0.0015 road=0.0018
[ROMA step 5,594,677,248] sps=168,342  policy_loss=-0.0001  value_loss=0.2252  mi_loss=0.0013  mi_valid=0.74  div_loss=-0.1836  kl_loss=0.0000 (disabled)  score=0.922  return=0.796  role_std=8.9097  role_norm=50.4511  enc_delta ego=0.0011 partner=0.0014 road=0.0024
[ROMA step 5,595,463,680] sps=168,314  policy_loss=-0.0069  value_loss=0.2043  mi_loss=0.0013  mi_valid=0.76  div_loss=-0.1855  kl_loss=0.0000 (disabled)  score=0.922  return=0.795  role_std=9.6254  role_norm=49.0147  enc_delta ego=0.0011 partner=0.0014 road=0.0020
[ROMA step 5,596,250,112] sps=168,283  policy_loss=-0.0019  value_loss=0.2231  mi_loss=0.0013  mi_valid=0.77  div_loss=-0.1816  kl_loss=0.0000 (disabled)  score=0.921  return=0.792  role_std=10.2002  role_norm=47.6480  enc_delta ego=0.0013 partner=0.0015 road=0.0024
[ROMA step 5,597,036,544] sps=168,167  policy_loss=-0.0085  value_loss=0.3023  mi_loss=0.0013  mi_valid=0.75  div_loss=-0.1963  kl_loss=0.0000 (disabled)  score=0.921  return=0.792  role_std=8.5016  role_norm=51.9866  enc_delta ego=0.0011 partner=0.0016 road=0.0025
[ROMA step 5,597,822,976] sps=168,134  policy_loss=-0.0008  value_loss=0.2642  mi_loss=0.0012  mi_valid=0.75  div_loss=-0.1934  kl_loss=0.0000 (disabled)  score=0.920  return=0.789  role_std=9.2152  role_norm=50.7243  enc_delta ego=0.0016 partner=0.0016 road=0.0025
[ROMA step 5,598,609,408] sps=168,103  policy_loss=0.0084  value_loss=0.3266  mi_loss=0.0012  mi_valid=0.75  div_loss=-0.1904  kl_loss=0.0000 (disabled)  score=0.920  return=0.790  role_std=10.1014  role_norm=49.9489  enc_delta ego=0.0014 partner=0.0016 road=0.0027
[ROMA step 5,599,395,840] sps=168,069  policy_loss=-0.0033  value_loss=0.2065  mi_loss=0.0012  mi_valid=0.75  div_loss=-0.1855  kl_loss=0.0000 (disabled)  score=0.920  return=0.789  role_std=10.2716  role_norm=49.3845  enc_delta ego=0.0011 partner=0.0012 road=0.0021
[ROMA step 5,600,182,272] sps=167,931  policy_loss=0.0033  value_loss=0.2528  mi_loss=0.0013  mi_valid=0.74  div_loss=-0.1816  kl_loss=0.0000 (disabled)  score=0.920  return=0.789  role_std=10.1440  role_norm=48.3158  enc_delta ego=0.0014 partner=0.0013 road=0.0022
[ROMA step 5,600,968,704] sps=167,898  policy_loss=-0.0001  value_loss=0.1257  mi_loss=0.0012  mi_valid=0.76  div_loss=-0.1699  kl_loss=0.0000 (disabled)  score=0.920  return=0.790  role_std=7.9489  role_norm=53.0471  enc_delta ego=0.0017 partner=0.0014 road=0.0017
[ROMA step 5,601,755,136] sps=167,867  policy_loss=-0.0015  value_loss=0.1880  mi_loss=0.0012  mi_valid=0.75  div_loss=-0.1777  kl_loss=0.0000 (disabled)  score=0.920  return=0.790  role_std=8.7481  role_norm=52.2619  enc_delta ego=0.0016 partner=0.0016 road=0.0024
[ROMA step 5,602,541,568] sps=167,732  policy_loss=0.0035  value_loss=0.1151  mi_loss=0.0012  mi_valid=0.73  div_loss=-0.1709  kl_loss=0.0000 (disabled)  score=0.920  return=0.791  role_std=8.2782  role_norm=51.8685  enc_delta ego=0.0017 partner=0.0017 road=0.0019
[ROMA step 5,603,328,000] sps=167,701  policy_loss=-0.0010  value_loss=0.1306  mi_loss=0.0011  mi_valid=0.74  div_loss=-0.1641  kl_loss=0.0000 (disabled)  score=0.921  return=0.792  role_std=8.7253  role_norm=50.8116  enc_delta ego=0.0009 partner=0.0013 road=0.0017
[ROMA step 5,604,114,432] sps=167,668  policy_loss=-0.0001  value_loss=0.1067  mi_loss=0.0011  mi_valid=0.74  div_loss=-0.1602  kl_loss=0.0000 (disabled)  score=0.921  return=0.796  role_std=8.9540  role_norm=50.8012  enc_delta ego=0.0012 partner=0.0016 road=0.0018
[ROMA step 5,604,900,864] sps=167,637  policy_loss=-0.0047  value_loss=0.0582  mi_loss=0.0011  mi_valid=0.75  div_loss=-0.1582  kl_loss=0.0000 (disabled)  score=0.922  return=0.798  role_std=8.0384  role_norm=52.0385  enc_delta ego=0.0009 partner=0.0008 road=0.0013
[ROMA step 5,605,687,296] sps=167,506  policy_loss=-0.0013  value_loss=0.1487  mi_loss=0.0012  mi_valid=0.72  div_loss=-0.1768  kl_loss=0.0000 (disabled)  score=0.923  return=0.800  role_std=8.3458  role_norm=52.4866  enc_delta ego=0.0011 partner=0.0014 road=0.0020
[ROMA step 5,606,473,728] sps=167,477  policy_loss=-0.0046  value_loss=0.1208  mi_loss=0.0012  mi_valid=0.73  div_loss=-0.1768  kl_loss=0.0000 (disabled)  score=0.923  return=0.800  role_std=8.7553  role_norm=52.6289  enc_delta ego=0.0009 partner=0.0011 road=0.0016
[ROMA step 5,607,260,160] sps=167,448  policy_loss=-0.0012  value_loss=0.1239  mi_loss=0.0012  mi_valid=0.73  div_loss=-0.1738  kl_loss=0.0000 (disabled)  score=0.923  return=0.801  role_std=9.4097  role_norm=51.7673  enc_delta ego=0.0010 partner=0.0011 road=0.0018
[ROMA step 5,608,046,592] sps=167,318  policy_loss=0.0012  value_loss=0.2054  mi_loss=0.0012  mi_valid=0.71  div_loss=-0.1895  kl_loss=0.0000 (disabled)  score=0.924  return=0.802  role_std=10.6531  role_norm=48.2658  enc_delta ego=0.0013 partner=0.0013 road=0.0021
[ROMA step 5,608,833,024] sps=167,289  policy_loss=0.0021  value_loss=0.2561  mi_loss=0.0014  mi_valid=0.75  div_loss=-0.1875  kl_loss=0.0000 (disabled)  score=0.924  return=0.800  role_std=9.0914  role_norm=51.5610  enc_delta ego=0.0021 partner=0.0015 road=0.0025
[ROMA step 5,609,619,456] sps=167,261  policy_loss=-0.0031  value_loss=0.2190  mi_loss=0.0013  mi_valid=0.75  div_loss=-0.1797  kl_loss=0.0000 (disabled)  score=0.924  return=0.798  role_std=8.6881  role_norm=52.2088  enc_delta ego=0.0026 partner=0.0016 road=0.0019
[ROMA step 5,610,405,888] sps=167,231  policy_loss=-0.0019  value_loss=0.1613  mi_loss=0.0014  mi_valid=0.75  div_loss=-0.1797  kl_loss=0.0000 (disabled)  score=0.924  return=0.800  role_std=8.6973  role_norm=51.6889  enc_delta ego=0.0021 partner=0.0014 road=0.0022
[ROMA step 5,611,192,320] sps=167,112  policy_loss=-0.0042  value_loss=0.1716  mi_loss=0.0013  mi_valid=0.73  div_loss=-0.1836  kl_loss=0.0000 (disabled)  score=0.925  return=0.802  role_std=9.2758  role_norm=51.4562  enc_delta ego=0.0016 partner=0.0014 road=0.0019
[ROMA step 5,611,978,752] sps=167,084  policy_loss=0.0067  value_loss=0.1404  mi_loss=0.0013  mi_valid=0.74  div_loss=-0.1816  kl_loss=0.0000 (disabled)  score=0.925  return=0.804  role_std=9.5690  role_norm=50.1354  enc_delta ego=0.0011 partner=0.0013 road=0.0017
[ROMA step 5,612,765,184] sps=167,054  policy_loss=-0.0031  value_loss=0.1554  mi_loss=0.0013  mi_valid=0.74  div_loss=-0.1826  kl_loss=0.0000 (disabled)  score=0.925  return=0.805  role_std=9.9044  role_norm=49.5163  enc_delta ego=0.0012 partner=0.0013 road=0.0018
[ROMA step 5,613,551,616] sps=167,024  policy_loss=0.0063  value_loss=0.1640  mi_loss=0.0013  mi_valid=0.75  div_loss=-0.1836  kl_loss=0.0000 (disabled)  score=0.925  return=0.805  role_std=8.2204  role_norm=52.2728  enc_delta ego=0.0007 partner=0.0012 road=0.0016
[ROMA step 5,614,338,048] sps=166,895  policy_loss=0.0032  value_loss=0.1608  mi_loss=0.0012  mi_valid=0.73  div_loss=-0.1797  kl_loss=0.0000 (disabled)  score=0.925  return=0.806  role_std=8.7354  role_norm=52.6421  enc_delta ego=0.0014 partner=0.0014 road=0.0020
[ROMA step 5,615,124,480] sps=166,866  policy_loss=-0.0037  value_loss=0.1480  mi_loss=0.0012  mi_valid=0.74  div_loss=-0.1699  kl_loss=0.0000 (disabled)  score=0.925  return=0.809  role_std=8.7634  role_norm=51.9767  enc_delta ego=0.0014 partner=0.0015 road=0.0024
[ROMA step 5,615,910,912] sps=166,836  policy_loss=-0.0054  value_loss=0.1808  mi_loss=0.0013  mi_valid=0.74  div_loss=-0.1787  kl_loss=0.0000 (disabled)  score=0.925  return=0.810  role_std=9.1722  role_norm=51.4272  enc_delta ego=0.0011 partner=0.0014 road=0.0019
[ROMA step 5,616,697,344] sps=166,669  policy_loss=-0.0042  value_loss=0.1616  mi_loss=0.0013  mi_valid=0.72  div_loss=-0.1729  kl_loss=0.0000 (disabled)  score=0.924  return=0.808  role_std=10.1394  role_norm=48.3965  enc_delta ego=0.0015 partner=0.0015 road=0.0021
[ROMA step 5,617,483,776] sps=166,640  policy_loss=-0.0004  value_loss=0.1288  mi_loss=0.0012  mi_valid=0.75  div_loss=-0.1660  kl_loss=0.0000 (disabled)  score=0.924  return=0.808  role_std=7.6767  role_norm=52.4812  enc_delta ego=0.0009 partner=0.0012 road=0.0018
[ROMA step 5,618,270,208] sps=166,611  policy_loss=-0.0059  value_loss=0.2165  mi_loss=0.0012  mi_valid=0.75  div_loss=-0.1777  kl_loss=0.0000 (disabled)  score=0.924  return=0.809  role_std=8.4367  role_norm=52.1976  enc_delta ego=0.0008 partner=0.0014 road=0.0015
[ROMA step 5,619,056,640] sps=166,582  policy_loss=-0.0031  value_loss=0.1420  mi_loss=0.0011  mi_valid=0.74  div_loss=-0.1650  kl_loss=0.0000 (disabled)  score=0.925  return=0.810  role_std=8.3863  role_norm=51.7173  enc_delta ego=0.0010 partner=0.0015 road=0.0020
[ROMA step 5,619,843,072] sps=166,445  policy_loss=-0.0016  value_loss=0.1613  mi_loss=0.0011  mi_valid=0.72  div_loss=-0.1699  kl_loss=0.0000 (disabled)  score=0.925  return=0.811  role_std=8.7514  role_norm=52.1254  enc_delta ego=0.0011 partner=0.0016 road=0.0026
[ROMA step 5,620,629,504] sps=166,417  policy_loss=-0.0021  value_loss=0.1543  mi_loss=0.0011  mi_valid=0.74  div_loss=-0.1670  kl_loss=0.0000 (disabled)  score=0.926  return=0.814  role_std=9.6649  role_norm=51.1699  enc_delta ego=0.0011 partner=0.0012 road=0.0017
[ROMA step 5,621,415,936] sps=166,388  policy_loss=-0.0007  value_loss=0.1215  mi_loss=0.0011  mi_valid=0.74  div_loss=-0.1689  kl_loss=0.0000 (disabled)  score=0.927  return=0.819  role_std=10.1757  role_norm=49.7481  enc_delta ego=0.0009 partner=0.0014 road=0.0017
[ROMA step 5,622,202,368] sps=166,246  policy_loss=0.0058  value_loss=0.1912  mi_loss=0.0011  mi_valid=0.74  div_loss=-0.1689  kl_loss=0.0000 (disabled)  score=0.927  return=0.821  role_std=7.6626  role_norm=53.6563  enc_delta ego=0.0008 partner=0.0012 road=0.0022
[ROMA step 5,622,988,800] sps=166,217  policy_loss=-0.0047  value_loss=0.1967  mi_loss=0.0013  mi_valid=0.74  div_loss=-0.1680  kl_loss=0.0000 (disabled)  score=0.928  return=0.824  role_std=8.1019  role_norm=53.0979  enc_delta ego=0.0010 partner=0.0012 road=0.0022
[ROMA step 5,623,775,232] sps=166,189  policy_loss=-0.0076  value_loss=0.1461  mi_loss=0.0012  mi_valid=0.75  div_loss=-0.1611  kl_loss=0.0000 (disabled)  score=0.929  return=0.827  role_std=8.0532  role_norm=52.6100  enc_delta ego=0.0012 partner=0.0012 road=0.0017
[ROMA step 5,624,561,664] sps=166,159  policy_loss=0.0037  value_loss=0.1830  mi_loss=0.0012  mi_valid=0.75  div_loss=-0.1670  kl_loss=0.0000 (disabled)  score=0.929  return=0.831  role_std=9.0470  role_norm=52.0992  enc_delta ego=0.0009 partner=0.0014 road=0.0022
[ROMA step 5,625,348,096] sps=166,029  policy_loss=0.0049  value_loss=0.2545  mi_loss=0.0011  mi_valid=0.73  div_loss=-0.1816  kl_loss=0.0000 (disabled)  score=0.929  return=0.830  role_std=9.9330  role_norm=49.4265  enc_delta ego=0.0011 partner=0.0016 road=0.0023
[ROMA step 5,626,134,528] sps=166,001  policy_loss=0.0029  value_loss=0.1526  mi_loss=0.0011  mi_valid=0.75  div_loss=-0.1729  kl_loss=0.0000 (disabled)  score=0.930  return=0.832  role_std=8.0463  role_norm=53.6577  enc_delta ego=0.0009 partner=0.0013 road=0.0024
[ROMA step 5,626,920,960] sps=165,973  policy_loss=0.0015  value_loss=0.1552  mi_loss=0.0011  mi_valid=0.75  div_loss=-0.1738  kl_loss=0.0000 (disabled)  score=0.929  return=0.833  role_std=8.0923  role_norm=52.9736  enc_delta ego=0.0012 partner=0.0014 road=0.0021
[ROMA step 5,627,707,392] sps=165,834  policy_loss=0.0026  value_loss=0.1322  mi_loss=0.0011  mi_valid=0.72  div_loss=-0.1797  kl_loss=0.0000 (disabled)  score=0.929  return=0.833  role_std=8.7348  role_norm=52.9482  enc_delta ego=0.0010 partner=0.0013 road=0.0019
[ROMA step 5,628,493,824] sps=165,807  policy_loss=-0.0030  value_loss=0.1338  mi_loss=0.0012  mi_valid=0.74  div_loss=-0.1738  kl_loss=0.0000 (disabled)  score=0.929  return=0.832  role_std=9.0702  role_norm=51.5445  enc_delta ego=0.0008 partner=0.0013 road=0.0018
[ROMA step 5,629,280,256] sps=165,778  policy_loss=-0.0015  value_loss=0.1636  mi_loss=0.0012  mi_valid=0.74  div_loss=-0.1768  kl_loss=0.0000 (disabled)  score=0.930  return=0.833  role_std=9.6281  role_norm=50.6394  enc_delta ego=0.0009 partner=0.0013 road=0.0020
[ROMA step 5,630,066,688] sps=165,750  policy_loss=-0.0004  value_loss=0.1085  mi_loss=0.0011  mi_valid=0.75  div_loss=-0.1738  kl_loss=0.0000 (disabled)  score=0.928  return=0.830  role_std=9.4205  role_norm=50.2660  enc_delta ego=0.0010 partner=0.0014 road=0.0019
[ROMA step 5,630,853,120] sps=165,604  policy_loss=0.0043  value_loss=0.2322  mi_loss=0.0012  mi_valid=0.75  div_loss=-0.1846  kl_loss=0.0000 (disabled)  score=0.927  return=0.827  role_std=8.4336  role_norm=52.3343  enc_delta ego=0.0015 partner=0.0017 road=0.0024
[ROMA step 5,631,639,552] sps=165,576  policy_loss=-0.0020  value_loss=0.1163  mi_loss=0.0013  mi_valid=0.76  div_loss=-0.1699  kl_loss=0.0000 (disabled)  score=0.926  return=0.823  role_std=8.0074  role_norm=52.0118  enc_delta ego=0.0013 partner=0.0017 road=0.0026
[ROMA step 5,632,425,984] sps=165,547  policy_loss=-0.0048  value_loss=0.1281  mi_loss=0.0012  mi_valid=0.75  div_loss=-0.1699  kl_loss=0.0000 (disabled)  score=0.924  return=0.821  role_std=8.3596  role_norm=51.2461  enc_delta ego=0.0013 partner=0.0014 road=0.0021
[ROMA step 5,633,212,416] sps=165,413  policy_loss=0.0000  value_loss=0.1490  mi_loss=0.0012  mi_valid=0.73  div_loss=-0.1738  kl_loss=0.0000 (disabled)  score=0.923  return=0.819  role_std=10.2042  role_norm=48.3784  enc_delta ego=0.0015 partner=0.0013 road=0.0021
[ROMA step 5,633,998,848] sps=165,385  policy_loss=-0.0101  value_loss=0.1703  mi_loss=0.0011  mi_valid=0.75  div_loss=-0.1748  kl_loss=0.0000 (disabled)  score=0.923  return=0.820  role_std=9.6018  role_norm=49.5359  enc_delta ego=0.0011 partner=0.0014 road=0.0023
[ROMA step 5,634,785,280] sps=165,357  policy_loss=0.0060  value_loss=0.2028  mi_loss=0.0011  mi_valid=0.75  div_loss=-0.1768  kl_loss=0.0000 (disabled)  score=0.922  return=0.817  role_std=8.2234  role_norm=52.8745  enc_delta ego=0.0010 partner=0.0016 road=0.0019
[ROMA step 5,635,571,712] sps=165,328  policy_loss=0.0011  value_loss=0.1602  mi_loss=0.0011  mi_valid=0.74  div_loss=-0.1836  kl_loss=0.0000 (disabled)  score=0.922  return=0.817  role_std=8.3887  role_norm=52.7797  enc_delta ego=0.0010 partner=0.0018 road=0.0022
[ROMA step 5,636,358,144] sps=165,192  policy_loss=0.0014  value_loss=0.2372  mi_loss=0.0012  mi_valid=0.72  div_loss=-0.1807  kl_loss=0.0000 (disabled)  score=0.923  return=0.818  role_std=8.9940  role_norm=53.0275  enc_delta ego=0.0008 partner=0.0013 road=0.0019
[ROMA step 5,637,144,576] sps=165,163  policy_loss=-0.0081  value_loss=0.1712  mi_loss=0.0012  mi_valid=0.74  div_loss=-0.1738  kl_loss=0.0000 (disabled)  score=0.924  return=0.819  role_std=9.7658  role_norm=51.7556  enc_delta ego=0.0017 partner=0.0013 road=0.0022
[ROMA step 5,637,931,008] sps=165,135  policy_loss=-0.0055  value_loss=0.1687  mi_loss=0.0012  mi_valid=0.74  div_loss=-0.1660  kl_loss=0.0000 (disabled)  score=0.924  return=0.818  role_std=10.1111  role_norm=51.5115  enc_delta ego=0.0010 partner=0.0013 road=0.0019
[ROMA step 5,638,717,440] sps=165,106  policy_loss=0.0079  value_loss=0.1700  mi_loss=0.0012  mi_valid=0.75  div_loss=-0.1641  kl_loss=0.0000 (disabled)  score=0.924  return=0.818  role_std=8.3568  role_norm=53.3232  enc_delta ego=0.0014 partner=0.0014 road=0.0026
[ROMA step 5,639,503,872] sps=164,961  policy_loss=-0.0007  value_loss=0.2200  mi_loss=0.0012  mi_valid=0.74  div_loss=-0.1807  kl_loss=0.0000 (disabled)  score=0.924  return=0.816  role_std=8.5361  role_norm=54.0201  enc_delta ego=0.0013 partner=0.0018 road=0.0027
[ROMA step 5,640,290,304] sps=164,933  policy_loss=-0.0076  value_loss=0.1727  mi_loss=0.0012  mi_valid=0.74  div_loss=-0.1836  kl_loss=0.0000 (disabled)  score=0.924  return=0.813  role_std=8.7710  role_norm=53.0501  enc_delta ego=0.0013 partner=0.0021 road=0.0026
[ROMA step 5,641,076,736] sps=164,906  policy_loss=0.0007  value_loss=0.2000  mi_loss=0.0012  mi_valid=0.74  div_loss=-0.1885  kl_loss=0.0000 (disabled)  score=0.923  return=0.810  role_std=9.5526  role_norm=52.0979  enc_delta ego=0.0014 partner=0.0017 road=0.0025
[ROMA step 5,641,863,168] sps=164,767  policy_loss=0.0036  value_loss=0.2309  mi_loss=0.0012  mi_valid=0.72  div_loss=-0.1855  kl_loss=0.0000 (disabled)  score=0.923  return=0.811  role_std=10.1762  role_norm=49.2596  enc_delta ego=0.0013 partner=0.0013 road=0.0023
[ROMA step 5,642,649,600] sps=164,740  policy_loss=0.0024  value_loss=0.1990  mi_loss=0.0011  mi_valid=0.75  div_loss=-0.1768  kl_loss=0.0000 (disabled)  score=0.923  return=0.810  role_std=8.1855  role_norm=52.7667  enc_delta ego=0.0009 partner=0.0015 road=0.0020
[ROMA step 5,643,436,032] sps=164,712  policy_loss=0.0014  value_loss=0.1908  mi_loss=0.0011  mi_valid=0.75  div_loss=-0.1768  kl_loss=0.0000 (disabled)  score=0.923  return=0.811  role_std=8.4655  role_norm=52.9705  enc_delta ego=0.0011 partner=0.0012 road=0.0021
[ROMA step 5,644,222,464] sps=164,685  policy_loss=-0.0008  value_loss=0.1725  mi_loss=0.0011  mi_valid=0.74  div_loss=-0.1660  kl_loss=0.0000 (disabled)  score=0.923  return=0.809  role_std=8.3268  role_norm=52.7418  enc_delta ego=0.0010 partner=0.0012 road=0.0021
[ROMA step 5,645,008,896] sps=164,547  policy_loss=-0.0012  value_loss=0.2096  mi_loss=0.0012  mi_valid=0.73  div_loss=-0.1729  kl_loss=0.0000 (disabled)  score=0.922  return=0.809  role_std=9.1570  role_norm=52.5083  enc_delta ego=0.0012 partner=0.0013 road=0.0022
[ROMA step 5,645,795,328] sps=164,520  policy_loss=-0.0013  value_loss=0.2502  mi_loss=0.0011  mi_valid=0.75  div_loss=-0.1738  kl_loss=0.0000 (disabled)  score=0.922  return=0.807  role_std=9.6302  role_norm=51.8599  enc_delta ego=0.0013 partner=0.0015 road=0.0018
[ROMA step 5,646,581,760] sps=164,493  policy_loss=-0.0005  value_loss=0.1409  mi_loss=0.0011  mi_valid=0.75  div_loss=-0.1680  kl_loss=0.0000 (disabled)  score=0.921  return=0.804  role_std=10.1093  role_norm=50.0031  enc_delta ego=0.0015 partner=0.0015 road=0.0025
[ROMA step 5,647,368,192] sps=164,352  policy_loss=-0.0004  value_loss=0.2473  mi_loss=0.0011  mi_valid=0.74  div_loss=-0.1758  kl_loss=0.0000 (disabled)  score=0.920  return=0.803  role_std=8.3191  role_norm=54.4211  enc_delta ego=0.0014 partner=0.0012 road=0.0018
[ROMA step 5,648,154,624] sps=164,325  policy_loss=-0.0002  value_loss=0.2342  mi_loss=0.0011  mi_valid=0.75  div_loss=-0.1807  kl_loss=0.0000 (disabled)  score=0.919  return=0.798  role_std=8.5789  role_norm=53.5507  enc_delta ego=0.0016 partner=0.0021 road=0.0029
[ROMA step 5,648,941,056] sps=164,298  policy_loss=-0.0022  value_loss=0.1247  mi_loss=0.0011  mi_valid=0.75  div_loss=-0.1797  kl_loss=0.0000 (disabled)  score=0.919  return=0.797  role_std=8.9846  role_norm=52.6062  enc_delta ego=0.0016 partner=0.0014 road=0.0019
[ROMA step 5,649,727,488] sps=164,271  policy_loss=0.0049  value_loss=0.2137  mi_loss=0.0011  mi_valid=0.75  div_loss=-0.1855  kl_loss=0.0000 (disabled)  score=0.918  return=0.795  role_std=9.9653  role_norm=51.8867  enc_delta ego=0.0011 partner=0.0013 road=0.0020
[ROMA step 5,650,513,920] sps=164,135  policy_loss=-0.0066  value_loss=0.1484  mi_loss=0.0013  mi_valid=0.73  div_loss=-0.1768  kl_loss=0.0000 (disabled)  score=0.918  return=0.792  role_std=10.5920  role_norm=48.6858  enc_delta ego=0.0015 partner=0.0016 road=0.0029
[ROMA step 5,651,300,352] sps=164,108  policy_loss=0.0032  value_loss=0.1428  mi_loss=0.0012  mi_valid=0.76  div_loss=-0.1689  kl_loss=0.0000 (disabled)  score=0.918  return=0.793  role_std=8.0724  role_norm=54.0558  enc_delta ego=0.0010 partner=0.0010 road=0.0019
[ROMA step 5,652,086,784] sps=164,081  policy_loss=0.0009  value_loss=0.1578  mi_loss=0.0012  mi_valid=0.75  div_loss=-0.1680  kl_loss=0.0000 (disabled)  score=0.919  return=0.794  role_std=8.5938  role_norm=53.4627  enc_delta ego=0.0011 partner=0.0012 road=0.0021
[ROMA step 5,652,873,216] sps=163,945  policy_loss=0.0025  value_loss=0.1732  mi_loss=0.0013  mi_valid=0.72  div_loss=-0.1729  kl_loss=0.0000 (disabled)  score=0.919  return=0.793  role_std=8.4339  role_norm=53.5606  enc_delta ego=0.0013 partner=0.0012 road=0.0026
[ROMA step 5,653,659,648] sps=163,918  policy_loss=-0.0031  value_loss=0.1407  mi_loss=0.0011  mi_valid=0.74  div_loss=-0.1650  kl_loss=0.0000 (disabled)  score=0.920  return=0.794  role_std=9.1997  role_norm=52.0745  enc_delta ego=0.0015 partner=0.0014 road=0.0020
[ROMA step 5,654,446,080] sps=163,887  policy_loss=0.0005  value_loss=0.1768  mi_loss=0.0011  mi_valid=0.74  div_loss=-0.1738  kl_loss=0.0000 (disabled)  score=0.920  return=0.792  role_std=9.0816  role_norm=51.1268  enc_delta ego=0.0014 partner=0.0015 road=0.0020
[ROMA step 5,655,232,512] sps=163,859  policy_loss=-0.0021  value_loss=0.1967  mi_loss=0.0011  mi_valid=0.74  div_loss=-0.1787  kl_loss=0.0000 (disabled)  score=0.921  return=0.792  role_std=9.9584  role_norm=50.3502  enc_delta ego=0.0010 partner=0.0012 road=0.0018
[ROMA step 5,656,018,944] sps=163,718  policy_loss=0.0018  value_loss=0.1873  mi_loss=0.0011  mi_valid=0.73  div_loss=-0.1816  kl_loss=0.0000 (disabled)  score=0.922  return=0.790  role_std=8.5813  role_norm=53.1122  enc_delta ego=0.0010 partner=0.0010 road=0.0020
[ROMA step 5,656,805,376] sps=163,690  policy_loss=0.0003  value_loss=0.2316  mi_loss=0.0011  mi_valid=0.74  div_loss=-0.1846  kl_loss=0.0000 (disabled)  score=0.923  return=0.792  role_std=8.6071  role_norm=53.1153  enc_delta ego=0.0014 partner=0.0013 road=0.0023
[ROMA step 5,657,591,808] sps=163,662  policy_loss=-0.0017  value_loss=0.2227  mi_loss=0.0012  mi_valid=0.74  div_loss=-0.1826  kl_loss=0.0000 (disabled)  score=0.924  return=0.793  role_std=8.9498  role_norm=52.2588  enc_delta ego=0.0012 partner=0.0012 road=0.0020
[ROMA step 5,658,378,240] sps=163,520  policy_loss=0.0042  value_loss=0.1936  mi_loss=0.0012  mi_valid=0.72  div_loss=-0.1738  kl_loss=0.0000 (disabled)  score=0.925  return=0.792  role_std=9.9287  role_norm=49.1132  enc_delta ego=0.0011 partner=0.0011 road=0.0020
[ROMA step 5,659,164,672] sps=163,493  policy_loss=0.0023  value_loss=0.2147  mi_loss=0.0011  mi_valid=0.75  div_loss=-0.1689  kl_loss=0.0000 (disabled)  score=0.925  return=0.792  role_std=9.1434  role_norm=50.0243  enc_delta ego=0.0013 partner=0.0013 road=0.0019
[ROMA step 5,659,951,104] sps=163,465  policy_loss=0.0005  value_loss=0.1361  mi_loss=0.0012  mi_valid=0.76  div_loss=-0.1660  kl_loss=0.0000 (disabled)  score=0.925  return=0.794  role_std=8.1904  role_norm=53.0593  enc_delta ego=0.0010 partner=0.0013 road=0.0015
[ROMA step 5,660,737,536] sps=163,438  policy_loss=0.0046  value_loss=0.1390  mi_loss=0.0011  mi_valid=0.74  div_loss=-0.1650  kl_loss=0.0000 (disabled)  score=0.925  return=0.797  role_std=8.6026  role_norm=52.9339  enc_delta ego=0.0009 partner=0.0013 road=0.0020
[ROMA step 5,661,523,968] sps=163,298  policy_loss=-0.0025  value_loss=0.2000  mi_loss=0.0012  mi_valid=0.73  div_loss=-0.1729  kl_loss=0.0000 (disabled)  score=0.925  return=0.797  role_std=9.1684  role_norm=52.3049  enc_delta ego=0.0011 partner=0.0013 road=0.0020
[ROMA step 5,662,310,400] sps=163,270  policy_loss=-0.0049  value_loss=0.1927  mi_loss=0.0013  mi_valid=0.74  div_loss=-0.1787  kl_loss=0.0000 (disabled)  score=0.925  return=0.797  role_std=9.4202  role_norm=51.5297  enc_delta ego=0.0013 partner=0.0014 road=0.0020
[ROMA step 5,663,096,832] sps=163,243  policy_loss=0.0011  value_loss=0.1629  mi_loss=0.0013  mi_valid=0.74  div_loss=-0.1797  kl_loss=0.0000 (disabled)  score=0.926  return=0.797  role_std=9.6493  role_norm=50.4646  enc_delta ego=0.0011 partner=0.0012 road=0.0021
[ROMA step 5,663,883,264] sps=163,215  policy_loss=-0.0004  value_loss=0.1726  mi_loss=0.0014  mi_valid=0.75  div_loss=-0.1768  kl_loss=0.0000 (disabled)  score=0.925  return=0.795  role_std=8.6560  role_norm=52.5433  enc_delta ego=0.0013 partner=0.0011 road=0.0018
[ROMA step 5,664,669,696] sps=163,064  policy_loss=0.0036  value_loss=0.2596  mi_loss=0.0012  mi_valid=0.73  div_loss=-0.1885  kl_loss=0.0000 (disabled)  score=0.926  return=0.796  role_std=9.1232  role_norm=53.2445  enc_delta ego=0.0014 partner=0.0018 road=0.0026
[ROMA step 5,665,456,128] sps=163,037  policy_loss=0.0013  value_loss=0.1893  mi_loss=0.0012  mi_valid=0.74  div_loss=-0.1807  kl_loss=0.0000 (disabled)  score=0.926  return=0.798  role_std=9.3858  role_norm=52.6355  enc_delta ego=0.0013 partner=0.0019 road=0.0027
[ROMA step 5,666,242,560] sps=163,011  policy_loss=-0.0027  value_loss=0.1178  mi_loss=0.0011  mi_valid=0.74  div_loss=-0.1777  kl_loss=0.0000 (disabled)  score=0.926  return=0.797  role_std=9.3119  role_norm=51.6598  enc_delta ego=0.0011 partner=0.0012 road=0.0015
[ROMA step 5,667,028,992] sps=162,879  policy_loss=-0.0011  value_loss=0.1908  mi_loss=0.0012  mi_valid=0.73  div_loss=-0.1797  kl_loss=0.0000 (disabled)  score=0.927  return=0.799  role_std=9.0469  role_norm=49.4495  enc_delta ego=0.0009 partner=0.0014 road=0.0019
[ROMA step 5,667,815,424] sps=162,849  policy_loss=-0.0020  value_loss=0.1939  mi_loss=0.0012  mi_valid=0.76  div_loss=-0.1807  kl_loss=0.0000 (disabled)  score=0.927  return=0.798  role_std=7.9581  role_norm=52.3056  enc_delta ego=0.0011 partner=0.0017 road=0.0022
[ROMA step 5,668,601,856] sps=162,820  policy_loss=0.0042  value_loss=0.1475  mi_loss=0.0012  mi_valid=0.76  div_loss=-0.1797  kl_loss=0.0000 (disabled)  score=0.927  return=0.800  role_std=8.3042  role_norm=52.6182  enc_delta ego=0.0009 partner=0.0013 road=0.0018
[ROMA step 5,669,388,288] sps=162,794  policy_loss=0.0021  value_loss=0.2100  mi_loss=0.0012  mi_valid=0.75  div_loss=-0.1875  kl_loss=0.0000 (disabled)  score=0.927  return=0.798  role_std=9.1180  role_norm=51.8218  enc_delta ego=0.0013 partner=0.0012 road=0.0018
[ROMA step 5,670,174,720] sps=162,622  policy_loss=-0.0013  value_loss=0.1795  mi_loss=0.0012  mi_valid=0.72  div_loss=-0.1924  kl_loss=0.0000 (disabled)  score=0.927  return=0.799  role_std=10.5171  role_norm=51.0533  enc_delta ego=0.0014 partner=0.0014 road=0.0022
[ROMA step 5,670,961,152] sps=162,596  policy_loss=0.0022  value_loss=0.2108  mi_loss=0.0012  mi_valid=0.74  div_loss=-0.1895  kl_loss=0.0000 (disabled)  score=0.928  return=0.799  role_std=9.8835  role_norm=50.0032  enc_delta ego=0.0017 partner=0.0014 road=0.0022
[ROMA step 5,671,747,584] sps=162,567  policy_loss=-0.0030  value_loss=0.1989  mi_loss=0.0012  mi_valid=0.74  div_loss=-0.1885  kl_loss=0.0000 (disabled)  score=0.928  return=0.799  role_std=10.6447  role_norm=49.5881  enc_delta ego=0.0014 partner=0.0012 road=0.0022
[ROMA step 5,672,534,016] sps=162,426  policy_loss=0.0033  value_loss=0.1982  mi_loss=0.0012  mi_valid=0.74  div_loss=-0.1816  kl_loss=0.0000 (disabled)  score=0.928  return=0.800  role_std=7.7216  role_norm=53.9178  enc_delta ego=0.0009 partner=0.0016 road=0.0022
[ROMA step 5,673,320,448] sps=162,400  policy_loss=0.0006  value_loss=0.1930  mi_loss=0.0012  mi_valid=0.75  div_loss=-0.1846  kl_loss=0.0000 (disabled)  score=0.929  return=0.800  role_std=8.1274  role_norm=53.0001  enc_delta ego=0.0010 partner=0.0015 road=0.0021
[ROMA step 5,674,106,880] sps=162,372  policy_loss=-0.0060  value_loss=0.2061  mi_loss=0.0012  mi_valid=0.75  div_loss=-0.1875  kl_loss=0.0000 (disabled)  score=0.929  return=0.799  role_std=9.4129  role_norm=52.3757  enc_delta ego=0.0011 partner=0.0017 road=0.0022
[ROMA step 5,674,893,312] sps=162,340  policy_loss=0.0063  value_loss=0.1835  mi_loss=0.0012  mi_valid=0.75  div_loss=-0.1885  kl_loss=0.0000 (disabled)  score=0.928  return=0.800  role_std=10.2217  role_norm=51.5907  enc_delta ego=0.0008 partner=0.0014 road=0.0019
[ROMA step 5,675,679,744] sps=162,205  policy_loss=-0.0003  value_loss=0.2370  mi_loss=0.0013  mi_valid=0.73  div_loss=-0.1914  kl_loss=0.0000 (disabled)  score=0.928  return=0.799  role_std=10.5252  role_norm=48.6865  enc_delta ego=0.0012 partner=0.0015 road=0.0021
[ROMA step 5,676,466,176] sps=162,179  policy_loss=0.0039  value_loss=0.1603  mi_loss=0.0013  mi_valid=0.76  div_loss=-0.1875  kl_loss=0.0000 (disabled)  score=0.928  return=0.798  role_std=8.6860  role_norm=52.3978  enc_delta ego=0.0013 partner=0.0012 road=0.0019
[ROMA step 5,677,252,608] sps=162,153  policy_loss=0.0025  value_loss=0.1672  mi_loss=0.0013  mi_valid=0.76  div_loss=-0.1885  kl_loss=0.0000 (disabled)  score=0.927  return=0.796  role_std=8.4974  role_norm=52.5285  enc_delta ego=0.0011 partner=0.0014 road=0.0019
[ROMA step 5,678,039,040] sps=162,011  policy_loss=0.0019  value_loss=0.1943  mi_loss=0.0012  mi_valid=0.74  div_loss=-0.1904  kl_loss=0.0000 (disabled)  score=0.926  return=0.794  role_std=8.8737  role_norm=52.5155  enc_delta ego=0.0012 partner=0.0013 road=0.0021
[ROMA step 5,678,825,472] sps=161,986  policy_loss=-0.0079  value_loss=0.1362  mi_loss=0.0012  mi_valid=0.74  div_loss=-0.1807  kl_loss=0.0000 (disabled)  score=0.925  return=0.791  role_std=9.5916  role_norm=51.3802  enc_delta ego=0.0010 partner=0.0015 road=0.0020
[ROMA step 5,679,611,904] sps=161,959  policy_loss=-0.0027  value_loss=0.1751  mi_loss=0.0012  mi_valid=0.74  div_loss=-0.1807  kl_loss=0.0000 (disabled)  score=0.926  return=0.793  role_std=9.8239  role_norm=50.5992  enc_delta ego=0.0012 partner=0.0011 road=0.0023
[ROMA step 5,680,398,336] sps=161,933  policy_loss=-0.0037  value_loss=0.1420  mi_loss=0.0012  mi_valid=0.75  div_loss=-0.1758  kl_loss=0.0000 (disabled)  score=0.925  return=0.790  role_std=10.4737  role_norm=49.5737  enc_delta ego=0.0009 partner=0.0012 road=0.0019
[ROMA step 5,681,184,768] sps=161,799  policy_loss=0.0066  value_loss=0.1254  mi_loss=0.0012  mi_valid=0.74  div_loss=-0.1699  kl_loss=0.0000 (disabled)  score=0.925  return=0.791  role_std=8.0021  role_norm=53.1833  enc_delta ego=0.0020 partner=0.0014 road=0.0020
[ROMA step 5,681,971,200] sps=161,773  policy_loss=0.0022  value_loss=0.1505  mi_loss=0.0012  mi_valid=0.75  div_loss=-0.1641  kl_loss=0.0000 (disabled)  score=0.925  return=0.792  role_std=8.2921  role_norm=53.1658  enc_delta ego=0.0017 partner=0.0011 road=0.0015
[ROMA step 5,682,757,632] sps=161,747  policy_loss=0.0010  value_loss=0.2152  mi_loss=0.0012  mi_valid=0.74  div_loss=-0.1631  kl_loss=0.0000 (disabled)  score=0.925  return=0.795  role_std=8.8505  role_norm=52.6613  enc_delta ego=0.0016 partner=0.0012 road=0.0021
[ROMA step 5,683,544,064] sps=161,594  policy_loss=0.0032  value_loss=0.1792  mi_loss=0.0013  mi_valid=0.72  div_loss=-0.1650  kl_loss=0.0000 (disabled)  score=0.924  return=0.794  role_std=8.8439  role_norm=50.0748  enc_delta ego=0.0014 partner=0.0013 road=0.0021
[ROMA step 5,684,330,496] sps=161,568  policy_loss=0.0006  value_loss=0.1101  mi_loss=0.0013  mi_valid=0.74  div_loss=-0.1533  kl_loss=0.0000 (disabled)  score=0.924  return=0.794  role_std=9.4003  role_norm=50.6108  enc_delta ego=0.0013 partner=0.0012 road=0.0018
[ROMA step 5,685,116,928] sps=161,539  policy_loss=0.0003  value_loss=0.1577  mi_loss=0.0014  mi_valid=0.75  div_loss=-0.1572  kl_loss=0.0000 (disabled)  score=0.924  return=0.794  role_std=7.8819  role_norm=53.8105  enc_delta ego=0.0010 partner=0.0012 road=0.0021
[ROMA step 5,685,903,360] sps=161,513  policy_loss=0.0012  value_loss=0.1966  mi_loss=0.0014  mi_valid=0.74  div_loss=-0.1602  kl_loss=0.0000 (disabled)  score=0.924  return=0.791  role_std=7.9040  role_norm=53.5186  enc_delta ego=0.0012 partner=0.0012 road=0.0021
[ROMA step 5,686,689,792] sps=161,367  policy_loss=-0.0007  value_loss=0.2045  mi_loss=0.0013  mi_valid=0.73  div_loss=-0.1631  kl_loss=0.0000 (disabled)  score=0.924  return=0.791  role_std=7.7637  role_norm=53.3646  enc_delta ego=0.0009 partner=0.0012 road=0.0021
[ROMA step 5,687,476,224] sps=161,341  policy_loss=-0.0004  value_loss=0.1532  mi_loss=0.0014  mi_valid=0.74  div_loss=-0.1650  kl_loss=0.0000 (disabled)  score=0.924  return=0.790  role_std=8.5419  role_norm=51.8374  enc_delta ego=0.0009 partner=0.0010 road=0.0019
[ROMA step 5,688,262,656] sps=161,315  policy_loss=-0.0019  value_loss=0.1296  mi_loss=0.0014  mi_valid=0.75  div_loss=-0.1631  kl_loss=0.0000 (disabled)  score=0.924  return=0.791  role_std=9.0953  role_norm=51.0082  enc_delta ego=0.0010 partner=0.0012 road=0.0016
[ROMA step 5,689,049,088] sps=161,288  policy_loss=0.0072  value_loss=0.1517  mi_loss=0.0013  mi_valid=0.75  div_loss=-0.1641  kl_loss=0.0000 (disabled)  score=0.923  return=0.791  role_std=9.5078  role_norm=50.4747  enc_delta ego=0.0009 partner=0.0012 road=0.0014
[ROMA step 5,689,835,520] sps=161,155  policy_loss=0.0025  value_loss=0.2623  mi_loss=0.0012  mi_valid=0.75  div_loss=-0.1865  kl_loss=0.0000 (disabled)  score=0.923  return=0.789  role_std=8.6995  role_norm=53.2213  enc_delta ego=0.0009 partner=0.0014 road=0.0021
[ROMA step 5,690,621,952] sps=161,127  policy_loss=-0.0027  value_loss=0.1996  mi_loss=0.0013  mi_valid=0.76  div_loss=-0.1787  kl_loss=0.0000 (disabled)  score=0.922  return=0.787  role_std=8.2235  role_norm=52.6814  enc_delta ego=0.0012 partner=0.0012 road=0.0021
[ROMA step 5,691,408,384] sps=161,100  policy_loss=0.0003  value_loss=0.1804  mi_loss=0.0013  mi_valid=0.76  div_loss=-0.1807  kl_loss=0.0000 (disabled)  score=0.921  return=0.786  role_std=9.1959  role_norm=51.6665  enc_delta ego=0.0008 partner=0.0010 road=0.0015
[ROMA step 5,692,194,816] sps=160,963  policy_loss=0.0039  value_loss=0.2568  mi_loss=0.0014  mi_valid=0.73  div_loss=-0.1836  kl_loss=0.0000 (disabled)  score=0.920  return=0.783  role_std=9.8390  role_norm=50.4141  enc_delta ego=0.0010 partner=0.0013 road=0.0016
[ROMA step 5,692,981,248] sps=160,938  policy_loss=0.0035  value_loss=0.1892  mi_loss=0.0012  mi_valid=0.75  div_loss=-0.1689  kl_loss=0.0000 (disabled)  score=0.920  return=0.782  role_std=9.1986  role_norm=50.5747  enc_delta ego=0.0010 partner=0.0015 road=0.0016
[ROMA step 5,693,767,680] sps=160,913  policy_loss=0.0018  value_loss=0.1646  mi_loss=0.0013  mi_valid=0.76  div_loss=-0.1729  kl_loss=0.0000 (disabled)  score=0.920  return=0.782  role_std=8.0685  role_norm=53.3614  enc_delta ego=0.0011 partner=0.0013 road=0.0016
[ROMA step 5,694,554,112] sps=160,884  policy_loss=0.0026  value_loss=0.2181  mi_loss=0.0012  mi_valid=0.75  div_loss=-0.1777  kl_loss=0.0000 (disabled)  score=0.920  return=0.783  role_std=8.8297  role_norm=53.4002  enc_delta ego=0.0012 partner=0.0013 road=0.0018
[ROMA step 5,695,340,544] sps=160,731  policy_loss=0.0016  value_loss=0.1593  mi_loss=0.0013  mi_valid=0.73  div_loss=-0.1699  kl_loss=0.0000 (disabled)  score=0.919  return=0.782  role_std=9.1097  role_norm=52.4918  enc_delta ego=0.0010 partner=0.0013 road=0.0018
[ROMA step 5,696,126,976] sps=160,706  policy_loss=0.0011  value_loss=0.1650  mi_loss=0.0012  mi_valid=0.75  div_loss=-0.1650  kl_loss=0.0000 (disabled)  score=0.920  return=0.784  role_std=9.0694  role_norm=51.6193  enc_delta ego=0.0012 partner=0.0014 road=0.0019
[ROMA step 5,696,913,408] sps=160,681  policy_loss=0.0023  value_loss=0.0930  mi_loss=0.0013  mi_valid=0.75  div_loss=-0.1631  kl_loss=0.0000 (disabled)  score=0.920  return=0.786  role_std=9.1406  role_norm=50.6886  enc_delta ego=0.0012 partner=0.0010 road=0.0016
[ROMA step 5,697,699,840] sps=160,531  policy_loss=-0.0030  value_loss=0.1461  mi_loss=0.0013  mi_valid=0.74  div_loss=-0.1670  kl_loss=0.0000 (disabled)  score=0.920  return=0.788  role_std=8.1774  role_norm=53.7981  enc_delta ego=0.0012 partner=0.0012 road=0.0021
[ROMA step 5,698,486,272] sps=160,506  policy_loss=0.0016  value_loss=0.1974  mi_loss=0.0012  mi_valid=0.75  div_loss=-0.1689  kl_loss=0.0000 (disabled)  score=0.920  return=0.787  role_std=8.3407  role_norm=53.1511  enc_delta ego=0.0011 partner=0.0016 road=0.0023
[ROMA step 5,699,272,704] sps=160,476  policy_loss=0.0026  value_loss=0.1900  mi_loss=0.0014  mi_valid=0.74  div_loss=-0.1611  kl_loss=0.0000 (disabled)  score=0.920  return=0.787  role_std=8.0385  role_norm=53.1217  enc_delta ego=0.0011 partner=0.0012 road=0.0020
[ROMA step 5,700,059,136] sps=160,449  policy_loss=-0.0003  value_loss=0.1752  mi_loss=0.0013  mi_valid=0.75  div_loss=-0.1621  kl_loss=0.0000 (disabled)  score=0.920  return=0.788  role_std=8.8571  role_norm=52.1995  enc_delta ego=0.0011 partner=0.0011 road=0.0014
[ROMA step 5,700,845,568] sps=160,319  policy_loss=-0.0051  value_loss=0.1683  mi_loss=0.0012  mi_valid=0.73  div_loss=-0.1641  kl_loss=0.0000 (disabled)  score=0.920  return=0.788  role_std=9.1827  role_norm=50.8546  enc_delta ego=0.0009 partner=0.0011 road=0.0020
[ROMA step 5,701,632,000] sps=160,294  policy_loss=-0.0025  value_loss=0.0830  mi_loss=0.0012  mi_valid=0.76  div_loss=-0.1562  kl_loss=0.0000 (disabled)  score=0.921  return=0.789  role_std=7.5969  role_norm=53.2359  enc_delta ego=0.0010 partner=0.0012 road=0.0018
[ROMA step 5,702,418,432] sps=160,268  policy_loss=-0.0056  value_loss=0.1023  mi_loss=0.0012  mi_valid=0.76  div_loss=-0.1621  kl_loss=0.0000 (disabled)  score=0.922  return=0.790  role_std=7.8562  role_norm=53.3447  enc_delta ego=0.0011 partner=0.0011 road=0.0019
[ROMA step 5,703,204,864] sps=160,148  policy_loss=0.0026  value_loss=0.2351  mi_loss=0.0012  mi_valid=0.73  div_loss=-0.1729  kl_loss=0.0000 (disabled)  score=0.923  return=0.792  role_std=8.1274  role_norm=53.7430  enc_delta ego=0.0009 partner=0.0012 road=0.0016
[ROMA step 5,703,991,296] sps=160,122  policy_loss=0.0007  value_loss=0.1782  mi_loss=0.0012  mi_valid=0.74  div_loss=-0.1699  kl_loss=0.0000 (disabled)  score=0.924  return=0.794  role_std=8.9035  role_norm=52.3618  enc_delta ego=0.0015 partner=0.0015 road=0.0019
[ROMA step 5,704,777,728] sps=160,096  policy_loss=0.0015  value_loss=0.3048  mi_loss=0.0013  mi_valid=0.74  div_loss=-0.1826  kl_loss=0.0000 (disabled)  score=0.925  return=0.795  role_std=9.4329  role_norm=50.9466  enc_delta ego=0.0012 partner=0.0016 road=0.0018
[ROMA step 5,705,564,160] sps=160,068  policy_loss=-0.0002  value_loss=0.2611  mi_loss=0.0012  mi_valid=0.74  div_loss=-0.1816  kl_loss=0.0000 (disabled)  score=0.925  return=0.793  role_std=10.1219  role_norm=50.3618  enc_delta ego=0.0010 partner=0.0016 road=0.0017
[ROMA step 5,706,350,592] sps=159,709  policy_loss=0.0006  value_loss=0.2063  mi_loss=0.0013  mi_valid=0.73  div_loss=-0.1875  kl_loss=0.0000 (disabled)  score=0.926  return=0.794  role_std=8.4393  role_norm=53.6571  enc_delta ego=0.0011 partner=0.0015 road=0.0021
[ROMA step 5,707,137,024] sps=159,682  policy_loss=-0.0007  value_loss=0.1893  mi_loss=0.0012  mi_valid=0.74  div_loss=-0.1826  kl_loss=0.0000 (disabled)  score=0.925  return=0.792  role_std=8.7981  role_norm=53.6540  enc_delta ego=0.0011 partner=0.0011 road=0.0014
[ROMA step 5,707,923,456] sps=159,656  policy_loss=0.0000  value_loss=0.1900  mi_loss=0.0012  mi_valid=0.74  div_loss=-0.1807  kl_loss=0.0000 (disabled)  score=0.926  return=0.792  role_std=9.6000  role_norm=52.5161  enc_delta ego=0.0018 partner=0.0016 road=0.0021
[ROMA step 5,708,709,888] sps=159,286  policy_loss=-0.0000  value_loss=0.1575  mi_loss=0.0012  mi_valid=0.72  div_loss=-0.1807  kl_loss=0.0000 (disabled)  score=0.926  return=0.791  role_std=10.6275  role_norm=49.9136  enc_delta ego=0.0009 partner=0.0011 road=0.0016
[ROMA step 5,709,496,320] sps=159,260  policy_loss=0.0000  value_loss=0.1819  mi_loss=0.0013  mi_valid=0.75  div_loss=-0.1758  kl_loss=0.0000 (disabled)  score=0.925  return=0.790  role_std=11.0236  role_norm=49.9746  enc_delta ego=0.0010 partner=0.0012 road=0.0019
[ROMA step 5,710,282,752] sps=159,234  policy_loss=0.0078  value_loss=0.2458  mi_loss=0.0014  mi_valid=0.76  div_loss=-0.1738  kl_loss=0.0000 (disabled)  score=0.924  return=0.788  role_std=8.3904  role_norm=54.0575  enc_delta ego=0.0012 partner=0.0016 road=0.0026
[ROMA step 5,711,069,184] sps=159,209  policy_loss=0.0011  value_loss=0.2204  mi_loss=0.0014  mi_valid=0.76  div_loss=-0.1748  kl_loss=0.0000 (disabled)  score=0.923  return=0.785  role_std=8.2205  role_norm=53.7201  enc_delta ego=0.0017 partner=0.0013 road=0.0023
[ROMA step 5,711,855,616] sps=158,918  policy_loss=0.0010  value_loss=0.1721  mi_loss=0.0013  mi_valid=0.73  div_loss=-0.1816  kl_loss=0.0000 (disabled)  score=0.921  return=0.782  role_std=8.5348  role_norm=53.0224  enc_delta ego=0.0012 partner=0.0014 road=0.0024
[ROMA step 5,712,642,048] sps=158,893  policy_loss=-0.0011  value_loss=0.1677  mi_loss=0.0012  mi_valid=0.75  div_loss=-0.1768  kl_loss=0.0000 (disabled)  score=0.921  return=0.782  role_std=9.4478  role_norm=51.4503  enc_delta ego=0.0011 partner=0.0011 road=0.0016
[ROMA step 5,713,428,480] sps=158,866  policy_loss=-0.0077  value_loss=0.1695  mi_loss=0.0012  mi_valid=0.75  div_loss=-0.1768  kl_loss=0.0000 (disabled)  score=0.920  return=0.781  role_std=10.2907  role_norm=50.2760  enc_delta ego=0.0008 partner=0.0011 road=0.0018
[ROMA step 5,714,214,912] sps=158,842  policy_loss=-0.0079  value_loss=0.1633  mi_loss=0.0012  mi_valid=0.76  div_loss=-0.1826  kl_loss=0.0000 (disabled)  score=0.919  return=0.781  role_std=10.0018  role_norm=49.3716  enc_delta ego=0.0010 partner=0.0014 road=0.0022
[ROMA step 5,715,001,344] sps=158,541  policy_loss=0.0003  value_loss=0.1281  mi_loss=0.0012  mi_valid=0.75  div_loss=-0.1768  kl_loss=0.0000 (disabled)  score=0.919  return=0.782  role_std=8.4433  role_norm=53.6188  enc_delta ego=0.0013 partner=0.0016 road=0.0024
[ROMA step 5,715,787,776] sps=158,514  policy_loss=-0.0082  value_loss=0.1381  mi_loss=0.0013  mi_valid=0.75  div_loss=-0.1748  kl_loss=0.0000 (disabled)  score=0.918  return=0.781  role_std=9.0173  role_norm=53.3853  enc_delta ego=0.0015 partner=0.0015 road=0.0018
[ROMA step 5,716,574,208] sps=158,489  policy_loss=-0.0055  value_loss=0.1892  mi_loss=0.0013  mi_valid=0.74  div_loss=-0.1748  kl_loss=0.0000 (disabled)  score=0.918  return=0.784  role_std=8.7150  role_norm=52.8335  enc_delta ego=0.0010 partner=0.0013 road=0.0018
[ROMA step 5,717,360,640] sps=158,301  policy_loss=0.0033  value_loss=0.1332  mi_loss=0.0013  mi_valid=0.73  div_loss=-0.1680  kl_loss=0.0000 (disabled)  score=0.919  return=0.786  role_std=9.3824  role_norm=50.9563  enc_delta ego=0.0011 partner=0.0012 road=0.0017
[ROMA step 5,718,147,072] sps=158,275  policy_loss=-0.0014  value_loss=0.1096  mi_loss=0.0012  mi_valid=0.75  div_loss=-0.1572  kl_loss=0.0000 (disabled)  score=0.920  return=0.790  role_std=9.6790  role_norm=50.9492  enc_delta ego=0.0008 partner=0.0009 road=0.0011
[ROMA step 5,718,933,504] sps=158,252  policy_loss=-0.0018  value_loss=0.1399  mi_loss=0.0013  mi_valid=0.75  div_loss=-0.1621  kl_loss=0.0000 (disabled)  score=0.920  return=0.794  role_std=7.3212  role_norm=54.2665  enc_delta ego=0.0010 partner=0.0010 road=0.0014
[ROMA step 5,719,719,936] sps=158,229  policy_loss=-0.0079  value_loss=0.1144  mi_loss=0.0012  mi_valid=0.74  div_loss=-0.1602  kl_loss=0.0000 (disabled)  score=0.921  return=0.796  role_std=8.0347  role_norm=53.5814  enc_delta ego=0.0009 partner=0.0010 road=0.0014
[ROMA step 5,720,506,368] sps=157,926  policy_loss=-0.0001  value_loss=0.1732  mi_loss=0.0013  mi_valid=0.72  div_loss=-0.1689  kl_loss=0.0000 (disabled)  score=0.921  return=0.795  role_std=8.6615  role_norm=52.5907  enc_delta ego=0.0012 partner=0.0013 road=0.0016
[ROMA step 5,721,292,800] sps=157,902  policy_loss=-0.0011  value_loss=0.1377  mi_loss=0.0013  mi_valid=0.74  div_loss=-0.1670  kl_loss=0.0000 (disabled)  score=0.922  return=0.798  role_std=8.6625  role_norm=51.9477  enc_delta ego=0.0012 partner=0.0010 road=0.0014
[ROMA step 5,722,079,232] sps=157,877  policy_loss=0.0042  value_loss=0.1886  mi_loss=0.0013  mi_valid=0.74  div_loss=-0.1660  kl_loss=0.0000 (disabled)  score=0.922  return=0.798  role_std=9.3462  role_norm=50.9663  enc_delta ego=0.0012 partner=0.0011 road=0.0018
[ROMA step 5,722,865,664] sps=157,672  policy_loss=0.0006  value_loss=0.1043  mi_loss=0.0013  mi_valid=0.73  div_loss=-0.1650  kl_loss=0.0000 (disabled)  score=0.922  return=0.799  role_std=7.6184  role_norm=55.1171  enc_delta ego=0.0009 partner=0.0010 road=0.0017
[ROMA step 5,723,652,096] sps=157,648  policy_loss=-0.0011  value_loss=0.2169  mi_loss=0.0013  mi_valid=0.74  div_loss=-0.1738  kl_loss=0.0000 (disabled)  score=0.923  return=0.799  role_std=8.5171  role_norm=54.6782  enc_delta ego=0.0009 partner=0.0014 road=0.0018
[ROMA step 5,724,438,528] sps=157,624  policy_loss=-0.0010  value_loss=0.2356  mi_loss=0.0012  mi_valid=0.74  div_loss=-0.1787  kl_loss=0.0000 (disabled)  score=0.923  return=0.800  role_std=8.6842  role_norm=54.4422  enc_delta ego=0.0010 partner=0.0013 road=0.0015
[ROMA step 5,725,224,960] sps=157,600  policy_loss=-0.0008  value_loss=0.1650  mi_loss=0.0013  mi_valid=0.74  div_loss=-0.1670  kl_loss=0.0000 (disabled)  score=0.924  return=0.801  role_std=9.3241  role_norm=52.8610  enc_delta ego=0.0009 partner=0.0010 road=0.0016
[ROMA step 5,726,011,392] sps=157,490  policy_loss=0.0036  value_loss=0.1466  mi_loss=0.0012  mi_valid=0.72  div_loss=-0.1582  kl_loss=0.0000 (disabled)  score=0.924  return=0.803  role_std=8.9106  role_norm=51.3282  enc_delta ego=0.0012 partner=0.0013 road=0.0016
[ROMA step 5,726,797,824] sps=157,467  policy_loss=0.0013  value_loss=0.1051  mi_loss=0.0012  mi_valid=0.75  div_loss=-0.1533  kl_loss=0.0000 (disabled)  score=0.924  return=0.805  role_std=7.2408  role_norm=54.3623  enc_delta ego=0.0009 partner=0.0011 road=0.0013
[ROMA step 5,727,584,256] sps=157,441  policy_loss=0.0024  value_loss=0.1513  mi_loss=0.0012  mi_valid=0.75  div_loss=-0.1553  kl_loss=0.0000 (disabled)  score=0.924  return=0.807  role_std=7.3869  role_norm=54.3638  enc_delta ego=0.0010 partner=0.0010 road=0.0016
[ROMA step 5,728,370,688] sps=157,335  policy_loss=-0.0028  value_loss=0.1357  mi_loss=0.0012  mi_valid=0.73  div_loss=-0.1592  kl_loss=0.0000 (disabled)  score=0.924  return=0.808  role_std=8.0549  role_norm=54.8319  enc_delta ego=0.0006 partner=0.0008 road=0.0012
[ROMA step 5,729,157,120] sps=157,312  policy_loss=0.0001  value_loss=0.1461  mi_loss=0.0012  mi_valid=0.74  div_loss=-0.1621  kl_loss=0.0000 (disabled)  score=0.923  return=0.809  role_std=8.7089  role_norm=53.4817  enc_delta ego=0.0009 partner=0.0011 road=0.0018
[ROMA step 5,729,943,552] sps=157,289  policy_loss=0.0027  value_loss=0.0924  mi_loss=0.0012  mi_valid=0.74  div_loss=-0.1631  kl_loss=0.0000 (disabled)  score=0.923  return=0.813  role_std=8.7584  role_norm=52.3612  enc_delta ego=0.0006 partner=0.0008 road=0.0012
[ROMA step 5,730,729,984] sps=157,266  policy_loss=-0.0039  value_loss=0.0979  mi_loss=0.0012  mi_valid=0.74  div_loss=-0.1680  kl_loss=0.0000 (disabled)  score=0.923  return=0.817  role_std=9.4438  role_norm=51.7308  enc_delta ego=0.0008 partner=0.0012 road=0.0016
[ROMA step 5,731,516,416] sps=157,161  policy_loss=0.0022  value_loss=0.1530  mi_loss=0.0014  mi_valid=0.73  div_loss=-0.1670  kl_loss=0.0000 (disabled)  score=0.923  return=0.819  role_std=7.3216  role_norm=54.6570  enc_delta ego=0.0008 partner=0.0010 road=0.0012
[ROMA step 5,732,302,848] sps=157,138  policy_loss=0.0005  value_loss=0.1037  mi_loss=0.0013  mi_valid=0.75  div_loss=-0.1641  kl_loss=0.0000 (disabled)  score=0.923  return=0.822  role_std=8.2827  role_norm=53.5033  enc_delta ego=0.0012 partner=0.0015 road=0.0015
[ROMA step 5,733,089,280] sps=157,114  policy_loss=0.0000  value_loss=0.1528  mi_loss=0.0014  mi_valid=0.75  div_loss=-0.1650  kl_loss=0.0000 (disabled)  score=0.923  return=0.822  role_std=8.1728  role_norm=52.9373  enc_delta ego=0.0010 partner=0.0010 road=0.0012
[ROMA step 5,733,875,712] sps=157,009  policy_loss=0.0001  value_loss=0.1672  mi_loss=0.0013  mi_valid=0.73  div_loss=-0.1660  kl_loss=0.0000 (disabled)  score=0.923  return=0.824  role_std=8.8004  role_norm=49.7211  enc_delta ego=0.0008 partner=0.0011 road=0.0011
[ROMA step 5,734,662,144] sps=156,983  policy_loss=0.0058  value_loss=0.1785  mi_loss=0.0013  mi_valid=0.75  div_loss=-0.1719  kl_loss=0.0000 (disabled)  score=0.924  return=0.825  role_std=9.1375  role_norm=49.8687  enc_delta ego=0.0013 partner=0.0014 road=0.0021
[ROMA step 5,735,448,576] sps=156,957  policy_loss=-0.0024  value_loss=0.1373  mi_loss=0.0013  mi_valid=0.76  div_loss=-0.1787  kl_loss=0.0000 (disabled)  score=0.924  return=0.825  role_std=7.6356  role_norm=53.8068  enc_delta ego=0.0008 partner=0.0013 road=0.0017
[ROMA step 5,736,235,008] sps=156,933  policy_loss=-0.0085  value_loss=0.1065  mi_loss=0.0014  mi_valid=0.76  div_loss=-0.1699  kl_loss=0.0000 (disabled)  score=0.925  return=0.828  role_std=8.0901  role_norm=53.6626  enc_delta ego=0.0011 partner=0.0012 road=0.0018
[ROMA step 5,737,021,440] sps=156,823  policy_loss=0.0027  value_loss=0.3207  mi_loss=0.0013  mi_valid=0.73  div_loss=-0.1836  kl_loss=0.0000 (disabled)  score=0.925  return=0.829  role_std=8.9198  role_norm=53.4183  enc_delta ego=0.0012 partner=0.0014 road=0.0017
[ROMA step 5,737,807,872] sps=156,800  policy_loss=0.0034  value_loss=0.1659  mi_loss=0.0013  mi_valid=0.75  div_loss=-0.1816  kl_loss=0.0000 (disabled)  score=0.926  return=0.830  role_std=9.2669  role_norm=51.6881  enc_delta ego=0.0009 partner=0.0014 road=0.0020
[ROMA step 5,738,594,304] sps=156,771  policy_loss=0.0060  value_loss=0.1713  mi_loss=0.0013  mi_valid=0.75  div_loss=-0.1826  kl_loss=0.0000 (disabled)  score=0.926  return=0.831  role_std=10.3243  role_norm=50.1368  enc_delta ego=0.0010 partner=0.0012 road=0.0018
[ROMA step 5,739,380,736] sps=156,748  policy_loss=0.0015  value_loss=0.1449  mi_loss=0.0013  mi_valid=0.75  div_loss=-0.1768  kl_loss=0.0000 (disabled)  score=0.927  return=0.832  role_std=10.3564  role_norm=49.1628  enc_delta ego=0.0008 partner=0.0011 road=0.0015
[ROMA step 5,740,167,168] sps=156,597  policy_loss=0.0001  value_loss=0.2734  mi_loss=0.0013  mi_valid=0.75  div_loss=-0.1895  kl_loss=0.0000 (disabled)  score=0.927  return=0.831  role_std=8.2972  role_norm=53.8418  enc_delta ego=0.0013 partner=0.0012 road=0.0018
[ROMA step 5,740,953,600] sps=156,574  policy_loss=-0.0037  value_loss=0.1965  mi_loss=0.0013  mi_valid=0.75  div_loss=-0.1846  kl_loss=0.0000 (disabled)  score=0.927  return=0.830  role_std=8.8878  role_norm=53.0333  enc_delta ego=0.0011 partner=0.0015 road=0.0020
[ROMA step 5,741,740,032] sps=156,550  policy_loss=-0.0064  value_loss=0.1588  mi_loss=0.0013  mi_valid=0.75  div_loss=-0.1826  kl_loss=0.0000 (disabled)  score=0.928  return=0.832  role_std=9.4811  role_norm=52.1745  enc_delta ego=0.0008 partner=0.0013 road=0.0017
[ROMA step 5,742,526,464] sps=156,446  policy_loss=0.0029  value_loss=0.1660  mi_loss=0.0014  mi_valid=0.72  div_loss=-0.1826  kl_loss=0.0000 (disabled)  score=0.928  return=0.831  role_std=10.7249  role_norm=50.9989  enc_delta ego=0.0009 partner=0.0013 road=0.0015
[ROMA step 5,743,312,896] sps=156,422  policy_loss=-0.0010  value_loss=0.1938  mi_loss=0.0013  mi_valid=0.74  div_loss=-0.1846  kl_loss=0.0000 (disabled)  score=0.927  return=0.829  role_std=11.0395  role_norm=49.7115  enc_delta ego=0.0011 partner=0.0015 road=0.0016
[ROMA step 5,744,099,328] sps=156,400  policy_loss=-0.0049  value_loss=0.1653  mi_loss=0.0014  mi_valid=0.76  div_loss=-0.1836  kl_loss=0.0000 (disabled)  score=0.927  return=0.827  role_std=8.2044  role_norm=54.1338  enc_delta ego=0.0010 partner=0.0013 road=0.0021
[ROMA step 5,744,885,760] sps=156,377  policy_loss=0.0013  value_loss=0.1757  mi_loss=0.0013  mi_valid=0.75  div_loss=-0.1797  kl_loss=0.0000 (disabled)  score=0.927  return=0.827  role_std=9.0196  role_norm=53.8977  enc_delta ego=0.0009 partner=0.0011 road=0.0016
[ROMA step 5,745,672,192] sps=156,250  policy_loss=-0.0033  value_loss=0.1793  mi_loss=0.0013  mi_valid=0.73  div_loss=-0.1758  kl_loss=0.0000 (disabled)  score=0.925  return=0.823  role_std=9.0057  role_norm=53.1193  enc_delta ego=0.0011 partner=0.0015 road=0.0020
[ROMA step 5,746,458,624] sps=156,226  policy_loss=-0.0070  value_loss=0.1371  mi_loss=0.0014  mi_valid=0.75  div_loss=-0.1641  kl_loss=0.0000 (disabled)  score=0.924  return=0.821  role_std=8.7329  role_norm=51.8966  enc_delta ego=0.0010 partner=0.0011 road=0.0023
[ROMA step 5,747,245,056] sps=156,202  policy_loss=-0.0025  value_loss=0.1782  mi_loss=0.0014  mi_valid=0.75  div_loss=-0.1650  kl_loss=0.0000 (disabled)  score=0.924  return=0.818  role_std=9.6234  role_norm=51.0833  enc_delta ego=0.0013 partner=0.0011 road=0.0018
[ROMA step 5,748,031,488] sps=156,069  policy_loss=-0.0013  value_loss=0.1367  mi_loss=0.0013  mi_valid=0.74  div_loss=-0.1582  kl_loss=0.0000 (disabled)  score=0.923  return=0.817  role_std=7.7589  role_norm=54.8468  enc_delta ego=0.0009 partner=0.0010 road=0.0014
[ROMA step 5,748,817,920] sps=156,045  policy_loss=0.0003  value_loss=0.1397  mi_loss=0.0015  mi_valid=0.74  div_loss=-0.1562  kl_loss=0.0000 (disabled)  score=0.923  return=0.819  role_std=7.5761  role_norm=54.8193  enc_delta ego=0.0010 partner=0.0012 road=0.0021
[ROMA step 5,749,604,352] sps=156,022  policy_loss=0.0025  value_loss=0.1441  mi_loss=0.0014  mi_valid=0.74  div_loss=-0.1562  kl_loss=0.0000 (disabled)  score=0.922  return=0.817  role_std=8.1287  role_norm=54.1287  enc_delta ego=0.0011 partner=0.0011 road=0.0017
[ROMA step 5,750,390,784] sps=155,999  policy_loss=-0.0032  value_loss=0.1128  mi_loss=0.0014  mi_valid=0.74  div_loss=-0.1582  kl_loss=0.0000 (disabled)  score=0.921  return=0.817  role_std=8.1907  role_norm=53.6090  enc_delta ego=0.0008 partner=0.0009 road=0.0015
[ROMA step 5,751,177,216] sps=155,886  policy_loss=0.0009  value_loss=0.1400  mi_loss=0.0013  mi_valid=0.72  div_loss=-0.1641  kl_loss=0.0000 (disabled)  score=0.922  return=0.820  role_std=9.4099  role_norm=51.8983  enc_delta ego=0.0009 partner=0.0013 road=0.0018
[ROMA] Saved -> /scratch/e452103/checkpoints/roma_mifutagent_dim1_H8_r16p64_ft_pc40_cb1_lr_half_nodiv/roma_dim1_step5751177216.pt
[ROMA step 5,751,963,648] sps=155,862  policy_loss=-0.0017  value_loss=0.1032  mi_loss=0.0014  mi_valid=0.74  div_loss=-0.1592  kl_loss=0.0000 (disabled)  score=0.922  return=0.823  role_std=9.3018  role_norm=51.9397  enc_delta ego=0.0006 partner=0.0008 road=0.0016
[ROMA step 5,752,750,080] sps=155,833  policy_loss=0.0069  value_loss=0.1125  mi_loss=0.0013  mi_valid=0.74  div_loss=-0.1611  kl_loss=0.0000 (disabled)  score=0.922  return=0.824  role_std=8.2319  role_norm=54.5320  enc_delta ego=0.0010 partner=0.0011 road=0.0017
[ROMA step 5,753,536,512] sps=155,726  policy_loss=-0.0044  value_loss=0.1449  mi_loss=0.0014  mi_valid=0.72  div_loss=-0.1660  kl_loss=0.0000 (disabled)  score=0.922  return=0.824  role_std=7.9399  role_norm=54.8621  enc_delta ego=0.0010 partner=0.0013 road=0.0017
[ROMA step 5,754,322,944] sps=155,703  policy_loss=-0.0044  value_loss=0.1568  mi_loss=0.0012  mi_valid=0.73  div_loss=-0.1650  kl_loss=0.0000 (disabled)  score=0.924  return=0.825  role_std=8.8545  role_norm=53.1457  enc_delta ego=0.0013 partner=0.0011 road=0.0016
[ROMA step 5,755,109,376] sps=155,680  policy_loss=-0.0009  value_loss=0.1214  mi_loss=0.0011  mi_valid=0.74  div_loss=-0.1680  kl_loss=0.0000 (disabled)  score=0.924  return=0.823  role_std=8.9853  role_norm=52.3674  enc_delta ego=0.0010 partner=0.0012 road=0.0018
[ROMA step 5,755,895,808] sps=155,658  policy_loss=-0.0051  value_loss=0.1376  mi_loss=0.0011  mi_valid=0.73  div_loss=-0.1738  kl_loss=0.0000 (disabled)  score=0.924  return=0.820  role_std=9.9941  role_norm=51.2136  enc_delta ego=0.0008 partner=0.0012 road=0.0017
[ROMA step 5,756,682,240] sps=155,549  policy_loss=-0.0009  value_loss=0.1823  mi_loss=0.0012  mi_valid=0.73  div_loss=-0.1768  kl_loss=0.0000 (disabled)  score=0.924  return=0.819  role_std=8.4303  role_norm=54.3792  enc_delta ego=0.0013 partner=0.0018 road=0.0016
[ROMA step 5,757,468,672] sps=155,526  policy_loss=-0.0024  value_loss=0.1128  mi_loss=0.0012  mi_valid=0.74  div_loss=-0.1738  kl_loss=0.0000 (disabled)  score=0.924  return=0.818  role_std=8.2911  role_norm=54.4977  enc_delta ego=0.0011 partner=0.0016 road=0.0028
[ROMA step 5,758,255,104] sps=155,503  policy_loss=-0.0033  value_loss=0.1957  mi_loss=0.0013  mi_valid=0.74  div_loss=-0.1807  kl_loss=0.0000 (disabled)  score=0.924  return=0.816  role_std=9.0088  role_norm=53.7246  enc_delta ego=0.0009 partner=0.0011 road=0.0019
[ROMA step 5,759,041,536] sps=155,391  policy_loss=0.0024  value_loss=0.1740  mi_loss=0.0013  mi_valid=0.72  div_loss=-0.1758  kl_loss=0.0000 (disabled)  score=0.924  return=0.814  role_std=9.3106  role_norm=51.0174  enc_delta ego=0.0013 partner=0.0011 road=0.0013
[ROMA step 5,759,827,968] sps=155,368  policy_loss=-0.0079  value_loss=0.2048  mi_loss=0.0013  mi_valid=0.75  div_loss=-0.1758  kl_loss=0.0000 (disabled)  score=0.924  return=0.810  role_std=9.8257  role_norm=51.2101  enc_delta ego=0.0015 partner=0.0015 road=0.0022
[ROMA step 5,760,614,400] sps=155,345  policy_loss=-0.0020  value_loss=0.1900  mi_loss=0.0012  mi_valid=0.76  div_loss=-0.1758  kl_loss=0.0000 (disabled)  score=0.924  return=0.808  role_std=7.9499  role_norm=53.3847  enc_delta ego=0.0018 partner=0.0013 road=0.0020
[ROMA step 5,761,400,832] sps=155,322  policy_loss=0.0103  value_loss=0.2224  mi_loss=0.0013  mi_valid=0.76  div_loss=-0.1826  kl_loss=0.0000 (disabled)  score=0.924  return=0.807  role_std=8.3467  role_norm=53.3864  enc_delta ego=0.0013 partner=0.0012 road=0.0019
[ROMA step 5,762,187,264] sps=155,199  policy_loss=-0.0078  value_loss=0.2090  mi_loss=0.0014  mi_valid=0.73  div_loss=-0.1865  kl_loss=0.0000 (disabled)  score=0.923  return=0.805  role_std=8.9407  role_norm=52.7099  enc_delta ego=0.0012 partner=0.0015 road=0.0024
[ROMA step 5,762,973,696] sps=155,177  policy_loss=0.0007  value_loss=0.1827  mi_loss=0.0013  mi_valid=0.75  div_loss=-0.1777  kl_loss=0.0000 (disabled)  score=0.923  return=0.804  role_std=9.5638  role_norm=51.5001  enc_delta ego=0.0008 partner=0.0014 road=0.0021
[ROMA step 5,763,760,128] sps=155,153  policy_loss=0.0025  value_loss=0.1568  mi_loss=0.0014  mi_valid=0.75  div_loss=-0.1709  kl_loss=0.0000 (disabled)  score=0.923  return=0.805  role_std=9.4179  role_norm=50.6570  enc_delta ego=0.0009 partner=0.0012 road=0.0018
[ROMA step 5,764,546,560] sps=155,130  policy_loss=0.0018  value_loss=0.1749  mi_loss=0.0014  mi_valid=0.75  div_loss=-0.1738  kl_loss=0.0000 (disabled)  score=0.923  return=0.804  role_std=9.6557  role_norm=50.4934  enc_delta ego=0.0011 partner=0.0014 road=0.0017
[ROMA step 5,765,332,992] sps=155,015  policy_loss=0.0006  value_loss=0.1727  mi_loss=0.0012  mi_valid=0.76  div_loss=-0.1738  kl_loss=0.0000 (disabled)  score=0.922  return=0.803  role_std=8.1181  role_norm=54.2601  enc_delta ego=0.0017 partner=0.0014 road=0.0021
[ROMA step 5,766,119,424] sps=154,992  policy_loss=-0.0063  value_loss=0.1085  mi_loss=0.0011  mi_valid=0.75  div_loss=-0.1729  kl_loss=0.0000 (disabled)  score=0.922  return=0.803  role_std=8.7351  role_norm=53.5787  enc_delta ego=0.0013 partner=0.0010 road=0.0016
[ROMA step 5,766,905,856] sps=154,969  policy_loss=-0.0016  value_loss=0.1262  mi_loss=0.0012  mi_valid=0.75  div_loss=-0.1719  kl_loss=0.0000 (disabled)  score=0.921  return=0.803  role_std=8.9314  role_norm=53.3064  enc_delta ego=0.0009 partner=0.0011 road=0.0015
[ROMA step 5,767,692,288] sps=154,864  policy_loss=0.0062  value_loss=0.2194  mi_loss=0.0012  mi_valid=0.72  div_loss=-0.1787  kl_loss=0.0000 (disabled)  score=0.921  return=0.803  role_std=9.7498  role_norm=52.0226  enc_delta ego=0.0010 partner=0.0013 road=0.0018
[ROMA step 5,768,478,720] sps=154,841  policy_loss=0.0037  value_loss=0.1616  mi_loss=0.0012  mi_valid=0.74  div_loss=-0.1680  kl_loss=0.0000 (disabled)  score=0.922  return=0.804  role_std=9.6801  role_norm=51.1349  enc_delta ego=0.0010 partner=0.0014 road=0.0019
[ROMA step 5,769,265,152] sps=154,817  policy_loss=0.0014  value_loss=0.1830  mi_loss=0.0013  mi_valid=0.75  div_loss=-0.1689  kl_loss=0.0000 (disabled)  score=0.922  return=0.807  role_std=7.7980  role_norm=54.7335  enc_delta ego=0.0009 partner=0.0010 road=0.0014
[ROMA step 5,770,051,584] sps=154,795  policy_loss=0.0036  value_loss=0.1172  mi_loss=0.0013  mi_valid=0.75  div_loss=-0.1670  kl_loss=0.0000 (disabled)  score=0.922  return=0.808  role_std=8.6669  role_norm=53.9816  enc_delta ego=0.0013 partner=0.0010 road=0.0014
[ROMA step 5,770,838,016] sps=154,688  policy_loss=-0.0006  value_loss=0.1781  mi_loss=0.0012  mi_valid=0.72  div_loss=-0.1787  kl_loss=0.0000 (disabled)  score=0.923  return=0.809  role_std=8.8926  role_norm=53.2410  enc_delta ego=0.0012 partner=0.0016 road=0.0019
[ROMA step 5,771,624,448] sps=154,666  policy_loss=0.0021  value_loss=0.1945  mi_loss=0.0012  mi_valid=0.74  div_loss=-0.1768  kl_loss=0.0000 (disabled)  score=0.924  return=0.812  role_std=10.0414  role_norm=52.1684  enc_delta ego=0.0013 partner=0.0014 road=0.0015
[ROMA step 5,772,410,880] sps=154,643  policy_loss=-0.0020  value_loss=0.1731  mi_loss=0.0011  mi_valid=0.74  div_loss=-0.1787  kl_loss=0.0000 (disabled)  score=0.926  return=0.814  role_std=9.8529  role_norm=51.6669  enc_delta ego=0.0011 partner=0.0013 road=0.0016
[ROMA step 5,773,197,312] sps=154,538  policy_loss=0.0029  value_loss=0.1626  mi_loss=0.0011  mi_valid=0.73  div_loss=-0.1748  kl_loss=0.0000 (disabled)  score=0.926  return=0.815  role_std=8.3919  role_norm=53.8815  enc_delta ego=0.0007 partner=0.0014 road=0.0015
[ROMA step 5,773,983,744] sps=154,515  policy_loss=-0.0013  value_loss=0.1685  mi_loss=0.0012  mi_valid=0.75  div_loss=-0.1826  kl_loss=0.0000 (disabled)  score=0.927  return=0.816  role_std=8.4066  role_norm=54.6507  enc_delta ego=0.0009 partner=0.0014 road=0.0020
[ROMA step 5,774,770,176] sps=154,493  policy_loss=0.0024  value_loss=0.1545  mi_loss=0.0012  mi_valid=0.74  div_loss=-0.1758  kl_loss=0.0000 (disabled)  score=0.928  return=0.815  role_std=9.0818  role_norm=53.6850  enc_delta ego=0.0007 partner=0.0009 road=0.0012
[ROMA step 5,775,556,608] sps=154,470  policy_loss=-0.0053  value_loss=0.1219  mi_loss=0.0012  mi_valid=0.74  div_loss=-0.1758  kl_loss=0.0000 (disabled)  score=0.929  return=0.816  role_std=9.0582  role_norm=53.0404  enc_delta ego=0.0010 partner=0.0010 road=0.0018
[ROMA step 5,776,343,040] sps=154,361  policy_loss=-0.0002  value_loss=0.1710  mi_loss=0.0013  mi_valid=0.72  div_loss=-0.1758  kl_loss=0.0000 (disabled)  score=0.929  return=0.816  role_std=9.1254  role_norm=51.2203  enc_delta ego=0.0012 partner=0.0014 road=0.0018
[ROMA step 5,777,129,472] sps=154,337  policy_loss=0.0044  value_loss=0.1582  mi_loss=0.0012  mi_valid=0.74  div_loss=-0.1670  kl_loss=0.0000 (disabled)  score=0.930  return=0.815  role_std=9.7790  role_norm=50.9211  enc_delta ego=0.0011 partner=0.0010 road=0.0021
[ROMA step 5,777,915,904] sps=154,312  policy_loss=0.0125  value_loss=0.2760  mi_loss=0.0013  mi_valid=0.75  div_loss=-0.1826  kl_loss=0.0000 (disabled)  score=0.930  return=0.814  role_std=8.5705  role_norm=53.6925  enc_delta ego=0.0009 partner=0.0010 road=0.0018
[ROMA step 5,778,702,336] sps=154,208  policy_loss=-0.0026  value_loss=0.1371  mi_loss=0.0013  mi_valid=0.73  div_loss=-0.1719  kl_loss=0.0000 (disabled)  score=0.929  return=0.812  role_std=8.4885  role_norm=54.6055  enc_delta ego=0.0010 partner=0.0010 road=0.0015
[ROMA step 5,779,488,768] sps=154,180  policy_loss=0.0005  value_loss=0.2278  mi_loss=0.0014  mi_valid=0.75  div_loss=-0.1895  kl_loss=0.0000 (disabled)  score=0.928  return=0.809  role_std=9.2918  role_norm=52.8917  enc_delta ego=0.0011 partner=0.0013 road=0.0018
[ROMA step 5,780,275,200] sps=154,153  policy_loss=-0.0031  value_loss=0.1718  mi_loss=0.0013  mi_valid=0.75  div_loss=-0.1816  kl_loss=0.0000 (disabled)  score=0.927  return=0.806  role_std=10.2046  role_norm=51.2079  enc_delta ego=0.0010 partner=0.0010 road=0.0014
[ROMA step 5,781,061,632] sps=154,129  policy_loss=-0.0051  value_loss=0.2013  mi_loss=0.0013  mi_valid=0.75  div_loss=-0.1904  kl_loss=0.0000 (disabled)  score=0.926  return=0.803  role_std=10.4596  role_norm=50.7847  enc_delta ego=0.0010 partner=0.0010 road=0.0015
[ROMA step 5,781,848,064] sps=154,025  policy_loss=-0.0015  value_loss=0.1934  mi_loss=0.0013  mi_valid=0.74  div_loss=-0.1885  kl_loss=0.0000 (disabled)  score=0.926  return=0.803  role_std=7.9097  role_norm=54.8411  enc_delta ego=0.0011 partner=0.0014 road=0.0021
[ROMA step 5,782,634,496] sps=154,002  policy_loss=0.0010  value_loss=0.1856  mi_loss=0.0012  mi_valid=0.74  div_loss=-0.1768  kl_loss=0.0000 (disabled)  score=0.926  return=0.803  role_std=9.1436  role_norm=54.4787  enc_delta ego=0.0012 partner=0.0014 road=0.0024
[ROMA step 5,783,420,928] sps=153,979  policy_loss=0.0058  value_loss=0.1373  mi_loss=0.0013  mi_valid=0.73  div_loss=-0.1699  kl_loss=0.0000 (disabled)  score=0.926  return=0.805  role_std=8.8127  role_norm=54.0566  enc_delta ego=0.0013 partner=0.0010 road=0.0017
[ROMA step 5,784,207,360] sps=153,884  policy_loss=-0.0048  value_loss=0.1648  mi_loss=0.0013  mi_valid=0.71  div_loss=-0.1787  kl_loss=0.0000 (disabled)  score=0.926  return=0.807  role_std=9.4383  role_norm=52.0150  enc_delta ego=0.0010 partner=0.0015 road=0.0019
[ROMA step 5,784,993,792] sps=153,863  policy_loss=-0.0012  value_loss=0.1522  mi_loss=0.0012  mi_valid=0.74  div_loss=-0.1709  kl_loss=0.0000 (disabled)  score=0.927  return=0.811  role_std=10.6094  role_norm=52.0512  enc_delta ego=0.0010 partner=0.0012 road=0.0016
[ROMA step 5,785,780,224] sps=153,841  policy_loss=-0.0014  value_loss=0.1721  mi_loss=0.0012  mi_valid=0.75  div_loss=-0.1777  kl_loss=0.0000 (disabled)  score=0.927  return=0.813  role_std=8.7828  role_norm=54.5666  enc_delta ego=0.0010 partner=0.0009 road=0.0016
[ROMA step 5,786,566,656] sps=153,818  policy_loss=-0.0005  value_loss=0.1257  mi_loss=0.0013  mi_valid=0.75  div_loss=-0.1787  kl_loss=0.0000 (disabled)  score=0.928  return=0.816  role_std=8.4500  role_norm=55.1668  enc_delta ego=0.0008 partner=0.0010 road=0.0018
[ROMA step 5,787,353,088] sps=153,715  policy_loss=-0.0012  value_loss=0.1705  mi_loss=0.0013  mi_valid=0.72  div_loss=-0.1855  kl_loss=0.0000 (disabled)  score=0.929  return=0.819  role_std=9.2602  role_norm=54.2847  enc_delta ego=0.0008 partner=0.0012 road=0.0020
[ROMA step 5,788,139,520] sps=153,692  policy_loss=-0.0004  value_loss=0.2424  mi_loss=0.0014  mi_valid=0.73  div_loss=-0.1885  kl_loss=0.0000 (disabled)  score=0.930  return=0.819  role_std=9.8274  role_norm=53.6717  enc_delta ego=0.0011 partner=0.0013 road=0.0020
[ROMA step 5,788,925,952] sps=153,669  policy_loss=-0.0058  value_loss=0.1911  mi_loss=0.0013  mi_valid=0.74  div_loss=-0.1826  kl_loss=0.0000 (disabled)  score=0.931  return=0.821  role_std=10.3736  role_norm=52.5703  enc_delta ego=0.0008 partner=0.0010 road=0.0015
[ROMA step 5,789,712,384] sps=153,546  policy_loss=-0.0005  value_loss=0.1666  mi_loss=0.0013  mi_valid=0.74  div_loss=-0.1748  kl_loss=0.0000 (disabled)  score=0.932  return=0.823  role_std=10.5401  role_norm=51.6447  enc_delta ego=0.0011 partner=0.0009 road=0.0017
[ROMA step 5,790,498,816] sps=153,524  policy_loss=-0.0019  value_loss=0.1341  mi_loss=0.0012  mi_valid=0.76  div_loss=-0.1816  kl_loss=0.0000 (disabled)  score=0.932  return=0.823  role_std=8.7859  role_norm=54.5368  enc_delta ego=0.0008 partner=0.0015 road=0.0018
[ROMA step 5,791,285,248] sps=153,502  policy_loss=0.0003  value_loss=0.1489  mi_loss=0.0011  mi_valid=0.74  div_loss=-0.1836  kl_loss=0.0000 (disabled)  score=0.933  return=0.825  role_std=9.4783  role_norm=53.9933  enc_delta ego=0.0011 partner=0.0016 road=0.0015
[ROMA step 5,792,071,680] sps=153,481  policy_loss=0.0030  value_loss=0.1176  mi_loss=0.0011  mi_valid=0.74  div_loss=-0.1807  kl_loss=0.0000 (disabled)  score=0.934  return=0.826  role_std=9.7388  role_norm=53.9196  enc_delta ego=0.0006 partner=0.0012 road=0.0011
[ROMA step 5,792,858,112] sps=153,376  policy_loss=-0.0044  value_loss=0.1305  mi_loss=0.0011  mi_valid=0.72  div_loss=-0.1787  kl_loss=0.0000 (disabled)  score=0.933  return=0.826  role_std=9.5612  role_norm=52.0423  enc_delta ego=0.0009 partner=0.0011 road=0.0014
[ROMA step 5,793,644,544] sps=153,352  policy_loss=0.0090  value_loss=0.1472  mi_loss=0.0012  mi_valid=0.74  div_loss=-0.1650  kl_loss=0.0000 (disabled)  score=0.934  return=0.828  role_std=9.6468  role_norm=51.5119  enc_delta ego=0.0007 partner=0.0010 road=0.0012
[ROMA step 5,794,430,976] sps=153,330  policy_loss=-0.0051  value_loss=0.1321  mi_loss=0.0012  mi_valid=0.75  div_loss=-0.1680  kl_loss=0.0000 (disabled)  score=0.935  return=0.828  role_std=8.2225  role_norm=54.5274  enc_delta ego=0.0007 partner=0.0010 road=0.0018
[ROMA step 5,795,217,408] sps=153,305  policy_loss=-0.0014  value_loss=0.1546  mi_loss=0.0012  mi_valid=0.75  div_loss=-0.1660  kl_loss=0.0000 (disabled)  score=0.935  return=0.827  role_std=8.2786  role_norm=54.6241  enc_delta ego=0.0006 partner=0.0011 road=0.0014
[ROMA step 5,796,003,840] sps=153,204  policy_loss=0.0015  value_loss=0.3330  mi_loss=0.0012  mi_valid=0.72  div_loss=-0.1855  kl_loss=0.0000 (disabled)  score=0.935  return=0.826  role_std=9.3134  role_norm=54.0899  enc_delta ego=0.0009 partner=0.0013 road=0.0018
[ROMA step 5,796,790,272] sps=153,182  policy_loss=0.0019  value_loss=0.1727  mi_loss=0.0012  mi_valid=0.74  div_loss=-0.1797  kl_loss=0.0000 (disabled)  score=0.935  return=0.826  role_std=9.9569  role_norm=52.8779  enc_delta ego=0.0008 partner=0.0013 road=0.0017
[ROMA step 5,797,576,704] sps=153,158  policy_loss=-0.0004  value_loss=0.1416  mi_loss=0.0012  mi_valid=0.74  div_loss=-0.1826  kl_loss=0.0000 (disabled)  score=0.935  return=0.826  role_std=10.2471  role_norm=51.2268  enc_delta ego=0.0008 partner=0.0012 road=0.0014
[ROMA step 5,798,363,136] sps=153,063  policy_loss=0.0042  value_loss=0.1910  mi_loss=0.0012  mi_valid=0.73  div_loss=-0.1816  kl_loss=0.0000 (disabled)  score=0.935  return=0.826  role_std=8.4808  role_norm=53.9453  enc_delta ego=0.0008 partner=0.0013 road=0.0017
[ROMA step 5,799,149,568] sps=153,041  policy_loss=-0.0005  value_loss=0.1537  mi_loss=0.0012  mi_valid=0.75  div_loss=-0.1816  kl_loss=0.0000 (disabled)  score=0.935  return=0.827  role_std=9.0124  role_norm=53.6685  enc_delta ego=0.0009 partner=0.0011 road=0.0017
[ROMA step 5,799,936,000] sps=153,017  policy_loss=-0.0000  value_loss=0.1267  mi_loss=0.0012  mi_valid=0.74  div_loss=-0.1816  kl_loss=0.0000 (disabled)  score=0.935  return=0.827  role_std=9.1817  role_norm=53.4991  enc_delta ego=0.0012 partner=0.0010 road=0.0019
[ROMA step 5,800,722,432] sps=152,991  policy_loss=-0.0004  value_loss=0.1851  mi_loss=0.0013  mi_valid=0.74  div_loss=-0.1826  kl_loss=0.0000 (disabled)  score=0.935  return=0.826  role_std=9.4250  role_norm=53.2057  enc_delta ego=0.0009 partner=0.0010 road=0.0014
[ROMA step 5,801,508,864] sps=152,884  policy_loss=0.0048  value_loss=0.2682  mi_loss=0.0013  mi_valid=0.72  div_loss=-0.1885  kl_loss=0.0000 (disabled)  score=0.934  return=0.824  role_std=10.2598  role_norm=51.1417  enc_delta ego=0.0011 partner=0.0013 road=0.0023
[ROMA step 5,802,295,296] sps=152,860  policy_loss=-0.0022  value_loss=0.1893  mi_loss=0.0012  mi_valid=0.74  div_loss=-0.1816  kl_loss=0.0000 (disabled)  score=0.934  return=0.822  role_std=10.4187  role_norm=50.7106  enc_delta ego=0.0012 partner=0.0012 road=0.0018
[ROMA step 5,803,081,728] sps=152,836  policy_loss=-0.0024  value_loss=0.1790  mi_loss=0.0012  mi_valid=0.75  div_loss=-0.1816  kl_loss=0.0000 (disabled)  score=0.933  return=0.822  role_std=8.3197  role_norm=54.4842  enc_delta ego=0.0010 partner=0.0011 road=0.0015
[ROMA step 5,803,868,160] sps=152,739  policy_loss=-0.0038  value_loss=0.1939  mi_loss=0.0012  mi_valid=0.73  div_loss=-0.1816  kl_loss=0.0000 (disabled)  score=0.933  return=0.822  role_std=8.1244  role_norm=55.0906  enc_delta ego=0.0011 partner=0.0012 road=0.0015
[ROMA step 5,804,654,592] sps=152,718  policy_loss=0.0024  value_loss=0.1214  mi_loss=0.0012  mi_valid=0.73  div_loss=-0.1709  kl_loss=0.0000 (disabled)  score=0.934  return=0.825  role_std=8.9205  role_norm=53.6848  enc_delta ego=0.0011 partner=0.0013 road=0.0017
[ROMA step 5,805,441,024] sps=152,694  policy_loss=-0.0006  value_loss=0.1035  mi_loss=0.0013  mi_valid=0.73  div_loss=-0.1670  kl_loss=0.0000 (disabled)  score=0.935  return=0.830  role_std=9.4313  role_norm=52.5055  enc_delta ego=0.0007 partner=0.0009 road=0.0013
[ROMA step 5,806,227,456] sps=152,669  policy_loss=0.0046  value_loss=0.1285  mi_loss=0.0013  mi_valid=0.73  div_loss=-0.1650  kl_loss=0.0000 (disabled)  score=0.936  return=0.833  role_std=9.5717  role_norm=52.9137  enc_delta ego=0.0008 partner=0.0010 road=0.0012
[ROMA step 5,807,013,888] sps=152,573  policy_loss=-0.0065  value_loss=0.1392  mi_loss=0.0012  mi_valid=0.72  div_loss=-0.1611  kl_loss=0.0000 (disabled)  score=0.937  return=0.835  role_std=7.9536  role_norm=55.1881  enc_delta ego=0.0009 partner=0.0011 road=0.0016
[ROMA step 5,807,800,320] sps=152,551  policy_loss=-0.0000  value_loss=0.1396  mi_loss=0.0011  mi_valid=0.73  div_loss=-0.1572  kl_loss=0.0000 (disabled)  score=0.937  return=0.835  role_std=7.4521  role_norm=55.4194  enc_delta ego=0.0009 partner=0.0009 road=0.0016
[ROMA step 5,808,586,752] sps=152,529  policy_loss=0.0055  value_loss=0.1449  mi_loss=0.0012  mi_valid=0.73  div_loss=-0.1621  kl_loss=0.0000 (disabled)  score=0.937  return=0.835  role_std=7.7435  role_norm=55.4623  enc_delta ego=0.0007 partner=0.0009 road=0.0011
[ROMA step 5,809,373,184] sps=152,423  policy_loss=-0.0030  value_loss=0.1322  mi_loss=0.0012  mi_valid=0.71  div_loss=-0.1709  kl_loss=0.0000 (disabled)  score=0.937  return=0.835  role_std=8.6019  role_norm=52.7007  enc_delta ego=0.0008 partner=0.0010 road=0.0012
[ROMA step 5,810,159,616] sps=152,400  policy_loss=-0.0072  value_loss=0.0788  mi_loss=0.0013  mi_valid=0.74  div_loss=-0.1641  kl_loss=0.0000 (disabled)  score=0.938  return=0.839  role_std=9.1865  role_norm=52.3267  enc_delta ego=0.0012 partner=0.0009 road=0.0014
[ROMA step 5,810,946,048] sps=152,378  policy_loss=0.0006  value_loss=0.1487  mi_loss=0.0013  mi_valid=0.74  div_loss=-0.1670  kl_loss=0.0000 (disabled)  score=0.938  return=0.841  role_std=9.7021  role_norm=52.2759  enc_delta ego=0.0008 partner=0.0009 road=0.0013
[ROMA step 5,811,732,480] sps=152,356  policy_loss=-0.0015  value_loss=0.1664  mi_loss=0.0013  mi_valid=0.74  div_loss=-0.1709  kl_loss=0.0000 (disabled)  score=0.937  return=0.839  role_std=8.7470  role_norm=54.4506  enc_delta ego=0.0009 partner=0.0011 road=0.0018
[ROMA step 5,812,518,912] sps=152,250  policy_loss=0.0014  value_loss=0.1205  mi_loss=0.0013  mi_valid=0.72  div_loss=-0.1699  kl_loss=0.0000 (disabled)  score=0.937  return=0.841  role_std=8.3565  role_norm=54.4195  enc_delta ego=0.0010 partner=0.0012 road=0.0016
[ROMA step 5,813,305,344] sps=152,227  policy_loss=0.0028  value_loss=0.1608  mi_loss=0.0013  mi_valid=0.74  div_loss=-0.1748  kl_loss=0.0000 (disabled)  score=0.938  return=0.841  role_std=8.9073  role_norm=53.5496  enc_delta ego=0.0009 partner=0.0008 road=0.0015
[ROMA step 5,814,091,776] sps=152,205  policy_loss=0.0027  value_loss=0.1760  mi_loss=0.0013  mi_valid=0.74  div_loss=-0.1738  kl_loss=0.0000 (disabled)  score=0.937  return=0.841  role_std=9.4661  role_norm=52.9043  enc_delta ego=0.0009 partner=0.0012 road=0.0015
[ROMA step 5,814,878,208] sps=152,099  policy_loss=-0.0001  value_loss=0.1999  mi_loss=0.0013  mi_valid=0.73  div_loss=-0.1670  kl_loss=0.0000 (disabled)  score=0.938  return=0.840  role_std=9.5886  role_norm=50.4128  enc_delta ego=0.0010 partner=0.0015 road=0.0018
[ROMA step 5,815,664,640] sps=152,077  policy_loss=-0.0019  value_loss=0.1470  mi_loss=0.0013  mi_valid=0.76  div_loss=-0.1738  kl_loss=0.0000 (disabled)  score=0.937  return=0.840  role_std=8.3379  role_norm=55.0866  enc_delta ego=0.0013 partner=0.0013 road=0.0018
[ROMA step 5,816,451,072] sps=152,053  policy_loss=-0.0023  value_loss=0.1311  mi_loss=0.0013  mi_valid=0.74  div_loss=-0.1709  kl_loss=0.0000 (disabled)  score=0.937  return=0.838  role_std=8.1539  role_norm=54.7350  enc_delta ego=0.0012 partner=0.0012 road=0.0018
[ROMA step 5,817,237,504] sps=152,031  policy_loss=-0.0027  value_loss=0.1474  mi_loss=0.0013  mi_valid=0.74  div_loss=-0.1729  kl_loss=0.0000 (disabled)  score=0.936  return=0.837  role_std=9.3118  role_norm=54.2087  enc_delta ego=0.0011 partner=0.0011 road=0.0014
[ROMA step 5,818,023,936] sps=151,936  policy_loss=0.0019  value_loss=0.1467  mi_loss=0.0013  mi_valid=0.73  div_loss=-0.1748  kl_loss=0.0000 (disabled)  score=0.936  return=0.835  role_std=9.4806  role_norm=52.6185  enc_delta ego=0.0009 partner=0.0011 road=0.0019
[ROMA step 5,818,810,368] sps=151,914  policy_loss=0.0032  value_loss=0.1045  mi_loss=0.0012  mi_valid=0.74  div_loss=-0.1729  kl_loss=0.0000 (disabled)  score=0.935  return=0.834  role_std=9.6872  role_norm=51.4093  enc_delta ego=0.0008 partner=0.0012 road=0.0017
[ROMA step 5,819,596,800] sps=151,893  policy_loss=-0.0031  value_loss=0.1107  mi_loss=0.0012  mi_valid=0.75  div_loss=-0.1709  kl_loss=0.0000 (disabled)  score=0.935  return=0.835  role_std=8.3592  role_norm=54.5380  enc_delta ego=0.0009 partner=0.0010 road=0.0014
[ROMA step 5,820,383,232] sps=151,871  policy_loss=-0.0003  value_loss=0.1520  mi_loss=0.0012  mi_valid=0.75  div_loss=-0.1768  kl_loss=0.0000 (disabled)  score=0.935  return=0.837  role_std=8.7519  role_norm=54.3158  enc_delta ego=0.0010 partner=0.0011 road=0.0016
[ROMA step 5,821,169,664] sps=151,763  policy_loss=-0.0014  value_loss=0.1173  mi_loss=0.0012  mi_valid=0.73  div_loss=-0.1826  kl_loss=0.0000 (disabled)  score=0.934  return=0.836  role_std=8.8801  role_norm=53.9832  enc_delta ego=0.0011 partner=0.0013 road=0.0018
[ROMA step 5,821,956,096] sps=151,741  policy_loss=-0.0078  value_loss=0.1191  mi_loss=0.0012  mi_valid=0.75  div_loss=-0.1787  kl_loss=0.0000 (disabled)  score=0.933  return=0.837  role_std=9.7262  role_norm=52.3535  enc_delta ego=0.0006 partner=0.0009 road=0.0015
[ROMA step 5,822,742,528] sps=151,719  policy_loss=0.0001  value_loss=0.1287  mi_loss=0.0011  mi_valid=0.75  div_loss=-0.1777  kl_loss=0.0000 (disabled)  score=0.933  return=0.838  role_std=10.3106  role_norm=51.6868  enc_delta ego=0.0008 partner=0.0009 road=0.0015
[ROMA step 5,823,528,960] sps=151,606  policy_loss=-0.0048  value_loss=0.1663  mi_loss=0.0012  mi_valid=0.73  div_loss=-0.1816  kl_loss=0.0000 (disabled)  score=0.933  return=0.839  role_std=8.4438  role_norm=53.2745  enc_delta ego=0.0015 partner=0.0009 road=0.0015
[ROMA step 5,824,315,392] sps=151,585  policy_loss=-0.0031  value_loss=0.1654  mi_loss=0.0013  mi_valid=0.75  div_loss=-0.1787  kl_loss=0.0000 (disabled)  score=0.932  return=0.837  role_std=8.2759  role_norm=54.0446  enc_delta ego=0.0014 partner=0.0009 road=0.0016
[ROMA step 5,825,101,824] sps=151,564  policy_loss=-0.0006  value_loss=0.1130  mi_loss=0.0014  mi_valid=0.74  div_loss=-0.1748  kl_loss=0.0000 (disabled)  score=0.932  return=0.836  role_std=8.5808  role_norm=53.1920  enc_delta ego=0.0009 partner=0.0009 road=0.0011
[ROMA step 5,825,888,256] sps=151,542  policy_loss=0.0003  value_loss=0.1088  mi_loss=0.0013  mi_valid=0.74  div_loss=-0.1738  kl_loss=0.0000 (disabled)  score=0.932  return=0.837  role_std=8.8938  role_norm=52.9814  enc_delta ego=0.0011 partner=0.0010 road=0.0012
[ROMA step 5,826,674,688] sps=151,449  policy_loss=0.0006  value_loss=0.2320  mi_loss=0.0012  mi_valid=0.72  div_loss=-0.1904  kl_loss=0.0000 (disabled)  score=0.932  return=0.837  role_std=10.1882  role_norm=51.6079  enc_delta ego=0.0012 partner=0.0012 road=0.0021
[ROMA step 5,827,461,120] sps=151,428  policy_loss=-0.0080  value_loss=0.1406  mi_loss=0.0011  mi_valid=0.74  div_loss=-0.1787  kl_loss=0.0000 (disabled)  score=0.932  return=0.839  role_std=10.5660  role_norm=50.6874  enc_delta ego=0.0013 partner=0.0010 road=0.0015
[ROMA step 5,828,247,552] sps=151,407  policy_loss=0.0017  value_loss=0.2109  mi_loss=0.0011  mi_valid=0.75  div_loss=-0.1846  kl_loss=0.0000 (disabled)  score=0.932  return=0.837  role_std=8.7621  role_norm=54.0306  enc_delta ego=0.0011 partner=0.0011 road=0.0018
[ROMA step 5,829,033,984] sps=151,294  policy_loss=-0.0027  value_loss=0.2671  mi_loss=0.0011  mi_valid=0.73  div_loss=-0.1914  kl_loss=0.0000 (disabled)  score=0.931  return=0.834  role_std=8.3969  role_norm=54.4759  enc_delta ego=0.0010 partner=0.0013 road=0.0015
[ROMA step 5,829,820,416] sps=151,273  policy_loss=0.0011  value_loss=0.1481  mi_loss=0.0012  mi_valid=0.74  div_loss=-0.1768  kl_loss=0.0000 (disabled)  score=0.931  return=0.834  role_std=9.0693  role_norm=52.8094  enc_delta ego=0.0007 partner=0.0009 road=0.0016
[ROMA step 5,830,606,848] sps=151,251  policy_loss=-0.0003  value_loss=0.1116  mi_loss=0.0012  mi_valid=0.74  div_loss=-0.1758  kl_loss=0.0000 (disabled)  score=0.931  return=0.833  role_std=9.7422  role_norm=52.3347  enc_delta ego=0.0010 partner=0.0012 road=0.0018
[ROMA step 5,831,393,280] sps=151,230  policy_loss=0.0063  value_loss=0.1964  mi_loss=0.0012  mi_valid=0.74  div_loss=-0.1758  kl_loss=0.0000 (disabled)  score=0.931  return=0.833  role_std=9.8880  role_norm=51.4531  enc_delta ego=0.0006 partner=0.0007 road=0.0011
[ROMA step 5,832,179,712] sps=151,133  policy_loss=0.0039  value_loss=0.1556  mi_loss=0.0011  mi_valid=0.75  div_loss=-0.1768  kl_loss=0.0000 (disabled)  score=0.929  return=0.828  role_std=7.9019  role_norm=54.0985  enc_delta ego=0.0010 partner=0.0012 road=0.0017
[ROMA step 5,832,966,144] sps=151,112  policy_loss=0.0012  value_loss=0.1758  mi_loss=0.0011  mi_valid=0.76  div_loss=-0.1816  kl_loss=0.0000 (disabled)  score=0.928  return=0.824  role_std=8.5054  role_norm=53.6540  enc_delta ego=0.0010 partner=0.0012 road=0.0015
[ROMA step 5,833,752,576] sps=151,090  policy_loss=0.0024  value_loss=0.2104  mi_loss=0.0012  mi_valid=0.75  div_loss=-0.1875  kl_loss=0.0000 (disabled)  score=0.927  return=0.821  role_std=9.1011  role_norm=53.0891  enc_delta ego=0.0009 partner=0.0012 road=0.0017
[ROMA step 5,834,539,008] sps=150,980  policy_loss=-0.0074  value_loss=0.1911  mi_loss=0.0012  mi_valid=0.73  div_loss=-0.1855  kl_loss=0.0000 (disabled)  score=0.926  return=0.818  role_std=8.9123  role_norm=52.1693  enc_delta ego=0.0010 partner=0.0011 road=0.0015
[ROMA step 5,835,325,440] sps=150,960  policy_loss=0.0013  value_loss=0.1423  mi_loss=0.0013  mi_valid=0.74  div_loss=-0.1738  kl_loss=0.0000 (disabled)  score=0.926  return=0.817  role_std=9.7879  role_norm=51.7345  enc_delta ego=0.0008 partner=0.0010 road=0.0016
[ROMA step 5,836,111,872] sps=150,939  policy_loss=-0.0032  value_loss=0.1169  mi_loss=0.0013  mi_valid=0.75  div_loss=-0.1758  kl_loss=0.0000 (disabled)  score=0.925  return=0.816  role_std=10.0531  role_norm=50.8716  enc_delta ego=0.0006 partner=0.0008 road=0.0015
[ROMA step 5,836,898,304] sps=150,918  policy_loss=-0.0058  value_loss=0.1086  mi_loss=0.0013  mi_valid=0.75  div_loss=-0.1797  kl_loss=0.0000 (disabled)  score=0.925  return=0.816  role_std=8.7341  role_norm=54.1850  enc_delta ego=0.0009 partner=0.0011 road=0.0018
[ROMA step 5,837,684,736] sps=150,820  policy_loss=0.0019  value_loss=0.2235  mi_loss=0.0013  mi_valid=0.73  div_loss=-0.1924  kl_loss=0.0000 (disabled)  score=0.925  return=0.815  role_std=9.3879  role_norm=53.5106  enc_delta ego=0.0008 partner=0.0012 road=0.0018
[ROMA step 5,838,471,168] sps=150,800  policy_loss=-0.0007  value_loss=0.2567  mi_loss=0.0013  mi_valid=0.75  div_loss=-0.1992  kl_loss=0.0000 (disabled)  score=0.925  return=0.813  role_std=10.6301  role_norm=52.6172  enc_delta ego=0.0012 partner=0.0016 road=0.0021
[ROMA step 5,839,257,600] sps=150,779  policy_loss=0.0045  value_loss=0.3171  mi_loss=0.0013  mi_valid=0.75  div_loss=-0.1943  kl_loss=0.0000 (disabled)  score=0.924  return=0.811  role_std=11.1665  role_norm=52.1979  enc_delta ego=0.0010 partner=0.0013 road=0.0017
[ROMA step 5,840,044,032] sps=150,689  policy_loss=0.0070  value_loss=0.1893  mi_loss=0.0014  mi_valid=0.74  div_loss=-0.1797  kl_loss=0.0000 (disabled)  score=0.923  return=0.809  role_std=11.1667  role_norm=48.4936  enc_delta ego=0.0010 partner=0.0010 road=0.0017
[ROMA step 5,840,830,464] sps=150,669  policy_loss=0.0064  value_loss=0.1980  mi_loss=0.0012  mi_valid=0.76  div_loss=-0.1738  kl_loss=0.0000 (disabled)  score=0.923  return=0.809  role_std=8.0921  role_norm=55.0501  enc_delta ego=0.0008 partner=0.0011 road=0.0016
[ROMA step 5,841,616,896] sps=150,648  policy_loss=0.0013  value_loss=0.1398  mi_loss=0.0012  mi_valid=0.75  div_loss=-0.1689  kl_loss=0.0000 (disabled)  score=0.922  return=0.809  role_std=8.1051  role_norm=54.5211  enc_delta ego=0.0010 partner=0.0011 road=0.0013
[ROMA step 5,842,403,328] sps=150,627  policy_loss=0.0077  value_loss=0.1089  mi_loss=0.0012  mi_valid=0.75  div_loss=-0.1709  kl_loss=0.0000 (disabled)  score=0.922  return=0.810  role_std=8.8580  role_norm=53.6179  enc_delta ego=0.0006 partner=0.0009 road=0.0013
[ROMA step 5,843,189,760] sps=150,546  policy_loss=0.0066  value_loss=0.1768  mi_loss=0.0012  mi_valid=0.72  div_loss=-0.1758  kl_loss=0.0000 (disabled)  score=0.922  return=0.811  role_std=9.6893  role_norm=53.2249  enc_delta ego=0.0007 partner=0.0012 road=0.0018
[ROMA step 5,843,976,192] sps=150,525  policy_loss=-0.0017  value_loss=0.1856  mi_loss=0.0011  mi_valid=0.73  div_loss=-0.1768  kl_loss=0.0000 (disabled)  score=0.923  return=0.813  role_std=9.9300  role_norm=52.0213  enc_delta ego=0.0009 partner=0.0013 road=0.0017
[ROMA step 5,844,762,624] sps=150,504  policy_loss=0.0018  value_loss=0.1516  mi_loss=0.0011  mi_valid=0.74  div_loss=-0.1816  kl_loss=0.0000 (disabled)  score=0.923  return=0.812  role_std=8.7618  role_norm=54.2276  enc_delta ego=0.0009 partner=0.0011 road=0.0017
[ROMA step 5,845,549,056] sps=150,483  policy_loss=0.0030  value_loss=0.1529  mi_loss=0.0011  mi_valid=0.75  div_loss=-0.1875  kl_loss=0.0000 (disabled)  score=0.922  return=0.809  role_std=8.9538  role_norm=54.2710  enc_delta ego=0.0007 partner=0.0009 road=0.0017
[ROMA step 5,846,335,488] sps=150,395  policy_loss=-0.0003  value_loss=0.1314  mi_loss=0.0012  mi_valid=0.73  div_loss=-0.1729  kl_loss=0.0000 (disabled)  score=0.922  return=0.810  role_std=8.8651  role_norm=53.5954  enc_delta ego=0.0010 partner=0.0011 road=0.0018
[ROMA step 5,847,121,920] sps=150,374  policy_loss=0.0029  value_loss=0.1331  mi_loss=0.0012  mi_valid=0.75  div_loss=-0.1631  kl_loss=0.0000 (disabled)  score=0.922  return=0.810  role_std=8.8931  role_norm=53.3391  enc_delta ego=0.0007 partner=0.0010 road=0.0015
[ROMA step 5,847,908,352] sps=150,352  policy_loss=-0.0017  value_loss=0.0693  mi_loss=0.0012  mi_valid=0.75  div_loss=-0.1523  kl_loss=0.0000 (disabled)  score=0.922  return=0.812  role_std=8.8143  role_norm=52.9782  enc_delta ego=0.0008 partner=0.0009 road=0.0013
[ROMA step 5,848,694,784] sps=150,255  policy_loss=-0.0027  value_loss=0.1636  mi_loss=0.0013  mi_valid=0.73  div_loss=-0.1582  kl_loss=0.0000 (disabled)  score=0.922  return=0.811  role_std=8.6406  role_norm=54.3200  enc_delta ego=0.0007 partner=0.0010 road=0.0014
[ROMA step 5,849,481,216] sps=150,232  policy_loss=-0.0017  value_loss=0.1637  mi_loss=0.0011  mi_valid=0.75  div_loss=-0.1650  kl_loss=0.0000 (disabled)  score=0.922  return=0.809  role_std=7.7958  role_norm=55.4309  enc_delta ego=0.0010 partner=0.0013 road=0.0020
[ROMA step 5,850,267,648] sps=150,210  policy_loss=-0.0044  value_loss=0.1985  mi_loss=0.0011  mi_valid=0.74  div_loss=-0.1680  kl_loss=0.0000 (disabled)  score=0.922  return=0.812  role_std=8.7808  role_norm=54.3559  enc_delta ego=0.0009 partner=0.0014 road=0.0019
[ROMA step 5,851,054,080] sps=150,186  policy_loss=0.0028  value_loss=0.1274  mi_loss=0.0011  mi_valid=0.75  div_loss=-0.1689  kl_loss=0.0000 (disabled)  score=0.922  return=0.812  role_std=8.3412  role_norm=54.2120  enc_delta ego=0.0006 partner=0.0010 road=0.0015
[ROMA step 5,851,840,512] sps=150,088  policy_loss=-0.0022  value_loss=0.2008  mi_loss=0.0012  mi_valid=0.73  div_loss=-0.1758  kl_loss=0.0000 (disabled)  score=0.921  return=0.810  role_std=9.2115  role_norm=52.6855  enc_delta ego=0.0009 partner=0.0010 road=0.0015
[ROMA step 5,852,626,944] sps=150,066  policy_loss=0.0052  value_loss=0.1509  mi_loss=0.0013  mi_valid=0.74  div_loss=-0.1748  kl_loss=0.0000 (disabled)  score=0.921  return=0.811  role_std=9.9213  role_norm=51.1069  enc_delta ego=0.0011 partner=0.0012 road=0.0019
[ROMA step 5,853,413,376] sps=150,045  policy_loss=-0.0012  value_loss=0.1288  mi_loss=0.0012  mi_valid=0.75  div_loss=-0.1729  kl_loss=0.0000 (disabled)  score=0.921  return=0.811  role_std=7.8431  role_norm=55.0860  enc_delta ego=0.0009 partner=0.0011 road=0.0016
[ROMA step 5,854,199,808] sps=149,909  policy_loss=0.0018  value_loss=0.2858  mi_loss=0.0012  mi_valid=0.73  div_loss=-0.1816  kl_loss=0.0000 (disabled)  score=0.920  return=0.812  role_std=7.9014  role_norm=55.1357  enc_delta ego=0.0008 partner=0.0011 road=0.0018
[ROMA step 5,854,986,240] sps=149,886  policy_loss=0.0015  value_loss=0.1667  mi_loss=0.0011  mi_valid=0.75  div_loss=-0.1670  kl_loss=0.0000 (disabled)  score=0.920  return=0.812  role_std=8.2687  role_norm=53.6505  enc_delta ego=0.0011 partner=0.0015 road=0.0021
[ROMA step 5,855,772,672] sps=149,864  policy_loss=-0.0049  value_loss=0.1603  mi_loss=0.0011  mi_valid=0.75  div_loss=-0.1689  kl_loss=0.0000 (disabled)  score=0.920  return=0.811  role_std=8.8905  role_norm=52.6007  enc_delta ego=0.0009 partner=0.0009 road=0.0013
[ROMA step 5,856,559,104] sps=149,842  policy_loss=-0.0059  value_loss=0.1448  mi_loss=0.0011  mi_valid=0.75  div_loss=-0.1621  kl_loss=0.0000 (disabled)  score=0.920  return=0.811  role_std=9.5836  role_norm=52.2834  enc_delta ego=0.0008 partner=0.0009 road=0.0015
[ROMA step 5,857,345,536] sps=149,746  policy_loss=0.0004  value_loss=0.1452  mi_loss=0.0012  mi_valid=0.74  div_loss=-0.1670  kl_loss=0.0000 (disabled)  score=0.919  return=0.810  role_std=7.8067  role_norm=54.5043  enc_delta ego=0.0009 partner=0.0012 road=0.0018
[ROMA step 5,858,131,968] sps=149,726  policy_loss=-0.0048  value_loss=0.1234  mi_loss=0.0011  mi_valid=0.76  div_loss=-0.1680  kl_loss=0.0000 (disabled)  score=0.919  return=0.812  role_std=8.5606  role_norm=54.6112  enc_delta ego=0.0008 partner=0.0008 road=0.0013
[ROMA step 5,858,918,400] sps=149,706  policy_loss=0.0058  value_loss=0.1861  mi_loss=0.0013  mi_valid=0.75  div_loss=-0.1670  kl_loss=0.0000 (disabled)  score=0.920  return=0.814  role_std=8.7077  role_norm=54.0365  enc_delta ego=0.0011 partner=0.0009 road=0.0015
[ROMA step 5,859,704,832] sps=149,592  policy_loss=-0.0051  value_loss=0.1528  mi_loss=0.0012  mi_valid=0.72  div_loss=-0.1660  kl_loss=0.0000 (disabled)  score=0.921  return=0.816  role_std=9.2402  role_norm=54.4670  enc_delta ego=0.0010 partner=0.0009 road=0.0010
[ROMA step 5,860,491,264] sps=149,572  policy_loss=0.0020  value_loss=0.1530  mi_loss=0.0012  mi_valid=0.73  div_loss=-0.1699  kl_loss=0.0000 (disabled)  score=0.921  return=0.819  role_std=9.7044  role_norm=53.9814  enc_delta ego=0.0008 partner=0.0011 road=0.0011
[ROMA step 5,861,277,696] sps=149,550  policy_loss=0.0054  value_loss=0.1248  mi_loss=0.0013  mi_valid=0.74  div_loss=-0.1699  kl_loss=0.0000 (disabled)  score=0.922  return=0.820  role_std=10.4738  role_norm=52.9971  enc_delta ego=0.0007 partner=0.0009 road=0.0011
[ROMA step 5,862,064,128] sps=149,526  policy_loss=-0.0003  value_loss=0.1302  mi_loss=0.0012  mi_valid=0.74  div_loss=-0.1719  kl_loss=0.0000 (disabled)  score=0.922  return=0.819  role_std=8.3965  role_norm=55.6266  enc_delta ego=0.0007 partner=0.0009 road=0.0013
[ROMA step 5,862,850,560] sps=149,441  policy_loss=0.0021  value_loss=0.1799  mi_loss=0.0012  mi_valid=0.73  div_loss=-0.1699  kl_loss=0.0000 (disabled)  score=0.921  return=0.817  role_std=8.3806  role_norm=54.2942  enc_delta ego=0.0009 partner=0.0012 road=0.0015
[ROMA step 5,863,636,992] sps=149,421  policy_loss=-0.0030  value_loss=0.1480  mi_loss=0.0013  mi_valid=0.74  div_loss=-0.1631  kl_loss=0.0000 (disabled)  score=0.921  return=0.816  role_std=8.3439  role_norm=53.5370  enc_delta ego=0.0007 partner=0.0009 road=0.0013
[ROMA step 5,864,423,424] sps=149,398  policy_loss=0.0051  value_loss=0.0904  mi_loss=0.0011  mi_valid=0.75  div_loss=-0.1641  kl_loss=0.0000 (disabled)  score=0.920  return=0.818  role_std=8.6580  role_norm=52.5696  enc_delta ego=0.0008 partner=0.0011 road=0.0018
[ROMA step 5,865,209,856] sps=149,309  policy_loss=0.0022  value_loss=0.1208  mi_loss=0.0011  mi_valid=0.72  div_loss=-0.1680  kl_loss=0.0000 (disabled)  score=0.920  return=0.821  role_std=10.5603  role_norm=50.0876  enc_delta ego=0.0006 partner=0.0013 road=0.0013
[ROMA step 5,865,996,288] sps=149,287  policy_loss=-0.0004  value_loss=0.1785  mi_loss=0.0012  mi_valid=0.76  div_loss=-0.1621  kl_loss=0.0000 (disabled)  score=0.921  return=0.823  role_std=8.4189  role_norm=55.2560  enc_delta ego=0.0009 partner=0.0010 road=0.0018
[ROMA step 5,866,782,720] sps=149,267  policy_loss=-0.0008  value_loss=0.1072  mi_loss=0.0013  mi_valid=0.75  div_loss=-0.1602  kl_loss=0.0000 (disabled)  score=0.921  return=0.825  role_std=7.8011  role_norm=55.7574  enc_delta ego=0.0010 partner=0.0013 road=0.0018
[ROMA step 5,867,569,152] sps=149,247  policy_loss=0.0039  value_loss=0.1534  mi_loss=0.0013  mi_valid=0.74  div_loss=-0.1670  kl_loss=0.0000 (disabled)  score=0.922  return=0.827  role_std=8.3068  role_norm=55.1977  enc_delta ego=0.0007 partner=0.0011 road=0.0016
[ROMA step 5,868,355,584] sps=149,163  policy_loss=0.0013  value_loss=0.1560  mi_loss=0.0013  mi_valid=0.72  div_loss=-0.1631  kl_loss=0.0000 (disabled)  score=0.923  return=0.828  role_std=8.7092  role_norm=53.2201  enc_delta ego=0.0006 partner=0.0008 road=0.0012
[ROMA step 5,869,142,016] sps=149,143  policy_loss=0.0019  value_loss=0.1280  mi_loss=0.0013  mi_valid=0.74  div_loss=-0.1582  kl_loss=0.0000 (disabled)  score=0.924  return=0.830  role_std=9.0230  role_norm=53.2597  enc_delta ego=0.0008 partner=0.0011 road=0.0015
[ROMA step 5,869,928,448] sps=149,123  policy_loss=0.0113  value_loss=0.1845  mi_loss=0.0012  mi_valid=0.75  div_loss=-0.1650  kl_loss=0.0000 (disabled)  score=0.924  return=0.829  role_std=8.7381  role_norm=52.8528  enc_delta ego=0.0006 partner=0.0012 road=0.0013
[ROMA step 5,870,714,880] sps=149,098  policy_loss=-0.0008  value_loss=0.1333  mi_loss=0.0012  mi_valid=0.75  div_loss=-0.1660  kl_loss=0.0000 (disabled)  score=0.925  return=0.832  role_std=8.4871  role_norm=54.9795  enc_delta ego=0.0007 partner=0.0011 road=0.0014
[ROMA step 5,871,501,312] sps=149,011  policy_loss=-0.0038  value_loss=0.1469  mi_loss=0.0012  mi_valid=0.73  div_loss=-0.1738  kl_loss=0.0000 (disabled)  score=0.925  return=0.832  role_std=8.8444  role_norm=55.1384  enc_delta ego=0.0010 partner=0.0011 road=0.0017
[ROMA step 5,872,287,744] sps=148,990  policy_loss=-0.0014  value_loss=0.1257  mi_loss=0.0012  mi_valid=0.74  div_loss=-0.1709  kl_loss=0.0000 (disabled)  score=0.925  return=0.831  role_std=9.6099  role_norm=53.8953  enc_delta ego=0.0007 partner=0.0010 road=0.0013
[ROMA step 5,873,074,176] sps=148,969  policy_loss=-0.0007  value_loss=0.1451  mi_loss=0.0012  mi_valid=0.75  div_loss=-0.1729  kl_loss=0.0000 (disabled)  score=0.925  return=0.830  role_std=9.4119  role_norm=53.3581  enc_delta ego=0.0007 partner=0.0010 road=0.0013
[ROMA step 5,873,860,608] sps=148,886  policy_loss=-0.0036  value_loss=0.1473  mi_loss=0.0012  mi_valid=0.73  div_loss=-0.1650  kl_loss=0.0000 (disabled)  score=0.925  return=0.831  role_std=8.9974  role_norm=51.3378  enc_delta ego=0.0007 partner=0.0011 road=0.0015
[ROMA step 5,874,647,040] sps=148,865  policy_loss=0.0011  value_loss=0.1017  mi_loss=0.0012  mi_valid=0.76  div_loss=-0.1602  kl_loss=0.0000 (disabled)  score=0.925  return=0.832  role_std=8.1962  role_norm=54.9145  enc_delta ego=0.0009 partner=0.0010 road=0.0017
[ROMA step 5,875,433,472] sps=148,845  policy_loss=0.0077  value_loss=0.1227  mi_loss=0.0012  mi_valid=0.75  div_loss=-0.1621  kl_loss=0.0000 (disabled)  score=0.925  return=0.832  role_std=8.2436  role_norm=54.9678  enc_delta ego=0.0006 partner=0.0009 road=0.0014
[ROMA step 5,876,219,904] sps=148,824  policy_loss=-0.0032  value_loss=0.1002  mi_loss=0.0012  mi_valid=0.75  div_loss=-0.1611  kl_loss=0.0000 (disabled)  score=0.926  return=0.833  role_std=8.5168  role_norm=54.2679  enc_delta ego=0.0007 partner=0.0011 road=0.0013
[ROMA step 5,877,006,336] sps=148,745  policy_loss=-0.0065  value_loss=0.1716  mi_loss=0.0012  mi_valid=0.72  div_loss=-0.1562  kl_loss=0.0000 (disabled)  score=0.926  return=0.834  role_std=8.6040  role_norm=54.0111  enc_delta ego=0.0006 partner=0.0011 road=0.0014
[ROMA step 5,877,792,768] sps=148,724  policy_loss=0.0005  value_loss=0.1381  mi_loss=0.0012  mi_valid=0.74  div_loss=-0.1562  kl_loss=0.0000 (disabled)  score=0.927  return=0.836  role_std=8.7341  role_norm=53.5211  enc_delta ego=0.0008 partner=0.0009 road=0.0012
[ROMA step 5,878,579,200] sps=148,704  policy_loss=-0.0043  value_loss=0.0926  mi_loss=0.0012  mi_valid=0.74  div_loss=-0.1514  kl_loss=0.0000 (disabled)  score=0.927  return=0.838  role_std=8.1520  role_norm=55.4692  enc_delta ego=0.0007 partner=0.0009 road=0.0011
[ROMA step 5,879,365,632] sps=148,616  policy_loss=0.0015  value_loss=0.1567  mi_loss=0.0012  mi_valid=0.73  div_loss=-0.1650  kl_loss=0.0000 (disabled)  score=0.928  return=0.839  role_std=8.6801  role_norm=56.4851  enc_delta ego=0.0009 partner=0.0011 road=0.0013
[ROMA step 5,880,152,064] sps=148,597  policy_loss=-0.0015  value_loss=0.2367  mi_loss=0.0014  mi_valid=0.74  div_loss=-0.1816  kl_loss=0.0000 (disabled)  score=0.928  return=0.837  role_std=8.9866  role_norm=55.4733  enc_delta ego=0.0009 partner=0.0014 road=0.0018
[ROMA step 5,880,938,496] sps=148,575  policy_loss=-0.0005  value_loss=0.1973  mi_loss=0.0014  mi_valid=0.74  div_loss=-0.1875  kl_loss=0.0000 (disabled)  score=0.929  return=0.836  role_std=10.3786  role_norm=54.3621  enc_delta ego=0.0010 partner=0.0011 road=0.0017
[ROMA step 5,881,724,928] sps=148,555  policy_loss=0.0011  value_loss=0.2020  mi_loss=0.0013  mi_valid=0.74  div_loss=-0.1895  kl_loss=0.0000 (disabled)  score=0.930  return=0.833  role_std=11.0693  role_norm=53.5216  enc_delta ego=0.0012 partner=0.0012 road=0.0018
[ROMA step 5,882,511,360] sps=148,466  policy_loss=-0.0065  value_loss=0.1803  mi_loss=0.0012  mi_valid=0.72  div_loss=-0.1797  kl_loss=0.0000 (disabled)  score=0.931  return=0.835  role_std=8.2313  role_norm=55.5143  enc_delta ego=0.0013 partner=0.0012 road=0.0018
[ROMA step 5,883,297,792] sps=148,444  policy_loss=-0.0045  value_loss=0.1306  mi_loss=0.0012  mi_valid=0.74  div_loss=-0.1709  kl_loss=0.0000 (disabled)  score=0.931  return=0.836  role_std=9.5934  role_norm=55.2453  enc_delta ego=0.0011 partner=0.0013 road=0.0019
[ROMA step 5,884,084,224] sps=148,422  policy_loss=-0.0029  value_loss=0.1880  mi_loss=0.0011  mi_valid=0.73  div_loss=-0.1787  kl_loss=0.0000 (disabled)  score=0.932  return=0.838  role_std=9.0722  role_norm=54.9474  enc_delta ego=0.0010 partner=0.0013 road=0.0023
[ROMA step 5,884,870,656] sps=148,335  policy_loss=0.0046  value_loss=0.1599  mi_loss=0.0012  mi_valid=0.72  div_loss=-0.1797  kl_loss=0.0000 (disabled)  score=0.932  return=0.838  role_std=9.8479  role_norm=54.2490  enc_delta ego=0.0009 partner=0.0011 road=0.0017
[ROMA step 5,885,657,088] sps=148,313  policy_loss=0.0049  value_loss=0.1623  mi_loss=0.0011  mi_valid=0.73  div_loss=-0.1768  kl_loss=0.0000 (disabled)  score=0.932  return=0.837  role_std=10.3533  role_norm=53.2153  enc_delta ego=0.0007 partner=0.0011 road=0.0014
[ROMA step 5,886,443,520] sps=148,293  policy_loss=-0.0011  value_loss=0.1830  mi_loss=0.0011  mi_valid=0.73  div_loss=-0.1836  kl_loss=0.0000 (disabled)  score=0.933  return=0.838  role_std=10.9821  role_norm=53.3226  enc_delta ego=0.0010 partner=0.0012 road=0.0018
[ROMA step 5,887,229,952] sps=148,273  policy_loss=-0.0012  value_loss=0.1546  mi_loss=0.0011  mi_valid=0.73  div_loss=-0.1758  kl_loss=0.0000 (disabled)  score=0.934  return=0.840  role_std=9.1400  role_norm=55.4350  enc_delta ego=0.0008 partner=0.0009 road=0.0016
[ROMA step 5,888,016,384] sps=148,191  policy_loss=-0.0028  value_loss=0.1406  mi_loss=0.0011  mi_valid=0.72  div_loss=-0.1797  kl_loss=0.0000 (disabled)  score=0.935  return=0.840  role_std=9.0075  role_norm=55.2476  enc_delta ego=0.0008 partner=0.0010 road=0.0017
[ROMA step 5,888,802,816] sps=148,171  policy_loss=0.0031  value_loss=0.1487  mi_loss=0.0012  mi_valid=0.74  div_loss=-0.1787  kl_loss=0.0000 (disabled)  score=0.936  return=0.840  role_std=9.4153  role_norm=54.4388  enc_delta ego=0.0009 partner=0.0014 road=0.0017
[ROMA step 5,889,589,248] sps=148,151  policy_loss=-0.0018  value_loss=0.1332  mi_loss=0.0012  mi_valid=0.74  div_loss=-0.1758  kl_loss=0.0000 (disabled)  score=0.936  return=0.841  role_std=9.9473  role_norm=53.8473  enc_delta ego=0.0007 partner=0.0010 road=0.0012
[ROMA step 5,890,375,680] sps=148,060  policy_loss=0.0015  value_loss=0.1288  mi_loss=0.0012  mi_valid=0.71  div_loss=-0.1738  kl_loss=0.0000 (disabled)  score=0.936  return=0.841  role_std=11.0417  role_norm=50.2076  enc_delta ego=0.0009 partner=0.0008 road=0.0013
[ROMA step 5,891,162,112] sps=148,040  policy_loss=-0.0010  value_loss=0.2119  mi_loss=0.0012  mi_valid=0.75  div_loss=-0.1768  kl_loss=0.0000 (disabled)  score=0.936  return=0.840  role_std=8.5211  role_norm=55.4447  enc_delta ego=0.0015 partner=0.0011 road=0.0017
[ROMA step 5,891,948,544] sps=148,020  policy_loss=-0.0004  value_loss=0.1737  mi_loss=0.0012  mi_valid=0.74  div_loss=-0.1777  kl_loss=0.0000 (disabled)  score=0.936  return=0.838  role_std=8.8052  role_norm=54.8536  enc_delta ego=0.0010 partner=0.0010 road=0.0017
[ROMA step 5,892,734,976] sps=147,999  policy_loss=0.0024  value_loss=0.1618  mi_loss=0.0012  mi_valid=0.74  div_loss=-0.1738  kl_loss=0.0000 (disabled)  score=0.936  return=0.837  role_std=8.7054  role_norm=55.0460  enc_delta ego=0.0009 partner=0.0012 road=0.0016
[ROMA step 5,893,521,408] sps=147,880  policy_loss=0.0065  value_loss=0.2602  mi_loss=0.0012  mi_valid=0.72  div_loss=-0.1816  kl_loss=0.0000 (disabled)  score=0.936  return=0.833  role_std=10.3449  role_norm=53.6498  enc_delta ego=0.0012 partner=0.0011 road=0.0015
[ROMA step 5,894,307,840] sps=147,861  policy_loss=0.0076  value_loss=0.1673  mi_loss=0.0012  mi_valid=0.73  div_loss=-0.1816  kl_loss=0.0000 (disabled)  score=0.937  return=0.831  role_std=10.6877  role_norm=53.1756  enc_delta ego=0.0007 partner=0.0014 road=0.0016
[ROMA step 5,895,094,272] sps=147,842  policy_loss=0.0020  value_loss=0.1781  mi_loss=0.0012  mi_valid=0.74  div_loss=-0.1797  kl_loss=0.0000 (disabled)  score=0.938  return=0.829  role_std=10.4667  role_norm=52.3902  enc_delta ego=0.0009 partner=0.0011 road=0.0013
[ROMA step 5,895,880,704] sps=147,818  policy_loss=-0.0071  value_loss=0.1606  mi_loss=0.0012  mi_valid=0.74  div_loss=-0.1758  kl_loss=0.0000 (disabled)  score=0.939  return=0.828  role_std=8.5364  role_norm=54.8737  enc_delta ego=0.0007 partner=0.0009 road=0.0011
[ROMA step 5,896,667,136] sps=147,740  policy_loss=0.0069  value_loss=0.2506  mi_loss=0.0012  mi_valid=0.72  div_loss=-0.1680  kl_loss=0.0000 (disabled)  score=0.939  return=0.828  role_std=8.5463  role_norm=55.0657  enc_delta ego=0.0010 partner=0.0015 road=0.0019
[ROMA step 5,897,453,568] sps=147,720  policy_loss=-0.0042  value_loss=0.1257  mi_loss=0.0011  mi_valid=0.74  div_loss=-0.1562  kl_loss=0.0000 (disabled)  score=0.940  return=0.827  role_std=8.2612  role_norm=55.0904  enc_delta ego=0.0009 partner=0.0011 road=0.0012
[ROMA step 5,898,240,000] sps=147,700  policy_loss=0.0031  value_loss=0.1890  mi_loss=0.0011  mi_valid=0.74  div_loss=-0.1602  kl_loss=0.0000 (disabled)  score=0.940  return=0.826  role_std=8.8953  role_norm=54.0678  enc_delta ego=0.0006 partner=0.0010 road=0.0012
[ROMA step 5,899,026,432] sps=147,616  policy_loss=-0.0052  value_loss=0.1414  mi_loss=0.0012  mi_valid=0.72  div_loss=-0.1602  kl_loss=0.0000 (disabled)  score=0.940  return=0.825  role_std=10.1502  role_norm=52.5148  enc_delta ego=0.0008 partner=0.0010 road=0.0016
[ROMA step 5,899,812,864] sps=147,596  policy_loss=-0.0046  value_loss=0.1281  mi_loss=0.0013  mi_valid=0.75  div_loss=-0.1689  kl_loss=0.0000 (disabled)  score=0.941  return=0.824  role_std=8.0886  role_norm=56.3956  enc_delta ego=0.0007 partner=0.0009 road=0.0014
[ROMA step 5,900,599,296] sps=147,577  policy_loss=-0.0024  value_loss=0.1338  mi_loss=0.0013  mi_valid=0.74  div_loss=-0.1670  kl_loss=0.0000 (disabled)  score=0.941  return=0.824  role_std=8.2347  role_norm=56.0019  enc_delta ego=0.0008 partner=0.0011 road=0.0016
[ROMA step 5,901,385,728] sps=147,553  policy_loss=-0.0053  value_loss=0.2335  mi_loss=0.0013  mi_valid=0.73  div_loss=-0.1826  kl_loss=0.0000 (disabled)  score=0.941  return=0.823  role_std=8.8133  role_norm=55.3759  enc_delta ego=0.0008 partner=0.0013 road=0.0016
[ROMA step 5,902,172,160] sps=147,467  policy_loss=0.0043  value_loss=0.2121  mi_loss=0.0013  mi_valid=0.71  div_loss=-0.1758  kl_loss=0.0000 (disabled)  score=0.941  return=0.823  role_std=9.7331  role_norm=54.4413  enc_delta ego=0.0009 partner=0.0010 road=0.0016
[ROMA step 5,902,958,592] sps=147,447  policy_loss=-0.0040  value_loss=0.1275  mi_loss=0.0012  mi_valid=0.73  div_loss=-0.1621  kl_loss=0.0000 (disabled)  score=0.942  return=0.826  role_std=10.1022  role_norm=53.5393  enc_delta ego=0.0006 partner=0.0009 road=0.0013
[ROMA step 5,903,745,024] sps=147,428  policy_loss=-0.0049  value_loss=0.1581  mi_loss=0.0012  mi_valid=0.73  div_loss=-0.1660  kl_loss=0.0000 (disabled)  score=0.942  return=0.828  role_std=8.6731  role_norm=55.6793  enc_delta ego=0.0009 partner=0.0011 road=0.0014
[ROMA step 5,904,531,456] sps=147,330  policy_loss=0.0046  value_loss=0.1659  mi_loss=0.0012  mi_valid=0.72  div_loss=-0.1602  kl_loss=0.0000 (disabled)  score=0.942  return=0.830  role_std=8.2016  role_norm=56.2817  enc_delta ego=0.0008 partner=0.0010 road=0.0014
[ROMA step 5,905,317,888] sps=147,311  policy_loss=-0.0060  value_loss=0.2139  mi_loss=0.0012  mi_valid=0.73  div_loss=-0.1660  kl_loss=0.0000 (disabled)  score=0.943  return=0.830  role_std=8.7998  role_norm=55.4671  enc_delta ego=0.0006 partner=0.0012 road=0.0020
[ROMA step 5,906,104,320] sps=147,290  policy_loss=0.0051  value_loss=0.1693  mi_loss=0.0012  mi_valid=0.73  div_loss=-0.1650  kl_loss=0.0000 (disabled)  score=0.943  return=0.829  role_std=9.2805  role_norm=54.7404  enc_delta ego=0.0007 partner=0.0009 road=0.0017
[ROMA step 5,906,890,752] sps=147,269  policy_loss=-0.0094  value_loss=0.1706  mi_loss=0.0013  mi_valid=0.73  div_loss=-0.1660  kl_loss=0.0000 (disabled)  score=0.943  return=0.830  role_std=9.0049  role_norm=54.5192  enc_delta ego=0.0008 partner=0.0011 road=0.0017
[ROMA step 5,907,677,184] sps=147,165  policy_loss=-0.0055  value_loss=0.1442  mi_loss=0.0012  mi_valid=0.73  div_loss=-0.1621  kl_loss=0.0000 (disabled)  score=0.943  return=0.827  role_std=8.0124  role_norm=55.2501  enc_delta ego=0.0008 partner=0.0012 road=0.0016
[ROMA step 5,908,463,616] sps=147,147  policy_loss=-0.0006  value_loss=0.1413  mi_loss=0.0013  mi_valid=0.74  div_loss=-0.1631  kl_loss=0.0000 (disabled)  score=0.943  return=0.829  role_std=8.0125  role_norm=55.3235  enc_delta ego=0.0008 partner=0.0010 road=0.0012
[ROMA step 5,909,250,048] sps=147,124  policy_loss=0.0014  value_loss=0.0991  mi_loss=0.0013  mi_valid=0.74  div_loss=-0.1582  kl_loss=0.0000 (disabled)  score=0.943  return=0.830  role_std=8.1390  role_norm=54.8679  enc_delta ego=0.0009 partner=0.0008 road=0.0012
[ROMA step 5,910,036,480] sps=147,033  policy_loss=0.0020  value_loss=0.1564  mi_loss=0.0012  mi_valid=0.72  div_loss=-0.1689  kl_loss=0.0000 (disabled)  score=0.943  return=0.828  role_std=8.8510  role_norm=54.2946  enc_delta ego=0.0008 partner=0.0008 road=0.0011
[ROMA step 5,910,822,912] sps=147,013  policy_loss=0.0019  value_loss=0.2678  mi_loss=0.0014  mi_valid=0.74  div_loss=-0.1738  kl_loss=0.0000 (disabled)  score=0.943  return=0.827  role_std=9.9384  role_norm=52.9759  enc_delta ego=0.0008 partner=0.0012 road=0.0015
[ROMA step 5,911,609,344] sps=146,994  policy_loss=-0.0000  value_loss=0.2435  mi_loss=0.0014  mi_valid=0.74  div_loss=-0.1738  kl_loss=0.0000 (disabled)  score=0.943  return=0.825  role_std=10.1858  role_norm=51.7372  enc_delta ego=0.0009 partner=0.0011 road=0.0015
[ROMA step 5,912,395,776] sps=146,975  policy_loss=-0.0017  value_loss=0.1622  mi_loss=0.0014  mi_valid=0.75  div_loss=-0.1797  kl_loss=0.0000 (disabled)  score=0.943  return=0.823  role_std=8.6268  role_norm=54.2410  enc_delta ego=0.0009 partner=0.0010 road=0.0014
[ROMA step 5,913,182,208] sps=146,884  policy_loss=-0.0020  value_loss=0.2340  mi_loss=0.0013  mi_valid=0.73  div_loss=-0.1875  kl_loss=0.0000 (disabled)  score=0.942  return=0.822  role_std=9.6394  role_norm=54.2811  enc_delta ego=0.0010 partner=0.0012 road=0.0017
[ROMA step 5,913,968,640] sps=146,864  policy_loss=0.0015  value_loss=0.2034  mi_loss=0.0013  mi_valid=0.74  div_loss=-0.1846  kl_loss=0.0000 (disabled)  score=0.942  return=0.822  role_std=9.6053  role_norm=53.8062  enc_delta ego=0.0010 partner=0.0010 road=0.0020
[ROMA step 5,914,755,072] sps=146,844  policy_loss=-0.0001  value_loss=0.1994  mi_loss=0.0012  mi_valid=0.74  div_loss=-0.1787  kl_loss=0.0000 (disabled)  score=0.941  return=0.819  role_std=9.9487  role_norm=52.8373  enc_delta ego=0.0008 partner=0.0011 road=0.0014
[ROMA step 5,915,541,504] sps=146,755  policy_loss=0.0023  value_loss=0.2327  mi_loss=0.0012  mi_valid=0.72  div_loss=-0.1797  kl_loss=0.0000 (disabled)  score=0.941  return=0.816  role_std=10.8465  role_norm=49.7343  enc_delta ego=0.0013 partner=0.0009 road=0.0011
[ROMA step 5,916,327,936] sps=146,736  policy_loss=0.0004  value_loss=0.1844  mi_loss=0.0012  mi_valid=0.76  div_loss=-0.1836  kl_loss=0.0000 (disabled)  score=0.941  return=0.817  role_std=9.0136  role_norm=54.7223  enc_delta ego=0.0008 partner=0.0011 road=0.0017
[ROMA step 5,917,114,368] sps=146,715  policy_loss=-0.0016  value_loss=0.2562  mi_loss=0.0012  mi_valid=0.76  div_loss=-0.1865  kl_loss=0.0000 (disabled)  score=0.940  return=0.818  role_std=9.1082  role_norm=55.1996  enc_delta ego=0.0010 partner=0.0011 road=0.0018
[ROMA step 5,917,900,800] sps=146,696  policy_loss=0.0014  value_loss=0.1278  mi_loss=0.0012  mi_valid=0.75  div_loss=-0.1787  kl_loss=0.0000 (disabled)  score=0.940  return=0.820  role_std=8.9964  role_norm=54.9711  enc_delta ego=0.0006 partner=0.0009 road=0.0013
[ROMA step 5,918,687,232] sps=146,612  policy_loss=0.0020  value_loss=0.1723  mi_loss=0.0012  mi_valid=0.72  div_loss=-0.1748  kl_loss=0.0000 (disabled)  score=0.939  return=0.820  role_std=9.3095  role_norm=54.6117  enc_delta ego=0.0008 partner=0.0010 road=0.0017
[ROMA step 5,919,473,664] sps=146,591  policy_loss=-0.0019  value_loss=0.1532  mi_loss=0.0012  mi_valid=0.74  div_loss=-0.1592  kl_loss=0.0000 (disabled)  score=0.939  return=0.822  role_std=9.3377  role_norm=53.3709  enc_delta ego=0.0010 partner=0.0009 road=0.0017
[ROMA step 5,920,260,096] sps=146,572  policy_loss=-0.0028  value_loss=0.1740  mi_loss=0.0012  mi_valid=0.74  div_loss=-0.1602  kl_loss=0.0000 (disabled)  score=0.939  return=0.822  role_std=9.6265  role_norm=52.7248  enc_delta ego=0.0010 partner=0.0009 road=0.0013
[ROMA step 5,921,046,528] sps=146,552  policy_loss=0.0054  value_loss=0.1153  mi_loss=0.0012  mi_valid=0.75  div_loss=-0.1562  kl_loss=0.0000 (disabled)  score=0.939  return=0.822  role_std=7.8294  role_norm=55.5705  enc_delta ego=0.0008 partner=0.0007 road=0.0012
[ROMA step 5,921,832,960] sps=146,446  policy_loss=0.0016  value_loss=0.1936  mi_loss=0.0012  mi_valid=0.73  div_loss=-0.1631  kl_loss=0.0000 (disabled)  score=0.938  return=0.823  role_std=8.4779  role_norm=54.1231  enc_delta ego=0.0012 partner=0.0012 road=0.0016
[ROMA step 5,922,619,392] sps=146,427  policy_loss=0.0014  value_loss=0.1467  mi_loss=0.0012  mi_valid=0.75  div_loss=-0.1719  kl_loss=0.0000 (disabled)  score=0.938  return=0.821  role_std=8.4675  role_norm=54.1589  enc_delta ego=0.0007 partner=0.0011 road=0.0015
[ROMA step 5,923,405,824] sps=146,408  policy_loss=0.0020  value_loss=0.1458  mi_loss=0.0012  mi_valid=0.74  div_loss=-0.1709  kl_loss=0.0000 (disabled)  score=0.937  return=0.819  role_std=9.3699  role_norm=52.9212  enc_delta ego=0.0006 partner=0.0008 road=0.0012
[ROMA step 5,924,192,256] sps=146,307  policy_loss=-0.0004  value_loss=0.2042  mi_loss=0.0012  mi_valid=0.72  div_loss=-0.1777  kl_loss=0.0000 (disabled)  score=0.937  return=0.819  role_std=10.6282  role_norm=50.9388  enc_delta ego=0.0008 partner=0.0010 road=0.0012
[ROMA step 5,924,978,688] sps=146,288  policy_loss=-0.0037  value_loss=0.1655  mi_loss=0.0012  mi_valid=0.74  div_loss=-0.1680  kl_loss=0.0000 (disabled)  score=0.937  return=0.820  role_std=8.0181  role_norm=55.2316  enc_delta ego=0.0010 partner=0.0011 road=0.0014
[ROMA step 5,925,765,120] sps=146,268  policy_loss=-0.0037  value_loss=0.1382  mi_loss=0.0012  mi_valid=0.73  div_loss=-0.1709  kl_loss=0.0000 (disabled)  score=0.937  return=0.820  role_std=8.6533  role_norm=55.1652  enc_delta ego=0.0010 partner=0.0010 road=0.0014
[ROMA step 5,926,551,552] sps=146,249  policy_loss=-0.0019  value_loss=0.1432  mi_loss=0.0013  mi_valid=0.74  div_loss=-0.1729  kl_loss=0.0000 (disabled)  score=0.936  return=0.820  role_std=8.8030  role_norm=54.4376  enc_delta ego=0.0011 partner=0.0010 road=0.0014
[ROMA step 5,927,337,984] sps=146,155  policy_loss=0.0041  value_loss=0.2270  mi_loss=0.0013  mi_valid=0.73  div_loss=-0.1689  kl_loss=0.0000 (disabled)  score=0.936  return=0.819  role_std=9.1507  role_norm=52.6844  enc_delta ego=0.0009 partner=0.0013 road=0.0015
[ROMA step 5,928,124,416] sps=146,137  policy_loss=0.0010  value_loss=0.1817  mi_loss=0.0013  mi_valid=0.75  div_loss=-0.1748  kl_loss=0.0000 (disabled)  score=0.935  return=0.816  role_std=9.8127  role_norm=52.1517  enc_delta ego=0.0008 partner=0.0010 road=0.0018
[ROMA step 5,928,910,848] sps=146,118  policy_loss=0.0052  value_loss=0.1619  mi_loss=0.0013  mi_valid=0.76  div_loss=-0.1729  kl_loss=0.0000 (disabled)  score=0.935  return=0.815  role_std=9.7305  role_norm=51.9035  enc_delta ego=0.0008 partner=0.0009 road=0.0017
[ROMA step 5,929,697,280] sps=146,024  policy_loss=0.0006  value_loss=0.2060  mi_loss=0.0013  mi_valid=0.74  div_loss=-0.1816  kl_loss=0.0000 (disabled)  score=0.934  return=0.814  role_std=8.7130  role_norm=55.4918  enc_delta ego=0.0009 partner=0.0009 road=0.0014
[ROMA step 5,930,483,712] sps=146,006  policy_loss=0.0023  value_loss=0.1733  mi_loss=0.0013  mi_valid=0.74  div_loss=-0.1777  kl_loss=0.0000 (disabled)  score=0.934  return=0.812  role_std=9.0876  role_norm=54.5536  enc_delta ego=0.0009 partner=0.0011 road=0.0016
[ROMA step 5,931,270,144] sps=145,987  policy_loss=-0.0026  value_loss=0.1803  mi_loss=0.0014  mi_valid=0.74  div_loss=-0.1689  kl_loss=0.0000 (disabled)  score=0.934  return=0.814  role_std=9.4639  role_norm=54.2317  enc_delta ego=0.0006 partner=0.0008 road=0.0012
[ROMA step 5,932,056,576] sps=145,966  policy_loss=0.0107  value_loss=0.1233  mi_loss=0.0013  mi_valid=0.74  div_loss=-0.1611  kl_loss=0.0000 (disabled)  score=0.933  return=0.810  role_std=9.3745  role_norm=53.5612  enc_delta ego=0.0007 partner=0.0008 road=0.0013
[ROMA step 5,932,843,008] sps=145,871  policy_loss=-0.0043  value_loss=0.2286  mi_loss=0.0012  mi_valid=0.73  div_loss=-0.1689  kl_loss=0.0000 (disabled)  score=0.933  return=0.809  role_std=8.6428  role_norm=52.8157  enc_delta ego=0.0008 partner=0.0013 road=0.0015
[ROMA step 5,933,629,440] sps=145,852  policy_loss=-0.0029  value_loss=0.3227  mi_loss=0.0011  mi_valid=0.74  div_loss=-0.1729  kl_loss=0.0000 (disabled)  score=0.934  return=0.809  role_std=8.1774  role_norm=55.6073  enc_delta ego=0.0008 partner=0.0013 road=0.0014
[ROMA step 5,934,415,872] sps=145,833  policy_loss=0.0005  value_loss=0.1836  mi_loss=0.0013  mi_valid=0.74  div_loss=-0.1729  kl_loss=0.0000 (disabled)  score=0.934  return=0.809  role_std=8.8107  role_norm=55.4262  enc_delta ego=0.0009 partner=0.0011 road=0.0015
[ROMA step 5,935,202,304] sps=145,761  policy_loss=0.0010  value_loss=0.2216  mi_loss=0.0012  mi_valid=0.72  div_loss=-0.1777  kl_loss=0.0000 (disabled)  score=0.934  return=0.810  role_std=9.2157  role_norm=54.4836  enc_delta ego=0.0008 partner=0.0010 road=0.0012
[ROMA step 5,935,988,736] sps=145,743  policy_loss=0.0075  value_loss=0.0988  mi_loss=0.0012  mi_valid=0.74  div_loss=-0.1621  kl_loss=0.0000 (disabled)  score=0.933  return=0.810  role_std=9.1567  role_norm=53.4274  enc_delta ego=0.0007 partner=0.0008 road=0.0013
[ROMA step 5,936,775,168] sps=145,723  policy_loss=0.0054  value_loss=0.1021  mi_loss=0.0012  mi_valid=0.74  div_loss=-0.1602  kl_loss=0.0000 (disabled)  score=0.933  return=0.812  role_std=9.4132  role_norm=52.4745  enc_delta ego=0.0006 partner=0.0006 road=0.0012
[ROMA step 5,937,561,600] sps=145,705  policy_loss=-0.0023  value_loss=0.0885  mi_loss=0.0013  mi_valid=0.75  div_loss=-0.1631  kl_loss=0.0000 (disabled)  score=0.933  return=0.815  role_std=8.3233  role_norm=55.6197  enc_delta ego=0.0008 partner=0.0008 road=0.0012
[ROMA step 5,938,348,032] sps=145,610  policy_loss=0.0049  value_loss=0.1356  mi_loss=0.0013  mi_valid=0.73  div_loss=-0.1709  kl_loss=0.0000 (disabled)  score=0.933  return=0.818  role_std=8.3263  role_norm=55.8213  enc_delta ego=0.0012 partner=0.0009 road=0.0011
[ROMA step 5,939,134,464] sps=145,589  policy_loss=0.0008  value_loss=0.2044  mi_loss=0.0012  mi_valid=0.73  div_loss=-0.1738  kl_loss=0.0000 (disabled)  score=0.934  return=0.819  role_std=8.8490  role_norm=55.4232  enc_delta ego=0.0011 partner=0.0009 road=0.0012
[ROMA step 5,939,920,896] sps=145,571  policy_loss=0.0003  value_loss=0.1084  mi_loss=0.0013  mi_valid=0.74  div_loss=-0.1670  kl_loss=0.0000 (disabled)  score=0.934  return=0.822  role_std=9.2529  role_norm=54.4277  enc_delta ego=0.0010 partner=0.0008 road=0.0012
[ROMA step 5,940,707,328] sps=145,488  policy_loss=0.0029  value_loss=0.1153  mi_loss=0.0013  mi_valid=0.71  div_loss=-0.1631  kl_loss=0.0000 (disabled)  score=0.934  return=0.824  role_std=10.2118  role_norm=51.0763  enc_delta ego=0.0009 partner=0.0008 road=0.0012
[ROMA step 5,941,493,760] sps=145,470  policy_loss=-0.0061  value_loss=0.2318  mi_loss=0.0012  mi_valid=0.75  div_loss=-0.1709  kl_loss=0.0000 (disabled)  score=0.934  return=0.824  role_std=7.8898  role_norm=56.1755  enc_delta ego=0.0011 partner=0.0010 road=0.0017
[ROMA step 5,942,280,192] sps=145,452  policy_loss=-0.0013  value_loss=0.1734  mi_loss=0.0013  mi_valid=0.75  div_loss=-0.1670  kl_loss=0.0000 (disabled)  score=0.934  return=0.823  role_std=8.0904  role_norm=55.7235  enc_delta ego=0.0007 partner=0.0011 road=0.0012
[ROMA step 5,943,066,624] sps=145,433  policy_loss=-0.0014  value_loss=0.1448  mi_loss=0.0012  mi_valid=0.74  div_loss=-0.1621  kl_loss=0.0000 (disabled)  score=0.935  return=0.824  role_std=8.2360  role_norm=55.0634  enc_delta ego=0.0008 partner=0.0009 road=0.0014
[ROMA step 5,943,853,056] sps=145,347  policy_loss=-0.0044  value_loss=0.1632  mi_loss=0.0012  mi_valid=0.72  div_loss=-0.1650  kl_loss=0.0000 (disabled)  score=0.934  return=0.823  role_std=8.9360  role_norm=54.8622  enc_delta ego=0.0011 partner=0.0009 road=0.0017
[ROMA step 5,944,639,488] sps=145,328  policy_loss=-0.0025  value_loss=0.1622  mi_loss=0.0014  mi_valid=0.74  div_loss=-0.1738  kl_loss=0.0000 (disabled)  score=0.934  return=0.821  role_std=9.8354  role_norm=53.9821  enc_delta ego=0.0011 partner=0.0011 road=0.0013
[ROMA step 5,945,425,920] sps=145,309  policy_loss=-0.0025  value_loss=0.1403  mi_loss=0.0013  mi_valid=0.74  div_loss=-0.1729  kl_loss=0.0000 (disabled)  score=0.934  return=0.821  role_std=10.2637  role_norm=53.2792  enc_delta ego=0.0015 partner=0.0010 road=0.0015
[ROMA step 5,946,212,352] sps=145,290  policy_loss=0.0002  value_loss=0.1197  mi_loss=0.0013  mi_valid=0.75  div_loss=-0.1709  kl_loss=0.0000 (disabled)  score=0.933  return=0.819  role_std=8.3010  role_norm=55.8304  enc_delta ego=0.0008 partner=0.0009 road=0.0015
[ROMA step 5,946,998,784] sps=145,199  policy_loss=0.0010  value_loss=0.1797  mi_loss=0.0013  mi_valid=0.72  div_loss=-0.1689  kl_loss=0.0000 (disabled)  score=0.934  return=0.820  role_std=8.0094  role_norm=55.6365  enc_delta ego=0.0009 partner=0.0010 road=0.0018
[ROMA step 5,947,785,216] sps=145,178  policy_loss=-0.0042  value_loss=0.1117  mi_loss=0.0013  mi_valid=0.74  div_loss=-0.1660  kl_loss=0.0000 (disabled)  score=0.934  return=0.822  role_std=8.5642  role_norm=54.7560  enc_delta ego=0.0006 partner=0.0008 road=0.0011
[ROMA step 5,948,571,648] sps=145,159  policy_loss=-0.0019  value_loss=0.1801  mi_loss=0.0013  mi_valid=0.74  div_loss=-0.1670  kl_loss=0.0000 (disabled)  score=0.934  return=0.822  role_std=9.3105  role_norm=53.7479  enc_delta ego=0.0006 partner=0.0009 road=0.0012
[ROMA step 5,949,358,080] sps=145,061  policy_loss=0.0056  value_loss=0.1499  mi_loss=0.0013  mi_valid=0.72  div_loss=-0.1670  kl_loss=0.0000 (disabled)  score=0.933  return=0.821  role_std=10.3570  role_norm=51.2176  enc_delta ego=0.0008 partner=0.0008 road=0.0015
[ROMA step 5,950,144,512] sps=145,041  policy_loss=-0.0009  value_loss=0.1606  mi_loss=0.0012  mi_valid=0.75  div_loss=-0.1699  kl_loss=0.0000 (disabled)  score=0.933  return=0.821  role_std=8.2137  role_norm=55.7283  enc_delta ego=0.0007 partner=0.0009 road=0.0014
[ROMA step 5,950,930,944] sps=145,021  policy_loss=0.0019  value_loss=0.1652  mi_loss=0.0012  mi_valid=0.75  div_loss=-0.1709  kl_loss=0.0000 (disabled)  score=0.932  return=0.821  role_std=8.3411  role_norm=55.6643  enc_delta ego=0.0007 partner=0.0008 road=0.0013
[ROMA step 5,951,717,376] sps=145,003  policy_loss=-0.0025  value_loss=0.1996  mi_loss=0.0012  mi_valid=0.74  div_loss=-0.1777  kl_loss=0.0000 (disabled)  score=0.933  return=0.822  role_std=9.1819  role_norm=55.1504  enc_delta ego=0.0006 partner=0.0009 road=0.0013
[ROMA step 5,952,503,808] sps=144,913  policy_loss=-0.0002  value_loss=0.1890  mi_loss=0.0013  mi_valid=0.72  div_loss=-0.1826  kl_loss=0.0000 (disabled)  score=0.933  return=0.822  role_std=9.5933  role_norm=53.5789  enc_delta ego=0.0006 partner=0.0008 road=0.0014
[ROMA step 5,953,290,240] sps=144,895  policy_loss=-0.0017  value_loss=0.1428  mi_loss=0.0012  mi_valid=0.74  div_loss=-0.1758  kl_loss=0.0000 (disabled)  score=0.933  return=0.825  role_std=10.1858  role_norm=52.8002  enc_delta ego=0.0005 partner=0.0008 road=0.0013
[ROMA step 5,954,076,672] sps=144,877  policy_loss=0.0009  value_loss=0.1324  mi_loss=0.0012  mi_valid=0.74  div_loss=-0.1670  kl_loss=0.0000 (disabled)  score=0.933  return=0.827  role_std=10.0412  role_norm=51.8420  enc_delta ego=0.0008 partner=0.0008 road=0.0011
[ROMA step 5,954,863,104] sps=144,768  policy_loss=0.0002  value_loss=0.2266  mi_loss=0.0011  mi_valid=0.73  div_loss=-0.1787  kl_loss=0.0000 (disabled)  score=0.934  return=0.830  role_std=8.2044  role_norm=56.1442  enc_delta ego=0.0007 partner=0.0010 road=0.0016
[ROMA step 5,955,649,536] sps=144,748  policy_loss=0.0021  value_loss=0.2170  mi_loss=0.0013  mi_valid=0.74  div_loss=-0.1865  kl_loss=0.0000 (disabled)  score=0.933  return=0.828  role_std=9.2137  role_norm=54.6677  enc_delta ego=0.0008 partner=0.0010 road=0.0017
[ROMA step 5,956,435,968] sps=144,730  policy_loss=-0.0039  value_loss=0.1620  mi_loss=0.0013  mi_valid=0.75  div_loss=-0.1826  kl_loss=0.0000 (disabled)  score=0.933  return=0.828  role_std=10.1363  role_norm=53.4125  enc_delta ego=0.0006 partner=0.0008 road=0.0011
[ROMA step 5,957,222,400] sps=144,712  policy_loss=-0.0033  value_loss=0.1791  mi_loss=0.0013  mi_valid=0.75  div_loss=-0.1865  kl_loss=0.0000 (disabled)  score=0.931  return=0.825  role_std=10.3738  role_norm=52.7519  enc_delta ego=0.0007 partner=0.0009 road=0.0012
[ROMA step 5,958,008,832] sps=144,632  policy_loss=-0.0015  value_loss=0.1411  mi_loss=0.0012  mi_valid=0.74  div_loss=-0.1797  kl_loss=0.0000 (disabled)  score=0.929  return=0.823  role_std=10.0692  role_norm=49.6795  enc_delta ego=0.0008 partner=0.0010 road=0.0014
[ROMA step 5,958,795,264] sps=144,615  policy_loss=-0.0064  value_loss=0.0927  mi_loss=0.0013  mi_valid=0.76  div_loss=-0.1738  kl_loss=0.0000 (disabled)  score=0.929  return=0.825  role_std=7.8254  role_norm=55.9534  enc_delta ego=0.0005 partner=0.0007 road=0.0010
[ROMA step 5,959,581,696] sps=144,595  policy_loss=-0.0002  value_loss=0.0862  mi_loss=0.0012  mi_valid=0.74  div_loss=-0.1729  kl_loss=0.0000 (disabled)  score=0.928  return=0.828  role_std=8.5342  role_norm=55.0937  enc_delta ego=0.0005 partner=0.0006 road=0.0010
[ROMA step 5,960,368,128] sps=144,506  policy_loss=0.0027  value_loss=0.1219  mi_loss=0.0013  mi_valid=0.72  div_loss=-0.1738  kl_loss=0.0000 (disabled)  score=0.928  return=0.829  role_std=9.2121  role_norm=54.7315  enc_delta ego=0.0010 partner=0.0010 road=0.0012
[ROMA step 5,961,154,560] sps=144,488  policy_loss=0.0043  value_loss=0.1636  mi_loss=0.0012  mi_valid=0.73  div_loss=-0.1738  kl_loss=0.0000 (disabled)  score=0.929  return=0.832  role_std=10.1610  role_norm=54.0442  enc_delta ego=0.0009 partner=0.0008 road=0.0011
[ROMA step 5,961,940,992] sps=144,469  policy_loss=-0.0026  value_loss=0.1478  mi_loss=0.0011  mi_valid=0.74  div_loss=-0.1729  kl_loss=0.0000 (disabled)  score=0.930  return=0.832  role_std=10.1131  role_norm=52.9263  enc_delta ego=0.0009 partner=0.0010 road=0.0011
[ROMA step 5,962,727,424] sps=144,449  policy_loss=0.0012  value_loss=0.1108  mi_loss=0.0012  mi_valid=0.74  div_loss=-0.1670  kl_loss=0.0000 (disabled)  score=0.929  return=0.830  role_std=8.4873  role_norm=55.4003  enc_delta ego=0.0007 partner=0.0009 road=0.0011
[ROMA step 5,963,513,856] sps=144,356  policy_loss=-0.0014  value_loss=0.1597  mi_loss=0.0013  mi_valid=0.74  div_loss=-0.1768  kl_loss=0.0000 (disabled)  score=0.930  return=0.831  role_std=8.6983  role_norm=54.9312  enc_delta ego=0.0009 partner=0.0012 road=0.0015
[ROMA step 5,964,300,288] sps=144,338  policy_loss=-0.0051  value_loss=0.1469  mi_loss=0.0013  mi_valid=0.75  div_loss=-0.1709  kl_loss=0.0000 (disabled)  score=0.929  return=0.828  role_std=8.9280  role_norm=54.3959  enc_delta ego=0.0009 partner=0.0011 road=0.0013
[ROMA step 5,965,086,720] sps=144,320  policy_loss=-0.0019  value_loss=0.1242  mi_loss=0.0013  mi_valid=0.75  div_loss=-0.1689  kl_loss=0.0000 (disabled)  score=0.929  return=0.828  role_std=9.0687  role_norm=53.5608  enc_delta ego=0.0007 partner=0.0007 road=0.0010
[ROMA step 5,965,873,152] sps=144,232  policy_loss=-0.0061  value_loss=0.1670  mi_loss=0.0013  mi_valid=0.73  div_loss=-0.1719  kl_loss=0.0000 (disabled)  score=0.929  return=0.828  role_std=9.7873  role_norm=50.5343  enc_delta ego=0.0007 partner=0.0009 road=0.0013
[ROMA step 5,966,659,584] sps=144,214  policy_loss=0.0036  value_loss=0.1144  mi_loss=0.0012  mi_valid=0.75  div_loss=-0.1611  kl_loss=0.0000 (disabled)  score=0.929  return=0.831  role_std=8.2016  role_norm=54.8674  enc_delta ego=0.0006 partner=0.0009 road=0.0013
[ROMA step 5,967,446,016] sps=144,196  policy_loss=0.0026  value_loss=0.0783  mi_loss=0.0013  mi_valid=0.75  div_loss=-0.1650  kl_loss=0.0000 (disabled)  score=0.929  return=0.833  role_std=8.2549  role_norm=55.2771  enc_delta ego=0.0006 partner=0.0009 road=0.0011
[ROMA step 5,968,232,448] sps=144,178  policy_loss=0.0004  value_loss=0.1572  mi_loss=0.0013  mi_valid=0.74  div_loss=-0.1758  kl_loss=0.0000 (disabled)  score=0.929  return=0.834  role_std=8.4465  role_norm=55.1812  enc_delta ego=0.0007 partner=0.0009 road=0.0013
[ROMA step 5,969,018,880] sps=144,086  policy_loss=-0.0017  value_loss=0.1242  mi_loss=0.0012  mi_valid=0.73  div_loss=-0.1787  kl_loss=0.0000 (disabled)  score=0.929  return=0.834  role_std=9.2432  role_norm=54.4278  enc_delta ego=0.0006 partner=0.0009 road=0.0015
[ROMA step 5,969,805,312] sps=144,068  policy_loss=0.0016  value_loss=0.1808  mi_loss=0.0013  mi_valid=0.74  div_loss=-0.1787  kl_loss=0.0000 (disabled)  score=0.928  return=0.834  role_std=9.9847  role_norm=53.4407  enc_delta ego=0.0008 partner=0.0011 road=0.0015
[ROMA step 5,970,591,744] sps=144,050  policy_loss=-0.0037  value_loss=0.1245  mi_loss=0.0013  mi_valid=0.74  div_loss=-0.1855  kl_loss=0.0000 (disabled)  score=0.928  return=0.832  role_std=10.5959  role_norm=51.9821  enc_delta ego=0.0007 partner=0.0009 road=0.0014
[ROMA step 5,971,378,176] sps=144,032  policy_loss=0.0024  value_loss=0.1301  mi_loss=0.0012  mi_valid=0.75  div_loss=-0.1826  kl_loss=0.0000 (disabled)  score=0.928  return=0.833  role_std=9.1994  role_norm=54.2349  enc_delta ego=0.0007 partner=0.0007 road=0.0012
[ROMA step 5,972,164,608] sps=143,944  policy_loss=0.0042  value_loss=0.1430  mi_loss=0.0013  mi_valid=0.73  div_loss=-0.1865  kl_loss=0.0000 (disabled)  score=0.928  return=0.835  role_std=8.8334  role_norm=54.4423  enc_delta ego=0.0008 partner=0.0012 road=0.0014
[ROMA step 5,972,951,040] sps=143,926  policy_loss=0.0020  value_loss=0.1178  mi_loss=0.0013  mi_valid=0.74  div_loss=-0.1797  kl_loss=0.0000 (disabled)  score=0.928  return=0.835  role_std=9.3200  role_norm=53.8151  enc_delta ego=0.0008 partner=0.0006 road=0.0012
[ROMA step 5,973,737,472] sps=143,906  policy_loss=0.0041  value_loss=0.1692  mi_loss=0.0013  mi_valid=0.74  div_loss=-0.1895  kl_loss=0.0000 (disabled)  score=0.928  return=0.837  role_std=9.8680  role_norm=53.1403  enc_delta ego=0.0007 partner=0.0009 road=0.0014
[ROMA step 5,974,523,904] sps=143,811  policy_loss=-0.0010  value_loss=0.1131  mi_loss=0.0013  mi_valid=0.72  div_loss=-0.1836  kl_loss=0.0000 (disabled)  score=0.929  return=0.840  role_std=10.8811  role_norm=51.1592  enc_delta ego=0.0006 partner=0.0008 road=0.0013
[ROMA step 5,975,310,336] sps=143,793  policy_loss=-0.0092  value_loss=0.0929  mi_loss=0.0012  mi_valid=0.75  div_loss=-0.1729  kl_loss=0.0000 (disabled)  score=0.929  return=0.841  role_std=8.3967  role_norm=54.8736  enc_delta ego=0.0007 partner=0.0011 road=0.0013
[ROMA step 5,976,096,768] sps=143,775  policy_loss=-0.0002  value_loss=0.0900  mi_loss=0.0012  mi_valid=0.74  div_loss=-0.1729  kl_loss=0.0000 (disabled)  score=0.929  return=0.843  role_std=8.5486  role_norm=55.4290  enc_delta ego=0.0008 partner=0.0009 road=0.0013
[ROMA step 5,976,883,200] sps=143,756  policy_loss=-0.0049  value_loss=0.0864  mi_loss=0.0011  mi_valid=0.74  div_loss=-0.1650  kl_loss=0.0000 (disabled)  score=0.930  return=0.846  role_std=8.5096  role_norm=55.0438  enc_delta ego=0.0007 partner=0.0009 road=0.0013
[ROMA step 5,977,669,632] sps=143,666  policy_loss=0.0040  value_loss=0.1473  mi_loss=0.0013  mi_valid=0.72  div_loss=-0.1768  kl_loss=0.0000 (disabled)  score=0.930  return=0.846  role_std=9.5245  role_norm=54.1617  enc_delta ego=0.0009 partner=0.0008 road=0.0012
[ROMA step 5,978,456,064] sps=143,648  policy_loss=0.0048  value_loss=0.1967  mi_loss=0.0013  mi_valid=0.74  div_loss=-0.1748  kl_loss=0.0000 (disabled)  score=0.930  return=0.845  role_std=9.9959  role_norm=53.4506  enc_delta ego=0.0009 partner=0.0009 road=0.0013
[ROMA step 5,979,242,496] sps=143,629  policy_loss=0.0030  value_loss=0.1069  mi_loss=0.0013  mi_valid=0.74  div_loss=-0.1719  kl_loss=0.0000 (disabled)  score=0.930  return=0.844  role_std=10.2795  role_norm=52.0132  enc_delta ego=0.0007 partner=0.0008 road=0.0011
[ROMA step 5,980,028,928] sps=143,544  policy_loss=0.0059  value_loss=0.2028  mi_loss=0.0013  mi_valid=0.73  div_loss=-0.1846  kl_loss=0.0000 (disabled)  score=0.930  return=0.844  role_std=8.8910  role_norm=54.8121  enc_delta ego=0.0007 partner=0.0008 road=0.0014
[ROMA step 5,980,815,360] sps=143,525  policy_loss=0.0037  value_loss=0.1934  mi_loss=0.0013  mi_valid=0.74  div_loss=-0.1846  kl_loss=0.0000 (disabled)  score=0.931  return=0.845  role_std=9.1996  role_norm=54.3291  enc_delta ego=0.0007 partner=0.0011 road=0.0013
[ROMA step 5,981,601,792] sps=143,507  policy_loss=0.0027  value_loss=0.1355  mi_loss=0.0013  mi_valid=0.74  div_loss=-0.1729  kl_loss=0.0000 (disabled)  score=0.932  return=0.845  role_std=9.0678  role_norm=54.1018  enc_delta ego=0.0008 partner=0.0011 road=0.0013
[ROMA step 5,982,388,224] sps=143,490  policy_loss=-0.0016  value_loss=0.1521  mi_loss=0.0013  mi_valid=0.74  div_loss=-0.1709  kl_loss=0.0000 (disabled)  score=0.933  return=0.847  role_std=9.5685  role_norm=53.6477  enc_delta ego=0.0007 partner=0.0009 road=0.0012
[ROMA step 5,983,174,656] sps=143,404  policy_loss=0.0018  value_loss=0.2111  mi_loss=0.0012  mi_valid=0.72  div_loss=-0.1631  kl_loss=0.0000 (disabled)  score=0.934  return=0.848  role_std=9.8522  role_norm=53.0287  enc_delta ego=0.0009 partner=0.0010 road=0.0018
[ROMA step 5,983,961,088] sps=143,387  policy_loss=0.0033  value_loss=0.1070  mi_loss=0.0012  mi_valid=0.74  div_loss=-0.1641  kl_loss=0.0000 (disabled)  score=0.935  return=0.848  role_std=7.8022  role_norm=56.2981  enc_delta ego=0.0006 partner=0.0011 road=0.0013
[ROMA step 5,984,747,520] sps=143,370  policy_loss=0.0012  value_loss=0.1102  mi_loss=0.0012  mi_valid=0.74  div_loss=-0.1572  kl_loss=0.0000 (disabled)  score=0.935  return=0.849  role_std=8.4913  role_norm=55.6464  enc_delta ego=0.0007 partner=0.0006 road=0.0008
[ROMA step 5,985,533,952] sps=143,282  policy_loss=-0.0062  value_loss=0.1090  mi_loss=0.0012  mi_valid=0.72  div_loss=-0.1709  kl_loss=0.0000 (disabled)  score=0.935  return=0.850  role_std=8.6125  role_norm=54.8459  enc_delta ego=0.0008 partner=0.0007 road=0.0012
[ROMA step 5,986,320,384] sps=143,264  policy_loss=-0.0055  value_loss=0.1490  mi_loss=0.0013  mi_valid=0.74  div_loss=-0.1748  kl_loss=0.0000 (disabled)  score=0.934  return=0.848  role_std=9.3881  role_norm=53.4459  enc_delta ego=0.0009 partner=0.0010 road=0.0018
[ROMA step 5,987,106,816] sps=143,247  policy_loss=0.0018  value_loss=0.1698  mi_loss=0.0012  mi_valid=0.74  div_loss=-0.1719  kl_loss=0.0000 (disabled)  score=0.934  return=0.847  role_std=10.2376  role_norm=53.0205  enc_delta ego=0.0012 partner=0.0009 road=0.0019
[ROMA step 5,987,893,248] sps=143,229  policy_loss=-0.0037  value_loss=0.2016  mi_loss=0.0012  mi_valid=0.75  div_loss=-0.1807  kl_loss=0.0000 (disabled)  score=0.933  return=0.845  role_std=10.0750  role_norm=52.5827  enc_delta ego=0.0009 partner=0.0012 road=0.0017
[ROMA step 5,988,679,680] sps=143,145  policy_loss=0.0021  value_loss=0.2132  mi_loss=0.0012  mi_valid=0.73  div_loss=-0.1846  kl_loss=0.0000 (disabled)  score=0.934  return=0.847  role_std=8.9113  role_norm=56.1113  enc_delta ego=0.0009 partner=0.0008 road=0.0013
[ROMA step 5,989,466,112] sps=143,127  policy_loss=0.0030  value_loss=0.1531  mi_loss=0.0011  mi_valid=0.73  div_loss=-0.1748  kl_loss=0.0000 (disabled)  score=0.935  return=0.850  role_std=9.2935  role_norm=55.3100  enc_delta ego=0.0007 partner=0.0007 road=0.0010
[ROMA step 5,990,252,544] sps=143,109  policy_loss=-0.0012  value_loss=0.1293  mi_loss=0.0012  mi_valid=0.73  div_loss=-0.1738  kl_loss=0.0000 (disabled)  score=0.934  return=0.849  role_std=9.3502  role_norm=54.8897  enc_delta ego=0.0007 partner=0.0009 road=0.0010
[ROMA step 5,991,038,976] sps=143,020  policy_loss=0.0000  value_loss=0.1513  mi_loss=0.0012  mi_valid=0.71  div_loss=-0.1729  kl_loss=0.0000 (disabled)  score=0.934  return=0.848  role_std=9.9240  role_norm=51.2701  enc_delta ego=0.0008 partner=0.0007 road=0.0010
[ROMA step 5,991,825,408] sps=143,002  policy_loss=-0.0015  value_loss=0.1425  mi_loss=0.0012  mi_valid=0.75  div_loss=-0.1641  kl_loss=0.0000 (disabled)  score=0.934  return=0.845  role_std=9.3754  role_norm=52.4679  enc_delta ego=0.0007 partner=0.0010 road=0.0016
[ROMA step 5,992,611,840] sps=142,984  policy_loss=0.0076  value_loss=0.2545  mi_loss=0.0012  mi_valid=0.75  div_loss=-0.1670  kl_loss=0.0000 (disabled)  score=0.934  return=0.845  role_std=8.7013  role_norm=55.7945  enc_delta ego=0.0008 partner=0.0011 road=0.0015
[ROMA step 5,993,398,272] sps=142,966  policy_loss=0.0016  value_loss=0.1227  mi_loss=0.0012  mi_valid=0.75  div_loss=-0.1572  kl_loss=0.0000 (disabled)  score=0.934  return=0.845  role_std=7.9238  role_norm=55.2514  enc_delta ego=0.0007 partner=0.0009 road=0.0016
[ROMA step 5,994,184,704] sps=142,868  policy_loss=-0.0015  value_loss=0.1181  mi_loss=0.0013  mi_valid=0.73  div_loss=-0.1680  kl_loss=0.0000 (disabled)  score=0.933  return=0.846  role_std=8.7673  role_norm=54.2714  enc_delta ego=0.0009 partner=0.0009 road=0.0012
[ROMA step 5,994,971,136] sps=142,849  policy_loss=-0.0009  value_loss=0.1688  mi_loss=0.0014  mi_valid=0.75  div_loss=-0.1602  kl_loss=0.0000 (disabled)  score=0.933  return=0.846  role_std=9.2397  role_norm=52.9124  enc_delta ego=0.0008 partner=0.0010 road=0.0014
[ROMA step 5,995,757,568] sps=142,832  policy_loss=0.0013  value_loss=0.2069  mi_loss=0.0014  mi_valid=0.74  div_loss=-0.1582  kl_loss=0.0000 (disabled)  score=0.933  return=0.844  role_std=10.0385  role_norm=52.7117  enc_delta ego=0.0007 partner=0.0009 road=0.0014
[ROMA step 5,996,544,000] sps=142,811  policy_loss=0.0025  value_loss=0.1356  mi_loss=0.0014  mi_valid=0.75  div_loss=-0.1572  kl_loss=0.0000 (disabled)  score=0.933  return=0.842  role_std=7.9268  role_norm=55.9090  enc_delta ego=0.0014 partner=0.0007 road=0.0010
[ROMA step 5,997,330,432] sps=142,731  policy_loss=-0.0024  value_loss=0.1317  mi_loss=0.0013  mi_valid=0.73  div_loss=-0.1602  kl_loss=0.0000 (disabled)  score=0.933  return=0.841  role_std=8.0415  role_norm=56.1102  enc_delta ego=0.0008 partner=0.0010 road=0.0015
[ROMA step 5,998,116,864] sps=142,714  policy_loss=-0.0033  value_loss=0.0961  mi_loss=0.0013  mi_valid=0.74  div_loss=-0.1611  kl_loss=0.0000 (disabled)  score=0.933  return=0.841  role_std=8.2495  role_norm=55.4393  enc_delta ego=0.0006 partner=0.0010 road=0.0016
[ROMA step 5,998,903,296] sps=142,696  policy_loss=0.0021  value_loss=0.0892  mi_loss=0.0013  mi_valid=0.74  div_loss=-0.1611  kl_loss=0.0000 (disabled)  score=0.933  return=0.840  role_std=8.9630  role_norm=54.5796  enc_delta ego=0.0005 partner=0.0007 road=0.0011
[ROMA step 5,999,689,728] sps=142,601  policy_loss=-0.0025  value_loss=0.1517  mi_loss=0.0013  mi_valid=0.72  div_loss=-0.1680  kl_loss=0.0000 (disabled)  score=0.933  return=0.839  role_std=10.1116  role_norm=53.3530  enc_delta ego=0.0008 partner=0.0009 road=0.0011
[ROMA step 6,000,476,160] sps=142,583  policy_loss=0.0041  value_loss=0.1250  mi_loss=0.0014  mi_valid=0.75  div_loss=-0.1650  kl_loss=0.0000 (disabled)  score=0.933  return=0.839  role_std=7.9345  role_norm=56.4497  enc_delta ego=0.0005 partner=0.0009 road=0.0009
[ROMA step 6,001,262,592] sps=142,567  policy_loss=-0.0008  value_loss=0.2259  mi_loss=0.0013  mi_valid=0.75  div_loss=-0.1758  kl_loss=0.0000 (disabled)  score=0.933  return=0.836  role_std=8.3895  role_norm=55.9111  enc_delta ego=0.0009 partner=0.0010 road=0.0013
[ROMA] Saved -> /scratch/e452103/checkpoints/roma_mifutagent_dim1_H8_r16p64_ft_pc40_cb1_lr_half_nodiv/roma_dim1_step6001262592.pt
[ROMA] Periodic WOSAC eval at step 6,001,262,592 ...

WOSAC realism metrics (32 rollouts, up to 10 batches, step 6,001,262,592)...
  Batch 10/10 | scenarios: 1224 | realism: 0.6920

  Scenarios evaluated       : 1224
  Realism meta-score        : 0.6920
  Kinematic metrics         : 0.2705
  Interactive metrics       : 0.6861
  Map-based metrics         : 0.7652
  minADE (m)                : 4.7508
  likelihood_offroad        : 0.9139
  likelihood_dist_road_edge : 0.6156
  likelihood_collision      : 0.9521
  likelihood_dist_obj       : 0.2939
  likelihood_ttc            : 0.8067
  likelihood_linear_speed   : 0.2398
  likelihood_linear_accel   : 0.3276
  likelihood_angular_speed  : 0.2332
  likelihood_angular_accel  : 0.2769
[ROMA step 6,002,049,024] sps=140,456  policy_loss=0.0041  value_loss=0.2196  mi_loss=0.0013  mi_valid=0.74  div_loss=-0.1777  kl_loss=0.0000 (disabled)  score=0.933  return=0.834  role_std=8.8427  role_norm=55.6148  enc_delta ego=0.0009 partner=0.0010 road=0.0010
[ROMA step 6,002,835,456] sps=140,376  policy_loss=0.0036  value_loss=0.2039  mi_loss=0.0012  mi_valid=0.73  div_loss=-0.1680  kl_loss=0.0000 (disabled)  score=0.933  return=0.833  role_std=9.3561  role_norm=53.9044  enc_delta ego=0.0007 partner=0.0010 road=0.0014
[ROMA step 6,003,621,888] sps=140,358  policy_loss=0.0022  value_loss=0.1648  mi_loss=0.0012  mi_valid=0.75  div_loss=-0.1660  kl_loss=0.0000 (disabled)  score=0.932  return=0.832  role_std=9.5815  role_norm=53.1499  enc_delta ego=0.0007 partner=0.0008 road=0.0011
[ROMA step 6,004,408,320] sps=140,341  policy_loss=0.0006  value_loss=0.1630  mi_loss=0.0012  mi_valid=0.75  div_loss=-0.1680  kl_loss=0.0000 (disabled)  score=0.932  return=0.832  role_std=10.0745  role_norm=51.8908  enc_delta ego=0.0006 partner=0.0008 road=0.0010
[ROMA step 6,005,194,752] sps=140,255  policy_loss=0.0031  value_loss=0.2083  mi_loss=0.0012  mi_valid=0.74  div_loss=-0.1855  kl_loss=0.0000 (disabled)  score=0.932  return=0.831  role_std=9.0089  role_norm=56.0130  enc_delta ego=0.0008 partner=0.0012 road=0.0016
[ROMA step 6,005,981,184] sps=140,240  policy_loss=0.0010  value_loss=0.2279  mi_loss=0.0012  mi_valid=0.74  div_loss=-0.1914  kl_loss=0.0000 (disabled)  score=0.931  return=0.830  role_std=9.6887  role_norm=55.0368  enc_delta ego=0.0010 partner=0.0011 road=0.0014
[ROMA step 6,006,767,616] sps=140,224  policy_loss=0.0001  value_loss=0.1947  mi_loss=0.0013  mi_valid=0.74  div_loss=-0.1885  kl_loss=0.0000 (disabled)  score=0.930  return=0.829  role_std=10.3583  role_norm=54.1752  enc_delta ego=0.0008 partner=0.0008 road=0.0013
[ROMA step 6,007,554,048] sps=140,208  policy_loss=-0.0025  value_loss=0.1872  mi_loss=0.0013  mi_valid=0.74  div_loss=-0.1904  kl_loss=0.0000 (disabled)  score=0.930  return=0.830  role_std=10.1718  role_norm=53.5068  enc_delta ego=0.0008 partner=0.0010 road=0.0012
[ROMA step 6,008,340,480] sps=140,130  policy_loss=0.0035  value_loss=0.1435  mi_loss=0.0011  mi_valid=0.73  div_loss=-0.1807  kl_loss=0.0000 (disabled)  score=0.929  return=0.827  role_std=10.5475  role_norm=51.1419  enc_delta ego=0.0008 partner=0.0009 road=0.0013
[ROMA step 6,009,126,912] sps=140,114  policy_loss=0.0039  value_loss=0.1433  mi_loss=0.0011  mi_valid=0.75  div_loss=-0.1748  kl_loss=0.0000 (disabled)  score=0.929  return=0.826  role_std=8.2961  role_norm=55.2114  enc_delta ego=0.0008 partner=0.0009 road=0.0015
[ROMA step 6,009,913,344] sps=140,098  policy_loss=0.0020  value_loss=0.1099  mi_loss=0.0012  mi_valid=0.75  div_loss=-0.1758  kl_loss=0.0000 (disabled)  score=0.929  return=0.823  role_std=8.8894  role_norm=54.9315  enc_delta ego=0.0005 partner=0.0007 road=0.0012
[ROMA step 6,010,699,776] sps=140,020  policy_loss=0.0050  value_loss=0.1868  mi_loss=0.0012  mi_valid=0.73  div_loss=-0.1826  kl_loss=0.0000 (disabled)  score=0.929  return=0.819  role_std=9.4827  role_norm=55.2121  enc_delta ego=0.0005 partner=0.0009 road=0.0011
[ROMA step 6,011,486,208] sps=139,998  policy_loss=0.0034  value_loss=0.1661  mi_loss=0.0012  mi_valid=0.73  div_loss=-0.1738  kl_loss=0.0000 (disabled)  score=0.929  return=0.820  role_std=10.4468  role_norm=53.7100  enc_delta ego=0.0007 partner=0.0009 road=0.0018
[ROMA step 6,012,272,640] sps=139,981  policy_loss=0.0018  value_loss=0.1850  mi_loss=0.0012  mi_valid=0.73  div_loss=-0.1729  kl_loss=0.0000 (disabled)  score=0.929  return=0.818  role_std=10.5116  role_norm=52.8774  enc_delta ego=0.0008 partner=0.0008 road=0.0015
[ROMA step 6,013,059,072] sps=139,964  policy_loss=0.0019  value_loss=0.2013  mi_loss=0.0012  mi_valid=0.74  div_loss=-0.1699  kl_loss=0.0000 (disabled)  score=0.929  return=0.819  role_std=10.0979  role_norm=53.1191  enc_delta ego=0.0009 partner=0.0008 road=0.0010
[ROMA step 6,013,845,504] sps=139,632  policy_loss=-0.0041  value_loss=0.2023  mi_loss=0.0012  mi_valid=0.73  div_loss=-0.1846  kl_loss=0.0000 (disabled)  score=0.929  return=0.820  role_std=8.7810  role_norm=56.0337  enc_delta ego=0.0010 partner=0.0008 road=0.0014
[ROMA step 6,014,631,936] sps=139,615  policy_loss=0.0007  value_loss=0.1603  mi_loss=0.0012  mi_valid=0.74  div_loss=-0.1758  kl_loss=0.0000 (disabled)  score=0.929  return=0.818  role_std=9.1417  role_norm=55.6860  enc_delta ego=0.0007 partner=0.0009 road=0.0012
[ROMA step 6,015,418,368] sps=139,599  policy_loss=0.0025  value_loss=0.2041  mi_loss=0.0012  mi_valid=0.73  div_loss=-0.1787  kl_loss=0.0000 (disabled)  score=0.928  return=0.815  role_std=9.8764  role_norm=55.2162  enc_delta ego=0.0006 partner=0.0008 road=0.0014
[ROMA step 6,016,204,800] sps=139,514  policy_loss=-0.0010  value_loss=0.1824  mi_loss=0.0012  mi_valid=0.71  div_loss=-0.1807  kl_loss=0.0000 (disabled)  score=0.928  return=0.813  role_std=10.7997  role_norm=52.0392  enc_delta ego=0.0006 partner=0.0008 road=0.0014
[ROMA step 6,016,991,232] sps=139,499  policy_loss=-0.0053  value_loss=0.1290  mi_loss=0.0012  mi_valid=0.75  div_loss=-0.1738  kl_loss=0.0000 (disabled)  score=0.927  return=0.810  role_std=10.4705  role_norm=52.1609  enc_delta ego=0.0010 partner=0.0010 road=0.0016
[ROMA step 6,017,777,664] sps=139,483  policy_loss=0.0043  value_loss=0.1215  mi_loss=0.0013  mi_valid=0.75  div_loss=-0.1709  kl_loss=0.0000 (disabled)  score=0.927  return=0.810  role_std=7.5273  role_norm=57.0024  enc_delta ego=0.0005 partner=0.0008 road=0.0013
[ROMA step 6,018,564,096] sps=139,467  policy_loss=0.0012  value_loss=0.1603  mi_loss=0.0013  mi_valid=0.74  div_loss=-0.1807  kl_loss=0.0000 (disabled)  score=0.927  return=0.810  role_std=8.6899  role_norm=55.7434  enc_delta ego=0.0009 partner=0.0010 road=0.0013
[ROMA step 6,019,350,528] sps=139,395  policy_loss=-0.0047  value_loss=0.1195  mi_loss=0.0013  mi_valid=0.72  div_loss=-0.1768  kl_loss=0.0000 (disabled)  score=0.928  return=0.810  role_std=8.8799  role_norm=54.6483  enc_delta ego=0.0006 partner=0.0007 road=0.0010
[ROMA step 6,020,136,960] sps=139,379  policy_loss=0.0046  value_loss=0.1581  mi_loss=0.0013  mi_valid=0.74  div_loss=-0.1719  kl_loss=0.0000 (disabled)  score=0.928  return=0.810  role_std=9.7274  role_norm=53.5844  enc_delta ego=0.0006 partner=0.0008 road=0.0015
[ROMA step 6,020,923,392] sps=139,363  policy_loss=-0.0037  value_loss=0.1422  mi_loss=0.0012  mi_valid=0.74  div_loss=-0.1650  kl_loss=0.0000 (disabled)  score=0.928  return=0.812  role_std=10.0344  role_norm=52.8800  enc_delta ego=0.0005 partner=0.0007 road=0.0010
[ROMA step 6,021,709,824] sps=139,348  policy_loss=-0.0058  value_loss=0.1229  mi_loss=0.0012  mi_valid=0.75  div_loss=-0.1650  kl_loss=0.0000 (disabled)  score=0.928  return=0.812  role_std=8.5384  role_norm=55.2080  enc_delta ego=0.0006 partner=0.0009 road=0.0010
[ROMA step 6,022,496,256] sps=139,273  policy_loss=0.0039  value_loss=0.2021  mi_loss=0.0012  mi_valid=0.73  div_loss=-0.1729  kl_loss=0.0000 (disabled)  score=0.929  return=0.814  role_std=8.4913  role_norm=55.4830  enc_delta ego=0.0009 partner=0.0008 road=0.0011
[ROMA step 6,023,282,688] sps=139,257  policy_loss=-0.0007  value_loss=0.1178  mi_loss=0.0013  mi_valid=0.74  div_loss=-0.1660  kl_loss=0.0000 (disabled)  score=0.930  return=0.817  role_std=8.7953  role_norm=54.9837  enc_delta ego=0.0009 partner=0.0008 road=0.0011
[ROMA step 6,024,069,120] sps=139,241  policy_loss=-0.0058  value_loss=0.1407  mi_loss=0.0013  mi_valid=0.73  div_loss=-0.1699  kl_loss=0.0000 (disabled)  score=0.930  return=0.818  role_std=9.2822  role_norm=54.8377  enc_delta ego=0.0008 partner=0.0008 road=0.0008
[ROMA step 6,024,855,552] sps=139,171  policy_loss=0.0007  value_loss=0.1636  mi_loss=0.0012  mi_valid=0.72  div_loss=-0.1738  kl_loss=0.0000 (disabled)  score=0.930  return=0.817  role_std=10.4775  role_norm=52.4478  enc_delta ego=0.0009 partner=0.0009 road=0.0014
[ROMA step 6,025,641,984] sps=139,153  policy_loss=0.0009  value_loss=0.1319  mi_loss=0.0011  mi_valid=0.74  div_loss=-0.1709  kl_loss=0.0000 (disabled)  score=0.930  return=0.818  role_std=8.8341  role_norm=54.8330  enc_delta ego=0.0006 partner=0.0009 road=0.0011
[ROMA step 6,026,428,416] sps=139,137  policy_loss=0.0060  value_loss=0.1301  mi_loss=0.0011  mi_valid=0.74  div_loss=-0.1758  kl_loss=0.0000 (disabled)  score=0.930  return=0.820  role_std=8.5054  role_norm=55.4559  enc_delta ego=0.0006 partner=0.0010 road=0.0011
[ROMA step 6,027,214,848] sps=139,121  policy_loss=-0.0060  value_loss=0.1644  mi_loss=0.0012  mi_valid=0.73  div_loss=-0.1797  kl_loss=0.0000 (disabled)  score=0.931  return=0.824  role_std=9.3459  role_norm=55.2371  enc_delta ego=0.0006 partner=0.0009 road=0.0012
[ROMA step 6,028,001,280] sps=139,045  policy_loss=-0.0060  value_loss=0.1426  mi_loss=0.0012  mi_valid=0.72  div_loss=-0.1680  kl_loss=0.0000 (disabled)  score=0.931  return=0.825  role_std=9.0172  role_norm=54.6129  enc_delta ego=0.0010 partner=0.0008 road=0.0012
[ROMA step 6,028,787,712] sps=139,030  policy_loss=0.0041  value_loss=0.2849  mi_loss=0.0012  mi_valid=0.73  div_loss=-0.1729  kl_loss=0.0000 (disabled)  score=0.932  return=0.826  role_std=9.7474  role_norm=53.6941  enc_delta ego=0.0007 partner=0.0008 road=0.0011
[ROMA step 6,029,574,144] sps=139,015  policy_loss=0.0079  value_loss=0.2047  mi_loss=0.0011  mi_valid=0.74  div_loss=-0.1680  kl_loss=0.0000 (disabled)  score=0.933  return=0.825  role_std=10.0211  role_norm=53.2678  enc_delta ego=0.0006 partner=0.0009 road=0.0011
[ROMA step 6,030,360,576] sps=138,936  policy_loss=-0.0018  value_loss=0.1490  mi_loss=0.0012  mi_valid=0.73  div_loss=-0.1758  kl_loss=0.0000 (disabled)  score=0.933  return=0.825  role_std=8.5914  role_norm=56.1034  enc_delta ego=0.0007 partner=0.0008 road=0.0012
[ROMA step 6,031,147,008] sps=138,920  policy_loss=-0.0037  value_loss=0.1674  mi_loss=0.0012  mi_valid=0.74  div_loss=-0.1777  kl_loss=0.0000 (disabled)  score=0.934  return=0.828  role_std=9.3119  role_norm=55.5701  enc_delta ego=0.0008 partner=0.0008 road=0.0012
[ROMA step 6,031,933,440] sps=138,905  policy_loss=-0.0043  value_loss=0.1418  mi_loss=0.0013  mi_valid=0.74  div_loss=-0.1768  kl_loss=0.0000 (disabled)  score=0.934  return=0.831  role_std=9.5680  role_norm=54.7978  enc_delta ego=0.0006 partner=0.0008 road=0.0015
[ROMA step 6,032,719,872] sps=138,889  policy_loss=-0.0000  value_loss=0.1899  mi_loss=0.0013  mi_valid=0.74  div_loss=-0.1797  kl_loss=0.0000 (disabled)  score=0.935  return=0.833  role_std=9.9608  role_norm=54.2353  enc_delta ego=0.0007 partner=0.0008 road=0.0012
[ROMA step 6,033,506,304] sps=138,818  policy_loss=0.0051  value_loss=0.1737  mi_loss=0.0012  mi_valid=0.72  div_loss=-0.1787  kl_loss=0.0000 (disabled)  score=0.935  return=0.832  role_std=10.1661  role_norm=51.7761  enc_delta ego=0.0006 partner=0.0008 road=0.0015
[ROMA step 6,034,292,736] sps=138,802  policy_loss=0.0030  value_loss=0.1481  mi_loss=0.0011  mi_valid=0.75  div_loss=-0.1719  kl_loss=0.0000 (disabled)  score=0.935  return=0.833  role_std=8.6469  role_norm=55.5861  enc_delta ego=0.0006 partner=0.0007 road=0.0014
[ROMA step 6,035,079,168] sps=138,787  policy_loss=-0.0002  value_loss=0.0756  mi_loss=0.0012  mi_valid=0.75  div_loss=-0.1709  kl_loss=0.0000 (disabled)  score=0.934  return=0.833  role_std=8.1566  role_norm=55.9465  enc_delta ego=0.0005 partner=0.0007 road=0.0009
[ROMA step 6,035,865,600] sps=138,711  policy_loss=0.0007  value_loss=0.1812  mi_loss=0.0012  mi_valid=0.73  div_loss=-0.1807  kl_loss=0.0000 (disabled)  score=0.935  return=0.835  role_std=9.0300  role_norm=55.5297  enc_delta ego=0.0008 partner=0.0008 road=0.0010
[ROMA step 6,036,652,032] sps=138,695  policy_loss=-0.0033  value_loss=0.1352  mi_loss=0.0012  mi_valid=0.74  div_loss=-0.1699  kl_loss=0.0000 (disabled)  score=0.935  return=0.837  role_std=9.4431  role_norm=53.8801  enc_delta ego=0.0005 partner=0.0008 road=0.0011
[ROMA step 6,037,438,464] sps=138,679  policy_loss=0.0027  value_loss=0.1199  mi_loss=0.0012  mi_valid=0.74  div_loss=-0.1650  kl_loss=0.0000 (disabled)  score=0.934  return=0.837  role_std=9.4863  role_norm=53.7302  enc_delta ego=0.0006 partner=0.0009 road=0.0010
[ROMA step 6,038,224,896] sps=138,663  policy_loss=0.0081  value_loss=0.1360  mi_loss=0.0012  mi_valid=0.74  div_loss=-0.1670  kl_loss=0.0000 (disabled)  score=0.935  return=0.841  role_std=10.1338  role_norm=52.7704  enc_delta ego=0.0005 partner=0.0007 road=0.0009
[ROMA step 6,039,011,328] sps=138,583  policy_loss=-0.0037  value_loss=0.1107  mi_loss=0.0012  mi_valid=0.73  div_loss=-0.1670  kl_loss=0.0000 (disabled)  score=0.936  return=0.843  role_std=7.9034  role_norm=55.6154  enc_delta ego=0.0005 partner=0.0008 road=0.0011
[ROMA step 6,039,797,760] sps=138,568  policy_loss=0.0027  value_loss=0.0971  mi_loss=0.0012  mi_valid=0.74  div_loss=-0.1641  kl_loss=0.0000 (disabled)  score=0.937  return=0.847  role_std=8.3695  role_norm=55.2404  enc_delta ego=0.0007 partner=0.0008 road=0.0010
[ROMA step 6,040,584,192] sps=138,552  policy_loss=0.0017  value_loss=0.1361  mi_loss=0.0012  mi_valid=0.74  div_loss=-0.1660  kl_loss=0.0000 (disabled)  score=0.937  return=0.850  role_std=9.3680  role_norm=54.3602  enc_delta ego=0.0005 partner=0.0008 road=0.0009
[ROMA step 6,041,370,624] sps=138,478  policy_loss=-0.0033  value_loss=0.1302  mi_loss=0.0012  mi_valid=0.72  div_loss=-0.1660  kl_loss=0.0000 (disabled)  score=0.939  return=0.854  role_std=9.6386  role_norm=52.7772  enc_delta ego=0.0005 partner=0.0007 road=0.0011
[ROMA step 6,042,157,056] sps=138,462  policy_loss=-0.0034  value_loss=0.1218  mi_loss=0.0011  mi_valid=0.74  div_loss=-0.1670  kl_loss=0.0000 (disabled)  score=0.939  return=0.856  role_std=9.6021  role_norm=53.1814  enc_delta ego=0.0008 partner=0.0010 road=0.0011
[ROMA step 6,042,943,488] sps=138,446  policy_loss=-0.0024  value_loss=0.1309  mi_loss=0.0011  mi_valid=0.74  div_loss=-0.1738  kl_loss=0.0000 (disabled)  score=0.940  return=0.858  role_std=8.9688  role_norm=55.4107  enc_delta ego=0.0007 partner=0.0007 road=0.0011
[ROMA step 6,043,729,920] sps=138,429  policy_loss=0.0026  value_loss=0.1741  mi_loss=0.0011  mi_valid=0.73  div_loss=-0.1787  kl_loss=0.0000 (disabled)  score=0.940  return=0.859  role_std=8.8089  role_norm=55.9109  enc_delta ego=0.0007 partner=0.0007 road=0.0013
[ROMA step 6,044,516,352] sps=138,351  policy_loss=-0.0007  value_loss=0.1258  mi_loss=0.0013  mi_valid=0.72  div_loss=-0.1729  kl_loss=0.0000 (disabled)  score=0.941  return=0.860  role_std=9.1480  role_norm=54.3442  enc_delta ego=0.0005 partner=0.0006 road=0.0011
[ROMA step 6,045,302,784] sps=138,334  policy_loss=0.0028  value_loss=0.1343  mi_loss=0.0013  mi_valid=0.74  div_loss=-0.1650  kl_loss=0.0000 (disabled)  score=0.941  return=0.861  role_std=9.3541  role_norm=53.3970  enc_delta ego=0.0005 partner=0.0005 road=0.0009
[ROMA step 6,046,089,216] sps=138,318  policy_loss=-0.0024  value_loss=0.0891  mi_loss=0.0013  mi_valid=0.74  div_loss=-0.1602  kl_loss=0.0000 (disabled)  score=0.942  return=0.863  role_std=8.9648  role_norm=53.3357  enc_delta ego=0.0006 partner=0.0007 road=0.0009
[ROMA step 6,046,875,648] sps=138,301  policy_loss=-0.0017  value_loss=0.1664  mi_loss=0.0013  mi_valid=0.74  div_loss=-0.1699  kl_loss=0.0000 (disabled)  score=0.941  return=0.861  role_std=9.1939  role_norm=52.8380  enc_delta ego=0.0008 partner=0.0010 road=0.0011
[ROMA step 6,047,662,080] sps=138,233  policy_loss=-0.0004  value_loss=0.2822  mi_loss=0.0013  mi_valid=0.74  div_loss=-0.1885  kl_loss=0.0000 (disabled)  score=0.941  return=0.858  role_std=8.6418  role_norm=55.2437  enc_delta ego=0.0006 partner=0.0008 road=0.0012
[ROMA step 6,048,448,512] sps=138,217  policy_loss=-0.0003  value_loss=0.3548  mi_loss=0.0013  mi_valid=0.75  div_loss=-0.1982  kl_loss=0.0000 (disabled)  score=0.940  return=0.856  role_std=9.8388  role_norm=54.2984  enc_delta ego=0.0007 partner=0.0011 road=0.0015
[ROMA step 6,049,234,944] sps=138,202  policy_loss=-0.0031  value_loss=0.2029  mi_loss=0.0013  mi_valid=0.75  div_loss=-0.2002  kl_loss=0.0000 (disabled)  score=0.939  return=0.853  role_std=10.3042  role_norm=53.3274  enc_delta ego=0.0008 partner=0.0013 road=0.0018
[ROMA step 6,050,021,376] sps=138,128  policy_loss=0.0047  value_loss=0.1963  mi_loss=0.0013  mi_valid=0.73  div_loss=-0.1934  kl_loss=0.0000 (disabled)  score=0.939  return=0.852  role_std=10.8928  role_norm=50.1756  enc_delta ego=0.0008 partner=0.0010 road=0.0015
[ROMA step 6,050,807,808] sps=138,112  policy_loss=0.0008  value_loss=0.3034  mi_loss=0.0012  mi_valid=0.76  div_loss=-0.1934  kl_loss=0.0000 (disabled)  score=0.938  return=0.846  role_std=10.5863  role_norm=50.5598  enc_delta ego=0.0007 partner=0.0009 road=0.0016
[ROMA step 6,051,594,240] sps=138,096  policy_loss=0.0046  value_loss=0.1991  mi_loss=0.0012  mi_valid=0.77  div_loss=-0.1865  kl_loss=0.0000 (disabled)  score=0.937  return=0.841  role_std=8.9224  role_norm=54.4210  enc_delta ego=0.0011 partner=0.0009 road=0.0014
[ROMA step 6,052,380,672] sps=138,080  policy_loss=0.0003  value_loss=0.1662  mi_loss=0.0012  mi_valid=0.76  div_loss=-0.1807  kl_loss=0.0000 (disabled)  score=0.936  return=0.839  role_std=8.7743  role_norm=54.2479  enc_delta ego=0.0007 partner=0.0009 road=0.0015
[ROMA step 6,053,167,104] sps=138,010  policy_loss=0.0018  value_loss=0.2176  mi_loss=0.0013  mi_valid=0.73  div_loss=-0.1729  kl_loss=0.0000 (disabled)  score=0.934  return=0.838  role_std=9.0734  role_norm=54.1657  enc_delta ego=0.0008 partner=0.0011 road=0.0018
[ROMA step 6,053,953,536] sps=137,994  policy_loss=0.0010  value_loss=0.2483  mi_loss=0.0013  mi_valid=0.75  div_loss=-0.1748  kl_loss=0.0000 (disabled)  score=0.934  return=0.838  role_std=10.3012  role_norm=53.3652  enc_delta ego=0.0010 partner=0.0009 road=0.0013
[ROMA step 6,054,739,968] sps=137,978  policy_loss=-0.0029  value_loss=0.1200  mi_loss=0.0012  mi_valid=0.75  div_loss=-0.1670  kl_loss=0.0000 (disabled)  score=0.933  return=0.838  role_std=9.7448  role_norm=52.3837  enc_delta ego=0.0006 partner=0.0007 road=0.0009
[ROMA step 6,055,526,400] sps=137,898  policy_loss=-0.0035  value_loss=0.1436  mi_loss=0.0014  mi_valid=0.74  div_loss=-0.1738  kl_loss=0.0000 (disabled)  score=0.932  return=0.837  role_std=8.0770  role_norm=56.1623  enc_delta ego=0.0009 partner=0.0008 road=0.0013
[ROMA step 6,056,312,832] sps=137,882  policy_loss=0.0014  value_loss=0.2148  mi_loss=0.0013  mi_valid=0.74  div_loss=-0.1729  kl_loss=0.0000 (disabled)  score=0.932  return=0.837  role_std=8.8998  role_norm=55.1498  enc_delta ego=0.0007 partner=0.0010 road=0.0014
[ROMA step 6,057,099,264] sps=137,865  policy_loss=-0.0041  value_loss=0.1762  mi_loss=0.0013  mi_valid=0.74  div_loss=-0.1709  kl_loss=0.0000 (disabled)  score=0.931  return=0.836  role_std=8.6779  role_norm=54.9225  enc_delta ego=0.0007 partner=0.0008 road=0.0011
[ROMA step 6,057,885,696] sps=137,849  policy_loss=-0.0011  value_loss=0.1468  mi_loss=0.0013  mi_valid=0.75  div_loss=-0.1621  kl_loss=0.0000 (disabled)  score=0.931  return=0.836  role_std=9.1325  role_norm=54.5575  enc_delta ego=0.0007 partner=0.0007 road=0.0011
[ROMA step 6,058,672,128] sps=137,777  policy_loss=-0.0034  value_loss=0.1161  mi_loss=0.0013  mi_valid=0.72  div_loss=-0.1572  kl_loss=0.0000 (disabled)  score=0.930  return=0.836  role_std=9.3195  role_norm=52.4773  enc_delta ego=0.0007 partner=0.0007 road=0.0010
[ROMA step 6,059,458,560] sps=137,761  policy_loss=-0.0026  value_loss=0.1102  mi_loss=0.0013  mi_valid=0.75  div_loss=-0.1504  kl_loss=0.0000 (disabled)  score=0.930  return=0.835  role_std=7.5076  role_norm=55.9342  enc_delta ego=0.0005 partner=0.0007 road=0.0011
[ROMA step 6,060,244,992] sps=137,744  policy_loss=0.0097  value_loss=0.2313  mi_loss=0.0013  mi_valid=0.74  div_loss=-0.1631  kl_loss=0.0000 (disabled)  score=0.930  return=0.833  role_std=7.8749  role_norm=56.0558  enc_delta ego=0.0007 partner=0.0009 road=0.0013
[ROMA step 6,061,031,424] sps=137,670  policy_loss=-0.0003  value_loss=0.2131  mi_loss=0.0014  mi_valid=0.73  div_loss=-0.1631  kl_loss=0.0000 (disabled)  score=0.931  return=0.836  role_std=8.2595  role_norm=56.0702  enc_delta ego=0.0013 partner=0.0008 road=0.0011
[ROMA step 6,061,817,856] sps=137,655  policy_loss=-0.0036  value_loss=0.1647  mi_loss=0.0014  mi_valid=0.75  div_loss=-0.1582  kl_loss=0.0000 (disabled)  score=0.930  return=0.833  role_std=8.8101  role_norm=54.9053  enc_delta ego=0.0015 partner=0.0008 road=0.0015
[ROMA step 6,062,604,288] sps=137,639  policy_loss=-0.0005  value_loss=0.1987  mi_loss=0.0013  mi_valid=0.75  div_loss=-0.1611  kl_loss=0.0000 (disabled)  score=0.929  return=0.831  role_std=8.9955  role_norm=53.8630  enc_delta ego=0.0015 partner=0.0008 road=0.0010
[ROMA step 6,063,390,720] sps=137,623  policy_loss=0.0009  value_loss=0.1469  mi_loss=0.0012  mi_valid=0.75  div_loss=-0.1582  kl_loss=0.0000 (disabled)  score=0.928  return=0.828  role_std=9.3102  role_norm=52.9629  enc_delta ego=0.0010 partner=0.0008 road=0.0011
[ROMA step 6,064,177,152] sps=137,550  policy_loss=0.0001  value_loss=0.2003  mi_loss=0.0012  mi_valid=0.74  div_loss=-0.1602  kl_loss=0.0000 (disabled)  score=0.928  return=0.826  role_std=7.7869  role_norm=56.4139  enc_delta ego=0.0006 partner=0.0007 road=0.0008
[ROMA step 6,064,963,584] sps=137,534  policy_loss=0.0015  value_loss=0.1599  mi_loss=0.0012  mi_valid=0.75  div_loss=-0.1602  kl_loss=0.0000 (disabled)  score=0.927  return=0.823  role_std=8.1433  role_norm=56.0106  enc_delta ego=0.0005 partner=0.0007 road=0.0010
[ROMA step 6,065,750,016] sps=137,517  policy_loss=-0.0057  value_loss=0.1538  mi_loss=0.0013  mi_valid=0.74  div_loss=-0.1602  kl_loss=0.0000 (disabled)  score=0.926  return=0.820  role_std=8.6838  role_norm=55.4112  enc_delta ego=0.0008 partner=0.0007 road=0.0011
[ROMA step 6,066,536,448] sps=137,416  policy_loss=0.0062  value_loss=0.1624  mi_loss=0.0012  mi_valid=0.72  div_loss=-0.1562  kl_loss=0.0000 (disabled)  score=0.925  return=0.818  role_std=9.2417  role_norm=53.2938  enc_delta ego=0.0006 partner=0.0005 road=0.0009
[ROMA step 6,067,322,880] sps=137,400  policy_loss=-0.0002  value_loss=0.1366  mi_loss=0.0013  mi_valid=0.74  div_loss=-0.1455  kl_loss=0.0000 (disabled)  score=0.924  return=0.816  role_std=9.2839  role_norm=53.1707  enc_delta ego=0.0004 partner=0.0008 road=0.0011
[ROMA step 6,068,109,312] sps=137,384  policy_loss=0.0052  value_loss=0.2232  mi_loss=0.0013  mi_valid=0.75  div_loss=-0.1533  kl_loss=0.0000 (disabled)  score=0.924  return=0.815  role_std=7.4495  role_norm=56.6935  enc_delta ego=0.0005 partner=0.0007 road=0.0011
[ROMA step 6,068,895,744] sps=137,368  policy_loss=0.0015  value_loss=0.1418  mi_loss=0.0012  mi_valid=0.74  div_loss=-0.1543  kl_loss=0.0000 (disabled)  score=0.924  return=0.814  role_std=7.9911  role_norm=56.0631  enc_delta ego=0.0005 partner=0.0007 road=0.0012
[ROMA step 6,069,682,176] sps=137,288  policy_loss=-0.0013  value_loss=0.1994  mi_loss=0.0014  mi_valid=0.72  div_loss=-0.1660  kl_loss=0.0000 (disabled)  score=0.923  return=0.811  role_std=8.4877  role_norm=55.2432  enc_delta ego=0.0005 partner=0.0008 road=0.0012
[ROMA step 6,070,468,608] sps=137,272  policy_loss=0.0040  value_loss=0.1981  mi_loss=0.0014  mi_valid=0.73  div_loss=-0.1660  kl_loss=0.0000 (disabled)  score=0.922  return=0.809  role_std=8.7732  role_norm=54.9537  enc_delta ego=0.0004 partner=0.0006 road=0.0011
[ROMA step 6,071,255,040] sps=137,256  policy_loss=-0.0065  value_loss=0.0811  mi_loss=0.0014  mi_valid=0.73  div_loss=-0.1611  kl_loss=0.0000 (disabled)  score=0.922  return=0.808  role_std=9.5469  role_norm=54.6483  enc_delta ego=0.0004 partner=0.0007 road=0.0009
[ROMA step 6,072,041,472] sps=137,240  policy_loss=-0.0029  value_loss=0.0892  mi_loss=0.0014  mi_valid=0.73  div_loss=-0.1660  kl_loss=0.0000 (disabled)  score=0.922  return=0.807  role_std=9.8834  role_norm=54.0666  enc_delta ego=0.0006 partner=0.0006 road=0.0011
[ROMA step 6,072,827,904] sps=137,146  policy_loss=0.0010  value_loss=0.1496  mi_loss=0.0012  mi_valid=0.74  div_loss=-0.1582  kl_loss=0.0000 (disabled)  score=0.922  return=0.807  role_std=8.1905  role_norm=56.4650  enc_delta ego=0.0006 partner=0.0008 road=0.0013
[ROMA step 6,073,614,336] sps=137,128  policy_loss=-0.0024  value_loss=0.0973  mi_loss=0.0012  mi_valid=0.74  div_loss=-0.1553  kl_loss=0.0000 (disabled)  score=0.923  return=0.810  role_std=8.6098  role_norm=56.2895  enc_delta ego=0.0005 partner=0.0007 road=0.0010
[ROMA step 6,074,400,768] sps=137,110  policy_loss=0.0015  value_loss=0.0868  mi_loss=0.0012  mi_valid=0.74  div_loss=-0.1543  kl_loss=0.0000 (disabled)  score=0.923  return=0.813  role_std=8.0359  role_norm=55.7299  enc_delta ego=0.0005 partner=0.0006 road=0.0008
[ROMA step 6,075,187,200] sps=137,027  policy_loss=-0.0000  value_loss=0.1231  mi_loss=0.0013  mi_valid=0.72  div_loss=-0.1621  kl_loss=0.0000 (disabled)  score=0.924  return=0.817  role_std=9.3623  role_norm=53.5669  enc_delta ego=0.0006 partner=0.0007 road=0.0009
[ROMA step 6,075,973,632] sps=137,012  policy_loss=-0.0069  value_loss=0.1209  mi_loss=0.0013  mi_valid=0.74  div_loss=-0.1670  kl_loss=0.0000 (disabled)  score=0.925  return=0.820  role_std=9.5849  role_norm=52.3882  enc_delta ego=0.0006 partner=0.0008 road=0.0010
[ROMA step 6,076,760,064] sps=136,996  policy_loss=0.0083  value_loss=0.2093  mi_loss=0.0013  mi_valid=0.75  div_loss=-0.1748  kl_loss=0.0000 (disabled)  score=0.925  return=0.822  role_std=8.3570  role_norm=55.2839  enc_delta ego=0.0006 partner=0.0009 road=0.0013
[ROMA step 6,077,546,496] sps=136,981  policy_loss=-0.0059  value_loss=0.1120  mi_loss=0.0013  mi_valid=0.74  div_loss=-0.1670  kl_loss=0.0000 (disabled)  score=0.927  return=0.825  role_std=8.5434  role_norm=55.3957  enc_delta ego=0.0008 partner=0.0007 road=0.0011
[ROMA step 6,078,332,928] sps=136,907  policy_loss=0.0006  value_loss=0.0766  mi_loss=0.0013  mi_valid=0.72  div_loss=-0.1611  kl_loss=0.0000 (disabled)  score=0.927  return=0.827  role_std=8.3574  role_norm=54.4225  enc_delta ego=0.0006 partner=0.0009 road=0.0009
[ROMA step 6,079,119,360] sps=136,892  policy_loss=0.0003  value_loss=0.1716  mi_loss=0.0013  mi_valid=0.73  div_loss=-0.1621  kl_loss=0.0000 (disabled)  score=0.928  return=0.830  role_std=8.8867  role_norm=54.2028  enc_delta ego=0.0005 partner=0.0008 road=0.0012
[ROMA step 6,079,905,792] sps=136,878  policy_loss=0.0004  value_loss=0.1115  mi_loss=0.0013  mi_valid=0.74  div_loss=-0.1621  kl_loss=0.0000 (disabled)  score=0.929  return=0.832  role_std=9.5826  role_norm=53.2800  enc_delta ego=0.0007 partner=0.0006 road=0.0009
[ROMA step 6,080,692,224] sps=136,808  policy_loss=-0.0018  value_loss=0.0843  mi_loss=0.0013  mi_valid=0.73  div_loss=-0.1621  kl_loss=0.0000 (disabled)  score=0.929  return=0.834  role_std=8.3029  role_norm=55.4750  enc_delta ego=0.0006 partner=0.0007 road=0.0009
[ROMA step 6,081,478,656] sps=136,794  policy_loss=-0.0049  value_loss=0.1431  mi_loss=0.0012  mi_valid=0.75  div_loss=-0.1699  kl_loss=0.0000 (disabled)  score=0.929  return=0.832  role_std=8.5529  role_norm=55.3631  enc_delta ego=0.0006 partner=0.0009 road=0.0010
[ROMA step 6,082,265,088] sps=136,779  policy_loss=0.0037  value_loss=0.1507  mi_loss=0.0012  mi_valid=0.75  div_loss=-0.1660  kl_loss=0.0000 (disabled)  score=0.930  return=0.833  role_std=9.0566  role_norm=54.3422  enc_delta ego=0.0008 partner=0.0009 road=0.0017
[ROMA step 6,083,051,520] sps=136,764  policy_loss=-0.0021  value_loss=0.0831  mi_loss=0.0012  mi_valid=0.74  div_loss=-0.1689  kl_loss=0.0000 (disabled)  score=0.930  return=0.832  role_std=9.2310  role_norm=54.2147  enc_delta ego=0.0005 partner=0.0006 road=0.0008
[ROMA step 6,083,837,952] sps=136,688  policy_loss=0.0070  value_loss=0.1647  mi_loss=0.0013  mi_valid=0.72  div_loss=-0.1602  kl_loss=0.0000 (disabled)  score=0.931  return=0.833  role_std=9.1713  role_norm=52.7462  enc_delta ego=0.0005 partner=0.0007 road=0.0013
[ROMA step 6,084,624,384] sps=136,673  policy_loss=0.0001  value_loss=0.1611  mi_loss=0.0013  mi_valid=0.74  div_loss=-0.1611  kl_loss=0.0000 (disabled)  score=0.931  return=0.832  role_std=8.0900  role_norm=55.2861  enc_delta ego=0.0004 partner=0.0007 road=0.0011
[ROMA step 6,085,410,816] sps=136,657  policy_loss=0.0050  value_loss=0.1855  mi_loss=0.0013  mi_valid=0.75  div_loss=-0.1650  kl_loss=0.0000 (disabled)  score=0.931  return=0.833  role_std=8.5494  role_norm=55.2543  enc_delta ego=0.0008 partner=0.0008 road=0.0011
[ROMA step 6,086,197,248] sps=136,564  policy_loss=0.0035  value_loss=0.1196  mi_loss=0.0013  mi_valid=0.72  div_loss=-0.1611  kl_loss=0.0000 (disabled)  score=0.932  return=0.836  role_std=8.2330  role_norm=56.3150  enc_delta ego=0.0007 partner=0.0007 road=0.0010
[ROMA step 6,086,983,680] sps=136,549  policy_loss=0.0028  value_loss=0.1358  mi_loss=0.0012  mi_valid=0.73  div_loss=-0.1631  kl_loss=0.0000 (disabled)  score=0.934  return=0.841  role_std=8.7584  role_norm=54.5721  enc_delta ego=0.0003 partner=0.0006 road=0.0010
[ROMA step 6,087,770,112] sps=136,533  policy_loss=0.0033  value_loss=0.1936  mi_loss=0.0012  mi_valid=0.73  div_loss=-0.1670  kl_loss=0.0000 (disabled)  score=0.936  return=0.844  role_std=9.2752  role_norm=54.1689  enc_delta ego=0.0006 partner=0.0009 road=0.0012
[ROMA step 6,088,556,544] sps=136,516  policy_loss=0.0018  value_loss=0.1419  mi_loss=0.0011  mi_valid=0.73  div_loss=-0.1650  kl_loss=0.0000 (disabled)  score=0.938  return=0.847  role_std=9.4913  role_norm=53.4933  enc_delta ego=0.0005 partner=0.0007 road=0.0012
[ROMA step 6,089,342,976] sps=136,432  policy_loss=-0.0039  value_loss=0.1731  mi_loss=0.0012  mi_valid=0.73  div_loss=-0.1807  kl_loss=0.0000 (disabled)  score=0.938  return=0.848  role_std=8.9508  role_norm=56.0206  enc_delta ego=0.0005 partner=0.0011 road=0.0016
[ROMA step 6,090,129,408] sps=136,414  policy_loss=-0.0044  value_loss=0.2738  mi_loss=0.0013  mi_valid=0.74  div_loss=-0.1914  kl_loss=0.0000 (disabled)  score=0.939  return=0.847  role_std=10.3867  role_norm=54.9842  enc_delta ego=0.0005 partner=0.0009 road=0.0017
[ROMA step 6,090,915,840] sps=136,398  policy_loss=-0.0040  value_loss=0.2459  mi_loss=0.0012  mi_valid=0.74  div_loss=-0.1914  kl_loss=0.0000 (disabled)  score=0.939  return=0.843  role_std=9.6950  role_norm=55.2001  enc_delta ego=0.0007 partner=0.0009 road=0.0015
[ROMA step 6,091,702,272] sps=136,321  policy_loss=0.0009  value_loss=0.2294  mi_loss=0.0012  mi_valid=0.72  div_loss=-0.1865  kl_loss=0.0000 (disabled)  score=0.939  return=0.843  role_std=9.5387  role_norm=52.6745  enc_delta ego=0.0007 partner=0.0008 road=0.0013
[ROMA step 6,092,488,704] sps=136,305  policy_loss=0.0014  value_loss=0.1100  mi_loss=0.0012  mi_valid=0.74  div_loss=-0.1621  kl_loss=0.0000 (disabled)  score=0.939  return=0.844  role_std=9.9209  role_norm=52.3307  enc_delta ego=0.0006 partner=0.0005 road=0.0011
[ROMA step 6,093,275,136] sps=136,290  policy_loss=-0.0023  value_loss=0.0979  mi_loss=0.0013  mi_valid=0.74  div_loss=-0.1602  kl_loss=0.0000 (disabled)  score=0.940  return=0.847  role_std=8.1974  role_norm=56.5587  enc_delta ego=0.0005 partner=0.0008 road=0.0014
[ROMA step 6,094,061,568] sps=136,274  policy_loss=-0.0025  value_loss=0.1871  mi_loss=0.0013  mi_valid=0.74  div_loss=-0.1670  kl_loss=0.0000 (disabled)  score=0.940  return=0.846  role_std=8.4121  role_norm=56.2385  enc_delta ego=0.0008 partner=0.0007 road=0.0016
[ROMA step 6,094,848,000] sps=136,186  policy_loss=-0.0048  value_loss=0.1791  mi_loss=0.0012  mi_valid=0.72  div_loss=-0.1748  kl_loss=0.0000 (disabled)  score=0.940  return=0.845  role_std=8.6661  role_norm=55.1473  enc_delta ego=0.0006 partner=0.0008 road=0.0010
[ROMA step 6,095,634,432] sps=136,169  policy_loss=0.0041  value_loss=0.1555  mi_loss=0.0011  mi_valid=0.74  div_loss=-0.1689  kl_loss=0.0000 (disabled)  score=0.940  return=0.846  role_std=9.1640  role_norm=54.1300  enc_delta ego=0.0006 partner=0.0007 road=0.0011
[ROMA step 6,096,420,864] sps=136,152  policy_loss=0.0034  value_loss=0.1501  mi_loss=0.0012  mi_valid=0.74  div_loss=-0.1680  kl_loss=0.0000 (disabled)  score=0.939  return=0.846  role_std=9.4548  role_norm=52.9643  enc_delta ego=0.0005 partner=0.0007 road=0.0013
[ROMA step 6,097,207,296] sps=136,137  policy_loss=-0.0017  value_loss=0.1465  mi_loss=0.0011  mi_valid=0.74  div_loss=-0.1699  kl_loss=0.0000 (disabled)  score=0.940  return=0.846  role_std=10.4788  role_norm=51.8877  enc_delta ego=0.0005 partner=0.0007 road=0.0011
[ROMA step 6,097,993,728] sps=136,046  policy_loss=0.0005  value_loss=0.2126  mi_loss=0.0013  mi_valid=0.74  div_loss=-0.1914  kl_loss=0.0000 (disabled)  score=0.940  return=0.845  role_std=8.7115  role_norm=55.6270  enc_delta ego=0.0007 partner=0.0009 road=0.0015
[ROMA step 6,098,780,160] sps=136,031  policy_loss=-0.0047  value_loss=0.2284  mi_loss=0.0013  mi_valid=0.73  div_loss=-0.1855  kl_loss=0.0000 (disabled)  score=0.940  return=0.844  role_std=9.4758  role_norm=55.3947  enc_delta ego=0.0007 partner=0.0010 road=0.0012
[ROMA step 6,099,566,592] sps=136,017  policy_loss=-0.0001  value_loss=0.1935  mi_loss=0.0013  mi_valid=0.73  div_loss=-0.1836  kl_loss=0.0000 (disabled)  score=0.940  return=0.844  role_std=9.8806  role_norm=54.8199  enc_delta ego=0.0007 partner=0.0009 road=0.0012
[ROMA step 6,100,353,024] sps=135,934  policy_loss=-0.0037  value_loss=0.2260  mi_loss=0.0013  mi_valid=0.71  div_loss=-0.1807  kl_loss=0.0000 (disabled)  score=0.941  return=0.845  role_std=9.9483  role_norm=52.8874  enc_delta ego=0.0006 partner=0.0008 road=0.0010
[ROMA step 6,101,139,456] sps=135,919  policy_loss=-0.0048  value_loss=0.1064  mi_loss=0.0012  mi_valid=0.74  div_loss=-0.1680  kl_loss=0.0000 (disabled)  score=0.942  return=0.849  role_std=10.5683  role_norm=52.2422  enc_delta ego=0.0004 partner=0.0007 road=0.0008
[ROMA step 6,101,925,888] sps=135,905  policy_loss=-0.0039  value_loss=0.1029  mi_loss=0.0013  mi_valid=0.74  div_loss=-0.1709  kl_loss=0.0000 (disabled)  score=0.941  return=0.848  role_std=8.9887  role_norm=55.6501  enc_delta ego=0.0004 partner=0.0006 road=0.0009
[ROMA step 6,102,712,320] sps=135,890  policy_loss=0.0045  value_loss=0.1721  mi_loss=0.0013  mi_valid=0.74  div_loss=-0.1689  kl_loss=0.0000 (disabled)  score=0.941  return=0.848  role_std=8.8461  role_norm=55.8122  enc_delta ego=0.0006 partner=0.0006 road=0.0008
[ROMA step 6,103,498,752] sps=135,747  policy_loss=-0.0050  value_loss=0.1472  mi_loss=0.0013  mi_valid=0.73  div_loss=-0.1826  kl_loss=0.0000 (disabled)  score=0.941  return=0.847  role_std=9.1552  role_norm=54.7641  enc_delta ego=0.0006 partner=0.0009 road=0.0014
[ROMA step 6,104,285,184] sps=135,731  policy_loss=-0.0024  value_loss=0.1205  mi_loss=0.0013  mi_valid=0.75  div_loss=-0.1709  kl_loss=0.0000 (disabled)  score=0.941  return=0.846  role_std=9.4602  role_norm=53.7948  enc_delta ego=0.0007 partner=0.0007 road=0.0010
[ROMA step 6,105,071,616] sps=135,717  policy_loss=0.0016  value_loss=0.1219  mi_loss=0.0013  mi_valid=0.74  div_loss=-0.1719  kl_loss=0.0000 (disabled)  score=0.942  return=0.848  role_std=9.9504  role_norm=53.5598  enc_delta ego=0.0006 partner=0.0008 road=0.0008
[ROMA step 6,105,858,048] sps=135,606  policy_loss=-0.0030  value_loss=0.1489  mi_loss=0.0012  mi_valid=0.73  div_loss=-0.1816  kl_loss=0.0000 (disabled)  score=0.943  return=0.850  role_std=8.9124  role_norm=56.0874  enc_delta ego=0.0005 partner=0.0008 road=0.0014
[ROMA step 6,106,644,480] sps=135,591  policy_loss=-0.0008  value_loss=0.2720  mi_loss=0.0012  mi_valid=0.74  div_loss=-0.2070  kl_loss=0.0000 (disabled)  score=0.943  return=0.847  role_std=10.1589  role_norm=56.0027  enc_delta ego=0.0008 partner=0.0010 road=0.0014
[ROMA step 6,107,430,912] sps=135,575  policy_loss=-0.0001  value_loss=0.1811  mi_loss=0.0013  mi_valid=0.74  div_loss=-0.2021  kl_loss=0.0000 (disabled)  score=0.943  return=0.845  role_std=10.9948  role_norm=55.1207  enc_delta ego=0.0006 partner=0.0009 road=0.0012
[ROMA step 6,108,217,344] sps=135,559  policy_loss=-0.0017  value_loss=0.2433  mi_loss=0.0012  mi_valid=0.74  div_loss=-0.2090  kl_loss=0.0000 (disabled)  score=0.942  return=0.842  role_std=11.4817  role_norm=53.7946  enc_delta ego=0.0006 partner=0.0010 road=0.0012
[ROMA step 6,109,003,776] sps=135,483  policy_loss=-0.0034  value_loss=0.1684  mi_loss=0.0012  mi_valid=0.72  div_loss=-0.1904  kl_loss=0.0000 (disabled)  score=0.942  return=0.842  role_std=11.3261  role_norm=52.7234  enc_delta ego=0.0013 partner=0.0008 road=0.0012
[ROMA step 6,109,790,208] sps=135,465  policy_loss=0.0018  value_loss=0.1781  mi_loss=0.0012  mi_valid=0.75  div_loss=-0.1816  kl_loss=0.0000 (disabled)  score=0.942  return=0.840  role_std=10.7472  role_norm=52.7057  enc_delta ego=0.0007 partner=0.0009 road=0.0013
[ROMA step 6,110,576,640] sps=135,449  policy_loss=-0.0028  value_loss=0.1442  mi_loss=0.0012  mi_valid=0.75  div_loss=-0.1816  kl_loss=0.0000 (disabled)  score=0.941  return=0.838  role_std=8.9952  role_norm=55.4243  enc_delta ego=0.0009 partner=0.0010 road=0.0016
[ROMA step 6,111,363,072] sps=135,313  policy_loss=0.0001  value_loss=0.1823  mi_loss=0.0012  mi_valid=0.73  div_loss=-0.1875  kl_loss=0.0000 (disabled)  score=0.941  return=0.838  role_std=8.5977  role_norm=56.7289  enc_delta ego=0.0008 partner=0.0007 road=0.0015
[ROMA step 6,112,149,504] sps=135,298  policy_loss=-0.0054  value_loss=0.1371  mi_loss=0.0013  mi_valid=0.74  div_loss=-0.1816  kl_loss=0.0000 (disabled)  score=0.940  return=0.836  role_std=9.6266  role_norm=54.4956  enc_delta ego=0.0007 partner=0.0005 road=0.0011
[ROMA step 6,112,935,936] sps=135,284  policy_loss=-0.0022  value_loss=0.1054  mi_loss=0.0013  mi_valid=0.75  div_loss=-0.1748  kl_loss=0.0000 (disabled)  score=0.940  return=0.836  role_std=9.9627  role_norm=53.6678  enc_delta ego=0.0007 partner=0.0006 road=0.0010
[ROMA step 6,113,722,368] sps=135,270  policy_loss=0.0021  value_loss=0.1183  mi_loss=0.0013  mi_valid=0.74  div_loss=-0.1729  kl_loss=0.0000 (disabled)  score=0.940  return=0.839  role_std=10.2149  role_norm=53.5901  enc_delta ego=0.0006 partner=0.0005 road=0.0009
[ROMA step 6,114,508,800] sps=135,195  policy_loss=-0.0043  value_loss=0.0897  mi_loss=0.0012  mi_valid=0.73  div_loss=-0.1670  kl_loss=0.0000 (disabled)  score=0.940  return=0.840  role_std=8.5978  role_norm=56.3846  enc_delta ego=0.0005 partner=0.0006 road=0.0009
[ROMA step 6,115,295,232] sps=135,181  policy_loss=0.0056  value_loss=0.1236  mi_loss=0.0012  mi_valid=0.73  div_loss=-0.1719  kl_loss=0.0000 (disabled)  score=0.941  return=0.850  role_std=9.0580  role_norm=56.4817  enc_delta ego=0.0005 partner=0.0006 road=0.0011
[ROMA step 6,116,081,664] sps=135,167  policy_loss=0.0001  value_loss=0.1442  mi_loss=0.0011  mi_valid=0.72  div_loss=-0.1709  kl_loss=0.0000 (disabled)  score=0.943  return=0.853  role_std=9.2728  role_norm=55.0893  enc_delta ego=0.0003 partner=0.0004 road=0.0007
[ROMA step 6,116,868,096] sps=135,085  policy_loss=0.0062  value_loss=0.1519  mi_loss=0.0011  mi_valid=0.71  div_loss=-0.1748  kl_loss=0.0000 (disabled)  score=0.944  return=0.854  role_std=9.8751  role_norm=52.0230  enc_delta ego=0.0005 partner=0.0005 road=0.0008
[ROMA step 6,117,654,528] sps=135,069  policy_loss=-0.0016  value_loss=0.1420  mi_loss=0.0011  mi_valid=0.74  div_loss=-0.1670  kl_loss=0.0000 (disabled)  score=0.943  return=0.852  role_std=9.9174  role_norm=52.4818  enc_delta ego=0.0006 partner=0.0009 road=0.0012
[ROMA step 6,118,440,960] sps=135,055  policy_loss=0.0011  value_loss=0.1415  mi_loss=0.0011  mi_valid=0.75  div_loss=-0.1582  kl_loss=0.0000 (disabled)  score=0.943  return=0.852  role_std=8.1333  role_norm=55.7155  enc_delta ego=0.0005 partner=0.0007 road=0.0008
[ROMA step 6,119,227,392] sps=135,041  policy_loss=-0.0012  value_loss=0.1387  mi_loss=0.0011  mi_valid=0.76  div_loss=-0.1729  kl_loss=0.0000 (disabled)  score=0.943  return=0.853  role_std=8.0242  role_norm=55.8542  enc_delta ego=0.0009 partner=0.0010 road=0.0013
[ROMA step 6,120,013,824] sps=134,958  policy_loss=-0.0013  value_loss=0.1447  mi_loss=0.0012  mi_valid=0.73  div_loss=-0.1758  kl_loss=0.0000 (disabled)  score=0.942  return=0.851  role_std=8.7906  role_norm=55.3585  enc_delta ego=0.0007 partner=0.0007 road=0.0012
[ROMA step 6,120,800,256] sps=134,943  policy_loss=0.0017  value_loss=0.1517  mi_loss=0.0015  mi_valid=0.73  div_loss=-0.1748  kl_loss=0.0000 (disabled)  score=0.942  return=0.850  role_std=9.7237  role_norm=54.2950  enc_delta ego=0.0005 partner=0.0008 road=0.0011
[ROMA step 6,121,586,688] sps=134,929  policy_loss=0.0018  value_loss=0.1747  mi_loss=0.0013  mi_valid=0.73  div_loss=-0.1797  kl_loss=0.0000 (disabled)  score=0.942  return=0.848  role_std=10.5199  role_norm=53.3956  enc_delta ego=0.0005 partner=0.0007 road=0.0009
[ROMA step 6,122,373,120] sps=134,914  policy_loss=-0.0026  value_loss=0.2134  mi_loss=0.0013  mi_valid=0.74  div_loss=-0.1836  kl_loss=0.0000 (disabled)  score=0.943  return=0.848  role_std=10.7206  role_norm=52.7712  enc_delta ego=0.0005 partner=0.0007 road=0.0008
[ROMA step 6,123,159,552] sps=134,837  policy_loss=0.0026  value_loss=0.1236  mi_loss=0.0013  mi_valid=0.74  div_loss=-0.1719  kl_loss=0.0000 (disabled)  score=0.943  return=0.849  role_std=8.3691  role_norm=55.7751  enc_delta ego=0.0004 partner=0.0006 road=0.0009
[ROMA step 6,123,945,984] sps=134,822  policy_loss=-0.0033  value_loss=0.1702  mi_loss=0.0013  mi_valid=0.73  div_loss=-0.1729  kl_loss=0.0000 (disabled)  score=0.943  return=0.850  role_std=8.8650  role_norm=55.3829  enc_delta ego=0.0006 partner=0.0006 road=0.0011
[ROMA step 6,124,732,416] sps=134,807  policy_loss=-0.0044  value_loss=0.1139  mi_loss=0.0013  mi_valid=0.74  div_loss=-0.1650  kl_loss=0.0000 (disabled)  score=0.942  return=0.847  role_std=9.0506  role_norm=55.0137  enc_delta ego=0.0006 partner=0.0007 road=0.0010
[ROMA step 6,125,518,848] sps=134,730  policy_loss=-0.0002  value_loss=0.1368  mi_loss=0.0013  mi_valid=0.72  div_loss=-0.1621  kl_loss=0.0000 (disabled)  score=0.943  return=0.849  role_std=8.8797  role_norm=53.8822  enc_delta ego=0.0004 partner=0.0007 road=0.0010
[ROMA step 6,126,305,280] sps=134,716  policy_loss=-0.0007  value_loss=0.1036  mi_loss=0.0012  mi_valid=0.73  div_loss=-0.1572  kl_loss=0.0000 (disabled)  score=0.944  return=0.851  role_std=9.1918  role_norm=53.5142  enc_delta ego=0.0004 partner=0.0005 road=0.0009
[ROMA step 6,127,091,712] sps=134,703  policy_loss=-0.0028  value_loss=0.1208  mi_loss=0.0012  mi_valid=0.74  div_loss=-0.1650  kl_loss=0.0000 (disabled)  score=0.944  return=0.852  role_std=8.7052  role_norm=55.7821  enc_delta ego=0.0005 partner=0.0007 road=0.0011
[ROMA step 6,127,878,144] sps=134,689  policy_loss=-0.0034  value_loss=0.1473  mi_loss=0.0011  mi_valid=0.74  div_loss=-0.1650  kl_loss=0.0000 (disabled)  score=0.945  return=0.855  role_std=8.5929  role_norm=56.0973  enc_delta ego=0.0005 partner=0.0008 road=0.0010
[ROMA step 6,128,664,576] sps=134,611  policy_loss=-0.0021  value_loss=0.0914  mi_loss=0.0013  mi_valid=0.72  div_loss=-0.1641  kl_loss=0.0000 (disabled)  score=0.944  return=0.855  role_std=8.7804  role_norm=55.7358  enc_delta ego=0.0005 partner=0.0008 road=0.0010
[ROMA step 6,129,451,008] sps=134,597  policy_loss=-0.0044  value_loss=0.1324  mi_loss=0.0013  mi_valid=0.73  div_loss=-0.1660  kl_loss=0.0000 (disabled)  score=0.944  return=0.857  role_std=9.6429  role_norm=54.8477  enc_delta ego=0.0005 partner=0.0007 road=0.0009
[ROMA step 6,130,237,440] sps=134,583  policy_loss=0.0026  value_loss=0.1752  mi_loss=0.0012  mi_valid=0.73  div_loss=-0.1738  kl_loss=0.0000 (disabled)  score=0.944  return=0.860  role_std=9.4995  role_norm=53.4554  enc_delta ego=0.0006 partner=0.0007 road=0.0010
[ROMA step 6,131,023,872] sps=134,516  policy_loss=-0.0047  value_loss=0.1032  mi_loss=0.0012  mi_valid=0.73  div_loss=-0.1709  kl_loss=0.0000 (disabled)  score=0.944  return=0.861  role_std=8.1088  role_norm=55.7924  enc_delta ego=0.0007 partner=0.0009 road=0.0011
[ROMA step 6,131,810,304] sps=134,502  policy_loss=-0.0012  value_loss=0.1510  mi_loss=0.0013  mi_valid=0.75  div_loss=-0.1709  kl_loss=0.0000 (disabled)  score=0.944  return=0.863  role_std=8.1018  role_norm=55.1280  enc_delta ego=0.0007 partner=0.0008 road=0.0011
[ROMA step 6,132,596,736] sps=134,488  policy_loss=0.0030  value_loss=0.1124  mi_loss=0.0013  mi_valid=0.75  div_loss=-0.1621  kl_loss=0.0000 (disabled)  score=0.943  return=0.863  role_std=8.2478  role_norm=54.8543  enc_delta ego=0.0004 partner=0.0007 road=0.0011
[ROMA step 6,133,383,168] sps=134,473  policy_loss=0.0012  value_loss=0.1448  mi_loss=0.0013  mi_valid=0.75  div_loss=-0.1650  kl_loss=0.0000 (disabled)  score=0.942  return=0.863  role_std=8.5804  role_norm=54.2340  enc_delta ego=0.0004 partner=0.0006 road=0.0007
[ROMA step 6,134,169,600] sps=134,321  policy_loss=0.0032  value_loss=0.1942  mi_loss=0.0013  mi_valid=0.72  div_loss=-0.1680  kl_loss=0.0000 (disabled)  score=0.942  return=0.863  role_std=9.3510  role_norm=53.1045  enc_delta ego=0.0006 partner=0.0008 road=0.0009
[ROMA step 6,134,956,032] sps=134,305  policy_loss=-0.0001  value_loss=0.1304  mi_loss=0.0011  mi_valid=0.75  div_loss=-0.1689  kl_loss=0.0000 (disabled)  score=0.941  return=0.862  role_std=9.5975  role_norm=52.3809  enc_delta ego=0.0006 partner=0.0007 road=0.0010
[ROMA step 6,135,742,464] sps=134,291  policy_loss=0.0030  value_loss=0.1204  mi_loss=0.0012  mi_valid=0.75  div_loss=-0.1797  kl_loss=0.0000 (disabled)  score=0.941  return=0.864  role_std=8.6414  role_norm=55.6411  enc_delta ego=0.0009 partner=0.0009 road=0.0011
[ROMA step 6,136,528,896] sps=134,213  policy_loss=0.0011  value_loss=0.1924  mi_loss=0.0011  mi_valid=0.73  div_loss=-0.1846  kl_loss=0.0000 (disabled)  score=0.940  return=0.862  role_std=8.8622  role_norm=55.6319  enc_delta ego=0.0007 partner=0.0007 road=0.0013
[ROMA step 6,137,315,328] sps=134,199  policy_loss=-0.0041  value_loss=0.1080  mi_loss=0.0012  mi_valid=0.75  div_loss=-0.1709  kl_loss=0.0000 (disabled)  score=0.940  return=0.861  role_std=8.7982  role_norm=53.9082  enc_delta ego=0.0005 partner=0.0008 road=0.0011
[ROMA step 6,138,101,760] sps=134,184  policy_loss=-0.0016  value_loss=0.1241  mi_loss=0.0012  mi_valid=0.75  div_loss=-0.1729  kl_loss=0.0000 (disabled)  score=0.939  return=0.859  role_std=9.5060  role_norm=53.3505  enc_delta ego=0.0006 partner=0.0008 road=0.0012
[ROMA step 6,138,888,192] sps=134,170  policy_loss=0.0017  value_loss=0.1785  mi_loss=0.0012  mi_valid=0.75  div_loss=-0.1699  kl_loss=0.0000 (disabled)  score=0.938  return=0.855  role_std=10.0129  role_norm=52.8485  enc_delta ego=0.0005 partner=0.0006 road=0.0010
[ROMA step 6,139,674,624] sps=134,100  policy_loss=-0.0009  value_loss=0.1201  mi_loss=0.0012  mi_valid=0.73  div_loss=-0.1748  kl_loss=0.0000 (disabled)  score=0.937  return=0.853  role_std=8.0496  role_norm=56.7953  enc_delta ego=0.0011 partner=0.0008 road=0.0010
[ROMA step 6,140,461,056] sps=134,085  policy_loss=-0.0041  value_loss=0.1288  mi_loss=0.0013  mi_valid=0.74  div_loss=-0.1729  kl_loss=0.0000 (disabled)  score=0.936  return=0.853  role_std=8.4874  role_norm=56.5177  enc_delta ego=0.0008 partner=0.0007 road=0.0010
[ROMA step 6,141,247,488] sps=134,071  policy_loss=-0.0033  value_loss=0.1709  mi_loss=0.0012  mi_valid=0.73  div_loss=-0.1729  kl_loss=0.0000 (disabled)  score=0.935  return=0.852  role_std=9.0126  role_norm=55.9737  enc_delta ego=0.0009 partner=0.0008 road=0.0010
[ROMA step 6,142,033,920] sps=133,995  policy_loss=-0.0063  value_loss=0.1169  mi_loss=0.0012  mi_valid=0.72  div_loss=-0.1738  kl_loss=0.0000 (disabled)  score=0.935  return=0.852  role_std=8.6324  role_norm=53.4014  enc_delta ego=0.0007 partner=0.0006 road=0.0012
[ROMA step 6,142,820,352] sps=133,980  policy_loss=-0.0046  value_loss=0.1057  mi_loss=0.0012  mi_valid=0.74  div_loss=-0.1602  kl_loss=0.0000 (disabled)  score=0.936  return=0.853  role_std=9.6495  role_norm=53.4896  enc_delta ego=0.0005 partner=0.0006 road=0.0008
[ROMA step 6,143,606,784] sps=133,964  policy_loss=-0.0015  value_loss=0.1401  mi_loss=0.0013  mi_valid=0.74  div_loss=-0.1660  kl_loss=0.0000 (disabled)  score=0.936  return=0.854  role_std=8.0857  role_norm=55.8815  enc_delta ego=0.0006 partner=0.0007 road=0.0012
[ROMA step 6,144,393,216] sps=133,948  policy_loss=-0.0017  value_loss=0.2132  mi_loss=0.0011  mi_valid=0.75  div_loss=-0.1748  kl_loss=0.0000 (disabled)  score=0.935  return=0.853  role_std=9.0085  role_norm=55.5780  enc_delta ego=0.0005 partner=0.0009 road=0.0015
[ROMA step 6,145,179,648] sps=133,865  policy_loss=0.0014  value_loss=0.1796  mi_loss=0.0012  mi_valid=0.72  div_loss=-0.1816  kl_loss=0.0000 (disabled)  score=0.935  return=0.852  role_std=9.8435  role_norm=55.7459  enc_delta ego=0.0006 partner=0.0008 road=0.0012
[ROMA step 6,145,966,080] sps=133,850  policy_loss=-0.0001  value_loss=0.2583  mi_loss=0.0012  mi_valid=0.73  div_loss=-0.1855  kl_loss=0.0000 (disabled)  score=0.935  return=0.852  role_std=10.4467  role_norm=55.1119  enc_delta ego=0.0008 partner=0.0008 road=0.0013
[ROMA step 6,146,752,512] sps=133,836  policy_loss=-0.0040  value_loss=0.2326  mi_loss=0.0012  mi_valid=0.74  div_loss=-0.1895  kl_loss=0.0000 (disabled)  score=0.934  return=0.850  role_std=10.6003  role_norm=54.0684  enc_delta ego=0.0009 partner=0.0010 road=0.0012
[ROMA step 6,147,538,944] sps=133,752  policy_loss=-0.0040  value_loss=0.2209  mi_loss=0.0012  mi_valid=0.74  div_loss=-0.1787  kl_loss=0.0000 (disabled)  score=0.933  return=0.845  role_std=11.0312  role_norm=53.8368  enc_delta ego=0.0006 partner=0.0007 road=0.0011
[ROMA step 6,148,325,376] sps=133,736  policy_loss=-0.0074  value_loss=0.1727  mi_loss=0.0013  mi_valid=0.76  div_loss=-0.1826  kl_loss=0.0000 (disabled)  score=0.933  return=0.843  role_std=8.3113  role_norm=56.6099  enc_delta ego=0.0008 partner=0.0008 road=0.0010
[ROMA step 6,149,111,808] sps=133,722  policy_loss=0.0081  value_loss=0.1944  mi_loss=0.0013  mi_valid=0.75  div_loss=-0.1797  kl_loss=0.0000 (disabled)  score=0.932  return=0.841  role_std=9.1102  role_norm=56.2184  enc_delta ego=0.0009 partner=0.0007 road=0.0011
[ROMA step 6,149,898,240] sps=133,708  policy_loss=0.0015  value_loss=0.2059  mi_loss=0.0014  mi_valid=0.75  div_loss=-0.1865  kl_loss=0.0000 (disabled)  score=0.930  return=0.836  role_std=10.1138  role_norm=55.4200  enc_delta ego=0.0006 partner=0.0008 road=0.0011
[ROMA step 6,150,684,672] sps=133,622  policy_loss=0.0040  value_loss=0.2482  mi_loss=0.0013  mi_valid=0.73  div_loss=-0.1836  kl_loss=0.0000 (disabled)  score=0.928  return=0.830  role_std=9.9143  role_norm=53.2964  enc_delta ego=0.0005 partner=0.0006 road=0.0011
[ROMA step 6,151,471,104] sps=133,608  policy_loss=0.0025  value_loss=0.1354  mi_loss=0.0011  mi_valid=0.75  div_loss=-0.1641  kl_loss=0.0000 (disabled)  score=0.926  return=0.827  role_std=10.4190  role_norm=51.8762  enc_delta ego=0.0005 partner=0.0006 road=0.0010
[ROMA step 6,152,257,536] sps=133,594  policy_loss=0.0008  value_loss=0.1197  mi_loss=0.0011  mi_valid=0.76  div_loss=-0.1699  kl_loss=0.0000 (disabled)  score=0.926  return=0.825  role_std=8.1184  role_norm=56.5272  enc_delta ego=0.0006 partner=0.0006 road=0.0009
[ROMA step 6,153,043,968] sps=133,580  policy_loss=0.0051  value_loss=0.0783  mi_loss=0.0011  mi_valid=0.76  div_loss=-0.1611  kl_loss=0.0000 (disabled)  score=0.924  return=0.823  role_std=8.2127  role_norm=56.0890  enc_delta ego=0.0005 partner=0.0006 road=0.0007
[ROMA step 6,153,830,400] sps=133,508  policy_loss=-0.0051  value_loss=0.1359  mi_loss=0.0013  mi_valid=0.72  div_loss=-0.1709  kl_loss=0.0000 (disabled)  score=0.924  return=0.822  role_std=8.7240  role_norm=55.5433  enc_delta ego=0.0006 partner=0.0006 road=0.0010
[ROMA step 6,154,616,832] sps=133,495  policy_loss=-0.0019  value_loss=0.1215  mi_loss=0.0014  mi_valid=0.74  div_loss=-0.1650  kl_loss=0.0000 (disabled)  score=0.923  return=0.821  role_std=9.2083  role_norm=54.8863  enc_delta ego=0.0006 partner=0.0007 road=0.0010
[ROMA step 6,155,403,264] sps=133,478  policy_loss=-0.0049  value_loss=0.1255  mi_loss=0.0014  mi_valid=0.74  div_loss=-0.1660  kl_loss=0.0000 (disabled)  score=0.923  return=0.821  role_std=9.9191  role_norm=54.3704  enc_delta ego=0.0004 partner=0.0006 road=0.0009
[ROMA step 6,156,189,696] sps=133,402  policy_loss=-0.0009  value_loss=0.1402  mi_loss=0.0014  mi_valid=0.73  div_loss=-0.1670  kl_loss=0.0000 (disabled)  score=0.923  return=0.823  role_std=8.6671  role_norm=56.1616  enc_delta ego=0.0005 partner=0.0007 road=0.0008
[ROMA step 6,156,976,128] sps=133,386  policy_loss=0.0035  value_loss=0.1502  mi_loss=0.0011  mi_valid=0.75  div_loss=-0.1729  kl_loss=0.0000 (disabled)  score=0.923  return=0.821  role_std=9.4826  role_norm=56.3649  enc_delta ego=0.0004 partner=0.0006 road=0.0009
[ROMA step 6,157,762,560] sps=133,372  policy_loss=0.0020  value_loss=0.2984  mi_loss=0.0012  mi_valid=0.74  div_loss=-0.1797  kl_loss=0.0000 (disabled)  score=0.924  return=0.822  role_std=9.4057  role_norm=56.2226  enc_delta ego=0.0005 partner=0.0008 road=0.0010
[ROMA step 6,158,548,992] sps=133,358  policy_loss=-0.0013  value_loss=0.1513  mi_loss=0.0013  mi_valid=0.74  div_loss=-0.1768  kl_loss=0.0000 (disabled)  score=0.924  return=0.821  role_std=9.7733  role_norm=54.9012  enc_delta ego=0.0005 partner=0.0008 road=0.0012
[ROMA step 6,159,335,424] sps=133,284  policy_loss=0.0009  value_loss=0.1742  mi_loss=0.0012  mi_valid=0.72  div_loss=-0.1777  kl_loss=0.0000 (disabled)  score=0.924  return=0.820  role_std=10.2617  role_norm=53.7372  enc_delta ego=0.0007 partner=0.0007 road=0.0012
[ROMA step 6,160,121,856] sps=133,271  policy_loss=0.0033  value_loss=0.1198  mi_loss=0.0012  mi_valid=0.74  div_loss=-0.1699  kl_loss=0.0000 (disabled)  score=0.924  return=0.823  role_std=11.1291  role_norm=52.9147  enc_delta ego=0.0006 partner=0.0008 road=0.0012
[ROMA step 6,160,908,288] sps=133,258  policy_loss=-0.0030  value_loss=0.1315  mi_loss=0.0012  mi_valid=0.75  div_loss=-0.1709  kl_loss=0.0000 (disabled)  score=0.924  return=0.820  role_std=8.4163  role_norm=56.7905  enc_delta ego=0.0006 partner=0.0007 road=0.0011
[ROMA step 6,161,694,720] sps=133,173  policy_loss=0.0008  value_loss=0.1092  mi_loss=0.0012  mi_valid=0.72  div_loss=-0.1709  kl_loss=0.0000 (disabled)  score=0.924  return=0.822  role_std=8.1532  role_norm=56.9548  enc_delta ego=0.0006 partner=0.0006 road=0.0011
[ROMA step 6,162,481,152] sps=133,159  policy_loss=0.0023  value_loss=0.1255  mi_loss=0.0012  mi_valid=0.73  div_loss=-0.1660  kl_loss=0.0000 (disabled)  score=0.925  return=0.824  role_std=9.1095  role_norm=55.4407  enc_delta ego=0.0004 partner=0.0007 road=0.0010
[ROMA step 6,163,267,584] sps=133,144  policy_loss=-0.0007  value_loss=0.1117  mi_loss=0.0012  mi_valid=0.73  div_loss=-0.1680  kl_loss=0.0000 (disabled)  score=0.926  return=0.825  role_std=9.2431  role_norm=54.8473  enc_delta ego=0.0004 partner=0.0005 road=0.0010
[ROMA step 6,164,054,016] sps=133,130  policy_loss=0.0051  value_loss=0.1724  mi_loss=0.0012  mi_valid=0.73  div_loss=-0.1660  kl_loss=0.0000 (disabled)  score=0.926  return=0.827  role_std=9.4563  role_norm=54.3919  enc_delta ego=0.0006 partner=0.0006 road=0.0009
[ROMA step 6,164,840,448] sps=133,048  policy_loss=0.0001  value_loss=0.0773  mi_loss=0.0013  mi_valid=0.73  div_loss=-0.1670  kl_loss=0.0000 (disabled)  score=0.927  return=0.829  role_std=7.9298  role_norm=56.3416  enc_delta ego=0.0005 partner=0.0006 road=0.0009
[ROMA step 6,165,626,880] sps=133,035  policy_loss=-0.0027  value_loss=0.1024  mi_loss=0.0012  mi_valid=0.74  div_loss=-0.1748  kl_loss=0.0000 (disabled)  score=0.927  return=0.827  role_std=8.3831  role_norm=56.2589  enc_delta ego=0.0008 partner=0.0008 road=0.0010
[ROMA step 6,166,413,312] sps=133,017  policy_loss=-0.0025  value_loss=0.1111  mi_loss=0.0014  mi_valid=0.73  div_loss=-0.1748  kl_loss=0.0000 (disabled)  score=0.927  return=0.827  role_std=9.4774  role_norm=55.5199  enc_delta ego=0.0006 partner=0.0006 road=0.0009
[ROMA step 6,167,199,744] sps=132,928  policy_loss=-0.0023  value_loss=0.1330  mi_loss=0.0013  mi_valid=0.71  div_loss=-0.1768  kl_loss=0.0000 (disabled)  score=0.927  return=0.827  role_std=10.0554  role_norm=53.1656  enc_delta ego=0.0004 partner=0.0005 road=0.0007
[ROMA step 6,167,986,176] sps=132,914  policy_loss=0.0096  value_loss=0.1770  mi_loss=0.0013  mi_valid=0.74  div_loss=-0.1816  kl_loss=0.0000 (disabled)  score=0.927  return=0.823  role_std=9.7977  role_norm=52.6628  enc_delta ego=0.0004 partner=0.0006 road=0.0009
[ROMA step 6,168,772,608] sps=132,900  policy_loss=-0.0034  value_loss=0.1393  mi_loss=0.0012  mi_valid=0.74  div_loss=-0.1816  kl_loss=0.0000 (disabled)  score=0.927  return=0.825  role_std=10.2594  role_norm=52.2659  enc_delta ego=0.0004 partner=0.0005 road=0.0009
[ROMA step 6,169,559,040] sps=132,886  policy_loss=0.0021  value_loss=0.1798  mi_loss=0.0013  mi_valid=0.75  div_loss=-0.1885  kl_loss=0.0000 (disabled)  score=0.927  return=0.825  role_std=9.8456  role_norm=55.4156  enc_delta ego=0.0005 partner=0.0007 road=0.0011
[ROMA step 6,170,345,472] sps=132,809  policy_loss=0.0031  value_loss=0.1900  mi_loss=0.0011  mi_valid=0.72  div_loss=-0.1914  kl_loss=0.0000 (disabled)  score=0.926  return=0.824  role_std=9.5650  role_norm=55.5190  enc_delta ego=0.0007 partner=0.0009 road=0.0011
[ROMA step 6,171,131,904] sps=132,796  policy_loss=0.0027  value_loss=0.1724  mi_loss=0.0012  mi_valid=0.73  div_loss=-0.1729  kl_loss=0.0000 (disabled)  score=0.927  return=0.826  role_std=10.1653  role_norm=54.3857  enc_delta ego=0.0007 partner=0.0007 road=0.0012
[ROMA step 6,171,918,336] sps=132,782  policy_loss=0.0023  value_loss=0.1884  mi_loss=0.0012  mi_valid=0.73  div_loss=-0.1748  kl_loss=0.0000 (disabled)  score=0.928  return=0.831  role_std=10.7620  role_norm=54.3599  enc_delta ego=0.0007 partner=0.0008 road=0.0010
[ROMA step 6,172,704,768] sps=132,689  policy_loss=0.0018  value_loss=0.1526  mi_loss=0.0012  mi_valid=0.73  div_loss=-0.1748  kl_loss=0.0000 (disabled)  score=0.928  return=0.833  role_std=9.8607  role_norm=51.9155  enc_delta ego=0.0005 partner=0.0006 road=0.0009
[ROMA step 6,173,491,200] sps=132,673  policy_loss=0.0010  value_loss=0.1678  mi_loss=0.0011  mi_valid=0.75  div_loss=-0.1709  kl_loss=0.0000 (disabled)  score=0.928  return=0.834  role_std=8.9462  role_norm=56.0105  enc_delta ego=0.0004 partner=0.0006 road=0.0009
[ROMA step 6,174,277,632] sps=132,659  policy_loss=-0.0044  value_loss=0.1112  mi_loss=0.0011  mi_valid=0.74  div_loss=-0.1680  kl_loss=0.0000 (disabled)  score=0.929  return=0.839  role_std=9.0054  role_norm=55.6801  enc_delta ego=0.0006 partner=0.0006 road=0.0009
[ROMA step 6,175,064,064] sps=132,644  policy_loss=-0.0074  value_loss=0.0939  mi_loss=0.0011  mi_valid=0.74  div_loss=-0.1621  kl_loss=0.0000 (disabled)  score=0.931  return=0.844  role_std=9.0357  role_norm=55.4825  enc_delta ego=0.0004 partner=0.0007 road=0.0008
[ROMA step 6,175,850,496] sps=132,573  policy_loss=-0.0054  value_loss=0.1236  mi_loss=0.0012  mi_valid=0.72  div_loss=-0.1641  kl_loss=0.0000 (disabled)  score=0.932  return=0.849  role_std=9.5896  role_norm=54.3543  enc_delta ego=0.0005 partner=0.0005 road=0.0009
[ROMA step 6,176,636,928] sps=132,560  policy_loss=-0.0041  value_loss=0.1623  mi_loss=0.0012  mi_valid=0.74  div_loss=-0.1631  kl_loss=0.0000 (disabled)  score=0.934  return=0.851  role_std=10.1347  role_norm=53.6680  enc_delta ego=0.0010 partner=0.0007 road=0.0010
[ROMA step 6,177,423,360] sps=132,547  policy_loss=0.0034  value_loss=0.1668  mi_loss=0.0011  mi_valid=0.75  div_loss=-0.1660  kl_loss=0.0000 (disabled)  score=0.935  return=0.852  role_std=8.9804  role_norm=55.9499  enc_delta ego=0.0006 partner=0.0007 road=0.0009
[ROMA step 6,178,209,792] sps=132,533  policy_loss=-0.0050  value_loss=0.1734  mi_loss=0.0011  mi_valid=0.75  div_loss=-0.1729  kl_loss=0.0000 (disabled)  score=0.936  return=0.852  role_std=9.0208  role_norm=55.9187  enc_delta ego=0.0009 partner=0.0007 road=0.0010
[ROMA step 6,178,996,224] sps=132,452  policy_loss=0.0035  value_loss=0.1600  mi_loss=0.0011  mi_valid=0.73  div_loss=-0.1768  kl_loss=0.0000 (disabled)  score=0.936  return=0.851  role_std=9.2697  role_norm=54.4755  enc_delta ego=0.0005 partner=0.0007 road=0.0012
[ROMA step 6,179,782,656] sps=132,435  policy_loss=-0.0015  value_loss=0.1118  mi_loss=0.0012  mi_valid=0.74  div_loss=-0.1787  kl_loss=0.0000 (disabled)  score=0.937  return=0.851  role_std=9.1441  role_norm=54.1997  enc_delta ego=0.0005 partner=0.0005 road=0.0012
[ROMA step 6,180,569,088] sps=132,421  policy_loss=-0.0031  value_loss=0.1289  mi_loss=0.0012  mi_valid=0.74  div_loss=-0.1768  kl_loss=0.0000 (disabled)  score=0.936  return=0.849  role_std=10.1710  role_norm=52.7883  enc_delta ego=0.0004 partner=0.0006 road=0.0010
[ROMA step 6,181,355,520] sps=132,349  policy_loss=0.0028  value_loss=0.2501  mi_loss=0.0013  mi_valid=0.73  div_loss=-0.1846  kl_loss=0.0000 (disabled)  score=0.936  return=0.847  role_std=9.1319  role_norm=55.6518  enc_delta ego=0.0006 partner=0.0007 road=0.0011
[ROMA step 6,182,141,952] sps=132,336  policy_loss=0.0000  value_loss=0.1541  mi_loss=0.0012  mi_valid=0.74  div_loss=-0.1738  kl_loss=0.0000 (disabled)  score=0.936  return=0.849  role_std=8.5013  role_norm=56.1270  enc_delta ego=0.0007 partner=0.0007 road=0.0012
[ROMA step 6,182,928,384] sps=132,323  policy_loss=0.0066  value_loss=0.1227  mi_loss=0.0014  mi_valid=0.73  div_loss=-0.1699  kl_loss=0.0000 (disabled)  score=0.937  return=0.852  role_std=8.8108  role_norm=55.3605  enc_delta ego=0.0003 partner=0.0005 road=0.0008
[ROMA step 6,183,714,816] sps=132,309  policy_loss=0.0002  value_loss=0.1658  mi_loss=0.0011  mi_valid=0.73  div_loss=-0.1689  kl_loss=0.0000 (disabled)  score=0.937  return=0.853  role_std=9.2686  role_norm=55.1248  enc_delta ego=0.0005 partner=0.0007 road=0.0009
[ROMA step 6,184,501,248] sps=132,235  policy_loss=0.0005  value_loss=0.0935  mi_loss=0.0012  mi_valid=0.72  div_loss=-0.1729  kl_loss=0.0000 (disabled)  score=0.938  return=0.856  role_std=9.3742  role_norm=53.2905  enc_delta ego=0.0004 partner=0.0005 road=0.0007
[ROMA step 6,185,287,680] sps=132,221  policy_loss=0.0021  value_loss=0.1088  mi_loss=0.0012  mi_valid=0.74  div_loss=-0.1729  kl_loss=0.0000 (disabled)  score=0.939  return=0.856  role_std=9.7832  role_norm=52.6935  enc_delta ego=0.0004 partner=0.0007 road=0.0009
[ROMA step 6,186,074,112] sps=132,205  policy_loss=-0.0020  value_loss=0.1285  mi_loss=0.0012  mi_valid=0.74  div_loss=-0.1729  kl_loss=0.0000 (disabled)  score=0.939  return=0.856  role_std=8.9519  role_norm=54.8936  enc_delta ego=0.0004 partner=0.0006 road=0.0010
[ROMA step 6,186,860,544] sps=132,130  policy_loss=-0.0042  value_loss=0.1237  mi_loss=0.0013  mi_valid=0.73  div_loss=-0.1777  kl_loss=0.0000 (disabled)  score=0.940  return=0.858  role_std=8.7807  role_norm=55.8357  enc_delta ego=0.0003 partner=0.0005 road=0.0012
[ROMA step 6,187,646,976] sps=132,117  policy_loss=0.0008  value_loss=0.1434  mi_loss=0.0012  mi_valid=0.73  div_loss=-0.1738  kl_loss=0.0000 (disabled)  score=0.940  return=0.857  role_std=9.6369  role_norm=54.7459  enc_delta ego=0.0005 partner=0.0008 road=0.0012
[ROMA step 6,188,433,408] sps=132,104  policy_loss=0.0003  value_loss=0.1559  mi_loss=0.0013  mi_valid=0.74  div_loss=-0.1729  kl_loss=0.0000 (disabled)  score=0.939  return=0.854  role_std=9.4649  role_norm=54.0713  enc_delta ego=0.0005 partner=0.0006 road=0.0009
[ROMA step 6,189,219,840] sps=132,089  policy_loss=0.0021  value_loss=0.1163  mi_loss=0.0012  mi_valid=0.73  div_loss=-0.1650  kl_loss=0.0000 (disabled)  score=0.940  return=0.855  role_std=10.1416  role_norm=53.5170  enc_delta ego=0.0005 partner=0.0006 road=0.0012
[ROMA step 6,190,006,272] sps=132,009  policy_loss=-0.0001  value_loss=0.2038  mi_loss=0.0012  mi_valid=0.72  div_loss=-0.1787  kl_loss=0.0000 (disabled)  score=0.940  return=0.855  role_std=8.9311  role_norm=55.8198  enc_delta ego=0.0005 partner=0.0007 road=0.0011
[ROMA step 6,190,792,704] sps=131,995  policy_loss=0.0039  value_loss=0.1744  mi_loss=0.0012  mi_valid=0.74  div_loss=-0.1719  kl_loss=0.0000 (disabled)  score=0.940  return=0.856  role_std=8.8903  role_norm=55.4771  enc_delta ego=0.0005 partner=0.0007 road=0.0009
[ROMA step 6,191,579,136] sps=131,982  policy_loss=0.0109  value_loss=0.2012  mi_loss=0.0012  mi_valid=0.74  div_loss=-0.1768  kl_loss=0.0000 (disabled)  score=0.940  return=0.856  role_std=9.2029  role_norm=54.5917  enc_delta ego=0.0006 partner=0.0007 road=0.0010
[ROMA step 6,192,365,568] sps=131,907  policy_loss=-0.0009  value_loss=0.1199  mi_loss=0.0012  mi_valid=0.72  div_loss=-0.1729  kl_loss=0.0000 (disabled)  score=0.941  return=0.857  role_std=8.7942  role_norm=54.2145  enc_delta ego=0.0004 partner=0.0007 road=0.0008
[ROMA step 6,193,152,000] sps=131,894  policy_loss=0.0009  value_loss=0.0955  mi_loss=0.0012  mi_valid=0.74  div_loss=-0.1641  kl_loss=0.0000 (disabled)  score=0.942  return=0.860  role_std=9.6199  role_norm=54.2377  enc_delta ego=0.0004 partner=0.0007 road=0.0011
[ROMA step 6,193,938,432] sps=131,881  policy_loss=0.0007  value_loss=0.1333  mi_loss=0.0012  mi_valid=0.74  div_loss=-0.1660  kl_loss=0.0000 (disabled)  score=0.942  return=0.860  role_std=9.8400  role_norm=53.7478  enc_delta ego=0.0003 partner=0.0005 road=0.0007
[ROMA step 6,194,724,864] sps=131,868  policy_loss=0.0049  value_loss=0.1716  mi_loss=0.0012  mi_valid=0.75  div_loss=-0.1689  kl_loss=0.0000 (disabled)  score=0.942  return=0.860  role_std=8.1764  role_norm=56.7584  enc_delta ego=0.0005 partner=0.0005 road=0.0008
[ROMA step 6,195,511,296] sps=131,782  policy_loss=0.0101  value_loss=0.1636  mi_loss=0.0011  mi_valid=0.73  div_loss=-0.1719  kl_loss=0.0000 (disabled)  score=0.942  return=0.862  role_std=8.7860  role_norm=55.5208  enc_delta ego=0.0004 partner=0.0006 road=0.0007
[ROMA step 6,196,297,728] sps=131,769  policy_loss=0.0107  value_loss=0.2049  mi_loss=0.0012  mi_valid=0.75  div_loss=-0.1680  kl_loss=0.0000 (disabled)  score=0.941  return=0.861  role_std=8.9183  role_norm=54.4179  enc_delta ego=0.0005 partner=0.0005 road=0.0007
[ROMA step 6,197,084,160] sps=131,756  policy_loss=0.0025  value_loss=0.1281  mi_loss=0.0013  mi_valid=0.75  div_loss=-0.1660  kl_loss=0.0000 (disabled)  score=0.941  return=0.860  role_std=9.4012  role_norm=53.7386  enc_delta ego=0.0004 partner=0.0006 road=0.0008
[ROMA step 6,197,870,592] sps=131,687  policy_loss=-0.0017  value_loss=0.1471  mi_loss=0.0012  mi_valid=0.74  div_loss=-0.1611  kl_loss=0.0000 (disabled)  score=0.940  return=0.859  role_std=9.9961  role_norm=50.9899  enc_delta ego=0.0004 partner=0.0004 road=0.0008
[ROMA step 6,198,657,024] sps=131,674  policy_loss=0.0064  value_loss=0.1670  mi_loss=0.0012  mi_valid=0.75  div_loss=-0.1631  kl_loss=0.0000 (disabled)  score=0.939  return=0.858  role_std=7.8372  role_norm=56.8252  enc_delta ego=0.0004 partner=0.0006 road=0.0008
[ROMA step 6,199,443,456] sps=131,661  policy_loss=-0.0011  value_loss=0.0740  mi_loss=0.0013  mi_valid=0.74  div_loss=-0.1514  kl_loss=0.0000 (disabled)  score=0.938  return=0.858  role_std=7.8549  role_norm=57.0277  enc_delta ego=0.0004 partner=0.0005 road=0.0007
[ROMA step 6,200,229,888] sps=131,648  policy_loss=0.0068  value_loss=0.1012  mi_loss=0.0012  mi_valid=0.74  div_loss=-0.1533  kl_loss=0.0000 (disabled)  score=0.938  return=0.859  role_std=7.9410  role_norm=56.2687  enc_delta ego=0.0004 partner=0.0004 road=0.0008
[ROMA step 6,201,016,320] sps=131,576  policy_loss=-0.0014  value_loss=0.1400  mi_loss=0.0012  mi_valid=0.71  div_loss=-0.1650  kl_loss=0.0000 (disabled)  score=0.938  return=0.858  role_std=8.9754  role_norm=55.5153  enc_delta ego=0.0003 partner=0.0004 road=0.0006
[ROMA step 6,201,802,752] sps=131,563  policy_loss=0.0009  value_loss=0.1434  mi_loss=0.0012  mi_valid=0.73  div_loss=-0.1660  kl_loss=0.0000 (disabled)  score=0.938  return=0.860  role_std=9.5677  role_norm=54.5205  enc_delta ego=0.0004 partner=0.0007 road=0.0009
[ROMA step 6,202,589,184] sps=131,549  policy_loss=0.0050  value_loss=0.1197  mi_loss=0.0011  mi_valid=0.73  div_loss=-0.1592  kl_loss=0.0000 (disabled)  score=0.938  return=0.861  role_std=8.7329  role_norm=56.5799  enc_delta ego=0.0004 partner=0.0006 road=0.0009
[ROMA step 6,203,375,616] sps=131,536  policy_loss=-0.0081  value_loss=0.1128  mi_loss=0.0012  mi_valid=0.74  div_loss=-0.1611  kl_loss=0.0000 (disabled)  score=0.939  return=0.863  role_std=8.5505  role_norm=57.1246  enc_delta ego=0.0003 partner=0.0004 road=0.0006
[ROMA step 6,204,162,048] sps=131,462  policy_loss=0.0020  value_loss=0.1176  mi_loss=0.0012  mi_valid=0.72  div_loss=-0.1641  kl_loss=0.0000 (disabled)  score=0.940  return=0.867  role_std=8.3460  role_norm=56.5056  enc_delta ego=0.0004 partner=0.0005 road=0.0009
[ROMA step 6,204,948,480] sps=131,449  policy_loss=-0.0033  value_loss=0.1477  mi_loss=0.0012  mi_valid=0.74  div_loss=-0.1680  kl_loss=0.0000 (disabled)  score=0.940  return=0.867  role_std=9.2039  role_norm=55.5545  enc_delta ego=0.0006 partner=0.0007 road=0.0012
[ROMA step 6,205,734,912] sps=131,436  policy_loss=-0.0002  value_loss=0.1015  mi_loss=0.0012  mi_valid=0.73  div_loss=-0.1699  kl_loss=0.0000 (disabled)  score=0.939  return=0.865  role_std=9.7914  role_norm=54.6249  enc_delta ego=0.0005 partner=0.0007 road=0.0008
[ROMA step 6,206,521,344] sps=131,364  policy_loss=0.0036  value_loss=0.1790  mi_loss=0.0012  mi_valid=0.73  div_loss=-0.1748  kl_loss=0.0000 (disabled)  score=0.939  return=0.863  role_std=8.8188  role_norm=55.6346  enc_delta ego=0.0005 partner=0.0007 road=0.0012
[ROMA step 6,207,307,776] sps=131,351  policy_loss=0.0035  value_loss=0.2665  mi_loss=0.0012  mi_valid=0.76  div_loss=-0.1934  kl_loss=0.0000 (disabled)  score=0.939  return=0.861  role_std=9.1380  role_norm=56.4264  enc_delta ego=0.0005 partner=0.0007 road=0.0012
[ROMA step 6,208,094,208] sps=131,335  policy_loss=-0.0030  value_loss=0.2625  mi_loss=0.0013  mi_valid=0.75  div_loss=-0.1914  kl_loss=0.0000 (disabled)  score=0.937  return=0.855  role_std=9.3397  role_norm=55.7994  enc_delta ego=0.0006 partner=0.0008 road=0.0010
[ROMA step 6,208,880,640] sps=131,321  policy_loss=-0.0031  value_loss=0.1675  mi_loss=0.0014  mi_valid=0.75  div_loss=-0.1865  kl_loss=0.0000 (disabled)  score=0.936  return=0.853  role_std=9.9115  role_norm=55.2012  enc_delta ego=0.0007 partner=0.0007 road=0.0011
[ROMA step 6,209,667,072] sps=131,247  policy_loss=0.0031  value_loss=0.1591  mi_loss=0.0011  mi_valid=0.72  div_loss=-0.1729  kl_loss=0.0000 (disabled)  score=0.935  return=0.851  role_std=9.9986  role_norm=53.8119  enc_delta ego=0.0007 partner=0.0007 road=0.0011
[ROMA step 6,210,453,504] sps=131,233  policy_loss=-0.0036  value_loss=0.0854  mi_loss=0.0011  mi_valid=0.74  div_loss=-0.1553  kl_loss=0.0000 (disabled)  score=0.935  return=0.851  role_std=9.8707  role_norm=53.1974  enc_delta ego=0.0003 partner=0.0006 road=0.0011
[ROMA step 6,211,239,936] sps=131,219  policy_loss=-0.0004  value_loss=0.1340  mi_loss=0.0011  mi_valid=0.74  div_loss=-0.1621  kl_loss=0.0000 (disabled)  score=0.935  return=0.853  role_std=8.4639  role_norm=56.2023  enc_delta ego=0.0004 partner=0.0005 road=0.0009
[ROMA step 6,212,026,368] sps=131,146  policy_loss=-0.0047  value_loss=0.1203  mi_loss=0.0011  mi_valid=0.73  div_loss=-0.1572  kl_loss=0.0000 (disabled)  score=0.934  return=0.853  role_std=8.0176  role_norm=57.3110  enc_delta ego=0.0004 partner=0.0006 road=0.0007
[ROMA step 6,212,812,800] sps=131,133  policy_loss=-0.0032  value_loss=0.0903  mi_loss=0.0011  mi_valid=0.74  div_loss=-0.1504  kl_loss=0.0000 (disabled)  score=0.934  return=0.855  role_std=8.1223  role_norm=56.3126  enc_delta ego=0.0005 partner=0.0007 road=0.0011
[ROMA step 6,213,599,232] sps=131,120  policy_loss=-0.0021  value_loss=0.1724  mi_loss=0.0013  mi_valid=0.73  div_loss=-0.1572  kl_loss=0.0000 (disabled)  score=0.934  return=0.856  role_std=8.7886  role_norm=56.0890  enc_delta ego=0.0004 partner=0.0005 road=0.0006
[ROMA step 6,214,385,664] sps=131,107  policy_loss=-0.0021  value_loss=0.1343  mi_loss=0.0012  mi_valid=0.73  div_loss=-0.1562  kl_loss=0.0000 (disabled)  score=0.934  return=0.856  role_std=9.2772  role_norm=55.0218  enc_delta ego=0.0004 partner=0.0005 road=0.0006
[ROMA step 6,215,172,096] sps=131,028  policy_loss=-0.0036  value_loss=0.1291  mi_loss=0.0012  mi_valid=0.72  div_loss=-0.1641  kl_loss=0.0000 (disabled)  score=0.934  return=0.857  role_std=8.7029  role_norm=56.1631  enc_delta ego=0.0004 partner=0.0006 road=0.0010
[ROMA step 6,215,958,528] sps=131,014  policy_loss=-0.0044  value_loss=0.1847  mi_loss=0.0011  mi_valid=0.73  div_loss=-0.1768  kl_loss=0.0000 (disabled)  score=0.934  return=0.858  role_std=8.1649  role_norm=56.9808  enc_delta ego=0.0005 partner=0.0008 road=0.0012
[ROMA step 6,216,744,960] sps=131,001  policy_loss=-0.0007  value_loss=0.1719  mi_loss=0.0012  mi_valid=0.73  div_loss=-0.1699  kl_loss=0.0000 (disabled)  score=0.934  return=0.858  role_std=9.1746  role_norm=56.0015  enc_delta ego=0.0004 partner=0.0006 road=0.0010
[ROMA step 6,217,531,392] sps=130,914  policy_loss=-0.0035  value_loss=0.1486  mi_loss=0.0012  mi_valid=0.71  div_loss=-0.1709  kl_loss=0.0000 (disabled)  score=0.934  return=0.857  role_std=8.6861  role_norm=54.5193  enc_delta ego=0.0006 partner=0.0006 road=0.0008
[ROMA step 6,218,317,824] sps=130,901  policy_loss=0.0000  value_loss=0.0764  mi_loss=0.0011  mi_valid=0.74  div_loss=-0.1562  kl_loss=0.0000 (disabled)  score=0.933  return=0.858  role_std=9.8144  role_norm=53.8845  enc_delta ego=0.0004 partner=0.0006 road=0.0008
[ROMA step 6,219,104,256] sps=130,888  policy_loss=-0.0021  value_loss=0.1203  mi_loss=0.0012  mi_valid=0.74  div_loss=-0.1562  kl_loss=0.0000 (disabled)  score=0.934  return=0.859  role_std=9.6653  role_norm=53.5137  enc_delta ego=0.0005 partner=0.0004 road=0.0007
[ROMA step 6,219,890,688] sps=130,875  policy_loss=0.0075  value_loss=0.1410  mi_loss=0.0012  mi_valid=0.75  div_loss=-0.1533  kl_loss=0.0000 (disabled)  score=0.934  return=0.861  role_std=8.0338  role_norm=56.5972  enc_delta ego=0.0006 partner=0.0005 road=0.0007
[ROMA step 6,220,677,120] sps=130,802  policy_loss=-0.0004  value_loss=0.2185  mi_loss=0.0011  mi_valid=0.72  div_loss=-0.1680  kl_loss=0.0000 (disabled)  score=0.935  return=0.861  role_std=8.5261  role_norm=55.6811  enc_delta ego=0.0003 partner=0.0005 road=0.0007
[ROMA step 6,221,463,552] sps=130,790  policy_loss=0.0020  value_loss=0.1505  mi_loss=0.0011  mi_valid=0.74  div_loss=-0.1650  kl_loss=0.0000 (disabled)  score=0.936  return=0.862  role_std=8.9077  role_norm=54.9321  enc_delta ego=0.0004 partner=0.0007 road=0.0008
[ROMA step 6,222,249,984] sps=130,776  policy_loss=-0.0028  value_loss=0.1282  mi_loss=0.0011  mi_valid=0.75  div_loss=-0.1660  kl_loss=0.0000 (disabled)  score=0.936  return=0.861  role_std=9.1529  role_norm=54.2469  enc_delta ego=0.0004 partner=0.0006 road=0.0008
[ROMA step 6,223,036,416] sps=130,705  policy_loss=0.0032  value_loss=0.1691  mi_loss=0.0011  mi_valid=0.73  div_loss=-0.1719  kl_loss=0.0000 (disabled)  score=0.935  return=0.858  role_std=10.5901  role_norm=50.1516  enc_delta ego=0.0004 partner=0.0006 road=0.0007
[ROMA step 6,223,822,848] sps=130,692  policy_loss=0.0085  value_loss=0.1071  mi_loss=0.0011  mi_valid=0.76  div_loss=-0.1592  kl_loss=0.0000 (disabled)  score=0.935  return=0.859  role_std=8.0943  role_norm=56.6203  enc_delta ego=0.0005 partner=0.0006 road=0.0007
[ROMA step 6,224,609,280] sps=130,678  policy_loss=-0.0002  value_loss=0.1337  mi_loss=0.0012  mi_valid=0.74  div_loss=-0.1553  kl_loss=0.0000 (disabled)  score=0.934  return=0.858  role_std=8.0503  role_norm=55.9408  enc_delta ego=0.0004 partner=0.0006 road=0.0011
[ROMA step 6,225,395,712] sps=130,665  policy_loss=-0.0004  value_loss=0.2013  mi_loss=0.0011  mi_valid=0.74  div_loss=-0.1641  kl_loss=0.0000 (disabled)  score=0.933  return=0.857  role_std=8.3355  role_norm=55.9692  enc_delta ego=0.0005 partner=0.0006 road=0.0011
[ROMA step 6,226,182,144] sps=130,591  policy_loss=0.0057  value_loss=0.2221  mi_loss=0.0012  mi_valid=0.72  div_loss=-0.1719  kl_loss=0.0000 (disabled)  score=0.933  return=0.856  role_std=8.9647  role_norm=54.4355  enc_delta ego=0.0006 partner=0.0005 road=0.0010
[ROMA step 6,226,968,576] sps=130,578  policy_loss=0.0021  value_loss=0.2066  mi_loss=0.0011  mi_valid=0.75  div_loss=-0.1709  kl_loss=0.0000 (disabled)  score=0.933  return=0.855  role_std=9.5662  role_norm=53.6929  enc_delta ego=0.0009 partner=0.0006 road=0.0009
[ROMA step 6,227,755,008] sps=130,565  policy_loss=0.0020  value_loss=0.1278  mi_loss=0.0012  mi_valid=0.75  div_loss=-0.1650  kl_loss=0.0000 (disabled)  score=0.932  return=0.853  role_std=9.7105  role_norm=53.3180  enc_delta ego=0.0005 partner=0.0007 road=0.0009
[ROMA step 6,228,541,440] sps=130,552  policy_loss=-0.0001  value_loss=0.1601  mi_loss=0.0012  mi_valid=0.75  div_loss=-0.1689  kl_loss=0.0000 (disabled)  score=0.932  return=0.853  role_std=8.6109  role_norm=56.4507  enc_delta ego=0.0007 partner=0.0006 road=0.0010
[ROMA step 6,229,327,872] sps=130,480  policy_loss=0.0051  value_loss=0.1559  mi_loss=0.0012  mi_valid=0.72  div_loss=-0.1738  kl_loss=0.0000 (disabled)  score=0.932  return=0.854  role_std=8.8067  role_norm=56.1750  enc_delta ego=0.0008 partner=0.0008 road=0.0011
[ROMA step 6,230,114,304] sps=130,468  policy_loss=0.0017  value_loss=0.1645  mi_loss=0.0013  mi_valid=0.73  div_loss=-0.1689  kl_loss=0.0000 (disabled)  score=0.932  return=0.855  role_std=9.2900  role_norm=55.7944  enc_delta ego=0.0006 partner=0.0006 road=0.0010
[ROMA step 6,230,900,736] sps=130,455  policy_loss=0.0036  value_loss=0.1731  mi_loss=0.0013  mi_valid=0.73  div_loss=-0.1689  kl_loss=0.0000 (disabled)  score=0.932  return=0.856  role_std=9.6707  role_norm=54.9697  enc_delta ego=0.0004 partner=0.0006 road=0.0007
[ROMA step 6,231,687,168] sps=130,379  policy_loss=0.0018  value_loss=0.1717  mi_loss=0.0012  mi_valid=0.72  div_loss=-0.1680  kl_loss=0.0000 (disabled)  score=0.932  return=0.859  role_std=9.4438  role_norm=52.5936  enc_delta ego=0.0005 partner=0.0006 road=0.0009
[ROMA step 6,232,473,600] sps=130,367  policy_loss=-0.0021  value_loss=0.1743  mi_loss=0.0011  mi_valid=0.75  div_loss=-0.1729  kl_loss=0.0000 (disabled)  score=0.933  return=0.860  role_std=8.6667  role_norm=56.5653  enc_delta ego=0.0005 partner=0.0006 road=0.0008
[ROMA step 6,233,260,032] sps=130,353  policy_loss=-0.0022  value_loss=0.1172  mi_loss=0.0011  mi_valid=0.74  div_loss=-0.1748  kl_loss=0.0000 (disabled)  score=0.934  return=0.861  role_std=8.5426  role_norm=56.0513  enc_delta ego=0.0004 partner=0.0006 road=0.0008
[ROMA step 6,234,046,464] sps=130,340  policy_loss=0.0060  value_loss=0.2268  mi_loss=0.0011  mi_valid=0.74  div_loss=-0.1807  kl_loss=0.0000 (disabled)  score=0.934  return=0.859  role_std=9.5612  role_norm=55.0853  enc_delta ego=0.0004 partner=0.0006 road=0.0008
[ROMA step 6,234,832,896] sps=130,266  policy_loss=0.0046  value_loss=0.1724  mi_loss=0.0012  mi_valid=0.73  div_loss=-0.1777  kl_loss=0.0000 (disabled)  score=0.933  return=0.856  role_std=9.8260  role_norm=53.4808  enc_delta ego=0.0004 partner=0.0006 road=0.0009
[ROMA step 6,235,619,328] sps=130,252  policy_loss=-0.0021  value_loss=0.1174  mi_loss=0.0012  mi_valid=0.74  div_loss=-0.1650  kl_loss=0.0000 (disabled)  score=0.933  return=0.857  role_std=9.9163  role_norm=52.6673  enc_delta ego=0.0003 partner=0.0005 road=0.0007
[ROMA step 6,236,405,760] sps=130,240  policy_loss=0.0122  value_loss=0.1553  mi_loss=0.0012  mi_valid=0.76  div_loss=-0.1689  kl_loss=0.0000 (disabled)  score=0.933  return=0.856  role_std=8.4665  role_norm=55.9594  enc_delta ego=0.0004 partner=0.0005 road=0.0010
[ROMA step 6,237,192,192] sps=130,167  policy_loss=-0.0026  value_loss=0.1418  mi_loss=0.0012  mi_valid=0.74  div_loss=-0.1729  kl_loss=0.0000 (disabled)  score=0.932  return=0.853  role_std=8.5690  role_norm=57.0766  enc_delta ego=0.0004 partner=0.0006 road=0.0007
[ROMA step 6,237,978,624] sps=130,155  policy_loss=0.0015  value_loss=0.1499  mi_loss=0.0012  mi_valid=0.74  div_loss=-0.1689  kl_loss=0.0000 (disabled)  score=0.932  return=0.852  role_std=8.9144  role_norm=55.4142  enc_delta ego=0.0004 partner=0.0007 road=0.0012
[ROMA step 6,238,765,056] sps=130,142  policy_loss=0.0006  value_loss=0.0954  mi_loss=0.0012  mi_valid=0.74  div_loss=-0.1641  kl_loss=0.0000 (disabled)  score=0.931  return=0.852  role_std=9.2381  role_norm=54.6798  enc_delta ego=0.0003 partner=0.0005 road=0.0007
[ROMA step 6,239,551,488] sps=130,129  policy_loss=0.0029  value_loss=0.1198  mi_loss=0.0012  mi_valid=0.73  div_loss=-0.1650  kl_loss=0.0000 (disabled)  score=0.931  return=0.852  role_std=9.3929  role_norm=54.2718  enc_delta ego=0.0003 partner=0.0004 road=0.0006
[ROMA step 6,240,337,920] sps=130,049  policy_loss=0.0014  value_loss=0.2035  mi_loss=0.0012  mi_valid=0.73  div_loss=-0.1709  kl_loss=0.0000 (disabled)  score=0.931  return=0.853  role_std=8.3446  role_norm=56.5957  enc_delta ego=0.0004 partner=0.0006 road=0.0007
[ROMA step 6,241,124,352] sps=130,037  policy_loss=-0.0051  value_loss=0.1786  mi_loss=0.0012  mi_valid=0.75  div_loss=-0.1748  kl_loss=0.0000 (disabled)  score=0.930  return=0.851  role_std=9.2929  role_norm=56.1900  enc_delta ego=0.0004 partner=0.0006 road=0.0012
[ROMA step 6,241,910,784] sps=130,024  policy_loss=0.0016  value_loss=0.1662  mi_loss=0.0011  mi_valid=0.74  div_loss=-0.1729  kl_loss=0.0000 (disabled)  score=0.930  return=0.852  role_std=9.3907  role_norm=55.8244  enc_delta ego=0.0004 partner=0.0005 road=0.0009
[ROMA step 6,242,697,216] sps=129,952  policy_loss=0.0021  value_loss=0.1170  mi_loss=0.0011  mi_valid=0.72  div_loss=-0.1670  kl_loss=0.0000 (disabled)  score=0.930  return=0.852  role_std=8.9032  role_norm=55.0126  enc_delta ego=0.0005 partner=0.0004 road=0.0006
[ROMA step 6,243,483,648] sps=129,940  policy_loss=-0.0003  value_loss=0.1417  mi_loss=0.0012  mi_valid=0.73  div_loss=-0.1689  kl_loss=0.0000 (disabled)  score=0.931  return=0.852  role_std=9.6969  role_norm=54.1523  enc_delta ego=0.0005 partner=0.0005 road=0.0007
[ROMA step 6,244,270,080] sps=129,927  policy_loss=-0.0013  value_loss=0.1578  mi_loss=0.0012  mi_valid=0.73  div_loss=-0.1777  kl_loss=0.0000 (disabled)  score=0.931  return=0.850  role_std=10.1500  role_norm=53.0766  enc_delta ego=0.0003 partner=0.0004 road=0.0008
[ROMA step 6,245,056,512] sps=129,915  policy_loss=-0.0014  value_loss=0.0764  mi_loss=0.0012  mi_valid=0.74  div_loss=-0.1729  kl_loss=0.0000 (disabled)  score=0.931  return=0.850  role_std=8.6228  role_norm=56.0844  enc_delta ego=0.0003 partner=0.0005 road=0.0009
[ROMA step 6,245,842,944] sps=129,846  policy_loss=0.0063  value_loss=0.2291  mi_loss=0.0013  mi_valid=0.72  div_loss=-0.1797  kl_loss=0.0000 (disabled)  score=0.931  return=0.850  role_std=9.7528  role_norm=55.1117  enc_delta ego=0.0004 partner=0.0007 road=0.0008
[ROMA step 6,246,629,376] sps=129,834  policy_loss=-0.0010  value_loss=0.1257  mi_loss=0.0013  mi_valid=0.74  div_loss=-0.1758  kl_loss=0.0000 (disabled)  score=0.932  return=0.851  role_std=9.0685  role_norm=55.9269  enc_delta ego=0.0005 partner=0.0007 road=0.0012
[ROMA step 6,247,415,808] sps=129,821  policy_loss=-0.0041  value_loss=0.1274  mi_loss=0.0013  mi_valid=0.74  div_loss=-0.1748  kl_loss=0.0000 (disabled)  score=0.932  return=0.850  role_std=9.6593  role_norm=54.9161  enc_delta ego=0.0005 partner=0.0006 road=0.0009
[ROMA step 6,248,202,240] sps=129,748  policy_loss=0.0028  value_loss=0.1391  mi_loss=0.0013  mi_valid=0.71  div_loss=-0.1768  kl_loss=0.0000 (disabled)  score=0.933  return=0.848  role_std=11.0632  role_norm=51.1861  enc_delta ego=0.0004 partner=0.0006 road=0.0007
[ROMA step 6,248,988,672] sps=129,736  policy_loss=0.0020  value_loss=0.0993  mi_loss=0.0011  mi_valid=0.75  div_loss=-0.1699  kl_loss=0.0000 (disabled)  score=0.934  return=0.850  role_std=8.4053  role_norm=56.5290  enc_delta ego=0.0004 partner=0.0004 road=0.0009
[ROMA step 6,249,775,104] sps=129,724  policy_loss=-0.0022  value_loss=0.1722  mi_loss=0.0012  mi_valid=0.74  div_loss=-0.1738  kl_loss=0.0000 (disabled)  score=0.934  return=0.849  role_std=8.6569  role_norm=56.3062  enc_delta ego=0.0004 partner=0.0004 road=0.0007
[ROMA step 6,250,561,536] sps=129,711  policy_loss=0.0022  value_loss=0.1462  mi_loss=0.0012  mi_valid=0.73  div_loss=-0.1719  kl_loss=0.0000 (disabled)  score=0.934  return=0.850  role_std=9.0451  role_norm=56.1045  enc_delta ego=0.0004 partner=0.0005 road=0.0007
[ROMA step 6,251,347,968] sps=129,649  policy_loss=0.0045  value_loss=0.1716  mi_loss=0.0012  mi_valid=0.72  div_loss=-0.1709  kl_loss=0.0000 (disabled)  score=0.934  return=0.849  role_std=9.6721  role_norm=54.7029  enc_delta ego=0.0004 partner=0.0005 road=0.0008
[ROMA] Saved -> /scratch/e452103/checkpoints/roma_mifutagent_dim1_H8_r16p64_ft_pc40_cb1_lr_half_nodiv/roma_dim1_step6251347968.pt
[ROMA step 6,252,134,400] sps=129,636  policy_loss=-0.0016  value_loss=0.1413  mi_loss=0.0012  mi_valid=0.74  div_loss=-0.1641  kl_loss=0.0000 (disabled)  score=0.934  return=0.849  role_std=9.3159  role_norm=53.9304  enc_delta ego=0.0004 partner=0.0006 road=0.0009
[ROMA step 6,252,920,832] sps=129,624  policy_loss=0.0003  value_loss=0.1066  mi_loss=0.0012  mi_valid=0.74  div_loss=-0.1602  kl_loss=0.0000 (disabled)  score=0.934  return=0.849  role_std=9.7352  role_norm=53.1448  enc_delta ego=0.0003 partner=0.0004 road=0.0008
[ROMA step 6,253,707,264] sps=129,611  policy_loss=-0.0033  value_loss=0.1392  mi_loss=0.0011  mi_valid=0.75  div_loss=-0.1680  kl_loss=0.0000 (disabled)  score=0.934  return=0.851  role_std=8.4567  role_norm=56.1336  enc_delta ego=0.0004 partner=0.0005 road=0.0008
[ROMA step 6,254,493,696] sps=129,547  policy_loss=0.0021  value_loss=0.2263  mi_loss=0.0011  mi_valid=0.72  div_loss=-0.1758  kl_loss=0.0000 (disabled)  score=0.934  return=0.851  role_std=9.4176  role_norm=55.8972  enc_delta ego=0.0004 partner=0.0005 road=0.0007
[ROMA step 6,255,280,128] sps=129,534  policy_loss=0.0023  value_loss=0.1488  mi_loss=0.0011  mi_valid=0.74  div_loss=-0.1680  kl_loss=0.0000 (disabled)  score=0.934  return=0.850  role_std=9.1107  role_norm=54.8686  enc_delta ego=0.0003 partner=0.0006 road=0.0007
[ROMA step 6,256,066,560] sps=129,520  policy_loss=-0.0019  value_loss=0.1162  mi_loss=0.0011  mi_valid=0.74  div_loss=-0.1641  kl_loss=0.0000 (disabled)  score=0.934  return=0.851  role_std=9.5861  role_norm=54.3938  enc_delta ego=0.0003 partner=0.0006 road=0.0007
[ROMA step 6,256,852,992] sps=129,448  policy_loss=-0.0010  value_loss=0.1535  mi_loss=0.0011  mi_valid=0.73  div_loss=-0.1699  kl_loss=0.0000 (disabled)  score=0.933  return=0.851  role_std=10.3101  role_norm=52.6832  enc_delta ego=0.0004 partner=0.0005 road=0.0008
[ROMA step 6,257,639,424] sps=129,435  policy_loss=0.0007  value_loss=0.0864  mi_loss=0.0010  mi_valid=0.74  div_loss=-0.1719  kl_loss=0.0000 (disabled)  score=0.934  return=0.852  role_std=8.7845  role_norm=57.1259  enc_delta ego=0.0004 partner=0.0006 road=0.0010
[ROMA step 6,258,425,856] sps=129,422  policy_loss=0.0012  value_loss=0.1231  mi_loss=0.0010  mi_valid=0.73  div_loss=-0.1738  kl_loss=0.0000 (disabled)  score=0.934  return=0.856  role_std=9.0770  role_norm=56.5173  enc_delta ego=0.0004 partner=0.0005 road=0.0008
[ROMA step 6,259,212,288] sps=129,409  policy_loss=-0.0049  value_loss=0.1255  mi_loss=0.0011  mi_valid=0.73  div_loss=-0.1797  kl_loss=0.0000 (disabled)  score=0.935  return=0.856  role_std=9.0721  role_norm=56.1838  enc_delta ego=0.0003 partner=0.0005 road=0.0007
[ROMA step 6,259,998,720] sps=129,339  policy_loss=-0.0009  value_loss=0.1952  mi_loss=0.0012  mi_valid=0.72  div_loss=-0.1924  kl_loss=0.0000 (disabled)  score=0.935  return=0.856  role_std=10.9804  role_norm=54.0959  enc_delta ego=0.0005 partner=0.0006 road=0.0009
[ROMA step 6,260,785,152] sps=129,326  policy_loss=0.0043  value_loss=0.1527  mi_loss=0.0012  mi_valid=0.74  div_loss=-0.1904  kl_loss=0.0000 (disabled)  score=0.936  return=0.856  role_std=11.7771  role_norm=53.6718  enc_delta ego=0.0004 partner=0.0007 road=0.0010
[ROMA step 6,261,571,584] sps=129,312  policy_loss=-0.0036  value_loss=0.1755  mi_loss=0.0012  mi_valid=0.75  div_loss=-0.1943  kl_loss=0.0000 (disabled)  score=0.936  return=0.851  role_std=9.4685  role_norm=55.6667  enc_delta ego=0.0005 partner=0.0007 road=0.0008
[ROMA step 6,262,358,016] sps=129,225  policy_loss=0.0025  value_loss=0.1630  mi_loss=0.0012  mi_valid=0.73  div_loss=-0.1885  kl_loss=0.0000 (disabled)  score=0.937  return=0.852  role_std=8.4504  role_norm=57.0603  enc_delta ego=0.0004 partner=0.0006 road=0.0008
[ROMA step 6,263,144,448] sps=129,212  policy_loss=0.0020  value_loss=0.1060  mi_loss=0.0012  mi_valid=0.73  div_loss=-0.1709  kl_loss=0.0000 (disabled)  score=0.937  return=0.852  role_std=9.0390  role_norm=55.9110  enc_delta ego=0.0003 partner=0.0005 road=0.0009
[ROMA step 6,263,930,880] sps=129,199  policy_loss=0.0066  value_loss=0.1305  mi_loss=0.0012  mi_valid=0.73  div_loss=-0.1689  kl_loss=0.0000 (disabled)  score=0.937  return=0.853  role_std=9.4672  role_norm=55.0873  enc_delta ego=0.0003 partner=0.0004 road=0.0007
[ROMA step 6,264,717,312] sps=129,187  policy_loss=0.0045  value_loss=0.1410  mi_loss=0.0012  mi_valid=0.73  div_loss=-0.1699  kl_loss=0.0000 (disabled)  score=0.937  return=0.854  role_std=9.3695  role_norm=54.9707  enc_delta ego=0.0003 partner=0.0004 road=0.0009
[ROMA step 6,265,503,744] sps=129,117  policy_loss=0.0011  value_loss=0.1914  mi_loss=0.0012  mi_valid=0.73  div_loss=-0.1738  kl_loss=0.0000 (disabled)  score=0.938  return=0.854  role_std=8.7643  role_norm=56.0696  enc_delta ego=0.0004 partner=0.0005 road=0.0009
[ROMA step 6,266,290,176] sps=129,104  policy_loss=-0.0015  value_loss=0.1758  mi_loss=0.0012  mi_valid=0.75  div_loss=-0.1729  kl_loss=0.0000 (disabled)  score=0.937  return=0.852  role_std=8.6018  role_norm=56.2393  enc_delta ego=0.0006 partner=0.0005 road=0.0007
[ROMA step 6,267,076,608] sps=129,091  policy_loss=-0.0057  value_loss=0.1533  mi_loss=0.0012  mi_valid=0.75  div_loss=-0.1768  kl_loss=0.0000 (disabled)  score=0.936  return=0.850  role_std=9.0223  role_norm=55.4598  enc_delta ego=0.0006 partner=0.0005 road=0.0008
[ROMA step 6,267,863,040] sps=129,021  policy_loss=-0.0009  value_loss=0.1822  mi_loss=0.0012  mi_valid=0.73  div_loss=-0.1758  kl_loss=0.0000 (disabled)  score=0.935  return=0.848  role_std=8.9287  role_norm=55.1009  enc_delta ego=0.0005 partner=0.0006 road=0.0009
[ROMA step 6,268,649,472] sps=129,009  policy_loss=-0.0016  value_loss=0.1345  mi_loss=0.0012  mi_valid=0.74  div_loss=-0.1611  kl_loss=0.0000 (disabled)  score=0.936  return=0.849  role_std=9.2366  role_norm=54.5599  enc_delta ego=0.0004 partner=0.0004 road=0.0007
[ROMA step 6,269,435,904] sps=128,996  policy_loss=-0.0100  value_loss=0.0913  mi_loss=0.0012  mi_valid=0.74  div_loss=-0.1592  kl_loss=0.0000 (disabled)  score=0.935  return=0.851  role_std=9.8273  role_norm=54.2611  enc_delta ego=0.0004 partner=0.0004 road=0.0007
[ROMA step 6,270,222,336] sps=128,983  policy_loss=-0.0019  value_loss=0.1055  mi_loss=0.0012  mi_valid=0.75  div_loss=-0.1582  kl_loss=0.0000 (disabled)  score=0.935  return=0.850  role_std=8.4133  role_norm=56.4802  enc_delta ego=0.0003 partner=0.0004 road=0.0008
[ROMA step 6,271,008,768] sps=128,917  policy_loss=-0.0028  value_loss=0.0951  mi_loss=0.0012  mi_valid=0.73  div_loss=-0.1602  kl_loss=0.0000 (disabled)  score=0.935  return=0.854  role_std=8.4446  role_norm=56.5938  enc_delta ego=0.0003 partner=0.0004 road=0.0006
[ROMA step 6,271,795,200] sps=128,905  policy_loss=0.0042  value_loss=0.1551  mi_loss=0.0012  mi_valid=0.74  div_loss=-0.1660  kl_loss=0.0000 (disabled)  score=0.935  return=0.855  role_std=8.9227  role_norm=55.8975  enc_delta ego=0.0004 partner=0.0004 road=0.0007
[ROMA step 6,272,581,632] sps=128,892  policy_loss=-0.0023  value_loss=0.1238  mi_loss=0.0012  mi_valid=0.74  div_loss=-0.1572  kl_loss=0.0000 (disabled)  score=0.935  return=0.853  role_std=8.9300  role_norm=54.5843  enc_delta ego=0.0004 partner=0.0006 road=0.0007
[ROMA step 6,273,368,064] sps=128,811  policy_loss=0.0029  value_loss=0.1153  mi_loss=0.0012  mi_valid=0.72  div_loss=-0.1621  kl_loss=0.0000 (disabled)  score=0.935  return=0.854  role_std=10.7293  role_norm=52.0368  enc_delta ego=0.0003 partner=0.0004 road=0.0005
[ROMA step 6,274,154,496] sps=128,799  policy_loss=-0.0003  value_loss=0.0999  mi_loss=0.0011  mi_valid=0.75  div_loss=-0.1680  kl_loss=0.0000 (disabled)  score=0.935  return=0.854  role_std=8.5795  role_norm=56.5186  enc_delta ego=0.0003 partner=0.0005 road=0.0006
[ROMA step 6,274,940,928] sps=128,787  policy_loss=0.0011  value_loss=0.1628  mi_loss=0.0012  mi_valid=0.74  div_loss=-0.1807  kl_loss=0.0000 (disabled)  score=0.934  return=0.853  role_std=8.9142  role_norm=56.7270  enc_delta ego=0.0004 partner=0.0006 road=0.0008
[ROMA step 6,275,727,360] sps=128,775  policy_loss=-0.0003  value_loss=0.1130  mi_loss=0.0012  mi_valid=0.74  div_loss=-0.1758  kl_loss=0.0000 (disabled)  score=0.934  return=0.851  role_std=8.7627  role_norm=56.0764  enc_delta ego=0.0004 partner=0.0005 road=0.0006
[ROMA step 6,276,513,792] sps=128,712  policy_loss=-0.0015  value_loss=0.1233  mi_loss=0.0012  mi_valid=0.72  div_loss=-0.1680  kl_loss=0.0000 (disabled)  score=0.934  return=0.851  role_std=9.0304  role_norm=55.2722  enc_delta ego=0.0003 partner=0.0005 road=0.0006
[ROMA step 6,277,300,224] sps=128,700  policy_loss=-0.0028  value_loss=0.1486  mi_loss=0.0012  mi_valid=0.74  div_loss=-0.1660  kl_loss=0.0000 (disabled)  score=0.935  return=0.852  role_std=9.2715  role_norm=54.0502  enc_delta ego=0.0003 partner=0.0005 road=0.0008
[ROMA step 6,278,086,656] sps=128,688  policy_loss=0.0008  value_loss=0.1533  mi_loss=0.0012  mi_valid=0.74  div_loss=-0.1689  kl_loss=0.0000 (disabled)  score=0.934  return=0.851  role_std=9.7944  role_norm=53.0522  enc_delta ego=0.0003 partner=0.0005 road=0.0007
[ROMA step 6,278,873,088] sps=128,675  policy_loss=-0.0054  value_loss=0.1124  mi_loss=0.0012  mi_valid=0.74  div_loss=-0.1689  kl_loss=0.0000 (disabled)  score=0.934  return=0.851  role_std=8.2875  role_norm=56.4653  enc_delta ego=0.0003 partner=0.0004 road=0.0006
[ROMA step 6,279,659,520] sps=128,616  policy_loss=0.0005  value_loss=0.2340  mi_loss=0.0012  mi_valid=0.72  div_loss=-0.1826  kl_loss=0.0000 (disabled)  score=0.935  return=0.853  role_std=9.5531  role_norm=56.1928  enc_delta ego=0.0008 partner=0.0007 road=0.0009
[ROMA step 6,280,445,952] sps=128,603  policy_loss=-0.0035  value_loss=0.1948  mi_loss=0.0012  mi_valid=0.74  div_loss=-0.1826  kl_loss=0.0000 (disabled)  score=0.936  return=0.852  role_std=10.3302  role_norm=55.4771  enc_delta ego=0.0007 partner=0.0006 road=0.0011
[ROMA step 6,281,232,384] sps=128,591  policy_loss=0.0017  value_loss=0.2209  mi_loss=0.0012  mi_valid=0.74  div_loss=-0.1758  kl_loss=0.0000 (disabled)  score=0.936  return=0.849  role_std=10.0867  role_norm=54.8573  enc_delta ego=0.0006 partner=0.0006 road=0.0010
[ROMA step 6,282,018,816] sps=128,520  policy_loss=-0.0016  value_loss=0.1946  mi_loss=0.0012  mi_valid=0.72  div_loss=-0.1797  kl_loss=0.0000 (disabled)  score=0.936  return=0.848  role_std=10.5448  role_norm=51.7625  enc_delta ego=0.0006 partner=0.0004 road=0.0007
[ROMA step 6,282,805,248] sps=128,507  policy_loss=-0.0022  value_loss=0.1708  mi_loss=0.0012  mi_valid=0.75  div_loss=-0.1699  kl_loss=0.0000 (disabled)  score=0.936  return=0.849  role_std=8.7874  role_norm=56.7474  enc_delta ego=0.0004 partner=0.0004 road=0.0006
[ROMA step 6,283,591,680] sps=128,494  policy_loss=-0.0005  value_loss=0.1413  mi_loss=0.0012  mi_valid=0.74  div_loss=-0.1738  kl_loss=0.0000 (disabled)  score=0.935  return=0.850  role_std=8.5891  role_norm=56.7987  enc_delta ego=0.0005 partner=0.0005 road=0.0011
[ROMA step 6,284,378,112] sps=128,482  policy_loss=-0.0022  value_loss=0.1842  mi_loss=0.0012  mi_valid=0.73  div_loss=-0.1729  kl_loss=0.0000 (disabled)  score=0.936  return=0.853  role_std=9.6917  role_norm=55.5122  enc_delta ego=0.0004 partner=0.0005 road=0.0009
[ROMA step 6,285,164,544] sps=128,416  policy_loss=0.0014  value_loss=0.1743  mi_loss=0.0012  mi_valid=0.71  div_loss=-0.1787  kl_loss=0.0000 (disabled)  score=0.936  return=0.856  role_std=9.8730  role_norm=55.6328  enc_delta ego=0.0003 partner=0.0004 road=0.0005
[ROMA step 6,285,950,976] sps=128,404  policy_loss=-0.0025  value_loss=0.1121  mi_loss=0.0011  mi_valid=0.73  div_loss=-0.1699  kl_loss=0.0000 (disabled)  score=0.937  return=0.858  role_std=10.5135  role_norm=54.6239  enc_delta ego=0.0003 partner=0.0004 road=0.0008
[ROMA step 6,286,737,408] sps=128,392  policy_loss=-0.0011  value_loss=0.1198  mi_loss=0.0011  mi_valid=0.74  div_loss=-0.1729  kl_loss=0.0000 (disabled)  score=0.937  return=0.857  role_std=9.8324  role_norm=54.7913  enc_delta ego=0.0004 partner=0.0005 road=0.0010
[ROMA step 6,287,523,840] sps=128,321  policy_loss=0.0027  value_loss=0.1509  mi_loss=0.0011  mi_valid=0.73  div_loss=-0.1777  kl_loss=0.0000 (disabled)  score=0.937  return=0.857  role_std=8.6549  role_norm=56.5365  enc_delta ego=0.0003 partner=0.0004 road=0.0007
[ROMA step 6,288,310,272] sps=128,309  policy_loss=0.0028  value_loss=0.1787  mi_loss=0.0012  mi_valid=0.74  div_loss=-0.1836  kl_loss=0.0000 (disabled)  score=0.936  return=0.856  role_std=9.2014  role_norm=55.5110  enc_delta ego=0.0004 partner=0.0006 road=0.0008
[ROMA step 6,289,096,704] sps=128,297  policy_loss=-0.0017  value_loss=0.1338  mi_loss=0.0012  mi_valid=0.74  div_loss=-0.1797  kl_loss=0.0000 (disabled)  score=0.937  return=0.857  role_std=10.0273  role_norm=54.4777  enc_delta ego=0.0003 partner=0.0005 road=0.0007
[ROMA step 6,289,883,136] sps=128,285  policy_loss=0.0007  value_loss=0.1217  mi_loss=0.0012  mi_valid=0.74  div_loss=-0.1787  kl_loss=0.0000 (disabled)  score=0.936  return=0.857  role_std=10.2432  role_norm=53.9364  enc_delta ego=0.0002 partner=0.0004 road=0.0004
[ROMA step 6,290,669,568] sps=128,216  policy_loss=0.0048  value_loss=0.1906  mi_loss=0.0013  mi_valid=0.73  div_loss=-0.1885  kl_loss=0.0000 (disabled)  score=0.937  return=0.857  role_std=10.4091  role_norm=52.3164  enc_delta ego=0.0004 partner=0.0006 road=0.0008
[ROMA step 6,291,456,000] sps=128,203  policy_loss=0.0012  value_loss=0.1255  mi_loss=0.0012  mi_valid=0.75  div_loss=-0.1846  kl_loss=0.0000 (disabled)  score=0.937  return=0.858  role_std=8.5507  role_norm=56.1250  enc_delta ego=0.0003 partner=0.0007 road=0.0008
[ROMA step 6,292,242,432] sps=128,191  policy_loss=-0.0074  value_loss=0.1611  mi_loss=0.0012  mi_valid=0.74  div_loss=-0.1914  kl_loss=0.0000 (disabled)  score=0.937  return=0.858  role_std=9.3580  role_norm=55.4888  enc_delta ego=0.0003 partner=0.0007 road=0.0007
[ROMA step 6,293,028,864] sps=128,126  policy_loss=0.0027  value_loss=0.2167  mi_loss=0.0013  mi_valid=0.72  div_loss=-0.1934  kl_loss=0.0000 (disabled)  score=0.937  return=0.856  role_std=9.6873  role_norm=55.7989  enc_delta ego=0.0003 partner=0.0004 road=0.0007
[ROMA step 6,293,815,296] sps=128,114  policy_loss=-0.0035  value_loss=0.1191  mi_loss=0.0013  mi_valid=0.72  div_loss=-0.1777  kl_loss=0.0000 (disabled)  score=0.938  return=0.857  role_std=10.9172  role_norm=54.8705  enc_delta ego=0.0003 partner=0.0004 road=0.0008
[ROMA step 6,294,601,728] sps=128,102  policy_loss=-0.0042  value_loss=0.1279  mi_loss=0.0013  mi_valid=0.72  div_loss=-0.1826  kl_loss=0.0000 (disabled)  score=0.938  return=0.855  role_std=11.4349  role_norm=53.7786  enc_delta ego=0.0003 partner=0.0005 road=0.0007
[ROMA step 6,295,388,160] sps=128,090  policy_loss=0.0024  value_loss=0.1911  mi_loss=0.0012  mi_valid=0.73  div_loss=-0.1953  kl_loss=0.0000 (disabled)  score=0.939  return=0.856  role_std=10.1051  role_norm=55.9639  enc_delta ego=0.0004 partner=0.0005 road=0.0007
[ROMA step 6,296,174,592] sps=128,024  policy_loss=-0.0007  value_loss=0.1755  mi_loss=0.0012  mi_valid=0.72  div_loss=-0.1904  kl_loss=0.0000 (disabled)  score=0.938  return=0.854  role_std=9.6234  role_norm=55.3614  enc_delta ego=0.0004 partner=0.0005 road=0.0010
[ROMA step 6,296,961,024] sps=128,012  policy_loss=-0.0053  value_loss=0.2306  mi_loss=0.0012  mi_valid=0.74  div_loss=-0.1895  kl_loss=0.0000 (disabled)  score=0.939  return=0.855  role_std=9.8004  role_norm=55.3996  enc_delta ego=0.0003 partner=0.0005 road=0.0009
[ROMA step 6,297,747,456] sps=127,999  policy_loss=-0.0065  value_loss=0.3146  mi_loss=0.0011  mi_valid=0.74  div_loss=-0.1904  kl_loss=0.0000 (disabled)  score=0.939  return=0.851  role_std=10.6696  role_norm=53.9752  enc_delta ego=0.0003 partner=0.0005 road=0.0009
[ROMA step 6,298,533,888] sps=127,931  policy_loss=0.0037  value_loss=0.3038  mi_loss=0.0011  mi_valid=0.72  div_loss=-0.1953  kl_loss=0.0000 (disabled)  score=0.940  return=0.851  role_std=11.6089  role_norm=50.8844  enc_delta ego=0.0004 partner=0.0005 road=0.0007
[ROMA step 6,299,320,320] sps=127,919  policy_loss=0.0054  value_loss=0.1995  mi_loss=0.0011  mi_valid=0.75  div_loss=-0.1855  kl_loss=0.0000 (disabled)  score=0.941  return=0.852  role_std=9.2271  role_norm=55.4911  enc_delta ego=0.0004 partner=0.0004 road=0.0008
[ROMA step 6,300,106,752] sps=127,907  policy_loss=-0.0000  value_loss=0.1393  mi_loss=0.0011  mi_valid=0.74  div_loss=-0.1885  kl_loss=0.0000 (disabled)  score=0.940  return=0.851  role_std=9.2236  role_norm=55.5844  enc_delta ego=0.0004 partner=0.0004 road=0.0008
[ROMA step 6,300,893,184] sps=127,895  policy_loss=-0.0030  value_loss=0.1877  mi_loss=0.0012  mi_valid=0.73  div_loss=-0.1875  kl_loss=0.0000 (disabled)  score=0.940  return=0.849  role_std=9.5504  role_norm=55.0787  enc_delta ego=0.0004 partner=0.0005 road=0.0007
[ROMA step 6,301,679,616] sps=127,829  policy_loss=0.0008  value_loss=0.2029  mi_loss=0.0011  mi_valid=0.72  div_loss=-0.1914  kl_loss=0.0000 (disabled)  score=0.941  return=0.848  role_std=10.2893  role_norm=54.4155  enc_delta ego=0.0004 partner=0.0005 road=0.0006
[ROMA step 6,302,466,048] sps=127,817  policy_loss=0.0020  value_loss=0.1871  mi_loss=0.0011  mi_valid=0.74  div_loss=-0.1934  kl_loss=0.0000 (disabled)  score=0.941  return=0.847  role_std=11.0204  role_norm=53.0817  enc_delta ego=0.0003 partner=0.0005 road=0.0006
[ROMA step 6,303,252,480] sps=127,805  policy_loss=0.0036  value_loss=0.1524  mi_loss=0.0011  mi_valid=0.75  div_loss=-0.1914  kl_loss=0.0000 (disabled)  score=0.940  return=0.844  role_std=11.4701  role_norm=51.7522  enc_delta ego=0.0004 partner=0.0006 road=0.0006
[ROMA step 6,304,038,912] sps=127,792  policy_loss=0.0026  value_loss=0.1991  mi_loss=0.0011  mi_valid=0.76  div_loss=-0.1914  kl_loss=0.0000 (disabled)  score=0.939  return=0.842  role_std=9.3193  role_norm=55.4041  enc_delta ego=0.0003 partner=0.0005 road=0.0007
[ROMA step 6,304,825,344] sps=127,719  policy_loss=0.0001  value_loss=0.2019  mi_loss=0.0012  mi_valid=0.73  div_loss=-0.1992  kl_loss=0.0000 (disabled)  score=0.939  return=0.841  role_std=9.6504  role_norm=55.7429  enc_delta ego=0.0004 partner=0.0006 road=0.0008
[ROMA step 6,305,611,776] sps=127,705  policy_loss=0.0038  value_loss=0.1664  mi_loss=0.0012  mi_valid=0.75  div_loss=-0.1904  kl_loss=0.0000 (disabled)  score=0.938  return=0.839  role_std=9.9361  role_norm=55.1661  enc_delta ego=0.0003 partner=0.0004 road=0.0007
[ROMA step 6,306,398,208] sps=127,694  policy_loss=-0.0040  value_loss=0.1600  mi_loss=0.0012  mi_valid=0.74  div_loss=-0.1953  kl_loss=0.0000 (disabled)  score=0.938  return=0.836  role_std=10.8894  role_norm=54.1879  enc_delta ego=0.0003 partner=0.0005 road=0.0006
[ROMA step 6,307,184,640] sps=127,624  policy_loss=-0.0058  value_loss=0.2093  mi_loss=0.0012  mi_valid=0.72  div_loss=-0.1885  kl_loss=0.0000 (disabled)  score=0.937  return=0.834  role_std=11.0340  role_norm=51.6051  enc_delta ego=0.0003 partner=0.0004 road=0.0005
[ROMA step 6,307,971,072] sps=127,611  policy_loss=0.0023  value_loss=0.1755  mi_loss=0.0012  mi_valid=0.76  div_loss=-0.1758  kl_loss=0.0000 (disabled)  score=0.936  return=0.832  role_std=8.8258  role_norm=56.9286  enc_delta ego=0.0003 partner=0.0005 road=0.0006
[ROMA step 6,308,757,504] sps=127,599  policy_loss=0.0003  value_loss=0.1219  mi_loss=0.0012  mi_valid=0.75  div_loss=-0.1758  kl_loss=0.0000 (disabled)  score=0.936  return=0.831  role_std=8.6520  role_norm=56.6669  enc_delta ego=0.0003 partner=0.0004 road=0.0007
[ROMA step 6,309,543,936] sps=127,587  policy_loss=0.0044  value_loss=0.1390  mi_loss=0.0011  mi_valid=0.74  div_loss=-0.1777  kl_loss=0.0000 (disabled)  score=0.936  return=0.829  role_std=9.3348  role_norm=56.3285  enc_delta ego=0.0003 partner=0.0005 road=0.0006
[ROMA step 6,310,330,368] sps=127,513  policy_loss=0.0013  value_loss=0.2132  mi_loss=0.0012  mi_valid=0.73  div_loss=-0.1816  kl_loss=0.0000 (disabled)  score=0.935  return=0.827  role_std=9.5406  role_norm=54.9312  enc_delta ego=0.0004 partner=0.0005 road=0.0007
[ROMA step 6,311,116,800] sps=127,501  policy_loss=0.0037  value_loss=0.1200  mi_loss=0.0012  mi_valid=0.75  div_loss=-0.1709  kl_loss=0.0000 (disabled)  score=0.934  return=0.825  role_std=10.0181  role_norm=53.6265  enc_delta ego=0.0004 partner=0.0004 road=0.0006
[ROMA step 6,311,903,232] sps=127,489  policy_loss=0.0029  value_loss=0.1225  mi_loss=0.0012  mi_valid=0.75  div_loss=-0.1719  kl_loss=0.0000 (disabled)  score=0.933  return=0.825  role_std=10.0552  role_norm=52.9351  enc_delta ego=0.0003 partner=0.0004 road=0.0006
[ROMA step 6,312,689,664] sps=127,424  policy_loss=0.0013  value_loss=0.1584  mi_loss=0.0011  mi_valid=0.74  div_loss=-0.1660  kl_loss=0.0000 (disabled)  score=0.933  return=0.825  role_std=8.3105  role_norm=57.2188  enc_delta ego=0.0005 partner=0.0003 road=0.0005
[ROMA step 6,313,476,096] sps=127,411  policy_loss=-0.0008  value_loss=0.1599  mi_loss=0.0010  mi_valid=0.75  div_loss=-0.1660  kl_loss=0.0000 (disabled)  score=0.933  return=0.825  role_std=8.3452  role_norm=56.6172  enc_delta ego=0.0004 partner=0.0005 road=0.0007
[ROMA step 6,314,262,528] sps=127,399  policy_loss=-0.0009  value_loss=0.0971  mi_loss=0.0010  mi_valid=0.75  div_loss=-0.1582  kl_loss=0.0000 (disabled)  score=0.932  return=0.825  role_std=8.8117  role_norm=55.6682  enc_delta ego=0.0003 partner=0.0003 road=0.0006
[ROMA step 6,315,048,960] sps=127,387  policy_loss=-0.0032  value_loss=0.1107  mi_loss=0.0010  mi_valid=0.75  div_loss=-0.1582  kl_loss=0.0000 (disabled)  score=0.933  return=0.827  role_std=9.0009  role_norm=54.8692  enc_delta ego=0.0003 partner=0.0004 road=0.0006
[ROMA step 6,315,835,392] sps=127,322  policy_loss=0.0046  value_loss=0.1592  mi_loss=0.0011  mi_valid=0.73  div_loss=-0.1641  kl_loss=0.0000 (disabled)  score=0.933  return=0.827  role_std=10.1634  role_norm=53.9568  enc_delta ego=0.0004 partner=0.0004 road=0.0007
[ROMA step 6,316,621,824] sps=127,310  policy_loss=0.0052  value_loss=0.1639  mi_loss=0.0011  mi_valid=0.75  div_loss=-0.1641  kl_loss=0.0000 (disabled)  score=0.933  return=0.828  role_std=8.8175  role_norm=56.8633  enc_delta ego=0.0003 partner=0.0004 road=0.0005
[ROMA step 6,317,408,256] sps=127,299  policy_loss=0.0010  value_loss=0.1233  mi_loss=0.0011  mi_valid=0.74  div_loss=-0.1611  kl_loss=0.0000 (disabled)  score=0.933  return=0.827  role_std=8.5221  role_norm=56.6581  enc_delta ego=0.0003 partner=0.0004 road=0.0007
[ROMA step 6,318,194,688] sps=127,235  policy_loss=0.0021  value_loss=0.1609  mi_loss=0.0011  mi_valid=0.72  div_loss=-0.1689  kl_loss=0.0000 (disabled)  score=0.933  return=0.830  role_std=8.3501  role_norm=56.6690  enc_delta ego=0.0003 partner=0.0003 road=0.0006
[ROMA step 6,318,981,120] sps=127,223  policy_loss=-0.0038  value_loss=0.1108  mi_loss=0.0013  mi_valid=0.74  div_loss=-0.1680  kl_loss=0.0000 (disabled)  score=0.933  return=0.827  role_std=9.3249  role_norm=55.6541  enc_delta ego=0.0004 partner=0.0004 road=0.0009
[ROMA step 6,319,767,552] sps=127,210  policy_loss=-0.0033  value_loss=0.0965  mi_loss=0.0013  mi_valid=0.74  div_loss=-0.1660  kl_loss=0.0000 (disabled)  score=0.933  return=0.829  role_std=10.5556  role_norm=54.0150  enc_delta ego=0.0004 partner=0.0004 road=0.0006
[ROMA step 6,320,553,984] sps=127,197  policy_loss=-0.0006  value_loss=0.2022  mi_loss=0.0013  mi_valid=0.75  div_loss=-0.1748  kl_loss=0.0000 (disabled)  score=0.933  return=0.829  role_std=9.2518  role_norm=56.5196  enc_delta ego=0.0003 partner=0.0004 road=0.0007
[ROMA step 6,321,340,416] sps=127,135  policy_loss=-0.0005  value_loss=0.2720  mi_loss=0.0012  mi_valid=0.73  div_loss=-0.1797  kl_loss=0.0000 (disabled)  score=0.932  return=0.826  role_std=8.6039  role_norm=56.7827  enc_delta ego=0.0003 partner=0.0006 road=0.0008
[ROMA step 6,322,126,848] sps=127,122  policy_loss=-0.0018  value_loss=0.1238  mi_loss=0.0011  mi_valid=0.74  div_loss=-0.1689  kl_loss=0.0000 (disabled)  score=0.932  return=0.828  role_std=8.7061  role_norm=56.1265  enc_delta ego=0.0003 partner=0.0004 road=0.0006
[ROMA step 6,322,913,280] sps=127,109  policy_loss=-0.0029  value_loss=0.1878  mi_loss=0.0011  mi_valid=0.74  div_loss=-0.1758  kl_loss=0.0000 (disabled)  score=0.932  return=0.828  role_std=9.6761  role_norm=55.2295  enc_delta ego=0.0002 partner=0.0004 road=0.0006
[ROMA step 6,323,699,712] sps=127,046  policy_loss=-0.0019  value_loss=0.2359  mi_loss=0.0011  mi_valid=0.72  div_loss=-0.1885  kl_loss=0.0000 (disabled)  score=0.931  return=0.829  role_std=10.5967  role_norm=52.4860  enc_delta ego=0.0004 partner=0.0005 road=0.0005
[ROMA step 6,324,486,144] sps=127,034  policy_loss=-0.0043  value_loss=0.1319  mi_loss=0.0012  mi_valid=0.75  div_loss=-0.1729  kl_loss=0.0000 (disabled)  score=0.931  return=0.830  role_std=8.6017  role_norm=56.4583  enc_delta ego=0.0003 partner=0.0005 road=0.0006
[ROMA step 6,325,272,576] sps=127,022  policy_loss=-0.0008  value_loss=0.1123  mi_loss=0.0011  mi_valid=0.75  div_loss=-0.1748  kl_loss=0.0000 (disabled)  score=0.930  return=0.830  role_std=8.5376  role_norm=56.6950  enc_delta ego=0.0003 partner=0.0004 road=0.0006
[ROMA step 6,326,059,008] sps=127,010  policy_loss=-0.0046  value_loss=0.1113  mi_loss=0.0012  mi_valid=0.74  div_loss=-0.1719  kl_loss=0.0000 (disabled)  score=0.930  return=0.832  role_std=9.1392  role_norm=55.8240  enc_delta ego=0.0003 partner=0.0004 road=0.0005
[ROMA step 6,326,845,440] sps=126,948  policy_loss=0.0021  value_loss=0.1148  mi_loss=0.0012  mi_valid=0.72  div_loss=-0.1729  kl_loss=0.0000 (disabled)  score=0.930  return=0.834  role_std=9.5045  role_norm=55.6517  enc_delta ego=0.0003 partner=0.0003 road=0.0005
[ROMA step 6,327,631,872] sps=126,937  policy_loss=-0.0002  value_loss=0.1460  mi_loss=0.0011  mi_valid=0.73  div_loss=-0.1738  kl_loss=0.0000 (disabled)  score=0.930  return=0.837  role_std=10.1064  role_norm=55.0749  enc_delta ego=0.0004 partner=0.0004 road=0.0007
[ROMA step 6,328,418,304] sps=126,925  policy_loss=-0.0014  value_loss=0.1587  mi_loss=0.0012  mi_valid=0.73  div_loss=-0.1719  kl_loss=0.0000 (disabled)  score=0.931  return=0.839  role_std=10.4665  role_norm=53.7258  enc_delta ego=0.0003 partner=0.0004 road=0.0006
[ROMA step 6,329,204,736] sps=126,913  policy_loss=0.0020  value_loss=0.1681  mi_loss=0.0012  mi_valid=0.74  div_loss=-0.1758  kl_loss=0.0000 (disabled)  score=0.931  return=0.842  role_std=8.9745  role_norm=56.8219  enc_delta ego=0.0003 partner=0.0005 road=0.0008
[ROMA step 6,329,991,168] sps=126,851  policy_loss=0.0009  value_loss=0.1996  mi_loss=0.0012  mi_valid=0.72  div_loss=-0.1826  kl_loss=0.0000 (disabled)  score=0.933  return=0.845  role_std=9.3229  role_norm=55.5458  enc_delta ego=0.0004 partner=0.0004 road=0.0008
[ROMA step 6,330,777,600] sps=126,839  policy_loss=-0.0032  value_loss=0.1506  mi_loss=0.0012  mi_valid=0.74  div_loss=-0.1855  kl_loss=0.0000 (disabled)  score=0.933  return=0.846  role_std=9.0441  role_norm=55.2277  enc_delta ego=0.0003 partner=0.0004 road=0.0008
[ROMA step 6,331,564,032] sps=126,828  policy_loss=0.0027  value_loss=0.1209  mi_loss=0.0012  mi_valid=0.74  div_loss=-0.1748  kl_loss=0.0000 (disabled)  score=0.934  return=0.849  role_std=9.9068  role_norm=54.4734  enc_delta ego=0.0002 partner=0.0004 road=0.0005
[ROMA step 6,332,350,464] sps=126,765  policy_loss=0.0024  value_loss=0.1587  mi_loss=0.0012  mi_valid=0.72  div_loss=-0.1768  kl_loss=0.0000 (disabled)  score=0.934  return=0.849  role_std=10.4994  role_norm=52.3881  enc_delta ego=0.0003 partner=0.0003 road=0.0007
[ROMA step 6,333,136,896] sps=126,754  policy_loss=0.0036  value_loss=0.1269  mi_loss=0.0011  mi_valid=0.75  div_loss=-0.1777  kl_loss=0.0000 (disabled)  score=0.934  return=0.850  role_std=9.3911  role_norm=55.8166  enc_delta ego=0.0003 partner=0.0004 road=0.0006
[ROMA step 6,333,923,328] sps=126,742  policy_loss=0.0023  value_loss=0.1099  mi_loss=0.0011  mi_valid=0.75  div_loss=-0.1826  kl_loss=0.0000 (disabled)  score=0.934  return=0.850  role_std=9.2183  role_norm=56.2936  enc_delta ego=0.0003 partner=0.0004 road=0.0006
[ROMA step 6,334,709,760] sps=126,730  policy_loss=0.0024  value_loss=0.1002  mi_loss=0.0011  mi_valid=0.75  div_loss=-0.1777  kl_loss=0.0000 (disabled)  score=0.935  return=0.852  role_std=9.3434  role_norm=55.6081  enc_delta ego=0.0003 partner=0.0003 road=0.0004
[ROMA step 6,335,496,192] sps=126,663  policy_loss=0.0008  value_loss=0.1295  mi_loss=0.0012  mi_valid=0.72  div_loss=-0.1748  kl_loss=0.0000 (disabled)  score=0.935  return=0.852  role_std=9.4321  role_norm=54.8772  enc_delta ego=0.0003 partner=0.0004 road=0.0006
[ROMA step 6,336,282,624] sps=126,651  policy_loss=0.0005  value_loss=0.1700  mi_loss=0.0011  mi_valid=0.74  div_loss=-0.1748  kl_loss=0.0000 (disabled)  score=0.935  return=0.852  role_std=10.5725  role_norm=53.7721  enc_delta ego=0.0003 partner=0.0003 road=0.0007
[ROMA step 6,337,069,056] sps=126,639  policy_loss=0.0008  value_loss=0.1541  mi_loss=0.0012  mi_valid=0.74  div_loss=-0.1787  kl_loss=0.0000 (disabled)  score=0.936  return=0.852  role_std=10.4049  role_norm=52.6594  enc_delta ego=0.0003 partner=0.0004 road=0.0006
[ROMA step 6,337,855,488] sps=126,575  policy_loss=0.0025  value_loss=0.1641  mi_loss=0.0011  mi_valid=0.73  div_loss=-0.1748  kl_loss=0.0000 (disabled)  score=0.936  return=0.853  role_std=9.0004  role_norm=56.3458  enc_delta ego=0.0004 partner=0.0004 road=0.0006
[ROMA step 6,338,641,920] sps=126,564  policy_loss=-0.0031  value_loss=0.2071  mi_loss=0.0012  mi_valid=0.74  div_loss=-0.1836  kl_loss=0.0000 (disabled)  score=0.936  return=0.851  role_std=9.4407  role_norm=55.6558  enc_delta ego=0.0003 partner=0.0004 road=0.0007
[ROMA step 6,339,428,352] sps=126,552  policy_loss=-0.0091  value_loss=0.1538  mi_loss=0.0012  mi_valid=0.73  div_loss=-0.1865  kl_loss=0.0000 (disabled)  score=0.936  return=0.851  role_std=10.2577  role_norm=54.9278  enc_delta ego=0.0003 partner=0.0007 road=0.0008
[ROMA step 6,340,214,784] sps=126,540  policy_loss=-0.0011  value_loss=0.1670  mi_loss=0.0013  mi_valid=0.73  div_loss=-0.1885  kl_loss=0.0000 (disabled)  score=0.936  return=0.850  role_std=10.4053  role_norm=53.8834  enc_delta ego=0.0003 partner=0.0005 road=0.0007
[ROMA step 6,341,001,216] sps=126,480  policy_loss=0.0063  value_loss=0.1191  mi_loss=0.0012  mi_valid=0.72  div_loss=-0.1689  kl_loss=0.0000 (disabled)  score=0.936  return=0.851  role_std=10.4444  role_norm=51.4855  enc_delta ego=0.0004 partner=0.0004 road=0.0005
[ROMA step 6,341,787,648] sps=126,468  policy_loss=-0.0004  value_loss=0.1527  mi_loss=0.0011  mi_valid=0.75  div_loss=-0.1670  kl_loss=0.0000 (disabled)  score=0.936  return=0.852  role_std=8.2241  role_norm=56.3691  enc_delta ego=0.0004 partner=0.0003 road=0.0004
[ROMA step 6,342,574,080] sps=126,457  policy_loss=-0.0006  value_loss=0.1094  mi_loss=0.0011  mi_valid=0.74  div_loss=-0.1680  kl_loss=0.0000 (disabled)  score=0.935  return=0.852  role_std=8.4926  role_norm=55.7422  enc_delta ego=0.0004 partner=0.0003 road=0.0003
[ROMA step 6,343,360,512] sps=126,388  policy_loss=-0.0033  value_loss=0.0979  mi_loss=0.0012  mi_valid=0.72  div_loss=-0.1719  kl_loss=0.0000 (disabled)  score=0.934  return=0.852  role_std=9.3009  role_norm=55.7170  enc_delta ego=0.0003 partner=0.0002 road=0.0004
[ROMA step 6,344,146,944] sps=126,377  policy_loss=0.0005  value_loss=0.1353  mi_loss=0.0011  mi_valid=0.74  div_loss=-0.1758  kl_loss=0.0000 (disabled)  score=0.934  return=0.852  role_std=9.9131  role_norm=54.4895  enc_delta ego=0.0003 partner=0.0004 road=0.0005
[ROMA step 6,344,933,376] sps=126,365  policy_loss=0.0035  value_loss=0.2006  mi_loss=0.0011  mi_valid=0.74  div_loss=-0.1846  kl_loss=0.0000 (disabled)  score=0.934  return=0.850  role_std=10.3070  role_norm=54.3460  enc_delta ego=0.0002 partner=0.0004 road=0.0003
[ROMA step 6,345,719,808] sps=126,353  policy_loss=-0.0004  value_loss=0.1700  mi_loss=0.0011  mi_valid=0.74  div_loss=-0.1816  kl_loss=0.0000 (disabled)  score=0.933  return=0.849  role_std=10.4705  role_norm=53.5573  enc_delta ego=0.0003 partner=0.0004 road=0.0006
[ROMA step 6,346,506,240] sps=126,295  policy_loss=0.0025  value_loss=0.1356  mi_loss=0.0011  mi_valid=0.73  div_loss=-0.1738  kl_loss=0.0000 (disabled)  score=0.934  return=0.850  role_std=8.3146  role_norm=56.4746  enc_delta ego=0.0004 partner=0.0003 road=0.0006
[ROMA step 6,347,292,672] sps=126,283  policy_loss=-0.0010  value_loss=0.0918  mi_loss=0.0011  mi_valid=0.74  div_loss=-0.1621  kl_loss=0.0000 (disabled)  score=0.934  return=0.851  role_std=8.3144  role_norm=56.0266  enc_delta ego=0.0003 partner=0.0003 road=0.0005
[ROMA step 6,348,079,104] sps=126,271  policy_loss=-0.0035  value_loss=0.1008  mi_loss=0.0011  mi_valid=0.74  div_loss=-0.1631  kl_loss=0.0000 (disabled)  score=0.934  return=0.854  role_std=8.8937  role_norm=55.4206  enc_delta ego=0.0003 partner=0.0004 road=0.0006
[ROMA step 6,348,865,536] sps=126,208  policy_loss=-0.0020  value_loss=0.0941  mi_loss=0.0011  mi_valid=0.72  div_loss=-0.1689  kl_loss=0.0000 (disabled)  score=0.934  return=0.854  role_std=10.1401  role_norm=51.6201  enc_delta ego=0.0002 partner=0.0003 road=0.0005
[ROMA step 6,349,651,968] sps=126,197  policy_loss=-0.0028  value_loss=0.1622  mi_loss=0.0012  mi_valid=0.74  div_loss=-0.1777  kl_loss=0.0000 (disabled)  score=0.935  return=0.854  role_std=9.6822  role_norm=53.1013  enc_delta ego=0.0003 partner=0.0004 road=0.0006
[ROMA step 6,350,438,400] sps=126,185  policy_loss=-0.0018  value_loss=0.1651  mi_loss=0.0012  mi_valid=0.75  div_loss=-0.1807  kl_loss=0.0000 (disabled)  score=0.935  return=0.852  role_std=9.1934  role_norm=56.1134  enc_delta ego=0.0002 partner=0.0004 road=0.0007
[ROMA step 6,351,224,832] sps=126,173  policy_loss=0.0009  value_loss=0.1845  mi_loss=0.0012  mi_valid=0.74  div_loss=-0.1826  kl_loss=0.0000 (disabled)  score=0.934  return=0.848  role_std=8.9617  role_norm=56.2827  enc_delta ego=0.0003 partner=0.0004 road=0.0006
[ROMA step 6,352,011,264] sps=126,108  policy_loss=0.0020  value_loss=0.1191  mi_loss=0.0012  mi_valid=0.72  div_loss=-0.1797  kl_loss=0.0000 (disabled)  score=0.934  return=0.849  role_std=9.8207  role_norm=54.7802  enc_delta ego=0.0002 partner=0.0003 road=0.0005
[ROMA step 6,352,797,696] sps=126,096  policy_loss=0.0033  value_loss=0.1033  mi_loss=0.0012  mi_valid=0.74  div_loss=-0.1758  kl_loss=0.0000 (disabled)  score=0.933  return=0.849  role_std=10.4458  role_norm=53.9089  enc_delta ego=0.0003 partner=0.0003 road=0.0004
[ROMA step 6,353,584,128] sps=126,084  policy_loss=0.0039  value_loss=0.1385  mi_loss=0.0012  mi_valid=0.74  div_loss=-0.1699  kl_loss=0.0000 (disabled)  score=0.933  return=0.850  role_std=10.3695  role_norm=53.3689  enc_delta ego=0.0002 partner=0.0003 road=0.0004
[ROMA step 6,354,370,560] sps=126,073  policy_loss=-0.0023  value_loss=0.0884  mi_loss=0.0012  mi_valid=0.74  div_loss=-0.1680  kl_loss=0.0000 (disabled)  score=0.933  return=0.853  role_std=8.4872  role_norm=56.4020  enc_delta ego=0.0003 partner=0.0003 road=0.0005
[ROMA step 6,355,156,992] sps=126,009  policy_loss=-0.0013  value_loss=0.1738  mi_loss=0.0013  mi_valid=0.72  div_loss=-0.1807  kl_loss=0.0000 (disabled)  score=0.932  return=0.852  role_std=8.8900  role_norm=56.7655  enc_delta ego=0.0002 partner=0.0004 road=0.0005
[ROMA step 6,355,943,424] sps=125,998  policy_loss=-0.0008  value_loss=0.1345  mi_loss=0.0013  mi_valid=0.73  div_loss=-0.1768  kl_loss=0.0000 (disabled)  score=0.932  return=0.853  role_std=9.5062  role_norm=55.6983  enc_delta ego=0.0003 partner=0.0004 road=0.0006
[ROMA step 6,356,729,856] sps=125,986  policy_loss=0.0026  value_loss=0.1389  mi_loss=0.0013  mi_valid=0.74  div_loss=-0.1768  kl_loss=0.0000 (disabled)  score=0.932  return=0.854  role_std=9.6085  role_norm=55.3219  enc_delta ego=0.0003 partner=0.0004 road=0.0005
[ROMA step 6,357,516,288] sps=125,921  policy_loss=0.0093  value_loss=0.0968  mi_loss=0.0013  mi_valid=0.72  div_loss=-0.1689  kl_loss=0.0000 (disabled)  score=0.932  return=0.856  role_std=10.6399  role_norm=52.2551  enc_delta ego=0.0002 partner=0.0003 road=0.0004
[ROMA step 6,358,302,720] sps=125,910  policy_loss=0.0002  value_loss=0.0922  mi_loss=0.0012  mi_valid=0.75  div_loss=-0.1631  kl_loss=0.0000 (disabled)  score=0.932  return=0.857  role_std=8.5315  role_norm=56.2885  enc_delta ego=0.0003 partner=0.0003 road=0.0004
[ROMA step 6,359,089,152] sps=125,897  policy_loss=-0.0027  value_loss=0.1332  mi_loss=0.0012  mi_valid=0.75  div_loss=-0.1689  kl_loss=0.0000 (disabled)  score=0.932  return=0.857  role_std=9.0060  role_norm=56.0761  enc_delta ego=0.0003 partner=0.0003 road=0.0005
[ROMA step 6,359,875,584] sps=125,885  policy_loss=0.0057  value_loss=0.1274  mi_loss=0.0012  mi_valid=0.74  div_loss=-0.1670  kl_loss=0.0000 (disabled)  score=0.932  return=0.857  role_std=9.4182  role_norm=55.2996  enc_delta ego=0.0003 partner=0.0003 road=0.0005
[ROMA step 6,360,662,016] sps=125,819  policy_loss=0.0052  value_loss=0.1791  mi_loss=0.0012  mi_valid=0.72  div_loss=-0.1787  kl_loss=0.0000 (disabled)  score=0.932  return=0.856  role_std=10.2165  role_norm=54.4358  enc_delta ego=0.0003 partner=0.0004 road=0.0006
[ROMA step 6,361,448,448] sps=125,807  policy_loss=-0.0033  value_loss=0.2651  mi_loss=0.0012  mi_valid=0.74  div_loss=-0.1777  kl_loss=0.0000 (disabled)  score=0.932  return=0.853  role_std=10.7105  role_norm=53.4133  enc_delta ego=0.0004 partner=0.0004 road=0.0005
[ROMA step 6,362,234,880] sps=125,793  policy_loss=-0.0009  value_loss=0.2454  mi_loss=0.0012  mi_valid=0.74  div_loss=-0.1816  kl_loss=0.0000 (disabled)  score=0.932  return=0.850  role_std=10.6145  role_norm=53.1143  enc_delta ego=0.0003 partner=0.0004 road=0.0004
[ROMA step 6,363,021,312] sps=125,729  policy_loss=0.0030  value_loss=0.2243  mi_loss=0.0011  mi_valid=0.73  div_loss=-0.1768  kl_loss=0.0000 (disabled)  score=0.932  return=0.852  role_std=8.8236  role_norm=56.1058  enc_delta ego=0.0002 partner=0.0004 road=0.0007
[ROMA step 6,363,807,744] sps=125,717  policy_loss=-0.0061  value_loss=0.1866  mi_loss=0.0011  mi_valid=0.73  div_loss=-0.1768  kl_loss=0.0000 (disabled)  score=0.933  return=0.853  role_std=8.9407  role_norm=55.5155  enc_delta ego=0.0003 partner=0.0004 road=0.0006
[ROMA step 6,364,594,176] sps=125,705  policy_loss=-0.0058  value_loss=0.1547  mi_loss=0.0011  mi_valid=0.73  div_loss=-0.1777  kl_loss=0.0000 (disabled)  score=0.933  return=0.854  role_std=9.1771  role_norm=55.3738  enc_delta ego=0.0003 partner=0.0004 road=0.0006
[ROMA step 6,365,380,608] sps=125,693  policy_loss=-0.0043  value_loss=0.1514  mi_loss=0.0011  mi_valid=0.73  div_loss=-0.1807  kl_loss=0.0000 (disabled)  score=0.933  return=0.853  role_std=9.7848  role_norm=54.7971  enc_delta ego=0.0004 partner=0.0004 road=0.0006
[ROMA step 6,366,167,040] sps=125,632  policy_loss=0.0002  value_loss=0.1050  mi_loss=0.0012  mi_valid=0.71  div_loss=-0.1709  kl_loss=0.0000 (disabled)  score=0.934  return=0.853  role_std=10.6811  role_norm=52.6072  enc_delta ego=0.0003 partner=0.0003 road=0.0005
[ROMA step 6,366,953,472] sps=125,621  policy_loss=0.0002  value_loss=0.1471  mi_loss=0.0012  mi_valid=0.74  div_loss=-0.1719  kl_loss=0.0000 (disabled)  score=0.934  return=0.853  role_std=9.2205  role_norm=56.3502  enc_delta ego=0.0002 partner=0.0004 road=0.0005
[ROMA step 6,367,739,904] sps=125,609  policy_loss=-0.0015  value_loss=0.0963  mi_loss=0.0011  mi_valid=0.74  div_loss=-0.1689  kl_loss=0.0000 (disabled)  score=0.935  return=0.855  role_std=8.3617  role_norm=56.2073  enc_delta ego=0.0002 partner=0.0003 road=0.0005
[ROMA step 6,368,526,336] sps=125,539  policy_loss=0.0031  value_loss=0.0807  mi_loss=0.0012  mi_valid=0.72  div_loss=-0.1650  kl_loss=0.0000 (disabled)  score=0.935  return=0.857  role_std=8.4506  role_norm=56.0388  enc_delta ego=0.0003 partner=0.0003 road=0.0005
[ROMA step 6,369,312,768] sps=125,527  policy_loss=0.0020  value_loss=0.1824  mi_loss=0.0012  mi_valid=0.73  div_loss=-0.1719  kl_loss=0.0000 (disabled)  score=0.936  return=0.860  role_std=9.2806  role_norm=54.6000  enc_delta ego=0.0002 partner=0.0004 road=0.0004
[ROMA step 6,370,099,200] sps=125,516  policy_loss=0.0002  value_loss=0.1377  mi_loss=0.0012  mi_valid=0.73  div_loss=-0.1709  kl_loss=0.0000 (disabled)  score=0.936  return=0.862  role_std=9.6963  role_norm=54.0424  enc_delta ego=0.0003 partner=0.0003 road=0.0004
[ROMA step 6,370,885,632] sps=125,505  policy_loss=0.0003  value_loss=0.1677  mi_loss=0.0012  mi_valid=0.74  div_loss=-0.1729  kl_loss=0.0000 (disabled)  score=0.937  return=0.862  role_std=9.9692  role_norm=53.3664  enc_delta ego=0.0003 partner=0.0003 road=0.0005
[ROMA step 6,371,672,064] sps=125,445  policy_loss=-0.0038  value_loss=0.0875  mi_loss=0.0011  mi_valid=0.73  div_loss=-0.1689  kl_loss=0.0000 (disabled)  score=0.936  return=0.861  role_std=8.4687  role_norm=55.4875  enc_delta ego=0.0002 partner=0.0003 road=0.0005
[ROMA step 6,372,458,496] sps=125,434  policy_loss=0.0061  value_loss=0.1334  mi_loss=0.0012  mi_valid=0.74  div_loss=-0.1689  kl_loss=0.0000 (disabled)  score=0.936  return=0.861  role_std=8.7457  role_norm=55.1475  enc_delta ego=0.0002 partner=0.0003 road=0.0006
[ROMA step 6,373,244,928] sps=125,423  policy_loss=-0.0023  value_loss=0.0924  mi_loss=0.0012  mi_valid=0.74  div_loss=-0.1611  kl_loss=0.0000 (disabled)  score=0.935  return=0.861  role_std=8.8926  role_norm=54.2470  enc_delta ego=0.0002 partner=0.0003 road=0.0006
[ROMA step 6,374,031,360] sps=125,356  policy_loss=0.0007  value_loss=0.1342  mi_loss=0.0012  mi_valid=0.72  div_loss=-0.1680  kl_loss=0.0000 (disabled)  score=0.935  return=0.862  role_std=9.7733  role_norm=52.1430  enc_delta ego=0.0002 partner=0.0003 road=0.0004
[ROMA step 6,374,817,792] sps=125,345  policy_loss=0.0022  value_loss=0.2196  mi_loss=0.0011  mi_valid=0.74  div_loss=-0.1738  kl_loss=0.0000 (disabled)  score=0.936  return=0.863  role_std=9.8933  role_norm=53.2002  enc_delta ego=0.0003 partner=0.0003 road=0.0005
[ROMA step 6,375,604,224] sps=125,334  policy_loss=0.0019  value_loss=0.1465  mi_loss=0.0011  mi_valid=0.75  div_loss=-0.1699  kl_loss=0.0000 (disabled)  score=0.936  return=0.865  role_std=8.9458  role_norm=55.4342  enc_delta ego=0.0003 partner=0.0003 road=0.0004
[ROMA step 6,376,390,656] sps=125,323  policy_loss=0.0007  value_loss=0.1385  mi_loss=0.0011  mi_valid=0.74  div_loss=-0.1729  kl_loss=0.0000 (disabled)  score=0.936  return=0.865  role_std=8.4547  role_norm=55.7453  enc_delta ego=0.0004 partner=0.0003 road=0.0007
[ROMA step 6,377,177,088] sps=125,249  policy_loss=0.0104  value_loss=0.2040  mi_loss=0.0011  mi_valid=0.72  div_loss=-0.1787  kl_loss=0.0000 (disabled)  score=0.936  return=0.864  role_std=9.7325  role_norm=55.6157  enc_delta ego=0.0002 partner=0.0004 road=0.0005
[ROMA step 6,377,963,520] sps=125,237  policy_loss=0.0000  value_loss=0.1118  mi_loss=0.0012  mi_valid=0.74  div_loss=-0.1689  kl_loss=0.0000 (disabled)  score=0.937  return=0.865  role_std=9.7759  role_norm=54.5798  enc_delta ego=0.0002 partner=0.0004 road=0.0004
[ROMA step 6,378,749,952] sps=125,226  policy_loss=0.0013  value_loss=0.0824  mi_loss=0.0011  mi_valid=0.74  div_loss=-0.1699  kl_loss=0.0000 (disabled)  score=0.937  return=0.863  role_std=9.9946  role_norm=53.5833  enc_delta ego=0.0003 partner=0.0004 road=0.0004
[ROMA step 6,379,536,384] sps=125,214  policy_loss=-0.0003  value_loss=0.1154  mi_loss=0.0011  mi_valid=0.74  div_loss=-0.1699  kl_loss=0.0000 (disabled)  score=0.937  return=0.863  role_std=9.1013  role_norm=55.7398  enc_delta ego=0.0002 partner=0.0003 road=0.0004
[ROMA step 6,380,322,816] sps=125,144  policy_loss=0.0000  value_loss=0.1648  mi_loss=0.0010  mi_valid=0.73  div_loss=-0.1738  kl_loss=0.0000 (disabled)  score=0.937  return=0.862  role_std=8.5333  role_norm=56.4355  enc_delta ego=0.0002 partner=0.0004 road=0.0006
[ROMA step 6,381,109,248] sps=125,134  policy_loss=0.0015  value_loss=0.1509  mi_loss=0.0010  mi_valid=0.74  div_loss=-0.1680  kl_loss=0.0000 (disabled)  score=0.938  return=0.863  role_std=9.2434  role_norm=56.0682  enc_delta ego=0.0002 partner=0.0003 road=0.0004
[ROMA step 6,381,895,680] sps=125,123  policy_loss=0.0023  value_loss=0.1239  mi_loss=0.0011  mi_valid=0.73  div_loss=-0.1660  kl_loss=0.0000 (disabled)  score=0.939  return=0.865  role_std=9.1056  role_norm=55.5720  enc_delta ego=0.0002 partner=0.0003 road=0.0004
[ROMA step 6,382,682,112] sps=125,056  policy_loss=0.0011  value_loss=0.1651  mi_loss=0.0011  mi_valid=0.71  div_loss=-0.1768  kl_loss=0.0000 (disabled)  score=0.940  return=0.865  role_std=10.6457  role_norm=54.1430  enc_delta ego=0.0002 partner=0.0003 road=0.0004
[ROMA step 6,383,468,544] sps=125,046  policy_loss=-0.0043  value_loss=0.1360  mi_loss=0.0011  mi_valid=0.73  div_loss=-0.1758  kl_loss=0.0000 (disabled)  score=0.941  return=0.865  role_std=9.2657  role_norm=56.1169  enc_delta ego=0.0003 partner=0.0004 road=0.0005
[ROMA step 6,384,254,976] sps=125,036  policy_loss=-0.0027  value_loss=0.1344  mi_loss=0.0011  mi_valid=0.74  div_loss=-0.1816  kl_loss=0.0000 (disabled)  score=0.941  return=0.865  role_std=9.3278  role_norm=56.5775  enc_delta ego=0.0002 partner=0.0003 road=0.0004
[ROMA step 6,385,041,408] sps=125,025  policy_loss=0.0039  value_loss=0.1935  mi_loss=0.0011  mi_valid=0.73  div_loss=-0.1885  kl_loss=0.0000 (disabled)  score=0.941  return=0.867  role_std=9.4759  role_norm=56.2935  enc_delta ego=0.0002 partner=0.0003 road=0.0005
[ROMA step 6,385,827,840] sps=124,957  policy_loss=-0.0057  value_loss=0.1980  mi_loss=0.0012  mi_valid=0.72  div_loss=-0.1836  kl_loss=0.0000 (disabled)  score=0.942  return=0.869  role_std=10.7502  role_norm=55.0997  enc_delta ego=0.0003 partner=0.0004 road=0.0005
[ROMA step 6,386,614,272] sps=124,946  policy_loss=-0.0019  value_loss=0.2172  mi_loss=0.0012  mi_valid=0.74  div_loss=-0.1885  kl_loss=0.0000 (disabled)  score=0.942  return=0.866  role_std=10.8815  role_norm=53.9254  enc_delta ego=0.0003 partner=0.0003 road=0.0005
[ROMA step 6,387,400,704] sps=124,933  policy_loss=-0.0062  value_loss=0.1577  mi_loss=0.0012  mi_valid=0.74  div_loss=-0.1816  kl_loss=0.0000 (disabled)  score=0.941  return=0.863  role_std=10.6163  role_norm=53.1053  enc_delta ego=0.0002 partner=0.0002 road=0.0005
[ROMA step 6,388,187,136] sps=124,872  policy_loss=-0.0018  value_loss=0.1566  mi_loss=0.0011  mi_valid=0.74  div_loss=-0.1826  kl_loss=0.0000 (disabled)  score=0.940  return=0.861  role_std=8.5815  role_norm=56.5967  enc_delta ego=0.0002 partner=0.0002 road=0.0003
[ROMA step 6,388,973,568] sps=124,860  policy_loss=-0.0083  value_loss=0.1225  mi_loss=0.0011  mi_valid=0.74  div_loss=-0.1758  kl_loss=0.0000 (disabled)  score=0.940  return=0.860  role_std=9.3732  role_norm=55.3117  enc_delta ego=0.0002 partner=0.0003 road=0.0004
[ROMA step 6,389,760,000] sps=124,849  policy_loss=0.0023  value_loss=0.1398  mi_loss=0.0011  mi_valid=0.74  div_loss=-0.1777  kl_loss=0.0000 (disabled)  score=0.939  return=0.859  role_std=9.2660  role_norm=55.2061  enc_delta ego=0.0002 partner=0.0003 road=0.0004
[ROMA step 6,390,546,432] sps=124,836  policy_loss=-0.0015  value_loss=0.0888  mi_loss=0.0011  mi_valid=0.74  div_loss=-0.1680  kl_loss=0.0000 (disabled)  score=0.940  return=0.860  role_std=9.3389  role_norm=54.3850  enc_delta ego=0.0003 partner=0.0003 road=0.0004
[ROMA step 6,391,332,864] sps=124,779  policy_loss=-0.0020  value_loss=0.1480  mi_loss=0.0012  mi_valid=0.72  div_loss=-0.1729  kl_loss=0.0000 (disabled)  score=0.939  return=0.859  role_std=10.3301  role_norm=52.9579  enc_delta ego=0.0002 partner=0.0002 road=0.0004
[ROMA step 6,392,119,296] sps=124,769  policy_loss=0.0008  value_loss=0.1199  mi_loss=0.0013  mi_valid=0.75  div_loss=-0.1650  kl_loss=0.0000 (disabled)  score=0.938  return=0.857  role_std=8.2275  role_norm=56.6911  enc_delta ego=0.0002 partner=0.0002 road=0.0004
[ROMA step 6,392,905,728] sps=124,757  policy_loss=0.0114  value_loss=0.2106  mi_loss=0.0013  mi_valid=0.75  div_loss=-0.1758  kl_loss=0.0000 (disabled)  score=0.938  return=0.855  role_std=8.2283  role_norm=56.6467  enc_delta ego=0.0004 partner=0.0004 road=0.0005
[ROMA step 6,393,692,160] sps=124,698  policy_loss=0.0061  value_loss=0.1284  mi_loss=0.0013  mi_valid=0.72  div_loss=-0.1709  kl_loss=0.0000 (disabled)  score=0.937  return=0.852  role_std=8.9921  role_norm=56.4806  enc_delta ego=0.0002 partner=0.0002 road=0.0003
[ROMA step 6,394,478,592] sps=124,687  policy_loss=0.0006  value_loss=0.1328  mi_loss=0.0013  mi_valid=0.73  div_loss=-0.1719  kl_loss=0.0000 (disabled)  score=0.937  return=0.853  role_std=9.9735  role_norm=55.0653  enc_delta ego=0.0004 partner=0.0003 road=0.0006
[ROMA step 6,395,265,024] sps=124,676  policy_loss=-0.0047  value_loss=0.1531  mi_loss=0.0012  mi_valid=0.73  div_loss=-0.1738  kl_loss=0.0000 (disabled)  score=0.937  return=0.852  role_std=9.9943  role_norm=54.7246  enc_delta ego=0.0002 partner=0.0003 road=0.0005
[ROMA step 6,396,051,456] sps=124,665  policy_loss=-0.0001  value_loss=0.1856  mi_loss=0.0012  mi_valid=0.74  div_loss=-0.1758  kl_loss=0.0000 (disabled)  score=0.937  return=0.851  role_std=10.3913  role_norm=53.7550  enc_delta ego=0.0002 partner=0.0003 road=0.0006
[ROMA step 6,396,837,888] sps=124,608  policy_loss=0.0038  value_loss=0.1682  mi_loss=0.0011  mi_valid=0.72  div_loss=-0.1787  kl_loss=0.0000 (disabled)  score=0.937  return=0.851  role_std=8.8375  role_norm=56.4501  enc_delta ego=0.0002 partner=0.0003 road=0.0004
[ROMA step 6,397,624,320] sps=124,597  policy_loss=0.0047  value_loss=0.2176  mi_loss=0.0011  mi_valid=0.73  div_loss=-0.1787  kl_loss=0.0000 (disabled)  score=0.938  return=0.849  role_std=9.3361  role_norm=56.8003  enc_delta ego=0.0002 partner=0.0003 road=0.0004
[ROMA step 6,398,410,752] sps=124,586  policy_loss=-0.0020  value_loss=0.1721  mi_loss=0.0011  mi_valid=0.73  div_loss=-0.1738  kl_loss=0.0000 (disabled)  score=0.937  return=0.848  role_std=9.6621  role_norm=55.9765  enc_delta ego=0.0002 partner=0.0003 road=0.0004
[ROMA step 6,399,197,184] sps=124,516  policy_loss=0.0041  value_loss=0.1784  mi_loss=0.0011  mi_valid=0.71  div_loss=-0.1738  kl_loss=0.0000 (disabled)  score=0.937  return=0.849  role_std=10.0005  role_norm=52.5028  enc_delta ego=0.0002 partner=0.0003 road=0.0004
[ROMA step 6,399,983,616] sps=124,506  policy_loss=-0.0025  value_loss=0.1671  mi_loss=0.0012  mi_valid=0.74  div_loss=-0.1670  kl_loss=0.0000 (disabled)  score=0.937  return=0.847  role_std=10.0366  role_norm=52.8786  enc_delta ego=0.0003 partner=0.0003 road=0.0004
[ROMA step 6,400,770,048] sps=124,495  policy_loss=-0.0021  value_loss=0.1243  mi_loss=0.0012  mi_valid=0.75  div_loss=-0.1660  kl_loss=0.0000 (disabled)  score=0.937  return=0.847  role_std=8.1988  role_norm=56.6176  enc_delta ego=0.0005 partner=0.0002 road=0.0003
[ROMA step 6,401,556,480] sps=124,484  policy_loss=-0.0009  value_loss=0.1019  mi_loss=0.0012  mi_valid=0.74  div_loss=-0.1689  kl_loss=0.0000 (disabled)  score=0.937  return=0.848  role_std=8.8471  role_norm=56.0552  enc_delta ego=0.0002 partner=0.0002 road=0.0003
[ROMA step 6,402,342,912] sps=124,425  policy_loss=-0.0073  value_loss=0.1627  mi_loss=0.0011  mi_valid=0.72  div_loss=-0.1729  kl_loss=0.0000 (disabled)  score=0.937  return=0.847  role_std=9.3776  role_norm=56.0217  enc_delta ego=0.0002 partner=0.0002 road=0.0004
[ROMA step 6,403,129,344] sps=124,414  policy_loss=0.0030  value_loss=0.2279  mi_loss=0.0011  mi_valid=0.73  div_loss=-0.1748  kl_loss=0.0000 (disabled)  score=0.937  return=0.846  role_std=10.0158  role_norm=54.6203  enc_delta ego=0.0002 partner=0.0002 road=0.0005
[ROMA step 6,403,915,776] sps=124,403  policy_loss=-0.0031  value_loss=0.1114  mi_loss=0.0011  mi_valid=0.74  div_loss=-0.1729  kl_loss=0.0000 (disabled)  score=0.938  return=0.847  role_std=10.0659  role_norm=53.6749  enc_delta ego=0.0002 partner=0.0003 road=0.0003
[ROMA step 6,404,702,208] sps=124,392  policy_loss=-0.0035  value_loss=0.1733  mi_loss=0.0011  mi_valid=0.74  div_loss=-0.1738  kl_loss=0.0000 (disabled)  score=0.937  return=0.845  role_std=9.8783  role_norm=53.8035  enc_delta ego=0.0002 partner=0.0002 road=0.0004
[ROMA step 6,405,488,640] sps=124,328  policy_loss=-0.0001  value_loss=0.1552  mi_loss=0.0012  mi_valid=0.73  div_loss=-0.1865  kl_loss=0.0000 (disabled)  score=0.937  return=0.844  role_std=9.2882  role_norm=55.5840  enc_delta ego=0.0002 partner=0.0002 road=0.0004
[ROMA step 6,406,275,072] sps=124,315  policy_loss=0.0028  value_loss=0.2342  mi_loss=0.0012  mi_valid=0.74  div_loss=-0.1875  kl_loss=0.0000 (disabled)  score=0.936  return=0.841  role_std=10.1152  role_norm=54.7904  enc_delta ego=0.0002 partner=0.0003 road=0.0005
[ROMA step 6,407,061,504] sps=124,303  policy_loss=0.0008  value_loss=0.1676  mi_loss=0.0012  mi_valid=0.74  div_loss=-0.1855  kl_loss=0.0000 (disabled)  score=0.935  return=0.836  role_std=10.2028  role_norm=54.4144  enc_delta ego=0.0002 partner=0.0003 road=0.0003
[ROMA step 6,407,847,936] sps=124,245  policy_loss=-0.0067  value_loss=0.1879  mi_loss=0.0012  mi_valid=0.72  div_loss=-0.1816  kl_loss=0.0000 (disabled)  score=0.934  return=0.836  role_std=10.5564  role_norm=52.5941  enc_delta ego=0.0002 partner=0.0002 road=0.0004
[ROMA step 6,408,634,368] sps=124,235  policy_loss=0.0071  value_loss=0.2160  mi_loss=0.0011  mi_valid=0.75  div_loss=-0.1738  kl_loss=0.0000 (disabled)  score=0.933  return=0.834  role_std=9.9911  role_norm=53.0387  enc_delta ego=0.0003 partner=0.0002 road=0.0004
[ROMA step 6,409,420,800] sps=124,224  policy_loss=-0.0032  value_loss=0.2019  mi_loss=0.0011  mi_valid=0.75  div_loss=-0.1846  kl_loss=0.0000 (disabled)  score=0.933  return=0.833  role_std=8.9696  role_norm=56.0220  enc_delta ego=0.0003 partner=0.0002 road=0.0004
[ROMA step 6,410,207,232] sps=124,214  policy_loss=0.0050  value_loss=0.1857  mi_loss=0.0011  mi_valid=0.75  div_loss=-0.1816  kl_loss=0.0000 (disabled)  score=0.932  return=0.833  role_std=9.0499  role_norm=55.6176  enc_delta ego=0.0003 partner=0.0002 road=0.0004
[ROMA step 6,410,993,664] sps=124,159  policy_loss=0.0026  value_loss=0.1993  mi_loss=0.0011  mi_valid=0.73  div_loss=-0.1719  kl_loss=0.0000 (disabled)  score=0.931  return=0.834  role_std=8.9135  role_norm=54.6619  enc_delta ego=0.0002 partner=0.0002 road=0.0004
[ROMA step 6,411,780,096] sps=124,149  policy_loss=0.0051  value_loss=0.1900  mi_loss=0.0011  mi_valid=0.75  div_loss=-0.1650  kl_loss=0.0000 (disabled)  score=0.932  return=0.837  role_std=9.2119  role_norm=54.2143  enc_delta ego=0.0001 partner=0.0002 road=0.0004
[ROMA step 6,412,566,528] sps=124,138  policy_loss=-0.0039  value_loss=0.1788  mi_loss=0.0011  mi_valid=0.75  div_loss=-0.1689  kl_loss=0.0000 (disabled)  score=0.931  return=0.838  role_std=9.6245  role_norm=53.0591  enc_delta ego=0.0002 partner=0.0003 road=0.0004
[ROMA step 6,413,352,960] sps=124,078  policy_loss=-0.0004  value_loss=0.1088  mi_loss=0.0011  mi_valid=0.74  div_loss=-0.1689  kl_loss=0.0000 (disabled)  score=0.932  return=0.839  role_std=8.1344  role_norm=56.7699  enc_delta ego=0.0002 partner=0.0002 road=0.0003
[ROMA step 6,414,139,392] sps=124,066  policy_loss=0.0020  value_loss=0.1327  mi_loss=0.0012  mi_valid=0.74  div_loss=-0.1758  kl_loss=0.0000 (disabled)  score=0.932  return=0.839  role_std=8.7280  role_norm=56.0312  enc_delta ego=0.0003 partner=0.0003 road=0.0005
[ROMA step 6,414,925,824] sps=124,056  policy_loss=-0.0011  value_loss=0.1773  mi_loss=0.0012  mi_valid=0.74  div_loss=-0.1787  kl_loss=0.0000 (disabled)  score=0.932  return=0.840  role_std=9.3753  role_norm=55.2868  enc_delta ego=0.0002 partner=0.0002 road=0.0005
[ROMA step 6,415,712,256] sps=124,046  policy_loss=-0.0047  value_loss=0.0817  mi_loss=0.0012  mi_valid=0.74  div_loss=-0.1631  kl_loss=0.0000 (disabled)  score=0.932  return=0.841  role_std=9.4872  role_norm=54.2321  enc_delta ego=0.0002 partner=0.0002 road=0.0002
[ROMA step 6,416,498,688] sps=123,983  policy_loss=-0.0008  value_loss=0.1459  mi_loss=0.0012  mi_valid=0.72  div_loss=-0.1689  kl_loss=0.0000 (disabled)  score=0.932  return=0.842  role_std=10.6395  role_norm=53.6852  enc_delta ego=0.0001 partner=0.0002 road=0.0004
[ROMA step 6,417,285,120] sps=123,972  policy_loss=0.0015  value_loss=0.1515  mi_loss=0.0011  mi_valid=0.75  div_loss=-0.1729  kl_loss=0.0000 (disabled)  score=0.932  return=0.842  role_std=8.8093  role_norm=57.0340  enc_delta ego=0.0002 partner=0.0002 road=0.0004
[ROMA step 6,418,071,552] sps=123,961  policy_loss=-0.0028  value_loss=0.1343  mi_loss=0.0011  mi_valid=0.74  div_loss=-0.1768  kl_loss=0.0000 (disabled)  score=0.932  return=0.842  role_std=8.8415  role_norm=56.9693  enc_delta ego=0.0002 partner=0.0003 road=0.0004
[ROMA step 6,418,857,984] sps=123,905  policy_loss=0.0028  value_loss=0.1704  mi_loss=0.0012  mi_valid=0.72  div_loss=-0.1738  kl_loss=0.0000 (disabled)  score=0.932  return=0.843  role_std=9.2165  role_norm=56.4377  enc_delta ego=0.0002 partner=0.0002 road=0.0003
[ROMA step 6,419,644,416] sps=123,895  policy_loss=-0.0009  value_loss=0.2121  mi_loss=0.0012  mi_valid=0.74  div_loss=-0.1768  kl_loss=0.0000 (disabled)  score=0.932  return=0.840  role_std=9.8982  role_norm=55.0594  enc_delta ego=0.0002 partner=0.0003 road=0.0004
[ROMA step 6,420,430,848] sps=123,885  policy_loss=0.0003  value_loss=0.1865  mi_loss=0.0012  mi_valid=0.74  div_loss=-0.1777  kl_loss=0.0000 (disabled)  score=0.932  return=0.840  role_std=10.7162  role_norm=54.1570  enc_delta ego=0.0001 partner=0.0002 road=0.0003
[ROMA step 6,421,217,280] sps=123,875  policy_loss=0.0042  value_loss=0.1482  mi_loss=0.0012  mi_valid=0.74  div_loss=-0.1768  kl_loss=0.0000 (disabled)  score=0.931  return=0.838  role_std=10.4927  role_norm=53.0321  enc_delta ego=0.0002 partner=0.0003 road=0.0002
[ROMA step 6,422,003,712] sps=123,817  policy_loss=0.0028  value_loss=0.1118  mi_loss=0.0011  mi_valid=0.73  div_loss=-0.1641  kl_loss=0.0000 (disabled)  score=0.931  return=0.839  role_std=8.3157  role_norm=56.4452  enc_delta ego=0.0002 partner=0.0002 road=0.0003
[ROMA step 6,422,790,144] sps=123,806  policy_loss=-0.0041  value_loss=0.1632  mi_loss=0.0011  mi_valid=0.74  div_loss=-0.1660  kl_loss=0.0000 (disabled)  score=0.931  return=0.839  role_std=9.1442  role_norm=56.5103  enc_delta ego=0.0001 partner=0.0002 road=0.0002
[ROMA step 6,423,576,576] sps=123,796  policy_loss=-0.0094  value_loss=0.1100  mi_loss=0.0011  mi_valid=0.74  div_loss=-0.1709  kl_loss=0.0000 (disabled)  score=0.932  return=0.841  role_std=8.9468  role_norm=55.6895  enc_delta ego=0.0003 partner=0.0002 road=0.0003
[ROMA step 6,424,363,008] sps=123,741  policy_loss=0.0001  value_loss=0.0973  mi_loss=0.0011  mi_valid=0.72  div_loss=-0.1670  kl_loss=0.0000 (disabled)  score=0.932  return=0.844  role_std=10.3097  role_norm=52.6702  enc_delta ego=0.0002 partner=0.0002 road=0.0002
[ROMA step 6,425,149,440] sps=123,731  policy_loss=0.0035  value_loss=0.1822  mi_loss=0.0011  mi_valid=0.74  div_loss=-0.1689  kl_loss=0.0000 (disabled)  score=0.933  return=0.845  role_std=10.6582  role_norm=53.3062  enc_delta ego=0.0002 partner=0.0002 road=0.0004
[ROMA step 6,425,935,872] sps=123,720  policy_loss=-0.0011  value_loss=0.1255  mi_loss=0.0011  mi_valid=0.75  div_loss=-0.1689  kl_loss=0.0000 (disabled)  score=0.933  return=0.845  role_std=8.7566  role_norm=56.6979  enc_delta ego=0.0002 partner=0.0003 road=0.0004
[ROMA step 6,426,722,304] sps=123,710  policy_loss=0.0015  value_loss=0.1916  mi_loss=0.0012  mi_valid=0.74  div_loss=-0.1777  kl_loss=0.0000 (disabled)  score=0.933  return=0.843  role_std=9.1234  role_norm=56.4128  enc_delta ego=0.0001 partner=0.0002 road=0.0004
[ROMA step 6,427,508,736] sps=123,653  policy_loss=-0.0007  value_loss=0.1720  mi_loss=0.0012  mi_valid=0.72  div_loss=-0.1758  kl_loss=0.0000 (disabled)  score=0.933  return=0.843  role_std=9.1992  role_norm=56.9723  enc_delta ego=0.0002 partner=0.0002 road=0.0003
[ROMA step 6,428,295,168] sps=123,643  policy_loss=-0.0003  value_loss=0.1795  mi_loss=0.0011  mi_valid=0.73  div_loss=-0.1641  kl_loss=0.0000 (disabled)  score=0.933  return=0.845  role_std=9.4339  role_norm=55.8271  enc_delta ego=0.0001 partner=0.0002 road=0.0003
[ROMA step 6,429,081,600] sps=123,633  policy_loss=-0.0061  value_loss=0.0705  mi_loss=0.0011  mi_valid=0.73  div_loss=-0.1572  kl_loss=0.0000 (disabled)  score=0.933  return=0.848  role_std=9.8985  role_norm=55.2088  enc_delta ego=0.0002 partner=0.0001 road=0.0002
[ROMA step 6,429,868,032] sps=123,621  policy_loss=0.0024  value_loss=0.1417  mi_loss=0.0011  mi_valid=0.73  div_loss=-0.1553  kl_loss=0.0000 (disabled)  score=0.933  return=0.851  role_std=10.0783  role_norm=54.5541  enc_delta ego=0.0001 partner=0.0001 road=0.0003
[ROMA step 6,430,654,464] sps=123,558  policy_loss=-0.0044  value_loss=0.0998  mi_loss=0.0011  mi_valid=0.74  div_loss=-0.1602  kl_loss=0.0000 (disabled)  score=0.933  return=0.852  role_std=8.0566  role_norm=56.9544  enc_delta ego=0.0002 partner=0.0002 road=0.0002
[ROMA step 6,431,440,896] sps=123,548  policy_loss=0.0019  value_loss=0.1199  mi_loss=0.0011  mi_valid=0.74  div_loss=-0.1631  kl_loss=0.0000 (disabled)  score=0.934  return=0.855  role_std=8.1374  role_norm=56.7610  enc_delta ego=0.0002 partner=0.0002 road=0.0003
[ROMA step 6,432,227,328] sps=123,538  policy_loss=-0.0021  value_loss=0.0947  mi_loss=0.0011  mi_valid=0.74  div_loss=-0.1592  kl_loss=0.0000 (disabled)  score=0.935  return=0.859  role_std=8.7166  role_norm=55.4267  enc_delta ego=0.0001 partner=0.0001 road=0.0002
[ROMA step 6,433,013,760] sps=123,478  policy_loss=0.0008  value_loss=0.2244  mi_loss=0.0012  mi_valid=0.72  div_loss=-0.1719  kl_loss=0.0000 (disabled)  score=0.936  return=0.860  role_std=10.1746  role_norm=54.1398  enc_delta ego=0.0001 partner=0.0001 road=0.0003
[ROMA step 6,433,800,192] sps=123,466  policy_loss=-0.0016  value_loss=0.1819  mi_loss=0.0011  mi_valid=0.74  div_loss=-0.1719  kl_loss=0.0000 (disabled)  score=0.936  return=0.861  role_std=9.7763  role_norm=53.5015  enc_delta ego=0.0001 partner=0.0002 road=0.0003
[ROMA step 6,434,586,624] sps=123,456  policy_loss=0.0013  value_loss=0.1850  mi_loss=0.0011  mi_valid=0.74  div_loss=-0.1738  kl_loss=0.0000 (disabled)  score=0.936  return=0.863  role_std=8.3596  role_norm=56.6144  enc_delta ego=0.0001 partner=0.0002 road=0.0003
[ROMA step 6,435,373,056] sps=123,445  policy_loss=-0.0025  value_loss=0.1087  mi_loss=0.0011  mi_valid=0.74  div_loss=-0.1768  kl_loss=0.0000 (disabled)  score=0.937  return=0.865  role_std=8.7586  role_norm=56.2724  enc_delta ego=0.0001 partner=0.0002 road=0.0005
[ROMA step 6,436,159,488] sps=123,387  policy_loss=-0.0007  value_loss=0.1866  mi_loss=0.0012  mi_valid=0.72  div_loss=-0.1816  kl_loss=0.0000 (disabled)  score=0.936  return=0.864  role_std=9.5829  role_norm=55.9078  enc_delta ego=0.0001 partner=0.0002 road=0.0003
[ROMA step 6,436,945,920] sps=123,377  policy_loss=0.0044  value_loss=0.1785  mi_loss=0.0012  mi_valid=0.74  div_loss=-0.1748  kl_loss=0.0000 (disabled)  score=0.936  return=0.864  role_std=10.4127  role_norm=55.0821  enc_delta ego=0.0001 partner=0.0002 road=0.0004
[ROMA step 6,437,732,352] sps=123,367  policy_loss=0.0011  value_loss=0.1446  mi_loss=0.0012  mi_valid=0.74  div_loss=-0.1758  kl_loss=0.0000 (disabled)  score=0.936  return=0.863  role_std=10.6554  role_norm=53.9446  enc_delta ego=0.0001 partner=0.0001 road=0.0002
[ROMA step 6,438,518,784] sps=123,313  policy_loss=0.0040  value_loss=0.2632  mi_loss=0.0012  mi_valid=0.73  div_loss=-0.1787  kl_loss=0.0000 (disabled)  score=0.936  return=0.862  role_std=8.6203  role_norm=56.9306  enc_delta ego=0.0001 partner=0.0002 road=0.0003
[ROMA step 6,439,305,216] sps=123,303  policy_loss=-0.0025  value_loss=0.1292  mi_loss=0.0012  mi_valid=0.74  div_loss=-0.1729  kl_loss=0.0000 (disabled)  score=0.936  return=0.862  role_std=8.4986  role_norm=56.9568  enc_delta ego=0.0001 partner=0.0002 road=0.0002
[ROMA step 6,440,091,648] sps=123,294  policy_loss=0.0022  value_loss=0.1900  mi_loss=0.0012  mi_valid=0.74  div_loss=-0.1738  kl_loss=0.0000 (disabled)  score=0.936  return=0.859  role_std=9.0703  role_norm=56.0875  enc_delta ego=0.0001 partner=0.0002 road=0.0002
[ROMA step 6,440,878,080] sps=123,284  policy_loss=0.0002  value_loss=0.1116  mi_loss=0.0012  mi_valid=0.74  div_loss=-0.1699  kl_loss=0.0000 (disabled)  score=0.936  return=0.860  role_std=9.2944  role_norm=55.6604  enc_delta ego=0.0001 partner=0.0002 road=0.0002
[ROMA step 6,441,664,512] sps=123,212  policy_loss=0.0020  value_loss=0.2367  mi_loss=0.0012  mi_valid=0.72  div_loss=-0.1777  kl_loss=0.0000 (disabled)  score=0.936  return=0.859  role_std=11.2805  role_norm=53.3916  enc_delta ego=0.0001 partner=0.0001 road=0.0002
[ROMA step 6,442,450,944] sps=123,200  policy_loss=-0.0026  value_loss=0.1842  mi_loss=0.0012  mi_valid=0.75  div_loss=-0.1777  kl_loss=0.0000 (disabled)  score=0.936  return=0.858  role_std=8.6744  role_norm=56.5772  enc_delta ego=0.0001 partner=0.0002 road=0.0002
[ROMA step 6,443,237,376] sps=123,190  policy_loss=0.0070  value_loss=0.1639  mi_loss=0.0012  mi_valid=0.76  div_loss=-0.1826  kl_loss=0.0000 (disabled)  score=0.936  return=0.857  role_std=8.6893  role_norm=56.4698  enc_delta ego=0.0001 partner=0.0002 road=0.0003
[ROMA step 6,444,023,808] sps=123,131  policy_loss=0.0016  value_loss=0.2215  mi_loss=0.0012  mi_valid=0.73  div_loss=-0.1846  kl_loss=0.0000 (disabled)  score=0.937  return=0.859  role_std=8.2856  role_norm=56.9768  enc_delta ego=0.0001 partner=0.0002 road=0.0002
[ROMA step 6,444,810,240] sps=123,119  policy_loss=0.0037  value_loss=0.1587  mi_loss=0.0012  mi_valid=0.74  div_loss=-0.1738  kl_loss=0.0000 (disabled)  score=0.937  return=0.860  role_std=9.6731  role_norm=55.3139  enc_delta ego=0.0002 partner=0.0002 road=0.0003
[ROMA step 6,445,596,672] sps=123,108  policy_loss=0.0020  value_loss=0.2921  mi_loss=0.0012  mi_valid=0.74  div_loss=-0.1807  kl_loss=0.0000 (disabled)  score=0.937  return=0.860  role_std=10.0752  role_norm=55.0210  enc_delta ego=0.0002 partner=0.0002 road=0.0003
[ROMA step 6,446,383,104] sps=123,098  policy_loss=-0.0060  value_loss=0.1779  mi_loss=0.0012  mi_valid=0.74  div_loss=-0.1768  kl_loss=0.0000 (disabled)  score=0.936  return=0.856  role_std=10.5610  role_norm=53.4986  enc_delta ego=0.0003 partner=0.0002 road=0.0003
[ROMA step 6,447,169,536] sps=123,041  policy_loss=0.0053  value_loss=0.1230  mi_loss=0.0012  mi_valid=0.73  div_loss=-0.1729  kl_loss=0.0000 (disabled)  score=0.935  return=0.854  role_std=8.6665  role_norm=56.5919  enc_delta ego=0.0002 partner=0.0002 road=0.0003
[ROMA step 6,447,955,968] sps=123,031  policy_loss=-0.0032  value_loss=0.1051  mi_loss=0.0011  mi_valid=0.74  div_loss=-0.1699  kl_loss=0.0000 (disabled)  score=0.934  return=0.852  role_std=8.5186  role_norm=56.8852  enc_delta ego=0.0002 partner=0.0002 road=0.0003
[ROMA step 6,448,742,400] sps=123,021  policy_loss=0.0023  value_loss=0.1446  mi_loss=0.0011  mi_valid=0.74  div_loss=-0.1689  kl_loss=0.0000 (disabled)  score=0.934  return=0.852  role_std=9.0338  role_norm=56.2939  enc_delta ego=0.0001 partner=0.0002 road=0.0002
[ROMA step 6,449,528,832] sps=122,961  policy_loss=-0.0009  value_loss=0.1363  mi_loss=0.0012  mi_valid=0.72  div_loss=-0.1709  kl_loss=0.0000 (disabled)  score=0.934  return=0.852  role_std=9.4504  role_norm=52.8305  enc_delta ego=0.0001 partner=0.0001 road=0.0002
[ROMA step 6,450,315,264] sps=122,950  policy_loss=0.0019  value_loss=0.1879  mi_loss=0.0011  mi_valid=0.75  div_loss=-0.1689  kl_loss=0.0000 (disabled)  score=0.934  return=0.852  role_std=10.6872  role_norm=53.0608  enc_delta ego=0.0001 partner=0.0002 road=0.0003
[ROMA step 6,451,101,696] sps=122,940  policy_loss=-0.0059  value_loss=0.1002  mi_loss=0.0011  mi_valid=0.75  div_loss=-0.1689  kl_loss=0.0000 (disabled)  score=0.933  return=0.852  role_std=8.1431  role_norm=56.5534  enc_delta ego=0.0001 partner=0.0001 road=0.0003
[ROMA step 6,451,888,128] sps=122,931  policy_loss=-0.0025  value_loss=0.1181  mi_loss=0.0011  mi_valid=0.75  div_loss=-0.1670  kl_loss=0.0000 (disabled)  score=0.933  return=0.851  role_std=8.5324  role_norm=56.0564  enc_delta ego=0.0001 partner=0.0002 road=0.0003
[ROMA step 6,452,674,560] sps=122,874  policy_loss=-0.0022  value_loss=0.1479  mi_loss=0.0011  mi_valid=0.73  div_loss=-0.1748  kl_loss=0.0000 (disabled)  score=0.933  return=0.850  role_std=9.3192  role_norm=56.0860  enc_delta ego=0.0001 partner=0.0001 road=0.0002
[ROMA step 6,453,460,992] sps=122,865  policy_loss=0.0018  value_loss=0.1587  mi_loss=0.0011  mi_valid=0.74  div_loss=-0.1719  kl_loss=0.0000 (disabled)  score=0.933  return=0.849  role_std=9.4687  role_norm=55.3569  enc_delta ego=0.0001 partner=0.0001 road=0.0004
[ROMA step 6,454,247,424] sps=122,855  policy_loss=-0.0017  value_loss=0.1351  mi_loss=0.0011  mi_valid=0.74  div_loss=-0.1709  kl_loss=0.0000 (disabled)  score=0.932  return=0.847  role_std=9.8735  role_norm=54.8530  enc_delta ego=0.0001 partner=0.0001 road=0.0003
[ROMA step 6,455,033,856] sps=122,846  policy_loss=0.0012  value_loss=0.1469  mi_loss=0.0010  mi_valid=0.74  div_loss=-0.1719  kl_loss=0.0000 (disabled)  score=0.932  return=0.845  role_std=11.1725  role_norm=53.7554  enc_delta ego=0.0001 partner=0.0001 road=0.0002
[ROMA step 6,455,820,288] sps=122,788  policy_loss=-0.0004  value_loss=0.1888  mi_loss=0.0012  mi_valid=0.74  div_loss=-0.1855  kl_loss=0.0000 (disabled)  score=0.932  return=0.845  role_std=9.1227  role_norm=56.6369  enc_delta ego=0.0001 partner=0.0002 road=0.0003
[ROMA step 6,456,606,720] sps=122,779  policy_loss=-0.0007  value_loss=0.1712  mi_loss=0.0012  mi_valid=0.74  div_loss=-0.1875  kl_loss=0.0000 (disabled)  score=0.931  return=0.842  role_std=9.6225  role_norm=55.8986  enc_delta ego=0.0002 partner=0.0002 road=0.0003
[ROMA step 6,457,393,152] sps=122,768  policy_loss=0.0004  value_loss=0.1326  mi_loss=0.0012  mi_valid=0.74  div_loss=-0.1836  kl_loss=0.0000 (disabled)  score=0.931  return=0.841  role_std=10.0435  role_norm=55.5920  enc_delta ego=0.0001 partner=0.0001 road=0.0002
[ROMA step 6,458,179,584] sps=122,709  policy_loss=0.0030  value_loss=0.2382  mi_loss=0.0012  mi_valid=0.72  div_loss=-0.1787  kl_loss=0.0000 (disabled)  score=0.931  return=0.841  role_std=10.5829  role_norm=54.5162  enc_delta ego=0.0001 partner=0.0001 road=0.0002
[ROMA step 6,458,966,016] sps=122,700  policy_loss=-0.0047  value_loss=0.1419  mi_loss=0.0012  mi_valid=0.73  div_loss=-0.1729  kl_loss=0.0000 (disabled)  score=0.932  return=0.841  role_std=11.0644  role_norm=53.7615  enc_delta ego=0.0001 partner=0.0002 road=0.0003
[ROMA step 6,459,752,448] sps=122,690  policy_loss=0.0055  value_loss=0.1321  mi_loss=0.0011  mi_valid=0.74  div_loss=-0.1758  kl_loss=0.0000 (disabled)  score=0.932  return=0.839  role_std=8.6733  role_norm=56.9147  enc_delta ego=0.0001 partner=0.0001 road=0.0002
[ROMA step 6,460,538,880] sps=122,680  policy_loss=-0.0023  value_loss=0.1420  mi_loss=0.0012  mi_valid=0.73  div_loss=-0.1768  kl_loss=0.0000 (disabled)  score=0.934  return=0.842  role_std=8.9620  role_norm=56.7015  enc_delta ego=0.0001 partner=0.0001 road=0.0002
[ROMA step 6,461,325,312] sps=122,618  policy_loss=0.0019  value_loss=0.2069  mi_loss=0.0012  mi_valid=0.72  div_loss=-0.1738  kl_loss=0.0000 (disabled)  score=0.933  return=0.841  role_std=8.9661  role_norm=56.2119  enc_delta ego=0.0001 partner=0.0001 road=0.0001
[ROMA step 6,462,111,744] sps=122,608  policy_loss=0.0026  value_loss=0.1478  mi_loss=0.0012  mi_valid=0.74  div_loss=-0.1689  kl_loss=0.0000 (disabled)  score=0.934  return=0.842  role_std=9.3078  role_norm=55.2666  enc_delta ego=0.0001 partner=0.0001 road=0.0002
[ROMA step 6,462,898,176] sps=122,599  policy_loss=0.0003  value_loss=0.1259  mi_loss=0.0012  mi_valid=0.74  div_loss=-0.1680  kl_loss=0.0000 (disabled)  score=0.934  return=0.843  role_std=10.0403  role_norm=54.5841  enc_delta ego=0.0001 partner=0.0001 road=0.0001
[ROMA step 6,463,684,608] sps=122,540  policy_loss=-0.0023  value_loss=0.1085  mi_loss=0.0012  mi_valid=0.73  div_loss=-0.1699  kl_loss=0.0000 (disabled)  score=0.934  return=0.844  role_std=8.0125  role_norm=56.8289  enc_delta ego=0.0001 partner=0.0001 road=0.0001
[ROMA step 6,464,471,040] sps=122,531  policy_loss=0.0015  value_loss=0.1241  mi_loss=0.0011  mi_valid=0.74  div_loss=-0.1660  kl_loss=0.0000 (disabled)  score=0.934  return=0.845  role_std=8.3963  role_norm=56.4491  enc_delta ego=0.0001 partner=0.0001 road=0.0001
[ROMA step 6,465,257,472] sps=122,522  policy_loss=0.0030  value_loss=0.1731  mi_loss=0.0011  mi_valid=0.75  div_loss=-0.1729  kl_loss=0.0000 (disabled)  score=0.934  return=0.846  role_std=9.0798  role_norm=56.0023  enc_delta ego=0.0001 partner=0.0001 road=0.0001
[ROMA step 6,466,043,904] sps=122,513  policy_loss=0.0020  value_loss=0.1989  mi_loss=0.0011  mi_valid=0.74  div_loss=-0.1777  kl_loss=0.0000 (disabled)  score=0.935  return=0.847  role_std=9.4529  role_norm=55.2157  enc_delta ego=0.0001 partner=0.0001 road=0.0001
[ROMA step 6,466,830,336] sps=122,443  policy_loss=-0.0004  value_loss=0.1358  mi_loss=0.0012  mi_valid=0.72  div_loss=-0.1787  kl_loss=0.0000 (disabled)  score=0.935  return=0.847  role_std=10.2213  role_norm=53.0913  enc_delta ego=0.0001 partner=0.0001 road=0.0002
[ROMA step 6,467,616,768] sps=122,434  policy_loss=0.0036  value_loss=0.1515  mi_loss=0.0013  mi_valid=0.75  div_loss=-0.1816  kl_loss=0.0000 (disabled)  score=0.935  return=0.849  role_std=10.4211  role_norm=52.6210  enc_delta ego=0.0001 partner=0.0001 road=0.0002
[ROMA step 6,468,403,200] sps=122,425  policy_loss=-0.0079  value_loss=0.0921  mi_loss=0.0012  mi_valid=0.75  div_loss=-0.1797  kl_loss=0.0000 (disabled)  score=0.935  return=0.849  role_std=9.0939  role_norm=56.1098  enc_delta ego=0.0001 partner=0.0001 road=0.0001
[ROMA step 6,469,189,632] sps=122,363  policy_loss=0.0010  value_loss=0.2130  mi_loss=0.0012  mi_valid=0.72  div_loss=-0.1865  kl_loss=0.0000 (disabled)  score=0.934  return=0.849  role_std=8.9843  role_norm=57.3852  enc_delta ego=0.0001 partner=0.0001 road=0.0001
[ROMA step 6,469,976,064] sps=122,354  policy_loss=0.0019  value_loss=0.1308  mi_loss=0.0012  mi_valid=0.73  div_loss=-0.1738  kl_loss=0.0000 (disabled)  score=0.936  return=0.854  role_std=9.4487  role_norm=55.6348  enc_delta ego=0.0001 partner=0.0001 road=0.0002
[ROMA step 6,470,762,496] sps=122,344  policy_loss=-0.0014  value_loss=0.1272  mi_loss=0.0012  mi_valid=0.73  div_loss=-0.1689  kl_loss=0.0000 (disabled)  score=0.936  return=0.856  role_std=10.1362  role_norm=55.2791  enc_delta ego=0.0001 partner=0.0001 road=0.0001
[ROMA step 6,471,548,928] sps=122,335  policy_loss=-0.0011  value_loss=0.1255  mi_loss=0.0012  mi_valid=0.74  div_loss=-0.1719  kl_loss=0.0000 (disabled)  score=0.936  return=0.856  role_std=10.2777  role_norm=54.3150  enc_delta ego=0.0001 partner=0.0001 road=0.0002
[ROMA step 6,472,335,360] sps=122,205  policy_loss=-0.0058  value_loss=0.1076  mi_loss=0.0012  mi_valid=0.73  div_loss=-0.1670  kl_loss=0.0000 (disabled)  score=0.936  return=0.854  role_std=8.3073  role_norm=56.9216  enc_delta ego=0.0000 partner=0.0001 road=0.0002
[ROMA step 6,473,121,792] sps=122,194  policy_loss=0.0032  value_loss=0.1574  mi_loss=0.0011  mi_valid=0.74  div_loss=-0.1670  kl_loss=0.0000 (disabled)  score=0.936  return=0.856  role_std=8.3553  role_norm=56.4196  enc_delta ego=0.0001 partner=0.0001 road=0.0002
[ROMA step 6,473,908,224] sps=122,185  policy_loss=0.0019  value_loss=0.1129  mi_loss=0.0011  mi_valid=0.74  div_loss=-0.1660  kl_loss=0.0000 (disabled)  score=0.936  return=0.856  role_std=8.8064  role_norm=55.6398  enc_delta ego=0.0001 partner=0.0001 road=0.0001
[ROMA step 6,474,694,656] sps=122,075  policy_loss=-0.0043  value_loss=0.0851  mi_loss=0.0012  mi_valid=0.72  div_loss=-0.1689  kl_loss=0.0000 (disabled)  score=0.936  return=0.858  role_std=9.7833  role_norm=53.0632  enc_delta ego=0.0001 partner=0.0001 road=0.0001
[ROMA step 6,475,481,088] sps=122,065  policy_loss=0.0046  value_loss=0.2239  mi_loss=0.0011  mi_valid=0.74  div_loss=-0.1738  kl_loss=0.0000 (disabled)  score=0.936  return=0.858  role_std=10.4455  role_norm=53.6130  enc_delta ego=0.0001 partner=0.0001 road=0.0002
[ROMA step 6,476,267,520] sps=122,055  policy_loss=-0.0038  value_loss=0.1226  mi_loss=0.0011  mi_valid=0.75  div_loss=-0.1699  kl_loss=0.0000 (disabled)  score=0.937  return=0.856  role_std=8.3124  role_norm=56.5923  enc_delta ego=0.0001 partner=0.0001 road=0.0001
[ROMA step 6,477,053,952] sps=122,045  policy_loss=-0.0017  value_loss=0.1263  mi_loss=0.0011  mi_valid=0.74  div_loss=-0.1729  kl_loss=0.0000 (disabled)  score=0.936  return=0.855  role_std=9.1516  role_norm=56.3738  enc_delta ego=0.0001 partner=0.0001 road=0.0002
[ROMA step 6,477,840,384] sps=121,991  policy_loss=0.0001  value_loss=0.1936  mi_loss=0.0011  mi_valid=0.72  div_loss=-0.1826  kl_loss=0.0000 (disabled)  score=0.937  return=0.856  role_std=9.7292  role_norm=56.3176  enc_delta ego=0.0001 partner=0.0001 road=0.0001
[ROMA step 6,478,626,816] sps=121,982  policy_loss=0.0030  value_loss=0.1699  mi_loss=0.0012  mi_valid=0.74  div_loss=-0.1807  kl_loss=0.0000 (disabled)  score=0.937  return=0.854  role_std=10.1613  role_norm=54.8800  enc_delta ego=0.0001 partner=0.0001 road=0.0001
[ROMA step 6,479,413,248] sps=121,973  policy_loss=-0.0055  value_loss=0.1903  mi_loss=0.0012  mi_valid=0.74  div_loss=-0.1768  kl_loss=0.0000 (disabled)  score=0.937  return=0.853  role_std=10.9542  role_norm=54.1307  enc_delta ego=0.0001 partner=0.0001 road=0.0001
[ROMA step 6,480,199,680] sps=121,963  policy_loss=-0.0022  value_loss=0.1644  mi_loss=0.0012  mi_valid=0.74  div_loss=-0.1758  kl_loss=0.0000 (disabled)  score=0.937  return=0.854  role_std=10.4207  role_norm=53.8669  enc_delta ego=0.0001 partner=0.0001 road=0.0001
[ROMA step 6,480,986,112] sps=121,899  policy_loss=-0.0045  value_loss=0.1659  mi_loss=0.0011  mi_valid=0.74  div_loss=-0.1768  kl_loss=0.0000 (disabled)  score=0.937  return=0.855  role_std=9.2159  role_norm=57.0823  enc_delta ego=0.0000 partner=0.0001 road=0.0001
[ROMA step 6,481,772,544] sps=121,889  policy_loss=0.0043  value_loss=0.1625  mi_loss=0.0011  mi_valid=0.73  div_loss=-0.1699  kl_loss=0.0000 (disabled)  score=0.938  return=0.856  role_std=8.8454  role_norm=57.0855  enc_delta ego=0.0000 partner=0.0001 road=0.0001
[ROMA step 6,482,558,976] sps=121,880  policy_loss=0.0030  value_loss=0.1921  mi_loss=0.0011  mi_valid=0.73  div_loss=-0.1660  kl_loss=0.0000 (disabled)  score=0.937  return=0.857  role_std=8.8214  role_norm=56.8016  enc_delta ego=0.0000 partner=0.0001 road=0.0001
[ROMA step 6,483,345,408] sps=121,817  policy_loss=-0.0077  value_loss=0.1599  mi_loss=0.0011  mi_valid=0.71  div_loss=-0.1729  kl_loss=0.0000 (disabled)  score=0.937  return=0.857  role_std=9.1925  role_norm=55.3158  enc_delta ego=0.0000 partner=0.0001 road=0.0001
[ROMA step 6,484,131,840] sps=121,807  policy_loss=0.0027  value_loss=0.1813  mi_loss=0.0011  mi_valid=0.73  div_loss=-0.1680  kl_loss=0.0000 (disabled)  score=0.937  return=0.858  role_std=9.7102  role_norm=54.1273  enc_delta ego=0.0001 partner=0.0001 road=0.0001
[ROMA step 6,484,918,272] sps=121,798  policy_loss=-0.0011  value_loss=0.1780  mi_loss=0.0011  mi_valid=0.74  div_loss=-0.1670  kl_loss=0.0000 (disabled)  score=0.937  return=0.858  role_std=9.1993  role_norm=56.0596  enc_delta ego=0.0001 partner=0.0001 road=0.0001
[ROMA step 6,485,704,704] sps=121,788  policy_loss=0.0022  value_loss=0.1755  mi_loss=0.0011  mi_valid=0.74  div_loss=-0.1670  kl_loss=0.0000 (disabled)  score=0.938  return=0.859  role_std=9.3244  role_norm=55.9364  enc_delta ego=0.0001 partner=0.0000 road=0.0001
[ROMA step 6,486,491,136] sps=121,732  policy_loss=0.0000  value_loss=0.1758  mi_loss=0.0012  mi_valid=0.73  div_loss=-0.1797  kl_loss=0.0000 (disabled)  score=0.937  return=0.857  role_std=9.5014  role_norm=55.6767  enc_delta ego=0.0000 partner=0.0001 road=0.0001
[ROMA step 6,487,277,568] sps=121,723  policy_loss=0.0080  value_loss=0.1285  mi_loss=0.0012  mi_valid=0.74  div_loss=-0.1748  kl_loss=0.0000 (disabled)  score=0.938  return=0.858  role_std=9.9218  role_norm=54.9006  enc_delta ego=0.0000 partner=0.0000 road=0.0001
[ROMA step 6,488,064,000] sps=121,714  policy_loss=0.0028  value_loss=0.1418  mi_loss=0.0012  mi_valid=0.74  div_loss=-0.1738  kl_loss=0.0000 (disabled)  score=0.937  return=0.856  role_std=10.2824  role_norm=53.9825  enc_delta ego=0.0000 partner=0.0000 road=0.0001
[ROMA step 6,488,850,432] sps=121,648  policy_loss=-0.0024  value_loss=0.2089  mi_loss=0.0012  mi_valid=0.73  div_loss=-0.1816  kl_loss=0.0000 (disabled)  score=0.938  return=0.858  role_std=9.6434  role_norm=56.4736  enc_delta ego=0.0000 partner=0.0000 road=0.0001
[ROMA step 6,489,636,864] sps=121,638  policy_loss=-0.0039  value_loss=0.1762  mi_loss=0.0012  mi_valid=0.74  div_loss=-0.1846  kl_loss=0.0000 (disabled)  score=0.938  return=0.859  role_std=9.9794  role_norm=56.5510  enc_delta ego=0.0000 partner=0.0000 road=0.0001
[ROMA step 6,490,423,296] sps=121,629  policy_loss=-0.0018  value_loss=0.1971  mi_loss=0.0011  mi_valid=0.73  div_loss=-0.1816  kl_loss=0.0000 (disabled)  score=0.938  return=0.857  role_std=9.4164  role_norm=56.3064  enc_delta ego=0.0000 partner=0.0000 road=0.0001
[ROMA step 6,491,209,728] sps=121,617  policy_loss=-0.0002  value_loss=0.2013  mi_loss=0.0012  mi_valid=0.73  div_loss=-0.1758  kl_loss=0.0000 (disabled)  score=0.938  return=0.858  role_std=9.7264  role_norm=55.7002  enc_delta ego=0.0000 partner=0.0000 road=0.0000
[ROMA step 6,491,996,160] sps=121,556  policy_loss=-0.0038  value_loss=0.2107  mi_loss=0.0013  mi_valid=0.73  div_loss=-0.1855  kl_loss=0.0000 (disabled)  score=0.939  return=0.857  role_std=10.3067  role_norm=52.9060  enc_delta ego=0.0000 partner=0.0000 road=0.0001
[ROMA step 6,492,782,592] sps=121,546  policy_loss=-0.0029  value_loss=0.1797  mi_loss=0.0012  mi_valid=0.75  div_loss=-0.1807  kl_loss=0.0000 (disabled)  score=0.938  return=0.855  role_std=10.9155  role_norm=51.8657  enc_delta ego=0.0000 partner=0.0000 road=0.0001
[ROMA step 6,493,569,024] sps=121,537  policy_loss=0.0039  value_loss=0.1874  mi_loss=0.0012  mi_valid=0.76  div_loss=-0.1846  kl_loss=0.0000 (disabled)  score=0.937  return=0.853  role_std=9.1167  role_norm=55.9739  enc_delta ego=0.0000 partner=0.0000 road=0.0001
[ROMA step 6,494,355,456] sps=121,482  policy_loss=0.0026  value_loss=0.1486  mi_loss=0.0012  mi_valid=0.73  div_loss=-0.1855  kl_loss=0.0000 (disabled)  score=0.937  return=0.852  role_std=8.5533  role_norm=56.4972  enc_delta ego=0.0000 partner=0.0000 road=0.0000
[ROMA step 6,495,141,888] sps=121,473  policy_loss=-0.0008  value_loss=0.1859  mi_loss=0.0012  mi_valid=0.74  div_loss=-0.1797  kl_loss=0.0000 (disabled)  score=0.936  return=0.850  role_std=10.0469  role_norm=55.0720  enc_delta ego=0.0000 partner=0.0000 road=0.0000
[ROMA step 6,495,928,320] sps=121,464  policy_loss=0.0016  value_loss=0.1678  mi_loss=0.0012  mi_valid=0.74  div_loss=-0.1777  kl_loss=0.0000 (disabled)  score=0.936  return=0.848  role_std=10.1668  role_norm=54.3022  enc_delta ego=0.0000 partner=0.0000 road=0.0000
[ROMA step 6,496,714,752] sps=121,455  policy_loss=-0.0017  value_loss=0.2116  mi_loss=0.0012  mi_valid=0.74  div_loss=-0.1777  kl_loss=0.0000 (disabled)  score=0.935  return=0.845  role_std=10.9710  role_norm=53.2724  enc_delta ego=0.0000 partner=0.0000 road=0.0000
[ROMA step 6,497,501,184] sps=121,390  policy_loss=-0.0000  value_loss=0.1729  mi_loss=0.0011  mi_valid=0.73  div_loss=-0.1797  kl_loss=0.0000 (disabled)  score=0.936  return=0.846  role_std=9.2551  role_norm=56.1314  enc_delta ego=0.0000 partner=0.0000 road=0.0000
[ROMA step 6,498,287,616] sps=121,381  policy_loss=0.0076  value_loss=0.1712  mi_loss=0.0011  mi_valid=0.74  div_loss=-0.1807  kl_loss=0.0000 (disabled)  score=0.936  return=0.845  role_std=9.5492  role_norm=55.5608  enc_delta ego=0.0000 partner=0.0000 road=0.0000
[ROMA step 6,499,074,048] sps=121,372  policy_loss=-0.0025  value_loss=0.1800  mi_loss=0.0011  mi_valid=0.74  div_loss=-0.1846  kl_loss=0.0000 (disabled)  score=0.936  return=0.844  role_std=9.4455  role_norm=55.6706  enc_delta ego=0.0000 partner=0.0000 road=0.0000
[ROMA step 6,499,860,480] sps=121,310  policy_loss=-0.0031  value_loss=0.1870  mi_loss=0.0011  mi_valid=0.72  div_loss=-0.1816  kl_loss=0.0000 (disabled)  score=0.936  return=0.843  role_std=9.6367  role_norm=53.1122  enc_delta ego=0.0000 partner=0.0000 road=0.0000
[ROMA step 6,500,646,912] sps=121,299  policy_loss=-0.0053  value_loss=0.0790  mi_loss=0.0011  mi_valid=0.74  div_loss=-0.1729  kl_loss=0.0000 (disabled)  score=0.935  return=0.844  role_std=10.6929  role_norm=53.3853  enc_delta ego=0.0000 partner=0.0000 road=0.0000
[ROMA] Saved -> /scratch/e452103/checkpoints/roma_mifutagent_dim1_H8_r16p64_ft_pc40_cb1_lr_half_nodiv/roma_dim1_step6500646912.pt
[ROMA] Training complete. Saved -> /scratch/e452103/checkpoints/roma_mifutagent_dim1_H8_r16p64_ft_pc40_cb1_lr_half_nodiv/roma_dim1_final.pt
[mifut] done -> /scratch/e452103/checkpoints/roma_mifutagent_dim1_H8_r16p64_ft_pc40_cb1_lr_half_nodiv
