[mifut] FINE-TUNE seed: /scratch/e452103/checkpoints/roma_mifutagent_dim1_H8_r16p64_paperrew_nodiv/roma_dim1_step3000238080.pt (step 3000238080 -> 4000238080)
[mifut] role_dim=1  H=8  maps=10000  total_steps=4000238080
[mifut] role view: road=16 partner=64  mi_target=ego_partner
[mifut] FiLM conditioning: off
[mifut] compliance=2.5 perturb_frac=0.15 alpha=2.0
[mifut] compliance_perturbed_only=1 mi_exclude_perturbed=1
[mifut] freeze_role_encoder=0 init_from=/scratch/e452103/checkpoints/roma_mifutagent_dim1_H8_r16p64_paperrew_nodiv/roma_dim1_step3000238080.pt
[mifut] env overrides: --collision_behavior 0 --reward_vehicle_collision -1.0 --reward_offroad_collision -1.0
[mifut] div_weight=0  mi_weight=1.0  wandb_name=roma_mifutagent_dim1_ft_paperrew_pc_nodiv
[mifut] code=/home/e452103/roma_film  save=/scratch/e452103/checkpoints/roma_mifutagent_dim1_H8_r16p64_ft_paperrew_pc_nodiv
[mifut] branch=mi-future-agentcentric-film commit=c44e3b5
[ROMA] Device        : cuda
[ROMA] AMP (bf16)    : enabled
[ROMA] role_dim      : 1
[ROMA] num_maps      : 10000
[ROMA] num_agents    : 3072
[ROMA] total_steps   : 4,000,238,080
[ROMA] mi_weight     : 1.0
[ROMA] div_weight    : 0.0
[ROMA] mi_target     : ego_partner
[ROMA] role view     : road=16 partner=64 (policy GRU always sees the full 128)
[ROMA] mi_horizon    : 8 (future MI: z_t predicts emb t+1..t+8)
[ROMA] wandb initialized: https://wandb.ai/s-rahmani-tu-delft/roma-pufferdrive/runs/hbivwe3g
[ROMA] env override: collision_behavior = 0 -> 0
[ROMA] env override: reward_vehicle_collision = -0.5 -> -1.0
[ROMA] env override: reward_offroad_collision = -0.5 -> -1.0
[ROMA] obs_dim       : 1121 (auto-detected)
[ROMA] Resumed policy + aux critics from /scratch/e452103/checkpoints/roma_mifutagent_dim1_H8_r16p64_paperrew_nodiv/roma_dim1_step3000238080.pt @ step 3,000,238,080 (fresh Adam)
[ROMA] CSV log       : /scratch/e452103/checkpoints/roma_mifutagent_dim1_H8_r16p64_ft_paperrew_pc_nodiv/training_log.csv
[ROMA] Training for 4,000,238,080 steps ...
[ROMA step 3,001,024,512] sps=193,313,633  policy_loss=-0.0073  value_loss=0.0596  mi_loss=0.0005  mi_valid=0.74  div_loss=-0.4277  kl_loss=0.0000 (disabled)  score=0.963  return=0.958  role_std=1.4274  role_norm=3.5366  enc_delta ego=0.0022 partner=0.0026 road=0.0032
[ROMA step 3,001,810,944] sps=117,623,703  policy_loss=-0.0009  value_loss=0.1869  mi_loss=0.0006  mi_valid=0.73  div_loss=-0.4004  kl_loss=0.0000 (disabled)  score=0.956  return=0.911  role_std=1.4502  role_norm=3.6294  enc_delta ego=0.0036 partner=0.0029 road=0.0040
[ROMA step 3,002,597,376] sps=84,516,314  policy_loss=-0.0033  value_loss=0.1110  mi_loss=0.0006  mi_valid=0.73  div_loss=-0.3926  kl_loss=0.0000 (disabled)  score=0.952  return=0.896  role_std=1.5039  role_norm=3.7752  enc_delta ego=0.0027 partner=0.0021 road=0.0027
[ROMA step 3,003,383,808] sps=44,919,336  policy_loss=-0.0036  value_loss=0.1301  mi_loss=0.0006  mi_valid=0.72  div_loss=-0.3906  kl_loss=0.0000 (disabled)  score=0.950  return=0.891  role_std=1.6266  role_norm=3.7433  enc_delta ego=0.0018 partner=0.0023 road=0.0029
[ROMA step 3,004,170,240] sps=39,147,844  policy_loss=-0.0001  value_loss=0.1187  mi_loss=0.0005  mi_valid=0.73  div_loss=-0.3711  kl_loss=0.0000 (disabled)  score=0.951  return=0.891  role_std=1.6872  role_norm=3.8448  enc_delta ego=0.0020 partner=0.0020 road=0.0033
[ROMA step 3,004,956,672] sps=34,668,435  policy_loss=-0.0053  value_loss=0.0820  mi_loss=0.0005  mi_valid=0.74  div_loss=-0.3809  kl_loss=0.0000 (disabled)  score=0.950  return=0.890  role_std=1.4458  role_norm=4.2474  enc_delta ego=0.0019 partner=0.0017 road=0.0033
[ROMA step 3,005,743,104] sps=31,110,004  policy_loss=-0.0050  value_loss=0.1135  mi_loss=0.0005  mi_valid=0.74  div_loss=-0.3691  kl_loss=0.0000 (disabled)  score=0.948  return=0.888  role_std=1.4829  role_norm=4.3149  enc_delta ego=0.0021 partner=0.0021 road=0.0024
[ROMA step 3,006,529,536] sps=23,202,079  policy_loss=0.0033  value_loss=0.1104  mi_loss=0.0006  mi_valid=0.72  div_loss=-0.3594  kl_loss=0.0000 (disabled)  score=0.946  return=0.885  role_std=1.4991  role_norm=4.3657  enc_delta ego=0.0020 partner=0.0024 road=0.0034
[ROMA step 3,007,315,968] sps=21,553,835  policy_loss=0.0002  value_loss=0.0898  mi_loss=0.0005  mi_valid=0.74  div_loss=-0.3496  kl_loss=0.0000 (disabled)  score=0.946  return=0.885  role_std=1.6536  role_norm=4.4988  enc_delta ego=0.0023 partner=0.0026 road=0.0027
[ROMA step 3,008,102,400] sps=20,117,624  policy_loss=0.0013  value_loss=0.0778  mi_loss=0.0005  mi_valid=0.74  div_loss=-0.3457  kl_loss=0.0000 (disabled)  score=0.945  return=0.884  role_std=1.7106  role_norm=4.4978  enc_delta ego=0.0021 partner=0.0024 road=0.0024
[ROMA step 3,008,888,832] sps=16,573,067  policy_loss=-0.0019  value_loss=0.0815  mi_loss=0.0005  mi_valid=0.73  div_loss=-0.3340  kl_loss=0.0000 (disabled)  score=0.945  return=0.885  role_std=1.4938  role_norm=4.8863  enc_delta ego=0.0018 partner=0.0024 road=0.0024
[ROMA step 3,009,675,264] sps=15,727,204  policy_loss=-0.0007  value_loss=0.0797  mi_loss=0.0005  mi_valid=0.74  div_loss=-0.3340  kl_loss=0.0000 (disabled)  score=0.944  return=0.886  role_std=1.6333  role_norm=4.9761  enc_delta ego=0.0015 partner=0.0027 road=0.0037
[ROMA step 3,010,461,696] sps=14,963,249  policy_loss=-0.0046  value_loss=0.0762  mi_loss=0.0006  mi_valid=0.73  div_loss=-0.3379  kl_loss=0.0000 (disabled)  score=0.943  return=0.885  role_std=1.5792  role_norm=4.9895  enc_delta ego=0.0014 partner=0.0018 road=0.0022
[ROMA step 3,011,248,128] sps=14,269,426  policy_loss=-0.0029  value_loss=0.0717  mi_loss=0.0006  mi_valid=0.73  div_loss=-0.3281  kl_loss=0.0000 (disabled)  score=0.943  return=0.886  role_std=1.6420  role_norm=4.9729  enc_delta ego=0.0013 partner=0.0021 road=0.0023
[ROMA step 3,012,034,560] sps=12,528,457  policy_loss=-0.0098  value_loss=0.0930  mi_loss=0.0005  mi_valid=0.72  div_loss=-0.3223  kl_loss=0.0000 (disabled)  score=0.942  return=0.884  role_std=1.6844  role_norm=4.8974  enc_delta ego=0.0021 partner=0.0020 road=0.0029
[ROMA step 3,012,820,992] sps=12,041,274  policy_loss=0.0068  value_loss=0.1034  mi_loss=0.0005  mi_valid=0.74  div_loss=-0.3145  kl_loss=0.0000 (disabled)  score=0.941  return=0.883  role_std=1.7874  role_norm=4.8834  enc_delta ego=0.0019 partner=0.0017 road=0.0021
[ROMA step 3,013,607,424] sps=11,586,805  policy_loss=-0.0020  value_loss=0.0752  mi_loss=0.0005  mi_valid=0.74  div_loss=-0.3105  kl_loss=0.0000 (disabled)  score=0.941  return=0.883  role_std=1.5742  role_norm=5.2802  enc_delta ego=0.0017 partner=0.0021 road=0.0024
[ROMA step 3,014,393,856] sps=10,454,662  policy_loss=-0.0001  value_loss=0.0834  mi_loss=0.0005  mi_valid=0.72  div_loss=-0.3125  kl_loss=0.0000 (disabled)  score=0.942  return=0.885  role_std=1.4735  role_norm=5.3910  enc_delta ego=0.0018 partner=0.0015 road=0.0019
[ROMA step 3,015,180,288] sps=10,113,255  policy_loss=-0.0003  value_loss=0.0955  mi_loss=0.0006  mi_valid=0.73  div_loss=-0.3047  kl_loss=0.0000 (disabled)  score=0.942  return=0.885  role_std=1.5466  role_norm=5.1804  enc_delta ego=0.0028 partner=0.0024 road=0.0031
[ROMA step 3,015,966,720] sps=9,778,887  policy_loss=0.0019  value_loss=0.0787  mi_loss=0.0006  mi_valid=0.73  div_loss=-0.2988  kl_loss=0.0000 (disabled)  score=0.942  return=0.886  role_std=1.5916  role_norm=5.2016  enc_delta ego=0.0020 partner=0.0019 road=0.0023
[ROMA step 3,016,753,152] sps=9,474,469  policy_loss=-0.0029  value_loss=0.0777  mi_loss=0.0006  mi_valid=0.73  div_loss=-0.3066  kl_loss=0.0000 (disabled)  score=0.941  return=0.885  role_std=1.6463  role_norm=5.1961  enc_delta ego=0.0018 partner=0.0018 road=0.0027
[ROMA step 3,017,539,584] sps=8,597,262  policy_loss=-0.0036  value_loss=0.0743  mi_loss=0.0006  mi_valid=0.73  div_loss=-0.2969  kl_loss=0.0000 (disabled)  score=0.941  return=0.885  role_std=1.3850  role_norm=5.3658  enc_delta ego=0.0016 partner=0.0018 road=0.0027
[ROMA step 3,018,326,016] sps=8,366,123  policy_loss=0.0046  value_loss=0.0473  mi_loss=0.0006  mi_valid=0.74  div_loss=-0.2852  kl_loss=0.0000 (disabled)  score=0.941  return=0.886  role_std=1.4872  role_norm=5.3235  enc_delta ego=0.0015 partner=0.0018 road=0.0021
[ROMA step 3,019,112,448] sps=8,143,688  policy_loss=-0.0013  value_loss=0.0418  mi_loss=0.0006  mi_valid=0.74  div_loss=-0.2910  kl_loss=0.0000 (disabled)  score=0.941  return=0.888  role_std=1.4839  role_norm=5.3797  enc_delta ego=0.0012 partner=0.0013 road=0.0017
[ROMA step 3,019,898,880] sps=7,544,162  policy_loss=-0.0063  value_loss=0.0575  mi_loss=0.0006  mi_valid=0.72  div_loss=-0.2930  kl_loss=0.0000 (disabled)  score=0.941  return=0.889  role_std=1.5567  role_norm=5.3286  enc_delta ego=0.0017 partner=0.0017 road=0.0018
[ROMA step 3,020,685,312] sps=7,364,897  policy_loss=-0.0053  value_loss=0.0727  mi_loss=0.0006  mi_valid=0.73  div_loss=-0.3008  kl_loss=0.0000 (disabled)  score=0.941  return=0.891  role_std=1.8229  role_norm=5.4259  enc_delta ego=0.0025 partner=0.0016 road=0.0022
[ROMA step 3,021,471,744] sps=7,193,935  policy_loss=-0.0000  value_loss=0.0613  mi_loss=0.0006  mi_valid=0.74  div_loss=-0.2969  kl_loss=0.0000 (disabled)  score=0.941  return=0.892  role_std=1.7578  role_norm=5.3375  enc_delta ego=0.0016 partner=0.0017 road=0.0022
[ROMA step 3,022,258,176] sps=7,031,590  policy_loss=-0.0037  value_loss=0.0599  mi_loss=0.0006  mi_valid=0.74  div_loss=-0.2949  kl_loss=0.0000 (disabled)  score=0.941  return=0.893  role_std=1.5519  role_norm=5.5788  enc_delta ego=0.0029 partner=0.0019 road=0.0027
[ROMA step 3,023,044,608] sps=6,600,732  policy_loss=-0.0004  value_loss=0.0827  mi_loss=0.0006  mi_valid=0.71  div_loss=-0.3027  kl_loss=0.0000 (disabled)  score=0.942  return=0.894  role_std=1.5938  role_norm=5.6252  enc_delta ego=0.0015 partner=0.0018 road=0.0025
[ROMA step 3,023,831,040] sps=6,460,570  policy_loss=0.0016  value_loss=0.0655  mi_loss=0.0006  mi_valid=0.73  div_loss=-0.2891  kl_loss=0.0000 (disabled)  score=0.942  return=0.893  role_std=1.6539  role_norm=5.5253  enc_delta ego=0.0016 partner=0.0020 road=0.0020
[ROMA step 3,024,617,472] sps=6,326,741  policy_loss=-0.0017  value_loss=0.0677  mi_loss=0.0006  mi_valid=0.73  div_loss=-0.2891  kl_loss=0.0000 (disabled)  score=0.942  return=0.896  role_std=1.6716  role_norm=5.5142  enc_delta ego=0.0015 partner=0.0019 road=0.0023
[ROMA step 3,025,403,904] sps=5,953,851  policy_loss=-0.0004  value_loss=0.0636  mi_loss=0.0006  mi_valid=0.73  div_loss=-0.2930  kl_loss=0.0000 (disabled)  score=0.942  return=0.898  role_std=1.9588  role_norm=5.2888  enc_delta ego=0.0015 partner=0.0014 road=0.0020
[ROMA step 3,026,190,336] sps=5,841,153  policy_loss=0.0031  value_loss=0.0523  mi_loss=0.0006  mi_valid=0.75  div_loss=-0.2832  kl_loss=0.0000 (disabled)  score=0.942  return=0.899  role_std=1.4999  role_norm=5.5668  enc_delta ego=0.0015 partner=0.0014 road=0.0019
[ROMA step 3,026,976,768] sps=5,731,986  policy_loss=0.0008  value_loss=0.0512  mi_loss=0.0006  mi_valid=0.74  div_loss=-0.2852  kl_loss=0.0000 (disabled)  score=0.942  return=0.901  role_std=1.4955  role_norm=5.5725  enc_delta ego=0.0016 partner=0.0016 road=0.0019
[ROMA step 3,027,763,200] sps=5,626,154  policy_loss=-0.0017  value_loss=0.0437  mi_loss=0.0006  mi_valid=0.74  div_loss=-0.2930  kl_loss=0.0000 (disabled)  score=0.942  return=0.903  role_std=1.5042  role_norm=5.6053  enc_delta ego=0.0013 partner=0.0012 road=0.0017
[ROMA step 3,028,549,632] sps=5,342,373  policy_loss=0.0037  value_loss=0.0632  mi_loss=0.0006  mi_valid=0.72  div_loss=-0.3008  kl_loss=0.0000 (disabled)  score=0.942  return=0.904  role_std=1.7350  role_norm=5.6265  enc_delta ego=0.0015 partner=0.0017 road=0.0017
[ROMA step 3,029,336,064] sps=5,251,725  policy_loss=-0.0014  value_loss=0.0546  mi_loss=0.0006  mi_valid=0.73  div_loss=-0.3027  kl_loss=0.0000 (disabled)  score=0.942  return=0.907  role_std=1.7298  role_norm=5.5346  enc_delta ego=0.0015 partner=0.0020 road=0.0023
[ROMA step 3,030,122,496] sps=5,165,116  policy_loss=0.0015  value_loss=0.0650  mi_loss=0.0006  mi_valid=0.73  div_loss=-0.3008  kl_loss=0.0000 (disabled)  score=0.943  return=0.909  role_std=1.6532  role_norm=5.8327  enc_delta ego=0.0014 partner=0.0020 road=0.0025
[ROMA step 3,030,908,928] sps=5,078,191  policy_loss=-0.0016  value_loss=0.0606  mi_loss=0.0006  mi_valid=0.73  div_loss=-0.2930  kl_loss=0.0000 (disabled)  score=0.944  return=0.911  role_std=1.6305  role_norm=5.7757  enc_delta ego=0.0020 partner=0.0019 road=0.0023
[ROMA step 3,031,695,360] sps=4,848,909  policy_loss=-0.0052  value_loss=0.0787  mi_loss=0.0006  mi_valid=0.72  div_loss=-0.3027  kl_loss=0.0000 (disabled)  score=0.945  return=0.913  role_std=1.5272  role_norm=5.7327  enc_delta ego=0.0019 partner=0.0023 road=0.0029
[ROMA step 3,032,481,792] sps=4,771,287  policy_loss=0.0084  value_loss=0.0779  mi_loss=0.0006  mi_valid=0.73  div_loss=-0.2949  kl_loss=0.0000 (disabled)  score=0.945  return=0.915  role_std=1.6724  role_norm=5.7037  enc_delta ego=0.0018 partner=0.0022 road=0.0025
[ROMA step 3,033,268,224] sps=4,697,710  policy_loss=0.0007  value_loss=0.0633  mi_loss=0.0006  mi_valid=0.73  div_loss=-0.2949  kl_loss=0.0000 (disabled)  score=0.946  return=0.916  role_std=1.7309  role_norm=5.7588  enc_delta ego=0.0016 partner=0.0017 road=0.0020
[ROMA step 3,034,054,656] sps=4,476,164  policy_loss=-0.0014  value_loss=0.0641  mi_loss=0.0006  mi_valid=0.72  div_loss=-0.2969  kl_loss=0.0000 (disabled)  score=0.946  return=0.918  role_std=1.5331  role_norm=5.9335  enc_delta ego=0.0017 partner=0.0019 road=0.0021
[ROMA step 3,034,841,088] sps=4,410,348  policy_loss=-0.0031  value_loss=0.0557  mi_loss=0.0006  mi_valid=0.75  div_loss=-0.2910  kl_loss=0.0000 (disabled)  score=0.946  return=0.920  role_std=1.5823  role_norm=5.9188  enc_delta ego=0.0015 partner=0.0018 road=0.0026
[ROMA step 3,035,627,520] sps=4,348,544  policy_loss=-0.0011  value_loss=0.0515  mi_loss=0.0006  mi_valid=0.74  div_loss=-0.2949  kl_loss=0.0000 (disabled)  score=0.947  return=0.922  role_std=1.6028  role_norm=5.8359  enc_delta ego=0.0013 partner=0.0016 road=0.0019
[ROMA step 3,036,413,952] sps=4,286,988  policy_loss=0.0036  value_loss=0.0444  mi_loss=0.0006  mi_valid=0.74  div_loss=-0.2891  kl_loss=0.0000 (disabled)  score=0.947  return=0.924  role_std=1.6525  role_norm=5.7970  enc_delta ego=0.0012 partner=0.0014 road=0.0021
[ROMA step 3,037,200,384] sps=4,112,070  policy_loss=-0.0067  value_loss=0.0674  mi_loss=0.0007  mi_valid=0.72  div_loss=-0.3008  kl_loss=0.0000 (disabled)  score=0.948  return=0.926  role_std=1.7894  role_norm=5.6918  enc_delta ego=0.0024 partner=0.0016 road=0.0026
[ROMA step 3,037,986,816] sps=4,057,323  policy_loss=0.0046  value_loss=0.0719  mi_loss=0.0007  mi_valid=0.73  div_loss=-0.2891  kl_loss=0.0000 (disabled)  score=0.948  return=0.926  role_std=1.9126  role_norm=5.6553  enc_delta ego=0.0019 partner=0.0016 road=0.0025
[ROMA step 3,038,773,248] sps=4,005,229  policy_loss=0.0010  value_loss=0.0479  mi_loss=0.0007  mi_valid=0.74  div_loss=-0.2969  kl_loss=0.0000 (disabled)  score=0.948  return=0.928  role_std=1.6528  role_norm=5.9056  enc_delta ego=0.0016 partner=0.0015 road=0.0020
[ROMA step 3,039,559,680] sps=3,850,030  policy_loss=-0.0052  value_loss=0.0576  mi_loss=0.0007  mi_valid=0.72  div_loss=-0.3027  kl_loss=0.0000 (disabled)  score=0.949  return=0.929  role_std=1.6173  role_norm=6.0200  enc_delta ego=0.0021 partner=0.0016 road=0.0020
[ROMA step 3,040,346,112] sps=3,802,646  policy_loss=-0.0023  value_loss=0.0773  mi_loss=0.0006  mi_valid=0.73  div_loss=-0.3086  kl_loss=0.0000 (disabled)  score=0.949  return=0.930  role_std=1.6955  role_norm=5.9097  enc_delta ego=0.0024 partner=0.0020 road=0.0026
[ROMA step 3,041,132,544] sps=3,756,566  policy_loss=-0.0064  value_loss=0.0538  mi_loss=0.0006  mi_valid=0.72  div_loss=-0.2988  kl_loss=0.0000 (disabled)  score=0.950  return=0.931  role_std=1.8054  role_norm=5.9133  enc_delta ego=0.0015 partner=0.0022 road=0.0021
[ROMA step 3,041,918,976] sps=3,709,964  policy_loss=-0.0048  value_loss=0.0427  mi_loss=0.0006  mi_valid=0.72  div_loss=-0.3047  kl_loss=0.0000 (disabled)  score=0.951  return=0.933  role_std=1.8533  role_norm=5.9404  enc_delta ego=0.0013 partner=0.0017 road=0.0018
[ROMA step 3,042,705,408] sps=3,579,484  policy_loss=0.0049  value_loss=0.0733  mi_loss=0.0006  mi_valid=0.72  div_loss=-0.3086  kl_loss=0.0000 (disabled)  score=0.951  return=0.934  role_std=1.7195  role_norm=6.0799  enc_delta ego=0.0018 partner=0.0023 road=0.0024
[ROMA step 3,043,491,840] sps=3,538,940  policy_loss=0.0019  value_loss=0.0859  mi_loss=0.0006  mi_valid=0.73  div_loss=-0.3184  kl_loss=0.0000 (disabled)  score=0.951  return=0.933  role_std=1.7420  role_norm=6.0484  enc_delta ego=0.0016 partner=0.0018 road=0.0020
[ROMA step 3,044,278,272] sps=3,499,699  policy_loss=0.0047  value_loss=0.0749  mi_loss=0.0006  mi_valid=0.73  div_loss=-0.3125  kl_loss=0.0000 (disabled)  score=0.952  return=0.933  role_std=1.8396  role_norm=5.8640  enc_delta ego=0.0026 partner=0.0021 road=0.0027
[ROMA step 3,045,064,704] sps=3,381,923  policy_loss=-0.0028  value_loss=0.0730  mi_loss=0.0007  mi_valid=0.71  div_loss=-0.3105  kl_loss=0.0000 (disabled)  score=0.952  return=0.934  role_std=1.8368  role_norm=5.6795  enc_delta ego=0.0018 partner=0.0017 road=0.0020
[ROMA step 3,045,851,136] sps=3,346,788  policy_loss=0.0014  value_loss=0.0663  mi_loss=0.0007  mi_valid=0.73  div_loss=-0.3125  kl_loss=0.0000 (disabled)  score=0.952  return=0.935  role_std=1.9467  role_norm=5.7695  enc_delta ego=0.0017 partner=0.0017 road=0.0025
[ROMA step 3,046,637,568] sps=3,312,169  policy_loss=0.0067  value_loss=0.0689  mi_loss=0.0007  mi_valid=0.74  div_loss=-0.3105  kl_loss=0.0000 (disabled)  score=0.952  return=0.934  role_std=1.9546  role_norm=5.8309  enc_delta ego=0.0017 partner=0.0015 road=0.0020
[ROMA step 3,047,424,000] sps=3,278,112  policy_loss=-0.0040  value_loss=0.0910  mi_loss=0.0007  mi_valid=0.74  div_loss=-0.3125  kl_loss=0.0000 (disabled)  score=0.952  return=0.933  role_std=1.7684  role_norm=6.2246  enc_delta ego=0.0019 partner=0.0015 road=0.0026
[ROMA step 3,048,210,432] sps=3,177,346  policy_loss=-0.0013  value_loss=0.0887  mi_loss=0.0007  mi_valid=0.72  div_loss=-0.3145  kl_loss=0.0000 (disabled)  score=0.952  return=0.933  role_std=1.8588  role_norm=6.3493  enc_delta ego=0.0022 partner=0.0017 road=0.0030
[ROMA step 3,048,996,864] sps=3,146,164  policy_loss=0.0010  value_loss=0.1030  mi_loss=0.0007  mi_valid=0.73  div_loss=-0.3008  kl_loss=0.0000 (disabled)  score=0.952  return=0.931  role_std=1.8847  role_norm=6.3128  enc_delta ego=0.0030 partner=0.0026 road=0.0035
[ROMA step 3,049,783,296] sps=3,115,313  policy_loss=0.0016  value_loss=0.0924  mi_loss=0.0007  mi_valid=0.73  div_loss=-0.3086  kl_loss=0.0000 (disabled)  score=0.952  return=0.929  role_std=1.9216  role_norm=6.3427  enc_delta ego=0.0025 partner=0.0025 road=0.0032
[ROMA step 3,050,569,728] sps=3,006,370  policy_loss=0.0036  value_loss=0.0826  mi_loss=0.0007  mi_valid=0.72  div_loss=-0.3105  kl_loss=0.0000 (disabled)  score=0.952  return=0.927  role_std=2.2554  role_norm=5.9347  enc_delta ego=0.0021 partner=0.0018 road=0.0029
[ROMA step 3,051,356,160] sps=2,978,156  policy_loss=0.0017  value_loss=0.0821  mi_loss=0.0006  mi_valid=0.75  div_loss=-0.2969  kl_loss=0.0000 (disabled)  score=0.952  return=0.927  role_std=1.9191  role_norm=6.5669  enc_delta ego=0.0020 partner=0.0019 road=0.0022
[ROMA step 3,052,142,592] sps=2,950,290  policy_loss=0.0009  value_loss=0.0751  mi_loss=0.0006  mi_valid=0.73  div_loss=-0.2988  kl_loss=0.0000 (disabled)  score=0.952  return=0.926  role_std=1.9325  role_norm=6.6048  enc_delta ego=0.0015 partner=0.0018 road=0.0023
[ROMA step 3,052,929,024] sps=2,923,043  policy_loss=-0.0049  value_loss=0.0603  mi_loss=0.0006  mi_valid=0.73  div_loss=-0.2930  kl_loss=0.0000 (disabled)  score=0.952  return=0.925  role_std=1.9269  role_norm=6.5780  enc_delta ego=0.0018 partner=0.0016 road=0.0021
[ROMA step 3,053,715,456] sps=2,837,665  policy_loss=0.0003  value_loss=0.0689  mi_loss=0.0006  mi_valid=0.72  div_loss=-0.3008  kl_loss=0.0000 (disabled)  score=0.952  return=0.924  role_std=1.9969  role_norm=6.4649  enc_delta ego=0.0018 partner=0.0015 road=0.0023
[ROMA step 3,054,501,888] sps=2,812,234  policy_loss=-0.0013  value_loss=0.0621  mi_loss=0.0006  mi_valid=0.73  div_loss=-0.2930  kl_loss=0.0000 (disabled)  score=0.952  return=0.924  role_std=1.9863  role_norm=6.3681  enc_delta ego=0.0013 partner=0.0022 road=0.0022
[ROMA step 3,055,288,320] sps=2,787,527  policy_loss=-0.0006  value_loss=0.0718  mi_loss=0.0006  mi_valid=0.73  div_loss=-0.2930  kl_loss=0.0000 (disabled)  score=0.952  return=0.924  role_std=1.9283  role_norm=6.6266  enc_delta ego=0.0019 partner=0.0016 road=0.0023
[ROMA step 3,056,074,752] sps=2,763,405  policy_loss=0.0006  value_loss=0.0707  mi_loss=0.0006  mi_valid=0.74  div_loss=-0.3008  kl_loss=0.0000 (disabled)  score=0.952  return=0.922  role_std=1.8349  role_norm=6.7016  enc_delta ego=0.0020 partner=0.0015 road=0.0026
[ROMA step 3,056,861,184] sps=2,699,060  policy_loss=-0.0024  value_loss=0.0668  mi_loss=0.0007  mi_valid=0.71  div_loss=-0.2930  kl_loss=0.0000 (disabled)  score=0.952  return=0.923  role_std=1.9157  role_norm=6.7301  enc_delta ego=0.0020 partner=0.0016 road=0.0028
[ROMA step 3,057,647,616] sps=2,676,819  policy_loss=0.0050  value_loss=0.0804  mi_loss=0.0006  mi_valid=0.73  div_loss=-0.2832  kl_loss=0.0000 (disabled)  score=0.952  return=0.923  role_std=1.9745  role_norm=6.7781  enc_delta ego=0.0019 partner=0.0020 road=0.0026
[ROMA step 3,058,434,048] sps=2,654,954  policy_loss=-0.0020  value_loss=0.0483  mi_loss=0.0006  mi_valid=0.73  div_loss=-0.2871  kl_loss=0.0000 (disabled)  score=0.952  return=0.922  role_std=1.9841  role_norm=6.6758  enc_delta ego=0.0012 partner=0.0011 road=0.0018
[ROMA step 3,059,220,480] sps=2,594,780  policy_loss=-0.0051  value_loss=0.0613  mi_loss=0.0006  mi_valid=0.73  div_loss=-0.3027  kl_loss=0.0000 (disabled)  score=0.951  return=0.922  role_std=1.8026  role_norm=6.6404  enc_delta ego=0.0024 partner=0.0022 road=0.0035
[ROMA step 3,060,006,912] sps=2,574,191  policy_loss=0.0073  value_loss=0.1037  mi_loss=0.0006  mi_valid=0.75  div_loss=-0.3164  kl_loss=0.0000 (disabled)  score=0.950  return=0.920  role_std=1.8535  role_norm=6.5700  enc_delta ego=0.0029 partner=0.0030 road=0.0031
[ROMA step 3,060,793,344] sps=2,554,001  policy_loss=-0.0028  value_loss=0.0820  mi_loss=0.0006  mi_valid=0.74  div_loss=-0.3125  kl_loss=0.0000 (disabled)  score=0.950  return=0.917  role_std=1.9078  role_norm=6.5619  enc_delta ego=0.0020 partner=0.0026 road=0.0029
[ROMA step 3,061,579,776] sps=2,534,085  policy_loss=0.0024  value_loss=0.0663  mi_loss=0.0006  mi_valid=0.74  div_loss=-0.3184  kl_loss=0.0000 (disabled)  score=0.948  return=0.913  role_std=1.9238  role_norm=6.5475  enc_delta ego=0.0017 partner=0.0026 road=0.0030
[ROMA step 3,062,366,208] sps=2,472,251  policy_loss=-0.0026  value_loss=0.0721  mi_loss=0.0006  mi_valid=0.72  div_loss=-0.3066  kl_loss=0.0000 (disabled)  score=0.947  return=0.912  role_std=2.1383  role_norm=6.5645  enc_delta ego=0.0017 partner=0.0016 road=0.0026
[ROMA step 3,063,152,640] sps=2,453,338  policy_loss=0.0000  value_loss=0.0828  mi_loss=0.0006  mi_valid=0.73  div_loss=-0.3027  kl_loss=0.0000 (disabled)  score=0.946  return=0.909  role_std=2.1476  role_norm=6.6707  enc_delta ego=0.0017 partner=0.0018 road=0.0023
[ROMA step 3,063,939,072] sps=2,434,772  policy_loss=0.0025  value_loss=0.0620  mi_loss=0.0006  mi_valid=0.74  div_loss=-0.3027  kl_loss=0.0000 (disabled)  score=0.946  return=0.909  role_std=1.9051  role_norm=6.9079  enc_delta ego=0.0015 partner=0.0018 road=0.0021
[ROMA step 3,064,725,504] sps=2,380,944  policy_loss=-0.0069  value_loss=0.0857  mi_loss=0.0007  mi_valid=0.72  div_loss=-0.3027  kl_loss=0.0000 (disabled)  score=0.945  return=0.908  role_std=2.0667  role_norm=6.9662  enc_delta ego=0.0018 partner=0.0019 road=0.0024
[ROMA step 3,065,511,936] sps=2,363,405  policy_loss=0.0017  value_loss=0.0787  mi_loss=0.0007  mi_valid=0.73  div_loss=-0.3086  kl_loss=0.0000 (disabled)  score=0.945  return=0.908  role_std=2.1090  role_norm=6.8263  enc_delta ego=0.0021 partner=0.0021 road=0.0030
[ROMA step 3,066,298,368] sps=2,345,777  policy_loss=-0.0031  value_loss=0.0658  mi_loss=0.0007  mi_valid=0.73  div_loss=-0.3086  kl_loss=0.0000 (disabled)  score=0.945  return=0.906  role_std=2.0814  role_norm=6.7281  enc_delta ego=0.0014 partner=0.0018 road=0.0021
[ROMA step 3,067,084,800] sps=2,328,547  policy_loss=-0.0083  value_loss=0.0504  mi_loss=0.0006  mi_valid=0.73  div_loss=-0.3027  kl_loss=0.0000 (disabled)  score=0.944  return=0.906  role_std=2.1844  role_norm=6.6757  enc_delta ego=0.0014 partner=0.0017 road=0.0018
[ROMA step 3,067,871,232] sps=2,275,067  policy_loss=-0.0008  value_loss=0.1046  mi_loss=0.0006  mi_valid=0.72  div_loss=-0.2969  kl_loss=0.0000 (disabled)  score=0.944  return=0.905  role_std=1.9767  role_norm=7.0810  enc_delta ego=0.0024 partner=0.0019 road=0.0032
[ROMA step 3,068,657,664] sps=2,258,934  policy_loss=-0.0008  value_loss=0.0685  mi_loss=0.0006  mi_valid=0.72  div_loss=-0.2930  kl_loss=0.0000 (disabled)  score=0.944  return=0.906  role_std=2.0015  role_norm=7.0938  enc_delta ego=0.0017 partner=0.0019 road=0.0027
[ROMA step 3,069,444,096] sps=2,243,317  policy_loss=0.0005  value_loss=0.0537  mi_loss=0.0006  mi_valid=0.72  div_loss=-0.2930  kl_loss=0.0000 (disabled)  score=0.944  return=0.907  role_std=2.0701  role_norm=7.1912  enc_delta ego=0.0015 partner=0.0015 road=0.0021
[ROMA step 3,070,230,528] sps=2,201,032  policy_loss=-0.0045  value_loss=0.0773  mi_loss=0.0007  mi_valid=0.70  div_loss=-0.2988  kl_loss=0.0000 (disabled)  score=0.944  return=0.909  role_std=1.9557  role_norm=6.9118  enc_delta ego=0.0019 partner=0.0019 road=0.0024
[ROMA step 3,071,016,960] sps=2,185,584  policy_loss=-0.0025  value_loss=0.0791  mi_loss=0.0007  mi_valid=0.73  div_loss=-0.2969  kl_loss=0.0000 (disabled)  score=0.945  return=0.909  role_std=2.1292  role_norm=7.0399  enc_delta ego=0.0019 partner=0.0022 road=0.0026
[ROMA step 3,071,803,392] sps=2,170,671  policy_loss=0.0046  value_loss=0.0927  mi_loss=0.0006  mi_valid=0.73  div_loss=-0.2969  kl_loss=0.0000 (disabled)  score=0.944  return=0.909  role_std=2.2069  role_norm=6.9466  enc_delta ego=0.0017 partner=0.0021 road=0.0021
[ROMA step 3,072,589,824] sps=2,156,238  policy_loss=-0.0049  value_loss=0.0900  mi_loss=0.0006  mi_valid=0.74  div_loss=-0.3105  kl_loss=0.0000 (disabled)  score=0.944  return=0.909  role_std=2.0746  role_norm=7.1998  enc_delta ego=0.0021 partner=0.0020 road=0.0022
[ROMA step 3,073,376,256] sps=2,114,265  policy_loss=-0.0025  value_loss=0.1017  mi_loss=0.0007  mi_valid=0.72  div_loss=-0.3203  kl_loss=0.0000 (disabled)  score=0.943  return=0.908  role_std=2.1473  role_norm=7.2684  enc_delta ego=0.0019 partner=0.0020 road=0.0028
[ROMA step 3,074,162,688] sps=2,100,497  policy_loss=-0.0100  value_loss=0.0806  mi_loss=0.0007  mi_valid=0.74  div_loss=-0.3027  kl_loss=0.0000 (disabled)  score=0.943  return=0.907  role_std=2.2324  role_norm=7.1362  enc_delta ego=0.0021 partner=0.0021 road=0.0025
[ROMA step 3,074,949,120] sps=2,086,913  policy_loss=-0.0012  value_loss=0.0686  mi_loss=0.0007  mi_valid=0.73  div_loss=-0.3027  kl_loss=0.0000 (disabled)  score=0.943  return=0.906  role_std=2.1248  role_norm=7.0444  enc_delta ego=0.0018 partner=0.0017 road=0.0024
[ROMA step 3,075,735,552] sps=2,048,275  policy_loss=0.0068  value_loss=0.0665  mi_loss=0.0006  mi_valid=0.71  div_loss=-0.3047  kl_loss=0.0000 (disabled)  score=0.943  return=0.906  role_std=2.5819  role_norm=6.7320  enc_delta ego=0.0011 partner=0.0014 road=0.0019
[ROMA step 3,076,521,984] sps=2,035,504  policy_loss=-0.0039  value_loss=0.0625  mi_loss=0.0006  mi_valid=0.75  div_loss=-0.2969  kl_loss=0.0000 (disabled)  score=0.942  return=0.905  role_std=1.9495  role_norm=7.3566  enc_delta ego=0.0014 partner=0.0017 road=0.0022
[ROMA step 3,077,308,416] sps=2,022,945  policy_loss=-0.0062  value_loss=0.0601  mi_loss=0.0006  mi_valid=0.73  div_loss=-0.2930  kl_loss=0.0000 (disabled)  score=0.943  return=0.906  role_std=1.9825  role_norm=7.3705  enc_delta ego=0.0016 partner=0.0017 road=0.0023
[ROMA step 3,078,094,848] sps=2,010,512  policy_loss=-0.0031  value_loss=0.0628  mi_loss=0.0006  mi_valid=0.74  div_loss=-0.2930  kl_loss=0.0000 (disabled)  score=0.943  return=0.907  role_std=2.0100  role_norm=7.4166  enc_delta ego=0.0017 partner=0.0015 road=0.0021
[ROMA step 3,078,881,280] sps=1,973,999  policy_loss=-0.0024  value_loss=0.0715  mi_loss=0.0007  mi_valid=0.71  div_loss=-0.3027  kl_loss=0.0000 (disabled)  score=0.943  return=0.907  role_std=2.2306  role_norm=7.1177  enc_delta ego=0.0015 partner=0.0017 road=0.0020
[ROMA step 3,079,667,712] sps=1,962,229  policy_loss=-0.0025  value_loss=0.0617  mi_loss=0.0007  mi_valid=0.73  div_loss=-0.3066  kl_loss=0.0000 (disabled)  score=0.943  return=0.907  role_std=2.2475  role_norm=7.0936  enc_delta ego=0.0015 partner=0.0019 road=0.0025
[ROMA step 3,080,454,144] sps=1,950,624  policy_loss=-0.0075  value_loss=0.0626  mi_loss=0.0007  mi_valid=0.73  div_loss=-0.2969  kl_loss=0.0000 (disabled)  score=0.943  return=0.906  role_std=2.3376  role_norm=7.1321  enc_delta ego=0.0016 partner=0.0022 road=0.0028
[ROMA step 3,081,240,576] sps=1,939,088  policy_loss=-0.0035  value_loss=0.0803  mi_loss=0.0007  mi_valid=0.73  div_loss=-0.3027  kl_loss=0.0000 (disabled)  score=0.943  return=0.905  role_std=2.1188  role_norm=7.5125  enc_delta ego=0.0017 partner=0.0021 road=0.0022
[ROMA step 3,082,027,008] sps=1,903,700  policy_loss=-0.0047  value_loss=0.0705  mi_loss=0.0007  mi_valid=0.71  div_loss=-0.2969  kl_loss=0.0000 (disabled)  score=0.944  return=0.908  role_std=2.1477  role_norm=7.4327  enc_delta ego=0.0021 partner=0.0022 road=0.0037
[ROMA step 3,082,813,440] sps=1,892,780  policy_loss=0.0002  value_loss=0.0632  mi_loss=0.0006  mi_valid=0.73  div_loss=-0.2910  kl_loss=0.0000 (disabled)  score=0.945  return=0.910  role_std=2.1641  role_norm=7.5510  enc_delta ego=0.0019 partner=0.0018 road=0.0025
[ROMA step 3,083,599,872] sps=1,881,992  policy_loss=-0.0055  value_loss=0.0506  mi_loss=0.0007  mi_valid=0.73  div_loss=-0.2891  kl_loss=0.0000 (disabled)  score=0.947  return=0.914  role_std=2.2290  role_norm=7.3746  enc_delta ego=0.0017 partner=0.0019 road=0.0024
[ROMA step 3,084,386,304] sps=1,850,117  policy_loss=-0.0034  value_loss=0.0667  mi_loss=0.0007  mi_valid=0.72  div_loss=-0.2949  kl_loss=0.0000 (disabled)  score=0.948  return=0.917  role_std=2.3127  role_norm=7.1486  enc_delta ego=0.0019 partner=0.0015 road=0.0021
[ROMA step 3,085,172,736] sps=1,839,864  policy_loss=-0.0052  value_loss=0.0840  mi_loss=0.0007  mi_valid=0.75  div_loss=-0.2949  kl_loss=0.0000 (disabled)  score=0.949  return=0.916  role_std=2.0619  role_norm=7.4984  enc_delta ego=0.0025 partner=0.0019 road=0.0031
[ROMA step 3,085,959,168] sps=1,829,511  policy_loss=-0.0012  value_loss=0.0820  mi_loss=0.0007  mi_valid=0.74  div_loss=-0.2949  kl_loss=0.0000 (disabled)  score=0.949  return=0.915  role_std=1.9661  role_norm=7.4269  enc_delta ego=0.0023 partner=0.0016 road=0.0028
[ROMA step 3,086,745,600] sps=1,819,476  policy_loss=-0.0025  value_loss=0.0621  mi_loss=0.0007  mi_valid=0.74  div_loss=-0.2949  kl_loss=0.0000 (disabled)  score=0.949  return=0.915  role_std=2.0818  role_norm=7.4457  enc_delta ego=0.0023 partner=0.0013 road=0.0024
[ROMA step 3,087,532,032] sps=1,788,931  policy_loss=-0.0011  value_loss=0.0857  mi_loss=0.0007  mi_valid=0.72  div_loss=-0.2969  kl_loss=0.0000 (disabled)  score=0.949  return=0.915  role_std=2.2657  role_norm=7.3967  enc_delta ego=0.0018 partner=0.0022 road=0.0023
[ROMA step 3,088,318,464] sps=1,778,695  policy_loss=0.0078  value_loss=0.0936  mi_loss=0.0007  mi_valid=0.74  div_loss=-0.2852  kl_loss=0.0000 (disabled)  score=0.950  return=0.915  role_std=2.3440  role_norm=7.3905  enc_delta ego=0.0016 partner=0.0019 road=0.0022
[ROMA step 3,089,104,896] sps=1,769,155  policy_loss=-0.0007  value_loss=0.0739  mi_loss=0.0006  mi_valid=0.75  div_loss=-0.2910  kl_loss=0.0000 (disabled)  score=0.950  return=0.915  role_std=2.1386  role_norm=7.6619  enc_delta ego=0.0016 partner=0.0021 road=0.0022
[ROMA step 3,089,891,328] sps=1,740,179  policy_loss=0.0052  value_loss=0.0899  mi_loss=0.0007  mi_valid=0.73  div_loss=-0.3008  kl_loss=0.0000 (disabled)  score=0.949  return=0.914  role_std=2.1457  role_norm=7.6117  enc_delta ego=0.0020 partner=0.0020 road=0.0022
[ROMA step 3,090,677,760] sps=1,731,164  policy_loss=0.0002  value_loss=0.0748  mi_loss=0.0007  mi_valid=0.73  div_loss=-0.3027  kl_loss=0.0000 (disabled)  score=0.950  return=0.913  role_std=2.2729  role_norm=7.6289  enc_delta ego=0.0017 partner=0.0020 road=0.0022
[ROMA step 3,091,464,192] sps=1,722,132  policy_loss=-0.0019  value_loss=0.0678  mi_loss=0.0007  mi_valid=0.73  div_loss=-0.2949  kl_loss=0.0000 (disabled)  score=0.950  return=0.912  role_std=2.3111  role_norm=7.4729  enc_delta ego=0.0015 partner=0.0017 road=0.0025
[ROMA step 3,092,250,624] sps=1,713,154  policy_loss=-0.0069  value_loss=0.0735  mi_loss=0.0007  mi_valid=0.73  div_loss=-0.2930  kl_loss=0.0000 (disabled)  score=0.950  return=0.911  role_std=2.3378  role_norm=7.4726  enc_delta ego=0.0015 partner=0.0017 road=0.0021
[ROMA step 3,093,037,056] sps=1,685,591  policy_loss=-0.0013  value_loss=0.0965  mi_loss=0.0007  mi_valid=0.72  div_loss=-0.2988  kl_loss=0.0000 (disabled)  score=0.950  return=0.912  role_std=2.1493  role_norm=7.6971  enc_delta ego=0.0019 partner=0.0018 road=0.0027
[ROMA step 3,093,823,488] sps=1,677,021  policy_loss=-0.0025  value_loss=0.0669  mi_loss=0.0007  mi_valid=0.74  div_loss=-0.2891  kl_loss=0.0000 (disabled)  score=0.950  return=0.913  role_std=2.1559  role_norm=7.8076  enc_delta ego=0.0018 partner=0.0016 road=0.0023
[ROMA step 3,094,609,920] sps=1,668,610  policy_loss=-0.0037  value_loss=0.0733  mi_loss=0.0007  mi_valid=0.73  div_loss=-0.2891  kl_loss=0.0000 (disabled)  score=0.951  return=0.915  role_std=2.1875  role_norm=7.8654  enc_delta ego=0.0017 partner=0.0017 road=0.0023
[ROMA step 3,095,396,352] sps=1,643,463  policy_loss=0.0054  value_loss=0.0770  mi_loss=0.0007  mi_valid=0.71  div_loss=-0.2891  kl_loss=0.0000 (disabled)  score=0.951  return=0.916  role_std=2.2150  role_norm=7.8156  enc_delta ego=0.0014 partner=0.0013 road=0.0017
[ROMA step 3,096,182,784] sps=1,635,392  policy_loss=0.0030  value_loss=0.0630  mi_loss=0.0007  mi_valid=0.72  div_loss=-0.2891  kl_loss=0.0000 (disabled)  score=0.952  return=0.918  role_std=2.3751  role_norm=7.8315  enc_delta ego=0.0015 partner=0.0012 road=0.0020
[ROMA step 3,096,969,216] sps=1,627,394  policy_loss=-0.0045  value_loss=0.0641  mi_loss=0.0007  mi_valid=0.72  div_loss=-0.2930  kl_loss=0.0000 (disabled)  score=0.952  return=0.918  role_std=2.3834  role_norm=7.8168  enc_delta ego=0.0026 partner=0.0012 road=0.0022
[ROMA step 3,097,755,648] sps=1,619,412  policy_loss=-0.0033  value_loss=0.0586  mi_loss=0.0007  mi_valid=0.73  div_loss=-0.3008  kl_loss=0.0000 (disabled)  score=0.953  return=0.919  role_std=2.2544  role_norm=7.8727  enc_delta ego=0.0013 partner=0.0010 road=0.0015
[ROMA step 3,098,542,080] sps=1,596,140  policy_loss=-0.0031  value_loss=0.0742  mi_loss=0.0007  mi_valid=0.71  div_loss=-0.3047  kl_loss=0.0000 (disabled)  score=0.953  return=0.918  role_std=2.1581  role_norm=7.6978  enc_delta ego=0.0011 partner=0.0015 road=0.0016
[ROMA step 3,099,328,512] sps=1,588,093  policy_loss=0.0019  value_loss=0.0692  mi_loss=0.0007  mi_valid=0.73  div_loss=-0.2988  kl_loss=0.0000 (disabled)  score=0.954  return=0.919  role_std=2.1467  role_norm=7.6620  enc_delta ego=0.0020 partner=0.0022 road=0.0021
[ROMA step 3,100,114,944] sps=1,580,612  policy_loss=-0.0033  value_loss=0.0672  mi_loss=0.0007  mi_valid=0.73  div_loss=-0.2988  kl_loss=0.0000 (disabled)  score=0.955  return=0.920  role_std=2.2625  role_norm=7.4665  enc_delta ego=0.0016 partner=0.0018 road=0.0017
[ROMA step 3,100,901,376] sps=1,558,432  policy_loss=-0.0012  value_loss=0.0641  mi_loss=0.0007  mi_valid=0.70  div_loss=-0.2969  kl_loss=0.0000 (disabled)  score=0.955  return=0.921  role_std=2.8899  role_norm=7.2724  enc_delta ego=0.0014 partner=0.0017 road=0.0017
[ROMA step 3,101,687,808] sps=1,551,279  policy_loss=0.0014  value_loss=0.0713  mi_loss=0.0006  mi_valid=0.74  div_loss=-0.2988  kl_loss=0.0000 (disabled)  score=0.955  return=0.921  role_std=2.2111  role_norm=7.6542  enc_delta ego=0.0016 partner=0.0019 road=0.0030
[ROMA step 3,102,474,240] sps=1,544,192  policy_loss=-0.0015  value_loss=0.0748  mi_loss=0.0007  mi_valid=0.73  div_loss=-0.2949  kl_loss=0.0000 (disabled)  score=0.956  return=0.922  role_std=2.1386  role_norm=7.6858  enc_delta ego=0.0016 partner=0.0018 road=0.0025
[ROMA step 3,103,260,672] sps=1,537,160  policy_loss=-0.0021  value_loss=0.0701  mi_loss=0.0007  mi_valid=0.73  div_loss=-0.2891  kl_loss=0.0000 (disabled)  score=0.956  return=0.921  role_std=2.1836  role_norm=7.7305  enc_delta ego=0.0018 partner=0.0019 road=0.0021
[ROMA step 3,104,047,104] sps=1,514,358  policy_loss=0.0000  value_loss=0.0660  mi_loss=0.0007  mi_valid=0.72  div_loss=-0.2930  kl_loss=0.0000 (disabled)  score=0.956  return=0.921  role_std=2.0819  role_norm=7.3955  enc_delta ego=0.0018 partner=0.0018 road=0.0022
[ROMA step 3,104,833,536] sps=1,507,606  policy_loss=-0.0032  value_loss=0.0530  mi_loss=0.0007  mi_valid=0.73  div_loss=-0.2871  kl_loss=0.0000 (disabled)  score=0.956  return=0.921  role_std=2.3157  role_norm=7.5108  enc_delta ego=0.0017 partner=0.0015 road=0.0025
[ROMA step 3,105,619,968] sps=1,500,453  policy_loss=-0.0032  value_loss=0.0691  mi_loss=0.0007  mi_valid=0.74  div_loss=-0.2871  kl_loss=0.0000 (disabled)  score=0.956  return=0.921  role_std=2.3579  role_norm=7.5101  enc_delta ego=0.0014 partner=0.0016 road=0.0023
[ROMA step 3,106,406,400] sps=1,492,984  policy_loss=-0.0013  value_loss=0.0580  mi_loss=0.0007  mi_valid=0.74  div_loss=-0.2871  kl_loss=0.0000 (disabled)  score=0.956  return=0.922  role_std=2.2040  role_norm=7.8774  enc_delta ego=0.0011 partner=0.0013 road=0.0019
[ROMA step 3,107,192,832] sps=1,472,460  policy_loss=-0.0037  value_loss=0.0696  mi_loss=0.0007  mi_valid=0.71  div_loss=-0.2988  kl_loss=0.0000 (disabled)  score=0.957  return=0.924  role_std=2.1245  role_norm=7.7694  enc_delta ego=0.0018 partner=0.0028 road=0.0028
[ROMA step 3,107,979,264] sps=1,466,027  policy_loss=0.0001  value_loss=0.0585  mi_loss=0.0007  mi_valid=0.72  div_loss=-0.2891  kl_loss=0.0000 (disabled)  score=0.957  return=0.926  role_std=2.2227  role_norm=7.7082  enc_delta ego=0.0013 partner=0.0018 road=0.0021
[ROMA step 3,108,765,696] sps=1,459,660  policy_loss=-0.0012  value_loss=0.0986  mi_loss=0.0007  mi_valid=0.72  div_loss=-0.2910  kl_loss=0.0000 (disabled)  score=0.958  return=0.927  role_std=2.2833  role_norm=7.8033  enc_delta ego=0.0018 partner=0.0018 road=0.0021
[ROMA step 3,109,552,128] sps=1,439,138  policy_loss=-0.0008  value_loss=0.0583  mi_loss=0.0007  mi_valid=0.71  div_loss=-0.2891  kl_loss=0.0000 (disabled)  score=0.958  return=0.928  role_std=2.3087  role_norm=7.4249  enc_delta ego=0.0013 partner=0.0017 road=0.0022
[ROMA step 3,110,338,560] sps=1,433,038  policy_loss=-0.0013  value_loss=0.0671  mi_loss=0.0007  mi_valid=0.73  div_loss=-0.2852  kl_loss=0.0000 (disabled)  score=0.959  return=0.930  role_std=2.2271  role_norm=7.9635  enc_delta ego=0.0012 partner=0.0017 road=0.0018
[ROMA step 3,111,124,992] sps=1,426,986  policy_loss=-0.0069  value_loss=0.0525  mi_loss=0.0007  mi_valid=0.72  div_loss=-0.2832  kl_loss=0.0000 (disabled)  score=0.959  return=0.930  role_std=2.2299  role_norm=8.0471  enc_delta ego=0.0010 partner=0.0017 road=0.0018
[ROMA step 3,111,911,424] sps=1,420,707  policy_loss=-0.0029  value_loss=0.0552  mi_loss=0.0007  mi_valid=0.72  div_loss=-0.2793  kl_loss=0.0000 (disabled)  score=0.959  return=0.931  role_std=2.2480  role_norm=8.1014  enc_delta ego=0.0015 partner=0.0015 road=0.0018
[ROMA step 3,112,697,856] sps=1,403,098  policy_loss=0.0043  value_loss=0.1046  mi_loss=0.0007  mi_valid=0.71  div_loss=-0.2852  kl_loss=0.0000 (disabled)  score=0.960  return=0.933  role_std=2.2248  role_norm=7.9049  enc_delta ego=0.0015 partner=0.0019 road=0.0026
[ROMA step 3,113,484,288] sps=1,397,341  policy_loss=-0.0032  value_loss=0.0536  mi_loss=0.0007  mi_valid=0.73  div_loss=-0.2773  kl_loss=0.0000 (disabled)  score=0.959  return=0.933  role_std=2.3348  role_norm=7.9093  enc_delta ego=0.0014 partner=0.0015 road=0.0019
[ROMA step 3,114,270,720] sps=1,391,628  policy_loss=-0.0036  value_loss=0.0650  mi_loss=0.0007  mi_valid=0.73  div_loss=-0.2832  kl_loss=0.0000 (disabled)  score=0.959  return=0.933  role_std=2.1390  role_norm=8.1895  enc_delta ego=0.0017 partner=0.0018 road=0.0022
[ROMA step 3,115,057,152] sps=1,372,474  policy_loss=-0.0023  value_loss=0.0786  mi_loss=0.0007  mi_valid=0.72  div_loss=-0.2930  kl_loss=0.0000 (disabled)  score=0.959  return=0.933  role_std=2.2379  role_norm=8.2633  enc_delta ego=0.0018 partner=0.0018 road=0.0022
[ROMA step 3,115,843,584] sps=1,366,934  policy_loss=-0.0041  value_loss=0.0718  mi_loss=0.0006  mi_valid=0.73  div_loss=-0.2812  kl_loss=0.0000 (disabled)  score=0.959  return=0.933  role_std=2.2814  role_norm=8.1643  enc_delta ego=0.0017 partner=0.0017 road=0.0023
[ROMA step 3,116,630,016] sps=1,361,449  policy_loss=0.0003  value_loss=0.0650  mi_loss=0.0007  mi_valid=0.73  div_loss=-0.2832  kl_loss=0.0000 (disabled)  score=0.959  return=0.933  role_std=2.2787  role_norm=8.1906  enc_delta ego=0.0017 partner=0.0017 road=0.0021
[ROMA step 3,117,416,448] sps=1,355,998  policy_loss=-0.0006  value_loss=0.0526  mi_loss=0.0007  mi_valid=0.73  div_loss=-0.2871  kl_loss=0.0000 (disabled)  score=0.958  return=0.934  role_std=2.4058  role_norm=7.9857  enc_delta ego=0.0014 partner=0.0016 road=0.0017
[ROMA step 3,118,202,880] sps=1,338,260  policy_loss=0.0062  value_loss=0.0915  mi_loss=0.0007  mi_valid=0.72  div_loss=-0.2949  kl_loss=0.0000 (disabled)  score=0.958  return=0.934  role_std=2.2415  role_norm=8.1363  enc_delta ego=0.0020 partner=0.0022 road=0.0025
[ROMA step 3,118,989,312] sps=1,333,047  policy_loss=0.0091  value_loss=0.1085  mi_loss=0.0007  mi_valid=0.74  div_loss=-0.2930  kl_loss=0.0000 (disabled)  score=0.958  return=0.934  role_std=2.2348  role_norm=8.3388  enc_delta ego=0.0022 partner=0.0020 road=0.0033
[ROMA step 3,119,775,744] sps=1,327,867  policy_loss=0.0067  value_loss=0.0873  mi_loss=0.0007  mi_valid=0.73  div_loss=-0.2910  kl_loss=0.0000 (disabled)  score=0.958  return=0.934  role_std=2.3041  role_norm=8.3128  enc_delta ego=0.0015 partner=0.0018 road=0.0024
[ROMA step 3,120,562,176] sps=1,308,060  policy_loss=-0.0097  value_loss=0.0866  mi_loss=0.0007  mi_valid=0.72  div_loss=-0.2891  kl_loss=0.0000 (disabled)  score=0.958  return=0.933  role_std=2.2729  role_norm=8.0341  enc_delta ego=0.0017 partner=0.0023 road=0.0027
[ROMA step 3,121,348,608] sps=1,302,948  policy_loss=0.0019  value_loss=0.0683  mi_loss=0.0007  mi_valid=0.73  div_loss=-0.2832  kl_loss=0.0000 (disabled)  score=0.957  return=0.933  role_std=2.3608  role_norm=8.0780  enc_delta ego=0.0023 partner=0.0020 road=0.0027
[ROMA step 3,122,135,040] sps=1,297,961  policy_loss=-0.0037  value_loss=0.0646  mi_loss=0.0007  mi_valid=0.73  div_loss=-0.2793  kl_loss=0.0000 (disabled)  score=0.957  return=0.932  role_std=2.3815  role_norm=7.9870  enc_delta ego=0.0025 partner=0.0019 road=0.0025
[ROMA step 3,122,921,472] sps=1,292,909  policy_loss=0.0007  value_loss=0.0759  mi_loss=0.0007  mi_valid=0.73  div_loss=-0.2832  kl_loss=0.0000 (disabled)  score=0.957  return=0.932  role_std=2.2160  role_norm=8.1554  enc_delta ego=0.0019 partner=0.0019 road=0.0022
[ROMA step 3,123,707,904] sps=1,277,423  policy_loss=0.0025  value_loss=0.0799  mi_loss=0.0007  mi_valid=0.72  div_loss=-0.2852  kl_loss=0.0000 (disabled)  score=0.957  return=0.931  role_std=2.0955  role_norm=8.2730  enc_delta ego=0.0014 partner=0.0016 road=0.0019
[ROMA step 3,124,494,336] sps=1,272,484  policy_loss=-0.0003  value_loss=0.0556  mi_loss=0.0007  mi_valid=0.73  div_loss=-0.2793  kl_loss=0.0000 (disabled)  score=0.957  return=0.932  role_std=2.2264  role_norm=8.1344  enc_delta ego=0.0011 partner=0.0016 road=0.0016
[ROMA step 3,125,280,768] sps=1,267,797  policy_loss=0.0017  value_loss=0.0450  mi_loss=0.0007  mi_valid=0.73  div_loss=-0.2812  kl_loss=0.0000 (disabled)  score=0.958  return=0.933  role_std=2.2378  role_norm=8.0539  enc_delta ego=0.0011 partner=0.0013 road=0.0015
[ROMA step 3,126,067,200] sps=1,253,519  policy_loss=-0.0037  value_loss=0.0675  mi_loss=0.0007  mi_valid=0.70  div_loss=-0.2871  kl_loss=0.0000 (disabled)  score=0.958  return=0.934  role_std=2.7673  role_norm=7.5923  enc_delta ego=0.0012 partner=0.0014 road=0.0019
[ROMA step 3,126,853,632] sps=1,248,922  policy_loss=0.0025  value_loss=0.0963  mi_loss=0.0006  mi_valid=0.73  div_loss=-0.2949  kl_loss=0.0000 (disabled)  score=0.959  return=0.934  role_std=2.3033  role_norm=8.2675  enc_delta ego=0.0020 partner=0.0023 road=0.0025
[ROMA step 3,127,640,064] sps=1,244,366  policy_loss=-0.0013  value_loss=0.0940  mi_loss=0.0006  mi_valid=0.72  div_loss=-0.3008  kl_loss=0.0000 (disabled)  score=0.958  return=0.933  role_std=2.3658  role_norm=8.3092  enc_delta ego=0.0022 partner=0.0029 road=0.0034
[ROMA step 3,128,426,496] sps=1,239,845  policy_loss=-0.0087  value_loss=0.0733  mi_loss=0.0006  mi_valid=0.72  div_loss=-0.3008  kl_loss=0.0000 (disabled)  score=0.958  return=0.932  role_std=2.2935  role_norm=8.1803  enc_delta ego=0.0019 partner=0.0021 road=0.0027
[ROMA step 3,129,212,928] sps=1,226,127  policy_loss=-0.0022  value_loss=0.0701  mi_loss=0.0007  mi_valid=0.71  div_loss=-0.2871  kl_loss=0.0000 (disabled)  score=0.958  return=0.931  role_std=2.4302  role_norm=8.1214  enc_delta ego=0.0017 partner=0.0016 road=0.0019
[ROMA step 3,129,999,360] sps=1,221,469  policy_loss=0.0008  value_loss=0.0767  mi_loss=0.0007  mi_valid=0.73  div_loss=-0.2695  kl_loss=0.0000 (disabled)  score=0.958  return=0.932  role_std=2.3011  role_norm=8.1643  enc_delta ego=0.0020 partner=0.0016 road=0.0026
[ROMA step 3,130,785,792] sps=1,216,987  policy_loss=-0.0003  value_loss=0.0677  mi_loss=0.0007  mi_valid=0.73  div_loss=-0.2676  kl_loss=0.0000 (disabled)  score=0.958  return=0.930  role_std=2.3855  role_norm=8.3655  enc_delta ego=0.0015 partner=0.0014 road=0.0021
[ROMA step 3,131,572,224] sps=1,212,663  policy_loss=-0.0034  value_loss=0.0707  mi_loss=0.0007  mi_valid=0.73  div_loss=-0.2676  kl_loss=0.0000 (disabled)  score=0.958  return=0.930  role_std=2.1609  role_norm=8.5300  enc_delta ego=0.0016 partner=0.0017 road=0.0021
[ROMA step 3,132,358,656] sps=1,198,316  policy_loss=-0.0064  value_loss=0.0736  mi_loss=0.0007  mi_valid=0.72  div_loss=-0.2695  kl_loss=0.0000 (disabled)  score=0.959  return=0.931  role_std=2.1454  role_norm=8.2972  enc_delta ego=0.0018 partner=0.0017 road=0.0022
[ROMA step 3,133,145,088] sps=1,194,151  policy_loss=-0.0014  value_loss=0.0645  mi_loss=0.0007  mi_valid=0.73  div_loss=-0.2695  kl_loss=0.0000 (disabled)  score=0.959  return=0.931  role_std=2.1628  role_norm=8.3727  enc_delta ego=0.0015 partner=0.0018 road=0.0025
[ROMA step 3,133,931,520] sps=1,190,022  policy_loss=-0.0011  value_loss=0.0719  mi_loss=0.0007  mi_valid=0.73  div_loss=-0.2695  kl_loss=0.0000 (disabled)  score=0.959  return=0.930  role_std=2.3174  role_norm=8.3321  enc_delta ego=0.0021 partner=0.0014 road=0.0020
[ROMA step 3,134,717,952] sps=1,176,224  policy_loss=0.0058  value_loss=0.0966  mi_loss=0.0007  mi_valid=0.71  div_loss=-0.2754  kl_loss=0.0000 (disabled)  score=0.960  return=0.930  role_std=2.5267  role_norm=8.1257  enc_delta ego=0.0018 partner=0.0012 road=0.0017
[ROMA step 3,135,504,384] sps=1,172,105  policy_loss=-0.0064  value_loss=0.0827  mi_loss=0.0007  mi_valid=0.74  div_loss=-0.2734  kl_loss=0.0000 (disabled)  score=0.960  return=0.929  role_std=2.2904  role_norm=8.4863  enc_delta ego=0.0024 partner=0.0020 road=0.0028
[ROMA step 3,136,290,816] sps=1,168,114  policy_loss=0.0066  value_loss=0.0795  mi_loss=0.0007  mi_valid=0.73  div_loss=-0.2715  kl_loss=0.0000 (disabled)  score=0.960  return=0.929  role_std=2.2295  role_norm=8.6394  enc_delta ego=0.0020 partner=0.0019 road=0.0024
[ROMA step 3,137,077,248] sps=1,164,080  policy_loss=-0.0031  value_loss=0.0877  mi_loss=0.0007  mi_valid=0.73  div_loss=-0.2695  kl_loss=0.0000 (disabled)  score=0.960  return=0.927  role_std=2.2492  role_norm=8.6100  enc_delta ego=0.0023 partner=0.0016 road=0.0022
[ROMA step 3,137,863,680] sps=1,150,143  policy_loss=0.0009  value_loss=0.0800  mi_loss=0.0007  mi_valid=0.72  div_loss=-0.2676  kl_loss=0.0000 (disabled)  score=0.961  return=0.928  role_std=2.1842  role_norm=8.3881  enc_delta ego=0.0016 partner=0.0017 road=0.0022
[ROMA step 3,138,650,112] sps=1,146,263  policy_loss=-0.0004  value_loss=0.0659  mi_loss=0.0007  mi_valid=0.73  div_loss=-0.2676  kl_loss=0.0000 (disabled)  score=0.961  return=0.928  role_std=2.3349  role_norm=8.3217  enc_delta ego=0.0015 partner=0.0014 road=0.0022
[ROMA step 3,139,436,544] sps=1,142,447  policy_loss=-0.0025  value_loss=0.0548  mi_loss=0.0007  mi_valid=0.73  div_loss=-0.2695  kl_loss=0.0000 (disabled)  score=0.961  return=0.929  role_std=2.2480  role_norm=8.3803  enc_delta ego=0.0015 partner=0.0014 road=0.0017
[ROMA step 3,140,222,976] sps=1,131,133  policy_loss=-0.0047  value_loss=0.0777  mi_loss=0.0007  mi_valid=0.72  div_loss=-0.2832  kl_loss=0.0000 (disabled)  score=0.962  return=0.930  role_std=2.0975  role_norm=8.6639  enc_delta ego=0.0016 partner=0.0016 road=0.0019
[ROMA step 3,141,009,408] sps=1,127,449  policy_loss=0.0011  value_loss=0.0604  mi_loss=0.0006  mi_valid=0.73  div_loss=-0.2715  kl_loss=0.0000 (disabled)  score=0.962  return=0.930  role_std=2.1995  role_norm=8.5055  enc_delta ego=0.0017 partner=0.0018 road=0.0021
[ROMA step 3,141,795,840] sps=1,123,636  policy_loss=0.0025  value_loss=0.0625  mi_loss=0.0007  mi_valid=0.73  div_loss=-0.2656  kl_loss=0.0000 (disabled)  score=0.961  return=0.930  role_std=2.2845  role_norm=8.3967  enc_delta ego=0.0017 partner=0.0018 road=0.0018
[ROMA step 3,142,582,272] sps=1,120,022  policy_loss=-0.0096  value_loss=0.0490  mi_loss=0.0007  mi_valid=0.73  div_loss=-0.2695  kl_loss=0.0000 (disabled)  score=0.961  return=0.929  role_std=2.3338  role_norm=8.3400  enc_delta ego=0.0015 partner=0.0015 road=0.0019
[ROMA step 3,143,368,704] sps=1,109,087  policy_loss=0.0024  value_loss=0.0585  mi_loss=0.0007  mi_valid=0.72  div_loss=-0.2832  kl_loss=0.0000 (disabled)  score=0.961  return=0.930  role_std=2.5009  role_norm=8.2627  enc_delta ego=0.0022 partner=0.0017 road=0.0023
[ROMA step 3,144,155,136] sps=1,105,478  policy_loss=-0.0008  value_loss=0.0821  mi_loss=0.0006  mi_valid=0.73  div_loss=-0.2812  kl_loss=0.0000 (disabled)  score=0.962  return=0.931  role_std=2.2773  role_norm=8.4848  enc_delta ego=0.0019 partner=0.0020 road=0.0025
[ROMA step 3,144,941,568] sps=1,101,978  policy_loss=-0.0015  value_loss=0.0793  mi_loss=0.0006  mi_valid=0.73  div_loss=-0.2812  kl_loss=0.0000 (disabled)  score=0.962  return=0.931  role_std=2.2277  role_norm=8.5182  enc_delta ego=0.0019 partner=0.0018 road=0.0021
[ROMA step 3,145,728,000] sps=1,091,259  policy_loss=-0.0042  value_loss=0.0721  mi_loss=0.0007  mi_valid=0.71  div_loss=-0.2832  kl_loss=0.0000 (disabled)  score=0.962  return=0.930  role_std=2.2692  role_norm=8.5048  enc_delta ego=0.0018 partner=0.0016 road=0.0021
[ROMA step 3,146,514,432] sps=1,087,812  policy_loss=-0.0003  value_loss=0.0650  mi_loss=0.0007  mi_valid=0.72  div_loss=-0.2812  kl_loss=0.0000 (disabled)  score=0.962  return=0.930  role_std=2.4709  role_norm=8.3109  enc_delta ego=0.0012 partner=0.0018 road=0.0018
[ROMA step 3,147,300,864] sps=1,084,398  policy_loss=-0.0060  value_loss=0.0665  mi_loss=0.0007  mi_valid=0.73  div_loss=-0.2793  kl_loss=0.0000 (disabled)  score=0.962  return=0.929  role_std=2.4296  role_norm=8.2534  enc_delta ego=0.0014 partner=0.0017 road=0.0017
[ROMA step 3,148,087,296] sps=1,080,989  policy_loss=-0.0030  value_loss=0.0732  mi_loss=0.0007  mi_valid=0.73  div_loss=-0.2734  kl_loss=0.0000 (disabled)  score=0.961  return=0.928  role_std=2.3143  role_norm=8.7212  enc_delta ego=0.0020 partner=0.0013 road=0.0020
[ROMA step 3,148,873,728] sps=1,070,855  policy_loss=0.0002  value_loss=0.0727  mi_loss=0.0007  mi_valid=0.71  div_loss=-0.2832  kl_loss=0.0000 (disabled)  score=0.961  return=0.929  role_std=2.3252  role_norm=8.9188  enc_delta ego=0.0023 partner=0.0016 road=0.0022
[ROMA step 3,149,660,160] sps=1,067,634  policy_loss=-0.0061  value_loss=0.0463  mi_loss=0.0007  mi_valid=0.72  div_loss=-0.2812  kl_loss=0.0000 (disabled)  score=0.961  return=0.930  role_std=2.3489  role_norm=8.7691  enc_delta ego=0.0015 partner=0.0017 road=0.0022
[ROMA step 3,150,446,592] sps=1,064,429  policy_loss=-0.0050  value_loss=0.0563  mi_loss=0.0007  mi_valid=0.72  div_loss=-0.2812  kl_loss=0.0000 (disabled)  score=0.961  return=0.931  role_std=2.5008  role_norm=8.8330  enc_delta ego=0.0016 partner=0.0016 road=0.0023
[ROMA step 3,151,233,024] sps=1,054,279  policy_loss=0.0025  value_loss=0.0609  mi_loss=0.0007  mi_valid=0.70  div_loss=-0.2812  kl_loss=0.0000 (disabled)  score=0.961  return=0.930  role_std=2.8474  role_norm=8.0355  enc_delta ego=0.0017 partner=0.0012 road=0.0020
[ROMA step 3,152,019,456] sps=1,051,104  policy_loss=-0.0020  value_loss=0.0685  mi_loss=0.0006  mi_valid=0.73  div_loss=-0.2734  kl_loss=0.0000 (disabled)  score=0.961  return=0.930  role_std=2.3014  role_norm=8.8115  enc_delta ego=0.0018 partner=0.0024 road=0.0024
[ROMA step 3,152,805,888] sps=1,047,948  policy_loss=-0.0029  value_loss=0.0561  mi_loss=0.0006  mi_valid=0.73  div_loss=-0.2734  kl_loss=0.0000 (disabled)  score=0.962  return=0.930  role_std=2.2377  role_norm=8.9495  enc_delta ego=0.0017 partner=0.0022 road=0.0025
[ROMA step 3,153,592,320] sps=1,044,814  policy_loss=-0.0029  value_loss=0.0565  mi_loss=0.0006  mi_valid=0.73  div_loss=-0.2734  kl_loss=0.0000 (disabled)  score=0.962  return=0.930  role_std=2.3894  role_norm=8.8504  enc_delta ego=0.0022 partner=0.0030 road=0.0030
[ROMA step 3,154,378,752] sps=1,034,070  policy_loss=-0.0008  value_loss=0.0664  mi_loss=0.0007  mi_valid=0.71  div_loss=-0.2832  kl_loss=0.0000 (disabled)  score=0.961  return=0.930  role_std=2.4810  role_norm=8.6325  enc_delta ego=0.0013 partner=0.0016 road=0.0021
[ROMA step 3,155,165,184] sps=1,031,049  policy_loss=0.0002  value_loss=0.0683  mi_loss=0.0007  mi_valid=0.73  div_loss=-0.2832  kl_loss=0.0000 (disabled)  score=0.961  return=0.930  role_std=2.5466  role_norm=8.5724  enc_delta ego=0.0015 partner=0.0014 road=0.0018
[ROMA step 3,155,951,616] sps=1,028,047  policy_loss=0.0051  value_loss=0.0582  mi_loss=0.0007  mi_valid=0.73  div_loss=-0.2812  kl_loss=0.0000 (disabled)  score=0.961  return=0.930  role_std=2.4977  role_norm=8.3897  enc_delta ego=0.0012 partner=0.0018 road=0.0017
[ROMA step 3,156,738,048] sps=1,025,058  policy_loss=-0.0008  value_loss=0.0572  mi_loss=0.0007  mi_valid=0.74  div_loss=-0.2852  kl_loss=0.0000 (disabled)  score=0.960  return=0.930  role_std=2.3264  role_norm=8.6397  enc_delta ego=0.0014 partner=0.0012 road=0.0017
[ROMA step 3,157,524,480] sps=1,015,275  policy_loss=-0.0003  value_loss=0.0654  mi_loss=0.0007  mi_valid=0.72  div_loss=-0.2871  kl_loss=0.0000 (disabled)  score=0.960  return=0.931  role_std=2.3480  role_norm=8.6011  enc_delta ego=0.0014 partner=0.0021 road=0.0020
[ROMA step 3,158,310,912] sps=1,012,326  policy_loss=-0.0021  value_loss=0.0507  mi_loss=0.0007  mi_valid=0.73  div_loss=-0.2793  kl_loss=0.0000 (disabled)  score=0.960  return=0.932  role_std=2.3025  role_norm=8.6805  enc_delta ego=0.0012 partner=0.0020 road=0.0019
[ROMA step 3,159,097,344] sps=1,009,410  policy_loss=0.0012  value_loss=0.0444  mi_loss=0.0007  mi_valid=0.73  div_loss=-0.2832  kl_loss=0.0000 (disabled)  score=0.960  return=0.933  role_std=2.4658  role_norm=8.7657  enc_delta ego=0.0012 partner=0.0015 road=0.0016
[ROMA step 3,159,883,776] sps=999,428  policy_loss=-0.0001  value_loss=0.0763  mi_loss=0.0007  mi_valid=0.71  div_loss=-0.2871  kl_loss=0.0000 (disabled)  score=0.960  return=0.934  role_std=2.6277  role_norm=8.3407  enc_delta ego=0.0025 partner=0.0016 road=0.0019
[ROMA step 3,160,670,208] sps=996,602  policy_loss=-0.0060  value_loss=0.0635  mi_loss=0.0007  mi_valid=0.74  div_loss=-0.2871  kl_loss=0.0000 (disabled)  score=0.959  return=0.933  role_std=2.3578  role_norm=8.7588  enc_delta ego=0.0022 partner=0.0023 road=0.0026
[ROMA step 3,161,456,640] sps=993,798  policy_loss=0.0064  value_loss=0.0944  mi_loss=0.0008  mi_valid=0.73  div_loss=-0.2891  kl_loss=0.0000 (disabled)  score=0.959  return=0.932  role_std=2.4459  role_norm=8.7354  enc_delta ego=0.0022 partner=0.0021 road=0.0022
[ROMA step 3,162,243,072] sps=991,008  policy_loss=0.0037  value_loss=0.0965  mi_loss=0.0007  mi_valid=0.73  div_loss=-0.2930  kl_loss=0.0000 (disabled)  score=0.958  return=0.931  role_std=2.4788  role_norm=8.7300  enc_delta ego=0.0020 partner=0.0019 road=0.0025
[ROMA step 3,163,029,504] sps=980,600  policy_loss=-0.0038  value_loss=0.0701  mi_loss=0.0007  mi_valid=0.71  div_loss=-0.2852  kl_loss=0.0000 (disabled)  score=0.959  return=0.933  role_std=2.6010  role_norm=8.6774  enc_delta ego=0.0016 partner=0.0016 road=0.0021
[ROMA step 3,163,815,936] sps=977,822  policy_loss=0.0041  value_loss=0.0499  mi_loss=0.0007  mi_valid=0.73  div_loss=-0.2812  kl_loss=0.0000 (disabled)  score=0.959  return=0.933  role_std=2.5665  role_norm=8.8148  enc_delta ego=0.0011 partner=0.0015 road=0.0019
[ROMA step 3,164,602,368] sps=975,083  policy_loss=0.0042  value_loss=0.0782  mi_loss=0.0007  mi_valid=0.73  div_loss=-0.2852  kl_loss=0.0000 (disabled)  score=0.958  return=0.933  role_std=2.6072  role_norm=8.8209  enc_delta ego=0.0014 partner=0.0016 road=0.0018
[ROMA step 3,165,388,800] sps=965,905  policy_loss=0.0056  value_loss=0.0701  mi_loss=0.0007  mi_valid=0.71  div_loss=-0.2949  kl_loss=0.0000 (disabled)  score=0.958  return=0.934  role_std=2.4525  role_norm=9.1070  enc_delta ego=0.0012 partner=0.0017 road=0.0018
[ROMA step 3,166,175,232] sps=963,286  policy_loss=0.0022  value_loss=0.1008  mi_loss=0.0007  mi_valid=0.72  div_loss=-0.3008  kl_loss=0.0000 (disabled)  score=0.958  return=0.934  role_std=2.5851  role_norm=8.9890  enc_delta ego=0.0016 partner=0.0023 road=0.0029
[ROMA step 3,166,961,664] sps=960,594  policy_loss=0.0031  value_loss=0.0940  mi_loss=0.0008  mi_valid=0.72  div_loss=-0.3008  kl_loss=0.0000 (disabled)  score=0.958  return=0.933  role_std=2.5788  role_norm=8.7472  enc_delta ego=0.0018 partner=0.0022 road=0.0024
[ROMA step 3,167,748,096] sps=958,002  policy_loss=0.0001  value_loss=0.0660  mi_loss=0.0007  mi_valid=0.72  div_loss=-0.3086  kl_loss=0.0000 (disabled)  score=0.958  return=0.933  role_std=2.7639  role_norm=8.7205  enc_delta ego=0.0015 partner=0.0018 road=0.0023
[ROMA step 3,168,534,528] sps=949,370  policy_loss=0.0063  value_loss=0.0925  mi_loss=0.0007  mi_valid=0.71  div_loss=-0.3027  kl_loss=0.0000 (disabled)  score=0.958  return=0.933  role_std=2.8762  role_norm=8.4202  enc_delta ego=0.0018 partner=0.0018 road=0.0032
[ROMA step 3,169,320,960] sps=946,740  policy_loss=-0.0011  value_loss=0.0739  mi_loss=0.0007  mi_valid=0.74  div_loss=-0.2969  kl_loss=0.0000 (disabled)  score=0.957  return=0.932  role_std=2.4894  role_norm=9.0670  enc_delta ego=0.0014 partner=0.0024 road=0.0026
[ROMA step 3,170,107,392] sps=944,129  policy_loss=-0.0034  value_loss=0.0664  mi_loss=0.0007  mi_valid=0.73  div_loss=-0.2930  kl_loss=0.0000 (disabled)  score=0.957  return=0.932  role_std=2.5145  role_norm=9.0760  enc_delta ego=0.0016 partner=0.0021 road=0.0026
[ROMA step 3,170,893,824] sps=936,675  policy_loss=0.0030  value_loss=0.0608  mi_loss=0.0007  mi_valid=0.71  div_loss=-0.2969  kl_loss=0.0000 (disabled)  score=0.957  return=0.933  role_std=2.5313  role_norm=8.8841  enc_delta ego=0.0013 partner=0.0017 road=0.0025
[ROMA step 3,171,680,256] sps=934,179  policy_loss=0.0009  value_loss=0.0654  mi_loss=0.0007  mi_valid=0.73  div_loss=-0.2793  kl_loss=0.0000 (disabled)  score=0.956  return=0.933  role_std=2.5184  role_norm=8.7075  enc_delta ego=0.0013 partner=0.0020 road=0.0022
[ROMA step 3,172,466,688] sps=931,726  policy_loss=0.0043  value_loss=0.0537  mi_loss=0.0007  mi_valid=0.73  div_loss=-0.2793  kl_loss=0.0000 (disabled)  score=0.956  return=0.934  role_std=2.6369  role_norm=8.7956  enc_delta ego=0.0011 partner=0.0016 road=0.0018
[ROMA step 3,173,253,120] sps=929,276  policy_loss=-0.0008  value_loss=0.0525  mi_loss=0.0007  mi_valid=0.74  div_loss=-0.2793  kl_loss=0.0000 (disabled)  score=0.956  return=0.933  role_std=2.3989  role_norm=9.1208  enc_delta ego=0.0011 partner=0.0014 road=0.0018
[ROMA step 3,174,039,552] sps=920,801  policy_loss=0.0045  value_loss=0.0782  mi_loss=0.0007  mi_valid=0.72  div_loss=-0.2930  kl_loss=0.0000 (disabled)  score=0.956  return=0.933  role_std=2.4485  role_norm=9.2163  enc_delta ego=0.0012 partner=0.0015 road=0.0021
[ROMA step 3,174,825,984] sps=918,423  policy_loss=-0.0011  value_loss=0.0709  mi_loss=0.0007  mi_valid=0.73  div_loss=-0.2910  kl_loss=0.0000 (disabled)  score=0.956  return=0.933  role_std=2.5863  role_norm=9.0385  enc_delta ego=0.0014 partner=0.0016 road=0.0019
[ROMA step 3,175,612,416] sps=916,045  policy_loss=-0.0002  value_loss=0.0545  mi_loss=0.0007  mi_valid=0.73  div_loss=-0.2891  kl_loss=0.0000 (disabled)  score=0.956  return=0.934  role_std=2.5933  role_norm=9.0152  enc_delta ego=0.0013 partner=0.0015 road=0.0016
[ROMA step 3,176,398,848] sps=908,677  policy_loss=-0.0011  value_loss=0.0632  mi_loss=0.0007  mi_valid=0.71  div_loss=-0.2910  kl_loss=0.0000 (disabled)  score=0.956  return=0.935  role_std=3.0250  role_norm=8.5825  enc_delta ego=0.0015 partner=0.0012 road=0.0013
[ROMA step 3,177,185,280] sps=906,332  policy_loss=-0.0016  value_loss=0.0507  mi_loss=0.0007  mi_valid=0.73  div_loss=-0.2793  kl_loss=0.0000 (disabled)  score=0.957  return=0.936  role_std=2.5870  role_norm=9.2348  enc_delta ego=0.0014 partner=0.0014 road=0.0019
[ROMA step 3,177,971,712] sps=903,996  policy_loss=0.0031  value_loss=0.0580  mi_loss=0.0007  mi_valid=0.73  div_loss=-0.2773  kl_loss=0.0000 (disabled)  score=0.957  return=0.937  role_std=2.4234  role_norm=9.2501  enc_delta ego=0.0012 partner=0.0013 road=0.0016
[ROMA step 3,178,758,144] sps=901,632  policy_loss=0.0013  value_loss=0.0512  mi_loss=0.0007  mi_valid=0.72  div_loss=-0.2773  kl_loss=0.0000 (disabled)  score=0.958  return=0.938  role_std=2.3259  role_norm=9.1691  enc_delta ego=0.0018 partner=0.0016 road=0.0021
[ROMA step 3,179,544,576] sps=894,137  policy_loss=-0.0036  value_loss=0.0676  mi_loss=0.0007  mi_valid=0.70  div_loss=-0.2793  kl_loss=0.0000 (disabled)  score=0.958  return=0.939  role_std=2.6369  role_norm=9.2801  enc_delta ego=0.0015 partner=0.0016 road=0.0020
[ROMA step 3,180,331,008] sps=891,744  policy_loss=0.0049  value_loss=0.0666  mi_loss=0.0007  mi_valid=0.72  div_loss=-0.2754  kl_loss=0.0000 (disabled)  score=0.959  return=0.939  role_std=2.6663  role_norm=9.1712  enc_delta ego=0.0018 partner=0.0017 road=0.0023
[ROMA step 3,181,117,440] sps=889,441  policy_loss=-0.0000  value_loss=0.0545  mi_loss=0.0007  mi_valid=0.72  div_loss=-0.2773  kl_loss=0.0000 (disabled)  score=0.959  return=0.939  role_std=2.8026  role_norm=9.2596  enc_delta ego=0.0012 partner=0.0015 road=0.0019
[ROMA step 3,181,903,872] sps=887,175  policy_loss=-0.0046  value_loss=0.0653  mi_loss=0.0007  mi_valid=0.72  div_loss=-0.2832  kl_loss=0.0000 (disabled)  score=0.960  return=0.940  role_std=2.5222  role_norm=9.3946  enc_delta ego=0.0017 partner=0.0016 road=0.0022
[ROMA step 3,182,690,304] sps=879,603  policy_loss=-0.0026  value_loss=0.1192  mi_loss=0.0007  mi_valid=0.71  div_loss=-0.2910  kl_loss=0.0000 (disabled)  score=0.960  return=0.940  role_std=2.5393  role_norm=9.3562  enc_delta ego=0.0020 partner=0.0023 road=0.0031
[ROMA step 3,183,476,736] sps=877,422  policy_loss=0.0018  value_loss=0.0662  mi_loss=0.0007  mi_valid=0.72  div_loss=-0.2793  kl_loss=0.0000 (disabled)  score=0.961  return=0.941  role_std=2.6100  role_norm=9.4430  enc_delta ego=0.0014 partner=0.0013 road=0.0018
[ROMA step 3,184,263,168] sps=875,266  policy_loss=0.0004  value_loss=0.0921  mi_loss=0.0007  mi_valid=0.72  div_loss=-0.2793  kl_loss=0.0000 (disabled)  score=0.961  return=0.941  role_std=2.7242  role_norm=9.2985  enc_delta ego=0.0016 partner=0.0019 road=0.0026
[ROMA step 3,185,049,600] sps=868,347  policy_loss=-0.0007  value_loss=0.0687  mi_loss=0.0007  mi_valid=0.71  div_loss=-0.2910  kl_loss=0.0000 (disabled)  score=0.962  return=0.941  role_std=2.8206  role_norm=9.1611  enc_delta ego=0.0017 partner=0.0018 road=0.0025
[ROMA step 3,185,836,032] sps=866,245  policy_loss=0.0028  value_loss=0.0587  mi_loss=0.0007  mi_valid=0.73  div_loss=-0.2891  kl_loss=0.0000 (disabled)  score=0.962  return=0.942  role_std=2.5436  role_norm=9.5067  enc_delta ego=0.0012 partner=0.0018 road=0.0018
[ROMA step 3,186,622,464] sps=864,149  policy_loss=-0.0048  value_loss=0.0531  mi_loss=0.0007  mi_valid=0.72  div_loss=-0.2910  kl_loss=0.0000 (disabled)  score=0.962  return=0.942  role_std=2.5403  role_norm=9.4364  enc_delta ego=0.0014 partner=0.0017 road=0.0021
[ROMA step 3,187,408,896] sps=862,012  policy_loss=0.0021  value_loss=0.0402  mi_loss=0.0007  mi_valid=0.72  div_loss=-0.2871  kl_loss=0.0000 (disabled)  score=0.962  return=0.943  role_std=2.5758  role_norm=9.4451  enc_delta ego=0.0013 partner=0.0017 road=0.0019
[ROMA step 3,188,195,328] sps=855,269  policy_loss=0.0007  value_loss=0.0734  mi_loss=0.0007  mi_valid=0.70  div_loss=-0.2969  kl_loss=0.0000 (disabled)  score=0.963  return=0.945  role_std=2.7328  role_norm=9.4165  enc_delta ego=0.0011 partner=0.0015 road=0.0017
[ROMA step 3,188,981,760] sps=853,220  policy_loss=-0.0009  value_loss=0.0516  mi_loss=0.0007  mi_valid=0.72  div_loss=-0.2812  kl_loss=0.0000 (disabled)  score=0.963  return=0.947  role_std=2.8186  role_norm=9.2368  enc_delta ego=0.0010 partner=0.0012 road=0.0015
[ROMA step 3,189,768,192] sps=851,163  policy_loss=-0.0062  value_loss=0.0555  mi_loss=0.0006  mi_valid=0.72  div_loss=-0.2852  kl_loss=0.0000 (disabled)  score=0.963  return=0.948  role_std=2.7911  role_norm=9.2152  enc_delta ego=0.0013 partner=0.0016 road=0.0018
[ROMA step 3,190,554,624] sps=844,761  policy_loss=-0.0018  value_loss=0.0738  mi_loss=0.0007  mi_valid=0.71  div_loss=-0.2891  kl_loss=0.0000 (disabled)  score=0.964  return=0.949  role_std=2.6105  role_norm=9.5744  enc_delta ego=0.0013 partner=0.0016 road=0.0022
[ROMA step 3,191,341,056] sps=842,735  policy_loss=0.0027  value_loss=0.0879  mi_loss=0.0007  mi_valid=0.72  div_loss=-0.2852  kl_loss=0.0000 (disabled)  score=0.964  return=0.949  role_std=2.6365  role_norm=9.5574  enc_delta ego=0.0016 partner=0.0016 road=0.0022
[ROMA step 3,192,127,488] sps=840,752  policy_loss=0.0007  value_loss=0.0715  mi_loss=0.0007  mi_valid=0.72  div_loss=-0.2812  kl_loss=0.0000 (disabled)  score=0.964  return=0.948  role_std=2.6033  role_norm=9.4891  enc_delta ego=0.0015 partner=0.0014 road=0.0018
[ROMA step 3,192,913,920] sps=838,768  policy_loss=-0.0051  value_loss=0.0810  mi_loss=0.0007  mi_valid=0.72  div_loss=-0.2852  kl_loss=0.0000 (disabled)  score=0.964  return=0.947  role_std=2.6308  role_norm=9.3203  enc_delta ego=0.0014 partner=0.0018 road=0.0019
[ROMA step 3,193,700,352] sps=832,475  policy_loss=-0.0070  value_loss=0.0800  mi_loss=0.0007  mi_valid=0.71  div_loss=-0.2832  kl_loss=0.0000 (disabled)  score=0.964  return=0.946  role_std=2.9418  role_norm=8.9607  enc_delta ego=0.0019 partner=0.0015 road=0.0023
[ROMA step 3,194,486,784] sps=830,542  policy_loss=-0.0009  value_loss=0.0974  mi_loss=0.0007  mi_valid=0.74  div_loss=-0.2754  kl_loss=0.0000 (disabled)  score=0.964  return=0.944  role_std=2.5162  role_norm=9.4937  enc_delta ego=0.0021 partner=0.0016 road=0.0023
[ROMA step 3,195,273,216] sps=828,614  policy_loss=-0.0038  value_loss=0.0812  mi_loss=0.0007  mi_valid=0.73  div_loss=-0.2773  kl_loss=0.0000 (disabled)  score=0.963  return=0.942  role_std=2.5263  role_norm=9.5376  enc_delta ego=0.0021 partner=0.0016 road=0.0028
[ROMA step 3,196,059,648] sps=822,432  policy_loss=-0.0034  value_loss=0.0926  mi_loss=0.0007  mi_valid=0.72  div_loss=-0.2832  kl_loss=0.0000 (disabled)  score=0.963  return=0.941  role_std=2.4240  role_norm=9.5106  enc_delta ego=0.0018 partner=0.0018 road=0.0021
[ROMA step 3,196,846,080] sps=820,366  policy_loss=0.0004  value_loss=0.0411  mi_loss=0.0007  mi_valid=0.73  div_loss=-0.2695  kl_loss=0.0000 (disabled)  score=0.963  return=0.942  role_std=2.6049  role_norm=9.4549  enc_delta ego=0.0013 partner=0.0015 road=0.0017
[ROMA step 3,197,632,512] sps=818,473  policy_loss=0.0004  value_loss=0.0537  mi_loss=0.0007  mi_valid=0.73  div_loss=-0.2676  kl_loss=0.0000 (disabled)  score=0.963  return=0.942  role_std=2.6164  role_norm=9.2995  enc_delta ego=0.0020 partner=0.0020 road=0.0021
[ROMA step 3,198,418,944] sps=816,597  policy_loss=-0.0054  value_loss=0.0427  mi_loss=0.0007  mi_valid=0.73  div_loss=-0.2656  kl_loss=0.0000 (disabled)  score=0.963  return=0.943  role_std=2.5971  role_norm=9.3289  enc_delta ego=0.0013 partner=0.0013 road=0.0020
[ROMA step 3,199,205,376] sps=810,526  policy_loss=0.0040  value_loss=0.0682  mi_loss=0.0007  mi_valid=0.72  div_loss=-0.2715  kl_loss=0.0000 (disabled)  score=0.963  return=0.942  role_std=2.3954  role_norm=9.7835  enc_delta ego=0.0013 partner=0.0014 road=0.0017
[ROMA step 3,199,991,808] sps=808,649  policy_loss=0.0009  value_loss=0.0599  mi_loss=0.0007  mi_valid=0.72  div_loss=-0.2637  kl_loss=0.0000 (disabled)  score=0.963  return=0.943  role_std=2.4716  role_norm=9.6273  enc_delta ego=0.0015 partner=0.0017 road=0.0022
[ROMA step 3,200,778,240] sps=806,858  policy_loss=-0.0025  value_loss=0.0793  mi_loss=0.0007  mi_valid=0.72  div_loss=-0.2695  kl_loss=0.0000 (disabled)  score=0.963  return=0.943  role_std=2.5532  role_norm=9.5688  enc_delta ego=0.0017 partner=0.0015 road=0.0021
[ROMA step 3,201,564,672] sps=801,549  policy_loss=-0.0015  value_loss=0.0579  mi_loss=0.0007  mi_valid=0.71  div_loss=-0.2695  kl_loss=0.0000 (disabled)  score=0.963  return=0.943  role_std=2.9574  role_norm=9.0847  enc_delta ego=0.0013 partner=0.0014 road=0.0017
[ROMA step 3,202,351,104] sps=799,739  policy_loss=-0.0015  value_loss=0.0462  mi_loss=0.0007  mi_valid=0.73  div_loss=-0.2676  kl_loss=0.0000 (disabled)  score=0.963  return=0.943  role_std=2.6046  role_norm=9.4175  enc_delta ego=0.0011 partner=0.0015 road=0.0018
[ROMA step 3,203,137,536] sps=797,979  policy_loss=-0.0029  value_loss=0.0489  mi_loss=0.0007  mi_valid=0.73  div_loss=-0.2754  kl_loss=0.0000 (disabled)  score=0.963  return=0.944  role_std=2.4582  role_norm=9.7091  enc_delta ego=0.0011 partner=0.0013 road=0.0014
[ROMA step 3,203,923,968] sps=796,222  policy_loss=-0.0008  value_loss=0.0519  mi_loss=0.0007  mi_valid=0.72  div_loss=-0.2852  kl_loss=0.0000 (disabled)  score=0.963  return=0.946  role_std=2.6065  role_norm=9.6617  enc_delta ego=0.0012 partner=0.0017 road=0.0021
[ROMA step 3,204,710,400] sps=790,662  policy_loss=-0.0024  value_loss=0.0885  mi_loss=0.0007  mi_valid=0.70  div_loss=-0.2988  kl_loss=0.0000 (disabled)  score=0.963  return=0.946  role_std=2.8260  role_norm=9.4189  enc_delta ego=0.0017 partner=0.0020 road=0.0025
[ROMA step 3,205,496,832] sps=788,927  policy_loss=-0.0014  value_loss=0.0830  mi_loss=0.0007  mi_valid=0.72  div_loss=-0.2969  kl_loss=0.0000 (disabled)  score=0.964  return=0.945  role_std=2.9880  role_norm=9.4212  enc_delta ego=0.0017 partner=0.0026 road=0.0029
[ROMA step 3,206,283,264] sps=787,227  policy_loss=0.0002  value_loss=0.0874  mi_loss=0.0007  mi_valid=0.72  div_loss=-0.3066  kl_loss=0.0000 (disabled)  score=0.963  return=0.942  role_std=2.9781  role_norm=9.4170  enc_delta ego=0.0017 partner=0.0019 road=0.0022
[ROMA step 3,207,069,696] sps=785,488  policy_loss=-0.0008  value_loss=0.0945  mi_loss=0.0008  mi_valid=0.72  div_loss=-0.3066  kl_loss=0.0000 (disabled)  score=0.964  return=0.941  role_std=2.7587  role_norm=9.7244  enc_delta ego=0.0020 partner=0.0018 road=0.0024
[ROMA step 3,207,856,128] sps=779,131  policy_loss=-0.0036  value_loss=0.1056  mi_loss=0.0008  mi_valid=0.71  div_loss=-0.3066  kl_loss=0.0000 (disabled)  score=0.964  return=0.940  role_std=2.7718  role_norm=9.7207  enc_delta ego=0.0027 partner=0.0019 road=0.0034
[ROMA step 3,208,642,560] sps=777,440  policy_loss=-0.0015  value_loss=0.0893  mi_loss=0.0008  mi_valid=0.73  div_loss=-0.2852  kl_loss=0.0000 (disabled)  score=0.964  return=0.939  role_std=2.7037  role_norm=9.5694  enc_delta ego=0.0022 partner=0.0029 road=0.0032
[ROMA step 3,209,428,992] sps=775,762  policy_loss=-0.0043  value_loss=0.0774  mi_loss=0.0008  mi_valid=0.73  div_loss=-0.2812  kl_loss=0.0000 (disabled)  score=0.963  return=0.938  role_std=2.7745  role_norm=9.6478  enc_delta ego=0.0015 partner=0.0017 road=0.0023
[ROMA step 3,210,215,424] sps=770,257  policy_loss=-0.0025  value_loss=0.0786  mi_loss=0.0007  mi_valid=0.71  div_loss=-0.2871  kl_loss=0.0000 (disabled)  score=0.963  return=0.937  role_std=2.9098  role_norm=9.4611  enc_delta ego=0.0018 partner=0.0019 road=0.0019
[ROMA step 3,211,001,856] sps=768,644  policy_loss=-0.0066  value_loss=0.0626  mi_loss=0.0007  mi_valid=0.73  div_loss=-0.2793  kl_loss=0.0000 (disabled)  score=0.963  return=0.937  role_std=2.7218  role_norm=9.8511  enc_delta ego=0.0020 partner=0.0018 road=0.0027
[ROMA step 3,211,788,288] sps=767,039  policy_loss=-0.0053  value_loss=0.0447  mi_loss=0.0007  mi_valid=0.72  div_loss=-0.2812  kl_loss=0.0000 (disabled)  score=0.963  return=0.938  role_std=2.7275  role_norm=9.9819  enc_delta ego=0.0014 partner=0.0016 road=0.0020
[ROMA step 3,212,574,720] sps=765,439  policy_loss=-0.0021  value_loss=0.0490  mi_loss=0.0007  mi_valid=0.72  div_loss=-0.2852  kl_loss=0.0000 (disabled)  score=0.963  return=0.940  role_std=2.7638  role_norm=9.8278  enc_delta ego=0.0012 partner=0.0014 road=0.0016
[ROMA step 3,213,361,152] sps=760,393  policy_loss=0.0034  value_loss=0.1062  mi_loss=0.0008  mi_valid=0.71  div_loss=-0.2832  kl_loss=0.0000 (disabled)  score=0.964  return=0.942  role_std=2.6768  role_norm=9.5852  enc_delta ego=0.0026 partner=0.0024 road=0.0037
[ROMA step 3,214,147,584] sps=758,801  policy_loss=-0.0049  value_loss=0.0729  mi_loss=0.0008  mi_valid=0.72  div_loss=-0.2695  kl_loss=0.0000 (disabled)  score=0.964  return=0.942  role_std=2.7558  role_norm=9.4482  enc_delta ego=0.0022 partner=0.0020 road=0.0025
[ROMA step 3,214,934,016] sps=757,211  policy_loss=-0.0081  value_loss=0.0595  mi_loss=0.0008  mi_valid=0.72  div_loss=-0.2734  kl_loss=0.0000 (disabled)  score=0.965  return=0.944  role_std=2.7772  role_norm=9.4639  enc_delta ego=0.0023 partner=0.0016 road=0.0025
[ROMA step 3,215,720,448] sps=751,698  policy_loss=-0.0017  value_loss=0.0882  mi_loss=0.0007  mi_valid=0.71  div_loss=-0.2754  kl_loss=0.0000 (disabled)  score=0.965  return=0.944  role_std=2.6227  role_norm=9.9591  enc_delta ego=0.0019 partner=0.0015 road=0.0025
[ROMA step 3,216,506,880] sps=750,168  policy_loss=0.0061  value_loss=0.0596  mi_loss=0.0007  mi_valid=0.73  div_loss=-0.2793  kl_loss=0.0000 (disabled)  score=0.966  return=0.947  role_std=2.6171  role_norm=9.9540  enc_delta ego=0.0017 partner=0.0015 road=0.0022
[ROMA step 3,217,293,312] sps=748,655  policy_loss=0.0021  value_loss=0.0702  mi_loss=0.0007  mi_valid=0.73  div_loss=-0.2812  kl_loss=0.0000 (disabled)  score=0.966  return=0.947  role_std=2.6395  role_norm=9.7533  enc_delta ego=0.0012 partner=0.0018 road=0.0019
[ROMA step 3,218,079,744] sps=747,132  policy_loss=-0.0005  value_loss=0.0488  mi_loss=0.0007  mi_valid=0.72  div_loss=-0.2852  kl_loss=0.0000 (disabled)  score=0.966  return=0.948  role_std=2.7610  role_norm=9.7874  enc_delta ego=0.0015 partner=0.0015 road=0.0017
[ROMA step 3,218,866,176] sps=741,986  policy_loss=0.0036  value_loss=0.0628  mi_loss=0.0007  mi_valid=0.71  div_loss=-0.2754  kl_loss=0.0000 (disabled)  score=0.966  return=0.948  role_std=2.8257  role_norm=9.3221  enc_delta ego=0.0014 partner=0.0021 road=0.0019
[ROMA step 3,219,652,608] sps=740,472  policy_loss=-0.0045  value_loss=0.0635  mi_loss=0.0007  mi_valid=0.73  div_loss=-0.2656  kl_loss=0.0000 (disabled)  score=0.966  return=0.947  role_std=2.5104  role_norm=9.6987  enc_delta ego=0.0017 partner=0.0024 road=0.0024
[ROMA step 3,220,439,040] sps=738,257  policy_loss=0.0027  value_loss=0.0668  mi_loss=0.0007  mi_valid=0.72  div_loss=-0.2637  kl_loss=0.0000 (disabled)  score=0.966  return=0.947  role_std=2.4828  role_norm=9.7279  enc_delta ego=0.0012 partner=0.0020 road=0.0018
[ROMA step 3,221,225,472] sps=733,286  policy_loss=-0.0059  value_loss=0.0592  mi_loss=0.0007  mi_valid=0.71  div_loss=-0.2754  kl_loss=0.0000 (disabled)  score=0.967  return=0.947  role_std=2.5289  role_norm=10.2138  enc_delta ego=0.0013 partner=0.0016 road=0.0022
[ROMA step 3,222,011,904] sps=731,821  policy_loss=-0.0022  value_loss=0.0782  mi_loss=0.0007  mi_valid=0.72  div_loss=-0.2754  kl_loss=0.0000 (disabled)  score=0.967  return=0.945  role_std=2.6815  role_norm=9.8460  enc_delta ego=0.0022 partner=0.0017 road=0.0028
[ROMA step 3,222,798,336] sps=730,349  policy_loss=-0.0008  value_loss=0.1032  mi_loss=0.0007  mi_valid=0.72  div_loss=-0.2676  kl_loss=0.0000 (disabled)  score=0.967  return=0.944  role_std=2.7556  role_norm=9.6951  enc_delta ego=0.0022 partner=0.0019 road=0.0030
[ROMA step 3,223,584,768] sps=728,877  policy_loss=0.0003  value_loss=0.1040  mi_loss=0.0007  mi_valid=0.72  div_loss=-0.2715  kl_loss=0.0000 (disabled)  score=0.966  return=0.941  role_std=2.7592  role_norm=9.8929  enc_delta ego=0.0020 partner=0.0018 road=0.0025
[ROMA step 3,224,371,200] sps=724,234  policy_loss=0.0067  value_loss=0.0825  mi_loss=0.0007  mi_valid=0.71  div_loss=-0.2793  kl_loss=0.0000 (disabled)  score=0.966  return=0.939  role_std=2.5500  role_norm=10.1468  enc_delta ego=0.0014 partner=0.0017 road=0.0022
[ROMA step 3,225,157,632] sps=722,831  policy_loss=-0.0002  value_loss=0.0658  mi_loss=0.0007  mi_valid=0.71  div_loss=-0.2715  kl_loss=0.0000 (disabled)  score=0.966  return=0.938  role_std=2.5943  role_norm=10.0847  enc_delta ego=0.0017 partner=0.0020 road=0.0024
[ROMA step 3,225,944,064] sps=721,430  policy_loss=0.0036  value_loss=0.0427  mi_loss=0.0007  mi_valid=0.71  div_loss=-0.2734  kl_loss=0.0000 (disabled)  score=0.966  return=0.940  role_std=2.7292  role_norm=10.1521  enc_delta ego=0.0012 partner=0.0019 road=0.0019
[ROMA step 3,226,730,496] sps=716,665  policy_loss=-0.0045  value_loss=0.0550  mi_loss=0.0007  mi_valid=0.69  div_loss=-0.2793  kl_loss=0.0000 (disabled)  score=0.966  return=0.943  role_std=3.1756  role_norm=9.4499  enc_delta ego=0.0011 partner=0.0013 road=0.0018
[ROMA step 3,227,516,928] sps=715,290  policy_loss=-0.0010  value_loss=0.0593  mi_loss=0.0007  mi_valid=0.72  div_loss=-0.2676  kl_loss=0.0000 (disabled)  score=0.966  return=0.944  role_std=2.8252  role_norm=9.7341  enc_delta ego=0.0013 partner=0.0015 road=0.0016
[ROMA step 3,228,303,360] sps=713,928  policy_loss=-0.0076  value_loss=0.0508  mi_loss=0.0007  mi_valid=0.72  div_loss=-0.2773  kl_loss=0.0000 (disabled)  score=0.966  return=0.946  role_std=2.6509  role_norm=10.1903  enc_delta ego=0.0011 partner=0.0017 road=0.0017
[ROMA step 3,229,089,792] sps=712,575  policy_loss=-0.0036  value_loss=0.0441  mi_loss=0.0007  mi_valid=0.72  div_loss=-0.2891  kl_loss=0.0000 (disabled)  score=0.967  return=0.947  role_std=2.7171  role_norm=10.1323  enc_delta ego=0.0011 partner=0.0013 road=0.0019
[ROMA step 3,229,876,224] sps=708,048  policy_loss=-0.0069  value_loss=0.0605  mi_loss=0.0007  mi_valid=0.70  div_loss=-0.2910  kl_loss=0.0000 (disabled)  score=0.967  return=0.947  role_std=2.7381  role_norm=9.7052  enc_delta ego=0.0013 partner=0.0017 road=0.0025
[ROMA step 3,230,662,656] sps=706,702  policy_loss=0.0009  value_loss=0.0564  mi_loss=0.0007  mi_valid=0.73  div_loss=-0.2793  kl_loss=0.0000 (disabled)  score=0.967  return=0.947  role_std=2.8429  role_norm=9.8727  enc_delta ego=0.0014 partner=0.0017 road=0.0025
[ROMA step 3,231,449,088] sps=705,362  policy_loss=-0.0033  value_loss=0.0517  mi_loss=0.0007  mi_valid=0.72  div_loss=-0.2832  kl_loss=0.0000 (disabled)  score=0.966  return=0.946  role_std=2.9503  role_norm=9.7093  enc_delta ego=0.0016 partner=0.0014 road=0.0021
[ROMA step 3,232,235,520] sps=704,018  policy_loss=-0.0072  value_loss=0.0611  mi_loss=0.0007  mi_valid=0.73  div_loss=-0.2832  kl_loss=0.0000 (disabled)  score=0.966  return=0.944  role_std=2.6107  role_norm=9.9831  enc_delta ego=0.0014 partner=0.0015 road=0.0021
[ROMA step 3,233,021,952] sps=699,861  policy_loss=0.0057  value_loss=0.0728  mi_loss=0.0008  mi_valid=0.71  div_loss=-0.2871  kl_loss=0.0000 (disabled)  score=0.966  return=0.944  role_std=2.5928  role_norm=10.0948  enc_delta ego=0.0019 partner=0.0025 road=0.0022
[ROMA step 3,233,808,384] sps=698,555  policy_loss=-0.0066  value_loss=0.0576  mi_loss=0.0008  mi_valid=0.72  div_loss=-0.2832  kl_loss=0.0000 (disabled)  score=0.965  return=0.944  role_std=2.7553  role_norm=10.0074  enc_delta ego=0.0026 partner=0.0032 road=0.0027
[ROMA step 3,234,594,816] sps=697,258  policy_loss=-0.0040  value_loss=0.0610  mi_loss=0.0008  mi_valid=0.72  div_loss=-0.2891  kl_loss=0.0000 (disabled)  score=0.965  return=0.944  role_std=2.7882  role_norm=9.8529  enc_delta ego=0.0017 partner=0.0020 road=0.0024
[ROMA step 3,235,381,248] sps=693,078  policy_loss=0.0000  value_loss=0.0741  mi_loss=0.0007  mi_valid=0.71  div_loss=-0.2852  kl_loss=0.0000 (disabled)  score=0.965  return=0.946  role_std=2.8287  role_norm=9.5424  enc_delta ego=0.0019 partner=0.0018 road=0.0020
[ROMA step 3,236,167,680] sps=691,804  policy_loss=0.0017  value_loss=0.0614  mi_loss=0.0007  mi_valid=0.73  div_loss=-0.2656  kl_loss=0.0000 (disabled)  score=0.965  return=0.948  role_std=2.6614  role_norm=9.9028  enc_delta ego=0.0020 partner=0.0019 road=0.0023
[ROMA step 3,236,954,112] sps=690,523  policy_loss=0.0008  value_loss=0.0566  mi_loss=0.0007  mi_valid=0.73  div_loss=-0.2695  kl_loss=0.0000 (disabled)  score=0.965  return=0.947  role_std=2.6520  role_norm=10.1137  enc_delta ego=0.0014 partner=0.0020 road=0.0019
[ROMA step 3,237,740,544] sps=689,237  policy_loss=-0.0047  value_loss=0.0550  mi_loss=0.0007  mi_valid=0.73  div_loss=-0.2676  kl_loss=0.0000 (disabled)  score=0.965  return=0.946  role_std=2.5188  role_norm=9.9823  enc_delta ego=0.0012 partner=0.0019 road=0.0021
[ROMA step 3,238,526,976] sps=684,994  policy_loss=0.0022  value_loss=0.0877  mi_loss=0.0008  mi_valid=0.70  div_loss=-0.2773  kl_loss=0.0000 (disabled)  score=0.966  return=0.946  role_std=2.8643  role_norm=10.2404  enc_delta ego=0.0017 partner=0.0017 road=0.0026
[ROMA step 3,239,313,408] sps=683,740  policy_loss=0.0010  value_loss=0.0638  mi_loss=0.0008  mi_valid=0.72  div_loss=-0.2695  kl_loss=0.0000 (disabled)  score=0.965  return=0.945  role_std=2.7530  role_norm=9.9598  enc_delta ego=0.0014 partner=0.0012 road=0.0021
[ROMA step 3,240,099,840] sps=682,479  policy_loss=-0.0017  value_loss=0.0595  mi_loss=0.0007  mi_valid=0.72  div_loss=-0.2773  kl_loss=0.0000 (disabled)  score=0.965  return=0.945  role_std=2.7995  role_norm=9.9730  enc_delta ego=0.0010 partner=0.0015 road=0.0019
[ROMA step 3,240,886,272] sps=678,157  policy_loss=0.0017  value_loss=0.0717  mi_loss=0.0007  mi_valid=0.71  div_loss=-0.2832  kl_loss=0.0000 (disabled)  score=0.965  return=0.945  role_std=2.6488  role_norm=10.2859  enc_delta ego=0.0010 partner=0.0010 road=0.0018
[ROMA step 3,241,672,704] sps=676,941  policy_loss=0.0000  value_loss=0.0487  mi_loss=0.0008  mi_valid=0.72  div_loss=-0.2871  kl_loss=0.0000 (disabled)  score=0.965  return=0.945  role_std=2.8313  role_norm=10.3095  enc_delta ego=0.0022 partner=0.0017 road=0.0027
[ROMA step 3,242,459,136] sps=675,726  policy_loss=-0.0026  value_loss=0.0578  mi_loss=0.0008  mi_valid=0.72  div_loss=-0.2852  kl_loss=0.0000 (disabled)  score=0.965  return=0.945  role_std=2.8828  role_norm=10.3560  enc_delta ego=0.0018 partner=0.0014 road=0.0020
[ROMA step 3,243,245,568] sps=674,517  policy_loss=-0.0020  value_loss=0.0526  mi_loss=0.0008  mi_valid=0.72  div_loss=-0.2754  kl_loss=0.0000 (disabled)  score=0.965  return=0.947  role_std=2.9052  role_norm=10.3341  enc_delta ego=0.0017 partner=0.0012 road=0.0017
[ROMA step 3,244,032,000] sps=670,617  policy_loss=0.0007  value_loss=0.0507  mi_loss=0.0007  mi_valid=0.71  div_loss=-0.2734  kl_loss=0.0000 (disabled)  score=0.965  return=0.949  role_std=2.9879  role_norm=10.1070  enc_delta ego=0.0012 partner=0.0012 road=0.0017
[ROMA step 3,244,818,432] sps=669,409  policy_loss=-0.0058  value_loss=0.0506  mi_loss=0.0007  mi_valid=0.73  div_loss=-0.2695  kl_loss=0.0000 (disabled)  score=0.965  return=0.951  role_std=2.6624  role_norm=10.4090  enc_delta ego=0.0015 partner=0.0015 road=0.0027
[ROMA step 3,245,604,864] sps=668,212  policy_loss=0.0060  value_loss=0.0440  mi_loss=0.0007  mi_valid=0.72  div_loss=-0.2695  kl_loss=0.0000 (disabled)  score=0.965  return=0.952  role_std=2.6265  role_norm=10.2766  enc_delta ego=0.0013 partner=0.0013 road=0.0020
[ROMA step 3,246,391,296] sps=664,019  policy_loss=-0.0009  value_loss=0.0455  mi_loss=0.0007  mi_valid=0.71  div_loss=-0.2754  kl_loss=0.0000 (disabled)  score=0.966  return=0.953  role_std=2.6155  role_norm=10.6802  enc_delta ego=0.0011 partner=0.0009 road=0.0014
[ROMA step 3,247,177,728] sps=662,860  policy_loss=-0.0061  value_loss=0.0491  mi_loss=0.0007  mi_valid=0.71  div_loss=-0.2734  kl_loss=0.0000 (disabled)  score=0.966  return=0.954  role_std=2.8095  role_norm=10.4045  enc_delta ego=0.0014 partner=0.0009 road=0.0019
[ROMA step 3,247,964,160] sps=661,706  policy_loss=-0.0006  value_loss=0.0531  mi_loss=0.0007  mi_valid=0.72  div_loss=-0.2656  kl_loss=0.0000 (disabled)  score=0.966  return=0.953  role_std=2.7910  role_norm=10.1521  enc_delta ego=0.0010 partner=0.0013 road=0.0016
[ROMA step 3,248,750,592] sps=660,546  policy_loss=-0.0084  value_loss=0.0515  mi_loss=0.0007  mi_valid=0.72  div_loss=-0.2676  kl_loss=0.0000 (disabled)  score=0.966  return=0.954  role_std=2.8687  role_norm=10.1655  enc_delta ego=0.0010 partner=0.0010 road=0.0018
[ROMA step 3,249,537,024] sps=656,448  policy_loss=-0.0070  value_loss=0.0476  mi_loss=0.0007  mi_valid=0.72  div_loss=-0.2734  kl_loss=0.0000 (disabled)  score=0.966  return=0.954  role_std=2.5572  role_norm=10.3549  enc_delta ego=0.0016 partner=0.0015 road=0.0029
[ROMA step 3,250,323,456] sps=655,328  policy_loss=-0.0035  value_loss=0.0551  mi_loss=0.0007  mi_valid=0.72  div_loss=-0.2656  kl_loss=0.0000 (disabled)  score=0.966  return=0.954  role_std=2.6645  role_norm=10.2809  enc_delta ego=0.0016 partner=0.0019 road=0.0024
[ROMA] Saved -> /scratch/e452103/checkpoints/roma_mifutagent_dim1_H8_r16p64_ft_paperrew_pc_nodiv/roma_dim1_step3250323456.pt
[ROMA step 3,251,109,888] sps=654,205  policy_loss=0.0016  value_loss=0.0447  mi_loss=0.0007  mi_valid=0.73  div_loss=-0.2715  kl_loss=0.0000 (disabled)  score=0.966  return=0.955  role_std=2.6082  role_norm=10.2669  enc_delta ego=0.0019 partner=0.0021 road=0.0022
[ROMA step 3,251,896,320] sps=650,217  policy_loss=-0.0042  value_loss=0.0410  mi_loss=0.0008  mi_valid=0.71  div_loss=-0.2793  kl_loss=0.0000 (disabled)  score=0.967  return=0.957  role_std=3.1313  role_norm=9.6957  enc_delta ego=0.0010 partner=0.0011 road=0.0015
[ROMA step 3,252,682,752] sps=649,103  policy_loss=0.0001  value_loss=0.0491  mi_loss=0.0008  mi_valid=0.72  div_loss=-0.2754  kl_loss=0.0000 (disabled)  score=0.967  return=0.957  role_std=3.0693  role_norm=9.9522  enc_delta ego=0.0013 partner=0.0018 road=0.0021
[ROMA step 3,253,469,184] sps=647,983  policy_loss=0.0056  value_loss=0.0713  mi_loss=0.0008  mi_valid=0.73  div_loss=-0.2695  kl_loss=0.0000 (disabled)  score=0.967  return=0.957  role_std=2.6417  role_norm=10.2674  enc_delta ego=0.0017 partner=0.0014 road=0.0020
[ROMA step 3,254,255,616] sps=646,876  policy_loss=-0.0051  value_loss=0.0479  mi_loss=0.0008  mi_valid=0.72  div_loss=-0.2715  kl_loss=0.0000 (disabled)  score=0.967  return=0.956  role_std=2.7552  role_norm=10.3468  enc_delta ego=0.0015 partner=0.0015 road=0.0017
[ROMA step 3,255,042,048] sps=643,207  policy_loss=-0.0019  value_loss=0.0749  mi_loss=0.0008  mi_valid=0.71  div_loss=-0.2773  kl_loss=0.0000 (disabled)  score=0.967  return=0.956  role_std=2.6884  role_norm=10.2046  enc_delta ego=0.0017 partner=0.0019 road=0.0025
[ROMA step 3,255,828,480] sps=642,118  policy_loss=-0.0019  value_loss=0.0648  mi_loss=0.0008  mi_valid=0.72  div_loss=-0.2773  kl_loss=0.0000 (disabled)  score=0.967  return=0.955  role_std=2.7746  role_norm=10.1411  enc_delta ego=0.0014 partner=0.0019 road=0.0022
[ROMA step 3,256,614,912] sps=641,035  policy_loss=-0.0023  value_loss=0.0634  mi_loss=0.0008  mi_valid=0.72  div_loss=-0.2793  kl_loss=0.0000 (disabled)  score=0.967  return=0.954  role_std=2.9995  role_norm=10.0453  enc_delta ego=0.0014 partner=0.0022 road=0.0022
[ROMA step 3,257,401,344] sps=639,959  policy_loss=-0.0031  value_loss=0.0588  mi_loss=0.0007  mi_valid=0.73  div_loss=-0.2812  kl_loss=0.0000 (disabled)  score=0.966  return=0.952  role_std=2.9918  role_norm=10.0273  enc_delta ego=0.0012 partner=0.0017 road=0.0017
[ROMA step 3,258,187,776] sps=635,864  policy_loss=0.0015  value_loss=0.0776  mi_loss=0.0007  mi_valid=0.71  div_loss=-0.2695  kl_loss=0.0000 (disabled)  score=0.967  return=0.952  role_std=2.7269  role_norm=10.4099  enc_delta ego=0.0023 partner=0.0019 road=0.0030
[ROMA step 3,258,974,208] sps=634,804  policy_loss=0.0077  value_loss=0.0817  mi_loss=0.0007  mi_valid=0.72  div_loss=-0.2598  kl_loss=0.0000 (disabled)  score=0.966  return=0.951  role_std=2.6356  role_norm=10.3790  enc_delta ego=0.0019 partner=0.0013 road=0.0017
[ROMA step 3,259,760,640] sps=633,744  policy_loss=-0.0005  value_loss=0.0482  mi_loss=0.0007  mi_valid=0.72  div_loss=-0.2598  kl_loss=0.0000 (disabled)  score=0.966  return=0.951  role_std=2.6600  role_norm=10.3373  enc_delta ego=0.0009 partner=0.0010 road=0.0016
[ROMA step 3,260,547,072] sps=630,041  policy_loss=-0.0058  value_loss=0.0972  mi_loss=0.0007  mi_valid=0.70  div_loss=-0.2754  kl_loss=0.0000 (disabled)  score=0.966  return=0.950  role_std=2.8221  role_norm=10.1923  enc_delta ego=0.0014 partner=0.0019 road=0.0022
[ROMA step 3,261,333,504] sps=628,981  policy_loss=0.0012  value_loss=0.0558  mi_loss=0.0007  mi_valid=0.72  div_loss=-0.2715  kl_loss=0.0000 (disabled)  score=0.966  return=0.950  role_std=2.8980  role_norm=9.9768  enc_delta ego=0.0013 partner=0.0016 road=0.0022
[ROMA step 3,262,119,936] sps=627,927  policy_loss=-0.0027  value_loss=0.0718  mi_loss=0.0007  mi_valid=0.72  div_loss=-0.2734  kl_loss=0.0000 (disabled)  score=0.966  return=0.950  role_std=2.7147  role_norm=10.4777  enc_delta ego=0.0018 partner=0.0019 road=0.0022
[ROMA step 3,262,906,368] sps=626,856  policy_loss=0.0041  value_loss=0.0693  mi_loss=0.0007  mi_valid=0.72  div_loss=-0.2734  kl_loss=0.0000 (disabled)  score=0.966  return=0.949  role_std=2.8119  role_norm=10.4606  enc_delta ego=0.0014 partner=0.0014 road=0.0021
[ROMA step 3,263,692,800] sps=623,269  policy_loss=-0.0029  value_loss=0.0638  mi_loss=0.0008  mi_valid=0.71  div_loss=-0.2773  kl_loss=0.0000 (disabled)  score=0.967  return=0.949  role_std=2.9335  role_norm=10.4417  enc_delta ego=0.0012 partner=0.0017 road=0.0021
[ROMA step 3,264,479,232] sps=622,161  policy_loss=0.0009  value_loss=0.0671  mi_loss=0.0008  mi_valid=0.72  div_loss=-0.2715  kl_loss=0.0000 (disabled)  score=0.966  return=0.947  role_std=2.7303  role_norm=10.3508  enc_delta ego=0.0017 partner=0.0020 road=0.0029
[ROMA step 3,265,265,664] sps=621,132  policy_loss=-0.0020  value_loss=0.0571  mi_loss=0.0008  mi_valid=0.72  div_loss=-0.2676  kl_loss=0.0000 (disabled)  score=0.966  return=0.945  role_std=2.9519  role_norm=10.1567  enc_delta ego=0.0012 partner=0.0012 road=0.0019
[ROMA step 3,266,052,096] sps=617,689  policy_loss=-0.0017  value_loss=0.0748  mi_loss=0.0007  mi_valid=0.71  div_loss=-0.2715  kl_loss=0.0000 (disabled)  score=0.966  return=0.944  role_std=2.7884  role_norm=10.6862  enc_delta ego=0.0014 partner=0.0017 road=0.0022
[ROMA step 3,266,838,528] sps=616,678  policy_loss=-0.0036  value_loss=0.0577  mi_loss=0.0007  mi_valid=0.72  div_loss=-0.2715  kl_loss=0.0000 (disabled)  score=0.966  return=0.943  role_std=2.7581  role_norm=10.6138  enc_delta ego=0.0014 partner=0.0018 road=0.0019
[ROMA step 3,267,624,960] sps=615,662  policy_loss=-0.0094  value_loss=0.0566  mi_loss=0.0007  mi_valid=0.72  div_loss=-0.2715  kl_loss=0.0000 (disabled)  score=0.965  return=0.943  role_std=2.7900  role_norm=10.5738  enc_delta ego=0.0013 partner=0.0018 road=0.0016
[ROMA step 3,268,411,392] sps=614,663  policy_loss=0.0010  value_loss=0.0637  mi_loss=0.0007  mi_valid=0.72  div_loss=-0.2695  kl_loss=0.0000 (disabled)  score=0.965  return=0.943  role_std=2.9055  role_norm=10.4749  enc_delta ego=0.0013 partner=0.0015 road=0.0017
[ROMA step 3,269,197,824] sps=611,494  policy_loss=0.0004  value_loss=0.0756  mi_loss=0.0008  mi_valid=0.70  div_loss=-0.2793  kl_loss=0.0000 (disabled)  score=0.966  return=0.943  role_std=3.0316  role_norm=10.2812  enc_delta ego=0.0016 partner=0.0017 road=0.0021
[ROMA step 3,269,984,256] sps=610,482  policy_loss=0.0013  value_loss=0.0873  mi_loss=0.0007  mi_valid=0.73  div_loss=-0.2715  kl_loss=0.0000 (disabled)  score=0.965  return=0.941  role_std=2.8034  role_norm=10.6861  enc_delta ego=0.0013 partner=0.0016 road=0.0019
[ROMA step 3,270,770,688] sps=609,492  policy_loss=-0.0058  value_loss=0.0676  mi_loss=0.0007  mi_valid=0.73  div_loss=-0.2695  kl_loss=0.0000 (disabled)  score=0.965  return=0.939  role_std=2.7437  role_norm=10.7787  enc_delta ego=0.0012 partner=0.0016 road=0.0019
[ROMA step 3,271,557,120] sps=606,094  policy_loss=-0.0028  value_loss=0.0676  mi_loss=0.0007  mi_valid=0.71  div_loss=-0.2734  kl_loss=0.0000 (disabled)  score=0.965  return=0.938  role_std=2.6277  role_norm=10.9761  enc_delta ego=0.0013 partner=0.0015 road=0.0019
[ROMA step 3,272,343,552] sps=605,130  policy_loss=-0.0046  value_loss=0.0552  mi_loss=0.0007  mi_valid=0.73  div_loss=-0.2656  kl_loss=0.0000 (disabled)  score=0.964  return=0.936  role_std=2.9176  role_norm=10.5661  enc_delta ego=0.0017 partner=0.0016 road=0.0022
[ROMA step 3,273,129,984] sps=604,164  policy_loss=0.0013  value_loss=0.0531  mi_loss=0.0007  mi_valid=0.73  div_loss=-0.2656  kl_loss=0.0000 (disabled)  score=0.964  return=0.936  role_std=2.8508  role_norm=10.4488  enc_delta ego=0.0016 partner=0.0017 road=0.0020
[ROMA step 3,273,916,416] sps=603,203  policy_loss=-0.0089  value_loss=0.0395  mi_loss=0.0007  mi_valid=0.72  div_loss=-0.2676  kl_loss=0.0000 (disabled)  score=0.964  return=0.937  role_std=3.0026  role_norm=10.3564  enc_delta ego=0.0010 partner=0.0014 road=0.0019
[ROMA step 3,274,702,848] sps=599,644  policy_loss=0.0038  value_loss=0.0973  mi_loss=0.0008  mi_valid=0.71  div_loss=-0.2812  kl_loss=0.0000 (disabled)  score=0.964  return=0.938  role_std=2.6215  role_norm=10.7215  enc_delta ego=0.0016 partner=0.0019 road=0.0030
[ROMA step 3,275,489,280] sps=598,718  policy_loss=0.0006  value_loss=0.0815  mi_loss=0.0008  mi_valid=0.73  div_loss=-0.2793  kl_loss=0.0000 (disabled)  score=0.964  return=0.937  role_std=2.8047  role_norm=10.8064  enc_delta ego=0.0016 partner=0.0018 road=0.0022
[ROMA step 3,276,275,712] sps=597,796  policy_loss=0.0021  value_loss=0.0816  mi_loss=0.0008  mi_valid=0.73  div_loss=-0.2793  kl_loss=0.0000 (disabled)  score=0.964  return=0.937  role_std=2.8206  role_norm=10.7254  enc_delta ego=0.0024 partner=0.0016 road=0.0023
[ROMA step 3,277,062,144] sps=594,559  policy_loss=0.0012  value_loss=0.0781  mi_loss=0.0008  mi_valid=0.71  div_loss=-0.2988  kl_loss=0.0000 (disabled)  score=0.964  return=0.936  role_std=3.2123  role_norm=10.0432  enc_delta ego=0.0012 partner=0.0014 road=0.0021
[ROMA step 3,277,848,576] sps=593,651  policy_loss=-0.0028  value_loss=0.0606  mi_loss=0.0008  mi_valid=0.72  div_loss=-0.2852  kl_loss=0.0000 (disabled)  score=0.964  return=0.937  role_std=3.2493  role_norm=10.2754  enc_delta ego=0.0011 partner=0.0015 road=0.0016
[ROMA step 3,278,635,008] sps=592,744  policy_loss=-0.0008  value_loss=0.0472  mi_loss=0.0008  mi_valid=0.72  div_loss=-0.2832  kl_loss=0.0000 (disabled)  score=0.965  return=0.938  role_std=2.9386  role_norm=10.7666  enc_delta ego=0.0011 partner=0.0012 road=0.0016
[ROMA step 3,279,421,440] sps=591,840  policy_loss=0.0040  value_loss=0.0568  mi_loss=0.0007  mi_valid=0.73  div_loss=-0.2871  kl_loss=0.0000 (disabled)  score=0.965  return=0.939  role_std=2.8231  role_norm=10.6956  enc_delta ego=0.0012 partner=0.0015 road=0.0017
[ROMA step 3,280,207,872] sps=588,730  policy_loss=-0.0036  value_loss=0.0782  mi_loss=0.0007  mi_valid=0.71  div_loss=-0.2910  kl_loss=0.0000 (disabled)  score=0.965  return=0.939  role_std=2.9077  role_norm=10.6810  enc_delta ego=0.0015 partner=0.0020 road=0.0021
[ROMA step 3,280,994,304] sps=587,831  policy_loss=-0.0015  value_loss=0.0948  mi_loss=0.0007  mi_valid=0.72  div_loss=-0.2773  kl_loss=0.0000 (disabled)  score=0.965  return=0.938  role_std=2.9562  role_norm=10.3665  enc_delta ego=0.0019 partner=0.0021 road=0.0025
[ROMA step 3,281,780,736] sps=586,936  policy_loss=0.0028  value_loss=0.0790  mi_loss=0.0007  mi_valid=0.72  div_loss=-0.2832  kl_loss=0.0000 (disabled)  score=0.965  return=0.938  role_std=3.0547  role_norm=10.3407  enc_delta ego=0.0018 partner=0.0020 road=0.0020
[ROMA step 3,282,567,168] sps=586,041  policy_loss=-0.0041  value_loss=0.0655  mi_loss=0.0007  mi_valid=0.72  div_loss=-0.2852  kl_loss=0.0000 (disabled)  score=0.965  return=0.937  role_std=3.0949  role_norm=10.4513  enc_delta ego=0.0014 partner=0.0019 road=0.0018
[ROMA step 3,283,353,600] sps=582,566  policy_loss=0.0028  value_loss=0.0963  mi_loss=0.0008  mi_valid=0.72  div_loss=-0.2930  kl_loss=0.0000 (disabled)  score=0.965  return=0.938  role_std=2.8742  role_norm=10.7969  enc_delta ego=0.0014 partner=0.0021 road=0.0023
[ROMA step 3,284,140,032] sps=581,686  policy_loss=-0.0031  value_loss=0.0711  mi_loss=0.0008  mi_valid=0.72  div_loss=-0.2852  kl_loss=0.0000 (disabled)  score=0.965  return=0.938  role_std=3.0028  role_norm=10.9541  enc_delta ego=0.0013 partner=0.0018 road=0.0021
[ROMA step 3,284,926,464] sps=580,760  policy_loss=0.0009  value_loss=0.0748  mi_loss=0.0008  mi_valid=0.72  div_loss=-0.2852  kl_loss=0.0000 (disabled)  score=0.964  return=0.937  role_std=3.1077  role_norm=10.9028  enc_delta ego=0.0014 partner=0.0014 road=0.0018
[ROMA step 3,285,712,896] sps=577,642  policy_loss=0.0012  value_loss=0.0740  mi_loss=0.0008  mi_valid=0.71  div_loss=-0.2852  kl_loss=0.0000 (disabled)  score=0.965  return=0.938  role_std=3.2150  role_norm=10.7242  enc_delta ego=0.0017 partner=0.0011 road=0.0019
[ROMA step 3,286,499,328] sps=576,786  policy_loss=-0.0056  value_loss=0.0538  mi_loss=0.0007  mi_valid=0.73  div_loss=-0.2734  kl_loss=0.0000 (disabled)  score=0.965  return=0.938  role_std=3.1542  role_norm=10.7011  enc_delta ego=0.0015 partner=0.0017 road=0.0025
[ROMA step 3,287,285,760] sps=575,894  policy_loss=-0.0004  value_loss=0.0698  mi_loss=0.0007  mi_valid=0.73  div_loss=-0.2793  kl_loss=0.0000 (disabled)  score=0.964  return=0.938  role_std=2.8520  role_norm=11.1149  enc_delta ego=0.0015 partner=0.0014 road=0.0019
[ROMA step 3,288,072,192] sps=575,026  policy_loss=-0.0057  value_loss=0.0692  mi_loss=0.0007  mi_valid=0.73  div_loss=-0.2852  kl_loss=0.0000 (disabled)  score=0.965  return=0.938  role_std=3.0615  role_norm=11.1235  enc_delta ego=0.0025 partner=0.0014 road=0.0029
[ROMA step 3,288,858,624] sps=572,232  policy_loss=-0.0004  value_loss=0.0714  mi_loss=0.0007  mi_valid=0.72  div_loss=-0.2754  kl_loss=0.0000 (disabled)  score=0.965  return=0.939  role_std=2.8758  role_norm=10.9499  enc_delta ego=0.0014 partner=0.0016 road=0.0021
[ROMA step 3,289,645,056] sps=571,391  policy_loss=0.0065  value_loss=0.0703  mi_loss=0.0008  mi_valid=0.73  div_loss=-0.2734  kl_loss=0.0000 (disabled)  score=0.965  return=0.937  role_std=3.0335  role_norm=10.8007  enc_delta ego=0.0012 partner=0.0016 road=0.0019
[ROMA step 3,290,431,488] sps=570,518  policy_loss=0.0034  value_loss=0.0595  mi_loss=0.0007  mi_valid=0.73  div_loss=-0.2676  kl_loss=0.0000 (disabled)  score=0.964  return=0.936  role_std=3.1851  role_norm=10.7206  enc_delta ego=0.0010 partner=0.0013 road=0.0016
[ROMA step 3,291,217,920] sps=567,232  policy_loss=0.0071  value_loss=0.0852  mi_loss=0.0008  mi_valid=0.71  div_loss=-0.2773  kl_loss=0.0000 (disabled)  score=0.964  return=0.936  role_std=2.9385  role_norm=11.2611  enc_delta ego=0.0014 partner=0.0015 road=0.0019
[ROMA step 3,292,004,352] sps=566,412  policy_loss=-0.0049  value_loss=0.0800  mi_loss=0.0008  mi_valid=0.72  div_loss=-0.2832  kl_loss=0.0000 (disabled)  score=0.964  return=0.937  role_std=2.9891  role_norm=11.1891  enc_delta ego=0.0013 partner=0.0020 road=0.0021
[ROMA step 3,292,790,784] sps=565,531  policy_loss=0.0071  value_loss=0.0925  mi_loss=0.0008  mi_valid=0.72  div_loss=-0.2891  kl_loss=0.0000 (disabled)  score=0.965  return=0.938  role_std=3.1245  role_norm=11.1819  enc_delta ego=0.0013 partner=0.0022 road=0.0029
[ROMA step 3,293,577,216] sps=564,710  policy_loss=0.0056  value_loss=0.0687  mi_loss=0.0008  mi_valid=0.72  div_loss=-0.2949  kl_loss=0.0000 (disabled)  score=0.965  return=0.938  role_std=3.2070  role_norm=10.9487  enc_delta ego=0.0011 partner=0.0017 road=0.0020
[ROMA step 3,294,363,648] sps=561,706  policy_loss=-0.0028  value_loss=0.0663  mi_loss=0.0008  mi_valid=0.71  div_loss=-0.2891  kl_loss=0.0000 (disabled)  score=0.965  return=0.938  role_std=3.3841  role_norm=10.6557  enc_delta ego=0.0012 partner=0.0015 road=0.0016
[ROMA step 3,295,150,080] sps=560,866  policy_loss=-0.0018  value_loss=0.0523  mi_loss=0.0007  mi_valid=0.73  div_loss=-0.2773  kl_loss=0.0000 (disabled)  score=0.965  return=0.938  role_std=3.0631  role_norm=10.9046  enc_delta ego=0.0015 partner=0.0013 road=0.0017
[ROMA step 3,295,936,512] sps=560,057  policy_loss=-0.0055  value_loss=0.0556  mi_loss=0.0007  mi_valid=0.73  div_loss=-0.2734  kl_loss=0.0000 (disabled)  score=0.965  return=0.938  role_std=2.7567  role_norm=11.2217  enc_delta ego=0.0012 partner=0.0014 road=0.0017
[ROMA step 3,296,722,944] sps=557,289  policy_loss=-0.0049  value_loss=0.0639  mi_loss=0.0008  mi_valid=0.71  div_loss=-0.2793  kl_loss=0.0000 (disabled)  score=0.965  return=0.940  role_std=2.8660  role_norm=11.3586  enc_delta ego=0.0013 partner=0.0013 road=0.0017
[ROMA step 3,297,509,376] sps=556,473  policy_loss=-0.0042  value_loss=0.0654  mi_loss=0.0008  mi_valid=0.72  div_loss=-0.2734  kl_loss=0.0000 (disabled)  score=0.965  return=0.940  role_std=2.9578  role_norm=10.8963  enc_delta ego=0.0018 partner=0.0013 road=0.0019
[ROMA step 3,298,295,808] sps=555,676  policy_loss=-0.0041  value_loss=0.0720  mi_loss=0.0008  mi_valid=0.72  div_loss=-0.2793  kl_loss=0.0000 (disabled)  score=0.965  return=0.940  role_std=3.0711  role_norm=10.7897  enc_delta ego=0.0020 partner=0.0013 road=0.0017
[ROMA step 3,299,082,240] sps=554,887  policy_loss=-0.0025  value_loss=0.0623  mi_loss=0.0008  mi_valid=0.72  div_loss=-0.2773  kl_loss=0.0000 (disabled)  score=0.965  return=0.939  role_std=3.2326  role_norm=10.6676  enc_delta ego=0.0020 partner=0.0011 road=0.0015
[ROMA step 3,299,868,672] sps=552,258  policy_loss=-0.0012  value_loss=0.0604  mi_loss=0.0008  mi_valid=0.71  div_loss=-0.2656  kl_loss=0.0000 (disabled)  score=0.965  return=0.939  role_std=2.7440  role_norm=10.8770  enc_delta ego=0.0013 partner=0.0014 road=0.0018
[ROMA step 3,300,655,104] sps=551,474  policy_loss=-0.0054  value_loss=0.0524  mi_loss=0.0008  mi_valid=0.72  div_loss=-0.2578  kl_loss=0.0000 (disabled)  score=0.965  return=0.940  role_std=2.6734  role_norm=10.9979  enc_delta ego=0.0011 partner=0.0015 road=0.0015
[ROMA step 3,301,441,536] sps=550,657  policy_loss=0.0027  value_loss=0.0527  mi_loss=0.0008  mi_valid=0.73  div_loss=-0.2598  kl_loss=0.0000 (disabled)  score=0.965  return=0.940  role_std=2.7164  role_norm=11.0159  enc_delta ego=0.0013 partner=0.0013 road=0.0013
[ROMA step 3,302,227,968] sps=548,294  policy_loss=-0.0018  value_loss=0.0626  mi_loss=0.0008  mi_valid=0.71  div_loss=-0.2637  kl_loss=0.0000 (disabled)  score=0.965  return=0.942  role_std=2.9267  role_norm=10.2902  enc_delta ego=0.0015 partner=0.0013 road=0.0018
[ROMA step 3,303,014,400] sps=547,517  policy_loss=0.0025  value_loss=0.0556  mi_loss=0.0007  mi_valid=0.73  div_loss=-0.2598  kl_loss=0.0000 (disabled)  score=0.966  return=0.943  role_std=3.0237  role_norm=10.7368  enc_delta ego=0.0013 partner=0.0012 road=0.0019
[ROMA step 3,303,800,832] sps=546,745  policy_loss=-0.0055  value_loss=0.0545  mi_loss=0.0008  mi_valid=0.73  div_loss=-0.2637  kl_loss=0.0000 (disabled)  score=0.966  return=0.944  role_std=2.7124  role_norm=10.8017  enc_delta ego=0.0014 partner=0.0013 road=0.0018
[ROMA step 3,304,587,264] sps=545,936  policy_loss=-0.0005  value_loss=0.0618  mi_loss=0.0007  mi_valid=0.72  div_loss=-0.2656  kl_loss=0.0000 (disabled)  score=0.965  return=0.943  role_std=2.8324  role_norm=10.7642  enc_delta ego=0.0016 partner=0.0012 road=0.0016
[ROMA step 3,305,373,696] sps=543,424  policy_loss=-0.0085  value_loss=0.0454  mi_loss=0.0008  mi_valid=0.71  div_loss=-0.2695  kl_loss=0.0000 (disabled)  score=0.966  return=0.944  role_std=2.8120  role_norm=10.9849  enc_delta ego=0.0015 partner=0.0012 road=0.0016
[ROMA step 3,306,160,128] sps=542,676  policy_loss=-0.0025  value_loss=0.0358  mi_loss=0.0008  mi_valid=0.72  div_loss=-0.2695  kl_loss=0.0000 (disabled)  score=0.966  return=0.946  role_std=2.8761  role_norm=10.9156  enc_delta ego=0.0017 partner=0.0012 road=0.0014
[ROMA step 3,306,946,560] sps=541,931  policy_loss=0.0026  value_loss=0.0380  mi_loss=0.0008  mi_valid=0.71  div_loss=-0.2754  kl_loss=0.0000 (disabled)  score=0.966  return=0.947  role_std=3.0012  role_norm=10.7791  enc_delta ego=0.0012 partner=0.0011 road=0.0014
[ROMA step 3,307,732,992] sps=541,193  policy_loss=-0.0025  value_loss=0.0311  mi_loss=0.0008  mi_valid=0.72  div_loss=-0.2793  kl_loss=0.0000 (disabled)  score=0.967  return=0.947  role_std=3.3290  role_norm=10.6773  enc_delta ego=0.0016 partner=0.0011 road=0.0012
[ROMA step 3,308,519,424] sps=538,721  policy_loss=0.0016  value_loss=0.0937  mi_loss=0.0008  mi_valid=0.72  div_loss=-0.2871  kl_loss=0.0000 (disabled)  score=0.967  return=0.947  role_std=2.9906  role_norm=10.8286  enc_delta ego=0.0017 partner=0.0015 road=0.0024
[ROMA step 3,309,305,856] sps=537,995  policy_loss=0.0084  value_loss=0.0777  mi_loss=0.0008  mi_valid=0.72  div_loss=-0.2734  kl_loss=0.0000 (disabled)  score=0.967  return=0.947  role_std=2.8753  role_norm=10.7241  enc_delta ego=0.0013 partner=0.0016 road=0.0020
[ROMA step 3,310,092,288] sps=537,274  policy_loss=0.0004  value_loss=0.0843  mi_loss=0.0007  mi_valid=0.72  div_loss=-0.2695  kl_loss=0.0000 (disabled)  score=0.967  return=0.948  role_std=2.9701  role_norm=10.8804  enc_delta ego=0.0014 partner=0.0012 road=0.0019
[ROMA step 3,310,878,720] sps=534,825  policy_loss=0.0007  value_loss=0.0735  mi_loss=0.0007  mi_valid=0.71  div_loss=-0.2754  kl_loss=0.0000 (disabled)  score=0.968  return=0.949  role_std=2.9911  role_norm=10.7853  enc_delta ego=0.0010 partner=0.0015 road=0.0020
[ROMA step 3,311,665,152] sps=534,103  policy_loss=-0.0008  value_loss=0.0601  mi_loss=0.0007  mi_valid=0.71  div_loss=-0.2676  kl_loss=0.0000 (disabled)  score=0.968  return=0.950  role_std=3.0930  role_norm=10.9517  enc_delta ego=0.0011 partner=0.0013 road=0.0020
[ROMA step 3,312,451,584] sps=533,383  policy_loss=0.0052  value_loss=0.0760  mi_loss=0.0007  mi_valid=0.71  div_loss=-0.2715  kl_loss=0.0000 (disabled)  score=0.968  return=0.951  role_std=2.9353  role_norm=11.1932  enc_delta ego=0.0017 partner=0.0014 road=0.0020
[ROMA step 3,313,238,016] sps=532,665  policy_loss=-0.0052  value_loss=0.0500  mi_loss=0.0007  mi_valid=0.71  div_loss=-0.2734  kl_loss=0.0000 (disabled)  score=0.969  return=0.951  role_std=2.8809  role_norm=11.1684  enc_delta ego=0.0013 partner=0.0014 road=0.0016
[ROMA step 3,314,024,448] sps=530,155  policy_loss=-0.0018  value_loss=0.0625  mi_loss=0.0008  mi_valid=0.70  div_loss=-0.2812  kl_loss=0.0000 (disabled)  score=0.969  return=0.952  role_std=3.2360  role_norm=11.1556  enc_delta ego=0.0012 partner=0.0013 road=0.0018
[ROMA step 3,314,810,880] sps=529,455  policy_loss=-0.0004  value_loss=0.0550  mi_loss=0.0008  mi_valid=0.71  div_loss=-0.2754  kl_loss=0.0000 (disabled)  score=0.969  return=0.953  role_std=3.1332  role_norm=11.1834  enc_delta ego=0.0011 partner=0.0013 road=0.0015
[ROMA step 3,315,597,312] sps=528,754  policy_loss=-0.0050  value_loss=0.0504  mi_loss=0.0008  mi_valid=0.71  div_loss=-0.2793  kl_loss=0.0000 (disabled)  score=0.970  return=0.955  role_std=3.2120  role_norm=11.3006  enc_delta ego=0.0009 partner=0.0013 road=0.0017
[ROMA step 3,316,383,744] sps=526,172  policy_loss=-0.0041  value_loss=0.0797  mi_loss=0.0008  mi_valid=0.70  div_loss=-0.2793  kl_loss=0.0000 (disabled)  score=0.970  return=0.955  role_std=3.0056  role_norm=11.3890  enc_delta ego=0.0010 partner=0.0014 road=0.0019
[ROMA step 3,317,170,176] sps=525,480  policy_loss=-0.0035  value_loss=0.0830  mi_loss=0.0007  mi_valid=0.72  div_loss=-0.2754  kl_loss=0.0000 (disabled)  score=0.970  return=0.954  role_std=3.0182  role_norm=11.4970  enc_delta ego=0.0015 partner=0.0018 road=0.0024
[ROMA step 3,317,956,608] sps=524,786  policy_loss=0.0051  value_loss=0.0901  mi_loss=0.0007  mi_valid=0.72  div_loss=-0.2793  kl_loss=0.0000 (disabled)  score=0.970  return=0.953  role_std=2.9532  role_norm=11.4757  enc_delta ego=0.0017 partner=0.0016 road=0.0025
[ROMA step 3,318,743,040] sps=524,093  policy_loss=-0.0083  value_loss=0.0688  mi_loss=0.0007  mi_valid=0.72  div_loss=-0.2852  kl_loss=0.0000 (disabled)  score=0.969  return=0.953  role_std=3.2490  role_norm=11.3229  enc_delta ego=0.0017 partner=0.0018 road=0.0022
[ROMA step 3,319,529,472] sps=521,608  policy_loss=-0.0008  value_loss=0.0856  mi_loss=0.0008  mi_valid=0.71  div_loss=-0.2891  kl_loss=0.0000 (disabled)  score=0.969  return=0.953  role_std=3.3517  role_norm=10.8123  enc_delta ego=0.0011 partner=0.0019 road=0.0020
[ROMA step 3,320,315,904] sps=520,911  policy_loss=-0.0048  value_loss=0.0596  mi_loss=0.0008  mi_valid=0.73  div_loss=-0.2852  kl_loss=0.0000 (disabled)  score=0.969  return=0.952  role_std=3.1288  role_norm=10.7940  enc_delta ego=0.0012 partner=0.0017 road=0.0022
[ROMA step 3,321,102,336] sps=520,224  policy_loss=0.0000  value_loss=0.0779  mi_loss=0.0008  mi_valid=0.73  div_loss=-0.2930  kl_loss=0.0000 (disabled)  score=0.968  return=0.950  role_std=3.1342  role_norm=11.0843  enc_delta ego=0.0013 partner=0.0016 road=0.0022
[ROMA step 3,321,888,768] sps=518,028  policy_loss=-0.0020  value_loss=0.0795  mi_loss=0.0008  mi_valid=0.72  div_loss=-0.2988  kl_loss=0.0000 (disabled)  score=0.968  return=0.950  role_std=3.1466  role_norm=11.2394  enc_delta ego=0.0012 partner=0.0016 road=0.0023
[ROMA step 3,322,675,200] sps=517,359  policy_loss=-0.0035  value_loss=0.0615  mi_loss=0.0008  mi_valid=0.72  div_loss=-0.2930  kl_loss=0.0000 (disabled)  score=0.968  return=0.948  role_std=3.2563  role_norm=11.0622  enc_delta ego=0.0013 partner=0.0020 road=0.0023
[ROMA step 3,323,461,632] sps=516,695  policy_loss=-0.0020  value_loss=0.0441  mi_loss=0.0008  mi_valid=0.73  div_loss=-0.2832  kl_loss=0.0000 (disabled)  score=0.968  return=0.948  role_std=3.3506  role_norm=11.1424  enc_delta ego=0.0012 partner=0.0019 road=0.0020
[ROMA step 3,324,248,064] sps=516,026  policy_loss=-0.0111  value_loss=0.0614  mi_loss=0.0008  mi_valid=0.72  div_loss=-0.2773  kl_loss=0.0000 (disabled)  score=0.968  return=0.948  role_std=3.4052  role_norm=11.1495  enc_delta ego=0.0013 partner=0.0015 road=0.0021
[ROMA step 3,325,034,496] sps=513,786  policy_loss=-0.0028  value_loss=0.0820  mi_loss=0.0008  mi_valid=0.72  div_loss=-0.2656  kl_loss=0.0000 (disabled)  score=0.968  return=0.947  role_std=2.8025  role_norm=11.7056  enc_delta ego=0.0012 partner=0.0016 road=0.0024
[ROMA step 3,325,820,928] sps=513,079  policy_loss=0.0011  value_loss=0.0726  mi_loss=0.0007  mi_valid=0.74  div_loss=-0.2559  kl_loss=0.0000 (disabled)  score=0.967  return=0.946  role_std=2.8339  role_norm=11.7565  enc_delta ego=0.0019 partner=0.0012 road=0.0015
[ROMA step 3,326,607,360] sps=512,408  policy_loss=-0.0070  value_loss=0.0514  mi_loss=0.0008  mi_valid=0.74  div_loss=-0.2520  kl_loss=0.0000 (disabled)  score=0.966  return=0.945  role_std=2.9692  role_norm=11.6944  enc_delta ego=0.0014 partner=0.0011 road=0.0016
[ROMA step 3,327,393,792] sps=510,182  policy_loss=0.0044  value_loss=0.0594  mi_loss=0.0008  mi_valid=0.72  div_loss=-0.2559  kl_loss=0.0000 (disabled)  score=0.966  return=0.945  role_std=3.0211  role_norm=11.3730  enc_delta ego=0.0011 partner=0.0011 road=0.0015
[ROMA step 3,328,180,224] sps=509,539  policy_loss=0.0003  value_loss=0.0778  mi_loss=0.0008  mi_valid=0.72  div_loss=-0.2559  kl_loss=0.0000 (disabled)  score=0.966  return=0.944  role_std=3.2963  role_norm=11.6805  enc_delta ego=0.0020 partner=0.0014 road=0.0021
[ROMA step 3,328,966,656] sps=508,898  policy_loss=-0.0031  value_loss=0.0676  mi_loss=0.0008  mi_valid=0.73  div_loss=-0.2637  kl_loss=0.0000 (disabled)  score=0.966  return=0.944  role_std=2.9695  role_norm=11.9088  enc_delta ego=0.0015 partner=0.0013 road=0.0017
[ROMA step 3,329,753,088] sps=508,257  policy_loss=-0.0029  value_loss=0.0701  mi_loss=0.0008  mi_valid=0.73  div_loss=-0.2637  kl_loss=0.0000 (disabled)  score=0.966  return=0.943  role_std=2.9697  role_norm=11.8523  enc_delta ego=0.0014 partner=0.0014 road=0.0017
[ROMA step 3,330,539,520] sps=506,121  policy_loss=0.0007  value_loss=0.0823  mi_loss=0.0008  mi_valid=0.71  div_loss=-0.2734  kl_loss=0.0000 (disabled)  score=0.965  return=0.943  role_std=3.0196  role_norm=11.7079  enc_delta ego=0.0025 partner=0.0014 road=0.0022
[ROMA step 3,331,325,952] sps=505,484  policy_loss=0.0008  value_loss=0.0612  mi_loss=0.0008  mi_valid=0.73  div_loss=-0.2695  kl_loss=0.0000 (disabled)  score=0.965  return=0.943  role_std=3.2190  role_norm=11.4852  enc_delta ego=0.0017 partner=0.0017 road=0.0022
[ROMA step 3,332,112,384] sps=504,851  policy_loss=0.0016  value_loss=0.0683  mi_loss=0.0008  mi_valid=0.73  div_loss=-0.2695  kl_loss=0.0000 (disabled)  score=0.965  return=0.943  role_std=3.1549  role_norm=11.2545  enc_delta ego=0.0012 partner=0.0013 road=0.0021
[ROMA step 3,332,898,816] sps=504,222  policy_loss=0.0011  value_loss=0.0593  mi_loss=0.0008  mi_valid=0.73  div_loss=-0.2656  kl_loss=0.0000 (disabled)  score=0.965  return=0.943  role_std=3.2322  role_norm=11.2387  enc_delta ego=0.0022 partner=0.0014 road=0.0019
[ROMA step 3,333,685,248] sps=502,320  policy_loss=-0.0068  value_loss=0.0673  mi_loss=0.0008  mi_valid=0.73  div_loss=-0.2734  kl_loss=0.0000 (disabled)  score=0.965  return=0.942  role_std=2.9619  role_norm=11.7971  enc_delta ego=0.0018 partner=0.0025 road=0.0030
[ROMA step 3,334,471,680] sps=501,699  policy_loss=-0.0039  value_loss=0.0746  mi_loss=0.0008  mi_valid=0.72  div_loss=-0.2734  kl_loss=0.0000 (disabled)  score=0.965  return=0.941  role_std=3.1352  role_norm=11.6214  enc_delta ego=0.0013 partner=0.0017 road=0.0024
[ROMA step 3,335,258,112] sps=501,068  policy_loss=0.0007  value_loss=0.0550  mi_loss=0.0008  mi_valid=0.72  div_loss=-0.2773  kl_loss=0.0000 (disabled)  score=0.965  return=0.939  role_std=3.2321  role_norm=11.6214  enc_delta ego=0.0014 partner=0.0013 road=0.0024
[ROMA step 3,336,044,544] sps=498,864  policy_loss=-0.0005  value_loss=0.0567  mi_loss=0.0009  mi_valid=0.70  div_loss=-0.2715  kl_loss=0.0000 (disabled)  score=0.964  return=0.937  role_std=3.1410  role_norm=11.5147  enc_delta ego=0.0012 partner=0.0015 road=0.0021
[ROMA step 3,336,830,976] sps=498,253  policy_loss=-0.0048  value_loss=0.0544  mi_loss=0.0008  mi_valid=0.72  div_loss=-0.2637  kl_loss=0.0000 (disabled)  score=0.964  return=0.937  role_std=3.1798  role_norm=11.5648  enc_delta ego=0.0017 partner=0.0013 road=0.0023
[ROMA step 3,337,617,408] sps=497,638  policy_loss=0.0018  value_loss=0.0475  mi_loss=0.0008  mi_valid=0.72  div_loss=-0.2637  kl_loss=0.0000 (disabled)  score=0.964  return=0.937  role_std=2.9949  role_norm=11.7965  enc_delta ego=0.0012 partner=0.0012 road=0.0017
[ROMA step 3,338,403,840] sps=497,027  policy_loss=-0.0000  value_loss=0.0427  mi_loss=0.0008  mi_valid=0.71  div_loss=-0.2695  kl_loss=0.0000 (disabled)  score=0.964  return=0.939  role_std=3.0875  role_norm=11.9133  enc_delta ego=0.0010 partner=0.0011 road=0.0015
[ROMA step 3,339,190,272] sps=493,433  policy_loss=-0.0053  value_loss=0.0510  mi_loss=0.0008  mi_valid=0.70  div_loss=-0.2754  kl_loss=0.0000 (disabled)  score=0.965  return=0.940  role_std=3.0559  role_norm=11.7723  enc_delta ego=0.0013 partner=0.0015 road=0.0014
[ROMA step 3,339,976,704] sps=492,803  policy_loss=0.0002  value_loss=0.0397  mi_loss=0.0009  mi_valid=0.72  div_loss=-0.2695  kl_loss=0.0000 (disabled)  score=0.965  return=0.942  role_std=3.1197  role_norm=11.6504  enc_delta ego=0.0010 partner=0.0012 road=0.0012
[ROMA step 3,340,763,136] sps=492,196  policy_loss=0.0023  value_loss=0.0480  mi_loss=0.0009  mi_valid=0.71  div_loss=-0.2734  kl_loss=0.0000 (disabled)  score=0.965  return=0.942  role_std=3.2725  role_norm=11.6754  enc_delta ego=0.0015 partner=0.0012 road=0.0018
[ROMA step 3,341,549,568] sps=489,531  policy_loss=-0.0038  value_loss=0.0656  mi_loss=0.0008  mi_valid=0.70  div_loss=-0.2793  kl_loss=0.0000 (disabled)  score=0.966  return=0.943  role_std=2.8780  role_norm=11.6855  enc_delta ego=0.0011 partner=0.0014 road=0.0015
[ROMA step 3,342,336,000] sps=488,943  policy_loss=0.0052  value_loss=0.0719  mi_loss=0.0008  mi_valid=0.72  div_loss=-0.2793  kl_loss=0.0000 (disabled)  score=0.966  return=0.944  role_std=3.1046  role_norm=11.5503  enc_delta ego=0.0011 partner=0.0016 road=0.0018
[ROMA step 3,343,122,432] sps=488,332  policy_loss=-0.0035  value_loss=0.0578  mi_loss=0.0008  mi_valid=0.71  div_loss=-0.2832  kl_loss=0.0000 (disabled)  score=0.966  return=0.946  role_std=3.2073  role_norm=11.6038  enc_delta ego=0.0010 partner=0.0014 road=0.0014
[ROMA step 3,343,908,864] sps=487,740  policy_loss=-0.0028  value_loss=0.0709  mi_loss=0.0007  mi_valid=0.72  div_loss=-0.2871  kl_loss=0.0000 (disabled)  score=0.966  return=0.946  role_std=3.1869  role_norm=11.6634  enc_delta ego=0.0014 partner=0.0016 road=0.0022
[ROMA step 3,344,695,296] sps=485,349  policy_loss=0.0104  value_loss=0.0932  mi_loss=0.0007  mi_valid=0.71  div_loss=-0.2793  kl_loss=0.0000 (disabled)  score=0.967  return=0.946  role_std=3.3272  role_norm=11.0166  enc_delta ego=0.0013 partner=0.0018 road=0.0017
[ROMA step 3,345,481,728] sps=484,767  policy_loss=0.0017  value_loss=0.0946  mi_loss=0.0007  mi_valid=0.73  div_loss=-0.2617  kl_loss=0.0000 (disabled)  score=0.967  return=0.946  role_std=3.2043  role_norm=11.2089  enc_delta ego=0.0013 partner=0.0019 road=0.0021
[ROMA step 3,346,268,160] sps=484,171  policy_loss=-0.0037  value_loss=0.0655  mi_loss=0.0007  mi_valid=0.73  div_loss=-0.2598  kl_loss=0.0000 (disabled)  score=0.967  return=0.946  role_std=2.9938  role_norm=11.7394  enc_delta ego=0.0010 partner=0.0020 road=0.0023
[ROMA step 3,347,054,592] sps=482,144  policy_loss=0.0024  value_loss=0.0589  mi_loss=0.0008  mi_valid=0.71  div_loss=-0.2617  kl_loss=0.0000 (disabled)  score=0.968  return=0.947  role_std=2.9082  role_norm=12.0802  enc_delta ego=0.0017 partner=0.0014 road=0.0020
[ROMA step 3,347,841,024] sps=481,580  policy_loss=-0.0072  value_loss=0.0562  mi_loss=0.0008  mi_valid=0.72  div_loss=-0.2617  kl_loss=0.0000 (disabled)  score=0.968  return=0.946  role_std=2.9558  role_norm=11.6618  enc_delta ego=0.0012 partner=0.0017 road=0.0024
[ROMA step 3,348,627,456] sps=481,017  policy_loss=-0.0089  value_loss=0.0449  mi_loss=0.0008  mi_valid=0.72  div_loss=-0.2695  kl_loss=0.0000 (disabled)  score=0.967  return=0.946  role_std=3.1279  role_norm=11.6069  enc_delta ego=0.0010 partner=0.0012 road=0.0016
[ROMA step 3,349,413,888] sps=480,457  policy_loss=-0.0002  value_loss=0.0538  mi_loss=0.0008  mi_valid=0.72  div_loss=-0.2734  kl_loss=0.0000 (disabled)  score=0.968  return=0.946  role_std=3.3635  role_norm=11.4801  enc_delta ego=0.0017 partner=0.0012 road=0.0023
[ROMA step 3,350,200,320] sps=478,427  policy_loss=0.0033  value_loss=0.0684  mi_loss=0.0008  mi_valid=0.72  div_loss=-0.2695  kl_loss=0.0000 (disabled)  score=0.967  return=0.945  role_std=2.8889  role_norm=11.9135  enc_delta ego=0.0015 partner=0.0014 road=0.0025
[ROMA step 3,350,986,752] sps=477,860  policy_loss=-0.0017  value_loss=0.0644  mi_loss=0.0008  mi_valid=0.73  div_loss=-0.2598  kl_loss=0.0000 (disabled)  score=0.967  return=0.945  role_std=2.8683  role_norm=11.9471  enc_delta ego=0.0012 partner=0.0024 road=0.0021
[ROMA step 3,351,773,184] sps=477,302  policy_loss=0.0017  value_loss=0.0622  mi_loss=0.0008  mi_valid=0.73  div_loss=-0.2559  kl_loss=0.0000 (disabled)  score=0.967  return=0.943  role_std=2.9315  role_norm=11.8461  enc_delta ego=0.0011 partner=0.0014 road=0.0017
[ROMA step 3,352,559,616] sps=475,216  policy_loss=-0.0003  value_loss=0.0717  mi_loss=0.0008  mi_valid=0.71  div_loss=-0.2617  kl_loss=0.0000 (disabled)  score=0.967  return=0.942  role_std=3.0720  role_norm=11.5861  enc_delta ego=0.0011 partner=0.0016 road=0.0018
[ROMA step 3,353,346,048] sps=474,665  policy_loss=0.0009  value_loss=0.0878  mi_loss=0.0008  mi_valid=0.72  div_loss=-0.2520  kl_loss=0.0000 (disabled)  score=0.967  return=0.942  role_std=3.2358  role_norm=11.7570  enc_delta ego=0.0016 partner=0.0014 road=0.0016
[ROMA step 3,354,132,480] sps=474,110  policy_loss=0.0057  value_loss=0.0600  mi_loss=0.0008  mi_valid=0.72  div_loss=-0.2539  kl_loss=0.0000 (disabled)  score=0.967  return=0.944  role_std=2.9574  role_norm=11.9629  enc_delta ego=0.0012 partner=0.0014 road=0.0016
[ROMA step 3,354,918,912] sps=473,550  policy_loss=-0.0014  value_loss=0.0581  mi_loss=0.0008  mi_valid=0.72  div_loss=-0.2559  kl_loss=0.0000 (disabled)  score=0.967  return=0.945  role_std=2.9392  role_norm=11.9111  enc_delta ego=0.0010 partner=0.0014 road=0.0016
[ROMA step 3,355,705,344] sps=471,465  policy_loss=-0.0017  value_loss=0.0688  mi_loss=0.0008  mi_valid=0.71  div_loss=-0.2617  kl_loss=0.0000 (disabled)  score=0.967  return=0.946  role_std=2.9218  role_norm=11.7636  enc_delta ego=0.0012 partner=0.0012 road=0.0017
[ROMA step 3,356,491,776] sps=470,918  policy_loss=-0.0007  value_loss=0.0613  mi_loss=0.0008  mi_valid=0.72  div_loss=-0.2559  kl_loss=0.0000 (disabled)  score=0.967  return=0.947  role_std=3.1350  role_norm=11.5672  enc_delta ego=0.0011 partner=0.0013 road=0.0015
[ROMA step 3,357,278,208] sps=470,374  policy_loss=-0.0047  value_loss=0.0613  mi_loss=0.0008  mi_valid=0.72  div_loss=-0.2578  kl_loss=0.0000 (disabled)  score=0.967  return=0.946  role_std=3.1871  role_norm=11.6150  enc_delta ego=0.0011 partner=0.0012 road=0.0015
[ROMA step 3,358,064,640] sps=468,328  policy_loss=-0.0048  value_loss=0.0533  mi_loss=0.0008  mi_valid=0.72  div_loss=-0.2520  kl_loss=0.0000 (disabled)  score=0.967  return=0.945  role_std=3.0851  role_norm=11.5864  enc_delta ego=0.0009 partner=0.0011 road=0.0015
[ROMA step 3,358,851,072] sps=467,794  policy_loss=-0.0006  value_loss=0.0652  mi_loss=0.0008  mi_valid=0.73  div_loss=-0.2637  kl_loss=0.0000 (disabled)  score=0.967  return=0.944  role_std=2.9469  role_norm=11.9760  enc_delta ego=0.0022 partner=0.0019 road=0.0027
[ROMA step 3,359,637,504] sps=467,259  policy_loss=-0.0080  value_loss=0.0514  mi_loss=0.0008  mi_valid=0.71  div_loss=-0.2695  kl_loss=0.0000 (disabled)  score=0.967  return=0.943  role_std=2.9941  role_norm=11.8808  enc_delta ego=0.0016 partner=0.0014 road=0.0018
[ROMA step 3,360,423,936] sps=466,726  policy_loss=-0.0008  value_loss=0.0611  mi_loss=0.0008  mi_valid=0.71  div_loss=-0.2676  kl_loss=0.0000 (disabled)  score=0.967  return=0.944  role_std=3.1263  role_norm=11.5590  enc_delta ego=0.0009 partner=0.0015 road=0.0015
[ROMA step 3,361,210,368] sps=464,887  policy_loss=0.0022  value_loss=0.0888  mi_loss=0.0008  mi_valid=0.70  div_loss=-0.2715  kl_loss=0.0000 (disabled)  score=0.967  return=0.944  role_std=3.2463  role_norm=11.5116  enc_delta ego=0.0016 partner=0.0015 road=0.0024
[ROMA step 3,361,996,800] sps=464,372  policy_loss=-0.0068  value_loss=0.0570  mi_loss=0.0008  mi_valid=0.73  div_loss=-0.2637  kl_loss=0.0000 (disabled)  score=0.966  return=0.943  role_std=3.3072  role_norm=11.5119  enc_delta ego=0.0017 partner=0.0016 road=0.0025
[ROMA step 3,362,783,232] sps=463,856  policy_loss=0.0004  value_loss=0.0638  mi_loss=0.0008  mi_valid=0.73  div_loss=-0.2617  kl_loss=0.0000 (disabled)  score=0.966  return=0.943  role_std=3.1011  role_norm=11.9355  enc_delta ego=0.0014 partner=0.0016 road=0.0023
[ROMA step 3,363,569,664] sps=463,339  policy_loss=-0.0015  value_loss=0.0486  mi_loss=0.0008  mi_valid=0.73  div_loss=-0.2695  kl_loss=0.0000 (disabled)  score=0.965  return=0.942  role_std=3.0392  role_norm=12.0065  enc_delta ego=0.0011 partner=0.0017 road=0.0020
[ROMA step 3,364,356,096] sps=461,227  policy_loss=-0.0063  value_loss=0.0728  mi_loss=0.0008  mi_valid=0.71  div_loss=-0.2715  kl_loss=0.0000 (disabled)  score=0.965  return=0.942  role_std=3.0926  role_norm=12.0150  enc_delta ego=0.0013 partner=0.0014 road=0.0020
[ROMA step 3,365,142,528] sps=460,683  policy_loss=0.0035  value_loss=0.0498  mi_loss=0.0007  mi_valid=0.72  div_loss=-0.2617  kl_loss=0.0000 (disabled)  score=0.965  return=0.943  role_std=3.1354  role_norm=11.9902  enc_delta ego=0.0012 partner=0.0015 road=0.0016
[ROMA step 3,365,928,960] sps=460,159  policy_loss=0.0011  value_loss=0.0627  mi_loss=0.0007  mi_valid=0.72  div_loss=-0.2598  kl_loss=0.0000 (disabled)  score=0.965  return=0.943  role_std=3.2123  role_norm=12.0207  enc_delta ego=0.0011 partner=0.0013 road=0.0016
[ROMA step 3,366,715,392] sps=458,231  policy_loss=0.0021  value_loss=0.0600  mi_loss=0.0007  mi_valid=0.71  div_loss=-0.2617  kl_loss=0.0000 (disabled)  score=0.965  return=0.944  role_std=3.0554  role_norm=12.0525  enc_delta ego=0.0011 partner=0.0013 road=0.0012
[ROMA step 3,367,501,824] sps=457,724  policy_loss=-0.0068  value_loss=0.0523  mi_loss=0.0008  mi_valid=0.72  div_loss=-0.2617  kl_loss=0.0000 (disabled)  score=0.965  return=0.945  role_std=3.0589  role_norm=12.0242  enc_delta ego=0.0011 partner=0.0018 road=0.0015
[ROMA step 3,368,288,256] sps=457,217  policy_loss=-0.0024  value_loss=0.0647  mi_loss=0.0008  mi_valid=0.72  div_loss=-0.2695  kl_loss=0.0000 (disabled)  score=0.965  return=0.945  role_std=3.1944  role_norm=12.1898  enc_delta ego=0.0010 partner=0.0011 road=0.0017
[ROMA step 3,369,074,688] sps=456,707  policy_loss=-0.0006  value_loss=0.0523  mi_loss=0.0008  mi_valid=0.72  div_loss=-0.2695  kl_loss=0.0000 (disabled)  score=0.966  return=0.946  role_std=3.2268  role_norm=12.0129  enc_delta ego=0.0008 partner=0.0011 road=0.0013
[ROMA step 3,369,861,120] sps=454,942  policy_loss=0.0040  value_loss=0.1082  mi_loss=0.0008  mi_valid=0.70  div_loss=-0.2734  kl_loss=0.0000 (disabled)  score=0.966  return=0.947  role_std=3.4993  role_norm=11.9747  enc_delta ego=0.0016 partner=0.0018 road=0.0028
[ROMA step 3,370,647,552] sps=454,442  policy_loss=0.0003  value_loss=0.1040  mi_loss=0.0007  mi_valid=0.72  div_loss=-0.2715  kl_loss=0.0000 (disabled)  score=0.967  return=0.948  role_std=3.4297  role_norm=11.7792  enc_delta ego=0.0017 partner=0.0018 road=0.0025
[ROMA step 3,371,433,984] sps=453,933  policy_loss=-0.0027  value_loss=0.0710  mi_loss=0.0007  mi_valid=0.72  div_loss=-0.2812  kl_loss=0.0000 (disabled)  score=0.967  return=0.949  role_std=3.1284  role_norm=11.9029  enc_delta ego=0.0014 partner=0.0017 road=0.0021
[ROMA step 3,372,220,416] sps=451,941  policy_loss=-0.0042  value_loss=0.0833  mi_loss=0.0007  mi_valid=0.71  div_loss=-0.2852  kl_loss=0.0000 (disabled)  score=0.967  return=0.950  role_std=3.3066  role_norm=12.1208  enc_delta ego=0.0010 partner=0.0015 road=0.0017
[ROMA step 3,373,006,848] sps=451,451  policy_loss=0.0001  value_loss=0.0909  mi_loss=0.0008  mi_valid=0.72  div_loss=-0.2754  kl_loss=0.0000 (disabled)  score=0.968  return=0.951  role_std=3.2104  role_norm=12.0042  enc_delta ego=0.0013 partner=0.0021 road=0.0024
[ROMA step 3,373,793,280] sps=450,964  policy_loss=0.0012  value_loss=0.0824  mi_loss=0.0008  mi_valid=0.72  div_loss=-0.2715  kl_loss=0.0000 (disabled)  score=0.968  return=0.952  role_std=3.2586  role_norm=12.0695  enc_delta ego=0.0020 partner=0.0022 road=0.0024
[ROMA step 3,374,579,712] sps=450,479  policy_loss=-0.0050  value_loss=0.0585  mi_loss=0.0008  mi_valid=0.72  div_loss=-0.2598  kl_loss=0.0000 (disabled)  score=0.968  return=0.951  role_std=3.3018  role_norm=12.0451  enc_delta ego=0.0010 partner=0.0014 road=0.0016
[ROMA step 3,375,366,144] sps=448,773  policy_loss=-0.0045  value_loss=0.0658  mi_loss=0.0008  mi_valid=0.71  div_loss=-0.2695  kl_loss=0.0000 (disabled)  score=0.968  return=0.952  role_std=2.9133  role_norm=12.5681  enc_delta ego=0.0012 partner=0.0015 road=0.0014
[ROMA step 3,376,152,576] sps=448,286  policy_loss=-0.0015  value_loss=0.0864  mi_loss=0.0007  mi_valid=0.72  div_loss=-0.2617  kl_loss=0.0000 (disabled)  score=0.967  return=0.951  role_std=2.9652  role_norm=12.4382  enc_delta ego=0.0010 partner=0.0017 road=0.0021
[ROMA step 3,376,939,008] sps=447,802  policy_loss=-0.0026  value_loss=0.0599  mi_loss=0.0008  mi_valid=0.72  div_loss=-0.2656  kl_loss=0.0000 (disabled)  score=0.967  return=0.951  role_std=3.0250  role_norm=12.3575  enc_delta ego=0.0011 partner=0.0014 road=0.0012
[ROMA step 3,377,725,440] sps=446,121  policy_loss=0.0009  value_loss=0.0503  mi_loss=0.0008  mi_valid=0.71  div_loss=-0.2715  kl_loss=0.0000 (disabled)  score=0.967  return=0.952  role_std=3.0998  role_norm=11.4811  enc_delta ego=0.0009 partner=0.0012 road=0.0016
[ROMA step 3,378,511,872] sps=445,644  policy_loss=0.0024  value_loss=0.0581  mi_loss=0.0008  mi_valid=0.73  div_loss=-0.2695  kl_loss=0.0000 (disabled)  score=0.967  return=0.952  role_std=3.3285  role_norm=11.6637  enc_delta ego=0.0009 partner=0.0015 road=0.0019
[ROMA step 3,379,298,304] sps=445,165  policy_loss=0.0000  value_loss=0.0534  mi_loss=0.0008  mi_valid=0.73  div_loss=-0.2637  kl_loss=0.0000 (disabled)  score=0.967  return=0.951  role_std=3.2061  role_norm=11.5674  enc_delta ego=0.0010 partner=0.0015 road=0.0023
[ROMA step 3,380,084,736] sps=444,691  policy_loss=-0.0074  value_loss=0.0540  mi_loss=0.0008  mi_valid=0.73  div_loss=-0.2637  kl_loss=0.0000 (disabled)  score=0.967  return=0.950  role_std=3.0681  role_norm=11.9811  enc_delta ego=0.0011 partner=0.0013 road=0.0017
[ROMA step 3,380,871,168] sps=443,120  policy_loss=-0.0011  value_loss=0.0704  mi_loss=0.0008  mi_valid=0.71  div_loss=-0.2715  kl_loss=0.0000 (disabled)  score=0.966  return=0.950  role_std=3.1354  role_norm=11.9612  enc_delta ego=0.0010 partner=0.0013 road=0.0016
[ROMA step 3,381,657,600] sps=442,649  policy_loss=0.0019  value_loss=0.0610  mi_loss=0.0007  mi_valid=0.72  div_loss=-0.2754  kl_loss=0.0000 (disabled)  score=0.967  return=0.950  role_std=3.3174  role_norm=11.8595  enc_delta ego=0.0014 partner=0.0017 road=0.0022
[ROMA step 3,382,444,032] sps=442,180  policy_loss=0.0025  value_loss=0.0613  mi_loss=0.0007  mi_valid=0.71  div_loss=-0.2734  kl_loss=0.0000 (disabled)  score=0.967  return=0.950  role_std=3.3191  role_norm=11.8003  enc_delta ego=0.0008 partner=0.0012 road=0.0014
[ROMA step 3,383,230,464] sps=440,745  policy_loss=-0.0018  value_loss=0.0702  mi_loss=0.0007  mi_valid=0.71  div_loss=-0.2773  kl_loss=0.0000 (disabled)  score=0.967  return=0.952  role_std=3.4326  role_norm=11.0357  enc_delta ego=0.0010 partner=0.0011 road=0.0015
[ROMA step 3,384,016,896] sps=440,277  policy_loss=-0.0018  value_loss=0.0602  mi_loss=0.0008  mi_valid=0.75  div_loss=-0.2637  kl_loss=0.0000 (disabled)  score=0.968  return=0.952  role_std=2.9811  role_norm=11.9471  enc_delta ego=0.0012 partner=0.0013 road=0.0018
[ROMA step 3,384,803,328] sps=439,810  policy_loss=0.0068  value_loss=0.0658  mi_loss=0.0008  mi_valid=0.73  div_loss=-0.2617  kl_loss=0.0000 (disabled)  score=0.967  return=0.952  role_std=3.0839  role_norm=11.8929  enc_delta ego=0.0012 partner=0.0015 road=0.0014
[ROMA step 3,385,589,760] sps=439,330  policy_loss=-0.0081  value_loss=0.0545  mi_loss=0.0008  mi_valid=0.73  div_loss=-0.2617  kl_loss=0.0000 (disabled)  score=0.967  return=0.951  role_std=2.9769  role_norm=11.7788  enc_delta ego=0.0014 partner=0.0012 road=0.0015
[ROMA step 3,386,376,192] sps=437,661  policy_loss=0.0010  value_loss=0.0650  mi_loss=0.0008  mi_valid=0.71  div_loss=-0.2773  kl_loss=0.0000 (disabled)  score=0.967  return=0.951  role_std=3.3189  role_norm=11.6497  enc_delta ego=0.0015 partner=0.0011 road=0.0022
[ROMA step 3,387,162,624] sps=437,196  policy_loss=-0.0026  value_loss=0.0480  mi_loss=0.0008  mi_valid=0.72  div_loss=-0.2754  kl_loss=0.0000 (disabled)  score=0.967  return=0.951  role_std=3.3423  role_norm=11.6150  enc_delta ego=0.0012 partner=0.0016 road=0.0019
[ROMA step 3,387,949,056] sps=436,739  policy_loss=-0.0038  value_loss=0.0553  mi_loss=0.0008  mi_valid=0.72  div_loss=-0.2793  kl_loss=0.0000 (disabled)  score=0.967  return=0.951  role_std=3.2848  role_norm=12.1587  enc_delta ego=0.0011 partner=0.0013 road=0.0016
[ROMA step 3,388,735,488] sps=436,277  policy_loss=0.0006  value_loss=0.0641  mi_loss=0.0008  mi_valid=0.72  div_loss=-0.2812  kl_loss=0.0000 (disabled)  score=0.967  return=0.950  role_std=3.0872  role_norm=12.1196  enc_delta ego=0.0011 partner=0.0014 road=0.0013
[ROMA step 3,389,521,920] sps=434,554  policy_loss=0.0106  value_loss=0.0665  mi_loss=0.0008  mi_valid=0.70  div_loss=-0.2754  kl_loss=0.0000 (disabled)  score=0.967  return=0.951  role_std=3.2235  role_norm=11.8893  enc_delta ego=0.0014 partner=0.0013 road=0.0022
[ROMA step 3,390,308,352] sps=434,106  policy_loss=-0.0082  value_loss=0.0316  mi_loss=0.0008  mi_valid=0.71  div_loss=-0.2715  kl_loss=0.0000 (disabled)  score=0.967  return=0.952  role_std=3.2526  role_norm=11.8683  enc_delta ego=0.0017 partner=0.0013 road=0.0018
[ROMA step 3,391,094,784] sps=433,662  policy_loss=-0.0002  value_loss=0.0515  mi_loss=0.0008  mi_valid=0.71  div_loss=-0.2832  kl_loss=0.0000 (disabled)  score=0.967  return=0.954  role_std=3.3548  role_norm=11.7182  enc_delta ego=0.0009 partner=0.0012 road=0.0014
[ROMA step 3,391,881,216] sps=432,128  policy_loss=0.0037  value_loss=0.0636  mi_loss=0.0008  mi_valid=0.71  div_loss=-0.2871  kl_loss=0.0000 (disabled)  score=0.967  return=0.955  role_std=2.9777  role_norm=11.5750  enc_delta ego=0.0013 partner=0.0013 road=0.0020
[ROMA step 3,392,667,648] sps=431,672  policy_loss=0.0006  value_loss=0.0502  mi_loss=0.0008  mi_valid=0.73  div_loss=-0.2734  kl_loss=0.0000 (disabled)  score=0.967  return=0.955  role_std=2.9489  role_norm=11.5963  enc_delta ego=0.0010 partner=0.0010 road=0.0016
[ROMA step 3,393,454,080] sps=431,222  policy_loss=-0.0025  value_loss=0.0544  mi_loss=0.0008  mi_valid=0.73  div_loss=-0.2734  kl_loss=0.0000 (disabled)  score=0.967  return=0.954  role_std=3.1242  role_norm=11.6503  enc_delta ego=0.0008 partner=0.0011 road=0.0017
[ROMA step 3,394,240,512] sps=430,780  policy_loss=-0.0048  value_loss=0.0423  mi_loss=0.0008  mi_valid=0.73  div_loss=-0.2734  kl_loss=0.0000 (disabled)  score=0.966  return=0.955  role_std=3.1051  role_norm=11.5178  enc_delta ego=0.0010 partner=0.0010 road=0.0013
[ROMA step 3,395,026,944] sps=429,254  policy_loss=-0.0082  value_loss=0.0476  mi_loss=0.0008  mi_valid=0.70  div_loss=-0.2852  kl_loss=0.0000 (disabled)  score=0.966  return=0.955  role_std=3.5488  role_norm=11.7933  enc_delta ego=0.0012 partner=0.0014 road=0.0018
[ROMA step 3,395,813,376] sps=428,819  policy_loss=0.0025  value_loss=0.0631  mi_loss=0.0007  mi_valid=0.72  div_loss=-0.2832  kl_loss=0.0000 (disabled)  score=0.966  return=0.955  role_std=3.7246  role_norm=11.6931  enc_delta ego=0.0013 partner=0.0014 road=0.0018
[ROMA step 3,396,599,808] sps=428,383  policy_loss=0.0009  value_loss=0.0660  mi_loss=0.0007  mi_valid=0.73  div_loss=-0.2891  kl_loss=0.0000 (disabled)  score=0.966  return=0.954  role_std=3.2214  role_norm=12.0543  enc_delta ego=0.0012 partner=0.0014 road=0.0016
[ROMA step 3,397,386,240] sps=426,950  policy_loss=-0.0033  value_loss=0.0798  mi_loss=0.0007  mi_valid=0.71  div_loss=-0.2930  kl_loss=0.0000 (disabled)  score=0.966  return=0.954  role_std=3.1407  role_norm=11.9681  enc_delta ego=0.0012 partner=0.0012 road=0.0015
[ROMA step 3,398,172,672] sps=426,526  policy_loss=0.0031  value_loss=0.0487  mi_loss=0.0008  mi_valid=0.73  div_loss=-0.2773  kl_loss=0.0000 (disabled)  score=0.966  return=0.953  role_std=3.2155  role_norm=11.6603  enc_delta ego=0.0012 partner=0.0013 road=0.0016
[ROMA step 3,398,959,104] sps=426,101  policy_loss=-0.0080  value_loss=0.0652  mi_loss=0.0008  mi_valid=0.73  div_loss=-0.2793  kl_loss=0.0000 (disabled)  score=0.965  return=0.951  role_std=3.3009  role_norm=11.6462  enc_delta ego=0.0014 partner=0.0014 road=0.0021
[ROMA step 3,399,745,536] sps=425,678  policy_loss=-0.0018  value_loss=0.0434  mi_loss=0.0008  mi_valid=0.73  div_loss=-0.2715  kl_loss=0.0000 (disabled)  score=0.965  return=0.950  role_std=3.4848  role_norm=11.4599  enc_delta ego=0.0009 partner=0.0010 road=0.0013
[ROMA step 3,400,531,968] sps=424,315  policy_loss=-0.0013  value_loss=0.0561  mi_loss=0.0008  mi_valid=0.72  div_loss=-0.2812  kl_loss=0.0000 (disabled)  score=0.966  return=0.952  role_std=2.9798  role_norm=12.0332  enc_delta ego=0.0013 partner=0.0014 road=0.0022
[ROMA step 3,401,318,400] sps=423,888  policy_loss=0.0011  value_loss=0.0753  mi_loss=0.0008  mi_valid=0.72  div_loss=-0.2793  kl_loss=0.0000 (disabled)  score=0.966  return=0.951  role_std=3.0912  role_norm=11.9140  enc_delta ego=0.0013 partner=0.0018 road=0.0022
[ROMA step 3,402,104,832] sps=423,453  policy_loss=-0.0019  value_loss=0.0604  mi_loss=0.0008  mi_valid=0.72  div_loss=-0.2812  kl_loss=0.0000 (disabled)  score=0.966  return=0.950  role_std=3.1552  role_norm=12.0215  enc_delta ego=0.0011 partner=0.0013 road=0.0018
[ROMA step 3,402,891,264] sps=421,993  policy_loss=-0.0022  value_loss=0.0710  mi_loss=0.0008  mi_valid=0.70  div_loss=-0.2891  kl_loss=0.0000 (disabled)  score=0.966  return=0.951  role_std=3.3563  role_norm=12.0271  enc_delta ego=0.0012 partner=0.0011 road=0.0014
[ROMA step 3,403,677,696] sps=421,574  policy_loss=-0.0004  value_loss=0.0573  mi_loss=0.0008  mi_valid=0.71  div_loss=-0.2715  kl_loss=0.0000 (disabled)  score=0.966  return=0.951  role_std=3.6153  role_norm=12.0244  enc_delta ego=0.0016 partner=0.0010 road=0.0014
[ROMA step 3,404,464,128] sps=421,155  policy_loss=-0.0021  value_loss=0.0363  mi_loss=0.0008  mi_valid=0.71  div_loss=-0.2656  kl_loss=0.0000 (disabled)  score=0.966  return=0.953  role_std=3.4766  role_norm=12.0955  enc_delta ego=0.0009 partner=0.0011 road=0.0013
[ROMA step 3,405,250,560] sps=420,736  policy_loss=-0.0035  value_loss=0.0343  mi_loss=0.0008  mi_valid=0.71  div_loss=-0.2676  kl_loss=0.0000 (disabled)  score=0.966  return=0.954  role_std=3.1727  role_norm=12.6036  enc_delta ego=0.0011 partner=0.0010 road=0.0014
[ROMA step 3,406,036,992] sps=419,362  policy_loss=-0.0058  value_loss=0.0651  mi_loss=0.0008  mi_valid=0.70  div_loss=-0.2754  kl_loss=0.0000 (disabled)  score=0.967  return=0.955  role_std=3.1260  role_norm=12.4190  enc_delta ego=0.0010 partner=0.0012 road=0.0017
[ROMA step 3,406,823,424] sps=418,953  policy_loss=0.0004  value_loss=0.0705  mi_loss=0.0008  mi_valid=0.72  div_loss=-0.2773  kl_loss=0.0000 (disabled)  score=0.967  return=0.955  role_std=3.2569  role_norm=12.2145  enc_delta ego=0.0011 partner=0.0016 road=0.0018
[ROMA step 3,407,609,856] sps=418,545  policy_loss=0.0008  value_loss=0.0772  mi_loss=0.0008  mi_valid=0.72  div_loss=-0.2734  kl_loss=0.0000 (disabled)  score=0.967  return=0.954  role_std=3.4620  role_norm=12.1625  enc_delta ego=0.0012 partner=0.0014 road=0.0017
[ROMA step 3,408,396,288] sps=417,220  policy_loss=0.0001  value_loss=0.0603  mi_loss=0.0008  mi_valid=0.71  div_loss=-0.2734  kl_loss=0.0000 (disabled)  score=0.967  return=0.954  role_std=3.9710  role_norm=11.3557  enc_delta ego=0.0011 partner=0.0011 road=0.0012
[ROMA step 3,409,182,720] sps=416,813  policy_loss=-0.0040  value_loss=0.0468  mi_loss=0.0007  mi_valid=0.73  div_loss=-0.2734  kl_loss=0.0000 (disabled)  score=0.967  return=0.954  role_std=3.2337  role_norm=12.5702  enc_delta ego=0.0015 partner=0.0014 road=0.0020
[ROMA step 3,409,969,152] sps=416,404  policy_loss=0.0001  value_loss=0.0487  mi_loss=0.0007  mi_valid=0.72  div_loss=-0.2695  kl_loss=0.0000 (disabled)  score=0.967  return=0.954  role_std=3.1358  role_norm=12.7749  enc_delta ego=0.0010 partner=0.0011 road=0.0017
[ROMA step 3,410,755,584] sps=415,990  policy_loss=-0.0050  value_loss=0.0412  mi_loss=0.0007  mi_valid=0.72  div_loss=-0.2734  kl_loss=0.0000 (disabled)  score=0.967  return=0.953  role_std=3.2380  role_norm=12.6753  enc_delta ego=0.0011 partner=0.0010 road=0.0013
[ROMA step 3,411,542,016] sps=414,573  policy_loss=-0.0008  value_loss=0.0622  mi_loss=0.0008  mi_valid=0.70  div_loss=-0.2754  kl_loss=0.0000 (disabled)  score=0.967  return=0.952  role_std=3.3761  role_norm=12.5595  enc_delta ego=0.0009 partner=0.0011 road=0.0014
[ROMA step 3,412,328,448] sps=414,164  policy_loss=-0.0090  value_loss=0.0354  mi_loss=0.0008  mi_valid=0.71  div_loss=-0.2695  kl_loss=0.0000 (disabled)  score=0.967  return=0.952  role_std=3.5334  role_norm=12.2894  enc_delta ego=0.0014 partner=0.0010 road=0.0014
[ROMA step 3,413,114,880] sps=413,764  policy_loss=-0.0034  value_loss=0.0506  mi_loss=0.0008  mi_valid=0.71  div_loss=-0.2695  kl_loss=0.0000 (disabled)  score=0.967  return=0.953  role_std=3.2701  role_norm=12.5306  enc_delta ego=0.0011 partner=0.0012 road=0.0013
[ROMA step 3,413,901,312] sps=413,365  policy_loss=0.0122  value_loss=0.0579  mi_loss=0.0008  mi_valid=0.71  div_loss=-0.2695  kl_loss=0.0000 (disabled)  score=0.967  return=0.953  role_std=3.3139  role_norm=12.5420  enc_delta ego=0.0008 partner=0.0008 road=0.0011
[ROMA step 3,414,687,744] sps=411,792  policy_loss=-0.0013  value_loss=0.1077  mi_loss=0.0008  mi_valid=0.70  div_loss=-0.2812  kl_loss=0.0000 (disabled)  score=0.967  return=0.953  role_std=3.2702  role_norm=12.5704  enc_delta ego=0.0015 partner=0.0018 road=0.0025
[ROMA step 3,415,474,176] sps=411,394  policy_loss=0.0036  value_loss=0.0564  mi_loss=0.0008  mi_valid=0.71  div_loss=-0.2734  kl_loss=0.0000 (disabled)  score=0.967  return=0.953  role_std=3.2304  role_norm=12.3338  enc_delta ego=0.0012 partner=0.0011 road=0.0020
[ROMA step 3,416,260,608] sps=410,997  policy_loss=-0.0016  value_loss=0.0650  mi_loss=0.0008  mi_valid=0.71  div_loss=-0.2773  kl_loss=0.0000 (disabled)  score=0.967  return=0.954  role_std=3.5891  role_norm=12.4324  enc_delta ego=0.0010 partner=0.0012 road=0.0014
[ROMA step 3,417,047,040] sps=409,525  policy_loss=-0.0020  value_loss=0.0610  mi_loss=0.0008  mi_valid=0.70  div_loss=-0.2793  kl_loss=0.0000 (disabled)  score=0.967  return=0.954  role_std=3.2213  role_norm=12.1667  enc_delta ego=0.0009 partner=0.0012 road=0.0019
[ROMA step 3,417,833,472] sps=409,120  policy_loss=-0.0047  value_loss=0.0661  mi_loss=0.0008  mi_valid=0.72  div_loss=-0.2773  kl_loss=0.0000 (disabled)  score=0.967  return=0.956  role_std=3.2887  role_norm=12.1687  enc_delta ego=0.0015 partner=0.0013 road=0.0019
[ROMA step 3,418,619,904] sps=408,718  policy_loss=-0.0018  value_loss=0.0449  mi_loss=0.0008  mi_valid=0.71  div_loss=-0.2773  kl_loss=0.0000 (disabled)  score=0.968  return=0.957  role_std=3.1655  role_norm=12.1521  enc_delta ego=0.0010 partner=0.0015 road=0.0016
[ROMA step 3,419,406,336] sps=408,320  policy_loss=0.0005  value_loss=0.0391  mi_loss=0.0008  mi_valid=0.71  div_loss=-0.2793  kl_loss=0.0000 (disabled)  score=0.969  return=0.959  role_std=3.2114  role_norm=12.0615  enc_delta ego=0.0008 partner=0.0011 road=0.0013
[ROMA step 3,420,192,768] sps=406,963  policy_loss=-0.0035  value_loss=0.0593  mi_loss=0.0008  mi_valid=0.71  div_loss=-0.2793  kl_loss=0.0000 (disabled)  score=0.969  return=0.961  role_std=3.3745  role_norm=11.9093  enc_delta ego=0.0014 partner=0.0016 road=0.0017
[ROMA step 3,420,979,200] sps=406,572  policy_loss=0.0055  value_loss=0.0775  mi_loss=0.0008  mi_valid=0.73  div_loss=-0.2754  kl_loss=0.0000 (disabled)  score=0.969  return=0.961  role_std=3.4667  role_norm=11.7245  enc_delta ego=0.0018 partner=0.0015 road=0.0018
[ROMA step 3,421,765,632] sps=406,186  policy_loss=-0.0072  value_loss=0.0505  mi_loss=0.0008  mi_valid=0.73  div_loss=-0.2793  kl_loss=0.0000 (disabled)  score=0.968  return=0.960  role_std=3.1252  role_norm=12.3455  enc_delta ego=0.0012 partner=0.0012 road=0.0017
[ROMA step 3,422,552,064] sps=404,696  policy_loss=-0.0040  value_loss=0.0519  mi_loss=0.0008  mi_valid=0.71  div_loss=-0.2832  kl_loss=0.0000 (disabled)  score=0.968  return=0.961  role_std=3.1414  role_norm=12.4897  enc_delta ego=0.0011 partner=0.0011 road=0.0015
[ROMA step 3,423,338,496] sps=404,311  policy_loss=0.0045  value_loss=0.0581  mi_loss=0.0008  mi_valid=0.72  div_loss=-0.2812  kl_loss=0.0000 (disabled)  score=0.968  return=0.960  role_std=3.2783  role_norm=12.1616  enc_delta ego=0.0012 partner=0.0015 road=0.0020
[ROMA step 3,424,124,928] sps=403,931  policy_loss=-0.0033  value_loss=0.0480  mi_loss=0.0008  mi_valid=0.72  div_loss=-0.2812  kl_loss=0.0000 (disabled)  score=0.967  return=0.959  role_std=3.5605  role_norm=12.1427  enc_delta ego=0.0011 partner=0.0012 road=0.0017
[ROMA step 3,424,911,360] sps=403,553  policy_loss=-0.0002  value_loss=0.0383  mi_loss=0.0008  mi_valid=0.72  div_loss=-0.2793  kl_loss=0.0000 (disabled)  score=0.967  return=0.959  role_std=3.6102  role_norm=11.9708  enc_delta ego=0.0008 partner=0.0010 road=0.0013
[ROMA step 3,425,697,792] sps=401,978  policy_loss=-0.0031  value_loss=0.0574  mi_loss=0.0008  mi_valid=0.71  div_loss=-0.2832  kl_loss=0.0000 (disabled)  score=0.967  return=0.958  role_std=3.3075  role_norm=12.4055  enc_delta ego=0.0013 partner=0.0013 road=0.0015
[ROMA step 3,426,484,224] sps=401,603  policy_loss=-0.0027  value_loss=0.0458  mi_loss=0.0008  mi_valid=0.72  div_loss=-0.2715  kl_loss=0.0000 (disabled)  score=0.966  return=0.958  role_std=3.1683  role_norm=12.3304  enc_delta ego=0.0008 partner=0.0014 road=0.0012
[ROMA step 3,427,270,656] sps=401,232  policy_loss=-0.0060  value_loss=0.0470  mi_loss=0.0008  mi_valid=0.71  div_loss=-0.2812  kl_loss=0.0000 (disabled)  score=0.966  return=0.959  role_std=3.3426  role_norm=12.5343  enc_delta ego=0.0009 partner=0.0014 road=0.0013
[ROMA step 3,428,057,088] sps=399,757  policy_loss=0.0013  value_loss=0.0723  mi_loss=0.0008  mi_valid=0.70  div_loss=-0.2832  kl_loss=0.0000 (disabled)  score=0.967  return=0.960  role_std=3.2309  role_norm=12.1369  enc_delta ego=0.0012 partner=0.0015 road=0.0014
[ROMA step 3,428,843,520] sps=399,381  policy_loss=0.0011  value_loss=0.0734  mi_loss=0.0008  mi_valid=0.72  div_loss=-0.2676  kl_loss=0.0000 (disabled)  score=0.966  return=0.960  role_std=3.4037  role_norm=11.8804  enc_delta ego=0.0012 partner=0.0013 road=0.0016
[ROMA step 3,429,629,952] sps=398,997  policy_loss=-0.0043  value_loss=0.0570  mi_loss=0.0008  mi_valid=0.72  div_loss=-0.2676  kl_loss=0.0000 (disabled)  score=0.966  return=0.960  role_std=3.4761  role_norm=11.9271  enc_delta ego=0.0010 partner=0.0011 road=0.0013
[ROMA step 3,430,416,384] sps=398,625  policy_loss=0.0006  value_loss=0.0673  mi_loss=0.0008  mi_valid=0.73  div_loss=-0.2715  kl_loss=0.0000 (disabled)  score=0.966  return=0.959  role_std=3.1007  role_norm=12.5067  enc_delta ego=0.0016 partner=0.0015 road=0.0017
[ROMA step 3,431,202,816] sps=397,392  policy_loss=-0.0093  value_loss=0.0612  mi_loss=0.0008  mi_valid=0.71  div_loss=-0.2852  kl_loss=0.0000 (disabled)  score=0.966  return=0.959  role_std=3.3273  role_norm=12.4444  enc_delta ego=0.0010 partner=0.0012 road=0.0017
[ROMA step 3,431,989,248] sps=397,025  policy_loss=0.0001  value_loss=0.0568  mi_loss=0.0007  mi_valid=0.72  div_loss=-0.2871  kl_loss=0.0000 (disabled)  score=0.966  return=0.960  role_std=3.4664  role_norm=12.1727  enc_delta ego=0.0015 partner=0.0016 road=0.0023
[ROMA step 3,432,775,680] sps=396,659  policy_loss=0.0071  value_loss=0.0528  mi_loss=0.0008  mi_valid=0.72  div_loss=-0.2832  kl_loss=0.0000 (disabled)  score=0.965  return=0.958  role_std=3.5040  role_norm=12.2462  enc_delta ego=0.0009 partner=0.0011 road=0.0017
[ROMA step 3,433,562,112] sps=395,453  policy_loss=-0.0009  value_loss=0.0726  mi_loss=0.0007  mi_valid=0.70  div_loss=-0.2852  kl_loss=0.0000 (disabled)  score=0.965  return=0.956  role_std=4.3220  role_norm=11.7039  enc_delta ego=0.0012 partner=0.0010 road=0.0014
[ROMA step 3,434,348,544] sps=395,092  policy_loss=-0.0015  value_loss=0.0562  mi_loss=0.0007  mi_valid=0.73  div_loss=-0.2969  kl_loss=0.0000 (disabled)  score=0.965  return=0.955  role_std=3.5096  role_norm=12.5235  enc_delta ego=0.0012 partner=0.0010 road=0.0014
[ROMA step 3,435,134,976] sps=394,731  policy_loss=-0.0069  value_loss=0.0492  mi_loss=0.0008  mi_valid=0.72  div_loss=-0.2930  kl_loss=0.0000 (disabled)  score=0.964  return=0.954  role_std=3.5660  role_norm=12.7243  enc_delta ego=0.0015 partner=0.0012 road=0.0015
[ROMA step 3,435,921,408] sps=394,372  policy_loss=0.0053  value_loss=0.0726  mi_loss=0.0008  mi_valid=0.72  div_loss=-0.2949  kl_loss=0.0000 (disabled)  score=0.964  return=0.953  role_std=3.6577  role_norm=12.7041  enc_delta ego=0.0013 partner=0.0012 road=0.0014
[ROMA step 3,436,707,840] sps=393,029  policy_loss=-0.0042  value_loss=0.0587  mi_loss=0.0008  mi_valid=0.71  div_loss=-0.2910  kl_loss=0.0000 (disabled)  score=0.964  return=0.952  role_std=3.6986  role_norm=12.0850  enc_delta ego=0.0019 partner=0.0010 road=0.0015
[ROMA step 3,437,494,272] sps=392,670  policy_loss=0.0013  value_loss=0.0755  mi_loss=0.0008  mi_valid=0.72  div_loss=-0.2715  kl_loss=0.0000 (disabled)  score=0.965  return=0.952  role_std=3.7957  role_norm=12.1664  enc_delta ego=0.0014 partner=0.0017 road=0.0023
[ROMA step 3,438,280,704] sps=392,311  policy_loss=0.0000  value_loss=0.0734  mi_loss=0.0008  mi_valid=0.72  div_loss=-0.2695  kl_loss=0.0000 (disabled)  score=0.965  return=0.951  role_std=3.5806  role_norm=12.3622  enc_delta ego=0.0022 partner=0.0011 road=0.0019
[ROMA step 3,439,067,136] sps=391,948  policy_loss=-0.0032  value_loss=0.0500  mi_loss=0.0008  mi_valid=0.72  div_loss=-0.2656  kl_loss=0.0000 (disabled)  score=0.965  return=0.951  role_std=3.2250  role_norm=12.7869  enc_delta ego=0.0012 partner=0.0011 road=0.0015
[ROMA step 3,439,853,568] sps=390,585  policy_loss=0.0016  value_loss=0.0683  mi_loss=0.0008  mi_valid=0.71  div_loss=-0.2715  kl_loss=0.0000 (disabled)  score=0.964  return=0.950  role_std=3.3631  role_norm=13.1260  enc_delta ego=0.0013 partner=0.0013 road=0.0025
[ROMA step 3,440,640,000] sps=390,217  policy_loss=0.0010  value_loss=0.0470  mi_loss=0.0008  mi_valid=0.72  div_loss=-0.2617  kl_loss=0.0000 (disabled)  score=0.964  return=0.949  role_std=3.4580  role_norm=12.9933  enc_delta ego=0.0011 partner=0.0010 road=0.0015
[ROMA step 3,441,426,432] sps=389,869  policy_loss=-0.0032  value_loss=0.0382  mi_loss=0.0008  mi_valid=0.72  div_loss=-0.2637  kl_loss=0.0000 (disabled)  score=0.964  return=0.950  role_std=3.3903  role_norm=12.6838  enc_delta ego=0.0010 partner=0.0009 road=0.0016
[ROMA step 3,442,212,864] sps=388,598  policy_loss=-0.0024  value_loss=0.0665  mi_loss=0.0008  mi_valid=0.70  div_loss=-0.2676  kl_loss=0.0000 (disabled)  score=0.965  return=0.951  role_std=3.7065  role_norm=12.5073  enc_delta ego=0.0013 partner=0.0011 road=0.0022
[ROMA step 3,442,999,296] sps=388,251  policy_loss=-0.0068  value_loss=0.0679  mi_loss=0.0008  mi_valid=0.71  div_loss=-0.2695  kl_loss=0.0000 (disabled)  score=0.965  return=0.951  role_std=3.3505  role_norm=13.1108  enc_delta ego=0.0015 partner=0.0011 road=0.0020
[ROMA step 3,443,785,728] sps=387,905  policy_loss=-0.0021  value_loss=0.0537  mi_loss=0.0008  mi_valid=0.71  div_loss=-0.2676  kl_loss=0.0000 (disabled)  score=0.966  return=0.952  role_std=3.3943  role_norm=13.0502  enc_delta ego=0.0012 partner=0.0011 road=0.0017
[ROMA step 3,444,572,160] sps=387,557  policy_loss=-0.0016  value_loss=0.0471  mi_loss=0.0008  mi_valid=0.71  div_loss=-0.2715  kl_loss=0.0000 (disabled)  score=0.966  return=0.952  role_std=3.5137  role_norm=13.1558  enc_delta ego=0.0011 partner=0.0011 road=0.0020
[ROMA step 3,445,358,592] sps=386,287  policy_loss=0.0035  value_loss=0.0721  mi_loss=0.0008  mi_valid=0.71  div_loss=-0.2773  kl_loss=0.0000 (disabled)  score=0.967  return=0.953  role_std=3.4098  role_norm=12.4431  enc_delta ego=0.0016 partner=0.0015 road=0.0021
[ROMA step 3,446,145,024] sps=385,945  policy_loss=0.0049  value_loss=0.0680  mi_loss=0.0008  mi_valid=0.72  div_loss=-0.2617  kl_loss=0.0000 (disabled)  score=0.967  return=0.951  role_std=3.5356  role_norm=12.4856  enc_delta ego=0.0014 partner=0.0015 road=0.0023
[ROMA step 3,446,931,456] sps=385,607  policy_loss=-0.0060  value_loss=0.0711  mi_loss=0.0007  mi_valid=0.73  div_loss=-0.2637  kl_loss=0.0000 (disabled)  score=0.967  return=0.950  role_std=3.2002  role_norm=13.0063  enc_delta ego=0.0011 partner=0.0013 road=0.0019
[ROMA step 3,447,717,888] sps=384,359  policy_loss=-0.0022  value_loss=0.0621  mi_loss=0.0008  mi_valid=0.72  div_loss=-0.2676  kl_loss=0.0000 (disabled)  score=0.966  return=0.948  role_std=3.1410  role_norm=13.4201  enc_delta ego=0.0008 partner=0.0010 road=0.0018
[ROMA step 3,448,504,320] sps=384,027  policy_loss=-0.0046  value_loss=0.0391  mi_loss=0.0008  mi_valid=0.71  div_loss=-0.2637  kl_loss=0.0000 (disabled)  score=0.966  return=0.948  role_std=3.4094  role_norm=13.0022  enc_delta ego=0.0011 partner=0.0011 road=0.0017
[ROMA step 3,449,290,752] sps=383,695  policy_loss=-0.0013  value_loss=0.0362  mi_loss=0.0008  mi_valid=0.72  div_loss=-0.2656  kl_loss=0.0000 (disabled)  score=0.966  return=0.950  role_std=3.4576  role_norm=12.8499  enc_delta ego=0.0008 partner=0.0012 road=0.0021
[ROMA step 3,450,077,184] sps=383,362  policy_loss=0.0004  value_loss=0.0304  mi_loss=0.0008  mi_valid=0.72  div_loss=-0.2676  kl_loss=0.0000 (disabled)  score=0.966  return=0.950  role_std=3.4293  role_norm=12.7719  enc_delta ego=0.0009 partner=0.0008 road=0.0013
[ROMA step 3,450,863,616] sps=382,184  policy_loss=0.0014  value_loss=0.0655  mi_loss=0.0008  mi_valid=0.71  div_loss=-0.2793  kl_loss=0.0000 (disabled)  score=0.967  return=0.952  role_std=3.3137  role_norm=12.8299  enc_delta ego=0.0011 partner=0.0015 road=0.0019
[ROMA step 3,451,650,048] sps=381,844  policy_loss=-0.0020  value_loss=0.0568  mi_loss=0.0008  mi_valid=0.73  div_loss=-0.2734  kl_loss=0.0000 (disabled)  score=0.967  return=0.951  role_std=3.3064  role_norm=12.7907  enc_delta ego=0.0009 partner=0.0016 road=0.0016
[ROMA step 3,452,436,480] sps=381,509  policy_loss=-0.0016  value_loss=0.0756  mi_loss=0.0007  mi_valid=0.72  div_loss=-0.2812  kl_loss=0.0000 (disabled)  score=0.967  return=0.951  role_std=3.2841  role_norm=12.8859  enc_delta ego=0.0011 partner=0.0015 road=0.0017
[ROMA step 3,453,222,912] sps=380,254  policy_loss=-0.0025  value_loss=0.0658  mi_loss=0.0008  mi_valid=0.71  div_loss=-0.2891  kl_loss=0.0000 (disabled)  score=0.966  return=0.951  role_std=3.5206  role_norm=12.6242  enc_delta ego=0.0009 partner=0.0014 road=0.0014
[ROMA step 3,454,009,344] sps=379,928  policy_loss=0.0026  value_loss=0.0552  mi_loss=0.0007  mi_valid=0.71  div_loss=-0.2852  kl_loss=0.0000 (disabled)  score=0.967  return=0.952  role_std=3.7710  role_norm=12.4459  enc_delta ego=0.0008 partner=0.0014 road=0.0014
[ROMA step 3,454,795,776] sps=379,602  policy_loss=-0.0047  value_loss=0.0452  mi_loss=0.0007  mi_valid=0.71  div_loss=-0.2852  kl_loss=0.0000 (disabled)  score=0.967  return=0.953  role_std=3.8862  role_norm=12.3871  enc_delta ego=0.0009 partner=0.0012 road=0.0014
[ROMA step 3,455,582,208] sps=379,278  policy_loss=-0.0022  value_loss=0.0430  mi_loss=0.0007  mi_valid=0.71  div_loss=-0.2793  kl_loss=0.0000 (disabled)  score=0.967  return=0.955  role_std=3.4410  role_norm=12.9535  enc_delta ego=0.0009 partner=0.0012 road=0.0015
[ROMA step 3,456,368,640] sps=378,101  policy_loss=0.0015  value_loss=0.0742  mi_loss=0.0007  mi_valid=0.71  div_loss=-0.2812  kl_loss=0.0000 (disabled)  score=0.967  return=0.956  role_std=3.1353  role_norm=12.7224  enc_delta ego=0.0011 partner=0.0012 road=0.0018
[ROMA step 3,457,155,072] sps=377,767  policy_loss=0.0021  value_loss=0.0526  mi_loss=0.0007  mi_valid=0.73  div_loss=-0.2695  kl_loss=0.0000 (disabled)  score=0.967  return=0.955  role_std=3.2841  role_norm=12.3061  enc_delta ego=0.0010 partner=0.0011 road=0.0014
[ROMA step 3,457,941,504] sps=377,440  policy_loss=-0.0001  value_loss=0.0568  mi_loss=0.0007  mi_valid=0.73  div_loss=-0.2734  kl_loss=0.0000 (disabled)  score=0.967  return=0.955  role_std=3.3815  role_norm=12.2174  enc_delta ego=0.0011 partner=0.0013 road=0.0020
[ROMA step 3,458,727,936] sps=376,357  policy_loss=0.0039  value_loss=0.0774  mi_loss=0.0007  mi_valid=0.70  div_loss=-0.2715  kl_loss=0.0000 (disabled)  score=0.967  return=0.954  role_std=4.1809  role_norm=11.6998  enc_delta ego=0.0010 partner=0.0016 road=0.0019
[ROMA step 3,459,514,368] sps=376,043  policy_loss=0.0017  value_loss=0.0694  mi_loss=0.0008  mi_valid=0.72  div_loss=-0.2734  kl_loss=0.0000 (disabled)  score=0.967  return=0.954  role_std=3.1876  role_norm=12.7198  enc_delta ego=0.0013 partner=0.0012 road=0.0021
[ROMA step 3,460,300,800] sps=375,730  policy_loss=-0.0006  value_loss=0.0657  mi_loss=0.0008  mi_valid=0.71  div_loss=-0.2695  kl_loss=0.0000 (disabled)  score=0.967  return=0.954  role_std=3.3667  role_norm=12.6458  enc_delta ego=0.0010 partner=0.0014 road=0.0017
[ROMA step 3,461,087,232] sps=375,418  policy_loss=-0.0001  value_loss=0.0416  mi_loss=0.0008  mi_valid=0.71  div_loss=-0.2715  kl_loss=0.0000 (disabled)  score=0.967  return=0.954  role_std=3.3863  role_norm=12.5372  enc_delta ego=0.0011 partner=0.0010 road=0.0015
[ROMA step 3,461,873,664] sps=374,343  policy_loss=0.0052  value_loss=0.0743  mi_loss=0.0008  mi_valid=0.69  div_loss=-0.2793  kl_loss=0.0000 (disabled)  score=0.968  return=0.954  role_std=3.4353  role_norm=12.5548  enc_delta ego=0.0010 partner=0.0015 road=0.0017
[ROMA step 3,462,660,096] sps=374,026  policy_loss=0.0031  value_loss=0.0479  mi_loss=0.0008  mi_valid=0.71  div_loss=-0.2793  kl_loss=0.0000 (disabled)  score=0.968  return=0.954  role_std=3.7516  role_norm=12.5117  enc_delta ego=0.0009 partner=0.0012 road=0.0014
[ROMA step 3,463,446,528] sps=373,715  policy_loss=-0.0034  value_loss=0.0383  mi_loss=0.0008  mi_valid=0.71  div_loss=-0.2812  kl_loss=0.0000 (disabled)  score=0.967  return=0.953  role_std=3.6736  role_norm=12.4748  enc_delta ego=0.0007 partner=0.0009 road=0.0012
[ROMA step 3,464,232,960] sps=373,392  policy_loss=-0.0017  value_loss=0.0520  mi_loss=0.0008  mi_valid=0.71  div_loss=-0.2852  kl_loss=0.0000 (disabled)  score=0.967  return=0.953  role_std=3.4462  role_norm=12.6845  enc_delta ego=0.0009 partner=0.0013 road=0.0011
[ROMA step 3,465,019,392] sps=372,225  policy_loss=-0.0008  value_loss=0.0679  mi_loss=0.0008  mi_valid=0.70  div_loss=-0.2734  kl_loss=0.0000 (disabled)  score=0.967  return=0.953  role_std=3.3794  role_norm=12.4213  enc_delta ego=0.0009 partner=0.0013 road=0.0012
[ROMA step 3,465,805,824] sps=371,916  policy_loss=-0.0011  value_loss=0.0415  mi_loss=0.0008  mi_valid=0.72  div_loss=-0.2695  kl_loss=0.0000 (disabled)  score=0.968  return=0.954  role_std=3.3172  role_norm=12.5828  enc_delta ego=0.0012 partner=0.0011 road=0.0014
[ROMA step 3,466,592,256] sps=371,608  policy_loss=-0.0017  value_loss=0.0529  mi_loss=0.0008  mi_valid=0.72  div_loss=-0.2715  kl_loss=0.0000 (disabled)  score=0.968  return=0.955  role_std=3.4599  role_norm=12.2259  enc_delta ego=0.0010 partner=0.0011 road=0.0014
[ROMA step 3,467,378,688] sps=370,471  policy_loss=-0.0064  value_loss=0.0581  mi_loss=0.0008  mi_valid=0.71  div_loss=-0.2734  kl_loss=0.0000 (disabled)  score=0.968  return=0.956  role_std=3.7789  role_norm=12.3933  enc_delta ego=0.0010 partner=0.0013 road=0.0019
[ROMA step 3,468,165,120] sps=370,163  policy_loss=-0.0060  value_loss=0.0503  mi_loss=0.0008  mi_valid=0.72  div_loss=-0.2715  kl_loss=0.0000 (disabled)  score=0.968  return=0.956  role_std=3.4051  role_norm=12.7989  enc_delta ego=0.0010 partner=0.0010 road=0.0016
[ROMA step 3,468,951,552] sps=369,859  policy_loss=-0.0037  value_loss=0.0319  mi_loss=0.0008  mi_valid=0.71  div_loss=-0.2656  kl_loss=0.0000 (disabled)  score=0.969  return=0.956  role_std=3.3448  role_norm=12.7767  enc_delta ego=0.0009 partner=0.0008 road=0.0012
[ROMA step 3,469,737,984] sps=369,553  policy_loss=0.0031  value_loss=0.0394  mi_loss=0.0008  mi_valid=0.72  div_loss=-0.2617  kl_loss=0.0000 (disabled)  score=0.969  return=0.955  role_std=3.3844  role_norm=12.7514  enc_delta ego=0.0008 partner=0.0008 road=0.0012
[ROMA step 3,470,524,416] sps=368,429  policy_loss=0.0023  value_loss=0.0561  mi_loss=0.0008  mi_valid=0.71  div_loss=-0.2695  kl_loss=0.0000 (disabled)  score=0.969  return=0.955  role_std=3.4344  role_norm=12.5483  enc_delta ego=0.0012 partner=0.0014 road=0.0018
[ROMA step 3,471,310,848] sps=368,125  policy_loss=-0.0018  value_loss=0.0572  mi_loss=0.0008  mi_valid=0.73  div_loss=-0.2676  kl_loss=0.0000 (disabled)  score=0.968  return=0.954  role_std=3.5228  role_norm=12.2746  enc_delta ego=0.0010 partner=0.0014 road=0.0015
[ROMA step 3,472,097,280] sps=367,822  policy_loss=0.0037  value_loss=0.0728  mi_loss=0.0009  mi_valid=0.73  div_loss=-0.2539  kl_loss=0.0000 (disabled)  score=0.968  return=0.954  role_std=3.1063  role_norm=12.7634  enc_delta ego=0.0011 partner=0.0016 road=0.0019
[ROMA step 3,472,883,712] sps=366,668  policy_loss=-0.0025  value_loss=0.0713  mi_loss=0.0009  mi_valid=0.71  div_loss=-0.2637  kl_loss=0.0000 (disabled)  score=0.968  return=0.955  role_std=3.1869  role_norm=13.3083  enc_delta ego=0.0010 partner=0.0010 road=0.0013
[ROMA step 3,473,670,144] sps=366,371  policy_loss=0.0011  value_loss=0.0778  mi_loss=0.0008  mi_valid=0.72  div_loss=-0.2637  kl_loss=0.0000 (disabled)  score=0.968  return=0.955  role_std=3.2574  role_norm=13.1074  enc_delta ego=0.0010 partner=0.0011 road=0.0015
[ROMA step 3,474,456,576] sps=366,074  policy_loss=0.0013  value_loss=0.0792  mi_loss=0.0008  mi_valid=0.72  div_loss=-0.2676  kl_loss=0.0000 (disabled)  score=0.968  return=0.954  role_std=3.5412  role_norm=12.7693  enc_delta ego=0.0014 partner=0.0010 road=0.0018
[ROMA step 3,475,243,008] sps=365,775  policy_loss=-0.0000  value_loss=0.0891  mi_loss=0.0008  mi_valid=0.72  div_loss=-0.2676  kl_loss=0.0000 (disabled)  score=0.968  return=0.953  role_std=3.4151  role_norm=12.6551  enc_delta ego=0.0015 partner=0.0013 road=0.0017
[ROMA step 3,476,029,440] sps=364,661  policy_loss=-0.0037  value_loss=0.0744  mi_loss=0.0008  mi_valid=0.72  div_loss=-0.2617  kl_loss=0.0000 (disabled)  score=0.968  return=0.952  role_std=3.0388  role_norm=13.1907  enc_delta ego=0.0011 partner=0.0013 road=0.0016
[ROMA step 3,476,815,872] sps=364,363  policy_loss=-0.0039  value_loss=0.0540  mi_loss=0.0008  mi_valid=0.74  div_loss=-0.2520  kl_loss=0.0000 (disabled)  score=0.967  return=0.951  role_std=3.0965  role_norm=13.1922  enc_delta ego=0.0010 partner=0.0011 road=0.0018
[ROMA step 3,477,602,304] sps=364,067  policy_loss=0.0017  value_loss=0.0603  mi_loss=0.0008  mi_valid=0.73  div_loss=-0.2539  kl_loss=0.0000 (disabled)  score=0.966  return=0.952  role_std=3.1273  role_norm=12.9851  enc_delta ego=0.0007 partner=0.0012 road=0.0014
[ROMA step 3,478,388,736] sps=362,856  policy_loss=0.0021  value_loss=0.0615  mi_loss=0.0008  mi_valid=0.71  div_loss=-0.2578  kl_loss=0.0000 (disabled)  score=0.966  return=0.952  role_std=3.1392  role_norm=12.9146  enc_delta ego=0.0008 partner=0.0009 road=0.0016
[ROMA step 3,479,175,168] sps=362,538  policy_loss=-0.0012  value_loss=0.0564  mi_loss=0.0009  mi_valid=0.72  div_loss=-0.2520  kl_loss=0.0000 (disabled)  score=0.966  return=0.953  role_std=3.3914  role_norm=12.8198  enc_delta ego=0.0010 partner=0.0013 road=0.0019
[ROMA step 3,479,961,600] sps=362,242  policy_loss=-0.0021  value_loss=0.0380  mi_loss=0.0008  mi_valid=0.72  div_loss=-0.2539  kl_loss=0.0000 (disabled)  score=0.965  return=0.953  role_std=3.5904  role_norm=12.8182  enc_delta ego=0.0008 partner=0.0010 road=0.0013
[ROMA step 3,480,748,032] sps=361,950  policy_loss=-0.0045  value_loss=0.0519  mi_loss=0.0008  mi_valid=0.73  div_loss=-0.2539  kl_loss=0.0000 (disabled)  score=0.965  return=0.953  role_std=3.1556  role_norm=13.1734  enc_delta ego=0.0010 partner=0.0012 road=0.0016
[ROMA step 3,481,534,464] sps=360,813  policy_loss=0.0002  value_loss=0.0814  mi_loss=0.0008  mi_valid=0.71  div_loss=-0.2754  kl_loss=0.0000 (disabled)  score=0.965  return=0.953  role_std=3.2312  role_norm=13.2313  enc_delta ego=0.0010 partner=0.0012 road=0.0017
[ROMA step 3,482,320,896] sps=360,523  policy_loss=-0.0006  value_loss=0.0779  mi_loss=0.0007  mi_valid=0.72  div_loss=-0.2734  kl_loss=0.0000 (disabled)  score=0.965  return=0.954  role_std=3.5430  role_norm=12.9737  enc_delta ego=0.0011 partner=0.0010 road=0.0015
[ROMA step 3,483,107,328] sps=360,224  policy_loss=-0.0026  value_loss=0.0609  mi_loss=0.0007  mi_valid=0.72  div_loss=-0.2715  kl_loss=0.0000 (disabled)  score=0.964  return=0.953  role_std=3.4119  role_norm=12.6664  enc_delta ego=0.0011 partner=0.0011 road=0.0016
[ROMA step 3,483,893,760] sps=359,130  policy_loss=0.0026  value_loss=0.0813  mi_loss=0.0007  mi_valid=0.70  div_loss=-0.2773  kl_loss=0.0000 (disabled)  score=0.965  return=0.953  role_std=3.9645  role_norm=12.0169  enc_delta ego=0.0009 partner=0.0012 road=0.0013
[ROMA step 3,484,680,192] sps=358,848  policy_loss=-0.0028  value_loss=0.0756  mi_loss=0.0008  mi_valid=0.74  div_loss=-0.2676  kl_loss=0.0000 (disabled)  score=0.965  return=0.953  role_std=3.1639  role_norm=12.8549  enc_delta ego=0.0012 partner=0.0014 road=0.0016
[ROMA step 3,485,466,624] sps=358,566  policy_loss=0.0015  value_loss=0.0859  mi_loss=0.0008  mi_valid=0.73  div_loss=-0.2656  kl_loss=0.0000 (disabled)  score=0.964  return=0.951  role_std=3.2727  role_norm=13.0529  enc_delta ego=0.0012 partner=0.0013 road=0.0018
[ROMA step 3,486,253,056] sps=358,284  policy_loss=-0.0018  value_loss=0.0776  mi_loss=0.0008  mi_valid=0.73  div_loss=-0.2617  kl_loss=0.0000 (disabled)  score=0.963  return=0.950  role_std=3.2027  role_norm=13.0028  enc_delta ego=0.0011 partner=0.0012 road=0.0017
[ROMA step 3,487,039,488] sps=357,077  policy_loss=0.0041  value_loss=0.0596  mi_loss=0.0008  mi_valid=0.70  div_loss=-0.2715  kl_loss=0.0000 (disabled)  score=0.963  return=0.949  role_std=3.6149  role_norm=12.9517  enc_delta ego=0.0009 partner=0.0012 road=0.0015
[ROMA step 3,487,825,920] sps=356,794  policy_loss=-0.0035  value_loss=0.0552  mi_loss=0.0008  mi_valid=0.71  div_loss=-0.2773  kl_loss=0.0000 (disabled)  score=0.963  return=0.949  role_std=3.7270  role_norm=12.8926  enc_delta ego=0.0011 partner=0.0012 road=0.0015
[ROMA step 3,488,612,352] sps=356,501  policy_loss=0.0030  value_loss=0.0501  mi_loss=0.0008  mi_valid=0.71  div_loss=-0.2754  kl_loss=0.0000 (disabled)  score=0.963  return=0.948  role_std=3.8329  role_norm=12.8430  enc_delta ego=0.0010 partner=0.0010 road=0.0011
[ROMA step 3,489,398,784] sps=356,218  policy_loss=0.0001  value_loss=0.0460  mi_loss=0.0008  mi_valid=0.71  div_loss=-0.2793  kl_loss=0.0000 (disabled)  score=0.963  return=0.948  role_std=3.5054  role_norm=13.0771  enc_delta ego=0.0010 partner=0.0008 road=0.0011
[ROMA step 3,490,185,216] sps=355,066  policy_loss=0.0034  value_loss=0.0709  mi_loss=0.0008  mi_valid=0.71  div_loss=-0.2656  kl_loss=0.0000 (disabled)  score=0.964  return=0.949  role_std=3.1916  role_norm=12.7430  enc_delta ego=0.0008 partner=0.0013 road=0.0015
[ROMA step 3,490,971,648] sps=354,787  policy_loss=0.0050  value_loss=0.0476  mi_loss=0.0008  mi_valid=0.72  div_loss=-0.2578  kl_loss=0.0000 (disabled)  score=0.964  return=0.949  role_std=3.2824  role_norm=12.8730  enc_delta ego=0.0010 partner=0.0011 road=0.0016
[ROMA step 3,491,758,080] sps=354,509  policy_loss=-0.0019  value_loss=0.0473  mi_loss=0.0008  mi_valid=0.72  div_loss=-0.2539  kl_loss=0.0000 (disabled)  score=0.964  return=0.948  role_std=3.4090  role_norm=12.7329  enc_delta ego=0.0010 partner=0.0009 road=0.0013
[ROMA step 3,492,544,512] sps=353,525  policy_loss=-0.0026  value_loss=0.0698  mi_loss=0.0008  mi_valid=0.70  div_loss=-0.2656  kl_loss=0.0000 (disabled)  score=0.964  return=0.948  role_std=4.0686  role_norm=12.8546  enc_delta ego=0.0010 partner=0.0010 road=0.0015
[ROMA step 3,493,330,944] sps=353,234  policy_loss=-0.0008  value_loss=0.0542  mi_loss=0.0008  mi_valid=0.72  div_loss=-0.2754  kl_loss=0.0000 (disabled)  score=0.965  return=0.949  role_std=3.3348  role_norm=13.2767  enc_delta ego=0.0011 partner=0.0014 road=0.0015
[ROMA step 3,494,117,376] sps=352,964  policy_loss=-0.0009  value_loss=0.0621  mi_loss=0.0008  mi_valid=0.71  div_loss=-0.2812  kl_loss=0.0000 (disabled)  score=0.965  return=0.949  role_std=3.6142  role_norm=13.2290  enc_delta ego=0.0012 partner=0.0014 road=0.0015
[ROMA step 3,494,903,808] sps=352,690  policy_loss=-0.0021  value_loss=0.0577  mi_loss=0.0008  mi_valid=0.71  div_loss=-0.2832  kl_loss=0.0000 (disabled)  score=0.965  return=0.949  role_std=3.5008  role_norm=13.1573  enc_delta ego=0.0010 partner=0.0010 road=0.0014
[ROMA step 3,495,690,240] sps=351,689  policy_loss=-0.0034  value_loss=0.0571  mi_loss=0.0008  mi_valid=0.70  div_loss=-0.2754  kl_loss=0.0000 (disabled)  score=0.966  return=0.950  role_std=3.4311  role_norm=13.2386  enc_delta ego=0.0011 partner=0.0010 road=0.0016
[ROMA step 3,496,476,672] sps=351,415  policy_loss=0.0011  value_loss=0.0546  mi_loss=0.0008  mi_valid=0.71  div_loss=-0.2695  kl_loss=0.0000 (disabled)  score=0.966  return=0.950  role_std=3.8817  role_norm=13.1734  enc_delta ego=0.0012 partner=0.0011 road=0.0014
[ROMA step 3,497,263,104] sps=351,146  policy_loss=-0.0052  value_loss=0.0330  mi_loss=0.0007  mi_valid=0.71  div_loss=-0.2617  kl_loss=0.0000 (disabled)  score=0.967  return=0.952  role_std=3.6416  role_norm=13.0482  enc_delta ego=0.0010 partner=0.0007 road=0.0010
[ROMA step 3,498,049,536] sps=350,241  policy_loss=-0.0086  value_loss=0.0534  mi_loss=0.0008  mi_valid=0.70  div_loss=-0.2695  kl_loss=0.0000 (disabled)  score=0.968  return=0.954  role_std=3.3476  role_norm=13.2988  enc_delta ego=0.0010 partner=0.0008 road=0.0012
[ROMA step 3,498,835,968] sps=349,961  policy_loss=0.0025  value_loss=0.0317  mi_loss=0.0008  mi_valid=0.71  div_loss=-0.2578  kl_loss=0.0000 (disabled)  score=0.969  return=0.955  role_std=3.3924  role_norm=13.2182  enc_delta ego=0.0008 partner=0.0008 road=0.0011
[ROMA step 3,499,622,400] sps=349,689  policy_loss=-0.0020  value_loss=0.0382  mi_loss=0.0008  mi_valid=0.71  div_loss=-0.2500  kl_loss=0.0000 (disabled)  score=0.969  return=0.956  role_std=3.3081  role_norm=13.0844  enc_delta ego=0.0007 partner=0.0007 road=0.0011
[ROMA step 3,500,408,832] sps=349,418  policy_loss=0.0032  value_loss=0.0346  mi_loss=0.0008  mi_valid=0.72  div_loss=-0.2520  kl_loss=0.0000 (disabled)  score=0.970  return=0.957  role_std=3.2556  role_norm=13.1264  enc_delta ego=0.0008 partner=0.0007 road=0.0011
[ROMA] Saved -> /scratch/e452103/checkpoints/roma_mifutagent_dim1_H8_r16p64_ft_paperrew_pc_nodiv/roma_dim1_step3500408832.pt
[ROMA] Periodic WOSAC eval at step 3,500,408,832 ...

WOSAC realism metrics (32 rollouts, up to 10 batches, step 3,500,408,832)...
  Batch 10/10 | scenarios: 1222 | realism: 0.6878

  Scenarios evaluated       : 1222
  Realism meta-score        : 0.6878
  Kinematic metrics         : 0.2846
  Interactive metrics       : 0.6684
  Map-based metrics         : 0.7778
  minADE (m)                : 6.0306
  likelihood_offroad        : 0.9229
  likelihood_dist_road_edge : 0.6330
  likelihood_collision      : 0.9056
  likelihood_dist_obj       : 0.3073
  likelihood_ttc            : 0.7975
  likelihood_linear_speed   : 0.2040
  likelihood_linear_accel   : 0.3078
  likelihood_angular_speed  : 0.2862
  likelihood_angular_accel  : 0.3395
[ROMA step 3,501,195,264] sps=326,659  policy_loss=0.0019  value_loss=0.0695  mi_loss=0.0008  mi_valid=0.70  div_loss=-0.2695  kl_loss=0.0000 (disabled)  score=0.970  return=0.958  role_std=3.5298  role_norm=12.8372  enc_delta ego=0.0009 partner=0.0010 road=0.0014
[ROMA step 3,501,981,696] sps=326,429  policy_loss=-0.0043  value_loss=0.0738  mi_loss=0.0008  mi_valid=0.72  div_loss=-0.2676  kl_loss=0.0000 (disabled)  score=0.970  return=0.957  role_std=3.3837  role_norm=13.1658  enc_delta ego=0.0012 partner=0.0011 road=0.0016
[ROMA step 3,502,768,128] sps=326,201  policy_loss=-0.0060  value_loss=0.0585  mi_loss=0.0008  mi_valid=0.71  div_loss=-0.2598  kl_loss=0.0000 (disabled)  score=0.970  return=0.958  role_std=3.5020  role_norm=13.3294  enc_delta ego=0.0010 partner=0.0011 road=0.0015
[ROMA step 3,503,554,560] sps=325,275  policy_loss=-0.0009  value_loss=0.0660  mi_loss=0.0008  mi_valid=0.70  div_loss=-0.2637  kl_loss=0.0000 (disabled)  score=0.970  return=0.957  role_std=3.3149  role_norm=13.3773  enc_delta ego=0.0009 partner=0.0011 road=0.0013
[ROMA step 3,504,340,992] sps=325,046  policy_loss=-0.0043  value_loss=0.0452  mi_loss=0.0008  mi_valid=0.72  div_loss=-0.2598  kl_loss=0.0000 (disabled)  score=0.970  return=0.957  role_std=3.5130  role_norm=13.1817  enc_delta ego=0.0010 partner=0.0012 road=0.0017
[ROMA step 3,505,127,424] sps=324,818  policy_loss=0.0042  value_loss=0.0573  mi_loss=0.0008  mi_valid=0.72  div_loss=-0.2578  kl_loss=0.0000 (disabled)  score=0.971  return=0.958  role_std=3.5642  role_norm=13.1981  enc_delta ego=0.0010 partner=0.0010 road=0.0013
[ROMA step 3,505,913,856] sps=324,590  policy_loss=0.0006  value_loss=0.0613  mi_loss=0.0008  mi_valid=0.72  div_loss=-0.2656  kl_loss=0.0000 (disabled)  score=0.971  return=0.959  role_std=3.4811  role_norm=13.4082  enc_delta ego=0.0008 partner=0.0011 road=0.0016
[ROMA step 3,506,700,288] sps=323,700  policy_loss=-0.0030  value_loss=0.0652  mi_loss=0.0008  mi_valid=0.71  div_loss=-0.2715  kl_loss=0.0000 (disabled)  score=0.971  return=0.958  role_std=3.3414  role_norm=13.6669  enc_delta ego=0.0009 partner=0.0011 road=0.0016
[ROMA step 3,507,486,720] sps=323,476  policy_loss=-0.0037  value_loss=0.0558  mi_loss=0.0008  mi_valid=0.72  div_loss=-0.2598  kl_loss=0.0000 (disabled)  score=0.971  return=0.958  role_std=3.4764  role_norm=13.4715  enc_delta ego=0.0009 partner=0.0011 road=0.0016
[ROMA step 3,508,273,152] sps=323,252  policy_loss=0.0015  value_loss=0.0527  mi_loss=0.0008  mi_valid=0.72  div_loss=-0.2617  kl_loss=0.0000 (disabled)  score=0.971  return=0.958  role_std=3.4287  role_norm=13.2366  enc_delta ego=0.0009 partner=0.0010 road=0.0016
[ROMA step 3,509,059,584] sps=322,284  policy_loss=0.0014  value_loss=0.0666  mi_loss=0.0008  mi_valid=0.70  div_loss=-0.2656  kl_loss=0.0000 (disabled)  score=0.971  return=0.957  role_std=3.9752  role_norm=12.2691  enc_delta ego=0.0007 partner=0.0009 road=0.0012
[ROMA step 3,509,846,016] sps=322,056  policy_loss=0.0034  value_loss=0.0808  mi_loss=0.0008  mi_valid=0.72  div_loss=-0.2656  kl_loss=0.0000 (disabled)  score=0.971  return=0.957  role_std=3.2409  role_norm=13.3005  enc_delta ego=0.0015 partner=0.0014 road=0.0021
[ROMA step 3,510,632,448] sps=321,831  policy_loss=-0.0039  value_loss=0.0591  mi_loss=0.0008  mi_valid=0.72  div_loss=-0.2695  kl_loss=0.0000 (disabled)  score=0.971  return=0.956  role_std=3.4376  role_norm=13.2968  enc_delta ego=0.0011 partner=0.0012 road=0.0015
[ROMA step 3,511,418,880] sps=321,602  policy_loss=-0.0027  value_loss=0.0676  mi_loss=0.0007  mi_valid=0.72  div_loss=-0.2637  kl_loss=0.0000 (disabled)  score=0.971  return=0.955  role_std=3.6443  role_norm=13.2083  enc_delta ego=0.0008 partner=0.0013 road=0.0015
[ROMA step 3,512,205,312] sps=320,735  policy_loss=0.0047  value_loss=0.0599  mi_loss=0.0008  mi_valid=0.71  div_loss=-0.2715  kl_loss=0.0000 (disabled)  score=0.970  return=0.955  role_std=3.4882  role_norm=13.0460  enc_delta ego=0.0009 partner=0.0010 road=0.0012
[ROMA step 3,512,991,744] sps=320,512  policy_loss=-0.0020  value_loss=0.0572  mi_loss=0.0008  mi_valid=0.72  div_loss=-0.2656  kl_loss=0.0000 (disabled)  score=0.971  return=0.956  role_std=3.6284  role_norm=12.8173  enc_delta ego=0.0009 partner=0.0011 road=0.0013
[ROMA step 3,513,778,176] sps=320,292  policy_loss=-0.0019  value_loss=0.0551  mi_loss=0.0008  mi_valid=0.72  div_loss=-0.2676  kl_loss=0.0000 (disabled)  score=0.971  return=0.956  role_std=3.6585  role_norm=12.8950  enc_delta ego=0.0011 partner=0.0010 road=0.0013
[ROMA step 3,514,564,608] sps=320,073  policy_loss=-0.0059  value_loss=0.0456  mi_loss=0.0008  mi_valid=0.73  div_loss=-0.2637  kl_loss=0.0000 (disabled)  score=0.971  return=0.956  role_std=3.3163  role_norm=12.8804  enc_delta ego=0.0008 partner=0.0009 road=0.0012
[ROMA step 3,515,351,040] sps=319,308  policy_loss=0.0005  value_loss=0.0692  mi_loss=0.0008  mi_valid=0.70  div_loss=-0.2773  kl_loss=0.0000 (disabled)  score=0.971  return=0.957  role_std=3.5763  role_norm=13.6251  enc_delta ego=0.0008 partner=0.0011 road=0.0016
[ROMA step 3,516,137,472] sps=319,091  policy_loss=-0.0055  value_loss=0.0505  mi_loss=0.0008  mi_valid=0.71  div_loss=-0.2734  kl_loss=0.0000 (disabled)  score=0.971  return=0.957  role_std=3.4408  role_norm=13.3776  enc_delta ego=0.0007 partner=0.0011 road=0.0016
[ROMA step 3,516,923,904] sps=318,877  policy_loss=0.0019  value_loss=0.0541  mi_loss=0.0008  mi_valid=0.71  div_loss=-0.2754  kl_loss=0.0000 (disabled)  score=0.971  return=0.957  role_std=3.6635  role_norm=13.3591  enc_delta ego=0.0007 partner=0.0009 road=0.0012
[ROMA step 3,517,710,336] sps=318,039  policy_loss=-0.0036  value_loss=0.0677  mi_loss=0.0008  mi_valid=0.69  div_loss=-0.2773  kl_loss=0.0000 (disabled)  score=0.971  return=0.958  role_std=3.8250  role_norm=12.7859  enc_delta ego=0.0008 partner=0.0008 road=0.0012
[ROMA step 3,518,496,768] sps=317,821  policy_loss=0.0007  value_loss=0.0469  mi_loss=0.0007  mi_valid=0.72  div_loss=-0.2637  kl_loss=0.0000 (disabled)  score=0.971  return=0.957  role_std=3.5736  role_norm=13.5919  enc_delta ego=0.0008 partner=0.0011 road=0.0015
[ROMA step 3,519,283,200] sps=317,607  policy_loss=-0.0006  value_loss=0.0358  mi_loss=0.0008  mi_valid=0.71  div_loss=-0.2598  kl_loss=0.0000 (disabled)  score=0.971  return=0.957  role_std=3.4886  role_norm=13.4561  enc_delta ego=0.0007 partner=0.0007 road=0.0012
[ROMA step 3,520,069,632] sps=317,395  policy_loss=0.0004  value_loss=0.0539  mi_loss=0.0008  mi_valid=0.71  div_loss=-0.2598  kl_loss=0.0000 (disabled)  score=0.971  return=0.957  role_std=3.4203  role_norm=13.6681  enc_delta ego=0.0009 partner=0.0009 road=0.0012
[ROMA step 3,520,856,064] sps=316,280  policy_loss=-0.0018  value_loss=0.0636  mi_loss=0.0008  mi_valid=0.70  div_loss=-0.2598  kl_loss=0.0000 (disabled)  score=0.971  return=0.957  role_std=3.3854  role_norm=13.3532  enc_delta ego=0.0013 partner=0.0011 road=0.0016
[ROMA step 3,521,642,496] sps=316,058  policy_loss=0.0039  value_loss=0.0663  mi_loss=0.0007  mi_valid=0.71  div_loss=-0.2559  kl_loss=0.0000 (disabled)  score=0.971  return=0.956  role_std=3.6482  role_norm=13.2802  enc_delta ego=0.0008 partner=0.0010 road=0.0012
[ROMA step 3,522,428,928] sps=315,820  policy_loss=-0.0023  value_loss=0.0417  mi_loss=0.0007  mi_valid=0.72  div_loss=-0.2559  kl_loss=0.0000 (disabled)  score=0.971  return=0.956  role_std=3.5617  role_norm=13.0482  enc_delta ego=0.0007 partner=0.0008 road=0.0011
[ROMA step 3,523,215,360] sps=314,951  policy_loss=0.0026  value_loss=0.0622  mi_loss=0.0007  mi_valid=0.71  div_loss=-0.2676  kl_loss=0.0000 (disabled)  score=0.971  return=0.956  role_std=3.2511  role_norm=13.3452  enc_delta ego=0.0008 partner=0.0010 road=0.0014
[ROMA step 3,524,001,792] sps=314,732  policy_loss=-0.0081  value_loss=0.0501  mi_loss=0.0008  mi_valid=0.72  div_loss=-0.2598  kl_loss=0.0000 (disabled)  score=0.971  return=0.957  role_std=3.3171  role_norm=13.1809  enc_delta ego=0.0013 partner=0.0009 road=0.0013
[ROMA step 3,524,788,224] sps=314,524  policy_loss=0.0009  value_loss=0.0520  mi_loss=0.0008  mi_valid=0.71  div_loss=-0.2539  kl_loss=0.0000 (disabled)  score=0.971  return=0.958  role_std=3.4008  role_norm=13.1079  enc_delta ego=0.0012 partner=0.0009 road=0.0011
[ROMA step 3,525,574,656] sps=314,316  policy_loss=-0.0002  value_loss=0.0464  mi_loss=0.0008  mi_valid=0.71  div_loss=-0.2520  kl_loss=0.0000 (disabled)  score=0.971  return=0.959  role_std=3.3344  role_norm=13.0949  enc_delta ego=0.0008 partner=0.0008 road=0.0009
[ROMA step 3,526,361,088] sps=313,531  policy_loss=-0.0031  value_loss=0.0564  mi_loss=0.0008  mi_valid=0.70  div_loss=-0.2539  kl_loss=0.0000 (disabled)  score=0.972  return=0.961  role_std=3.4934  role_norm=12.8662  enc_delta ego=0.0013 partner=0.0019 road=0.0016
[ROMA step 3,527,147,520] sps=313,322  policy_loss=-0.0012  value_loss=0.0503  mi_loss=0.0008  mi_valid=0.72  div_loss=-0.2578  kl_loss=0.0000 (disabled)  score=0.972  return=0.963  role_std=3.2976  role_norm=13.4582  enc_delta ego=0.0012 partner=0.0012 road=0.0018
[ROMA step 3,527,933,952] sps=313,115  policy_loss=-0.0068  value_loss=0.0383  mi_loss=0.0008  mi_valid=0.71  div_loss=-0.2598  kl_loss=0.0000 (disabled)  score=0.972  return=0.964  role_std=3.2931  role_norm=13.3339  enc_delta ego=0.0011 partner=0.0014 road=0.0013
[ROMA step 3,528,720,384] sps=312,344  policy_loss=0.0026  value_loss=0.0717  mi_loss=0.0008  mi_valid=0.70  div_loss=-0.2637  kl_loss=0.0000 (disabled)  score=0.972  return=0.965  role_std=3.2748  role_norm=13.5596  enc_delta ego=0.0008 partner=0.0012 road=0.0014
[ROMA step 3,529,506,816] sps=312,135  policy_loss=-0.0027  value_loss=0.0397  mi_loss=0.0008  mi_valid=0.71  div_loss=-0.2578  kl_loss=0.0000 (disabled)  score=0.972  return=0.967  role_std=3.3865  role_norm=13.2814  enc_delta ego=0.0008 partner=0.0009 road=0.0012
[ROMA step 3,530,293,248] sps=311,930  policy_loss=0.0048  value_loss=0.0461  mi_loss=0.0009  mi_valid=0.71  div_loss=-0.2578  kl_loss=0.0000 (disabled)  score=0.973  return=0.968  role_std=3.5034  role_norm=12.9391  enc_delta ego=0.0008 partner=0.0008 road=0.0012
[ROMA step 3,531,079,680] sps=311,724  policy_loss=-0.0009  value_loss=0.0653  mi_loss=0.0009  mi_valid=0.72  div_loss=-0.2539  kl_loss=0.0000 (disabled)  score=0.973  return=0.969  role_std=3.2453  role_norm=13.5283  enc_delta ego=0.0009 partner=0.0009 road=0.0014
[ROMA step 3,531,866,112] sps=310,837  policy_loss=0.0001  value_loss=0.0911  mi_loss=0.0009  mi_valid=0.71  div_loss=-0.2637  kl_loss=0.0000 (disabled)  score=0.973  return=0.969  role_std=3.1243  role_norm=13.4666  enc_delta ego=0.0010 partner=0.0013 road=0.0015
[ROMA step 3,532,652,544] sps=310,627  policy_loss=-0.0009  value_loss=0.0518  mi_loss=0.0009  mi_valid=0.73  div_loss=-0.2578  kl_loss=0.0000 (disabled)  score=0.972  return=0.970  role_std=3.2922  role_norm=13.4189  enc_delta ego=0.0011 partner=0.0012 road=0.0015
[ROMA step 3,533,438,976] sps=310,423  policy_loss=0.0015  value_loss=0.0524  mi_loss=0.0009  mi_valid=0.72  div_loss=-0.2559  kl_loss=0.0000 (disabled)  score=0.972  return=0.970  role_std=3.5550  role_norm=13.3985  enc_delta ego=0.0009 partner=0.0010 road=0.0013
[ROMA step 3,534,225,408] sps=309,601  policy_loss=-0.0008  value_loss=0.0545  mi_loss=0.0009  mi_valid=0.70  div_loss=-0.2578  kl_loss=0.0000 (disabled)  score=0.972  return=0.970  role_std=4.1050  role_norm=13.0513  enc_delta ego=0.0008 partner=0.0010 road=0.0012
[ROMA step 3,535,011,840] sps=309,382  policy_loss=-0.0015  value_loss=0.0632  mi_loss=0.0008  mi_valid=0.72  div_loss=-0.2578  kl_loss=0.0000 (disabled)  score=0.972  return=0.969  role_std=3.3202  role_norm=13.8047  enc_delta ego=0.0010 partner=0.0011 road=0.0017
[ROMA step 3,535,798,272] sps=309,172  policy_loss=0.0028  value_loss=0.0648  mi_loss=0.0008  mi_valid=0.72  div_loss=-0.2617  kl_loss=0.0000 (disabled)  score=0.972  return=0.968  role_std=3.2164  role_norm=13.9261  enc_delta ego=0.0010 partner=0.0013 road=0.0019
[ROMA step 3,536,584,704] sps=308,964  policy_loss=0.0061  value_loss=0.0449  mi_loss=0.0008  mi_valid=0.72  div_loss=-0.2539  kl_loss=0.0000 (disabled)  score=0.972  return=0.968  role_std=3.4332  role_norm=13.7919  enc_delta ego=0.0010 partner=0.0010 road=0.0013
[ROMA step 3,537,371,136] sps=308,233  policy_loss=0.0045  value_loss=0.0573  mi_loss=0.0008  mi_valid=0.70  div_loss=-0.2598  kl_loss=0.0000 (disabled)  score=0.972  return=0.968  role_std=3.3443  role_norm=13.6957  enc_delta ego=0.0007 partner=0.0009 road=0.0015
[ROMA step 3,538,157,568] sps=308,031  policy_loss=0.0020  value_loss=0.0476  mi_loss=0.0008  mi_valid=0.72  div_loss=-0.2520  kl_loss=0.0000 (disabled)  score=0.972  return=0.968  role_std=3.5306  role_norm=13.4231  enc_delta ego=0.0006 partner=0.0008 road=0.0014
[ROMA step 3,538,944,000] sps=307,832  policy_loss=-0.0018  value_loss=0.0414  mi_loss=0.0008  mi_valid=0.72  div_loss=-0.2539  kl_loss=0.0000 (disabled)  score=0.972  return=0.968  role_std=3.6506  role_norm=13.3937  enc_delta ego=0.0006 partner=0.0009 road=0.0013
[ROMA step 3,539,730,432] sps=307,634  policy_loss=-0.0018  value_loss=0.0364  mi_loss=0.0008  mi_valid=0.72  div_loss=-0.2539  kl_loss=0.0000 (disabled)  score=0.972  return=0.968  role_std=3.3695  role_norm=13.8896  enc_delta ego=0.0005 partner=0.0008 road=0.0010
[ROMA step 3,540,516,864] sps=306,741  policy_loss=0.0015  value_loss=0.0855  mi_loss=0.0009  mi_valid=0.70  div_loss=-0.2734  kl_loss=0.0000 (disabled)  score=0.972  return=0.967  role_std=3.5764  role_norm=13.8784  enc_delta ego=0.0015 partner=0.0011 road=0.0017
[ROMA step 3,541,303,296] sps=306,540  policy_loss=0.0035  value_loss=0.0795  mi_loss=0.0009  mi_valid=0.70  div_loss=-0.2754  kl_loss=0.0000 (disabled)  score=0.972  return=0.968  role_std=3.6720  role_norm=13.8098  enc_delta ego=0.0012 partner=0.0012 road=0.0016
[ROMA step 3,542,089,728] sps=306,347  policy_loss=-0.0031  value_loss=0.0812  mi_loss=0.0009  mi_valid=0.70  div_loss=-0.2754  kl_loss=0.0000 (disabled)  score=0.972  return=0.969  role_std=3.8218  role_norm=13.7281  enc_delta ego=0.0011 partner=0.0012 road=0.0017
[ROMA step 3,542,876,160] sps=305,538  policy_loss=-0.0017  value_loss=0.0776  mi_loss=0.0009  mi_valid=0.69  div_loss=-0.2754  kl_loss=0.0000 (disabled)  score=0.972  return=0.969  role_std=4.1039  role_norm=13.3294  enc_delta ego=0.0014 partner=0.0014 road=0.0017
[ROMA step 3,543,662,592] sps=305,335  policy_loss=-0.0024  value_loss=0.0685  mi_loss=0.0008  mi_valid=0.71  div_loss=-0.2676  kl_loss=0.0000 (disabled)  score=0.972  return=0.969  role_std=3.5302  role_norm=13.6111  enc_delta ego=0.0010 partner=0.0012 road=0.0014
[ROMA step 3,544,449,024] sps=305,141  policy_loss=-0.0039  value_loss=0.0525  mi_loss=0.0008  mi_valid=0.71  div_loss=-0.2656  kl_loss=0.0000 (disabled)  score=0.972  return=0.969  role_std=3.5779  role_norm=13.5487  enc_delta ego=0.0013 partner=0.0011 road=0.0015
[ROMA step 3,545,235,456] sps=304,946  policy_loss=-0.0054  value_loss=0.0495  mi_loss=0.0009  mi_valid=0.71  div_loss=-0.2656  kl_loss=0.0000 (disabled)  score=0.972  return=0.968  role_std=3.5582  role_norm=13.9858  enc_delta ego=0.0009 partner=0.0009 road=0.0012
[ROMA step 3,546,021,888] sps=304,172  policy_loss=-0.0012  value_loss=0.0747  mi_loss=0.0009  mi_valid=0.71  div_loss=-0.2637  kl_loss=0.0000 (disabled)  score=0.972  return=0.968  role_std=3.4879  role_norm=13.4117  enc_delta ego=0.0015 partner=0.0012 road=0.0017
[ROMA step 3,546,808,320] sps=303,981  policy_loss=0.0031  value_loss=0.0863  mi_loss=0.0008  mi_valid=0.72  div_loss=-0.2637  kl_loss=0.0000 (disabled)  score=0.971  return=0.966  role_std=3.5283  role_norm=13.1579  enc_delta ego=0.0013 partner=0.0010 road=0.0017
[ROMA step 3,547,594,752] sps=303,791  policy_loss=-0.0037  value_loss=0.0643  mi_loss=0.0009  mi_valid=0.72  div_loss=-0.2578  kl_loss=0.0000 (disabled)  score=0.971  return=0.963  role_std=3.5794  role_norm=13.1704  enc_delta ego=0.0009 partner=0.0008 road=0.0015
[ROMA step 3,548,381,184] sps=302,989  policy_loss=-0.0002  value_loss=0.0748  mi_loss=0.0008  mi_valid=0.71  div_loss=-0.2598  kl_loss=0.0000 (disabled)  score=0.970  return=0.962  role_std=3.4649  role_norm=13.6427  enc_delta ego=0.0008 partner=0.0010 road=0.0015
[ROMA step 3,549,167,616] sps=302,799  policy_loss=0.0015  value_loss=0.0888  mi_loss=0.0008  mi_valid=0.71  div_loss=-0.2637  kl_loss=0.0000 (disabled)  score=0.970  return=0.962  role_std=3.4860  role_norm=13.6802  enc_delta ego=0.0008 partner=0.0012 road=0.0015
[ROMA step 3,549,954,048] sps=302,608  policy_loss=-0.0003  value_loss=0.0705  mi_loss=0.0008  mi_valid=0.71  div_loss=-0.2637  kl_loss=0.0000 (disabled)  score=0.970  return=0.961  role_std=3.5192  role_norm=13.6916  enc_delta ego=0.0007 partner=0.0012 road=0.0012
[ROMA step 3,550,740,480] sps=302,417  policy_loss=-0.0012  value_loss=0.0712  mi_loss=0.0008  mi_valid=0.71  div_loss=-0.2656  kl_loss=0.0000 (disabled)  score=0.970  return=0.960  role_std=3.5179  role_norm=13.4984  enc_delta ego=0.0007 partner=0.0010 road=0.0012
[ROMA step 3,551,526,912] sps=301,228  policy_loss=-0.0024  value_loss=0.0624  mi_loss=0.0008  mi_valid=0.71  div_loss=-0.2676  kl_loss=0.0000 (disabled)  score=0.970  return=0.960  role_std=3.6814  role_norm=12.8966  enc_delta ego=0.0012 partner=0.0011 road=0.0014
[ROMA step 3,552,313,344] sps=301,042  policy_loss=-0.0047  value_loss=0.0546  mi_loss=0.0008  mi_valid=0.73  div_loss=-0.2637  kl_loss=0.0000 (disabled)  score=0.970  return=0.959  role_std=3.3342  role_norm=13.3860  enc_delta ego=0.0012 partner=0.0011 road=0.0015
[ROMA step 3,553,099,776] sps=300,859  policy_loss=0.0044  value_loss=0.0583  mi_loss=0.0008  mi_valid=0.72  div_loss=-0.2695  kl_loss=0.0000 (disabled)  score=0.970  return=0.959  role_std=3.3619  role_norm=13.3836  enc_delta ego=0.0009 partner=0.0012 road=0.0012
[ROMA step 3,553,886,208] sps=300,129  policy_loss=0.0048  value_loss=0.0693  mi_loss=0.0008  mi_valid=0.70  div_loss=-0.2754  kl_loss=0.0000 (disabled)  score=0.971  return=0.959  role_std=3.5113  role_norm=13.9132  enc_delta ego=0.0010 partner=0.0009 road=0.0014
[ROMA step 3,554,672,640] sps=299,948  policy_loss=-0.0063  value_loss=0.0565  mi_loss=0.0009  mi_valid=0.70  div_loss=-0.2695  kl_loss=0.0000 (disabled)  score=0.971  return=0.958  role_std=3.8305  role_norm=13.6582  enc_delta ego=0.0013 partner=0.0013 road=0.0014
[ROMA step 3,555,459,072] sps=299,766  policy_loss=-0.0061  value_loss=0.0542  mi_loss=0.0008  mi_valid=0.70  div_loss=-0.2715  kl_loss=0.0000 (disabled)  score=0.971  return=0.958  role_std=3.7942  role_norm=13.4505  enc_delta ego=0.0010 partner=0.0009 road=0.0014
[ROMA step 3,556,245,504] sps=299,585  policy_loss=-0.0045  value_loss=0.0572  mi_loss=0.0008  mi_valid=0.71  div_loss=-0.2676  kl_loss=0.0000 (disabled)  score=0.971  return=0.957  role_std=3.7875  role_norm=13.4923  enc_delta ego=0.0009 partner=0.0009 road=0.0012
[ROMA step 3,557,031,936] sps=298,832  policy_loss=0.0009  value_loss=0.0539  mi_loss=0.0008  mi_valid=0.71  div_loss=-0.2754  kl_loss=0.0000 (disabled)  score=0.971  return=0.957  role_std=3.3669  role_norm=13.7367  enc_delta ego=0.0011 partner=0.0011 road=0.0017
[ROMA step 3,557,818,368] sps=298,649  policy_loss=0.0025  value_loss=0.0746  mi_loss=0.0008  mi_valid=0.72  div_loss=-0.2676  kl_loss=0.0000 (disabled)  score=0.971  return=0.957  role_std=3.5786  role_norm=13.6988  enc_delta ego=0.0013 partner=0.0010 road=0.0015
[ROMA step 3,558,604,800] sps=298,464  policy_loss=-0.0074  value_loss=0.0372  mi_loss=0.0008  mi_valid=0.72  div_loss=-0.2617  kl_loss=0.0000 (disabled)  score=0.971  return=0.956  role_std=3.5904  role_norm=13.6755  enc_delta ego=0.0009 partner=0.0010 road=0.0014
[ROMA step 3,559,391,232] sps=297,627  policy_loss=0.0017  value_loss=0.0526  mi_loss=0.0008  mi_valid=0.70  div_loss=-0.2676  kl_loss=0.0000 (disabled)  score=0.971  return=0.955  role_std=4.1748  role_norm=12.8526  enc_delta ego=0.0009 partner=0.0009 road=0.0012
[ROMA step 3,560,177,664] sps=297,443  policy_loss=-0.0022  value_loss=0.0715  mi_loss=0.0008  mi_valid=0.72  div_loss=-0.2656  kl_loss=0.0000 (disabled)  score=0.971  return=0.954  role_std=3.7312  role_norm=13.2210  enc_delta ego=0.0012 partner=0.0011 road=0.0019
[ROMA step 3,560,964,096] sps=297,258  policy_loss=0.0037  value_loss=0.0585  mi_loss=0.0009  mi_valid=0.71  div_loss=-0.2676  kl_loss=0.0000 (disabled)  score=0.971  return=0.954  role_std=3.4608  role_norm=13.8953  enc_delta ego=0.0010 partner=0.0009 road=0.0012
[ROMA step 3,561,750,528] sps=297,076  policy_loss=-0.0065  value_loss=0.0620  mi_loss=0.0008  mi_valid=0.71  div_loss=-0.2715  kl_loss=0.0000 (disabled)  score=0.970  return=0.954  role_std=3.5463  role_norm=13.7832  enc_delta ego=0.0012 partner=0.0008 road=0.0014
[ROMA step 3,562,536,960] sps=296,259  policy_loss=-0.0067  value_loss=0.0550  mi_loss=0.0008  mi_valid=0.70  div_loss=-0.2715  kl_loss=0.0000 (disabled)  score=0.970  return=0.954  role_std=3.5835  role_norm=13.4113  enc_delta ego=0.0007 partner=0.0007 road=0.0011
[ROMA step 3,563,323,392] sps=296,074  policy_loss=0.0018  value_loss=0.0538  mi_loss=0.0008  mi_valid=0.72  div_loss=-0.2637  kl_loss=0.0000 (disabled)  score=0.970  return=0.955  role_std=3.5709  role_norm=13.2710  enc_delta ego=0.0008 partner=0.0009 road=0.0014
[ROMA step 3,564,109,824] sps=295,890  policy_loss=-0.0030  value_loss=0.0523  mi_loss=0.0008  mi_valid=0.72  div_loss=-0.2637  kl_loss=0.0000 (disabled)  score=0.970  return=0.954  role_std=3.7947  role_norm=13.1226  enc_delta ego=0.0009 partner=0.0011 road=0.0015
[ROMA step 3,564,896,256] sps=295,708  policy_loss=-0.0000  value_loss=0.0556  mi_loss=0.0008  mi_valid=0.73  div_loss=-0.2617  kl_loss=0.0000 (disabled)  score=0.970  return=0.954  role_std=3.5261  role_norm=13.6170  enc_delta ego=0.0007 partner=0.0008 road=0.0012
[ROMA step 3,565,682,688] sps=295,000  policy_loss=0.0022  value_loss=0.0590  mi_loss=0.0008  mi_valid=0.70  div_loss=-0.2715  kl_loss=0.0000 (disabled)  score=0.970  return=0.954  role_std=3.4153  role_norm=13.8136  enc_delta ego=0.0011 partner=0.0009 road=0.0014
[ROMA step 3,566,469,120] sps=294,813  policy_loss=0.0036  value_loss=0.0568  mi_loss=0.0008  mi_valid=0.71  div_loss=-0.2656  kl_loss=0.0000 (disabled)  score=0.970  return=0.954  role_std=3.5654  role_norm=13.6210  enc_delta ego=0.0013 partner=0.0010 road=0.0011
[ROMA step 3,567,255,552] sps=294,622  policy_loss=0.0009  value_loss=0.0509  mi_loss=0.0008  mi_valid=0.71  div_loss=-0.2676  kl_loss=0.0000 (disabled)  score=0.970  return=0.956  role_std=3.5356  role_norm=13.6905  enc_delta ego=0.0013 partner=0.0009 road=0.0013
[ROMA step 3,568,041,984] sps=293,875  policy_loss=-0.0018  value_loss=0.0488  mi_loss=0.0008  mi_valid=0.70  div_loss=-0.2734  kl_loss=0.0000 (disabled)  score=0.970  return=0.957  role_std=3.9606  role_norm=13.2418  enc_delta ego=0.0008 partner=0.0010 road=0.0013
[ROMA step 3,568,828,416] sps=293,700  policy_loss=-0.0046  value_loss=0.0429  mi_loss=0.0010  mi_valid=0.71  div_loss=-0.2793  kl_loss=0.0000 (disabled)  score=0.971  return=0.959  role_std=3.6892  role_norm=13.8501  enc_delta ego=0.0014 partner=0.0009 road=0.0011
[ROMA step 3,569,614,848] sps=293,524  policy_loss=-0.0019  value_loss=0.0467  mi_loss=0.0009  mi_valid=0.71  div_loss=-0.2812  kl_loss=0.0000 (disabled)  score=0.971  return=0.959  role_std=3.5735  role_norm=13.9218  enc_delta ego=0.0014 partner=0.0012 road=0.0013
[ROMA step 3,570,401,280] sps=293,351  policy_loss=0.0044  value_loss=0.0662  mi_loss=0.0009  mi_valid=0.71  div_loss=-0.2773  kl_loss=0.0000 (disabled)  score=0.970  return=0.959  role_std=3.7660  role_norm=13.9034  enc_delta ego=0.0009 partner=0.0009 road=0.0012
[ROMA step 3,571,187,712] sps=292,594  policy_loss=-0.0028  value_loss=0.0464  mi_loss=0.0008  mi_valid=0.70  div_loss=-0.2715  kl_loss=0.0000 (disabled)  score=0.971  return=0.960  role_std=3.5757  role_norm=13.5353  enc_delta ego=0.0008 partner=0.0010 road=0.0012
[ROMA step 3,571,974,144] sps=292,417  policy_loss=-0.0033  value_loss=0.0481  mi_loss=0.0007  mi_valid=0.71  div_loss=-0.2598  kl_loss=0.0000 (disabled)  score=0.971  return=0.961  role_std=3.7328  role_norm=13.5124  enc_delta ego=0.0007 partner=0.0009 road=0.0011
[ROMA step 3,572,760,576] sps=292,236  policy_loss=-0.0011  value_loss=0.0467  mi_loss=0.0008  mi_valid=0.71  div_loss=-0.2559  kl_loss=0.0000 (disabled)  score=0.971  return=0.962  role_std=3.7648  role_norm=13.6680  enc_delta ego=0.0007 partner=0.0009 road=0.0014
[ROMA step 3,573,547,008] sps=291,406  policy_loss=-0.0068  value_loss=0.0479  mi_loss=0.0008  mi_valid=0.70  div_loss=-0.2695  kl_loss=0.0000 (disabled)  score=0.971  return=0.963  role_std=3.5237  role_norm=13.8511  enc_delta ego=0.0007 partner=0.0010 road=0.0011
[ROMA step 3,574,333,440] sps=291,227  policy_loss=-0.0019  value_loss=0.0572  mi_loss=0.0008  mi_valid=0.71  div_loss=-0.2656  kl_loss=0.0000 (disabled)  score=0.971  return=0.964  role_std=3.6462  role_norm=14.0631  enc_delta ego=0.0010 partner=0.0012 road=0.0013
[ROMA step 3,575,119,872] sps=291,052  policy_loss=0.0033  value_loss=0.0637  mi_loss=0.0008  mi_valid=0.71  div_loss=-0.2637  kl_loss=0.0000 (disabled)  score=0.971  return=0.965  role_std=3.7055  role_norm=13.9646  enc_delta ego=0.0013 partner=0.0011 road=0.0014
[ROMA step 3,575,906,304] sps=290,875  policy_loss=-0.0063  value_loss=0.0487  mi_loss=0.0008  mi_valid=0.71  div_loss=-0.2617  kl_loss=0.0000 (disabled)  score=0.971  return=0.966  role_std=3.6511  role_norm=13.8150  enc_delta ego=0.0010 partner=0.0010 road=0.0012
[ROMA step 3,576,692,736] sps=290,167  policy_loss=0.0058  value_loss=0.0816  mi_loss=0.0008  mi_valid=0.70  div_loss=-0.2617  kl_loss=0.0000 (disabled)  score=0.971  return=0.967  role_std=3.7308  role_norm=13.6723  enc_delta ego=0.0008 partner=0.0009 road=0.0014
[ROMA step 3,577,479,168] sps=289,994  policy_loss=-0.0031  value_loss=0.0450  mi_loss=0.0008  mi_valid=0.72  div_loss=-0.2617  kl_loss=0.0000 (disabled)  score=0.971  return=0.967  role_std=3.5552  role_norm=13.9612  enc_delta ego=0.0008 partner=0.0008 road=0.0014
[ROMA step 3,578,265,600] sps=289,822  policy_loss=0.0018  value_loss=0.0579  mi_loss=0.0008  mi_valid=0.72  div_loss=-0.2559  kl_loss=0.0000 (disabled)  score=0.972  return=0.968  role_std=3.4646  role_norm=13.8766  enc_delta ego=0.0007 partner=0.0011 road=0.0013
[ROMA step 3,579,052,032] sps=289,047  policy_loss=-0.0057  value_loss=0.0617  mi_loss=0.0008  mi_valid=0.70  div_loss=-0.2617  kl_loss=0.0000 (disabled)  score=0.972  return=0.968  role_std=3.2327  role_norm=14.1835  enc_delta ego=0.0007 partner=0.0009 road=0.0010
[ROMA step 3,579,838,464] sps=288,880  policy_loss=0.0042  value_loss=0.0557  mi_loss=0.0008  mi_valid=0.71  div_loss=-0.2559  kl_loss=0.0000 (disabled)  score=0.972  return=0.969  role_std=3.5293  role_norm=13.7798  enc_delta ego=0.0009 partner=0.0009 road=0.0012
[ROMA step 3,580,624,896] sps=288,711  policy_loss=0.0005  value_loss=0.0367  mi_loss=0.0009  mi_valid=0.71  div_loss=-0.2578  kl_loss=0.0000 (disabled)  score=0.972  return=0.971  role_std=3.6321  role_norm=13.7394  enc_delta ego=0.0009 partner=0.0008 road=0.0012
[ROMA step 3,581,411,328] sps=288,543  policy_loss=-0.0035  value_loss=0.0381  mi_loss=0.0008  mi_valid=0.71  div_loss=-0.2598  kl_loss=0.0000 (disabled)  score=0.972  return=0.972  role_std=3.5496  role_norm=13.6224  enc_delta ego=0.0009 partner=0.0009 road=0.0011
[ROMA step 3,582,197,760] sps=287,748  policy_loss=-0.0050  value_loss=0.0641  mi_loss=0.0008  mi_valid=0.70  div_loss=-0.2715  kl_loss=0.0000 (disabled)  score=0.972  return=0.973  role_std=3.6778  role_norm=14.1635  enc_delta ego=0.0008 partner=0.0012 road=0.0015
[ROMA step 3,582,984,192] sps=287,576  policy_loss=-0.0010  value_loss=0.0590  mi_loss=0.0008  mi_valid=0.71  div_loss=-0.2734  kl_loss=0.0000 (disabled)  score=0.973  return=0.974  role_std=3.7917  role_norm=14.1070  enc_delta ego=0.0006 partner=0.0011 road=0.0015
[ROMA step 3,583,770,624] sps=287,408  policy_loss=-0.0056  value_loss=0.0544  mi_loss=0.0008  mi_valid=0.71  div_loss=-0.2754  kl_loss=0.0000 (disabled)  score=0.972  return=0.974  role_std=3.7764  role_norm=13.8449  enc_delta ego=0.0006 partner=0.0011 road=0.0011
[ROMA step 3,584,557,056] sps=286,736  policy_loss=0.0011  value_loss=0.0707  mi_loss=0.0008  mi_valid=0.70  div_loss=-0.2832  kl_loss=0.0000 (disabled)  score=0.972  return=0.974  role_std=4.0656  role_norm=12.7025  enc_delta ego=0.0011 partner=0.0012 road=0.0016
[ROMA step 3,585,343,488] sps=286,567  policy_loss=-0.0028  value_loss=0.0413  mi_loss=0.0008  mi_valid=0.73  div_loss=-0.2695  kl_loss=0.0000 (disabled)  score=0.972  return=0.974  role_std=3.7243  role_norm=13.1932  enc_delta ego=0.0009 partner=0.0008 road=0.0013
[ROMA step 3,586,129,920] sps=286,405  policy_loss=0.0028  value_loss=0.0399  mi_loss=0.0008  mi_valid=0.72  div_loss=-0.2734  kl_loss=0.0000 (disabled)  score=0.972  return=0.974  role_std=3.6506  role_norm=13.6201  enc_delta ego=0.0009 partner=0.0008 road=0.0011
[ROMA step 3,586,916,352] sps=286,242  policy_loss=0.0007  value_loss=0.0422  mi_loss=0.0008  mi_valid=0.72  div_loss=-0.2734  kl_loss=0.0000 (disabled)  score=0.972  return=0.973  role_std=3.6765  role_norm=13.5576  enc_delta ego=0.0008 partner=0.0008 road=0.0010
[ROMA step 3,587,702,784] sps=285,501  policy_loss=-0.0015  value_loss=0.0574  mi_loss=0.0008  mi_valid=0.70  div_loss=-0.2676  kl_loss=0.0000 (disabled)  score=0.972  return=0.973  role_std=3.7062  role_norm=13.6162  enc_delta ego=0.0008 partner=0.0009 road=0.0013
[ROMA step 3,588,489,216] sps=285,337  policy_loss=-0.0028  value_loss=0.0447  mi_loss=0.0008  mi_valid=0.71  div_loss=-0.2598  kl_loss=0.0000 (disabled)  score=0.973  return=0.974  role_std=3.7509  role_norm=13.7545  enc_delta ego=0.0006 partner=0.0006 road=0.0009
[ROMA step 3,589,275,648] sps=285,174  policy_loss=-0.0001  value_loss=0.0334  mi_loss=0.0008  mi_valid=0.71  div_loss=-0.2617  kl_loss=0.0000 (disabled)  score=0.973  return=0.975  role_std=3.7175  role_norm=13.7775  enc_delta ego=0.0005 partner=0.0007 road=0.0009
[ROMA step 3,590,062,080] sps=285,005  policy_loss=-0.0066  value_loss=0.0320  mi_loss=0.0008  mi_valid=0.71  div_loss=-0.2598  kl_loss=0.0000 (disabled)  score=0.973  return=0.975  role_std=3.5158  role_norm=13.8840  enc_delta ego=0.0006 partner=0.0006 road=0.0009
[ROMA step 3,590,848,512] sps=284,371  policy_loss=-0.0052  value_loss=0.0540  mi_loss=0.0008  mi_valid=0.70  div_loss=-0.2695  kl_loss=0.0000 (disabled)  score=0.973  return=0.974  role_std=3.6995  role_norm=13.7774  enc_delta ego=0.0010 partner=0.0013 road=0.0013
[ROMA step 3,591,634,944] sps=284,210  policy_loss=-0.0032  value_loss=0.0423  mi_loss=0.0008  mi_valid=0.71  div_loss=-0.2617  kl_loss=0.0000 (disabled)  score=0.973  return=0.973  role_std=3.6158  role_norm=13.7954  enc_delta ego=0.0008 partner=0.0009 road=0.0011
[ROMA step 3,592,421,376] sps=284,049  policy_loss=-0.0005  value_loss=0.0405  mi_loss=0.0008  mi_valid=0.71  div_loss=-0.2637  kl_loss=0.0000 (disabled)  score=0.974  return=0.972  role_std=3.5897  role_norm=13.8684  enc_delta ego=0.0008 partner=0.0009 road=0.0012
[ROMA step 3,593,207,808] sps=283,469  policy_loss=0.0033  value_loss=0.0583  mi_loss=0.0008  mi_valid=0.69  div_loss=-0.2656  kl_loss=0.0000 (disabled)  score=0.974  return=0.973  role_std=3.9489  role_norm=13.7442  enc_delta ego=0.0007 partner=0.0007 road=0.0010
[ROMA step 3,593,994,240] sps=283,306  policy_loss=-0.0001  value_loss=0.0434  mi_loss=0.0008  mi_valid=0.70  div_loss=-0.2676  kl_loss=0.0000 (disabled)  score=0.973  return=0.972  role_std=3.6556  role_norm=14.1265  enc_delta ego=0.0008 partner=0.0007 road=0.0011
[ROMA step 3,594,780,672] sps=283,145  policy_loss=0.0030  value_loss=0.0568  mi_loss=0.0008  mi_valid=0.70  div_loss=-0.2715  kl_loss=0.0000 (disabled)  score=0.974  return=0.973  role_std=3.7672  role_norm=14.1658  enc_delta ego=0.0008 partner=0.0008 road=0.0010
[ROMA step 3,595,567,104] sps=282,985  policy_loss=-0.0061  value_loss=0.0332  mi_loss=0.0008  mi_valid=0.70  div_loss=-0.2715  kl_loss=0.0000 (disabled)  score=0.974  return=0.974  role_std=3.7583  role_norm=14.0707  enc_delta ego=0.0006 partner=0.0007 road=0.0009
[ROMA step 3,596,353,536] sps=282,309  policy_loss=0.0013  value_loss=0.0672  mi_loss=0.0008  mi_valid=0.69  div_loss=-0.2695  kl_loss=0.0000 (disabled)  score=0.974  return=0.974  role_std=3.6586  role_norm=13.8619  enc_delta ego=0.0008 partner=0.0009 road=0.0013
[ROMA step 3,597,139,968] sps=282,146  policy_loss=-0.0004  value_loss=0.0491  mi_loss=0.0008  mi_valid=0.71  div_loss=-0.2637  kl_loss=0.0000 (disabled)  score=0.974  return=0.975  role_std=3.7925  role_norm=13.5680  enc_delta ego=0.0008 partner=0.0009 road=0.0012
[ROMA step 3,597,926,400] sps=281,986  policy_loss=0.0016  value_loss=0.0519  mi_loss=0.0007  mi_valid=0.71  div_loss=-0.2656  kl_loss=0.0000 (disabled)  score=0.975  return=0.975  role_std=3.7824  role_norm=13.6005  enc_delta ego=0.0007 partner=0.0011 road=0.0011
[ROMA step 3,598,712,832] sps=281,238  policy_loss=-0.0053  value_loss=0.0703  mi_loss=0.0008  mi_valid=0.70  div_loss=-0.2754  kl_loss=0.0000 (disabled)  score=0.975  return=0.975  role_std=3.4996  role_norm=13.7583  enc_delta ego=0.0010 partner=0.0012 road=0.0017
[ROMA step 3,599,499,264] sps=281,079  policy_loss=0.0026  value_loss=0.0548  mi_loss=0.0008  mi_valid=0.72  div_loss=-0.2637  kl_loss=0.0000 (disabled)  score=0.975  return=0.974  role_std=3.3826  role_norm=13.6694  enc_delta ego=0.0010 partner=0.0009 road=0.0015
[ROMA step 3,600,285,696] sps=280,923  policy_loss=-0.0023  value_loss=0.0297  mi_loss=0.0008  mi_valid=0.71  div_loss=-0.2578  kl_loss=0.0000 (disabled)  score=0.974  return=0.974  role_std=3.5435  role_norm=13.6418  enc_delta ego=0.0008 partner=0.0010 road=0.0012
[ROMA step 3,601,072,128] sps=280,762  policy_loss=0.0056  value_loss=0.0718  mi_loss=0.0008  mi_valid=0.71  div_loss=-0.2637  kl_loss=0.0000 (disabled)  score=0.974  return=0.973  role_std=3.6499  role_norm=13.6799  enc_delta ego=0.0011 partner=0.0007 road=0.0016
[ROMA step 3,601,858,560] sps=279,949  policy_loss=-0.0034  value_loss=0.0552  mi_loss=0.0008  mi_valid=0.70  div_loss=-0.2559  kl_loss=0.0000 (disabled)  score=0.974  return=0.972  role_std=3.7092  role_norm=13.1979  enc_delta ego=0.0007 partner=0.0010 road=0.0011
[ROMA step 3,602,644,992] sps=279,781  policy_loss=-0.0085  value_loss=0.0438  mi_loss=0.0008  mi_valid=0.71  div_loss=-0.2578  kl_loss=0.0000 (disabled)  score=0.974  return=0.973  role_std=3.3826  role_norm=13.8250  enc_delta ego=0.0009 partner=0.0013 road=0.0016
[ROMA step 3,603,431,424] sps=279,620  policy_loss=0.0058  value_loss=0.0656  mi_loss=0.0008  mi_valid=0.71  div_loss=-0.2598  kl_loss=0.0000 (disabled)  score=0.975  return=0.973  role_std=3.3868  role_norm=13.8275  enc_delta ego=0.0009 partner=0.0010 road=0.0014
[ROMA step 3,604,217,856] sps=278,922  policy_loss=0.0024  value_loss=0.0540  mi_loss=0.0008  mi_valid=0.70  div_loss=-0.2617  kl_loss=0.0000 (disabled)  score=0.975  return=0.974  role_std=3.4506  role_norm=14.4944  enc_delta ego=0.0011 partner=0.0009 road=0.0013
[ROMA step 3,605,004,288] sps=278,770  policy_loss=-0.0082  value_loss=0.0625  mi_loss=0.0009  mi_valid=0.71  div_loss=-0.2617  kl_loss=0.0000 (disabled)  score=0.975  return=0.975  role_std=3.6850  role_norm=14.1621  enc_delta ego=0.0018 partner=0.0013 road=0.0023
[ROMA step 3,605,790,720] sps=278,618  policy_loss=-0.0014  value_loss=0.0666  mi_loss=0.0008  mi_valid=0.71  div_loss=-0.2617  kl_loss=0.0000 (disabled)  score=0.976  return=0.974  role_std=3.7704  role_norm=13.9077  enc_delta ego=0.0012 partner=0.0015 road=0.0015
[ROMA step 3,606,577,152] sps=278,468  policy_loss=-0.0051  value_loss=0.0676  mi_loss=0.0008  mi_valid=0.71  div_loss=-0.2676  kl_loss=0.0000 (disabled)  score=0.976  return=0.975  role_std=3.7001  role_norm=13.7529  enc_delta ego=0.0010 partner=0.0013 road=0.0017
[ROMA step 3,607,363,584] sps=277,793  policy_loss=0.0014  value_loss=0.0703  mi_loss=0.0008  mi_valid=0.71  div_loss=-0.2734  kl_loss=0.0000 (disabled)  score=0.976  return=0.974  role_std=3.4369  role_norm=13.7818  enc_delta ego=0.0011 partner=0.0012 road=0.0016
[ROMA step 3,608,150,016] sps=277,636  policy_loss=0.0005  value_loss=0.0641  mi_loss=0.0007  mi_valid=0.71  div_loss=-0.2773  kl_loss=0.0000 (disabled)  score=0.976  return=0.975  role_std=3.6460  role_norm=13.7286  enc_delta ego=0.0006 partner=0.0010 road=0.0012
[ROMA step 3,608,936,448] sps=277,480  policy_loss=-0.0040  value_loss=0.0681  mi_loss=0.0007  mi_valid=0.71  div_loss=-0.2754  kl_loss=0.0000 (disabled)  score=0.976  return=0.973  role_std=3.6796  role_norm=13.5914  enc_delta ego=0.0009 partner=0.0013 road=0.0013
[ROMA step 3,609,722,880] sps=276,853  policy_loss=-0.0006  value_loss=0.0493  mi_loss=0.0007  mi_valid=0.69  div_loss=-0.2773  kl_loss=0.0000 (disabled)  score=0.976  return=0.974  role_std=4.2232  role_norm=13.1410  enc_delta ego=0.0007 partner=0.0007 road=0.0009
[ROMA step 3,610,509,312] sps=276,700  policy_loss=0.0014  value_loss=0.0546  mi_loss=0.0008  mi_valid=0.72  div_loss=-0.2676  kl_loss=0.0000 (disabled)  score=0.976  return=0.974  role_std=3.8772  role_norm=13.6446  enc_delta ego=0.0007 partner=0.0010 road=0.0011
[ROMA step 3,611,295,744] sps=276,549  policy_loss=-0.0054  value_loss=0.0532  mi_loss=0.0008  mi_valid=0.72  div_loss=-0.2695  kl_loss=0.0000 (disabled)  score=0.975  return=0.975  role_std=3.6838  role_norm=13.9825  enc_delta ego=0.0006 partner=0.0007 road=0.0010
[ROMA step 3,612,082,176] sps=276,397  policy_loss=0.0002  value_loss=0.0416  mi_loss=0.0008  mi_valid=0.72  div_loss=-0.2676  kl_loss=0.0000 (disabled)  score=0.975  return=0.975  role_std=3.5228  role_norm=13.8972  enc_delta ego=0.0008 partner=0.0007 road=0.0011
[ROMA step 3,612,868,608] sps=275,705  policy_loss=0.0004  value_loss=0.0643  mi_loss=0.0008  mi_valid=0.70  div_loss=-0.2773  kl_loss=0.0000 (disabled)  score=0.975  return=0.974  role_std=3.7303  role_norm=14.1399  enc_delta ego=0.0007 partner=0.0008 road=0.0011
[ROMA step 3,613,655,040] sps=275,556  policy_loss=0.0041  value_loss=0.0433  mi_loss=0.0008  mi_valid=0.71  div_loss=-0.2656  kl_loss=0.0000 (disabled)  score=0.975  return=0.974  role_std=3.8222  role_norm=13.9842  enc_delta ego=0.0007 partner=0.0008 road=0.0010
[ROMA step 3,614,441,472] sps=275,407  policy_loss=-0.0027  value_loss=0.0562  mi_loss=0.0008  mi_valid=0.70  div_loss=-0.2715  kl_loss=0.0000 (disabled)  score=0.974  return=0.972  role_std=3.9659  role_norm=13.9683  enc_delta ego=0.0010 partner=0.0010 road=0.0013
[ROMA step 3,615,227,904] sps=275,256  policy_loss=-0.0038  value_loss=0.0669  mi_loss=0.0008  mi_valid=0.71  div_loss=-0.2715  kl_loss=0.0000 (disabled)  score=0.974  return=0.971  role_std=3.9524  role_norm=13.7164  enc_delta ego=0.0020 partner=0.0009 road=0.0015
[ROMA step 3,616,014,336] sps=274,627  policy_loss=-0.0022  value_loss=0.0701  mi_loss=0.0008  mi_valid=0.71  div_loss=-0.2734  kl_loss=0.0000 (disabled)  score=0.974  return=0.970  role_std=3.5047  role_norm=14.0247  enc_delta ego=0.0008 partner=0.0008 road=0.0012
[ROMA step 3,616,800,768] sps=274,479  policy_loss=-0.0002  value_loss=0.0541  mi_loss=0.0008  mi_valid=0.72  div_loss=-0.2676  kl_loss=0.0000 (disabled)  score=0.974  return=0.969  role_std=3.7425  role_norm=13.7904  enc_delta ego=0.0009 partner=0.0009 road=0.0014
[ROMA step 3,617,587,200] sps=274,330  policy_loss=-0.0071  value_loss=0.0422  mi_loss=0.0008  mi_valid=0.72  div_loss=-0.2695  kl_loss=0.0000 (disabled)  score=0.973  return=0.969  role_std=3.7634  role_norm=13.7051  enc_delta ego=0.0010 partner=0.0008 road=0.0012
[ROMA step 3,618,373,632] sps=273,710  policy_loss=0.0016  value_loss=0.0778  mi_loss=0.0008  mi_valid=0.70  div_loss=-0.2734  kl_loss=0.0000 (disabled)  score=0.973  return=0.969  role_std=3.8612  role_norm=13.6134  enc_delta ego=0.0007 partner=0.0011 road=0.0014
[ROMA step 3,619,160,064] sps=273,564  policy_loss=0.0038  value_loss=0.0670  mi_loss=0.0008  mi_valid=0.72  div_loss=-0.2715  kl_loss=0.0000 (disabled)  score=0.973  return=0.968  role_std=3.9171  role_norm=13.7247  enc_delta ego=0.0009 partner=0.0015 road=0.0015
[ROMA step 3,619,946,496] sps=273,418  policy_loss=-0.0027  value_loss=0.0537  mi_loss=0.0008  mi_valid=0.72  div_loss=-0.2734  kl_loss=0.0000 (disabled)  score=0.973  return=0.967  role_std=3.5147  role_norm=13.7765  enc_delta ego=0.0006 partner=0.0014 road=0.0013
[ROMA step 3,620,732,928] sps=273,271  policy_loss=-0.0029  value_loss=0.0385  mi_loss=0.0008  mi_valid=0.72  div_loss=-0.2793  kl_loss=0.0000 (disabled)  score=0.973  return=0.967  role_std=3.5992  role_norm=13.7451  enc_delta ego=0.0008 partner=0.0008 road=0.0010
[ROMA step 3,621,519,360] sps=272,627  policy_loss=-0.0018  value_loss=0.0639  mi_loss=0.0008  mi_valid=0.70  div_loss=-0.2832  kl_loss=0.0000 (disabled)  score=0.973  return=0.967  role_std=3.8434  role_norm=13.6331  enc_delta ego=0.0009 partner=0.0013 road=0.0014
[ROMA step 3,622,305,792] sps=272,480  policy_loss=0.0038  value_loss=0.0577  mi_loss=0.0008  mi_valid=0.72  div_loss=-0.2734  kl_loss=0.0000 (disabled)  score=0.973  return=0.966  role_std=3.9019  role_norm=13.6139  enc_delta ego=0.0007 partner=0.0012 road=0.0012
[ROMA step 3,623,092,224] sps=272,337  policy_loss=-0.0020  value_loss=0.0578  mi_loss=0.0008  mi_valid=0.72  div_loss=-0.2715  kl_loss=0.0000 (disabled)  score=0.973  return=0.967  role_std=3.9874  role_norm=13.5127  enc_delta ego=0.0007 partner=0.0009 road=0.0013
[ROMA step 3,623,878,656] sps=271,717  policy_loss=-0.0048  value_loss=0.0595  mi_loss=0.0008  mi_valid=0.71  div_loss=-0.2734  kl_loss=0.0000 (disabled)  score=0.973  return=0.966  role_std=3.4212  role_norm=13.8044  enc_delta ego=0.0005 partner=0.0010 road=0.0011
[ROMA step 3,624,665,088] sps=271,569  policy_loss=0.0053  value_loss=0.0526  mi_loss=0.0008  mi_valid=0.73  div_loss=-0.2676  kl_loss=0.0000 (disabled)  score=0.972  return=0.965  role_std=3.4872  role_norm=13.9249  enc_delta ego=0.0006 partner=0.0008 road=0.0014
[ROMA step 3,625,451,520] sps=271,424  policy_loss=-0.0037  value_loss=0.0593  mi_loss=0.0008  mi_valid=0.73  div_loss=-0.2617  kl_loss=0.0000 (disabled)  score=0.972  return=0.964  role_std=3.5999  role_norm=13.7124  enc_delta ego=0.0007 partner=0.0009 road=0.0012
[ROMA step 3,626,237,952] sps=271,272  policy_loss=-0.0079  value_loss=0.0490  mi_loss=0.0008  mi_valid=0.72  div_loss=-0.2617  kl_loss=0.0000 (disabled)  score=0.972  return=0.965  role_std=3.7124  role_norm=13.6818  enc_delta ego=0.0007 partner=0.0009 road=0.0014
[ROMA step 3,627,024,384] sps=270,615  policy_loss=-0.0100  value_loss=0.0795  mi_loss=0.0008  mi_valid=0.70  div_loss=-0.2812  kl_loss=0.0000 (disabled)  score=0.971  return=0.965  role_std=4.0459  role_norm=13.6042  enc_delta ego=0.0012 partner=0.0012 road=0.0016
[ROMA step 3,627,810,816] sps=270,471  policy_loss=0.0010  value_loss=0.0734  mi_loss=0.0007  mi_valid=0.72  div_loss=-0.2891  kl_loss=0.0000 (disabled)  score=0.971  return=0.965  role_std=3.9002  role_norm=13.8827  enc_delta ego=0.0011 partner=0.0011 road=0.0019
[ROMA step 3,628,597,248] sps=270,325  policy_loss=-0.0039  value_loss=0.0719  mi_loss=0.0007  mi_valid=0.72  div_loss=-0.2891  kl_loss=0.0000 (disabled)  score=0.971  return=0.964  role_std=3.9418  role_norm=14.0193  enc_delta ego=0.0010 partner=0.0008 road=0.0015
[ROMA step 3,629,383,680] sps=269,659  policy_loss=0.0029  value_loss=0.0669  mi_loss=0.0008  mi_valid=0.71  div_loss=-0.2891  kl_loss=0.0000 (disabled)  score=0.971  return=0.964  role_std=3.7049  role_norm=14.3118  enc_delta ego=0.0007 partner=0.0009 road=0.0008
[ROMA step 3,630,170,112] sps=269,494  policy_loss=-0.0029  value_loss=0.0525  mi_loss=0.0008  mi_valid=0.72  div_loss=-0.2793  kl_loss=0.0000 (disabled)  score=0.971  return=0.964  role_std=3.8947  role_norm=13.8251  enc_delta ego=0.0006 partner=0.0011 road=0.0014
[ROMA step 3,630,956,544] sps=269,353  policy_loss=0.0025  value_loss=0.0455  mi_loss=0.0008  mi_valid=0.72  div_loss=-0.2793  kl_loss=0.0000 (disabled)  score=0.971  return=0.965  role_std=3.9203  role_norm=13.9176  enc_delta ego=0.0006 partner=0.0014 road=0.0012
[ROMA step 3,631,742,976] sps=269,214  policy_loss=0.0028  value_loss=0.0675  mi_loss=0.0008  mi_valid=0.71  div_loss=-0.2715  kl_loss=0.0000 (disabled)  score=0.971  return=0.965  role_std=4.0847  role_norm=13.9435  enc_delta ego=0.0008 partner=0.0009 road=0.0011
[ROMA step 3,632,529,408] sps=268,570  policy_loss=0.0038  value_loss=0.0695  mi_loss=0.0008  mi_valid=0.71  div_loss=-0.2637  kl_loss=0.0000 (disabled)  score=0.971  return=0.964  role_std=3.6437  role_norm=14.3851  enc_delta ego=0.0008 partner=0.0010 road=0.0012
[ROMA step 3,633,315,840] sps=268,429  policy_loss=0.0015  value_loss=0.0598  mi_loss=0.0007  mi_valid=0.72  div_loss=-0.2559  kl_loss=0.0000 (disabled)  score=0.971  return=0.962  role_std=3.6117  role_norm=14.4736  enc_delta ego=0.0010 partner=0.0010 road=0.0012
[ROMA step 3,634,102,272] sps=268,286  policy_loss=0.0022  value_loss=0.0559  mi_loss=0.0007  mi_valid=0.72  div_loss=-0.2520  kl_loss=0.0000 (disabled)  score=0.970  return=0.960  role_std=3.4363  role_norm=14.2536  enc_delta ego=0.0006 partner=0.0007 road=0.0008
[ROMA step 3,634,888,704] sps=267,622  policy_loss=-0.0028  value_loss=0.0576  mi_loss=0.0008  mi_valid=0.70  div_loss=-0.2598  kl_loss=0.0000 (disabled)  score=0.970  return=0.960  role_std=3.9832  role_norm=13.6911  enc_delta ego=0.0007 partner=0.0008 road=0.0011
[ROMA step 3,635,675,136] sps=267,485  policy_loss=-0.0032  value_loss=0.0740  mi_loss=0.0008  mi_valid=0.71  div_loss=-0.2715  kl_loss=0.0000 (disabled)  score=0.970  return=0.960  role_std=4.0403  role_norm=14.1770  enc_delta ego=0.0009 partner=0.0010 road=0.0013
[ROMA step 3,636,461,568] sps=267,346  policy_loss=0.0009  value_loss=0.0661  mi_loss=0.0008  mi_valid=0.72  div_loss=-0.2793  kl_loss=0.0000 (disabled)  score=0.970  return=0.961  role_std=3.7842  role_norm=14.5707  enc_delta ego=0.0007 partner=0.0008 road=0.0011
[ROMA step 3,637,248,000] sps=267,210  policy_loss=-0.0026  value_loss=0.0700  mi_loss=0.0008  mi_valid=0.71  div_loss=-0.2871  kl_loss=0.0000 (disabled)  score=0.970  return=0.960  role_std=3.8405  role_norm=14.4021  enc_delta ego=0.0008 partner=0.0011 road=0.0014
[ROMA step 3,638,034,432] sps=266,583  policy_loss=-0.0013  value_loss=0.0766  mi_loss=0.0008  mi_valid=0.70  div_loss=-0.2930  kl_loss=0.0000 (disabled)  score=0.970  return=0.961  role_std=3.9815  role_norm=13.8775  enc_delta ego=0.0007 partner=0.0011 road=0.0016
[ROMA step 3,638,820,864] sps=266,445  policy_loss=0.0017  value_loss=0.0615  mi_loss=0.0007  mi_valid=0.72  div_loss=-0.2891  kl_loss=0.0000 (disabled)  score=0.970  return=0.961  role_std=4.0425  role_norm=13.6919  enc_delta ego=0.0006 partner=0.0008 road=0.0013
[ROMA step 3,639,607,296] sps=266,308  policy_loss=-0.0007  value_loss=0.0565  mi_loss=0.0007  mi_valid=0.72  div_loss=-0.2891  kl_loss=0.0000 (disabled)  score=0.969  return=0.960  role_std=4.0619  role_norm=13.7117  enc_delta ego=0.0007 partner=0.0007 road=0.0009
[ROMA step 3,640,393,728] sps=266,171  policy_loss=-0.0039  value_loss=0.0542  mi_loss=0.0007  mi_valid=0.72  div_loss=-0.2871  kl_loss=0.0000 (disabled)  score=0.969  return=0.959  role_std=4.0359  role_norm=13.6684  enc_delta ego=0.0006 partner=0.0007 road=0.0007
[ROMA step 3,641,180,160] sps=265,485  policy_loss=0.0034  value_loss=0.0569  mi_loss=0.0007  mi_valid=0.71  div_loss=-0.2871  kl_loss=0.0000 (disabled)  score=0.968  return=0.960  role_std=3.9554  role_norm=14.2142  enc_delta ego=0.0007 partner=0.0007 road=0.0011
[ROMA step 3,641,966,592] sps=265,348  policy_loss=0.0000  value_loss=0.0645  mi_loss=0.0007  mi_valid=0.71  div_loss=-0.2773  kl_loss=0.0000 (disabled)  score=0.968  return=0.959  role_std=3.7412  role_norm=14.2499  enc_delta ego=0.0006 partner=0.0006 road=0.0009
[ROMA step 3,642,753,024] sps=265,211  policy_loss=0.0030  value_loss=0.0464  mi_loss=0.0007  mi_valid=0.71  div_loss=-0.2773  kl_loss=0.0000 (disabled)  score=0.968  return=0.959  role_std=3.9846  role_norm=14.3875  enc_delta ego=0.0006 partner=0.0006 road=0.0009
[ROMA step 3,643,539,456] sps=264,502  policy_loss=0.0019  value_loss=0.0514  mi_loss=0.0008  mi_valid=0.70  div_loss=-0.2773  kl_loss=0.0000 (disabled)  score=0.968  return=0.959  role_std=4.3470  role_norm=14.2660  enc_delta ego=0.0009 partner=0.0008 road=0.0010
[ROMA step 3,644,325,888] sps=264,368  policy_loss=0.0010  value_loss=0.0568  mi_loss=0.0008  mi_valid=0.72  div_loss=-0.2812  kl_loss=0.0000 (disabled)  score=0.968  return=0.958  role_std=4.1450  role_norm=14.0812  enc_delta ego=0.0016 partner=0.0009 road=0.0013
[ROMA step 3,645,112,320] sps=264,233  policy_loss=-0.0050  value_loss=0.0418  mi_loss=0.0008  mi_valid=0.72  div_loss=-0.2812  kl_loss=0.0000 (disabled)  score=0.968  return=0.958  role_std=3.9229  role_norm=14.5867  enc_delta ego=0.0009 partner=0.0009 road=0.0012
[ROMA step 3,645,898,752] sps=264,100  policy_loss=-0.0034  value_loss=0.0375  mi_loss=0.0008  mi_valid=0.71  div_loss=-0.2793  kl_loss=0.0000 (disabled)  score=0.968  return=0.959  role_std=3.8778  role_norm=14.6012  enc_delta ego=0.0006 partner=0.0008 road=0.0009
[ROMA step 3,646,685,184] sps=263,503  policy_loss=-0.0008  value_loss=0.0740  mi_loss=0.0009  mi_valid=0.70  div_loss=-0.2793  kl_loss=0.0000 (disabled)  score=0.968  return=0.959  role_std=3.8722  role_norm=14.1440  enc_delta ego=0.0007 partner=0.0010 road=0.0013
[ROMA step 3,647,471,616] sps=263,371  policy_loss=0.0005  value_loss=0.0544  mi_loss=0.0009  mi_valid=0.72  div_loss=-0.2754  kl_loss=0.0000 (disabled)  score=0.967  return=0.958  role_std=3.9770  role_norm=14.0440  enc_delta ego=0.0007 partner=0.0008 road=0.0011
[ROMA step 3,648,258,048] sps=263,238  policy_loss=-0.0007  value_loss=0.0538  mi_loss=0.0009  mi_valid=0.72  div_loss=-0.2754  kl_loss=0.0000 (disabled)  score=0.968  return=0.959  role_std=4.0787  role_norm=14.0307  enc_delta ego=0.0005 partner=0.0008 road=0.0010
[ROMA step 3,649,044,480] sps=262,589  policy_loss=0.0041  value_loss=0.0646  mi_loss=0.0009  mi_valid=0.71  div_loss=-0.2793  kl_loss=0.0000 (disabled)  score=0.968  return=0.959  role_std=3.7063  role_norm=14.6310  enc_delta ego=0.0009 partner=0.0012 road=0.0017
[ROMA step 3,649,830,912] sps=262,454  policy_loss=-0.0015  value_loss=0.0636  mi_loss=0.0008  mi_valid=0.72  div_loss=-0.2715  kl_loss=0.0000 (disabled)  score=0.968  return=0.957  role_std=3.7628  role_norm=14.5820  enc_delta ego=0.0010 partner=0.0010 road=0.0015
[ROMA step 3,650,617,344] sps=262,323  policy_loss=0.0028  value_loss=0.0781  mi_loss=0.0008  mi_valid=0.72  div_loss=-0.2695  kl_loss=0.0000 (disabled)  score=0.968  return=0.954  role_std=3.7986  role_norm=14.4641  enc_delta ego=0.0010 partner=0.0009 road=0.0016
[ROMA step 3,651,403,776] sps=262,193  policy_loss=-0.0104  value_loss=0.0498  mi_loss=0.0008  mi_valid=0.72  div_loss=-0.2637  kl_loss=0.0000 (disabled)  score=0.968  return=0.952  role_std=3.7822  role_norm=14.2931  enc_delta ego=0.0008 partner=0.0008 road=0.0010
[ROMA step 3,652,190,208] sps=261,202  policy_loss=0.0050  value_loss=0.0762  mi_loss=0.0008  mi_valid=0.70  div_loss=-0.2715  kl_loss=0.0000 (disabled)  score=0.968  return=0.953  role_std=4.2417  role_norm=13.9286  enc_delta ego=0.0007 partner=0.0010 road=0.0015
[ROMA step 3,652,976,640] sps=261,073  policy_loss=0.0002  value_loss=0.0518  mi_loss=0.0008  mi_valid=0.72  div_loss=-0.2656  kl_loss=0.0000 (disabled)  score=0.968  return=0.954  role_std=3.7732  role_norm=14.5972  enc_delta ego=0.0006 partner=0.0009 road=0.0011
[ROMA step 3,653,763,072] sps=260,944  policy_loss=-0.0012  value_loss=0.0450  mi_loss=0.0008  mi_valid=0.72  div_loss=-0.2773  kl_loss=0.0000 (disabled)  score=0.968  return=0.956  role_std=3.7799  role_norm=14.6920  enc_delta ego=0.0005 partner=0.0009 road=0.0009
[ROMA step 3,654,549,504] sps=260,174  policy_loss=-0.0013  value_loss=0.0545  mi_loss=0.0008  mi_valid=0.70  div_loss=-0.2871  kl_loss=0.0000 (disabled)  score=0.968  return=0.957  role_std=3.6745  role_norm=14.8906  enc_delta ego=0.0007 partner=0.0007 road=0.0009
[ROMA step 3,655,335,936] sps=260,046  policy_loss=0.0012  value_loss=0.0437  mi_loss=0.0008  mi_valid=0.72  div_loss=-0.2773  kl_loss=0.0000 (disabled)  score=0.968  return=0.957  role_std=4.0314  role_norm=14.3847  enc_delta ego=0.0005 partner=0.0007 road=0.0010
[ROMA step 3,656,122,368] sps=259,917  policy_loss=0.0045  value_loss=0.0551  mi_loss=0.0008  mi_valid=0.71  div_loss=-0.2734  kl_loss=0.0000 (disabled)  score=0.968  return=0.958  role_std=4.1028  role_norm=14.1195  enc_delta ego=0.0007 partner=0.0008 road=0.0013
[ROMA step 3,656,908,800] sps=259,789  policy_loss=0.0012  value_loss=0.0399  mi_loss=0.0008  mi_valid=0.71  div_loss=-0.2734  kl_loss=0.0000 (disabled)  score=0.968  return=0.959  role_std=4.1000  role_norm=14.1874  enc_delta ego=0.0007 partner=0.0008 road=0.0014
[ROMA step 3,657,695,232] sps=259,213  policy_loss=-0.0048  value_loss=0.0698  mi_loss=0.0008  mi_valid=0.70  div_loss=-0.2773  kl_loss=0.0000 (disabled)  score=0.968  return=0.958  role_std=3.7952  role_norm=14.7018  enc_delta ego=0.0008 partner=0.0008 road=0.0011
[ROMA step 3,658,481,664] sps=259,087  policy_loss=0.0001  value_loss=0.0562  mi_loss=0.0009  mi_valid=0.71  div_loss=-0.2734  kl_loss=0.0000 (disabled)  score=0.968  return=0.958  role_std=3.8763  role_norm=14.5656  enc_delta ego=0.0011 partner=0.0010 road=0.0014
[ROMA step 3,659,268,096] sps=258,961  policy_loss=0.0047  value_loss=0.0605  mi_loss=0.0009  mi_valid=0.71  div_loss=-0.2734  kl_loss=0.0000 (disabled)  score=0.968  return=0.957  role_std=3.9503  role_norm=14.2979  enc_delta ego=0.0006 partner=0.0008 road=0.0012
[ROMA step 3,660,054,528] sps=258,371  policy_loss=0.0006  value_loss=0.0733  mi_loss=0.0009  mi_valid=0.70  div_loss=-0.2773  kl_loss=0.0000 (disabled)  score=0.968  return=0.957  role_std=3.9180  role_norm=13.2907  enc_delta ego=0.0008 partner=0.0010 road=0.0011
[ROMA step 3,660,840,960] sps=258,234  policy_loss=-0.0049  value_loss=0.0387  mi_loss=0.0007  mi_valid=0.72  div_loss=-0.2695  kl_loss=0.0000 (disabled)  score=0.968  return=0.957  role_std=3.9552  role_norm=13.9205  enc_delta ego=0.0010 partner=0.0013 road=0.0013
[ROMA step 3,661,627,392] sps=258,100  policy_loss=-0.0006  value_loss=0.0605  mi_loss=0.0007  mi_valid=0.72  div_loss=-0.2715  kl_loss=0.0000 (disabled)  score=0.969  return=0.957  role_std=3.7100  role_norm=14.1583  enc_delta ego=0.0009 partner=0.0011 road=0.0011
[ROMA step 3,662,413,824] sps=257,972  policy_loss=0.0029  value_loss=0.0433  mi_loss=0.0007  mi_valid=0.71  div_loss=-0.2695  kl_loss=0.0000 (disabled)  score=0.969  return=0.957  role_std=3.7034  role_norm=14.0976  enc_delta ego=0.0005 partner=0.0005 road=0.0009
[ROMA step 3,663,200,256] sps=257,352  policy_loss=0.0001  value_loss=0.0599  mi_loss=0.0008  mi_valid=0.70  div_loss=-0.2734  kl_loss=0.0000 (disabled)  score=0.969  return=0.957  role_std=3.8102  role_norm=14.3242  enc_delta ego=0.0006 partner=0.0008 road=0.0010
[ROMA step 3,663,986,688] sps=257,224  policy_loss=-0.0085  value_loss=0.0507  mi_loss=0.0008  mi_valid=0.71  div_loss=-0.2656  kl_loss=0.0000 (disabled)  score=0.969  return=0.957  role_std=3.9020  role_norm=14.1485  enc_delta ego=0.0007 partner=0.0009 road=0.0010
[ROMA step 3,664,773,120] sps=257,099  policy_loss=-0.0038  value_loss=0.0527  mi_loss=0.0008  mi_valid=0.71  div_loss=-0.2656  kl_loss=0.0000 (disabled)  score=0.969  return=0.956  role_std=3.9326  role_norm=13.9990  enc_delta ego=0.0010 partner=0.0009 road=0.0011
[ROMA step 3,665,559,552] sps=256,972  policy_loss=0.0025  value_loss=0.0560  mi_loss=0.0008  mi_valid=0.72  div_loss=-0.2656  kl_loss=0.0000 (disabled)  score=0.970  return=0.956  role_std=3.8230  role_norm=13.8643  enc_delta ego=0.0006 partner=0.0010 road=0.0009
[ROMA step 3,666,345,984] sps=256,299  policy_loss=0.0042  value_loss=0.0652  mi_loss=0.0008  mi_valid=0.72  div_loss=-0.2695  kl_loss=0.0000 (disabled)  score=0.970  return=0.955  role_std=3.6439  role_norm=14.4629  enc_delta ego=0.0009 partner=0.0012 road=0.0014
[ROMA step 3,667,132,416] sps=256,171  policy_loss=-0.0043  value_loss=0.0469  mi_loss=0.0008  mi_valid=0.72  div_loss=-0.2656  kl_loss=0.0000 (disabled)  score=0.969  return=0.954  role_std=3.7422  role_norm=14.4005  enc_delta ego=0.0007 partner=0.0011 road=0.0012
[ROMA step 3,667,918,848] sps=256,043  policy_loss=-0.0020  value_loss=0.0562  mi_loss=0.0008  mi_valid=0.72  div_loss=-0.2676  kl_loss=0.0000 (disabled)  score=0.970  return=0.953  role_std=3.7099  role_norm=14.5132  enc_delta ego=0.0007 partner=0.0009 road=0.0011
[ROMA step 3,668,705,280] sps=255,394  policy_loss=-0.0037  value_loss=0.0618  mi_loss=0.0008  mi_valid=0.70  div_loss=-0.2734  kl_loss=0.0000 (disabled)  score=0.969  return=0.952  role_std=4.0509  role_norm=14.1660  enc_delta ego=0.0008 partner=0.0008 road=0.0010
[ROMA step 3,669,491,712] sps=255,270  policy_loss=-0.0068  value_loss=0.0313  mi_loss=0.0008  mi_valid=0.72  div_loss=-0.2676  kl_loss=0.0000 (disabled)  score=0.969  return=0.952  role_std=4.1164  role_norm=14.0765  enc_delta ego=0.0007 partner=0.0009 road=0.0011
[ROMA step 3,670,278,144] sps=255,146  policy_loss=-0.0003  value_loss=0.0350  mi_loss=0.0008  mi_valid=0.72  div_loss=-0.2656  kl_loss=0.0000 (disabled)  score=0.969  return=0.954  role_std=3.8383  role_norm=14.6342  enc_delta ego=0.0005 partner=0.0008 road=0.0009
[ROMA step 3,671,064,576] sps=255,022  policy_loss=0.0041  value_loss=0.0469  mi_loss=0.0008  mi_valid=0.71  div_loss=-0.2637  kl_loss=0.0000 (disabled)  score=0.969  return=0.956  role_std=3.7866  role_norm=14.7294  enc_delta ego=0.0008 partner=0.0006 road=0.0007
[ROMA step 3,671,851,008] sps=254,384  policy_loss=-0.0044  value_loss=0.0869  mi_loss=0.0008  mi_valid=0.71  div_loss=-0.2734  kl_loss=0.0000 (disabled)  score=0.970  return=0.958  role_std=3.6397  role_norm=14.5359  enc_delta ego=0.0012 partner=0.0010 road=0.0014
[ROMA step 3,672,637,440] sps=254,260  policy_loss=-0.0064  value_loss=0.0509  mi_loss=0.0008  mi_valid=0.72  div_loss=-0.2715  kl_loss=0.0000 (disabled)  score=0.969  return=0.957  role_std=3.8999  role_norm=14.3431  enc_delta ego=0.0008 partner=0.0010 road=0.0013
[ROMA step 3,673,423,872] sps=254,124  policy_loss=-0.0013  value_loss=0.0569  mi_loss=0.0008  mi_valid=0.72  div_loss=-0.2773  kl_loss=0.0000 (disabled)  score=0.969  return=0.956  role_std=4.0825  role_norm=14.2742  enc_delta ego=0.0008 partner=0.0009 road=0.0011
[ROMA step 3,674,210,304] sps=253,570  policy_loss=-0.0007  value_loss=0.0591  mi_loss=0.0008  mi_valid=0.71  div_loss=-0.2754  kl_loss=0.0000 (disabled)  score=0.969  return=0.957  role_std=3.8943  role_norm=14.7472  enc_delta ego=0.0007 partner=0.0009 road=0.0012
[ROMA step 3,674,996,736] sps=253,451  policy_loss=-0.0056  value_loss=0.0498  mi_loss=0.0008  mi_valid=0.71  div_loss=-0.2793  kl_loss=0.0000 (disabled)  score=0.969  return=0.957  role_std=3.9802  role_norm=14.8840  enc_delta ego=0.0008 partner=0.0010 road=0.0012
[ROMA step 3,675,783,168] sps=253,333  policy_loss=-0.0034  value_loss=0.0514  mi_loss=0.0008  mi_valid=0.71  div_loss=-0.2773  kl_loss=0.0000 (disabled)  score=0.969  return=0.957  role_std=3.9991  role_norm=14.6561  enc_delta ego=0.0007 partner=0.0007 road=0.0008
[ROMA step 3,676,569,600] sps=253,215  policy_loss=-0.0011  value_loss=0.0371  mi_loss=0.0008  mi_valid=0.71  div_loss=-0.2734  kl_loss=0.0000 (disabled)  score=0.970  return=0.957  role_std=4.0200  role_norm=14.3846  enc_delta ego=0.0006 partner=0.0007 road=0.0008
[ROMA step 3,677,356,032] sps=252,466  policy_loss=-0.0042  value_loss=0.0488  mi_loss=0.0008  mi_valid=0.70  div_loss=-0.2656  kl_loss=0.0000 (disabled)  score=0.970  return=0.957  role_std=3.8972  role_norm=14.1666  enc_delta ego=0.0005 partner=0.0006 road=0.0009
[ROMA step 3,678,142,464] sps=252,346  policy_loss=-0.0060  value_loss=0.0526  mi_loss=0.0008  mi_valid=0.71  div_loss=-0.2578  kl_loss=0.0000 (disabled)  score=0.970  return=0.957  role_std=3.8498  role_norm=14.0681  enc_delta ego=0.0008 partner=0.0007 road=0.0011
[ROMA step 3,678,928,896] sps=252,226  policy_loss=0.0043  value_loss=0.0544  mi_loss=0.0008  mi_valid=0.71  div_loss=-0.2617  kl_loss=0.0000 (disabled)  score=0.971  return=0.958  role_std=3.6118  role_norm=14.5629  enc_delta ego=0.0007 partner=0.0006 road=0.0011
[ROMA step 3,679,715,328] sps=251,619  policy_loss=-0.0007  value_loss=0.0587  mi_loss=0.0008  mi_valid=0.70  div_loss=-0.2637  kl_loss=0.0000 (disabled)  score=0.971  return=0.958  role_std=3.3533  role_norm=14.8150  enc_delta ego=0.0009 partner=0.0007 road=0.0011
[ROMA step 3,680,501,760] sps=251,500  policy_loss=-0.0041  value_loss=0.0418  mi_loss=0.0008  mi_valid=0.71  div_loss=-0.2578  kl_loss=0.0000 (disabled)  score=0.972  return=0.959  role_std=3.5520  role_norm=14.4379  enc_delta ego=0.0007 partner=0.0006 road=0.0009
[ROMA step 3,681,288,192] sps=251,379  policy_loss=-0.0028  value_loss=0.0471  mi_loss=0.0008  mi_valid=0.71  div_loss=-0.2578  kl_loss=0.0000 (disabled)  score=0.972  return=0.959  role_std=3.8074  role_norm=14.2486  enc_delta ego=0.0006 partner=0.0007 road=0.0010
[ROMA step 3,682,074,624] sps=251,260  policy_loss=0.0035  value_loss=0.0376  mi_loss=0.0008  mi_valid=0.72  div_loss=-0.2578  kl_loss=0.0000 (disabled)  score=0.972  return=0.961  role_std=3.7990  role_norm=14.3074  enc_delta ego=0.0005 partner=0.0005 road=0.0008
[ROMA step 3,682,861,056] sps=250,618  policy_loss=0.0031  value_loss=0.0654  mi_loss=0.0008  mi_valid=0.70  div_loss=-0.2637  kl_loss=0.0000 (disabled)  score=0.972  return=0.961  role_std=3.8162  role_norm=14.6907  enc_delta ego=0.0009 partner=0.0010 road=0.0012
[ROMA step 3,683,647,488] sps=250,500  policy_loss=0.0004  value_loss=0.0688  mi_loss=0.0009  mi_valid=0.71  div_loss=-0.2676  kl_loss=0.0000 (disabled)  score=0.972  return=0.961  role_std=3.7755  role_norm=14.8294  enc_delta ego=0.0011 partner=0.0010 road=0.0012
[ROMA step 3,684,433,920] sps=250,384  policy_loss=-0.0042  value_loss=0.0410  mi_loss=0.0008  mi_valid=0.71  div_loss=-0.2754  kl_loss=0.0000 (disabled)  score=0.971  return=0.961  role_std=3.9349  role_norm=14.6934  enc_delta ego=0.0013 partner=0.0010 road=0.0011
[ROMA step 3,685,220,352] sps=249,834  policy_loss=-0.0037  value_loss=0.0545  mi_loss=0.0008  mi_valid=0.69  div_loss=-0.2754  kl_loss=0.0000 (disabled)  score=0.971  return=0.962  role_std=3.9249  role_norm=13.7924  enc_delta ego=0.0010 partner=0.0008 road=0.0009
[ROMA step 3,686,006,784] sps=249,719  policy_loss=0.0037  value_loss=0.0706  mi_loss=0.0008  mi_valid=0.72  div_loss=-0.2617  kl_loss=0.0000 (disabled)  score=0.971  return=0.963  role_std=3.8639  role_norm=14.1231  enc_delta ego=0.0008 partner=0.0012 road=0.0017
[ROMA step 3,686,793,216] sps=249,605  policy_loss=-0.0001  value_loss=0.0575  mi_loss=0.0008  mi_valid=0.72  div_loss=-0.2656  kl_loss=0.0000 (disabled)  score=0.971  return=0.963  role_std=3.7128  role_norm=14.6406  enc_delta ego=0.0008 partner=0.0008 road=0.0015
[ROMA step 3,687,579,648] sps=249,490  policy_loss=0.0025  value_loss=0.0573  mi_loss=0.0008  mi_valid=0.72  div_loss=-0.2656  kl_loss=0.0000 (disabled)  score=0.971  return=0.964  role_std=3.7253  role_norm=14.6204  enc_delta ego=0.0008 partner=0.0007 road=0.0011
[ROMA step 3,688,366,080] sps=248,979  policy_loss=-0.0033  value_loss=0.0605  mi_loss=0.0008  mi_valid=0.70  div_loss=-0.2773  kl_loss=0.0000 (disabled)  score=0.971  return=0.966  role_std=3.8582  role_norm=14.3822  enc_delta ego=0.0006 partner=0.0009 road=0.0013
[ROMA step 3,689,152,512] sps=248,862  policy_loss=0.0042  value_loss=0.0639  mi_loss=0.0008  mi_valid=0.72  div_loss=-0.2734  kl_loss=0.0000 (disabled)  score=0.971  return=0.967  role_std=3.9293  role_norm=14.2579  enc_delta ego=0.0007 partner=0.0008 road=0.0011
[ROMA step 3,689,938,944] sps=248,743  policy_loss=-0.0024  value_loss=0.0522  mi_loss=0.0008  mi_valid=0.72  div_loss=-0.2715  kl_loss=0.0000 (disabled)  score=0.971  return=0.967  role_std=4.0486  role_norm=13.9719  enc_delta ego=0.0006 partner=0.0010 road=0.0012
[ROMA step 3,690,725,376] sps=248,625  policy_loss=0.0028  value_loss=0.0595  mi_loss=0.0008  mi_valid=0.72  div_loss=-0.2656  kl_loss=0.0000 (disabled)  score=0.971  return=0.966  role_std=3.9962  role_norm=14.1953  enc_delta ego=0.0006 partner=0.0006 road=0.0008
[ROMA step 3,691,511,808] sps=247,733  policy_loss=-0.0048  value_loss=0.0701  mi_loss=0.0009  mi_valid=0.73  div_loss=-0.2734  kl_loss=0.0000 (disabled)  score=0.971  return=0.966  role_std=3.6484  role_norm=14.5843  enc_delta ego=0.0010 partner=0.0010 road=0.0014
[ROMA step 3,692,298,240] sps=247,620  policy_loss=-0.0038  value_loss=0.0637  mi_loss=0.0009  mi_valid=0.72  div_loss=-0.2734  kl_loss=0.0000 (disabled)  score=0.971  return=0.966  role_std=3.7496  role_norm=14.4942  enc_delta ego=0.0008 partner=0.0008 road=0.0011
[ROMA step 3,693,084,672] sps=247,496  policy_loss=-0.0060  value_loss=0.0543  mi_loss=0.0008  mi_valid=0.72  div_loss=-0.2695  kl_loss=0.0000 (disabled)  score=0.971  return=0.966  role_std=3.8097  role_norm=14.2713  enc_delta ego=0.0009 partner=0.0009 road=0.0012
[ROMA step 3,693,871,104] sps=246,927  policy_loss=-0.0035  value_loss=0.0526  mi_loss=0.0009  mi_valid=0.71  div_loss=-0.2715  kl_loss=0.0000 (disabled)  score=0.971  return=0.965  role_std=3.8998  role_norm=13.8470  enc_delta ego=0.0007 partner=0.0010 road=0.0011
[ROMA step 3,694,657,536] sps=246,814  policy_loss=0.0015  value_loss=0.0428  mi_loss=0.0008  mi_valid=0.72  div_loss=-0.2656  kl_loss=0.0000 (disabled)  score=0.970  return=0.965  role_std=3.9213  role_norm=13.9182  enc_delta ego=0.0006 partner=0.0008 road=0.0011
[ROMA step 3,695,443,968] sps=246,701  policy_loss=-0.0047  value_loss=0.0422  mi_loss=0.0008  mi_valid=0.73  div_loss=-0.2754  kl_loss=0.0000 (disabled)  score=0.970  return=0.965  role_std=3.6213  role_norm=14.3338  enc_delta ego=0.0006 partner=0.0007 road=0.0009
[ROMA step 3,696,230,400] sps=246,588  policy_loss=-0.0033  value_loss=0.0457  mi_loss=0.0008  mi_valid=0.73  div_loss=-0.2773  kl_loss=0.0000 (disabled)  score=0.970  return=0.965  role_std=3.9010  role_norm=14.3571  enc_delta ego=0.0005 partner=0.0006 road=0.0008
[ROMA step 3,697,016,832] sps=245,986  policy_loss=-0.0050  value_loss=0.0655  mi_loss=0.0008  mi_valid=0.70  div_loss=-0.2812  kl_loss=0.0000 (disabled)  score=0.970  return=0.966  role_std=4.0709  role_norm=14.4115  enc_delta ego=0.0006 partner=0.0008 road=0.0011
[ROMA step 3,697,803,264] sps=245,872  policy_loss=-0.0051  value_loss=0.0433  mi_loss=0.0008  mi_valid=0.71  div_loss=-0.2734  kl_loss=0.0000 (disabled)  score=0.970  return=0.966  role_std=3.9506  role_norm=14.2642  enc_delta ego=0.0005 partner=0.0006 road=0.0008
[ROMA step 3,698,589,696] sps=245,760  policy_loss=-0.0029  value_loss=0.0494  mi_loss=0.0008  mi_valid=0.72  div_loss=-0.2734  kl_loss=0.0000 (disabled)  score=0.970  return=0.967  role_std=4.0363  role_norm=14.1893  enc_delta ego=0.0005 partner=0.0008 road=0.0009
[ROMA step 3,699,376,128] sps=245,272  policy_loss=-0.0042  value_loss=0.0529  mi_loss=0.0008  mi_valid=0.70  div_loss=-0.2852  kl_loss=0.0000 (disabled)  score=0.970  return=0.968  role_std=3.9481  role_norm=14.6759  enc_delta ego=0.0007 partner=0.0007 road=0.0009
[ROMA step 3,700,162,560] sps=245,159  policy_loss=-0.0013  value_loss=0.0571  mi_loss=0.0009  mi_valid=0.71  div_loss=-0.2930  kl_loss=0.0000 (disabled)  score=0.970  return=0.968  role_std=4.0606  role_norm=14.5986  enc_delta ego=0.0007 partner=0.0008 road=0.0013
[ROMA step 3,700,948,992] sps=245,050  policy_loss=-0.0013  value_loss=0.0514  mi_loss=0.0009  mi_valid=0.71  div_loss=-0.2930  kl_loss=0.0000 (disabled)  score=0.969  return=0.966  role_std=4.1353  role_norm=14.5007  enc_delta ego=0.0006 partner=0.0008 road=0.0010
[ROMA step 3,701,735,424] sps=244,941  policy_loss=-0.0004  value_loss=0.0580  mi_loss=0.0009  mi_valid=0.71  div_loss=-0.2969  kl_loss=0.0000 (disabled)  score=0.969  return=0.966  role_std=4.1713  role_norm=14.3698  enc_delta ego=0.0006 partner=0.0008 road=0.0009
[ROMA step 3,702,521,856] sps=244,374  policy_loss=-0.0035  value_loss=0.0547  mi_loss=0.0009  mi_valid=0.70  div_loss=-0.2910  kl_loss=0.0000 (disabled)  score=0.969  return=0.965  role_std=4.2030  role_norm=13.4723  enc_delta ego=0.0006 partner=0.0009 road=0.0012
[ROMA step 3,703,308,288] sps=244,268  policy_loss=0.0025  value_loss=0.0678  mi_loss=0.0009  mi_valid=0.73  div_loss=-0.2695  kl_loss=0.0000 (disabled)  score=0.968  return=0.964  role_std=4.0637  role_norm=13.8355  enc_delta ego=0.0010 partner=0.0007 road=0.0011
[ROMA step 3,704,094,720] sps=244,161  policy_loss=-0.0064  value_loss=0.0289  mi_loss=0.0009  mi_valid=0.73  div_loss=-0.2617  kl_loss=0.0000 (disabled)  score=0.968  return=0.964  role_std=3.6818  role_norm=14.4445  enc_delta ego=0.0006 partner=0.0006 road=0.0009
[ROMA step 3,704,881,152] sps=243,582  policy_loss=-0.0066  value_loss=0.0510  mi_loss=0.0008  mi_valid=0.71  div_loss=-0.2695  kl_loss=0.0000 (disabled)  score=0.968  return=0.964  role_std=3.6557  role_norm=14.8831  enc_delta ego=0.0006 partner=0.0007 road=0.0011
[ROMA step 3,705,667,584] sps=243,472  policy_loss=0.0083  value_loss=0.0548  mi_loss=0.0008  mi_valid=0.72  div_loss=-0.2676  kl_loss=0.0000 (disabled)  score=0.969  return=0.964  role_std=3.9275  role_norm=14.2853  enc_delta ego=0.0009 partner=0.0007 road=0.0011
[ROMA step 3,706,454,016] sps=243,363  policy_loss=0.0015  value_loss=0.0486  mi_loss=0.0008  mi_valid=0.71  div_loss=-0.2656  kl_loss=0.0000 (disabled)  score=0.969  return=0.964  role_std=3.8842  role_norm=14.1849  enc_delta ego=0.0006 partner=0.0007 road=0.0009
[ROMA step 3,707,240,448] sps=243,253  policy_loss=-0.0034  value_loss=0.0343  mi_loss=0.0008  mi_valid=0.72  div_loss=-0.2695  kl_loss=0.0000 (disabled)  score=0.969  return=0.965  role_std=4.0150  role_norm=13.9944  enc_delta ego=0.0006 partner=0.0006 road=0.0009
[ROMA step 3,708,026,880] sps=242,766  policy_loss=-0.0035  value_loss=0.0602  mi_loss=0.0008  mi_valid=0.71  div_loss=-0.2754  kl_loss=0.0000 (disabled)  score=0.969  return=0.965  role_std=3.8737  role_norm=14.5042  enc_delta ego=0.0008 partner=0.0007 road=0.0009
[ROMA step 3,708,813,312] sps=242,657  policy_loss=0.0018  value_loss=0.0620  mi_loss=0.0008  mi_valid=0.71  div_loss=-0.2715  kl_loss=0.0000 (disabled)  score=0.969  return=0.964  role_std=3.6665  role_norm=14.6128  enc_delta ego=0.0008 partner=0.0006 road=0.0009
[ROMA step 3,709,599,744] sps=242,549  policy_loss=0.0008  value_loss=0.0559  mi_loss=0.0008  mi_valid=0.71  div_loss=-0.2754  kl_loss=0.0000 (disabled)  score=0.969  return=0.964  role_std=3.7985  role_norm=14.5074  enc_delta ego=0.0006 partner=0.0006 road=0.0009
[ROMA step 3,710,386,176] sps=241,981  policy_loss=0.0017  value_loss=0.0595  mi_loss=0.0008  mi_valid=0.70  div_loss=-0.2715  kl_loss=0.0000 (disabled)  score=0.970  return=0.965  role_std=3.8075  role_norm=14.1737  enc_delta ego=0.0007 partner=0.0007 road=0.0009
[ROMA step 3,711,172,608] sps=241,874  policy_loss=0.0033  value_loss=0.0412  mi_loss=0.0008  mi_valid=0.71  div_loss=-0.2617  kl_loss=0.0000 (disabled)  score=0.970  return=0.966  role_std=4.0326  role_norm=14.1864  enc_delta ego=0.0006 partner=0.0007 road=0.0008
[ROMA step 3,711,959,040] sps=241,766  policy_loss=-0.0036  value_loss=0.0382  mi_loss=0.0008  mi_valid=0.71  div_loss=-0.2637  kl_loss=0.0000 (disabled)  score=0.970  return=0.967  role_std=3.7229  role_norm=14.4581  enc_delta ego=0.0005 partner=0.0007 road=0.0007
[ROMA step 3,712,745,472] sps=241,659  policy_loss=-0.0086  value_loss=0.0415  mi_loss=0.0008  mi_valid=0.71  div_loss=-0.2676  kl_loss=0.0000 (disabled)  score=0.971  return=0.969  role_std=3.7956  role_norm=14.8373  enc_delta ego=0.0006 partner=0.0009 road=0.0011
[ROMA step 3,713,531,904] sps=241,085  policy_loss=-0.0028  value_loss=0.0652  mi_loss=0.0008  mi_valid=0.69  div_loss=-0.2734  kl_loss=0.0000 (disabled)  score=0.971  return=0.969  role_std=3.8739  role_norm=14.7291  enc_delta ego=0.0007 partner=0.0008 road=0.0012
[ROMA step 3,714,318,336] sps=240,980  policy_loss=0.0065  value_loss=0.0597  mi_loss=0.0008  mi_valid=0.71  div_loss=-0.2676  kl_loss=0.0000 (disabled)  score=0.971  return=0.970  role_std=4.1302  role_norm=14.7261  enc_delta ego=0.0010 partner=0.0009 road=0.0017
[ROMA step 3,715,104,768] sps=240,876  policy_loss=-0.0015  value_loss=0.0552  mi_loss=0.0008  mi_valid=0.71  div_loss=-0.2676  kl_loss=0.0000 (disabled)  score=0.971  return=0.970  role_std=4.2543  role_norm=14.5212  enc_delta ego=0.0006 partner=0.0009 road=0.0011
[ROMA step 3,715,891,200] sps=240,372  policy_loss=0.0042  value_loss=0.0723  mi_loss=0.0008  mi_valid=0.71  div_loss=-0.2695  kl_loss=0.0000 (disabled)  score=0.972  return=0.970  role_std=4.1308  role_norm=14.5482  enc_delta ego=0.0005 partner=0.0007 road=0.0008
[ROMA step 3,716,677,632] sps=240,268  policy_loss=0.0008  value_loss=0.0552  mi_loss=0.0009  mi_valid=0.73  div_loss=-0.2656  kl_loss=0.0000 (disabled)  score=0.972  return=0.970  role_std=3.6418  role_norm=14.9307  enc_delta ego=0.0007 partner=0.0011 road=0.0010
[ROMA step 3,717,464,064] sps=240,163  policy_loss=-0.0002  value_loss=0.0417  mi_loss=0.0009  mi_valid=0.71  div_loss=-0.2578  kl_loss=0.0000 (disabled)  score=0.971  return=0.970  role_std=3.8225  role_norm=14.8428  enc_delta ego=0.0006 partner=0.0010 road=0.0009
[ROMA step 3,718,250,496] sps=240,059  policy_loss=-0.0044  value_loss=0.0411  mi_loss=0.0009  mi_valid=0.71  div_loss=-0.2598  kl_loss=0.0000 (disabled)  score=0.971  return=0.970  role_std=3.5210  role_norm=14.7512  enc_delta ego=0.0005 partner=0.0008 road=0.0011
[ROMA step 3,719,036,928] sps=239,614  policy_loss=-0.0026  value_loss=0.0530  mi_loss=0.0009  mi_valid=0.70  div_loss=-0.2637  kl_loss=0.0000 (disabled)  score=0.971  return=0.970  role_std=4.0134  role_norm=14.5824  enc_delta ego=0.0007 partner=0.0004 road=0.0008
[ROMA step 3,719,823,360] sps=239,514  policy_loss=-0.0044  value_loss=0.0443  mi_loss=0.0008  mi_valid=0.71  div_loss=-0.2578  kl_loss=0.0000 (disabled)  score=0.971  return=0.970  role_std=4.0112  role_norm=14.5907  enc_delta ego=0.0006 partner=0.0006 road=0.0010
[ROMA step 3,720,609,792] sps=239,412  policy_loss=0.0030  value_loss=0.0317  mi_loss=0.0008  mi_valid=0.71  div_loss=-0.2578  kl_loss=0.0000 (disabled)  score=0.971  return=0.970  role_std=3.7171  role_norm=14.9318  enc_delta ego=0.0006 partner=0.0006 road=0.0010
[ROMA step 3,721,396,224] sps=239,311  policy_loss=-0.0021  value_loss=0.0403  mi_loss=0.0008  mi_valid=0.71  div_loss=-0.2539  kl_loss=0.0000 (disabled)  score=0.971  return=0.971  role_std=3.8330  role_norm=15.0228  enc_delta ego=0.0010 partner=0.0011 road=0.0011
[ROMA step 3,722,182,656] sps=238,816  policy_loss=-0.0012  value_loss=0.0528  mi_loss=0.0008  mi_valid=0.70  div_loss=-0.2676  kl_loss=0.0000 (disabled)  score=0.972  return=0.973  role_std=3.8382  role_norm=15.0532  enc_delta ego=0.0006 partner=0.0006 road=0.0009
[ROMA step 3,722,969,088] sps=238,700  policy_loss=-0.0016  value_loss=0.0495  mi_loss=0.0008  mi_valid=0.71  div_loss=-0.2676  kl_loss=0.0000 (disabled)  score=0.972  return=0.973  role_std=3.9101  role_norm=14.7564  enc_delta ego=0.0006 partner=0.0007 road=0.0008
[ROMA step 3,723,755,520] sps=238,592  policy_loss=0.0025  value_loss=0.0391  mi_loss=0.0008  mi_valid=0.71  div_loss=-0.2695  kl_loss=0.0000 (disabled)  score=0.972  return=0.973  role_std=4.0199  role_norm=14.7442  enc_delta ego=0.0005 partner=0.0007 road=0.0008
[ROMA step 3,724,541,952] sps=238,026  policy_loss=-0.0042  value_loss=0.0679  mi_loss=0.0008  mi_valid=0.71  div_loss=-0.2695  kl_loss=0.0000 (disabled)  score=0.972  return=0.973  role_std=3.4711  role_norm=14.6299  enc_delta ego=0.0005 partner=0.0008 road=0.0010
[ROMA step 3,725,328,384] sps=237,913  policy_loss=0.0019  value_loss=0.0458  mi_loss=0.0008  mi_valid=0.73  div_loss=-0.2471  kl_loss=0.0000 (disabled)  score=0.972  return=0.974  role_std=3.5138  role_norm=14.7030  enc_delta ego=0.0005 partner=0.0007 road=0.0010
[ROMA step 3,726,114,816] sps=237,812  policy_loss=-0.0021  value_loss=0.0340  mi_loss=0.0008  mi_valid=0.72  div_loss=-0.2500  kl_loss=0.0000 (disabled)  score=0.973  return=0.974  role_std=3.4447  role_norm=14.8084  enc_delta ego=0.0005 partner=0.0005 road=0.0009
[ROMA step 3,726,901,248] sps=237,713  policy_loss=-0.0087  value_loss=0.0417  mi_loss=0.0008  mi_valid=0.72  div_loss=-0.2539  kl_loss=0.0000 (disabled)  score=0.972  return=0.974  role_std=3.6731  role_norm=14.6130  enc_delta ego=0.0006 partner=0.0006 road=0.0009
[ROMA step 3,727,687,680] sps=237,158  policy_loss=-0.0024  value_loss=0.0483  mi_loss=0.0009  mi_valid=0.70  div_loss=-0.2676  kl_loss=0.0000 (disabled)  score=0.973  return=0.975  role_std=4.1249  role_norm=14.2726  enc_delta ego=0.0006 partner=0.0007 road=0.0011
[ROMA step 3,728,474,112] sps=237,056  policy_loss=-0.0003  value_loss=0.0407  mi_loss=0.0009  mi_valid=0.72  div_loss=-0.2637  kl_loss=0.0000 (disabled)  score=0.972  return=0.974  role_std=4.1043  role_norm=14.3791  enc_delta ego=0.0006 partner=0.0006 road=0.0007
[ROMA step 3,729,260,544] sps=236,946  policy_loss=-0.0035  value_loss=0.0416  mi_loss=0.0009  mi_valid=0.72  div_loss=-0.2656  kl_loss=0.0000 (disabled)  score=0.972  return=0.974  role_std=3.6737  role_norm=14.7804  enc_delta ego=0.0005 partner=0.0007 road=0.0010
[ROMA step 3,730,046,976] sps=236,440  policy_loss=-0.0073  value_loss=0.0542  mi_loss=0.0008  mi_valid=0.70  div_loss=-0.2695  kl_loss=0.0000 (disabled)  score=0.972  return=0.974  role_std=3.8133  role_norm=15.3000  enc_delta ego=0.0005 partner=0.0006 road=0.0009
[ROMA step 3,730,833,408] sps=236,332  policy_loss=-0.0053  value_loss=0.0467  mi_loss=0.0008  mi_valid=0.71  div_loss=-0.2637  kl_loss=0.0000 (disabled)  score=0.972  return=0.975  role_std=3.8451  role_norm=14.8407  enc_delta ego=0.0005 partner=0.0008 road=0.0006
[ROMA step 3,731,619,840] sps=236,226  policy_loss=0.0012  value_loss=0.0558  mi_loss=0.0008  mi_valid=0.70  div_loss=-0.2598  kl_loss=0.0000 (disabled)  score=0.972  return=0.974  role_std=3.9471  role_norm=14.7491  enc_delta ego=0.0008 partner=0.0008 road=0.0013
[ROMA step 3,732,406,272] sps=236,125  policy_loss=0.0021  value_loss=0.0422  mi_loss=0.0007  mi_valid=0.71  div_loss=-0.2637  kl_loss=0.0000 (disabled)  score=0.972  return=0.974  role_std=3.9484  role_norm=14.5200  enc_delta ego=0.0006 partner=0.0008 road=0.0007
[ROMA step 3,733,192,704] sps=235,622  policy_loss=0.0072  value_loss=0.0505  mi_loss=0.0008  mi_valid=0.70  div_loss=-0.2598  kl_loss=0.0000 (disabled)  score=0.972  return=0.974  role_std=3.6596  role_norm=14.5222  enc_delta ego=0.0006 partner=0.0006 road=0.0010
[ROMA step 3,733,979,136] sps=235,523  policy_loss=-0.0021  value_loss=0.0580  mi_loss=0.0008  mi_valid=0.71  div_loss=-0.2598  kl_loss=0.0000 (disabled)  score=0.972  return=0.974  role_std=3.8193  role_norm=14.7727  enc_delta ego=0.0007 partner=0.0007 road=0.0009
[ROMA step 3,734,765,568] sps=235,422  policy_loss=0.0002  value_loss=0.0521  mi_loss=0.0008  mi_valid=0.71  div_loss=-0.2617  kl_loss=0.0000 (disabled)  score=0.972  return=0.974  role_std=3.7631  role_norm=14.7648  enc_delta ego=0.0005 partner=0.0005 road=0.0008
[ROMA step 3,735,552,000] sps=234,941  policy_loss=-0.0003  value_loss=0.0427  mi_loss=0.0009  mi_valid=0.70  div_loss=-0.2617  kl_loss=0.0000 (disabled)  score=0.972  return=0.975  role_std=3.8677  role_norm=14.5036  enc_delta ego=0.0007 partner=0.0005 road=0.0008
[ROMA step 3,736,338,432] sps=234,844  policy_loss=-0.0081  value_loss=0.0332  mi_loss=0.0009  mi_valid=0.71  div_loss=-0.2617  kl_loss=0.0000 (disabled)  score=0.972  return=0.975  role_std=4.0950  role_norm=14.6382  enc_delta ego=0.0005 partner=0.0006 road=0.0008
[ROMA step 3,737,124,864] sps=234,746  policy_loss=0.0001  value_loss=0.0526  mi_loss=0.0009  mi_valid=0.71  div_loss=-0.2617  kl_loss=0.0000 (disabled)  score=0.973  return=0.976  role_std=3.9321  role_norm=14.5368  enc_delta ego=0.0005 partner=0.0007 road=0.0009
[ROMA step 3,737,911,296] sps=234,648  policy_loss=-0.0033  value_loss=0.0387  mi_loss=0.0009  mi_valid=0.71  div_loss=-0.2617  kl_loss=0.0000 (disabled)  score=0.973  return=0.977  role_std=3.7879  role_norm=15.1293  enc_delta ego=0.0006 partner=0.0006 road=0.0009
[ROMA step 3,738,697,728] sps=234,077  policy_loss=-0.0017  value_loss=0.0649  mi_loss=0.0009  mi_valid=0.70  div_loss=-0.2676  kl_loss=0.0000 (disabled)  score=0.973  return=0.977  role_std=3.7176  role_norm=14.9431  enc_delta ego=0.0006 partner=0.0007 road=0.0009
[ROMA step 3,739,484,160] sps=233,977  policy_loss=-0.0106  value_loss=0.0387  mi_loss=0.0009  mi_valid=0.71  div_loss=-0.2637  kl_loss=0.0000 (disabled)  score=0.973  return=0.977  role_std=3.9106  role_norm=14.9372  enc_delta ego=0.0006 partner=0.0006 road=0.0010
[ROMA step 3,740,270,592] sps=233,879  policy_loss=-0.0017  value_loss=0.0461  mi_loss=0.0009  mi_valid=0.72  div_loss=-0.2637  kl_loss=0.0000 (disabled)  score=0.973  return=0.977  role_std=3.8716  role_norm=14.7051  enc_delta ego=0.0005 partner=0.0006 road=0.0007
[ROMA step 3,741,057,024] sps=233,353  policy_loss=0.0048  value_loss=0.0431  mi_loss=0.0009  mi_valid=0.71  div_loss=-0.2598  kl_loss=0.0000 (disabled)  score=0.973  return=0.976  role_std=4.2396  role_norm=14.2898  enc_delta ego=0.0004 partner=0.0005 road=0.0007
[ROMA step 3,741,843,456] sps=233,258  policy_loss=-0.0000  value_loss=0.0493  mi_loss=0.0009  mi_valid=0.72  div_loss=-0.2676  kl_loss=0.0000 (disabled)  score=0.973  return=0.976  role_std=3.8585  role_norm=15.0245  enc_delta ego=0.0005 partner=0.0009 road=0.0012
[ROMA step 3,742,629,888] sps=233,160  policy_loss=0.0068  value_loss=0.0504  mi_loss=0.0009  mi_valid=0.71  div_loss=-0.2656  kl_loss=0.0000 (disabled)  score=0.972  return=0.976  role_std=3.8671  role_norm=14.8981  enc_delta ego=0.0005 partner=0.0007 road=0.0008
[ROMA step 3,743,416,320] sps=233,064  policy_loss=0.0060  value_loss=0.0543  mi_loss=0.0009  mi_valid=0.71  div_loss=-0.2598  kl_loss=0.0000 (disabled)  score=0.972  return=0.976  role_std=3.7125  role_norm=15.0051  enc_delta ego=0.0005 partner=0.0007 road=0.0009
[ROMA step 3,744,202,752] sps=232,591  policy_loss=0.0021  value_loss=0.0731  mi_loss=0.0009  mi_valid=0.69  div_loss=-0.2676  kl_loss=0.0000 (disabled)  score=0.973  return=0.976  role_std=4.0241  role_norm=14.7078  enc_delta ego=0.0006 partner=0.0009 road=0.0009
[ROMA step 3,744,989,184] sps=232,493  policy_loss=-0.0031  value_loss=0.0513  mi_loss=0.0008  mi_valid=0.71  div_loss=-0.2656  kl_loss=0.0000 (disabled)  score=0.973  return=0.976  role_std=4.1914  role_norm=14.5240  enc_delta ego=0.0005 partner=0.0007 road=0.0008
[ROMA step 3,745,775,616] sps=232,398  policy_loss=0.0008  value_loss=0.0625  mi_loss=0.0009  mi_valid=0.71  div_loss=-0.2656  kl_loss=0.0000 (disabled)  score=0.973  return=0.975  role_std=3.7246  role_norm=14.8037  enc_delta ego=0.0007 partner=0.0007 road=0.0008
[ROMA step 3,746,562,048] sps=232,301  policy_loss=-0.0020  value_loss=0.0444  mi_loss=0.0008  mi_valid=0.71  div_loss=-0.2676  kl_loss=0.0000 (disabled)  score=0.973  return=0.976  role_std=3.9172  role_norm=14.8030  enc_delta ego=0.0007 partner=0.0008 road=0.0007
[ROMA step 3,747,348,480] sps=231,835  policy_loss=-0.0036  value_loss=0.0708  mi_loss=0.0008  mi_valid=0.69  div_loss=-0.2754  kl_loss=0.0000 (disabled)  score=0.973  return=0.975  role_std=3.9464  role_norm=14.9281  enc_delta ego=0.0005 partner=0.0009 road=0.0012
[ROMA step 3,748,134,912] sps=231,736  policy_loss=-0.0012  value_loss=0.0618  mi_loss=0.0008  mi_valid=0.70  div_loss=-0.2773  kl_loss=0.0000 (disabled)  score=0.973  return=0.973  role_std=3.9933  role_norm=14.7299  enc_delta ego=0.0007 partner=0.0009 road=0.0013
[ROMA step 3,748,921,344] sps=231,640  policy_loss=0.0042  value_loss=0.0658  mi_loss=0.0008  mi_valid=0.70  div_loss=-0.2715  kl_loss=0.0000 (disabled)  score=0.973  return=0.972  role_std=4.1828  role_norm=14.7207  enc_delta ego=0.0005 partner=0.0006 road=0.0008
[ROMA step 3,749,707,776] sps=231,172  policy_loss=0.0066  value_loss=0.0872  mi_loss=0.0008  mi_valid=0.70  div_loss=-0.2734  kl_loss=0.0000 (disabled)  score=0.973  return=0.970  role_std=3.5036  role_norm=14.4778  enc_delta ego=0.0007 partner=0.0008 road=0.0008
[ROMA step 3,750,494,208] sps=231,077  policy_loss=-0.0010  value_loss=0.0503  mi_loss=0.0008  mi_valid=0.72  div_loss=-0.2656  kl_loss=0.0000 (disabled)  score=0.973  return=0.969  role_std=3.5732  role_norm=14.4059  enc_delta ego=0.0005 partner=0.0006 road=0.0008
[ROMA] Saved -> /scratch/e452103/checkpoints/roma_mifutagent_dim1_H8_r16p64_ft_paperrew_pc_nodiv/roma_dim1_step3750494208.pt
[ROMA step 3,751,280,640] sps=230,981  policy_loss=-0.0030  value_loss=0.0730  mi_loss=0.0008  mi_valid=0.72  div_loss=-0.2676  kl_loss=0.0000 (disabled)  score=0.973  return=0.968  role_std=3.6461  role_norm=14.3027  enc_delta ego=0.0005 partner=0.0006 road=0.0007
[ROMA step 3,752,067,072] sps=230,886  policy_loss=0.0040  value_loss=0.0488  mi_loss=0.0008  mi_valid=0.72  div_loss=-0.2734  kl_loss=0.0000 (disabled)  score=0.973  return=0.968  role_std=3.7302  role_norm=14.3233  enc_delta ego=0.0006 partner=0.0006 road=0.0007
[ROMA step 3,752,853,504] sps=230,422  policy_loss=0.0007  value_loss=0.0615  mi_loss=0.0008  mi_valid=0.69  div_loss=-0.2773  kl_loss=0.0000 (disabled)  score=0.973  return=0.967  role_std=4.1915  role_norm=14.2790  enc_delta ego=0.0007 partner=0.0006 road=0.0010
[ROMA step 3,753,639,936] sps=230,327  policy_loss=0.0041  value_loss=0.0623  mi_loss=0.0008  mi_valid=0.71  div_loss=-0.2734  kl_loss=0.0000 (disabled)  score=0.973  return=0.968  role_std=4.2457  role_norm=14.2808  enc_delta ego=0.0010 partner=0.0007 road=0.0009
[ROMA step 3,754,426,368] sps=230,235  policy_loss=-0.0019  value_loss=0.0514  mi_loss=0.0008  mi_valid=0.71  div_loss=-0.2734  kl_loss=0.0000 (disabled)  score=0.973  return=0.967  role_std=4.0384  role_norm=14.6092  enc_delta ego=0.0006 partner=0.0006 road=0.0008
[ROMA step 3,755,212,800] sps=229,771  policy_loss=-0.0081  value_loss=0.0571  mi_loss=0.0008  mi_valid=0.70  div_loss=-0.2812  kl_loss=0.0000 (disabled)  score=0.973  return=0.967  role_std=3.7134  role_norm=14.7472  enc_delta ego=0.0010 partner=0.0007 road=0.0011
[ROMA step 3,755,999,232] sps=229,678  policy_loss=0.0033  value_loss=0.0614  mi_loss=0.0008  mi_valid=0.72  div_loss=-0.2695  kl_loss=0.0000 (disabled)  score=0.973  return=0.966  role_std=3.9107  role_norm=14.4195  enc_delta ego=0.0007 partner=0.0006 road=0.0008
[ROMA step 3,756,785,664] sps=229,584  policy_loss=0.0087  value_loss=0.0751  mi_loss=0.0008  mi_valid=0.72  div_loss=-0.2676  kl_loss=0.0000 (disabled)  score=0.973  return=0.966  role_std=3.8279  role_norm=14.2546  enc_delta ego=0.0006 partner=0.0008 road=0.0009
[ROMA step 3,757,572,096] sps=229,486  policy_loss=0.0093  value_loss=0.0731  mi_loss=0.0008  mi_valid=0.73  div_loss=-0.2695  kl_loss=0.0000 (disabled)  score=0.973  return=0.966  role_std=4.0095  role_norm=13.9048  enc_delta ego=0.0006 partner=0.0007 road=0.0012
[ROMA step 3,758,358,528] sps=229,048  policy_loss=-0.0063  value_loss=0.0548  mi_loss=0.0008  mi_valid=0.71  div_loss=-0.2754  kl_loss=0.0000 (disabled)  score=0.973  return=0.965  role_std=3.7224  role_norm=14.6844  enc_delta ego=0.0006 partner=0.0010 road=0.0009
[ROMA step 3,759,144,960] sps=228,958  policy_loss=-0.0001  value_loss=0.0456  mi_loss=0.0008  mi_valid=0.72  div_loss=-0.2715  kl_loss=0.0000 (disabled)  score=0.973  return=0.966  role_std=3.7825  role_norm=14.8226  enc_delta ego=0.0005 partner=0.0010 road=0.0010
[ROMA step 3,759,931,392] sps=228,868  policy_loss=0.0026  value_loss=0.0435  mi_loss=0.0008  mi_valid=0.72  div_loss=-0.2773  kl_loss=0.0000 (disabled)  score=0.973  return=0.966  role_std=4.0562  role_norm=14.7600  enc_delta ego=0.0004 partner=0.0006 road=0.0007
[ROMA step 3,760,717,824] sps=228,403  policy_loss=-0.0013  value_loss=0.0545  mi_loss=0.0008  mi_valid=0.70  div_loss=-0.2852  kl_loss=0.0000 (disabled)  score=0.973  return=0.966  role_std=3.9337  role_norm=14.3817  enc_delta ego=0.0006 partner=0.0007 road=0.0010
[ROMA step 3,761,504,256] sps=228,309  policy_loss=0.0039  value_loss=0.0447  mi_loss=0.0008  mi_valid=0.71  div_loss=-0.2773  kl_loss=0.0000 (disabled)  score=0.973  return=0.966  role_std=4.2594  role_norm=14.3109  enc_delta ego=0.0006 partner=0.0009 road=0.0011
[ROMA step 3,762,290,688] sps=228,217  policy_loss=0.0002  value_loss=0.0492  mi_loss=0.0008  mi_valid=0.71  div_loss=-0.2754  kl_loss=0.0000 (disabled)  score=0.973  return=0.966  role_std=4.2666  role_norm=14.6024  enc_delta ego=0.0004 partner=0.0007 road=0.0010
[ROMA step 3,763,077,120] sps=228,124  policy_loss=0.0017  value_loss=0.0463  mi_loss=0.0008  mi_valid=0.72  div_loss=-0.2793  kl_loss=0.0000 (disabled)  score=0.973  return=0.967  role_std=3.9192  role_norm=15.0000  enc_delta ego=0.0004 partner=0.0006 road=0.0009
[ROMA step 3,763,863,552] sps=227,732  policy_loss=0.0010  value_loss=0.0599  mi_loss=0.0008  mi_valid=0.70  div_loss=-0.2812  kl_loss=0.0000 (disabled)  score=0.972  return=0.966  role_std=3.8158  role_norm=14.8257  enc_delta ego=0.0006 partner=0.0007 road=0.0008
[ROMA step 3,764,649,984] sps=227,641  policy_loss=0.0071  value_loss=0.0654  mi_loss=0.0008  mi_valid=0.71  div_loss=-0.2715  kl_loss=0.0000 (disabled)  score=0.972  return=0.966  role_std=4.0106  role_norm=14.9107  enc_delta ego=0.0009 partner=0.0006 road=0.0010
[ROMA step 3,765,436,416] sps=227,548  policy_loss=-0.0003  value_loss=0.0612  mi_loss=0.0008  mi_valid=0.71  div_loss=-0.2695  kl_loss=0.0000 (disabled)  score=0.972  return=0.964  role_std=4.1360  role_norm=14.7739  enc_delta ego=0.0005 partner=0.0006 road=0.0009
[ROMA step 3,766,222,848] sps=226,908  policy_loss=-0.0033  value_loss=0.0549  mi_loss=0.0008  mi_valid=0.70  div_loss=-0.2695  kl_loss=0.0000 (disabled)  score=0.972  return=0.963  role_std=4.4804  role_norm=13.9095  enc_delta ego=0.0004 partner=0.0004 road=0.0008
[ROMA step 3,767,009,280] sps=226,817  policy_loss=-0.0024  value_loss=0.0557  mi_loss=0.0008  mi_valid=0.73  div_loss=-0.2715  kl_loss=0.0000 (disabled)  score=0.972  return=0.963  role_std=3.6481  role_norm=14.9613  enc_delta ego=0.0004 partner=0.0006 road=0.0008
[ROMA step 3,767,795,712] sps=226,729  policy_loss=-0.0005  value_loss=0.0482  mi_loss=0.0008  mi_valid=0.72  div_loss=-0.2695  kl_loss=0.0000 (disabled)  score=0.971  return=0.965  role_std=3.6079  role_norm=14.8486  enc_delta ego=0.0005 partner=0.0006 road=0.0007
[ROMA step 3,768,582,144] sps=226,640  policy_loss=-0.0006  value_loss=0.0562  mi_loss=0.0008  mi_valid=0.72  div_loss=-0.2773  kl_loss=0.0000 (disabled)  score=0.971  return=0.966  role_std=4.0127  role_norm=14.7540  enc_delta ego=0.0004 partner=0.0005 road=0.0007
[ROMA step 3,769,368,576] sps=226,179  policy_loss=-0.0051  value_loss=0.0754  mi_loss=0.0008  mi_valid=0.70  div_loss=-0.2852  kl_loss=0.0000 (disabled)  score=0.971  return=0.968  role_std=4.0496  role_norm=14.3216  enc_delta ego=0.0005 partner=0.0006 road=0.0009
[ROMA step 3,770,155,008] sps=226,086  policy_loss=0.0058  value_loss=0.0781  mi_loss=0.0008  mi_valid=0.72  div_loss=-0.2754  kl_loss=0.0000 (disabled)  score=0.971  return=0.968  role_std=4.1959  role_norm=14.0893  enc_delta ego=0.0008 partner=0.0008 road=0.0012
[ROMA step 3,770,941,440] sps=225,994  policy_loss=-0.0032  value_loss=0.0630  mi_loss=0.0009  mi_valid=0.73  div_loss=-0.2812  kl_loss=0.0000 (disabled)  score=0.971  return=0.967  role_std=3.8532  role_norm=14.7638  enc_delta ego=0.0007 partner=0.0007 road=0.0011
[ROMA step 3,771,727,872] sps=225,897  policy_loss=0.0008  value_loss=0.0595  mi_loss=0.0008  mi_valid=0.73  div_loss=-0.2871  kl_loss=0.0000 (disabled)  score=0.970  return=0.966  role_std=3.6782  role_norm=14.6089  enc_delta ego=0.0006 partner=0.0006 road=0.0010
[ROMA step 3,772,514,304] sps=225,467  policy_loss=0.0043  value_loss=0.0688  mi_loss=0.0008  mi_valid=0.71  div_loss=-0.2910  kl_loss=0.0000 (disabled)  score=0.970  return=0.966  role_std=4.0607  role_norm=14.4284  enc_delta ego=0.0008 partner=0.0007 road=0.0012
[ROMA step 3,773,300,736] sps=225,379  policy_loss=-0.0025  value_loss=0.0568  mi_loss=0.0008  mi_valid=0.72  div_loss=-0.2812  kl_loss=0.0000 (disabled)  score=0.970  return=0.965  role_std=4.1123  role_norm=14.2124  enc_delta ego=0.0006 partner=0.0007 road=0.0010
[ROMA step 3,774,087,168] sps=225,292  policy_loss=-0.0002  value_loss=0.0653  mi_loss=0.0008  mi_valid=0.72  div_loss=-0.2812  kl_loss=0.0000 (disabled)  score=0.969  return=0.963  role_std=4.1808  role_norm=14.1834  enc_delta ego=0.0005 partner=0.0006 road=0.0009
[ROMA step 3,774,873,600] sps=224,800  policy_loss=0.0016  value_loss=0.0582  mi_loss=0.0008  mi_valid=0.71  div_loss=-0.2793  kl_loss=0.0000 (disabled)  score=0.969  return=0.963  role_std=3.8341  role_norm=14.8379  enc_delta ego=0.0006 partner=0.0005 road=0.0008
[ROMA step 3,775,660,032] sps=224,712  policy_loss=0.0026  value_loss=0.0646  mi_loss=0.0008  mi_valid=0.73  div_loss=-0.2754  kl_loss=0.0000 (disabled)  score=0.969  return=0.962  role_std=4.0593  role_norm=14.9615  enc_delta ego=0.0006 partner=0.0006 road=0.0009
[ROMA step 3,776,446,464] sps=224,622  policy_loss=-0.0017  value_loss=0.0430  mi_loss=0.0008  mi_valid=0.72  div_loss=-0.2754  kl_loss=0.0000 (disabled)  score=0.969  return=0.960  role_std=3.8861  role_norm=14.9724  enc_delta ego=0.0004 partner=0.0004 road=0.0007
[ROMA step 3,777,232,896] sps=224,535  policy_loss=0.0063  value_loss=0.0728  mi_loss=0.0008  mi_valid=0.71  div_loss=-0.2734  kl_loss=0.0000 (disabled)  score=0.969  return=0.960  role_std=4.0975  role_norm=14.8858  enc_delta ego=0.0007 partner=0.0007 road=0.0011
[ROMA step 3,778,019,328] sps=223,917  policy_loss=-0.0029  value_loss=0.0674  mi_loss=0.0009  mi_valid=0.70  div_loss=-0.2793  kl_loss=0.0000 (disabled)  score=0.969  return=0.960  role_std=4.3061  role_norm=14.8034  enc_delta ego=0.0005 partner=0.0007 road=0.0009
[ROMA step 3,778,805,760] sps=223,831  policy_loss=0.0051  value_loss=0.0622  mi_loss=0.0009  mi_valid=0.71  div_loss=-0.2754  kl_loss=0.0000 (disabled)  score=0.969  return=0.960  role_std=4.3741  role_norm=14.6316  enc_delta ego=0.0007 partner=0.0006 road=0.0009
[ROMA step 3,779,592,192] sps=223,745  policy_loss=0.0035  value_loss=0.0487  mi_loss=0.0008  mi_valid=0.71  div_loss=-0.2773  kl_loss=0.0000 (disabled)  score=0.969  return=0.960  role_std=4.1361  role_norm=15.1757  enc_delta ego=0.0004 partner=0.0005 road=0.0007
[ROMA step 3,780,378,624] sps=223,189  policy_loss=-0.0005  value_loss=0.0553  mi_loss=0.0009  mi_valid=0.70  div_loss=-0.2793  kl_loss=0.0000 (disabled)  score=0.969  return=0.960  role_std=4.0324  role_norm=15.4298  enc_delta ego=0.0003 partner=0.0005 road=0.0008
[ROMA step 3,781,165,056] sps=223,105  policy_loss=0.0004  value_loss=0.0403  mi_loss=0.0009  mi_valid=0.71  div_loss=-0.2715  kl_loss=0.0000 (disabled)  score=0.969  return=0.960  role_std=4.0243  role_norm=15.2514  enc_delta ego=0.0006 partner=0.0007 road=0.0010
[ROMA step 3,781,951,488] sps=223,021  policy_loss=-0.0007  value_loss=0.0382  mi_loss=0.0008  mi_valid=0.71  div_loss=-0.2715  kl_loss=0.0000 (disabled)  score=0.969  return=0.958  role_std=4.1334  role_norm=15.1538  enc_delta ego=0.0004 partner=0.0007 road=0.0007
[ROMA step 3,782,737,920] sps=222,935  policy_loss=-0.0055  value_loss=0.0377  mi_loss=0.0008  mi_valid=0.71  div_loss=-0.2715  kl_loss=0.0000 (disabled)  score=0.969  return=0.958  role_std=4.0938  role_norm=14.9603  enc_delta ego=0.0004 partner=0.0005 road=0.0007
[ROMA step 3,783,524,352] sps=222,352  policy_loss=-0.0067  value_loss=0.0436  mi_loss=0.0009  mi_valid=0.70  div_loss=-0.2715  kl_loss=0.0000 (disabled)  score=0.969  return=0.958  role_std=4.1050  role_norm=15.1223  enc_delta ego=0.0004 partner=0.0005 road=0.0007
[ROMA step 3,784,310,784] sps=222,264  policy_loss=0.0019  value_loss=0.0603  mi_loss=0.0009  mi_valid=0.71  div_loss=-0.2656  kl_loss=0.0000 (disabled)  score=0.970  return=0.959  role_std=3.9899  role_norm=15.2331  enc_delta ego=0.0004 partner=0.0007 road=0.0010
[ROMA step 3,785,097,216] sps=222,178  policy_loss=-0.0028  value_loss=0.0565  mi_loss=0.0009  mi_valid=0.71  div_loss=-0.2656  kl_loss=0.0000 (disabled)  score=0.970  return=0.959  role_std=3.8806  role_norm=15.3851  enc_delta ego=0.0004 partner=0.0006 road=0.0009
[ROMA step 3,785,883,648] sps=221,549  policy_loss=-0.0005  value_loss=0.0660  mi_loss=0.0009  mi_valid=0.69  div_loss=-0.2637  kl_loss=0.0000 (disabled)  score=0.970  return=0.960  role_std=3.8198  role_norm=15.0505  enc_delta ego=0.0005 partner=0.0006 road=0.0007
[ROMA step 3,786,670,080] sps=221,462  policy_loss=0.0004  value_loss=0.0707  mi_loss=0.0009  mi_valid=0.71  div_loss=-0.2617  kl_loss=0.0000 (disabled)  score=0.970  return=0.959  role_std=4.1312  role_norm=15.0723  enc_delta ego=0.0009 partner=0.0010 road=0.0014
[ROMA step 3,787,456,512] sps=221,380  policy_loss=0.0017  value_loss=0.0774  mi_loss=0.0009  mi_valid=0.72  div_loss=-0.2617  kl_loss=0.0000 (disabled)  score=0.970  return=0.958  role_std=4.0942  role_norm=14.8814  enc_delta ego=0.0005 partner=0.0006 road=0.0010
[ROMA step 3,788,242,944] sps=221,296  policy_loss=-0.0031  value_loss=0.0724  mi_loss=0.0008  mi_valid=0.72  div_loss=-0.2656  kl_loss=0.0000 (disabled)  score=0.970  return=0.956  role_std=3.8775  role_norm=14.9995  enc_delta ego=0.0006 partner=0.0006 road=0.0008
[ROMA step 3,789,029,376] sps=220,636  policy_loss=0.0027  value_loss=0.0705  mi_loss=0.0008  mi_valid=0.70  div_loss=-0.2754  kl_loss=0.0000 (disabled)  score=0.970  return=0.955  role_std=3.9807  role_norm=15.2092  enc_delta ego=0.0004 partner=0.0006 road=0.0007
[ROMA step 3,789,815,808] sps=220,548  policy_loss=-0.0039  value_loss=0.0560  mi_loss=0.0008  mi_valid=0.71  div_loss=-0.2715  kl_loss=0.0000 (disabled)  score=0.970  return=0.956  role_std=4.0695  role_norm=15.1238  enc_delta ego=0.0004 partner=0.0009 road=0.0008
[ROMA step 3,790,602,240] sps=220,464  policy_loss=0.0007  value_loss=0.0481  mi_loss=0.0008  mi_valid=0.71  div_loss=-0.2715  kl_loss=0.0000 (disabled)  score=0.970  return=0.957  role_std=4.1166  role_norm=15.0902  enc_delta ego=0.0004 partner=0.0007 road=0.0007
[ROMA step 3,791,388,672] sps=219,912  policy_loss=0.0012  value_loss=0.0523  mi_loss=0.0008  mi_valid=0.69  div_loss=-0.2656  kl_loss=0.0000 (disabled)  score=0.971  return=0.958  role_std=4.7906  role_norm=13.9353  enc_delta ego=0.0003 partner=0.0008 road=0.0009
[ROMA step 3,792,175,104] sps=219,829  policy_loss=-0.0009  value_loss=0.0482  mi_loss=0.0008  mi_valid=0.72  div_loss=-0.2715  kl_loss=0.0000 (disabled)  score=0.971  return=0.959  role_std=4.0351  role_norm=15.2259  enc_delta ego=0.0005 partner=0.0006 road=0.0008
[ROMA step 3,792,961,536] sps=219,749  policy_loss=-0.0009  value_loss=0.0493  mi_loss=0.0008  mi_valid=0.71  div_loss=-0.2715  kl_loss=0.0000 (disabled)  score=0.972  return=0.961  role_std=3.9220  role_norm=15.4351  enc_delta ego=0.0007 partner=0.0007 road=0.0010
[ROMA step 3,793,747,968] sps=219,667  policy_loss=-0.0007  value_loss=0.0577  mi_loss=0.0008  mi_valid=0.71  div_loss=-0.2715  kl_loss=0.0000 (disabled)  score=0.972  return=0.961  role_std=4.1238  role_norm=15.1085  enc_delta ego=0.0005 partner=0.0006 road=0.0008
[ROMA step 3,794,534,400] sps=219,141  policy_loss=0.0004  value_loss=0.0647  mi_loss=0.0009  mi_valid=0.70  div_loss=-0.2754  kl_loss=0.0000 (disabled)  score=0.972  return=0.961  role_std=4.1919  role_norm=14.7120  enc_delta ego=0.0005 partner=0.0006 road=0.0007
[ROMA step 3,795,320,832] sps=219,056  policy_loss=-0.0058  value_loss=0.0477  mi_loss=0.0009  mi_valid=0.72  div_loss=-0.2676  kl_loss=0.0000 (disabled)  score=0.972  return=0.963  role_std=4.2370  role_norm=14.7484  enc_delta ego=0.0003 partner=0.0006 road=0.0008
[ROMA step 3,796,107,264] sps=218,975  policy_loss=-0.0045  value_loss=0.0484  mi_loss=0.0009  mi_valid=0.72  div_loss=-0.2598  kl_loss=0.0000 (disabled)  score=0.972  return=0.963  role_std=4.0415  role_norm=14.6868  enc_delta ego=0.0005 partner=0.0007 road=0.0009
[ROMA step 3,796,893,696] sps=218,888  policy_loss=0.0043  value_loss=0.0643  mi_loss=0.0009  mi_valid=0.72  div_loss=-0.2656  kl_loss=0.0000 (disabled)  score=0.972  return=0.963  role_std=3.8453  role_norm=15.4089  enc_delta ego=0.0005 partner=0.0006 road=0.0007
[ROMA step 3,797,680,128] sps=218,364  policy_loss=-0.0071  value_loss=0.0611  mi_loss=0.0008  mi_valid=0.70  div_loss=-0.2715  kl_loss=0.0000 (disabled)  score=0.972  return=0.962  role_std=3.9893  role_norm=15.2597  enc_delta ego=0.0003 partner=0.0005 road=0.0007
[ROMA step 3,798,466,560] sps=218,283  policy_loss=-0.0067  value_loss=0.0453  mi_loss=0.0008  mi_valid=0.71  div_loss=-0.2656  kl_loss=0.0000 (disabled)  score=0.972  return=0.962  role_std=3.9908  role_norm=15.1158  enc_delta ego=0.0006 partner=0.0007 road=0.0010
[ROMA step 3,799,252,992] sps=218,202  policy_loss=0.0030  value_loss=0.0638  mi_loss=0.0008  mi_valid=0.72  div_loss=-0.2656  kl_loss=0.0000 (disabled)  score=0.972  return=0.962  role_std=4.0402  role_norm=15.1988  enc_delta ego=0.0004 partner=0.0006 road=0.0009
[ROMA step 3,800,039,424] sps=217,722  policy_loss=0.0035  value_loss=0.0659  mi_loss=0.0008  mi_valid=0.70  div_loss=-0.2793  kl_loss=0.0000 (disabled)  score=0.972  return=0.962  role_std=4.3507  role_norm=14.7961  enc_delta ego=0.0005 partner=0.0005 road=0.0008
[ROMA step 3,800,825,856] sps=217,639  policy_loss=-0.0083  value_loss=0.0573  mi_loss=0.0008  mi_valid=0.72  div_loss=-0.2891  kl_loss=0.0000 (disabled)  score=0.972  return=0.962  role_std=4.2513  role_norm=15.3857  enc_delta ego=0.0005 partner=0.0006 road=0.0009
[ROMA step 3,801,612,288] sps=217,559  policy_loss=-0.0059  value_loss=0.0551  mi_loss=0.0008  mi_valid=0.71  div_loss=-0.2871  kl_loss=0.0000 (disabled)  score=0.972  return=0.961  role_std=4.3868  role_norm=15.3190  enc_delta ego=0.0005 partner=0.0007 road=0.0009
[ROMA step 3,802,398,720] sps=217,481  policy_loss=-0.0024  value_loss=0.0802  mi_loss=0.0008  mi_valid=0.72  div_loss=-0.2871  kl_loss=0.0000 (disabled)  score=0.972  return=0.962  role_std=4.2724  role_norm=15.4424  enc_delta ego=0.0004 partner=0.0006 road=0.0008
[ROMA step 3,803,185,152] sps=217,052  policy_loss=0.0012  value_loss=0.0525  mi_loss=0.0008  mi_valid=0.70  div_loss=-0.2871  kl_loss=0.0000 (disabled)  score=0.972  return=0.962  role_std=4.6092  role_norm=14.9285  enc_delta ego=0.0004 partner=0.0005 road=0.0009
[ROMA step 3,803,971,584] sps=216,973  policy_loss=-0.0017  value_loss=0.0506  mi_loss=0.0008  mi_valid=0.71  div_loss=-0.2812  kl_loss=0.0000 (disabled)  score=0.971  return=0.961  role_std=4.6590  role_norm=14.9153  enc_delta ego=0.0005 partner=0.0005 road=0.0006
[ROMA step 3,804,758,016] sps=216,895  policy_loss=0.0046  value_loss=0.0495  mi_loss=0.0008  mi_valid=0.71  div_loss=-0.2773  kl_loss=0.0000 (disabled)  score=0.971  return=0.962  role_std=4.2058  role_norm=15.3359  enc_delta ego=0.0004 partner=0.0004 road=0.0007
[ROMA step 3,805,544,448] sps=216,452  policy_loss=0.0004  value_loss=0.0600  mi_loss=0.0008  mi_valid=0.70  div_loss=-0.2812  kl_loss=0.0000 (disabled)  score=0.971  return=0.962  role_std=4.0486  role_norm=15.5071  enc_delta ego=0.0006 partner=0.0006 road=0.0007
[ROMA step 3,806,330,880] sps=216,374  policy_loss=-0.0040  value_loss=0.0528  mi_loss=0.0008  mi_valid=0.72  div_loss=-0.2812  kl_loss=0.0000 (disabled)  score=0.971  return=0.962  role_std=4.0543  role_norm=15.0244  enc_delta ego=0.0004 partner=0.0005 road=0.0006
[ROMA step 3,807,117,312] sps=216,297  policy_loss=0.0009  value_loss=0.0548  mi_loss=0.0008  mi_valid=0.72  div_loss=-0.2793  kl_loss=0.0000 (disabled)  score=0.971  return=0.963  role_std=4.2316  role_norm=14.9212  enc_delta ego=0.0007 partner=0.0006 road=0.0007
[ROMA step 3,807,903,744] sps=216,220  policy_loss=-0.0027  value_loss=0.0503  mi_loss=0.0008  mi_valid=0.72  div_loss=-0.2773  kl_loss=0.0000 (disabled)  score=0.971  return=0.965  role_std=4.2356  role_norm=14.7656  enc_delta ego=0.0006 partner=0.0006 road=0.0009
[ROMA step 3,808,690,176] sps=215,836  policy_loss=0.0015  value_loss=0.0636  mi_loss=0.0009  mi_valid=0.71  div_loss=-0.2773  kl_loss=0.0000 (disabled)  score=0.971  return=0.966  role_std=4.0857  role_norm=15.3208  enc_delta ego=0.0006 partner=0.0008 road=0.0009
[ROMA step 3,809,476,608] sps=215,757  policy_loss=-0.0067  value_loss=0.0397  mi_loss=0.0009  mi_valid=0.72  div_loss=-0.2812  kl_loss=0.0000 (disabled)  score=0.970  return=0.966  role_std=4.0180  role_norm=15.3619  enc_delta ego=0.0005 partner=0.0008 road=0.0010
[ROMA step 3,810,263,040] sps=215,678  policy_loss=0.0023  value_loss=0.0349  mi_loss=0.0008  mi_valid=0.71  div_loss=-0.2793  kl_loss=0.0000 (disabled)  score=0.970  return=0.967  role_std=4.0935  role_norm=15.4810  enc_delta ego=0.0005 partner=0.0007 road=0.0011
[ROMA step 3,811,049,472] sps=215,256  policy_loss=0.0015  value_loss=0.0588  mi_loss=0.0009  mi_valid=0.69  div_loss=-0.2852  kl_loss=0.0000 (disabled)  score=0.970  return=0.968  role_std=4.1243  role_norm=15.3743  enc_delta ego=0.0005 partner=0.0005 road=0.0007
[ROMA step 3,811,835,904] sps=215,175  policy_loss=-0.0085  value_loss=0.0636  mi_loss=0.0008  mi_valid=0.70  div_loss=-0.2832  kl_loss=0.0000 (disabled)  score=0.970  return=0.968  role_std=4.4046  role_norm=15.1072  enc_delta ego=0.0008 partner=0.0006 road=0.0010
[ROMA step 3,812,622,336] sps=215,096  policy_loss=-0.0047  value_loss=0.0495  mi_loss=0.0008  mi_valid=0.71  div_loss=-0.2832  kl_loss=0.0000 (disabled)  score=0.970  return=0.968  role_std=4.4541  role_norm=14.9768  enc_delta ego=0.0006 partner=0.0004 road=0.0006
[ROMA step 3,813,408,768] sps=215,017  policy_loss=-0.0017  value_loss=0.0418  mi_loss=0.0008  mi_valid=0.71  div_loss=-0.2852  kl_loss=0.0000 (disabled)  score=0.970  return=0.968  role_std=4.2163  role_norm=15.3222  enc_delta ego=0.0004 partner=0.0005 road=0.0008
[ROMA step 3,814,195,200] sps=214,466  policy_loss=-0.0070  value_loss=0.0523  mi_loss=0.0008  mi_valid=0.70  div_loss=-0.2812  kl_loss=0.0000 (disabled)  score=0.969  return=0.968  role_std=3.9885  role_norm=15.1833  enc_delta ego=0.0003 partner=0.0004 road=0.0008
[ROMA step 3,814,981,632] sps=214,385  policy_loss=0.0027  value_loss=0.0561  mi_loss=0.0008  mi_valid=0.72  div_loss=-0.2695  kl_loss=0.0000 (disabled)  score=0.969  return=0.968  role_std=4.0500  role_norm=15.2882  enc_delta ego=0.0005 partner=0.0005 road=0.0007
[ROMA step 3,815,768,064] sps=214,309  policy_loss=-0.0030  value_loss=0.0622  mi_loss=0.0008  mi_valid=0.72  div_loss=-0.2734  kl_loss=0.0000 (disabled)  score=0.969  return=0.969  role_std=4.1811  role_norm=15.1743  enc_delta ego=0.0003 partner=0.0005 road=0.0007
[ROMA step 3,816,554,496] sps=213,772  policy_loss=0.0011  value_loss=0.0714  mi_loss=0.0008  mi_valid=0.69  div_loss=-0.2754  kl_loss=0.0000 (disabled)  score=0.969  return=0.969  role_std=4.8650  role_norm=14.0807  enc_delta ego=0.0004 partner=0.0005 road=0.0008
[ROMA step 3,817,340,928] sps=213,691  policy_loss=-0.0004  value_loss=0.0396  mi_loss=0.0008  mi_valid=0.73  div_loss=-0.2871  kl_loss=0.0000 (disabled)  score=0.969  return=0.970  role_std=4.0603  role_norm=15.1888  enc_delta ego=0.0004 partner=0.0005 road=0.0006
[ROMA step 3,818,127,360] sps=213,615  policy_loss=0.0076  value_loss=0.0426  mi_loss=0.0008  mi_valid=0.72  div_loss=-0.2871  kl_loss=0.0000 (disabled)  score=0.969  return=0.970  role_std=4.1404  role_norm=15.1620  enc_delta ego=0.0004 partner=0.0005 road=0.0007
[ROMA step 3,818,913,792] sps=213,539  policy_loss=-0.0032  value_loss=0.0294  mi_loss=0.0008  mi_valid=0.72  div_loss=-0.2871  kl_loss=0.0000 (disabled)  score=0.969  return=0.971  role_std=4.1507  role_norm=14.8260  enc_delta ego=0.0004 partner=0.0005 road=0.0006
[ROMA step 3,819,700,224] sps=213,027  policy_loss=0.0022  value_loss=0.0834  mi_loss=0.0009  mi_valid=0.70  div_loss=-0.2910  kl_loss=0.0000 (disabled)  score=0.969  return=0.971  role_std=4.3482  role_norm=14.7486  enc_delta ego=0.0004 partner=0.0005 road=0.0006
[ROMA step 3,820,486,656] sps=212,952  policy_loss=-0.0037  value_loss=0.0705  mi_loss=0.0009  mi_valid=0.72  div_loss=-0.2930  kl_loss=0.0000 (disabled)  score=0.969  return=0.971  role_std=4.4976  role_norm=14.6227  enc_delta ego=0.0007 partner=0.0007 road=0.0010
[ROMA step 3,821,273,088] sps=212,878  policy_loss=-0.0019  value_loss=0.0648  mi_loss=0.0008  mi_valid=0.73  div_loss=-0.2930  kl_loss=0.0000 (disabled)  score=0.968  return=0.970  role_std=4.5193  role_norm=14.4797  enc_delta ego=0.0005 partner=0.0007 road=0.0008
[ROMA step 3,822,059,520] sps=212,804  policy_loss=-0.0011  value_loss=0.0661  mi_loss=0.0008  mi_valid=0.73  div_loss=-0.3008  kl_loss=0.0000 (disabled)  score=0.968  return=0.970  role_std=3.9887  role_norm=14.9438  enc_delta ego=0.0005 partner=0.0006 road=0.0008
[ROMA step 3,822,845,952] sps=212,294  policy_loss=-0.0025  value_loss=0.0819  mi_loss=0.0008  mi_valid=0.71  div_loss=-0.3047  kl_loss=0.0000 (disabled)  score=0.968  return=0.971  role_std=4.2475  role_norm=14.9857  enc_delta ego=0.0009 partner=0.0006 road=0.0010
[ROMA step 3,823,632,384] sps=212,220  policy_loss=-0.0078  value_loss=0.0620  mi_loss=0.0008  mi_valid=0.72  div_loss=-0.2969  kl_loss=0.0000 (disabled)  score=0.968  return=0.971  role_std=4.5364  role_norm=14.6981  enc_delta ego=0.0005 partner=0.0008 road=0.0011
[ROMA step 3,824,418,816] sps=212,145  policy_loss=-0.0065  value_loss=0.0574  mi_loss=0.0008  mi_valid=0.72  div_loss=-0.2969  kl_loss=0.0000 (disabled)  score=0.968  return=0.969  role_std=4.5335  role_norm=14.5853  enc_delta ego=0.0006 partner=0.0007 road=0.0008
[ROMA step 3,825,205,248] sps=211,679  policy_loss=0.0022  value_loss=0.0619  mi_loss=0.0008  mi_valid=0.71  div_loss=-0.2910  kl_loss=0.0000 (disabled)  score=0.968  return=0.968  role_std=4.5459  role_norm=14.2531  enc_delta ego=0.0004 partner=0.0005 road=0.0007
[ROMA step 3,825,991,680] sps=211,605  policy_loss=-0.0009  value_loss=0.0877  mi_loss=0.0008  mi_valid=0.73  div_loss=-0.2754  kl_loss=0.0000 (disabled)  score=0.968  return=0.968  role_std=3.8770  role_norm=15.3665  enc_delta ego=0.0008 partner=0.0007 road=0.0007
[ROMA step 3,826,778,112] sps=211,531  policy_loss=-0.0005  value_loss=0.0523  mi_loss=0.0008  mi_valid=0.72  div_loss=-0.2773  kl_loss=0.0000 (disabled)  score=0.967  return=0.968  role_std=4.0327  role_norm=15.2867  enc_delta ego=0.0006 partner=0.0006 road=0.0007
[ROMA step 3,827,564,544] sps=211,458  policy_loss=0.0006  value_loss=0.0434  mi_loss=0.0008  mi_valid=0.72  div_loss=-0.2754  kl_loss=0.0000 (disabled)  score=0.968  return=0.968  role_std=3.9900  role_norm=15.0144  enc_delta ego=0.0003 partner=0.0006 road=0.0005
[ROMA step 3,828,350,976] sps=210,986  policy_loss=-0.0061  value_loss=0.0486  mi_loss=0.0008  mi_valid=0.71  div_loss=-0.2773  kl_loss=0.0000 (disabled)  score=0.968  return=0.969  role_std=4.2083  role_norm=14.8864  enc_delta ego=0.0005 partner=0.0007 road=0.0008
[ROMA step 3,829,137,408] sps=210,908  policy_loss=-0.0067  value_loss=0.0416  mi_loss=0.0009  mi_valid=0.72  div_loss=-0.2734  kl_loss=0.0000 (disabled)  score=0.968  return=0.968  role_std=4.2325  role_norm=14.8959  enc_delta ego=0.0004 partner=0.0005 road=0.0005
[ROMA step 3,829,923,840] sps=210,830  policy_loss=-0.0005  value_loss=0.0429  mi_loss=0.0008  mi_valid=0.72  div_loss=-0.2715  kl_loss=0.0000 (disabled)  score=0.968  return=0.968  role_std=3.9532  role_norm=15.1237  enc_delta ego=0.0004 partner=0.0005 road=0.0007
[ROMA step 3,830,710,272] sps=210,345  policy_loss=-0.0061  value_loss=0.0639  mi_loss=0.0009  mi_valid=0.71  div_loss=-0.2852  kl_loss=0.0000 (disabled)  score=0.968  return=0.968  role_std=4.0423  role_norm=15.5393  enc_delta ego=0.0004 partner=0.0004 road=0.0005
[ROMA step 3,831,496,704] sps=210,272  policy_loss=0.0015  value_loss=0.0668  mi_loss=0.0008  mi_valid=0.71  div_loss=-0.2812  kl_loss=0.0000 (disabled)  score=0.968  return=0.966  role_std=3.9750  role_norm=15.4029  enc_delta ego=0.0006 partner=0.0008 road=0.0007
[ROMA step 3,832,283,136] sps=210,200  policy_loss=0.0065  value_loss=0.0787  mi_loss=0.0008  mi_valid=0.71  div_loss=-0.2852  kl_loss=0.0000 (disabled)  score=0.968  return=0.965  role_std=4.3424  role_norm=15.2156  enc_delta ego=0.0006 partner=0.0006 road=0.0006
[ROMA step 3,833,069,568] sps=210,127  policy_loss=0.0069  value_loss=0.1007  mi_loss=0.0008  mi_valid=0.71  div_loss=-0.2852  kl_loss=0.0000 (disabled)  score=0.968  return=0.963  role_std=4.3227  role_norm=15.0886  enc_delta ego=0.0010 partner=0.0008 road=0.0010
[ROMA step 3,833,856,000] sps=209,701  policy_loss=0.0014  value_loss=0.0597  mi_loss=0.0008  mi_valid=0.70  div_loss=-0.2793  kl_loss=0.0000 (disabled)  score=0.969  return=0.963  role_std=3.8937  role_norm=15.4343  enc_delta ego=0.0004 partner=0.0004 road=0.0005
[ROMA step 3,834,642,432] sps=209,629  policy_loss=-0.0019  value_loss=0.0387  mi_loss=0.0009  mi_valid=0.72  div_loss=-0.2715  kl_loss=0.0000 (disabled)  score=0.969  return=0.963  role_std=3.8775  role_norm=15.2829  enc_delta ego=0.0003 partner=0.0003 road=0.0005
[ROMA step 3,835,428,864] sps=209,547  policy_loss=0.0022  value_loss=0.0408  mi_loss=0.0008  mi_valid=0.71  div_loss=-0.2617  kl_loss=0.0000 (disabled)  score=0.968  return=0.962  role_std=4.0293  role_norm=15.2559  enc_delta ego=0.0004 partner=0.0004 road=0.0005
[ROMA step 3,836,215,296] sps=209,095  policy_loss=0.0001  value_loss=0.0560  mi_loss=0.0009  mi_valid=0.70  div_loss=-0.2695  kl_loss=0.0000 (disabled)  score=0.969  return=0.962  role_std=4.0254  role_norm=15.2121  enc_delta ego=0.0002 partner=0.0003 road=0.0005
[ROMA step 3,837,001,728] sps=209,025  policy_loss=-0.0039  value_loss=0.0668  mi_loss=0.0009  mi_valid=0.71  div_loss=-0.2715  kl_loss=0.0000 (disabled)  score=0.969  return=0.962  role_std=4.2096  role_norm=14.9559  enc_delta ego=0.0005 partner=0.0005 road=0.0008
[ROMA step 3,837,788,160] sps=208,955  policy_loss=0.0001  value_loss=0.0810  mi_loss=0.0008  mi_valid=0.71  div_loss=-0.2812  kl_loss=0.0000 (disabled)  score=0.969  return=0.961  role_std=4.4073  role_norm=14.7131  enc_delta ego=0.0005 partner=0.0005 road=0.0007
[ROMA step 3,838,574,592] sps=208,885  policy_loss=-0.0013  value_loss=0.0652  mi_loss=0.0009  mi_valid=0.72  div_loss=-0.2852  kl_loss=0.0000 (disabled)  score=0.969  return=0.959  role_std=3.9871  role_norm=15.1600  enc_delta ego=0.0003 partner=0.0005 road=0.0007
[ROMA step 3,839,361,024] sps=208,375  policy_loss=0.0028  value_loss=0.0835  mi_loss=0.0009  mi_valid=0.71  div_loss=-0.2871  kl_loss=0.0000 (disabled)  score=0.969  return=0.959  role_std=3.8694  role_norm=15.4404  enc_delta ego=0.0004 partner=0.0005 road=0.0008
[ROMA step 3,840,147,456] sps=208,301  policy_loss=0.0011  value_loss=0.0593  mi_loss=0.0009  mi_valid=0.72  div_loss=-0.2773  kl_loss=0.0000 (disabled)  score=0.969  return=0.958  role_std=4.0965  role_norm=15.2981  enc_delta ego=0.0003 partner=0.0004 road=0.0006
[ROMA step 3,840,933,888] sps=208,231  policy_loss=0.0009  value_loss=0.0548  mi_loss=0.0009  mi_valid=0.72  div_loss=-0.2754  kl_loss=0.0000 (disabled)  score=0.969  return=0.958  role_std=4.1617  role_norm=15.1398  enc_delta ego=0.0004 partner=0.0004 road=0.0006
[ROMA step 3,841,720,320] sps=207,778  policy_loss=0.0003  value_loss=0.0677  mi_loss=0.0009  mi_valid=0.69  div_loss=-0.2754  kl_loss=0.0000 (disabled)  score=0.970  return=0.959  role_std=4.6477  role_norm=13.7900  enc_delta ego=0.0004 partner=0.0005 road=0.0006
[ROMA step 3,842,506,752] sps=207,708  policy_loss=0.0089  value_loss=0.0601  mi_loss=0.0009  mi_valid=0.72  div_loss=-0.2676  kl_loss=0.0000 (disabled)  score=0.970  return=0.959  role_std=3.9681  role_norm=14.9663  enc_delta ego=0.0003 partner=0.0004 road=0.0006
[ROMA step 3,843,293,184] sps=207,633  policy_loss=-0.0025  value_loss=0.0383  mi_loss=0.0009  mi_valid=0.72  div_loss=-0.2637  kl_loss=0.0000 (disabled)  score=0.970  return=0.959  role_std=3.7410  role_norm=15.2983  enc_delta ego=0.0004 partner=0.0004 road=0.0008
[ROMA step 3,844,079,616] sps=207,550  policy_loss=0.0020  value_loss=0.0483  mi_loss=0.0009  mi_valid=0.71  div_loss=-0.2676  kl_loss=0.0000 (disabled)  score=0.971  return=0.961  role_std=3.9114  role_norm=15.3843  enc_delta ego=0.0003 partner=0.0004 road=0.0006
[ROMA step 3,844,866,048] sps=207,072  policy_loss=0.0057  value_loss=0.0632  mi_loss=0.0009  mi_valid=0.70  div_loss=-0.2656  kl_loss=0.0000 (disabled)  score=0.971  return=0.962  role_std=3.9184  role_norm=14.8871  enc_delta ego=0.0003 partner=0.0003 road=0.0005
[ROMA step 3,845,652,480] sps=206,998  policy_loss=-0.0020  value_loss=0.0631  mi_loss=0.0008  mi_valid=0.72  div_loss=-0.2578  kl_loss=0.0000 (disabled)  score=0.971  return=0.962  role_std=4.0161  role_norm=14.6578  enc_delta ego=0.0004 partner=0.0005 road=0.0006
[ROMA step 3,846,438,912] sps=206,928  policy_loss=0.0005  value_loss=0.0527  mi_loss=0.0008  mi_valid=0.72  div_loss=-0.2578  kl_loss=0.0000 (disabled)  score=0.971  return=0.962  role_std=3.9948  role_norm=14.7562  enc_delta ego=0.0003 partner=0.0004 road=0.0007
[ROMA step 3,847,225,344] sps=206,859  policy_loss=0.0003  value_loss=0.0580  mi_loss=0.0008  mi_valid=0.73  div_loss=-0.2539  kl_loss=0.0000 (disabled)  score=0.971  return=0.962  role_std=3.6715  role_norm=15.1203  enc_delta ego=0.0003 partner=0.0004 road=0.0006
[ROMA step 3,848,011,776] sps=206,430  policy_loss=0.0032  value_loss=0.0617  mi_loss=0.0008  mi_valid=0.71  div_loss=-0.2656  kl_loss=0.0000 (disabled)  score=0.971  return=0.962  role_std=3.8595  role_norm=15.4797  enc_delta ego=0.0005 partner=0.0004 road=0.0005
[ROMA step 3,848,798,208] sps=206,363  policy_loss=-0.0013  value_loss=0.0617  mi_loss=0.0008  mi_valid=0.72  div_loss=-0.2637  kl_loss=0.0000 (disabled)  score=0.971  return=0.961  role_std=3.9265  role_norm=15.2272  enc_delta ego=0.0004 partner=0.0005 road=0.0006
[ROMA step 3,849,584,640] sps=206,295  policy_loss=-0.0060  value_loss=0.0449  mi_loss=0.0009  mi_valid=0.72  div_loss=-0.2656  kl_loss=0.0000 (disabled)  score=0.971  return=0.960  role_std=3.9436  role_norm=15.1559  enc_delta ego=0.0003 partner=0.0005 road=0.0008
[ROMA step 3,850,371,072] sps=205,832  policy_loss=-0.0049  value_loss=0.0599  mi_loss=0.0009  mi_valid=0.70  div_loss=-0.2656  kl_loss=0.0000 (disabled)  score=0.970  return=0.959  role_std=4.3622  role_norm=14.5414  enc_delta ego=0.0004 partner=0.0004 road=0.0007
[ROMA step 3,851,157,504] sps=205,763  policy_loss=0.0009  value_loss=0.0401  mi_loss=0.0008  mi_valid=0.73  div_loss=-0.2617  kl_loss=0.0000 (disabled)  score=0.970  return=0.960  role_std=3.8051  role_norm=15.3208  enc_delta ego=0.0006 partner=0.0004 road=0.0007
[ROMA step 3,851,943,936] sps=205,693  policy_loss=-0.0051  value_loss=0.0473  mi_loss=0.0008  mi_valid=0.72  div_loss=-0.2598  kl_loss=0.0000 (disabled)  score=0.970  return=0.961  role_std=3.9979  role_norm=15.2797  enc_delta ego=0.0004 partner=0.0004 road=0.0005
[ROMA step 3,852,730,368] sps=205,624  policy_loss=0.0000  value_loss=0.0437  mi_loss=0.0008  mi_valid=0.72  div_loss=-0.2637  kl_loss=0.0000 (disabled)  score=0.970  return=0.962  role_std=3.8562  role_norm=15.4047  enc_delta ego=0.0005 partner=0.0004 road=0.0006
[ROMA step 3,853,516,800] sps=205,170  policy_loss=0.0004  value_loss=0.0525  mi_loss=0.0009  mi_valid=0.70  div_loss=-0.2754  kl_loss=0.0000 (disabled)  score=0.970  return=0.964  role_std=4.1517  role_norm=15.0107  enc_delta ego=0.0004 partner=0.0004 road=0.0006
[ROMA step 3,854,303,232] sps=205,103  policy_loss=-0.0017  value_loss=0.0513  mi_loss=0.0009  mi_valid=0.72  div_loss=-0.2734  kl_loss=0.0000 (disabled)  score=0.970  return=0.965  role_std=4.1632  role_norm=14.9583  enc_delta ego=0.0006 partner=0.0005 road=0.0006
[ROMA step 3,855,089,664] sps=205,035  policy_loss=-0.0034  value_loss=0.0366  mi_loss=0.0009  mi_valid=0.72  div_loss=-0.2754  kl_loss=0.0000 (disabled)  score=0.970  return=0.964  role_std=4.1214  role_norm=15.0310  enc_delta ego=0.0004 partner=0.0005 road=0.0006
[ROMA step 3,855,876,096] sps=204,553  policy_loss=-0.0006  value_loss=0.0603  mi_loss=0.0008  mi_valid=0.71  div_loss=-0.2715  kl_loss=0.0000 (disabled)  score=0.970  return=0.964  role_std=3.8655  role_norm=15.4536  enc_delta ego=0.0003 partner=0.0004 road=0.0007
[ROMA step 3,856,662,528] sps=204,486  policy_loss=-0.0010  value_loss=0.0491  mi_loss=0.0008  mi_valid=0.71  div_loss=-0.2656  kl_loss=0.0000 (disabled)  score=0.970  return=0.963  role_std=4.1611  role_norm=15.1853  enc_delta ego=0.0004 partner=0.0005 road=0.0007
[ROMA step 3,857,448,960] sps=204,419  policy_loss=-0.0009  value_loss=0.0694  mi_loss=0.0008  mi_valid=0.71  div_loss=-0.2715  kl_loss=0.0000 (disabled)  score=0.970  return=0.963  role_std=4.1049  role_norm=15.0175  enc_delta ego=0.0003 partner=0.0004 road=0.0007
[ROMA step 3,858,235,392] sps=204,352  policy_loss=-0.0047  value_loss=0.0493  mi_loss=0.0008  mi_valid=0.71  div_loss=-0.2754  kl_loss=0.0000 (disabled)  score=0.970  return=0.964  role_std=4.2187  role_norm=15.0225  enc_delta ego=0.0004 partner=0.0005 road=0.0007
[ROMA step 3,859,021,824] sps=203,945  policy_loss=-0.0055  value_loss=0.0587  mi_loss=0.0008  mi_valid=0.70  div_loss=-0.2773  kl_loss=0.0000 (disabled)  score=0.970  return=0.965  role_std=4.3674  role_norm=14.7086  enc_delta ego=0.0004 partner=0.0004 road=0.0006
[ROMA step 3,859,808,256] sps=203,878  policy_loss=-0.0027  value_loss=0.0528  mi_loss=0.0008  mi_valid=0.72  div_loss=-0.2754  kl_loss=0.0000 (disabled)  score=0.970  return=0.966  role_std=3.9373  role_norm=15.5763  enc_delta ego=0.0003 partner=0.0004 road=0.0006
[ROMA step 3,860,594,688] sps=203,812  policy_loss=-0.0005  value_loss=0.0458  mi_loss=0.0008  mi_valid=0.72  div_loss=-0.2695  kl_loss=0.0000 (disabled)  score=0.970  return=0.966  role_std=3.9121  role_norm=15.5182  enc_delta ego=0.0003 partner=0.0005 road=0.0006
[ROMA step 3,861,381,120] sps=203,399  policy_loss=-0.0015  value_loss=0.0555  mi_loss=0.0008  mi_valid=0.70  div_loss=-0.2754  kl_loss=0.0000 (disabled)  score=0.970  return=0.967  role_std=4.1201  role_norm=15.2476  enc_delta ego=0.0003 partner=0.0005 road=0.0006
[ROMA step 3,862,167,552] sps=203,330  policy_loss=-0.0048  value_loss=0.0490  mi_loss=0.0008  mi_valid=0.72  div_loss=-0.2734  kl_loss=0.0000 (disabled)  score=0.970  return=0.966  role_std=4.3982  role_norm=14.9586  enc_delta ego=0.0005 partner=0.0005 road=0.0009
[ROMA step 3,862,953,984] sps=203,258  policy_loss=0.0010  value_loss=0.0738  mi_loss=0.0009  mi_valid=0.72  div_loss=-0.2754  kl_loss=0.0000 (disabled)  score=0.970  return=0.965  role_std=4.3768  role_norm=14.9473  enc_delta ego=0.0004 partner=0.0005 road=0.0007
[ROMA step 3,863,740,416] sps=203,192  policy_loss=0.0039  value_loss=0.0669  mi_loss=0.0008  mi_valid=0.72  div_loss=-0.2754  kl_loss=0.0000 (disabled)  score=0.970  return=0.965  role_std=3.9804  role_norm=15.2898  enc_delta ego=0.0003 partner=0.0006 road=0.0008
[ROMA step 3,864,526,848] sps=202,832  policy_loss=-0.0001  value_loss=0.0684  mi_loss=0.0008  mi_valid=0.71  div_loss=-0.2812  kl_loss=0.0000 (disabled)  score=0.970  return=0.964  role_std=4.0038  role_norm=15.6464  enc_delta ego=0.0003 partner=0.0005 road=0.0006
[ROMA step 3,865,313,280] sps=202,766  policy_loss=-0.0030  value_loss=0.0469  mi_loss=0.0009  mi_valid=0.71  div_loss=-0.2773  kl_loss=0.0000 (disabled)  score=0.969  return=0.962  role_std=4.0441  role_norm=15.5822  enc_delta ego=0.0004 partner=0.0005 road=0.0006
[ROMA step 3,866,099,712] sps=202,700  policy_loss=0.0053  value_loss=0.0511  mi_loss=0.0008  mi_valid=0.71  div_loss=-0.2754  kl_loss=0.0000 (disabled)  score=0.970  return=0.962  role_std=4.3909  role_norm=15.3342  enc_delta ego=0.0003 partner=0.0004 road=0.0006
[ROMA step 3,866,886,144] sps=202,315  policy_loss=0.0053  value_loss=0.0683  mi_loss=0.0009  mi_valid=0.69  div_loss=-0.2773  kl_loss=0.0000 (disabled)  score=0.970  return=0.962  role_std=4.8188  role_norm=14.0499  enc_delta ego=0.0004 partner=0.0004 road=0.0006
[ROMA step 3,867,672,576] sps=202,250  policy_loss=-0.0001  value_loss=0.0431  mi_loss=0.0008  mi_valid=0.73  div_loss=-0.2715  kl_loss=0.0000 (disabled)  score=0.970  return=0.962  role_std=3.9495  role_norm=15.1650  enc_delta ego=0.0003 partner=0.0003 road=0.0004
[ROMA step 3,868,459,008] sps=202,184  policy_loss=0.0002  value_loss=0.0491  mi_loss=0.0008  mi_valid=0.72  div_loss=-0.2734  kl_loss=0.0000 (disabled)  score=0.970  return=0.963  role_std=3.8959  role_norm=15.2062  enc_delta ego=0.0002 partner=0.0003 road=0.0005
[ROMA step 3,869,245,440] sps=202,119  policy_loss=0.0020  value_loss=0.0367  mi_loss=0.0008  mi_valid=0.72  div_loss=-0.2715  kl_loss=0.0000 (disabled)  score=0.971  return=0.964  role_std=3.9113  role_norm=15.0381  enc_delta ego=0.0003 partner=0.0003 road=0.0005
[ROMA step 3,870,031,872] sps=201,619  policy_loss=0.0001  value_loss=0.0524  mi_loss=0.0008  mi_valid=0.70  div_loss=-0.2715  kl_loss=0.0000 (disabled)  score=0.971  return=0.966  role_std=4.3061  role_norm=15.0333  enc_delta ego=0.0003 partner=0.0003 road=0.0004
[ROMA step 3,870,818,304] sps=201,553  policy_loss=-0.0010  value_loss=0.0250  mi_loss=0.0008  mi_valid=0.71  div_loss=-0.2637  kl_loss=0.0000 (disabled)  score=0.971  return=0.967  role_std=4.1422  role_norm=15.1251  enc_delta ego=0.0002 partner=0.0003 road=0.0004
[ROMA step 3,871,604,736] sps=201,486  policy_loss=0.0005  value_loss=0.0287  mi_loss=0.0008  mi_valid=0.71  div_loss=-0.2637  kl_loss=0.0000 (disabled)  score=0.971  return=0.968  role_std=4.1074  role_norm=15.1584  enc_delta ego=0.0003 partner=0.0003 road=0.0005
[ROMA step 3,872,391,168] sps=201,422  policy_loss=-0.0004  value_loss=0.0265  mi_loss=0.0008  mi_valid=0.71  div_loss=-0.2578  kl_loss=0.0000 (disabled)  score=0.972  return=0.969  role_std=4.0234  role_norm=15.4437  enc_delta ego=0.0003 partner=0.0003 road=0.0004
[ROMA step 3,873,177,600] sps=200,940  policy_loss=0.0021  value_loss=0.0700  mi_loss=0.0008  mi_valid=0.70  div_loss=-0.2734  kl_loss=0.0000 (disabled)  score=0.972  return=0.968  role_std=3.9688  role_norm=15.5005  enc_delta ego=0.0005 partner=0.0004 road=0.0005
[ROMA step 3,873,964,032] sps=200,876  policy_loss=-0.0037  value_loss=0.0380  mi_loss=0.0009  mi_valid=0.72  div_loss=-0.2676  kl_loss=0.0000 (disabled)  score=0.972  return=0.968  role_std=3.9244  role_norm=15.1684  enc_delta ego=0.0002 partner=0.0004 road=0.0004
[ROMA step 3,874,750,464] sps=200,811  policy_loss=0.0023  value_loss=0.0489  mi_loss=0.0009  mi_valid=0.71  div_loss=-0.2695  kl_loss=0.0000 (disabled)  score=0.972  return=0.968  role_std=4.0767  role_norm=15.1407  enc_delta ego=0.0002 partner=0.0003 road=0.0004
[ROMA step 3,875,536,896] sps=200,449  policy_loss=0.0004  value_loss=0.0600  mi_loss=0.0008  mi_valid=0.70  div_loss=-0.2812  kl_loss=0.0000 (disabled)  score=0.972  return=0.968  role_std=4.3507  role_norm=14.7715  enc_delta ego=0.0003 partner=0.0004 road=0.0006
[ROMA step 3,876,323,328] sps=200,380  policy_loss=-0.0009  value_loss=0.0781  mi_loss=0.0008  mi_valid=0.72  div_loss=-0.2773  kl_loss=0.0000 (disabled)  score=0.972  return=0.968  role_std=3.8970  role_norm=15.1826  enc_delta ego=0.0003 partner=0.0005 road=0.0005
[ROMA step 3,877,109,760] sps=200,311  policy_loss=0.0032  value_loss=0.0754  mi_loss=0.0008  mi_valid=0.72  div_loss=-0.2773  kl_loss=0.0000 (disabled)  score=0.972  return=0.968  role_std=4.1901  role_norm=15.1109  enc_delta ego=0.0004 partner=0.0004 road=0.0005
[ROMA step 3,877,896,192] sps=200,243  policy_loss=-0.0041  value_loss=0.0669  mi_loss=0.0008  mi_valid=0.72  div_loss=-0.2793  kl_loss=0.0000 (disabled)  score=0.972  return=0.967  role_std=4.0388  role_norm=15.1748  enc_delta ego=0.0003 partner=0.0004 road=0.0005
[ROMA step 3,878,682,624] sps=199,849  policy_loss=0.0013  value_loss=0.0662  mi_loss=0.0009  mi_valid=0.70  div_loss=-0.2754  kl_loss=0.0000 (disabled)  score=0.972  return=0.967  role_std=4.0756  role_norm=15.0991  enc_delta ego=0.0005 partner=0.0006 road=0.0007
[ROMA step 3,879,469,056] sps=199,785  policy_loss=0.0060  value_loss=0.0493  mi_loss=0.0009  mi_valid=0.71  div_loss=-0.2695  kl_loss=0.0000 (disabled)  score=0.972  return=0.966  role_std=4.3169  role_norm=14.9303  enc_delta ego=0.0004 partner=0.0006 road=0.0006
[ROMA step 3,880,255,488] sps=199,722  policy_loss=0.0025  value_loss=0.0560  mi_loss=0.0009  mi_valid=0.72  div_loss=-0.2734  kl_loss=0.0000 (disabled)  score=0.972  return=0.966  role_std=4.4660  role_norm=14.9455  enc_delta ego=0.0003 partner=0.0004 road=0.0005
[ROMA step 3,881,041,920] sps=199,412  policy_loss=0.0001  value_loss=0.0486  mi_loss=0.0008  mi_valid=0.70  div_loss=-0.2832  kl_loss=0.0000 (disabled)  score=0.972  return=0.966  role_std=4.4060  role_norm=15.4269  enc_delta ego=0.0002 partner=0.0003 road=0.0004
[ROMA step 3,881,828,352] sps=199,349  policy_loss=-0.0016  value_loss=0.0597  mi_loss=0.0008  mi_valid=0.71  div_loss=-0.2930  kl_loss=0.0000 (disabled)  score=0.972  return=0.967  role_std=4.2991  role_norm=15.2813  enc_delta ego=0.0004 partner=0.0004 road=0.0006
[ROMA step 3,882,614,784] sps=199,287  policy_loss=0.0038  value_loss=0.0678  mi_loss=0.0008  mi_valid=0.71  div_loss=-0.2988  kl_loss=0.0000 (disabled)  score=0.973  return=0.968  role_std=4.6472  role_norm=14.9696  enc_delta ego=0.0003 partner=0.0004 road=0.0005
[ROMA step 3,883,401,216] sps=199,226  policy_loss=0.0019  value_loss=0.0472  mi_loss=0.0007  mi_valid=0.72  div_loss=-0.3047  kl_loss=0.0000 (disabled)  score=0.973  return=0.969  role_std=4.6238  role_norm=15.0761  enc_delta ego=0.0003 partner=0.0004 road=0.0005
[ROMA step 3,884,187,648] sps=198,795  policy_loss=0.0006  value_loss=0.0647  mi_loss=0.0008  mi_valid=0.70  div_loss=-0.3086  kl_loss=0.0000 (disabled)  score=0.973  return=0.969  role_std=5.0365  role_norm=15.0473  enc_delta ego=0.0003 partner=0.0004 road=0.0004
[ROMA step 3,884,974,080] sps=198,734  policy_loss=-0.0056  value_loss=0.0627  mi_loss=0.0008  mi_valid=0.72  div_loss=-0.3008  kl_loss=0.0000 (disabled)  score=0.973  return=0.969  role_std=4.3799  role_norm=15.6045  enc_delta ego=0.0003 partner=0.0004 road=0.0005
[ROMA step 3,885,760,512] sps=198,672  policy_loss=-0.0026  value_loss=0.0496  mi_loss=0.0008  mi_valid=0.71  div_loss=-0.3027  kl_loss=0.0000 (disabled)  score=0.973  return=0.969  role_std=4.5825  role_norm=15.4893  enc_delta ego=0.0002 partner=0.0004 road=0.0005
[ROMA step 3,886,546,944] sps=198,218  policy_loss=-0.0017  value_loss=0.0566  mi_loss=0.0008  mi_valid=0.70  div_loss=-0.2988  kl_loss=0.0000 (disabled)  score=0.973  return=0.969  role_std=4.2457  role_norm=15.3131  enc_delta ego=0.0003 partner=0.0003 road=0.0004
[ROMA step 3,887,333,376] sps=198,156  policy_loss=0.0030  value_loss=0.0449  mi_loss=0.0008  mi_valid=0.72  div_loss=-0.2812  kl_loss=0.0000 (disabled)  score=0.973  return=0.969  role_std=4.3091  role_norm=14.7747  enc_delta ego=0.0003 partner=0.0003 road=0.0004
[ROMA step 3,888,119,808] sps=198,094  policy_loss=0.0027  value_loss=0.0423  mi_loss=0.0008  mi_valid=0.72  div_loss=-0.2754  kl_loss=0.0000 (disabled)  score=0.973  return=0.969  role_std=4.3978  role_norm=14.5908  enc_delta ego=0.0002 partner=0.0003 road=0.0004
[ROMA step 3,888,906,240] sps=198,030  policy_loss=-0.0010  value_loss=0.0416  mi_loss=0.0008  mi_valid=0.72  div_loss=-0.2773  kl_loss=0.0000 (disabled)  score=0.973  return=0.969  role_std=3.9451  role_norm=15.1473  enc_delta ego=0.0002 partner=0.0002 road=0.0003
[ROMA step 3,889,692,672] sps=197,437  policy_loss=0.0030  value_loss=0.0771  mi_loss=0.0008  mi_valid=0.70  div_loss=-0.2871  kl_loss=0.0000 (disabled)  score=0.972  return=0.967  role_std=4.1821  role_norm=15.3153  enc_delta ego=0.0004 partner=0.0004 road=0.0004
[ROMA step 3,890,479,104] sps=197,355  policy_loss=-0.0041  value_loss=0.0517  mi_loss=0.0008  mi_valid=0.71  div_loss=-0.2812  kl_loss=0.0000 (disabled)  score=0.973  return=0.967  role_std=4.2338  role_norm=15.4022  enc_delta ego=0.0003 partner=0.0004 road=0.0005
[ROMA step 3,891,265,536] sps=197,294  policy_loss=-0.0067  value_loss=0.0412  mi_loss=0.0009  mi_valid=0.70  div_loss=-0.2793  kl_loss=0.0000 (disabled)  score=0.973  return=0.966  role_std=4.2653  role_norm=15.2125  enc_delta ego=0.0003 partner=0.0004 road=0.0005
[ROMA step 3,892,051,968] sps=196,813  policy_loss=-0.0057  value_loss=0.0567  mi_loss=0.0008  mi_valid=0.69  div_loss=-0.2754  kl_loss=0.0000 (disabled)  score=0.973  return=0.966  role_std=4.9407  role_norm=14.2594  enc_delta ego=0.0003 partner=0.0003 road=0.0004
[ROMA step 3,892,838,400] sps=196,747  policy_loss=0.0000  value_loss=0.0726  mi_loss=0.0008  mi_valid=0.72  div_loss=-0.2695  kl_loss=0.0000 (disabled)  score=0.973  return=0.965  role_std=3.9834  role_norm=15.3431  enc_delta ego=0.0004 partner=0.0003 road=0.0007
[ROMA step 3,893,624,832] sps=196,686  policy_loss=0.0043  value_loss=0.0737  mi_loss=0.0008  mi_valid=0.72  div_loss=-0.2734  kl_loss=0.0000 (disabled)  score=0.973  return=0.965  role_std=4.1140  role_norm=15.3574  enc_delta ego=0.0003 partner=0.0004 road=0.0005
[ROMA step 3,894,411,264] sps=196,623  policy_loss=-0.0043  value_loss=0.0592  mi_loss=0.0008  mi_valid=0.71  div_loss=-0.2734  kl_loss=0.0000 (disabled)  score=0.973  return=0.965  role_std=4.1080  role_norm=15.3366  enc_delta ego=0.0003 partner=0.0004 road=0.0004
[ROMA step 3,895,197,696] sps=196,226  policy_loss=-0.0013  value_loss=0.0748  mi_loss=0.0009  mi_valid=0.69  div_loss=-0.2773  kl_loss=0.0000 (disabled)  score=0.973  return=0.965  role_std=4.3095  role_norm=15.6106  enc_delta ego=0.0003 partner=0.0004 road=0.0005
[ROMA step 3,895,984,128] sps=196,169  policy_loss=0.0026  value_loss=0.0460  mi_loss=0.0009  mi_valid=0.70  div_loss=-0.2695  kl_loss=0.0000 (disabled)  score=0.973  return=0.966  role_std=4.4547  role_norm=15.3273  enc_delta ego=0.0002 partner=0.0003 road=0.0003
[ROMA step 3,896,770,560] sps=196,111  policy_loss=0.0019  value_loss=0.0554  mi_loss=0.0009  mi_valid=0.70  div_loss=-0.2676  kl_loss=0.0000 (disabled)  score=0.973  return=0.967  role_std=4.3998  role_norm=15.2791  enc_delta ego=0.0002 partner=0.0002 road=0.0003
[ROMA step 3,897,556,992] sps=196,053  policy_loss=-0.0003  value_loss=0.0573  mi_loss=0.0009  mi_valid=0.71  div_loss=-0.2656  kl_loss=0.0000 (disabled)  score=0.973  return=0.968  role_std=3.9610  role_norm=15.8602  enc_delta ego=0.0002 partner=0.0002 road=0.0004
[ROMA step 3,898,343,424] sps=195,669  policy_loss=-0.0003  value_loss=0.0727  mi_loss=0.0008  mi_valid=0.70  div_loss=-0.2656  kl_loss=0.0000 (disabled)  score=0.973  return=0.968  role_std=3.7269  role_norm=15.5244  enc_delta ego=0.0004 partner=0.0005 road=0.0007
[ROMA step 3,899,129,856] sps=195,609  policy_loss=0.0005  value_loss=0.0528  mi_loss=0.0008  mi_valid=0.72  div_loss=-0.2617  kl_loss=0.0000 (disabled)  score=0.973  return=0.968  role_std=3.8850  role_norm=15.3667  enc_delta ego=0.0004 partner=0.0005 road=0.0005
[ROMA step 3,899,916,288] sps=195,550  policy_loss=0.0012  value_loss=0.0575  mi_loss=0.0008  mi_valid=0.71  div_loss=-0.2656  kl_loss=0.0000 (disabled)  score=0.973  return=0.968  role_std=4.0201  role_norm=15.0855  enc_delta ego=0.0004 partner=0.0004 road=0.0006
[ROMA step 3,900,702,720] sps=195,017  policy_loss=-0.0074  value_loss=0.0483  mi_loss=0.0008  mi_valid=0.70  div_loss=-0.2617  kl_loss=0.0000 (disabled)  score=0.973  return=0.968  role_std=4.4705  role_norm=14.9083  enc_delta ego=0.0003 partner=0.0003 road=0.0004
[ROMA step 3,901,489,152] sps=194,958  policy_loss=0.0107  value_loss=0.0489  mi_loss=0.0008  mi_valid=0.72  div_loss=-0.2617  kl_loss=0.0000 (disabled)  score=0.973  return=0.968  role_std=3.9363  role_norm=15.3973  enc_delta ego=0.0003 partner=0.0003 road=0.0004
[ROMA step 3,902,275,584] sps=194,897  policy_loss=-0.0050  value_loss=0.0463  mi_loss=0.0009  mi_valid=0.72  div_loss=-0.2617  kl_loss=0.0000 (disabled)  score=0.973  return=0.969  role_std=3.8637  role_norm=15.5182  enc_delta ego=0.0003 partner=0.0003 road=0.0004
[ROMA step 3,903,062,016] sps=194,836  policy_loss=-0.0012  value_loss=0.0423  mi_loss=0.0009  mi_valid=0.72  div_loss=-0.2656  kl_loss=0.0000 (disabled)  score=0.973  return=0.969  role_std=4.1525  role_norm=15.3209  enc_delta ego=0.0003 partner=0.0003 road=0.0004
[ROMA step 3,903,848,448] sps=194,368  policy_loss=-0.0049  value_loss=0.0409  mi_loss=0.0008  mi_valid=0.70  div_loss=-0.2676  kl_loss=0.0000 (disabled)  score=0.973  return=0.969  role_std=4.0203  role_norm=15.2366  enc_delta ego=0.0004 partner=0.0003 road=0.0005
[ROMA step 3,904,634,880] sps=194,309  policy_loss=-0.0014  value_loss=0.0421  mi_loss=0.0009  mi_valid=0.72  div_loss=-0.2656  kl_loss=0.0000 (disabled)  score=0.973  return=0.971  role_std=4.1580  role_norm=15.2533  enc_delta ego=0.0002 partner=0.0002 road=0.0003
[ROMA step 3,905,421,312] sps=194,252  policy_loss=0.0029  value_loss=0.0460  mi_loss=0.0008  mi_valid=0.71  div_loss=-0.2637  kl_loss=0.0000 (disabled)  score=0.973  return=0.972  role_std=4.0738  role_norm=15.2566  enc_delta ego=0.0002 partner=0.0003 road=0.0004
[ROMA step 3,906,207,744] sps=193,732  policy_loss=0.0023  value_loss=0.0668  mi_loss=0.0009  mi_valid=0.70  div_loss=-0.2773  kl_loss=0.0000 (disabled)  score=0.974  return=0.973  role_std=4.0261  role_norm=15.7269  enc_delta ego=0.0003 partner=0.0003 road=0.0004
[ROMA step 3,906,994,176] sps=193,675  policy_loss=0.0068  value_loss=0.0764  mi_loss=0.0008  mi_valid=0.71  div_loss=-0.2910  kl_loss=0.0000 (disabled)  score=0.974  return=0.973  role_std=4.3413  role_norm=15.5410  enc_delta ego=0.0002 partner=0.0006 road=0.0006
[ROMA step 3,907,780,608] sps=193,618  policy_loss=0.0045  value_loss=0.0714  mi_loss=0.0008  mi_valid=0.71  div_loss=-0.2910  kl_loss=0.0000 (disabled)  score=0.974  return=0.973  role_std=4.4635  role_norm=15.4060  enc_delta ego=0.0003 partner=0.0004 road=0.0007
[ROMA step 3,908,567,040] sps=193,560  policy_loss=-0.0072  value_loss=0.0593  mi_loss=0.0008  mi_valid=0.71  div_loss=-0.3008  kl_loss=0.0000 (disabled)  score=0.974  return=0.972  role_std=4.6025  role_norm=15.2156  enc_delta ego=0.0004 partner=0.0004 road=0.0007
[ROMA step 3,909,353,472] sps=193,134  policy_loss=0.0009  value_loss=0.0831  mi_loss=0.0008  mi_valid=0.70  div_loss=-0.2910  kl_loss=0.0000 (disabled)  score=0.974  return=0.973  role_std=4.6423  role_norm=14.5044  enc_delta ego=0.0003 partner=0.0003 road=0.0004
[ROMA step 3,910,139,904] sps=193,078  policy_loss=-0.0031  value_loss=0.0504  mi_loss=0.0008  mi_valid=0.72  div_loss=-0.2812  kl_loss=0.0000 (disabled)  score=0.974  return=0.973  role_std=4.2057  role_norm=15.2254  enc_delta ego=0.0002 partner=0.0003 road=0.0005
[ROMA step 3,910,926,336] sps=193,022  policy_loss=-0.0032  value_loss=0.0563  mi_loss=0.0008  mi_valid=0.71  div_loss=-0.2754  kl_loss=0.0000 (disabled)  score=0.973  return=0.973  role_std=4.1373  role_norm=15.4739  enc_delta ego=0.0002 partner=0.0002 road=0.0005
[ROMA step 3,911,712,768] sps=192,676  policy_loss=0.0018  value_loss=0.0475  mi_loss=0.0008  mi_valid=0.70  div_loss=-0.2793  kl_loss=0.0000 (disabled)  score=0.974  return=0.974  role_std=4.1863  role_norm=15.5464  enc_delta ego=0.0002 partner=0.0002 road=0.0003
[ROMA step 3,912,499,200] sps=192,618  policy_loss=0.0036  value_loss=0.0660  mi_loss=0.0009  mi_valid=0.71  div_loss=-0.2734  kl_loss=0.0000 (disabled)  score=0.973  return=0.973  role_std=4.2658  role_norm=15.3870  enc_delta ego=0.0003 partner=0.0003 road=0.0005
[ROMA step 3,913,285,632] sps=192,562  policy_loss=-0.0039  value_loss=0.0573  mi_loss=0.0008  mi_valid=0.71  div_loss=-0.2715  kl_loss=0.0000 (disabled)  score=0.973  return=0.973  role_std=4.3267  role_norm=15.3713  enc_delta ego=0.0002 partner=0.0004 road=0.0004
[ROMA step 3,914,072,064] sps=192,506  policy_loss=-0.0021  value_loss=0.0592  mi_loss=0.0008  mi_valid=0.71  div_loss=-0.2734  kl_loss=0.0000 (disabled)  score=0.973  return=0.973  role_std=4.2115  role_norm=15.1906  enc_delta ego=0.0002 partner=0.0003 road=0.0004
[ROMA step 3,914,858,496] sps=192,076  policy_loss=0.0014  value_loss=0.0792  mi_loss=0.0008  mi_valid=0.70  div_loss=-0.2773  kl_loss=0.0000 (disabled)  score=0.973  return=0.973  role_std=4.1055  role_norm=15.4775  enc_delta ego=0.0003 partner=0.0003 road=0.0005
[ROMA step 3,915,644,928] sps=192,021  policy_loss=-0.0028  value_loss=0.0642  mi_loss=0.0008  mi_valid=0.71  div_loss=-0.2832  kl_loss=0.0000 (disabled)  score=0.973  return=0.972  role_std=4.1018  role_norm=15.5238  enc_delta ego=0.0003 partner=0.0005 road=0.0006
[ROMA step 3,916,431,360] sps=191,966  policy_loss=0.0015  value_loss=0.0697  mi_loss=0.0008  mi_valid=0.71  div_loss=-0.2773  kl_loss=0.0000 (disabled)  score=0.973  return=0.972  role_std=4.2267  role_norm=15.2197  enc_delta ego=0.0002 partner=0.0004 road=0.0004
[ROMA step 3,917,217,792] sps=191,558  policy_loss=-0.0026  value_loss=0.0653  mi_loss=0.0008  mi_valid=0.69  div_loss=-0.2832  kl_loss=0.0000 (disabled)  score=0.973  return=0.972  role_std=5.0600  role_norm=14.5576  enc_delta ego=0.0002 partner=0.0004 road=0.0005
[ROMA step 3,918,004,224] sps=191,504  policy_loss=0.0016  value_loss=0.0404  mi_loss=0.0008  mi_valid=0.71  div_loss=-0.2793  kl_loss=0.0000 (disabled)  score=0.973  return=0.973  role_std=4.4588  role_norm=15.0568  enc_delta ego=0.0002 partner=0.0003 road=0.0003
[ROMA step 3,918,790,656] sps=191,449  policy_loss=0.0046  value_loss=0.0516  mi_loss=0.0008  mi_valid=0.71  div_loss=-0.2773  kl_loss=0.0000 (disabled)  score=0.973  return=0.974  role_std=4.4548  role_norm=15.7700  enc_delta ego=0.0002 partner=0.0003 road=0.0004
[ROMA step 3,919,577,088] sps=191,393  policy_loss=-0.0055  value_loss=0.0453  mi_loss=0.0008  mi_valid=0.70  div_loss=-0.2773  kl_loss=0.0000 (disabled)  score=0.974  return=0.975  role_std=4.2845  role_norm=15.5265  enc_delta ego=0.0002 partner=0.0003 road=0.0003
[ROMA step 3,920,363,520] sps=191,066  policy_loss=0.0034  value_loss=0.0670  mi_loss=0.0008  mi_valid=0.69  div_loss=-0.2793  kl_loss=0.0000 (disabled)  score=0.974  return=0.974  role_std=4.1460  role_norm=15.3694  enc_delta ego=0.0003 partner=0.0002 road=0.0003
[ROMA step 3,921,149,952] sps=191,012  policy_loss=0.0002  value_loss=0.0802  mi_loss=0.0008  mi_valid=0.71  div_loss=-0.2773  kl_loss=0.0000 (disabled)  score=0.974  return=0.973  role_std=4.3675  role_norm=15.1872  enc_delta ego=0.0004 partner=0.0003 road=0.0006
[ROMA step 3,921,936,384] sps=190,958  policy_loss=0.0082  value_loss=0.0745  mi_loss=0.0008  mi_valid=0.71  div_loss=-0.2715  kl_loss=0.0000 (disabled)  score=0.973  return=0.971  role_std=4.6072  role_norm=15.1450  enc_delta ego=0.0002 partner=0.0003 road=0.0004
[ROMA step 3,922,722,816] sps=190,903  policy_loss=0.0048  value_loss=0.0584  mi_loss=0.0008  mi_valid=0.72  div_loss=-0.2695  kl_loss=0.0000 (disabled)  score=0.973  return=0.969  role_std=4.1211  role_norm=15.4681  enc_delta ego=0.0002 partner=0.0003 road=0.0004
[ROMA step 3,923,509,248] sps=190,518  policy_loss=0.0043  value_loss=0.0594  mi_loss=0.0008  mi_valid=0.70  div_loss=-0.2793  kl_loss=0.0000 (disabled)  score=0.973  return=0.968  role_std=4.0255  role_norm=15.3024  enc_delta ego=0.0002 partner=0.0002 road=0.0005
[ROMA step 3,924,295,680] sps=190,462  policy_loss=-0.0003  value_loss=0.0506  mi_loss=0.0009  mi_valid=0.71  div_loss=-0.2754  kl_loss=0.0000 (disabled)  score=0.973  return=0.968  role_std=4.1595  role_norm=15.2227  enc_delta ego=0.0002 partner=0.0002 road=0.0004
[ROMA step 3,925,082,112] sps=190,406  policy_loss=0.0013  value_loss=0.0465  mi_loss=0.0009  mi_valid=0.71  div_loss=-0.2695  kl_loss=0.0000 (disabled)  score=0.973  return=0.967  role_std=4.1830  role_norm=15.2157  enc_delta ego=0.0002 partner=0.0002 road=0.0004
[ROMA step 3,925,868,544] sps=190,030  policy_loss=-0.0042  value_loss=0.0532  mi_loss=0.0009  mi_valid=0.69  div_loss=-0.2754  kl_loss=0.0000 (disabled)  score=0.973  return=0.968  role_std=4.5359  role_norm=15.4768  enc_delta ego=0.0002 partner=0.0002 road=0.0003
[ROMA step 3,926,654,976] sps=189,974  policy_loss=0.0022  value_loss=0.0478  mi_loss=0.0008  mi_valid=0.70  div_loss=-0.2695  kl_loss=0.0000 (disabled)  score=0.973  return=0.969  role_std=4.2294  role_norm=15.7371  enc_delta ego=0.0002 partner=0.0002 road=0.0003
[ROMA step 3,927,441,408] sps=189,920  policy_loss=0.0001  value_loss=0.0588  mi_loss=0.0008  mi_valid=0.70  div_loss=-0.2676  kl_loss=0.0000 (disabled)  score=0.974  return=0.970  role_std=4.0760  role_norm=15.6599  enc_delta ego=0.0003 partner=0.0003 road=0.0005
[ROMA step 3,928,227,840] sps=189,865  policy_loss=-0.0014  value_loss=0.0471  mi_loss=0.0008  mi_valid=0.70  div_loss=-0.2637  kl_loss=0.0000 (disabled)  score=0.974  return=0.971  role_std=4.1713  role_norm=15.7907  enc_delta ego=0.0002 partner=0.0002 road=0.0003
[ROMA step 3,929,014,272] sps=189,519  policy_loss=0.0003  value_loss=0.0575  mi_loss=0.0008  mi_valid=0.69  div_loss=-0.2656  kl_loss=0.0000 (disabled)  score=0.974  return=0.970  role_std=4.0989  role_norm=15.5474  enc_delta ego=0.0002 partner=0.0003 road=0.0003
[ROMA step 3,929,800,704] sps=189,465  policy_loss=0.0010  value_loss=0.0498  mi_loss=0.0008  mi_valid=0.70  div_loss=-0.2598  kl_loss=0.0000 (disabled)  score=0.974  return=0.970  role_std=4.1672  role_norm=15.4437  enc_delta ego=0.0002 partner=0.0003 road=0.0004
[ROMA step 3,930,587,136] sps=189,411  policy_loss=-0.0028  value_loss=0.0330  mi_loss=0.0008  mi_valid=0.71  div_loss=-0.2559  kl_loss=0.0000 (disabled)  score=0.975  return=0.970  role_std=4.2599  role_norm=15.5796  enc_delta ego=0.0002 partner=0.0002 road=0.0004
[ROMA step 3,931,373,568] sps=189,036  policy_loss=-0.0049  value_loss=0.0600  mi_loss=0.0008  mi_valid=0.70  div_loss=-0.2656  kl_loss=0.0000 (disabled)  score=0.975  return=0.970  role_std=3.9331  role_norm=15.7208  enc_delta ego=0.0002 partner=0.0002 road=0.0002
[ROMA step 3,932,160,000] sps=188,982  policy_loss=0.0003  value_loss=0.0645  mi_loss=0.0008  mi_valid=0.71  div_loss=-0.2676  kl_loss=0.0000 (disabled)  score=0.975  return=0.971  role_std=4.0985  role_norm=15.6170  enc_delta ego=0.0002 partner=0.0003 road=0.0004
[ROMA step 3,932,946,432] sps=188,928  policy_loss=-0.0011  value_loss=0.0449  mi_loss=0.0008  mi_valid=0.71  div_loss=-0.2695  kl_loss=0.0000 (disabled)  score=0.975  return=0.971  role_std=4.0261  role_norm=15.4336  enc_delta ego=0.0002 partner=0.0002 road=0.0004
[ROMA step 3,933,732,864] sps=188,875  policy_loss=0.0010  value_loss=0.0631  mi_loss=0.0008  mi_valid=0.71  div_loss=-0.2695  kl_loss=0.0000 (disabled)  score=0.975  return=0.972  role_std=4.2221  role_norm=15.3170  enc_delta ego=0.0002 partner=0.0002 road=0.0004
[ROMA step 3,934,519,296] sps=188,526  policy_loss=0.0046  value_loss=0.0588  mi_loss=0.0008  mi_valid=0.70  div_loss=-0.2715  kl_loss=0.0000 (disabled)  score=0.975  return=0.972  role_std=4.2673  role_norm=15.0383  enc_delta ego=0.0002 partner=0.0002 road=0.0004
[ROMA step 3,935,305,728] sps=188,474  policy_loss=0.0004  value_loss=0.0586  mi_loss=0.0008  mi_valid=0.71  div_loss=-0.2695  kl_loss=0.0000 (disabled)  score=0.975  return=0.971  role_std=4.0436  role_norm=15.6036  enc_delta ego=0.0002 partner=0.0002 road=0.0003
[ROMA step 3,936,092,160] sps=188,421  policy_loss=0.0078  value_loss=0.0593  mi_loss=0.0008  mi_valid=0.71  div_loss=-0.2715  kl_loss=0.0000 (disabled)  score=0.975  return=0.971  role_std=4.1189  role_norm=15.6272  enc_delta ego=0.0002 partner=0.0002 road=0.0004
[ROMA step 3,936,878,592] sps=188,011  policy_loss=0.0045  value_loss=0.0618  mi_loss=0.0008  mi_valid=0.70  div_loss=-0.2754  kl_loss=0.0000 (disabled)  score=0.975  return=0.970  role_std=3.9527  role_norm=15.7624  enc_delta ego=0.0002 partner=0.0002 road=0.0004
[ROMA step 3,937,665,024] sps=187,957  policy_loss=-0.0017  value_loss=0.0498  mi_loss=0.0009  mi_valid=0.72  div_loss=-0.2754  kl_loss=0.0000 (disabled)  score=0.975  return=0.969  role_std=4.1955  role_norm=15.1464  enc_delta ego=0.0002 partner=0.0002 road=0.0003
[ROMA step 3,938,451,456] sps=187,905  policy_loss=0.0014  value_loss=0.0512  mi_loss=0.0009  mi_valid=0.72  div_loss=-0.2812  kl_loss=0.0000 (disabled)  score=0.974  return=0.967  role_std=4.3693  role_norm=15.0924  enc_delta ego=0.0001 partner=0.0002 road=0.0004
[ROMA step 3,939,237,888] sps=187,854  policy_loss=-0.0033  value_loss=0.0467  mi_loss=0.0009  mi_valid=0.72  div_loss=-0.2852  kl_loss=0.0000 (disabled)  score=0.974  return=0.966  role_std=4.3966  role_norm=14.8290  enc_delta ego=0.0002 partner=0.0003 road=0.0004
[ROMA step 3,940,024,320] sps=187,478  policy_loss=0.0032  value_loss=0.0554  mi_loss=0.0008  mi_valid=0.71  div_loss=-0.2891  kl_loss=0.0000 (disabled)  score=0.974  return=0.966  role_std=4.0446  role_norm=15.8705  enc_delta ego=0.0002 partner=0.0002 road=0.0003
[ROMA step 3,940,810,752] sps=187,422  policy_loss=0.0055  value_loss=0.0435  mi_loss=0.0008  mi_valid=0.71  div_loss=-0.2754  kl_loss=0.0000 (disabled)  score=0.974  return=0.969  role_std=4.2032  role_norm=15.7200  enc_delta ego=0.0001 partner=0.0002 road=0.0003
[ROMA step 3,941,597,184] sps=187,367  policy_loss=-0.0091  value_loss=0.0395  mi_loss=0.0008  mi_valid=0.71  div_loss=-0.2734  kl_loss=0.0000 (disabled)  score=0.973  return=0.971  role_std=4.3110  role_norm=15.5762  enc_delta ego=0.0001 partner=0.0001 road=0.0002
[ROMA step 3,942,383,616] sps=186,986  policy_loss=0.0020  value_loss=0.0446  mi_loss=0.0008  mi_valid=0.69  div_loss=-0.2715  kl_loss=0.0000 (disabled)  score=0.974  return=0.973  role_std=4.7704  role_norm=14.6445  enc_delta ego=0.0001 partner=0.0001 road=0.0002
[ROMA step 3,943,170,048] sps=186,933  policy_loss=0.0071  value_loss=0.0442  mi_loss=0.0008  mi_valid=0.72  div_loss=-0.2715  kl_loss=0.0000 (disabled)  score=0.974  return=0.973  role_std=4.4254  role_norm=15.0993  enc_delta ego=0.0001 partner=0.0002 road=0.0002
[ROMA step 3,943,956,480] sps=186,881  policy_loss=-0.0005  value_loss=0.0367  mi_loss=0.0008  mi_valid=0.72  div_loss=-0.2715  kl_loss=0.0000 (disabled)  score=0.974  return=0.974  role_std=4.1310  role_norm=15.4983  enc_delta ego=0.0001 partner=0.0001 road=0.0002
[ROMA step 3,944,742,912] sps=186,829  policy_loss=-0.0003  value_loss=0.0407  mi_loss=0.0008  mi_valid=0.72  div_loss=-0.2715  kl_loss=0.0000 (disabled)  score=0.974  return=0.974  role_std=4.1204  role_norm=15.7009  enc_delta ego=0.0001 partner=0.0002 road=0.0002
[ROMA step 3,945,529,344] sps=186,530  policy_loss=0.0007  value_loss=0.0740  mi_loss=0.0008  mi_valid=0.71  div_loss=-0.2852  kl_loss=0.0000 (disabled)  score=0.974  return=0.973  role_std=4.4056  role_norm=15.0335  enc_delta ego=0.0002 partner=0.0002 road=0.0003
[ROMA step 3,946,315,776] sps=186,470  policy_loss=0.0021  value_loss=0.0871  mi_loss=0.0008  mi_valid=0.72  div_loss=-0.2988  kl_loss=0.0000 (disabled)  score=0.973  return=0.972  role_std=4.3897  role_norm=14.8506  enc_delta ego=0.0002 partner=0.0003 road=0.0006
[ROMA step 3,947,102,208] sps=186,419  policy_loss=0.0014  value_loss=0.0672  mi_loss=0.0008  mi_valid=0.72  div_loss=-0.3027  kl_loss=0.0000 (disabled)  score=0.972  return=0.971  role_std=4.6901  role_norm=14.4458  enc_delta ego=0.0001 partner=0.0003 road=0.0003
[ROMA step 3,947,888,640] sps=186,368  policy_loss=-0.0024  value_loss=0.0794  mi_loss=0.0008  mi_valid=0.73  div_loss=-0.3047  kl_loss=0.0000 (disabled)  score=0.971  return=0.969  role_std=4.2632  role_norm=15.0667  enc_delta ego=0.0001 partner=0.0003 road=0.0003
[ROMA step 3,948,675,072] sps=186,008  policy_loss=-0.0083  value_loss=0.0766  mi_loss=0.0008  mi_valid=0.71  div_loss=-0.2949  kl_loss=0.0000 (disabled)  score=0.971  return=0.967  role_std=4.2344  role_norm=15.4896  enc_delta ego=0.0003 partner=0.0004 road=0.0005
[ROMA step 3,949,461,504] sps=185,957  policy_loss=-0.0023  value_loss=0.0617  mi_loss=0.0008  mi_valid=0.72  div_loss=-0.2871  kl_loss=0.0000 (disabled)  score=0.970  return=0.967  role_std=4.3019  role_norm=15.2159  enc_delta ego=0.0002 partner=0.0002 road=0.0004
[ROMA step 3,950,247,936] sps=185,906  policy_loss=0.0011  value_loss=0.0497  mi_loss=0.0008  mi_valid=0.72  div_loss=-0.2832  kl_loss=0.0000 (disabled)  score=0.970  return=0.965  role_std=4.2826  role_norm=15.0474  enc_delta ego=0.0002 partner=0.0002 road=0.0002
[ROMA step 3,951,034,368] sps=185,608  policy_loss=-0.0011  value_loss=0.0626  mi_loss=0.0008  mi_valid=0.70  div_loss=-0.2793  kl_loss=0.0000 (disabled)  score=0.970  return=0.965  role_std=4.5368  role_norm=14.8211  enc_delta ego=0.0002 partner=0.0002 road=0.0003
[ROMA step 3,951,820,800] sps=185,558  policy_loss=0.0023  value_loss=0.0452  mi_loss=0.0008  mi_valid=0.72  div_loss=-0.2656  kl_loss=0.0000 (disabled)  score=0.969  return=0.964  role_std=4.1189  role_norm=15.2995  enc_delta ego=0.0002 partner=0.0002 road=0.0003
[ROMA step 3,952,607,232] sps=185,506  policy_loss=0.0030  value_loss=0.0581  mi_loss=0.0009  mi_valid=0.72  div_loss=-0.2637  kl_loss=0.0000 (disabled)  score=0.969  return=0.965  role_std=3.9982  role_norm=15.5635  enc_delta ego=0.0001 partner=0.0002 road=0.0003
[ROMA step 3,953,393,664] sps=185,453  policy_loss=0.0058  value_loss=0.0522  mi_loss=0.0009  mi_valid=0.71  div_loss=-0.2637  kl_loss=0.0000 (disabled)  score=0.969  return=0.964  role_std=3.9787  role_norm=15.2312  enc_delta ego=0.0001 partner=0.0002 road=0.0003
[ROMA step 3,954,180,096] sps=185,177  policy_loss=0.0026  value_loss=0.0658  mi_loss=0.0008  mi_valid=0.70  div_loss=-0.2754  kl_loss=0.0000 (disabled)  score=0.969  return=0.965  role_std=4.0325  role_norm=15.2776  enc_delta ego=0.0001 partner=0.0002 road=0.0003
[ROMA step 3,954,966,528] sps=185,127  policy_loss=0.0008  value_loss=0.0551  mi_loss=0.0008  mi_valid=0.71  div_loss=-0.2637  kl_loss=0.0000 (disabled)  score=0.970  return=0.966  role_std=4.2036  role_norm=15.2412  enc_delta ego=0.0001 partner=0.0002 road=0.0003
[ROMA step 3,955,752,960] sps=185,076  policy_loss=-0.0018  value_loss=0.0418  mi_loss=0.0008  mi_valid=0.72  div_loss=-0.2598  kl_loss=0.0000 (disabled)  score=0.970  return=0.967  role_std=4.1076  role_norm=15.1643  enc_delta ego=0.0001 partner=0.0001 road=0.0002
[ROMA step 3,956,539,392] sps=184,752  policy_loss=-0.0010  value_loss=0.0517  mi_loss=0.0008  mi_valid=0.70  div_loss=-0.2637  kl_loss=0.0000 (disabled)  score=0.970  return=0.968  role_std=3.9115  role_norm=15.7597  enc_delta ego=0.0001 partner=0.0001 road=0.0002
[ROMA step 3,957,325,824] sps=184,697  policy_loss=-0.0009  value_loss=0.0406  mi_loss=0.0009  mi_valid=0.71  div_loss=-0.2637  kl_loss=0.0000 (disabled)  score=0.970  return=0.969  role_std=3.9262  role_norm=15.8020  enc_delta ego=0.0002 partner=0.0001 road=0.0002
[ROMA step 3,958,112,256] sps=184,646  policy_loss=-0.0040  value_loss=0.0404  mi_loss=0.0009  mi_valid=0.71  div_loss=-0.2617  kl_loss=0.0000 (disabled)  score=0.970  return=0.969  role_std=4.0843  role_norm=15.7342  enc_delta ego=0.0002 partner=0.0001 road=0.0003
[ROMA step 3,958,898,688] sps=184,595  policy_loss=0.0029  value_loss=0.0463  mi_loss=0.0009  mi_valid=0.71  div_loss=-0.2656  kl_loss=0.0000 (disabled)  score=0.971  return=0.970  role_std=4.1699  role_norm=15.6176  enc_delta ego=0.0001 partner=0.0001 road=0.0002
[ROMA step 3,959,685,120] sps=184,318  policy_loss=0.0086  value_loss=0.0598  mi_loss=0.0009  mi_valid=0.70  div_loss=-0.2637  kl_loss=0.0000 (disabled)  score=0.971  return=0.970  role_std=4.1931  role_norm=15.1675  enc_delta ego=0.0001 partner=0.0001 road=0.0002
[ROMA step 3,960,471,552] sps=184,269  policy_loss=0.0009  value_loss=0.0383  mi_loss=0.0009  mi_valid=0.72  div_loss=-0.2578  kl_loss=0.0000 (disabled)  score=0.971  return=0.970  role_std=3.8155  role_norm=15.6391  enc_delta ego=0.0001 partner=0.0001 road=0.0002
[ROMA step 3,961,257,984] sps=184,219  policy_loss=-0.0011  value_loss=0.0585  mi_loss=0.0009  mi_valid=0.72  div_loss=-0.2617  kl_loss=0.0000 (disabled)  score=0.971  return=0.969  role_std=3.9702  role_norm=15.6551  enc_delta ego=0.0001 partner=0.0001 road=0.0002
[ROMA step 3,962,044,416] sps=183,795  policy_loss=-0.0024  value_loss=0.0585  mi_loss=0.0009  mi_valid=0.71  div_loss=-0.2637  kl_loss=0.0000 (disabled)  score=0.971  return=0.969  role_std=3.8502  role_norm=16.0239  enc_delta ego=0.0001 partner=0.0001 road=0.0002
[ROMA step 3,962,830,848] sps=183,747  policy_loss=0.0014  value_loss=0.0360  mi_loss=0.0008  mi_valid=0.71  div_loss=-0.2598  kl_loss=0.0000 (disabled)  score=0.971  return=0.969  role_std=4.0294  role_norm=15.4369  enc_delta ego=0.0001 partner=0.0001 road=0.0001
[ROMA step 3,963,617,280] sps=183,699  policy_loss=0.0001  value_loss=0.0352  mi_loss=0.0008  mi_valid=0.72  div_loss=-0.2598  kl_loss=0.0000 (disabled)  score=0.971  return=0.969  role_std=4.1311  role_norm=15.2876  enc_delta ego=0.0001 partner=0.0001 road=0.0001
[ROMA step 3,964,403,712] sps=183,650  policy_loss=0.0008  value_loss=0.0445  mi_loss=0.0008  mi_valid=0.72  div_loss=-0.2656  kl_loss=0.0000 (disabled)  score=0.971  return=0.969  role_std=4.1249  role_norm=15.0299  enc_delta ego=0.0001 partner=0.0001 road=0.0002
[ROMA step 3,965,190,144] sps=183,367  policy_loss=-0.0021  value_loss=0.0611  mi_loss=0.0008  mi_valid=0.71  div_loss=-0.2715  kl_loss=0.0000 (disabled)  score=0.971  return=0.969  role_std=3.7708  role_norm=15.3610  enc_delta ego=0.0001 partner=0.0002 road=0.0002
[ROMA step 3,965,976,576] sps=183,318  policy_loss=0.0038  value_loss=0.0524  mi_loss=0.0008  mi_valid=0.72  div_loss=-0.2676  kl_loss=0.0000 (disabled)  score=0.972  return=0.970  role_std=4.1135  role_norm=15.3226  enc_delta ego=0.0001 partner=0.0002 road=0.0002
[ROMA step 3,966,763,008] sps=183,270  policy_loss=0.0073  value_loss=0.0589  mi_loss=0.0008  mi_valid=0.72  div_loss=-0.2715  kl_loss=0.0000 (disabled)  score=0.972  return=0.971  role_std=4.1272  role_norm=14.9657  enc_delta ego=0.0001 partner=0.0002 road=0.0002
[ROMA step 3,967,549,440] sps=183,008  policy_loss=0.0023  value_loss=0.0479  mi_loss=0.0008  mi_valid=0.70  div_loss=-0.2773  kl_loss=0.0000 (disabled)  score=0.974  return=0.974  role_std=4.5451  role_norm=14.3167  enc_delta ego=0.0001 partner=0.0001 road=0.0002
[ROMA step 3,968,335,872] sps=182,961  policy_loss=0.0056  value_loss=0.0529  mi_loss=0.0009  mi_valid=0.72  div_loss=-0.2734  kl_loss=0.0000 (disabled)  score=0.974  return=0.974  role_std=4.2431  role_norm=14.7796  enc_delta ego=0.0001 partner=0.0001 road=0.0002
[ROMA step 3,969,122,304] sps=182,913  policy_loss=0.0021  value_loss=0.0491  mi_loss=0.0009  mi_valid=0.72  div_loss=-0.2715  kl_loss=0.0000 (disabled)  score=0.974  return=0.975  role_std=3.9770  role_norm=15.4034  enc_delta ego=0.0001 partner=0.0001 road=0.0001
[ROMA step 3,969,908,736] sps=182,866  policy_loss=-0.0030  value_loss=0.0620  mi_loss=0.0009  mi_valid=0.72  div_loss=-0.2754  kl_loss=0.0000 (disabled)  score=0.974  return=0.976  role_std=4.1914  role_norm=15.4595  enc_delta ego=0.0001 partner=0.0001 road=0.0001
[ROMA step 3,970,695,168] sps=182,517  policy_loss=-0.0059  value_loss=0.0584  mi_loss=0.0009  mi_valid=0.70  div_loss=-0.2773  kl_loss=0.0000 (disabled)  score=0.974  return=0.977  role_std=4.2440  role_norm=15.5143  enc_delta ego=0.0001 partner=0.0001 road=0.0002
[ROMA step 3,971,481,600] sps=182,470  policy_loss=-0.0004  value_loss=0.0610  mi_loss=0.0009  mi_valid=0.71  div_loss=-0.2734  kl_loss=0.0000 (disabled)  score=0.974  return=0.976  role_std=4.3304  role_norm=15.4210  enc_delta ego=0.0002 partner=0.0001 road=0.0003
[ROMA step 3,972,268,032] sps=182,422  policy_loss=0.0017  value_loss=0.0540  mi_loss=0.0009  mi_valid=0.72  div_loss=-0.2715  kl_loss=0.0000 (disabled)  score=0.974  return=0.976  role_std=4.4598  role_norm=15.1711  enc_delta ego=0.0001 partner=0.0001 road=0.0002
[ROMA step 3,973,054,464] sps=182,375  policy_loss=-0.0034  value_loss=0.0595  mi_loss=0.0009  mi_valid=0.72  div_loss=-0.2754  kl_loss=0.0000 (disabled)  score=0.974  return=0.976  role_std=4.3871  role_norm=15.1126  enc_delta ego=0.0001 partner=0.0002 road=0.0002
[ROMA step 3,973,840,896] sps=182,025  policy_loss=-0.0094  value_loss=0.0554  mi_loss=0.0008  mi_valid=0.70  div_loss=-0.2715  kl_loss=0.0000 (disabled)  score=0.974  return=0.976  role_std=3.9428  role_norm=15.5923  enc_delta ego=0.0001 partner=0.0002 road=0.0003
[ROMA step 3,974,627,328] sps=181,978  policy_loss=-0.0072  value_loss=0.0500  mi_loss=0.0008  mi_valid=0.71  div_loss=-0.2637  kl_loss=0.0000 (disabled)  score=0.973  return=0.976  role_std=3.9956  role_norm=15.5271  enc_delta ego=0.0001 partner=0.0001 road=0.0003
[ROMA step 3,975,413,760] sps=181,927  policy_loss=-0.0020  value_loss=0.0471  mi_loss=0.0009  mi_valid=0.71  div_loss=-0.2637  kl_loss=0.0000 (disabled)  score=0.973  return=0.976  role_std=4.2099  role_norm=15.3889  enc_delta ego=0.0001 partner=0.0001 road=0.0002
[ROMA step 3,976,200,192] sps=181,435  policy_loss=0.0030  value_loss=0.0589  mi_loss=0.0009  mi_valid=0.70  div_loss=-0.2656  kl_loss=0.0000 (disabled)  score=0.973  return=0.975  role_std=4.3041  role_norm=15.3956  enc_delta ego=0.0001 partner=0.0001 road=0.0001
[ROMA step 3,976,986,624] sps=181,386  policy_loss=0.0041  value_loss=0.0554  mi_loss=0.0008  mi_valid=0.72  div_loss=-0.2598  kl_loss=0.0000 (disabled)  score=0.973  return=0.975  role_std=4.0881  role_norm=15.2260  enc_delta ego=0.0001 partner=0.0001 road=0.0002
[ROMA step 3,977,773,056] sps=181,335  policy_loss=-0.0027  value_loss=0.0454  mi_loss=0.0008  mi_valid=0.72  div_loss=-0.2617  kl_loss=0.0000 (disabled)  score=0.973  return=0.976  role_std=3.9558  role_norm=15.5489  enc_delta ego=0.0001 partner=0.0001 road=0.0001
[ROMA step 3,978,559,488] sps=181,285  policy_loss=-0.0019  value_loss=0.0368  mi_loss=0.0008  mi_valid=0.71  div_loss=-0.2598  kl_loss=0.0000 (disabled)  score=0.974  return=0.977  role_std=4.0972  role_norm=15.5857  enc_delta ego=0.0001 partner=0.0001 road=0.0001
[ROMA step 3,979,345,920] sps=180,965  policy_loss=-0.0031  value_loss=0.0720  mi_loss=0.0008  mi_valid=0.70  div_loss=-0.2676  kl_loss=0.0000 (disabled)  score=0.974  return=0.977  role_std=4.1133  role_norm=15.7675  enc_delta ego=0.0001 partner=0.0002 road=0.0002
[ROMA step 3,980,132,352] sps=180,920  policy_loss=-0.0034  value_loss=0.0508  mi_loss=0.0008  mi_valid=0.72  div_loss=-0.2637  kl_loss=0.0000 (disabled)  score=0.974  return=0.976  role_std=4.1568  role_norm=15.3428  enc_delta ego=0.0001 partner=0.0001 road=0.0002
[ROMA step 3,980,918,784] sps=180,874  policy_loss=-0.0054  value_loss=0.0522  mi_loss=0.0009  mi_valid=0.71  div_loss=-0.2637  kl_loss=0.0000 (disabled)  score=0.973  return=0.974  role_std=4.3536  role_norm=15.2072  enc_delta ego=0.0001 partner=0.0001 road=0.0001
[ROMA step 3,981,705,216] sps=180,501  policy_loss=-0.0006  value_loss=0.0785  mi_loss=0.0009  mi_valid=0.70  div_loss=-0.2734  kl_loss=0.0000 (disabled)  score=0.973  return=0.974  role_std=4.0649  role_norm=15.7423  enc_delta ego=0.0001 partner=0.0001 road=0.0001
[ROMA step 3,982,491,648] sps=180,454  policy_loss=-0.0002  value_loss=0.0841  mi_loss=0.0009  mi_valid=0.71  div_loss=-0.2832  kl_loss=0.0000 (disabled)  score=0.974  return=0.973  role_std=4.2318  role_norm=15.6706  enc_delta ego=0.0001 partner=0.0001 road=0.0001
[ROMA step 3,983,278,080] sps=180,408  policy_loss=0.0027  value_loss=0.0654  mi_loss=0.0008  mi_valid=0.71  div_loss=-0.2812  kl_loss=0.0000 (disabled)  score=0.973  return=0.972  role_std=4.1172  role_norm=15.5218  enc_delta ego=0.0001 partner=0.0001 road=0.0001
[ROMA step 3,984,064,512] sps=180,362  policy_loss=0.0010  value_loss=0.0830  mi_loss=0.0009  mi_valid=0.71  div_loss=-0.2871  kl_loss=0.0000 (disabled)  score=0.973  return=0.971  role_std=4.2364  role_norm=15.3325  enc_delta ego=0.0001 partner=0.0001 road=0.0001
[ROMA step 3,984,850,944] sps=179,949  policy_loss=-0.0051  value_loss=0.0469  mi_loss=0.0008  mi_valid=0.69  div_loss=-0.2852  kl_loss=0.0000 (disabled)  score=0.973  return=0.970  role_std=4.7110  role_norm=15.1060  enc_delta ego=0.0001 partner=0.0001 road=0.0001
[ROMA step 3,985,637,376] sps=179,904  policy_loss=-0.0028  value_loss=0.0406  mi_loss=0.0008  mi_valid=0.71  div_loss=-0.2793  kl_loss=0.0000 (disabled)  score=0.973  return=0.969  role_std=4.1120  role_norm=15.6036  enc_delta ego=0.0001 partner=0.0001 road=0.0001
[ROMA step 3,986,423,808] sps=179,858  policy_loss=0.0019  value_loss=0.0506  mi_loss=0.0008  mi_valid=0.71  div_loss=-0.2793  kl_loss=0.0000 (disabled)  score=0.973  return=0.969  role_std=4.2254  role_norm=15.8013  enc_delta ego=0.0001 partner=0.0001 road=0.0001
[ROMA step 3,987,210,240] sps=179,498  policy_loss=0.0039  value_loss=0.0707  mi_loss=0.0008  mi_valid=0.70  div_loss=-0.2871  kl_loss=0.0000 (disabled)  score=0.973  return=0.969  role_std=3.8565  role_norm=15.7774  enc_delta ego=0.0001 partner=0.0001 road=0.0001
[ROMA step 3,987,996,672] sps=179,452  policy_loss=0.0016  value_loss=0.0524  mi_loss=0.0009  mi_valid=0.71  div_loss=-0.2734  kl_loss=0.0000 (disabled)  score=0.973  return=0.968  role_std=4.1270  role_norm=15.4023  enc_delta ego=0.0001 partner=0.0001 road=0.0001
[ROMA step 3,988,783,104] sps=179,406  policy_loss=-0.0040  value_loss=0.0488  mi_loss=0.0008  mi_valid=0.71  div_loss=-0.2754  kl_loss=0.0000 (disabled)  score=0.973  return=0.968  role_std=4.3877  role_norm=15.1554  enc_delta ego=0.0000 partner=0.0001 road=0.0001
[ROMA step 3,989,569,536] sps=179,361  policy_loss=0.0018  value_loss=0.0618  mi_loss=0.0009  mi_valid=0.71  div_loss=-0.2695  kl_loss=0.0000 (disabled)  score=0.973  return=0.967  role_std=4.4149  role_norm=15.1222  enc_delta ego=0.0000 partner=0.0000 road=0.0001
[ROMA step 3,990,355,968] sps=179,039  policy_loss=0.0037  value_loss=0.0807  mi_loss=0.0009  mi_valid=0.70  div_loss=-0.2754  kl_loss=0.0000 (disabled)  score=0.973  return=0.968  role_std=3.9098  role_norm=15.6712  enc_delta ego=0.0001 partner=0.0000 road=0.0001
[ROMA step 3,991,142,400] sps=178,992  policy_loss=-0.0021  value_loss=0.0651  mi_loss=0.0009  mi_valid=0.71  div_loss=-0.2734  kl_loss=0.0000 (disabled)  score=0.973  return=0.967  role_std=4.1358  role_norm=15.3729  enc_delta ego=0.0001 partner=0.0001 road=0.0001
[ROMA step 3,991,928,832] sps=178,947  policy_loss=0.0055  value_loss=0.0563  mi_loss=0.0009  mi_valid=0.72  div_loss=-0.2715  kl_loss=0.0000 (disabled)  score=0.973  return=0.967  role_std=3.9574  role_norm=15.3593  enc_delta ego=0.0000 partner=0.0001 road=0.0001
[ROMA step 3,992,715,264] sps=178,680  policy_loss=0.0105  value_loss=0.0849  mi_loss=0.0009  mi_valid=0.70  div_loss=-0.2812  kl_loss=0.0000 (disabled)  score=0.974  return=0.968  role_std=4.5136  role_norm=14.2194  enc_delta ego=0.0001 partner=0.0000 road=0.0001
[ROMA step 3,993,501,696] sps=178,633  policy_loss=-0.0049  value_loss=0.0674  mi_loss=0.0008  mi_valid=0.72  div_loss=-0.2812  kl_loss=0.0000 (disabled)  score=0.974  return=0.967  role_std=4.5848  role_norm=14.6199  enc_delta ego=0.0000 partner=0.0001 road=0.0001
[ROMA step 3,994,288,128] sps=178,585  policy_loss=-0.0004  value_loss=0.0765  mi_loss=0.0008  mi_valid=0.73  div_loss=-0.2852  kl_loss=0.0000 (disabled)  score=0.973  return=0.966  role_std=4.0117  role_norm=15.3334  enc_delta ego=0.0000 partner=0.0000 road=0.0001
[ROMA step 3,995,074,560] sps=178,539  policy_loss=-0.0040  value_loss=0.0695  mi_loss=0.0008  mi_valid=0.72  div_loss=-0.2871  kl_loss=0.0000 (disabled)  score=0.973  return=0.964  role_std=4.2126  role_norm=15.0389  enc_delta ego=0.0000 partner=0.0000 road=0.0001
[ROMA step 3,995,860,992] sps=178,233  policy_loss=0.0022  value_loss=0.0813  mi_loss=0.0009  mi_valid=0.70  div_loss=-0.2969  kl_loss=0.0000 (disabled)  score=0.973  return=0.963  role_std=4.4291  role_norm=15.2845  enc_delta ego=0.0000 partner=0.0000 road=0.0000
[ROMA step 3,996,647,424] sps=178,186  policy_loss=-0.0015  value_loss=0.0606  mi_loss=0.0008  mi_valid=0.71  div_loss=-0.2852  kl_loss=0.0000 (disabled)  score=0.973  return=0.962  role_std=4.3711  role_norm=15.2602  enc_delta ego=0.0000 partner=0.0000 road=0.0000
[ROMA step 3,997,433,856] sps=178,141  policy_loss=0.0008  value_loss=0.0746  mi_loss=0.0008  mi_valid=0.71  div_loss=-0.2852  kl_loss=0.0000 (disabled)  score=0.973  return=0.960  role_std=4.6182  role_norm=14.9562  enc_delta ego=0.0000 partner=0.0000 road=0.0000
[ROMA step 3,998,220,288] sps=178,094  policy_loss=0.0052  value_loss=0.0585  mi_loss=0.0008  mi_valid=0.72  div_loss=-0.2852  kl_loss=0.0000 (disabled)  score=0.973  return=0.958  role_std=4.5754  role_norm=14.9183  enc_delta ego=0.0000 partner=0.0000 road=0.0000
[ROMA step 3,999,006,720] sps=177,791  policy_loss=-0.0008  value_loss=0.0458  mi_loss=0.0008  mi_valid=0.72  div_loss=-0.2754  kl_loss=0.0000 (disabled)  score=0.972  return=0.958  role_std=4.0503  role_norm=15.5231  enc_delta ego=0.0000 partner=0.0000 road=0.0000
[ROMA step 3,999,793,152] sps=177,744  policy_loss=-0.0051  value_loss=0.0439  mi_loss=0.0008  mi_valid=0.72  div_loss=-0.2695  kl_loss=0.0000 (disabled)  score=0.972  return=0.958  role_std=4.1025  role_norm=15.2353  enc_delta ego=0.0000 partner=0.0000 road=0.0000
[ROMA step 4,000,579,584] sps=177,698  policy_loss=-0.0035  value_loss=0.0405  mi_loss=0.0008  mi_valid=0.72  div_loss=-0.2734  kl_loss=0.0000 (disabled)  score=0.972  return=0.958  role_std=4.1034  role_norm=14.9965  enc_delta ego=0.0000 partner=0.0000 road=0.0000
[ROMA] Saved -> /scratch/e452103/checkpoints/roma_mifutagent_dim1_H8_r16p64_ft_paperrew_pc_nodiv/roma_dim1_step4000579584.pt
[ROMA] Training complete. Saved -> /scratch/e452103/checkpoints/roma_mifutagent_dim1_H8_r16p64_ft_paperrew_pc_nodiv/roma_dim1_final.pt
[mifut] done -> /scratch/e452103/checkpoints/roma_mifutagent_dim1_H8_r16p64_ft_paperrew_pc_nodiv
