[mifut] FINE-TUNE seed: /scratch/e452103/checkpoints/roma_mifutagent_dim1_H8_r16p64_ep_nodiv/roma_dim1_step3000238080.pt (step 3000238080 -> 3500238080)
[mifut] role_dim=1  H=8  maps=10000  total_steps=3500238080
[mifut] role view: road=16 partner=64  mi_target=ego_partner
[mifut] FiLM conditioning: off
[mifut] compliance=2.5 perturb_frac=0.15 alpha=2.0
[mifut] compliance_perturbed_only=1 mi_exclude_perturbed=1
[mifut] freeze_role_encoder=1 init_from=/scratch/e452103/checkpoints/roma_mifutagent_dim1_H8_r16p64_ep_nodiv/roma_dim1_step3000238080.pt
[mifut] div_weight=0  mi_weight=1.0  wandb_name=roma_mifutagent_dim1_ft_comply25_nodiv
[mifut] code=/home/e452103/roma_film  save=/scratch/e452103/checkpoints/roma_mifutagent_dim1_H8_r16p64_ft_comply25_nodiv
[mifut] branch=mi-future-agentcentric-film commit=8c58edc
[ROMA] Device        : cuda
[ROMA] AMP (bf16)    : enabled
[ROMA] role_dim      : 1
[ROMA] num_maps      : 10000
[ROMA] num_agents    : 3072
[ROMA] total_steps   : 3,500,238,080
[ROMA] mi_weight     : 1.0
[ROMA] div_weight    : 0.0
[ROMA] mi_target     : ego_partner
[ROMA] role view     : road=16 partner=64 (policy GRU always sees the full 128)
[ROMA] mi_horizon    : 8 (future MI: z_t predicts emb t+1..t+8)
[ROMA] wandb initialized: https://wandb.ai/s-rahmani-tu-delft/roma-pufferdrive/runs/58mj0kx8
[ROMA] obs_dim       : 1121 (auto-detected)
[ROMA] FROZEN role encoder + MI decoder (37,682 params). Scene ICC is pinned at the resumed checkpoint's value and the compliance target cannot move to meet the policy.
[ROMA] Resumed policy + aux critics from /scratch/e452103/checkpoints/roma_mifutagent_dim1_H8_r16p64_ep_nodiv/roma_dim1_step3000238080.pt @ step 3,000,238,080 (fresh Adam)
[ROMA] CSV log       : /scratch/e452103/checkpoints/roma_mifutagent_dim1_H8_r16p64_ft_comply25_nodiv/training_log.csv
[ROMA] Training for 3,500,238,080 steps ...
[ROMA step 3,001,024,512] sps=216,394,292  policy_loss=0.0017  value_loss=0.0226  mi_loss=0.0006  mi_valid=0.69  div_loss=-0.5664  kl_loss=0.0000 (disabled)  score=0.988  return=1.036  role_std=2.2845  role_norm=4.1178  enc_delta ego=0.0010 partner=0.0010 road=0.0015
[ROMA step 3,001,810,944] sps=124,449,161  policy_loss=-0.0017  value_loss=0.0998  mi_loss=0.0007  mi_valid=0.69  div_loss=-0.5234  kl_loss=0.0000 (disabled)  score=0.983  return=1.011  role_std=2.2826  role_norm=4.3197  enc_delta ego=0.0020 partner=0.0016 road=0.0027
[ROMA step 3,002,597,376] sps=87,609,522  policy_loss=0.0028  value_loss=0.0705  mi_loss=0.0008  mi_valid=0.68  div_loss=-0.5000  kl_loss=0.0000 (disabled)  score=0.981  return=1.001  role_std=2.2853  role_norm=4.3865  enc_delta ego=0.0017 partner=0.0014 road=0.0025
[ROMA step 3,003,383,808] sps=56,315,528  policy_loss=0.0019  value_loss=0.0754  mi_loss=0.0009  mi_valid=0.67  div_loss=-0.5078  kl_loss=0.0000 (disabled)  score=0.982  return=1.002  role_std=2.2666  role_norm=4.3316  enc_delta ego=0.0013 partner=0.0012 road=0.0022
[ROMA step 3,004,170,240] sps=47,227,426  policy_loss=0.0005  value_loss=0.0686  mi_loss=0.0009  mi_valid=0.69  div_loss=-0.5000  kl_loss=0.0000 (disabled)  score=0.980  return=0.996  role_std=2.2426  role_norm=4.3198  enc_delta ego=0.0015 partner=0.0012 road=0.0017
[ROMA step 3,004,956,672] sps=40,685,137  policy_loss=0.0038  value_loss=0.0585  mi_loss=0.0009  mi_valid=0.69  div_loss=-0.4922  kl_loss=0.0000 (disabled)  score=0.980  return=0.995  role_std=2.2848  role_norm=4.5357  enc_delta ego=0.0014 partner=0.0015 road=0.0020
[ROMA step 3,005,743,104] sps=35,373,458  policy_loss=0.0008  value_loss=0.0631  mi_loss=0.0010  mi_valid=0.69  div_loss=-0.4902  kl_loss=0.0000 (disabled)  score=0.980  return=0.995  role_std=2.2399  role_norm=4.3681  enc_delta ego=0.0011 partner=0.0013 road=0.0015
[ROMA step 3,006,529,536] sps=27,724,685  policy_loss=-0.0019  value_loss=0.0596  mi_loss=0.0010  mi_valid=0.67  div_loss=-0.4922  kl_loss=0.0000 (disabled)  score=0.980  return=0.996  role_std=2.1944  role_norm=4.5319  enc_delta ego=0.0012 partner=0.0010 road=0.0014
[ROMA step 3,007,315,968] sps=25,192,901  policy_loss=-0.0004  value_loss=0.0435  mi_loss=0.0009  mi_valid=0.68  div_loss=-0.4902  kl_loss=0.0000 (disabled)  score=0.980  return=0.996  role_std=2.2052  role_norm=4.3883  enc_delta ego=0.0010 partner=0.0007 road=0.0012
[ROMA step 3,008,102,400] sps=23,113,166  policy_loss=-0.0021  value_loss=0.0509  mi_loss=0.0009  mi_valid=0.68  div_loss=-0.4902  kl_loss=0.0000 (disabled)  score=0.980  return=0.997  role_std=2.2024  role_norm=4.4121  enc_delta ego=0.0010 partner=0.0009 road=0.0014
[ROMA step 3,008,888,832] sps=20,040,009  policy_loss=-0.0009  value_loss=0.0573  mi_loss=0.0010  mi_valid=0.68  div_loss=-0.4922  kl_loss=0.0000 (disabled)  score=0.980  return=0.998  role_std=1.9632  role_norm=4.3072  enc_delta ego=0.0010 partner=0.0011 road=0.0014
[ROMA step 3,009,675,264] sps=18,752,538  policy_loss=0.0011  value_loss=0.0371  mi_loss=0.0009  mi_valid=0.69  div_loss=-0.4883  kl_loss=0.0000 (disabled)  score=0.980  return=0.998  role_std=2.0338  role_norm=4.3526  enc_delta ego=0.0009 partner=0.0010 road=0.0016
[ROMA step 3,010,461,696] sps=17,605,524  policy_loss=-0.0073  value_loss=0.0476  mi_loss=0.0009  mi_valid=0.69  div_loss=-0.4883  kl_loss=0.0000 (disabled)  score=0.980  return=0.998  role_std=2.1014  role_norm=4.2770  enc_delta ego=0.0009 partner=0.0009 road=0.0013
[ROMA step 3,011,248,128] sps=16,552,473  policy_loss=0.0025  value_loss=0.0394  mi_loss=0.0009  mi_valid=0.69  div_loss=-0.4883  kl_loss=0.0000 (disabled)  score=0.980  return=0.999  role_std=2.0695  role_norm=4.2577  enc_delta ego=0.0011 partner=0.0009 road=0.0012
[ROMA step 3,012,034,560] sps=14,864,432  policy_loss=-0.0056  value_loss=0.0448  mi_loss=0.0010  mi_valid=0.67  div_loss=-0.5078  kl_loss=0.0000 (disabled)  score=0.980  return=0.999  role_std=2.2748  role_norm=4.3144  enc_delta ego=0.0009 partner=0.0009 road=0.0012
[ROMA step 3,012,820,992] sps=14,139,784  policy_loss=-0.0091  value_loss=0.0320  mi_loss=0.0010  mi_valid=0.68  div_loss=-0.4922  kl_loss=0.0000 (disabled)  score=0.980  return=1.001  role_std=2.2305  role_norm=4.2993  enc_delta ego=0.0010 partner=0.0009 road=0.0012
[ROMA step 3,013,607,424] sps=13,486,186  policy_loss=-0.0067  value_loss=0.0428  mi_loss=0.0010  mi_valid=0.69  div_loss=-0.4922  kl_loss=0.0000 (disabled)  score=0.980  return=1.001  role_std=2.2066  role_norm=4.4434  enc_delta ego=0.0010 partner=0.0010 road=0.0014
[ROMA step 3,014,393,856] sps=12,457,393  policy_loss=0.0006  value_loss=0.0455  mi_loss=0.0009  mi_valid=0.68  div_loss=-0.5117  kl_loss=0.0000 (disabled)  score=0.980  return=1.002  role_std=2.3794  role_norm=4.7331  enc_delta ego=0.0009 partner=0.0008 road=0.0013
[ROMA step 3,015,180,288] sps=11,918,204  policy_loss=0.0029  value_loss=0.0422  mi_loss=0.0009  mi_valid=0.68  div_loss=-0.5078  kl_loss=0.0000 (disabled)  score=0.980  return=1.002  role_std=2.3167  role_norm=4.5823  enc_delta ego=0.0012 partner=0.0008 road=0.0019
[ROMA step 3,015,966,720] sps=11,453,446  policy_loss=-0.0067  value_loss=0.0483  mi_loss=0.0009  mi_valid=0.68  div_loss=-0.5039  kl_loss=0.0000 (disabled)  score=0.980  return=1.003  role_std=2.3278  role_norm=4.4816  enc_delta ego=0.0008 partner=0.0010 road=0.0015
[ROMA step 3,016,753,152] sps=11,030,813  policy_loss=-0.0018  value_loss=0.0490  mi_loss=0.0008  mi_valid=0.68  div_loss=-0.5156  kl_loss=0.0000 (disabled)  score=0.980  return=1.003  role_std=2.2947  role_norm=4.5224  enc_delta ego=0.0011 partner=0.0008 road=0.0015
[ROMA step 3,017,539,584] sps=10,292,928  policy_loss=-0.0003  value_loss=0.0578  mi_loss=0.0008  mi_valid=0.69  div_loss=-0.5039  kl_loss=0.0000 (disabled)  score=0.980  return=1.003  role_std=2.0261  role_norm=4.3395  enc_delta ego=0.0009 partner=0.0009 road=0.0013
[ROMA step 3,018,326,016] sps=9,942,289  policy_loss=-0.0059  value_loss=0.0358  mi_loss=0.0008  mi_valid=0.71  div_loss=-0.4883  kl_loss=0.0000 (disabled)  score=0.980  return=1.001  role_std=1.9657  role_norm=4.1647  enc_delta ego=0.0010 partner=0.0010 road=0.0014
[ROMA step 3,019,112,448] sps=9,623,974  policy_loss=-0.0005  value_loss=0.0364  mi_loss=0.0008  mi_valid=0.71  div_loss=-0.4863  kl_loss=0.0000 (disabled)  score=0.979  return=1.001  role_std=1.9954  role_norm=4.1741  enc_delta ego=0.0008 partner=0.0008 road=0.0013
[ROMA step 3,019,898,880] sps=9,088,327  policy_loss=0.0001  value_loss=0.0446  mi_loss=0.0008  mi_valid=0.69  div_loss=-0.5078  kl_loss=0.0000 (disabled)  score=0.979  return=1.002  role_std=2.1890  role_norm=4.3545  enc_delta ego=0.0007 partner=0.0007 road=0.0013
[ROMA step 3,020,685,312] sps=8,812,828  policy_loss=0.0003  value_loss=0.0360  mi_loss=0.0008  mi_valid=0.69  div_loss=-0.5117  kl_loss=0.0000 (disabled)  score=0.980  return=1.003  role_std=2.3520  role_norm=4.3181  enc_delta ego=0.0008 partner=0.0007 road=0.0013
[ROMA step 3,021,471,744] sps=8,566,443  policy_loss=-0.0045  value_loss=0.0411  mi_loss=0.0008  mi_valid=0.68  div_loss=-0.5195  kl_loss=0.0000 (disabled)  score=0.980  return=1.004  role_std=2.3224  role_norm=4.2279  enc_delta ego=0.0008 partner=0.0008 road=0.0013
[ROMA step 3,022,258,176] sps=8,318,596  policy_loss=-0.0002  value_loss=0.0339  mi_loss=0.0008  mi_valid=0.69  div_loss=-0.5156  kl_loss=0.0000 (disabled)  score=0.980  return=1.006  role_std=2.3309  role_norm=4.4299  enc_delta ego=0.0008 partner=0.0009 road=0.0012
[ROMA step 3,023,044,608] sps=7,925,394  policy_loss=0.0076  value_loss=0.0516  mi_loss=0.0008  mi_valid=0.68  div_loss=-0.5195  kl_loss=0.0000 (disabled)  score=0.980  return=1.007  role_std=2.2652  role_norm=4.4304  enc_delta ego=0.0008 partner=0.0009 road=0.0012
[ROMA step 3,023,831,040] sps=7,707,108  policy_loss=-0.0044  value_loss=0.0298  mi_loss=0.0008  mi_valid=0.69  div_loss=-0.5117  kl_loss=0.0000 (disabled)  score=0.980  return=1.008  role_std=2.2095  role_norm=4.3823  enc_delta ego=0.0008 partner=0.0007 road=0.0012
[ROMA step 3,024,617,472] sps=7,504,758  policy_loss=0.0034  value_loss=0.0292  mi_loss=0.0008  mi_valid=0.69  div_loss=-0.5078  kl_loss=0.0000 (disabled)  score=0.980  return=1.009  role_std=2.2469  role_norm=4.2998  enc_delta ego=0.0007 partner=0.0008 road=0.0012
[ROMA step 3,025,403,904] sps=7,154,400  policy_loss=0.0010  value_loss=0.0377  mi_loss=0.0008  mi_valid=0.68  div_loss=-0.5195  kl_loss=0.0000 (disabled)  score=0.980  return=1.010  role_std=2.8715  role_norm=3.7533  enc_delta ego=0.0007 partner=0.0007 road=0.0012
[ROMA step 3,026,190,336] sps=6,988,333  policy_loss=0.0018  value_loss=0.0350  mi_loss=0.0008  mi_valid=0.69  div_loss=-0.5430  kl_loss=0.0000 (disabled)  score=0.980  return=1.011  role_std=2.3398  role_norm=4.4968  enc_delta ego=0.0009 partner=0.0009 road=0.0015
[ROMA step 3,026,976,768] sps=6,825,825  policy_loss=-0.0049  value_loss=0.0453  mi_loss=0.0008  mi_valid=0.69  div_loss=-0.5312  kl_loss=0.0000 (disabled)  score=0.980  return=1.011  role_std=2.2964  role_norm=4.3967  enc_delta ego=0.0010 partner=0.0015 road=0.0015
[ROMA step 3,027,763,200] sps=6,662,712  policy_loss=0.0002  value_loss=0.0386  mi_loss=0.0008  mi_valid=0.69  div_loss=-0.5391  kl_loss=0.0000 (disabled)  score=0.980  return=1.011  role_std=2.2898  role_norm=4.3618  enc_delta ego=0.0009 partner=0.0012 road=0.0017
[ROMA step 3,028,549,632] sps=6,392,469  policy_loss=-0.0062  value_loss=0.0507  mi_loss=0.0009  mi_valid=0.67  div_loss=-0.5430  kl_loss=0.0000 (disabled)  score=0.980  return=1.011  role_std=2.3488  role_norm=4.2525  enc_delta ego=0.0009 partner=0.0012 road=0.0015
[ROMA step 3,029,336,064] sps=6,253,140  policy_loss=0.0074  value_loss=0.0495  mi_loss=0.0009  mi_valid=0.69  div_loss=-0.5195  kl_loss=0.0000 (disabled)  score=0.980  return=1.011  role_std=2.2528  role_norm=4.2318  enc_delta ego=0.0008 partner=0.0010 road=0.0014
[ROMA step 3,030,122,496] sps=6,118,989  policy_loss=-0.0049  value_loss=0.0367  mi_loss=0.0009  mi_valid=0.69  div_loss=-0.5195  kl_loss=0.0000 (disabled)  score=0.980  return=1.011  role_std=2.1542  role_norm=4.3914  enc_delta ego=0.0008 partner=0.0009 road=0.0013
[ROMA step 3,030,908,928] sps=5,993,209  policy_loss=-0.0068  value_loss=0.0401  mi_loss=0.0009  mi_valid=0.69  div_loss=-0.5312  kl_loss=0.0000 (disabled)  score=0.980  return=1.010  role_std=2.2211  role_norm=4.3185  enc_delta ego=0.0008 partner=0.0010 road=0.0012
[ROMA step 3,031,695,360] sps=5,760,465  policy_loss=-0.0002  value_loss=0.0406  mi_loss=0.0008  mi_valid=0.68  div_loss=-0.5391  kl_loss=0.0000 (disabled)  score=0.980  return=1.011  role_std=2.2970  role_norm=4.3992  enc_delta ego=0.0010 partner=0.0009 road=0.0015
[ROMA step 3,032,481,792] sps=5,649,212  policy_loss=-0.0011  value_loss=0.0361  mi_loss=0.0009  mi_valid=0.69  div_loss=-0.5273  kl_loss=0.0000 (disabled)  score=0.980  return=1.011  role_std=2.2791  role_norm=4.2502  enc_delta ego=0.0009 partner=0.0008 road=0.0014
[ROMA step 3,033,268,224] sps=5,542,475  policy_loss=0.0010  value_loss=0.0313  mi_loss=0.0008  mi_valid=0.69  div_loss=-0.5234  kl_loss=0.0000 (disabled)  score=0.980  return=1.011  role_std=2.2861  role_norm=4.1822  enc_delta ego=0.0007 partner=0.0008 road=0.0014
[ROMA step 3,034,054,656] sps=5,341,857  policy_loss=0.0028  value_loss=0.0373  mi_loss=0.0009  mi_valid=0.68  div_loss=-0.5430  kl_loss=0.0000 (disabled)  score=0.980  return=1.012  role_std=2.2531  role_norm=4.3389  enc_delta ego=0.0007 partner=0.0008 road=0.0011
[ROMA step 3,034,841,088] sps=5,241,630  policy_loss=-0.0009  value_loss=0.0530  mi_loss=0.0008  mi_valid=0.70  div_loss=-0.5312  kl_loss=0.0000 (disabled)  score=0.980  return=1.012  role_std=2.1619  role_norm=4.3591  enc_delta ego=0.0011 partner=0.0009 road=0.0012
[ROMA step 3,035,627,520] sps=5,144,374  policy_loss=-0.0099  value_loss=0.0340  mi_loss=0.0009  mi_valid=0.69  div_loss=-0.5273  kl_loss=0.0000 (disabled)  score=0.980  return=1.013  role_std=2.2369  role_norm=4.4153  enc_delta ego=0.0011 partner=0.0008 road=0.0014
[ROMA step 3,036,413,952] sps=5,052,781  policy_loss=0.0013  value_loss=0.0467  mi_loss=0.0009  mi_valid=0.69  div_loss=-0.5391  kl_loss=0.0000 (disabled)  score=0.980  return=1.014  role_std=2.3039  role_norm=4.2719  enc_delta ego=0.0010 partner=0.0009 road=0.0014
[ROMA step 3,037,200,384] sps=4,886,090  policy_loss=-0.0030  value_loss=0.0389  mi_loss=0.0009  mi_valid=0.67  div_loss=-0.5586  kl_loss=0.0000 (disabled)  score=0.981  return=1.015  role_std=2.5273  role_norm=4.4556  enc_delta ego=0.0008 partner=0.0008 road=0.0011
[ROMA step 3,037,986,816] sps=4,806,095  policy_loss=-0.0095  value_loss=0.0312  mi_loss=0.0009  mi_valid=0.67  div_loss=-0.5586  kl_loss=0.0000 (disabled)  score=0.981  return=1.015  role_std=2.5554  role_norm=4.5476  enc_delta ego=0.0008 partner=0.0010 road=0.0012
[ROMA step 3,038,773,248] sps=4,725,069  policy_loss=0.0014  value_loss=0.0379  mi_loss=0.0009  mi_valid=0.68  div_loss=-0.5547  kl_loss=0.0000 (disabled)  score=0.981  return=1.016  role_std=2.4463  role_norm=4.5856  enc_delta ego=0.0008 partner=0.0007 road=0.0013
[ROMA step 3,039,559,680] sps=4,579,431  policy_loss=0.0030  value_loss=0.0421  mi_loss=0.0009  mi_valid=0.66  div_loss=-0.5586  kl_loss=0.0000 (disabled)  score=0.981  return=1.016  role_std=2.4540  role_norm=4.5091  enc_delta ego=0.0007 partner=0.0007 road=0.0013
[ROMA step 3,040,346,112] sps=4,510,527  policy_loss=0.0028  value_loss=0.0417  mi_loss=0.0009  mi_valid=0.67  div_loss=-0.5625  kl_loss=0.0000 (disabled)  score=0.981  return=1.015  role_std=2.3866  role_norm=4.5192  enc_delta ego=0.0010 partner=0.0009 road=0.0020
[ROMA step 3,041,132,544] sps=4,439,033  policy_loss=0.0016  value_loss=0.0388  mi_loss=0.0009  mi_valid=0.68  div_loss=-0.5547  kl_loss=0.0000 (disabled)  score=0.981  return=1.015  role_std=2.4526  role_norm=4.5046  enc_delta ego=0.0012 partner=0.0008 road=0.0016
[ROMA step 3,041,918,976] sps=4,372,588  policy_loss=-0.0038  value_loss=0.0343  mi_loss=0.0008  mi_valid=0.67  div_loss=-0.5547  kl_loss=0.0000 (disabled)  score=0.981  return=1.014  role_std=2.4751  role_norm=4.3938  enc_delta ego=0.0008 partner=0.0010 road=0.0013
[ROMA step 3,042,705,408] sps=4,252,665  policy_loss=0.0014  value_loss=0.0545  mi_loss=0.0008  mi_valid=0.68  div_loss=-0.5547  kl_loss=0.0000 (disabled)  score=0.981  return=1.014  role_std=2.3327  role_norm=4.2509  enc_delta ego=0.0011 partner=0.0010 road=0.0015
[ROMA step 3,043,491,840] sps=4,191,252  policy_loss=-0.0013  value_loss=0.0370  mi_loss=0.0008  mi_valid=0.69  div_loss=-0.5469  kl_loss=0.0000 (disabled)  score=0.981  return=1.014  role_std=2.3098  role_norm=4.3273  enc_delta ego=0.0008 partner=0.0011 road=0.0016
[ROMA step 3,044,278,272] sps=4,134,586  policy_loss=-0.0064  value_loss=0.0322  mi_loss=0.0008  mi_valid=0.69  div_loss=-0.5430  kl_loss=0.0000 (disabled)  score=0.981  return=1.014  role_std=2.2980  role_norm=4.3197  enc_delta ego=0.0007 partner=0.0010 road=0.0016
[ROMA step 3,045,064,704] sps=4,030,669  policy_loss=0.0031  value_loss=0.0409  mi_loss=0.0009  mi_valid=0.68  div_loss=-0.5547  kl_loss=0.0000 (disabled)  score=0.981  return=1.015  role_std=2.2412  role_norm=4.3436  enc_delta ego=0.0007 partner=0.0008 road=0.0014
[ROMA step 3,045,851,136] sps=3,976,757  policy_loss=-0.0055  value_loss=0.0328  mi_loss=0.0009  mi_valid=0.69  div_loss=-0.5312  kl_loss=0.0000 (disabled)  score=0.981  return=1.016  role_std=2.3169  role_norm=4.2973  enc_delta ego=0.0008 partner=0.0010 road=0.0015
[ROMA step 3,046,637,568] sps=3,924,337  policy_loss=0.0002  value_loss=0.0302  mi_loss=0.0009  mi_valid=0.69  div_loss=-0.5312  kl_loss=0.0000 (disabled)  score=0.981  return=1.016  role_std=2.4140  role_norm=4.1598  enc_delta ego=0.0007 partner=0.0009 road=0.0014
[ROMA step 3,047,424,000] sps=3,875,350  policy_loss=-0.0050  value_loss=0.0246  mi_loss=0.0009  mi_valid=0.70  div_loss=-0.5391  kl_loss=0.0000 (disabled)  score=0.981  return=1.017  role_std=2.3843  role_norm=4.3770  enc_delta ego=0.0008 partner=0.0009 road=0.0013
[ROMA step 3,048,210,432] sps=3,779,692  policy_loss=0.0021  value_loss=0.0349  mi_loss=0.0009  mi_valid=0.68  div_loss=-0.5547  kl_loss=0.0000 (disabled)  score=0.981  return=1.017  role_std=2.2099  role_norm=4.2283  enc_delta ego=0.0007 partner=0.0008 road=0.0011
[ROMA step 3,048,996,864] sps=3,729,045  policy_loss=-0.0013  value_loss=0.0290  mi_loss=0.0010  mi_valid=0.69  div_loss=-0.5430  kl_loss=0.0000 (disabled)  score=0.981  return=1.017  role_std=2.3254  role_norm=4.2165  enc_delta ego=0.0008 partner=0.0009 road=0.0014
[ROMA step 3,049,783,296] sps=3,683,662  policy_loss=0.0015  value_loss=0.0721  mi_loss=0.0008  mi_valid=0.69  div_loss=-0.5508  kl_loss=0.0000 (disabled)  score=0.981  return=1.018  role_std=2.2797  role_norm=4.2772  enc_delta ego=0.0017 partner=0.0009 road=0.0012
[ROMA step 3,050,569,728] sps=3,591,288  policy_loss=0.0052  value_loss=0.0444  mi_loss=0.0010  mi_valid=0.68  div_loss=-0.5547  kl_loss=0.0000 (disabled)  score=0.982  return=1.018  role_std=2.6855  role_norm=3.4422  enc_delta ego=0.0009 partner=0.0011 road=0.0012
[ROMA step 3,051,356,160] sps=3,547,677  policy_loss=-0.0064  value_loss=0.0345  mi_loss=0.0008  mi_valid=0.71  div_loss=-0.5508  kl_loss=0.0000 (disabled)  score=0.981  return=1.017  role_std=2.3554  role_norm=4.3274  enc_delta ego=0.0010 partner=0.0008 road=0.0015
[ROMA step 3,052,142,592] sps=3,507,211  policy_loss=-0.0048  value_loss=0.0365  mi_loss=0.0008  mi_valid=0.70  div_loss=-0.5508  kl_loss=0.0000 (disabled)  score=0.981  return=1.017  role_std=2.2912  role_norm=4.2205  enc_delta ego=0.0009 partner=0.0009 road=0.0015
[ROMA step 3,052,929,024] sps=3,465,898  policy_loss=-0.0022  value_loss=0.0324  mi_loss=0.0009  mi_valid=0.70  div_loss=-0.5430  kl_loss=0.0000 (disabled)  score=0.981  return=1.017  role_std=2.2278  role_norm=4.1067  enc_delta ego=0.0009 partner=0.0008 road=0.0016
[ROMA step 3,053,715,456] sps=3,380,541  policy_loss=-0.0031  value_loss=0.0341  mi_loss=0.0008  mi_valid=0.68  div_loss=-0.5625  kl_loss=0.0000 (disabled)  score=0.981  return=1.017  role_std=2.3347  role_norm=4.1290  enc_delta ego=0.0008 partner=0.0009 road=0.0011
[ROMA step 3,054,501,888] sps=3,344,024  policy_loss=-0.0003  value_loss=0.0483  mi_loss=0.0007  mi_valid=0.69  div_loss=-0.5586  kl_loss=0.0000 (disabled)  score=0.981  return=1.017  role_std=2.3930  role_norm=4.1385  enc_delta ego=0.0008 partner=0.0008 road=0.0015
[ROMA step 3,055,288,320] sps=3,308,396  policy_loss=-0.0005  value_loss=0.0382  mi_loss=0.0008  mi_valid=0.69  div_loss=-0.5469  kl_loss=0.0000 (disabled)  score=0.981  return=1.016  role_std=2.2572  role_norm=4.2820  enc_delta ego=0.0008 partner=0.0008 road=0.0016
[ROMA step 3,056,074,752] sps=3,270,178  policy_loss=-0.0051  value_loss=0.0306  mi_loss=0.0008  mi_valid=0.69  div_loss=-0.5586  kl_loss=0.0000 (disabled)  score=0.981  return=1.016  role_std=2.3415  role_norm=4.2893  enc_delta ego=0.0006 partner=0.0008 road=0.0012
[ROMA step 3,056,861,184] sps=3,197,944  policy_loss=0.0018  value_loss=0.0342  mi_loss=0.0008  mi_valid=0.68  div_loss=-0.5625  kl_loss=0.0000 (disabled)  score=0.981  return=1.015  role_std=2.3876  role_norm=4.3071  enc_delta ego=0.0007 partner=0.0009 road=0.0012
[ROMA step 3,057,647,616] sps=3,164,319  policy_loss=0.0087  value_loss=0.0308  mi_loss=0.0008  mi_valid=0.70  div_loss=-0.5508  kl_loss=0.0000 (disabled)  score=0.981  return=1.016  role_std=2.2433  role_norm=4.4053  enc_delta ego=0.0007 partner=0.0009 road=0.0013
[ROMA step 3,058,434,048] sps=3,132,187  policy_loss=-0.0012  value_loss=0.0247  mi_loss=0.0008  mi_valid=0.70  div_loss=-0.5508  kl_loss=0.0000 (disabled)  score=0.981  return=1.017  role_std=2.2645  role_norm=4.3055  enc_delta ego=0.0006 partner=0.0008 road=0.0010
[ROMA step 3,059,220,480] sps=3,063,143  policy_loss=-0.0061  value_loss=0.0366  mi_loss=0.0008  mi_valid=0.68  div_loss=-0.5664  kl_loss=0.0000 (disabled)  score=0.981  return=1.017  role_std=2.4701  role_norm=4.5233  enc_delta ego=0.0007 partner=0.0008 road=0.0010
[ROMA step 3,060,006,912] sps=3,033,348  policy_loss=-0.0019  value_loss=0.0327  mi_loss=0.0008  mi_valid=0.68  div_loss=-0.5664  kl_loss=0.0000 (disabled)  score=0.981  return=1.018  role_std=2.5467  role_norm=4.4286  enc_delta ego=0.0008 partner=0.0008 road=0.0012
[ROMA step 3,060,793,344] sps=3,003,110  policy_loss=-0.0082  value_loss=0.0205  mi_loss=0.0008  mi_valid=0.67  div_loss=-0.5586  kl_loss=0.0000 (disabled)  score=0.982  return=1.018  role_std=2.5824  role_norm=4.4804  enc_delta ego=0.0007 partner=0.0007 road=0.0012
[ROMA step 3,061,579,776] sps=2,972,984  policy_loss=-0.0053  value_loss=0.0196  mi_loss=0.0008  mi_valid=0.68  div_loss=-0.5586  kl_loss=0.0000 (disabled)  score=0.982  return=1.019  role_std=2.4046  role_norm=4.4201  enc_delta ego=0.0007 partner=0.0007 road=0.0011
[ROMA step 3,062,366,208] sps=2,917,458  policy_loss=-0.0019  value_loss=0.0394  mi_loss=0.0008  mi_valid=0.68  div_loss=-0.5586  kl_loss=0.0000 (disabled)  score=0.982  return=1.019  role_std=2.3782  role_norm=4.2110  enc_delta ego=0.0007 partner=0.0007 road=0.0009
[ROMA step 3,063,152,640] sps=2,889,684  policy_loss=-0.0052  value_loss=0.0243  mi_loss=0.0008  mi_valid=0.70  div_loss=-0.5352  kl_loss=0.0000 (disabled)  score=0.982  return=1.018  role_std=2.4403  role_norm=4.2239  enc_delta ego=0.0006 partner=0.0007 road=0.0011
[ROMA step 3,063,939,072] sps=2,863,443  policy_loss=-0.0015  value_loss=0.0273  mi_loss=0.0008  mi_valid=0.70  div_loss=-0.5352  kl_loss=0.0000 (disabled)  score=0.982  return=1.019  role_std=2.2028  role_norm=4.3641  enc_delta ego=0.0007 partner=0.0007 road=0.0010
[ROMA step 3,064,725,504] sps=2,812,812  policy_loss=-0.0006  value_loss=0.0350  mi_loss=0.0008  mi_valid=0.68  div_loss=-0.5547  kl_loss=0.0000 (disabled)  score=0.982  return=1.019  role_std=2.5128  role_norm=4.4610  enc_delta ego=0.0007 partner=0.0007 road=0.0010
[ROMA step 3,065,511,936] sps=2,786,847  policy_loss=-0.0034  value_loss=0.0219  mi_loss=0.0008  mi_valid=0.67  div_loss=-0.5625  kl_loss=0.0000 (disabled)  score=0.982  return=1.019  role_std=2.3892  role_norm=4.4311  enc_delta ego=0.0006 partner=0.0009 road=0.0012
[ROMA step 3,066,298,368] sps=2,762,117  policy_loss=-0.0047  value_loss=0.0261  mi_loss=0.0009  mi_valid=0.67  div_loss=-0.5625  kl_loss=0.0000 (disabled)  score=0.982  return=1.020  role_std=2.4069  role_norm=4.3544  enc_delta ego=0.0007 partner=0.0009 road=0.0012
[ROMA step 3,067,084,800] sps=2,735,500  policy_loss=0.0026  value_loss=0.0296  mi_loss=0.0008  mi_valid=0.67  div_loss=-0.5625  kl_loss=0.0000 (disabled)  score=0.982  return=1.020  role_std=2.4045  role_norm=4.2966  enc_delta ego=0.0009 partner=0.0008 road=0.0012
[ROMA step 3,067,871,232] sps=2,687,467  policy_loss=0.0033  value_loss=0.0526  mi_loss=0.0009  mi_valid=0.67  div_loss=-0.5703  kl_loss=0.0000 (disabled)  score=0.982  return=1.020  role_std=2.4328  role_norm=4.4532  enc_delta ego=0.0009 partner=0.0008 road=0.0010
[ROMA step 3,068,657,664] sps=2,662,747  policy_loss=0.0004  value_loss=0.0416  mi_loss=0.0008  mi_valid=0.68  div_loss=-0.5703  kl_loss=0.0000 (disabled)  score=0.982  return=1.019  role_std=2.4988  role_norm=4.3918  enc_delta ego=0.0007 partner=0.0008 road=0.0012
[ROMA step 3,069,444,096] sps=2,639,629  policy_loss=-0.0040  value_loss=0.0415  mi_loss=0.0009  mi_valid=0.68  div_loss=-0.5664  kl_loss=0.0000 (disabled)  score=0.982  return=1.019  role_std=2.5132  role_norm=4.5017  enc_delta ego=0.0014 partner=0.0009 road=0.0013
[ROMA step 3,070,230,528] sps=2,596,833  policy_loss=-0.0046  value_loss=0.0327  mi_loss=0.0009  mi_valid=0.67  div_loss=-0.5820  kl_loss=0.0000 (disabled)  score=0.982  return=1.019  role_std=2.3665  role_norm=4.3674  enc_delta ego=0.0006 partner=0.0006 road=0.0011
[ROMA step 3,071,016,960] sps=2,573,497  policy_loss=-0.0033  value_loss=0.0252  mi_loss=0.0009  mi_valid=0.69  div_loss=-0.5625  kl_loss=0.0000 (disabled)  score=0.983  return=1.020  role_std=2.4049  role_norm=4.2149  enc_delta ego=0.0006 partner=0.0008 road=0.0013
[ROMA step 3,071,803,392] sps=2,552,759  policy_loss=0.0060  value_loss=0.0293  mi_loss=0.0008  mi_valid=0.69  div_loss=-0.5625  kl_loss=0.0000 (disabled)  score=0.983  return=1.021  role_std=2.5396  role_norm=4.2580  enc_delta ego=0.0007 partner=0.0007 road=0.0011
[ROMA step 3,072,589,824] sps=2,532,368  policy_loss=-0.0030  value_loss=0.0256  mi_loss=0.0009  mi_valid=0.69  div_loss=-0.5586  kl_loss=0.0000 (disabled)  score=0.983  return=1.022  role_std=2.4173  role_norm=4.2203  enc_delta ego=0.0006 partner=0.0008 road=0.0011
[ROMA step 3,073,376,256] sps=2,490,920  policy_loss=-0.0076  value_loss=0.0378  mi_loss=0.0009  mi_valid=0.67  div_loss=-0.5664  kl_loss=0.0000 (disabled)  score=0.983  return=1.023  role_std=2.3611  role_norm=4.4492  enc_delta ego=0.0008 partner=0.0009 road=0.0013
[ROMA step 3,074,162,688] sps=2,471,212  policy_loss=0.0005  value_loss=0.0371  mi_loss=0.0008  mi_valid=0.68  div_loss=-0.5547  kl_loss=0.0000 (disabled)  score=0.983  return=1.023  role_std=2.3980  role_norm=4.4146  enc_delta ego=0.0008 partner=0.0008 road=0.0011
[ROMA step 3,074,949,120] sps=2,450,728  policy_loss=-0.0011  value_loss=0.0349  mi_loss=0.0008  mi_valid=0.68  div_loss=-0.5625  kl_loss=0.0000 (disabled)  score=0.983  return=1.022  role_std=2.4368  role_norm=4.3456  enc_delta ego=0.0008 partner=0.0009 road=0.0013
[ROMA step 3,075,735,552] sps=2,408,875  policy_loss=0.0014  value_loss=0.0386  mi_loss=0.0008  mi_valid=0.67  div_loss=-0.5781  kl_loss=0.0000 (disabled)  score=0.983  return=1.022  role_std=2.9897  role_norm=3.6664  enc_delta ego=0.0007 partner=0.0009 road=0.0012
[ROMA step 3,076,521,984] sps=2,389,638  policy_loss=-0.0015  value_loss=0.0346  mi_loss=0.0008  mi_valid=0.69  div_loss=-0.5781  kl_loss=0.0000 (disabled)  score=0.983  return=1.022  role_std=2.5302  role_norm=4.4620  enc_delta ego=0.0007 partner=0.0009 road=0.0013
[ROMA step 3,077,308,416] sps=2,370,760  policy_loss=-0.0062  value_loss=0.0296  mi_loss=0.0008  mi_valid=0.68  div_loss=-0.5781  kl_loss=0.0000 (disabled)  score=0.983  return=1.022  role_std=2.5619  role_norm=4.4673  enc_delta ego=0.0006 partner=0.0008 road=0.0011
[ROMA step 3,078,094,848] sps=2,351,500  policy_loss=-0.0035  value_loss=0.0291  mi_loss=0.0008  mi_valid=0.68  div_loss=-0.5781  kl_loss=0.0000 (disabled)  score=0.983  return=1.022  role_std=2.4462  role_norm=4.4081  enc_delta ego=0.0007 partner=0.0008 road=0.0013
[ROMA step 3,078,881,280] sps=2,317,049  policy_loss=-0.0050  value_loss=0.0358  mi_loss=0.0008  mi_valid=0.67  div_loss=-0.5820  kl_loss=0.0000 (disabled)  score=0.983  return=1.022  role_std=2.4818  role_norm=4.2922  enc_delta ego=0.0008 partner=0.0008 road=0.0012
[ROMA step 3,079,667,712] sps=2,298,766  policy_loss=-0.0045  value_loss=0.0247  mi_loss=0.0008  mi_valid=0.68  div_loss=-0.5664  kl_loss=0.0000 (disabled)  score=0.983  return=1.022  role_std=2.5406  role_norm=4.3441  enc_delta ego=0.0008 partner=0.0007 road=0.0013
[ROMA step 3,080,454,144] sps=2,280,616  policy_loss=0.0089  value_loss=0.0349  mi_loss=0.0009  mi_valid=0.68  div_loss=-0.5586  kl_loss=0.0000 (disabled)  score=0.984  return=1.023  role_std=2.5825  role_norm=4.2941  enc_delta ego=0.0006 partner=0.0008 road=0.0012
[ROMA step 3,081,240,576] sps=2,263,595  policy_loss=-0.0046  value_loss=0.0266  mi_loss=0.0008  mi_valid=0.69  div_loss=-0.5625  kl_loss=0.0000 (disabled)  score=0.984  return=1.023  role_std=2.3877  role_norm=4.4517  enc_delta ego=0.0007 partner=0.0008 road=0.0012
[ROMA step 3,082,027,008] sps=2,231,807  policy_loss=0.0007  value_loss=0.0422  mi_loss=0.0009  mi_valid=0.66  div_loss=-0.5781  kl_loss=0.0000 (disabled)  score=0.984  return=1.023  role_std=2.6814  role_norm=4.6874  enc_delta ego=0.0006 partner=0.0006 road=0.0011
[ROMA step 3,082,813,440] sps=2,216,047  policy_loss=0.0026  value_loss=0.0318  mi_loss=0.0009  mi_valid=0.67  div_loss=-0.5703  kl_loss=0.0000 (disabled)  score=0.984  return=1.023  role_std=2.5527  role_norm=4.6115  enc_delta ego=0.0008 partner=0.0008 road=0.0012
[ROMA step 3,083,599,872] sps=2,199,328  policy_loss=-0.0021  value_loss=0.0315  mi_loss=0.0009  mi_valid=0.67  div_loss=-0.5703  kl_loss=0.0000 (disabled)  score=0.984  return=1.023  role_std=2.6370  role_norm=4.6509  enc_delta ego=0.0007 partner=0.0008 road=0.0011
[ROMA step 3,084,386,304] sps=2,168,483  policy_loss=0.0014  value_loss=0.0364  mi_loss=0.0009  mi_valid=0.66  div_loss=-0.5742  kl_loss=0.0000 (disabled)  score=0.984  return=1.023  role_std=2.5297  role_norm=4.1621  enc_delta ego=0.0008 partner=0.0007 road=0.0011
[ROMA step 3,085,172,736] sps=2,153,178  policy_loss=-0.0085  value_loss=0.0207  mi_loss=0.0008  mi_valid=0.69  div_loss=-0.5586  kl_loss=0.0000 (disabled)  score=0.984  return=1.023  role_std=2.2725  role_norm=4.2763  enc_delta ego=0.0007 partner=0.0006 road=0.0013
[ROMA step 3,085,959,168] sps=2,138,604  policy_loss=-0.0004  value_loss=0.0252  mi_loss=0.0008  mi_valid=0.69  div_loss=-0.5547  kl_loss=0.0000 (disabled)  score=0.984  return=1.024  role_std=2.4185  role_norm=4.3991  enc_delta ego=0.0007 partner=0.0006 road=0.0010
[ROMA step 3,086,745,600] sps=2,123,835  policy_loss=0.0007  value_loss=0.0245  mi_loss=0.0008  mi_valid=0.69  div_loss=-0.5625  kl_loss=0.0000 (disabled)  score=0.984  return=1.025  role_std=2.3591  role_norm=4.3730  enc_delta ego=0.0007 partner=0.0007 road=0.0011
[ROMA step 3,087,532,032] sps=2,098,569  policy_loss=-0.0056  value_loss=0.0315  mi_loss=0.0008  mi_valid=0.68  div_loss=-0.5781  kl_loss=0.0000 (disabled)  score=0.985  return=1.026  role_std=2.4193  role_norm=4.2316  enc_delta ego=0.0006 partner=0.0006 road=0.0011
[ROMA step 3,088,318,464] sps=2,084,939  policy_loss=-0.0028  value_loss=0.0298  mi_loss=0.0008  mi_valid=0.69  div_loss=-0.5625  kl_loss=0.0000 (disabled)  score=0.985  return=1.026  role_std=2.5008  role_norm=4.2419  enc_delta ego=0.0006 partner=0.0007 road=0.0012
[ROMA step 3,089,104,896] sps=2,071,113  policy_loss=-0.0073  value_loss=0.0259  mi_loss=0.0008  mi_valid=0.69  div_loss=-0.5625  kl_loss=0.0000 (disabled)  score=0.984  return=1.027  role_std=2.4061  role_norm=4.3286  enc_delta ego=0.0006 partner=0.0007 road=0.0010
[ROMA step 3,089,891,328] sps=2,045,757  policy_loss=0.0055  value_loss=0.0467  mi_loss=0.0008  mi_valid=0.68  div_loss=-0.5820  kl_loss=0.0000 (disabled)  score=0.984  return=1.027  role_std=2.5655  role_norm=4.4942  enc_delta ego=0.0007 partner=0.0008 road=0.0011
[ROMA step 3,090,677,760] sps=2,032,725  policy_loss=0.0063  value_loss=0.0354  mi_loss=0.0008  mi_valid=0.68  div_loss=-0.5781  kl_loss=0.0000 (disabled)  score=0.984  return=1.027  role_std=2.5679  role_norm=4.4768  enc_delta ego=0.0008 partner=0.0008 road=0.0012
[ROMA step 3,091,464,192] sps=2,018,603  policy_loss=-0.0100  value_loss=0.0302  mi_loss=0.0008  mi_valid=0.68  div_loss=-0.5820  kl_loss=0.0000 (disabled)  score=0.984  return=1.026  role_std=2.6397  role_norm=4.3787  enc_delta ego=0.0007 partner=0.0007 road=0.0014
[ROMA step 3,092,250,624] sps=2,004,784  policy_loss=0.0025  value_loss=0.0396  mi_loss=0.0008  mi_valid=0.68  div_loss=-0.5781  kl_loss=0.0000 (disabled)  score=0.984  return=1.026  role_std=2.5869  role_norm=4.3618  enc_delta ego=0.0006 partner=0.0008 road=0.0013
[ROMA step 3,093,037,056] sps=1,979,724  policy_loss=-0.0017  value_loss=0.0443  mi_loss=0.0009  mi_valid=0.68  div_loss=-0.5703  kl_loss=0.0000 (disabled)  score=0.985  return=1.027  role_std=2.3235  role_norm=4.3735  enc_delta ego=0.0013 partner=0.0008 road=0.0015
[ROMA step 3,093,823,488] sps=1,967,383  policy_loss=0.0017  value_loss=0.0370  mi_loss=0.0009  mi_valid=0.68  div_loss=-0.5664  kl_loss=0.0000 (disabled)  score=0.985  return=1.027  role_std=2.3782  role_norm=4.2224  enc_delta ego=0.0015 partner=0.0009 road=0.0017
[ROMA step 3,094,609,920] sps=1,955,181  policy_loss=-0.0014  value_loss=0.0309  mi_loss=0.0010  mi_valid=0.68  div_loss=-0.5586  kl_loss=0.0000 (disabled)  score=0.985  return=1.027  role_std=2.2896  role_norm=4.1825  enc_delta ego=0.0011 partner=0.0009 road=0.0015
[ROMA step 3,095,396,352] sps=1,882,382  policy_loss=-0.0001  value_loss=0.0404  mi_loss=0.0009  mi_valid=0.68  div_loss=-0.5703  kl_loss=0.0000 (disabled)  score=0.985  return=1.027  role_std=2.3301  role_norm=4.4824  enc_delta ego=0.0007 partner=0.0007 road=0.0012
[ROMA step 3,096,182,784] sps=1,871,232  policy_loss=0.0010  value_loss=0.0281  mi_loss=0.0008  mi_valid=0.69  div_loss=-0.5586  kl_loss=0.0000 (disabled)  score=0.985  return=1.027  role_std=2.3953  role_norm=4.2903  enc_delta ego=0.0008 partner=0.0008 road=0.0011
[ROMA step 3,096,969,216] sps=1,859,545  policy_loss=0.0029  value_loss=0.0219  mi_loss=0.0008  mi_valid=0.69  div_loss=-0.5547  kl_loss=0.0000 (disabled)  score=0.985  return=1.027  role_std=2.3766  role_norm=4.1612  enc_delta ego=0.0007 partner=0.0006 road=0.0010
[ROMA step 3,097,755,648] sps=1,847,319  policy_loss=-0.0006  value_loss=0.0303  mi_loss=0.0008  mi_valid=0.69  div_loss=-0.5664  kl_loss=0.0000 (disabled)  score=0.985  return=1.027  role_std=2.2932  role_norm=4.3145  enc_delta ego=0.0008 partner=0.0007 road=0.0010
[ROMA step 3,098,542,080] sps=1,781,548  policy_loss=-0.0005  value_loss=0.0323  mi_loss=0.0008  mi_valid=0.67  div_loss=-0.5820  kl_loss=0.0000 (disabled)  score=0.985  return=1.027  role_std=2.4623  role_norm=4.4147  enc_delta ego=0.0006 partner=0.0007 road=0.0010
[ROMA step 3,099,328,512] sps=1,771,241  policy_loss=0.0003  value_loss=0.0290  mi_loss=0.0009  mi_valid=0.68  div_loss=-0.5703  kl_loss=0.0000 (disabled)  score=0.985  return=1.026  role_std=2.4831  role_norm=4.3290  enc_delta ego=0.0006 partner=0.0006 road=0.0011
[ROMA step 3,100,114,944] sps=1,759,742  policy_loss=-0.0032  value_loss=0.0235  mi_loss=0.0009  mi_valid=0.68  div_loss=-0.5742  kl_loss=0.0000 (disabled)  score=0.985  return=1.027  role_std=2.4793  role_norm=4.3822  enc_delta ego=0.0007 partner=0.0006 road=0.0010
[ROMA step 3,100,901,376] sps=1,706,990  policy_loss=-0.0016  value_loss=0.0347  mi_loss=0.0009  mi_valid=0.65  div_loss=-0.5898  kl_loss=0.0000 (disabled)  score=0.985  return=1.027  role_std=2.8190  role_norm=3.6034  enc_delta ego=0.0006 partner=0.0007 road=0.0010
[ROMA step 3,101,687,808] sps=1,697,764  policy_loss=0.0006  value_loss=0.0318  mi_loss=0.0008  mi_valid=0.70  div_loss=-0.5859  kl_loss=0.0000 (disabled)  score=0.985  return=1.027  role_std=2.3824  role_norm=4.3344  enc_delta ego=0.0010 partner=0.0009 road=0.0012
[ROMA step 3,102,474,240] sps=1,688,724  policy_loss=0.0039  value_loss=0.0308  mi_loss=0.0008  mi_valid=0.69  div_loss=-0.5820  kl_loss=0.0000 (disabled)  score=0.985  return=1.026  role_std=2.4580  role_norm=4.3307  enc_delta ego=0.0007 partner=0.0009 road=0.0012
[ROMA step 3,103,260,672] sps=1,679,734  policy_loss=0.0039  value_loss=0.0349  mi_loss=0.0008  mi_valid=0.69  div_loss=-0.5820  kl_loss=0.0000 (disabled)  score=0.984  return=1.025  role_std=2.4784  role_norm=4.3692  enc_delta ego=0.0007 partner=0.0007 road=0.0014
[ROMA step 3,104,047,104] sps=1,622,703  policy_loss=0.0039  value_loss=0.0403  mi_loss=0.0008  mi_valid=0.67  div_loss=-0.5859  kl_loss=0.0000 (disabled)  score=0.985  return=1.025  role_std=2.5599  role_norm=4.4179  enc_delta ego=0.0007 partner=0.0007 road=0.0011
[ROMA step 3,104,833,536] sps=1,614,409  policy_loss=-0.0007  value_loss=0.0297  mi_loss=0.0008  mi_valid=0.67  div_loss=-0.5859  kl_loss=0.0000 (disabled)  score=0.984  return=1.025  role_std=2.6926  role_norm=4.3454  enc_delta ego=0.0010 partner=0.0007 road=0.0011
[ROMA step 3,105,619,968] sps=1,605,670  policy_loss=-0.0029  value_loss=0.0317  mi_loss=0.0008  mi_valid=0.68  div_loss=-0.5781  kl_loss=0.0000 (disabled)  score=0.984  return=1.025  role_std=2.6341  role_norm=4.3434  enc_delta ego=0.0007 partner=0.0008 road=0.0012
[ROMA step 3,106,406,400] sps=1,597,551  policy_loss=0.0024  value_loss=0.0309  mi_loss=0.0008  mi_valid=0.68  div_loss=-0.5820  kl_loss=0.0000 (disabled)  score=0.984  return=1.025  role_std=2.5421  role_norm=4.4632  enc_delta ego=0.0006 partner=0.0008 road=0.0011
[ROMA step 3,107,192,832] sps=1,566,946  policy_loss=0.0030  value_loss=0.0484  mi_loss=0.0008  mi_valid=0.68  div_loss=-0.5898  kl_loss=0.0000 (disabled)  score=0.984  return=1.025  role_std=2.5279  role_norm=4.4776  enc_delta ego=0.0006 partner=0.0009 road=0.0011
[ROMA step 3,107,979,264] sps=1,559,598  policy_loss=0.0032  value_loss=0.0294  mi_loss=0.0008  mi_valid=0.69  div_loss=-0.5742  kl_loss=0.0000 (disabled)  score=0.984  return=1.025  role_std=2.5423  role_norm=4.3189  enc_delta ego=0.0007 partner=0.0007 road=0.0011
[ROMA step 3,108,765,696] sps=1,552,315  policy_loss=-0.0002  value_loss=0.0274  mi_loss=0.0008  mi_valid=0.69  div_loss=-0.5703  kl_loss=0.0000 (disabled)  score=0.984  return=1.024  role_std=2.5980  role_norm=4.4380  enc_delta ego=0.0006 partner=0.0008 road=0.0011
[ROMA step 3,109,552,128] sps=1,536,317  policy_loss=-0.0000  value_loss=0.0358  mi_loss=0.0009  mi_valid=0.67  div_loss=-0.5859  kl_loss=0.0000 (disabled)  score=0.984  return=1.025  role_std=2.6167  role_norm=4.1724  enc_delta ego=0.0007 partner=0.0007 road=0.0010
[ROMA step 3,110,338,560] sps=1,529,157  policy_loss=-0.0045  value_loss=0.0257  mi_loss=0.0009  mi_valid=0.68  div_loss=-0.5742  kl_loss=0.0000 (disabled)  score=0.984  return=1.026  role_std=2.4273  role_norm=4.3352  enc_delta ego=0.0005 partner=0.0008 road=0.0011
[ROMA step 3,111,124,992] sps=1,522,093  policy_loss=0.0028  value_loss=0.0263  mi_loss=0.0009  mi_valid=0.68  div_loss=-0.5781  kl_loss=0.0000 (disabled)  score=0.985  return=1.026  role_std=2.5604  role_norm=4.4524  enc_delta ego=0.0008 partner=0.0007 road=0.0010
[ROMA step 3,111,911,424] sps=1,514,891  policy_loss=-0.0019  value_loss=0.0300  mi_loss=0.0009  mi_valid=0.68  div_loss=-0.5742  kl_loss=0.0000 (disabled)  score=0.984  return=1.026  role_std=2.5807  role_norm=4.3796  enc_delta ego=0.0007 partner=0.0006 road=0.0011
[ROMA step 3,112,697,856] sps=1,501,129  policy_loss=-0.0043  value_loss=0.0274  mi_loss=0.0008  mi_valid=0.67  div_loss=-0.5820  kl_loss=0.0000 (disabled)  score=0.984  return=1.027  role_std=2.4618  role_norm=4.2209  enc_delta ego=0.0006 partner=0.0006 road=0.0012
[ROMA step 3,113,484,288] sps=1,494,345  policy_loss=0.0023  value_loss=0.0254  mi_loss=0.0008  mi_valid=0.68  div_loss=-0.5664  kl_loss=0.0000 (disabled)  score=0.984  return=1.027  role_std=2.5299  role_norm=4.2030  enc_delta ego=0.0005 partner=0.0006 road=0.0012
[ROMA step 3,114,270,720] sps=1,487,631  policy_loss=-0.0060  value_loss=0.0228  mi_loss=0.0008  mi_valid=0.68  div_loss=-0.5586  kl_loss=0.0000 (disabled)  score=0.985  return=1.026  role_std=2.4092  role_norm=4.1969  enc_delta ego=0.0007 partner=0.0006 road=0.0014
[ROMA step 3,115,057,152] sps=1,473,194  policy_loss=-0.0045  value_loss=0.0391  mi_loss=0.0008  mi_valid=0.67  div_loss=-0.5781  kl_loss=0.0000 (disabled)  score=0.985  return=1.026  role_std=2.4362  role_norm=4.2731  enc_delta ego=0.0008 partner=0.0006 road=0.0012
[ROMA step 3,115,843,584] sps=1,466,194  policy_loss=-0.0012  value_loss=0.0305  mi_loss=0.0009  mi_valid=0.69  div_loss=-0.5820  kl_loss=0.0000 (disabled)  score=0.984  return=1.026  role_std=2.4413  role_norm=4.4189  enc_delta ego=0.0008 partner=0.0007 road=0.0013
[ROMA step 3,116,630,016] sps=1,459,176  policy_loss=-0.0055  value_loss=0.0325  mi_loss=0.0009  mi_valid=0.68  div_loss=-0.5781  kl_loss=0.0000 (disabled)  score=0.984  return=1.025  role_std=2.5916  role_norm=4.2653  enc_delta ego=0.0007 partner=0.0007 road=0.0011
[ROMA step 3,117,416,448] sps=1,452,729  policy_loss=-0.0007  value_loss=0.0368  mi_loss=0.0009  mi_valid=0.69  div_loss=-0.5703  kl_loss=0.0000 (disabled)  score=0.984  return=1.024  role_std=2.4430  role_norm=4.3971  enc_delta ego=0.0008 partner=0.0009 road=0.0014
[ROMA step 3,118,202,880] sps=1,437,404  policy_loss=0.0055  value_loss=0.0373  mi_loss=0.0008  mi_valid=0.68  div_loss=-0.5859  kl_loss=0.0000 (disabled)  score=0.984  return=1.023  role_std=2.3526  role_norm=4.3033  enc_delta ego=0.0007 partner=0.0007 road=0.0012
[ROMA step 3,118,989,312] sps=1,430,953  policy_loss=-0.0042  value_loss=0.0299  mi_loss=0.0008  mi_valid=0.69  div_loss=-0.5820  kl_loss=0.0000 (disabled)  score=0.984  return=1.023  role_std=2.4902  role_norm=4.3386  enc_delta ego=0.0006 partner=0.0006 road=0.0011
[ROMA step 3,119,775,744] sps=1,424,689  policy_loss=0.0048  value_loss=0.0302  mi_loss=0.0008  mi_valid=0.69  div_loss=-0.5820  kl_loss=0.0000 (disabled)  score=0.983  return=1.022  role_std=2.4275  role_norm=4.2520  enc_delta ego=0.0008 partner=0.0008 road=0.0011
[ROMA step 3,120,562,176] sps=1,412,049  policy_loss=-0.0008  value_loss=0.0406  mi_loss=0.0008  mi_valid=0.68  div_loss=-0.5938  kl_loss=0.0000 (disabled)  score=0.983  return=1.022  role_std=2.4901  role_norm=4.5205  enc_delta ego=0.0007 partner=0.0007 road=0.0010
[ROMA step 3,121,348,608] sps=1,405,850  policy_loss=0.0006  value_loss=0.0216  mi_loss=0.0009  mi_valid=0.68  div_loss=-0.5742  kl_loss=0.0000 (disabled)  score=0.984  return=1.023  role_std=2.5020  role_norm=4.3034  enc_delta ego=0.0007 partner=0.0006 road=0.0010
[ROMA step 3,122,135,040] sps=1,399,834  policy_loss=-0.0052  value_loss=0.0217  mi_loss=0.0010  mi_valid=0.68  div_loss=-0.5742  kl_loss=0.0000 (disabled)  score=0.984  return=1.023  role_std=2.5194  role_norm=4.2611  enc_delta ego=0.0007 partner=0.0007 road=0.0009
[ROMA step 3,122,921,472] sps=1,394,003  policy_loss=-0.0006  value_loss=0.0245  mi_loss=0.0010  mi_valid=0.68  div_loss=-0.5703  kl_loss=0.0000 (disabled)  score=0.984  return=1.023  role_std=2.3916  role_norm=4.3178  enc_delta ego=0.0006 partner=0.0006 road=0.0009
[ROMA step 3,123,707,904] sps=1,380,864  policy_loss=-0.0027  value_loss=0.0355  mi_loss=0.0009  mi_valid=0.68  div_loss=-0.5781  kl_loss=0.0000 (disabled)  score=0.984  return=1.023  role_std=2.4069  role_norm=4.1980  enc_delta ego=0.0006 partner=0.0007 road=0.0010
[ROMA step 3,124,494,336] sps=1,374,777  policy_loss=-0.0061  value_loss=0.0318  mi_loss=0.0009  mi_valid=0.69  div_loss=-0.5742  kl_loss=0.0000 (disabled)  score=0.984  return=1.023  role_std=2.3732  role_norm=4.1354  enc_delta ego=0.0007 partner=0.0008 road=0.0012
[ROMA step 3,125,280,768] sps=1,368,467  policy_loss=-0.0035  value_loss=0.0304  mi_loss=0.0009  mi_valid=0.69  div_loss=-0.5703  kl_loss=0.0000 (disabled)  score=0.984  return=1.023  role_std=2.3848  role_norm=4.2017  enc_delta ego=0.0007 partner=0.0007 road=0.0011
[ROMA step 3,126,067,200] sps=1,355,475  policy_loss=0.0033  value_loss=0.0376  mi_loss=0.0009  mi_valid=0.66  div_loss=-0.5820  kl_loss=0.0000 (disabled)  score=0.984  return=1.023  role_std=2.8653  role_norm=3.8639  enc_delta ego=0.0005 partner=0.0006 road=0.0009
[ROMA step 3,126,853,632] sps=1,349,809  policy_loss=-0.0004  value_loss=0.0291  mi_loss=0.0009  mi_valid=0.69  div_loss=-0.5703  kl_loss=0.0000 (disabled)  score=0.984  return=1.023  role_std=2.4291  role_norm=4.4436  enc_delta ego=0.0007 partner=0.0008 road=0.0010
[ROMA step 3,127,640,064] sps=1,344,379  policy_loss=-0.0041  value_loss=0.0247  mi_loss=0.0009  mi_valid=0.68  div_loss=-0.5703  kl_loss=0.0000 (disabled)  score=0.984  return=1.023  role_std=2.3636  role_norm=4.4739  enc_delta ego=0.0007 partner=0.0007 road=0.0012
[ROMA step 3,128,426,496] sps=1,338,856  policy_loss=0.0023  value_loss=0.0299  mi_loss=0.0009  mi_valid=0.68  div_loss=-0.5664  kl_loss=0.0000 (disabled)  score=0.984  return=1.023  role_std=2.5038  role_norm=4.4647  enc_delta ego=0.0007 partner=0.0008 road=0.0011
[ROMA step 3,129,212,928] sps=1,327,465  policy_loss=0.0009  value_loss=0.0375  mi_loss=0.0009  mi_valid=0.67  div_loss=-0.5703  kl_loss=0.0000 (disabled)  score=0.984  return=1.024  role_std=2.2547  role_norm=4.1312  enc_delta ego=0.0006 partner=0.0006 road=0.0009
[ROMA step 3,129,999,360] sps=1,322,104  policy_loss=-0.0065  value_loss=0.0258  mi_loss=0.0009  mi_valid=0.69  div_loss=-0.5508  kl_loss=0.0000 (disabled)  score=0.984  return=1.023  role_std=2.2613  role_norm=4.1565  enc_delta ego=0.0007 partner=0.0007 road=0.0010
[ROMA step 3,130,785,792] sps=1,316,851  policy_loss=0.0025  value_loss=0.0265  mi_loss=0.0009  mi_valid=0.69  div_loss=-0.5547  kl_loss=0.0000 (disabled)  score=0.984  return=1.024  role_std=2.3278  role_norm=4.0637  enc_delta ego=0.0006 partner=0.0006 road=0.0010
[ROMA step 3,131,572,224] sps=1,311,631  policy_loss=0.0028  value_loss=0.0221  mi_loss=0.0009  mi_valid=0.69  div_loss=-0.5625  kl_loss=0.0000 (disabled)  score=0.984  return=1.024  role_std=2.2645  role_norm=4.2719  enc_delta ego=0.0007 partner=0.0007 road=0.0010
[ROMA step 3,132,358,656] sps=1,299,414  policy_loss=0.0007  value_loss=0.0413  mi_loss=0.0008  mi_valid=0.67  div_loss=-0.5938  kl_loss=0.0000 (disabled)  score=0.984  return=1.024  role_std=2.4589  role_norm=4.3512  enc_delta ego=0.0008 partner=0.0007 road=0.0013
[ROMA step 3,133,145,088] sps=1,294,231  policy_loss=-0.0050  value_loss=0.0322  mi_loss=0.0008  mi_valid=0.68  div_loss=-0.5898  kl_loss=0.0000 (disabled)  score=0.984  return=1.023  role_std=2.5868  role_norm=4.3645  enc_delta ego=0.0009 partner=0.0006 road=0.0013
[ROMA step 3,133,931,520] sps=1,289,041  policy_loss=0.0013  value_loss=0.0420  mi_loss=0.0008  mi_valid=0.69  div_loss=-0.5820  kl_loss=0.0000 (disabled)  score=0.984  return=1.023  role_std=2.4885  role_norm=4.2304  enc_delta ego=0.0007 partner=0.0007 road=0.0012
[ROMA step 3,134,717,952] sps=1,277,861  policy_loss=-0.0011  value_loss=0.0452  mi_loss=0.0008  mi_valid=0.67  div_loss=-0.5898  kl_loss=0.0000 (disabled)  score=0.984  return=1.023  role_std=2.5473  role_norm=4.1277  enc_delta ego=0.0005 partner=0.0006 road=0.0011
[ROMA step 3,135,504,384] sps=1,272,949  policy_loss=0.0022  value_loss=0.0346  mi_loss=0.0008  mi_valid=0.69  div_loss=-0.5781  kl_loss=0.0000 (disabled)  score=0.984  return=1.023  role_std=2.4469  role_norm=4.4342  enc_delta ego=0.0011 partner=0.0007 road=0.0019
[ROMA step 3,136,290,816] sps=1,267,915  policy_loss=0.0018  value_loss=0.0319  mi_loss=0.0008  mi_valid=0.68  div_loss=-0.5781  kl_loss=0.0000 (disabled)  score=0.984  return=1.023  role_std=2.5118  role_norm=4.5603  enc_delta ego=0.0007 partner=0.0008 road=0.0013
[ROMA step 3,137,077,248] sps=1,263,143  policy_loss=-0.0006  value_loss=0.0350  mi_loss=0.0008  mi_valid=0.68  div_loss=-0.5781  kl_loss=0.0000 (disabled)  score=0.984  return=1.024  role_std=2.4571  role_norm=4.4258  enc_delta ego=0.0008 partner=0.0007 road=0.0012
[ROMA step 3,137,863,680] sps=1,252,988  policy_loss=0.0031  value_loss=0.0434  mi_loss=0.0009  mi_valid=0.67  div_loss=-0.5820  kl_loss=0.0000 (disabled)  score=0.984  return=1.025  role_std=2.5390  role_norm=4.2849  enc_delta ego=0.0008 partner=0.0007 road=0.0010
[ROMA step 3,138,650,112] sps=1,248,375  policy_loss=0.0027  value_loss=0.0288  mi_loss=0.0009  mi_valid=0.68  div_loss=-0.5742  kl_loss=0.0000 (disabled)  score=0.985  return=1.025  role_std=2.5405  role_norm=4.2453  enc_delta ego=0.0007 partner=0.0007 road=0.0011
[ROMA step 3,139,436,544] sps=1,243,776  policy_loss=-0.0016  value_loss=0.0245  mi_loss=0.0009  mi_valid=0.68  div_loss=-0.5703  kl_loss=0.0000 (disabled)  score=0.985  return=1.026  role_std=2.5140  role_norm=4.3225  enc_delta ego=0.0006 partner=0.0007 road=0.0010
[ROMA step 3,140,222,976] sps=1,234,541  policy_loss=0.0021  value_loss=0.0372  mi_loss=0.0009  mi_valid=0.67  div_loss=-0.5781  kl_loss=0.0000 (disabled)  score=0.985  return=1.026  role_std=2.4086  role_norm=4.3244  enc_delta ego=0.0005 partner=0.0006 road=0.0009
[ROMA step 3,141,009,408] sps=1,230,058  policy_loss=0.0037  value_loss=0.0327  mi_loss=0.0009  mi_valid=0.68  div_loss=-0.5703  kl_loss=0.0000 (disabled)  score=0.985  return=1.027  role_std=2.4407  role_norm=4.4009  enc_delta ego=0.0006 partner=0.0007 road=0.0011
[ROMA step 3,141,795,840] sps=1,225,539  policy_loss=-0.0004  value_loss=0.0276  mi_loss=0.0009  mi_valid=0.68  div_loss=-0.5703  kl_loss=0.0000 (disabled)  score=0.985  return=1.027  role_std=2.4303  role_norm=4.4718  enc_delta ego=0.0006 partner=0.0008 road=0.0010
[ROMA step 3,142,582,272] sps=1,221,075  policy_loss=0.0013  value_loss=0.0378  mi_loss=0.0009  mi_valid=0.68  div_loss=-0.5703  kl_loss=0.0000 (disabled)  score=0.985  return=1.026  role_std=2.4737  role_norm=4.3816  enc_delta ego=0.0006 partner=0.0008 road=0.0010
[ROMA step 3,143,368,704] sps=1,211,154  policy_loss=-0.0016  value_loss=0.0409  mi_loss=0.0010  mi_valid=0.67  div_loss=-0.5703  kl_loss=0.0000 (disabled)  score=0.985  return=1.026  role_std=2.4453  role_norm=4.1698  enc_delta ego=0.0007 partner=0.0006 road=0.0012
[ROMA step 3,144,155,136] sps=1,206,818  policy_loss=-0.0020  value_loss=0.0304  mi_loss=0.0010  mi_valid=0.69  div_loss=-0.5625  kl_loss=0.0000 (disabled)  score=0.985  return=1.026  role_std=2.3681  role_norm=4.2538  enc_delta ego=0.0008 partner=0.0007 road=0.0013
[ROMA step 3,144,941,568] sps=1,202,473  policy_loss=-0.0024  value_loss=0.0297  mi_loss=0.0010  mi_valid=0.68  div_loss=-0.5664  kl_loss=0.0000 (disabled)  score=0.985  return=1.025  role_std=2.2663  role_norm=4.3231  enc_delta ego=0.0008 partner=0.0008 road=0.0013
[ROMA step 3,145,728,000] sps=1,193,141  policy_loss=-0.0024  value_loss=0.0409  mi_loss=0.0010  mi_valid=0.67  div_loss=-0.5742  kl_loss=0.0000 (disabled)  score=0.985  return=1.024  role_std=2.3039  role_norm=4.6356  enc_delta ego=0.0005 partner=0.0007 road=0.0010
[ROMA step 3,146,514,432] sps=1,188,961  policy_loss=0.0030  value_loss=0.0233  mi_loss=0.0009  mi_valid=0.68  div_loss=-0.5625  kl_loss=0.0000 (disabled)  score=0.985  return=1.024  role_std=2.4939  role_norm=4.3908  enc_delta ego=0.0008 partner=0.0007 road=0.0013
[ROMA step 3,147,300,864] sps=1,184,797  policy_loss=-0.0035  value_loss=0.0227  mi_loss=0.0009  mi_valid=0.67  div_loss=-0.5703  kl_loss=0.0000 (disabled)  score=0.985  return=1.024  role_std=2.4891  role_norm=4.3702  enc_delta ego=0.0006 partner=0.0008 road=0.0013
[ROMA step 3,148,087,296] sps=1,180,671  policy_loss=0.0001  value_loss=0.0274  mi_loss=0.0009  mi_valid=0.68  div_loss=-0.5625  kl_loss=0.0000 (disabled)  score=0.985  return=1.024  role_std=2.4561  role_norm=4.3274  enc_delta ego=0.0006 partner=0.0006 road=0.0012
[ROMA step 3,148,873,728] sps=1,172,475  policy_loss=-0.0045  value_loss=0.0328  mi_loss=0.0009  mi_valid=0.67  div_loss=-0.5820  kl_loss=0.0000 (disabled)  score=0.985  return=1.024  role_std=2.4569  role_norm=4.3605  enc_delta ego=0.0006 partner=0.0007 road=0.0011
[ROMA step 3,149,660,160] sps=1,168,481  policy_loss=-0.0031  value_loss=0.0217  mi_loss=0.0008  mi_valid=0.68  div_loss=-0.5781  kl_loss=0.0000 (disabled)  score=0.986  return=1.025  role_std=2.4575  role_norm=4.3450  enc_delta ego=0.0006 partner=0.0007 road=0.0011
[ROMA step 3,150,446,592] sps=1,164,517  policy_loss=-0.0018  value_loss=0.0246  mi_loss=0.0008  mi_valid=0.68  div_loss=-0.5742  kl_loss=0.0000 (disabled)  score=0.986  return=1.026  role_std=2.5077  role_norm=4.3609  enc_delta ego=0.0006 partner=0.0007 road=0.0012
[ROMA step 3,151,233,024] sps=1,154,704  policy_loss=0.0036  value_loss=0.0368  mi_loss=0.0008  mi_valid=0.66  div_loss=-0.5820  kl_loss=0.0000 (disabled)  score=0.987  return=1.027  role_std=2.6539  role_norm=3.5549  enc_delta ego=0.0005 partner=0.0006 road=0.0009
[ROMA step 3,152,019,456] sps=1,150,774  policy_loss=0.0015  value_loss=0.0221  mi_loss=0.0008  mi_valid=0.69  div_loss=-0.5586  kl_loss=0.0000 (disabled)  score=0.987  return=1.028  role_std=2.2365  role_norm=4.2237  enc_delta ego=0.0005 partner=0.0007 road=0.0009
[ROMA step 3,152,805,888] sps=1,146,800  policy_loss=-0.0010  value_loss=0.0287  mi_loss=0.0009  mi_valid=0.68  div_loss=-0.5586  kl_loss=0.0000 (disabled)  score=0.987  return=1.028  role_std=2.2982  role_norm=4.1373  enc_delta ego=0.0006 partner=0.0006 road=0.0010
[ROMA step 3,153,592,320] sps=1,142,892  policy_loss=0.0024  value_loss=0.0310  mi_loss=0.0009  mi_valid=0.69  div_loss=-0.5625  kl_loss=0.0000 (disabled)  score=0.987  return=1.028  role_std=2.3692  role_norm=4.2225  enc_delta ego=0.0006 partner=0.0006 road=0.0009
[ROMA step 3,154,378,752] sps=1,135,013  policy_loss=-0.0055  value_loss=0.0370  mi_loss=0.0009  mi_valid=0.67  div_loss=-0.5742  kl_loss=0.0000 (disabled)  score=0.987  return=1.028  role_std=2.4480  role_norm=4.0623  enc_delta ego=0.0006 partner=0.0005 road=0.0008
[ROMA step 3,155,165,184] sps=1,131,240  policy_loss=-0.0014  value_loss=0.0219  mi_loss=0.0009  mi_valid=0.68  div_loss=-0.5664  kl_loss=0.0000 (disabled)  score=0.987  return=1.028  role_std=2.4586  role_norm=4.2747  enc_delta ego=0.0005 partner=0.0006 road=0.0009
[ROMA step 3,155,951,616] sps=1,127,507  policy_loss=0.0032  value_loss=0.0233  mi_loss=0.0008  mi_valid=0.68  div_loss=-0.5703  kl_loss=0.0000 (disabled)  score=0.987  return=1.028  role_std=2.4361  role_norm=4.2607  enc_delta ego=0.0005 partner=0.0005 road=0.0009
[ROMA step 3,156,738,048] sps=1,123,792  policy_loss=-0.0046  value_loss=0.0209  mi_loss=0.0008  mi_valid=0.68  div_loss=-0.5703  kl_loss=0.0000 (disabled)  score=0.987  return=1.028  role_std=2.5145  role_norm=4.2821  enc_delta ego=0.0005 partner=0.0006 road=0.0009
[ROMA step 3,157,524,480] sps=1,116,329  policy_loss=-0.0047  value_loss=0.0356  mi_loss=0.0008  mi_valid=0.67  div_loss=-0.5781  kl_loss=0.0000 (disabled)  score=0.986  return=1.028  role_std=2.4069  role_norm=4.3363  enc_delta ego=0.0007 partner=0.0007 road=0.0012
[ROMA step 3,158,310,912] sps=1,112,688  policy_loss=0.0015  value_loss=0.0302  mi_loss=0.0008  mi_valid=0.69  div_loss=-0.5664  kl_loss=0.0000 (disabled)  score=0.986  return=1.028  role_std=2.3639  role_norm=4.3672  enc_delta ego=0.0006 partner=0.0008 road=0.0011
[ROMA step 3,159,097,344] sps=1,109,078  policy_loss=-0.0006  value_loss=0.0277  mi_loss=0.0008  mi_valid=0.68  div_loss=-0.5742  kl_loss=0.0000 (disabled)  score=0.986  return=1.028  role_std=2.3516  role_norm=4.2194  enc_delta ego=0.0006 partner=0.0007 road=0.0010
[ROMA step 3,159,883,776] sps=1,102,307  policy_loss=-0.0011  value_loss=0.0357  mi_loss=0.0008  mi_valid=0.67  div_loss=-0.5938  kl_loss=0.0000 (disabled)  score=0.986  return=1.029  role_std=2.6579  role_norm=4.3316  enc_delta ego=0.0005 partner=0.0007 road=0.0008
[ROMA step 3,160,670,208] sps=1,098,780  policy_loss=0.0083  value_loss=0.0262  mi_loss=0.0008  mi_valid=0.68  div_loss=-0.5938  kl_loss=0.0000 (disabled)  score=0.986  return=1.030  role_std=2.5197  role_norm=4.4644  enc_delta ego=0.0007 partner=0.0006 road=0.0009
[ROMA step 3,161,456,640] sps=1,095,267  policy_loss=0.0007  value_loss=0.0321  mi_loss=0.0008  mi_valid=0.67  div_loss=-0.5820  kl_loss=0.0000 (disabled)  score=0.986  return=1.030  role_std=2.6008  role_norm=4.4884  enc_delta ego=0.0007 partner=0.0006 road=0.0009
[ROMA step 3,162,243,072] sps=1,091,783  policy_loss=0.0013  value_loss=0.0235  mi_loss=0.0008  mi_valid=0.67  div_loss=-0.5859  kl_loss=0.0000 (disabled)  score=0.987  return=1.032  role_std=2.4784  role_norm=4.4956  enc_delta ego=0.0004 partner=0.0006 road=0.0009
[ROMA step 3,163,029,504] sps=1,084,285  policy_loss=0.0011  value_loss=0.0287  mi_loss=0.0009  mi_valid=0.67  div_loss=-0.5977  kl_loss=0.0000 (disabled)  score=0.987  return=1.032  role_std=2.5021  role_norm=4.3634  enc_delta ego=0.0004 partner=0.0006 road=0.0009
[ROMA step 3,163,815,936] sps=1,080,824  policy_loss=-0.0030  value_loss=0.0225  mi_loss=0.0008  mi_valid=0.68  div_loss=-0.5820  kl_loss=0.0000 (disabled)  score=0.987  return=1.032  role_std=2.4299  role_norm=4.2207  enc_delta ego=0.0005 partner=0.0006 road=0.0011
[ROMA step 3,164,602,368] sps=1,077,396  policy_loss=-0.0037  value_loss=0.0245  mi_loss=0.0008  mi_valid=0.68  div_loss=-0.5820  kl_loss=0.0000 (disabled)  score=0.986  return=1.032  role_std=2.5249  role_norm=4.2434  enc_delta ego=0.0005 partner=0.0006 road=0.0009
[ROMA step 3,165,388,800] sps=1,070,595  policy_loss=0.0006  value_loss=0.0352  mi_loss=0.0008  mi_valid=0.67  div_loss=-0.5938  kl_loss=0.0000 (disabled)  score=0.986  return=1.032  role_std=2.4405  role_norm=4.1745  enc_delta ego=0.0005 partner=0.0006 road=0.0009
[ROMA step 3,166,175,232] sps=1,067,238  policy_loss=0.0001  value_loss=0.0300  mi_loss=0.0008  mi_valid=0.68  div_loss=-0.5742  kl_loss=0.0000 (disabled)  score=0.986  return=1.033  role_std=2.5102  role_norm=4.3155  enc_delta ego=0.0006 partner=0.0007 road=0.0012
[ROMA step 3,166,961,664] sps=1,063,907  policy_loss=-0.0027  value_loss=0.0204  mi_loss=0.0008  mi_valid=0.68  div_loss=-0.5742  kl_loss=0.0000 (disabled)  score=0.986  return=1.033  role_std=2.4320  role_norm=4.2307  enc_delta ego=0.0005 partner=0.0006 road=0.0009
[ROMA step 3,167,748,096] sps=1,060,599  policy_loss=0.0051  value_loss=0.0276  mi_loss=0.0008  mi_valid=0.68  div_loss=-0.5742  kl_loss=0.0000 (disabled)  score=0.986  return=1.033  role_std=2.5301  role_norm=4.3353  enc_delta ego=0.0005 partner=0.0007 road=0.0010
[ROMA step 3,168,534,528] sps=1,050,935  policy_loss=0.0005  value_loss=0.0359  mi_loss=0.0009  mi_valid=0.67  div_loss=-0.5820  kl_loss=0.0000 (disabled)  score=0.986  return=1.033  role_std=2.4775  role_norm=4.1178  enc_delta ego=0.0005 partner=0.0007 road=0.0011
[ROMA step 3,169,320,960] sps=1,047,731  policy_loss=0.0001  value_loss=0.0279  mi_loss=0.0008  mi_valid=0.68  div_loss=-0.5742  kl_loss=0.0000 (disabled)  score=0.987  return=1.033  role_std=2.4108  role_norm=4.3459  enc_delta ego=0.0008 partner=0.0008 road=0.0012
[ROMA step 3,170,107,392] sps=1,044,349  policy_loss=-0.0029  value_loss=0.0224  mi_loss=0.0009  mi_valid=0.68  div_loss=-0.5742  kl_loss=0.0000 (disabled)  score=0.987  return=1.032  role_std=2.4073  role_norm=4.3737  enc_delta ego=0.0006 partner=0.0006 road=0.0010
[ROMA step 3,170,893,824] sps=1,037,930  policy_loss=0.0017  value_loss=0.0348  mi_loss=0.0009  mi_valid=0.67  div_loss=-0.5859  kl_loss=0.0000 (disabled)  score=0.987  return=1.032  role_std=2.3736  role_norm=4.6788  enc_delta ego=0.0005 partner=0.0005 road=0.0009
[ROMA step 3,171,680,256] sps=1,034,804  policy_loss=0.0036  value_loss=0.0256  mi_loss=0.0008  mi_valid=0.67  div_loss=-0.5820  kl_loss=0.0000 (disabled)  score=0.987  return=1.033  role_std=2.5445  role_norm=4.3303  enc_delta ego=0.0006 partner=0.0005 road=0.0008
[ROMA step 3,172,466,688] sps=1,031,691  policy_loss=-0.0002  value_loss=0.0244  mi_loss=0.0008  mi_valid=0.67  div_loss=-0.5820  kl_loss=0.0000 (disabled)  score=0.987  return=1.033  role_std=2.5851  role_norm=4.3399  enc_delta ego=0.0005 partner=0.0006 road=0.0008
[ROMA step 3,173,253,120] sps=1,028,595  policy_loss=0.0006  value_loss=0.0202  mi_loss=0.0008  mi_valid=0.67  div_loss=-0.5742  kl_loss=0.0000 (disabled)  score=0.987  return=1.034  role_std=2.4488  role_norm=4.3743  enc_delta ego=0.0006 partner=0.0005 road=0.0010
[ROMA step 3,174,039,552] sps=1,022,516  policy_loss=0.0067  value_loss=0.0362  mi_loss=0.0009  mi_valid=0.66  div_loss=-0.5898  kl_loss=0.0000 (disabled)  score=0.987  return=1.033  role_std=2.2724  role_norm=4.2467  enc_delta ego=0.0005 partner=0.0006 road=0.0009
[ROMA step 3,174,825,984] sps=1,019,510  policy_loss=-0.0046  value_loss=0.0269  mi_loss=0.0009  mi_valid=0.68  div_loss=-0.5820  kl_loss=0.0000 (disabled)  score=0.987  return=1.033  role_std=2.3543  role_norm=4.1657  enc_delta ego=0.0006 partner=0.0007 road=0.0008
[ROMA step 3,175,612,416] sps=1,016,440  policy_loss=-0.0033  value_loss=0.0262  mi_loss=0.0009  mi_valid=0.68  div_loss=-0.5820  kl_loss=0.0000 (disabled)  score=0.987  return=1.033  role_std=2.3914  role_norm=4.1416  enc_delta ego=0.0005 partner=0.0008 road=0.0011
[ROMA step 3,176,398,848] sps=1,010,419  policy_loss=-0.0058  value_loss=0.0274  mi_loss=0.0009  mi_valid=0.66  div_loss=-0.5898  kl_loss=0.0000 (disabled)  score=0.987  return=1.033  role_std=2.8399  role_norm=3.8967  enc_delta ego=0.0005 partner=0.0005 road=0.0008
[ROMA step 3,177,185,280] sps=1,007,507  policy_loss=-0.0021  value_loss=0.0245  mi_loss=0.0009  mi_valid=0.67  div_loss=-0.5742  kl_loss=0.0000 (disabled)  score=0.987  return=1.034  role_std=2.5437  role_norm=4.3732  enc_delta ego=0.0007 partner=0.0006 road=0.0010
[ROMA step 3,177,971,712] sps=1,004,559  policy_loss=0.0013  value_loss=0.0301  mi_loss=0.0009  mi_valid=0.67  div_loss=-0.5859  kl_loss=0.0000 (disabled)  score=0.987  return=1.033  role_std=2.5932  role_norm=4.5259  enc_delta ego=0.0008 partner=0.0006 road=0.0013
[ROMA step 3,178,758,144] sps=1,001,671  policy_loss=0.0006  value_loss=0.0311  mi_loss=0.0009  mi_valid=0.67  div_loss=-0.5781  kl_loss=0.0000 (disabled)  score=0.987  return=1.033  role_std=2.5135  role_norm=4.4122  enc_delta ego=0.0006 partner=0.0005 road=0.0011
[ROMA step 3,179,544,576] sps=994,076  policy_loss=-0.0014  value_loss=0.0304  mi_loss=0.0009  mi_valid=0.66  div_loss=-0.5898  kl_loss=0.0000 (disabled)  score=0.987  return=1.032  role_std=2.4853  role_norm=4.2376  enc_delta ego=0.0006 partner=0.0005 road=0.0011
[ROMA step 3,180,331,008] sps=991,177  policy_loss=-0.0053  value_loss=0.0161  mi_loss=0.0008  mi_valid=0.67  div_loss=-0.5781  kl_loss=0.0000 (disabled)  score=0.987  return=1.033  role_std=2.4978  role_norm=4.2632  enc_delta ego=0.0006 partner=0.0006 road=0.0010
[ROMA step 3,181,117,440] sps=988,292  policy_loss=-0.0051  value_loss=0.0169  mi_loss=0.0008  mi_valid=0.66  div_loss=-0.5703  kl_loss=0.0000 (disabled)  score=0.987  return=1.033  role_std=2.4597  role_norm=4.2581  enc_delta ego=0.0006 partner=0.0005 road=0.0009
[ROMA step 3,181,903,872] sps=985,407  policy_loss=0.0019  value_loss=0.0144  mi_loss=0.0008  mi_valid=0.66  div_loss=-0.5742  kl_loss=0.0000 (disabled)  score=0.988  return=1.034  role_std=2.4232  role_norm=4.2690  enc_delta ego=0.0005 partner=0.0004 road=0.0008
[ROMA step 3,182,690,304] sps=979,764  policy_loss=-0.0021  value_loss=0.0293  mi_loss=0.0008  mi_valid=0.66  div_loss=-0.5898  kl_loss=0.0000 (disabled)  score=0.988  return=1.034  role_std=2.4896  role_norm=4.3221  enc_delta ego=0.0005 partner=0.0006 road=0.0010
[ROMA step 3,183,476,736] sps=976,998  policy_loss=-0.0034  value_loss=0.0223  mi_loss=0.0008  mi_valid=0.67  div_loss=-0.5820  kl_loss=0.0000 (disabled)  score=0.988  return=1.034  role_std=2.4023  role_norm=4.2281  enc_delta ego=0.0005 partner=0.0006 road=0.0010
[ROMA step 3,184,263,168] sps=974,233  policy_loss=0.0059  value_loss=0.0231  mi_loss=0.0008  mi_valid=0.67  div_loss=-0.5820  kl_loss=0.0000 (disabled)  score=0.988  return=1.034  role_std=2.4983  role_norm=4.2960  enc_delta ego=0.0005 partner=0.0005 road=0.0008
[ROMA step 3,185,049,600] sps=964,886  policy_loss=-0.0006  value_loss=0.0321  mi_loss=0.0008  mi_valid=0.66  div_loss=-0.5820  kl_loss=0.0000 (disabled)  score=0.988  return=1.034  role_std=2.3414  role_norm=4.1422  enc_delta ego=0.0005 partner=0.0005 road=0.0009
[ROMA step 3,185,836,032] sps=962,152  policy_loss=-0.0001  value_loss=0.0255  mi_loss=0.0008  mi_valid=0.68  div_loss=-0.5586  kl_loss=0.0000 (disabled)  score=0.987  return=1.034  role_std=2.3798  role_norm=4.2900  enc_delta ego=0.0006 partner=0.0004 road=0.0010
[ROMA step 3,186,622,464] sps=959,203  policy_loss=0.0018  value_loss=0.0240  mi_loss=0.0008  mi_valid=0.68  div_loss=-0.5547  kl_loss=0.0000 (disabled)  score=0.988  return=1.035  role_std=2.4337  role_norm=4.2667  enc_delta ego=0.0005 partner=0.0006 road=0.0011
[ROMA step 3,187,408,896] sps=956,531  policy_loss=-0.0030  value_loss=0.0257  mi_loss=0.0009  mi_valid=0.68  div_loss=-0.5625  kl_loss=0.0000 (disabled)  score=0.988  return=1.036  role_std=2.4021  role_norm=4.3003  enc_delta ego=0.0006 partner=0.0005 road=0.0011
[ROMA step 3,188,195,328] sps=950,203  policy_loss=0.0057  value_loss=0.0457  mi_loss=0.0009  mi_valid=0.67  div_loss=-0.5898  kl_loss=0.0000 (disabled)  score=0.987  return=1.036  role_std=2.4441  role_norm=4.2269  enc_delta ego=0.0006 partner=0.0006 road=0.0011
[ROMA step 3,188,981,760] sps=947,592  policy_loss=0.0046  value_loss=0.0281  mi_loss=0.0009  mi_valid=0.68  div_loss=-0.5859  kl_loss=0.0000 (disabled)  score=0.987  return=1.036  role_std=2.4319  role_norm=4.1621  enc_delta ego=0.0006 partner=0.0007 road=0.0010
[ROMA step 3,189,768,192] sps=944,887  policy_loss=-0.0005  value_loss=0.0250  mi_loss=0.0009  mi_valid=0.68  div_loss=-0.5820  kl_loss=0.0000 (disabled)  score=0.987  return=1.035  role_std=2.5212  role_norm=4.0812  enc_delta ego=0.0005 partner=0.0007 road=0.0008
[ROMA step 3,190,554,624] sps=938,494  policy_loss=-0.0015  value_loss=0.0415  mi_loss=0.0009  mi_valid=0.67  div_loss=-0.5898  kl_loss=0.0000 (disabled)  score=0.987  return=1.035  role_std=2.4792  role_norm=4.2033  enc_delta ego=0.0007 partner=0.0006 road=0.0009
[ROMA step 3,191,341,056] sps=935,966  policy_loss=0.0003  value_loss=0.0208  mi_loss=0.0009  mi_valid=0.68  div_loss=-0.5703  kl_loss=0.0000 (disabled)  score=0.987  return=1.035  role_std=2.4135  role_norm=4.4163  enc_delta ego=0.0006 partner=0.0006 road=0.0011
[ROMA step 3,192,127,488] sps=933,447  policy_loss=0.0038  value_loss=0.0254  mi_loss=0.0009  mi_valid=0.68  div_loss=-0.5664  kl_loss=0.0000 (disabled)  score=0.987  return=1.035  role_std=2.4540  role_norm=4.2451  enc_delta ego=0.0006 partner=0.0006 road=0.0010
[ROMA step 3,192,913,920] sps=930,927  policy_loss=-0.0040  value_loss=0.0231  mi_loss=0.0009  mi_valid=0.68  div_loss=-0.5625  kl_loss=0.0000 (disabled)  score=0.987  return=1.034  role_std=2.3970  role_norm=4.1761  enc_delta ego=0.0006 partner=0.0006 road=0.0009
[ROMA step 3,193,700,352] sps=925,540  policy_loss=-0.0009  value_loss=0.0338  mi_loss=0.0009  mi_valid=0.66  div_loss=-0.5820  kl_loss=0.0000 (disabled)  score=0.987  return=1.034  role_std=2.5524  role_norm=4.2354  enc_delta ego=0.0005 partner=0.0005 road=0.0009
[ROMA step 3,194,486,784] sps=923,102  policy_loss=0.0037  value_loss=0.0261  mi_loss=0.0009  mi_valid=0.68  div_loss=-0.5742  kl_loss=0.0000 (disabled)  score=0.987  return=1.034  role_std=2.3492  role_norm=4.3678  enc_delta ego=0.0005 partner=0.0006 road=0.0008
[ROMA step 3,195,273,216] sps=920,694  policy_loss=-0.0009  value_loss=0.0253  mi_loss=0.0009  mi_valid=0.68  div_loss=-0.5742  kl_loss=0.0000 (disabled)  score=0.987  return=1.034  role_std=2.4994  role_norm=4.3852  enc_delta ego=0.0005 partner=0.0005 road=0.0008
[ROMA step 3,196,059,648] sps=915,159  policy_loss=-0.0017  value_loss=0.0381  mi_loss=0.0009  mi_valid=0.67  div_loss=-0.5898  kl_loss=0.0000 (disabled)  score=0.987  return=1.034  role_std=2.2384  role_norm=4.5452  enc_delta ego=0.0007 partner=0.0006 road=0.0010
[ROMA step 3,196,846,080] sps=912,639  policy_loss=0.0012  value_loss=0.0259  mi_loss=0.0008  mi_valid=0.68  div_loss=-0.5820  kl_loss=0.0000 (disabled)  score=0.987  return=1.033  role_std=2.4021  role_norm=4.1921  enc_delta ego=0.0010 partner=0.0008 road=0.0011
[ROMA step 3,197,632,512] sps=910,285  policy_loss=-0.0027  value_loss=0.0279  mi_loss=0.0009  mi_valid=0.69  div_loss=-0.5703  kl_loss=0.0000 (disabled)  score=0.987  return=1.033  role_std=2.3767  role_norm=4.1579  enc_delta ego=0.0009 partner=0.0007 road=0.0011
[ROMA step 3,198,418,944] sps=907,937  policy_loss=0.0045  value_loss=0.0269  mi_loss=0.0009  mi_valid=0.68  div_loss=-0.5820  kl_loss=0.0000 (disabled)  score=0.987  return=1.032  role_std=2.4753  role_norm=4.1854  enc_delta ego=0.0006 partner=0.0009 road=0.0009
[ROMA step 3,199,205,376] sps=902,358  policy_loss=0.0019  value_loss=0.0276  mi_loss=0.0008  mi_valid=0.66  div_loss=-0.5859  kl_loss=0.0000 (disabled)  score=0.987  return=1.032  role_std=2.5710  role_norm=4.5354  enc_delta ego=0.0006 partner=0.0005 road=0.0009
[ROMA step 3,199,991,808] sps=900,041  policy_loss=-0.0037  value_loss=0.0190  mi_loss=0.0008  mi_valid=0.67  div_loss=-0.5859  kl_loss=0.0000 (disabled)  score=0.987  return=1.032  role_std=2.4893  role_norm=4.4143  enc_delta ego=0.0006 partner=0.0006 road=0.0009
[ROMA step 3,200,778,240] sps=897,724  policy_loss=0.0043  value_loss=0.0210  mi_loss=0.0008  mi_valid=0.67  div_loss=-0.5820  kl_loss=0.0000 (disabled)  score=0.987  return=1.032  role_std=2.5910  role_norm=4.4491  enc_delta ego=0.0005 partner=0.0006 road=0.0008
[ROMA step 3,201,564,672] sps=892,167  policy_loss=-0.0022  value_loss=0.0277  mi_loss=0.0009  mi_valid=0.65  div_loss=-0.5898  kl_loss=0.0000 (disabled)  score=0.987  return=1.032  role_std=2.7851  role_norm=3.8496  enc_delta ego=0.0004 partner=0.0005 road=0.0008
[ROMA step 3,202,351,104] sps=889,923  policy_loss=0.0037  value_loss=0.0256  mi_loss=0.0008  mi_valid=0.66  div_loss=-0.5977  kl_loss=0.0000 (disabled)  score=0.987  return=1.032  role_std=2.6902  role_norm=4.3100  enc_delta ego=0.0005 partner=0.0006 road=0.0009
[ROMA step 3,203,137,536] sps=887,686  policy_loss=0.0031  value_loss=0.0289  mi_loss=0.0008  mi_valid=0.67  div_loss=-0.6055  kl_loss=0.0000 (disabled)  score=0.987  return=1.032  role_std=2.5171  role_norm=4.4753  enc_delta ego=0.0005 partner=0.0006 road=0.0008
[ROMA step 3,203,923,968] sps=885,457  policy_loss=0.0040  value_loss=0.0202  mi_loss=0.0009  mi_valid=0.66  div_loss=-0.5977  kl_loss=0.0000 (disabled)  score=0.987  return=1.032  role_std=2.6802  role_norm=4.3546  enc_delta ego=0.0006 partner=0.0007 road=0.0010
[ROMA step 3,204,710,400] sps=880,787  policy_loss=0.0028  value_loss=0.0317  mi_loss=0.0008  mi_valid=0.66  div_loss=-0.6055  kl_loss=0.0000 (disabled)  score=0.987  return=1.032  role_std=2.5433  role_norm=4.2776  enc_delta ego=0.0005 partner=0.0006 road=0.0008
[ROMA step 3,205,496,832] sps=878,590  policy_loss=-0.0008  value_loss=0.0246  mi_loss=0.0008  mi_valid=0.67  div_loss=-0.5703  kl_loss=0.0000 (disabled)  score=0.987  return=1.033  role_std=2.5606  role_norm=4.3005  enc_delta ego=0.0007 partner=0.0007 road=0.0009
[ROMA step 3,206,283,264] sps=876,375  policy_loss=-0.0009  value_loss=0.0194  mi_loss=0.0008  mi_valid=0.67  div_loss=-0.5742  kl_loss=0.0000 (disabled)  score=0.987  return=1.033  role_std=2.4278  role_norm=4.1373  enc_delta ego=0.0005 partner=0.0006 road=0.0009
[ROMA step 3,207,069,696] sps=874,201  policy_loss=0.0026  value_loss=0.0208  mi_loss=0.0008  mi_valid=0.67  div_loss=-0.5664  kl_loss=0.0000 (disabled)  score=0.987  return=1.034  role_std=2.4866  role_norm=4.4304  enc_delta ego=0.0004 partner=0.0005 road=0.0008
[ROMA step 3,207,856,128] sps=869,308  policy_loss=-0.0014  value_loss=0.0272  mi_loss=0.0009  mi_valid=0.66  div_loss=-0.5820  kl_loss=0.0000 (disabled)  score=0.987  return=1.034  role_std=2.5114  role_norm=4.3175  enc_delta ego=0.0005 partner=0.0004 road=0.0008
[ROMA step 3,208,642,560] sps=867,185  policy_loss=0.0009  value_loss=0.0293  mi_loss=0.0008  mi_valid=0.67  div_loss=-0.5664  kl_loss=0.0000 (disabled)  score=0.987  return=1.033  role_std=2.4425  role_norm=4.3220  enc_delta ego=0.0005 partner=0.0004 road=0.0008
[ROMA step 3,209,428,992] sps=865,079  policy_loss=0.0063  value_loss=0.0312  mi_loss=0.0009  mi_valid=0.67  div_loss=-0.5625  kl_loss=0.0000 (disabled)  score=0.988  return=1.033  role_std=2.4075  role_norm=4.2559  enc_delta ego=0.0006 partner=0.0005 road=0.0009
[ROMA step 3,210,215,424] sps=859,923  policy_loss=0.0022  value_loss=0.0311  mi_loss=0.0009  mi_valid=0.66  div_loss=-0.5820  kl_loss=0.0000 (disabled)  score=0.988  return=1.033  role_std=2.6274  role_norm=4.2977  enc_delta ego=0.0006 partner=0.0004 road=0.0007
[ROMA step 3,211,001,856] sps=857,632  policy_loss=0.0019  value_loss=0.0244  mi_loss=0.0011  mi_valid=0.67  div_loss=-0.5742  kl_loss=0.0000 (disabled)  score=0.988  return=1.034  role_std=2.4831  role_norm=4.3415  enc_delta ego=0.0006 partner=0.0006 road=0.0009
[ROMA step 3,211,788,288] sps=855,395  policy_loss=-0.0048  value_loss=0.0303  mi_loss=0.0009  mi_valid=0.67  div_loss=-0.5859  kl_loss=0.0000 (disabled)  score=0.988  return=1.034  role_std=2.5355  role_norm=4.3456  enc_delta ego=0.0008 partner=0.0005 road=0.0009
[ROMA step 3,212,574,720] sps=853,347  policy_loss=0.0044  value_loss=0.0281  mi_loss=0.0010  mi_valid=0.67  div_loss=-0.5781  kl_loss=0.0000 (disabled)  score=0.988  return=1.034  role_std=2.5727  role_norm=4.3548  enc_delta ego=0.0006 partner=0.0005 road=0.0010
[ROMA step 3,213,361,152] sps=848,195  policy_loss=0.0068  value_loss=0.0354  mi_loss=0.0008  mi_valid=0.66  div_loss=-0.5938  kl_loss=0.0000 (disabled)  score=0.988  return=1.034  role_std=2.4370  role_norm=4.2695  enc_delta ego=0.0004 partner=0.0004 road=0.0008
[ROMA step 3,214,147,584] sps=846,135  policy_loss=-0.0023  value_loss=0.0242  mi_loss=0.0008  mi_valid=0.67  div_loss=-0.5859  kl_loss=0.0000 (disabled)  score=0.988  return=1.034  role_std=2.4051  role_norm=4.2115  enc_delta ego=0.0004 partner=0.0006 road=0.0008
[ROMA step 3,214,934,016] sps=844,093  policy_loss=0.0027  value_loss=0.0273  mi_loss=0.0008  mi_valid=0.67  div_loss=-0.5820  kl_loss=0.0000 (disabled)  score=0.988  return=1.034  role_std=2.5201  role_norm=4.1837  enc_delta ego=0.0004 partner=0.0005 road=0.0008
[ROMA step 3,215,720,448] sps=839,589  policy_loss=0.0008  value_loss=0.0339  mi_loss=0.0009  mi_valid=0.66  div_loss=-0.5898  kl_loss=0.0000 (disabled)  score=0.988  return=1.034  role_std=2.3660  role_norm=4.2421  enc_delta ego=0.0005 partner=0.0005 road=0.0007
[ROMA step 3,216,506,880] sps=837,606  policy_loss=0.0008  value_loss=0.0236  mi_loss=0.0009  mi_valid=0.68  div_loss=-0.5781  kl_loss=0.0000 (disabled)  score=0.988  return=1.034  role_std=2.4963  role_norm=4.2998  enc_delta ego=0.0005 partner=0.0005 road=0.0008
[ROMA step 3,217,293,312] sps=835,640  policy_loss=-0.0008  value_loss=0.0215  mi_loss=0.0008  mi_valid=0.68  div_loss=-0.5742  kl_loss=0.0000 (disabled)  score=0.988  return=1.033  role_std=2.4438  role_norm=4.2951  enc_delta ego=0.0005 partner=0.0005 road=0.0008
[ROMA step 3,218,079,744] sps=833,666  policy_loss=-0.0050  value_loss=0.0239  mi_loss=0.0009  mi_valid=0.68  div_loss=-0.5781  kl_loss=0.0000 (disabled)  score=0.988  return=1.032  role_std=2.4902  role_norm=4.2519  enc_delta ego=0.0005 partner=0.0006 road=0.0008
[ROMA step 3,218,866,176] sps=829,028  policy_loss=-0.0016  value_loss=0.0307  mi_loss=0.0009  mi_valid=0.67  div_loss=-0.5781  kl_loss=0.0000 (disabled)  score=0.988  return=1.032  role_std=2.3793  role_norm=4.0094  enc_delta ego=0.0005 partner=0.0005 road=0.0010
[ROMA step 3,219,652,608] sps=826,966  policy_loss=-0.0020  value_loss=0.0257  mi_loss=0.0009  mi_valid=0.69  div_loss=-0.5742  kl_loss=0.0000 (disabled)  score=0.988  return=1.031  role_std=2.3509  role_norm=4.1981  enc_delta ego=0.0005 partner=0.0005 road=0.0009
[ROMA step 3,220,439,040] sps=824,827  policy_loss=-0.0019  value_loss=0.0266  mi_loss=0.0009  mi_valid=0.68  div_loss=-0.5703  kl_loss=0.0000 (disabled)  score=0.988  return=1.031  role_std=2.3423  role_norm=4.3050  enc_delta ego=0.0005 partner=0.0004 road=0.0009
[ROMA step 3,221,225,472] sps=819,882  policy_loss=-0.0027  value_loss=0.0353  mi_loss=0.0009  mi_valid=0.67  div_loss=-0.5820  kl_loss=0.0000 (disabled)  score=0.987  return=1.029  role_std=2.2636  role_norm=4.5075  enc_delta ego=0.0004 partner=0.0005 road=0.0010
[ROMA step 3,222,011,904] sps=818,011  policy_loss=-0.0077  value_loss=0.0263  mi_loss=0.0009  mi_valid=0.69  div_loss=-0.5508  kl_loss=0.0000 (disabled)  score=0.987  return=1.029  role_std=2.3019  role_norm=4.1662  enc_delta ego=0.0005 partner=0.0005 road=0.0007
[ROMA step 3,222,798,336] sps=816,152  policy_loss=0.0006  value_loss=0.0280  mi_loss=0.0009  mi_valid=0.69  div_loss=-0.5625  kl_loss=0.0000 (disabled)  score=0.987  return=1.029  role_std=2.4039  role_norm=4.2093  enc_delta ego=0.0005 partner=0.0006 road=0.0008
[ROMA step 3,223,584,768] sps=814,295  policy_loss=0.0016  value_loss=0.0250  mi_loss=0.0009  mi_valid=0.69  div_loss=-0.5508  kl_loss=0.0000 (disabled)  score=0.987  return=1.028  role_std=2.3817  role_norm=4.1726  enc_delta ego=0.0004 partner=0.0006 road=0.0006
[ROMA step 3,224,371,200] sps=810,353  policy_loss=0.0049  value_loss=0.0337  mi_loss=0.0009  mi_valid=0.68  div_loss=-0.5664  kl_loss=0.0000 (disabled)  score=0.987  return=1.029  role_std=2.3430  role_norm=4.2368  enc_delta ego=0.0004 partner=0.0005 road=0.0008
[ROMA step 3,225,157,632] sps=808,516  policy_loss=-0.0038  value_loss=0.0222  mi_loss=0.0009  mi_valid=0.69  div_loss=-0.5625  kl_loss=0.0000 (disabled)  score=0.988  return=1.029  role_std=2.3666  role_norm=4.2648  enc_delta ego=0.0004 partner=0.0007 road=0.0007
[ROMA step 3,225,944,064] sps=806,675  policy_loss=-0.0050  value_loss=0.0231  mi_loss=0.0009  mi_valid=0.68  div_loss=-0.5625  kl_loss=0.0000 (disabled)  score=0.988  return=1.030  role_std=2.3923  role_norm=4.1489  enc_delta ego=0.0004 partner=0.0007 road=0.0010
[ROMA step 3,226,730,496] sps=802,406  policy_loss=0.0019  value_loss=0.0348  mi_loss=0.0009  mi_valid=0.67  div_loss=-0.5664  kl_loss=0.0000 (disabled)  score=0.988  return=1.030  role_std=2.5030  role_norm=3.7724  enc_delta ego=0.0004 partner=0.0005 road=0.0008
[ROMA step 3,227,516,928] sps=800,517  policy_loss=0.0018  value_loss=0.0267  mi_loss=0.0008  mi_valid=0.68  div_loss=-0.5664  kl_loss=0.0000 (disabled)  score=0.988  return=1.030  role_std=2.4085  role_norm=3.9922  enc_delta ego=0.0005 partner=0.0006 road=0.0010
[ROMA step 3,228,303,360] sps=798,735  policy_loss=0.0017  value_loss=0.0268  mi_loss=0.0009  mi_valid=0.68  div_loss=-0.5742  kl_loss=0.0000 (disabled)  score=0.988  return=1.030  role_std=2.3419  role_norm=4.2414  enc_delta ego=0.0004 partner=0.0006 road=0.0009
[ROMA step 3,229,089,792] sps=796,963  policy_loss=-0.0010  value_loss=0.0257  mi_loss=0.0009  mi_valid=0.68  div_loss=-0.5820  kl_loss=0.0000 (disabled)  score=0.988  return=1.030  role_std=2.4428  role_norm=4.2540  enc_delta ego=0.0005 partner=0.0006 road=0.0008
[ROMA step 3,229,876,224] sps=793,273  policy_loss=-0.0041  value_loss=0.0361  mi_loss=0.0009  mi_valid=0.68  div_loss=-0.5742  kl_loss=0.0000 (disabled)  score=0.988  return=1.030  role_std=2.3940  role_norm=4.1010  enc_delta ego=0.0005 partner=0.0005 road=0.0008
[ROMA step 3,230,662,656] sps=791,509  policy_loss=0.0073  value_loss=0.0290  mi_loss=0.0009  mi_valid=0.69  div_loss=-0.5625  kl_loss=0.0000 (disabled)  score=0.988  return=1.030  role_std=2.4437  role_norm=4.2233  enc_delta ego=0.0004 partner=0.0005 road=0.0007
[ROMA step 3,231,449,088] sps=789,612  policy_loss=0.0065  value_loss=0.0266  mi_loss=0.0009  mi_valid=0.69  div_loss=-0.5586  kl_loss=0.0000 (disabled)  score=0.987  return=1.029  role_std=2.3819  role_norm=4.1643  enc_delta ego=0.0005 partner=0.0005 road=0.0008
[ROMA step 3,232,235,520] sps=787,847  policy_loss=-0.0014  value_loss=0.0273  mi_loss=0.0009  mi_valid=0.69  div_loss=-0.5625  kl_loss=0.0000 (disabled)  score=0.987  return=1.029  role_std=2.3568  role_norm=4.2708  enc_delta ego=0.0005 partner=0.0005 road=0.0009
[ROMA step 3,233,021,952] sps=784,103  policy_loss=0.0002  value_loss=0.0338  mi_loss=0.0009  mi_valid=0.67  div_loss=-0.5898  kl_loss=0.0000 (disabled)  score=0.987  return=1.029  role_std=2.4661  role_norm=4.3454  enc_delta ego=0.0007 partner=0.0005 road=0.0010
[ROMA step 3,233,808,384] sps=782,298  policy_loss=-0.0008  value_loss=0.0292  mi_loss=0.0009  mi_valid=0.69  div_loss=-0.5820  kl_loss=0.0000 (disabled)  score=0.987  return=1.029  role_std=2.4555  role_norm=4.2935  enc_delta ego=0.0006 partner=0.0005 road=0.0010
[ROMA step 3,234,594,816] sps=780,620  policy_loss=-0.0018  value_loss=0.0294  mi_loss=0.0009  mi_valid=0.68  div_loss=-0.5742  kl_loss=0.0000 (disabled)  score=0.987  return=1.029  role_std=2.4167  role_norm=4.2662  enc_delta ego=0.0005 partner=0.0006 road=0.0010
[ROMA step 3,235,381,248] sps=777,282  policy_loss=-0.0059  value_loss=0.0358  mi_loss=0.0009  mi_valid=0.67  div_loss=-0.5898  kl_loss=0.0000 (disabled)  score=0.987  return=1.030  role_std=2.4701  role_norm=4.2689  enc_delta ego=0.0006 partner=0.0005 road=0.0007
[ROMA step 3,236,167,680] sps=775,612  policy_loss=0.0007  value_loss=0.0278  mi_loss=0.0009  mi_valid=0.68  div_loss=-0.5703  kl_loss=0.0000 (disabled)  score=0.987  return=1.030  role_std=2.4936  role_norm=4.3367  enc_delta ego=0.0004 partner=0.0005 road=0.0008
[ROMA step 3,236,954,112] sps=773,947  policy_loss=-0.0027  value_loss=0.0250  mi_loss=0.0009  mi_valid=0.68  div_loss=-0.5742  kl_loss=0.0000 (disabled)  score=0.987  return=1.031  role_std=2.3915  role_norm=4.3023  enc_delta ego=0.0005 partner=0.0005 road=0.0008
[ROMA step 3,237,740,544] sps=772,286  policy_loss=-0.0023  value_loss=0.0297  mi_loss=0.0009  mi_valid=0.68  div_loss=-0.5742  kl_loss=0.0000 (disabled)  score=0.987  return=1.031  role_std=2.4817  role_norm=4.2261  enc_delta ego=0.0005 partner=0.0005 road=0.0008
[ROMA step 3,238,526,976] sps=768,664  policy_loss=0.0009  value_loss=0.0396  mi_loss=0.0010  mi_valid=0.66  div_loss=-0.5977  kl_loss=0.0000 (disabled)  score=0.987  return=1.032  role_std=2.5735  role_norm=4.3100  enc_delta ego=0.0006 partner=0.0004 road=0.0010
[ROMA step 3,239,313,408] sps=767,032  policy_loss=0.0019  value_loss=0.0308  mi_loss=0.0009  mi_valid=0.68  div_loss=-0.5898  kl_loss=0.0000 (disabled)  score=0.987  return=1.031  role_std=2.5497  role_norm=4.2629  enc_delta ego=0.0004 partner=0.0005 road=0.0009
[ROMA step 3,240,099,840] sps=765,403  policy_loss=-0.0022  value_loss=0.0339  mi_loss=0.0009  mi_valid=0.67  div_loss=-0.5977  kl_loss=0.0000 (disabled)  score=0.987  return=1.030  role_std=2.5525  role_norm=4.2897  enc_delta ego=0.0006 partner=0.0005 road=0.0010
[ROMA step 3,240,886,272] sps=762,056  policy_loss=0.0023  value_loss=0.0412  mi_loss=0.0010  mi_valid=0.66  div_loss=-0.6016  kl_loss=0.0000 (disabled)  score=0.987  return=1.029  role_std=2.6704  role_norm=4.4876  enc_delta ego=0.0004 partner=0.0005 road=0.0008
[ROMA step 3,241,672,704] sps=760,485  policy_loss=0.0033  value_loss=0.0219  mi_loss=0.0009  mi_valid=0.67  div_loss=-0.5898  kl_loss=0.0000 (disabled)  score=0.987  return=1.029  role_std=2.8021  role_norm=4.5906  enc_delta ego=0.0005 partner=0.0005 road=0.0008
[ROMA step 3,242,459,136] sps=758,873  policy_loss=-0.0030  value_loss=0.0245  mi_loss=0.0009  mi_valid=0.67  div_loss=-0.5898  kl_loss=0.0000 (disabled)  score=0.986  return=1.028  role_std=2.6510  role_norm=4.5872  enc_delta ego=0.0006 partner=0.0005 road=0.0008
[ROMA step 3,243,245,568] sps=757,311  policy_loss=-0.0015  value_loss=0.0258  mi_loss=0.0009  mi_valid=0.66  div_loss=-0.5859  kl_loss=0.0000 (disabled)  score=0.986  return=1.028  role_std=2.6859  role_norm=4.4527  enc_delta ego=0.0005 partner=0.0005 road=0.0007
[ROMA step 3,244,032,000] sps=754,130  policy_loss=-0.0009  value_loss=0.0322  mi_loss=0.0009  mi_valid=0.66  div_loss=-0.5977  kl_loss=0.0000 (disabled)  score=0.986  return=1.027  role_std=2.3901  role_norm=4.0600  enc_delta ego=0.0004 partner=0.0004 road=0.0008
[ROMA step 3,244,818,432] sps=752,561  policy_loss=-0.0028  value_loss=0.0222  mi_loss=0.0008  mi_valid=0.68  div_loss=-0.5820  kl_loss=0.0000 (disabled)  score=0.986  return=1.027  role_std=2.3999  role_norm=4.0880  enc_delta ego=0.0005 partner=0.0004 road=0.0007
[ROMA step 3,245,604,864] sps=750,995  policy_loss=0.0040  value_loss=0.0214  mi_loss=0.0009  mi_valid=0.68  div_loss=-0.5859  kl_loss=0.0000 (disabled)  score=0.986  return=1.027  role_std=2.3547  role_norm=4.2417  enc_delta ego=0.0005 partner=0.0005 road=0.0008
[ROMA step 3,246,391,296] sps=747,752  policy_loss=-0.0012  value_loss=0.0333  mi_loss=0.0009  mi_valid=0.67  div_loss=-0.5938  kl_loss=0.0000 (disabled)  score=0.986  return=1.027  role_std=2.3985  role_norm=4.4314  enc_delta ego=0.0004 partner=0.0005 road=0.0007
[ROMA step 3,247,177,728] sps=746,042  policy_loss=0.0001  value_loss=0.0240  mi_loss=0.0009  mi_valid=0.68  div_loss=-0.5781  kl_loss=0.0000 (disabled)  score=0.986  return=1.027  role_std=2.4632  role_norm=4.2257  enc_delta ego=0.0005 partner=0.0005 road=0.0008
[ROMA step 3,247,964,160] sps=744,408  policy_loss=-0.0021  value_loss=0.0179  mi_loss=0.0009  mi_valid=0.68  div_loss=-0.5781  kl_loss=0.0000 (disabled)  score=0.986  return=1.027  role_std=2.3909  role_norm=4.1096  enc_delta ego=0.0004 partner=0.0005 road=0.0007
[ROMA step 3,248,750,592] sps=742,865  policy_loss=-0.0085  value_loss=0.0207  mi_loss=0.0008  mi_valid=0.68  div_loss=-0.5781  kl_loss=0.0000 (disabled)  score=0.987  return=1.027  role_std=2.4353  role_norm=4.2357  enc_delta ego=0.0004 partner=0.0005 road=0.0008
[ROMA step 3,249,537,024] sps=739,522  policy_loss=0.0055  value_loss=0.0341  mi_loss=0.0009  mi_valid=0.67  div_loss=-0.5977  kl_loss=0.0000 (disabled)  score=0.987  return=1.027  role_std=2.4854  role_norm=4.1977  enc_delta ego=0.0004 partner=0.0005 road=0.0008
[ROMA step 3,250,323,456] sps=738,026  policy_loss=0.0035  value_loss=0.0249  mi_loss=0.0008  mi_valid=0.68  div_loss=-0.5938  kl_loss=0.0000 (disabled)  score=0.986  return=1.026  role_std=2.4311  role_norm=4.2873  enc_delta ego=0.0004 partner=0.0005 road=0.0008
[ROMA] Saved -> /scratch/e452103/checkpoints/roma_mifutagent_dim1_H8_r16p64_ft_comply25_nodiv/roma_dim1_step3250323456.pt
[ROMA step 3,251,109,888] sps=736,489  policy_loss=-0.0012  value_loss=0.0270  mi_loss=0.0008  mi_valid=0.68  div_loss=-0.5938  kl_loss=0.0000 (disabled)  score=0.986  return=1.025  role_std=2.5095  role_norm=4.2544  enc_delta ego=0.0006 partner=0.0005 road=0.0008
[ROMA step 3,251,896,320] sps=733,637  policy_loss=-0.0018  value_loss=0.0283  mi_loss=0.0009  mi_valid=0.66  div_loss=-0.6055  kl_loss=0.0000 (disabled)  score=0.986  return=1.024  role_std=2.3941  role_norm=3.8234  enc_delta ego=0.0004 partner=0.0005 road=0.0008
[ROMA step 3,252,682,752] sps=732,116  policy_loss=0.0015  value_loss=0.0321  mi_loss=0.0009  mi_valid=0.68  div_loss=-0.5820  kl_loss=0.0000 (disabled)  score=0.986  return=1.024  role_std=2.5757  role_norm=4.2258  enc_delta ego=0.0005 partner=0.0004 road=0.0007
[ROMA step 3,253,469,184] sps=730,667  policy_loss=-0.0021  value_loss=0.0244  mi_loss=0.0009  mi_valid=0.68  div_loss=-0.5820  kl_loss=0.0000 (disabled)  score=0.986  return=1.023  role_std=2.5139  role_norm=4.3305  enc_delta ego=0.0004 partner=0.0005 road=0.0008
[ROMA step 3,254,255,616] sps=729,221  policy_loss=-0.0077  value_loss=0.0215  mi_loss=0.0009  mi_valid=0.68  div_loss=-0.5820  kl_loss=0.0000 (disabled)  score=0.986  return=1.022  role_std=2.5309  role_norm=4.2285  enc_delta ego=0.0004 partner=0.0005 road=0.0008
[ROMA step 3,255,042,048] sps=725,808  policy_loss=-0.0004  value_loss=0.0348  mi_loss=0.0009  mi_valid=0.67  div_loss=-0.5977  kl_loss=0.0000 (disabled)  score=0.986  return=1.022  role_std=2.5828  role_norm=4.4101  enc_delta ego=0.0003 partner=0.0005 road=0.0007
[ROMA step 3,255,828,480] sps=724,370  policy_loss=0.0063  value_loss=0.0312  mi_loss=0.0009  mi_valid=0.68  div_loss=-0.5859  kl_loss=0.0000 (disabled)  score=0.986  return=1.023  role_std=2.5100  role_norm=4.3416  enc_delta ego=0.0004 partner=0.0005 road=0.0008
[ROMA step 3,256,614,912] sps=722,876  policy_loss=0.0026  value_loss=0.0276  mi_loss=0.0009  mi_valid=0.68  div_loss=-0.5938  kl_loss=0.0000 (disabled)  score=0.986  return=1.023  role_std=2.4782  role_norm=4.3303  enc_delta ego=0.0006 partner=0.0005 road=0.0009
[ROMA step 3,257,401,344] sps=721,449  policy_loss=-0.0086  value_loss=0.0299  mi_loss=0.0009  mi_valid=0.68  div_loss=-0.5898  kl_loss=0.0000 (disabled)  score=0.986  return=1.024  role_std=2.5638  role_norm=4.3641  enc_delta ego=0.0005 partner=0.0007 road=0.0010
[ROMA step 3,258,187,776] sps=718,018  policy_loss=-0.0003  value_loss=0.0320  mi_loss=0.0009  mi_valid=0.66  div_loss=-0.6094  kl_loss=0.0000 (disabled)  score=0.986  return=1.024  role_std=2.6634  role_norm=4.3826  enc_delta ego=0.0005 partner=0.0005 road=0.0013
[ROMA step 3,258,974,208] sps=716,575  policy_loss=-0.0040  value_loss=0.0290  mi_loss=0.0008  mi_valid=0.67  div_loss=-0.5977  kl_loss=0.0000 (disabled)  score=0.986  return=1.023  role_std=2.6093  role_norm=4.2063  enc_delta ego=0.0005 partner=0.0004 road=0.0011
[ROMA step 3,259,760,640] sps=715,162  policy_loss=0.0009  value_loss=0.0283  mi_loss=0.0009  mi_valid=0.67  div_loss=-0.5898  kl_loss=0.0000 (disabled)  score=0.986  return=1.022  role_std=2.5293  role_norm=4.2633  enc_delta ego=0.0006 partner=0.0004 road=0.0010
[ROMA step 3,260,547,072] sps=712,067  policy_loss=-0.0039  value_loss=0.0326  mi_loss=0.0009  mi_valid=0.66  div_loss=-0.5938  kl_loss=0.0000 (disabled)  score=0.986  return=1.022  role_std=2.4452  role_norm=4.1230  enc_delta ego=0.0004 partner=0.0004 road=0.0007
[ROMA step 3,261,333,504] sps=710,639  policy_loss=0.0025  value_loss=0.0258  mi_loss=0.0009  mi_valid=0.68  div_loss=-0.5742  kl_loss=0.0000 (disabled)  score=0.986  return=1.022  role_std=2.5070  role_norm=4.1381  enc_delta ego=0.0005 partner=0.0005 road=0.0007
[ROMA step 3,262,119,936] sps=709,260  policy_loss=0.0005  value_loss=0.0261  mi_loss=0.0009  mi_valid=0.67  div_loss=-0.5781  kl_loss=0.0000 (disabled)  score=0.986  return=1.022  role_std=2.4458  role_norm=4.4465  enc_delta ego=0.0005 partner=0.0005 road=0.0007
[ROMA step 3,262,906,368] sps=707,891  policy_loss=-0.0030  value_loss=0.0211  mi_loss=0.0009  mi_valid=0.67  div_loss=-0.5820  kl_loss=0.0000 (disabled)  score=0.986  return=1.023  role_std=2.5202  role_norm=4.4156  enc_delta ego=0.0005 partner=0.0005 road=0.0007
[ROMA step 3,263,692,800] sps=704,589  policy_loss=-0.0027  value_loss=0.0338  mi_loss=0.0009  mi_valid=0.67  div_loss=-0.5898  kl_loss=0.0000 (disabled)  score=0.986  return=1.022  role_std=2.5071  role_norm=4.3834  enc_delta ego=0.0005 partner=0.0004 road=0.0007
[ROMA step 3,264,479,232] sps=703,170  policy_loss=-0.0023  value_loss=0.0268  mi_loss=0.0009  mi_valid=0.68  div_loss=-0.5820  kl_loss=0.0000 (disabled)  score=0.986  return=1.023  role_std=2.5031  role_norm=4.2598  enc_delta ego=0.0005 partner=0.0004 road=0.0007
[ROMA step 3,265,265,664] sps=701,816  policy_loss=-0.0057  value_loss=0.0217  mi_loss=0.0009  mi_valid=0.68  div_loss=-0.5781  kl_loss=0.0000 (disabled)  score=0.986  return=1.023  role_std=2.5102  role_norm=4.2568  enc_delta ego=0.0004 partner=0.0004 road=0.0007
[ROMA step 3,266,052,096] sps=698,805  policy_loss=0.0011  value_loss=0.0333  mi_loss=0.0009  mi_valid=0.67  div_loss=-0.5898  kl_loss=0.0000 (disabled)  score=0.986  return=1.023  role_std=2.4978  role_norm=4.2048  enc_delta ego=0.0005 partner=0.0004 road=0.0006
[ROMA step 3,266,838,528] sps=697,466  policy_loss=-0.0001  value_loss=0.0359  mi_loss=0.0009  mi_valid=0.69  div_loss=-0.5859  kl_loss=0.0000 (disabled)  score=0.985  return=1.022  role_std=2.5166  role_norm=4.2763  enc_delta ego=0.0007 partner=0.0005 road=0.0010
[ROMA step 3,267,624,960] sps=696,142  policy_loss=0.0036  value_loss=0.0324  mi_loss=0.0009  mi_valid=0.69  div_loss=-0.5820  kl_loss=0.0000 (disabled)  score=0.985  return=1.021  role_std=2.4879  role_norm=4.1997  enc_delta ego=0.0004 partner=0.0004 road=0.0009
[ROMA step 3,268,411,392] sps=694,818  policy_loss=0.0007  value_loss=0.0302  mi_loss=0.0009  mi_valid=0.68  div_loss=-0.5820  kl_loss=0.0000 (disabled)  score=0.985  return=1.021  role_std=2.4630  role_norm=4.2583  enc_delta ego=0.0005 partner=0.0004 road=0.0009
[ROMA step 3,269,197,824] sps=691,786  policy_loss=0.0026  value_loss=0.0350  mi_loss=0.0009  mi_valid=0.67  div_loss=-0.5977  kl_loss=0.0000 (disabled)  score=0.986  return=1.021  role_std=2.6493  role_norm=4.2530  enc_delta ego=0.0005 partner=0.0004 road=0.0009
[ROMA step 3,269,984,256] sps=690,479  policy_loss=0.0024  value_loss=0.0251  mi_loss=0.0009  mi_valid=0.68  div_loss=-0.5820  kl_loss=0.0000 (disabled)  score=0.985  return=1.021  role_std=2.4647  role_norm=4.4733  enc_delta ego=0.0005 partner=0.0006 road=0.0009
[ROMA step 3,270,770,688] sps=689,179  policy_loss=0.0034  value_loss=0.0376  mi_loss=0.0009  mi_valid=0.68  div_loss=-0.5820  kl_loss=0.0000 (disabled)  score=0.985  return=1.020  role_std=2.4549  role_norm=4.3488  enc_delta ego=0.0008 partner=0.0005 road=0.0009
[ROMA step 3,271,557,120] sps=685,395  policy_loss=0.0005  value_loss=0.0431  mi_loss=0.0008  mi_valid=0.67  div_loss=-0.5938  kl_loss=0.0000 (disabled)  score=0.985  return=1.020  role_std=2.3813  role_norm=4.5669  enc_delta ego=0.0003 partner=0.0005 road=0.0008
[ROMA step 3,272,343,552] sps=684,130  policy_loss=-0.0002  value_loss=0.0300  mi_loss=0.0008  mi_valid=0.68  div_loss=-0.5898  kl_loss=0.0000 (disabled)  score=0.985  return=1.019  role_std=2.4353  role_norm=4.2759  enc_delta ego=0.0004 partner=0.0006 road=0.0007
[ROMA step 3,273,129,984] sps=682,881  policy_loss=-0.0020  value_loss=0.0246  mi_loss=0.0008  mi_valid=0.68  div_loss=-0.5820  kl_loss=0.0000 (disabled)  score=0.985  return=1.020  role_std=2.4952  role_norm=4.3138  enc_delta ego=0.0004 partner=0.0005 road=0.0007
[ROMA step 3,273,916,416] sps=681,506  policy_loss=0.0023  value_loss=0.0308  mi_loss=0.0008  mi_valid=0.68  div_loss=-0.5781  kl_loss=0.0000 (disabled)  score=0.985  return=1.020  role_std=2.4634  role_norm=4.1869  enc_delta ego=0.0004 partner=0.0005 road=0.0006
[ROMA step 3,274,702,848] sps=678,026  policy_loss=-0.0067  value_loss=0.0383  mi_loss=0.0009  mi_valid=0.67  div_loss=-0.5938  kl_loss=0.0000 (disabled)  score=0.985  return=1.020  role_std=2.4031  role_norm=4.1659  enc_delta ego=0.0006 partner=0.0004 road=0.0007
[ROMA step 3,275,489,280] sps=676,771  policy_loss=-0.0046  value_loss=0.0270  mi_loss=0.0010  mi_valid=0.68  div_loss=-0.5859  kl_loss=0.0000 (disabled)  score=0.985  return=1.020  role_std=2.3797  role_norm=4.3560  enc_delta ego=0.0005 partner=0.0004 road=0.0009
[ROMA step 3,276,275,712] sps=675,530  policy_loss=-0.0050  value_loss=0.0346  mi_loss=0.0010  mi_valid=0.68  div_loss=-0.5898  kl_loss=0.0000 (disabled)  score=0.985  return=1.020  role_std=2.4978  role_norm=4.2979  enc_delta ego=0.0006 partner=0.0005 road=0.0010
[ROMA step 3,277,062,144] sps=672,690  policy_loss=0.0064  value_loss=0.0366  mi_loss=0.0010  mi_valid=0.67  div_loss=-0.6055  kl_loss=0.0000 (disabled)  score=0.985  return=1.021  role_std=2.4721  role_norm=3.9803  enc_delta ego=0.0006 partner=0.0005 road=0.0009
[ROMA step 3,277,848,576] sps=671,478  policy_loss=-0.0051  value_loss=0.0277  mi_loss=0.0008  mi_valid=0.67  div_loss=-0.5977  kl_loss=0.0000 (disabled)  score=0.985  return=1.021  role_std=2.6473  role_norm=4.2795  enc_delta ego=0.0006 partner=0.0005 road=0.0008
[ROMA step 3,278,635,008] sps=670,271  policy_loss=0.0032  value_loss=0.0319  mi_loss=0.0008  mi_valid=0.68  div_loss=-0.6016  kl_loss=0.0000 (disabled)  score=0.985  return=1.020  role_std=2.5448  role_norm=4.4008  enc_delta ego=0.0006 partner=0.0005 road=0.0009
[ROMA step 3,279,421,440] sps=669,065  policy_loss=-0.0027  value_loss=0.0256  mi_loss=0.0008  mi_valid=0.68  div_loss=-0.6016  kl_loss=0.0000 (disabled)  score=0.985  return=1.020  role_std=2.6698  role_norm=4.4694  enc_delta ego=0.0004 partner=0.0004 road=0.0009
[ROMA step 3,280,207,872] sps=666,218  policy_loss=-0.0126  value_loss=0.0298  mi_loss=0.0008  mi_valid=0.67  div_loss=-0.6055  kl_loss=0.0000 (disabled)  score=0.985  return=1.020  role_std=2.4688  role_norm=4.2331  enc_delta ego=0.0004 partner=0.0004 road=0.0007
[ROMA step 3,280,994,304] sps=665,023  policy_loss=-0.0000  value_loss=0.0238  mi_loss=0.0009  mi_valid=0.69  div_loss=-0.5859  kl_loss=0.0000 (disabled)  score=0.985  return=1.020  role_std=2.4642  role_norm=4.1652  enc_delta ego=0.0003 partner=0.0005 road=0.0006
[ROMA step 3,281,780,736] sps=663,836  policy_loss=-0.0011  value_loss=0.0246  mi_loss=0.0009  mi_valid=0.68  div_loss=-0.5820  kl_loss=0.0000 (disabled)  score=0.985  return=1.020  role_std=2.4822  role_norm=4.0752  enc_delta ego=0.0004 partner=0.0004 road=0.0007
[ROMA step 3,282,567,168] sps=662,652  policy_loss=-0.0065  value_loss=0.0215  mi_loss=0.0009  mi_valid=0.69  div_loss=-0.5781  kl_loss=0.0000 (disabled)  score=0.985  return=1.020  role_std=2.5568  role_norm=4.0971  enc_delta ego=0.0004 partner=0.0004 road=0.0006
[ROMA step 3,283,353,600] sps=660,000  policy_loss=0.0001  value_loss=0.0349  mi_loss=0.0009  mi_valid=0.68  div_loss=-0.5898  kl_loss=0.0000 (disabled)  score=0.985  return=1.020  role_std=2.3840  role_norm=4.2414  enc_delta ego=0.0003 partner=0.0004 road=0.0007
[ROMA step 3,284,140,032] sps=658,836  policy_loss=-0.0009  value_loss=0.0328  mi_loss=0.0009  mi_valid=0.68  div_loss=-0.5820  kl_loss=0.0000 (disabled)  score=0.985  return=1.021  role_std=2.4305  role_norm=4.1980  enc_delta ego=0.0005 partner=0.0005 road=0.0006
[ROMA step 3,284,926,464] sps=657,674  policy_loss=0.0009  value_loss=0.0277  mi_loss=0.0009  mi_valid=0.68  div_loss=-0.5820  kl_loss=0.0000 (disabled)  score=0.985  return=1.022  role_std=2.4558  role_norm=4.0379  enc_delta ego=0.0003 partner=0.0005 road=0.0007
[ROMA step 3,285,712,896] sps=654,958  policy_loss=-0.0002  value_loss=0.0367  mi_loss=0.0009  mi_valid=0.67  div_loss=-0.5977  kl_loss=0.0000 (disabled)  score=0.986  return=1.023  role_std=2.5479  role_norm=4.1210  enc_delta ego=0.0005 partner=0.0005 road=0.0007
[ROMA step 3,286,499,328] sps=653,810  policy_loss=-0.0021  value_loss=0.0236  mi_loss=0.0008  mi_valid=0.68  div_loss=-0.5938  kl_loss=0.0000 (disabled)  score=0.986  return=1.025  role_std=2.5258  role_norm=4.1780  enc_delta ego=0.0005 partner=0.0005 road=0.0006
[ROMA step 3,287,285,760] sps=652,668  policy_loss=0.0051  value_loss=0.0269  mi_loss=0.0008  mi_valid=0.68  div_loss=-0.5938  kl_loss=0.0000 (disabled)  score=0.986  return=1.026  role_std=2.5155  role_norm=4.3606  enc_delta ego=0.0004 partner=0.0004 road=0.0007
[ROMA step 3,288,072,192] sps=651,529  policy_loss=0.0059  value_loss=0.0190  mi_loss=0.0008  mi_valid=0.68  div_loss=-0.5977  kl_loss=0.0000 (disabled)  score=0.986  return=1.027  role_std=2.5192  role_norm=4.2856  enc_delta ego=0.0003 partner=0.0003 road=0.0006
[ROMA step 3,288,858,624] sps=649,087  policy_loss=-0.0010  value_loss=0.0318  mi_loss=0.0008  mi_valid=0.67  div_loss=-0.6133  kl_loss=0.0000 (disabled)  score=0.986  return=1.028  role_std=2.5653  role_norm=4.3800  enc_delta ego=0.0004 partner=0.0004 road=0.0008
[ROMA step 3,289,645,056] sps=647,961  policy_loss=-0.0023  value_loss=0.0265  mi_loss=0.0008  mi_valid=0.69  div_loss=-0.5938  kl_loss=0.0000 (disabled)  score=0.987  return=1.029  role_std=2.5242  role_norm=4.3077  enc_delta ego=0.0003 partner=0.0005 road=0.0008
[ROMA step 3,290,431,488] sps=646,843  policy_loss=-0.0005  value_loss=0.0279  mi_loss=0.0008  mi_valid=0.68  div_loss=-0.5938  kl_loss=0.0000 (disabled)  score=0.986  return=1.028  role_std=2.5932  role_norm=4.1842  enc_delta ego=0.0004 partner=0.0005 road=0.0008
[ROMA step 3,291,217,920] sps=644,365  policy_loss=0.0004  value_loss=0.0350  mi_loss=0.0008  mi_valid=0.67  div_loss=-0.6016  kl_loss=0.0000 (disabled)  score=0.987  return=1.028  role_std=2.5059  role_norm=4.2821  enc_delta ego=0.0003 partner=0.0004 road=0.0006
[ROMA step 3,292,004,352] sps=643,252  policy_loss=-0.0012  value_loss=0.0259  mi_loss=0.0009  mi_valid=0.68  div_loss=-0.5898  kl_loss=0.0000 (disabled)  score=0.987  return=1.028  role_std=2.5888  role_norm=4.3350  enc_delta ego=0.0005 partner=0.0004 road=0.0006
[ROMA step 3,292,790,784] sps=642,143  policy_loss=0.0005  value_loss=0.0291  mi_loss=0.0009  mi_valid=0.68  div_loss=-0.5898  kl_loss=0.0000 (disabled)  score=0.987  return=1.028  role_std=2.5205  role_norm=4.3021  enc_delta ego=0.0005 partner=0.0005 road=0.0008
[ROMA step 3,293,577,216] sps=641,039  policy_loss=-0.0023  value_loss=0.0274  mi_loss=0.0009  mi_valid=0.68  div_loss=-0.5938  kl_loss=0.0000 (disabled)  score=0.987  return=1.029  role_std=2.6387  role_norm=4.3452  enc_delta ego=0.0004 partner=0.0004 road=0.0007
[ROMA step 3,294,363,648] sps=638,768  policy_loss=0.0019  value_loss=0.0347  mi_loss=0.0009  mi_valid=0.66  div_loss=-0.6055  kl_loss=0.0000 (disabled)  score=0.987  return=1.030  role_std=2.7886  role_norm=4.4947  enc_delta ego=0.0003 partner=0.0004 road=0.0008
[ROMA step 3,295,150,080] sps=637,697  policy_loss=-0.0029  value_loss=0.0219  mi_loss=0.0009  mi_valid=0.67  div_loss=-0.5977  kl_loss=0.0000 (disabled)  score=0.987  return=1.030  role_std=2.5844  role_norm=4.5756  enc_delta ego=0.0004 partner=0.0004 road=0.0009
[ROMA step 3,295,936,512] sps=636,581  policy_loss=0.0043  value_loss=0.0237  mi_loss=0.0009  mi_valid=0.67  div_loss=-0.5938  kl_loss=0.0000 (disabled)  score=0.987  return=1.031  role_std=2.8019  role_norm=4.5156  enc_delta ego=0.0004 partner=0.0003 road=0.0007
[ROMA step 3,296,722,944] sps=633,965  policy_loss=0.0003  value_loss=0.0289  mi_loss=0.0009  mi_valid=0.65  div_loss=-0.6055  kl_loss=0.0000 (disabled)  score=0.987  return=1.032  role_std=2.5393  role_norm=4.5410  enc_delta ego=0.0003 partner=0.0003 road=0.0007
[ROMA step 3,297,509,376] sps=632,813  policy_loss=-0.0002  value_loss=0.0253  mi_loss=0.0008  mi_valid=0.66  div_loss=-0.6133  kl_loss=0.0000 (disabled)  score=0.987  return=1.032  role_std=2.5600  role_norm=4.2900  enc_delta ego=0.0003 partner=0.0004 road=0.0006
[ROMA step 3,298,295,808] sps=631,736  policy_loss=0.0091  value_loss=0.0273  mi_loss=0.0008  mi_valid=0.67  div_loss=-0.6094  kl_loss=0.0000 (disabled)  score=0.987  return=1.032  role_std=2.7189  role_norm=4.3042  enc_delta ego=0.0004 partner=0.0004 road=0.0006
[ROMA step 3,299,082,240] sps=630,544  policy_loss=-0.0076  value_loss=0.0201  mi_loss=0.0008  mi_valid=0.67  div_loss=-0.6055  kl_loss=0.0000 (disabled)  score=0.987  return=1.032  role_std=2.5979  role_norm=4.2942  enc_delta ego=0.0004 partner=0.0003 road=0.0006
[ROMA step 3,299,868,672] sps=628,282  policy_loss=0.0008  value_loss=0.0323  mi_loss=0.0008  mi_valid=0.66  div_loss=-0.6055  kl_loss=0.0000 (disabled)  score=0.987  return=1.033  role_std=2.5853  role_norm=4.3590  enc_delta ego=0.0004 partner=0.0004 road=0.0006
[ROMA step 3,300,655,104] sps=627,176  policy_loss=-0.0036  value_loss=0.0258  mi_loss=0.0008  mi_valid=0.68  div_loss=-0.5820  kl_loss=0.0000 (disabled)  score=0.988  return=1.033  role_std=2.5963  role_norm=4.3452  enc_delta ego=0.0004 partner=0.0004 road=0.0008
[ROMA step 3,301,441,536] sps=626,025  policy_loss=-0.0012  value_loss=0.0241  mi_loss=0.0008  mi_valid=0.68  div_loss=-0.5938  kl_loss=0.0000 (disabled)  score=0.988  return=1.033  role_std=2.5130  role_norm=4.3842  enc_delta ego=0.0004 partner=0.0004 road=0.0006
[ROMA step 3,302,227,968] sps=623,593  policy_loss=0.0009  value_loss=0.0317  mi_loss=0.0009  mi_valid=0.66  div_loss=-0.5938  kl_loss=0.0000 (disabled)  score=0.988  return=1.033  role_std=2.1616  role_norm=3.8480  enc_delta ego=0.0004 partner=0.0003 road=0.0005
[ROMA step 3,303,014,400] sps=622,517  policy_loss=-0.0068  value_loss=0.0340  mi_loss=0.0009  mi_valid=0.68  div_loss=-0.5703  kl_loss=0.0000 (disabled)  score=0.988  return=1.033  role_std=2.5058  role_norm=4.1870  enc_delta ego=0.0006 partner=0.0004 road=0.0006
[ROMA step 3,303,800,832] sps=621,491  policy_loss=0.0014  value_loss=0.0271  mi_loss=0.0010  mi_valid=0.68  div_loss=-0.5742  kl_loss=0.0000 (disabled)  score=0.987  return=1.032  role_std=2.4005  role_norm=4.1665  enc_delta ego=0.0005 partner=0.0004 road=0.0007
[ROMA step 3,304,587,264] sps=620,469  policy_loss=0.0033  value_loss=0.0301  mi_loss=0.0011  mi_valid=0.69  div_loss=-0.5781  kl_loss=0.0000 (disabled)  score=0.987  return=1.031  role_std=2.3193  role_norm=4.1320  enc_delta ego=0.0005 partner=0.0005 road=0.0007
[ROMA step 3,305,373,696] sps=618,371  policy_loss=-0.0008  value_loss=0.0378  mi_loss=0.0009  mi_valid=0.67  div_loss=-0.5938  kl_loss=0.0000 (disabled)  score=0.987  return=1.031  role_std=2.4799  role_norm=4.2664  enc_delta ego=0.0004 partner=0.0004 road=0.0006
[ROMA step 3,306,160,128] sps=617,346  policy_loss=-0.0043  value_loss=0.0243  mi_loss=0.0009  mi_valid=0.68  div_loss=-0.5898  kl_loss=0.0000 (disabled)  score=0.987  return=1.031  role_std=2.6397  role_norm=4.2173  enc_delta ego=0.0003 partner=0.0004 road=0.0007
[ROMA step 3,306,946,560] sps=616,292  policy_loss=-0.0024  value_loss=0.0249  mi_loss=0.0008  mi_valid=0.68  div_loss=-0.5898  kl_loss=0.0000 (disabled)  score=0.987  return=1.031  role_std=2.5602  role_norm=4.1906  enc_delta ego=0.0004 partner=0.0004 road=0.0006
[ROMA step 3,307,732,992] sps=615,296  policy_loss=-0.0007  value_loss=0.0350  mi_loss=0.0009  mi_valid=0.68  div_loss=-0.5859  kl_loss=0.0000 (disabled)  score=0.987  return=1.031  role_std=2.5431  role_norm=4.2272  enc_delta ego=0.0003 partner=0.0004 road=0.0006
[ROMA step 3,308,519,424] sps=613,285  policy_loss=0.0046  value_loss=0.0305  mi_loss=0.0009  mi_valid=0.68  div_loss=-0.6016  kl_loss=0.0000 (disabled)  score=0.987  return=1.031  role_std=2.3688  role_norm=4.2867  enc_delta ego=0.0004 partner=0.0004 road=0.0007
[ROMA step 3,309,305,856] sps=612,264  policy_loss=0.0074  value_loss=0.0246  mi_loss=0.0008  mi_valid=0.68  div_loss=-0.5859  kl_loss=0.0000 (disabled)  score=0.988  return=1.031  role_std=2.3439  role_norm=4.1966  enc_delta ego=0.0004 partner=0.0004 road=0.0007
[ROMA step 3,310,092,288] sps=611,276  policy_loss=0.0003  value_loss=0.0245  mi_loss=0.0009  mi_valid=0.68  div_loss=-0.5898  kl_loss=0.0000 (disabled)  score=0.988  return=1.031  role_std=2.4367  role_norm=4.1820  enc_delta ego=0.0004 partner=0.0004 road=0.0007
[ROMA step 3,310,878,720] sps=608,886  policy_loss=-0.0047  value_loss=0.0328  mi_loss=0.0009  mi_valid=0.67  div_loss=-0.6016  kl_loss=0.0000 (disabled)  score=0.988  return=1.031  role_std=2.5587  role_norm=4.4085  enc_delta ego=0.0003 partner=0.0004 road=0.0006
[ROMA step 3,311,665,152] sps=607,886  policy_loss=-0.0056  value_loss=0.0158  mi_loss=0.0008  mi_valid=0.67  div_loss=-0.5898  kl_loss=0.0000 (disabled)  score=0.988  return=1.031  role_std=2.6977  role_norm=4.2581  enc_delta ego=0.0004 partner=0.0004 road=0.0006
[ROMA step 3,312,451,584] sps=606,905  policy_loss=-0.0027  value_loss=0.0252  mi_loss=0.0009  mi_valid=0.68  div_loss=-0.6016  kl_loss=0.0000 (disabled)  score=0.988  return=1.031  role_std=2.6348  role_norm=4.4799  enc_delta ego=0.0004 partner=0.0004 road=0.0006
[ROMA step 3,313,238,016] sps=605,929  policy_loss=-0.0043  value_loss=0.0210  mi_loss=0.0009  mi_valid=0.67  div_loss=-0.6055  kl_loss=0.0000 (disabled)  score=0.987  return=1.030  role_std=2.5603  role_norm=4.3551  enc_delta ego=0.0003 partner=0.0004 road=0.0006
[ROMA step 3,314,024,448] sps=604,091  policy_loss=0.0005  value_loss=0.0348  mi_loss=0.0008  mi_valid=0.67  div_loss=-0.6133  kl_loss=0.0000 (disabled)  score=0.987  return=1.030  role_std=2.5136  role_norm=4.2662  enc_delta ego=0.0004 partner=0.0004 road=0.0006
[ROMA step 3,314,810,880] sps=603,143  policy_loss=0.0031  value_loss=0.0276  mi_loss=0.0008  mi_valid=0.69  div_loss=-0.5898  kl_loss=0.0000 (disabled)  score=0.987  return=1.030  role_std=2.5522  role_norm=4.2918  enc_delta ego=0.0004 partner=0.0004 road=0.0006
[ROMA step 3,315,597,312] sps=602,198  policy_loss=-0.0000  value_loss=0.0247  mi_loss=0.0008  mi_valid=0.68  div_loss=-0.5938  kl_loss=0.0000 (disabled)  score=0.987  return=1.030  role_std=2.5532  role_norm=4.1796  enc_delta ego=0.0004 partner=0.0004 road=0.0007
[ROMA step 3,316,383,744] sps=600,209  policy_loss=0.0037  value_loss=0.0389  mi_loss=0.0008  mi_valid=0.67  div_loss=-0.6133  kl_loss=0.0000 (disabled)  score=0.987  return=1.029  role_std=2.6297  role_norm=4.2594  enc_delta ego=0.0003 partner=0.0004 road=0.0005
[ROMA step 3,317,170,176] sps=599,238  policy_loss=0.0024  value_loss=0.0283  mi_loss=0.0008  mi_valid=0.67  div_loss=-0.6133  kl_loss=0.0000 (disabled)  score=0.987  return=1.030  role_std=2.6015  role_norm=4.4238  enc_delta ego=0.0004 partner=0.0004 road=0.0005
[ROMA step 3,317,956,608] sps=598,282  policy_loss=0.0044  value_loss=0.0272  mi_loss=0.0008  mi_valid=0.68  div_loss=-0.6094  kl_loss=0.0000 (disabled)  score=0.987  return=1.030  role_std=2.6212  role_norm=4.2632  enc_delta ego=0.0003 partner=0.0004 road=0.0006
[ROMA step 3,318,743,040] sps=597,330  policy_loss=-0.0023  value_loss=0.0237  mi_loss=0.0008  mi_valid=0.67  div_loss=-0.6172  kl_loss=0.0000 (disabled)  score=0.987  return=1.030  role_std=2.6594  role_norm=4.2729  enc_delta ego=0.0003 partner=0.0004 road=0.0005
[ROMA step 3,319,529,472] sps=595,377  policy_loss=0.0000  value_loss=0.0342  mi_loss=0.0009  mi_valid=0.67  div_loss=-0.6016  kl_loss=0.0000 (disabled)  score=0.987  return=1.030  role_std=2.5027  role_norm=4.2203  enc_delta ego=0.0003 partner=0.0004 road=0.0005
[ROMA step 3,320,315,904] sps=594,448  policy_loss=-0.0020  value_loss=0.0291  mi_loss=0.0008  mi_valid=0.68  div_loss=-0.5820  kl_loss=0.0000 (disabled)  score=0.987  return=1.030  role_std=2.5698  role_norm=4.2269  enc_delta ego=0.0004 partner=0.0004 road=0.0006
[ROMA step 3,321,102,336] sps=593,525  policy_loss=-0.0005  value_loss=0.0254  mi_loss=0.0008  mi_valid=0.68  div_loss=-0.5859  kl_loss=0.0000 (disabled)  score=0.987  return=1.031  role_std=2.5287  role_norm=4.2930  enc_delta ego=0.0002 partner=0.0003 road=0.0006
[ROMA step 3,321,888,768] sps=591,756  policy_loss=-0.0029  value_loss=0.0388  mi_loss=0.0008  mi_valid=0.67  div_loss=-0.5938  kl_loss=0.0000 (disabled)  score=0.987  return=1.031  role_std=2.5073  role_norm=4.5463  enc_delta ego=0.0003 partner=0.0003 road=0.0006
[ROMA step 3,322,675,200] sps=590,842  policy_loss=0.0039  value_loss=0.0319  mi_loss=0.0008  mi_valid=0.68  div_loss=-0.5898  kl_loss=0.0000 (disabled)  score=0.987  return=1.030  role_std=2.3926  role_norm=4.3740  enc_delta ego=0.0005 partner=0.0004 road=0.0007
[ROMA step 3,323,461,632] sps=589,933  policy_loss=-0.0012  value_loss=0.0251  mi_loss=0.0009  mi_valid=0.68  div_loss=-0.5820  kl_loss=0.0000 (disabled)  score=0.987  return=1.031  role_std=2.4314  role_norm=4.3827  enc_delta ego=0.0004 partner=0.0004 road=0.0006
[ROMA step 3,324,248,064] sps=588,993  policy_loss=-0.0093  value_loss=0.0205  mi_loss=0.0008  mi_valid=0.68  div_loss=-0.5859  kl_loss=0.0000 (disabled)  score=0.987  return=1.031  role_std=2.5315  role_norm=4.3879  enc_delta ego=0.0003 partner=0.0004 road=0.0006
[ROMA step 3,325,034,496] sps=587,279  policy_loss=-0.0053  value_loss=0.0327  mi_loss=0.0008  mi_valid=0.67  div_loss=-0.6016  kl_loss=0.0000 (disabled)  score=0.987  return=1.031  role_std=2.6316  role_norm=4.2554  enc_delta ego=0.0003 partner=0.0004 road=0.0005
[ROMA step 3,325,820,928] sps=586,386  policy_loss=-0.0039  value_loss=0.0217  mi_loss=0.0008  mi_valid=0.69  div_loss=-0.5859  kl_loss=0.0000 (disabled)  score=0.986  return=1.031  role_std=2.4308  role_norm=4.2006  enc_delta ego=0.0003 partner=0.0004 road=0.0005
[ROMA step 3,326,607,360] sps=585,506  policy_loss=0.0044  value_loss=0.0280  mi_loss=0.0008  mi_valid=0.68  div_loss=-0.5859  kl_loss=0.0000 (disabled)  score=0.986  return=1.031  role_std=2.5396  role_norm=4.1897  enc_delta ego=0.0003 partner=0.0004 road=0.0005
[ROMA step 3,327,393,792] sps=583,621  policy_loss=0.0027  value_loss=0.0353  mi_loss=0.0008  mi_valid=0.67  div_loss=-0.6055  kl_loss=0.0000 (disabled)  score=0.986  return=1.032  role_std=2.4544  role_norm=4.1023  enc_delta ego=0.0003 partner=0.0003 road=0.0005
[ROMA step 3,328,180,224] sps=582,733  policy_loss=0.0009  value_loss=0.0246  mi_loss=0.0008  mi_valid=0.67  div_loss=-0.6055  kl_loss=0.0000 (disabled)  score=0.986  return=1.031  role_std=2.5791  role_norm=4.1562  enc_delta ego=0.0005 partner=0.0004 road=0.0007
[ROMA step 3,328,966,656] sps=581,808  policy_loss=0.0025  value_loss=0.0282  mi_loss=0.0008  mi_valid=0.67  div_loss=-0.5977  kl_loss=0.0000 (disabled)  score=0.986  return=1.031  role_std=2.5352  role_norm=4.3399  enc_delta ego=0.0004 partner=0.0004 road=0.0008
[ROMA step 3,329,753,088] sps=580,913  policy_loss=0.0012  value_loss=0.0295  mi_loss=0.0008  mi_valid=0.67  div_loss=-0.6133  kl_loss=0.0000 (disabled)  score=0.987  return=1.030  role_std=2.5479  role_norm=4.2150  enc_delta ego=0.0004 partner=0.0004 road=0.0007
[ROMA step 3,330,539,520] sps=578,624  policy_loss=-0.0049  value_loss=0.0332  mi_loss=0.0008  mi_valid=0.67  div_loss=-0.6172  kl_loss=0.0000 (disabled)  score=0.987  return=1.030  role_std=2.4350  role_norm=4.2422  enc_delta ego=0.0003 partner=0.0003 road=0.0006
[ROMA step 3,331,325,952] sps=577,749  policy_loss=-0.0002  value_loss=0.0278  mi_loss=0.0008  mi_valid=0.68  div_loss=-0.5938  kl_loss=0.0000 (disabled)  score=0.987  return=1.031  role_std=2.4431  role_norm=4.1711  enc_delta ego=0.0004 partner=0.0003 road=0.0006
[ROMA step 3,332,112,384] sps=576,851  policy_loss=0.0032  value_loss=0.0297  mi_loss=0.0008  mi_valid=0.68  div_loss=-0.5977  kl_loss=0.0000 (disabled)  score=0.987  return=1.031  role_std=2.4822  role_norm=4.1536  enc_delta ego=0.0003 partner=0.0004 road=0.0007
[ROMA step 3,332,898,816] sps=575,985  policy_loss=0.0045  value_loss=0.0282  mi_loss=0.0009  mi_valid=0.68  div_loss=-0.5977  kl_loss=0.0000 (disabled)  score=0.987  return=1.032  role_std=2.4813  role_norm=4.1439  enc_delta ego=0.0004 partner=0.0004 road=0.0008
[ROMA step 3,333,685,248] sps=573,947  policy_loss=0.0001  value_loss=0.0254  mi_loss=0.0008  mi_valid=0.68  div_loss=-0.6172  kl_loss=0.0000 (disabled)  score=0.987  return=1.031  role_std=2.7547  role_norm=4.6253  enc_delta ego=0.0004 partner=0.0004 road=0.0006
[ROMA step 3,334,471,680] sps=573,093  policy_loss=0.0025  value_loss=0.0293  mi_loss=0.0008  mi_valid=0.67  div_loss=-0.6016  kl_loss=0.0000 (disabled)  score=0.987  return=1.031  role_std=2.6571  role_norm=4.4495  enc_delta ego=0.0003 partner=0.0003 road=0.0006
[ROMA step 3,335,258,112] sps=572,225  policy_loss=-0.0056  value_loss=0.0223  mi_loss=0.0008  mi_valid=0.67  div_loss=-0.6016  kl_loss=0.0000 (disabled)  score=0.987  return=1.030  role_std=2.6049  role_norm=4.4960  enc_delta ego=0.0003 partner=0.0003 road=0.0005
[ROMA step 3,336,044,544] sps=570,266  policy_loss=-0.0029  value_loss=0.0268  mi_loss=0.0008  mi_valid=0.66  div_loss=-0.6016  kl_loss=0.0000 (disabled)  score=0.987  return=1.030  role_std=2.5394  role_norm=4.3682  enc_delta ego=0.0003 partner=0.0003 road=0.0005
[ROMA step 3,336,830,976] sps=569,394  policy_loss=-0.0039  value_loss=0.0232  mi_loss=0.0008  mi_valid=0.67  div_loss=-0.5820  kl_loss=0.0000 (disabled)  score=0.987  return=1.030  role_std=2.5018  role_norm=4.1888  enc_delta ego=0.0003 partner=0.0003 road=0.0006
[ROMA step 3,337,617,408] sps=568,549  policy_loss=0.0005  value_loss=0.0217  mi_loss=0.0008  mi_valid=0.67  div_loss=-0.5820  kl_loss=0.0000 (disabled)  score=0.987  return=1.030  role_std=2.5193  role_norm=4.2576  enc_delta ego=0.0003 partner=0.0004 road=0.0005
[ROMA step 3,338,403,840] sps=567,715  policy_loss=0.0047  value_loss=0.0290  mi_loss=0.0008  mi_valid=0.67  div_loss=-0.5859  kl_loss=0.0000 (disabled)  score=0.987  return=1.030  role_std=2.4772  role_norm=4.2832  enc_delta ego=0.0003 partner=0.0004 road=0.0005
[ROMA step 3,339,190,272] sps=565,636  policy_loss=-0.0033  value_loss=0.0277  mi_loss=0.0009  mi_valid=0.67  div_loss=-0.5859  kl_loss=0.0000 (disabled)  score=0.987  return=1.030  role_std=2.4794  role_norm=4.3840  enc_delta ego=0.0003 partner=0.0003 road=0.0006
[ROMA step 3,339,976,704] sps=564,824  policy_loss=0.0031  value_loss=0.0213  mi_loss=0.0009  mi_valid=0.68  div_loss=-0.5820  kl_loss=0.0000 (disabled)  score=0.988  return=1.030  role_std=2.4829  role_norm=4.3971  enc_delta ego=0.0003 partner=0.0004 road=0.0006
[ROMA step 3,340,763,136] sps=564,015  policy_loss=0.0024  value_loss=0.0216  mi_loss=0.0009  mi_valid=0.68  div_loss=-0.5859  kl_loss=0.0000 (disabled)  score=0.988  return=1.030  role_std=2.5927  role_norm=4.4014  enc_delta ego=0.0003 partner=0.0003 road=0.0005
[ROMA step 3,341,549,568] sps=561,036  policy_loss=-0.0013  value_loss=0.0318  mi_loss=0.0009  mi_valid=0.66  div_loss=-0.5977  kl_loss=0.0000 (disabled)  score=0.988  return=1.030  role_std=2.4636  role_norm=4.2634  enc_delta ego=0.0003 partner=0.0003 road=0.0004
[ROMA step 3,342,336,000] sps=560,226  policy_loss=0.0070  value_loss=0.0278  mi_loss=0.0008  mi_valid=0.67  div_loss=-0.5898  kl_loss=0.0000 (disabled)  score=0.988  return=1.030  role_std=2.4391  role_norm=4.2983  enc_delta ego=0.0003 partner=0.0003 road=0.0006
[ROMA step 3,343,122,432] sps=559,415  policy_loss=-0.0001  value_loss=0.0274  mi_loss=0.0008  mi_valid=0.68  div_loss=-0.5938  kl_loss=0.0000 (disabled)  score=0.988  return=1.030  role_std=2.5707  role_norm=4.2643  enc_delta ego=0.0003 partner=0.0004 road=0.0006
[ROMA step 3,343,908,864] sps=558,593  policy_loss=-0.0012  value_loss=0.0288  mi_loss=0.0008  mi_valid=0.67  div_loss=-0.6016  kl_loss=0.0000 (disabled)  score=0.988  return=1.031  role_std=2.6087  role_norm=4.2813  enc_delta ego=0.0003 partner=0.0004 road=0.0006
[ROMA step 3,344,695,296] sps=556,632  policy_loss=-0.0037  value_loss=0.0290  mi_loss=0.0008  mi_valid=0.66  div_loss=-0.6055  kl_loss=0.0000 (disabled)  score=0.988  return=1.031  role_std=2.6092  role_norm=4.3867  enc_delta ego=0.0002 partner=0.0003 road=0.0004
[ROMA step 3,345,481,728] sps=555,813  policy_loss=-0.0070  value_loss=0.0160  mi_loss=0.0008  mi_valid=0.67  div_loss=-0.5859  kl_loss=0.0000 (disabled)  score=0.988  return=1.032  role_std=2.5340  role_norm=4.3203  enc_delta ego=0.0003 partner=0.0003 road=0.0006
[ROMA step 3,346,268,160] sps=555,018  policy_loss=-0.0048  value_loss=0.0267  mi_loss=0.0008  mi_valid=0.67  div_loss=-0.5859  kl_loss=0.0000 (disabled)  score=0.988  return=1.033  role_std=2.4962  role_norm=4.3987  enc_delta ego=0.0003 partner=0.0003 road=0.0006
[ROMA step 3,347,054,592] sps=553,087  policy_loss=-0.0045  value_loss=0.0273  mi_loss=0.0008  mi_valid=0.67  div_loss=-0.5977  kl_loss=0.0000 (disabled)  score=0.988  return=1.033  role_std=2.5659  role_norm=4.3834  enc_delta ego=0.0003 partner=0.0003 road=0.0005
[ROMA step 3,347,841,024] sps=552,207  policy_loss=0.0039  value_loss=0.0295  mi_loss=0.0009  mi_valid=0.68  div_loss=-0.5938  kl_loss=0.0000 (disabled)  score=0.988  return=1.033  role_std=2.5117  role_norm=4.2676  enc_delta ego=0.0003 partner=0.0003 road=0.0006
[ROMA step 3,348,627,456] sps=551,408  policy_loss=0.0008  value_loss=0.0296  mi_loss=0.0009  mi_valid=0.68  div_loss=-0.5938  kl_loss=0.0000 (disabled)  score=0.988  return=1.032  role_std=2.5440  role_norm=4.2428  enc_delta ego=0.0003 partner=0.0004 road=0.0006
[ROMA step 3,349,413,888] sps=550,629  policy_loss=-0.0007  value_loss=0.0232  mi_loss=0.0009  mi_valid=0.68  div_loss=-0.5898  kl_loss=0.0000 (disabled)  score=0.988  return=1.032  role_std=2.5472  role_norm=4.1623  enc_delta ego=0.0002 partner=0.0003 road=0.0005
[ROMA step 3,350,200,320] sps=548,722  policy_loss=0.0052  value_loss=0.0327  mi_loss=0.0009  mi_valid=0.66  div_loss=-0.6133  kl_loss=0.0000 (disabled)  score=0.988  return=1.031  role_std=2.5624  role_norm=4.3305  enc_delta ego=0.0002 partner=0.0003 road=0.0004
[ROMA step 3,350,986,752] sps=547,950  policy_loss=0.0059  value_loss=0.0277  mi_loss=0.0008  mi_valid=0.67  div_loss=-0.5938  kl_loss=0.0000 (disabled)  score=0.988  return=1.032  role_std=2.5626  role_norm=4.3921  enc_delta ego=0.0003 partner=0.0003 road=0.0005
[ROMA step 3,351,773,184] sps=547,180  policy_loss=-0.0000  value_loss=0.0249  mi_loss=0.0008  mi_valid=0.67  div_loss=-0.6016  kl_loss=0.0000 (disabled)  score=0.988  return=1.033  role_std=2.6140  role_norm=4.2451  enc_delta ego=0.0003 partner=0.0003 road=0.0006
[ROMA step 3,352,559,616] sps=545,505  policy_loss=-0.0031  value_loss=0.0284  mi_loss=0.0009  mi_valid=0.66  div_loss=-0.6172  kl_loss=0.0000 (disabled)  score=0.988  return=1.033  role_std=2.3719  role_norm=4.2411  enc_delta ego=0.0003 partner=0.0003 road=0.0004
[ROMA step 3,353,346,048] sps=544,754  policy_loss=-0.0012  value_loss=0.0193  mi_loss=0.0010  mi_valid=0.67  div_loss=-0.5781  kl_loss=0.0000 (disabled)  score=0.988  return=1.034  role_std=2.6658  role_norm=4.4152  enc_delta ego=0.0003 partner=0.0003 road=0.0005
[ROMA step 3,354,132,480] sps=543,959  policy_loss=-0.0020  value_loss=0.0217  mi_loss=0.0009  mi_valid=0.67  div_loss=-0.5820  kl_loss=0.0000 (disabled)  score=0.988  return=1.034  role_std=2.5590  role_norm=4.4528  enc_delta ego=0.0003 partner=0.0003 road=0.0006
[ROMA step 3,354,918,912] sps=543,216  policy_loss=0.0019  value_loss=0.0245  mi_loss=0.0009  mi_valid=0.68  div_loss=-0.5859  kl_loss=0.0000 (disabled)  score=0.988  return=1.034  role_std=2.5135  role_norm=4.4367  enc_delta ego=0.0003 partner=0.0003 road=0.0005
[ROMA step 3,355,705,344] sps=540,991  policy_loss=0.0016  value_loss=0.0304  mi_loss=0.0009  mi_valid=0.67  div_loss=-0.6016  kl_loss=0.0000 (disabled)  score=0.988  return=1.035  role_std=2.4942  role_norm=4.2841  enc_delta ego=0.0003 partner=0.0003 road=0.0005
[ROMA step 3,356,491,776] sps=540,247  policy_loss=0.0052  value_loss=0.0252  mi_loss=0.0008  mi_valid=0.68  div_loss=-0.6016  kl_loss=0.0000 (disabled)  score=0.988  return=1.034  role_std=2.4524  role_norm=4.1922  enc_delta ego=0.0003 partner=0.0003 road=0.0005
[ROMA step 3,357,278,208] sps=539,451  policy_loss=-0.0015  value_loss=0.0283  mi_loss=0.0008  mi_valid=0.68  div_loss=-0.5938  kl_loss=0.0000 (disabled)  score=0.988  return=1.034  role_std=2.4647  role_norm=4.3019  enc_delta ego=0.0002 partner=0.0003 road=0.0006
[ROMA step 3,358,064,640] sps=537,853  policy_loss=0.0002  value_loss=0.0291  mi_loss=0.0008  mi_valid=0.68  div_loss=-0.5938  kl_loss=0.0000 (disabled)  score=0.988  return=1.034  role_std=2.5750  role_norm=4.2515  enc_delta ego=0.0003 partner=0.0003 road=0.0004
[ROMA step 3,358,851,072] sps=537,091  policy_loss=0.0020  value_loss=0.0238  mi_loss=0.0009  mi_valid=0.68  div_loss=-0.6055  kl_loss=0.0000 (disabled)  score=0.988  return=1.034  role_std=2.6231  role_norm=4.2645  enc_delta ego=0.0002 partner=0.0003 road=0.0005
[ROMA step 3,359,637,504] sps=536,356  policy_loss=0.0017  value_loss=0.0216  mi_loss=0.0009  mi_valid=0.67  div_loss=-0.5898  kl_loss=0.0000 (disabled)  score=0.988  return=1.035  role_std=2.5020  role_norm=4.2887  enc_delta ego=0.0003 partner=0.0003 road=0.0005
[ROMA step 3,360,423,936] sps=535,626  policy_loss=-0.0040  value_loss=0.0227  mi_loss=0.0009  mi_valid=0.67  div_loss=-0.5859  kl_loss=0.0000 (disabled)  score=0.988  return=1.035  role_std=2.6471  role_norm=4.3678  enc_delta ego=0.0003 partner=0.0003 road=0.0004
[ROMA step 3,361,210,368] sps=533,780  policy_loss=-0.0011  value_loss=0.0381  mi_loss=0.0009  mi_valid=0.67  div_loss=-0.6055  kl_loss=0.0000 (disabled)  score=0.987  return=1.035  role_std=2.5266  role_norm=4.1535  enc_delta ego=0.0003 partner=0.0003 road=0.0005
[ROMA step 3,361,996,800] sps=533,026  policy_loss=0.0007  value_loss=0.0297  mi_loss=0.0009  mi_valid=0.68  div_loss=-0.5977  kl_loss=0.0000 (disabled)  score=0.987  return=1.034  role_std=2.5643  role_norm=4.0078  enc_delta ego=0.0003 partner=0.0003 road=0.0007
[ROMA step 3,362,783,232] sps=532,279  policy_loss=0.0040  value_loss=0.0382  mi_loss=0.0009  mi_valid=0.69  div_loss=-0.6016  kl_loss=0.0000 (disabled)  score=0.987  return=1.033  role_std=2.5040  role_norm=4.2656  enc_delta ego=0.0004 partner=0.0003 road=0.0006
[ROMA step 3,363,569,664] sps=531,528  policy_loss=-0.0047  value_loss=0.0297  mi_loss=0.0009  mi_valid=0.69  div_loss=-0.5977  kl_loss=0.0000 (disabled)  score=0.987  return=1.032  role_std=2.4139  role_norm=4.1712  enc_delta ego=0.0003 partner=0.0003 road=0.0006
[ROMA step 3,364,356,096] sps=529,761  policy_loss=-0.0053  value_loss=0.0379  mi_loss=0.0008  mi_valid=0.67  div_loss=-0.6055  kl_loss=0.0000 (disabled)  score=0.987  return=1.032  role_std=2.6100  role_norm=4.4101  enc_delta ego=0.0003 partner=0.0003 road=0.0005
[ROMA step 3,365,142,528] sps=529,035  policy_loss=-0.0004  value_loss=0.0279  mi_loss=0.0008  mi_valid=0.67  div_loss=-0.6016  kl_loss=0.0000 (disabled)  score=0.987  return=1.033  role_std=2.6052  role_norm=4.3538  enc_delta ego=0.0002 partner=0.0004 road=0.0005
[ROMA step 3,365,928,960] sps=528,318  policy_loss=0.0001  value_loss=0.0252  mi_loss=0.0008  mi_valid=0.68  div_loss=-0.5938  kl_loss=0.0000 (disabled)  score=0.987  return=1.033  role_std=2.6170  role_norm=4.4632  enc_delta ego=0.0003 partner=0.0003 road=0.0005
[ROMA step 3,366,715,392] sps=526,720  policy_loss=0.0003  value_loss=0.0311  mi_loss=0.0009  mi_valid=0.67  div_loss=-0.6016  kl_loss=0.0000 (disabled)  score=0.987  return=1.034  role_std=2.4861  role_norm=4.2804  enc_delta ego=0.0002 partner=0.0003 road=0.0004
[ROMA step 3,367,501,824] sps=526,004  policy_loss=0.0025  value_loss=0.0193  mi_loss=0.0008  mi_valid=0.68  div_loss=-0.5781  kl_loss=0.0000 (disabled)  score=0.987  return=1.034  role_std=2.4653  role_norm=4.2140  enc_delta ego=0.0003 partner=0.0003 road=0.0005
[ROMA step 3,368,288,256] sps=525,289  policy_loss=-0.0005  value_loss=0.0186  mi_loss=0.0009  mi_valid=0.67  div_loss=-0.5781  kl_loss=0.0000 (disabled)  score=0.987  return=1.034  role_std=2.5509  role_norm=4.2773  enc_delta ego=0.0003 partner=0.0003 road=0.0005
[ROMA step 3,369,074,688] sps=524,580  policy_loss=0.0082  value_loss=0.0270  mi_loss=0.0009  mi_valid=0.67  div_loss=-0.5742  kl_loss=0.0000 (disabled)  score=0.987  return=1.034  role_std=2.5119  role_norm=4.2803  enc_delta ego=0.0003 partner=0.0003 road=0.0006
[ROMA step 3,369,861,120] sps=523,100  policy_loss=0.0010  value_loss=0.0318  mi_loss=0.0009  mi_valid=0.67  div_loss=-0.5859  kl_loss=0.0000 (disabled)  score=0.987  return=1.034  role_std=2.5003  role_norm=4.2291  enc_delta ego=0.0003 partner=0.0003 road=0.0006
[ROMA step 3,370,647,552] sps=522,394  policy_loss=0.0010  value_loss=0.0230  mi_loss=0.0009  mi_valid=0.68  div_loss=-0.5664  kl_loss=0.0000 (disabled)  score=0.987  return=1.034  role_std=2.4711  role_norm=4.1212  enc_delta ego=0.0003 partner=0.0003 road=0.0007
[ROMA step 3,371,433,984] sps=521,680  policy_loss=0.0004  value_loss=0.0248  mi_loss=0.0009  mi_valid=0.68  div_loss=-0.5586  kl_loss=0.0000 (disabled)  score=0.987  return=1.033  role_std=2.3310  role_norm=4.2989  enc_delta ego=0.0003 partner=0.0002 road=0.0006
[ROMA step 3,372,220,416] sps=520,236  policy_loss=-0.0064  value_loss=0.0313  mi_loss=0.0009  mi_valid=0.67  div_loss=-0.5820  kl_loss=0.0000 (disabled)  score=0.987  return=1.033  role_std=2.5428  role_norm=4.5269  enc_delta ego=0.0002 partner=0.0003 road=0.0004
[ROMA step 3,373,006,848] sps=519,549  policy_loss=-0.0007  value_loss=0.0225  mi_loss=0.0009  mi_valid=0.67  div_loss=-0.5898  kl_loss=0.0000 (disabled)  score=0.987  return=1.032  role_std=2.6493  role_norm=4.4503  enc_delta ego=0.0003 partner=0.0003 road=0.0006
[ROMA step 3,373,793,280] sps=518,862  policy_loss=0.0014  value_loss=0.0279  mi_loss=0.0009  mi_valid=0.68  div_loss=-0.5859  kl_loss=0.0000 (disabled)  score=0.987  return=1.032  role_std=2.6076  role_norm=4.3973  enc_delta ego=0.0003 partner=0.0003 road=0.0005
[ROMA step 3,374,579,712] sps=518,145  policy_loss=0.0040  value_loss=0.0272  mi_loss=0.0009  mi_valid=0.68  div_loss=-0.5859  kl_loss=0.0000 (disabled)  score=0.987  return=1.031  role_std=2.6173  role_norm=4.3047  enc_delta ego=0.0003 partner=0.0003 road=0.0005
[ROMA step 3,375,366,144] sps=516,762  policy_loss=0.0059  value_loss=0.0467  mi_loss=0.0009  mi_valid=0.67  div_loss=-0.5859  kl_loss=0.0000 (disabled)  score=0.987  return=1.032  role_std=2.3336  role_norm=4.2107  enc_delta ego=0.0002 partner=0.0002 road=0.0006
[ROMA step 3,376,152,576] sps=516,076  policy_loss=0.0034  value_loss=0.0278  mi_loss=0.0009  mi_valid=0.69  div_loss=-0.5703  kl_loss=0.0000 (disabled)  score=0.986  return=1.031  role_std=2.3808  role_norm=4.2101  enc_delta ego=0.0003 partner=0.0003 road=0.0006
[ROMA step 3,376,939,008] sps=515,399  policy_loss=0.0004  value_loss=0.0282  mi_loss=0.0009  mi_valid=0.69  div_loss=-0.5703  kl_loss=0.0000 (disabled)  score=0.986  return=1.030  role_std=2.3623  role_norm=4.2863  enc_delta ego=0.0003 partner=0.0003 road=0.0005
[ROMA step 3,377,725,440] sps=514,032  policy_loss=0.0002  value_loss=0.0323  mi_loss=0.0009  mi_valid=0.68  div_loss=-0.5820  kl_loss=0.0000 (disabled)  score=0.986  return=1.030  role_std=2.3351  role_norm=4.2225  enc_delta ego=0.0003 partner=0.0003 road=0.0006
[ROMA step 3,378,511,872] sps=513,343  policy_loss=0.0068  value_loss=0.0185  mi_loss=0.0008  mi_valid=0.68  div_loss=-0.5781  kl_loss=0.0000 (disabled)  score=0.986  return=1.030  role_std=2.5066  role_norm=4.0585  enc_delta ego=0.0003 partner=0.0003 road=0.0004
[ROMA step 3,379,298,304] sps=512,669  policy_loss=-0.0070  value_loss=0.0160  mi_loss=0.0008  mi_valid=0.69  div_loss=-0.5742  kl_loss=0.0000 (disabled)  score=0.986  return=1.030  role_std=2.5195  role_norm=4.0906  enc_delta ego=0.0002 partner=0.0003 road=0.0004
[ROMA step 3,380,084,736] sps=511,992  policy_loss=0.0042  value_loss=0.0170  mi_loss=0.0008  mi_valid=0.68  div_loss=-0.5781  kl_loss=0.0000 (disabled)  score=0.986  return=1.032  role_std=2.3949  role_norm=4.2665  enc_delta ego=0.0003 partner=0.0003 road=0.0004
[ROMA step 3,380,871,168] sps=510,504  policy_loss=0.0057  value_loss=0.0307  mi_loss=0.0009  mi_valid=0.67  div_loss=-0.5938  kl_loss=0.0000 (disabled)  score=0.987  return=1.032  role_std=2.3976  role_norm=4.2848  enc_delta ego=0.0002 partner=0.0002 road=0.0004
[ROMA step 3,381,657,600] sps=509,831  policy_loss=-0.0035  value_loss=0.0265  mi_loss=0.0009  mi_valid=0.68  div_loss=-0.5898  kl_loss=0.0000 (disabled)  score=0.986  return=1.032  role_std=2.4706  role_norm=4.3087  enc_delta ego=0.0002 partner=0.0002 road=0.0003
[ROMA step 3,382,444,032] sps=509,144  policy_loss=0.0043  value_loss=0.0273  mi_loss=0.0009  mi_valid=0.68  div_loss=-0.5898  kl_loss=0.0000 (disabled)  score=0.986  return=1.032  role_std=2.4189  role_norm=4.2568  enc_delta ego=0.0002 partner=0.0003 road=0.0004
[ROMA step 3,383,230,464] sps=507,702  policy_loss=-0.0032  value_loss=0.0262  mi_loss=0.0009  mi_valid=0.67  div_loss=-0.5898  kl_loss=0.0000 (disabled)  score=0.986  return=1.031  role_std=3.0804  role_norm=3.4505  enc_delta ego=0.0002 partner=0.0003 road=0.0004
[ROMA step 3,384,016,896] sps=507,049  policy_loss=-0.0040  value_loss=0.0328  mi_loss=0.0009  mi_valid=0.69  div_loss=-0.5977  kl_loss=0.0000 (disabled)  score=0.986  return=1.030  role_std=2.4652  role_norm=4.1823  enc_delta ego=0.0003 partner=0.0002 road=0.0004
[ROMA step 3,384,803,328] sps=506,397  policy_loss=-0.0042  value_loss=0.0268  mi_loss=0.0009  mi_valid=0.68  div_loss=-0.5820  kl_loss=0.0000 (disabled)  score=0.986  return=1.030  role_std=2.5961  role_norm=4.2422  enc_delta ego=0.0003 partner=0.0002 road=0.0005
[ROMA step 3,385,589,760] sps=505,749  policy_loss=-0.0000  value_loss=0.0281  mi_loss=0.0009  mi_valid=0.68  div_loss=-0.5820  kl_loss=0.0000 (disabled)  score=0.986  return=1.029  role_std=2.3923  role_norm=4.2778  enc_delta ego=0.0002 partner=0.0003 road=0.0004
[ROMA step 3,386,376,192] sps=504,310  policy_loss=-0.0039  value_loss=0.0311  mi_loss=0.0009  mi_valid=0.67  div_loss=-0.5938  kl_loss=0.0000 (disabled)  score=0.986  return=1.029  role_std=2.5637  role_norm=4.3093  enc_delta ego=0.0002 partner=0.0002 road=0.0003
[ROMA step 3,387,162,624] sps=503,669  policy_loss=0.0024  value_loss=0.0234  mi_loss=0.0008  mi_valid=0.67  div_loss=-0.5781  kl_loss=0.0000 (disabled)  score=0.986  return=1.029  role_std=2.5647  role_norm=4.3650  enc_delta ego=0.0003 partner=0.0002 road=0.0004
[ROMA step 3,387,949,056] sps=503,024  policy_loss=0.0085  value_loss=0.0269  mi_loss=0.0008  mi_valid=0.67  div_loss=-0.5820  kl_loss=0.0000 (disabled)  score=0.986  return=1.030  role_std=2.4847  role_norm=4.2649  enc_delta ego=0.0002 partner=0.0002 road=0.0004
[ROMA step 3,388,735,488] sps=502,382  policy_loss=-0.0057  value_loss=0.0191  mi_loss=0.0008  mi_valid=0.67  div_loss=-0.5781  kl_loss=0.0000 (disabled)  score=0.987  return=1.031  role_std=2.4405  role_norm=4.3223  enc_delta ego=0.0002 partner=0.0002 road=0.0004
[ROMA step 3,389,521,920] sps=501,062  policy_loss=-0.0014  value_loss=0.0357  mi_loss=0.0008  mi_valid=0.67  div_loss=-0.6016  kl_loss=0.0000 (disabled)  score=0.987  return=1.030  role_std=2.5508  role_norm=4.2974  enc_delta ego=0.0002 partner=0.0003 road=0.0005
[ROMA step 3,390,308,352] sps=500,428  policy_loss=-0.0075  value_loss=0.0250  mi_loss=0.0008  mi_valid=0.68  div_loss=-0.5938  kl_loss=0.0000 (disabled)  score=0.987  return=1.030  role_std=2.5013  role_norm=4.2808  enc_delta ego=0.0002 partner=0.0003 road=0.0005
[ROMA step 3,391,094,784] sps=499,798  policy_loss=-0.0007  value_loss=0.0253  mi_loss=0.0008  mi_valid=0.68  div_loss=-0.5820  kl_loss=0.0000 (disabled)  score=0.987  return=1.031  role_std=2.4520  role_norm=4.2288  enc_delta ego=0.0002 partner=0.0002 road=0.0004
[ROMA step 3,391,881,216] sps=498,328  policy_loss=0.0004  value_loss=0.0370  mi_loss=0.0008  mi_valid=0.67  div_loss=-0.6016  kl_loss=0.0000 (disabled)  score=0.987  return=1.031  role_std=2.5686  role_norm=4.3949  enc_delta ego=0.0002 partner=0.0002 road=0.0004
[ROMA step 3,392,667,648] sps=497,687  policy_loss=-0.0027  value_loss=0.0225  mi_loss=0.0008  mi_valid=0.68  div_loss=-0.5938  kl_loss=0.0000 (disabled)  score=0.987  return=1.032  role_std=2.6663  role_norm=4.2873  enc_delta ego=0.0003 partner=0.0002 road=0.0004
[ROMA step 3,393,454,080] sps=497,042  policy_loss=0.0034  value_loss=0.0194  mi_loss=0.0008  mi_valid=0.68  div_loss=-0.5859  kl_loss=0.0000 (disabled)  score=0.987  return=1.032  role_std=2.5445  role_norm=4.4342  enc_delta ego=0.0003 partner=0.0002 road=0.0005
[ROMA step 3,394,240,512] sps=496,402  policy_loss=0.0070  value_loss=0.0240  mi_loss=0.0008  mi_valid=0.68  div_loss=-0.5938  kl_loss=0.0000 (disabled)  score=0.987  return=1.032  role_std=2.6504  role_norm=4.2767  enc_delta ego=0.0003 partner=0.0003 road=0.0006
[ROMA step 3,395,026,944] sps=494,966  policy_loss=-0.0030  value_loss=0.0296  mi_loss=0.0009  mi_valid=0.67  div_loss=-0.6094  kl_loss=0.0000 (disabled)  score=0.987  return=1.032  role_std=2.5320  role_norm=4.0716  enc_delta ego=0.0002 partner=0.0002 road=0.0004
[ROMA step 3,395,813,376] sps=494,332  policy_loss=0.0018  value_loss=0.0240  mi_loss=0.0008  mi_valid=0.68  div_loss=-0.5898  kl_loss=0.0000 (disabled)  score=0.987  return=1.032  role_std=2.4606  role_norm=4.1617  enc_delta ego=0.0003 partner=0.0003 road=0.0004
[ROMA step 3,396,599,808] sps=493,693  policy_loss=-0.0005  value_loss=0.0243  mi_loss=0.0009  mi_valid=0.68  div_loss=-0.6016  kl_loss=0.0000 (disabled)  score=0.987  return=1.031  role_std=2.4734  role_norm=4.2449  enc_delta ego=0.0003 partner=0.0003 road=0.0005
[ROMA step 3,397,386,240] sps=492,251  policy_loss=0.0013  value_loss=0.0294  mi_loss=0.0009  mi_valid=0.67  div_loss=-0.6016  kl_loss=0.0000 (disabled)  score=0.987  return=1.031  role_std=2.4033  role_norm=4.3198  enc_delta ego=0.0002 partner=0.0002 road=0.0003
[ROMA step 3,398,172,672] sps=491,624  policy_loss=-0.0066  value_loss=0.0190  mi_loss=0.0009  mi_valid=0.69  div_loss=-0.5977  kl_loss=0.0000 (disabled)  score=0.987  return=1.030  role_std=2.4968  role_norm=4.2878  enc_delta ego=0.0003 partner=0.0002 road=0.0004
[ROMA step 3,398,959,104] sps=490,992  policy_loss=0.0045  value_loss=0.0243  mi_loss=0.0009  mi_valid=0.69  div_loss=-0.5898  kl_loss=0.0000 (disabled)  score=0.987  return=1.030  role_std=2.4563  role_norm=4.2006  enc_delta ego=0.0002 partner=0.0002 road=0.0004
[ROMA step 3,399,745,536] sps=490,356  policy_loss=-0.0030  value_loss=0.0182  mi_loss=0.0009  mi_valid=0.69  div_loss=-0.5898  kl_loss=0.0000 (disabled)  score=0.987  return=1.030  role_std=2.4388  role_norm=4.0974  enc_delta ego=0.0002 partner=0.0002 road=0.0004
[ROMA step 3,400,531,968] sps=489,080  policy_loss=0.0010  value_loss=0.0311  mi_loss=0.0008  mi_valid=0.67  div_loss=-0.6055  kl_loss=0.0000 (disabled)  score=0.987  return=1.030  role_std=2.3416  role_norm=4.2551  enc_delta ego=0.0002 partner=0.0002 road=0.0003
[ROMA step 3,401,318,400] sps=488,473  policy_loss=0.0015  value_loss=0.0222  mi_loss=0.0008  mi_valid=0.68  div_loss=-0.6055  kl_loss=0.0000 (disabled)  score=0.987  return=1.031  role_std=2.4654  role_norm=4.2687  enc_delta ego=0.0002 partner=0.0002 road=0.0003
[ROMA step 3,402,104,832] sps=487,850  policy_loss=-0.0038  value_loss=0.0268  mi_loss=0.0008  mi_valid=0.67  div_loss=-0.6016  kl_loss=0.0000 (disabled)  score=0.987  return=1.030  role_std=2.5326  role_norm=4.2966  enc_delta ego=0.0002 partner=0.0002 road=0.0004
[ROMA step 3,402,891,264] sps=486,550  policy_loss=-0.0009  value_loss=0.0275  mi_loss=0.0008  mi_valid=0.66  div_loss=-0.6172  kl_loss=0.0000 (disabled)  score=0.987  return=1.030  role_std=2.4125  role_norm=4.3312  enc_delta ego=0.0002 partner=0.0002 road=0.0003
[ROMA step 3,403,677,696] sps=485,937  policy_loss=-0.0028  value_loss=0.0249  mi_loss=0.0009  mi_valid=0.67  div_loss=-0.5820  kl_loss=0.0000 (disabled)  score=0.987  return=1.030  role_std=2.5559  role_norm=4.2866  enc_delta ego=0.0002 partner=0.0003 road=0.0003
[ROMA step 3,404,464,128] sps=485,315  policy_loss=-0.0017  value_loss=0.0269  mi_loss=0.0008  mi_valid=0.68  div_loss=-0.5938  kl_loss=0.0000 (disabled)  score=0.987  return=1.029  role_std=2.4566  role_norm=4.2265  enc_delta ego=0.0003 partner=0.0002 road=0.0004
[ROMA step 3,405,250,560] sps=484,702  policy_loss=-0.0024  value_loss=0.0212  mi_loss=0.0009  mi_valid=0.68  div_loss=-0.5938  kl_loss=0.0000 (disabled)  score=0.986  return=1.028  role_std=2.4208  role_norm=4.2113  enc_delta ego=0.0002 partner=0.0002 road=0.0003
[ROMA step 3,406,036,992] sps=483,354  policy_loss=0.0005  value_loss=0.0325  mi_loss=0.0009  mi_valid=0.66  div_loss=-0.6055  kl_loss=0.0000 (disabled)  score=0.986  return=1.027  role_std=2.2708  role_norm=4.2856  enc_delta ego=0.0002 partner=0.0002 road=0.0003
[ROMA step 3,406,823,424] sps=482,749  policy_loss=-0.0001  value_loss=0.0292  mi_loss=0.0010  mi_valid=0.67  div_loss=-0.5859  kl_loss=0.0000 (disabled)  score=0.986  return=1.027  role_std=2.4314  role_norm=4.3032  enc_delta ego=0.0002 partner=0.0002 road=0.0003
[ROMA step 3,407,609,856] sps=482,144  policy_loss=0.0035  value_loss=0.0242  mi_loss=0.0009  mi_valid=0.67  div_loss=-0.5938  kl_loss=0.0000 (disabled)  score=0.986  return=1.028  role_std=2.4971  role_norm=4.2215  enc_delta ego=0.0002 partner=0.0002 road=0.0004
[ROMA step 3,408,396,288] sps=480,467  policy_loss=-0.0045  value_loss=0.0276  mi_loss=0.0009  mi_valid=0.66  div_loss=-0.5977  kl_loss=0.0000 (disabled)  score=0.986  return=1.028  role_std=3.2227  role_norm=3.7150  enc_delta ego=0.0002 partner=0.0002 road=0.0003
[ROMA step 3,409,182,720] sps=479,872  policy_loss=0.0019  value_loss=0.0261  mi_loss=0.0010  mi_valid=0.67  div_loss=-0.6133  kl_loss=0.0000 (disabled)  score=0.986  return=1.029  role_std=2.6408  role_norm=4.4261  enc_delta ego=0.0003 partner=0.0002 road=0.0005
[ROMA step 3,409,969,152] sps=479,276  policy_loss=-0.0057  value_loss=0.0268  mi_loss=0.0010  mi_valid=0.66  div_loss=-0.6016  kl_loss=0.0000 (disabled)  score=0.986  return=1.028  role_std=2.7126  role_norm=4.4769  enc_delta ego=0.0003 partner=0.0003 road=0.0004
[ROMA step 3,410,755,584] sps=478,678  policy_loss=-0.0009  value_loss=0.0279  mi_loss=0.0010  mi_valid=0.66  div_loss=-0.6055  kl_loss=0.0000 (disabled)  score=0.987  return=1.028  role_std=2.6014  role_norm=4.4073  enc_delta ego=0.0002 partner=0.0003 road=0.0004
[ROMA step 3,411,542,016] sps=477,191  policy_loss=0.0041  value_loss=0.0363  mi_loss=0.0010  mi_valid=0.66  div_loss=-0.6094  kl_loss=0.0000 (disabled)  score=0.987  return=1.029  role_std=2.4168  role_norm=4.0099  enc_delta ego=0.0002 partner=0.0002 road=0.0004
[ROMA step 3,412,328,448] sps=476,612  policy_loss=0.0006  value_loss=0.0227  mi_loss=0.0009  mi_valid=0.68  div_loss=-0.5859  kl_loss=0.0000 (disabled)  score=0.987  return=1.029  role_std=2.5788  role_norm=3.9814  enc_delta ego=0.0002 partner=0.0002 road=0.0003
[ROMA step 3,413,114,880] sps=476,021  policy_loss=0.0039  value_loss=0.0266  mi_loss=0.0009  mi_valid=0.68  div_loss=-0.5898  kl_loss=0.0000 (disabled)  score=0.987  return=1.029  role_std=2.5107  role_norm=4.2645  enc_delta ego=0.0002 partner=0.0002 road=0.0003
[ROMA step 3,413,901,312] sps=475,426  policy_loss=-0.0039  value_loss=0.0227  mi_loss=0.0009  mi_valid=0.68  div_loss=-0.5977  kl_loss=0.0000 (disabled)  score=0.987  return=1.030  role_std=2.4923  role_norm=4.2195  enc_delta ego=0.0002 partner=0.0002 road=0.0003
[ROMA step 3,414,687,744] sps=474,158  policy_loss=-0.0056  value_loss=0.0320  mi_loss=0.0009  mi_valid=0.67  div_loss=-0.6016  kl_loss=0.0000 (disabled)  score=0.987  return=1.029  role_std=2.4964  role_norm=4.2388  enc_delta ego=0.0002 partner=0.0002 road=0.0004
[ROMA step 3,415,474,176] sps=473,587  policy_loss=-0.0045  value_loss=0.0202  mi_loss=0.0009  mi_valid=0.68  div_loss=-0.5977  kl_loss=0.0000 (disabled)  score=0.987  return=1.029  role_std=2.5691  role_norm=4.3455  enc_delta ego=0.0002 partner=0.0002 road=0.0004
[ROMA step 3,416,260,608] sps=473,011  policy_loss=-0.0011  value_loss=0.0207  mi_loss=0.0009  mi_valid=0.69  div_loss=-0.5898  kl_loss=0.0000 (disabled)  score=0.986  return=1.028  role_std=2.5155  role_norm=4.2005  enc_delta ego=0.0002 partner=0.0002 road=0.0003
[ROMA step 3,417,047,040] sps=471,694  policy_loss=0.0002  value_loss=0.0311  mi_loss=0.0009  mi_valid=0.68  div_loss=-0.6094  kl_loss=0.0000 (disabled)  score=0.986  return=1.028  role_std=2.4804  role_norm=4.3587  enc_delta ego=0.0002 partner=0.0002 road=0.0003
[ROMA step 3,417,833,472] sps=471,138  policy_loss=0.0002  value_loss=0.0327  mi_loss=0.0009  mi_valid=0.69  div_loss=-0.5977  kl_loss=0.0000 (disabled)  score=0.986  return=1.028  role_std=2.5014  role_norm=4.3395  enc_delta ego=0.0002 partner=0.0002 road=0.0003
[ROMA step 3,418,619,904] sps=470,566  policy_loss=-0.0034  value_loss=0.0233  mi_loss=0.0009  mi_valid=0.68  div_loss=-0.5898  kl_loss=0.0000 (disabled)  score=0.986  return=1.028  role_std=2.5104  role_norm=4.3232  enc_delta ego=0.0001 partner=0.0002 road=0.0003
[ROMA step 3,419,406,336] sps=469,997  policy_loss=0.0038  value_loss=0.0460  mi_loss=0.0009  mi_valid=0.68  div_loss=-0.5977  kl_loss=0.0000 (disabled)  score=0.986  return=1.028  role_std=2.4439  role_norm=4.3903  enc_delta ego=0.0002 partner=0.0002 road=0.0003
[ROMA step 3,420,192,768] sps=468,513  policy_loss=-0.0020  value_loss=0.0329  mi_loss=0.0009  mi_valid=0.67  div_loss=-0.6172  kl_loss=0.0000 (disabled)  score=0.986  return=1.028  role_std=2.6529  role_norm=4.2434  enc_delta ego=0.0002 partner=0.0002 road=0.0003
[ROMA step 3,420,979,200] sps=467,975  policy_loss=-0.0002  value_loss=0.0310  mi_loss=0.0009  mi_valid=0.68  div_loss=-0.5977  kl_loss=0.0000 (disabled)  score=0.986  return=1.028  role_std=2.6659  role_norm=4.1821  enc_delta ego=0.0002 partner=0.0002 road=0.0003
[ROMA step 3,421,765,632] sps=467,402  policy_loss=-0.0010  value_loss=0.0321  mi_loss=0.0009  mi_valid=0.68  div_loss=-0.6055  kl_loss=0.0000 (disabled)  score=0.986  return=1.027  role_std=2.6241  role_norm=4.2944  enc_delta ego=0.0002 partner=0.0002 road=0.0003
[ROMA step 3,422,552,064] sps=466,076  policy_loss=-0.0030  value_loss=0.0350  mi_loss=0.0009  mi_valid=0.67  div_loss=-0.6094  kl_loss=0.0000 (disabled)  score=0.986  return=1.027  role_std=2.4104  role_norm=4.3428  enc_delta ego=0.0001 partner=0.0002 road=0.0003
[ROMA step 3,423,338,496] sps=465,542  policy_loss=-0.0027  value_loss=0.0203  mi_loss=0.0009  mi_valid=0.68  div_loss=-0.5898  kl_loss=0.0000 (disabled)  score=0.986  return=1.027  role_std=2.5554  role_norm=4.3475  enc_delta ego=0.0002 partner=0.0002 road=0.0003
[ROMA step 3,424,124,928] sps=465,004  policy_loss=-0.0035  value_loss=0.0169  mi_loss=0.0009  mi_valid=0.68  div_loss=-0.5898  kl_loss=0.0000 (disabled)  score=0.986  return=1.028  role_std=2.5174  role_norm=4.3305  enc_delta ego=0.0001 partner=0.0002 road=0.0003
[ROMA step 3,424,911,360] sps=464,471  policy_loss=0.0028  value_loss=0.0243  mi_loss=0.0008  mi_valid=0.68  div_loss=-0.6016  kl_loss=0.0000 (disabled)  score=0.986  return=1.028  role_std=2.5743  role_norm=4.1097  enc_delta ego=0.0001 partner=0.0002 road=0.0003
[ROMA step 3,425,697,792] sps=463,100  policy_loss=-0.0038  value_loss=0.0340  mi_loss=0.0009  mi_valid=0.67  div_loss=-0.6016  kl_loss=0.0000 (disabled)  score=0.986  return=1.028  role_std=2.5765  role_norm=4.3502  enc_delta ego=0.0001 partner=0.0002 road=0.0003
[ROMA step 3,426,484,224] sps=462,568  policy_loss=0.0035  value_loss=0.0271  mi_loss=0.0009  mi_valid=0.68  div_loss=-0.5859  kl_loss=0.0000 (disabled)  score=0.986  return=1.028  role_std=2.5653  role_norm=4.4947  enc_delta ego=0.0002 partner=0.0002 road=0.0003
[ROMA step 3,427,270,656] sps=462,038  policy_loss=-0.0052  value_loss=0.0186  mi_loss=0.0009  mi_valid=0.68  div_loss=-0.5898  kl_loss=0.0000 (disabled)  score=0.986  return=1.028  role_std=2.6035  role_norm=4.2512  enc_delta ego=0.0002 partner=0.0002 road=0.0003
[ROMA step 3,428,057,088] sps=460,662  policy_loss=0.0015  value_loss=0.0391  mi_loss=0.0009  mi_valid=0.67  div_loss=-0.6133  kl_loss=0.0000 (disabled)  score=0.986  return=1.028  role_std=2.5544  role_norm=4.5161  enc_delta ego=0.0001 partner=0.0002 road=0.0003
[ROMA step 3,428,843,520] sps=460,139  policy_loss=-0.0005  value_loss=0.0235  mi_loss=0.0009  mi_valid=0.67  div_loss=-0.6016  kl_loss=0.0000 (disabled)  score=0.986  return=1.028  role_std=2.6193  role_norm=4.2710  enc_delta ego=0.0001 partner=0.0002 road=0.0003
[ROMA step 3,429,629,952] sps=459,615  policy_loss=0.0007  value_loss=0.0194  mi_loss=0.0009  mi_valid=0.67  div_loss=-0.5938  kl_loss=0.0000 (disabled)  score=0.986  return=1.028  role_std=2.6875  role_norm=4.2574  enc_delta ego=0.0002 partner=0.0002 road=0.0004
[ROMA step 3,430,416,384] sps=459,091  policy_loss=0.0005  value_loss=0.0217  mi_loss=0.0009  mi_valid=0.68  div_loss=-0.5977  kl_loss=0.0000 (disabled)  score=0.986  return=1.028  role_std=2.6464  role_norm=4.4445  enc_delta ego=0.0001 partner=0.0001 road=0.0003
[ROMA step 3,431,202,816] sps=457,604  policy_loss=-0.0043  value_loss=0.0246  mi_loss=0.0009  mi_valid=0.67  div_loss=-0.5977  kl_loss=0.0000 (disabled)  score=0.986  return=1.028  role_std=2.4172  role_norm=4.2093  enc_delta ego=0.0001 partner=0.0001 road=0.0003
[ROMA step 3,431,989,248] sps=457,075  policy_loss=-0.0053  value_loss=0.0181  mi_loss=0.0009  mi_valid=0.69  div_loss=-0.5625  kl_loss=0.0000 (disabled)  score=0.986  return=1.029  role_std=2.3355  role_norm=4.2248  enc_delta ego=0.0002 partner=0.0002 road=0.0002
[ROMA step 3,432,775,680] sps=456,557  policy_loss=0.0066  value_loss=0.0182  mi_loss=0.0009  mi_valid=0.69  div_loss=-0.5664  kl_loss=0.0000 (disabled)  score=0.986  return=1.029  role_std=2.4012  role_norm=4.2276  enc_delta ego=0.0001 partner=0.0001 road=0.0003
[ROMA step 3,433,562,112] sps=455,269  policy_loss=-0.0031  value_loss=0.0273  mi_loss=0.0009  mi_valid=0.67  div_loss=-0.5742  kl_loss=0.0000 (disabled)  score=0.987  return=1.030  role_std=2.7435  role_norm=3.2798  enc_delta ego=0.0001 partner=0.0002 road=0.0002
[ROMA step 3,434,348,544] sps=454,754  policy_loss=-0.0046  value_loss=0.0204  mi_loss=0.0008  mi_valid=0.69  div_loss=-0.5898  kl_loss=0.0000 (disabled)  score=0.987  return=1.030  role_std=2.3500  role_norm=4.1519  enc_delta ego=0.0001 partner=0.0002 road=0.0003
[ROMA step 3,435,134,976] sps=454,241  policy_loss=-0.0020  value_loss=0.0241  mi_loss=0.0008  mi_valid=0.68  div_loss=-0.5898  kl_loss=0.0000 (disabled)  score=0.987  return=1.031  role_std=2.3744  role_norm=4.1167  enc_delta ego=0.0001 partner=0.0002 road=0.0003
[ROMA step 3,435,921,408] sps=453,724  policy_loss=0.0003  value_loss=0.0319  mi_loss=0.0009  mi_valid=0.68  div_loss=-0.5938  kl_loss=0.0000 (disabled)  score=0.987  return=1.031  role_std=2.4815  role_norm=4.1772  enc_delta ego=0.0001 partner=0.0002 road=0.0003
[ROMA step 3,436,707,840] sps=452,281  policy_loss=-0.0021  value_loss=0.0305  mi_loss=0.0009  mi_valid=0.67  div_loss=-0.6094  kl_loss=0.0000 (disabled)  score=0.987  return=1.032  role_std=2.7061  role_norm=4.2230  enc_delta ego=0.0002 partner=0.0001 road=0.0003
[ROMA step 3,437,494,272] sps=451,775  policy_loss=-0.0066  value_loss=0.0209  mi_loss=0.0009  mi_valid=0.67  div_loss=-0.6016  kl_loss=0.0000 (disabled)  score=0.987  return=1.032  role_std=2.6190  role_norm=4.2016  enc_delta ego=0.0002 partner=0.0001 road=0.0003
[ROMA step 3,438,280,704] sps=451,271  policy_loss=0.0002  value_loss=0.0197  mi_loss=0.0009  mi_valid=0.67  div_loss=-0.5977  kl_loss=0.0000 (disabled)  score=0.987  return=1.033  role_std=2.5624  role_norm=4.0894  enc_delta ego=0.0001 partner=0.0001 road=0.0003
[ROMA step 3,439,067,136] sps=450,747  policy_loss=0.0037  value_loss=0.0235  mi_loss=0.0009  mi_valid=0.67  div_loss=-0.6016  kl_loss=0.0000 (disabled)  score=0.987  return=1.034  role_std=2.5458  role_norm=4.3541  enc_delta ego=0.0001 partner=0.0001 road=0.0002
[ROMA step 3,439,853,568] sps=449,464  policy_loss=-0.0002  value_loss=0.0337  mi_loss=0.0009  mi_valid=0.67  div_loss=-0.6055  kl_loss=0.0000 (disabled)  score=0.987  return=1.034  role_std=2.5194  role_norm=4.4075  enc_delta ego=0.0002 partner=0.0001 road=0.0002
[ROMA step 3,440,640,000] sps=448,972  policy_loss=0.0018  value_loss=0.0353  mi_loss=0.0009  mi_valid=0.68  div_loss=-0.5977  kl_loss=0.0000 (disabled)  score=0.987  return=1.034  role_std=2.6504  role_norm=4.2932  enc_delta ego=0.0001 partner=0.0002 road=0.0002
[ROMA step 3,441,426,432] sps=448,480  policy_loss=0.0036  value_loss=0.0256  mi_loss=0.0009  mi_valid=0.68  div_loss=-0.6016  kl_loss=0.0000 (disabled)  score=0.987  return=1.034  role_std=2.5791  role_norm=4.2919  enc_delta ego=0.0001 partner=0.0001 road=0.0003
[ROMA step 3,442,212,864] sps=446,268  policy_loss=-0.0001  value_loss=0.0347  mi_loss=0.0009  mi_valid=0.67  div_loss=-0.6133  kl_loss=0.0000 (disabled)  score=0.987  return=1.034  role_std=2.5708  role_norm=4.0457  enc_delta ego=0.0001 partner=0.0001 road=0.0003
[ROMA step 3,442,999,296] sps=445,782  policy_loss=-0.0001  value_loss=0.0233  mi_loss=0.0009  mi_valid=0.68  div_loss=-0.5938  kl_loss=0.0000 (disabled)  score=0.987  return=1.034  role_std=2.5423  role_norm=4.2828  enc_delta ego=0.0002 partner=0.0001 road=0.0003
[ROMA step 3,443,785,728] sps=445,297  policy_loss=-0.0014  value_loss=0.0261  mi_loss=0.0009  mi_valid=0.68  div_loss=-0.5938  kl_loss=0.0000 (disabled)  score=0.986  return=1.034  role_std=2.5267  role_norm=4.3109  enc_delta ego=0.0001 partner=0.0001 road=0.0003
[ROMA step 3,444,572,160] sps=444,793  policy_loss=-0.0046  value_loss=0.0243  mi_loss=0.0009  mi_valid=0.68  div_loss=-0.5977  kl_loss=0.0000 (disabled)  score=0.986  return=1.034  role_std=2.5828  role_norm=4.2118  enc_delta ego=0.0001 partner=0.0001 road=0.0002
[ROMA step 3,445,358,592] sps=443,341  policy_loss=-0.0003  value_loss=0.0269  mi_loss=0.0009  mi_valid=0.68  div_loss=-0.5938  kl_loss=0.0000 (disabled)  score=0.986  return=1.034  role_std=2.4392  role_norm=3.9876  enc_delta ego=0.0001 partner=0.0001 road=0.0002
[ROMA step 3,446,145,024] sps=442,863  policy_loss=0.0021  value_loss=0.0240  mi_loss=0.0009  mi_valid=0.70  div_loss=-0.5781  kl_loss=0.0000 (disabled)  score=0.986  return=1.034  role_std=2.4322  role_norm=4.0977  enc_delta ego=0.0001 partner=0.0001 road=0.0003
[ROMA step 3,446,931,456] sps=442,384  policy_loss=-0.0026  value_loss=0.0232  mi_loss=0.0009  mi_valid=0.69  div_loss=-0.5820  kl_loss=0.0000 (disabled)  score=0.986  return=1.033  role_std=2.3786  role_norm=4.2055  enc_delta ego=0.0001 partner=0.0001 road=0.0003
[ROMA step 3,447,717,888] sps=441,051  policy_loss=-0.0034  value_loss=0.0251  mi_loss=0.0009  mi_valid=0.68  div_loss=-0.5938  kl_loss=0.0000 (disabled)  score=0.986  return=1.033  role_std=2.6637  role_norm=4.3919  enc_delta ego=0.0001 partner=0.0001 road=0.0002
[ROMA step 3,448,504,320] sps=440,584  policy_loss=0.0021  value_loss=0.0198  mi_loss=0.0008  mi_valid=0.68  div_loss=-0.5977  kl_loss=0.0000 (disabled)  score=0.987  return=1.033  role_std=2.6518  role_norm=4.4257  enc_delta ego=0.0001 partner=0.0001 road=0.0002
[ROMA step 3,449,290,752] sps=440,117  policy_loss=0.0006  value_loss=0.0191  mi_loss=0.0009  mi_valid=0.67  div_loss=-0.5938  kl_loss=0.0000 (disabled)  score=0.987  return=1.033  role_std=2.6204  role_norm=4.3207  enc_delta ego=0.0001 partner=0.0001 road=0.0002
[ROMA step 3,450,077,184] sps=439,652  policy_loss=-0.0035  value_loss=0.0212  mi_loss=0.0008  mi_valid=0.67  div_loss=-0.5898  kl_loss=0.0000 (disabled)  score=0.987  return=1.033  role_std=2.6582  role_norm=4.3340  enc_delta ego=0.0001 partner=0.0001 road=0.0002
[ROMA step 3,450,863,616] sps=438,197  policy_loss=-0.0051  value_loss=0.0299  mi_loss=0.0009  mi_valid=0.67  div_loss=-0.5977  kl_loss=0.0000 (disabled)  score=0.987  return=1.033  role_std=2.5046  role_norm=4.2455  enc_delta ego=0.0001 partner=0.0001 road=0.0002
[ROMA step 3,451,650,048] sps=437,732  policy_loss=-0.0004  value_loss=0.0238  mi_loss=0.0009  mi_valid=0.68  div_loss=-0.5820  kl_loss=0.0000 (disabled)  score=0.987  return=1.033  role_std=2.5598  role_norm=4.2294  enc_delta ego=0.0001 partner=0.0001 road=0.0002
[ROMA step 3,452,436,480] sps=437,264  policy_loss=-0.0016  value_loss=0.0219  mi_loss=0.0009  mi_valid=0.68  div_loss=-0.5781  kl_loss=0.0000 (disabled)  score=0.987  return=1.033  role_std=2.4534  role_norm=4.2416  enc_delta ego=0.0001 partner=0.0001 road=0.0002
[ROMA step 3,453,222,912] sps=435,695  policy_loss=-0.0037  value_loss=0.0271  mi_loss=0.0009  mi_valid=0.67  div_loss=-0.6016  kl_loss=0.0000 (disabled)  score=0.987  return=1.033  role_std=2.3916  role_norm=4.4520  enc_delta ego=0.0001 partner=0.0001 road=0.0002
[ROMA step 3,454,009,344] sps=435,227  policy_loss=0.0013  value_loss=0.0246  mi_loss=0.0009  mi_valid=0.67  div_loss=-0.5938  kl_loss=0.0000 (disabled)  score=0.987  return=1.033  role_std=2.6172  role_norm=4.2565  enc_delta ego=0.0001 partner=0.0001 road=0.0002
[ROMA step 3,454,795,776] sps=434,762  policy_loss=-0.0062  value_loss=0.0211  mi_loss=0.0008  mi_valid=0.67  div_loss=-0.5977  kl_loss=0.0000 (disabled)  score=0.987  return=1.033  role_std=2.6273  role_norm=4.3245  enc_delta ego=0.0001 partner=0.0001 road=0.0002
[ROMA step 3,455,582,208] sps=434,299  policy_loss=0.0024  value_loss=0.0305  mi_loss=0.0009  mi_valid=0.67  div_loss=-0.5938  kl_loss=0.0000 (disabled)  score=0.987  return=1.033  role_std=2.5398  role_norm=4.2534  enc_delta ego=0.0001 partner=0.0001 road=0.0002
[ROMA step 3,456,368,640] sps=432,727  policy_loss=-0.0019  value_loss=0.0289  mi_loss=0.0009  mi_valid=0.67  div_loss=-0.6055  kl_loss=0.0000 (disabled)  score=0.987  return=1.033  role_std=2.5215  role_norm=4.3723  enc_delta ego=0.0001 partner=0.0001 road=0.0002
[ROMA step 3,457,155,072] sps=432,272  policy_loss=0.0092  value_loss=0.0237  mi_loss=0.0009  mi_valid=0.68  div_loss=-0.5898  kl_loss=0.0000 (disabled)  score=0.987  return=1.033  role_std=2.4067  role_norm=4.1730  enc_delta ego=0.0001 partner=0.0002 road=0.0003
[ROMA step 3,457,941,504] sps=431,812  policy_loss=0.0049  value_loss=0.0227  mi_loss=0.0009  mi_valid=0.68  div_loss=-0.5859  kl_loss=0.0000 (disabled)  score=0.987  return=1.033  role_std=2.5182  role_norm=4.3140  enc_delta ego=0.0001 partner=0.0001 road=0.0002
[ROMA step 3,458,727,936] sps=430,049  policy_loss=-0.0059  value_loss=0.0246  mi_loss=0.0009  mi_valid=0.66  div_loss=-0.6016  kl_loss=0.0000 (disabled)  score=0.988  return=1.033  role_std=2.9850  role_norm=3.6040  enc_delta ego=0.0001 partner=0.0001 road=0.0002
[ROMA step 3,459,514,368] sps=429,605  policy_loss=0.0000  value_loss=0.0359  mi_loss=0.0009  mi_valid=0.68  div_loss=-0.5938  kl_loss=0.0000 (disabled)  score=0.988  return=1.033  role_std=2.5150  role_norm=4.3065  enc_delta ego=0.0001 partner=0.0001 road=0.0002
[ROMA step 3,460,300,800] sps=429,160  policy_loss=-0.0010  value_loss=0.0204  mi_loss=0.0009  mi_valid=0.68  div_loss=-0.5859  kl_loss=0.0000 (disabled)  score=0.988  return=1.033  role_std=2.5041  role_norm=4.3766  enc_delta ego=0.0001 partner=0.0001 road=0.0002
[ROMA step 3,461,087,232] sps=428,718  policy_loss=-0.0001  value_loss=0.0232  mi_loss=0.0009  mi_valid=0.68  div_loss=-0.5938  kl_loss=0.0000 (disabled)  score=0.988  return=1.033  role_std=2.4860  role_norm=4.3556  enc_delta ego=0.0001 partner=0.0001 road=0.0001
[ROMA step 3,461,873,664] sps=427,290  policy_loss=0.0049  value_loss=0.0303  mi_loss=0.0009  mi_valid=0.66  div_loss=-0.6094  kl_loss=0.0000 (disabled)  score=0.988  return=1.033  role_std=2.6510  role_norm=4.4145  enc_delta ego=0.0001 partner=0.0001 road=0.0002
[ROMA step 3,462,660,096] sps=426,849  policy_loss=-0.0003  value_loss=0.0201  mi_loss=0.0009  mi_valid=0.66  div_loss=-0.6094  kl_loss=0.0000 (disabled)  score=0.988  return=1.033  role_std=2.6968  role_norm=4.4230  enc_delta ego=0.0001 partner=0.0001 road=0.0001
[ROMA step 3,463,446,528] sps=426,409  policy_loss=0.0028  value_loss=0.0226  mi_loss=0.0009  mi_valid=0.67  div_loss=-0.6016  kl_loss=0.0000 (disabled)  score=0.988  return=1.034  role_std=2.7698  role_norm=4.4293  enc_delta ego=0.0001 partner=0.0001 road=0.0002
[ROMA step 3,464,232,960] sps=425,971  policy_loss=-0.0080  value_loss=0.0191  mi_loss=0.0009  mi_valid=0.67  div_loss=-0.6094  kl_loss=0.0000 (disabled)  score=0.988  return=1.034  role_std=2.6453  role_norm=4.4915  enc_delta ego=0.0001 partner=0.0001 road=0.0002
[ROMA step 3,465,019,392] sps=424,589  policy_loss=0.0038  value_loss=0.0321  mi_loss=0.0009  mi_valid=0.67  div_loss=-0.5898  kl_loss=0.0000 (disabled)  score=0.988  return=1.034  role_std=2.4687  role_norm=4.3305  enc_delta ego=0.0001 partner=0.0001 road=0.0002
[ROMA step 3,465,805,824] sps=424,159  policy_loss=0.0034  value_loss=0.0263  mi_loss=0.0008  mi_valid=0.68  div_loss=-0.5898  kl_loss=0.0000 (disabled)  score=0.988  return=1.034  role_std=2.6064  role_norm=4.3734  enc_delta ego=0.0001 partner=0.0001 road=0.0002
[ROMA step 3,466,592,256] sps=423,732  policy_loss=-0.0065  value_loss=0.0231  mi_loss=0.0008  mi_valid=0.68  div_loss=-0.5938  kl_loss=0.0000 (disabled)  score=0.988  return=1.034  role_std=2.5094  role_norm=4.2933  enc_delta ego=0.0001 partner=0.0001 road=0.0002
[ROMA step 3,467,378,688] sps=422,264  policy_loss=-0.0023  value_loss=0.0297  mi_loss=0.0009  mi_valid=0.66  div_loss=-0.6016  kl_loss=0.0000 (disabled)  score=0.988  return=1.034  role_std=2.7118  role_norm=4.2508  enc_delta ego=0.0001 partner=0.0001 road=0.0002
[ROMA step 3,468,165,120] sps=421,837  policy_loss=-0.0044  value_loss=0.0227  mi_loss=0.0009  mi_valid=0.68  div_loss=-0.5977  kl_loss=0.0000 (disabled)  score=0.988  return=1.034  role_std=2.5613  role_norm=4.4544  enc_delta ego=0.0001 partner=0.0001 road=0.0002
[ROMA step 3,468,951,552] sps=421,416  policy_loss=0.0008  value_loss=0.0241  mi_loss=0.0009  mi_valid=0.67  div_loss=-0.5977  kl_loss=0.0000 (disabled)  score=0.988  return=1.034  role_std=2.6108  role_norm=4.4159  enc_delta ego=0.0001 partner=0.0001 road=0.0002
[ROMA step 3,469,737,984] sps=420,999  policy_loss=-0.0038  value_loss=0.0213  mi_loss=0.0009  mi_valid=0.67  div_loss=-0.6055  kl_loss=0.0000 (disabled)  score=0.988  return=1.034  role_std=2.5320  role_norm=4.4121  enc_delta ego=0.0001 partner=0.0001 road=0.0001
[ROMA step 3,470,524,416] sps=419,655  policy_loss=-0.0006  value_loss=0.0346  mi_loss=0.0009  mi_valid=0.67  div_loss=-0.6016  kl_loss=0.0000 (disabled)  score=0.988  return=1.034  role_std=2.5062  role_norm=4.0881  enc_delta ego=0.0001 partner=0.0001 road=0.0001
[ROMA step 3,471,310,848] sps=419,232  policy_loss=-0.0036  value_loss=0.0213  mi_loss=0.0008  mi_valid=0.69  div_loss=-0.5859  kl_loss=0.0000 (disabled)  score=0.988  return=1.034  role_std=2.3927  role_norm=4.1535  enc_delta ego=0.0001 partner=0.0001 road=0.0001
[ROMA step 3,472,097,280] sps=418,806  policy_loss=0.0107  value_loss=0.0278  mi_loss=0.0009  mi_valid=0.69  div_loss=-0.5859  kl_loss=0.0000 (disabled)  score=0.988  return=1.035  role_std=2.3747  role_norm=4.1055  enc_delta ego=0.0001 partner=0.0001 road=0.0001
[ROMA step 3,472,883,712] sps=417,519  policy_loss=0.0003  value_loss=0.0331  mi_loss=0.0009  mi_valid=0.67  div_loss=-0.5977  kl_loss=0.0000 (disabled)  score=0.988  return=1.035  role_std=2.5819  role_norm=4.0359  enc_delta ego=0.0001 partner=0.0001 road=0.0001
[ROMA step 3,473,670,144] sps=417,096  policy_loss=0.0015  value_loss=0.0278  mi_loss=0.0008  mi_valid=0.67  div_loss=-0.6055  kl_loss=0.0000 (disabled)  score=0.988  return=1.035  role_std=2.4824  role_norm=4.2452  enc_delta ego=0.0001 partner=0.0001 road=0.0002
[ROMA step 3,474,456,576] sps=416,675  policy_loss=0.0011  value_loss=0.0233  mi_loss=0.0008  mi_valid=0.67  div_loss=-0.5977  kl_loss=0.0000 (disabled)  score=0.987  return=1.034  role_std=2.5314  role_norm=4.2127  enc_delta ego=0.0001 partner=0.0001 road=0.0002
[ROMA step 3,475,243,008] sps=416,259  policy_loss=0.0005  value_loss=0.0241  mi_loss=0.0008  mi_valid=0.67  div_loss=-0.5938  kl_loss=0.0000 (disabled)  score=0.987  return=1.034  role_std=2.5420  role_norm=4.1083  enc_delta ego=0.0001 partner=0.0001 road=0.0001
[ROMA step 3,476,029,440] sps=414,812  policy_loss=-0.0044  value_loss=0.0240  mi_loss=0.0008  mi_valid=0.67  div_loss=-0.6133  kl_loss=0.0000 (disabled)  score=0.987  return=1.034  role_std=2.6376  role_norm=4.4568  enc_delta ego=0.0001 partner=0.0001 road=0.0001
[ROMA step 3,476,815,872] sps=414,405  policy_loss=-0.0030  value_loss=0.0200  mi_loss=0.0008  mi_valid=0.68  div_loss=-0.5977  kl_loss=0.0000 (disabled)  score=0.987  return=1.034  role_std=2.6366  role_norm=4.3746  enc_delta ego=0.0001 partner=0.0001 road=0.0001
[ROMA step 3,477,602,304] sps=414,000  policy_loss=-0.0003  value_loss=0.0208  mi_loss=0.0008  mi_valid=0.67  div_loss=-0.6016  kl_loss=0.0000 (disabled)  score=0.987  return=1.034  role_std=2.5056  role_norm=4.3193  enc_delta ego=0.0001 partner=0.0001 road=0.0001
[ROMA step 3,478,388,736] sps=412,543  policy_loss=-0.0019  value_loss=0.0277  mi_loss=0.0009  mi_valid=0.66  div_loss=-0.6172  kl_loss=0.0000 (disabled)  score=0.987  return=1.034  role_std=2.3752  role_norm=4.5461  enc_delta ego=0.0001 partner=0.0001 road=0.0001
[ROMA step 3,479,175,168] sps=412,068  policy_loss=-0.0007  value_loss=0.0269  mi_loss=0.0009  mi_valid=0.67  div_loss=-0.5977  kl_loss=0.0000 (disabled)  score=0.987  return=1.034  role_std=2.4733  role_norm=4.2340  enc_delta ego=0.0001 partner=0.0001 road=0.0001
[ROMA step 3,479,961,600] sps=411,613  policy_loss=-0.0033  value_loss=0.0213  mi_loss=0.0009  mi_valid=0.68  div_loss=-0.5938  kl_loss=0.0000 (disabled)  score=0.987  return=1.034  role_std=2.5383  role_norm=4.1709  enc_delta ego=0.0001 partner=0.0000 road=0.0001
[ROMA step 3,480,748,032] sps=411,199  policy_loss=-0.0063  value_loss=0.0200  mi_loss=0.0009  mi_valid=0.68  div_loss=-0.5977  kl_loss=0.0000 (disabled)  score=0.987  return=1.033  role_std=2.4176  role_norm=4.1578  enc_delta ego=0.0001 partner=0.0000 road=0.0001
[ROMA step 3,481,534,464] sps=409,499  policy_loss=0.0018  value_loss=0.0317  mi_loss=0.0009  mi_valid=0.66  div_loss=-0.6055  kl_loss=0.0000 (disabled)  score=0.987  return=1.033  role_std=2.4246  role_norm=4.2148  enc_delta ego=0.0001 partner=0.0001 road=0.0001
[ROMA step 3,482,320,896] sps=409,051  policy_loss=-0.0012  value_loss=0.0201  mi_loss=0.0008  mi_valid=0.68  div_loss=-0.5898  kl_loss=0.0000 (disabled)  score=0.987  return=1.034  role_std=2.4267  role_norm=4.3318  enc_delta ego=0.0000 partner=0.0000 road=0.0001
[ROMA step 3,483,107,328] sps=408,615  policy_loss=-0.0011  value_loss=0.0241  mi_loss=0.0008  mi_valid=0.68  div_loss=-0.5898  kl_loss=0.0000 (disabled)  score=0.987  return=1.034  role_std=2.4117  role_norm=4.2336  enc_delta ego=0.0000 partner=0.0000 road=0.0001
[ROMA step 3,483,893,760] sps=407,364  policy_loss=0.0037  value_loss=0.0278  mi_loss=0.0009  mi_valid=0.66  div_loss=-0.5938  kl_loss=0.0000 (disabled)  score=0.987  return=1.034  role_std=2.9134  role_norm=3.5835  enc_delta ego=0.0000 partner=0.0000 road=0.0001
[ROMA step 3,484,680,192] sps=406,974  policy_loss=-0.0049  value_loss=0.0223  mi_loss=0.0008  mi_valid=0.68  div_loss=-0.5820  kl_loss=0.0000 (disabled)  score=0.987  return=1.034  role_std=2.4379  role_norm=4.2827  enc_delta ego=0.0000 partner=0.0000 road=0.0001
[ROMA step 3,485,466,624] sps=406,586  policy_loss=0.0063  value_loss=0.0232  mi_loss=0.0008  mi_valid=0.68  div_loss=-0.5859  kl_loss=0.0000 (disabled)  score=0.988  return=1.035  role_std=2.4669  role_norm=4.3282  enc_delta ego=0.0000 partner=0.0000 road=0.0001
[ROMA step 3,486,253,056] sps=406,196  policy_loss=-0.0006  value_loss=0.0240  mi_loss=0.0008  mi_valid=0.68  div_loss=-0.5859  kl_loss=0.0000 (disabled)  score=0.988  return=1.035  role_std=2.4711  role_norm=4.2650  enc_delta ego=0.0000 partner=0.0000 road=0.0001
[ROMA step 3,487,039,488] sps=404,897  policy_loss=0.0003  value_loss=0.0349  mi_loss=0.0008  mi_valid=0.67  div_loss=-0.6016  kl_loss=0.0000 (disabled)  score=0.988  return=1.035  role_std=2.4907  role_norm=4.1478  enc_delta ego=0.0000 partner=0.0000 road=0.0001
[ROMA step 3,487,825,920] sps=404,460  policy_loss=-0.0013  value_loss=0.0222  mi_loss=0.0008  mi_valid=0.68  div_loss=-0.5977  kl_loss=0.0000 (disabled)  score=0.988  return=1.034  role_std=2.4565  role_norm=4.2192  enc_delta ego=0.0001 partner=0.0000 road=0.0001
[ROMA step 3,488,612,352] sps=404,021  policy_loss=-0.0047  value_loss=0.0191  mi_loss=0.0008  mi_valid=0.68  div_loss=-0.5898  kl_loss=0.0000 (disabled)  score=0.988  return=1.034  role_std=2.5689  role_norm=4.1077  enc_delta ego=0.0000 partner=0.0000 road=0.0001
[ROMA step 3,489,398,784] sps=403,597  policy_loss=0.0018  value_loss=0.0236  mi_loss=0.0008  mi_valid=0.68  div_loss=-0.5977  kl_loss=0.0000 (disabled)  score=0.988  return=1.034  role_std=2.5188  role_norm=4.1905  enc_delta ego=0.0000 partner=0.0000 road=0.0001
[ROMA step 3,490,185,216] sps=402,274  policy_loss=0.0010  value_loss=0.0356  mi_loss=0.0009  mi_valid=0.67  div_loss=-0.6016  kl_loss=0.0000 (disabled)  score=0.988  return=1.033  role_std=2.2872  role_norm=4.0712  enc_delta ego=0.0000 partner=0.0000 road=0.0001
[ROMA step 3,490,971,648] sps=401,888  policy_loss=-0.0010  value_loss=0.0231  mi_loss=0.0009  mi_valid=0.68  div_loss=-0.5859  kl_loss=0.0000 (disabled)  score=0.988  return=1.033  role_std=2.4176  role_norm=4.1201  enc_delta ego=0.0000 partner=0.0000 road=0.0000
[ROMA step 3,491,758,080] sps=401,470  policy_loss=0.0040  value_loss=0.0245  mi_loss=0.0009  mi_valid=0.68  div_loss=-0.5898  kl_loss=0.0000 (disabled)  score=0.988  return=1.033  role_std=2.3754  role_norm=3.9753  enc_delta ego=0.0000 partner=0.0000 road=0.0000
[ROMA step 3,492,544,512] sps=400,374  policy_loss=-0.0054  value_loss=0.0288  mi_loss=0.0009  mi_valid=0.67  div_loss=-0.5977  kl_loss=0.0000 (disabled)  score=0.988  return=1.033  role_std=2.6793  role_norm=4.0756  enc_delta ego=0.0000 partner=0.0000 road=0.0000
[ROMA step 3,493,330,944] sps=400,000  policy_loss=-0.0042  value_loss=0.0259  mi_loss=0.0009  mi_valid=0.68  div_loss=-0.6016  kl_loss=0.0000 (disabled)  score=0.988  return=1.032  role_std=2.5074  role_norm=4.3952  enc_delta ego=0.0000 partner=0.0000 road=0.0001
[ROMA step 3,494,117,376] sps=399,559  policy_loss=-0.0044  value_loss=0.0269  mi_loss=0.0008  mi_valid=0.67  div_loss=-0.6055  kl_loss=0.0000 (disabled)  score=0.988  return=1.031  role_std=2.4845  role_norm=4.2748  enc_delta ego=0.0000 partner=0.0000 road=0.0001
[ROMA step 3,494,903,808] sps=399,168  policy_loss=-0.0054  value_loss=0.0287  mi_loss=0.0008  mi_valid=0.67  div_loss=-0.6016  kl_loss=0.0000 (disabled)  score=0.988  return=1.031  role_std=2.5180  role_norm=4.3072  enc_delta ego=0.0000 partner=0.0000 road=0.0001
[ROMA step 3,495,690,240] sps=398,111  policy_loss=0.0041  value_loss=0.0375  mi_loss=0.0009  mi_valid=0.66  div_loss=-0.6172  kl_loss=0.0000 (disabled)  score=0.988  return=1.030  role_std=2.6973  role_norm=4.4669  enc_delta ego=0.0000 partner=0.0000 road=0.0000
[ROMA step 3,496,476,672] sps=397,741  policy_loss=0.0002  value_loss=0.0285  mi_loss=0.0009  mi_valid=0.67  div_loss=-0.6016  kl_loss=0.0000 (disabled)  score=0.988  return=1.030  role_std=2.6832  role_norm=4.3866  enc_delta ego=0.0000 partner=0.0000 road=0.0000
[ROMA step 3,497,263,104] sps=397,375  policy_loss=0.0016  value_loss=0.0285  mi_loss=0.0009  mi_valid=0.68  div_loss=-0.5977  kl_loss=0.0000 (disabled)  score=0.987  return=1.029  role_std=2.6298  role_norm=4.4197  enc_delta ego=0.0000 partner=0.0000 road=0.0000
[ROMA step 3,498,049,536] sps=396,318  policy_loss=-0.0019  value_loss=0.0387  mi_loss=0.0009  mi_valid=0.66  div_loss=-0.6055  kl_loss=0.0000 (disabled)  score=0.987  return=1.029  role_std=2.5932  role_norm=4.2317  enc_delta ego=0.0000 partner=0.0000 road=0.0000
[ROMA step 3,498,835,968] sps=395,942  policy_loss=0.0067  value_loss=0.0350  mi_loss=0.0008  mi_valid=0.68  div_loss=-0.5977  kl_loss=0.0000 (disabled)  score=0.987  return=1.028  role_std=2.7043  role_norm=4.3225  enc_delta ego=0.0000 partner=0.0000 road=0.0000
[ROMA step 3,499,622,400] sps=395,556  policy_loss=-0.0046  value_loss=0.0278  mi_loss=0.0008  mi_valid=0.68  div_loss=-0.5938  kl_loss=0.0000 (disabled)  score=0.987  return=1.027  role_std=2.5332  role_norm=4.3774  enc_delta ego=0.0000 partner=0.0000 road=0.0000
[ROMA step 3,500,408,832] sps=395,193  policy_loss=-0.0049  value_loss=0.0235  mi_loss=0.0009  mi_valid=0.68  div_loss=-0.5898  kl_loss=0.0000 (disabled)  score=0.987  return=1.027  role_std=2.5236  role_norm=4.3272  enc_delta ego=0.0000 partner=0.0000 road=0.0000
[ROMA] Saved -> /scratch/e452103/checkpoints/roma_mifutagent_dim1_H8_r16p64_ft_comply25_nodiv/roma_dim1_step3500408832.pt
[ROMA] Training complete. Saved -> /scratch/e452103/checkpoints/roma_mifutagent_dim1_H8_r16p64_ft_comply25_nodiv/roma_dim1_final.pt
[mifut] done -> /scratch/e452103/checkpoints/roma_mifutagent_dim1_H8_r16p64_ft_comply25_nodiv
