[mifut] no existing checkpoint in /scratch/e452103/checkpoints/roma_mifutagent_dim4_H8_r16p64_ep_film_comply -- fresh run
[mifut] role_dim=4  H=8  maps=10000  total_steps=3000000000
[mifut] role view: road=16 partner=64  mi_target=ego_partner
[mifut] FiLM conditioning: --role_film
[mifut] compliance=0.05 perturb_frac=0.15 alpha=2.0
[mifut] div_weight=0.1  mi_weight=1.0  wandb_name=roma_mifutagentH8_dim4_r16p64_ep_film_comply_maps10000_0
[mifut] code=/home/e452103/roma_film  save=/scratch/e452103/checkpoints/roma_mifutagent_dim4_H8_r16p64_ep_film_comply
[mifut] branch=mi-future-agentcentric-film commit=1e5121d
[ROMA] Device        : cuda
[ROMA] AMP (bf16)    : enabled
[ROMA] role_dim      : 4
[ROMA] num_maps      : 10000
[ROMA] num_agents    : 3072
[ROMA] total_steps   : 3,000,000,000
[ROMA] mi_weight     : 1.0
[ROMA] div_weight    : 0.1
[ROMA] mi_target     : ego_partner
[ROMA] role view     : road=16 partner=64 (policy GRU always sees the full 128)
[ROMA] mi_horizon    : 8 (future MI: z_t predicts emb t+1..t+8)
[ROMA] wandb initialized: https://wandb.ai/s-rahmani-tu-delft/roma-pufferdrive/runs/jd76ajub
[ROMA] obs_dim       : 1121 (auto-detected)
[ROMA] CSV log       : /scratch/e452103/checkpoints/roma_mifutagent_dim4_H8_r16p64_ep_film_comply/training_log.csv
[ROMA] Training for 3,000,000,000 steps ...
[ROMA step      786,432] sps= 54,596  policy_loss=-0.0023  value_loss=3.5372  mi_loss=0.0148  mi_valid=0.89  div_loss=0.9988  kl_loss=0.0000 (disabled)  score=0.169  return=-7.551  role_std=0.0021  role_norm=0.1744  enc_delta ego=0.0683 partner=0.1008 road=0.1121
[ROMA step    1,572,864] sps= 64,388  policy_loss=-0.0042  value_loss=3.8000  mi_loss=0.0038  mi_valid=0.86  div_loss=0.9940  kl_loss=0.0000 (disabled)  score=0.169  return=-7.529  role_std=0.0119  role_norm=0.4814  enc_delta ego=0.1054 partner=0.1036 road=0.0995
[ROMA step    2,359,296] sps= 66,710  policy_loss=0.0023  value_loss=3.4468  mi_loss=0.0032  mi_valid=0.86  div_loss=0.0493  kl_loss=0.0000 (disabled)  score=0.171  return=-7.461  role_std=0.0624  role_norm=0.9740  enc_delta ego=0.1285 partner=0.1233 road=0.1229
[ROMA step    3,145,728] sps= 47,926  policy_loss=0.0039  value_loss=4.2523  mi_loss=0.0024  mi_valid=0.83  div_loss=0.0004  kl_loss=0.0000 (disabled)  score=0.171  return=-7.460  role_std=0.3414  role_norm=0.7627  enc_delta ego=0.1114 partner=0.0880 road=0.0800
[ROMA step    3,932,160] sps= 51,961  policy_loss=0.0003  value_loss=4.3593  mi_loss=0.0015  mi_valid=0.86  div_loss=0.0011  kl_loss=0.0000 (disabled)  score=0.169  return=-7.449  role_std=0.3969  role_norm=0.9885  enc_delta ego=0.0877 partner=0.1155 road=0.0782
[ROMA step    4,718,592] sps= 55,107  policy_loss=-0.0037  value_loss=4.8461  mi_loss=0.0015  mi_valid=0.89  div_loss=0.0027  kl_loss=0.0000 (disabled)  score=0.166  return=-7.431  role_std=0.7063  role_norm=1.6444  enc_delta ego=0.0589 partner=0.0865 road=0.0593
[ROMA step    5,505,024] sps= 57,529  policy_loss=-0.0019  value_loss=4.2370  mi_loss=0.0012  mi_valid=0.87  div_loss=0.0002  kl_loss=0.0000 (disabled)  score=0.163  return=-7.415  role_std=0.6786  role_norm=1.9119  enc_delta ego=0.0537 partner=0.0936 road=0.0667
[ROMA step    6,291,456] sps= 52,771  policy_loss=0.0033  value_loss=4.6622  mi_loss=0.0015  mi_valid=0.83  div_loss=0.0034  kl_loss=0.0000 (disabled)  score=0.155  return=-7.443  role_std=0.8497  role_norm=2.0486  enc_delta ego=0.0637 partner=0.0649 road=0.0524
[ROMA step    7,077,888] sps= 54,877  policy_loss=-0.0009  value_loss=3.4896  mi_loss=0.0012  mi_valid=0.86  div_loss=0.0050  kl_loss=0.0000 (disabled)  score=0.146  return=-7.488  role_std=0.7283  role_norm=1.7438  enc_delta ego=0.0554 partner=0.0557 road=0.0451
[ROMA step    7,864,320] sps= 56,707  policy_loss=0.0007  value_loss=3.7837  mi_loss=0.0011  mi_valid=0.86  div_loss=0.0006  kl_loss=0.0000 (disabled)  score=0.140  return=-7.517  role_std=0.7970  role_norm=1.7451  enc_delta ego=0.0608 partner=0.0650 road=0.0560
[ROMA step    8,650,752] sps= 50,523  policy_loss=-0.0010  value_loss=4.2233  mi_loss=0.0009  mi_valid=0.86  div_loss=0.0004  kl_loss=0.0000 (disabled)  score=0.136  return=-7.537  role_std=0.6574  role_norm=1.3180  enc_delta ego=0.0569 partner=0.0467 road=0.0405
[ROMA step    9,437,184] sps= 52,062  policy_loss=0.0006  value_loss=4.1608  mi_loss=0.0008  mi_valid=0.88  div_loss=-0.0000  kl_loss=0.0000 (disabled)  score=0.131  return=-7.535  role_std=0.6288  role_norm=1.2542  enc_delta ego=0.0281 partner=0.0271 road=0.0322
[ROMA step   10,223,616] sps= 53,366  policy_loss=0.0015  value_loss=4.0691  mi_loss=0.0008  mi_valid=0.86  div_loss=0.0009  kl_loss=0.0000 (disabled)  score=0.127  return=-7.521  role_std=0.6461  role_norm=1.2853  enc_delta ego=0.0396 partner=0.0421 road=0.0419
[ROMA step   11,010,048] sps= 54,562  policy_loss=0.0018  value_loss=3.7201  mi_loss=0.0007  mi_valid=0.86  div_loss=0.0002  kl_loss=0.0000 (disabled)  score=0.123  return=-7.506  role_std=0.6355  role_norm=1.2554  enc_delta ego=0.0324 partner=0.0433 road=0.0368
[ROMA step   11,796,480] sps= 51,929  policy_loss=-0.0030  value_loss=4.2367  mi_loss=0.0006  mi_valid=0.83  div_loss=0.0012  kl_loss=0.0000 (disabled)  score=0.121  return=-7.496  role_std=0.6171  role_norm=1.2359  enc_delta ego=0.0284 partner=0.0350 road=0.0251
[ROMA step   12,582,912] sps= 53,071  policy_loss=-0.0059  value_loss=4.0339  mi_loss=0.0006  mi_valid=0.87  div_loss=0.0017  kl_loss=0.0000 (disabled)  score=0.119  return=-7.477  role_std=0.5360  role_norm=1.0691  enc_delta ego=0.0253 partner=0.0349 road=0.0272
[ROMA step   13,369,344] sps= 54,136  policy_loss=0.0012  value_loss=3.9825  mi_loss=0.0006  mi_valid=0.90  div_loss=0.0025  kl_loss=0.0000 (disabled)  score=0.118  return=-7.462  role_std=0.5770  role_norm=1.1296  enc_delta ego=0.0094 partner=0.0172 road=0.0129
[ROMA step   14,155,776] sps= 51,639  policy_loss=-0.0017  value_loss=4.5267  mi_loss=0.0005  mi_valid=0.83  div_loss=0.0001  kl_loss=0.0000 (disabled)  score=0.117  return=-7.446  role_std=0.6226  role_norm=1.2462  enc_delta ego=0.0209 partner=0.0239 road=0.0190
[ROMA step   14,942,208] sps= 52,557  policy_loss=-0.0033  value_loss=3.9199  mi_loss=0.0005  mi_valid=0.86  div_loss=0.0012  kl_loss=0.0000 (disabled)  score=0.115  return=-7.414  role_std=0.6254  role_norm=1.2395  enc_delta ego=0.0370 partner=0.0387 road=0.0320
[ROMA step   15,728,640] sps= 53,396  policy_loss=-0.0002  value_loss=3.8558  mi_loss=0.0005  mi_valid=0.87  div_loss=0.0001  kl_loss=0.0000 (disabled)  score=0.114  return=-7.391  role_std=0.5795  role_norm=1.1366  enc_delta ego=0.0261 partner=0.0325 road=0.0270
[ROMA step   16,515,072] sps= 54,215  policy_loss=0.0037  value_loss=4.1240  mi_loss=0.0004  mi_valid=0.87  div_loss=0.0037  kl_loss=0.0000 (disabled)  score=0.112  return=-7.369  role_std=0.5557  role_norm=1.0855  enc_delta ego=0.0234 partner=0.0298 road=0.0232
[ROMA step   17,301,504] sps= 52,527  policy_loss=-0.0042  value_loss=4.2414  mi_loss=0.0004  mi_valid=0.87  div_loss=0.0019  kl_loss=0.0000 (disabled)  score=0.112  return=-7.347  role_std=0.5265  role_norm=1.0171  enc_delta ego=0.0260 partner=0.0219 road=0.0185
[ROMA step   18,087,936] sps= 53,297  policy_loss=0.0008  value_loss=4.1424  mi_loss=0.0004  mi_valid=0.86  div_loss=0.0001  kl_loss=0.0000 (disabled)  score=0.113  return=-7.312  role_std=0.5693  role_norm=1.1005  enc_delta ego=0.0288 partner=0.0281 road=0.0237
[ROMA step   18,874,368] sps= 54,043  policy_loss=-0.0041  value_loss=3.5786  mi_loss=0.0004  mi_valid=0.86  div_loss=0.0003  kl_loss=0.0000 (disabled)  score=0.114  return=-7.276  role_std=0.5654  role_norm=1.0931  enc_delta ego=0.0186 partner=0.0228 road=0.0153
[ROMA step   19,660,800] sps= 52,671  policy_loss=-0.0021  value_loss=3.8723  mi_loss=0.0004  mi_valid=0.83  div_loss=0.0027  kl_loss=0.0000 (disabled)  score=0.115  return=-7.238  role_std=0.4910  role_norm=0.9423  enc_delta ego=0.0143 partner=0.0128 road=0.0111
[ROMA step   20,447,232] sps= 53,360  policy_loss=-0.0001  value_loss=3.9425  mi_loss=0.0004  mi_valid=0.87  div_loss=0.0002  kl_loss=0.0000 (disabled)  score=0.113  return=-7.250  role_std=0.4752  role_norm=0.9394  enc_delta ego=0.0214 partner=0.0278 road=0.0247
[ROMA step   21,233,664] sps= 54,000  policy_loss=-0.0022  value_loss=4.1781  mi_loss=0.0004  mi_valid=0.89  div_loss=0.0008  kl_loss=0.0000 (disabled)  score=0.112  return=-7.260  role_std=0.4564  role_norm=0.9734  enc_delta ego=0.0212 partner=0.0249 road=0.0217
[ROMA step   22,020,096] sps= 54,623  policy_loss=-0.0038  value_loss=3.9383  mi_loss=0.0004  mi_valid=0.90  div_loss=0.0007  kl_loss=0.0000 (disabled)  score=0.111  return=-7.262  role_std=0.4307  role_norm=0.8118  enc_delta ego=0.0186 partner=0.0209 road=0.0217
[ROMA step   22,806,528] sps= 53,461  policy_loss=0.0001  value_loss=4.4093  mi_loss=0.0004  mi_valid=0.83  div_loss=0.0002  kl_loss=0.0000 (disabled)  score=0.110  return=-7.257  role_std=0.5026  role_norm=0.9387  enc_delta ego=0.0278 partner=0.0209 road=0.0190
[ROMA step   23,592,960] sps= 54,042  policy_loss=0.0069  value_loss=3.6841  mi_loss=0.0003  mi_valid=0.86  div_loss=0.0021  kl_loss=0.0000 (disabled)  score=0.111  return=-7.232  role_std=0.4799  role_norm=0.8963  enc_delta ego=0.0271 partner=0.0229 road=0.0205
[ROMA step   24,379,392] sps= 54,606  policy_loss=-0.0024  value_loss=3.7601  mi_loss=0.0003  mi_valid=0.87  div_loss=0.0086  kl_loss=0.0000 (disabled)  score=0.112  return=-7.211  role_std=0.4999  role_norm=0.9510  enc_delta ego=0.0263 partner=0.0161 road=0.0141
[ROMA step   25,165,824] sps= 53,642  policy_loss=-0.0035  value_loss=4.0487  mi_loss=0.0003  mi_valid=0.86  div_loss=0.0002  kl_loss=0.0000 (disabled)  score=0.113  return=-7.186  role_std=0.4724  role_norm=0.9824  enc_delta ego=0.0370 partner=0.0150 road=0.0118
[ROMA step   25,952,256] sps= 54,174  policy_loss=0.0018  value_loss=3.6078  mi_loss=0.0003  mi_valid=0.90  div_loss=0.0008  kl_loss=0.0000 (disabled)  score=0.113  return=-7.176  role_std=0.4335  role_norm=0.8410  enc_delta ego=0.0224 partner=0.0182 road=0.0243
[ROMA step   26,738,688] sps= 54,686  policy_loss=-0.0009  value_loss=3.7278  mi_loss=0.0003  mi_valid=0.86  div_loss=0.0014  kl_loss=0.0000 (disabled)  score=0.113  return=-7.154  role_std=0.4726  role_norm=0.9026  enc_delta ego=0.0180 partner=0.0132 road=0.0133
[ROMA step   27,525,120] sps= 55,183  policy_loss=-0.0020  value_loss=3.3788  mi_loss=0.0003  mi_valid=0.86  div_loss=0.0002  kl_loss=0.0000 (disabled)  score=0.113  return=-7.139  role_std=0.4359  role_norm=0.8459  enc_delta ego=0.0191 partner=0.0133 road=0.0135
[ROMA step   28,311,552] sps= 54,191  policy_loss=0.0044  value_loss=3.7883  mi_loss=0.0003  mi_valid=0.83  div_loss=0.0046  kl_loss=0.0000 (disabled)  score=0.111  return=-7.123  role_std=0.5015  role_norm=0.9654  enc_delta ego=0.0204 partner=0.0109 road=0.0120
[ROMA step   29,097,984] sps= 54,642  policy_loss=-0.0039  value_loss=3.4608  mi_loss=0.0003  mi_valid=0.87  div_loss=0.0015  kl_loss=0.0000 (disabled)  score=0.108  return=-7.104  role_std=0.4684  role_norm=0.9200  enc_delta ego=0.0189 partner=0.0197 road=0.0179
[ROMA step   29,884,416] sps= 55,067  policy_loss=0.0004  value_loss=3.6761  mi_loss=0.0003  mi_valid=0.90  div_loss=0.0024  kl_loss=0.0000 (disabled)  score=0.106  return=-7.098  role_std=0.3873  role_norm=0.7610  enc_delta ego=0.0130 partner=0.0107 road=0.0093
[ROMA step   30,670,848] sps= 55,504  policy_loss=-0.0045  value_loss=3.7634  mi_loss=0.0003  mi_valid=0.89  div_loss=0.0013  kl_loss=0.0000 (disabled)  score=0.102  return=-7.091  role_std=0.4013  role_norm=0.7733  enc_delta ego=0.0115 partner=0.0087 road=0.0082
[ROMA step   31,457,280] sps= 54,566  policy_loss=0.0027  value_loss=3.9190  mi_loss=0.0003  mi_valid=0.83  div_loss=0.0109  kl_loss=0.0000 (disabled)  score=0.100  return=-7.064  role_std=0.4305  role_norm=0.8136  enc_delta ego=0.0135 partner=0.0111 road=0.0113
[ROMA step   32,243,712] sps= 54,979  policy_loss=-0.0040  value_loss=3.3617  mi_loss=0.0003  mi_valid=0.86  div_loss=0.0014  kl_loss=0.0000 (disabled)  score=0.098  return=-7.042  role_std=0.4289  role_norm=0.8157  enc_delta ego=0.0090 partner=0.0095 road=0.0092
[ROMA step   33,030,144] sps= 55,381  policy_loss=0.0039  value_loss=3.3044  mi_loss=0.0003  mi_valid=0.86  div_loss=0.0010  kl_loss=0.0000 (disabled)  score=0.097  return=-7.017  role_std=0.4393  role_norm=0.8485  enc_delta ego=0.0139 partner=0.0135 road=0.0142
[ROMA step   33,816,576] sps= 54,692  policy_loss=0.0020  value_loss=3.7852  mi_loss=0.0003  mi_valid=0.87  div_loss=0.0016  kl_loss=0.0000 (disabled)  score=0.096  return=-7.001  role_std=0.3610  role_norm=0.6870  enc_delta ego=0.0155 partner=0.0129 road=0.0123
[ROMA step   34,603,008] sps= 55,086  policy_loss=0.0015  value_loss=3.6756  mi_loss=0.0003  mi_valid=0.89  div_loss=0.0024  kl_loss=0.0000 (disabled)  score=0.098  return=-6.958  role_std=0.3831  role_norm=0.7028  enc_delta ego=0.0140 partner=0.0162 road=0.0125
[ROMA step   35,389,440] sps= 55,466  policy_loss=-0.0016  value_loss=3.5408  mi_loss=0.0003  mi_valid=0.86  div_loss=0.0010  kl_loss=0.0000 (disabled)  score=0.099  return=-6.910  role_std=0.3902  role_norm=0.7327  enc_delta ego=0.0162 partner=0.0175 road=0.0119
[ROMA step   36,175,872] sps= 55,826  policy_loss=0.0027  value_loss=3.1382  mi_loss=0.0003  mi_valid=0.86  div_loss=0.0006  kl_loss=0.0000 (disabled)  score=0.101  return=-6.857  role_std=0.4045  role_norm=0.7468  enc_delta ego=0.0134 partner=0.0145 road=0.0118
[ROMA step   36,962,304] sps= 55,161  policy_loss=-0.0003  value_loss=3.4091  mi_loss=0.0003  mi_valid=0.83  div_loss=0.0003  kl_loss=0.0000 (disabled)  score=0.101  return=-6.822  role_std=0.4543  role_norm=0.8887  enc_delta ego=0.0187 partner=0.0182 road=0.0166
[ROMA step   37,748,736] sps= 55,524  policy_loss=-0.0009  value_loss=3.1697  mi_loss=0.0002  mi_valid=0.87  div_loss=0.0069  kl_loss=0.0000 (disabled)  score=0.100  return=-6.796  role_std=0.4471  role_norm=0.9002  enc_delta ego=0.0092 partner=0.0099 road=0.0102
[ROMA step   38,535,168] sps= 55,874  policy_loss=-0.0007  value_loss=3.2225  mi_loss=0.0002  mi_valid=0.90  div_loss=0.0072  kl_loss=0.0000 (disabled)  score=0.100  return=-6.777  role_std=0.3597  role_norm=0.6881  enc_delta ego=0.0078 partner=0.0088 road=0.0082
[ROMA step   39,321,600] sps= 54,601  policy_loss=0.0025  value_loss=3.6071  mi_loss=0.0003  mi_valid=0.84  div_loss=0.0096  kl_loss=0.0000 (disabled)  score=0.099  return=-6.752  role_std=0.3745  role_norm=0.6912  enc_delta ego=0.0131 partner=0.0141 road=0.0124
[ROMA step   40,108,032] sps= 54,927  policy_loss=0.0001  value_loss=3.0416  mi_loss=0.0003  mi_valid=0.86  div_loss=0.0061  kl_loss=0.0000 (disabled)  score=0.099  return=-6.723  role_std=0.3478  role_norm=0.6335  enc_delta ego=0.0116 partner=0.0100 road=0.0103
[ROMA step   40,894,464] sps= 55,251  policy_loss=-0.0062  value_loss=2.9833  mi_loss=0.0002  mi_valid=0.87  div_loss=0.0046  kl_loss=0.0000 (disabled)  score=0.099  return=-6.697  role_std=0.3855  role_norm=0.7284  enc_delta ego=0.0077 partner=0.0079 road=0.0066
[ROMA step   41,680,896] sps= 55,564  policy_loss=-0.0014  value_loss=3.0232  mi_loss=0.0003  mi_valid=0.87  div_loss=0.0041  kl_loss=0.0000 (disabled)  score=0.098  return=-6.675  role_std=0.4423  role_norm=0.8901  enc_delta ego=0.0068 partner=0.0076 road=0.0062
[ROMA step   42,467,328] sps= 54,690  policy_loss=-0.0009  value_loss=3.5394  mi_loss=0.0002  mi_valid=0.87  div_loss=0.0015  kl_loss=0.0000 (disabled)  score=0.098  return=-6.662  role_std=0.3585  role_norm=0.6595  enc_delta ego=0.0150 partner=0.0109 road=0.0102
[ROMA step   43,253,760] sps= 54,991  policy_loss=-0.0038  value_loss=3.2606  mi_loss=0.0002  mi_valid=0.87  div_loss=0.0002  kl_loss=0.0000 (disabled)  score=0.098  return=-6.649  role_std=0.3577  role_norm=0.6568  enc_delta ego=0.0130 partner=0.0162 road=0.0125
[ROMA step   44,040,192] sps= 55,286  policy_loss=0.0045  value_loss=3.0556  mi_loss=0.0002  mi_valid=0.86  div_loss=0.0015  kl_loss=0.0000 (disabled)  score=0.098  return=-6.624  role_std=0.3888  role_norm=0.7034  enc_delta ego=0.0093 partner=0.0110 road=0.0094
[ROMA step   44,826,624] sps= 54,667  policy_loss=0.0001  value_loss=3.1673  mi_loss=0.0002  mi_valid=0.83  div_loss=0.0012  kl_loss=0.0000 (disabled)  score=0.098  return=-6.603  role_std=0.4068  role_norm=0.7499  enc_delta ego=0.0089 partner=0.0081 road=0.0068
[ROMA step   45,613,056] sps= 54,957  policy_loss=0.0048  value_loss=2.9981  mi_loss=0.0002  mi_valid=0.86  div_loss=0.0042  kl_loss=0.0000 (disabled)  score=0.097  return=-6.590  role_std=0.3920  role_norm=0.7431  enc_delta ego=0.0065 partner=0.0064 road=0.0061
[ROMA step   46,399,488] sps= 55,236  policy_loss=0.0011  value_loss=3.0614  mi_loss=0.0002  mi_valid=0.88  div_loss=0.0033  kl_loss=0.0000 (disabled)  score=0.096  return=-6.579  role_std=0.4196  role_norm=0.8414  enc_delta ego=0.0058 partner=0.0058 road=0.0055
[ROMA step   47,185,920] sps= 55,504  policy_loss=-0.0028  value_loss=3.1008  mi_loss=0.0002  mi_valid=0.90  div_loss=0.0019  kl_loss=0.0000 (disabled)  score=0.096  return=-6.574  role_std=0.3624  role_norm=0.6674  enc_delta ego=0.0070 partner=0.0076 road=0.0053
[ROMA step   47,972,352] sps= 55,080  policy_loss=0.0015  value_loss=3.5022  mi_loss=0.0002  mi_valid=0.83  div_loss=0.0029  kl_loss=0.0000 (disabled)  score=0.096  return=-6.556  role_std=0.4007  role_norm=0.7284  enc_delta ego=0.0106 partner=0.0122 road=0.0076
[ROMA step   48,758,784] sps= 55,349  policy_loss=-0.0077  value_loss=2.9405  mi_loss=0.0002  mi_valid=0.86  div_loss=0.0094  kl_loss=0.0000 (disabled)  score=0.097  return=-6.505  role_std=0.4051  role_norm=0.7410  enc_delta ego=0.0112 partner=0.0144 road=0.0097
[ROMA step   49,545,216] sps= 55,613  policy_loss=0.0039  value_loss=2.8054  mi_loss=0.0002  mi_valid=0.86  div_loss=0.0057  kl_loss=0.0000 (disabled)  score=0.099  return=-6.458  role_std=0.4031  role_norm=0.7914  enc_delta ego=0.0070 partner=0.0081 road=0.0066
[ROMA step   50,331,648] sps= 55,071  policy_loss=-0.0025  value_loss=3.1486  mi_loss=0.0002  mi_valid=0.85  div_loss=0.0028  kl_loss=0.0000 (disabled)  score=0.101  return=-6.411  role_std=0.4996  role_norm=1.0469  enc_delta ego=0.0090 partner=0.0091 road=0.0078
[ROMA step   51,118,080] sps= 55,327  policy_loss=0.0064  value_loss=2.8501  mi_loss=0.0002  mi_valid=0.90  div_loss=0.0048  kl_loss=0.0000 (disabled)  score=0.100  return=-6.395  role_std=0.3514  role_norm=0.6381  enc_delta ego=0.0102 partner=0.0093 road=0.0087
[ROMA step   51,904,512] sps= 55,563  policy_loss=-0.0014  value_loss=2.8466  mi_loss=0.0002  mi_valid=0.86  div_loss=0.0045  kl_loss=0.0000 (disabled)  score=0.098  return=-6.373  role_std=0.3578  role_norm=0.6643  enc_delta ego=0.0090 partner=0.0095 road=0.0081
[ROMA step   52,690,944] sps= 55,794  policy_loss=-0.0034  value_loss=2.6656  mi_loss=0.0002  mi_valid=0.86  div_loss=0.0040  kl_loss=0.0000 (disabled)  score=0.097  return=-6.350  role_std=0.3823  role_norm=0.7012  enc_delta ego=0.0143 partner=0.0149 road=0.0124
[ROMA step   53,477,376] sps= 55,406  policy_loss=0.0019  value_loss=3.0008  mi_loss=0.0002  mi_valid=0.83  div_loss=0.0030  kl_loss=0.0000 (disabled)  score=0.095  return=-6.336  role_std=0.4139  role_norm=0.8410  enc_delta ego=0.0084 partner=0.0069 road=0.0088
[ROMA step   54,263,808] sps= 55,629  policy_loss=0.0005  value_loss=2.9429  mi_loss=0.0002  mi_valid=0.87  div_loss=0.0025  kl_loss=0.0000 (disabled)  score=0.093  return=-6.329  role_std=0.4883  role_norm=0.9700  enc_delta ego=0.0123 partner=0.0166 road=0.0139
[ROMA step   55,050,240] sps= 55,862  policy_loss=0.0023  value_loss=3.1156  mi_loss=0.0002  mi_valid=0.90  div_loss=0.0096  kl_loss=0.0000 (disabled)  score=0.092  return=-6.323  role_std=0.3837  role_norm=0.7266  enc_delta ego=0.0071 partner=0.0092 road=0.0065
[ROMA step   55,836,672] sps= 56,093  policy_loss=-0.0046  value_loss=2.7725  mi_loss=0.0002  mi_valid=0.90  div_loss=0.0001  kl_loss=0.0000 (disabled)  score=0.090  return=-6.317  role_std=0.4144  role_norm=0.7426  enc_delta ego=0.0103 partner=0.0116 road=0.0102
[ROMA step   56,623,104] sps= 55,823  policy_loss=0.0052  value_loss=3.4291  mi_loss=0.0002  mi_valid=0.83  div_loss=0.0008  kl_loss=0.0000 (disabled)  score=0.090  return=-6.301  role_std=0.4124  role_norm=0.7658  enc_delta ego=0.0096 partner=0.0097 road=0.0090
[ROMA step   57,409,536] sps= 56,045  policy_loss=0.0023  value_loss=2.7941  mi_loss=0.0002  mi_valid=0.87  div_loss=0.0033  kl_loss=0.0000 (disabled)  score=0.090  return=-6.273  role_std=0.4036  role_norm=0.7626  enc_delta ego=0.0093 partner=0.0069 road=0.0070
[ROMA step   58,195,968] sps= 56,266  policy_loss=-0.0012  value_loss=2.6249  mi_loss=0.0002  mi_valid=0.87  div_loss=0.0032  kl_loss=0.0000 (disabled)  score=0.090  return=-6.243  role_std=0.4197  role_norm=0.8354  enc_delta ego=0.0055 partner=0.0054 road=0.0053
[ROMA step   58,982,400] sps= 55,902  policy_loss=0.0075  value_loss=3.1686  mi_loss=0.0002  mi_valid=0.87  div_loss=0.0004  kl_loss=0.0000 (disabled)  score=0.090  return=-6.222  role_std=0.3587  role_norm=0.6677  enc_delta ego=0.0137 partner=0.0116 road=0.0097
[ROMA step   59,768,832] sps= 56,113  policy_loss=0.0032  value_loss=2.5498  mi_loss=0.0002  mi_valid=0.89  div_loss=0.0018  kl_loss=0.0000 (disabled)  score=0.090  return=-6.205  role_std=0.3457  role_norm=0.6303  enc_delta ego=0.0120 partner=0.0125 road=0.0110
[ROMA step   60,555,264] sps= 56,322  policy_loss=0.0020  value_loss=2.5456  mi_loss=0.0002  mi_valid=0.86  div_loss=0.0011  kl_loss=0.0000 (disabled)  score=0.089  return=-6.177  role_std=0.3804  role_norm=0.6934  enc_delta ego=0.0108 partner=0.0100 road=0.0109
[ROMA step   61,341,696] sps= 56,532  policy_loss=0.0023  value_loss=2.4831  mi_loss=0.0002  mi_valid=0.86  div_loss=0.0008  kl_loss=0.0000 (disabled)  score=0.089  return=-6.154  role_std=0.4118  role_norm=0.7417  enc_delta ego=0.0102 partner=0.0093 road=0.0120
[ROMA step   62,128,128] sps= 56,093  policy_loss=-0.0041  value_loss=2.7306  mi_loss=0.0002  mi_valid=0.83  div_loss=0.0013  kl_loss=0.0000 (disabled)  score=0.088  return=-6.134  role_std=0.4099  role_norm=0.7925  enc_delta ego=0.0116 partner=0.0099 road=0.0136
[ROMA step   62,914,560] sps= 56,298  policy_loss=-0.0036  value_loss=2.4164  mi_loss=0.0002  mi_valid=0.87  div_loss=0.0007  kl_loss=0.0000 (disabled)  score=0.087  return=-6.114  role_std=0.4472  role_norm=0.8807  enc_delta ego=0.0108 partner=0.0111 road=0.0117
[ROMA step   63,700,992] sps= 56,499  policy_loss=0.0032  value_loss=2.4172  mi_loss=0.0002  mi_valid=0.89  div_loss=0.0162  kl_loss=0.0000 (disabled)  score=0.086  return=-6.095  role_std=0.3194  role_norm=0.5795  enc_delta ego=0.0090 partner=0.0096 road=0.0131
[ROMA step   64,487,424] sps= 56,153  policy_loss=-0.0034  value_loss=2.8143  mi_loss=0.0002  mi_valid=0.85  div_loss=0.0152  kl_loss=0.0000 (disabled)  score=0.085  return=-6.077  role_std=0.3488  role_norm=0.6285  enc_delta ego=0.0047 partner=0.0046 road=0.0060
[ROMA step   65,273,856] sps= 56,351  policy_loss=0.0018  value_loss=2.4397  mi_loss=0.0002  mi_valid=0.86  div_loss=0.0012  kl_loss=0.0000 (disabled)  score=0.086  return=-6.050  role_std=0.3748  role_norm=0.6836  enc_delta ego=0.0125 partner=0.0093 road=0.0200
[ROMA step   66,060,288] sps= 56,548  policy_loss=-0.0068  value_loss=2.2920  mi_loss=0.0002  mi_valid=0.86  div_loss=0.0019  kl_loss=0.0000 (disabled)  score=0.088  return=-6.028  role_std=0.4226  role_norm=0.7894  enc_delta ego=0.0093 partner=0.0094 road=0.0134
[ROMA step   66,846,720] sps= 56,745  policy_loss=-0.0038  value_loss=2.1169  mi_loss=0.0002  mi_valid=0.86  div_loss=0.0003  kl_loss=0.0000 (disabled)  score=0.089  return=-6.008  role_std=0.4626  role_norm=0.8782  enc_delta ego=0.0160 partner=0.0125 road=0.0154
[ROMA step   67,633,152] sps= 56,449  policy_loss=0.0028  value_loss=2.3539  mi_loss=0.0002  mi_valid=0.86  div_loss=0.0000  kl_loss=0.0000 (disabled)  score=0.089  return=-5.992  role_std=0.3351  role_norm=0.6584  enc_delta ego=0.0130 partner=0.0096 road=0.0110
[ROMA step   68,419,584] sps= 56,639  policy_loss=-0.0053  value_loss=2.0616  mi_loss=0.0002  mi_valid=0.88  div_loss=0.0022  kl_loss=0.0000 (disabled)  score=0.090  return=-5.957  role_std=0.3375  role_norm=0.6177  enc_delta ego=0.0077 partner=0.0082 road=0.0129
[ROMA step   69,206,016] sps= 56,831  policy_loss=-0.0048  value_loss=1.9774  mi_loss=0.0002  mi_valid=0.86  div_loss=0.0026  kl_loss=0.0000 (disabled)  score=0.090  return=-5.921  role_std=0.3584  role_norm=0.6696  enc_delta ego=0.0072 partner=0.0076 road=0.0178
[ROMA step   69,992,448] sps= 56,596  policy_loss=-0.0011  value_loss=2.1386  mi_loss=0.0002  mi_valid=0.83  div_loss=0.0005  kl_loss=0.0000 (disabled)  score=0.091  return=-5.885  role_std=0.3664  role_norm=0.6832  enc_delta ego=0.0100 partner=0.0112 road=0.0161
[ROMA step   70,778,880] sps= 56,779  policy_loss=-0.0017  value_loss=1.8819  mi_loss=0.0002  mi_valid=0.86  div_loss=0.0034  kl_loss=0.0000 (disabled)  score=0.092  return=-5.834  role_std=0.3736  role_norm=0.7288  enc_delta ego=0.0120 partner=0.0104 road=0.0123
[ROMA step   71,565,312] sps= 56,961  policy_loss=0.0040  value_loss=2.0826  mi_loss=0.0002  mi_valid=0.87  div_loss=0.0021  kl_loss=0.0000 (disabled)  score=0.092  return=-5.793  role_std=0.4261  role_norm=0.8321  enc_delta ego=0.0060 partner=0.0079 road=0.0088
[ROMA step   72,351,744] sps= 57,131  policy_loss=0.0022  value_loss=2.0765  mi_loss=0.0002  mi_valid=0.90  div_loss=0.0035  kl_loss=0.0000 (disabled)  score=0.093  return=-5.765  role_std=0.3200  role_norm=0.6031  enc_delta ego=0.0079 partner=0.0081 road=0.0112
[ROMA step   73,138,176] sps= 56,892  policy_loss=-0.0140  value_loss=2.1692  mi_loss=0.0002  mi_valid=0.83  div_loss=0.0004  kl_loss=0.0000 (disabled)  score=0.093  return=-5.720  role_std=0.3695  role_norm=0.6804  enc_delta ego=0.0153 partner=0.0183 road=0.0166
[ROMA step   73,924,608] sps= 57,056  policy_loss=0.0019  value_loss=1.8887  mi_loss=0.0002  mi_valid=0.86  div_loss=0.0001  kl_loss=0.0000 (disabled)  score=0.093  return=-5.680  role_std=0.3394  role_norm=0.6153  enc_delta ego=0.0123 partner=0.0124 road=0.0135
[ROMA step   74,711,040] sps= 57,238  policy_loss=0.0020  value_loss=1.9136  mi_loss=0.0002  mi_valid=0.86  div_loss=0.0288  kl_loss=0.0000 (disabled)  score=0.093  return=-5.629  role_std=0.3488  role_norm=0.6570  enc_delta ego=0.0108 partner=0.0086 road=0.0105
[ROMA step   75,497,472] sps= 57,050  policy_loss=-0.0052  value_loss=1.9788  mi_loss=0.0002  mi_valid=0.84  div_loss=0.0048  kl_loss=0.0000 (disabled)  score=0.093  return=-5.581  role_std=0.4069  role_norm=0.8034  enc_delta ego=0.0095 partner=0.0091 road=0.0097
[ROMA step   76,283,904] sps= 57,222  policy_loss=-0.0028  value_loss=1.8504  mi_loss=0.0002  mi_valid=0.90  div_loss=0.0055  kl_loss=0.0000 (disabled)  score=0.092  return=-5.558  role_std=0.2780  role_norm=0.4846  enc_delta ego=0.0059 partner=0.0075 road=0.0075
[ROMA step   77,070,336] sps= 57,383  policy_loss=-0.0024  value_loss=1.8529  mi_loss=0.0002  mi_valid=0.86  div_loss=0.0023  kl_loss=0.0000 (disabled)  score=0.091  return=-5.527  role_std=0.3038  role_norm=0.5455  enc_delta ego=0.0059 partner=0.0068 road=0.0065
[ROMA step   77,856,768] sps= 57,546  policy_loss=-0.0049  value_loss=1.8191  mi_loss=0.0002  mi_valid=0.86  div_loss=0.0014  kl_loss=0.0000 (disabled)  score=0.090  return=-5.497  role_std=0.3378  role_norm=0.6119  enc_delta ego=0.0073 partner=0.0062 road=0.0071
[ROMA step   78,643,200] sps= 57,290  policy_loss=0.0009  value_loss=1.9656  mi_loss=0.0002  mi_valid=0.83  div_loss=0.0017  kl_loss=0.0000 (disabled)  score=0.089  return=-5.467  role_std=0.3722  role_norm=0.6970  enc_delta ego=0.0092 partner=0.0124 road=0.0101
[ROMA step   79,429,632] sps= 57,442  policy_loss=-0.0032  value_loss=1.6681  mi_loss=0.0002  mi_valid=0.86  div_loss=0.0045  kl_loss=0.0000 (disabled)  score=0.090  return=-5.423  role_std=0.3684  role_norm=0.7209  enc_delta ego=0.0099 partner=0.0077 road=0.0065
[ROMA step   80,216,064] sps= 57,610  policy_loss=0.0022  value_loss=1.7819  mi_loss=0.0002  mi_valid=0.89  div_loss=0.0018  kl_loss=0.0000 (disabled)  score=0.090  return=-5.383  role_std=0.3883  role_norm=0.8200  enc_delta ego=0.0389 partner=0.0073 road=0.0075
[ROMA step   81,002,496] sps= 57,775  policy_loss=0.0085  value_loss=1.7874  mi_loss=0.0002  mi_valid=0.89  div_loss=0.0022  kl_loss=0.0000 (disabled)  score=0.091  return=-5.352  role_std=0.3093  role_norm=0.5594  enc_delta ego=0.0382 partner=0.0063 road=0.0066
[ROMA step   81,788,928] sps= 57,413  policy_loss=-0.0013  value_loss=2.0408  mi_loss=0.0002  mi_valid=0.83  div_loss=0.0000  kl_loss=0.0000 (disabled)  score=0.093  return=-5.299  role_std=0.3288  role_norm=0.5973  enc_delta ego=0.0251 partner=0.0102 road=0.0099
[ROMA step   82,575,360] sps= 57,559  policy_loss=0.0013  value_loss=1.8124  mi_loss=0.0002  mi_valid=0.86  div_loss=0.0067  kl_loss=0.0000 (disabled)  score=0.094  return=-5.243  role_std=0.3625  role_norm=0.6622  enc_delta ego=0.0118 partner=0.0090 road=0.0088
[ROMA step   83,361,792] sps= 57,720  policy_loss=-0.0037  value_loss=1.7043  mi_loss=0.0002  mi_valid=0.86  div_loss=0.0005  kl_loss=0.0000 (disabled)  score=0.096  return=-5.187  role_std=0.3824  role_norm=0.7519  enc_delta ego=0.0064 partner=0.0058 road=0.0058
[ROMA step   84,148,224] sps= 57,500  policy_loss=0.0041  value_loss=1.9090  mi_loss=0.0002  mi_valid=0.86  div_loss=0.0018  kl_loss=0.0000 (disabled)  score=0.098  return=-5.127  role_std=0.4062  role_norm=0.8751  enc_delta ego=0.0097 partner=0.0065 road=0.0063
[ROMA step   84,934,656] sps= 57,659  policy_loss=-0.0068  value_loss=1.6373  mi_loss=0.0002  mi_valid=0.89  div_loss=0.0008  kl_loss=0.0000 (disabled)  score=0.100  return=-5.085  role_std=0.3053  role_norm=0.5335  enc_delta ego=0.0212 partner=0.0168 road=0.0188
[ROMA step   85,721,088] sps= 57,817  policy_loss=-0.0025  value_loss=1.7187  mi_loss=0.0002  mi_valid=0.86  div_loss=0.0094  kl_loss=0.0000 (disabled)  score=0.102  return=-5.023  role_std=0.3165  role_norm=0.5574  enc_delta ego=0.0118 partner=0.0058 road=0.0070
[ROMA step   86,507,520] sps= 57,969  policy_loss=0.0013  value_loss=1.6529  mi_loss=0.0002  mi_valid=0.86  div_loss=0.0079  kl_loss=0.0000 (disabled)  score=0.105  return=-4.963  role_std=0.3295  role_norm=0.5864  enc_delta ego=0.0057 partner=0.0037 road=0.0043
[ROMA step   87,293,952] sps= 57,761  policy_loss=0.0022  value_loss=1.6899  mi_loss=0.0002  mi_valid=0.83  div_loss=0.0001  kl_loss=0.0000 (disabled)  score=0.106  return=-4.912  role_std=0.3773  role_norm=0.7164  enc_delta ego=0.0113 partner=0.0086 road=0.0081
[ROMA step   88,080,384] sps= 57,915  policy_loss=-0.0119  value_loss=1.5096  mi_loss=0.0002  mi_valid=0.86  div_loss=0.0004  kl_loss=0.0000 (disabled)  score=0.106  return=-4.872  role_std=0.4069  role_norm=0.7651  enc_delta ego=0.0141 partner=0.0098 road=0.0107
[ROMA step   88,866,816] sps= 58,059  policy_loss=0.0039  value_loss=1.7253  mi_loss=0.0002  mi_valid=0.90  div_loss=0.0068  kl_loss=0.0000 (disabled)  score=0.106  return=-4.843  role_std=0.3224  role_norm=0.5841  enc_delta ego=0.0063 partner=0.0053 road=0.0059
[ROMA step   89,653,248] sps= 57,843  policy_loss=-0.0028  value_loss=1.9003  mi_loss=0.0002  mi_valid=0.85  div_loss=0.0014  kl_loss=0.0000 (disabled)  score=0.107  return=-4.804  role_std=0.3293  role_norm=0.5957  enc_delta ego=0.0126 partner=0.0113 road=0.0112
[ROMA step   90,439,680] sps= 57,973  policy_loss=-0.0035  value_loss=1.5524  mi_loss=0.0002  mi_valid=0.86  div_loss=0.0016  kl_loss=0.0000 (disabled)  score=0.107  return=-4.762  role_std=0.3477  role_norm=0.6078  enc_delta ego=0.0150 partner=0.0109 road=0.0111
[ROMA step   91,226,112] sps= 58,114  policy_loss=0.0039  value_loss=1.5226  mi_loss=0.0002  mi_valid=0.86  div_loss=0.0004  kl_loss=0.0000 (disabled)  score=0.107  return=-4.721  role_std=0.3878  role_norm=0.7117  enc_delta ego=0.0079 partner=0.0076 road=0.0079
[ROMA step   92,012,544] sps= 58,242  policy_loss=-0.0015  value_loss=1.4883  mi_loss=0.0002  mi_valid=0.86  div_loss=0.0005  kl_loss=0.0000 (disabled)  score=0.108  return=-4.682  role_std=0.4056  role_norm=0.7796  enc_delta ego=0.0076 partner=0.0063 road=0.0069
[ROMA step   92,798,976] sps= 58,015  policy_loss=0.0005  value_loss=1.6040  mi_loss=0.0002  mi_valid=0.86  div_loss=0.0047  kl_loss=0.0000 (disabled)  score=0.107  return=-4.655  role_std=0.3029  role_norm=0.5306  enc_delta ego=0.0123 partner=0.0087 road=0.0091
[ROMA step   93,585,408] sps= 58,155  policy_loss=-0.0010  value_loss=1.4412  mi_loss=0.0002  mi_valid=0.89  div_loss=0.0013  kl_loss=0.0000 (disabled)  score=0.106  return=-4.607  role_std=0.3238  role_norm=0.5623  enc_delta ego=0.0111 partner=0.0077 road=0.0088
[ROMA step   94,371,840] sps= 58,300  policy_loss=-0.0052  value_loss=1.4232  mi_loss=0.0002  mi_valid=0.86  div_loss=0.0017  kl_loss=0.0000 (disabled)  score=0.106  return=-4.558  role_std=0.3400  role_norm=0.6007  enc_delta ego=0.0079 partner=0.0053 road=0.0061
[ROMA step   95,158,272] sps= 58,099  policy_loss=-0.0019  value_loss=1.5536  mi_loss=0.0002  mi_valid=0.83  div_loss=0.0012  kl_loss=0.0000 (disabled)  score=0.105  return=-4.509  role_std=0.3998  role_norm=0.7220  enc_delta ego=0.0123 partner=0.0097 road=0.0095
[ROMA step   95,944,704] sps= 58,246  policy_loss=-0.0014  value_loss=1.3803  mi_loss=0.0002  mi_valid=0.86  div_loss=0.0009  kl_loss=0.0000 (disabled)  score=0.106  return=-4.473  role_std=0.3841  role_norm=0.6990  enc_delta ego=0.0142 partner=0.0062 road=0.0057
[ROMA step   96,731,136] sps= 58,358  policy_loss=-0.0034  value_loss=1.4993  mi_loss=0.0002  mi_valid=0.86  div_loss=0.0005  kl_loss=0.0000 (disabled)  score=0.107  return=-4.447  role_std=0.4306  role_norm=0.8305  enc_delta ego=0.0078 partner=0.0060 road=0.0054
[ROMA step   97,517,568] sps= 58,504  policy_loss=0.0001  value_loss=1.5284  mi_loss=0.0002  mi_valid=0.89  div_loss=0.0002  kl_loss=0.0000 (disabled)  score=0.107  return=-4.426  role_std=0.3317  role_norm=0.5670  enc_delta ego=0.0070 partner=0.0049 road=0.0055
[ROMA step   98,304,000] sps= 58,315  policy_loss=-0.0028  value_loss=1.8509  mi_loss=0.0002  mi_valid=0.84  div_loss=0.0018  kl_loss=0.0000 (disabled)  score=0.108  return=-4.405  role_std=0.3657  role_norm=0.6409  enc_delta ego=0.0141 partner=0.0097 road=0.0092
[ROMA step   99,090,432] sps= 58,433  policy_loss=0.0055  value_loss=1.3390  mi_loss=0.0002  mi_valid=0.86  div_loss=0.0011  kl_loss=0.0000 (disabled)  score=0.108  return=-4.387  role_std=0.3594  role_norm=0.6297  enc_delta ego=0.0134 partner=0.0105 road=0.0117
[ROMA step   99,876,864] sps= 58,551  policy_loss=0.0007  value_loss=1.2342  mi_loss=0.0002  mi_valid=0.86  div_loss=0.0067  kl_loss=0.0000 (disabled)  score=0.108  return=-4.362  role_std=0.3754  role_norm=0.6682  enc_delta ego=0.0114 partner=0.0091 road=0.0097
[ROMA step  100,663,296] sps= 58,353  policy_loss=-0.0011  value_loss=1.4489  mi_loss=0.0002  mi_valid=0.83  div_loss=0.0031  kl_loss=0.0000 (disabled)  score=0.108  return=-4.340  role_std=0.4209  role_norm=0.8138  enc_delta ego=0.0082 partner=0.0044 road=0.0054
[ROMA step  101,449,728] sps= 58,485  policy_loss=-0.0030  value_loss=1.3229  mi_loss=0.0002  mi_valid=0.89  div_loss=0.0002  kl_loss=0.0000 (disabled)  score=0.108  return=-4.320  role_std=0.3144  role_norm=0.5532  enc_delta ego=0.0176 partner=0.0143 road=0.0146
[ROMA step  102,236,160] sps= 58,618  policy_loss=-0.0115  value_loss=1.2945  mi_loss=0.0002  mi_valid=0.87  div_loss=0.0001  kl_loss=0.0000 (disabled)  score=0.110  return=-4.293  role_std=0.3484  role_norm=0.6070  enc_delta ego=0.0106 partner=0.0062 road=0.0084
[ROMA step  103,022,592] sps= 58,739  policy_loss=0.0048  value_loss=1.3686  mi_loss=0.0002  mi_valid=0.86  div_loss=0.0179  kl_loss=0.0000 (disabled)  score=0.111  return=-4.273  role_std=0.3362  role_norm=0.6054  enc_delta ego=0.0072 partner=0.0047 road=0.0048
[ROMA step  103,809,024] sps= 58,485  policy_loss=0.0025  value_loss=1.5699  mi_loss=0.0002  mi_valid=0.83  div_loss=0.0119  kl_loss=0.0000 (disabled)  score=0.112  return=-4.245  role_std=0.4180  role_norm=0.7882  enc_delta ego=0.0054 partner=0.0052 road=0.0047
[ROMA step  104,595,456] sps= 58,618  policy_loss=0.0000  value_loss=1.2519  mi_loss=0.0002  mi_valid=0.86  div_loss=0.0105  kl_loss=0.0000 (disabled)  score=0.114  return=-4.204  role_std=0.4490  role_norm=0.8383  enc_delta ego=0.0099 partner=0.0094 road=0.0091
[ROMA step  105,381,888] sps= 58,746  policy_loss=0.0017  value_loss=1.2049  mi_loss=0.0002  mi_valid=0.88  div_loss=0.0142  kl_loss=0.0000 (disabled)  score=0.116  return=-4.166  role_std=0.4409  role_norm=0.8192  enc_delta ego=0.0104 partner=0.0076 road=0.0085
[ROMA step  106,168,320] sps= 58,861  policy_loss=0.0005  value_loss=1.2086  mi_loss=0.0002  mi_valid=0.89  div_loss=0.0016  kl_loss=0.0000 (disabled)  score=0.118  return=-4.139  role_std=0.3664  role_norm=0.6408  enc_delta ego=0.0119 partner=0.0079 road=0.0084
[ROMA step  106,954,752] sps= 58,669  policy_loss=-0.0024  value_loss=1.4251  mi_loss=0.0002  mi_valid=0.83  div_loss=0.0041  kl_loss=0.0000 (disabled)  score=0.119  return=-4.107  role_std=0.3786  role_norm=0.6539  enc_delta ego=0.0182 partner=0.0097 road=0.0083
[ROMA step  107,741,184] sps= 58,798  policy_loss=-0.0009  value_loss=1.1002  mi_loss=0.0002  mi_valid=0.86  div_loss=0.0003  kl_loss=0.0000 (disabled)  score=0.120  return=-4.082  role_std=0.4226  role_norm=0.7479  enc_delta ego=0.0146 partner=0.0053 road=0.0066
[ROMA step  108,527,616] sps= 58,915  policy_loss=0.0028  value_loss=1.1398  mi_loss=0.0002  mi_valid=0.86  div_loss=0.0022  kl_loss=0.0000 (disabled)  score=0.121  return=-4.059  role_std=0.4266  role_norm=0.7651  enc_delta ego=0.0106 partner=0.0063 road=0.0070
[ROMA step  109,314,048] sps= 58,723  policy_loss=-0.0030  value_loss=1.2606  mi_loss=0.0002  mi_valid=0.85  div_loss=0.0053  kl_loss=0.0000 (disabled)  score=0.121  return=-4.036  role_std=0.4126  role_norm=0.7768  enc_delta ego=0.0122 partner=0.0070 road=0.0081
[ROMA step  110,100,480] sps= 58,845  policy_loss=0.0050  value_loss=1.1386  mi_loss=0.0002  mi_valid=0.89  div_loss=0.0040  kl_loss=0.0000 (disabled)  score=0.122  return=-4.026  role_std=0.3335  role_norm=0.5621  enc_delta ego=0.0113 partner=0.0087 road=0.0093
[ROMA step  110,886,912] sps= 58,970  policy_loss=-0.0055  value_loss=1.0547  mi_loss=0.0002  mi_valid=0.86  div_loss=0.0052  kl_loss=0.0000 (disabled)  score=0.122  return=-4.004  role_std=0.3312  role_norm=0.5696  enc_delta ego=0.0064 partner=0.0060 road=0.0062
[ROMA step  111,673,344] sps= 59,090  policy_loss=0.0005  value_loss=1.0642  mi_loss=0.0002  mi_valid=0.86  div_loss=0.0051  kl_loss=0.0000 (disabled)  score=0.123  return=-3.983  role_std=0.3765  role_norm=0.6415  enc_delta ego=0.0063 partner=0.0052 road=0.0054
[ROMA step  112,459,776] sps= 58,853  policy_loss=-0.0001  value_loss=1.2007  mi_loss=0.0002  mi_valid=0.82  div_loss=0.0056  kl_loss=0.0000 (disabled)  score=0.124  return=-3.961  role_std=0.4094  role_norm=0.7310  enc_delta ego=0.0085 partner=0.0077 road=0.0078
[ROMA step  113,246,208] sps= 58,980  policy_loss=0.0022  value_loss=1.0253  mi_loss=0.0002  mi_valid=0.86  div_loss=0.0024  kl_loss=0.0000 (disabled)  score=0.126  return=-3.936  role_std=0.4265  role_norm=0.7759  enc_delta ego=0.0069 partner=0.0065 road=0.0067
[ROMA step  114,032,640] sps= 59,095  policy_loss=-0.0051  value_loss=1.0239  mi_loss=0.0002  mi_valid=0.89  div_loss=0.0006  kl_loss=0.0000 (disabled)  score=0.127  return=-3.911  role_std=0.3461  role_norm=0.6477  enc_delta ego=0.0110 partner=0.0139 road=0.0119
[ROMA step  114,819,072] sps= 58,895  policy_loss=-0.0097  value_loss=1.0423  mi_loss=0.0002  mi_valid=0.85  div_loss=0.0018  kl_loss=0.0000 (disabled)  score=0.128  return=-3.894  role_std=0.3530  role_norm=0.5967  enc_delta ego=0.0116 partner=0.0100 road=0.0098
[ROMA step  115,605,504] sps= 58,998  policy_loss=-0.0055  value_loss=0.8438  mi_loss=0.0002  mi_valid=0.86  div_loss=0.0010  kl_loss=0.0000 (disabled)  score=0.130  return=-3.859  role_std=0.3576  role_norm=0.6241  enc_delta ego=0.0129 partner=0.0100 road=0.0103
[ROMA step  116,391,936] sps= 59,117  policy_loss=-0.0074  value_loss=0.8956  mi_loss=0.0002  mi_valid=0.86  div_loss=0.0003  kl_loss=0.0000 (disabled)  score=0.131  return=-3.825  role_std=0.4155  role_norm=0.7504  enc_delta ego=0.0104 partner=0.0107 road=0.0110
[ROMA step  117,178,368] sps= 59,232  policy_loss=-0.0029  value_loss=0.8755  mi_loss=0.0002  mi_valid=0.86  div_loss=0.0009  kl_loss=0.0000 (disabled)  score=0.133  return=-3.786  role_std=0.4386  role_norm=0.7957  enc_delta ego=0.0124 partner=0.0098 road=0.0112
[ROMA step  117,964,800] sps= 59,044  policy_loss=0.0043  value_loss=1.1201  mi_loss=0.0002  mi_valid=0.86  div_loss=0.0002  kl_loss=0.0000 (disabled)  score=0.134  return=-3.752  role_std=0.3388  role_norm=0.5957  enc_delta ego=0.0106 partner=0.0102 road=0.0084
[ROMA step  118,751,232] sps= 59,160  policy_loss=0.0037  value_loss=1.0210  mi_loss=0.0002  mi_valid=0.89  div_loss=0.0008  kl_loss=0.0000 (disabled)  score=0.134  return=-3.732  role_std=0.3477  role_norm=0.6125  enc_delta ego=0.0145 partner=0.0117 road=0.0107
[ROMA step  119,537,664] sps= 59,274  policy_loss=-0.0026  value_loss=1.0033  mi_loss=0.0002  mi_valid=0.86  div_loss=0.0010  kl_loss=0.0000 (disabled)  score=0.135  return=-3.704  role_std=0.3510  role_norm=0.6145  enc_delta ego=0.0072 partner=0.0068 road=0.0062
[ROMA step  120,324,096] sps= 59,133  policy_loss=-0.0031  value_loss=1.0839  mi_loss=0.0002  mi_valid=0.82  div_loss=0.0008  kl_loss=0.0000 (disabled)  score=0.136  return=-3.676  role_std=0.4146  role_norm=0.7319  enc_delta ego=0.0067 partner=0.0047 road=0.0047
[ROMA step  121,110,528] sps= 59,243  policy_loss=-0.0021  value_loss=0.8981  mi_loss=0.0002  mi_valid=0.85  div_loss=0.0004  kl_loss=0.0000 (disabled)  score=0.139  return=-3.644  role_std=0.4153  role_norm=0.7399  enc_delta ego=0.0126 partner=0.0099 road=0.0086
[ROMA step  121,896,960] sps= 59,348  policy_loss=-0.0066  value_loss=0.9149  mi_loss=0.0002  mi_valid=0.85  div_loss=0.0059  kl_loss=0.0000 (disabled)  score=0.143  return=-3.611  role_std=0.4343  role_norm=0.7914  enc_delta ego=0.0082 partner=0.0065 road=0.0060
[ROMA step  122,683,392] sps= 59,451  policy_loss=0.0005  value_loss=0.9390  mi_loss=0.0002  mi_valid=0.88  div_loss=0.0077  kl_loss=0.0000 (disabled)  score=0.145  return=-3.590  role_std=0.3316  role_norm=0.5783  enc_delta ego=0.0050 partner=0.0044 road=0.0047
[ROMA step  123,469,824] sps= 59,283  policy_loss=0.0067  value_loss=1.1424  mi_loss=0.0002  mi_valid=0.84  div_loss=0.0006  kl_loss=0.0000 (disabled)  score=0.147  return=-3.558  role_std=0.3378  role_norm=0.5953  enc_delta ego=0.0102 partner=0.0088 road=0.0091
[ROMA step  124,256,256] sps= 59,382  policy_loss=-0.0078  value_loss=0.9804  mi_loss=0.0002  mi_valid=0.85  div_loss=0.0024  kl_loss=0.0000 (disabled)  score=0.148  return=-3.529  role_std=0.3487  role_norm=0.6136  enc_delta ego=0.0099 partner=0.0096 road=0.0090
[ROMA step  125,042,688] sps= 59,479  policy_loss=0.0041  value_loss=0.9425  mi_loss=0.0002  mi_valid=0.85  div_loss=0.0037  kl_loss=0.0000 (disabled)  score=0.150  return=-3.496  role_std=0.3659  role_norm=0.6460  enc_delta ego=0.0052 partner=0.0060 road=0.0061
[ROMA step  125,829,120] sps= 59,301  policy_loss=-0.0034  value_loss=0.9946  mi_loss=0.0002  mi_valid=0.82  div_loss=0.0006  kl_loss=0.0000 (disabled)  score=0.152  return=-3.459  role_std=0.3851  role_norm=0.6920  enc_delta ego=0.0133 partner=0.0111 road=0.0093
[ROMA step  126,615,552] sps= 59,409  policy_loss=-0.0073  value_loss=0.9569  mi_loss=0.0002  mi_valid=0.88  div_loss=0.0008  kl_loss=0.0000 (disabled)  score=0.153  return=-3.434  role_std=0.3263  role_norm=0.5923  enc_delta ego=0.0065 partner=0.0080 road=0.0062
[ROMA step  127,401,984] sps= 59,505  policy_loss=-0.0023  value_loss=0.9929  mi_loss=0.0002  mi_valid=0.87  div_loss=0.0008  kl_loss=0.0000 (disabled)  score=0.155  return=-3.397  role_std=0.3475  role_norm=0.6286  enc_delta ego=0.0059 partner=0.0064 road=0.0051
[ROMA step  128,188,416] sps= 59,606  policy_loss=-0.0049  value_loss=0.9843  mi_loss=0.0002  mi_valid=0.85  div_loss=0.0002  kl_loss=0.0000 (disabled)  score=0.156  return=-3.362  role_std=0.3726  role_norm=0.6642  enc_delta ego=0.0086 partner=0.0094 road=0.0072
[ROMA step  128,974,848] sps= 59,441  policy_loss=-0.0018  value_loss=0.9541  mi_loss=0.0002  mi_valid=0.82  div_loss=0.0004  kl_loss=0.0000 (disabled)  score=0.159  return=-3.321  role_std=0.3846  role_norm=0.6905  enc_delta ego=0.0148 partner=0.0090 road=0.0083
[ROMA step  129,761,280] sps= 59,539  policy_loss=-0.0038  value_loss=0.8342  mi_loss=0.0002  mi_valid=0.85  div_loss=0.0025  kl_loss=0.0000 (disabled)  score=0.162  return=-3.283  role_std=0.3830  role_norm=0.6710  enc_delta ego=0.0066 partner=0.0060 road=0.0053
[ROMA step  130,547,712] sps= 59,633  policy_loss=0.0045  value_loss=0.8779  mi_loss=0.0002  mi_valid=0.86  div_loss=0.0012  kl_loss=0.0000 (disabled)  score=0.165  return=-3.243  role_std=0.3916  role_norm=0.7062  enc_delta ego=0.0056 partner=0.0049 road=0.0050
[ROMA step  131,334,144] sps= 59,727  policy_loss=-0.0071  value_loss=0.8860  mi_loss=0.0002  mi_valid=0.88  div_loss=0.0003  kl_loss=0.0000 (disabled)  score=0.167  return=-3.216  role_std=0.3426  role_norm=0.6249  enc_delta ego=0.0062 partner=0.0060 road=0.0053
[ROMA step  132,120,576] sps= 59,569  policy_loss=0.0010  value_loss=1.0213  mi_loss=0.0002  mi_valid=0.82  div_loss=0.0053  kl_loss=0.0000 (disabled)  score=0.167  return=-3.186  role_std=0.3665  role_norm=0.6543  enc_delta ego=0.0138 partner=0.0136 road=0.0097
[ROMA step  132,907,008] sps= 59,662  policy_loss=-0.0031  value_loss=0.9216  mi_loss=0.0002  mi_valid=0.85  div_loss=0.0010  kl_loss=0.0000 (disabled)  score=0.167  return=-3.157  role_std=0.3794  role_norm=0.6670  enc_delta ego=0.0057 partner=0.0056 road=0.0053
[ROMA step  133,693,440] sps= 59,757  policy_loss=-0.0037  value_loss=0.9282  mi_loss=0.0002  mi_valid=0.85  div_loss=0.0012  kl_loss=0.0000 (disabled)  score=0.168  return=-3.128  role_std=0.3818  role_norm=0.6767  enc_delta ego=0.0069 partner=0.0049 road=0.0046
[ROMA step  134,479,872] sps= 59,572  policy_loss=0.0087  value_loss=0.9933  mi_loss=0.0002  mi_valid=0.83  div_loss=0.0001  kl_loss=0.0000 (disabled)  score=0.169  return=-3.096  role_std=0.3813  role_norm=0.6799  enc_delta ego=0.0152 partner=0.0099 road=0.0082
[ROMA step  135,266,304] sps= 59,665  policy_loss=0.0092  value_loss=0.9866  mi_loss=0.0002  mi_valid=0.88  div_loss=0.0214  kl_loss=0.0000 (disabled)  score=0.170  return=-3.068  role_std=0.3177  role_norm=0.5566  enc_delta ego=0.0110 partner=0.0104 road=0.0079
[ROMA step  136,052,736] sps= 59,761  policy_loss=-0.0086  value_loss=0.9510  mi_loss=0.0002  mi_valid=0.85  div_loss=0.0060  kl_loss=0.0000 (disabled)  score=0.173  return=-3.029  role_std=0.3101  role_norm=0.5507  enc_delta ego=0.0082 partner=0.0064 road=0.0055
[ROMA step  136,839,168] sps= 59,853  policy_loss=0.0005  value_loss=0.9396  mi_loss=0.0002  mi_valid=0.84  div_loss=0.0077  kl_loss=0.0000 (disabled)  score=0.177  return=-2.984  role_std=0.3331  role_norm=0.5817  enc_delta ego=0.0056 partner=0.0049 road=0.0046
[ROMA step  137,625,600] sps= 59,672  policy_loss=0.0038  value_loss=1.0145  mi_loss=0.0002  mi_valid=0.81  div_loss=0.0073  kl_loss=0.0000 (disabled)  score=0.181  return=-2.939  role_std=0.3596  role_norm=0.6390  enc_delta ego=0.0060 partner=0.0055 road=0.0053
[ROMA step  138,412,032] sps= 59,764  policy_loss=-0.0087  value_loss=0.9448  mi_loss=0.0002  mi_valid=0.84  div_loss=0.0067  kl_loss=0.0000 (disabled)  score=0.185  return=-2.891  role_std=0.3848  role_norm=0.7084  enc_delta ego=0.0105 partner=0.0099 road=0.0096
[ROMA step  139,198,464] sps= 59,853  policy_loss=-0.0027  value_loss=1.0173  mi_loss=0.0002  mi_valid=0.87  div_loss=0.0009  kl_loss=0.0000 (disabled)  score=0.189  return=-2.846  role_std=0.3621  role_norm=0.6956  enc_delta ego=0.0058 partner=0.0059 road=0.0063
[ROMA step  139,984,896] sps= 59,685  policy_loss=-0.0025  value_loss=1.0773  mi_loss=0.0002  mi_valid=0.84  div_loss=0.0080  kl_loss=0.0000 (disabled)  score=0.192  return=-2.818  role_std=0.3443  role_norm=0.6096  enc_delta ego=0.0083 partner=0.0079 road=0.0076
[ROMA step  140,771,328] sps= 59,774  policy_loss=-0.0032  value_loss=0.8212  mi_loss=0.0002  mi_valid=0.84  div_loss=0.0004  kl_loss=0.0000 (disabled)  score=0.194  return=-2.785  role_std=0.3348  role_norm=0.5852  enc_delta ego=0.0116 partner=0.0145 road=0.0117
[ROMA step  141,557,760] sps= 59,860  policy_loss=0.0013  value_loss=0.8277  mi_loss=0.0002  mi_valid=0.84  div_loss=0.0034  kl_loss=0.0000 (disabled)  score=0.196  return=-2.749  role_std=0.3657  role_norm=0.6446  enc_delta ego=0.0110 partner=0.0119 road=0.0092
[ROMA step  142,344,192] sps= 59,943  policy_loss=0.0028  value_loss=0.8447  mi_loss=0.0002  mi_valid=0.85  div_loss=0.0022  kl_loss=0.0000 (disabled)  score=0.198  return=-2.718  role_std=0.3711  role_norm=0.6538  enc_delta ego=0.0080 partner=0.0073 road=0.0061
[ROMA step  143,130,624] sps= 59,788  policy_loss=0.0027  value_loss=0.9370  mi_loss=0.0002  mi_valid=0.84  div_loss=0.0094  kl_loss=0.0000 (disabled)  score=0.201  return=-2.684  role_std=0.3645  role_norm=0.6970  enc_delta ego=0.0070 partner=0.0081 road=0.0070
[ROMA step  143,917,056] sps= 59,867  policy_loss=-0.0043  value_loss=0.8609  mi_loss=0.0002  mi_valid=0.87  div_loss=0.0011  kl_loss=0.0000 (disabled)  score=0.203  return=-2.658  role_std=0.3147  role_norm=0.5474  enc_delta ego=0.0054 partner=0.0060 road=0.0045
[ROMA step  144,703,488] sps= 59,948  policy_loss=0.0008  value_loss=0.8272  mi_loss=0.0002  mi_valid=0.84  div_loss=0.0005  kl_loss=0.0000 (disabled)  score=0.207  return=-2.618  role_std=0.3280  role_norm=0.5630  enc_delta ego=0.0064 partner=0.0057 road=0.0049
[ROMA step  145,489,920] sps= 59,777  policy_loss=-0.0069  value_loss=0.8247  mi_loss=0.0002  mi_valid=0.81  div_loss=0.0016  kl_loss=0.0000 (disabled)  score=0.210  return=-2.582  role_std=0.3340  role_norm=0.5731  enc_delta ego=0.0072 partner=0.0061 road=0.0048
[ROMA step  146,276,352] sps= 59,858  policy_loss=0.0017  value_loss=0.8750  mi_loss=0.0002  mi_valid=0.84  div_loss=0.0095  kl_loss=0.0000 (disabled)  score=0.215  return=-2.542  role_std=0.3310  role_norm=0.5691  enc_delta ego=0.0061 partner=0.0061 road=0.0048
[ROMA step  147,062,784] sps= 59,927  policy_loss=-0.0037  value_loss=0.8929  mi_loss=0.0002  mi_valid=0.85  div_loss=0.0013  kl_loss=0.0000 (disabled)  score=0.219  return=-2.503  role_std=0.3258  role_norm=0.5627  enc_delta ego=0.0061 partner=0.0067 road=0.0056
[ROMA step  147,849,216] sps= 59,999  policy_loss=0.0010  value_loss=0.9082  mi_loss=0.0002  mi_valid=0.87  div_loss=0.0039  kl_loss=0.0000 (disabled)  score=0.222  return=-2.477  role_std=0.3012  role_norm=0.5156  enc_delta ego=0.0061 partner=0.0068 road=0.0054
[ROMA step  148,635,648] sps= 59,813  policy_loss=0.0017  value_loss=0.9126  mi_loss=0.0002  mi_valid=0.83  div_loss=0.0058  kl_loss=0.0000 (disabled)  score=0.226  return=-2.434  role_std=0.3157  role_norm=0.5212  enc_delta ego=0.0084 partner=0.0080 road=0.0067
[ROMA step  149,422,080] sps= 59,895  policy_loss=0.0044  value_loss=0.8900  mi_loss=0.0002  mi_valid=0.84  div_loss=0.0057  kl_loss=0.0000 (disabled)  score=0.230  return=-2.391  role_std=0.3025  role_norm=0.5152  enc_delta ego=0.0079 partner=0.0084 road=0.0071
[ROMA step  150,208,512] sps= 59,974  policy_loss=0.0012  value_loss=0.8091  mi_loss=0.0001  mi_valid=0.84  div_loss=0.0019  kl_loss=0.0000 (disabled)  score=0.235  return=-2.349  role_std=0.3359  role_norm=0.5987  enc_delta ego=0.0083 partner=0.0073 road=0.0065
[ROMA step  150,994,944] sps= 59,800  policy_loss=0.0030  value_loss=0.8326  mi_loss=0.0002  mi_valid=0.80  div_loss=0.0093  kl_loss=0.0000 (disabled)  score=0.241  return=-2.309  role_std=0.3586  role_norm=0.6349  enc_delta ego=0.0059 partner=0.0070 road=0.0062
[ROMA step  151,781,376] sps= 59,880  policy_loss=-0.0044  value_loss=0.9156  mi_loss=0.0002  mi_valid=0.86  div_loss=0.0014  kl_loss=0.0000 (disabled)  score=0.245  return=-2.276  role_std=0.2880  role_norm=0.4886  enc_delta ego=0.0114 partner=0.0131 road=0.0095
[ROMA step  152,567,808] sps= 59,963  policy_loss=-0.0040  value_loss=0.8981  mi_loss=0.0002  mi_valid=0.86  div_loss=0.0028  kl_loss=0.0000 (disabled)  score=0.250  return=-2.231  role_std=0.3152  role_norm=0.5414  enc_delta ego=0.0081 partner=0.0086 road=0.0085
[ROMA step  153,354,240] sps= 60,045  policy_loss=-0.0029  value_loss=0.8318  mi_loss=0.0002  mi_valid=0.84  div_loss=0.0027  kl_loss=0.0000 (disabled)  score=0.255  return=-2.186  role_std=0.3365  role_norm=0.5692  enc_delta ego=0.0071 partner=0.0069 road=0.0060
[ROMA step  154,140,672] sps= 59,710  policy_loss=0.0005  value_loss=0.7801  mi_loss=0.0002  mi_valid=0.80  div_loss=0.0018  kl_loss=0.0000 (disabled)  score=0.261  return=-2.139  role_std=0.3278  role_norm=0.5638  enc_delta ego=0.0039 partner=0.0041 road=0.0039
[ROMA step  154,927,104] sps= 59,786  policy_loss=-0.0011  value_loss=0.7681  mi_loss=0.0002  mi_valid=0.83  div_loss=0.0235  kl_loss=0.0000 (disabled)  score=0.266  return=-2.097  role_std=0.3320  role_norm=0.5732  enc_delta ego=0.0103 partner=0.0079 road=0.0075
[ROMA step  155,713,536] sps= 59,861  policy_loss=0.0016  value_loss=0.7502  mi_loss=0.0002  mi_valid=0.83  div_loss=0.0111  kl_loss=0.0000 (disabled)  score=0.271  return=-2.062  role_std=0.3261  role_norm=0.5530  enc_delta ego=0.0064 partner=0.0057 road=0.0054
[ROMA step  156,499,968] sps= 59,928  policy_loss=-0.0001  value_loss=0.7963  mi_loss=0.0002  mi_valid=0.86  div_loss=0.0049  kl_loss=0.0000 (disabled)  score=0.274  return=-2.038  role_std=0.2888  role_norm=0.4804  enc_delta ego=0.0056 partner=0.0074 road=0.0062
[ROMA step  157,286,400] sps= 59,619  policy_loss=-0.0037  value_loss=0.7113  mi_loss=0.0002  mi_valid=0.81  div_loss=0.0002  kl_loss=0.0000 (disabled)  score=0.278  return=-2.004  role_std=0.3118  role_norm=0.5245  enc_delta ego=0.0109 partner=0.0114 road=0.0094
[ROMA step  158,072,832] sps= 59,695  policy_loss=-0.0047  value_loss=0.6460  mi_loss=0.0002  mi_valid=0.84  div_loss=0.0035  kl_loss=0.0000 (disabled)  score=0.281  return=-1.970  role_std=0.3227  role_norm=0.5408  enc_delta ego=0.0086 partner=0.0096 road=0.0090
[ROMA step  158,859,264] sps= 59,760  policy_loss=0.0020  value_loss=0.7292  mi_loss=0.0002  mi_valid=0.84  div_loss=0.0220  kl_loss=0.0000 (disabled)  score=0.285  return=-1.938  role_std=0.3293  role_norm=0.5513  enc_delta ego=0.0066 partner=0.0075 road=0.0069
[ROMA step  159,645,696] sps= 59,439  policy_loss=0.0036  value_loss=0.7893  mi_loss=0.0002  mi_valid=0.81  div_loss=0.0100  kl_loss=0.0000 (disabled)  score=0.290  return=-1.904  role_std=0.3384  role_norm=0.6136  enc_delta ego=0.0067 partner=0.0058 road=0.0057
[ROMA step  160,432,128] sps= 59,517  policy_loss=-0.0041  value_loss=0.8037  mi_loss=0.0002  mi_valid=0.86  div_loss=0.0024  kl_loss=0.0000 (disabled)  score=0.294  return=-1.883  role_std=0.2937  role_norm=0.4964  enc_delta ego=0.0093 partner=0.0069 road=0.0062
[ROMA step  161,218,560] sps= 59,580  policy_loss=0.0016  value_loss=0.7932  mi_loss=0.0002  mi_valid=0.84  div_loss=0.0025  kl_loss=0.0000 (disabled)  score=0.299  return=-1.847  role_std=0.3152  role_norm=0.5279  enc_delta ego=0.0089 partner=0.0090 road=0.0076
[ROMA step  162,004,992] sps= 59,649  policy_loss=-0.0060  value_loss=0.7554  mi_loss=0.0002  mi_valid=0.83  div_loss=0.0033  kl_loss=0.0000 (disabled)  score=0.305  return=-1.812  role_std=0.3318  role_norm=0.5470  enc_delta ego=0.0050 partner=0.0051 road=0.0044
[ROMA step  162,791,424] sps= 59,425  policy_loss=0.0032  value_loss=0.7893  mi_loss=0.0001  mi_valid=0.80  div_loss=0.0018  kl_loss=0.0000 (disabled)  score=0.311  return=-1.778  role_std=0.3378  role_norm=0.5577  enc_delta ego=0.0185 partner=0.0080 road=0.0073
[ROMA step  163,577,856] sps= 59,499  policy_loss=0.0003  value_loss=0.7780  mi_loss=0.0001  mi_valid=0.83  div_loss=0.0042  kl_loss=0.0000 (disabled)  score=0.318  return=-1.749  role_std=0.3464  role_norm=0.5961  enc_delta ego=0.0136 partner=0.0076 road=0.0066
[ROMA step  164,364,288] sps= 59,576  policy_loss=-0.0064  value_loss=0.7104  mi_loss=0.0001  mi_valid=0.84  div_loss=0.0007  kl_loss=0.0000 (disabled)  score=0.324  return=-1.717  role_std=0.3334  role_norm=0.5830  enc_delta ego=0.0154 partner=0.0104 road=0.0095
[ROMA step  165,150,720] sps= 59,317  policy_loss=0.0034  value_loss=0.7985  mi_loss=0.0002  mi_valid=0.82  div_loss=0.0050  kl_loss=0.0000 (disabled)  score=0.328  return=-1.696  role_std=0.3196  role_norm=0.5283  enc_delta ego=0.0099 partner=0.0096 road=0.0076
[ROMA step  165,937,152] sps= 59,390  policy_loss=0.0001  value_loss=0.8163  mi_loss=0.0002  mi_valid=0.83  div_loss=0.0115  kl_loss=0.0000 (disabled)  score=0.332  return=-1.672  role_std=0.3295  role_norm=0.5440  enc_delta ego=0.0083 partner=0.0099 road=0.0081
[ROMA step  166,723,584] sps= 59,461  policy_loss=0.0019  value_loss=0.7641  mi_loss=0.0001  mi_valid=0.83  div_loss=0.0086  kl_loss=0.0000 (disabled)  score=0.335  return=-1.646  role_std=0.3533  role_norm=0.5816  enc_delta ego=0.0103 partner=0.0058 road=0.0052
[ROMA step  167,510,016] sps= 59,525  policy_loss=-0.0007  value_loss=0.7547  mi_loss=0.0001  mi_valid=0.83  div_loss=0.0052  kl_loss=0.0000 (disabled)  score=0.339  return=-1.615  role_std=0.3611  role_norm=0.6128  enc_delta ego=0.0050 partner=0.0058 road=0.0051
[ROMA step  168,296,448] sps= 59,235  policy_loss=0.0003  value_loss=0.7806  mi_loss=0.0001  mi_valid=0.82  div_loss=0.0059  kl_loss=0.0000 (disabled)  score=0.342  return=-1.590  role_std=0.3422  role_norm=0.5870  enc_delta ego=0.0081 partner=0.0075 road=0.0075
[ROMA step  169,082,880] sps= 59,298  policy_loss=0.0083  value_loss=0.7850  mi_loss=0.0002  mi_valid=0.86  div_loss=0.0016  kl_loss=0.0000 (disabled)  score=0.344  return=-1.574  role_std=0.2748  role_norm=0.4541  enc_delta ego=0.0085 partner=0.0106 road=0.0097
[ROMA step  169,869,312] sps= 59,353  policy_loss=-0.0018  value_loss=0.7656  mi_loss=0.0002  mi_valid=0.83  div_loss=0.0140  kl_loss=0.0000 (disabled)  score=0.348  return=-1.552  role_std=0.2952  role_norm=0.4893  enc_delta ego=0.0103 partner=0.0115 road=0.0103
[ROMA step  170,655,744] sps= 59,101  policy_loss=-0.0067  value_loss=0.6940  mi_loss=0.0002  mi_valid=0.80  div_loss=0.0135  kl_loss=0.0000 (disabled)  score=0.353  return=-1.527  role_std=0.3484  role_norm=0.5832  enc_delta ego=0.0094 partner=0.0076 road=0.0079
[ROMA step  171,442,176] sps= 59,176  policy_loss=0.0002  value_loss=0.6526  mi_loss=0.0001  mi_valid=0.83  div_loss=0.0088  kl_loss=0.0000 (disabled)  score=0.358  return=-1.499  role_std=0.3539  role_norm=0.6136  enc_delta ego=0.0085 partner=0.0079 road=0.0084
[ROMA step  172,228,608] sps= 59,250  policy_loss=-0.0046  value_loss=0.5982  mi_loss=0.0001  mi_valid=0.82  div_loss=0.0001  kl_loss=0.0000 (disabled)  score=0.363  return=-1.473  role_std=0.3668  role_norm=0.6321  enc_delta ego=0.0103 partner=0.0083 road=0.0080
[ROMA step  173,015,040] sps= 59,321  policy_loss=-0.0032  value_loss=0.6391  mi_loss=0.0001  mi_valid=0.85  div_loss=0.0019  kl_loss=0.0000 (disabled)  score=0.369  return=-1.448  role_std=0.2901  role_norm=0.4929  enc_delta ego=0.0084 partner=0.0074 road=0.0084
[ROMA step  173,801,472] sps= 59,000  policy_loss=-0.0017  value_loss=0.7601  mi_loss=0.0001  mi_valid=0.82  div_loss=0.0126  kl_loss=0.0000 (disabled)  score=0.373  return=-1.428  role_std=0.2968  role_norm=0.4999  enc_delta ego=0.0058 partner=0.0052 road=0.0052
[ROMA step  174,587,904] sps= 59,072  policy_loss=-0.0013  value_loss=0.6863  mi_loss=0.0001  mi_valid=0.82  div_loss=0.0150  kl_loss=0.0000 (disabled)  score=0.379  return=-1.399  role_std=0.3386  role_norm=0.5711  enc_delta ego=0.0042 partner=0.0053 road=0.0040
[ROMA step  175,374,336] sps= 59,124  policy_loss=-0.0025  value_loss=0.7044  mi_loss=0.0001  mi_valid=0.82  div_loss=0.0090  kl_loss=0.0000 (disabled)  score=0.386  return=-1.371  role_std=0.3541  role_norm=0.6002  enc_delta ego=0.0048 partner=0.0053 road=0.0039
[ROMA step  176,160,768] sps= 58,830  policy_loss=0.0014  value_loss=0.6585  mi_loss=0.0002  mi_valid=0.79  div_loss=0.0112  kl_loss=0.0000 (disabled)  score=0.392  return=-1.345  role_std=0.3615  role_norm=0.6103  enc_delta ego=0.0123 partner=0.0112 road=0.0094
[ROMA step  176,947,200] sps= 58,902  policy_loss=-0.0014  value_loss=0.7449  mi_loss=0.0001  mi_valid=0.86  div_loss=0.0143  kl_loss=0.0000 (disabled)  score=0.394  return=-1.333  role_std=0.3057  role_norm=0.5109  enc_delta ego=0.0059 partner=0.0059 road=0.0057
[ROMA step  177,733,632] sps= 58,971  policy_loss=0.0026  value_loss=0.7383  mi_loss=0.0001  mi_valid=0.85  div_loss=0.0169  kl_loss=0.0000 (disabled)  score=0.395  return=-1.325  role_std=0.3011  role_norm=0.5140  enc_delta ego=0.0043 partner=0.0051 road=0.0046
[ROMA step  178,520,064] sps= 59,036  policy_loss=0.0009  value_loss=0.7188  mi_loss=0.0001  mi_valid=0.83  div_loss=0.0138  kl_loss=0.0000 (disabled)  score=0.396  return=-1.314  role_std=0.3357  role_norm=0.5621  enc_delta ego=0.0040 partner=0.0061 road=0.0048
[ROMA step  179,306,496] sps= 58,805  policy_loss=0.0038  value_loss=0.7014  mi_loss=0.0002  mi_valid=0.80  div_loss=0.0084  kl_loss=0.0000 (disabled)  score=0.397  return=-1.299  role_std=0.3668  role_norm=0.6072  enc_delta ego=0.0088 partner=0.0115 road=0.0097
[ROMA step  180,092,928] sps= 58,877  policy_loss=0.0008  value_loss=0.6744  mi_loss=0.0001  mi_valid=0.83  div_loss=0.0021  kl_loss=0.0000 (disabled)  score=0.398  return=-1.284  role_std=0.3537  role_norm=0.5993  enc_delta ego=0.0062 partner=0.0053 road=0.0056
[ROMA step  180,879,360] sps= 58,949  policy_loss=-0.0007  value_loss=0.7255  mi_loss=0.0001  mi_valid=0.83  div_loss=0.0010  kl_loss=0.0000 (disabled)  score=0.400  return=-1.270  role_std=0.3636  role_norm=0.6214  enc_delta ego=0.0096 partner=0.0088 road=0.0073
[ROMA step  181,665,792] sps= 59,011  policy_loss=-0.0015  value_loss=0.7808  mi_loss=0.0001  mi_valid=0.85  div_loss=0.0138  kl_loss=0.0000 (disabled)  score=0.401  return=-1.257  role_std=0.3124  role_norm=0.5165  enc_delta ego=0.0093 partner=0.0073 road=0.0079
[ROMA step  182,452,224] sps= 58,794  policy_loss=0.0006  value_loss=0.8081  mi_loss=0.0001  mi_valid=0.80  div_loss=0.0160  kl_loss=0.0000 (disabled)  score=0.404  return=-1.239  role_std=0.3009  role_norm=0.5128  enc_delta ego=0.0053 partner=0.0039 road=0.0039
[ROMA step  183,238,656] sps= 58,844  policy_loss=-0.0085  value_loss=0.7258  mi_loss=0.0001  mi_valid=0.82  div_loss=0.0032  kl_loss=0.0000 (disabled)  score=0.408  return=-1.221  role_std=0.3358  role_norm=0.5932  enc_delta ego=0.0121 partner=0.0081 road=0.0089
[ROMA step  184,025,088] sps= 58,894  policy_loss=-0.0023  value_loss=0.6691  mi_loss=0.0001  mi_valid=0.82  div_loss=0.0159  kl_loss=0.0000 (disabled)  score=0.413  return=-1.202  role_std=0.3594  role_norm=0.6200  enc_delta ego=0.0071 partner=0.0074 road=0.0076
[ROMA step  184,811,520] sps= 58,679  policy_loss=0.0041  value_loss=0.7004  mi_loss=0.0001  mi_valid=0.79  div_loss=0.0028  kl_loss=0.0000 (disabled)  score=0.416  return=-1.188  role_std=0.3814  role_norm=0.6461  enc_delta ego=0.0074 partner=0.0070 road=0.0080
[ROMA step  185,597,952] sps= 58,736  policy_loss=0.0016  value_loss=0.7379  mi_loss=0.0001  mi_valid=0.84  div_loss=0.0015  kl_loss=0.0000 (disabled)  score=0.419  return=-1.181  role_std=0.2832  role_norm=0.4693  enc_delta ego=0.0077 partner=0.0079 road=0.0085
[ROMA step  186,384,384] sps= 58,783  policy_loss=-0.0009  value_loss=0.7222  mi_loss=0.0001  mi_valid=0.83  div_loss=0.0007  kl_loss=0.0000 (disabled)  score=0.422  return=-1.171  role_std=0.3039  role_norm=0.5099  enc_delta ego=0.0099 partner=0.0096 road=0.0105
[ROMA step  187,170,816] sps= 58,836  policy_loss=0.0009  value_loss=0.6209  mi_loss=0.0001  mi_valid=0.81  div_loss=0.0054  kl_loss=0.0000 (disabled)  score=0.426  return=-1.159  role_std=0.3374  role_norm=0.5543  enc_delta ego=0.0070 partner=0.0078 road=0.0076
[ROMA step  187,957,248] sps= 58,613  policy_loss=0.0026  value_loss=0.6032  mi_loss=0.0001  mi_valid=0.79  div_loss=0.0006  kl_loss=0.0000 (disabled)  score=0.430  return=-1.140  role_std=0.3410  role_norm=0.5840  enc_delta ego=0.0130 partner=0.0095 road=0.0097
[ROMA step  188,743,680] sps= 58,659  policy_loss=0.0037  value_loss=0.6086  mi_loss=0.0001  mi_valid=0.82  div_loss=0.0028  kl_loss=0.0000 (disabled)  score=0.434  return=-1.120  role_std=0.3549  role_norm=0.6006  enc_delta ego=0.0071 partner=0.0063 road=0.0062
[ROMA step  189,530,112] sps= 58,708  policy_loss=0.0053  value_loss=0.6130  mi_loss=0.0001  mi_valid=0.83  div_loss=0.0015  kl_loss=0.0000 (disabled)  score=0.437  return=-1.105  role_std=0.3349  role_norm=0.5748  enc_delta ego=0.0053 partner=0.0052 road=0.0055
[ROMA step  190,316,544] sps= 58,547  policy_loss=-0.0070  value_loss=0.6404  mi_loss=0.0001  mi_valid=0.82  div_loss=0.0013  kl_loss=0.0000 (disabled)  score=0.440  return=-1.094  role_std=0.2827  role_norm=0.4736  enc_delta ego=0.0061 partner=0.0062 road=0.0057
[ROMA step  191,102,976] sps= 58,605  policy_loss=-0.0026  value_loss=0.5875  mi_loss=0.0001  mi_valid=0.81  div_loss=0.0089  kl_loss=0.0000 (disabled)  score=0.442  return=-1.078  role_std=0.3168  role_norm=0.5203  enc_delta ego=0.0072 partner=0.0063 road=0.0068
[ROMA step  191,889,408] sps= 58,667  policy_loss=-0.0030  value_loss=0.5913  mi_loss=0.0001  mi_valid=0.81  div_loss=0.0006  kl_loss=0.0000 (disabled)  score=0.445  return=-1.066  role_std=0.3574  role_norm=0.5968  enc_delta ego=0.0066 partner=0.0056 road=0.0065
[ROMA step  192,675,840] sps= 58,728  policy_loss=0.0051  value_loss=0.5883  mi_loss=0.0001  mi_valid=0.82  div_loss=0.0033  kl_loss=0.0000 (disabled)  score=0.447  return=-1.055  role_std=0.3717  role_norm=0.6183  enc_delta ego=0.0059 partner=0.0049 road=0.0060
[ROMA step  193,462,272] sps= 58,517  policy_loss=0.0031  value_loss=0.6424  mi_loss=0.0001  mi_valid=0.80  div_loss=0.0009  kl_loss=0.0000 (disabled)  score=0.450  return=-1.041  role_std=0.3269  role_norm=0.5473  enc_delta ego=0.0084 partner=0.0084 road=0.0090
[ROMA step  194,248,704] sps= 58,580  policy_loss=-0.0004  value_loss=0.6786  mi_loss=0.0001  mi_valid=0.85  div_loss=0.0171  kl_loss=0.0000 (disabled)  score=0.452  return=-1.028  role_std=0.3028  role_norm=0.4868  enc_delta ego=0.0097 partner=0.0104 road=0.0089
[ROMA step  195,035,136] sps= 58,637  policy_loss=-0.0020  value_loss=0.6950  mi_loss=0.0001  mi_valid=0.82  div_loss=0.0158  kl_loss=0.0000 (disabled)  score=0.455  return=-1.011  role_std=0.3004  role_norm=0.4861  enc_delta ego=0.0059 partner=0.0053 road=0.0046
[ROMA step  195,821,568] sps= 58,234  policy_loss=-0.0058  value_loss=0.6323  mi_loss=0.0001  mi_valid=0.79  div_loss=0.0003  kl_loss=0.0000 (disabled)  score=0.458  return=-0.993  role_std=0.3423  role_norm=0.5846  enc_delta ego=0.0083 partner=0.0067 road=0.0068
[ROMA step  196,608,000] sps= 58,297  policy_loss=-0.0010  value_loss=0.6657  mi_loss=0.0001  mi_valid=0.82  div_loss=0.0079  kl_loss=0.0000 (disabled)  score=0.460  return=-0.979  role_std=0.3761  role_norm=0.6457  enc_delta ego=0.0138 partner=0.0105 road=0.0102
[ROMA step  197,394,432] sps= 58,347  policy_loss=-0.0053  value_loss=0.6071  mi_loss=0.0001  mi_valid=0.82  div_loss=0.0067  kl_loss=0.0000 (disabled)  score=0.464  return=-0.961  role_std=0.3747  role_norm=0.6451  enc_delta ego=0.0057 partner=0.0050 road=0.0052
[ROMA step  198,180,864] sps= 58,404  policy_loss=-0.0063  value_loss=0.5886  mi_loss=0.0001  mi_valid=0.84  div_loss=0.0087  kl_loss=0.0000 (disabled)  score=0.466  return=-0.945  role_std=0.3443  role_norm=0.6603  enc_delta ego=0.0095 partner=0.0041 road=0.0050
[ROMA step  198,967,296] sps= 58,185  policy_loss=0.0023  value_loss=0.6470  mi_loss=0.0001  mi_valid=0.81  div_loss=0.0127  kl_loss=0.0000 (disabled)  score=0.467  return=-0.937  role_std=0.3233  role_norm=0.5392  enc_delta ego=0.0111 partner=0.0086 road=0.0081
[ROMA step  199,753,728] sps= 58,249  policy_loss=-0.0022  value_loss=0.6175  mi_loss=0.0001  mi_valid=0.81  div_loss=0.0056  kl_loss=0.0000 (disabled)  score=0.469  return=-0.929  role_std=0.3261  role_norm=0.5602  enc_delta ego=0.0103 partner=0.0083 road=0.0097
[ROMA step  200,540,160] sps= 58,310  policy_loss=-0.0015  value_loss=0.5085  mi_loss=0.0001  mi_valid=0.81  div_loss=0.0020  kl_loss=0.0000 (disabled)  score=0.471  return=-0.920  role_std=0.3496  role_norm=0.5919  enc_delta ego=0.0154 partner=0.0088 road=0.0103
[ROMA step  201,326,592] sps= 58,151  policy_loss=0.0033  value_loss=0.5583  mi_loss=0.0001  mi_valid=0.79  div_loss=0.0226  kl_loss=0.0000 (disabled)  score=0.473  return=-0.911  role_std=0.3543  role_norm=0.5981  enc_delta ego=0.0088 partner=0.0068 road=0.0071
[ROMA step  202,113,024] sps= 58,209  policy_loss=-0.0082  value_loss=0.5451  mi_loss=0.0001  mi_valid=0.83  div_loss=0.0159  kl_loss=0.0000 (disabled)  score=0.474  return=-0.907  role_std=0.3033  role_norm=0.6733  enc_delta ego=0.0062 partner=0.0056 road=0.0058
[ROMA step  202,899,456] sps= 58,270  policy_loss=-0.0018  value_loss=0.5988  mi_loss=0.0001  mi_valid=0.84  div_loss=0.0172  kl_loss=0.0000 (disabled)  score=0.475  return=-0.902  role_std=0.3022  role_norm=0.5101  enc_delta ego=0.0064 partner=0.0055 road=0.0053
[ROMA step  203,685,888] sps= 58,323  policy_loss=0.0049  value_loss=0.5787  mi_loss=0.0001  mi_valid=0.81  div_loss=0.0134  kl_loss=0.0000 (disabled)  score=0.477  return=-0.892  role_std=0.3311  role_norm=0.5530  enc_delta ego=0.0056 partner=0.0052 road=0.0053
[ROMA step  204,472,320] sps= 58,168  policy_loss=-0.0019  value_loss=0.5501  mi_loss=0.0001  mi_valid=0.79  div_loss=0.0061  kl_loss=0.0000 (disabled)  score=0.479  return=-0.882  role_std=0.3750  role_norm=0.6257  enc_delta ego=0.0152 partner=0.0114 road=0.0112
[ROMA step  205,258,752] sps= 58,224  policy_loss=0.0009  value_loss=0.5443  mi_loss=0.0001  mi_valid=0.82  div_loss=0.0009  kl_loss=0.0000 (disabled)  score=0.482  return=-0.866  role_std=0.3855  role_norm=0.6588  enc_delta ego=0.0088 partner=0.0093 road=0.0086
[ROMA step  206,045,184] sps= 58,282  policy_loss=0.0022  value_loss=0.5485  mi_loss=0.0001  mi_valid=0.82  div_loss=0.0007  kl_loss=0.0000 (disabled)  score=0.484  return=-0.853  role_std=0.3793  role_norm=0.6442  enc_delta ego=0.0151 partner=0.0088 road=0.0091
[ROMA step  206,831,616] sps= 58,324  policy_loss=-0.0015  value_loss=0.5890  mi_loss=0.0001  mi_valid=0.84  div_loss=0.0022  kl_loss=0.0000 (disabled)  score=0.487  return=-0.840  role_std=0.2962  role_norm=0.4897  enc_delta ego=0.0090 partner=0.0054 road=0.0060
[ROMA step  207,618,048] sps= 58,143  policy_loss=-0.0072  value_loss=0.6452  mi_loss=0.0001  mi_valid=0.80  div_loss=0.0059  kl_loss=0.0000 (disabled)  score=0.490  return=-0.824  role_std=0.3247  role_norm=0.5387  enc_delta ego=0.0089 partner=0.0059 road=0.0060
[ROMA step  208,404,480] sps= 58,204  policy_loss=-0.0081  value_loss=0.5242  mi_loss=0.0001  mi_valid=0.81  div_loss=0.0031  kl_loss=0.0000 (disabled)  score=0.494  return=-0.807  role_std=0.3587  role_norm=0.5988  enc_delta ego=0.0099 partner=0.0076 road=0.0081
[ROMA step  209,190,912] sps= 58,262  policy_loss=0.0007  value_loss=0.5541  mi_loss=0.0001  mi_valid=0.81  div_loss=0.0224  kl_loss=0.0000 (disabled)  score=0.498  return=-0.793  role_std=0.3682  role_norm=0.6136  enc_delta ego=0.0084 partner=0.0055 road=0.0065
[ROMA step  209,977,344] sps= 58,104  policy_loss=0.0027  value_loss=0.5324  mi_loss=0.0001  mi_valid=0.78  div_loss=0.0311  kl_loss=0.0000 (disabled)  score=0.501  return=-0.784  role_std=0.3645  role_norm=0.6179  enc_delta ego=0.0120 partner=0.0078 road=0.0092
[ROMA step  210,763,776] sps= 58,161  policy_loss=-0.0020  value_loss=0.5593  mi_loss=0.0001  mi_valid=0.84  div_loss=0.0030  kl_loss=0.0000 (disabled)  score=0.503  return=-0.778  role_std=0.2879  role_norm=0.4807  enc_delta ego=0.0124 partner=0.0107 road=0.0092
[ROMA step  211,550,208] sps= 58,218  policy_loss=-0.0020  value_loss=0.5748  mi_loss=0.0001  mi_valid=0.83  div_loss=0.0035  kl_loss=0.0000 (disabled)  score=0.505  return=-0.768  role_std=0.3096  role_norm=0.5126  enc_delta ego=0.0116 partner=0.0081 road=0.0082
[ROMA step  212,336,640] sps= 58,277  policy_loss=0.0036  value_loss=0.5604  mi_loss=0.0001  mi_valid=0.81  div_loss=0.0103  kl_loss=0.0000 (disabled)  score=0.506  return=-0.761  role_std=0.3418  role_norm=0.5846  enc_delta ego=0.0066 partner=0.0046 road=0.0050
[ROMA step  213,123,072] sps= 58,129  policy_loss=0.0027  value_loss=0.4923  mi_loss=0.0001  mi_valid=0.78  div_loss=0.0062  kl_loss=0.0000 (disabled)  score=0.508  return=-0.746  role_std=0.3780  role_norm=0.6373  enc_delta ego=0.0093 partner=0.0094 road=0.0085
[ROMA step  213,909,504] sps= 58,184  policy_loss=-0.0013  value_loss=0.4448  mi_loss=0.0001  mi_valid=0.81  div_loss=0.0088  kl_loss=0.0000 (disabled)  score=0.509  return=-0.730  role_std=0.3648  role_norm=0.6146  enc_delta ego=0.0064 partner=0.0078 road=0.0064
[ROMA step  214,695,936] sps= 58,241  policy_loss=-0.0033  value_loss=0.4714  mi_loss=0.0001  mi_valid=0.81  div_loss=0.0094  kl_loss=0.0000 (disabled)  score=0.511  return=-0.713  role_std=0.3491  role_norm=0.6045  enc_delta ego=0.0097 partner=0.0082 road=0.0067
[ROMA step  215,482,368] sps= 58,109  policy_loss=-0.0039  value_loss=0.5340  mi_loss=0.0001  mi_valid=0.81  div_loss=0.0023  kl_loss=0.0000 (disabled)  score=0.512  return=-0.706  role_std=0.3253  role_norm=0.5531  enc_delta ego=0.0105 partner=0.0068 road=0.0061
[ROMA step  216,268,800] sps= 58,169  policy_loss=-0.0007  value_loss=0.5124  mi_loss=0.0001  mi_valid=0.81  div_loss=0.0007  kl_loss=0.0000 (disabled)  score=0.513  return=-0.702  role_std=0.3491  role_norm=0.5912  enc_delta ego=0.0109 partner=0.0096 road=0.0085
[ROMA step  217,055,232] sps= 58,211  policy_loss=0.0009  value_loss=0.4996  mi_loss=0.0001  mi_valid=0.81  div_loss=0.0019  kl_loss=0.0000 (disabled)  score=0.514  return=-0.695  role_std=0.3802  role_norm=0.6501  enc_delta ego=0.0064 partner=0.0066 road=0.0058
[ROMA step  217,841,664] sps= 58,253  policy_loss=0.0028  value_loss=0.4998  mi_loss=0.0001  mi_valid=0.81  div_loss=0.0003  kl_loss=0.0000 (disabled)  score=0.516  return=-0.687  role_std=0.3855  role_norm=0.6540  enc_delta ego=0.0088 partner=0.0068 road=0.0067
[ROMA step  218,628,096] sps= 57,972  policy_loss=-0.0032  value_loss=0.5633  mi_loss=0.0001  mi_valid=0.78  div_loss=0.0174  kl_loss=0.0000 (disabled)  score=0.516  return=-0.681  role_std=0.3417  role_norm=0.5920  enc_delta ego=0.0081 partner=0.0060 road=0.0071
[ROMA step  219,414,528] sps= 58,028  policy_loss=0.0001  value_loss=0.6135  mi_loss=0.0001  mi_valid=0.83  div_loss=0.0241  kl_loss=0.0000 (disabled)  score=0.517  return=-0.676  role_std=0.3738  role_norm=0.6444  enc_delta ego=0.0111 partner=0.0077 road=0.0070
[ROMA step  220,200,960] sps= 58,084  policy_loss=-0.0061  value_loss=0.6728  mi_loss=0.0001  mi_valid=0.81  div_loss=0.0174  kl_loss=0.0000 (disabled)  score=0.518  return=-0.670  role_std=0.3684  role_norm=0.6358  enc_delta ego=0.0065 partner=0.0035 road=0.0046
[ROMA step  220,987,392] sps= 57,944  policy_loss=-0.0043  value_loss=0.6332  mi_loss=0.0001  mi_valid=0.78  div_loss=0.0068  kl_loss=0.0000 (disabled)  score=0.519  return=-0.664  role_std=0.4030  role_norm=0.7012  enc_delta ego=0.0089 partner=0.0071 road=0.0072
[ROMA step  221,773,824] sps= 57,995  policy_loss=-0.0010  value_loss=0.5032  mi_loss=0.0001  mi_valid=0.81  div_loss=0.0018  kl_loss=0.0000 (disabled)  score=0.520  return=-0.656  role_std=0.4096  role_norm=0.7041  enc_delta ego=0.0102 partner=0.0091 road=0.0080
[ROMA step  222,560,256] sps= 58,050  policy_loss=0.0002  value_loss=0.4629  mi_loss=0.0001  mi_valid=0.81  div_loss=0.0005  kl_loss=0.0000 (disabled)  score=0.521  return=-0.651  role_std=0.3764  role_norm=0.6427  enc_delta ego=0.0101 partner=0.0074 road=0.0066
[ROMA step  223,346,688] sps= 58,106  policy_loss=-0.0022  value_loss=0.4962  mi_loss=0.0001  mi_valid=0.82  div_loss=0.0047  kl_loss=0.0000 (disabled)  score=0.522  return=-0.645  role_std=0.3470  role_norm=0.6096  enc_delta ego=0.0095 partner=0.0093 road=0.0072
[ROMA step  224,133,120] sps= 57,891  policy_loss=0.0042  value_loss=0.5164  mi_loss=0.0001  mi_valid=0.81  div_loss=0.0080  kl_loss=0.0000 (disabled)  score=0.523  return=-0.639  role_std=0.3663  role_norm=0.6532  enc_delta ego=0.0086 partner=0.0098 road=0.0087
[ROMA step  224,919,552] sps= 57,933  policy_loss=-0.0008  value_loss=0.4478  mi_loss=0.0001  mi_valid=0.81  div_loss=0.0047  kl_loss=0.0000 (disabled)  score=0.525  return=-0.625  role_std=0.3864  role_norm=0.6703  enc_delta ego=0.0083 partner=0.0073 road=0.0065
[ROMA step  225,705,984] sps= 57,989  policy_loss=0.0021  value_loss=0.4653  mi_loss=0.0001  mi_valid=0.81  div_loss=0.0010  kl_loss=0.0000 (disabled)  score=0.527  return=-0.614  role_std=0.3888  role_norm=0.6733  enc_delta ego=0.0089 partner=0.0087 road=0.0079
[ROMA step  226,492,416] sps= 57,852  policy_loss=-0.0010  value_loss=0.4243  mi_loss=0.0001  mi_valid=0.78  div_loss=0.0029  kl_loss=0.0000 (disabled)  score=0.528  return=-0.605  role_std=0.3638  role_norm=0.6305  enc_delta ego=0.0074 partner=0.0056 road=0.0061
[ROMA step  227,278,848] sps= 57,909  policy_loss=0.0010  value_loss=0.4834  mi_loss=0.0001  mi_valid=0.82  div_loss=0.0024  kl_loss=0.0000 (disabled)  score=0.530  return=-0.595  role_std=0.3350  role_norm=0.5900  enc_delta ego=0.0079 partner=0.0068 road=0.0074
[ROMA step  228,065,280] sps= 57,962  policy_loss=-0.0018  value_loss=0.4589  mi_loss=0.0001  mi_valid=0.83  div_loss=0.0021  kl_loss=0.0000 (disabled)  score=0.532  return=-0.588  role_std=0.3615  role_norm=0.6284  enc_delta ego=0.0076 partner=0.0059 road=0.0054
[ROMA step  228,851,712] sps= 58,013  policy_loss=-0.0044  value_loss=0.4734  mi_loss=0.0001  mi_valid=0.81  div_loss=0.0000  kl_loss=0.0000 (disabled)  score=0.533  return=-0.579  role_std=0.3782  role_norm=0.6482  enc_delta ego=0.0108 partner=0.0106 road=0.0080
[ROMA step  229,638,144] sps= 57,856  policy_loss=-0.0052  value_loss=0.4079  mi_loss=0.0001  mi_valid=0.78  div_loss=0.0004  kl_loss=0.0000 (disabled)  score=0.534  return=-0.570  role_std=0.3875  role_norm=0.6683  enc_delta ego=0.0090 partner=0.0073 road=0.0065
[ROMA step  230,424,576] sps= 57,906  policy_loss=0.0030  value_loss=0.3634  mi_loss=0.0001  mi_valid=0.81  div_loss=0.0013  kl_loss=0.0000 (disabled)  score=0.533  return=-0.557  role_std=0.3892  role_norm=0.6864  enc_delta ego=0.0074 partner=0.0059 road=0.0052
[ROMA step  231,211,008] sps= 57,961  policy_loss=0.0054  value_loss=0.3555  mi_loss=0.0001  mi_valid=0.81  div_loss=0.0009  kl_loss=0.0000 (disabled)  score=0.534  return=-0.545  role_std=0.3864  role_norm=0.6785  enc_delta ego=0.0104 partner=0.0080 road=0.0074
[ROMA step  231,997,440] sps= 58,017  policy_loss=-0.0042  value_loss=0.3687  mi_loss=0.0001  mi_valid=0.83  div_loss=0.0009  kl_loss=0.0000 (disabled)  score=0.536  return=-0.533  role_std=0.3301  role_norm=0.5639  enc_delta ego=0.0087 partner=0.0062 road=0.0072
[ROMA step  232,783,872] sps= 57,872  policy_loss=-0.0012  value_loss=0.4689  mi_loss=0.0001  mi_valid=0.80  div_loss=0.0007  kl_loss=0.0000 (disabled)  score=0.537  return=-0.524  role_std=0.3520  role_norm=0.6077  enc_delta ego=0.0082 partner=0.0092 road=0.0084
[ROMA step  233,570,304] sps= 57,927  policy_loss=-0.0093  value_loss=0.4358  mi_loss=0.0001  mi_valid=0.80  div_loss=0.0003  kl_loss=0.0000 (disabled)  score=0.540  return=-0.509  role_std=0.3910  role_norm=0.6807  enc_delta ego=0.0068 partner=0.0058 road=0.0053
[ROMA step  234,356,736] sps= 57,979  policy_loss=-0.0014  value_loss=0.4074  mi_loss=0.0001  mi_valid=0.81  div_loss=0.0010  kl_loss=0.0000 (disabled)  score=0.542  return=-0.500  role_std=0.3901  role_norm=0.6741  enc_delta ego=0.0061 partner=0.0069 road=0.0056
[ROMA step  235,143,168] sps= 57,850  policy_loss=-0.0070  value_loss=0.4161  mi_loss=0.0001  mi_valid=0.78  div_loss=0.0097  kl_loss=0.0000 (disabled)  score=0.543  return=-0.492  role_std=0.3811  role_norm=0.6467  enc_delta ego=0.0108 partner=0.0086 road=0.0082
[ROMA step  235,929,600] sps= 57,905  policy_loss=0.0096  value_loss=0.4348  mi_loss=0.0001  mi_valid=0.83  div_loss=0.0006  kl_loss=0.0000 (disabled)  score=0.544  return=-0.485  role_std=0.2864  role_norm=0.5078  enc_delta ego=0.0097 partner=0.0078 road=0.0083
[ROMA step  236,716,032] sps= 57,960  policy_loss=-0.0001  value_loss=0.4373  mi_loss=0.0001  mi_valid=0.83  div_loss=0.0027  kl_loss=0.0000 (disabled)  score=0.544  return=-0.481  role_std=0.3202  role_norm=0.5729  enc_delta ego=0.0057 partner=0.0057 road=0.0059
[ROMA step  237,502,464] sps= 58,014  policy_loss=0.0017  value_loss=0.4162  mi_loss=0.0001  mi_valid=0.80  div_loss=0.0047  kl_loss=0.0000 (disabled)  score=0.545  return=-0.473  role_std=0.3291  role_norm=0.5742  enc_delta ego=0.0086 partner=0.0081 road=0.0081
[ROMA step  238,288,896] sps= 57,810  policy_loss=-0.0002  value_loss=0.4172  mi_loss=0.0001  mi_valid=0.78  div_loss=0.0037  kl_loss=0.0000 (disabled)  score=0.545  return=-0.460  role_std=0.3709  role_norm=0.6416  enc_delta ego=0.0074 partner=0.0058 road=0.0064
[ROMA step  239,075,328] sps= 57,858  policy_loss=-0.0012  value_loss=0.3784  mi_loss=0.0001  mi_valid=0.81  div_loss=0.0013  kl_loss=0.0000 (disabled)  score=0.546  return=-0.450  role_std=0.3632  role_norm=0.6221  enc_delta ego=0.0084 partner=0.0067 road=0.0067
[ROMA step  239,861,760] sps= 57,910  policy_loss=-0.0026  value_loss=0.3875  mi_loss=0.0001  mi_valid=0.81  div_loss=0.0004  kl_loss=0.0000 (disabled)  score=0.548  return=-0.437  role_std=0.3560  role_norm=0.6060  enc_delta ego=0.0114 partner=0.0078 road=0.0081
[ROMA step  240,648,192] sps= 57,743  policy_loss=-0.0031  value_loss=0.4124  mi_loss=0.0001  mi_valid=0.80  div_loss=0.0005  kl_loss=0.0000 (disabled)  score=0.549  return=-0.428  role_std=0.3439  role_norm=0.5868  enc_delta ego=0.0077 partner=0.0061 road=0.0064
[ROMA step  241,434,624] sps= 57,794  policy_loss=-0.0052  value_loss=0.3896  mi_loss=0.0001  mi_valid=0.80  div_loss=0.0005  kl_loss=0.0000 (disabled)  score=0.550  return=-0.421  role_std=0.3674  role_norm=0.6465  enc_delta ego=0.0086 partner=0.0072 road=0.0065
[ROMA step  242,221,056] sps= 57,844  policy_loss=-0.0024  value_loss=0.3906  mi_loss=0.0001  mi_valid=0.81  div_loss=0.0019  kl_loss=0.0000 (disabled)  score=0.551  return=-0.418  role_std=0.3825  role_norm=0.6715  enc_delta ego=0.0058 partner=0.0059 road=0.0058
[ROMA step  243,007,488] sps= 57,896  policy_loss=0.0014  value_loss=0.3531  mi_loss=0.0001  mi_valid=0.80  div_loss=0.0018  kl_loss=0.0000 (disabled)  score=0.552  return=-0.413  role_std=0.3826  role_norm=0.6738  enc_delta ego=0.0096 partner=0.0078 road=0.0078
[ROMA step  243,793,920] sps= 57,771  policy_loss=-0.0056  value_loss=0.3677  mi_loss=0.0001  mi_valid=0.78  div_loss=0.0016  kl_loss=0.0000 (disabled)  score=0.553  return=-0.402  role_std=0.3509  role_norm=0.6250  enc_delta ego=0.0141 partner=0.0096 road=0.0100
[ROMA step  244,580,352] sps= 57,822  policy_loss=0.0034  value_loss=0.4627  mi_loss=0.0001  mi_valid=0.83  div_loss=0.0105  kl_loss=0.0000 (disabled)  score=0.554  return=-0.399  role_std=0.3439  role_norm=0.6115  enc_delta ego=0.0086 partner=0.0063 road=0.0063
[ROMA step  245,366,784] sps= 57,873  policy_loss=0.0029  value_loss=0.4396  mi_loss=0.0001  mi_valid=0.81  div_loss=0.0029  kl_loss=0.0000 (disabled)  score=0.556  return=-0.391  role_std=0.3359  role_norm=0.5964  enc_delta ego=0.0083 partner=0.0054 road=0.0055
[ROMA step  246,153,216] sps= 57,767  policy_loss=0.0037  value_loss=0.4234  mi_loss=0.0001  mi_valid=0.77  div_loss=0.0020  kl_loss=0.0000 (disabled)  score=0.558  return=-0.382  role_std=0.3796  role_norm=0.6714  enc_delta ego=0.0067 partner=0.0042 road=0.0045
[ROMA step  246,939,648] sps= 57,816  policy_loss=0.0007  value_loss=0.3833  mi_loss=0.0001  mi_valid=0.81  div_loss=0.0007  kl_loss=0.0000 (disabled)  score=0.559  return=-0.375  role_std=0.4024  role_norm=0.7008  enc_delta ego=0.0203 partner=0.0071 road=0.0085
[ROMA step  247,726,080] sps= 57,868  policy_loss=-0.0063  value_loss=0.3878  mi_loss=0.0001  mi_valid=0.81  div_loss=0.0021  kl_loss=0.0000 (disabled)  score=0.559  return=-0.368  role_std=0.3869  role_norm=0.6753  enc_delta ego=0.0141 partner=0.0068 road=0.0076
[ROMA step  248,512,512] sps= 57,921  policy_loss=-0.0041  value_loss=0.4137  mi_loss=0.0001  mi_valid=0.81  div_loss=0.0010  kl_loss=0.0000 (disabled)  score=0.560  return=-0.361  role_std=0.3592  role_norm=0.6353  enc_delta ego=0.0082 partner=0.0062 road=0.0057
[ROMA step  249,298,944] sps= 57,834  policy_loss=0.0058  value_loss=0.5073  mi_loss=0.0001  mi_valid=0.80  div_loss=0.0237  kl_loss=0.0000 (disabled)  score=0.561  return=-0.353  role_std=0.3361  role_norm=0.5977  enc_delta ego=0.0141 partner=0.0073 road=0.0075
[ROMA step  250,085,376] sps= 57,885  policy_loss=0.0030  value_loss=0.3903  mi_loss=0.0001  mi_valid=0.80  div_loss=0.0004  kl_loss=0.0000 (disabled)  score=0.563  return=-0.339  role_std=0.3547  role_norm=0.6264  enc_delta ego=0.0067 partner=0.0062 road=0.0059
[ROMA step  250,871,808] sps= 57,931  policy_loss=-0.0036  value_loss=0.3921  mi_loss=0.0001  mi_valid=0.80  div_loss=0.0072  kl_loss=0.0000 (disabled)  score=0.565  return=-0.327  role_std=0.3916  role_norm=0.7097  enc_delta ego=0.0137 partner=0.0110 road=0.0091
[ROMA step  251,658,240] sps= 57,855  policy_loss=0.0019  value_loss=0.3708  mi_loss=0.0001  mi_valid=0.77  div_loss=0.0004  kl_loss=0.0000 (disabled)  score=0.567  return=-0.315  role_std=0.3888  role_norm=0.6766  enc_delta ego=0.0099 partner=0.0078 road=0.0070
[ROMA step  252,444,672] sps= 57,904  policy_loss=0.0049  value_loss=0.4502  mi_loss=0.0001  mi_valid=0.82  div_loss=0.0051  kl_loss=0.0000 (disabled)  score=0.568  return=-0.311  role_std=0.3433  role_norm=0.6163  enc_delta ego=0.0094 partner=0.0098 road=0.0094
[ROMA step  253,231,104] sps= 57,952  policy_loss=-0.0040  value_loss=0.4628  mi_loss=0.0001  mi_valid=0.83  div_loss=0.0010  kl_loss=0.0000 (disabled)  score=0.568  return=-0.309  role_std=0.3415  role_norm=0.6034  enc_delta ego=0.0058 partner=0.0071 road=0.0064
[ROMA step  254,017,536] sps= 58,001  policy_loss=-0.0032  value_loss=0.4717  mi_loss=0.0001  mi_valid=0.81  div_loss=0.0029  kl_loss=0.0000 (disabled)  score=0.570  return=-0.305  role_std=0.3594  role_norm=0.6280  enc_delta ego=0.0060 partner=0.0067 road=0.0052
[ROMA step  254,803,968] sps= 57,909  policy_loss=-0.0006  value_loss=0.4256  mi_loss=0.0001  mi_valid=0.78  div_loss=0.0004  kl_loss=0.0000 (disabled)  score=0.570  return=-0.300  role_std=0.4042  role_norm=0.7103  enc_delta ego=0.0082 partner=0.0072 road=0.0070
[ROMA step  255,590,400] sps= 57,953  policy_loss=0.0013  value_loss=0.3833  mi_loss=0.0001  mi_valid=0.81  div_loss=0.0055  kl_loss=0.0000 (disabled)  score=0.570  return=-0.298  role_std=0.4011  role_norm=0.7051  enc_delta ego=0.0126 partner=0.0088 road=0.0080
[ROMA step  256,376,832] sps= 58,004  policy_loss=0.0019  value_loss=0.3547  mi_loss=0.0001  mi_valid=0.81  div_loss=0.0028  kl_loss=0.0000 (disabled)  score=0.569  return=-0.296  role_std=0.4204  role_norm=0.7249  enc_delta ego=0.0113 partner=0.0080 road=0.0080
[ROMA step  257,163,264] sps= 58,054  policy_loss=-0.0019  value_loss=0.3614  mi_loss=0.0001  mi_valid=0.83  div_loss=0.0010  kl_loss=0.0000 (disabled)  score=0.570  return=-0.290  role_std=0.3794  role_norm=0.7691  enc_delta ego=0.0062 partner=0.0062 road=0.0056
[ROMA step  257,949,696] sps= 57,964  policy_loss=-0.0010  value_loss=0.4195  mi_loss=0.0001  mi_valid=0.80  div_loss=0.0016  kl_loss=0.0000 (disabled)  score=0.571  return=-0.289  role_std=0.3557  role_norm=0.6332  enc_delta ego=0.0088 partner=0.0061 road=0.0061
[ROMA step  258,736,128] sps= 58,013  policy_loss=-0.0009  value_loss=0.3638  mi_loss=0.0001  mi_valid=0.80  div_loss=0.0017  kl_loss=0.0000 (disabled)  score=0.572  return=-0.287  role_std=0.3702  role_norm=0.6566  enc_delta ego=0.0124 partner=0.0061 road=0.0065
[ROMA step  259,522,560] sps= 58,061  policy_loss=-0.0014  value_loss=0.3868  mi_loss=0.0001  mi_valid=0.80  div_loss=0.0013  kl_loss=0.0000 (disabled)  score=0.572  return=-0.290  role_std=0.4011  role_norm=0.7098  enc_delta ego=0.0120 partner=0.0085 road=0.0065
[ROMA step  260,308,992] sps= 57,979  policy_loss=0.0021  value_loss=0.3978  mi_loss=0.0001  mi_valid=0.78  div_loss=0.0037  kl_loss=0.0000 (disabled)  score=0.572  return=-0.290  role_std=0.3934  role_norm=0.6992  enc_delta ego=0.0115 partner=0.0072 road=0.0069
[ROMA step  261,095,424] sps= 58,026  policy_loss=0.0035  value_loss=0.3989  mi_loss=0.0001  mi_valid=0.82  div_loss=0.0020  kl_loss=0.0000 (disabled)  score=0.573  return=-0.284  role_std=0.3644  role_norm=0.7381  enc_delta ego=0.0081 partner=0.0064 road=0.0063
[ROMA step  261,881,856] sps= 58,075  policy_loss=-0.0014  value_loss=0.3736  mi_loss=0.0001  mi_valid=0.82  div_loss=0.0000  kl_loss=0.0000 (disabled)  score=0.574  return=-0.280  role_std=0.3659  role_norm=0.6455  enc_delta ego=0.0118 partner=0.0073 road=0.0069
[ROMA step  262,668,288] sps= 58,123  policy_loss=-0.0022  value_loss=0.3655  mi_loss=0.0001  mi_valid=0.80  div_loss=0.0010  kl_loss=0.0000 (disabled)  score=0.576  return=-0.273  role_std=0.3723  role_norm=0.6481  enc_delta ego=0.0093 partner=0.0076 road=0.0073
[ROMA step  263,454,720] sps= 58,023  policy_loss=-0.0042  value_loss=0.3479  mi_loss=0.0001  mi_valid=0.77  div_loss=0.0029  kl_loss=0.0000 (disabled)  score=0.578  return=-0.265  role_std=0.3883  role_norm=0.6824  enc_delta ego=0.0108 partner=0.0089 road=0.0092
[ROMA step  264,241,152] sps= 58,072  policy_loss=-0.0021  value_loss=0.3196  mi_loss=0.0001  mi_valid=0.80  div_loss=0.0024  kl_loss=0.0000 (disabled)  score=0.579  return=-0.257  role_std=0.4137  role_norm=0.7256  enc_delta ego=0.0090 partner=0.0093 road=0.0083
[ROMA step  265,027,584] sps= 58,118  policy_loss=-0.0020  value_loss=0.2887  mi_loss=0.0001  mi_valid=0.80  div_loss=0.0005  kl_loss=0.0000 (disabled)  score=0.580  return=-0.250  role_std=0.4167  role_norm=0.7336  enc_delta ego=0.0103 partner=0.0083 road=0.0081
[ROMA step  265,814,016] sps= 58,058  policy_loss=-0.0050  value_loss=0.3485  mi_loss=0.0001  mi_valid=0.80  div_loss=0.0019  kl_loss=0.0000 (disabled)  score=0.581  return=-0.246  role_std=0.3623  role_norm=0.6301  enc_delta ego=0.0100 partner=0.0073 road=0.0071
[ROMA step  266,600,448] sps= 58,104  policy_loss=0.0091  value_loss=0.3895  mi_loss=0.0001  mi_valid=0.80  div_loss=0.0000  kl_loss=0.0000 (disabled)  score=0.581  return=-0.244  role_std=0.3900  role_norm=0.6869  enc_delta ego=0.0096 partner=0.0076 road=0.0070
[ROMA step  267,386,880] sps= 58,151  policy_loss=-0.0033  value_loss=0.3605  mi_loss=0.0001  mi_valid=0.80  div_loss=0.0010  kl_loss=0.0000 (disabled)  score=0.581  return=-0.239  role_std=0.4209  role_norm=0.7321  enc_delta ego=0.0076 partner=0.0074 road=0.0067
[ROMA step  268,173,312] sps= 58,198  policy_loss=0.0047  value_loss=0.4782  mi_loss=0.0001  mi_valid=0.81  div_loss=0.0011  kl_loss=0.0000 (disabled)  score=0.581  return=-0.237  role_std=0.4207  role_norm=0.7367  enc_delta ego=0.0064 partner=0.0055 road=0.0061
[ROMA step  268,959,744] sps= 58,125  policy_loss=-0.0017  value_loss=0.4051  mi_loss=0.0001  mi_valid=0.77  div_loss=0.0017  kl_loss=0.0000 (disabled)  score=0.582  return=-0.230  role_std=0.4131  role_norm=0.7485  enc_delta ego=0.0060 partner=0.0049 road=0.0051
[ROMA step  269,746,176] sps= 58,171  policy_loss=-0.0045  value_loss=0.3253  mi_loss=0.0001  mi_valid=0.82  div_loss=0.0009  kl_loss=0.0000 (disabled)  score=0.583  return=-0.225  role_std=0.3433  role_norm=0.6017  enc_delta ego=0.0057 partner=0.0045 road=0.0048
[ROMA step  270,532,608] sps= 58,218  policy_loss=-0.0060  value_loss=0.3138  mi_loss=0.0001  mi_valid=0.81  div_loss=0.0003  kl_loss=0.0000 (disabled)  score=0.585  return=-0.217  role_std=0.3490  role_norm=0.6006  enc_delta ego=0.0068 partner=0.0062 road=0.0059
[ROMA step  271,319,040] sps= 58,154  policy_loss=0.0046  value_loss=0.3493  mi_loss=0.0001  mi_valid=0.77  div_loss=0.0000  kl_loss=0.0000 (disabled)  score=0.587  return=-0.209  role_std=0.3631  role_norm=0.6475  enc_delta ego=0.0103 partner=0.0073 road=0.0063
[ROMA step  272,105,472] sps= 58,200  policy_loss=0.0043  value_loss=0.3868  mi_loss=0.0001  mi_valid=0.80  div_loss=0.0013  kl_loss=0.0000 (disabled)  score=0.588  return=-0.206  role_std=0.3985  role_norm=0.6973  enc_delta ego=0.0070 partner=0.0065 road=0.0061
[ROMA step  272,891,904] sps= 58,246  policy_loss=-0.0055  value_loss=0.3378  mi_loss=0.0001  mi_valid=0.80  div_loss=0.0010  kl_loss=0.0000 (disabled)  score=0.588  return=-0.200  role_std=0.4134  role_norm=0.7161  enc_delta ego=0.0111 partner=0.0079 road=0.0077
[ROMA step  273,678,336] sps= 58,292  policy_loss=0.0001  value_loss=0.3787  mi_loss=0.0001  mi_valid=0.80  div_loss=0.0010  kl_loss=0.0000 (disabled)  score=0.589  return=-0.197  role_std=0.3888  role_norm=0.6752  enc_delta ego=0.0099 partner=0.0087 road=0.0081
[ROMA step  274,464,768] sps= 58,223  policy_loss=-0.0075  value_loss=0.3216  mi_loss=0.0001  mi_valid=0.79  div_loss=0.0001  kl_loss=0.0000 (disabled)  score=0.590  return=-0.192  role_std=0.3168  role_norm=0.5538  enc_delta ego=0.0111 partner=0.0101 road=0.0092
[ROMA step  275,251,200] sps= 58,267  policy_loss=0.0002  value_loss=0.3508  mi_loss=0.0001  mi_valid=0.79  div_loss=0.0005  kl_loss=0.0000 (disabled)  score=0.592  return=-0.184  role_std=0.3526  role_norm=0.6312  enc_delta ego=0.0066 partner=0.0061 road=0.0056
[ROMA step  276,037,632] sps= 58,311  policy_loss=-0.0009  value_loss=0.3244  mi_loss=0.0001  mi_valid=0.79  div_loss=0.0059  kl_loss=0.0000 (disabled)  score=0.595  return=-0.173  role_std=0.3579  role_norm=0.6274  enc_delta ego=0.0099 partner=0.0072 road=0.0075
[ROMA step  276,824,064] sps= 58,218  policy_loss=-0.0020  value_loss=0.3085  mi_loss=0.0001  mi_valid=0.77  div_loss=0.0001  kl_loss=0.0000 (disabled)  score=0.597  return=-0.163  role_std=0.4281  role_norm=0.7489  enc_delta ego=0.0073 partner=0.0073 road=0.0067
[ROMA step  277,610,496] sps= 58,263  policy_loss=0.0019  value_loss=0.3862  mi_loss=0.0001  mi_valid=0.80  div_loss=0.0070  kl_loss=0.0000 (disabled)  score=0.597  return=-0.160  role_std=0.3999  role_norm=0.7056  enc_delta ego=0.0098 partner=0.0065 road=0.0066
[ROMA step  278,396,928] sps= 58,302  policy_loss=-0.0019  value_loss=0.3352  mi_loss=0.0001  mi_valid=0.83  div_loss=0.0004  kl_loss=0.0000 (disabled)  score=0.597  return=-0.158  role_std=0.3271  role_norm=0.5660  enc_delta ego=0.0096 partner=0.0064 road=0.0071
[ROMA step  279,183,360] sps= 58,345  policy_loss=0.0044  value_loss=0.3513  mi_loss=0.0001  mi_valid=0.81  div_loss=0.0015  kl_loss=0.0000 (disabled)  score=0.598  return=-0.154  role_std=0.3502  role_norm=0.6157  enc_delta ego=0.0051 partner=0.0049 road=0.0047
[ROMA step  279,969,792] sps= 58,277  policy_loss=-0.0026  value_loss=0.3741  mi_loss=0.0001  mi_valid=0.77  div_loss=0.0026  kl_loss=0.0000 (disabled)  score=0.598  return=-0.149  role_std=0.3993  role_norm=0.7083  enc_delta ego=0.0052 partner=0.0045 road=0.0043
[ROMA step  280,756,224] sps= 58,322  policy_loss=0.0032  value_loss=0.3678  mi_loss=0.0001  mi_valid=0.80  div_loss=0.0089  kl_loss=0.0000 (disabled)  score=0.600  return=-0.142  role_std=0.4273  role_norm=0.7676  enc_delta ego=0.0084 partner=0.0059 road=0.0062
[ROMA step  281,542,656] sps= 58,365  policy_loss=-0.0034  value_loss=0.3869  mi_loss=0.0001  mi_valid=0.80  div_loss=0.0005  kl_loss=0.0000 (disabled)  score=0.601  return=-0.137  role_std=0.4417  role_norm=0.8486  enc_delta ego=0.0091 partner=0.0053 road=0.0060
[ROMA step  282,329,088] sps= 58,410  policy_loss=0.0008  value_loss=0.4222  mi_loss=0.0001  mi_valid=0.81  div_loss=0.0001  kl_loss=0.0000 (disabled)  score=0.602  return=-0.134  role_std=0.4251  role_norm=0.8466  enc_delta ego=0.0064 partner=0.0043 road=0.0045
[ROMA step  283,115,520] sps= 58,342  policy_loss=-0.0036  value_loss=0.4618  mi_loss=0.0001  mi_valid=0.80  div_loss=0.0001  kl_loss=0.0000 (disabled)  score=0.603  return=-0.133  role_std=0.4237  role_norm=0.7435  enc_delta ego=0.0108 partner=0.0103 road=0.0101
[ROMA step  283,901,952] sps= 58,386  policy_loss=-0.0038  value_loss=0.3842  mi_loss=0.0001  mi_valid=0.80  div_loss=0.0034  kl_loss=0.0000 (disabled)  score=0.605  return=-0.129  role_std=0.4452  role_norm=0.7807  enc_delta ego=0.0083 partner=0.0073 road=0.0067
[ROMA step  284,688,384] sps= 58,430  policy_loss=0.0049  value_loss=0.3599  mi_loss=0.0001  mi_valid=0.80  div_loss=0.0001  kl_loss=0.0000 (disabled)  score=0.607  return=-0.125  role_std=0.4543  role_norm=0.8020  enc_delta ego=0.0086 partner=0.0074 road=0.0066
[ROMA step  285,474,816] sps= 58,339  policy_loss=0.0021  value_loss=0.3538  mi_loss=0.0001  mi_valid=0.77  div_loss=0.0005  kl_loss=0.0000 (disabled)  score=0.609  return=-0.121  role_std=0.4770  role_norm=0.8393  enc_delta ego=0.0098 partner=0.0068 road=0.0073
[ROMA step  286,261,248] sps= 58,383  policy_loss=-0.0012  value_loss=0.3885  mi_loss=0.0001  mi_valid=0.82  div_loss=0.0001  kl_loss=0.0000 (disabled)  score=0.609  return=-0.120  role_std=0.4547  role_norm=0.8292  enc_delta ego=0.0070 partner=0.0061 road=0.0065
[ROMA step  287,047,680] sps= 58,427  policy_loss=0.0058  value_loss=0.4096  mi_loss=0.0001  mi_valid=0.83  div_loss=0.0001  kl_loss=0.0000 (disabled)  score=0.610  return=-0.120  role_std=0.4123  role_norm=0.7471  enc_delta ego=0.0080 partner=0.0070 road=0.0084
[ROMA step  287,834,112] sps= 58,471  policy_loss=-0.0000  value_loss=0.3742  mi_loss=0.0001  mi_valid=0.80  div_loss=0.0001  kl_loss=0.0000 (disabled)  score=0.610  return=-0.115  role_std=0.3866  role_norm=0.6771  enc_delta ego=0.0066 partner=0.0067 road=0.0074
[ROMA step  288,620,544] sps= 58,389  policy_loss=-0.0050  value_loss=0.3115  mi_loss=0.0001  mi_valid=0.77  div_loss=0.0001  kl_loss=0.0000 (disabled)  score=0.611  return=-0.110  role_std=0.4323  role_norm=0.7727  enc_delta ego=0.0121 partner=0.0100 road=0.0104
[ROMA step  289,406,976] sps= 58,433  policy_loss=-0.0009  value_loss=0.2946  mi_loss=0.0001  mi_valid=0.80  div_loss=0.0013  kl_loss=0.0000 (disabled)  score=0.612  return=-0.106  role_std=0.4256  role_norm=0.7400  enc_delta ego=0.0092 partner=0.0096 road=0.0093
[ROMA step  290,193,408] sps= 58,471  policy_loss=0.0039  value_loss=0.3098  mi_loss=0.0001  mi_valid=0.80  div_loss=0.0020  kl_loss=0.0000 (disabled)  score=0.613  return=-0.100  role_std=0.3804  role_norm=0.6644  enc_delta ego=0.0068 partner=0.0076 road=0.0076
[ROMA step  290,979,840] sps= 58,309  policy_loss=-0.0013  value_loss=0.3688  mi_loss=0.0001  mi_valid=0.80  div_loss=0.0066  kl_loss=0.0000 (disabled)  score=0.614  return=-0.097  role_std=0.3270  role_norm=0.5766  enc_delta ego=0.0066 partner=0.0067 road=0.0060
[ROMA step  291,766,272] sps= 58,353  policy_loss=0.0057  value_loss=0.3742  mi_loss=0.0001  mi_valid=0.80  div_loss=0.0024  kl_loss=0.0000 (disabled)  score=0.614  return=-0.098  role_std=0.3617  role_norm=0.6524  enc_delta ego=0.0078 partner=0.0076 road=0.0059
[ROMA step  292,552,704] sps= 58,396  policy_loss=0.0053  value_loss=0.3464  mi_loss=0.0001  mi_valid=0.80  div_loss=0.0000  kl_loss=0.0000 (disabled)  score=0.614  return=-0.100  role_std=0.3910  role_norm=0.7061  enc_delta ego=0.0060 partner=0.0055 road=0.0053
[ROMA step  293,339,136] sps= 58,439  policy_loss=-0.0076  value_loss=0.3144  mi_loss=0.0001  mi_valid=0.81  div_loss=0.0001  kl_loss=0.0000 (disabled)  score=0.614  return=-0.101  role_std=0.4222  role_norm=0.7634  enc_delta ego=0.0069 partner=0.0073 road=0.0061
[ROMA step  294,125,568] sps= 58,342  policy_loss=-0.0046  value_loss=0.2982  mi_loss=0.0001  mi_valid=0.78  div_loss=0.0008  kl_loss=0.0000 (disabled)  score=0.615  return=-0.098  role_std=0.4772  role_norm=0.8269  enc_delta ego=0.0068 partner=0.0057 road=0.0067
[ROMA step  294,912,000] sps= 58,385  policy_loss=0.0019  value_loss=0.3104  mi_loss=0.0001  mi_valid=0.83  div_loss=0.0019  kl_loss=0.0000 (disabled)  score=0.616  return=-0.092  role_std=0.3470  role_norm=0.6122  enc_delta ego=0.0090 partner=0.0075 road=0.0085
[ROMA step  295,698,432] sps= 58,430  policy_loss=-0.0017  value_loss=0.3246  mi_loss=0.0001  mi_valid=0.82  div_loss=0.0007  kl_loss=0.0000 (disabled)  score=0.618  return=-0.088  role_std=0.3659  role_norm=0.6326  enc_delta ego=0.0088 partner=0.0063 road=0.0066
[ROMA step  296,484,864] sps= 58,315  policy_loss=-0.0023  value_loss=0.3134  mi_loss=0.0001  mi_valid=0.77  div_loss=0.0004  kl_loss=0.0000 (disabled)  score=0.620  return=-0.080  role_std=0.3954  role_norm=0.7000  enc_delta ego=0.0093 partner=0.0067 road=0.0075
[ROMA step  297,271,296] sps= 58,357  policy_loss=0.0023  value_loss=0.3176  mi_loss=0.0001  mi_valid=0.80  div_loss=0.0010  kl_loss=0.0000 (disabled)  score=0.620  return=-0.080  role_std=0.4240  role_norm=0.7454  enc_delta ego=0.0090 partner=0.0080 road=0.0085
[ROMA step  298,057,728] sps= 58,394  policy_loss=0.0045  value_loss=0.3076  mi_loss=0.0001  mi_valid=0.80  div_loss=0.0006  kl_loss=0.0000 (disabled)  score=0.620  return=-0.081  role_std=0.4426  role_norm=0.8003  enc_delta ego=0.0091 partner=0.0081 road=0.0078
[ROMA step  298,844,160] sps= 58,430  policy_loss=0.0033  value_loss=0.3234  mi_loss=0.0001  mi_valid=0.80  div_loss=0.0003  kl_loss=0.0000 (disabled)  score=0.620  return=-0.081  role_std=0.4337  role_norm=0.7817  enc_delta ego=0.0055 partner=0.0052 road=0.0057
[ROMA step  299,630,592] sps= 58,322  policy_loss=0.0004  value_loss=0.3311  mi_loss=0.0001  mi_valid=0.79  div_loss=0.0000  kl_loss=0.0000 (disabled)  score=0.620  return=-0.080  role_std=0.3588  role_norm=0.6351  enc_delta ego=0.0060 partner=0.0054 road=0.0063
[ROMA step  300,417,024] sps= 58,365  policy_loss=0.0005  value_loss=0.2747  mi_loss=0.0001  mi_valid=0.79  div_loss=0.0004  kl_loss=0.0000 (disabled)  score=0.622  return=-0.073  role_std=0.3787  role_norm=0.6747  enc_delta ego=0.0072 partner=0.0084 road=0.0074
[ROMA step  301,203,456] sps= 58,408  policy_loss=-0.0023  value_loss=0.2569  mi_loss=0.0001  mi_valid=0.79  div_loss=0.0007  kl_loss=0.0000 (disabled)  score=0.623  return=-0.067  role_std=0.3988  role_norm=0.7058  enc_delta ego=0.0065 partner=0.0076 road=0.0065
[ROMA step  301,989,888] sps= 58,297  policy_loss=-0.0028  value_loss=0.2482  mi_loss=0.0001  mi_valid=0.77  div_loss=0.0005  kl_loss=0.0000 (disabled)  score=0.624  return=-0.060  role_std=0.4392  role_norm=0.8042  enc_delta ego=0.0100 partner=0.0065 road=0.0057
[ROMA step  302,776,320] sps= 58,339  policy_loss=-0.0054  value_loss=0.2356  mi_loss=0.0001  mi_valid=0.80  div_loss=0.0001  kl_loss=0.0000 (disabled)  score=0.624  return=-0.060  role_std=0.4581  role_norm=0.8178  enc_delta ego=0.0089 partner=0.0088 road=0.0085
[ROMA step  303,562,752] sps= 58,382  policy_loss=0.0057  value_loss=0.2938  mi_loss=0.0001  mi_valid=0.82  div_loss=0.0002  kl_loss=0.0000 (disabled)  score=0.624  return=-0.060  role_std=0.3729  role_norm=0.6404  enc_delta ego=0.0084 partner=0.0078 road=0.0072
[ROMA step  304,349,184] sps= 58,422  policy_loss=-0.0044  value_loss=0.2745  mi_loss=0.0001  mi_valid=0.81  div_loss=0.0005  kl_loss=0.0000 (disabled)  score=0.623  return=-0.061  role_std=0.4036  role_norm=0.7019  enc_delta ego=0.0090 partner=0.0073 road=0.0070
[ROMA step  305,135,616] sps= 58,336  policy_loss=0.0019  value_loss=0.2899  mi_loss=0.0001  mi_valid=0.77  div_loss=0.0057  kl_loss=0.0000 (disabled)  score=0.623  return=-0.058  role_std=0.4238  role_norm=0.7355  enc_delta ego=0.0058 partner=0.0061 road=0.0051
[ROMA step  305,922,048] sps= 58,378  policy_loss=-0.0082  value_loss=0.2715  mi_loss=0.0001  mi_valid=0.80  div_loss=0.0022  kl_loss=0.0000 (disabled)  score=0.623  return=-0.057  role_std=0.4112  role_norm=0.7271  enc_delta ego=0.0083 partner=0.0068 road=0.0062
[ROMA step  306,708,480] sps= 58,420  policy_loss=0.0003  value_loss=0.2496  mi_loss=0.0001  mi_valid=0.80  div_loss=0.0028  kl_loss=0.0000 (disabled)  score=0.623  return=-0.054  role_std=0.3976  role_norm=0.6828  enc_delta ego=0.0051 partner=0.0052 road=0.0053
[ROMA step  307,494,912] sps= 58,461  policy_loss=-0.0029  value_loss=0.2700  mi_loss=0.0001  mi_valid=0.81  div_loss=0.0008  kl_loss=0.0000 (disabled)  score=0.623  return=-0.052  role_std=0.3881  role_norm=0.6841  enc_delta ego=0.0061 partner=0.0065 road=0.0058
[ROMA step  308,281,344] sps= 58,350  policy_loss=-0.0010  value_loss=0.2877  mi_loss=0.0001  mi_valid=0.81  div_loss=0.0005  kl_loss=0.0000 (disabled)  score=0.623  return=-0.049  role_std=0.3585  role_norm=0.6163  enc_delta ego=0.0066 partner=0.0079 road=0.0076
[ROMA step  309,067,776] sps= 58,390  policy_loss=-0.0042  value_loss=0.2469  mi_loss=0.0001  mi_valid=0.80  div_loss=0.0012  kl_loss=0.0000 (disabled)  score=0.623  return=-0.046  role_std=0.3900  role_norm=0.7011  enc_delta ego=0.0068 partner=0.0077 road=0.0068
[ROMA step  309,854,208] sps= 58,432  policy_loss=-0.0027  value_loss=0.2472  mi_loss=0.0001  mi_valid=0.80  div_loss=0.0016  kl_loss=0.0000 (disabled)  score=0.623  return=-0.039  role_std=0.3838  role_norm=0.6811  enc_delta ego=0.0071 partner=0.0083 road=0.0069
[ROMA step  310,640,640] sps= 58,338  policy_loss=-0.0034  value_loss=0.2736  mi_loss=0.0001  mi_valid=0.77  div_loss=0.0006  kl_loss=0.0000 (disabled)  score=0.624  return=-0.031  role_std=0.4260  role_norm=0.7543  enc_delta ego=0.0096 partner=0.0075 road=0.0071
[ROMA step  311,427,072] sps= 58,378  policy_loss=0.0070  value_loss=0.2760  mi_loss=0.0001  mi_valid=0.80  div_loss=0.0061  kl_loss=0.0000 (disabled)  score=0.625  return=-0.021  role_std=0.4069  role_norm=0.7269  enc_delta ego=0.0106 partner=0.0069 road=0.0075
[ROMA step  312,213,504] sps= 58,418  policy_loss=-0.0024  value_loss=0.2600  mi_loss=0.0001  mi_valid=0.82  div_loss=0.0001  kl_loss=0.0000 (disabled)  score=0.625  return=-0.014  role_std=0.3725  role_norm=0.6685  enc_delta ego=0.0055 partner=0.0055 road=0.0049
[ROMA step  312,999,936] sps= 58,457  policy_loss=-0.0080  value_loss=0.2535  mi_loss=0.0001  mi_valid=0.80  div_loss=0.0001  kl_loss=0.0000 (disabled)  score=0.625  return=-0.006  role_std=0.4121  role_norm=0.7435  enc_delta ego=0.0092 partner=0.0096 road=0.0078
[ROMA step  313,786,368] sps= 58,362  policy_loss=-0.0011  value_loss=0.2877  mi_loss=0.0001  mi_valid=0.77  div_loss=0.0006  kl_loss=0.0000 (disabled)  score=0.625  return=0.000  role_std=0.4459  role_norm=0.7981  enc_delta ego=0.0073 partner=0.0064 road=0.0051
[ROMA step  314,572,800] sps= 58,404  policy_loss=-0.0034  value_loss=0.2534  mi_loss=0.0001  mi_valid=0.80  div_loss=0.0004  kl_loss=0.0000 (disabled)  score=0.626  return=0.006  role_std=0.4492  role_norm=0.8023  enc_delta ego=0.0069 partner=0.0055 road=0.0053
[ROMA step  315,359,232] sps= 58,445  policy_loss=0.0006  value_loss=0.2864  mi_loss=0.0001  mi_valid=0.80  div_loss=0.0023  kl_loss=0.0000 (disabled)  score=0.626  return=0.011  role_std=0.4583  role_norm=0.8353  enc_delta ego=0.0064 partner=0.0052 road=0.0047
[ROMA step  316,145,664] sps= 58,359  policy_loss=0.0021  value_loss=0.2811  mi_loss=0.0001  mi_valid=0.80  div_loss=0.0040  kl_loss=0.0000 (disabled)  score=0.626  return=0.015  role_std=0.3586  role_norm=0.6639  enc_delta ego=0.0113 partner=0.0073 road=0.0063
[ROMA step  316,932,096] sps= 58,401  policy_loss=0.0032  value_loss=0.3067  mi_loss=0.0001  mi_valid=0.79  div_loss=0.0035  kl_loss=0.0000 (disabled)  score=0.627  return=0.019  role_std=0.3889  role_norm=0.6990  enc_delta ego=0.0070 partner=0.0058 road=0.0053
[ROMA step  317,718,528] sps= 58,442  policy_loss=-0.0014  value_loss=0.2753  mi_loss=0.0001  mi_valid=0.79  div_loss=0.0001  kl_loss=0.0000 (disabled)  score=0.626  return=0.021  role_std=0.4232  role_norm=0.7835  enc_delta ego=0.0111 partner=0.0072 road=0.0075
[ROMA step  318,504,960] sps= 58,482  policy_loss=-0.0014  value_loss=0.2366  mi_loss=0.0001  mi_valid=0.80  div_loss=0.0001  kl_loss=0.0000 (disabled)  score=0.626  return=0.025  role_std=0.4008  role_norm=0.7095  enc_delta ego=0.0083 partner=0.0063 road=0.0064
[ROMA step  319,291,392] sps= 58,381  policy_loss=-0.0010  value_loss=0.2427  mi_loss=0.0001  mi_valid=0.77  div_loss=0.0052  kl_loss=0.0000 (disabled)  score=0.627  return=0.030  role_std=0.4427  role_norm=0.7976  enc_delta ego=0.0082 partner=0.0066 road=0.0073
[ROMA step  320,077,824] sps= 58,420  policy_loss=-0.0049  value_loss=0.2253  mi_loss=0.0001  mi_valid=0.82  div_loss=0.0001  kl_loss=0.0000 (disabled)  score=0.628  return=0.037  role_std=0.4017  role_norm=0.8082  enc_delta ego=0.0052 partner=0.0046 road=0.0044
[ROMA step  320,864,256] sps= 58,458  policy_loss=-0.0096  value_loss=0.2654  mi_loss=0.0001  mi_valid=0.82  div_loss=0.0010  kl_loss=0.0000 (disabled)  score=0.629  return=0.040  role_std=0.3778  role_norm=0.6962  enc_delta ego=0.0103 partner=0.0073 road=0.0076
[ROMA step  321,650,688] sps= 58,359  policy_loss=-0.0022  value_loss=0.2590  mi_loss=0.0001  mi_valid=0.77  div_loss=0.0003  kl_loss=0.0000 (disabled)  score=0.630  return=0.049  role_std=0.3897  role_norm=0.6971  enc_delta ego=0.0099 partner=0.0072 road=0.0072
[ROMA step  322,437,120] sps= 58,395  policy_loss=-0.0054  value_loss=0.2353  mi_loss=0.0001  mi_valid=0.80  div_loss=0.0002  kl_loss=0.0000 (disabled)  score=0.630  return=0.052  role_std=0.4018  role_norm=0.7186  enc_delta ego=0.0097 partner=0.0090 road=0.0087
[ROMA step  323,223,552] sps= 58,433  policy_loss=0.0034  value_loss=0.2298  mi_loss=0.0001  mi_valid=0.80  div_loss=0.0004  kl_loss=0.0000 (disabled)  score=0.630  return=0.054  role_std=0.4262  role_norm=0.7449  enc_delta ego=0.0082 partner=0.0055 road=0.0063
[ROMA step  324,009,984] sps= 58,471  policy_loss=-0.0010  value_loss=0.2314  mi_loss=0.0001  mi_valid=0.80  div_loss=0.0026  kl_loss=0.0000 (disabled)  score=0.629  return=0.058  role_std=0.4463  role_norm=0.7834  enc_delta ego=0.0064 partner=0.0048 road=0.0054
[ROMA step  324,796,416] sps= 58,369  policy_loss=-0.0020  value_loss=0.2353  mi_loss=0.0001  mi_valid=0.80  div_loss=0.0013  kl_loss=0.0000 (disabled)  score=0.629  return=0.060  role_std=0.3278  role_norm=0.5860  enc_delta ego=0.0078 partner=0.0052 road=0.0059
[ROMA step  325,582,848] sps= 58,405  policy_loss=0.0010  value_loss=0.2560  mi_loss=0.0001  mi_valid=0.80  div_loss=0.0001  kl_loss=0.0000 (disabled)  score=0.629  return=0.065  role_std=0.3876  role_norm=0.7073  enc_delta ego=0.0095 partner=0.0080 road=0.0069
[ROMA step  326,369,280] sps= 58,443  policy_loss=-0.0048  value_loss=0.2751  mi_loss=0.0001  mi_valid=0.80  div_loss=0.0109  kl_loss=0.0000 (disabled)  score=0.628  return=0.069  role_std=0.3855  role_norm=0.6890  enc_delta ego=0.0096 partner=0.0071 road=0.0063
[ROMA step  327,155,712] sps= 58,338  policy_loss=0.0004  value_loss=0.2395  mi_loss=0.0001  mi_valid=0.78  div_loss=0.0000  kl_loss=0.0000 (disabled)  score=0.627  return=0.072  role_std=0.4423  role_norm=0.7819  enc_delta ego=0.0080 partner=0.0065 road=0.0059
[ROMA step  327,942,144] sps= 58,373  policy_loss=0.0003  value_loss=0.2293  mi_loss=0.0001  mi_valid=0.80  div_loss=0.0006  kl_loss=0.0000 (disabled)  score=0.627  return=0.076  role_std=0.4293  role_norm=0.7540  enc_delta ego=0.0085 partner=0.0093 road=0.0080
[ROMA step  328,728,576] sps= 58,412  policy_loss=0.0002  value_loss=0.2323  mi_loss=0.0001  mi_valid=0.82  div_loss=0.0031  kl_loss=0.0000 (disabled)  score=0.627  return=0.081  role_std=0.3766  role_norm=0.6764  enc_delta ego=0.0094 partner=0.0081 road=0.0067
[ROMA step  329,515,008] sps= 58,450  policy_loss=-0.0069  value_loss=0.2072  mi_loss=0.0001  mi_valid=0.81  div_loss=0.0009  kl_loss=0.0000 (disabled)  score=0.627  return=0.086  role_std=0.3822  role_norm=0.6834  enc_delta ego=0.0072 partner=0.0062 road=0.0050
[ROMA step  330,301,440] sps= 58,376  policy_loss=0.0009  value_loss=0.2586  mi_loss=0.0001  mi_valid=0.77  div_loss=-0.0000  kl_loss=0.0000 (disabled)  score=0.628  return=0.091  role_std=0.4098  role_norm=0.7441  enc_delta ego=0.0079 partner=0.0074 road=0.0064
[ROMA step  331,087,872] sps= 58,415  policy_loss=0.0061  value_loss=0.2296  mi_loss=0.0001  mi_valid=0.80  div_loss=0.0005  kl_loss=0.0000 (disabled)  score=0.628  return=0.095  role_std=0.4205  role_norm=0.7513  enc_delta ego=0.0081 partner=0.0104 road=0.0086
[ROMA step  331,874,304] sps= 58,450  policy_loss=0.0013  value_loss=0.2003  mi_loss=0.0001  mi_valid=0.80  div_loss=0.0008  kl_loss=0.0000 (disabled)  score=0.629  return=0.100  role_std=0.4174  role_norm=0.7260  enc_delta ego=0.0086 partner=0.0077 road=0.0065
[ROMA step  332,660,736] sps= 58,487  policy_loss=-0.0047  value_loss=0.2230  mi_loss=0.0001  mi_valid=0.80  div_loss=0.0000  kl_loss=0.0000 (disabled)  score=0.629  return=0.103  role_std=0.4153  role_norm=0.7387  enc_delta ego=0.0107 partner=0.0084 road=0.0080
[ROMA step  333,447,168] sps= 58,394  policy_loss=-0.0010  value_loss=0.2480  mi_loss=0.0001  mi_valid=0.81  div_loss=0.0041  kl_loss=0.0000 (disabled)  score=0.630  return=0.106  role_std=0.3874  role_norm=0.7176  enc_delta ego=0.0086 partner=0.0077 road=0.0084
[ROMA step  334,233,600] sps= 58,432  policy_loss=0.0006  value_loss=0.2440  mi_loss=0.0001  mi_valid=0.79  div_loss=0.0001  kl_loss=0.0000 (disabled)  score=0.631  return=0.113  role_std=0.4088  role_norm=0.7411  enc_delta ego=0.0066 partner=0.0063 road=0.0063
[ROMA step  335,020,032] sps= 58,469  policy_loss=0.0027  value_loss=0.2247  mi_loss=0.0001  mi_valid=0.80  div_loss=0.0004  kl_loss=0.0000 (disabled)  score=0.633  return=0.119  role_std=0.4165  role_norm=0.7436  enc_delta ego=0.0068 partner=0.0052 road=0.0057
[ROMA step  335,806,464] sps= 58,394  policy_loss=-0.0003  value_loss=0.2116  mi_loss=0.0001  mi_valid=0.77  div_loss=0.0023  kl_loss=0.0000 (disabled)  score=0.634  return=0.125  role_std=0.4438  role_norm=0.7903  enc_delta ego=0.0075 partner=0.0061 road=0.0061
[ROMA step  336,592,896] sps= 58,431  policy_loss=0.0002  value_loss=0.1936  mi_loss=0.0001  mi_valid=0.80  div_loss=0.0006  kl_loss=0.0000 (disabled)  score=0.635  return=0.132  role_std=0.4558  role_norm=0.8086  enc_delta ego=0.0087 partner=0.0077 road=0.0086
[ROMA step  337,379,328] sps= 58,468  policy_loss=0.0069  value_loss=0.1991  mi_loss=0.0001  mi_valid=0.82  div_loss=0.0001  kl_loss=0.0000 (disabled)  score=0.636  return=0.136  role_std=0.3564  role_norm=0.6553  enc_delta ego=0.0108 partner=0.0081 road=0.0088
[ROMA step  338,165,760] sps= 58,503  policy_loss=-0.0076  value_loss=0.1886  mi_loss=0.0001  mi_valid=0.80  div_loss=0.0011  kl_loss=0.0000 (disabled)  score=0.637  return=0.142  role_std=0.3734  role_norm=0.6869  enc_delta ego=0.0085 partner=0.0050 road=0.0068
[ROMA step  338,952,192] sps= 58,422  policy_loss=-0.0079  value_loss=0.1952  mi_loss=0.0001  mi_valid=0.77  div_loss=0.0011  kl_loss=0.0000 (disabled)  score=0.636  return=0.145  role_std=0.3950  role_norm=0.7183  enc_delta ego=0.0081 partner=0.0066 road=0.0083
[ROMA step  339,738,624] sps= 58,459  policy_loss=-0.0053  value_loss=0.1986  mi_loss=0.0001  mi_valid=0.80  div_loss=0.0001  kl_loss=0.0000 (disabled)  score=0.636  return=0.146  role_std=0.4128  role_norm=0.7351  enc_delta ego=0.0065 partner=0.0065 road=0.0067
[ROMA step  340,525,056] sps= 58,497  policy_loss=-0.0050  value_loss=0.1953  mi_loss=0.0001  mi_valid=0.80  div_loss=0.0034  kl_loss=0.0000 (disabled)  score=0.637  return=0.148  role_std=0.4268  role_norm=0.7430  enc_delta ego=0.0068 partner=0.0068 road=0.0068
[ROMA step  341,311,488] sps= 58,383  policy_loss=-0.0004  value_loss=0.2077  mi_loss=0.0001  mi_valid=0.79  div_loss=0.0001  kl_loss=0.0000 (disabled)  score=0.637  return=0.150  role_std=0.3482  role_norm=0.6496  enc_delta ego=0.0050 partner=0.0041 road=0.0041
[ROMA step  342,097,920] sps= 58,418  policy_loss=0.0032  value_loss=0.2230  mi_loss=0.0001  mi_valid=0.80  div_loss=0.0015  kl_loss=0.0000 (disabled)  score=0.638  return=0.157  role_std=0.3709  role_norm=0.6906  enc_delta ego=0.0073 partner=0.0065 road=0.0063
[ROMA step  342,884,352] sps= 58,453  policy_loss=0.0049  value_loss=0.2001  mi_loss=0.0001  mi_valid=0.79  div_loss=0.0009  kl_loss=0.0000 (disabled)  score=0.640  return=0.163  role_std=0.3791  role_norm=0.7007  enc_delta ego=0.0075 partner=0.0079 road=0.0074
[ROMA step  343,670,784] sps= 58,487  policy_loss=-0.0047  value_loss=0.1784  mi_loss=0.0001  mi_valid=0.80  div_loss=0.0005  kl_loss=0.0000 (disabled)  score=0.641  return=0.170  role_std=0.3918  role_norm=0.7160  enc_delta ego=0.0060 partner=0.0047 road=0.0045
[ROMA step  344,457,216] sps= 58,410  policy_loss=-0.0010  value_loss=0.1818  mi_loss=0.0001  mi_valid=0.77  div_loss=0.0023  kl_loss=0.0000 (disabled)  score=0.642  return=0.174  role_std=0.4242  role_norm=0.7614  enc_delta ego=0.0068 partner=0.0070 road=0.0069
[ROMA step  345,243,648] sps= 58,447  policy_loss=-0.0062  value_loss=0.1848  mi_loss=0.0001  mi_valid=0.81  div_loss=0.0008  kl_loss=0.0000 (disabled)  score=0.642  return=0.177  role_std=0.4113  role_norm=0.7804  enc_delta ego=0.0080 partner=0.0073 road=0.0071
[ROMA step  346,030,080] sps= 58,484  policy_loss=-0.0014  value_loss=0.2028  mi_loss=0.0001  mi_valid=0.82  div_loss=0.0020  kl_loss=0.0000 (disabled)  score=0.642  return=0.179  role_std=0.3199  role_norm=0.5908  enc_delta ego=0.0064 partner=0.0062 road=0.0066
[ROMA step  346,816,512] sps= 58,386  policy_loss=-0.0071  value_loss=0.1835  mi_loss=0.0001  mi_valid=0.77  div_loss=0.0005  kl_loss=0.0000 (disabled)  score=0.642  return=0.181  role_std=0.3624  role_norm=0.6597  enc_delta ego=0.0047 partner=0.0048 road=0.0054
[ROMA step  347,602,944] sps= 58,415  policy_loss=-0.0002  value_loss=0.1874  mi_loss=0.0001  mi_valid=0.79  div_loss=0.0001  kl_loss=0.0000 (disabled)  score=0.642  return=0.186  role_std=0.3936  role_norm=0.7141  enc_delta ego=0.0079 partner=0.0096 road=0.0093
[ROMA step  348,389,376] sps= 58,447  policy_loss=-0.0041  value_loss=0.1668  mi_loss=0.0001  mi_valid=0.80  div_loss=0.0007  kl_loss=0.0000 (disabled)  score=0.643  return=0.191  role_std=0.3862  role_norm=0.6941  enc_delta ego=0.0070 partner=0.0070 road=0.0072
[ROMA step  349,175,808] sps= 58,477  policy_loss=0.0042  value_loss=0.1932  mi_loss=0.0001  mi_valid=0.80  div_loss=0.0039  kl_loss=0.0000 (disabled)  score=0.644  return=0.196  role_std=0.3946  role_norm=0.7268  enc_delta ego=0.0069 partner=0.0082 road=0.0078
[ROMA step  349,962,240] sps= 58,377  policy_loss=-0.0057  value_loss=0.2422  mi_loss=0.0001  mi_valid=0.79  div_loss=-0.0000  kl_loss=0.0000 (disabled)  score=0.644  return=0.197  role_std=0.3548  role_norm=0.6468  enc_delta ego=0.0094 partner=0.0068 road=0.0075
[ROMA step  350,748,672] sps= 58,411  policy_loss=0.0053  value_loss=0.2135  mi_loss=0.0001  mi_valid=0.79  div_loss=0.0009  kl_loss=0.0000 (disabled)  score=0.644  return=0.199  role_std=0.3627  role_norm=0.6571  enc_delta ego=0.0126 partner=0.0080 road=0.0088
[ROMA step  351,535,104] sps= 58,444  policy_loss=0.0021  value_loss=0.2454  mi_loss=0.0001  mi_valid=0.79  div_loss=0.0030  kl_loss=0.0000 (disabled)  score=0.645  return=0.200  role_std=0.3729  role_norm=0.6559  enc_delta ego=0.0056 partner=0.0052 road=0.0048
[ROMA step  352,321,536] sps= 58,303  policy_loss=0.0066  value_loss=0.2237  mi_loss=0.0001  mi_valid=0.77  div_loss=0.0020  kl_loss=0.0000 (disabled)  score=0.644  return=0.200  role_std=0.4030  role_norm=0.7076  enc_delta ego=0.0068 partner=0.0071 road=0.0060
[ROMA step  353,107,968] sps= 58,337  policy_loss=0.0044  value_loss=0.2048  mi_loss=0.0001  mi_valid=0.79  div_loss=0.0037  kl_loss=0.0000 (disabled)  score=0.646  return=0.204  role_std=0.4086  role_norm=0.7287  enc_delta ego=0.0051 partner=0.0045 road=0.0062
[ROMA step  353,894,400] sps= 58,372  policy_loss=-0.0046  value_loss=0.1802  mi_loss=0.0001  mi_valid=0.82  div_loss=0.0004  kl_loss=0.0000 (disabled)  score=0.648  return=0.211  role_std=0.3347  role_norm=0.6075  enc_delta ego=0.0076 partner=0.0052 road=0.0062
[ROMA step  354,680,832] sps= 58,405  policy_loss=-0.0024  value_loss=0.1858  mi_loss=0.0001  mi_valid=0.82  div_loss=0.0001  kl_loss=0.0000 (disabled)  score=0.649  return=0.216  role_std=0.3572  role_norm=0.6498  enc_delta ego=0.0073 partner=0.0060 road=0.0069
[ROMA step  355,467,264] sps= 58,322  policy_loss=-0.0081  value_loss=0.2132  mi_loss=0.0001  mi_valid=0.77  div_loss=0.0015  kl_loss=0.0000 (disabled)  score=0.650  return=0.222  role_std=0.3993  role_norm=0.7152  enc_delta ego=0.0075 partner=0.0047 road=0.0048
[ROMA step  356,253,696] sps= 58,352  policy_loss=-0.0028  value_loss=0.1936  mi_loss=0.0001  mi_valid=0.80  div_loss=0.0000  kl_loss=0.0000 (disabled)  score=0.650  return=0.224  role_std=0.4277  role_norm=0.7618  enc_delta ego=0.0086 partner=0.0074 road=0.0071
[ROMA step  357,040,128] sps= 58,384  policy_loss=0.0002  value_loss=0.2164  mi_loss=0.0001  mi_valid=0.80  div_loss=0.0010  kl_loss=0.0000 (disabled)  score=0.650  return=0.225  role_std=0.4639  role_norm=0.8253  enc_delta ego=0.0071 partner=0.0060 road=0.0060
[ROMA step  357,826,560] sps= 58,282  policy_loss=-0.0066  value_loss=0.2007  mi_loss=0.0001  mi_valid=0.80  div_loss=0.0000  kl_loss=0.0000 (disabled)  score=0.649  return=0.227  role_std=0.4611  role_norm=0.8136  enc_delta ego=0.0078 partner=0.0066 road=0.0069
[ROMA step  358,612,992] sps= 58,318  policy_loss=-0.0008  value_loss=0.2633  mi_loss=0.0001  mi_valid=0.83  div_loss=0.0008  kl_loss=0.0000 (disabled)  score=0.648  return=0.225  role_std=0.3888  role_norm=0.7238  enc_delta ego=0.0075 partner=0.0064 road=0.0066
[ROMA step  359,399,424] sps= 58,350  policy_loss=-0.0091  value_loss=0.2206  mi_loss=0.0001  mi_valid=0.80  div_loss=0.0030  kl_loss=0.0000 (disabled)  score=0.647  return=0.224  role_std=0.3903  role_norm=0.7222  enc_delta ego=0.0052 partner=0.0059 road=0.0060
[ROMA step  360,185,856] sps= 58,378  policy_loss=-0.0001  value_loss=0.1909  mi_loss=0.0001  mi_valid=0.80  div_loss=0.0001  kl_loss=0.0000 (disabled)  score=0.646  return=0.223  role_std=0.4064  role_norm=0.7440  enc_delta ego=0.0079 partner=0.0083 road=0.0079
[ROMA step  360,972,288] sps= 58,301  policy_loss=-0.0029  value_loss=0.2047  mi_loss=0.0001  mi_valid=0.77  div_loss=0.0021  kl_loss=0.0000 (disabled)  score=0.645  return=0.223  role_std=0.3978  role_norm=0.7161  enc_delta ego=0.0061 partner=0.0057 road=0.0054
[ROMA step  361,758,720] sps= 58,334  policy_loss=0.0074  value_loss=0.2511  mi_loss=0.0001  mi_valid=0.80  div_loss=0.0005  kl_loss=0.0000 (disabled)  score=0.643  return=0.219  role_std=0.4089  role_norm=0.7224  enc_delta ego=0.0067 partner=0.0061 road=0.0064
[ROMA step  362,545,152] sps= 58,367  policy_loss=-0.0029  value_loss=0.2523  mi_loss=0.0001  mi_valid=0.83  div_loss=0.0003  kl_loss=0.0000 (disabled)  score=0.642  return=0.219  role_std=0.3534  role_norm=0.6567  enc_delta ego=0.0079 partner=0.0080 road=0.0070
[ROMA step  363,331,584] sps= 58,400  policy_loss=0.0044  value_loss=0.2492  mi_loss=0.0001  mi_valid=0.81  div_loss=0.0010  kl_loss=0.0000 (disabled)  score=0.642  return=0.217  role_std=0.3638  role_norm=0.6967  enc_delta ego=0.0066 partner=0.0063 road=0.0064
[ROMA step  364,118,016] sps= 58,240  policy_loss=0.0009  value_loss=0.2326  mi_loss=0.0001  mi_valid=0.77  div_loss=0.0005  kl_loss=0.0000 (disabled)  score=0.641  return=0.215  role_std=0.3919  role_norm=0.7192  enc_delta ego=0.0097 partner=0.0072 road=0.0066
[ROMA step  364,904,448] sps= 58,274  policy_loss=0.0022  value_loss=0.2115  mi_loss=0.0001  mi_valid=0.80  div_loss=0.0029  kl_loss=0.0000 (disabled)  score=0.641  return=0.214  role_std=0.4248  role_norm=0.7544  enc_delta ego=0.0108 partner=0.0078 road=0.0078
[ROMA step  365,690,880] sps= 58,308  policy_loss=-0.0036  value_loss=0.1968  mi_loss=0.0001  mi_valid=0.80  div_loss=0.0002  kl_loss=0.0000 (disabled)  score=0.641  return=0.212  role_std=0.4357  role_norm=0.7746  enc_delta ego=0.0080 partner=0.0061 road=0.0058
[ROMA step  366,477,312] sps= 58,183  policy_loss=-0.0118  value_loss=0.1970  mi_loss=0.0001  mi_valid=0.80  div_loss=0.0005  kl_loss=0.0000 (disabled)  score=0.641  return=0.212  role_std=0.3186  role_norm=0.6072  enc_delta ego=0.0089 partner=0.0078 road=0.0071
[ROMA step  367,263,744] sps= 58,213  policy_loss=-0.0098  value_loss=0.1896  mi_loss=0.0001  mi_valid=0.80  div_loss=0.0020  kl_loss=0.0000 (disabled)  score=0.642  return=0.215  role_std=0.3584  role_norm=0.6581  enc_delta ego=0.0071 partner=0.0080 road=0.0078
[ROMA step  368,050,176] sps= 58,248  policy_loss=-0.0095  value_loss=0.1853  mi_loss=0.0001  mi_valid=0.79  div_loss=0.0005  kl_loss=0.0000 (disabled)  score=0.642  return=0.217  role_std=0.3882  role_norm=0.7172  enc_delta ego=0.0050 partner=0.0051 road=0.0053
[ROMA step  368,836,608] sps= 58,283  policy_loss=-0.0068  value_loss=0.1789  mi_loss=0.0001  mi_valid=0.79  div_loss=0.0023  kl_loss=0.0000 (disabled)  score=0.643  return=0.219  role_std=0.3975  role_norm=0.7437  enc_delta ego=0.0056 partner=0.0059 road=0.0070
[ROMA step  369,623,040] sps= 58,180  policy_loss=-0.0059  value_loss=0.2152  mi_loss=0.0001  mi_valid=0.77  div_loss=0.0042  kl_loss=0.0000 (disabled)  score=0.643  return=0.221  role_std=0.4229  role_norm=0.7822  enc_delta ego=0.0071 partner=0.0049 road=0.0052
[ROMA step  370,409,472] sps= 58,213  policy_loss=-0.0023  value_loss=0.2014  mi_loss=0.0001  mi_valid=0.80  div_loss=0.0015  kl_loss=0.0000 (disabled)  score=0.643  return=0.221  role_std=0.4082  role_norm=0.7362  enc_delta ego=0.0102 partner=0.0077 road=0.0075
[ROMA step  371,195,904] sps= 58,246  policy_loss=-0.0046  value_loss=0.1863  mi_loss=0.0001  mi_valid=0.82  div_loss=0.0001  kl_loss=0.0000 (disabled)  score=0.643  return=0.222  role_std=0.3686  role_norm=0.6831  enc_delta ego=0.0092 partner=0.0064 road=0.0059
[ROMA step  371,982,336] sps= 58,171  policy_loss=-0.0008  value_loss=0.2109  mi_loss=0.0001  mi_valid=0.77  div_loss=0.0002  kl_loss=0.0000 (disabled)  score=0.643  return=0.222  role_std=0.3837  role_norm=0.7106  enc_delta ego=0.0087 partner=0.0068 road=0.0062
[ROMA step  372,768,768] sps= 58,205  policy_loss=-0.0078  value_loss=0.1716  mi_loss=0.0001  mi_valid=0.79  div_loss=0.0013  kl_loss=0.0000 (disabled)  score=0.643  return=0.225  role_std=0.4196  role_norm=0.7713  enc_delta ego=0.0043 partner=0.0054 road=0.0045
[ROMA step  373,555,200] sps= 58,237  policy_loss=-0.0025  value_loss=0.1718  mi_loss=0.0001  mi_valid=0.79  div_loss=0.0005  kl_loss=0.0000 (disabled)  score=0.644  return=0.229  role_std=0.4562  role_norm=0.8272  enc_delta ego=0.0043 partner=0.0045 road=0.0038
[ROMA step  374,341,632] sps= 58,264  policy_loss=0.0008  value_loss=0.1684  mi_loss=0.0001  mi_valid=0.79  div_loss=0.0005  kl_loss=0.0000 (disabled)  score=0.646  return=0.234  role_std=0.4782  role_norm=0.8629  enc_delta ego=0.0044 partner=0.0047 road=0.0043
[ROMA step  375,128,064] sps= 58,159  policy_loss=-0.0046  value_loss=0.1765  mi_loss=0.0001  mi_valid=0.79  div_loss=0.0004  kl_loss=0.0000 (disabled)  score=0.646  return=0.236  role_std=0.3571  role_norm=0.6642  enc_delta ego=0.0060 partner=0.0054 road=0.0045
[ROMA step  375,914,496] sps= 58,193  policy_loss=0.0021  value_loss=0.1670  mi_loss=0.0001  mi_valid=0.79  div_loss=0.0018  kl_loss=0.0000 (disabled)  score=0.646  return=0.238  role_std=0.3498  role_norm=0.6378  enc_delta ego=0.0050 partner=0.0048 road=0.0055
[ROMA step  376,700,928] sps= 58,223  policy_loss=0.0017  value_loss=0.1821  mi_loss=0.0001  mi_valid=0.79  div_loss=0.0018  kl_loss=0.0000 (disabled)  score=0.646  return=0.239  role_std=0.3821  role_norm=0.6880  enc_delta ego=0.0079 partner=0.0069 road=0.0071
[ROMA step  377,487,360] sps= 58,134  policy_loss=-0.0032  value_loss=0.1639  mi_loss=0.0001  mi_valid=0.77  div_loss=0.0004  kl_loss=0.0000 (disabled)  score=0.646  return=0.240  role_std=0.4631  role_norm=0.7999  enc_delta ego=0.0060 partner=0.0054 road=0.0052
[ROMA step  378,273,792] sps= 58,167  policy_loss=0.0027  value_loss=0.1824  mi_loss=0.0001  mi_valid=0.80  div_loss=0.0026  kl_loss=0.0000 (disabled)  score=0.647  return=0.245  role_std=0.4519  role_norm=0.7813  enc_delta ego=0.0089 partner=0.0071 road=0.0071
[ROMA step  379,060,224] sps= 58,200  policy_loss=-0.0025  value_loss=0.1775  mi_loss=0.0001  mi_valid=0.81  div_loss=0.0005  kl_loss=0.0000 (disabled)  score=0.647  return=0.248  role_std=0.4453  role_norm=0.8938  enc_delta ego=0.0081 partner=0.0081 road=0.0075
[ROMA step  379,846,656] sps= 58,232  policy_loss=0.0098  value_loss=0.2038  mi_loss=0.0001  mi_valid=0.81  div_loss=0.0020  kl_loss=0.0000 (disabled)  score=0.648  return=0.252  role_std=0.3590  role_norm=0.6514  enc_delta ego=0.0088 partner=0.0074 road=0.0087
[ROMA step  380,633,088] sps= 58,134  policy_loss=-0.0006  value_loss=0.1844  mi_loss=0.0001  mi_valid=0.77  div_loss=0.0002  kl_loss=0.0000 (disabled)  score=0.649  return=0.256  role_std=0.4031  role_norm=0.7324  enc_delta ego=0.0059 partner=0.0060 road=0.0061
[ROMA step  381,419,520] sps= 58,165  policy_loss=-0.0015  value_loss=0.1699  mi_loss=0.0001  mi_valid=0.79  div_loss=0.0001  kl_loss=0.0000 (disabled)  score=0.649  return=0.257  role_std=0.4215  role_norm=0.7657  enc_delta ego=0.0063 partner=0.0047 road=0.0054
[ROMA step  382,205,952] sps= 58,196  policy_loss=-0.0008  value_loss=0.1742  mi_loss=0.0001  mi_valid=0.80  div_loss=0.0039  kl_loss=0.0000 (disabled)  score=0.650  return=0.256  role_std=0.4569  role_norm=0.8100  enc_delta ego=0.0060 partner=0.0044 road=0.0052
[ROMA step  382,992,384] sps= 58,111  policy_loss=-0.0027  value_loss=0.1654  mi_loss=0.0001  mi_valid=0.79  div_loss=0.0001  kl_loss=0.0000 (disabled)  score=0.650  return=0.256  role_std=0.4848  role_norm=0.9902  enc_delta ego=0.0063 partner=0.0066 road=0.0063
[ROMA step  383,778,816] sps= 58,145  policy_loss=-0.0020  value_loss=0.1882  mi_loss=0.0001  mi_valid=0.82  div_loss=0.0004  kl_loss=0.0000 (disabled)  score=0.650  return=0.256  role_std=0.3735  role_norm=0.7033  enc_delta ego=0.0104 partner=0.0091 road=0.0083
[ROMA step  384,565,248] sps= 58,177  policy_loss=-0.0034  value_loss=0.1622  mi_loss=0.0001  mi_valid=0.79  div_loss=0.0012  kl_loss=0.0000 (disabled)  score=0.650  return=0.256  role_std=0.3580  role_norm=0.6764  enc_delta ego=0.0058 partner=0.0086 road=0.0071
[ROMA step  385,351,680] sps= 58,200  policy_loss=-0.0029  value_loss=0.1638  mi_loss=0.0001  mi_valid=0.79  div_loss=0.0001  kl_loss=0.0000 (disabled)  score=0.650  return=0.256  role_std=0.3840  role_norm=0.7143  enc_delta ego=0.0081 partner=0.0083 road=0.0072
[ROMA step  386,138,112] sps= 58,078  policy_loss=0.0048  value_loss=0.1887  mi_loss=0.0001  mi_valid=0.77  div_loss=0.0011  kl_loss=0.0000 (disabled)  score=0.650  return=0.257  role_std=0.4669  role_norm=0.8194  enc_delta ego=0.0064 partner=0.0067 road=0.0074
[ROMA step  386,924,544] sps= 58,112  policy_loss=-0.0012  value_loss=0.1762  mi_loss=0.0001  mi_valid=0.80  div_loss=0.0001  kl_loss=0.0000 (disabled)  score=0.651  return=0.261  role_std=0.4715  role_norm=0.8114  enc_delta ego=0.0082 partner=0.0076 road=0.0081
[ROMA step  387,710,976] sps= 58,138  policy_loss=0.0031  value_loss=0.1980  mi_loss=0.0001  mi_valid=0.82  div_loss=0.0021  kl_loss=0.0000 (disabled)  score=0.652  return=0.263  role_std=0.3874  role_norm=0.7124  enc_delta ego=0.0082 partner=0.0055 road=0.0062
[ROMA step  388,497,408] sps= 58,170  policy_loss=0.0036  value_loss=0.1943  mi_loss=0.0001  mi_valid=0.81  div_loss=0.0000  kl_loss=0.0000 (disabled)  score=0.653  return=0.267  role_std=0.3933  role_norm=0.7229  enc_delta ego=0.0084 partner=0.0088 road=0.0075
[ROMA step  389,283,840] sps= 58,079  policy_loss=-0.0022  value_loss=0.1774  mi_loss=0.0001  mi_valid=0.77  div_loss=0.0003  kl_loss=0.0000 (disabled)  score=0.655  return=0.272  role_std=0.4293  role_norm=0.7871  enc_delta ego=0.0216 partner=0.0066 road=0.0073
[ROMA step  390,070,272] sps= 58,111  policy_loss=-0.0022  value_loss=0.1756  mi_loss=0.0001  mi_valid=0.79  div_loss=0.0000  kl_loss=0.0000 (disabled)  score=0.657  return=0.279  role_std=0.4465  role_norm=0.7905  enc_delta ego=0.0164 partner=0.0061 road=0.0066
[ROMA step  390,856,704] sps= 58,142  policy_loss=-0.0088  value_loss=0.1929  mi_loss=0.0001  mi_valid=0.80  div_loss=0.0055  kl_loss=0.0000 (disabled)  score=0.658  return=0.285  role_std=0.4138  role_norm=0.7287  enc_delta ego=0.0109 partner=0.0047 road=0.0044
[ROMA step  391,643,136] sps= 58,036  policy_loss=0.0003  value_loss=0.2080  mi_loss=0.0001  mi_valid=0.80  div_loss=0.0001  kl_loss=0.0000 (disabled)  score=0.659  return=0.287  role_std=0.3660  role_norm=0.7030  enc_delta ego=0.0106 partner=0.0066 road=0.0082
[ROMA step  392,429,568] sps= 58,068  policy_loss=-0.0023  value_loss=0.2125  mi_loss=0.0001  mi_valid=0.81  div_loss=0.0013  kl_loss=0.0000 (disabled)  score=0.661  return=0.292  role_std=0.3803  role_norm=0.7033  enc_delta ego=0.0098 partner=0.0095 road=0.0100
[ROMA step  393,216,000] sps= 58,099  policy_loss=0.0017  value_loss=0.1887  mi_loss=0.0001  mi_valid=0.79  div_loss=0.0019  kl_loss=0.0000 (disabled)  score=0.663  return=0.298  role_std=0.3927  role_norm=0.7180  enc_delta ego=0.0054 partner=0.0054 road=0.0055
[ROMA step  394,002,432] sps= 58,130  policy_loss=-0.0078  value_loss=0.1783  mi_loss=0.0001  mi_valid=0.79  div_loss=0.0017  kl_loss=0.0000 (disabled)  score=0.664  return=0.303  role_std=0.4114  role_norm=0.7399  enc_delta ego=0.0064 partner=0.0071 road=0.0072
[ROMA step  394,788,864] sps= 58,015  policy_loss=-0.0088  value_loss=0.1477  mi_loss=0.0001  mi_valid=0.77  div_loss=0.0006  kl_loss=0.0000 (disabled)  score=0.665  return=0.305  role_std=0.4657  role_norm=0.8051  enc_delta ego=0.0064 partner=0.0066 road=0.0073
[ROMA step  395,575,296] sps= 58,047  policy_loss=-0.0023  value_loss=0.1518  mi_loss=0.0001  mi_valid=0.79  div_loss=0.0001  kl_loss=0.0000 (disabled)  score=0.665  return=0.307  role_std=0.4737  role_norm=0.8414  enc_delta ego=0.0070 partner=0.0076 road=0.0082
[ROMA step  396,361,728] sps= 58,079  policy_loss=0.0042  value_loss=0.1586  mi_loss=0.0001  mi_valid=0.81  div_loss=0.0003  kl_loss=0.0000 (disabled)  score=0.666  return=0.309  role_std=0.3921  role_norm=0.7290  enc_delta ego=0.0060 partner=0.0062 road=0.0061
[ROMA step  397,148,160] sps= 57,975  policy_loss=-0.0073  value_loss=0.1759  mi_loss=0.0001  mi_valid=0.77  div_loss=0.0011  kl_loss=0.0000 (disabled)  score=0.666  return=0.311  role_std=0.4131  role_norm=0.7658  enc_delta ego=0.0088 partner=0.0071 road=0.0075
[ROMA step  397,934,592] sps= 57,999  policy_loss=-0.0005  value_loss=0.2019  mi_loss=0.0001  mi_valid=0.80  div_loss=0.0000  kl_loss=0.0000 (disabled)  score=0.666  return=0.314  role_std=0.4279  role_norm=0.7762  enc_delta ego=0.0074 partner=0.0082 road=0.0068
[ROMA step  398,721,024] sps= 58,026  policy_loss=-0.0029  value_loss=0.1783  mi_loss=0.0001  mi_valid=0.80  div_loss=0.0003  kl_loss=0.0000 (disabled)  score=0.667  return=0.316  role_std=0.4503  role_norm=0.7987  enc_delta ego=0.0063 partner=0.0048 road=0.0049
[ROMA step  399,507,456] sps= 58,054  policy_loss=-0.0027  value_loss=0.1889  mi_loss=0.0001  mi_valid=0.80  div_loss=0.0024  kl_loss=0.0000 (disabled)  score=0.668  return=0.317  role_std=0.4070  role_norm=0.7213  enc_delta ego=0.0064 partner=0.0060 road=0.0061
[ROMA step  400,293,888] sps= 57,950  policy_loss=0.0004  value_loss=0.1982  mi_loss=0.0001  mi_valid=0.80  div_loss=0.0000  kl_loss=0.0000 (disabled)  score=0.667  return=0.318  role_std=0.3851  role_norm=0.7149  enc_delta ego=0.0074 partner=0.0057 road=0.0065
[ROMA step  401,080,320] sps= 57,981  policy_loss=0.0009  value_loss=0.1737  mi_loss=0.0001  mi_valid=0.80  div_loss=0.0025  kl_loss=0.0000 (disabled)  score=0.667  return=0.318  role_std=0.4085  role_norm=0.7638  enc_delta ego=0.0095 partner=0.0080 road=0.0089
[ROMA step  401,866,752] sps= 58,013  policy_loss=-0.0095  value_loss=0.1615  mi_loss=0.0001  mi_valid=0.80  div_loss=0.0014  kl_loss=0.0000 (disabled)  score=0.666  return=0.318  role_std=0.4415  role_norm=0.8147  enc_delta ego=0.0075 partner=0.0066 road=0.0072
[ROMA step  402,653,184] sps= 57,876  policy_loss=0.0016  value_loss=0.1680  mi_loss=0.0001  mi_valid=0.77  div_loss=0.0006  kl_loss=0.0000 (disabled)  score=0.665  return=0.316  role_std=0.5039  role_norm=0.8751  enc_delta ego=0.0053 partner=0.0048 road=0.0049
[ROMA step  403,439,616] sps= 57,906  policy_loss=-0.0063  value_loss=0.1593  mi_loss=0.0001  mi_valid=0.80  div_loss=0.0050  kl_loss=0.0000 (disabled)  score=0.664  return=0.315  role_std=0.5138  role_norm=0.8672  enc_delta ego=0.0058 partner=0.0068 road=0.0060
[ROMA step  404,226,048] sps= 57,932  policy_loss=0.0053  value_loss=0.1700  mi_loss=0.0001  mi_valid=0.81  div_loss=0.0037  kl_loss=0.0000 (disabled)  score=0.664  return=0.315  role_std=0.4774  role_norm=0.8645  enc_delta ego=0.0070 partner=0.0067 road=0.0069
[ROMA step  405,012,480] sps= 57,963  policy_loss=0.0001  value_loss=0.1639  mi_loss=0.0001  mi_valid=0.82  div_loss=0.0043  kl_loss=0.0000 (disabled)  score=0.664  return=0.316  role_std=0.3978  role_norm=0.7304  enc_delta ego=0.0072 partner=0.0065 road=0.0061
[ROMA step  405,798,912] sps= 57,848  policy_loss=-0.0013  value_loss=0.1892  mi_loss=0.0001  mi_valid=0.76  div_loss=0.0000  kl_loss=0.0000 (disabled)  score=0.665  return=0.317  role_std=0.4461  role_norm=0.8354  enc_delta ego=0.0047 partner=0.0045 road=0.0044
[ROMA step  406,585,344] sps= 57,879  policy_loss=-0.0001  value_loss=0.1689  mi_loss=0.0001  mi_valid=0.80  div_loss=0.0003  kl_loss=0.0000 (disabled)  score=0.665  return=0.318  role_std=0.4685  role_norm=0.8490  enc_delta ego=0.0090 partner=0.0075 road=0.0073
[ROMA step  407,371,776] sps= 57,911  policy_loss=-0.0041  value_loss=0.1550  mi_loss=0.0001  mi_valid=0.79  div_loss=0.0000  kl_loss=0.0000 (disabled)  score=0.665  return=0.319  role_std=0.5103  role_norm=0.9145  enc_delta ego=0.0080 partner=0.0068 road=0.0076
[ROMA step  408,158,208] sps= 57,760  policy_loss=-0.0043  value_loss=0.1543  mi_loss=0.0001  mi_valid=0.78  div_loss=0.0023  kl_loss=0.0000 (disabled)  score=0.664  return=0.320  role_std=0.4869  role_norm=0.8900  enc_delta ego=0.0081 partner=0.0065 road=0.0077
[ROMA step  408,944,640] sps= 57,791  policy_loss=-0.0021  value_loss=0.1834  mi_loss=0.0001  mi_valid=0.82  div_loss=0.0020  kl_loss=0.0000 (disabled)  score=0.664  return=0.320  role_std=0.4108  role_norm=0.7530  enc_delta ego=0.0080 partner=0.0051 road=0.0066
[ROMA step  409,731,072] sps= 57,822  policy_loss=-0.0007  value_loss=0.1556  mi_loss=0.0001  mi_valid=0.79  div_loss=0.0023  kl_loss=0.0000 (disabled)  score=0.664  return=0.320  role_std=0.3734  role_norm=0.6956  enc_delta ego=0.0082 partner=0.0071 road=0.0076
[ROMA step  410,517,504] sps= 57,852  policy_loss=-0.0017  value_loss=0.1780  mi_loss=0.0001  mi_valid=0.79  div_loss=0.0013  kl_loss=0.0000 (disabled)  score=0.664  return=0.320  role_std=0.4196  role_norm=0.7652  enc_delta ego=0.0097 partner=0.0075 road=0.0091
[ROMA step  411,303,936] sps= 57,761  policy_loss=-0.0030  value_loss=0.1861  mi_loss=0.0001  mi_valid=0.77  div_loss=0.0011  kl_loss=0.0000 (disabled)  score=0.664  return=0.321  role_std=0.4237  role_norm=0.7603  enc_delta ego=0.0056 partner=0.0039 road=0.0045
[ROMA step  412,090,368] sps= 57,793  policy_loss=-0.0072  value_loss=0.1477  mi_loss=0.0001  mi_valid=0.80  div_loss=0.0007  kl_loss=0.0000 (disabled)  score=0.665  return=0.324  role_std=0.4607  role_norm=0.8259  enc_delta ego=0.0069 partner=0.0058 road=0.0066
[ROMA step  412,876,800] sps= 57,825  policy_loss=-0.0001  value_loss=0.1670  mi_loss=0.0001  mi_valid=0.81  div_loss=0.0010  kl_loss=0.0000 (disabled)  score=0.666  return=0.327  role_std=0.3543  role_norm=0.6653  enc_delta ego=0.0099 partner=0.0078 road=0.0081
[ROMA step  413,663,232] sps= 57,856  policy_loss=0.0029  value_loss=0.1721  mi_loss=0.0001  mi_valid=0.82  div_loss=0.0003  kl_loss=0.0000 (disabled)  score=0.667  return=0.329  role_std=0.4023  role_norm=0.7416  enc_delta ego=0.0079 partner=0.0065 road=0.0066
