[mifut] FINE-TUNE seed: /scratch/e452103/checkpoints/roma_mifutagent_dim1_H8_r16p64_ft_paperrew_pc_nodiv/roma_dim1_step4000579584.pt (step 4000579584 -> 4500579584)
[mifut] role_dim=1  H=8  maps=10000  total_steps=4500579584
[mifut] role view: road=16 partner=64  mi_target=ego_partner
[mifut] FiLM conditioning: off
[mifut] compliance=2.5 perturb_frac=0.15 alpha=2.0
[mifut] compliance_perturbed_only=1 mi_exclude_perturbed=1
[mifut] freeze_role_encoder=0 init_from=/scratch/e452103/checkpoints/roma_mifutagent_dim1_H8_r16p64_ft_paperrew_pc_nodiv/roma_dim1_step4000579584.pt
[mifut] env overrides: --collision_behavior 1 --reward_vehicle_collision -1.0 --reward_offroad_collision -1.0
[mifut] div_weight=0  mi_weight=1.0  wandb_name=roma_mifutagent_dim1_ft_pc40_cb1_nodiv
[mifut] code=/home/e452103/roma_film  save=/scratch/e452103/checkpoints/roma_mifutagent_dim1_H8_r16p64_ft_pc40_cb1_nodiv
[mifut] branch=mi-future-agentcentric-film commit=c44e3b5
[ROMA] Device        : cuda
[ROMA] AMP (bf16)    : enabled
[ROMA] role_dim      : 1
[ROMA] num_maps      : 10000
[ROMA] num_agents    : 3072
[ROMA] total_steps   : 4,500,579,584
[ROMA] mi_weight     : 1.0
[ROMA] div_weight    : 0.0
[ROMA] mi_target     : ego_partner
[ROMA] role view     : road=16 partner=64 (policy GRU always sees the full 128)
[ROMA] mi_horizon    : 8 (future MI: z_t predicts emb t+1..t+8)
[ROMA] wandb initialized: https://wandb.ai/s-rahmani-tu-delft/roma-pufferdrive/runs/icsb7ohr
[ROMA] env override: collision_behavior = 0 -> 1
[ROMA] env override: reward_vehicle_collision = -0.5 -> -1.0
[ROMA] env override: reward_offroad_collision = -0.5 -> -1.0
[ROMA] obs_dim       : 1121 (auto-detected)
[ROMA] Resumed policy + aux critics from /scratch/e452103/checkpoints/roma_mifutagent_dim1_H8_r16p64_ft_paperrew_pc_nodiv/roma_dim1_step4000579584.pt @ step 4,000,579,584 (fresh Adam)
[ROMA] CSV log       : /scratch/e452103/checkpoints/roma_mifutagent_dim1_H8_r16p64_ft_pc40_cb1_nodiv/training_log.csv
[ROMA] Training for 4,500,579,584 steps ...
[ROMA step 4,001,366,016] sps=256,340,049  policy_loss=0.0101  value_loss=0.6536  mi_loss=0.0009  mi_valid=0.73  div_loss=-0.3184  kl_loss=0.0000 (disabled)  score=0.969  return=0.604  role_std=4.2677  role_norm=15.6476  enc_delta ego=0.0028 partner=0.0028 road=0.0046
[ROMA step 4,002,152,448] sps=156,120,593  policy_loss=0.0046  value_loss=1.1692  mi_loss=0.0009  mi_valid=0.73  div_loss=-0.3320  kl_loss=0.0000 (disabled)  score=0.960  return=0.576  role_std=5.4707  role_norm=15.8495  enc_delta ego=0.0027 partner=0.0024 road=0.0046
[ROMA step 4,002,938,880] sps=112,499,975  policy_loss=-0.0018  value_loss=1.7519  mi_loss=0.0009  mi_valid=0.74  div_loss=-0.3398  kl_loss=0.0000 (disabled)  score=0.948  return=0.456  role_std=6.0241  role_norm=15.9551  enc_delta ego=0.0019 partner=0.0019 road=0.0036
[ROMA step 4,003,725,312] sps=55,316,313  policy_loss=0.0115  value_loss=2.6363  mi_loss=0.0010  mi_valid=0.73  div_loss=-0.3652  kl_loss=0.0000 (disabled)  score=0.938  return=0.367  role_std=5.9769  role_norm=15.8745  enc_delta ego=0.0016 partner=0.0020 road=0.0029
[ROMA step 4,004,511,744] sps=48,338,973  policy_loss=0.0091  value_loss=3.1996  mi_loss=0.0010  mi_valid=0.75  div_loss=-0.3809  kl_loss=0.0000 (disabled)  score=0.927  return=0.262  role_std=4.9861  role_norm=15.8437  enc_delta ego=0.0018 partner=0.0018 road=0.0029
[ROMA step 4,005,298,176] sps=42,828,951  policy_loss=0.0078  value_loss=3.5681  mi_loss=0.0010  mi_valid=0.78  div_loss=-0.3789  kl_loss=0.0000 (disabled)  score=0.919  return=0.206  role_std=6.7502  role_norm=17.7691  enc_delta ego=0.0017 partner=0.0020 road=0.0032
[ROMA step 4,006,084,608] sps=38,659,799  policy_loss=-0.0034  value_loss=4.0800  mi_loss=0.0010  mi_valid=0.77  div_loss=-0.3906  kl_loss=0.0000 (disabled)  score=0.907  return=0.126  role_std=7.8281  role_norm=18.4845  enc_delta ego=0.0014 partner=0.0019 road=0.0028
[ROMA step 4,006,871,040] sps=29,326,709  policy_loss=0.0044  value_loss=4.5736  mi_loss=0.0010  mi_valid=0.74  div_loss=-0.3789  kl_loss=0.0000 (disabled)  score=0.897  return=0.035  role_std=6.9130  role_norm=18.5264  enc_delta ego=0.0015 partner=0.0017 road=0.0026
[ROMA step 4,007,657,472] sps=27,332,578  policy_loss=0.0022  value_loss=3.5939  mi_loss=0.0009  mi_valid=0.76  div_loss=-0.3672  kl_loss=0.0000 (disabled)  score=0.890  return=-0.000  role_std=6.0645  role_norm=18.4592  enc_delta ego=0.0015 partner=0.0020 road=0.0024
[ROMA step 4,008,443,904] sps=25,573,489  policy_loss=0.0029  value_loss=4.0373  mi_loss=0.0010  mi_valid=0.75  div_loss=-0.3633  kl_loss=0.0000 (disabled)  score=0.885  return=-0.033  role_std=6.0036  role_norm=18.1106  enc_delta ego=0.0013 partner=0.0018 road=0.0023
[ROMA step 4,009,230,336] sps=21,472,364  policy_loss=0.0011  value_loss=2.6022  mi_loss=0.0010  mi_valid=0.75  div_loss=-0.3086  kl_loss=0.0000 (disabled)  score=0.883  return=-0.029  role_std=6.8329  role_norm=19.7481  enc_delta ego=0.0015 partner=0.0015 road=0.0022
[ROMA step 4,010,016,768] sps=20,391,007  policy_loss=0.0039  value_loss=4.0592  mi_loss=0.0010  mi_valid=0.76  div_loss=-0.3340  kl_loss=0.0000 (disabled)  score=0.878  return=-0.058  role_std=7.7174  role_norm=20.5981  enc_delta ego=0.0016 partner=0.0017 road=0.0025
[ROMA step 4,010,803,200] sps=19,412,479  policy_loss=-0.0023  value_loss=3.6492  mi_loss=0.0010  mi_valid=0.76  div_loss=-0.3262  kl_loss=0.0000 (disabled)  score=0.875  return=-0.086  role_std=6.8361  role_norm=20.7618  enc_delta ego=0.0013 partner=0.0018 road=0.0029
[ROMA step 4,011,589,632] sps=18,526,370  policy_loss=-0.0019  value_loss=3.9176  mi_loss=0.0010  mi_valid=0.76  div_loss=-0.3359  kl_loss=0.0000 (disabled)  score=0.873  return=-0.112  role_std=7.3463  role_norm=20.9719  enc_delta ego=0.0016 partner=0.0016 road=0.0021
[ROMA step 4,012,376,064] sps=16,163,646  policy_loss=0.0017  value_loss=4.2758  mi_loss=0.0011  mi_valid=0.74  div_loss=-0.3457  kl_loss=0.0000 (disabled)  score=0.870  return=-0.145  role_std=6.6302  role_norm=20.4593  enc_delta ego=0.0013 partner=0.0016 road=0.0023
[ROMA step 4,013,162,496] sps=15,509,357  policy_loss=-0.0013  value_loss=5.3149  mi_loss=0.0011  mi_valid=0.76  div_loss=-0.3770  kl_loss=0.0000 (disabled)  score=0.868  return=-0.187  role_std=6.0714  role_norm=20.3155  enc_delta ego=0.0015 partner=0.0018 road=0.0027
[ROMA step 4,013,948,928] sps=14,923,694  policy_loss=0.0069  value_loss=4.3370  mi_loss=0.0011  mi_valid=0.77  div_loss=-0.3555  kl_loss=0.0000 (disabled)  score=0.866  return=-0.204  role_std=7.8148  role_norm=21.8209  enc_delta ego=0.0016 partner=0.0019 road=0.0023
[ROMA step 4,014,735,360] sps=13,072,622  policy_loss=-0.0010  value_loss=4.2594  mi_loss=0.0011  mi_valid=0.74  div_loss=-0.3398  kl_loss=0.0000 (disabled)  score=0.864  return=-0.225  role_std=7.6875  role_norm=22.4344  enc_delta ego=0.0014 partner=0.0016 road=0.0023
[ROMA step 4,015,521,792] sps=12,668,717  policy_loss=0.0054  value_loss=3.9096  mi_loss=0.0011  mi_valid=0.76  div_loss=-0.3184  kl_loss=0.0000 (disabled)  score=0.862  return=-0.237  role_std=7.2954  role_norm=22.2692  enc_delta ego=0.0013 partner=0.0017 road=0.0024
[ROMA step 4,016,308,224] sps=12,287,475  policy_loss=-0.0022  value_loss=4.0830  mi_loss=0.0011  mi_valid=0.76  div_loss=-0.3301  kl_loss=0.0000 (disabled)  score=0.860  return=-0.247  role_std=7.2360  role_norm=21.9438  enc_delta ego=0.0013 partner=0.0014 road=0.0022
[ROMA step 4,017,094,656] sps=11,927,396  policy_loss=0.0053  value_loss=4.3632  mi_loss=0.0011  mi_valid=0.76  div_loss=-0.3320  kl_loss=0.0000 (disabled)  score=0.858  return=-0.261  role_std=6.6878  role_norm=21.7393  enc_delta ego=0.0014 partner=0.0017 road=0.0025
[ROMA step 4,017,881,088] sps=10,846,819  policy_loss=0.0099  value_loss=4.1106  mi_loss=0.0010  mi_valid=0.76  div_loss=-0.3125  kl_loss=0.0000 (disabled)  score=0.856  return=-0.270  role_std=7.4214  role_norm=23.2410  enc_delta ego=0.0011 partner=0.0014 road=0.0022
[ROMA step 4,018,667,520] sps=10,562,420  policy_loss=0.0024  value_loss=4.9616  mi_loss=0.0010  mi_valid=0.77  div_loss=-0.3301  kl_loss=0.0000 (disabled)  score=0.854  return=-0.282  role_std=8.5902  role_norm=23.5167  enc_delta ego=0.0015 partner=0.0015 road=0.0022
[ROMA step 4,019,453,952] sps=10,286,300  policy_loss=-0.0042  value_loss=4.0723  mi_loss=0.0010  mi_valid=0.77  div_loss=-0.3145  kl_loss=0.0000 (disabled)  score=0.852  return=-0.300  role_std=6.5321  role_norm=23.4795  enc_delta ego=0.0014 partner=0.0014 road=0.0019
[ROMA step 4,020,240,384] sps=9,444,051  policy_loss=0.0032  value_loss=3.7623  mi_loss=0.0011  mi_valid=0.75  div_loss=-0.3027  kl_loss=0.0000 (disabled)  score=0.850  return=-0.300  role_std=6.9334  role_norm=22.5922  enc_delta ego=0.0011 partner=0.0016 road=0.0022
[ROMA step 4,021,026,816] sps=9,230,308  policy_loss=-0.0060  value_loss=4.2846  mi_loss=0.0010  mi_valid=0.77  div_loss=-0.3203  kl_loss=0.0000 (disabled)  score=0.849  return=-0.310  role_std=6.5518  role_norm=22.5708  enc_delta ego=0.0013 partner=0.0016 road=0.0025
[ROMA step 4,021,813,248] sps=9,026,127  policy_loss=-0.0022  value_loss=4.1287  mi_loss=0.0010  mi_valid=0.79  div_loss=-0.3164  kl_loss=0.0000 (disabled)  score=0.847  return=-0.321  role_std=5.0313  role_norm=21.5866  enc_delta ego=0.0015 partner=0.0017 road=0.0024
[ROMA step 4,022,599,680] sps=8,829,119  policy_loss=-0.0009  value_loss=4.2472  mi_loss=0.0010  mi_valid=0.79  div_loss=-0.3105  kl_loss=0.0000 (disabled)  score=0.846  return=-0.325  role_std=7.7194  role_norm=24.1406  enc_delta ego=0.0015 partner=0.0016 road=0.0024
[ROMA step 4,023,386,112] sps=8,136,683  policy_loss=0.0014  value_loss=4.8575  mi_loss=0.0011  mi_valid=0.75  div_loss=-0.3242  kl_loss=0.0000 (disabled)  score=0.845  return=-0.335  role_std=8.6274  role_norm=24.0935  enc_delta ego=0.0015 partner=0.0016 road=0.0019
[ROMA step 4,024,172,544] sps=7,974,721  policy_loss=0.0034  value_loss=5.0261  mi_loss=0.0011  mi_valid=0.77  div_loss=-0.3438  kl_loss=0.0000 (disabled)  score=0.844  return=-0.349  role_std=8.1990  role_norm=23.7763  enc_delta ego=0.0016 partner=0.0019 road=0.0021
[ROMA step 4,024,958,976] sps=7,819,983  policy_loss=-0.0015  value_loss=4.7904  mi_loss=0.0011  mi_valid=0.78  div_loss=-0.3281  kl_loss=0.0000 (disabled)  score=0.843  return=-0.359  role_std=7.2704  role_norm=23.2133  enc_delta ego=0.0015 partner=0.0017 road=0.0020
[ROMA step 4,025,745,408] sps=7,275,007  policy_loss=0.0031  value_loss=4.3772  mi_loss=0.0011  mi_valid=0.77  div_loss=-0.3281  kl_loss=0.0000 (disabled)  score=0.842  return=-0.369  role_std=5.2698  role_norm=20.6765  enc_delta ego=0.0014 partner=0.0018 road=0.0021
[ROMA step 4,026,531,840] sps=7,147,031  policy_loss=0.0058  value_loss=4.7193  mi_loss=0.0011  mi_valid=0.80  div_loss=-0.3164  kl_loss=0.0000 (disabled)  score=0.841  return=-0.376  role_std=8.2656  role_norm=24.5713  enc_delta ego=0.0019 partner=0.0016 road=0.0027
[ROMA step 4,027,318,272] sps=7,024,181  policy_loss=-0.0006  value_loss=5.4810  mi_loss=0.0011  mi_valid=0.77  div_loss=-0.3301  kl_loss=0.0000 (disabled)  score=0.840  return=-0.390  role_std=7.9275  role_norm=24.9900  enc_delta ego=0.0016 partner=0.0015 road=0.0023
[ROMA step 4,028,104,704] sps=6,903,145  policy_loss=0.0017  value_loss=4.4835  mi_loss=0.0011  mi_valid=0.78  div_loss=-0.3086  kl_loss=0.0000 (disabled)  score=0.837  return=-0.405  role_std=7.8474  role_norm=24.7840  enc_delta ego=0.0015 partner=0.0017 road=0.0024
[ROMA step 4,028,891,136] sps=6,414,068  policy_loss=0.0006  value_loss=4.9980  mi_loss=0.0011  mi_valid=0.76  div_loss=-0.3281  kl_loss=0.0000 (disabled)  score=0.831  return=-0.448  role_std=6.9347  role_norm=23.5535  enc_delta ego=0.0017 partner=0.0015 road=0.0020
[ROMA step 4,029,677,568] sps=6,314,424  policy_loss=0.0019  value_loss=4.8042  mi_loss=0.0010  mi_valid=0.78  div_loss=-0.3223  kl_loss=0.0000 (disabled)  score=0.826  return=-0.488  role_std=5.4531  role_norm=23.0289  enc_delta ego=0.0017 partner=0.0019 road=0.0020
[ROMA step 4,030,464,000] sps=6,218,019  policy_loss=-0.0031  value_loss=3.8106  mi_loss=0.0011  mi_valid=0.80  div_loss=-0.3027  kl_loss=0.0000 (disabled)  score=0.823  return=-0.503  role_std=7.8537  role_norm=25.1917  enc_delta ego=0.0013 partner=0.0014 road=0.0023
[ROMA step 4,031,250,432] sps=6,124,539  policy_loss=-0.0024  value_loss=4.1489  mi_loss=0.0011  mi_valid=0.79  div_loss=-0.2930  kl_loss=0.0000 (disabled)  score=0.819  return=-0.518  role_std=7.9808  role_norm=25.4236  enc_delta ego=0.0016 partner=0.0014 road=0.0020
[ROMA step 4,032,036,864] sps=5,806,886  policy_loss=-0.0006  value_loss=4.0447  mi_loss=0.0011  mi_valid=0.76  div_loss=-0.2930  kl_loss=0.0000 (disabled)  score=0.816  return=-0.530  role_std=8.0644  role_norm=25.1350  enc_delta ego=0.0012 partner=0.0013 road=0.0019
[ROMA step 4,032,823,296] sps=5,726,131  policy_loss=-0.0029  value_loss=3.5364  mi_loss=0.0012  mi_valid=0.78  div_loss=-0.2949  kl_loss=0.0000 (disabled)  score=0.813  return=-0.539  role_std=6.7904  role_norm=24.6411  enc_delta ego=0.0017 partner=0.0013 road=0.0022
[ROMA step 4,033,609,728] sps=5,646,821  policy_loss=0.0089  value_loss=3.7847  mi_loss=0.0011  mi_valid=0.78  div_loss=-0.2891  kl_loss=0.0000 (disabled)  score=0.812  return=-0.540  role_std=6.1111  role_norm=24.3715  enc_delta ego=0.0011 partner=0.0013 road=0.0020
[ROMA step 4,034,396,160] sps=5,250,192  policy_loss=-0.0041  value_loss=2.7464  mi_loss=0.0011  mi_valid=0.78  div_loss=-0.2637  kl_loss=0.0000 (disabled)  score=0.811  return=-0.535  role_std=6.9987  role_norm=25.8196  enc_delta ego=0.0012 partner=0.0010 road=0.0018
[ROMA step 4,035,182,592] sps=5,183,183  policy_loss=0.0003  value_loss=4.0132  mi_loss=0.0011  mi_valid=0.79  div_loss=-0.2832  kl_loss=0.0000 (disabled)  score=0.810  return=-0.530  role_std=7.0490  role_norm=26.0216  enc_delta ego=0.0012 partner=0.0015 road=0.0017
[ROMA step 4,035,969,024] sps=5,104,102  policy_loss=0.0014  value_loss=3.4350  mi_loss=0.0011  mi_valid=0.78  div_loss=-0.2676  kl_loss=0.0000 (disabled)  score=0.809  return=-0.525  role_std=7.6721  role_norm=25.6378  enc_delta ego=0.0015 partner=0.0014 road=0.0024
[ROMA step 4,036,755,456] sps=5,031,342  policy_loss=0.0028  value_loss=2.9847  mi_loss=0.0011  mi_valid=0.78  div_loss=-0.2715  kl_loss=0.0000 (disabled)  score=0.807  return=-0.520  role_std=6.5518  role_norm=25.4118  enc_delta ego=0.0015 partner=0.0014 road=0.0021
[ROMA step 4,037,541,888] sps=4,806,798  policy_loss=-0.0025  value_loss=3.4174  mi_loss=0.0011  mi_valid=0.76  div_loss=-0.2871  kl_loss=0.0000 (disabled)  score=0.806  return=-0.524  role_std=6.1494  role_norm=24.5266  enc_delta ego=0.0010 partner=0.0014 road=0.0020
[ROMA step 4,038,328,320] sps=4,751,360  policy_loss=-0.0035  value_loss=3.5868  mi_loss=0.0010  mi_valid=0.79  div_loss=-0.2891  kl_loss=0.0000 (disabled)  score=0.804  return=-0.521  role_std=5.8325  role_norm=23.9100  enc_delta ego=0.0013 partner=0.0015 road=0.0025
[ROMA step 4,039,114,752] sps=4,696,898  policy_loss=0.0025  value_loss=2.5739  mi_loss=0.0011  mi_valid=0.80  div_loss=-0.2676  kl_loss=0.0000 (disabled)  score=0.803  return=-0.519  role_std=6.6128  role_norm=26.2192  enc_delta ego=0.0010 partner=0.0015 road=0.0021
[ROMA step 4,039,901,184] sps=4,505,013  policy_loss=0.0002  value_loss=3.2187  mi_loss=0.0011  mi_valid=0.77  div_loss=-0.2754  kl_loss=0.0000 (disabled)  score=0.802  return=-0.507  role_std=7.4752  role_norm=26.4473  enc_delta ego=0.0014 partner=0.0014 road=0.0024
[ROMA step 4,040,687,616] sps=4,455,856  policy_loss=0.0064  value_loss=3.8918  mi_loss=0.0011  mi_valid=0.79  div_loss=-0.2930  kl_loss=0.0000 (disabled)  score=0.800  return=-0.503  role_std=7.7909  role_norm=25.5561  enc_delta ego=0.0015 partner=0.0018 road=0.0031
[ROMA step 4,041,474,048] sps=4,407,706  policy_loss=-0.0029  value_loss=3.5754  mi_loss=0.0011  mi_valid=0.79  div_loss=-0.3027  kl_loss=0.0000 (disabled)  score=0.798  return=-0.499  role_std=7.4935  role_norm=25.4477  enc_delta ego=0.0015 partner=0.0017 road=0.0026
[ROMA step 4,042,260,480] sps=4,360,571  policy_loss=-0.0043  value_loss=3.2648  mi_loss=0.0011  mi_valid=0.79  div_loss=-0.2930  kl_loss=0.0000 (disabled)  score=0.796  return=-0.494  role_std=6.7796  role_norm=24.8412  enc_delta ego=0.0012 partner=0.0012 road=0.0022
[ROMA step 4,043,046,912] sps=4,142,605  policy_loss=0.0011  value_loss=4.9729  mi_loss=0.0011  mi_valid=0.78  div_loss=-0.3145  kl_loss=0.0000 (disabled)  score=0.795  return=-0.501  role_std=8.4687  role_norm=26.8939  enc_delta ego=0.0012 partner=0.0013 road=0.0020
[ROMA step 4,043,833,344] sps=4,101,073  policy_loss=0.0018  value_loss=5.0928  mi_loss=0.0011  mi_valid=0.79  div_loss=-0.3262  kl_loss=0.0000 (disabled)  score=0.792  return=-0.514  role_std=9.3259  role_norm=26.7315  enc_delta ego=0.0013 partner=0.0014 road=0.0024
[ROMA step 4,044,619,776] sps=4,060,369  policy_loss=0.0030  value_loss=4.6337  mi_loss=0.0011  mi_valid=0.78  div_loss=-0.3184  kl_loss=0.0000 (disabled)  score=0.791  return=-0.518  role_std=9.3811  role_norm=26.7919  enc_delta ego=0.0014 partner=0.0014 road=0.0022
[ROMA step 4,045,406,208] sps=3,928,521  policy_loss=0.0029  value_loss=4.8736  mi_loss=0.0012  mi_valid=0.76  div_loss=-0.3223  kl_loss=0.0000 (disabled)  score=0.789  return=-0.530  role_std=6.9331  role_norm=26.0725  enc_delta ego=0.0017 partner=0.0015 road=0.0026
[ROMA step 4,046,192,640] sps=3,891,221  policy_loss=0.0052  value_loss=3.2468  mi_loss=0.0011  mi_valid=0.79  div_loss=-0.2773  kl_loss=0.0000 (disabled)  score=0.788  return=-0.529  role_std=7.2854  role_norm=25.6885  enc_delta ego=0.0016 partner=0.0017 road=0.0026
[ROMA step 4,046,979,072] sps=3,855,435  policy_loss=0.0075  value_loss=3.5785  mi_loss=0.0011  mi_valid=0.80  div_loss=-0.2852  kl_loss=0.0000 (disabled)  score=0.787  return=-0.526  role_std=5.7246  role_norm=25.1432  enc_delta ego=0.0015 partner=0.0017 road=0.0023
[ROMA step 4,047,765,504] sps=3,819,434  policy_loss=-0.0007  value_loss=3.3240  mi_loss=0.0011  mi_valid=0.80  div_loss=-0.2715  kl_loss=0.0000 (disabled)  score=0.786  return=-0.530  role_std=7.0892  role_norm=27.9417  enc_delta ego=0.0012 partner=0.0016 road=0.0022
[ROMA step 4,048,551,936] sps=3,694,492  policy_loss=0.0041  value_loss=4.8132  mi_loss=0.0012  mi_valid=0.77  div_loss=-0.2852  kl_loss=0.0000 (disabled)  score=0.785  return=-0.533  role_std=9.4397  role_norm=27.7603  enc_delta ego=0.0012 partner=0.0014 road=0.0021
[ROMA step 4,049,338,368] sps=3,662,087  policy_loss=-0.0033  value_loss=3.8826  mi_loss=0.0012  mi_valid=0.79  div_loss=-0.2812  kl_loss=0.0000 (disabled)  score=0.783  return=-0.534  role_std=7.2059  role_norm=27.4416  enc_delta ego=0.0016 partner=0.0016 road=0.0026
[ROMA step 4,050,124,800] sps=3,630,397  policy_loss=0.0039  value_loss=4.1438  mi_loss=0.0011  mi_valid=0.80  div_loss=-0.2773  kl_loss=0.0000 (disabled)  score=0.781  return=-0.538  role_std=6.4210  role_norm=26.7581  enc_delta ego=0.0013 partner=0.0012 road=0.0019
[ROMA step 4,050,911,232] sps=3,498,251  policy_loss=0.0064  value_loss=3.2176  mi_loss=0.0011  mi_valid=0.78  div_loss=-0.2559  kl_loss=0.0000 (disabled)  score=0.778  return=-0.531  role_std=4.7978  role_norm=25.1892  enc_delta ego=0.0012 partner=0.0017 road=0.0021
[ROMA step 4,051,697,664] sps=3,469,001  policy_loss=0.0034  value_loss=3.4532  mi_loss=0.0012  mi_valid=0.82  div_loss=-0.2598  kl_loss=0.0000 (disabled)  score=0.776  return=-0.528  role_std=7.3682  role_norm=28.1474  enc_delta ego=0.0013 partner=0.0012 road=0.0018
[ROMA step 4,052,484,096] sps=3,439,855  policy_loss=0.0022  value_loss=3.2778  mi_loss=0.0012  mi_valid=0.79  div_loss=-0.2520  kl_loss=0.0000 (disabled)  score=0.774  return=-0.517  role_std=7.7747  role_norm=27.6429  enc_delta ego=0.0012 partner=0.0014 road=0.0022
[ROMA step 4,053,270,528] sps=3,411,554  policy_loss=-0.0042  value_loss=2.5038  mi_loss=0.0013  mi_valid=0.79  div_loss=-0.2412  kl_loss=0.0000 (disabled)  score=0.771  return=-0.505  role_std=6.8348  role_norm=27.5439  enc_delta ego=0.0013 partner=0.0016 road=0.0019
[ROMA step 4,054,056,960] sps=3,301,666  policy_loss=0.0030  value_loss=2.9566  mi_loss=0.0013  mi_valid=0.76  div_loss=-0.2490  kl_loss=0.0000 (disabled)  score=0.769  return=-0.495  role_std=6.8558  role_norm=26.6710  enc_delta ego=0.0020 partner=0.0015 road=0.0020
[ROMA step 4,054,843,392] sps=3,275,619  policy_loss=0.0050  value_loss=3.6892  mi_loss=0.0012  mi_valid=0.79  div_loss=-0.2812  kl_loss=0.0000 (disabled)  score=0.767  return=-0.492  role_std=5.8724  role_norm=26.4088  enc_delta ego=0.0016 partner=0.0016 road=0.0021
[ROMA step 4,055,629,824] sps=3,250,084  policy_loss=-0.0029  value_loss=3.2082  mi_loss=0.0012  mi_valid=0.81  div_loss=-0.2715  kl_loss=0.0000 (disabled)  score=0.766  return=-0.487  role_std=8.6650  role_norm=27.8121  enc_delta ego=0.0013 partner=0.0014 road=0.0023
[ROMA step 4,056,416,256] sps=3,225,041  policy_loss=0.0058  value_loss=3.6792  mi_loss=0.0012  mi_valid=0.81  div_loss=-0.2812  kl_loss=0.0000 (disabled)  score=0.765  return=-0.487  role_std=8.4540  role_norm=27.5495  enc_delta ego=0.0011 partner=0.0014 road=0.0021
[ROMA step 4,057,202,688] sps=3,103,641  policy_loss=0.0070  value_loss=3.7840  mi_loss=0.0012  mi_valid=0.77  div_loss=-0.2637  kl_loss=0.0000 (disabled)  score=0.764  return=-0.475  role_std=6.9770  role_norm=27.3358  enc_delta ego=0.0011 partner=0.0014 road=0.0021
[ROMA step 4,057,989,120] sps=3,080,343  policy_loss=0.0067  value_loss=2.5908  mi_loss=0.0012  mi_valid=0.79  div_loss=-0.2432  kl_loss=0.0000 (disabled)  score=0.762  return=-0.467  role_std=7.2086  role_norm=27.3161  enc_delta ego=0.0010 partner=0.0015 road=0.0022
[ROMA step 4,058,775,552] sps=3,057,313  policy_loss=0.0045  value_loss=3.4494  mi_loss=0.0012  mi_valid=0.79  div_loss=-0.2656  kl_loss=0.0000 (disabled)  score=0.760  return=-0.472  role_std=6.3564  role_norm=27.0612  enc_delta ego=0.0011 partner=0.0012 road=0.0018
[ROMA step 4,059,561,984] sps=2,986,545  policy_loss=0.0006  value_loss=3.5883  mi_loss=0.0012  mi_valid=0.79  div_loss=-0.2832  kl_loss=0.0000 (disabled)  score=0.758  return=-0.476  role_std=8.6994  role_norm=28.5254  enc_delta ego=0.0013 partner=0.0014 road=0.0018
[ROMA step 4,060,348,416] sps=2,965,186  policy_loss=0.0079  value_loss=3.5874  mi_loss=0.0012  mi_valid=0.81  div_loss=-0.2754  kl_loss=0.0000 (disabled)  score=0.757  return=-0.478  role_std=8.5892  role_norm=28.4013  enc_delta ego=0.0015 partner=0.0015 road=0.0022
[ROMA step 4,061,134,848] sps=2,944,288  policy_loss=0.0054  value_loss=3.4396  mi_loss=0.0012  mi_valid=0.79  div_loss=-0.2695  kl_loss=0.0000 (disabled)  score=0.755  return=-0.483  role_std=7.1294  role_norm=27.9367  enc_delta ego=0.0012 partner=0.0016 road=0.0023
[ROMA step 4,061,921,280] sps=2,923,631  policy_loss=0.0066  value_loss=3.6047  mi_loss=0.0012  mi_valid=0.79  div_loss=-0.2754  kl_loss=0.0000 (disabled)  score=0.753  return=-0.485  role_std=7.1289  role_norm=27.5759  enc_delta ego=0.0014 partner=0.0014 road=0.0022
[ROMA step 4,062,707,712] sps=2,856,255  policy_loss=-0.0011  value_loss=2.7307  mi_loss=0.0013  mi_valid=0.77  div_loss=-0.2471  kl_loss=0.0000 (disabled)  score=0.752  return=-0.489  role_std=6.5285  role_norm=26.9129  enc_delta ego=0.0019 partner=0.0015 road=0.0026
[ROMA step 4,063,494,144] sps=2,836,427  policy_loss=0.0007  value_loss=2.5348  mi_loss=0.0012  mi_valid=0.79  div_loss=-0.2520  kl_loss=0.0000 (disabled)  score=0.750  return=-0.493  role_std=5.5093  role_norm=26.7773  enc_delta ego=0.0015 partner=0.0015 road=0.0028
[ROMA step 4,064,280,576] sps=2,816,565  policy_loss=0.0096  value_loss=2.3947  mi_loss=0.0013  mi_valid=0.81  div_loss=-0.2334  kl_loss=0.0000 (disabled)  score=0.749  return=-0.491  role_std=7.3492  role_norm=28.7268  enc_delta ego=0.0014 partner=0.0013 road=0.0023
[ROMA step 4,065,067,008] sps=2,734,431  policy_loss=0.0014  value_loss=3.1089  mi_loss=0.0013  mi_valid=0.78  div_loss=-0.2490  kl_loss=0.0000 (disabled)  score=0.747  return=-0.497  role_std=7.2433  role_norm=28.5598  enc_delta ego=0.0013 partner=0.0014 road=0.0027
[ROMA step 4,065,853,440] sps=2,716,488  policy_loss=-0.0028  value_loss=2.5104  mi_loss=0.0012  mi_valid=0.80  div_loss=-0.2363  kl_loss=0.0000 (disabled)  score=0.746  return=-0.490  role_std=7.2352  role_norm=28.0828  enc_delta ego=0.0016 partner=0.0015 road=0.0024
[ROMA step 4,066,639,872] sps=2,698,883  policy_loss=-0.0032  value_loss=3.0113  mi_loss=0.0012  mi_valid=0.80  div_loss=-0.2500  kl_loss=0.0000 (disabled)  score=0.744  return=-0.486  role_std=7.5635  role_norm=27.5625  enc_delta ego=0.0016 partner=0.0016 road=0.0026
[ROMA step 4,067,426,304] sps=2,681,060  policy_loss=0.0078  value_loss=2.4455  mi_loss=0.0012  mi_valid=0.80  div_loss=-0.2422  kl_loss=0.0000 (disabled)  score=0.742  return=-0.491  role_std=5.6191  role_norm=26.5493  enc_delta ego=0.0016 partner=0.0014 road=0.0018
[ROMA step 4,068,212,736] sps=2,608,126  policy_loss=0.0025  value_loss=2.1200  mi_loss=0.0012  mi_valid=0.79  div_loss=-0.2285  kl_loss=0.0000 (disabled)  score=0.741  return=-0.480  role_std=8.1133  role_norm=28.1819  enc_delta ego=0.0015 partner=0.0012 road=0.0027
[ROMA step 4,068,999,168] sps=2,591,289  policy_loss=-0.0000  value_loss=2.5799  mi_loss=0.0012  mi_valid=0.80  div_loss=-0.2383  kl_loss=0.0000 (disabled)  score=0.741  return=-0.468  role_std=7.5525  role_norm=28.0460  enc_delta ego=0.0012 partner=0.0014 road=0.0023
[ROMA step 4,069,785,600] sps=2,575,309  policy_loss=-0.0009  value_loss=2.3076  mi_loss=0.0012  mi_valid=0.79  div_loss=-0.2324  kl_loss=0.0000 (disabled)  score=0.741  return=-0.452  role_std=6.4546  role_norm=27.8404  enc_delta ego=0.0016 partner=0.0014 road=0.0026
[ROMA step 4,070,572,032] sps=2,512,662  policy_loss=0.0058  value_loss=1.9669  mi_loss=0.0012  mi_valid=0.76  div_loss=-0.2363  kl_loss=0.0000 (disabled)  score=0.740  return=-0.439  role_std=6.1036  role_norm=27.3387  enc_delta ego=0.0011 partner=0.0015 road=0.0022
[ROMA step 4,071,358,464] sps=2,497,739  policy_loss=-0.0036  value_loss=2.3906  mi_loss=0.0012  mi_valid=0.79  div_loss=-0.2422  kl_loss=0.0000 (disabled)  score=0.741  return=-0.416  role_std=5.7364  role_norm=26.9962  enc_delta ego=0.0013 partner=0.0015 road=0.0025
[ROMA step 4,072,144,896] sps=2,482,806  policy_loss=0.0020  value_loss=2.2877  mi_loss=0.0012  mi_valid=0.79  div_loss=-0.2344  kl_loss=0.0000 (disabled)  score=0.741  return=-0.399  role_std=5.6183  role_norm=26.6488  enc_delta ego=0.0012 partner=0.0013 road=0.0022
[ROMA step 4,072,931,328] sps=2,468,229  policy_loss=0.0017  value_loss=2.4013  mi_loss=0.0012  mi_valid=0.81  div_loss=-0.2393  kl_loss=0.0000 (disabled)  score=0.741  return=-0.382  role_std=7.7971  role_norm=28.9744  enc_delta ego=0.0012 partner=0.0015 road=0.0023
[ROMA step 4,073,717,760] sps=2,408,142  policy_loss=0.0080  value_loss=2.9424  mi_loss=0.0012  mi_valid=0.77  div_loss=-0.2520  kl_loss=0.0000 (disabled)  score=0.741  return=-0.369  role_std=6.9410  role_norm=29.1602  enc_delta ego=0.0011 partner=0.0015 road=0.0022
[ROMA step 4,074,504,192] sps=2,393,831  policy_loss=-0.0023  value_loss=3.2050  mi_loss=0.0011  mi_valid=0.79  div_loss=-0.2656  kl_loss=0.0000 (disabled)  score=0.740  return=-0.360  role_std=7.3286  role_norm=28.7609  enc_delta ego=0.0015 partner=0.0015 road=0.0023
[ROMA step 4,075,290,624] sps=2,379,654  policy_loss=0.0003  value_loss=2.9643  mi_loss=0.0011  mi_valid=0.79  div_loss=-0.2754  kl_loss=0.0000 (disabled)  score=0.739  return=-0.356  role_std=7.0237  role_norm=27.5821  enc_delta ego=0.0016 partner=0.0013 road=0.0023
[ROMA step 4,076,077,056] sps=2,327,250  policy_loss=-0.0002  value_loss=2.1906  mi_loss=0.0011  mi_valid=0.77  div_loss=-0.2598  kl_loss=0.0000 (disabled)  score=0.739  return=-0.343  role_std=6.5889  role_norm=25.1972  enc_delta ego=0.0010 partner=0.0014 road=0.0023
[ROMA step 4,076,863,488] sps=2,313,964  policy_loss=0.0064  value_loss=3.0196  mi_loss=0.0012  mi_valid=0.82  div_loss=-0.2754  kl_loss=0.0000 (disabled)  score=0.739  return=-0.330  role_std=8.1826  role_norm=28.5689  enc_delta ego=0.0013 partner=0.0014 road=0.0024
[ROMA step 4,077,649,920] sps=2,301,074  policy_loss=-0.0011  value_loss=3.0915  mi_loss=0.0012  mi_valid=0.79  div_loss=-0.2656  kl_loss=0.0000 (disabled)  score=0.739  return=-0.323  role_std=7.7834  role_norm=28.2325  enc_delta ego=0.0017 partner=0.0014 road=0.0022
[ROMA step 4,078,436,352] sps=2,288,357  policy_loss=0.0076  value_loss=2.8661  mi_loss=0.0013  mi_valid=0.79  div_loss=-0.2598  kl_loss=0.0000 (disabled)  score=0.739  return=-0.315  role_std=7.3338  role_norm=28.2244  enc_delta ego=0.0016 partner=0.0014 road=0.0023
[ROMA step 4,079,222,784] sps=2,233,779  policy_loss=-0.0038  value_loss=2.8893  mi_loss=0.0013  mi_valid=0.77  div_loss=-0.2598  kl_loss=0.0000 (disabled)  score=0.740  return=-0.310  role_std=7.8919  role_norm=27.1988  enc_delta ego=0.0010 partner=0.0013 road=0.0018
[ROMA step 4,080,009,216] sps=2,221,818  policy_loss=-0.0049  value_loss=2.8665  mi_loss=0.0013  mi_valid=0.79  div_loss=-0.2617  kl_loss=0.0000 (disabled)  score=0.740  return=-0.308  role_std=6.7226  role_norm=26.7400  enc_delta ego=0.0011 partner=0.0014 road=0.0020
[ROMA step 4,080,795,648] sps=2,209,968  policy_loss=-0.0008  value_loss=2.9513  mi_loss=0.0013  mi_valid=0.81  div_loss=-0.2578  kl_loss=0.0000 (disabled)  score=0.740  return=-0.308  role_std=6.1480  role_norm=25.6177  enc_delta ego=0.0023 partner=0.0015 road=0.0023
[ROMA step 4,081,582,080] sps=2,198,308  policy_loss=0.0030  value_loss=2.9791  mi_loss=0.0013  mi_valid=0.81  div_loss=-0.2676  kl_loss=0.0000 (disabled)  score=0.740  return=-0.310  role_std=8.4824  role_norm=28.9714  enc_delta ego=0.0009 partner=0.0013 road=0.0019
[ROMA step 4,082,368,512] sps=2,143,187  policy_loss=0.0014  value_loss=2.8351  mi_loss=0.0012  mi_valid=0.77  div_loss=-0.2324  kl_loss=0.0000 (disabled)  score=0.740  return=-0.306  role_std=6.7324  role_norm=28.8014  enc_delta ego=0.0010 partner=0.0013 road=0.0024
[ROMA step 4,083,154,944] sps=2,132,412  policy_loss=0.0009  value_loss=2.1097  mi_loss=0.0012  mi_valid=0.79  div_loss=-0.2246  kl_loss=0.0000 (disabled)  score=0.740  return=-0.287  role_std=5.7069  role_norm=28.1541  enc_delta ego=0.0012 partner=0.0015 road=0.0028
[ROMA step 4,083,941,376] sps=2,121,733  policy_loss=-0.0043  value_loss=2.0397  mi_loss=0.0012  mi_valid=0.79  div_loss=-0.2207  kl_loss=0.0000 (disabled)  score=0.740  return=-0.272  role_std=5.7856  role_norm=27.8385  enc_delta ego=0.0011 partner=0.0012 road=0.0021
[ROMA step 4,084,727,808] sps=2,073,238  policy_loss=0.0012  value_loss=2.0505  mi_loss=0.0012  mi_valid=0.78  div_loss=-0.2275  kl_loss=0.0000 (disabled)  score=0.740  return=-0.261  role_std=5.1746  role_norm=25.5830  enc_delta ego=0.0011 partner=0.0013 road=0.0023
[ROMA step 4,085,514,240] sps=2,062,996  policy_loss=-0.0030  value_loss=2.0352  mi_loss=0.0013  mi_valid=0.81  div_loss=-0.2256  kl_loss=0.0000 (disabled)  score=0.740  return=-0.254  role_std=7.1377  role_norm=28.7034  enc_delta ego=0.0016 partner=0.0013 road=0.0025
[ROMA step 4,086,300,672] sps=2,052,642  policy_loss=0.0001  value_loss=2.6472  mi_loss=0.0013  mi_valid=0.79  div_loss=-0.2275  kl_loss=0.0000 (disabled)  score=0.741  return=-0.245  role_std=6.8566  role_norm=28.4600  enc_delta ego=0.0015 partner=0.0013 road=0.0022
[ROMA step 4,087,087,104] sps=2,041,954  policy_loss=-0.0101  value_loss=2.7712  mi_loss=0.0013  mi_valid=0.79  div_loss=-0.2490  kl_loss=0.0000 (disabled)  score=0.742  return=-0.235  role_std=6.4314  role_norm=28.2285  enc_delta ego=0.0013 partner=0.0011 road=0.0018
[ROMA step 4,087,873,536] sps=2,002,467  policy_loss=-0.0002  value_loss=2.9416  mi_loss=0.0014  mi_valid=0.77  div_loss=-0.2637  kl_loss=0.0000 (disabled)  score=0.742  return=-0.223  role_std=7.0414  role_norm=27.3190  enc_delta ego=0.0014 partner=0.0016 road=0.0025
[ROMA step 4,088,659,968] sps=1,992,975  policy_loss=0.0056  value_loss=2.9173  mi_loss=0.0013  mi_valid=0.80  div_loss=-0.2734  kl_loss=0.0000 (disabled)  score=0.742  return=-0.221  role_std=6.5221  role_norm=26.3694  enc_delta ego=0.0014 partner=0.0013 road=0.0022
[ROMA step 4,089,446,400] sps=1,983,635  policy_loss=-0.0018  value_loss=2.6046  mi_loss=0.0013  mi_valid=0.81  div_loss=-0.2676  kl_loss=0.0000 (disabled)  score=0.742  return=-0.220  role_std=7.4698  role_norm=28.3260  enc_delta ego=0.0014 partner=0.0015 road=0.0023
[ROMA step 4,090,232,832] sps=1,942,880  policy_loss=-0.0046  value_loss=4.1178  mi_loss=0.0013  mi_valid=0.79  div_loss=-0.2812  kl_loss=0.0000 (disabled)  score=0.742  return=-0.224  role_std=7.1131  role_norm=29.0928  enc_delta ego=0.0011 partner=0.0013 road=0.0020
[ROMA step 4,091,019,264] sps=1,934,002  policy_loss=0.0003  value_loss=3.2933  mi_loss=0.0012  mi_valid=0.79  div_loss=-0.2539  kl_loss=0.0000 (disabled)  score=0.742  return=-0.225  role_std=8.0300  role_norm=28.8231  enc_delta ego=0.0015 partner=0.0015 road=0.0020
[ROMA step 4,091,805,696] sps=1,925,253  policy_loss=-0.0007  value_loss=3.2793  mi_loss=0.0012  mi_valid=0.79  div_loss=-0.2637  kl_loss=0.0000 (disabled)  score=0.741  return=-0.233  role_std=6.4933  role_norm=28.4682  enc_delta ego=0.0009 partner=0.0015 road=0.0018
[ROMA step 4,092,592,128] sps=1,916,655  policy_loss=0.0052  value_loss=2.7934  mi_loss=0.0012  mi_valid=0.79  div_loss=-0.2412  kl_loss=0.0000 (disabled)  score=0.741  return=-0.231  role_std=6.1540  role_norm=28.0204  enc_delta ego=0.0008 partner=0.0014 road=0.0017
[ROMA step 4,093,378,560] sps=1,888,160  policy_loss=0.0052  value_loss=3.8448  mi_loss=0.0013  mi_valid=0.79  div_loss=-0.2617  kl_loss=0.0000 (disabled)  score=0.740  return=-0.236  role_std=8.6900  role_norm=29.4993  enc_delta ego=0.0011 partner=0.0011 road=0.0017
[ROMA step 4,094,164,992] sps=1,879,848  policy_loss=0.0035  value_loss=3.8688  mi_loss=0.0013  mi_valid=0.82  div_loss=-0.2617  kl_loss=0.0000 (disabled)  score=0.739  return=-0.247  role_std=7.9955  role_norm=29.4857  enc_delta ego=0.0015 partner=0.0011 road=0.0017
[ROMA step 4,094,951,424] sps=1,871,530  policy_loss=0.0005  value_loss=3.5908  mi_loss=0.0013  mi_valid=0.80  div_loss=-0.2598  kl_loss=0.0000 (disabled)  score=0.737  return=-0.250  role_std=8.6205  role_norm=29.1708  enc_delta ego=0.0013 partner=0.0011 road=0.0020
[ROMA step 4,095,737,856] sps=1,842,659  policy_loss=0.0020  value_loss=3.2531  mi_loss=0.0013  mi_valid=0.77  div_loss=-0.2695  kl_loss=0.0000 (disabled)  score=0.735  return=-0.264  role_std=7.5015  role_norm=28.4128  enc_delta ego=0.0010 partner=0.0011 road=0.0017
[ROMA step 4,096,524,288] sps=1,834,760  policy_loss=0.0016  value_loss=2.2851  mi_loss=0.0012  mi_valid=0.80  div_loss=-0.2383  kl_loss=0.0000 (disabled)  score=0.732  return=-0.268  role_std=6.8654  role_norm=27.9153  enc_delta ego=0.0012 partner=0.0013 road=0.0020
[ROMA step 4,097,310,720] sps=1,826,672  policy_loss=-0.0056  value_loss=2.5662  mi_loss=0.0012  mi_valid=0.80  div_loss=-0.2520  kl_loss=0.0000 (disabled)  score=0.730  return=-0.276  role_std=5.6489  role_norm=27.5448  enc_delta ego=0.0011 partner=0.0012 road=0.0022
[ROMA step 4,098,097,152] sps=1,818,762  policy_loss=-0.0016  value_loss=2.3503  mi_loss=0.0012  mi_valid=0.82  div_loss=-0.2393  kl_loss=0.0000 (disabled)  score=0.729  return=-0.280  role_std=6.5331  role_norm=29.6177  enc_delta ego=0.0012 partner=0.0012 road=0.0020
[ROMA step 4,098,883,584] sps=1,789,374  policy_loss=0.0013  value_loss=2.5890  mi_loss=0.0012  mi_valid=0.77  div_loss=-0.2324  kl_loss=0.0000 (disabled)  score=0.727  return=-0.281  role_std=6.6031  role_norm=29.0922  enc_delta ego=0.0013 partner=0.0011 road=0.0019
[ROMA step 4,099,670,016] sps=1,781,751  policy_loss=-0.0023  value_loss=2.1351  mi_loss=0.0012  mi_valid=0.79  div_loss=-0.2168  kl_loss=0.0000 (disabled)  score=0.726  return=-0.277  role_std=7.1909  role_norm=28.6869  enc_delta ego=0.0012 partner=0.0012 road=0.0019
[ROMA step 4,100,456,448] sps=1,774,292  policy_loss=-0.0005  value_loss=1.9395  mi_loss=0.0012  mi_valid=0.79  div_loss=-0.2246  kl_loss=0.0000 (disabled)  score=0.725  return=-0.275  role_std=6.6306  role_norm=28.1362  enc_delta ego=0.0013 partner=0.0014 road=0.0019
[ROMA step 4,101,242,880] sps=1,749,788  policy_loss=-0.0034  value_loss=2.0398  mi_loss=0.0012  mi_valid=0.76  div_loss=-0.2178  kl_loss=0.0000 (disabled)  score=0.726  return=-0.269  role_std=5.1625  role_norm=26.8256  enc_delta ego=0.0009 partner=0.0011 road=0.0017
[ROMA step 4,102,029,312] sps=1,742,523  policy_loss=0.0046  value_loss=2.1290  mi_loss=0.0012  mi_valid=0.81  div_loss=-0.2236  kl_loss=0.0000 (disabled)  score=0.725  return=-0.265  role_std=7.8977  role_norm=29.3544  enc_delta ego=0.0012 partner=0.0015 road=0.0017
[ROMA step 4,102,815,744] sps=1,735,433  policy_loss=0.0061  value_loss=2.7715  mi_loss=0.0012  mi_valid=0.80  div_loss=-0.2363  kl_loss=0.0000 (disabled)  score=0.724  return=-0.265  role_std=6.6933  role_norm=29.3912  enc_delta ego=0.0012 partner=0.0014 road=0.0018
[ROMA step 4,103,602,176] sps=1,728,262  policy_loss=0.0040  value_loss=2.6310  mi_loss=0.0012  mi_valid=0.79  div_loss=-0.2275  kl_loss=0.0000 (disabled)  score=0.723  return=-0.258  role_std=6.6958  role_norm=29.1737  enc_delta ego=0.0007 partner=0.0012 road=0.0015
[ROMA step 4,104,388,608] sps=1,701,161  policy_loss=-0.0030  value_loss=2.5234  mi_loss=0.0013  mi_valid=0.77  div_loss=-0.2402  kl_loss=0.0000 (disabled)  score=0.722  return=-0.259  role_std=6.5859  role_norm=28.4844  enc_delta ego=0.0009 partner=0.0011 road=0.0016
[ROMA step 4,105,175,040] sps=1,694,160  policy_loss=0.0042  value_loss=2.3727  mi_loss=0.0013  mi_valid=0.79  div_loss=-0.2334  kl_loss=0.0000 (disabled)  score=0.722  return=-0.257  role_std=6.8551  role_norm=27.9558  enc_delta ego=0.0013 partner=0.0017 road=0.0021
[ROMA step 4,105,961,472] sps=1,687,324  policy_loss=-0.0015  value_loss=3.1184  mi_loss=0.0012  mi_valid=0.80  div_loss=-0.2578  kl_loss=0.0000 (disabled)  score=0.721  return=-0.263  role_std=5.7287  role_norm=27.1932  enc_delta ego=0.0010 partner=0.0012 road=0.0019
[ROMA step 4,106,747,904] sps=1,680,604  policy_loss=0.0062  value_loss=3.4362  mi_loss=0.0013  mi_valid=0.81  div_loss=-0.2695  kl_loss=0.0000 (disabled)  score=0.720  return=-0.268  role_std=8.0439  role_norm=29.6406  enc_delta ego=0.0013 partner=0.0012 road=0.0023
[ROMA step 4,107,534,336] sps=1,659,731  policy_loss=-0.0011  value_loss=4.5761  mi_loss=0.0013  mi_valid=0.78  div_loss=-0.2871  kl_loss=0.0000 (disabled)  score=0.719  return=-0.281  role_std=8.3261  role_norm=29.6132  enc_delta ego=0.0012 partner=0.0013 road=0.0021
[ROMA step 4,108,320,768] sps=1,653,244  policy_loss=0.0018  value_loss=2.7337  mi_loss=0.0013  mi_valid=0.80  div_loss=-0.2656  kl_loss=0.0000 (disabled)  score=0.717  return=-0.288  role_std=7.8350  role_norm=28.7863  enc_delta ego=0.0015 partner=0.0015 road=0.0024
[ROMA step 4,109,107,200] sps=1,646,434  policy_loss=0.0026  value_loss=3.2656  mi_loss=0.0013  mi_valid=0.80  div_loss=-0.2734  kl_loss=0.0000 (disabled)  score=0.716  return=-0.294  role_std=7.0926  role_norm=27.9229  enc_delta ego=0.0011 partner=0.0013 road=0.0019
[ROMA step 4,109,893,632] sps=1,616,693  policy_loss=-0.0009  value_loss=3.1100  mi_loss=0.0012  mi_valid=0.78  div_loss=-0.2637  kl_loss=0.0000 (disabled)  score=0.714  return=-0.299  role_std=6.0520  role_norm=26.2616  enc_delta ego=0.0011 partner=0.0014 road=0.0020
[ROMA step 4,110,680,064] sps=1,610,533  policy_loss=-0.0074  value_loss=2.5942  mi_loss=0.0012  mi_valid=0.82  div_loss=-0.2393  kl_loss=0.0000 (disabled)  score=0.713  return=-0.302  role_std=6.7566  role_norm=29.5216  enc_delta ego=0.0011 partner=0.0012 road=0.0020
[ROMA step 4,111,466,496] sps=1,603,244  policy_loss=0.0043  value_loss=2.2445  mi_loss=0.0012  mi_valid=0.80  div_loss=-0.2256  kl_loss=0.0000 (disabled)  score=0.713  return=-0.300  role_std=7.4733  role_norm=29.6056  enc_delta ego=0.0012 partner=0.0013 road=0.0022
[ROMA step 4,112,252,928] sps=1,597,203  policy_loss=0.0027  value_loss=2.3613  mi_loss=0.0012  mi_valid=0.79  div_loss=-0.2363  kl_loss=0.0000 (disabled)  score=0.712  return=-0.297  role_std=6.6926  role_norm=29.5595  enc_delta ego=0.0011 partner=0.0012 road=0.0022
[ROMA step 4,113,039,360] sps=1,571,896  policy_loss=-0.0000  value_loss=2.6655  mi_loss=0.0012  mi_valid=0.77  div_loss=-0.2305  kl_loss=0.0000 (disabled)  score=0.712  return=-0.301  role_std=6.7498  role_norm=28.6315  enc_delta ego=0.0011 partner=0.0013 road=0.0019
[ROMA step 4,113,825,792] sps=1,566,192  policy_loss=0.0048  value_loss=2.8628  mi_loss=0.0012  mi_valid=0.80  div_loss=-0.2490  kl_loss=0.0000 (disabled)  score=0.711  return=-0.309  role_std=5.4409  role_norm=28.4164  enc_delta ego=0.0015 partner=0.0012 road=0.0018
[ROMA step 4,114,612,224] sps=1,560,465  policy_loss=0.0001  value_loss=2.4946  mi_loss=0.0012  mi_valid=0.81  div_loss=-0.2373  kl_loss=0.0000 (disabled)  score=0.710  return=-0.312  role_std=8.0317  role_norm=30.1903  enc_delta ego=0.0014 partner=0.0012 road=0.0018
[ROMA step 4,115,398,656] sps=1,542,145  policy_loss=0.0016  value_loss=2.7441  mi_loss=0.0012  mi_valid=0.79  div_loss=-0.2500  kl_loss=0.0000 (disabled)  score=0.709  return=-0.314  role_std=7.5425  role_norm=30.1138  enc_delta ego=0.0010 partner=0.0012 road=0.0020
[ROMA step 4,116,185,088] sps=1,536,416  policy_loss=0.0136  value_loss=3.4818  mi_loss=0.0012  mi_valid=0.79  div_loss=-0.2754  kl_loss=0.0000 (disabled)  score=0.709  return=-0.314  role_std=7.6038  role_norm=29.7764  enc_delta ego=0.0009 partner=0.0012 road=0.0019
[ROMA step 4,116,971,520] sps=1,530,933  policy_loss=-0.0009  value_loss=2.9046  mi_loss=0.0012  mi_valid=0.80  div_loss=-0.2598  kl_loss=0.0000 (disabled)  score=0.709  return=-0.311  role_std=7.3488  role_norm=29.3154  enc_delta ego=0.0012 partner=0.0013 road=0.0020
[ROMA step 4,117,757,952] sps=1,525,470  policy_loss=0.0008  value_loss=3.0636  mi_loss=0.0012  mi_valid=0.80  div_loss=-0.2578  kl_loss=0.0000 (disabled)  score=0.708  return=-0.311  role_std=7.4043  role_norm=28.4432  enc_delta ego=0.0009 partner=0.0011 road=0.0016
[ROMA step 4,118,544,384] sps=1,508,032  policy_loss=-0.0008  value_loss=3.2165  mi_loss=0.0013  mi_valid=0.80  div_loss=-0.2715  kl_loss=0.0000 (disabled)  score=0.707  return=-0.313  role_std=8.7020  role_norm=30.6395  enc_delta ego=0.0014 partner=0.0010 road=0.0018
[ROMA step 4,119,330,816] sps=1,502,714  policy_loss=-0.0015  value_loss=3.5943  mi_loss=0.0013  mi_valid=0.82  div_loss=-0.2773  kl_loss=0.0000 (disabled)  score=0.705  return=-0.320  role_std=8.2655  role_norm=30.3960  enc_delta ego=0.0013 partner=0.0011 road=0.0014
[ROMA step 4,120,117,248] sps=1,497,439  policy_loss=-0.0008  value_loss=3.9988  mi_loss=0.0013  mi_valid=0.80  div_loss=-0.2988  kl_loss=0.0000 (disabled)  score=0.704  return=-0.328  role_std=9.4019  role_norm=30.0435  enc_delta ego=0.0013 partner=0.0012 road=0.0017
[ROMA step 4,120,903,680] sps=1,480,177  policy_loss=-0.0004  value_loss=3.2897  mi_loss=0.0013  mi_valid=0.77  div_loss=-0.2754  kl_loss=0.0000 (disabled)  score=0.703  return=-0.340  role_std=7.4559  role_norm=29.0818  enc_delta ego=0.0012 partner=0.0015 road=0.0021
[ROMA step 4,121,690,112] sps=1,475,027  policy_loss=-0.0001  value_loss=2.4864  mi_loss=0.0012  mi_valid=0.80  div_loss=-0.2520  kl_loss=0.0000 (disabled)  score=0.704  return=-0.330  role_std=6.9788  role_norm=28.3644  enc_delta ego=0.0012 partner=0.0013 road=0.0019
[ROMA step 4,122,476,544] sps=1,469,882  policy_loss=-0.0082  value_loss=2.6805  mi_loss=0.0012  mi_valid=0.80  div_loss=-0.2578  kl_loss=0.0000 (disabled)  score=0.705  return=-0.326  role_std=6.9990  role_norm=28.0647  enc_delta ego=0.0010 partner=0.0011 road=0.0017
[ROMA step 4,123,262,976] sps=1,464,810  policy_loss=0.0010  value_loss=2.6919  mi_loss=0.0011  mi_valid=0.81  div_loss=-0.2520  kl_loss=0.0000 (disabled)  score=0.707  return=-0.319  role_std=8.9895  role_norm=30.4186  enc_delta ego=0.0010 partner=0.0012 road=0.0016
[ROMA step 4,124,049,408] sps=1,448,125  policy_loss=-0.0025  value_loss=3.1575  mi_loss=0.0012  mi_valid=0.78  div_loss=-0.2520  kl_loss=0.0000 (disabled)  score=0.709  return=-0.316  role_std=8.4656  role_norm=30.3603  enc_delta ego=0.0010 partner=0.0013 road=0.0017
[ROMA step 4,124,835,840] sps=1,443,210  policy_loss=0.0062  value_loss=2.2753  mi_loss=0.0012  mi_valid=0.79  div_loss=-0.2275  kl_loss=0.0000 (disabled)  score=0.709  return=-0.316  role_std=7.7340  role_norm=30.1483  enc_delta ego=0.0012 partner=0.0014 road=0.0021
[ROMA step 4,125,622,272] sps=1,438,393  policy_loss=0.0010  value_loss=2.2432  mi_loss=0.0012  mi_valid=0.80  div_loss=-0.2412  kl_loss=0.0000 (disabled)  score=0.710  return=-0.318  role_std=7.1106  role_norm=29.5742  enc_delta ego=0.0010 partner=0.0013 road=0.0019
[ROMA step 4,126,408,704] sps=1,422,053  policy_loss=0.0004  value_loss=2.2826  mi_loss=0.0011  mi_valid=0.77  div_loss=-0.2393  kl_loss=0.0000 (disabled)  score=0.710  return=-0.318  role_std=7.0279  role_norm=28.0736  enc_delta ego=0.0007 partner=0.0011 road=0.0015
[ROMA step 4,127,195,136] sps=1,417,115  policy_loss=0.0008  value_loss=2.7655  mi_loss=0.0012  mi_valid=0.82  div_loss=-0.2715  kl_loss=0.0000 (disabled)  score=0.710  return=-0.329  role_std=8.2034  role_norm=31.2507  enc_delta ego=0.0013 partner=0.0013 road=0.0022
[ROMA step 4,127,981,568] sps=1,412,456  policy_loss=-0.0002  value_loss=3.3857  mi_loss=0.0012  mi_valid=0.81  div_loss=-0.2715  kl_loss=0.0000 (disabled)  score=0.709  return=-0.342  role_std=7.8718  role_norm=30.7346  enc_delta ego=0.0013 partner=0.0013 road=0.0017
[ROMA step 4,128,768,000] sps=1,407,804  policy_loss=-0.0054  value_loss=3.0519  mi_loss=0.0012  mi_valid=0.79  div_loss=-0.2637  kl_loss=0.0000 (disabled)  score=0.708  return=-0.350  role_std=8.8924  role_norm=30.3672  enc_delta ego=0.0013 partner=0.0011 road=0.0016
[ROMA step 4,129,554,432] sps=1,385,148  policy_loss=0.0010  value_loss=2.5323  mi_loss=0.0012  mi_valid=0.77  div_loss=-0.2520  kl_loss=0.0000 (disabled)  score=0.708  return=-0.363  role_std=6.8782  role_norm=29.7236  enc_delta ego=0.0012 partner=0.0012 road=0.0022
[ROMA step 4,130,340,864] sps=1,380,652  policy_loss=0.0041  value_loss=2.3907  mi_loss=0.0012  mi_valid=0.80  div_loss=-0.2432  kl_loss=0.0000 (disabled)  score=0.708  return=-0.361  role_std=5.8946  role_norm=28.9380  enc_delta ego=0.0011 partner=0.0012 road=0.0016
[ROMA step 4,131,127,296] sps=1,376,221  policy_loss=0.0004  value_loss=2.2548  mi_loss=0.0012  mi_valid=0.80  div_loss=-0.2373  kl_loss=0.0000 (disabled)  score=0.708  return=-0.363  role_std=6.3071  role_norm=28.0909  enc_delta ego=0.0013 partner=0.0012 road=0.0016
[ROMA step 4,131,913,728] sps=1,371,724  policy_loss=0.0031  value_loss=2.3881  mi_loss=0.0012  mi_valid=0.82  div_loss=-0.2412  kl_loss=0.0000 (disabled)  score=0.708  return=-0.367  role_std=7.3691  role_norm=30.4803  enc_delta ego=0.0012 partner=0.0012 road=0.0014
[ROMA step 4,132,700,160] sps=1,357,561  policy_loss=0.0127  value_loss=2.6917  mi_loss=0.0013  mi_valid=0.77  div_loss=-0.2402  kl_loss=0.0000 (disabled)  score=0.708  return=-0.363  role_std=8.1349  role_norm=30.2413  enc_delta ego=0.0012 partner=0.0011 road=0.0016
[ROMA step 4,133,486,592] sps=1,353,257  policy_loss=-0.0028  value_loss=2.8138  mi_loss=0.0013  mi_valid=0.80  div_loss=-0.2578  kl_loss=0.0000 (disabled)  score=0.707  return=-0.363  role_std=8.0561  role_norm=29.7087  enc_delta ego=0.0010 partner=0.0014 road=0.0019
[ROMA step 4,134,273,024] sps=1,349,046  policy_loss=0.0030  value_loss=2.0860  mi_loss=0.0013  mi_valid=0.80  div_loss=-0.2393  kl_loss=0.0000 (disabled)  score=0.707  return=-0.354  role_std=7.5099  role_norm=29.0518  enc_delta ego=0.0010 partner=0.0011 road=0.0017
[ROMA step 4,135,059,456] sps=1,335,298  policy_loss=0.0041  value_loss=2.6535  mi_loss=0.0013  mi_valid=0.78  div_loss=-0.2578  kl_loss=0.0000 (disabled)  score=0.707  return=-0.341  role_std=6.6867  role_norm=27.7763  enc_delta ego=0.0010 partner=0.0011 road=0.0016
[ROMA step 4,135,845,888] sps=1,331,213  policy_loss=0.0031  value_loss=2.6729  mi_loss=0.0013  mi_valid=0.82  div_loss=-0.2559  kl_loss=0.0000 (disabled)  score=0.708  return=-0.338  role_std=7.9907  role_norm=30.6496  enc_delta ego=0.0010 partner=0.0014 road=0.0021
[ROMA step 4,136,632,320] sps=1,327,144  policy_loss=-0.0047  value_loss=2.9995  mi_loss=0.0013  mi_valid=0.79  div_loss=-0.2578  kl_loss=0.0000 (disabled)  score=0.709  return=-0.336  role_std=7.6264  role_norm=30.5051  enc_delta ego=0.0014 partner=0.0012 road=0.0021
[ROMA step 4,137,418,752] sps=1,323,106  policy_loss=-0.0041  value_loss=3.4154  mi_loss=0.0013  mi_valid=0.79  div_loss=-0.2656  kl_loss=0.0000 (disabled)  score=0.710  return=-0.332  role_std=8.4502  role_norm=29.8672  enc_delta ego=0.0014 partner=0.0011 road=0.0023
[ROMA step 4,138,205,184] sps=1,310,455  policy_loss=0.0057  value_loss=3.1552  mi_loss=0.0013  mi_valid=0.77  div_loss=-0.2637  kl_loss=0.0000 (disabled)  score=0.711  return=-0.336  role_std=7.6274  role_norm=28.8460  enc_delta ego=0.0010 partner=0.0012 road=0.0022
[ROMA step 4,138,991,616] sps=1,306,534  policy_loss=-0.0021  value_loss=2.3007  mi_loss=0.0012  mi_valid=0.79  div_loss=-0.2471  kl_loss=0.0000 (disabled)  score=0.711  return=-0.341  role_std=6.7997  role_norm=28.3392  enc_delta ego=0.0011 partner=0.0013 road=0.0019
[ROMA step 4,139,778,048] sps=1,302,633  policy_loss=-0.0027  value_loss=2.3363  mi_loss=0.0012  mi_valid=0.81  div_loss=-0.2490  kl_loss=0.0000 (disabled)  score=0.710  return=-0.344  role_std=5.8071  role_norm=27.0056  enc_delta ego=0.0014 partner=0.0011 road=0.0017
[ROMA step 4,140,564,480] sps=1,290,172  policy_loss=0.0010  value_loss=2.4781  mi_loss=0.0013  mi_valid=0.79  div_loss=-0.2559  kl_loss=0.0000 (disabled)  score=0.710  return=-0.350  role_std=6.8437  role_norm=29.7786  enc_delta ego=0.0009 partner=0.0012 road=0.0018
[ROMA step 4,141,350,912] sps=1,286,309  policy_loss=-0.0044  value_loss=2.4791  mi_loss=0.0013  mi_valid=0.80  div_loss=-0.2578  kl_loss=0.0000 (disabled)  score=0.710  return=-0.349  role_std=8.6036  role_norm=29.4792  enc_delta ego=0.0013 partner=0.0013 road=0.0022
[ROMA step 4,142,137,344] sps=1,282,494  policy_loss=-0.0012  value_loss=2.0514  mi_loss=0.0013  mi_valid=0.80  div_loss=-0.2432  kl_loss=0.0000 (disabled)  score=0.710  return=-0.347  role_std=6.6214  role_norm=28.9806  enc_delta ego=0.0014 partner=0.0012 road=0.0022
[ROMA step 4,142,923,776] sps=1,278,690  policy_loss=0.0067  value_loss=2.4878  mi_loss=0.0013  mi_valid=0.80  div_loss=-0.2471  kl_loss=0.0000 (disabled)  score=0.711  return=-0.345  role_std=7.6176  role_norm=28.6977  enc_delta ego=0.0011 partner=0.0012 road=0.0017
[ROMA step 4,143,710,208] sps=1,265,765  policy_loss=0.0013  value_loss=2.6116  mi_loss=0.0013  mi_valid=0.79  div_loss=-0.2490  kl_loss=0.0000 (disabled)  score=0.711  return=-0.347  role_std=5.8435  role_norm=26.6439  enc_delta ego=0.0009 partner=0.0011 road=0.0016
[ROMA step 4,144,496,640] sps=1,261,895  policy_loss=-0.0012  value_loss=2.5503  mi_loss=0.0013  mi_valid=0.82  div_loss=-0.2539  kl_loss=0.0000 (disabled)  score=0.712  return=-0.342  role_std=8.0366  role_norm=30.2451  enc_delta ego=0.0010 partner=0.0013 road=0.0021
[ROMA step 4,145,283,072] sps=1,258,209  policy_loss=-0.0005  value_loss=2.5649  mi_loss=0.0013  mi_valid=0.80  div_loss=-0.2393  kl_loss=0.0000 (disabled)  score=0.712  return=-0.333  role_std=7.9138  role_norm=29.8641  enc_delta ego=0.0009 partner=0.0012 road=0.0017
[ROMA step 4,146,069,504] sps=1,246,116  policy_loss=0.0017  value_loss=1.9477  mi_loss=0.0014  mi_valid=0.77  div_loss=-0.2217  kl_loss=0.0000 (disabled)  score=0.713  return=-0.323  role_std=5.8576  role_norm=29.5830  enc_delta ego=0.0007 partner=0.0010 road=0.0014
[ROMA step 4,146,855,936] sps=1,242,629  policy_loss=0.0021  value_loss=1.9852  mi_loss=0.0013  mi_valid=0.79  div_loss=-0.2139  kl_loss=0.0000 (disabled)  score=0.715  return=-0.304  role_std=6.0667  role_norm=29.2184  enc_delta ego=0.0012 partner=0.0012 road=0.0020
[ROMA step 4,147,642,368] sps=1,239,178  policy_loss=-0.0085  value_loss=1.7157  mi_loss=0.0013  mi_valid=0.79  div_loss=-0.2188  kl_loss=0.0000 (disabled)  score=0.717  return=-0.286  role_std=5.9947  role_norm=28.8756  enc_delta ego=0.0010 partner=0.0011 road=0.0018
[ROMA step 4,148,428,800] sps=1,235,717  policy_loss=-0.0038  value_loss=2.1719  mi_loss=0.0013  mi_valid=0.81  div_loss=-0.2275  kl_loss=0.0000 (disabled)  score=0.719  return=-0.270  role_std=8.1231  role_norm=30.6504  enc_delta ego=0.0011 partner=0.0011 road=0.0018
[ROMA step 4,149,215,232] sps=1,222,800  policy_loss=-0.0081  value_loss=2.2929  mi_loss=0.0013  mi_valid=0.78  div_loss=-0.2158  kl_loss=0.0000 (disabled)  score=0.720  return=-0.259  role_std=6.8378  role_norm=30.8066  enc_delta ego=0.0008 partner=0.0011 road=0.0013
[ROMA step 4,150,001,664] sps=1,219,295  policy_loss=0.0104  value_loss=2.4539  mi_loss=0.0013  mi_valid=0.79  div_loss=-0.2139  kl_loss=0.0000 (disabled)  score=0.722  return=-0.250  role_std=7.4668  role_norm=30.6211  enc_delta ego=0.0009 partner=0.0012 road=0.0013
[ROMA step 4,150,788,096] sps=1,215,897  policy_loss=-0.0045  value_loss=2.1244  mi_loss=0.0013  mi_valid=0.79  div_loss=-0.2168  kl_loss=0.0000 (disabled)  score=0.723  return=-0.245  role_std=6.0887  role_norm=30.0670  enc_delta ego=0.0010 partner=0.0011 road=0.0014
[ROMA step 4,151,574,528] sps=1,204,411  policy_loss=-0.0031  value_loss=1.4269  mi_loss=0.0013  mi_valid=0.77  div_loss=-0.1943  kl_loss=0.0000 (disabled)  score=0.723  return=-0.229  role_std=5.7513  role_norm=28.3641  enc_delta ego=0.0008 partner=0.0009 road=0.0012
[ROMA step 4,152,360,960] sps=1,201,109  policy_loss=-0.0005  value_loss=1.8900  mi_loss=0.0013  mi_valid=0.82  div_loss=-0.2139  kl_loss=0.0000 (disabled)  score=0.723  return=-0.221  role_std=7.1454  role_norm=30.7394  enc_delta ego=0.0011 partner=0.0011 road=0.0015
[ROMA step 4,153,147,392] sps=1,197,799  policy_loss=0.0043  value_loss=1.4162  mi_loss=0.0012  mi_valid=0.81  div_loss=-0.1904  kl_loss=0.0000 (disabled)  score=0.724  return=-0.212  role_std=6.6425  role_norm=30.6587  enc_delta ego=0.0009 partner=0.0013 road=0.0017
[ROMA step 4,153,933,824] sps=1,194,496  policy_loss=0.0079  value_loss=1.9094  mi_loss=0.0012  mi_valid=0.79  div_loss=-0.1963  kl_loss=0.0000 (disabled)  score=0.724  return=-0.205  role_std=5.4775  role_norm=30.7211  enc_delta ego=0.0009 partner=0.0011 road=0.0014
[ROMA step 4,154,720,256] sps=1,183,775  policy_loss=-0.0010  value_loss=1.6657  mi_loss=0.0013  mi_valid=0.77  div_loss=-0.1943  kl_loss=0.0000 (disabled)  score=0.725  return=-0.190  role_std=6.2234  role_norm=29.6532  enc_delta ego=0.0011 partner=0.0011 road=0.0019
[ROMA step 4,155,506,688] sps=1,180,495  policy_loss=-0.0034  value_loss=1.9589  mi_loss=0.0013  mi_valid=0.80  div_loss=-0.2246  kl_loss=0.0000 (disabled)  score=0.725  return=-0.177  role_std=6.2883  role_norm=29.0982  enc_delta ego=0.0016 partner=0.0011 road=0.0018
[ROMA step 4,156,293,120] sps=1,177,240  policy_loss=0.0033  value_loss=1.9581  mi_loss=0.0013  mi_valid=0.80  div_loss=-0.2227  kl_loss=0.0000 (disabled)  score=0.726  return=-0.167  role_std=5.3802  role_norm=28.5284  enc_delta ego=0.0012 partner=0.0010 road=0.0020
[ROMA step 4,157,079,552] sps=1,173,998  policy_loss=0.0035  value_loss=2.2429  mi_loss=0.0013  mi_valid=0.81  div_loss=-0.2305  kl_loss=0.0000 (disabled)  score=0.726  return=-0.162  role_std=6.7510  role_norm=30.1059  enc_delta ego=0.0014 partner=0.0011 road=0.0019
[ROMA step 4,157,865,984] sps=1,163,412  policy_loss=0.0051  value_loss=2.0347  mi_loss=0.0013  mi_valid=0.77  div_loss=-0.2178  kl_loss=0.0000 (disabled)  score=0.726  return=-0.157  role_std=6.3495  role_norm=30.3399  enc_delta ego=0.0016 partner=0.0013 road=0.0020
[ROMA step 4,158,652,416] sps=1,160,344  policy_loss=0.0015  value_loss=1.9490  mi_loss=0.0014  mi_valid=0.79  div_loss=-0.2178  kl_loss=0.0000 (disabled)  score=0.727  return=-0.149  role_std=7.0997  role_norm=30.1332  enc_delta ego=0.0015 partner=0.0010 road=0.0021
[ROMA step 4,159,438,848] sps=1,157,278  policy_loss=0.0013  value_loss=1.9067  mi_loss=0.0013  mi_valid=0.79  div_loss=-0.2207  kl_loss=0.0000 (disabled)  score=0.728  return=-0.143  role_std=6.0361  role_norm=29.6528  enc_delta ego=0.0011 partner=0.0010 road=0.0018
[ROMA step 4,160,225,280] sps=1,146,024  policy_loss=-0.0026  value_loss=1.7696  mi_loss=0.0013  mi_valid=0.77  div_loss=-0.2119  kl_loss=0.0000 (disabled)  score=0.729  return=-0.136  role_std=5.2455  role_norm=28.5060  enc_delta ego=0.0012 partner=0.0009 road=0.0015
[ROMA step 4,161,011,712] sps=1,143,027  policy_loss=0.0071  value_loss=1.4706  mi_loss=0.0013  mi_valid=0.81  div_loss=-0.1895  kl_loss=0.0000 (disabled)  score=0.729  return=-0.131  role_std=5.4117  role_norm=30.0739  enc_delta ego=0.0011 partner=0.0010 road=0.0016
[ROMA step 4,161,798,144] sps=1,140,047  policy_loss=-0.0061  value_loss=2.0117  mi_loss=0.0013  mi_valid=0.80  div_loss=-0.2109  kl_loss=0.0000 (disabled)  score=0.731  return=-0.119  role_std=6.5021  role_norm=30.0347  enc_delta ego=0.0010 partner=0.0010 road=0.0018
[ROMA step 4,162,584,576] sps=1,137,068  policy_loss=0.0015  value_loss=2.3145  mi_loss=0.0013  mi_valid=0.79  div_loss=-0.2148  kl_loss=0.0000 (disabled)  score=0.732  return=-0.113  role_std=6.4090  role_norm=29.6248  enc_delta ego=0.0013 partner=0.0010 road=0.0016
[ROMA step 4,163,371,008] sps=1,126,686  policy_loss=-0.0006  value_loss=1.5462  mi_loss=0.0014  mi_valid=0.77  div_loss=-0.1875  kl_loss=0.0000 (disabled)  score=0.733  return=-0.101  role_std=5.0174  role_norm=29.3424  enc_delta ego=0.0011 partner=0.0011 road=0.0019
[ROMA step 4,164,157,440] sps=1,123,739  policy_loss=0.0029  value_loss=1.8961  mi_loss=0.0014  mi_valid=0.80  div_loss=-0.2070  kl_loss=0.0000 (disabled)  score=0.733  return=-0.088  role_std=5.2041  role_norm=29.2242  enc_delta ego=0.0011 partner=0.0011 road=0.0016
[ROMA step 4,164,943,872] sps=1,120,834  policy_loss=0.0037  value_loss=1.6166  mi_loss=0.0014  mi_valid=0.81  div_loss=-0.1953  kl_loss=0.0000 (disabled)  score=0.733  return=-0.074  role_std=5.3816  role_norm=28.8083  enc_delta ego=0.0011 partner=0.0010 road=0.0015
[ROMA step 4,165,730,304] sps=1,111,487  policy_loss=0.0006  value_loss=1.7363  mi_loss=0.0013  mi_valid=0.79  div_loss=-0.2061  kl_loss=0.0000 (disabled)  score=0.733  return=-0.064  role_std=7.0858  role_norm=31.1766  enc_delta ego=0.0011 partner=0.0009 road=0.0015
[ROMA step 4,166,516,736] sps=1,108,736  policy_loss=0.0035  value_loss=2.6061  mi_loss=0.0013  mi_valid=0.79  div_loss=-0.2324  kl_loss=0.0000 (disabled)  score=0.734  return=-0.056  role_std=6.9597  role_norm=30.9909  enc_delta ego=0.0009 partner=0.0012 road=0.0020
[ROMA step 4,167,303,168] sps=1,105,969  policy_loss=-0.0020  value_loss=2.3185  mi_loss=0.0013  mi_valid=0.79  div_loss=-0.2285  kl_loss=0.0000 (disabled)  score=0.735  return=-0.055  role_std=7.4294  role_norm=30.4939  enc_delta ego=0.0011 partner=0.0013 road=0.0019
[ROMA step 4,168,089,600] sps=1,103,233  policy_loss=-0.0003  value_loss=1.9599  mi_loss=0.0013  mi_valid=0.79  div_loss=-0.2275  kl_loss=0.0000 (disabled)  score=0.735  return=-0.055  role_std=7.0956  role_norm=29.8579  enc_delta ego=0.0008 partner=0.0011 road=0.0016
[ROMA step 4,168,876,032] sps=1,093,393  policy_loss=0.0003  value_loss=1.8314  mi_loss=0.0013  mi_valid=0.78  div_loss=-0.2217  kl_loss=0.0000 (disabled)  score=0.735  return=-0.049  role_std=6.3165  role_norm=28.2176  enc_delta ego=0.0008 partner=0.0012 road=0.0016
[ROMA step 4,169,662,464] sps=1,090,691  policy_loss=0.0037  value_loss=2.5237  mi_loss=0.0013  mi_valid=0.82  div_loss=-0.2305  kl_loss=0.0000 (disabled)  score=0.734  return=-0.050  role_std=7.0734  role_norm=31.2395  enc_delta ego=0.0011 partner=0.0012 road=0.0017
[ROMA step 4,170,448,896] sps=1,087,969  policy_loss=-0.0067  value_loss=2.2270  mi_loss=0.0013  mi_valid=0.80  div_loss=-0.2256  kl_loss=0.0000 (disabled)  score=0.732  return=-0.053  role_std=7.1612  role_norm=30.9007  enc_delta ego=0.0008 partner=0.0010 road=0.0020
[ROMA step 4,171,235,328] sps=1,073,229  policy_loss=0.0053  value_loss=2.0359  mi_loss=0.0014  mi_valid=0.77  div_loss=-0.2236  kl_loss=0.0000 (disabled)  score=0.731  return=-0.049  role_std=5.8414  role_norm=30.2610  enc_delta ego=0.0013 partner=0.0010 road=0.0020
[ROMA step 4,172,021,760] sps=1,070,646  policy_loss=-0.0014  value_loss=2.0061  mi_loss=0.0014  mi_valid=0.80  div_loss=-0.2139  kl_loss=0.0000 (disabled)  score=0.730  return=-0.043  role_std=5.8718  role_norm=29.5031  enc_delta ego=0.0018 partner=0.0012 road=0.0020
[ROMA step 4,172,808,192] sps=1,068,082  policy_loss=0.0003  value_loss=1.8560  mi_loss=0.0014  mi_valid=0.80  div_loss=-0.2090  kl_loss=0.0000 (disabled)  score=0.730  return=-0.035  role_std=5.2185  role_norm=28.9098  enc_delta ego=0.0014 partner=0.0013 road=0.0018
[ROMA step 4,173,594,624] sps=1,065,511  policy_loss=-0.0006  value_loss=2.2545  mi_loss=0.0015  mi_valid=0.82  div_loss=-0.2334  kl_loss=0.0000 (disabled)  score=0.731  return=-0.035  role_std=7.7618  role_norm=30.3315  enc_delta ego=0.0017 partner=0.0013 road=0.0015
[ROMA step 4,174,381,056] sps=1,055,787  policy_loss=0.0028  value_loss=2.1525  mi_loss=0.0014  mi_valid=0.79  div_loss=-0.2207  kl_loss=0.0000 (disabled)  score=0.731  return=-0.037  role_std=6.1751  role_norm=30.0083  enc_delta ego=0.0012 partner=0.0011 road=0.0019
[ROMA step 4,175,167,488] sps=1,053,261  policy_loss=0.0019  value_loss=2.5869  mi_loss=0.0014  mi_valid=0.80  div_loss=-0.2451  kl_loss=0.0000 (disabled)  score=0.730  return=-0.040  role_std=6.8043  role_norm=29.9121  enc_delta ego=0.0010 partner=0.0010 road=0.0018
[ROMA step 4,175,953,920] sps=1,050,783  policy_loss=0.0106  value_loss=1.4619  mi_loss=0.0014  mi_valid=0.80  div_loss=-0.2041  kl_loss=0.0000 (disabled)  score=0.729  return=-0.041  role_std=6.1078  role_norm=29.6319  enc_delta ego=0.0012 partner=0.0012 road=0.0018
[ROMA step 4,176,740,352] sps=1,041,362  policy_loss=0.0012  value_loss=2.0229  mi_loss=0.0014  mi_valid=0.77  div_loss=-0.2217  kl_loss=0.0000 (disabled)  score=0.728  return=-0.039  role_std=5.8925  role_norm=29.3930  enc_delta ego=0.0010 partner=0.0009 road=0.0015
[ROMA step 4,177,526,784] sps=1,038,934  policy_loss=-0.0042  value_loss=1.7017  mi_loss=0.0014  mi_valid=0.81  div_loss=-0.2061  kl_loss=0.0000 (disabled)  score=0.728  return=-0.041  role_std=5.9945  role_norm=30.4987  enc_delta ego=0.0009 partner=0.0010 road=0.0016
[ROMA step 4,178,313,216] sps=1,036,428  policy_loss=0.0113  value_loss=2.9761  mi_loss=0.0014  mi_valid=0.81  div_loss=-0.2197  kl_loss=0.0000 (disabled)  score=0.728  return=-0.045  role_std=6.1912  role_norm=30.4314  enc_delta ego=0.0009 partner=0.0010 road=0.0015
[ROMA step 4,179,099,648] sps=1,033,638  policy_loss=0.0082  value_loss=2.3870  mi_loss=0.0014  mi_valid=0.80  div_loss=-0.2197  kl_loss=0.0000 (disabled)  score=0.728  return=-0.046  role_std=7.4506  role_norm=30.2411  enc_delta ego=0.0009 partner=0.0010 road=0.0014
[ROMA step 4,179,886,080] sps=1,025,708  policy_loss=-0.0044  value_loss=2.5343  mi_loss=0.0014  mi_valid=0.77  div_loss=-0.2207  kl_loss=0.0000 (disabled)  score=0.729  return=-0.055  role_std=6.5648  role_norm=29.7892  enc_delta ego=0.0009 partner=0.0011 road=0.0014
[ROMA step 4,180,672,512] sps=1,023,309  policy_loss=-0.0020  value_loss=2.0653  mi_loss=0.0014  mi_valid=0.80  div_loss=-0.2236  kl_loss=0.0000 (disabled)  score=0.729  return=-0.062  role_std=5.6129  role_norm=29.5507  enc_delta ego=0.0008 partner=0.0010 road=0.0014
[ROMA step 4,181,458,944] sps=1,020,945  policy_loss=0.0027  value_loss=1.6475  mi_loss=0.0014  mi_valid=0.80  div_loss=-0.2070  kl_loss=0.0000 (disabled)  score=0.729  return=-0.064  role_std=5.3763  role_norm=29.1459  enc_delta ego=0.0007 partner=0.0009 road=0.0012
[ROMA step 4,182,245,376] sps=1,018,544  policy_loss=-0.0005  value_loss=1.7618  mi_loss=0.0014  mi_valid=0.82  div_loss=-0.2119  kl_loss=0.0000 (disabled)  score=0.729  return=-0.064  role_std=7.0556  role_norm=30.6037  enc_delta ego=0.0009 partner=0.0011 road=0.0015
[ROMA step 4,183,031,808] sps=1,010,743  policy_loss=0.0074  value_loss=2.2508  mi_loss=0.0013  mi_valid=0.77  div_loss=-0.2012  kl_loss=0.0000 (disabled)  score=0.730  return=-0.065  role_std=6.5988  role_norm=30.4273  enc_delta ego=0.0011 partner=0.0012 road=0.0017
[ROMA step 4,183,818,240] sps=1,008,493  policy_loss=0.0046  value_loss=2.2596  mi_loss=0.0013  mi_valid=0.79  div_loss=-0.2158  kl_loss=0.0000 (disabled)  score=0.730  return=-0.062  role_std=6.5349  role_norm=30.2449  enc_delta ego=0.0010 partner=0.0012 road=0.0016
[ROMA step 4,184,604,672] sps=1,006,254  policy_loss=-0.0038  value_loss=2.3584  mi_loss=0.0013  mi_valid=0.79  div_loss=-0.2324  kl_loss=0.0000 (disabled)  score=0.731  return=-0.064  role_std=6.3002  role_norm=29.8777  enc_delta ego=0.0007 partner=0.0008 road=0.0012
[ROMA step 4,185,391,104] sps=999,092  policy_loss=0.0028  value_loss=2.4521  mi_loss=0.0013  mi_valid=0.76  div_loss=-0.2402  kl_loss=0.0000 (disabled)  score=0.732  return=-0.064  role_std=6.3353  role_norm=28.5571  enc_delta ego=0.0008 partner=0.0009 road=0.0016
[ROMA step 4,186,177,536] sps=996,792  policy_loss=-0.0006  value_loss=2.4411  mi_loss=0.0013  mi_valid=0.81  div_loss=-0.2578  kl_loss=0.0000 (disabled)  score=0.731  return=-0.073  role_std=7.6331  role_norm=30.2536  enc_delta ego=0.0009 partner=0.0012 road=0.0022
[ROMA step 4,186,963,968] sps=994,521  policy_loss=0.0045  value_loss=2.3094  mi_loss=0.0013  mi_valid=0.80  div_loss=-0.2295  kl_loss=0.0000 (disabled)  score=0.731  return=-0.080  role_std=6.3415  role_norm=30.1287  enc_delta ego=0.0008 partner=0.0009 road=0.0015
[ROMA step 4,187,750,400] sps=992,290  policy_loss=-0.0012  value_loss=2.6537  mi_loss=0.0013  mi_valid=0.79  div_loss=-0.2451  kl_loss=0.0000 (disabled)  score=0.731  return=-0.088  role_std=6.0946  role_norm=30.0030  enc_delta ego=0.0008 partner=0.0011 road=0.0016
[ROMA step 4,188,536,832] sps=985,324  policy_loss=-0.0005  value_loss=1.9137  mi_loss=0.0013  mi_valid=0.77  div_loss=-0.2109  kl_loss=0.0000 (disabled)  score=0.731  return=-0.091  role_std=6.1917  role_norm=29.3331  enc_delta ego=0.0007 partner=0.0010 road=0.0014
[ROMA step 4,189,323,264] sps=983,126  policy_loss=0.0021  value_loss=2.3127  mi_loss=0.0013  mi_valid=0.79  div_loss=-0.2256  kl_loss=0.0000 (disabled)  score=0.730  return=-0.102  role_std=5.4051  role_norm=29.2111  enc_delta ego=0.0009 partner=0.0010 road=0.0015
[ROMA step 4,190,109,696] sps=980,954  policy_loss=0.0039  value_loss=2.0719  mi_loss=0.0013  mi_valid=0.80  div_loss=-0.2197  kl_loss=0.0000 (disabled)  score=0.730  return=-0.105  role_std=5.3150  role_norm=28.3885  enc_delta ego=0.0006 partner=0.0009 road=0.0013
[ROMA step 4,190,896,128] sps=974,350  policy_loss=0.0037  value_loss=2.5112  mi_loss=0.0013  mi_valid=0.79  div_loss=-0.2334  kl_loss=0.0000 (disabled)  score=0.729  return=-0.109  role_std=6.9418  role_norm=30.6758  enc_delta ego=0.0008 partner=0.0010 road=0.0013
[ROMA step 4,191,682,560] sps=972,205  policy_loss=-0.0015  value_loss=1.8364  mi_loss=0.0013  mi_valid=0.79  div_loss=-0.2021  kl_loss=0.0000 (disabled)  score=0.730  return=-0.113  role_std=6.2562  role_norm=30.5329  enc_delta ego=0.0012 partner=0.0011 road=0.0016
[ROMA step 4,192,468,992] sps=970,088  policy_loss=0.0014  value_loss=1.9311  mi_loss=0.0013  mi_valid=0.79  div_loss=-0.2100  kl_loss=0.0000 (disabled)  score=0.731  return=-0.114  role_std=5.8438  role_norm=30.1841  enc_delta ego=0.0014 partner=0.0009 road=0.0013
[ROMA step 4,193,255,424] sps=967,957  policy_loss=-0.0079  value_loss=1.4291  mi_loss=0.0013  mi_valid=0.79  div_loss=-0.1963  kl_loss=0.0000 (disabled)  score=0.732  return=-0.112  role_std=5.7702  role_norm=29.8584  enc_delta ego=0.0012 partner=0.0009 road=0.0015
[ROMA step 4,194,041,856] sps=958,267  policy_loss=-0.0016  value_loss=1.8351  mi_loss=0.0013  mi_valid=0.77  div_loss=-0.2090  kl_loss=0.0000 (disabled)  score=0.733  return=-0.113  role_std=5.8132  role_norm=29.0617  enc_delta ego=0.0012 partner=0.0012 road=0.0017
[ROMA step 4,194,828,288] sps=956,218  policy_loss=-0.0016  value_loss=1.7059  mi_loss=0.0013  mi_valid=0.82  div_loss=-0.2119  kl_loss=0.0000 (disabled)  score=0.733  return=-0.109  role_std=6.5771  role_norm=31.3720  enc_delta ego=0.0014 partner=0.0011 road=0.0017
[ROMA step 4,195,614,720] sps=954,214  policy_loss=-0.0021  value_loss=2.0286  mi_loss=0.0013  mi_valid=0.79  div_loss=-0.2168  kl_loss=0.0000 (disabled)  score=0.733  return=-0.101  role_std=7.3554  role_norm=31.2023  enc_delta ego=0.0009 partner=0.0010 road=0.0014
[ROMA step 4,196,401,152] sps=945,153  policy_loss=-0.0060  value_loss=2.3579  mi_loss=0.0013  mi_valid=0.77  div_loss=-0.2217  kl_loss=0.0000 (disabled)  score=0.733  return=-0.100  role_std=6.4883  role_norm=30.5087  enc_delta ego=0.0010 partner=0.0011 road=0.0016
[ROMA step 4,197,187,584] sps=943,140  policy_loss=-0.0007  value_loss=1.9892  mi_loss=0.0012  mi_valid=0.80  div_loss=-0.2197  kl_loss=0.0000 (disabled)  score=0.734  return=-0.094  role_std=6.9646  role_norm=29.8361  enc_delta ego=0.0011 partner=0.0010 road=0.0017
[ROMA step 4,197,974,016] sps=941,140  policy_loss=-0.0011  value_loss=1.8772  mi_loss=0.0013  mi_valid=0.80  div_loss=-0.2246  kl_loss=0.0000 (disabled)  score=0.735  return=-0.092  role_std=5.4575  role_norm=29.0556  enc_delta ego=0.0006 partner=0.0009 road=0.0012
[ROMA step 4,198,760,448] sps=939,169  policy_loss=0.0034  value_loss=1.9516  mi_loss=0.0013  mi_valid=0.81  div_loss=-0.2197  kl_loss=0.0000 (disabled)  score=0.737  return=-0.085  role_std=5.2778  role_norm=27.5387  enc_delta ego=0.0007 partner=0.0009 road=0.0012
[ROMA step 4,199,546,880] sps=932,070  policy_loss=-0.0028  value_loss=2.1841  mi_loss=0.0013  mi_valid=0.79  div_loss=-0.2285  kl_loss=0.0000 (disabled)  score=0.738  return=-0.086  role_std=8.1565  role_norm=30.6037  enc_delta ego=0.0006 partner=0.0008 road=0.0012
[ROMA step 4,200,333,312] sps=930,172  policy_loss=0.0005  value_loss=2.9342  mi_loss=0.0014  mi_valid=0.80  div_loss=-0.2500  kl_loss=0.0000 (disabled)  score=0.737  return=-0.102  role_std=7.3029  role_norm=30.2871  enc_delta ego=0.0008 partner=0.0010 road=0.0015
[ROMA step 4,201,119,744] sps=928,283  policy_loss=0.0029  value_loss=2.4790  mi_loss=0.0013  mi_valid=0.80  div_loss=-0.2441  kl_loss=0.0000 (disabled)  score=0.735  return=-0.115  role_std=7.2997  role_norm=29.9040  enc_delta ego=0.0009 partner=0.0010 road=0.0015
[ROMA step 4,201,906,176] sps=921,243  policy_loss=-0.0006  value_loss=2.7579  mi_loss=0.0014  mi_valid=0.77  div_loss=-0.2598  kl_loss=0.0000 (disabled)  score=0.734  return=-0.127  role_std=5.1679  role_norm=29.1113  enc_delta ego=0.0008 partner=0.0009 road=0.0012
[ROMA step 4,202,692,608] sps=919,377  policy_loss=-0.0001  value_loss=2.0087  mi_loss=0.0013  mi_valid=0.81  div_loss=-0.2256  kl_loss=0.0000 (disabled)  score=0.734  return=-0.127  role_std=5.4547  role_norm=27.3914  enc_delta ego=0.0009 partner=0.0009 road=0.0015
[ROMA step 4,203,479,040] sps=917,519  policy_loss=0.0013  value_loss=2.5271  mi_loss=0.0014  mi_valid=0.82  div_loss=-0.2432  kl_loss=0.0000 (disabled)  score=0.735  return=-0.127  role_std=8.0717  role_norm=30.7232  enc_delta ego=0.0007 partner=0.0012 road=0.0018
[ROMA step 4,204,265,472] sps=915,669  policy_loss=-0.0079  value_loss=2.5984  mi_loss=0.0014  mi_valid=0.79  div_loss=-0.2480  kl_loss=0.0000 (disabled)  score=0.735  return=-0.134  role_std=7.6211  role_norm=30.4365  enc_delta ego=0.0007 partner=0.0009 road=0.0014
[ROMA step 4,205,051,904] sps=908,965  policy_loss=-0.0066  value_loss=1.8359  mi_loss=0.0014  mi_valid=0.77  div_loss=-0.2275  kl_loss=0.0000 (disabled)  score=0.735  return=-0.131  role_std=6.3812  role_norm=29.2849  enc_delta ego=0.0008 partner=0.0009 road=0.0016
[ROMA step 4,205,838,336] sps=907,150  policy_loss=0.0041  value_loss=1.7869  mi_loss=0.0014  mi_valid=0.80  div_loss=-0.2217  kl_loss=0.0000 (disabled)  score=0.733  return=-0.127  role_std=6.6353  role_norm=28.9411  enc_delta ego=0.0008 partner=0.0010 road=0.0012
[ROMA step 4,206,624,768] sps=905,314  policy_loss=-0.0025  value_loss=2.2638  mi_loss=0.0014  mi_valid=0.80  div_loss=-0.2461  kl_loss=0.0000 (disabled)  score=0.732  return=-0.133  role_std=6.0966  role_norm=28.4333  enc_delta ego=0.0007 partner=0.0010 road=0.0012
[ROMA step 4,207,411,200] sps=903,516  policy_loss=0.0036  value_loss=2.1178  mi_loss=0.0014  mi_valid=0.82  div_loss=-0.2354  kl_loss=0.0000 (disabled)  score=0.731  return=-0.132  role_std=7.7105  role_norm=30.4205  enc_delta ego=0.0010 partner=0.0013 road=0.0016
[ROMA step 4,208,197,632] sps=895,643  policy_loss=0.0073  value_loss=2.6216  mi_loss=0.0013  mi_valid=0.79  div_loss=-0.2451  kl_loss=0.0000 (disabled)  score=0.731  return=-0.134  role_std=6.8750  role_norm=30.2207  enc_delta ego=0.0009 partner=0.0010 road=0.0015
[ROMA step 4,208,984,064] sps=893,803  policy_loss=-0.0013  value_loss=2.7223  mi_loss=0.0014  mi_valid=0.80  div_loss=-0.2520  kl_loss=0.0000 (disabled)  score=0.731  return=-0.137  role_std=8.1750  role_norm=30.3564  enc_delta ego=0.0009 partner=0.0009 road=0.0015
[ROMA step 4,209,770,496] sps=892,057  policy_loss=0.0033  value_loss=2.1399  mi_loss=0.0013  mi_valid=0.80  div_loss=-0.2441  kl_loss=0.0000 (disabled)  score=0.730  return=-0.147  role_std=6.7629  role_norm=29.8439  enc_delta ego=0.0007 partner=0.0010 road=0.0015
[ROMA step 4,210,556,928] sps=882,450  policy_loss=-0.0055  value_loss=2.2526  mi_loss=0.0014  mi_valid=0.77  div_loss=-0.2393  kl_loss=0.0000 (disabled)  score=0.729  return=-0.154  role_std=7.0109  role_norm=28.5729  enc_delta ego=0.0008 partner=0.0009 road=0.0015
[ROMA step 4,211,343,360] sps=880,673  policy_loss=0.0006  value_loss=2.8130  mi_loss=0.0014  mi_valid=0.82  div_loss=-0.2598  kl_loss=0.0000 (disabled)  score=0.728  return=-0.165  role_std=8.4975  role_norm=31.6562  enc_delta ego=0.0009 partner=0.0010 road=0.0015
[ROMA step 4,212,129,792] sps=878,973  policy_loss=0.0053  value_loss=2.7360  mi_loss=0.0014  mi_valid=0.81  div_loss=-0.2432  kl_loss=0.0000 (disabled)  score=0.727  return=-0.173  role_std=8.2018  role_norm=31.5071  enc_delta ego=0.0008 partner=0.0010 road=0.0011
[ROMA step 4,212,916,224] sps=877,267  policy_loss=-0.0003  value_loss=3.0422  mi_loss=0.0014  mi_valid=0.80  div_loss=-0.2490  kl_loss=0.0000 (disabled)  score=0.725  return=-0.180  role_std=8.1973  role_norm=31.4590  enc_delta ego=0.0007 partner=0.0010 road=0.0015
[ROMA step 4,213,702,656] sps=870,948  policy_loss=0.0062  value_loss=2.9510  mi_loss=0.0014  mi_valid=0.77  div_loss=-0.2412  kl_loss=0.0000 (disabled)  score=0.723  return=-0.180  role_std=7.2810  role_norm=30.9827  enc_delta ego=0.0011 partner=0.0011 road=0.0017
[ROMA step 4,214,489,088] sps=869,125  policy_loss=-0.0038  value_loss=2.2531  mi_loss=0.0013  mi_valid=0.80  div_loss=-0.2354  kl_loss=0.0000 (disabled)  score=0.722  return=-0.179  role_std=6.5130  role_norm=30.6169  enc_delta ego=0.0007 partner=0.0008 road=0.0013
[ROMA step 4,215,275,520] sps=867,148  policy_loss=0.0017  value_loss=2.2148  mi_loss=0.0013  mi_valid=0.80  div_loss=-0.2324  kl_loss=0.0000 (disabled)  score=0.721  return=-0.178  role_std=6.0374  role_norm=29.8498  enc_delta ego=0.0007 partner=0.0009 road=0.0012
[ROMA step 4,216,061,952] sps=860,877  policy_loss=0.0051  value_loss=2.3046  mi_loss=0.0013  mi_valid=0.79  div_loss=-0.2324  kl_loss=0.0000 (disabled)  score=0.720  return=-0.180  role_std=7.5306  role_norm=32.3127  enc_delta ego=0.0008 partner=0.0009 road=0.0014
[ROMA step 4,216,848,384] sps=859,218  policy_loss=0.0066  value_loss=2.6363  mi_loss=0.0013  mi_valid=0.80  div_loss=-0.2236  kl_loss=0.0000 (disabled)  score=0.719  return=-0.181  role_std=7.9795  role_norm=31.9222  enc_delta ego=0.0009 partner=0.0011 road=0.0015
[ROMA step 4,217,634,816] sps=857,607  policy_loss=0.0027  value_loss=2.5511  mi_loss=0.0013  mi_valid=0.80  div_loss=-0.2285  kl_loss=0.0000 (disabled)  score=0.717  return=-0.186  role_std=7.0443  role_norm=31.8049  enc_delta ego=0.0009 partner=0.0009 road=0.0014
[ROMA step 4,218,421,248] sps=855,985  policy_loss=-0.0003  value_loss=2.3522  mi_loss=0.0013  mi_valid=0.79  div_loss=-0.2324  kl_loss=0.0000 (disabled)  score=0.717  return=-0.189  role_std=6.8878  role_norm=31.5372  enc_delta ego=0.0014 partner=0.0008 road=0.0013
[ROMA step 4,219,207,680] sps=850,006  policy_loss=-0.0003  value_loss=2.2618  mi_loss=0.0013  mi_valid=0.77  div_loss=-0.2422  kl_loss=0.0000 (disabled)  score=0.715  return=-0.196  role_std=6.7337  role_norm=29.6316  enc_delta ego=0.0009 partner=0.0007 road=0.0015
[ROMA step 4,219,994,112] sps=848,411  policy_loss=0.0015  value_loss=2.7750  mi_loss=0.0013  mi_valid=0.82  div_loss=-0.2617  kl_loss=0.0000 (disabled)  score=0.714  return=-0.203  role_std=8.4296  role_norm=31.8483  enc_delta ego=0.0009 partner=0.0011 road=0.0015
[ROMA step 4,220,780,544] sps=846,833  policy_loss=0.0065  value_loss=3.0785  mi_loss=0.0013  mi_valid=0.80  div_loss=-0.2676  kl_loss=0.0000 (disabled)  score=0.712  return=-0.212  role_std=8.5981  role_norm=31.5749  enc_delta ego=0.0008 partner=0.0010 road=0.0016
[ROMA step 4,221,566,976] sps=840,487  policy_loss=0.0036  value_loss=2.8712  mi_loss=0.0014  mi_valid=0.77  div_loss=-0.2578  kl_loss=0.0000 (disabled)  score=0.710  return=-0.228  role_std=8.1117  role_norm=31.0626  enc_delta ego=0.0012 partner=0.0011 road=0.0016
[ROMA step 4,222,353,408] sps=838,940  policy_loss=-0.0024  value_loss=2.4891  mi_loss=0.0013  mi_valid=0.80  div_loss=-0.2578  kl_loss=0.0000 (disabled)  score=0.709  return=-0.240  role_std=8.3392  role_norm=30.2358  enc_delta ego=0.0008 partner=0.0009 road=0.0019
[ROMA step 4,223,139,840] sps=837,409  policy_loss=-0.0005  value_loss=2.4096  mi_loss=0.0014  mi_valid=0.80  div_loss=-0.2520  kl_loss=0.0000 (disabled)  score=0.707  return=-0.250  role_std=6.7373  role_norm=29.5933  enc_delta ego=0.0006 partner=0.0008 road=0.0013
[ROMA step 4,223,926,272] sps=835,818  policy_loss=0.0050  value_loss=2.6311  mi_loss=0.0013  mi_valid=0.81  div_loss=-0.2471  kl_loss=0.0000 (disabled)  score=0.705  return=-0.259  role_std=6.2478  role_norm=29.2145  enc_delta ego=0.0007 partner=0.0008 road=0.0013
[ROMA step 4,224,712,704] sps=828,981  policy_loss=0.0030  value_loss=2.4786  mi_loss=0.0014  mi_valid=0.80  div_loss=-0.2520  kl_loss=0.0000 (disabled)  score=0.704  return=-0.266  role_std=9.4117  role_norm=31.3467  enc_delta ego=0.0010 partner=0.0010 road=0.0015
[ROMA step 4,225,499,136] sps=827,420  policy_loss=0.0028  value_loss=3.2778  mi_loss=0.0014  mi_valid=0.80  div_loss=-0.2598  kl_loss=0.0000 (disabled)  score=0.702  return=-0.278  role_std=8.5030  role_norm=31.4201  enc_delta ego=0.0010 partner=0.0012 road=0.0016
[ROMA step 4,226,285,568] sps=825,795  policy_loss=-0.0020  value_loss=3.4917  mi_loss=0.0014  mi_valid=0.80  div_loss=-0.2793  kl_loss=0.0000 (disabled)  score=0.701  return=-0.293  role_std=8.9812  role_norm=31.3118  enc_delta ego=0.0013 partner=0.0011 road=0.0018
[ROMA step 4,227,072,000] sps=819,880  policy_loss=0.0036  value_loss=4.1650  mi_loss=0.0014  mi_valid=0.78  div_loss=-0.2891  kl_loss=0.0000 (disabled)  score=0.699  return=-0.318  role_std=8.0755  role_norm=29.9505  enc_delta ego=0.0010 partner=0.0009 road=0.0013
[ROMA step 4,227,858,432] sps=818,419  policy_loss=-0.0013  value_loss=4.0178  mi_loss=0.0014  mi_valid=0.82  div_loss=-0.2891  kl_loss=0.0000 (disabled)  score=0.697  return=-0.332  role_std=6.7652  role_norm=29.3546  enc_delta ego=0.0007 partner=0.0009 road=0.0013
[ROMA step 4,228,644,864] sps=816,974  policy_loss=0.0007  value_loss=3.3726  mi_loss=0.0014  mi_valid=0.83  div_loss=-0.2695  kl_loss=0.0000 (disabled)  score=0.696  return=-0.337  role_std=8.0404  role_norm=32.3948  enc_delta ego=0.0008 partner=0.0009 road=0.0014
[ROMA step 4,229,431,296] sps=815,522  policy_loss=0.0001  value_loss=3.5439  mi_loss=0.0014  mi_valid=0.80  div_loss=-0.2617  kl_loss=0.0000 (disabled)  score=0.695  return=-0.342  role_std=8.6324  role_norm=32.1680  enc_delta ego=0.0007 partner=0.0011 road=0.0014
[ROMA step 4,230,217,728] sps=810,611  policy_loss=0.0046  value_loss=3.5027  mi_loss=0.0014  mi_valid=0.78  div_loss=-0.2773  kl_loss=0.0000 (disabled)  score=0.693  return=-0.351  role_std=8.5585  role_norm=31.6376  enc_delta ego=0.0009 partner=0.0008 road=0.0014
[ROMA step 4,231,004,160] sps=809,197  policy_loss=0.0023  value_loss=3.6084  mi_loss=0.0014  mi_valid=0.81  div_loss=-0.2793  kl_loss=0.0000 (disabled)  score=0.690  return=-0.364  role_std=8.4180  role_norm=30.6004  enc_delta ego=0.0008 partner=0.0010 road=0.0010
[ROMA step 4,231,790,592] sps=807,784  policy_loss=0.0037  value_loss=3.7092  mi_loss=0.0014  mi_valid=0.81  div_loss=-0.2949  kl_loss=0.0000 (disabled)  score=0.688  return=-0.382  role_std=7.5548  role_norm=29.3802  enc_delta ego=0.0008 partner=0.0009 road=0.0011
[ROMA step 4,232,577,024] sps=806,395  policy_loss=-0.0036  value_loss=3.4290  mi_loss=0.0013  mi_valid=0.83  div_loss=-0.2793  kl_loss=0.0000 (disabled)  score=0.686  return=-0.396  role_std=9.4417  role_norm=32.1918  enc_delta ego=0.0010 partner=0.0010 road=0.0012
[ROMA step 4,233,363,456] sps=801,079  policy_loss=0.0032  value_loss=2.9367  mi_loss=0.0013  mi_valid=0.79  div_loss=-0.2578  kl_loss=0.0000 (disabled)  score=0.686  return=-0.405  role_std=8.3538  role_norm=32.2193  enc_delta ego=0.0009 partner=0.0011 road=0.0014
[ROMA step 4,234,149,888] sps=799,704  policy_loss=0.0042  value_loss=3.5644  mi_loss=0.0013  mi_valid=0.80  div_loss=-0.2754  kl_loss=0.0000 (disabled)  score=0.685  return=-0.420  role_std=9.1195  role_norm=31.8802  enc_delta ego=0.0007 partner=0.0009 road=0.0012
[ROMA step 4,234,936,320] sps=798,341  policy_loss=-0.0000  value_loss=2.7215  mi_loss=0.0013  mi_valid=0.80  div_loss=-0.2520  kl_loss=0.0000 (disabled)  score=0.684  return=-0.425  role_std=7.5850  role_norm=31.1357  enc_delta ego=0.0008 partner=0.0009 road=0.0013
[ROMA step 4,235,722,752] sps=793,046  policy_loss=-0.0046  value_loss=2.6437  mi_loss=0.0013  mi_valid=0.78  div_loss=-0.2520  kl_loss=0.0000 (disabled)  score=0.683  return=-0.430  role_std=7.4399  role_norm=30.0194  enc_delta ego=0.0007 partner=0.0007 road=0.0011
[ROMA step 4,236,509,184] sps=791,613  policy_loss=0.0017  value_loss=3.1236  mi_loss=0.0013  mi_valid=0.83  div_loss=-0.2695  kl_loss=0.0000 (disabled)  score=0.681  return=-0.439  role_std=9.3917  role_norm=32.7332  enc_delta ego=0.0007 partner=0.0009 road=0.0013
[ROMA step 4,237,295,616] sps=790,232  policy_loss=-0.0008  value_loss=3.9227  mi_loss=0.0013  mi_valid=0.83  div_loss=-0.2930  kl_loss=0.0000 (disabled)  score=0.680  return=-0.447  role_std=9.8800  role_norm=32.3978  enc_delta ego=0.0009 partner=0.0010 road=0.0014
[ROMA step 4,238,082,048] sps=788,849  policy_loss=0.0082  value_loss=3.9688  mi_loss=0.0014  mi_valid=0.81  div_loss=-0.2969  kl_loss=0.0000 (disabled)  score=0.679  return=-0.463  role_std=10.4465  role_norm=32.1876  enc_delta ego=0.0009 partner=0.0010 road=0.0014
[ROMA step 4,238,868,480] sps=784,071  policy_loss=-0.0056  value_loss=3.7700  mi_loss=0.0014  mi_valid=0.78  div_loss=-0.2891  kl_loss=0.0000 (disabled)  score=0.677  return=-0.476  role_std=9.1060  role_norm=31.0846  enc_delta ego=0.0012 partner=0.0009 road=0.0014
[ROMA step 4,239,654,912] sps=782,739  policy_loss=0.0011  value_loss=3.2344  mi_loss=0.0014  mi_valid=0.81  div_loss=-0.2812  kl_loss=0.0000 (disabled)  score=0.675  return=-0.487  role_std=8.1432  role_norm=30.5451  enc_delta ego=0.0010 partner=0.0010 road=0.0015
[ROMA step 4,240,441,344] sps=781,416  policy_loss=-0.0014  value_loss=3.6578  mi_loss=0.0014  mi_valid=0.81  div_loss=-0.2832  kl_loss=0.0000 (disabled)  score=0.673  return=-0.497  role_std=7.4621  role_norm=29.9116  enc_delta ego=0.0011 partner=0.0009 road=0.0011
[ROMA step 4,241,227,776] sps=777,100  policy_loss=-0.0012  value_loss=4.1778  mi_loss=0.0014  mi_valid=0.80  div_loss=-0.2910  kl_loss=0.0000 (disabled)  score=0.672  return=-0.502  role_std=11.6105  role_norm=33.2963  enc_delta ego=0.0009 partner=0.0009 road=0.0012
[ROMA step 4,242,014,208] sps=775,823  policy_loss=-0.0036  value_loss=4.8992  mi_loss=0.0014  mi_valid=0.80  div_loss=-0.2949  kl_loss=0.0000 (disabled)  score=0.671  return=-0.530  role_std=10.3003  role_norm=33.2541  enc_delta ego=0.0012 partner=0.0009 road=0.0014
[ROMA step 4,242,800,640] sps=774,535  policy_loss=0.0001  value_loss=4.3328  mi_loss=0.0014  mi_valid=0.80  div_loss=-0.2852  kl_loss=0.0000 (disabled)  score=0.669  return=-0.549  role_std=10.0228  role_norm=32.5602  enc_delta ego=0.0010 partner=0.0009 road=0.0014
[ROMA step 4,243,587,072] sps=773,228  policy_loss=0.0047  value_loss=3.3810  mi_loss=0.0014  mi_valid=0.81  div_loss=-0.2832  kl_loss=0.0000 (disabled)  score=0.667  return=-0.571  role_std=8.3122  role_norm=32.0265  enc_delta ego=0.0008 partner=0.0009 road=0.0013
[ROMA step 4,244,373,504] sps=768,787  policy_loss=-0.0047  value_loss=3.3650  mi_loss=0.0013  mi_valid=0.78  div_loss=-0.2695  kl_loss=0.0000 (disabled)  score=0.665  return=-0.583  role_std=7.0703  role_norm=30.6131  enc_delta ego=0.0009 partner=0.0008 road=0.0012
[ROMA step 4,245,159,936] sps=767,464  policy_loss=0.0017  value_loss=3.1823  mi_loss=0.0013  mi_valid=0.83  div_loss=-0.2559  kl_loss=0.0000 (disabled)  score=0.664  return=-0.592  role_std=9.1688  role_norm=33.7607  enc_delta ego=0.0007 partner=0.0009 road=0.0012
[ROMA step 4,245,946,368] sps=766,164  policy_loss=0.0059  value_loss=3.1950  mi_loss=0.0014  mi_valid=0.82  div_loss=-0.2500  kl_loss=0.0000 (disabled)  score=0.661  return=-0.602  role_std=9.9735  role_norm=33.6576  enc_delta ego=0.0009 partner=0.0010 road=0.0014
[ROMA step 4,246,732,800] sps=761,903  policy_loss=-0.0052  value_loss=2.9487  mi_loss=0.0014  mi_valid=0.77  div_loss=-0.2539  kl_loss=0.0000 (disabled)  score=0.659  return=-0.610  role_std=9.3696  role_norm=32.8380  enc_delta ego=0.0008 partner=0.0009 road=0.0014
[ROMA step 4,247,519,232] sps=760,639  policy_loss=0.0066  value_loss=3.3780  mi_loss=0.0015  mi_valid=0.80  div_loss=-0.2676  kl_loss=0.0000 (disabled)  score=0.657  return=-0.621  role_std=7.7989  role_norm=32.1963  enc_delta ego=0.0007 partner=0.0008 road=0.0012
[ROMA step 4,248,305,664] sps=759,261  policy_loss=-0.0025  value_loss=3.2353  mi_loss=0.0014  mi_valid=0.80  div_loss=-0.2734  kl_loss=0.0000 (disabled)  score=0.656  return=-0.631  role_std=7.8760  role_norm=31.6292  enc_delta ego=0.0008 partner=0.0008 road=0.0012
[ROMA step 4,249,092,096] sps=757,920  policy_loss=0.0029  value_loss=2.5934  mi_loss=0.0014  mi_valid=0.81  div_loss=-0.2559  kl_loss=0.0000 (disabled)  score=0.654  return=-0.635  role_std=7.0048  role_norm=30.6210  enc_delta ego=0.0007 partner=0.0008 road=0.0010
[ROMA step 4,249,878,528] sps=754,050  policy_loss=-0.0010  value_loss=2.9866  mi_loss=0.0015  mi_valid=0.80  div_loss=-0.2461  kl_loss=0.0000 (disabled)  score=0.654  return=-0.632  role_std=8.8747  role_norm=33.3994  enc_delta ego=0.0006 partner=0.0008 road=0.0010
[ROMA step 4,250,664,960] sps=752,831  policy_loss=-0.0008  value_loss=2.8465  mi_loss=0.0015  mi_valid=0.80  div_loss=-0.2363  kl_loss=0.0000 (disabled)  score=0.654  return=-0.626  role_std=7.2915  role_norm=33.3983  enc_delta ego=0.0006 partner=0.0009 road=0.0013
[ROMA] Saved -> /scratch/e452103/checkpoints/roma_mifutagent_dim1_H8_r16p64_ft_pc40_cb1_nodiv/roma_dim1_step4250664960.pt
[ROMA step 4,251,451,392] sps=751,593  policy_loss=-0.0036  value_loss=2.4788  mi_loss=0.0014  mi_valid=0.80  div_loss=-0.2334  kl_loss=0.0000 (disabled)  score=0.655  return=-0.625  role_std=7.4919  role_norm=33.0011  enc_delta ego=0.0006 partner=0.0007 road=0.0011
[ROMA step 4,252,237,824] sps=747,644  policy_loss=0.0006  value_loss=2.3390  mi_loss=0.0014  mi_valid=0.78  div_loss=-0.2139  kl_loss=0.0000 (disabled)  score=0.655  return=-0.622  role_std=6.9489  role_norm=31.8206  enc_delta ego=0.0008 partner=0.0007 road=0.0010
[ROMA step 4,253,024,256] sps=746,459  policy_loss=-0.0014  value_loss=2.5620  mi_loss=0.0013  mi_valid=0.81  div_loss=-0.2422  kl_loss=0.0000 (disabled)  score=0.654  return=-0.617  role_std=5.9882  role_norm=30.9357  enc_delta ego=0.0006 partner=0.0008 road=0.0014
[ROMA step 4,253,810,688] sps=745,245  policy_loss=-0.0044  value_loss=2.4167  mi_loss=0.0014  mi_valid=0.83  div_loss=-0.2393  kl_loss=0.0000 (disabled)  score=0.654  return=-0.616  role_std=7.9396  role_norm=33.9955  enc_delta ego=0.0007 partner=0.0009 road=0.0014
[ROMA step 4,254,597,120] sps=744,049  policy_loss=0.0015  value_loss=3.4341  mi_loss=0.0013  mi_valid=0.80  div_loss=-0.2715  kl_loss=0.0000 (disabled)  score=0.654  return=-0.611  role_std=9.1009  role_norm=33.5764  enc_delta ego=0.0008 partner=0.0009 road=0.0012
[ROMA step 4,255,383,552] sps=740,124  policy_loss=-0.0024  value_loss=4.0935  mi_loss=0.0014  mi_valid=0.77  div_loss=-0.2891  kl_loss=0.0000 (disabled)  score=0.654  return=-0.607  role_std=9.9958  role_norm=32.3612  enc_delta ego=0.0007 partner=0.0008 road=0.0012
[ROMA step 4,256,169,984] sps=738,965  policy_loss=-0.0001  value_loss=3.7453  mi_loss=0.0015  mi_valid=0.80  div_loss=-0.2988  kl_loss=0.0000 (disabled)  score=0.655  return=-0.601  role_std=9.1710  role_norm=31.3554  enc_delta ego=0.0008 partner=0.0008 road=0.0014
[ROMA step 4,256,956,416] sps=737,821  policy_loss=-0.0050  value_loss=4.1952  mi_loss=0.0014  mi_valid=0.81  div_loss=-0.3145  kl_loss=0.0000 (disabled)  score=0.656  return=-0.613  role_std=8.8767  role_norm=30.5798  enc_delta ego=0.0007 partner=0.0008 road=0.0013
[ROMA step 4,257,742,848] sps=736,670  policy_loss=-0.0002  value_loss=4.2003  mi_loss=0.0014  mi_valid=0.83  div_loss=-0.3105  kl_loss=0.0000 (disabled)  score=0.655  return=-0.625  role_std=7.7581  role_norm=28.5874  enc_delta ego=0.0008 partner=0.0008 road=0.0013
[ROMA step 4,258,529,280] sps=731,302  policy_loss=0.0031  value_loss=3.9391  mi_loss=0.0013  mi_valid=0.81  div_loss=-0.2812  kl_loss=0.0000 (disabled)  score=0.654  return=-0.627  role_std=9.6204  role_norm=33.6038  enc_delta ego=0.0009 partner=0.0009 road=0.0013
[ROMA step 4,259,315,712] sps=730,155  policy_loss=-0.0012  value_loss=3.5138  mi_loss=0.0013  mi_valid=0.81  div_loss=-0.2676  kl_loss=0.0000 (disabled)  score=0.653  return=-0.629  role_std=8.6780  role_norm=33.3040  enc_delta ego=0.0009 partner=0.0010 road=0.0018
[ROMA step 4,260,102,144] sps=729,013  policy_loss=0.0053  value_loss=2.7175  mi_loss=0.0013  mi_valid=0.81  div_loss=-0.2578  kl_loss=0.0000 (disabled)  score=0.651  return=-0.624  role_std=7.6083  role_norm=32.6264  enc_delta ego=0.0009 partner=0.0010 road=0.0018
[ROMA step 4,260,888,576] sps=724,236  policy_loss=-0.0077  value_loss=2.5918  mi_loss=0.0013  mi_valid=0.78  div_loss=-0.2441  kl_loss=0.0000 (disabled)  score=0.650  return=-0.622  role_std=7.0128  role_norm=31.5338  enc_delta ego=0.0006 partner=0.0007 road=0.0015
[ROMA step 4,261,675,008] sps=723,108  policy_loss=0.0035  value_loss=2.9468  mi_loss=0.0013  mi_valid=0.82  div_loss=-0.2539  kl_loss=0.0000 (disabled)  score=0.648  return=-0.624  role_std=6.1372  role_norm=30.1551  enc_delta ego=0.0006 partner=0.0009 road=0.0015
[ROMA step 4,262,461,440] sps=721,973  policy_loss=-0.0006  value_loss=2.5733  mi_loss=0.0013  mi_valid=0.82  div_loss=-0.2393  kl_loss=0.0000 (disabled)  score=0.647  return=-0.620  role_std=8.7357  role_norm=34.0845  enc_delta ego=0.0006 partner=0.0010 road=0.0013
[ROMA step 4,263,247,872] sps=720,860  policy_loss=0.0002  value_loss=2.4539  mi_loss=0.0013  mi_valid=0.80  div_loss=-0.2246  kl_loss=0.0000 (disabled)  score=0.647  return=-0.622  role_std=7.2473  role_norm=33.9953  enc_delta ego=0.0006 partner=0.0008 road=0.0013
[ROMA step 4,264,034,304] sps=716,282  policy_loss=0.0039  value_loss=2.8688  mi_loss=0.0013  mi_valid=0.77  div_loss=-0.2285  kl_loss=0.0000 (disabled)  score=0.648  return=-0.617  role_std=6.9186  role_norm=33.3925  enc_delta ego=0.0005 partner=0.0010 road=0.0015
[ROMA step 4,264,820,736] sps=715,180  policy_loss=-0.0089  value_loss=1.9087  mi_loss=0.0013  mi_valid=0.80  div_loss=-0.2139  kl_loss=0.0000 (disabled)  score=0.648  return=-0.603  role_std=6.4824  role_norm=32.3451  enc_delta ego=0.0005 partner=0.0007 road=0.0014
[ROMA step 4,265,607,168] sps=714,068  policy_loss=-0.0010  value_loss=1.6865  mi_loss=0.0012  mi_valid=0.80  div_loss=-0.2070  kl_loss=0.0000 (disabled)  score=0.649  return=-0.581  role_std=5.8491  role_norm=31.5504  enc_delta ego=0.0007 partner=0.0008 road=0.0014
[ROMA step 4,266,393,600] sps=709,850  policy_loss=0.0024  value_loss=1.9577  mi_loss=0.0013  mi_valid=0.80  div_loss=-0.2080  kl_loss=0.0000 (disabled)  score=0.650  return=-0.564  role_std=7.8713  role_norm=34.2361  enc_delta ego=0.0007 partner=0.0008 road=0.0013
[ROMA step 4,267,180,032] sps=708,799  policy_loss=0.0020  value_loss=2.2525  mi_loss=0.0014  mi_valid=0.80  div_loss=-0.2148  kl_loss=0.0000 (disabled)  score=0.651  return=-0.549  role_std=7.5592  role_norm=33.9188  enc_delta ego=0.0011 partner=0.0009 road=0.0014
[ROMA step 4,267,966,464] sps=707,741  policy_loss=-0.0018  value_loss=2.2508  mi_loss=0.0014  mi_valid=0.80  div_loss=-0.2295  kl_loss=0.0000 (disabled)  score=0.652  return=-0.539  role_std=7.1674  role_norm=33.0885  enc_delta ego=0.0011 partner=0.0009 road=0.0012
[ROMA step 4,268,752,896] sps=706,691  policy_loss=0.0011  value_loss=1.9197  mi_loss=0.0014  mi_valid=0.80  div_loss=-0.2168  kl_loss=0.0000 (disabled)  score=0.652  return=-0.524  role_std=7.0595  role_norm=32.2847  enc_delta ego=0.0011 partner=0.0009 road=0.0015
[ROMA step 4,269,539,328] sps=699,447  policy_loss=0.0011  value_loss=2.3126  mi_loss=0.0014  mi_valid=0.77  div_loss=-0.2412  kl_loss=0.0000 (disabled)  score=0.653  return=-0.504  role_std=6.8556  role_norm=31.0941  enc_delta ego=0.0006 partner=0.0007 road=0.0011
[ROMA step 4,270,325,760] sps=698,423  policy_loss=0.0016  value_loss=2.9023  mi_loss=0.0013  mi_valid=0.82  div_loss=-0.2637  kl_loss=0.0000 (disabled)  score=0.654  return=-0.494  role_std=9.4487  role_norm=33.9744  enc_delta ego=0.0006 partner=0.0009 road=0.0014
[ROMA step 4,271,112,192] sps=697,403  policy_loss=0.0054  value_loss=4.0486  mi_loss=0.0013  mi_valid=0.82  div_loss=-0.2773  kl_loss=0.0000 (disabled)  score=0.655  return=-0.486  role_std=9.2183  role_norm=33.4588  enc_delta ego=0.0007 partner=0.0007 road=0.0012
[ROMA step 4,271,898,624] sps=691,189  policy_loss=0.0011  value_loss=3.8285  mi_loss=0.0014  mi_valid=0.77  div_loss=-0.2773  kl_loss=0.0000 (disabled)  score=0.655  return=-0.484  role_std=7.8533  role_norm=33.4183  enc_delta ego=0.0007 partner=0.0009 road=0.0015
[ROMA step 4,272,685,056] sps=690,197  policy_loss=0.0027  value_loss=2.3282  mi_loss=0.0014  mi_valid=0.80  div_loss=-0.2334  kl_loss=0.0000 (disabled)  score=0.657  return=-0.470  role_std=7.5898  role_norm=32.8811  enc_delta ego=0.0006 partner=0.0007 road=0.0019
[ROMA step 4,273,471,488] sps=689,200  policy_loss=0.0012  value_loss=2.4829  mi_loss=0.0014  mi_valid=0.80  div_loss=-0.2373  kl_loss=0.0000 (disabled)  score=0.658  return=-0.461  role_std=7.0074  role_norm=32.1534  enc_delta ego=0.0006 partner=0.0007 road=0.0011
[ROMA step 4,274,257,920] sps=688,210  policy_loss=0.0067  value_loss=2.1434  mi_loss=0.0014  mi_valid=0.80  div_loss=-0.2246  kl_loss=0.0000 (disabled)  score=0.659  return=-0.455  role_std=7.0621  role_norm=31.4474  enc_delta ego=0.0009 partner=0.0007 road=0.0014
[ROMA step 4,275,044,352] sps=684,402  policy_loss=-0.0056  value_loss=1.9947  mi_loss=0.0013  mi_valid=0.80  div_loss=-0.2188  kl_loss=0.0000 (disabled)  score=0.660  return=-0.450  role_std=6.8573  role_norm=34.5297  enc_delta ego=0.0007 partner=0.0007 road=0.0010
[ROMA step 4,275,830,784] sps=683,409  policy_loss=0.0008  value_loss=2.7062  mi_loss=0.0013  mi_valid=0.80  div_loss=-0.2295  kl_loss=0.0000 (disabled)  score=0.661  return=-0.439  role_std=8.8357  role_norm=34.4601  enc_delta ego=0.0006 partner=0.0007 road=0.0012
[ROMA step 4,276,617,216] sps=682,436  policy_loss=-0.0001  value_loss=3.0331  mi_loss=0.0013  mi_valid=0.80  div_loss=-0.2500  kl_loss=0.0000 (disabled)  score=0.662  return=-0.437  role_std=7.7138  role_norm=33.7765  enc_delta ego=0.0007 partner=0.0009 road=0.0012
[ROMA step 4,277,403,648] sps=678,089  policy_loss=0.0031  value_loss=2.8905  mi_loss=0.0013  mi_valid=0.77  div_loss=-0.2500  kl_loss=0.0000 (disabled)  score=0.663  return=-0.439  role_std=7.4295  role_norm=31.9661  enc_delta ego=0.0006 partner=0.0008 road=0.0012
[ROMA step 4,278,190,080] sps=677,126  policy_loss=-0.0042  value_loss=3.0772  mi_loss=0.0013  mi_valid=0.80  div_loss=-0.2656  kl_loss=0.0000 (disabled)  score=0.662  return=-0.450  role_std=7.0363  role_norm=31.2045  enc_delta ego=0.0011 partner=0.0007 road=0.0012
[ROMA step 4,278,976,512] sps=676,169  policy_loss=0.0008  value_loss=2.8975  mi_loss=0.0013  mi_valid=0.83  div_loss=-0.2598  kl_loss=0.0000 (disabled)  score=0.661  return=-0.455  role_std=8.9921  role_norm=34.0430  enc_delta ego=0.0007 partner=0.0008 road=0.0012
[ROMA step 4,279,762,944] sps=675,211  policy_loss=-0.0036  value_loss=3.4530  mi_loss=0.0013  mi_valid=0.81  div_loss=-0.2520  kl_loss=0.0000 (disabled)  score=0.660  return=-0.464  role_std=8.3910  role_norm=33.9835  enc_delta ego=0.0010 partner=0.0007 road=0.0010
[ROMA step 4,280,549,376] sps=671,423  policy_loss=0.0028  value_loss=3.5898  mi_loss=0.0014  mi_valid=0.77  div_loss=-0.2539  kl_loss=0.0000 (disabled)  score=0.660  return=-0.471  role_std=8.9681  role_norm=33.3480  enc_delta ego=0.0007 partner=0.0008 road=0.0010
[ROMA step 4,281,335,808] sps=670,491  policy_loss=0.0079  value_loss=2.6741  mi_loss=0.0013  mi_valid=0.80  div_loss=-0.2441  kl_loss=0.0000 (disabled)  score=0.660  return=-0.466  role_std=8.1166  role_norm=32.4780  enc_delta ego=0.0007 partner=0.0007 road=0.0011
[ROMA step 4,282,122,240] sps=669,559  policy_loss=0.0039  value_loss=2.6647  mi_loss=0.0013  mi_valid=0.80  div_loss=-0.2617  kl_loss=0.0000 (disabled)  score=0.660  return=-0.470  role_std=7.3364  role_norm=31.6906  enc_delta ego=0.0009 partner=0.0008 road=0.0011
[ROMA step 4,282,908,672] sps=668,621  policy_loss=0.0012  value_loss=2.1861  mi_loss=0.0013  mi_valid=0.81  div_loss=-0.2314  kl_loss=0.0000 (disabled)  score=0.660  return=-0.457  role_std=7.0833  role_norm=30.5101  enc_delta ego=0.0008 partner=0.0008 road=0.0011
[ROMA step 4,283,695,104] sps=664,904  policy_loss=-0.0007  value_loss=2.0734  mi_loss=0.0013  mi_valid=0.80  div_loss=-0.2236  kl_loss=0.0000 (disabled)  score=0.661  return=-0.442  role_std=7.9414  role_norm=33.5250  enc_delta ego=0.0005 partner=0.0007 road=0.0013
[ROMA step 4,284,481,536] sps=663,981  policy_loss=-0.0036  value_loss=2.2045  mi_loss=0.0014  mi_valid=0.80  div_loss=-0.2168  kl_loss=0.0000 (disabled)  score=0.662  return=-0.424  role_std=7.4427  role_norm=33.6088  enc_delta ego=0.0007 partner=0.0009 road=0.0010
[ROMA step 4,285,267,968] sps=663,064  policy_loss=-0.0016  value_loss=2.4870  mi_loss=0.0014  mi_valid=0.80  div_loss=-0.2344  kl_loss=0.0000 (disabled)  score=0.664  return=-0.403  role_std=8.0108  role_norm=32.7708  enc_delta ego=0.0006 partner=0.0007 road=0.0013
[ROMA step 4,286,054,400] sps=659,304  policy_loss=-0.0004  value_loss=2.3164  mi_loss=0.0014  mi_valid=0.77  div_loss=-0.2383  kl_loss=0.0000 (disabled)  score=0.666  return=-0.380  role_std=7.5212  role_norm=30.9804  enc_delta ego=0.0006 partner=0.0006 road=0.0009
[ROMA step 4,286,840,832] sps=658,390  policy_loss=0.0049  value_loss=3.0669  mi_loss=0.0013  mi_valid=0.81  div_loss=-0.2637  kl_loss=0.0000 (disabled)  score=0.668  return=-0.376  role_std=6.7399  role_norm=30.4477  enc_delta ego=0.0006 partner=0.0007 road=0.0009
[ROMA step 4,287,627,264] sps=657,488  policy_loss=0.0039  value_loss=2.5857  mi_loss=0.0014  mi_valid=0.83  div_loss=-0.2461  kl_loss=0.0000 (disabled)  score=0.669  return=-0.369  role_std=7.9676  role_norm=33.2769  enc_delta ego=0.0006 partner=0.0008 road=0.0011
[ROMA step 4,288,413,696] sps=656,551  policy_loss=-0.0010  value_loss=3.2886  mi_loss=0.0014  mi_valid=0.80  div_loss=-0.2539  kl_loss=0.0000 (disabled)  score=0.671  return=-0.364  role_std=8.3359  role_norm=33.4522  enc_delta ego=0.0005 partner=0.0007 road=0.0010
[ROMA step 4,289,200,128] sps=653,359  policy_loss=-0.0055  value_loss=2.4599  mi_loss=0.0014  mi_valid=0.77  div_loss=-0.2383  kl_loss=0.0000 (disabled)  score=0.672  return=-0.357  role_std=7.8725  role_norm=33.1937  enc_delta ego=0.0007 partner=0.0008 road=0.0013
[ROMA step 4,289,986,560] sps=652,459  policy_loss=0.0087  value_loss=2.7764  mi_loss=0.0014  mi_valid=0.80  div_loss=-0.2480  kl_loss=0.0000 (disabled)  score=0.672  return=-0.357  role_std=7.0707  role_norm=32.1886  enc_delta ego=0.0007 partner=0.0007 road=0.0012
[ROMA step 4,290,772,992] sps=651,564  policy_loss=0.0024  value_loss=2.1655  mi_loss=0.0014  mi_valid=0.80  div_loss=-0.2295  kl_loss=0.0000 (disabled)  score=0.673  return=-0.351  role_std=6.9544  role_norm=31.3305  enc_delta ego=0.0007 partner=0.0008 road=0.0014
[ROMA step 4,291,559,424] sps=647,768  policy_loss=0.0029  value_loss=2.5129  mi_loss=0.0014  mi_valid=0.80  div_loss=-0.2295  kl_loss=0.0000 (disabled)  score=0.673  return=-0.352  role_std=8.2273  role_norm=34.0758  enc_delta ego=0.0008 partner=0.0007 road=0.0013
[ROMA step 4,292,345,856] sps=646,906  policy_loss=0.0083  value_loss=3.0468  mi_loss=0.0014  mi_valid=0.80  div_loss=-0.2354  kl_loss=0.0000 (disabled)  score=0.672  return=-0.357  role_std=7.6930  role_norm=33.7534  enc_delta ego=0.0007 partner=0.0008 road=0.0012
[ROMA step 4,293,132,288] sps=646,046  policy_loss=0.0010  value_loss=2.0483  mi_loss=0.0014  mi_valid=0.80  div_loss=-0.2158  kl_loss=0.0000 (disabled)  score=0.672  return=-0.358  role_std=9.1359  role_norm=33.7253  enc_delta ego=0.0007 partner=0.0009 road=0.0013
[ROMA step 4,293,918,720] sps=645,141  policy_loss=0.0003  value_loss=1.6373  mi_loss=0.0014  mi_valid=0.80  div_loss=-0.2090  kl_loss=0.0000 (disabled)  score=0.671  return=-0.362  role_std=6.8864  role_norm=33.3469  enc_delta ego=0.0005 partner=0.0007 road=0.0011
[ROMA step 4,294,705,152] sps=641,585  policy_loss=0.0047  value_loss=2.1607  mi_loss=0.0014  mi_valid=0.78  div_loss=-0.2236  kl_loss=0.0000 (disabled)  score=0.669  return=-0.367  role_std=7.4849  role_norm=31.8157  enc_delta ego=0.0006 partner=0.0008 road=0.0014
[ROMA step 4,295,491,584] sps=640,725  policy_loss=-0.0032  value_loss=2.6710  mi_loss=0.0013  mi_valid=0.83  div_loss=-0.2578  kl_loss=0.0000 (disabled)  score=0.669  return=-0.378  role_std=8.5552  role_norm=33.7894  enc_delta ego=0.0006 partner=0.0006 road=0.0011
[ROMA step 4,296,278,016] sps=639,878  policy_loss=0.0048  value_loss=2.7973  mi_loss=0.0014  mi_valid=0.83  div_loss=-0.2539  kl_loss=0.0000 (disabled)  score=0.668  return=-0.384  role_std=8.8020  role_norm=33.6034  enc_delta ego=0.0006 partner=0.0006 road=0.0010
[ROMA step 4,297,064,448] sps=636,829  policy_loss=0.0026  value_loss=2.7594  mi_loss=0.0015  mi_valid=0.77  div_loss=-0.2500  kl_loss=0.0000 (disabled)  score=0.668  return=-0.395  role_std=7.4311  role_norm=33.5913  enc_delta ego=0.0008 partner=0.0008 road=0.0013
[ROMA step 4,297,850,880] sps=635,982  policy_loss=-0.0047  value_loss=2.0546  mi_loss=0.0014  mi_valid=0.80  div_loss=-0.2295  kl_loss=0.0000 (disabled)  score=0.669  return=-0.384  role_std=7.9181  role_norm=32.9935  enc_delta ego=0.0008 partner=0.0008 road=0.0012
[ROMA step 4,298,637,312] sps=635,160  policy_loss=0.0007  value_loss=1.7724  mi_loss=0.0015  mi_valid=0.80  div_loss=-0.2139  kl_loss=0.0000 (disabled)  score=0.669  return=-0.374  role_std=7.3515  role_norm=32.5604  enc_delta ego=0.0007 partner=0.0007 road=0.0011
[ROMA step 4,299,423,744] sps=634,335  policy_loss=0.0011  value_loss=2.0253  mi_loss=0.0014  mi_valid=0.80  div_loss=-0.2227  kl_loss=0.0000 (disabled)  score=0.670  return=-0.359  role_std=6.5031  role_norm=31.8522  enc_delta ego=0.0006 partner=0.0007 road=0.0010
[ROMA step 4,300,210,176] sps=631,570  policy_loss=0.0066  value_loss=2.6696  mi_loss=0.0014  mi_valid=0.80  div_loss=-0.2373  kl_loss=0.0000 (disabled)  score=0.670  return=-0.358  role_std=7.5327  role_norm=34.2636  enc_delta ego=0.0007 partner=0.0005 road=0.0011
[ROMA step 4,300,996,608] sps=630,758  policy_loss=0.0001  value_loss=2.4663  mi_loss=0.0015  mi_valid=0.80  div_loss=-0.2246  kl_loss=0.0000 (disabled)  score=0.669  return=-0.357  role_std=8.3481  role_norm=34.1898  enc_delta ego=0.0008 partner=0.0008 road=0.0013
[ROMA step 4,301,783,040] sps=629,935  policy_loss=-0.0056  value_loss=2.5087  mi_loss=0.0015  mi_valid=0.80  div_loss=-0.2324  kl_loss=0.0000 (disabled)  score=0.669  return=-0.357  role_std=8.0581  role_norm=34.2145  enc_delta ego=0.0007 partner=0.0007 road=0.0012
[ROMA step 4,302,569,472] sps=626,330  policy_loss=-0.0003  value_loss=2.1870  mi_loss=0.0015  mi_valid=0.78  div_loss=-0.2227  kl_loss=0.0000 (disabled)  score=0.668  return=-0.358  role_std=6.4168  role_norm=33.1048  enc_delta ego=0.0005 partner=0.0007 road=0.0011
[ROMA step 4,303,355,904] sps=625,509  policy_loss=0.0009  value_loss=1.8601  mi_loss=0.0014  mi_valid=0.80  div_loss=-0.2178  kl_loss=0.0000 (disabled)  score=0.667  return=-0.357  role_std=6.1428  role_norm=32.5898  enc_delta ego=0.0005 partner=0.0007 road=0.0011
[ROMA step 4,304,142,336] sps=624,683  policy_loss=0.0071  value_loss=2.7775  mi_loss=0.0014  mi_valid=0.83  div_loss=-0.2480  kl_loss=0.0000 (disabled)  score=0.667  return=-0.353  role_std=9.2522  role_norm=34.7800  enc_delta ego=0.0005 partner=0.0008 road=0.0015
[ROMA step 4,304,928,768] sps=623,824  policy_loss=0.0036  value_loss=2.6221  mi_loss=0.0014  mi_valid=0.81  div_loss=-0.2168  kl_loss=0.0000 (disabled)  score=0.667  return=-0.345  role_std=7.0846  role_norm=34.5980  enc_delta ego=0.0006 partner=0.0007 road=0.0010
[ROMA step 4,305,715,200] sps=619,564  policy_loss=0.0035  value_loss=3.3368  mi_loss=0.0015  mi_valid=0.78  div_loss=-0.2402  kl_loss=0.0000 (disabled)  score=0.666  return=-0.339  role_std=9.2396  role_norm=33.8113  enc_delta ego=0.0007 partner=0.0006 road=0.0011
[ROMA step 4,306,501,632] sps=618,770  policy_loss=0.0009  value_loss=3.2046  mi_loss=0.0015  mi_valid=0.81  div_loss=-0.2773  kl_loss=0.0000 (disabled)  score=0.666  return=-0.336  role_std=8.2401  role_norm=33.1872  enc_delta ego=0.0008 partner=0.0007 road=0.0015
[ROMA step 4,307,288,064] sps=617,981  policy_loss=0.0008  value_loss=2.7462  mi_loss=0.0015  mi_valid=0.81  div_loss=-0.2520  kl_loss=0.0000 (disabled)  score=0.665  return=-0.336  role_std=8.1966  role_norm=32.5322  enc_delta ego=0.0006 partner=0.0006 road=0.0012
[ROMA step 4,308,074,496] sps=617,194  policy_loss=0.0059  value_loss=2.5272  mi_loss=0.0014  mi_valid=0.81  div_loss=-0.2441  kl_loss=0.0000 (disabled)  score=0.665  return=-0.334  role_std=7.5322  role_norm=31.8464  enc_delta ego=0.0007 partner=0.0006 road=0.0012
[ROMA step 4,308,860,928] sps=612,894  policy_loss=0.0093  value_loss=2.5290  mi_loss=0.0014  mi_valid=0.81  div_loss=-0.2285  kl_loss=0.0000 (disabled)  score=0.666  return=-0.330  role_std=7.9950  role_norm=34.8760  enc_delta ego=0.0005 partner=0.0009 road=0.0014
[ROMA step 4,309,647,360] sps=612,103  policy_loss=-0.0020  value_loss=2.1205  mi_loss=0.0014  mi_valid=0.80  div_loss=-0.2188  kl_loss=0.0000 (disabled)  score=0.667  return=-0.327  role_std=7.8345  role_norm=34.5407  enc_delta ego=0.0005 partner=0.0008 road=0.0013
[ROMA step 4,310,433,792] sps=611,311  policy_loss=-0.0013  value_loss=2.3536  mi_loss=0.0014  mi_valid=0.80  div_loss=-0.2334  kl_loss=0.0000 (disabled)  score=0.666  return=-0.324  role_std=8.1793  role_norm=33.8728  enc_delta ego=0.0006 partner=0.0007 road=0.0011
[ROMA step 4,311,220,224] sps=607,744  policy_loss=0.0039  value_loss=2.3395  mi_loss=0.0014  mi_valid=0.78  div_loss=-0.2422  kl_loss=0.0000 (disabled)  score=0.666  return=-0.331  role_std=8.1155  role_norm=32.1697  enc_delta ego=0.0006 partner=0.0007 road=0.0011
[ROMA step 4,312,006,656] sps=606,981  policy_loss=0.0072  value_loss=3.0267  mi_loss=0.0013  mi_valid=0.81  div_loss=-0.2656  kl_loss=0.0000 (disabled)  score=0.663  return=-0.343  role_std=7.6378  role_norm=31.3768  enc_delta ego=0.0006 partner=0.0006 road=0.0009
[ROMA step 4,312,793,088] sps=606,208  policy_loss=0.0063  value_loss=2.5850  mi_loss=0.0014  mi_valid=0.83  div_loss=-0.2617  kl_loss=0.0000 (disabled)  score=0.662  return=-0.352  role_std=9.4308  role_norm=34.1665  enc_delta ego=0.0008 partner=0.0008 road=0.0012
[ROMA step 4,313,579,520] sps=605,453  policy_loss=0.0084  value_loss=4.1816  mi_loss=0.0014  mi_valid=0.81  div_loss=-0.2695  kl_loss=0.0000 (disabled)  score=0.660  return=-0.363  role_std=9.2940  role_norm=33.9257  enc_delta ego=0.0005 partner=0.0006 road=0.0008
[ROMA step 4,314,365,952] sps=602,462  policy_loss=-0.0020  value_loss=2.5148  mi_loss=0.0013  mi_valid=0.78  div_loss=-0.2285  kl_loss=0.0000 (disabled)  score=0.659  return=-0.361  role_std=6.8980  role_norm=33.2127  enc_delta ego=0.0006 partner=0.0007 road=0.0013
[ROMA step 4,315,152,384] sps=601,701  policy_loss=-0.0034  value_loss=2.1071  mi_loss=0.0013  mi_valid=0.80  div_loss=-0.2188  kl_loss=0.0000 (disabled)  score=0.660  return=-0.351  role_std=5.5728  role_norm=32.9146  enc_delta ego=0.0005 partner=0.0007 road=0.0010
[ROMA step 4,315,938,816] sps=600,949  policy_loss=0.0098  value_loss=1.8576  mi_loss=0.0013  mi_valid=0.80  div_loss=-0.2051  kl_loss=0.0000 (disabled)  score=0.661  return=-0.336  role_std=6.8320  role_norm=32.7025  enc_delta ego=0.0005 partner=0.0007 road=0.0012
[ROMA step 4,316,725,248] sps=597,878  policy_loss=0.0032  value_loss=2.0193  mi_loss=0.0014  mi_valid=0.80  div_loss=-0.2197  kl_loss=0.0000 (disabled)  score=0.661  return=-0.332  role_std=8.0443  role_norm=34.9165  enc_delta ego=0.0005 partner=0.0007 road=0.0011
[ROMA step 4,317,511,680] sps=597,141  policy_loss=0.0066  value_loss=3.5807  mi_loss=0.0015  mi_valid=0.80  div_loss=-0.2480  kl_loss=0.0000 (disabled)  score=0.661  return=-0.339  role_std=8.4834  role_norm=34.6545  enc_delta ego=0.0006 partner=0.0007 road=0.0010
[ROMA step 4,318,298,112] sps=596,394  policy_loss=0.0034  value_loss=3.0059  mi_loss=0.0015  mi_valid=0.80  div_loss=-0.2559  kl_loss=0.0000 (disabled)  score=0.662  return=-0.339  role_std=8.1867  role_norm=33.9007  enc_delta ego=0.0006 partner=0.0006 road=0.0009
[ROMA step 4,319,084,544] sps=595,650  policy_loss=0.0017  value_loss=2.1282  mi_loss=0.0015  mi_valid=0.80  div_loss=-0.2344  kl_loss=0.0000 (disabled)  score=0.661  return=-0.340  role_std=8.2029  role_norm=33.2021  enc_delta ego=0.0006 partner=0.0007 road=0.0010
[ROMA step 4,319,870,976] sps=592,196  policy_loss=-0.0006  value_loss=2.7626  mi_loss=0.0015  mi_valid=0.78  div_loss=-0.2461  kl_loss=0.0000 (disabled)  score=0.661  return=-0.343  role_std=6.8651  role_norm=31.6018  enc_delta ego=0.0005 partner=0.0006 road=0.0009
[ROMA step 4,320,657,408] sps=591,457  policy_loss=-0.0023  value_loss=1.9886  mi_loss=0.0014  mi_valid=0.82  div_loss=-0.2197  kl_loss=0.0000 (disabled)  score=0.660  return=-0.342  role_std=6.2733  role_norm=30.5934  enc_delta ego=0.0005 partner=0.0007 road=0.0009
[ROMA step 4,321,443,840] sps=590,754  policy_loss=-0.0039  value_loss=2.3696  mi_loss=0.0015  mi_valid=0.83  div_loss=-0.2285  kl_loss=0.0000 (disabled)  score=0.659  return=-0.343  role_std=8.1317  role_norm=34.0250  enc_delta ego=0.0005 partner=0.0005 road=0.0009
[ROMA step 4,322,230,272] sps=587,647  policy_loss=0.0008  value_loss=1.6374  mi_loss=0.0015  mi_valid=0.78  div_loss=-0.2021  kl_loss=0.0000 (disabled)  score=0.658  return=-0.349  role_std=5.7392  role_norm=33.8775  enc_delta ego=0.0005 partner=0.0006 road=0.0008
[ROMA step 4,323,016,704] sps=586,952  policy_loss=0.0039  value_loss=1.6219  mi_loss=0.0014  mi_valid=0.80  div_loss=-0.1777  kl_loss=0.0000 (disabled)  score=0.660  return=-0.329  role_std=6.1362  role_norm=33.7515  enc_delta ego=0.0006 partner=0.0007 road=0.0012
[ROMA step 4,323,803,136] sps=586,261  policy_loss=-0.0003  value_loss=1.7712  mi_loss=0.0014  mi_valid=0.80  div_loss=-0.1914  kl_loss=0.0000 (disabled)  score=0.661  return=-0.315  role_std=5.5642  role_norm=33.7262  enc_delta ego=0.0006 partner=0.0006 road=0.0010
[ROMA step 4,324,589,568] sps=585,526  policy_loss=0.0088  value_loss=1.6121  mi_loss=0.0014  mi_valid=0.80  div_loss=-0.1875  kl_loss=0.0000 (disabled)  score=0.662  return=-0.298  role_std=4.7779  role_norm=33.3653  enc_delta ego=0.0007 partner=0.0005 road=0.0010
[ROMA step 4,325,376,000] sps=582,589  policy_loss=0.0045  value_loss=2.3953  mi_loss=0.0014  mi_valid=0.80  div_loss=-0.2158  kl_loss=0.0000 (disabled)  score=0.662  return=-0.294  role_std=8.9914  role_norm=34.9738  enc_delta ego=0.0005 partner=0.0007 road=0.0012
[ROMA step 4,326,162,432] sps=581,904  policy_loss=0.0044  value_loss=2.5548  mi_loss=0.0015  mi_valid=0.80  div_loss=-0.2256  kl_loss=0.0000 (disabled)  score=0.661  return=-0.296  role_std=8.0587  role_norm=34.9861  enc_delta ego=0.0006 partner=0.0006 road=0.0010
[ROMA step 4,326,948,864] sps=581,214  policy_loss=0.0058  value_loss=2.6481  mi_loss=0.0015  mi_valid=0.80  div_loss=-0.2168  kl_loss=0.0000 (disabled)  score=0.661  return=-0.298  role_std=7.8432  role_norm=34.4886  enc_delta ego=0.0006 partner=0.0006 road=0.0011
[ROMA step 4,327,735,296] sps=578,202  policy_loss=0.0020  value_loss=2.2431  mi_loss=0.0015  mi_valid=0.77  div_loss=-0.2188  kl_loss=0.0000 (disabled)  score=0.662  return=-0.300  role_std=6.1278  role_norm=33.3525  enc_delta ego=0.0006 partner=0.0006 road=0.0009
[ROMA step 4,328,521,728] sps=577,523  policy_loss=0.0002  value_loss=2.4187  mi_loss=0.0015  mi_valid=0.81  div_loss=-0.2275  kl_loss=0.0000 (disabled)  score=0.662  return=-0.301  role_std=5.7796  role_norm=32.9600  enc_delta ego=0.0006 partner=0.0007 road=0.0014
[ROMA step 4,329,308,160] sps=576,844  policy_loss=-0.0054  value_loss=2.3238  mi_loss=0.0015  mi_valid=0.83  div_loss=-0.2217  kl_loss=0.0000 (disabled)  score=0.661  return=-0.302  role_std=7.3365  role_norm=34.5589  enc_delta ego=0.0005 partner=0.0006 road=0.0008
[ROMA step 4,330,094,592] sps=576,160  policy_loss=-0.0016  value_loss=2.2556  mi_loss=0.0015  mi_valid=0.82  div_loss=-0.2188  kl_loss=0.0000 (disabled)  score=0.661  return=-0.296  role_std=7.7604  role_norm=34.1937  enc_delta ego=0.0006 partner=0.0006 road=0.0010
[ROMA step 4,330,881,024] sps=573,287  policy_loss=-0.0030  value_loss=1.7465  mi_loss=0.0015  mi_valid=0.78  div_loss=-0.2051  kl_loss=0.0000 (disabled)  score=0.662  return=-0.292  role_std=7.1495  role_norm=33.9195  enc_delta ego=0.0005 partner=0.0007 road=0.0010
[ROMA step 4,331,667,456] sps=572,623  policy_loss=-0.0006  value_loss=2.1081  mi_loss=0.0015  mi_valid=0.80  div_loss=-0.2188  kl_loss=0.0000 (disabled)  score=0.662  return=-0.293  role_std=7.1109  role_norm=33.6070  enc_delta ego=0.0004 partner=0.0005 road=0.0008
[ROMA step 4,332,453,888] sps=571,947  policy_loss=-0.0015  value_loss=1.6675  mi_loss=0.0015  mi_valid=0.80  div_loss=-0.1973  kl_loss=0.0000 (disabled)  score=0.662  return=-0.281  role_std=6.2942  role_norm=32.9378  enc_delta ego=0.0006 partner=0.0007 road=0.0011
[ROMA step 4,333,240,320] sps=571,283  policy_loss=-0.0011  value_loss=2.3781  mi_loss=0.0014  mi_valid=0.80  div_loss=-0.2266  kl_loss=0.0000 (disabled)  score=0.663  return=-0.283  role_std=5.6124  role_norm=32.4600  enc_delta ego=0.0005 partner=0.0006 road=0.0011
[ROMA step 4,334,026,752] sps=567,009  policy_loss=0.0056  value_loss=1.9210  mi_loss=0.0014  mi_valid=0.82  div_loss=-0.2090  kl_loss=0.0000 (disabled)  score=0.664  return=-0.276  role_std=6.2879  role_norm=34.7164  enc_delta ego=0.0006 partner=0.0007 road=0.0010
[ROMA step 4,334,813,184] sps=566,353  policy_loss=0.0031  value_loss=2.0248  mi_loss=0.0014  mi_valid=0.80  div_loss=-0.2100  kl_loss=0.0000 (disabled)  score=0.667  return=-0.257  role_std=7.8548  role_norm=34.2855  enc_delta ego=0.0007 partner=0.0006 road=0.0010
[ROMA step 4,335,599,616] sps=565,703  policy_loss=-0.0029  value_loss=1.9899  mi_loss=0.0014  mi_valid=0.80  div_loss=-0.2188  kl_loss=0.0000 (disabled)  score=0.668  return=-0.248  role_std=7.2329  role_norm=33.8645  enc_delta ego=0.0007 partner=0.0007 road=0.0011
[ROMA step 4,336,386,048] sps=562,709  policy_loss=0.0007  value_loss=1.9046  mi_loss=0.0014  mi_valid=0.77  div_loss=-0.2168  kl_loss=0.0000 (disabled)  score=0.669  return=-0.239  role_std=7.1279  role_norm=32.6867  enc_delta ego=0.0005 partner=0.0006 road=0.0008
[ROMA step 4,337,172,480] sps=562,068  policy_loss=0.0012  value_loss=2.4540  mi_loss=0.0013  mi_valid=0.80  div_loss=-0.2520  kl_loss=0.0000 (disabled)  score=0.668  return=-0.244  role_std=6.3598  role_norm=31.8560  enc_delta ego=0.0004 partner=0.0006 road=0.0008
[ROMA step 4,337,958,912] sps=561,445  policy_loss=0.0036  value_loss=2.3414  mi_loss=0.0014  mi_valid=0.82  div_loss=-0.2363  kl_loss=0.0000 (disabled)  score=0.668  return=-0.247  role_std=8.7194  role_norm=33.9818  enc_delta ego=0.0006 partner=0.0007 road=0.0012
[ROMA step 4,338,745,344] sps=560,816  policy_loss=-0.0039  value_loss=2.5852  mi_loss=0.0014  mi_valid=0.80  div_loss=-0.2344  kl_loss=0.0000 (disabled)  score=0.667  return=-0.245  role_std=8.6211  role_norm=33.7032  enc_delta ego=0.0006 partner=0.0007 road=0.0009
[ROMA step 4,339,531,776] sps=558,248  policy_loss=-0.0031  value_loss=3.0473  mi_loss=0.0015  mi_valid=0.78  div_loss=-0.2412  kl_loss=0.0000 (disabled)  score=0.668  return=-0.244  role_std=8.2466  role_norm=33.0443  enc_delta ego=0.0005 partner=0.0007 road=0.0009
[ROMA step 4,340,318,208] sps=557,616  policy_loss=0.0015  value_loss=3.1121  mi_loss=0.0015  mi_valid=0.81  div_loss=-0.2500  kl_loss=0.0000 (disabled)  score=0.669  return=-0.239  role_std=7.7040  role_norm=32.4451  enc_delta ego=0.0006 partner=0.0006 road=0.0010
[ROMA step 4,341,104,640] sps=556,987  policy_loss=0.0046  value_loss=2.9146  mi_loss=0.0015  mi_valid=0.81  div_loss=-0.2520  kl_loss=0.0000 (disabled)  score=0.669  return=-0.234  role_std=7.3462  role_norm=32.1859  enc_delta ego=0.0005 partner=0.0006 road=0.0009
[ROMA step 4,341,891,072] sps=554,797  policy_loss=0.0036  value_loss=3.1075  mi_loss=0.0014  mi_valid=0.81  div_loss=-0.2656  kl_loss=0.0000 (disabled)  score=0.670  return=-0.233  role_std=9.4165  role_norm=34.2200  enc_delta ego=0.0006 partner=0.0007 road=0.0011
[ROMA step 4,342,677,504] sps=554,171  policy_loss=0.0058  value_loss=3.2419  mi_loss=0.0015  mi_valid=0.81  div_loss=-0.2461  kl_loss=0.0000 (disabled)  score=0.669  return=-0.242  role_std=8.9997  role_norm=34.0944  enc_delta ego=0.0005 partner=0.0007 road=0.0011
[ROMA step 4,343,463,936] sps=553,547  policy_loss=0.0034  value_loss=3.0634  mi_loss=0.0015  mi_valid=0.81  div_loss=-0.2422  kl_loss=0.0000 (disabled)  score=0.668  return=-0.254  role_std=7.9291  role_norm=33.9404  enc_delta ego=0.0005 partner=0.0005 road=0.0011
[ROMA step 4,344,250,368] sps=552,927  policy_loss=-0.0016  value_loss=2.4692  mi_loss=0.0015  mi_valid=0.80  div_loss=-0.2334  kl_loss=0.0000 (disabled)  score=0.667  return=-0.259  role_std=8.0552  role_norm=33.4156  enc_delta ego=0.0005 partner=0.0005 road=0.0009
[ROMA step 4,345,036,800] sps=550,623  policy_loss=0.0001  value_loss=2.8356  mi_loss=0.0015  mi_valid=0.78  div_loss=-0.2656  kl_loss=0.0000 (disabled)  score=0.667  return=-0.265  role_std=7.8187  role_norm=31.9998  enc_delta ego=0.0007 partner=0.0006 road=0.0011
[ROMA step 4,345,823,232] sps=550,017  policy_loss=0.0018  value_loss=2.9216  mi_loss=0.0015  mi_valid=0.82  div_loss=-0.2578  kl_loss=0.0000 (disabled)  score=0.666  return=-0.270  role_std=7.0886  role_norm=31.1392  enc_delta ego=0.0004 partner=0.0005 road=0.0007
[ROMA step 4,346,609,664] sps=549,408  policy_loss=0.0061  value_loss=2.9680  mi_loss=0.0015  mi_valid=0.83  div_loss=-0.2656  kl_loss=0.0000 (disabled)  score=0.666  return=-0.274  role_std=9.4917  role_norm=34.1203  enc_delta ego=0.0006 partner=0.0007 road=0.0010
[ROMA step 4,347,396,096] sps=547,236  policy_loss=0.0044  value_loss=3.7695  mi_loss=0.0015  mi_valid=0.78  div_loss=-0.2637  kl_loss=0.0000 (disabled)  score=0.665  return=-0.288  role_std=7.4817  role_norm=34.4835  enc_delta ego=0.0005 partner=0.0005 road=0.0008
[ROMA step 4,348,182,528] sps=546,640  policy_loss=0.0042  value_loss=2.5274  mi_loss=0.0014  mi_valid=0.80  div_loss=-0.2344  kl_loss=0.0000 (disabled)  score=0.666  return=-0.284  role_std=7.7569  role_norm=33.6359  enc_delta ego=0.0006 partner=0.0007 road=0.0010
[ROMA step 4,348,968,960] sps=546,045  policy_loss=-0.0000  value_loss=2.1065  mi_loss=0.0014  mi_valid=0.80  div_loss=-0.2207  kl_loss=0.0000 (disabled)  score=0.666  return=-0.283  role_std=7.7397  role_norm=33.1071  enc_delta ego=0.0005 partner=0.0006 road=0.0010
[ROMA step 4,349,755,392] sps=545,445  policy_loss=-0.0002  value_loss=1.9214  mi_loss=0.0014  mi_valid=0.80  div_loss=-0.2178  kl_loss=0.0000 (disabled)  score=0.667  return=-0.281  role_std=6.2456  role_norm=32.5391  enc_delta ego=0.0006 partner=0.0006 road=0.0009
[ROMA step 4,350,541,824] sps=542,809  policy_loss=0.0008  value_loss=2.0131  mi_loss=0.0014  mi_valid=0.80  div_loss=-0.2051  kl_loss=0.0000 (disabled)  score=0.668  return=-0.284  role_std=7.9011  role_norm=34.7864  enc_delta ego=0.0005 partner=0.0005 road=0.0008
[ROMA step 4,351,328,256] sps=542,214  policy_loss=0.0035  value_loss=2.5463  mi_loss=0.0014  mi_valid=0.80  div_loss=-0.2158  kl_loss=0.0000 (disabled)  score=0.668  return=-0.291  role_std=7.6862  role_norm=34.6658  enc_delta ego=0.0004 partner=0.0006 road=0.0008
[ROMA step 4,352,114,688] sps=541,621  policy_loss=0.0008  value_loss=1.8711  mi_loss=0.0014  mi_valid=0.80  div_loss=-0.2021  kl_loss=0.0000 (disabled)  score=0.668  return=-0.293  role_std=7.4023  role_norm=34.2451  enc_delta ego=0.0005 partner=0.0006 road=0.0009
[ROMA step 4,352,901,120] sps=539,304  policy_loss=-0.0005  value_loss=2.1338  mi_loss=0.0015  mi_valid=0.77  div_loss=-0.2197  kl_loss=0.0000 (disabled)  score=0.668  return=-0.300  role_std=6.6027  role_norm=33.3257  enc_delta ego=0.0004 partner=0.0006 road=0.0008
[ROMA step 4,353,687,552] sps=538,711  policy_loss=0.0085  value_loss=2.5297  mi_loss=0.0015  mi_valid=0.81  div_loss=-0.2305  kl_loss=0.0000 (disabled)  score=0.668  return=-0.298  role_std=6.4868  role_norm=32.6340  enc_delta ego=0.0004 partner=0.0004 road=0.0007
[ROMA step 4,354,473,984] sps=538,111  policy_loss=-0.0022  value_loss=2.4689  mi_loss=0.0015  mi_valid=0.83  div_loss=-0.2402  kl_loss=0.0000 (disabled)  score=0.669  return=-0.302  role_std=7.8674  role_norm=34.5865  enc_delta ego=0.0006 partner=0.0006 road=0.0007
[ROMA step 4,355,260,416] sps=537,529  policy_loss=0.0011  value_loss=2.3248  mi_loss=0.0015  mi_valid=0.83  div_loss=-0.2227  kl_loss=0.0000 (disabled)  score=0.668  return=-0.301  role_std=8.9040  role_norm=34.4426  enc_delta ego=0.0004 partner=0.0006 road=0.0008
[ROMA step 4,356,046,848] sps=535,234  policy_loss=-0.0041  value_loss=1.8240  mi_loss=0.0015  mi_valid=0.78  div_loss=-0.2129  kl_loss=0.0000 (disabled)  score=0.668  return=-0.299  role_std=7.5996  role_norm=34.1117  enc_delta ego=0.0005 partner=0.0006 road=0.0009
[ROMA step 4,356,833,280] sps=534,632  policy_loss=-0.0002  value_loss=2.2503  mi_loss=0.0015  mi_valid=0.80  div_loss=-0.2236  kl_loss=0.0000 (disabled)  score=0.669  return=-0.294  role_std=7.9360  role_norm=33.7468  enc_delta ego=0.0006 partner=0.0006 road=0.0010
[ROMA step 4,357,619,712] sps=534,063  policy_loss=-0.0020  value_loss=2.6466  mi_loss=0.0015  mi_valid=0.81  div_loss=-0.2500  kl_loss=0.0000 (disabled)  score=0.670  return=-0.299  role_std=7.4657  role_norm=33.2855  enc_delta ego=0.0004 partner=0.0006 road=0.0009
[ROMA step 4,358,406,144] sps=531,925  policy_loss=-0.0013  value_loss=2.1249  mi_loss=0.0014  mi_valid=0.81  div_loss=-0.2178  kl_loss=0.0000 (disabled)  score=0.670  return=-0.301  role_std=6.2598  role_norm=32.5397  enc_delta ego=0.0005 partner=0.0005 road=0.0009
[ROMA step 4,359,192,576] sps=531,362  policy_loss=0.0082  value_loss=2.3782  mi_loss=0.0014  mi_valid=0.83  div_loss=-0.2217  kl_loss=0.0000 (disabled)  score=0.670  return=-0.304  role_std=7.8828  role_norm=34.8827  enc_delta ego=0.0004 partner=0.0006 road=0.0007
[ROMA step 4,359,979,008] sps=530,807  policy_loss=0.0006  value_loss=2.8214  mi_loss=0.0014  mi_valid=0.80  div_loss=-0.2412  kl_loss=0.0000 (disabled)  score=0.671  return=-0.308  role_std=8.4741  role_norm=34.6674  enc_delta ego=0.0005 partner=0.0006 road=0.0008
[ROMA step 4,360,765,440] sps=530,233  policy_loss=-0.0020  value_loss=2.2012  mi_loss=0.0014  mi_valid=0.80  div_loss=-0.2236  kl_loss=0.0000 (disabled)  score=0.672  return=-0.315  role_std=7.0768  role_norm=34.1304  enc_delta ego=0.0005 partner=0.0005 road=0.0010
[ROMA step 4,361,551,872] sps=527,901  policy_loss=0.0019  value_loss=2.2682  mi_loss=0.0014  mi_valid=0.78  div_loss=-0.2285  kl_loss=0.0000 (disabled)  score=0.671  return=-0.314  role_std=6.7993  role_norm=32.9807  enc_delta ego=0.0005 partner=0.0005 road=0.0008
[ROMA step 4,362,338,304] sps=527,327  policy_loss=-0.0007  value_loss=1.3572  mi_loss=0.0013  mi_valid=0.81  div_loss=-0.1855  kl_loss=0.0000 (disabled)  score=0.670  return=-0.309  role_std=6.6504  role_norm=32.2731  enc_delta ego=0.0004 partner=0.0005 road=0.0008
[ROMA step 4,363,124,736] sps=526,759  policy_loss=0.0055  value_loss=1.6643  mi_loss=0.0014  mi_valid=0.83  div_loss=-0.2031  kl_loss=0.0000 (disabled)  score=0.669  return=-0.308  role_std=6.3893  role_norm=34.9002  enc_delta ego=0.0005 partner=0.0007 road=0.0008
[ROMA step 4,363,911,168] sps=526,199  policy_loss=0.0015  value_loss=1.3905  mi_loss=0.0014  mi_valid=0.81  div_loss=-0.1914  kl_loss=0.0000 (disabled)  score=0.669  return=-0.304  role_std=6.7655  role_norm=34.7968  enc_delta ego=0.0004 partner=0.0006 road=0.0009
[ROMA step 4,364,697,600] sps=524,157  policy_loss=-0.0025  value_loss=1.9497  mi_loss=0.0014  mi_valid=0.78  div_loss=-0.2080  kl_loss=0.0000 (disabled)  score=0.669  return=-0.300  role_std=6.6581  role_norm=34.2936  enc_delta ego=0.0005 partner=0.0005 road=0.0008
[ROMA step 4,365,484,032] sps=523,635  policy_loss=-0.0011  value_loss=1.9924  mi_loss=0.0015  mi_valid=0.80  div_loss=-0.2080  kl_loss=0.0000 (disabled)  score=0.669  return=-0.291  role_std=5.8121  role_norm=33.5127  enc_delta ego=0.0004 partner=0.0006 road=0.0007
[ROMA step 4,366,270,464] sps=523,079  policy_loss=-0.0002  value_loss=1.8609  mi_loss=0.0014  mi_valid=0.80  div_loss=-0.2051  kl_loss=0.0000 (disabled)  score=0.669  return=-0.283  role_std=6.5554  role_norm=32.8031  enc_delta ego=0.0005 partner=0.0004 road=0.0007
[ROMA step 4,367,056,896] sps=521,092  policy_loss=0.0033  value_loss=1.8862  mi_loss=0.0014  mi_valid=0.80  div_loss=-0.2129  kl_loss=0.0000 (disabled)  score=0.669  return=-0.279  role_std=7.7152  role_norm=34.8997  enc_delta ego=0.0005 partner=0.0005 road=0.0008
[ROMA step 4,367,843,328] sps=520,562  policy_loss=0.0053  value_loss=3.0332  mi_loss=0.0014  mi_valid=0.82  div_loss=-0.2578  kl_loss=0.0000 (disabled)  score=0.669  return=-0.279  role_std=9.0918  role_norm=34.2972  enc_delta ego=0.0004 partner=0.0005 road=0.0008
[ROMA step 4,368,629,760] sps=520,027  policy_loss=0.0042  value_loss=2.7108  mi_loss=0.0015  mi_valid=0.81  div_loss=-0.2539  kl_loss=0.0000 (disabled)  score=0.668  return=-0.280  role_std=7.5188  role_norm=33.8366  enc_delta ego=0.0006 partner=0.0006 road=0.0011
[ROMA step 4,369,416,192] sps=519,475  policy_loss=-0.0045  value_loss=2.3623  mi_loss=0.0014  mi_valid=0.80  div_loss=-0.2461  kl_loss=0.0000 (disabled)  score=0.668  return=-0.275  role_std=7.8886  role_norm=33.2912  enc_delta ego=0.0004 partner=0.0006 road=0.0008
[ROMA step 4,370,202,624] sps=517,545  policy_loss=-0.0029  value_loss=2.8625  mi_loss=0.0014  mi_valid=0.78  div_loss=-0.2637  kl_loss=0.0000 (disabled)  score=0.669  return=-0.273  role_std=7.8755  role_norm=32.4213  enc_delta ego=0.0004 partner=0.0005 road=0.0010
[ROMA step 4,370,989,056] sps=517,024  policy_loss=-0.0033  value_loss=2.3729  mi_loss=0.0014  mi_valid=0.81  div_loss=-0.2373  kl_loss=0.0000 (disabled)  score=0.669  return=-0.271  role_std=6.9404  role_norm=31.4381  enc_delta ego=0.0004 partner=0.0006 road=0.0008
[ROMA step 4,371,775,488] sps=516,444  policy_loss=0.0031  value_loss=2.6807  mi_loss=0.0014  mi_valid=0.83  div_loss=-0.2500  kl_loss=0.0000 (disabled)  score=0.669  return=-0.271  role_std=9.0393  role_norm=34.2707  enc_delta ego=0.0006 partner=0.0006 road=0.0009
[ROMA step 4,372,561,920] sps=514,141  policy_loss=-0.0037  value_loss=2.9525  mi_loss=0.0014  mi_valid=0.78  div_loss=-0.2461  kl_loss=0.0000 (disabled)  score=0.670  return=-0.272  role_std=8.8709  role_norm=33.9477  enc_delta ego=0.0004 partner=0.0005 road=0.0008
[ROMA step 4,373,348,352] sps=513,551  policy_loss=-0.0025  value_loss=2.7663  mi_loss=0.0014  mi_valid=0.80  div_loss=-0.2637  kl_loss=0.0000 (disabled)  score=0.670  return=-0.268  role_std=8.7190  role_norm=33.4625  enc_delta ego=0.0004 partner=0.0005 road=0.0010
[ROMA step 4,374,134,784] sps=513,014  policy_loss=0.0067  value_loss=1.8728  mi_loss=0.0013  mi_valid=0.80  div_loss=-0.2373  kl_loss=0.0000 (disabled)  score=0.671  return=-0.258  role_std=8.5573  role_norm=32.7284  enc_delta ego=0.0004 partner=0.0005 road=0.0008
[ROMA step 4,374,921,216] sps=512,485  policy_loss=0.0058  value_loss=2.3289  mi_loss=0.0013  mi_valid=0.80  div_loss=-0.2402  kl_loss=0.0000 (disabled)  score=0.672  return=-0.248  role_std=7.3713  role_norm=32.3131  enc_delta ego=0.0004 partner=0.0004 road=0.0006
[ROMA step 4,375,707,648] sps=510,454  policy_loss=0.0047  value_loss=2.3066  mi_loss=0.0013  mi_valid=0.80  div_loss=-0.2393  kl_loss=0.0000 (disabled)  score=0.672  return=-0.244  role_std=8.5745  role_norm=34.7439  enc_delta ego=0.0006 partner=0.0006 road=0.0009
[ROMA step 4,376,494,080] sps=509,900  policy_loss=-0.0024  value_loss=2.4783  mi_loss=0.0014  mi_valid=0.80  div_loss=-0.2363  kl_loss=0.0000 (disabled)  score=0.673  return=-0.243  role_std=7.3851  role_norm=34.4934  enc_delta ego=0.0005 partner=0.0005 road=0.0012
[ROMA step 4,377,280,512] sps=509,328  policy_loss=-0.0007  value_loss=2.6344  mi_loss=0.0014  mi_valid=0.80  div_loss=-0.2412  kl_loss=0.0000 (disabled)  score=0.674  return=-0.242  role_std=8.1683  role_norm=34.2360  enc_delta ego=0.0005 partner=0.0005 road=0.0008
[ROMA step 4,378,066,944] sps=507,223  policy_loss=0.0043  value_loss=2.0802  mi_loss=0.0014  mi_valid=0.77  div_loss=-0.2207  kl_loss=0.0000 (disabled)  score=0.675  return=-0.237  role_std=8.1492  role_norm=32.8749  enc_delta ego=0.0004 partner=0.0004 road=0.0008
[ROMA step 4,378,853,376] sps=506,641  policy_loss=-0.0026  value_loss=2.0963  mi_loss=0.0014  mi_valid=0.80  div_loss=-0.2334  kl_loss=0.0000 (disabled)  score=0.676  return=-0.243  role_std=6.7186  role_norm=32.3788  enc_delta ego=0.0004 partner=0.0005 road=0.0007
[ROMA step 4,379,639,808] sps=506,093  policy_loss=0.0027  value_loss=2.6951  mi_loss=0.0013  mi_valid=0.82  div_loss=-0.2422  kl_loss=0.0000 (disabled)  score=0.676  return=-0.247  role_std=6.5632  role_norm=30.9358  enc_delta ego=0.0006 partner=0.0005 road=0.0007
[ROMA step 4,380,426,240] sps=505,565  policy_loss=-0.0034  value_loss=2.1874  mi_loss=0.0014  mi_valid=0.82  div_loss=-0.2275  kl_loss=0.0000 (disabled)  score=0.677  return=-0.246  role_std=8.6189  role_norm=34.8051  enc_delta ego=0.0005 partner=0.0006 road=0.0007
[ROMA step 4,381,212,672] sps=503,095  policy_loss=-0.0035  value_loss=2.4905  mi_loss=0.0014  mi_valid=0.77  div_loss=-0.2402  kl_loss=0.0000 (disabled)  score=0.677  return=-0.247  role_std=8.2795  role_norm=34.3482  enc_delta ego=0.0005 partner=0.0005 road=0.0008
[ROMA step 4,381,999,104] sps=502,579  policy_loss=-0.0027  value_loss=2.6023  mi_loss=0.0014  mi_valid=0.80  div_loss=-0.2393  kl_loss=0.0000 (disabled)  score=0.677  return=-0.250  role_std=7.7809  role_norm=33.9677  enc_delta ego=0.0005 partner=0.0005 road=0.0009
[ROMA step 4,382,785,536] sps=502,062  policy_loss=0.0007  value_loss=2.6001  mi_loss=0.0015  mi_valid=0.80  div_loss=-0.2422  kl_loss=0.0000 (disabled)  score=0.677  return=-0.253  role_std=8.5212  role_norm=33.0016  enc_delta ego=0.0004 partner=0.0004 road=0.0006
[ROMA step 4,383,571,968] sps=499,668  policy_loss=-0.0029  value_loss=2.4181  mi_loss=0.0014  mi_valid=0.79  div_loss=-0.2422  kl_loss=0.0000 (disabled)  score=0.677  return=-0.255  role_std=6.5528  role_norm=30.3515  enc_delta ego=0.0004 partner=0.0004 road=0.0006
[ROMA step 4,384,358,400] sps=499,171  policy_loss=0.0013  value_loss=2.6167  mi_loss=0.0015  mi_valid=0.83  div_loss=-0.2344  kl_loss=0.0000 (disabled)  score=0.678  return=-0.260  role_std=8.6679  role_norm=34.8036  enc_delta ego=0.0004 partner=0.0004 road=0.0011
[ROMA step 4,385,144,832] sps=498,641  policy_loss=0.0023  value_loss=3.0073  mi_loss=0.0015  mi_valid=0.80  div_loss=-0.2412  kl_loss=0.0000 (disabled)  score=0.678  return=-0.260  role_std=9.2113  role_norm=34.5212  enc_delta ego=0.0004 partner=0.0005 road=0.0008
[ROMA step 4,385,931,264] sps=498,152  policy_loss=-0.0036  value_loss=2.8056  mi_loss=0.0015  mi_valid=0.80  div_loss=-0.2422  kl_loss=0.0000 (disabled)  score=0.678  return=-0.259  role_std=8.2508  role_norm=34.2742  enc_delta ego=0.0005 partner=0.0004 road=0.0007
[ROMA step 4,386,717,696] sps=495,926  policy_loss=-0.0015  value_loss=2.3458  mi_loss=0.0014  mi_valid=0.78  div_loss=-0.2246  kl_loss=0.0000 (disabled)  score=0.678  return=-0.260  role_std=7.2941  role_norm=33.1391  enc_delta ego=0.0005 partner=0.0004 road=0.0008
[ROMA step 4,387,504,128] sps=495,443  policy_loss=0.0030  value_loss=1.8034  mi_loss=0.0013  mi_valid=0.80  div_loss=-0.2158  kl_loss=0.0000 (disabled)  score=0.677  return=-0.257  role_std=6.6700  role_norm=32.7396  enc_delta ego=0.0004 partner=0.0004 road=0.0006
[ROMA step 4,388,290,560] sps=494,960  policy_loss=0.0045  value_loss=1.9780  mi_loss=0.0013  mi_valid=0.83  div_loss=-0.2061  kl_loss=0.0000 (disabled)  score=0.676  return=-0.252  role_std=7.1931  role_norm=35.2754  enc_delta ego=0.0005 partner=0.0004 road=0.0007
[ROMA step 4,389,076,992] sps=494,482  policy_loss=0.0007  value_loss=2.1855  mi_loss=0.0014  mi_valid=0.82  div_loss=-0.2080  kl_loss=0.0000 (disabled)  score=0.676  return=-0.247  role_std=7.8390  role_norm=35.2469  enc_delta ego=0.0004 partner=0.0004 road=0.0007
[ROMA step 4,389,863,424] sps=492,611  policy_loss=0.0012  value_loss=2.6095  mi_loss=0.0014  mi_valid=0.77  div_loss=-0.2295  kl_loss=0.0000 (disabled)  score=0.677  return=-0.249  role_std=7.6378  role_norm=34.6777  enc_delta ego=0.0005 partner=0.0004 road=0.0007
[ROMA step 4,390,649,856] sps=492,135  policy_loss=-0.0028  value_loss=2.5208  mi_loss=0.0014  mi_valid=0.80  div_loss=-0.2354  kl_loss=0.0000 (disabled)  score=0.677  return=-0.259  role_std=8.1830  role_norm=34.0525  enc_delta ego=0.0004 partner=0.0004 road=0.0006
[ROMA step 4,391,436,288] sps=491,659  policy_loss=0.0073  value_loss=1.9974  mi_loss=0.0014  mi_valid=0.81  div_loss=-0.2100  kl_loss=0.0000 (disabled)  score=0.677  return=-0.265  role_std=6.6904  role_norm=33.1953  enc_delta ego=0.0004 partner=0.0004 road=0.0006
[ROMA step 4,392,222,720] sps=489,773  policy_loss=0.0035  value_loss=2.1379  mi_loss=0.0013  mi_valid=0.80  div_loss=-0.2178  kl_loss=0.0000 (disabled)  score=0.676  return=-0.271  role_std=8.0019  role_norm=35.1871  enc_delta ego=0.0004 partner=0.0004 road=0.0006
[ROMA step 4,393,009,152] sps=489,288  policy_loss=-0.0013  value_loss=1.7444  mi_loss=0.0013  mi_valid=0.82  div_loss=-0.2002  kl_loss=0.0000 (disabled)  score=0.676  return=-0.273  role_std=6.6729  role_norm=34.8759  enc_delta ego=0.0003 partner=0.0004 road=0.0007
[ROMA step 4,393,795,584] sps=488,812  policy_loss=-0.0001  value_loss=2.5268  mi_loss=0.0014  mi_valid=0.80  div_loss=-0.2266  kl_loss=0.0000 (disabled)  score=0.675  return=-0.279  role_std=7.7049  role_norm=34.5006  enc_delta ego=0.0004 partner=0.0005 road=0.0007
[ROMA step 4,394,582,016] sps=488,347  policy_loss=0.0056  value_loss=2.6896  mi_loss=0.0014  mi_valid=0.80  div_loss=-0.2373  kl_loss=0.0000 (disabled)  score=0.674  return=-0.288  role_std=7.9145  role_norm=34.2293  enc_delta ego=0.0003 partner=0.0004 road=0.0007
[ROMA step 4,395,368,448] sps=486,013  policy_loss=-0.0003  value_loss=2.0482  mi_loss=0.0014  mi_valid=0.78  div_loss=-0.2119  kl_loss=0.0000 (disabled)  score=0.675  return=-0.286  role_std=6.8343  role_norm=33.3064  enc_delta ego=0.0003 partner=0.0004 road=0.0009
[ROMA step 4,396,154,880] sps=485,559  policy_loss=-0.0037  value_loss=1.9513  mi_loss=0.0014  mi_valid=0.80  div_loss=-0.2109  kl_loss=0.0000 (disabled)  score=0.676  return=-0.272  role_std=6.0594  role_norm=32.8179  enc_delta ego=0.0003 partner=0.0004 road=0.0007
[ROMA step 4,396,941,312] sps=485,102  policy_loss=-0.0054  value_loss=1.9056  mi_loss=0.0014  mi_valid=0.83  div_loss=-0.2070  kl_loss=0.0000 (disabled)  score=0.677  return=-0.266  role_std=8.1226  role_norm=35.1458  enc_delta ego=0.0005 partner=0.0004 road=0.0007
[ROMA step 4,397,727,744] sps=482,614  policy_loss=0.0024  value_loss=2.3750  mi_loss=0.0014  mi_valid=0.78  div_loss=-0.2158  kl_loss=0.0000 (disabled)  score=0.678  return=-0.256  role_std=8.7233  role_norm=34.8811  enc_delta ego=0.0003 partner=0.0005 road=0.0006
[ROMA step 4,398,514,176] sps=482,140  policy_loss=0.0064  value_loss=2.2292  mi_loss=0.0014  mi_valid=0.80  div_loss=-0.2178  kl_loss=0.0000 (disabled)  score=0.679  return=-0.249  role_std=6.8016  role_norm=34.7736  enc_delta ego=0.0004 partner=0.0004 road=0.0005
[ROMA step 4,399,300,608] sps=481,683  policy_loss=-0.0032  value_loss=2.3775  mi_loss=0.0015  mi_valid=0.80  div_loss=-0.2168  kl_loss=0.0000 (disabled)  score=0.679  return=-0.248  role_std=7.7254  role_norm=34.0265  enc_delta ego=0.0004 partner=0.0004 road=0.0008
[ROMA step 4,400,087,040] sps=481,227  policy_loss=-0.0033  value_loss=2.0037  mi_loss=0.0015  mi_valid=0.80  div_loss=-0.2217  kl_loss=0.0000 (disabled)  score=0.679  return=-0.243  role_std=7.2668  role_norm=33.3091  enc_delta ego=0.0004 partner=0.0004 road=0.0005
[ROMA step 4,400,873,472] sps=479,435  policy_loss=0.0043  value_loss=1.9430  mi_loss=0.0014  mi_valid=0.80  div_loss=-0.2080  kl_loss=0.0000 (disabled)  score=0.679  return=-0.238  role_std=7.9792  role_norm=35.1564  enc_delta ego=0.0004 partner=0.0005 road=0.0006
[ROMA step 4,401,659,904] sps=478,988  policy_loss=0.0013  value_loss=1.8167  mi_loss=0.0014  mi_valid=0.81  div_loss=-0.1953  kl_loss=0.0000 (disabled)  score=0.679  return=-0.228  role_std=6.4762  role_norm=34.8979  enc_delta ego=0.0004 partner=0.0004 road=0.0005
[ROMA step 4,402,446,336] sps=478,542  policy_loss=0.0017  value_loss=1.6227  mi_loss=0.0014  mi_valid=0.81  div_loss=-0.1982  kl_loss=0.0000 (disabled)  score=0.679  return=-0.221  role_std=6.9199  role_norm=34.5301  enc_delta ego=0.0003 partner=0.0003 road=0.0006
[ROMA step 4,403,232,768] sps=476,595  policy_loss=0.0040  value_loss=2.0777  mi_loss=0.0015  mi_valid=0.78  div_loss=-0.2061  kl_loss=0.0000 (disabled)  score=0.679  return=-0.219  role_std=6.5088  role_norm=33.7249  enc_delta ego=0.0003 partner=0.0004 road=0.0005
[ROMA step 4,404,019,200] sps=476,146  policy_loss=-0.0029  value_loss=2.0449  mi_loss=0.0015  mi_valid=0.81  div_loss=-0.2070  kl_loss=0.0000 (disabled)  score=0.678  return=-0.215  role_std=5.9857  role_norm=33.3971  enc_delta ego=0.0004 partner=0.0003 road=0.0006
[ROMA step 4,404,805,632] sps=475,691  policy_loss=0.0039  value_loss=1.6720  mi_loss=0.0015  mi_valid=0.82  div_loss=-0.1895  kl_loss=0.0000 (disabled)  score=0.676  return=-0.208  role_std=5.7638  role_norm=32.6064  enc_delta ego=0.0004 partner=0.0005 road=0.0007
[ROMA step 4,405,592,064] sps=475,252  policy_loss=0.0027  value_loss=1.6954  mi_loss=0.0015  mi_valid=0.83  div_loss=-0.1924  kl_loss=0.0000 (disabled)  score=0.676  return=-0.202  role_std=7.3100  role_norm=34.9886  enc_delta ego=0.0003 partner=0.0004 road=0.0006
[ROMA step 4,406,378,496] sps=473,603  policy_loss=0.0012  value_loss=2.2002  mi_loss=0.0015  mi_valid=0.78  div_loss=-0.2021  kl_loss=0.0000 (disabled)  score=0.675  return=-0.202  role_std=7.5920  role_norm=34.6561  enc_delta ego=0.0003 partner=0.0003 road=0.0006
[ROMA step 4,407,164,928] sps=473,172  policy_loss=0.0001  value_loss=2.3374  mi_loss=0.0016  mi_valid=0.81  div_loss=-0.2227  kl_loss=0.0000 (disabled)  score=0.673  return=-0.205  role_std=7.7833  role_norm=34.0207  enc_delta ego=0.0003 partner=0.0005 road=0.0006
[ROMA step 4,407,951,360] sps=472,740  policy_loss=0.0024  value_loss=2.1331  mi_loss=0.0016  mi_valid=0.81  div_loss=-0.2139  kl_loss=0.0000 (disabled)  score=0.672  return=-0.206  role_std=6.4760  role_norm=33.5355  enc_delta ego=0.0002 partner=0.0004 road=0.0006
[ROMA step 4,408,737,792] sps=470,964  policy_loss=-0.0034  value_loss=1.9240  mi_loss=0.0015  mi_valid=0.79  div_loss=-0.2090  kl_loss=0.0000 (disabled)  score=0.670  return=-0.208  role_std=6.3673  role_norm=32.0126  enc_delta ego=0.0003 partner=0.0003 road=0.0004
[ROMA step 4,409,524,224] sps=470,522  policy_loss=0.0000  value_loss=2.5273  mi_loss=0.0014  mi_valid=0.83  div_loss=-0.2246  kl_loss=0.0000 (disabled)  score=0.670  return=-0.210  role_std=7.0984  role_norm=34.9364  enc_delta ego=0.0003 partner=0.0004 road=0.0005
[ROMA step 4,410,310,656] sps=470,092  policy_loss=0.0013  value_loss=2.7222  mi_loss=0.0014  mi_valid=0.80  div_loss=-0.2373  kl_loss=0.0000 (disabled)  score=0.669  return=-0.208  role_std=8.9204  role_norm=34.6290  enc_delta ego=0.0003 partner=0.0004 road=0.0007
[ROMA step 4,411,097,088] sps=469,649  policy_loss=-0.0013  value_loss=2.6741  mi_loss=0.0014  mi_valid=0.80  div_loss=-0.2314  kl_loss=0.0000 (disabled)  score=0.668  return=-0.209  role_std=8.0909  role_norm=34.1953  enc_delta ego=0.0004 partner=0.0003 road=0.0005
[ROMA step 4,411,883,520] sps=467,972  policy_loss=0.0035  value_loss=2.0863  mi_loss=0.0015  mi_valid=0.78  div_loss=-0.2178  kl_loss=0.0000 (disabled)  score=0.668  return=-0.207  role_std=6.6128  role_norm=33.6144  enc_delta ego=0.0003 partner=0.0003 road=0.0006
[ROMA step 4,412,669,952] sps=467,556  policy_loss=-0.0029  value_loss=1.4406  mi_loss=0.0014  mi_valid=0.80  div_loss=-0.1973  kl_loss=0.0000 (disabled)  score=0.668  return=-0.200  role_std=6.3363  role_norm=33.2126  enc_delta ego=0.0004 partner=0.0004 road=0.0007
[ROMA step 4,413,456,384] sps=467,132  policy_loss=-0.0023  value_loss=1.8320  mi_loss=0.0014  mi_valid=0.82  div_loss=-0.2061  kl_loss=0.0000 (disabled)  score=0.668  return=-0.192  role_std=6.5020  role_norm=34.9232  enc_delta ego=0.0003 partner=0.0003 road=0.0006
[ROMA step 4,414,242,816] sps=466,715  policy_loss=0.0024  value_loss=1.8435  mi_loss=0.0015  mi_valid=0.82  div_loss=-0.1973  kl_loss=0.0000 (disabled)  score=0.668  return=-0.185  role_std=6.8832  role_norm=34.7660  enc_delta ego=0.0005 partner=0.0003 road=0.0007
[ROMA step 4,415,029,248] sps=464,935  policy_loss=-0.0030  value_loss=1.5213  mi_loss=0.0015  mi_valid=0.77  div_loss=-0.1924  kl_loss=0.0000 (disabled)  score=0.669  return=-0.175  role_std=7.0649  role_norm=33.9145  enc_delta ego=0.0004 partner=0.0003 road=0.0006
[ROMA step 4,415,815,680] sps=464,526  policy_loss=-0.0023  value_loss=2.1555  mi_loss=0.0015  mi_valid=0.80  div_loss=-0.2188  kl_loss=0.0000 (disabled)  score=0.670  return=-0.178  role_std=7.7978  role_norm=33.5111  enc_delta ego=0.0003 partner=0.0004 road=0.0006
[ROMA step 4,416,602,112] sps=464,118  policy_loss=0.0005  value_loss=2.0522  mi_loss=0.0014  mi_valid=0.80  div_loss=-0.2285  kl_loss=0.0000 (disabled)  score=0.670  return=-0.184  role_std=6.7168  role_norm=32.9699  enc_delta ego=0.0003 partner=0.0003 road=0.0005
[ROMA step 4,417,388,544] sps=462,095  policy_loss=-0.0010  value_loss=2.0099  mi_loss=0.0015  mi_valid=0.80  div_loss=-0.2119  kl_loss=0.0000 (disabled)  score=0.670  return=-0.182  role_std=7.8247  role_norm=34.4621  enc_delta ego=0.0003 partner=0.0003 road=0.0005
[ROMA step 4,418,174,976] sps=461,686  policy_loss=0.0000  value_loss=1.7347  mi_loss=0.0016  mi_valid=0.83  div_loss=-0.2002  kl_loss=0.0000 (disabled)  score=0.670  return=-0.182  role_std=6.8381  role_norm=34.3249  enc_delta ego=0.0003 partner=0.0004 road=0.0006
[ROMA step 4,418,961,408] sps=461,266  policy_loss=0.0047  value_loss=1.8021  mi_loss=0.0016  mi_valid=0.80  div_loss=-0.1934  kl_loss=0.0000 (disabled)  score=0.671  return=-0.171  role_std=7.7822  role_norm=34.3333  enc_delta ego=0.0003 partner=0.0003 road=0.0007
[ROMA step 4,419,747,840] sps=460,862  policy_loss=0.0025  value_loss=1.9281  mi_loss=0.0016  mi_valid=0.80  div_loss=-0.2158  kl_loss=0.0000 (disabled)  score=0.672  return=-0.174  role_std=7.3685  role_norm=34.1338  enc_delta ego=0.0003 partner=0.0003 road=0.0005
[ROMA step 4,420,534,272] sps=459,228  policy_loss=0.0028  value_loss=1.7439  mi_loss=0.0016  mi_valid=0.78  div_loss=-0.2129  kl_loss=0.0000 (disabled)  score=0.673  return=-0.171  role_std=7.0913  role_norm=32.9339  enc_delta ego=0.0003 partner=0.0003 road=0.0005
[ROMA step 4,421,320,704] sps=458,834  policy_loss=0.0034  value_loss=2.1716  mi_loss=0.0015  mi_valid=0.81  div_loss=-0.2256  kl_loss=0.0000 (disabled)  score=0.673  return=-0.178  role_std=6.1343  role_norm=32.5866  enc_delta ego=0.0003 partner=0.0003 road=0.0006
[ROMA step 4,422,107,136] sps=458,441  policy_loss=0.0041  value_loss=2.1017  mi_loss=0.0015  mi_valid=0.83  div_loss=-0.2217  kl_loss=0.0000 (disabled)  score=0.673  return=-0.172  role_std=8.2005  role_norm=34.7696  enc_delta ego=0.0003 partner=0.0004 road=0.0006
[ROMA step 4,422,893,568] sps=456,822  policy_loss=-0.0004  value_loss=2.2669  mi_loss=0.0015  mi_valid=0.79  div_loss=-0.2246  kl_loss=0.0000 (disabled)  score=0.673  return=-0.166  role_std=8.4112  role_norm=34.4880  enc_delta ego=0.0003 partner=0.0003 road=0.0007
[ROMA step 4,423,680,000] sps=456,421  policy_loss=0.0089  value_loss=2.2406  mi_loss=0.0014  mi_valid=0.80  div_loss=-0.2158  kl_loss=0.0000 (disabled)  score=0.673  return=-0.172  role_std=7.2084  role_norm=34.3075  enc_delta ego=0.0003 partner=0.0003 road=0.0004
[ROMA step 4,424,466,432] sps=456,008  policy_loss=0.0013  value_loss=2.2048  mi_loss=0.0014  mi_valid=0.80  div_loss=-0.2207  kl_loss=0.0000 (disabled)  score=0.672  return=-0.177  role_std=7.6342  role_norm=33.9577  enc_delta ego=0.0003 partner=0.0004 road=0.0004
[ROMA step 4,425,252,864] sps=455,609  policy_loss=-0.0014  value_loss=2.1242  mi_loss=0.0014  mi_valid=0.80  div_loss=-0.2246  kl_loss=0.0000 (disabled)  score=0.671  return=-0.184  role_std=6.3267  role_norm=33.4415  enc_delta ego=0.0002 partner=0.0003 road=0.0005
[ROMA step 4,426,039,296] sps=453,838  policy_loss=-0.0039  value_loss=1.6685  mi_loss=0.0014  mi_valid=0.80  div_loss=-0.2070  kl_loss=0.0000 (disabled)  score=0.670  return=-0.181  role_std=8.0008  role_norm=34.9316  enc_delta ego=0.0004 partner=0.0003 road=0.0005
[ROMA step 4,426,825,728] sps=453,445  policy_loss=0.0011  value_loss=2.5335  mi_loss=0.0014  mi_valid=0.81  div_loss=-0.2334  kl_loss=0.0000 (disabled)  score=0.670  return=-0.183  role_std=8.8831  role_norm=34.9641  enc_delta ego=0.0002 partner=0.0003 road=0.0005
[ROMA step 4,427,612,160] sps=453,054  policy_loss=0.0036  value_loss=1.9226  mi_loss=0.0014  mi_valid=0.80  div_loss=-0.2178  kl_loss=0.0000 (disabled)  score=0.670  return=-0.183  role_std=6.7206  role_norm=34.6271  enc_delta ego=0.0003 partner=0.0003 road=0.0005
[ROMA step 4,428,398,592] sps=451,503  policy_loss=-0.0011  value_loss=1.9981  mi_loss=0.0015  mi_valid=0.77  div_loss=-0.2197  kl_loss=0.0000 (disabled)  score=0.670  return=-0.184  role_std=7.4529  role_norm=33.5054  enc_delta ego=0.0002 partner=0.0003 road=0.0005
[ROMA step 4,429,185,024] sps=451,100  policy_loss=-0.0044  value_loss=1.9304  mi_loss=0.0014  mi_valid=0.80  div_loss=-0.2090  kl_loss=0.0000 (disabled)  score=0.669  return=-0.185  role_std=6.1651  role_norm=33.3536  enc_delta ego=0.0003 partner=0.0003 road=0.0004
[ROMA step 4,429,971,456] sps=450,710  policy_loss=-0.0009  value_loss=1.7863  mi_loss=0.0014  mi_valid=0.81  div_loss=-0.2100  kl_loss=0.0000 (disabled)  score=0.669  return=-0.192  role_std=5.7695  role_norm=32.6723  enc_delta ego=0.0003 partner=0.0003 road=0.0004
[ROMA step 4,430,757,888] sps=450,321  policy_loss=0.0050  value_loss=1.8419  mi_loss=0.0014  mi_valid=0.83  div_loss=-0.2061  kl_loss=0.0000 (disabled)  score=0.669  return=-0.192  role_std=7.7192  role_norm=34.4119  enc_delta ego=0.0003 partner=0.0003 road=0.0004
[ROMA step 4,431,544,320] sps=448,581  policy_loss=0.0075  value_loss=1.8682  mi_loss=0.0014  mi_valid=0.78  div_loss=-0.2119  kl_loss=0.0000 (disabled)  score=0.669  return=-0.192  role_std=7.4781  role_norm=34.4169  enc_delta ego=0.0002 partner=0.0003 road=0.0004
[ROMA step 4,432,330,752] sps=448,195  policy_loss=0.0017  value_loss=1.5411  mi_loss=0.0014  mi_valid=0.80  div_loss=-0.2109  kl_loss=0.0000 (disabled)  score=0.669  return=-0.193  role_std=7.1158  role_norm=34.1374  enc_delta ego=0.0003 partner=0.0004 road=0.0007
[ROMA step 4,433,117,184] sps=447,811  policy_loss=-0.0039  value_loss=2.1655  mi_loss=0.0014  mi_valid=0.80  div_loss=-0.2178  kl_loss=0.0000 (disabled)  score=0.670  return=-0.198  role_std=7.1715  role_norm=33.5357  enc_delta ego=0.0003 partner=0.0002 road=0.0005
[ROMA step 4,433,903,616] sps=446,282  policy_loss=0.0065  value_loss=2.4472  mi_loss=0.0014  mi_valid=0.78  div_loss=-0.2285  kl_loss=0.0000 (disabled)  score=0.670  return=-0.205  role_std=6.3722  role_norm=32.1631  enc_delta ego=0.0003 partner=0.0003 road=0.0005
[ROMA step 4,434,690,048] sps=445,907  policy_loss=0.0005  value_loss=1.8018  mi_loss=0.0014  mi_valid=0.83  div_loss=-0.1982  kl_loss=0.0000 (disabled)  score=0.671  return=-0.199  role_std=7.0403  role_norm=34.6962  enc_delta ego=0.0004 partner=0.0003 road=0.0006
[ROMA step 4,435,476,480] sps=445,534  policy_loss=0.0044  value_loss=1.6913  mi_loss=0.0015  mi_valid=0.80  div_loss=-0.1826  kl_loss=0.0000 (disabled)  score=0.672  return=-0.189  role_std=6.9436  role_norm=34.4797  enc_delta ego=0.0002 partner=0.0004 road=0.0004
[ROMA step 4,436,262,912] sps=445,161  policy_loss=0.0025  value_loss=1.8835  mi_loss=0.0015  mi_valid=0.80  div_loss=-0.1963  kl_loss=0.0000 (disabled)  score=0.672  return=-0.182  role_std=6.7919  role_norm=34.3713  enc_delta ego=0.0002 partner=0.0003 road=0.0005
[ROMA step 4,437,049,344] sps=443,761  policy_loss=-0.0037  value_loss=2.1127  mi_loss=0.0015  mi_valid=0.77  div_loss=-0.2021  kl_loss=0.0000 (disabled)  score=0.673  return=-0.176  role_std=7.0066  role_norm=33.3847  enc_delta ego=0.0002 partner=0.0002 road=0.0005
[ROMA step 4,437,835,776] sps=443,380  policy_loss=0.0004  value_loss=1.9428  mi_loss=0.0015  mi_valid=0.80  div_loss=-0.2051  kl_loss=0.0000 (disabled)  score=0.673  return=-0.170  role_std=5.8207  role_norm=33.0525  enc_delta ego=0.0002 partner=0.0002 road=0.0004
[ROMA step 4,438,622,208] sps=443,004  policy_loss=0.0000  value_loss=1.7705  mi_loss=0.0015  mi_valid=0.82  div_loss=-0.2100  kl_loss=0.0000 (disabled)  score=0.674  return=-0.161  role_std=5.4967  role_norm=31.4465  enc_delta ego=0.0002 partner=0.0003 road=0.0005
[ROMA step 4,439,408,640] sps=442,630  policy_loss=0.0009  value_loss=1.9508  mi_loss=0.0015  mi_valid=0.83  div_loss=-0.2129  kl_loss=0.0000 (disabled)  score=0.674  return=-0.154  role_std=7.1283  role_norm=34.2890  enc_delta ego=0.0003 partner=0.0002 road=0.0004
[ROMA step 4,440,195,072] sps=440,957  policy_loss=-0.0050  value_loss=2.7160  mi_loss=0.0015  mi_valid=0.78  div_loss=-0.2461  kl_loss=0.0000 (disabled)  score=0.674  return=-0.160  role_std=9.2092  role_norm=33.8460  enc_delta ego=0.0003 partner=0.0003 road=0.0004
[ROMA step 4,440,981,504] sps=440,598  policy_loss=-0.0056  value_loss=2.6397  mi_loss=0.0014  mi_valid=0.80  div_loss=-0.2520  kl_loss=0.0000 (disabled)  score=0.673  return=-0.171  role_std=7.8121  role_norm=33.2479  enc_delta ego=0.0002 partner=0.0003 road=0.0005
[ROMA step 4,441,767,936] sps=440,229  policy_loss=-0.0016  value_loss=2.2091  mi_loss=0.0014  mi_valid=0.80  div_loss=-0.2480  kl_loss=0.0000 (disabled)  score=0.673  return=-0.178  role_std=7.6371  role_norm=32.8192  enc_delta ego=0.0003 partner=0.0003 road=0.0004
[ROMA step 4,442,554,368] sps=438,831  policy_loss=0.0027  value_loss=1.9440  mi_loss=0.0014  mi_valid=0.79  div_loss=-0.2314  kl_loss=0.0000 (disabled)  score=0.672  return=-0.182  role_std=6.6074  role_norm=30.7250  enc_delta ego=0.0002 partner=0.0002 road=0.0005
[ROMA step 4,443,340,800] sps=438,467  policy_loss=0.0029  value_loss=1.3293  mi_loss=0.0014  mi_valid=0.83  div_loss=-0.1973  kl_loss=0.0000 (disabled)  score=0.672  return=-0.181  role_std=7.1748  role_norm=34.5405  enc_delta ego=0.0003 partner=0.0003 road=0.0006
[ROMA step 4,444,127,232] sps=438,113  policy_loss=0.0001  value_loss=1.5872  mi_loss=0.0015  mi_valid=0.80  div_loss=-0.2051  kl_loss=0.0000 (disabled)  score=0.671  return=-0.174  role_std=7.1455  role_norm=34.4895  enc_delta ego=0.0002 partner=0.0003 road=0.0005
[ROMA step 4,444,913,664] sps=437,754  policy_loss=0.0011  value_loss=1.3613  mi_loss=0.0015  mi_valid=0.80  div_loss=-0.1982  kl_loss=0.0000 (disabled)  score=0.671  return=-0.168  role_std=6.6276  role_norm=34.1863  enc_delta ego=0.0002 partner=0.0003 road=0.0004
[ROMA step 4,445,700,096] sps=436,247  policy_loss=0.0010  value_loss=2.2881  mi_loss=0.0015  mi_valid=0.77  div_loss=-0.2217  kl_loss=0.0000 (disabled)  score=0.672  return=-0.166  role_std=7.1127  role_norm=33.3688  enc_delta ego=0.0003 partner=0.0002 road=0.0005
[ROMA step 4,446,486,528] sps=435,876  policy_loss=-0.0000  value_loss=2.0087  mi_loss=0.0015  mi_valid=0.80  div_loss=-0.2217  kl_loss=0.0000 (disabled)  score=0.672  return=-0.167  role_std=7.3479  role_norm=32.8351  enc_delta ego=0.0003 partner=0.0002 road=0.0003
[ROMA step 4,447,272,960] sps=435,512  policy_loss=0.0003  value_loss=1.9761  mi_loss=0.0015  mi_valid=0.82  div_loss=-0.2197  kl_loss=0.0000 (disabled)  score=0.672  return=-0.167  role_std=7.9868  role_norm=34.4795  enc_delta ego=0.0002 partner=0.0003 road=0.0004
[ROMA step 4,448,059,392] sps=433,936  policy_loss=0.0014  value_loss=1.6649  mi_loss=0.0015  mi_valid=0.79  div_loss=-0.1934  kl_loss=0.0000 (disabled)  score=0.672  return=-0.161  role_std=7.2894  role_norm=34.4202  enc_delta ego=0.0002 partner=0.0002 road=0.0003
[ROMA step 4,448,845,824] sps=433,581  policy_loss=-0.0001  value_loss=1.9299  mi_loss=0.0015  mi_valid=0.80  div_loss=-0.2109  kl_loss=0.0000 (disabled)  score=0.673  return=-0.156  role_std=7.4528  role_norm=34.2898  enc_delta ego=0.0002 partner=0.0002 road=0.0003
[ROMA step 4,449,632,256] sps=433,230  policy_loss=0.0027  value_loss=2.1078  mi_loss=0.0015  mi_valid=0.81  div_loss=-0.2197  kl_loss=0.0000 (disabled)  score=0.674  return=-0.155  role_std=6.6343  role_norm=33.9330  enc_delta ego=0.0002 partner=0.0002 road=0.0003
[ROMA step 4,450,418,688] sps=432,880  policy_loss=-0.0056  value_loss=1.7127  mi_loss=0.0015  mi_valid=0.81  div_loss=-0.2129  kl_loss=0.0000 (disabled)  score=0.674  return=-0.150  role_std=5.9933  role_norm=33.4214  enc_delta ego=0.0002 partner=0.0002 road=0.0003
[ROMA step 4,451,205,120] sps=431,619  policy_loss=-0.0014  value_loss=1.7905  mi_loss=0.0015  mi_valid=0.80  div_loss=-0.1992  kl_loss=0.0000 (disabled)  score=0.674  return=-0.146  role_std=7.3790  role_norm=34.7984  enc_delta ego=0.0004 partner=0.0002 road=0.0004
[ROMA step 4,451,991,552] sps=431,270  policy_loss=-0.0053  value_loss=1.5426  mi_loss=0.0016  mi_valid=0.82  div_loss=-0.1865  kl_loss=0.0000 (disabled)  score=0.674  return=-0.138  role_std=7.1706  role_norm=34.5500  enc_delta ego=0.0004 partner=0.0002 road=0.0005
[ROMA step 4,452,777,984] sps=430,924  policy_loss=0.0012  value_loss=1.9117  mi_loss=0.0016  mi_valid=0.80  div_loss=-0.1943  kl_loss=0.0000 (disabled)  score=0.675  return=-0.130  role_std=6.0947  role_norm=34.5231  enc_delta ego=0.0003 partner=0.0003 road=0.0004
[ROMA step 4,453,564,416] sps=429,481  policy_loss=-0.0000  value_loss=2.2385  mi_loss=0.0016  mi_valid=0.77  div_loss=-0.2178  kl_loss=0.0000 (disabled)  score=0.675  return=-0.129  role_std=6.4708  role_norm=33.8682  enc_delta ego=0.0002 partner=0.0002 road=0.0004
[ROMA step 4,454,350,848] sps=429,132  policy_loss=-0.0028  value_loss=1.4279  mi_loss=0.0015  mi_valid=0.80  div_loss=-0.1826  kl_loss=0.0000 (disabled)  score=0.676  return=-0.119  role_std=6.8267  role_norm=33.3635  enc_delta ego=0.0001 partner=0.0002 road=0.0003
[ROMA step 4,455,137,280] sps=428,781  policy_loss=-0.0047  value_loss=1.5223  mi_loss=0.0014  mi_valid=0.80  div_loss=-0.2012  kl_loss=0.0000 (disabled)  score=0.676  return=-0.113  role_std=5.3182  role_norm=33.0013  enc_delta ego=0.0002 partner=0.0002 road=0.0003
[ROMA step 4,455,923,712] sps=428,432  policy_loss=0.0024  value_loss=1.8418  mi_loss=0.0015  mi_valid=0.83  div_loss=-0.1973  kl_loss=0.0000 (disabled)  score=0.676  return=-0.111  role_std=6.9956  role_norm=34.6152  enc_delta ego=0.0002 partner=0.0002 road=0.0003
[ROMA step 4,456,710,144] sps=427,011  policy_loss=0.0051  value_loss=1.6338  mi_loss=0.0015  mi_valid=0.78  div_loss=-0.1875  kl_loss=0.0000 (disabled)  score=0.677  return=-0.101  role_std=6.3286  role_norm=34.4327  enc_delta ego=0.0002 partner=0.0002 road=0.0003
[ROMA step 4,457,496,576] sps=426,671  policy_loss=-0.0016  value_loss=1.2504  mi_loss=0.0015  mi_valid=0.80  div_loss=-0.1895  kl_loss=0.0000 (disabled)  score=0.678  return=-0.093  role_std=7.1373  role_norm=34.3379  enc_delta ego=0.0002 partner=0.0002 road=0.0004
[ROMA step 4,458,283,008] sps=426,327  policy_loss=0.0024  value_loss=1.4583  mi_loss=0.0015  mi_valid=0.80  div_loss=-0.1934  kl_loss=0.0000 (disabled)  score=0.679  return=-0.089  role_std=6.3590  role_norm=33.8225  enc_delta ego=0.0002 partner=0.0002 road=0.0004
[ROMA step 4,459,069,440] sps=424,957  policy_loss=-0.0039  value_loss=1.6216  mi_loss=0.0015  mi_valid=0.77  div_loss=-0.1855  kl_loss=0.0000 (disabled)  score=0.681  return=-0.084  role_std=7.0093  role_norm=32.3091  enc_delta ego=0.0002 partner=0.0001 road=0.0003
[ROMA step 4,459,855,872] sps=424,618  policy_loss=0.0024  value_loss=3.1384  mi_loss=0.0015  mi_valid=0.83  div_loss=-0.2539  kl_loss=0.0000 (disabled)  score=0.681  return=-0.092  role_std=9.1555  role_norm=34.6318  enc_delta ego=0.0001 partner=0.0002 road=0.0002
[ROMA step 4,460,642,304] sps=424,279  policy_loss=0.0043  value_loss=2.8924  mi_loss=0.0015  mi_valid=0.81  div_loss=-0.2480  kl_loss=0.0000 (disabled)  score=0.681  return=-0.101  role_std=9.3416  role_norm=34.4411  enc_delta ego=0.0002 partner=0.0002 road=0.0003
[ROMA step 4,461,428,736] sps=423,940  policy_loss=0.0080  value_loss=2.7811  mi_loss=0.0015  mi_valid=0.80  div_loss=-0.2559  kl_loss=0.0000 (disabled)  score=0.680  return=-0.109  role_std=9.7062  role_norm=34.1006  enc_delta ego=0.0002 partner=0.0002 road=0.0003
[ROMA step 4,462,215,168] sps=422,482  policy_loss=0.0013  value_loss=2.5600  mi_loss=0.0016  mi_valid=0.78  div_loss=-0.2422  kl_loss=0.0000 (disabled)  score=0.681  return=-0.116  role_std=7.1984  role_norm=33.1071  enc_delta ego=0.0002 partner=0.0002 road=0.0003
[ROMA step 4,463,001,600] sps=422,143  policy_loss=0.0048  value_loss=2.4449  mi_loss=0.0015  mi_valid=0.80  div_loss=-0.2363  kl_loss=0.0000 (disabled)  score=0.681  return=-0.121  role_std=6.1067  role_norm=32.8872  enc_delta ego=0.0001 partner=0.0002 road=0.0003
[ROMA step 4,463,788,032] sps=421,801  policy_loss=0.0054  value_loss=1.8432  mi_loss=0.0015  mi_valid=0.82  div_loss=-0.2158  kl_loss=0.0000 (disabled)  score=0.681  return=-0.124  role_std=6.3497  role_norm=31.9836  enc_delta ego=0.0001 partner=0.0002 road=0.0003
[ROMA step 4,464,574,464] sps=421,473  policy_loss=0.0058  value_loss=1.6810  mi_loss=0.0015  mi_valid=0.83  div_loss=-0.2041  kl_loss=0.0000 (disabled)  score=0.681  return=-0.124  role_std=6.2331  role_norm=34.4179  enc_delta ego=0.0002 partner=0.0002 road=0.0003
[ROMA step 4,465,360,896] sps=420,147  policy_loss=0.0032  value_loss=2.0181  mi_loss=0.0015  mi_valid=0.77  div_loss=-0.2070  kl_loss=0.0000 (disabled)  score=0.681  return=-0.122  role_std=7.9530  role_norm=34.2003  enc_delta ego=0.0001 partner=0.0001 road=0.0003
[ROMA step 4,466,147,328] sps=419,820  policy_loss=0.0058  value_loss=1.8911  mi_loss=0.0015  mi_valid=0.80  div_loss=-0.2129  kl_loss=0.0000 (disabled)  score=0.681  return=-0.124  role_std=6.3937  role_norm=34.0257  enc_delta ego=0.0002 partner=0.0002 road=0.0002
[ROMA step 4,466,933,760] sps=419,499  policy_loss=0.0018  value_loss=1.7777  mi_loss=0.0015  mi_valid=0.80  div_loss=-0.2051  kl_loss=0.0000 (disabled)  score=0.681  return=-0.120  role_std=6.2951  role_norm=33.4888  enc_delta ego=0.0001 partner=0.0001 road=0.0002
[ROMA step 4,467,720,192] sps=418,166  policy_loss=0.0084  value_loss=2.2839  mi_loss=0.0015  mi_valid=0.79  div_loss=-0.2197  kl_loss=0.0000 (disabled)  score=0.681  return=-0.118  role_std=6.3887  role_norm=32.0581  enc_delta ego=0.0001 partner=0.0002 road=0.0002
[ROMA step 4,468,506,624] sps=417,847  policy_loss=-0.0037  value_loss=1.6857  mi_loss=0.0015  mi_valid=0.83  div_loss=-0.2119  kl_loss=0.0000 (disabled)  score=0.681  return=-0.110  role_std=7.1924  role_norm=34.6481  enc_delta ego=0.0001 partner=0.0002 road=0.0003
[ROMA step 4,469,293,056] sps=417,523  policy_loss=0.0075  value_loss=1.9594  mi_loss=0.0016  mi_valid=0.80  div_loss=-0.2061  kl_loss=0.0000 (disabled)  score=0.681  return=-0.102  role_std=7.3351  role_norm=34.5096  enc_delta ego=0.0001 partner=0.0001 road=0.0002
[ROMA step 4,470,079,488] sps=417,205  policy_loss=-0.0030  value_loss=2.0990  mi_loss=0.0016  mi_valid=0.80  div_loss=-0.2070  kl_loss=0.0000 (disabled)  score=0.681  return=-0.095  role_std=7.6945  role_norm=34.3546  enc_delta ego=0.0001 partner=0.0001 road=0.0002
[ROMA step 4,470,865,920] sps=415,842  policy_loss=0.0002  value_loss=1.6472  mi_loss=0.0015  mi_valid=0.77  div_loss=-0.1953  kl_loss=0.0000 (disabled)  score=0.681  return=-0.093  role_std=6.8969  role_norm=33.7063  enc_delta ego=0.0001 partner=0.0001 road=0.0003
[ROMA step 4,471,652,352] sps=415,522  policy_loss=-0.0024  value_loss=2.0327  mi_loss=0.0014  mi_valid=0.80  div_loss=-0.2139  kl_loss=0.0000 (disabled)  score=0.682  return=-0.094  role_std=5.9255  role_norm=33.4046  enc_delta ego=0.0001 partner=0.0001 road=0.0003
[ROMA step 4,472,438,784] sps=415,193  policy_loss=-0.0010  value_loss=2.5042  mi_loss=0.0014  mi_valid=0.82  div_loss=-0.2275  kl_loss=0.0000 (disabled)  score=0.682  return=-0.100  role_std=8.7752  role_norm=34.7397  enc_delta ego=0.0001 partner=0.0001 road=0.0003
[ROMA step 4,473,225,216] sps=414,047  policy_loss=0.0057  value_loss=2.1236  mi_loss=0.0014  mi_valid=0.80  div_loss=-0.2080  kl_loss=0.0000 (disabled)  score=0.682  return=-0.105  role_std=6.7954  role_norm=34.5543  enc_delta ego=0.0001 partner=0.0001 road=0.0002
[ROMA step 4,474,011,648] sps=413,731  policy_loss=0.0015  value_loss=1.5093  mi_loss=0.0015  mi_valid=0.80  div_loss=-0.1904  kl_loss=0.0000 (disabled)  score=0.682  return=-0.098  role_std=7.6205  role_norm=34.2148  enc_delta ego=0.0001 partner=0.0001 road=0.0002
[ROMA step 4,474,798,080] sps=413,408  policy_loss=0.0053  value_loss=2.2298  mi_loss=0.0015  mi_valid=0.80  div_loss=-0.2109  kl_loss=0.0000 (disabled)  score=0.682  return=-0.097  role_std=6.7116  role_norm=33.9645  enc_delta ego=0.0001 partner=0.0001 road=0.0002
[ROMA step 4,475,584,512] sps=413,089  policy_loss=0.0012  value_loss=1.8859  mi_loss=0.0015  mi_valid=0.80  div_loss=-0.2061  kl_loss=0.0000 (disabled)  score=0.682  return=-0.096  role_std=6.5796  role_norm=33.5308  enc_delta ego=0.0001 partner=0.0001 road=0.0002
[ROMA step 4,476,370,944] sps=411,939  policy_loss=0.0040  value_loss=1.5393  mi_loss=0.0014  mi_valid=0.80  div_loss=-0.1875  kl_loss=0.0000 (disabled)  score=0.683  return=-0.096  role_std=6.9900  role_norm=34.7505  enc_delta ego=0.0001 partner=0.0001 road=0.0002
[ROMA step 4,477,157,376] sps=411,627  policy_loss=-0.0035  value_loss=2.1844  mi_loss=0.0014  mi_valid=0.83  div_loss=-0.2178  kl_loss=0.0000 (disabled)  score=0.683  return=-0.096  role_std=8.2753  role_norm=34.7110  enc_delta ego=0.0001 partner=0.0001 road=0.0002
[ROMA step 4,477,943,808] sps=411,318  policy_loss=0.0023  value_loss=1.9851  mi_loss=0.0015  mi_valid=0.80  div_loss=-0.2041  kl_loss=0.0000 (disabled)  score=0.684  return=-0.096  role_std=6.8770  role_norm=34.4458  enc_delta ego=0.0001 partner=0.0001 road=0.0002
[ROMA step 4,478,730,240] sps=410,108  policy_loss=-0.0000  value_loss=1.8363  mi_loss=0.0015  mi_valid=0.77  div_loss=-0.2070  kl_loss=0.0000 (disabled)  score=0.684  return=-0.095  role_std=8.0721  role_norm=33.9948  enc_delta ego=0.0001 partner=0.0001 road=0.0002
[ROMA step 4,479,516,672] sps=409,790  policy_loss=-0.0041  value_loss=2.8774  mi_loss=0.0016  mi_valid=0.80  div_loss=-0.2441  kl_loss=0.0000 (disabled)  score=0.685  return=-0.106  role_std=6.2499  role_norm=33.5193  enc_delta ego=0.0001 partner=0.0001 road=0.0002
[ROMA step 4,480,303,104] sps=409,484  policy_loss=-0.0017  value_loss=2.1207  mi_loss=0.0016  mi_valid=0.80  div_loss=-0.2227  kl_loss=0.0000 (disabled)  score=0.685  return=-0.112  role_std=6.4668  role_norm=32.7197  enc_delta ego=0.0001 partner=0.0001 road=0.0002
[ROMA step 4,481,089,536] sps=409,174  policy_loss=-0.0059  value_loss=2.0110  mi_loss=0.0015  mi_valid=0.83  div_loss=-0.2197  kl_loss=0.0000 (disabled)  score=0.685  return=-0.114  role_std=8.5346  role_norm=34.7030  enc_delta ego=0.0001 partner=0.0001 road=0.0001
[ROMA step 4,481,875,968] sps=407,945  policy_loss=-0.0038  value_loss=2.0689  mi_loss=0.0015  mi_valid=0.79  div_loss=-0.2080  kl_loss=0.0000 (disabled)  score=0.685  return=-0.113  role_std=6.8503  role_norm=34.5292  enc_delta ego=0.0001 partner=0.0001 road=0.0001
[ROMA step 4,482,662,400] sps=407,642  policy_loss=-0.0059  value_loss=1.8593  mi_loss=0.0015  mi_valid=0.80  div_loss=-0.2109  kl_loss=0.0000 (disabled)  score=0.685  return=-0.114  role_std=7.1742  role_norm=34.2593  enc_delta ego=0.0001 partner=0.0001 road=0.0002
[ROMA step 4,483,448,832] sps=407,339  policy_loss=-0.0014  value_loss=1.7480  mi_loss=0.0015  mi_valid=0.80  div_loss=-0.2100  kl_loss=0.0000 (disabled)  score=0.685  return=-0.114  role_std=6.8448  role_norm=33.6481  enc_delta ego=0.0001 partner=0.0001 road=0.0001
[ROMA step 4,484,235,264] sps=406,077  policy_loss=-0.0012  value_loss=1.7105  mi_loss=0.0014  mi_valid=0.77  div_loss=-0.2100  kl_loss=0.0000 (disabled)  score=0.685  return=-0.114  role_std=6.4529  role_norm=32.6792  enc_delta ego=0.0001 partner=0.0001 road=0.0001
[ROMA step 4,485,021,696] sps=405,773  policy_loss=0.0039  value_loss=2.0629  mi_loss=0.0015  mi_valid=0.83  div_loss=-0.2227  kl_loss=0.0000 (disabled)  score=0.685  return=-0.117  role_std=7.9170  role_norm=35.0465  enc_delta ego=0.0001 partner=0.0001 road=0.0001
[ROMA step 4,485,808,128] sps=405,464  policy_loss=0.0000  value_loss=1.8826  mi_loss=0.0015  mi_valid=0.81  div_loss=-0.2236  kl_loss=0.0000 (disabled)  score=0.685  return=-0.121  role_std=7.7389  role_norm=34.6893  enc_delta ego=0.0001 partner=0.0001 road=0.0001
[ROMA step 4,486,594,560] sps=405,154  policy_loss=0.0017  value_loss=2.0719  mi_loss=0.0015  mi_valid=0.80  div_loss=-0.2285  kl_loss=0.0000 (disabled)  score=0.685  return=-0.126  role_std=7.8361  role_norm=34.4362  enc_delta ego=0.0001 partner=0.0001 road=0.0001
[ROMA step 4,487,380,992] sps=404,069  policy_loss=0.0011  value_loss=1.8176  mi_loss=0.0015  mi_valid=0.78  div_loss=-0.2178  kl_loss=0.0000 (disabled)  score=0.684  return=-0.123  role_std=7.5583  role_norm=33.1981  enc_delta ego=0.0001 partner=0.0001 road=0.0001
[ROMA step 4,488,167,424] sps=403,777  policy_loss=0.0041  value_loss=2.0680  mi_loss=0.0014  mi_valid=0.80  div_loss=-0.2256  kl_loss=0.0000 (disabled)  score=0.684  return=-0.113  role_std=7.6261  role_norm=32.7951  enc_delta ego=0.0000 partner=0.0000 road=0.0002
[ROMA step 4,488,953,856] sps=403,484  policy_loss=-0.0068  value_loss=1.5131  mi_loss=0.0014  mi_valid=0.81  div_loss=-0.2100  kl_loss=0.0000 (disabled)  score=0.684  return=-0.103  role_std=6.2580  role_norm=32.0382  enc_delta ego=0.0001 partner=0.0001 road=0.0001
[ROMA step 4,489,740,288] sps=403,193  policy_loss=0.0001  value_loss=1.7820  mi_loss=0.0014  mi_valid=0.82  div_loss=-0.2129  kl_loss=0.0000 (disabled)  score=0.684  return=-0.095  role_std=6.5964  role_norm=34.7440  enc_delta ego=0.0001 partner=0.0001 road=0.0001
[ROMA step 4,490,526,720] sps=402,089  policy_loss=-0.0045  value_loss=1.6704  mi_loss=0.0015  mi_valid=0.77  div_loss=-0.2061  kl_loss=0.0000 (disabled)  score=0.685  return=-0.087  role_std=6.7344  role_norm=34.7287  enc_delta ego=0.0001 partner=0.0001 road=0.0001
[ROMA step 4,491,313,152] sps=401,795  policy_loss=-0.0115  value_loss=1.5481  mi_loss=0.0016  mi_valid=0.80  div_loss=-0.1973  kl_loss=0.0000 (disabled)  score=0.686  return=-0.077  role_std=7.1075  role_norm=34.3523  enc_delta ego=0.0000 partner=0.0000 road=0.0001
[ROMA step 4,492,099,584] sps=401,500  policy_loss=-0.0057  value_loss=1.5094  mi_loss=0.0015  mi_valid=0.80  div_loss=-0.1904  kl_loss=0.0000 (disabled)  score=0.687  return=-0.072  role_std=7.4342  role_norm=33.9809  enc_delta ego=0.0000 partner=0.0000 road=0.0001
[ROMA step 4,492,886,016] sps=400,422  policy_loss=-0.0062  value_loss=1.7643  mi_loss=0.0016  mi_valid=0.78  div_loss=-0.2012  kl_loss=0.0000 (disabled)  score=0.688  return=-0.070  role_std=6.3773  role_norm=32.7796  enc_delta ego=0.0000 partner=0.0000 road=0.0001
[ROMA step 4,493,672,448] sps=400,130  policy_loss=-0.0017  value_loss=1.3467  mi_loss=0.0016  mi_valid=0.83  div_loss=-0.1865  kl_loss=0.0000 (disabled)  score=0.688  return=-0.068  role_std=5.8594  role_norm=35.1601  enc_delta ego=0.0000 partner=0.0000 road=0.0001
[ROMA step 4,494,458,880] sps=399,840  policy_loss=-0.0005  value_loss=1.7347  mi_loss=0.0016  mi_valid=0.80  div_loss=-0.1982  kl_loss=0.0000 (disabled)  score=0.688  return=-0.066  role_std=6.7048  role_norm=35.1436  enc_delta ego=0.0000 partner=0.0000 road=0.0001
[ROMA step 4,495,245,312] sps=399,547  policy_loss=-0.0004  value_loss=1.5088  mi_loss=0.0016  mi_valid=0.80  div_loss=-0.1904  kl_loss=0.0000 (disabled)  score=0.688  return=-0.062  role_std=6.9144  role_norm=34.8924  enc_delta ego=0.0000 partner=0.0000 road=0.0000
[ROMA step 4,496,031,744] sps=398,422  policy_loss=0.0001  value_loss=2.2602  mi_loss=0.0015  mi_valid=0.77  div_loss=-0.2129  kl_loss=0.0000 (disabled)  score=0.689  return=-0.061  role_std=6.8526  role_norm=33.9744  enc_delta ego=0.0000 partner=0.0000 road=0.0000
[ROMA step 4,496,818,176] sps=398,129  policy_loss=0.0039  value_loss=1.9056  mi_loss=0.0014  mi_valid=0.80  div_loss=-0.2090  kl_loss=0.0000 (disabled)  score=0.691  return=-0.057  role_std=6.5635  role_norm=33.6885  enc_delta ego=0.0000 partner=0.0000 road=0.0000
[ROMA step 4,497,604,608] sps=397,838  policy_loss=-0.0020  value_loss=1.9804  mi_loss=0.0014  mi_valid=0.82  div_loss=-0.2188  kl_loss=0.0000 (disabled)  score=0.692  return=-0.060  role_std=5.9319  role_norm=32.1816  enc_delta ego=0.0000 partner=0.0000 road=0.0000
[ROMA step 4,498,391,040] sps=396,569  policy_loss=-0.0045  value_loss=2.1358  mi_loss=0.0015  mi_valid=0.80  div_loss=-0.2139  kl_loss=0.0000 (disabled)  score=0.693  return=-0.057  role_std=7.8275  role_norm=34.9150  enc_delta ego=0.0000 partner=0.0000 road=0.0000
[ROMA step 4,499,177,472] sps=396,281  policy_loss=0.0037  value_loss=1.7685  mi_loss=0.0015  mi_valid=0.80  div_loss=-0.2002  kl_loss=0.0000 (disabled)  score=0.692  return=-0.063  role_std=7.1167  role_norm=34.5411  enc_delta ego=0.0000 partner=0.0000 road=0.0000
[ROMA step 4,499,963,904] sps=395,988  policy_loss=-0.0013  value_loss=2.2560  mi_loss=0.0015  mi_valid=0.80  div_loss=-0.2100  kl_loss=0.0000 (disabled)  score=0.691  return=-0.070  role_std=6.9747  role_norm=34.1397  enc_delta ego=0.0000 partner=0.0000 road=0.0000
[ROMA step 4,500,750,336] sps=395,695  policy_loss=-0.0022  value_loss=1.7114  mi_loss=0.0015  mi_valid=0.80  div_loss=-0.2012  kl_loss=0.0000 (disabled)  score=0.691  return=-0.067  role_std=5.5426  role_norm=33.6068  enc_delta ego=0.0000 partner=0.0000 road=0.0000
[ROMA] Saved -> /scratch/e452103/checkpoints/roma_mifutagent_dim1_H8_r16p64_ft_pc40_cb1_nodiv/roma_dim1_step4500750336.pt
[ROMA] Training complete. Saved -> /scratch/e452103/checkpoints/roma_mifutagent_dim1_H8_r16p64_ft_pc40_cb1_nodiv/roma_dim1_final.pt
[mifut] done -> /scratch/e452103/checkpoints/roma_mifutagent_dim1_H8_r16p64_ft_pc40_cb1_nodiv
