[mifut] FINE-TUNE seed: /scratch/e452103/checkpoints/roma_mifutagent_dim1_H8_r16p64_ft_paperrew_pc_nodiv/roma_dim1_step4000579584.pt (step 4000579584 -> 6500579584)
[mifut] role_dim=1  H=8  maps=10000  total_steps=6500579584
[mifut] role view: road=16 partner=64  mi_target=ego_partner
[mifut] FiLM conditioning: off
[mifut] compliance=2.5 perturb_frac=0.15 alpha=2.0
[mifut] compliance_perturbed_only=1 mi_exclude_perturbed=1
[mifut] freeze_role_encoder=0 init_from=/scratch/e452103/checkpoints/roma_mifutagent_dim1_H8_r16p64_ft_paperrew_pc_nodiv/roma_dim1_step4000579584.pt
[mifut] env overrides: --collision_behavior 1 --reward_vehicle_collision -1.0 --reward_offroad_collision -1.0
[mifut] div_weight=0  mi_weight=1.0  wandb_name=roma_mifutagent_dim1_ft_pc40_cb1_lr_nodiv
[mifut] code=/home/e452103/roma_film  save=/scratch/e452103/checkpoints/roma_mifutagent_dim1_H8_r16p64_ft_pc40_cb1_lr_nodiv
[mifut] branch=mi-future-agentcentric-film commit=c44e3b5
[ROMA] Device        : cuda
[ROMA] AMP (bf16)    : enabled
[ROMA] role_dim      : 1
[ROMA] num_maps      : 10000
[ROMA] num_agents    : 3072
[ROMA] total_steps   : 6,500,579,584
[ROMA] mi_weight     : 1.0
[ROMA] div_weight    : 0.0
[ROMA] mi_target     : ego_partner
[ROMA] role view     : road=16 partner=64 (policy GRU always sees the full 128)
[ROMA] mi_horizon    : 8 (future MI: z_t predicts emb t+1..t+8)
[ROMA] wandb initialized: https://wandb.ai/s-rahmani-tu-delft/roma-pufferdrive/runs/l91n3hbu
[ROMA] env override: collision_behavior = 0 -> 1
[ROMA] env override: reward_vehicle_collision = -0.5 -> -1.0
[ROMA] env override: reward_offroad_collision = -0.5 -> -1.0
[ROMA] obs_dim       : 1121 (auto-detected)
[ROMA] Resumed policy + aux critics from /scratch/e452103/checkpoints/roma_mifutagent_dim1_H8_r16p64_ft_paperrew_pc_nodiv/roma_dim1_step4000579584.pt @ step 4,000,579,584 (fresh Adam)
[ROMA] CSV log       : /scratch/e452103/checkpoints/roma_mifutagent_dim1_H8_r16p64_ft_pc40_cb1_lr_nodiv/training_log.csv
[ROMA] Training for 6,500,579,584 steps ...
[ROMA step 4,001,366,016] sps=244,641,199  policy_loss=0.0131  value_loss=0.5259  mi_loss=0.0009  mi_valid=0.73  div_loss=-0.3027  kl_loss=0.0000 (disabled)  score=0.970  return=0.565  role_std=4.3374  role_norm=15.3570  enc_delta ego=0.0063 partner=0.0055 road=0.0089
[ROMA step 4,002,152,448] sps=150,778,269  policy_loss=0.0007  value_loss=1.2702  mi_loss=0.0008  mi_valid=0.73  div_loss=-0.3262  kl_loss=0.0000 (disabled)  score=0.961  return=0.465  role_std=5.1392  role_norm=15.9601  enc_delta ego=0.0042 partner=0.0046 road=0.0074
[ROMA step 4,002,938,880] sps=109,175,319  policy_loss=-0.0048  value_loss=1.6588  mi_loss=0.0008  mi_valid=0.75  div_loss=-0.3145  kl_loss=0.0000 (disabled)  score=0.952  return=0.419  role_std=5.1632  role_norm=16.4247  enc_delta ego=0.0035 partner=0.0044 road=0.0059
[ROMA step 4,003,725,312] sps=63,442,515  policy_loss=0.0031  value_loss=2.0871  mi_loss=0.0009  mi_valid=0.73  div_loss=-0.3047  kl_loss=0.0000 (disabled)  score=0.942  return=0.349  role_std=4.9872  role_norm=16.8869  enc_delta ego=0.0041 partner=0.0044 road=0.0062
[ROMA step 4,004,511,744] sps=54,886,423  policy_loss=0.0055  value_loss=2.5334  mi_loss=0.0009  mi_valid=0.74  div_loss=-0.2988  kl_loss=0.0000 (disabled)  score=0.935  return=0.302  role_std=4.6881  role_norm=17.4462  enc_delta ego=0.0041 partner=0.0044 road=0.0056
[ROMA step 4,005,298,176] sps=48,332,173  policy_loss=0.0016  value_loss=2.4180  mi_loss=0.0010  mi_valid=0.76  div_loss=-0.2871  kl_loss=0.0000 (disabled)  score=0.930  return=0.275  role_std=5.8548  role_norm=18.9431  enc_delta ego=0.0037 partner=0.0031 road=0.0043
[ROMA step 4,006,084,608] sps=43,065,082  policy_loss=0.0045  value_loss=2.3012  mi_loss=0.0010  mi_valid=0.76  div_loss=-0.2793  kl_loss=0.0000 (disabled)  score=0.924  return=0.255  role_std=5.3090  role_norm=19.2991  enc_delta ego=0.0044 partner=0.0036 road=0.0052
[ROMA step 4,006,871,040] sps=33,445,770  policy_loss=0.0023  value_loss=3.6091  mi_loss=0.0010  mi_valid=0.73  div_loss=-0.3125  kl_loss=0.0000 (disabled)  score=0.919  return=0.208  role_std=6.0270  role_norm=19.6662  enc_delta ego=0.0031 partner=0.0040 road=0.0057
[ROMA step 4,007,657,472] sps=30,929,571  policy_loss=0.0092  value_loss=3.1568  mi_loss=0.0010  mi_valid=0.75  div_loss=-0.3066  kl_loss=0.0000 (disabled)  score=0.914  return=0.182  role_std=5.8127  role_norm=19.5598  enc_delta ego=0.0034 partner=0.0049 road=0.0061
[ROMA step 4,008,443,904] sps=28,764,130  policy_loss=0.0027  value_loss=2.0252  mi_loss=0.0011  mi_valid=0.75  div_loss=-0.2676  kl_loss=0.0000 (disabled)  score=0.910  return=0.177  role_std=5.4533  role_norm=19.8960  enc_delta ego=0.0033 partner=0.0040 road=0.0047
[ROMA step 4,009,230,336] sps=24,034,012  policy_loss=0.0004  value_loss=3.0426  mi_loss=0.0011  mi_valid=0.75  div_loss=-0.2812  kl_loss=0.0000 (disabled)  score=0.908  return=0.168  role_std=6.8514  role_norm=21.6411  enc_delta ego=0.0040 partner=0.0035 road=0.0053
[ROMA step 4,010,016,768] sps=22,674,868  policy_loss=0.0020  value_loss=3.7502  mi_loss=0.0011  mi_valid=0.77  div_loss=-0.2871  kl_loss=0.0000 (disabled)  score=0.905  return=0.143  role_std=6.6703  role_norm=21.8545  enc_delta ego=0.0033 partner=0.0033 road=0.0039
[ROMA step 4,010,803,200] sps=21,456,701  policy_loss=-0.0036  value_loss=2.9747  mi_loss=0.0011  mi_valid=0.77  div_loss=-0.2793  kl_loss=0.0000 (disabled)  score=0.902  return=0.131  role_std=6.8927  role_norm=21.6769  enc_delta ego=0.0052 partner=0.0035 road=0.0049
[ROMA step 4,011,589,632] sps=20,362,463  policy_loss=-0.0006  value_loss=2.9016  mi_loss=0.0012  mi_valid=0.77  div_loss=-0.2773  kl_loss=0.0000 (disabled)  score=0.898  return=0.111  role_std=6.4058  role_norm=21.0588  enc_delta ego=0.0045 partner=0.0040 road=0.0054
[ROMA step 4,012,376,064] sps=18,025,237  policy_loss=0.0071  value_loss=3.0604  mi_loss=0.0012  mi_valid=0.75  div_loss=-0.2969  kl_loss=0.0000 (disabled)  score=0.894  return=0.082  role_std=5.7014  role_norm=19.8509  enc_delta ego=0.0036 partner=0.0038 road=0.0048
[ROMA step 4,013,162,496] sps=17,236,337  policy_loss=0.0042  value_loss=2.8054  mi_loss=0.0013  mi_valid=0.78  div_loss=-0.2793  kl_loss=0.0000 (disabled)  score=0.890  return=0.069  role_std=5.0400  role_norm=19.9506  enc_delta ego=0.0034 partner=0.0038 road=0.0043
[ROMA step 4,013,948,928] sps=16,520,373  policy_loss=0.0068  value_loss=3.4687  mi_loss=0.0012  mi_valid=0.78  div_loss=-0.2910  kl_loss=0.0000 (disabled)  score=0.888  return=0.058  role_std=6.3682  role_norm=22.4740  enc_delta ego=0.0037 partner=0.0038 road=0.0048
[ROMA step 4,014,735,360] sps=14,915,437  policy_loss=-0.0023  value_loss=3.0815  mi_loss=0.0012  mi_valid=0.75  div_loss=-0.2734  kl_loss=0.0000 (disabled)  score=0.884  return=0.040  role_std=6.2012  role_norm=22.4355  enc_delta ego=0.0029 partner=0.0041 road=0.0048
[ROMA step 4,015,521,792] sps=14,385,805  policy_loss=0.0028  value_loss=2.8652  mi_loss=0.0013  mi_valid=0.77  div_loss=-0.2734  kl_loss=0.0000 (disabled)  score=0.882  return=0.024  role_std=6.6498  role_norm=22.6033  enc_delta ego=0.0053 partner=0.0046 road=0.0062
[ROMA step 4,016,308,224] sps=13,893,349  policy_loss=0.0118  value_loss=3.4593  mi_loss=0.0013  mi_valid=0.77  div_loss=-0.2949  kl_loss=0.0000 (disabled)  score=0.879  return=0.000  role_std=6.0633  role_norm=22.4895  enc_delta ego=0.0032 partner=0.0039 road=0.0050
[ROMA step 4,017,094,656] sps=13,433,424  policy_loss=0.0066  value_loss=2.8526  mi_loss=0.0013  mi_valid=0.78  div_loss=-0.2891  kl_loss=0.0000 (disabled)  score=0.875  return=-0.018  role_std=6.0391  role_norm=22.2684  enc_delta ego=0.0045 partner=0.0038 road=0.0061
[ROMA step 4,017,881,088] sps=12,391,470  policy_loss=0.0072  value_loss=2.9030  mi_loss=0.0013  mi_valid=0.78  div_loss=-0.2656  kl_loss=0.0000 (disabled)  score=0.872  return=-0.024  role_std=7.0543  role_norm=24.3231  enc_delta ego=0.0055 partner=0.0042 road=0.0057
[ROMA step 4,018,667,520] sps=12,022,068  policy_loss=-0.0006  value_loss=3.1267  mi_loss=0.0013  mi_valid=0.78  div_loss=-0.2695  kl_loss=0.0000 (disabled)  score=0.868  return=-0.031  role_std=7.0795  role_norm=24.1778  enc_delta ego=0.0040 partner=0.0037 road=0.0046
[ROMA step 4,019,453,952] sps=11,673,512  policy_loss=0.0045  value_loss=3.5816  mi_loss=0.0013  mi_valid=0.78  div_loss=-0.2832  kl_loss=0.0000 (disabled)  score=0.865  return=-0.040  role_std=6.9095  role_norm=23.6404  enc_delta ego=0.0041 partner=0.0036 road=0.0052
[ROMA step 4,020,240,384] sps=10,849,391  policy_loss=-0.0009  value_loss=3.0251  mi_loss=0.0014  mi_valid=0.76  div_loss=-0.2969  kl_loss=0.0000 (disabled)  score=0.862  return=-0.053  role_std=5.4316  role_norm=22.5765  enc_delta ego=0.0034 partner=0.0035 road=0.0045
[ROMA step 4,021,026,816] sps=10,564,372  policy_loss=0.0033  value_loss=2.3366  mi_loss=0.0012  mi_valid=0.78  div_loss=-0.2617  kl_loss=0.0000 (disabled)  score=0.860  return=-0.050  role_std=5.4910  role_norm=22.8126  enc_delta ego=0.0036 partner=0.0026 road=0.0041
[ROMA step 4,021,813,248] sps=10,295,573  policy_loss=0.0075  value_loss=2.9054  mi_loss=0.0013  mi_valid=0.79  div_loss=-0.2793  kl_loss=0.0000 (disabled)  score=0.858  return=-0.051  role_std=5.2814  role_norm=22.0680  enc_delta ego=0.0032 partner=0.0033 road=0.0052
[ROMA step 4,022,599,680] sps=10,041,304  policy_loss=-0.0027  value_loss=2.0500  mi_loss=0.0013  mi_valid=0.79  div_loss=-0.2598  kl_loss=0.0000 (disabled)  score=0.857  return=-0.046  role_std=6.7479  role_norm=24.3639  enc_delta ego=0.0032 partner=0.0033 road=0.0049
[ROMA step 4,023,386,112] sps=9,472,972  policy_loss=0.0008  value_loss=3.0867  mi_loss=0.0014  mi_valid=0.76  div_loss=-0.2734  kl_loss=0.0000 (disabled)  score=0.856  return=-0.048  role_std=7.3421  role_norm=24.0059  enc_delta ego=0.0035 partner=0.0036 road=0.0055
[ROMA step 4,024,172,544] sps=9,253,958  policy_loss=0.0083  value_loss=2.5564  mi_loss=0.0013  mi_valid=0.78  div_loss=-0.2734  kl_loss=0.0000 (disabled)  score=0.854  return=-0.054  role_std=6.7939  role_norm=23.6521  enc_delta ego=0.0036 partner=0.0041 road=0.0058
[ROMA step 4,024,958,976] sps=9,039,189  policy_loss=-0.0012  value_loss=2.3611  mi_loss=0.0014  mi_valid=0.78  div_loss=-0.2656  kl_loss=0.0000 (disabled)  score=0.852  return=-0.054  role_std=6.1592  role_norm=23.7092  enc_delta ego=0.0031 partner=0.0041 road=0.0049
[ROMA step 4,025,745,408] sps=8,542,440  policy_loss=0.0045  value_loss=3.0799  mi_loss=0.0013  mi_valid=0.78  div_loss=-0.2773  kl_loss=0.0000 (disabled)  score=0.850  return=-0.064  role_std=5.0843  role_norm=21.7517  enc_delta ego=0.0024 partner=0.0033 road=0.0045
[ROMA step 4,026,531,840] sps=8,364,091  policy_loss=0.0043  value_loss=2.2235  mi_loss=0.0012  mi_valid=0.81  div_loss=-0.2471  kl_loss=0.0000 (disabled)  score=0.848  return=-0.065  role_std=6.7050  role_norm=25.2659  enc_delta ego=0.0038 partner=0.0038 road=0.0057
[ROMA step 4,027,318,272] sps=8,187,976  policy_loss=0.0029  value_loss=3.0856  mi_loss=0.0013  mi_valid=0.79  div_loss=-0.2617  kl_loss=0.0000 (disabled)  score=0.846  return=-0.073  role_std=7.1213  role_norm=26.2105  enc_delta ego=0.0039 partner=0.0040 road=0.0054
[ROMA step 4,028,104,704] sps=8,019,287  policy_loss=0.0000  value_loss=3.1305  mi_loss=0.0012  mi_valid=0.79  div_loss=-0.2520  kl_loss=0.0000 (disabled)  score=0.844  return=-0.079  role_std=7.2223  role_norm=26.1751  enc_delta ego=0.0028 partner=0.0029 road=0.0042
[ROMA step 4,028,891,136] sps=7,641,566  policy_loss=0.0021  value_loss=3.0581  mi_loss=0.0014  mi_valid=0.77  div_loss=-0.2598  kl_loss=0.0000 (disabled)  score=0.838  return=-0.106  role_std=6.3855  role_norm=25.4303  enc_delta ego=0.0043 partner=0.0040 road=0.0054
[ROMA step 4,029,677,568] sps=7,499,548  policy_loss=0.0036  value_loss=3.7257  mi_loss=0.0014  mi_valid=0.79  div_loss=-0.2812  kl_loss=0.0000 (disabled)  score=0.833  return=-0.135  role_std=5.8843  role_norm=24.9611  enc_delta ego=0.0040 partner=0.0031 road=0.0049
[ROMA step 4,030,464,000] sps=7,364,290  policy_loss=0.0098  value_loss=3.0292  mi_loss=0.0014  mi_valid=0.80  div_loss=-0.2793  kl_loss=0.0000 (disabled)  score=0.830  return=-0.148  role_std=7.8528  role_norm=26.9667  enc_delta ego=0.0044 partner=0.0038 road=0.0050
[ROMA step 4,031,250,432] sps=7,233,922  policy_loss=0.0022  value_loss=3.6811  mi_loss=0.0015  mi_valid=0.80  div_loss=-0.2793  kl_loss=0.0000 (disabled)  score=0.826  return=-0.170  role_std=7.9671  role_norm=27.5290  enc_delta ego=0.0043 partner=0.0036 road=0.0046
[ROMA step 4,032,036,864] sps=6,942,578  policy_loss=0.0073  value_loss=4.5115  mi_loss=0.0014  mi_valid=0.77  div_loss=-0.2930  kl_loss=0.0000 (disabled)  score=0.821  return=-0.195  role_std=7.6758  role_norm=27.0814  enc_delta ego=0.0039 partner=0.0039 road=0.0062
[ROMA step 4,032,823,296] sps=6,826,808  policy_loss=0.0022  value_loss=3.0487  mi_loss=0.0015  mi_valid=0.80  div_loss=-0.2715  kl_loss=0.0000 (disabled)  score=0.814  return=-0.214  role_std=7.4005  role_norm=26.4693  enc_delta ego=0.0037 partner=0.0038 road=0.0053
[ROMA step 4,033,609,728] sps=6,715,131  policy_loss=-0.0023  value_loss=2.9827  mi_loss=0.0015  mi_valid=0.80  div_loss=-0.2773  kl_loss=0.0000 (disabled)  score=0.808  return=-0.235  role_std=6.7711  role_norm=25.9613  enc_delta ego=0.0030 partner=0.0038 road=0.0044
[ROMA step 4,034,396,160] sps=6,433,670  policy_loss=0.0062  value_loss=3.2317  mi_loss=0.0015  mi_valid=0.79  div_loss=-0.2773  kl_loss=0.0000 (disabled)  score=0.804  return=-0.247  role_std=9.0688  role_norm=27.6777  enc_delta ego=0.0033 partner=0.0036 road=0.0055
[ROMA step 4,035,182,592] sps=6,332,550  policy_loss=-0.0023  value_loss=3.6024  mi_loss=0.0014  mi_valid=0.81  div_loss=-0.2793  kl_loss=0.0000 (disabled)  score=0.799  return=-0.262  role_std=8.3579  role_norm=27.4805  enc_delta ego=0.0033 partner=0.0043 road=0.0062
[ROMA step 4,035,969,024] sps=6,234,822  policy_loss=0.0017  value_loss=3.4124  mi_loss=0.0015  mi_valid=0.79  div_loss=-0.2559  kl_loss=0.0000 (disabled)  score=0.794  return=-0.277  role_std=7.5054  role_norm=27.4452  enc_delta ego=0.0042 partner=0.0042 road=0.0060
[ROMA step 4,036,755,456] sps=6,140,148  policy_loss=0.0028  value_loss=2.9497  mi_loss=0.0015  mi_valid=0.79  div_loss=-0.2598  kl_loss=0.0000 (disabled)  score=0.789  return=-0.296  role_std=6.3990  role_norm=27.4242  enc_delta ego=0.0029 partner=0.0033 road=0.0050
[ROMA step 4,037,541,888] sps=5,909,035  policy_loss=-0.0036  value_loss=2.6715  mi_loss=0.0015  mi_valid=0.77  div_loss=-0.2520  kl_loss=0.0000 (disabled)  score=0.785  return=-0.302  role_std=6.3206  role_norm=27.0173  enc_delta ego=0.0040 partner=0.0040 road=0.0058
[ROMA step 4,038,328,320] sps=5,820,661  policy_loss=-0.0002  value_loss=3.2724  mi_loss=0.0014  mi_valid=0.79  div_loss=-0.2715  kl_loss=0.0000 (disabled)  score=0.782  return=-0.310  role_std=6.0857  role_norm=26.8756  enc_delta ego=0.0030 partner=0.0033 road=0.0038
[ROMA step 4,039,114,752] sps=5,735,583  policy_loss=-0.0054  value_loss=2.8335  mi_loss=0.0015  mi_valid=0.82  div_loss=-0.2676  kl_loss=0.0000 (disabled)  score=0.779  return=-0.316  role_std=7.6489  role_norm=28.6394  enc_delta ego=0.0040 partner=0.0036 road=0.0049
[ROMA step 4,039,901,184] sps=5,541,767  policy_loss=-0.0040  value_loss=3.1666  mi_loss=0.0015  mi_valid=0.78  div_loss=-0.2617  kl_loss=0.0000 (disabled)  score=0.776  return=-0.325  role_std=7.2936  role_norm=27.9089  enc_delta ego=0.0033 partner=0.0037 road=0.0044
[ROMA step 4,040,687,616] sps=5,468,040  policy_loss=0.0067  value_loss=3.2652  mi_loss=0.0015  mi_valid=0.80  div_loss=-0.2617  kl_loss=0.0000 (disabled)  score=0.772  return=-0.329  role_std=7.2701  role_norm=27.7127  enc_delta ego=0.0031 partner=0.0031 road=0.0050
[ROMA step 4,041,474,048] sps=5,395,616  policy_loss=0.0033  value_loss=3.1117  mi_loss=0.0015  mi_valid=0.80  div_loss=-0.2695  kl_loss=0.0000 (disabled)  score=0.769  return=-0.342  role_std=7.3103  role_norm=27.3012  enc_delta ego=0.0036 partner=0.0035 road=0.0050
[ROMA step 4,042,260,480] sps=5,325,356  policy_loss=-0.0038  value_loss=2.9146  mi_loss=0.0015  mi_valid=0.80  div_loss=-0.2656  kl_loss=0.0000 (disabled)  score=0.765  return=-0.351  role_std=6.1888  role_norm=27.0698  enc_delta ego=0.0029 partner=0.0031 road=0.0036
[ROMA step 4,043,046,912] sps=5,166,098  policy_loss=-0.0002  value_loss=2.9478  mi_loss=0.0014  mi_valid=0.80  div_loss=-0.2637  kl_loss=0.0000 (disabled)  score=0.763  return=-0.357  role_std=7.6509  role_norm=29.0163  enc_delta ego=0.0033 partner=0.0027 road=0.0045
[ROMA step 4,043,833,344] sps=5,101,095  policy_loss=-0.0004  value_loss=3.5877  mi_loss=0.0015  mi_valid=0.81  div_loss=-0.2773  kl_loss=0.0000 (disabled)  score=0.758  return=-0.365  role_std=8.7492  role_norm=28.9618  enc_delta ego=0.0037 partner=0.0037 road=0.0059
[ROMA step 4,044,619,776] sps=5,038,251  policy_loss=0.0032  value_loss=3.0916  mi_loss=0.0015  mi_valid=0.81  div_loss=-0.2656  kl_loss=0.0000 (disabled)  score=0.753  return=-0.371  role_std=8.2337  role_norm=28.9062  enc_delta ego=0.0034 partner=0.0030 road=0.0042
[ROMA step 4,045,406,208] sps=4,898,285  policy_loss=-0.0010  value_loss=2.9142  mi_loss=0.0016  mi_valid=0.78  div_loss=-0.2637  kl_loss=0.0000 (disabled)  score=0.750  return=-0.377  role_std=6.7164  role_norm=28.8751  enc_delta ego=0.0036 partner=0.0033 road=0.0042
[ROMA step 4,046,192,640] sps=4,840,088  policy_loss=0.0022  value_loss=2.1364  mi_loss=0.0015  mi_valid=0.80  div_loss=-0.2422  kl_loss=0.0000 (disabled)  score=0.746  return=-0.382  role_std=6.1261  role_norm=28.3369  enc_delta ego=0.0037 partner=0.0037 road=0.0048
[ROMA step 4,046,979,072] sps=4,783,431  policy_loss=-0.0016  value_loss=2.3684  mi_loss=0.0015  mi_valid=0.81  div_loss=-0.2471  kl_loss=0.0000 (disabled)  score=0.744  return=-0.385  role_std=5.9010  role_norm=27.6264  enc_delta ego=0.0021 partner=0.0029 road=0.0028
[ROMA step 4,047,765,504] sps=4,728,921  policy_loss=-0.0016  value_loss=1.7344  mi_loss=0.0015  mi_valid=0.82  div_loss=-0.2217  kl_loss=0.0000 (disabled)  score=0.741  return=-0.386  role_std=6.8254  role_norm=30.0749  enc_delta ego=0.0033 partner=0.0032 road=0.0047
[ROMA step 4,048,551,936] sps=4,600,076  policy_loss=0.0031  value_loss=2.6547  mi_loss=0.0016  mi_valid=0.77  div_loss=-0.2246  kl_loss=0.0000 (disabled)  score=0.738  return=-0.384  role_std=7.8723  role_norm=29.6655  enc_delta ego=0.0036 partner=0.0035 road=0.0051
[ROMA step 4,049,338,368] sps=4,549,219  policy_loss=0.0068  value_loss=2.8924  mi_loss=0.0017  mi_valid=0.80  div_loss=-0.2520  kl_loss=0.0000 (disabled)  score=0.734  return=-0.399  role_std=7.5187  role_norm=29.4736  enc_delta ego=0.0036 partner=0.0037 road=0.0050
[ROMA step 4,050,124,800] sps=4,498,502  policy_loss=-0.0009  value_loss=2.8021  mi_loss=0.0017  mi_valid=0.80  div_loss=-0.2637  kl_loss=0.0000 (disabled)  score=0.730  return=-0.415  role_std=6.7467  role_norm=28.6373  enc_delta ego=0.0036 partner=0.0033 road=0.0048
[ROMA step 4,050,911,232] sps=4,380,893  policy_loss=-0.0012  value_loss=3.1450  mi_loss=0.0017  mi_valid=0.79  div_loss=-0.2598  kl_loss=0.0000 (disabled)  score=0.725  return=-0.434  role_std=5.2013  role_norm=27.7739  enc_delta ego=0.0030 partner=0.0028 road=0.0045
[ROMA step 4,051,697,664] sps=4,333,966  policy_loss=-0.0022  value_loss=2.8201  mi_loss=0.0015  mi_valid=0.83  div_loss=-0.2559  kl_loss=0.0000 (disabled)  score=0.723  return=-0.442  role_std=8.4949  role_norm=29.8745  enc_delta ego=0.0033 partner=0.0028 road=0.0054
[ROMA step 4,052,484,096] sps=4,288,345  policy_loss=0.0093  value_loss=3.0448  mi_loss=0.0015  mi_valid=0.80  div_loss=-0.2324  kl_loss=0.0000 (disabled)  score=0.719  return=-0.449  role_std=8.0211  role_norm=29.4770  enc_delta ego=0.0047 partner=0.0042 road=0.0057
[ROMA step 4,053,270,528] sps=4,243,994  policy_loss=0.0016  value_loss=2.7043  mi_loss=0.0015  mi_valid=0.80  div_loss=-0.2314  kl_loss=0.0000 (disabled)  score=0.715  return=-0.460  role_std=6.7955  role_norm=29.3492  enc_delta ego=0.0039 partner=0.0040 road=0.0059
[ROMA step 4,054,056,960] sps=4,146,416  policy_loss=0.0064  value_loss=3.4034  mi_loss=0.0016  mi_valid=0.78  div_loss=-0.2598  kl_loss=0.0000 (disabled)  score=0.711  return=-0.469  role_std=7.4017  role_norm=28.3624  enc_delta ego=0.0041 partner=0.0032 road=0.0047
[ROMA step 4,054,843,392] sps=4,105,291  policy_loss=0.0018  value_loss=2.9551  mi_loss=0.0017  mi_valid=0.81  div_loss=-0.2520  kl_loss=0.0000 (disabled)  score=0.706  return=-0.483  role_std=6.4922  role_norm=28.6059  enc_delta ego=0.0039 partner=0.0034 road=0.0051
[ROMA step 4,055,629,824] sps=4,064,750  policy_loss=0.0017  value_loss=3.2027  mi_loss=0.0017  mi_valid=0.83  div_loss=-0.2559  kl_loss=0.0000 (disabled)  score=0.701  return=-0.499  role_std=7.6059  role_norm=30.8130  enc_delta ego=0.0029 partner=0.0028 road=0.0038
[ROMA step 4,056,416,256] sps=4,025,213  policy_loss=-0.0051  value_loss=2.8200  mi_loss=0.0018  mi_valid=0.83  div_loss=-0.2559  kl_loss=0.0000 (disabled)  score=0.698  return=-0.507  role_std=7.2933  role_norm=30.4328  enc_delta ego=0.0038 partner=0.0032 road=0.0050
[ROMA step 4,057,202,688] sps=3,939,434  policy_loss=0.0010  value_loss=3.0910  mi_loss=0.0017  mi_valid=0.78  div_loss=-0.2393  kl_loss=0.0000 (disabled)  score=0.693  return=-0.514  role_std=7.5465  role_norm=29.5508  enc_delta ego=0.0030 partner=0.0035 road=0.0052
[ROMA step 4,057,989,120] sps=3,902,659  policy_loss=-0.0018  value_loss=2.2892  mi_loss=0.0016  mi_valid=0.81  div_loss=-0.2344  kl_loss=0.0000 (disabled)  score=0.688  return=-0.517  role_std=6.6911  role_norm=29.5009  enc_delta ego=0.0027 partner=0.0031 road=0.0042
[ROMA step 4,058,775,552] sps=3,866,390  policy_loss=0.0063  value_loss=2.5216  mi_loss=0.0016  mi_valid=0.81  div_loss=-0.2393  kl_loss=0.0000 (disabled)  score=0.683  return=-0.520  role_std=6.5285  role_norm=29.3085  enc_delta ego=0.0023 partner=0.0033 road=0.0041
[ROMA step 4,059,561,984] sps=3,784,860  policy_loss=0.0021  value_loss=2.8801  mi_loss=0.0016  mi_valid=0.81  div_loss=-0.2383  kl_loss=0.0000 (disabled)  score=0.679  return=-0.518  role_std=7.2577  role_norm=31.0263  enc_delta ego=0.0031 partner=0.0037 road=0.0042
[ROMA step 4,060,348,416] sps=3,749,856  policy_loss=0.0044  value_loss=2.6665  mi_loss=0.0017  mi_valid=0.83  div_loss=-0.2334  kl_loss=0.0000 (disabled)  score=0.678  return=-0.515  role_std=7.1373  role_norm=30.8553  enc_delta ego=0.0038 partner=0.0037 road=0.0052
[ROMA step 4,061,134,848] sps=3,714,582  policy_loss=0.0055  value_loss=2.2279  mi_loss=0.0016  mi_valid=0.80  div_loss=-0.2236  kl_loss=0.0000 (disabled)  score=0.678  return=-0.512  role_std=6.8136  role_norm=30.3662  enc_delta ego=0.0034 partner=0.0032 road=0.0043
[ROMA step 4,061,921,280] sps=3,680,695  policy_loss=-0.0018  value_loss=1.9425  mi_loss=0.0016  mi_valid=0.81  div_loss=-0.2197  kl_loss=0.0000 (disabled)  score=0.676  return=-0.506  role_std=6.7167  role_norm=29.7427  enc_delta ego=0.0032 partner=0.0032 road=0.0045
[ROMA step 4,062,707,712] sps=3,599,764  policy_loss=-0.0003  value_loss=2.6019  mi_loss=0.0017  mi_valid=0.78  div_loss=-0.2266  kl_loss=0.0000 (disabled)  score=0.675  return=-0.505  role_std=6.0487  role_norm=29.4645  enc_delta ego=0.0024 partner=0.0026 road=0.0035
[ROMA step 4,063,494,144] sps=3,568,841  policy_loss=-0.0010  value_loss=2.0928  mi_loss=0.0017  mi_valid=0.81  div_loss=-0.2188  kl_loss=0.0000 (disabled)  score=0.674  return=-0.499  role_std=5.8031  role_norm=29.0661  enc_delta ego=0.0037 partner=0.0029 road=0.0051
[ROMA step 4,064,280,576] sps=3,538,095  policy_loss=0.0005  value_loss=1.6407  mi_loss=0.0017  mi_valid=0.82  div_loss=-0.2129  kl_loss=0.0000 (disabled)  score=0.673  return=-0.495  role_std=6.5352  role_norm=30.7606  enc_delta ego=0.0036 partner=0.0030 road=0.0048
[ROMA step 4,065,067,008] sps=3,467,390  policy_loss=0.0093  value_loss=2.3350  mi_loss=0.0017  mi_valid=0.79  div_loss=-0.2168  kl_loss=0.0000 (disabled)  score=0.672  return=-0.492  role_std=6.6550  role_norm=30.3334  enc_delta ego=0.0032 partner=0.0033 road=0.0053
[ROMA step 4,065,853,440] sps=3,437,113  policy_loss=0.0008  value_loss=2.0048  mi_loss=0.0016  mi_valid=0.80  div_loss=-0.2217  kl_loss=0.0000 (disabled)  score=0.670  return=-0.487  role_std=6.9373  role_norm=30.2932  enc_delta ego=0.0031 partner=0.0035 road=0.0054
[ROMA step 4,066,639,872] sps=3,407,396  policy_loss=0.0065  value_loss=2.4287  mi_loss=0.0016  mi_valid=0.80  div_loss=-0.2383  kl_loss=0.0000 (disabled)  score=0.667  return=-0.485  role_std=6.7354  role_norm=29.4351  enc_delta ego=0.0027 partner=0.0027 road=0.0040
[ROMA step 4,067,426,304] sps=3,378,242  policy_loss=0.0083  value_loss=2.7863  mi_loss=0.0016  mi_valid=0.80  div_loss=-0.2480  kl_loss=0.0000 (disabled)  score=0.665  return=-0.492  role_std=6.5806  role_norm=28.8009  enc_delta ego=0.0030 partner=0.0030 road=0.0044
[ROMA step 4,068,212,736] sps=3,311,917  policy_loss=0.0044  value_loss=2.3495  mi_loss=0.0016  mi_valid=0.80  div_loss=-0.2217  kl_loss=0.0000 (disabled)  score=0.663  return=-0.489  role_std=7.5618  role_norm=29.9091  enc_delta ego=0.0033 partner=0.0034 road=0.0052
[ROMA step 4,068,999,168] sps=3,285,903  policy_loss=-0.0011  value_loss=2.1233  mi_loss=0.0016  mi_valid=0.82  div_loss=-0.2139  kl_loss=0.0000 (disabled)  score=0.661  return=-0.482  role_std=6.2490  role_norm=30.0297  enc_delta ego=0.0036 partner=0.0036 road=0.0057
[ROMA step 4,069,785,600] sps=3,260,270  policy_loss=-0.0013  value_loss=1.7679  mi_loss=0.0016  mi_valid=0.81  div_loss=-0.2051  kl_loss=0.0000 (disabled)  score=0.658  return=-0.466  role_std=7.6582  role_norm=29.5444  enc_delta ego=0.0036 partner=0.0033 road=0.0045
[ROMA step 4,070,572,032] sps=3,196,692  policy_loss=0.0061  value_loss=1.7568  mi_loss=0.0016  mi_valid=0.78  div_loss=-0.2051  kl_loss=0.0000 (disabled)  score=0.654  return=-0.460  role_std=5.7953  role_norm=28.8927  enc_delta ego=0.0035 partner=0.0034 road=0.0050
[ROMA step 4,071,358,464] sps=3,171,930  policy_loss=0.0007  value_loss=1.9349  mi_loss=0.0016  mi_valid=0.81  div_loss=-0.2197  kl_loss=0.0000 (disabled)  score=0.651  return=-0.451  role_std=5.5005  role_norm=28.8491  enc_delta ego=0.0027 partner=0.0033 road=0.0048
[ROMA step 4,072,144,896] sps=3,146,994  policy_loss=0.0035  value_loss=1.4551  mi_loss=0.0015  mi_valid=0.82  div_loss=-0.2061  kl_loss=0.0000 (disabled)  score=0.649  return=-0.437  role_std=5.4843  role_norm=28.1185  enc_delta ego=0.0032 partner=0.0033 road=0.0040
[ROMA step 4,072,931,328] sps=3,123,018  policy_loss=-0.0025  value_loss=1.5871  mi_loss=0.0016  mi_valid=0.84  div_loss=-0.2188  kl_loss=0.0000 (disabled)  score=0.647  return=-0.431  role_std=6.6457  role_norm=29.8676  enc_delta ego=0.0035 partner=0.0032 road=0.0048
[ROMA step 4,073,717,760] sps=3,069,414  policy_loss=0.0046  value_loss=1.9538  mi_loss=0.0016  mi_valid=0.78  div_loss=-0.2129  kl_loss=0.0000 (disabled)  score=0.645  return=-0.427  role_std=6.2357  role_norm=29.7156  enc_delta ego=0.0035 partner=0.0030 road=0.0048
[ROMA step 4,074,504,192] sps=3,047,371  policy_loss=-0.0008  value_loss=2.3880  mi_loss=0.0016  mi_valid=0.81  div_loss=-0.2305  kl_loss=0.0000 (disabled)  score=0.642  return=-0.428  role_std=7.5639  role_norm=29.7765  enc_delta ego=0.0040 partner=0.0035 road=0.0049
[ROMA step 4,075,290,624] sps=3,025,495  policy_loss=0.0050  value_loss=2.1943  mi_loss=0.0016  mi_valid=0.81  div_loss=-0.2354  kl_loss=0.0000 (disabled)  score=0.640  return=-0.436  role_std=6.7695  role_norm=29.4113  enc_delta ego=0.0028 partner=0.0027 road=0.0036
[ROMA step 4,076,077,056] sps=2,969,875  policy_loss=0.0083  value_loss=2.1634  mi_loss=0.0016  mi_valid=0.79  div_loss=-0.2217  kl_loss=0.0000 (disabled)  score=0.638  return=-0.443  role_std=5.5314  role_norm=28.4866  enc_delta ego=0.0027 partner=0.0029 road=0.0046
[ROMA step 4,076,863,488] sps=2,948,200  policy_loss=0.0089  value_loss=2.7937  mi_loss=0.0017  mi_valid=0.83  div_loss=-0.2354  kl_loss=0.0000 (disabled)  score=0.637  return=-0.442  role_std=7.8131  role_norm=30.0855  enc_delta ego=0.0032 partner=0.0030 road=0.0042
[ROMA step 4,077,649,920] sps=2,927,174  policy_loss=0.0062  value_loss=2.7611  mi_loss=0.0017  mi_valid=0.80  div_loss=-0.2314  kl_loss=0.0000 (disabled)  score=0.636  return=-0.439  role_std=7.2501  role_norm=30.0279  enc_delta ego=0.0035 partner=0.0040 road=0.0054
[ROMA step 4,078,436,352] sps=2,906,258  policy_loss=0.0065  value_loss=2.8759  mi_loss=0.0017  mi_valid=0.80  div_loss=-0.2373  kl_loss=0.0000 (disabled)  score=0.635  return=-0.439  role_std=6.9896  role_norm=30.0834  enc_delta ego=0.0032 partner=0.0034 road=0.0053
[ROMA step 4,079,222,784] sps=2,857,473  policy_loss=-0.0055  value_loss=1.5684  mi_loss=0.0016  mi_valid=0.77  div_loss=-0.2109  kl_loss=0.0000 (disabled)  score=0.634  return=-0.420  role_std=6.3994  role_norm=29.7613  enc_delta ego=0.0034 partner=0.0028 road=0.0043
[ROMA step 4,080,009,216] sps=2,838,147  policy_loss=0.0018  value_loss=1.9616  mi_loss=0.0016  mi_valid=0.80  div_loss=-0.2139  kl_loss=0.0000 (disabled)  score=0.634  return=-0.417  role_std=6.4461  role_norm=29.8664  enc_delta ego=0.0035 partner=0.0034 road=0.0051
[ROMA step 4,080,795,648] sps=2,819,126  policy_loss=-0.0006  value_loss=1.9358  mi_loss=0.0015  mi_valid=0.82  div_loss=-0.2090  kl_loss=0.0000 (disabled)  score=0.634  return=-0.412  role_std=5.3118  role_norm=29.1611  enc_delta ego=0.0036 partner=0.0038 road=0.0045
[ROMA step 4,081,582,080] sps=2,800,363  policy_loss=0.0065  value_loss=2.1274  mi_loss=0.0016  mi_valid=0.83  div_loss=-0.2256  kl_loss=0.0000 (disabled)  score=0.633  return=-0.415  role_std=7.3465  role_norm=31.8123  enc_delta ego=0.0041 partner=0.0037 road=0.0040
[ROMA step 4,082,368,512] sps=2,755,281  policy_loss=0.0036  value_loss=3.3431  mi_loss=0.0017  mi_valid=0.78  div_loss=-0.2285  kl_loss=0.0000 (disabled)  score=0.633  return=-0.408  role_std=7.2046  role_norm=31.5342  enc_delta ego=0.0058 partner=0.0042 road=0.0052
[ROMA step 4,083,154,944] sps=2,737,119  policy_loss=0.0031  value_loss=2.5883  mi_loss=0.0017  mi_valid=0.81  div_loss=-0.2246  kl_loss=0.0000 (disabled)  score=0.633  return=-0.408  role_std=7.4576  role_norm=31.1272  enc_delta ego=0.0060 partner=0.0032 road=0.0044
[ROMA step 4,083,941,376] sps=2,719,557  policy_loss=-0.0057  value_loss=2.3456  mi_loss=0.0018  mi_valid=0.81  div_loss=-0.2354  kl_loss=0.0000 (disabled)  score=0.633  return=-0.402  role_std=6.9792  role_norm=30.7531  enc_delta ego=0.0056 partner=0.0035 road=0.0047
[ROMA step 4,084,727,808] sps=2,678,198  policy_loss=-0.0071  value_loss=2.2242  mi_loss=0.0018  mi_valid=0.79  div_loss=-0.2285  kl_loss=0.0000 (disabled)  score=0.635  return=-0.399  role_std=6.0509  role_norm=29.4005  enc_delta ego=0.0035 partner=0.0032 road=0.0044
[ROMA step 4,085,514,240] sps=2,661,070  policy_loss=-0.0010  value_loss=2.8428  mi_loss=0.0017  mi_valid=0.82  div_loss=-0.2412  kl_loss=0.0000 (disabled)  score=0.636  return=-0.398  role_std=7.9908  role_norm=32.3635  enc_delta ego=0.0027 partner=0.0028 road=0.0039
[ROMA step 4,086,300,672] sps=2,644,196  policy_loss=-0.0005  value_loss=2.5059  mi_loss=0.0016  mi_valid=0.80  div_loss=-0.2236  kl_loss=0.0000 (disabled)  score=0.637  return=-0.402  role_std=7.8013  role_norm=31.9610  enc_delta ego=0.0040 partner=0.0033 road=0.0046
[ROMA step 4,087,087,104] sps=2,627,535  policy_loss=0.0003  value_loss=2.4458  mi_loss=0.0017  mi_valid=0.80  div_loss=-0.2227  kl_loss=0.0000 (disabled)  score=0.639  return=-0.394  role_std=8.3555  role_norm=31.6091  enc_delta ego=0.0031 partner=0.0035 road=0.0041
[ROMA step 4,087,873,536] sps=2,587,354  policy_loss=-0.0052  value_loss=2.5466  mi_loss=0.0016  mi_valid=0.76  div_loss=-0.2266  kl_loss=0.0000 (disabled)  score=0.642  return=-0.392  role_std=6.8356  role_norm=31.3031  enc_delta ego=0.0034 partner=0.0036 road=0.0044
[ROMA step 4,088,659,968] sps=2,571,522  policy_loss=0.0056  value_loss=1.8863  mi_loss=0.0017  mi_valid=0.79  div_loss=-0.1953  kl_loss=0.0000 (disabled)  score=0.643  return=-0.385  role_std=5.4654  role_norm=31.1634  enc_delta ego=0.0033 partner=0.0034 road=0.0050
[ROMA step 4,089,446,400] sps=2,556,060  policy_loss=0.0044  value_loss=2.4425  mi_loss=0.0016  mi_valid=0.81  div_loss=-0.2227  kl_loss=0.0000 (disabled)  score=0.645  return=-0.386  role_std=7.5547  role_norm=32.0749  enc_delta ego=0.0027 partner=0.0031 road=0.0050
[ROMA step 4,090,232,832] sps=2,519,736  policy_loss=0.0028  value_loss=2.0530  mi_loss=0.0017  mi_valid=0.78  div_loss=-0.2119  kl_loss=0.0000 (disabled)  score=0.648  return=-0.382  role_std=6.9322  role_norm=31.8054  enc_delta ego=0.0029 partner=0.0035 road=0.0050
[ROMA step 4,091,019,264] sps=2,504,863  policy_loss=0.0028  value_loss=2.1913  mi_loss=0.0017  mi_valid=0.80  div_loss=-0.2021  kl_loss=0.0000 (disabled)  score=0.649  return=-0.371  role_std=6.1759  role_norm=31.7715  enc_delta ego=0.0038 partner=0.0035 road=0.0050
[ROMA step 4,091,805,696] sps=2,489,944  policy_loss=-0.0030  value_loss=1.5978  mi_loss=0.0019  mi_valid=0.80  div_loss=-0.1953  kl_loss=0.0000 (disabled)  score=0.648  return=-0.366  role_std=6.4625  role_norm=31.8161  enc_delta ego=0.0032 partner=0.0030 road=0.0050
[ROMA step 4,092,592,128] sps=2,475,285  policy_loss=0.0014  value_loss=1.4567  mi_loss=0.0019  mi_valid=0.80  div_loss=-0.1875  kl_loss=0.0000 (disabled)  score=0.647  return=-0.364  role_std=5.6583  role_norm=31.5473  enc_delta ego=0.0030 partner=0.0030 road=0.0048
[ROMA step 4,093,378,560] sps=2,443,448  policy_loss=0.0001  value_loss=1.9178  mi_loss=0.0018  mi_valid=0.80  div_loss=-0.1963  kl_loss=0.0000 (disabled)  score=0.647  return=-0.361  role_std=7.3286  role_norm=32.9958  enc_delta ego=0.0029 partner=0.0031 road=0.0043
[ROMA step 4,094,164,992] sps=2,429,533  policy_loss=-0.0021  value_loss=2.1981  mi_loss=0.0017  mi_valid=0.82  div_loss=-0.2100  kl_loss=0.0000 (disabled)  score=0.646  return=-0.363  role_std=7.2513  role_norm=32.5759  enc_delta ego=0.0029 partner=0.0039 road=0.0048
[ROMA step 4,094,951,424] sps=2,415,635  policy_loss=-0.0069  value_loss=1.9772  mi_loss=0.0017  mi_valid=0.80  div_loss=-0.2070  kl_loss=0.0000 (disabled)  score=0.645  return=-0.358  role_std=6.7292  role_norm=32.0875  enc_delta ego=0.0034 partner=0.0035 road=0.0044
[ROMA step 4,095,737,856] sps=2,384,756  policy_loss=0.0018  value_loss=1.5673  mi_loss=0.0018  mi_valid=0.77  div_loss=-0.2070  kl_loss=0.0000 (disabled)  score=0.645  return=-0.349  role_std=6.7721  role_norm=31.7042  enc_delta ego=0.0027 partner=0.0035 road=0.0049
[ROMA step 4,096,524,288] sps=2,371,471  policy_loss=0.0032  value_loss=1.5149  mi_loss=0.0017  mi_valid=0.80  div_loss=-0.2139  kl_loss=0.0000 (disabled)  score=0.646  return=-0.345  role_std=6.5273  role_norm=30.4536  enc_delta ego=0.0022 partner=0.0033 road=0.0051
[ROMA step 4,097,310,720] sps=2,358,393  policy_loss=0.0018  value_loss=1.4380  mi_loss=0.0017  mi_valid=0.80  div_loss=-0.2100  kl_loss=0.0000 (disabled)  score=0.648  return=-0.341  role_std=6.3945  role_norm=29.8581  enc_delta ego=0.0028 partner=0.0034 road=0.0054
[ROMA step 4,098,097,152] sps=2,345,390  policy_loss=0.0041  value_loss=1.7559  mi_loss=0.0016  mi_valid=0.83  div_loss=-0.2324  kl_loss=0.0000 (disabled)  score=0.650  return=-0.340  role_std=6.8830  role_norm=31.3565  enc_delta ego=0.0038 partner=0.0028 road=0.0051
[ROMA step 4,098,883,584] sps=2,315,238  policy_loss=0.0032  value_loss=1.5756  mi_loss=0.0016  mi_valid=0.78  div_loss=-0.2061  kl_loss=0.0000 (disabled)  score=0.653  return=-0.333  role_std=6.4308  role_norm=31.2362  enc_delta ego=0.0039 partner=0.0037 road=0.0055
[ROMA step 4,099,670,016] sps=2,302,800  policy_loss=0.0008  value_loss=2.0483  mi_loss=0.0016  mi_valid=0.80  div_loss=-0.2158  kl_loss=0.0000 (disabled)  score=0.657  return=-0.330  role_std=7.4079  role_norm=31.6357  enc_delta ego=0.0029 partner=0.0030 road=0.0047
[ROMA step 4,100,456,448] sps=2,290,546  policy_loss=0.0001  value_loss=2.2880  mi_loss=0.0017  mi_valid=0.80  div_loss=-0.2314  kl_loss=0.0000 (disabled)  score=0.660  return=-0.336  role_std=6.6897  role_norm=31.3442  enc_delta ego=0.0024 partner=0.0027 road=0.0043
[ROMA step 4,101,242,880] sps=2,260,626  policy_loss=0.0004  value_loss=2.2084  mi_loss=0.0016  mi_valid=0.77  div_loss=-0.2324  kl_loss=0.0000 (disabled)  score=0.664  return=-0.338  role_std=6.5100  role_norm=30.5983  enc_delta ego=0.0024 partner=0.0029 road=0.0043
[ROMA step 4,102,029,312] sps=2,248,437  policy_loss=0.0081  value_loss=2.5926  mi_loss=0.0015  mi_valid=0.83  div_loss=-0.2393  kl_loss=0.0000 (disabled)  score=0.666  return=-0.338  role_std=7.7927  role_norm=32.6650  enc_delta ego=0.0034 partner=0.0036 road=0.0051
[ROMA step 4,102,815,744] sps=2,236,352  policy_loss=0.0001  value_loss=2.6999  mi_loss=0.0015  mi_valid=0.81  div_loss=-0.2334  kl_loss=0.0000 (disabled)  score=0.668  return=-0.332  role_std=7.0583  role_norm=32.5746  enc_delta ego=0.0061 partner=0.0039 road=0.0060
[ROMA step 4,103,602,176] sps=2,224,265  policy_loss=-0.0001  value_loss=3.0303  mi_loss=0.0015  mi_valid=0.80  div_loss=-0.2441  kl_loss=0.0000 (disabled)  score=0.670  return=-0.334  role_std=7.6922  role_norm=32.1737  enc_delta ego=0.0046 partner=0.0033 road=0.0056
[ROMA step 4,104,388,608] sps=2,197,935  policy_loss=0.0077  value_loss=2.5354  mi_loss=0.0015  mi_valid=0.77  div_loss=-0.2363  kl_loss=0.0000 (disabled)  score=0.672  return=-0.336  role_std=7.3311  role_norm=31.2016  enc_delta ego=0.0027 partner=0.0031 road=0.0042
[ROMA step 4,105,175,040] sps=2,186,779  policy_loss=0.0028  value_loss=2.0121  mi_loss=0.0017  mi_valid=0.80  div_loss=-0.2236  kl_loss=0.0000 (disabled)  score=0.673  return=-0.330  role_std=7.3416  role_norm=30.6597  enc_delta ego=0.0027 partner=0.0033 road=0.0043
[ROMA step 4,105,961,472] sps=2,175,711  policy_loss=0.0003  value_loss=2.2716  mi_loss=0.0017  mi_valid=0.82  div_loss=-0.2324  kl_loss=0.0000 (disabled)  score=0.674  return=-0.331  role_std=6.4158  role_norm=30.3553  enc_delta ego=0.0034 partner=0.0033 road=0.0047
[ROMA step 4,106,747,904] sps=2,164,637  policy_loss=0.0014  value_loss=2.5917  mi_loss=0.0017  mi_valid=0.83  div_loss=-0.2285  kl_loss=0.0000 (disabled)  score=0.673  return=-0.332  role_std=7.7228  role_norm=33.3827  enc_delta ego=0.0042 partner=0.0032 road=0.0048
[ROMA step 4,107,534,336] sps=2,141,302  policy_loss=-0.0003  value_loss=3.4025  mi_loss=0.0018  mi_valid=0.78  div_loss=-0.2285  kl_loss=0.0000 (disabled)  score=0.672  return=-0.348  role_std=7.0927  role_norm=32.9898  enc_delta ego=0.0035 partner=0.0030 road=0.0045
[ROMA step 4,108,320,768] sps=2,130,691  policy_loss=0.0012  value_loss=2.2697  mi_loss=0.0017  mi_valid=0.81  div_loss=-0.2100  kl_loss=0.0000 (disabled)  score=0.671  return=-0.353  role_std=7.3534  role_norm=32.6728  enc_delta ego=0.0026 partner=0.0024 road=0.0043
[ROMA step 4,109,107,200] sps=2,120,163  policy_loss=-0.0007  value_loss=2.3314  mi_loss=0.0018  mi_valid=0.81  div_loss=-0.2119  kl_loss=0.0000 (disabled)  score=0.669  return=-0.361  role_std=6.3037  role_norm=32.3887  enc_delta ego=0.0031 partner=0.0027 road=0.0041
[ROMA step 4,109,893,632] sps=2,094,532  policy_loss=0.0006  value_loss=2.3995  mi_loss=0.0017  mi_valid=0.80  div_loss=-0.2344  kl_loss=0.0000 (disabled)  score=0.668  return=-0.361  role_std=6.6771  role_norm=30.4749  enc_delta ego=0.0035 partner=0.0033 road=0.0047
[ROMA step 4,110,680,064] sps=2,084,256  policy_loss=0.0054  value_loss=3.1863  mi_loss=0.0016  mi_valid=0.84  div_loss=-0.2637  kl_loss=0.0000 (disabled)  score=0.668  return=-0.369  role_std=8.6700  role_norm=32.6731  enc_delta ego=0.0029 partner=0.0029 road=0.0039
[ROMA step 4,111,466,496] sps=2,074,058  policy_loss=-0.0006  value_loss=2.8753  mi_loss=0.0017  mi_valid=0.81  div_loss=-0.2500  kl_loss=0.0000 (disabled)  score=0.668  return=-0.374  role_std=8.1332  role_norm=32.4031  enc_delta ego=0.0033 partner=0.0036 road=0.0050
[ROMA step 4,112,252,928] sps=2,063,976  policy_loss=0.0014  value_loss=4.1533  mi_loss=0.0018  mi_valid=0.81  div_loss=-0.2715  kl_loss=0.0000 (disabled)  score=0.666  return=-0.388  role_std=9.1785  role_norm=32.6805  enc_delta ego=0.0038 partner=0.0038 road=0.0052
[ROMA step 4,113,039,360] sps=2,040,335  policy_loss=0.0053  value_loss=2.6155  mi_loss=0.0019  mi_valid=0.78  div_loss=-0.2266  kl_loss=0.0000 (disabled)  score=0.664  return=-0.394  role_std=7.9904  role_norm=32.0165  enc_delta ego=0.0035 partner=0.0035 road=0.0046
[ROMA step 4,113,825,792] sps=2,030,383  policy_loss=0.0008  value_loss=2.6314  mi_loss=0.0018  mi_valid=0.81  div_loss=-0.2373  kl_loss=0.0000 (disabled)  score=0.661  return=-0.403  role_std=6.5435  role_norm=31.2005  enc_delta ego=0.0044 partner=0.0033 road=0.0047
[ROMA step 4,114,612,224] sps=2,020,696  policy_loss=0.0006  value_loss=2.8598  mi_loss=0.0018  mi_valid=0.83  div_loss=-0.2266  kl_loss=0.0000 (disabled)  score=0.659  return=-0.408  role_std=7.3759  role_norm=32.9394  enc_delta ego=0.0026 partner=0.0029 road=0.0043
[ROMA step 4,115,398,656] sps=1,996,554  policy_loss=-0.0004  value_loss=2.6135  mi_loss=0.0019  mi_valid=0.81  div_loss=-0.2373  kl_loss=0.0000 (disabled)  score=0.657  return=-0.411  role_std=7.0822  role_norm=32.3906  enc_delta ego=0.0047 partner=0.0032 road=0.0046
[ROMA step 4,116,185,088] sps=1,987,126  policy_loss=0.0012  value_loss=2.5399  mi_loss=0.0019  mi_valid=0.81  div_loss=-0.2236  kl_loss=0.0000 (disabled)  score=0.654  return=-0.412  role_std=7.6962  role_norm=32.0223  enc_delta ego=0.0043 partner=0.0043 road=0.0057
[ROMA step 4,116,971,520] sps=1,977,594  policy_loss=0.0014  value_loss=2.0545  mi_loss=0.0019  mi_valid=0.80  div_loss=-0.2188  kl_loss=0.0000 (disabled)  score=0.652  return=-0.415  role_std=7.2813  role_norm=31.8906  enc_delta ego=0.0041 partner=0.0033 road=0.0054
[ROMA step 4,117,757,952] sps=1,968,400  policy_loss=0.0067  value_loss=1.9461  mi_loss=0.0020  mi_valid=0.80  div_loss=-0.2031  kl_loss=0.0000 (disabled)  score=0.650  return=-0.412  role_std=6.4530  role_norm=31.5093  enc_delta ego=0.0047 partner=0.0033 road=0.0054
[ROMA step 4,118,544,384] sps=1,945,850  policy_loss=0.0017  value_loss=1.3793  mi_loss=0.0018  mi_valid=0.80  div_loss=-0.1895  kl_loss=0.0000 (disabled)  score=0.649  return=-0.414  role_std=6.2143  role_norm=32.5813  enc_delta ego=0.0031 partner=0.0030 road=0.0047
[ROMA step 4,119,330,816] sps=1,936,821  policy_loss=0.0019  value_loss=1.6564  mi_loss=0.0018  mi_valid=0.83  div_loss=-0.1826  kl_loss=0.0000 (disabled)  score=0.648  return=-0.412  role_std=5.6763  role_norm=32.5700  enc_delta ego=0.0033 partner=0.0036 road=0.0047
[ROMA step 4,120,117,248] sps=1,927,900  policy_loss=0.0016  value_loss=1.3842  mi_loss=0.0018  mi_valid=0.80  div_loss=-0.1807  kl_loss=0.0000 (disabled)  score=0.648  return=-0.408  role_std=5.9812  role_norm=32.7932  enc_delta ego=0.0033 partner=0.0033 road=0.0044
[ROMA step 4,120,903,680] sps=1,907,452  policy_loss=0.0063  value_loss=1.7235  mi_loss=0.0018  mi_valid=0.78  div_loss=-0.1855  kl_loss=0.0000 (disabled)  score=0.648  return=-0.409  role_std=6.7722  role_norm=32.8402  enc_delta ego=0.0028 partner=0.0034 road=0.0045
[ROMA step 4,121,690,112] sps=1,898,896  policy_loss=-0.0013  value_loss=2.0080  mi_loss=0.0018  mi_valid=0.81  div_loss=-0.2139  kl_loss=0.0000 (disabled)  score=0.647  return=-0.419  role_std=6.5417  role_norm=32.9530  enc_delta ego=0.0028 partner=0.0030 road=0.0052
[ROMA step 4,122,476,544] sps=1,890,429  policy_loss=0.0016  value_loss=1.8036  mi_loss=0.0018  mi_valid=0.81  div_loss=-0.2119  kl_loss=0.0000 (disabled)  score=0.647  return=-0.420  role_std=6.8675  role_norm=32.5013  enc_delta ego=0.0031 partner=0.0031 road=0.0043
[ROMA step 4,123,262,976] sps=1,882,188  policy_loss=0.0023  value_loss=1.8903  mi_loss=0.0018  mi_valid=0.83  div_loss=-0.2168  kl_loss=0.0000 (disabled)  score=0.647  return=-0.424  role_std=7.3937  role_norm=33.3996  enc_delta ego=0.0024 partner=0.0028 road=0.0042
[ROMA step 4,124,049,408] sps=1,862,923  policy_loss=0.0039  value_loss=2.7910  mi_loss=0.0018  mi_valid=0.79  div_loss=-0.2188  kl_loss=0.0000 (disabled)  score=0.647  return=-0.432  role_std=7.6523  role_norm=34.0392  enc_delta ego=0.0035 partner=0.0027 road=0.0044
[ROMA step 4,124,835,840] sps=1,854,695  policy_loss=0.0015  value_loss=2.8189  mi_loss=0.0019  mi_valid=0.81  div_loss=-0.2285  kl_loss=0.0000 (disabled)  score=0.646  return=-0.444  role_std=7.6261  role_norm=33.9371  enc_delta ego=0.0042 partner=0.0032 road=0.0054
[ROMA step 4,125,622,272] sps=1,846,657  policy_loss=-0.0012  value_loss=1.8479  mi_loss=0.0019  mi_valid=0.80  div_loss=-0.2158  kl_loss=0.0000 (disabled)  score=0.646  return=-0.453  role_std=7.6166  role_norm=33.7785  enc_delta ego=0.0040 partner=0.0034 road=0.0055
[ROMA step 4,126,408,704] sps=1,828,226  policy_loss=0.0032  value_loss=2.6303  mi_loss=0.0019  mi_valid=0.78  div_loss=-0.2354  kl_loss=0.0000 (disabled)  score=0.645  return=-0.464  role_std=7.4125  role_norm=32.7787  enc_delta ego=0.0046 partner=0.0033 road=0.0051
[ROMA step 4,127,195,136] sps=1,820,450  policy_loss=-0.0014  value_loss=2.7324  mi_loss=0.0018  mi_valid=0.83  div_loss=-0.2500  kl_loss=0.0000 (disabled)  score=0.643  return=-0.478  role_std=8.2181  role_norm=33.6781  enc_delta ego=0.0050 partner=0.0037 road=0.0053
[ROMA step 4,127,981,568] sps=1,812,716  policy_loss=-0.0044  value_loss=2.8275  mi_loss=0.0018  mi_valid=0.82  div_loss=-0.2412  kl_loss=0.0000 (disabled)  score=0.640  return=-0.487  role_std=7.8287  role_norm=32.5879  enc_delta ego=0.0035 partner=0.0040 road=0.0052
[ROMA step 4,128,768,000] sps=1,804,842  policy_loss=0.0047  value_loss=1.9953  mi_loss=0.0018  mi_valid=0.81  div_loss=-0.2188  kl_loss=0.0000 (disabled)  score=0.638  return=-0.487  role_std=7.4139  role_norm=32.6964  enc_delta ego=0.0034 partner=0.0034 road=0.0049
[ROMA step 4,129,554,432] sps=1,787,635  policy_loss=-0.0026  value_loss=2.0624  mi_loss=0.0018  mi_valid=0.78  div_loss=-0.2324  kl_loss=0.0000 (disabled)  score=0.635  return=-0.490  role_std=7.1680  role_norm=32.1649  enc_delta ego=0.0027 partner=0.0032 road=0.0050
[ROMA step 4,130,340,864] sps=1,780,267  policy_loss=-0.0090  value_loss=1.9296  mi_loss=0.0017  mi_valid=0.81  div_loss=-0.2246  kl_loss=0.0000 (disabled)  score=0.634  return=-0.492  role_std=6.8418  role_norm=31.7363  enc_delta ego=0.0037 partner=0.0035 road=0.0055
[ROMA step 4,131,127,296] sps=1,772,894  policy_loss=0.0006  value_loss=1.9476  mi_loss=0.0016  mi_valid=0.81  div_loss=-0.2285  kl_loss=0.0000 (disabled)  score=0.632  return=-0.488  role_std=7.1744  role_norm=30.8370  enc_delta ego=0.0029 partner=0.0034 road=0.0048
[ROMA step 4,131,913,728] sps=1,765,665  policy_loss=0.0036  value_loss=2.0957  mi_loss=0.0016  mi_valid=0.83  div_loss=-0.2295  kl_loss=0.0000 (disabled)  score=0.631  return=-0.484  role_std=8.2819  role_norm=33.8510  enc_delta ego=0.0023 partner=0.0021 road=0.0034
[ROMA step 4,132,700,160] sps=1,748,436  policy_loss=0.0073  value_loss=3.3508  mi_loss=0.0016  mi_valid=0.78  div_loss=-0.2539  kl_loss=0.0000 (disabled)  score=0.629  return=-0.492  role_std=9.1238  role_norm=33.1616  enc_delta ego=0.0029 partner=0.0039 road=0.0054
[ROMA step 4,133,486,592] sps=1,741,213  policy_loss=0.0023  value_loss=2.7154  mi_loss=0.0018  mi_valid=0.81  div_loss=-0.2520  kl_loss=0.0000 (disabled)  score=0.627  return=-0.505  role_std=8.8711  role_norm=33.0339  enc_delta ego=0.0035 partner=0.0035 road=0.0055
[ROMA step 4,134,273,024] sps=1,734,064  policy_loss=-0.0022  value_loss=2.8457  mi_loss=0.0017  mi_valid=0.81  div_loss=-0.2480  kl_loss=0.0000 (disabled)  score=0.626  return=-0.517  role_std=8.8148  role_norm=32.5106  enc_delta ego=0.0032 partner=0.0029 road=0.0045
[ROMA step 4,135,059,456] sps=1,718,538  policy_loss=0.0002  value_loss=2.6794  mi_loss=0.0018  mi_valid=0.79  div_loss=-0.2402  kl_loss=0.0000 (disabled)  score=0.626  return=-0.525  role_std=7.2624  role_norm=32.0491  enc_delta ego=0.0032 partner=0.0029 road=0.0040
[ROMA step 4,135,845,888] sps=1,711,603  policy_loss=0.0058  value_loss=3.0439  mi_loss=0.0017  mi_valid=0.83  div_loss=-0.2373  kl_loss=0.0000 (disabled)  score=0.626  return=-0.530  role_std=8.0346  role_norm=34.4329  enc_delta ego=0.0022 partner=0.0030 road=0.0045
[ROMA step 4,136,632,320] sps=1,704,828  policy_loss=0.0049  value_loss=3.4748  mi_loss=0.0017  mi_valid=0.80  div_loss=-0.2373  kl_loss=0.0000 (disabled)  score=0.628  return=-0.532  role_std=7.3929  role_norm=34.5143  enc_delta ego=0.0035 partner=0.0034 road=0.0051
[ROMA step 4,137,418,752] sps=1,697,991  policy_loss=0.0044  value_loss=3.1867  mi_loss=0.0016  mi_valid=0.80  div_loss=-0.2256  kl_loss=0.0000 (disabled)  score=0.629  return=-0.537  role_std=8.1863  role_norm=34.4960  enc_delta ego=0.0016 partner=0.0022 road=0.0032
[ROMA step 4,138,205,184] sps=1,683,467  policy_loss=0.0038  value_loss=2.6752  mi_loss=0.0016  mi_valid=0.77  div_loss=-0.2148  kl_loss=0.0000 (disabled)  score=0.631  return=-0.527  role_std=6.7661  role_norm=33.9214  enc_delta ego=0.0023 partner=0.0029 road=0.0037
[ROMA step 4,138,991,616] sps=1,677,062  policy_loss=0.0044  value_loss=2.1351  mi_loss=0.0017  mi_valid=0.80  div_loss=-0.1963  kl_loss=0.0000 (disabled)  score=0.633  return=-0.508  role_std=7.0080  role_norm=33.5507  enc_delta ego=0.0037 partner=0.0036 road=0.0050
[ROMA step 4,139,778,048] sps=1,670,659  policy_loss=0.0037  value_loss=2.6035  mi_loss=0.0016  mi_valid=0.82  div_loss=-0.2139  kl_loss=0.0000 (disabled)  score=0.635  return=-0.498  role_std=5.7972  role_norm=32.8613  enc_delta ego=0.0026 partner=0.0029 road=0.0043
[ROMA step 4,140,564,480] sps=1,655,325  policy_loss=0.0007  value_loss=2.5096  mi_loss=0.0016  mi_valid=0.80  div_loss=-0.2031  kl_loss=0.0000 (disabled)  score=0.637  return=-0.484  role_std=6.9855  role_norm=34.4376  enc_delta ego=0.0027 partner=0.0029 road=0.0050
[ROMA step 4,141,350,912] sps=1,648,972  policy_loss=0.0031  value_loss=2.5219  mi_loss=0.0016  mi_valid=0.81  div_loss=-0.2070  kl_loss=0.0000 (disabled)  score=0.638  return=-0.475  role_std=7.0858  role_norm=34.0251  enc_delta ego=0.0022 partner=0.0030 road=0.0050
[ROMA step 4,142,137,344] sps=1,642,684  policy_loss=0.0013  value_loss=2.6023  mi_loss=0.0015  mi_valid=0.81  div_loss=-0.2119  kl_loss=0.0000 (disabled)  score=0.640  return=-0.465  role_std=6.2214  role_norm=33.8497  enc_delta ego=0.0033 partner=0.0034 road=0.0046
[ROMA step 4,142,923,776] sps=1,636,418  policy_loss=0.0005  value_loss=2.0951  mi_loss=0.0015  mi_valid=0.81  div_loss=-0.2002  kl_loss=0.0000 (disabled)  score=0.641  return=-0.454  role_std=7.1541  role_norm=33.1371  enc_delta ego=0.0024 partner=0.0031 road=0.0041
[ROMA step 4,143,710,208] sps=1,621,909  policy_loss=0.0014  value_loss=1.6064  mi_loss=0.0015  mi_valid=0.80  div_loss=-0.1943  kl_loss=0.0000 (disabled)  score=0.642  return=-0.448  role_std=6.0410  role_norm=31.5916  enc_delta ego=0.0028 partner=0.0030 road=0.0046
[ROMA step 4,144,496,640] sps=1,615,826  policy_loss=0.0032  value_loss=1.8122  mi_loss=0.0015  mi_valid=0.83  div_loss=-0.1895  kl_loss=0.0000 (disabled)  score=0.642  return=-0.442  role_std=5.9469  role_norm=34.5499  enc_delta ego=0.0029 partner=0.0028 road=0.0045
[ROMA step 4,145,283,072] sps=1,609,787  policy_loss=0.0002  value_loss=2.0167  mi_loss=0.0016  mi_valid=0.80  div_loss=-0.2021  kl_loss=0.0000 (disabled)  score=0.641  return=-0.442  role_std=6.9198  role_norm=34.4117  enc_delta ego=0.0032 partner=0.0040 road=0.0056
[ROMA step 4,146,069,504] sps=1,595,054  policy_loss=0.0057  value_loss=1.9858  mi_loss=0.0015  mi_valid=0.78  div_loss=-0.1963  kl_loss=0.0000 (disabled)  score=0.640  return=-0.445  role_std=7.5917  role_norm=34.1063  enc_delta ego=0.0025 partner=0.0033 road=0.0051
[ROMA step 4,146,855,936] sps=1,589,277  policy_loss=-0.0028  value_loss=2.5108  mi_loss=0.0015  mi_valid=0.81  div_loss=-0.2227  kl_loss=0.0000 (disabled)  score=0.640  return=-0.460  role_std=7.3075  role_norm=33.6800  enc_delta ego=0.0028 partner=0.0030 road=0.0050
[ROMA step 4,147,642,368] sps=1,583,486  policy_loss=-0.0008  value_loss=1.9945  mi_loss=0.0016  mi_valid=0.81  div_loss=-0.2129  kl_loss=0.0000 (disabled)  score=0.639  return=-0.472  role_std=6.4654  role_norm=33.0038  enc_delta ego=0.0023 partner=0.0028 road=0.0039
[ROMA step 4,148,428,800] sps=1,577,788  policy_loss=0.0030  value_loss=2.7462  mi_loss=0.0015  mi_valid=0.83  div_loss=-0.2246  kl_loss=0.0000 (disabled)  score=0.639  return=-0.485  role_std=7.8373  role_norm=35.0353  enc_delta ego=0.0028 partner=0.0029 road=0.0046
[ROMA step 4,149,215,232] sps=1,563,299  policy_loss=-0.0060  value_loss=2.7049  mi_loss=0.0016  mi_valid=0.80  div_loss=-0.2246  kl_loss=0.0000 (disabled)  score=0.638  return=-0.496  role_std=7.8922  role_norm=35.5469  enc_delta ego=0.0036 partner=0.0036 road=0.0052
[ROMA step 4,150,001,664] sps=1,557,645  policy_loss=0.0007  value_loss=3.3295  mi_loss=0.0016  mi_valid=0.81  div_loss=-0.2393  kl_loss=0.0000 (disabled)  score=0.637  return=-0.506  role_std=9.2313  role_norm=35.4180  enc_delta ego=0.0036 partner=0.0039 road=0.0056
[ROMA step 4,150,788,096] sps=1,552,031  policy_loss=0.0035  value_loss=2.9650  mi_loss=0.0016  mi_valid=0.81  div_loss=-0.2305  kl_loss=0.0000 (disabled)  score=0.636  return=-0.517  role_std=8.0990  role_norm=35.2576  enc_delta ego=0.0034 partner=0.0035 road=0.0048
[ROMA step 4,151,574,528] sps=1,537,764  policy_loss=-0.0028  value_loss=2.3566  mi_loss=0.0016  mi_valid=0.79  div_loss=-0.2109  kl_loss=0.0000 (disabled)  score=0.634  return=-0.526  role_std=7.5690  role_norm=33.7217  enc_delta ego=0.0030 partner=0.0029 road=0.0047
[ROMA step 4,152,360,960] sps=1,532,371  policy_loss=-0.0021  value_loss=2.4662  mi_loss=0.0017  mi_valid=0.84  div_loss=-0.2139  kl_loss=0.0000 (disabled)  score=0.634  return=-0.528  role_std=6.5594  role_norm=36.9059  enc_delta ego=0.0034 partner=0.0027 road=0.0049
[ROMA step 4,153,147,392] sps=1,526,991  policy_loss=-0.0004  value_loss=3.3056  mi_loss=0.0017  mi_valid=0.83  div_loss=-0.2305  kl_loss=0.0000 (disabled)  score=0.633  return=-0.527  role_std=8.4380  role_norm=35.9213  enc_delta ego=0.0030 partner=0.0036 road=0.0052
[ROMA step 4,153,933,824] sps=1,521,646  policy_loss=0.0028  value_loss=3.1528  mi_loss=0.0017  mi_valid=0.81  div_loss=-0.2275  kl_loss=0.0000 (disabled)  score=0.632  return=-0.534  role_std=8.5333  role_norm=35.8652  enc_delta ego=0.0036 partner=0.0033 road=0.0057
[ROMA step 4,154,720,256] sps=1,509,146  policy_loss=0.0025  value_loss=2.4804  mi_loss=0.0018  mi_valid=0.78  div_loss=-0.2207  kl_loss=0.0000 (disabled)  score=0.631  return=-0.531  role_std=8.0170  role_norm=34.2874  enc_delta ego=0.0030 partner=0.0030 road=0.0043
[ROMA step 4,155,506,688] sps=1,503,824  policy_loss=0.0006  value_loss=2.1836  mi_loss=0.0018  mi_valid=0.81  div_loss=-0.2129  kl_loss=0.0000 (disabled)  score=0.630  return=-0.535  role_std=7.2208  role_norm=34.7185  enc_delta ego=0.0039 partner=0.0033 road=0.0048
[ROMA step 4,156,293,120] sps=1,498,695  policy_loss=0.0024  value_loss=2.3669  mi_loss=0.0018  mi_valid=0.81  div_loss=-0.2021  kl_loss=0.0000 (disabled)  score=0.628  return=-0.539  role_std=7.1587  role_norm=33.6906  enc_delta ego=0.0037 partner=0.0034 road=0.0048
[ROMA step 4,157,079,552] sps=1,493,444  policy_loss=-0.0004  value_loss=2.0450  mi_loss=0.0017  mi_valid=0.84  div_loss=-0.2061  kl_loss=0.0000 (disabled)  score=0.627  return=-0.546  role_std=6.5245  role_norm=35.6175  enc_delta ego=0.0029 partner=0.0027 road=0.0045
[ROMA step 4,157,865,984] sps=1,480,808  policy_loss=-0.0002  value_loss=1.8372  mi_loss=0.0019  mi_valid=0.79  div_loss=-0.1846  kl_loss=0.0000 (disabled)  score=0.626  return=-0.542  role_std=6.8023  role_norm=35.2230  enc_delta ego=0.0057 partner=0.0042 road=0.0071
[ROMA step 4,158,652,416] sps=1,475,882  policy_loss=0.0018  value_loss=2.1630  mi_loss=0.0020  mi_valid=0.81  div_loss=-0.2031  kl_loss=0.0000 (disabled)  score=0.625  return=-0.544  role_std=7.7244  role_norm=35.4813  enc_delta ego=0.0032 partner=0.0033 road=0.0056
[ROMA step 4,159,438,848] sps=1,471,009  policy_loss=-0.0025  value_loss=1.8877  mi_loss=0.0018  mi_valid=0.82  div_loss=-0.2080  kl_loss=0.0000 (disabled)  score=0.623  return=-0.548  role_std=8.1748  role_norm=34.8267  enc_delta ego=0.0033 partner=0.0033 road=0.0050
[ROMA step 4,160,225,280] sps=1,459,291  policy_loss=-0.0004  value_loss=2.0908  mi_loss=0.0018  mi_valid=0.79  div_loss=-0.2021  kl_loss=0.0000 (disabled)  score=0.621  return=-0.549  role_std=6.9035  role_norm=34.5297  enc_delta ego=0.0034 partner=0.0026 road=0.0048
[ROMA step 4,161,011,712] sps=1,454,425  policy_loss=0.0014  value_loss=1.5262  mi_loss=0.0018  mi_valid=0.84  div_loss=-0.1914  kl_loss=0.0000 (disabled)  score=0.621  return=-0.539  role_std=6.6868  role_norm=36.4490  enc_delta ego=0.0039 partner=0.0033 road=0.0057
[ROMA step 4,161,798,144] sps=1,449,512  policy_loss=0.0002  value_loss=2.5654  mi_loss=0.0018  mi_valid=0.82  div_loss=-0.2021  kl_loss=0.0000 (disabled)  score=0.620  return=-0.530  role_std=7.0430  role_norm=35.9004  enc_delta ego=0.0029 partner=0.0030 road=0.0052
[ROMA step 4,162,584,576] sps=1,444,683  policy_loss=-0.0042  value_loss=2.1865  mi_loss=0.0018  mi_valid=0.81  div_loss=-0.1943  kl_loss=0.0000 (disabled)  score=0.620  return=-0.516  role_std=6.7751  role_norm=36.1829  enc_delta ego=0.0035 partner=0.0029 road=0.0041
[ROMA step 4,163,371,008] sps=1,433,042  policy_loss=0.0021  value_loss=2.3636  mi_loss=0.0018  mi_valid=0.78  div_loss=-0.1855  kl_loss=0.0000 (disabled)  score=0.621  return=-0.504  role_std=7.7438  role_norm=35.8928  enc_delta ego=0.0029 partner=0.0032 road=0.0049
[ROMA step 4,164,157,440] sps=1,428,350  policy_loss=0.0032  value_loss=2.6400  mi_loss=0.0019  mi_valid=0.81  div_loss=-0.2139  kl_loss=0.0000 (disabled)  score=0.620  return=-0.503  role_std=6.9118  role_norm=35.9204  enc_delta ego=0.0025 partner=0.0026 road=0.0036
[ROMA step 4,164,943,872] sps=1,423,721  policy_loss=0.0064  value_loss=2.2376  mi_loss=0.0018  mi_valid=0.82  div_loss=-0.2021  kl_loss=0.0000 (disabled)  score=0.619  return=-0.495  role_std=6.0782  role_norm=34.8629  enc_delta ego=0.0024 partner=0.0028 road=0.0044
[ROMA step 4,165,730,304] sps=1,413,165  policy_loss=0.0045  value_loss=1.8336  mi_loss=0.0018  mi_valid=0.81  div_loss=-0.1895  kl_loss=0.0000 (disabled)  score=0.618  return=-0.488  role_std=6.9539  role_norm=36.4506  enc_delta ego=0.0034 partner=0.0026 road=0.0041
[ROMA step 4,166,516,736] sps=1,408,633  policy_loss=-0.0015  value_loss=2.1284  mi_loss=0.0017  mi_valid=0.81  div_loss=-0.2129  kl_loss=0.0000 (disabled)  score=0.616  return=-0.493  role_std=7.6035  role_norm=36.4757  enc_delta ego=0.0030 partner=0.0029 road=0.0046
[ROMA step 4,167,303,168] sps=1,404,194  policy_loss=-0.0037  value_loss=1.8333  mi_loss=0.0018  mi_valid=0.81  div_loss=-0.1963  kl_loss=0.0000 (disabled)  score=0.614  return=-0.494  role_std=6.7073  role_norm=36.0561  enc_delta ego=0.0029 partner=0.0032 road=0.0043
[ROMA step 4,168,089,600] sps=1,399,802  policy_loss=0.0060  value_loss=1.9478  mi_loss=0.0017  mi_valid=0.81  div_loss=-0.1963  kl_loss=0.0000 (disabled)  score=0.612  return=-0.488  role_std=7.4682  role_norm=35.5735  enc_delta ego=0.0024 partner=0.0027 road=0.0039
[ROMA step 4,168,876,032] sps=1,388,494  policy_loss=0.0017  value_loss=1.8331  mi_loss=0.0017  mi_valid=0.80  div_loss=-0.1963  kl_loss=0.0000 (disabled)  score=0.611  return=-0.489  role_std=6.2928  role_norm=34.2428  enc_delta ego=0.0033 partner=0.0030 road=0.0049
[ROMA step 4,169,662,464] sps=1,384,046  policy_loss=0.0118  value_loss=1.8502  mi_loss=0.0016  mi_valid=0.84  div_loss=-0.1914  kl_loss=0.0000 (disabled)  score=0.609  return=-0.483  role_std=7.1701  role_norm=36.1857  enc_delta ego=0.0033 partner=0.0033 road=0.0053
[ROMA step 4,170,448,896] sps=1,379,568  policy_loss=-0.0060  value_loss=1.6985  mi_loss=0.0017  mi_valid=0.81  div_loss=-0.1963  kl_loss=0.0000 (disabled)  score=0.608  return=-0.485  role_std=6.9316  role_norm=36.2401  enc_delta ego=0.0026 partner=0.0033 road=0.0050
[ROMA step 4,171,235,328] sps=1,369,172  policy_loss=0.0018  value_loss=1.8130  mi_loss=0.0017  mi_valid=0.79  div_loss=-0.1885  kl_loss=0.0000 (disabled)  score=0.606  return=-0.486  role_std=6.9550  role_norm=35.8699  enc_delta ego=0.0027 partner=0.0025 road=0.0042
[ROMA step 4,172,021,760] sps=1,364,901  policy_loss=-0.0040  value_loss=1.9802  mi_loss=0.0017  mi_valid=0.82  div_loss=-0.1982  kl_loss=0.0000 (disabled)  score=0.603  return=-0.491  role_std=7.0904  role_norm=35.7226  enc_delta ego=0.0037 partner=0.0031 road=0.0041
[ROMA step 4,172,808,192] sps=1,360,727  policy_loss=0.0060  value_loss=2.0377  mi_loss=0.0017  mi_valid=0.82  div_loss=-0.2041  kl_loss=0.0000 (disabled)  score=0.602  return=-0.499  role_std=7.2280  role_norm=34.8707  enc_delta ego=0.0026 partner=0.0030 road=0.0043
[ROMA step 4,173,594,624] sps=1,356,593  policy_loss=-0.0028  value_loss=1.5158  mi_loss=0.0017  mi_valid=0.84  div_loss=-0.2002  kl_loss=0.0000 (disabled)  score=0.600  return=-0.497  role_std=7.1505  role_norm=36.6411  enc_delta ego=0.0038 partner=0.0032 road=0.0048
[ROMA step 4,174,381,056] sps=1,346,641  policy_loss=-0.0048  value_loss=2.0294  mi_loss=0.0016  mi_valid=0.81  div_loss=-0.2051  kl_loss=0.0000 (disabled)  score=0.599  return=-0.496  role_std=7.6830  role_norm=36.7538  enc_delta ego=0.0032 partner=0.0028 road=0.0051
[ROMA step 4,175,167,488] sps=1,342,520  policy_loss=0.0028  value_loss=2.4483  mi_loss=0.0015  mi_valid=0.81  div_loss=-0.2070  kl_loss=0.0000 (disabled)  score=0.598  return=-0.492  role_std=7.3652  role_norm=36.9463  enc_delta ego=0.0028 partner=0.0035 road=0.0048
[ROMA step 4,175,953,920] sps=1,338,454  policy_loss=-0.0011  value_loss=2.2395  mi_loss=0.0016  mi_valid=0.82  div_loss=-0.2080  kl_loss=0.0000 (disabled)  score=0.596  return=-0.493  role_std=7.5075  role_norm=36.7768  enc_delta ego=0.0029 partner=0.0029 road=0.0042
[ROMA step 4,176,740,352] sps=1,328,608  policy_loss=0.0013  value_loss=1.8656  mi_loss=0.0016  mi_valid=0.79  div_loss=-0.1953  kl_loss=0.0000 (disabled)  score=0.594  return=-0.485  role_std=6.3730  role_norm=35.7303  enc_delta ego=0.0053 partner=0.0033 road=0.0049
[ROMA step 4,177,526,784] sps=1,324,556  policy_loss=0.0000  value_loss=1.5091  mi_loss=0.0017  mi_valid=0.85  div_loss=-0.1865  kl_loss=0.0000 (disabled)  score=0.593  return=-0.472  role_std=6.3814  role_norm=37.9792  enc_delta ego=0.0029 partner=0.0031 road=0.0045
[ROMA step 4,178,313,216] sps=1,320,610  policy_loss=0.0049  value_loss=1.8439  mi_loss=0.0017  mi_valid=0.84  div_loss=-0.1982  kl_loss=0.0000 (disabled)  score=0.592  return=-0.459  role_std=6.7526  role_norm=37.1076  enc_delta ego=0.0037 partner=0.0036 road=0.0046
[ROMA step 4,179,099,648] sps=1,316,577  policy_loss=-0.0031  value_loss=1.7212  mi_loss=0.0017  mi_valid=0.81  div_loss=-0.1963  kl_loss=0.0000 (disabled)  score=0.591  return=-0.447  role_std=7.6878  role_norm=37.0102  enc_delta ego=0.0047 partner=0.0031 road=0.0042
[ROMA step 4,179,886,080] sps=1,306,980  policy_loss=0.0021  value_loss=2.7148  mi_loss=0.0017  mi_valid=0.78  div_loss=-0.2158  kl_loss=0.0000 (disabled)  score=0.591  return=-0.447  role_std=8.4149  role_norm=36.3655  enc_delta ego=0.0035 partner=0.0034 road=0.0049
[ROMA step 4,180,672,512] sps=1,303,114  policy_loss=-0.0041  value_loss=2.2284  mi_loss=0.0016  mi_valid=0.81  div_loss=-0.2100  kl_loss=0.0000 (disabled)  score=0.589  return=-0.449  role_std=7.5818  role_norm=36.5836  enc_delta ego=0.0034 partner=0.0032 road=0.0047
[ROMA step 4,181,458,944] sps=1,299,273  policy_loss=0.0018  value_loss=2.1271  mi_loss=0.0016  mi_valid=0.81  div_loss=-0.2031  kl_loss=0.0000 (disabled)  score=0.589  return=-0.445  role_std=6.9141  role_norm=35.8577  enc_delta ego=0.0036 partner=0.0031 road=0.0050
[ROMA step 4,182,245,376] sps=1,295,453  policy_loss=-0.0032  value_loss=2.0538  mi_loss=0.0015  mi_valid=0.83  div_loss=-0.2012  kl_loss=0.0000 (disabled)  score=0.588  return=-0.441  role_std=7.5700  role_norm=37.7783  enc_delta ego=0.0041 partner=0.0031 road=0.0041
[ROMA step 4,183,031,808] sps=1,286,999  policy_loss=0.0032  value_loss=2.1879  mi_loss=0.0018  mi_valid=0.80  div_loss=-0.2002  kl_loss=0.0000 (disabled)  score=0.588  return=-0.435  role_std=7.4807  role_norm=37.4594  enc_delta ego=0.0042 partner=0.0033 road=0.0061
[ROMA step 4,183,818,240] sps=1,283,332  policy_loss=0.0065  value_loss=2.4655  mi_loss=0.0019  mi_valid=0.81  div_loss=-0.2139  kl_loss=0.0000 (disabled)  score=0.589  return=-0.434  role_std=7.8737  role_norm=37.1809  enc_delta ego=0.0038 partner=0.0031 road=0.0041
[ROMA step 4,184,604,672] sps=1,279,677  policy_loss=-0.0014  value_loss=2.4126  mi_loss=0.0018  mi_valid=0.81  div_loss=-0.2158  kl_loss=0.0000 (disabled)  score=0.590  return=-0.442  role_std=7.4928  role_norm=36.6056  enc_delta ego=0.0033 partner=0.0030 road=0.0043
[ROMA step 4,185,391,104] sps=1,271,570  policy_loss=-0.0013  value_loss=2.7909  mi_loss=0.0018  mi_valid=0.78  div_loss=-0.2148  kl_loss=0.0000 (disabled)  score=0.590  return=-0.449  role_std=6.5380  role_norm=36.9186  enc_delta ego=0.0028 partner=0.0030 road=0.0037
[ROMA step 4,186,177,536] sps=1,267,904  policy_loss=0.0027  value_loss=2.4588  mi_loss=0.0016  mi_valid=0.84  div_loss=-0.2109  kl_loss=0.0000 (disabled)  score=0.590  return=-0.450  role_std=7.6013  role_norm=38.3818  enc_delta ego=0.0027 partner=0.0032 road=0.0050
[ROMA step 4,186,963,968] sps=1,264,331  policy_loss=0.0048  value_loss=2.2611  mi_loss=0.0016  mi_valid=0.82  div_loss=-0.1904  kl_loss=0.0000 (disabled)  score=0.591  return=-0.445  role_std=7.3157  role_norm=38.4281  enc_delta ego=0.0028 partner=0.0035 road=0.0044
[ROMA step 4,187,750,400] sps=1,260,732  policy_loss=0.0035  value_loss=2.3419  mi_loss=0.0016  mi_valid=0.81  div_loss=-0.1992  kl_loss=0.0000 (disabled)  score=0.592  return=-0.439  role_std=7.6729  role_norm=38.2580  enc_delta ego=0.0030 partner=0.0032 road=0.0048
[ROMA step 4,188,536,832] sps=1,252,364  policy_loss=0.0038  value_loss=2.3802  mi_loss=0.0018  mi_valid=0.79  div_loss=-0.1963  kl_loss=0.0000 (disabled)  score=0.591  return=-0.444  role_std=7.2485  role_norm=37.8907  enc_delta ego=0.0027 partner=0.0029 road=0.0046
[ROMA step 4,189,323,264] sps=1,248,804  policy_loss=0.0041  value_loss=2.3011  mi_loss=0.0017  mi_valid=0.82  div_loss=-0.2080  kl_loss=0.0000 (disabled)  score=0.589  return=-0.453  role_std=7.2557  role_norm=37.9129  enc_delta ego=0.0036 partner=0.0031 road=0.0041
[ROMA step 4,190,109,696] sps=1,245,233  policy_loss=0.0057  value_loss=1.7773  mi_loss=0.0019  mi_valid=0.82  div_loss=-0.1943  kl_loss=0.0000 (disabled)  score=0.587  return=-0.455  role_std=6.8623  role_norm=37.0901  enc_delta ego=0.0035 partner=0.0030 road=0.0041
[ROMA step 4,190,896,128] sps=1,236,395  policy_loss=0.0021  value_loss=1.4724  mi_loss=0.0017  mi_valid=0.81  div_loss=-0.1670  kl_loss=0.0000 (disabled)  score=0.586  return=-0.452  role_std=6.8988  role_norm=39.6662  enc_delta ego=0.0044 partner=0.0032 road=0.0046
[ROMA step 4,191,682,560] sps=1,232,959  policy_loss=0.0047  value_loss=1.8013  mi_loss=0.0018  mi_valid=0.81  div_loss=-0.1738  kl_loss=0.0000 (disabled)  score=0.584  return=-0.451  role_std=6.8956  role_norm=39.5294  enc_delta ego=0.0036 partner=0.0034 road=0.0049
[ROMA step 4,192,468,992] sps=1,229,543  policy_loss=0.0058  value_loss=1.2184  mi_loss=0.0018  mi_valid=0.81  div_loss=-0.1689  kl_loss=0.0000 (disabled)  score=0.583  return=-0.442  role_std=6.8218  role_norm=38.7728  enc_delta ego=0.0044 partner=0.0037 road=0.0053
[ROMA step 4,193,255,424] sps=1,226,156  policy_loss=-0.0007  value_loss=1.3839  mi_loss=0.0018  mi_valid=0.81  div_loss=-0.1689  kl_loss=0.0000 (disabled)  score=0.582  return=-0.440  role_std=6.2553  role_norm=38.4324  enc_delta ego=0.0039 partner=0.0029 road=0.0048
[ROMA step 4,194,041,856] sps=1,218,089  policy_loss=0.0052  value_loss=1.9160  mi_loss=0.0019  mi_valid=0.79  div_loss=-0.1865  kl_loss=0.0000 (disabled)  score=0.582  return=-0.439  role_std=6.5080  role_norm=37.0676  enc_delta ego=0.0039 partner=0.0033 road=0.0046
[ROMA step 4,194,828,288] sps=1,214,670  policy_loss=0.0051  value_loss=2.1193  mi_loss=0.0019  mi_valid=0.84  div_loss=-0.1758  kl_loss=0.0000 (disabled)  score=0.582  return=-0.440  role_std=6.6422  role_norm=38.6454  enc_delta ego=0.0030 partner=0.0037 road=0.0058
[ROMA step 4,195,614,720] sps=1,211,322  policy_loss=0.0038  value_loss=2.1019  mi_loss=0.0018  mi_valid=0.81  div_loss=-0.1768  kl_loss=0.0000 (disabled)  score=0.582  return=-0.440  role_std=6.3704  role_norm=38.9916  enc_delta ego=0.0029 partner=0.0030 road=0.0044
[ROMA step 4,196,401,152] sps=1,203,266  policy_loss=0.0017  value_loss=1.7642  mi_loss=0.0019  mi_valid=0.78  div_loss=-0.1777  kl_loss=0.0000 (disabled)  score=0.581  return=-0.435  role_std=7.0025  role_norm=38.7805  enc_delta ego=0.0031 partner=0.0027 road=0.0046
[ROMA step 4,197,187,584] sps=1,200,062  policy_loss=0.0019  value_loss=1.8286  mi_loss=0.0019  mi_valid=0.82  div_loss=-0.1777  kl_loss=0.0000 (disabled)  score=0.580  return=-0.438  role_std=7.2451  role_norm=38.4278  enc_delta ego=0.0033 partner=0.0035 road=0.0055
[ROMA step 4,197,974,016] sps=1,196,889  policy_loss=-0.0069  value_loss=1.3302  mi_loss=0.0019  mi_valid=0.81  div_loss=-0.1875  kl_loss=0.0000 (disabled)  score=0.580  return=-0.442  role_std=7.1160  role_norm=37.9862  enc_delta ego=0.0028 partner=0.0030 road=0.0052
[ROMA step 4,198,760,448] sps=1,193,739  policy_loss=-0.0036  value_loss=2.0089  mi_loss=0.0017  mi_valid=0.83  div_loss=-0.2061  kl_loss=0.0000 (disabled)  score=0.581  return=-0.449  role_std=6.4150  role_norm=36.7309  enc_delta ego=0.0027 partner=0.0026 road=0.0045
[ROMA step 4,199,546,880] sps=1,186,522  policy_loss=-0.0017  value_loss=1.7388  mi_loss=0.0018  mi_valid=0.81  div_loss=-0.1924  kl_loss=0.0000 (disabled)  score=0.582  return=-0.450  role_std=7.2972  role_norm=39.7755  enc_delta ego=0.0028 partner=0.0032 road=0.0054
[ROMA step 4,200,333,312] sps=1,183,391  policy_loss=0.0008  value_loss=1.5213  mi_loss=0.0018  mi_valid=0.81  div_loss=-0.1875  kl_loss=0.0000 (disabled)  score=0.583  return=-0.441  role_std=7.2487  role_norm=39.5478  enc_delta ego=0.0041 partner=0.0035 road=0.0050
[ROMA step 4,201,119,744] sps=1,180,270  policy_loss=0.0110  value_loss=1.6175  mi_loss=0.0017  mi_valid=0.81  div_loss=-0.1875  kl_loss=0.0000 (disabled)  score=0.584  return=-0.437  role_std=7.1899  role_norm=38.4972  enc_delta ego=0.0028 partner=0.0034 road=0.0048
[ROMA step 4,201,906,176] sps=1,173,237  policy_loss=-0.0025  value_loss=1.6048  mi_loss=0.0017  mi_valid=0.78  div_loss=-0.1895  kl_loss=0.0000 (disabled)  score=0.584  return=-0.438  role_std=7.4976  role_norm=37.9057  enc_delta ego=0.0023 partner=0.0031 road=0.0039
[ROMA step 4,202,692,608] sps=1,170,128  policy_loss=-0.0006  value_loss=1.9302  mi_loss=0.0016  mi_valid=0.83  div_loss=-0.1973  kl_loss=0.0000 (disabled)  score=0.585  return=-0.435  role_std=6.3789  role_norm=36.1138  enc_delta ego=0.0027 partner=0.0030 road=0.0049
[ROMA step 4,203,479,040] sps=1,167,112  policy_loss=-0.0004  value_loss=1.7334  mi_loss=0.0017  mi_valid=0.83  div_loss=-0.1865  kl_loss=0.0000 (disabled)  score=0.586  return=-0.430  role_std=6.9410  role_norm=39.0966  enc_delta ego=0.0027 partner=0.0031 road=0.0043
[ROMA step 4,204,265,472] sps=1,164,090  policy_loss=0.0038  value_loss=1.6549  mi_loss=0.0017  mi_valid=0.81  div_loss=-0.1748  kl_loss=0.0000 (disabled)  score=0.587  return=-0.418  role_std=6.7242  role_norm=39.2072  enc_delta ego=0.0030 partner=0.0034 road=0.0048
[ROMA step 4,205,051,904] sps=1,157,291  policy_loss=-0.0019  value_loss=2.3138  mi_loss=0.0017  mi_valid=0.78  div_loss=-0.1865  kl_loss=0.0000 (disabled)  score=0.589  return=-0.418  role_std=7.6489  role_norm=39.4687  enc_delta ego=0.0021 partner=0.0029 road=0.0053
[ROMA step 4,205,838,336] sps=1,154,264  policy_loss=0.0017  value_loss=2.1310  mi_loss=0.0017  mi_valid=0.80  div_loss=-0.1943  kl_loss=0.0000 (disabled)  score=0.592  return=-0.423  role_std=7.5100  role_norm=38.8646  enc_delta ego=0.0024 partner=0.0027 road=0.0043
[ROMA step 4,206,624,768] sps=1,151,267  policy_loss=0.0020  value_loss=2.1998  mi_loss=0.0017  mi_valid=0.80  div_loss=-0.2002  kl_loss=0.0000 (disabled)  score=0.594  return=-0.427  role_std=7.4466  role_norm=38.4994  enc_delta ego=0.0024 partner=0.0029 road=0.0038
[ROMA step 4,207,411,200] sps=1,148,279  policy_loss=0.0070  value_loss=2.4141  mi_loss=0.0016  mi_valid=0.83  div_loss=-0.1992  kl_loss=0.0000 (disabled)  score=0.595  return=-0.430  role_std=7.2238  role_norm=40.3242  enc_delta ego=0.0022 partner=0.0032 road=0.0051
[ROMA step 4,208,197,632] sps=1,140,777  policy_loss=-0.0005  value_loss=3.0319  mi_loss=0.0017  mi_valid=0.80  div_loss=-0.2227  kl_loss=0.0000 (disabled)  score=0.596  return=-0.433  role_std=8.1902  role_norm=39.9601  enc_delta ego=0.0033 partner=0.0033 road=0.0056
[ROMA step 4,208,984,064] sps=1,137,951  policy_loss=-0.0059  value_loss=2.0150  mi_loss=0.0016  mi_valid=0.81  div_loss=-0.2002  kl_loss=0.0000 (disabled)  score=0.596  return=-0.432  role_std=7.7738  role_norm=39.5979  enc_delta ego=0.0025 partner=0.0028 road=0.0040
[ROMA step 4,209,770,496] sps=1,135,140  policy_loss=0.0034  value_loss=1.9385  mi_loss=0.0016  mi_valid=0.81  div_loss=-0.2012  kl_loss=0.0000 (disabled)  score=0.594  return=-0.434  role_std=7.8763  role_norm=38.5579  enc_delta ego=0.0027 partner=0.0030 road=0.0053
[ROMA step 4,210,556,928] sps=1,128,021  policy_loss=0.0027  value_loss=2.4346  mi_loss=0.0017  mi_valid=0.79  div_loss=-0.2178  kl_loss=0.0000 (disabled)  score=0.593  return=-0.439  role_std=8.0613  role_norm=37.5212  enc_delta ego=0.0030 partner=0.0029 road=0.0052
[ROMA step 4,211,343,360] sps=1,125,172  policy_loss=0.0012  value_loss=2.3812  mi_loss=0.0017  mi_valid=0.84  div_loss=-0.2256  kl_loss=0.0000 (disabled)  score=0.593  return=-0.444  role_std=7.9337  role_norm=39.7522  enc_delta ego=0.0034 partner=0.0030 road=0.0054
[ROMA step 4,212,129,792] sps=1,122,341  policy_loss=-0.0042  value_loss=2.8066  mi_loss=0.0016  mi_valid=0.84  div_loss=-0.2305  kl_loss=0.0000 (disabled)  score=0.593  return=-0.439  role_std=8.7469  role_norm=38.9485  enc_delta ego=0.0030 partner=0.0029 road=0.0043
[ROMA step 4,212,916,224] sps=1,119,529  policy_loss=0.0028  value_loss=2.5112  mi_loss=0.0017  mi_valid=0.81  div_loss=-0.2256  kl_loss=0.0000 (disabled)  score=0.594  return=-0.435  role_std=8.6783  role_norm=38.7818  enc_delta ego=0.0039 partner=0.0035 road=0.0057
[ROMA step 4,213,702,656] sps=1,112,794  policy_loss=-0.0018  value_loss=2.3834  mi_loss=0.0018  mi_valid=0.78  div_loss=-0.2227  kl_loss=0.0000 (disabled)  score=0.594  return=-0.434  role_std=8.2460  role_norm=38.1304  enc_delta ego=0.0039 partner=0.0037 road=0.0054
[ROMA step 4,214,489,088] sps=1,110,014  policy_loss=0.0023  value_loss=1.6252  mi_loss=0.0017  mi_valid=0.81  div_loss=-0.2061  kl_loss=0.0000 (disabled)  score=0.594  return=-0.436  role_std=8.3160  role_norm=38.6148  enc_delta ego=0.0035 partner=0.0037 road=0.0051
[ROMA step 4,215,275,520] sps=1,107,300  policy_loss=0.0079  value_loss=2.0900  mi_loss=0.0017  mi_valid=0.81  div_loss=-0.2119  kl_loss=0.0000 (disabled)  score=0.594  return=-0.442  role_std=8.5344  role_norm=38.4781  enc_delta ego=0.0030 partner=0.0034 road=0.0046
[ROMA step 4,216,061,952] sps=1,100,454  policy_loss=0.0058  value_loss=2.1862  mi_loss=0.0016  mi_valid=0.81  div_loss=-0.2129  kl_loss=0.0000 (disabled)  score=0.595  return=-0.449  role_std=7.5485  role_norm=39.9388  enc_delta ego=0.0055 partner=0.0031 road=0.0040
[ROMA step 4,216,848,384] sps=1,097,756  policy_loss=0.0053  value_loss=2.4985  mi_loss=0.0017  mi_valid=0.81  div_loss=-0.1953  kl_loss=0.0000 (disabled)  score=0.597  return=-0.441  role_std=7.3416  role_norm=40.0029  enc_delta ego=0.0033 partner=0.0027 road=0.0045
[ROMA step 4,217,634,816] sps=1,095,072  policy_loss=0.0027  value_loss=2.4238  mi_loss=0.0018  mi_valid=0.81  div_loss=-0.1875  kl_loss=0.0000 (disabled)  score=0.600  return=-0.430  role_std=7.6144  role_norm=40.0899  enc_delta ego=0.0042 partner=0.0030 road=0.0038
[ROMA step 4,218,421,248] sps=1,092,379  policy_loss=0.0010  value_loss=2.0795  mi_loss=0.0019  mi_valid=0.82  div_loss=-0.1875  kl_loss=0.0000 (disabled)  score=0.601  return=-0.429  role_std=8.6402  role_norm=39.7757  enc_delta ego=0.0035 partner=0.0033 road=0.0044
[ROMA step 4,219,207,680] sps=1,086,126  policy_loss=-0.0009  value_loss=2.3165  mi_loss=0.0019  mi_valid=0.79  div_loss=-0.2002  kl_loss=0.0000 (disabled)  score=0.600  return=-0.440  role_std=7.6186  role_norm=38.5962  enc_delta ego=0.0034 partner=0.0030 road=0.0045
[ROMA step 4,219,994,112] sps=1,083,488  policy_loss=-0.0025  value_loss=2.3165  mi_loss=0.0020  mi_valid=0.85  div_loss=-0.1973  kl_loss=0.0000 (disabled)  score=0.599  return=-0.445  role_std=7.5967  role_norm=40.3039  enc_delta ego=0.0033 partner=0.0028 road=0.0041
[ROMA step 4,220,780,544] sps=1,080,901  policy_loss=0.0051  value_loss=2.4605  mi_loss=0.0020  mi_valid=0.82  div_loss=-0.1914  kl_loss=0.0000 (disabled)  score=0.597  return=-0.457  role_std=7.3802  role_norm=40.4871  enc_delta ego=0.0034 partner=0.0033 road=0.0055
[ROMA step 4,221,566,976] sps=1,074,363  policy_loss=0.0009  value_loss=2.0558  mi_loss=0.0020  mi_valid=0.79  div_loss=-0.1836  kl_loss=0.0000 (disabled)  score=0.595  return=-0.466  role_std=6.6846  role_norm=40.4633  enc_delta ego=0.0035 partner=0.0027 road=0.0050
[ROMA step 4,222,353,408] sps=1,071,871  policy_loss=0.0028  value_loss=2.0097  mi_loss=0.0018  mi_valid=0.82  div_loss=-0.1787  kl_loss=0.0000 (disabled)  score=0.593  return=-0.466  role_std=7.4379  role_norm=40.2242  enc_delta ego=0.0024 partner=0.0024 road=0.0044
[ROMA step 4,223,139,840] sps=1,069,383  policy_loss=-0.0027  value_loss=1.3754  mi_loss=0.0018  mi_valid=0.82  div_loss=-0.1719  kl_loss=0.0000 (disabled)  score=0.592  return=-0.466  role_std=6.5390  role_norm=39.2525  enc_delta ego=0.0028 partner=0.0025 road=0.0047
[ROMA step 4,223,926,272] sps=1,066,922  policy_loss=0.0080  value_loss=1.7435  mi_loss=0.0018  mi_valid=0.83  div_loss=-0.1777  kl_loss=0.0000 (disabled)  score=0.590  return=-0.466  role_std=6.9259  role_norm=38.9306  enc_delta ego=0.0032 partner=0.0031 road=0.0042
[ROMA step 4,224,712,704] sps=1,061,173  policy_loss=-0.0038  value_loss=1.2952  mi_loss=0.0018  mi_valid=0.82  div_loss=-0.1680  kl_loss=0.0000 (disabled)  score=0.590  return=-0.463  role_std=6.7010  role_norm=39.9224  enc_delta ego=0.0036 partner=0.0035 road=0.0046
[ROMA step 4,225,499,136] sps=1,058,675  policy_loss=0.0004  value_loss=2.0555  mi_loss=0.0019  mi_valid=0.82  div_loss=-0.1885  kl_loss=0.0000 (disabled)  score=0.589  return=-0.457  role_std=7.7790  role_norm=39.4257  enc_delta ego=0.0034 partner=0.0035 road=0.0049
[ROMA step 4,226,285,568] sps=1,056,260  policy_loss=0.0014  value_loss=2.5391  mi_loss=0.0019  mi_valid=0.82  div_loss=-0.2012  kl_loss=0.0000 (disabled)  score=0.587  return=-0.466  role_std=7.4843  role_norm=39.6809  enc_delta ego=0.0029 partner=0.0026 road=0.0042
[ROMA step 4,227,072,000] sps=1,050,539  policy_loss=0.0025  value_loss=1.4979  mi_loss=0.0019  mi_valid=0.79  div_loss=-0.1699  kl_loss=0.0000 (disabled)  score=0.585  return=-0.460  role_std=6.7282  role_norm=39.7858  enc_delta ego=0.0027 partner=0.0027 road=0.0037
[ROMA step 4,227,858,432] sps=1,048,072  policy_loss=-0.0049  value_loss=2.0689  mi_loss=0.0018  mi_valid=0.83  div_loss=-0.1748  kl_loss=0.0000 (disabled)  score=0.583  return=-0.473  role_std=6.5180  role_norm=40.1069  enc_delta ego=0.0022 partner=0.0025 road=0.0037
[ROMA step 4,228,644,864] sps=1,045,654  policy_loss=0.0010  value_loss=2.1701  mi_loss=0.0018  mi_valid=0.84  div_loss=-0.1807  kl_loss=0.0000 (disabled)  score=0.583  return=-0.478  role_std=7.1614  role_norm=40.7937  enc_delta ego=0.0030 partner=0.0025 road=0.0039
[ROMA step 4,229,431,296] sps=1,043,179  policy_loss=0.0008  value_loss=2.2266  mi_loss=0.0018  mi_valid=0.81  div_loss=-0.1826  kl_loss=0.0000 (disabled)  score=0.583  return=-0.480  role_std=8.0249  role_norm=41.3094  enc_delta ego=0.0022 partner=0.0029 road=0.0045
[ROMA step 4,230,217,728] sps=1,037,080  policy_loss=0.0076  value_loss=2.5345  mi_loss=0.0018  mi_valid=0.78  div_loss=-0.1855  kl_loss=0.0000 (disabled)  score=0.582  return=-0.484  role_std=8.3367  role_norm=41.0820  enc_delta ego=0.0029 partner=0.0025 road=0.0042
[ROMA step 4,231,004,160] sps=1,034,720  policy_loss=-0.0038  value_loss=1.9245  mi_loss=0.0018  mi_valid=0.82  div_loss=-0.1816  kl_loss=0.0000 (disabled)  score=0.579  return=-0.494  role_std=7.5122  role_norm=41.0961  enc_delta ego=0.0043 partner=0.0032 road=0.0051
[ROMA step 4,231,790,592] sps=1,032,356  policy_loss=0.0010  value_loss=1.4855  mi_loss=0.0018  mi_valid=0.81  div_loss=-0.1738  kl_loss=0.0000 (disabled)  score=0.578  return=-0.497  role_std=6.8189  role_norm=40.3488  enc_delta ego=0.0039 partner=0.0030 road=0.0045
[ROMA step 4,232,577,024] sps=1,030,034  policy_loss=0.0047  value_loss=1.5738  mi_loss=0.0017  mi_valid=0.84  div_loss=-0.1611  kl_loss=0.0000 (disabled)  score=0.576  return=-0.498  role_std=6.6077  role_norm=41.4323  enc_delta ego=0.0032 partner=0.0027 road=0.0038
[ROMA step 4,233,363,456] sps=1,023,911  policy_loss=0.0033  value_loss=1.8941  mi_loss=0.0018  mi_valid=0.81  div_loss=-0.1748  kl_loss=0.0000 (disabled)  score=0.575  return=-0.497  role_std=7.2263  role_norm=41.8157  enc_delta ego=0.0024 partner=0.0030 road=0.0050
[ROMA step 4,234,149,888] sps=1,021,578  policy_loss=0.0077  value_loss=1.4951  mi_loss=0.0017  mi_valid=0.81  div_loss=-0.1729  kl_loss=0.0000 (disabled)  score=0.574  return=-0.491  role_std=7.6348  role_norm=41.3772  enc_delta ego=0.0030 partner=0.0032 road=0.0051
[ROMA step 4,234,936,320] sps=1,019,281  policy_loss=0.0095  value_loss=1.8159  mi_loss=0.0017  mi_valid=0.81  div_loss=-0.1826  kl_loss=0.0000 (disabled)  score=0.572  return=-0.484  role_std=7.2759  role_norm=41.0408  enc_delta ego=0.0023 partner=0.0031 road=0.0043
[ROMA step 4,235,722,752] sps=1,014,025  policy_loss=0.0040  value_loss=1.1305  mi_loss=0.0017  mi_valid=0.78  div_loss=-0.1689  kl_loss=0.0000 (disabled)  score=0.571  return=-0.476  role_std=7.0367  role_norm=39.5932  enc_delta ego=0.0037 partner=0.0025 road=0.0046
[ROMA step 4,236,509,184] sps=1,011,805  policy_loss=0.0085  value_loss=0.8548  mi_loss=0.0017  mi_valid=0.84  div_loss=-0.1631  kl_loss=0.0000 (disabled)  score=0.571  return=-0.460  role_std=6.6343  role_norm=41.7696  enc_delta ego=0.0033 partner=0.0027 road=0.0049
[ROMA step 4,237,295,616] sps=1,009,593  policy_loss=0.0016  value_loss=1.5305  mi_loss=0.0017  mi_valid=0.84  div_loss=-0.1777  kl_loss=0.0000 (disabled)  score=0.571  return=-0.460  role_std=6.7970  role_norm=42.0021  enc_delta ego=0.0028 partner=0.0029 road=0.0041
[ROMA step 4,238,082,048] sps=1,007,375  policy_loss=0.0060  value_loss=1.9087  mi_loss=0.0016  mi_valid=0.81  div_loss=-0.1807  kl_loss=0.0000 (disabled)  score=0.572  return=-0.454  role_std=7.6222  role_norm=41.9370  enc_delta ego=0.0031 partner=0.0030 road=0.0052
[ROMA step 4,238,868,480] sps=1,001,907  policy_loss=-0.0012  value_loss=1.4913  mi_loss=0.0018  mi_valid=0.78  div_loss=-0.1650  kl_loss=0.0000 (disabled)  score=0.573  return=-0.448  role_std=6.6327  role_norm=41.5048  enc_delta ego=0.0030 partner=0.0029 road=0.0053
[ROMA step 4,239,654,912] sps=999,733  policy_loss=0.0069  value_loss=1.2317  mi_loss=0.0018  mi_valid=0.82  div_loss=-0.1504  kl_loss=0.0000 (disabled)  score=0.572  return=-0.431  role_std=6.8426  role_norm=41.7792  enc_delta ego=0.0022 partner=0.0030 road=0.0048
[ROMA step 4,240,441,344] sps=997,559  policy_loss=0.0012  value_loss=1.3705  mi_loss=0.0018  mi_valid=0.82  div_loss=-0.1689  kl_loss=0.0000 (disabled)  score=0.571  return=-0.422  role_std=6.3643  role_norm=40.9083  enc_delta ego=0.0028 partner=0.0034 road=0.0054
[ROMA step 4,241,227,776] sps=992,411  policy_loss=0.0003  value_loss=1.0981  mi_loss=0.0018  mi_valid=0.81  div_loss=-0.1611  kl_loss=0.0000 (disabled)  score=0.571  return=-0.412  role_std=6.4944  role_norm=41.8056  enc_delta ego=0.0031 partner=0.0032 road=0.0050
[ROMA step 4,242,014,208] sps=990,266  policy_loss=0.0040  value_loss=1.4379  mi_loss=0.0017  mi_valid=0.82  div_loss=-0.1689  kl_loss=0.0000 (disabled)  score=0.569  return=-0.401  role_std=5.7809  role_norm=42.1123  enc_delta ego=0.0027 partner=0.0026 road=0.0040
[ROMA step 4,242,800,640] sps=988,137  policy_loss=0.0007  value_loss=1.9170  mi_loss=0.0018  mi_valid=0.81  div_loss=-0.1738  kl_loss=0.0000 (disabled)  score=0.568  return=-0.394  role_std=7.7217  role_norm=41.1973  enc_delta ego=0.0032 partner=0.0028 road=0.0043
[ROMA step 4,243,587,072] sps=985,973  policy_loss=0.0003  value_loss=1.4335  mi_loss=0.0017  mi_valid=0.81  div_loss=-0.1738  kl_loss=0.0000 (disabled)  score=0.567  return=-0.390  role_std=7.2020  role_norm=40.7571  enc_delta ego=0.0026 partner=0.0026 road=0.0044
[ROMA step 4,244,373,504] sps=980,740  policy_loss=0.0080  value_loss=2.5660  mi_loss=0.0017  mi_valid=0.79  div_loss=-0.1885  kl_loss=0.0000 (disabled)  score=0.565  return=-0.395  role_std=7.3851  role_norm=40.2756  enc_delta ego=0.0024 partner=0.0028 road=0.0043
[ROMA step 4,245,159,936] sps=978,678  policy_loss=0.0000  value_loss=2.0253  mi_loss=0.0018  mi_valid=0.84  div_loss=-0.1953  kl_loss=0.0000 (disabled)  score=0.564  return=-0.403  role_std=7.6500  role_norm=42.1033  enc_delta ego=0.0035 partner=0.0028 road=0.0044
[ROMA step 4,245,946,368] sps=976,597  policy_loss=-0.0010  value_loss=2.2580  mi_loss=0.0019  mi_valid=0.82  div_loss=-0.1943  kl_loss=0.0000 (disabled)  score=0.564  return=-0.407  role_std=7.2985  role_norm=41.8076  enc_delta ego=0.0032 partner=0.0033 road=0.0042
[ROMA step 4,246,732,800] sps=971,639  policy_loss=-0.0041  value_loss=1.7470  mi_loss=0.0019  mi_valid=0.78  div_loss=-0.1670  kl_loss=0.0000 (disabled)  score=0.564  return=-0.405  role_std=7.0765  role_norm=41.8714  enc_delta ego=0.0040 partner=0.0029 road=0.0038
[ROMA step 4,247,519,232] sps=969,635  policy_loss=-0.0014  value_loss=1.5195  mi_loss=0.0017  mi_valid=0.81  div_loss=-0.1660  kl_loss=0.0000 (disabled)  score=0.566  return=-0.392  role_std=7.0528  role_norm=41.6968  enc_delta ego=0.0028 partner=0.0033 road=0.0048
[ROMA step 4,248,305,664] sps=967,632  policy_loss=-0.0035  value_loss=1.2612  mi_loss=0.0016  mi_valid=0.81  div_loss=-0.1680  kl_loss=0.0000 (disabled)  score=0.568  return=-0.377  role_std=6.7422  role_norm=41.4202  enc_delta ego=0.0027 partner=0.0030 road=0.0043
[ROMA step 4,249,092,096] sps=965,657  policy_loss=0.0059  value_loss=1.2650  mi_loss=0.0016  mi_valid=0.82  div_loss=-0.1660  kl_loss=0.0000 (disabled)  score=0.570  return=-0.364  role_std=7.1649  role_norm=39.8222  enc_delta ego=0.0023 partner=0.0025 road=0.0036
[ROMA step 4,249,878,528] sps=960,876  policy_loss=0.0031  value_loss=1.4111  mi_loss=0.0017  mi_valid=0.81  div_loss=-0.1680  kl_loss=0.0000 (disabled)  score=0.571  return=-0.357  role_std=7.1371  role_norm=42.2490  enc_delta ego=0.0022 partner=0.0031 road=0.0043
[ROMA step 4,250,664,960] sps=958,802  policy_loss=-0.0005  value_loss=1.6154  mi_loss=0.0016  mi_valid=0.81  div_loss=-0.1729  kl_loss=0.0000 (disabled)  score=0.573  return=-0.350  role_std=6.9570  role_norm=42.3992  enc_delta ego=0.0024 partner=0.0028 road=0.0039
[ROMA] Saved -> /scratch/e452103/checkpoints/roma_mifutagent_dim1_H8_r16p64_ft_pc40_cb1_lr_nodiv/roma_dim1_step4250664960.pt
[ROMA step 4,251,451,392] sps=956,802  policy_loss=0.0056  value_loss=1.4292  mi_loss=0.0018  mi_valid=0.81  div_loss=-0.1680  kl_loss=0.0000 (disabled)  score=0.574  return=-0.349  role_std=7.1723  role_norm=41.6041  enc_delta ego=0.0029 partner=0.0032 road=0.0040
[ROMA step 4,252,237,824] sps=952,159  policy_loss=0.0010  value_loss=1.5649  mi_loss=0.0017  mi_valid=0.79  div_loss=-0.1816  kl_loss=0.0000 (disabled)  score=0.575  return=-0.352  role_std=7.8603  role_norm=41.0889  enc_delta ego=0.0024 partner=0.0029 road=0.0041
[ROMA step 4,253,024,256] sps=950,238  policy_loss=0.0020  value_loss=1.4927  mi_loss=0.0016  mi_valid=0.82  div_loss=-0.1895  kl_loss=0.0000 (disabled)  score=0.575  return=-0.359  role_std=7.9256  role_norm=39.1853  enc_delta ego=0.0031 partner=0.0032 road=0.0048
[ROMA step 4,253,810,688] sps=948,329  policy_loss=0.0042  value_loss=1.9964  mi_loss=0.0016  mi_valid=0.84  div_loss=-0.2061  kl_loss=0.0000 (disabled)  score=0.575  return=-0.363  role_std=8.0961  role_norm=41.8597  enc_delta ego=0.0026 partner=0.0032 road=0.0039
[ROMA step 4,254,597,120] sps=946,427  policy_loss=0.0039  value_loss=2.2239  mi_loss=0.0016  mi_valid=0.82  div_loss=-0.2100  kl_loss=0.0000 (disabled)  score=0.575  return=-0.365  role_std=8.9039  role_norm=41.6389  enc_delta ego=0.0029 partner=0.0035 road=0.0045
[ROMA step 4,255,383,552] sps=941,816  policy_loss=0.0016  value_loss=2.2535  mi_loss=0.0017  mi_valid=0.78  div_loss=-0.1846  kl_loss=0.0000 (disabled)  score=0.575  return=-0.370  role_std=8.1528  role_norm=41.5526  enc_delta ego=0.0017 partner=0.0023 road=0.0033
[ROMA step 4,256,169,984] sps=939,922  policy_loss=0.0010  value_loss=1.6461  mi_loss=0.0016  mi_valid=0.82  div_loss=-0.1797  kl_loss=0.0000 (disabled)  score=0.575  return=-0.361  role_std=7.2039  role_norm=41.3760  enc_delta ego=0.0026 partner=0.0027 road=0.0041
[ROMA step 4,256,956,416] sps=938,045  policy_loss=0.0014  value_loss=1.9733  mi_loss=0.0016  mi_valid=0.82  div_loss=-0.1865  kl_loss=0.0000 (disabled)  score=0.574  return=-0.360  role_std=6.9418  role_norm=40.7172  enc_delta ego=0.0027 partner=0.0033 road=0.0041
[ROMA step 4,257,742,848] sps=936,150  policy_loss=0.0091  value_loss=1.8856  mi_loss=0.0017  mi_valid=0.83  div_loss=-0.1973  kl_loss=0.0000 (disabled)  score=0.574  return=-0.356  role_std=7.6573  role_norm=39.0924  enc_delta ego=0.0027 partner=0.0031 road=0.0042
[ROMA step 4,258,529,280] sps=931,633  policy_loss=0.0041  value_loss=2.0465  mi_loss=0.0017  mi_valid=0.81  div_loss=-0.1875  kl_loss=0.0000 (disabled)  score=0.574  return=-0.356  role_std=7.7857  role_norm=42.0866  enc_delta ego=0.0040 partner=0.0032 road=0.0052
[ROMA step 4,259,315,712] sps=929,777  policy_loss=0.0002  value_loss=1.5874  mi_loss=0.0017  mi_valid=0.81  div_loss=-0.1719  kl_loss=0.0000 (disabled)  score=0.574  return=-0.353  role_std=7.5131  role_norm=41.0888  enc_delta ego=0.0043 partner=0.0029 road=0.0053
[ROMA step 4,260,102,144] sps=927,912  policy_loss=-0.0019  value_loss=1.6905  mi_loss=0.0018  mi_valid=0.81  div_loss=-0.1846  kl_loss=0.0000 (disabled)  score=0.574  return=-0.357  role_std=7.0334  role_norm=40.9433  enc_delta ego=0.0033 partner=0.0026 road=0.0039
[ROMA step 4,260,888,576] sps=923,457  policy_loss=0.0014  value_loss=1.8661  mi_loss=0.0018  mi_valid=0.79  div_loss=-0.2061  kl_loss=0.0000 (disabled)  score=0.574  return=-0.363  role_std=9.0780  role_norm=39.4180  enc_delta ego=0.0027 partner=0.0034 road=0.0049
[ROMA step 4,261,675,008] sps=921,603  policy_loss=0.0011  value_loss=1.7873  mi_loss=0.0018  mi_valid=0.83  div_loss=-0.2051  kl_loss=0.0000 (disabled)  score=0.574  return=-0.368  role_std=8.5235  role_norm=37.0619  enc_delta ego=0.0042 partner=0.0040 road=0.0054
[ROMA step 4,262,461,440] sps=919,621  policy_loss=-0.0007  value_loss=2.8061  mi_loss=0.0017  mi_valid=0.84  div_loss=-0.2148  kl_loss=0.0000 (disabled)  score=0.574  return=-0.375  role_std=8.4918  role_norm=40.8271  enc_delta ego=0.0029 partner=0.0031 road=0.0049
[ROMA step 4,263,247,872] sps=917,774  policy_loss=-0.0016  value_loss=2.8329  mi_loss=0.0017  mi_valid=0.81  div_loss=-0.2295  kl_loss=0.0000 (disabled)  score=0.573  return=-0.391  role_std=8.3229  role_norm=41.3235  enc_delta ego=0.0020 partner=0.0023 road=0.0037
[ROMA step 4,264,034,304] sps=913,640  policy_loss=0.0029  value_loss=1.7703  mi_loss=0.0017  mi_valid=0.79  div_loss=-0.1807  kl_loss=0.0000 (disabled)  score=0.572  return=-0.398  role_std=8.0887  role_norm=40.7142  enc_delta ego=0.0027 partner=0.0030 road=0.0050
[ROMA step 4,264,820,736] sps=911,883  policy_loss=0.0017  value_loss=1.1863  mi_loss=0.0017  mi_valid=0.82  div_loss=-0.1641  kl_loss=0.0000 (disabled)  score=0.570  return=-0.403  role_std=7.3710  role_norm=41.2879  enc_delta ego=0.0028 partner=0.0030 road=0.0043
[ROMA step 4,265,607,168] sps=910,136  policy_loss=-0.0007  value_loss=1.7207  mi_loss=0.0017  mi_valid=0.82  div_loss=-0.1748  kl_loss=0.0000 (disabled)  score=0.568  return=-0.408  role_std=7.3397  role_norm=40.9250  enc_delta ego=0.0027 partner=0.0025 road=0.0035
[ROMA step 4,266,393,600] sps=905,644  policy_loss=0.0018  value_loss=1.7726  mi_loss=0.0017  mi_valid=0.81  div_loss=-0.1777  kl_loss=0.0000 (disabled)  score=0.567  return=-0.408  role_std=7.1321  role_norm=43.0437  enc_delta ego=0.0026 partner=0.0028 road=0.0039
[ROMA step 4,267,180,032] sps=903,911  policy_loss=0.0011  value_loss=1.9769  mi_loss=0.0018  mi_valid=0.81  div_loss=-0.1777  kl_loss=0.0000 (disabled)  score=0.567  return=-0.412  role_std=7.1574  role_norm=42.8560  enc_delta ego=0.0036 partner=0.0038 road=0.0052
[ROMA step 4,267,966,464] sps=902,153  policy_loss=-0.0002  value_loss=1.4616  mi_loss=0.0018  mi_valid=0.81  div_loss=-0.1846  kl_loss=0.0000 (disabled)  score=0.567  return=-0.419  role_std=6.2553  role_norm=41.9981  enc_delta ego=0.0030 partner=0.0032 road=0.0046
[ROMA step 4,268,752,896] sps=900,441  policy_loss=0.0025  value_loss=1.5460  mi_loss=0.0017  mi_valid=0.81  div_loss=-0.1768  kl_loss=0.0000 (disabled)  score=0.568  return=-0.418  role_std=7.9593  role_norm=41.3583  enc_delta ego=0.0027 partner=0.0026 road=0.0039
[ROMA step 4,269,539,328] sps=896,200  policy_loss=-0.0044  value_loss=1.4216  mi_loss=0.0016  mi_valid=0.78  div_loss=-0.1758  kl_loss=0.0000 (disabled)  score=0.570  return=-0.418  role_std=7.0848  role_norm=39.8269  enc_delta ego=0.0029 partner=0.0032 road=0.0052
[ROMA step 4,270,325,760] sps=894,465  policy_loss=0.0082  value_loss=1.4157  mi_loss=0.0015  mi_valid=0.83  div_loss=-0.1807  kl_loss=0.0000 (disabled)  score=0.572  return=-0.419  role_std=6.6483  role_norm=42.5881  enc_delta ego=0.0031 partner=0.0035 road=0.0051
[ROMA step 4,271,112,192] sps=892,762  policy_loss=-0.0034  value_loss=1.8541  mi_loss=0.0015  mi_valid=0.83  div_loss=-0.1865  kl_loss=0.0000 (disabled)  score=0.573  return=-0.413  role_std=7.5501  role_norm=42.3145  enc_delta ego=0.0026 partner=0.0031 road=0.0049
[ROMA step 4,271,898,624] sps=888,687  policy_loss=-0.0059  value_loss=1.5710  mi_loss=0.0016  mi_valid=0.78  div_loss=-0.1895  kl_loss=0.0000 (disabled)  score=0.575  return=-0.408  role_std=8.6373  role_norm=41.5706  enc_delta ego=0.0032 partner=0.0027 road=0.0058
[ROMA step 4,272,685,056] sps=886,980  policy_loss=0.0033  value_loss=1.6365  mi_loss=0.0016  mi_valid=0.81  div_loss=-0.1875  kl_loss=0.0000 (disabled)  score=0.576  return=-0.398  role_std=7.7224  role_norm=41.0713  enc_delta ego=0.0045 partner=0.0033 road=0.0057
[ROMA step 4,273,471,488] sps=885,275  policy_loss=-0.0050  value_loss=1.4855  mi_loss=0.0016  mi_valid=0.81  div_loss=-0.1846  kl_loss=0.0000 (disabled)  score=0.576  return=-0.391  role_std=7.9462  role_norm=40.0405  enc_delta ego=0.0043 partner=0.0032 road=0.0045
[ROMA step 4,274,257,920] sps=883,579  policy_loss=-0.0021  value_loss=1.2986  mi_loss=0.0016  mi_valid=0.81  div_loss=-0.1826  kl_loss=0.0000 (disabled)  score=0.576  return=-0.386  role_std=7.8785  role_norm=39.1193  enc_delta ego=0.0054 partner=0.0029 road=0.0052
[ROMA step 4,275,044,352] sps=879,299  policy_loss=-0.0031  value_loss=1.3295  mi_loss=0.0016  mi_valid=0.81  div_loss=-0.1758  kl_loss=0.0000 (disabled)  score=0.576  return=-0.384  role_std=6.7904  role_norm=41.7438  enc_delta ego=0.0038 partner=0.0028 road=0.0051
[ROMA step 4,275,830,784] sps=877,634  policy_loss=0.0021  value_loss=1.7638  mi_loss=0.0016  mi_valid=0.81  div_loss=-0.1787  kl_loss=0.0000 (disabled)  score=0.576  return=-0.385  role_std=7.5769  role_norm=41.7978  enc_delta ego=0.0029 partner=0.0026 road=0.0038
[ROMA step 4,276,617,216] sps=875,965  policy_loss=0.0079  value_loss=2.1375  mi_loss=0.0017  mi_valid=0.81  div_loss=-0.1895  kl_loss=0.0000 (disabled)  score=0.575  return=-0.396  role_std=8.8065  role_norm=41.4212  enc_delta ego=0.0035 partner=0.0033 road=0.0048
[ROMA step 4,277,403,648] sps=871,971  policy_loss=-0.0031  value_loss=1.8655  mi_loss=0.0017  mi_valid=0.78  div_loss=-0.1943  kl_loss=0.0000 (disabled)  score=0.575  return=-0.408  role_std=8.3227  role_norm=41.0349  enc_delta ego=0.0025 partner=0.0026 road=0.0039
[ROMA step 4,278,190,080] sps=870,245  policy_loss=0.0029  value_loss=2.1912  mi_loss=0.0017  mi_valid=0.81  div_loss=-0.2070  kl_loss=0.0000 (disabled)  score=0.576  return=-0.419  role_std=8.6533  role_norm=40.1997  enc_delta ego=0.0026 partner=0.0028 road=0.0041
[ROMA step 4,278,976,512] sps=868,602  policy_loss=-0.0040  value_loss=2.5515  mi_loss=0.0016  mi_valid=0.84  div_loss=-0.2100  kl_loss=0.0000 (disabled)  score=0.576  return=-0.426  role_std=8.5763  role_norm=43.2875  enc_delta ego=0.0016 partner=0.0023 road=0.0031
[ROMA step 4,279,762,944] sps=866,949  policy_loss=-0.0047  value_loss=2.0405  mi_loss=0.0016  mi_valid=0.81  div_loss=-0.2100  kl_loss=0.0000 (disabled)  score=0.578  return=-0.434  role_std=8.9822  role_norm=43.2994  enc_delta ego=0.0033 partner=0.0031 road=0.0056
[ROMA step 4,280,549,376] sps=863,133  policy_loss=0.0054  value_loss=3.0597  mi_loss=0.0016  mi_valid=0.78  div_loss=-0.2148  kl_loss=0.0000 (disabled)  score=0.579  return=-0.443  role_std=8.5736  role_norm=42.6860  enc_delta ego=0.0027 partner=0.0032 road=0.0050
[ROMA step 4,281,335,808] sps=861,523  policy_loss=-0.0019  value_loss=2.3808  mi_loss=0.0016  mi_valid=0.81  div_loss=-0.2012  kl_loss=0.0000 (disabled)  score=0.581  return=-0.443  role_std=8.7476  role_norm=42.3538  enc_delta ego=0.0030 partner=0.0026 road=0.0048
[ROMA step 4,282,122,240] sps=859,938  policy_loss=0.0033  value_loss=1.6650  mi_loss=0.0016  mi_valid=0.81  div_loss=-0.1982  kl_loss=0.0000 (disabled)  score=0.583  return=-0.434  role_std=7.5340  role_norm=40.9288  enc_delta ego=0.0027 partner=0.0024 road=0.0045
[ROMA step 4,282,908,672] sps=858,363  policy_loss=-0.0009  value_loss=1.5030  mi_loss=0.0015  mi_valid=0.82  div_loss=-0.1953  kl_loss=0.0000 (disabled)  score=0.585  return=-0.424  role_std=7.6783  role_norm=40.1182  enc_delta ego=0.0042 partner=0.0029 road=0.0046
[ROMA step 4,283,695,104] sps=854,781  policy_loss=-0.0023  value_loss=1.5552  mi_loss=0.0017  mi_valid=0.81  div_loss=-0.1904  kl_loss=0.0000 (disabled)  score=0.585  return=-0.424  role_std=7.7435  role_norm=43.4069  enc_delta ego=0.0034 partner=0.0031 road=0.0051
[ROMA step 4,284,481,536] sps=853,210  policy_loss=-0.0026  value_loss=1.2695  mi_loss=0.0019  mi_valid=0.81  div_loss=-0.1826  kl_loss=0.0000 (disabled)  score=0.587  return=-0.421  role_std=7.6285  role_norm=43.4150  enc_delta ego=0.0030 partner=0.0036 road=0.0058
[ROMA step 4,285,267,968] sps=851,645  policy_loss=-0.0045  value_loss=1.6124  mi_loss=0.0018  mi_valid=0.80  div_loss=-0.1865  kl_loss=0.0000 (disabled)  score=0.589  return=-0.417  role_std=8.0559  role_norm=42.7005  enc_delta ego=0.0037 partner=0.0038 road=0.0049
[ROMA step 4,286,054,400] sps=848,146  policy_loss=-0.0007  value_loss=2.3656  mi_loss=0.0018  mi_valid=0.78  div_loss=-0.1982  kl_loss=0.0000 (disabled)  score=0.591  return=-0.416  role_std=8.8133  role_norm=41.3339  enc_delta ego=0.0032 partner=0.0029 road=0.0052
[ROMA step 4,286,840,832] sps=846,619  policy_loss=0.0014  value_loss=1.9524  mi_loss=0.0018  mi_valid=0.82  div_loss=-0.1885  kl_loss=0.0000 (disabled)  score=0.593  return=-0.418  role_std=7.6399  role_norm=40.9347  enc_delta ego=0.0034 partner=0.0032 road=0.0051
[ROMA step 4,287,627,264] sps=845,089  policy_loss=0.0013  value_loss=2.5243  mi_loss=0.0016  mi_valid=0.83  div_loss=-0.1885  kl_loss=0.0000 (disabled)  score=0.594  return=-0.419  role_std=8.4876  role_norm=43.5221  enc_delta ego=0.0030 partner=0.0030 road=0.0051
[ROMA step 4,288,413,696] sps=843,539  policy_loss=-0.0004  value_loss=2.2150  mi_loss=0.0017  mi_valid=0.81  div_loss=-0.1904  kl_loss=0.0000 (disabled)  score=0.596  return=-0.424  role_std=6.6644  role_norm=43.7392  enc_delta ego=0.0031 partner=0.0032 road=0.0052
[ROMA step 4,289,200,128] sps=840,015  policy_loss=0.0038  value_loss=2.4113  mi_loss=0.0018  mi_valid=0.78  div_loss=-0.1836  kl_loss=0.0000 (disabled)  score=0.597  return=-0.419  role_std=8.5897  role_norm=42.7989  enc_delta ego=0.0038 partner=0.0034 road=0.0054
[ROMA step 4,289,986,560] sps=838,497  policy_loss=0.0043  value_loss=2.1012  mi_loss=0.0017  mi_valid=0.81  div_loss=-0.1846  kl_loss=0.0000 (disabled)  score=0.598  return=-0.422  role_std=7.4221  role_norm=42.9415  enc_delta ego=0.0026 partner=0.0029 road=0.0045
[ROMA step 4,290,772,992] sps=836,940  policy_loss=0.0035  value_loss=2.3232  mi_loss=0.0019  mi_valid=0.82  div_loss=-0.1787  kl_loss=0.0000 (disabled)  score=0.597  return=-0.412  role_std=8.1979  role_norm=42.9724  enc_delta ego=0.0026 partner=0.0032 road=0.0044
[ROMA step 4,291,559,424] sps=833,291  policy_loss=-0.0035  value_loss=2.8445  mi_loss=0.0018  mi_valid=0.81  div_loss=-0.1914  kl_loss=0.0000 (disabled)  score=0.598  return=-0.412  role_std=8.5569  role_norm=44.6512  enc_delta ego=0.0029 partner=0.0029 road=0.0047
[ROMA step 4,292,345,856] sps=831,814  policy_loss=0.0058  value_loss=2.4244  mi_loss=0.0018  mi_valid=0.81  div_loss=-0.1689  kl_loss=0.0000 (disabled)  score=0.600  return=-0.418  role_std=6.9801  role_norm=44.6946  enc_delta ego=0.0036 partner=0.0034 road=0.0055
[ROMA step 4,293,132,288] sps=830,362  policy_loss=-0.0007  value_loss=2.0189  mi_loss=0.0018  mi_valid=0.81  div_loss=-0.1660  kl_loss=0.0000 (disabled)  score=0.603  return=-0.417  role_std=7.6205  role_norm=44.5739  enc_delta ego=0.0027 partner=0.0029 road=0.0048
[ROMA step 4,293,918,720] sps=828,905  policy_loss=-0.0020  value_loss=1.9202  mi_loss=0.0018  mi_valid=0.81  div_loss=-0.1689  kl_loss=0.0000 (disabled)  score=0.605  return=-0.411  role_std=7.7237  role_norm=44.0993  enc_delta ego=0.0026 partner=0.0032 road=0.0049
[ROMA step 4,294,705,152] sps=825,700  policy_loss=0.0004  value_loss=2.6821  mi_loss=0.0018  mi_valid=0.78  div_loss=-0.1768  kl_loss=0.0000 (disabled)  score=0.606  return=-0.417  role_std=7.4856  role_norm=42.8466  enc_delta ego=0.0026 partner=0.0028 road=0.0043
[ROMA step 4,295,491,584] sps=824,262  policy_loss=0.0086  value_loss=2.5020  mi_loss=0.0019  mi_valid=0.84  div_loss=-0.1777  kl_loss=0.0000 (disabled)  score=0.607  return=-0.419  role_std=6.5831  role_norm=44.4596  enc_delta ego=0.0026 partner=0.0028 road=0.0036
[ROMA step 4,296,278,016] sps=822,835  policy_loss=-0.0001  value_loss=1.7864  mi_loss=0.0019  mi_valid=0.83  div_loss=-0.1787  kl_loss=0.0000 (disabled)  score=0.607  return=-0.421  role_std=6.8405  role_norm=44.1733  enc_delta ego=0.0035 partner=0.0030 road=0.0045
[ROMA step 4,297,064,448] sps=819,372  policy_loss=0.0017  value_loss=1.7369  mi_loss=0.0019  mi_valid=0.78  div_loss=-0.1699  kl_loss=0.0000 (disabled)  score=0.608  return=-0.419  role_std=7.8088  role_norm=43.6794  enc_delta ego=0.0035 partner=0.0031 road=0.0051
[ROMA step 4,297,850,880] sps=817,893  policy_loss=-0.0040  value_loss=1.6333  mi_loss=0.0019  mi_valid=0.81  div_loss=-0.1729  kl_loss=0.0000 (disabled)  score=0.606  return=-0.432  role_std=7.4463  role_norm=43.5672  enc_delta ego=0.0033 partner=0.0031 road=0.0051
[ROMA step 4,298,637,312] sps=816,464  policy_loss=0.0001  value_loss=1.6950  mi_loss=0.0019  mi_valid=0.82  div_loss=-0.1797  kl_loss=0.0000 (disabled)  score=0.605  return=-0.445  role_std=7.8461  role_norm=43.6070  enc_delta ego=0.0025 partner=0.0029 road=0.0048
[ROMA step 4,299,423,744] sps=814,983  policy_loss=0.0018  value_loss=1.7235  mi_loss=0.0019  mi_valid=0.82  div_loss=-0.1797  kl_loss=0.0000 (disabled)  score=0.602  return=-0.452  role_std=7.8529  role_norm=43.4260  enc_delta ego=0.0032 partner=0.0028 road=0.0046
[ROMA step 4,300,210,176] sps=811,455  policy_loss=0.0018  value_loss=2.0481  mi_loss=0.0020  mi_valid=0.81  div_loss=-0.1797  kl_loss=0.0000 (disabled)  score=0.601  return=-0.457  role_std=7.1689  role_norm=44.8217  enc_delta ego=0.0030 partner=0.0028 road=0.0045
[ROMA step 4,300,996,608] sps=810,076  policy_loss=0.0083  value_loss=2.2242  mi_loss=0.0018  mi_valid=0.81  div_loss=-0.1719  kl_loss=0.0000 (disabled)  score=0.600  return=-0.460  role_std=8.1059  role_norm=44.1066  enc_delta ego=0.0022 partner=0.0027 road=0.0051
[ROMA step 4,301,783,040] sps=808,700  policy_loss=-0.0020  value_loss=1.9656  mi_loss=0.0021  mi_valid=0.81  div_loss=-0.1758  kl_loss=0.0000 (disabled)  score=0.600  return=-0.470  role_std=7.0428  role_norm=44.3282  enc_delta ego=0.0027 partner=0.0031 road=0.0051
[ROMA step 4,302,569,472] sps=805,572  policy_loss=0.0029  value_loss=2.0273  mi_loss=0.0018  mi_valid=0.79  div_loss=-0.1787  kl_loss=0.0000 (disabled)  score=0.599  return=-0.476  role_std=7.6553  role_norm=43.1078  enc_delta ego=0.0025 partner=0.0027 road=0.0044
[ROMA step 4,303,355,904] sps=804,195  policy_loss=0.0054  value_loss=2.6282  mi_loss=0.0019  mi_valid=0.81  div_loss=-0.1895  kl_loss=0.0000 (disabled)  score=0.599  return=-0.490  role_std=7.5815  role_norm=42.4335  enc_delta ego=0.0033 partner=0.0033 road=0.0041
[ROMA step 4,304,142,336] sps=802,763  policy_loss=-0.0006  value_loss=1.9588  mi_loss=0.0019  mi_valid=0.84  div_loss=-0.1826  kl_loss=0.0000 (disabled)  score=0.599  return=-0.490  role_std=8.0871  role_norm=44.2642  enc_delta ego=0.0029 partner=0.0025 road=0.0037
[ROMA step 4,304,928,768] sps=801,417  policy_loss=0.0015  value_loss=1.5834  mi_loss=0.0018  mi_valid=0.83  div_loss=-0.1777  kl_loss=0.0000 (disabled)  score=0.599  return=-0.484  role_std=7.6806  role_norm=44.4181  enc_delta ego=0.0037 partner=0.0034 road=0.0050
[ROMA step 4,305,715,200] sps=797,941  policy_loss=-0.0035  value_loss=1.8307  mi_loss=0.0020  mi_valid=0.79  div_loss=-0.1846  kl_loss=0.0000 (disabled)  score=0.598  return=-0.481  role_std=8.6477  role_norm=43.0279  enc_delta ego=0.0031 partner=0.0033 road=0.0049
[ROMA step 4,306,501,632] sps=796,578  policy_loss=0.0046  value_loss=2.6530  mi_loss=0.0019  mi_valid=0.82  div_loss=-0.2031  kl_loss=0.0000 (disabled)  score=0.595  return=-0.488  role_std=8.8944  role_norm=42.6455  enc_delta ego=0.0029 partner=0.0025 road=0.0044
[ROMA step 4,307,288,064] sps=795,224  policy_loss=-0.0039  value_loss=2.2362  mi_loss=0.0018  mi_valid=0.82  div_loss=-0.2061  kl_loss=0.0000 (disabled)  score=0.594  return=-0.488  role_std=8.3915  role_norm=41.6639  enc_delta ego=0.0038 partner=0.0033 road=0.0046
[ROMA step 4,308,074,496] sps=793,908  policy_loss=-0.0003  value_loss=1.8933  mi_loss=0.0018  mi_valid=0.82  div_loss=-0.2012  kl_loss=0.0000 (disabled)  score=0.592  return=-0.484  role_std=8.2557  role_norm=40.7743  enc_delta ego=0.0026 partner=0.0032 road=0.0041
[ROMA step 4,308,860,928] sps=790,646  policy_loss=-0.0018  value_loss=1.6668  mi_loss=0.0018  mi_valid=0.82  div_loss=-0.1689  kl_loss=0.0000 (disabled)  score=0.592  return=-0.480  role_std=7.0586  role_norm=43.3540  enc_delta ego=0.0028 partner=0.0029 road=0.0050
[ROMA step 4,309,647,360] sps=789,354  policy_loss=0.0041  value_loss=1.8817  mi_loss=0.0017  mi_valid=0.81  div_loss=-0.1777  kl_loss=0.0000 (disabled)  score=0.593  return=-0.473  role_std=8.0482  role_norm=43.8093  enc_delta ego=0.0026 partner=0.0029 road=0.0044
[ROMA step 4,310,433,792] sps=788,054  policy_loss=-0.0090  value_loss=1.7660  mi_loss=0.0016  mi_valid=0.81  div_loss=-0.1836  kl_loss=0.0000 (disabled)  score=0.593  return=-0.472  role_std=7.1386  role_norm=43.9490  enc_delta ego=0.0019 partner=0.0029 road=0.0038
[ROMA step 4,311,220,224] sps=784,801  policy_loss=-0.0019  value_loss=1.7793  mi_loss=0.0018  mi_valid=0.78  div_loss=-0.1816  kl_loss=0.0000 (disabled)  score=0.593  return=-0.476  role_std=8.5172  role_norm=43.1537  enc_delta ego=0.0024 partner=0.0025 road=0.0038
[ROMA step 4,312,006,656] sps=783,504  policy_loss=0.0052  value_loss=2.3399  mi_loss=0.0017  mi_valid=0.82  div_loss=-0.1895  kl_loss=0.0000 (disabled)  score=0.593  return=-0.488  role_std=7.7825  role_norm=42.1728  enc_delta ego=0.0028 partner=0.0034 road=0.0043
[ROMA step 4,312,793,088] sps=782,215  policy_loss=-0.0006  value_loss=1.5677  mi_loss=0.0017  mi_valid=0.84  div_loss=-0.1807  kl_loss=0.0000 (disabled)  score=0.592  return=-0.492  role_std=7.2835  role_norm=44.5221  enc_delta ego=0.0032 partner=0.0034 road=0.0053
[ROMA step 4,313,579,520] sps=780,927  policy_loss=-0.0002  value_loss=2.0814  mi_loss=0.0016  mi_valid=0.81  div_loss=-0.1973  kl_loss=0.0000 (disabled)  score=0.590  return=-0.496  role_std=8.4116  role_norm=44.4204  enc_delta ego=0.0024 partner=0.0030 road=0.0050
[ROMA step 4,314,365,952] sps=777,738  policy_loss=0.0036  value_loss=2.9554  mi_loss=0.0017  mi_valid=0.79  div_loss=-0.2041  kl_loss=0.0000 (disabled)  score=0.587  return=-0.496  role_std=9.1738  role_norm=43.2450  enc_delta ego=0.0025 partner=0.0033 road=0.0038
[ROMA step 4,315,152,384] sps=776,505  policy_loss=0.0057  value_loss=2.1104  mi_loss=0.0018  mi_valid=0.82  div_loss=-0.1904  kl_loss=0.0000 (disabled)  score=0.584  return=-0.497  role_std=7.7992  role_norm=42.8297  enc_delta ego=0.0033 partner=0.0032 road=0.0041
[ROMA step 4,315,938,816] sps=775,277  policy_loss=-0.0001  value_loss=1.8633  mi_loss=0.0017  mi_valid=0.82  div_loss=-0.1865  kl_loss=0.0000 (disabled)  score=0.581  return=-0.495  role_std=7.7853  role_norm=42.2185  enc_delta ego=0.0027 partner=0.0027 road=0.0038
[ROMA step 4,316,725,248] sps=772,042  policy_loss=-0.0010  value_loss=1.7555  mi_loss=0.0016  mi_valid=0.82  div_loss=-0.1807  kl_loss=0.0000 (disabled)  score=0.579  return=-0.501  role_std=7.3296  role_norm=44.6889  enc_delta ego=0.0023 partner=0.0026 road=0.0041
[ROMA step 4,317,511,680] sps=770,800  policy_loss=0.0056  value_loss=1.9483  mi_loss=0.0016  mi_valid=0.81  div_loss=-0.1807  kl_loss=0.0000 (disabled)  score=0.578  return=-0.492  role_std=7.2007  role_norm=44.6776  enc_delta ego=0.0030 partner=0.0027 road=0.0039
[ROMA step 4,318,298,112] sps=769,555  policy_loss=0.0044  value_loss=2.0374  mi_loss=0.0016  mi_valid=0.81  div_loss=-0.1816  kl_loss=0.0000 (disabled)  score=0.578  return=-0.483  role_std=7.6381  role_norm=44.3535  enc_delta ego=0.0030 partner=0.0037 road=0.0045
[ROMA step 4,319,084,544] sps=768,325  policy_loss=0.0014  value_loss=1.6346  mi_loss=0.0018  mi_valid=0.81  div_loss=-0.1807  kl_loss=0.0000 (disabled)  score=0.578  return=-0.475  role_std=7.7404  role_norm=43.5721  enc_delta ego=0.0029 partner=0.0030 road=0.0044
[ROMA step 4,319,870,976] sps=765,242  policy_loss=0.0028  value_loss=1.7297  mi_loss=0.0016  mi_valid=0.79  div_loss=-0.1865  kl_loss=0.0000 (disabled)  score=0.576  return=-0.468  role_std=7.9299  role_norm=41.6392  enc_delta ego=0.0031 partner=0.0032 road=0.0044
[ROMA step 4,320,657,408] sps=763,968  policy_loss=0.0032  value_loss=1.9070  mi_loss=0.0016  mi_valid=0.84  div_loss=-0.1826  kl_loss=0.0000 (disabled)  score=0.574  return=-0.473  role_std=7.7693  role_norm=41.5673  enc_delta ego=0.0026 partner=0.0029 road=0.0041
[ROMA step 4,321,443,840] sps=762,737  policy_loss=-0.0033  value_loss=1.5808  mi_loss=0.0017  mi_valid=0.84  div_loss=-0.1807  kl_loss=0.0000 (disabled)  score=0.573  return=-0.475  role_std=7.0102  role_norm=44.7015  enc_delta ego=0.0032 partner=0.0029 road=0.0047
[ROMA step 4,322,230,272] sps=759,842  policy_loss=0.0051  value_loss=1.9882  mi_loss=0.0017  mi_valid=0.78  div_loss=-0.1885  kl_loss=0.0000 (disabled)  score=0.571  return=-0.480  role_std=8.2385  role_norm=44.7036  enc_delta ego=0.0029 partner=0.0031 road=0.0047
[ROMA step 4,323,016,704] sps=758,622  policy_loss=0.0047  value_loss=2.0449  mi_loss=0.0017  mi_valid=0.81  div_loss=-0.1846  kl_loss=0.0000 (disabled)  score=0.569  return=-0.484  role_std=9.0574  role_norm=43.6853  enc_delta ego=0.0032 partner=0.0029 road=0.0043
[ROMA step 4,323,803,136] sps=757,410  policy_loss=-0.0048  value_loss=2.3464  mi_loss=0.0018  mi_valid=0.81  div_loss=-0.1924  kl_loss=0.0000 (disabled)  score=0.568  return=-0.495  role_std=7.6744  role_norm=44.1708  enc_delta ego=0.0024 partner=0.0030 road=0.0048
[ROMA step 4,324,589,568] sps=756,201  policy_loss=0.0028  value_loss=2.1729  mi_loss=0.0017  mi_valid=0.81  div_loss=-0.1777  kl_loss=0.0000 (disabled)  score=0.566  return=-0.504  role_std=8.4338  role_norm=43.4912  enc_delta ego=0.0032 partner=0.0027 road=0.0046
[ROMA step 4,325,376,000] sps=753,388  policy_loss=-0.0001  value_loss=2.1892  mi_loss=0.0017  mi_valid=0.81  div_loss=-0.1816  kl_loss=0.0000 (disabled)  score=0.565  return=-0.509  role_std=7.6476  role_norm=45.3289  enc_delta ego=0.0028 partner=0.0026 road=0.0041
[ROMA step 4,326,162,432] sps=752,185  policy_loss=0.0039  value_loss=1.6219  mi_loss=0.0016  mi_valid=0.81  div_loss=-0.1582  kl_loss=0.0000 (disabled)  score=0.565  return=-0.505  role_std=6.9663  role_norm=45.3676  enc_delta ego=0.0025 partner=0.0037 road=0.0045
[ROMA step 4,326,948,864] sps=750,992  policy_loss=-0.0037  value_loss=1.3288  mi_loss=0.0016  mi_valid=0.81  div_loss=-0.1562  kl_loss=0.0000 (disabled)  score=0.565  return=-0.491  role_std=7.1319  role_norm=45.1656  enc_delta ego=0.0025 partner=0.0022 road=0.0037
[ROMA step 4,327,735,296] sps=748,170  policy_loss=0.0013  value_loss=1.7052  mi_loss=0.0016  mi_valid=0.78  div_loss=-0.1611  kl_loss=0.0000 (disabled)  score=0.567  return=-0.482  role_std=8.4946  role_norm=44.2126  enc_delta ego=0.0027 partner=0.0026 road=0.0039
[ROMA step 4,328,521,728] sps=746,964  policy_loss=0.0021  value_loss=2.1752  mi_loss=0.0017  mi_valid=0.81  div_loss=-0.1816  kl_loss=0.0000 (disabled)  score=0.567  return=-0.482  role_std=7.8992  role_norm=43.3045  enc_delta ego=0.0023 partner=0.0027 road=0.0040
[ROMA step 4,329,308,160] sps=745,797  policy_loss=-0.0035  value_loss=2.1227  mi_loss=0.0017  mi_valid=0.84  div_loss=-0.1758  kl_loss=0.0000 (disabled)  score=0.567  return=-0.482  role_std=7.3395  role_norm=45.7187  enc_delta ego=0.0024 partner=0.0029 road=0.0038
[ROMA step 4,330,094,592] sps=744,619  policy_loss=-0.0030  value_loss=2.0661  mi_loss=0.0017  mi_valid=0.83  div_loss=-0.1826  kl_loss=0.0000 (disabled)  score=0.568  return=-0.480  role_std=7.5476  role_norm=45.6432  enc_delta ego=0.0022 partner=0.0031 road=0.0041
[ROMA step 4,330,881,024] sps=741,900  policy_loss=0.0037  value_loss=2.0182  mi_loss=0.0018  mi_valid=0.78  div_loss=-0.1758  kl_loss=0.0000 (disabled)  score=0.568  return=-0.479  role_std=8.0116  role_norm=45.2453  enc_delta ego=0.0024 partner=0.0028 road=0.0050
[ROMA step 4,331,667,456] sps=740,770  policy_loss=0.0120  value_loss=2.2541  mi_loss=0.0019  mi_valid=0.82  div_loss=-0.1885  kl_loss=0.0000 (disabled)  score=0.567  return=-0.477  role_std=7.5684  role_norm=44.8210  enc_delta ego=0.0032 partner=0.0034 road=0.0053
[ROMA step 4,332,453,888] sps=739,639  policy_loss=0.0046  value_loss=1.4732  mi_loss=0.0019  mi_valid=0.82  div_loss=-0.1719  kl_loss=0.0000 (disabled)  score=0.566  return=-0.477  role_std=7.3787  role_norm=44.6093  enc_delta ego=0.0026 partner=0.0025 road=0.0039
[ROMA step 4,333,240,320] sps=738,520  policy_loss=-0.0051  value_loss=1.9551  mi_loss=0.0017  mi_valid=0.82  div_loss=-0.1807  kl_loss=0.0000 (disabled)  score=0.566  return=-0.483  role_std=8.4123  role_norm=43.7658  enc_delta ego=0.0029 partner=0.0026 road=0.0046
[ROMA step 4,334,026,752] sps=735,807  policy_loss=0.0009  value_loss=2.3208  mi_loss=0.0017  mi_valid=0.83  div_loss=-0.1826  kl_loss=0.0000 (disabled)  score=0.566  return=-0.486  role_std=7.8491  role_norm=45.6378  enc_delta ego=0.0023 partner=0.0030 road=0.0046
[ROMA step 4,334,813,184] sps=734,705  policy_loss=-0.0027  value_loss=1.5307  mi_loss=0.0016  mi_valid=0.81  div_loss=-0.1670  kl_loss=0.0000 (disabled)  score=0.566  return=-0.476  role_std=6.9573  role_norm=45.6004  enc_delta ego=0.0028 partner=0.0033 road=0.0046
[ROMA step 4,335,599,616] sps=733,609  policy_loss=0.0034  value_loss=1.6765  mi_loss=0.0016  mi_valid=0.82  div_loss=-0.1777  kl_loss=0.0000 (disabled)  score=0.566  return=-0.470  role_std=8.0865  role_norm=45.0152  enc_delta ego=0.0027 partner=0.0031 road=0.0046
[ROMA step 4,336,386,048] sps=731,034  policy_loss=-0.0045  value_loss=1.7413  mi_loss=0.0016  mi_valid=0.79  div_loss=-0.1748  kl_loss=0.0000 (disabled)  score=0.565  return=-0.471  role_std=8.2562  role_norm=44.1796  enc_delta ego=0.0027 partner=0.0026 road=0.0035
[ROMA step 4,337,172,480] sps=729,937  policy_loss=-0.0008  value_loss=1.7661  mi_loss=0.0016  mi_valid=0.81  div_loss=-0.1689  kl_loss=0.0000 (disabled)  score=0.565  return=-0.474  role_std=7.4862  role_norm=43.7656  enc_delta ego=0.0029 partner=0.0032 road=0.0042
[ROMA step 4,337,958,912] sps=728,817  policy_loss=-0.0002  value_loss=1.1609  mi_loss=0.0016  mi_valid=0.83  div_loss=-0.1582  kl_loss=0.0000 (disabled)  score=0.565  return=-0.471  role_std=6.5722  role_norm=46.8622  enc_delta ego=0.0029 partner=0.0031 road=0.0048
[ROMA step 4,338,745,344] sps=727,712  policy_loss=-0.0056  value_loss=1.5167  mi_loss=0.0017  mi_valid=0.81  div_loss=-0.1592  kl_loss=0.0000 (disabled)  score=0.564  return=-0.466  role_std=6.5901  role_norm=46.5965  enc_delta ego=0.0026 partner=0.0031 road=0.0044
[ROMA step 4,339,531,776] sps=725,013  policy_loss=-0.0003  value_loss=1.7491  mi_loss=0.0017  mi_valid=0.78  div_loss=-0.1465  kl_loss=0.0000 (disabled)  score=0.564  return=-0.460  role_std=6.8580  role_norm=45.5760  enc_delta ego=0.0026 partner=0.0026 road=0.0047
[ROMA step 4,340,318,208] sps=723,919  policy_loss=0.0026  value_loss=1.4448  mi_loss=0.0018  mi_valid=0.82  div_loss=-0.1465  kl_loss=0.0000 (disabled)  score=0.563  return=-0.454  role_std=6.3375  role_norm=45.5023  enc_delta ego=0.0032 partner=0.0026 road=0.0048
[ROMA step 4,341,104,640] sps=722,825  policy_loss=-0.0014  value_loss=1.3520  mi_loss=0.0017  mi_valid=0.82  div_loss=-0.1455  kl_loss=0.0000 (disabled)  score=0.563  return=-0.449  role_std=6.3907  role_norm=45.4414  enc_delta ego=0.0026 partner=0.0029 road=0.0043
[ROMA step 4,341,891,072] sps=719,973  policy_loss=-0.0009  value_loss=1.6709  mi_loss=0.0017  mi_valid=0.81  div_loss=-0.1592  kl_loss=0.0000 (disabled)  score=0.563  return=-0.446  role_std=7.0495  role_norm=46.1842  enc_delta ego=0.0029 partner=0.0026 road=0.0038
[ROMA step 4,342,677,504] sps=718,907  policy_loss=0.0007  value_loss=1.1242  mi_loss=0.0018  mi_valid=0.82  div_loss=-0.1582  kl_loss=0.0000 (disabled)  score=0.564  return=-0.435  role_std=6.7112  role_norm=46.1106  enc_delta ego=0.0048 partner=0.0030 road=0.0055
[ROMA step 4,343,463,936] sps=717,833  policy_loss=-0.0039  value_loss=1.1433  mi_loss=0.0018  mi_valid=0.81  div_loss=-0.1689  kl_loss=0.0000 (disabled)  score=0.565  return=-0.429  role_std=7.3036  role_norm=46.1296  enc_delta ego=0.0041 partner=0.0035 road=0.0043
[ROMA step 4,344,250,368] sps=716,747  policy_loss=-0.0016  value_loss=1.4660  mi_loss=0.0018  mi_valid=0.82  div_loss=-0.1719  kl_loss=0.0000 (disabled)  score=0.567  return=-0.427  role_std=8.0464  role_norm=45.8457  enc_delta ego=0.0043 partner=0.0029 road=0.0045
[ROMA step 4,345,036,800] sps=714,337  policy_loss=0.0013  value_loss=1.5848  mi_loss=0.0019  mi_valid=0.79  div_loss=-0.1660  kl_loss=0.0000 (disabled)  score=0.568  return=-0.426  role_std=7.8195  role_norm=45.6072  enc_delta ego=0.0026 partner=0.0028 road=0.0049
[ROMA step 4,345,823,232] sps=713,291  policy_loss=0.0003  value_loss=1.9657  mi_loss=0.0019  mi_valid=0.83  div_loss=-0.1670  kl_loss=0.0000 (disabled)  score=0.568  return=-0.433  role_std=7.6860  role_norm=44.7377  enc_delta ego=0.0027 partner=0.0030 road=0.0043
[ROMA step 4,346,609,664] sps=712,262  policy_loss=0.0019  value_loss=1.7687  mi_loss=0.0018  mi_valid=0.84  div_loss=-0.1709  kl_loss=0.0000 (disabled)  score=0.568  return=-0.435  role_std=6.8514  role_norm=47.2968  enc_delta ego=0.0028 partner=0.0027 road=0.0041
[ROMA step 4,347,396,096] sps=709,677  policy_loss=-0.0010  value_loss=1.7985  mi_loss=0.0018  mi_valid=0.78  div_loss=-0.1729  kl_loss=0.0000 (disabled)  score=0.570  return=-0.434  role_std=7.1800  role_norm=46.7210  enc_delta ego=0.0032 partner=0.0027 road=0.0042
[ROMA step 4,348,182,528] sps=708,644  policy_loss=-0.0054  value_loss=1.6820  mi_loss=0.0018  mi_valid=0.81  div_loss=-0.1660  kl_loss=0.0000 (disabled)  score=0.572  return=-0.433  role_std=7.9043  role_norm=46.2938  enc_delta ego=0.0027 partner=0.0026 road=0.0047
[ROMA step 4,348,968,960] sps=707,610  policy_loss=0.0018  value_loss=1.5472  mi_loss=0.0018  mi_valid=0.81  div_loss=-0.1641  kl_loss=0.0000 (disabled)  score=0.575  return=-0.431  role_std=7.3033  role_norm=46.1668  enc_delta ego=0.0018 partner=0.0022 road=0.0037
[ROMA step 4,349,755,392] sps=706,584  policy_loss=0.0003  value_loss=1.3758  mi_loss=0.0017  mi_valid=0.81  div_loss=-0.1621  kl_loss=0.0000 (disabled)  score=0.577  return=-0.422  role_std=7.6072  role_norm=45.2969  enc_delta ego=0.0025 partner=0.0024 road=0.0045
[ROMA step 4,350,541,824] sps=703,956  policy_loss=0.0007  value_loss=2.1382  mi_loss=0.0017  mi_valid=0.81  div_loss=-0.1807  kl_loss=0.0000 (disabled)  score=0.578  return=-0.418  role_std=8.5311  role_norm=46.5324  enc_delta ego=0.0025 partner=0.0028 road=0.0047
[ROMA step 4,351,328,256] sps=702,934  policy_loss=0.0023  value_loss=2.0612  mi_loss=0.0017  mi_valid=0.81  div_loss=-0.1807  kl_loss=0.0000 (disabled)  score=0.578  return=-0.413  role_std=7.8127  role_norm=46.5715  enc_delta ego=0.0023 partner=0.0033 road=0.0056
[ROMA step 4,352,114,688] sps=701,919  policy_loss=0.0054  value_loss=1.6862  mi_loss=0.0017  mi_valid=0.81  div_loss=-0.1738  kl_loss=0.0000 (disabled)  score=0.579  return=-0.406  role_std=7.9251  role_norm=45.8138  enc_delta ego=0.0028 partner=0.0032 road=0.0054
[ROMA step 4,352,901,120] sps=699,188  policy_loss=-0.0010  value_loss=1.9707  mi_loss=0.0018  mi_valid=0.78  div_loss=-0.1758  kl_loss=0.0000 (disabled)  score=0.580  return=-0.402  role_std=7.8815  role_norm=44.9053  enc_delta ego=0.0033 partner=0.0028 road=0.0047
[ROMA step 4,353,687,552] sps=698,176  policy_loss=-0.0035  value_loss=1.7213  mi_loss=0.0019  mi_valid=0.81  div_loss=-0.1729  kl_loss=0.0000 (disabled)  score=0.581  return=-0.398  role_std=7.7133  role_norm=44.2659  enc_delta ego=0.0036 partner=0.0031 road=0.0053
[ROMA step 4,354,473,984] sps=697,166  policy_loss=0.0051  value_loss=1.3748  mi_loss=0.0018  mi_valid=0.84  div_loss=-0.1641  kl_loss=0.0000 (disabled)  score=0.582  return=-0.396  role_std=6.4134  role_norm=46.2430  enc_delta ego=0.0033 partner=0.0035 road=0.0054
[ROMA step 4,355,260,416] sps=696,168  policy_loss=0.0043  value_loss=2.2323  mi_loss=0.0018  mi_valid=0.84  div_loss=-0.1895  kl_loss=0.0000 (disabled)  score=0.582  return=-0.402  role_std=7.9644  role_norm=45.5112  enc_delta ego=0.0025 partner=0.0030 road=0.0045
[ROMA step 4,356,046,848] sps=693,723  policy_loss=-0.0036  value_loss=1.6326  mi_loss=0.0018  mi_valid=0.79  div_loss=-0.1621  kl_loss=0.0000 (disabled)  score=0.582  return=-0.398  role_std=7.3200  role_norm=45.1034  enc_delta ego=0.0031 partner=0.0031 road=0.0049
[ROMA step 4,356,833,280] sps=692,745  policy_loss=0.0019  value_loss=1.3917  mi_loss=0.0017  mi_valid=0.81  div_loss=-0.1680  kl_loss=0.0000 (disabled)  score=0.582  return=-0.391  role_std=7.3500  role_norm=45.0142  enc_delta ego=0.0036 partner=0.0032 road=0.0049
[ROMA step 4,357,619,712] sps=691,762  policy_loss=-0.0026  value_loss=1.4147  mi_loss=0.0017  mi_valid=0.82  div_loss=-0.1592  kl_loss=0.0000 (disabled)  score=0.582  return=-0.382  role_std=8.2145  role_norm=45.7153  enc_delta ego=0.0028 partner=0.0029 road=0.0045
[ROMA step 4,358,406,144] sps=689,537  policy_loss=-0.0007  value_loss=1.5844  mi_loss=0.0018  mi_valid=0.82  div_loss=-0.1768  kl_loss=0.0000 (disabled)  score=0.582  return=-0.381  role_std=7.5098  role_norm=45.6371  enc_delta ego=0.0025 partner=0.0027 road=0.0043
[ROMA step 4,359,192,576] sps=688,574  policy_loss=-0.0032  value_loss=2.1042  mi_loss=0.0017  mi_valid=0.84  div_loss=-0.1963  kl_loss=0.0000 (disabled)  score=0.582  return=-0.383  role_std=8.4199  role_norm=47.1512  enc_delta ego=0.0025 partner=0.0029 road=0.0045
[ROMA step 4,359,979,008] sps=687,618  policy_loss=-0.0033  value_loss=1.9336  mi_loss=0.0018  mi_valid=0.81  div_loss=-0.1953  kl_loss=0.0000 (disabled)  score=0.583  return=-0.381  role_std=9.3654  role_norm=47.2471  enc_delta ego=0.0029 partner=0.0030 road=0.0045
[ROMA step 4,360,765,440] sps=686,663  policy_loss=0.0060  value_loss=2.3256  mi_loss=0.0017  mi_valid=0.81  div_loss=-0.2012  kl_loss=0.0000 (disabled)  score=0.585  return=-0.385  role_std=8.8395  role_norm=46.7299  enc_delta ego=0.0029 partner=0.0032 road=0.0044
[ROMA step 4,361,551,872] sps=684,244  policy_loss=0.0046  value_loss=1.8187  mi_loss=0.0020  mi_valid=0.78  div_loss=-0.1797  kl_loss=0.0000 (disabled)  score=0.586  return=-0.376  role_std=8.3432  role_norm=45.7770  enc_delta ego=0.0027 partner=0.0025 road=0.0039
[ROMA step 4,362,338,304] sps=683,284  policy_loss=0.0009  value_loss=1.4697  mi_loss=0.0018  mi_valid=0.81  div_loss=-0.1680  kl_loss=0.0000 (disabled)  score=0.585  return=-0.373  role_std=7.3173  role_norm=45.1417  enc_delta ego=0.0023 partner=0.0024 road=0.0043
[ROMA step 4,363,124,736] sps=682,327  policy_loss=-0.0018  value_loss=1.7919  mi_loss=0.0019  mi_valid=0.84  div_loss=-0.1748  kl_loss=0.0000 (disabled)  score=0.586  return=-0.376  role_std=8.0373  role_norm=47.1360  enc_delta ego=0.0025 partner=0.0027 road=0.0039
[ROMA step 4,363,911,168] sps=681,353  policy_loss=-0.0061  value_loss=2.0561  mi_loss=0.0018  mi_valid=0.82  div_loss=-0.1768  kl_loss=0.0000 (disabled)  score=0.587  return=-0.374  role_std=8.3255  role_norm=46.8034  enc_delta ego=0.0027 partner=0.0034 road=0.0049
[ROMA step 4,364,697,600] sps=679,080  policy_loss=0.0032  value_loss=2.0572  mi_loss=0.0019  mi_valid=0.78  div_loss=-0.1660  kl_loss=0.0000 (disabled)  score=0.587  return=-0.369  role_std=8.2960  role_norm=46.1969  enc_delta ego=0.0024 partner=0.0031 road=0.0046
[ROMA step 4,365,484,032] sps=678,134  policy_loss=-0.0055  value_loss=1.6327  mi_loss=0.0018  mi_valid=0.82  div_loss=-0.1504  kl_loss=0.0000 (disabled)  score=0.586  return=-0.368  role_std=7.4393  role_norm=46.4710  enc_delta ego=0.0029 partner=0.0027 road=0.0050
[ROMA step 4,366,270,464] sps=677,203  policy_loss=0.0027  value_loss=1.4066  mi_loss=0.0019  mi_valid=0.82  div_loss=-0.1504  kl_loss=0.0000 (disabled)  score=0.585  return=-0.372  role_std=7.5432  role_norm=46.1320  enc_delta ego=0.0023 partner=0.0025 road=0.0039
[ROMA step 4,367,056,896] sps=675,070  policy_loss=0.0026  value_loss=1.2019  mi_loss=0.0018  mi_valid=0.82  div_loss=-0.1377  kl_loss=0.0000 (disabled)  score=0.584  return=-0.371  role_std=6.0079  role_norm=47.9792  enc_delta ego=0.0015 partner=0.0020 road=0.0035
[ROMA step 4,367,843,328] sps=674,142  policy_loss=0.0058  value_loss=1.6235  mi_loss=0.0024  mi_valid=0.83  div_loss=-0.1543  kl_loss=0.0000 (disabled)  score=0.584  return=-0.364  role_std=6.4546  role_norm=48.5784  enc_delta ego=0.0024 partner=0.0031 road=0.0043
[ROMA step 4,368,629,760] sps=673,218  policy_loss=0.0044  value_loss=1.2602  mi_loss=0.0023  mi_valid=0.81  div_loss=-0.1475  kl_loss=0.0000 (disabled)  score=0.585  return=-0.358  role_std=5.7642  role_norm=48.0722  enc_delta ego=0.0024 partner=0.0030 road=0.0041
[ROMA step 4,369,416,192] sps=672,303  policy_loss=-0.0010  value_loss=1.1779  mi_loss=0.0020  mi_valid=0.81  div_loss=-0.1582  kl_loss=0.0000 (disabled)  score=0.586  return=-0.350  role_std=7.2866  role_norm=46.9584  enc_delta ego=0.0027 partner=0.0035 road=0.0052
[ROMA step 4,370,202,624] sps=669,868  policy_loss=0.0030  value_loss=2.1138  mi_loss=0.0018  mi_valid=0.78  div_loss=-0.1758  kl_loss=0.0000 (disabled)  score=0.587  return=-0.358  role_std=8.1922  role_norm=45.2191  enc_delta ego=0.0031 partner=0.0031 road=0.0055
[ROMA step 4,370,989,056] sps=668,911  policy_loss=0.0051  value_loss=1.6015  mi_loss=0.0017  mi_valid=0.82  div_loss=-0.1689  kl_loss=0.0000 (disabled)  score=0.587  return=-0.365  role_std=7.8298  role_norm=44.0296  enc_delta ego=0.0023 partner=0.0028 road=0.0039
[ROMA step 4,371,775,488] sps=667,984  policy_loss=0.0044  value_loss=2.3943  mi_loss=0.0017  mi_valid=0.84  div_loss=-0.1875  kl_loss=0.0000 (disabled)  score=0.586  return=-0.374  role_std=8.4358  role_norm=47.3518  enc_delta ego=0.0022 partner=0.0027 road=0.0041
[ROMA step 4,372,561,920] sps=665,703  policy_loss=-0.0028  value_loss=2.6492  mi_loss=0.0017  mi_valid=0.79  div_loss=-0.1816  kl_loss=0.0000 (disabled)  score=0.586  return=-0.381  role_std=8.7091  role_norm=46.7043  enc_delta ego=0.0035 partner=0.0029 road=0.0051
[ROMA step 4,373,348,352] sps=664,799  policy_loss=-0.0031  value_loss=1.7974  mi_loss=0.0018  mi_valid=0.81  div_loss=-0.1719  kl_loss=0.0000 (disabled)  score=0.585  return=-0.382  role_std=7.5139  role_norm=46.3839  enc_delta ego=0.0024 partner=0.0028 road=0.0050
[ROMA step 4,374,134,784] sps=663,903  policy_loss=0.0033  value_loss=1.4602  mi_loss=0.0018  mi_valid=0.82  div_loss=-0.1602  kl_loss=0.0000 (disabled)  score=0.583  return=-0.377  role_std=7.7946  role_norm=45.8491  enc_delta ego=0.0027 partner=0.0024 road=0.0039
[ROMA step 4,374,921,216] sps=663,009  policy_loss=-0.0020  value_loss=1.2613  mi_loss=0.0018  mi_valid=0.82  div_loss=-0.1592  kl_loss=0.0000 (disabled)  score=0.581  return=-0.376  role_std=7.5252  role_norm=45.8534  enc_delta ego=0.0030 partner=0.0027 road=0.0052
[ROMA step 4,375,707,648] sps=660,867  policy_loss=0.0008  value_loss=1.6664  mi_loss=0.0018  mi_valid=0.81  div_loss=-0.1709  kl_loss=0.0000 (disabled)  score=0.581  return=-0.375  role_std=7.8553  role_norm=47.6326  enc_delta ego=0.0027 partner=0.0030 road=0.0042
[ROMA step 4,376,494,080] sps=659,977  policy_loss=0.0066  value_loss=2.4053  mi_loss=0.0017  mi_valid=0.81  div_loss=-0.1855  kl_loss=0.0000 (disabled)  score=0.581  return=-0.378  role_std=8.2354  role_norm=47.3659  enc_delta ego=0.0026 partner=0.0032 road=0.0051
[ROMA step 4,377,280,512] sps=659,098  policy_loss=0.0034  value_loss=2.2919  mi_loss=0.0017  mi_valid=0.81  div_loss=-0.1934  kl_loss=0.0000 (disabled)  score=0.581  return=-0.385  role_std=8.7767  role_norm=46.8208  enc_delta ego=0.0021 partner=0.0030 road=0.0051
[ROMA step 4,378,066,944] sps=656,725  policy_loss=0.0078  value_loss=2.0239  mi_loss=0.0018  mi_valid=0.79  div_loss=-0.1719  kl_loss=0.0000 (disabled)  score=0.580  return=-0.387  role_std=8.2978  role_norm=46.0444  enc_delta ego=0.0027 partner=0.0032 road=0.0047
[ROMA step 4,378,853,376] sps=655,847  policy_loss=0.0018  value_loss=1.4818  mi_loss=0.0019  mi_valid=0.82  div_loss=-0.1621  kl_loss=0.0000 (disabled)  score=0.578  return=-0.383  role_std=7.3832  role_norm=46.0479  enc_delta ego=0.0024 partner=0.0028 road=0.0034
[ROMA step 4,379,639,808] sps=654,984  policy_loss=-0.0016  value_loss=1.6692  mi_loss=0.0017  mi_valid=0.84  div_loss=-0.1738  kl_loss=0.0000 (disabled)  score=0.578  return=-0.384  role_std=7.0617  role_norm=44.7609  enc_delta ego=0.0027 partner=0.0026 road=0.0043
[ROMA step 4,380,426,240] sps=654,124  policy_loss=-0.0007  value_loss=1.9353  mi_loss=0.0017  mi_valid=0.84  div_loss=-0.1807  kl_loss=0.0000 (disabled)  score=0.577  return=-0.384  role_std=8.8638  role_norm=47.7378  enc_delta ego=0.0023 partner=0.0030 road=0.0038
[ROMA step 4,381,212,672] sps=651,887  policy_loss=-0.0058  value_loss=2.0083  mi_loss=0.0016  mi_valid=0.79  div_loss=-0.1826  kl_loss=0.0000 (disabled)  score=0.576  return=-0.387  role_std=8.5061  role_norm=47.0093  enc_delta ego=0.0034 partner=0.0033 road=0.0055
[ROMA step 4,381,999,104] sps=651,008  policy_loss=-0.0003  value_loss=1.7752  mi_loss=0.0018  mi_valid=0.82  div_loss=-0.1641  kl_loss=0.0000 (disabled)  score=0.574  return=-0.389  role_std=7.5281  role_norm=47.4206  enc_delta ego=0.0027 partner=0.0026 road=0.0044
[ROMA step 4,382,785,536] sps=650,117  policy_loss=0.0042  value_loss=1.7256  mi_loss=0.0017  mi_valid=0.82  div_loss=-0.1699  kl_loss=0.0000 (disabled)  score=0.572  return=-0.395  role_std=7.3233  role_norm=47.3738  enc_delta ego=0.0034 partner=0.0030 road=0.0042
[ROMA step 4,383,571,968] sps=647,996  policy_loss=0.0009  value_loss=1.5445  mi_loss=0.0018  mi_valid=0.81  div_loss=-0.1670  kl_loss=0.0000 (disabled)  score=0.569  return=-0.395  role_std=7.1826  role_norm=44.7252  enc_delta ego=0.0034 partner=0.0028 road=0.0040
[ROMA step 4,384,358,400] sps=647,113  policy_loss=-0.0040  value_loss=1.1232  mi_loss=0.0017  mi_valid=0.85  div_loss=-0.1514  kl_loss=0.0000 (disabled)  score=0.568  return=-0.395  role_std=6.6714  role_norm=49.6726  enc_delta ego=0.0021 partner=0.0031 road=0.0048
[ROMA step 4,385,144,832] sps=646,231  policy_loss=0.0022  value_loss=1.5830  mi_loss=0.0015  mi_valid=0.82  div_loss=-0.1602  kl_loss=0.0000 (disabled)  score=0.566  return=-0.393  role_std=7.4148  role_norm=49.2344  enc_delta ego=0.0026 partner=0.0031 road=0.0045
[ROMA step 4,385,931,264] sps=645,359  policy_loss=-0.0033  value_loss=1.1655  mi_loss=0.0016  mi_valid=0.81  div_loss=-0.1484  kl_loss=0.0000 (disabled)  score=0.565  return=-0.389  role_std=7.2857  role_norm=49.1737  enc_delta ego=0.0017 partner=0.0029 road=0.0041
[ROMA step 4,386,717,696] sps=643,301  policy_loss=0.0008  value_loss=1.4631  mi_loss=0.0017  mi_valid=0.79  div_loss=-0.1602  kl_loss=0.0000 (disabled)  score=0.564  return=-0.384  role_std=7.2437  role_norm=47.8058  enc_delta ego=0.0028 partner=0.0028 road=0.0042
[ROMA step 4,387,504,128] sps=642,459  policy_loss=-0.0083  value_loss=1.1421  mi_loss=0.0017  mi_valid=0.82  div_loss=-0.1553  kl_loss=0.0000 (disabled)  score=0.563  return=-0.377  role_std=7.9299  role_norm=46.8773  enc_delta ego=0.0026 partner=0.0020 road=0.0032
[ROMA step 4,388,290,560] sps=641,618  policy_loss=-0.0016  value_loss=1.0832  mi_loss=0.0018  mi_valid=0.84  div_loss=-0.1631  kl_loss=0.0000 (disabled)  score=0.562  return=-0.373  role_std=6.5034  role_norm=49.4143  enc_delta ego=0.0022 partner=0.0026 road=0.0043
[ROMA step 4,389,076,992] sps=640,790  policy_loss=0.0040  value_loss=1.1958  mi_loss=0.0020  mi_valid=0.83  div_loss=-0.1641  kl_loss=0.0000 (disabled)  score=0.561  return=-0.365  role_std=7.2819  role_norm=48.6409  enc_delta ego=0.0031 partner=0.0026 road=0.0048
[ROMA step 4,389,863,424] sps=638,837  policy_loss=0.0052  value_loss=0.9855  mi_loss=0.0018  mi_valid=0.79  div_loss=-0.1699  kl_loss=0.0000 (disabled)  score=0.561  return=-0.353  role_std=8.0050  role_norm=47.7114  enc_delta ego=0.0026 partner=0.0035 road=0.0056
[ROMA step 4,390,649,856] sps=638,016  policy_loss=0.0084  value_loss=1.3047  mi_loss=0.0018  mi_valid=0.81  div_loss=-0.1689  kl_loss=0.0000 (disabled)  score=0.561  return=-0.349  role_std=7.9514  role_norm=46.9124  enc_delta ego=0.0026 partner=0.0031 road=0.0046
[ROMA step 4,391,436,288] sps=637,183  policy_loss=-0.0027  value_loss=1.2957  mi_loss=0.0018  mi_valid=0.81  div_loss=-0.1719  kl_loss=0.0000 (disabled)  score=0.562  return=-0.337  role_std=8.3224  role_norm=46.3565  enc_delta ego=0.0030 partner=0.0029 road=0.0041
[ROMA step 4,392,222,720] sps=634,828  policy_loss=-0.0008  value_loss=1.2901  mi_loss=0.0017  mi_valid=0.81  div_loss=-0.1611  kl_loss=0.0000 (disabled)  score=0.562  return=-0.329  role_std=6.9328  role_norm=49.2378  enc_delta ego=0.0028 partner=0.0029 road=0.0044
[ROMA step 4,393,009,152] sps=634,015  policy_loss=-0.0034  value_loss=1.6652  mi_loss=0.0018  mi_valid=0.83  div_loss=-0.1689  kl_loss=0.0000 (disabled)  score=0.562  return=-0.335  role_std=7.7415  role_norm=49.1667  enc_delta ego=0.0037 partner=0.0032 road=0.0048
[ROMA step 4,393,795,584] sps=633,198  policy_loss=0.0047  value_loss=1.7908  mi_loss=0.0018  mi_valid=0.81  div_loss=-0.1611  kl_loss=0.0000 (disabled)  score=0.562  return=-0.337  role_std=7.7245  role_norm=49.4142  enc_delta ego=0.0028 partner=0.0031 road=0.0047
[ROMA step 4,394,582,016] sps=632,397  policy_loss=0.0034  value_loss=1.5327  mi_loss=0.0018  mi_valid=0.81  div_loss=-0.1611  kl_loss=0.0000 (disabled)  score=0.563  return=-0.340  role_std=7.2656  role_norm=49.5778  enc_delta ego=0.0020 partner=0.0029 road=0.0038
[ROMA step 4,395,368,448] sps=630,193  policy_loss=0.0006  value_loss=1.5212  mi_loss=0.0019  mi_valid=0.78  div_loss=-0.1553  kl_loss=0.0000 (disabled)  score=0.563  return=-0.341  role_std=8.7110  role_norm=48.4984  enc_delta ego=0.0027 partner=0.0035 road=0.0043
[ROMA step 4,396,154,880] sps=629,401  policy_loss=0.0046  value_loss=1.8573  mi_loss=0.0019  mi_valid=0.81  div_loss=-0.1562  kl_loss=0.0000 (disabled)  score=0.563  return=-0.348  role_std=7.6327  role_norm=47.7280  enc_delta ego=0.0026 partner=0.0030 road=0.0049
[ROMA step 4,396,941,312] sps=628,596  policy_loss=0.0011  value_loss=1.6024  mi_loss=0.0019  mi_valid=0.84  div_loss=-0.1650  kl_loss=0.0000 (disabled)  score=0.562  return=-0.358  role_std=5.7403  role_norm=49.6500  enc_delta ego=0.0026 partner=0.0030 road=0.0040
[ROMA step 4,397,727,744] sps=626,567  policy_loss=0.0004  value_loss=2.1935  mi_loss=0.0019  mi_valid=0.79  div_loss=-0.1689  kl_loss=0.0000 (disabled)  score=0.562  return=-0.361  role_std=7.0318  role_norm=48.7364  enc_delta ego=0.0023 partner=0.0031 road=0.0040
[ROMA step 4,398,514,176] sps=625,786  policy_loss=0.0106  value_loss=1.5019  mi_loss=0.0018  mi_valid=0.81  div_loss=-0.1504  kl_loss=0.0000 (disabled)  score=0.563  return=-0.347  role_std=7.6723  role_norm=48.5331  enc_delta ego=0.0027 partner=0.0032 road=0.0046
[ROMA step 4,399,300,608] sps=624,982  policy_loss=-0.0005  value_loss=1.1038  mi_loss=0.0020  mi_valid=0.81  div_loss=-0.1436  kl_loss=0.0000 (disabled)  score=0.564  return=-0.340  role_std=7.2499  role_norm=47.6538  enc_delta ego=0.0024 partner=0.0026 road=0.0041
[ROMA step 4,400,087,040] sps=624,188  policy_loss=-0.0011  value_loss=1.0005  mi_loss=0.0019  mi_valid=0.81  div_loss=-0.1387  kl_loss=0.0000 (disabled)  score=0.565  return=-0.321  role_std=6.4987  role_norm=46.9904  enc_delta ego=0.0025 partner=0.0023 road=0.0048
[ROMA step 4,400,873,472] sps=622,084  policy_loss=0.0016  value_loss=1.4547  mi_loss=0.0019  mi_valid=0.81  div_loss=-0.1475  kl_loss=0.0000 (disabled)  score=0.566  return=-0.311  role_std=7.0171  role_norm=49.4310  enc_delta ego=0.0032 partner=0.0034 road=0.0040
[ROMA step 4,401,659,904] sps=621,288  policy_loss=0.0025  value_loss=1.4662  mi_loss=0.0018  mi_valid=0.82  div_loss=-0.1543  kl_loss=0.0000 (disabled)  score=0.567  return=-0.308  role_std=6.8707  role_norm=49.6214  enc_delta ego=0.0031 partner=0.0022 road=0.0035
[ROMA step 4,402,446,336] sps=620,501  policy_loss=-0.0011  value_loss=1.2915  mi_loss=0.0019  mi_valid=0.81  div_loss=-0.1582  kl_loss=0.0000 (disabled)  score=0.567  return=-0.306  role_std=6.9432  role_norm=48.9722  enc_delta ego=0.0025 partner=0.0022 road=0.0036
[ROMA step 4,403,232,768] sps=618,360  policy_loss=-0.0004  value_loss=1.5703  mi_loss=0.0019  mi_valid=0.78  div_loss=-0.1641  kl_loss=0.0000 (disabled)  score=0.568  return=-0.306  role_std=9.4751  role_norm=47.3840  enc_delta ego=0.0028 partner=0.0030 road=0.0051
[ROMA step 4,404,019,200] sps=617,594  policy_loss=0.0036  value_loss=1.7074  mi_loss=0.0018  mi_valid=0.81  div_loss=-0.1826  kl_loss=0.0000 (disabled)  score=0.567  return=-0.305  role_std=7.9265  role_norm=46.7050  enc_delta ego=0.0022 partner=0.0026 road=0.0042
[ROMA step 4,404,805,632] sps=616,822  policy_loss=0.0077  value_loss=2.1181  mi_loss=0.0018  mi_valid=0.83  div_loss=-0.1816  kl_loss=0.0000 (disabled)  score=0.565  return=-0.310  role_std=7.1329  role_norm=45.6676  enc_delta ego=0.0024 partner=0.0030 road=0.0048
[ROMA step 4,405,592,064] sps=616,052  policy_loss=-0.0013  value_loss=1.8137  mi_loss=0.0018  mi_valid=0.84  div_loss=-0.1816  kl_loss=0.0000 (disabled)  score=0.565  return=-0.309  role_std=7.3953  role_norm=48.3136  enc_delta ego=0.0024 partner=0.0025 road=0.0040
[ROMA step 4,406,378,496] sps=613,941  policy_loss=0.0021  value_loss=1.7003  mi_loss=0.0019  mi_valid=0.78  div_loss=-0.1758  kl_loss=0.0000 (disabled)  score=0.565  return=-0.310  role_std=8.1519  role_norm=48.2776  enc_delta ego=0.0024 partner=0.0025 road=0.0049
[ROMA step 4,407,164,928] sps=613,178  policy_loss=0.0090  value_loss=1.6072  mi_loss=0.0018  mi_valid=0.81  div_loss=-0.1719  kl_loss=0.0000 (disabled)  score=0.566  return=-0.309  role_std=8.8403  role_norm=48.0144  enc_delta ego=0.0023 partner=0.0028 road=0.0048
[ROMA step 4,407,951,360] sps=612,425  policy_loss=-0.0004  value_loss=1.8116  mi_loss=0.0018  mi_valid=0.81  div_loss=-0.1699  kl_loss=0.0000 (disabled)  score=0.566  return=-0.309  role_std=8.3834  role_norm=47.5478  enc_delta ego=0.0026 partner=0.0026 road=0.0043
[ROMA step 4,408,737,792] sps=610,442  policy_loss=0.0004  value_loss=1.3856  mi_loss=0.0019  mi_valid=0.80  div_loss=-0.1611  kl_loss=0.0000 (disabled)  score=0.567  return=-0.305  role_std=7.3047  role_norm=47.0910  enc_delta ego=0.0027 partner=0.0023 road=0.0041
[ROMA step 4,409,524,224] sps=609,699  policy_loss=0.0017  value_loss=1.1825  mi_loss=0.0019  mi_valid=0.84  div_loss=-0.1553  kl_loss=0.0000 (disabled)  score=0.568  return=-0.299  role_std=6.4484  role_norm=50.1968  enc_delta ego=0.0031 partner=0.0034 road=0.0050
[ROMA step 4,410,310,656] sps=608,937  policy_loss=0.0034  value_loss=1.2329  mi_loss=0.0019  mi_valid=0.81  div_loss=-0.1641  kl_loss=0.0000 (disabled)  score=0.571  return=-0.292  role_std=8.6689  role_norm=48.8145  enc_delta ego=0.0024 partner=0.0027 road=0.0041
[ROMA step 4,411,097,088] sps=608,180  policy_loss=-0.0008  value_loss=1.1069  mi_loss=0.0017  mi_valid=0.81  div_loss=-0.1660  kl_loss=0.0000 (disabled)  score=0.574  return=-0.286  role_std=7.9087  role_norm=48.2134  enc_delta ego=0.0033 partner=0.0034 road=0.0055
[ROMA step 4,411,883,520] sps=606,129  policy_loss=0.0033  value_loss=1.2114  mi_loss=0.0019  mi_valid=0.78  div_loss=-0.1660  kl_loss=0.0000 (disabled)  score=0.578  return=-0.279  role_std=7.5570  role_norm=46.5967  enc_delta ego=0.0029 partner=0.0028 road=0.0048
[ROMA step 4,412,669,952] sps=605,397  policy_loss=0.0026  value_loss=1.1787  mi_loss=0.0018  mi_valid=0.81  div_loss=-0.1602  kl_loss=0.0000 (disabled)  score=0.582  return=-0.274  role_std=8.1585  role_norm=46.4124  enc_delta ego=0.0023 partner=0.0026 road=0.0038
[ROMA step 4,413,456,384] sps=604,672  policy_loss=0.0020  value_loss=1.2609  mi_loss=0.0018  mi_valid=0.83  div_loss=-0.1650  kl_loss=0.0000 (disabled)  score=0.585  return=-0.272  role_std=7.0972  role_norm=48.6143  enc_delta ego=0.0027 partner=0.0027 road=0.0051
[ROMA step 4,414,242,816] sps=603,947  policy_loss=0.0025  value_loss=1.7552  mi_loss=0.0018  mi_valid=0.83  div_loss=-0.1758  kl_loss=0.0000 (disabled)  score=0.587  return=-0.275  role_std=7.6940  role_norm=48.7493  enc_delta ego=0.0030 partner=0.0026 road=0.0046
[ROMA step 4,415,029,248] sps=601,959  policy_loss=-0.0028  value_loss=2.1030  mi_loss=0.0020  mi_valid=0.78  div_loss=-0.1758  kl_loss=0.0000 (disabled)  score=0.590  return=-0.280  role_std=8.5922  role_norm=48.1560  enc_delta ego=0.0036 partner=0.0035 road=0.0060
[ROMA step 4,415,815,680] sps=601,230  policy_loss=0.0005  value_loss=1.4841  mi_loss=0.0017  mi_valid=0.81  div_loss=-0.1650  kl_loss=0.0000 (disabled)  score=0.592  return=-0.276  role_std=7.6224  role_norm=48.0993  enc_delta ego=0.0023 partner=0.0030 road=0.0050
[ROMA step 4,416,602,112] sps=600,479  policy_loss=0.0017  value_loss=1.4505  mi_loss=0.0017  mi_valid=0.81  div_loss=-0.1660  kl_loss=0.0000 (disabled)  score=0.593  return=-0.276  role_std=7.4414  role_norm=47.5652  enc_delta ego=0.0029 partner=0.0036 road=0.0049
[ROMA step 4,417,388,544] sps=598,539  policy_loss=0.0043  value_loss=1.4138  mi_loss=0.0017  mi_valid=0.81  div_loss=-0.1650  kl_loss=0.0000 (disabled)  score=0.595  return=-0.276  role_std=7.0836  role_norm=50.1549  enc_delta ego=0.0026 partner=0.0025 road=0.0040
[ROMA step 4,418,174,976] sps=597,829  policy_loss=0.0079  value_loss=1.4667  mi_loss=0.0018  mi_valid=0.84  div_loss=-0.1641  kl_loss=0.0000 (disabled)  score=0.596  return=-0.280  role_std=7.3180  role_norm=49.7360  enc_delta ego=0.0032 partner=0.0028 road=0.0040
[ROMA step 4,418,961,408] sps=597,120  policy_loss=0.0023  value_loss=1.3883  mi_loss=0.0018  mi_valid=0.81  div_loss=-0.1592  kl_loss=0.0000 (disabled)  score=0.596  return=-0.280  role_std=7.8952  role_norm=49.0484  enc_delta ego=0.0038 partner=0.0028 road=0.0043
[ROMA step 4,419,747,840] sps=596,415  policy_loss=0.0048  value_loss=1.2064  mi_loss=0.0018  mi_valid=0.81  div_loss=-0.1709  kl_loss=0.0000 (disabled)  score=0.596  return=-0.284  role_std=7.8290  role_norm=48.4568  enc_delta ego=0.0028 partner=0.0029 road=0.0041
[ROMA step 4,420,534,272] sps=594,489  policy_loss=0.0052  value_loss=1.9157  mi_loss=0.0018  mi_valid=0.79  div_loss=-0.1826  kl_loss=0.0000 (disabled)  score=0.595  return=-0.287  role_std=9.4274  role_norm=47.0086  enc_delta ego=0.0022 partner=0.0022 road=0.0035
[ROMA step 4,421,320,704] sps=593,784  policy_loss=-0.0047  value_loss=1.6788  mi_loss=0.0017  mi_valid=0.82  div_loss=-0.1826  kl_loss=0.0000 (disabled)  score=0.595  return=-0.288  role_std=9.0226  role_norm=46.5956  enc_delta ego=0.0027 partner=0.0034 road=0.0047
[ROMA step 4,422,107,136] sps=593,082  policy_loss=0.0037  value_loss=1.7083  mi_loss=0.0017  mi_valid=0.84  div_loss=-0.1787  kl_loss=0.0000 (disabled)  score=0.594  return=-0.292  role_std=7.9328  role_norm=49.2560  enc_delta ego=0.0023 partner=0.0030 road=0.0038
[ROMA step 4,422,893,568] sps=591,323  policy_loss=0.0005  value_loss=2.1055  mi_loss=0.0018  mi_valid=0.80  div_loss=-0.1768  kl_loss=0.0000 (disabled)  score=0.593  return=-0.297  role_std=8.5757  role_norm=48.4840  enc_delta ego=0.0035 partner=0.0033 road=0.0052
[ROMA step 4,423,680,000] sps=590,636  policy_loss=0.0049  value_loss=1.2766  mi_loss=0.0017  mi_valid=0.82  div_loss=-0.1699  kl_loss=0.0000 (disabled)  score=0.591  return=-0.301  role_std=7.6568  role_norm=48.5029  enc_delta ego=0.0041 partner=0.0030 road=0.0045
[ROMA step 4,424,466,432] sps=589,951  policy_loss=-0.0048  value_loss=1.2068  mi_loss=0.0017  mi_valid=0.82  div_loss=-0.1699  kl_loss=0.0000 (disabled)  score=0.589  return=-0.303  role_std=8.4926  role_norm=47.6717  enc_delta ego=0.0024 partner=0.0023 road=0.0040
[ROMA step 4,425,252,864] sps=589,270  policy_loss=-0.0008  value_loss=1.2358  mi_loss=0.0018  mi_valid=0.82  div_loss=-0.1660  kl_loss=0.0000 (disabled)  score=0.587  return=-0.302  role_std=7.5525  role_norm=47.9552  enc_delta ego=0.0029 partner=0.0027 road=0.0044
[ROMA step 4,426,039,296] sps=587,468  policy_loss=0.0047  value_loss=1.5007  mi_loss=0.0017  mi_valid=0.82  div_loss=-0.1650  kl_loss=0.0000 (disabled)  score=0.585  return=-0.303  role_std=7.3857  role_norm=49.9840  enc_delta ego=0.0024 partner=0.0029 road=0.0043
[ROMA step 4,426,825,728] sps=586,795  policy_loss=0.0008  value_loss=1.2394  mi_loss=0.0016  mi_valid=0.83  div_loss=-0.1719  kl_loss=0.0000 (disabled)  score=0.583  return=-0.304  role_std=7.5184  role_norm=50.1217  enc_delta ego=0.0017 partner=0.0024 road=0.0036
[ROMA step 4,427,612,160] sps=586,109  policy_loss=-0.0037  value_loss=1.0420  mi_loss=0.0017  mi_valid=0.81  div_loss=-0.1699  kl_loss=0.0000 (disabled)  score=0.582  return=-0.308  role_std=8.7354  role_norm=49.0868  enc_delta ego=0.0019 partner=0.0026 road=0.0048
[ROMA step 4,428,398,592] sps=584,064  policy_loss=-0.0043  value_loss=1.1616  mi_loss=0.0017  mi_valid=0.78  div_loss=-0.1592  kl_loss=0.0000 (disabled)  score=0.581  return=-0.310  role_std=7.8032  role_norm=48.6790  enc_delta ego=0.0023 partner=0.0027 road=0.0044
[ROMA step 4,429,185,024] sps=583,383  policy_loss=0.0066  value_loss=1.6572  mi_loss=0.0018  mi_valid=0.82  div_loss=-0.1602  kl_loss=0.0000 (disabled)  score=0.580  return=-0.313  role_std=8.3176  role_norm=48.4874  enc_delta ego=0.0026 partner=0.0030 road=0.0047
[ROMA step 4,429,971,456] sps=582,711  policy_loss=0.0017  value_loss=0.9942  mi_loss=0.0021  mi_valid=0.83  div_loss=-0.1455  kl_loss=0.0000 (disabled)  score=0.577  return=-0.314  role_std=7.3066  role_norm=47.9514  enc_delta ego=0.0023 partner=0.0034 road=0.0050
[ROMA step 4,430,757,888] sps=582,037  policy_loss=0.0056  value_loss=1.4853  mi_loss=0.0019  mi_valid=0.85  div_loss=-0.1611  kl_loss=0.0000 (disabled)  score=0.576  return=-0.318  role_std=7.5533  role_norm=49.9918  enc_delta ego=0.0036 partner=0.0024 road=0.0044
[ROMA step 4,431,544,320] sps=580,252  policy_loss=0.0080  value_loss=2.0665  mi_loss=0.0019  mi_valid=0.79  div_loss=-0.1729  kl_loss=0.0000 (disabled)  score=0.574  return=-0.318  role_std=9.1240  role_norm=49.0621  enc_delta ego=0.0029 partner=0.0023 road=0.0039
[ROMA step 4,432,330,752] sps=579,590  policy_loss=0.0080  value_loss=2.9501  mi_loss=0.0020  mi_valid=0.82  div_loss=-0.1992  kl_loss=0.0000 (disabled)  score=0.573  return=-0.323  role_std=10.2460  role_norm=48.0998  enc_delta ego=0.0033 partner=0.0028 road=0.0048
[ROMA step 4,433,117,184] sps=578,931  policy_loss=-0.0022  value_loss=1.8184  mi_loss=0.0019  mi_valid=0.82  div_loss=-0.1885  kl_loss=0.0000 (disabled)  score=0.572  return=-0.321  role_std=9.2431  role_norm=47.8553  enc_delta ego=0.0038 partner=0.0036 road=0.0052
[ROMA step 4,433,903,616] sps=577,322  policy_loss=0.0028  value_loss=2.1860  mi_loss=0.0019  mi_valid=0.80  div_loss=-0.1943  kl_loss=0.0000 (disabled)  score=0.571  return=-0.327  role_std=9.1429  role_norm=45.7539  enc_delta ego=0.0037 partner=0.0029 road=0.0048
[ROMA step 4,434,690,048] sps=576,673  policy_loss=0.0043  value_loss=1.6603  mi_loss=0.0020  mi_valid=0.85  div_loss=-0.1924  kl_loss=0.0000 (disabled)  score=0.570  return=-0.329  role_std=8.0968  role_norm=49.3538  enc_delta ego=0.0029 partner=0.0027 road=0.0046
[ROMA step 4,435,476,480] sps=576,034  policy_loss=-0.0033  value_loss=1.9495  mi_loss=0.0018  mi_valid=0.82  div_loss=-0.1973  kl_loss=0.0000 (disabled)  score=0.569  return=-0.336  role_std=9.0512  role_norm=49.3402  enc_delta ego=0.0026 partner=0.0028 road=0.0045
[ROMA step 4,436,262,912] sps=575,392  policy_loss=-0.0061  value_loss=1.7907  mi_loss=0.0019  mi_valid=0.82  div_loss=-0.1953  kl_loss=0.0000 (disabled)  score=0.568  return=-0.336  role_std=9.4121  role_norm=48.7884  enc_delta ego=0.0026 partner=0.0030 road=0.0038
[ROMA step 4,437,049,344] sps=573,684  policy_loss=0.0065  value_loss=2.2223  mi_loss=0.0020  mi_valid=0.79  div_loss=-0.1934  kl_loss=0.0000 (disabled)  score=0.567  return=-0.347  role_std=9.7205  role_norm=48.1654  enc_delta ego=0.0032 partner=0.0028 road=0.0042
[ROMA step 4,437,835,776] sps=573,035  policy_loss=-0.0005  value_loss=1.9456  mi_loss=0.0019  mi_valid=0.82  div_loss=-0.1865  kl_loss=0.0000 (disabled)  score=0.565  return=-0.356  role_std=9.0284  role_norm=47.7011  enc_delta ego=0.0025 partner=0.0033 road=0.0041
[ROMA step 4,438,622,208] sps=572,388  policy_loss=-0.0048  value_loss=1.6651  mi_loss=0.0018  mi_valid=0.84  div_loss=-0.1797  kl_loss=0.0000 (disabled)  score=0.563  return=-0.364  role_std=8.4679  role_norm=46.5194  enc_delta ego=0.0034 partner=0.0032 road=0.0041
[ROMA step 4,439,408,640] sps=571,740  policy_loss=0.0020  value_loss=1.3993  mi_loss=0.0020  mi_valid=0.84  div_loss=-0.1611  kl_loss=0.0000 (disabled)  score=0.562  return=-0.365  role_std=8.0676  role_norm=51.2307  enc_delta ego=0.0024 partner=0.0027 road=0.0035
[ROMA step 4,440,195,072] sps=570,036  policy_loss=-0.0019  value_loss=2.3038  mi_loss=0.0020  mi_valid=0.78  div_loss=-0.1836  kl_loss=0.0000 (disabled)  score=0.560  return=-0.375  role_std=9.8878  role_norm=51.1709  enc_delta ego=0.0047 partner=0.0034 road=0.0055
[ROMA step 4,440,981,504] sps=569,408  policy_loss=-0.0002  value_loss=1.7634  mi_loss=0.0021  mi_valid=0.81  div_loss=-0.1719  kl_loss=0.0000 (disabled)  score=0.558  return=-0.384  role_std=9.8846  role_norm=49.7621  enc_delta ego=0.0044 partner=0.0036 road=0.0053
[ROMA step 4,441,767,936] sps=568,770  policy_loss=-0.0032  value_loss=1.4018  mi_loss=0.0021  mi_valid=0.81  div_loss=-0.1611  kl_loss=0.0000 (disabled)  score=0.556  return=-0.388  role_std=8.1048  role_norm=49.5231  enc_delta ego=0.0028 partner=0.0025 road=0.0039
[ROMA step 4,442,554,368] sps=567,137  policy_loss=-0.0004  value_loss=1.6954  mi_loss=0.0021  mi_valid=0.80  div_loss=-0.1719  kl_loss=0.0000 (disabled)  score=0.555  return=-0.388  role_std=7.6898  role_norm=47.4534  enc_delta ego=0.0038 partner=0.0032 road=0.0048
[ROMA step 4,443,340,800] sps=566,477  policy_loss=-0.0002  value_loss=1.4896  mi_loss=0.0020  mi_valid=0.84  div_loss=-0.1670  kl_loss=0.0000 (disabled)  score=0.555  return=-0.389  role_std=7.6287  role_norm=51.0382  enc_delta ego=0.0035 partner=0.0033 road=0.0051
[ROMA step 4,444,127,232] sps=565,842  policy_loss=-0.0054  value_loss=1.6196  mi_loss=0.0021  mi_valid=0.81  div_loss=-0.1719  kl_loss=0.0000 (disabled)  score=0.554  return=-0.395  role_std=8.1039  role_norm=50.9286  enc_delta ego=0.0030 partner=0.0031 road=0.0051
[ROMA step 4,444,913,664] sps=565,197  policy_loss=0.0022  value_loss=1.5493  mi_loss=0.0019  mi_valid=0.81  div_loss=-0.1650  kl_loss=0.0000 (disabled)  score=0.554  return=-0.399  role_std=8.7780  role_norm=50.7762  enc_delta ego=0.0021 partner=0.0025 road=0.0036
[ROMA step 4,445,700,096] sps=563,419  policy_loss=-0.0001  value_loss=1.5082  mi_loss=0.0019  mi_valid=0.78  div_loss=-0.1670  kl_loss=0.0000 (disabled)  score=0.554  return=-0.403  role_std=8.0319  role_norm=50.0073  enc_delta ego=0.0028 partner=0.0026 road=0.0043
[ROMA step 4,446,486,528] sps=562,781  policy_loss=-0.0041  value_loss=1.4845  mi_loss=0.0019  mi_valid=0.81  div_loss=-0.1729  kl_loss=0.0000 (disabled)  score=0.553  return=-0.412  role_std=8.3658  role_norm=49.3305  enc_delta ego=0.0039 partner=0.0029 road=0.0043
[ROMA step 4,447,272,960] sps=562,142  policy_loss=0.0003  value_loss=1.4964  mi_loss=0.0019  mi_valid=0.84  div_loss=-0.1758  kl_loss=0.0000 (disabled)  score=0.553  return=-0.415  role_std=8.8226  role_norm=50.9319  enc_delta ego=0.0022 partner=0.0025 road=0.0035
[ROMA step 4,448,059,392] sps=560,438  policy_loss=-0.0003  value_loss=2.1348  mi_loss=0.0019  mi_valid=0.80  div_loss=-0.1855  kl_loss=0.0000 (disabled)  score=0.553  return=-0.421  role_std=9.9563  role_norm=50.5143  enc_delta ego=0.0023 partner=0.0029 road=0.0037
[ROMA step 4,448,845,824] sps=559,820  policy_loss=-0.0051  value_loss=2.2254  mi_loss=0.0017  mi_valid=0.82  div_loss=-0.1982  kl_loss=0.0000 (disabled)  score=0.554  return=-0.421  role_std=9.8857  role_norm=49.8108  enc_delta ego=0.0023 partner=0.0027 road=0.0042
[ROMA step 4,449,632,256] sps=559,207  policy_loss=0.0040  value_loss=1.9492  mi_loss=0.0017  mi_valid=0.81  div_loss=-0.2002  kl_loss=0.0000 (disabled)  score=0.555  return=-0.421  role_std=9.5014  role_norm=49.3576  enc_delta ego=0.0023 partner=0.0025 road=0.0035
[ROMA step 4,450,418,688] sps=558,597  policy_loss=-0.0029  value_loss=1.7295  mi_loss=0.0018  mi_valid=0.82  div_loss=-0.1885  kl_loss=0.0000 (disabled)  score=0.556  return=-0.421  role_std=9.7337  role_norm=48.7511  enc_delta ego=0.0023 partner=0.0023 road=0.0034
[ROMA step 4,451,205,120] sps=556,866  policy_loss=-0.0024  value_loss=1.8876  mi_loss=0.0019  mi_valid=0.82  div_loss=-0.1807  kl_loss=0.0000 (disabled)  score=0.557  return=-0.422  role_std=8.5816  role_norm=51.1840  enc_delta ego=0.0023 partner=0.0029 road=0.0039
[ROMA step 4,451,991,552] sps=556,257  policy_loss=0.0046  value_loss=1.9997  mi_loss=0.0020  mi_valid=0.84  div_loss=-0.1807  kl_loss=0.0000 (disabled)  score=0.558  return=-0.430  role_std=9.2166  role_norm=51.2439  enc_delta ego=0.0034 partner=0.0031 road=0.0046
[ROMA step 4,452,777,984] sps=555,646  policy_loss=0.0046  value_loss=2.1918  mi_loss=0.0021  mi_valid=0.81  div_loss=-0.1768  kl_loss=0.0000 (disabled)  score=0.558  return=-0.438  role_std=9.4426  role_norm=51.6385  enc_delta ego=0.0035 partner=0.0031 road=0.0050
[ROMA step 4,453,564,416] sps=554,040  policy_loss=-0.0001  value_loss=1.5163  mi_loss=0.0020  mi_valid=0.79  div_loss=-0.1660  kl_loss=0.0000 (disabled)  score=0.559  return=-0.443  role_std=8.1787  role_norm=50.9224  enc_delta ego=0.0025 partner=0.0025 road=0.0038
[ROMA step 4,454,350,848] sps=553,457  policy_loss=-0.0012  value_loss=1.5238  mi_loss=0.0019  mi_valid=0.82  div_loss=-0.1699  kl_loss=0.0000 (disabled)  score=0.559  return=-0.448  role_std=8.4758  role_norm=50.6240  enc_delta ego=0.0027 partner=0.0031 road=0.0045
[ROMA step 4,455,137,280] sps=552,873  policy_loss=0.0111  value_loss=1.7482  mi_loss=0.0018  mi_valid=0.82  div_loss=-0.1689  kl_loss=0.0000 (disabled)  score=0.559  return=-0.455  role_std=8.6741  role_norm=49.3379  enc_delta ego=0.0018 partner=0.0026 road=0.0043
[ROMA step 4,455,923,712] sps=552,297  policy_loss=-0.0020  value_loss=1.3960  mi_loss=0.0018  mi_valid=0.84  div_loss=-0.1709  kl_loss=0.0000 (disabled)  score=0.559  return=-0.460  role_std=8.4150  role_norm=52.8103  enc_delta ego=0.0019 partner=0.0027 road=0.0043
[ROMA step 4,456,710,144] sps=550,650  policy_loss=-0.0059  value_loss=2.0121  mi_loss=0.0020  mi_valid=0.79  div_loss=-0.1729  kl_loss=0.0000 (disabled)  score=0.559  return=-0.470  role_std=8.3684  role_norm=52.3079  enc_delta ego=0.0022 partner=0.0028 road=0.0042
[ROMA step 4,457,496,576] sps=550,053  policy_loss=0.0010  value_loss=2.2038  mi_loss=0.0019  mi_valid=0.81  div_loss=-0.1719  kl_loss=0.0000 (disabled)  score=0.560  return=-0.473  role_std=9.3330  role_norm=51.8631  enc_delta ego=0.0029 partner=0.0033 road=0.0051
[ROMA step 4,458,283,008] sps=549,457  policy_loss=-0.0071  value_loss=2.1204  mi_loss=0.0019  mi_valid=0.82  div_loss=-0.1738  kl_loss=0.0000 (disabled)  score=0.562  return=-0.483  role_std=7.7859  role_norm=51.1905  enc_delta ego=0.0031 partner=0.0024 road=0.0040
[ROMA step 4,459,069,440] sps=547,869  policy_loss=-0.0001  value_loss=1.6944  mi_loss=0.0019  mi_valid=0.79  div_loss=-0.1602  kl_loss=0.0000 (disabled)  score=0.563  return=-0.487  role_std=8.8414  role_norm=48.7515  enc_delta ego=0.0028 partner=0.0028 road=0.0040
[ROMA step 4,459,855,872] sps=547,284  policy_loss=0.0028  value_loss=2.1329  mi_loss=0.0018  mi_valid=0.85  div_loss=-0.1846  kl_loss=0.0000 (disabled)  score=0.562  return=-0.490  role_std=8.0502  role_norm=52.1364  enc_delta ego=0.0024 partner=0.0028 road=0.0041
[ROMA step 4,460,642,304] sps=546,697  policy_loss=-0.0034  value_loss=2.0595  mi_loss=0.0020  mi_valid=0.82  div_loss=-0.1797  kl_loss=0.0000 (disabled)  score=0.563  return=-0.484  role_std=7.9913  role_norm=51.5935  enc_delta ego=0.0036 partner=0.0032 road=0.0053
[ROMA step 4,461,428,736] sps=546,116  policy_loss=-0.0036  value_loss=2.2597  mi_loss=0.0019  mi_valid=0.81  div_loss=-0.1855  kl_loss=0.0000 (disabled)  score=0.564  return=-0.485  role_std=9.4995  role_norm=50.4811  enc_delta ego=0.0031 partner=0.0037 road=0.0049
[ROMA step 4,462,215,168] sps=544,561  policy_loss=0.0011  value_loss=2.0692  mi_loss=0.0021  mi_valid=0.78  div_loss=-0.1836  kl_loss=0.0000 (disabled)  score=0.565  return=-0.487  role_std=9.0968  role_norm=50.3166  enc_delta ego=0.0033 partner=0.0030 road=0.0039
[ROMA step 4,463,001,600] sps=543,968  policy_loss=0.0012  value_loss=1.7755  mi_loss=0.0019  mi_valid=0.81  div_loss=-0.1729  kl_loss=0.0000 (disabled)  score=0.568  return=-0.480  role_std=8.6873  role_norm=49.6488  enc_delta ego=0.0033 partner=0.0028 road=0.0037
[ROMA step 4,463,788,032] sps=543,389  policy_loss=0.0067  value_loss=1.4443  mi_loss=0.0018  mi_valid=0.82  div_loss=-0.1748  kl_loss=0.0000 (disabled)  score=0.571  return=-0.469  role_std=9.2367  role_norm=48.0314  enc_delta ego=0.0031 partner=0.0032 road=0.0049
[ROMA step 4,464,574,464] sps=542,798  policy_loss=-0.0022  value_loss=1.3125  mi_loss=0.0019  mi_valid=0.84  div_loss=-0.1758  kl_loss=0.0000 (disabled)  score=0.573  return=-0.462  role_std=7.2774  role_norm=52.0335  enc_delta ego=0.0024 partner=0.0026 road=0.0044
[ROMA step 4,465,360,896] sps=541,184  policy_loss=0.0037  value_loss=1.6188  mi_loss=0.0020  mi_valid=0.79  div_loss=-0.1719  kl_loss=0.0000 (disabled)  score=0.573  return=-0.451  role_std=8.0458  role_norm=50.9077  enc_delta ego=0.0037 partner=0.0030 road=0.0055
[ROMA step 4,466,147,328] sps=540,613  policy_loss=-0.0029  value_loss=1.5555  mi_loss=0.0021  mi_valid=0.81  div_loss=-0.1699  kl_loss=0.0000 (disabled)  score=0.574  return=-0.445  role_std=8.7222  role_norm=50.8839  enc_delta ego=0.0033 partner=0.0028 road=0.0042
[ROMA step 4,466,933,760] sps=540,038  policy_loss=-0.0024  value_loss=1.1932  mi_loss=0.0021  mi_valid=0.82  div_loss=-0.1611  kl_loss=0.0000 (disabled)  score=0.574  return=-0.442  role_std=8.3903  role_norm=50.9123  enc_delta ego=0.0039 partner=0.0027 road=0.0047
[ROMA step 4,467,720,192] sps=538,567  policy_loss=-0.0029  value_loss=1.0832  mi_loss=0.0020  mi_valid=0.80  div_loss=-0.1475  kl_loss=0.0000 (disabled)  score=0.574  return=-0.437  role_std=8.8719  role_norm=49.1173  enc_delta ego=0.0033 partner=0.0026 road=0.0041
[ROMA step 4,468,506,624] sps=538,006  policy_loss=0.0024  value_loss=1.1304  mi_loss=0.0018  mi_valid=0.84  div_loss=-0.1387  kl_loss=0.0000 (disabled)  score=0.574  return=-0.431  role_std=6.6747  role_norm=53.2467  enc_delta ego=0.0021 partner=0.0022 road=0.0034
[ROMA step 4,469,293,056] sps=537,447  policy_loss=0.0010  value_loss=1.5863  mi_loss=0.0022  mi_valid=0.81  div_loss=-0.1465  kl_loss=0.0000 (disabled)  score=0.574  return=-0.427  role_std=6.4946  role_norm=54.0537  enc_delta ego=0.0020 partner=0.0025 road=0.0038
[ROMA step 4,470,079,488] sps=536,890  policy_loss=-0.0054  value_loss=1.3651  mi_loss=0.0019  mi_valid=0.81  div_loss=-0.1465  kl_loss=0.0000 (disabled)  score=0.573  return=-0.425  role_std=6.5383  role_norm=54.1604  enc_delta ego=0.0024 partner=0.0027 road=0.0043
[ROMA step 4,470,865,920] sps=535,282  policy_loss=0.0044  value_loss=1.9347  mi_loss=0.0020  mi_valid=0.78  div_loss=-0.1611  kl_loss=0.0000 (disabled)  score=0.574  return=-0.422  role_std=9.4105  role_norm=52.9501  enc_delta ego=0.0027 partner=0.0026 road=0.0048
[ROMA step 4,471,652,352] sps=534,725  policy_loss=-0.0002  value_loss=2.1443  mi_loss=0.0019  mi_valid=0.81  div_loss=-0.1816  kl_loss=0.0000 (disabled)  score=0.574  return=-0.427  role_std=11.2201  role_norm=52.0254  enc_delta ego=0.0027 partner=0.0031 road=0.0040
[ROMA step 4,472,438,784] sps=534,169  policy_loss=0.0093  value_loss=1.4525  mi_loss=0.0019  mi_valid=0.83  div_loss=-0.1738  kl_loss=0.0000 (disabled)  score=0.575  return=-0.428  role_std=7.4730  role_norm=53.9728  enc_delta ego=0.0028 partner=0.0030 road=0.0041
[ROMA step 4,473,225,216] sps=532,642  policy_loss=0.0062  value_loss=1.8687  mi_loss=0.0019  mi_valid=0.81  div_loss=-0.1660  kl_loss=0.0000 (disabled)  score=0.575  return=-0.428  role_std=6.9654  role_norm=53.9799  enc_delta ego=0.0030 partner=0.0025 road=0.0043
[ROMA step 4,474,011,648] sps=532,084  policy_loss=0.0048  value_loss=1.5225  mi_loss=0.0020  mi_valid=0.81  div_loss=-0.1465  kl_loss=0.0000 (disabled)  score=0.574  return=-0.425  role_std=7.3613  role_norm=53.5810  enc_delta ego=0.0035 partner=0.0034 road=0.0053
[ROMA step 4,474,798,080] sps=531,527  policy_loss=-0.0033  value_loss=1.2032  mi_loss=0.0019  mi_valid=0.81  div_loss=-0.1455  kl_loss=0.0000 (disabled)  score=0.575  return=-0.420  role_std=6.5820  role_norm=53.3062  enc_delta ego=0.0024 partner=0.0030 road=0.0049
[ROMA step 4,475,584,512] sps=530,971  policy_loss=-0.0037  value_loss=0.8836  mi_loss=0.0019  mi_valid=0.81  div_loss=-0.1318  kl_loss=0.0000 (disabled)  score=0.575  return=-0.411  role_std=6.7017  role_norm=52.3269  enc_delta ego=0.0025 partner=0.0027 road=0.0046
[ROMA step 4,476,370,944] sps=529,505  policy_loss=-0.0011  value_loss=1.1142  mi_loss=0.0018  mi_valid=0.81  div_loss=-0.1436  kl_loss=0.0000 (disabled)  score=0.575  return=-0.403  role_std=6.9297  role_norm=54.2384  enc_delta ego=0.0027 partner=0.0025 road=0.0040
[ROMA step 4,477,157,376] sps=528,961  policy_loss=-0.0084  value_loss=1.5557  mi_loss=0.0019  mi_valid=0.84  div_loss=-0.1689  kl_loss=0.0000 (disabled)  score=0.575  return=-0.399  role_std=8.1201  role_norm=54.3252  enc_delta ego=0.0032 partner=0.0031 road=0.0041
[ROMA step 4,477,943,808] sps=528,418  policy_loss=0.0018  value_loss=1.8488  mi_loss=0.0019  mi_valid=0.81  div_loss=-0.1738  kl_loss=0.0000 (disabled)  score=0.575  return=-0.395  role_std=7.3165  role_norm=53.5030  enc_delta ego=0.0028 partner=0.0033 road=0.0042
[ROMA step 4,478,730,240] sps=526,935  policy_loss=0.0016  value_loss=1.8547  mi_loss=0.0018  mi_valid=0.78  div_loss=-0.1768  kl_loss=0.0000 (disabled)  score=0.575  return=-0.391  role_std=10.0283  role_norm=51.8028  enc_delta ego=0.0022 partner=0.0027 road=0.0047
[ROMA step 4,479,516,672] sps=526,401  policy_loss=-0.0011  value_loss=1.9708  mi_loss=0.0017  mi_valid=0.81  div_loss=-0.1768  kl_loss=0.0000 (disabled)  score=0.577  return=-0.383  role_std=9.8707  role_norm=51.3920  enc_delta ego=0.0038 partner=0.0027 road=0.0043
[ROMA step 4,480,303,104] sps=525,875  policy_loss=0.0021  value_loss=1.8878  mi_loss=0.0018  mi_valid=0.81  div_loss=-0.1777  kl_loss=0.0000 (disabled)  score=0.579  return=-0.376  role_std=8.5468  role_norm=49.7418  enc_delta ego=0.0034 partner=0.0027 road=0.0040
[ROMA step 4,481,089,536] sps=525,342  policy_loss=0.0032  value_loss=1.6443  mi_loss=0.0018  mi_valid=0.84  div_loss=-0.1787  kl_loss=0.0000 (disabled)  score=0.580  return=-0.373  role_std=8.5869  role_norm=53.0576  enc_delta ego=0.0030 partner=0.0026 road=0.0034
[ROMA step 4,481,875,968] sps=523,738  policy_loss=0.0016  value_loss=2.4518  mi_loss=0.0017  mi_valid=0.80  div_loss=-0.1904  kl_loss=0.0000 (disabled)  score=0.581  return=-0.374  role_std=9.7399  role_norm=52.0747  enc_delta ego=0.0027 partner=0.0025 road=0.0040
[ROMA step 4,482,662,400] sps=523,214  policy_loss=0.0024  value_loss=2.0738  mi_loss=0.0018  mi_valid=0.82  div_loss=-0.1865  kl_loss=0.0000 (disabled)  score=0.581  return=-0.373  role_std=10.7135  role_norm=51.9481  enc_delta ego=0.0025 partner=0.0024 road=0.0039
[ROMA step 4,483,448,832] sps=522,697  policy_loss=0.0107  value_loss=1.9371  mi_loss=0.0018  mi_valid=0.82  div_loss=-0.1895  kl_loss=0.0000 (disabled)  score=0.581  return=-0.380  role_std=9.6870  role_norm=51.1575  enc_delta ego=0.0024 partner=0.0028 road=0.0038
[ROMA step 4,484,235,264] sps=521,193  policy_loss=0.0023  value_loss=2.2168  mi_loss=0.0017  mi_valid=0.79  div_loss=-0.1875  kl_loss=0.0000 (disabled)  score=0.581  return=-0.385  role_std=9.0393  role_norm=50.2867  enc_delta ego=0.0024 partner=0.0027 road=0.0039
[ROMA step 4,485,021,696] sps=520,673  policy_loss=0.0001  value_loss=1.7216  mi_loss=0.0020  mi_valid=0.85  div_loss=-0.1738  kl_loss=0.0000 (disabled)  score=0.580  return=-0.385  role_std=8.8469  role_norm=54.0922  enc_delta ego=0.0028 partner=0.0022 road=0.0034
[ROMA step 4,485,808,128] sps=520,143  policy_loss=0.0078  value_loss=1.9864  mi_loss=0.0019  mi_valid=0.83  div_loss=-0.1650  kl_loss=0.0000 (disabled)  score=0.579  return=-0.386  role_std=7.7548  role_norm=54.7232  enc_delta ego=0.0020 partner=0.0027 road=0.0041
[ROMA step 4,486,594,560] sps=519,626  policy_loss=-0.0016  value_loss=1.4799  mi_loss=0.0020  mi_valid=0.82  div_loss=-0.1641  kl_loss=0.0000 (disabled)  score=0.579  return=-0.382  role_std=8.4249  role_norm=53.9073  enc_delta ego=0.0028 partner=0.0031 road=0.0047
[ROMA step 4,487,380,992] sps=518,164  policy_loss=0.0093  value_loss=2.0698  mi_loss=0.0019  mi_valid=0.79  div_loss=-0.1689  kl_loss=0.0000 (disabled)  score=0.580  return=-0.377  role_std=9.5977  role_norm=52.4465  enc_delta ego=0.0024 partner=0.0025 road=0.0042
[ROMA step 4,488,167,424] sps=517,651  policy_loss=-0.0005  value_loss=2.2538  mi_loss=0.0017  mi_valid=0.81  div_loss=-0.1748  kl_loss=0.0000 (disabled)  score=0.582  return=-0.373  role_std=10.0446  role_norm=52.3031  enc_delta ego=0.0019 partner=0.0030 road=0.0043
[ROMA step 4,488,953,856] sps=517,140  policy_loss=0.0027  value_loss=2.0555  mi_loss=0.0018  mi_valid=0.82  div_loss=-0.1768  kl_loss=0.0000 (disabled)  score=0.582  return=-0.377  role_std=8.5349  role_norm=51.5910  enc_delta ego=0.0024 partner=0.0036 road=0.0045
[ROMA step 4,489,740,288] sps=516,629  policy_loss=0.0013  value_loss=2.1580  mi_loss=0.0017  mi_valid=0.84  div_loss=-0.1768  kl_loss=0.0000 (disabled)  score=0.583  return=-0.373  role_std=8.9755  role_norm=55.0108  enc_delta ego=0.0026 partner=0.0033 road=0.0042
[ROMA step 4,490,526,720] sps=515,255  policy_loss=-0.0013  value_loss=2.7207  mi_loss=0.0019  mi_valid=0.79  div_loss=-0.1699  kl_loss=0.0000 (disabled)  score=0.581  return=-0.372  role_std=8.9195  role_norm=54.3753  enc_delta ego=0.0054 partner=0.0030 road=0.0049
[ROMA step 4,491,313,152] sps=514,747  policy_loss=-0.0023  value_loss=1.8361  mi_loss=0.0018  mi_valid=0.81  div_loss=-0.1660  kl_loss=0.0000 (disabled)  score=0.579  return=-0.379  role_std=8.8442  role_norm=53.5482  enc_delta ego=0.0046 partner=0.0027 road=0.0044
[ROMA step 4,492,099,584] sps=514,242  policy_loss=0.0028  value_loss=1.8203  mi_loss=0.0018  mi_valid=0.82  div_loss=-0.1670  kl_loss=0.0000 (disabled)  score=0.576  return=-0.385  role_std=9.0950  role_norm=52.5374  enc_delta ego=0.0051 partner=0.0033 road=0.0043
[ROMA step 4,492,886,016] sps=512,858  policy_loss=0.0026  value_loss=1.4628  mi_loss=0.0019  mi_valid=0.80  div_loss=-0.1631  kl_loss=0.0000 (disabled)  score=0.574  return=-0.392  role_std=8.8741  role_norm=50.3960  enc_delta ego=0.0048 partner=0.0026 road=0.0040
[ROMA step 4,493,672,448] sps=512,359  policy_loss=-0.0004  value_loss=1.4848  mi_loss=0.0018  mi_valid=0.84  div_loss=-0.1699  kl_loss=0.0000 (disabled)  score=0.575  return=-0.396  role_std=7.4194  role_norm=54.1686  enc_delta ego=0.0029 partner=0.0023 road=0.0032
[ROMA step 4,494,458,880] sps=511,850  policy_loss=0.0013  value_loss=1.7107  mi_loss=0.0017  mi_valid=0.81  div_loss=-0.1787  kl_loss=0.0000 (disabled)  score=0.575  return=-0.393  role_std=8.9646  role_norm=53.3902  enc_delta ego=0.0027 partner=0.0027 road=0.0034
[ROMA step 4,495,245,312] sps=511,353  policy_loss=0.0070  value_loss=1.9516  mi_loss=0.0018  mi_valid=0.81  div_loss=-0.1875  kl_loss=0.0000 (disabled)  score=0.576  return=-0.398  role_std=10.2292  role_norm=52.4814  enc_delta ego=0.0027 partner=0.0029 road=0.0046
[ROMA step 4,496,031,744] sps=509,963  policy_loss=0.0023  value_loss=1.7123  mi_loss=0.0019  mi_valid=0.79  div_loss=-0.1660  kl_loss=0.0000 (disabled)  score=0.576  return=-0.406  role_std=8.5579  role_norm=51.9709  enc_delta ego=0.0028 partner=0.0035 road=0.0053
[ROMA step 4,496,818,176] sps=509,470  policy_loss=-0.0008  value_loss=1.8011  mi_loss=0.0019  mi_valid=0.82  div_loss=-0.1631  kl_loss=0.0000 (disabled)  score=0.575  return=-0.414  role_std=8.2038  role_norm=50.8284  enc_delta ego=0.0023 partner=0.0029 road=0.0043
[ROMA step 4,497,604,608] sps=508,975  policy_loss=-0.0062  value_loss=1.2942  mi_loss=0.0019  mi_valid=0.84  div_loss=-0.1699  kl_loss=0.0000 (disabled)  score=0.573  return=-0.421  role_std=8.2671  role_norm=49.4070  enc_delta ego=0.0025 partner=0.0024 road=0.0039
[ROMA step 4,498,391,040] sps=507,668  policy_loss=-0.0013  value_loss=1.4327  mi_loss=0.0019  mi_valid=0.82  div_loss=-0.1650  kl_loss=0.0000 (disabled)  score=0.572  return=-0.425  role_std=8.4629  role_norm=52.7335  enc_delta ego=0.0024 partner=0.0021 road=0.0033
[ROMA step 4,499,177,472] sps=507,187  policy_loss=-0.0069  value_loss=1.2463  mi_loss=0.0019  mi_valid=0.81  div_loss=-0.1592  kl_loss=0.0000 (disabled)  score=0.570  return=-0.422  role_std=7.4320  role_norm=52.3704  enc_delta ego=0.0030 partner=0.0025 road=0.0043
[ROMA step 4,499,963,904] sps=506,713  policy_loss=0.0010  value_loss=1.0896  mi_loss=0.0019  mi_valid=0.81  div_loss=-0.1562  kl_loss=0.0000 (disabled)  score=0.568  return=-0.403  role_std=9.2693  role_norm=52.2958  enc_delta ego=0.0025 partner=0.0023 road=0.0041
[ROMA step 4,500,750,336] sps=506,236  policy_loss=0.0016  value_loss=1.4107  mi_loss=0.0018  mi_valid=0.82  div_loss=-0.1611  kl_loss=0.0000 (disabled)  score=0.566  return=-0.400  role_std=8.9090  role_norm=51.8993  enc_delta ego=0.0018 partner=0.0021 road=0.0036
[ROMA] Saved -> /scratch/e452103/checkpoints/roma_mifutagent_dim1_H8_r16p64_ft_pc40_cb1_lr_nodiv/roma_dim1_step4500750336.pt
[ROMA] Periodic WOSAC eval at step 4,500,750,336 ...

WOSAC realism metrics (32 rollouts, up to 10 batches, step 4,500,750,336)...
  Batch 10/10 | scenarios: 1164 | realism: 0.6732

  Scenarios evaluated       : 1164
  Realism meta-score        : 0.6732
  Kinematic metrics         : 0.2343
  Interactive metrics       : 0.6780
  Map-based metrics         : 0.7331
  minADE (m)                : 5.3833
  likelihood_offroad        : 0.8956
  likelihood_dist_road_edge : 0.5719
  likelihood_collision      : 0.9476
  likelihood_dist_obj       : 0.2833
  likelihood_ttc            : 0.8019
  likelihood_linear_speed   : 0.2125
  likelihood_linear_accel   : 0.3345
  likelihood_angular_speed  : 0.1811
  likelihood_angular_accel  : 0.2069
[ROMA step 4,501,536,768] sps=472,999  policy_loss=-0.0007  value_loss=1.3992  mi_loss=0.0018  mi_valid=0.81  div_loss=-0.1758  kl_loss=0.0000 (disabled)  score=0.565  return=-0.404  role_std=8.4785  role_norm=49.1521  enc_delta ego=0.0025 partner=0.0030 road=0.0048
[ROMA step 4,502,323,200] sps=472,583  policy_loss=0.0035  value_loss=1.4686  mi_loss=0.0018  mi_valid=0.85  div_loss=-0.1719  kl_loss=0.0000 (disabled)  score=0.564  return=-0.408  role_std=7.7923  role_norm=53.7611  enc_delta ego=0.0018 partner=0.0021 road=0.0033
[ROMA step 4,503,109,632] sps=472,164  policy_loss=-0.0050  value_loss=1.2543  mi_loss=0.0021  mi_valid=0.82  div_loss=-0.1689  kl_loss=0.0000 (disabled)  score=0.562  return=-0.410  role_std=8.2755  role_norm=53.2003  enc_delta ego=0.0029 partner=0.0028 road=0.0047
[ROMA step 4,503,896,064] sps=470,972  policy_loss=-0.0028  value_loss=1.4408  mi_loss=0.0020  mi_valid=0.79  div_loss=-0.1729  kl_loss=0.0000 (disabled)  score=0.562  return=-0.419  role_std=8.0589  role_norm=52.3536  enc_delta ego=0.0034 partner=0.0029 road=0.0041
[ROMA step 4,504,682,496] sps=470,562  policy_loss=-0.0016  value_loss=1.3835  mi_loss=0.0019  mi_valid=0.82  div_loss=-0.1729  kl_loss=0.0000 (disabled)  score=0.561  return=-0.418  role_std=9.6452  role_norm=51.2863  enc_delta ego=0.0028 partner=0.0031 road=0.0052
[ROMA step 4,505,468,928] sps=470,152  policy_loss=0.0021  value_loss=1.3671  mi_loss=0.0019  mi_valid=0.82  div_loss=-0.1758  kl_loss=0.0000 (disabled)  score=0.561  return=-0.415  role_std=8.7494  role_norm=50.1451  enc_delta ego=0.0026 partner=0.0029 road=0.0042
[ROMA step 4,506,255,360] sps=469,747  policy_loss=0.0076  value_loss=1.5534  mi_loss=0.0018  mi_valid=0.84  div_loss=-0.1719  kl_loss=0.0000 (disabled)  score=0.561  return=-0.416  role_std=8.0076  role_norm=53.5874  enc_delta ego=0.0031 partner=0.0034 road=0.0055
[ROMA step 4,507,041,792] sps=468,523  policy_loss=0.0002  value_loss=1.5560  mi_loss=0.0018  mi_valid=0.81  div_loss=-0.1641  kl_loss=0.0000 (disabled)  score=0.561  return=-0.409  role_std=8.1492  role_norm=53.4190  enc_delta ego=0.0031 partner=0.0027 road=0.0044
[ROMA step 4,507,828,224] sps=468,123  policy_loss=-0.0000  value_loss=1.3311  mi_loss=0.0020  mi_valid=0.82  div_loss=-0.1631  kl_loss=0.0000 (disabled)  score=0.560  return=-0.406  role_std=8.8309  role_norm=53.5035  enc_delta ego=0.0026 partner=0.0028 road=0.0040
[ROMA step 4,508,614,656] sps=467,722  policy_loss=-0.0056  value_loss=1.3734  mi_loss=0.0018  mi_valid=0.82  div_loss=-0.1758  kl_loss=0.0000 (disabled)  score=0.559  return=-0.400  role_std=9.3971  role_norm=53.3362  enc_delta ego=0.0032 partner=0.0031 road=0.0035
[ROMA step 4,509,401,088] sps=466,443  policy_loss=0.0095  value_loss=1.2645  mi_loss=0.0018  mi_valid=0.79  div_loss=-0.1738  kl_loss=0.0000 (disabled)  score=0.558  return=-0.396  role_std=9.3877  role_norm=50.4608  enc_delta ego=0.0022 partner=0.0026 road=0.0040
[ROMA step 4,510,187,520] sps=466,045  policy_loss=-0.0003  value_loss=1.4915  mi_loss=0.0018  mi_valid=0.85  div_loss=-0.1611  kl_loss=0.0000 (disabled)  score=0.558  return=-0.392  role_std=8.7311  role_norm=54.3551  enc_delta ego=0.0020 partner=0.0021 road=0.0033
[ROMA step 4,510,973,952] sps=465,649  policy_loss=-0.0032  value_loss=1.6620  mi_loss=0.0018  mi_valid=0.84  div_loss=-0.1738  kl_loss=0.0000 (disabled)  score=0.557  return=-0.392  role_std=8.4973  role_norm=54.5984  enc_delta ego=0.0025 partner=0.0025 road=0.0039
[ROMA step 4,511,760,384] sps=465,255  policy_loss=0.0008  value_loss=1.6992  mi_loss=0.0019  mi_valid=0.82  div_loss=-0.1631  kl_loss=0.0000 (disabled)  score=0.557  return=-0.388  role_std=8.4369  role_norm=54.2745  enc_delta ego=0.0028 partner=0.0034 road=0.0055
[ROMA step 4,512,546,816] sps=464,132  policy_loss=0.0062  value_loss=1.6826  mi_loss=0.0019  mi_valid=0.79  div_loss=-0.1523  kl_loss=0.0000 (disabled)  score=0.556  return=-0.379  role_std=8.3671  role_norm=54.0834  enc_delta ego=0.0032 partner=0.0025 road=0.0049
[ROMA step 4,513,333,248] sps=463,728  policy_loss=0.0001  value_loss=1.1003  mi_loss=0.0020  mi_valid=0.81  div_loss=-0.1387  kl_loss=0.0000 (disabled)  score=0.558  return=-0.363  role_std=7.3622  role_norm=53.8537  enc_delta ego=0.0022 partner=0.0026 road=0.0044
[ROMA step 4,514,119,680] sps=463,328  policy_loss=0.0028  value_loss=1.7203  mi_loss=0.0020  mi_valid=0.81  div_loss=-0.1562  kl_loss=0.0000 (disabled)  score=0.559  return=-0.362  role_std=7.3813  role_norm=52.5379  enc_delta ego=0.0023 partner=0.0028 road=0.0043
[ROMA step 4,514,906,112] sps=462,924  policy_loss=-0.0004  value_loss=1.1480  mi_loss=0.0018  mi_valid=0.84  div_loss=-0.1533  kl_loss=0.0000 (disabled)  score=0.560  return=-0.359  role_std=7.1966  role_norm=54.9810  enc_delta ego=0.0026 partner=0.0026 road=0.0043
[ROMA step 4,515,692,544] sps=461,731  policy_loss=-0.0045  value_loss=1.4822  mi_loss=0.0018  mi_valid=0.79  div_loss=-0.1631  kl_loss=0.0000 (disabled)  score=0.561  return=-0.352  role_std=7.7021  role_norm=53.5865  enc_delta ego=0.0040 partner=0.0031 road=0.0059
[ROMA step 4,516,478,976] sps=461,345  policy_loss=0.0009  value_loss=1.8606  mi_loss=0.0018  mi_valid=0.81  div_loss=-0.1689  kl_loss=0.0000 (disabled)  score=0.561  return=-0.344  role_std=9.1940  role_norm=53.0346  enc_delta ego=0.0025 partner=0.0025 road=0.0045
[ROMA step 4,517,265,408] sps=460,961  policy_loss=0.0028  value_loss=1.4639  mi_loss=0.0018  mi_valid=0.81  div_loss=-0.1689  kl_loss=0.0000 (disabled)  score=0.562  return=-0.332  role_std=9.8358  role_norm=52.4680  enc_delta ego=0.0024 partner=0.0022 road=0.0043
[ROMA step 4,518,051,840] sps=459,858  policy_loss=0.0001  value_loss=1.8777  mi_loss=0.0018  mi_valid=0.79  div_loss=-0.1719  kl_loss=0.0000 (disabled)  score=0.563  return=-0.328  role_std=8.4715  role_norm=51.7251  enc_delta ego=0.0026 partner=0.0023 road=0.0041
[ROMA step 4,518,838,272] sps=459,464  policy_loss=-0.0020  value_loss=1.4638  mi_loss=0.0019  mi_valid=0.84  div_loss=-0.1650  kl_loss=0.0000 (disabled)  score=0.564  return=-0.324  role_std=8.0647  role_norm=54.5900  enc_delta ego=0.0031 partner=0.0033 road=0.0050
[ROMA step 4,519,624,704] sps=459,054  policy_loss=-0.0003  value_loss=1.3044  mi_loss=0.0018  mi_valid=0.82  div_loss=-0.1641  kl_loss=0.0000 (disabled)  score=0.565  return=-0.318  role_std=7.5358  role_norm=54.2166  enc_delta ego=0.0026 partner=0.0026 road=0.0040
[ROMA step 4,520,411,136] sps=458,658  policy_loss=0.0026  value_loss=1.2799  mi_loss=0.0018  mi_valid=0.81  div_loss=-0.1611  kl_loss=0.0000 (disabled)  score=0.566  return=-0.308  role_std=7.8371  role_norm=53.3445  enc_delta ego=0.0036 partner=0.0031 road=0.0045
[ROMA step 4,521,197,568] sps=457,530  policy_loss=-0.0012  value_loss=1.9621  mi_loss=0.0019  mi_valid=0.78  div_loss=-0.1680  kl_loss=0.0000 (disabled)  score=0.567  return=-0.307  role_std=10.1328  role_norm=52.1693  enc_delta ego=0.0043 partner=0.0027 road=0.0051
[ROMA step 4,521,984,000] sps=457,143  policy_loss=-0.0107  value_loss=1.3840  mi_loss=0.0017  mi_valid=0.81  div_loss=-0.1680  kl_loss=0.0000 (disabled)  score=0.567  return=-0.310  role_std=8.7039  role_norm=51.6513  enc_delta ego=0.0025 partner=0.0027 road=0.0044
[ROMA step 4,522,770,432] sps=456,756  policy_loss=-0.0036  value_loss=1.7658  mi_loss=0.0017  mi_valid=0.83  div_loss=-0.1807  kl_loss=0.0000 (disabled)  score=0.566  return=-0.315  role_std=8.8951  role_norm=50.2973  enc_delta ego=0.0026 partner=0.0030 road=0.0047
[ROMA step 4,523,556,864] sps=455,652  policy_loss=0.0031  value_loss=2.0048  mi_loss=0.0018  mi_valid=0.81  div_loss=-0.1924  kl_loss=0.0000 (disabled)  score=0.566  return=-0.317  role_std=10.0513  role_norm=53.0543  enc_delta ego=0.0027 partner=0.0030 road=0.0046
[ROMA step 4,524,343,296] sps=455,275  policy_loss=0.0030  value_loss=1.8373  mi_loss=0.0017  mi_valid=0.82  div_loss=-0.1836  kl_loss=0.0000 (disabled)  score=0.566  return=-0.323  role_std=9.6665  role_norm=52.7951  enc_delta ego=0.0026 partner=0.0033 road=0.0053
[ROMA step 4,525,129,728] sps=454,899  policy_loss=0.0023  value_loss=1.6915  mi_loss=0.0018  mi_valid=0.82  div_loss=-0.1846  kl_loss=0.0000 (disabled)  score=0.565  return=-0.320  role_std=10.5673  role_norm=52.9389  enc_delta ego=0.0027 partner=0.0033 road=0.0044
[ROMA step 4,525,916,160] sps=454,523  policy_loss=0.0049  value_loss=2.5589  mi_loss=0.0017  mi_valid=0.82  div_loss=-0.1992  kl_loss=0.0000 (disabled)  score=0.566  return=-0.328  role_std=11.1305  role_norm=52.1734  enc_delta ego=0.0024 partner=0.0026 road=0.0041
[ROMA step 4,526,702,592] sps=453,450  policy_loss=0.0045  value_loss=1.7401  mi_loss=0.0018  mi_valid=0.80  div_loss=-0.1777  kl_loss=0.0000 (disabled)  score=0.567  return=-0.335  role_std=9.7390  role_norm=50.0469  enc_delta ego=0.0028 partner=0.0028 road=0.0038
[ROMA step 4,527,489,024] sps=453,075  policy_loss=0.0067  value_loss=1.4809  mi_loss=0.0018  mi_valid=0.84  div_loss=-0.1855  kl_loss=0.0000 (disabled)  score=0.566  return=-0.338  role_std=9.4129  role_norm=54.1447  enc_delta ego=0.0025 partner=0.0022 road=0.0032
[ROMA step 4,528,275,456] sps=452,700  policy_loss=-0.0058  value_loss=2.0081  mi_loss=0.0019  mi_valid=0.81  div_loss=-0.1914  kl_loss=0.0000 (disabled)  score=0.566  return=-0.348  role_std=9.7660  role_norm=53.9210  enc_delta ego=0.0031 partner=0.0027 road=0.0035
[ROMA step 4,529,061,888] sps=451,668  policy_loss=-0.0083  value_loss=2.2576  mi_loss=0.0018  mi_valid=0.78  div_loss=-0.2012  kl_loss=0.0000 (disabled)  score=0.567  return=-0.356  role_std=10.8644  role_norm=52.0984  enc_delta ego=0.0030 partner=0.0028 road=0.0045
[ROMA step 4,529,848,320] sps=451,307  policy_loss=-0.0041  value_loss=1.8136  mi_loss=0.0018  mi_valid=0.82  div_loss=-0.1973  kl_loss=0.0000 (disabled)  score=0.568  return=-0.359  role_std=10.6929  role_norm=51.7546  enc_delta ego=0.0023 partner=0.0034 road=0.0048
[ROMA step 4,530,634,752] sps=450,950  policy_loss=0.0007  value_loss=1.5481  mi_loss=0.0017  mi_valid=0.81  div_loss=-0.1953  kl_loss=0.0000 (disabled)  score=0.569  return=-0.364  role_std=9.7084  role_norm=51.0208  enc_delta ego=0.0027 partner=0.0031 road=0.0042
[ROMA step 4,531,421,184] sps=450,593  policy_loss=0.0032  value_loss=1.4472  mi_loss=0.0018  mi_valid=0.84  div_loss=-0.1807  kl_loss=0.0000 (disabled)  score=0.571  return=-0.363  role_std=9.0370  role_norm=54.8139  enc_delta ego=0.0021 partner=0.0029 road=0.0047
[ROMA step 4,532,207,616] sps=449,488  policy_loss=-0.0048  value_loss=1.5941  mi_loss=0.0018  mi_valid=0.81  div_loss=-0.1777  kl_loss=0.0000 (disabled)  score=0.571  return=-0.364  role_std=8.5301  role_norm=54.6134  enc_delta ego=0.0023 partner=0.0026 road=0.0040
[ROMA step 4,532,994,048] sps=449,121  policy_loss=-0.0026  value_loss=1.2035  mi_loss=0.0020  mi_valid=0.81  div_loss=-0.1631  kl_loss=0.0000 (disabled)  score=0.571  return=-0.363  role_std=8.3877  role_norm=53.9496  enc_delta ego=0.0030 partner=0.0030 road=0.0051
[ROMA step 4,533,780,480] sps=448,745  policy_loss=0.0119  value_loss=1.6199  mi_loss=0.0019  mi_valid=0.81  div_loss=-0.1641  kl_loss=0.0000 (disabled)  score=0.571  return=-0.363  role_std=8.8635  role_norm=53.3194  enc_delta ego=0.0026 partner=0.0025 road=0.0041
[ROMA step 4,534,566,912] sps=447,699  policy_loss=-0.0006  value_loss=1.5179  mi_loss=0.0019  mi_valid=0.79  div_loss=-0.1768  kl_loss=0.0000 (disabled)  score=0.570  return=-0.365  role_std=9.3956  role_norm=51.9896  enc_delta ego=0.0029 partner=0.0028 road=0.0044
[ROMA step 4,535,353,344] sps=447,327  policy_loss=-0.0015  value_loss=1.6032  mi_loss=0.0018  mi_valid=0.84  div_loss=-0.1738  kl_loss=0.0000 (disabled)  score=0.571  return=-0.371  role_std=8.6488  role_norm=54.5813  enc_delta ego=0.0029 partner=0.0028 road=0.0041
[ROMA step 4,536,139,776] sps=446,973  policy_loss=0.0032  value_loss=1.3394  mi_loss=0.0018  mi_valid=0.83  div_loss=-0.1660  kl_loss=0.0000 (disabled)  score=0.571  return=-0.368  role_std=8.5328  role_norm=54.4104  enc_delta ego=0.0023 partner=0.0024 road=0.0035
[ROMA step 4,536,926,208] sps=446,613  policy_loss=0.0008  value_loss=2.1832  mi_loss=0.0018  mi_valid=0.81  div_loss=-0.1875  kl_loss=0.0000 (disabled)  score=0.571  return=-0.375  role_std=9.9427  role_norm=54.2558  enc_delta ego=0.0031 partner=0.0026 road=0.0042
[ROMA step 4,537,712,640] sps=445,554  policy_loss=0.0016  value_loss=1.7701  mi_loss=0.0018  mi_valid=0.78  div_loss=-0.1689  kl_loss=0.0000 (disabled)  score=0.572  return=-0.378  role_std=8.8931  role_norm=52.8566  enc_delta ego=0.0030 partner=0.0029 road=0.0051
[ROMA step 4,538,499,072] sps=445,185  policy_loss=0.0014  value_loss=1.1845  mi_loss=0.0019  mi_valid=0.82  div_loss=-0.1650  kl_loss=0.0000 (disabled)  score=0.572  return=-0.374  role_std=8.8640  role_norm=52.3320  enc_delta ego=0.0024 partner=0.0032 road=0.0045
[ROMA step 4,539,285,504] sps=444,824  policy_loss=0.0015  value_loss=1.5727  mi_loss=0.0017  mi_valid=0.82  div_loss=-0.1719  kl_loss=0.0000 (disabled)  score=0.573  return=-0.375  role_std=8.4209  role_norm=51.8935  enc_delta ego=0.0022 partner=0.0031 road=0.0046
[ROMA step 4,540,071,936] sps=444,449  policy_loss=0.0040  value_loss=1.8077  mi_loss=0.0019  mi_valid=0.85  div_loss=-0.1777  kl_loss=0.0000 (disabled)  score=0.573  return=-0.378  role_std=7.9273  role_norm=54.9203  enc_delta ego=0.0021 partner=0.0026 road=0.0039
[ROMA step 4,540,858,368] sps=443,096  policy_loss=0.0034  value_loss=1.6419  mi_loss=0.0017  mi_valid=0.80  div_loss=-0.1562  kl_loss=0.0000 (disabled)  score=0.573  return=-0.378  role_std=8.5651  role_norm=54.5588  enc_delta ego=0.0030 partner=0.0035 road=0.0051
[ROMA step 4,541,644,800] sps=442,736  policy_loss=-0.0003  value_loss=1.5245  mi_loss=0.0018  mi_valid=0.81  div_loss=-0.1553  kl_loss=0.0000 (disabled)  score=0.573  return=-0.385  role_std=8.6113  role_norm=54.2073  enc_delta ego=0.0031 partner=0.0031 road=0.0043
[ROMA step 4,542,431,232] sps=442,380  policy_loss=0.0024  value_loss=1.1111  mi_loss=0.0019  mi_valid=0.81  div_loss=-0.1445  kl_loss=0.0000 (disabled)  score=0.573  return=-0.382  role_std=7.7878  role_norm=53.8066  enc_delta ego=0.0036 partner=0.0033 road=0.0044
[ROMA step 4,543,217,664] sps=441,355  policy_loss=-0.0010  value_loss=1.2102  mi_loss=0.0017  mi_valid=0.79  div_loss=-0.1416  kl_loss=0.0000 (disabled)  score=0.572  return=-0.382  role_std=6.5570  role_norm=52.6200  enc_delta ego=0.0038 partner=0.0026 road=0.0045
[ROMA step 4,544,004,096] sps=440,989  policy_loss=0.0043  value_loss=0.9045  mi_loss=0.0019  mi_valid=0.84  div_loss=-0.1240  kl_loss=0.0000 (disabled)  score=0.572  return=-0.377  role_std=6.9123  role_norm=55.8184  enc_delta ego=0.0026 partner=0.0031 road=0.0037
[ROMA step 4,544,790,528] sps=440,635  policy_loss=-0.0033  value_loss=0.9091  mi_loss=0.0019  mi_valid=0.82  div_loss=-0.1206  kl_loss=0.0000 (disabled)  score=0.572  return=-0.367  role_std=5.7891  role_norm=56.3471  enc_delta ego=0.0027 partner=0.0025 road=0.0040
[ROMA step 4,545,576,960] sps=440,265  policy_loss=0.0003  value_loss=0.8179  mi_loss=0.0018  mi_valid=0.80  div_loss=-0.1235  kl_loss=0.0000 (disabled)  score=0.574  return=-0.355  role_std=6.9714  role_norm=55.9165  enc_delta ego=0.0023 partner=0.0030 road=0.0036
[ROMA step 4,546,363,392] sps=439,180  policy_loss=0.0042  value_loss=1.6681  mi_loss=0.0018  mi_valid=0.78  div_loss=-0.1396  kl_loss=0.0000 (disabled)  score=0.575  return=-0.354  role_std=7.9281  role_norm=54.3531  enc_delta ego=0.0031 partner=0.0029 road=0.0041
[ROMA step 4,547,149,824] sps=438,839  policy_loss=-0.0015  value_loss=1.4573  mi_loss=0.0019  mi_valid=0.81  div_loss=-0.1494  kl_loss=0.0000 (disabled)  score=0.576  return=-0.358  role_std=7.6343  role_norm=53.4898  enc_delta ego=0.0023 partner=0.0028 road=0.0042
[ROMA step 4,547,936,256] sps=438,495  policy_loss=0.0018  value_loss=1.2749  mi_loss=0.0018  mi_valid=0.82  div_loss=-0.1426  kl_loss=0.0000 (disabled)  score=0.576  return=-0.358  role_std=7.2176  role_norm=52.6589  enc_delta ego=0.0022 partner=0.0022 road=0.0040
[ROMA step 4,548,722,688] sps=437,360  policy_loss=0.0026  value_loss=1.4775  mi_loss=0.0018  mi_valid=0.81  div_loss=-0.1523  kl_loss=0.0000 (disabled)  score=0.575  return=-0.362  role_std=7.0696  role_norm=54.8912  enc_delta ego=0.0020 partner=0.0019 road=0.0032
[ROMA step 4,549,509,120] sps=437,021  policy_loss=-0.0057  value_loss=1.0991  mi_loss=0.0018  mi_valid=0.81  div_loss=-0.1562  kl_loss=0.0000 (disabled)  score=0.575  return=-0.352  role_std=8.4506  role_norm=54.1103  enc_delta ego=0.0021 partner=0.0035 road=0.0052
[ROMA step 4,550,295,552] sps=436,684  policy_loss=-0.0018  value_loss=1.4891  mi_loss=0.0018  mi_valid=0.81  div_loss=-0.1729  kl_loss=0.0000 (disabled)  score=0.575  return=-0.349  role_std=9.2186  role_norm=53.4376  enc_delta ego=0.0016 partner=0.0024 road=0.0038
[ROMA step 4,551,081,984] sps=436,346  policy_loss=0.0046  value_loss=1.5423  mi_loss=0.0018  mi_valid=0.82  div_loss=-0.1777  kl_loss=0.0000 (disabled)  score=0.575  return=-0.345  role_std=8.9311  role_norm=52.3309  enc_delta ego=0.0020 partner=0.0026 road=0.0047
[ROMA step 4,551,868,416] sps=435,335  policy_loss=0.0007  value_loss=1.7004  mi_loss=0.0018  mi_valid=0.80  div_loss=-0.1875  kl_loss=0.0000 (disabled)  score=0.574  return=-0.344  role_std=9.8992  role_norm=50.4751  enc_delta ego=0.0019 partner=0.0023 road=0.0049
[ROMA step 4,552,654,848] sps=434,995  policy_loss=0.0018  value_loss=0.9741  mi_loss=0.0020  mi_valid=0.85  div_loss=-0.1768  kl_loss=0.0000 (disabled)  score=0.574  return=-0.339  role_std=8.7860  role_norm=54.5049  enc_delta ego=0.0025 partner=0.0028 road=0.0046
[ROMA step 4,553,441,280] sps=434,657  policy_loss=0.0020  value_loss=1.4423  mi_loss=0.0018  mi_valid=0.81  div_loss=-0.1865  kl_loss=0.0000 (disabled)  score=0.576  return=-0.331  role_std=9.1151  role_norm=54.6965  enc_delta ego=0.0028 partner=0.0032 road=0.0046
[ROMA step 4,554,227,712] sps=433,663  policy_loss=0.0038  value_loss=1.2043  mi_loss=0.0019  mi_valid=0.79  div_loss=-0.1748  kl_loss=0.0000 (disabled)  score=0.577  return=-0.319  role_std=9.9440  role_norm=52.9642  enc_delta ego=0.0026 partner=0.0021 road=0.0040
[ROMA step 4,555,014,144] sps=433,322  policy_loss=0.0011  value_loss=1.8653  mi_loss=0.0018  mi_valid=0.82  div_loss=-0.1865  kl_loss=0.0000 (disabled)  score=0.577  return=-0.323  role_std=9.6651  role_norm=52.8221  enc_delta ego=0.0030 partner=0.0025 road=0.0047
[ROMA step 4,555,800,576] sps=432,980  policy_loss=-0.0066  value_loss=1.6331  mi_loss=0.0019  mi_valid=0.82  div_loss=-0.1855  kl_loss=0.0000 (disabled)  score=0.577  return=-0.320  role_std=10.6634  role_norm=51.7747  enc_delta ego=0.0045 partner=0.0028 road=0.0045
[ROMA step 4,556,587,008] sps=432,641  policy_loss=0.0010  value_loss=1.5537  mi_loss=0.0018  mi_valid=0.83  div_loss=-0.1748  kl_loss=0.0000 (disabled)  score=0.577  return=-0.322  role_std=9.5738  role_norm=49.9325  enc_delta ego=0.0032 partner=0.0029 road=0.0042
[ROMA step 4,557,373,440] sps=431,659  policy_loss=-0.0030  value_loss=1.3907  mi_loss=0.0019  mi_valid=0.81  div_loss=-0.1641  kl_loss=0.0000 (disabled)  score=0.578  return=-0.314  role_std=8.5939  role_norm=55.3545  enc_delta ego=0.0035 partner=0.0030 road=0.0047
[ROMA step 4,558,159,872] sps=431,322  policy_loss=0.0069  value_loss=1.6675  mi_loss=0.0019  mi_valid=0.81  div_loss=-0.1641  kl_loss=0.0000 (disabled)  score=0.578  return=-0.306  role_std=8.7197  role_norm=54.7751  enc_delta ego=0.0018 partner=0.0025 road=0.0040
[ROMA step 4,558,946,304] sps=430,988  policy_loss=0.0032  value_loss=1.8998  mi_loss=0.0019  mi_valid=0.82  div_loss=-0.1748  kl_loss=0.0000 (disabled)  score=0.577  return=-0.307  role_std=9.1024  role_norm=54.2536  enc_delta ego=0.0022 partner=0.0025 road=0.0035
[ROMA step 4,559,732,736] sps=430,021  policy_loss=0.0046  value_loss=1.7680  mi_loss=0.0018  mi_valid=0.79  div_loss=-0.1729  kl_loss=0.0000 (disabled)  score=0.576  return=-0.307  role_std=8.5837  role_norm=52.6238  enc_delta ego=0.0029 partner=0.0026 road=0.0043
[ROMA step 4,560,519,168] sps=429,689  policy_loss=-0.0035  value_loss=1.3051  mi_loss=0.0019  mi_valid=0.84  div_loss=-0.1709  kl_loss=0.0000 (disabled)  score=0.575  return=-0.309  role_std=8.2941  role_norm=50.7193  enc_delta ego=0.0021 partner=0.0028 road=0.0045
[ROMA step 4,561,305,600] sps=429,356  policy_loss=0.0065  value_loss=1.5746  mi_loss=0.0018  mi_valid=0.84  div_loss=-0.1729  kl_loss=0.0000 (disabled)  score=0.575  return=-0.308  role_std=8.9576  role_norm=55.1041  enc_delta ego=0.0023 partner=0.0026 road=0.0044
[ROMA step 4,562,092,032] sps=429,022  policy_loss=0.0006  value_loss=1.2494  mi_loss=0.0018  mi_valid=0.81  div_loss=-0.1689  kl_loss=0.0000 (disabled)  score=0.575  return=-0.307  role_std=9.0415  role_norm=54.5879  enc_delta ego=0.0029 partner=0.0030 road=0.0054
[ROMA step 4,562,878,464] sps=428,068  policy_loss=0.0006  value_loss=1.2922  mi_loss=0.0019  mi_valid=0.79  div_loss=-0.1748  kl_loss=0.0000 (disabled)  score=0.575  return=-0.301  role_std=8.7711  role_norm=53.6836  enc_delta ego=0.0016 partner=0.0020 road=0.0031
[ROMA step 4,563,664,896] sps=427,741  policy_loss=-0.0007  value_loss=1.6192  mi_loss=0.0017  mi_valid=0.82  div_loss=-0.1689  kl_loss=0.0000 (disabled)  score=0.573  return=-0.303  role_std=9.9909  role_norm=52.8886  enc_delta ego=0.0019 partner=0.0033 road=0.0039
[ROMA step 4,564,451,328] sps=427,415  policy_loss=-0.0021  value_loss=1.0229  mi_loss=0.0017  mi_valid=0.82  div_loss=-0.1768  kl_loss=0.0000 (disabled)  score=0.572  return=-0.299  role_std=9.1379  role_norm=51.6470  enc_delta ego=0.0019 partner=0.0025 road=0.0039
[ROMA step 4,565,237,760] sps=427,090  policy_loss=-0.0019  value_loss=1.5184  mi_loss=0.0018  mi_valid=0.84  div_loss=-0.1621  kl_loss=0.0000 (disabled)  score=0.572  return=-0.297  role_std=7.9074  role_norm=56.2531  enc_delta ego=0.0044 partner=0.0028 road=0.0047
[ROMA step 4,566,024,192] sps=426,138  policy_loss=0.0056  value_loss=2.0480  mi_loss=0.0019  mi_valid=0.81  div_loss=-0.1797  kl_loss=0.0000 (disabled)  score=0.572  return=-0.298  role_std=9.7491  role_norm=55.5884  enc_delta ego=0.0027 partner=0.0035 road=0.0045
[ROMA step 4,566,810,624] sps=425,804  policy_loss=0.0005  value_loss=1.6187  mi_loss=0.0019  mi_valid=0.81  div_loss=-0.1777  kl_loss=0.0000 (disabled)  score=0.572  return=-0.300  role_std=9.5781  role_norm=55.3289  enc_delta ego=0.0029 partner=0.0027 road=0.0049
[ROMA step 4,567,597,056] sps=425,478  policy_loss=-0.0021  value_loss=1.7628  mi_loss=0.0022  mi_valid=0.82  div_loss=-0.1738  kl_loss=0.0000 (disabled)  score=0.572  return=-0.300  role_std=10.4649  role_norm=54.4478  enc_delta ego=0.0025 partner=0.0023 road=0.0038
[ROMA step 4,568,383,488] sps=424,520  policy_loss=0.0032  value_loss=1.5850  mi_loss=0.0021  mi_valid=0.79  div_loss=-0.1660  kl_loss=0.0000 (disabled)  score=0.572  return=-0.300  role_std=8.9935  role_norm=53.8645  enc_delta ego=0.0025 partner=0.0027 road=0.0039
[ROMA step 4,569,169,920] sps=424,201  policy_loss=-0.0031  value_loss=1.1296  mi_loss=0.0019  mi_valid=0.84  div_loss=-0.1484  kl_loss=0.0000 (disabled)  score=0.572  return=-0.299  role_std=7.6411  role_norm=56.3170  enc_delta ego=0.0028 partner=0.0029 road=0.0057
[ROMA step 4,569,956,352] sps=423,880  policy_loss=0.0014  value_loss=1.2562  mi_loss=0.0019  mi_valid=0.83  div_loss=-0.1514  kl_loss=0.0000 (disabled)  score=0.572  return=-0.295  role_std=8.2825  role_norm=56.0072  enc_delta ego=0.0024 partner=0.0028 road=0.0041
[ROMA step 4,570,742,784] sps=423,559  policy_loss=-0.0027  value_loss=1.2245  mi_loss=0.0019  mi_valid=0.81  div_loss=-0.1650  kl_loss=0.0000 (disabled)  score=0.572  return=-0.298  role_std=8.5395  role_norm=55.7209  enc_delta ego=0.0030 partner=0.0026 road=0.0040
[ROMA step 4,571,529,216] sps=422,690  policy_loss=0.0055  value_loss=1.7922  mi_loss=0.0018  mi_valid=0.78  div_loss=-0.1650  kl_loss=0.0000 (disabled)  score=0.572  return=-0.303  role_std=9.2447  role_norm=54.1784  enc_delta ego=0.0029 partner=0.0027 road=0.0045
[ROMA step 4,572,315,648] sps=422,373  policy_loss=0.0071  value_loss=1.2862  mi_loss=0.0020  mi_valid=0.81  div_loss=-0.1514  kl_loss=0.0000 (disabled)  score=0.571  return=-0.309  role_std=10.4736  role_norm=54.6262  enc_delta ego=0.0020 partner=0.0022 road=0.0036
[ROMA step 4,573,102,080] sps=422,056  policy_loss=-0.0041  value_loss=1.4619  mi_loss=0.0019  mi_valid=0.81  div_loss=-0.1611  kl_loss=0.0000 (disabled)  score=0.570  return=-0.323  role_std=8.7342  role_norm=53.5579  enc_delta ego=0.0017 partner=0.0025 road=0.0037
[ROMA step 4,573,888,512] sps=421,219  policy_loss=-0.0010  value_loss=1.8418  mi_loss=0.0018  mi_valid=0.81  div_loss=-0.1758  kl_loss=0.0000 (disabled)  score=0.568  return=-0.332  role_std=10.1734  role_norm=56.6307  enc_delta ego=0.0023 partner=0.0024 road=0.0036
[ROMA step 4,574,674,944] sps=420,906  policy_loss=0.0042  value_loss=1.7025  mi_loss=0.0021  mi_valid=0.81  div_loss=-0.1729  kl_loss=0.0000 (disabled)  score=0.566  return=-0.336  role_std=8.8412  role_norm=56.1246  enc_delta ego=0.0043 partner=0.0029 road=0.0042
[ROMA step 4,575,461,376] sps=420,592  policy_loss=0.0040  value_loss=1.1410  mi_loss=0.0020  mi_valid=0.81  div_loss=-0.1572  kl_loss=0.0000 (disabled)  score=0.564  return=-0.337  role_std=9.2776  role_norm=55.3224  enc_delta ego=0.0038 partner=0.0025 road=0.0038
[ROMA step 4,576,247,808] sps=420,281  policy_loss=-0.0095  value_loss=1.0177  mi_loss=0.0023  mi_valid=0.81  div_loss=-0.1592  kl_loss=0.0000 (disabled)  score=0.564  return=-0.338  role_std=8.8378  role_norm=55.1039  enc_delta ego=0.0036 partner=0.0028 road=0.0034
[ROMA step 4,577,034,240] sps=419,340  policy_loss=-0.0015  value_loss=1.2990  mi_loss=0.0022  mi_valid=0.78  div_loss=-0.1387  kl_loss=0.0000 (disabled)  score=0.564  return=-0.337  role_std=7.6375  role_norm=54.2147  enc_delta ego=0.0024 partner=0.0024 road=0.0047
[ROMA step 4,577,820,672] sps=419,012  policy_loss=-0.0063  value_loss=1.0718  mi_loss=0.0020  mi_valid=0.84  div_loss=-0.1201  kl_loss=0.0000 (disabled)  score=0.564  return=-0.335  role_std=6.7647  role_norm=58.1201  enc_delta ego=0.0013 partner=0.0018 road=0.0031
[ROMA step 4,578,607,104] sps=418,692  policy_loss=-0.0055  value_loss=1.1437  mi_loss=0.0020  mi_valid=0.82  div_loss=-0.1328  kl_loss=0.0000 (disabled)  score=0.564  return=-0.336  role_std=6.8992  role_norm=58.1789  enc_delta ego=0.0014 partner=0.0019 road=0.0031
[ROMA step 4,579,393,536] sps=417,774  policy_loss=-0.0013  value_loss=1.8511  mi_loss=0.0020  mi_valid=0.78  div_loss=-0.1543  kl_loss=0.0000 (disabled)  score=0.565  return=-0.338  role_std=8.9228  role_norm=56.9665  enc_delta ego=0.0029 partner=0.0022 road=0.0033
[ROMA step 4,580,179,968] sps=417,463  policy_loss=0.0005  value_loss=1.4432  mi_loss=0.0018  mi_valid=0.81  div_loss=-0.1562  kl_loss=0.0000 (disabled)  score=0.568  return=-0.331  role_std=8.0250  role_norm=55.9458  enc_delta ego=0.0024 partner=0.0023 road=0.0038
[ROMA step 4,580,966,400] sps=417,150  policy_loss=-0.0022  value_loss=1.4949  mi_loss=0.0018  mi_valid=0.81  div_loss=-0.1533  kl_loss=0.0000 (disabled)  score=0.569  return=-0.329  role_std=8.9694  role_norm=54.8001  enc_delta ego=0.0027 partner=0.0025 road=0.0044
[ROMA step 4,581,752,832] sps=416,836  policy_loss=-0.0044  value_loss=0.9953  mi_loss=0.0020  mi_valid=0.82  div_loss=-0.1455  kl_loss=0.0000 (disabled)  score=0.571  return=-0.322  role_std=8.2436  role_norm=53.3921  enc_delta ego=0.0026 partner=0.0025 road=0.0038
[ROMA step 4,582,539,264] sps=415,902  policy_loss=0.0030  value_loss=1.3389  mi_loss=0.0019  mi_valid=0.81  div_loss=-0.1514  kl_loss=0.0000 (disabled)  score=0.572  return=-0.320  role_std=7.2401  role_norm=57.2016  enc_delta ego=0.0029 partner=0.0028 road=0.0045
[ROMA step 4,583,325,696] sps=415,600  policy_loss=0.0002  value_loss=1.4351  mi_loss=0.0019  mi_valid=0.81  div_loss=-0.1514  kl_loss=0.0000 (disabled)  score=0.573  return=-0.309  role_std=9.2590  role_norm=56.9884  enc_delta ego=0.0024 partner=0.0025 road=0.0041
[ROMA step 4,584,112,128] sps=415,299  policy_loss=-0.0069  value_loss=1.0970  mi_loss=0.0019  mi_valid=0.81  div_loss=-0.1514  kl_loss=0.0000 (disabled)  score=0.574  return=-0.301  role_std=8.5394  role_norm=55.9894  enc_delta ego=0.0021 partner=0.0025 road=0.0044
[ROMA step 4,584,898,560] sps=414,348  policy_loss=0.0009  value_loss=1.1202  mi_loss=0.0020  mi_valid=0.79  div_loss=-0.1533  kl_loss=0.0000 (disabled)  score=0.574  return=-0.299  role_std=7.0269  role_norm=54.3301  enc_delta ego=0.0028 partner=0.0024 road=0.0039
[ROMA step 4,585,684,992] sps=414,041  policy_loss=-0.0003  value_loss=1.1747  mi_loss=0.0019  mi_valid=0.83  div_loss=-0.1309  kl_loss=0.0000 (disabled)  score=0.576  return=-0.290  role_std=7.8363  role_norm=53.5597  enc_delta ego=0.0020 partner=0.0023 road=0.0039
[ROMA step 4,586,471,424] sps=413,729  policy_loss=-0.0011  value_loss=1.6154  mi_loss=0.0020  mi_valid=0.84  div_loss=-0.1670  kl_loss=0.0000 (disabled)  score=0.576  return=-0.289  role_std=7.9630  role_norm=57.6175  enc_delta ego=0.0020 partner=0.0020 road=0.0033
[ROMA step 4,587,257,856] sps=413,426  policy_loss=0.0026  value_loss=1.0365  mi_loss=0.0019  mi_valid=0.81  div_loss=-0.1455  kl_loss=0.0000 (disabled)  score=0.576  return=-0.279  role_std=7.3150  role_norm=57.0637  enc_delta ego=0.0023 partner=0.0027 road=0.0041
[ROMA step 4,588,044,288] sps=412,587  policy_loss=0.0040  value_loss=1.4268  mi_loss=0.0020  mi_valid=0.79  div_loss=-0.1553  kl_loss=0.0000 (disabled)  score=0.576  return=-0.273  role_std=9.5368  role_norm=54.5926  enc_delta ego=0.0028 partner=0.0028 road=0.0039
[ROMA step 4,588,830,720] sps=412,290  policy_loss=0.0029  value_loss=1.5084  mi_loss=0.0020  mi_valid=0.82  div_loss=-0.1680  kl_loss=0.0000 (disabled)  score=0.575  return=-0.281  role_std=9.6559  role_norm=54.3335  enc_delta ego=0.0023 partner=0.0033 road=0.0044
[ROMA step 4,589,617,152] sps=411,997  policy_loss=0.0037  value_loss=1.6312  mi_loss=0.0020  mi_valid=0.82  div_loss=-0.1777  kl_loss=0.0000 (disabled)  score=0.574  return=-0.290  role_std=9.8931  role_norm=52.8033  enc_delta ego=0.0022 partner=0.0023 road=0.0043
[ROMA step 4,590,403,584] sps=411,704  policy_loss=-0.0009  value_loss=1.5016  mi_loss=0.0020  mi_valid=0.84  div_loss=-0.1807  kl_loss=0.0000 (disabled)  score=0.574  return=-0.296  role_std=8.4935  role_norm=56.8272  enc_delta ego=0.0020 partner=0.0026 road=0.0045
[ROMA step 4,591,190,016] sps=410,872  policy_loss=0.0012  value_loss=1.6462  mi_loss=0.0020  mi_valid=0.81  div_loss=-0.1777  kl_loss=0.0000 (disabled)  score=0.574  return=-0.300  role_std=8.9797  role_norm=56.4897  enc_delta ego=0.0026 partner=0.0026 road=0.0047
[ROMA step 4,591,976,448] sps=410,576  policy_loss=0.0012  value_loss=1.6621  mi_loss=0.0020  mi_valid=0.81  div_loss=-0.1787  kl_loss=0.0000 (disabled)  score=0.574  return=-0.305  role_std=8.6218  role_norm=56.0083  enc_delta ego=0.0025 partner=0.0023 road=0.0043
[ROMA step 4,592,762,880] sps=410,276  policy_loss=-0.0044  value_loss=1.6582  mi_loss=0.0020  mi_valid=0.81  div_loss=-0.1699  kl_loss=0.0000 (disabled)  score=0.573  return=-0.313  role_std=9.4038  role_norm=55.8817  enc_delta ego=0.0024 partner=0.0028 road=0.0042
[ROMA step 4,593,549,312] sps=409,430  policy_loss=0.0038  value_loss=1.5300  mi_loss=0.0019  mi_valid=0.79  div_loss=-0.1631  kl_loss=0.0000 (disabled)  score=0.573  return=-0.311  role_std=8.5088  role_norm=54.7904  enc_delta ego=0.0019 partner=0.0019 road=0.0034
[ROMA step 4,594,335,744] sps=409,138  policy_loss=-0.0022  value_loss=1.2979  mi_loss=0.0020  mi_valid=0.84  div_loss=-0.1553  kl_loss=0.0000 (disabled)  score=0.573  return=-0.306  role_std=8.9909  role_norm=57.4046  enc_delta ego=0.0033 partner=0.0032 road=0.0049
[ROMA step 4,595,122,176] sps=408,845  policy_loss=-0.0009  value_loss=1.3177  mi_loss=0.0019  mi_valid=0.84  div_loss=-0.1494  kl_loss=0.0000 (disabled)  score=0.572  return=-0.300  role_std=8.6559  role_norm=57.1323  enc_delta ego=0.0026 partner=0.0027 road=0.0043
[ROMA step 4,595,908,608] sps=408,555  policy_loss=-0.0012  value_loss=1.2517  mi_loss=0.0020  mi_valid=0.82  div_loss=-0.1572  kl_loss=0.0000 (disabled)  score=0.571  return=-0.296  role_std=8.5900  role_norm=56.3193  enc_delta ego=0.0024 partner=0.0028 road=0.0048
[ROMA step 4,596,695,040] sps=407,746  policy_loss=-0.0041  value_loss=1.2706  mi_loss=0.0019  mi_valid=0.79  div_loss=-0.1484  kl_loss=0.0000 (disabled)  score=0.571  return=-0.298  role_std=8.5386  role_norm=55.5615  enc_delta ego=0.0029 partner=0.0031 road=0.0048
[ROMA step 4,597,481,472] sps=407,454  policy_loss=0.0037  value_loss=1.1741  mi_loss=0.0019  mi_valid=0.82  div_loss=-0.1455  kl_loss=0.0000 (disabled)  score=0.570  return=-0.299  role_std=7.4852  role_norm=55.4702  enc_delta ego=0.0026 partner=0.0030 road=0.0046
[ROMA step 4,598,267,904] sps=407,155  policy_loss=0.0048  value_loss=1.2887  mi_loss=0.0018  mi_valid=0.81  div_loss=-0.1396  kl_loss=0.0000 (disabled)  score=0.569  return=-0.301  role_std=7.6438  role_norm=54.9960  enc_delta ego=0.0021 partner=0.0024 road=0.0036
[ROMA step 4,599,054,336] sps=406,349  policy_loss=0.0026  value_loss=1.8778  mi_loss=0.0017  mi_valid=0.81  div_loss=-0.1553  kl_loss=0.0000 (disabled)  score=0.569  return=-0.303  role_std=8.4336  role_norm=57.0323  enc_delta ego=0.0014 partner=0.0019 road=0.0034
[ROMA step 4,599,840,768] sps=406,061  policy_loss=0.0017  value_loss=1.3621  mi_loss=0.0018  mi_valid=0.81  div_loss=-0.1523  kl_loss=0.0000 (disabled)  score=0.568  return=-0.300  role_std=7.0113  role_norm=56.7572  enc_delta ego=0.0022 partner=0.0024 road=0.0044
[ROMA step 4,600,627,200] sps=405,775  policy_loss=0.0029  value_loss=1.2414  mi_loss=0.0019  mi_valid=0.81  div_loss=-0.1689  kl_loss=0.0000 (disabled)  score=0.568  return=-0.301  role_std=8.7662  role_norm=55.4428  enc_delta ego=0.0026 partner=0.0032 road=0.0045
[ROMA step 4,601,413,632] sps=405,487  policy_loss=0.0105  value_loss=1.0401  mi_loss=0.0019  mi_valid=0.81  div_loss=-0.1631  kl_loss=0.0000 (disabled)  score=0.568  return=-0.296  role_std=9.5781  role_norm=54.0762  enc_delta ego=0.0025 partner=0.0027 road=0.0046
[ROMA step 4,602,200,064] sps=404,762  policy_loss=0.0013  value_loss=1.4497  mi_loss=0.0019  mi_valid=0.79  div_loss=-0.1641  kl_loss=0.0000 (disabled)  score=0.569  return=-0.293  role_std=8.1002  role_norm=52.7739  enc_delta ego=0.0016 partner=0.0024 road=0.0040
[ROMA step 4,602,986,496] sps=404,478  policy_loss=0.0026  value_loss=1.7440  mi_loss=0.0019  mi_valid=0.84  div_loss=-0.1650  kl_loss=0.0000 (disabled)  score=0.569  return=-0.296  role_std=8.3815  role_norm=55.9018  enc_delta ego=0.0019 partner=0.0023 road=0.0033
[ROMA step 4,603,772,928] sps=404,195  policy_loss=-0.0038  value_loss=1.2365  mi_loss=0.0019  mi_valid=0.83  div_loss=-0.1484  kl_loss=0.0000 (disabled)  score=0.568  return=-0.295  role_std=7.9107  role_norm=56.0583  enc_delta ego=0.0031 partner=0.0027 road=0.0050
[ROMA step 4,604,559,360] sps=403,420  policy_loss=-0.0006  value_loss=1.5951  mi_loss=0.0018  mi_valid=0.78  div_loss=-0.1611  kl_loss=0.0000 (disabled)  score=0.568  return=-0.295  role_std=9.8892  role_norm=55.5571  enc_delta ego=0.0022 partner=0.0025 road=0.0049
[ROMA step 4,605,345,792] sps=403,133  policy_loss=-0.0033  value_loss=1.6086  mi_loss=0.0018  mi_valid=0.81  div_loss=-0.1660  kl_loss=0.0000 (disabled)  score=0.568  return=-0.304  role_std=9.0070  role_norm=54.9812  enc_delta ego=0.0027 partner=0.0028 road=0.0046
[ROMA step 4,606,132,224] sps=402,842  policy_loss=0.0011  value_loss=1.3503  mi_loss=0.0018  mi_valid=0.82  div_loss=-0.1592  kl_loss=0.0000 (disabled)  score=0.567  return=-0.307  role_std=9.5525  role_norm=54.3417  enc_delta ego=0.0025 partner=0.0028 road=0.0038
[ROMA step 4,606,918,656] sps=402,551  policy_loss=-0.0036  value_loss=1.1836  mi_loss=0.0018  mi_valid=0.82  div_loss=-0.1611  kl_loss=0.0000 (disabled)  score=0.566  return=-0.304  role_std=8.6287  role_norm=53.7460  enc_delta ego=0.0021 partner=0.0025 road=0.0038
[ROMA step 4,607,705,088] sps=401,750  policy_loss=0.0044  value_loss=2.1197  mi_loss=0.0017  mi_valid=0.81  div_loss=-0.1738  kl_loss=0.0000 (disabled)  score=0.565  return=-0.303  role_std=9.5998  role_norm=57.5463  enc_delta ego=0.0024 partner=0.0029 road=0.0052
[ROMA step 4,608,491,520] sps=401,469  policy_loss=0.0064  value_loss=2.1879  mi_loss=0.0017  mi_valid=0.81  div_loss=-0.1846  kl_loss=0.0000 (disabled)  score=0.564  return=-0.311  role_std=9.9867  role_norm=56.8790  enc_delta ego=0.0020 partner=0.0024 road=0.0042
[ROMA step 4,609,277,952] sps=401,188  policy_loss=-0.0014  value_loss=1.9800  mi_loss=0.0018  mi_valid=0.81  div_loss=-0.1865  kl_loss=0.0000 (disabled)  score=0.563  return=-0.322  role_std=10.8630  role_norm=55.8541  enc_delta ego=0.0026 partner=0.0026 road=0.0041
[ROMA step 4,610,064,384] sps=400,360  policy_loss=0.0006  value_loss=1.7809  mi_loss=0.0019  mi_valid=0.79  div_loss=-0.1846  kl_loss=0.0000 (disabled)  score=0.561  return=-0.335  role_std=9.9845  role_norm=54.1301  enc_delta ego=0.0021 partner=0.0024 road=0.0038
[ROMA step 4,610,850,816] sps=400,075  policy_loss=0.0041  value_loss=1.6397  mi_loss=0.0020  mi_valid=0.83  div_loss=-0.1729  kl_loss=0.0000 (disabled)  score=0.560  return=-0.341  role_std=9.8294  role_norm=52.9536  enc_delta ego=0.0026 partner=0.0027 road=0.0046
[ROMA step 4,611,637,248] sps=399,795  policy_loss=-0.0013  value_loss=1.5000  mi_loss=0.0018  mi_valid=0.85  div_loss=-0.1641  kl_loss=0.0000 (disabled)  score=0.559  return=-0.341  role_std=7.5122  role_norm=57.6415  enc_delta ego=0.0023 partner=0.0027 road=0.0043
[ROMA step 4,612,423,680] sps=399,499  policy_loss=-0.0002  value_loss=1.4266  mi_loss=0.0018  mi_valid=0.82  div_loss=-0.1602  kl_loss=0.0000 (disabled)  score=0.558  return=-0.343  role_std=8.7264  role_norm=56.5735  enc_delta ego=0.0028 partner=0.0023 road=0.0040
[ROMA step 4,613,210,112] sps=398,670  policy_loss=0.0108  value_loss=1.5751  mi_loss=0.0019  mi_valid=0.79  div_loss=-0.1592  kl_loss=0.0000 (disabled)  score=0.557  return=-0.347  role_std=8.7670  role_norm=55.6772  enc_delta ego=0.0024 partner=0.0033 road=0.0045
[ROMA step 4,613,996,544] sps=398,390  policy_loss=0.0078  value_loss=1.5328  mi_loss=0.0020  mi_valid=0.82  div_loss=-0.1514  kl_loss=0.0000 (disabled)  score=0.556  return=-0.348  role_std=8.9005  role_norm=55.4864  enc_delta ego=0.0024 partner=0.0031 road=0.0044
[ROMA step 4,614,782,976] sps=398,111  policy_loss=-0.0006  value_loss=1.9099  mi_loss=0.0020  mi_valid=0.82  div_loss=-0.1748  kl_loss=0.0000 (disabled)  score=0.556  return=-0.358  role_std=8.3057  role_norm=55.4870  enc_delta ego=0.0024 partner=0.0026 road=0.0040
[ROMA step 4,615,569,408] sps=397,832  policy_loss=0.0060  value_loss=1.6429  mi_loss=0.0019  mi_valid=0.84  div_loss=-0.1553  kl_loss=0.0000 (disabled)  score=0.556  return=-0.364  role_std=8.6155  role_norm=54.2928  enc_delta ego=0.0029 partner=0.0024 road=0.0037
[ROMA step 4,616,355,840] sps=397,042  policy_loss=-0.0024  value_loss=1.7229  mi_loss=0.0017  mi_valid=0.81  div_loss=-0.1670  kl_loss=0.0000 (disabled)  score=0.557  return=-0.358  role_std=9.9761  role_norm=57.4796  enc_delta ego=0.0028 partner=0.0036 road=0.0055
[ROMA step 4,617,142,272] sps=396,761  policy_loss=0.0034  value_loss=1.4716  mi_loss=0.0018  mi_valid=0.81  div_loss=-0.1689  kl_loss=0.0000 (disabled)  score=0.558  return=-0.352  role_std=9.7073  role_norm=57.2141  enc_delta ego=0.0030 partner=0.0037 road=0.0048
[ROMA step 4,617,928,704] sps=396,488  policy_loss=0.0021  value_loss=1.7501  mi_loss=0.0018  mi_valid=0.81  div_loss=-0.1709  kl_loss=0.0000 (disabled)  score=0.560  return=-0.347  role_std=9.5276  role_norm=56.3906  enc_delta ego=0.0035 partner=0.0029 road=0.0041
[ROMA step 4,618,715,136] sps=395,730  policy_loss=0.0028  value_loss=1.2143  mi_loss=0.0017  mi_valid=0.78  div_loss=-0.1533  kl_loss=0.0000 (disabled)  score=0.561  return=-0.339  role_std=9.0314  role_norm=53.9323  enc_delta ego=0.0020 partner=0.0020 road=0.0036
[ROMA step 4,619,501,568] sps=395,457  policy_loss=-0.0035  value_loss=0.9489  mi_loss=0.0018  mi_valid=0.84  div_loss=-0.1426  kl_loss=0.0000 (disabled)  score=0.562  return=-0.332  role_std=8.8346  role_norm=53.0655  enc_delta ego=0.0024 partner=0.0025 road=0.0047
[ROMA step 4,620,288,000] sps=395,185  policy_loss=-0.0034  value_loss=1.4022  mi_loss=0.0018  mi_valid=0.84  div_loss=-0.1660  kl_loss=0.0000 (disabled)  score=0.562  return=-0.331  role_std=8.4705  role_norm=57.7992  enc_delta ego=0.0024 partner=0.0026 road=0.0045
[ROMA step 4,621,074,432] sps=394,914  policy_loss=0.0004  value_loss=1.2091  mi_loss=0.0016  mi_valid=0.81  div_loss=-0.1484  kl_loss=0.0000 (disabled)  score=0.563  return=-0.322  role_std=8.9353  role_norm=57.0750  enc_delta ego=0.0025 partner=0.0028 road=0.0041
[ROMA step 4,621,860,864] sps=394,006  policy_loss=0.0067  value_loss=1.6047  mi_loss=0.0018  mi_valid=0.79  div_loss=-0.1533  kl_loss=0.0000 (disabled)  score=0.564  return=-0.323  role_std=8.3451  role_norm=56.0413  enc_delta ego=0.0022 partner=0.0025 road=0.0038
[ROMA step 4,622,647,296] sps=393,734  policy_loss=0.0111  value_loss=1.2075  mi_loss=0.0018  mi_valid=0.82  div_loss=-0.1455  kl_loss=0.0000 (disabled)  score=0.565  return=-0.320  role_std=9.0825  role_norm=55.8231  enc_delta ego=0.0020 partner=0.0025 road=0.0036
[ROMA step 4,623,433,728] sps=393,463  policy_loss=-0.0038  value_loss=1.2219  mi_loss=0.0018  mi_valid=0.82  div_loss=-0.1484  kl_loss=0.0000 (disabled)  score=0.566  return=-0.320  role_std=7.9288  role_norm=55.3504  enc_delta ego=0.0026 partner=0.0025 road=0.0038
[ROMA step 4,624,220,160] sps=392,674  policy_loss=-0.0034  value_loss=1.4047  mi_loss=0.0018  mi_valid=0.81  div_loss=-0.1582  kl_loss=0.0000 (disabled)  score=0.567  return=-0.317  role_std=8.2141  role_norm=58.5419  enc_delta ego=0.0019 partner=0.0024 road=0.0035
[ROMA step 4,625,006,592] sps=392,393  policy_loss=-0.0086  value_loss=1.3321  mi_loss=0.0019  mi_valid=0.81  div_loss=-0.1484  kl_loss=0.0000 (disabled)  score=0.567  return=-0.316  role_std=9.0383  role_norm=58.4245  enc_delta ego=0.0021 partner=0.0031 road=0.0042
[ROMA step 4,625,793,024] sps=392,121  policy_loss=0.0044  value_loss=0.8209  mi_loss=0.0017  mi_valid=0.81  div_loss=-0.1406  kl_loss=0.0000 (disabled)  score=0.567  return=-0.318  role_std=7.8226  role_norm=57.9590  enc_delta ego=0.0023 partner=0.0031 road=0.0041
[ROMA step 4,626,579,456] sps=391,843  policy_loss=-0.0024  value_loss=1.5998  mi_loss=0.0016  mi_valid=0.82  div_loss=-0.1631  kl_loss=0.0000 (disabled)  score=0.567  return=-0.320  role_std=8.5939  role_norm=57.2468  enc_delta ego=0.0016 partner=0.0023 road=0.0033
[ROMA step 4,627,365,888] sps=391,082  policy_loss=0.0008  value_loss=1.3240  mi_loss=0.0017  mi_valid=0.78  div_loss=-0.1436  kl_loss=0.0000 (disabled)  score=0.567  return=-0.314  role_std=8.8802  role_norm=56.0721  enc_delta ego=0.0023 partner=0.0027 road=0.0047
[ROMA step 4,628,152,320] sps=390,820  policy_loss=-0.0024  value_loss=1.0309  mi_loss=0.0017  mi_valid=0.84  div_loss=-0.1436  kl_loss=0.0000 (disabled)  score=0.568  return=-0.314  role_std=7.1475  role_norm=59.6248  enc_delta ego=0.0035 partner=0.0024 road=0.0039
[ROMA step 4,628,938,752] sps=390,558  policy_loss=-0.0041  value_loss=1.4156  mi_loss=0.0017  mi_valid=0.83  div_loss=-0.1572  kl_loss=0.0000 (disabled)  score=0.568  return=-0.311  role_std=7.8563  role_norm=58.8038  enc_delta ego=0.0030 partner=0.0022 road=0.0035
[ROMA step 4,629,725,184] sps=389,793  policy_loss=0.0035  value_loss=1.2836  mi_loss=0.0018  mi_valid=0.78  div_loss=-0.1543  kl_loss=0.0000 (disabled)  score=0.568  return=-0.307  role_std=8.7285  role_norm=57.0229  enc_delta ego=0.0028 partner=0.0022 road=0.0040
[ROMA step 4,630,511,616] sps=389,528  policy_loss=0.0022  value_loss=1.6619  mi_loss=0.0017  mi_valid=0.81  div_loss=-0.1660  kl_loss=0.0000 (disabled)  score=0.569  return=-0.307  role_std=9.8572  role_norm=55.9577  enc_delta ego=0.0034 partner=0.0031 road=0.0046
[ROMA step 4,631,298,048] sps=389,266  policy_loss=0.0067  value_loss=2.2665  mi_loss=0.0018  mi_valid=0.81  div_loss=-0.1816  kl_loss=0.0000 (disabled)  score=0.569  return=-0.312  role_std=9.7594  role_norm=55.2943  enc_delta ego=0.0026 partner=0.0027 road=0.0039
[ROMA step 4,632,084,480] sps=389,004  policy_loss=-0.0009  value_loss=1.6668  mi_loss=0.0018  mi_valid=0.81  div_loss=-0.1689  kl_loss=0.0000 (disabled)  score=0.569  return=-0.321  role_std=9.7921  role_norm=53.8635  enc_delta ego=0.0030 partner=0.0028 road=0.0038
[ROMA step 4,632,870,912] sps=388,223  policy_loss=-0.0026  value_loss=1.5207  mi_loss=0.0017  mi_valid=0.81  div_loss=-0.1602  kl_loss=0.0000 (disabled)  score=0.569  return=-0.319  role_std=7.5199  role_norm=58.8632  enc_delta ego=0.0029 partner=0.0024 road=0.0043
[ROMA step 4,633,657,344] sps=387,957  policy_loss=-0.0009  value_loss=0.8183  mi_loss=0.0017  mi_valid=0.81  div_loss=-0.1396  kl_loss=0.0000 (disabled)  score=0.569  return=-0.311  role_std=7.9351  role_norm=58.3898  enc_delta ego=0.0028 partner=0.0026 road=0.0042
[ROMA step 4,634,443,776] sps=387,697  policy_loss=0.0019  value_loss=0.6788  mi_loss=0.0018  mi_valid=0.81  div_loss=-0.1357  kl_loss=0.0000 (disabled)  score=0.570  return=-0.302  role_std=7.8237  role_norm=57.7515  enc_delta ego=0.0020 partner=0.0024 road=0.0037
[ROMA step 4,635,230,208] sps=387,028  policy_loss=0.0028  value_loss=1.0435  mi_loss=0.0018  mi_valid=0.78  div_loss=-0.1465  kl_loss=0.0000 (disabled)  score=0.572  return=-0.299  role_std=9.3843  role_norm=55.9301  enc_delta ego=0.0018 partner=0.0023 road=0.0035
[ROMA step 4,636,016,640] sps=386,769  policy_loss=0.0048  value_loss=1.7457  mi_loss=0.0017  mi_valid=0.81  div_loss=-0.1641  kl_loss=0.0000 (disabled)  score=0.573  return=-0.290  role_std=8.4418  role_norm=54.2055  enc_delta ego=0.0026 partner=0.0027 road=0.0041
[ROMA step 4,636,803,072] sps=386,514  policy_loss=0.0020  value_loss=1.2555  mi_loss=0.0016  mi_valid=0.84  div_loss=-0.1631  kl_loss=0.0000 (disabled)  score=0.574  return=-0.282  role_std=8.1013  role_norm=57.8477  enc_delta ego=0.0025 partner=0.0027 road=0.0041
[ROMA step 4,637,589,504] sps=386,255  policy_loss=0.0049  value_loss=1.4837  mi_loss=0.0018  mi_valid=0.82  div_loss=-0.1670  kl_loss=0.0000 (disabled)  score=0.575  return=-0.272  role_std=8.1881  role_norm=57.7172  enc_delta ego=0.0025 partner=0.0026 road=0.0039
[ROMA step 4,638,375,936] sps=385,487  policy_loss=0.0061  value_loss=1.3746  mi_loss=0.0018  mi_valid=0.79  div_loss=-0.1592  kl_loss=0.0000 (disabled)  score=0.575  return=-0.261  role_std=8.2821  role_norm=56.6065  enc_delta ego=0.0027 partner=0.0023 road=0.0038
[ROMA step 4,639,162,368] sps=385,224  policy_loss=-0.0044  value_loss=0.8548  mi_loss=0.0017  mi_valid=0.82  div_loss=-0.1445  kl_loss=0.0000 (disabled)  score=0.575  return=-0.256  role_std=7.8376  role_norm=56.1575  enc_delta ego=0.0024 partner=0.0019 road=0.0032
[ROMA step 4,639,948,800] sps=384,959  policy_loss=0.0031  value_loss=0.7762  mi_loss=0.0018  mi_valid=0.82  div_loss=-0.1377  kl_loss=0.0000 (disabled)  score=0.575  return=-0.250  role_std=8.1245  role_norm=55.5474  enc_delta ego=0.0021 partner=0.0021 road=0.0036
[ROMA step 4,640,735,232] sps=384,686  policy_loss=-0.0001  value_loss=0.8453  mi_loss=0.0018  mi_valid=0.83  div_loss=-0.1436  kl_loss=0.0000 (disabled)  score=0.576  return=-0.240  role_std=8.7516  role_norm=54.6803  enc_delta ego=0.0015 partner=0.0018 road=0.0027
[ROMA step 4,641,521,664] sps=383,923  policy_loss=-0.0001  value_loss=0.9471  mi_loss=0.0017  mi_valid=0.81  div_loss=-0.1484  kl_loss=0.0000 (disabled)  score=0.576  return=-0.240  role_std=8.1648  role_norm=58.5663  enc_delta ego=0.0023 partner=0.0025 road=0.0044
[ROMA step 4,642,308,096] sps=383,672  policy_loss=0.0058  value_loss=1.0661  mi_loss=0.0018  mi_valid=0.81  div_loss=-0.1514  kl_loss=0.0000 (disabled)  score=0.576  return=-0.239  role_std=8.0766  role_norm=58.2295  enc_delta ego=0.0028 partner=0.0029 road=0.0048
[ROMA step 4,643,094,528] sps=383,422  policy_loss=0.0027  value_loss=0.9843  mi_loss=0.0019  mi_valid=0.81  div_loss=-0.1484  kl_loss=0.0000 (disabled)  score=0.575  return=-0.235  role_std=8.1102  role_norm=57.1189  enc_delta ego=0.0043 partner=0.0026 road=0.0041
[ROMA step 4,643,880,960] sps=382,696  policy_loss=0.0062  value_loss=1.0545  mi_loss=0.0018  mi_valid=0.79  div_loss=-0.1504  kl_loss=0.0000 (disabled)  score=0.575  return=-0.230  role_std=8.7709  role_norm=55.6980  enc_delta ego=0.0018 partner=0.0020 road=0.0037
[ROMA step 4,644,667,392] sps=382,440  policy_loss=-0.0007  value_loss=1.7838  mi_loss=0.0018  mi_valid=0.83  div_loss=-0.1758  kl_loss=0.0000 (disabled)  score=0.575  return=-0.236  role_std=8.7839  role_norm=54.6936  enc_delta ego=0.0025 partner=0.0026 road=0.0039
[ROMA step 4,645,453,824] sps=382,186  policy_loss=0.0004  value_loss=1.4555  mi_loss=0.0017  mi_valid=0.84  div_loss=-0.1816  kl_loss=0.0000 (disabled)  score=0.575  return=-0.238  role_std=8.5301  role_norm=57.8451  enc_delta ego=0.0024 partner=0.0026 road=0.0040
[ROMA step 4,646,240,256] sps=381,930  policy_loss=0.0001  value_loss=1.8943  mi_loss=0.0017  mi_valid=0.82  div_loss=-0.1924  kl_loss=0.0000 (disabled)  score=0.574  return=-0.238  role_std=9.7498  role_norm=57.1856  enc_delta ego=0.0024 partner=0.0029 road=0.0040
[ROMA step 4,647,026,688] sps=381,226  policy_loss=0.0016  value_loss=1.8271  mi_loss=0.0018  mi_valid=0.78  div_loss=-0.1934  kl_loss=0.0000 (disabled)  score=0.574  return=-0.250  role_std=9.6932  role_norm=56.1552  enc_delta ego=0.0031 partner=0.0028 road=0.0050
[ROMA step 4,647,813,120] sps=380,982  policy_loss=0.0021  value_loss=1.5403  mi_loss=0.0018  mi_valid=0.81  div_loss=-0.1855  kl_loss=0.0000 (disabled)  score=0.576  return=-0.251  role_std=11.2199  role_norm=54.9350  enc_delta ego=0.0021 partner=0.0025 road=0.0036
[ROMA step 4,648,599,552] sps=380,738  policy_loss=0.0025  value_loss=1.5215  mi_loss=0.0017  mi_valid=0.81  div_loss=-0.1875  kl_loss=0.0000 (disabled)  score=0.576  return=-0.258  role_std=10.9159  role_norm=53.6635  enc_delta ego=0.0034 partner=0.0024 road=0.0036
[ROMA step 4,649,385,984] sps=380,072  policy_loss=0.0051  value_loss=2.0016  mi_loss=0.0018  mi_valid=0.82  div_loss=-0.1807  kl_loss=0.0000 (disabled)  score=0.576  return=-0.267  role_std=8.1304  role_norm=58.3278  enc_delta ego=0.0024 partner=0.0020 road=0.0032
[ROMA step 4,650,172,416] sps=379,826  policy_loss=-0.0016  value_loss=1.1889  mi_loss=0.0018  mi_valid=0.81  div_loss=-0.1602  kl_loss=0.0000 (disabled)  score=0.575  return=-0.268  role_std=7.8493  role_norm=57.6718  enc_delta ego=0.0032 partner=0.0027 road=0.0036
[ROMA step 4,650,958,848] sps=379,575  policy_loss=0.0008  value_loss=1.2326  mi_loss=0.0018  mi_valid=0.81  div_loss=-0.1553  kl_loss=0.0000 (disabled)  score=0.575  return=-0.270  role_std=8.3316  role_norm=57.2434  enc_delta ego=0.0022 partner=0.0026 road=0.0037
[ROMA step 4,651,745,280] sps=379,316  policy_loss=-0.0040  value_loss=1.1313  mi_loss=0.0018  mi_valid=0.81  div_loss=-0.1592  kl_loss=0.0000 (disabled)  score=0.575  return=-0.274  role_std=9.2827  role_norm=56.6742  enc_delta ego=0.0022 partner=0.0024 road=0.0033
[ROMA step 4,652,531,712] sps=378,557  policy_loss=-0.0027  value_loss=1.6617  mi_loss=0.0019  mi_valid=0.79  div_loss=-0.1582  kl_loss=0.0000 (disabled)  score=0.575  return=-0.273  role_std=9.3071  role_norm=54.9698  enc_delta ego=0.0023 partner=0.0021 road=0.0034
[ROMA step 4,653,318,144] sps=378,312  policy_loss=-0.0031  value_loss=1.4476  mi_loss=0.0020  mi_valid=0.85  div_loss=-0.1504  kl_loss=0.0000 (disabled)  score=0.575  return=-0.272  role_std=8.0326  role_norm=58.2652  enc_delta ego=0.0022 partner=0.0025 road=0.0037
[ROMA step 4,654,104,576] sps=378,068  policy_loss=-0.0016  value_loss=1.5387  mi_loss=0.0017  mi_valid=0.84  div_loss=-0.1465  kl_loss=0.0000 (disabled)  score=0.575  return=-0.276  role_std=8.0337  role_norm=58.6185  enc_delta ego=0.0019 partner=0.0022 road=0.0029
[ROMA step 4,654,891,008] sps=377,433  policy_loss=0.0074  value_loss=1.1377  mi_loss=0.0019  mi_valid=0.79  div_loss=-0.1279  kl_loss=0.0000 (disabled)  score=0.575  return=-0.270  role_std=7.7232  role_norm=58.1155  enc_delta ego=0.0021 partner=0.0024 road=0.0036
[ROMA step 4,655,677,440] sps=377,187  policy_loss=0.0007  value_loss=0.9343  mi_loss=0.0020  mi_valid=0.82  div_loss=-0.1270  kl_loss=0.0000 (disabled)  score=0.573  return=-0.267  role_std=7.1722  role_norm=58.2886  enc_delta ego=0.0023 partner=0.0028 road=0.0045
[ROMA step 4,656,463,872] sps=376,937  policy_loss=-0.0017  value_loss=1.4576  mi_loss=0.0024  mi_valid=0.82  div_loss=-0.1377  kl_loss=0.0000 (disabled)  score=0.572  return=-0.277  role_std=7.9760  role_norm=58.0760  enc_delta ego=0.0024 partner=0.0023 road=0.0039
[ROMA step 4,657,250,304] sps=376,696  policy_loss=-0.0023  value_loss=1.4251  mi_loss=0.0019  mi_valid=0.82  div_loss=-0.1387  kl_loss=0.0000 (disabled)  score=0.570  return=-0.287  role_std=7.4080  role_norm=57.8729  enc_delta ego=0.0018 partner=0.0023 road=0.0031
[ROMA step 4,658,036,736] sps=376,026  policy_loss=-0.0056  value_loss=1.4331  mi_loss=0.0019  mi_valid=0.81  div_loss=-0.1357  kl_loss=0.0000 (disabled)  score=0.570  return=-0.288  role_std=9.1510  role_norm=59.2853  enc_delta ego=0.0023 partner=0.0028 road=0.0043
[ROMA step 4,658,823,168] sps=375,787  policy_loss=0.0015  value_loss=1.2863  mi_loss=0.0019  mi_valid=0.82  div_loss=-0.1318  kl_loss=0.0000 (disabled)  score=0.569  return=-0.282  role_std=8.0216  role_norm=59.3748  enc_delta ego=0.0024 partner=0.0033 road=0.0041
[ROMA step 4,659,609,600] sps=375,546  policy_loss=0.0031  value_loss=0.9111  mi_loss=0.0021  mi_valid=0.82  div_loss=-0.1240  kl_loss=0.0000 (disabled)  score=0.569  return=-0.267  role_std=7.1159  role_norm=59.0395  enc_delta ego=0.0018 partner=0.0027 road=0.0039
[ROMA step 4,660,396,032] sps=374,867  policy_loss=0.0019  value_loss=1.3917  mi_loss=0.0018  mi_valid=0.79  div_loss=-0.1426  kl_loss=0.0000 (disabled)  score=0.569  return=-0.257  role_std=9.0317  role_norm=58.3106  enc_delta ego=0.0020 partner=0.0029 road=0.0036
[ROMA step 4,661,182,464] sps=374,621  policy_loss=-0.0014  value_loss=1.2441  mi_loss=0.0019  mi_valid=0.81  div_loss=-0.1582  kl_loss=0.0000 (disabled)  score=0.568  return=-0.260  role_std=8.5034  role_norm=57.0737  enc_delta ego=0.0027 partner=0.0027 road=0.0037
[ROMA step 4,661,968,896] sps=374,357  policy_loss=-0.0023  value_loss=1.4558  mi_loss=0.0018  mi_valid=0.84  div_loss=-0.1748  kl_loss=0.0000 (disabled)  score=0.569  return=-0.267  role_std=8.8031  role_norm=59.3946  enc_delta ego=0.0021 partner=0.0025 road=0.0041
[ROMA step 4,662,755,328] sps=374,116  policy_loss=-0.0063  value_loss=1.6856  mi_loss=0.0020  mi_valid=0.82  div_loss=-0.1738  kl_loss=0.0000 (disabled)  score=0.569  return=-0.277  role_std=9.8765  role_norm=59.5053  enc_delta ego=0.0023 partner=0.0026 road=0.0038
[ROMA step 4,663,541,760] sps=373,415  policy_loss=0.0049  value_loss=1.5881  mi_loss=0.0020  mi_valid=0.78  div_loss=-0.1621  kl_loss=0.0000 (disabled)  score=0.568  return=-0.284  role_std=7.8801  role_norm=58.9269  enc_delta ego=0.0021 partner=0.0025 road=0.0038
[ROMA step 4,664,328,192] sps=373,180  policy_loss=-0.0004  value_loss=0.8282  mi_loss=0.0020  mi_valid=0.81  div_loss=-0.1338  kl_loss=0.0000 (disabled)  score=0.567  return=-0.278  role_std=8.7628  role_norm=58.0482  enc_delta ego=0.0023 partner=0.0024 road=0.0045
[ROMA step 4,665,114,624] sps=372,943  policy_loss=-0.0029  value_loss=0.9135  mi_loss=0.0020  mi_valid=0.81  div_loss=-0.1406  kl_loss=0.0000 (disabled)  score=0.567  return=-0.273  role_std=8.1640  role_norm=57.6738  enc_delta ego=0.0024 partner=0.0027 road=0.0032
[ROMA step 4,665,901,056] sps=372,709  policy_loss=0.0021  value_loss=0.9068  mi_loss=0.0022  mi_valid=0.82  div_loss=-0.1299  kl_loss=0.0000 (disabled)  score=0.567  return=-0.266  role_std=8.8109  role_norm=56.1799  enc_delta ego=0.0018 partner=0.0019 road=0.0029
[ROMA step 4,666,687,488] sps=372,077  policy_loss=0.0050  value_loss=1.2624  mi_loss=0.0018  mi_valid=0.82  div_loss=-0.1621  kl_loss=0.0000 (disabled)  score=0.568  return=-0.267  role_std=9.5413  role_norm=59.9880  enc_delta ego=0.0022 partner=0.0027 road=0.0036
[ROMA step 4,667,473,920] sps=371,840  policy_loss=0.0003  value_loss=1.4376  mi_loss=0.0017  mi_valid=0.81  div_loss=-0.1689  kl_loss=0.0000 (disabled)  score=0.569  return=-0.275  role_std=9.6503  role_norm=59.0864  enc_delta ego=0.0021 partner=0.0025 road=0.0037
[ROMA step 4,668,260,352] sps=371,595  policy_loss=0.0067  value_loss=0.9164  mi_loss=0.0018  mi_valid=0.81  div_loss=-0.1533  kl_loss=0.0000 (disabled)  score=0.569  return=-0.280  role_std=9.1737  role_norm=58.1794  enc_delta ego=0.0025 partner=0.0028 road=0.0042
[ROMA step 4,669,046,784] sps=370,914  policy_loss=-0.0029  value_loss=1.0214  mi_loss=0.0018  mi_valid=0.78  div_loss=-0.1465  kl_loss=0.0000 (disabled)  score=0.569  return=-0.278  role_std=9.0900  role_norm=56.5285  enc_delta ego=0.0022 partner=0.0025 road=0.0046
[ROMA step 4,669,833,216] sps=370,681  policy_loss=0.0059  value_loss=1.2246  mi_loss=0.0018  mi_valid=0.82  div_loss=-0.1621  kl_loss=0.0000 (disabled)  score=0.570  return=-0.277  role_std=8.7553  role_norm=56.2084  enc_delta ego=0.0024 partner=0.0027 road=0.0055
[ROMA step 4,670,619,648] sps=370,449  policy_loss=0.0029  value_loss=1.6496  mi_loss=0.0018  mi_valid=0.84  div_loss=-0.1504  kl_loss=0.0000 (disabled)  score=0.571  return=-0.277  role_std=7.9642  role_norm=60.0685  enc_delta ego=0.0021 partner=0.0024 road=0.0043
[ROMA step 4,671,406,080] sps=370,214  policy_loss=-0.0035  value_loss=1.2814  mi_loss=0.0021  mi_valid=0.81  div_loss=-0.1299  kl_loss=0.0000 (disabled)  score=0.573  return=-0.269  role_std=8.3443  role_norm=59.8050  enc_delta ego=0.0028 partner=0.0031 road=0.0044
[ROMA step 4,672,192,512] sps=369,550  policy_loss=-0.0039  value_loss=1.3401  mi_loss=0.0019  mi_valid=0.78  div_loss=-0.1377  kl_loss=0.0000 (disabled)  score=0.574  return=-0.267  role_std=8.2148  role_norm=59.1361  enc_delta ego=0.0023 partner=0.0024 road=0.0038
[ROMA step 4,672,978,944] sps=369,312  policy_loss=0.0010  value_loss=1.2695  mi_loss=0.0021  mi_valid=0.82  div_loss=-0.1387  kl_loss=0.0000 (disabled)  score=0.573  return=-0.258  role_std=8.7133  role_norm=58.2455  enc_delta ego=0.0028 partner=0.0027 road=0.0036
[ROMA step 4,673,765,376] sps=369,080  policy_loss=-0.0045  value_loss=1.3029  mi_loss=0.0019  mi_valid=0.81  div_loss=-0.1465  kl_loss=0.0000 (disabled)  score=0.573  return=-0.254  role_std=8.6265  role_norm=57.6568  enc_delta ego=0.0035 partner=0.0025 road=0.0033
[ROMA step 4,674,551,808] sps=368,425  policy_loss=-0.0015  value_loss=1.4591  mi_loss=0.0019  mi_valid=0.81  div_loss=-0.1553  kl_loss=0.0000 (disabled)  score=0.574  return=-0.249  role_std=9.0091  role_norm=60.5225  enc_delta ego=0.0031 partner=0.0027 road=0.0037
[ROMA step 4,675,338,240] sps=368,196  policy_loss=-0.0018  value_loss=1.5303  mi_loss=0.0018  mi_valid=0.81  div_loss=-0.1533  kl_loss=0.0000 (disabled)  score=0.575  return=-0.244  role_std=9.6929  role_norm=60.0682  enc_delta ego=0.0041 partner=0.0027 road=0.0043
[ROMA step 4,676,124,672] sps=367,968  policy_loss=0.0110  value_loss=1.7278  mi_loss=0.0018  mi_valid=0.81  div_loss=-0.1582  kl_loss=0.0000 (disabled)  score=0.577  return=-0.242  role_std=9.2676  role_norm=59.5547  enc_delta ego=0.0024 partner=0.0031 road=0.0041
[ROMA step 4,676,911,104] sps=367,741  policy_loss=0.0045  value_loss=1.2992  mi_loss=0.0019  mi_valid=0.81  div_loss=-0.1484  kl_loss=0.0000 (disabled)  score=0.579  return=-0.229  role_std=8.7310  role_norm=58.7132  enc_delta ego=0.0024 partner=0.0026 road=0.0034
[ROMA step 4,677,697,536] sps=367,141  policy_loss=0.0041  value_loss=1.1212  mi_loss=0.0019  mi_valid=0.78  div_loss=-0.1367  kl_loss=0.0000 (disabled)  score=0.581  return=-0.221  role_std=9.6923  role_norm=57.3923  enc_delta ego=0.0023 partner=0.0023 road=0.0029
[ROMA step 4,678,483,968] sps=366,912  policy_loss=-0.0005  value_loss=1.1912  mi_loss=0.0019  mi_valid=0.83  div_loss=-0.1455  kl_loss=0.0000 (disabled)  score=0.582  return=-0.219  role_std=10.4806  role_norm=57.0098  enc_delta ego=0.0020 partner=0.0025 road=0.0031
[ROMA step 4,679,270,400] sps=366,685  policy_loss=-0.0031  value_loss=1.4581  mi_loss=0.0020  mi_valid=0.83  div_loss=-0.1475  kl_loss=0.0000 (disabled)  score=0.583  return=-0.220  role_std=7.8739  role_norm=60.9439  enc_delta ego=0.0024 partner=0.0022 road=0.0030
[ROMA step 4,680,056,832] sps=366,022  policy_loss=0.0031  value_loss=2.0200  mi_loss=0.0020  mi_valid=0.78  div_loss=-0.1514  kl_loss=0.0000 (disabled)  score=0.586  return=-0.219  role_std=7.9025  role_norm=60.5218  enc_delta ego=0.0025 partner=0.0029 road=0.0039
[ROMA step 4,680,843,264] sps=365,794  policy_loss=-0.0022  value_loss=1.2775  mi_loss=0.0019  mi_valid=0.81  div_loss=-0.1318  kl_loss=0.0000 (disabled)  score=0.587  return=-0.214  role_std=7.4714  role_norm=60.0044  enc_delta ego=0.0027 partner=0.0021 road=0.0031
[ROMA step 4,681,629,696] sps=365,568  policy_loss=-0.0027  value_loss=1.2156  mi_loss=0.0019  mi_valid=0.81  div_loss=-0.1387  kl_loss=0.0000 (disabled)  score=0.589  return=-0.207  role_std=8.7187  role_norm=58.7515  enc_delta ego=0.0035 partner=0.0023 road=0.0038
[ROMA step 4,682,416,128] sps=365,344  policy_loss=-0.0015  value_loss=0.9655  mi_loss=0.0018  mi_valid=0.81  div_loss=-0.1357  kl_loss=0.0000 (disabled)  score=0.591  return=-0.203  role_std=7.8831  role_norm=57.8914  enc_delta ego=0.0027 partner=0.0024 road=0.0032
[ROMA step 4,683,202,560] sps=364,739  policy_loss=-0.0017  value_loss=1.6306  mi_loss=0.0018  mi_valid=0.81  div_loss=-0.1650  kl_loss=0.0000 (disabled)  score=0.591  return=-0.206  role_std=9.0352  role_norm=59.9104  enc_delta ego=0.0028 partner=0.0026 road=0.0035
[ROMA step 4,683,988,992] sps=364,518  policy_loss=-0.0046  value_loss=1.7421  mi_loss=0.0020  mi_valid=0.82  div_loss=-0.1807  kl_loss=0.0000 (disabled)  score=0.591  return=-0.212  role_std=9.6987  role_norm=59.1075  enc_delta ego=0.0025 partner=0.0031 road=0.0039
[ROMA step 4,684,775,424] sps=364,296  policy_loss=-0.0001  value_loss=1.4827  mi_loss=0.0020  mi_valid=0.81  div_loss=-0.1768  kl_loss=0.0000 (disabled)  score=0.592  return=-0.213  role_std=9.0343  role_norm=59.0298  enc_delta ego=0.0026 partner=0.0025 road=0.0043
[ROMA step 4,685,561,856] sps=363,650  policy_loss=0.0044  value_loss=1.9060  mi_loss=0.0020  mi_valid=0.79  div_loss=-0.1875  kl_loss=0.0000 (disabled)  score=0.594  return=-0.216  role_std=11.6585  role_norm=58.0037  enc_delta ego=0.0023 partner=0.0024 road=0.0037
[ROMA step 4,686,348,288] sps=363,426  policy_loss=0.0032  value_loss=1.6170  mi_loss=0.0020  mi_valid=0.82  div_loss=-0.1738  kl_loss=0.0000 (disabled)  score=0.593  return=-0.225  role_std=10.5018  role_norm=56.7617  enc_delta ego=0.0034 partner=0.0029 road=0.0047
[ROMA step 4,687,134,720] sps=363,202  policy_loss=0.0014  value_loss=1.3848  mi_loss=0.0020  mi_valid=0.84  div_loss=-0.1787  kl_loss=0.0000 (disabled)  score=0.593  return=-0.231  role_std=8.6669  role_norm=60.3729  enc_delta ego=0.0028 partner=0.0024 road=0.0049
[ROMA step 4,687,921,152] sps=362,978  policy_loss=-0.0023  value_loss=1.6667  mi_loss=0.0019  mi_valid=0.83  div_loss=-0.1924  kl_loss=0.0000 (disabled)  score=0.593  return=-0.245  role_std=9.5722  role_norm=60.0132  enc_delta ego=0.0029 partner=0.0028 road=0.0045
[ROMA step 4,688,707,584] sps=362,394  policy_loss=-0.0004  value_loss=2.0505  mi_loss=0.0019  mi_valid=0.78  div_loss=-0.1914  kl_loss=0.0000 (disabled)  score=0.593  return=-0.252  role_std=10.2441  role_norm=58.7995  enc_delta ego=0.0027 partner=0.0024 road=0.0036
[ROMA step 4,689,494,016] sps=362,177  policy_loss=0.0009  value_loss=1.4181  mi_loss=0.0019  mi_valid=0.81  div_loss=-0.1650  kl_loss=0.0000 (disabled)  score=0.593  return=-0.255  role_std=10.1777  role_norm=58.3797  enc_delta ego=0.0026 partner=0.0030 road=0.0035
[ROMA step 4,690,280,448] sps=361,962  policy_loss=0.0005  value_loss=1.2500  mi_loss=0.0019  mi_valid=0.81  div_loss=-0.1592  kl_loss=0.0000 (disabled)  score=0.592  return=-0.248  role_std=9.1479  role_norm=58.1167  enc_delta ego=0.0020 partner=0.0028 road=0.0038
[ROMA step 4,691,066,880] sps=361,746  policy_loss=0.0001  value_loss=1.2251  mi_loss=0.0019  mi_valid=0.82  div_loss=-0.1523  kl_loss=0.0000 (disabled)  score=0.591  return=-0.242  role_std=9.7459  role_norm=56.6395  enc_delta ego=0.0021 partner=0.0022 road=0.0031
[ROMA step 4,691,853,312] sps=361,119  policy_loss=0.0057  value_loss=1.3736  mi_loss=0.0020  mi_valid=0.84  div_loss=-0.1416  kl_loss=0.0000 (disabled)  score=0.590  return=-0.244  role_std=7.5130  role_norm=61.1847  enc_delta ego=0.0028 partner=0.0028 road=0.0041
[ROMA step 4,692,639,744] sps=360,892  policy_loss=-0.0016  value_loss=1.0214  mi_loss=0.0020  mi_valid=0.82  div_loss=-0.1348  kl_loss=0.0000 (disabled)  score=0.589  return=-0.249  role_std=8.4718  role_norm=60.7894  enc_delta ego=0.0022 partner=0.0029 road=0.0043
[ROMA step 4,693,426,176] sps=360,663  policy_loss=0.0025  value_loss=0.7813  mi_loss=0.0019  mi_valid=0.82  div_loss=-0.1523  kl_loss=0.0000 (disabled)  score=0.588  return=-0.253  role_std=8.1130  role_norm=60.1692  enc_delta ego=0.0024 partner=0.0022 road=0.0028
[ROMA step 4,694,212,608] sps=360,012  policy_loss=0.0076  value_loss=1.0244  mi_loss=0.0020  mi_valid=0.79  div_loss=-0.1436  kl_loss=0.0000 (disabled)  score=0.588  return=-0.255  role_std=8.4481  role_norm=58.0598  enc_delta ego=0.0020 partner=0.0023 road=0.0033
[ROMA step 4,694,999,040] sps=359,801  policy_loss=0.0031  value_loss=0.9108  mi_loss=0.0017  mi_valid=0.82  div_loss=-0.1377  kl_loss=0.0000 (disabled)  score=0.587  return=-0.248  role_std=7.9096  role_norm=57.3613  enc_delta ego=0.0025 partner=0.0026 road=0.0039
[ROMA step 4,695,785,472] sps=359,587  policy_loss=0.0047  value_loss=0.7441  mi_loss=0.0017  mi_valid=0.84  div_loss=-0.1338  kl_loss=0.0000 (disabled)  score=0.587  return=-0.243  role_std=7.0449  role_norm=61.4845  enc_delta ego=0.0021 partner=0.0021 road=0.0033
[ROMA step 4,696,571,904] sps=359,377  policy_loss=0.0033  value_loss=0.9300  mi_loss=0.0017  mi_valid=0.82  div_loss=-0.1416  kl_loss=0.0000 (disabled)  score=0.586  return=-0.244  role_std=7.3720  role_norm=61.0544  enc_delta ego=0.0021 partner=0.0024 road=0.0035
[ROMA step 4,697,358,336] sps=358,764  policy_loss=0.0031  value_loss=1.7794  mi_loss=0.0017  mi_valid=0.79  div_loss=-0.1621  kl_loss=0.0000 (disabled)  score=0.584  return=-0.247  role_std=9.9239  role_norm=59.3950  enc_delta ego=0.0017 partner=0.0021 road=0.0029
[ROMA step 4,698,144,768] sps=358,546  policy_loss=0.0068  value_loss=1.4717  mi_loss=0.0016  mi_valid=0.82  div_loss=-0.1602  kl_loss=0.0000 (disabled)  score=0.583  return=-0.246  role_std=9.2992  role_norm=58.2653  enc_delta ego=0.0023 partner=0.0022 road=0.0035
[ROMA step 4,698,931,200] sps=358,325  policy_loss=-0.0001  value_loss=0.9709  mi_loss=0.0016  mi_valid=0.82  div_loss=-0.1602  kl_loss=0.0000 (disabled)  score=0.582  return=-0.247  role_std=9.0062  role_norm=57.1516  enc_delta ego=0.0019 partner=0.0020 road=0.0030
[ROMA step 4,699,717,632] sps=357,746  policy_loss=0.0007  value_loss=1.3154  mi_loss=0.0016  mi_valid=0.82  div_loss=-0.1719  kl_loss=0.0000 (disabled)  score=0.581  return=-0.250  role_std=9.3422  role_norm=60.4730  enc_delta ego=0.0027 partner=0.0024 road=0.0038
[ROMA step 4,700,504,064] sps=357,530  policy_loss=0.0017  value_loss=1.7046  mi_loss=0.0017  mi_valid=0.82  div_loss=-0.1855  kl_loss=0.0000 (disabled)  score=0.580  return=-0.257  role_std=10.0088  role_norm=60.1187  enc_delta ego=0.0039 partner=0.0031 road=0.0043
[ROMA step 4,701,290,496] sps=357,318  policy_loss=-0.0067  value_loss=1.5182  mi_loss=0.0018  mi_valid=0.81  div_loss=-0.1816  kl_loss=0.0000 (disabled)  score=0.580  return=-0.262  role_std=10.3562  role_norm=59.2431  enc_delta ego=0.0027 partner=0.0035 road=0.0049
[ROMA step 4,702,076,928] sps=357,107  policy_loss=-0.0053  value_loss=1.6790  mi_loss=0.0018  mi_valid=0.81  div_loss=-0.1875  kl_loss=0.0000 (disabled)  score=0.579  return=-0.268  role_std=11.4664  role_norm=58.1883  enc_delta ego=0.0026 partner=0.0026 road=0.0037
[ROMA step 4,702,863,360] sps=356,586  policy_loss=0.0051  value_loss=2.0284  mi_loss=0.0017  mi_valid=0.79  div_loss=-0.1768  kl_loss=0.0000 (disabled)  score=0.578  return=-0.276  role_std=11.0804  role_norm=55.6018  enc_delta ego=0.0022 partner=0.0022 road=0.0035
[ROMA step 4,703,649,792] sps=356,376  policy_loss=0.0016  value_loss=1.0936  mi_loss=0.0016  mi_valid=0.83  div_loss=-0.1621  kl_loss=0.0000 (disabled)  score=0.576  return=-0.280  role_std=10.3870  role_norm=55.1099  enc_delta ego=0.0024 partner=0.0028 road=0.0038
[ROMA step 4,704,436,224] sps=356,168  policy_loss=0.0010  value_loss=1.4053  mi_loss=0.0017  mi_valid=0.84  div_loss=-0.1631  kl_loss=0.0000 (disabled)  score=0.575  return=-0.282  role_std=8.1874  role_norm=61.0946  enc_delta ego=0.0023 partner=0.0026 road=0.0039
[ROMA step 4,705,222,656] sps=355,637  policy_loss=0.0067  value_loss=1.4256  mi_loss=0.0017  mi_valid=0.78  div_loss=-0.1592  kl_loss=0.0000 (disabled)  score=0.574  return=-0.289  role_std=8.6620  role_norm=60.6699  enc_delta ego=0.0029 partner=0.0028 road=0.0040
[ROMA step 4,706,009,088] sps=355,429  policy_loss=0.0011  value_loss=1.3194  mi_loss=0.0018  mi_valid=0.81  div_loss=-0.1494  kl_loss=0.0000 (disabled)  score=0.573  return=-0.287  role_std=9.5726  role_norm=59.6998  enc_delta ego=0.0027 partner=0.0026 road=0.0040
[ROMA step 4,706,795,520] sps=355,220  policy_loss=0.0019  value_loss=1.2928  mi_loss=0.0018  mi_valid=0.81  div_loss=-0.1504  kl_loss=0.0000 (disabled)  score=0.572  return=-0.285  role_std=9.2681  role_norm=59.0272  enc_delta ego=0.0022 partner=0.0029 road=0.0045
[ROMA step 4,707,581,952] sps=355,010  policy_loss=0.0034  value_loss=1.3041  mi_loss=0.0018  mi_valid=0.81  div_loss=-0.1416  kl_loss=0.0000 (disabled)  score=0.571  return=-0.280  role_std=8.6310  role_norm=58.3102  enc_delta ego=0.0027 partner=0.0029 road=0.0042
[ROMA step 4,708,368,384] sps=354,493  policy_loss=-0.0038  value_loss=1.5823  mi_loss=0.0017  mi_valid=0.81  div_loss=-0.1436  kl_loss=0.0000 (disabled)  score=0.570  return=-0.279  role_std=8.4123  role_norm=61.6354  enc_delta ego=0.0019 partner=0.0025 road=0.0031
[ROMA step 4,709,154,816] sps=354,283  policy_loss=-0.0016  value_loss=1.7353  mi_loss=0.0017  mi_valid=0.81  div_loss=-0.1533  kl_loss=0.0000 (disabled)  score=0.569  return=-0.290  role_std=8.2951  role_norm=60.9831  enc_delta ego=0.0020 partner=0.0027 road=0.0037
[ROMA step 4,709,941,248] sps=354,076  policy_loss=0.0007  value_loss=1.3714  mi_loss=0.0016  mi_valid=0.81  div_loss=-0.1562  kl_loss=0.0000 (disabled)  score=0.568  return=-0.298  role_std=8.0253  role_norm=60.2401  enc_delta ego=0.0022 partner=0.0031 road=0.0045
[ROMA step 4,710,727,680] sps=353,524  policy_loss=-0.0038  value_loss=1.4579  mi_loss=0.0017  mi_valid=0.78  div_loss=-0.1670  kl_loss=0.0000 (disabled)  score=0.567  return=-0.307  role_std=9.2330  role_norm=58.6728  enc_delta ego=0.0022 partner=0.0026 road=0.0036
[ROMA step 4,711,514,112] sps=353,316  policy_loss=-0.0021  value_loss=1.1658  mi_loss=0.0017  mi_valid=0.81  div_loss=-0.1504  kl_loss=0.0000 (disabled)  score=0.567  return=-0.304  role_std=8.9243  role_norm=57.7704  enc_delta ego=0.0019 partner=0.0021 road=0.0033
[ROMA step 4,712,300,544] sps=353,105  policy_loss=-0.0010  value_loss=1.2556  mi_loss=0.0017  mi_valid=0.84  div_loss=-0.1465  kl_loss=0.0000 (disabled)  score=0.567  return=-0.295  role_std=7.6436  role_norm=61.5112  enc_delta ego=0.0021 partner=0.0024 road=0.0035
[ROMA step 4,713,086,976] sps=352,898  policy_loss=0.0060  value_loss=1.4005  mi_loss=0.0017  mi_valid=0.84  div_loss=-0.1533  kl_loss=0.0000 (disabled)  score=0.568  return=-0.289  role_std=8.0484  role_norm=61.6950  enc_delta ego=0.0022 partner=0.0023 road=0.0031
[ROMA step 4,713,873,408] sps=352,368  policy_loss=-0.0049  value_loss=1.3828  mi_loss=0.0017  mi_valid=0.78  div_loss=-0.1553  kl_loss=0.0000 (disabled)  score=0.569  return=-0.277  role_std=9.0543  role_norm=61.1470  enc_delta ego=0.0028 partner=0.0028 road=0.0037
[ROMA step 4,714,659,840] sps=352,165  policy_loss=-0.0029  value_loss=1.3714  mi_loss=0.0018  mi_valid=0.81  div_loss=-0.1582  kl_loss=0.0000 (disabled)  score=0.571  return=-0.269  role_std=9.3480  role_norm=60.7052  enc_delta ego=0.0027 partner=0.0030 road=0.0038
[ROMA step 4,715,446,272] sps=351,959  policy_loss=-0.0005  value_loss=1.3882  mi_loss=0.0017  mi_valid=0.81  div_loss=-0.1621  kl_loss=0.0000 (disabled)  score=0.574  return=-0.257  role_std=9.6965  role_norm=59.4913  enc_delta ego=0.0020 partner=0.0025 road=0.0030
[ROMA step 4,716,232,704] sps=351,369  policy_loss=0.0019  value_loss=1.5522  mi_loss=0.0017  mi_valid=0.81  div_loss=-0.1719  kl_loss=0.0000 (disabled)  score=0.577  return=-0.244  role_std=9.7548  role_norm=58.6105  enc_delta ego=0.0027 partner=0.0022 road=0.0027
[ROMA step 4,717,019,136] sps=351,166  policy_loss=0.0094  value_loss=2.0232  mi_loss=0.0020  mi_valid=0.84  div_loss=-0.1777  kl_loss=0.0000 (disabled)  score=0.577  return=-0.250  role_std=9.3440  role_norm=61.2506  enc_delta ego=0.0025 partner=0.0027 road=0.0037
[ROMA step 4,717,805,568] sps=350,954  policy_loss=0.0034  value_loss=2.0260  mi_loss=0.0018  mi_valid=0.81  div_loss=-0.1670  kl_loss=0.0000 (disabled)  score=0.578  return=-0.255  role_std=9.7855  role_norm=60.4202  enc_delta ego=0.0031 partner=0.0032 road=0.0038
[ROMA step 4,718,592,000] sps=350,752  policy_loss=0.0034  value_loss=2.0647  mi_loss=0.0018  mi_valid=0.81  div_loss=-0.1885  kl_loss=0.0000 (disabled)  score=0.579  return=-0.265  role_std=11.0929  role_norm=60.0747  enc_delta ego=0.0021 partner=0.0024 road=0.0030
[ROMA step 4,719,378,432] sps=350,196  policy_loss=0.0076  value_loss=2.0972  mi_loss=0.0019  mi_valid=0.79  div_loss=-0.1836  kl_loss=0.0000 (disabled)  score=0.579  return=-0.275  role_std=11.3142  role_norm=58.5310  enc_delta ego=0.0020 partner=0.0024 road=0.0034
[ROMA step 4,720,164,864] sps=349,986  policy_loss=0.0043  value_loss=1.6812  mi_loss=0.0019  mi_valid=0.81  div_loss=-0.1729  kl_loss=0.0000 (disabled)  score=0.580  return=-0.283  role_std=11.6454  role_norm=57.0173  enc_delta ego=0.0025 partner=0.0025 road=0.0037
[ROMA step 4,720,951,296] sps=349,787  policy_loss=0.0031  value_loss=1.6980  mi_loss=0.0018  mi_valid=0.84  div_loss=-0.1758  kl_loss=0.0000 (disabled)  score=0.580  return=-0.288  role_std=8.8969  role_norm=61.3368  enc_delta ego=0.0026 partner=0.0026 road=0.0035
[ROMA step 4,721,737,728] sps=349,588  policy_loss=-0.0016  value_loss=1.7463  mi_loss=0.0017  mi_valid=0.83  div_loss=-0.1826  kl_loss=0.0000 (disabled)  score=0.581  return=-0.298  role_std=9.8143  role_norm=60.4747  enc_delta ego=0.0026 partner=0.0026 road=0.0038
[ROMA step 4,722,524,160] sps=349,030  policy_loss=-0.0015  value_loss=1.7980  mi_loss=0.0018  mi_valid=0.79  div_loss=-0.1719  kl_loss=0.0000 (disabled)  score=0.580  return=-0.309  role_std=10.0984  role_norm=58.9207  enc_delta ego=0.0026 partner=0.0031 road=0.0040
[ROMA step 4,723,310,592] sps=348,833  policy_loss=0.0006  value_loss=1.5013  mi_loss=0.0019  mi_valid=0.82  div_loss=-0.1748  kl_loss=0.0000 (disabled)  score=0.578  return=-0.323  role_std=9.2882  role_norm=58.6548  enc_delta ego=0.0030 partner=0.0029 road=0.0040
[ROMA step 4,724,097,024] sps=348,637  policy_loss=-0.0022  value_loss=1.5734  mi_loss=0.0019  mi_valid=0.82  div_loss=-0.1748  kl_loss=0.0000 (disabled)  score=0.578  return=-0.336  role_std=10.0351  role_norm=57.8210  enc_delta ego=0.0027 partner=0.0028 road=0.0040
[ROMA step 4,724,883,456] sps=348,042  policy_loss=-0.0034  value_loss=1.2101  mi_loss=0.0018  mi_valid=0.81  div_loss=-0.1660  kl_loss=0.0000 (disabled)  score=0.578  return=-0.344  role_std=8.7197  role_norm=61.7014  enc_delta ego=0.0022 partner=0.0028 road=0.0041
[ROMA step 4,725,669,888] sps=347,846  policy_loss=0.0024  value_loss=1.2594  mi_loss=0.0019  mi_valid=0.83  div_loss=-0.1611  kl_loss=0.0000 (disabled)  score=0.577  return=-0.341  role_std=9.4991  role_norm=61.1390  enc_delta ego=0.0028 partner=0.0032 road=0.0047
[ROMA step 4,726,456,320] sps=347,650  policy_loss=-0.0027  value_loss=1.0421  mi_loss=0.0018  mi_valid=0.81  div_loss=-0.1543  kl_loss=0.0000 (disabled)  score=0.577  return=-0.342  role_std=9.1596  role_norm=60.9495  enc_delta ego=0.0019 partner=0.0025 road=0.0031
[ROMA step 4,727,242,752] sps=347,454  policy_loss=-0.0081  value_loss=0.7980  mi_loss=0.0019  mi_valid=0.81  div_loss=-0.1426  kl_loss=0.0000 (disabled)  score=0.577  return=-0.340  role_std=8.7752  role_norm=60.4317  enc_delta ego=0.0026 partner=0.0022 road=0.0034
[ROMA step 4,728,029,184] sps=346,912  policy_loss=-0.0047  value_loss=1.1044  mi_loss=0.0018  mi_valid=0.79  div_loss=-0.1592  kl_loss=0.0000 (disabled)  score=0.578  return=-0.333  role_std=9.8526  role_norm=59.6668  enc_delta ego=0.0025 partner=0.0026 road=0.0034
[ROMA step 4,728,815,616] sps=346,718  policy_loss=0.0021  value_loss=1.3324  mi_loss=0.0018  mi_valid=0.82  div_loss=-0.1631  kl_loss=0.0000 (disabled)  score=0.580  return=-0.330  role_std=10.4756  role_norm=57.3575  enc_delta ego=0.0019 partner=0.0027 road=0.0034
[ROMA step 4,729,602,048] sps=346,527  policy_loss=0.0031  value_loss=1.5418  mi_loss=0.0018  mi_valid=0.84  div_loss=-0.1670  kl_loss=0.0000 (disabled)  score=0.580  return=-0.330  role_std=8.7859  role_norm=62.0447  enc_delta ego=0.0021 partner=0.0027 road=0.0035
[ROMA step 4,730,388,480] sps=345,987  policy_loss=0.0050  value_loss=1.2090  mi_loss=0.0018  mi_valid=0.78  div_loss=-0.1631  kl_loss=0.0000 (disabled)  score=0.581  return=-0.317  role_std=8.5355  role_norm=61.2546  enc_delta ego=0.0033 partner=0.0028 road=0.0038
[ROMA step 4,731,174,912] sps=345,792  policy_loss=-0.0009  value_loss=1.4922  mi_loss=0.0017  mi_valid=0.81  div_loss=-0.1680  kl_loss=0.0000 (disabled)  score=0.581  return=-0.318  role_std=10.5750  role_norm=60.4269  enc_delta ego=0.0022 partner=0.0022 road=0.0032
[ROMA step 4,731,961,344] sps=345,581  policy_loss=-0.0021  value_loss=1.3138  mi_loss=0.0017  mi_valid=0.81  div_loss=-0.1689  kl_loss=0.0000 (disabled)  score=0.580  return=-0.319  role_std=10.0564  role_norm=59.4479  enc_delta ego=0.0026 partner=0.0027 road=0.0038
[ROMA step 4,732,747,776] sps=345,372  policy_loss=0.0092  value_loss=1.4739  mi_loss=0.0017  mi_valid=0.81  div_loss=-0.1670  kl_loss=0.0000 (disabled)  score=0.579  return=-0.320  role_std=11.4463  role_norm=58.0885  enc_delta ego=0.0023 partner=0.0025 road=0.0033
[ROMA step 4,733,534,208] sps=344,775  policy_loss=-0.0001  value_loss=1.5248  mi_loss=0.0017  mi_valid=0.81  div_loss=-0.1689  kl_loss=0.0000 (disabled)  score=0.579  return=-0.323  role_std=8.3889  role_norm=62.6802  enc_delta ego=0.0022 partner=0.0026 road=0.0044
[ROMA step 4,734,320,640] sps=344,576  policy_loss=-0.0043  value_loss=1.4378  mi_loss=0.0017  mi_valid=0.81  div_loss=-0.1709  kl_loss=0.0000 (disabled)  score=0.579  return=-0.325  role_std=9.2752  role_norm=62.3451  enc_delta ego=0.0023 partner=0.0021 road=0.0032
[ROMA step 4,735,107,072] sps=344,383  policy_loss=0.0013  value_loss=1.5341  mi_loss=0.0019  mi_valid=0.81  div_loss=-0.1562  kl_loss=0.0000 (disabled)  score=0.578  return=-0.330  role_std=8.3835  role_norm=62.3854  enc_delta ego=0.0030 partner=0.0022 road=0.0039
[ROMA step 4,735,893,504] sps=343,875  policy_loss=0.0007  value_loss=1.3192  mi_loss=0.0022  mi_valid=0.79  div_loss=-0.1445  kl_loss=0.0000 (disabled)  score=0.578  return=-0.334  role_std=8.4588  role_norm=61.5363  enc_delta ego=0.0022 partner=0.0026 road=0.0035
[ROMA step 4,736,679,936] sps=343,683  policy_loss=-0.0019  value_loss=1.5488  mi_loss=0.0020  mi_valid=0.82  div_loss=-0.1484  kl_loss=0.0000 (disabled)  score=0.577  return=-0.334  role_std=7.9624  role_norm=60.6496  enc_delta ego=0.0031 partner=0.0026 road=0.0040
[ROMA step 4,737,466,368] sps=343,491  policy_loss=0.0039  value_loss=1.6616  mi_loss=0.0019  mi_valid=0.83  div_loss=-0.1475  kl_loss=0.0000 (disabled)  score=0.575  return=-0.332  role_std=8.5045  role_norm=59.2485  enc_delta ego=0.0018 partner=0.0023 road=0.0035
[ROMA step 4,738,252,800] sps=343,293  policy_loss=-0.0015  value_loss=1.1469  mi_loss=0.0021  mi_valid=0.84  div_loss=-0.1426  kl_loss=0.0000 (disabled)  score=0.575  return=-0.332  role_std=8.7867  role_norm=63.2595  enc_delta ego=0.0021 partner=0.0021 road=0.0032
[ROMA step 4,739,039,232] sps=342,763  policy_loss=-0.0004  value_loss=1.6153  mi_loss=0.0020  mi_valid=0.78  div_loss=-0.1494  kl_loss=0.0000 (disabled)  score=0.575  return=-0.327  role_std=8.3560  role_norm=62.4236  enc_delta ego=0.0027 partner=0.0026 road=0.0046
[ROMA step 4,739,825,664] sps=342,574  policy_loss=0.0045  value_loss=1.6114  mi_loss=0.0019  mi_valid=0.81  div_loss=-0.1426  kl_loss=0.0000 (disabled)  score=0.575  return=-0.326  role_std=7.8706  role_norm=61.9520  enc_delta ego=0.0018 partner=0.0020 road=0.0029
[ROMA step 4,740,612,096] sps=342,382  policy_loss=-0.0019  value_loss=0.9888  mi_loss=0.0020  mi_valid=0.82  div_loss=-0.1309  kl_loss=0.0000 (disabled)  score=0.576  return=-0.318  role_std=8.2860  role_norm=60.9698  enc_delta ego=0.0017 partner=0.0017 road=0.0030
[ROMA step 4,741,398,528] sps=341,846  policy_loss=-0.0039  value_loss=1.0973  mi_loss=0.0019  mi_valid=0.81  div_loss=-0.1309  kl_loss=0.0000 (disabled)  score=0.576  return=-0.314  role_std=6.7309  role_norm=59.8724  enc_delta ego=0.0021 partner=0.0018 road=0.0029
[ROMA step 4,742,184,960] sps=341,655  policy_loss=0.0016  value_loss=1.6362  mi_loss=0.0020  mi_valid=0.84  div_loss=-0.1455  kl_loss=0.0000 (disabled)  score=0.574  return=-0.318  role_std=7.9241  role_norm=63.2606  enc_delta ego=0.0034 partner=0.0022 road=0.0040
[ROMA step 4,742,971,392] sps=341,465  policy_loss=0.0025  value_loss=1.3131  mi_loss=0.0018  mi_valid=0.82  div_loss=-0.1465  kl_loss=0.0000 (disabled)  score=0.571  return=-0.323  role_std=8.2703  role_norm=62.8960  enc_delta ego=0.0020 partner=0.0022 road=0.0039
[ROMA step 4,743,757,824] sps=341,275  policy_loss=0.0021  value_loss=1.5406  mi_loss=0.0018  mi_valid=0.82  div_loss=-0.1553  kl_loss=0.0000 (disabled)  score=0.568  return=-0.324  role_std=9.5685  role_norm=61.7267  enc_delta ego=0.0022 partner=0.0026 road=0.0041
[ROMA step 4,744,544,256] sps=340,756  policy_loss=0.0005  value_loss=0.8989  mi_loss=0.0018  mi_valid=0.79  div_loss=-0.1416  kl_loss=0.0000 (disabled)  score=0.565  return=-0.321  role_std=9.3584  role_norm=60.5152  enc_delta ego=0.0023 partner=0.0022 road=0.0037
[ROMA step 4,745,330,688] sps=340,569  policy_loss=0.0026  value_loss=0.9697  mi_loss=0.0018  mi_valid=0.82  div_loss=-0.1436  kl_loss=0.0000 (disabled)  score=0.563  return=-0.311  role_std=9.0942  role_norm=59.2504  enc_delta ego=0.0026 partner=0.0026 road=0.0036
[ROMA step 4,746,117,120] sps=340,381  policy_loss=-0.0023  value_loss=1.5414  mi_loss=0.0018  mi_valid=0.84  div_loss=-0.1494  kl_loss=0.0000 (disabled)  score=0.563  return=-0.312  role_std=8.1093  role_norm=63.5070  enc_delta ego=0.0015 partner=0.0018 road=0.0028
[ROMA step 4,746,903,552] sps=340,189  policy_loss=-0.0005  value_loss=1.1574  mi_loss=0.0017  mi_valid=0.84  div_loss=-0.1553  kl_loss=0.0000 (disabled)  score=0.562  return=-0.298  role_std=9.0981  role_norm=63.1447  enc_delta ego=0.0025 partner=0.0030 road=0.0038
[ROMA step 4,747,689,984] sps=339,689  policy_loss=0.0047  value_loss=1.1023  mi_loss=0.0021  mi_valid=0.78  div_loss=-0.1318  kl_loss=0.0000 (disabled)  score=0.562  return=-0.286  role_std=8.1546  role_norm=62.3442  enc_delta ego=0.0026 partner=0.0029 road=0.0047
[ROMA step 4,748,476,416] sps=339,503  policy_loss=0.0042  value_loss=0.7822  mi_loss=0.0017  mi_valid=0.81  div_loss=-0.1328  kl_loss=0.0000 (disabled)  score=0.562  return=-0.274  role_std=7.3805  role_norm=62.7986  enc_delta ego=0.0022 partner=0.0024 road=0.0036
[ROMA step 4,749,262,848] sps=339,316  policy_loss=-0.0048  value_loss=1.2380  mi_loss=0.0019  mi_valid=0.81  div_loss=-0.1426  kl_loss=0.0000 (disabled)  score=0.565  return=-0.265  role_std=8.9592  role_norm=62.0294  enc_delta ego=0.0015 partner=0.0022 road=0.0034
[ROMA step 4,750,049,280] sps=338,806  policy_loss=0.0045  value_loss=1.5894  mi_loss=0.0018  mi_valid=0.81  div_loss=-0.1465  kl_loss=0.0000 (disabled)  score=0.566  return=-0.255  role_std=9.4103  role_norm=63.6909  enc_delta ego=0.0027 partner=0.0021 road=0.0031
[ROMA step 4,750,835,712] sps=338,622  policy_loss=0.0005  value_loss=2.3054  mi_loss=0.0018  mi_valid=0.83  div_loss=-0.1729  kl_loss=0.0000 (disabled)  score=0.567  return=-0.260  role_std=9.2238  role_norm=63.1222  enc_delta ego=0.0024 partner=0.0029 road=0.0041
[ROMA] Saved -> /scratch/e452103/checkpoints/roma_mifutagent_dim1_H8_r16p64_ft_pc40_cb1_lr_nodiv/roma_dim1_step4750835712.pt
[ROMA step 4,751,622,144] sps=338,438  policy_loss=-0.0000  value_loss=1.5026  mi_loss=0.0018  mi_valid=0.81  div_loss=-0.1582  kl_loss=0.0000 (disabled)  score=0.568  return=-0.255  role_std=9.2092  role_norm=62.7055  enc_delta ego=0.0022 partner=0.0028 road=0.0045
[ROMA step 4,752,408,576] sps=338,255  policy_loss=0.0134  value_loss=1.8768  mi_loss=0.0018  mi_valid=0.82  div_loss=-0.1611  kl_loss=0.0000 (disabled)  score=0.568  return=-0.256  role_std=9.9638  role_norm=62.2475  enc_delta ego=0.0022 partner=0.0023 road=0.0039
[ROMA step 4,753,195,008] sps=337,764  policy_loss=0.0034  value_loss=1.2546  mi_loss=0.0020  mi_valid=0.79  div_loss=-0.1426  kl_loss=0.0000 (disabled)  score=0.569  return=-0.254  role_std=8.2721  role_norm=60.6505  enc_delta ego=0.0023 partner=0.0027 road=0.0048
[ROMA step 4,753,981,440] sps=337,583  policy_loss=0.0088  value_loss=1.2046  mi_loss=0.0018  mi_valid=0.81  div_loss=-0.1416  kl_loss=0.0000 (disabled)  score=0.570  return=-0.252  role_std=8.2259  role_norm=59.6232  enc_delta ego=0.0025 partner=0.0024 road=0.0037
[ROMA step 4,754,767,872] sps=337,402  policy_loss=-0.0017  value_loss=0.7777  mi_loss=0.0018  mi_valid=0.84  div_loss=-0.1318  kl_loss=0.0000 (disabled)  score=0.571  return=-0.247  role_std=7.4936  role_norm=63.0578  enc_delta ego=0.0031 partner=0.0022 road=0.0039
[ROMA step 4,755,554,304] sps=336,933  policy_loss=0.0002  value_loss=1.4835  mi_loss=0.0017  mi_valid=0.79  div_loss=-0.1514  kl_loss=0.0000 (disabled)  score=0.572  return=-0.249  role_std=8.8424  role_norm=62.1898  enc_delta ego=0.0018 partner=0.0018 road=0.0026
[ROMA step 4,756,340,736] sps=336,752  policy_loss=-0.0002  value_loss=1.4865  mi_loss=0.0018  mi_valid=0.81  div_loss=-0.1650  kl_loss=0.0000 (disabled)  score=0.571  return=-0.254  role_std=9.9992  role_norm=61.9442  enc_delta ego=0.0028 partner=0.0028 road=0.0037
[ROMA step 4,757,127,168] sps=336,566  policy_loss=0.0034  value_loss=1.2380  mi_loss=0.0019  mi_valid=0.81  div_loss=-0.1582  kl_loss=0.0000 (disabled)  score=0.571  return=-0.256  role_std=8.5995  role_norm=60.6869  enc_delta ego=0.0026 partner=0.0020 road=0.0035
[ROMA step 4,757,913,600] sps=336,384  policy_loss=0.0055  value_loss=1.3142  mi_loss=0.0019  mi_valid=0.81  div_loss=-0.1533  kl_loss=0.0000 (disabled)  score=0.571  return=-0.253  role_std=9.6093  role_norm=60.1600  enc_delta ego=0.0029 partner=0.0023 road=0.0035
[ROMA step 4,758,700,032] sps=335,885  policy_loss=0.0048  value_loss=1.2529  mi_loss=0.0018  mi_valid=0.81  div_loss=-0.1543  kl_loss=0.0000 (disabled)  score=0.571  return=-0.253  role_std=9.0285  role_norm=62.1901  enc_delta ego=0.0028 partner=0.0023 road=0.0036
[ROMA step 4,759,486,464] sps=335,705  policy_loss=0.0068  value_loss=1.1605  mi_loss=0.0019  mi_valid=0.82  div_loss=-0.1426  kl_loss=0.0000 (disabled)  score=0.571  return=-0.246  role_std=8.4575  role_norm=61.9563  enc_delta ego=0.0024 partner=0.0024 road=0.0035
[ROMA step 4,760,272,896] sps=335,527  policy_loss=0.0007  value_loss=1.5973  mi_loss=0.0019  mi_valid=0.81  div_loss=-0.1533  kl_loss=0.0000 (disabled)  score=0.571  return=-0.244  role_std=9.3091  role_norm=61.3457  enc_delta ego=0.0022 partner=0.0019 road=0.0026
[ROMA step 4,761,059,328] sps=335,034  policy_loss=0.0003  value_loss=1.2971  mi_loss=0.0020  mi_valid=0.79  div_loss=-0.1387  kl_loss=0.0000 (disabled)  score=0.571  return=-0.241  role_std=8.8524  role_norm=59.8114  enc_delta ego=0.0018 partner=0.0021 road=0.0034
[ROMA step 4,761,845,760] sps=334,857  policy_loss=-0.0017  value_loss=1.1568  mi_loss=0.0019  mi_valid=0.82  div_loss=-0.1348  kl_loss=0.0000 (disabled)  score=0.570  return=-0.240  role_std=8.2346  role_norm=60.6581  enc_delta ego=0.0032 partner=0.0022 road=0.0032
[ROMA step 4,762,632,192] sps=334,678  policy_loss=-0.0058  value_loss=1.3112  mi_loss=0.0019  mi_valid=0.83  div_loss=-0.1494  kl_loss=0.0000 (disabled)  score=0.570  return=-0.236  role_std=7.1264  role_norm=59.5579  enc_delta ego=0.0039 partner=0.0021 road=0.0030
[ROMA step 4,763,418,624] sps=334,492  policy_loss=-0.0081  value_loss=1.1906  mi_loss=0.0019  mi_valid=0.84  div_loss=-0.1504  kl_loss=0.0000 (disabled)  score=0.571  return=-0.233  role_std=8.9046  role_norm=61.9153  enc_delta ego=0.0023 partner=0.0025 road=0.0036
[ROMA step 4,764,205,056] sps=333,984  policy_loss=-0.0013  value_loss=1.6397  mi_loss=0.0019  mi_valid=0.78  div_loss=-0.1602  kl_loss=0.0000 (disabled)  score=0.572  return=-0.233  role_std=9.8742  role_norm=61.4880  enc_delta ego=0.0019 partner=0.0024 road=0.0034
[ROMA step 4,764,991,488] sps=333,803  policy_loss=-0.0053  value_loss=1.2029  mi_loss=0.0018  mi_valid=0.81  div_loss=-0.1631  kl_loss=0.0000 (disabled)  score=0.573  return=-0.230  role_std=10.0420  role_norm=60.9876  enc_delta ego=0.0026 partner=0.0030 road=0.0041
[ROMA step 4,765,777,920] sps=333,619  policy_loss=0.0048  value_loss=1.2255  mi_loss=0.0019  mi_valid=0.81  div_loss=-0.1631  kl_loss=0.0000 (disabled)  score=0.574  return=-0.230  role_std=9.5135  role_norm=60.4116  enc_delta ego=0.0030 partner=0.0023 road=0.0037
[ROMA step 4,766,564,352] sps=333,040  policy_loss=-0.0012  value_loss=1.0114  mi_loss=0.0018  mi_valid=0.80  div_loss=-0.1523  kl_loss=0.0000 (disabled)  score=0.575  return=-0.229  role_std=9.2916  role_norm=58.0124  enc_delta ego=0.0025 partner=0.0026 road=0.0041
[ROMA step 4,767,350,784] sps=332,859  policy_loss=0.0023  value_loss=1.6111  mi_loss=0.0018  mi_valid=0.84  div_loss=-0.1572  kl_loss=0.0000 (disabled)  score=0.575  return=-0.233  role_std=8.5959  role_norm=62.0524  enc_delta ego=0.0044 partner=0.0027 road=0.0035
[ROMA step 4,768,137,216] sps=332,683  policy_loss=0.0035  value_loss=1.4205  mi_loss=0.0018  mi_valid=0.81  div_loss=-0.1572  kl_loss=0.0000 (disabled)  score=0.575  return=-0.235  role_std=10.0627  role_norm=61.6127  enc_delta ego=0.0027 partner=0.0019 road=0.0030
[ROMA step 4,768,923,648] sps=332,503  policy_loss=0.0035  value_loss=1.4190  mi_loss=0.0019  mi_valid=0.81  div_loss=-0.1562  kl_loss=0.0000 (disabled)  score=0.575  return=-0.243  role_std=9.7656  role_norm=61.4240  enc_delta ego=0.0028 partner=0.0026 road=0.0035
[ROMA step 4,769,710,080] sps=332,003  policy_loss=0.0074  value_loss=1.1816  mi_loss=0.0019  mi_valid=0.79  div_loss=-0.1562  kl_loss=0.0000 (disabled)  score=0.575  return=-0.246  role_std=9.6467  role_norm=59.6739  enc_delta ego=0.0035 partner=0.0023 road=0.0034
[ROMA step 4,770,496,512] sps=331,829  policy_loss=-0.0015  value_loss=1.1327  mi_loss=0.0019  mi_valid=0.82  div_loss=-0.1650  kl_loss=0.0000 (disabled)  score=0.574  return=-0.244  role_std=8.4970  role_norm=59.1952  enc_delta ego=0.0042 partner=0.0023 road=0.0034
[ROMA step 4,771,282,944] sps=331,639  policy_loss=0.0060  value_loss=0.9166  mi_loss=0.0018  mi_valid=0.84  div_loss=-0.1611  kl_loss=0.0000 (disabled)  score=0.575  return=-0.241  role_std=9.1536  role_norm=62.4479  enc_delta ego=0.0029 partner=0.0023 road=0.0040
[ROMA step 4,772,069,376] sps=331,467  policy_loss=0.0027  value_loss=1.4212  mi_loss=0.0019  mi_valid=0.84  div_loss=-0.1680  kl_loss=0.0000 (disabled)  score=0.575  return=-0.241  role_std=9.6493  role_norm=62.2304  enc_delta ego=0.0015 partner=0.0018 road=0.0027
[ROMA step 4,772,855,808] sps=331,009  policy_loss=0.0032  value_loss=1.8888  mi_loss=0.0020  mi_valid=0.79  div_loss=-0.1719  kl_loss=0.0000 (disabled)  score=0.576  return=-0.253  role_std=11.0055  role_norm=61.1174  enc_delta ego=0.0021 partner=0.0027 road=0.0043
[ROMA step 4,773,642,240] sps=330,836  policy_loss=-0.0002  value_loss=1.8811  mi_loss=0.0019  mi_valid=0.82  div_loss=-0.1797  kl_loss=0.0000 (disabled)  score=0.576  return=-0.262  role_std=11.6944  role_norm=60.4607  enc_delta ego=0.0025 partner=0.0026 road=0.0041
[ROMA step 4,774,428,672] sps=330,663  policy_loss=0.0076  value_loss=1.8014  mi_loss=0.0022  mi_valid=0.82  div_loss=-0.1689  kl_loss=0.0000 (disabled)  score=0.576  return=-0.269  role_std=9.4396  role_norm=59.9387  enc_delta ego=0.0022 partner=0.0021 road=0.0033
[ROMA step 4,775,215,104] sps=330,198  policy_loss=-0.0025  value_loss=1.7329  mi_loss=0.0020  mi_valid=0.82  div_loss=-0.1641  kl_loss=0.0000 (disabled)  score=0.575  return=-0.275  role_std=9.5497  role_norm=62.5166  enc_delta ego=0.0025 partner=0.0020 road=0.0032
[ROMA step 4,776,001,536] sps=330,024  policy_loss=-0.0002  value_loss=1.3671  mi_loss=0.0019  mi_valid=0.84  div_loss=-0.1650  kl_loss=0.0000 (disabled)  score=0.575  return=-0.278  role_std=9.2960  role_norm=62.1415  enc_delta ego=0.0031 partner=0.0028 road=0.0041
[ROMA step 4,776,787,968] sps=329,849  policy_loss=-0.0031  value_loss=1.2265  mi_loss=0.0019  mi_valid=0.81  div_loss=-0.1533  kl_loss=0.0000 (disabled)  score=0.575  return=-0.279  role_std=8.3754  role_norm=61.9482  enc_delta ego=0.0031 partner=0.0020 road=0.0031
[ROMA step 4,777,574,400] sps=329,677  policy_loss=-0.0005  value_loss=1.1750  mi_loss=0.0022  mi_valid=0.81  div_loss=-0.1445  kl_loss=0.0000 (disabled)  score=0.575  return=-0.279  role_std=9.3961  role_norm=61.0892  enc_delta ego=0.0026 partner=0.0020 road=0.0036
[ROMA step 4,778,360,832] sps=329,212  policy_loss=0.0066  value_loss=1.6190  mi_loss=0.0019  mi_valid=0.78  div_loss=-0.1543  kl_loss=0.0000 (disabled)  score=0.576  return=-0.272  role_std=8.8440  role_norm=60.0979  enc_delta ego=0.0027 partner=0.0027 road=0.0040
[ROMA step 4,779,147,264] sps=329,038  policy_loss=0.0047  value_loss=1.3514  mi_loss=0.0018  mi_valid=0.81  div_loss=-0.1455  kl_loss=0.0000 (disabled)  score=0.578  return=-0.263  role_std=8.5829  role_norm=58.2138  enc_delta ego=0.0027 partner=0.0031 road=0.0040
[ROMA step 4,779,933,696] sps=328,865  policy_loss=-0.0020  value_loss=1.1483  mi_loss=0.0019  mi_valid=0.84  div_loss=-0.1465  kl_loss=0.0000 (disabled)  score=0.579  return=-0.259  role_std=7.7593  role_norm=62.2270  enc_delta ego=0.0028 partner=0.0028 road=0.0042
[ROMA step 4,780,720,128] sps=328,422  policy_loss=-0.0089  value_loss=1.4324  mi_loss=0.0019  mi_valid=0.80  div_loss=-0.1465  kl_loss=0.0000 (disabled)  score=0.580  return=-0.250  role_std=8.2944  role_norm=61.6392  enc_delta ego=0.0030 partner=0.0030 road=0.0040
[ROMA step 4,781,506,560] sps=328,250  policy_loss=0.0017  value_loss=1.7154  mi_loss=0.0019  mi_valid=0.81  div_loss=-0.1641  kl_loss=0.0000 (disabled)  score=0.579  return=-0.258  role_std=10.2800  role_norm=60.6638  enc_delta ego=0.0042 partner=0.0033 road=0.0055
[ROMA step 4,782,292,992] sps=328,078  policy_loss=0.0036  value_loss=1.3017  mi_loss=0.0019  mi_valid=0.81  div_loss=-0.1543  kl_loss=0.0000 (disabled)  score=0.577  return=-0.267  role_std=10.3599  role_norm=60.4085  enc_delta ego=0.0032 partner=0.0027 road=0.0038
[ROMA step 4,783,079,424] sps=327,907  policy_loss=0.0026  value_loss=1.5308  mi_loss=0.0018  mi_valid=0.81  div_loss=-0.1680  kl_loss=0.0000 (disabled)  score=0.576  return=-0.276  role_std=9.5830  role_norm=59.2497  enc_delta ego=0.0034 partner=0.0029 road=0.0041
[ROMA step 4,783,865,856] sps=327,395  policy_loss=0.0044  value_loss=1.3000  mi_loss=0.0019  mi_valid=0.82  div_loss=-0.1553  kl_loss=0.0000 (disabled)  score=0.575  return=-0.282  role_std=7.6941  role_norm=61.9031  enc_delta ego=0.0038 partner=0.0025 road=0.0039
[ROMA step 4,784,652,288] sps=327,223  policy_loss=0.0004  value_loss=1.2758  mi_loss=0.0019  mi_valid=0.83  div_loss=-0.1582  kl_loss=0.0000 (disabled)  score=0.573  return=-0.273  role_std=9.8992  role_norm=61.4969  enc_delta ego=0.0021 partner=0.0027 road=0.0040
[ROMA step 4,785,438,720] sps=327,049  policy_loss=0.0010  value_loss=1.7585  mi_loss=0.0017  mi_valid=0.81  div_loss=-0.1758  kl_loss=0.0000 (disabled)  score=0.572  return=-0.278  role_std=10.4742  role_norm=61.1969  enc_delta ego=0.0021 partner=0.0027 road=0.0037
[ROMA step 4,786,225,152] sps=326,587  policy_loss=-0.0015  value_loss=1.1699  mi_loss=0.0019  mi_valid=0.78  div_loss=-0.1543  kl_loss=0.0000 (disabled)  score=0.572  return=-0.279  role_std=9.2248  role_norm=59.9154  enc_delta ego=0.0023 partner=0.0022 road=0.0036
[ROMA step 4,787,011,584] sps=326,413  policy_loss=0.0102  value_loss=1.1262  mi_loss=0.0019  mi_valid=0.82  div_loss=-0.1562  kl_loss=0.0000 (disabled)  score=0.572  return=-0.278  role_std=8.9771  role_norm=59.5686  enc_delta ego=0.0017 partner=0.0019 road=0.0038
[ROMA step 4,787,798,016] sps=326,245  policy_loss=0.0002  value_loss=0.9366  mi_loss=0.0018  mi_valid=0.82  div_loss=-0.1436  kl_loss=0.0000 (disabled)  score=0.572  return=-0.272  role_std=9.6919  role_norm=58.4273  enc_delta ego=0.0021 partner=0.0026 road=0.0037
[ROMA step 4,788,584,448] sps=326,078  policy_loss=0.0081  value_loss=1.1066  mi_loss=0.0019  mi_valid=0.84  div_loss=-0.1436  kl_loss=0.0000 (disabled)  score=0.572  return=-0.267  role_std=8.2244  role_norm=63.1184  enc_delta ego=0.0022 partner=0.0025 road=0.0036
[ROMA step 4,789,370,880] sps=325,650  policy_loss=-0.0010  value_loss=1.3114  mi_loss=0.0019  mi_valid=0.78  div_loss=-0.1484  kl_loss=0.0000 (disabled)  score=0.572  return=-0.263  role_std=9.0863  role_norm=62.8914  enc_delta ego=0.0028 partner=0.0023 road=0.0037
[ROMA step 4,790,157,312] sps=325,486  policy_loss=0.0049  value_loss=1.0096  mi_loss=0.0018  mi_valid=0.81  div_loss=-0.1475  kl_loss=0.0000 (disabled)  score=0.574  return=-0.260  role_std=8.8269  role_norm=61.9456  enc_delta ego=0.0024 partner=0.0024 road=0.0036
[ROMA step 4,790,943,744] sps=325,324  policy_loss=0.0030  value_loss=1.0332  mi_loss=0.0019  mi_valid=0.81  div_loss=-0.1436  kl_loss=0.0000 (disabled)  score=0.574  return=-0.253  role_std=9.8334  role_norm=60.6588  enc_delta ego=0.0024 partner=0.0025 road=0.0044
[ROMA step 4,791,730,176] sps=324,892  policy_loss=-0.0026  value_loss=1.0865  mi_loss=0.0019  mi_valid=0.79  div_loss=-0.1406  kl_loss=0.0000 (disabled)  score=0.574  return=-0.252  role_std=10.4001  role_norm=58.7263  enc_delta ego=0.0023 partner=0.0021 road=0.0037
[ROMA step 4,792,516,608] sps=324,726  policy_loss=-0.0019  value_loss=1.2827  mi_loss=0.0019  mi_valid=0.84  div_loss=-0.1465  kl_loss=0.0000 (disabled)  score=0.574  return=-0.253  role_std=7.3816  role_norm=63.2302  enc_delta ego=0.0017 partner=0.0023 road=0.0035
[ROMA step 4,793,303,040] sps=324,560  policy_loss=0.0053  value_loss=1.3338  mi_loss=0.0019  mi_valid=0.81  div_loss=-0.1475  kl_loss=0.0000 (disabled)  score=0.574  return=-0.250  role_std=8.0307  role_norm=63.4047  enc_delta ego=0.0018 partner=0.0025 road=0.0037
[ROMA step 4,794,089,472] sps=324,395  policy_loss=0.0055  value_loss=1.4606  mi_loss=0.0019  mi_valid=0.81  div_loss=-0.1523  kl_loss=0.0000 (disabled)  score=0.574  return=-0.251  role_std=8.9567  role_norm=62.4023  enc_delta ego=0.0022 partner=0.0025 road=0.0036
[ROMA step 4,794,875,904] sps=323,796  policy_loss=-0.0002  value_loss=1.2036  mi_loss=0.0019  mi_valid=0.78  div_loss=-0.1436  kl_loss=0.0000 (disabled)  score=0.575  return=-0.249  role_std=9.4324  role_norm=60.5412  enc_delta ego=0.0019 partner=0.0023 road=0.0038
[ROMA step 4,795,662,336] sps=323,633  policy_loss=0.0033  value_loss=1.3469  mi_loss=0.0018  mi_valid=0.81  div_loss=-0.1494  kl_loss=0.0000 (disabled)  score=0.574  return=-0.247  role_std=8.6545  role_norm=60.0856  enc_delta ego=0.0023 partner=0.0025 road=0.0046
[ROMA step 4,796,448,768] sps=323,470  policy_loss=0.0009  value_loss=1.2702  mi_loss=0.0018  mi_valid=0.83  div_loss=-0.1465  kl_loss=0.0000 (disabled)  score=0.573  return=-0.242  role_std=8.1841  role_norm=59.1922  enc_delta ego=0.0019 partner=0.0021 road=0.0039
[ROMA step 4,797,235,200] sps=323,307  policy_loss=0.0026  value_loss=1.5097  mi_loss=0.0018  mi_valid=0.84  div_loss=-0.1543  kl_loss=0.0000 (disabled)  score=0.573  return=-0.243  role_std=8.4196  role_norm=62.8983  enc_delta ego=0.0026 partner=0.0025 road=0.0041
[ROMA step 4,798,021,632] sps=322,870  policy_loss=0.0030  value_loss=1.4882  mi_loss=0.0019  mi_valid=0.78  div_loss=-0.1484  kl_loss=0.0000 (disabled)  score=0.574  return=-0.240  role_std=9.6775  role_norm=61.7062  enc_delta ego=0.0023 partner=0.0022 road=0.0037
[ROMA step 4,798,808,064] sps=322,709  policy_loss=-0.0023  value_loss=1.0843  mi_loss=0.0019  mi_valid=0.81  div_loss=-0.1416  kl_loss=0.0000 (disabled)  score=0.574  return=-0.239  role_std=8.9835  role_norm=60.8927  enc_delta ego=0.0019 partner=0.0022 road=0.0039
[ROMA step 4,799,594,496] sps=322,548  policy_loss=-0.0044  value_loss=0.9936  mi_loss=0.0020  mi_valid=0.81  div_loss=-0.1367  kl_loss=0.0000 (disabled)  score=0.575  return=-0.233  role_std=7.9540  role_norm=60.5271  enc_delta ego=0.0022 partner=0.0025 road=0.0035
[ROMA step 4,800,380,928] sps=322,092  policy_loss=0.0029  value_loss=1.1573  mi_loss=0.0018  mi_valid=0.80  div_loss=-0.1396  kl_loss=0.0000 (disabled)  score=0.576  return=-0.225  role_std=7.6119  role_norm=59.5751  enc_delta ego=0.0022 partner=0.0020 road=0.0040
[ROMA step 4,801,167,360] sps=321,928  policy_loss=0.0050  value_loss=1.5561  mi_loss=0.0018  mi_valid=0.83  div_loss=-0.1602  kl_loss=0.0000 (disabled)  score=0.577  return=-0.218  role_std=9.2647  role_norm=62.4814  enc_delta ego=0.0015 partner=0.0018 road=0.0034
[ROMA step 4,801,953,792] sps=321,766  policy_loss=0.0049  value_loss=0.7419  mi_loss=0.0019  mi_valid=0.81  div_loss=-0.1338  kl_loss=0.0000 (disabled)  score=0.580  return=-0.198  role_std=7.8081  role_norm=62.4187  enc_delta ego=0.0021 partner=0.0024 road=0.0034
[ROMA step 4,802,740,224] sps=321,593  policy_loss=-0.0000  value_loss=1.1150  mi_loss=0.0020  mi_valid=0.81  div_loss=-0.1465  kl_loss=0.0000 (disabled)  score=0.582  return=-0.185  role_std=9.1716  role_norm=62.2656  enc_delta ego=0.0019 partner=0.0023 road=0.0036
[ROMA step 4,803,526,656] sps=321,139  policy_loss=0.0037  value_loss=1.0682  mi_loss=0.0020  mi_valid=0.78  div_loss=-0.1426  kl_loss=0.0000 (disabled)  score=0.583  return=-0.183  role_std=9.3834  role_norm=60.9996  enc_delta ego=0.0030 partner=0.0027 road=0.0049
[ROMA step 4,804,313,088] sps=320,978  policy_loss=-0.0038  value_loss=1.1799  mi_loss=0.0020  mi_valid=0.81  div_loss=-0.1406  kl_loss=0.0000 (disabled)  score=0.583  return=-0.186  role_std=8.6980  role_norm=60.4122  enc_delta ego=0.0027 partner=0.0022 road=0.0033
[ROMA step 4,805,099,520] sps=320,819  policy_loss=-0.0003  value_loss=0.9486  mi_loss=0.0020  mi_valid=0.84  div_loss=-0.1357  kl_loss=0.0000 (disabled)  score=0.582  return=-0.188  role_std=7.3044  role_norm=63.5863  enc_delta ego=0.0023 partner=0.0024 road=0.0032
[ROMA step 4,805,885,952] sps=320,397  policy_loss=0.0071  value_loss=1.3731  mi_loss=0.0019  mi_valid=0.80  div_loss=-0.1553  kl_loss=0.0000 (disabled)  score=0.581  return=-0.189  role_std=8.7605  role_norm=62.7025  enc_delta ego=0.0023 partner=0.0024 road=0.0033
[ROMA step 4,806,672,384] sps=320,236  policy_loss=0.0056  value_loss=1.3211  mi_loss=0.0020  mi_valid=0.81  div_loss=-0.1465  kl_loss=0.0000 (disabled)  score=0.580  return=-0.190  role_std=8.7282  role_norm=62.2713  enc_delta ego=0.0028 partner=0.0024 road=0.0033
[ROMA step 4,807,458,816] sps=320,078  policy_loss=-0.0000  value_loss=1.0245  mi_loss=0.0019  mi_valid=0.82  div_loss=-0.1436  kl_loss=0.0000 (disabled)  score=0.579  return=-0.191  role_std=8.5728  role_norm=61.5592  enc_delta ego=0.0022 partner=0.0023 road=0.0030
[ROMA step 4,808,245,248] sps=319,920  policy_loss=0.0050  value_loss=1.1871  mi_loss=0.0018  mi_valid=0.82  div_loss=-0.1357  kl_loss=0.0000 (disabled)  score=0.579  return=-0.188  role_std=9.5794  role_norm=60.7975  enc_delta ego=0.0025 partner=0.0022 road=0.0035
[ROMA step 4,809,031,680] sps=319,491  policy_loss=0.0017  value_loss=0.9864  mi_loss=0.0019  mi_valid=0.81  div_loss=-0.1289  kl_loss=0.0000 (disabled)  score=0.579  return=-0.185  role_std=6.7618  role_norm=64.4504  enc_delta ego=0.0021 partner=0.0020 road=0.0028
[ROMA step 4,809,818,112] sps=319,332  policy_loss=0.0001  value_loss=1.3084  mi_loss=0.0018  mi_valid=0.84  div_loss=-0.1455  kl_loss=0.0000 (disabled)  score=0.579  return=-0.178  role_std=7.2153  role_norm=64.2897  enc_delta ego=0.0020 partner=0.0023 road=0.0036
[ROMA step 4,810,604,544] sps=319,175  policy_loss=0.0025  value_loss=1.3414  mi_loss=0.0018  mi_valid=0.81  div_loss=-0.1465  kl_loss=0.0000 (disabled)  score=0.579  return=-0.173  role_std=9.4173  role_norm=63.3171  enc_delta ego=0.0020 partner=0.0025 road=0.0042
[ROMA step 4,811,390,976] sps=318,746  policy_loss=0.0067  value_loss=1.3267  mi_loss=0.0020  mi_valid=0.79  div_loss=-0.1543  kl_loss=0.0000 (disabled)  score=0.579  return=-0.171  role_std=10.1703  role_norm=61.9214  enc_delta ego=0.0022 partner=0.0024 road=0.0039
[ROMA step 4,812,177,408] sps=318,579  policy_loss=-0.0006  value_loss=1.4559  mi_loss=0.0020  mi_valid=0.81  div_loss=-0.1602  kl_loss=0.0000 (disabled)  score=0.581  return=-0.175  role_std=10.2826  role_norm=60.7845  enc_delta ego=0.0021 partner=0.0022 road=0.0043
[ROMA step 4,812,963,840] sps=318,413  policy_loss=0.0064  value_loss=1.3829  mi_loss=0.0019  mi_valid=0.82  div_loss=-0.1572  kl_loss=0.0000 (disabled)  score=0.582  return=-0.174  role_std=10.2640  role_norm=59.9794  enc_delta ego=0.0024 partner=0.0024 road=0.0041
[ROMA step 4,813,750,272] sps=318,254  policy_loss=0.0022  value_loss=1.3808  mi_loss=0.0020  mi_valid=0.84  div_loss=-0.1689  kl_loss=0.0000 (disabled)  score=0.582  return=-0.174  role_std=9.1812  role_norm=63.1439  enc_delta ego=0.0026 partner=0.0026 road=0.0045
[ROMA step 4,814,536,704] sps=317,817  policy_loss=0.0103  value_loss=1.4136  mi_loss=0.0019  mi_valid=0.79  div_loss=-0.1553  kl_loss=0.0000 (disabled)  score=0.582  return=-0.175  role_std=10.1982  role_norm=62.6494  enc_delta ego=0.0019 partner=0.0018 road=0.0035
[ROMA step 4,815,323,136] sps=317,661  policy_loss=0.0057  value_loss=1.1592  mi_loss=0.0020  mi_valid=0.82  div_loss=-0.1514  kl_loss=0.0000 (disabled)  score=0.581  return=-0.175  role_std=9.3706  role_norm=62.5846  enc_delta ego=0.0031 partner=0.0024 road=0.0040
[ROMA step 4,816,109,568] sps=317,506  policy_loss=0.0082  value_loss=1.3269  mi_loss=0.0019  mi_valid=0.82  div_loss=-0.1602  kl_loss=0.0000 (disabled)  score=0.581  return=-0.181  role_std=9.4553  role_norm=62.1955  enc_delta ego=0.0024 partner=0.0020 road=0.0031
[ROMA step 4,816,896,000] sps=317,064  policy_loss=-0.0037  value_loss=1.1911  mi_loss=0.0019  mi_valid=0.79  div_loss=-0.1602  kl_loss=0.0000 (disabled)  score=0.581  return=-0.182  role_std=10.5004  role_norm=60.0241  enc_delta ego=0.0023 partner=0.0021 road=0.0032
[ROMA step 4,817,682,432] sps=316,908  policy_loss=-0.0058  value_loss=1.1790  mi_loss=0.0020  mi_valid=0.84  div_loss=-0.1455  kl_loss=0.0000 (disabled)  score=0.581  return=-0.185  role_std=7.9802  role_norm=64.3243  enc_delta ego=0.0022 partner=0.0022 road=0.0037
[ROMA step 4,818,468,864] sps=316,752  policy_loss=0.0027  value_loss=1.2272  mi_loss=0.0021  mi_valid=0.82  div_loss=-0.1396  kl_loss=0.0000 (disabled)  score=0.581  return=-0.187  role_std=9.6757  role_norm=64.2021  enc_delta ego=0.0029 partner=0.0025 road=0.0035
[ROMA step 4,819,255,296] sps=316,596  policy_loss=0.0018  value_loss=1.7065  mi_loss=0.0021  mi_valid=0.81  div_loss=-0.1582  kl_loss=0.0000 (disabled)  score=0.581  return=-0.193  role_std=9.9093  role_norm=63.9130  enc_delta ego=0.0025 partner=0.0027 road=0.0037
[ROMA step 4,820,041,728] sps=316,157  policy_loss=0.0073  value_loss=1.8574  mi_loss=0.0018  mi_valid=0.78  div_loss=-0.1504  kl_loss=0.0000 (disabled)  score=0.582  return=-0.193  role_std=11.3430  role_norm=62.0558  enc_delta ego=0.0023 partner=0.0023 road=0.0032
[ROMA step 4,820,828,160] sps=315,999  policy_loss=-0.0071  value_loss=1.3420  mi_loss=0.0016  mi_valid=0.81  div_loss=-0.1660  kl_loss=0.0000 (disabled)  score=0.584  return=-0.193  role_std=9.0673  role_norm=60.8269  enc_delta ego=0.0019 partner=0.0018 road=0.0027
[ROMA step 4,821,614,592] sps=315,842  policy_loss=-0.0006  value_loss=1.2004  mi_loss=0.0016  mi_valid=0.82  div_loss=-0.1562  kl_loss=0.0000 (disabled)  score=0.585  return=-0.188  role_std=9.4674  role_norm=59.2904  enc_delta ego=0.0018 partner=0.0023 road=0.0031
[ROMA step 4,822,401,024] sps=315,684  policy_loss=0.0041  value_loss=1.5868  mi_loss=0.0017  mi_valid=0.83  div_loss=-0.1670  kl_loss=0.0000 (disabled)  score=0.587  return=-0.185  role_std=9.3296  role_norm=63.6324  enc_delta ego=0.0022 partner=0.0023 road=0.0031
[ROMA step 4,823,187,456] sps=315,259  policy_loss=0.0034  value_loss=1.6022  mi_loss=0.0017  mi_valid=0.78  div_loss=-0.1523  kl_loss=0.0000 (disabled)  score=0.587  return=-0.187  role_std=9.5499  role_norm=62.8743  enc_delta ego=0.0017 partner=0.0026 road=0.0040
[ROMA step 4,823,973,888] sps=315,108  policy_loss=-0.0010  value_loss=1.3210  mi_loss=0.0017  mi_valid=0.81  div_loss=-0.1553  kl_loss=0.0000 (disabled)  score=0.588  return=-0.189  role_std=8.9238  role_norm=62.5730  enc_delta ego=0.0017 partner=0.0023 road=0.0034
[ROMA step 4,824,760,320] sps=314,953  policy_loss=0.0003  value_loss=1.4795  mi_loss=0.0020  mi_valid=0.81  div_loss=-0.1641  kl_loss=0.0000 (disabled)  score=0.589  return=-0.189  role_std=10.1268  role_norm=61.6894  enc_delta ego=0.0021 partner=0.0022 road=0.0034
[ROMA step 4,825,546,752] sps=314,526  policy_loss=0.0021  value_loss=1.3984  mi_loss=0.0018  mi_valid=0.80  div_loss=-0.1572  kl_loss=0.0000 (disabled)  score=0.590  return=-0.191  role_std=8.9316  role_norm=58.9221  enc_delta ego=0.0015 partner=0.0019 road=0.0029
[ROMA step 4,826,333,184] sps=314,361  policy_loss=0.0022  value_loss=1.2483  mi_loss=0.0018  mi_valid=0.84  div_loss=-0.1494  kl_loss=0.0000 (disabled)  score=0.589  return=-0.191  role_std=9.1969  role_norm=63.7174  enc_delta ego=0.0017 partner=0.0021 road=0.0030
[ROMA step 4,827,119,616] sps=314,209  policy_loss=0.0023  value_loss=1.2042  mi_loss=0.0019  mi_valid=0.81  div_loss=-0.1455  kl_loss=0.0000 (disabled)  score=0.589  return=-0.193  role_std=9.1272  role_norm=63.7942  enc_delta ego=0.0026 partner=0.0033 road=0.0043
[ROMA step 4,827,906,048] sps=314,049  policy_loss=0.0122  value_loss=1.0966  mi_loss=0.0020  mi_valid=0.82  div_loss=-0.1279  kl_loss=0.0000 (disabled)  score=0.587  return=-0.196  role_std=8.2406  role_norm=63.9250  enc_delta ego=0.0019 partner=0.0028 road=0.0039
[ROMA step 4,828,692,480] sps=313,634  policy_loss=-0.0035  value_loss=1.6565  mi_loss=0.0019  mi_valid=0.79  div_loss=-0.1377  kl_loss=0.0000 (disabled)  score=0.586  return=-0.197  role_std=9.3605  role_norm=61.9700  enc_delta ego=0.0022 partner=0.0021 road=0.0036
[ROMA step 4,829,478,912] sps=313,478  policy_loss=0.0011  value_loss=1.6228  mi_loss=0.0018  mi_valid=0.82  div_loss=-0.1416  kl_loss=0.0000 (disabled)  score=0.584  return=-0.205  role_std=8.1254  role_norm=61.4735  enc_delta ego=0.0016 partner=0.0019 road=0.0030
[ROMA step 4,830,265,344] sps=313,326  policy_loss=-0.0044  value_loss=1.3360  mi_loss=0.0019  mi_valid=0.84  div_loss=-0.1514  kl_loss=0.0000 (disabled)  score=0.582  return=-0.215  role_std=7.9591  role_norm=64.4308  enc_delta ego=0.0019 partner=0.0021 road=0.0036
[ROMA step 4,831,051,776] sps=312,927  policy_loss=0.0032  value_loss=1.5696  mi_loss=0.0019  mi_valid=0.81  div_loss=-0.1562  kl_loss=0.0000 (disabled)  score=0.581  return=-0.221  role_std=9.0517  role_norm=63.9122  enc_delta ego=0.0020 partner=0.0024 road=0.0035
[ROMA step 4,831,838,208] sps=312,778  policy_loss=-0.0010  value_loss=1.2467  mi_loss=0.0019  mi_valid=0.81  div_loss=-0.1494  kl_loss=0.0000 (disabled)  score=0.580  return=-0.218  role_std=11.1614  role_norm=63.2296  enc_delta ego=0.0022 partner=0.0029 road=0.0042
[ROMA step 4,832,624,640] sps=312,628  policy_loss=0.0011  value_loss=0.7539  mi_loss=0.0019  mi_valid=0.81  div_loss=-0.1436  kl_loss=0.0000 (disabled)  score=0.578  return=-0.216  role_std=8.2621  role_norm=61.9572  enc_delta ego=0.0015 partner=0.0022 road=0.0025
[ROMA step 4,833,411,072] sps=312,479  policy_loss=-0.0030  value_loss=0.6500  mi_loss=0.0020  mi_valid=0.81  div_loss=-0.1387  kl_loss=0.0000 (disabled)  score=0.578  return=-0.210  role_std=8.2513  role_norm=60.8836  enc_delta ego=0.0016 partner=0.0022 road=0.0032
[ROMA step 4,834,197,504] sps=312,070  policy_loss=-0.0007  value_loss=0.8820  mi_loss=0.0019  mi_valid=0.82  div_loss=-0.1484  kl_loss=0.0000 (disabled)  score=0.577  return=-0.204  role_std=7.9925  role_norm=64.3656  enc_delta ego=0.0019 partner=0.0022 road=0.0030
[ROMA step 4,834,983,936] sps=311,920  policy_loss=0.0017  value_loss=0.9442  mi_loss=0.0017  mi_valid=0.84  div_loss=-0.1445  kl_loss=0.0000 (disabled)  score=0.577  return=-0.201  role_std=7.5351  role_norm=63.7654  enc_delta ego=0.0016 partner=0.0022 road=0.0034
[ROMA step 4,835,770,368] sps=311,761  policy_loss=-0.0038  value_loss=0.8809  mi_loss=0.0018  mi_valid=0.82  div_loss=-0.1445  kl_loss=0.0000 (disabled)  score=0.577  return=-0.197  role_std=8.9504  role_norm=63.0269  enc_delta ego=0.0017 partner=0.0023 road=0.0027
[ROMA step 4,836,556,800] sps=311,360  policy_loss=-0.0106  value_loss=0.7338  mi_loss=0.0020  mi_valid=0.78  div_loss=-0.1436  kl_loss=0.0000 (disabled)  score=0.577  return=-0.194  role_std=8.7239  role_norm=62.2204  enc_delta ego=0.0017 partner=0.0023 road=0.0030
[ROMA step 4,837,343,232] sps=311,210  policy_loss=-0.0035  value_loss=1.0345  mi_loss=0.0018  mi_valid=0.81  div_loss=-0.1523  kl_loss=0.0000 (disabled)  score=0.579  return=-0.188  role_std=9.3006  role_norm=61.0826  enc_delta ego=0.0019 partner=0.0018 road=0.0027
[ROMA step 4,838,129,664] sps=311,057  policy_loss=-0.0026  value_loss=0.9465  mi_loss=0.0019  mi_valid=0.81  div_loss=-0.1533  kl_loss=0.0000 (disabled)  score=0.581  return=-0.181  role_std=9.0708  role_norm=59.6880  enc_delta ego=0.0016 partner=0.0022 road=0.0029
[ROMA step 4,838,916,096] sps=310,907  policy_loss=0.0004  value_loss=0.9688  mi_loss=0.0017  mi_valid=0.83  div_loss=-0.1572  kl_loss=0.0000 (disabled)  score=0.583  return=-0.174  role_std=8.3431  role_norm=64.3468  enc_delta ego=0.0015 partner=0.0021 road=0.0032
[ROMA step 4,839,702,528] sps=310,505  policy_loss=0.0054  value_loss=1.3855  mi_loss=0.0018  mi_valid=0.80  div_loss=-0.1758  kl_loss=0.0000 (disabled)  score=0.584  return=-0.165  role_std=9.4671  role_norm=62.9741  enc_delta ego=0.0016 partner=0.0021 road=0.0032
[ROMA step 4,840,488,960] sps=310,359  policy_loss=0.0067  value_loss=1.3978  mi_loss=0.0016  mi_valid=0.81  div_loss=-0.1631  kl_loss=0.0000 (disabled)  score=0.585  return=-0.157  role_std=10.1725  role_norm=61.6219  enc_delta ego=0.0020 partner=0.0025 road=0.0034
[ROMA step 4,841,275,392] sps=310,208  policy_loss=0.0001  value_loss=1.1708  mi_loss=0.0017  mi_valid=0.81  div_loss=-0.1719  kl_loss=0.0000 (disabled)  score=0.585  return=-0.152  role_std=9.4795  role_norm=60.5956  enc_delta ego=0.0019 partner=0.0021 road=0.0034
[ROMA step 4,842,061,824] sps=309,786  policy_loss=-0.0026  value_loss=0.9612  mi_loss=0.0021  mi_valid=0.78  div_loss=-0.1475  kl_loss=0.0000 (disabled)  score=0.585  return=-0.148  role_std=9.7987  role_norm=57.6680  enc_delta ego=0.0022 partner=0.0024 road=0.0035
[ROMA step 4,842,848,256] sps=309,642  policy_loss=0.0003  value_loss=1.4867  mi_loss=0.0017  mi_valid=0.84  div_loss=-0.1523  kl_loss=0.0000 (disabled)  score=0.585  return=-0.151  role_std=8.5000  role_norm=64.2046  enc_delta ego=0.0020 partner=0.0020 road=0.0038
[ROMA step 4,843,634,688] sps=309,499  policy_loss=0.0031  value_loss=1.4299  mi_loss=0.0017  mi_valid=0.83  div_loss=-0.1611  kl_loss=0.0000 (disabled)  score=0.586  return=-0.154  role_std=8.8428  role_norm=63.4833  enc_delta ego=0.0023 partner=0.0023 road=0.0035
[ROMA step 4,844,421,120] sps=309,355  policy_loss=-0.0011  value_loss=1.2489  mi_loss=0.0018  mi_valid=0.81  div_loss=-0.1650  kl_loss=0.0000 (disabled)  score=0.586  return=-0.154  role_std=9.6331  role_norm=62.8240  enc_delta ego=0.0033 partner=0.0028 road=0.0042
[ROMA step 4,845,207,552] sps=308,913  policy_loss=0.0010  value_loss=1.1960  mi_loss=0.0021  mi_valid=0.78  div_loss=-0.1543  kl_loss=0.0000 (disabled)  score=0.586  return=-0.154  role_std=9.2691  role_norm=61.3981  enc_delta ego=0.0020 partner=0.0020 road=0.0033
[ROMA step 4,845,993,984] sps=308,759  policy_loss=0.0006  value_loss=1.0985  mi_loss=0.0018  mi_valid=0.81  div_loss=-0.1523  kl_loss=0.0000 (disabled)  score=0.586  return=-0.151  role_std=10.0577  role_norm=60.2511  enc_delta ego=0.0024 partner=0.0027 road=0.0036
[ROMA step 4,846,780,416] sps=308,611  policy_loss=0.0048  value_loss=0.8558  mi_loss=0.0018  mi_valid=0.82  div_loss=-0.1582  kl_loss=0.0000 (disabled)  score=0.586  return=-0.147  role_std=8.6678  role_norm=58.6713  enc_delta ego=0.0021 partner=0.0024 road=0.0035
[ROMA step 4,847,566,848] sps=308,462  policy_loss=0.0014  value_loss=0.8931  mi_loss=0.0019  mi_valid=0.84  div_loss=-0.1533  kl_loss=0.0000 (disabled)  score=0.585  return=-0.139  role_std=8.4658  role_norm=62.6918  enc_delta ego=0.0024 partner=0.0022 road=0.0035
[ROMA step 4,848,353,280] sps=308,053  policy_loss=0.0023  value_loss=1.0116  mi_loss=0.0020  mi_valid=0.78  div_loss=-0.1582  kl_loss=0.0000 (disabled)  score=0.584  return=-0.132  role_std=9.4077  role_norm=61.1574  enc_delta ego=0.0023 partner=0.0028 road=0.0034
[ROMA step 4,849,139,712] sps=307,908  policy_loss=0.0049  value_loss=1.3427  mi_loss=0.0020  mi_valid=0.81  div_loss=-0.1631  kl_loss=0.0000 (disabled)  score=0.583  return=-0.130  role_std=9.8552  role_norm=61.3274  enc_delta ego=0.0024 partner=0.0025 road=0.0036
[ROMA step 4,849,926,144] sps=307,764  policy_loss=-0.0053  value_loss=0.9742  mi_loss=0.0022  mi_valid=0.81  div_loss=-0.1621  kl_loss=0.0000 (disabled)  score=0.582  return=-0.125  role_std=10.0603  role_norm=60.4511  enc_delta ego=0.0018 partner=0.0021 road=0.0030
[ROMA step 4,850,712,576] sps=307,326  policy_loss=-0.0018  value_loss=0.8694  mi_loss=0.0019  mi_valid=0.79  div_loss=-0.1533  kl_loss=0.0000 (disabled)  score=0.582  return=-0.116  role_std=9.5425  role_norm=59.1862  enc_delta ego=0.0019 partner=0.0019 road=0.0031
[ROMA step 4,851,499,008] sps=307,177  policy_loss=-0.0001  value_loss=0.8380  mi_loss=0.0020  mi_valid=0.84  div_loss=-0.1387  kl_loss=0.0000 (disabled)  score=0.581  return=-0.113  role_std=7.8489  role_norm=64.2551  enc_delta ego=0.0018 partner=0.0022 road=0.0038
[ROMA step 4,852,285,440] sps=307,032  policy_loss=-0.0007  value_loss=1.4467  mi_loss=0.0020  mi_valid=0.81  div_loss=-0.1523  kl_loss=0.0000 (disabled)  score=0.581  return=-0.109  role_std=8.1615  role_norm=64.2510  enc_delta ego=0.0021 partner=0.0018 road=0.0034
[ROMA step 4,853,071,872] sps=306,882  policy_loss=0.0042  value_loss=1.5400  mi_loss=0.0020  mi_valid=0.81  div_loss=-0.1543  kl_loss=0.0000 (disabled)  score=0.581  return=-0.105  role_std=9.1549  role_norm=63.4004  enc_delta ego=0.0030 partner=0.0025 road=0.0041
[ROMA step 4,853,858,304] sps=306,516  policy_loss=0.0095  value_loss=1.1242  mi_loss=0.0019  mi_valid=0.78  div_loss=-0.1572  kl_loss=0.0000 (disabled)  score=0.582  return=-0.103  role_std=10.5059  role_norm=61.4131  enc_delta ego=0.0031 partner=0.0029 road=0.0038
[ROMA step 4,854,644,736] sps=306,375  policy_loss=0.0062  value_loss=1.1137  mi_loss=0.0019  mi_valid=0.81  div_loss=-0.1621  kl_loss=0.0000 (disabled)  score=0.584  return=-0.102  role_std=9.9997  role_norm=60.3944  enc_delta ego=0.0023 partner=0.0022 road=0.0036
[ROMA step 4,855,431,168] sps=306,233  policy_loss=-0.0019  value_loss=0.8253  mi_loss=0.0018  mi_valid=0.83  div_loss=-0.1523  kl_loss=0.0000 (disabled)  score=0.586  return=-0.096  role_std=9.9930  role_norm=58.4521  enc_delta ego=0.0019 partner=0.0022 road=0.0032
[ROMA step 4,856,217,600] sps=305,858  policy_loss=-0.0005  value_loss=1.4316  mi_loss=0.0021  mi_valid=0.81  div_loss=-0.1553  kl_loss=0.0000 (disabled)  score=0.587  return=-0.096  role_std=9.8366  role_norm=63.3984  enc_delta ego=0.0018 partner=0.0021 road=0.0032
[ROMA step 4,857,004,032] sps=305,719  policy_loss=-0.0012  value_loss=1.6050  mi_loss=0.0020  mi_valid=0.81  div_loss=-0.1787  kl_loss=0.0000 (disabled)  score=0.589  return=-0.095  role_std=10.8700  role_norm=62.6877  enc_delta ego=0.0023 partner=0.0027 road=0.0037
[ROMA step 4,857,790,464] sps=305,578  policy_loss=-0.0038  value_loss=1.4329  mi_loss=0.0019  mi_valid=0.81  div_loss=-0.1680  kl_loss=0.0000 (disabled)  score=0.590  return=-0.096  role_std=10.6503  role_norm=61.7650  enc_delta ego=0.0023 partner=0.0028 road=0.0042
[ROMA step 4,858,576,896] sps=305,438  policy_loss=0.0007  value_loss=1.3130  mi_loss=0.0018  mi_valid=0.82  div_loss=-0.1709  kl_loss=0.0000 (disabled)  score=0.591  return=-0.093  role_std=10.1344  role_norm=60.2280  enc_delta ego=0.0019 partner=0.0020 road=0.0031
[ROMA step 4,859,363,328] sps=305,025  policy_loss=-0.0027  value_loss=1.7012  mi_loss=0.0018  mi_valid=0.81  div_loss=-0.1602  kl_loss=0.0000 (disabled)  score=0.592  return=-0.096  role_std=10.3802  role_norm=58.7177  enc_delta ego=0.0027 partner=0.0024 road=0.0042
[ROMA step 4,860,149,760] sps=304,883  policy_loss=0.0045  value_loss=1.0919  mi_loss=0.0020  mi_valid=0.84  div_loss=-0.1494  kl_loss=0.0000 (disabled)  score=0.593  return=-0.091  role_std=8.3449  role_norm=64.0335  enc_delta ego=0.0022 partner=0.0027 road=0.0038
[ROMA step 4,860,936,192] sps=304,739  policy_loss=-0.0023  value_loss=1.0811  mi_loss=0.0020  mi_valid=0.81  div_loss=-0.1367  kl_loss=0.0000 (disabled)  score=0.594  return=-0.092  role_std=8.2559  role_norm=63.4226  enc_delta ego=0.0026 partner=0.0026 road=0.0035
[ROMA step 4,861,722,624] sps=304,331  policy_loss=-0.0009  value_loss=0.8635  mi_loss=0.0019  mi_valid=0.78  div_loss=-0.1270  kl_loss=0.0000 (disabled)  score=0.595  return=-0.091  role_std=9.2440  role_norm=61.7423  enc_delta ego=0.0017 partner=0.0021 road=0.0032
[ROMA step 4,862,509,056] sps=304,180  policy_loss=0.0034  value_loss=1.2112  mi_loss=0.0017  mi_valid=0.82  div_loss=-0.1484  kl_loss=0.0000 (disabled)  score=0.594  return=-0.099  role_std=8.5093  role_norm=61.1537  enc_delta ego=0.0019 partner=0.0021 road=0.0032
[ROMA step 4,863,295,488] sps=304,034  policy_loss=0.0058  value_loss=1.0732  mi_loss=0.0016  mi_valid=0.82  div_loss=-0.1494  kl_loss=0.0000 (disabled)  score=0.594  return=-0.105  role_std=9.2738  role_norm=60.0641  enc_delta ego=0.0015 partner=0.0020 road=0.0028
[ROMA step 4,864,081,920] sps=303,893  policy_loss=-0.0006  value_loss=1.0257  mi_loss=0.0016  mi_valid=0.84  div_loss=-0.1611  kl_loss=0.0000 (disabled)  score=0.594  return=-0.112  role_std=8.2634  role_norm=63.8473  enc_delta ego=0.0016 partner=0.0022 road=0.0031
[ROMA step 4,864,868,352] sps=303,505  policy_loss=0.0025  value_loss=1.6894  mi_loss=0.0018  mi_valid=0.80  div_loss=-0.1602  kl_loss=0.0000 (disabled)  score=0.592  return=-0.122  role_std=9.1872  role_norm=63.4940  enc_delta ego=0.0022 partner=0.0021 road=0.0034
[ROMA step 4,865,654,784] sps=303,366  policy_loss=-0.0014  value_loss=1.5014  mi_loss=0.0018  mi_valid=0.81  div_loss=-0.1602  kl_loss=0.0000 (disabled)  score=0.591  return=-0.127  role_std=10.6952  role_norm=63.4263  enc_delta ego=0.0020 partner=0.0024 road=0.0041
[ROMA step 4,866,441,216] sps=303,228  policy_loss=-0.0033  value_loss=1.2440  mi_loss=0.0018  mi_valid=0.81  div_loss=-0.1553  kl_loss=0.0000 (disabled)  score=0.589  return=-0.136  role_std=9.3510  role_norm=62.8865  enc_delta ego=0.0021 partner=0.0018 road=0.0033
[ROMA step 4,867,227,648] sps=302,845  policy_loss=-0.0003  value_loss=1.2217  mi_loss=0.0018  mi_valid=0.79  div_loss=-0.1611  kl_loss=0.0000 (disabled)  score=0.587  return=-0.144  role_std=10.6898  role_norm=61.2748  enc_delta ego=0.0021 partner=0.0021 road=0.0033
[ROMA step 4,868,014,080] sps=302,708  policy_loss=-0.0018  value_loss=1.4620  mi_loss=0.0017  mi_valid=0.84  div_loss=-0.1592  kl_loss=0.0000 (disabled)  score=0.587  return=-0.153  role_std=8.5269  role_norm=65.3372  enc_delta ego=0.0020 partner=0.0018 road=0.0030
[ROMA step 4,868,800,512] sps=302,572  policy_loss=-0.0035  value_loss=1.1802  mi_loss=0.0018  mi_valid=0.83  div_loss=-0.1455  kl_loss=0.0000 (disabled)  score=0.586  return=-0.153  role_std=8.9847  role_norm=65.2317  enc_delta ego=0.0022 partner=0.0019 road=0.0032
[ROMA step 4,869,586,944] sps=302,433  policy_loss=-0.0022  value_loss=1.1300  mi_loss=0.0017  mi_valid=0.81  div_loss=-0.1494  kl_loss=0.0000 (disabled)  score=0.586  return=-0.155  role_std=9.3236  role_norm=64.8301  enc_delta ego=0.0041 partner=0.0028 road=0.0043
[ROMA step 4,870,373,376] sps=302,048  policy_loss=0.0060  value_loss=1.2030  mi_loss=0.0018  mi_valid=0.78  div_loss=-0.1426  kl_loss=0.0000 (disabled)  score=0.586  return=-0.156  role_std=9.2448  role_norm=63.6357  enc_delta ego=0.0041 partner=0.0025 road=0.0040
[ROMA step 4,871,159,808] sps=301,905  policy_loss=0.0013  value_loss=1.0988  mi_loss=0.0020  mi_valid=0.81  div_loss=-0.1309  kl_loss=0.0000 (disabled)  score=0.586  return=-0.151  role_std=8.6936  role_norm=62.6894  enc_delta ego=0.0035 partner=0.0025 road=0.0039
[ROMA step 4,871,946,240] sps=301,769  policy_loss=-0.0028  value_loss=0.9254  mi_loss=0.0017  mi_valid=0.81  div_loss=-0.1416  kl_loss=0.0000 (disabled)  score=0.588  return=-0.146  role_std=8.9086  role_norm=62.0495  enc_delta ego=0.0023 partner=0.0026 road=0.0037
[ROMA step 4,872,732,672] sps=301,623  policy_loss=0.0008  value_loss=1.3570  mi_loss=0.0017  mi_valid=0.83  div_loss=-0.1465  kl_loss=0.0000 (disabled)  score=0.589  return=-0.144  role_std=9.3194  role_norm=66.0529  enc_delta ego=0.0030 partner=0.0021 road=0.0032
[ROMA step 4,873,519,104] sps=301,239  policy_loss=-0.0016  value_loss=1.8785  mi_loss=0.0018  mi_valid=0.79  div_loss=-0.1699  kl_loss=0.0000 (disabled)  score=0.590  return=-0.146  role_std=10.2776  role_norm=64.9430  enc_delta ego=0.0026 partner=0.0029 road=0.0044
[ROMA step 4,874,305,536] sps=301,104  policy_loss=-0.0001  value_loss=1.2648  mi_loss=0.0018  mi_valid=0.81  div_loss=-0.1602  kl_loss=0.0000 (disabled)  score=0.589  return=-0.151  role_std=9.5837  role_norm=63.8454  enc_delta ego=0.0018 partner=0.0022 road=0.0033
[ROMA step 4,875,091,968] sps=300,970  policy_loss=-0.0067  value_loss=0.9077  mi_loss=0.0018  mi_valid=0.81  div_loss=-0.1523  kl_loss=0.0000 (disabled)  score=0.589  return=-0.155  role_std=9.7401  role_norm=62.7799  enc_delta ego=0.0017 partner=0.0025 road=0.0034
[ROMA step 4,875,878,400] sps=300,620  policy_loss=-0.0069  value_loss=1.2343  mi_loss=0.0017  mi_valid=0.79  div_loss=-0.1553  kl_loss=0.0000 (disabled)  score=0.588  return=-0.161  role_std=9.6541  role_norm=60.0603  enc_delta ego=0.0026 partner=0.0022 road=0.0034
[ROMA step 4,876,664,832] sps=300,489  policy_loss=0.0091  value_loss=0.8342  mi_loss=0.0018  mi_valid=0.84  div_loss=-0.1426  kl_loss=0.0000 (disabled)  score=0.588  return=-0.160  role_std=8.5205  role_norm=65.1685  enc_delta ego=0.0019 partner=0.0024 road=0.0038
[ROMA step 4,877,451,264] sps=300,358  policy_loss=-0.0013  value_loss=1.0171  mi_loss=0.0019  mi_valid=0.82  div_loss=-0.1455  kl_loss=0.0000 (disabled)  score=0.588  return=-0.158  role_std=8.7911  role_norm=64.6796  enc_delta ego=0.0019 partner=0.0025 road=0.0034
[ROMA step 4,878,237,696] sps=300,228  policy_loss=0.0055  value_loss=1.0377  mi_loss=0.0018  mi_valid=0.81  div_loss=-0.1465  kl_loss=0.0000 (disabled)  score=0.588  return=-0.159  role_std=9.2886  role_norm=64.2578  enc_delta ego=0.0017 partner=0.0024 road=0.0033
[ROMA step 4,879,024,128] sps=299,845  policy_loss=-0.0050  value_loss=1.0666  mi_loss=0.0020  mi_valid=0.78  div_loss=-0.1436  kl_loss=0.0000 (disabled)  score=0.588  return=-0.165  role_std=10.1849  role_norm=63.0205  enc_delta ego=0.0028 partner=0.0024 road=0.0039
[ROMA step 4,879,810,560] sps=299,708  policy_loss=0.0008  value_loss=0.9424  mi_loss=0.0019  mi_valid=0.81  div_loss=-0.1475  kl_loss=0.0000 (disabled)  score=0.589  return=-0.169  role_std=8.4112  role_norm=61.8441  enc_delta ego=0.0027 partner=0.0023 road=0.0032
[ROMA step 4,880,596,992] sps=299,570  policy_loss=0.0071  value_loss=1.4055  mi_loss=0.0020  mi_valid=0.82  div_loss=-0.1562  kl_loss=0.0000 (disabled)  score=0.590  return=-0.171  role_std=8.8582  role_norm=59.7728  enc_delta ego=0.0023 partner=0.0021 road=0.0029
[ROMA step 4,881,383,424] sps=299,206  policy_loss=-0.0017  value_loss=0.9611  mi_loss=0.0019  mi_valid=0.80  div_loss=-0.1426  kl_loss=0.0000 (disabled)  score=0.590  return=-0.169  role_std=8.2620  role_norm=63.9105  enc_delta ego=0.0023 partner=0.0020 road=0.0035
[ROMA step 4,882,169,856] sps=299,070  policy_loss=0.0036  value_loss=0.8942  mi_loss=0.0020  mi_valid=0.80  div_loss=-0.1338  kl_loss=0.0000 (disabled)  score=0.592  return=-0.165  role_std=8.0729  role_norm=63.4378  enc_delta ego=0.0026 partner=0.0030 road=0.0045
[ROMA step 4,882,956,288] sps=298,933  policy_loss=-0.0096  value_loss=0.8039  mi_loss=0.0018  mi_valid=0.80  div_loss=-0.1348  kl_loss=0.0000 (disabled)  score=0.593  return=-0.162  role_std=8.5624  role_norm=63.5197  enc_delta ego=0.0017 partner=0.0022 road=0.0028
[ROMA step 4,883,742,720] sps=298,800  policy_loss=-0.0042  value_loss=1.1107  mi_loss=0.0018  mi_valid=0.81  div_loss=-0.1436  kl_loss=0.0000 (disabled)  score=0.594  return=-0.164  role_std=9.2409  role_norm=62.3452  enc_delta ego=0.0017 partner=0.0021 road=0.0030
[ROMA step 4,884,529,152] sps=298,439  policy_loss=0.0040  value_loss=1.1059  mi_loss=0.0020  mi_valid=0.79  div_loss=-0.1377  kl_loss=0.0000 (disabled)  score=0.595  return=-0.158  role_std=8.8428  role_norm=60.1387  enc_delta ego=0.0021 partner=0.0026 road=0.0048
[ROMA step 4,885,315,584] sps=298,309  policy_loss=-0.0031  value_loss=0.7934  mi_loss=0.0019  mi_valid=0.83  div_loss=-0.1357  kl_loss=0.0000 (disabled)  score=0.596  return=-0.147  role_std=8.1450  role_norm=65.0889  enc_delta ego=0.0020 partner=0.0024 road=0.0042
[ROMA step 4,886,102,016] sps=298,180  policy_loss=-0.0001  value_loss=1.0411  mi_loss=0.0019  mi_valid=0.81  div_loss=-0.1367  kl_loss=0.0000 (disabled)  score=0.598  return=-0.141  role_std=8.0440  role_norm=64.6367  enc_delta ego=0.0017 partner=0.0024 road=0.0045
[ROMA step 4,886,888,448] sps=297,816  policy_loss=-0.0031  value_loss=1.0861  mi_loss=0.0019  mi_valid=0.78  div_loss=-0.1289  kl_loss=0.0000 (disabled)  score=0.600  return=-0.134  role_std=8.9694  role_norm=64.2497  enc_delta ego=0.0017 partner=0.0025 road=0.0035
[ROMA step 4,887,674,880] sps=297,686  policy_loss=0.0062  value_loss=1.3443  mi_loss=0.0020  mi_valid=0.81  div_loss=-0.1426  kl_loss=0.0000 (disabled)  score=0.600  return=-0.135  role_std=7.8773  role_norm=63.5397  enc_delta ego=0.0027 partner=0.0024 road=0.0033
[ROMA step 4,888,461,312] sps=297,556  policy_loss=-0.0002  value_loss=1.5318  mi_loss=0.0018  mi_valid=0.81  div_loss=-0.1523  kl_loss=0.0000 (disabled)  score=0.600  return=-0.139  role_std=9.5112  role_norm=62.1576  enc_delta ego=0.0022 partner=0.0023 road=0.0034
[ROMA step 4,889,247,744] sps=297,425  policy_loss=-0.0044  value_loss=1.3309  mi_loss=0.0017  mi_valid=0.83  div_loss=-0.1455  kl_loss=0.0000 (disabled)  score=0.601  return=-0.146  role_std=8.8571  role_norm=65.2704  enc_delta ego=0.0023 partner=0.0017 road=0.0028
[ROMA step 4,890,034,176] sps=297,079  policy_loss=-0.0016  value_loss=1.3506  mi_loss=0.0018  mi_valid=0.80  div_loss=-0.1484  kl_loss=0.0000 (disabled)  score=0.602  return=-0.147  role_std=9.4262  role_norm=65.1243  enc_delta ego=0.0019 partner=0.0021 road=0.0032
[ROMA step 4,890,820,608] sps=296,953  policy_loss=0.0038  value_loss=1.2145  mi_loss=0.0019  mi_valid=0.80  div_loss=-0.1514  kl_loss=0.0000 (disabled)  score=0.604  return=-0.142  role_std=9.7019  role_norm=64.5568  enc_delta ego=0.0026 partner=0.0026 road=0.0036
[ROMA step 4,891,607,040] sps=296,827  policy_loss=0.0062  value_loss=1.2317  mi_loss=0.0020  mi_valid=0.80  div_loss=-0.1582  kl_loss=0.0000 (disabled)  score=0.607  return=-0.138  role_std=10.2756  role_norm=63.5764  enc_delta ego=0.0020 partner=0.0023 road=0.0046
[ROMA step 4,892,393,472] sps=296,467  policy_loss=0.0022  value_loss=1.1817  mi_loss=0.0020  mi_valid=0.78  div_loss=-0.1533  kl_loss=0.0000 (disabled)  score=0.610  return=-0.129  role_std=10.0178  role_norm=60.2178  enc_delta ego=0.0019 partner=0.0024 road=0.0039
[ROMA step 4,893,179,904] sps=296,335  policy_loss=-0.0014  value_loss=1.6434  mi_loss=0.0020  mi_valid=0.83  div_loss=-0.1709  kl_loss=0.0000 (disabled)  score=0.612  return=-0.129  role_std=9.2793  role_norm=64.8481  enc_delta ego=0.0034 partner=0.0027 road=0.0041
[ROMA step 4,893,966,336] sps=296,201  policy_loss=-0.0029  value_loss=1.5473  mi_loss=0.0018  mi_valid=0.83  div_loss=-0.1631  kl_loss=0.0000 (disabled)  score=0.613  return=-0.126  role_std=9.9497  role_norm=64.3095  enc_delta ego=0.0020 partner=0.0018 road=0.0032
[ROMA step 4,894,752,768] sps=296,069  policy_loss=-0.0002  value_loss=1.1742  mi_loss=0.0018  mi_valid=0.81  div_loss=-0.1553  kl_loss=0.0000 (disabled)  score=0.614  return=-0.124  role_std=9.6811  role_norm=64.2412  enc_delta ego=0.0026 partner=0.0024 road=0.0037
[ROMA step 4,895,539,200] sps=295,677  policy_loss=0.0077  value_loss=1.0987  mi_loss=0.0020  mi_valid=0.79  div_loss=-0.1475  kl_loss=0.0000 (disabled)  score=0.614  return=-0.118  role_std=9.4509  role_norm=62.6154  enc_delta ego=0.0016 partner=0.0019 road=0.0028
[ROMA step 4,896,325,632] sps=295,548  policy_loss=-0.0024  value_loss=1.1290  mi_loss=0.0018  mi_valid=0.82  div_loss=-0.1475  kl_loss=0.0000 (disabled)  score=0.615  return=-0.113  role_std=9.9137  role_norm=61.6411  enc_delta ego=0.0016 partner=0.0016 road=0.0030
[ROMA step 4,897,112,064] sps=295,419  policy_loss=0.0040  value_loss=0.9308  mi_loss=0.0017  mi_valid=0.82  div_loss=-0.1484  kl_loss=0.0000 (disabled)  score=0.615  return=-0.113  role_std=10.4121  role_norm=60.7440  enc_delta ego=0.0013 partner=0.0019 road=0.0030
[ROMA step 4,897,898,496] sps=295,291  policy_loss=-0.0042  value_loss=1.0172  mi_loss=0.0021  mi_valid=0.84  div_loss=-0.1504  kl_loss=0.0000 (disabled)  score=0.615  return=-0.112  role_std=8.1535  role_norm=65.0667  enc_delta ego=0.0024 partner=0.0025 road=0.0038
[ROMA step 4,898,684,928] sps=294,925  policy_loss=0.0004  value_loss=1.2115  mi_loss=0.0018  mi_valid=0.79  div_loss=-0.1357  kl_loss=0.0000 (disabled)  score=0.615  return=-0.107  role_std=9.3906  role_norm=64.2080  enc_delta ego=0.0018 partner=0.0025 road=0.0042
[ROMA step 4,899,471,360] sps=294,800  policy_loss=0.0027  value_loss=1.1666  mi_loss=0.0019  mi_valid=0.81  div_loss=-0.1416  kl_loss=0.0000 (disabled)  score=0.614  return=-0.108  role_std=9.2834  role_norm=64.1867  enc_delta ego=0.0015 partner=0.0021 road=0.0034
[ROMA step 4,900,257,792] sps=294,676  policy_loss=-0.0014  value_loss=0.8784  mi_loss=0.0019  mi_valid=0.81  div_loss=-0.1387  kl_loss=0.0000 (disabled)  score=0.613  return=-0.107  role_std=8.8120  role_norm=63.6465  enc_delta ego=0.0013 partner=0.0017 road=0.0029
[ROMA step 4,901,044,224] sps=294,329  policy_loss=0.0045  value_loss=0.9469  mi_loss=0.0020  mi_valid=0.78  div_loss=-0.1328  kl_loss=0.0000 (disabled)  score=0.612  return=-0.104  role_std=7.8358  role_norm=61.8642  enc_delta ego=0.0016 partner=0.0018 road=0.0033
[ROMA step 4,901,830,656] sps=294,205  policy_loss=-0.0080  value_loss=1.4220  mi_loss=0.0021  mi_valid=0.84  div_loss=-0.1455  kl_loss=0.0000 (disabled)  score=0.612  return=-0.098  role_std=10.7464  role_norm=65.2608  enc_delta ego=0.0026 partner=0.0022 road=0.0049
[ROMA step 4,902,617,088] sps=294,081  policy_loss=0.0032  value_loss=1.2861  mi_loss=0.0020  mi_valid=0.82  div_loss=-0.1357  kl_loss=0.0000 (disabled)  score=0.612  return=-0.098  role_std=9.0908  role_norm=64.8838  enc_delta ego=0.0015 partner=0.0029 road=0.0034
[ROMA step 4,903,403,520] sps=293,957  policy_loss=0.0024  value_loss=0.9403  mi_loss=0.0019  mi_valid=0.81  div_loss=-0.1396  kl_loss=0.0000 (disabled)  score=0.611  return=-0.096  role_std=8.4962  role_norm=64.6976  enc_delta ego=0.0018 partner=0.0019 road=0.0030
[ROMA step 4,904,189,952] sps=293,613  policy_loss=-0.0012  value_loss=1.1651  mi_loss=0.0019  mi_valid=0.78  div_loss=-0.1357  kl_loss=0.0000 (disabled)  score=0.611  return=-0.097  role_std=8.4855  role_norm=63.5763  enc_delta ego=0.0026 partner=0.0024 road=0.0041
[ROMA step 4,904,976,384] sps=293,485  policy_loss=-0.0055  value_loss=1.1502  mi_loss=0.0019  mi_valid=0.82  div_loss=-0.1426  kl_loss=0.0000 (disabled)  score=0.611  return=-0.098  role_std=7.0342  role_norm=62.6395  enc_delta ego=0.0023 partner=0.0022 road=0.0039
[ROMA step 4,905,762,816] sps=293,355  policy_loss=0.0007  value_loss=0.6745  mi_loss=0.0018  mi_valid=0.82  div_loss=-0.1309  kl_loss=0.0000 (disabled)  score=0.611  return=-0.093  role_std=7.5963  role_norm=60.9115  enc_delta ego=0.0020 partner=0.0026 road=0.0036
[ROMA step 4,906,549,248] sps=292,958  policy_loss=-0.0017  value_loss=1.0524  mi_loss=0.0018  mi_valid=0.81  div_loss=-0.1465  kl_loss=0.0000 (disabled)  score=0.611  return=-0.091  role_std=8.0265  role_norm=65.6251  enc_delta ego=0.0013 partner=0.0019 road=0.0025
[ROMA step 4,907,335,680] sps=292,832  policy_loss=0.0005  value_loss=1.1254  mi_loss=0.0019  mi_valid=0.81  div_loss=-0.1445  kl_loss=0.0000 (disabled)  score=0.611  return=-0.093  role_std=7.7881  role_norm=64.8576  enc_delta ego=0.0017 partner=0.0017 road=0.0030
[ROMA step 4,908,122,112] sps=292,707  policy_loss=-0.0019  value_loss=1.1912  mi_loss=0.0022  mi_valid=0.81  div_loss=-0.1572  kl_loss=0.0000 (disabled)  score=0.610  return=-0.095  role_std=9.5655  role_norm=63.9538  enc_delta ego=0.0018 partner=0.0017 road=0.0031
[ROMA step 4,908,908,544] sps=292,582  policy_loss=0.0017  value_loss=1.1719  mi_loss=0.0020  mi_valid=0.81  div_loss=-0.1543  kl_loss=0.0000 (disabled)  score=0.609  return=-0.095  role_std=10.3362  role_norm=62.7033  enc_delta ego=0.0025 partner=0.0021 road=0.0038
[ROMA step 4,909,694,976] sps=292,229  policy_loss=0.0085  value_loss=1.2073  mi_loss=0.0018  mi_valid=0.79  div_loss=-0.1533  kl_loss=0.0000 (disabled)  score=0.608  return=-0.095  role_std=10.3092  role_norm=59.1973  enc_delta ego=0.0016 partner=0.0021 road=0.0032
[ROMA step 4,910,481,408] sps=292,087  policy_loss=-0.0080  value_loss=0.9000  mi_loss=0.0018  mi_valid=0.83  div_loss=-0.1533  kl_loss=0.0000 (disabled)  score=0.608  return=-0.095  role_std=8.0750  role_norm=65.1577  enc_delta ego=0.0024 partner=0.0023 road=0.0040
[ROMA step 4,911,267,840] sps=291,963  policy_loss=0.0052  value_loss=1.2331  mi_loss=0.0017  mi_valid=0.81  div_loss=-0.1709  kl_loss=0.0000 (disabled)  score=0.606  return=-0.098  role_std=9.4143  role_norm=64.4553  enc_delta ego=0.0029 partner=0.0023 road=0.0041
[ROMA step 4,912,054,272] sps=291,615  policy_loss=0.0016  value_loss=1.1865  mi_loss=0.0018  mi_valid=0.78  div_loss=-0.1670  kl_loss=0.0000 (disabled)  score=0.605  return=-0.098  role_std=10.7998  role_norm=63.0633  enc_delta ego=0.0024 partner=0.0025 road=0.0045
[ROMA step 4,912,840,704] sps=291,486  policy_loss=0.0045  value_loss=1.3969  mi_loss=0.0018  mi_valid=0.81  div_loss=-0.1553  kl_loss=0.0000 (disabled)  score=0.603  return=-0.110  role_std=11.1771  role_norm=61.9879  enc_delta ego=0.0018 partner=0.0020 road=0.0038
[ROMA step 4,913,627,136] sps=291,361  policy_loss=0.0031  value_loss=1.2644  mi_loss=0.0020  mi_valid=0.81  div_loss=-0.1572  kl_loss=0.0000 (disabled)  score=0.602  return=-0.120  role_std=10.0467  role_norm=61.3584  enc_delta ego=0.0019 partner=0.0024 road=0.0040
[ROMA step 4,914,413,568] sps=291,233  policy_loss=-0.0050  value_loss=1.0756  mi_loss=0.0019  mi_valid=0.83  div_loss=-0.1514  kl_loss=0.0000 (disabled)  score=0.601  return=-0.127  role_std=9.0455  role_norm=60.8051  enc_delta ego=0.0027 partner=0.0023 road=0.0040
[ROMA step 4,915,200,000] sps=290,873  policy_loss=-0.0025  value_loss=1.2325  mi_loss=0.0018  mi_valid=0.81  div_loss=-0.1680  kl_loss=0.0000 (disabled)  score=0.600  return=-0.130  role_std=10.5298  role_norm=64.1215  enc_delta ego=0.0025 partner=0.0023 road=0.0040
[ROMA step 4,915,986,432] sps=290,749  policy_loss=-0.0019  value_loss=1.4225  mi_loss=0.0019  mi_valid=0.81  div_loss=-0.1699  kl_loss=0.0000 (disabled)  score=0.599  return=-0.139  role_std=9.4771  role_norm=63.6963  enc_delta ego=0.0042 partner=0.0026 road=0.0042
[ROMA step 4,916,772,864] sps=290,627  policy_loss=0.0039  value_loss=1.4595  mi_loss=0.0020  mi_valid=0.81  div_loss=-0.1689  kl_loss=0.0000 (disabled)  score=0.598  return=-0.143  role_std=11.1557  role_norm=62.4307  enc_delta ego=0.0023 partner=0.0024 road=0.0034
[ROMA step 4,917,559,296] sps=290,294  policy_loss=0.0100  value_loss=1.4451  mi_loss=0.0019  mi_valid=0.78  div_loss=-0.1621  kl_loss=0.0000 (disabled)  score=0.598  return=-0.154  role_std=8.3124  role_norm=61.2516  enc_delta ego=0.0020 partner=0.0019 road=0.0028
[ROMA step 4,918,345,728] sps=290,173  policy_loss=0.0021  value_loss=1.4250  mi_loss=0.0018  mi_valid=0.83  div_loss=-0.1465  kl_loss=0.0000 (disabled)  score=0.596  return=-0.152  role_std=7.9411  role_norm=60.6268  enc_delta ego=0.0027 partner=0.0020 road=0.0029
[ROMA step 4,919,132,160] sps=290,031  policy_loss=-0.0060  value_loss=1.4598  mi_loss=0.0019  mi_valid=0.84  div_loss=-0.1475  kl_loss=0.0000 (disabled)  score=0.595  return=-0.153  role_std=8.1882  role_norm=65.0699  enc_delta ego=0.0029 partner=0.0026 road=0.0037
[ROMA step 4,919,918,592] sps=289,910  policy_loss=0.0062  value_loss=1.3469  mi_loss=0.0019  mi_valid=0.81  div_loss=-0.1445  kl_loss=0.0000 (disabled)  score=0.594  return=-0.156  role_std=8.9727  role_norm=64.4696  enc_delta ego=0.0023 partner=0.0025 road=0.0045
[ROMA step 4,920,705,024] sps=289,579  policy_loss=-0.0010  value_loss=1.1028  mi_loss=0.0019  mi_valid=0.78  div_loss=-0.1396  kl_loss=0.0000 (disabled)  score=0.592  return=-0.158  role_std=8.6246  role_norm=63.5493  enc_delta ego=0.0021 partner=0.0022 road=0.0034
[ROMA step 4,921,491,456] sps=289,455  policy_loss=-0.0001  value_loss=1.1500  mi_loss=0.0017  mi_valid=0.81  div_loss=-0.1436  kl_loss=0.0000 (disabled)  score=0.591  return=-0.152  role_std=8.8717  role_norm=62.4180  enc_delta ego=0.0018 partner=0.0022 road=0.0038
[ROMA step 4,922,277,888] sps=289,326  policy_loss=0.0002  value_loss=1.1214  mi_loss=0.0018  mi_valid=0.81  div_loss=-0.1494  kl_loss=0.0000 (disabled)  score=0.591  return=-0.150  role_std=8.2739  role_norm=60.5047  enc_delta ego=0.0016 partner=0.0022 road=0.0036
[ROMA step 4,923,064,320] sps=289,191  policy_loss=0.0148  value_loss=1.2188  mi_loss=0.0018  mi_valid=0.84  div_loss=-0.1426  kl_loss=0.0000 (disabled)  score=0.591  return=-0.152  role_std=7.1747  role_norm=64.7160  enc_delta ego=0.0018 partner=0.0022 road=0.0035
[ROMA step 4,923,850,752] sps=288,835  policy_loss=-0.0017  value_loss=1.0192  mi_loss=0.0018  mi_valid=0.80  div_loss=-0.1445  kl_loss=0.0000 (disabled)  score=0.592  return=-0.150  role_std=8.6824  role_norm=63.8400  enc_delta ego=0.0033 partner=0.0025 road=0.0040
[ROMA step 4,924,637,184] sps=288,713  policy_loss=0.0010  value_loss=1.2021  mi_loss=0.0018  mi_valid=0.81  div_loss=-0.1494  kl_loss=0.0000 (disabled)  score=0.592  return=-0.148  role_std=8.8426  role_norm=63.6337  enc_delta ego=0.0016 partner=0.0017 road=0.0031
[ROMA step 4,925,423,616] sps=288,592  policy_loss=-0.0013  value_loss=1.0174  mi_loss=0.0019  mi_valid=0.81  div_loss=-0.1514  kl_loss=0.0000 (disabled)  score=0.591  return=-0.151  role_std=9.7687  role_norm=63.0701  enc_delta ego=0.0021 partner=0.0022 road=0.0039
[ROMA step 4,926,210,048] sps=288,272  policy_loss=-0.0038  value_loss=1.1033  mi_loss=0.0018  mi_valid=0.79  div_loss=-0.1572  kl_loss=0.0000 (disabled)  score=0.591  return=-0.154  role_std=11.2997  role_norm=60.4772  enc_delta ego=0.0021 partner=0.0021 road=0.0032
[ROMA step 4,926,996,480] sps=288,152  policy_loss=-0.0071  value_loss=1.5940  mi_loss=0.0019  mi_valid=0.84  div_loss=-0.1748  kl_loss=0.0000 (disabled)  score=0.591  return=-0.162  role_std=9.1180  role_norm=65.2514  enc_delta ego=0.0022 partner=0.0023 road=0.0031
[ROMA step 4,927,782,912] sps=288,033  policy_loss=0.0019  value_loss=1.3476  mi_loss=0.0022  mi_valid=0.83  div_loss=-0.1787  kl_loss=0.0000 (disabled)  score=0.590  return=-0.170  role_std=9.9202  role_norm=64.7465  enc_delta ego=0.0022 partner=0.0023 road=0.0037
[ROMA step 4,928,569,344] sps=287,914  policy_loss=0.0057  value_loss=1.4257  mi_loss=0.0021  mi_valid=0.81  div_loss=-0.1787  kl_loss=0.0000 (disabled)  score=0.589  return=-0.180  role_std=10.2069  role_norm=64.2342  enc_delta ego=0.0025 partner=0.0028 road=0.0044
[ROMA step 4,929,355,776] sps=287,568  policy_loss=0.0015  value_loss=1.1314  mi_loss=0.0018  mi_valid=0.78  div_loss=-0.1582  kl_loss=0.0000 (disabled)  score=0.588  return=-0.184  role_std=9.3368  role_norm=63.5023  enc_delta ego=0.0028 partner=0.0027 road=0.0042
[ROMA step 4,930,142,208] sps=287,449  policy_loss=-0.0048  value_loss=0.6528  mi_loss=0.0019  mi_valid=0.81  div_loss=-0.1445  kl_loss=0.0000 (disabled)  score=0.587  return=-0.182  role_std=8.3901  role_norm=61.9196  enc_delta ego=0.0033 partner=0.0031 road=0.0041
[ROMA step 4,930,928,640] sps=287,330  policy_loss=0.0010  value_loss=1.1067  mi_loss=0.0017  mi_valid=0.81  div_loss=-0.1504  kl_loss=0.0000 (disabled)  score=0.588  return=-0.184  role_std=9.3273  role_norm=60.7106  enc_delta ego=0.0021 partner=0.0018 road=0.0035
[ROMA step 4,931,715,072] sps=287,023  policy_loss=0.0068  value_loss=1.0777  mi_loss=0.0018  mi_valid=0.81  div_loss=-0.1504  kl_loss=0.0000 (disabled)  score=0.589  return=-0.184  role_std=8.9865  role_norm=64.9795  enc_delta ego=0.0016 partner=0.0019 road=0.0027
[ROMA step 4,932,501,504] sps=286,900  policy_loss=0.0003  value_loss=1.1210  mi_loss=0.0018  mi_valid=0.81  div_loss=-0.1436  kl_loss=0.0000 (disabled)  score=0.590  return=-0.184  role_std=8.4477  role_norm=64.9029  enc_delta ego=0.0015 partner=0.0024 road=0.0037
[ROMA step 4,933,287,936] sps=286,783  policy_loss=-0.0005  value_loss=1.0354  mi_loss=0.0019  mi_valid=0.81  div_loss=-0.1416  kl_loss=0.0000 (disabled)  score=0.591  return=-0.183  role_std=9.1603  role_norm=63.9703  enc_delta ego=0.0024 partner=0.0023 road=0.0035
[ROMA step 4,934,074,368] sps=286,657  policy_loss=0.0036  value_loss=0.9401  mi_loss=0.0020  mi_valid=0.81  div_loss=-0.1455  kl_loss=0.0000 (disabled)  score=0.592  return=-0.189  role_std=8.7714  role_norm=63.0933  enc_delta ego=0.0014 partner=0.0024 road=0.0033
[ROMA step 4,934,860,800] sps=286,284  policy_loss=0.0024  value_loss=1.1013  mi_loss=0.0019  mi_valid=0.78  div_loss=-0.1475  kl_loss=0.0000 (disabled)  score=0.593  return=-0.189  role_std=9.6145  role_norm=60.3981  enc_delta ego=0.0028 partner=0.0022 road=0.0036
[ROMA step 4,935,647,232] sps=286,168  policy_loss=0.0008  value_loss=0.8690  mi_loss=0.0019  mi_valid=0.83  div_loss=-0.1445  kl_loss=0.0000 (disabled)  score=0.593  return=-0.187  role_std=8.1660  role_norm=65.4336  enc_delta ego=0.0035 partner=0.0022 road=0.0038
[ROMA step 4,936,433,664] sps=286,051  policy_loss=0.0024  value_loss=1.0577  mi_loss=0.0018  mi_valid=0.81  div_loss=-0.1445  kl_loss=0.0000 (disabled)  score=0.594  return=-0.181  role_std=9.1465  role_norm=64.9030  enc_delta ego=0.0030 partner=0.0019 road=0.0039
[ROMA step 4,937,220,096] sps=285,722  policy_loss=0.0028  value_loss=0.9558  mi_loss=0.0019  mi_valid=0.78  div_loss=-0.1406  kl_loss=0.0000 (disabled)  score=0.594  return=-0.176  role_std=8.4932  role_norm=63.3866  enc_delta ego=0.0025 partner=0.0020 road=0.0033
[ROMA step 4,938,006,528] sps=285,607  policy_loss=0.0014  value_loss=1.4069  mi_loss=0.0020  mi_valid=0.81  div_loss=-0.1523  kl_loss=0.0000 (disabled)  score=0.595  return=-0.180  role_std=8.7460  role_norm=62.5989  enc_delta ego=0.0024 partner=0.0022 road=0.0043
[ROMA step 4,938,792,960] sps=285,490  policy_loss=0.0031  value_loss=0.9694  mi_loss=0.0019  mi_valid=0.81  div_loss=-0.1465  kl_loss=0.0000 (disabled)  score=0.596  return=-0.181  role_std=9.0724  role_norm=60.6303  enc_delta ego=0.0017 partner=0.0021 road=0.0036
[ROMA step 4,939,579,392] sps=285,375  policy_loss=-0.0017  value_loss=0.9176  mi_loss=0.0019  mi_valid=0.82  div_loss=-0.1475  kl_loss=0.0000 (disabled)  score=0.597  return=-0.176  role_std=9.8570  role_norm=59.3822  enc_delta ego=0.0022 partner=0.0018 road=0.0027
[ROMA step 4,940,365,824] sps=285,025  policy_loss=-0.0007  value_loss=1.5244  mi_loss=0.0019  mi_valid=0.80  div_loss=-0.1543  kl_loss=0.0000 (disabled)  score=0.598  return=-0.174  role_std=9.4307  role_norm=64.1281  enc_delta ego=0.0019 partner=0.0027 road=0.0037
[ROMA step 4,941,152,256] sps=284,905  policy_loss=-0.0091  value_loss=0.8539  mi_loss=0.0017  mi_valid=0.80  div_loss=-0.1396  kl_loss=0.0000 (disabled)  score=0.600  return=-0.158  role_std=9.7567  role_norm=63.6367  enc_delta ego=0.0020 partner=0.0025 road=0.0036
[ROMA step 4,941,938,688] sps=284,783  policy_loss=0.0031  value_loss=1.1712  mi_loss=0.0019  mi_valid=0.80  div_loss=-0.1387  kl_loss=0.0000 (disabled)  score=0.602  return=-0.148  role_std=9.7386  role_norm=63.1335  enc_delta ego=0.0024 partner=0.0026 road=0.0034
[ROMA step 4,942,725,120] sps=284,434  policy_loss=-0.0052  value_loss=0.9740  mi_loss=0.0019  mi_valid=0.78  div_loss=-0.1514  kl_loss=0.0000 (disabled)  score=0.604  return=-0.144  role_std=8.2691  role_norm=62.1389  enc_delta ego=0.0023 partner=0.0023 road=0.0034
[ROMA step 4,943,511,552] sps=284,319  policy_loss=0.0044  value_loss=1.0248  mi_loss=0.0018  mi_valid=0.81  div_loss=-0.1367  kl_loss=0.0000 (disabled)  score=0.607  return=-0.127  role_std=8.5998  role_norm=61.2427  enc_delta ego=0.0020 partner=0.0020 road=0.0027
[ROMA step 4,944,297,984] sps=284,203  policy_loss=0.0012  value_loss=0.8181  mi_loss=0.0017  mi_valid=0.82  div_loss=-0.1318  kl_loss=0.0000 (disabled)  score=0.608  return=-0.115  role_std=7.2685  role_norm=65.8832  enc_delta ego=0.0021 partner=0.0025 road=0.0040
[ROMA step 4,945,084,416] sps=284,087  policy_loss=-0.0020  value_loss=0.9993  mi_loss=0.0019  mi_valid=0.80  div_loss=-0.1387  kl_loss=0.0000 (disabled)  score=0.611  return=-0.098  role_std=8.8609  role_norm=65.8328  enc_delta ego=0.0018 partner=0.0020 road=0.0034
[ROMA step 4,945,870,848] sps=283,766  policy_loss=-0.0026  value_loss=0.9420  mi_loss=0.0018  mi_valid=0.77  div_loss=-0.1465  kl_loss=0.0000 (disabled)  score=0.613  return=-0.090  role_std=9.6434  role_norm=63.7705  enc_delta ego=0.0022 partner=0.0025 road=0.0035
[ROMA step 4,946,657,280] sps=283,652  policy_loss=0.0075  value_loss=0.8612  mi_loss=0.0019  mi_valid=0.81  div_loss=-0.1475  kl_loss=0.0000 (disabled)  score=0.614  return=-0.083  role_std=8.9734  role_norm=62.8574  enc_delta ego=0.0022 partner=0.0022 road=0.0033
[ROMA step 4,947,443,712] sps=283,540  policy_loss=-0.0016  value_loss=0.7090  mi_loss=0.0021  mi_valid=0.81  div_loss=-0.1572  kl_loss=0.0000 (disabled)  score=0.616  return=-0.079  role_std=10.3731  role_norm=61.3254  enc_delta ego=0.0016 partner=0.0022 road=0.0031
[ROMA step 4,948,230,144] sps=283,427  policy_loss=-0.0024  value_loss=0.7280  mi_loss=0.0018  mi_valid=0.83  div_loss=-0.1602  kl_loss=0.0000 (disabled)  score=0.617  return=-0.075  role_std=9.0154  role_norm=65.2281  enc_delta ego=0.0013 partner=0.0018 road=0.0026
[ROMA step 4,949,016,576] sps=283,093  policy_loss=0.0008  value_loss=1.8236  mi_loss=0.0020  mi_valid=0.80  div_loss=-0.1865  kl_loss=0.0000 (disabled)  score=0.619  return=-0.077  role_std=10.9442  role_norm=64.4539  enc_delta ego=0.0021 partner=0.0019 road=0.0033
[ROMA step 4,949,803,008] sps=282,980  policy_loss=-0.0017  value_loss=1.9100  mi_loss=0.0020  mi_valid=0.80  div_loss=-0.1758  kl_loss=0.0000 (disabled)  score=0.620  return=-0.083  role_std=11.5201  role_norm=63.7840  enc_delta ego=0.0029 partner=0.0022 road=0.0030
[ROMA step 4,950,589,440] sps=282,865  policy_loss=-0.0010  value_loss=1.9439  mi_loss=0.0020  mi_valid=0.80  div_loss=-0.1748  kl_loss=0.0000 (disabled)  score=0.623  return=-0.085  role_std=11.8344  role_norm=63.5122  enc_delta ego=0.0020 partner=0.0018 road=0.0030
[ROMA step 4,951,375,872] sps=282,528  policy_loss=-0.0013  value_loss=1.7335  mi_loss=0.0019  mi_valid=0.78  div_loss=-0.1709  kl_loss=0.0000 (disabled)  score=0.624  return=-0.091  role_std=9.9060  role_norm=61.4433  enc_delta ego=0.0023 partner=0.0022 road=0.0037
[ROMA step 4,952,162,304] sps=282,412  policy_loss=-0.0018  value_loss=1.4310  mi_loss=0.0019  mi_valid=0.83  div_loss=-0.1680  kl_loss=0.0000 (disabled)  score=0.625  return=-0.094  role_std=9.5791  role_norm=65.2390  enc_delta ego=0.0027 partner=0.0026 road=0.0042
[ROMA step 4,952,948,736] sps=282,296  policy_loss=0.0040  value_loss=1.4981  mi_loss=0.0019  mi_valid=0.83  div_loss=-0.1807  kl_loss=0.0000 (disabled)  score=0.626  return=-0.093  role_std=11.0663  role_norm=64.6515  enc_delta ego=0.0019 partner=0.0018 road=0.0029
[ROMA step 4,953,735,168] sps=282,180  policy_loss=0.0030  value_loss=1.8071  mi_loss=0.0017  mi_valid=0.81  div_loss=-0.1846  kl_loss=0.0000 (disabled)  score=0.627  return=-0.099  role_std=11.4522  role_norm=63.6258  enc_delta ego=0.0019 partner=0.0025 road=0.0042
[ROMA step 4,954,521,600] sps=281,849  policy_loss=-0.0036  value_loss=1.2296  mi_loss=0.0018  mi_valid=0.78  div_loss=-0.1641  kl_loss=0.0000 (disabled)  score=0.628  return=-0.099  role_std=9.3733  role_norm=62.3108  enc_delta ego=0.0022 partner=0.0028 road=0.0038
[ROMA step 4,955,308,032] sps=281,736  policy_loss=0.0035  value_loss=1.2863  mi_loss=0.0018  mi_valid=0.81  div_loss=-0.1611  kl_loss=0.0000 (disabled)  score=0.630  return=-0.087  role_std=10.6246  role_norm=61.5252  enc_delta ego=0.0019 partner=0.0022 road=0.0031
[ROMA step 4,956,094,464] sps=281,623  policy_loss=-0.0053  value_loss=0.6008  mi_loss=0.0020  mi_valid=0.81  div_loss=-0.1475  kl_loss=0.0000 (disabled)  score=0.631  return=-0.076  role_std=9.6551  role_norm=60.4762  enc_delta ego=0.0028 partner=0.0020 road=0.0033
[ROMA step 4,956,880,896] sps=281,313  policy_loss=-0.0017  value_loss=0.9848  mi_loss=0.0020  mi_valid=0.81  div_loss=-0.1572  kl_loss=0.0000 (disabled)  score=0.632  return=-0.069  role_std=9.9533  role_norm=64.4532  enc_delta ego=0.0022 partner=0.0021 road=0.0034
[ROMA step 4,957,667,328] sps=281,201  policy_loss=0.0033  value_loss=1.7165  mi_loss=0.0021  mi_valid=0.81  div_loss=-0.1826  kl_loss=0.0000 (disabled)  score=0.633  return=-0.083  role_std=10.7397  role_norm=64.7719  enc_delta ego=0.0028 partner=0.0023 road=0.0036
[ROMA step 4,958,453,760] sps=281,088  policy_loss=0.0032  value_loss=1.4891  mi_loss=0.0021  mi_valid=0.81  div_loss=-0.1709  kl_loss=0.0000 (disabled)  score=0.634  return=-0.094  role_std=11.0458  role_norm=63.8619  enc_delta ego=0.0019 partner=0.0020 road=0.0029
[ROMA step 4,959,240,192] sps=280,976  policy_loss=-0.0039  value_loss=1.2061  mi_loss=0.0019  mi_valid=0.81  div_loss=-0.1670  kl_loss=0.0000 (disabled)  score=0.633  return=-0.098  role_std=11.1307  role_norm=63.3269  enc_delta ego=0.0025 partner=0.0022 road=0.0029
[ROMA step 4,960,026,624] sps=280,649  policy_loss=0.0002  value_loss=1.1667  mi_loss=0.0019  mi_valid=0.78  div_loss=-0.1572  kl_loss=0.0000 (disabled)  score=0.633  return=-0.099  role_std=11.7613  role_norm=61.9069  enc_delta ego=0.0024 partner=0.0022 road=0.0031
[ROMA step 4,960,813,056] sps=280,537  policy_loss=-0.0035  value_loss=1.3174  mi_loss=0.0020  mi_valid=0.83  div_loss=-0.1641  kl_loss=0.0000 (disabled)  score=0.633  return=-0.104  role_std=8.8693  role_norm=66.8335  enc_delta ego=0.0020 partner=0.0020 road=0.0029
[ROMA step 4,961,599,488] sps=280,426  policy_loss=-0.0025  value_loss=1.1397  mi_loss=0.0019  mi_valid=0.82  div_loss=-0.1406  kl_loss=0.0000 (disabled)  score=0.634  return=-0.102  role_std=8.9206  role_norm=66.4515  enc_delta ego=0.0015 partner=0.0018 road=0.0026
[ROMA step 4,962,385,920] sps=280,110  policy_loss=-0.0002  value_loss=1.3333  mi_loss=0.0020  mi_valid=0.77  div_loss=-0.1543  kl_loss=0.0000 (disabled)  score=0.634  return=-0.105  role_std=9.9104  role_norm=65.1576  enc_delta ego=0.0023 partner=0.0024 road=0.0032
[ROMA step 4,963,172,352] sps=280,000  policy_loss=-0.0006  value_loss=0.9026  mi_loss=0.0019  mi_valid=0.80  div_loss=-0.1514  kl_loss=0.0000 (disabled)  score=0.636  return=-0.100  role_std=9.2006  role_norm=63.6991  enc_delta ego=0.0029 partner=0.0025 road=0.0039
[ROMA step 4,963,958,784] sps=279,890  policy_loss=-0.0057  value_loss=1.1280  mi_loss=0.0018  mi_valid=0.80  div_loss=-0.1543  kl_loss=0.0000 (disabled)  score=0.638  return=-0.098  role_std=9.4293  role_norm=62.4421  enc_delta ego=0.0019 partner=0.0021 road=0.0028
[ROMA step 4,964,745,216] sps=279,780  policy_loss=-0.0039  value_loss=0.9835  mi_loss=0.0019  mi_valid=0.81  div_loss=-0.1465  kl_loss=0.0000 (disabled)  score=0.639  return=-0.096  role_std=10.0945  role_norm=61.2057  enc_delta ego=0.0019 partner=0.0019 road=0.0030
[ROMA step 4,965,531,648] sps=279,454  policy_loss=-0.0026  value_loss=1.3416  mi_loss=0.0019  mi_valid=0.81  div_loss=-0.1689  kl_loss=0.0000 (disabled)  score=0.639  return=-0.103  role_std=9.1144  role_norm=65.4403  enc_delta ego=0.0020 partner=0.0017 road=0.0033
[ROMA step 4,966,318,080] sps=279,344  policy_loss=-0.0008  value_loss=1.5866  mi_loss=0.0018  mi_valid=0.81  div_loss=-0.1807  kl_loss=0.0000 (disabled)  score=0.637  return=-0.111  role_std=10.1012  role_norm=64.6268  enc_delta ego=0.0021 partner=0.0024 road=0.0029
[ROMA step 4,967,104,512] sps=279,233  policy_loss=-0.0007  value_loss=1.5217  mi_loss=0.0020  mi_valid=0.81  div_loss=-0.1797  kl_loss=0.0000 (disabled)  score=0.636  return=-0.119  role_std=12.1922  role_norm=63.9187  enc_delta ego=0.0024 partner=0.0022 road=0.0030
[ROMA step 4,967,890,944] sps=278,898  policy_loss=0.0040  value_loss=1.2888  mi_loss=0.0020  mi_valid=0.79  div_loss=-0.1816  kl_loss=0.0000 (disabled)  score=0.633  return=-0.129  role_std=11.2623  role_norm=62.3424  enc_delta ego=0.0017 partner=0.0023 road=0.0032
[ROMA step 4,968,677,376] sps=278,788  policy_loss=-0.0021  value_loss=1.2600  mi_loss=0.0018  mi_valid=0.82  div_loss=-0.1709  kl_loss=0.0000 (disabled)  score=0.633  return=-0.136  role_std=10.4603  role_norm=60.8936  enc_delta ego=0.0025 partner=0.0025 road=0.0038
[ROMA step 4,969,463,808] sps=278,678  policy_loss=0.0021  value_loss=1.8357  mi_loss=0.0017  mi_valid=0.83  div_loss=-0.1768  kl_loss=0.0000 (disabled)  score=0.632  return=-0.145  role_std=9.8557  role_norm=65.8021  enc_delta ego=0.0018 partner=0.0021 road=0.0031
[ROMA step 4,970,250,240] sps=278,569  policy_loss=-0.0047  value_loss=1.3518  mi_loss=0.0018  mi_valid=0.81  div_loss=-0.1719  kl_loss=0.0000 (disabled)  score=0.630  return=-0.152  role_std=10.5276  role_norm=65.3671  enc_delta ego=0.0020 partner=0.0022 road=0.0030
[ROMA step 4,971,036,672] sps=278,243  policy_loss=0.0025  value_loss=1.4439  mi_loss=0.0018  mi_valid=0.78  div_loss=-0.1582  kl_loss=0.0000 (disabled)  score=0.629  return=-0.156  role_std=11.1347  role_norm=63.8910  enc_delta ego=0.0024 partner=0.0026 road=0.0047
[ROMA step 4,971,823,104] sps=278,135  policy_loss=0.0031  value_loss=1.5241  mi_loss=0.0017  mi_valid=0.81  div_loss=-0.1523  kl_loss=0.0000 (disabled)  score=0.628  return=-0.165  role_std=11.2531  role_norm=62.3810  enc_delta ego=0.0022 partner=0.0027 road=0.0039
[ROMA step 4,972,609,536] sps=278,026  policy_loss=0.0006  value_loss=1.3383  mi_loss=0.0018  mi_valid=0.81  div_loss=-0.1553  kl_loss=0.0000 (disabled)  score=0.628  return=-0.170  role_std=10.5047  role_norm=62.4883  enc_delta ego=0.0020 partner=0.0021 road=0.0030
[ROMA step 4,973,395,968] sps=277,918  policy_loss=0.0044  value_loss=1.3857  mi_loss=0.0018  mi_valid=0.83  div_loss=-0.1621  kl_loss=0.0000 (disabled)  score=0.627  return=-0.178  role_std=9.8738  role_norm=61.0643  enc_delta ego=0.0016 partner=0.0016 road=0.0025
[ROMA step 4,974,182,400] sps=277,607  policy_loss=0.0007  value_loss=1.1553  mi_loss=0.0018  mi_valid=0.81  div_loss=-0.1562  kl_loss=0.0000 (disabled)  score=0.625  return=-0.178  role_std=9.9135  role_norm=65.5557  enc_delta ego=0.0018 partner=0.0019 road=0.0028
[ROMA step 4,974,968,832] sps=277,498  policy_loss=0.0026  value_loss=1.3303  mi_loss=0.0018  mi_valid=0.81  div_loss=-0.1689  kl_loss=0.0000 (disabled)  score=0.624  return=-0.187  role_std=11.0618  role_norm=64.8719  enc_delta ego=0.0019 partner=0.0022 road=0.0039
[ROMA step 4,975,755,264] sps=277,388  policy_loss=-0.0003  value_loss=1.5343  mi_loss=0.0019  mi_valid=0.81  div_loss=-0.1709  kl_loss=0.0000 (disabled)  score=0.622  return=-0.196  role_std=12.2383  role_norm=63.8056  enc_delta ego=0.0025 partner=0.0018 road=0.0032
[ROMA step 4,976,541,696] sps=277,072  policy_loss=0.0004  value_loss=1.3866  mi_loss=0.0018  mi_valid=0.79  div_loss=-0.1709  kl_loss=0.0000 (disabled)  score=0.620  return=-0.204  role_std=10.2401  role_norm=62.0816  enc_delta ego=0.0017 partner=0.0016 road=0.0026
[ROMA step 4,977,328,128] sps=276,964  policy_loss=-0.0043  value_loss=0.8215  mi_loss=0.0018  mi_valid=0.84  div_loss=-0.1475  kl_loss=0.0000 (disabled)  score=0.617  return=-0.196  role_std=9.5995  role_norm=60.1323  enc_delta ego=0.0026 partner=0.0019 road=0.0027
[ROMA step 4,978,114,560] sps=276,856  policy_loss=-0.0030  value_loss=0.9853  mi_loss=0.0020  mi_valid=0.84  div_loss=-0.1475  kl_loss=0.0000 (disabled)  score=0.615  return=-0.192  role_std=8.8755  role_norm=66.4930  enc_delta ego=0.0021 partner=0.0021 road=0.0036
[ROMA step 4,978,900,992] sps=276,749  policy_loss=-0.0038  value_loss=0.8518  mi_loss=0.0020  mi_valid=0.81  div_loss=-0.1416  kl_loss=0.0000 (disabled)  score=0.613  return=-0.184  role_std=8.6310  role_norm=66.1006  enc_delta ego=0.0023 partner=0.0026 road=0.0034
[ROMA step 4,979,687,424] sps=276,393  policy_loss=0.0002  value_loss=1.3014  mi_loss=0.0019  mi_valid=0.78  div_loss=-0.1582  kl_loss=0.0000 (disabled)  score=0.612  return=-0.180  role_std=10.6389  role_norm=64.7731  enc_delta ego=0.0024 partner=0.0020 road=0.0031
[ROMA step 4,980,473,856] sps=276,286  policy_loss=0.0010  value_loss=1.1322  mi_loss=0.0019  mi_valid=0.82  div_loss=-0.1650  kl_loss=0.0000 (disabled)  score=0.611  return=-0.181  role_std=11.2290  role_norm=62.9499  enc_delta ego=0.0029 partner=0.0022 road=0.0033
[ROMA step 4,981,260,288] sps=276,178  policy_loss=0.0035  value_loss=1.1012  mi_loss=0.0017  mi_valid=0.82  div_loss=-0.1611  kl_loss=0.0000 (disabled)  score=0.609  return=-0.177  role_std=10.4020  role_norm=61.1176  enc_delta ego=0.0033 partner=0.0022 road=0.0038
[ROMA step 4,982,046,720] sps=275,864  policy_loss=-0.0062  value_loss=0.8540  mi_loss=0.0018  mi_valid=0.81  div_loss=-0.1465  kl_loss=0.0000 (disabled)  score=0.609  return=-0.169  role_std=8.7419  role_norm=65.9055  enc_delta ego=0.0021 partner=0.0022 road=0.0028
[ROMA step 4,982,833,152] sps=275,758  policy_loss=-0.0043  value_loss=1.0982  mi_loss=0.0018  mi_valid=0.82  div_loss=-0.1602  kl_loss=0.0000 (disabled)  score=0.606  return=-0.172  role_std=9.3870  role_norm=65.2161  enc_delta ego=0.0014 partner=0.0023 road=0.0033
[ROMA step 4,983,619,584] sps=275,651  policy_loss=0.0110  value_loss=1.4355  mi_loss=0.0018  mi_valid=0.81  div_loss=-0.1592  kl_loss=0.0000 (disabled)  score=0.604  return=-0.172  role_std=11.8700  role_norm=64.5063  enc_delta ego=0.0022 partner=0.0022 road=0.0038
[ROMA step 4,984,406,016] sps=275,545  policy_loss=0.0003  value_loss=1.1368  mi_loss=0.0018  mi_valid=0.81  div_loss=-0.1660  kl_loss=0.0000 (disabled)  score=0.603  return=-0.178  role_std=10.2511  role_norm=63.5702  enc_delta ego=0.0019 partner=0.0023 road=0.0038
[ROMA step 4,985,192,448] sps=275,243  policy_loss=-0.0021  value_loss=1.1640  mi_loss=0.0019  mi_valid=0.78  div_loss=-0.1572  kl_loss=0.0000 (disabled)  score=0.602  return=-0.176  role_std=9.5993  role_norm=60.9270  enc_delta ego=0.0015 partner=0.0022 road=0.0036
[ROMA step 4,985,978,880] sps=275,138  policy_loss=0.0003  value_loss=0.9668  mi_loss=0.0019  mi_valid=0.84  div_loss=-0.1533  kl_loss=0.0000 (disabled)  score=0.602  return=-0.168  role_std=8.4497  role_norm=66.4033  enc_delta ego=0.0021 partner=0.0022 road=0.0034
[ROMA step 4,986,765,312] sps=275,029  policy_loss=0.0040  value_loss=1.3246  mi_loss=0.0017  mi_valid=0.83  div_loss=-0.1621  kl_loss=0.0000 (disabled)  score=0.601  return=-0.161  role_std=8.8697  role_norm=65.4881  enc_delta ego=0.0021 partner=0.0023 road=0.0040
[ROMA step 4,987,551,744] sps=274,701  policy_loss=0.0062  value_loss=1.7087  mi_loss=0.0018  mi_valid=0.78  div_loss=-0.1719  kl_loss=0.0000 (disabled)  score=0.602  return=-0.159  role_std=10.7737  role_norm=64.6818  enc_delta ego=0.0019 partner=0.0022 road=0.0033
[ROMA step 4,988,338,176] sps=274,595  policy_loss=0.0043  value_loss=1.4579  mi_loss=0.0020  mi_valid=0.81  div_loss=-0.1709  kl_loss=0.0000 (disabled)  score=0.601  return=-0.167  role_std=11.1323  role_norm=63.7767  enc_delta ego=0.0023 partner=0.0023 road=0.0041
[ROMA step 4,989,124,608] sps=274,490  policy_loss=-0.0021  value_loss=1.2604  mi_loss=0.0018  mi_valid=0.81  div_loss=-0.1797  kl_loss=0.0000 (disabled)  score=0.600  return=-0.174  role_std=10.9908  role_norm=61.8938  enc_delta ego=0.0021 partner=0.0023 road=0.0038
[ROMA step 4,989,911,040] sps=274,384  policy_loss=0.0028  value_loss=1.0893  mi_loss=0.0018  mi_valid=0.81  div_loss=-0.1816  kl_loss=0.0000 (disabled)  score=0.599  return=-0.180  role_std=11.5199  role_norm=60.0279  enc_delta ego=0.0019 partner=0.0021 road=0.0034
[ROMA step 4,990,697,472] sps=274,074  policy_loss=0.0022  value_loss=2.0814  mi_loss=0.0019  mi_valid=0.81  div_loss=-0.1953  kl_loss=0.0000 (disabled)  score=0.598  return=-0.185  role_std=11.3069  role_norm=64.7916  enc_delta ego=0.0025 partner=0.0022 road=0.0031
[ROMA step 4,991,483,904] sps=273,965  policy_loss=0.0067  value_loss=1.7059  mi_loss=0.0019  mi_valid=0.81  div_loss=-0.1836  kl_loss=0.0000 (disabled)  score=0.595  return=-0.197  role_std=10.9544  role_norm=64.1962  enc_delta ego=0.0035 partner=0.0022 road=0.0032
[ROMA step 4,992,270,336] sps=273,859  policy_loss=0.0003  value_loss=1.4618  mi_loss=0.0019  mi_valid=0.81  div_loss=-0.1689  kl_loss=0.0000 (disabled)  score=0.592  return=-0.206  role_std=10.4017  role_norm=63.9176  enc_delta ego=0.0022 partner=0.0017 road=0.0027
[ROMA step 4,993,056,768] sps=273,533  policy_loss=-0.0045  value_loss=1.4393  mi_loss=0.0021  mi_valid=0.79  div_loss=-0.1660  kl_loss=0.0000 (disabled)  score=0.590  return=-0.213  role_std=10.5626  role_norm=61.9139  enc_delta ego=0.0032 partner=0.0022 road=0.0033
[ROMA step 4,993,843,200] sps=273,423  policy_loss=-0.0075  value_loss=1.2730  mi_loss=0.0017  mi_valid=0.81  div_loss=-0.1621  kl_loss=0.0000 (disabled)  score=0.590  return=-0.207  role_std=10.2051  role_norm=60.7800  enc_delta ego=0.0028 partner=0.0025 road=0.0037
[ROMA step 4,994,629,632] sps=273,317  policy_loss=0.0059  value_loss=1.5010  mi_loss=0.0018  mi_valid=0.84  div_loss=-0.1689  kl_loss=0.0000 (disabled)  score=0.591  return=-0.204  role_std=9.0706  role_norm=65.9992  enc_delta ego=0.0022 partner=0.0021 road=0.0035
[ROMA step 4,995,416,064] sps=273,209  policy_loss=-0.0004  value_loss=1.2948  mi_loss=0.0017  mi_valid=0.82  div_loss=-0.1650  kl_loss=0.0000 (disabled)  score=0.592  return=-0.198  role_std=9.1926  role_norm=65.7851  enc_delta ego=0.0018 partner=0.0018 road=0.0033
[ROMA step 4,996,202,496] sps=272,917  policy_loss=0.0009  value_loss=1.3329  mi_loss=0.0018  mi_valid=0.78  div_loss=-0.1631  kl_loss=0.0000 (disabled)  score=0.591  return=-0.192  role_std=9.2446  role_norm=63.8505  enc_delta ego=0.0018 partner=0.0017 road=0.0034
[ROMA step 4,996,988,928] sps=272,807  policy_loss=0.0028  value_loss=1.1085  mi_loss=0.0018  mi_valid=0.81  div_loss=-0.1621  kl_loss=0.0000 (disabled)  score=0.590  return=-0.189  role_std=9.2973  role_norm=62.6077  enc_delta ego=0.0014 partner=0.0018 road=0.0027
[ROMA step 4,997,775,360] sps=272,700  policy_loss=0.0007  value_loss=0.9244  mi_loss=0.0019  mi_valid=0.81  div_loss=-0.1504  kl_loss=0.0000 (disabled)  score=0.589  return=-0.178  role_std=10.2693  role_norm=61.1468  enc_delta ego=0.0013 partner=0.0018 road=0.0030
[ROMA step 4,998,561,792] sps=272,594  policy_loss=-0.0000  value_loss=0.9350  mi_loss=0.0017  mi_valid=0.83  div_loss=-0.1562  kl_loss=0.0000 (disabled)  score=0.587  return=-0.178  role_std=9.7474  role_norm=59.9042  enc_delta ego=0.0014 partner=0.0019 road=0.0029
[ROMA step 4,999,348,224] sps=272,295  policy_loss=0.0034  value_loss=1.1533  mi_loss=0.0017  mi_valid=0.82  div_loss=-0.1611  kl_loss=0.0000 (disabled)  score=0.585  return=-0.179  role_std=9.2636  role_norm=65.0450  enc_delta ego=0.0017 partner=0.0024 road=0.0039
[ROMA step 5,000,134,656] sps=272,191  policy_loss=-0.0008  value_loss=1.0820  mi_loss=0.0017  mi_valid=0.81  div_loss=-0.1602  kl_loss=0.0000 (disabled)  score=0.583  return=-0.180  role_std=9.5881  role_norm=64.8897  enc_delta ego=0.0023 partner=0.0027 road=0.0037
[ROMA step 5,000,921,088] sps=272,085  policy_loss=0.0039  value_loss=1.0326  mi_loss=0.0018  mi_valid=0.82  div_loss=-0.1670  kl_loss=0.0000 (disabled)  score=0.581  return=-0.181  role_std=9.8939  role_norm=63.9618  enc_delta ego=0.0024 partner=0.0024 road=0.0036
[ROMA] Saved -> /scratch/e452103/checkpoints/roma_mifutagent_dim1_H8_r16p64_ft_pc40_cb1_lr_nodiv/roma_dim1_step5000921088.pt
[ROMA] Periodic WOSAC eval at step 5,000,921,088 ...

WOSAC realism metrics (32 rollouts, up to 10 batches, step 5,000,921,088)...
  Batch 10/10 | scenarios: 1154 | realism: 0.6709

  Scenarios evaluated       : 1154
  Realism meta-score        : 0.6709
  Kinematic metrics         : 0.2285
  Interactive metrics       : 0.6767
  Map-based metrics         : 0.7242
  minADE (m)                : 5.8209
  likelihood_offroad        : 0.8910
  likelihood_dist_road_edge : 0.5615
  likelihood_collision      : 0.9558
  likelihood_dist_obj       : 0.2761
  likelihood_ttc            : 0.7977
  likelihood_linear_speed   : 0.1945
  likelihood_linear_accel   : 0.3391
  likelihood_angular_speed  : 0.1791
  likelihood_angular_accel  : 0.2012
[ROMA step 5,001,707,520] sps=263,320  policy_loss=-0.0061  value_loss=1.0658  mi_loss=0.0018  mi_valid=0.79  div_loss=-0.1543  kl_loss=0.0000 (disabled)  score=0.579  return=-0.182  role_std=9.9556  role_norm=62.4103  enc_delta ego=0.0016 partner=0.0018 road=0.0035
[ROMA step 5,002,493,952] sps=263,223  policy_loss=0.0029  value_loss=1.0836  mi_loss=0.0019  mi_valid=0.83  div_loss=-0.1396  kl_loss=0.0000 (disabled)  score=0.580  return=-0.176  role_std=9.7114  role_norm=60.6740  enc_delta ego=0.0017 partner=0.0019 road=0.0028
[ROMA step 5,003,280,384] sps=263,125  policy_loss=-0.0010  value_loss=0.6757  mi_loss=0.0017  mi_valid=0.84  div_loss=-0.1299  kl_loss=0.0000 (disabled)  score=0.580  return=-0.169  role_std=7.3457  role_norm=67.2148  enc_delta ego=0.0019 partner=0.0021 road=0.0027
[ROMA step 5,004,066,816] sps=263,029  policy_loss=0.0034  value_loss=0.8608  mi_loss=0.0018  mi_valid=0.81  div_loss=-0.1270  kl_loss=0.0000 (disabled)  score=0.580  return=-0.155  role_std=8.1800  role_norm=66.4483  enc_delta ego=0.0017 partner=0.0018 road=0.0033
[ROMA step 5,004,853,248] sps=262,715  policy_loss=0.0027  value_loss=1.4142  mi_loss=0.0019  mi_valid=0.78  div_loss=-0.1514  kl_loss=0.0000 (disabled)  score=0.579  return=-0.159  role_std=9.7787  role_norm=64.6025  enc_delta ego=0.0041 partner=0.0023 road=0.0032
[ROMA step 5,005,639,680] sps=262,612  policy_loss=0.0015  value_loss=1.2069  mi_loss=0.0019  mi_valid=0.81  div_loss=-0.1523  kl_loss=0.0000 (disabled)  score=0.578  return=-0.168  role_std=9.0523  role_norm=63.0294  enc_delta ego=0.0022 partner=0.0022 road=0.0037
[ROMA step 5,006,426,112] sps=262,513  policy_loss=-0.0051  value_loss=1.0552  mi_loss=0.0019  mi_valid=0.82  div_loss=-0.1543  kl_loss=0.0000 (disabled)  score=0.577  return=-0.179  role_std=9.1646  role_norm=61.2504  enc_delta ego=0.0026 partner=0.0018 road=0.0028
[ROMA step 5,007,212,544] sps=262,185  policy_loss=0.0065  value_loss=0.8702  mi_loss=0.0018  mi_valid=0.81  div_loss=-0.1523  kl_loss=0.0000 (disabled)  score=0.576  return=-0.182  role_std=8.2432  role_norm=65.7951  enc_delta ego=0.0024 partner=0.0021 road=0.0040
[ROMA step 5,007,998,976] sps=262,091  policy_loss=0.0041  value_loss=1.1761  mi_loss=0.0019  mi_valid=0.81  div_loss=-0.1611  kl_loss=0.0000 (disabled)  score=0.577  return=-0.178  role_std=9.3358  role_norm=65.3558  enc_delta ego=0.0032 partner=0.0023 road=0.0043
[ROMA step 5,008,785,408] sps=261,996  policy_loss=-0.0042  value_loss=1.2726  mi_loss=0.0019  mi_valid=0.81  div_loss=-0.1650  kl_loss=0.0000 (disabled)  score=0.578  return=-0.177  role_std=10.3736  role_norm=64.2147  enc_delta ego=0.0038 partner=0.0020 road=0.0029
[ROMA step 5,009,571,840] sps=261,901  policy_loss=0.0041  value_loss=1.2824  mi_loss=0.0020  mi_valid=0.81  div_loss=-0.1543  kl_loss=0.0000 (disabled)  score=0.578  return=-0.178  role_std=10.7661  role_norm=63.6197  enc_delta ego=0.0025 partner=0.0021 road=0.0035
[ROMA step 5,010,358,272] sps=261,604  policy_loss=0.0022  value_loss=1.4026  mi_loss=0.0020  mi_valid=0.78  div_loss=-0.1592  kl_loss=0.0000 (disabled)  score=0.580  return=-0.181  role_std=10.7648  role_norm=62.5036  enc_delta ego=0.0017 partner=0.0023 road=0.0033
[ROMA step 5,011,144,704] sps=261,502  policy_loss=-0.0035  value_loss=1.3246  mi_loss=0.0019  mi_valid=0.84  div_loss=-0.1533  kl_loss=0.0000 (disabled)  score=0.583  return=-0.181  role_std=8.2904  role_norm=67.0528  enc_delta ego=0.0021 partner=0.0020 road=0.0029
[ROMA step 5,011,931,136] sps=261,405  policy_loss=-0.0010  value_loss=1.2797  mi_loss=0.0019  mi_valid=0.84  div_loss=-0.1553  kl_loss=0.0000 (disabled)  score=0.584  return=-0.180  role_std=9.3405  role_norm=66.8617  enc_delta ego=0.0019 partner=0.0020 road=0.0030
[ROMA step 5,012,717,568] sps=261,132  policy_loss=0.0006  value_loss=1.6290  mi_loss=0.0020  mi_valid=0.78  div_loss=-0.1504  kl_loss=0.0000 (disabled)  score=0.585  return=-0.178  role_std=10.1795  role_norm=65.4692  enc_delta ego=0.0020 partner=0.0018 road=0.0032
[ROMA step 5,013,504,000] sps=261,027  policy_loss=-0.0091  value_loss=1.4216  mi_loss=0.0020  mi_valid=0.81  div_loss=-0.1562  kl_loss=0.0000 (disabled)  score=0.586  return=-0.178  role_std=10.0734  role_norm=65.0840  enc_delta ego=0.0018 partner=0.0021 road=0.0031
[ROMA step 5,014,290,432] sps=260,924  policy_loss=0.0017  value_loss=1.8384  mi_loss=0.0020  mi_valid=0.81  div_loss=-0.1621  kl_loss=0.0000 (disabled)  score=0.586  return=-0.185  role_std=10.3629  role_norm=64.7866  enc_delta ego=0.0021 partner=0.0018 road=0.0030
[ROMA step 5,015,076,864] sps=260,825  policy_loss=0.0061  value_loss=1.3213  mi_loss=0.0020  mi_valid=0.82  div_loss=-0.1523  kl_loss=0.0000 (disabled)  score=0.586  return=-0.189  role_std=11.4575  role_norm=63.4365  enc_delta ego=0.0017 partner=0.0022 road=0.0034
[ROMA step 5,015,863,296] sps=260,534  policy_loss=-0.0036  value_loss=1.4233  mi_loss=0.0020  mi_valid=0.81  div_loss=-0.1396  kl_loss=0.0000 (disabled)  score=0.585  return=-0.188  role_std=8.1563  role_norm=67.6533  enc_delta ego=0.0021 partner=0.0024 road=0.0033
[ROMA step 5,016,649,728] sps=260,435  policy_loss=0.0004  value_loss=0.8509  mi_loss=0.0018  mi_valid=0.81  div_loss=-0.1167  kl_loss=0.0000 (disabled)  score=0.584  return=-0.181  role_std=6.7791  role_norm=67.6144  enc_delta ego=0.0017 partner=0.0021 road=0.0029
[ROMA step 5,017,436,160] sps=260,337  policy_loss=-0.0020  value_loss=0.7866  mi_loss=0.0018  mi_valid=0.81  div_loss=-0.1172  kl_loss=0.0000 (disabled)  score=0.583  return=-0.173  role_std=7.7984  role_norm=66.7426  enc_delta ego=0.0015 partner=0.0019 road=0.0030
[ROMA step 5,018,222,592] sps=260,069  policy_loss=-0.0030  value_loss=1.1311  mi_loss=0.0018  mi_valid=0.78  div_loss=-0.1328  kl_loss=0.0000 (disabled)  score=0.581  return=-0.169  role_std=10.2197  role_norm=64.6212  enc_delta ego=0.0017 partner=0.0020 road=0.0027
[ROMA step 5,019,009,024] sps=259,973  policy_loss=-0.0020  value_loss=1.3410  mi_loss=0.0018  mi_valid=0.81  div_loss=-0.1562  kl_loss=0.0000 (disabled)  score=0.582  return=-0.166  role_std=9.7779  role_norm=63.3457  enc_delta ego=0.0016 partner=0.0015 road=0.0025
[ROMA step 5,019,795,456] sps=259,874  policy_loss=0.0015  value_loss=1.1327  mi_loss=0.0017  mi_valid=0.84  div_loss=-0.1631  kl_loss=0.0000 (disabled)  score=0.582  return=-0.168  role_std=8.1040  role_norm=67.3423  enc_delta ego=0.0015 partner=0.0017 road=0.0027
[ROMA step 5,020,581,888] sps=259,778  policy_loss=0.0053  value_loss=1.3616  mi_loss=0.0017  mi_valid=0.82  div_loss=-0.1777  kl_loss=0.0000 (disabled)  score=0.583  return=-0.164  role_std=10.5397  role_norm=66.4162  enc_delta ego=0.0022 partner=0.0021 road=0.0034
[ROMA step 5,021,368,320] sps=259,505  policy_loss=-0.0020  value_loss=2.0301  mi_loss=0.0017  mi_valid=0.78  div_loss=-0.1729  kl_loss=0.0000 (disabled)  score=0.584  return=-0.164  role_std=10.5447  role_norm=65.1892  enc_delta ego=0.0020 partner=0.0018 road=0.0035
[ROMA step 5,022,154,752] sps=259,404  policy_loss=0.0023  value_loss=1.6939  mi_loss=0.0017  mi_valid=0.81  div_loss=-0.1680  kl_loss=0.0000 (disabled)  score=0.583  return=-0.163  role_std=10.9126  role_norm=64.4247  enc_delta ego=0.0034 partner=0.0025 road=0.0042
[ROMA step 5,022,941,184] sps=259,308  policy_loss=-0.0019  value_loss=1.5392  mi_loss=0.0018  mi_valid=0.81  div_loss=-0.1680  kl_loss=0.0000 (disabled)  score=0.582  return=-0.167  role_std=11.7203  role_norm=62.3384  enc_delta ego=0.0023 partner=0.0021 road=0.0028
[ROMA step 5,023,727,616] sps=259,209  policy_loss=-0.0027  value_loss=1.0547  mi_loss=0.0017  mi_valid=0.82  div_loss=-0.1777  kl_loss=0.0000 (disabled)  score=0.582  return=-0.171  role_std=10.4470  role_norm=60.4995  enc_delta ego=0.0015 partner=0.0021 road=0.0028
[ROMA step 5,024,514,048] sps=258,946  policy_loss=0.0011  value_loss=1.4808  mi_loss=0.0017  mi_valid=0.82  div_loss=-0.1797  kl_loss=0.0000 (disabled)  score=0.582  return=-0.176  role_std=9.2131  role_norm=66.5000  enc_delta ego=0.0022 partner=0.0023 road=0.0030
[ROMA step 5,025,300,480] sps=258,849  policy_loss=-0.0114  value_loss=1.1266  mi_loss=0.0018  mi_valid=0.81  div_loss=-0.1729  kl_loss=0.0000 (disabled)  score=0.582  return=-0.180  role_std=9.3721  role_norm=66.1745  enc_delta ego=0.0017 partner=0.0024 road=0.0035
[ROMA step 5,026,086,912] sps=258,754  policy_loss=-0.0011  value_loss=0.9684  mi_loss=0.0018  mi_valid=0.81  div_loss=-0.1709  kl_loss=0.0000 (disabled)  score=0.581  return=-0.181  role_std=11.6788  role_norm=64.1739  enc_delta ego=0.0013 partner=0.0019 road=0.0022
[ROMA step 5,026,873,344] sps=258,481  policy_loss=0.0087  value_loss=1.4499  mi_loss=0.0018  mi_valid=0.78  div_loss=-0.1650  kl_loss=0.0000 (disabled)  score=0.582  return=-0.182  role_std=11.3929  role_norm=62.4536  enc_delta ego=0.0014 partner=0.0021 road=0.0028
[ROMA step 5,027,659,776] sps=258,387  policy_loss=-0.0019  value_loss=1.1007  mi_loss=0.0018  mi_valid=0.82  div_loss=-0.1553  kl_loss=0.0000 (disabled)  score=0.583  return=-0.181  role_std=10.3485  role_norm=60.8167  enc_delta ego=0.0019 partner=0.0025 road=0.0030
[ROMA step 5,028,446,208] sps=258,293  policy_loss=-0.0032  value_loss=1.0267  mi_loss=0.0019  mi_valid=0.84  div_loss=-0.1416  kl_loss=0.0000 (disabled)  score=0.584  return=-0.178  role_std=8.2498  role_norm=67.2997  enc_delta ego=0.0025 partner=0.0019 road=0.0030
[ROMA step 5,029,232,640] sps=258,199  policy_loss=0.0074  value_loss=1.0842  mi_loss=0.0020  mi_valid=0.81  div_loss=-0.1455  kl_loss=0.0000 (disabled)  score=0.584  return=-0.173  role_std=9.0559  role_norm=66.5235  enc_delta ego=0.0020 partner=0.0019 road=0.0026
[ROMA step 5,030,019,072] sps=257,939  policy_loss=-0.0073  value_loss=1.0279  mi_loss=0.0020  mi_valid=0.78  div_loss=-0.1504  kl_loss=0.0000 (disabled)  score=0.585  return=-0.174  role_std=9.8489  role_norm=64.8705  enc_delta ego=0.0022 partner=0.0024 road=0.0038
[ROMA step 5,030,805,504] sps=257,845  policy_loss=-0.0033  value_loss=1.1453  mi_loss=0.0018  mi_valid=0.81  div_loss=-0.1592  kl_loss=0.0000 (disabled)  score=0.584  return=-0.181  role_std=10.1350  role_norm=63.4739  enc_delta ego=0.0019 partner=0.0020 road=0.0034
[ROMA step 5,031,591,936] sps=257,753  policy_loss=-0.0030  value_loss=0.7682  mi_loss=0.0020  mi_valid=0.81  div_loss=-0.1406  kl_loss=0.0000 (disabled)  score=0.585  return=-0.184  role_std=10.1967  role_norm=62.7080  enc_delta ego=0.0020 partner=0.0023 road=0.0036
[ROMA step 5,032,378,368] sps=257,500  policy_loss=0.0012  value_loss=1.3136  mi_loss=0.0019  mi_valid=0.81  div_loss=-0.1621  kl_loss=0.0000 (disabled)  score=0.586  return=-0.187  role_std=8.5619  role_norm=66.7302  enc_delta ego=0.0022 partner=0.0022 road=0.0033
[ROMA step 5,033,164,800] sps=257,408  policy_loss=0.0062  value_loss=1.3032  mi_loss=0.0020  mi_valid=0.81  div_loss=-0.1836  kl_loss=0.0000 (disabled)  score=0.588  return=-0.181  role_std=10.4414  role_norm=65.6581  enc_delta ego=0.0032 partner=0.0030 road=0.0038
[ROMA step 5,033,951,232] sps=257,317  policy_loss=0.0061  value_loss=1.5414  mi_loss=0.0020  mi_valid=0.81  div_loss=-0.1836  kl_loss=0.0000 (disabled)  score=0.590  return=-0.183  role_std=11.1005  role_norm=65.1776  enc_delta ego=0.0033 partner=0.0027 road=0.0038
[ROMA step 5,034,737,664] sps=257,226  policy_loss=0.0019  value_loss=1.6977  mi_loss=0.0020  mi_valid=0.81  div_loss=-0.1865  kl_loss=0.0000 (disabled)  score=0.592  return=-0.186  role_std=11.2706  role_norm=64.1723  enc_delta ego=0.0025 partner=0.0019 road=0.0031
[ROMA step 5,035,524,096] sps=256,941  policy_loss=0.0006  value_loss=1.2384  mi_loss=0.0020  mi_valid=0.79  div_loss=-0.1670  kl_loss=0.0000 (disabled)  score=0.591  return=-0.188  role_std=11.6095  role_norm=60.7090  enc_delta ego=0.0023 partner=0.0020 road=0.0031
[ROMA step 5,036,310,528] sps=256,850  policy_loss=0.0053  value_loss=0.9752  mi_loss=0.0021  mi_valid=0.84  div_loss=-0.1602  kl_loss=0.0000 (disabled)  score=0.589  return=-0.188  role_std=10.7456  role_norm=60.3704  enc_delta ego=0.0019 partner=0.0022 road=0.0040
[ROMA step 5,037,096,960] sps=256,759  policy_loss=-0.0041  value_loss=1.0310  mi_loss=0.0020  mi_valid=0.84  div_loss=-0.1641  kl_loss=0.0000 (disabled)  score=0.589  return=-0.186  role_std=9.6356  role_norm=65.7303  enc_delta ego=0.0022 partner=0.0023 road=0.0035
[ROMA step 5,037,883,392] sps=256,479  policy_loss=-0.0012  value_loss=1.4623  mi_loss=0.0020  mi_valid=0.78  div_loss=-0.1660  kl_loss=0.0000 (disabled)  score=0.588  return=-0.186  role_std=11.3777  role_norm=65.3853  enc_delta ego=0.0014 partner=0.0017 road=0.0028
[ROMA step 5,038,669,824] sps=256,388  policy_loss=0.0003  value_loss=1.2890  mi_loss=0.0020  mi_valid=0.81  div_loss=-0.1582  kl_loss=0.0000 (disabled)  score=0.587  return=-0.186  role_std=10.6835  role_norm=64.7862  enc_delta ego=0.0020 partner=0.0026 road=0.0034
[ROMA step 5,039,456,256] sps=256,296  policy_loss=0.0124  value_loss=1.6274  mi_loss=0.0020  mi_valid=0.81  div_loss=-0.1709  kl_loss=0.0000 (disabled)  score=0.587  return=-0.188  role_std=10.9240  role_norm=64.3915  enc_delta ego=0.0019 partner=0.0022 road=0.0041
[ROMA step 5,040,242,688] sps=256,204  policy_loss=-0.0045  value_loss=1.2954  mi_loss=0.0019  mi_valid=0.81  div_loss=-0.1660  kl_loss=0.0000 (disabled)  score=0.587  return=-0.192  role_std=11.1453  role_norm=62.8462  enc_delta ego=0.0017 partner=0.0023 road=0.0031
[ROMA step 5,041,029,120] sps=255,926  policy_loss=0.0007  value_loss=1.5842  mi_loss=0.0019  mi_valid=0.81  div_loss=-0.1641  kl_loss=0.0000 (disabled)  score=0.587  return=-0.196  role_std=9.3963  role_norm=67.4638  enc_delta ego=0.0016 partner=0.0023 road=0.0035
[ROMA step 5,041,815,552] sps=255,836  policy_loss=-0.0053  value_loss=1.3796  mi_loss=0.0019  mi_valid=0.81  div_loss=-0.1650  kl_loss=0.0000 (disabled)  score=0.587  return=-0.199  role_std=10.4302  role_norm=66.5202  enc_delta ego=0.0020 partner=0.0023 road=0.0033
[ROMA step 5,042,601,984] sps=255,746  policy_loss=0.0001  value_loss=1.3820  mi_loss=0.0018  mi_valid=0.81  div_loss=-0.1621  kl_loss=0.0000 (disabled)  score=0.587  return=-0.196  role_std=9.9180  role_norm=66.3396  enc_delta ego=0.0019 partner=0.0027 road=0.0036
[ROMA step 5,043,388,416] sps=255,474  policy_loss=-0.0016  value_loss=1.5489  mi_loss=0.0018  mi_valid=0.78  div_loss=-0.1562  kl_loss=0.0000 (disabled)  score=0.587  return=-0.198  role_std=9.9913  role_norm=65.2757  enc_delta ego=0.0020 partner=0.0018 road=0.0026
[ROMA step 5,044,174,848] sps=255,384  policy_loss=0.0023  value_loss=1.5032  mi_loss=0.0020  mi_valid=0.81  div_loss=-0.1533  kl_loss=0.0000 (disabled)  score=0.589  return=-0.202  role_std=11.4349  role_norm=64.2843  enc_delta ego=0.0018 partner=0.0026 road=0.0037
[ROMA step 5,044,961,280] sps=255,293  policy_loss=0.0006  value_loss=1.4596  mi_loss=0.0020  mi_valid=0.84  div_loss=-0.1641  kl_loss=0.0000 (disabled)  score=0.590  return=-0.210  role_std=8.4174  role_norm=68.0966  enc_delta ego=0.0023 partner=0.0025 road=0.0041
[ROMA step 5,045,747,712] sps=255,203  policy_loss=0.0041  value_loss=1.8883  mi_loss=0.0020  mi_valid=0.83  div_loss=-0.1787  kl_loss=0.0000 (disabled)  score=0.590  return=-0.225  role_std=10.0270  role_norm=67.4195  enc_delta ego=0.0018 partner=0.0020 road=0.0030
[ROMA step 5,046,534,144] sps=254,941  policy_loss=-0.0053  value_loss=1.7488  mi_loss=0.0020  mi_valid=0.78  div_loss=-0.1670  kl_loss=0.0000 (disabled)  score=0.590  return=-0.230  role_std=10.1391  role_norm=66.7292  enc_delta ego=0.0018 partner=0.0023 road=0.0035
[ROMA step 5,047,320,576] sps=254,847  policy_loss=0.0053  value_loss=1.1568  mi_loss=0.0019  mi_valid=0.81  div_loss=-0.1445  kl_loss=0.0000 (disabled)  score=0.589  return=-0.228  role_std=9.5459  role_norm=65.7182  enc_delta ego=0.0017 partner=0.0021 road=0.0031
[ROMA step 5,048,107,008] sps=254,752  policy_loss=0.0005  value_loss=1.3506  mi_loss=0.0019  mi_valid=0.81  div_loss=-0.1621  kl_loss=0.0000 (disabled)  score=0.588  return=-0.229  role_std=10.7436  role_norm=64.8575  enc_delta ego=0.0022 partner=0.0022 road=0.0027
[ROMA step 5,048,893,440] sps=254,660  policy_loss=-0.0027  value_loss=0.9614  mi_loss=0.0019  mi_valid=0.81  div_loss=-0.1543  kl_loss=0.0000 (disabled)  score=0.587  return=-0.228  role_std=10.4332  role_norm=62.9530  enc_delta ego=0.0017 partner=0.0021 road=0.0030
[ROMA step 5,049,679,872] sps=254,389  policy_loss=-0.0003  value_loss=1.4289  mi_loss=0.0018  mi_valid=0.83  div_loss=-0.1650  kl_loss=0.0000 (disabled)  score=0.587  return=-0.227  role_std=8.9462  role_norm=67.5064  enc_delta ego=0.0021 partner=0.0023 road=0.0035
[ROMA step 5,050,466,304] sps=254,295  policy_loss=0.0007  value_loss=1.2062  mi_loss=0.0018  mi_valid=0.81  div_loss=-0.1670  kl_loss=0.0000 (disabled)  score=0.586  return=-0.228  role_std=9.8083  role_norm=66.4312  enc_delta ego=0.0019 partner=0.0021 road=0.0033
[ROMA step 5,051,252,736] sps=254,197  policy_loss=-0.0013  value_loss=0.8997  mi_loss=0.0018  mi_valid=0.81  div_loss=-0.1611  kl_loss=0.0000 (disabled)  score=0.586  return=-0.223  role_std=10.3830  role_norm=65.2210  enc_delta ego=0.0021 partner=0.0019 road=0.0030
[ROMA step 5,052,039,168] sps=253,934  policy_loss=0.0036  value_loss=1.2661  mi_loss=0.0018  mi_valid=0.78  div_loss=-0.1689  kl_loss=0.0000 (disabled)  score=0.587  return=-0.219  role_std=11.6741  role_norm=63.3987  enc_delta ego=0.0025 partner=0.0019 road=0.0029
[ROMA step 5,052,825,600] sps=253,844  policy_loss=0.0052  value_loss=1.2752  mi_loss=0.0018  mi_valid=0.81  div_loss=-0.1729  kl_loss=0.0000 (disabled)  score=0.588  return=-0.218  role_std=10.8578  role_norm=62.2891  enc_delta ego=0.0018 partner=0.0024 road=0.0035
[ROMA step 5,053,612,032] sps=253,753  policy_loss=-0.0030  value_loss=1.1678  mi_loss=0.0018  mi_valid=0.83  div_loss=-0.1631  kl_loss=0.0000 (disabled)  score=0.589  return=-0.218  role_std=8.6074  role_norm=67.4336  enc_delta ego=0.0018 partner=0.0020 road=0.0036
[ROMA step 5,054,398,464] sps=253,666  policy_loss=0.0033  value_loss=1.5696  mi_loss=0.0019  mi_valid=0.81  div_loss=-0.1816  kl_loss=0.0000 (disabled)  score=0.589  return=-0.219  role_std=11.3040  role_norm=66.7909  enc_delta ego=0.0024 partner=0.0024 road=0.0031
[ROMA step 5,055,184,896] sps=253,400  policy_loss=0.0093  value_loss=2.4231  mi_loss=0.0019  mi_valid=0.78  div_loss=-0.1963  kl_loss=0.0000 (disabled)  score=0.588  return=-0.228  role_std=11.4964  role_norm=65.4232  enc_delta ego=0.0020 partner=0.0021 road=0.0034
[ROMA step 5,055,971,328] sps=253,311  policy_loss=0.0048  value_loss=1.3840  mi_loss=0.0020  mi_valid=0.81  div_loss=-0.1709  kl_loss=0.0000 (disabled)  score=0.587  return=-0.235  role_std=11.3603  role_norm=64.0080  enc_delta ego=0.0024 partner=0.0020 road=0.0032
[ROMA step 5,056,757,760] sps=253,222  policy_loss=0.0003  value_loss=1.3841  mi_loss=0.0019  mi_valid=0.81  div_loss=-0.1689  kl_loss=0.0000 (disabled)  score=0.587  return=-0.241  role_std=11.4627  role_norm=62.8349  enc_delta ego=0.0016 partner=0.0013 road=0.0022
[ROMA step 5,057,544,192] sps=252,975  policy_loss=0.0007  value_loss=1.2676  mi_loss=0.0019  mi_valid=0.81  div_loss=-0.1709  kl_loss=0.0000 (disabled)  score=0.587  return=-0.245  role_std=9.6582  role_norm=66.5311  enc_delta ego=0.0020 partner=0.0020 road=0.0030
[ROMA step 5,058,330,624] sps=252,882  policy_loss=0.0013  value_loss=1.1717  mi_loss=0.0020  mi_valid=0.81  div_loss=-0.1660  kl_loss=0.0000 (disabled)  score=0.587  return=-0.248  role_std=10.1999  role_norm=66.4810  enc_delta ego=0.0020 partner=0.0021 road=0.0037
[ROMA step 5,059,117,056] sps=252,794  policy_loss=-0.0034  value_loss=1.0592  mi_loss=0.0019  mi_valid=0.81  div_loss=-0.1582  kl_loss=0.0000 (disabled)  score=0.587  return=-0.246  role_std=9.9935  role_norm=66.0478  enc_delta ego=0.0020 partner=0.0027 road=0.0042
[ROMA step 5,059,903,488] sps=252,706  policy_loss=-0.0064  value_loss=1.1025  mi_loss=0.0019  mi_valid=0.81  div_loss=-0.1602  kl_loss=0.0000 (disabled)  score=0.586  return=-0.253  role_std=10.4323  role_norm=66.0949  enc_delta ego=0.0016 partner=0.0017 road=0.0027
[ROMA step 5,060,689,920] sps=252,427  policy_loss=-0.0043  value_loss=1.3819  mi_loss=0.0019  mi_valid=0.79  div_loss=-0.1416  kl_loss=0.0000 (disabled)  score=0.584  return=-0.256  role_std=10.6922  role_norm=65.0226  enc_delta ego=0.0018 partner=0.0024 road=0.0034
[ROMA step 5,061,476,352] sps=252,339  policy_loss=0.0076  value_loss=1.3686  mi_loss=0.0018  mi_valid=0.83  div_loss=-0.1504  kl_loss=0.0000 (disabled)  score=0.582  return=-0.258  role_std=9.6623  role_norm=64.0734  enc_delta ego=0.0021 partner=0.0021 road=0.0034
[ROMA step 5,062,262,784] sps=252,251  policy_loss=0.0053  value_loss=1.2547  mi_loss=0.0018  mi_valid=0.84  div_loss=-0.1406  kl_loss=0.0000 (disabled)  score=0.580  return=-0.256  role_std=9.1552  role_norm=68.2700  enc_delta ego=0.0025 partner=0.0022 road=0.0036
[ROMA step 5,063,049,216] sps=251,971  policy_loss=0.0035  value_loss=1.3398  mi_loss=0.0018  mi_valid=0.78  div_loss=-0.1504  kl_loss=0.0000 (disabled)  score=0.580  return=-0.254  role_std=9.3640  role_norm=67.8914  enc_delta ego=0.0017 partner=0.0021 road=0.0043
[ROMA step 5,063,835,648] sps=251,884  policy_loss=-0.0018  value_loss=1.4316  mi_loss=0.0018  mi_valid=0.81  div_loss=-0.1338  kl_loss=0.0000 (disabled)  score=0.580  return=-0.252  role_std=9.9672  role_norm=67.4213  enc_delta ego=0.0017 partner=0.0021 road=0.0036
[ROMA step 5,064,622,080] sps=251,797  policy_loss=0.0056  value_loss=1.0570  mi_loss=0.0019  mi_valid=0.81  div_loss=-0.1279  kl_loss=0.0000 (disabled)  score=0.581  return=-0.252  role_std=8.9823  role_norm=66.5663  enc_delta ego=0.0019 partner=0.0021 road=0.0034
[ROMA step 5,065,408,512] sps=251,708  policy_loss=-0.0047  value_loss=0.8024  mi_loss=0.0020  mi_valid=0.82  div_loss=-0.1206  kl_loss=0.0000 (disabled)  score=0.581  return=-0.248  role_std=8.8237  role_norm=65.6784  enc_delta ego=0.0021 partner=0.0021 road=0.0028
[ROMA step 5,066,194,944] sps=251,434  policy_loss=-0.0006  value_loss=0.9836  mi_loss=0.0018  mi_valid=0.81  div_loss=-0.1328  kl_loss=0.0000 (disabled)  score=0.581  return=-0.246  role_std=8.5319  role_norm=68.9618  enc_delta ego=0.0017 partner=0.0015 road=0.0024
[ROMA step 5,066,981,376] sps=251,348  policy_loss=0.0031  value_loss=1.3534  mi_loss=0.0019  mi_valid=0.81  div_loss=-0.1484  kl_loss=0.0000 (disabled)  score=0.581  return=-0.250  role_std=9.6927  role_norm=68.2445  enc_delta ego=0.0023 partner=0.0023 road=0.0035
[ROMA step 5,067,767,808] sps=251,262  policy_loss=-0.0002  value_loss=1.6433  mi_loss=0.0020  mi_valid=0.81  div_loss=-0.1572  kl_loss=0.0000 (disabled)  score=0.580  return=-0.253  role_std=10.1993  role_norm=66.9828  enc_delta ego=0.0014 partner=0.0018 road=0.0031
[ROMA step 5,068,554,240] sps=250,967  policy_loss=-0.0090  value_loss=1.2627  mi_loss=0.0019  mi_valid=0.78  div_loss=-0.1572  kl_loss=0.0000 (disabled)  score=0.579  return=-0.250  role_std=9.9528  role_norm=65.3960  enc_delta ego=0.0021 partner=0.0020 road=0.0033
[ROMA step 5,069,340,672] sps=250,881  policy_loss=0.0048  value_loss=1.0410  mi_loss=0.0020  mi_valid=0.82  div_loss=-0.1357  kl_loss=0.0000 (disabled)  score=0.577  return=-0.247  role_std=8.7860  role_norm=64.4023  enc_delta ego=0.0021 partner=0.0021 road=0.0033
[ROMA step 5,070,127,104] sps=250,795  policy_loss=-0.0027  value_loss=0.8626  mi_loss=0.0020  mi_valid=0.84  div_loss=-0.1387  kl_loss=0.0000 (disabled)  score=0.576  return=-0.240  role_std=8.8047  role_norm=67.6998  enc_delta ego=0.0016 partner=0.0021 road=0.0029
[ROMA step 5,070,913,536] sps=250,710  policy_loss=0.0006  value_loss=0.9085  mi_loss=0.0020  mi_valid=0.84  div_loss=-0.1416  kl_loss=0.0000 (disabled)  score=0.576  return=-0.236  role_std=8.7569  role_norm=68.0736  enc_delta ego=0.0017 partner=0.0021 road=0.0037
[ROMA step 5,071,699,968] sps=250,355  policy_loss=-0.0031  value_loss=1.3611  mi_loss=0.0020  mi_valid=0.78  div_loss=-0.1455  kl_loss=0.0000 (disabled)  score=0.575  return=-0.231  role_std=9.9299  role_norm=67.7521  enc_delta ego=0.0022 partner=0.0026 road=0.0036
[ROMA step 5,072,486,400] sps=250,270  policy_loss=-0.0060  value_loss=1.4417  mi_loss=0.0018  mi_valid=0.81  div_loss=-0.1572  kl_loss=0.0000 (disabled)  score=0.574  return=-0.227  role_std=11.0266  role_norm=66.9987  enc_delta ego=0.0018 partner=0.0023 road=0.0035
[ROMA step 5,073,272,832] sps=250,185  policy_loss=0.0058  value_loss=1.5031  mi_loss=0.0020  mi_valid=0.81  div_loss=-0.1553  kl_loss=0.0000 (disabled)  score=0.574  return=-0.223  role_std=10.5621  role_norm=65.5603  enc_delta ego=0.0024 partner=0.0022 road=0.0039
[ROMA step 5,074,059,264] sps=249,886  policy_loss=0.0044  value_loss=1.5438  mi_loss=0.0018  mi_valid=0.81  div_loss=-0.1582  kl_loss=0.0000 (disabled)  score=0.574  return=-0.217  role_std=10.3787  role_norm=63.3935  enc_delta ego=0.0023 partner=0.0024 road=0.0037
[ROMA step 5,074,845,696] sps=249,800  policy_loss=0.0003  value_loss=1.1921  mi_loss=0.0019  mi_valid=0.83  div_loss=-0.1348  kl_loss=0.0000 (disabled)  score=0.574  return=-0.212  role_std=8.9272  role_norm=67.9139  enc_delta ego=0.0017 partner=0.0021 road=0.0029
[ROMA step 5,075,632,128] sps=249,715  policy_loss=-0.0029  value_loss=1.1273  mi_loss=0.0019  mi_valid=0.81  div_loss=-0.1416  kl_loss=0.0000 (disabled)  score=0.574  return=-0.210  role_std=8.9363  role_norm=67.5941  enc_delta ego=0.0031 partner=0.0028 road=0.0038
[ROMA step 5,076,418,560] sps=249,630  policy_loss=-0.0034  value_loss=0.9976  mi_loss=0.0020  mi_valid=0.81  div_loss=-0.1436  kl_loss=0.0000 (disabled)  score=0.574  return=-0.205  role_std=8.4792  role_norm=66.5423  enc_delta ego=0.0020 partner=0.0019 road=0.0029
[ROMA step 5,077,204,992] sps=249,341  policy_loss=0.0017  value_loss=1.0644  mi_loss=0.0020  mi_valid=0.78  div_loss=-0.1455  kl_loss=0.0000 (disabled)  score=0.574  return=-0.202  role_std=9.8429  role_norm=64.5438  enc_delta ego=0.0019 partner=0.0018 road=0.0028
[ROMA step 5,077,991,424] sps=249,256  policy_loss=0.0002  value_loss=1.3716  mi_loss=0.0018  mi_valid=0.81  div_loss=-0.1660  kl_loss=0.0000 (disabled)  score=0.574  return=-0.206  role_std=10.4631  role_norm=63.7285  enc_delta ego=0.0026 partner=0.0023 road=0.0034
[ROMA step 5,078,777,856] sps=249,172  policy_loss=-0.0011  value_loss=1.3833  mi_loss=0.0019  mi_valid=0.83  div_loss=-0.1768  kl_loss=0.0000 (disabled)  score=0.575  return=-0.207  role_std=9.8962  role_norm=68.1851  enc_delta ego=0.0018 partner=0.0019 road=0.0028
[ROMA step 5,079,564,288] sps=249,088  policy_loss=-0.0018  value_loss=1.6996  mi_loss=0.0018  mi_valid=0.82  div_loss=-0.1787  kl_loss=0.0000 (disabled)  score=0.575  return=-0.215  role_std=10.7572  role_norm=67.8284  enc_delta ego=0.0021 partner=0.0021 road=0.0033
[ROMA step 5,080,350,720] sps=248,788  policy_loss=0.0058  value_loss=2.0977  mi_loss=0.0018  mi_valid=0.78  div_loss=-0.1709  kl_loss=0.0000 (disabled)  score=0.576  return=-0.225  role_std=10.9154  role_norm=67.1657  enc_delta ego=0.0019 partner=0.0020 road=0.0035
[ROMA step 5,081,137,152] sps=248,704  policy_loss=-0.0020  value_loss=1.2670  mi_loss=0.0018  mi_valid=0.81  div_loss=-0.1660  kl_loss=0.0000 (disabled)  score=0.576  return=-0.228  role_std=11.1180  role_norm=66.0928  enc_delta ego=0.0017 partner=0.0022 road=0.0035
[ROMA step 5,081,923,584] sps=248,610  policy_loss=-0.0023  value_loss=1.2421  mi_loss=0.0018  mi_valid=0.81  div_loss=-0.1641  kl_loss=0.0000 (disabled)  score=0.576  return=-0.230  role_std=10.6514  role_norm=65.1519  enc_delta ego=0.0019 partner=0.0023 road=0.0032
[ROMA step 5,082,710,016] sps=248,312  policy_loss=-0.0008  value_loss=1.3041  mi_loss=0.0018  mi_valid=0.81  div_loss=-0.1592  kl_loss=0.0000 (disabled)  score=0.576  return=-0.228  role_std=8.5360  role_norm=68.8882  enc_delta ego=0.0023 partner=0.0020 road=0.0033
[ROMA step 5,083,496,448] sps=248,226  policy_loss=0.0022  value_loss=1.6073  mi_loss=0.0019  mi_valid=0.82  div_loss=-0.1523  kl_loss=0.0000 (disabled)  score=0.577  return=-0.218  role_std=10.1282  role_norm=68.2337  enc_delta ego=0.0015 partner=0.0022 road=0.0026
[ROMA step 5,084,282,880] sps=248,139  policy_loss=-0.0016  value_loss=1.1617  mi_loss=0.0019  mi_valid=0.80  div_loss=-0.1504  kl_loss=0.0000 (disabled)  score=0.578  return=-0.213  role_std=10.5380  role_norm=67.7863  enc_delta ego=0.0016 partner=0.0019 road=0.0028
[ROMA step 5,085,069,312] sps=248,046  policy_loss=0.0034  value_loss=1.4443  mi_loss=0.0020  mi_valid=0.81  div_loss=-0.1543  kl_loss=0.0000 (disabled)  score=0.580  return=-0.210  role_std=10.0383  role_norm=67.5953  enc_delta ego=0.0013 partner=0.0015 road=0.0025
[ROMA step 5,085,855,744] sps=247,733  policy_loss=-0.0025  value_loss=1.3755  mi_loss=0.0019  mi_valid=0.78  div_loss=-0.1572  kl_loss=0.0000 (disabled)  score=0.580  return=-0.206  role_std=10.0688  role_norm=65.2396  enc_delta ego=0.0016 partner=0.0022 road=0.0031
[ROMA step 5,086,642,176] sps=247,650  policy_loss=-0.0087  value_loss=1.0021  mi_loss=0.0019  mi_valid=0.81  div_loss=-0.1475  kl_loss=0.0000 (disabled)  score=0.580  return=-0.205  role_std=10.1886  role_norm=63.8536  enc_delta ego=0.0020 partner=0.0021 road=0.0033
[ROMA step 5,087,428,608] sps=247,561  policy_loss=0.0044  value_loss=1.5093  mi_loss=0.0019  mi_valid=0.83  div_loss=-0.1650  kl_loss=0.0000 (disabled)  score=0.581  return=-0.206  role_std=10.0435  role_norm=68.7906  enc_delta ego=0.0019 partner=0.0023 road=0.0033
[ROMA step 5,088,215,040] sps=247,280  policy_loss=0.0097  value_loss=1.5548  mi_loss=0.0021  mi_valid=0.78  div_loss=-0.1504  kl_loss=0.0000 (disabled)  score=0.581  return=-0.205  role_std=9.6805  role_norm=67.6136  enc_delta ego=0.0019 partner=0.0019 road=0.0032
[ROMA step 5,089,001,472] sps=247,193  policy_loss=-0.0064  value_loss=1.1843  mi_loss=0.0018  mi_valid=0.81  div_loss=-0.1582  kl_loss=0.0000 (disabled)  score=0.583  return=-0.200  role_std=9.8287  role_norm=66.6301  enc_delta ego=0.0014 partner=0.0015 road=0.0025
[ROMA step 5,089,787,904] sps=247,105  policy_loss=-0.0014  value_loss=1.1065  mi_loss=0.0020  mi_valid=0.81  div_loss=-0.1504  kl_loss=0.0000 (disabled)  score=0.585  return=-0.189  role_std=11.0367  role_norm=65.8181  enc_delta ego=0.0020 partner=0.0022 road=0.0034
[ROMA step 5,090,574,336] sps=247,017  policy_loss=0.0017  value_loss=1.3661  mi_loss=0.0019  mi_valid=0.81  div_loss=-0.1484  kl_loss=0.0000 (disabled)  score=0.588  return=-0.189  role_std=11.0433  role_norm=65.0117  enc_delta ego=0.0013 partner=0.0014 road=0.0027
[ROMA step 5,091,360,768] sps=246,689  policy_loss=-0.0045  value_loss=1.2090  mi_loss=0.0020  mi_valid=0.80  div_loss=-0.1396  kl_loss=0.0000 (disabled)  score=0.589  return=-0.185  role_std=9.0548  role_norm=69.6064  enc_delta ego=0.0022 partner=0.0018 road=0.0026
[ROMA step 5,092,147,200] sps=246,606  policy_loss=0.0027  value_loss=1.6677  mi_loss=0.0020  mi_valid=0.81  div_loss=-0.1494  kl_loss=0.0000 (disabled)  score=0.590  return=-0.186  role_std=10.2357  role_norm=69.2473  enc_delta ego=0.0016 partner=0.0019 road=0.0029
[ROMA step 5,092,933,632] sps=246,522  policy_loss=-0.0036  value_loss=1.3341  mi_loss=0.0020  mi_valid=0.81  div_loss=-0.1309  kl_loss=0.0000 (disabled)  score=0.591  return=-0.187  role_std=9.6482  role_norm=69.0474  enc_delta ego=0.0019 partner=0.0020 road=0.0035
[ROMA step 5,093,720,064] sps=246,241  policy_loss=-0.0045  value_loss=1.1337  mi_loss=0.0021  mi_valid=0.79  div_loss=-0.1348  kl_loss=0.0000 (disabled)  score=0.591  return=-0.188  role_std=7.7690  role_norm=67.5813  enc_delta ego=0.0015 partner=0.0017 road=0.0028
[ROMA step 5,094,506,496] sps=246,159  policy_loss=-0.0054  value_loss=1.1896  mi_loss=0.0019  mi_valid=0.81  div_loss=-0.1309  kl_loss=0.0000 (disabled)  score=0.590  return=-0.184  role_std=10.1184  role_norm=66.8759  enc_delta ego=0.0024 partner=0.0020 road=0.0035
[ROMA step 5,095,292,928] sps=246,070  policy_loss=-0.0028  value_loss=1.2112  mi_loss=0.0018  mi_valid=0.83  div_loss=-0.1387  kl_loss=0.0000 (disabled)  score=0.590  return=-0.179  role_std=6.8038  role_norm=65.3791  enc_delta ego=0.0021 partner=0.0018 road=0.0029
[ROMA step 5,096,079,360] sps=245,984  policy_loss=0.0022  value_loss=1.1482  mi_loss=0.0018  mi_valid=0.84  div_loss=-0.1260  kl_loss=0.0000 (disabled)  score=0.590  return=-0.175  role_std=7.4140  role_norm=69.0112  enc_delta ego=0.0020 partner=0.0018 road=0.0031
[ROMA step 5,096,865,792] sps=245,701  policy_loss=0.0012  value_loss=0.7894  mi_loss=0.0018  mi_valid=0.78  div_loss=-0.1196  kl_loss=0.0000 (disabled)  score=0.590  return=-0.166  role_std=8.7240  role_norm=68.2284  enc_delta ego=0.0023 partner=0.0020 road=0.0039
[ROMA step 5,097,652,224] sps=245,618  policy_loss=0.0075  value_loss=1.1543  mi_loss=0.0020  mi_valid=0.81  div_loss=-0.1465  kl_loss=0.0000 (disabled)  score=0.592  return=-0.161  role_std=11.7042  role_norm=66.9961  enc_delta ego=0.0031 partner=0.0017 road=0.0032
[ROMA step 5,098,438,656] sps=245,534  policy_loss=0.0016  value_loss=1.4535  mi_loss=0.0018  mi_valid=0.81  div_loss=-0.1641  kl_loss=0.0000 (disabled)  score=0.594  return=-0.167  role_std=10.4493  role_norm=65.5005  enc_delta ego=0.0030 partner=0.0023 road=0.0035
[ROMA step 5,099,225,088] sps=245,223  policy_loss=0.0041  value_loss=1.3459  mi_loss=0.0019  mi_valid=0.80  div_loss=-0.1553  kl_loss=0.0000 (disabled)  score=0.595  return=-0.164  role_std=9.0580  role_norm=62.7751  enc_delta ego=0.0027 partner=0.0022 road=0.0034
[ROMA step 5,100,011,520] sps=245,139  policy_loss=0.0014  value_loss=1.5140  mi_loss=0.0018  mi_valid=0.84  div_loss=-0.1650  kl_loss=0.0000 (disabled)  score=0.596  return=-0.169  role_std=10.4674  role_norm=67.4519  enc_delta ego=0.0019 partner=0.0022 road=0.0034
[ROMA step 5,100,797,952] sps=245,056  policy_loss=0.0007  value_loss=1.1080  mi_loss=0.0018  mi_valid=0.81  div_loss=-0.1543  kl_loss=0.0000 (disabled)  score=0.596  return=-0.165  role_std=10.0191  role_norm=66.7327  enc_delta ego=0.0014 partner=0.0018 road=0.0029
[ROMA step 5,101,584,384] sps=244,973  policy_loss=-0.0015  value_loss=1.3520  mi_loss=0.0021  mi_valid=0.81  div_loss=-0.1621  kl_loss=0.0000 (disabled)  score=0.596  return=-0.165  role_std=11.2889  role_norm=66.5118  enc_delta ego=0.0020 partner=0.0022 road=0.0040
[ROMA step 5,102,370,816] sps=244,703  policy_loss=-0.0071  value_loss=1.3246  mi_loss=0.0019  mi_valid=0.78  div_loss=-0.1553  kl_loss=0.0000 (disabled)  score=0.595  return=-0.166  role_std=9.7155  role_norm=65.9114  enc_delta ego=0.0016 partner=0.0014 road=0.0030
[ROMA step 5,103,157,248] sps=244,621  policy_loss=-0.0012  value_loss=1.0713  mi_loss=0.0019  mi_valid=0.81  div_loss=-0.1504  kl_loss=0.0000 (disabled)  score=0.595  return=-0.167  role_std=9.7058  role_norm=64.6788  enc_delta ego=0.0014 partner=0.0017 road=0.0035
[ROMA step 5,103,943,680] sps=244,539  policy_loss=-0.0036  value_loss=1.0073  mi_loss=0.0018  mi_valid=0.84  div_loss=-0.1543  kl_loss=0.0000 (disabled)  score=0.594  return=-0.169  role_std=9.1119  role_norm=68.7412  enc_delta ego=0.0016 partner=0.0016 road=0.0028
[ROMA step 5,104,730,112] sps=244,457  policy_loss=0.0029  value_loss=1.1492  mi_loss=0.0017  mi_valid=0.83  div_loss=-0.1641  kl_loss=0.0000 (disabled)  score=0.594  return=-0.174  role_std=9.0113  role_norm=68.5467  enc_delta ego=0.0014 partner=0.0018 road=0.0024
[ROMA step 5,105,516,544] sps=244,170  policy_loss=0.0035  value_loss=1.5937  mi_loss=0.0018  mi_valid=0.78  div_loss=-0.1650  kl_loss=0.0000 (disabled)  score=0.594  return=-0.177  role_std=10.2004  role_norm=67.7905  enc_delta ego=0.0019 partner=0.0025 road=0.0036
[ROMA step 5,106,302,976] sps=244,091  policy_loss=0.0033  value_loss=1.3539  mi_loss=0.0018  mi_valid=0.81  div_loss=-0.1465  kl_loss=0.0000 (disabled)  score=0.595  return=-0.172  role_std=9.4462  role_norm=66.4873  enc_delta ego=0.0011 partner=0.0018 road=0.0029
[ROMA step 5,107,089,408] sps=244,011  policy_loss=0.0003  value_loss=0.9642  mi_loss=0.0019  mi_valid=0.81  div_loss=-0.1416  kl_loss=0.0000 (disabled)  score=0.594  return=-0.162  role_std=10.1287  role_norm=66.0000  enc_delta ego=0.0019 partner=0.0023 road=0.0035
[ROMA step 5,107,875,840] sps=243,757  policy_loss=-0.0021  value_loss=1.1083  mi_loss=0.0020  mi_valid=0.81  div_loss=-0.1465  kl_loss=0.0000 (disabled)  score=0.594  return=-0.157  role_std=9.5602  role_norm=68.4581  enc_delta ego=0.0018 partner=0.0017 road=0.0028
[ROMA step 5,108,662,272] sps=243,676  policy_loss=0.0057  value_loss=1.9964  mi_loss=0.0018  mi_valid=0.83  div_loss=-0.1553  kl_loss=0.0000 (disabled)  score=0.593  return=-0.155  role_std=10.1525  role_norm=68.6848  enc_delta ego=0.0022 partner=0.0024 road=0.0036
[ROMA step 5,109,448,704] sps=243,594  policy_loss=0.0048  value_loss=2.1064  mi_loss=0.0019  mi_valid=0.81  div_loss=-0.1709  kl_loss=0.0000 (disabled)  score=0.592  return=-0.158  role_std=10.8775  role_norm=68.6102  enc_delta ego=0.0021 partner=0.0030 road=0.0043
[ROMA step 5,110,235,136] sps=243,513  policy_loss=0.0015  value_loss=1.3229  mi_loss=0.0019  mi_valid=0.81  div_loss=-0.1465  kl_loss=0.0000 (disabled)  score=0.590  return=-0.159  role_std=10.1369  role_norm=68.1266  enc_delta ego=0.0022 partner=0.0019 road=0.0028
[ROMA step 5,111,021,568] sps=243,268  policy_loss=0.0013  value_loss=1.1725  mi_loss=0.0022  mi_valid=0.79  div_loss=-0.1426  kl_loss=0.0000 (disabled)  score=0.589  return=-0.160  role_std=8.8470  role_norm=66.8202  enc_delta ego=0.0020 partner=0.0021 road=0.0028
[ROMA step 5,111,808,000] sps=243,190  policy_loss=-0.0037  value_loss=0.8056  mi_loss=0.0020  mi_valid=0.82  div_loss=-0.1436  kl_loss=0.0000 (disabled)  score=0.588  return=-0.158  role_std=10.6071  role_norm=65.1482  enc_delta ego=0.0019 partner=0.0021 road=0.0028
[ROMA step 5,112,594,432] sps=243,111  policy_loss=0.0015  value_loss=1.3605  mi_loss=0.0020  mi_valid=0.84  div_loss=-0.1484  kl_loss=0.0000 (disabled)  score=0.588  return=-0.162  role_std=9.7974  role_norm=69.1160  enc_delta ego=0.0031 partner=0.0023 road=0.0034
[ROMA step 5,113,380,864] sps=242,873  policy_loss=0.0081  value_loss=1.0828  mi_loss=0.0019  mi_valid=0.79  div_loss=-0.1445  kl_loss=0.0000 (disabled)  score=0.587  return=-0.165  role_std=8.4334  role_norm=68.9709  enc_delta ego=0.0023 partner=0.0024 road=0.0038
[ROMA step 5,114,167,296] sps=242,791  policy_loss=0.0046  value_loss=1.3388  mi_loss=0.0019  mi_valid=0.81  div_loss=-0.1416  kl_loss=0.0000 (disabled)  score=0.586  return=-0.169  role_std=9.6108  role_norm=68.3059  enc_delta ego=0.0018 partner=0.0024 road=0.0031
[ROMA step 5,114,953,728] sps=242,710  policy_loss=-0.0025  value_loss=0.9711  mi_loss=0.0018  mi_valid=0.81  div_loss=-0.1484  kl_loss=0.0000 (disabled)  score=0.586  return=-0.172  role_std=9.9536  role_norm=67.3102  enc_delta ego=0.0017 partner=0.0018 road=0.0023
[ROMA step 5,115,740,160] sps=242,621  policy_loss=-0.0036  value_loss=0.9393  mi_loss=0.0019  mi_valid=0.81  div_loss=-0.1514  kl_loss=0.0000 (disabled)  score=0.586  return=-0.174  role_std=10.2481  role_norm=66.0386  enc_delta ego=0.0022 partner=0.0018 road=0.0028
[ROMA step 5,116,526,592] sps=242,398  policy_loss=0.0041  value_loss=1.0460  mi_loss=0.0019  mi_valid=0.81  div_loss=-0.1396  kl_loss=0.0000 (disabled)  score=0.586  return=-0.175  role_std=8.1650  role_norm=69.5313  enc_delta ego=0.0014 partner=0.0016 road=0.0027
[ROMA step 5,117,313,024] sps=242,318  policy_loss=-0.0077  value_loss=1.1558  mi_loss=0.0022  mi_valid=0.82  div_loss=-0.1436  kl_loss=0.0000 (disabled)  score=0.585  return=-0.175  role_std=9.4041  role_norm=69.4337  enc_delta ego=0.0014 partner=0.0017 road=0.0021
[ROMA step 5,118,099,456] sps=242,239  policy_loss=0.0043  value_loss=0.8436  mi_loss=0.0020  mi_valid=0.81  div_loss=-0.1318  kl_loss=0.0000 (disabled)  score=0.583  return=-0.179  role_std=8.5618  role_norm=69.1176  enc_delta ego=0.0018 partner=0.0023 road=0.0032
[ROMA step 5,118,885,888] sps=241,991  policy_loss=-0.0025  value_loss=0.8496  mi_loss=0.0021  mi_valid=0.79  div_loss=-0.1318  kl_loss=0.0000 (disabled)  score=0.582  return=-0.176  role_std=9.4502  role_norm=67.7526  enc_delta ego=0.0013 partner=0.0015 road=0.0025
[ROMA step 5,119,672,320] sps=241,913  policy_loss=0.0014  value_loss=1.0016  mi_loss=0.0018  mi_valid=0.81  div_loss=-0.1396  kl_loss=0.0000 (disabled)  score=0.581  return=-0.174  role_std=9.8202  role_norm=67.2726  enc_delta ego=0.0013 partner=0.0015 road=0.0025
[ROMA step 5,120,458,752] sps=241,833  policy_loss=0.0008  value_loss=0.9774  mi_loss=0.0020  mi_valid=0.82  div_loss=-0.1484  kl_loss=0.0000 (disabled)  score=0.582  return=-0.174  role_std=10.0169  role_norm=64.6064  enc_delta ego=0.0015 partner=0.0017 road=0.0024
[ROMA step 5,121,245,184] sps=241,753  policy_loss=-0.0004  value_loss=0.8124  mi_loss=0.0020  mi_valid=0.84  div_loss=-0.1465  kl_loss=0.0000 (disabled)  score=0.582  return=-0.176  role_std=8.4275  role_norm=69.9193  enc_delta ego=0.0015 partner=0.0018 road=0.0032
[ROMA step 5,122,031,616] sps=241,534  policy_loss=0.0002  value_loss=1.4877  mi_loss=0.0018  mi_valid=0.78  div_loss=-0.1553  kl_loss=0.0000 (disabled)  score=0.584  return=-0.176  role_std=9.2581  role_norm=68.6491  enc_delta ego=0.0015 partner=0.0017 road=0.0028
[ROMA step 5,122,818,048] sps=241,456  policy_loss=0.0031  value_loss=1.6232  mi_loss=0.0020  mi_valid=0.81  div_loss=-0.1553  kl_loss=0.0000 (disabled)  score=0.585  return=-0.175  role_std=10.6474  role_norm=67.8296  enc_delta ego=0.0021 partner=0.0021 road=0.0036
[ROMA step 5,123,604,480] sps=241,379  policy_loss=-0.0026  value_loss=1.3128  mi_loss=0.0023  mi_valid=0.81  div_loss=-0.1475  kl_loss=0.0000 (disabled)  score=0.586  return=-0.176  role_std=9.5616  role_norm=67.4993  enc_delta ego=0.0028 partner=0.0017 road=0.0028
[ROMA step 5,124,390,912] sps=241,156  policy_loss=0.0044  value_loss=1.3389  mi_loss=0.0020  mi_valid=0.80  div_loss=-0.1396  kl_loss=0.0000 (disabled)  score=0.587  return=-0.179  role_std=8.4702  role_norm=64.6687  enc_delta ego=0.0021 partner=0.0015 road=0.0022
[ROMA step 5,125,177,344] sps=241,078  policy_loss=-0.0048  value_loss=0.9766  mi_loss=0.0020  mi_valid=0.83  div_loss=-0.1348  kl_loss=0.0000 (disabled)  score=0.587  return=-0.183  role_std=7.8566  role_norm=70.5058  enc_delta ego=0.0020 partner=0.0020 road=0.0033
[ROMA step 5,125,963,776] sps=240,999  policy_loss=-0.0027  value_loss=0.9358  mi_loss=0.0023  mi_valid=0.80  div_loss=-0.1387  kl_loss=0.0000 (disabled)  score=0.586  return=-0.181  role_std=8.3570  role_norm=69.6536  enc_delta ego=0.0027 partner=0.0019 road=0.0034
[ROMA step 5,126,750,208] sps=240,920  policy_loss=-0.0004  value_loss=0.9837  mi_loss=0.0021  mi_valid=0.80  div_loss=-0.1445  kl_loss=0.0000 (disabled)  score=0.586  return=-0.175  role_std=8.9468  role_norm=69.1052  enc_delta ego=0.0019 partner=0.0022 road=0.0034
[ROMA step 5,127,536,640] sps=240,664  policy_loss=-0.0001  value_loss=1.2432  mi_loss=0.0020  mi_valid=0.78  div_loss=-0.1592  kl_loss=0.0000 (disabled)  score=0.587  return=-0.171  role_std=12.2654  role_norm=66.6079  enc_delta ego=0.0017 partner=0.0022 road=0.0034
[ROMA step 5,128,323,072] sps=240,573  policy_loss=0.0010  value_loss=1.1008  mi_loss=0.0019  mi_valid=0.81  div_loss=-0.1504  kl_loss=0.0000 (disabled)  score=0.587  return=-0.172  role_std=10.0619  role_norm=65.9193  enc_delta ego=0.0017 partner=0.0018 road=0.0025
[ROMA step 5,129,109,504] sps=240,494  policy_loss=-0.0029  value_loss=1.5809  mi_loss=0.0020  mi_valid=0.84  div_loss=-0.1709  kl_loss=0.0000 (disabled)  score=0.587  return=-0.174  role_std=10.1305  role_norm=69.7811  enc_delta ego=0.0014 partner=0.0020 road=0.0028
[ROMA step 5,129,895,936] sps=240,416  policy_loss=0.0047  value_loss=1.1670  mi_loss=0.0019  mi_valid=0.84  div_loss=-0.1572  kl_loss=0.0000 (disabled)  score=0.587  return=-0.172  role_std=8.5140  role_norm=69.4010  enc_delta ego=0.0019 partner=0.0021 road=0.0032
[ROMA step 5,130,682,368] sps=239,467  policy_loss=0.0018  value_loss=1.2220  mi_loss=0.0021  mi_valid=0.78  div_loss=-0.1582  kl_loss=0.0000 (disabled)  score=0.588  return=-0.165  role_std=10.5172  role_norm=68.2517  enc_delta ego=0.0017 partner=0.0021 road=0.0032
[ROMA step 5,131,468,800] sps=239,388  policy_loss=-0.0006  value_loss=1.1673  mi_loss=0.0020  mi_valid=0.81  div_loss=-0.1689  kl_loss=0.0000 (disabled)  score=0.588  return=-0.162  role_std=11.1060  role_norm=66.8360  enc_delta ego=0.0017 partner=0.0020 road=0.0031
[ROMA step 5,132,255,232] sps=239,308  policy_loss=-0.0013  value_loss=1.1725  mi_loss=0.0024  mi_valid=0.81  div_loss=-0.1699  kl_loss=0.0000 (disabled)  score=0.589  return=-0.157  role_std=11.3729  role_norm=65.2605  enc_delta ego=0.0018 partner=0.0019 road=0.0026
[ROMA step 5,133,041,664] sps=238,616  policy_loss=0.0001  value_loss=1.1528  mi_loss=0.0020  mi_valid=0.81  div_loss=-0.1562  kl_loss=0.0000 (disabled)  score=0.589  return=-0.155  role_std=9.4950  role_norm=69.5196  enc_delta ego=0.0011 partner=0.0016 road=0.0026
[ROMA step 5,133,828,096] sps=238,539  policy_loss=-0.0076  value_loss=1.0846  mi_loss=0.0020  mi_valid=0.84  div_loss=-0.1484  kl_loss=0.0000 (disabled)  score=0.588  return=-0.153  role_std=8.9023  role_norm=69.1996  enc_delta ego=0.0021 partner=0.0022 road=0.0032
[ROMA step 5,134,614,528] sps=238,461  policy_loss=-0.0044  value_loss=1.4531  mi_loss=0.0019  mi_valid=0.81  div_loss=-0.1562  kl_loss=0.0000 (disabled)  score=0.588  return=-0.155  role_std=9.6064  role_norm=68.9624  enc_delta ego=0.0018 partner=0.0020 road=0.0033
[ROMA step 5,135,400,960] sps=238,385  policy_loss=-0.0024  value_loss=1.0324  mi_loss=0.0020  mi_valid=0.81  div_loss=-0.1533  kl_loss=0.0000 (disabled)  score=0.587  return=-0.158  role_std=8.7702  role_norm=68.2573  enc_delta ego=0.0019 partner=0.0021 road=0.0035
[ROMA step 5,136,187,392] sps=237,739  policy_loss=-0.0002  value_loss=1.1913  mi_loss=0.0021  mi_valid=0.79  div_loss=-0.1562  kl_loss=0.0000 (disabled)  score=0.586  return=-0.156  role_std=9.6213  role_norm=66.6117  enc_delta ego=0.0019 partner=0.0024 road=0.0042
[ROMA step 5,136,973,824] sps=237,662  policy_loss=0.0087  value_loss=1.2646  mi_loss=0.0019  mi_valid=0.82  div_loss=-0.1699  kl_loss=0.0000 (disabled)  score=0.585  return=-0.157  role_std=10.6734  role_norm=64.7788  enc_delta ego=0.0017 partner=0.0021 road=0.0031
[ROMA step 5,137,760,256] sps=237,585  policy_loss=0.0009  value_loss=1.2072  mi_loss=0.0018  mi_valid=0.84  div_loss=-0.1689  kl_loss=0.0000 (disabled)  score=0.585  return=-0.155  role_std=9.9314  role_norm=69.2133  enc_delta ego=0.0018 partner=0.0019 road=0.0031
[ROMA step 5,138,546,688] sps=237,355  policy_loss=0.0028  value_loss=1.3946  mi_loss=0.0018  mi_valid=0.80  div_loss=-0.1523  kl_loss=0.0000 (disabled)  score=0.585  return=-0.156  role_std=10.0835  role_norm=68.8771  enc_delta ego=0.0015 partner=0.0019 road=0.0028
[ROMA step 5,139,333,120] sps=237,282  policy_loss=0.0049  value_loss=1.4817  mi_loss=0.0018  mi_valid=0.81  div_loss=-0.1621  kl_loss=0.0000 (disabled)  score=0.586  return=-0.160  role_std=11.7618  role_norm=68.7985  enc_delta ego=0.0017 partner=0.0022 road=0.0034
[ROMA step 5,140,119,552] sps=237,208  policy_loss=0.0069  value_loss=1.0758  mi_loss=0.0018  mi_valid=0.81  div_loss=-0.1445  kl_loss=0.0000 (disabled)  score=0.585  return=-0.158  role_std=10.5523  role_norm=67.7540  enc_delta ego=0.0014 partner=0.0021 road=0.0028
[ROMA step 5,140,905,984] sps=237,133  policy_loss=-0.0006  value_loss=0.7629  mi_loss=0.0019  mi_valid=0.81  div_loss=-0.1338  kl_loss=0.0000 (disabled)  score=0.585  return=-0.153  role_std=8.7101  role_norm=67.4182  enc_delta ego=0.0016 partner=0.0021 road=0.0031
[ROMA step 5,141,692,416] sps=236,788  policy_loss=0.0002  value_loss=0.9778  mi_loss=0.0018  mi_valid=0.81  div_loss=-0.1406  kl_loss=0.0000 (disabled)  score=0.585  return=-0.154  role_std=8.4893  role_norm=69.9402  enc_delta ego=0.0019 partner=0.0020 road=0.0033
[ROMA step 5,142,478,848] sps=236,715  policy_loss=0.0028  value_loss=1.2108  mi_loss=0.0018  mi_valid=0.82  div_loss=-0.1475  kl_loss=0.0000 (disabled)  score=0.584  return=-0.147  role_std=9.8981  role_norm=69.2917  enc_delta ego=0.0020 partner=0.0019 road=0.0037
[ROMA step 5,143,265,280] sps=236,640  policy_loss=0.0011  value_loss=0.7839  mi_loss=0.0017  mi_valid=0.81  div_loss=-0.1367  kl_loss=0.0000 (disabled)  score=0.583  return=-0.140  role_std=9.5110  role_norm=69.1407  enc_delta ego=0.0013 partner=0.0017 road=0.0029
[ROMA step 5,144,051,712] sps=236,406  policy_loss=-0.0020  value_loss=0.8104  mi_loss=0.0018  mi_valid=0.78  div_loss=-0.1328  kl_loss=0.0000 (disabled)  score=0.582  return=-0.134  role_std=10.5138  role_norm=68.1602  enc_delta ego=0.0017 partner=0.0019 road=0.0032
[ROMA step 5,144,838,144] sps=236,332  policy_loss=0.0055  value_loss=1.2133  mi_loss=0.0018  mi_valid=0.81  div_loss=-0.1416  kl_loss=0.0000 (disabled)  score=0.582  return=-0.138  role_std=8.7947  role_norm=67.3867  enc_delta ego=0.0018 partner=0.0020 road=0.0028
[ROMA step 5,145,624,576] sps=236,259  policy_loss=0.0060  value_loss=1.3084  mi_loss=0.0017  mi_valid=0.82  div_loss=-0.1465  kl_loss=0.0000 (disabled)  score=0.582  return=-0.139  role_std=10.0863  role_norm=64.7336  enc_delta ego=0.0024 partner=0.0026 road=0.0032
[ROMA step 5,146,411,008] sps=236,186  policy_loss=0.0036  value_loss=1.1904  mi_loss=0.0018  mi_valid=0.83  div_loss=-0.1523  kl_loss=0.0000 (disabled)  score=0.582  return=-0.143  role_std=9.1448  role_norm=69.6034  enc_delta ego=0.0020 partner=0.0022 road=0.0033
[ROMA step 5,147,197,440] sps=235,964  policy_loss=-0.0016  value_loss=1.9417  mi_loss=0.0018  mi_valid=0.78  div_loss=-0.1777  kl_loss=0.0000 (disabled)  score=0.582  return=-0.151  role_std=11.5061  role_norm=68.3074  enc_delta ego=0.0017 partner=0.0018 road=0.0028
[ROMA step 5,147,983,872] sps=235,891  policy_loss=-0.0021  value_loss=1.9346  mi_loss=0.0018  mi_valid=0.81  div_loss=-0.1885  kl_loss=0.0000 (disabled)  score=0.581  return=-0.165  role_std=11.8679  role_norm=66.7738  enc_delta ego=0.0025 partner=0.0022 road=0.0027
[ROMA step 5,148,770,304] sps=235,819  policy_loss=-0.0026  value_loss=1.2560  mi_loss=0.0018  mi_valid=0.81  div_loss=-0.1768  kl_loss=0.0000 (disabled)  score=0.581  return=-0.174  role_std=11.2961  role_norm=65.2908  enc_delta ego=0.0029 partner=0.0022 road=0.0030
[ROMA step 5,149,556,736] sps=235,601  policy_loss=0.0041  value_loss=1.2359  mi_loss=0.0019  mi_valid=0.79  div_loss=-0.1611  kl_loss=0.0000 (disabled)  score=0.580  return=-0.179  role_std=10.9092  role_norm=61.9529  enc_delta ego=0.0019 partner=0.0019 road=0.0023
[ROMA step 5,150,343,168] sps=235,521  policy_loss=0.0026  value_loss=1.0423  mi_loss=0.0018  mi_valid=0.84  div_loss=-0.1562  kl_loss=0.0000 (disabled)  score=0.580  return=-0.179  role_std=8.5172  role_norm=70.0011  enc_delta ego=0.0018 partner=0.0021 road=0.0033
[ROMA step 5,151,129,600] sps=235,448  policy_loss=-0.0042  value_loss=0.9721  mi_loss=0.0018  mi_valid=0.81  div_loss=-0.1572  kl_loss=0.0000 (disabled)  score=0.579  return=-0.176  role_std=9.5524  role_norm=68.5659  enc_delta ego=0.0023 partner=0.0025 road=0.0034
[ROMA step 5,151,916,032] sps=235,375  policy_loss=-0.0051  value_loss=0.9069  mi_loss=0.0019  mi_valid=0.81  div_loss=-0.1680  kl_loss=0.0000 (disabled)  score=0.579  return=-0.176  role_std=10.9266  role_norm=68.0964  enc_delta ego=0.0023 partner=0.0021 road=0.0024
[ROMA step 5,152,702,464] sps=235,153  policy_loss=-0.0045  value_loss=0.8871  mi_loss=0.0020  mi_valid=0.78  div_loss=-0.1602  kl_loss=0.0000 (disabled)  score=0.578  return=-0.176  role_std=12.0087  role_norm=66.3075  enc_delta ego=0.0024 partner=0.0020 road=0.0028
[ROMA step 5,153,488,896] sps=235,080  policy_loss=-0.0027  value_loss=0.9482  mi_loss=0.0020  mi_valid=0.81  div_loss=-0.1602  kl_loss=0.0000 (disabled)  score=0.577  return=-0.183  role_std=10.8008  role_norm=65.1958  enc_delta ego=0.0023 partner=0.0019 road=0.0028
[ROMA step 5,154,275,328] sps=235,007  policy_loss=-0.0012  value_loss=1.2479  mi_loss=0.0021  mi_valid=0.83  div_loss=-0.1553  kl_loss=0.0000 (disabled)  score=0.575  return=-0.190  role_std=10.6702  role_norm=63.4968  enc_delta ego=0.0019 partner=0.0018 road=0.0027
[ROMA step 5,155,061,760] sps=234,935  policy_loss=-0.0067  value_loss=0.7956  mi_loss=0.0020  mi_valid=0.84  div_loss=-0.1426  kl_loss=0.0000 (disabled)  score=0.573  return=-0.190  role_std=9.5647  role_norm=69.5315  enc_delta ego=0.0020 partner=0.0019 road=0.0024
[ROMA step 5,155,848,192] sps=234,723  policy_loss=-0.0001  value_loss=1.4005  mi_loss=0.0019  mi_valid=0.79  div_loss=-0.1514  kl_loss=0.0000 (disabled)  score=0.572  return=-0.186  role_std=9.6026  role_norm=68.6355  enc_delta ego=0.0016 partner=0.0022 road=0.0031
[ROMA step 5,156,634,624] sps=234,650  policy_loss=0.0003  value_loss=1.0067  mi_loss=0.0020  mi_valid=0.81  div_loss=-0.1455  kl_loss=0.0000 (disabled)  score=0.571  return=-0.181  role_std=10.2404  role_norm=67.2685  enc_delta ego=0.0012 partner=0.0018 road=0.0026
[ROMA step 5,157,421,056] sps=234,577  policy_loss=0.0052  value_loss=0.9800  mi_loss=0.0020  mi_valid=0.82  div_loss=-0.1455  kl_loss=0.0000 (disabled)  score=0.571  return=-0.176  role_std=8.5601  role_norm=66.7341  enc_delta ego=0.0015 partner=0.0018 road=0.0024
[ROMA step 5,158,207,488] sps=234,366  policy_loss=0.0003  value_loss=0.6877  mi_loss=0.0021  mi_valid=0.81  div_loss=-0.1338  kl_loss=0.0000 (disabled)  score=0.571  return=-0.174  role_std=9.1120  role_norm=63.6389  enc_delta ego=0.0020 partner=0.0018 road=0.0027
[ROMA step 5,158,993,920] sps=234,294  policy_loss=0.0016  value_loss=0.9943  mi_loss=0.0020  mi_valid=0.84  div_loss=-0.1406  kl_loss=0.0000 (disabled)  score=0.571  return=-0.172  role_std=8.6003  role_norm=70.0292  enc_delta ego=0.0018 partner=0.0020 road=0.0033
[ROMA step 5,159,780,352] sps=234,222  policy_loss=-0.0057  value_loss=0.9983  mi_loss=0.0020  mi_valid=0.81  div_loss=-0.1289  kl_loss=0.0000 (disabled)  score=0.571  return=-0.170  role_std=9.5763  role_norm=69.5734  enc_delta ego=0.0017 partner=0.0019 road=0.0029
[ROMA step 5,160,566,784] sps=234,150  policy_loss=-0.0030  value_loss=1.2378  mi_loss=0.0021  mi_valid=0.81  div_loss=-0.1318  kl_loss=0.0000 (disabled)  score=0.571  return=-0.168  role_std=10.2925  role_norm=68.9569  enc_delta ego=0.0022 partner=0.0018 road=0.0030
[ROMA step 5,161,353,216] sps=233,950  policy_loss=-0.0068  value_loss=1.0284  mi_loss=0.0023  mi_valid=0.78  div_loss=-0.1426  kl_loss=0.0000 (disabled)  score=0.571  return=-0.172  role_std=8.8962  role_norm=68.5040  enc_delta ego=0.0021 partner=0.0024 road=0.0035
[ROMA step 5,162,139,648] sps=233,879  policy_loss=0.0042  value_loss=0.6888  mi_loss=0.0020  mi_valid=0.81  div_loss=-0.1309  kl_loss=0.0000 (disabled)  score=0.571  return=-0.170  role_std=8.2678  role_norm=67.4199  enc_delta ego=0.0013 partner=0.0019 road=0.0028
[ROMA step 5,162,926,080] sps=233,807  policy_loss=-0.0013  value_loss=0.8844  mi_loss=0.0020  mi_valid=0.84  div_loss=-0.1387  kl_loss=0.0000 (disabled)  score=0.571  return=-0.165  role_std=9.7150  role_norm=70.8007  enc_delta ego=0.0013 partner=0.0015 road=0.0022
[ROMA step 5,163,712,512] sps=233,592  policy_loss=0.0054  value_loss=1.2754  mi_loss=0.0019  mi_valid=0.80  div_loss=-0.1523  kl_loss=0.0000 (disabled)  score=0.572  return=-0.163  role_std=11.3043  role_norm=69.5567  enc_delta ego=0.0016 partner=0.0019 road=0.0028
[ROMA step 5,164,498,944] sps=233,515  policy_loss=-0.0043  value_loss=1.3120  mi_loss=0.0018  mi_valid=0.81  div_loss=-0.1660  kl_loss=0.0000 (disabled)  score=0.573  return=-0.162  role_std=10.9296  role_norm=69.0042  enc_delta ego=0.0035 partner=0.0022 road=0.0030
[ROMA step 5,165,285,376] sps=233,439  policy_loss=0.0075  value_loss=1.2392  mi_loss=0.0019  mi_valid=0.81  div_loss=-0.1533  kl_loss=0.0000 (disabled)  score=0.574  return=-0.156  role_std=10.2489  role_norm=68.2825  enc_delta ego=0.0023 partner=0.0021 road=0.0031
[ROMA step 5,166,071,808] sps=233,365  policy_loss=-0.0007  value_loss=1.1872  mi_loss=0.0019  mi_valid=0.81  div_loss=-0.1484  kl_loss=0.0000 (disabled)  score=0.575  return=-0.153  role_std=9.6928  role_norm=67.6548  enc_delta ego=0.0019 partner=0.0020 road=0.0024
[ROMA step 5,166,858,240] sps=233,151  policy_loss=-0.0005  value_loss=1.1488  mi_loss=0.0020  mi_valid=0.81  div_loss=-0.1436  kl_loss=0.0000 (disabled)  score=0.575  return=-0.152  role_std=9.1206  role_norm=71.5710  enc_delta ego=0.0018 partner=0.0022 road=0.0041
[ROMA step 5,167,644,672] sps=233,078  policy_loss=-0.0009  value_loss=1.2081  mi_loss=0.0020  mi_valid=0.83  div_loss=-0.1475  kl_loss=0.0000 (disabled)  score=0.576  return=-0.148  role_std=8.3932  role_norm=71.0611  enc_delta ego=0.0019 partner=0.0022 road=0.0030
[ROMA step 5,168,431,104] sps=233,005  policy_loss=0.0040  value_loss=1.0646  mi_loss=0.0021  mi_valid=0.81  div_loss=-0.1533  kl_loss=0.0000 (disabled)  score=0.576  return=-0.148  role_std=9.9821  role_norm=69.8024  enc_delta ego=0.0020 partner=0.0019 road=0.0028
[ROMA step 5,169,217,536] sps=232,793  policy_loss=-0.0060  value_loss=1.3142  mi_loss=0.0020  mi_valid=0.78  div_loss=-0.1621  kl_loss=0.0000 (disabled)  score=0.578  return=-0.153  role_std=11.4708  role_norm=68.3273  enc_delta ego=0.0016 partner=0.0014 road=0.0022
[ROMA step 5,170,003,968] sps=232,721  policy_loss=0.0063  value_loss=1.4405  mi_loss=0.0020  mi_valid=0.81  div_loss=-0.1455  kl_loss=0.0000 (disabled)  score=0.579  return=-0.150  role_std=11.9564  role_norm=67.5909  enc_delta ego=0.0014 partner=0.0017 road=0.0024
[ROMA step 5,170,790,400] sps=232,650  policy_loss=0.0020  value_loss=1.2657  mi_loss=0.0020  mi_valid=0.81  div_loss=-0.1494  kl_loss=0.0000 (disabled)  score=0.579  return=-0.154  role_std=9.7968  role_norm=66.1532  enc_delta ego=0.0017 partner=0.0026 road=0.0031
[ROMA step 5,171,576,832] sps=232,576  policy_loss=-0.0048  value_loss=0.7757  mi_loss=0.0020  mi_valid=0.84  div_loss=-0.1387  kl_loss=0.0000 (disabled)  score=0.580  return=-0.154  role_std=7.7415  role_norm=70.6610  enc_delta ego=0.0017 partner=0.0020 road=0.0028
[ROMA step 5,172,363,264] sps=232,293  policy_loss=-0.0001  value_loss=1.4630  mi_loss=0.0021  mi_valid=0.79  div_loss=-0.1484  kl_loss=0.0000 (disabled)  score=0.581  return=-0.157  role_std=8.2605  role_norm=69.5316  enc_delta ego=0.0017 partner=0.0020 road=0.0032
[ROMA step 5,173,149,696] sps=232,220  policy_loss=-0.0008  value_loss=1.3940  mi_loss=0.0019  mi_valid=0.81  div_loss=-0.1445  kl_loss=0.0000 (disabled)  score=0.580  return=-0.161  role_std=9.5854  role_norm=69.2003  enc_delta ego=0.0016 partner=0.0018 road=0.0026
[ROMA step 5,173,936,128] sps=232,150  policy_loss=-0.0035  value_loss=1.1709  mi_loss=0.0019  mi_valid=0.81  div_loss=-0.1494  kl_loss=0.0000 (disabled)  score=0.580  return=-0.164  role_std=10.1915  role_norm=68.7806  enc_delta ego=0.0013 partner=0.0014 road=0.0022
[ROMA step 5,174,722,560] sps=231,933  policy_loss=0.0045  value_loss=1.2808  mi_loss=0.0020  mi_valid=0.78  div_loss=-0.1475  kl_loss=0.0000 (disabled)  score=0.580  return=-0.166  role_std=8.2223  role_norm=66.3773  enc_delta ego=0.0014 partner=0.0017 road=0.0026
[ROMA step 5,175,508,992] sps=231,862  policy_loss=-0.0044  value_loss=1.2061  mi_loss=0.0019  mi_valid=0.83  div_loss=-0.1309  kl_loss=0.0000 (disabled)  score=0.581  return=-0.153  role_std=9.1665  role_norm=71.3744  enc_delta ego=0.0017 partner=0.0019 road=0.0028
[ROMA step 5,176,295,424] sps=231,791  policy_loss=0.0001  value_loss=1.2836  mi_loss=0.0019  mi_valid=0.81  div_loss=-0.1328  kl_loss=0.0000 (disabled)  score=0.583  return=-0.136  role_std=9.9993  role_norm=71.0373  enc_delta ego=0.0021 partner=0.0023 road=0.0031
[ROMA step 5,177,081,856] sps=231,721  policy_loss=0.0015  value_loss=1.1949  mi_loss=0.0020  mi_valid=0.81  div_loss=-0.1367  kl_loss=0.0000 (disabled)  score=0.585  return=-0.130  role_std=8.4149  role_norm=70.8729  enc_delta ego=0.0022 partner=0.0021 road=0.0030
[ROMA step 5,177,868,288] sps=231,501  policy_loss=-0.0017  value_loss=1.0767  mi_loss=0.0020  mi_valid=0.78  div_loss=-0.1309  kl_loss=0.0000 (disabled)  score=0.585  return=-0.124  role_std=7.9317  role_norm=69.4408  enc_delta ego=0.0017 partner=0.0021 road=0.0028
[ROMA step 5,178,654,720] sps=231,430  policy_loss=0.0066  value_loss=1.1307  mi_loss=0.0022  mi_valid=0.82  div_loss=-0.1230  kl_loss=0.0000 (disabled)  score=0.584  return=-0.118  role_std=9.4112  role_norm=67.7216  enc_delta ego=0.0020 partner=0.0017 road=0.0023
[ROMA step 5,179,441,152] sps=231,359  policy_loss=-0.0014  value_loss=0.8198  mi_loss=0.0019  mi_valid=0.83  div_loss=-0.1270  kl_loss=0.0000 (disabled)  score=0.585  return=-0.117  role_std=8.5035  role_norm=66.3517  enc_delta ego=0.0012 partner=0.0014 road=0.0021
[ROMA step 5,180,227,584] sps=231,287  policy_loss=0.0032  value_loss=1.1387  mi_loss=0.0021  mi_valid=0.83  div_loss=-0.1309  kl_loss=0.0000 (disabled)  score=0.585  return=-0.113  role_std=9.5397  role_norm=70.7097  enc_delta ego=0.0016 partner=0.0016 road=0.0024
[ROMA step 5,181,014,016] sps=231,080  policy_loss=-0.0044  value_loss=0.9410  mi_loss=0.0020  mi_valid=0.78  div_loss=-0.1406  kl_loss=0.0000 (disabled)  score=0.586  return=-0.113  role_std=9.5193  role_norm=70.6936  enc_delta ego=0.0018 partner=0.0023 road=0.0039
[ROMA step 5,181,800,448] sps=231,010  policy_loss=0.0078  value_loss=1.3147  mi_loss=0.0019  mi_valid=0.81  div_loss=-0.1455  kl_loss=0.0000 (disabled)  score=0.588  return=-0.114  role_std=10.0795  role_norm=70.3509  enc_delta ego=0.0014 partner=0.0016 road=0.0027
[ROMA step 5,182,586,880] sps=230,940  policy_loss=-0.0008  value_loss=1.2473  mi_loss=0.0020  mi_valid=0.81  div_loss=-0.1533  kl_loss=0.0000 (disabled)  score=0.589  return=-0.115  role_std=11.1848  role_norm=69.5475  enc_delta ego=0.0018 partner=0.0020 road=0.0031
[ROMA step 5,183,373,312] sps=230,736  policy_loss=0.0023  value_loss=1.4813  mi_loss=0.0020  mi_valid=0.80  div_loss=-0.1650  kl_loss=0.0000 (disabled)  score=0.590  return=-0.122  role_std=10.1416  role_norm=65.4467  enc_delta ego=0.0016 partner=0.0020 road=0.0030
[ROMA step 5,184,159,744] sps=230,669  policy_loss=0.0010  value_loss=1.2827  mi_loss=0.0020  mi_valid=0.83  div_loss=-0.1582  kl_loss=0.0000 (disabled)  score=0.591  return=-0.123  role_std=10.8924  role_norm=71.0573  enc_delta ego=0.0015 partner=0.0019 road=0.0029
[ROMA step 5,184,946,176] sps=230,602  policy_loss=-0.0013  value_loss=1.7286  mi_loss=0.0018  mi_valid=0.81  div_loss=-0.1768  kl_loss=0.0000 (disabled)  score=0.592  return=-0.131  role_std=11.8236  role_norm=70.6145  enc_delta ego=0.0025 partner=0.0026 road=0.0032
[ROMA step 5,185,732,608] sps=230,532  policy_loss=-0.0046  value_loss=1.5855  mi_loss=0.0019  mi_valid=0.81  div_loss=-0.1602  kl_loss=0.0000 (disabled)  score=0.593  return=-0.138  role_std=11.2446  role_norm=69.8395  enc_delta ego=0.0021 partner=0.0022 road=0.0031
[ROMA step 5,186,519,040] sps=230,323  policy_loss=-0.0025  value_loss=1.3046  mi_loss=0.0020  mi_valid=0.78  div_loss=-0.1416  kl_loss=0.0000 (disabled)  score=0.594  return=-0.139  role_std=8.7685  role_norm=68.0618  enc_delta ego=0.0017 partner=0.0022 road=0.0032
[ROMA step 5,187,305,472] sps=230,256  policy_loss=0.0015  value_loss=0.8444  mi_loss=0.0018  mi_valid=0.81  div_loss=-0.1250  kl_loss=0.0000 (disabled)  score=0.595  return=-0.134  role_std=8.3299  role_norm=67.2664  enc_delta ego=0.0024 partner=0.0021 road=0.0026
[ROMA step 5,188,091,904] sps=230,188  policy_loss=-0.0053  value_loss=0.9293  mi_loss=0.0019  mi_valid=0.84  div_loss=-0.1318  kl_loss=0.0000 (disabled)  score=0.596  return=-0.132  role_std=7.7575  role_norm=71.1304  enc_delta ego=0.0017 partner=0.0024 road=0.0028
[ROMA step 5,188,878,336] sps=229,974  policy_loss=-0.0011  value_loss=0.9797  mi_loss=0.0019  mi_valid=0.81  div_loss=-0.1338  kl_loss=0.0000 (disabled)  score=0.596  return=-0.130  role_std=8.8100  role_norm=70.2402  enc_delta ego=0.0018 partner=0.0019 road=0.0034
[ROMA step 5,189,664,768] sps=229,905  policy_loss=0.0012  value_loss=1.1541  mi_loss=0.0021  mi_valid=0.81  div_loss=-0.1387  kl_loss=0.0000 (disabled)  score=0.597  return=-0.127  role_std=9.1317  role_norm=69.7326  enc_delta ego=0.0018 partner=0.0024 road=0.0034
[ROMA step 5,190,451,200] sps=229,835  policy_loss=0.0001  value_loss=1.1142  mi_loss=0.0020  mi_valid=0.81  div_loss=-0.1523  kl_loss=0.0000 (disabled)  score=0.598  return=-0.129  role_std=10.5168  role_norm=69.0217  enc_delta ego=0.0015 partner=0.0018 road=0.0026
[ROMA step 5,191,237,632] sps=229,766  policy_loss=-0.0064  value_loss=1.4568  mi_loss=0.0018  mi_valid=0.81  div_loss=-0.1484  kl_loss=0.0000 (disabled)  score=0.599  return=-0.130  role_std=9.6795  role_norm=67.9180  enc_delta ego=0.0016 partner=0.0021 road=0.0029
[ROMA step 5,192,024,064] sps=229,556  policy_loss=0.0012  value_loss=1.3853  mi_loss=0.0016  mi_valid=0.81  div_loss=-0.1660  kl_loss=0.0000 (disabled)  score=0.599  return=-0.132  role_std=9.3455  role_norm=71.5711  enc_delta ego=0.0016 partner=0.0021 road=0.0032
[ROMA step 5,192,810,496] sps=229,487  policy_loss=-0.0013  value_loss=1.2908  mi_loss=0.0018  mi_valid=0.83  div_loss=-0.1621  kl_loss=0.0000 (disabled)  score=0.600  return=-0.131  role_std=10.5546  role_norm=70.5775  enc_delta ego=0.0017 partner=0.0019 road=0.0027
[ROMA step 5,193,596,928] sps=229,418  policy_loss=0.0011  value_loss=1.5572  mi_loss=0.0018  mi_valid=0.81  div_loss=-0.1729  kl_loss=0.0000 (disabled)  score=0.600  return=-0.137  role_std=10.5988  role_norm=70.2317  enc_delta ego=0.0021 partner=0.0021 road=0.0032
[ROMA step 5,194,383,360] sps=229,215  policy_loss=0.0039  value_loss=1.3217  mi_loss=0.0017  mi_valid=0.78  div_loss=-0.1484  kl_loss=0.0000 (disabled)  score=0.600  return=-0.139  role_std=9.9136  role_norm=68.6991  enc_delta ego=0.0013 partner=0.0014 road=0.0020
[ROMA step 5,195,169,792] sps=229,148  policy_loss=-0.0003  value_loss=0.9596  mi_loss=0.0018  mi_valid=0.81  div_loss=-0.1357  kl_loss=0.0000 (disabled)  score=0.601  return=-0.133  role_std=9.2810  role_norm=67.7327  enc_delta ego=0.0016 partner=0.0018 road=0.0025
[ROMA step 5,195,956,224] sps=229,080  policy_loss=-0.0004  value_loss=1.3522  mi_loss=0.0017  mi_valid=0.81  div_loss=-0.1416  kl_loss=0.0000 (disabled)  score=0.601  return=-0.133  role_std=10.4900  role_norm=66.0143  enc_delta ego=0.0017 partner=0.0015 road=0.0023
[ROMA step 5,196,742,656] sps=229,012  policy_loss=-0.0030  value_loss=1.1240  mi_loss=0.0018  mi_valid=0.84  div_loss=-0.1543  kl_loss=0.0000 (disabled)  score=0.601  return=-0.132  role_std=8.6907  role_norm=70.9760  enc_delta ego=0.0019 partner=0.0016 road=0.0026
[ROMA step 5,197,529,088] sps=228,804  policy_loss=0.0050  value_loss=1.4491  mi_loss=0.0019  mi_valid=0.80  div_loss=-0.1553  kl_loss=0.0000 (disabled)  score=0.601  return=-0.133  role_std=10.8751  role_norm=69.2369  enc_delta ego=0.0021 partner=0.0019 road=0.0027
[ROMA step 5,198,315,520] sps=228,734  policy_loss=-0.0004  value_loss=1.3939  mi_loss=0.0018  mi_valid=0.81  div_loss=-0.1592  kl_loss=0.0000 (disabled)  score=0.600  return=-0.139  role_std=10.2837  role_norm=68.7221  enc_delta ego=0.0022 partner=0.0019 road=0.0029
[ROMA step 5,199,101,952] sps=228,667  policy_loss=0.0077  value_loss=1.8058  mi_loss=0.0019  mi_valid=0.81  div_loss=-0.1533  kl_loss=0.0000 (disabled)  score=0.599  return=-0.146  role_std=10.5941  role_norm=67.7379  enc_delta ego=0.0030 partner=0.0021 road=0.0027
[ROMA step 5,199,888,384] sps=228,463  policy_loss=-0.0010  value_loss=1.7456  mi_loss=0.0017  mi_valid=0.79  div_loss=-0.1533  kl_loss=0.0000 (disabled)  score=0.598  return=-0.156  role_std=10.9214  role_norm=66.3325  enc_delta ego=0.0015 partner=0.0019 road=0.0022
[ROMA step 5,200,674,816] sps=228,397  policy_loss=0.0016  value_loss=1.2178  mi_loss=0.0019  mi_valid=0.84  div_loss=-0.1367  kl_loss=0.0000 (disabled)  score=0.598  return=-0.155  role_std=8.3646  role_norm=71.3496  enc_delta ego=0.0018 partner=0.0018 road=0.0030
[ROMA step 5,201,461,248] sps=228,330  policy_loss=-0.0021  value_loss=0.9277  mi_loss=0.0018  mi_valid=0.82  div_loss=-0.1387  kl_loss=0.0000 (disabled)  score=0.597  return=-0.147  role_std=9.2837  role_norm=71.0607  enc_delta ego=0.0022 partner=0.0025 road=0.0038
[ROMA step 5,202,247,680] sps=228,263  policy_loss=0.0011  value_loss=0.9918  mi_loss=0.0018  mi_valid=0.81  div_loss=-0.1465  kl_loss=0.0000 (disabled)  score=0.597  return=-0.144  role_std=9.7568  role_norm=70.9552  enc_delta ego=0.0016 partner=0.0022 road=0.0031
[ROMA step 5,203,034,112] sps=228,048  policy_loss=-0.0092  value_loss=0.9602  mi_loss=0.0019  mi_valid=0.78  div_loss=-0.1367  kl_loss=0.0000 (disabled)  score=0.597  return=-0.141  role_std=10.5018  role_norm=68.7571  enc_delta ego=0.0017 partner=0.0020 road=0.0036
[ROMA step 5,203,820,544] sps=227,981  policy_loss=0.0035  value_loss=1.4396  mi_loss=0.0018  mi_valid=0.81  div_loss=-0.1553  kl_loss=0.0000 (disabled)  score=0.596  return=-0.145  role_std=9.5954  role_norm=67.3760  enc_delta ego=0.0020 partner=0.0018 road=0.0028
[ROMA step 5,204,606,976] sps=227,911  policy_loss=0.0029  value_loss=1.1620  mi_loss=0.0019  mi_valid=0.82  div_loss=-0.1445  kl_loss=0.0000 (disabled)  score=0.596  return=-0.148  role_std=10.2437  role_norm=65.3831  enc_delta ego=0.0016 partner=0.0021 road=0.0032
[ROMA step 5,205,393,408] sps=227,846  policy_loss=-0.0019  value_loss=1.2056  mi_loss=0.0018  mi_valid=0.84  div_loss=-0.1455  kl_loss=0.0000 (disabled)  score=0.595  return=-0.151  role_std=8.3354  role_norm=71.8364  enc_delta ego=0.0017 partner=0.0015 road=0.0024
[ROMA step 5,206,179,840] sps=227,628  policy_loss=0.0007  value_loss=1.7099  mi_loss=0.0020  mi_valid=0.77  div_loss=-0.1572  kl_loss=0.0000 (disabled)  score=0.597  return=-0.154  role_std=8.8405  role_norm=71.0915  enc_delta ego=0.0023 partner=0.0020 road=0.0041
[ROMA step 5,206,966,272] sps=227,562  policy_loss=0.0085  value_loss=1.7914  mi_loss=0.0020  mi_valid=0.80  div_loss=-0.1572  kl_loss=0.0000 (disabled)  score=0.599  return=-0.156  role_std=11.1227  role_norm=70.2114  enc_delta ego=0.0015 partner=0.0018 road=0.0031
[ROMA step 5,207,752,704] sps=227,497  policy_loss=-0.0029  value_loss=1.6428  mi_loss=0.0019  mi_valid=0.81  div_loss=-0.1602  kl_loss=0.0000 (disabled)  score=0.600  return=-0.163  role_std=11.9853  role_norm=68.7279  enc_delta ego=0.0021 partner=0.0019 road=0.0028
[ROMA step 5,208,539,136] sps=227,295  policy_loss=0.0007  value_loss=1.5196  mi_loss=0.0019  mi_valid=0.79  div_loss=-0.1533  kl_loss=0.0000 (disabled)  score=0.600  return=-0.170  role_std=10.3799  role_norm=64.9436  enc_delta ego=0.0016 partner=0.0017 road=0.0026
[ROMA step 5,209,325,568] sps=227,229  policy_loss=0.0059  value_loss=1.6806  mi_loss=0.0018  mi_valid=0.84  div_loss=-0.1553  kl_loss=0.0000 (disabled)  score=0.599  return=-0.175  role_std=9.4920  role_norm=71.7610  enc_delta ego=0.0015 partner=0.0017 road=0.0024
[ROMA step 5,210,112,000] sps=227,164  policy_loss=0.0065  value_loss=1.6212  mi_loss=0.0019  mi_valid=0.81  div_loss=-0.1582  kl_loss=0.0000 (disabled)  score=0.598  return=-0.180  role_std=10.0678  role_norm=71.2121  enc_delta ego=0.0017 partner=0.0017 road=0.0027
[ROMA step 5,210,898,432] sps=227,098  policy_loss=0.0026  value_loss=1.5032  mi_loss=0.0018  mi_valid=0.81  div_loss=-0.1523  kl_loss=0.0000 (disabled)  score=0.597  return=-0.181  role_std=10.2951  role_norm=70.0539  enc_delta ego=0.0014 partner=0.0015 road=0.0026
[ROMA step 5,211,684,864] sps=226,880  policy_loss=-0.0013  value_loss=1.0807  mi_loss=0.0019  mi_valid=0.79  div_loss=-0.1514  kl_loss=0.0000 (disabled)  score=0.595  return=-0.181  role_std=9.3633  role_norm=68.8718  enc_delta ego=0.0022 partner=0.0021 road=0.0031
[ROMA step 5,212,471,296] sps=226,813  policy_loss=0.0025  value_loss=1.0309  mi_loss=0.0020  mi_valid=0.81  div_loss=-0.1436  kl_loss=0.0000 (disabled)  score=0.594  return=-0.176  role_std=11.1391  role_norm=67.2869  enc_delta ego=0.0022 partner=0.0018 road=0.0037
[ROMA step 5,213,257,728] sps=226,745  policy_loss=0.0010  value_loss=1.4082  mi_loss=0.0021  mi_valid=0.83  div_loss=-0.1572  kl_loss=0.0000 (disabled)  score=0.595  return=-0.174  role_std=10.5219  role_norm=64.5006  enc_delta ego=0.0017 partner=0.0015 road=0.0022
[ROMA step 5,214,044,160] sps=226,538  policy_loss=-0.0010  value_loss=1.7743  mi_loss=0.0020  mi_valid=0.80  div_loss=-0.1602  kl_loss=0.0000 (disabled)  score=0.595  return=-0.178  role_std=9.0681  role_norm=71.3929  enc_delta ego=0.0016 partner=0.0017 road=0.0026
[ROMA step 5,214,830,592] sps=226,472  policy_loss=-0.0005  value_loss=0.9805  mi_loss=0.0023  mi_valid=0.81  div_loss=-0.1377  kl_loss=0.0000 (disabled)  score=0.595  return=-0.182  role_std=8.7137  role_norm=70.8648  enc_delta ego=0.0014 partner=0.0020 road=0.0028
[ROMA step 5,215,617,024] sps=226,404  policy_loss=0.0036  value_loss=1.2121  mi_loss=0.0023  mi_valid=0.81  div_loss=-0.1406  kl_loss=0.0000 (disabled)  score=0.595  return=-0.186  role_std=8.9935  role_norm=69.9380  enc_delta ego=0.0012 partner=0.0016 road=0.0025
[ROMA step 5,216,403,456] sps=226,337  policy_loss=-0.0063  value_loss=0.9790  mi_loss=0.0020  mi_valid=0.81  div_loss=-0.1367  kl_loss=0.0000 (disabled)  score=0.594  return=-0.186  role_std=10.5025  role_norm=68.1266  enc_delta ego=0.0010 partner=0.0014 road=0.0021
[ROMA step 5,217,189,888] sps=226,076  policy_loss=-0.0019  value_loss=1.1830  mi_loss=0.0020  mi_valid=0.80  div_loss=-0.1562  kl_loss=0.0000 (disabled)  score=0.595  return=-0.190  role_std=9.6129  role_norm=63.4840  enc_delta ego=0.0014 partner=0.0019 road=0.0026
[ROMA step 5,217,976,320] sps=226,012  policy_loss=-0.0006  value_loss=1.1399  mi_loss=0.0019  mi_valid=0.83  div_loss=-0.1650  kl_loss=0.0000 (disabled)  score=0.596  return=-0.190  role_std=9.1252  role_norm=71.2770  enc_delta ego=0.0012 partner=0.0016 road=0.0024
[ROMA step 5,218,762,752] sps=225,948  policy_loss=-0.0026  value_loss=1.6333  mi_loss=0.0020  mi_valid=0.81  div_loss=-0.1729  kl_loss=0.0000 (disabled)  score=0.597  return=-0.196  role_std=9.7468  role_norm=70.6846  enc_delta ego=0.0015 partner=0.0017 road=0.0027
[ROMA step 5,219,549,184] sps=225,709  policy_loss=0.0009  value_loss=1.4398  mi_loss=0.0024  mi_valid=0.78  div_loss=-0.1641  kl_loss=0.0000 (disabled)  score=0.597  return=-0.197  role_std=10.8610  role_norm=69.6867  enc_delta ego=0.0013 partner=0.0018 road=0.0026
[ROMA step 5,220,335,616] sps=225,645  policy_loss=-0.0039  value_loss=1.3162  mi_loss=0.0021  mi_valid=0.81  div_loss=-0.1602  kl_loss=0.0000 (disabled)  score=0.596  return=-0.202  role_std=10.0589  role_norm=68.4762  enc_delta ego=0.0016 partner=0.0020 road=0.0031
[ROMA step 5,221,122,048] sps=225,582  policy_loss=0.0084  value_loss=1.5679  mi_loss=0.0020  mi_valid=0.81  div_loss=-0.1562  kl_loss=0.0000 (disabled)  score=0.596  return=-0.199  role_std=10.1933  role_norm=66.1193  enc_delta ego=0.0016 partner=0.0018 road=0.0027
[ROMA step 5,221,908,480] sps=225,517  policy_loss=0.0039  value_loss=1.1339  mi_loss=0.0018  mi_valid=0.84  div_loss=-0.1494  kl_loss=0.0000 (disabled)  score=0.596  return=-0.195  role_std=8.5473  role_norm=71.9845  enc_delta ego=0.0017 partner=0.0018 road=0.0026
[ROMA step 5,222,694,912] sps=225,295  policy_loss=-0.0053  value_loss=1.4906  mi_loss=0.0019  mi_valid=0.80  div_loss=-0.1611  kl_loss=0.0000 (disabled)  score=0.595  return=-0.196  role_std=9.0868  role_norm=70.7509  enc_delta ego=0.0018 partner=0.0018 road=0.0028
[ROMA step 5,223,481,344] sps=225,230  policy_loss=-0.0022  value_loss=0.6665  mi_loss=0.0020  mi_valid=0.81  div_loss=-0.1309  kl_loss=0.0000 (disabled)  score=0.594  return=-0.194  role_std=9.8865  role_norm=69.6338  enc_delta ego=0.0019 partner=0.0018 road=0.0030
[ROMA step 5,224,267,776] sps=225,167  policy_loss=-0.0001  value_loss=0.9269  mi_loss=0.0020  mi_valid=0.81  div_loss=-0.1289  kl_loss=0.0000 (disabled)  score=0.593  return=-0.188  role_std=9.8785  role_norm=68.7739  enc_delta ego=0.0015 partner=0.0014 road=0.0024
[ROMA step 5,225,054,208] sps=224,910  policy_loss=0.0024  value_loss=0.6463  mi_loss=0.0019  mi_valid=0.78  div_loss=-0.1270  kl_loss=0.0000 (disabled)  score=0.592  return=-0.185  role_std=9.7262  role_norm=66.8150  enc_delta ego=0.0018 partner=0.0014 road=0.0023
[ROMA step 5,225,840,640] sps=224,847  policy_loss=-0.0014  value_loss=0.6645  mi_loss=0.0020  mi_valid=0.84  div_loss=-0.1387  kl_loss=0.0000 (disabled)  score=0.593  return=-0.177  role_std=8.7472  role_norm=72.0986  enc_delta ego=0.0016 partner=0.0013 road=0.0027
[ROMA step 5,226,627,072] sps=224,783  policy_loss=0.0034  value_loss=0.6785  mi_loss=0.0021  mi_valid=0.82  div_loss=-0.1406  kl_loss=0.0000 (disabled)  score=0.596  return=-0.167  role_std=8.8755  role_norm=71.6789  enc_delta ego=0.0019 partner=0.0016 road=0.0031
[ROMA step 5,227,413,504] sps=224,720  policy_loss=0.0046  value_loss=1.0014  mi_loss=0.0020  mi_valid=0.81  div_loss=-0.1465  kl_loss=0.0000 (disabled)  score=0.597  return=-0.156  role_std=9.0291  role_norm=71.3064  enc_delta ego=0.0018 partner=0.0019 road=0.0033
[ROMA step 5,228,199,936] sps=224,485  policy_loss=0.0006  value_loss=1.3170  mi_loss=0.0021  mi_valid=0.77  div_loss=-0.1396  kl_loss=0.0000 (disabled)  score=0.600  return=-0.145  role_std=9.9467  role_norm=69.3421  enc_delta ego=0.0022 partner=0.0019 road=0.0029
[ROMA step 5,228,986,368] sps=224,419  policy_loss=0.0044  value_loss=1.2239  mi_loss=0.0020  mi_valid=0.81  div_loss=-0.1338  kl_loss=0.0000 (disabled)  score=0.603  return=-0.143  role_std=9.1329  role_norm=68.2902  enc_delta ego=0.0022 partner=0.0019 road=0.0032
[ROMA step 5,229,772,800] sps=224,352  policy_loss=0.0059  value_loss=1.3970  mi_loss=0.0019  mi_valid=0.81  div_loss=-0.1318  kl_loss=0.0000 (disabled)  score=0.604  return=-0.137  role_std=9.9108  role_norm=67.2756  enc_delta ego=0.0016 partner=0.0014 road=0.0025
[ROMA step 5,230,559,232] sps=224,288  policy_loss=-0.0021  value_loss=1.1308  mi_loss=0.0018  mi_valid=0.83  div_loss=-0.1455  kl_loss=0.0000 (disabled)  score=0.605  return=-0.135  role_std=7.9603  role_norm=72.3344  enc_delta ego=0.0021 partner=0.0019 road=0.0030
[ROMA step 5,231,345,664] sps=224,064  policy_loss=-0.0024  value_loss=0.9502  mi_loss=0.0021  mi_valid=0.79  div_loss=-0.1309  kl_loss=0.0000 (disabled)  score=0.605  return=-0.132  role_std=8.3177  role_norm=70.6537  enc_delta ego=0.0022 partner=0.0019 road=0.0041
[ROMA step 5,232,132,096] sps=223,999  policy_loss=-0.0004  value_loss=0.7642  mi_loss=0.0018  mi_valid=0.81  div_loss=-0.1318  kl_loss=0.0000 (disabled)  score=0.604  return=-0.127  role_std=9.1962  role_norm=69.7708  enc_delta ego=0.0017 partner=0.0018 road=0.0028
[ROMA step 5,232,918,528] sps=223,934  policy_loss=0.0017  value_loss=0.9109  mi_loss=0.0018  mi_valid=0.81  div_loss=-0.1357  kl_loss=0.0000 (disabled)  score=0.604  return=-0.125  role_std=9.3379  role_norm=68.9369  enc_delta ego=0.0017 partner=0.0018 road=0.0027
[ROMA step 5,233,704,960] sps=223,725  policy_loss=-0.0078  value_loss=0.8062  mi_loss=0.0018  mi_valid=0.78  div_loss=-0.1309  kl_loss=0.0000 (disabled)  score=0.603  return=-0.123  role_std=8.9427  role_norm=65.8447  enc_delta ego=0.0015 partner=0.0017 road=0.0025
[ROMA step 5,234,491,392] sps=223,661  policy_loss=-0.0035  value_loss=0.9118  mi_loss=0.0020  mi_valid=0.84  div_loss=-0.1387  kl_loss=0.0000 (disabled)  score=0.602  return=-0.122  role_std=8.1572  role_norm=71.6396  enc_delta ego=0.0016 partner=0.0016 road=0.0032
[ROMA step 5,235,277,824] sps=223,593  policy_loss=-0.0028  value_loss=0.9398  mi_loss=0.0018  mi_valid=0.82  div_loss=-0.1328  kl_loss=0.0000 (disabled)  score=0.600  return=-0.116  role_std=9.0137  role_norm=70.9825  enc_delta ego=0.0015 partner=0.0014 road=0.0027
[ROMA step 5,236,064,256] sps=223,523  policy_loss=0.0037  value_loss=0.9634  mi_loss=0.0019  mi_valid=0.81  div_loss=-0.1367  kl_loss=0.0000 (disabled)  score=0.599  return=-0.110  role_std=9.7354  role_norm=70.4847  enc_delta ego=0.0016 partner=0.0020 road=0.0028
[ROMA step 5,236,850,688] sps=223,009  policy_loss=0.0019  value_loss=1.0204  mi_loss=0.0020  mi_valid=0.78  div_loss=-0.1377  kl_loss=0.0000 (disabled)  score=0.599  return=-0.105  role_std=9.3997  role_norm=69.5311  enc_delta ego=0.0015 partner=0.0020 road=0.0027
[ROMA step 5,237,637,120] sps=222,946  policy_loss=0.0037  value_loss=0.7010  mi_loss=0.0019  mi_valid=0.81  div_loss=-0.1299  kl_loss=0.0000 (disabled)  score=0.599  return=-0.095  role_std=9.0795  role_norm=68.4438  enc_delta ego=0.0013 partner=0.0018 road=0.0022
[ROMA step 5,238,423,552] sps=222,882  policy_loss=0.0100  value_loss=0.8230  mi_loss=0.0022  mi_valid=0.82  div_loss=-0.1299  kl_loss=0.0000 (disabled)  score=0.601  return=-0.086  role_std=9.6094  role_norm=66.5262  enc_delta ego=0.0011 partner=0.0016 road=0.0024
[ROMA step 5,239,209,984] sps=222,651  policy_loss=0.0001  value_loss=1.1274  mi_loss=0.0018  mi_valid=0.81  div_loss=-0.1387  kl_loss=0.0000 (disabled)  score=0.601  return=-0.084  role_std=7.6883  role_norm=72.4295  enc_delta ego=0.0019 partner=0.0017 road=0.0022
[ROMA step 5,239,996,416] sps=222,588  policy_loss=-0.0054  value_loss=0.8268  mi_loss=0.0019  mi_valid=0.81  div_loss=-0.1348  kl_loss=0.0000 (disabled)  score=0.603  return=-0.073  role_std=9.1323  role_norm=71.0809  enc_delta ego=0.0023 partner=0.0019 road=0.0027
[ROMA step 5,240,782,848] sps=222,526  policy_loss=-0.0000  value_loss=1.0088  mi_loss=0.0019  mi_valid=0.81  div_loss=-0.1592  kl_loss=0.0000 (disabled)  score=0.604  return=-0.074  role_std=9.8104  role_norm=69.9286  enc_delta ego=0.0020 partner=0.0017 road=0.0027
[ROMA step 5,241,569,280] sps=222,465  policy_loss=0.0037  value_loss=1.0559  mi_loss=0.0021  mi_valid=0.81  div_loss=-0.1582  kl_loss=0.0000 (disabled)  score=0.605  return=-0.066  role_std=11.6079  role_norm=67.8874  enc_delta ego=0.0015 partner=0.0014 road=0.0023
[ROMA step 5,242,355,712] sps=222,237  policy_loss=-0.0039  value_loss=1.3493  mi_loss=0.0018  mi_valid=0.79  div_loss=-0.1572  kl_loss=0.0000 (disabled)  score=0.607  return=-0.066  role_std=11.0576  role_norm=65.7898  enc_delta ego=0.0021 partner=0.0017 road=0.0030
[ROMA step 5,243,142,144] sps=222,175  policy_loss=0.0052  value_loss=1.0454  mi_loss=0.0018  mi_valid=0.83  div_loss=-0.1514  kl_loss=0.0000 (disabled)  score=0.607  return=-0.065  role_std=8.9899  role_norm=72.4616  enc_delta ego=0.0013 partner=0.0018 road=0.0025
[ROMA step 5,243,928,576] sps=222,112  policy_loss=-0.0076  value_loss=1.0614  mi_loss=0.0018  mi_valid=0.81  div_loss=-0.1543  kl_loss=0.0000 (disabled)  score=0.609  return=-0.061  role_std=9.4408  role_norm=71.9059  enc_delta ego=0.0015 partner=0.0017 road=0.0028
[ROMA step 5,244,715,008] sps=221,912  policy_loss=0.0004  value_loss=1.2990  mi_loss=0.0018  mi_valid=0.78  div_loss=-0.1680  kl_loss=0.0000 (disabled)  score=0.610  return=-0.060  role_std=11.3314  role_norm=69.5958  enc_delta ego=0.0016 partner=0.0018 road=0.0026
[ROMA step 5,245,501,440] sps=221,845  policy_loss=0.0018  value_loss=1.5455  mi_loss=0.0018  mi_valid=0.81  div_loss=-0.1631  kl_loss=0.0000 (disabled)  score=0.610  return=-0.059  role_std=12.8144  role_norm=67.8845  enc_delta ego=0.0014 partner=0.0019 road=0.0034
[ROMA step 5,246,287,872] sps=221,785  policy_loss=-0.0037  value_loss=1.4708  mi_loss=0.0017  mi_valid=0.81  div_loss=-0.1641  kl_loss=0.0000 (disabled)  score=0.610  return=-0.053  role_std=12.7085  role_norm=66.2676  enc_delta ego=0.0015 partner=0.0021 road=0.0034
[ROMA step 5,247,074,304] sps=221,723  policy_loss=-0.0016  value_loss=1.3460  mi_loss=0.0016  mi_valid=0.83  div_loss=-0.1660  kl_loss=0.0000 (disabled)  score=0.609  return=-0.051  role_std=10.0180  role_norm=71.6701  enc_delta ego=0.0014 partner=0.0020 road=0.0033
[ROMA step 5,247,860,736] sps=221,485  policy_loss=0.0069  value_loss=0.9712  mi_loss=0.0017  mi_valid=0.81  div_loss=-0.1475  kl_loss=0.0000 (disabled)  score=0.609  return=-0.046  role_std=9.3466  role_norm=71.3081  enc_delta ego=0.0025 partner=0.0020 road=0.0033
[ROMA step 5,248,647,168] sps=221,423  policy_loss=-0.0006  value_loss=1.0159  mi_loss=0.0018  mi_valid=0.81  div_loss=-0.1445  kl_loss=0.0000 (disabled)  score=0.610  return=-0.042  role_std=9.6264  role_norm=70.7080  enc_delta ego=0.0015 partner=0.0021 road=0.0030
[ROMA step 5,249,433,600] sps=221,360  policy_loss=-0.0032  value_loss=0.9011  mi_loss=0.0017  mi_valid=0.81  div_loss=-0.1455  kl_loss=0.0000 (disabled)  score=0.611  return=-0.038  role_std=10.3983  role_norm=70.1303  enc_delta ego=0.0021 partner=0.0022 road=0.0033
[ROMA step 5,250,220,032] sps=221,136  policy_loss=-0.0095  value_loss=0.9293  mi_loss=0.0017  mi_valid=0.78  div_loss=-0.1426  kl_loss=0.0000 (disabled)  score=0.612  return=-0.035  role_std=9.7273  role_norm=67.3631  enc_delta ego=0.0016 partner=0.0018 road=0.0031
[ROMA step 5,251,006,464] sps=221,076  policy_loss=-0.0003  value_loss=1.0416  mi_loss=0.0016  mi_valid=0.83  div_loss=-0.1416  kl_loss=0.0000 (disabled)  score=0.614  return=-0.032  role_std=8.0101  role_norm=72.4870  enc_delta ego=0.0025 partner=0.0018 road=0.0025
[ROMA] Saved -> /scratch/e452103/checkpoints/roma_mifutagent_dim1_H8_r16p64_ft_pc40_cb1_lr_nodiv/roma_dim1_step5251006464.pt
[ROMA step 5,251,792,896] sps=221,015  policy_loss=0.0007  value_loss=1.2056  mi_loss=0.0016  mi_valid=0.83  div_loss=-0.1650  kl_loss=0.0000 (disabled)  score=0.616  return=-0.032  role_std=10.0753  role_norm=71.4070  enc_delta ego=0.0019 partner=0.0015 road=0.0030
[ROMA step 5,252,579,328] sps=220,953  policy_loss=-0.0024  value_loss=1.2226  mi_loss=0.0016  mi_valid=0.80  div_loss=-0.1670  kl_loss=0.0000 (disabled)  score=0.618  return=-0.034  role_std=12.1348  role_norm=69.7724  enc_delta ego=0.0016 partner=0.0018 road=0.0030
[ROMA step 5,253,365,760] sps=220,713  policy_loss=0.0058  value_loss=1.4678  mi_loss=0.0017  mi_valid=0.78  div_loss=-0.1543  kl_loss=0.0000 (disabled)  score=0.620  return=-0.039  role_std=10.6830  role_norm=67.9007  enc_delta ego=0.0017 partner=0.0017 road=0.0037
[ROMA step 5,254,152,192] sps=220,651  policy_loss=-0.0026  value_loss=0.8840  mi_loss=0.0018  mi_valid=0.81  div_loss=-0.1406  kl_loss=0.0000 (disabled)  score=0.620  return=-0.042  role_std=8.8379  role_norm=67.5471  enc_delta ego=0.0019 partner=0.0016 road=0.0030
[ROMA step 5,254,938,624] sps=220,589  policy_loss=-0.0030  value_loss=0.8344  mi_loss=0.0017  mi_valid=0.81  div_loss=-0.1406  kl_loss=0.0000 (disabled)  score=0.619  return=-0.041  role_std=8.8994  role_norm=66.8627  enc_delta ego=0.0017 partner=0.0016 road=0.0027
[ROMA step 5,255,725,056] sps=220,528  policy_loss=-0.0044  value_loss=0.7998  mi_loss=0.0016  mi_valid=0.83  div_loss=-0.1328  kl_loss=0.0000 (disabled)  score=0.619  return=-0.040  role_std=7.9744  role_norm=72.5383  enc_delta ego=0.0019 partner=0.0015 road=0.0024
[ROMA step 5,256,511,488] sps=220,286  policy_loss=-0.0027  value_loss=0.8546  mi_loss=0.0018  mi_valid=0.79  div_loss=-0.1426  kl_loss=0.0000 (disabled)  score=0.618  return=-0.041  role_std=9.1635  role_norm=71.9375  enc_delta ego=0.0021 partner=0.0019 road=0.0032
[ROMA step 5,257,297,920] sps=220,224  policy_loss=-0.0035  value_loss=1.0025  mi_loss=0.0020  mi_valid=0.81  div_loss=-0.1494  kl_loss=0.0000 (disabled)  score=0.618  return=-0.046  role_std=9.7804  role_norm=70.7000  enc_delta ego=0.0017 partner=0.0018 road=0.0028
[ROMA step 5,258,084,352] sps=220,163  policy_loss=0.0037  value_loss=0.7057  mi_loss=0.0020  mi_valid=0.81  div_loss=-0.1387  kl_loss=0.0000 (disabled)  score=0.617  return=-0.044  role_std=9.8468  role_norm=69.7915  enc_delta ego=0.0021 partner=0.0019 road=0.0027
[ROMA step 5,258,870,784] sps=219,966  policy_loss=-0.0034  value_loss=1.3429  mi_loss=0.0019  mi_valid=0.78  div_loss=-0.1553  kl_loss=0.0000 (disabled)  score=0.618  return=-0.048  role_std=10.3601  role_norm=67.0525  enc_delta ego=0.0011 partner=0.0014 road=0.0025
[ROMA step 5,259,657,216] sps=219,906  policy_loss=0.0018  value_loss=0.9206  mi_loss=0.0019  mi_valid=0.83  div_loss=-0.1406  kl_loss=0.0000 (disabled)  score=0.619  return=-0.046  role_std=8.8054  role_norm=72.2084  enc_delta ego=0.0018 partner=0.0016 road=0.0026
[ROMA step 5,260,443,648] sps=219,848  policy_loss=0.0054  value_loss=1.0976  mi_loss=0.0019  mi_valid=0.82  div_loss=-0.1553  kl_loss=0.0000 (disabled)  score=0.620  return=-0.045  role_std=9.9036  role_norm=71.8437  enc_delta ego=0.0022 partner=0.0023 road=0.0034
[ROMA step 5,261,230,080] sps=219,790  policy_loss=-0.0057  value_loss=1.0398  mi_loss=0.0019  mi_valid=0.80  div_loss=-0.1533  kl_loss=0.0000 (disabled)  score=0.622  return=-0.040  role_std=10.3411  role_norm=70.7328  enc_delta ego=0.0014 partner=0.0020 road=0.0029
[ROMA step 5,262,016,512] sps=219,571  policy_loss=0.0034  value_loss=1.1694  mi_loss=0.0020  mi_valid=0.78  div_loss=-0.1514  kl_loss=0.0000 (disabled)  score=0.623  return=-0.038  role_std=12.2658  role_norm=68.7326  enc_delta ego=0.0017 partner=0.0018 road=0.0031
[ROMA step 5,262,802,944] sps=219,511  policy_loss=-0.0019  value_loss=1.0174  mi_loss=0.0019  mi_valid=0.81  div_loss=-0.1504  kl_loss=0.0000 (disabled)  score=0.623  return=-0.041  role_std=10.2494  role_norm=67.4601  enc_delta ego=0.0015 partner=0.0019 road=0.0035
[ROMA step 5,263,589,376] sps=219,451  policy_loss=0.0045  value_loss=1.0115  mi_loss=0.0017  mi_valid=0.81  div_loss=-0.1562  kl_loss=0.0000 (disabled)  score=0.624  return=-0.042  role_std=10.5604  role_norm=65.0038  enc_delta ego=0.0017 partner=0.0016 road=0.0029
[ROMA step 5,264,375,808] sps=219,220  policy_loss=-0.0077  value_loss=0.9702  mi_loss=0.0018  mi_valid=0.80  div_loss=-0.1533  kl_loss=0.0000 (disabled)  score=0.624  return=-0.041  role_std=8.4072  role_norm=72.3352  enc_delta ego=0.0016 partner=0.0016 road=0.0027
[ROMA step 5,265,162,240] sps=219,157  policy_loss=0.0046  value_loss=0.8902  mi_loss=0.0019  mi_valid=0.81  div_loss=-0.1416  kl_loss=0.0000 (disabled)  score=0.625  return=-0.035  role_std=9.6122  role_norm=71.5376  enc_delta ego=0.0040 partner=0.0019 road=0.0038
[ROMA step 5,265,948,672] sps=219,090  policy_loss=0.0058  value_loss=0.9205  mi_loss=0.0020  mi_valid=0.81  div_loss=-0.1426  kl_loss=0.0000 (disabled)  score=0.625  return=-0.037  role_std=9.3290  role_norm=70.3587  enc_delta ego=0.0023 partner=0.0020 road=0.0031
[ROMA step 5,266,735,104] sps=219,024  policy_loss=-0.0032  value_loss=1.0477  mi_loss=0.0019  mi_valid=0.81  div_loss=-0.1484  kl_loss=0.0000 (disabled)  score=0.625  return=-0.036  role_std=9.7312  role_norm=69.0197  enc_delta ego=0.0030 partner=0.0019 road=0.0027
[ROMA step 5,267,521,536] sps=218,790  policy_loss=0.0085  value_loss=1.3524  mi_loss=0.0019  mi_valid=0.79  div_loss=-0.1543  kl_loss=0.0000 (disabled)  score=0.625  return=-0.038  role_std=12.3646  role_norm=64.1967  enc_delta ego=0.0020 partner=0.0021 road=0.0032
[ROMA step 5,268,307,968] sps=218,728  policy_loss=-0.0007  value_loss=1.8541  mi_loss=0.0018  mi_valid=0.83  div_loss=-0.1875  kl_loss=0.0000 (disabled)  score=0.626  return=-0.047  role_std=10.8749  role_norm=71.6432  enc_delta ego=0.0016 partner=0.0017 road=0.0023
[ROMA step 5,269,094,400] sps=218,665  policy_loss=-0.0031  value_loss=1.2317  mi_loss=0.0018  mi_valid=0.80  div_loss=-0.1709  kl_loss=0.0000 (disabled)  score=0.626  return=-0.048  role_std=11.0040  role_norm=70.6994  enc_delta ego=0.0016 partner=0.0023 road=0.0029
[ROMA step 5,269,880,832] sps=218,459  policy_loss=0.0010  value_loss=1.2358  mi_loss=0.0018  mi_valid=0.78  div_loss=-0.1719  kl_loss=0.0000 (disabled)  score=0.626  return=-0.047  role_std=12.2788  role_norm=69.7024  enc_delta ego=0.0013 partner=0.0018 road=0.0026
[ROMA step 5,270,667,264] sps=218,392  policy_loss=0.0046  value_loss=1.2653  mi_loss=0.0019  mi_valid=0.81  div_loss=-0.1738  kl_loss=0.0000 (disabled)  score=0.624  return=-0.055  role_std=12.4410  role_norm=68.6343  enc_delta ego=0.0016 partner=0.0023 road=0.0030
[ROMA step 5,271,453,696] sps=218,329  policy_loss=0.0046  value_loss=1.1558  mi_loss=0.0018  mi_valid=0.81  div_loss=-0.1689  kl_loss=0.0000 (disabled)  score=0.623  return=-0.063  role_std=13.0727  role_norm=66.3600  enc_delta ego=0.0018 partner=0.0021 road=0.0031
[ROMA step 5,272,240,128] sps=218,265  policy_loss=-0.0024  value_loss=1.1163  mi_loss=0.0018  mi_valid=0.83  div_loss=-0.1719  kl_loss=0.0000 (disabled)  score=0.621  return=-0.075  role_std=11.4965  role_norm=64.8732  enc_delta ego=0.0015 partner=0.0019 road=0.0029
[ROMA step 5,273,026,560] sps=218,037  policy_loss=-0.0007  value_loss=1.9090  mi_loss=0.0018  mi_valid=0.81  div_loss=-0.1738  kl_loss=0.0000 (disabled)  score=0.620  return=-0.079  role_std=10.3010  role_norm=71.9390  enc_delta ego=0.0020 partner=0.0021 road=0.0034
[ROMA step 5,273,812,992] sps=217,972  policy_loss=-0.0027  value_loss=1.0447  mi_loss=0.0019  mi_valid=0.81  div_loss=-0.1553  kl_loss=0.0000 (disabled)  score=0.620  return=-0.077  role_std=9.6902  role_norm=71.0957  enc_delta ego=0.0017 partner=0.0022 road=0.0035
[ROMA step 5,274,599,424] sps=217,908  policy_loss=-0.0041  value_loss=0.7339  mi_loss=0.0018  mi_valid=0.81  div_loss=-0.1475  kl_loss=0.0000 (disabled)  score=0.620  return=-0.073  role_std=10.3422  role_norm=69.8446  enc_delta ego=0.0015 partner=0.0018 road=0.0028
[ROMA step 5,275,385,856] sps=217,674  policy_loss=-0.0001  value_loss=1.1380  mi_loss=0.0018  mi_valid=0.78  div_loss=-0.1514  kl_loss=0.0000 (disabled)  score=0.620  return=-0.071  role_std=10.6770  role_norm=67.2876  enc_delta ego=0.0014 partner=0.0016 road=0.0022
[ROMA step 5,276,172,288] sps=217,614  policy_loss=-0.0034  value_loss=1.0138  mi_loss=0.0019  mi_valid=0.83  div_loss=-0.1367  kl_loss=0.0000 (disabled)  score=0.620  return=-0.072  role_std=8.8217  role_norm=66.3297  enc_delta ego=0.0014 partner=0.0019 road=0.0025
[ROMA step 5,276,958,720] sps=217,549  policy_loss=-0.0003  value_loss=1.2924  mi_loss=0.0018  mi_valid=0.84  div_loss=-0.1523  kl_loss=0.0000 (disabled)  score=0.619  return=-0.073  role_std=10.3890  role_norm=72.3874  enc_delta ego=0.0020 partner=0.0022 road=0.0032
[ROMA step 5,277,745,152] sps=217,484  policy_loss=-0.0013  value_loss=0.9574  mi_loss=0.0017  mi_valid=0.81  div_loss=-0.1445  kl_loss=0.0000 (disabled)  score=0.619  return=-0.074  role_std=10.1256  role_norm=71.2797  enc_delta ego=0.0015 partner=0.0020 road=0.0029
[ROMA step 5,278,531,584] sps=217,247  policy_loss=-0.0038  value_loss=1.1862  mi_loss=0.0018  mi_valid=0.78  div_loss=-0.1475  kl_loss=0.0000 (disabled)  score=0.618  return=-0.075  role_std=11.0014  role_norm=69.5870  enc_delta ego=0.0017 partner=0.0019 road=0.0032
[ROMA step 5,279,318,016] sps=217,191  policy_loss=0.0001  value_loss=1.2842  mi_loss=0.0017  mi_valid=0.81  div_loss=-0.1641  kl_loss=0.0000 (disabled)  score=0.618  return=-0.084  role_std=12.0218  role_norm=69.4624  enc_delta ego=0.0020 partner=0.0018 road=0.0025
[ROMA step 5,280,104,448] sps=217,135  policy_loss=-0.0019  value_loss=1.5323  mi_loss=0.0018  mi_valid=0.81  div_loss=-0.1777  kl_loss=0.0000 (disabled)  score=0.617  return=-0.095  role_std=12.2334  role_norm=67.6816  enc_delta ego=0.0016 partner=0.0019 road=0.0030
[ROMA step 5,280,890,880] sps=217,074  policy_loss=-0.0006  value_loss=1.7498  mi_loss=0.0018  mi_valid=0.83  div_loss=-0.1826  kl_loss=0.0000 (disabled)  score=0.616  return=-0.103  role_std=10.7239  role_norm=72.8318  enc_delta ego=0.0025 partner=0.0019 road=0.0029
[ROMA step 5,281,677,312] sps=216,862  policy_loss=-0.0016  value_loss=1.3969  mi_loss=0.0018  mi_valid=0.80  div_loss=-0.1533  kl_loss=0.0000 (disabled)  score=0.615  return=-0.110  role_std=9.7293  role_norm=72.4600  enc_delta ego=0.0024 partner=0.0023 road=0.0034
[ROMA step 5,282,463,744] sps=216,798  policy_loss=-0.0008  value_loss=1.1495  mi_loss=0.0018  mi_valid=0.81  div_loss=-0.1455  kl_loss=0.0000 (disabled)  score=0.614  return=-0.113  role_std=10.5009  role_norm=71.3843  enc_delta ego=0.0024 partner=0.0016 road=0.0030
[ROMA step 5,283,250,176] sps=216,738  policy_loss=0.0034  value_loss=0.9351  mi_loss=0.0018  mi_valid=0.81  div_loss=-0.1318  kl_loss=0.0000 (disabled)  score=0.614  return=-0.113  role_std=10.1664  role_norm=71.0955  enc_delta ego=0.0026 partner=0.0017 road=0.0025
[ROMA step 5,284,036,608] sps=216,521  policy_loss=-0.0066  value_loss=1.6280  mi_loss=0.0018  mi_valid=0.78  div_loss=-0.1504  kl_loss=0.0000 (disabled)  score=0.614  return=-0.120  role_std=12.5131  role_norm=68.2112  enc_delta ego=0.0020 partner=0.0022 road=0.0023
[ROMA step 5,284,823,040] sps=216,461  policy_loss=0.0012  value_loss=1.6940  mi_loss=0.0017  mi_valid=0.84  div_loss=-0.1719  kl_loss=0.0000 (disabled)  score=0.613  return=-0.130  role_std=10.7368  role_norm=72.8439  enc_delta ego=0.0021 partner=0.0021 road=0.0029
[ROMA step 5,285,609,472] sps=216,400  policy_loss=0.0039  value_loss=2.0772  mi_loss=0.0017  mi_valid=0.83  div_loss=-0.1709  kl_loss=0.0000 (disabled)  score=0.613  return=-0.143  role_std=10.3939  role_norm=72.3794  enc_delta ego=0.0019 partner=0.0021 road=0.0027
[ROMA step 5,286,395,904] sps=216,339  policy_loss=0.0037  value_loss=1.6120  mi_loss=0.0018  mi_valid=0.81  div_loss=-0.1660  kl_loss=0.0000 (disabled)  score=0.611  return=-0.154  role_std=10.7050  role_norm=71.3334  enc_delta ego=0.0022 partner=0.0020 road=0.0031
[ROMA step 5,287,182,336] sps=216,112  policy_loss=-0.0017  value_loss=1.9049  mi_loss=0.0018  mi_valid=0.78  div_loss=-0.1582  kl_loss=0.0000 (disabled)  score=0.611  return=-0.158  role_std=10.8480  role_norm=70.1136  enc_delta ego=0.0018 partner=0.0020 road=0.0030
[ROMA step 5,287,968,768] sps=216,055  policy_loss=0.0050  value_loss=1.0482  mi_loss=0.0017  mi_valid=0.81  div_loss=-0.1377  kl_loss=0.0000 (disabled)  score=0.611  return=-0.162  role_std=9.1063  role_norm=68.8714  enc_delta ego=0.0016 partner=0.0020 road=0.0025
[ROMA step 5,288,755,200] sps=215,996  policy_loss=0.0033  value_loss=0.9544  mi_loss=0.0017  mi_valid=0.81  div_loss=-0.1318  kl_loss=0.0000 (disabled)  score=0.610  return=-0.162  role_std=9.3643  role_norm=67.4533  enc_delta ego=0.0013 partner=0.0015 road=0.0024
[ROMA step 5,289,541,632] sps=215,780  policy_loss=0.0007  value_loss=0.9039  mi_loss=0.0017  mi_valid=0.80  div_loss=-0.1279  kl_loss=0.0000 (disabled)  score=0.610  return=-0.163  role_std=7.3639  role_norm=72.9772  enc_delta ego=0.0013 partner=0.0015 road=0.0026
[ROMA step 5,290,328,064] sps=215,720  policy_loss=-0.0012  value_loss=0.6548  mi_loss=0.0018  mi_valid=0.80  div_loss=-0.1230  kl_loss=0.0000 (disabled)  score=0.610  return=-0.159  role_std=8.6031  role_norm=72.3737  enc_delta ego=0.0014 partner=0.0018 road=0.0030
[ROMA step 5,291,114,496] sps=215,661  policy_loss=0.0011  value_loss=1.4006  mi_loss=0.0018  mi_valid=0.80  div_loss=-0.1494  kl_loss=0.0000 (disabled)  score=0.611  return=-0.163  role_std=11.1867  role_norm=71.7025  enc_delta ego=0.0014 partner=0.0015 road=0.0025
[ROMA step 5,291,900,928] sps=215,603  policy_loss=-0.0023  value_loss=0.7234  mi_loss=0.0018  mi_valid=0.81  div_loss=-0.1357  kl_loss=0.0000 (disabled)  score=0.611  return=-0.164  role_std=9.8564  role_norm=70.0872  enc_delta ego=0.0013 partner=0.0014 road=0.0025
[ROMA step 5,292,687,360] sps=215,388  policy_loss=0.0025  value_loss=0.8626  mi_loss=0.0017  mi_valid=0.78  div_loss=-0.1299  kl_loss=0.0000 (disabled)  score=0.610  return=-0.163  role_std=9.1030  role_norm=67.5780  enc_delta ego=0.0012 partner=0.0018 road=0.0027
[ROMA step 5,293,473,792] sps=215,328  policy_loss=-0.0036  value_loss=0.9893  mi_loss=0.0017  mi_valid=0.83  div_loss=-0.1318  kl_loss=0.0000 (disabled)  score=0.610  return=-0.164  role_std=8.8079  role_norm=72.8060  enc_delta ego=0.0018 partner=0.0018 road=0.0028
[ROMA step 5,294,260,224] sps=215,270  policy_loss=0.0034  value_loss=0.6746  mi_loss=0.0017  mi_valid=0.81  div_loss=-0.1240  kl_loss=0.0000 (disabled)  score=0.611  return=-0.161  role_std=7.2443  role_norm=72.2372  enc_delta ego=0.0015 partner=0.0018 road=0.0023
[ROMA step 5,295,046,656] sps=215,077  policy_loss=0.0034  value_loss=1.3588  mi_loss=0.0019  mi_valid=0.77  div_loss=-0.1445  kl_loss=0.0000 (disabled)  score=0.612  return=-0.154  role_std=12.2257  role_norm=70.2500  enc_delta ego=0.0016 partner=0.0018 road=0.0029
[ROMA step 5,295,833,088] sps=215,019  policy_loss=0.0112  value_loss=1.5488  mi_loss=0.0018  mi_valid=0.81  div_loss=-0.1523  kl_loss=0.0000 (disabled)  score=0.612  return=-0.155  role_std=10.9569  role_norm=68.8181  enc_delta ego=0.0020 partner=0.0014 road=0.0022
[ROMA step 5,296,619,520] sps=214,961  policy_loss=0.0034  value_loss=1.1270  mi_loss=0.0018  mi_valid=0.81  div_loss=-0.1533  kl_loss=0.0000 (disabled)  score=0.611  return=-0.153  role_std=9.5241  role_norm=67.5380  enc_delta ego=0.0013 partner=0.0017 road=0.0026
[ROMA step 5,297,405,952] sps=214,906  policy_loss=-0.0013  value_loss=1.0595  mi_loss=0.0018  mi_valid=0.82  div_loss=-0.1445  kl_loss=0.0000 (disabled)  score=0.610  return=-0.153  role_std=10.3136  role_norm=65.4553  enc_delta ego=0.0018 partner=0.0017 road=0.0024
[ROMA step 5,298,192,384] sps=214,727  policy_loss=-0.0025  value_loss=1.2295  mi_loss=0.0018  mi_valid=0.80  div_loss=-0.1465  kl_loss=0.0000 (disabled)  score=0.611  return=-0.151  role_std=8.7808  role_norm=72.1703  enc_delta ego=0.0022 partner=0.0018 road=0.0028
[ROMA step 5,298,978,816] sps=214,669  policy_loss=0.0073  value_loss=0.9774  mi_loss=0.0019  mi_valid=0.80  div_loss=-0.1436  kl_loss=0.0000 (disabled)  score=0.612  return=-0.144  role_std=9.4940  role_norm=71.1608  enc_delta ego=0.0022 partner=0.0018 road=0.0028
[ROMA step 5,299,765,248] sps=214,611  policy_loss=0.0004  value_loss=0.8945  mi_loss=0.0018  mi_valid=0.80  div_loss=-0.1416  kl_loss=0.0000 (disabled)  score=0.614  return=-0.134  role_std=10.6433  role_norm=70.2387  enc_delta ego=0.0017 partner=0.0016 road=0.0023
[ROMA step 5,300,551,680] sps=214,412  policy_loss=0.0043  value_loss=1.2289  mi_loss=0.0020  mi_valid=0.78  div_loss=-0.1465  kl_loss=0.0000 (disabled)  score=0.616  return=-0.122  role_std=10.3013  role_norm=68.0668  enc_delta ego=0.0013 partner=0.0017 road=0.0029
[ROMA step 5,301,338,112] sps=214,355  policy_loss=-0.0013  value_loss=1.5485  mi_loss=0.0017  mi_valid=0.82  div_loss=-0.1641  kl_loss=0.0000 (disabled)  score=0.617  return=-0.124  role_std=10.0397  role_norm=66.3949  enc_delta ego=0.0013 partner=0.0017 road=0.0027
[ROMA step 5,302,124,544] sps=214,299  policy_loss=0.0016  value_loss=0.8747  mi_loss=0.0017  mi_valid=0.83  div_loss=-0.1523  kl_loss=0.0000 (disabled)  score=0.617  return=-0.126  role_std=9.7558  role_norm=72.4077  enc_delta ego=0.0019 partner=0.0019 road=0.0033
[ROMA step 5,302,910,976] sps=214,243  policy_loss=-0.0028  value_loss=1.1165  mi_loss=0.0018  mi_valid=0.81  div_loss=-0.1455  kl_loss=0.0000 (disabled)  score=0.617  return=-0.128  role_std=9.8543  role_norm=72.1299  enc_delta ego=0.0015 partner=0.0022 road=0.0032
[ROMA step 5,303,697,408] sps=214,050  policy_loss=-0.0055  value_loss=1.1270  mi_loss=0.0019  mi_valid=0.78  div_loss=-0.1504  kl_loss=0.0000 (disabled)  score=0.618  return=-0.128  role_std=10.0619  role_norm=70.3056  enc_delta ego=0.0015 partner=0.0020 road=0.0033
[ROMA step 5,304,483,840] sps=213,994  policy_loss=-0.0035  value_loss=1.4226  mi_loss=0.0017  mi_valid=0.81  div_loss=-0.1611  kl_loss=0.0000 (disabled)  score=0.619  return=-0.135  role_std=11.2466  role_norm=68.5944  enc_delta ego=0.0017 partner=0.0015 road=0.0029
[ROMA step 5,305,270,272] sps=213,937  policy_loss=-0.0020  value_loss=1.0195  mi_loss=0.0017  mi_valid=0.81  div_loss=-0.1611  kl_loss=0.0000 (disabled)  score=0.619  return=-0.140  role_std=10.7709  role_norm=66.7559  enc_delta ego=0.0018 partner=0.0018 road=0.0030
[ROMA step 5,306,056,704] sps=213,881  policy_loss=0.0020  value_loss=1.0189  mi_loss=0.0018  mi_valid=0.83  div_loss=-0.1543  kl_loss=0.0000 (disabled)  score=0.620  return=-0.141  role_std=9.3299  role_norm=72.9517  enc_delta ego=0.0017 partner=0.0017 road=0.0030
[ROMA step 5,306,843,136] sps=213,697  policy_loss=0.0030  value_loss=0.8722  mi_loss=0.0018  mi_valid=0.80  div_loss=-0.1206  kl_loss=0.0000 (disabled)  score=0.619  return=-0.138  role_std=8.7138  role_norm=72.0462  enc_delta ego=0.0019 partner=0.0021 road=0.0039
[ROMA step 5,307,629,568] sps=213,641  policy_loss=-0.0007  value_loss=0.5189  mi_loss=0.0019  mi_valid=0.80  div_loss=-0.1152  kl_loss=0.0000 (disabled)  score=0.618  return=-0.128  role_std=8.0879  role_norm=72.0559  enc_delta ego=0.0015 partner=0.0015 road=0.0030
[ROMA step 5,308,416,000] sps=213,585  policy_loss=-0.0002  value_loss=0.6243  mi_loss=0.0016  mi_valid=0.81  div_loss=-0.1187  kl_loss=0.0000 (disabled)  score=0.617  return=-0.116  role_std=8.0690  role_norm=71.3729  enc_delta ego=0.0013 partner=0.0010 road=0.0020
[ROMA step 5,309,202,432] sps=213,389  policy_loss=0.0041  value_loss=0.9617  mi_loss=0.0017  mi_valid=0.78  div_loss=-0.1162  kl_loss=0.0000 (disabled)  score=0.617  return=-0.100  role_std=10.0171  role_norm=68.9601  enc_delta ego=0.0013 partner=0.0012 road=0.0019
[ROMA step 5,309,988,864] sps=213,332  policy_loss=0.0047  value_loss=0.8884  mi_loss=0.0018  mi_valid=0.83  div_loss=-0.1172  kl_loss=0.0000 (disabled)  score=0.618  return=-0.097  role_std=7.2021  role_norm=74.5643  enc_delta ego=0.0015 partner=0.0016 road=0.0023
[ROMA step 5,310,775,296] sps=213,275  policy_loss=-0.0018  value_loss=0.8837  mi_loss=0.0019  mi_valid=0.83  div_loss=-0.1226  kl_loss=0.0000 (disabled)  score=0.618  return=-0.095  role_std=7.3617  role_norm=74.2257  enc_delta ego=0.0012 partner=0.0013 road=0.0020
[ROMA step 5,311,561,728] sps=213,217  policy_loss=0.0007  value_loss=1.1682  mi_loss=0.0018  mi_valid=0.81  div_loss=-0.1338  kl_loss=0.0000 (disabled)  score=0.618  return=-0.098  role_std=8.8230  role_norm=73.4381  enc_delta ego=0.0015 partner=0.0014 road=0.0024
[ROMA step 5,312,348,160] sps=213,008  policy_loss=0.0015  value_loss=0.9395  mi_loss=0.0019  mi_valid=0.78  div_loss=-0.1289  kl_loss=0.0000 (disabled)  score=0.618  return=-0.085  role_std=9.9078  role_norm=72.0519  enc_delta ego=0.0014 partner=0.0017 road=0.0027
[ROMA step 5,313,134,592] sps=212,953  policy_loss=0.0007  value_loss=0.9851  mi_loss=0.0019  mi_valid=0.81  div_loss=-0.1260  kl_loss=0.0000 (disabled)  score=0.618  return=-0.071  role_std=9.8157  role_norm=71.0717  enc_delta ego=0.0018 partner=0.0019 road=0.0028
[ROMA step 5,313,921,024] sps=212,897  policy_loss=0.0021  value_loss=0.9591  mi_loss=0.0017  mi_valid=0.81  div_loss=-0.1377  kl_loss=0.0000 (disabled)  score=0.619  return=-0.060  role_std=8.9505  role_norm=69.4105  enc_delta ego=0.0016 partner=0.0017 road=0.0023
[ROMA step 5,314,707,456] sps=212,699  policy_loss=-0.0020  value_loss=0.9477  mi_loss=0.0018  mi_valid=0.80  div_loss=-0.1377  kl_loss=0.0000 (disabled)  score=0.619  return=-0.052  role_std=9.8239  role_norm=73.6892  enc_delta ego=0.0019 partner=0.0016 road=0.0025
[ROMA step 5,315,493,888] sps=212,643  policy_loss=0.0041  value_loss=1.1472  mi_loss=0.0017  mi_valid=0.80  div_loss=-0.1514  kl_loss=0.0000 (disabled)  score=0.619  return=-0.050  role_std=10.5806  role_norm=72.2251  enc_delta ego=0.0018 partner=0.0019 road=0.0031
[ROMA step 5,316,280,320] sps=212,585  policy_loss=-0.0021  value_loss=1.0199  mi_loss=0.0018  mi_valid=0.80  div_loss=-0.1504  kl_loss=0.0000 (disabled)  score=0.619  return=-0.054  role_std=10.3742  role_norm=70.6750  enc_delta ego=0.0021 partner=0.0021 road=0.0031
[ROMA step 5,317,066,752] sps=212,531  policy_loss=-0.0042  value_loss=1.0653  mi_loss=0.0017  mi_valid=0.81  div_loss=-0.1426  kl_loss=0.0000 (disabled)  score=0.617  return=-0.057  role_std=9.5245  role_norm=69.4746  enc_delta ego=0.0012 partner=0.0013 road=0.0020
[ROMA step 5,317,853,184] sps=212,328  policy_loss=0.0031  value_loss=0.8360  mi_loss=0.0017  mi_valid=0.78  div_loss=-0.1226  kl_loss=0.0000 (disabled)  score=0.618  return=-0.054  role_std=9.0570  role_norm=68.0271  enc_delta ego=0.0020 partner=0.0017 road=0.0029
[ROMA step 5,318,639,616] sps=212,272  policy_loss=0.0059  value_loss=0.9340  mi_loss=0.0018  mi_valid=0.83  div_loss=-0.1260  kl_loss=0.0000 (disabled)  score=0.618  return=-0.053  role_std=8.3915  role_norm=73.8550  enc_delta ego=0.0021 partner=0.0018 road=0.0025
[ROMA step 5,319,426,048] sps=212,217  policy_loss=0.0054  value_loss=0.6491  mi_loss=0.0020  mi_valid=0.82  div_loss=-0.1138  kl_loss=0.0000 (disabled)  score=0.619  return=-0.042  role_std=7.6262  role_norm=73.2839  enc_delta ego=0.0018 partner=0.0015 road=0.0027
[ROMA step 5,320,212,480] sps=212,035  policy_loss=0.0048  value_loss=0.8679  mi_loss=0.0017  mi_valid=0.77  div_loss=-0.1206  kl_loss=0.0000 (disabled)  score=0.621  return=-0.035  role_std=9.3667  role_norm=72.5872  enc_delta ego=0.0014 partner=0.0015 road=0.0026
[ROMA step 5,320,998,912] sps=211,980  policy_loss=-0.0021  value_loss=0.9144  mi_loss=0.0018  mi_valid=0.80  div_loss=-0.1270  kl_loss=0.0000 (disabled)  score=0.623  return=-0.035  role_std=8.7094  role_norm=71.4369  enc_delta ego=0.0015 partner=0.0017 road=0.0029
[ROMA step 5,321,785,344] sps=211,925  policy_loss=0.0055  value_loss=1.1406  mi_loss=0.0016  mi_valid=0.80  div_loss=-0.1270  kl_loss=0.0000 (disabled)  score=0.623  return=-0.036  role_std=8.4699  role_norm=70.3045  enc_delta ego=0.0013 partner=0.0017 road=0.0025
[ROMA step 5,322,571,776] sps=211,870  policy_loss=0.0034  value_loss=0.7729  mi_loss=0.0017  mi_valid=0.81  div_loss=-0.1240  kl_loss=0.0000 (disabled)  score=0.624  return=-0.038  role_std=9.0531  role_norm=68.1070  enc_delta ego=0.0016 partner=0.0016 road=0.0030
[ROMA step 5,323,358,208] sps=211,686  policy_loss=0.0012  value_loss=0.8880  mi_loss=0.0018  mi_valid=0.80  div_loss=-0.1118  kl_loss=0.0000 (disabled)  score=0.624  return=-0.031  role_std=8.4394  role_norm=74.1602  enc_delta ego=0.0013 partner=0.0017 road=0.0027
[ROMA step 5,324,144,640] sps=211,632  policy_loss=0.0060  value_loss=1.5176  mi_loss=0.0019  mi_valid=0.81  div_loss=-0.1338  kl_loss=0.0000 (disabled)  score=0.624  return=-0.029  role_std=10.4943  role_norm=72.8355  enc_delta ego=0.0024 partner=0.0018 road=0.0029
[ROMA step 5,324,931,072] sps=211,577  policy_loss=0.0053  value_loss=1.1011  mi_loss=0.0019  mi_valid=0.81  div_loss=-0.1367  kl_loss=0.0000 (disabled)  score=0.624  return=-0.029  role_std=10.5471  role_norm=72.1617  enc_delta ego=0.0022 partner=0.0018 road=0.0030
[ROMA step 5,325,717,504] sps=211,399  policy_loss=0.0029  value_loss=1.1445  mi_loss=0.0019  mi_valid=0.78  div_loss=-0.1416  kl_loss=0.0000 (disabled)  score=0.625  return=-0.029  role_std=9.1988  role_norm=69.5278  enc_delta ego=0.0020 partner=0.0018 road=0.0028
[ROMA step 5,326,503,936] sps=211,345  policy_loss=0.0078  value_loss=1.4331  mi_loss=0.0017  mi_valid=0.81  div_loss=-0.1582  kl_loss=0.0000 (disabled)  score=0.625  return=-0.032  role_std=9.7229  role_norm=67.9536  enc_delta ego=0.0017 partner=0.0014 road=0.0032
[ROMA step 5,327,290,368] sps=211,290  policy_loss=0.0021  value_loss=1.1355  mi_loss=0.0017  mi_valid=0.83  div_loss=-0.1660  kl_loss=0.0000 (disabled)  score=0.625  return=-0.037  role_std=8.9917  role_norm=72.8882  enc_delta ego=0.0018 partner=0.0021 road=0.0035
[ROMA step 5,328,076,800] sps=211,234  policy_loss=-0.0011  value_loss=1.5080  mi_loss=0.0017  mi_valid=0.81  div_loss=-0.1729  kl_loss=0.0000 (disabled)  score=0.625  return=-0.041  role_std=10.9511  role_norm=71.9344  enc_delta ego=0.0018 partner=0.0018 road=0.0030
[ROMA step 5,328,863,232] sps=211,026  policy_loss=0.0013  value_loss=1.3408  mi_loss=0.0018  mi_valid=0.78  div_loss=-0.1611  kl_loss=0.0000 (disabled)  score=0.624  return=-0.043  role_std=11.2271  role_norm=70.1247  enc_delta ego=0.0023 partner=0.0017 road=0.0031
[ROMA step 5,329,649,664] sps=210,971  policy_loss=-0.0022  value_loss=1.0618  mi_loss=0.0018  mi_valid=0.81  div_loss=-0.1504  kl_loss=0.0000 (disabled)  score=0.622  return=-0.041  role_std=11.3667  role_norm=69.2191  enc_delta ego=0.0018 partner=0.0018 road=0.0029
[ROMA step 5,330,436,096] sps=210,915  policy_loss=0.0053  value_loss=1.1713  mi_loss=0.0018  mi_valid=0.81  div_loss=-0.1611  kl_loss=0.0000 (disabled)  score=0.622  return=-0.043  role_std=12.0526  role_norm=67.8434  enc_delta ego=0.0018 partner=0.0017 road=0.0025
[ROMA step 5,331,222,528] sps=210,860  policy_loss=-0.0003  value_loss=1.1456  mi_loss=0.0018  mi_valid=0.83  div_loss=-0.1553  kl_loss=0.0000 (disabled)  score=0.620  return=-0.047  role_std=11.6407  role_norm=65.6384  enc_delta ego=0.0017 partner=0.0016 road=0.0023
[ROMA step 5,332,008,960] sps=210,676  policy_loss=0.0043  value_loss=0.8951  mi_loss=0.0019  mi_valid=0.80  div_loss=-0.1309  kl_loss=0.0000 (disabled)  score=0.620  return=-0.042  role_std=8.3433  role_norm=73.1892  enc_delta ego=0.0032 partner=0.0021 road=0.0036
[ROMA step 5,332,795,392] sps=210,620  policy_loss=-0.0065  value_loss=0.7067  mi_loss=0.0021  mi_valid=0.81  div_loss=-0.1377  kl_loss=0.0000 (disabled)  score=0.619  return=-0.035  role_std=9.1082  role_norm=72.2277  enc_delta ego=0.0026 partner=0.0018 road=0.0029
[ROMA step 5,333,581,824] sps=210,564  policy_loss=0.0016  value_loss=0.7713  mi_loss=0.0017  mi_valid=0.81  div_loss=-0.1396  kl_loss=0.0000 (disabled)  score=0.620  return=-0.031  role_std=9.3181  role_norm=71.5281  enc_delta ego=0.0016 partner=0.0017 road=0.0025
[ROMA step 5,334,368,256] sps=210,381  policy_loss=0.0023  value_loss=1.2069  mi_loss=0.0018  mi_valid=0.78  div_loss=-0.1465  kl_loss=0.0000 (disabled)  score=0.620  return=-0.035  role_std=10.5628  role_norm=69.1249  enc_delta ego=0.0019 partner=0.0020 road=0.0031
[ROMA step 5,335,154,688] sps=210,327  policy_loss=-0.0047  value_loss=1.1671  mi_loss=0.0018  mi_valid=0.82  div_loss=-0.1357  kl_loss=0.0000 (disabled)  score=0.622  return=-0.038  role_std=9.4650  role_norm=67.0096  enc_delta ego=0.0020 partner=0.0019 road=0.0031
[ROMA step 5,335,941,120] sps=210,272  policy_loss=0.0088  value_loss=1.4238  mi_loss=0.0019  mi_valid=0.83  div_loss=-0.1455  kl_loss=0.0000 (disabled)  score=0.623  return=-0.042  role_std=8.4528  role_norm=73.4353  enc_delta ego=0.0016 partner=0.0018 road=0.0026
[ROMA step 5,336,727,552] sps=210,220  policy_loss=-0.0068  value_loss=1.0099  mi_loss=0.0019  mi_valid=0.80  div_loss=-0.1426  kl_loss=0.0000 (disabled)  score=0.623  return=-0.045  role_std=8.9928  role_norm=73.0122  enc_delta ego=0.0020 partner=0.0016 road=0.0028
[ROMA step 5,337,513,984] sps=210,044  policy_loss=0.0044  value_loss=1.5179  mi_loss=0.0019  mi_valid=0.77  div_loss=-0.1455  kl_loss=0.0000 (disabled)  score=0.625  return=-0.048  role_std=11.2070  role_norm=71.1906  enc_delta ego=0.0025 partner=0.0019 road=0.0030
[ROMA step 5,338,300,416] sps=209,990  policy_loss=-0.0040  value_loss=1.1062  mi_loss=0.0018  mi_valid=0.80  div_loss=-0.1396  kl_loss=0.0000 (disabled)  score=0.626  return=-0.054  role_std=9.8335  role_norm=69.8971  enc_delta ego=0.0015 partner=0.0018 road=0.0025
[ROMA step 5,339,086,848] sps=209,935  policy_loss=-0.0038  value_loss=1.2398  mi_loss=0.0017  mi_valid=0.80  div_loss=-0.1377  kl_loss=0.0000 (disabled)  score=0.628  return=-0.054  role_std=9.2251  role_norm=68.5935  enc_delta ego=0.0013 partner=0.0017 road=0.0023
[ROMA step 5,339,873,280] sps=209,755  policy_loss=-0.0061  value_loss=1.0895  mi_loss=0.0018  mi_valid=0.80  div_loss=-0.1426  kl_loss=0.0000 (disabled)  score=0.629  return=-0.052  role_std=9.5027  role_norm=73.1244  enc_delta ego=0.0017 partner=0.0016 road=0.0028
[ROMA step 5,340,659,712] sps=209,701  policy_loss=0.0019  value_loss=1.2165  mi_loss=0.0018  mi_valid=0.80  div_loss=-0.1455  kl_loss=0.0000 (disabled)  score=0.631  return=-0.048  role_std=9.8206  role_norm=72.0676  enc_delta ego=0.0017 partner=0.0019 road=0.0030
[ROMA step 5,341,446,144] sps=209,647  policy_loss=0.0012  value_loss=1.6717  mi_loss=0.0018  mi_valid=0.80  div_loss=-0.1611  kl_loss=0.0000 (disabled)  score=0.633  return=-0.048  role_std=11.0951  role_norm=70.9959  enc_delta ego=0.0016 partner=0.0016 road=0.0024
[ROMA step 5,342,232,576] sps=209,594  policy_loss=0.0036  value_loss=1.2680  mi_loss=0.0019  mi_valid=0.80  div_loss=-0.1514  kl_loss=0.0000 (disabled)  score=0.634  return=-0.052  role_std=11.0736  role_norm=69.6055  enc_delta ego=0.0012 partner=0.0017 road=0.0027
[ROMA step 5,343,019,008] sps=209,416  policy_loss=-0.0009  value_loss=1.0045  mi_loss=0.0018  mi_valid=0.78  div_loss=-0.1445  kl_loss=0.0000 (disabled)  score=0.635  return=-0.051  role_std=10.3607  role_norm=66.0104  enc_delta ego=0.0018 partner=0.0017 road=0.0028
[ROMA step 5,343,805,440] sps=209,362  policy_loss=0.0012  value_loss=0.9911  mi_loss=0.0018  mi_valid=0.83  div_loss=-0.1426  kl_loss=0.0000 (disabled)  score=0.635  return=-0.050  role_std=8.6889  role_norm=72.5301  enc_delta ego=0.0016 partner=0.0020 road=0.0024
[ROMA step 5,344,591,872] sps=209,308  policy_loss=0.0024  value_loss=1.2343  mi_loss=0.0018  mi_valid=0.83  div_loss=-0.1514  kl_loss=0.0000 (disabled)  score=0.634  return=-0.050  role_std=8.8258  role_norm=72.2704  enc_delta ego=0.0012 partner=0.0018 road=0.0027
[ROMA step 5,345,378,304] sps=209,122  policy_loss=0.0018  value_loss=1.1092  mi_loss=0.0019  mi_valid=0.78  div_loss=-0.1475  kl_loss=0.0000 (disabled)  score=0.635  return=-0.049  role_std=10.2316  role_norm=71.0207  enc_delta ego=0.0018 partner=0.0018 road=0.0028
[ROMA step 5,346,164,736] sps=209,069  policy_loss=-0.0011  value_loss=0.7947  mi_loss=0.0019  mi_valid=0.81  div_loss=-0.1299  kl_loss=0.0000 (disabled)  score=0.632  return=-0.055  role_std=10.1716  role_norm=70.3122  enc_delta ego=0.0012 partner=0.0015 road=0.0019
[ROMA step 5,346,951,168] sps=209,013  policy_loss=-0.0014  value_loss=0.8725  mi_loss=0.0018  mi_valid=0.81  div_loss=-0.1230  kl_loss=0.0000 (disabled)  score=0.630  return=-0.060  role_std=8.8081  role_norm=70.1248  enc_delta ego=0.0014 partner=0.0015 road=0.0024
[ROMA step 5,347,737,600] sps=208,957  policy_loss=0.0054  value_loss=0.9449  mi_loss=0.0019  mi_valid=0.81  div_loss=-0.1367  kl_loss=0.0000 (disabled)  score=0.628  return=-0.070  role_std=9.5072  role_norm=69.2583  enc_delta ego=0.0014 partner=0.0017 road=0.0023
[ROMA step 5,348,524,032] sps=208,718  policy_loss=-0.0044  value_loss=1.0402  mi_loss=0.0019  mi_valid=0.80  div_loss=-0.1387  kl_loss=0.0000 (disabled)  score=0.626  return=-0.073  role_std=8.2859  role_norm=73.5689  enc_delta ego=0.0013 partner=0.0016 road=0.0022
[ROMA step 5,349,310,464] sps=208,664  policy_loss=0.0044  value_loss=1.0864  mi_loss=0.0018  mi_valid=0.80  div_loss=-0.1475  kl_loss=0.0000 (disabled)  score=0.625  return=-0.073  role_std=9.2964  role_norm=72.5006  enc_delta ego=0.0016 partner=0.0018 road=0.0026
[ROMA step 5,350,096,896] sps=208,609  policy_loss=0.0019  value_loss=1.1916  mi_loss=0.0018  mi_valid=0.81  div_loss=-0.1475  kl_loss=0.0000 (disabled)  score=0.624  return=-0.075  role_std=8.9412  role_norm=70.9881  enc_delta ego=0.0017 partner=0.0017 road=0.0023
[ROMA step 5,350,883,328] sps=208,417  policy_loss=-0.0030  value_loss=1.0132  mi_loss=0.0018  mi_valid=0.78  div_loss=-0.1494  kl_loss=0.0000 (disabled)  score=0.622  return=-0.076  role_std=11.4577  role_norm=68.0124  enc_delta ego=0.0019 partner=0.0016 road=0.0021
[ROMA step 5,351,669,760] sps=208,364  policy_loss=-0.0067  value_loss=0.9290  mi_loss=0.0019  mi_valid=0.81  div_loss=-0.1553  kl_loss=0.0000 (disabled)  score=0.622  return=-0.079  role_std=10.3301  role_norm=65.5134  enc_delta ego=0.0021 partner=0.0020 road=0.0025
[ROMA step 5,352,456,192] sps=208,311  policy_loss=0.0006  value_loss=1.1808  mi_loss=0.0019  mi_valid=0.84  div_loss=-0.1533  kl_loss=0.0000 (disabled)  score=0.621  return=-0.077  role_std=9.8930  role_norm=72.6493  enc_delta ego=0.0026 partner=0.0017 road=0.0028
[ROMA step 5,353,242,624] sps=208,258  policy_loss=0.0033  value_loss=1.2480  mi_loss=0.0020  mi_valid=0.82  div_loss=-0.1504  kl_loss=0.0000 (disabled)  score=0.621  return=-0.081  role_std=9.6812  role_norm=72.6889  enc_delta ego=0.0015 partner=0.0017 road=0.0024
[ROMA step 5,354,029,056] sps=208,077  policy_loss=0.0036  value_loss=1.3322  mi_loss=0.0020  mi_valid=0.78  div_loss=-0.1523  kl_loss=0.0000 (disabled)  score=0.619  return=-0.085  role_std=11.3108  role_norm=70.9641  enc_delta ego=0.0019 partner=0.0017 road=0.0031
[ROMA step 5,354,815,488] sps=208,026  policy_loss=-0.0035  value_loss=1.0766  mi_loss=0.0018  mi_valid=0.81  div_loss=-0.1680  kl_loss=0.0000 (disabled)  score=0.616  return=-0.082  role_std=11.2873  role_norm=69.1948  enc_delta ego=0.0018 partner=0.0022 road=0.0031
[ROMA step 5,355,601,920] sps=207,973  policy_loss=0.0006  value_loss=1.4722  mi_loss=0.0017  mi_valid=0.81  div_loss=-0.1787  kl_loss=0.0000 (disabled)  score=0.616  return=-0.090  role_std=11.6726  role_norm=66.7900  enc_delta ego=0.0014 partner=0.0016 road=0.0024
[ROMA step 5,356,388,352] sps=207,919  policy_loss=-0.0032  value_loss=1.0355  mi_loss=0.0017  mi_valid=0.82  div_loss=-0.1611  kl_loss=0.0000 (disabled)  score=0.616  return=-0.087  role_std=12.2486  role_norm=63.9194  enc_delta ego=0.0013 partner=0.0016 road=0.0028
[ROMA step 5,357,174,784] sps=207,752  policy_loss=0.0014  value_loss=1.3315  mi_loss=0.0020  mi_valid=0.81  div_loss=-0.1523  kl_loss=0.0000 (disabled)  score=0.616  return=-0.087  role_std=9.0296  role_norm=73.0902  enc_delta ego=0.0020 partner=0.0019 road=0.0035
[ROMA step 5,357,961,216] sps=207,700  policy_loss=-0.0014  value_loss=1.1755  mi_loss=0.0019  mi_valid=0.81  div_loss=-0.1543  kl_loss=0.0000 (disabled)  score=0.617  return=-0.088  role_std=9.7718  role_norm=72.5637  enc_delta ego=0.0017 partner=0.0019 road=0.0027
[ROMA step 5,358,747,648] sps=207,648  policy_loss=0.0029  value_loss=1.0979  mi_loss=0.0020  mi_valid=0.81  div_loss=-0.1523  kl_loss=0.0000 (disabled)  score=0.617  return=-0.087  role_std=10.5188  role_norm=71.3201  enc_delta ego=0.0014 partner=0.0014 road=0.0023
[ROMA step 5,359,534,080] sps=207,480  policy_loss=0.0027  value_loss=1.1767  mi_loss=0.0020  mi_valid=0.78  div_loss=-0.1504  kl_loss=0.0000 (disabled)  score=0.617  return=-0.089  role_std=11.7314  role_norm=68.6555  enc_delta ego=0.0017 partner=0.0016 road=0.0029
[ROMA step 5,360,320,512] sps=207,427  policy_loss=-0.0020  value_loss=1.3450  mi_loss=0.0022  mi_valid=0.82  div_loss=-0.1572  kl_loss=0.0000 (disabled)  score=0.617  return=-0.096  role_std=11.2425  role_norm=66.3725  enc_delta ego=0.0021 partner=0.0020 road=0.0031
[ROMA step 5,361,106,944] sps=207,373  policy_loss=-0.0035  value_loss=1.4310  mi_loss=0.0020  mi_valid=0.83  div_loss=-0.1562  kl_loss=0.0000 (disabled)  score=0.618  return=-0.102  role_std=8.9292  role_norm=73.6848  enc_delta ego=0.0015 partner=0.0015 road=0.0023
[ROMA step 5,361,893,376] sps=207,320  policy_loss=-0.0050  value_loss=1.5203  mi_loss=0.0019  mi_valid=0.81  div_loss=-0.1582  kl_loss=0.0000 (disabled)  score=0.618  return=-0.105  role_std=8.4725  role_norm=73.3988  enc_delta ego=0.0018 partner=0.0020 road=0.0029
[ROMA step 5,362,679,808] sps=207,157  policy_loss=0.0030  value_loss=1.3044  mi_loss=0.0019  mi_valid=0.78  div_loss=-0.1553  kl_loss=0.0000 (disabled)  score=0.617  return=-0.103  role_std=10.1446  role_norm=71.6944  enc_delta ego=0.0015 partner=0.0017 road=0.0034
[ROMA step 5,363,466,240] sps=207,104  policy_loss=-0.0029  value_loss=1.4449  mi_loss=0.0019  mi_valid=0.81  div_loss=-0.1553  kl_loss=0.0000 (disabled)  score=0.616  return=-0.103  role_std=11.5382  role_norm=70.5272  enc_delta ego=0.0014 partner=0.0015 road=0.0022
[ROMA step 5,364,252,672] sps=207,052  policy_loss=0.0019  value_loss=1.2622  mi_loss=0.0022  mi_valid=0.81  div_loss=-0.1543  kl_loss=0.0000 (disabled)  score=0.616  return=-0.106  role_std=11.4161  role_norm=68.7964  enc_delta ego=0.0023 partner=0.0018 road=0.0026
[ROMA step 5,365,039,104] sps=206,887  policy_loss=0.0035  value_loss=1.5563  mi_loss=0.0019  mi_valid=0.80  div_loss=-0.1582  kl_loss=0.0000 (disabled)  score=0.616  return=-0.108  role_std=10.2851  role_norm=74.2509  enc_delta ego=0.0013 partner=0.0018 road=0.0027
[ROMA step 5,365,825,536] sps=206,835  policy_loss=0.0064  value_loss=1.2671  mi_loss=0.0019  mi_valid=0.80  div_loss=-0.1445  kl_loss=0.0000 (disabled)  score=0.615  return=-0.108  role_std=8.9913  role_norm=73.8051  enc_delta ego=0.0021 partner=0.0019 road=0.0029
[ROMA step 5,366,611,968] sps=206,783  policy_loss=-0.0018  value_loss=0.9720  mi_loss=0.0019  mi_valid=0.80  div_loss=-0.1357  kl_loss=0.0000 (disabled)  score=0.615  return=-0.106  role_std=10.2260  role_norm=72.6186  enc_delta ego=0.0017 partner=0.0018 road=0.0033
[ROMA step 5,367,398,400] sps=206,730  policy_loss=-0.0022  value_loss=0.7556  mi_loss=0.0019  mi_valid=0.81  div_loss=-0.1348  kl_loss=0.0000 (disabled)  score=0.613  return=-0.107  role_std=9.7509  role_norm=71.7209  enc_delta ego=0.0019 partner=0.0017 road=0.0029
[ROMA step 5,368,184,832] sps=206,540  policy_loss=0.0028  value_loss=1.2498  mi_loss=0.0019  mi_valid=0.78  div_loss=-0.1367  kl_loss=0.0000 (disabled)  score=0.612  return=-0.106  role_std=9.8400  role_norm=69.4553  enc_delta ego=0.0013 partner=0.0016 road=0.0023
[ROMA step 5,368,971,264] sps=206,488  policy_loss=-0.0047  value_loss=0.7275  mi_loss=0.0017  mi_valid=0.83  div_loss=-0.1270  kl_loss=0.0000 (disabled)  score=0.611  return=-0.104  role_std=8.1014  role_norm=74.6114  enc_delta ego=0.0013 partner=0.0015 road=0.0018
[ROMA step 5,369,757,696] sps=206,436  policy_loss=-0.0000  value_loss=1.2525  mi_loss=0.0017  mi_valid=0.83  div_loss=-0.1387  kl_loss=0.0000 (disabled)  score=0.611  return=-0.101  role_std=8.5190  role_norm=74.1640  enc_delta ego=0.0015 partner=0.0016 road=0.0023
[ROMA step 5,370,544,128] sps=206,234  policy_loss=0.0046  value_loss=1.2990  mi_loss=0.0017  mi_valid=0.78  div_loss=-0.1348  kl_loss=0.0000 (disabled)  score=0.611  return=-0.096  role_std=10.4804  role_norm=73.0989  enc_delta ego=0.0017 partner=0.0016 road=0.0026
[ROMA step 5,371,330,560] sps=206,182  policy_loss=-0.0014  value_loss=1.1182  mi_loss=0.0019  mi_valid=0.81  div_loss=-0.1504  kl_loss=0.0000 (disabled)  score=0.610  return=-0.099  role_std=10.7055  role_norm=71.8957  enc_delta ego=0.0017 partner=0.0019 road=0.0031
[ROMA step 5,372,116,992] sps=206,130  policy_loss=-0.0041  value_loss=1.4197  mi_loss=0.0018  mi_valid=0.81  div_loss=-0.1631  kl_loss=0.0000 (disabled)  score=0.610  return=-0.108  role_std=10.8654  role_norm=69.4682  enc_delta ego=0.0020 partner=0.0014 road=0.0023
[ROMA step 5,372,903,424] sps=206,078  policy_loss=0.0010  value_loss=0.9033  mi_loss=0.0017  mi_valid=0.81  div_loss=-0.1514  kl_loss=0.0000 (disabled)  score=0.610  return=-0.109  role_std=10.8882  role_norm=67.9833  enc_delta ego=0.0010 partner=0.0012 road=0.0020
[ROMA step 5,373,689,856] sps=205,887  policy_loss=0.0049  value_loss=1.3706  mi_loss=0.0017  mi_valid=0.81  div_loss=-0.1465  kl_loss=0.0000 (disabled)  score=0.609  return=-0.110  role_std=10.8746  role_norm=73.0938  enc_delta ego=0.0012 partner=0.0016 road=0.0023
[ROMA step 5,374,476,288] sps=205,838  policy_loss=0.0024  value_loss=1.1933  mi_loss=0.0017  mi_valid=0.81  div_loss=-0.1426  kl_loss=0.0000 (disabled)  score=0.609  return=-0.119  role_std=9.2436  role_norm=73.0192  enc_delta ego=0.0013 partner=0.0015 road=0.0023
[ROMA step 5,375,262,720] sps=205,787  policy_loss=0.0025  value_loss=1.2374  mi_loss=0.0017  mi_valid=0.81  div_loss=-0.1504  kl_loss=0.0000 (disabled)  score=0.608  return=-0.121  role_std=9.7555  role_norm=72.3228  enc_delta ego=0.0011 partner=0.0017 road=0.0026
[ROMA step 5,376,049,152] sps=205,602  policy_loss=-0.0006  value_loss=1.1857  mi_loss=0.0018  mi_valid=0.78  div_loss=-0.1611  kl_loss=0.0000 (disabled)  score=0.607  return=-0.126  role_std=10.0017  role_norm=69.3399  enc_delta ego=0.0011 partner=0.0017 road=0.0018
[ROMA step 5,376,835,584] sps=205,550  policy_loss=0.0039  value_loss=1.0702  mi_loss=0.0019  mi_valid=0.81  div_loss=-0.1377  kl_loss=0.0000 (disabled)  score=0.606  return=-0.132  role_std=11.0086  role_norm=67.4836  enc_delta ego=0.0015 partner=0.0020 road=0.0026
[ROMA step 5,377,622,016] sps=205,500  policy_loss=0.0020  value_loss=0.8390  mi_loss=0.0019  mi_valid=0.84  div_loss=-0.1279  kl_loss=0.0000 (disabled)  score=0.606  return=-0.131  role_std=8.3940  role_norm=74.3278  enc_delta ego=0.0012 partner=0.0017 road=0.0020
[ROMA step 5,378,408,448] sps=205,449  policy_loss=0.0039  value_loss=1.0271  mi_loss=0.0019  mi_valid=0.82  div_loss=-0.1338  kl_loss=0.0000 (disabled)  score=0.605  return=-0.132  role_std=7.9038  role_norm=74.4870  enc_delta ego=0.0016 partner=0.0023 road=0.0024
[ROMA step 5,379,194,880] sps=205,263  policy_loss=0.0019  value_loss=1.6258  mi_loss=0.0019  mi_valid=0.78  div_loss=-0.1426  kl_loss=0.0000 (disabled)  score=0.606  return=-0.133  role_std=10.6170  role_norm=72.4887  enc_delta ego=0.0012 partner=0.0017 road=0.0026
[ROMA step 5,379,981,312] sps=205,212  policy_loss=0.0027  value_loss=0.9073  mi_loss=0.0018  mi_valid=0.81  div_loss=-0.1289  kl_loss=0.0000 (disabled)  score=0.607  return=-0.131  role_std=8.9427  role_norm=71.2066  enc_delta ego=0.0013 partner=0.0017 road=0.0027
[ROMA step 5,380,767,744] sps=205,164  policy_loss=-0.0013  value_loss=0.7910  mi_loss=0.0019  mi_valid=0.81  div_loss=-0.1250  kl_loss=0.0000 (disabled)  score=0.607  return=-0.122  role_std=9.2534  role_norm=70.0246  enc_delta ego=0.0012 partner=0.0017 road=0.0024
[ROMA step 5,381,554,176] sps=205,116  policy_loss=-0.0039  value_loss=0.7814  mi_loss=0.0018  mi_valid=0.82  div_loss=-0.1240  kl_loss=0.0000 (disabled)  score=0.608  return=-0.117  role_std=9.1123  role_norm=69.3166  enc_delta ego=0.0012 partner=0.0015 road=0.0021
[ROMA step 5,382,340,608] sps=204,895  policy_loss=0.0010  value_loss=1.3258  mi_loss=0.0019  mi_valid=0.81  div_loss=-0.1455  kl_loss=0.0000 (disabled)  score=0.609  return=-0.116  role_std=9.0234  role_norm=74.3380  enc_delta ego=0.0016 partner=0.0015 road=0.0025
[ROMA step 5,383,127,040] sps=204,842  policy_loss=-0.0077  value_loss=0.9871  mi_loss=0.0018  mi_valid=0.80  div_loss=-0.1494  kl_loss=0.0000 (disabled)  score=0.610  return=-0.115  role_std=9.5050  role_norm=73.2357  enc_delta ego=0.0009 partner=0.0015 road=0.0022
[ROMA step 5,383,913,472] sps=204,792  policy_loss=-0.0007  value_loss=1.0977  mi_loss=0.0019  mi_valid=0.80  div_loss=-0.1416  kl_loss=0.0000 (disabled)  score=0.610  return=-0.107  role_std=11.1127  role_norm=71.5520  enc_delta ego=0.0013 partner=0.0018 road=0.0029
[ROMA step 5,384,699,904] sps=204,558  policy_loss=0.0041  value_loss=1.1205  mi_loss=0.0019  mi_valid=0.78  div_loss=-0.1357  kl_loss=0.0000 (disabled)  score=0.609  return=-0.105  role_std=11.0219  role_norm=68.8550  enc_delta ego=0.0011 partner=0.0016 road=0.0022
[ROMA step 5,385,486,336] sps=204,501  policy_loss=-0.0023  value_loss=1.3351  mi_loss=0.0019  mi_valid=0.82  div_loss=-0.1553  kl_loss=0.0000 (disabled)  score=0.608  return=-0.106  role_std=10.4920  role_norm=67.5488  enc_delta ego=0.0017 partner=0.0018 road=0.0022
[ROMA step 5,386,272,768] sps=204,442  policy_loss=0.0014  value_loss=1.2751  mi_loss=0.0018  mi_valid=0.83  div_loss=-0.1650  kl_loss=0.0000 (disabled)  score=0.608  return=-0.110  role_std=9.4963  role_norm=73.1632  enc_delta ego=0.0020 partner=0.0021 road=0.0030
[ROMA step 5,387,059,200] sps=204,388  policy_loss=0.0076  value_loss=1.2482  mi_loss=0.0017  mi_valid=0.81  div_loss=-0.1611  kl_loss=0.0000 (disabled)  score=0.608  return=-0.107  role_std=10.9738  role_norm=72.2041  enc_delta ego=0.0011 partner=0.0017 road=0.0022
[ROMA step 5,387,845,632] sps=204,196  policy_loss=0.0004  value_loss=1.0564  mi_loss=0.0020  mi_valid=0.78  div_loss=-0.1387  kl_loss=0.0000 (disabled)  score=0.608  return=-0.100  role_std=10.4950  role_norm=70.7634  enc_delta ego=0.0016 partner=0.0020 road=0.0026
[ROMA step 5,388,632,064] sps=204,143  policy_loss=-0.0039  value_loss=1.1117  mi_loss=0.0020  mi_valid=0.81  div_loss=-0.1367  kl_loss=0.0000 (disabled)  score=0.608  return=-0.094  role_std=9.6209  role_norm=70.3281  enc_delta ego=0.0020 partner=0.0017 road=0.0028
[ROMA step 5,389,418,496] sps=204,090  policy_loss=0.0033  value_loss=0.7502  mi_loss=0.0020  mi_valid=0.81  div_loss=-0.1328  kl_loss=0.0000 (disabled)  score=0.608  return=-0.086  role_std=9.2051  role_norm=69.3922  enc_delta ego=0.0017 partner=0.0018 road=0.0026
[ROMA step 5,390,204,928] sps=203,910  policy_loss=-0.0005  value_loss=1.0242  mi_loss=0.0019  mi_valid=0.81  div_loss=-0.1523  kl_loss=0.0000 (disabled)  score=0.607  return=-0.085  role_std=9.9579  role_norm=74.5518  enc_delta ego=0.0015 partner=0.0014 road=0.0021
[ROMA step 5,390,991,360] sps=203,857  policy_loss=0.0010  value_loss=1.7289  mi_loss=0.0019  mi_valid=0.80  div_loss=-0.1650  kl_loss=0.0000 (disabled)  score=0.607  return=-0.091  role_std=10.8076  role_norm=73.7875  enc_delta ego=0.0020 partner=0.0018 road=0.0028
[ROMA step 5,391,777,792] sps=203,804  policy_loss=0.0015  value_loss=0.9575  mi_loss=0.0018  mi_valid=0.81  div_loss=-0.1484  kl_loss=0.0000 (disabled)  score=0.606  return=-0.089  role_std=10.9287  role_norm=72.8123  enc_delta ego=0.0019 partner=0.0021 road=0.0029
[ROMA step 5,392,564,224] sps=203,752  policy_loss=-0.0025  value_loss=1.0683  mi_loss=0.0018  mi_valid=0.81  div_loss=-0.1455  kl_loss=0.0000 (disabled)  score=0.605  return=-0.086  role_std=11.4631  role_norm=71.9544  enc_delta ego=0.0014 partner=0.0015 road=0.0021
[ROMA step 5,393,350,656] sps=203,579  policy_loss=-0.0002  value_loss=0.7649  mi_loss=0.0018  mi_valid=0.79  div_loss=-0.1357  kl_loss=0.0000 (disabled)  score=0.603  return=-0.083  role_std=9.4456  role_norm=69.4442  enc_delta ego=0.0016 partner=0.0018 road=0.0025
[ROMA step 5,394,137,088] sps=203,524  policy_loss=0.0037  value_loss=1.1341  mi_loss=0.0018  mi_valid=0.83  div_loss=-0.1260  kl_loss=0.0000 (disabled)  score=0.602  return=-0.082  role_std=9.4553  role_norm=66.9440  enc_delta ego=0.0014 partner=0.0017 road=0.0024
[ROMA step 5,394,923,520] sps=203,472  policy_loss=-0.0051  value_loss=0.9414  mi_loss=0.0018  mi_valid=0.83  div_loss=-0.1426  kl_loss=0.0000 (disabled)  score=0.602  return=-0.082  role_std=8.5102  role_norm=74.6407  enc_delta ego=0.0016 partner=0.0019 road=0.0030
[ROMA step 5,395,709,952] sps=203,266  policy_loss=0.0051  value_loss=0.8476  mi_loss=0.0018  mi_valid=0.78  div_loss=-0.1387  kl_loss=0.0000 (disabled)  score=0.602  return=-0.081  role_std=8.6533  role_norm=73.3687  enc_delta ego=0.0018 partner=0.0017 road=0.0032
[ROMA step 5,396,496,384] sps=203,211  policy_loss=0.0031  value_loss=0.8270  mi_loss=0.0018  mi_valid=0.81  div_loss=-0.1299  kl_loss=0.0000 (disabled)  score=0.602  return=-0.076  role_std=9.3971  role_norm=72.3536  enc_delta ego=0.0023 partner=0.0018 road=0.0026
[ROMA step 5,397,282,816] sps=203,157  policy_loss=-0.0007  value_loss=0.7538  mi_loss=0.0018  mi_valid=0.81  div_loss=-0.1396  kl_loss=0.0000 (disabled)  score=0.602  return=-0.076  role_std=9.8131  role_norm=70.6109  enc_delta ego=0.0012 partner=0.0017 road=0.0020
[ROMA step 5,398,069,248] sps=203,105  policy_loss=0.0028  value_loss=0.8033  mi_loss=0.0018  mi_valid=0.81  div_loss=-0.1357  kl_loss=0.0000 (disabled)  score=0.601  return=-0.072  role_std=9.7332  role_norm=68.9743  enc_delta ego=0.0012 partner=0.0017 road=0.0022
[ROMA step 5,398,855,680] sps=202,928  policy_loss=-0.0002  value_loss=1.1559  mi_loss=0.0017  mi_valid=0.80  div_loss=-0.1582  kl_loss=0.0000 (disabled)  score=0.602  return=-0.071  role_std=10.7146  role_norm=74.2547  enc_delta ego=0.0017 partner=0.0018 road=0.0029
[ROMA step 5,399,642,112] sps=202,875  policy_loss=0.0027  value_loss=1.9577  mi_loss=0.0017  mi_valid=0.81  div_loss=-0.1787  kl_loss=0.0000 (disabled)  score=0.602  return=-0.075  role_std=11.4581  role_norm=73.5151  enc_delta ego=0.0017 partner=0.0022 road=0.0032
[ROMA step 5,400,428,544] sps=202,822  policy_loss=-0.0047  value_loss=1.6218  mi_loss=0.0017  mi_valid=0.80  div_loss=-0.1699  kl_loss=0.0000 (disabled)  score=0.604  return=-0.076  role_std=12.0367  role_norm=72.7561  enc_delta ego=0.0024 partner=0.0019 road=0.0028
[ROMA step 5,401,214,976] sps=202,661  policy_loss=-0.0007  value_loss=1.5455  mi_loss=0.0017  mi_valid=0.78  div_loss=-0.1572  kl_loss=0.0000 (disabled)  score=0.605  return=-0.080  role_std=11.0112  role_norm=70.1888  enc_delta ego=0.0011 partner=0.0014 road=0.0021
[ROMA step 5,402,001,408] sps=202,608  policy_loss=0.0062  value_loss=1.4381  mi_loss=0.0018  mi_valid=0.81  div_loss=-0.1436  kl_loss=0.0000 (disabled)  score=0.607  return=-0.074  role_std=12.1012  role_norm=68.5003  enc_delta ego=0.0018 partner=0.0017 road=0.0031
[ROMA step 5,402,787,840] sps=202,556  policy_loss=-0.0015  value_loss=1.1989  mi_loss=0.0018  mi_valid=0.83  div_loss=-0.1494  kl_loss=0.0000 (disabled)  score=0.609  return=-0.075  role_std=8.9194  role_norm=75.1717  enc_delta ego=0.0013 partner=0.0019 road=0.0029
[ROMA step 5,403,574,272] sps=202,505  policy_loss=-0.0025  value_loss=1.3318  mi_loss=0.0018  mi_valid=0.82  div_loss=-0.1553  kl_loss=0.0000 (disabled)  score=0.611  return=-0.073  role_std=9.1945  role_norm=74.6222  enc_delta ego=0.0015 partner=0.0017 road=0.0028
[ROMA step 5,404,360,704] sps=202,338  policy_loss=0.0017  value_loss=1.2423  mi_loss=0.0018  mi_valid=0.78  div_loss=-0.1416  kl_loss=0.0000 (disabled)  score=0.612  return=-0.072  role_std=9.9412  role_norm=72.6453  enc_delta ego=0.0022 partner=0.0019 road=0.0029
[ROMA step 5,405,147,136] sps=202,287  policy_loss=-0.0041  value_loss=0.9521  mi_loss=0.0018  mi_valid=0.81  div_loss=-0.1436  kl_loss=0.0000 (disabled)  score=0.613  return=-0.070  role_std=9.6764  role_norm=71.8821  enc_delta ego=0.0029 partner=0.0019 road=0.0028
[ROMA step 5,405,933,568] sps=202,233  policy_loss=-0.0031  value_loss=1.2609  mi_loss=0.0018  mi_valid=0.81  div_loss=-0.1465  kl_loss=0.0000 (disabled)  score=0.614  return=-0.075  role_std=10.0872  role_norm=70.3982  enc_delta ego=0.0017 partner=0.0017 road=0.0026
[ROMA step 5,406,720,000] sps=202,179  policy_loss=-0.0011  value_loss=1.2280  mi_loss=0.0017  mi_valid=0.81  div_loss=-0.1523  kl_loss=0.0000 (disabled)  score=0.614  return=-0.076  role_std=10.0535  role_norm=68.3536  enc_delta ego=0.0016 partner=0.0015 road=0.0019
[ROMA step 5,407,506,432] sps=201,986  policy_loss=0.0021  value_loss=1.0984  mi_loss=0.0017  mi_valid=0.82  div_loss=-0.1455  kl_loss=0.0000 (disabled)  score=0.614  return=-0.075  role_std=10.3029  role_norm=73.7640  enc_delta ego=0.0017 partner=0.0016 road=0.0027
[ROMA step 5,408,292,864] sps=201,933  policy_loss=0.0042  value_loss=0.9820  mi_loss=0.0017  mi_valid=0.81  div_loss=-0.1426  kl_loss=0.0000 (disabled)  score=0.613  return=-0.082  role_std=8.7996  role_norm=73.3808  enc_delta ego=0.0015 partner=0.0017 road=0.0027
[ROMA step 5,409,079,296] sps=201,882  policy_loss=0.0038  value_loss=1.0120  mi_loss=0.0018  mi_valid=0.81  div_loss=-0.1455  kl_loss=0.0000 (disabled)  score=0.613  return=-0.085  role_std=11.2286  role_norm=72.7102  enc_delta ego=0.0018 partner=0.0018 road=0.0028
[ROMA step 5,409,865,728] sps=201,687  policy_loss=0.0046  value_loss=1.5188  mi_loss=0.0018  mi_valid=0.78  div_loss=-0.1592  kl_loss=0.0000 (disabled)  score=0.613  return=-0.092  role_std=11.0964  role_norm=70.0455  enc_delta ego=0.0015 partner=0.0017 road=0.0028
[ROMA step 5,410,652,160] sps=201,635  policy_loss=0.0043  value_loss=0.9608  mi_loss=0.0018  mi_valid=0.81  div_loss=-0.1523  kl_loss=0.0000 (disabled)  score=0.613  return=-0.089  role_std=11.1785  role_norm=68.1137  enc_delta ego=0.0019 partner=0.0019 road=0.0030
[ROMA step 5,411,438,592] sps=201,584  policy_loss=-0.0028  value_loss=1.0393  mi_loss=0.0018  mi_valid=0.83  div_loss=-0.1602  kl_loss=0.0000 (disabled)  score=0.613  return=-0.090  role_std=9.3087  role_norm=74.9102  enc_delta ego=0.0021 partner=0.0015 road=0.0026
[ROMA step 5,412,225,024] sps=201,534  policy_loss=-0.0058  value_loss=1.2862  mi_loss=0.0018  mi_valid=0.81  div_loss=-0.1699  kl_loss=0.0000 (disabled)  score=0.613  return=-0.092  role_std=11.0911  role_norm=73.7987  enc_delta ego=0.0017 partner=0.0019 road=0.0034
[ROMA step 5,413,011,456] sps=201,371  policy_loss=-0.0003  value_loss=2.1024  mi_loss=0.0021  mi_valid=0.78  div_loss=-0.1719  kl_loss=0.0000 (disabled)  score=0.614  return=-0.099  role_std=13.9333  role_norm=71.9613  enc_delta ego=0.0023 partner=0.0021 road=0.0034
[ROMA step 5,413,797,888] sps=201,323  policy_loss=0.0014  value_loss=1.3463  mi_loss=0.0020  mi_valid=0.81  div_loss=-0.1504  kl_loss=0.0000 (disabled)  score=0.615  return=-0.101  role_std=11.5596  role_norm=71.9020  enc_delta ego=0.0020 partner=0.0017 road=0.0028
[ROMA step 5,414,584,320] sps=201,272  policy_loss=0.0062  value_loss=1.2501  mi_loss=0.0021  mi_valid=0.81  div_loss=-0.1484  kl_loss=0.0000 (disabled)  score=0.616  return=-0.100  role_std=10.2860  role_norm=70.6775  enc_delta ego=0.0013 partner=0.0012 road=0.0022
[ROMA step 5,415,370,752] sps=201,112  policy_loss=-0.0027  value_loss=1.3494  mi_loss=0.0021  mi_valid=0.80  div_loss=-0.1514  kl_loss=0.0000 (disabled)  score=0.617  return=-0.103  role_std=8.2745  role_norm=75.4477  enc_delta ego=0.0015 partner=0.0017 road=0.0030
[ROMA step 5,416,157,184] sps=201,061  policy_loss=0.0003  value_loss=0.9913  mi_loss=0.0019  mi_valid=0.81  div_loss=-0.1455  kl_loss=0.0000 (disabled)  score=0.617  return=-0.102  role_std=9.8589  role_norm=74.5553  enc_delta ego=0.0023 partner=0.0020 road=0.0032
[ROMA step 5,416,943,616] sps=201,011  policy_loss=0.0106  value_loss=1.3380  mi_loss=0.0019  mi_valid=0.80  div_loss=-0.1602  kl_loss=0.0000 (disabled)  score=0.618  return=-0.105  role_std=10.2479  role_norm=74.0655  enc_delta ego=0.0014 partner=0.0016 road=0.0026
[ROMA step 5,417,730,048] sps=200,961  policy_loss=-0.0012  value_loss=0.8888  mi_loss=0.0019  mi_valid=0.80  div_loss=-0.1553  kl_loss=0.0000 (disabled)  score=0.620  return=-0.105  role_std=11.0925  role_norm=72.6358  enc_delta ego=0.0014 partner=0.0015 road=0.0026
[ROMA step 5,418,516,480] sps=200,799  policy_loss=-0.0044  value_loss=1.2190  mi_loss=0.0017  mi_valid=0.78  div_loss=-0.1484  kl_loss=0.0000 (disabled)  score=0.622  return=-0.102  role_std=10.1441  role_norm=70.1274  enc_delta ego=0.0012 partner=0.0014 road=0.0021
[ROMA step 5,419,302,912] sps=200,749  policy_loss=-0.0011  value_loss=0.7384  mi_loss=0.0018  mi_valid=0.82  div_loss=-0.1357  kl_loss=0.0000 (disabled)  score=0.623  return=-0.096  role_std=9.3357  role_norm=68.9368  enc_delta ego=0.0013 partner=0.0015 road=0.0023
[ROMA step 5,420,089,344] sps=200,698  policy_loss=0.0009  value_loss=0.7137  mi_loss=0.0017  mi_valid=0.83  div_loss=-0.1318  kl_loss=0.0000 (disabled)  score=0.624  return=-0.092  role_std=8.4737  role_norm=75.3441  enc_delta ego=0.0013 partner=0.0015 road=0.0019
[ROMA step 5,420,875,776] sps=200,492  policy_loss=-0.0054  value_loss=1.3502  mi_loss=0.0018  mi_valid=0.78  div_loss=-0.1426  kl_loss=0.0000 (disabled)  score=0.625  return=-0.090  role_std=10.8208  role_norm=73.5442  enc_delta ego=0.0012 partner=0.0018 road=0.0022
[ROMA step 5,421,662,208] sps=200,435  policy_loss=-0.0010  value_loss=1.2031  mi_loss=0.0019  mi_valid=0.81  div_loss=-0.1523  kl_loss=0.0000 (disabled)  score=0.626  return=-0.092  role_std=12.7246  role_norm=72.5491  enc_delta ego=0.0014 partner=0.0017 road=0.0026
[ROMA step 5,422,448,640] sps=200,382  policy_loss=0.0027  value_loss=1.3362  mi_loss=0.0017  mi_valid=0.81  div_loss=-0.1475  kl_loss=0.0000 (disabled)  score=0.626  return=-0.094  role_std=10.5136  role_norm=71.1526  enc_delta ego=0.0014 partner=0.0015 road=0.0026
[ROMA step 5,423,235,072] sps=200,332  policy_loss=0.0040  value_loss=1.2600  mi_loss=0.0018  mi_valid=0.81  div_loss=-0.1553  kl_loss=0.0000 (disabled)  score=0.626  return=-0.100  role_std=11.3117  role_norm=69.5466  enc_delta ego=0.0014 partner=0.0016 road=0.0028
[ROMA step 5,424,021,504] sps=200,123  policy_loss=-0.0034  value_loss=1.3669  mi_loss=0.0017  mi_valid=0.80  div_loss=-0.1543  kl_loss=0.0000 (disabled)  score=0.626  return=-0.106  role_std=8.3573  role_norm=74.8077  enc_delta ego=0.0021 partner=0.0017 road=0.0031
[ROMA step 5,424,807,936] sps=200,071  policy_loss=-0.0019  value_loss=0.9970  mi_loss=0.0017  mi_valid=0.80  div_loss=-0.1553  kl_loss=0.0000 (disabled)  score=0.626  return=-0.109  role_std=9.4646  role_norm=73.5883  enc_delta ego=0.0016 partner=0.0018 road=0.0032
[ROMA step 5,425,594,368] sps=200,022  policy_loss=-0.0037  value_loss=1.1639  mi_loss=0.0017  mi_valid=0.80  div_loss=-0.1543  kl_loss=0.0000 (disabled)  score=0.627  return=-0.112  role_std=10.7105  role_norm=72.6984  enc_delta ego=0.0017 partner=0.0018 road=0.0025
[ROMA step 5,426,380,800] sps=199,875  policy_loss=0.0047  value_loss=1.2537  mi_loss=0.0017  mi_valid=0.77  div_loss=-0.1523  kl_loss=0.0000 (disabled)  score=0.629  return=-0.117  role_std=10.3258  role_norm=71.1741  enc_delta ego=0.0015 partner=0.0016 road=0.0024
[ROMA step 5,427,167,232] sps=199,825  policy_loss=-0.0006  value_loss=1.5798  mi_loss=0.0016  mi_valid=0.81  div_loss=-0.1553  kl_loss=0.0000 (disabled)  score=0.630  return=-0.115  role_std=8.9576  role_norm=69.8777  enc_delta ego=0.0016 partner=0.0017 road=0.0026
[ROMA step 5,427,953,664] sps=199,775  policy_loss=0.0015  value_loss=1.0548  mi_loss=0.0016  mi_valid=0.83  div_loss=-0.1445  kl_loss=0.0000 (disabled)  score=0.632  return=-0.103  role_std=9.2956  role_norm=75.3233  enc_delta ego=0.0016 partner=0.0018 road=0.0031
[ROMA step 5,428,740,096] sps=199,725  policy_loss=0.0001  value_loss=0.9868  mi_loss=0.0017  mi_valid=0.83  div_loss=-0.1543  kl_loss=0.0000 (disabled)  score=0.632  return=-0.099  role_std=9.6783  role_norm=74.6243  enc_delta ego=0.0015 partner=0.0014 road=0.0026
[ROMA step 5,429,526,528] sps=199,459  policy_loss=0.0008  value_loss=1.2163  mi_loss=0.0017  mi_valid=0.77  div_loss=-0.1475  kl_loss=0.0000 (disabled)  score=0.634  return=-0.095  role_std=12.2742  role_norm=72.8306  enc_delta ego=0.0015 partner=0.0019 road=0.0028
[ROMA step 5,430,312,960] sps=199,409  policy_loss=-0.0025  value_loss=0.8990  mi_loss=0.0019  mi_valid=0.80  div_loss=-0.1445  kl_loss=0.0000 (disabled)  score=0.635  return=-0.089  role_std=10.6616  role_norm=72.5443  enc_delta ego=0.0022 partner=0.0016 road=0.0025
[ROMA step 5,431,099,392] sps=199,358  policy_loss=0.0009  value_loss=0.7959  mi_loss=0.0018  mi_valid=0.80  div_loss=-0.1377  kl_loss=0.0000 (disabled)  score=0.637  return=-0.082  role_std=10.3942  role_norm=71.5748  enc_delta ego=0.0013 partner=0.0014 road=0.0023
[ROMA step 5,431,885,824] sps=199,148  policy_loss=-0.0032  value_loss=1.1637  mi_loss=0.0017  mi_valid=0.80  div_loss=-0.1494  kl_loss=0.0000 (disabled)  score=0.638  return=-0.081  role_std=9.8876  role_norm=70.3388  enc_delta ego=0.0012 partner=0.0016 road=0.0022
[ROMA step 5,432,672,256] sps=199,098  policy_loss=-0.0009  value_loss=1.4213  mi_loss=0.0017  mi_valid=0.83  div_loss=-0.1602  kl_loss=0.0000 (disabled)  score=0.638  return=-0.083  role_std=9.0906  role_norm=74.7224  enc_delta ego=0.0017 partner=0.0020 road=0.0030
[ROMA step 5,433,458,688] sps=199,050  policy_loss=0.0010  value_loss=1.1073  mi_loss=0.0018  mi_valid=0.80  div_loss=-0.1523  kl_loss=0.0000 (disabled)  score=0.640  return=-0.083  role_std=10.6041  role_norm=73.6190  enc_delta ego=0.0013 partner=0.0017 road=0.0023
[ROMA step 5,434,245,120] sps=198,994  policy_loss=-0.0010  value_loss=1.2711  mi_loss=0.0018  mi_valid=0.80  div_loss=-0.1523  kl_loss=0.0000 (disabled)  score=0.641  return=-0.082  role_std=10.6339  role_norm=72.8122  enc_delta ego=0.0013 partner=0.0015 road=0.0026
[ROMA step 5,435,031,552] sps=198,438  policy_loss=-0.0011  value_loss=1.1379  mi_loss=0.0019  mi_valid=0.78  div_loss=-0.1475  kl_loss=0.0000 (disabled)  score=0.641  return=-0.082  role_std=10.1072  role_norm=70.3243  enc_delta ego=0.0015 partner=0.0014 road=0.0028
[ROMA step 5,435,817,984] sps=198,390  policy_loss=0.0061  value_loss=0.9693  mi_loss=0.0017  mi_valid=0.81  div_loss=-0.1426  kl_loss=0.0000 (disabled)  score=0.641  return=-0.075  role_std=9.5026  role_norm=68.5900  enc_delta ego=0.0014 partner=0.0018 road=0.0034
[ROMA step 5,436,604,416] sps=198,341  policy_loss=0.0008  value_loss=0.9073  mi_loss=0.0022  mi_valid=0.84  div_loss=-0.1377  kl_loss=0.0000 (disabled)  score=0.642  return=-0.073  role_std=9.5524  role_norm=74.5368  enc_delta ego=0.0012 partner=0.0013 road=0.0023
[ROMA step 5,437,390,848] sps=198,293  policy_loss=0.0032  value_loss=1.3173  mi_loss=0.0018  mi_valid=0.83  div_loss=-0.1484  kl_loss=0.0000 (disabled)  score=0.642  return=-0.071  role_std=10.0972  role_norm=73.9088  enc_delta ego=0.0016 partner=0.0017 road=0.0033
[ROMA step 5,438,177,280] sps=197,802  policy_loss=0.0064  value_loss=1.3465  mi_loss=0.0019  mi_valid=0.79  div_loss=-0.1514  kl_loss=0.0000 (disabled)  score=0.640  return=-0.072  role_std=11.0087  role_norm=72.0479  enc_delta ego=0.0013 partner=0.0019 road=0.0034
[ROMA step 5,438,963,712] sps=197,755  policy_loss=-0.0027  value_loss=1.2328  mi_loss=0.0020  mi_valid=0.82  div_loss=-0.1523  kl_loss=0.0000 (disabled)  score=0.638  return=-0.080  role_std=11.4191  role_norm=71.7961  enc_delta ego=0.0011 partner=0.0017 road=0.0022
[ROMA step 5,439,750,144] sps=197,706  policy_loss=-0.0026  value_loss=1.2086  mi_loss=0.0018  mi_valid=0.82  div_loss=-0.1543  kl_loss=0.0000 (disabled)  score=0.635  return=-0.083  role_std=9.3505  role_norm=70.8156  enc_delta ego=0.0010 partner=0.0017 road=0.0022
[ROMA step 5,440,536,576] sps=197,474  policy_loss=-0.0002  value_loss=1.0182  mi_loss=0.0018  mi_valid=0.82  div_loss=-0.1475  kl_loss=0.0000 (disabled)  score=0.634  return=-0.083  role_std=9.9867  role_norm=74.6600  enc_delta ego=0.0013 partner=0.0018 road=0.0029
[ROMA step 5,441,323,008] sps=197,429  policy_loss=-0.0040  value_loss=0.8745  mi_loss=0.0018  mi_valid=0.83  div_loss=-0.1484  kl_loss=0.0000 (disabled)  score=0.631  return=-0.074  role_std=10.6782  role_norm=74.4087  enc_delta ego=0.0015 partner=0.0019 road=0.0028
[ROMA step 5,442,109,440] sps=197,384  policy_loss=-0.0034  value_loss=0.8532  mi_loss=0.0021  mi_valid=0.81  div_loss=-0.1377  kl_loss=0.0000 (disabled)  score=0.630  return=-0.071  role_std=9.4352  role_norm=74.1514  enc_delta ego=0.0019 partner=0.0018 road=0.0027
[ROMA step 5,442,895,872] sps=197,336  policy_loss=0.0009  value_loss=0.7458  mi_loss=0.0019  mi_valid=0.81  div_loss=-0.1299  kl_loss=0.0000 (disabled)  score=0.628  return=-0.066  role_std=10.1637  role_norm=73.4394  enc_delta ego=0.0017 partner=0.0016 road=0.0026
[ROMA step 5,443,682,304] sps=196,803  policy_loss=-0.0001  value_loss=1.2475  mi_loss=0.0021  mi_valid=0.78  div_loss=-0.1504  kl_loss=0.0000 (disabled)  score=0.627  return=-0.071  role_std=11.4864  role_norm=71.7983  enc_delta ego=0.0017 partner=0.0016 road=0.0027
[ROMA step 5,444,468,736] sps=196,754  policy_loss=0.0023  value_loss=1.2806  mi_loss=0.0018  mi_valid=0.82  div_loss=-0.1562  kl_loss=0.0000 (disabled)  score=0.627  return=-0.078  role_std=10.9822  role_norm=70.2029  enc_delta ego=0.0019 partner=0.0015 road=0.0022
[ROMA step 5,445,255,168] sps=196,704  policy_loss=-0.0006  value_loss=1.5022  mi_loss=0.0019  mi_valid=0.84  div_loss=-0.1680  kl_loss=0.0000 (disabled)  score=0.627  return=-0.082  role_std=11.3592  role_norm=75.2814  enc_delta ego=0.0016 partner=0.0014 road=0.0021
[ROMA step 5,446,041,600] sps=196,464  policy_loss=-0.0085  value_loss=1.4051  mi_loss=0.0020  mi_valid=0.78  div_loss=-0.1611  kl_loss=0.0000 (disabled)  score=0.625  return=-0.091  role_std=10.2347  role_norm=74.6792  enc_delta ego=0.0015 partner=0.0014 road=0.0024
[ROMA step 5,446,828,032] sps=196,419  policy_loss=-0.0028  value_loss=1.5600  mi_loss=0.0019  mi_valid=0.81  div_loss=-0.1650  kl_loss=0.0000 (disabled)  score=0.624  return=-0.096  role_std=12.0464  role_norm=73.7386  enc_delta ego=0.0023 partner=0.0017 road=0.0027
[ROMA step 5,447,614,464] sps=196,370  policy_loss=-0.0012  value_loss=1.1890  mi_loss=0.0021  mi_valid=0.81  div_loss=-0.1670  kl_loss=0.0000 (disabled)  score=0.623  return=-0.108  role_std=11.2587  role_norm=72.1654  enc_delta ego=0.0025 partner=0.0014 road=0.0027
[ROMA step 5,448,400,896] sps=196,322  policy_loss=0.0050  value_loss=1.5032  mi_loss=0.0021  mi_valid=0.81  div_loss=-0.1650  kl_loss=0.0000 (disabled)  score=0.622  return=-0.116  role_std=12.5359  role_norm=69.6239  enc_delta ego=0.0020 partner=0.0018 road=0.0025
[ROMA step 5,449,187,328] sps=196,146  policy_loss=0.0011  value_loss=1.2807  mi_loss=0.0019  mi_valid=0.81  div_loss=-0.1611  kl_loss=0.0000 (disabled)  score=0.621  return=-0.119  role_std=11.2570  role_norm=74.0029  enc_delta ego=0.0013 partner=0.0014 road=0.0028
[ROMA step 5,449,973,760] sps=196,099  policy_loss=-0.0019  value_loss=1.2697  mi_loss=0.0018  mi_valid=0.80  div_loss=-0.1602  kl_loss=0.0000 (disabled)  score=0.622  return=-0.117  role_std=11.5244  role_norm=73.8554  enc_delta ego=0.0012 partner=0.0017 road=0.0023
[ROMA step 5,450,760,192] sps=196,051  policy_loss=0.0031  value_loss=1.2408  mi_loss=0.0021  mi_valid=0.81  div_loss=-0.1553  kl_loss=0.0000 (disabled)  score=0.622  return=-0.118  role_std=10.9540  role_norm=73.5826  enc_delta ego=0.0020 partner=0.0018 road=0.0024
[ROMA step 5,451,546,624] sps=195,883  policy_loss=-0.0057  value_loss=1.0311  mi_loss=0.0020  mi_valid=0.78  div_loss=-0.1406  kl_loss=0.0000 (disabled)  score=0.622  return=-0.113  role_std=10.7875  role_norm=72.2984  enc_delta ego=0.0010 partner=0.0013 road=0.0015
[ROMA step 5,452,333,056] sps=195,835  policy_loss=0.0052  value_loss=1.2534  mi_loss=0.0020  mi_valid=0.81  div_loss=-0.1475  kl_loss=0.0000 (disabled)  score=0.622  return=-0.114  role_std=9.8441  role_norm=71.3854  enc_delta ego=0.0015 partner=0.0019 road=0.0031
[ROMA step 5,453,119,488] sps=195,788  policy_loss=0.0018  value_loss=1.1167  mi_loss=0.0019  mi_valid=0.82  div_loss=-0.1484  kl_loss=0.0000 (disabled)  score=0.621  return=-0.115  role_std=10.6347  role_norm=68.1169  enc_delta ego=0.0010 partner=0.0015 road=0.0023
[ROMA step 5,453,905,920] sps=195,740  policy_loss=0.0005  value_loss=1.0698  mi_loss=0.0020  mi_valid=0.82  div_loss=-0.1475  kl_loss=0.0000 (disabled)  score=0.622  return=-0.111  role_std=10.6951  role_norm=75.7634  enc_delta ego=0.0012 partner=0.0015 road=0.0025
[ROMA step 5,454,692,352] sps=195,568  policy_loss=0.0004  value_loss=1.8804  mi_loss=0.0019  mi_valid=0.77  div_loss=-0.1689  kl_loss=0.0000 (disabled)  score=0.621  return=-0.111  role_std=12.0151  role_norm=74.2551  enc_delta ego=0.0016 partner=0.0015 road=0.0029
[ROMA step 5,455,478,784] sps=195,524  policy_loss=0.0002  value_loss=1.7326  mi_loss=0.0019  mi_valid=0.80  div_loss=-0.1777  kl_loss=0.0000 (disabled)  score=0.621  return=-0.116  role_std=11.5621  role_norm=73.1298  enc_delta ego=0.0015 partner=0.0017 road=0.0025
[ROMA step 5,456,265,216] sps=195,479  policy_loss=0.0041  value_loss=1.6509  mi_loss=0.0019  mi_valid=0.81  div_loss=-0.1729  kl_loss=0.0000 (disabled)  score=0.620  return=-0.123  role_std=13.1338  role_norm=71.8078  enc_delta ego=0.0022 partner=0.0015 road=0.0027
[ROMA step 5,457,051,648] sps=195,329  policy_loss=-0.0025  value_loss=2.0660  mi_loss=0.0020  mi_valid=0.80  div_loss=-0.1816  kl_loss=0.0000 (disabled)  score=0.619  return=-0.131  role_std=12.2157  role_norm=67.4346  enc_delta ego=0.0015 partner=0.0017 road=0.0024
[ROMA step 5,457,838,080] sps=195,286  policy_loss=0.0010  value_loss=1.6066  mi_loss=0.0020  mi_valid=0.84  div_loss=-0.1631  kl_loss=0.0000 (disabled)  score=0.617  return=-0.136  role_std=10.8164  role_norm=75.4715  enc_delta ego=0.0014 partner=0.0016 road=0.0024
[ROMA step 5,458,624,512] sps=195,242  policy_loss=0.0005  value_loss=1.5281  mi_loss=0.0021  mi_valid=0.81  div_loss=-0.1504  kl_loss=0.0000 (disabled)  score=0.616  return=-0.142  role_std=11.5012  role_norm=74.8643  enc_delta ego=0.0015 partner=0.0017 road=0.0026
[ROMA step 5,459,410,944] sps=195,197  policy_loss=0.0020  value_loss=0.9252  mi_loss=0.0021  mi_valid=0.81  div_loss=-0.1377  kl_loss=0.0000 (disabled)  score=0.615  return=-0.148  role_std=9.7198  role_norm=74.5102  enc_delta ego=0.0019 partner=0.0018 road=0.0025
[ROMA step 5,460,197,376] sps=195,040  policy_loss=0.0059  value_loss=1.0211  mi_loss=0.0019  mi_valid=0.78  div_loss=-0.1436  kl_loss=0.0000 (disabled)  score=0.614  return=-0.144  role_std=10.6637  role_norm=71.8486  enc_delta ego=0.0016 partner=0.0015 road=0.0023
[ROMA step 5,460,983,808] sps=194,996  policy_loss=-0.0007  value_loss=1.5893  mi_loss=0.0018  mi_valid=0.81  div_loss=-0.1562  kl_loss=0.0000 (disabled)  score=0.613  return=-0.149  role_std=11.0957  role_norm=70.8326  enc_delta ego=0.0011 partner=0.0014 road=0.0022
[ROMA step 5,461,770,240] sps=194,950  policy_loss=-0.0051  value_loss=1.0023  mi_loss=0.0018  mi_valid=0.83  div_loss=-0.1406  kl_loss=0.0000 (disabled)  score=0.612  return=-0.150  role_std=8.9764  role_norm=76.0577  enc_delta ego=0.0014 partner=0.0014 road=0.0019
[ROMA step 5,462,556,672] sps=194,906  policy_loss=0.0008  value_loss=1.0944  mi_loss=0.0018  mi_valid=0.83  div_loss=-0.1484  kl_loss=0.0000 (disabled)  score=0.611  return=-0.152  role_std=10.0067  role_norm=75.8925  enc_delta ego=0.0010 partner=0.0013 road=0.0019
[ROMA step 5,463,343,104] sps=194,736  policy_loss=-0.0047  value_loss=1.4723  mi_loss=0.0020  mi_valid=0.78  div_loss=-0.1631  kl_loss=0.0000 (disabled)  score=0.611  return=-0.154  role_std=10.7744  role_norm=74.9376  enc_delta ego=0.0015 partner=0.0019 road=0.0030
[ROMA step 5,464,129,536] sps=194,692  policy_loss=-0.0001  value_loss=1.3521  mi_loss=0.0022  mi_valid=0.81  div_loss=-0.1543  kl_loss=0.0000 (disabled)  score=0.612  return=-0.158  role_std=12.3856  role_norm=73.5466  enc_delta ego=0.0016 partner=0.0013 road=0.0022
[ROMA step 5,464,915,968] sps=194,647  policy_loss=-0.0057  value_loss=1.1480  mi_loss=0.0020  mi_valid=0.81  div_loss=-0.1611  kl_loss=0.0000 (disabled)  score=0.614  return=-0.163  role_std=11.6911  role_norm=71.9508  enc_delta ego=0.0017 partner=0.0018 road=0.0026
[ROMA step 5,465,702,400] sps=194,473  policy_loss=-0.0024  value_loss=0.9110  mi_loss=0.0024  mi_valid=0.80  div_loss=-0.1387  kl_loss=0.0000 (disabled)  score=0.615  return=-0.164  role_std=7.7399  role_norm=76.5886  enc_delta ego=0.0015 partner=0.0017 road=0.0021
[ROMA step 5,466,488,832] sps=194,430  policy_loss=-0.0040  value_loss=1.1219  mi_loss=0.0021  mi_valid=0.82  div_loss=-0.1465  kl_loss=0.0000 (disabled)  score=0.618  return=-0.155  role_std=10.7250  role_norm=75.4263  enc_delta ego=0.0016 partner=0.0016 road=0.0028
[ROMA step 5,467,275,264] sps=194,388  policy_loss=0.0007  value_loss=1.7187  mi_loss=0.0020  mi_valid=0.80  div_loss=-0.1523  kl_loss=0.0000 (disabled)  score=0.621  return=-0.149  role_std=11.4403  role_norm=74.5357  enc_delta ego=0.0020 partner=0.0016 road=0.0023
[ROMA step 5,468,061,696] sps=194,344  policy_loss=-0.0013  value_loss=1.4529  mi_loss=0.0020  mi_valid=0.80  div_loss=-0.1533  kl_loss=0.0000 (disabled)  score=0.624  return=-0.146  role_std=11.3361  role_norm=73.4260  enc_delta ego=0.0013 partner=0.0017 road=0.0026
[ROMA step 5,468,848,128] sps=194,171  policy_loss=0.0048  value_loss=1.2723  mi_loss=0.0019  mi_valid=0.78  div_loss=-0.1484  kl_loss=0.0000 (disabled)  score=0.627  return=-0.147  role_std=11.1029  role_norm=71.6581  enc_delta ego=0.0018 partner=0.0021 road=0.0035
[ROMA step 5,469,634,560] sps=194,127  policy_loss=0.0005  value_loss=1.0546  mi_loss=0.0018  mi_valid=0.81  div_loss=-0.1377  kl_loss=0.0000 (disabled)  score=0.629  return=-0.147  role_std=10.0147  role_norm=70.7484  enc_delta ego=0.0014 partner=0.0017 road=0.0024
[ROMA step 5,470,420,992] sps=194,083  policy_loss=-0.0009  value_loss=1.1768  mi_loss=0.0018  mi_valid=0.83  div_loss=-0.1475  kl_loss=0.0000 (disabled)  score=0.631  return=-0.150  role_std=9.8253  role_norm=76.0938  enc_delta ego=0.0019 partner=0.0019 road=0.0029
[ROMA step 5,471,207,424] sps=193,925  policy_loss=0.0011  value_loss=1.1531  mi_loss=0.0018  mi_valid=0.79  div_loss=-0.1387  kl_loss=0.0000 (disabled)  score=0.633  return=-0.152  role_std=9.2851  role_norm=75.5362  enc_delta ego=0.0015 partner=0.0019 road=0.0026
[ROMA step 5,471,993,856] sps=193,881  policy_loss=0.0061  value_loss=1.0848  mi_loss=0.0020  mi_valid=0.81  div_loss=-0.1406  kl_loss=0.0000 (disabled)  score=0.633  return=-0.143  role_std=8.9275  role_norm=74.3555  enc_delta ego=0.0015 partner=0.0019 road=0.0023
[ROMA step 5,472,780,288] sps=193,837  policy_loss=0.0002  value_loss=0.9620  mi_loss=0.0020  mi_valid=0.81  div_loss=-0.1416  kl_loss=0.0000 (disabled)  score=0.633  return=-0.133  role_std=10.0748  role_norm=72.7007  enc_delta ego=0.0016 partner=0.0017 road=0.0024
[ROMA step 5,473,566,720] sps=193,793  policy_loss=-0.0002  value_loss=0.8940  mi_loss=0.0020  mi_valid=0.81  div_loss=-0.1416  kl_loss=0.0000 (disabled)  score=0.633  return=-0.123  role_std=11.9012  role_norm=70.9307  enc_delta ego=0.0017 partner=0.0014 road=0.0020
[ROMA step 5,474,353,152] sps=193,445  policy_loss=-0.0021  value_loss=0.9638  mi_loss=0.0019  mi_valid=0.80  div_loss=-0.1357  kl_loss=0.0000 (disabled)  score=0.633  return=-0.121  role_std=9.0294  role_norm=75.8929  enc_delta ego=0.0015 partner=0.0016 road=0.0020
[ROMA step 5,475,139,584] sps=193,394  policy_loss=-0.0044  value_loss=1.2330  mi_loss=0.0018  mi_valid=0.81  div_loss=-0.1348  kl_loss=0.0000 (disabled)  score=0.634  return=-0.113  role_std=8.6802  role_norm=75.8172  enc_delta ego=0.0016 partner=0.0015 road=0.0023
[ROMA step 5,475,926,016] sps=193,350  policy_loss=-0.0028  value_loss=1.0375  mi_loss=0.0018  mi_valid=0.81  div_loss=-0.1289  kl_loss=0.0000 (disabled)  score=0.635  return=-0.104  role_std=8.6776  role_norm=75.0257  enc_delta ego=0.0010 partner=0.0013 road=0.0020
[ROMA step 5,476,712,448] sps=193,001  policy_loss=0.0038  value_loss=1.1016  mi_loss=0.0019  mi_valid=0.78  div_loss=-0.1328  kl_loss=0.0000 (disabled)  score=0.636  return=-0.091  role_std=9.6223  role_norm=72.6684  enc_delta ego=0.0013 partner=0.0014 road=0.0022
[ROMA step 5,477,498,880] sps=192,958  policy_loss=0.0029  value_loss=1.3857  mi_loss=0.0019  mi_valid=0.81  div_loss=-0.1504  kl_loss=0.0000 (disabled)  score=0.635  return=-0.098  role_std=10.4020  role_norm=70.8824  enc_delta ego=0.0011 partner=0.0014 road=0.0021
[ROMA step 5,478,285,312] sps=192,911  policy_loss=0.0051  value_loss=1.1925  mi_loss=0.0019  mi_valid=0.82  div_loss=-0.1602  kl_loss=0.0000 (disabled)  score=0.635  return=-0.103  role_std=11.8970  role_norm=67.8403  enc_delta ego=0.0017 partner=0.0016 road=0.0028
[ROMA step 5,479,071,744] sps=192,867  policy_loss=0.0020  value_loss=1.5462  mi_loss=0.0020  mi_valid=0.83  div_loss=-0.1777  kl_loss=0.0000 (disabled)  score=0.635  return=-0.109  role_std=10.5367  role_norm=74.2709  enc_delta ego=0.0014 partner=0.0017 road=0.0024
[ROMA step 5,479,858,176] sps=192,702  policy_loss=0.0050  value_loss=1.1156  mi_loss=0.0019  mi_valid=0.78  div_loss=-0.1514  kl_loss=0.0000 (disabled)  score=0.635  return=-0.111  role_std=10.4616  role_norm=73.2473  enc_delta ego=0.0015 partner=0.0017 road=0.0028
[ROMA step 5,480,644,608] sps=192,660  policy_loss=0.0036  value_loss=1.0985  mi_loss=0.0018  mi_valid=0.81  div_loss=-0.1475  kl_loss=0.0000 (disabled)  score=0.634  return=-0.111  role_std=9.9606  role_norm=73.1675  enc_delta ego=0.0011 partner=0.0015 road=0.0019
[ROMA step 5,481,431,040] sps=192,617  policy_loss=-0.0042  value_loss=0.9743  mi_loss=0.0018  mi_valid=0.81  div_loss=-0.1465  kl_loss=0.0000 (disabled)  score=0.633  return=-0.116  role_std=10.2515  role_norm=72.0587  enc_delta ego=0.0011 partner=0.0018 road=0.0028
[ROMA step 5,482,217,472] sps=192,463  policy_loss=-0.0065  value_loss=1.3769  mi_loss=0.0018  mi_valid=0.79  div_loss=-0.1533  kl_loss=0.0000 (disabled)  score=0.631  return=-0.120  role_std=10.2070  role_norm=68.0912  enc_delta ego=0.0015 partner=0.0015 road=0.0024
[ROMA step 5,483,003,904] sps=192,422  policy_loss=0.0016  value_loss=1.2296  mi_loss=0.0018  mi_valid=0.84  div_loss=-0.1445  kl_loss=0.0000 (disabled)  score=0.629  return=-0.119  role_std=8.7307  role_norm=75.7532  enc_delta ego=0.0011 partner=0.0015 road=0.0022
[ROMA step 5,483,790,336] sps=192,380  policy_loss=-0.0001  value_loss=1.0399  mi_loss=0.0017  mi_valid=0.81  div_loss=-0.1396  kl_loss=0.0000 (disabled)  score=0.628  return=-0.118  role_std=7.9447  role_norm=75.6913  enc_delta ego=0.0012 partner=0.0016 road=0.0024
[ROMA step 5,484,576,768] sps=192,338  policy_loss=-0.0077  value_loss=1.1093  mi_loss=0.0018  mi_valid=0.81  div_loss=-0.1377  kl_loss=0.0000 (disabled)  score=0.626  return=-0.109  role_std=9.7267  role_norm=75.1171  enc_delta ego=0.0007 partner=0.0015 road=0.0026
[ROMA step 5,485,363,200] sps=192,195  policy_loss=0.0020  value_loss=0.7645  mi_loss=0.0018  mi_valid=0.78  div_loss=-0.1235  kl_loss=0.0000 (disabled)  score=0.625  return=-0.099  role_std=8.5286  role_norm=73.7080  enc_delta ego=0.0012 partner=0.0016 road=0.0031
[ROMA step 5,486,149,632] sps=192,153  policy_loss=0.0032  value_loss=0.6606  mi_loss=0.0017  mi_valid=0.81  div_loss=-0.1157  kl_loss=0.0000 (disabled)  score=0.625  return=-0.090  role_std=8.7974  role_norm=73.1255  enc_delta ego=0.0013 partner=0.0012 road=0.0024
[ROMA step 5,486,936,064] sps=192,110  policy_loss=-0.0044  value_loss=0.7432  mi_loss=0.0018  mi_valid=0.83  div_loss=-0.1211  kl_loss=0.0000 (disabled)  score=0.626  return=-0.084  role_std=8.1971  role_norm=77.3142  enc_delta ego=0.0008 partner=0.0012 road=0.0020
[ROMA step 5,487,722,496] sps=192,069  policy_loss=-0.0036  value_loss=1.1305  mi_loss=0.0018  mi_valid=0.82  div_loss=-0.1279  kl_loss=0.0000 (disabled)  score=0.627  return=-0.082  role_std=8.6537  role_norm=76.8587  enc_delta ego=0.0010 partner=0.0010 road=0.0017
[ROMA step 5,488,508,928] sps=191,930  policy_loss=-0.0025  value_loss=1.1871  mi_loss=0.0018  mi_valid=0.78  div_loss=-0.1348  kl_loss=0.0000 (disabled)  score=0.628  return=-0.077  role_std=8.2394  role_norm=75.6338  enc_delta ego=0.0014 partner=0.0015 road=0.0022
[ROMA step 5,489,295,360] sps=191,888  policy_loss=-0.0012  value_loss=0.7358  mi_loss=0.0019  mi_valid=0.80  div_loss=-0.1240  kl_loss=0.0000 (disabled)  score=0.630  return=-0.064  role_std=8.6845  role_norm=73.8670  enc_delta ego=0.0012 partner=0.0016 road=0.0019
[ROMA step 5,490,081,792] sps=191,846  policy_loss=-0.0018  value_loss=0.6971  mi_loss=0.0019  mi_valid=0.81  div_loss=-0.1201  kl_loss=0.0000 (disabled)  score=0.631  return=-0.055  role_std=8.8834  role_norm=72.3872  enc_delta ego=0.0011 partner=0.0015 road=0.0021
[ROMA step 5,490,868,224] sps=191,691  policy_loss=-0.0043  value_loss=0.7347  mi_loss=0.0019  mi_valid=0.81  div_loss=-0.1279  kl_loss=0.0000 (disabled)  score=0.631  return=-0.048  role_std=9.1525  role_norm=75.3915  enc_delta ego=0.0013 partner=0.0016 road=0.0029
[ROMA step 5,491,654,656] sps=191,648  policy_loss=0.0028  value_loss=0.8513  mi_loss=0.0019  mi_valid=0.84  div_loss=-0.1348  kl_loss=0.0000 (disabled)  score=0.631  return=-0.043  role_std=9.7313  role_norm=75.3394  enc_delta ego=0.0014 partner=0.0016 road=0.0025
[ROMA step 5,492,441,088] sps=191,608  policy_loss=-0.0012  value_loss=1.1698  mi_loss=0.0018  mi_valid=0.81  div_loss=-0.1494  kl_loss=0.0000 (disabled)  score=0.630  return=-0.040  role_std=10.8764  role_norm=74.5285  enc_delta ego=0.0011 partner=0.0019 road=0.0025
[ROMA step 5,493,227,520] sps=191,566  policy_loss=0.0027  value_loss=0.7262  mi_loss=0.0018  mi_valid=0.81  div_loss=-0.1465  kl_loss=0.0000 (disabled)  score=0.628  return=-0.036  role_std=9.2196  role_norm=73.9769  enc_delta ego=0.0016 partner=0.0015 road=0.0022
[ROMA step 5,494,013,952] sps=191,421  policy_loss=0.0010  value_loss=1.2042  mi_loss=0.0018  mi_valid=0.78  div_loss=-0.1602  kl_loss=0.0000 (disabled)  score=0.626  return=-0.035  role_std=10.8587  role_norm=71.4331  enc_delta ego=0.0016 partner=0.0018 road=0.0031
[ROMA step 5,494,800,384] sps=191,377  policy_loss=0.0026  value_loss=0.6799  mi_loss=0.0018  mi_valid=0.81  div_loss=-0.1416  kl_loss=0.0000 (disabled)  score=0.625  return=-0.031  role_std=10.9297  role_norm=68.7304  enc_delta ego=0.0021 partner=0.0014 road=0.0031
[ROMA step 5,495,586,816] sps=191,330  policy_loss=0.0007  value_loss=0.9064  mi_loss=0.0019  mi_valid=0.84  div_loss=-0.1445  kl_loss=0.0000 (disabled)  score=0.624  return=-0.027  role_std=8.7265  role_norm=75.1282  enc_delta ego=0.0016 partner=0.0013 road=0.0021
[ROMA step 5,496,373,248] sps=191,197  policy_loss=0.0012  value_loss=0.9079  mi_loss=0.0019  mi_valid=0.79  div_loss=-0.1504  kl_loss=0.0000 (disabled)  score=0.623  return=-0.020  role_std=11.7987  role_norm=74.4455  enc_delta ego=0.0019 partner=0.0020 road=0.0031
[ROMA step 5,497,159,680] sps=191,154  policy_loss=0.0003  value_loss=1.1672  mi_loss=0.0018  mi_valid=0.81  div_loss=-0.1582  kl_loss=0.0000 (disabled)  score=0.622  return=-0.022  role_std=11.3754  role_norm=73.4008  enc_delta ego=0.0016 partner=0.0015 road=0.0027
[ROMA step 5,497,946,112] sps=191,111  policy_loss=0.0023  value_loss=1.3667  mi_loss=0.0018  mi_valid=0.81  div_loss=-0.1602  kl_loss=0.0000 (disabled)  score=0.621  return=-0.025  role_std=12.0112  role_norm=71.6460  enc_delta ego=0.0014 partner=0.0015 road=0.0024
[ROMA step 5,498,732,544] sps=191,070  policy_loss=-0.0054  value_loss=1.0867  mi_loss=0.0017  mi_valid=0.81  div_loss=-0.1621  kl_loss=0.0000 (disabled)  score=0.620  return=-0.030  role_std=11.9261  role_norm=70.7728  enc_delta ego=0.0009 partner=0.0012 road=0.0020
[ROMA step 5,499,518,976] sps=190,919  policy_loss=0.0045  value_loss=1.4244  mi_loss=0.0018  mi_valid=0.80  div_loss=-0.1592  kl_loss=0.0000 (disabled)  score=0.621  return=-0.033  role_std=11.5472  role_norm=75.1024  enc_delta ego=0.0016 partner=0.0018 road=0.0031
[ROMA step 5,500,305,408] sps=190,875  policy_loss=-0.0027  value_loss=1.6023  mi_loss=0.0018  mi_valid=0.82  div_loss=-0.1699  kl_loss=0.0000 (disabled)  score=0.621  return=-0.038  role_std=10.9505  role_norm=74.6646  enc_delta ego=0.0015 partner=0.0015 road=0.0024
[ROMA step 5,501,091,840] sps=190,833  policy_loss=-0.0026  value_loss=1.2551  mi_loss=0.0018  mi_valid=0.80  div_loss=-0.1553  kl_loss=0.0000 (disabled)  score=0.622  return=-0.039  role_std=11.8562  role_norm=74.0897  enc_delta ego=0.0012 partner=0.0015 road=0.0026
[ROMA] Saved -> /scratch/e452103/checkpoints/roma_mifutagent_dim1_H8_r16p64_ft_pc40_cb1_lr_nodiv/roma_dim1_step5501091840.pt
[ROMA] Periodic WOSAC eval at step 5,501,091,840 ...

WOSAC realism metrics (32 rollouts, up to 10 batches, step 5,501,091,840)...
