step,sps,policy_loss,value_loss,mi_loss,div_loss,kl_loss,score,mean_return,ego_enc_delta,partner_enc_delta,road_enc_delta,role_std,role_norm,compliance_error
4001366016,244395863.4,0.003918,0.24076,0.000836,-0.322266,0.0,0.9637,0.7527,0.004008,0.003648,0.004729,4.380458,15.428847,0.00011472
4002152448,145566070.6,0.001647,0.327437,0.000806,-0.314453,0.0,0.9589,0.7338,0.003743,0.003774,0.004654,5.281744,15.305899,0.00018473
4002938880,103312235.3,-0.000914,0.429683,0.000793,-0.332031,0.0,0.9532,0.6993,0.003488,0.003453,0.004207,5.136,15.678724,0.00019072
4003725312,61128532.2,-0.003143,0.504325,0.000789,-0.324219,0.0,0.9511,0.697,0.004047,0.003486,0.004396,4.914775,15.037237,0.00018674
4004511744,52104191.9,-0.003443,0.541087,0.000819,-0.314453,0.0,0.9481,0.6786,0.003424,0.003259,0.004633,4.898006,15.240978,0.0001976
4005298176,45427734.6,0.002969,0.616984,0.000828,-0.320312,0.0,0.9468,0.672,0.003636,0.003473,0.004548,5.399262,16.267693,0.000192
4006084608,40247639.5,-0.005867,0.646815,0.000864,-0.304688,0.0,0.9452,0.6646,0.004053,0.00352,0.005239,5.33179,16.431263,0.00018984
4006871040,32019222.4,-0.002838,0.808205,0.000946,-0.324219,0.0,0.9429,0.6492,0.004255,0.004199,0.006212,5.26931,16.721415,0.00020348
4007657472,29413549.3,-0.000337,0.716558,0.000989,-0.322266,0.0,0.9399,0.6298,0.004494,0.004485,0.006273,5.24365,16.66576,0.00018917
4008443904,27155713.2,0.000566,0.809594,0.000995,-0.339844,0.0,0.9367,0.6071,0.003654,0.003899,0.005719,5.729568,16.890766,0.00022874
4009230336,23097889.0,0.004455,0.897343,0.000976,-0.328125,0.0,0.9359,0.5989,0.003519,0.003975,0.00507,5.248548,17.574043,0.00020549
4010016768,21729739.8,0.006299,0.913172,0.000952,-0.308594,0.0,0.9338,0.5879,0.003687,0.003747,0.004624,5.534567,18.228214,0.00020213
4010803200,20467925.7,0.001383,0.740468,0.000988,-0.296875,0.0,0.9322,0.5829,0.004106,0.004359,0.005703,5.664995,18.524666,0.00020398
4011589632,19386950.2,-0.005326,0.741517,0.001014,-0.304688,0.0,0.9306,0.5794,0.003001,0.003814,0.005333,5.405271,18.477989,0.00020979
4012376064,17141542.7,-0.007931,0.587285,0.001009,-0.291016,0.0,0.9299,0.5791,0.003079,0.003762,0.004812,5.24199,17.982815,0.00021794
4013162496,16339878.7,-0.001549,0.633764,0.001003,-0.296875,0.0,0.9287,0.576,0.003038,0.00334,0.005113,5.570028,18.382816,0.00017275
4013948928,15603020.4,-0.001007,0.689111,0.00099,-0.300781,0.0,0.9278,0.5716,0.002491,0.003029,0.003845,5.264194,19.227697,0.00020312
4014735360,14091420.3,0.005363,0.811839,0.001017,-0.300781,0.0,0.9255,0.5607,0.003139,0.003902,0.004659,5.094003,19.630089,0.00020021
4015521792,13557751.6,0.007257,0.526607,0.001037,-0.253906,0.0,0.9247,0.5638,0.003545,0.004344,0.005764,5.113463,19.510595,0.00020532
4016308224,13074998.9,-0.004372,0.42323,0.000991,-0.259766,0.0,0.9242,0.5671,0.003234,0.003934,0.004366,5.322187,18.677151,0.00021233
4017094656,12610122.6,0.00204,0.533399,0.001008,-0.263672,0.0,0.9242,0.5704,0.00299,0.003731,0.005259,4.784629,18.88966,0.00021151
4017881088,11730334.1,-0.001915,0.61964,0.001066,-0.265625,0.0,0.9234,0.5677,0.002822,0.00267,0.004176,5.397201,19.424833,0.00021889
4018667520,11379634.8,-0.002544,0.674399,0.001134,-0.263672,0.0,0.9225,0.5651,0.003198,0.003674,0.005049,5.069786,19.714119,0.000204
4019453952,11052485.2,-0.001271,0.639535,0.001104,-0.261719,0.0,0.9219,0.565,0.003475,0.004098,0.005344,5.261277,19.48819,0.00020907
4020240384,10362787.1,-0.010845,0.475034,0.001163,-0.259766,0.0,0.9209,0.5638,0.003131,0.00365,0.00461,5.152998,19.312233,0.00021434
4021026816,10073281.5,0.000578,0.458551,0.00116,-0.248047,0.0,0.9206,0.5638,0.005679,0.004516,0.005537,4.8597,19.343781,0.00024439
4021813248,9809467.7,-0.003359,0.431548,0.001202,-0.251953,0.0,0.9204,0.5665,0.005467,0.003787,0.005279,4.594195,19.055464,0.00021781
4022599680,9559515.7,-0.003959,0.387996,0.001156,-0.253906,0.0,0.9206,0.5699,0.004524,0.003415,0.005634,4.733304,20.153349,0.00023401
4023386112,9063312.3,-0.005988,0.479507,0.001119,-0.257812,0.0,0.9206,0.5714,0.003768,0.004109,0.006484,5.297276,20.073166,0.00022434
4024172544,8844351.4,-0.001686,0.61348,0.001012,-0.265625,0.0,0.9201,0.5687,0.003296,0.003987,0.006494,5.176367,19.55872,0.00018944
4024958976,8632998.7,-0.003497,0.433136,0.000978,-0.261719,0.0,0.9193,0.568,0.002898,0.003004,0.004436,4.835628,18.820595,0.00021267
4025745408,8210282.7,-0.001047,0.425661,0.000991,-0.263672,0.0,0.918,0.5671,0.003349,0.003423,0.004627,4.390776,17.643499,0.00018472
4026531840,8034362.7,-0.000575,0.348332,0.000993,-0.25,0.0,0.9165,0.5639,0.002201,0.002692,0.004308,4.424803,19.553778,0.00020628
4027318272,7860852.7,2.4e-05,0.259681,0.001049,-0.243164,0.0,0.915,0.5628,0.003461,0.003412,0.004989,4.96231,19.559584,0.00020492
4028104704,7691852.9,-0.004304,0.36385,0.001041,-0.242188,0.0,0.9141,0.5634,0.00332,0.003635,0.004991,4.737075,19.658504,0.0001991
4028891136,7333354.3,-0.001589,0.314273,0.001062,-0.240234,0.0,0.913,0.5631,0.003357,0.003455,0.005945,4.921118,18.850803,0.00021741
4029677568,7185469.9,-0.00334,0.341042,0.001,-0.239258,0.0,0.9114,0.5605,0.00337,0.003348,0.004274,4.643504,18.973591,0.00022591
4030464000,7043085.1,-0.001715,0.360992,0.001002,-0.248047,0.0,0.9107,0.562,0.002788,0.003688,0.004512,4.601871,19.891714,0.00021973
4031250432,6905362.5,-0.004882,0.335302,0.001016,-0.248047,0.0,0.9096,0.5632,0.003157,0.003836,0.004971,4.911989,19.747231,0.00022594
4032036864,6624488.4,-0.00378,0.335692,0.001171,-0.234375,0.0,0.9086,0.5634,0.003609,0.003927,0.005933,4.435299,20.144024,0.00024152
4032823296,6505732.7,-0.006117,0.247164,0.001245,-0.232422,0.0,0.9084,0.567,0.003024,0.002942,0.004795,4.555002,19.850639,0.00025881
4033609728,6390564.0,0.001798,0.333314,0.001218,-0.231445,0.0,0.9082,0.5727,0.002461,0.002763,0.003795,4.754436,19.702522,0.00024129
4034396160,6160166.0,0.002883,0.341834,0.001188,-0.234375,0.0,0.9086,0.5804,0.006301,0.003591,0.004891,4.704018,20.556471,0.00022643
4035182592,6058034.8,-0.004421,0.491335,0.001071,-0.241211,0.0,0.9088,0.5841,0.007521,0.003944,0.005249,4.804111,20.636559,0.00022554
4035969024,5958633.0,0.001182,0.408467,0.001106,-0.225586,0.0,0.9094,0.5948,0.004359,0.004125,0.005001,4.424464,20.770853,0.00023513
4036755456,5863157.4,0.000817,0.353441,0.001107,-0.21582,0.0,0.9094,0.6024,0.004122,0.003412,0.004622,4.636118,20.883286,0.00023118
4037541888,5657948.8,-0.002838,0.391408,0.001166,-0.217773,0.0,0.909,0.6049,0.003229,0.003218,0.004972,4.917335,20.605688,0.00021309
4038328320,5577224.0,0.001231,0.325237,0.001146,-0.211914,0.0,0.9082,0.6055,0.002644,0.00403,0.004693,4.690335,20.880241,0.00021266
4039114752,5496419.9,-0.00278,0.331655,0.001131,-0.204102,0.0,0.9079,0.608,0.003031,0.003461,0.004742,4.082322,21.892179,0.00025445
4039901184,5322123.5,-0.003324,0.389163,0.001178,-0.211914,0.0,0.9076,0.6138,0.003577,0.003222,0.004495,4.573841,21.860121,0.00022682
4040687616,5245572.3,0.002526,0.638358,0.001108,-0.233398,0.0,0.9068,0.6087,0.003321,0.003284,0.004758,4.796257,20.956013,0.00023834
4041474048,5169986.6,-0.000921,0.630731,0.001122,-0.242188,0.0,0.9066,0.6087,0.003601,0.003571,0.004321,5.405398,20.461281,0.00025796
4042260480,5096678.9,0.002933,0.641187,0.001103,-0.253906,0.0,0.9056,0.6011,0.003467,0.00366,0.004826,5.10473,20.301247,0.00024691
4043046912,4941778.1,0.006808,0.708957,0.001048,-0.259766,0.0,0.9051,0.5968,0.002422,0.003507,0.004367,5.333666,21.613888,0.0002552
4043833344,4874207.3,0.004839,0.741606,0.001035,-0.251953,0.0,0.9042,0.5914,0.00395,0.003971,0.005022,5.338204,21.729773,0.00023453
4044619776,4811598.0,0.001394,0.68842,0.001094,-0.234375,0.0,0.9037,0.5901,0.002937,0.003576,0.004873,5.384307,22.293194,0.00023257
4045406208,4672164.7,-0.004584,0.535041,0.001095,-0.238281,0.0,0.9028,0.5889,0.002576,0.002916,0.004054,5.080719,21.686443,0.00024521
4046192640,4614830.8,0.001373,0.251938,0.001064,-0.214844,0.0,0.901,0.5896,0.002893,0.003104,0.004153,5.11662,21.512058,0.00023881
4046979072,4556209.7,0.003617,0.269272,0.001126,-0.216797,0.0,0.9001,0.5924,0.002912,0.003164,0.004285,5.143468,21.608381,0.00024906
4047765504,4499055.5,0.004487,0.438757,0.00107,-0.228516,0.0,0.8995,0.5916,0.0026,0.002949,0.004231,4.396013,22.926392,0.0002488
4048551936,4369995.7,0.000147,0.396783,0.001055,-0.232422,0.0,0.8983,0.5905,0.002894,0.003235,0.004324,4.786382,22.322044,0.00023366
4049338368,4316795.6,0.004236,0.421998,0.001034,-0.243164,0.0,0.8969,0.5882,0.002825,0.003928,0.005034,5.46358,21.914101,0.00025441
4050124800,4266374.6,0.004783,0.430025,0.001066,-0.263672,0.0,0.8958,0.5847,0.002307,0.002967,0.003882,5.588875,21.252623,0.00025522
4050911232,4158939.0,0.007669,0.381585,0.001089,-0.257812,0.0,0.8948,0.5887,0.002573,0.003824,0.004296,5.427355,19.300642,0.00020926
4051697664,4112022.4,0.002731,0.359776,0.001022,-0.257812,0.0,0.8939,0.5892,0.002951,0.003276,0.003835,5.221387,21.702419,0.00022706
4052484096,4065681.6,0.000317,0.320595,0.000999,-0.253906,0.0,0.8931,0.5909,0.00293,0.003472,0.004714,5.359127,21.326694,0.00024625
4053270528,4020011.4,0.001169,0.262171,0.001052,-0.238281,0.0,0.8923,0.5924,0.003299,0.003716,0.004478,4.994853,21.190105,0.000213
4054056960,3923684.6,0.002645,0.343055,0.001097,-0.253906,0.0,0.8913,0.5914,0.002642,0.00329,0.004685,5.250346,21.166103,0.00023415
4054843392,3883422.0,-0.006063,0.336868,0.001039,-0.267578,0.0,0.8899,0.5891,0.003786,0.004041,0.005073,5.366751,20.502951,0.00025207
4055629824,3844105.9,0.002885,0.384099,0.001005,-0.257812,0.0,0.8887,0.5858,0.003195,0.003674,0.004917,5.171281,22.108976,0.00021209
4056416256,3803865.3,-0.001333,0.405171,0.001014,-0.267578,0.0,0.8882,0.5843,0.002844,0.003771,0.004921,5.042812,21.915226,0.00022637
4057202688,3710916.5,0.001043,0.422667,0.00099,-0.265625,0.0,0.8875,0.5808,0.004031,0.003904,0.00554,5.509774,21.729195,0.00019378
4057989120,3674647.2,0.005352,0.328942,0.001,-0.244141,0.0,0.8863,0.5793,0.002793,0.003371,0.004249,5.430538,21.378563,0.00021454
4058775552,3637568.9,-0.002129,0.255833,0.000988,-0.243164,0.0,0.8851,0.5784,0.002983,0.003315,0.004104,5.448975,21.165112,0.00023056
4059561984,3560866.9,-0.003357,0.326476,0.000968,-0.234375,0.0,0.8833,0.5738,0.002437,0.003347,0.004015,4.588422,22.90003,0.0002359
4060348416,3528889.5,-0.00099,0.322298,0.000996,-0.225586,0.0,0.8816,0.5702,0.003191,0.003303,0.004662,4.559208,22.834532,0.00024204
4061134848,3494516.2,0.005047,0.434964,0.000996,-0.235352,0.0,0.8789,0.5634,0.003474,0.003397,0.004166,5.208691,22.224293,0.00021529
4061921280,3462732.5,0.002484,0.364905,0.000978,-0.224609,0.0,0.8766,0.5592,0.002073,0.003178,0.004127,4.981497,21.780972,0.00022279
4062707712,3389487.0,-0.00212,0.313116,0.000963,-0.234375,0.0,0.8745,0.557,0.002707,0.00295,0.004088,5.221654,21.332653,0.00021769
4063494144,3359035.9,-0.004166,0.256405,0.000926,-0.231445,0.0,0.8729,0.555,0.002868,0.00351,0.004763,5.035808,20.893761,0.00021713
4064280576,3328159.6,-0.000621,0.290406,0.000997,-0.220703,0.0,0.8718,0.5535,0.002536,0.002585,0.003437,4.672844,22.378378,0.00022776
4065067008,3260993.7,-0.004216,0.328152,0.000984,-0.226562,0.0,0.8712,0.5529,0.002983,0.003422,0.004088,4.828945,23.118803,0.00019508
4065853440,3231506.3,-0.002557,0.308894,0.00103,-0.211914,0.0,0.871,0.5534,0.002952,0.004064,0.005528,5.038015,22.696066,0.00021292
4066639872,3203292.2,-0.002849,0.308085,0.001001,-0.210938,0.0,0.8709,0.5531,0.002778,0.003001,0.003825,4.977691,22.216095,0.00023208
4067426304,3176712.3,-0.000334,0.223692,0.001045,-0.203125,0.0,0.871,0.5539,0.001992,0.003012,0.004137,4.49745,21.836952,0.00023757
4068212736,3121678.9,0.013446,0.338454,0.001021,-0.214844,0.0,0.8712,0.5568,0.002507,0.003387,0.004756,4.467916,23.002432,0.00024018
4068999168,3095157.7,-0.002239,0.192597,0.000998,-0.208008,0.0,0.8715,0.5653,0.003156,0.003534,0.005065,4.599183,22.848446,0.00021526
4069785600,3069606.8,-0.002325,0.248242,0.000974,-0.233398,0.0,0.8721,0.5745,0.002133,0.003444,0.004851,4.995863,22.606728,0.0002083
4070572032,3014640.7,0.003687,0.248033,0.000993,-0.231445,0.0,0.8726,0.5841,0.002303,0.003209,0.004198,5.365293,21.226473,0.00020931
4071358464,2991540.7,0.001614,0.361307,0.000996,-0.234375,0.0,0.8717,0.5878,0.003188,0.003495,0.004266,5.186772,21.299679,0.00025485
4072144896,2968590.1,-0.001493,0.363312,0.000999,-0.227539,0.0,0.8714,0.5915,0.003406,0.002874,0.003884,5.172382,21.462074,0.00024031
4072931328,2944544.6,-0.003487,0.320881,0.001012,-0.222656,0.0,0.8716,0.5949,0.002449,0.003284,0.004632,4.317572,23.208549,0.00023547
4073717760,2896792.1,0.003275,0.336564,0.000996,-0.220703,0.0,0.8726,0.6001,0.002233,0.003143,0.003437,5.050854,23.373489,0.00023203
4074504192,2876273.6,-0.002997,0.428391,0.001054,-0.21875,0.0,0.874,0.5993,0.00295,0.003517,0.004528,5.080639,23.208822,0.00023074
4075290624,2853691.8,-0.001527,0.326155,0.001017,-0.216797,0.0,0.8751,0.6025,0.002439,0.002813,0.003716,5.488227,22.536245,0.0002266
4076077056,2803353.6,0.003827,0.327148,0.001006,-0.222656,0.0,0.8757,0.6042,0.002906,0.002995,0.003416,5.23461,20.960089,0.00023846
4076863488,2782541.6,0.001568,0.330492,0.000994,-0.208008,0.0,0.8756,0.6045,0.002761,0.003526,0.00494,4.268009,23.136345,0.00024006
4077649920,2762651.4,-0.007532,0.37506,0.001049,-0.201172,0.0,0.8759,0.6068,0.002268,0.003611,0.004293,4.543728,23.592709,0.00022419
4078436352,2742174.9,0.002155,0.409377,0.001043,-0.203125,0.0,0.8763,0.6076,0.002646,0.003423,0.00482,4.510401,23.48518,0.00024169
4079222784,2698264.0,0.002338,0.322196,0.00108,-0.203125,0.0,0.8771,0.6077,0.002228,0.002661,0.004509,4.546734,23.00765,0.00023746
4080009216,2679941.5,0.003233,0.277701,0.001093,-0.186523,0.0,0.8779,0.6097,0.002965,0.003526,0.005617,4.994025,22.875912,0.00024404
4080795648,2661829.0,-0.002004,0.332143,0.001061,-0.201172,0.0,0.8789,0.6088,0.002253,0.002835,0.004322,4.836629,22.901541,0.00025412
4081582080,2643336.7,0.000708,0.208273,0.001031,-0.201172,0.0,0.8795,0.609,0.002354,0.002743,0.003916,4.484076,23.821217,0.00023699
4082368512,2601542.8,-0.003058,0.27398,0.001099,-0.193359,0.0,0.8806,0.613,0.00359,0.003496,0.005456,4.748457,23.779057,0.0002364
4083154944,2583480.4,-0.006358,0.294677,0.001062,-0.19043,0.0,0.8823,0.618,0.003244,0.003715,0.004546,4.541294,23.826321,0.00025535
4083941376,2566398.5,-0.000903,0.295747,0.001056,-0.188477,0.0,0.8837,0.6225,0.002991,0.003447,0.004253,4.377314,23.628876,0.0002505
4084727808,2528993.0,-0.002937,0.278386,0.000999,-0.19043,0.0,0.8849,0.6285,0.004115,0.004341,0.004423,4.585158,22.497032,0.00026052
4085514240,2513107.9,-0.00333,0.313914,0.001008,-0.194336,0.0,0.8857,0.6305,0.00269,0.002966,0.004498,4.264277,24.630774,0.00025113
4086300672,2495708.5,0.001871,0.436045,0.000997,-0.211914,0.0,0.8864,0.63,0.002703,0.003901,0.00532,4.698442,24.375479,0.00024864
4087087104,2478741.8,0.003308,0.293938,0.000963,-0.219727,0.0,0.8873,0.6336,0.003018,0.003615,0.004454,4.95078,23.742865,0.00024291
4087873536,2443741.9,-0.0025,0.330241,0.001086,-0.223633,0.0,0.8883,0.6346,0.003203,0.00358,0.004213,5.266896,22.766842,0.00023003
4088659968,2428030.6,0.008067,0.272525,0.001032,-0.222656,0.0,0.8895,0.64,0.002256,0.003122,0.003584,5.709791,22.512129,0.00022099
4089446400,2412024.2,0.001084,0.367503,0.001064,-0.236328,0.0,0.8903,0.6401,0.002558,0.002715,0.004127,4.921665,23.843954,0.00022579
4090232832,2378214.3,0.002243,0.476648,0.001067,-0.229492,0.0,0.8914,0.6404,0.003171,0.003391,0.003882,5.321465,24.155891,0.00025826
4091019264,2363507.4,0.002216,0.387391,0.001038,-0.225586,0.0,0.8919,0.6398,0.002381,0.003677,0.004671,5.515288,23.741186,0.0002585
4091805696,2349454.5,0.007099,0.389315,0.001008,-0.232422,0.0,0.8922,0.6391,0.002679,0.003479,0.004254,5.888934,23.082716,0.00023983
4092592128,2335760.2,-0.003869,0.402319,0.000996,-0.232422,0.0,0.8922,0.6381,0.002453,0.003628,0.00451,5.943321,22.809425,0.00024997
4093378560,2305576.4,0.000856,0.339636,0.001081,-0.227539,0.0,0.8919,0.6363,0.003133,0.003364,0.004495,4.383997,24.574621,0.00026861
4094164992,2291613.5,-0.002791,0.333164,0.00102,-0.234375,0.0,0.8916,0.6373,0.002742,0.00365,0.005075,5.007927,24.345104,0.00026468
4094951424,2277754.8,0.000415,0.252013,0.001102,-0.234375,0.0,0.8913,0.637,0.002715,0.003233,0.004065,5.240265,23.880194,0.00025276
4095737856,2248986.8,-0.005053,0.224609,0.001083,-0.227539,0.0,0.8913,0.6398,0.003503,0.002821,0.003755,5.477889,22.889988,0.00024973
4096524288,2236187.9,-0.002792,0.19408,0.001093,-0.212891,0.0,0.8913,0.6403,0.002619,0.002961,0.004238,5.543811,22.62709,0.00026933
4097310720,2223743.4,0.003868,0.244257,0.001027,-0.213867,0.0,0.8915,0.6405,0.002585,0.003324,0.004295,5.258188,22.605536,0.00024583
4098097152,2210422.2,0.000565,0.276445,0.001102,-0.219727,0.0,0.8918,0.6403,0.003254,0.002688,0.004285,4.691922,24.150066,0.00020853
4098883584,2181997.7,0.007125,0.418721,0.001049,-0.22168,0.0,0.893,0.6441,0.003956,0.002857,0.004733,5.094594,24.08432,0.00023586
4099670016,2169360.5,-0.002806,0.427091,0.001003,-0.235352,0.0,0.8937,0.6443,0.002854,0.004111,0.004929,5.597789,23.53096,0.00024019
4100456448,2156453.8,0.002734,0.379213,0.001023,-0.229492,0.0,0.8943,0.6424,0.002949,0.003868,0.004751,5.540812,22.738129,0.00022982
4101242880,2129918.6,-0.005148,0.546482,0.001057,-0.24707,0.0,0.8944,0.6383,0.001988,0.002818,0.003481,5.746329,21.71015,0.00023902
4102029312,2118975.7,0.004726,0.289951,0.00122,-0.231445,0.0,0.8946,0.6396,0.002373,0.003541,0.003901,5.102182,23.805649,0.00028167
4102815744,2107059.3,-0.00092,0.563691,0.001167,-0.24707,0.0,0.895,0.6383,0.003371,0.003353,0.004433,5.418382,23.688955,0.00029394
4103602176,2095398.6,0.003885,0.367091,0.001214,-0.234375,0.0,0.8959,0.6396,0.002381,0.003666,0.004296,5.387097,23.655567,0.00030784
4104388608,2070371.4,0.002514,0.483898,0.001203,-0.231445,0.0,0.8969,0.6418,0.002862,0.003477,0.004803,5.790276,23.308523,0.00026216
4105175040,2059166.4,-0.000187,0.445178,0.001061,-0.229492,0.0,0.897,0.641,0.002594,0.003452,0.0039,5.669353,23.256462,0.00028733
4105961472,2048641.1,0.002163,0.417577,0.001063,-0.223633,0.0,0.897,0.6405,0.005157,0.003449,0.004109,5.506163,22.814863,0.00025653
4106747904,2037052.8,0.003132,0.37462,0.001037,-0.231445,0.0,0.897,0.6394,0.002365,0.003516,0.004517,4.689772,24.233198,0.00025238
4107534336,2012795.5,-0.003625,0.259307,0.001038,-0.211914,0.0,0.8969,0.6408,0.002883,0.003717,0.005286,4.851613,24.279449,0.00026032
4108320768,2002083.0,-0.001179,0.219602,0.001024,-0.209961,0.0,0.8968,0.642,0.002668,0.003029,0.003577,5.04038,24.519913,0.00023597
4109107200,1992235.7,-0.00344,0.216262,0.001003,-0.212891,0.0,0.8964,0.6404,0.002182,0.002937,0.003752,5.350992,23.501892,0.00026566
4109893632,1970807.7,-0.004658,0.260122,0.001011,-0.209961,0.0,0.8952,0.637,0.002722,0.003142,0.004344,5.112379,22.281065,0.00025726
4110680064,1960412.3,-0.005857,0.269231,0.001044,-0.203125,0.0,0.8953,0.6376,0.003744,0.003293,0.005871,4.57161,24.710991,0.00022878
4111466496,1950436.9,-0.001214,0.243223,0.001028,-0.212891,0.0,0.8951,0.6381,0.002919,0.003165,0.004603,5.045105,24.328049,0.0002546
4112252928,1940472.8,-0.003391,0.229206,0.001058,-0.216797,0.0,0.8947,0.6359,0.002919,0.00331,0.004351,5.25129,23.682295,0.00025357
4113039360,1916936.5,-0.000836,0.278905,0.001083,-0.232422,0.0,0.8947,0.6357,0.002919,0.003483,0.006054,5.845065,23.153046,0.00024099
4113825792,1908032.6,-0.000311,0.30964,0.001034,-0.223633,0.0,0.895,0.636,0.001942,0.002298,0.003379,5.607408,23.096279,0.00029756
4114612224,1898277.3,-0.004004,0.455278,0.001018,-0.245117,0.0,0.8954,0.6331,0.002416,0.00361,0.004369,5.422701,24.20812,0.00027113
4115398656,1876853.2,0.004405,0.469991,0.001043,-0.24707,0.0,0.8959,0.6339,0.00358,0.003502,0.003749,5.560142,24.618574,0.00026569
4116185088,1867713.5,-0.004023,0.361692,0.001105,-0.233398,0.0,0.8963,0.6338,0.004921,0.003187,0.004634,5.410301,24.225296,0.00026343
4116971520,1858760.6,-0.00159,0.37597,0.001095,-0.232422,0.0,0.8967,0.6358,0.004245,0.002782,0.003679,5.530196,23.460585,0.00029148
4117757952,1849635.8,0.002237,0.307939,0.001104,-0.224609,0.0,0.8967,0.6382,0.003739,0.002583,0.003704,5.59426,22.92886,0.00029785
4118544384,1830590.1,-0.000365,0.421274,0.001146,-0.223633,0.0,0.8961,0.6363,0.003609,0.003354,0.004483,4.598209,24.514511,0.00029929
4119330816,1822497.1,-0.001349,0.357569,0.001192,-0.230469,0.0,0.8958,0.6354,0.002504,0.003116,0.003817,4.846497,24.719421,0.0002807
4120117248,1814469.7,-0.000134,0.309916,0.001183,-0.211914,0.0,0.8956,0.6383,0.002839,0.003475,0.00423,5.088651,24.628729,0.00026598
4120903680,1796525.4,-0.00238,0.37996,0.001308,-0.21582,0.0,0.8954,0.6381,0.00315,0.003467,0.004756,5.218152,24.881323,0.00029926
4121690112,1788768.5,-0.001573,0.35432,0.00135,-0.212891,0.0,0.8953,0.6335,0.002843,0.003108,0.003495,5.463181,24.684566,0.00026812
4122476544,1780181.6,0.004422,0.429953,0.001193,-0.225586,0.0,0.8949,0.6303,0.00253,0.002847,0.003927,5.858483,24.314611,0.00029635
4123262976,1771820.5,-0.00036,0.354799,0.001194,-0.226562,0.0,0.8949,0.628,0.002981,0.003118,0.003846,5.112922,25.567709,0.00030786
4124049408,1754783.0,0.001262,0.368105,0.001195,-0.206055,0.0,0.8948,0.6259,0.001726,0.002301,0.003274,5.034558,25.585613,0.00029039
4124835840,1746740.6,-0.007905,0.283651,0.001149,-0.205078,0.0,0.8943,0.6247,0.003497,0.00326,0.004226,5.207839,25.196819,0.00028444
4125622272,1738859.5,0.002156,0.424461,0.001144,-0.214844,0.0,0.8937,0.6231,0.002374,0.003183,0.003781,5.557031,24.631504,0.0002822
4126408704,1722732.2,-0.001813,0.225017,0.001164,-0.206055,0.0,0.8931,0.6233,0.003222,0.002437,0.004108,5.759767,23.935238,0.00028379
4127195136,1715390.5,-0.002813,0.295792,0.001136,-0.213867,0.0,0.8931,0.624,0.002195,0.003077,0.003842,4.755545,25.82785,0.00031666
4127981568,1707925.4,0.001559,0.370719,0.001144,-0.216797,0.0,0.8933,0.6247,0.00308,0.003518,0.004576,4.703872,25.926825,0.00027243
4128768000,1700612.1,0.004838,0.313986,0.001203,-0.203125,0.0,0.8935,0.63,0.003284,0.003013,0.003833,4.947558,25.398815,0.00031812
4129554432,1684607.7,0.004761,0.432979,0.001219,-0.208008,0.0,0.8935,0.6314,0.002413,0.003071,0.003978,5.199274,24.973394,0.00029284
4130340864,1677268.5,0.004213,0.29106,0.001118,-0.199219,0.0,0.8934,0.6337,0.003471,0.003164,0.004284,5.246461,24.595619,0.00031822
4131127296,1670326.6,-0.004541,0.248363,0.001129,-0.200195,0.0,0.893,0.634,0.002745,0.003113,0.004369,5.263485,24.439426,0.00029177
4131913728,1663533.6,-0.001977,0.272492,0.00112,-0.208008,0.0,0.8931,0.6354,0.003108,0.003579,0.004361,5.047113,25.491871,0.00025555
4132700160,1646956.9,0.009057,0.418119,0.001105,-0.216797,0.0,0.8928,0.6353,0.002771,0.003323,0.004993,5.557163,25.27137,0.00024557
4133486592,1639845.9,0.004942,0.478626,0.001066,-0.222656,0.0,0.893,0.6344,0.002639,0.002912,0.004157,5.886354,24.738491,0.00030951
4134273024,1633029.8,-0.002332,0.471947,0.001071,-0.217773,0.0,0.8933,0.6343,0.001962,0.00278,0.003886,5.778726,24.628094,0.00028783
4135059456,1617851.7,-0.002696,0.417596,0.001113,-0.208984,0.0,0.8935,0.6327,0.002498,0.003081,0.004638,5.603947,24.028225,0.0003035
4135845888,1610979.8,-0.000584,0.429143,0.001075,-0.212891,0.0,0.893,0.6291,0.003927,0.003674,0.004907,5.172805,26.194225,0.00029315
4136632320,1604154.1,0.002639,0.424464,0.001068,-0.199219,0.0,0.8926,0.6262,0.002598,0.002237,0.003307,5.054536,25.996609,0.00028185
4137418752,1597737.5,-0.002322,0.436894,0.001071,-0.206055,0.0,0.8919,0.6228,0.003384,0.003165,0.004905,5.165586,26.257992,0.00028878
4138205184,1583047.0,-0.000939,0.378643,0.001125,-0.207031,0.0,0.891,0.6193,0.002555,0.003148,0.00533,5.639432,25.081295,0.00028196
4138991616,1576657.5,0.000901,0.375229,0.001134,-0.212891,0.0,0.8901,0.6149,0.00244,0.003022,0.005418,5.729253,24.695059,0.0003057
4139778048,1570646.6,0.001462,0.410686,0.001057,-0.212891,0.0,0.889,0.6111,0.002573,0.002925,0.003983,4.907626,24.507191,0.00030903
4140564480,1557817.6,-0.004131,0.400002,0.001091,-0.22168,0.0,0.8886,0.6079,0.002482,0.003318,0.004436,5.094627,25.902786,0.00028896
4141350912,1552186.5,0.000812,0.356126,0.001082,-0.21875,0.0,0.8882,0.607,0.002637,0.003575,0.004683,5.251349,25.554668,0.00029352
4142137344,1546188.0,-0.003506,0.315153,0.00111,-0.21582,0.0,0.8882,0.6069,0.002679,0.002923,0.003838,5.307947,24.922232,0.00031189
4142923776,1539795.8,-0.001176,0.242789,0.001098,-0.209961,0.0,0.8881,0.6103,0.002767,0.003087,0.003973,5.800142,24.745718,0.00032368
4143710208,1526857.3,0.001366,0.501086,0.001108,-0.223633,0.0,0.8881,0.61,0.003341,0.003064,0.004668,5.031275,24.067017,0.00029506
4144496640,1521374.6,0.004706,0.375262,0.00108,-0.197266,0.0,0.8884,0.6111,0.002914,0.002705,0.003783,4.750419,25.635265,0.00026453
4145283072,1515816.7,0.00798,0.510537,0.001116,-0.21875,0.0,0.8887,0.6103,0.003297,0.003218,0.004732,5.288095,25.554386,0.00027206
4146069504,1503760.6,0.004467,0.338994,0.001117,-0.21875,0.0,0.8891,0.6088,0.00281,0.003355,0.004719,5.254573,24.864378,0.00029619
4146855936,1498157.8,-0.003161,0.361759,0.001177,-0.216797,0.0,0.8898,0.6129,0.003926,0.003077,0.004459,5.58409,24.850899,0.00027757
4147642368,1492312.7,0.001889,0.291636,0.001133,-0.210938,0.0,0.8906,0.6121,0.003028,0.003881,0.004495,5.82214,24.42037,0.0002856
4148428800,1486645.1,-0.002434,0.311196,0.001155,-0.208008,0.0,0.8914,0.6117,0.002418,0.002843,0.003786,4.586035,26.276608,0.00030288
4149215232,1474075.6,0.002121,0.356591,0.001179,-0.212891,0.0,0.8926,0.6154,0.004191,0.002755,0.003953,5.065985,27.044861,0.00029929
4150001664,1468946.9,-0.005957,0.334876,0.001191,-0.209961,0.0,0.8945,0.6217,0.002642,0.003098,0.005033,5.17065,26.432465,0.00030444
4150788096,1463768.0,0.001679,0.282477,0.001169,-0.199219,0.0,0.8961,0.6275,0.00307,0.003081,0.004622,5.689114,26.377834,0.00029247
4151574528,1452099.4,0.00309,0.186016,0.001209,-0.198242,0.0,0.897,0.6298,0.002651,0.002669,0.003974,6.030341,25.043158,0.00026311
4152360960,1447170.1,6.3e-05,0.362833,0.001091,-0.217773,0.0,0.897,0.6279,0.003399,0.003861,0.00485,5.071281,27.026928,0.0003112
4153147392,1442144.0,-0.0095,0.377696,0.001044,-0.228516,0.0,0.8974,0.6266,0.00328,0.004042,0.004312,5.028278,26.656956,0.00029511
4153933824,1437134.1,0.00448,0.400468,0.001045,-0.235352,0.0,0.8978,0.6243,0.00277,0.003265,0.004346,5.48139,26.248787,0.00031306
4154720256,1426331.0,0.000323,0.503565,0.001039,-0.242188,0.0,0.8975,0.6226,0.005621,0.002952,0.004359,6.404117,25.32762,0.00028674
4155506688,1421601.3,0.000442,0.399718,0.001005,-0.239258,0.0,0.8971,0.6214,0.003715,0.003382,0.004719,6.867532,24.468075,0.00031523
4156293120,1416773.6,0.002544,0.40781,0.001019,-0.24707,0.0,0.8965,0.6168,0.003392,0.003482,0.003796,6.489669,23.999538,0.00031809
4157079552,1411880.0,-0.001802,0.361397,0.001018,-0.24707,0.0,0.8962,0.6162,0.004701,0.002915,0.004435,5.825676,25.962454,0.00033576
4157865984,1401483.9,0.008533,0.323886,0.001088,-0.242188,0.0,0.895,0.6128,0.004167,0.003371,0.005215,5.589175,26.047995,0.00029563
4158652416,1396495.1,0.003062,0.39187,0.001135,-0.236328,0.0,0.8937,0.6088,0.003538,0.003136,0.004389,6.113437,25.97933,0.00029818
4159438848,1391366.0,-0.000186,0.301086,0.001153,-0.229492,0.0,0.8925,0.6042,0.002838,0.00302,0.004143,6.201027,25.622862,0.00032164
4160225280,1380829.8,0.002416,0.314245,0.001175,-0.21875,0.0,0.8915,0.6042,0.002893,0.003175,0.00476,6.68193,24.247931,0.00030057
4161011712,1375828.8,0.007647,0.324982,0.001148,-0.205078,0.0,0.8908,0.6049,0.003324,0.002717,0.004027,4.544498,26.967375,0.00030451
4161798144,1370993.6,-0.004537,0.190242,0.001161,-0.195312,0.0,0.8901,0.6081,0.002308,0.002435,0.003859,4.609805,27.054455,0.00032319
4162584576,1366393.9,0.001698,0.188577,0.001159,-0.196289,0.0,0.8902,0.6124,0.00268,0.002691,0.004042,4.941456,26.905609,0.0003039
4163371008,1356738.6,0.001704,0.316173,0.001175,-0.209961,0.0,0.8907,0.6157,0.001967,0.00259,0.003176,5.361867,25.556747,0.00028192
4164157440,1352026.6,0.001685,0.25362,0.001158,-0.208984,0.0,0.8908,0.6181,0.002939,0.003106,0.003191,5.443324,25.167492,0.000279
4164943872,1347645.6,-0.002612,0.22292,0.001126,-0.208984,0.0,0.8913,0.6218,0.002301,0.002676,0.003851,5.642744,24.157177,0.00029254
4165730304,1336922.6,-0.00318,0.238088,0.001079,-0.213867,0.0,0.8918,0.6257,0.002278,0.002363,0.003426,5.030032,26.986858,0.00031701
4166516736,1332820.4,-0.004909,0.25783,0.001129,-0.216797,0.0,0.8924,0.6284,0.002614,0.003247,0.00468,5.48026,26.676626,0.00025765
4167303168,1328583.3,-0.000962,0.329261,0.001119,-0.231445,0.0,0.8933,0.6316,0.002593,0.003057,0.004067,5.773379,25.933979,0.00030199
4168089600,1324109.7,0.003694,0.369432,0.001133,-0.229492,0.0,0.8941,0.6352,0.002193,0.003125,0.004873,6.107721,25.396595,0.00030985
4168876032,1314383.1,0.002243,0.253767,0.001119,-0.234375,0.0,0.8945,0.6385,0.002345,0.002694,0.003868,6.047861,24.014416,0.00032568
4169662464,1310112.6,0.003716,0.241284,0.001102,-0.225586,0.0,0.8947,0.6408,0.003424,0.003396,0.004346,5.256902,26.599312,0.0003097
4170448896,1305978.7,0.002097,0.245731,0.001086,-0.233398,0.0,0.895,0.6428,0.003511,0.0028,0.004363,5.654885,26.295502,0.00030764
4171235328,1296785.5,0.004476,0.413622,0.001116,-0.230469,0.0,0.8954,0.6455,0.003764,0.003293,0.004264,6.155763,25.659765,0.00032104
4172021760,1292893.4,-0.001386,0.272636,0.001218,-0.222656,0.0,0.8944,0.6422,0.006272,0.00344,0.005279,5.896801,25.600521,0.00031043
4172808192,1289006.1,0.005583,0.353179,0.001233,-0.22168,0.0,0.8937,0.643,0.003548,0.003087,0.004096,6.35294,25.811392,0.00034145
4173594624,1284757.5,-0.006606,0.255762,0.001192,-0.22168,0.0,0.8932,0.6422,0.002444,0.003462,0.003508,5.316394,27.081717,0.00028375
4174381056,1275905.4,0.006241,0.270556,0.001169,-0.226562,0.0,0.8929,0.6438,0.00386,0.003186,0.004195,5.639527,27.485149,0.00033127
4175167488,1271924.8,0.002259,0.302583,0.001109,-0.21582,0.0,0.8923,0.6439,0.003221,0.003972,0.006067,5.617019,27.094854,0.00033629
4175953920,1267934.8,8.5e-05,0.224901,0.001094,-0.211914,0.0,0.8914,0.6455,0.003045,0.002978,0.003742,5.527435,27.117559,0.00034026
4176740352,1259005.9,0.004152,0.200377,0.001052,-0.216797,0.0,0.8902,0.6473,0.003315,0.002722,0.003579,6.676777,25.017136,0.0003008
4177526784,1255153.2,-0.000356,0.256741,0.000978,-0.212891,0.0,0.8883,0.6442,0.0023,0.003156,0.00416,5.142185,27.556671,0.00030602
4178313216,1251246.0,-0.002655,0.202649,0.000989,-0.213867,0.0,0.8877,0.6437,0.002549,0.003146,0.003668,4.929319,27.498276,0.0003185
4179099648,1247392.7,0.00063,0.253769,0.001004,-0.210938,0.0,0.8864,0.6413,0.002077,0.003236,0.00424,5.320007,27.397381,0.00032086
4179886080,1238721.1,-0.000321,0.242584,0.001032,-0.213867,0.0,0.8851,0.6395,0.002574,0.003322,0.005092,5.57633,25.997559,0.00029981
4180672512,1235204.6,-0.001041,0.29654,0.001084,-0.22168,0.0,0.8842,0.6402,0.00224,0.002606,0.003862,5.752368,25.528397,0.00030676
4181458944,1231674.6,-0.001402,0.287722,0.001021,-0.216797,0.0,0.8836,0.6402,0.002231,0.002534,0.003335,5.794394,25.327042,0.00032709
4182245376,1227981.7,-0.002073,0.262885,0.001033,-0.213867,0.0,0.8832,0.6416,0.002612,0.002633,0.003391,4.676413,26.726746,0.00028887
4183031808,1219841.0,0.001526,0.325745,0.001031,-0.208984,0.0,0.8826,0.6428,0.002276,0.003423,0.004681,5.105439,27.002453,0.00029822
4183818240,1216245.0,0.011038,0.37563,0.001058,-0.213867,0.0,0.8819,0.6427,0.002413,0.003006,0.004545,5.361152,26.963932,0.00030572
4184604672,1212805.2,0.00114,0.282454,0.001064,-0.214844,0.0,0.8812,0.6437,0.00304,0.003106,0.003629,5.576737,26.923126,0.00028979
4185391104,1204969.1,-0.001552,0.271551,0.001052,-0.208008,0.0,0.8808,0.6463,0.002158,0.00308,0.003658,5.872527,25.674263,0.00031585
4186177536,1201626.7,0.006021,0.20321,0.00102,-0.194336,0.0,0.8814,0.6493,0.001969,0.003334,0.003463,4.894335,28.034321,0.0003162
4186963968,1198204.1,-0.001088,0.220613,0.001019,-0.202148,0.0,0.8822,0.6536,0.00274,0.002642,0.00292,4.910001,27.944029,0.0003132
4187750400,1194797.8,-0.001311,0.204025,0.001013,-0.197266,0.0,0.8832,0.6574,0.001733,0.002917,0.003457,5.34161,27.565182,0.00031193
4188536832,1186696.8,-0.006627,0.323752,0.001115,-0.210938,0.0,0.8842,0.6583,0.002855,0.003782,0.004632,5.668766,27.161072,0.00030869
4189323264,1183474.4,-0.005393,0.213993,0.001128,-0.203125,0.0,0.8851,0.6598,0.002563,0.003457,0.004297,6.071098,27.16423,0.00032394
4190109696,1179967.2,-0.003041,0.419442,0.001073,-0.222656,0.0,0.8856,0.6559,0.003071,0.003496,0.004392,6.10465,26.875227,0.00031114
4190896128,1171833.0,0.00137,0.388145,0.001098,-0.227539,0.0,0.886,0.6551,0.002811,0.003398,0.004804,5.704283,28.121094,0.00031426
4191682560,1168575.7,0.004639,0.412668,0.001038,-0.22168,0.0,0.8866,0.6547,0.003061,0.003938,0.005287,5.807865,27.841007,0.00033428
4192468992,1165355.5,0.000922,0.264781,0.001074,-0.213867,0.0,0.8875,0.6536,0.0032,0.003328,0.004921,5.724297,27.451481,0.00032983
4193255424,1161975.1,0.005042,0.246205,0.001026,-0.208008,0.0,0.8879,0.6535,0.002631,0.003214,0.003769,6.135087,27.102509,0.00031046
4194041856,1154239.1,0.005051,0.408172,0.001065,-0.216797,0.0,0.8885,0.6516,0.002559,0.003198,0.004058,6.074738,26.26564,0.00033351
4194828288,1150887.8,-0.001993,0.223862,0.001006,-0.192383,0.0,0.8888,0.6526,0.002842,0.003483,0.004267,4.952281,27.947418,0.00031452
4195614720,1147546.1,-0.000728,0.268354,0.001047,-0.202148,0.0,0.8891,0.6543,0.003314,0.003252,0.004398,5.029034,28.011776,0.00031545
4196401152,1140215.1,-0.000983,0.203387,0.001014,-0.208008,0.0,0.8894,0.6579,0.002376,0.002274,0.00341,5.077017,27.365822,0.0002726
4197187584,1137192.3,0.001167,0.284744,0.001079,-0.200195,0.0,0.8894,0.6543,0.003345,0.002862,0.004222,5.65908,26.672577,0.00031294
4197974016,1133896.2,0.002208,0.253378,0.001084,-0.192383,0.0,0.8893,0.6508,0.003196,0.003273,0.004321,5.989457,26.556707,0.00028514
4198760448,1130648.6,-0.004303,0.330053,0.001106,-0.206055,0.0,0.8892,0.6469,0.00284,0.003001,0.00377,5.602462,26.719427,0.00025761
4199546880,1123684.7,0.006406,0.469544,0.001128,-0.220703,0.0,0.8894,0.6465,0.00274,0.002502,0.003492,5.456847,28.537725,0.00031382
4200333312,1120624.7,-0.00321,0.351078,0.001077,-0.22168,0.0,0.8899,0.6447,0.002897,0.003851,0.004678,5.556046,28.317593,0.00031343
4201119744,1117640.3,0.003684,0.487918,0.001087,-0.235352,0.0,0.8906,0.6435,0.001965,0.002558,0.003083,6.455447,27.846817,0.00032441
4201906176,1110784.9,-0.001674,0.41934,0.001116,-0.236328,0.0,0.891,0.6399,0.00286,0.003586,0.003864,6.105349,25.697216,0.00031288
4202692608,1107782.4,-0.002126,0.234389,0.001014,-0.205078,0.0,0.8909,0.6409,0.004909,0.003036,0.00408,6.129705,25.586807,0.00036252
4203479040,1104651.5,-0.000318,0.255419,0.000997,-0.205078,0.0,0.8911,0.6403,0.003356,0.003002,0.004886,5.398348,27.956345,0.00032041
4204265472,1101552.2,-0.002205,0.276817,0.001036,-0.219727,0.0,0.8914,0.6398,0.002558,0.003503,0.004293,5.630911,27.824356,0.00025561
4205051904,1094728.2,0.004944,0.354468,0.001098,-0.222656,0.0,0.8922,0.6387,0.003135,0.003867,0.004754,6.394909,27.504133,0.00028133
4205838336,1091744.1,0.007997,0.247252,0.001089,-0.210938,0.0,0.8931,0.64,0.002727,0.003545,0.004201,6.394448,27.279068,0.00032801
4206624768,1088764.4,-0.003511,0.244798,0.001076,-0.219727,0.0,0.8941,0.639,0.002609,0.003047,0.004647,6.377975,26.788437,0.00031704
4207411200,1085741.2,0.000837,0.347811,0.001082,-0.216797,0.0,0.8944,0.6386,0.002619,0.002944,0.00385,5.646076,28.387533,0.00031726
4208197632,1079376.5,-0.00365,0.202186,0.001117,-0.204102,0.0,0.8949,0.639,0.003164,0.002745,0.003854,5.349466,28.216019,0.0003223
4208984064,1076509.8,-0.004898,0.220381,0.001072,-0.204102,0.0,0.8955,0.6414,0.002565,0.002716,0.004034,5.647126,27.789272,0.00029432
4209770496,1073481.8,0.003331,0.292121,0.001044,-0.212891,0.0,0.8956,0.6424,0.002741,0.002704,0.003935,6.093455,27.696173,0.00030608
4210556928,1067313.2,0.005438,0.335024,0.001042,-0.220703,0.0,0.8955,0.6401,0.003799,0.002897,0.004068,6.324324,26.681301,0.00030907
4211343360,1064762.7,-0.003232,0.218194,0.000988,-0.210938,0.0,0.8955,0.6408,0.003349,0.003129,0.004479,5.331018,28.662046,0.00031059
4212129792,1062108.9,-0.002405,0.269657,0.001069,-0.208984,0.0,0.8958,0.6422,0.003019,0.003776,0.004771,5.243873,29.188713,0.00030137
4212916224,1059545.0,-0.00474,0.292617,0.001073,-0.209961,0.0,0.8964,0.6428,0.002421,0.00295,0.004325,5.389085,28.739819,0.00032322
4213702656,1053661.2,-0.006773,0.361757,0.001099,-0.21875,0.0,0.8963,0.6395,0.002709,0.00286,0.004539,6.454714,28.132156,0.00028788
4214489088,1050955.8,-0.001171,0.330336,0.001077,-0.22168,0.0,0.8957,0.6346,0.002769,0.003238,0.003985,6.530381,27.83868,0.0003013
4215275520,1048284.8,-0.004523,0.357992,0.001081,-0.224609,0.0,0.8949,0.6299,0.002287,0.003052,0.004058,6.262292,27.235626,0.00029264
4216061952,1042344.1,-0.000437,0.389709,0.001123,-0.226562,0.0,0.8944,0.6255,0.002939,0.003199,0.004139,5.441582,29.243383,0.00028939
4216848384,1039753.7,0.005134,0.398776,0.001107,-0.223633,0.0,0.894,0.6256,0.0042,0.00374,0.005018,5.962749,29.01486,0.00036128
4217634816,1037135.7,0.002299,0.415276,0.00124,-0.22168,0.0,0.8933,0.6231,0.003097,0.003766,0.004104,6.750161,28.579105,0.00031741
4218421248,1034619.0,-0.003461,0.373381,0.001224,-0.220703,0.0,0.8926,0.6224,0.003348,0.003521,0.003507,6.444748,28.424946,0.00032627
4219207680,1028844.8,0.005498,0.552263,0.00124,-0.222656,0.0,0.8917,0.618,0.002919,0.003433,0.004086,6.666434,27.441147,0.00032928
4219994112,1026351.9,0.003554,0.376153,0.001175,-0.210938,0.0,0.891,0.616,0.002635,0.00323,0.003861,5.218611,29.135031,0.00032697
4220780544,1023842.2,0.005317,0.382625,0.001226,-0.21875,0.0,0.8904,0.615,0.002649,0.003366,0.003898,5.521651,29.17445,0.00031412
4221566976,1017932.2,0.002941,0.393824,0.001147,-0.225586,0.0,0.89,0.6138,0.002163,0.002246,0.003524,5.824937,28.642492,0.00031396
4222353408,1015579.1,0.001539,0.25546,0.001141,-0.205078,0.0,0.8898,0.6164,0.002592,0.002444,0.003634,6.046431,28.179516,0.00031196
4223139840,1013209.1,-0.000692,0.184946,0.001071,-0.200195,0.0,0.8898,0.617,0.002535,0.002774,0.004104,6.378147,27.665737,0.00032247
4223926272,1010752.6,-0.003539,0.157428,0.001058,-0.200195,0.0,0.8897,0.6177,0.002605,0.002289,0.003454,5.781234,27.668188,0.00028324
4224712704,1005616.9,0.006328,0.332413,0.001085,-0.22168,0.0,0.8894,0.6176,0.002896,0.003004,0.004543,5.941939,28.81889,0.00026539
4225499136,1003293.9,-0.002097,0.275443,0.001176,-0.216797,0.0,0.8885,0.618,0.00269,0.002956,0.004506,6.078199,28.641914,0.00032088
4226285568,1000847.2,0.001932,0.223401,0.001176,-0.210938,0.0,0.8876,0.6191,0.002663,0.002172,0.002898,6.194131,28.735043,0.00031387
4227072000,995410.3,0.00027,0.252543,0.001216,-0.208008,0.0,0.8869,0.6212,0.001974,0.002104,0.003223,6.636382,27.406746,0.00027681
4227858432,993229.2,0.000792,0.236323,0.001125,-0.202148,0.0,0.8869,0.6253,0.001718,0.002361,0.003934,6.178605,28.002453,0.0003035
4228644864,990930.5,-3.6e-05,0.187074,0.001204,-0.195312,0.0,0.887,0.6284,0.00232,0.002839,0.004095,5.116666,30.254036,0.00030404
4229431296,988639.7,0.003718,0.260689,0.00114,-0.207031,0.0,0.8872,0.6341,0.002405,0.003255,0.004019,5.550962,29.71208,0.00029347
4230217728,983137.7,0.002653,0.227527,0.001126,-0.210938,0.0,0.8877,0.6373,0.00206,0.003363,0.00405,6.019517,29.354568,0.00029333
4231004160,980794.3,-0.000929,0.207764,0.00109,-0.205078,0.0,0.8879,0.639,0.00249,0.002859,0.003726,6.024009,28.883709,0.00029587
4231790592,978540.8,-0.000783,0.171201,0.001054,-0.209961,0.0,0.888,0.6398,0.001872,0.002589,0.003711,6.22647,28.268772,0.0003121
4232577024,976191.2,-0.001075,0.128593,0.001032,-0.202148,0.0,0.8881,0.6436,0.001934,0.002829,0.00349,5.821607,29.204433,0.00031499
4233363456,971115.6,0.005157,0.340264,0.001098,-0.206055,0.0,0.8876,0.6432,0.001922,0.002428,0.00324,5.544956,29.588291,0.00028591
4234149888,968921.6,-0.002685,0.245943,0.001141,-0.189453,0.0,0.8867,0.6416,0.003118,0.00249,0.003603,5.091306,29.48551,0.00035129
4234936320,966740.5,-0.001396,0.248881,0.001146,-0.197266,0.0,0.8858,0.6424,0.002327,0.002738,0.003867,5.572094,29.249546,0.00030692
4235722752,961818.5,0.014142,0.347869,0.001159,-0.199219,0.0,0.8855,0.6425,0.002594,0.003058,0.00457,6.408464,26.922733,0.00030515
4236509184,959770.4,-0.004348,0.252915,0.001069,-0.202148,0.0,0.885,0.6407,0.001913,0.002884,0.00346,4.988258,30.082024,0.00031698
4237295616,957635.7,-0.000858,0.379354,0.001089,-0.210938,0.0,0.885,0.6392,0.001937,0.002756,0.003818,5.436192,30.212254,0.00034326
4238082048,955529.5,-0.002864,0.347178,0.001116,-0.210938,0.0,0.8851,0.6399,0.002675,0.002979,0.004278,5.975175,29.436636,0.00031095
4238868480,950983.6,-0.001621,0.272123,0.001125,-0.202148,0.0,0.8859,0.6419,0.002988,0.002868,0.004037,5.768071,29.265289,0.00029823
4239654912,948772.8,0.002181,0.16323,0.001125,-0.186523,0.0,0.8869,0.6454,0.002809,0.002674,0.003398,5.962362,28.698311,0.00031848
4240441344,946557.8,0.000858,0.178726,0.001127,-0.19043,0.0,0.8878,0.6491,0.002165,0.002527,0.003743,6.190137,28.584438,0.00028254
4241227776,941960.0,-0.001176,0.270941,0.001117,-0.195312,0.0,0.8886,0.6507,0.002467,0.002454,0.003576,5.145816,30.886898,0.00028174
4242014208,939895.8,-0.006609,0.317057,0.00118,-0.191406,0.0,0.8894,0.6542,0.002634,0.003489,0.004553,5.41981,30.328979,0.0003588
4242800640,937690.2,-0.004211,0.344282,0.001209,-0.200195,0.0,0.8901,0.6564,0.002509,0.003189,0.003883,6.014868,30.016516,0.00033761
4243587072,935472.2,-0.005365,0.254586,0.001162,-0.198242,0.0,0.891,0.6592,0.00244,0.003029,0.004088,5.722589,28.880291,0.00035321
4244373504,930951.0,0.002831,0.293052,0.001154,-0.195312,0.0,0.8918,0.6627,0.003042,0.002953,0.0036,5.894093,28.022039,0.00031842
4245159936,928973.9,0.000341,0.269414,0.001147,-0.198242,0.0,0.8923,0.664,0.003102,0.003252,0.003763,5.194605,29.742386,0.0003496
4245946368,926926.7,0.003622,0.332105,0.001134,-0.205078,0.0,0.8931,0.6677,0.003232,0.003091,0.004113,5.622429,29.603712,0.00031171
4246732800,922352.9,0.000435,0.246382,0.001216,-0.197266,0.0,0.8939,0.6715,0.002462,0.002828,0.003294,5.610238,29.41893,0.00031942
4247519232,920460.8,0.002548,0.208732,0.001144,-0.178711,0.0,0.8946,0.6786,0.002374,0.002953,0.004417,5.23924,29.110474,0.00035584
4248305664,918398.3,-0.002125,0.247967,0.001142,-0.181641,0.0,0.8956,0.6817,0.002221,0.002403,0.003447,5.778188,29.24435,0.00032983
4249092096,916360.6,-0.000173,0.247848,0.001122,-0.183594,0.0,0.8961,0.6828,0.00237,0.003035,0.00445,5.52729,28.997223,0.00032792
4249878528,911723.4,0.004961,0.284091,0.001121,-0.185547,0.0,0.8962,0.6835,0.002576,0.00353,0.004808,5.211742,30.092176,0.00028803
4250664960,909891.2,-0.001095,0.269879,0.001076,-0.195312,0.0,0.8962,0.6832,0.002444,0.0033,0.005163,5.407117,30.102789,0.00030436
4251451392,908044.5,0.000245,0.216631,0.001137,-0.188477,0.0,0.8963,0.6814,0.002886,0.003067,0.004732,5.576105,29.789486,0.00030768
4252237824,904142.1,-0.001867,0.197744,0.001146,-0.18457,0.0,0.8966,0.6795,0.002429,0.002424,0.003576,6.250004,28.325005,0.00034652
4253024256,902322.2,0.003824,0.309404,0.001198,-0.194336,0.0,0.8977,0.6805,0.003562,0.002421,0.003052,6.134924,28.476807,0.00031599
4253810688,900489.5,0.005248,0.266662,0.001152,-0.186523,0.0,0.8984,0.6812,0.004767,0.002202,0.002922,4.822547,30.23728,0.00034259
4254597120,898466.7,0.004832,0.282274,0.001189,-0.181641,0.0,0.8996,0.6829,0.004125,0.002199,0.003514,5.130298,30.263586,0.00029933
4255383552,894220.6,-0.002457,0.306073,0.001184,-0.18457,0.0,0.9004,0.683,0.003021,0.002661,0.004371,5.434,29.975235,0.00031399
4256169984,892252.0,0.002081,0.260138,0.00111,-0.177734,0.0,0.9007,0.6827,0.002783,0.0026,0.004243,5.455182,29.770679,0.00035273
4256956416,890272.1,-0.007825,0.145452,0.001068,-0.175781,0.0,0.9009,0.6829,0.002481,0.002626,0.003787,5.424124,29.488895,0.0002895
4257742848,888308.9,-0.002919,0.217198,0.001105,-0.19043,0.0,0.901,0.6842,0.003031,0.002933,0.003893,5.158988,29.56089,0.00028801
4258529280,883603.6,-0.001788,0.328486,0.001196,-0.217773,0.0,0.9015,0.6823,0.002845,0.003467,0.004575,5.635759,30.54562,0.00030261
4259315712,881779.2,0.006212,0.234685,0.001233,-0.209961,0.0,0.9023,0.6832,0.002806,0.003454,0.004884,5.827765,29.82085,0.00033152
4260102144,879987.9,-0.004846,0.291868,0.001222,-0.214844,0.0,0.9027,0.6802,0.003271,0.00295,0.004131,6.235587,29.939161,0.00035535
4260888576,875916.8,0.001092,0.297568,0.001219,-0.204102,0.0,0.9031,0.6772,0.002236,0.002444,0.003308,6.625706,29.14327,0.00033821
4261675008,874241.8,0.005574,0.293121,0.001084,-0.195312,0.0,0.9041,0.6778,0.002275,0.002583,0.00364,6.012595,29.499828,0.00036249
4262461440,872435.2,-0.008763,0.304533,0.001075,-0.200195,0.0,0.9048,0.6777,0.002104,0.002766,0.003792,5.20546,30.84547,0.00039272
4263247872,870743.2,-0.001332,0.340405,0.001048,-0.207031,0.0,0.9057,0.6794,0.002532,0.003098,0.004658,5.927752,30.359581,0.00033349
4264034304,866605.4,-0.006406,0.337469,0.001111,-0.206055,0.0,0.9059,0.6801,0.001829,0.002556,0.004067,6.720811,29.923519,0.00034184
4264820736,864853.4,0.00325,0.240015,0.001108,-0.204102,0.0,0.906,0.6799,0.002088,0.003289,0.00394,6.121984,29.446577,0.00036948
4265607168,863103.9,-4.5e-05,0.306676,0.00112,-0.201172,0.0,0.9055,0.6792,0.002068,0.002804,0.003694,6.003499,28.981915,0.00035318
4266393600,859216.5,-0.001913,0.304166,0.001137,-0.200195,0.0,0.9051,0.6782,0.003141,0.002934,0.004814,4.910724,31.503841,0.00034409
4267180032,857615.0,0.001277,0.233507,0.001156,-0.194336,0.0,0.9043,0.6758,0.003005,0.003224,0.004964,5.515296,30.921329,0.00036925
4267966464,855920.5,0.002745,0.225628,0.001193,-0.193359,0.0,0.9036,0.6727,0.003227,0.002936,0.004848,5.86465,30.193172,0.00032414
4268752896,854231.9,-0.006362,0.260286,0.001196,-0.189453,0.0,0.9029,0.6703,0.00242,0.002641,0.003999,5.814,29.577461,0.00034781
4269539328,850233.8,0.003275,0.251821,0.001206,-0.188477,0.0,0.9021,0.6711,0.00353,0.003941,0.004127,6.193902,29.439007,0.0003475
4270325760,848577.2,0.001585,0.270565,0.001121,-0.196289,0.0,0.9019,0.6712,0.003016,0.002624,0.003493,5.23683,31.054325,0.00034326
4271112192,846864.9,-0.002596,0.212697,0.001154,-0.192383,0.0,0.9018,0.6738,0.00284,0.003171,0.004331,5.341549,31.294434,0.00037352
4271898624,843159.1,0.00231,0.283753,0.00118,-0.186523,0.0,0.9016,0.6742,0.00298,0.002625,0.003404,5.985727,31.112644,0.00035573
4272685056,841481.0,-0.00041,0.351093,0.001153,-0.193359,0.0,0.9005,0.6725,0.002084,0.003149,0.004032,6.17164,30.862738,0.00035906
4273471488,839939.5,0.005819,0.284957,0.0012,-0.193359,0.0,0.8994,0.6709,0.00289,0.004136,0.004721,6.379372,30.490173,0.00038714
4274257920,838293.2,0.0006,0.296293,0.001144,-0.195312,0.0,0.8984,0.669,0.003424,0.003863,0.003936,6.603446,29.969254,0.0003854
4275044352,834788.7,-0.005559,0.30199,0.001085,-0.191406,0.0,0.8977,0.6662,0.002973,0.003052,0.004738,4.766276,31.667858,0.00034697
4275830784,833157.4,-0.001519,0.291177,0.001096,-0.1875,0.0,0.8967,0.6622,0.00327,0.003267,0.004426,4.937862,31.367027,0.00032527
4276617216,831461.8,0.000907,0.231117,0.001086,-0.1875,0.0,0.8957,0.6615,0.002779,0.003316,0.00392,5.311598,29.940765,0.00038194
4277403648,827905.4,0.007062,0.268489,0.001141,-0.188477,0.0,0.8948,0.6597,0.003024,0.002898,0.003819,6.016001,29.249237,0.00036903
4278190080,826249.2,-0.003357,0.180636,0.00105,-0.181641,0.0,0.8942,0.661,0.002971,0.003327,0.004346,6.180471,28.866577,0.00036627
4278976512,824617.1,-0.002984,0.220456,0.001069,-0.179688,0.0,0.894,0.661,0.002343,0.003239,0.003933,4.649602,31.338095,0.00038422
4279762944,823046.5,-0.00136,0.221012,0.001065,-0.186523,0.0,0.8932,0.6611,0.003682,0.003176,0.004497,4.868071,31.132843,0.00034531
4280549376,819628.1,0.006502,0.315224,0.001097,-0.194336,0.0,0.8921,0.6602,0.00218,0.002851,0.0041,5.948,30.426651,0.00032599
4281335808,818016.4,0.000848,0.28573,0.001088,-0.192383,0.0,0.8908,0.6586,0.002022,0.002857,0.003738,6.299088,29.866653,0.00035675
4282122240,816403.6,0.002818,0.3164,0.001082,-0.19043,0.0,0.8893,0.6556,0.001874,0.002342,0.003373,6.353558,29.277609,0.00033689
4282908672,814857.0,-0.003918,0.182318,0.001092,-0.186523,0.0,0.888,0.6561,0.002205,0.002387,0.003881,6.019665,28.909672,0.0003592
4283695104,811355.5,-0.005241,0.186289,0.001091,-0.186523,0.0,0.8877,0.6565,0.001947,0.002784,0.003708,5.328084,30.823719,0.00034767
4284481536,809740.7,0.001459,0.210838,0.001071,-0.192383,0.0,0.8874,0.6559,0.002497,0.003261,0.004264,5.65728,30.874731,0.00032939
4285267968,808202.5,-0.002685,0.263848,0.00108,-0.200195,0.0,0.8871,0.6548,0.002623,0.003164,0.004595,6.565529,30.237143,0.00033035
4286054400,804834.3,0.003182,0.397676,0.001146,-0.204102,0.0,0.8864,0.6537,0.001765,0.002595,0.00365,6.064489,29.39587,0.00030783
4286840832,803313.1,-0.007422,0.167796,0.001067,-0.183594,0.0,0.8855,0.6563,0.003123,0.003396,0.004024,5.770194,29.482967,0.00033181
4287627264,801788.9,0.001443,0.206238,0.001043,-0.178711,0.0,0.8854,0.6577,0.003019,0.003449,0.00426,4.913672,31.29034,0.00034231
4288413696,800295.3,0.001955,0.161991,0.001065,-0.185547,0.0,0.8851,0.6618,0.002595,0.003043,0.003624,5.075451,30.779602,0.00031459
4289200128,796955.4,-0.002708,0.449232,0.001231,-0.206055,0.0,0.8845,0.6609,0.003116,0.003308,0.004064,5.977279,29.932514,0.00031536
4289986560,795448.1,-0.001253,0.296073,0.0012,-0.203125,0.0,0.8836,0.6592,0.002488,0.002987,0.00342,6.121443,29.310614,0.0003571
4290772992,794041.5,0.002318,0.291782,0.001157,-0.208008,0.0,0.8828,0.6572,0.002642,0.003034,0.003473,6.660377,28.591259,0.00032882
4291559424,791027.1,-0.001078,0.295108,0.001154,-0.210938,0.0,0.8825,0.6561,0.003102,0.003262,0.00412,5.074645,30.403433,0.00032708
4292345856,789628.1,0.002845,0.275521,0.001069,-0.206055,0.0,0.8831,0.6573,0.003566,0.003458,0.005169,5.47843,30.444824,0.00033321
4293132288,788200.6,0.003344,0.163743,0.001091,-0.188477,0.0,0.8839,0.6604,0.00275,0.003229,0.004459,5.458966,29.806683,0.00038819
4293918720,786723.0,0.002946,0.335571,0.001048,-0.197266,0.0,0.8851,0.6629,0.003379,0.002682,0.003811,6.531626,30.055569,0.00037928
4294705152,783456.5,-0.000631,0.341603,0.001118,-0.201172,0.0,0.8859,0.6639,0.002686,0.003138,0.004151,6.359978,29.224239,0.00037681
4295491584,782022.9,0.0069,0.296752,0.00113,-0.201172,0.0,0.8863,0.6629,0.002494,0.002963,0.004658,5.18884,30.884869,0.00041744
4296278016,780634.9,-0.000356,0.311101,0.001091,-0.210938,0.0,0.8863,0.6632,0.002882,0.002847,0.004189,5.561447,31.047428,0.00037283
4297064448,777342.4,0.001653,0.375632,0.001105,-0.216797,0.0,0.8866,0.6628,0.002361,0.00267,0.003498,6.132559,30.902634,0.00031905
4297850880,775994.9,-0.006508,0.257723,0.001128,-0.209961,0.0,0.887,0.6622,0.001931,0.003168,0.004061,6.421076,30.135748,0.0003534
4298637312,774599.9,0.003852,0.257177,0.001061,-0.201172,0.0,0.8872,0.6626,0.00253,0.002702,0.00334,6.638377,29.863821,0.00035071
4299423744,773146.5,0.004713,0.300434,0.001008,-0.205078,0.0,0.8869,0.6615,0.003124,0.00267,0.0031,6.588368,29.27055,0.00036901
4300210176,770110.3,0.003885,0.260116,0.001059,-0.199219,0.0,0.8869,0.6617,0.002693,0.003307,0.004175,5.332263,31.304779,0.00034038
4300996608,768794.4,0.004463,0.371825,0.001093,-0.199219,0.0,0.8868,0.6618,0.003886,0.00348,0.004628,5.953226,31.025541,0.00040022
4301783040,767439.5,-0.001756,0.27807,0.00112,-0.197266,0.0,0.8867,0.6612,0.002657,0.002842,0.004296,6.112949,30.678564,0.00035935
4302569472,764296.7,-0.00323,0.283675,0.001133,-0.205078,0.0,0.8863,0.6624,0.001987,0.002352,0.003709,7.33258,29.949087,0.00033738
4303355904,763020.5,0.008028,0.331604,0.001054,-0.214844,0.0,0.8868,0.6608,0.001845,0.002601,0.00281,7.093175,29.608128,0.00036849
4304142336,761713.9,-0.00615,0.324997,0.001037,-0.223633,0.0,0.8867,0.6593,0.002182,0.002866,0.003786,6.175092,31.856131,0.00045541
4304928768,760344.5,0.009331,0.530273,0.00101,-0.235352,0.0,0.8867,0.655,0.003153,0.004269,0.005064,6.943797,31.747641,0.00041465
4305715200,757168.4,-0.001207,0.420501,0.001048,-0.213867,0.0,0.8864,0.6513,0.00217,0.002973,0.003605,5.991209,30.912868,0.00042582
4306501632,755912.4,-0.003918,0.381257,0.001041,-0.200195,0.0,0.8851,0.6445,0.002697,0.002988,0.004129,6.323604,30.42333,0.00040522
4307288064,754663.7,-0.007432,0.289586,0.001055,-0.194336,0.0,0.8836,0.6375,0.003005,0.002957,0.004062,6.632225,30.228848,0.0003643
4308074496,753390.1,0.003805,0.270903,0.001028,-0.19043,0.0,0.8822,0.6335,0.002931,0.002822,0.003549,6.512663,29.776646,0.00036003
4308860928,750646.7,0.00351,0.423243,0.001071,-0.201172,0.0,0.8822,0.6342,0.002352,0.002552,0.003978,5.577099,32.537361,0.00038721
4309647360,749351.4,-0.004056,0.320894,0.001073,-0.183594,0.0,0.8819,0.6327,0.00238,0.002816,0.003775,5.523658,32.044113,0.0003542
4310433792,748096.9,-0.002449,0.269608,0.001111,-0.186523,0.0,0.8821,0.6329,0.002964,0.003188,0.004283,5.395704,32.376377,0.00034659
4311220224,745268.6,-0.002992,0.250202,0.001112,-0.183594,0.0,0.882,0.6307,0.002837,0.002595,0.004041,5.976058,30.437149,0.00033564
4312006656,744061.3,-0.001357,0.322577,0.001113,-0.175781,0.0,0.8806,0.6256,0.001782,0.002227,0.00357,6.130834,30.352837,0.00034508
4312793088,742822.5,0.007615,0.235026,0.001104,-0.174805,0.0,0.8796,0.6236,0.002045,0.002717,0.004211,4.905602,33.313717,0.00036088
4313579520,741611.7,-0.000326,0.40147,0.001136,-0.18457,0.0,0.8786,0.619,0.002297,0.00235,0.003941,5.445488,32.691673,0.00032043
4314365952,738839.9,-0.001575,0.322699,0.001126,-0.182617,0.0,0.8783,0.6155,0.003451,0.003349,0.004789,5.512697,32.50333,0.00035776
4315152384,737654.8,0.000819,0.230029,0.001126,-0.180664,0.0,0.8777,0.6119,0.00247,0.002918,0.004385,5.964905,31.461559,0.00038846
4315938816,736353.3,0.003545,0.36998,0.001057,-0.198242,0.0,0.8767,0.6061,0.002646,0.002786,0.004249,6.974602,30.704132,0.00035786
4316725248,733532.6,0.000202,0.234587,0.001044,-0.191406,0.0,0.8762,0.6028,0.003161,0.003038,0.004467,5.181703,33.248096,0.00039252
4317511680,732353.9,0.005015,0.198672,0.001095,-0.178711,0.0,0.8762,0.6057,0.004361,0.002966,0.004818,5.498036,33.125427,0.00037926
4318298112,731095.8,0.002627,0.181937,0.001263,-0.169922,0.0,0.8766,0.608,0.004997,0.00304,0.004706,5.359868,32.657314,0.00037458
4319084544,729933.3,-0.006806,0.12783,0.001233,-0.166992,0.0,0.8769,0.6115,0.003726,0.002002,0.004292,5.170623,32.5942,0.00036641
4319870976,727095.9,-0.004016,0.185047,0.001104,-0.174805,0.0,0.8768,0.6126,0.003062,0.002225,0.003581,5.946077,31.078129,0.00030086
4320657408,725929.1,-0.000845,0.232586,0.001021,-0.175781,0.0,0.8768,0.6116,0.002033,0.002164,0.003639,5.970942,31.149366,0.00038143
4321443840,724745.8,-0.008562,0.224594,0.000999,-0.180664,0.0,0.8767,0.6104,0.00401,0.002529,0.003962,5.232968,32.836155,0.00041033
4322230272,721904.5,-0.000407,0.210546,0.001016,-0.181641,0.0,0.8765,0.6096,0.002568,0.002589,0.004001,5.151911,32.710442,0.00036062
4323016704,720783.5,0.002839,0.191797,0.001107,-0.177734,0.0,0.8764,0.6115,0.003114,0.00306,0.005061,5.479632,31.9683,0.00038675
4323803136,719599.5,-0.001739,0.136285,0.001065,-0.172852,0.0,0.8763,0.6154,0.002585,0.002456,0.003418,6.029727,31.384291,0.00037424
4324589568,718463.7,0.001186,0.12477,0.001032,-0.176758,0.0,0.8762,0.6173,0.002686,0.002466,0.003902,5.841535,31.270407,0.0003843
4325376000,715780.0,0.001969,0.209917,0.001046,-0.181641,0.0,0.8761,0.6191,0.002505,0.002956,0.003971,5.15096,32.956024,0.00039254
4326162432,714687.2,0.000554,0.214781,0.00104,-0.172852,0.0,0.8761,0.6198,0.00233,0.003047,0.00426,5.197423,32.603844,0.00041637
4326948864,713595.2,-0.003251,0.207393,0.00108,-0.168945,0.0,0.8764,0.6203,0.002271,0.002056,0.003451,5.188307,32.399818,0.00038774
4327735296,710951.8,-0.00136,0.186404,0.001087,-0.175781,0.0,0.8771,0.6231,0.001653,0.00216,0.003434,6.206349,31.084433,0.00038693
4328521728,709870.2,0.002859,0.234446,0.001016,-0.168945,0.0,0.8781,0.6256,0.002442,0.002641,0.003474,6.135905,30.830074,0.00042504
4329308160,708780.1,-0.000969,0.22473,0.000972,-0.168945,0.0,0.8788,0.6288,0.002509,0.002426,0.003216,4.764087,32.507401,0.00039166
4330094592,707635.2,-0.001138,0.212758,0.00096,-0.173828,0.0,0.8801,0.6329,0.002677,0.002869,0.003972,4.902244,32.694244,0.00034777
4330881024,704968.7,0.003684,0.241845,0.001026,-0.179688,0.0,0.8819,0.6387,0.00227,0.002747,0.004677,5.693771,32.406445,0.0003661
4331667456,703814.9,-0.000302,0.242572,0.001087,-0.182617,0.0,0.8831,0.6415,0.004119,0.003101,0.004852,5.549255,31.828197,0.00038936
4332453888,702758.6,-0.000546,0.213178,0.00104,-0.177734,0.0,0.8844,0.6483,0.002321,0.002052,0.00334,6.149563,31.151648,0.00042021
4333240320,701682.3,0.000497,0.166261,0.001032,-0.180664,0.0,0.8858,0.6566,0.003048,0.002742,0.004553,6.440329,30.530209,0.00036142
4334026752,699163.1,-0.004258,0.206228,0.001074,-0.191406,0.0,0.8867,0.6584,0.003475,0.002732,0.00481,5.139897,32.652466,0.00039279
4334813184,698130.5,-0.001648,0.221774,0.00111,-0.191406,0.0,0.8888,0.6679,0.002689,0.002841,0.004709,5.581102,32.402824,0.00045244
4335599616,696972.6,-0.001121,0.217017,0.001111,-0.186523,0.0,0.8906,0.6723,0.003648,0.002872,0.003981,5.832275,32.257874,0.00040227
4336386048,694373.8,0.000878,0.304502,0.001148,-0.180664,0.0,0.8923,0.6761,0.00202,0.002396,0.003164,6.401033,31.753851,0.00035461
4337172480,693354.3,0.005003,0.258467,0.001058,-0.172852,0.0,0.8933,0.6776,0.001796,0.002116,0.002795,6.29185,31.387646,0.00041496
4337958912,692318.0,0.005098,0.265413,0.001078,-0.179688,0.0,0.8936,0.678,0.002418,0.003158,0.004144,5.073193,33.522465,0.00041896
4338745344,691254.3,-0.002174,0.25739,0.001073,-0.182617,0.0,0.8939,0.6791,0.002046,0.002678,0.003642,5.126505,33.370827,0.00038711
4339531776,688824.0,-0.000782,0.269316,0.001147,-0.178711,0.0,0.8948,0.6817,0.00222,0.003023,0.004464,5.847193,32.937408,0.00040528
4340318208,687791.0,0.003906,0.217035,0.001125,-0.179688,0.0,0.8961,0.6848,0.002089,0.002587,0.003647,5.886162,32.643307,0.00048601
4341104640,686691.9,0.002212,0.267965,0.001135,-0.179688,0.0,0.8977,0.6879,0.001654,0.001785,0.002377,6.423651,32.1119,0.00041353
4341891072,684032.6,0.000247,0.197959,0.001132,-0.175781,0.0,0.8987,0.6924,0.001799,0.002967,0.003613,4.782575,33.909641,0.00043122
4342677504,682995.9,0.002405,0.256555,0.001039,-0.1875,0.0,0.8995,0.6954,0.002563,0.003217,0.003284,5.433401,33.810402,0.00041591
4343463936,681897.8,-0.001531,0.205439,0.001056,-0.181641,0.0,0.9005,0.6976,0.001879,0.002763,0.00323,5.71634,33.346828,0.00043828
4344250368,680812.9,0.004061,0.25398,0.001051,-0.188477,0.0,0.9016,0.7034,0.001258,0.002066,0.002649,6.27162,32.697685,0.00044391
4345036800,678098.6,0.001571,0.299034,0.001096,-0.192383,0.0,0.9019,0.7016,0.002559,0.002442,0.003392,6.721178,31.196243,0.00043475
4345823232,677050.2,0.006119,0.312416,0.001093,-0.19043,0.0,0.9015,0.6981,0.003858,0.003094,0.003895,6.715694,30.287359,0.00045207
4346609664,675975.3,0.00139,0.296242,0.001108,-0.1875,0.0,0.9014,0.6965,0.002396,0.00262,0.003766,5.251049,33.028961,0.00042476
4347396096,673376.4,0.004953,0.37092,0.001147,-0.191406,0.0,0.9011,0.6921,0.00229,0.002563,0.003667,5.390062,33.740097,0.00041494
4348182528,672384.6,-0.003813,0.241405,0.001238,-0.180664,0.0,0.9007,0.6918,0.002119,0.002839,0.00474,5.893756,33.15139,0.0004737
4348968960,671353.1,-0.001907,0.24876,0.001191,-0.182617,0.0,0.9004,0.6921,0.002284,0.002501,0.003952,6.285837,32.119213,0.0004729
4349755392,670409.9,0.002052,0.297316,0.001169,-0.188477,0.0,0.9003,0.6927,0.002074,0.002633,0.003545,6.479086,32.103451,0.0005413
4350541824,668114.0,-0.006337,0.203246,0.001161,-0.182617,0.0,0.9003,0.6934,0.0024,0.002808,0.003968,5.118625,33.337433,0.0004597
4351328256,667121.2,0.000456,0.128649,0.001117,-0.177734,0.0,0.9004,0.6939,0.002674,0.002786,0.003392,4.840104,32.904686,0.00046799
4352114688,666143.6,-0.00326,0.215754,0.001109,-0.180664,0.0,0.9005,0.6937,0.002581,0.002666,0.00371,5.587867,32.146904,0.00040774
4352901120,663718.4,-0.001927,0.157374,0.001179,-0.177734,0.0,0.9008,0.6935,0.002407,0.002406,0.003298,5.692842,30.993416,0.00037116
4353687552,662792.3,0.000786,0.143164,0.001071,-0.177734,0.0,0.901,0.6957,0.002079,0.002736,0.003463,5.871016,31.165817,0.00043853
4354473984,661877.6,0.001067,0.170011,0.001067,-0.182617,0.0,0.9012,0.6965,0.002894,0.002503,0.003336,4.972067,33.118881,0.00038517
4355260416,660941.1,-0.000713,0.151896,0.001146,-0.18457,0.0,0.9014,0.6975,0.00253,0.002934,0.003722,5.129651,32.622646,0.00039706
4356046848,658555.2,0.000898,0.198108,0.001118,-0.194336,0.0,0.9015,0.6995,0.003234,0.00305,0.003457,6.073895,32.343018,0.00039921
4356833280,657639.4,0.001627,0.219079,0.001207,-0.189453,0.0,0.9017,0.6981,0.003278,0.003165,0.004442,6.16335,31.683838,0.00038182
4357619712,656654.2,-0.005743,0.203751,0.001173,-0.18457,0.0,0.9016,0.6967,0.002337,0.003024,0.003798,6.486,31.30508,0.00039262
4358406144,654295.7,-0.009814,0.293848,0.001102,-0.191406,0.0,0.9008,0.6937,0.001961,0.002326,0.00308,6.867489,30.994057,0.00042227
4359192576,653403.6,-0.002343,0.27518,0.001141,-0.194336,0.0,0.9007,0.6931,0.00225,0.003262,0.004619,5.462636,33.248882,0.00037474
4359979008,652478.1,-0.003101,0.276572,0.001092,-0.186523,0.0,0.9005,0.693,0.003497,0.002951,0.004531,5.631867,32.563057,0.0004728
4360765440,651569.5,-0.003307,0.195517,0.001197,-0.180664,0.0,0.8999,0.6916,0.002222,0.00229,0.003479,5.657497,32.623016,0.00039688
4361551872,649391.7,0.000236,0.268664,0.001123,-0.1875,0.0,0.8994,0.6901,0.002745,0.002524,0.003569,6.719269,31.541601,0.00037927
4362338304,648522.1,0.005222,0.276404,0.001076,-0.186523,0.0,0.8991,0.6866,0.002244,0.002643,0.00316,6.595002,31.063671,0.00040042
4363124736,647625.4,-0.002301,0.239984,0.001089,-0.191406,0.0,0.899,0.6848,0.002422,0.002877,0.003474,5.46576,33.051693,0.00042749
4363911168,646740.3,-0.003465,0.280108,0.001074,-0.189453,0.0,0.8992,0.6829,0.002271,0.002798,0.003917,5.389052,33.24667,0.00044147
4364697600,644325.3,0.003236,0.336672,0.001176,-0.1875,0.0,0.8996,0.6838,0.002544,0.002557,0.00414,5.707577,32.703812,0.00039555
4365484032,643431.3,0.005706,0.291603,0.001154,-0.18457,0.0,0.8998,0.684,0.001815,0.00208,0.003237,6.169391,32.155762,0.00042739
4366270464,642561.7,-0.002172,0.346551,0.001185,-0.185547,0.0,0.9001,0.6839,0.002108,0.003172,0.004474,6.539827,31.752716,0.00040188
4367056896,640348.4,0.003699,0.361507,0.001163,-0.181641,0.0,0.9,0.6835,0.002496,0.002842,0.003694,5.336525,34.186523,0.00045006
4367843328,639494.2,-0.003789,0.313258,0.001106,-0.183594,0.0,0.9003,0.6838,0.00269,0.002797,0.003962,5.466771,33.730961,0.00038184
4368629760,638597.5,-0.001971,0.228337,0.001121,-0.168945,0.0,0.9006,0.6839,0.002196,0.002463,0.003246,5.433101,33.483704,0.0004239
4369416192,637729.9,-0.003449,0.291853,0.001046,-0.186523,0.0,0.9007,0.6859,0.002353,0.002964,0.003626,6.262473,33.387867,0.0004639
4370202624,635573.3,0.003937,0.31747,0.001116,-0.186523,0.0,0.9008,0.684,0.003074,0.003173,0.004755,6.348556,33.026733,0.0004122
4370989056,634728.8,-0.001693,0.205292,0.00109,-0.176758,0.0,0.901,0.6862,0.002662,0.002857,0.004298,6.564733,32.243385,0.00041322
4371775488,633823.9,-0.003799,0.180937,0.001008,-0.180664,0.0,0.9013,0.6867,0.002472,0.003013,0.004647,5.759893,34.447479,0.00045362
4372561920,631647.9,-0.003231,0.201618,0.001103,-0.176758,0.0,0.902,0.6893,0.002097,0.002825,0.00369,5.179446,33.933853,0.00037644
4373348352,630783.8,0.005512,0.275947,0.001185,-0.176758,0.0,0.9028,0.6933,0.002723,0.002944,0.004775,5.599843,33.402367,0.00041977
4374134784,629930.1,-0.00137,0.201554,0.001201,-0.171875,0.0,0.9035,0.698,0.001938,0.002051,0.003296,6.163451,32.742111,0.00043309
4374921216,629050.3,-0.00857,0.211619,0.001157,-0.176758,0.0,0.9042,0.7015,0.002169,0.002412,0.003425,6.463348,32.225311,0.00045677
4375707648,626669.8,0.005273,0.269004,0.001167,-0.170898,0.0,0.9046,0.7027,0.002849,0.003516,0.00375,5.129249,34.322048,0.00040777
4376494080,625816.4,-0.001215,0.446188,0.001125,-0.177734,0.0,0.9051,0.7001,0.002559,0.002969,0.002736,5.220414,34.239738,0.00043737
4377280512,624994.6,-0.004368,0.337924,0.001117,-0.175781,0.0,0.9051,0.6993,0.002405,0.00222,0.002768,5.419144,33.890259,0.00044067
4378066944,622604.6,-0.000987,0.450648,0.00115,-0.198242,0.0,0.9049,0.6968,0.003009,0.003118,0.003654,5.279098,32.843018,0.00043657
4378853376,621794.2,0.002701,0.255915,0.001328,-0.165039,0.0,0.9047,0.696,0.002418,0.002404,0.003547,6.172393,32.505089,0.00040732
4379639808,620905.4,-0.000776,0.245623,0.001205,-0.170898,0.0,0.9047,0.6966,0.002282,0.002701,0.003542,6.264562,32.208382,0.00046497
4380426240,619999.0,0.010112,0.218047,0.001208,-0.162109,0.0,0.9051,0.6985,0.00288,0.002313,0.00368,4.891084,34.382812,0.00040527
4381212672,617824.0,0.001211,0.215594,0.001243,-0.169922,0.0,0.9054,0.6978,0.002682,0.002853,0.004228,5.495373,34.037674,0.00041646
4381999104,617002.8,0.00171,0.352751,0.001183,-0.181641,0.0,0.9052,0.6951,0.002159,0.002645,0.004136,6.561417,33.511944,0.00043475
4382785536,616213.4,-0.004627,0.298613,0.001174,-0.179688,0.0,0.9044,0.692,0.002843,0.002784,0.003747,6.109875,33.17675,0.00042157
4383571968,614185.4,-0.002924,0.173277,0.001081,-0.171875,0.0,0.9034,0.6893,0.001924,0.001999,0.002799,6.105846,32.115608,0.00040483
4384358400,613318.4,-0.005435,0.132385,0.00113,-0.160156,0.0,0.9028,0.6891,0.002177,0.002723,0.003559,4.761853,34.784683,0.00044987
4385144832,612525.9,0.004293,0.147206,0.001088,-0.167969,0.0,0.9024,0.691,0.001896,0.002585,0.003739,4.895904,34.231201,0.00038438
4385931264,611658.4,0.001408,0.113747,0.001088,-0.162109,0.0,0.9025,0.6944,0.001831,0.002294,0.002697,5.646114,34.17292,0.00038023
4386717696,609522.7,0.000171,0.241489,0.001154,-0.177734,0.0,0.9024,0.6956,0.002731,0.002948,0.004124,6.481315,33.342518,0.00035905
4387504128,608740.7,0.002358,0.175935,0.001179,-0.173828,0.0,0.9024,0.6976,0.002228,0.002585,0.003455,6.641726,33.067543,0.00041554
4388290560,607927.5,-0.000967,0.279972,0.001164,-0.177734,0.0,0.9024,0.6975,0.002365,0.00332,0.004457,5.417576,35.047134,0.00044504
4389076992,607115.6,0.002284,0.260398,0.001256,-0.181641,0.0,0.9024,0.6958,0.002051,0.002419,0.003397,5.331078,34.677582,0.00041919
4389863424,605142.0,0.007259,0.352727,0.001124,-0.194336,0.0,0.9022,0.6953,0.002293,0.004103,0.00491,5.872723,33.863884,0.0004672
4390649856,604361.4,0.002344,0.270293,0.001161,-0.204102,0.0,0.9018,0.6941,0.002489,0.002944,0.004642,6.513762,32.290852,0.00036218
4391436288,603525.1,0.000374,0.241687,0.001187,-0.198242,0.0,0.9011,0.6946,0.00278,0.003328,0.004751,7.136238,31.359463,0.00043292
4392222720,601540.1,-0.004171,0.286986,0.001194,-0.207031,0.0,0.9002,0.6934,0.002364,0.003185,0.00426,5.539845,33.51989,0.00045323
4393009152,600791.7,-0.007475,0.135005,0.001041,-0.1875,0.0,0.8995,0.6956,0.002734,0.003041,0.004498,5.894326,33.496029,0.0005048
4393795584,599973.8,0.001422,0.30521,0.001088,-0.194336,0.0,0.8993,0.6969,0.001952,0.002538,0.004001,6.097402,33.0336,0.00045228
4394582016,599201.5,-0.00708,0.193363,0.001066,-0.1875,0.0,0.8995,0.6997,0.002035,0.002861,0.003418,6.281903,33.041668,0.00042276
4395368448,597197.4,-0.000359,0.183066,0.001084,-0.177734,0.0,0.8996,0.7016,0.002603,0.002668,0.004402,6.330998,31.611588,0.00037886
4396154880,596455.0,0.004348,0.229397,0.001064,-0.174805,0.0,0.8997,0.7029,0.002177,0.002827,0.004186,6.139308,31.418465,0.00039226
4396941312,595711.3,-0.005859,0.152323,0.001005,-0.175781,0.0,0.8995,0.7032,0.001975,0.002666,0.003294,5.108828,34.133469,0.00037533
4397727744,593669.9,0.003991,0.247388,0.001021,-0.172852,0.0,0.8993,0.7054,0.001684,0.002241,0.003396,5.335694,34.36684,0.0003946
4398514176,592923.8,0.000577,0.254856,0.001075,-0.172852,0.0,0.8985,0.7039,0.002548,0.003013,0.004053,5.652951,33.821907,0.00038478
4399300608,592156.6,-0.00167,0.242327,0.001015,-0.182617,0.0,0.8978,0.7026,0.003251,0.003199,0.003688,6.035444,33.102226,0.00038065
4400087040,591407.8,-0.001615,0.260862,0.000998,-0.176758,0.0,0.8965,0.6992,0.001658,0.002386,0.003717,6.926317,32.339581,0.00036334
4400873472,589646.0,0.005912,0.155393,0.001097,-0.169922,0.0,0.8963,0.6989,0.0021,0.002751,0.003503,4.979255,34.953003,0.00039854
4401659904,588869.3,-0.005542,0.098664,0.001121,-0.167969,0.0,0.8966,0.7025,0.001991,0.002345,0.003138,5.258566,34.961464,0.00040533
4402446336,588133.0,-0.005114,0.11028,0.001079,-0.174805,0.0,0.897,0.7039,0.002495,0.00249,0.003594,5.082168,34.673363,0.00036493
4403232768,586269.9,-0.002384,0.112327,0.001038,-0.177734,0.0,0.8976,0.7077,0.00176,0.002168,0.003009,5.802042,32.093506,0.0003591
4404019200,585517.3,0.005942,0.168911,0.000987,-0.170898,0.0,0.898,0.712,0.002255,0.002953,0.004112,5.984828,32.128445,0.00043717
4404805632,584757.5,-0.001578,0.190354,0.001009,-0.173828,0.0,0.8987,0.7152,0.002699,0.002713,0.002992,6.038701,32.055935,0.00039492
4405592064,584015.0,0.00186,0.125729,0.000994,-0.166016,0.0,0.899,0.7183,0.001892,0.002514,0.003749,4.982424,34.027573,0.00037992
4406378496,582118.3,0.001698,0.236053,0.001078,-0.176758,0.0,0.8997,0.7216,0.003962,0.002753,0.00438,5.511824,33.735645,0.00034701
4407164928,581421.5,-0.004548,0.208033,0.001084,-0.179688,0.0,0.8996,0.7198,0.0028,0.002661,0.00348,5.714171,33.463821,0.00039888
4407951360,580716.8,-0.001588,0.252919,0.001121,-0.182617,0.0,0.8992,0.7175,0.002799,0.002503,0.003245,6.204897,32.623871,0.00042773
4408737792,578927.3,-0.000863,0.293623,0.001083,-0.192383,0.0,0.8981,0.7126,0.002002,0.002799,0.003451,6.412557,31.870743,0.00041905
4409524224,578208.7,0.000503,0.277975,0.001117,-0.171875,0.0,0.898,0.7134,0.002316,0.002382,0.003851,5.471342,34.186031,0.00045393
4410310656,577476.5,0.001683,0.305547,0.001088,-0.177734,0.0,0.8977,0.7138,0.003052,0.003178,0.004303,5.434899,33.896866,0.00042121
4411097088,576757.4,0.000344,0.289055,0.001077,-0.181641,0.0,0.898,0.7146,0.002318,0.002573,0.003891,6.036999,33.658997,0.0003539
4411883520,574981.4,-0.001161,0.232342,0.001141,-0.182617,0.0,0.8979,0.7138,0.003178,0.003289,0.003915,6.292999,32.690689,0.00038999
4412669952,574303.5,0.000276,0.250959,0.001087,-0.185547,0.0,0.897,0.7105,0.002659,0.002983,0.003439,6.673316,32.512157,0.00039619
4413456384,573585.0,0.00162,0.25199,0.001101,-0.189453,0.0,0.8959,0.7057,0.002411,0.002976,0.003907,5.616731,34.547653,0.00044826
4414242816,572834.4,0.001459,0.182458,0.001066,-0.195312,0.0,0.8951,0.7028,0.002106,0.002229,0.003088,5.409759,34.033463,0.00045052
4415029248,571039.6,0.002001,0.288907,0.001164,-0.204102,0.0,0.8942,0.7023,0.002723,0.002912,0.003763,6.644075,33.533978,0.00042016
4415815680,570347.0,0.000613,0.246259,0.001156,-0.193359,0.0,0.8933,0.701,0.003116,0.002922,0.003477,6.511127,33.026264,0.00051689
4416602112,569680.3,-0.008052,0.16031,0.001174,-0.180664,0.0,0.8925,0.7022,0.003106,0.002847,0.003276,6.450422,32.692997,0.00054524
4417388544,567834.3,-0.000778,0.215203,0.001163,-0.1875,0.0,0.892,0.7031,0.002449,0.002814,0.003564,5.341656,34.603745,0.00048794
4418174976,567121.5,-0.003753,0.275859,0.00111,-0.193359,0.0,0.8916,0.7031,0.002677,0.003259,0.004221,5.642045,35.179245,0.00047413
4418961408,566438.7,0.001925,0.328341,0.001092,-0.181641,0.0,0.891,0.7033,0.002318,0.002982,0.003768,6.100815,35.295864,0.00042898
4419747840,565767.9,-0.002372,0.30026,0.001142,-0.183594,0.0,0.8912,0.7031,0.003153,0.003273,0.003491,6.165161,35.066875,0.00043722
4420534272,564042.6,-0.003056,0.252694,0.001165,-0.178711,0.0,0.8912,0.7016,0.002856,0.002704,0.004119,7.054067,33.340294,0.00037333
4421320704,563378.5,-0.006372,0.216481,0.001141,-0.181641,0.0,0.8906,0.6983,0.003431,0.002901,0.004164,6.553994,32.950668,0.00048294
4422107136,562681.5,-0.000909,0.281513,0.001131,-0.185547,0.0,0.89,0.6973,0.002383,0.00241,0.003334,5.423221,35.103043,0.00044865
4422893568,560967.4,-0.000233,0.209706,0.00114,-0.178711,0.0,0.889,0.697,0.002559,0.00269,0.003531,5.4183,35.601376,0.00047598
4423680000,560334.9,-0.000963,0.159142,0.0012,-0.181641,0.0,0.8883,0.6953,0.00233,0.002983,0.004119,5.912291,34.622643,0.0004491
4424466432,559689.8,0.000751,0.211665,0.001142,-0.18457,0.0,0.8879,0.6948,0.002072,0.002271,0.003042,6.765973,33.810162,0.00047846
4425252864,559050.0,0.001562,0.184713,0.00119,-0.188477,0.0,0.8881,0.6934,0.002045,0.002523,0.003426,6.57158,33.088188,0.00048064
4426039296,557337.7,-0.004024,0.205896,0.001157,-0.191406,0.0,0.8882,0.694,0.001937,0.002678,0.003118,5.714962,34.510223,0.00049367
4426825728,556714.3,0.004162,0.234026,0.001095,-0.202148,0.0,0.8883,0.6939,0.00186,0.002627,0.003215,6.335167,34.072994,0.00045561
4427612160,556069.8,-0.004742,0.208831,0.00107,-0.199219,0.0,0.8884,0.6946,0.002445,0.003067,0.003653,6.308734,34.03104,0.00044659
4428398592,554207.6,-0.001453,0.265916,0.001111,-0.197266,0.0,0.8882,0.6951,0.002266,0.00243,0.003295,7.110781,33.534908,0.00044041
4429185024,553558.3,0.001656,0.232608,0.001097,-0.196289,0.0,0.887,0.6903,0.002841,0.003292,0.003699,7.20673,33.336769,0.00052968
4429971456,552935.5,-0.000821,0.198965,0.001077,-0.189453,0.0,0.8862,0.6874,0.00225,0.002733,0.003542,7.077605,33.321129,0.00049379
4430757888,552270.0,0.003308,0.230566,0.001055,-0.192383,0.0,0.8856,0.6853,0.002508,0.003086,0.003589,5.965238,36.016571,0.00049508
4431544320,550509.3,-0.00277,0.270272,0.00107,-0.195312,0.0,0.885,0.6833,0.001411,0.002352,0.002631,5.89217,34.966187,0.00044922
4432330752,549878.7,-0.007315,0.182608,0.001081,-0.177734,0.0,0.8844,0.6806,0.002675,0.002458,0.002872,6.017316,34.431507,0.00046257
4433117184,549256.9,-0.002915,0.174707,0.001081,-0.177734,0.0,0.884,0.681,0.001898,0.002056,0.002455,6.216731,33.810417,0.0004
4433903616,547705.4,-0.00567,0.211381,0.001119,-0.179688,0.0,0.8835,0.679,0.00202,0.002384,0.002642,7.064651,31.320858,0.0004124
4434690048,547051.6,0.001258,0.326711,0.001221,-0.201172,0.0,0.8832,0.6773,0.00591,0.003545,0.004432,5.714161,34.732536,0.00039316
4435476480,546421.6,-0.001201,0.353143,0.001172,-0.21875,0.0,0.8827,0.6734,0.003526,0.003333,0.004166,6.436669,34.098095,0.0004885
4436262912,545791.2,-0.001931,0.284128,0.001231,-0.216797,0.0,0.882,0.6694,0.004348,0.00382,0.004249,7.096479,33.388573,0.0004709
4437049344,544248.1,0.000291,0.326766,0.001288,-0.208008,0.0,0.8811,0.665,0.003568,0.002693,0.003752,7.253343,32.997932,0.00049509
4437835776,543591.2,0.001367,0.315108,0.001178,-0.204102,0.0,0.8804,0.6613,0.00389,0.00315,0.003464,7.31651,33.229427,0.00047494
4438622208,542997.9,0.000333,0.27111,0.001147,-0.193359,0.0,0.8796,0.6596,0.002846,0.002619,0.003393,7.611483,32.728676,0.00046275
4439408640,542367.8,-0.004244,0.219338,0.001132,-0.208008,0.0,0.8791,0.6579,0.004144,0.002426,0.003038,5.838968,35.314651,0.00048321
4440195072,540825.6,-0.000618,0.233167,0.0012,-0.204102,0.0,0.8785,0.655,0.003023,0.002998,0.004029,6.059259,34.50581,0.00045
4440981504,540221.9,0.005344,0.186915,0.001124,-0.19043,0.0,0.8783,0.6553,0.002295,0.002466,0.003497,6.581161,33.846828,0.00046396
4441767936,539621.8,0.000818,0.17722,0.001101,-0.194336,0.0,0.8784,0.6559,0.002085,0.00248,0.003172,6.945769,33.464012,0.0004467
4442554368,537966.3,-0.004497,0.252045,0.001128,-0.19043,0.0,0.8784,0.6539,0.001726,0.002138,0.002578,6.845438,32.527275,0.00040691
4443340800,537318.7,0.004051,0.302141,0.001131,-0.195312,0.0,0.8785,0.6534,0.001805,0.002763,0.004126,6.133875,35.379868,0.00049535
4444127232,536667.5,-0.002923,0.248492,0.001121,-0.199219,0.0,0.8786,0.6529,0.00229,0.003254,0.004482,5.873124,35.483101,0.00054076
4444913664,536049.0,0.003592,0.266714,0.001129,-0.193359,0.0,0.8784,0.6514,0.002143,0.003198,0.004314,6.625403,35.052597,0.00043702
4445700096,534526.1,-0.003825,0.214717,0.00122,-0.191406,0.0,0.8785,0.6528,0.002141,0.002638,0.004123,6.786559,33.964317,0.00053033
4446486528,533889.7,-0.004488,0.208684,0.001159,-0.183594,0.0,0.8785,0.6543,0.002473,0.002842,0.003513,6.902895,33.362255,0.00041601
4447272960,533294.3,-0.002694,0.276364,0.001181,-0.192383,0.0,0.8787,0.6546,0.002612,0.002657,0.003832,5.878426,35.909767,0.00043885
4448059392,531635.7,0.002618,0.294133,0.00112,-0.18457,0.0,0.8781,0.6558,0.001924,0.001763,0.002864,6.059321,35.437065,0.000391
4448845824,531072.6,-0.000347,0.226502,0.00116,-0.174805,0.0,0.8774,0.6555,0.002045,0.002114,0.002455,5.863527,34.999802,0.00054031
4449632256,530508.9,0.001926,0.227208,0.001111,-0.172852,0.0,0.877,0.6561,0.002336,0.002353,0.0036,6.217405,34.247013,0.0004676
4450418688,529883.5,-0.000278,0.162575,0.001139,-0.170898,0.0,0.8766,0.6575,0.002425,0.002285,0.003695,5.944599,33.525917,0.00042245
4451205120,528250.8,0.006282,0.194372,0.001112,-0.166016,0.0,0.8765,0.6579,0.001939,0.00249,0.003197,5.133866,35.756104,0.00041763
4451991552,527679.8,0.004093,0.129432,0.001107,-0.165039,0.0,0.8765,0.6592,0.001743,0.002661,0.00345,5.405342,35.627106,0.00040287
4452777984,527108.8,0.00437,0.159383,0.001143,-0.166016,0.0,0.876,0.6614,0.002021,0.002445,0.003113,5.632246,35.548473,0.00041655
4453564416,525617.3,0.003283,0.234295,0.001187,-0.169922,0.0,0.8755,0.6621,0.001531,0.001999,0.003393,6.046968,34.541153,0.00043185
4454350848,525074.4,0.008983,0.268392,0.001164,-0.170898,0.0,0.8754,0.6625,0.001733,0.002132,0.003621,6.043396,34.412941,0.00042438
4455137280,524503.5,-0.000296,0.21935,0.001053,-0.179688,0.0,0.8755,0.6642,0.002155,0.002634,0.003342,6.120831,33.282494,0.0004063
4455923712,523956.0,7.1e-05,0.210002,0.001079,-0.178711,0.0,0.8756,0.6661,0.002159,0.003015,0.003939,5.823699,35.504803,0.00041276
4456710144,522308.0,0.004794,0.197894,0.001067,-0.185547,0.0,0.8761,0.6667,0.00246,0.002882,0.004054,5.497363,35.322704,0.00038843
4457496576,521759.4,-0.002972,0.182489,0.001003,-0.164062,0.0,0.8769,0.6707,0.003099,0.002753,0.004078,6.300356,34.750046,0.00049327
4458283008,521160.6,-0.000743,0.22032,0.001049,-0.169922,0.0,0.8775,0.6713,0.002306,0.00306,0.004643,6.364265,34.673386,0.00052497
4459069440,519589.6,-3.6e-05,0.245961,0.001042,-0.167969,0.0,0.8777,0.6722,0.002201,0.002395,0.003218,7.411353,32.959885,0.00049313
4459855872,519053.5,-0.00013,0.342618,0.001013,-0.173828,0.0,0.8778,0.6718,0.00202,0.00248,0.003876,5.767528,36.924938,0.00044449
4460642304,518521.1,0.002059,0.382678,0.001026,-0.18457,0.0,0.8774,0.6694,0.002289,0.002652,0.004133,5.88017,36.400711,0.000388
4461428736,517975.5,0.000199,0.239381,0.001066,-0.175781,0.0,0.8768,0.6677,0.002411,0.002432,0.003937,6.018519,35.793343,0.00047272
4462215168,516519.9,0.000593,0.224938,0.001135,-0.172852,0.0,0.8764,0.6676,0.002906,0.002409,0.00381,5.624243,35.070663,0.00042469
4463001600,515994.8,-0.004422,0.194536,0.001095,-0.162109,0.0,0.8768,0.6724,0.00226,0.002596,0.003664,6.11167,34.365334,0.00044848
4463788032,515427.2,0.002489,0.184819,0.001062,-0.150391,0.0,0.8779,0.679,0.002542,0.002399,0.003653,6.152443,34.482098,0.00047027
4464574464,514894.0,0.000917,0.252659,0.001059,-0.160156,0.0,0.8788,0.6831,0.002252,0.002406,0.003396,5.188584,37.047348,0.00042656
4465360896,513381.0,0.000748,0.288145,0.001183,-0.173828,0.0,0.8796,0.6869,0.002643,0.003102,0.004844,5.836153,35.925968,0.00040355
4466147328,512856.9,0.000453,0.180586,0.001175,-0.169922,0.0,0.88,0.6894,0.00229,0.002651,0.004071,5.90153,35.39003,0.00047716
4466933760,512302.9,0.000717,0.145433,0.001136,-0.168945,0.0,0.8811,0.6938,0.002541,0.00266,0.003671,6.157921,34.152699,0.00043935
4467720192,510827.8,0.000639,0.288098,0.001129,-0.185547,0.0,0.8823,0.6964,0.002773,0.003014,0.004284,6.676667,33.301872,0.00041242
4468506624,510319.1,-0.007647,0.306284,0.001156,-0.182617,0.0,0.8828,0.6953,0.002392,0.002546,0.003898,5.858403,36.185707,0.00045764
4469293056,509809.6,0.001593,0.269526,0.001124,-0.186523,0.0,0.8834,0.695,0.003417,0.002879,0.004347,5.970855,36.329224,0.00051925
4470079488,509296.2,-0.003584,0.266704,0.001172,-0.181641,0.0,0.8835,0.6933,0.003563,0.002701,0.003671,6.496479,36.141937,0.00053111
4470865920,507844.0,0.004636,0.504727,0.001199,-0.185547,0.0,0.8835,0.6913,0.002087,0.002346,0.003964,6.393201,34.584778,0.00049139
4471652352,507335.2,-0.001757,0.217168,0.001133,-0.175781,0.0,0.8835,0.6906,0.001375,0.001824,0.003293,7.099859,34.202011,0.0004595
4472438784,506813.0,-0.001959,0.207318,0.001167,-0.177734,0.0,0.8835,0.6909,0.00233,0.003164,0.003533,5.770188,35.909939,0.00049934
4473225216,505236.7,-0.005822,0.153434,0.001096,-0.1875,0.0,0.8834,0.6921,0.001894,0.002433,0.003214,5.52365,36.159019,0.00048348
4474011648,504708.9,0.001102,0.123537,0.001037,-0.169922,0.0,0.8846,0.6961,0.003007,0.002892,0.004512,5.952839,35.57505,0.00043361
4474798080,504202.1,-0.001247,0.169893,0.001073,-0.173828,0.0,0.8864,0.701,0.002032,0.002064,0.003782,5.972345,34.971962,0.00036484
4475584512,503647.8,-0.00268,0.113393,0.001077,-0.167969,0.0,0.8882,0.7069,0.001784,0.003099,0.003795,6.340477,34.328629,0.00041049
4476370944,502114.8,-0.006033,0.232387,0.001076,-0.186523,0.0,0.8899,0.708,0.003101,0.002555,0.004136,6.067901,36.388573,0.00037353
4477157376,501615.4,-0.001002,0.257576,0.00109,-0.19043,0.0,0.8908,0.7078,0.002353,0.003034,0.004362,6.495066,35.918243,0.00044317
4477943808,501118.9,-0.004731,0.353264,0.001056,-0.203125,0.0,0.8917,0.7055,0.002241,0.002837,0.003572,6.449914,35.48724,0.00044527
4478730240,499668.2,0.001203,0.2853,0.001108,-0.204102,0.0,0.8923,0.7024,0.002181,0.00214,0.003633,6.896095,34.48317,0.00044372
4479516672,499133.6,0.002836,0.323288,0.0011,-0.198242,0.0,0.892,0.6997,0.003235,0.003298,0.004544,7.436253,33.913887,0.00050096
4480303104,498593.1,-0.002635,0.25092,0.001068,-0.197266,0.0,0.892,0.6971,0.002772,0.003228,0.004802,7.600013,33.12278,0.00049557
4481089536,498078.7,-0.002675,0.207476,0.001095,-0.188477,0.0,0.8917,0.6957,0.003152,0.00273,0.004643,6.028967,35.635113,0.00050418
4481875968,496633.9,0.000318,0.279346,0.001105,-0.194336,0.0,0.8919,0.6945,0.00319,0.002659,0.004177,6.201996,35.251537,0.00047609
4482662400,496155.2,-0.002546,0.163378,0.001038,-0.19043,0.0,0.8922,0.6933,0.001964,0.003289,0.004818,6.412701,35.254753,0.00053569
4483448832,495675.0,-0.004979,0.204375,0.001037,-0.178711,0.0,0.8921,0.6907,0.00247,0.002562,0.00346,7.007452,34.950645,0.00052102
4484235264,494302.9,0.000174,0.214238,0.001083,-0.181641,0.0,0.893,0.6929,0.002806,0.002434,0.002479,7.530694,32.22599,0.00044932
4485021696,493788.5,-0.004254,0.188787,0.001058,-0.171875,0.0,0.8922,0.6892,0.002609,0.002764,0.003308,5.080134,36.010483,0.00047316
4485808128,493281.3,-0.000502,0.184115,0.001118,-0.15918,0.0,0.891,0.6857,0.002008,0.00246,0.003253,4.972929,35.970181,0.00036947
4486594560,492773.5,0.002461,0.232826,0.001093,-0.171875,0.0,0.8898,0.6848,0.00278,0.002358,0.00357,5.406088,35.705685,0.00044124
4487380992,491450.2,0.004845,0.205178,0.001092,-0.172852,0.0,0.8894,0.684,0.002233,0.002682,0.004715,5.969211,35.042259,0.00037033
4488167424,490979.8,-0.000132,0.237162,0.001105,-0.179688,0.0,0.8896,0.6854,0.002792,0.002455,0.003906,6.42024,34.544559,0.00042004
4488953856,490504.9,-0.001282,0.171673,0.001055,-0.174805,0.0,0.8901,0.6864,0.002178,0.002621,0.004356,6.564614,33.889496,0.00041492
4489740288,490009.8,-0.005113,0.237952,0.001093,-0.182617,0.0,0.8906,0.6872,0.002341,0.002539,0.003672,5.919516,36.430267,0.00041817
4490526720,488718.9,0.005387,0.225022,0.00112,-0.182617,0.0,0.8907,0.6872,0.002205,0.002973,0.003897,6.147372,36.417713,0.00041555
4491313152,488229.4,-0.000812,0.24068,0.001116,-0.180664,0.0,0.8906,0.6855,0.002403,0.002906,0.002895,6.635799,35.584496,0.00041158
4492099584,487742.8,0.006844,0.24046,0.001193,-0.172852,0.0,0.8905,0.6852,0.001782,0.002352,0.00298,6.641277,35.314335,0.00047565
4492886016,486376.3,-0.001486,0.27705,0.001106,-0.186523,0.0,0.8908,0.6855,0.001786,0.002289,0.003001,6.835225,33.041473,0.00039291
4493672448,485880.8,0.001721,0.242402,0.00105,-0.185547,0.0,0.891,0.6861,0.003044,0.004005,0.005299,5.704205,36.245327,0.00039101
4494458880,485408.3,-0.003203,0.361879,0.001041,-0.183594,0.0,0.8908,0.6828,0.001752,0.002673,0.003472,6.308666,35.851501,0.00044119
4495245312,484874.8,0.00337,0.272506,0.0011,-0.188477,0.0,0.8904,0.68,0.00245,0.003114,0.003805,6.303997,35.728878,0.0004431
4496031744,483547.0,0.001678,0.221179,0.001044,-0.183594,0.0,0.891,0.6834,0.002637,0.002911,0.0044,6.626513,35.40678,0.00040139
4496818176,483065.2,-0.001352,0.250363,0.001042,-0.179688,0.0,0.8921,0.6863,0.002107,0.002351,0.003269,6.672991,35.147976,0.00045828
4497604608,482554.8,-0.003577,0.172987,0.001059,-0.176758,0.0,0.8934,0.69,0.001899,0.002835,0.003095,6.664679,34.758923,0.00041087
4498391040,481294.8,0.000491,0.245771,0.001063,-0.185547,0.0,0.8943,0.6951,0.002224,0.002819,0.003948,5.763261,37.186821,0.00044232
4499177472,480814.2,-0.000304,0.266341,0.001065,-0.183594,0.0,0.8951,0.6979,0.002224,0.002216,0.003513,6.256114,36.426979,0.00045086
4499963904,480308.7,-0.005894,0.177757,0.001055,-0.177734,0.0,0.8961,0.6997,0.00222,0.002484,0.004315,6.349411,36.182354,0.00048761
4500750336,479828.5,-0.003686,0.239932,0.001029,-0.18457,0.0,0.8971,0.6993,0.002178,0.002204,0.003417,6.579621,35.741241,0.00043114
4501536768,449704.6,-0.002068,0.178671,0.001027,-0.183594,0.0,0.8975,0.6989,0.001849,0.002493,0.003215,6.655457,34.968136,0.00046195
4502323200,449304.3,0.000477,0.205842,0.001085,-0.177734,0.0,0.8977,0.6979,0.002155,0.002443,0.004281,6.113212,37.513149,0.00050601
4503109632,448877.4,-0.001802,0.194802,0.001046,-0.175781,0.0,0.8977,0.6964,0.001585,0.00299,0.003773,6.120884,37.50565,0.00043428
4503896064,447852.6,0.003739,0.193675,0.001067,-0.180664,0.0,0.8983,0.7009,0.002075,0.002562,0.003307,6.960418,35.955055,0.00044938
4504682496,447468.3,-0.005539,0.262626,0.00107,-0.201172,0.0,0.8981,0.6981,0.002094,0.002626,0.004064,7.395644,35.160179,0.00053218
4505468928,447053.9,-0.004756,0.354688,0.001134,-0.209961,0.0,0.8986,0.6979,0.001895,0.002871,0.003898,7.663482,34.711983,0.00051917
4506255360,446672.9,-0.001424,0.294177,0.001169,-0.211914,0.0,0.8989,0.6968,0.002158,0.002691,0.003811,6.477723,37.08905,0.00058621
4507041792,445621.7,-0.004641,0.37688,0.001066,-0.210938,0.0,0.8993,0.6944,0.002611,0.002589,0.004221,6.417269,36.238712,0.00054947
4507828224,445241.5,0.001864,0.30657,0.001037,-0.194336,0.0,0.8995,0.6928,0.002217,0.00318,0.004082,6.643178,35.854874,0.00053932
4508614656,444861.3,-0.002966,0.221547,0.001071,-0.189453,0.0,0.8995,0.6933,0.002123,0.002396,0.004277,6.850531,35.403301,0.00050487
4509401088,443774.5,0.002407,0.31831,0.001078,-0.203125,0.0,0.8994,0.6923,0.001878,0.002339,0.003349,7.631815,33.804626,0.00046475
4510187520,443376.6,0.002051,0.344758,0.001134,-0.197266,0.0,0.8991,0.6896,0.002821,0.002408,0.003986,6.796494,37.189827,0.00046316
4510973952,442968.1,-0.005734,0.248807,0.001117,-0.1875,0.0,0.8984,0.6869,0.003527,0.002485,0.004292,6.513016,37.476826,0.00056305
4511760384,442561.2,0.005425,0.282187,0.001132,-0.1875,0.0,0.8966,0.6818,0.002443,0.001999,0.003697,6.810362,37.073174,0.00058679
4512546816,441466.6,0.002186,0.275538,0.001173,-0.193359,0.0,0.8964,0.6816,0.002998,0.002409,0.004381,6.538261,36.330841,0.00045902
4513333248,441063.2,-0.000927,0.225752,0.001234,-0.176758,0.0,0.8965,0.6807,0.002806,0.002109,0.003564,6.689524,35.611084,0.00049381
4514119680,440677.1,0.001931,0.151849,0.001263,-0.165039,0.0,0.8968,0.6833,0.002415,0.001899,0.003016,6.725451,35.058186,0.00054862
4514906112,440275.3,-0.003011,0.141713,0.001133,-0.169922,0.0,0.897,0.6839,0.002083,0.002623,0.003698,5.451068,38.058769,0.00045491
4515692544,439239.8,-0.006134,0.182391,0.00107,-0.174805,0.0,0.8971,0.6859,0.002239,0.002385,0.00357,6.237748,36.893921,0.00041782
4516478976,438841.7,-0.005661,0.150335,0.001071,-0.173828,0.0,0.8973,0.6871,0.001906,0.002242,0.003,6.243173,36.349182,0.00042771
4517265408,438455.6,-0.005592,0.152621,0.001094,-0.169922,0.0,0.8976,0.6881,0.001482,0.002508,0.003334,6.121565,35.97105,0.00043092
4518051840,437395.0,-0.002184,0.205509,0.00109,-0.176758,0.0,0.8977,0.6874,0.001892,0.002611,0.004095,7.395744,34.955074,0.00050286
4518838272,437007.1,-9e-05,0.216083,0.001058,-0.171875,0.0,0.8977,0.6875,0.001912,0.002156,0.003506,6.071145,38.059647,0.00049444
4519624704,436600.2,-0.00572,0.135728,0.001007,-0.168945,0.0,0.8974,0.688,0.002315,0.002424,0.003437,5.710961,37.668903,0.00049975
4520411136,436220.4,-0.001884,0.202172,0.001004,-0.177734,0.0,0.8974,0.6889,0.001962,0.0022,0.003062,5.75921,37.309841,0.00044169
4521197568,435190.1,-0.006553,0.212471,0.001101,-0.176758,0.0,0.8975,0.6895,0.004971,0.002894,0.005516,6.544523,36.009716,0.00048634
4521984000,434819.1,0.004082,0.146745,0.001201,-0.166992,0.0,0.8982,0.6934,0.003512,0.002432,0.004419,6.392353,36.26873,0.00053467
4522770432,434457.9,-0.006656,0.210486,0.001171,-0.167969,0.0,0.8989,0.6955,0.003218,0.002292,0.003569,6.629395,35.832714,0.00048189
4523556864,433388.0,-0.002266,0.264454,0.001029,-0.181641,0.0,0.8994,0.6981,0.003997,0.002037,0.003411,5.982459,38.090294,0.00051587
4524343296,433027.1,-0.001195,0.272322,0.001005,-0.1875,0.0,0.8994,0.6967,0.002507,0.003271,0.004788,6.699935,37.829838,0.00050737
4525129728,432672.4,0.000646,0.21635,0.001008,-0.174805,0.0,0.8994,0.6967,0.001797,0.002974,0.00399,6.77184,37.543762,0.00049089
4525916160,432276.5,-0.00169,0.211995,0.001099,-0.175781,0.0,0.8999,0.6982,0.002509,0.002645,0.003836,6.96626,36.870277,0.00059012
4526702592,431251.7,-0.000344,0.327827,0.001148,-0.173828,0.0,0.8995,0.6952,0.002125,0.002144,0.003799,6.767296,35.480743,0.00048139
4527489024,430865.3,0.000837,0.222057,0.001116,-0.171875,0.0,0.8994,0.6943,0.001818,0.002001,0.003496,5.64904,37.764759,0.00051313
4528275456,430506.5,-0.003718,0.232076,0.001114,-0.179688,0.0,0.8989,0.6922,0.0025,0.002841,0.003928,6.18939,37.223721,0.00046293
4529061888,429592.5,0.000241,0.222688,0.001232,-0.177734,0.0,0.8984,0.6893,0.001832,0.002165,0.003067,6.064768,36.284191,0.00047807
4529848320,429238.2,-0.007261,0.17468,0.001127,-0.169922,0.0,0.8974,0.6884,0.002153,0.002526,0.003873,6.683124,35.506485,0.00049748
4530634752,428863.4,-0.000839,0.252646,0.001089,-0.18457,0.0,0.8968,0.6859,0.003167,0.002373,0.003359,7.020135,35.438988,0.00043096
4531421184,428507.5,0.002081,0.168965,0.001074,-0.176758,0.0,0.8962,0.6834,0.001748,0.002037,0.002898,6.259084,37.004013,0.00046437
4532207616,427608.8,-0.005066,0.201873,0.001129,-0.177734,0.0,0.8964,0.6865,0.002197,0.002668,0.003053,5.775764,37.301323,0.00053563
4532994048,427237.5,-0.004702,0.195978,0.001156,-0.171875,0.0,0.8966,0.69,0.002292,0.0027,0.003293,5.906528,36.874649,0.00050656
4533780480,426893.4,-0.002506,0.258781,0.001148,-0.171875,0.0,0.897,0.6946,0.001846,0.002375,0.003259,6.185153,36.243233,0.00047988
4534566912,425990.9,-0.004607,0.307388,0.001136,-0.179688,0.0,0.8975,0.6975,0.002133,0.002626,0.003399,7.337409,34.721428,0.00047205
4535353344,425628.8,0.004806,0.242171,0.001033,-0.183594,0.0,0.8976,0.6995,0.002812,0.003214,0.00365,6.346682,37.647781,0.00052753
4536139776,425290.4,-0.002282,0.304399,0.001013,-0.198242,0.0,0.8977,0.699,0.001992,0.002332,0.002844,7.035401,37.055054,0.00049851
4536926208,424927.3,0.001698,0.173381,0.001018,-0.189453,0.0,0.8976,0.7012,0.001913,0.002759,0.003106,6.462919,37.01408,0.00059393
4537712640,423989.6,0.000642,0.260568,0.001032,-0.19043,0.0,0.8978,0.7051,0.002373,0.002234,0.003397,7.096443,36.058342,0.00056651
4538499072,423624.9,0.000773,0.208311,0.001055,-0.176758,0.0,0.8988,0.7081,0.003093,0.002683,0.003381,6.697896,36.151588,0.00050716
4539285504,423287.0,0.004681,0.258283,0.001034,-0.170898,0.0,0.9003,0.7123,0.002164,0.001938,0.002774,7.388452,35.970619,0.00052736
4540071936,422950.4,0.008989,0.333916,0.001073,-0.1875,0.0,0.9013,0.7137,0.003347,0.002302,0.003164,6.189946,37.715675,0.00051383
4540858368,422097.1,0.003272,0.552317,0.001091,-0.214844,0.0,0.9021,0.7103,0.002821,0.002864,0.003733,7.037255,37.504509,0.00048045
4541644800,421732.5,0.001255,0.41123,0.001085,-0.207031,0.0,0.9023,0.7046,0.003066,0.003528,0.003885,6.867934,36.60606,0.00050017
4542431232,421355.7,0.002583,0.397139,0.001116,-0.204102,0.0,0.9017,0.6995,0.002652,0.003254,0.003622,7.650028,35.651299,0.0005221
4543217664,420472.9,0.004173,0.224156,0.001097,-0.19043,0.0,0.9008,0.6955,0.001823,0.002514,0.003536,7.408708,34.24942,0.0005182
4544004096,420109.2,-0.0004,0.143228,0.001027,-0.168945,0.0,0.9001,0.6954,0.003359,0.002694,0.002969,5.56206,37.941921,0.00054975
4544790528,419780.9,0.00349,0.149444,0.001079,-0.169922,0.0,0.8994,0.6958,0.001879,0.002322,0.003795,5.879451,37.709892,0.00049219
4545576960,419444.8,-0.002579,0.19491,0.001069,-0.171875,0.0,0.8989,0.696,0.002343,0.002582,0.003338,6.225599,37.385143,0.00046432
4546363392,418602.1,-0.000656,0.267597,0.001145,-0.171875,0.0,0.8984,0.6946,0.001904,0.002164,0.00324,6.197426,36.5368,0.00046877
4547149824,418233.6,-0.001067,0.183766,0.001166,-0.163086,0.0,0.8978,0.6926,0.003082,0.002854,0.003496,6.843402,36.388771,0.00056108
4547936256,417889.3,-0.002856,0.183804,0.001107,-0.162109,0.0,0.897,0.691,0.001968,0.002062,0.00294,6.754268,35.830135,0.00043526
4548722688,417016.7,0.002992,0.24762,0.001062,-0.171875,0.0,0.8965,0.6903,0.001914,0.002315,0.00297,5.520541,38.389496,0.00048758
4549509120,416649.9,-0.001091,0.235334,0.001075,-0.170898,0.0,0.8954,0.6862,0.001894,0.002562,0.004665,6.102196,38.077908,0.00049589
4550295552,416299.9,0.004877,0.199588,0.00112,-0.174805,0.0,0.8948,0.6847,0.00202,0.003022,0.00424,6.152933,37.868862,0.00051775
4551081984,415959.0,-0.002483,0.275264,0.001126,-0.174805,0.0,0.8939,0.6793,0.002114,0.002656,0.003389,6.624213,37.800865,0.00054202
4551868416,415046.2,0.004007,0.352054,0.00114,-0.166992,0.0,0.8935,0.6782,0.0029,0.002631,0.003336,7.447652,36.061642,0.0005538
4552654848,414711.3,0.000896,0.192233,0.0011,-0.160156,0.0,0.893,0.6777,0.00253,0.002897,0.004978,5.459983,39.333942,0.00062888
4553441280,414366.2,-0.001185,0.293549,0.001063,-0.166016,0.0,0.8931,0.6773,0.002222,0.002536,0.003678,5.577427,39.054733,0.00050009
4554227712,413551.3,-0.00047,0.279005,0.0011,-0.173828,0.0,0.8931,0.6779,0.002446,0.002666,0.003625,5.814786,38.168846,0.00051748
4555014144,413231.1,0.003102,0.304052,0.001132,-0.168945,0.0,0.893,0.6796,0.002117,0.002143,0.003782,7.00475,37.794518,0.00056625
4555800576,412904.4,-0.00807,0.225185,0.001086,-0.15918,0.0,0.893,0.6812,0.001829,0.002029,0.003491,6.954157,36.896385,0.00055111
4556587008,412574.7,0.004525,0.244948,0.001113,-0.162109,0.0,0.893,0.6808,0.002398,0.002414,0.004175,6.262873,36.85334,0.00051376
4557373440,411767.7,0.003008,0.303428,0.001105,-0.176758,0.0,0.8931,0.6808,0.003193,0.002155,0.003961,5.771398,39.376762,0.00053142
4558159872,411422.0,0.000908,0.263755,0.001135,-0.177734,0.0,0.8932,0.6777,0.002814,0.002765,0.004605,6.107228,38.59626,0.00055621
4558946304,411100.3,0.003839,0.223701,0.001088,-0.176758,0.0,0.8925,0.6766,0.002905,0.002712,0.003751,6.723765,37.875805,0.00055969
4559732736,410299.7,-0.002542,0.263195,0.001078,-0.189453,0.0,0.8922,0.6741,0.00317,0.003181,0.004405,7.098795,34.956909,0.0005497
4560519168,409982.3,8.2e-05,0.216408,0.001098,-0.174805,0.0,0.8915,0.6732,0.002628,0.002418,0.003738,6.652929,34.891289,0.00047574
4561305600,409641.4,0.002902,0.266091,0.00108,-0.182617,0.0,0.8909,0.6729,0.002358,0.002555,0.003472,6.067753,37.876259,0.00046363
4562092032,409285.6,-0.003888,0.166049,0.00105,-0.168945,0.0,0.8895,0.6723,0.002373,0.002374,0.003423,5.703194,37.924049,0.00054081
4562878464,408396.7,0.002859,0.161615,0.001129,-0.167969,0.0,0.8883,0.6731,0.001874,0.002314,0.003712,5.689559,37.014549,0.00045312
4563664896,408061.1,-0.003434,0.178505,0.001092,-0.157227,0.0,0.8871,0.6716,0.001564,0.001911,0.00339,5.805295,36.46888,0.00047545
4564451328,407731.1,0.002202,0.199547,0.001083,-0.15918,0.0,0.8864,0.6707,0.002021,0.001925,0.00361,6.203107,36.123196,0.00047027
4565237760,407419.1,0.002145,0.167018,0.001073,-0.157227,0.0,0.8859,0.669,0.001943,0.001944,0.003162,5.081014,38.817657,0.00052305
4566024192,406643.1,0.00116,0.118007,0.001109,-0.15625,0.0,0.8849,0.6699,0.001954,0.002041,0.003222,5.384363,38.771133,0.00043637
4566810624,406305.9,0.000181,0.172054,0.001094,-0.155273,0.0,0.8837,0.6696,0.001652,0.001746,0.003001,5.585169,37.963982,0.00048843
4567597056,405991.4,-0.007961,0.139123,0.001159,-0.155273,0.0,0.8825,0.6702,0.001675,0.001525,0.002714,6.054606,37.572899,0.0004961
4568383488,405214.4,-0.001707,0.210831,0.001104,-0.166016,0.0,0.8816,0.6724,0.001933,0.002151,0.003271,6.758668,36.064018,0.00045106
4569169920,404882.0,-0.002576,0.249806,0.001084,-0.167969,0.0,0.8813,0.6749,0.002093,0.002212,0.002925,5.482789,38.938377,0.00049655
4569956352,404541.8,-0.003436,0.312305,0.001071,-0.178711,0.0,0.8815,0.6773,0.002155,0.002567,0.003483,6.217031,38.203278,0.00053019
4570742784,404224.6,0.000373,0.291951,0.001067,-0.182617,0.0,0.8821,0.681,0.002165,0.002684,0.003875,6.312431,37.634499,0.00053486
4571529216,403404.1,-0.003321,0.278289,0.001113,-0.191406,0.0,0.8823,0.6786,0.002472,0.002462,0.004372,6.693922,36.30938,0.00042627
4572315648,403104.3,5.6e-05,0.223124,0.001087,-0.191406,0.0,0.8823,0.6754,0.001552,0.00214,0.003576,7.039129,36.096233,0.00052325
4573102080,402802.5,-0.000576,0.238098,0.001111,-0.191406,0.0,0.8821,0.672,0.002416,0.002434,0.004007,7.577251,35.217262,0.00047811
4573888512,401987.6,-0.010084,0.249244,0.001122,-0.1875,0.0,0.8818,0.671,0.001941,0.002105,0.003631,6.429399,38.59911,0.00054553
4574674944,401686.8,0.002,0.257581,0.001061,-0.175781,0.0,0.8828,0.6742,0.002606,0.00302,0.005338,6.408894,38.450748,0.00053493
4575461376,401364.9,0.001919,0.303437,0.001133,-0.182617,0.0,0.8837,0.6743,0.002565,0.002684,0.004092,6.230496,38.263458,0.00048941
4576247808,401049.3,-0.004895,0.279474,0.001132,-0.177734,0.0,0.8847,0.6749,0.002081,0.002214,0.003435,7.054247,37.246403,0.00048667
4577034240,400234.5,-5.9e-05,0.284702,0.001139,-0.18457,0.0,0.8858,0.6769,0.001722,0.002012,0.003895,6.972534,35.84037,0.00049414
4577820672,399926.0,0.004215,0.202214,0.00111,-0.177734,0.0,0.8863,0.6787,0.001538,0.002158,0.003121,5.869242,38.30722,0.00044902
4578607104,399608.3,0.001608,0.306606,0.001087,-0.193359,0.0,0.8861,0.6796,0.002003,0.002476,0.003824,6.382019,37.806725,0.00046887
4579393536,398759.5,0.003685,0.331988,0.001081,-0.188477,0.0,0.886,0.6813,0.002654,0.001994,0.003332,6.93134,37.379757,0.00044927
4580179968,398427.0,-0.001622,0.184035,0.00104,-0.176758,0.0,0.8856,0.6817,0.001755,0.001984,0.00315,7.174357,36.920609,0.00057555
4580966400,398100.9,0.000198,0.227022,0.001022,-0.174805,0.0,0.8849,0.68,0.001533,0.001971,0.003793,7.067945,36.623573,0.00049809
4581752832,397789.3,-0.000762,0.18611,0.000992,-0.162109,0.0,0.884,0.6771,0.002056,0.002167,0.003517,6.702344,36.704357,0.00053451
4582539264,396949.6,-0.002163,0.318068,0.001074,-0.166016,0.0,0.8842,0.6773,0.002828,0.002461,0.004088,5.950184,39.092442,0.00043346
4583325696,396630.7,-0.001165,0.20149,0.001109,-0.161133,0.0,0.884,0.6761,0.002313,0.002411,0.003653,5.770544,38.321594,0.00046012
4584112128,396333.7,0.001207,0.201708,0.0011,-0.171875,0.0,0.8842,0.6759,0.001712,0.002421,0.002909,6.075132,37.729385,0.00037247
4584898560,395483.5,0.007054,0.237257,0.001156,-0.161133,0.0,0.8844,0.6765,0.002144,0.001863,0.002807,6.56359,36.629299,0.00044663
4585684992,395170.3,-0.000298,0.134279,0.001052,-0.146484,0.0,0.8848,0.6814,0.001751,0.001963,0.00362,5.934743,36.994884,0.00053411
4586471424,394864.9,-0.002085,0.143386,0.001062,-0.157227,0.0,0.8855,0.6839,0.002632,0.002463,0.003534,5.212474,39.442223,0.0003816
4587257856,394559.8,-0.002865,0.149959,0.00111,-0.157227,0.0,0.8867,0.6883,0.002745,0.002211,0.003668,5.583586,39.105774,0.00036726
4588044288,393799.3,-0.00363,0.249598,0.001097,-0.170898,0.0,0.8876,0.6912,0.002725,0.002174,0.003103,6.127937,37.824463,0.00041473
4588830720,393481.3,0.001906,0.302875,0.001178,-0.172852,0.0,0.888,0.6907,0.002337,0.002483,0.003248,6.34061,36.845215,0.0004801
4589617152,393186.2,0.001246,0.218867,0.001139,-0.164062,0.0,0.8888,0.6906,0.00234,0.002539,0.00351,6.595835,36.475693,0.00046476
4590403584,392895.7,0.00095,0.224116,0.00114,-0.175781,0.0,0.8899,0.6895,0.001907,0.002361,0.003628,5.898209,38.214062,0.00043034
4591190016,392079.8,-8.6e-05,0.142603,0.001047,-0.166016,0.0,0.891,0.6924,0.002912,0.001977,0.003563,5.715502,38.553387,0.00038526
4591976448,391767.5,-0.003728,0.180613,0.001055,-0.168945,0.0,0.8929,0.6956,0.002671,0.002249,0.003304,6.1557,38.390987,0.00051894
4592762880,391464.0,-0.003954,0.188372,0.001052,-0.172852,0.0,0.8952,0.7011,0.001988,0.001987,0.002553,6.417052,37.902161,0.00042606
4593549312,390726.0,1.4e-05,0.283787,0.001083,-0.186523,0.0,0.8965,0.7011,0.002105,0.002313,0.003426,7.683875,35.875244,0.00041879
4594335744,390417.0,-0.002493,0.340973,0.001131,-0.198242,0.0,0.8974,0.6988,0.004068,0.002714,0.003574,7.144762,38.206444,0.00049051
4595122176,390114.8,-0.00077,0.300727,0.001212,-0.195312,0.0,0.8978,0.6974,0.002761,0.00284,0.003743,6.737428,38.208202,0.00054592
4595908608,389809.5,-0.003748,0.313397,0.001135,-0.194336,0.0,0.8984,0.6958,0.003011,0.002685,0.003419,6.672617,38.222881,0.00049526
4596695040,389008.2,0.00189,0.296801,0.001058,-0.185547,0.0,0.8984,0.6944,0.001905,0.002467,0.003852,7.007226,37.132294,0.00063554
4597481472,388705.9,-0.007584,0.248595,0.00105,-0.18457,0.0,0.8976,0.6934,0.001969,0.002424,0.003303,6.854152,36.951134,0.00057484
4598267904,388407.0,0.003109,0.296471,0.001053,-0.1875,0.0,0.8969,0.6926,0.001332,0.001911,0.002666,7.155897,36.151772,0.00052757
4599054336,387668.9,0.003331,0.185661,0.001162,-0.178711,0.0,0.8964,0.6929,0.001963,0.001979,0.003056,5.985157,38.580547,0.00056323
4599840768,387364.9,0.001689,0.150642,0.001145,-0.170898,0.0,0.8963,0.6956,0.003906,0.002537,0.00415,5.92974,38.233154,0.00042962
4600627200,387065.2,-0.0047,0.179208,0.001154,-0.174805,0.0,0.8963,0.6982,0.002771,0.002514,0.004212,6.447108,37.545998,0.00043058
4601413632,386784.5,-0.004057,0.188178,0.001129,-0.181641,0.0,0.8962,0.6992,0.003035,0.002624,0.004001,6.874304,36.716351,0.00043227
4602200064,386043.3,0.003465,0.307379,0.001099,-0.191406,0.0,0.8956,0.6981,0.001837,0.002432,0.003445,7.117541,35.824577,0.00045978
4602986496,385749.1,-0.000377,0.193058,0.001069,-0.189453,0.0,0.895,0.6972,0.001889,0.002754,0.00322,6.364097,37.884918,0.00050786
4603772928,385468.9,-0.003623,0.21271,0.001072,-0.196289,0.0,0.8939,0.6948,0.002255,0.002434,0.003046,6.92678,37.375443,0.00044407
4604559360,384807.8,-0.000832,0.204673,0.001054,-0.1875,0.0,0.8929,0.6947,0.001423,0.001861,0.00253,6.271096,37.883987,0.00047235
4605345792,384528.5,-0.007313,0.152594,0.0011,-0.175781,0.0,0.893,0.6969,0.00226,0.002262,0.003033,6.741576,36.731689,0.00050169
4606132224,384240.3,0.001535,0.131323,0.001047,-0.175781,0.0,0.8936,0.6986,0.003166,0.001995,0.00343,6.849192,36.195503,0.00040306
4606918656,383948.7,0.003108,0.154987,0.001051,-0.180664,0.0,0.8942,0.7015,0.002957,0.002003,0.00349,6.791521,35.306786,0.00043095
4607705088,383280.4,-0.001862,0.335239,0.001051,-0.200195,0.0,0.8941,0.7013,0.001591,0.002058,0.003492,7.114199,37.545185,0.00041738
4608491520,382987.3,-0.000165,0.319506,0.001091,-0.200195,0.0,0.8935,0.6972,0.002173,0.00322,0.004771,7.162446,37.253372,0.00051248
4609277952,382698.3,-0.002383,0.223291,0.001055,-0.192383,0.0,0.8926,0.6945,0.001996,0.00276,0.003951,6.789807,36.899029,0.00053457
4610064384,382017.3,0.013999,0.315589,0.001077,-0.191406,0.0,0.8914,0.6921,0.001727,0.00215,0.003329,7.479008,35.588234,0.00052652
4610850816,381739.5,-0.001802,0.219467,0.000957,-0.171875,0.0,0.8906,0.6931,0.002291,0.001904,0.003322,7.558033,36.049706,0.00063492
4611637248,381459.6,0.005732,0.210717,0.000997,-0.165039,0.0,0.8906,0.6923,0.001949,0.002051,0.002495,5.854638,39.112915,0.00053129
4612423680,381185.2,-0.00111,0.259233,0.000978,-0.169922,0.0,0.8904,0.6919,0.003244,0.00265,0.004181,5.867098,39.236324,0.00046467
4613210112,380482.4,-0.001871,0.299818,0.001079,-0.162109,0.0,0.8901,0.6905,0.002015,0.002558,0.003935,6.161548,38.562332,0.00045347
4613996544,380190.4,0.003821,0.276456,0.001128,-0.164062,0.0,0.8893,0.6867,0.001952,0.002524,0.003246,6.132948,38.091747,0.00044796
4614782976,379926.4,0.008534,0.145156,0.001177,-0.15918,0.0,0.8888,0.6863,0.002195,0.002085,0.00316,6.685408,37.57093,0.00040605
4615569408,379649.6,-0.004266,0.131654,0.001145,-0.160156,0.0,0.8879,0.6841,0.002382,0.002235,0.003559,6.501378,37.10569,0.00041806
4616355840,378970.8,0.003243,0.42326,0.001135,-0.181641,0.0,0.8881,0.6822,0.002438,0.002948,0.005129,5.51087,38.835938,0.00041005
4617142272,378707.4,-0.000569,0.264748,0.001162,-0.170898,0.0,0.8883,0.6831,0.00229,0.00244,0.004026,6.525292,38.733276,0.0004591
4617928704,378421.6,0.000598,0.355911,0.001179,-0.175781,0.0,0.8882,0.6819,0.002275,0.00305,0.003319,6.491346,38.697632,0.00056451
4618715136,377743.4,-0.002799,0.227373,0.001194,-0.165039,0.0,0.8882,0.6806,0.003125,0.00257,0.003836,7.167873,37.635223,0.00050045
4619501568,377490.8,-0.001694,0.203508,0.001107,-0.15918,0.0,0.8882,0.6788,0.002159,0.001923,0.002679,6.965402,38.183105,0.0005369
4620288000,377230.8,0.010682,0.298987,0.001122,-0.178711,0.0,0.8882,0.6769,0.002928,0.002629,0.003577,6.035333,40.265366,0.00043914
4621074432,376967.0,0.006434,0.215855,0.00112,-0.174805,0.0,0.8878,0.6742,0.002824,0.002701,0.003763,6.138896,39.82391,0.00046672
4621860864,376242.8,0.003299,0.416761,0.001138,-0.185547,0.0,0.888,0.6731,0.003337,0.002659,0.004127,7.330841,38.588329,0.0004882
4622647296,375988.2,0.005,0.335167,0.001119,-0.191406,0.0,0.8881,0.6699,0.002845,0.002425,0.003377,7.659735,37.996075,0.00050888
4623433728,375731.7,-0.005688,0.270432,0.001099,-0.178711,0.0,0.8882,0.6696,0.002157,0.002366,0.003111,7.661605,37.926659,0.00061969
4624220160,375056.7,-0.002997,0.274869,0.001121,-0.176758,0.0,0.8882,0.6695,0.002159,0.002348,0.003385,6.21082,39.757992,0.00058233
4625006592,374797.1,0.002,0.259725,0.001138,-0.171875,0.0,0.8894,0.6735,0.002473,0.002357,0.003571,6.365047,39.805573,0.00043193
4625793024,374514.0,-0.000955,0.230762,0.00115,-0.174805,0.0,0.8909,0.6745,0.00282,0.002617,0.003903,6.438749,39.265881,0.00043108
4626579456,374231.0,0.003541,0.254033,0.001112,-0.175781,0.0,0.8917,0.6758,0.002464,0.002256,0.003299,7.090732,38.510418,0.0004531
4627365888,373524.8,-0.001202,0.225582,0.001092,-0.169922,0.0,0.8922,0.6759,0.002948,0.002466,0.003834,6.8763,36.616699,0.0004849
4628152320,373245.9,-0.008579,0.185762,0.001065,-0.161133,0.0,0.8924,0.6755,0.002241,0.0025,0.003547,5.477341,39.416851,0.00048993
4628938752,372966.6,0.005501,0.24014,0.001066,-0.162109,0.0,0.8925,0.6747,0.002097,0.002291,0.004101,5.685481,39.403744,0.0004595
4629725184,372222.2,-0.000717,0.300793,0.001079,-0.166016,0.0,0.8926,0.6756,0.001526,0.002329,0.003725,6.249151,38.921959,0.00041788
4630511616,371963.8,-0.004808,0.227704,0.001214,-0.167969,0.0,0.893,0.6771,0.002183,0.002742,0.003629,6.275503,38.291729,0.00050142
4631298048,371702.7,-0.00234,0.249341,0.001242,-0.168945,0.0,0.8935,0.6785,0.001855,0.002179,0.003143,6.743475,37.703453,0.00053138
4632084480,371427.9,-0.007188,0.189519,0.00121,-0.171875,0.0,0.8942,0.6806,0.002228,0.002255,0.002938,7.120904,37.032196,0.00050614
4632870912,370761.7,0.000306,0.38341,0.001158,-0.18457,0.0,0.8943,0.679,0.001979,0.002273,0.00312,6.432302,39.353333,0.00047751
4633657344,370504.8,-0.002598,0.234013,0.001081,-0.181641,0.0,0.8936,0.6742,0.002951,0.002874,0.004016,6.551893,38.550026,0.00054359
4634443776,370241.9,-0.003197,0.309818,0.001093,-0.195312,0.0,0.8928,0.6689,0.003137,0.002328,0.002944,7.310783,37.614601,0.00048237
4635230208,369568.7,0.000538,0.239689,0.001118,-0.183594,0.0,0.8919,0.6649,0.001491,0.00243,0.003026,7.238812,35.993073,0.00055775
4636016640,369303.6,-0.002069,0.14372,0.001196,-0.166016,0.0,0.8918,0.6709,0.002144,0.00248,0.003061,7.402542,36.354134,0.00056591
4636803072,369061.5,0.000647,0.129605,0.001172,-0.157227,0.0,0.892,0.6742,0.00196,0.001788,0.003193,5.186993,40.047436,0.00046644
4637589504,368805.4,-0.005296,0.192185,0.001131,-0.167969,0.0,0.8928,0.6784,0.001909,0.001771,0.003043,6.070119,40.103294,0.00045412
4638375936,368186.2,0.001443,0.271501,0.001173,-0.172852,0.0,0.8937,0.6817,0.001954,0.002405,0.003661,7.015682,38.867367,0.0004605
4639162368,367930.6,-0.000328,0.203369,0.001118,-0.166992,0.0,0.8939,0.6824,0.000978,0.00178,0.003378,6.464349,37.837643,0.00048297
4639948800,367676.5,0.004174,0.256275,0.001098,-0.169922,0.0,0.8936,0.6822,0.001674,0.001768,0.00293,6.506811,37.757904,0.00052995
4640735232,367423.5,0.006454,0.231698,0.001089,-0.168945,0.0,0.893,0.6833,0.001589,0.002045,0.003303,7.348747,37.020008,0.00048014
4641521664,366814.7,-0.002165,0.205218,0.001045,-0.170898,0.0,0.8928,0.6837,0.002774,0.002807,0.004211,5.736467,39.93512,0.00043267
4642308096,366572.7,-0.002063,0.193852,0.001135,-0.174805,0.0,0.8924,0.6832,0.002059,0.003052,0.004011,5.978059,39.697216,0.0005209
4643094528,366328.4,0.001066,0.16557,0.001096,-0.169922,0.0,0.8922,0.6816,0.0019,0.002443,0.003101,6.575906,38.849697,0.00052475
4643880960,365660.2,-0.000574,0.205977,0.001193,-0.162109,0.0,0.8921,0.6819,0.001843,0.002309,0.003451,7.048948,37.872784,0.00055608
4644667392,365414.8,-0.002015,0.220815,0.001323,-0.161133,0.0,0.8916,0.6831,0.002265,0.002577,0.00329,6.892091,37.734417,0.00061229
4645453824,365168.6,0.002306,0.158667,0.001178,-0.160156,0.0,0.8914,0.6842,0.001617,0.001776,0.002565,5.624043,39.997932,0.0004484
4646240256,364916.0,0.001578,0.182929,0.001206,-0.162109,0.0,0.8915,0.6882,0.001493,0.002116,0.002727,5.789394,40.151085,0.00045331
4647026688,364339.9,0.00087,0.212309,0.001161,-0.174805,0.0,0.8915,0.6878,0.001921,0.002369,0.00336,7.029613,39.466766,0.00039312
4647813120,364104.4,0.00046,0.320427,0.001284,-0.192383,0.0,0.8913,0.6859,0.001971,0.002477,0.003261,7.22192,38.803448,0.00049486
4648599552,363868.4,0.002055,0.158596,0.001193,-0.176758,0.0,0.8918,0.6893,0.001946,0.002125,0.003824,7.907159,38.326996,0.00060721
4649385984,363205.2,0.0029,0.280742,0.001167,-0.1875,0.0,0.8915,0.6875,0.003606,0.00221,0.003334,6.34687,40.697399,0.00052168
4650172416,362961.4,-0.001043,0.380135,0.001224,-0.200195,0.0,0.8917,0.69,0.004996,0.002832,0.004068,6.997337,40.059498,0.00059416
4650958848,362711.2,-6.2e-05,0.344643,0.001222,-0.196289,0.0,0.8919,0.691,0.002787,0.002725,0.003912,7.269681,39.751045,0.00076881
4651745280,362463.6,-0.003541,0.299231,0.001303,-0.194336,0.0,0.892,0.6904,0.003222,0.002379,0.003265,7.666681,38.953056,0.00062919
4652531712,361824.7,-0.003068,0.258786,0.001204,-0.19043,0.0,0.8919,0.6904,0.002716,0.002584,0.003499,7.43504,37.193611,0.00060865
4653318144,361565.1,0.001322,0.198091,0.001166,-0.171875,0.0,0.8918,0.6915,0.001915,0.002278,0.003031,6.125069,39.898624,0.0006342
4654104576,361314.2,-0.003017,0.153074,0.001147,-0.180664,0.0,0.8918,0.693,0.001698,0.002255,0.003145,6.251129,39.708046,0.00055361
4654891008,360713.6,-0.002956,0.152397,0.001156,-0.180664,0.0,0.8923,0.6958,0.001596,0.002775,0.003408,6.447446,39.714394,0.00051916
4655677440,360475.2,-0.006066,0.167718,0.001249,-0.168945,0.0,0.8926,0.6964,0.002012,0.002628,0.00441,6.902092,38.929298,0.00050208
4656463872,360213.9,-0.00551,0.213198,0.001132,-0.172852,0.0,0.8931,0.6969,0.001912,0.00244,0.003581,7.128466,38.497326,0.00047297
4657250304,359956.2,0.000356,0.166128,0.001074,-0.176758,0.0,0.8938,0.6975,0.001909,0.002154,0.003256,7.423553,37.725296,0.00056593
4658036736,359345.8,-3.2e-05,0.268769,0.001093,-0.185547,0.0,0.8941,0.6982,0.001975,0.002791,0.003322,6.339546,40.194809,0.00050389
4658823168,359105.7,-0.002283,0.201568,0.001159,-0.183594,0.0,0.8941,0.6948,0.002014,0.002805,0.004006,6.437709,39.817276,0.00064646
4659609600,358852.0,0.000993,0.191614,0.001129,-0.181641,0.0,0.8943,0.6945,0.001718,0.002405,0.002762,7.111104,39.828224,0.00068307
4660396032,358184.9,-0.000373,0.267519,0.001176,-0.189453,0.0,0.8943,0.6918,0.001526,0.002029,0.002973,7.105118,37.443893,0.00074837
4661182464,357933.2,-0.005099,0.195753,0.001164,-0.166016,0.0,0.8942,0.6955,0.001965,0.001986,0.002946,7.501506,37.498837,0.00063677
4661968896,357705.9,0.003672,0.275242,0.001126,-0.173828,0.0,0.8943,0.6965,0.002297,0.002371,0.003633,6.078597,40.590878,0.00058447
4662755328,357476.7,-0.004105,0.374504,0.001143,-0.180664,0.0,0.8947,0.6984,0.002262,0.002394,0.003585,6.889692,40.26799,0.00060225
4663541760,356906.8,0.002233,0.311955,0.001214,-0.18457,0.0,0.8952,0.6976,0.002502,0.002782,0.003462,6.023712,39.57682,0.00050084
4664328192,356679.7,-0.001558,0.192694,0.001156,-0.167969,0.0,0.8959,0.6972,0.002342,0.002877,0.003189,7.128204,38.571655,0.00062191
4665114624,356453.8,-0.002136,0.14925,0.001159,-0.176758,0.0,0.8965,0.6971,0.003316,0.002241,0.002866,7.110369,38.04583,0.00056549
4665901056,356224.5,0.001506,0.159479,0.001218,-0.169922,0.0,0.8966,0.697,0.002297,0.002307,0.002837,7.424306,36.897766,0.00051598
4666687488,355551.4,0.001359,0.318124,0.001099,-0.192383,0.0,0.8964,0.6947,0.00229,0.002848,0.004014,6.198954,39.836632,0.00058394
4667473920,355305.3,0.009027,0.387579,0.001054,-0.199219,0.0,0.8962,0.6905,0.00224,0.003023,0.003879,7.466675,39.114407,0.00062999
4668260352,355065.4,0.005657,0.405342,0.001131,-0.197266,0.0,0.8959,0.6848,0.002182,0.002728,0.003363,7.792085,38.860096,0.00068536
4669046784,354507.2,-0.000461,0.382126,0.001111,-0.1875,0.0,0.8957,0.6816,0.00225,0.002329,0.003213,7.794769,37.638271,0.00067516
4669833216,354261.6,0.004812,0.305864,0.001197,-0.163086,0.0,0.8956,0.6784,0.002722,0.002393,0.003403,8.132702,37.370163,0.00065358
4670619648,354023.7,0.006183,0.276396,0.00116,-0.170898,0.0,0.8954,0.6777,0.001941,0.002844,0.003642,5.728358,41.085812,0.00059805
4671406080,353772.5,0.000607,0.251075,0.001271,-0.162109,0.0,0.8952,0.6775,0.001841,0.002296,0.003386,5.656508,40.549461,0.00060431
4672192512,353197.3,-0.004615,0.177559,0.001561,-0.157227,0.0,0.8955,0.6804,0.002366,0.002256,0.003453,6.010596,39.762264,0.00054506
4672978944,352950.1,0.000168,0.157591,0.001341,-0.15918,0.0,0.8956,0.6818,0.002158,0.002216,0.002935,6.112284,38.926548,0.00051649
4673765376,352706.9,-0.004465,0.139917,0.001372,-0.158203,0.0,0.8959,0.6824,0.001897,0.001937,0.002758,6.408406,38.941673,0.00058397
4674551808,352130.7,0.002554,0.15524,0.001319,-0.166992,0.0,0.8959,0.6827,0.002696,0.002591,0.003188,5.958528,40.770447,0.0005144
4675338240,351911.7,0.002692,0.178768,0.001084,-0.174805,0.0,0.8953,0.6838,0.002168,0.002541,0.003501,6.546691,40.432693,0.00048996
4676124672,351691.8,-0.003966,0.226001,0.001042,-0.185547,0.0,0.8946,0.6832,0.002612,0.002411,0.003309,6.552714,39.445248,0.0005947
4676911104,351465.7,-0.002178,0.286319,0.001089,-0.196289,0.0,0.8936,0.6799,0.002022,0.002463,0.003392,7.79784,38.968285,0.00054817
4677697536,350903.6,-0.00246,0.238866,0.001112,-0.183594,0.0,0.893,0.6808,0.003753,0.002349,0.00345,7.355359,37.760632,0.00056963
4678483968,350683.6,0.004089,0.260032,0.001062,-0.179688,0.0,0.8921,0.6814,0.003304,0.0027,0.003804,7.370578,38.163284,0.00050689
4679270400,350460.1,-0.001803,0.190034,0.001142,-0.177734,0.0,0.8917,0.6819,0.002746,0.002579,0.003933,6.210467,40.564411,0.00056696
4680056832,349927.0,-0.00686,0.226721,0.001189,-0.170898,0.0,0.8912,0.6826,0.002913,0.002724,0.003904,6.036164,40.911011,0.00052412
4680843264,349699.7,0.00682,0.210991,0.001115,-0.172852,0.0,0.8904,0.6826,0.002156,0.001935,0.003162,6.931259,40.085384,0.00054919
4681629696,349476.3,0.003499,0.171309,0.001092,-0.181641,0.0,0.8893,0.6813,0.001812,0.002253,0.003061,7.117644,38.877762,0.0005222
4682416128,349247.0,-0.002018,0.168452,0.001123,-0.179688,0.0,0.8884,0.6801,0.001759,0.002558,0.003364,7.786675,37.881058,0.00057312
4683202560,348680.0,0.002295,0.292889,0.001116,-0.179688,0.0,0.888,0.6793,0.001666,0.002304,0.003251,6.319423,41.111008,0.00067725
4683988992,348460.9,-0.006013,0.297306,0.001101,-0.179688,0.0,0.8875,0.6754,0.002281,0.002565,0.003983,6.788941,40.751091,0.00061744
4684775424,348234.2,-0.000669,0.214556,0.001247,-0.173828,0.0,0.8868,0.6737,0.002071,0.002057,0.003102,6.968258,40.161575,0.00055974
4685561856,347677.5,-0.002775,0.22178,0.001176,-0.180664,0.0,0.8859,0.6717,0.001543,0.001762,0.003237,7.069534,37.757446,0.00050576
4686348288,347441.8,-0.000176,0.171767,0.001136,-0.163086,0.0,0.8859,0.6761,0.001883,0.002102,0.003291,7.234708,37.695465,0.00055674
4687134720,347209.6,-0.005829,0.195889,0.001137,-0.163086,0.0,0.8861,0.6785,0.001823,0.002064,0.003838,6.026487,40.781616,0.0004883
4687921152,346975.0,9.7e-05,0.202291,0.001225,-0.169922,0.0,0.8861,0.6798,0.00198,0.002694,0.004069,6.113075,40.067467,0.00048206
4688707584,346390.2,-0.000454,0.162861,0.001212,-0.170898,0.0,0.8864,0.6834,0.001848,0.002137,0.003552,6.388604,40.364769,0.00046161
4689494016,346163.1,0.002271,0.186002,0.001194,-0.172852,0.0,0.8872,0.6865,0.001745,0.001908,0.003083,6.718396,39.335098,0.00046715
4690280448,345938.2,0.001521,0.179157,0.00117,-0.168945,0.0,0.8875,0.6896,0.001789,0.001786,0.00285,6.961401,38.352783,0.00057638
4691066880,345721.6,-0.002177,0.144519,0.001166,-0.175781,0.0,0.8877,0.6932,0.001917,0.002382,0.003068,7.276637,38.334209,0.00053056
4691853312,345121.2,0.004627,0.204726,0.001167,-0.174805,0.0,0.8874,0.6929,0.00211,0.002059,0.003301,6.576742,40.377148,0.00047736
4692639744,344890.7,0.001346,0.27835,0.001257,-0.182617,0.0,0.887,0.6919,0.001715,0.002201,0.003539,6.664128,40.131477,0.00054025
4693426176,344674.3,0.00126,0.153507,0.001189,-0.176758,0.0,0.8867,0.6904,0.00196,0.002045,0.003466,6.902795,38.842194,0.00063057
4694212608,344147.9,-0.005507,0.146785,0.001174,-0.178711,0.0,0.8867,0.6906,0.001809,0.002473,0.003109,7.572735,38.098145,0.00050301
4694999040,343932.0,-0.001592,0.159324,0.001102,-0.175781,0.0,0.8869,0.6948,0.001867,0.002485,0.003692,7.769618,37.830559,0.00053095
4695785472,343724.4,0.007458,0.241104,0.001084,-0.183594,0.0,0.8874,0.699,0.001556,0.002294,0.002715,6.137707,40.804176,0.00050132
4696571904,343516.0,-0.000146,0.285094,0.001114,-0.192383,0.0,0.8876,0.7023,0.001924,0.002426,0.003224,6.690141,40.804813,0.0005601
4697358336,342970.8,-0.001112,0.198983,0.001138,-0.167969,0.0,0.8876,0.7052,0.002183,0.002497,0.004253,6.758728,39.822365,0.00051246
4698144768,342753.2,0.000787,0.158986,0.001097,-0.166992,0.0,0.8872,0.7077,0.00188,0.002105,0.003725,6.473988,39.053474,0.00055617
4698931200,342533.1,0.004096,0.18484,0.001068,-0.172852,0.0,0.8874,0.7088,0.001803,0.001663,0.003005,6.862551,38.126198,0.00055093
4699717632,341945.0,0.00549,0.240974,0.001084,-0.177734,0.0,0.8875,0.7086,0.002144,0.001765,0.002747,6.734804,41.236938,0.00053254
4700504064,341722.1,0.000483,0.156844,0.001109,-0.173828,0.0,0.8874,0.7074,0.002202,0.002748,0.004147,6.44699,40.954338,0.00052552
4701290496,341503.1,-0.000826,0.157761,0.001128,-0.171875,0.0,0.8877,0.7078,0.002163,0.00284,0.00447,7.167693,40.246822,0.00056751
4702076928,341273.2,-0.004146,0.206472,0.001134,-0.169922,0.0,0.8878,0.7073,0.001965,0.00229,0.003584,6.779648,39.570824,0.0005517
4702863360,340741.9,-0.004183,0.166755,0.001172,-0.164062,0.0,0.888,0.7074,0.003783,0.00227,0.00334,7.407514,38.984631,0.00055234
4703649792,340516.5,-0.001622,0.148874,0.001149,-0.163086,0.0,0.8883,0.7102,0.002143,0.002189,0.002876,7.091552,38.9575,0.00062461
4704436224,340300.0,0.002986,0.191159,0.001145,-0.176758,0.0,0.8882,0.7109,0.002801,0.002719,0.003806,6.032444,41.739685,0.00046778
4705222656,339740.8,-0.003218,0.200129,0.001171,-0.185547,0.0,0.8884,0.7139,0.003454,0.002672,0.003315,7.165138,40.527737,0.00046984
4706009088,339527.2,0.003777,0.294464,0.001272,-0.19043,0.0,0.8882,0.7115,0.002933,0.002725,0.003708,7.847459,39.081612,0.00054486
4706795520,339317.3,0.006546,0.246716,0.001334,-0.189453,0.0,0.8885,0.7113,0.00262,0.002271,0.003025,7.326593,38.437023,0.00054518
4707581952,339108.8,-0.003368,0.194303,0.001271,-0.181641,0.0,0.8885,0.7106,0.002538,0.002799,0.003484,7.357601,38.568005,0.00061536
4708368384,338584.4,0.001292,0.234198,0.001189,-0.183594,0.0,0.8887,0.7108,0.001995,0.002452,0.003622,6.430914,40.688606,0.00055148
4709154816,338362.0,-0.005638,0.163771,0.001102,-0.178711,0.0,0.8892,0.7116,0.002204,0.002026,0.003322,6.434186,40.202847,0.00053543
4709941248,338158.9,0.002741,0.154742,0.001135,-0.177734,0.0,0.8899,0.7132,0.002178,0.002109,0.003514,7.155199,39.737892,0.00059109
4710727680,337625.1,-0.001551,0.178248,0.001165,-0.181641,0.0,0.8905,0.7133,0.001792,0.00192,0.002712,6.758256,38.580578,0.00060262
4711514112,337422.7,-0.001721,0.163688,0.001224,-0.166992,0.0,0.8909,0.7172,0.002208,0.002047,0.003057,7.063635,38.62566,0.00055316
4712300544,337199.3,0.003052,0.12776,0.001188,-0.160156,0.0,0.8914,0.7207,0.002016,0.001922,0.003112,6.028367,41.122269,0.0004872
4713086976,336986.4,0.000845,0.155666,0.001277,-0.167969,0.0,0.8918,0.7233,0.001849,0.002298,0.003324,6.352755,40.48698,0.00052068
4713873408,336436.4,0.002203,0.159695,0.001208,-0.179688,0.0,0.8928,0.7262,0.002648,0.00254,0.003404,6.711063,40.527554,0.00050326
4714659840,336229.9,0.001658,0.21751,0.001192,-0.18457,0.0,0.8936,0.7259,0.001576,0.002857,0.004259,7.181578,39.644375,0.00058757
4715446272,336027.6,0.001569,0.19119,0.001177,-0.180664,0.0,0.8946,0.7282,0.001583,0.002605,0.003415,7.58521,39.857002,0.00066214
4716232704,335470.9,-0.001029,0.173732,0.001144,-0.179688,0.0,0.8956,0.7285,0.001649,0.00215,0.003126,7.752912,39.645641,0.00072922
4717019136,335254.1,0.003127,0.316492,0.001158,-0.203125,0.0,0.8957,0.7257,0.001708,0.002501,0.00312,6.938572,41.24229,0.00061902
4717805568,335037.7,-0.000581,0.302871,0.001172,-0.198242,0.0,0.8956,0.7201,0.001727,0.002781,0.003515,6.955367,40.970303,0.00080202
4718592000,334827.4,0.002417,0.336388,0.001153,-0.194336,0.0,0.8959,0.717,0.00178,0.002905,0.003411,8.088856,40.359573,0.00076709
4719378432,334323.4,0.008404,0.315748,0.001222,-0.183594,0.0,0.8963,0.7142,0.002001,0.002764,0.003605,6.850042,39.55344,0.00066898
4720164864,334127.3,0.002365,0.195792,0.0012,-0.165039,0.0,0.8963,0.715,0.001679,0.002158,0.003039,7.19448,39.120579,0.00061128
4720951296,333908.2,0.000205,0.182795,0.001252,-0.181641,0.0,0.8966,0.7151,0.001665,0.002107,0.003265,6.631007,41.3451,0.00047255
4721737728,333693.1,-0.004424,0.225089,0.001229,-0.189453,0.0,0.8972,0.7154,0.002898,0.002517,0.003898,7.357357,40.768646,0.00049439
4722524160,333220.7,-0.004837,0.235899,0.001174,-0.183594,0.0,0.8978,0.7158,0.00226,0.003039,0.005002,7.453896,40.579971,0.00055394
4723310592,333032.1,-0.004174,0.21657,0.001169,-0.18457,0.0,0.8981,0.7153,0.002915,0.0025,0.003767,7.177526,39.717102,0.00061998
4724097024,332840.7,-0.000225,0.222052,0.001164,-0.1875,0.0,0.8985,0.7165,0.0032,0.002541,0.004285,7.542314,38.840698,0.00061059
4724883456,332132.8,-0.005398,0.138777,0.001192,-0.189453,0.0,0.8991,0.7194,0.001781,0.00224,0.003313,7.14849,41.236446,0.0005565
4725669888,331927.9,0.006002,0.281069,0.001119,-0.193359,0.0,0.8998,0.7203,0.002457,0.002468,0.00367,7.385214,40.759964,0.00059268
4726456320,331717.8,-0.000943,0.17154,0.001145,-0.182617,0.0,0.9004,0.7213,0.002329,0.002735,0.003894,7.012648,40.178185,0.0006855
4727242752,331509.8,-0.005351,0.112681,0.001118,-0.1875,0.0,0.9011,0.7248,0.001906,0.002296,0.003044,7.510874,39.508583,0.0005001
4728029184,330996.0,-0.004932,0.244904,0.001272,-0.186523,0.0,0.9018,0.7237,0.001664,0.002182,0.002907,7.905096,38.448772,0.00057935
4728815616,330779.8,-0.004867,0.205987,0.001294,-0.189453,0.0,0.9019,0.7229,0.002051,0.00255,0.003474,7.909862,38.177277,0.00066276
4729602048,330588.8,0.000682,0.313304,0.00129,-0.199219,0.0,0.9018,0.7206,0.001325,0.00204,0.002751,6.875218,41.422356,0.00063463
4730388480,330082.2,-0.002632,0.306428,0.001319,-0.196289,0.0,0.9017,0.719,0.002341,0.002381,0.003417,7.123721,41.133003,0.00055159
4731174912,329885.3,0.002459,0.27628,0.00122,-0.191406,0.0,0.9016,0.7162,0.002089,0.002282,0.00296,7.6385,40.467693,0.00059718
4731961344,329688.0,0.005369,0.202614,0.001198,-0.183594,0.0,0.9014,0.7169,0.001771,0.00213,0.00271,7.930914,40.234505,0.00071802
4732747776,329498.8,-0.000983,0.269512,0.001217,-0.197266,0.0,0.902,0.7163,0.001334,0.001873,0.002595,8.189133,39.168411,0.00055182
4733534208,329024.5,-0.001497,0.246525,0.001173,-0.194336,0.0,0.9022,0.7167,0.001502,0.001852,0.002959,6.646803,41.987801,0.00065009
4734320640,328840.1,-0.003572,0.217798,0.001239,-0.182617,0.0,0.9023,0.7187,0.001686,0.002357,0.002743,7.558259,41.533779,0.00068948
4735107072,328630.0,0.00146,0.190028,0.001263,-0.180664,0.0,0.9028,0.7195,0.002179,0.002037,0.003234,6.798629,41.7388,0.0007198
4735893504,328147.3,0.003997,0.22208,0.001199,-0.183594,0.0,0.9032,0.7197,0.002293,0.003059,0.00389,7.24393,39.950378,0.00064331
4736679936,327957.5,0.001756,0.21662,0.001166,-0.165039,0.0,0.9044,0.7202,0.002182,0.002148,0.002771,6.873564,40.10965,0.00064369
4737466368,327771.1,-0.007184,0.209681,0.001197,-0.166992,0.0,0.905,0.721,0.001754,0.001975,0.002938,7.127371,40.06596,0.00056024
4738252800,327575.0,0.000258,0.218382,0.001135,-0.171875,0.0,0.9053,0.7206,0.003003,0.002236,0.002806,6.393912,42.138031,0.00057807
4739039232,327077.1,0.008503,0.270705,0.00115,-0.183594,0.0,0.9062,0.7207,0.002917,0.002528,0.00517,7.049816,41.654274,0.00055382
4739825664,326873.3,0.004311,0.214414,0.001163,-0.182617,0.0,0.9064,0.7178,0.00242,0.002423,0.004207,7.553818,40.473274,0.00061171
4740612096,326670.5,-0.002685,0.342661,0.001214,-0.193359,0.0,0.9064,0.715,0.002467,0.002353,0.004202,8.281662,39.740578,0.00069181
4741398528,326209.8,0.005749,0.279581,0.001152,-0.185547,0.0,0.9061,0.7127,0.001852,0.002008,0.00315,7.078997,38.424068,0.00061679
4742184960,326024.5,0.001609,0.219118,0.001136,-0.172852,0.0,0.9054,0.7096,0.002099,0.002419,0.00339,6.518755,42.216915,0.00059923
4742971392,325835.9,-0.006942,0.371398,0.001172,-0.175781,0.0,0.9057,0.7095,0.002234,0.002401,0.003783,6.886928,42.188034,0.00068399
4743757824,325635.8,0.00073,0.376727,0.001212,-0.181641,0.0,0.9051,0.7052,0.002789,0.002469,0.003093,7.533829,41.898888,0.00062448
4744544256,325167.1,-0.002806,0.262722,0.001173,-0.186523,0.0,0.9052,0.7074,0.001968,0.00253,0.004152,7.10463,40.79565,0.00057579
4745330688,324979.5,-0.0055,0.180103,0.001137,-0.176758,0.0,0.9056,0.7112,0.002027,0.002607,0.003534,7.913211,39.672852,0.00055628
4746117120,324791.5,-0.000393,0.112948,0.001087,-0.170898,0.0,0.9065,0.7169,0.002306,0.002606,0.003565,6.395319,41.940674,0.00060835
4746903552,324605.9,-0.002035,0.156283,0.001124,-0.175781,0.0,0.9085,0.7217,0.00195,0.002242,0.003026,6.698777,41.962292,0.00053255
4747689984,324142.3,0.005601,0.248953,0.00126,-0.180664,0.0,0.9088,0.7223,0.002471,0.002266,0.003416,7.015156,41.563599,0.00048217
4748476416,323933.9,-0.002414,0.179336,0.001319,-0.168945,0.0,0.9092,0.7225,0.003233,0.001882,0.003,7.371605,41.194729,0.00062905
4749262848,323738.4,0.000848,0.197639,0.00128,-0.171875,0.0,0.9101,0.7256,0.002174,0.002032,0.003512,7.13922,40.52726,0.00060366
4750049280,323304.8,0.000282,0.156385,0.001269,-0.179688,0.0,0.9102,0.7269,0.002549,0.002793,0.003568,6.429903,41.85751,0.00056627
4750835712,323125.7,0.001433,0.236227,0.001156,-0.1875,0.0,0.9106,0.7268,0.001814,0.002364,0.003802,6.760712,41.245293,0.00048175
4751622144,322948.6,-0.002279,0.177083,0.001146,-0.185547,0.0,0.9111,0.726,0.001581,0.001738,0.002936,6.847529,40.953613,0.00059643
4752408576,322769.0,0.000153,0.165231,0.00128,-0.175781,0.0,0.9119,0.7263,0.001934,0.001989,0.003138,7.367725,40.902588,0.00057639
4753195008,322290.2,-0.001746,0.174068,0.0013,-0.173828,0.0,0.912,0.725,0.001994,0.002411,0.003344,7.505851,39.597137,0.00056342
4753981440,322110.0,0.005196,0.210033,0.001355,-0.169922,0.0,0.9117,0.7223,0.001927,0.002227,0.002777,7.848437,39.531036,0.00057754
4754767872,321926.4,0.000229,0.162403,0.001219,-0.171875,0.0,0.9113,0.7204,0.00137,0.001903,0.002147,6.012327,42.661674,0.00061009
4755554304,321449.5,0.006372,0.242908,0.001246,-0.180664,0.0,0.9116,0.7224,0.001819,0.002001,0.003123,6.92697,42.010956,0.00055354
4756340736,321250.6,-0.006724,0.160607,0.001175,-0.180664,0.0,0.9119,0.7234,0.001836,0.002596,0.004174,7.433827,41.321346,0.0005079
4757127168,321065.0,-0.00807,0.278172,0.001246,-0.185547,0.0,0.9125,0.7249,0.001782,0.002391,0.003147,7.601077,40.661324,0.00058515
4757913600,320878.8,-5.1e-05,0.168946,0.001177,-0.176758,0.0,0.913,0.7265,0.001977,0.002436,0.003479,7.765196,39.720367,0.00064778
4758700032,320407.5,0.002347,0.245434,0.001185,-0.176758,0.0,0.913,0.7278,0.001803,0.002384,0.003503,6.252685,41.821075,0.00056838
4759486464,320222.4,-0.001066,0.218561,0.001101,-0.176758,0.0,0.9132,0.7275,0.001485,0.001849,0.00295,6.467004,41.874413,0.00057319
4760272896,320033.4,-0.010098,0.094753,0.001164,-0.167969,0.0,0.913,0.7322,0.001282,0.001376,0.002222,6.328314,41.582561,0.00060392
4761059328,319566.6,-0.001224,0.168375,0.001151,-0.171875,0.0,0.9135,0.7359,0.001583,0.001653,0.003118,7.979989,39.649483,0.00050675
4761845760,319400.4,0.001181,0.234736,0.001067,-0.178711,0.0,0.9138,0.7359,0.002156,0.002426,0.003618,7.269643,39.575996,0.00061841
4762632192,319215.2,0.002489,0.154729,0.001068,-0.175781,0.0,0.914,0.7381,0.002053,0.002754,0.003881,7.260815,39.219971,0.00054723
4763418624,319026.3,0.000144,0.212324,0.001087,-0.181641,0.0,0.9141,0.7397,0.001434,0.001926,0.003163,6.483573,41.574486,0.00055867
4764205056,318525.9,-0.003272,0.200042,0.0012,-0.176758,0.0,0.9136,0.7384,0.003852,0.002421,0.003972,6.419003,41.458641,0.00045999
4764991488,318330.2,0.00377,0.166875,0.0012,-0.169922,0.0,0.9142,0.74,0.003053,0.00222,0.003379,6.859329,41.174702,0.00060084
4765777920,318147.1,0.002874,0.203722,0.00119,-0.173828,0.0,0.9144,0.7388,0.002091,0.00192,0.002802,7.464693,40.08186,0.00055803
4766564352,317698.8,-0.000267,0.205858,0.001144,-0.168945,0.0,0.9151,0.7419,0.002197,0.001743,0.002286,8.301143,38.350986,0.00050315
4767350784,317519.5,0.000504,0.276591,0.001092,-0.172852,0.0,0.9149,0.7404,0.001749,0.00192,0.002277,6.080393,42.363033,0.0005899
4768137216,317332.7,0.000373,0.156907,0.001081,-0.172852,0.0,0.9148,0.7431,0.001907,0.002183,0.002706,6.322147,41.916817,0.00055698
4768923648,317156.9,-0.005197,0.246452,0.001129,-0.180664,0.0,0.9147,0.7439,0.001733,0.002382,0.002533,6.826819,41.753517,0.00054382
4769710080,316707.5,-0.004125,0.214802,0.001139,-0.180664,0.0,0.9145,0.7449,0.001723,0.00239,0.003503,8.195975,40.139652,0.00050784
4770496512,316526.4,0.004908,0.257086,0.001033,-0.19043,0.0,0.9144,0.7469,0.00205,0.002294,0.003532,8.099472,39.7388,0.00064384
4771282944,316349.1,0.0036,0.203748,0.001045,-0.178711,0.0,0.9141,0.7486,0.002221,0.002674,0.003757,6.490824,42.470688,0.00061835
4772069376,316174.7,4.8e-05,0.15405,0.001003,-0.179688,0.0,0.9139,0.7486,0.001623,0.002523,0.003671,6.84387,42.068398,0.00053925
4772855808,315690.7,0.004183,0.283004,0.001147,-0.176758,0.0,0.9129,0.7443,0.002185,0.002541,0.003776,6.890186,41.672298,0.00052102
4773642240,315514.1,-0.003768,0.194734,0.001167,-0.164062,0.0,0.912,0.7427,0.002089,0.002215,0.003215,7.109516,41.060089,0.0006018
4774428672,315343.4,-0.003846,0.170844,0.00126,-0.166992,0.0,0.9108,0.7399,0.001934,0.002349,0.003384,7.018694,40.950302,0.00057994
4775215104,314922.5,-0.000583,0.187438,0.001233,-0.160156,0.0,0.9105,0.7395,0.002199,0.002268,0.003411,6.065175,42.963287,0.00056656
4776001536,314758.3,0.001175,0.199597,0.001186,-0.166992,0.0,0.9106,0.7399,0.001707,0.002132,0.003151,6.362864,43.186058,0.00059425
4776787968,314589.1,0.003487,0.220598,0.001257,-0.179688,0.0,0.9107,0.7407,0.001947,0.002142,0.003435,6.736833,42.45612,0.00044734
4777574400,314400.4,0.00268,0.160352,0.001243,-0.18457,0.0,0.9107,0.741,0.00253,0.002498,0.00449,7.522168,41.824837,0.00060388
4778360832,313934.9,-0.003352,0.261474,0.001119,-0.195312,0.0,0.911,0.741,0.002541,0.002549,0.004057,8.327728,40.970764,0.00047287
4779147264,313754.1,-0.001443,0.218328,0.001068,-0.198242,0.0,0.9109,0.7392,0.002403,0.002912,0.003871,9.066195,39.727524,0.00058683
4779933696,313585.8,-0.001854,0.174408,0.001055,-0.197266,0.0,0.9108,0.7393,0.002966,0.002855,0.00383,7.588029,41.845779,0.00062609
4780720128,313170.7,-0.001249,0.382184,0.001046,-0.212891,0.0,0.9109,0.7363,0.002209,0.002277,0.003876,7.520454,41.699303,0.00064859
4781506560,312997.4,-0.002432,0.29799,0.001143,-0.196289,0.0,0.9101,0.7328,0.002195,0.002255,0.003784,8.020333,40.652039,0.0006349
4782292992,312834.2,0.005637,0.254656,0.001175,-0.195312,0.0,0.9089,0.73,0.002373,0.002371,0.003009,8.092736,40.479382,0.00059758
4783079424,312659.9,5.2e-05,0.17307,0.001157,-0.182617,0.0,0.9077,0.7292,0.0017,0.002243,0.003495,8.333778,40.295174,0.00065701
4783865856,312227.8,0.002655,0.280096,0.001187,-0.195312,0.0,0.9071,0.7269,0.002358,0.002315,0.003181,6.934906,42.799271,0.00055207
4784652288,312061.4,0.002012,0.343052,0.001172,-0.197266,0.0,0.9063,0.7243,0.002498,0.002609,0.003857,6.889176,43.0872,0.00067742
4785438720,311878.9,-0.000918,0.171345,0.001209,-0.185547,0.0,0.9061,0.7223,0.00256,0.0025,0.003421,7.101929,43.141762,0.00067762
4786225152,311404.7,-0.000204,0.225131,0.001259,-0.180664,0.0,0.9063,0.7211,0.002171,0.002206,0.003627,6.667667,41.324501,0.0006165
4787011584,311235.1,0.000538,0.190552,0.001231,-0.163086,0.0,0.9064,0.7182,0.001718,0.001856,0.00328,7.029193,41.180176,0.00064362
4787798016,311065.3,0.000327,0.168186,0.001312,-0.165039,0.0,0.9067,0.7169,0.00186,0.002306,0.004168,7.822073,39.815811,0.00052556
4788584448,310896.6,-0.003927,0.204804,0.001215,-0.168945,0.0,0.9067,0.7175,0.001707,0.00217,0.003011,6.258368,43.103603,0.00055389
4789370880,310477.5,-0.00402,0.338306,0.001195,-0.188477,0.0,0.9064,0.7162,0.001757,0.002273,0.002692,8.248718,42.928543,0.00055723
4790157312,310317.4,-0.002283,0.429168,0.001186,-0.201172,0.0,0.9058,0.71,0.002277,0.002507,0.002719,8.241733,42.940216,0.00067246
4790943744,310148.0,-0.001186,0.335082,0.00119,-0.191406,0.0,0.905,0.704,0.002177,0.002202,0.003018,8.202164,41.995693,0.0006877
4791730176,309744.9,-0.003403,0.43196,0.00124,-0.199219,0.0,0.9043,0.6981,0.002056,0.002612,0.003412,8.649901,39.701294,0.00074283
4792516608,309582.8,0.002663,0.311609,0.001219,-0.192383,0.0,0.9033,0.694,0.001864,0.002217,0.003301,6.93737,43.651501,0.00080149
4793303040,309418.8,0.002867,0.208503,0.001228,-0.177734,0.0,0.9024,0.6927,0.002948,0.002534,0.004294,6.829285,43.169067,0.00070987
4794089472,309255.7,-0.005485,0.217728,0.00122,-0.182617,0.0,0.9019,0.6921,0.001596,0.002106,0.003484,7.396587,42.012474,0.00076196
4794875904,308785.5,-0.000941,0.15024,0.001179,-0.174805,0.0,0.9009,0.6917,0.001657,0.00173,0.003103,7.387607,40.870621,0.00070149
4795662336,308626.7,-9.7e-05,0.176993,0.001083,-0.162109,0.0,0.9005,0.6922,0.00143,0.002265,0.002758,7.72589,40.538841,0.00064791
4796448768,308469.7,-0.003443,0.114212,0.001059,-0.160156,0.0,0.9001,0.6946,0.001743,0.002221,0.003407,7.017478,41.105145,0.00066682
4797235200,308312.1,0.001292,0.10022,0.001088,-0.161133,0.0,0.9,0.6958,0.001452,0.001718,0.002642,5.71922,43.596817,0.00058473
4798021632,307918.4,0.003137,0.421273,0.001167,-0.1875,0.0,0.8996,0.6946,0.002128,0.00227,0.003633,7.571071,41.858711,0.00052083
4798808064,307742.5,-0.002614,0.197369,0.001232,-0.178711,0.0,0.8995,0.6927,0.002172,0.002204,0.003511,7.257246,41.300819,0.00061469
4799594496,307571.2,-0.003876,0.211836,0.001183,-0.180664,0.0,0.8989,0.6909,0.001694,0.001884,0.002822,7.623178,40.431587,0.00056121
4800380928,307118.2,0.001144,0.189789,0.001184,-0.168945,0.0,0.8985,0.692,0.001678,0.001711,0.002948,7.254147,40.060219,0.00060813
4801167360,306957.8,0.002665,0.149178,0.001151,-0.171875,0.0,0.8983,0.6923,0.001814,0.002034,0.003721,6.506132,42.825897,0.00054588
4801953792,306800.1,-0.003875,0.140111,0.001149,-0.167969,0.0,0.8978,0.6915,0.001814,0.002481,0.003333,6.560071,42.394669,0.00059064
4802740224,306630.8,-0.006248,0.147373,0.001109,-0.172852,0.0,0.8974,0.6908,0.001716,0.002097,0.003661,6.778255,41.981216,0.00066635
4803526656,306241.3,0.000282,0.184402,0.001123,-0.165039,0.0,0.8964,0.69,0.002534,0.002027,0.003364,7.404323,41.249779,0.00055921
4804313088,306067.1,-0.000741,0.129408,0.001115,-0.163086,0.0,0.8949,0.6863,0.002098,0.002099,0.003131,7.547834,41.392059,0.00064149
4805099520,305895.1,-0.000934,0.123223,0.001157,-0.149414,0.0,0.8946,0.6871,0.002131,0.001984,0.003495,5.840842,43.956444,0.00052723
4805885952,305472.5,-0.004971,0.127913,0.001183,-0.15625,0.0,0.8937,0.6873,0.002432,0.001686,0.002789,5.861734,43.88739,0.00045221
4806672384,305294.1,-0.000849,0.137158,0.001236,-0.15332,0.0,0.8927,0.6901,0.00233,0.002142,0.003039,6.520141,42.746925,0.00046303
4807458816,305120.3,0.006349,0.151184,0.001172,-0.147461,0.0,0.8922,0.6933,0.001496,0.001868,0.002479,6.547559,42.124283,0.00054913
4808245248,304958.6,-0.000462,0.171101,0.001212,-0.152344,0.0,0.8919,0.6958,0.001973,0.001679,0.002612,6.487758,42.456657,0.00054393
4809031680,304564.7,-0.002206,0.183159,0.001145,-0.15625,0.0,0.8919,0.6997,0.001922,0.002555,0.003382,6.050594,43.986061,0.00055904
4809818112,304406.0,0.005361,0.199779,0.001091,-0.160156,0.0,0.8925,0.7025,0.001578,0.002205,0.003365,6.005749,43.945435,0.00045997
4810604544,304235.5,0.000163,0.198281,0.001148,-0.166992,0.0,0.8934,0.7048,0.001708,0.002363,0.003435,6.175678,43.661644,0.0005231
4811390976,303822.3,-0.002903,0.118784,0.001205,-0.166016,0.0,0.8943,0.709,0.00163,0.001753,0.002591,7.123827,40.679813,0.00055736
4812177408,303649.4,-0.000244,0.182216,0.001122,-0.173828,0.0,0.894,0.7122,0.002633,0.002544,0.003786,7.413611,40.445602,0.00055374
4812963840,303477.6,-0.00094,0.138707,0.001061,-0.174805,0.0,0.8938,0.7149,0.00188,0.002577,0.003539,8.182501,39.420357,0.00051297
4813750272,303316.1,-0.003774,0.134923,0.001071,-0.173828,0.0,0.8936,0.7153,0.001509,0.001872,0.003044,6.648994,42.724377,0.00051097
4814536704,302926.5,0.000675,0.165567,0.001117,-0.167969,0.0,0.8931,0.718,0.001837,0.001984,0.003077,6.642537,42.724499,0.00047782
4815323136,302755.4,0.001922,0.267867,0.001144,-0.168945,0.0,0.8925,0.7169,0.001505,0.001723,0.002846,6.638063,42.153561,0.00056967
4816109568,302599.0,-0.000654,0.096894,0.001193,-0.166016,0.0,0.8918,0.7175,0.001779,0.001654,0.003081,7.161971,40.903069,0.00050825
4816896000,302194.5,0.000321,0.134519,0.001159,-0.162109,0.0,0.8913,0.7189,0.00193,0.001972,0.002845,8.417384,38.950588,0.00049569
4817682432,302025.9,-0.004939,0.254119,0.001153,-0.1875,0.0,0.8913,0.7204,0.001517,0.002043,0.003044,7.040611,43.13501,0.000584
4818468864,301855.0,0.004928,0.283729,0.001191,-0.183594,0.0,0.8915,0.7242,0.001692,0.002087,0.003287,7.519843,42.880646,0.0005625
4819255296,301678.5,0.004428,0.210174,0.001173,-0.182617,0.0,0.8916,0.7277,0.001864,0.002613,0.003709,6.782516,42.686321,0.00063069
4820041728,301196.4,-0.00218,0.211532,0.001165,-0.178711,0.0,0.8917,0.7328,0.001934,0.002289,0.003848,7.782578,40.669491,0.00063233
4820828160,301041.4,0.001437,0.182008,0.001228,-0.177734,0.0,0.8912,0.7328,0.002141,0.002484,0.004091,7.794074,40.339085,0.00060737
4821614592,300879.1,-0.00078,0.208256,0.001157,-0.179688,0.0,0.8908,0.7331,0.00205,0.002148,0.003538,7.601635,39.930969,0.00059435
4822401024,300727.3,-0.001207,0.14251,0.001178,-0.172852,0.0,0.8907,0.7339,0.001604,0.002335,0.00381,6.396719,43.468224,0.00060908
4823187456,300332.0,-0.000883,0.168971,0.001186,-0.183594,0.0,0.8911,0.7335,0.001941,0.002486,0.003589,6.801388,43.260723,0.00049913
4823973888,300185.0,0.001925,0.14841,0.001176,-0.175781,0.0,0.8915,0.7343,0.002448,0.002022,0.002325,7.108353,42.721397,0.00060982
4824760320,300038.2,-0.000811,0.218164,0.001147,-0.182617,0.0,0.8919,0.7331,0.001737,0.002434,0.00298,7.636316,42.059601,0.00059553
4825546752,299614.5,-0.007572,0.195069,0.001119,-0.174805,0.0,0.892,0.7341,0.001911,0.002442,0.003479,7.51229,39.425972,0.00058455
4826333184,299450.9,-0.003584,0.134911,0.00107,-0.167969,0.0,0.8918,0.7376,0.001669,0.002133,0.003091,6.030307,43.253063,0.00056531
4827119616,299292.0,0.000575,0.161513,0.001059,-0.171875,0.0,0.892,0.7389,0.002305,0.002412,0.003038,6.937948,42.80183,0.00054677
4827906048,299136.2,-0.002695,0.154472,0.001106,-0.168945,0.0,0.8925,0.74,0.002027,0.002696,0.003923,7.175931,41.992798,0.00052585
4828692480,298728.5,0.003217,0.227362,0.001236,-0.174805,0.0,0.893,0.74,0.001661,0.00207,0.002467,7.804081,41.257416,0.00046987
4829478912,298583.7,0.005502,0.227019,0.001256,-0.182617,0.0,0.8935,0.7378,0.00215,0.002674,0.003598,8.125169,40.901237,0.000578
4830265344,298434.3,0.002191,0.158042,0.001202,-0.182617,0.0,0.8939,0.7371,0.001807,0.002369,0.002638,7.235269,42.35223,0.00058312
4831051776,298042.3,0.0075,0.295228,0.001224,-0.185547,0.0,0.8941,0.7355,0.00195,0.001947,0.002853,6.604465,43.617294,0.00058568
4831838208,297894.6,-0.000883,0.197553,0.00115,-0.162109,0.0,0.8939,0.7349,0.0022,0.002086,0.003006,6.952261,43.16011,0.00055202
4832624640,297741.4,0.005176,0.17973,0.001175,-0.163086,0.0,0.8938,0.7344,0.002266,0.001862,0.002719,6.758862,42.496952,0.00058313
4833411072,297583.4,-0.004826,0.145619,0.001161,-0.170898,0.0,0.8936,0.7321,0.002184,0.002009,0.002666,7.148125,41.597488,0.00052519
4834197504,297172.8,0.004328,0.25445,0.001154,-0.166992,0.0,0.894,0.7294,0.002699,0.002427,0.0033,6.472352,43.923412,0.00056636
4834983936,297026.2,-0.001449,0.204771,0.001104,-0.168945,0.0,0.8946,0.7298,0.001926,0.002333,0.003669,7.013352,43.539513,0.0006163
4835770368,296883.5,-0.001499,0.199862,0.001176,-0.170898,0.0,0.8947,0.7275,0.002785,0.002419,0.003885,6.603586,42.982567,0.00050353
4836556800,296500.1,-0.0052,0.185746,0.001199,-0.175781,0.0,0.895,0.7272,0.002447,0.002249,0.00361,7.421549,41.747555,0.00050884
4837343232,296353.8,-0.004994,0.202442,0.001187,-0.176758,0.0,0.8949,0.726,0.00156,0.002241,0.00331,8.323947,41.405441,0.00067089
4838129664,296210.8,-0.004815,0.199391,0.001211,-0.168945,0.0,0.8948,0.7236,0.001777,0.002021,0.002975,8.136209,41.212898,0.00067952
4838916096,296063.9,0.000137,0.213862,0.00126,-0.174805,0.0,0.8948,0.7225,0.00128,0.001733,0.002567,6.71313,43.898483,0.00058948
4839702528,295678.7,0.004766,0.270583,0.001268,-0.174805,0.0,0.8957,0.7223,0.001866,0.002334,0.002926,6.749769,43.049271,0.00058985
4840488960,295515.8,0.002578,0.161835,0.001173,-0.166016,0.0,0.8962,0.723,0.002087,0.002126,0.003434,7.116549,42.386444,0.00060666
4841275392,295371.8,0.008445,0.194774,0.001156,-0.180664,0.0,0.8965,0.7244,0.002151,0.002192,0.003615,7.242867,41.778595,0.00053
4842061824,294992.2,-0.007017,0.151534,0.001192,-0.182617,0.0,0.8968,0.7245,0.001785,0.001952,0.003373,9.098624,39.6036,0.00048676
4842848256,294844.8,0.001286,0.247515,0.0012,-0.189453,0.0,0.8975,0.7239,0.00203,0.002068,0.003448,6.736953,43.325481,0.00048492
4843634688,294692.1,0.000922,0.147758,0.001223,-0.178711,0.0,0.8994,0.7259,0.003004,0.002235,0.00341,7.00478,43.013123,0.00062734
4844421120,294531.7,-0.002411,0.202399,0.001204,-0.181641,0.0,0.9008,0.7261,0.001772,0.002369,0.002534,6.979524,42.219067,0.00052008
4845207552,294160.5,-0.002594,0.21245,0.001248,-0.175781,0.0,0.9014,0.7296,0.001878,0.001975,0.003385,7.39714,41.847939,0.00057766
4845993984,294013.9,0.004041,0.19512,0.001175,-0.170898,0.0,0.902,0.7327,0.001422,0.001522,0.002634,7.534522,41.447201,0.00063963
4846780416,293855.8,-0.001639,0.205916,0.001148,-0.177734,0.0,0.9024,0.7333,0.001992,0.001857,0.003082,7.435915,41.311069,0.00062357
4847566848,293710.6,0.001115,0.119233,0.001123,-0.168945,0.0,0.9025,0.7352,0.001487,0.001583,0.002814,6.727266,43.404716,0.00058967
4848353280,293321.8,-0.000604,0.154364,0.001069,-0.172852,0.0,0.9026,0.7368,0.001937,0.002576,0.003815,6.789437,42.550304,0.0005895
4849139712,293171.4,0.004476,0.169015,0.001086,-0.180664,0.0,0.9028,0.7377,0.002224,0.002161,0.002675,7.368296,41.768005,0.00065944
4849926144,293023.3,0.002952,0.157854,0.001066,-0.174805,0.0,0.9026,0.7367,0.001692,0.001774,0.002817,7.682477,41.038513,0.00062169
4850712576,292649.5,0.0014,0.170451,0.00113,-0.176758,0.0,0.9022,0.7354,0.00179,0.001994,0.002558,8.211973,39.87598,0.0005884
4851499008,292498.0,-0.000314,0.149348,0.001163,-0.177734,0.0,0.9019,0.7342,0.001923,0.001907,0.002717,6.598701,43.477016,0.00061202
4852285440,292347.9,0.000404,0.13631,0.001146,-0.175781,0.0,0.9015,0.7338,0.001722,0.002006,0.002629,6.936905,43.034283,0.00056667
4853071872,292192.7,-0.002933,0.227931,0.001181,-0.182617,0.0,0.9014,0.733,0.001523,0.002021,0.002974,7.238607,42.534252,0.00059995
4853858304,291772.9,0.00105,0.354122,0.001139,-0.1875,0.0,0.9011,0.7305,0.004002,0.003135,0.004283,8.11034,41.591682,0.00056171
4854644736,291618.2,-0.000214,0.266436,0.001172,-0.182617,0.0,0.9,0.7279,0.002155,0.002789,0.004272,7.532784,41.635345,0.00051714
4855431168,291464.4,-0.001444,0.208972,0.00118,-0.177734,0.0,0.8988,0.7268,0.002553,0.002146,0.002557,7.80878,41.465683,0.000577
4856217600,291090.2,0.008026,0.359077,0.00119,-0.188477,0.0,0.8979,0.7257,0.001936,0.001661,0.002372,7.557206,44.479931,0.00054989
4857004032,290955.8,0.002461,0.359955,0.001166,-0.194336,0.0,0.8969,0.7242,0.001645,0.002052,0.002901,8.224291,43.525311,0.00067193
4857790464,290818.5,-0.005123,0.246211,0.001164,-0.18457,0.0,0.8965,0.7227,0.001713,0.001586,0.002336,7.795916,42.888695,0.0006609
4858576896,290682.2,-0.000646,0.281142,0.001144,-0.185547,0.0,0.8964,0.7236,0.00185,0.001944,0.002389,9.003737,42.716301,0.00078032
4859363328,290297.9,-0.004316,0.218615,0.00112,-0.168945,0.0,0.8963,0.7218,0.003088,0.002797,0.003481,7.391174,41.549644,0.00068322
4860149760,290154.5,0.000212,0.185009,0.00116,-0.15918,0.0,0.8959,0.7208,0.001715,0.00223,0.003149,6.653151,44.448448,0.00065312
4860936192,290011.7,-0.002625,0.254079,0.001036,-0.170898,0.0,0.8953,0.7193,0.001392,0.002046,0.002736,7.32816,44.270123,0.00058513
4861722624,289632.0,0.002042,0.238661,0.001139,-0.176758,0.0,0.8947,0.7188,0.00196,0.002292,0.003436,7.372769,43.597748,0.00054431
4862509056,289489.8,-0.001177,0.248842,0.001113,-0.170898,0.0,0.8935,0.7146,0.00219,0.002237,0.003715,7.532515,42.767925,0.00062897
4863295488,289346.3,0.001533,0.236423,0.001084,-0.180664,0.0,0.8927,0.7129,0.001892,0.002539,0.003671,8.216036,41.686066,0.00061833
4864081920,289211.8,0.003667,0.360298,0.001059,-0.188477,0.0,0.8922,0.7104,0.002146,0.002298,0.003378,7.445354,44.001709,0.00066
4864868352,288853.4,0.006952,0.391812,0.001107,-0.198242,0.0,0.8916,0.7078,0.00216,0.002336,0.003778,7.804986,43.758812,0.00078601
4865654784,288706.0,0.001125,0.322393,0.00106,-0.188477,0.0,0.8908,0.7048,0.001969,0.00254,0.003743,7.974899,43.523663,0.00079039
4866441216,288559.2,-0.007685,0.226881,0.001151,-0.1875,0.0,0.8896,0.703,0.001895,0.002648,0.003962,7.691765,42.985302,0.00080836
4867227648,288148.2,0.004851,0.194315,0.001149,-0.179688,0.0,0.8882,0.699,0.001436,0.001876,0.002965,8.729312,40.543053,0.0006343
4868014080,288008.2,-0.00071,0.191707,0.001234,-0.165039,0.0,0.8878,0.6973,0.003164,0.002207,0.002759,6.05561,44.551006,0.00071121
4868800512,287860.7,-0.000755,0.161605,0.001263,-0.166016,0.0,0.8877,0.6969,0.003713,0.001723,0.002528,6.442166,44.514244,0.0006282
4869586944,287719.5,-0.004428,0.151287,0.001189,-0.168945,0.0,0.8878,0.6965,0.002628,0.001997,0.002486,6.802428,44.031754,0.00062228
4870373376,287334.4,-0.002403,0.317268,0.001242,-0.172852,0.0,0.887,0.6963,0.003214,0.002065,0.002888,7.868701,42.567657,0.00049481
4871159808,287188.9,-0.003673,0.202213,0.001144,-0.165039,0.0,0.8858,0.6917,0.001476,0.002332,0.003153,7.428443,42.252857,0.00054785
4871946240,287043.6,-0.000289,0.161141,0.001109,-0.161133,0.0,0.8849,0.6898,0.001405,0.002138,0.002856,7.804006,41.836887,0.0005027
4872732672,286893.8,-0.001955,0.188708,0.001046,-0.174805,0.0,0.8847,0.689,0.002304,0.002207,0.003195,6.528694,44.471817,0.00055297
4873519104,286527.6,-0.001765,0.175923,0.001163,-0.174805,0.0,0.8838,0.6876,0.002088,0.002509,0.003581,6.960144,43.990475,0.00060891
4874305536,286396.1,0.008165,0.219945,0.001191,-0.166992,0.0,0.8829,0.6861,0.00253,0.002514,0.003332,7.698127,43.207397,0.00070365
4875091968,286264.6,-0.001369,0.196794,0.001212,-0.170898,0.0,0.8824,0.6852,0.001911,0.001853,0.002927,7.545723,42.42981,0.00056292
4875878400,285896.8,-0.001789,0.217009,0.001257,-0.168945,0.0,0.8824,0.6831,0.001998,0.001817,0.003206,8.031549,40.915916,0.00053695
4876664832,285765.9,-0.001127,0.237915,0.001265,-0.168945,0.0,0.8824,0.6817,0.002115,0.001899,0.003266,6.644513,45.042656,0.0005837
4877451264,285637.3,0.001547,0.191159,0.001255,-0.168945,0.0,0.8824,0.6813,0.002158,0.002504,0.003499,6.689926,44.921875,0.00055319
4878237696,285506.8,-0.00338,0.258916,0.001273,-0.166016,0.0,0.8825,0.6797,0.002178,0.002235,0.002651,7.048643,44.376873,0.00067859
4879024128,285154.0,-0.000851,0.269462,0.001444,-0.166016,0.0,0.8821,0.6787,0.002132,0.002932,0.004195,7.36581,44.057095,0.00065006
4879810560,285019.6,0.002314,0.174072,0.00132,-0.165039,0.0,0.8818,0.6773,0.002004,0.001809,0.002704,7.406135,43.083176,0.00072948
4880596992,284880.0,-0.000765,0.146238,0.001282,-0.168945,0.0,0.8815,0.6774,0.001908,0.001692,0.002382,7.99394,42.379333,0.00074847
4881383424,284516.2,-0.005681,0.186401,0.001321,-0.166992,0.0,0.8813,0.6786,0.001481,0.002087,0.002701,6.404183,45.570946,0.0005659
4882169856,284376.9,-9.9e-05,0.213552,0.00127,-0.168945,0.0,0.8817,0.6809,0.001725,0.002066,0.002562,7.023075,44.917229,0.00059445
4882956288,284233.8,0.003277,0.201234,0.00121,-0.168945,0.0,0.8826,0.6824,0.001231,0.001688,0.002589,7.621974,44.149994,0.00058041
4883742720,284099.7,0.000474,0.145144,0.001263,-0.170898,0.0,0.884,0.6845,0.001803,0.002047,0.00288,7.784905,43.973099,0.00068555
4884529152,283752.1,-0.007021,0.266627,0.001254,-0.168945,0.0,0.8851,0.6868,0.001447,0.001665,0.002491,7.978663,41.741177,0.00068803
4885315584,283617.9,-0.008676,0.154682,0.001259,-0.158203,0.0,0.8853,0.6888,0.001856,0.001788,0.002617,6.867335,45.10397,0.0006727
4886102016,283480.8,0.003971,0.274451,0.001195,-0.166016,0.0,0.8851,0.689,0.001567,0.001713,0.002622,6.580243,45.493084,0.00059005
4886888448,283097.6,0.003246,0.176335,0.001256,-0.168945,0.0,0.8848,0.6916,0.00177,0.002017,0.003045,6.751731,44.915997,0.00052792
4887674880,282965.4,-0.005532,0.148493,0.001113,-0.158203,0.0,0.8854,0.6924,0.001593,0.002361,0.002783,7.324745,44.21019,0.00063927
4888461312,282825.0,-0.00223,0.170344,0.001134,-0.161133,0.0,0.8863,0.6942,0.001458,0.002343,0.002708,7.758893,43.71336,0.00063272
4889247744,282686.5,0.000464,0.228649,0.001064,-0.175781,0.0,0.8874,0.6954,0.001526,0.002198,0.002836,7.478748,44.720715,0.00069788
4890034176,282324.3,1e-06,0.227474,0.001165,-0.180664,0.0,0.8879,0.6977,0.002413,0.00225,0.003049,6.778207,44.029015,0.00065994
4890820608,282190.8,0.002539,0.213409,0.001236,-0.176758,0.0,0.8882,0.7002,0.002207,0.00209,0.003414,7.09187,43.611778,0.0005922
4891607040,282052.0,0.001558,0.219835,0.001286,-0.175781,0.0,0.8882,0.7031,0.002715,0.002151,0.003124,8.245481,42.750145,0.00063873
4892393472,281692.0,-0.006791,0.186089,0.001243,-0.178711,0.0,0.8883,0.706,0.00253,0.001999,0.002979,8.238503,40.710579,0.00063424
4893179904,281558.3,0.001313,0.192265,0.001127,-0.179688,0.0,0.8895,0.711,0.001643,0.002425,0.003593,6.968808,43.924541,0.00060843
4893966336,281418.3,-0.002201,0.153563,0.001122,-0.175781,0.0,0.8912,0.7174,0.00181,0.002315,0.003094,7.408501,43.790413,0.00061783
4894752768,281278.9,-0.004057,0.182792,0.001074,-0.178711,0.0,0.8927,0.7212,0.001745,0.002298,0.002679,7.709728,43.491119,0.00066904
4895539200,280908.7,-0.000275,0.182751,0.001087,-0.170898,0.0,0.8926,0.7212,0.001462,0.001698,0.002539,7.260582,42.841583,0.00061021
4896325632,280781.3,0.001324,0.190542,0.001098,-0.169922,0.0,0.892,0.7206,0.001392,0.002023,0.002787,7.578321,41.721783,0.00063215
4897112064,280645.3,-0.001927,0.183656,0.001128,-0.167969,0.0,0.8913,0.7201,0.001483,0.001858,0.002426,7.912612,41.031979,0.00062701
4897898496,280509.6,-0.002381,0.1247,0.001197,-0.161133,0.0,0.8911,0.722,0.001503,0.001624,0.002482,6.233044,44.479614,0.00054263
4898684928,280158.6,0.002968,0.196765,0.00129,-0.167969,0.0,0.8908,0.7246,0.001954,0.00245,0.003284,7.094693,43.465576,0.00060654
4899471360,280031.9,-0.003908,0.136301,0.001262,-0.163086,0.0,0.8904,0.7243,0.001495,0.001531,0.002292,6.906672,43.301918,0.0006163
4900257792,279908.4,0.000164,0.17238,0.001295,-0.168945,0.0,0.8901,0.7242,0.001767,0.002108,0.002614,7.022812,42.910782,0.00059494
4901044224,279553.9,-0.000833,0.153921,0.001277,-0.167969,0.0,0.8908,0.7263,0.002094,0.0018,0.002809,8.201857,40.634163,0.00052628
4901830656,279428.1,-0.001597,0.181434,0.001138,-0.167969,0.0,0.8912,0.7265,0.002252,0.002045,0.002929,6.57469,44.472973,0.0005992
4902617088,279296.2,-0.005521,0.150592,0.001221,-0.167969,0.0,0.8917,0.7284,0.003121,0.002038,0.003205,6.750006,44.094231,0.0005946
4903403520,279163.3,-0.003235,0.142398,0.00118,-0.165039,0.0,0.8921,0.7314,0.002323,0.001936,0.003416,7.322384,43.673508,0.0005753
4904189952,278809.3,-0.003323,0.197405,0.001232,-0.174805,0.0,0.8924,0.7336,0.001895,0.001956,0.003167,7.854491,42.848457,0.00050983
4904976384,278677.6,-0.002218,0.192114,0.001215,-0.167969,0.0,0.8927,0.7351,0.002022,0.001815,0.003222,7.761719,41.986038,0.00053897
4905762816,278539.9,0.000293,0.137598,0.001176,-0.166016,0.0,0.8931,0.7376,0.002065,0.001939,0.003123,7.686067,41.014713,0.00060944
4906549248,278193.6,-0.007569,0.168628,0.001219,-0.172852,0.0,0.8939,0.7398,0.00194,0.002156,0.003611,6.296704,44.498623,0.00050158
4907335680,278065.3,-0.007606,0.159815,0.001181,-0.168945,0.0,0.8944,0.7399,0.00232,0.002126,0.003679,6.685085,43.764141,0.00052922
4908122112,277929.8,-0.003403,0.21653,0.001173,-0.171875,0.0,0.8948,0.7404,0.002163,0.001862,0.003003,6.869259,43.354305,0.00049587
4908908544,277798.2,-0.004952,0.109661,0.001195,-0.171875,0.0,0.895,0.7404,0.001911,0.001937,0.002853,7.783097,42.520763,0.00056811
4909694976,277459.0,0.001965,0.234135,0.001183,-0.167969,0.0,0.8949,0.7398,0.003012,0.001872,0.003401,8.386952,41.198128,0.00058336
4910481408,277333.3,0.00091,0.138224,0.001305,-0.166016,0.0,0.8948,0.7408,0.00203,0.002014,0.002983,6.513093,45.492046,0.00052239
4911267840,277203.2,0.000197,0.217513,0.001203,-0.173828,0.0,0.8945,0.7405,0.002641,0.001972,0.00337,6.261896,45.058434,0.00064108
4912054272,276879.8,-0.002701,0.261599,0.001251,-0.1875,0.0,0.8945,0.7421,0.002191,0.002092,0.002825,8.154478,43.689617,0.00053118
4912840704,276752.7,0.007664,0.380897,0.001279,-0.189453,0.0,0.8952,0.7381,0.002067,0.002802,0.003502,8.119931,42.865967,0.00069717
4913627136,276627.0,0.003454,0.277998,0.001235,-0.181641,0.0,0.8958,0.7371,0.00165,0.002179,0.002864,8.224292,42.434734,0.00062273
4914413568,276490.7,-0.003238,0.243565,0.00131,-0.173828,0.0,0.8964,0.7367,0.001586,0.002044,0.003095,8.408198,41.844585,0.00064833
4915200000,276136.6,-0.001743,0.255625,0.001222,-0.189453,0.0,0.8965,0.7366,0.001703,0.002171,0.002819,7.136189,44.531811,0.00063931
4915986432,276009.8,-0.004154,0.142739,0.001243,-0.180664,0.0,0.8966,0.7376,0.002118,0.003189,0.003312,7.685884,43.848846,0.00062646
4916772864,275887.1,-0.002151,0.158276,0.001271,-0.176758,0.0,0.8963,0.7396,0.002132,0.002197,0.003317,7.798806,43.228317,0.00060302
4917559296,275564.1,-0.005984,0.116984,0.00132,-0.169922,0.0,0.8968,0.742,0.001661,0.001824,0.002312,9.025631,41.399994,0.00064416
4918345728,275433.9,-0.002173,0.203286,0.001155,-0.182617,0.0,0.8977,0.7406,0.002112,0.002307,0.003321,7.981237,42.109463,0.00055599
4919132160,275312.1,0.003394,0.186461,0.001174,-0.177734,0.0,0.8985,0.7411,0.001452,0.001515,0.002095,6.760219,45.019661,0.00054316
4919918592,275183.6,0.002613,0.257404,0.001161,-0.18457,0.0,0.8995,0.7406,0.002377,0.002029,0.002913,7.611016,44.657711,0.00051201
4920705024,274838.7,-0.005194,0.181968,0.001165,-0.176758,0.0,0.8996,0.7404,0.002212,0.0024,0.003234,7.273592,43.940254,0.00053261
4921491456,274721.5,-0.001283,0.162352,0.001051,-0.160156,0.0,0.8991,0.7386,0.001582,0.002186,0.002935,7.298896,42.721672,0.00058227
4922277888,274603.5,0.003114,0.146582,0.001084,-0.149414,0.0,0.8987,0.7396,0.001842,0.001899,0.002671,7.321755,42.705742,0.00050454
4923064320,274481.2,0.001206,0.149274,0.001137,-0.151367,0.0,0.8993,0.742,0.001676,0.002013,0.003069,6.123988,44.548889,0.00046735
4923850752,274108.4,-0.003473,0.18944,0.001166,-0.163086,0.0,0.9002,0.7434,0.001796,0.001788,0.003274,6.66338,44.822384,0.00049389
4924637184,273994.7,0.008756,0.28543,0.00119,-0.167969,0.0,0.901,0.7429,0.001361,0.002111,0.003235,7.081806,44.39526,0.00054304
4925423616,273877.4,-0.005713,0.175462,0.001152,-0.169922,0.0,0.9018,0.7427,0.002074,0.002155,0.003513,7.216486,43.771782,0.00053496
4926210048,273499.1,-0.003677,0.152507,0.001102,-0.167969,0.0,0.9024,0.7431,0.001969,0.001918,0.003039,7.459561,41.702843,0.00055675
4926996480,273382.4,-0.000102,0.18594,0.001047,-0.165039,0.0,0.9029,0.7443,0.001821,0.002505,0.003482,6.242679,44.79887,0.00057475
4927782912,273252.4,-0.001839,0.174947,0.001056,-0.171875,0.0,0.9036,0.7448,0.001881,0.001921,0.00296,6.622399,45.174194,0.00055886
4928569344,273126.9,-0.001538,0.175996,0.001064,-0.168945,0.0,0.9047,0.7469,0.001636,0.002224,0.002989,6.888257,44.665833,0.00059212
4929355776,272751.4,-0.004827,0.267504,0.001254,-0.180664,0.0,0.9045,0.7446,0.003707,0.002871,0.003748,8.068262,43.357143,0.00062773
4930142208,272637.5,-0.004366,0.226219,0.001303,-0.167969,0.0,0.9038,0.7418,0.002281,0.002199,0.003376,7.967279,43.42141,0.00062043
4930928640,272521.0,0.004013,0.148074,0.001328,-0.166992,0.0,0.9032,0.7401,0.00221,0.001848,0.00312,8.578842,42.561703,0.00061547
4931715072,272184.4,0.002403,0.204233,0.001363,-0.170898,0.0,0.9026,0.7386,0.003158,0.002133,0.002769,6.053808,46.601727,0.00060511
4932501504,272070.8,0.0106,0.218865,0.001259,-0.163086,0.0,0.9026,0.7397,0.003694,0.002982,0.003571,6.941865,46.286987,0.00067901
4933287936,271957.0,-0.007572,0.177273,0.001224,-0.163086,0.0,0.9027,0.7398,0.001684,0.00172,0.002437,7.395758,45.56477,0.0006735
4934074368,271840.5,8.3e-05,0.118723,0.001283,-0.163086,0.0,0.9027,0.7404,0.002649,0.002187,0.003254,7.953388,44.800667,0.00065716
4934860800,271467.5,-0.00682,0.212228,0.00124,-0.166992,0.0,0.9024,0.7387,0.002325,0.001842,0.003104,8.033387,42.600929,0.00063591
4935647232,271347.3,-0.005421,0.177238,0.001221,-0.162109,0.0,0.9024,0.7387,0.001469,0.001905,0.003391,6.019726,46.510311,0.0006412
4936433664,271233.4,-0.002105,0.183437,0.001223,-0.166016,0.0,0.9023,0.7397,0.001892,0.002191,0.003421,6.631452,45.969147,0.00060228
4937220096,270866.1,0.003362,0.191832,0.001251,-0.175781,0.0,0.9024,0.7408,0.003138,0.001679,0.002486,7.22456,44.732117,0.00057826
4938006528,270737.3,0.001889,0.230129,0.001258,-0.172852,0.0,0.902,0.7379,0.002055,0.002151,0.002907,8.274111,43.875729,0.00060995
4938792960,270622.0,-0.000107,0.22598,0.001216,-0.179688,0.0,0.9015,0.7351,0.001837,0.002693,0.002901,8.444794,43.216278,0.00065868
4939579392,270496.4,-0.001724,0.178884,0.001189,-0.178711,0.0,0.9009,0.7323,0.00162,0.001889,0.002352,8.594201,41.873421,0.00066726
4940365824,270149.7,0.002586,0.194701,0.001143,-0.173828,0.0,0.9005,0.7336,0.001798,0.001967,0.00287,6.79988,44.982132,0.00060233
4941152256,270032.5,0.00129,0.227234,0.001181,-0.164062,0.0,0.8999,0.7372,0.001681,0.002081,0.003211,6.908095,44.429001,0.00064588
4941938688,269912.1,-0.00221,0.191034,0.001218,-0.160156,0.0,0.8996,0.7382,0.00174,0.002108,0.003753,7.323413,44.544796,0.00063357
4942725120,269547.5,-0.000565,0.179757,0.001182,-0.161133,0.0,0.8997,0.7416,0.001546,0.001722,0.002738,7.78661,42.16151,0.00059355
4943511552,269434.8,-8.2e-05,0.173053,0.001112,-0.15625,0.0,0.8993,0.7402,0.001847,0.002416,0.003124,7.268376,42.495922,0.0006023
4944297984,269320.6,0.002213,0.161559,0.00118,-0.162109,0.0,0.8995,0.7396,0.002126,0.001921,0.003022,6.292694,46.089989,0.00058287
4945084416,269208.0,-0.003309,0.172957,0.001215,-0.166016,0.0,0.8996,0.7381,0.001776,0.001831,0.002706,6.629991,45.87011,0.00051568
4945870848,268820.9,0.000112,0.264773,0.001398,-0.178711,0.0,0.8995,0.737,0.002282,0.00194,0.002811,7.713999,43.936981,0.00048483
4946657280,268702.4,-0.004501,0.249106,0.001339,-0.180664,0.0,0.8987,0.7351,0.001635,0.00232,0.003258,8.269786,42.702221,0.00054652
4947443712,268590.2,0.006383,0.250016,0.001287,-0.178711,0.0,0.8975,0.734,0.001319,0.00192,0.002889,8.444201,42.062939,0.00053457
4948230144,268469.5,-0.00136,0.20535,0.001248,-0.175781,0.0,0.8956,0.7318,0.001308,0.001996,0.002733,6.856984,44.778488,0.00064394
4949016576,268107.9,-0.005345,0.151064,0.001249,-0.167969,0.0,0.8947,0.7299,0.001699,0.002013,0.003696,6.721045,44.584911,0.00062144
4949803008,267987.4,-0.001576,0.129789,0.00125,-0.163086,0.0,0.8937,0.7299,0.001326,0.001877,0.002776,6.544787,44.554516,0.00061171
4950589440,267865.1,0.000241,0.111944,0.001338,-0.165039,0.0,0.8932,0.7288,0.001656,0.001614,0.002854,6.984078,43.993359,0.00050295
4951375872,267503.8,-0.001665,0.201941,0.001232,-0.168945,0.0,0.8931,0.728,0.001296,0.001627,0.002756,7.848162,42.494507,0.00054204
4952162304,267392.1,0.002285,0.190994,0.001129,-0.174805,0.0,0.893,0.7284,0.001684,0.001965,0.003763,7.064254,44.785484,0.0005879
4952948736,267281.0,-0.002234,0.21218,0.001176,-0.180664,0.0,0.8931,0.7294,0.001962,0.001742,0.003144,6.820544,44.369961,0.00051192
4953735168,267169.0,-0.000913,0.182281,0.001129,-0.183594,0.0,0.8928,0.7307,0.001494,0.002233,0.00297,7.878799,43.75354,0.00057394
4954521600,266843.7,0.001969,0.21346,0.001331,-0.186523,0.0,0.8921,0.7279,0.001681,0.002294,0.003335,8.010602,43.111298,0.0005032
4955308032,266731.3,0.005851,0.218781,0.00123,-0.183594,0.0,0.8916,0.726,0.001544,0.002001,0.003583,8.60227,42.539421,0.00066632
4956094464,266612.5,-0.003974,0.159789,0.00109,-0.192383,0.0,0.8909,0.7244,0.001766,0.002025,0.002988,8.563646,41.813873,0.0006031
4956880896,266308.5,-0.002317,0.196072,0.001137,-0.194336,0.0,0.89,0.7227,0.001656,0.002529,0.00323,7.932971,44.702881,0.00066731
4957667328,266196.6,0.005065,0.239097,0.00125,-0.203125,0.0,0.8892,0.7219,0.002114,0.002286,0.003717,7.78903,44.013454,0.00056015
4958453760,266084.8,-0.004432,0.226389,0.001191,-0.204102,0.0,0.8886,0.7196,0.001607,0.002103,0.003157,8.475745,43.095001,0.00062949
4959240192,265969.5,-0.002579,0.152895,0.001203,-0.200195,0.0,0.8882,0.7181,0.001465,0.002163,0.003186,8.868387,42.112667,0.00063235
4960026624,265635.3,-0.001828,0.181907,0.001169,-0.186523,0.0,0.8878,0.7172,0.001781,0.001815,0.0028,8.575506,40.955929,0.00078066
4960813056,265527.7,0.001177,0.131942,0.001073,-0.175781,0.0,0.8876,0.7175,0.001492,0.002098,0.002555,7.102303,44.665474,0.00064817
4961599488,265411.7,0.004087,0.149101,0.001112,-0.170898,0.0,0.8874,0.7181,0.001469,0.002026,0.002912,7.089815,45.171944,0.00054358
4962385920,265103.4,0.001336,0.140407,0.001102,-0.178711,0.0,0.887,0.7184,0.00132,0.001947,0.002609,7.579619,44.309933,0.00052175
4963172352,264986.6,0.005342,0.194774,0.001201,-0.172852,0.0,0.8873,0.7193,0.001827,0.001762,0.003173,7.928228,43.3927,0.00057396
4963958784,264878.2,0.001465,0.16878,0.001105,-0.168945,0.0,0.8874,0.7197,0.001774,0.001838,0.002537,8.255053,43.020645,0.00053362
4964745216,264769.5,-0.001346,0.121338,0.00108,-0.169922,0.0,0.888,0.7201,0.001609,0.00193,0.002773,8.495167,42.128429,0.00053836
4965531648,264460.4,0.004165,0.262505,0.001226,-0.1875,0.0,0.889,0.7226,0.001994,0.002245,0.003369,6.823246,45.46582,0.0005668
4966318080,264354.4,0.003902,0.305928,0.001289,-0.181641,0.0,0.8901,0.7249,0.001843,0.002213,0.002767,7.495661,44.971336,0.00057448
4967104512,264237.7,0.001453,0.201261,0.001387,-0.181641,0.0,0.891,0.7284,0.001587,0.001815,0.002544,7.609143,44.297039,0.00059096
4967890944,263925.7,-0.0053,0.192957,0.001324,-0.180664,0.0,0.8916,0.7308,0.001407,0.002057,0.002374,8.868905,41.932228,0.00062928
4968677376,263805.6,-0.011884,0.193714,0.001271,-0.18457,0.0,0.8913,0.7271,0.002044,0.002254,0.003854,9.095427,41.768402,0.00061894
4969463808,263693.7,0.001375,0.251792,0.001136,-0.186523,0.0,0.8912,0.7245,0.001725,0.002243,0.003283,7.446454,45.260509,0.00064532
4970250240,263572.7,0.006916,0.280651,0.001261,-0.181641,0.0,0.891,0.7209,0.002092,0.002801,0.003269,7.396873,45.603725,0.00062328
4971036672,263287.3,-0.003741,0.349143,0.001185,-0.177734,0.0,0.8909,0.718,0.001754,0.00245,0.003512,8.336512,44.978149,0.00060054
4971823104,263171.3,-0.004291,0.272705,0.001102,-0.177734,0.0,0.8906,0.7149,0.001884,0.001642,0.002797,7.937252,44.064144,0.0006105
4972609536,263067.1,0.000864,0.237564,0.001124,-0.178711,0.0,0.89,0.7131,0.001543,0.001913,0.003,8.09034,44.071335,0.00060635
4973395968,262947.0,-0.004282,0.230241,0.001147,-0.178711,0.0,0.8896,0.7126,0.001536,0.002015,0.003227,8.046322,43.586235,0.00056041
4974182400,262652.7,-0.002518,0.305751,0.001248,-0.194336,0.0,0.8896,0.7124,0.002087,0.002365,0.002983,8.237401,46.106426,0.00069022
4974968832,262541.5,0.002276,0.294584,0.001246,-0.182617,0.0,0.8899,0.7123,0.002201,0.002361,0.003644,8.282099,46.159721,0.00078056
4975755264,262429.5,0.00207,0.242046,0.001259,-0.181641,0.0,0.8911,0.7135,0.003556,0.002219,0.003374,8.589902,45.567902,0.00086546
4976541696,262146.9,-0.003621,0.29952,0.001281,-0.171875,0.0,0.8924,0.7134,0.00174,0.001765,0.00293,8.811364,43.815392,0.00059106
4977328128,262035.3,0.002211,0.234556,0.001133,-0.164062,0.0,0.8931,0.7117,0.001654,0.001835,0.002443,7.926685,44.872528,0.00075235
4978114560,261917.3,0.002221,0.177055,0.001216,-0.155273,0.0,0.8936,0.7113,0.001653,0.002037,0.003056,6.208115,46.936852,0.00060832
4978900992,261796.8,-0.00386,0.204639,0.001231,-0.169922,0.0,0.8941,0.7104,0.001893,0.001881,0.002592,6.996597,46.371487,0.00055352
4979687424,261488.8,0.001653,0.281342,0.00117,-0.166016,0.0,0.8941,0.7104,0.001829,0.001698,0.002228,7.401141,45.102455,0.0005747
4980473856,261385.4,0.001175,0.171297,0.00114,-0.164062,0.0,0.8938,0.71,0.001562,0.001958,0.002802,7.516085,44.061249,0.00056669
4981260288,261281.6,-0.000321,0.14591,0.001137,-0.163086,0.0,0.8936,0.7092,0.001519,0.002016,0.002622,7.575263,43.262474,0.00058803
4982046720,260925.6,-0.004626,0.171569,0.001136,-0.166992,0.0,0.8939,0.7113,0.001063,0.001684,0.002546,6.326696,46.369789,0.00049038
4982833152,260822.3,0.00099,0.157905,0.001208,-0.160156,0.0,0.8943,0.7144,0.002028,0.001923,0.002725,6.451766,45.415314,0.00055221
4983619584,260710.8,-0.005069,0.153153,0.001162,-0.163086,0.0,0.8947,0.7174,0.001852,0.002121,0.003296,7.104159,44.975388,0.00054858
4984406016,260609.3,-0.004344,0.137625,0.001212,-0.161133,0.0,0.8951,0.719,0.001726,0.00198,0.002311,7.053183,44.607204,0.0005029
4985192448,260309.6,-0.000315,0.118966,0.001177,-0.167969,0.0,0.8964,0.7242,0.001771,0.001989,0.003089,7.805768,42.803917,0.00050613
4985978880,260206.0,-0.000783,0.237366,0.001204,-0.181641,0.0,0.8975,0.7252,0.001561,0.00246,0.002916,7.175406,44.779549,0.00058991
4986765312,260102.7,0.004326,0.154813,0.001176,-0.165039,0.0,0.8999,0.7306,0.001317,0.001783,0.002358,6.480944,45.37323,0.00063993
4987551744,259811.1,-0.000527,0.152115,0.001137,-0.164062,0.0,0.9012,0.734,0.001622,0.002017,0.002765,6.69583,45.379547,0.00063133
4988338176,259710.2,0.000215,0.133857,0.001044,-0.162109,0.0,0.9016,0.7351,0.002204,0.001933,0.002973,7.786446,44.219879,0.00056293
4989124608,259607.9,0.002252,0.184296,0.001053,-0.171875,0.0,0.9024,0.7352,0.001696,0.002559,0.00343,7.391232,43.69532,0.00061099
4989911040,259504.9,-0.004237,0.155741,0.001031,-0.170898,0.0,0.9028,0.7359,0.001545,0.002028,0.002517,8.606423,42.686607,0.00047623
4990697472,259231.0,-0.000114,0.225951,0.001104,-0.173828,0.0,0.9026,0.7339,0.002261,0.002254,0.003296,6.936634,45.916519,0.00056149
4991483904,259129.2,0.002203,0.275662,0.001154,-0.173828,0.0,0.9022,0.731,0.001707,0.001572,0.002556,7.237031,45.760143,0.00072157
4992270336,259026.4,0.000239,0.155435,0.001208,-0.170898,0.0,0.9018,0.7292,0.001527,0.001761,0.003237,7.591979,45.131439,0.00063172
4993056768,258740.4,0.000411,0.21353,0.001267,-0.176758,0.0,0.9011,0.7278,0.001537,0.001701,0.002705,8.647434,42.406002,0.00066348
4993843200,258638.3,0.003038,0.321549,0.001172,-0.191406,0.0,0.8995,0.7217,0.001453,0.002278,0.003234,8.549397,41.950886,0.00072347
4994629632,258539.4,0.00522,0.415035,0.001131,-0.208984,0.0,0.8995,0.7198,0.001337,0.002627,0.003316,7.669385,45.972549,0.00065229
4995416064,258434.0,0.0015,0.346606,0.001166,-0.213867,0.0,0.8991,0.7152,0.001652,0.002542,0.003659,8.656069,45.32476,0.00071602
4996202496,258153.7,0.00042,0.379847,0.001222,-0.219727,0.0,0.8988,0.7131,0.001655,0.00253,0.003251,9.230955,44.039547,0.00076166
4996988928,258055.0,0.000151,0.332678,0.001178,-0.203125,0.0,0.8987,0.7119,0.002233,0.002936,0.00328,9.580437,42.968075,0.00093349
4997775360,257942.7,0.003159,0.346526,0.001225,-0.200195,0.0,0.8983,0.7104,0.003004,0.002482,0.003191,9.518548,42.334957,0.00077412
4998561792,257832.0,-0.004878,0.276205,0.00121,-0.198242,0.0,0.8975,0.7075,0.001955,0.002647,0.003596,9.895076,41.29818,0.0009536
4999348224,257542.1,-0.003901,0.299267,0.001222,-0.186523,0.0,0.8967,0.707,0.001802,0.002125,0.003206,7.650064,46.226646,0.00080747
5000134656,257437.8,0.005192,0.133428,0.001212,-0.169922,0.0,0.896,0.7075,0.001749,0.001742,0.002831,7.004056,46.089184,0.0007194
5000921088,257327.0,-0.000751,0.161766,0.001207,-0.176758,0.0,0.8959,0.7093,0.001506,0.00171,0.002702,7.779764,44.922546,0.00070694
5001707520,249309.8,0.007661,0.227352,0.00124,-0.1875,0.0,0.8959,0.7099,0.001662,0.002202,0.002703,8.875374,43.498871,0.00069929
5002493952,249217.4,-0.002807,0.173966,0.001185,-0.1875,0.0,0.8957,0.711,0.001433,0.001708,0.002376,9.571301,42.618034,0.00087736
5003280384,249124.2,0.001146,0.20693,0.001165,-0.191406,0.0,0.8956,0.7114,0.001737,0.001673,0.002136,6.96682,46.695152,0.00085394
5004066816,249032.0,-0.001066,0.232773,0.001262,-0.1875,0.0,0.8956,0.7126,0.002269,0.00172,0.002347,7.999362,46.227135,0.00076393
5004853248,248696.7,-0.001097,0.286952,0.001302,-0.180664,0.0,0.8955,0.7136,0.001666,0.002133,0.003856,8.06346,45.154381,0.00065928
5005639680,248594.5,-0.001152,0.258183,0.001227,-0.185547,0.0,0.8951,0.7117,0.00202,0.002422,0.003427,8.072553,44.600353,0.00074329
5006426112,248498.3,-0.001107,0.183399,0.001237,-0.180664,0.0,0.8941,0.7105,0.001602,0.002069,0.003243,8.61318,43.777977,0.0007839
5007212544,248202.0,0.000271,0.212609,0.001157,-0.191406,0.0,0.894,0.7102,0.001838,0.002176,0.003344,7.262115,46.248093,0.00062007
5007998976,248107.8,-0.006514,0.228732,0.001181,-0.207031,0.0,0.894,0.7078,0.001658,0.002203,0.003386,7.982236,46.044006,0.00068966
5008785408,248006.8,-0.001785,0.229229,0.001282,-0.197266,0.0,0.8943,0.7055,0.002129,0.00265,0.003352,8.816007,45.159485,0.00064196
5009571840,247909.7,-0.003075,0.199071,0.001172,-0.193359,0.0,0.8945,0.7032,0.001554,0.002384,0.003164,9.080423,44.857666,0.00069742
5010358272,247617.4,-0.000887,0.255315,0.001215,-0.188477,0.0,0.8947,0.6996,0.001749,0.002349,0.003654,8.886363,43.431648,0.00069644
5011144704,247518.1,0.003168,0.17992,0.001127,-0.183594,0.0,0.895,0.6966,0.001405,0.001452,0.002229,7.323469,46.106018,0.000732
5011931136,247426.8,-0.001305,0.194412,0.001144,-0.188477,0.0,0.8951,0.6937,0.001738,0.002026,0.002615,7.578551,45.927292,0.00069425
5012717568,247133.3,0.001024,0.243759,0.001245,-0.179688,0.0,0.8953,0.6914,0.001576,0.001713,0.002832,6.948811,45.788841,0.00072334
5013504000,247038.9,0.009494,0.284728,0.001237,-0.172852,0.0,0.8949,0.6909,0.002133,0.002072,0.003226,7.971662,44.242229,0.00071836
5014290432,246948.2,-0.000775,0.281488,0.001258,-0.178711,0.0,0.894,0.6864,0.00191,0.00211,0.002827,8.287388,43.785179,0.00065979
5015076864,246852.2,-0.002752,0.255948,0.001276,-0.182617,0.0,0.8941,0.6847,0.001991,0.001747,0.00256,8.545201,42.793941,0.00063399
5015863296,246572.5,0.001295,0.261563,0.001192,-0.179688,0.0,0.8936,0.6811,0.001597,0.001848,0.002525,7.617633,46.115978,0.00064978
5016649728,246473.5,-0.005476,0.142281,0.001345,-0.166992,0.0,0.8938,0.6804,0.0025,0.001728,0.003277,7.189928,45.791912,0.00065115
5017436160,246384.1,0.00053,0.18032,0.001249,-0.170898,0.0,0.894,0.6802,0.001721,0.001419,0.002574,7.867701,45.644249,0.00066998
5018222592,246102.1,0.00269,0.213323,0.001298,-0.168945,0.0,0.8941,0.68,0.0017,0.001466,0.002117,8.029469,43.639965,0.00064411
5019009024,246011.4,-0.00092,0.221039,0.001349,-0.170898,0.0,0.8942,0.6816,0.001388,0.001415,0.002223,8.167158,43.884064,0.00072271
5019795456,245921.7,0.001494,0.155873,0.001345,-0.163086,0.0,0.8942,0.6834,0.001226,0.001449,0.001977,6.892466,46.977581,0.00066044
5020581888,245827.9,0.001029,0.163837,0.001316,-0.166992,0.0,0.8942,0.6843,0.001287,0.001465,0.002457,6.940925,46.841503,0.00055252
5021368320,245572.0,0.002659,0.241809,0.001317,-0.182617,0.0,0.8942,0.6854,0.001647,0.001907,0.002743,7.669774,46.351067,0.00053965
5022154752,245482.1,-0.005496,0.249445,0.001233,-0.19043,0.0,0.8945,0.6887,0.001833,0.001819,0.002811,8.667985,44.917114,0.00061688
5022941184,245391.9,0.002065,0.257448,0.001261,-0.191406,0.0,0.8949,0.6923,0.001699,0.001968,0.002403,8.700105,43.813488,0.00068806
5023727616,245294.4,0.001471,0.170571,0.001229,-0.188477,0.0,0.8956,0.6966,0.001561,0.001983,0.002507,9.15013,42.945679,0.00071625
5024514048,245042.7,-0.002597,0.176004,0.001198,-0.186523,0.0,0.8959,0.6998,0.0018,0.002101,0.003056,7.504977,46.300583,0.00058609
5025300480,244947.5,-0.001732,0.174119,0.001159,-0.177734,0.0,0.8965,0.7042,0.002278,0.001541,0.00238,7.657012,45.674862,0.0007167
5026086912,244858.0,0.007749,0.203427,0.001179,-0.179688,0.0,0.8972,0.7089,0.001658,0.00221,0.002803,7.914898,45.267971,0.00064563
5026873344,244599.4,0.002582,0.262086,0.001238,-0.179688,0.0,0.8981,0.7136,0.00158,0.001853,0.002718,8.328294,44.817059,0.00063976
5027659776,244509.0,-0.005818,0.244048,0.001233,-0.179688,0.0,0.8993,0.7144,0.001656,0.001988,0.003456,8.947114,44.2747,0.0006555
5028446208,244410.7,0.004342,0.255474,0.001202,-0.18457,0.0,0.8997,0.7142,0.001857,0.001871,0.002919,7.781027,46.920177,0.00068281
5029232640,244313.7,-0.008834,0.194113,0.001166,-0.183594,0.0,0.8999,0.7149,0.002531,0.002234,0.003102,8.415345,46.648582,0.00059341
5030019072,244078.6,-1.1e-05,0.225486,0.001167,-0.180664,0.0,0.9001,0.7153,0.002615,0.00221,0.003495,8.305435,45.34227,0.00069392
5030805504,243989.4,0.007104,0.299471,0.001221,-0.186523,0.0,0.9004,0.7149,0.002062,0.002029,0.003534,8.660043,44.693268,0.00056347
5031591936,243894.6,-0.004278,0.195581,0.001236,-0.191406,0.0,0.9004,0.7137,0.001857,0.00195,0.002527,8.210132,44.370491,0.00062204
5032378368,243651.1,0.001531,0.221477,0.00118,-0.188477,0.0,0.9004,0.7145,0.002153,0.001827,0.002958,7.441166,46.238159,0.00062619
5033164800,243564.7,0.002565,0.274489,0.001226,-0.1875,0.0,0.8998,0.7147,0.001825,0.002457,0.003494,7.81198,45.563805,0.00059068
5033951232,243470.5,-0.004885,0.204489,0.001255,-0.175781,0.0,0.8994,0.7155,0.001803,0.002065,0.002923,7.573771,45.043404,0.00065228
5034737664,243374.0,-0.004686,0.197902,0.001231,-0.175781,0.0,0.8989,0.7152,0.001785,0.001829,0.002745,8.100821,44.179756,0.00071389
5035524096,243113.2,-0.005322,0.15191,0.001208,-0.170898,0.0,0.8986,0.7153,0.002012,0.001965,0.002776,8.667182,43.283504,0.00058977
5036310528,243023.2,-0.008218,0.206705,0.001222,-0.177734,0.0,0.8987,0.7159,0.002065,0.002246,0.002954,8.121282,43.509472,0.00062297
5037096960,242927.8,0.002102,0.219933,0.001255,-0.174805,0.0,0.8985,0.716,0.001728,0.002382,0.00307,6.968843,46.391937,0.00058075
5037883392,242676.0,-0.00291,0.302686,0.001206,-0.183594,0.0,0.8983,0.7165,0.001461,0.002013,0.00288,7.522931,46.883232,0.00064381
5038669824,242580.8,-0.004208,0.256031,0.001143,-0.172852,0.0,0.8976,0.7156,0.002688,0.002092,0.003878,8.444329,45.256664,0.00059365
5039456256,242490.8,0.003672,0.253385,0.001167,-0.173828,0.0,0.8972,0.7148,0.001895,0.002074,0.002946,8.077694,44.666668,0.00069885
5040242688,242377.7,0.00033,0.275373,0.001153,-0.174805,0.0,0.8969,0.7142,0.001889,0.001887,0.002869,8.472698,44.165642,0.00069925
5041029120,241526.4,-0.005478,0.314217,0.001237,-0.178711,0.0,0.8968,0.7128,0.00174,0.002344,0.003392,6.615961,47.240112,0.00063027
5041815552,241432.6,0.006578,0.167473,0.001266,-0.161133,0.0,0.8971,0.7153,0.002442,0.001892,0.002933,7.315488,46.498955,0.00066378
5042601984,241333.8,-0.003476,0.17346,0.001234,-0.160156,0.0,0.8971,0.7192,0.002457,0.001518,0.002621,7.200059,46.151619,0.00066664
5043388416,240714.1,0.000384,0.167371,0.001259,-0.163086,0.0,0.8972,0.7214,0.00171,0.001819,0.002647,7.332183,44.596359,0.00060152
5044174848,240623.9,0.002479,0.235413,0.001031,-0.163086,0.0,0.8976,0.7212,0.001269,0.001783,0.003008,7.75247,44.741882,0.00051245
5044961280,240529.6,-0.001292,0.233804,0.001034,-0.167969,0.0,0.898,0.7214,0.001368,0.001672,0.002734,7.188143,46.706551,0.00055709
5045747712,240441.5,-0.001372,0.161834,0.001075,-0.161133,0.0,0.8978,0.7212,0.002265,0.00195,0.002664,7.012,47.26239,0.00059176
5046534144,239839.2,-0.005631,0.134369,0.001128,-0.161133,0.0,0.8986,0.7239,0.00193,0.002333,0.003506,6.977427,46.325863,0.00051341
5047320576,239747.1,0.001449,0.157198,0.001214,-0.162109,0.0,0.8989,0.7241,0.002229,0.002232,0.003692,7.438639,45.455406,0.00053382
5048107008,239655.6,0.000683,0.210965,0.001234,-0.166016,0.0,0.899,0.7228,0.002749,0.002651,0.00399,8.120517,44.431255,0.00059912
5048893440,239563.2,0.00144,0.258873,0.00118,-0.171875,0.0,0.8992,0.722,0.002388,0.001969,0.003064,8.831675,43.769905,0.00058392
5049679872,239321.3,-0.002405,0.170484,0.001142,-0.166016,0.0,0.8995,0.724,0.001612,0.001831,0.002804,7.196501,46.891411,0.00054553
5050466304,239234.8,-0.003567,0.218996,0.001164,-0.175781,0.0,0.9,0.7246,0.001727,0.001842,0.003203,7.16855,46.6367,0.0006067
5051252736,239148.7,0.001836,0.216922,0.001142,-0.174805,0.0,0.9005,0.725,0.001681,0.002516,0.002779,7.66358,45.629833,0.00061158
5052039168,238909.0,0.003378,0.273819,0.001235,-0.172852,0.0,0.9007,0.7249,0.002503,0.002341,0.003244,8.553522,44.450176,0.00059544
5052825600,238824.5,0.00016,0.229712,0.001279,-0.171875,0.0,0.9009,0.7258,0.00211,0.001931,0.002448,9.198376,43.731514,0.00071918
5053612032,238739.1,-0.004015,0.181714,0.00128,-0.167969,0.0,0.901,0.7249,0.001697,0.002003,0.002509,6.889228,47.206108,0.00060749
5054398464,238652.3,-0.001236,0.233887,0.001236,-0.177734,0.0,0.9015,0.7251,0.001962,0.002149,0.003158,6.622476,47.595825,0.00062416
5055184896,238404.2,-0.000159,0.173951,0.001236,-0.166992,0.0,0.9019,0.7274,0.002223,0.001912,0.003155,8.078839,46.27948,0.00061061
5055971328,238318.4,0.006244,0.193524,0.001228,-0.15918,0.0,0.9022,0.7279,0.002013,0.001899,0.002892,7.723824,46.467102,0.00063459
5056757760,238229.9,-0.001862,0.21,0.001228,-0.157227,0.0,0.9026,0.7274,0.001529,0.001912,0.002699,8.070394,45.999554,0.00061725
5057544192,237966.9,-0.000877,0.202706,0.001202,-0.158203,0.0,0.903,0.7272,0.001615,0.001564,0.002452,6.173538,48.714046,0.00070149
5058330624,237877.8,0.000371,0.236267,0.00115,-0.152344,0.0,0.9038,0.7296,0.001901,0.001812,0.002721,6.75927,48.387527,0.00063458
5059117056,237785.4,-0.004364,0.133526,0.001144,-0.155273,0.0,0.9047,0.7331,0.001293,0.001897,0.002734,6.722054,47.681561,0.00062265
5059903488,237697.0,-0.002753,0.163304,0.001213,-0.155273,0.0,0.9065,0.7383,0.001774,0.001901,0.00277,7.79251,46.96196,0.00062599
5060689920,237467.5,0.005468,0.218867,0.00125,-0.165039,0.0,0.9078,0.7418,0.001238,0.001552,0.002223,8.760741,45.49749,0.00055405
5061476352,237386.6,0.003809,0.180039,0.001332,-0.164062,0.0,0.909,0.7431,0.001819,0.002238,0.002941,8.199817,44.657524,0.00061689
5062262784,237306.4,-0.006914,0.138314,0.001461,-0.15918,0.0,0.9099,0.745,0.001697,0.001452,0.003074,7.326169,47.321575,0.000698
5063049216,237084.0,-0.000708,0.209664,0.001333,-0.166016,0.0,0.9109,0.7477,0.002616,0.001637,0.002255,7.216903,47.211563,0.00065774
5063835648,237003.4,-0.001816,0.178324,0.001376,-0.160156,0.0,0.911,0.7497,0.003816,0.001594,0.002467,7.484333,46.232315,0.00057835
5064622080,236924.2,-0.003802,0.150566,0.001279,-0.160156,0.0,0.9118,0.7519,0.003105,0.001882,0.003033,7.643777,45.861046,0.00065116
5065408512,236841.8,-0.005288,0.159213,0.001257,-0.157227,0.0,0.9128,0.7553,0.001823,0.001794,0.002143,8.111007,45.614239,0.0006408
5066194944,236602.3,-0.000998,0.166238,0.001244,-0.166992,0.0,0.9132,0.7568,0.001853,0.001962,0.002336,6.565938,48.186523,0.00059866
5066981376,236512.0,-0.003375,0.238393,0.001165,-0.178711,0.0,0.9139,0.7586,0.001395,0.002068,0.002467,8.284594,47.514233,0.00067855
5067767808,236429.5,0.002477,0.301827,0.001224,-0.1875,0.0,0.9144,0.7577,0.001322,0.001912,0.002855,8.202199,46.989422,0.00066125
5068554240,236223.5,0.004379,0.220586,0.001176,-0.181641,0.0,0.9145,0.7582,0.001322,0.001912,0.002763,7.789273,44.969933,0.00063394
5069340672,236134.5,0.007389,0.262627,0.001149,-0.170898,0.0,0.9143,0.7552,0.001084,0.001645,0.002527,8.30487,44.629757,0.00065005
5070127104,236042.1,-0.008946,0.162889,0.00124,-0.162109,0.0,0.9143,0.7547,0.001376,0.001915,0.002715,7.000213,47.717804,0.0005769
5070913536,235957.4,-0.000725,0.107868,0.001172,-0.163086,0.0,0.9142,0.7549,0.001214,0.001728,0.002996,7.2064,47.702812,0.00063126
5071699968,235719.6,-0.005293,0.192543,0.001199,-0.166992,0.0,0.9137,0.7549,0.001221,0.00159,0.002705,7.599555,47.729637,0.00063654
5072486400,235631.8,-0.004298,0.14463,0.001268,-0.162109,0.0,0.9129,0.7549,0.001301,0.001721,0.002732,7.186383,47.230267,0.00065573
5073272832,235541.8,-0.001623,0.203969,0.001242,-0.167969,0.0,0.9131,0.7556,0.001544,0.00186,0.002621,8.239826,46.126846,0.00066771
5074059264,235292.6,-9.9e-05,0.168048,0.001165,-0.166016,0.0,0.9135,0.7568,0.001454,0.001707,0.002564,8.527308,45.205761,0.00069675
5074845696,235202.3,-0.002441,0.201343,0.001178,-0.166016,0.0,0.9138,0.7577,0.00315,0.001877,0.002865,7.141597,47.806316,0.00070365
5075632128,235118.5,-0.004424,0.21362,0.001192,-0.166016,0.0,0.9142,0.7587,0.001537,0.001509,0.002688,7.718174,47.16206,0.0005751
5076418560,235032.3,0.000863,0.200375,0.001188,-0.178711,0.0,0.9147,0.7609,0.002092,0.001955,0.002718,7.543463,46.183403,0.00062309
5077204992,234790.1,-0.000333,0.233839,0.001243,-0.183594,0.0,0.9149,0.7609,0.001522,0.001782,0.002837,8.442138,45.061394,0.00060213
5077991424,234701.9,0.006726,0.203151,0.001237,-0.181641,0.0,0.9148,0.7609,0.001811,0.001609,0.002715,9.137259,43.957947,0.00064809
5078777856,234618.0,-0.010203,0.17645,0.001263,-0.176758,0.0,0.9149,0.7612,0.001644,0.00176,0.002615,7.648595,47.266602,0.00061065
5079564288,234533.8,0.000475,0.231805,0.001219,-0.179688,0.0,0.9154,0.7621,0.001541,0.00156,0.002676,7.473713,47.386566,0.00067398
5080350720,234215.3,0.000487,0.208034,0.001227,-0.180664,0.0,0.9161,0.7639,0.001788,0.002237,0.003514,7.835207,47.196098,0.00063491
5081137152,234129.0,0.000776,0.159958,0.001284,-0.176758,0.0,0.9162,0.7663,0.001381,0.001821,0.002972,8.378383,45.957275,0.00070459
5081923584,234049.4,-0.002382,0.175177,0.00119,-0.178711,0.0,0.916,0.7676,0.001711,0.001905,0.002705,8.571158,45.239494,0.00067696
5082710016,233802.1,-0.001075,0.185574,0.001277,-0.168945,0.0,0.9157,0.7683,0.001394,0.001782,0.002583,7.17868,47.252014,0.00063809
5083496448,233716.3,0.00012,0.095636,0.001162,-0.15332,0.0,0.9156,0.7698,0.001673,0.001793,0.003277,6.738513,47.500977,0.00069598
5084282880,233632.3,-0.007459,0.153168,0.001138,-0.15625,0.0,0.9157,0.7709,0.001726,0.002379,0.002888,6.906871,47.483299,0.00063878
5085069312,233549.6,-0.000791,0.093545,0.001263,-0.152344,0.0,0.9159,0.7735,0.001314,0.001928,0.002943,7.046594,46.520081,0.00055659
5085855744,233315.5,-0.003624,0.149924,0.001151,-0.169922,0.0,0.9156,0.773,0.001559,0.002474,0.003398,7.797883,45.584564,0.00059082
5086642176,233232.3,-1.6e-05,0.15558,0.001151,-0.173828,0.0,0.9151,0.7709,0.001955,0.002093,0.002876,8.705394,43.898968,0.00065083
5087428608,233146.0,0.002298,0.216023,0.001147,-0.180664,0.0,0.9143,0.7683,0.001365,0.001486,0.002205,7.644867,46.991726,0.00071591
5088215040,232921.4,0.00026,0.157953,0.001137,-0.182617,0.0,0.9138,0.7683,0.001437,0.001958,0.002949,7.263569,47.11047,0.00057209
5089001472,232833.8,-0.004886,0.166482,0.001165,-0.185547,0.0,0.9133,0.7668,0.001395,0.001811,0.002772,7.822789,46.013756,0.00071371
5089787904,232755.6,0.003898,0.175371,0.001153,-0.182617,0.0,0.913,0.7658,0.001704,0.001855,0.00241,8.436586,44.786861,0.00068302
5090574336,232674.8,-0.002013,0.10316,0.001181,-0.178711,0.0,0.9128,0.7664,0.001411,0.001774,0.002363,8.946515,44.68576,0.00071745
5091360768,232439.5,-0.008628,0.148096,0.001156,-0.183594,0.0,0.9131,0.7677,0.001476,0.001861,0.00256,7.86123,46.025299,0.00068196
5092147200,232357.0,0.004569,0.197887,0.001174,-0.185547,0.0,0.9138,0.7693,0.001474,0.002473,0.002845,7.692726,46.342468,0.00070725
5092933632,232269.9,0.00137,0.179559,0.00114,-0.169922,0.0,0.9136,0.77,0.001427,0.001868,0.002394,7.633111,46.104355,0.00062297
5093720064,232054.1,0.003072,0.210402,0.001191,-0.176758,0.0,0.9142,0.7728,0.001559,0.001859,0.002644,8.317551,45.15472,0.0006677
5094506496,231968.4,0.00154,0.250296,0.001244,-0.166016,0.0,0.9141,0.7737,0.00203,0.001876,0.002798,8.832048,45.530453,0.00063854
5095292928,231881.9,0.00285,0.250018,0.001241,-0.165039,0.0,0.9143,0.7774,0.002454,0.002119,0.002826,7.791671,45.571587,0.00063457
5096079360,231799.2,0.006843,0.255653,0.001204,-0.178711,0.0,0.9148,0.7792,0.001999,0.002513,0.003058,7.630164,47.858788,0.00063891
5096865792,231540.6,-0.004118,0.252927,0.00115,-0.183594,0.0,0.9154,0.78,0.001414,0.001715,0.00285,7.885667,47.277122,0.00059865
5097652224,231454.8,-0.003185,0.194325,0.001033,-0.180664,0.0,0.9166,0.7772,0.001446,0.001581,0.002167,8.230246,46.438705,0.00068536
5098438656,231369.1,0.001257,0.238055,0.001079,-0.177734,0.0,0.9175,0.7762,0.001977,0.001742,0.002758,9.153884,46.42115,0.00089106
5099225088,231127.6,-0.000172,0.247754,0.001044,-0.1875,0.0,0.9183,0.7752,0.001123,0.001595,0.002596,8.040599,43.799042,0.00070801
5100011520,231053.3,-0.003243,0.136611,0.001222,-0.189453,0.0,0.9179,0.7735,0.002236,0.002274,0.003346,6.853001,47.611992,0.00074537
5100797952,230969.1,-0.004756,0.220491,0.001257,-0.195312,0.0,0.9175,0.7713,0.002361,0.002264,0.003254,8.27282,46.521324,0.00073558
5101584384,230889.5,0.00217,0.293724,0.001186,-0.196289,0.0,0.9167,0.7667,0.002212,0.002293,0.003118,8.722626,46.177605,0.00078721
5102370816,230657.6,-0.003261,0.27399,0.00118,-0.18457,0.0,0.9161,0.764,0.001504,0.001744,0.002534,8.494234,45.244614,0.00071569
5103157248,230575.4,-0.001583,0.148911,0.001222,-0.170898,0.0,0.9158,0.7646,0.001427,0.001567,0.00244,8.849407,44.718216,0.00073341
5103943680,230493.3,-0.00754,0.095975,0.001232,-0.166992,0.0,0.9156,0.7653,0.001305,0.001338,0.002258,7.071643,47.950233,0.00078584
5104730112,230412.1,-0.002814,0.120253,0.001323,-0.168945,0.0,0.9159,0.7683,0.001305,0.00172,0.002231,7.450402,47.328232,0.0006028
5105516544,230173.9,0.00358,0.175138,0.001084,-0.169922,0.0,0.9161,0.7703,0.001732,0.002237,0.002726,7.774198,47.108681,0.00060231
5106302976,230096.0,0.002648,0.128802,0.001072,-0.158203,0.0,0.9161,0.7721,0.001418,0.001617,0.002614,7.617892,46.280586,0.0006517
5107089408,230018.2,0.003672,0.104883,0.001108,-0.158203,0.0,0.9164,0.775,0.000976,0.001493,0.002234,7.542763,45.61578,0.00060241
5107875840,229786.4,0.005832,0.130546,0.001113,-0.167969,0.0,0.9168,0.776,0.001533,0.001591,0.002187,6.95295,47.539288,0.00062532
5108662272,229710.0,0.001984,0.130377,0.001156,-0.171875,0.0,0.917,0.7756,0.001548,0.001852,0.002724,7.05975,47.627037,0.00059664
5109448704,229633.0,-0.003031,0.14248,0.001165,-0.169922,0.0,0.9172,0.7747,0.001484,0.001709,0.002645,7.75858,46.648529,0.00064309
5110235136,229550.3,-0.000235,0.150336,0.001115,-0.170898,0.0,0.9174,0.7738,0.001545,0.002117,0.00254,7.510717,46.734123,0.00077149
5111021568,229310.9,-0.001749,0.197732,0.00117,-0.170898,0.0,0.9172,0.7729,0.001198,0.001923,0.002408,7.923607,44.721733,0.00067021
5111808000,229236.4,0.004916,0.14994,0.001123,-0.164062,0.0,0.9171,0.7736,0.001247,0.001616,0.002575,8.131732,44.054779,0.00070877
5112594432,229155.9,-0.002963,0.116617,0.001118,-0.163086,0.0,0.9169,0.7736,0.001367,0.002111,0.003894,6.63713,47.632397,0.00071509
5113380864,228914.0,-0.005294,0.134622,0.001138,-0.174805,0.0,0.9173,0.7755,0.001762,0.001897,0.002571,6.588383,47.482906,0.0006316
5114167296,228830.5,0.002376,0.164735,0.001143,-0.168945,0.0,0.9176,0.775,0.001956,0.001997,0.002703,7.579439,46.325008,0.00064122
5114953728,228757.6,0.000392,0.16416,0.001379,-0.170898,0.0,0.9182,0.7754,0.002071,0.002017,0.002529,7.553001,45.880638,0.000563
5115740160,228683.4,-0.000786,0.187393,0.001255,-0.169922,0.0,0.9193,0.7776,0.001472,0.001789,0.002615,7.949356,45.206085,0.00062857
5116526592,228461.7,-0.001606,0.13371,0.00106,-0.166992,0.0,0.9196,0.7772,0.001334,0.001384,0.002597,6.861802,47.448486,0.00053238
5117313024,228389.6,-0.000229,0.17389,0.001005,-0.165039,0.0,0.9208,0.7802,0.002182,0.001885,0.002904,7.147658,46.858925,0.000499
5118099456,228316.4,-0.00043,0.083683,0.00125,-0.162109,0.0,0.9212,0.7811,0.001795,0.001319,0.002497,7.092806,46.723358,0.00049759
5118885888,228070.9,-0.00218,0.177769,0.001163,-0.171875,0.0,0.9205,0.7786,0.00177,0.001773,0.003037,7.77921,45.394924,0.0005116
5119672320,227986.3,-0.001534,0.141985,0.001329,-0.164062,0.0,0.9203,0.7784,0.001407,0.001516,0.002518,8.787277,44.837029,0.00059265
5120458752,227906.4,-0.003178,0.119453,0.00118,-0.170898,0.0,0.9196,0.7768,0.001202,0.001742,0.002388,8.471051,44.490734,0.00063186
5121245184,227826.6,2.8e-05,0.141901,0.001175,-0.173828,0.0,0.9199,0.7807,0.001529,0.001646,0.002436,7.155693,47.823524,0.0006672
5122031616,227511.1,-0.001614,0.198821,0.001097,-0.185547,0.0,0.9195,0.7797,0.001798,0.002316,0.002888,8.189781,47.658798,0.00058221
5122818048,227437.2,-0.000583,0.297672,0.001148,-0.195312,0.0,0.9193,0.7781,0.001809,0.002369,0.00352,8.535154,46.743431,0.00061254
5123604480,227362.3,-0.005748,0.156421,0.001207,-0.191406,0.0,0.9189,0.7785,0.002033,0.002361,0.003241,9.127155,45.562752,0.00065986
5124390912,227076.7,0.001166,0.283753,0.001135,-0.1875,0.0,0.9183,0.7807,0.001424,0.001871,0.002485,9.844125,42.837799,0.00066909
5125177344,226998.8,-0.003248,0.213849,0.001244,-0.182617,0.0,0.9175,0.7794,0.002693,0.001985,0.002659,7.217643,47.541725,0.0006703
5125963776,226920.2,-0.003769,0.315572,0.001269,-0.200195,0.0,0.9167,0.7772,0.002264,0.002838,0.003049,7.957718,46.629601,0.00057604
5126750208,226835.2,0.000575,0.260143,0.001414,-0.200195,0.0,0.9166,0.777,0.002524,0.002239,0.002793,8.43267,45.88028,0.00077389
5127536640,226575.1,0.002005,0.260039,0.001227,-0.197266,0.0,0.9163,0.7767,0.001506,0.001877,0.002662,9.201792,44.426628,0.00072463
5128323072,226503.6,0.009287,0.226158,0.001126,-0.196289,0.0,0.9162,0.778,0.00184,0.002166,0.002807,9.486943,43.830135,0.00071334
5129109504,226426.2,-0.005671,0.162517,0.001177,-0.189453,0.0,0.9171,0.7814,0.001249,0.001806,0.002368,7.506955,46.725914,0.00081167
5129895936,226345.0,0.001665,0.253853,0.001145,-0.196289,0.0,0.917,0.7789,0.001473,0.002039,0.002639,8.034052,47.02578,0.00081083
5130682368,226051.8,0.00527,0.179519,0.00123,-0.175781,0.0,0.9165,0.7771,0.001897,0.002378,0.004028,7.68924,45.829865,0.000706
5131468800,225969.9,-0.001043,0.118777,0.001229,-0.163086,0.0,0.916,0.776,0.001702,0.001682,0.003156,7.733626,45.399986,0.00064079
5132255232,225892.1,-0.005938,0.113258,0.00121,-0.158203,0.0,0.9159,0.777,0.001149,0.00132,0.00202,7.653173,45.162762,0.00049718
5133041664,225667.6,0.002285,0.154741,0.00122,-0.166992,0.0,0.9158,0.7758,0.001359,0.001456,0.002647,7.007697,47.43449,0.0004573
5133828096,225593.4,0.004689,0.244214,0.001213,-0.172852,0.0,0.9157,0.7735,0.002027,0.00203,0.003383,7.386152,47.224316,0.00057839
5134614528,225518.4,-0.000182,0.242239,0.001186,-0.172852,0.0,0.9156,0.7724,0.001665,0.001721,0.002573,7.438193,46.968277,0.00063938
5135400960,225444.9,0.000674,0.224604,0.001271,-0.175781,0.0,0.9157,0.7718,0.001457,0.001908,0.002893,8.135757,46.285412,0.00056968
5136187392,225210.6,-0.001219,0.191711,0.001225,-0.174805,0.0,0.9157,0.7721,0.001693,0.001771,0.002918,8.48873,45.705818,0.00060369
5136973824,225131.3,-0.004424,0.148127,0.001136,-0.170898,0.0,0.9158,0.7736,0.00155,0.001618,0.002357,8.825107,44.721153,0.00070868
5137760256,225054.5,-0.005215,0.215907,0.001206,-0.175781,0.0,0.9161,0.7739,0.0015,0.001591,0.002127,7.941738,47.324608,0.0005945
5138546688,224401.0,0.001756,0.229325,0.001157,-0.179688,0.0,0.916,0.7724,0.001643,0.001856,0.002728,7.106266,47.73716,0.00064256
5139333120,224323.9,-0.00136,0.131163,0.001325,-0.170898,0.0,0.9159,0.7724,0.001305,0.001914,0.002514,7.53301,46.993774,0.00062654
5140119552,224248.6,0.001995,0.187774,0.001331,-0.173828,0.0,0.9164,0.7742,0.001485,0.001922,0.002456,8.08245,46.16087,0.00059703
5140905984,224175.6,-0.003744,0.215488,0.001376,-0.177734,0.0,0.9166,0.7758,0.001746,0.001865,0.002466,9.310768,45.334976,0.00068113
5141692416,223938.8,-0.002276,0.221503,0.001177,-0.176758,0.0,0.9162,0.7746,0.001332,0.002274,0.002902,7.599131,47.324989,0.00067712
5142478848,223866.0,-0.001096,0.147251,0.001146,-0.170898,0.0,0.9158,0.7734,0.001574,0.002,0.00326,7.32109,47.668045,0.00065889
5143265280,223796.4,0.002579,0.20128,0.001097,-0.173828,0.0,0.9152,0.7716,0.001633,0.001829,0.002532,7.761868,47.667816,0.00061025
5144051712,223570.2,0.005248,0.228952,0.001086,-0.176758,0.0,0.9155,0.772,0.001552,0.001916,0.002514,9.405055,45.587067,0.00060908
5144838144,223501.5,0.003254,0.192286,0.001067,-0.183594,0.0,0.9152,0.7675,0.00169,0.002063,0.00301,8.76321,45.761822,0.00069226
5145624576,223428.0,0.001052,0.152867,0.001076,-0.166992,0.0,0.9155,0.7689,0.002394,0.00209,0.003092,9.389568,45.132458,0.00070404
5146411008,223358.1,-0.001569,0.189438,0.00112,-0.167969,0.0,0.9158,0.7689,0.002551,0.001697,0.003526,7.62253,48.201317,0.0007627
5147197440,223126.8,0.000935,0.162291,0.001203,-0.168945,0.0,0.916,0.7684,0.001768,0.001756,0.002293,7.485418,48.249283,0.00056448
5147983872,223050.8,-0.00129,0.098586,0.00121,-0.160156,0.0,0.9162,0.7683,0.001656,0.001474,0.002249,7.587646,48.26918,0.00073862
5148770304,222976.8,0.001874,0.122067,0.001272,-0.15918,0.0,0.917,0.7713,0.001504,0.001601,0.002605,8.030689,47.591759,0.0006858
5149556736,222755.2,-0.005578,0.180271,0.001238,-0.161133,0.0,0.9178,0.7753,0.000972,0.001213,0.001537,9.258993,43.735527,0.00062889
5150343168,222678.4,0.001274,0.190471,0.001172,-0.165039,0.0,0.9174,0.7724,0.001119,0.001326,0.001793,6.78514,49.085243,0.0006452
5151129600,222601.0,0.004549,0.23378,0.001235,-0.168945,0.0,0.918,0.775,0.002713,0.002017,0.002716,7.133912,48.89584,0.0006386
5151916032,222529.9,0.000727,0.153336,0.001264,-0.172852,0.0,0.9184,0.7782,0.0016,0.001562,0.002656,8.163862,48.002014,0.00065828
5152702464,222284.7,0.005148,0.198444,0.00132,-0.169922,0.0,0.919,0.7809,0.002015,0.001852,0.002511,7.938358,46.68301,0.00060302
5153488896,222216.4,0.003265,0.157726,0.001309,-0.15918,0.0,0.9208,0.7871,0.001655,0.001494,0.002479,8.247542,46.405956,0.00070943
5154275328,222147.8,0.000653,0.189483,0.001232,-0.160156,0.0,0.9227,0.7909,0.001207,0.00142,0.002297,7.957587,46.487305,0.00066319
5155061760,222072.6,-0.005696,0.175874,0.001215,-0.15625,0.0,0.9228,0.7905,0.001478,0.001614,0.002106,7.295537,48.811737,0.00064145
5155848192,221839.8,0.006206,0.191801,0.001242,-0.169922,0.0,0.9242,0.7942,0.00177,0.002585,0.003378,7.218431,48.632549,0.00058611
5156634624,221762.0,-0.009035,0.139886,0.001121,-0.166016,0.0,0.9255,0.7974,0.001755,0.001901,0.003072,7.832925,47.706779,0.00057882
5157421056,221686.0,0.004491,0.127111,0.001206,-0.166992,0.0,0.9263,0.7976,0.001878,0.002262,0.003036,7.625151,47.513,0.00056869
5158207488,221459.4,0.002761,0.149853,0.001068,-0.167969,0.0,0.9268,0.7981,0.001339,0.001913,0.002695,8.226272,44.88501,0.00061579
5158993920,221386.5,-0.002486,0.214094,0.001116,-0.174805,0.0,0.9269,0.7968,0.001943,0.001944,0.003246,7.260158,48.450409,0.00066969
5159780352,221312.1,0.008388,0.225845,0.001191,-0.179688,0.0,0.9275,0.7983,0.001677,0.001894,0.002535,7.550917,48.021873,0.00062085
5160566784,221245.2,-0.000289,0.212805,0.001086,-0.181641,0.0,0.928,0.8001,0.001493,0.001829,0.002538,8.921158,47.360359,0.00060754
5161353216,221016.8,0.000856,0.253314,0.001137,-0.179688,0.0,0.9284,0.799,0.001635,0.001645,0.002698,9.207575,45.953697,0.00067155
5162139648,220943.7,0.000756,0.172864,0.001068,-0.169922,0.0,0.9294,0.7992,0.001635,0.001287,0.001895,8.559147,45.898911,0.00068907
5162926080,220878.6,-0.00109,0.160778,0.001189,-0.166992,0.0,0.93,0.798,0.002018,0.001413,0.002184,7.6645,47.781181,0.00070106
5163712512,220631.0,-0.002562,0.224805,0.001152,-0.176758,0.0,0.9301,0.7966,0.002335,0.001943,0.002958,6.718293,48.93322,0.00065207
5164498944,220555.1,0.003528,0.152386,0.0012,-0.163086,0.0,0.9305,0.7962,0.001543,0.001608,0.002397,7.96383,47.97834,0.00066656
5165285376,220480.3,-0.006515,0.185053,0.00123,-0.174805,0.0,0.9304,0.7929,0.001632,0.001505,0.002686,7.907516,47.517437,0.00057849
5166071808,220407.8,-0.006645,0.146009,0.001172,-0.170898,0.0,0.9304,0.7918,0.001651,0.001511,0.0028,8.380807,46.783043,0.000673
5166858240,220167.1,-0.003862,0.17083,0.001134,-0.165039,0.0,0.9307,0.7933,0.00203,0.001789,0.002838,7.345952,48.629402,0.00056782
5167644672,220095.4,0.002469,0.203195,0.0013,-0.167969,0.0,0.9309,0.7941,0.001484,0.00205,0.002702,7.408298,48.899666,0.00070026
5168431104,220020.0,-0.007147,0.214499,0.001038,-0.180664,0.0,0.9313,0.7935,0.002141,0.002209,0.002925,7.411119,48.18811,0.00054156
5169217536,219786.6,-0.003593,0.247684,0.00112,-0.179688,0.0,0.9309,0.7905,0.001706,0.001871,0.002443,8.377215,46.208004,0.00054424
5170003968,219720.9,0.004185,0.213165,0.001139,-0.175781,0.0,0.9302,0.7912,0.001531,0.001781,0.003141,8.594566,45.460522,0.00073749
5170790400,219655.5,0.002709,0.25702,0.00113,-0.173828,0.0,0.9299,0.7906,0.001475,0.00172,0.002949,8.736205,44.572174,0.0007464
5171576832,219588.6,0.006027,0.150281,0.001121,-0.168945,0.0,0.9294,0.7908,0.001518,0.001476,0.002015,7.554935,47.804806,0.00076867
5172363264,219343.7,0.000855,0.18545,0.001044,-0.188477,0.0,0.9291,0.7917,0.001959,0.002162,0.003232,7.663349,47.648937,0.00065687
5173149696,219272.9,-0.005182,0.129593,0.001067,-0.1875,0.0,0.9288,0.7929,0.001778,0.001452,0.002327,8.301538,46.876282,0.00076561
5173936128,219208.9,-0.000521,0.088613,0.001054,-0.186523,0.0,0.9291,0.795,0.001669,0.001496,0.002097,8.675419,46.379066,0.0006599
5174722560,218967.0,0.000759,0.19646,0.001014,-0.195312,0.0,0.9293,0.7971,0.001478,0.001549,0.002276,10.675418,42.567436,0.00059354
5175508992,218898.3,0.000921,0.130853,0.001103,-0.188477,0.0,0.9295,0.7985,0.001588,0.001751,0.002968,7.900692,47.903534,0.00071831
5176295424,218828.7,-0.002571,0.190683,0.001064,-0.183594,0.0,0.9304,0.8002,0.001863,0.002058,0.002918,8.028351,47.723839,0.00080097
5177081856,218760.3,-0.003022,0.186457,0.001071,-0.186523,0.0,0.9311,0.8008,0.001024,0.001606,0.002318,8.137108,47.442547,0.00079581
5177868288,218514.7,0.004953,0.17977,0.001111,-0.177734,0.0,0.9307,0.8014,0.002823,0.001594,0.002244,9.043009,46.11311,0.00068366
5178654720,218445.1,0.000177,0.167634,0.001096,-0.178711,0.0,0.9297,0.7988,0.00253,0.001859,0.001978,8.683201,46.040092,0.00070832
5179441152,218370.6,-0.002621,0.230071,0.001068,-0.178711,0.0,0.929,0.7964,0.001937,0.001922,0.002683,9.133887,45.236935,0.00074296
5180227584,218301.2,-0.000831,0.198298,0.001141,-0.178711,0.0,0.9289,0.796,0.002477,0.001944,0.002905,7.34755,48.913429,0.00072684
5181014016,218039.2,0.004876,0.201288,0.00112,-0.177734,0.0,0.9288,0.7959,0.001715,0.002013,0.002631,8.461763,47.96101,0.00063701
5181800448,217966.8,0.000622,0.160603,0.001086,-0.176758,0.0,0.9285,0.7959,0.001517,0.002039,0.002948,8.202692,47.288067,0.00072688
5182586880,217892.3,0.001637,0.121668,0.001084,-0.176758,0.0,0.9287,0.7975,0.00148,0.001497,0.002031,8.441021,46.273338,0.00064382
5183373312,217676.4,0.000704,0.122018,0.001105,-0.171875,0.0,0.9277,0.7964,0.001605,0.001637,0.002367,8.880946,44.482697,0.00076658
5184159744,217612.7,-0.000271,0.249576,0.001112,-0.178711,0.0,0.9276,0.7964,0.003142,0.001903,0.002511,7.524666,48.292946,0.00077265
5184946176,217549.9,-0.003612,0.184045,0.001138,-0.173828,0.0,0.9271,0.7961,0.002313,0.002193,0.002526,7.65719,47.990097,0.00072745
5185732608,217478.7,-0.006639,0.094749,0.001181,-0.170898,0.0,0.9266,0.796,0.001609,0.001722,0.002635,7.797382,47.930233,0.00056821
5186519040,217236.0,-0.005496,0.187886,0.001219,-0.173828,0.0,0.9259,0.7971,0.001702,0.001883,0.002888,8.987797,46.239433,0.00076062
5187305472,217173.8,-0.001873,0.249283,0.001179,-0.177734,0.0,0.9257,0.7966,0.001568,0.001512,0.002563,8.95399,45.513977,0.00064607
5188091904,217111.6,0.004885,0.269574,0.001186,-0.180664,0.0,0.9246,0.7915,0.001167,0.00124,0.001884,7.584382,47.039257,0.00074532
5188878336,216891.9,0.002741,0.264156,0.001193,-0.186523,0.0,0.9248,0.7932,0.001571,0.001492,0.002177,7.432263,48.357265,0.00060334
5189664768,216829.0,0.005693,0.192456,0.0012,-0.176758,0.0,0.9248,0.7934,0.002106,0.001695,0.002111,7.989615,47.202576,0.00062288
5190451200,216756.7,-0.003651,0.193186,0.001226,-0.177734,0.0,0.9245,0.7941,0.001516,0.001386,0.002482,8.582892,46.707764,0.00069148
5191237632,216686.0,0.004377,0.191773,0.001252,-0.176758,0.0,0.9242,0.7952,0.00188,0.001544,0.002718,8.97332,45.663605,0.00074416
5192024064,216439.3,-0.004549,0.201715,0.001196,-0.185547,0.0,0.9247,0.7969,0.001594,0.001776,0.002667,7.691816,48.115551,0.00069746
5192810496,216374.5,5.6e-05,0.175877,0.001195,-0.18457,0.0,0.9242,0.7958,0.001148,0.001742,0.002694,8.34642,47.801575,0.00071279
5193596928,216311.5,-0.000219,0.271407,0.001122,-0.188477,0.0,0.9246,0.798,0.001331,0.001545,0.002687,8.244065,47.888054,0.00086227
5194383360,216113.1,0.004964,0.303664,0.001191,-0.192383,0.0,0.9253,0.7994,0.001246,0.001321,0.002464,8.318047,46.556061,0.000725
5195169792,216047.2,0.004129,0.185623,0.001135,-0.178711,0.0,0.9255,0.8,0.001301,0.001956,0.002649,8.761001,45.900505,0.00074189
5195956224,215981.4,-5e-05,0.180473,0.00108,-0.172852,0.0,0.9259,0.8008,0.001533,0.001724,0.002294,8.67839,45.326294,0.00073665
5196742656,215909.7,0.004967,0.243652,0.001143,-0.180664,0.0,0.9263,0.8011,0.001424,0.002163,0.002839,8.135222,48.142254,0.00077947
5197529088,215705.9,0.001892,0.254511,0.001096,-0.188477,0.0,0.9261,0.7974,0.001456,0.001541,0.002449,8.26561,47.995953,0.00051846
5198315520,215634.6,-0.000279,0.151767,0.00117,-0.180664,0.0,0.926,0.7956,0.001775,0.001843,0.002492,8.669423,47.433083,0.00069836
5199101952,215563.0,-0.004311,0.209027,0.001141,-0.181641,0.0,0.9256,0.7914,0.001673,0.001834,0.002812,8.809489,46.707146,0.00074885
5199888384,215351.4,-0.006473,0.134298,0.001189,-0.177734,0.0,0.9257,0.7911,0.001653,0.001579,0.002618,9.585862,43.157299,0.00066925
5200674816,215288.8,-0.004313,0.235481,0.001265,-0.178711,0.0,0.9252,0.788,0.001522,0.001567,0.002979,7.270784,48.313354,0.00068412
5201461248,215221.0,0.003796,0.23236,0.001206,-0.177734,0.0,0.9252,0.7878,0.001551,0.001958,0.00282,7.59674,48.029312,0.00066621
5202247680,215159.5,0.004082,0.155887,0.001254,-0.176758,0.0,0.9248,0.7878,0.002184,0.001869,0.002916,7.944923,47.501862,0.0006719
5203034112,214945.9,-0.003014,0.248842,0.001227,-0.1875,0.0,0.9242,0.7838,0.00178,0.001903,0.00243,9.691538,47.012291,0.00072606
5203820544,214877.9,-0.001621,0.238968,0.001271,-0.186523,0.0,0.9236,0.7819,0.001768,0.00216,0.002767,9.835786,46.737823,0.00082897
5204606976,214814.7,0.003675,0.210412,0.001212,-0.180664,0.0,0.9231,0.7814,0.001539,0.001971,0.002703,10.349688,45.900726,0.00087581
5205393408,214745.1,-0.003637,0.185601,0.00121,-0.178711,0.0,0.9227,0.7811,0.001414,0.001488,0.002627,7.655262,49.657715,0.00084324
5206179840,214524.5,-0.000924,0.259505,0.001153,-0.179688,0.0,0.9219,0.7778,0.001368,0.00194,0.003047,8.09339,48.958389,0.00079717
5206966272,214453.0,-0.004477,0.214143,0.001174,-0.172852,0.0,0.921,0.7728,0.001511,0.001811,0.002897,8.078292,48.58128,0.00078839
5207752704,214387.3,-0.002033,0.146962,0.001214,-0.167969,0.0,0.9208,0.7709,0.001379,0.001678,0.002165,8.565391,48.069122,0.00086828
5208539136,214192.8,0.010961,0.255488,0.001219,-0.174805,0.0,0.9208,0.7679,0.001155,0.001798,0.002169,9.207484,45.818398,0.00069229
5209325568,214122.7,0.004584,0.190907,0.001182,-0.176758,0.0,0.9207,0.7663,0.001539,0.001706,0.002184,6.958919,50.406357,0.00073163
5210112000,214059.4,-0.002382,0.234295,0.001161,-0.173828,0.0,0.9201,0.7642,0.002154,0.001633,0.003123,7.61474,49.499535,0.00078515
5210898432,213992.3,-0.000305,0.256812,0.001198,-0.174805,0.0,0.9196,0.762,0.001695,0.002036,0.002968,8.391709,49.064667,0.00069151
5211684864,213777.0,0.002405,0.265019,0.001188,-0.169922,0.0,0.9188,0.7563,0.001901,0.002078,0.003138,8.281641,47.167847,0.00058738
5212471296,213706.6,0.002553,0.196637,0.001166,-0.163086,0.0,0.9187,0.7544,0.001562,0.001847,0.002919,8.264262,46.441326,0.00069256
5213257728,213640.9,-0.004669,0.177705,0.001254,-0.164062,0.0,0.918,0.7532,0.001745,0.001509,0.003144,7.917485,46.997402,0.00064128
5214044160,213440.3,0.003352,0.257158,0.001202,-0.182617,0.0,0.9183,0.7536,0.002019,0.001723,0.003361,7.180666,50.069054,0.00053395
5214830592,213378.5,-0.002015,0.137056,0.001122,-0.179688,0.0,0.918,0.7553,0.001631,0.00178,0.002516,8.068591,48.361427,0.0006786
5215617024,213316.5,-0.003447,0.172137,0.00114,-0.173828,0.0,0.9181,0.7569,0.001622,0.002022,0.003186,8.629745,47.235611,0.00072682
5216403456,213250.8,-0.00207,0.144547,0.001141,-0.170898,0.0,0.918,0.7566,0.001619,0.001906,0.002582,8.7549,46.601982,0.00073742
5217189888,213066.9,0.008458,0.181408,0.001234,-0.171875,0.0,0.9179,0.7576,0.00157,0.001488,0.002201,8.397436,46.074352,0.00078871
5217976320,213006.7,-0.003866,0.15187,0.001233,-0.168945,0.0,0.9182,0.7593,0.001746,0.001581,0.001987,8.189006,48.627823,0.00073042
5218762752,212947.1,0.002556,0.184975,0.001278,-0.174805,0.0,0.9179,0.7597,0.001504,0.001993,0.00235,7.849931,48.545341,0.00074972
5219549184,212750.3,-0.002428,0.100797,0.001243,-0.165039,0.0,0.9172,0.7604,0.001565,0.001411,0.002224,8.077963,47.455761,0.00063757
5220335616,212689.4,-0.005742,0.109374,0.001117,-0.163086,0.0,0.9168,0.7607,0.001354,0.001715,0.002217,8.382757,46.698986,0.00081627
5221122048,212627.3,0.004074,0.147515,0.001149,-0.163086,0.0,0.9171,0.7643,0.001636,0.001573,0.00204,8.703938,46.380352,0.00068723
5221908480,212558.4,0.000711,0.124719,0.001137,-0.165039,0.0,0.9165,0.763,0.001324,0.001453,0.001728,7.259975,49.090618,0.00074157
5222694912,212376.7,0.001049,0.198869,0.0011,-0.174805,0.0,0.9162,0.7624,0.00136,0.001806,0.002403,7.077045,49.393188,0.00063984
5223481344,212307.8,0.000775,0.116883,0.00113,-0.166016,0.0,0.9159,0.7622,0.001516,0.001664,0.00188,7.785921,48.2966,0.00063884
5224267776,212242.2,-0.004662,0.100593,0.001132,-0.166016,0.0,0.9156,0.7645,0.001844,0.001947,0.002314,7.898024,47.573082,0.00056472
5225054208,212032.4,-0.001447,0.103794,0.001044,-0.166992,0.0,0.9158,0.7675,0.001185,0.001555,0.001749,10.103252,44.377991,0.00072215
5225840640,211969.0,-0.004203,0.163314,0.001081,-0.172852,0.0,0.9154,0.765,0.001575,0.001857,0.002535,7.450461,49.069973,0.0006731
5226627072,211906.6,-0.003819,0.220956,0.001104,-0.18457,0.0,0.9153,0.7639,0.001539,0.00153,0.002303,7.730398,48.954556,0.00076876
5227413504,211846.7,0.007523,0.331314,0.001073,-0.19043,0.0,0.9157,0.7624,0.00169,0.001761,0.002336,8.112088,48.631531,0.00079154
5228199936,211645.9,0.002575,0.282196,0.001165,-0.183594,0.0,0.915,0.7585,0.001614,0.001755,0.002967,8.670034,47.143425,0.00074464
5228986368,211580.0,-0.005008,0.211442,0.001163,-0.176758,0.0,0.9145,0.7567,0.0021,0.001948,0.003146,8.795946,46.933556,0.00080193
5229772800,211518.0,-0.007012,0.182791,0.001189,-0.166992,0.0,0.9136,0.7541,0.001393,0.001686,0.002293,9.092891,45.686699,0.00081413
5230559232,211457.2,-0.00368,0.173442,0.001153,-0.174805,0.0,0.9131,0.7539,0.001496,0.001868,0.002402,7.357988,48.986111,0.00067719
5231345664,211281.8,-0.003058,0.132486,0.001107,-0.173828,0.0,0.9126,0.7555,0.001891,0.00222,0.002914,7.268181,48.291759,0.00066854
5232132096,211219.0,-0.001632,0.152301,0.001107,-0.176758,0.0,0.9119,0.7554,0.001389,0.001607,0.002244,7.700021,47.314556,0.00066281
5232918528,211157.4,0.001298,0.100373,0.001124,-0.169922,0.0,0.9112,0.7562,0.001075,0.000992,0.001803,8.287351,46.223564,0.00069421
5233704960,210958.5,0.000844,0.15672,0.001157,-0.176758,0.0,0.9105,0.7576,0.001339,0.001531,0.002289,9.055711,43.94125,0.00062922
5234491392,210892.2,-0.000738,0.173758,0.001253,-0.177734,0.0,0.91,0.7572,0.001454,0.001538,0.002124,7.629987,48.497612,0.00068327
5235277824,210826.4,-0.002385,0.158652,0.001206,-0.173828,0.0,0.9097,0.7592,0.001851,0.001599,0.002311,7.558977,48.138191,0.00067399
5236064256,210765.3,-0.004765,0.109733,0.001261,-0.168945,0.0,0.9094,0.7618,0.001216,0.001287,0.002026,7.827019,47.809013,0.00058334
5236850688,210576.8,-0.001315,0.192577,0.001128,-0.172852,0.0,0.9094,0.7634,0.002053,0.002338,0.003676,8.41776,47.34066,0.00063715
5237637120,210516.8,0.000884,0.177068,0.00116,-0.169922,0.0,0.9097,0.7656,0.00161,0.001639,0.002932,9.112084,46.901379,0.00081294
5238423552,210455.8,-0.004835,0.139059,0.001184,-0.174805,0.0,0.9101,0.7682,0.001416,0.001436,0.002058,9.205533,45.816025,0.00072594
5239209984,210255.5,0.004041,0.222337,0.001134,-0.181641,0.0,0.911,0.7729,0.001295,0.001356,0.002097,7.284521,49.461926,0.00069036
5239996416,210194.7,-0.005754,0.115616,0.001131,-0.168945,0.0,0.9115,0.7774,0.001637,0.001688,0.002415,7.625432,48.658031,0.00075606
5240782848,210133.8,-0.000764,0.108503,0.001141,-0.172852,0.0,0.9121,0.78,0.001675,0.001476,0.002789,8.148009,48.018188,0.00060258
5241569280,210074.8,-0.005827,0.121669,0.001169,-0.175781,0.0,0.9127,0.7837,0.001246,0.0013,0.002135,8.602099,47.01236,0.00075997
5242355712,209874.1,0.001605,0.124112,0.001096,-0.167969,0.0,0.9133,0.7842,0.002247,0.00193,0.003278,9.21398,45.641479,0.00065596
5243142144,209816.4,-0.001943,0.11564,0.001061,-0.166016,0.0,0.914,0.7858,0.0011,0.001398,0.002199,7.027717,48.965557,0.00072857
5243928576,209754.0,0.0013,0.140742,0.001026,-0.167969,0.0,0.914,0.7852,0.001601,0.001639,0.002957,7.185128,48.983337,0.00062456
5244715008,209545.4,0.001434,0.133976,0.00106,-0.164062,0.0,0.9152,0.7857,0.001506,0.001718,0.001972,7.488787,48.307373,0.00059646
5245501440,209483.6,0.012064,0.207704,0.001171,-0.162109,0.0,0.9158,0.7857,0.001885,0.001599,0.002951,7.481244,47.371563,0.00059291
5246287872,209417.6,-0.003817,0.14179,0.001127,-0.162109,0.0,0.9173,0.7862,0.001435,0.001353,0.002227,8.049328,47.196892,0.00058228
5247074304,209353.1,0.00246,0.229272,0.001168,-0.168945,0.0,0.9187,0.7879,0.001516,0.001835,0.002852,8.481688,47.050575,0.00064708
5247860736,209145.5,0.005926,0.274026,0.001135,-0.179688,0.0,0.9191,0.7849,0.001894,0.001832,0.003127,7.757664,48.208126,0.00058441
5248647168,209078.2,0.001365,0.283075,0.001143,-0.178711,0.0,0.9202,0.7849,0.001615,0.001739,0.002707,8.256971,48.285355,0.00064306
5249433600,209016.3,0.007889,0.25016,0.001116,-0.177734,0.0,0.9208,0.7809,0.001493,0.001836,0.002761,8.689948,47.727463,0.00080312
5250220032,208801.0,0.000478,0.237328,0.001159,-0.182617,0.0,0.9217,0.7796,0.001748,0.001474,0.00219,9.813778,44.41703,0.00073961
5251006464,208738.7,0.006765,0.255252,0.001183,-0.180664,0.0,0.9218,0.7751,0.002309,0.002043,0.00278,7.750069,47.48127,0.00071075
5251792896,208675.6,0.000319,0.23883,0.001158,-0.183594,0.0,0.922,0.7758,0.001641,0.001739,0.002991,7.769102,48.62196,0.00073664
5252579328,208616.4,0.001981,0.250786,0.001194,-0.189453,0.0,0.9222,0.7761,0.00144,0.001762,0.002889,8.700807,48.213207,0.00069286
5253365760,208422.0,-0.005161,0.256252,0.00117,-0.194336,0.0,0.9221,0.7776,0.001248,0.001963,0.002611,9.448951,47.866295,0.00075995
5254152192,208358.3,0.008857,0.255111,0.001116,-0.18457,0.0,0.9225,0.7786,0.002157,0.001936,0.003018,9.568497,46.693737,0.00071086
5254938624,208292.1,-0.001859,0.279671,0.001122,-0.194336,0.0,0.9233,0.7781,0.002246,0.001779,0.002346,10.321358,46.459118,0.00073266
5255725056,208227.2,0.000596,0.245929,0.001175,-0.191406,0.0,0.9244,0.7795,0.0015,0.002208,0.002657,7.977487,48.714104,0.00073284
5256511488,208054.0,0.000954,0.340386,0.001208,-0.189453,0.0,0.9249,0.779,0.001812,0.001898,0.002889,8.335785,48.276756,0.00076366
5257297920,207992.5,-0.002137,0.229929,0.001249,-0.178711,0.0,0.9263,0.7772,0.002354,0.002143,0.002886,8.298486,48.337433,0.0007429
5258084352,207928.3,-0.005732,0.188904,0.001293,-0.171875,0.0,0.9276,0.7776,0.001529,0.001734,0.002576,8.642845,48.07655,0.00063131
5258870784,207758.8,-0.002324,0.235557,0.00129,-0.182617,0.0,0.9285,0.7749,0.001577,0.001926,0.002881,9.402398,45.860321,0.00074651
5259657216,207694.3,-0.003741,0.209882,0.001183,-0.174805,0.0,0.9292,0.775,0.001724,0.001933,0.002452,7.083047,49.764111,0.00077198
5260443648,207634.2,-0.001555,0.180229,0.001114,-0.170898,0.0,0.93,0.7767,0.002077,0.001717,0.002949,7.415773,49.586025,0.00064992
5261230080,207573.1,-0.003602,0.123469,0.001109,-0.164062,0.0,0.9302,0.7767,0.001208,0.001481,0.002459,7.265526,49.269894,0.00065449
5262016512,207399.5,-0.002418,0.193457,0.001099,-0.174805,0.0,0.9305,0.7753,0.001642,0.002048,0.002373,8.250299,47.997692,0.0006138
5262802944,207341.1,-0.003528,0.194574,0.001073,-0.174805,0.0,0.9305,0.775,0.002425,0.001856,0.002301,8.981224,46.781563,0.0006935
5263589376,207282.7,-0.000317,0.150137,0.001057,-0.172852,0.0,0.9305,0.775,0.001459,0.001605,0.002558,9.555113,45.501644,0.00066399
5264375808,207101.0,-2.6e-05,0.198895,0.00108,-0.177734,0.0,0.9305,0.7741,0.001404,0.001873,0.002494,7.230451,49.580002,0.00055865
5265162240,207043.2,0.00248,0.183565,0.001117,-0.169922,0.0,0.93,0.7721,0.002234,0.002499,0.003104,7.912826,48.867153,0.00065352
5265948672,206982.7,0.001236,0.253104,0.001166,-0.181641,0.0,0.9302,0.7702,0.001738,0.002167,0.002522,8.442961,48.161343,0.0006891
5266735104,206923.3,0.005982,0.192125,0.001173,-0.176758,0.0,0.9297,0.7671,0.00208,0.001914,0.002644,8.552677,47.02948,0.00064985
5267521536,206715.2,-0.005083,0.215624,0.001234,-0.176758,0.0,0.9298,0.7664,0.001399,0.002265,0.00291,8.935834,45.304924,0.00064772
5268307968,206659.7,-0.002964,0.134627,0.001248,-0.170898,0.0,0.9296,0.7656,0.001315,0.001892,0.003116,7.416725,48.946289,0.00067864
5269094400,206604.0,0.000129,0.2068,0.00123,-0.174805,0.0,0.9287,0.7628,0.001553,0.002004,0.003067,7.901613,48.958527,0.00066202
5269880832,206389.2,-0.000476,0.31815,0.001294,-0.178711,0.0,0.9281,0.7592,0.001987,0.001705,0.002146,7.402658,49.052334,0.00060773
5270667264,206334.8,0.00208,0.167499,0.001221,-0.164062,0.0,0.927,0.7557,0.00124,0.001591,0.002608,8.079189,48.237663,0.00078719
5271453696,206277.8,7.1e-05,0.181689,0.001238,-0.160156,0.0,0.9262,0.7542,0.001476,0.0016,0.00282,8.907981,47.52586,0.00054328
5272240128,206221.7,-0.004516,0.190925,0.001203,-0.169922,0.0,0.9249,0.7501,0.001945,0.001557,0.002763,7.961556,47.55838,0.0005633
5273026560,206024.7,-0.001312,0.162682,0.001169,-0.177734,0.0,0.9238,0.7484,0.00134,0.001522,0.00243,7.963343,49.519131,0.00066719
5273812992,205965.3,-0.002275,0.204189,0.00118,-0.181641,0.0,0.9227,0.745,0.00171,0.001566,0.002074,8.162593,49.350159,0.00071481
5274599424,205906.4,-0.008065,0.19292,0.001206,-0.183594,0.0,0.9217,0.7433,0.001509,0.001381,0.00168,9.048605,48.616348,0.00069879
5275385856,205712.6,-0.002279,0.206579,0.001217,-0.174805,0.0,0.9217,0.7461,0.00128,0.00159,0.002196,9.067561,46.684399,0.00080721
5276172288,205654.1,4.4e-05,0.239533,0.001138,-0.15918,0.0,0.9211,0.745,0.001583,0.001671,0.002652,8.495909,48.021637,0.00081
5276958720,205595.7,-0.001609,0.143692,0.001165,-0.163086,0.0,0.9211,0.7477,0.001896,0.001937,0.002824,7.398263,49.589859,0.00062845
5277745152,205535.7,-0.00649,0.138533,0.001124,-0.167969,0.0,0.9206,0.7477,0.00188,0.001549,0.002472,7.217814,49.920589,0.00062658
5278531584,205198.5,0.000585,0.15025,0.001209,-0.166016,0.0,0.9207,0.7513,0.001576,0.001509,0.002459,8.094338,49.014553,0.00052534
5279318016,205143.6,0.003518,0.183007,0.00113,-0.166016,0.0,0.9203,0.7521,0.001384,0.001645,0.002439,8.385008,48.583588,0.00074457
5280104448,205086.3,-0.007549,0.145854,0.001086,-0.163086,0.0,0.9197,0.7533,0.001764,0.001589,0.002205,8.841906,48.087013,0.00076912
5280890880,205027.5,-0.009073,0.169782,0.001108,-0.169922,0.0,0.9201,0.7567,0.001198,0.001341,0.001972,7.445108,50.106285,0.00059604
5281677312,204798.5,-0.004972,0.252495,0.001132,-0.183594,0.0,0.9202,0.7584,0.001614,0.001832,0.003009,8.218541,50.365032,0.0006048
5282463744,204737.8,-0.001127,0.207966,0.001155,-0.183594,0.0,0.9204,0.7606,0.001997,0.002215,0.003128,8.562902,49.734657,0.00087101
5283250176,204677.9,-0.003919,0.108134,0.001124,-0.171875,0.0,0.9204,0.764,0.00151,0.001436,0.002295,8.184956,49.403015,0.00087173
5284036608,204517.5,0.00287,0.116539,0.001182,-0.173828,0.0,0.9209,0.7692,0.002212,0.001482,0.002547,9.371595,46.176292,0.00060701
5284823040,204464.0,-0.007696,0.114119,0.001238,-0.170898,0.0,0.9208,0.7714,0.001312,0.001911,0.002387,7.831995,50.022442,0.00072257
5285609472,204405.6,0.000546,0.143008,0.001254,-0.171875,0.0,0.9204,0.7727,0.001189,0.001531,0.002185,7.961425,49.758476,0.00064197
5286395904,204345.9,0.003722,0.13468,0.001238,-0.170898,0.0,0.92,0.7755,0.001657,0.001502,0.00201,8.026212,49.21022,0.00065988
5287182336,204154.3,0.002694,0.190346,0.001106,-0.172852,0.0,0.9198,0.7761,0.001791,0.002159,0.002811,8.24401,48.344646,0.00069957
5287968768,204096.7,-0.002417,0.083973,0.001106,-0.164062,0.0,0.9206,0.7798,0.001716,0.001443,0.002289,8.370085,48.233322,0.00064966
5288755200,204037.4,0.006583,0.13299,0.001083,-0.15625,0.0,0.9212,0.782,0.001621,0.001566,0.002408,8.841695,47.517517,0.00063037
5289541632,203813.8,-0.010044,0.129449,0.001093,-0.166992,0.0,0.9213,0.7837,0.001336,0.001772,0.002571,7.558095,49.812374,0.00052958
5290328064,203757.0,0.001176,0.19053,0.001033,-0.167969,0.0,0.9214,0.7837,0.001352,0.002152,0.003006,7.825159,49.244228,0.000519
5291114496,203697.2,0.005127,0.163631,0.001043,-0.171875,0.0,0.9215,0.7842,0.001278,0.001584,0.001987,8.060556,48.500626,0.00061937
5291900928,203635.1,-0.000179,0.127292,0.00105,-0.177734,0.0,0.9216,0.785,0.001192,0.001346,0.001959,8.510425,47.507092,0.0005799
5292687360,203455.6,-0.005891,0.173335,0.00104,-0.185547,0.0,0.922,0.7875,0.001675,0.001945,0.002872,9.114132,45.647274,0.00062935
5293473792,203402.6,-0.0039,0.145318,0.001088,-0.181641,0.0,0.9224,0.7898,0.002001,0.002325,0.002646,7.746887,48.926983,0.00072873
5294260224,203350.1,-0.002743,0.185329,0.00111,-0.188477,0.0,0.9221,0.7893,0.002461,0.002004,0.00238,7.93112,48.889854,0.00075739
5295046656,203177.7,-0.004077,0.210899,0.001134,-0.193359,0.0,0.9225,0.7901,0.001986,0.001924,0.002662,8.922468,48.415459,0.00063311
5295833088,203118.4,-0.001,0.180424,0.00121,-0.196289,0.0,0.9221,0.788,0.00169,0.001802,0.003259,9.379866,47.020729,0.00069063
5296619520,203062.3,-0.002394,0.242025,0.001216,-0.193359,0.0,0.9221,0.7862,0.001504,0.001725,0.002261,10.29809,46.296093,0.00076344
5297405952,203004.4,-0.008727,0.250454,0.001147,-0.196289,0.0,0.922,0.7846,0.001476,0.001965,0.002839,10.093796,45.742226,0.00079984
5298192384,202832.0,0.003713,0.215634,0.001108,-0.1875,0.0,0.9219,0.785,0.001873,0.001832,0.003033,8.117581,49.345379,0.00076403
5298978816,202774.6,-0.003017,0.193826,0.001047,-0.174805,0.0,0.9225,0.786,0.001659,0.001932,0.002604,7.976268,49.08075,0.00088704
5299765248,202714.4,-0.006697,0.18904,0.001071,-0.171875,0.0,0.9236,0.7888,0.001627,0.001567,0.002519,8.359903,48.642647,0.00082524
5300551680,202522.9,-0.003923,0.135269,0.001091,-0.175781,0.0,0.924,0.7914,0.001252,0.001475,0.002121,9.435563,46.092735,0.0006791
5301338112,202465.3,0.007516,0.189945,0.001102,-0.174805,0.0,0.9236,0.7895,0.001428,0.001432,0.002595,9.457707,46.519295,0.00067055
5302124544,202407.0,-0.003214,0.215605,0.001064,-0.171875,0.0,0.9236,0.7889,0.001492,0.001526,0.002735,7.633455,49.69445,0.00060959
5302910976,202355.9,-0.004353,0.154689,0.001068,-0.172852,0.0,0.9233,0.788,0.001474,0.001628,0.002808,7.679813,49.731594,0.00063154
5303697408,202138.6,0.00308,0.207919,0.00118,-0.172852,0.0,0.9229,0.7877,0.001436,0.001579,0.002416,8.69439,48.256287,0.00060482
5304483840,202085.1,-0.004242,0.159887,0.001195,-0.172852,0.0,0.9224,0.7859,0.00122,0.001475,0.002105,8.481884,47.039303,0.00065732
5305270272,202026.2,-0.001185,0.203844,0.001214,-0.178711,0.0,0.9223,0.786,0.001511,0.00165,0.002277,9.037064,46.448284,0.00063488
5306056704,201970.2,-0.003488,0.103914,0.0012,-0.171875,0.0,0.9224,0.787,0.001139,0.001219,0.001995,7.272098,49.20628,0.00061658
5306843136,201812.8,0.001923,0.269207,0.001116,-0.192383,0.0,0.9223,0.7848,0.001458,0.001683,0.002649,8.563196,48.859676,0.00060597
5307629568,201757.3,0.006482,0.216835,0.001156,-0.193359,0.0,0.9216,0.7817,0.001289,0.001774,0.002674,8.712194,48.558784,0.0006827
5308416000,201707.2,0.001632,0.223473,0.001126,-0.192383,0.0,0.9215,0.7804,0.00185,0.001647,0.002264,9.260733,48.295906,0.0007169
5309202432,201542.5,0.003652,0.335909,0.001148,-0.193359,0.0,0.9219,0.78,0.001154,0.001509,0.002117,8.747294,45.426052,0.0006959
5309988864,201486.8,-0.003556,0.211869,0.001156,-0.176758,0.0,0.9214,0.7764,0.001116,0.001353,0.002001,7.752173,48.903091,0.00068977
5310775296,201428.9,0.002564,0.17238,0.00118,-0.174805,0.0,0.9215,0.7751,0.00141,0.001769,0.002261,7.573593,49.012936,0.00063301
5311561728,201372.7,0.003531,0.165661,0.001139,-0.169922,0.0,0.9215,0.7748,0.001366,0.001782,0.002117,7.625824,48.745483,0.00066185
5312348160,201203.1,-9.5e-05,0.165507,0.001126,-0.172852,0.0,0.9219,0.774,0.00124,0.001547,0.002986,8.415491,47.997498,0.00059377
5313134592,201150.4,-0.002261,0.124981,0.001091,-0.168945,0.0,0.9219,0.7743,0.001337,0.001656,0.002309,8.431009,46.779278,0.00073507
5313921024,201099.3,-0.00439,0.12758,0.001034,-0.165039,0.0,0.9212,0.7718,0.000971,0.001367,0.001961,8.802065,46.32682,0.00065097
5314707456,200900.4,-0.000402,0.178169,0.001114,-0.169922,0.0,0.9215,0.7716,0.001614,0.001567,0.002559,7.358647,50.677032,0.00062539
5315493888,200849.2,0.006277,0.29054,0.001227,-0.178711,0.0,0.92,0.7648,0.001749,0.001941,0.003049,8.011559,50.02317,0.00073133
5316280320,200798.4,-0.003541,0.230215,0.001153,-0.182617,0.0,0.9193,0.762,0.00132,0.001635,0.002469,8.868213,48.898186,0.0007379
5317066752,200744.4,0.000899,0.208306,0.001187,-0.180664,0.0,0.9184,0.7589,0.001506,0.001692,0.00226,8.756704,48.061272,0.00074156
5317853184,200515.9,0.002275,0.20626,0.001179,-0.163086,0.0,0.9176,0.7567,0.001061,0.001454,0.001966,9.227442,46.825554,0.00075394
5318639616,200465.0,0.000397,0.133623,0.001193,-0.163086,0.0,0.9174,0.7568,0.001354,0.001748,0.002638,7.487952,50.223217,0.00068189
5319426048,200412.7,-0.004833,0.14957,0.001237,-0.163086,0.0,0.9167,0.7548,0.001213,0.00151,0.002246,7.021858,50.095512,0.00063336
5320212480,200242.1,0.00343,0.160143,0.001213,-0.164062,0.0,0.9159,0.754,0.001692,0.001605,0.002532,7.382293,49.796429,0.00056215
5320998912,200188.6,-0.006273,0.140738,0.001177,-0.15918,0.0,0.9169,0.7575,0.001547,0.001107,0.001858,8.212863,48.152111,0.00059151
5321785344,200134.8,-0.004084,0.202351,0.001238,-0.167969,0.0,0.917,0.758,0.001623,0.001765,0.002383,8.159485,48.217285,0.00056837
5322571776,200083.6,-7e-05,0.134549,0.001191,-0.149414,0.0,0.9182,0.7642,0.002063,0.001313,0.002333,7.956879,47.454163,0.00065015
5323358208,199829.4,0.005253,0.208307,0.001105,-0.15918,0.0,0.9185,0.7664,0.001647,0.001497,0.002269,7.501026,50.534512,0.00055573
5324144640,199777.1,-0.000302,0.249608,0.001154,-0.172852,0.0,0.9191,0.7677,0.001535,0.001864,0.002605,7.59255,50.050674,0.00064782
5324931072,199724.0,0.001814,0.142273,0.00117,-0.167969,0.0,0.9195,0.7689,0.001472,0.001341,0.00207,8.163333,49.494637,0.00067087
5325717504,199513.3,-0.001935,0.254396,0.001204,-0.173828,0.0,0.9193,0.7677,0.001291,0.001311,0.001984,8.732868,46.96196,0.000657
5326503936,199457.3,0.004088,0.22494,0.001195,-0.162109,0.0,0.9193,0.7681,0.001229,0.001697,0.002162,8.382762,47.216625,0.00074472
5327290368,199402.9,-0.000601,0.127939,0.001131,-0.161133,0.0,0.9191,0.768,0.001501,0.001532,0.002323,7.006774,50.270702,0.00067999
5328076800,199350.0,0.000533,0.168878,0.001147,-0.168945,0.0,0.9193,0.7713,0.001334,0.001444,0.001972,7.756076,50.260612,0.00057287
5328863232,198700.1,-0.011861,0.194707,0.001122,-0.182617,0.0,0.9199,0.7742,0.001619,0.002096,0.002736,8.8578,49.020077,0.00059593
5329649664,198645.5,-0.00672,0.2238,0.001168,-0.182617,0.0,0.9201,0.7739,0.001847,0.002162,0.002846,9.212616,47.912445,0.00058588
5330436096,198592.7,-1.9e-05,0.205287,0.001154,-0.179688,0.0,0.9203,0.7743,0.001275,0.0015,0.002222,10.060848,47.141609,0.00070113
5331222528,198536.4,-0.001246,0.168665,0.001102,-0.183594,0.0,0.9203,0.7736,0.001571,0.001429,0.002241,9.334229,46.661327,0.00077062
5332008960,198082.8,0.001492,0.144549,0.00113,-0.177734,0.0,0.9202,0.7736,0.002014,0.001593,0.00221,8.531449,49.466835,0.00076798
5332795392,198029.1,-0.00178,0.197636,0.001103,-0.183594,0.0,0.92,0.772,0.002541,0.001711,0.002322,8.109948,49.168633,0.00072821
5333581824,197977.6,-0.001972,0.157541,0.00108,-0.183594,0.0,0.9193,0.7725,0.002959,0.001708,0.002437,8.550758,48.016174,0.0007519
5334368256,197733.1,-0.002938,0.140948,0.00116,-0.177734,0.0,0.9192,0.7748,0.001921,0.001245,0.002324,9.406167,46.76178,0.0007331
5335154688,197679.7,6.6e-05,0.16893,0.001145,-0.174805,0.0,0.9192,0.7772,0.001574,0.001473,0.00215,9.775229,46.797298,0.0008498
5335941120,197625.8,0.003631,0.191576,0.001155,-0.176758,0.0,0.9189,0.779,0.001393,0.001342,0.002247,8.139964,50.200142,0.0008556
5336727552,197574.1,-0.008943,0.085847,0.001169,-0.166992,0.0,0.9187,0.7804,0.001352,0.00136,0.001682,7.97349,49.945854,0.00081717
5337513984,197055.0,-0.005404,0.150196,0.001104,-0.161133,0.0,0.9192,0.7826,0.001767,0.001712,0.002602,8.003713,49.539444,0.00067305
5338300416,197001.3,-0.005767,0.154323,0.001079,-0.15918,0.0,0.9193,0.7829,0.001325,0.001218,0.001809,8.307953,49.08836,0.00071354
5339086848,196948.3,-0.002298,0.157045,0.001084,-0.162109,0.0,0.9191,0.7823,0.001527,0.00146,0.001731,8.331615,48.843224,0.00066352
5339873280,196735.2,0.003754,0.148041,0.00105,-0.166016,0.0,0.9194,0.7829,0.001113,0.00157,0.002165,7.013598,51.840546,0.00061386
5340659712,196683.5,-0.003724,0.165183,0.001098,-0.173828,0.0,0.9193,0.7829,0.001559,0.001673,0.002316,8.20605,50.91449,0.00071822
5341446144,196633.2,-0.003106,0.168087,0.001085,-0.176758,0.0,0.9207,0.7887,0.001477,0.001446,0.002037,8.827208,49.769787,0.00064461
5342232576,196584.2,-0.001327,0.178108,0.001092,-0.182617,0.0,0.9214,0.7917,0.00126,0.001426,0.001714,8.884245,49.246269,0.00073849
5343019008,196424.2,-0.000154,0.280239,0.001223,-0.177734,0.0,0.922,0.794,0.001353,0.001685,0.002681,9.933641,47.078583,0.00063587
5343805440,196377.6,0.003502,0.199109,0.001254,-0.178711,0.0,0.9222,0.7934,0.001362,0.001675,0.002507,7.509057,50.585106,0.00090013
5344591872,196328.0,-0.000102,0.17126,0.001229,-0.175781,0.0,0.9221,0.7938,0.001371,0.001468,0.002437,8.055147,50.332619,0.00071578
5345378304,196183.6,0.000469,0.210965,0.001164,-0.178711,0.0,0.9216,0.7925,0.001576,0.001899,0.00296,8.368598,50.459045,0.00078944
5346164736,196132.1,-0.000838,0.179874,0.001183,-0.166992,0.0,0.9211,0.791,0.001451,0.001578,0.002574,8.376697,49.923965,0.00074844
5346951168,196082.1,0.001517,0.19132,0.001185,-0.165039,0.0,0.9201,0.7888,0.001135,0.001604,0.002587,8.588218,49.604839,0.00087008
5347737600,196032.9,-0.011104,0.146512,0.001137,-0.175781,0.0,0.9192,0.7881,0.001207,0.0015,0.002188,9.746634,47.450314,0.00074187
5348524032,195863.3,-0.002844,0.182396,0.001142,-0.174805,0.0,0.919,0.788,0.002051,0.00181,0.002197,7.374378,50.470715,0.00072979
5349310464,195814.6,-0.00457,0.164927,0.001169,-0.164062,0.0,0.9181,0.7856,0.002689,0.001235,0.002097,7.42964,49.996674,0.00081418
5350096896,195764.2,0.003286,0.155911,0.0012,-0.160156,0.0,0.9177,0.7881,0.001738,0.001519,0.002016,7.620381,49.408073,0.00069813
5350883328,195602.0,0.006642,0.127805,0.001288,-0.15625,0.0,0.9176,0.79,0.002016,0.001155,0.001857,8.579627,47.834007,0.00068903
5351669760,195555.8,0.005066,0.104001,0.001106,-0.158203,0.0,0.9173,0.7912,0.001237,0.001174,0.002261,8.573886,48.031689,0.00061642
5352456192,195509.3,0.003167,0.117483,0.001137,-0.158203,0.0,0.9181,0.7966,0.00108,0.001187,0.00151,7.145952,50.529968,0.00065735
5353242624,195458.8,-0.001615,0.101481,0.001142,-0.158203,0.0,0.9188,0.7986,0.001428,0.001308,0.001924,7.099275,50.923187,0.00061159
5354029056,195282.0,0.003911,0.260878,0.001242,-0.179688,0.0,0.9188,0.7975,0.001386,0.001462,0.002327,9.107159,49.642082,0.00068183
5354815488,195228.9,0.000156,0.217425,0.001341,-0.178711,0.0,0.9191,0.7962,0.002142,0.001663,0.002309,9.254389,48.639648,0.00062562
5355601920,195177.6,-0.001682,0.193328,0.0013,-0.180664,0.0,0.9195,0.7946,0.001528,0.00183,0.002197,8.791321,48.502224,0.00076646
5356388352,195123.9,-0.003671,0.229047,0.001272,-0.178711,0.0,0.92,0.7939,0.001967,0.001628,0.002376,9.296535,47.622234,0.00071233
5357174784,194953.4,-0.003033,0.22774,0.00112,-0.177734,0.0,0.9199,0.7933,0.001686,0.001851,0.002444,7.595569,50.126019,0.00069625
5357961216,194905.8,0.001813,0.136338,0.001143,-0.166016,0.0,0.92,0.7947,0.001167,0.001379,0.002059,8.099852,50.243652,0.00074447
5358747648,194858.5,-0.003006,0.149138,0.001163,-0.173828,0.0,0.9201,0.7966,0.001492,0.00194,0.00243,8.330146,49.938843,0.00072916
5359534080,194675.8,-0.004254,0.10681,0.001129,-0.168945,0.0,0.92,0.7971,0.001095,0.00125,0.00242,9.21168,47.933571,0.00067811
5360320512,194629.3,-0.004271,0.125483,0.001171,-0.161133,0.0,0.9207,0.7977,0.001526,0.001843,0.003455,9.131574,46.975933,0.00069298
5361106944,194583.1,0.003255,0.115378,0.001141,-0.15918,0.0,0.9202,0.7961,0.001229,0.001465,0.002109,7.14312,50.920547,0.00064193
5361893376,194536.3,-0.001209,0.173167,0.001118,-0.167969,0.0,0.9215,0.799,0.001167,0.001544,0.002025,7.507013,49.934669,0.00056565
5362679808,194343.7,0.002662,0.242622,0.001243,-0.170898,0.0,0.9213,0.7982,0.002099,0.002035,0.003132,8.503242,50.033508,0.00062127
5363466240,194294.8,-0.004117,0.121302,0.001166,-0.161133,0.0,0.9215,0.7979,0.002225,0.001566,0.00243,8.613599,49.432312,0.00068776
5364252672,194248.4,0.000595,0.16565,0.001201,-0.162109,0.0,0.9215,0.7966,0.00152,0.001336,0.001939,8.606218,48.669567,0.00078605
5365039104,194082.2,-0.000703,0.183167,0.001195,-0.166016,0.0,0.9217,0.7975,0.001099,0.001219,0.0019,7.698747,51.375053,0.00072762
5365825536,194032.9,-0.006189,0.149554,0.00116,-0.171875,0.0,0.9223,0.7976,0.001263,0.001756,0.002141,7.681146,51.281326,0.00076703
5366611968,193982.0,0.002874,0.197134,0.001167,-0.179688,0.0,0.9228,0.7985,0.001458,0.001967,0.00322,8.428556,50.143181,0.00068569
5367398400,193931.6,-0.003282,0.113067,0.001235,-0.175781,0.0,0.923,0.7986,0.001605,0.001564,0.002413,8.791751,49.429192,0.00073779
5368184832,193488.3,-0.003432,0.203984,0.001208,-0.177734,0.0,0.9232,0.7976,0.001386,0.001686,0.002476,9.035377,47.258171,0.00067937
5368971264,193438.7,0.000365,0.195745,0.001111,-0.169922,0.0,0.9236,0.7991,0.001198,0.001372,0.002088,7.691312,50.352215,0.00065359
5369757696,193384.9,0.002899,0.207515,0.001146,-0.172852,0.0,0.924,0.7998,0.001445,0.001626,0.002216,7.659963,50.495216,0.00074453
5370544128,193002.2,0.005825,0.246455,0.001163,-0.178711,0.0,0.9245,0.8025,0.001246,0.001693,0.002121,8.649824,51.447311,0.00068451
5371330560,192955.5,-0.000665,0.179494,0.001365,-0.178711,0.0,0.9256,0.8035,0.001657,0.002079,0.002964,8.597522,49.8106,0.00065854
5372116992,192910.0,-0.000318,0.26309,0.001174,-0.189453,0.0,0.9272,0.8045,0.001355,0.001972,0.003028,9.289335,48.659813,0.00078897
5372903424,192863.4,0.00154,0.243417,0.001182,-0.189453,0.0,0.928,0.8053,0.001483,0.001876,0.003183,10.09456,47.703972,0.00080527
5373689856,192700.9,0.004459,0.164017,0.001236,-0.173828,0.0,0.9278,0.8036,0.001187,0.001597,0.003029,7.757495,51.343292,0.00092383
5374476288,192652.8,-0.000229,0.151281,0.00121,-0.168945,0.0,0.9277,0.8043,0.001124,0.001334,0.002105,8.018491,50.54586,0.00091813
5375262720,192601.5,-0.000767,0.14963,0.001322,-0.166992,0.0,0.9277,0.8048,0.001203,0.001342,0.002085,8.338542,49.901043,0.00072489
5376049152,192457.2,0.000889,0.147002,0.001301,-0.166016,0.0,0.9274,0.8047,0.001186,0.001137,0.002397,8.707973,47.307976,0.0007558
5376835584,192410.7,-0.002893,0.168579,0.001168,-0.168945,0.0,0.9267,0.8017,0.001159,0.001494,0.002295,8.934397,47.767021,0.00069123
5377622016,192362.0,-0.000287,0.15579,0.001175,-0.167969,0.0,0.9262,0.7999,0.001087,0.001444,0.002126,7.435874,51.194881,0.00073095
5378408448,192311.3,-8.6e-05,0.207492,0.001153,-0.178711,0.0,0.9251,0.7957,0.000918,0.001489,0.002,7.974771,51.021362,0.00076157
5379194880,192155.4,0.003122,0.271448,0.001181,-0.168945,0.0,0.9245,0.7928,0.001513,0.001695,0.002265,7.720207,50.490387,0.00075296
5379981312,192102.9,0.000101,0.150292,0.001228,-0.160156,0.0,0.9237,0.7885,0.001744,0.001524,0.002261,7.9234,49.470516,0.00068828
5380767744,192050.4,-0.000214,0.194668,0.001261,-0.160156,0.0,0.9233,0.7897,0.001217,0.001255,0.00275,8.328207,48.644012,0.0006881
5381554176,192001.9,-0.000831,0.088672,0.001189,-0.152344,0.0,0.9226,0.7909,0.001115,0.001335,0.001849,8.318208,47.994469,0.0006135
5382340608,191845.1,-0.002172,0.160979,0.001303,-0.177734,0.0,0.9225,0.7921,0.00161,0.001937,0.002863,7.310578,51.007881,0.000633
5383127040,191796.3,0.00272,0.192617,0.001283,-0.179688,0.0,0.9223,0.7932,0.001485,0.001897,0.002451,8.622443,50.308773,0.00063939
5383913472,191750.4,0.003825,0.184562,0.001243,-0.176758,0.0,0.9225,0.7942,0.001305,0.001722,0.002685,8.784836,49.592144,0.00074032
5384699904,191584.5,-0.001967,0.189153,0.001214,-0.177734,0.0,0.9224,0.7933,0.001114,0.001475,0.002218,9.002331,46.792625,0.00073933
5385486336,191537.7,0.004704,0.159773,0.00113,-0.167969,0.0,0.922,0.7931,0.001128,0.001234,0.002367,8.885427,45.704926,0.0006292
5386272768,191491.3,-0.001638,0.177164,0.001175,-0.172852,0.0,0.9219,0.7929,0.001328,0.001429,0.002058,7.459407,50.387527,0.00059235
5387059200,191444.9,-0.000212,0.063307,0.001131,-0.166992,0.0,0.9214,0.7938,0.001231,0.001375,0.002239,7.370706,49.880211,0.00066276
5387845632,191298.1,0.001821,0.158076,0.001189,-0.176758,0.0,0.9207,0.7927,0.001678,0.001475,0.002536,8.531698,49.670166,0.00058621
5388632064,191253.9,0.002096,0.186245,0.00116,-0.173828,0.0,0.9198,0.791,0.001085,0.001441,0.002164,8.349381,48.669823,0.00075682
5389418496,191210.4,-0.002268,0.128533,0.001282,-0.174805,0.0,0.9202,0.7948,0.001218,0.001101,0.001985,9.043297,47.915581,0.00067993
5390204928,191041.8,-0.000468,0.159526,0.001282,-0.178711,0.0,0.9193,0.7933,0.001686,0.001536,0.002562,7.567385,50.849224,0.00068477
5390991360,190998.3,0.005051,0.24899,0.001256,-0.179688,0.0,0.9188,0.7912,0.001169,0.001651,0.002602,8.210033,50.562103,0.00075954
5391777792,190954.8,-0.00019,0.152298,0.001339,-0.176758,0.0,0.9183,0.7912,0.001021,0.00164,0.002002,8.323089,50.070518,0.00070946
5392564224,190911.0,-0.002818,0.208457,0.00139,-0.181641,0.0,0.9176,0.7893,0.001615,0.001479,0.002312,8.831039,49.48904,0.00069354
5393350656,190751.5,0.000811,0.100858,0.001361,-0.173828,0.0,0.9167,0.7888,0.001379,0.001352,0.002151,9.326847,47.794674,0.00063315
5394137088,190706.8,-0.009307,0.166362,0.001237,-0.172852,0.0,0.9168,0.7883,0.000987,0.001502,0.002006,8.424,48.660233,0.00061836
5394923520,190662.4,-0.003694,0.123727,0.00125,-0.167969,0.0,0.9163,0.789,0.001583,0.001062,0.001553,7.790456,50.496635,0.00070656
5395709952,190505.8,0.001291,0.172869,0.001199,-0.177734,0.0,0.9166,0.7915,0.001211,0.00146,0.002046,7.609294,50.616787,0.00065473
5396496384,190462.4,-0.004618,0.125558,0.001366,-0.168945,0.0,0.916,0.7914,0.001233,0.001426,0.002513,8.640141,49.225796,0.00069698
5397282816,190418.7,0.000843,0.153514,0.001364,-0.170898,0.0,0.915,0.7895,0.001466,0.001639,0.001988,8.45749,49.02879,0.00070916
5398069248,190373.3,-0.009577,0.136324,0.00133,-0.179688,0.0,0.9149,0.7909,0.001432,0.001571,0.002294,8.996913,48.282684,0.00065717
5398855680,190216.9,0.001675,0.130984,0.001269,-0.178711,0.0,0.9142,0.7906,0.001559,0.001859,0.002531,8.357716,50.438583,0.00063367
5399642112,190169.2,-0.002893,0.15379,0.001187,-0.176758,0.0,0.9144,0.7936,0.001399,0.001792,0.002257,8.478679,50.068604,0.00068912
5400428544,190120.0,-0.006556,0.142156,0.001196,-0.18457,0.0,0.9153,0.7966,0.001594,0.001719,0.002134,8.861644,49.272369,0.00068117
5401214976,189949.4,-0.007549,0.179097,0.001263,-0.181641,0.0,0.9159,0.7958,0.001186,0.001527,0.002406,8.909707,46.385571,0.00063746
5402001408,189900.9,-0.007193,0.138949,0.001117,-0.165039,0.0,0.916,0.7948,0.001544,0.001422,0.001963,8.677597,47.453094,0.00077706
5402787840,189857.0,-0.001088,0.141956,0.001119,-0.168945,0.0,0.9161,0.7942,0.001723,0.001437,0.002037,7.459926,49.884422,0.00063552
5403574272,189809.2,-0.004395,0.147978,0.001003,-0.173828,0.0,0.9164,0.7955,0.001581,0.001734,0.002375,7.804334,49.555733,0.00061607
5404360704,189618.4,0.006013,0.192925,0.00118,-0.178711,0.0,0.9166,0.7961,0.001775,0.001751,0.002211,8.689848,48.935829,0.00059435
5405147136,189574.5,4.7e-05,0.11392,0.001258,-0.174805,0.0,0.917,0.7978,0.001219,0.001344,0.002025,8.26825,48.607056,0.00057073
5405933568,189530.6,-0.002416,0.178901,0.00118,-0.180664,0.0,0.9177,0.7994,0.001514,0.001672,0.001881,9.006949,47.615715,0.00068304
5406720000,189485.4,-0.000818,0.196792,0.001198,-0.180664,0.0,0.9182,0.8,0.001208,0.001514,0.001946,9.338837,47.168381,0.0007453
5407506432,189315.7,-0.003163,0.221989,0.001238,-0.191406,0.0,0.918,0.7991,0.00139,0.001807,0.002717,8.518528,49.291656,0.00062326
5408292864,189272.3,-0.001115,0.306567,0.001207,-0.199219,0.0,0.9187,0.7979,0.001232,0.002213,0.002357,9.188743,48.515167,0.00070152
5409079296,189226.0,0.00216,0.240076,0.001248,-0.185547,0.0,0.9195,0.799,0.001693,0.001636,0.002326,9.358658,48.688446,0.00071539
5409865728,189049.6,0.001252,0.238999,0.001284,-0.193359,0.0,0.9194,0.7985,0.001731,0.001702,0.002212,9.603983,47.626415,0.000657
5410652160,189006.6,-0.004261,0.236527,0.001242,-0.202148,0.0,0.92,0.7988,0.001959,0.002138,0.00254,9.475951,47.465805,0.00088862
5411438592,188963.4,-0.003785,0.184959,0.001234,-0.191406,0.0,0.9201,0.7977,0.001284,0.001848,0.002265,8.59771,50.011971,0.00063516
5412225024,188915.1,0.000403,0.252044,0.001196,-0.203125,0.0,0.9208,0.797,0.001791,0.001985,0.003003,8.926269,49.677681,0.00078042
5413011456,188733.8,-0.000137,0.168499,0.001252,-0.189453,0.0,0.9218,0.7972,0.001637,0.001767,0.002594,8.886025,49.013821,0.00077611
5413797888,188685.7,-0.003595,0.129077,0.001256,-0.172852,0.0,0.9229,0.8002,0.00146,0.00154,0.002135,8.983287,48.581413,0.00067398
5414584320,188639.3,-0.00509,0.117593,0.00121,-0.171875,0.0,0.9236,0.8008,0.001382,0.00152,0.001729,8.830542,48.374889,0.00061865
5415370752,188481.0,-0.004364,0.204574,0.001201,-0.175781,0.0,0.9237,0.8009,0.001326,0.001682,0.002248,8.924831,49.912735,0.0006991
5416157184,188434.3,-0.006782,0.160911,0.001112,-0.175781,0.0,0.9252,0.8038,0.00147,0.001675,0.002523,7.921019,50.763718,0.0006755
5416943616,188391.1,0.000663,0.152746,0.001111,-0.181641,0.0,0.9261,0.8052,0.001284,0.001546,0.002339,9.003659,50.326183,0.00057077
5417730048,188348.9,-0.003844,0.172467,0.001145,-0.1875,0.0,0.9273,0.8066,0.001784,0.001729,0.002597,8.911528,49.763653,0.00060037
5418516480,188187.0,0.003937,0.198769,0.001166,-0.185547,0.0,0.9279,0.8065,0.00104,0.001598,0.002021,10.093943,47.816433,0.00057227
5419302912,188145.2,-0.008894,0.1717,0.001129,-0.181641,0.0,0.9281,0.8059,0.001284,0.001607,0.002398,9.276606,47.615189,0.00058151
5420089344,188103.7,-0.002017,0.086672,0.001189,-0.167969,0.0,0.929,0.8087,0.000954,0.001336,0.001711,8.166903,50.640617,0.00074342
5420875776,187940.5,0.004859,0.118749,0.00115,-0.169922,0.0,0.9292,0.8083,0.001176,0.001239,0.002478,7.81761,51.541473,0.00058711
5421662208,187894.2,-0.004107,0.184461,0.001107,-0.171875,0.0,0.9297,0.8087,0.001594,0.001686,0.002542,8.095766,50.48698,0.00061366
5422448640,187848.6,-0.005492,0.158052,0.001149,-0.169922,0.0,0.9304,0.8111,0.001473,0.001611,0.00232,8.653881,49.686424,0.00067493
5423235072,187804.9,-0.003494,0.120812,0.001161,-0.168945,0.0,0.9309,0.8129,0.00132,0.001561,0.002375,9.079146,49.285973,0.00058434
5424021504,187655.0,-0.001526,0.170713,0.001125,-0.169922,0.0,0.9308,0.8125,0.001167,0.001532,0.002288,7.378245,51.200058,0.00056023
5424807936,187611.6,0.001135,0.189108,0.001169,-0.168945,0.0,0.9313,0.8125,0.001448,0.00174,0.002399,7.475153,51.494553,0.00066248
5425594368,187564.8,0.00288,0.150244,0.001157,-0.169922,0.0,0.9313,0.8124,0.001795,0.001928,0.002495,8.05736,50.877129,0.00058173
5426380800,187408.8,-0.001316,0.175246,0.001182,-0.173828,0.0,0.9316,0.8137,0.001078,0.001356,0.002172,8.618021,49.065903,0.00059285
5427167232,187361.4,0.000315,0.187043,0.001246,-0.166992,0.0,0.9317,0.8121,0.002396,0.001841,0.002517,9.606483,49.129852,0.00066391
5427953664,187313.0,0.002661,0.197391,0.001213,-0.166992,0.0,0.9319,0.8109,0.002181,0.002111,0.002826,7.761689,52.021328,0.00064747
5428740096,187264.2,0.002387,0.209274,0.001157,-0.174805,0.0,0.9323,0.8102,0.001365,0.001527,0.002205,8.055334,51.821163,0.00067484
5429526528,187109.6,0.003064,0.205848,0.001115,-0.177734,0.0,0.9324,0.8112,0.001481,0.00161,0.002583,8.548681,51.387474,0.00065301
5430312960,187066.3,-0.000714,0.209323,0.001104,-0.186523,0.0,0.9324,0.8096,0.001642,0.002395,0.002851,9.278819,50.240784,0.00067841
5431099392,187023.6,-0.002828,0.180818,0.001101,-0.181641,0.0,0.9318,0.8083,0.001367,0.00186,0.002358,8.955074,49.742535,0.00072711
5431885824,186841.5,-0.003889,0.198827,0.001122,-0.173828,0.0,0.9317,0.809,0.001657,0.001709,0.002664,9.482144,49.080704,0.00080119
5432672256,186797.7,-0.003907,0.163199,0.001245,-0.174805,0.0,0.9313,0.8086,0.002419,0.00205,0.0025,7.635063,52.376488,0.00075423
5433458688,186756.0,0.00366,0.190086,0.001196,-0.165039,0.0,0.931,0.8092,0.003133,0.001787,0.001739,7.803704,51.886909,0.00092605
5434245120,186712.9,0.00188,0.118826,0.001279,-0.155273,0.0,0.9305,0.809,0.001609,0.001594,0.00202,7.652178,51.52813,0.00079937
5435031552,186547.4,0.007125,0.156658,0.001262,-0.160156,0.0,0.9309,0.8108,0.001841,0.001612,0.0025,8.537519,50.601257,0.00051944
5435817984,186505.8,-0.001425,0.153233,0.001309,-0.149414,0.0,0.931,0.813,0.001062,0.001234,0.001472,8.400719,50.05917,0.00058618
5436604416,186464.7,-0.002409,0.112994,0.00122,-0.143555,0.0,0.9315,0.8158,0.001383,0.001584,0.002602,7.126682,52.524025,0.00061692
5437390848,186423.2,-0.002671,0.148569,0.001218,-0.157227,0.0,0.9323,0.8191,0.001419,0.001747,0.002361,7.183293,52.077419,0.00065826
5438177280,186238.9,0.006357,0.28904,0.001232,-0.167969,0.0,0.9321,0.8172,0.00133,0.001769,0.0029,8.321883,50.443512,0.00066154
5438963712,186197.6,-0.002799,0.131512,0.001227,-0.15625,0.0,0.9316,0.8144,0.001649,0.001477,0.002604,7.952873,49.743347,0.00060123
5439750144,186152.7,-0.003708,0.148308,0.001192,-0.152344,0.0,0.932,0.8151,0.001096,0.001479,0.002137,8.142728,50.075218,0.00058553
5440536576,185998.9,0.004353,0.204411,0.001264,-0.161133,0.0,0.9321,0.813,0.001077,0.001516,0.002021,6.886446,52.477257,0.00061543
5441323008,185954.3,0.000456,0.153847,0.001194,-0.15918,0.0,0.9317,0.8121,0.001372,0.001358,0.001944,7.21217,52.488914,0.00057062
5442109440,185907.3,0.010676,0.201031,0.001269,-0.160156,0.0,0.9313,0.8103,0.001368,0.001403,0.002268,7.711576,51.88131,0.00053366
5442895872,185862.6,0.000431,0.185129,0.001262,-0.164062,0.0,0.931,0.8082,0.001651,0.001422,0.001898,7.970665,50.866253,0.00059241
5443682304,185691.4,-0.005475,0.153344,0.001227,-0.166992,0.0,0.9306,0.8078,0.001649,0.001664,0.002507,8.547969,49.382133,0.00071029
5444468736,185650.4,0.00072,0.131778,0.001128,-0.158203,0.0,0.9305,0.8082,0.001362,0.001236,0.001734,9.34392,48.155544,0.00076069
5445255168,185605.2,0.000792,0.079791,0.001142,-0.15625,0.0,0.9302,0.8076,0.00101,0.001297,0.001802,7.080164,51.564987,0.00066645
5446041600,185428.0,0.000642,0.163272,0.001166,-0.162109,0.0,0.9302,0.8083,0.000957,0.001197,0.001855,7.931694,52.451,0.00067829
5446828032,185381.0,-0.003984,0.159641,0.001126,-0.169922,0.0,0.9302,0.8066,0.001395,0.001715,0.002245,7.932097,51.012512,0.00061461
5447614464,185336.6,0.002848,0.188536,0.001173,-0.168945,0.0,0.9297,0.8069,0.001127,0.001595,0.001995,8.67779,50.121441,0.00062854
5448400896,185290.1,-0.003095,0.085751,0.001178,-0.161133,0.0,0.9295,0.8064,0.000939,0.001368,0.001718,8.57465,49.662132,0.00078195
5449187328,185143.7,0.001727,0.236974,0.001183,-0.176758,0.0,0.9295,0.8055,0.001481,0.001458,0.002439,7.565665,51.737236,0.00071959
5449973760,185096.4,-0.004376,0.120543,0.001179,-0.165039,0.0,0.9293,0.806,0.001737,0.00124,0.002109,7.603927,51.687668,0.00074131
5450760192,185049.6,-0.00395,0.207305,0.001194,-0.180664,0.0,0.9286,0.8053,0.001388,0.001697,0.0019,8.997611,50.769745,0.00074758
5451546624,184895.5,0.001593,0.17589,0.001219,-0.177734,0.0,0.9287,0.8047,0.001374,0.001344,0.002051,8.948748,49.155853,0.00072696
5452333056,184850.7,-0.010732,0.115114,0.00119,-0.176758,0.0,0.9289,0.8055,0.001064,0.001433,0.001853,9.336783,48.995262,0.00083582
5453119488,184809.8,0.002222,0.226533,0.001209,-0.178711,0.0,0.9294,0.8071,0.001664,0.001752,0.001854,8.841169,49.009941,0.00081116
5453905920,184769.3,-0.002221,0.116173,0.001157,-0.172852,0.0,0.9293,0.8083,0.001182,0.00162,0.002,7.861103,51.462738,0.00083645
5454692352,184631.3,-0.005101,0.204939,0.001163,-0.179688,0.0,0.9299,0.8109,0.001274,0.001789,0.00265,7.832007,51.240814,0.00076124
5455478784,184587.5,-0.003711,0.172433,0.001149,-0.173828,0.0,0.9308,0.8119,0.001602,0.001514,0.002323,8.952312,50.660809,0.00077045
5456265216,184542.4,-0.003204,0.199416,0.001151,-0.176758,0.0,0.9314,0.8117,0.001373,0.001544,0.002528,9.222765,49.755371,0.00079925
5457051648,184404.7,-0.00305,0.170411,0.00118,-0.167969,0.0,0.932,0.8124,0.001301,0.001292,0.001995,9.127253,47.333702,0.00071435
5457838080,184359.5,0.003498,0.127006,0.001219,-0.167969,0.0,0.9316,0.8121,0.001352,0.002119,0.002428,7.2231,52.185669,0.00075656
5458624512,184320.4,-0.000234,0.235992,0.001209,-0.174805,0.0,0.9312,0.8114,0.001142,0.001262,0.00221,8.089702,51.716118,0.00075602
5459410944,184280.8,0.003722,0.263182,0.001294,-0.176758,0.0,0.9305,0.808,0.001297,0.001486,0.002145,8.735134,51.165611,0.00074584
5460197376,184127.9,0.00292,0.258072,0.001224,-0.180664,0.0,0.93,0.8054,0.0014,0.001695,0.002671,9.077019,50.305588,0.00085238
5460983808,184082.3,0.000353,0.166913,0.001199,-0.169922,0.0,0.9295,0.8035,0.001106,0.001563,0.002098,9.5995,49.207481,0.00074635
5461770240,184040.2,0.005252,0.194255,0.001299,-0.168945,0.0,0.929,0.8014,0.000846,0.001423,0.001906,8.251418,51.906296,0.0007914
5462556672,183995.6,-0.001212,0.217163,0.001136,-0.168945,0.0,0.9291,0.8008,0.00119,0.001468,0.001929,7.434362,52.117413,0.00075634
5463343104,183824.9,0.000904,0.179513,0.001185,-0.169922,0.0,0.929,0.8,0.00103,0.001487,0.002637,7.710112,51.915977,0.00073854
5464129536,183783.6,0.001245,0.197625,0.001203,-0.169922,0.0,0.9289,0.8004,0.001367,0.001611,0.002013,8.667393,50.965698,0.00078971
5464915968,183741.4,-0.000548,0.162591,0.001195,-0.166016,0.0,0.9283,0.7978,0.001191,0.00162,0.002448,9.040214,50.279243,0.00078761
5465702400,183598.5,-7e-05,0.155801,0.001164,-0.166992,0.0,0.9287,0.7997,0.001354,0.001424,0.002278,7.281466,52.510948,0.00086104
5466488832,183558.3,0.001352,0.176661,0.0012,-0.177734,0.0,0.9285,0.8011,0.002005,0.001583,0.002803,8.10615,52.250805,0.00082704
5467275264,183519.1,-0.002341,0.19498,0.001294,-0.177734,0.0,0.928,0.8011,0.001567,0.001618,0.002806,8.358421,51.728786,0.00077369
5468061696,183477.0,-0.004159,0.125506,0.001306,-0.177734,0.0,0.9271,0.799,0.001194,0.001389,0.002611,8.345522,51.033356,0.00080947
5468848128,183330.8,-0.002372,0.208513,0.001167,-0.177734,0.0,0.9275,0.802,0.001227,0.001527,0.002077,9.309052,48.854961,0.00073285
5469634560,183289.6,-0.003691,0.151634,0.001093,-0.165039,0.0,0.9276,0.8027,0.001138,0.001179,0.001839,9.688035,48.588867,0.00080448
5470420992,183244.4,-0.010779,0.106009,0.001187,-0.166016,0.0,0.927,0.8023,0.000964,0.001226,0.001768,7.865403,51.654114,0.00071333
5471207424,183094.0,-0.006258,0.169297,0.001252,-0.175781,0.0,0.9269,0.8016,0.001388,0.001533,0.00209,8.003809,52.767056,0.00065845
5471993856,183050.7,-0.001525,0.164541,0.001264,-0.176758,0.0,0.9264,0.7989,0.001394,0.001758,0.002391,8.356674,51.489983,0.00063461
5472780288,183004.6,0.001987,0.176986,0.00124,-0.174805,0.0,0.9273,0.8011,0.001126,0.001551,0.001971,9.047442,50.500084,0.00077431
5473566720,182960.5,-0.004542,0.197785,0.001246,-0.183594,0.0,0.9272,0.7959,0.001605,0.001677,0.002633,9.319237,49.548615,0.00074058
5474353152,182824.0,-0.005875,0.169529,0.001181,-0.177734,0.0,0.9275,0.7985,0.001422,0.001363,0.002021,8.274547,51.759014,0.00072549
5475139584,182785.0,0.002182,0.21209,0.001153,-0.175781,0.0,0.9267,0.7948,0.000985,0.00138,0.001952,7.809835,51.874229,0.00088066
5475926016,182740.5,-0.00157,0.170179,0.001215,-0.168945,0.0,0.9264,0.7937,0.001589,0.001434,0.001759,8.630315,51.296352,0.0008794
5476712448,182592.5,0.004536,0.232809,0.001205,-0.169922,0.0,0.9266,0.7946,0.000873,0.001177,0.001625,8.00651,49.967613,0.00070266
5477498880,182549.8,-0.001877,0.128275,0.001276,-0.157227,0.0,0.9261,0.793,0.00129,0.001357,0.002013,8.364403,49.662842,0.0007351
5478285312,182510.4,-0.005537,0.132036,0.001345,-0.158203,0.0,0.926,0.7936,0.001021,0.001206,0.001614,8.915259,49.137909,0.00072805
5479071744,182471.0,0.001098,0.134634,0.001276,-0.15625,0.0,0.9258,0.7936,0.001203,0.001552,0.002102,6.958681,52.615948,0.00077329
5479858176,182253.3,-0.001497,0.161735,0.001335,-0.172852,0.0,0.9249,0.7913,0.00151,0.001701,0.002571,7.770297,51.789806,0.00065852
5480644608,182211.3,0.000912,0.28715,0.001396,-0.188477,0.0,0.9237,0.7868,0.001173,0.001601,0.002324,8.762616,50.435081,0.00069235
5481431040,182161.4,-0.001944,0.30715,0.001372,-0.191406,0.0,0.923,0.7844,0.00121,0.001612,0.002246,9.310763,49.405743,0.0008108
5482217472,181659.3,0.002506,0.22443,0.001347,-0.182617,0.0,0.922,0.7827,0.001462,0.001506,0.002033,10.490507,46.337902,0.00087448
5483003904,181615.1,0.00789,0.156603,0.001171,-0.177734,0.0,0.9214,0.7822,0.00146,0.001434,0.002116,7.932437,51.849621,0.00079615
5483790336,181573.0,-0.002772,0.143031,0.00116,-0.174805,0.0,0.9219,0.7841,0.001079,0.001282,0.002392,8.028644,51.760277,0.00075744
5484576768,181532.2,-0.002272,0.18533,0.001229,-0.168945,0.0,0.9228,0.7869,0.001002,0.001509,0.001984,8.993089,51.303978,0.00065996
5485363200,181166.0,0.005234,0.202691,0.00125,-0.167969,0.0,0.9232,0.7887,0.001202,0.001481,0.002368,8.296726,50.12719,0.00071944
5486149632,181123.1,-0.002054,0.145065,0.00124,-0.160156,0.0,0.9242,0.7928,0.001333,0.001145,0.001649,8.634931,49.434032,0.0007058
5486936064,181079.8,-0.001779,0.096546,0.001199,-0.154297,0.0,0.9247,0.7957,0.000996,0.001027,0.001782,8.263315,51.387909,0.0006687
5487722496,181041.9,0.002028,0.177367,0.00127,-0.162109,0.0,0.9243,0.795,0.00101,0.001218,0.002208,8.249486,51.933411,0.00062602
5488508928,180703.7,0.000512,0.215998,0.001182,-0.172852,0.0,0.9251,0.7974,0.00151,0.001766,0.00211,8.125983,51.847946,0.00068904
5489295360,180666.2,0.002594,0.151699,0.001302,-0.166992,0.0,0.9251,0.7978,0.001246,0.001501,0.002073,8.452736,51.547722,0.00074404
5490081792,180628.1,0.003649,0.101134,0.001213,-0.169922,0.0,0.9259,0.8009,0.001075,0.001303,0.00162,8.689051,51.003059,0.00074862
5490868224,180335.4,0.002548,0.13927,0.001222,-0.166016,0.0,0.9264,0.8024,0.00107,0.001064,0.001616,7.849346,52.298981,0.00072732
5491654656,180295.0,-0.005162,0.13735,0.001185,-0.163086,0.0,0.9267,0.8033,0.001386,0.001353,0.002344,7.529496,52.812481,0.0007586
5492441088,180255.1,-0.007314,0.100223,0.001317,-0.168945,0.0,0.9271,0.8045,0.00103,0.001266,0.001397,8.226947,51.978069,0.0006982
5493227520,180217.0,-0.00307,0.111048,0.001215,-0.169922,0.0,0.928,0.8087,0.000938,0.001238,0.002023,8.59893,50.886276,0.00064493
5494013952,180073.7,0.000678,0.139928,0.001249,-0.179688,0.0,0.9277,0.8072,0.001177,0.001432,0.001781,9.956487,50.019897,0.00072856
5494800384,180033.7,0.001623,0.232355,0.001164,-0.188477,0.0,0.9277,0.8073,0.001755,0.001452,0.001626,10.456008,49.418198,0.00080965
5495586816,179993.7,0.004835,0.21142,0.001186,-0.183594,0.0,0.9278,0.8038,0.001035,0.001315,0.002138,8.112765,52.024948,0.00103353
5496373248,179759.9,0.001229,0.255074,0.001183,-0.194336,0.0,0.9277,0.8025,0.001078,0.001543,0.001869,8.283558,52.212307,0.00088411
5497159680,179719.3,0.000887,0.151862,0.001269,-0.182617,0.0,0.9276,0.8032,0.000987,0.001293,0.001939,8.941784,50.469154,0.0009048
5497946112,179677.5,-0.001904,0.169305,0.001361,-0.183594,0.0,0.9275,0.8033,0.001265,0.001523,0.002122,9.206569,50.396675,0.00090083
5498732544,179623.4,0.007705,0.159403,0.001238,-0.174805,0.0,0.927,0.8029,0.001419,0.001417,0.002019,9.530462,48.972893,0.0007991
5499518976,179434.7,-0.001809,0.173288,0.001227,-0.173828,0.0,0.9268,0.8049,0.001124,0.001594,0.002076,8.171234,51.808502,0.00076943
5500305408,179397.0,-0.002821,0.105584,0.001179,-0.167969,0.0,0.9267,0.8049,0.00121,0.001237,0.002148,7.890685,51.653133,0.0006906
5501091840,179359.9,0.004676,0.127281,0.001173,-0.166992,0.0,0.9275,0.8084,0.00106,0.001299,0.001789,7.802886,51.405174,0.00071705
5501878272,175760.6,0.004728,0.111091,0.001226,-0.173828,0.0,0.9281,0.8118,0.001149,0.001166,0.001695,8.741659,49.856869,0.00061709
5502664704,175726.5,-0.002627,0.1899,0.001231,-0.169922,0.0,0.9279,0.8101,0.00135,0.001298,0.002174,9.560966,49.568184,0.00079781
5503451136,175692.6,-0.000311,0.179305,0.001202,-0.176758,0.0,0.9269,0.8078,0.001302,0.001867,0.002384,9.477039,48.562878,0.00084985
5504237568,175659.1,-0.002166,0.138818,0.001163,-0.175781,0.0,0.9268,0.8079,0.001304,0.001375,0.001869,7.979309,51.827221,0.00073178
5505024000,175514.8,0.00233,0.168231,0.001122,-0.175781,0.0,0.926,0.8069,0.001479,0.001815,0.002421,8.705702,51.9165,0.00080309
5505810432,175480.5,-0.002044,0.247418,0.001104,-0.174805,0.0,0.9263,0.8057,0.00127,0.00169,0.00264,8.972798,51.382107,0.00091377
5506596864,175446.9,0.003382,0.238501,0.001126,-0.18457,0.0,0.9265,0.807,0.001389,0.001896,0.002273,9.195107,50.242889,0.0008218
5507383296,175305.9,-0.003857,0.239757,0.0012,-0.183594,0.0,0.9268,0.8092,0.001281,0.001841,0.001951,11.18327,46.119564,0.00083315
5508169728,175272.4,-0.002415,0.221825,0.001294,-0.178711,0.0,0.9271,0.8091,0.00127,0.001671,0.002504,7.755598,52.193214,0.00110952
5508956160,175239.4,0.002288,0.12678,0.00122,-0.179688,0.0,0.9275,0.8091,0.001641,0.001671,0.002671,8.120379,52.138458,0.00090226
5509742592,175206.2,0.002943,0.200613,0.001226,-0.179688,0.0,0.9275,0.8077,0.001423,0.001298,0.001933,8.642556,51.72337,0.00085475
5510529024,175063.3,0.00079,0.188888,0.001237,-0.185547,0.0,0.9269,0.8045,0.001257,0.001447,0.002178,10.114653,50.127228,0.00087603
5511315456,175028.9,-0.001932,0.187678,0.00116,-0.189453,0.0,0.9268,0.8029,0.001188,0.001469,0.001908,10.194015,48.974209,0.00081289
5512101888,174994.5,-0.00294,0.188641,0.001156,-0.188477,0.0,0.9265,0.7999,0.001243,0.00138,0.00199,9.915961,48.703259,0.00082334
5512888320,174960.4,-0.000414,0.241329,0.001119,-0.194336,0.0,0.9257,0.7966,0.001227,0.001612,0.002079,8.006985,52.062897,0.00096365
5513674752,174805.4,-0.002174,0.239564,0.001168,-0.182617,0.0,0.9248,0.7916,0.001609,0.001792,0.0029,8.650433,50.880951,0.00077265
5514461184,174771.1,0.005871,0.142782,0.001126,-0.177734,0.0,0.9247,0.7905,0.001294,0.00193,0.002146,8.76772,50.660149,0.00071231
5515247616,174736.7,-0.001347,0.14157,0.001119,-0.175781,0.0,0.924,0.7893,0.001295,0.001672,0.002374,9.214393,50.016369,0.00089795
5516034048,174569.2,-0.007043,0.200506,0.001132,-0.179688,0.0,0.9238,0.7881,0.001124,0.001377,0.002155,9.910644,48.369911,0.00077473
5516820480,174535.5,0.00216,0.165441,0.001105,-0.176758,0.0,0.9234,0.787,0.001324,0.001454,0.003071,8.154887,52.185013,0.00076131
5517606912,174502.2,-0.002349,0.154078,0.001185,-0.180664,0.0,0.9232,0.7864,0.001419,0.001554,0.00241,8.366679,51.52964,0.00093728
5518393344,174468.1,0.002084,0.145509,0.001236,-0.182617,0.0,0.9222,0.7845,0.001121,0.00132,0.002187,9.131197,50.585327,0.00084376
5519179776,174308.4,0.000608,0.248109,0.001182,-0.177734,0.0,0.9214,0.7834,0.001263,0.001408,0.00223,9.123582,49.280315,0.00072147
5519966208,174274.3,0.003921,0.190158,0.001166,-0.170898,0.0,0.9207,0.7823,0.001263,0.001526,0.002034,9.317646,48.470634,0.00078895
5520752640,174240.6,-0.004053,0.210047,0.001163,-0.170898,0.0,0.92,0.7801,0.001166,0.00148,0.001641,8.149659,51.596447,0.00067281
5521539072,174089.1,0.005761,0.190642,0.001265,-0.169922,0.0,0.9198,0.7797,0.001043,0.001336,0.001867,7.677873,52.045929,0.00066743
5522325504,174055.9,0.001178,0.156924,0.00133,-0.166016,0.0,0.9194,0.7808,0.001045,0.001513,0.002276,7.793253,51.502625,0.00078002
5523111936,174022.5,-0.004826,0.121957,0.001254,-0.164062,0.0,0.9195,0.7832,0.001332,0.001243,0.001473,8.045032,50.917709,0.000734
5523898368,173989.5,-0.001311,0.192812,0.001272,-0.167969,0.0,0.9195,0.7846,0.001104,0.001309,0.001683,9.059134,49.813763,0.00065634
5524684800,173762.2,-0.008015,0.15042,0.001173,-0.176758,0.0,0.9196,0.7842,0.001085,0.001314,0.001666,7.66214,51.859383,0.00076858
5525471232,173729.5,0.000203,0.15687,0.001085,-0.180664,0.0,0.9196,0.7846,0.001241,0.001699,0.002208,7.856324,52.089745,0.00080915
5526257664,173695.1,-0.001463,0.107522,0.001174,-0.179688,0.0,0.9199,0.7859,0.001459,0.001823,0.002169,8.447175,51.246292,0.00078842
5527044096,173545.8,-0.001208,0.160987,0.001085,-0.181641,0.0,0.9201,0.7859,0.001276,0.001256,0.001553,8.240241,50.320381,0.00068547
5527830528,173512.6,0.001527,0.124248,0.001302,-0.161133,0.0,0.9196,0.785,0.000979,0.001265,0.001423,8.73757,49.617661,0.00089024
5528616960,173480.2,-0.001109,0.121069,0.001257,-0.158203,0.0,0.919,0.7836,0.001506,0.001205,0.001419,8.994398,48.81395,0.00070441
5529403392,173447.1,-0.001178,0.184664,0.001272,-0.164062,0.0,0.9193,0.7836,0.001258,0.001801,0.002476,7.561285,52.596909,0.00072524
5530189824,173270.5,-0.000816,0.172742,0.001234,-0.168945,0.0,0.9192,0.7836,0.001137,0.001383,0.001949,7.76581,52.195721,0.00061204
5530976256,173237.1,0.006813,0.168119,0.001193,-0.164062,0.0,0.9202,0.7872,0.001131,0.001545,0.001801,8.110596,51.930992,0.0007184
5531762688,173202.1,0.00476,0.198208,0.001249,-0.165039,0.0,0.921,0.7889,0.001018,0.001256,0.00184,8.549216,51.512115,0.00058652
5532549120,173023.9,-0.001302,0.136064,0.001232,-0.166992,0.0,0.9215,0.7941,0.001405,0.001229,0.001817,10.611144,47.262386,0.00058534
5533335552,172991.9,0.005119,0.175479,0.001253,-0.166992,0.0,0.9217,0.7954,0.001294,0.001279,0.002064,7.814343,52.882671,0.00066353
5534121984,172960.1,0.00108,0.156908,0.001248,-0.165039,0.0,0.9223,0.7997,0.001047,0.001431,0.002149,7.796549,52.92794,0.00071282
5534908416,172928.4,-0.001721,0.187592,0.001211,-0.168945,0.0,0.9225,0.8008,0.001027,0.001419,0.002129,8.016868,52.456676,0.00069621
5535694848,172754.8,-0.007068,0.194808,0.001394,-0.172852,0.0,0.9229,0.8039,0.001358,0.001412,0.002056,8.989454,51.36248,0.00069813
5536481280,172722.4,0.004863,0.21065,0.001325,-0.169922,0.0,0.923,0.8054,0.001675,0.001567,0.001882,9.096783,50.203018,0.00079428
5537267712,172686.3,-0.005414,0.111813,0.001282,-0.169922,0.0,0.9229,0.8066,0.001328,0.001639,0.002196,9.596085,49.226055,0.00069562
5538054144,172653.8,-0.003065,0.139448,0.001243,-0.174805,0.0,0.9233,0.8104,0.001169,0.001284,0.001873,7.497452,52.805737,0.00075423
5538840576,172518.2,0.004084,0.206728,0.001287,-0.166016,0.0,0.9239,0.8128,0.001116,0.001663,0.001823,8.214723,51.196972,0.00076408
5539627008,172486.4,-0.005233,0.182069,0.001083,-0.162109,0.0,0.9249,0.817,0.001049,0.001358,0.001636,8.353213,50.896194,0.00074108
5540413440,172454.1,-0.002141,0.140411,0.00108,-0.161133,0.0,0.9255,0.8185,0.001296,0.001315,0.001812,8.324743,50.780602,0.00070401
5541199872,172308.9,0.001118,0.168435,0.001109,-0.164062,0.0,0.9257,0.8194,0.0014,0.001133,0.002029,9.194277,49.117172,0.00064925
5541986304,172276.7,-0.008176,0.141355,0.001155,-0.166016,0.0,0.9259,0.8201,0.001062,0.001672,0.002158,7.584466,53.811291,0.00079113
5542772736,172244.5,0.0083,0.155309,0.001204,-0.167969,0.0,0.9267,0.8218,0.001471,0.001529,0.002135,7.749792,53.593212,0.00066773
5543559168,172211.9,-0.001527,0.169271,0.001187,-0.171875,0.0,0.9275,0.8227,0.001449,0.001503,0.002344,8.418062,52.373466,0.00079869
5544345600,172084.9,-0.003061,0.173335,0.001158,-0.168945,0.0,0.9279,0.8237,0.00123,0.001759,0.002363,9.075923,50.662956,0.00076537
5545132032,172053.3,0.001225,0.22047,0.001085,-0.169922,0.0,0.9289,0.8261,0.001171,0.001483,0.002143,9.368175,50.136467,0.00085911
5545918464,172021.6,-0.000495,0.087877,0.00113,-0.158203,0.0,0.9295,0.8282,0.00118,0.001366,0.002502,7.880509,51.83511,0.00082487
5546704896,171891.6,-0.001008,0.154723,0.001113,-0.168945,0.0,0.9299,0.828,0.001434,0.001759,0.00218,7.791852,52.702995,0.00069788
5547491328,171858.4,0.001578,0.219145,0.001171,-0.178711,0.0,0.9301,0.8278,0.001448,0.001673,0.002445,8.931896,51.716198,0.0007085
5548277760,171828.0,-0.005348,0.161548,0.001172,-0.176758,0.0,0.9302,0.8271,0.001477,0.0016,0.002308,9.09557,50.578484,0.00074976
5549064192,171798.4,-0.00439,0.111992,0.001185,-0.170898,0.0,0.9303,0.8277,0.000955,0.001383,0.002113,8.838025,50.413841,0.00079651
5549850624,171673.5,-0.004864,0.172006,0.001153,-0.167969,0.0,0.9308,0.8285,0.001337,0.001247,0.001964,7.912217,52.757195,0.00079612
5550637056,171645.0,-0.001321,0.156639,0.00115,-0.168945,0.0,0.931,0.8294,0.001141,0.001461,0.002117,7.453185,53.500408,0.00085418
5551423488,171614.9,-0.007718,0.114918,0.001138,-0.167969,0.0,0.9307,0.8295,0.001476,0.001481,0.002165,8.07981,52.579681,0.00071424
5552209920,171480.7,0.001692,0.194396,0.001234,-0.174805,0.0,0.9307,0.8295,0.001307,0.001096,0.001605,7.898057,51.809929,0.00083402
5552996352,171451.7,0.001926,0.185023,0.00118,-0.165039,0.0,0.9312,0.8304,0.001221,0.001467,0.002075,8.691135,50.056633,0.00079721
5553782784,171421.8,-0.00209,0.108216,0.001184,-0.162109,0.0,0.9313,0.8331,0.001091,0.001011,0.001569,9.55835,49.429466,0.00072893
5554569216,171391.4,-0.002419,0.104316,0.001152,-0.162109,0.0,0.9301,0.8316,0.001184,0.001389,0.001972,8.037536,51.937481,0.00073532
5555355648,171268.9,0.004938,0.126814,0.001156,-0.169922,0.0,0.9304,0.8333,0.001058,0.001338,0.001993,8.717996,52.123161,0.00065042
5556142080,171241.2,0.004935,0.195777,0.001232,-0.175781,0.0,0.9297,0.8308,0.001251,0.001922,0.002368,8.710427,51.919022,0.0007319
5556928512,171212.5,-0.005751,0.103383,0.001247,-0.178711,0.0,0.9287,0.8277,0.001036,0.001422,0.002023,9.101552,50.890881,0.00076879
5557714944,171083.4,-0.003393,0.155285,0.001233,-0.183594,0.0,0.9288,0.8275,0.000962,0.001309,0.001436,10.656713,48.15863,0.00060816
5558501376,171054.9,-0.001347,0.098215,0.001093,-0.170898,0.0,0.9283,0.8265,0.001217,0.001671,0.002304,7.983228,52.109192,0.00083351
5559287808,171025.8,0.006096,0.189467,0.00111,-0.174805,0.0,0.929,0.8285,0.001384,0.001792,0.002652,8.603189,52.475128,0.00077475
5560074240,170996.5,0.002393,0.204296,0.001132,-0.168945,0.0,0.9293,0.8276,0.001342,0.001404,0.002193,7.553272,52.117027,0.00084444
5560860672,170858.1,0.003641,0.122491,0.001178,-0.168945,0.0,0.9292,0.8274,0.000954,0.001207,0.001612,8.435927,50.134106,0.00066757
5561647104,170829.1,-0.00713,0.123394,0.001231,-0.165039,0.0,0.9291,0.8286,0.001072,0.001378,0.001562,9.303036,49.367569,0.00073987
5562433536,170799.1,0.004106,0.165756,0.001199,-0.171875,0.0,0.9288,0.8262,0.001351,0.001466,0.001761,9.12602,48.90591,0.00058938
5563219968,170767.7,-0.001714,0.142382,0.001254,-0.171875,0.0,0.9288,0.8261,0.001252,0.00175,0.002168,7.633925,52.185314,0.000783
5564006400,170637.7,0.001196,0.229587,0.001114,-0.186523,0.0,0.9282,0.8251,0.00176,0.001816,0.002349,9.001511,52.628704,0.00070884
5564792832,170606.4,-0.000859,0.151246,0.001151,-0.176758,0.0,0.9279,0.8256,0.001166,0.00157,0.001825,9.74495,51.851913,0.00089589
5565579264,170575.1,-0.007743,0.142315,0.001187,-0.176758,0.0,0.9276,0.8263,0.001401,0.001777,0.002531,9.322112,51.23756,0.00092277
5566365696,170363.0,-0.00169,0.171402,0.001213,-0.181641,0.0,0.9279,0.8273,0.001132,0.001414,0.001802,9.858413,47.818016,0.00068408
5567152128,170332.3,0.000174,0.210134,0.001202,-0.174805,0.0,0.9274,0.8259,0.001271,0.001424,0.002235,7.769749,52.668701,0.0008794
5567938560,170301.9,0.004072,0.138315,0.001218,-0.171875,0.0,0.9269,0.824,0.000955,0.001372,0.002216,8.231111,52.103348,0.00071563
5568724992,170271.5,-0.002658,0.150415,0.001298,-0.172852,0.0,0.9271,0.8248,0.001098,0.001215,0.001641,8.478868,51.118759,0.00077739
5569511424,170149.3,0.000139,0.231083,0.001278,-0.182617,0.0,0.9269,0.8232,0.001354,0.001843,0.002427,9.405063,50.782707,0.00075722
5570297856,170118.6,0.004636,0.204901,0.001285,-0.18457,0.0,0.9268,0.8216,0.001035,0.001586,0.002366,9.717766,50.006905,0.00086097
5571084288,170085.7,-0.00344,0.180642,0.001249,-0.177734,0.0,0.9263,0.8181,0.001274,0.001374,0.002536,9.522326,49.772427,0.00086848
5571870720,169957.5,0.002302,0.193847,0.0013,-0.183594,0.0,0.9255,0.8144,0.001169,0.0011,0.00195,7.984002,52.986431,0.00085007
5572657152,169927.4,0.002765,0.255126,0.001306,-0.174805,0.0,0.9245,0.8123,0.001194,0.001439,0.001976,9.162741,51.904907,0.00086969
5573443584,169895.9,-0.002507,0.225562,0.001299,-0.171875,0.0,0.9243,0.8131,0.001356,0.001182,0.002417,8.705392,51.40377,0.0007447
5574230016,169865.5,-0.004041,0.107045,0.001197,-0.166992,0.0,0.9237,0.8119,0.000927,0.000939,0.00175,9.045953,50.650146,0.00064204
5575016448,169748.2,0.007564,0.249051,0.001262,-0.170898,0.0,0.923,0.8102,0.001386,0.001458,0.001924,8.710779,49.414429,0.0008343
5575802880,169715.1,-0.004601,0.141794,0.001314,-0.169922,0.0,0.9229,0.8103,0.001428,0.001365,0.002136,7.733289,53.129356,0.00076101
5576589312,169685.5,-0.003928,0.188549,0.001395,-0.171875,0.0,0.9231,0.8099,0.000895,0.001059,0.001556,8.044699,52.817688,0.00071087
5577375744,169564.3,-0.004901,0.193657,0.001368,-0.174805,0.0,0.9233,0.8095,0.000936,0.001224,0.001802,8.054685,51.570557,0.00071587
5578162176,169534.8,-0.003455,0.07062,0.001319,-0.158203,0.0,0.9232,0.8105,0.001247,0.00083,0.001264,8.616409,50.434479,0.0006886
5578948608,169503.0,-0.001483,0.139923,0.001138,-0.169922,0.0,0.9228,0.8087,0.001153,0.001265,0.001712,9.006756,49.998962,0.00071251
5579735040,169472.4,-0.002014,0.155347,0.001172,-0.170898,0.0,0.9227,0.8072,0.001063,0.001343,0.001802,7.725182,52.873276,0.00068201
5580521472,169359.8,0.003701,0.211873,0.001146,-0.177734,0.0,0.9239,0.8082,0.001095,0.001315,0.002002,8.234242,51.928432,0.00071775
5581307904,169330.1,0.001217,0.197247,0.00118,-0.166016,0.0,0.9245,0.8085,0.001029,0.001245,0.00182,8.638341,51.703117,0.00074241
5582094336,169299.6,-0.001986,0.139766,0.001187,-0.165039,0.0,0.925,0.8108,0.000838,0.001127,0.001442,8.544851,51.196133,0.0006914
5582880768,169182.3,-0.00087,0.16974,0.00125,-0.169922,0.0,0.9259,0.812,0.001369,0.001433,0.00188,9.114182,47.827099,0.00063295
5583667200,169153.1,0.002426,0.165277,0.001248,-0.15625,0.0,0.9257,0.8122,0.001752,0.001472,0.002283,7.394767,53.257477,0.00070617
5584453632,169123.3,-0.006607,0.148077,0.001377,-0.158203,0.0,0.9254,0.8107,0.001759,0.001425,0.002045,7.246933,53.311577,0.00062864
5585240064,169092.3,0.001548,0.20923,0.001269,-0.160156,0.0,0.9242,0.8077,0.001471,0.001665,0.002432,8.135265,52.74926,0.00068973
5586026496,168969.6,-0.005056,0.221431,0.001277,-0.172852,0.0,0.9237,0.8071,0.001341,0.001375,0.0024,8.972983,52.60014,0.0006271
5586812928,168940.0,0.001972,0.189743,0.001283,-0.171875,0.0,0.9232,0.8047,0.001542,0.001373,0.002462,8.741733,51.49287,0.00078279
5587599360,168910.6,0.000326,0.173942,0.001275,-0.178711,0.0,0.9237,0.8041,0.001314,0.001127,0.00213,9.318549,50.375679,0.00078155
5588385792,168880.7,-0.004018,0.157308,0.001229,-0.176758,0.0,0.9239,0.805,0.001127,0.001424,0.00208,8.695868,52.779167,0.00067146
5589172224,168749.8,-0.008395,0.181554,0.001228,-0.171875,0.0,0.9237,0.8041,0.00131,0.001364,0.002723,8.040061,52.500042,0.00074818
5589958656,168720.4,0.004881,0.182724,0.001129,-0.166992,0.0,0.9243,0.8042,0.001154,0.001447,0.002144,8.292667,52.207359,0.0007122
5590745088,168690.8,-0.006299,0.159238,0.001154,-0.166992,0.0,0.9243,0.8029,0.001038,0.001141,0.001804,9.558595,51.402447,0.00070098
5591531520,168548.2,-0.005084,0.176923,0.001357,-0.171875,0.0,0.9241,0.8014,0.001061,0.001162,0.002327,9.317221,48.674644,0.00067966
5592317952,168519.5,-0.004775,0.14863,0.001106,-0.169922,0.0,0.9233,0.7987,0.001208,0.001398,0.001558,7.538838,53.2743,0.00070727
5593104384,168490.3,0.001894,0.143477,0.001158,-0.176758,0.0,0.9228,0.7982,0.001022,0.001332,0.001775,8.441394,52.707684,0.00072711
5593890816,168461.4,0.004949,0.158389,0.001175,-0.175781,0.0,0.9227,0.7981,0.000945,0.001487,0.00181,8.528319,52.167946,0.00074021
5594677248,168342.2,-5.3e-05,0.22521,0.001298,-0.183594,0.0,0.9223,0.7959,0.001123,0.001445,0.002381,8.909676,50.451122,0.00069073
5595463680,168313.6,-0.00686,0.204263,0.001289,-0.185547,0.0,0.9219,0.7945,0.001066,0.001407,0.002039,9.625437,49.014675,0.00075536
5596250112,168283.2,-0.001861,0.223116,0.001342,-0.181641,0.0,0.921,0.7923,0.001301,0.001524,0.002421,10.200212,47.648033,0.00067238
5597036544,168167.2,-0.008479,0.302266,0.001281,-0.196289,0.0,0.921,0.7921,0.001101,0.001591,0.002456,8.501612,51.986553,0.00076517
5597822976,168134.3,-0.000819,0.264163,0.001176,-0.193359,0.0,0.9203,0.7893,0.001566,0.001557,0.002513,9.215236,50.724251,0.00070566
5598609408,168102.7,0.008386,0.326572,0.001219,-0.19043,0.0,0.9203,0.7904,0.001374,0.001616,0.002668,10.101379,49.948853,0.00079821
5599395840,168069.5,-0.003286,0.206459,0.001167,-0.185547,0.0,0.9203,0.7892,0.001058,0.001224,0.002051,10.271579,49.384521,0.00090725
5600182272,167930.6,0.003306,0.252757,0.001257,-0.181641,0.0,0.9202,0.7886,0.00138,0.00127,0.002183,10.144012,48.315781,0.00078817
5600968704,167898.0,-6.4e-05,0.125702,0.001178,-0.169922,0.0,0.9203,0.7897,0.001731,0.001357,0.001726,7.948852,53.0471,0.00084419
5601755136,167866.8,-0.001539,0.187987,0.001171,-0.177734,0.0,0.9204,0.7903,0.001589,0.001579,0.002356,8.748077,52.261879,0.00080581
5602541568,167731.9,0.003503,0.115067,0.001196,-0.170898,0.0,0.9205,0.791,0.001743,0.001673,0.001905,8.278191,51.8685,0.00072952
5603328000,167701.5,-0.001007,0.130629,0.001059,-0.164062,0.0,0.9205,0.7923,0.000947,0.00125,0.001689,8.725348,50.811626,0.00082955
5604114432,167667.7,-9.1e-05,0.106742,0.001056,-0.160156,0.0,0.9212,0.7956,0.001208,0.001563,0.001803,8.954032,50.801208,0.00078838
5604900864,167636.7,-0.004662,0.058185,0.001139,-0.158203,0.0,0.9218,0.798,0.000871,0.000806,0.001262,8.038363,52.038513,0.00070664
5605687296,167506.4,-0.001279,0.14871,0.001246,-0.176758,0.0,0.9226,0.8,0.001071,0.001363,0.001981,8.345774,52.486645,0.00067054
5606473728,167477.4,-0.004607,0.120773,0.001241,-0.176758,0.0,0.923,0.8001,0.00094,0.001064,0.001642,8.755256,52.628922,0.00068433
5607260160,167448.4,-0.001209,0.123888,0.001213,-0.173828,0.0,0.9233,0.8008,0.000987,0.001075,0.001752,9.409739,51.767349,0.00081399
5608046592,167318.4,0.001223,0.205422,0.001245,-0.189453,0.0,0.9242,0.8017,0.001278,0.00135,0.002125,10.653135,48.265839,0.00067987
5608833024,167289.3,0.002116,0.256065,0.001393,-0.1875,0.0,0.9242,0.8003,0.00212,0.001547,0.002515,9.091428,51.561031,0.00077988
5609619456,167260.6,-0.003112,0.219012,0.001329,-0.179688,0.0,0.924,0.7982,0.002647,0.001612,0.001866,8.688098,52.208832,0.00074167
5610405888,167231.4,-0.00193,0.161312,0.001383,-0.179688,0.0,0.9242,0.8004,0.002114,0.001368,0.002238,8.697301,51.688885,0.00097682
5611192320,167112.3,-0.004184,0.171557,0.001339,-0.183594,0.0,0.9247,0.8019,0.001618,0.00137,0.001891,9.275805,51.456234,0.00076943
5611978752,167083.7,0.00673,0.140444,0.001276,-0.181641,0.0,0.925,0.8043,0.001051,0.001304,0.001705,9.56901,50.135399,0.00080272
5612765184,167054.3,-0.003095,0.155411,0.001316,-0.182617,0.0,0.9251,0.805,0.001238,0.001271,0.001795,9.904386,49.516296,0.00068939
5613551616,167024.4,0.006292,0.16402,0.001269,-0.183594,0.0,0.9249,0.8055,0.000737,0.001157,0.001573,8.220367,52.27282,0.0007557
5614338048,166895.1,0.00317,0.160822,0.001241,-0.179688,0.0,0.9251,0.8063,0.001355,0.001435,0.001972,8.73536,52.642101,0.00083105
5615124480,166865.7,-0.003677,0.148041,0.00123,-0.169922,0.0,0.9251,0.8086,0.001429,0.001534,0.002428,8.763371,51.976677,0.00083041
5615910912,166836.3,-0.005359,0.180796,0.001274,-0.178711,0.0,0.925,0.8095,0.001109,0.001422,0.001852,9.172207,51.427227,0.00070158
5616697344,166669.1,-0.004231,0.161649,0.001264,-0.172852,0.0,0.924,0.8077,0.001462,0.00147,0.002086,10.139369,48.396477,0.00070772
5617483776,166640.1,-0.000359,0.128798,0.001213,-0.166016,0.0,0.9238,0.8079,0.000921,0.001161,0.00183,7.676675,52.481216,0.00069344
5618270208,166610.7,-0.005857,0.216514,0.001157,-0.177734,0.0,0.9243,0.809,0.000803,0.001434,0.001489,8.436654,52.197613,0.00070313
5619056640,166582.1,-0.003067,0.142047,0.001148,-0.165039,0.0,0.9246,0.8096,0.001043,0.001489,0.002013,8.386253,51.717285,0.00084404
5619843072,166445.5,-0.001607,0.161345,0.001067,-0.169922,0.0,0.925,0.811,0.001144,0.001588,0.002562,8.751446,52.125393,0.00071328
5620629504,166416.6,-0.002061,0.154326,0.001064,-0.166992,0.0,0.9258,0.814,0.001083,0.001214,0.00174,9.66492,51.169861,0.00072823
5621415936,166387.7,-0.000676,0.121538,0.001087,-0.168945,0.0,0.927,0.8187,0.000932,0.001375,0.001675,10.175684,49.748138,0.00066108
5622202368,166245.8,0.005777,0.191219,0.0011,-0.168945,0.0,0.9274,0.8208,0.000831,0.001184,0.002207,7.662609,53.656311,0.00063051
5622988800,166217.3,-0.004715,0.196688,0.001259,-0.167969,0.0,0.9281,0.8239,0.001011,0.001246,0.002171,8.101869,53.097851,0.00073621
5623775232,166188.5,-0.007578,0.146138,0.001244,-0.161133,0.0,0.9288,0.8271,0.001196,0.001178,0.001722,8.053235,52.609978,0.00069623
5624561664,166159.2,0.003654,0.183004,0.001237,-0.166992,0.0,0.9293,0.8306,0.000885,0.001439,0.00218,9.046999,52.099224,0.000672
5625348096,166029.1,0.004912,0.254485,0.001136,-0.181641,0.0,0.9294,0.8304,0.00106,0.001608,0.002314,9.932995,49.426476,0.00063374
5626134528,166000.8,0.00291,0.152647,0.001113,-0.172852,0.0,0.9296,0.8324,0.000872,0.001298,0.002387,8.046285,53.65773,0.00078493
5626920960,165972.5,0.001487,0.155209,0.001137,-0.173828,0.0,0.9295,0.8326,0.00117,0.001411,0.002103,8.092324,52.973564,0.00083415
5627707392,165833.9,0.002645,0.132171,0.00113,-0.179688,0.0,0.9292,0.8331,0.001022,0.001342,0.001881,8.734831,52.948174,0.00062706
5628493824,165806.8,-0.003004,0.133789,0.001186,-0.173828,0.0,0.9292,0.8322,0.000841,0.001253,0.001782,9.0702,51.544506,0.00081345
5629280256,165777.9,-0.001455,0.16355,0.001209,-0.176758,0.0,0.9296,0.8329,0.000916,0.001335,0.002015,9.62815,50.639427,0.00080803
5630066688,165749.7,-0.000394,0.108542,0.001115,-0.173828,0.0,0.9281,0.8302,0.001014,0.001395,0.001874,9.420485,50.266037,0.0007738
5630853120,165604.2,0.004264,0.232164,0.001175,-0.18457,0.0,0.9275,0.8272,0.001529,0.001742,0.002432,8.433619,52.334255,0.00085775
5631639552,165576.0,-0.002022,0.11631,0.001343,-0.169922,0.0,0.9258,0.8232,0.001266,0.001709,0.002643,8.00736,52.011791,0.00084001
5632425984,165547.0,-0.004815,0.128053,0.001243,-0.169922,0.0,0.9242,0.8212,0.001299,0.00142,0.00209,8.359608,51.246075,0.00077687
5633212416,165413.4,2.4e-05,0.149049,0.001192,-0.173828,0.0,0.923,0.8192,0.001522,0.001262,0.002103,10.204225,48.37841,0.00073948
5633998848,165385.2,-0.010075,0.170261,0.001138,-0.174805,0.0,0.9231,0.8201,0.001098,0.001431,0.002264,9.60184,49.535858,0.00080861
5634785280,165357.2,0.00605,0.202751,0.001133,-0.176758,0.0,0.9221,0.8174,0.000952,0.001557,0.001911,8.223395,52.874462,0.00067357
5635571712,165328.1,0.001125,0.160242,0.00112,-0.183594,0.0,0.9222,0.8174,0.001022,0.001785,0.002193,8.388744,52.779736,0.00080166
5636358144,165191.8,0.001373,0.237244,0.001186,-0.180664,0.0,0.9227,0.8178,0.000775,0.001347,0.001886,8.994046,53.027523,0.0007541
5637144576,165163.5,-0.008068,0.17116,0.001182,-0.173828,0.0,0.9238,0.8188,0.001655,0.001329,0.002209,9.765818,51.755615,0.00091913
5637931008,165135.1,-0.005499,0.168729,0.001151,-0.166016,0.0,0.924,0.8178,0.000989,0.00127,0.001933,10.111112,51.511475,0.00098682
5638717440,165106.3,0.007873,0.170036,0.001241,-0.164062,0.0,0.9244,0.8177,0.001369,0.001416,0.002607,8.356837,53.323174,0.00082131
5639503872,164961.1,-0.000684,0.219994,0.001214,-0.180664,0.0,0.9241,0.8161,0.001313,0.001837,0.002707,8.536059,54.020092,0.00064534
5640290304,164933.4,-0.007593,0.172729,0.001248,-0.183594,0.0,0.9235,0.8131,0.00134,0.002071,0.002637,8.771018,53.050121,0.00078528
5641076736,164905.9,0.000662,0.200046,0.001229,-0.188477,0.0,0.9229,0.8101,0.001368,0.001732,0.002502,9.552569,52.0979,0.00078064
5641863168,164767.5,0.003584,0.230864,0.001201,-0.185547,0.0,0.9233,0.8109,0.00132,0.001293,0.00227,10.176191,49.259621,0.00080425
5642649600,164739.8,0.002389,0.199026,0.001123,-0.176758,0.0,0.9228,0.8096,0.000889,0.001545,0.001972,8.185529,52.766724,0.00081777
5643436032,164712.2,0.00143,0.190806,0.001108,-0.176758,0.0,0.923,0.8107,0.001076,0.001213,0.002096,8.465536,52.970459,0.00077086
5644222464,164684.6,-0.000818,0.172463,0.001117,-0.166016,0.0,0.9228,0.8095,0.000974,0.001238,0.002117,8.32679,52.741833,0.0008128
5645008896,164547.1,-0.001208,0.209591,0.001213,-0.172852,0.0,0.9224,0.8087,0.001175,0.001275,0.00218,9.156975,52.508316,0.00083364
5645795328,164520.0,-0.00129,0.250205,0.001146,-0.173828,0.0,0.9217,0.8065,0.001289,0.001509,0.001768,9.630173,51.859901,0.00081871
5646581760,164492.8,-0.000498,0.140938,0.001138,-0.167969,0.0,0.9205,0.8039,0.001459,0.001526,0.002546,10.109294,50.003105,0.00083154
5647368192,164351.8,-0.00035,0.24728,0.001117,-0.175781,0.0,0.9201,0.8033,0.001403,0.001222,0.001826,8.319067,54.421089,0.00075002
5648154624,164324.9,-0.000218,0.234173,0.001089,-0.180664,0.0,0.9191,0.798,0.001557,0.002091,0.002947,8.578878,53.550659,0.00072484
5648941056,164297.7,-0.002242,0.124743,0.001111,-0.179688,0.0,0.9185,0.7968,0.00163,0.001402,0.001942,8.984643,52.606213,0.00086701
5649727488,164270.6,0.004945,0.213675,0.001116,-0.185547,0.0,0.9181,0.7947,0.001063,0.00127,0.002035,9.965277,51.886673,0.00098614
5650513920,164135.0,-0.006561,0.148387,0.001287,-0.176758,0.0,0.9176,0.7922,0.001457,0.001625,0.002872,10.592026,48.685844,0.00072247
5651300352,164107.9,0.003233,0.142787,0.001238,-0.168945,0.0,0.9178,0.7927,0.001043,0.001024,0.001939,8.072433,54.055798,0.00072193
5652086784,164080.7,0.000913,0.157794,0.001242,-0.167969,0.0,0.9186,0.7937,0.001089,0.001211,0.002117,8.59376,53.462677,0.00072742
5652873216,163945.0,0.002479,0.173168,0.001252,-0.172852,0.0,0.9194,0.7935,0.00133,0.001236,0.002558,8.433935,53.560638,0.00076538
5653659648,163917.7,-0.003148,0.140655,0.001145,-0.165039,0.0,0.9205,0.7942,0.001483,0.001413,0.002048,9.19971,52.074486,0.00075621
5654446080,163887.4,0.000549,0.176766,0.001103,-0.173828,0.0,0.9204,0.7917,0.00144,0.001516,0.001959,9.081616,51.126793,0.00065122
5655232512,163859.5,-0.002077,0.196732,0.001107,-0.178711,0.0,0.9215,0.7921,0.00099,0.001166,0.001767,9.958399,50.35022,0.00077635
5656018944,163718.4,0.001849,0.187342,0.001145,-0.181641,0.0,0.9216,0.7905,0.000972,0.001005,0.002023,8.581257,53.112206,0.0007591
5656805376,163690.0,0.000327,0.231597,0.001146,-0.18457,0.0,0.9228,0.7921,0.001386,0.0013,0.002252,8.607129,53.115273,0.00077512
5657591808,163661.9,-0.00165,0.222687,0.001195,-0.182617,0.0,0.9241,0.793,0.001219,0.001155,0.002047,8.949769,52.258755,0.00088235
5658378240,163520.0,0.004211,0.193552,0.001223,-0.173828,0.0,0.9249,0.7922,0.0011,0.001128,0.002,9.928701,49.113182,0.00082015
5659164672,163492.8,0.002252,0.214688,0.001148,-0.168945,0.0,0.925,0.792,0.001312,0.001306,0.001891,9.143378,50.024349,0.00071935
5659951104,163465.0,0.000507,0.136074,0.001162,-0.166016,0.0,0.9253,0.7945,0.001034,0.001266,0.001495,8.190418,53.059265,0.00064851
5660737536,163438.5,0.004646,0.138984,0.001123,-0.165039,0.0,0.9254,0.7972,0.0009,0.001324,0.00198,8.602583,52.93388,0.00068995
5661523968,163298.5,-0.00254,0.199952,0.001197,-0.172852,0.0,0.9253,0.7972,0.001056,0.001302,0.00203,9.168393,52.304871,0.00075867
5662310400,163270.1,-0.004896,0.192713,0.001289,-0.178711,0.0,0.9255,0.7972,0.001349,0.00137,0.001959,9.420179,51.529724,0.00081025
5663096832,163243.1,0.001094,0.162923,0.001325,-0.179688,0.0,0.9255,0.7965,0.001067,0.001155,0.002052,9.649329,50.464569,0.00074212
5663883264,163215.4,-0.000426,0.172574,0.001354,-0.176758,0.0,0.9252,0.7947,0.001336,0.001106,0.001802,8.656037,52.543335,0.00077628
5664669696,163064.4,0.003566,0.259622,0.001181,-0.188477,0.0,0.9256,0.7957,0.001363,0.001832,0.002642,9.123178,53.244503,0.0007222
5665456128,163037.3,0.001341,0.189267,0.001159,-0.180664,0.0,0.9263,0.7976,0.001289,0.001851,0.002667,9.385839,52.635494,0.00090907
5666242560,163010.8,-0.002702,0.117794,0.00114,-0.177734,0.0,0.9262,0.7974,0.001051,0.001184,0.00153,9.31187,51.659805,0.00081054
5667028992,162879.1,-0.001122,0.190815,0.001193,-0.179688,0.0,0.9267,0.7993,0.000939,0.001396,0.001877,9.046889,49.449455,0.00089882
5667815424,162849.3,-0.002008,0.193856,0.001228,-0.180664,0.0,0.9265,0.7975,0.001139,0.001694,0.002164,7.958079,52.305645,0.00080464
5668601856,162820.4,0.004247,0.147473,0.001247,-0.179688,0.0,0.9271,0.7995,0.000896,0.001323,0.001833,8.304247,52.618164,0.00066933
5669388288,162794.1,0.002094,0.210015,0.001208,-0.1875,0.0,0.9273,0.7983,0.001258,0.00124,0.001751,9.118035,51.82177,0.00062564
5670174720,162621.7,-0.001264,0.179504,0.001237,-0.192383,0.0,0.9274,0.7988,0.001374,0.001436,0.002215,10.51715,51.053253,0.00083083
5670961152,162595.6,0.002212,0.210831,0.00122,-0.189453,0.0,0.9279,0.7993,0.001718,0.001404,0.002158,9.883454,50.003185,0.00088488
5671747584,162566.9,-0.002987,0.1989,0.001191,-0.188477,0.0,0.9283,0.7985,0.001427,0.001242,0.002248,10.644667,49.588051,0.00085452
5672534016,162426.3,0.003301,0.198171,0.001217,-0.181641,0.0,0.9285,0.8001,0.000909,0.001611,0.002224,7.721584,53.917828,0.00077119
5673320448,162400.3,0.000633,0.193046,0.001177,-0.18457,0.0,0.9286,0.8,0.000973,0.001503,0.002066,8.127376,53.000088,0.00076253
5674106880,162372.0,-0.005986,0.20608,0.001202,-0.1875,0.0,0.9286,0.7994,0.00109,0.001721,0.002164,9.412895,52.375702,0.00077553
5674893312,162340.2,0.006291,0.183506,0.001169,-0.188477,0.0,0.9284,0.7997,0.000806,0.001428,0.001863,10.221704,51.59074,0.00101767
5675679744,162205.1,-0.000267,0.236961,0.001283,-0.191406,0.0,0.9282,0.7985,0.001163,0.001464,0.002076,10.525181,48.686535,0.00087569
5676466176,162178.6,0.003928,0.160329,0.001286,-0.1875,0.0,0.9279,0.7982,0.001338,0.001213,0.001903,8.686042,52.397812,0.0008868
5677252608,162152.7,0.002513,0.167193,0.00133,-0.188477,0.0,0.9268,0.7964,0.001077,0.001425,0.001911,8.497435,52.528454,0.0008424
5678039040,162011.3,0.001877,0.194321,0.001231,-0.19043,0.0,0.926,0.7942,0.001186,0.001337,0.002059,8.873653,52.51548,0.00079316
5678825472,161985.5,-0.007939,0.136181,0.001241,-0.180664,0.0,0.925,0.791,0.001014,0.001465,0.002024,9.591621,51.380211,0.00072866
5679611904,161959.2,-0.002747,0.175107,0.001221,-0.180664,0.0,0.9257,0.7931,0.001208,0.001067,0.00229,9.823888,50.599182,0.00065894
5680398336,161933.4,-0.003659,0.141968,0.001205,-0.175781,0.0,0.9248,0.7903,0.000917,0.001192,0.001902,10.473689,49.573711,0.00073529
5681184768,161798.9,0.006607,0.125392,0.00125,-0.169922,0.0,0.9248,0.7906,0.002029,0.001364,0.002013,8.002131,53.183281,0.00064636
5681971200,161772.8,0.00215,0.150495,0.001242,-0.164062,0.0,0.9246,0.7916,0.001719,0.001125,0.001549,8.292092,53.165813,0.00074074
5682757632,161746.7,0.001002,0.215213,0.001223,-0.163086,0.0,0.9249,0.7949,0.001569,0.00123,0.002114,8.850547,52.661282,0.00075961
5683544064,161594.5,0.003238,0.179176,0.001259,-0.165039,0.0,0.9243,0.794,0.001362,0.001326,0.002051,8.843916,50.074795,0.00061857
5684330496,161567.7,0.000568,0.110127,0.001295,-0.15332,0.0,0.9239,0.794,0.001259,0.001231,0.001849,9.40025,50.610817,0.00070995
5685116928,161539.3,0.000251,0.157702,0.001412,-0.157227,0.0,0.924,0.7945,0.000955,0.001159,0.002115,7.881919,53.810482,0.00073453
5685903360,161513.5,0.001216,0.19656,0.001414,-0.160156,0.0,0.9243,0.7913,0.001203,0.001179,0.002144,7.904045,53.518642,0.00063494
5686689792,161367.2,-0.000715,0.204472,0.001265,-0.163086,0.0,0.9243,0.7908,0.000862,0.001182,0.00214,7.763672,53.364624,0.0007166
5687476224,161341.3,-0.000351,0.153241,0.001396,-0.165039,0.0,0.9238,0.7903,0.000926,0.001041,0.001891,8.541862,51.837387,0.00062768
5688262656,161314.9,-0.001903,0.129574,0.001357,-0.163086,0.0,0.9238,0.7915,0.000997,0.001186,0.001617,9.095266,51.008202,0.00068139
5689049088,161288.3,0.007199,0.151693,0.001257,-0.164062,0.0,0.9233,0.7906,0.000921,0.001216,0.0014,9.507765,50.474701,0.00080021
5689835520,161155.3,0.002489,0.262278,0.001245,-0.186523,0.0,0.923,0.789,0.00091,0.001399,0.002053,8.699524,53.221283,0.00066203
5690621952,161126.8,-0.002726,0.199596,0.001273,-0.178711,0.0,0.9222,0.7872,0.001216,0.001197,0.0021,8.223545,52.681366,0.00079331
5691408384,161100.4,0.000311,0.180367,0.001319,-0.180664,0.0,0.9212,0.7857,0.000829,0.001004,0.001454,9.195886,51.66647,0.00067703
5692194816,160963.2,0.003933,0.256753,0.001371,-0.183594,0.0,0.9202,0.7832,0.00099,0.001348,0.001597,9.838958,50.414055,0.00061998
5692981248,160938.1,0.003451,0.189153,0.001154,-0.168945,0.0,0.92,0.7817,0.001046,0.00151,0.001628,9.198613,50.574654,0.00077122
5693767680,160912.8,0.001784,0.164617,0.00129,-0.172852,0.0,0.92,0.7821,0.001106,0.001339,0.001621,8.068521,53.361404,0.00074034
5694554112,160884.4,0.002584,0.218088,0.00121,-0.177734,0.0,0.9201,0.7829,0.001213,0.001285,0.001788,8.829739,53.40023,0.00081036
5695340544,160731.1,0.001649,0.159339,0.00127,-0.169922,0.0,0.9192,0.782,0.000999,0.001294,0.001824,9.109657,52.491814,0.00085418
5696126976,160706.0,0.001067,0.164964,0.001248,-0.165039,0.0,0.9196,0.7841,0.001216,0.001376,0.001882,9.069432,51.619305,0.00090213
5696913408,160680.7,0.00232,0.093033,0.001282,-0.163086,0.0,0.9199,0.7858,0.001181,0.001032,0.001641,9.140619,50.688629,0.00071713
5697699840,160530.8,-0.002967,0.146107,0.00132,-0.166992,0.0,0.9201,0.788,0.001172,0.001196,0.002113,8.177432,53.798058,0.00080972
5698486272,160505.6,0.00164,0.197445,0.001222,-0.168945,0.0,0.92,0.7871,0.001059,0.001628,0.00229,8.340723,53.151115,0.00087551
5699272704,160476.2,0.002643,0.189966,0.001385,-0.161133,0.0,0.92,0.7871,0.001052,0.00119,0.002018,8.038472,53.121685,0.00080642
5700059136,160448.6,-0.000343,0.175216,0.001285,-0.162109,0.0,0.9203,0.7884,0.001142,0.001099,0.001367,8.857076,52.199455,0.0007586
5700845568,160319.2,-0.005135,0.168306,0.001196,-0.164062,0.0,0.9205,0.7883,0.000889,0.001138,0.001976,9.182692,50.854607,0.00068225
5701632000,160293.8,-0.002458,0.082969,0.001234,-0.15625,0.0,0.9208,0.7888,0.001,0.001245,0.001839,7.596928,53.235851,0.00057268
5702418432,160268.4,-0.00562,0.102286,0.00124,-0.162109,0.0,0.9217,0.7904,0.001083,0.0011,0.001903,7.856165,53.344711,0.00056545
5703204864,160147.7,0.00262,0.235083,0.001238,-0.172852,0.0,0.9229,0.7922,0.000918,0.001153,0.001581,8.127426,53.742992,0.00064651
5703991296,160121.7,0.000678,0.178246,0.001227,-0.169922,0.0,0.9244,0.7944,0.001481,0.001503,0.001888,8.903455,52.361778,0.00072572
5704777728,160095.6,0.001474,0.304777,0.001276,-0.182617,0.0,0.9253,0.7948,0.001214,0.001588,0.001791,9.432896,50.946609,0.00065524
5705564160,160067.9,-0.000211,0.261084,0.001246,-0.181641,0.0,0.9253,0.7931,0.000993,0.001577,0.00168,10.121881,50.361839,0.00079861
5706350592,159708.7,0.000619,0.206347,0.001261,-0.1875,0.0,0.9257,0.7943,0.001088,0.001508,0.002128,8.439275,53.657116,0.00073596
5707137024,159681.8,-0.000712,0.189288,0.001214,-0.182617,0.0,0.9255,0.7923,0.001093,0.001147,0.001379,8.798054,53.654049,0.0006196
5707923456,159656.4,8e-06,0.189981,0.001209,-0.180664,0.0,0.9257,0.7923,0.001821,0.00156,0.002115,9.599968,52.516075,0.00083972
5708709888,159286.1,-2.8e-05,0.157475,0.001231,-0.180664,0.0,0.9257,0.7909,0.0009,0.001098,0.001597,10.62747,49.913635,0.00083689
5709496320,159259.7,3.7e-05,0.181866,0.001315,-0.175781,0.0,0.9252,0.7899,0.000975,0.00116,0.001917,11.023562,49.974606,0.00087751
5710282752,159233.9,0.007838,0.245771,0.001446,-0.173828,0.0,0.9245,0.7884,0.001201,0.001597,0.002591,8.39035,54.057495,0.00086577
5711069184,159209.1,0.001119,0.220432,0.00138,-0.174805,0.0,0.9227,0.7851,0.001698,0.001299,0.002322,8.220496,53.720055,0.00090961
5711855616,158917.9,0.000963,0.172069,0.001331,-0.181641,0.0,0.9212,0.7821,0.001228,0.001403,0.002441,8.534811,53.022385,0.00070009
5712642048,158892.6,-0.001107,0.167675,0.001218,-0.176758,0.0,0.9205,0.7816,0.001088,0.001114,0.001598,9.447815,51.45031,0.00072308
5713428480,158866.4,-0.007736,0.169532,0.001228,-0.176758,0.0,0.9195,0.7812,0.000774,0.001114,0.001773,10.290656,50.276012,0.0008637
5714214912,158841.6,-0.007927,0.163303,0.00121,-0.182617,0.0,0.919,0.7812,0.001044,0.001418,0.002205,10.00184,49.371552,0.00074444
5715001344,158540.8,0.000307,0.128132,0.001236,-0.176758,0.0,0.9186,0.7815,0.001315,0.001615,0.002407,8.443295,53.618755,0.00084069
5715787776,158514.1,-0.008189,0.13814,0.001259,-0.174805,0.0,0.9183,0.7814,0.001483,0.001502,0.001789,9.017344,53.385262,0.00084845
5716574208,158489.3,-0.005497,0.189228,0.001279,-0.174805,0.0,0.9183,0.7836,0.000978,0.00127,0.001753,8.71502,52.833549,0.00102443
5717360640,158301.1,0.003272,0.133239,0.001302,-0.167969,0.0,0.9187,0.7858,0.001064,0.001208,0.001745,9.382395,50.956253,0.0007722
5718147072,158275.2,-0.001392,0.109632,0.001213,-0.157227,0.0,0.9196,0.79,0.000796,0.000868,0.001087,9.679017,50.94915,0.00074487
5718933504,158251.9,-0.001836,0.139859,0.001292,-0.162109,0.0,0.9203,0.7939,0.000992,0.001005,0.001421,7.321239,54.266537,0.00065272
5719719936,158228.6,-0.007914,0.114377,0.001189,-0.160156,0.0,0.921,0.7962,0.000933,0.000995,0.001427,8.034728,53.581383,0.00070523
5720506368,157925.6,-0.000144,0.173157,0.001293,-0.168945,0.0,0.9207,0.7951,0.001204,0.001259,0.0016,8.661543,52.59074,0.00058215
5721292800,157901.7,-0.00109,0.13766,0.001295,-0.166992,0.0,0.9216,0.7978,0.001185,0.00102,0.001382,8.662514,51.947704,0.00071323
5722079232,157877.4,0.004225,0.188596,0.001316,-0.166016,0.0,0.9219,0.7982,0.001156,0.001088,0.001803,9.346202,50.966309,0.0006902
5722865664,157672.1,0.000602,0.104338,0.001266,-0.165039,0.0,0.9223,0.7995,0.000871,0.00099,0.001668,7.618352,55.117062,0.00069596
5723652096,157647.6,-0.001107,0.216909,0.001254,-0.173828,0.0,0.9226,0.7993,0.000893,0.001447,0.001802,8.517077,54.678249,0.00077388
5724438528,157623.8,-0.001013,0.235568,0.001246,-0.178711,0.0,0.9234,0.8003,0.000998,0.001279,0.001475,8.684179,54.442223,0.00078792
5725224960,157600.3,-0.000763,0.164964,0.001278,-0.166992,0.0,0.9239,0.8009,0.000862,0.000996,0.001586,9.32413,52.860989,0.00075186
5726011392,157490.3,0.003602,0.146642,0.001249,-0.158203,0.0,0.9239,0.803,0.001173,0.001299,0.001591,8.910608,51.328178,0.00073223
5726797824,157466.9,0.001264,0.105056,0.001189,-0.15332,0.0,0.9239,0.8049,0.000866,0.001086,0.001286,7.240795,54.362328,0.00082886
5727584256,157441.3,0.002425,0.151259,0.001243,-0.155273,0.0,0.924,0.8068,0.00103,0.000959,0.001566,7.386934,54.3638,0.0007219
5728370688,157334.9,-0.002773,0.135725,0.001213,-0.15918,0.0,0.9236,0.8084,0.000596,0.000821,0.001248,8.05487,54.831921,0.00067961
5729157120,157311.9,0.000111,0.146061,0.001219,-0.162109,0.0,0.9232,0.809,0.000868,0.001146,0.001799,8.708937,53.481747,0.000757
5729943552,157288.7,0.002697,0.092448,0.00119,-0.163086,0.0,0.9231,0.8128,0.000582,0.000793,0.001208,8.75845,52.361153,0.00070497
5730729984,157265.5,-0.003929,0.09793,0.001193,-0.167969,0.0,0.9232,0.8169,0.000843,0.001218,0.001582,9.443751,51.730804,0.00071603
5731516416,157161.2,0.002152,0.153031,0.001404,-0.166992,0.0,0.9233,0.819,0.000768,0.000991,0.001249,7.321568,54.65704,0.00069207
5732302848,157137.5,0.000469,0.103664,0.001298,-0.164062,0.0,0.9232,0.8216,0.001188,0.001456,0.00146,8.282737,53.503349,0.00071859
5733089280,157114.4,4.6e-05,0.152795,0.001368,-0.165039,0.0,0.9232,0.8221,0.000969,0.001021,0.001225,8.172827,52.937298,0.00069015
5733875712,157008.5,5.7e-05,0.167197,0.001307,-0.166016,0.0,0.9229,0.8236,0.000787,0.001062,0.001091,8.800351,49.721062,0.00067978
5734662144,156983.2,0.005799,0.178507,0.001302,-0.171875,0.0,0.9235,0.8248,0.001273,0.001397,0.002061,9.137547,49.868683,0.00060112
5735448576,156957.1,-0.002366,0.137274,0.001261,-0.178711,0.0,0.9239,0.8254,0.000824,0.001301,0.001727,7.635552,53.806755,0.00066624
5736235008,156933.1,-0.00848,0.106524,0.001418,-0.169922,0.0,0.9247,0.828,0.001121,0.001171,0.001755,8.090051,53.662628,0.00065953
5737021440,156823.0,0.002744,0.320731,0.00126,-0.183594,0.0,0.9255,0.8293,0.00115,0.001444,0.001748,8.919801,53.418312,0.00066012
5737807872,156799.9,0.003446,0.165872,0.001319,-0.181641,0.0,0.9259,0.8299,0.000909,0.001413,0.001983,9.266881,51.688091,0.00075148
5738594304,156771.1,0.00601,0.171335,0.001282,-0.182617,0.0,0.9263,0.8306,0.000979,0.001171,0.001782,10.32429,50.136848,0.00084621
5739380736,156748.0,0.001527,0.144918,0.001302,-0.176758,0.0,0.9268,0.8316,0.000821,0.001074,0.001509,10.356409,49.162842,0.00081593
5740167168,156597.4,0.00012,0.273363,0.001314,-0.189453,0.0,0.927,0.8305,0.001308,0.001172,0.001797,8.297207,53.841759,0.00074962
5740953600,156573.9,-0.00374,0.19654,0.00134,-0.18457,0.0,0.9272,0.83,0.001124,0.001467,0.002011,8.887776,53.033264,0.00077556
5741740032,156550.5,-0.006358,0.158835,0.001333,-0.182617,0.0,0.9279,0.8318,0.000842,0.001261,0.00174,9.481071,52.174461,0.00069325
5742526464,156445.7,0.002894,0.166043,0.001368,-0.182617,0.0,0.9277,0.8314,0.000919,0.001297,0.001509,10.724913,50.998882,0.00080514
5743312896,156422.2,-0.001023,0.193769,0.001294,-0.18457,0.0,0.9275,0.8289,0.001082,0.001541,0.001592,11.039458,49.711548,0.0009317
5744099328,156399.7,-0.004889,0.165273,0.001365,-0.183594,0.0,0.9267,0.8267,0.000971,0.001297,0.002081,8.204355,54.133759,0.00087132
5744885760,156377.1,0.001322,0.175675,0.001325,-0.179688,0.0,0.9265,0.8265,0.00087,0.001067,0.001626,9.019589,53.897671,0.00095162
5745672192,156249.5,-0.003306,0.17927,0.001348,-0.175781,0.0,0.9253,0.8227,0.001139,0.001461,0.002039,9.005723,53.119255,0.00084124
5746458624,156225.6,-0.007015,0.13707,0.001362,-0.164062,0.0,0.9245,0.8211,0.00103,0.001109,0.002275,8.732859,51.896606,0.00090064
5747245056,156202.3,-0.002471,0.178207,0.001374,-0.165039,0.0,0.9236,0.8178,0.001349,0.001074,0.001788,9.62339,51.083305,0.00076906
5748031488,156068.8,-0.001269,0.136724,0.001309,-0.158203,0.0,0.9229,0.8169,0.000913,0.001044,0.001445,7.758938,54.846752,0.0007505
5748817920,156045.4,0.000259,0.13971,0.001467,-0.15625,0.0,0.923,0.8186,0.001029,0.001245,0.002101,7.576121,54.819302,0.00075922
5749604352,156022.0,0.002547,0.14412,0.001379,-0.15625,0.0,0.9223,0.8168,0.001063,0.001118,0.001719,8.128718,54.128723,0.00065305
5750390784,155998.5,-0.003229,0.112841,0.001397,-0.158203,0.0,0.9214,0.8166,0.000802,0.000851,0.001472,8.190667,53.609032,0.00062427
5751177216,155885.8,0.000933,0.140035,0.001347,-0.164062,0.0,0.9216,0.8204,0.000902,0.001302,0.001767,9.409941,51.898277,0.00062049
5751963648,155861.7,-0.001749,0.103239,0.001368,-0.15918,0.0,0.9216,0.8227,0.000641,0.000845,0.00165,9.301822,51.939709,0.00071525
5752750080,155833.3,0.006872,0.112522,0.001312,-0.161133,0.0,0.9222,0.8237,0.00101,0.001127,0.001688,8.231888,54.531952,0.00067245
5753536512,155725.7,-0.004432,0.144886,0.001435,-0.166016,0.0,0.9224,0.8236,0.001007,0.001278,0.001749,7.939882,54.862103,0.00075622
5754322944,155702.6,-0.004359,0.156774,0.001243,-0.165039,0.0,0.9237,0.8252,0.001303,0.001122,0.001637,8.854461,53.145691,0.00076475
5755109376,155680.1,-0.000917,0.121409,0.001137,-0.167969,0.0,0.9236,0.8227,0.001039,0.001199,0.001809,8.985257,52.367393,0.00065229
5755895808,155657.6,-0.005107,0.137636,0.00114,-0.173828,0.0,0.9236,0.8201,0.000823,0.001242,0.001661,9.994096,51.213634,0.00068781
5756682240,155548.8,-0.000852,0.182257,0.001217,-0.176758,0.0,0.9238,0.819,0.001308,0.001846,0.001579,8.430312,54.379223,0.00069842
5757468672,155525.8,-0.002368,0.112766,0.001245,-0.173828,0.0,0.9235,0.8178,0.001103,0.001631,0.002819,8.291142,54.49765,0.00079372
5758255104,155502.8,-0.003276,0.195729,0.0013,-0.180664,0.0,0.924,0.8158,0.000936,0.001108,0.001855,9.008835,53.724621,0.00085772
5759041536,155390.7,0.002416,0.174045,0.001302,-0.175781,0.0,0.9244,0.8145,0.001267,0.001071,0.001268,9.310565,51.017365,0.00080427
5759827968,155367.7,-0.007893,0.204804,0.001318,-0.175781,0.0,0.9239,0.8099,0.001456,0.001514,0.002156,9.825728,51.210125,0.00084208
5760614400,155344.6,-0.00196,0.190001,0.001222,-0.175781,0.0,0.9238,0.8081,0.001812,0.001294,0.001992,7.949912,53.384735,0.0008267
5761400832,155321.7,0.010318,0.222433,0.001335,-0.182617,0.0,0.9236,0.8071,0.001346,0.001152,0.00192,8.346742,53.386406,0.0006809
5762187264,155199.5,-0.007751,0.208954,0.00137,-0.186523,0.0,0.9234,0.8055,0.001243,0.001452,0.002388,8.940652,52.709938,0.0007185
5762973696,155176.7,0.000691,0.182712,0.00131,-0.177734,0.0,0.9231,0.8043,0.000819,0.001373,0.002146,9.563847,51.500072,0.00076604
5763760128,155153.1,0.002452,0.156832,0.001356,-0.170898,0.0,0.9229,0.8051,0.000932,0.001205,0.001784,9.417906,50.657024,0.00075233
5764546560,155130.2,0.001801,0.174932,0.001419,-0.173828,0.0,0.9227,0.8041,0.001077,0.001435,0.001713,9.655729,50.493374,0.00076583
5765332992,155015.3,0.000609,0.172673,0.001172,-0.173828,0.0,0.9222,0.8031,0.001715,0.001376,0.002083,8.118112,54.260132,0.0007051
5766119424,154992.3,-0.006251,0.108469,0.001143,-0.172852,0.0,0.9217,0.8034,0.001267,0.001012,0.001588,8.735138,53.578659,0.00072021
5766905856,154969.2,-0.001572,0.126157,0.001159,-0.171875,0.0,0.921,0.8033,0.000857,0.001111,0.001466,8.931351,53.306374,0.00068893
5767692288,154863.7,0.006192,0.219376,0.001229,-0.178711,0.0,0.9209,0.8034,0.001016,0.001292,0.001781,9.749832,52.022606,0.00064818
5768478720,154840.6,0.003732,0.161647,0.001244,-0.167969,0.0,0.9216,0.8043,0.001013,0.001373,0.001854,9.680126,51.134945,0.00075511
5769265152,154817.1,0.001395,0.182997,0.001277,-0.168945,0.0,0.9221,0.8068,0.000888,0.001012,0.001363,7.797953,54.733521,0.00070035
5770051584,154794.8,0.003614,0.117219,0.001321,-0.166992,0.0,0.9221,0.8083,0.001304,0.000957,0.001434,8.666893,53.981625,0.00072034
5770838016,154688.1,-0.000623,0.178084,0.001231,-0.178711,0.0,0.9231,0.8093,0.001218,0.001617,0.001873,8.892593,53.240967,0.00069754
5771624448,154665.6,0.002133,0.194488,0.001213,-0.176758,0.0,0.9245,0.8123,0.001282,0.001383,0.001509,10.041373,52.168377,0.00086148
5772410880,154643.2,-0.001963,0.173146,0.001107,-0.178711,0.0,0.9257,0.8144,0.001053,0.001349,0.001579,9.852932,51.666908,0.0007964
5773197312,154537.6,0.002919,0.162596,0.001122,-0.174805,0.0,0.9263,0.8149,0.000715,0.001431,0.001548,8.391934,53.881508,0.00061492
5773983744,154515.3,-0.001347,0.168458,0.001229,-0.182617,0.0,0.9275,0.8162,0.000862,0.001412,0.001951,8.406556,54.650742,0.00075477
5774770176,154492.7,0.002443,0.154542,0.001157,-0.175781,0.0,0.9277,0.8149,0.000714,0.000899,0.001221,9.081843,53.684975,0.00069936
5775556608,154470.0,-0.005278,0.121899,0.001187,-0.175781,0.0,0.929,0.816,0.001044,0.000983,0.00179,9.058248,53.040356,0.00083864
5776343040,154360.9,-0.000242,0.171037,0.001318,-0.175781,0.0,0.9292,0.8157,0.001182,0.001425,0.001821,9.125377,51.220337,0.00067214
5777129472,154336.8,0.004381,0.158202,0.001214,-0.166992,0.0,0.9295,0.8147,0.001144,0.001008,0.002114,9.779018,50.921127,0.00073917
5777915904,154311.6,0.01247,0.275979,0.001278,-0.182617,0.0,0.9296,0.8137,0.000946,0.001035,0.001838,8.570499,53.692547,0.00082085
5778702336,154207.9,-0.002594,0.137137,0.001289,-0.171875,0.0,0.9295,0.8124,0.000987,0.001048,0.00153,8.488491,54.605515,0.00069081
5779488768,154180.0,0.000479,0.227825,0.001409,-0.189453,0.0,0.9284,0.8091,0.001136,0.001302,0.001838,9.291841,52.891724,0.00076703
5780275200,154153.0,-0.003092,0.171827,0.001267,-0.181641,0.0,0.9274,0.8059,0.001035,0.001027,0.001414,10.204623,51.207878,0.000777
5781061632,154129.3,-0.005114,0.201255,0.001252,-0.19043,0.0,0.9262,0.8032,0.000994,0.001011,0.001549,10.45962,50.784698,0.00084756
5781848064,154024.8,-0.001513,0.193365,0.001334,-0.188477,0.0,0.9257,0.8026,0.001123,0.001443,0.002066,7.909689,54.841148,0.00093917
5782634496,154002.2,0.000985,0.185582,0.001234,-0.176758,0.0,0.9255,0.8031,0.00125,0.001358,0.002406,9.143623,54.478653,0.00085394
5783420928,153979.4,0.005815,0.137293,0.0013,-0.169922,0.0,0.9256,0.805,0.001274,0.000987,0.00173,8.812659,54.056641,0.00089745
5784207360,153884.4,-0.004776,0.164834,0.001278,-0.178711,0.0,0.9257,0.8066,0.000965,0.001477,0.001942,9.438288,52.014984,0.00080402
5784993792,153862.8,-0.001186,0.152225,0.001218,-0.170898,0.0,0.9267,0.8113,0.001045,0.001176,0.001607,10.609404,52.051163,0.00095194
5785780224,153840.7,-0.001409,0.172119,0.001221,-0.177734,0.0,0.9272,0.8135,0.001005,0.000934,0.001588,8.782765,54.566601,0.00082766
5786566656,153818.4,-0.000508,0.125688,0.001271,-0.178711,0.0,0.9281,0.8162,0.000802,0.000967,0.001752,8.450026,55.166794,0.00072398
5787353088,153714.5,-0.001193,0.170484,0.00128,-0.185547,0.0,0.9291,0.8192,0.000847,0.001194,0.002031,9.260201,54.284744,0.00080148
5788139520,153692.2,-0.000355,0.242412,0.001355,-0.188477,0.0,0.9297,0.8194,0.001128,0.001311,0.001962,9.8274,53.671745,0.00095399
5788925952,153669.4,-0.005754,0.191118,0.001298,-0.182617,0.0,0.9306,0.8206,0.000849,0.001042,0.001523,10.373588,52.570312,0.00100494
5789712384,153545.7,-0.00049,0.166619,0.001286,-0.174805,0.0,0.9317,0.8231,0.001084,0.000922,0.001717,10.54009,51.644722,0.000779
5790498816,153524.0,-0.001875,0.134075,0.001151,-0.181641,0.0,0.9322,0.8232,0.000768,0.001472,0.001795,8.78592,54.536797,0.00087761
5791285248,153502.4,0.000261,0.148927,0.001128,-0.183594,0.0,0.9331,0.8249,0.001065,0.001617,0.00149,9.478271,53.993286,0.00084182
5792071680,153480.7,0.00304,0.117636,0.001109,-0.180664,0.0,0.9336,0.8265,0.000561,0.001219,0.001083,9.738768,53.91964,0.00082817
5792858112,153376.1,-0.004378,0.130538,0.001137,-0.178711,0.0,0.9331,0.8259,0.000942,0.001051,0.00138,9.561243,52.042309,0.00084117
5793644544,153352.4,0.00898,0.147166,0.001236,-0.165039,0.0,0.9342,0.828,0.000681,0.000988,0.001244,9.646843,51.511902,0.00089595
5794430976,153329.7,-0.005055,0.132134,0.001169,-0.167969,0.0,0.9347,0.8275,0.000709,0.00101,0.001762,8.222528,54.527374,0.00075749
5795217408,153305.0,-0.001393,0.154598,0.001203,-0.166016,0.0,0.9345,0.8275,0.000585,0.001075,0.001361,8.278591,54.624096,0.00086008
5796003840,153203.7,0.001524,0.333023,0.001162,-0.185547,0.0,0.9347,0.8256,0.000868,0.00133,0.001798,9.313378,54.089855,0.00072472
5796790272,153181.5,0.001924,0.172688,0.001151,-0.179688,0.0,0.9351,0.8262,0.000801,0.001294,0.001673,9.956946,52.877869,0.00088323
5797576704,153158.4,-0.000372,0.141606,0.001155,-0.182617,0.0,0.9349,0.8256,0.000756,0.001155,0.001378,10.247094,51.226807,0.00089106
5798363136,153063.0,0.004165,0.19095,0.001192,-0.181641,0.0,0.9351,0.826,0.000849,0.001276,0.001685,8.480767,53.945305,0.00077293
5799149568,153041.4,-0.000508,0.153661,0.001199,-0.181641,0.0,0.9354,0.827,0.000884,0.001117,0.001715,9.012423,53.668514,0.00080717
5799936000,153017.0,-6e-06,0.126699,0.001223,-0.181641,0.0,0.9353,0.8266,0.001224,0.001006,0.001869,9.181675,53.499142,0.00074682
5800722432,152991.2,-0.000388,0.185101,0.001276,-0.182617,0.0,0.935,0.8263,0.000891,0.001022,0.001374,9.424973,53.205654,0.00081842
5801508864,152884.0,0.0048,0.268168,0.001295,-0.188477,0.0,0.9343,0.8238,0.001085,0.00131,0.002307,10.259754,51.141685,0.00079744
5802295296,152860.2,-0.002181,0.189296,0.001213,-0.181641,0.0,0.9336,0.8215,0.001152,0.001212,0.001795,10.41875,50.710632,0.00081772
5803081728,152835.8,-0.00243,0.179027,0.001179,-0.181641,0.0,0.9334,0.8216,0.000979,0.001127,0.00148,8.319709,54.484234,0.00076531
5803868160,152739.5,-0.003811,0.193904,0.001217,-0.181641,0.0,0.9329,0.8221,0.001128,0.001206,0.001491,8.124433,55.090576,0.00080453
5804654592,152717.6,0.002351,0.121384,0.001211,-0.170898,0.0,0.9338,0.8253,0.001103,0.001309,0.001654,8.920527,53.684795,0.00083417
5805441024,152694.1,-0.00056,0.103527,0.00126,-0.166992,0.0,0.9349,0.8299,0.000707,0.000915,0.00131,9.431338,52.505459,0.0006598
5806227456,152669.0,0.004642,0.128473,0.001254,-0.165039,0.0,0.9363,0.8331,0.000785,0.000956,0.001227,9.571684,52.913708,0.0007498
5807013888,152572.5,-0.006451,0.139186,0.001236,-0.161133,0.0,0.937,0.8345,0.00088,0.001056,0.001568,7.953588,55.188118,0.00066622
5807800320,152550.8,-1.2e-05,0.139575,0.001147,-0.157227,0.0,0.937,0.835,0.000941,0.000939,0.001603,7.452109,55.419434,0.00070658
5808586752,152529.2,0.005535,0.144883,0.00118,-0.162109,0.0,0.9371,0.8346,0.000711,0.000946,0.001066,7.743483,55.462273,0.00075513
5809373184,152423.0,-0.003004,0.132232,0.001228,-0.170898,0.0,0.937,0.8351,0.000775,0.001031,0.001237,8.601905,52.700653,0.00062371
5810159616,152399.6,-0.007243,0.078829,0.001283,-0.164062,0.0,0.9378,0.8388,0.001192,0.00095,0.001431,9.186532,52.326683,0.00071078
5810946048,152378.0,0.000573,0.148659,0.001254,-0.166992,0.0,0.9377,0.8408,0.000753,0.000911,0.001252,9.702082,52.27586,0.00074112
5811732480,152355.9,-0.001524,0.166379,0.001294,-0.170898,0.0,0.9372,0.8387,0.000858,0.001148,0.001757,8.74696,54.450615,0.00068469
5812518912,152249.7,0.001386,0.120457,0.001345,-0.169922,0.0,0.9375,0.8412,0.001024,0.001155,0.001579,8.356511,54.419525,0.00076752
5813305344,152227.3,0.002783,0.160822,0.00135,-0.174805,0.0,0.9375,0.8414,0.000945,0.000837,0.001461,8.907338,53.549561,0.00074657
5814091776,152204.9,0.002714,0.176027,0.001349,-0.173828,0.0,0.9374,0.8406,0.000885,0.001213,0.001453,9.466146,52.904278,0.00070727
5814878208,152099.3,-0.000105,0.199945,0.001343,-0.166992,0.0,0.9375,0.8404,0.00101,0.001457,0.001808,9.588639,50.412781,0.00070429
5815664640,152077.3,-0.001921,0.146956,0.001284,-0.173828,0.0,0.9372,0.8395,0.001313,0.001271,0.001785,8.337873,55.08659,0.00082476
5816451072,152052.9,-0.002315,0.131089,0.001281,-0.170898,0.0,0.937,0.8384,0.001178,0.001158,0.001809,8.153885,54.734962,0.00077645
5817237504,152031.2,-0.002712,0.147444,0.00128,-0.172852,0.0,0.9365,0.8372,0.001076,0.001135,0.001367,9.311806,54.208702,0.00078646
5818023936,151936.0,0.001931,0.146718,0.00126,-0.174805,0.0,0.9355,0.8351,0.00094,0.001054,0.001928,9.48062,52.618462,0.00069329
5818810368,151914.4,0.003218,0.104486,0.001192,-0.172852,0.0,0.935,0.8341,0.000779,0.001169,0.001702,9.687249,51.409264,0.00081502
5819596800,151892.8,-0.003142,0.110659,0.001201,-0.170898,0.0,0.935,0.8348,0.000873,0.001018,0.001448,8.359169,54.538017,0.00073525
5820383232,151870.8,-0.000253,0.152049,0.001186,-0.176758,0.0,0.9345,0.8367,0.001014,0.00109,0.001588,8.751947,54.315807,0.00077298
5821169664,151762.8,-0.001375,0.117264,0.001159,-0.182617,0.0,0.9336,0.8358,0.001057,0.001274,0.001767,8.880147,53.983212,0.00079771
5821956096,151740.9,-0.007774,0.119086,0.00115,-0.178711,0.0,0.9334,0.8374,0.000641,0.000898,0.001545,9.726185,52.3535,0.00076061
5822742528,151719.2,0.000126,0.128657,0.001126,-0.177734,0.0,0.9326,0.8375,0.000781,0.000927,0.001464,10.31063,51.686794,0.00066127
5823528960,151606.1,-0.004789,0.166251,0.001179,-0.181641,0.0,0.9328,0.8389,0.001515,0.00089,0.001458,8.443796,53.274475,0.00066992
5824315392,151584.8,-0.003139,0.165419,0.001327,-0.178711,0.0,0.9321,0.8369,0.001358,0.000934,0.001561,8.275894,54.044563,0.00075118
5825101824,151563.7,-0.000579,0.112955,0.001383,-0.174805,0.0,0.9316,0.836,0.000879,0.000908,0.001128,8.580827,53.192047,0.00082075
5825888256,151542.2,0.000308,0.108763,0.001301,-0.173828,0.0,0.9317,0.8369,0.001058,0.000999,0.001164,8.893785,52.981396,0.00068075
5826674688,151449.2,0.000622,0.232036,0.001212,-0.19043,0.0,0.9317,0.8369,0.00123,0.001237,0.002124,10.18819,51.60788,0.00060061
5827461120,151428.5,-0.007954,0.140566,0.001127,-0.178711,0.0,0.9323,0.8387,0.001263,0.001044,0.001484,10.56599,50.687408,0.00085633
5828247552,151407.0,0.001733,0.210882,0.001114,-0.18457,0.0,0.9316,0.8365,0.001061,0.001097,0.001766,8.762143,54.030579,0.00078012
5829033984,151294.1,-0.002666,0.267103,0.001106,-0.191406,0.0,0.9313,0.8336,0.001024,0.001272,0.001495,8.396915,54.475883,0.00076138
5829820416,151272.8,0.001072,0.148148,0.00117,-0.176758,0.0,0.9313,0.8344,0.000743,0.000853,0.001586,9.069254,52.809368,0.0007937
5830606848,151251.3,-0.000272,0.111632,0.001209,-0.175781,0.0,0.9308,0.8329,0.000959,0.001192,0.001806,9.742228,52.334679,0.00063781
5831393280,151229.9,0.006319,0.196447,0.001166,-0.175781,0.0,0.9306,0.8331,0.000589,0.000678,0.001095,9.888022,51.453094,0.00067804
5832179712,151133.0,0.003925,0.155569,0.001143,-0.176758,0.0,0.9292,0.8282,0.000953,0.001184,0.001678,7.901929,54.098492,0.00061859
5832966144,151111.6,0.001187,0.175826,0.001138,-0.181641,0.0,0.9278,0.8244,0.000998,0.001172,0.001542,8.505443,53.653992,0.00071325
5833752576,151089.9,0.002429,0.210389,0.001153,-0.1875,0.0,0.9268,0.8208,0.000865,0.001198,0.001694,9.10112,53.089142,0.00070142
5834539008,150980.2,-0.00738,0.191078,0.00118,-0.185547,0.0,0.9263,0.818,0.000954,0.001128,0.001535,8.91227,52.169304,0.00066175
5835325440,150959.6,0.001256,0.142257,0.001343,-0.173828,0.0,0.9257,0.8172,0.000756,0.001004,0.001565,9.787887,51.734478,0.00089312
5836111872,150939.1,-0.003166,0.116937,0.001308,-0.175781,0.0,0.9251,0.8157,0.0006,0.000807,0.001484,10.053102,50.871567,0.00078609
5836898304,150918.3,-0.005815,0.108565,0.001258,-0.179688,0.0,0.925,0.8163,0.000878,0.001123,0.001785,8.734136,54.18499,0.00077475
5837684736,150820.1,0.001924,0.223524,0.001265,-0.192383,0.0,0.9248,0.8155,0.000779,0.001167,0.001788,9.387937,53.510571,0.00066014
5838471168,150799.7,-0.000723,0.256741,0.001333,-0.199219,0.0,0.9246,0.8134,0.001243,0.00159,0.002112,10.63007,52.617214,0.00076868
5839257600,150778.9,0.004461,0.317094,0.001325,-0.194336,0.0,0.9239,0.8108,0.000992,0.001329,0.001703,11.166548,52.197861,0.00091311
5840044032,150688.9,0.007049,0.189273,0.001355,-0.179688,0.0,0.9231,0.8087,0.001043,0.001048,0.001676,11.166683,48.493561,0.00089828
5840830464,150668.9,0.006419,0.197986,0.001195,-0.173828,0.0,0.9229,0.8089,0.000759,0.001104,0.001624,8.092068,55.050079,0.00093144
5841616896,150648.2,0.00129,0.139781,0.001187,-0.168945,0.0,0.9222,0.8089,0.001022,0.001071,0.001283,8.105143,54.521069,0.00081536
5842403328,150626.7,0.007665,0.108858,0.001188,-0.170898,0.0,0.9219,0.8099,0.000635,0.000896,0.001315,8.858027,53.617889,0.00070433
5843189760,150545.7,0.006631,0.176771,0.001194,-0.175781,0.0,0.9219,0.8108,0.00066,0.001152,0.00177,9.689278,53.224869,0.00073494
5843976192,150525.0,-0.001746,0.185634,0.001148,-0.176758,0.0,0.9228,0.813,0.000864,0.001261,0.001654,9.929998,52.021271,0.00069717
5844762624,150504.0,0.00175,0.151582,0.001143,-0.181641,0.0,0.9229,0.8123,0.000867,0.001079,0.001696,8.76178,54.227638,0.00077937
5845549056,150482.7,0.003029,0.152932,0.001129,-0.1875,0.0,0.9216,0.8085,0.000706,0.000937,0.001694,8.953788,54.270973,0.0007768
5846335488,150394.7,-0.000278,0.131385,0.001165,-0.172852,0.0,0.9219,0.81,0.001041,0.001096,0.001831,8.865102,53.595383,0.00085926
5847121920,150374.1,0.002947,0.133078,0.001162,-0.163086,0.0,0.9218,0.8105,0.00074,0.000973,0.001488,8.893114,53.339092,0.00077064
5847908352,150351.8,-0.001748,0.069282,0.001159,-0.152344,0.0,0.9219,0.8115,0.000801,0.000867,0.001252,8.814304,52.978233,0.00066114
5848694784,150255.5,-0.002747,0.16357,0.001276,-0.158203,0.0,0.9222,0.8105,0.000682,0.001024,0.001416,8.640554,54.320015,0.00077038
5849481216,150231.8,-0.001671,0.163724,0.001142,-0.165039,0.0,0.922,0.8095,0.001029,0.001285,0.001975,7.795784,55.430878,0.00061044
5850267648,150210.0,-0.004435,0.198515,0.001103,-0.167969,0.0,0.9224,0.8122,0.000891,0.001381,0.001932,8.780821,54.355865,0.00061184
5851054080,150185.7,0.002776,0.127409,0.00111,-0.168945,0.0,0.9223,0.8121,0.000639,0.001049,0.001472,8.341231,54.212002,0.00069782
5851840512,150087.7,-0.002174,0.200834,0.001231,-0.175781,0.0,0.9212,0.8095,0.000942,0.000985,0.001504,9.211535,52.685497,0.00067597
5852626944,150066.4,0.00521,0.150907,0.001295,-0.174805,0.0,0.9208,0.8109,0.001061,0.001185,0.001859,9.921337,51.106903,0.00066571
5853413376,150045.0,-0.001181,0.128808,0.001241,-0.172852,0.0,0.9206,0.8114,0.000944,0.001142,0.001631,7.843115,55.085968,0.00107506
5854199808,149909.0,0.001763,0.285773,0.001191,-0.181641,0.0,0.9202,0.812,0.000844,0.001122,0.001753,7.901412,55.135712,0.00082564
5854986240,149886.1,0.001534,0.166717,0.001147,-0.166992,0.0,0.9199,0.8125,0.001103,0.00152,0.002072,8.268743,53.650494,0.00084057
5855772672,149863.9,-0.004938,0.160331,0.00114,-0.168945,0.0,0.9198,0.811,0.000851,0.000931,0.001291,8.890542,52.600716,0.00074541
5856559104,149842.1,-0.005921,0.144816,0.00113,-0.162109,0.0,0.9195,0.8112,0.000799,0.000895,0.001512,9.583631,52.283447,0.00073558
5857345536,149746.2,0.000398,0.14523,0.001166,-0.166992,0.0,0.919,0.8102,0.000859,0.001166,0.001803,7.806717,54.504272,0.00076029
5858131968,149726.2,-0.004791,0.123391,0.001137,-0.167969,0.0,0.9193,0.8119,0.000802,0.000787,0.001328,8.560644,54.611202,0.00069537
5858918400,149706.3,0.005794,0.186086,0.001273,-0.166992,0.0,0.92,0.8141,0.001085,0.000934,0.001531,8.707663,54.036499,0.00069162
5859704832,149591.7,-0.0051,0.152823,0.001194,-0.166016,0.0,0.9205,0.8164,0.000961,0.000942,0.001016,9.240203,54.467033,0.00079101
5860491264,149571.7,0.001975,0.152993,0.0012,-0.169922,0.0,0.921,0.8191,0.000752,0.001054,0.001095,9.704384,53.98138,0.00072964
5861277696,149550.1,0.005386,0.124798,0.001284,-0.169922,0.0,0.9215,0.8202,0.000655,0.000911,0.001056,10.473793,52.997112,0.00073214
5862064128,149525.6,-0.00034,0.130187,0.001173,-0.171875,0.0,0.9216,0.8194,0.00069,0.000877,0.001265,8.396462,55.62661,0.00081884
5862850560,149441.3,0.002086,0.179893,0.001177,-0.169922,0.0,0.921,0.8173,0.000917,0.001184,0.001502,8.38057,54.294151,0.00070963
5863636992,149421.0,-0.003004,0.148011,0.001253,-0.163086,0.0,0.9208,0.8163,0.000671,0.000949,0.001308,8.343866,53.53701,0.00088431
5864423424,149397.6,0.005147,0.090363,0.001116,-0.164062,0.0,0.9202,0.8182,0.000785,0.00114,0.001792,8.657987,52.569572,0.00077657
5865209856,149309.0,0.002215,0.12084,0.001107,-0.167969,0.0,0.9202,0.8211,0.000604,0.00127,0.001331,10.560331,50.087639,0.00067708
5865996288,149286.9,-0.000416,0.178517,0.00125,-0.162109,0.0,0.9206,0.8233,0.000881,0.000994,0.001806,8.418852,55.255993,0.000913
5866782720,149267.2,-0.000838,0.107237,0.001321,-0.160156,0.0,0.9213,0.8255,0.000966,0.00127,0.001842,7.801108,55.757416,0.0008551
5867569152,149247.4,0.003911,0.153385,0.001301,-0.166992,0.0,0.9223,0.8271,0.000719,0.001093,0.0016,8.306782,55.19767,0.0007224
5868355584,149163.1,0.00129,0.155992,0.001297,-0.163086,0.0,0.9234,0.8285,0.000583,0.000797,0.001169,8.709184,53.220123,0.0006362
5869142016,149143.1,0.001854,0.128004,0.001271,-0.158203,0.0,0.9244,0.8297,0.000762,0.001056,0.001461,9.023003,53.259743,0.0007599
5869928448,149122.9,0.011282,0.18445,0.001243,-0.165039,0.0,0.9241,0.8288,0.000576,0.001177,0.001303,8.738145,52.852783,0.00067588
5870714880,149097.5,-0.000752,0.133257,0.00124,-0.166016,0.0,0.9249,0.8319,0.000713,0.001066,0.00137,8.487113,54.979492,0.00077959
5871501312,149011.0,-0.003759,0.146947,0.00118,-0.173828,0.0,0.9248,0.8321,0.001023,0.001098,0.001684,8.844363,55.138351,0.00070084
5872287744,148989.7,-0.001442,0.12569,0.001198,-0.170898,0.0,0.925,0.8315,0.000711,0.000977,0.001338,9.609861,53.89526,0.00071181
5873074176,148969.3,-0.000737,0.145057,0.001176,-0.172852,0.0,0.9251,0.8299,0.000701,0.000993,0.001277,9.411901,53.35807,0.00082105
5873860608,148885.6,-0.003613,0.147298,0.001167,-0.165039,0.0,0.9254,0.8306,0.00065,0.001093,0.001544,8.997439,51.337784,0.00087797
5874647040,148865.4,0.001096,0.101684,0.001188,-0.160156,0.0,0.9254,0.8318,0.000867,0.000987,0.001716,8.196236,54.91449,0.0007823
5875433472,148844.9,0.007698,0.122679,0.001226,-0.162109,0.0,0.9254,0.8317,0.000638,0.000895,0.001376,8.243551,54.967751,0.00082268
5876219904,148824.2,-0.003224,0.100194,0.001241,-0.161133,0.0,0.9263,0.8334,0.000721,0.001144,0.001271,8.516818,54.267925,0.00077589
5877006336,148744.9,-0.006483,0.171579,0.001174,-0.15625,0.0,0.9264,0.8337,0.000581,0.001065,0.00137,8.603995,54.011131,0.00077373
5877792768,148724.3,0.000467,0.138144,0.001156,-0.15625,0.0,0.9271,0.836,0.000798,0.000886,0.001207,8.734054,53.52108,0.00072876
5878579200,148704.0,-0.004346,0.092622,0.001175,-0.151367,0.0,0.9274,0.8376,0.000731,0.000862,0.001105,8.152013,55.469204,0.00070532
5879365632,148616.3,0.001497,0.156721,0.001205,-0.165039,0.0,0.9284,0.839,0.000895,0.001078,0.001308,8.680122,56.485119,0.0006194
5880152064,148596.5,-0.001521,0.236673,0.001374,-0.181641,0.0,0.9283,0.8366,0.000884,0.001373,0.001811,8.98659,55.473343,0.00071953
5880938496,148575.5,-0.000473,0.197272,0.001361,-0.1875,0.0,0.929,0.836,0.000995,0.001101,0.001683,10.378572,54.362118,0.00086114
5881724928,148554.7,0.00115,0.201956,0.001345,-0.189453,0.0,0.9296,0.8331,0.001207,0.001212,0.001805,11.069333,53.521557,0.00084231
5882511360,148465.6,-0.006457,0.180327,0.001217,-0.179688,0.0,0.9308,0.835,0.001275,0.001201,0.001763,8.231307,55.514282,0.00113653
5883297792,148444.4,-0.004534,0.130625,0.001154,-0.170898,0.0,0.931,0.8359,0.001102,0.001317,0.001891,9.59339,55.245277,0.00087478
5884084224,148422.4,-0.002914,0.188028,0.001147,-0.178711,0.0,0.932,0.838,0.000965,0.001332,0.002318,9.072185,54.947441,0.00089942
5884870656,148334.8,0.00459,0.15994,0.001193,-0.179688,0.0,0.9321,0.8383,0.000892,0.001129,0.001721,9.847944,54.24897,0.00068942
5885657088,148313.4,0.004883,0.162308,0.001111,-0.176758,0.0,0.932,0.837,0.000698,0.001091,0.001379,10.353324,53.215302,0.00087101
5886443520,148293.3,-0.001137,0.183009,0.001103,-0.183594,0.0,0.9327,0.8382,0.000959,0.00124,0.001819,10.982075,53.322601,0.00085652
5887229952,148273.1,-0.001158,0.154612,0.001071,-0.175781,0.0,0.9342,0.8405,0.000837,0.00093,0.001642,9.139962,55.434998,0.00091816
5888016384,148190.9,-0.002769,0.140607,0.001125,-0.179688,0.0,0.9347,0.84,0.000777,0.001015,0.001675,9.007463,55.247581,0.00077698
5888802816,148171.0,0.003108,0.148682,0.001173,-0.178711,0.0,0.9355,0.8401,0.000872,0.001423,0.001697,9.415252,54.438782,0.00084998
5889589248,148151.0,-0.001759,0.133249,0.001193,-0.175781,0.0,0.9359,0.8413,0.00071,0.000993,0.00123,9.947314,53.847343,0.00110967
5890375680,148059.6,0.001454,0.128768,0.0012,-0.173828,0.0,0.9359,0.8406,0.000909,0.000849,0.001267,11.041731,50.207611,0.00080852
5891162112,148040.1,-0.001019,0.211946,0.001168,-0.176758,0.0,0.9359,0.8399,0.001506,0.001097,0.001724,8.52107,55.444668,0.00083264
5891948544,148020.5,-0.000412,0.173678,0.001189,-0.177734,0.0,0.9361,0.8384,0.001035,0.001041,0.001691,8.805209,54.853619,0.00089179
5892734976,147999.4,0.002386,0.161809,0.00118,-0.173828,0.0,0.936,0.8368,0.000897,0.001198,0.001568,8.705447,55.04599,0.00089313
5893521408,147880.3,0.00651,0.260188,0.001215,-0.181641,0.0,0.9359,0.8329,0.001161,0.001136,0.001532,10.344879,53.649811,0.00075767
5894307840,147861.1,0.007568,0.167337,0.001155,-0.181641,0.0,0.937,0.8314,0.00072,0.001362,0.001583,10.68773,53.17561,0.00087074
5895094272,147841.8,0.001999,0.178124,0.001205,-0.179688,0.0,0.9382,0.8292,0.000937,0.001106,0.001342,10.466727,52.39016,0.0008556
5895880704,147818.5,-0.007064,0.160566,0.001241,-0.175781,0.0,0.9389,0.8281,0.00068,0.000901,0.0011,8.536397,54.873653,0.00081074
5896667136,147739.5,0.006886,0.25058,0.001166,-0.167969,0.0,0.9394,0.8278,0.001002,0.001524,0.001947,8.546348,55.065659,0.00066322
5897453568,147720.2,-0.004179,0.125662,0.001127,-0.15625,0.0,0.94,0.827,0.000874,0.001078,0.00125,8.261187,55.090385,0.0008668
5898240000,147700.3,0.003066,0.188958,0.001146,-0.160156,0.0,0.9402,0.826,0.000636,0.000969,0.001199,8.895303,54.067787,0.00073802
5899026432,147615.9,-0.005211,0.141406,0.001209,-0.160156,0.0,0.9401,0.8246,0.000818,0.001038,0.001623,10.150222,52.514812,0.00074676
5899812864,147596.4,-0.004575,0.128068,0.001276,-0.168945,0.0,0.9407,0.8243,0.000652,0.000918,0.00144,8.088645,56.395638,0.00073886
5900599296,147576.7,-0.002425,0.133833,0.00133,-0.166992,0.0,0.9408,0.8239,0.000789,0.001105,0.001605,8.234675,56.00193,0.00078763
5901385728,147553.5,-0.005262,0.23351,0.0013,-0.182617,0.0,0.9409,0.823,0.00085,0.001326,0.001581,8.813307,55.375938,0.00072796
5902172160,147466.6,0.004323,0.212143,0.001279,-0.175781,0.0,0.9415,0.8234,0.000903,0.000968,0.001641,9.733066,54.441322,0.00095989
5902958592,147447.0,-0.004049,0.127549,0.001236,-0.162109,0.0,0.9417,0.8257,0.000623,0.000861,0.001293,10.102203,53.539276,0.00104611
5903745024,147427.5,-0.004938,0.158133,0.001225,-0.166016,0.0,0.9423,0.8284,0.000904,0.001141,0.001361,8.673141,55.679253,0.00071925
5904531456,147330.5,0.004567,0.165897,0.001201,-0.160156,0.0,0.9425,0.83,0.000823,0.001009,0.001404,8.201579,56.281708,0.00085869
5905317888,147311.3,-0.005986,0.213924,0.001224,-0.166016,0.0,0.9426,0.8297,0.000568,0.001185,0.001994,8.79984,55.467102,0.00075097
5906104320,147290.0,0.005111,0.16931,0.001221,-0.165039,0.0,0.9428,0.8286,0.000661,0.000875,0.001716,9.280504,54.740364,0.00090546
5906890752,147269.2,-0.009387,0.170632,0.00125,-0.166016,0.0,0.9432,0.8296,0.000765,0.00106,0.001684,9.00492,54.519176,0.00091565
5907677184,147165.5,-0.005528,0.14417,0.001206,-0.162109,0.0,0.9426,0.8275,0.000813,0.001209,0.001618,8.012383,55.250072,0.00083634
5908463616,147146.6,-0.000645,0.141268,0.001257,-0.163086,0.0,0.9433,0.8292,0.000804,0.000952,0.001246,8.012482,55.323486,0.00065028
5909250048,147124.2,0.001447,0.099079,0.001261,-0.158203,0.0,0.9434,0.8304,0.000896,0.000844,0.00115,8.13904,54.867889,0.00068667
5910036480,147032.8,0.002048,0.156422,0.001229,-0.168945,0.0,0.9431,0.8282,0.000792,0.000833,0.001058,8.851006,54.294594,0.00067927
5910822912,147013.2,0.001878,0.267812,0.001365,-0.173828,0.0,0.9432,0.8267,0.000759,0.001235,0.001542,9.938407,52.975857,0.00074669
5911609344,146993.9,-1.2e-05,0.24355,0.001361,-0.173828,0.0,0.9431,0.8251,0.000876,0.001059,0.001496,10.185827,51.737179,0.00077365
5912395776,146975.1,-0.001652,0.162155,0.001434,-0.179688,0.0,0.9427,0.8234,0.000874,0.001046,0.001412,8.626771,54.241013,0.00077237
5913182208,146883.9,-0.001985,0.234035,0.001263,-0.1875,0.0,0.9421,0.8216,0.001021,0.001249,0.001664,9.639389,54.281082,0.00076247
5913968640,146863.9,0.001489,0.203361,0.001277,-0.18457,0.0,0.9424,0.8219,0.000955,0.000952,0.001971,9.605334,53.806229,0.00080793
5914755072,146844.3,-0.000138,0.199417,0.001236,-0.178711,0.0,0.9415,0.8187,0.000829,0.001085,0.001416,9.948667,52.837322,0.00082624
5915541504,146755.2,0.002255,0.2327,0.001247,-0.179688,0.0,0.9409,0.816,0.001257,0.00091,0.001087,10.846542,49.734337,0.0008918
5916327936,146736.1,0.000404,0.184378,0.001186,-0.183594,0.0,0.9409,0.8174,0.000797,0.0011,0.001721,9.013636,54.722301,0.00089559
5917114368,146715.0,-0.001569,0.256247,0.001215,-0.186523,0.0,0.9403,0.8182,0.001034,0.001076,0.001779,9.108239,55.199596,0.00088864
5917900800,146695.6,0.001425,0.127835,0.001218,-0.178711,0.0,0.9395,0.8196,0.000597,0.000926,0.00135,8.996424,54.97113,0.0008658
5918687232,146612.0,0.00196,0.172307,0.001207,-0.174805,0.0,0.9389,0.8201,0.000762,0.001011,0.001655,9.309464,54.611671,0.00090988
5919473664,146591.4,-0.001939,0.153154,0.001208,-0.15918,0.0,0.9389,0.8221,0.00099,0.000946,0.001717,9.337727,53.370892,0.00081402
5920260096,146572.1,-0.00282,0.173963,0.001227,-0.160156,0.0,0.9389,0.8222,0.001018,0.000892,0.001327,9.626478,52.724754,0.00092273
5921046528,146551.6,0.005398,0.115325,0.001234,-0.15625,0.0,0.9386,0.8222,0.000789,0.000715,0.001175,7.829417,55.57048,0.00072762
5921832960,146445.9,0.00159,0.193563,0.001207,-0.163086,0.0,0.9383,0.8225,0.0012,0.001165,0.001552,8.477938,54.123116,0.00077276
5922619392,146426.8,0.001365,0.146744,0.001179,-0.171875,0.0,0.9376,0.821,0.000749,0.001131,0.001481,8.467488,54.15892,0.00080119
5923405824,146407.7,0.001975,0.145751,0.001227,-0.170898,0.0,0.9371,0.8193,0.000598,0.000823,0.001154,9.369867,52.921227,0.00075565
5924192256,146306.9,-0.000411,0.204213,0.001238,-0.177734,0.0,0.9369,0.8186,0.000799,0.00103,0.00121,10.628232,50.938812,0.00072349
5924978688,146287.9,-0.003737,0.165542,0.001229,-0.167969,0.0,0.9368,0.8197,0.000967,0.00107,0.001407,8.01808,55.23159,0.00089561
5925765120,146268.3,-0.003667,0.138191,0.001198,-0.170898,0.0,0.9366,0.8197,0.000987,0.001013,0.001404,8.653255,55.165199,0.00076457
5926551552,146249.2,-0.001906,0.143171,0.001335,-0.172852,0.0,0.9363,0.8201,0.001092,0.00101,0.001439,8.803043,54.437599,0.00082216
5927337984,146155.4,0.004052,0.227011,0.001318,-0.168945,0.0,0.9361,0.8188,0.000914,0.001269,0.001527,9.150655,52.684399,0.00086665
5928124416,146136.6,0.000969,0.181674,0.001277,-0.174805,0.0,0.9354,0.8157,0.000783,0.000971,0.001803,9.812708,52.151669,0.00080348
5928910848,146118.1,0.005228,0.161907,0.00127,-0.172852,0.0,0.9346,0.8148,0.000835,0.000871,0.001723,9.730525,51.903465,0.00071515
5929697280,146024.3,0.000553,0.205986,0.001279,-0.181641,0.0,0.9343,0.8141,0.000896,0.000934,0.001427,8.712978,55.491753,0.00075936
5930483712,146005.6,0.002342,0.173306,0.001292,-0.177734,0.0,0.9337,0.8119,0.000891,0.001113,0.001645,9.087564,54.55357,0.0008717
5931270144,145986.9,-0.002618,0.180344,0.001414,-0.168945,0.0,0.9341,0.8135,0.000592,0.000775,0.001211,9.463913,54.231651,0.00089535
5932056576,145966.0,0.010685,0.123282,0.001253,-0.161133,0.0,0.9332,0.8105,0.000676,0.000794,0.001251,9.374512,53.56123,0.00090989
5932843008,145870.8,-0.004318,0.22861,0.001205,-0.168945,0.0,0.9333,0.8091,0.000793,0.001312,0.00148,8.642764,52.815712,0.00073796
5933629440,145851.8,-0.002879,0.322681,0.001126,-0.172852,0.0,0.9337,0.8095,0.000802,0.00127,0.001404,8.177419,55.607311,0.0007012
5934415872,145833.0,0.000481,0.183621,0.001271,-0.172852,0.0,0.9338,0.8092,0.000927,0.001129,0.001504,8.810689,55.426247,0.00072941
5935202304,145760.9,0.001042,0.221628,0.001243,-0.177734,0.0,0.9339,0.81,0.000832,0.001045,0.001232,9.215653,54.483562,0.00076365
5935988736,145742.6,0.007452,0.098809,0.001177,-0.162109,0.0,0.9332,0.8099,0.000717,0.000838,0.001314,9.156654,53.427368,0.00099037
5936775168,145723.1,0.005351,0.102149,0.001186,-0.160156,0.0,0.9332,0.8123,0.000583,0.000642,0.001181,9.413213,52.474499,0.0008718
5937561600,145704.6,-0.002269,0.088452,0.001283,-0.163086,0.0,0.9332,0.8148,0.000763,0.000793,0.001158,8.323324,55.619682,0.00072637
5938348032,145609.9,0.004872,0.13565,0.001295,-0.170898,0.0,0.9335,0.8175,0.0012,0.000852,0.001118,8.326313,55.821312,0.00073758
5939134464,145589.0,0.000771,0.204426,0.001198,-0.173828,0.0,0.9339,0.8192,0.001136,0.000909,0.001183,8.849023,55.423229,0.00076059
5939920896,145571.0,0.00029,0.108446,0.001273,-0.166992,0.0,0.9342,0.8219,0.000959,0.000848,0.001199,9.252905,54.427673,0.00074626
5940707328,145487.9,0.002884,0.11527,0.001266,-0.163086,0.0,0.9343,0.8235,0.000896,0.000849,0.001197,10.211781,51.076317,0.00084619
5941493760,145469.8,-0.006125,0.231752,0.001199,-0.170898,0.0,0.9345,0.8238,0.001055,0.001043,0.00168,7.889786,56.175503,0.0010484
5942280192,145451.6,-0.00127,0.173429,0.001262,-0.166992,0.0,0.9345,0.8233,0.000682,0.001145,0.001244,8.090415,55.723457,0.00069473
5943066624,145432.9,-0.001429,0.144781,0.001216,-0.162109,0.0,0.9346,0.8237,0.000781,0.000942,0.001447,8.235998,55.063438,0.00076097
5943853056,145346.7,-0.004402,0.163248,0.001247,-0.165039,0.0,0.9342,0.8229,0.001114,0.000902,0.001658,8.935979,54.86219,0.00080993
5944639488,145328.0,-0.002502,0.162222,0.001366,-0.173828,0.0,0.9338,0.8214,0.001139,0.001058,0.00125,9.835423,53.982128,0.00085306
5945425920,145308.5,-0.002501,0.140319,0.001328,-0.172852,0.0,0.9338,0.8214,0.001521,0.00099,0.001512,10.263715,53.279175,0.00091936
5946212352,145289.9,0.000194,0.119705,0.001323,-0.170898,0.0,0.9333,0.819,0.000815,0.000921,0.001501,8.30104,55.830425,0.00086984
5946998784,145199.4,0.001034,0.179665,0.001326,-0.168945,0.0,0.9337,0.8203,0.000896,0.001024,0.001762,8.009386,55.636456,0.00072394
5947785216,145177.7,-0.004211,0.111675,0.001317,-0.166016,0.0,0.9338,0.8216,0.000571,0.000831,0.001103,8.564185,54.755951,0.00078656
5948571648,145158.9,-0.001895,0.180095,0.001292,-0.166992,0.0,0.934,0.8217,0.000576,0.00088,0.001169,9.310506,53.747932,0.00074252
5949358080,145060.6,0.005554,0.149853,0.001273,-0.166992,0.0,0.9331,0.8211,0.000811,0.000805,0.00154,10.35702,51.217632,0.00085675
5950144512,145041.4,-0.000943,0.16058,0.001185,-0.169922,0.0,0.933,0.821,0.000692,0.000948,0.001353,8.213748,55.728252,0.00087354
5950930944,145021.5,0.001926,0.165165,0.001222,-0.170898,0.0,0.9324,0.8206,0.000678,0.000791,0.001316,8.341059,55.664299,0.0007793
5951717376,145003.0,-0.002482,0.19959,0.001185,-0.177734,0.0,0.9326,0.822,0.000638,0.000916,0.001302,9.181909,55.150387,0.00092808
5952503808,144913.4,-0.000181,0.189041,0.001265,-0.182617,0.0,0.9325,0.8222,0.000644,0.000839,0.001378,9.5933,53.57888,0.00074835
5953290240,144895.3,-0.001724,0.142781,0.001246,-0.175781,0.0,0.9325,0.8248,0.000515,0.00076,0.001323,10.185822,52.800163,0.00086661
5954076672,144877.2,0.000856,0.132353,0.001219,-0.166992,0.0,0.9331,0.8274,0.000846,0.0008,0.001107,10.041171,51.842033,0.0008889
5954863104,144768.2,0.000182,0.2266,0.001147,-0.178711,0.0,0.9338,0.8304,0.000671,0.000987,0.001645,8.20436,56.144176,0.00086264
5955649536,144748.0,0.002132,0.217048,0.001279,-0.186523,0.0,0.9334,0.8285,0.000793,0.001036,0.001655,9.213735,54.667717,0.00076494
5956435968,144730.0,-0.003918,0.162016,0.001275,-0.182617,0.0,0.9325,0.8282,0.000637,0.000824,0.001127,10.1363,53.412483,0.00092687
5957222400,144712.2,-0.00326,0.17915,0.001315,-0.186523,0.0,0.9312,0.8255,0.000671,0.000899,0.001224,10.373789,52.751949,0.00084782
5958008832,144632.4,-0.001539,0.141062,0.001226,-0.179688,0.0,0.9294,0.8232,0.000805,0.001033,0.001436,10.06917,49.679516,0.00091685
5958795264,144614.9,-0.006433,0.092723,0.001278,-0.173828,0.0,0.9291,0.8254,0.000478,0.000738,0.001048,7.825428,55.953377,0.00074918
5959581696,144595.3,-0.000234,0.086202,0.001246,-0.172852,0.0,0.9284,0.8277,0.000513,0.000622,0.000972,8.534223,55.093674,0.00072848
5960368128,144506.3,0.002739,0.121931,0.001253,-0.173828,0.0,0.9281,0.8292,0.000957,0.000959,0.00117,9.212105,54.731472,0.00078594
5961154560,144488.2,0.004307,0.163616,0.001178,-0.173828,0.0,0.9289,0.8321,0.000917,0.000847,0.001086,10.160979,54.044151,0.00088102
5961940992,144468.9,-0.00263,0.147847,0.001101,-0.172852,0.0,0.9295,0.8316,0.000888,0.001033,0.001139,10.11309,52.926292,0.00080399
5962727424,144448.8,0.001215,0.11081,0.001215,-0.166992,0.0,0.9294,0.8303,0.000726,0.000875,0.001076,8.487316,55.400276,0.00078834
5963513856,144356.5,-0.001375,0.159708,0.001252,-0.176758,0.0,0.9297,0.8306,0.000888,0.001226,0.00149,8.698271,54.931244,0.00077537
5964300288,144338.3,-0.00506,0.146859,0.001278,-0.170898,0.0,0.9288,0.828,0.000908,0.001094,0.001327,8.927983,54.395866,0.00084241
5965086720,144320.2,-0.001862,0.124157,0.001336,-0.168945,0.0,0.9287,0.8281,0.0007,0.000663,0.00105,9.068674,53.560818,0.00068037
5965873152,144232.2,-0.006074,0.166961,0.001349,-0.171875,0.0,0.9286,0.8283,0.000691,0.00093,0.001281,9.787267,50.534252,0.00085558
5966659584,144214.3,0.003594,0.114418,0.001247,-0.161133,0.0,0.9286,0.8314,0.000647,0.000912,0.001318,8.201578,54.867413,0.00080036
5967446016,144196.3,0.002621,0.078282,0.00126,-0.165039,0.0,0.9287,0.8329,0.000627,0.000867,0.001125,8.25486,55.277122,0.00066125
5968232448,144178.2,0.000433,0.157191,0.00125,-0.175781,0.0,0.9287,0.8342,0.00067,0.000885,0.001318,8.446532,55.181183,0.00061629
5969018880,144086.1,-0.001677,0.12417,0.001233,-0.178711,0.0,0.9285,0.834,0.00065,0.000854,0.001497,9.243204,54.427849,0.00067377
5969805312,144068.0,0.001614,0.180838,0.001339,-0.178711,0.0,0.9285,0.8338,0.000786,0.0011,0.001508,9.984691,53.440716,0.0008973
5970591744,144050.2,-0.00372,0.124483,0.001282,-0.185547,0.0,0.928,0.8322,0.000661,0.000918,0.001414,10.59592,51.982098,0.00075955
5971378176,144032.3,0.002421,0.130058,0.001243,-0.182617,0.0,0.9281,0.8327,0.000712,0.000733,0.001218,9.199378,54.23489,0.00083591
5972164608,143943.7,0.004231,0.143045,0.001253,-0.186523,0.0,0.9284,0.8354,0.000824,0.001172,0.001437,8.833416,54.442345,0.00075022
5972951040,143925.5,0.00202,0.11777,0.001291,-0.179688,0.0,0.9277,0.8353,0.000824,0.000632,0.001248,9.319985,53.815086,0.00089638
5973737472,143906.2,0.004114,0.169191,0.001279,-0.189453,0.0,0.9278,0.8366,0.000749,0.000911,0.001355,9.867996,53.140259,0.00088318
5974523904,143811.5,-0.000989,0.113053,0.001265,-0.183594,0.0,0.9286,0.8397,0.00065,0.000814,0.001287,10.881111,51.159233,0.00084381
5975310336,143793.4,-0.009163,0.092887,0.001211,-0.172852,0.0,0.9287,0.8405,0.000703,0.00111,0.00128,8.396687,54.873604,0.00091393
5976096768,143775.3,-0.000215,0.089961,0.00118,-0.172852,0.0,0.9293,0.8432,0.000759,0.000859,0.001313,8.548589,55.428997,0.00084443
5976883200,143756.1,-0.004938,0.086428,0.001131,-0.165039,0.0,0.9299,0.8458,0.00072,0.000853,0.001284,8.509611,55.043816,0.00084022
5977669632,143666.2,0.004028,0.14735,0.001313,-0.176758,0.0,0.93,0.8461,0.000903,0.000792,0.001226,9.524533,54.161663,0.00076528
5978456064,143648.2,0.004842,0.196699,0.001257,-0.174805,0.0,0.93,0.8452,0.000912,0.000881,0.001251,9.995888,53.450645,0.00095139
5979242496,143629.4,0.003023,0.106871,0.001261,-0.171875,0.0,0.9298,0.8439,0.000666,0.000776,0.001132,10.279527,52.013199,0.00078269
5980028928,143544.2,0.005858,0.202769,0.001257,-0.18457,0.0,0.9302,0.8444,0.000714,0.000812,0.001395,8.890983,54.812099,0.00083807
5980815360,143524.7,0.003686,0.193437,0.001313,-0.18457,0.0,0.9306,0.8452,0.000661,0.001113,0.001335,9.199614,54.329132,0.00084251
5981601792,143507.0,0.002695,0.135452,0.001312,-0.172852,0.0,0.9315,0.8446,0.000764,0.001054,0.001339,9.067771,54.10183,0.00094344
5982388224,143489.7,-0.001635,0.152116,0.001342,-0.170898,0.0,0.9329,0.8467,0.000661,0.000946,0.001198,9.568527,53.647747,0.00074963
5983174656,143404.5,0.00178,0.211105,0.001241,-0.163086,0.0,0.934,0.8477,0.000877,0.00096,0.001791,9.852186,53.028698,0.00084618
5983961088,143387.2,0.003282,0.106977,0.001245,-0.164062,0.0,0.9348,0.8484,0.000607,0.001058,0.001335,7.802226,56.298096,0.00087261
5984747520,143370.0,0.001163,0.110192,0.001242,-0.157227,0.0,0.935,0.8494,0.000717,0.000604,0.000765,8.491256,55.646385,0.0007953
5985533952,143281.7,-0.006248,0.108965,0.001238,-0.170898,0.0,0.9348,0.85,0.000823,0.000718,0.00116,8.612458,54.845886,0.00075362
5986320384,143264.1,-0.005474,0.14902,0.001281,-0.174805,0.0,0.9344,0.8484,0.000927,0.001045,0.00179,9.388071,53.445854,0.00076881
5987106816,143246.6,0.001774,0.169818,0.001212,-0.171875,0.0,0.9341,0.847,0.001181,0.000924,0.001949,10.237645,53.020508,0.00072027
5987893248,143228.6,-0.003668,0.201619,0.001152,-0.180664,0.0,0.9335,0.8451,0.000929,0.001249,0.001682,10.074978,52.582745,0.00086338
5988679680,143144.5,0.00209,0.213244,0.00115,-0.18457,0.0,0.934,0.8469,0.000943,0.000841,0.0013,8.911291,56.11134,0.00090712
5989466112,143127.0,0.003026,0.153071,0.001104,-0.174805,0.0,0.9345,0.8499,0.000701,0.000749,0.001028,9.293513,55.309998,0.00081757
5990252544,143109.1,-0.001235,0.129273,0.001216,-0.173828,0.0,0.9342,0.8488,0.000709,0.000871,0.000972,9.350161,54.889721,0.00083433
5991038976,143020.1,3.6e-05,0.151334,0.001217,-0.172852,0.0,0.9343,0.8482,0.00078,0.000693,0.000996,9.923985,51.27005,0.00092365
5991825408,143002.3,-0.001479,0.142539,0.001238,-0.164062,0.0,0.9335,0.8454,0.000701,0.001048,0.001592,9.375378,52.467918,0.00099457
5992611840,142984.3,0.007633,0.254476,0.001207,-0.166992,0.0,0.9336,0.8449,0.000756,0.001087,0.001498,8.701263,55.794487,0.00078743
5993398272,142965.8,0.001636,0.122739,0.001212,-0.157227,0.0,0.9335,0.8448,0.000717,0.000946,0.0016,7.92383,55.251369,0.00074756
5994184704,142868.2,-0.001486,0.118126,0.001277,-0.167969,0.0,0.9333,0.8459,0.00091,0.000873,0.001212,8.767305,54.271385,0.00061545
5994971136,142848.9,-0.000921,0.168756,0.001398,-0.160156,0.0,0.933,0.8456,0.000831,0.000964,0.001407,9.239682,52.912445,0.00080893
5995757568,142831.6,0.001345,0.206884,0.001384,-0.158203,0.0,0.9328,0.844,0.000702,0.000872,0.001418,10.038456,52.711681,0.00091212
5996544000,142811.4,0.00247,0.13561,0.001363,-0.157227,0.0,0.9325,0.8417,0.001358,0.000732,0.00095,7.926822,55.908951,0.00072415
5997330432,142731.0,-0.002405,0.131666,0.001276,-0.160156,0.0,0.9329,0.8411,0.000829,0.001035,0.001452,8.04147,56.110237,0.00084647
5998116864,142713.7,-0.003295,0.096053,0.001282,-0.161133,0.0,0.9329,0.841,0.00061,0.000967,0.001602,8.249458,55.439301,0.00073765
5998903296,142696.4,0.002089,0.089187,0.001293,-0.161133,0.0,0.9327,0.8399,0.000495,0.00073,0.001109,8.962972,54.579571,0.00079845
5999689728,142600.8,-0.002504,0.151744,0.001319,-0.167969,0.0,0.9327,0.839,0.000752,0.000937,0.001115,10.111568,53.352989,0.00072085
6000476160,142583.5,0.004088,0.124973,0.00136,-0.165039,0.0,0.9329,0.8389,0.000547,0.000903,0.000923,7.934535,56.449657,0.0008896
6001262592,142566.5,-0.000781,0.225876,0.001282,-0.175781,0.0,0.933,0.8357,0.000852,0.000961,0.001275,8.389475,55.911053,0.00082755
6002049024,140455.6,0.004059,0.219595,0.001314,-0.177734,0.0,0.9329,0.8336,0.000861,0.000972,0.001004,8.8427,55.614845,0.00093255
6002835456,140375.5,0.003573,0.203928,0.001243,-0.167969,0.0,0.9326,0.833,0.000681,0.000989,0.001415,9.356123,53.904381,0.00086164
6003621888,140357.5,0.002242,0.164773,0.001238,-0.166016,0.0,0.9321,0.8322,0.000656,0.000811,0.001105,9.581488,53.149933,0.0009867
6004408320,140341.0,0.000612,0.162975,0.001236,-0.167969,0.0,0.9323,0.8323,0.000571,0.000835,0.001044,10.074508,51.890778,0.00089154
6005194752,140255.4,0.003143,0.208279,0.001204,-0.185547,0.0,0.9318,0.8314,0.000769,0.001168,0.001582,9.008888,56.013012,0.00073054
6005981184,140239.6,0.000956,0.227865,0.00125,-0.191406,0.0,0.9309,0.8305,0.001012,0.0011,0.001353,9.688658,55.036816,0.00082455
6006767616,140224.0,0.000111,0.194661,0.001269,-0.188477,0.0,0.9303,0.8293,0.000758,0.000791,0.001345,10.358341,54.175182,0.00091262
6007554048,140208.1,-0.002508,0.187174,0.001264,-0.19043,0.0,0.9301,0.8295,0.000783,0.000967,0.001237,10.171807,53.506767,0.00097228
6008340480,140130.3,0.003486,0.143542,0.001147,-0.180664,0.0,0.9294,0.8267,0.000809,0.000925,0.001299,10.547468,51.141922,0.00090317
6009126912,140113.8,0.003889,0.143348,0.00112,-0.174805,0.0,0.9293,0.8259,0.000821,0.000946,0.001455,8.296107,55.211395,0.00087893
6009913344,140098.0,0.002001,0.10986,0.001172,-0.175781,0.0,0.9289,0.8229,0.000537,0.000747,0.00116,8.889418,54.931488,0.00071008
6010699776,140019.6,0.004967,0.186805,0.001194,-0.182617,0.0,0.9288,0.8191,0.000548,0.000898,0.001074,9.482652,55.212105,0.00073109
6011486208,139998.0,0.003408,0.166131,0.001184,-0.173828,0.0,0.929,0.8196,0.000718,0.000886,0.001801,10.446759,53.709953,0.000923
6012272640,139980.9,0.001783,0.185043,0.001206,-0.172852,0.0,0.9289,0.8183,0.000791,0.00079,0.001518,10.51157,52.877441,0.0007481
6013059072,139964.3,0.001913,0.201297,0.001207,-0.169922,0.0,0.929,0.8187,0.000889,0.000798,0.00103,10.097858,53.119072,0.00095296
6013845504,139631.8,-0.004051,0.202299,0.001181,-0.18457,0.0,0.9292,0.8196,0.000974,0.000841,0.001422,8.781018,56.033691,0.00090713
6014631936,139615.0,0.000686,0.160337,0.001198,-0.175781,0.0,0.9287,0.8179,0.000674,0.000946,0.00118,9.141747,55.686035,0.00099166
6015418368,139598.9,0.002461,0.204064,0.001204,-0.178711,0.0,0.9284,0.8149,0.000621,0.000815,0.001366,9.876407,55.216232,0.00087628
6016204800,139514.4,-0.000954,0.182397,0.001231,-0.180664,0.0,0.928,0.8128,0.00058,0.00076,0.001357,10.799686,52.039181,0.00089605
6016991232,139498.6,-0.005255,0.128988,0.001242,-0.173828,0.0,0.9273,0.8097,0.000953,0.000955,0.001554,10.470511,52.160889,0.00091653
6017777664,139483.0,0.004338,0.12147,0.001325,-0.170898,0.0,0.9273,0.8101,0.000489,0.000784,0.00134,7.527281,57.002441,0.00067997
6018564096,139466.8,0.001165,0.160275,0.001261,-0.180664,0.0,0.9275,0.8103,0.000877,0.000976,0.001311,8.689881,55.74337,0.00077508
6019350528,139395.5,-0.00471,0.119526,0.001314,-0.176758,0.0,0.9276,0.8096,0.000596,0.000747,0.001005,8.879916,54.648308,0.00088235
6020136960,139379.4,0.004616,0.158111,0.001345,-0.171875,0.0,0.9279,0.8103,0.000553,0.000799,0.001485,9.727423,53.584442,0.00085592
6020923392,139363.4,-0.003675,0.142237,0.001246,-0.165039,0.0,0.9281,0.8122,0.000532,0.000669,0.000956,10.034362,52.880035,0.00092553
6021709824,139347.6,-0.005828,0.122914,0.001241,-0.165039,0.0,0.9281,0.8122,0.000642,0.000906,0.00103,8.538411,55.208019,0.00075496
6022496256,139272.5,0.003882,0.202144,0.001219,-0.172852,0.0,0.9285,0.8142,0.00089,0.000768,0.001105,8.491317,55.482964,0.00083892
6023282688,139256.7,-0.000721,0.117808,0.001254,-0.166016,0.0,0.9295,0.8173,0.000915,0.00077,0.001067,8.795318,54.983685,0.00085386
6024069120,139241.0,-0.005778,0.140718,0.001309,-0.169922,0.0,0.9297,0.8178,0.000824,0.0008,0.00084,9.282207,54.837673,0.00074977
6024855552,139170.8,0.000681,0.163632,0.001165,-0.173828,0.0,0.9299,0.8168,0.00091,0.000889,0.001392,10.477505,52.447754,0.00069889
6025641984,139153.1,0.000931,0.13192,0.001124,-0.170898,0.0,0.9303,0.8182,0.000614,0.000942,0.001092,8.834127,54.833019,0.0008165
6026428416,139137.4,0.006034,0.130069,0.001127,-0.175781,0.0,0.9302,0.8199,0.000608,0.00096,0.001125,8.505409,55.45594,0.00075912
6027214848,139121.5,-0.006021,0.164409,0.001151,-0.179688,0.0,0.9306,0.8237,0.000619,0.000854,0.001243,9.345876,55.237129,0.00080488
6028001280,139045.4,-0.006036,0.142569,0.001172,-0.167969,0.0,0.931,0.825,0.000989,0.000759,0.001154,9.017189,54.612915,0.00085957
6028787712,139029.9,0.004113,0.28485,0.001178,-0.172852,0.0,0.9319,0.8256,0.000692,0.000769,0.001146,9.747358,53.694115,0.00089932
6029574144,139014.5,0.007862,0.204709,0.001115,-0.167969,0.0,0.9326,0.8253,0.00061,0.000919,0.001104,10.021063,53.267815,0.00078
6030360576,138935.7,-0.001775,0.14898,0.00122,-0.175781,0.0,0.9326,0.8255,0.00073,0.000832,0.001172,8.591374,56.103447,0.0008096
6031147008,138920.1,-0.003698,0.167388,0.001182,-0.177734,0.0,0.9337,0.8281,0.000778,0.000819,0.001197,9.311857,55.570099,0.00083856
6031933440,138904.6,-0.004265,0.141793,0.001274,-0.176758,0.0,0.9344,0.8312,0.000565,0.000805,0.001456,9.567991,54.797791,0.00077306
6032719872,138889.0,-4.9e-05,0.189934,0.00127,-0.179688,0.0,0.9353,0.8333,0.000729,0.000846,0.001187,9.960806,54.235287,0.00081015
6033506304,138817.9,0.005094,0.173678,0.001167,-0.178711,0.0,0.9347,0.8317,0.000571,0.000797,0.001536,10.166131,51.776054,0.00097586
6034292736,138802.5,0.003047,0.148051,0.001142,-0.171875,0.0,0.9348,0.8331,0.00062,0.00065,0.001442,8.646857,55.586143,0.0009347
6035079168,138787.1,-0.000208,0.07557,0.001153,-0.170898,0.0,0.9345,0.8329,0.000535,0.000682,0.000935,8.156573,55.946484,0.00083771
6035865600,138711.4,0.000731,0.181163,0.001164,-0.180664,0.0,0.9347,0.8353,0.000819,0.000774,0.000994,9.029999,55.529724,0.00083398
6036652032,138695.2,-0.003291,0.135151,0.001212,-0.169922,0.0,0.935,0.8368,0.000522,0.000822,0.001118,9.443099,53.880108,0.00094648
6037438464,138679.4,0.002725,0.119888,0.001194,-0.165039,0.0,0.9344,0.8368,0.000628,0.000889,0.001024,9.486285,53.730156,0.00081315
6038224896,138663.3,0.008083,0.136016,0.001223,-0.166992,0.0,0.9354,0.8408,0.000516,0.000678,0.000881,10.133798,52.770386,0.00073537
6039011328,138583.1,-0.003707,0.110749,0.001178,-0.166992,0.0,0.9361,0.8428,0.000453,0.000776,0.001101,7.903418,55.615387,0.00065177
6039797760,138567.8,0.002707,0.097104,0.001159,-0.164062,0.0,0.9367,0.8469,0.000683,0.000751,0.001018,8.36952,55.240368,0.00078542
6040584192,138552.3,0.001684,0.136073,0.001181,-0.166016,0.0,0.9375,0.8501,0.000549,0.000758,0.000872,9.368007,54.360168,0.00071499
6041370624,138477.9,-0.003264,0.130213,0.001205,-0.166016,0.0,0.9385,0.8538,0.000504,0.000684,0.001051,9.638577,52.777184,0.00071249
6042157056,138461.9,-0.003407,0.12177,0.001094,-0.166992,0.0,0.9395,0.8558,0.000822,0.000982,0.0011,9.602139,53.181358,0.00073846
6042943488,138446.0,-0.002404,0.130866,0.001091,-0.173828,0.0,0.9401,0.8584,0.000716,0.0007,0.001147,8.968818,55.410686,0.00084514
6043729920,138428.7,0.00263,0.174142,0.001116,-0.178711,0.0,0.9404,0.8588,0.00068,0.000718,0.001313,8.808932,55.91095,0.00087678
6044516352,138350.5,-0.000653,0.125773,0.001305,-0.172852,0.0,0.9411,0.8599,0.000525,0.000643,0.001066,9.148005,54.344231,0.00079391
6045302784,138333.8,0.002771,0.134257,0.001257,-0.165039,0.0,0.9413,0.8614,0.00051,0.000549,0.000899,9.354083,53.397003,0.00083912
6046089216,138317.8,-0.002433,0.089102,0.001329,-0.160156,0.0,0.9415,0.8628,0.000578,0.000733,0.00095,8.964774,53.335655,0.00087619
6046875648,138301.3,-0.001747,0.166434,0.001331,-0.169922,0.0,0.9414,0.8615,0.000849,0.001035,0.001142,9.193872,52.837975,0.00071292
6047662080,138233.0,-0.0004,0.282173,0.0013,-0.188477,0.0,0.9407,0.8584,0.000616,0.000807,0.001162,8.641818,55.24371,0.00073507
6048448512,138217.4,-0.000288,0.354841,0.001283,-0.198242,0.0,0.9401,0.8563,0.0007,0.001064,0.001455,9.838777,54.298409,0.00096286
6049234944,138201.6,-0.003067,0.202888,0.001276,-0.200195,0.0,0.9392,0.8531,0.000761,0.001297,0.001766,10.304217,53.327415,0.00086638
6050021376,138128.0,0.004724,0.196322,0.001285,-0.193359,0.0,0.9387,0.8515,0.000769,0.001034,0.001542,10.892817,50.17564,0.00088482
6050807808,138112.1,0.000815,0.303381,0.001195,-0.193359,0.0,0.9377,0.8456,0.000738,0.000938,0.001555,10.586282,50.559784,0.0009425
6051594240,138095.9,0.004636,0.199072,0.001222,-0.186523,0.0,0.9366,0.8408,0.001072,0.00088,0.00142,8.922446,54.421043,0.00098402
6052380672,138079.6,0.000303,0.166249,0.001219,-0.180664,0.0,0.9356,0.839,0.000698,0.000855,0.00148,8.77425,54.247932,0.00084384
6053167104,138010.4,0.00178,0.217561,0.001277,-0.172852,0.0,0.9344,0.838,0.000777,0.001126,0.001822,9.073416,54.165737,0.00082524
6053953536,137994.4,0.001048,0.248311,0.00127,-0.174805,0.0,0.934,0.8382,0.000962,0.000869,0.001265,10.301231,53.365204,0.00083824
6054739968,137978.3,-0.002919,0.119957,0.00124,-0.166992,0.0,0.9333,0.8376,0.000577,0.000652,0.000902,9.744794,52.383705,0.00095151
6055526400,137898.1,-0.003534,0.143624,0.001402,-0.173828,0.0,0.9324,0.8366,0.000858,0.000813,0.00129,8.076956,56.162254,0.0007748
6056312832,137881.8,0.00138,0.214766,0.001292,-0.172852,0.0,0.9322,0.8371,0.000676,0.00101,0.001368,8.899811,55.149803,0.0008493
6057099264,137864.9,-0.004105,0.176158,0.001309,-0.170898,0.0,0.9314,0.8356,0.000701,0.000822,0.001143,8.677866,54.922485,0.00094538
6057885696,137848.8,-0.001139,0.146786,0.001338,-0.162109,0.0,0.9308,0.8356,0.000705,0.000698,0.001072,9.132506,54.557537,0.00091644
6058672128,137776.5,-0.003373,0.116053,0.001342,-0.157227,0.0,0.9302,0.8357,0.000663,0.000714,0.001015,9.319473,52.477257,0.00072956
6059458560,137761.3,-0.002615,0.110234,0.001323,-0.150391,0.0,0.9301,0.8355,0.000533,0.000748,0.001144,7.507645,55.934204,0.000737
6060244992,137744.1,0.009731,0.231325,0.001301,-0.163086,0.0,0.9299,0.8332,0.000728,0.000925,0.001324,7.874884,56.055847,0.00073625
6061031424,137670.5,-0.000333,0.21311,0.001411,-0.163086,0.0,0.9306,0.8356,0.001268,0.000807,0.001125,8.259536,56.070171,0.00077083
6061817856,137654.9,-0.003579,0.164708,0.001377,-0.158203,0.0,0.9295,0.8329,0.001482,0.000798,0.001517,8.81009,54.905254,0.00079876
6062604288,137638.7,-0.000464,0.198702,0.001319,-0.161133,0.0,0.9293,0.831,0.001491,0.000774,0.001004,8.995519,53.863049,0.000709
6063390720,137622.6,0.000851,0.146873,0.001243,-0.158203,0.0,0.928,0.8277,0.000988,0.000842,0.001095,9.310189,52.962914,0.00074291
6064177152,137549.7,0.000144,0.200264,0.001232,-0.160156,0.0,0.9276,0.8262,0.000617,0.000719,0.000813,7.786866,56.41391,0.00072957
6064963584,137533.8,0.001534,0.159943,0.00125,-0.160156,0.0,0.9265,0.8234,0.000468,0.000746,0.001001,8.143276,56.010628,0.00059021
6065750016,137517.0,-0.005725,0.153792,0.001251,-0.160156,0.0,0.9259,0.8204,0.000783,0.000701,0.001089,8.68379,55.411247,0.0005844
6066536448,137415.6,0.006244,0.162435,0.001241,-0.15625,0.0,0.925,0.818,0.000593,0.000499,0.000947,9.241665,53.293785,0.00075399
6067322880,137399.7,-0.0002,0.136628,0.001321,-0.145508,0.0,0.9243,0.8164,0.000445,0.000779,0.001057,9.283873,53.170727,0.00081389
6068109312,137384.0,0.005162,0.223184,0.001264,-0.15332,0.0,0.9245,0.815,0.000533,0.000699,0.001131,7.449477,56.693462,0.00065119
6068895744,137367.9,0.001455,0.141798,0.001216,-0.154297,0.0,0.9239,0.814,0.000539,0.000679,0.001164,7.99111,56.063072,0.000753
6069682176,137288.4,-0.001261,0.199435,0.00137,-0.166016,0.0,0.9228,0.8113,0.000535,0.000835,0.001155,8.487655,55.243206,0.00066996
6070468608,137272.1,0.004036,0.19814,0.001365,-0.166016,0.0,0.9222,0.8088,0.000443,0.000616,0.001091,8.773167,54.953651,0.00074357
6071255040,137255.7,-0.006459,0.08109,0.00144,-0.161133,0.0,0.922,0.808,0.00041,0.000685,0.000924,9.546944,54.648315,0.00074374
6072041472,137239.9,-0.002896,0.089214,0.001393,-0.166016,0.0,0.9222,0.8071,0.000636,0.000592,0.001063,9.883371,54.066631,0.00073032
6072827904,137145.9,0.001005,0.149558,0.001235,-0.158203,0.0,0.9224,0.8069,0.000578,0.000791,0.001325,8.190523,56.464966,0.00068237
6073614336,137127.6,-0.00245,0.097261,0.001213,-0.155273,0.0,0.9225,0.8103,0.000522,0.000693,0.000968,8.609759,56.289536,0.00074014
6074400768,137110.2,0.001493,0.08676,0.001215,-0.154297,0.0,0.9232,0.8133,0.000475,0.000603,0.00078,8.035939,55.729858,0.00077245
6075187200,137027.2,-1e-06,0.123107,0.001317,-0.162109,0.0,0.9239,0.817,0.00061,0.000694,0.00085,9.362276,53.566856,0.00065775
6075973632,137012.1,-0.006857,0.120894,0.001288,-0.166992,0.0,0.925,0.8197,0.000565,0.000825,0.000963,9.584904,52.388245,0.00071069
6076760064,136996.5,0.008342,0.209325,0.001349,-0.174805,0.0,0.9253,0.8216,0.000631,0.000894,0.001297,8.357033,55.283905,0.00071374
6077546496,136980.9,-0.005894,0.112008,0.001317,-0.166992,0.0,0.9265,0.8251,0.000815,0.00069,0.001068,8.543352,55.395653,0.00084117
6078332928,136906.9,0.000632,0.076627,0.001336,-0.161133,0.0,0.927,0.8269,0.000572,0.00093,0.000944,8.357447,54.422527,0.00074428
6079119360,136892.2,0.000312,0.171579,0.001336,-0.162109,0.0,0.9279,0.8304,0.000497,0.000762,0.00116,8.886678,54.202782,0.00075215
6079905792,136877.5,0.000396,0.1115,0.001279,-0.162109,0.0,0.9288,0.8322,0.000709,0.000602,0.000931,9.582581,53.280041,0.00074178
6080692224,136808.2,-0.001772,0.084348,0.001344,-0.162109,0.0,0.9295,0.8339,0.000559,0.000688,0.000872,8.302865,55.474987,0.00083137
6081478656,136793.6,-0.004882,0.143107,0.001197,-0.169922,0.0,0.9288,0.8318,0.000638,0.000893,0.001031,8.552884,55.363098,0.00082976
6082265088,136779.0,0.003728,0.150678,0.001225,-0.166016,0.0,0.9296,0.8325,0.000756,0.000894,0.001709,9.05662,54.342236,0.00067325
6083051520,136763.8,-0.0021,0.083067,0.00121,-0.168945,0.0,0.9298,0.8321,0.000462,0.000638,0.000844,9.230961,54.214668,0.00075715
6083837952,136687.6,0.007011,0.164665,0.001275,-0.160156,0.0,0.9306,0.8332,0.000531,0.000743,0.001273,9.171314,52.746178,0.00075196
6084624384,136672.7,0.000105,0.161123,0.001288,-0.161133,0.0,0.9307,0.8324,0.000396,0.000693,0.001124,8.089988,55.286118,0.00073542
6085410816,136657.4,0.005024,0.185458,0.001271,-0.165039,0.0,0.931,0.8333,0.000839,0.000826,0.001119,8.549417,55.254295,0.00069056
6086197248,136564.5,0.003546,0.119611,0.001269,-0.161133,0.0,0.9321,0.8359,0.000724,0.000661,0.001024,8.233049,56.315033,0.00066759
6086983680,136548.7,0.002819,0.13583,0.001187,-0.163086,0.0,0.9341,0.8408,0.000306,0.00065,0.000967,8.758361,54.572063,0.00064662
6087770112,136533.0,0.003336,0.193609,0.001187,-0.166992,0.0,0.9361,0.8436,0.00056,0.000918,0.001176,9.275168,54.168884,0.0006679
6088556544,136516.3,0.001781,0.141916,0.001137,-0.165039,0.0,0.9375,0.8466,0.000532,0.000732,0.001225,9.491318,53.493328,0.00073291
6089342976,136431.6,-0.003939,0.173058,0.001215,-0.180664,0.0,0.9382,0.8478,0.000456,0.001115,0.001562,8.950817,56.020584,0.00066297
6090129408,136414.0,-0.004364,0.273826,0.001254,-0.191406,0.0,0.939,0.847,0.000526,0.000932,0.001748,10.38665,54.984158,0.00085826
6090915840,136397.6,-0.003989,0.245901,0.001223,-0.191406,0.0,0.9393,0.8432,0.000729,0.00092,0.001465,9.69497,55.20015,0.00092462
6091702272,136321.2,0.000854,0.229442,0.001211,-0.186523,0.0,0.9391,0.8427,0.000692,0.000837,0.001285,9.538677,52.674522,0.00087518
6092488704,136305.2,0.001407,0.110022,0.001234,-0.162109,0.0,0.9394,0.8437,0.000564,0.00052,0.001057,9.920877,52.330681,0.00110158
6093275136,136289.9,-0.002253,0.097878,0.001321,-0.160156,0.0,0.9399,0.8471,0.000542,0.000788,0.001426,8.197367,56.558685,0.00083655
6094061568,136274.0,-0.00254,0.187139,0.001308,-0.166992,0.0,0.9396,0.8457,0.000849,0.000702,0.00163,8.41209,56.238457,0.00084005
6094848000,136185.6,-0.004813,0.179104,0.00116,-0.174805,0.0,0.9396,0.8452,0.000625,0.000754,0.001015,8.666061,55.14727,0.00068522
6095634432,136168.9,0.004052,0.155474,0.0011,-0.168945,0.0,0.9397,0.8463,0.000593,0.000703,0.0011,9.164013,54.130047,0.00077124
6096420864,136151.9,0.003405,0.150088,0.001153,-0.167969,0.0,0.9395,0.8459,0.000526,0.000681,0.001285,9.454781,52.96431,0.0009225
6097207296,136136.5,-0.001726,0.146539,0.001113,-0.169922,0.0,0.94,0.8462,0.000526,0.000739,0.001061,10.478837,51.887718,0.00080859
6097993728,136046.3,0.000463,0.212629,0.001264,-0.191406,0.0,0.94,0.8452,0.000725,0.000914,0.001535,8.711536,55.626995,0.00088869
6098780160,136031.2,-0.00473,0.228396,0.00125,-0.185547,0.0,0.9404,0.8436,0.000695,0.000952,0.001239,9.475784,55.394737,0.0009947
6099566592,136016.7,-0.000123,0.193541,0.00129,-0.183594,0.0,0.9404,0.8439,0.000684,0.000906,0.001196,9.880607,54.819866,0.00086166
6100353024,135933.7,-0.003687,0.225976,0.001277,-0.180664,0.0,0.9406,0.8453,0.000575,0.000781,0.001038,9.948287,52.88736,0.00083184
6101139456,135919.3,-0.004799,0.106363,0.001224,-0.167969,0.0,0.9416,0.8487,0.00042,0.000678,0.0008,10.568269,52.242218,0.00098287
6101925888,135904.8,-0.003946,0.102882,0.001308,-0.170898,0.0,0.9415,0.8479,0.000439,0.000576,0.000949,8.988732,55.650066,0.00084859
6102712320,135889.9,0.004493,0.172073,0.001311,-0.168945,0.0,0.9413,0.8484,0.00063,0.000599,0.000821,8.846135,55.812195,0.00079502
6103498752,135746.8,-0.005003,0.147192,0.001266,-0.182617,0.0,0.9414,0.8469,0.000597,0.000929,0.001423,9.155194,54.76408,0.00080652
6104285184,135731.1,-0.002351,0.120506,0.001341,-0.170898,0.0,0.9413,0.8455,0.000694,0.000748,0.000983,9.460204,53.794792,0.00081623
6105071616,135716.6,0.001607,0.121942,0.001305,-0.171875,0.0,0.9422,0.8485,0.000637,0.000754,0.000811,9.950364,53.559765,0.00066901
6105858048,135606.3,-0.003047,0.148868,0.001247,-0.181641,0.0,0.9427,0.8496,0.000525,0.000834,0.001373,8.912381,56.087383,0.00080103
6106644480,135590.6,-0.000841,0.271964,0.001238,-0.207031,0.0,0.9429,0.8467,0.000825,0.001011,0.001416,10.158935,56.002724,0.00088682
6107430912,135574.6,-5.7e-05,0.181113,0.001256,-0.202148,0.0,0.9425,0.8448,0.000593,0.00092,0.001174,10.994768,55.120651,0.00088965
6108217344,135558.5,-0.001679,0.243311,0.001213,-0.208984,0.0,0.9421,0.8417,0.000613,0.000986,0.00121,11.481688,53.794647,0.00106305
6109003776,135482.7,-0.003442,0.168382,0.001234,-0.19043,0.0,0.9421,0.8418,0.001318,0.00085,0.00118,11.326113,52.723434,0.00102119
6109790208,135465.3,0.001827,0.17809,0.001212,-0.181641,0.0,0.9415,0.8398,0.000657,0.000851,0.001279,10.74724,52.70573,0.00083693
6110576640,135449.5,-0.002814,0.144177,0.001222,-0.181641,0.0,0.9411,0.838,0.000888,0.00102,0.001583,8.995153,55.424324,0.00102661
6111363072,135312.6,5.2e-05,0.18231,0.001237,-0.1875,0.0,0.9409,0.8379,0.000842,0.000733,0.001485,8.597748,56.728897,0.00080339
6112149504,135297.8,-0.005382,0.137118,0.001315,-0.181641,0.0,0.9401,0.8358,0.000671,0.000532,0.001138,9.626568,54.49559,0.00076482
6112935936,135283.8,-0.00223,0.105414,0.001275,-0.174805,0.0,0.9401,0.8361,0.000669,0.000596,0.000952,9.962676,53.667801,0.00085916
6113722368,135269.9,0.002087,0.118291,0.001336,-0.172852,0.0,0.9402,0.8392,0.000563,0.000505,0.000908,10.214868,53.590099,0.00094834
6114508800,135194.7,-0.004292,0.089711,0.001155,-0.166992,0.0,0.94,0.8399,0.000474,0.000595,0.000885,8.597757,56.384563,0.00080708
6115295232,135180.8,0.005559,0.123629,0.001155,-0.171875,0.0,0.9415,0.8495,0.000537,0.000575,0.001103,9.058021,56.48167,0.0007526
6116081664,135166.9,0.000128,0.144181,0.001136,-0.170898,0.0,0.943,0.8532,0.000313,0.000413,0.000739,9.272849,55.089336,0.00083128
6116868096,135084.6,0.006231,0.151863,0.001144,-0.174805,0.0,0.9436,0.8541,0.000543,0.000524,0.000803,9.875141,52.023022,0.00084902
6117654528,135069.2,-0.001642,0.142004,0.001095,-0.166992,0.0,0.9431,0.8522,0.00061,0.000882,0.001166,9.917378,52.481773,0.00088649
6118440960,135054.8,0.001141,0.141531,0.001102,-0.158203,0.0,0.9427,0.8524,0.0005,0.000657,0.000801,8.133321,55.715511,0.00083291
6119227392,135040.6,-0.001155,0.13872,0.00111,-0.172852,0.0,0.943,0.8532,0.000853,0.000959,0.001321,8.024164,55.854229,0.00077752
6120013824,134958.5,-0.001263,0.144683,0.001233,-0.175781,0.0,0.9422,0.8508,0.000703,0.000698,0.001223,8.790554,55.358501,0.00068764
6120800256,134942.9,0.001678,0.151651,0.001451,-0.174805,0.0,0.9425,0.8496,0.000469,0.000752,0.001073,9.723742,54.294975,0.00071874
6121586688,134928.8,0.001766,0.174733,0.001338,-0.179688,0.0,0.9424,0.8483,0.00054,0.000682,0.000921,10.51991,53.395611,0.00068206
6122373120,134914.3,-0.002575,0.213409,0.001337,-0.183594,0.0,0.9425,0.8477,0.000487,0.000678,0.000753,10.720573,52.77121,0.00070729
6123159552,134836.7,0.002644,0.123594,0.001285,-0.171875,0.0,0.9428,0.8492,0.000425,0.000626,0.000893,8.369116,55.775146,0.0007906
6123945984,134821.9,-0.00333,0.170226,0.00126,-0.172852,0.0,0.9429,0.8496,0.000615,0.000581,0.001129,8.865003,55.382927,0.00082487
6124732416,134807.1,-0.004384,0.113859,0.001255,-0.165039,0.0,0.9424,0.8469,0.000558,0.000664,0.001013,9.050614,55.013664,0.00078527
6125518848,134729.6,-0.000166,0.136802,0.00125,-0.162109,0.0,0.9431,0.849,0.000403,0.000684,0.000992,8.87967,53.882214,0.00075829
6126305280,134715.9,-0.000729,0.103616,0.001219,-0.157227,0.0,0.9437,0.8506,0.000396,0.000517,0.000887,9.19181,53.51416,0.00067469
6127091712,134702.5,-0.002843,0.120814,0.001192,-0.165039,0.0,0.9441,0.8517,0.000492,0.000688,0.001104,8.705205,55.782085,0.00073154
6127878144,134689.0,-0.003354,0.14726,0.001106,-0.165039,0.0,0.9445,0.8549,0.000528,0.000751,0.001006,8.592913,56.097275,0.00071824
6128664576,134610.6,-0.002128,0.091396,0.001256,-0.164062,0.0,0.9441,0.8546,0.000548,0.000779,0.000987,8.780423,55.735802,0.00075413
6129451008,134596.7,-0.004429,0.132377,0.001271,-0.166016,0.0,0.944,0.8566,0.000486,0.000704,0.000858,9.642897,54.847656,0.00086785
6130237440,134582.9,0.002561,0.175244,0.001249,-0.173828,0.0,0.9439,0.8601,0.000562,0.000701,0.000967,9.499495,53.455444,0.00073838
6131023872,134515.5,-0.004711,0.103194,0.00124,-0.170898,0.0,0.944,0.8608,0.000683,0.000852,0.001107,8.108769,55.79237,0.00067812
6131810304,134501.8,-0.001169,0.150959,0.001286,-0.170898,0.0,0.9437,0.8634,0.000662,0.00078,0.001095,8.101827,55.127953,0.00069772
6132596736,134488.1,0.003033,0.112406,0.0013,-0.162109,0.0,0.9428,0.8629,0.000384,0.000662,0.001066,8.247751,54.854321,0.00063188
6133383168,134473.3,0.001198,0.144815,0.001291,-0.165039,0.0,0.9423,0.8629,0.00044,0.00065,0.000704,8.58042,54.233959,0.00065639
6134169600,134321.0,0.003187,0.19421,0.001269,-0.167969,0.0,0.9418,0.8625,0.000601,0.000779,0.000881,9.350965,53.104504,0.0007296
6134956032,134305.0,-0.000116,0.130432,0.001134,-0.168945,0.0,0.9412,0.8621,0.000566,0.000717,0.001027,9.597525,52.38089,0.00074875
6135742464,134290.8,0.003001,0.120445,0.001163,-0.179688,0.0,0.9411,0.864,0.000928,0.000871,0.001133,8.641395,55.641064,0.00073212
6136528896,134213.5,0.001129,0.192397,0.001148,-0.18457,0.0,0.9404,0.8624,0.000694,0.000714,0.00127,8.862241,55.631889,0.00075661
6137315328,134198.7,-0.004109,0.107962,0.001181,-0.170898,0.0,0.9396,0.861,0.000535,0.000774,0.001094,8.79815,53.908218,0.00085942
6138101760,134184.2,-0.001555,0.124109,0.001214,-0.172852,0.0,0.9386,0.8585,0.00063,0.000793,0.001191,9.506018,53.350456,0.00081626
6138888192,134170.3,0.001718,0.178497,0.001222,-0.169922,0.0,0.9376,0.8552,0.000537,0.00061,0.000989,10.012932,52.84848,0.00082614
6139674624,134099.6,-0.000877,0.120106,0.001162,-0.174805,0.0,0.9367,0.8528,0.001065,0.000847,0.000995,8.049636,56.795349,0.00087261
6140461056,134084.7,-0.004054,0.128791,0.001271,-0.172852,0.0,0.936,0.8526,0.000802,0.000702,0.000961,8.487391,56.517696,0.00078773
6141247488,134070.9,-0.003282,0.170934,0.001219,-0.172852,0.0,0.9354,0.8517,0.000872,0.000811,0.001016,9.012624,55.973705,0.00087191
6142033920,133994.6,-0.006266,0.116875,0.001224,-0.173828,0.0,0.9355,0.8516,0.000699,0.000636,0.001152,8.632442,53.401379,0.00071342
6142820352,133980.1,-0.004575,0.105709,0.001239,-0.160156,0.0,0.936,0.8531,0.000477,0.00057,0.000809,9.649512,53.489616,0.00080916
6143606784,133964.3,-0.001499,0.140129,0.001252,-0.166016,0.0,0.936,0.8536,0.000554,0.00071,0.00119,8.085666,55.8815,0.000746
6144393216,133948.3,-0.001733,0.213205,0.001142,-0.174805,0.0,0.9354,0.8525,0.000525,0.000898,0.001473,9.008467,55.578011,0.00077097
6145179648,133864.8,0.001354,0.179578,0.00124,-0.181641,0.0,0.935,0.8524,0.000633,0.000776,0.001187,9.843497,55.745918,0.00077637
6145966080,133850.1,-0.000117,0.258321,0.001214,-0.185547,0.0,0.9347,0.8518,0.000766,0.000806,0.001284,10.446675,55.111893,0.00092016
6146752512,133835.9,-0.003952,0.232559,0.001209,-0.189453,0.0,0.9341,0.8496,0.000861,0.001018,0.0012,10.600282,54.068413,0.00084696
6147538944,133752.3,-0.003975,0.220911,0.001229,-0.178711,0.0,0.9331,0.8449,0.00057,0.000723,0.001052,11.031215,53.836754,0.0010753
6148325376,133736.1,-0.007353,0.172716,0.001266,-0.182617,0.0,0.9326,0.8433,0.000809,0.000759,0.001014,8.311276,56.609894,0.00083443
6149111808,133722.1,0.008112,0.194446,0.001259,-0.179688,0.0,0.9315,0.8406,0.000869,0.000687,0.001147,9.110233,56.218353,0.00089771
6149898240,133707.7,0.001507,0.20586,0.00136,-0.186523,0.0,0.9302,0.8359,0.00059,0.000792,0.001051,10.113773,55.420044,0.00081763
6150684672,133622.2,0.00404,0.248246,0.001276,-0.183594,0.0,0.9281,0.83,0.000541,0.000578,0.001112,9.914271,53.296387,0.00092197
6151471104,133608.2,0.002548,0.135375,0.001145,-0.164062,0.0,0.9263,0.8265,0.000542,0.000598,0.001018,10.418992,51.876221,0.00075267
6152257536,133594.4,0.000835,0.119716,0.00115,-0.169922,0.0,0.9255,0.825,0.000578,0.000587,0.000892,8.118377,56.527233,0.00095874
6153043968,133579.7,0.005055,0.07834,0.001125,-0.161133,0.0,0.9242,0.8226,0.000506,0.000566,0.000739,8.212677,56.089027,0.00081869
6153830400,133508.3,-0.005097,0.135948,0.001343,-0.170898,0.0,0.9236,0.8218,0.000595,0.000605,0.000985,8.723978,55.543312,0.0008072
6154616832,133494.7,-0.001913,0.121519,0.001368,-0.165039,0.0,0.9229,0.8207,0.000611,0.00067,0.000986,9.208283,54.886314,0.00093097
6155403264,133478.2,-0.004867,0.125504,0.001371,-0.166016,0.0,0.9226,0.8208,0.000448,0.000581,0.000891,9.919068,54.370361,0.00078153
6156189696,133402.2,-0.000886,0.140247,0.001356,-0.166992,0.0,0.9233,0.8229,0.000475,0.000732,0.000821,8.667105,56.161633,0.00078555
6156976128,133386.4,0.003535,0.150222,0.001136,-0.172852,0.0,0.9227,0.8214,0.000399,0.000551,0.000899,9.482555,56.36488,0.00079232
6157762560,133372.3,0.002039,0.298414,0.001228,-0.179688,0.0,0.9237,0.8224,0.000478,0.000834,0.00103,9.405663,56.222607,0.00079019
6158548992,133358.3,-0.00126,0.151347,0.001257,-0.176758,0.0,0.9237,0.8206,0.000477,0.00075,0.001176,9.773282,54.901245,0.00085156
6159335424,133284.1,0.00095,0.174236,0.001219,-0.177734,0.0,0.9237,0.8205,0.000655,0.000709,0.001188,10.261662,53.737183,0.00090896
6160121856,133270.7,0.003286,0.119762,0.001199,-0.169922,0.0,0.9241,0.8226,0.000604,0.000779,0.001247,11.12913,52.914726,0.00091575
6160908288,133257.5,-0.00302,0.131462,0.001234,-0.170898,0.0,0.9235,0.8196,0.000577,0.00072,0.001084,8.416313,56.790478,0.0009366
6161694720,133173.3,0.000771,0.109188,0.001176,-0.170898,0.0,0.9244,0.8223,0.000631,0.000637,0.001148,8.153245,56.954773,0.00080509
6162481152,133159.1,0.00232,0.125517,0.001203,-0.166016,0.0,0.9248,0.8238,0.000435,0.000686,0.00095,9.109508,55.440701,0.0008733
6163267584,133144.0,-0.000706,0.111707,0.001204,-0.167969,0.0,0.9256,0.825,0.000444,0.000479,0.001007,9.243127,54.84726,0.00077519
6164054016,133130.0,0.005072,0.172448,0.001183,-0.166016,0.0,0.9261,0.8268,0.000646,0.000595,0.000909,9.456331,54.391907,0.00076609
6164840448,133047.8,9.1e-05,0.077261,0.001309,-0.166992,0.0,0.9268,0.8286,0.000456,0.000617,0.000858,7.929815,56.341583,0.00079266
6165626880,133034.6,-0.002716,0.10242,0.001196,-0.174805,0.0,0.9269,0.8273,0.000813,0.000759,0.000956,8.383095,56.258877,0.00086216
6166413312,133017.2,-0.002524,0.111145,0.001427,-0.174805,0.0,0.927,0.8275,0.000602,0.000609,0.000857,9.477428,55.519905,0.00077802
6167199744,132928.3,-0.00235,0.133041,0.001293,-0.176758,0.0,0.927,0.827,0.000442,0.000508,0.000735,10.055377,53.165558,0.00082625
6167986176,132913.8,0.009621,0.176951,0.001263,-0.181641,0.0,0.9266,0.8235,0.000417,0.000604,0.000906,9.797707,52.662804,0.00094892
6168772608,132899.7,-0.003413,0.139274,0.001219,-0.181641,0.0,0.9272,0.8251,0.000387,0.000533,0.000893,10.259379,52.26585,0.0007047
6169559040,132886.0,0.002104,0.179786,0.001292,-0.188477,0.0,0.9268,0.8248,0.000456,0.000686,0.001063,9.845622,55.41555,0.0008839
6170345472,132809.4,0.00314,0.19004,0.001122,-0.191406,0.0,0.9265,0.8235,0.00067,0.000852,0.001121,9.565027,55.519005,0.00086206
6171131904,132795.9,0.002712,0.172396,0.001222,-0.172852,0.0,0.9268,0.8257,0.000679,0.000747,0.001194,10.16527,54.385689,0.00077045
6171918336,132782.4,0.002307,0.188376,0.001232,-0.174805,0.0,0.9278,0.8308,0.000657,0.000842,0.001041,10.761999,54.359936,0.00081325
6172704768,132689.2,0.001789,0.152612,0.001231,-0.174805,0.0,0.9283,0.8331,0.000456,0.000631,0.000928,9.86066,51.915497,0.00069768
6173491200,132673.3,0.001036,0.167781,0.001133,-0.170898,0.0,0.9284,0.8341,0.000428,0.000595,0.000866,8.94623,56.01049,0.00089715
6174277632,132658.6,-0.004362,0.111202,0.001101,-0.167969,0.0,0.9293,0.8386,0.000585,0.000622,0.000895,9.005372,55.680054,0.00076286
6175064064,132643.9,-0.007432,0.093916,0.001126,-0.162109,0.0,0.9307,0.8445,0.000356,0.000662,0.000793,9.035671,55.482483,0.00072636
6175850496,132573.1,-0.005398,0.12356,0.00119,-0.164062,0.0,0.9325,0.8486,0.000475,0.000491,0.000889,9.58957,54.354321,0.00068273
6176636928,132560.1,-0.004101,0.162259,0.001171,-0.163086,0.0,0.9338,0.8507,0.000969,0.000675,0.000953,10.134734,53.667999,0.00084055
6177423360,132546.6,0.003427,0.166847,0.001133,-0.166016,0.0,0.935,0.8521,0.000575,0.000738,0.000901,8.980397,55.94989,0.00081968
6178209792,132532.7,-0.005018,0.173433,0.001137,-0.172852,0.0,0.9356,0.8516,0.000888,0.000665,0.000963,9.020836,55.918663,0.00082199
6178996224,132451.6,0.0035,0.159968,0.001124,-0.176758,0.0,0.9362,0.8511,0.000475,0.000677,0.001207,9.269711,54.475494,0.00074111
6179782656,132435.3,-0.001466,0.111798,0.001169,-0.178711,0.0,0.9367,0.8508,0.000477,0.000479,0.001188,9.144136,54.199692,0.00086395
6180569088,132420.7,-0.003138,0.128854,0.001175,-0.176758,0.0,0.9361,0.8493,0.000424,0.000593,0.001019,10.170999,52.788292,0.00092541
6181355520,132349.4,0.002759,0.250123,0.001275,-0.18457,0.0,0.9359,0.8467,0.000587,0.000704,0.001065,9.131923,55.651764,0.00082314
6182141952,132336.2,2.8e-05,0.154147,0.001151,-0.173828,0.0,0.9363,0.8488,0.00066,0.000666,0.001205,8.501251,56.126976,0.00079897
6182928384,132322.7,0.006599,0.122675,0.001369,-0.169922,0.0,0.9373,0.8524,0.000323,0.000505,0.000836,8.81078,55.360535,0.00078361
6183714816,132309.3,0.000154,0.165758,0.00114,-0.168945,0.0,0.9375,0.8531,0.000513,0.000683,0.000874,9.268589,55.124798,0.00076026
6184501248,132235.0,0.000545,0.093472,0.001198,-0.172852,0.0,0.938,0.8555,0.000422,0.000513,0.000695,9.374212,53.290459,0.00067662
6185287680,132221.0,0.002118,0.108776,0.001171,-0.172852,0.0,0.9385,0.8564,0.000377,0.000676,0.000893,9.783159,52.693451,0.00079861
6186074112,132204.8,-0.001988,0.128509,0.001205,-0.172852,0.0,0.9387,0.8561,0.000369,0.000626,0.000965,8.951887,54.893555,0.00070378
6186860544,132130.4,-0.00425,0.123655,0.001345,-0.177734,0.0,0.9397,0.858,0.00034,0.000546,0.001193,8.780741,55.835686,0.00072443
6187646976,132117.2,0.000761,0.143429,0.001166,-0.173828,0.0,0.9399,0.8573,0.000507,0.000811,0.001186,9.636928,54.745861,0.00079109
6188433408,132104.2,0.000317,0.155882,0.001301,-0.172852,0.0,0.9393,0.8535,0.000547,0.000617,0.000946,9.46494,54.071304,0.00074249
6189219840,132089.3,0.002108,0.116317,0.001157,-0.165039,0.0,0.9396,0.855,0.000528,0.000615,0.001186,10.141644,53.516968,0.00079974
6190006272,132008.7,-6.6e-05,0.203849,0.001201,-0.178711,0.0,0.9402,0.8552,0.000533,0.000702,0.001054,8.931083,55.819817,0.0006822
6190792704,131995.4,0.003907,0.174445,0.001173,-0.171875,0.0,0.9402,0.8556,0.000499,0.000721,0.000853,8.890316,55.477135,0.00080809
6191579136,131982.3,0.010941,0.201204,0.001167,-0.176758,0.0,0.9404,0.8559,0.000556,0.000696,0.00097,9.202948,54.591675,0.00086572
6192365568,131907.2,-0.000873,0.11986,0.001221,-0.172852,0.0,0.9412,0.8569,0.000407,0.000658,0.000756,8.794243,54.2145,0.00073793
6193152000,131894.1,0.000899,0.095508,0.001224,-0.164062,0.0,0.9421,0.8599,0.000361,0.000676,0.001081,9.619929,54.237713,0.00074706
6193938432,131881.2,0.000714,0.133253,0.001223,-0.166016,0.0,0.9423,0.8605,0.000296,0.000525,0.000692,9.840038,53.747841,0.00066239
6194724864,131867.9,0.004904,0.17157,0.001184,-0.168945,0.0,0.942,0.8596,0.000458,0.000492,0.000767,8.176425,56.758354,0.00075711
6195511296,131782.5,0.010075,0.163587,0.001132,-0.171875,0.0,0.9421,0.8617,0.000396,0.000613,0.000663,8.785977,55.520752,0.00062812
6196297728,131769.3,0.010724,0.204927,0.00123,-0.167969,0.0,0.9414,0.861,0.000527,0.000526,0.000721,8.918256,54.41787,0.00071335
6197084160,131756.1,0.002456,0.128085,0.001307,-0.166016,0.0,0.9405,0.8602,0.000441,0.000588,0.000827,9.401247,53.738571,0.00080162
6197870592,131687.3,-0.001697,0.147144,0.00117,-0.161133,0.0,0.9396,0.8587,0.000434,0.000384,0.000758,9.996138,50.98988,0.00069391
6198657024,131674.1,0.006422,0.167001,0.001165,-0.163086,0.0,0.9393,0.858,0.000358,0.000621,0.000803,7.837241,56.82518,0.00092219
6199443456,131661.1,-0.001137,0.074008,0.001323,-0.151367,0.0,0.9385,0.8575,0.000379,0.000453,0.000682,7.854927,57.02774,0.00076207
6200229888,131647.5,0.006757,0.101247,0.00119,-0.15332,0.0,0.938,0.8592,0.000423,0.000432,0.000775,7.940971,56.268719,0.00068865
6201016320,131576.4,-0.001381,0.139996,0.001168,-0.165039,0.0,0.9377,0.8582,0.000254,0.000424,0.000644,8.975442,55.515259,0.00069722
6201802752,131563.0,0.000851,0.143411,0.001179,-0.166016,0.0,0.938,0.8597,0.000351,0.000683,0.000935,9.567746,54.520515,0.00067855
6202589184,131549.0,0.005037,0.11969,0.001123,-0.15918,0.0,0.9385,0.8615,0.000428,0.000589,0.000893,8.732872,56.579918,0.00083373
6203375616,131535.8,-0.008104,0.112827,0.001151,-0.161133,0.0,0.9392,0.863,0.000269,0.000445,0.000638,8.550508,57.124565,0.0007282
6204162048,131461.6,0.001961,0.11759,0.001204,-0.164062,0.0,0.9401,0.867,0.000422,0.000541,0.000918,8.346032,56.505615,0.00070609
6204948480,131448.8,-0.003268,0.147708,0.001163,-0.167969,0.0,0.9399,0.8674,0.000616,0.000711,0.001181,9.203907,55.554535,0.00075976
6205734912,131436.0,-0.000187,0.101534,0.0012,-0.169922,0.0,0.9395,0.8649,0.000478,0.000654,0.000789,9.791353,54.624901,0.00069028
6206521344,131363.9,0.003604,0.179036,0.001242,-0.174805,0.0,0.9393,0.8631,0.000499,0.000698,0.001184,8.818752,55.634563,0.00081745
6207307776,131350.5,0.003454,0.266544,0.001228,-0.193359,0.0,0.939,0.8612,0.000547,0.000693,0.001233,9.138011,56.426361,0.00094323
6208094208,131334.7,-0.003007,0.262478,0.001323,-0.191406,0.0,0.9375,0.8553,0.000627,0.00076,0.001007,9.339708,55.799419,0.00096979
6208880640,131321.4,-0.003078,0.16747,0.001375,-0.186523,0.0,0.9363,0.8528,0.000716,0.000718,0.001097,9.91153,55.201168,0.00081626
6209667072,131246.7,0.003079,0.159139,0.001105,-0.172852,0.0,0.935,0.8512,0.000694,0.000735,0.001091,9.998567,53.811913,0.00090199
6210453504,131233.3,-0.003645,0.085434,0.001054,-0.155273,0.0,0.9348,0.8514,0.000341,0.000593,0.001059,9.870722,53.19743,0.00095857
6211239936,131218.8,-0.000433,0.134036,0.001083,-0.162109,0.0,0.9346,0.8532,0.000366,0.000529,0.000861,8.463868,56.202312,0.00081018
6212026368,131146.2,-0.004727,0.120268,0.001148,-0.157227,0.0,0.9341,0.853,0.000429,0.00057,0.000671,8.017576,57.310951,0.00059984
6212812800,131132.6,-0.003169,0.090346,0.001136,-0.150391,0.0,0.9344,0.8552,0.000497,0.00067,0.001119,8.122269,56.312618,0.00070243
6213599232,131119.6,-0.002057,0.172449,0.00133,-0.157227,0.0,0.9336,0.8556,0.000415,0.000492,0.000562,8.788645,56.088989,0.00073335
6214385664,131106.8,-0.002149,0.134253,0.001158,-0.15625,0.0,0.9337,0.8555,0.000414,0.000488,0.000649,9.277227,55.021759,0.00080803
6215172096,131028.3,-0.003622,0.129108,0.001186,-0.164062,0.0,0.9338,0.8573,0.000422,0.000592,0.001041,8.702909,56.163116,0.00064599
6215958528,131014.3,-0.004399,0.184705,0.001141,-0.176758,0.0,0.9344,0.8581,0.000549,0.000805,0.001223,8.164856,56.980755,0.00063188
6216744960,131000.7,-0.000657,0.171945,0.001151,-0.169922,0.0,0.9339,0.8575,0.000376,0.000603,0.000991,9.174647,56.001549,0.00065107
6217531392,130914.2,-0.003488,0.148622,0.001157,-0.170898,0.0,0.9335,0.8566,0.000577,0.000584,0.000798,8.686073,54.519268,0.00072432
6218317824,130901.2,2e-05,0.076416,0.001138,-0.15625,0.0,0.9329,0.8575,0.000398,0.000574,0.000758,9.814447,53.884472,0.00086113
6219104256,130888.3,-0.002114,0.120263,0.001181,-0.15625,0.0,0.9335,0.8588,0.000521,0.000444,0.000676,9.66534,53.513744,0.00072724
6219890688,130874.7,0.007488,0.141031,0.00116,-0.15332,0.0,0.9344,0.8608,0.000578,0.000503,0.000731,8.033793,56.597179,0.0007891
6220677120,130802.4,-0.000439,0.218533,0.001134,-0.167969,0.0,0.9352,0.8613,0.000325,0.000525,0.000724,8.526128,55.681072,0.00063735
6221463552,130789.6,0.002004,0.150484,0.001123,-0.165039,0.0,0.9356,0.8625,0.000439,0.000658,0.000829,8.907745,54.932083,0.00062347
6222249984,130776.5,-0.002838,0.128169,0.001121,-0.166016,0.0,0.9356,0.861,0.000433,0.000589,0.000823,9.152898,54.246929,0.00074989
6223036416,130705.1,0.003219,0.16911,0.001098,-0.171875,0.0,0.9353,0.8582,0.000411,0.000648,0.000713,10.590096,50.151562,0.00068861
6223822848,130691.7,0.008468,0.107116,0.00115,-0.15918,0.0,0.9352,0.8591,0.000535,0.000561,0.000685,8.09433,56.620262,0.00083413
6224609280,130678.2,-0.000242,0.133748,0.001181,-0.155273,0.0,0.9342,0.8583,0.000368,0.00065,0.001107,8.050303,55.940849,0.00071911
6225395712,130665.3,-0.000379,0.201259,0.001144,-0.164062,0.0,0.9334,0.8568,0.000502,0.000568,0.00113,8.335508,55.969154,0.0008643
6226182144,130590.8,0.005722,0.22212,0.001174,-0.171875,0.0,0.9331,0.8562,0.000616,0.000499,0.000953,8.964734,54.435478,0.00072149
6226968576,130578.1,0.00206,0.206601,0.001145,-0.170898,0.0,0.9327,0.8551,0.000882,0.000609,0.000926,9.566188,53.692871,0.0007758
6227755008,130565.3,0.002047,0.127786,0.0012,-0.165039,0.0,0.9318,0.853,0.000453,0.000682,0.000934,9.710492,53.318035,0.00079582
6228541440,130552.3,-0.000111,0.160097,0.001187,-0.168945,0.0,0.9316,0.8534,0.000681,0.000557,0.000955,8.610926,56.45071,0.00078832
6229327872,130480.4,0.005149,0.155937,0.0012,-0.173828,0.0,0.9317,0.8543,0.000755,0.000768,0.001099,8.806688,56.174999,0.00079943
6230114304,130467.9,0.001668,0.164453,0.001252,-0.168945,0.0,0.9316,0.8545,0.000613,0.000636,0.000997,9.290032,55.794388,0.0008901
6230900736,130455.4,0.00359,0.173106,0.001273,-0.168945,0.0,0.9317,0.8558,0.000412,0.000581,0.000681,9.670727,54.969688,0.0008832
6231687168,130379.5,0.001762,0.171717,0.001235,-0.167969,0.0,0.9325,0.8588,0.000459,0.000593,0.00086,9.443784,52.59362,0.00069656
6232473600,130367.0,-0.002072,0.174305,0.00109,-0.172852,0.0,0.9331,0.86,0.000531,0.000604,0.000785,8.666654,56.56535,0.00071837
6233260032,130352.7,-0.002236,0.117201,0.001083,-0.174805,0.0,0.9338,0.8606,0.000361,0.000575,0.000754,8.542632,56.051331,0.0006746
6234046464,130339.8,0.005956,0.226754,0.001069,-0.180664,0.0,0.9339,0.8593,0.000404,0.000641,0.000833,9.561173,55.085278,0.00067739
6234832896,130265.8,0.004643,0.17245,0.001201,-0.177734,0.0,0.9335,0.8561,0.000402,0.000598,0.000919,9.825971,53.480827,0.0008128
6235619328,130252.3,-0.002112,0.117369,0.001173,-0.165039,0.0,0.9334,0.8569,0.000337,0.000488,0.000721,9.916348,52.667267,0.00087107
6236405760,130239.6,0.012158,0.155289,0.001182,-0.168945,0.0,0.9334,0.8564,0.000428,0.000495,0.000953,8.46646,55.959435,0.00076618
6237192192,130167.3,-0.002611,0.141767,0.001196,-0.172852,0.0,0.9322,0.8527,0.000435,0.00059,0.000739,8.569044,57.076641,0.00074247
6237978624,130154.8,0.001461,0.14992,0.001212,-0.168945,0.0,0.9317,0.8516,0.000383,0.000682,0.001187,8.9144,55.414177,0.00072223
6238765056,130142.0,0.000567,0.095376,0.001214,-0.164062,0.0,0.9313,0.8519,0.00034,0.000481,0.000687,9.238122,54.679836,0.00081855
6239551488,130128.5,0.002905,0.119799,0.001221,-0.165039,0.0,0.9311,0.8524,0.000259,0.000399,0.000603,9.392875,54.271832,0.00067292
6240337920,130049.3,0.001417,0.203509,0.001192,-0.170898,0.0,0.9308,0.8525,0.000434,0.000595,0.000702,8.344582,56.595726,0.00078655
6241124352,130037.0,-0.005143,0.178601,0.001159,-0.174805,0.0,0.9302,0.8514,0.000383,0.000552,0.001166,9.292936,56.190041,0.00073146
6241910784,130024.4,0.001603,0.166161,0.001131,-0.172852,0.0,0.9304,0.852,0.00038,0.00049,0.000919,9.390658,55.824368,0.00076811
6242697216,129952.2,0.002131,0.117015,0.001136,-0.166992,0.0,0.9304,0.8517,0.000451,0.000375,0.000593,8.903202,55.012573,0.00074315
6243483648,129939.6,-0.000294,0.141732,0.001245,-0.168945,0.0,0.9307,0.8518,0.000489,0.000544,0.000656,9.696912,54.152283,0.00083212
6244270080,129927.2,-0.001336,0.157837,0.001209,-0.177734,0.0,0.9309,0.8501,0.000328,0.000448,0.000834,10.149983,53.07658,0.00072084
6245056512,129914.6,-0.001383,0.076388,0.001233,-0.172852,0.0,0.9307,0.8501,0.00034,0.000514,0.000885,8.62276,56.084412,0.00087881
6245842944,129846.3,0.006252,0.22905,0.001257,-0.179688,0.0,0.9313,0.8502,0.000433,0.000715,0.000828,9.752801,55.111706,0.00080091
6246629376,129833.7,-0.000998,0.125721,0.001284,-0.175781,0.0,0.9321,0.851,0.000483,0.000653,0.001162,9.068516,55.926918,0.00089531
6247415808,129821.1,-0.004082,0.127406,0.001279,-0.174805,0.0,0.9322,0.8496,0.000463,0.000575,0.000864,9.659307,54.916077,0.00069164
6248202240,129748.2,0.002804,0.139095,0.0013,-0.176758,0.0,0.9327,0.8477,0.000409,0.000559,0.000673,11.063156,51.18605,0.00075883
6248988672,129735.9,0.001994,0.099297,0.001145,-0.169922,0.0,0.9336,0.8497,0.000418,0.000407,0.000912,8.405257,56.529045,0.00090284
6249775104,129723.7,-0.002183,0.172247,0.001161,-0.173828,0.0,0.9338,0.8491,0.000426,0.000448,0.000746,8.656937,56.30616,0.00087231
6250561536,129711.4,0.002164,0.146225,0.001164,-0.171875,0.0,0.9344,0.8504,0.00041,0.000519,0.00075,9.045121,56.104504,0.00089711
6251347968,129649.0,0.004481,0.171577,0.001198,-0.170898,0.0,0.9343,0.8493,0.000358,0.000485,0.000824,9.672052,54.702873,0.00069855
6252134400,129636.2,-0.001556,0.141302,0.001178,-0.164062,0.0,0.9344,0.8491,0.000373,0.000565,0.000937,9.315926,53.930351,0.00074069
6252920832,129623.5,0.000267,0.106587,0.001179,-0.160156,0.0,0.9342,0.8491,0.000347,0.000427,0.000797,9.73517,53.144833,0.00075526
6253707264,129610.7,-0.003313,0.139224,0.001146,-0.167969,0.0,0.9344,0.851,0.000433,0.000536,0.000763,8.45668,56.133591,0.000934
6254493696,129547.3,0.002065,0.22629,0.001123,-0.175781,0.0,0.9345,0.8511,0.000437,0.000483,0.000685,9.417597,55.897209,0.00077711
6255280128,129534.5,0.002279,0.148833,0.001148,-0.167969,0.0,0.9341,0.8505,0.000343,0.000609,0.000748,9.110657,54.868637,0.00075519
6256066560,129520.4,-0.001897,0.116211,0.001126,-0.164062,0.0,0.9338,0.8512,0.000288,0.000615,0.00073,9.586085,54.393826,0.00076569
6256852992,129447.7,-0.001018,0.15351,0.001087,-0.169922,0.0,0.9332,0.8512,0.000435,0.000547,0.000759,10.310133,52.683228,0.00076449
6257639424,129435.5,0.000688,0.086416,0.001032,-0.171875,0.0,0.9335,0.8524,0.00036,0.000561,0.001005,8.784534,57.125942,0.00073828
6258425856,129421.7,0.001247,0.123102,0.001048,-0.173828,0.0,0.9342,0.856,0.000374,0.000523,0.000787,9.077002,56.51725,0.00071017
6259212288,129408.9,-0.004922,0.125458,0.001077,-0.179688,0.0,0.9347,0.8559,0.000307,0.000524,0.000742,9.072116,56.183819,0.00083987
6259998720,129339.0,-0.000859,0.195232,0.001224,-0.192383,0.0,0.9353,0.8556,0.000473,0.000592,0.000887,10.980382,54.095898,0.000782
6260785152,129326.1,0.004268,0.15267,0.001219,-0.19043,0.0,0.9362,0.8559,0.000394,0.000692,0.000993,11.777106,53.671844,0.00091587
6261571584,129312.0,-0.003631,0.175528,0.001213,-0.194336,0.0,0.936,0.8514,0.000473,0.000672,0.000808,9.468508,55.666683,0.00083046
6262358016,129225.1,0.00252,0.162962,0.001204,-0.188477,0.0,0.9367,0.8518,0.000384,0.000584,0.00078,8.450414,57.060257,0.00104735
6263144448,129212.3,0.001988,0.105976,0.001196,-0.170898,0.0,0.9368,0.8523,0.000296,0.000455,0.000856,9.039003,55.910961,0.0008156
6263930880,129199.5,0.006566,0.130454,0.001182,-0.168945,0.0,0.937,0.853,0.000329,0.000415,0.000743,9.467194,55.087296,0.00084841
6264717312,129186.6,0.004496,0.141042,0.001156,-0.169922,0.0,0.9373,0.8541,0.000271,0.000409,0.00092,9.369492,54.970695,0.00087436
6265503744,129116.8,0.001069,0.191375,0.001196,-0.173828,0.0,0.9377,0.854,0.000397,0.000473,0.000927,8.764267,56.069622,0.00080137
6266290176,129103.9,-0.001514,0.175754,0.001219,-0.172852,0.0,0.9371,0.8523,0.000571,0.000502,0.000748,8.601834,56.239258,0.00078001
6267076608,129091.4,-0.005737,0.1533,0.001188,-0.176758,0.0,0.9361,0.8501,0.000638,0.000463,0.000785,9.022284,55.459755,0.00084341
6267863040,129021.0,-0.000895,0.182159,0.001243,-0.175781,0.0,0.9352,0.8483,0.000479,0.000627,0.000905,8.928659,55.100933,0.00079015
6268649472,129008.6,-0.001593,0.134506,0.00118,-0.161133,0.0,0.9357,0.8493,0.000389,0.000428,0.000691,9.236609,54.559887,0.00083093
6269435904,128995.8,-0.009996,0.091333,0.001185,-0.15918,0.0,0.9354,0.8508,0.00042,0.000413,0.000738,9.827259,54.261131,0.00079072
6270222336,128982.9,-0.001905,0.105473,0.001157,-0.158203,0.0,0.9347,0.8504,0.000317,0.000426,0.00084,8.413335,56.480225,0.00082436
6271008768,128916.6,-0.002784,0.095122,0.001151,-0.160156,0.0,0.9351,0.8535,0.000305,0.000443,0.000592,8.44457,56.59375,0.00082192
6271795200,128904.6,0.004229,0.15514,0.001182,-0.166016,0.0,0.9354,0.8549,0.000381,0.000414,0.000712,8.922697,55.897522,0.00067647
6272581632,128892.5,-0.002276,0.123754,0.001179,-0.157227,0.0,0.9346,0.8528,0.000423,0.000611,0.0007,8.930044,54.584312,0.00074292
6273368064,128811.1,0.0029,0.115267,0.001166,-0.162109,0.0,0.9346,0.8536,0.000319,0.000445,0.000544,10.729254,52.036766,0.000704
6274154496,128799.1,-0.000312,0.099876,0.001111,-0.167969,0.0,0.9346,0.8541,0.000342,0.000492,0.000555,8.579458,56.518585,0.00077292
6274940928,128787.1,0.001146,0.162777,0.001157,-0.180664,0.0,0.9344,0.853,0.000392,0.000638,0.000798,8.914163,56.727043,0.00076436
6275727360,128774.5,-0.000274,0.112959,0.001196,-0.175781,0.0,0.9342,0.8514,0.000432,0.000504,0.000626,8.762682,56.076408,0.00083139
6276513792,128712.2,-0.001542,0.123251,0.001183,-0.167969,0.0,0.9343,0.8513,0.000319,0.000543,0.000608,9.030355,55.27224,0.00079935
6277300224,128699.6,-0.002792,0.148645,0.001226,-0.166016,0.0,0.9349,0.8516,0.000302,0.000549,0.00083,9.2715,54.050171,0.00080779
6278086656,128687.7,0.000767,0.153343,0.001204,-0.168945,0.0,0.9344,0.8505,0.000329,0.000519,0.000664,9.794438,53.052185,0.00072507
6278873088,128675.3,-0.005371,0.112358,0.001223,-0.168945,0.0,0.9342,0.8511,0.00028,0.000403,0.000567,8.287548,56.465324,0.00083493
6279659520,128615.6,0.000492,0.234049,0.001208,-0.182617,0.0,0.9351,0.853,0.000815,0.00065,0.000874,9.553053,56.192822,0.00070382
6280445952,128603.1,-0.003476,0.194846,0.001219,-0.182617,0.0,0.936,0.852,0.000689,0.000586,0.001081,10.330155,55.477062,0.00066107
6281232384,128590.8,0.001711,0.220907,0.001225,-0.175781,0.0,0.9358,0.8486,0.0006,0.000612,0.000979,10.086698,54.857315,0.00085954
6282018816,128519.5,-0.00156,0.194577,0.001235,-0.179688,0.0,0.9358,0.8481,0.000594,0.000411,0.000657,10.544832,51.762524,0.00089146
6282805248,128506.6,-0.002185,0.170795,0.001172,-0.169922,0.0,0.9357,0.8492,0.00043,0.000395,0.000593,8.787363,56.747406,0.00078125
6283591680,128494.1,-0.000455,0.141348,0.001195,-0.173828,0.0,0.9354,0.8495,0.00046,0.000494,0.001105,8.58905,56.798717,0.00072704
6284378112,128481.8,-0.002206,0.184162,0.001237,-0.172852,0.0,0.9358,0.8525,0.000444,0.000517,0.000948,9.69174,55.512169,0.00082193
6285164544,128416.3,0.001412,0.174276,0.001197,-0.178711,0.0,0.9363,0.8561,0.000275,0.000406,0.000534,9.873032,55.632824,0.00075459
6285950976,128404.3,-0.002513,0.112126,0.001138,-0.169922,0.0,0.9367,0.8582,0.000335,0.000437,0.000806,10.513478,54.623928,0.00094513
6286737408,128391.8,-0.001095,0.119836,0.001092,-0.172852,0.0,0.937,0.8569,0.00043,0.000489,0.000965,9.832351,54.791336,0.00089529
6287523840,128321.3,0.002686,0.150931,0.001117,-0.177734,0.0,0.9371,0.8574,0.000345,0.000433,0.000666,8.654877,56.536526,0.00088096
6288310272,128309.3,0.002808,0.178713,0.001226,-0.183594,0.0,0.9364,0.8556,0.00038,0.00057,0.000833,9.201365,55.511013,0.00074074
6289096704,128297.0,-0.001684,0.133769,0.001219,-0.179688,0.0,0.9367,0.8571,0.000314,0.000451,0.000652,10.027305,54.477715,0.00082527
6289883136,128284.6,0.000675,0.121691,0.001194,-0.178711,0.0,0.9363,0.8571,0.000215,0.000352,0.000448,10.243205,53.936363,0.00084245
6290669568,128215.8,0.00477,0.190625,0.001275,-0.188477,0.0,0.9365,0.8572,0.000386,0.00061,0.000796,10.409097,52.316406,0.00081751
6291456000,128203.3,0.001189,0.125521,0.001223,-0.18457,0.0,0.9368,0.8576,0.000278,0.000675,0.000816,8.550711,56.124966,0.0009697
6292242432,128191.0,-0.007382,0.161117,0.001242,-0.191406,0.0,0.937,0.8577,0.000348,0.000653,0.000721,9.358002,55.488827,0.00089985
6293028864,128125.8,0.00268,0.216676,0.001272,-0.193359,0.0,0.937,0.8557,0.000323,0.000442,0.000655,9.687292,55.798943,0.00091305
6293815296,128113.9,-0.003527,0.119055,0.001308,-0.177734,0.0,0.9378,0.8568,0.000306,0.000376,0.000838,10.917214,54.870461,0.00096106
6294601728,128101.9,-0.004197,0.12792,0.001254,-0.182617,0.0,0.9381,0.8552,0.000277,0.000452,0.000691,11.434879,53.778622,0.00095139
6295388160,128089.6,0.002432,0.191144,0.00121,-0.195312,0.0,0.9388,0.856,0.000431,0.000473,0.000676,10.105092,55.963936,0.00097602
6296174592,128024.3,-0.000694,0.175509,0.001179,-0.19043,0.0,0.9385,0.8536,0.000354,0.000546,0.000975,9.623437,55.36142,0.00091412
6296961024,128011.6,-0.005258,0.230572,0.001162,-0.189453,0.0,0.9394,0.8546,0.000349,0.000534,0.000934,9.800385,55.39959,0.00104392
6297747456,127999.2,-0.006515,0.314641,0.001129,-0.19043,0.0,0.9394,0.8511,0.000345,0.000528,0.000877,10.669569,53.975246,0.0008468
6298533888,127930.7,0.003666,0.303773,0.001105,-0.195312,0.0,0.9397,0.8511,0.000357,0.000527,0.000747,11.608874,50.884441,0.00094862
6299320320,127919.0,0.005381,0.199501,0.001141,-0.185547,0.0,0.9406,0.8525,0.000381,0.00037,0.000802,9.227133,55.491112,0.00098725
6300106752,127907.2,-3.8e-05,0.139262,0.001114,-0.188477,0.0,0.94,0.8505,0.00044,0.000426,0.000786,9.223604,55.584381,0.00070062
6300893184,127894.7,-0.003038,0.187733,0.001163,-0.1875,0.0,0.9402,0.8494,0.000391,0.000488,0.000714,9.550399,55.078686,0.00083299
6301679616,127829.3,0.000785,0.202887,0.001116,-0.191406,0.0,0.9406,0.8482,0.000375,0.000458,0.000625,10.289306,54.415535,0.00086186
6302466048,127817.2,0.002043,0.18705,0.001138,-0.193359,0.0,0.9408,0.8468,0.000349,0.000539,0.000551,11.020426,53.081707,0.00086717
6303252480,127804.6,0.003571,0.152354,0.001099,-0.191406,0.0,0.9396,0.8437,0.000379,0.000616,0.000645,11.470057,51.752209,0.00072175
6304038912,127791.6,0.002595,0.199058,0.001149,-0.191406,0.0,0.939,0.8418,0.000332,0.000526,0.000663,9.319258,55.404129,0.00087502
6304825344,127719.2,0.000132,0.201872,0.001163,-0.199219,0.0,0.9387,0.8415,0.000425,0.000576,0.00084,9.650399,55.742889,0.00091267
6305611776,127705.5,0.003799,0.166419,0.001178,-0.19043,0.0,0.9379,0.8393,0.000269,0.000436,0.000675,9.936053,55.166119,0.00093806
6306398208,127693.7,-0.004032,0.159996,0.001232,-0.195312,0.0,0.9376,0.8365,0.000316,0.000466,0.000649,10.889399,54.187859,0.00075128
6307184640,127623.8,-0.005759,0.209283,0.001232,-0.188477,0.0,0.9369,0.834,0.000279,0.000376,0.000499,11.03402,51.605114,0.00094753
6307971072,127611.2,0.002319,0.175451,0.001192,-0.175781,0.0,0.9364,0.832,0.000329,0.000482,0.00061,8.825822,56.928619,0.00079637
6308757504,127599.2,0.000304,0.121917,0.001186,-0.175781,0.0,0.9364,0.8313,0.000317,0.000408,0.000665,8.652027,56.66687,0.00080406
6309543936,127587.1,0.004413,0.138991,0.001139,-0.177734,0.0,0.9358,0.8294,0.000324,0.00052,0.000559,9.334807,56.328453,0.00078489
6310330368,127512.8,0.00131,0.213203,0.001213,-0.181641,0.0,0.9349,0.8273,0.000428,0.000508,0.000697,9.540614,54.931183,0.00078413
6311116800,127501.0,0.00371,0.120018,0.001197,-0.170898,0.0,0.9337,0.8254,0.000399,0.00038,0.000643,10.018054,53.626511,0.0008451
6311903232,127489.3,0.002885,0.122481,0.001185,-0.171875,0.0,0.9329,0.8252,0.000266,0.000418,0.000568,10.055218,52.935089,0.00089162
6312689664,127424.1,0.001306,0.158434,0.001145,-0.166016,0.0,0.9328,0.8254,0.000531,0.000333,0.000518,8.310548,57.218834,0.00071531
6313476096,127411.4,-0.000848,0.159945,0.001011,-0.166016,0.0,0.9326,0.8255,0.000403,0.000517,0.000732,8.345163,56.61721,0.00070989
6314262528,127399.4,-0.000928,0.09709,0.001036,-0.158203,0.0,0.9323,0.8245,0.00027,0.000304,0.000557,8.81169,55.668175,0.00073381
6315048960,127387.2,-0.003203,0.110675,0.001038,-0.158203,0.0,0.933,0.8268,0.000294,0.000394,0.000602,9.00091,54.869232,0.00072727
6315835392,127321.7,0.004581,0.159186,0.001076,-0.164062,0.0,0.9327,0.8274,0.000417,0.000409,0.00069,10.163368,53.95681,0.00069718
6316621824,127310.2,0.005227,0.163901,0.001096,-0.164062,0.0,0.9328,0.8278,0.000328,0.000394,0.000549,8.817525,56.863304,0.00066327
6317408256,127298.7,0.001018,0.123316,0.001105,-0.161133,0.0,0.9328,0.8273,0.000267,0.000421,0.00073,8.522123,56.658073,0.00078973
6318194688,127235.4,0.002094,0.16089,0.001125,-0.168945,0.0,0.9334,0.8295,0.000266,0.000299,0.000562,8.350105,56.669006,0.00065268
6318981120,127223.2,-0.003809,0.110839,0.001282,-0.167969,0.0,0.9327,0.8273,0.000425,0.000372,0.000912,9.324879,55.654095,0.00073991
6319767552,127209.9,-0.003304,0.096522,0.00127,-0.166016,0.0,0.9328,0.829,0.000354,0.000385,0.00065,10.555646,54.014984,0.00067919
6320553984,127197.4,-0.000574,0.202218,0.001281,-0.174805,0.0,0.9326,0.8288,0.00033,0.000404,0.000725,9.251799,56.51963,0.00072084
6321340416,127135.2,-0.000476,0.272007,0.001205,-0.179688,0.0,0.932,0.8263,0.000318,0.000555,0.000802,8.603915,56.782681,0.00073831
6322126848,127122.2,-0.001823,0.123766,0.00109,-0.168945,0.0,0.9324,0.828,0.000291,0.000407,0.00061,8.706141,56.126522,0.00093034
6322913280,127109.5,-0.002892,0.187823,0.001129,-0.175781,0.0,0.9316,0.8283,0.000238,0.000446,0.000565,9.676104,55.2295,0.0008546
6323699712,127045.6,-0.001943,0.2359,0.001124,-0.188477,0.0,0.9312,0.829,0.000411,0.000539,0.000546,10.596677,52.485962,0.00076634
6324486144,127034.1,-0.004322,0.13189,0.001162,-0.172852,0.0,0.9307,0.8296,0.000297,0.00049,0.000597,8.601734,56.458275,0.00096163
6325272576,127022.4,-0.000774,0.112265,0.001146,-0.174805,0.0,0.9303,0.83,0.000292,0.000362,0.000606,8.537558,56.695015,0.00079546
6326059008,127009.7,-0.004623,0.111251,0.001161,-0.171875,0.0,0.9301,0.8317,0.000321,0.00036,0.000507,9.139213,55.823967,0.00079586
6326845440,126948.3,0.00207,0.114752,0.001156,-0.172852,0.0,0.93,0.8341,0.000282,0.000318,0.000471,9.504474,55.651653,0.00081711
6327631872,126936.6,-0.000162,0.146024,0.001133,-0.173828,0.0,0.9304,0.8368,0.000417,0.000448,0.000699,10.106414,55.074871,0.00081714
6328418304,126925.1,-0.001391,0.158715,0.001157,-0.171875,0.0,0.9307,0.839,0.000332,0.00038,0.000598,10.466542,53.725792,0.00074676
6329204736,126913.2,0.002022,0.168056,0.001156,-0.175781,0.0,0.9313,0.8416,0.000271,0.000473,0.000834,8.974533,56.821861,0.00083442
6329991168,126850.8,0.000872,0.199645,0.001189,-0.182617,0.0,0.9326,0.8445,0.000365,0.000401,0.000766,9.322939,55.545807,0.00080501
6330777600,126839.4,-0.003242,0.150556,0.001229,-0.185547,0.0,0.9334,0.8461,0.000334,0.000436,0.000776,9.044077,55.227715,0.00074393
6331564032,126827.8,0.002662,0.120881,0.001236,-0.174805,0.0,0.9342,0.8492,0.000229,0.000382,0.000469,9.906842,54.473354,0.00086099
6332350464,126765.3,0.002403,0.15868,0.001168,-0.176758,0.0,0.9344,0.8493,0.000279,0.000309,0.000738,10.499425,52.388058,0.00078344
6333136896,126754.0,0.003644,0.126943,0.001136,-0.177734,0.0,0.9345,0.8504,0.000343,0.000437,0.000648,9.391069,55.816612,0.00082151
6333923328,126742.4,0.002319,0.109941,0.001113,-0.182617,0.0,0.9345,0.8504,0.000287,0.000415,0.000588,9.218267,56.293579,0.0008444
6334709760,126730.5,0.002385,0.100212,0.001121,-0.177734,0.0,0.9346,0.8518,0.000277,0.000328,0.000404,9.343378,55.608074,0.00080307
6335496192,126662.6,0.000823,0.129483,0.001162,-0.174805,0.0,0.9349,0.8522,0.00027,0.000427,0.000612,9.432143,54.877163,0.00085485
6336282624,126651.1,0.000504,0.170026,0.001139,-0.174805,0.0,0.9352,0.8516,0.00034,0.000329,0.000682,10.572506,53.77211,0.00085221
6337069056,126639.2,0.000752,0.15409,0.001175,-0.178711,0.0,0.9356,0.8521,0.00027,0.00038,0.000585,10.404934,52.659431,0.00079191
6337855488,126575.2,0.002488,0.164062,0.001146,-0.174805,0.0,0.936,0.8533,0.000372,0.0004,0.000597,9.00044,56.345787,0.00074775
6338641920,126563.7,-0.00308,0.207134,0.001228,-0.183594,0.0,0.9359,0.8512,0.000278,0.000414,0.000708,9.440652,55.655762,0.00082956
6339428352,126552.3,-0.009061,0.153816,0.00122,-0.186523,0.0,0.936,0.8509,0.00033,0.000688,0.000842,10.257736,54.927818,0.00082063
6340214784,126539.8,-0.001137,0.166991,0.001267,-0.188477,0.0,0.9361,0.8504,0.000295,0.000534,0.000673,10.405252,53.883446,0.00077665
6341001216,126479.6,0.006343,0.119128,0.001162,-0.168945,0.0,0.9359,0.8514,0.000389,0.000408,0.000492,10.444406,51.485527,0.00077761
6341787648,126468.3,-0.00042,0.152694,0.001146,-0.166992,0.0,0.9358,0.8521,0.000434,0.000311,0.000432,8.224068,56.369061,0.0007917
6342574080,126456.8,-0.000555,0.109382,0.001139,-0.167969,0.0,0.935,0.8525,0.000356,0.000269,0.000304,8.492601,55.742249,0.0007014
6343360512,126388.5,-0.003316,0.097899,0.001171,-0.171875,0.0,0.934,0.8519,0.000282,0.000242,0.000435,9.300922,55.716965,0.00060095
6344146944,126376.8,0.000515,0.135336,0.001118,-0.175781,0.0,0.934,0.8519,0.00029,0.000421,0.000507,9.913095,54.489529,0.0007303
6344933376,126365.0,0.003502,0.200564,0.001118,-0.18457,0.0,0.9338,0.8502,0.000227,0.000369,0.000341,10.307005,54.346031,0.00070817
6345719808,126352.8,-0.000356,0.170009,0.001121,-0.181641,0.0,0.9334,0.8493,0.000294,0.00039,0.000558,10.470461,53.557304,0.00082371
6346506240,126294.9,0.00246,0.135576,0.001075,-0.173828,0.0,0.9337,0.8502,0.00045,0.000343,0.000624,8.314554,56.474571,0.00073093
6347292672,126283.0,-0.001008,0.091789,0.001066,-0.162109,0.0,0.9335,0.8513,0.000319,0.000319,0.000503,8.314406,56.026611,0.0008869
6348079104,126271.5,-0.003484,0.100799,0.001147,-0.163086,0.0,0.9341,0.8539,0.000283,0.000409,0.000639,8.893674,55.420647,0.00070284
6348865536,126208.3,-0.002017,0.0941,0.001104,-0.168945,0.0,0.9343,0.8541,0.000229,0.000332,0.000462,10.140054,51.620079,0.00072547
6349651968,126197.1,-0.002821,0.162158,0.001164,-0.177734,0.0,0.9347,0.8539,0.000274,0.000426,0.000569,9.682181,53.101341,0.00076393
6350438400,126184.7,-0.001802,0.165105,0.001154,-0.180664,0.0,0.9347,0.8522,0.00024,0.000416,0.000656,9.193375,56.113403,0.00073604
6351224832,126173.2,0.000911,0.184543,0.001197,-0.182617,0.0,0.9337,0.8481,0.000253,0.000396,0.000559,8.961721,56.2827,0.00071309
6352011264,126107.5,0.001999,0.11913,0.001208,-0.179688,0.0,0.934,0.8487,0.000247,0.000325,0.000479,9.820746,54.780224,0.00078684
6352797696,126096.0,0.003326,0.103347,0.001151,-0.175781,0.0,0.9335,0.8488,0.0003,0.000345,0.000441,10.445762,53.908875,0.00092446
6353584128,126084.4,0.003877,0.138505,0.001186,-0.169922,0.0,0.9329,0.8496,0.000237,0.00029,0.000433,10.369514,53.368904,0.00083224
6354370560,126072.6,-0.002268,0.088372,0.001152,-0.167969,0.0,0.9328,0.8525,0.000313,0.00029,0.000453,8.487161,56.401989,0.00091038
6355156992,126009.4,-0.001274,0.173793,0.001282,-0.180664,0.0,0.9323,0.8521,0.000235,0.000369,0.000513,8.890042,56.765533,0.00082651
6355943424,125997.5,-0.000805,0.134537,0.001306,-0.176758,0.0,0.932,0.8527,0.00031,0.000392,0.000567,9.506249,55.698334,0.00080291
6356729856,125986.0,0.0026,0.138901,0.001297,-0.176758,0.0,0.9318,0.8545,0.00027,0.00038,0.000545,9.608481,55.321884,0.0008438
6357516288,125921.3,0.009276,0.09684,0.001263,-0.168945,0.0,0.9318,0.8562,0.000228,0.000265,0.000358,10.639932,52.255112,0.00093036
6358302720,125909.7,0.000173,0.092174,0.0012,-0.163086,0.0,0.9317,0.8567,0.000255,0.000291,0.000434,8.531549,56.288452,0.00097938
6359089152,125897.4,-0.002677,0.133174,0.001237,-0.168945,0.0,0.9315,0.8566,0.000295,0.000302,0.000491,9.005987,56.076065,0.00082526
6359875584,125885.3,0.005669,0.12736,0.001237,-0.166992,0.0,0.9319,0.8574,0.000345,0.00029,0.00053,9.418167,55.299561,0.00079233
6360662016,125818.5,0.005169,0.17908,0.001158,-0.178711,0.0,0.9317,0.8563,0.000344,0.000383,0.000582,10.216517,54.435833,0.00067862
6361448448,125806.7,-0.003284,0.265133,0.001178,-0.177734,0.0,0.9317,0.8535,0.000366,0.000375,0.000488,10.710498,53.413261,0.00083942
6362234880,125793.4,-0.000885,0.245362,0.001164,-0.181641,0.0,0.9319,0.8504,0.000316,0.000417,0.000434,10.614504,53.114254,0.00071613
6363021312,125728.6,0.003033,0.224312,0.001148,-0.176758,0.0,0.9323,0.8521,0.000187,0.000396,0.000706,8.823579,56.105812,0.00077136
6363807744,125716.5,-0.00612,0.186636,0.00111,-0.176758,0.0,0.9329,0.8525,0.000332,0.000444,0.000562,8.940737,55.51548,0.00090648
6364594176,125704.7,-0.005831,0.154713,0.001114,-0.177734,0.0,0.9332,0.8538,0.000314,0.0004,0.000558,9.177097,55.37384,0.00081818
6365380608,125693.1,-0.004278,0.151415,0.001124,-0.180664,0.0,0.9334,0.8529,0.000366,0.000449,0.000575,9.784757,54.797081,0.00066129
6366167040,125632.2,0.000232,0.105048,0.001157,-0.170898,0.0,0.9339,0.8533,0.000253,0.000312,0.000454,10.681147,52.607216,0.00072762
6366953472,125621.0,0.000158,0.147099,0.001163,-0.171875,0.0,0.9343,0.8534,0.000216,0.000351,0.000496,9.220458,56.350212,0.00069865
6367739904,125609.5,-0.001462,0.096269,0.00115,-0.168945,0.0,0.9352,0.8552,0.000244,0.000267,0.000462,8.361677,56.207336,0.00078054
6368526336,125538.6,0.003133,0.080684,0.001157,-0.165039,0.0,0.9352,0.8572,0.000296,0.00028,0.000451,8.45063,56.038841,0.00060905
6369312768,125527.3,0.002029,0.182396,0.001198,-0.171875,0.0,0.9357,0.8602,0.000215,0.000429,0.000444,9.280613,54.599957,0.00081399
6370099200,125516.2,0.000159,0.137731,0.00119,-0.170898,0.0,0.936,0.8619,0.000262,0.000314,0.000385,9.696331,54.042381,0.0008042
6370885632,125505.0,0.000272,0.167703,0.001219,-0.172852,0.0,0.9366,0.8621,0.000273,0.000339,0.000512,9.969204,53.36644,0.00076005
6371672064,125445.5,-0.003817,0.087464,0.001137,-0.168945,0.0,0.936,0.8607,0.000223,0.000309,0.000488,8.4687,55.487484,0.00068979
6372458496,125434.3,0.006129,0.133422,0.001186,-0.168945,0.0,0.9361,0.861,0.000206,0.000321,0.000576,8.745663,55.147545,0.00069299
6373244928,125423.0,-0.002255,0.092413,0.001179,-0.161133,0.0,0.9354,0.8612,0.00023,0.000294,0.000555,8.892588,54.247032,0.00074997
6374031360,125356.4,0.000737,0.134195,0.001228,-0.167969,0.0,0.9353,0.8616,0.000198,0.000318,0.0004,9.773289,52.142998,0.00069764
6374817792,125345.5,0.002238,0.219647,0.001122,-0.173828,0.0,0.9358,0.8631,0.000296,0.000344,0.000509,9.893296,53.200191,0.0006299
6375604224,125334.0,0.00187,0.146488,0.001083,-0.169922,0.0,0.9362,0.8649,0.000324,0.000314,0.000398,8.945776,55.434212,0.00070238
6376390656,125322.7,0.000715,0.138471,0.001092,-0.172852,0.0,0.9364,0.8651,0.000382,0.000348,0.000735,8.454662,55.745323,0.00060659
6377177088,125248.6,0.010441,0.204004,0.001132,-0.178711,0.0,0.9364,0.8639,0.000213,0.000357,0.000507,9.732513,55.615715,0.00074295
6377963520,125237.3,4.6e-05,0.111782,0.001154,-0.168945,0.0,0.9372,0.8649,0.000186,0.000394,0.000382,9.775894,54.579773,0.00082459
6378749952,125225.8,0.001263,0.082382,0.001102,-0.169922,0.0,0.9367,0.8629,0.000253,0.000366,0.00043,9.994585,53.583344,0.00082247
6379536384,125213.8,-0.000303,0.115381,0.001095,-0.169922,0.0,0.9367,0.8633,0.000237,0.000326,0.000443,9.10127,55.739769,0.00070618
6380322816,125144.4,6e-06,0.164805,0.001035,-0.173828,0.0,0.9369,0.8619,0.000211,0.000375,0.00059,8.533329,56.435516,0.00082713
6381109248,125133.6,0.001517,0.150861,0.001049,-0.167969,0.0,0.9377,0.8634,0.000229,0.000266,0.000403,9.243377,56.068169,0.00084993
6381895680,125122.7,0.00228,0.123923,0.001062,-0.166016,0.0,0.9389,0.8648,0.000188,0.000278,0.000449,9.105592,55.571999,0.00066567
6382682112,125056.4,0.001094,0.165077,0.001099,-0.176758,0.0,0.9396,0.8653,0.000245,0.000307,0.000416,10.645657,54.143005,0.00064966
6383468544,125046.0,-0.00428,0.135957,0.001057,-0.175781,0.0,0.9405,0.8648,0.000296,0.000387,0.000538,9.265668,56.11689,0.00084713
6384254976,125035.6,-0.002673,0.134437,0.001083,-0.181641,0.0,0.9407,0.8649,0.000212,0.00028,0.000449,9.327771,56.577515,0.00084214
6385041408,125024.5,0.003907,0.193463,0.001056,-0.188477,0.0,0.9411,0.8668,0.000199,0.000343,0.000468,9.475924,56.293468,0.00090508
6385827840,124956.7,-0.005735,0.197983,0.001172,-0.183594,0.0,0.9416,0.8688,0.000277,0.0004,0.000549,10.750242,55.099651,0.00083897
6386614272,124945.7,-0.001868,0.2172,0.001203,-0.188477,0.0,0.9416,0.8663,0.000301,0.000291,0.000473,10.881522,53.925385,0.00094062
6387400704,124933.5,-0.006221,0.15766,0.00119,-0.181641,0.0,0.941,0.8635,0.000207,0.000237,0.000488,10.616276,53.105316,0.00094651
6388187136,124872.1,-0.001825,0.156632,0.001147,-0.182617,0.0,0.9404,0.8606,0.000223,0.00022,0.000342,8.58154,56.59668,0.0007919
6388973568,124860.3,-0.008256,0.122544,0.001104,-0.175781,0.0,0.9397,0.8604,0.000204,0.000258,0.000391,9.373168,55.311657,0.00073392
6389760000,124848.6,0.002299,0.139819,0.001085,-0.177734,0.0,0.9395,0.8594,0.000199,0.00026,0.000443,9.265984,55.206066,0.00069096
6390546432,124836.3,-0.001546,0.088793,0.001128,-0.167969,0.0,0.9397,0.8604,0.000286,0.000279,0.000369,9.338949,54.384991,0.00077291
6391332864,124779.2,-0.002005,0.148026,0.001243,-0.172852,0.0,0.9389,0.8586,0.000235,0.000227,0.000368,10.330083,52.957947,0.00086662
6392119296,124768.5,0.000802,0.119934,0.001252,-0.165039,0.0,0.9383,0.8569,0.000178,0.00023,0.000434,8.227481,56.691101,0.00089866
6392905728,124756.8,0.011376,0.210618,0.001263,-0.175781,0.0,0.9379,0.8546,0.000411,0.000358,0.000545,8.228308,56.646729,0.00079215
6393692160,124697.6,0.006129,0.128432,0.001318,-0.170898,0.0,0.9368,0.8523,0.0002,0.000205,0.000331,8.992123,56.480621,0.00066883
6394478592,124687.1,0.000576,0.132758,0.001269,-0.171875,0.0,0.9369,0.8529,0.000367,0.000281,0.000622,9.973475,55.065331,0.00076901
6395265024,124675.8,-0.004694,0.15313,0.001202,-0.173828,0.0,0.9368,0.8516,0.000156,0.000273,0.000513,9.994319,54.724579,0.00080197
6396051456,124665.0,-0.000147,0.185562,0.001225,-0.175781,0.0,0.9373,0.8507,0.00017,0.000268,0.000573,10.391298,53.754967,0.00080906
6396837888,124608.0,0.003799,0.168225,0.001139,-0.178711,0.0,0.9374,0.8507,0.000198,0.000274,0.000406,8.837482,56.450085,0.00080264
6397624320,124597.1,0.004731,0.217552,0.001148,-0.178711,0.0,0.9375,0.8486,0.000152,0.000257,0.000366,9.336052,56.80027,0.00087615
6398410752,124586.5,-0.001951,0.172121,0.001133,-0.173828,0.0,0.9372,0.848,0.000231,0.000306,0.000442,9.662093,55.976452,0.00081477
6399197184,124516.4,0.004079,0.178361,0.001146,-0.173828,0.0,0.9375,0.8493,0.000203,0.000285,0.000412,10.000548,52.502808,0.00086672
6399983616,124506.0,-0.002515,0.16712,0.001216,-0.166992,0.0,0.9371,0.8474,0.000294,0.000275,0.000353,10.036587,52.878571,0.0008395
6400770048,124495.3,-0.002084,0.124288,0.001161,-0.166016,0.0,0.9368,0.8466,0.000503,0.000207,0.000304,8.198789,56.617599,0.00071201
6401556480,124484.5,-0.000906,0.101939,0.001185,-0.168945,0.0,0.937,0.8478,0.000232,0.000226,0.000278,8.847146,56.055202,0.00074291
6402342912,124425.4,-0.007273,0.162704,0.00115,-0.172852,0.0,0.9371,0.8474,0.000232,0.000217,0.000385,9.377622,56.021729,0.00070905
6403129344,124413.7,0.002997,0.227931,0.001118,-0.174805,0.0,0.9373,0.8458,0.000213,0.000238,0.000497,10.015754,54.620262,0.00081973
6403915776,124402.9,-0.003136,0.111413,0.001103,-0.172852,0.0,0.9377,0.8467,0.000204,0.000262,0.000348,10.065866,53.674938,0.00081162
6404702208,124392.2,-0.003455,0.173291,0.001118,-0.173828,0.0,0.9374,0.8453,0.000155,0.000215,0.000419,9.878279,53.803459,0.00094709
6405488640,124327.6,-0.000102,0.155244,0.001177,-0.186523,0.0,0.937,0.8437,0.000244,0.000228,0.000422,9.288231,55.584011,0.00071115
6406275072,124314.9,0.00281,0.234226,0.00117,-0.1875,0.0,0.9362,0.8406,0.000169,0.000318,0.000473,10.11524,54.790367,0.00078054
6407061504,124302.8,0.000848,0.167593,0.001206,-0.185547,0.0,0.9351,0.8361,0.000195,0.000273,0.000332,10.202775,54.414425,0.00085537
6407847936,124245.0,-0.006711,0.187918,0.001196,-0.181641,0.0,0.9343,0.8356,0.000246,0.000233,0.000377,10.556419,52.594086,0.00080351
6408634368,124234.7,0.007065,0.215982,0.001095,-0.173828,0.0,0.9334,0.834,0.000332,0.000206,0.000373,9.991126,53.03875,0.00084962
6409420800,124224.4,-0.003151,0.201899,0.001147,-0.18457,0.0,0.9328,0.8332,0.000253,0.000239,0.000446,8.969605,56.022045,0.00074317
6410207232,124214.0,0.005006,0.185729,0.001104,-0.181641,0.0,0.9321,0.8333,0.000263,0.00023,0.000415,9.049927,55.617645,0.00073658
6410993664,124158.7,0.002582,0.199296,0.001117,-0.171875,0.0,0.9312,0.8336,0.000173,0.000228,0.000399,8.913513,54.661907,0.00075984
6411780096,124148.7,0.005065,0.189973,0.001109,-0.165039,0.0,0.9315,0.8373,0.000146,0.0002,0.000381,9.211864,54.214321,0.00076852
6412566528,124138.4,-0.003945,0.178779,0.001095,-0.168945,0.0,0.9314,0.8382,0.00018,0.000274,0.000435,9.624549,53.059082,0.00081036
6413352960,124078.1,-0.000412,0.108837,0.001092,-0.168945,0.0,0.9317,0.8386,0.000182,0.00019,0.000338,8.134419,56.769897,0.00068495
6414139392,124066.3,0.001976,0.132685,0.001181,-0.175781,0.0,0.9318,0.8394,0.000284,0.000294,0.000526,8.728002,56.031151,0.00078759
6414925824,124056.1,-0.001103,0.177311,0.001173,-0.178711,0.0,0.9318,0.8395,0.000244,0.000228,0.000535,9.375284,55.286846,0.00079786
6415712256,124045.7,-0.004749,0.081674,0.001163,-0.163086,0.0,0.9325,0.8411,0.000167,0.00018,0.000211,9.48722,54.23214,0.00079568
6416498688,123983.1,-0.00077,0.145921,0.001231,-0.168945,0.0,0.9323,0.842,0.000141,0.000212,0.000381,10.639543,53.685181,0.00071058
6417285120,123971.5,0.001513,0.151454,0.001128,-0.172852,0.0,0.9324,0.8418,0.00022,0.000234,0.000363,8.809343,57.033966,0.0009252
6418071552,123961.3,-0.002767,0.134347,0.001126,-0.176758,0.0,0.9321,0.8416,0.000226,0.000253,0.000383,8.84154,56.969341,0.00083274
6418857984,123904.8,0.002785,0.170354,0.001157,-0.173828,0.0,0.9323,0.8425,0.000194,0.000222,0.000294,9.216477,56.437653,0.00086643
6419644416,123895.0,-0.000867,0.212106,0.001208,-0.176758,0.0,0.9315,0.8404,0.000171,0.000284,0.000417,9.898198,55.059429,0.00087999
6420430848,123885.2,0.000319,0.186503,0.001196,-0.177734,0.0,0.9316,0.8396,0.000121,0.000222,0.000348,10.716231,54.157043,0.00082057
6421217280,123875.0,0.004196,0.148217,0.001201,-0.176758,0.0,0.9312,0.8379,0.000173,0.000263,0.000234,10.492717,53.032085,0.00079638
6422003712,123817.1,0.002803,0.11175,0.001089,-0.164062,0.0,0.931,0.8386,0.000188,0.000246,0.000282,8.315692,56.445152,0.00083637
6422790144,123805.8,-0.004067,0.163238,0.001071,-0.166016,0.0,0.9312,0.8391,0.000114,0.000208,0.000217,9.144242,56.510265,0.00078553
6423576576,123795.6,-0.009418,0.109952,0.001054,-0.170898,0.0,0.9316,0.841,0.000263,0.000248,0.000322,8.946762,55.689495,0.00072627
6424363008,123740.6,6.7e-05,0.097282,0.001093,-0.166992,0.0,0.9325,0.844,0.000196,0.000211,0.000243,10.309668,52.670177,0.00074263
6425149440,123730.8,0.003465,0.182211,0.001137,-0.168945,0.0,0.9329,0.8445,0.000239,0.000236,0.000364,10.658227,53.30619,0.00087766
6425935872,123720.2,-0.001146,0.125506,0.001144,-0.168945,0.0,0.933,0.8453,0.00017,0.000255,0.000434,8.756603,56.697922,0.00076044
6426722304,123710.0,0.001547,0.191644,0.001151,-0.177734,0.0,0.9328,0.8434,0.000139,0.000192,0.000363,9.123358,56.412766,0.00080416
6427508736,123653.4,-0.000653,0.172026,0.001163,-0.175781,0.0,0.9328,0.8433,0.000163,0.000191,0.000338,9.199233,56.972328,0.00076274
6428295168,123643.4,-0.000255,0.179505,0.001125,-0.164062,0.0,0.9327,0.8451,0.000149,0.000172,0.000295,9.433905,55.827068,0.00094425
6429081600,123633.0,-0.006068,0.070505,0.001093,-0.157227,0.0,0.9329,0.848,0.000162,0.000145,0.000227,9.898548,55.208824,0.00078779
6429868032,123621.4,0.002428,0.141729,0.001056,-0.155273,0.0,0.9331,0.8508,0.000116,0.000128,0.000252,10.078303,54.554092,0.00089105
6430654464,123557.6,-0.004399,0.099806,0.001123,-0.160156,0.0,0.9333,0.8521,0.000169,0.0002,0.000188,8.056583,56.954361,0.00067417
6431440896,123548.0,0.001891,0.119935,0.001107,-0.163086,0.0,0.934,0.8554,0.000211,0.000176,0.000298,8.13735,56.760956,0.00082282
6432227328,123538.4,-0.002086,0.094741,0.00115,-0.15918,0.0,0.9349,0.8593,0.000103,0.000117,0.000205,8.716618,55.426708,0.00064886
6433013760,123478.0,0.000839,0.224374,0.001173,-0.171875,0.0,0.9357,0.8605,0.000142,0.000138,0.000283,10.174556,54.139782,0.00070026
6433800192,123465.7,-0.00159,0.181896,0.001136,-0.171875,0.0,0.9359,0.8612,0.000138,0.000227,0.00033,9.776263,53.501507,0.00071219
6434586624,123455.7,0.001292,0.185002,0.001087,-0.173828,0.0,0.9362,0.8631,0.000124,0.000232,0.0003,8.359596,56.61438,0.0007845
6435373056,123444.6,-0.002516,0.108657,0.001091,-0.176758,0.0,0.9369,0.8652,0.000137,0.000239,0.000462,8.758606,56.272415,0.00061922
6436159488,123387.5,-0.000745,0.186576,0.001219,-0.181641,0.0,0.9365,0.8637,0.000127,0.000182,0.000326,9.582913,55.907799,0.00074884
6436945920,123376.9,0.004412,0.178467,0.001178,-0.174805,0.0,0.9364,0.8641,0.000118,0.000197,0.000391,10.412704,55.082115,0.00103444
6437732352,123367.1,0.001061,0.144564,0.001215,-0.175781,0.0,0.9364,0.863,9.1e-05,0.000145,0.000242,10.655409,53.944592,0.00077721
6438518784,123312.8,0.004004,0.263197,0.001174,-0.178711,0.0,0.9361,0.8623,0.000121,0.000156,0.000255,8.620289,56.930584,0.00079307
6439305216,123303.3,-0.002528,0.129153,0.001155,-0.172852,0.0,0.9362,0.8619,0.000117,0.000165,0.000222,8.498603,56.956757,0.00085696
6440091648,123293.5,0.0022,0.18998,0.001177,-0.173828,0.0,0.9359,0.8592,0.000104,0.000156,0.000216,9.070296,56.087475,0.00073047
6440878080,123283.8,0.000182,0.111595,0.001158,-0.169922,0.0,0.9362,0.8596,8.8e-05,0.000171,0.000238,9.294406,55.6604,0.00072747
6441664512,123211.8,0.001994,0.236743,0.001191,-0.177734,0.0,0.9364,0.859,0.000105,0.00013,0.000155,11.280499,53.39164,0.00084696
6442450944,123199.9,-0.00256,0.184225,0.001162,-0.177734,0.0,0.9365,0.8578,0.000136,0.000171,0.000234,8.674421,56.577232,0.00088751
6443237376,123189.5,0.006965,0.163901,0.00116,-0.182617,0.0,0.9365,0.8572,0.000102,0.000197,0.000288,8.689252,56.469841,0.00091175
6444023808,123130.6,0.001596,0.221469,0.001176,-0.18457,0.0,0.9371,0.8593,0.00011,0.00015,0.00024,8.285643,56.976807,0.00081348
6444810240,123118.7,0.003684,0.158702,0.001209,-0.173828,0.0,0.9368,0.86,0.000195,0.000155,0.000301,9.673098,55.313946,0.00077805
6445596672,123108.4,0.002005,0.292145,0.00124,-0.180664,0.0,0.937,0.8603,0.000234,0.000202,0.000264,10.075221,55.021038,0.00077216
6446383104,123098.3,-0.006001,0.177943,0.001205,-0.176758,0.0,0.9359,0.8562,0.000266,0.00016,0.000336,10.56099,53.498627,0.00073151
6447169536,123040.8,0.005312,0.123019,0.001151,-0.172852,0.0,0.9348,0.8535,0.000158,0.000171,0.000264,8.666515,56.5919,0.00090723
6447955968,123031.3,-0.003225,0.10509,0.001133,-0.169922,0.0,0.9342,0.8522,0.000164,0.00016,0.000257,8.518559,56.885155,0.00079062
6448742400,123021.4,0.002272,0.144604,0.001131,-0.168945,0.0,0.934,0.8517,9.9e-05,0.000187,0.000228,9.033751,56.293877,0.00080254
6449528832,122960.7,-0.000944,0.136271,0.00116,-0.170898,0.0,0.9339,0.8521,9.2e-05,0.000127,0.000208,9.450376,52.830486,0.00075095
6450315264,122950.2,0.001947,0.187927,0.001062,-0.168945,0.0,0.9339,0.8525,0.000134,0.000163,0.000268,10.687159,53.06076,0.00088909
6451101696,122940.5,-0.005874,0.100176,0.001089,-0.168945,0.0,0.9334,0.8518,0.000123,0.000146,0.000346,8.143134,56.553356,0.00070154
6451888128,122930.5,-0.002474,0.118094,0.001095,-0.166992,0.0,0.9328,0.851,0.000108,0.000156,0.000299,8.532438,56.056358,0.00071188
6452674560,122873.7,-0.002187,0.147869,0.001104,-0.174805,0.0,0.9325,0.8497,8.6e-05,0.000123,0.000249,9.31918,56.08601,0.00069835
6453460992,122864.5,0.001838,0.158679,0.001073,-0.171875,0.0,0.933,0.849,0.000117,0.000109,0.000354,9.468683,55.35693,0.00076268
6454247424,122855.1,-0.001677,0.13513,0.001075,-0.170898,0.0,0.9324,0.847,8.8e-05,0.000129,0.00029,9.873523,54.852978,0.00072208
6455033856,122845.5,0.001244,0.146904,0.001048,-0.171875,0.0,0.9316,0.8451,8.1e-05,0.000135,0.000192,11.172527,53.755432,0.0008488
6455820288,122787.9,-0.000369,0.18879,0.001179,-0.185547,0.0,0.9316,0.8448,9.7e-05,0.000166,0.000296,9.122659,56.636868,0.00091112
6456606720,122778.9,-0.000694,0.171235,0.001192,-0.1875,0.0,0.9312,0.8419,0.000152,0.000158,0.000286,9.622474,55.898571,0.00093006
6457393152,122768.1,0.00038,0.132557,0.001191,-0.183594,0.0,0.9309,0.841,0.000139,0.00013,0.000167,10.043475,55.592007,0.0009037
6458179584,122708.9,0.002982,0.238183,0.001227,-0.178711,0.0,0.9311,0.8406,7.4e-05,9.9e-05,0.000182,10.582911,54.516197,0.00095883
6458966016,122699.6,-0.004682,0.14193,0.001152,-0.172852,0.0,0.9317,0.8411,8.8e-05,0.000164,0.000284,11.064404,53.761467,0.00087192
6459752448,122689.6,0.005527,0.132063,0.001117,-0.175781,0.0,0.9324,0.8393,0.000117,0.000149,0.000208,8.673309,56.91473,0.00082044
6460538880,122680.1,-0.002267,0.141999,0.001161,-0.176758,0.0,0.9337,0.8416,9.6e-05,0.000148,0.000222,8.961965,56.701538,0.00082898
6461325312,122617.6,0.001947,0.206931,0.001172,-0.173828,0.0,0.9333,0.8407,9.7e-05,0.000105,0.000139,8.966084,56.211895,0.00078487
6462111744,122608.4,0.002612,0.147755,0.001167,-0.168945,0.0,0.9336,0.8418,0.000136,0.000102,0.000167,9.307811,55.266594,0.00090336
6462898176,122599.0,0.000294,0.125942,0.001176,-0.167969,0.0,0.9339,0.8433,6.8e-05,7.2e-05,0.000136,10.040318,54.584148,0.00089416
6463684608,122540.4,-0.002306,0.108472,0.001161,-0.169922,0.0,0.9339,0.844,7.2e-05,9.1e-05,0.00011,8.012507,56.828899,0.00072102
6464471040,122531.2,0.001461,0.12412,0.001096,-0.166016,0.0,0.934,0.8448,6.2e-05,9.2e-05,8.9e-05,8.396339,56.449108,0.00081084
6465257472,122522.1,0.003033,0.173099,0.001102,-0.172852,0.0,0.9344,0.8459,7.4e-05,8.8e-05,0.000108,9.079785,56.002251,0.00079686
6466043904,122512.5,0.002036,0.198866,0.001124,-0.177734,0.0,0.9348,0.8471,7.8e-05,9.3e-05,0.000113,9.452863,55.215679,0.00076994
6466830336,122443.3,-0.000397,0.135815,0.001201,-0.178711,0.0,0.9346,0.8475,5.8e-05,0.000114,0.000151,10.221336,53.09129,0.00080089
6467616768,122434.0,0.003642,0.151474,0.001275,-0.181641,0.0,0.9348,0.8487,9.5e-05,0.00011,0.0002,10.421056,52.621017,0.00077232
6468403200,122424.6,-0.007943,0.092127,0.001194,-0.179688,0.0,0.9345,0.8492,6.8e-05,0.000118,0.000112,9.093925,56.109814,0.00089586
6469189632,122362.9,0.001032,0.213006,0.001225,-0.186523,0.0,0.9343,0.8487,7.6e-05,0.0001,0.000129,8.984303,57.385235,0.00077857
6469976064,122353.6,0.001857,0.130773,0.00124,-0.173828,0.0,0.9356,0.8537,7e-05,0.000119,0.000152,9.448664,55.634766,0.0009417
6470762496,122344.3,-0.001393,0.127218,0.001194,-0.168945,0.0,0.9363,0.856,5.3e-05,8e-05,0.00013,10.136205,55.279137,0.00090005
6471548928,122334.6,-0.001111,0.125546,0.001195,-0.171875,0.0,0.9364,0.8563,5.3e-05,7.1e-05,0.000201,10.277718,54.314953,0.00101249
6472335360,122204.5,-0.005796,0.107607,0.001165,-0.166992,0.0,0.9359,0.8544,4.6e-05,9.3e-05,0.000155,8.307336,56.921562,0.00076101
6473121792,122194.3,0.003165,0.157398,0.001126,-0.166992,0.0,0.9361,0.8559,0.000106,8.4e-05,0.000212,8.35531,56.419567,0.00095902
6473908224,122185.1,0.001922,0.112852,0.001147,-0.166016,0.0,0.9361,0.8559,6.9e-05,8.2e-05,9.6e-05,8.80641,55.639793,0.00066619
6474694656,122074.6,-0.004296,0.085064,0.001168,-0.168945,0.0,0.9359,0.8577,6.2e-05,5.8e-05,0.000109,9.78334,53.063152,0.00078211
6475481088,122065.4,0.00458,0.223892,0.001123,-0.173828,0.0,0.9364,0.8578,0.000101,0.000106,0.000181,10.44552,53.613049,0.00082628
6476267520,122055.0,-0.003841,0.12258,0.001104,-0.169922,0.0,0.9366,0.8562,6.8e-05,8.6e-05,0.000124,8.312449,56.592266,0.00090775
6477053952,122045.2,-0.001744,0.126301,0.00109,-0.172852,0.0,0.9361,0.8548,5.2e-05,8.9e-05,0.000191,9.151597,56.373791,0.00082246
6477840384,121990.7,0.000145,0.193563,0.00114,-0.182617,0.0,0.937,0.8556,6.2e-05,7.2e-05,0.000133,9.729205,56.317596,0.00082711
6478626816,121981.8,0.003019,0.169861,0.001181,-0.180664,0.0,0.9368,0.854,6.1e-05,6e-05,0.000111,10.16127,54.879974,0.00081704
6479413248,121972.5,-0.005509,0.190309,0.001201,-0.176758,0.0,0.9367,0.8533,5.5e-05,6.3e-05,0.00012,10.954219,54.130707,0.001017
6480199680,121963.3,-0.002158,0.164362,0.001159,-0.175781,0.0,0.9369,0.8542,7.7e-05,6.5e-05,8.5e-05,10.420749,53.866924,0.00079842
6480986112,121898.7,-0.004474,0.165917,0.001136,-0.176758,0.0,0.9372,0.8549,4.7e-05,7e-05,7.2e-05,9.215865,57.082253,0.00084747
6481772544,121889.5,0.004347,0.162516,0.001133,-0.169922,0.0,0.9375,0.856,3.8e-05,6.7e-05,7.2e-05,8.845352,57.085472,0.00085002
6482558976,121880.2,0.002995,0.192063,0.001114,-0.166016,0.0,0.9374,0.8566,3.6e-05,5.6e-05,5.5e-05,8.821383,56.801598,0.00086431
6483345408,121816.8,-0.00772,0.159928,0.001124,-0.172852,0.0,0.937,0.8574,4.6e-05,5.9e-05,9.1e-05,9.192546,55.315838,0.00075301
6484131840,121807.1,0.002739,0.181253,0.001121,-0.167969,0.0,0.9368,0.8581,6.8e-05,6.9e-05,9.5e-05,9.710215,54.127285,0.00083474
6484918272,121797.8,-0.001087,0.177997,0.001076,-0.166992,0.0,0.9373,0.858,6.7e-05,6.8e-05,0.000106,9.199281,56.059639,0.00078752
6485704704,121788.0,0.002175,0.175464,0.001071,-0.166992,0.0,0.9376,0.8588,5e-05,4.3e-05,6.8e-05,9.324394,55.936424,0.00076088
6486491136,121731.9,3e-06,0.175817,0.001201,-0.179688,0.0,0.9373,0.857,4.1e-05,5.5e-05,0.000111,9.501439,55.676704,0.00058959
6487277568,121723.1,0.008014,0.128522,0.001239,-0.174805,0.0,0.9377,0.8576,3.1e-05,4.3e-05,8.9e-05,9.921775,54.900597,0.0007514
6488064000,121713.8,0.00285,0.141795,0.001234,-0.173828,0.0,0.9373,0.8557,4.4e-05,4.9e-05,6.7e-05,10.282351,53.982494,0.000793
6488850432,121647.6,-0.002436,0.208929,0.001247,-0.181641,0.0,0.9378,0.8577,3.1e-05,3.8e-05,5.7e-05,9.643369,56.473587,0.00078513
6489636864,121638.3,-0.003932,0.176199,0.001172,-0.18457,0.0,0.938,0.8586,2.6e-05,3.6e-05,7.8e-05,9.979423,56.551025,0.00086803
6490423296,121629.2,-0.001833,0.197096,0.001147,-0.181641,0.0,0.938,0.8573,2.8e-05,3.3e-05,6.7e-05,9.416423,56.306419,0.00108085
6491209728,121617.4,-0.000217,0.201308,0.00118,-0.175781,0.0,0.9382,0.8581,2.7e-05,4.1e-05,4.7e-05,9.726359,55.700233,0.00081514
6491996160,121556.4,-0.003812,0.210668,0.001253,-0.185547,0.0,0.9386,0.8568,3e-05,2.4e-05,5.4e-05,10.306673,52.906017,0.0009414
6492782592,121546.1,-0.002851,0.179683,0.001237,-0.180664,0.0,0.9381,0.8552,3e-05,3e-05,7.4e-05,10.915538,51.865738,0.00104891
6493569024,121537.4,0.003923,0.187376,0.001192,-0.18457,0.0,0.9373,0.8526,2.7e-05,2.2e-05,5.4e-05,9.116683,55.97393,0.00081239
6494355456,121482.0,0.002605,0.148629,0.001192,-0.185547,0.0,0.9371,0.8518,1.8e-05,2.3e-05,3.6e-05,8.553349,56.497208,0.00075023
6495141888,121473.0,-0.000791,0.185872,0.001232,-0.179688,0.0,0.9363,0.8502,1.7e-05,2.4e-05,2.6e-05,10.046944,55.072021,0.00074794
6495928320,121464.1,0.001574,0.167822,0.00122,-0.177734,0.0,0.9357,0.8479,1.6e-05,2.5e-05,3e-05,10.166792,54.302193,0.00079917
6496714752,121455.3,-0.001745,0.211604,0.001193,-0.177734,0.0,0.9351,0.8454,1.1e-05,1.7e-05,1.7e-05,10.971042,53.272362,0.00083928
6497501184,121390.2,-9e-06,0.172938,0.001137,-0.179688,0.0,0.9355,0.8458,7e-06,1.1e-05,1.8e-05,9.255129,56.13139,0.00080656
6498287616,121381.5,0.007579,0.171151,0.001096,-0.180664,0.0,0.9355,0.8446,5e-06,8e-06,1.4e-05,9.549206,55.560783,0.00084822
6499074048,121371.6,-0.002521,0.180029,0.001096,-0.18457,0.0,0.9361,0.844,3e-06,5e-06,7e-06,9.44546,55.670639,0.00081473
6499860480,121310.4,-0.003085,0.186991,0.001101,-0.181641,0.0,0.9355,0.8433,2e-06,2e-06,4e-06,9.636658,53.112175,0.00077248
6500646912,121299.3,-0.005297,0.079043,0.001076,-0.172852,0.0,0.935,0.8444,0.0,0.0,0.0,10.692937,53.385284,0.00087208
