step,sps,policy_loss,value_loss,mi_loss,div_loss,kl_loss,score,mean_return,ego_enc_delta,partner_enc_delta,road_enc_delta,role_std,role_norm,compliance_error
3001024512,193313632.8,-0.007328,0.059602,0.000545,-0.427734,0.0,0.9634,0.958,0.002198,0.002607,0.003159,1.42742,3.536554,0.00010934
3001810944,117623703.2,-0.000872,0.186914,0.000567,-0.400391,0.0,0.9561,0.9108,0.003583,0.002882,0.00397,1.450241,3.629428,0.00014539
3002597376,84516313.9,-0.003283,0.111012,0.000556,-0.392578,0.0,0.9516,0.8963,0.002746,0.002097,0.002696,1.503883,3.775192,0.00014575
3003383808,44919335.8,-0.003644,0.130091,0.000569,-0.390625,0.0,0.9501,0.8914,0.001779,0.002276,0.002884,1.626619,3.743259,0.00013478
3004170240,39147843.8,-7.8e-05,0.11869,0.000538,-0.371094,0.0,0.9505,0.8913,0.002009,0.00201,0.003278,1.687183,3.844848,0.00014443
3004956672,34668434.6,-0.005329,0.082008,0.00054,-0.380859,0.0,0.9496,0.8903,0.001867,0.001741,0.003306,1.445809,4.247415,0.0001336
3005743104,31110004.1,-0.005025,0.113458,0.000531,-0.369141,0.0,0.9477,0.8877,0.002076,0.002136,0.002385,1.482913,4.314901,0.00014166
3006529536,23202078.5,0.003253,0.110418,0.000554,-0.359375,0.0,0.9464,0.8848,0.002043,0.002378,0.00344,1.499087,4.365695,0.00013703
3007315968,21553834.6,0.0002,0.089759,0.000539,-0.349609,0.0,0.9457,0.8852,0.002277,0.002607,0.002722,1.653582,4.49876,0.00011931
3008102400,20117624.5,0.001339,0.077839,0.000523,-0.345703,0.0,0.9449,0.8842,0.0021,0.002358,0.002383,1.710559,4.497756,0.0001403
3008888832,16573067.2,-0.00191,0.081504,0.000549,-0.333984,0.0,0.9449,0.8848,0.001754,0.00236,0.002371,1.493798,4.886294,0.0001168
3009675264,15727203.9,-0.000744,0.07973,0.000549,-0.333984,0.0,0.9441,0.8858,0.00152,0.002728,0.003656,1.633319,4.97608,0.00012134
3010461696,14963249.1,-0.004591,0.076211,0.000556,-0.337891,0.0,0.9433,0.8851,0.001389,0.001832,0.002227,1.579173,4.98954,0.00013061
3011248128,14269425.8,-0.002889,0.071729,0.000565,-0.328125,0.0,0.9429,0.8859,0.001258,0.002132,0.002326,1.642037,4.972908,0.00013076
3012034560,12528456.7,-0.009807,0.092988,0.000541,-0.322266,0.0,0.9419,0.8841,0.00213,0.001959,0.002875,1.684415,4.897427,0.00013694
3012820992,12041273.8,0.006761,0.103423,0.000524,-0.314453,0.0,0.9413,0.8828,0.00189,0.001703,0.002139,1.787357,4.883394,0.00011571
3013607424,11586805.4,-0.002003,0.075229,0.000527,-0.310547,0.0,0.9413,0.8834,0.001726,0.002054,0.002393,1.574232,5.280233,0.00012622
3014393856,10454662.5,-8.5e-05,0.083359,0.000536,-0.3125,0.0,0.9417,0.8847,0.001824,0.001451,0.001931,1.473477,5.390993,0.0001186
3015180288,10113255.2,-0.00028,0.095512,0.000579,-0.304688,0.0,0.942,0.8855,0.002829,0.002408,0.003105,1.546592,5.180397,0.00011872
3015966720,9778886.6,0.001937,0.078733,0.00057,-0.298828,0.0,0.9416,0.8858,0.002008,0.001907,0.002321,1.591622,5.201591,0.00013632
3016753152,9474468.6,-0.002937,0.077658,0.000557,-0.306641,0.0,0.9411,0.8852,0.001752,0.001771,0.002661,1.646277,5.19613,0.00012593
3017539584,8597262.4,-0.003608,0.074282,0.000571,-0.296875,0.0,0.9407,0.8846,0.001616,0.001765,0.002675,1.385047,5.365752,0.00012811
3018326016,8366123.0,0.004555,0.047296,0.00057,-0.285156,0.0,0.9407,0.8862,0.001459,0.001797,0.002089,1.487236,5.323511,0.0001092
3019112448,8143688.4,-0.001336,0.041793,0.000576,-0.291016,0.0,0.9407,0.8881,0.001221,0.001315,0.001708,1.483869,5.379658,0.00012748
3019898880,7544161.6,-0.006289,0.05754,0.000589,-0.292969,0.0,0.9409,0.8895,0.001663,0.001722,0.001826,1.556666,5.328626,0.00012119
3020685312,7364897.5,-0.005321,0.072682,0.000568,-0.300781,0.0,0.9413,0.8909,0.002503,0.001579,0.002249,1.822867,5.425918,0.0001273
3021471744,7193935.2,-1.6e-05,0.061318,0.000572,-0.296875,0.0,0.9415,0.8921,0.001629,0.001718,0.002193,1.757779,5.337455,0.0001235
3022258176,7031590.0,-0.003733,0.059871,0.000576,-0.294922,0.0,0.9415,0.8928,0.002922,0.001947,0.002664,1.551855,5.578766,0.00012989
3023044608,6600731.9,-0.000445,0.082691,0.000578,-0.302734,0.0,0.9418,0.894,0.001464,0.001774,0.002476,1.59381,5.625178,0.00012698
3023831040,6460570.4,0.001611,0.065543,0.000587,-0.289062,0.0,0.9416,0.8935,0.001644,0.001955,0.002012,1.653887,5.525268,0.00011231
3024617472,6326740.5,-0.001722,0.067671,0.000587,-0.289062,0.0,0.9418,0.8963,0.00155,0.001861,0.002317,1.671641,5.514163,0.00011775
3025403904,5953851.1,-0.000418,0.063622,0.00057,-0.292969,0.0,0.9421,0.8975,0.001523,0.001431,0.002036,1.9588,5.288775,0.00011454
3026190336,5841152.7,0.003051,0.052259,0.000589,-0.283203,0.0,0.9423,0.8995,0.001462,0.001419,0.001888,1.499944,5.566799,0.00012425
3026976768,5731986.4,0.000828,0.051234,0.000605,-0.285156,0.0,0.9421,0.9011,0.001555,0.00163,0.001868,1.495532,5.57249,0.00012738
3027763200,5626153.7,-0.001656,0.043703,0.000612,-0.292969,0.0,0.9424,0.9035,0.001339,0.001219,0.001714,1.504217,5.605337,0.0001246
3028549632,5342373.2,0.003713,0.06322,0.000597,-0.300781,0.0,0.9419,0.9039,0.001503,0.001713,0.001743,1.734998,5.626548,0.00012494
3029336064,5251724.6,-0.001422,0.054591,0.000584,-0.302734,0.0,0.9424,0.9065,0.001458,0.001966,0.002312,1.729756,5.534649,0.00012444
3030122496,5165115.9,0.001536,0.064977,0.000594,-0.300781,0.0,0.9433,0.9089,0.001448,0.001976,0.002466,1.653172,5.832666,0.00012577
3030908928,5078191.0,-0.001605,0.060643,0.000599,-0.292969,0.0,0.9439,0.9113,0.001961,0.001871,0.002272,1.630515,5.775673,0.00013554
3031695360,4848909.4,-0.005233,0.078686,0.000613,-0.302734,0.0,0.9447,0.9135,0.00187,0.002327,0.002934,1.52716,5.732703,0.0001411
3032481792,4771286.9,0.008402,0.077922,0.000631,-0.294922,0.0,0.9452,0.9147,0.001757,0.002182,0.002479,1.672401,5.703704,0.00013679
3033268224,4697710.0,0.000653,0.063333,0.000629,-0.294922,0.0,0.9456,0.9162,0.001621,0.001728,0.002009,1.730949,5.758813,0.0001344
3034054656,4476164.0,-0.001434,0.064068,0.000635,-0.296875,0.0,0.9459,0.9175,0.001658,0.001885,0.002108,1.533115,5.933515,0.00012265
3034841088,4410347.6,-0.003121,0.055732,0.000609,-0.291016,0.0,0.9463,0.9201,0.001506,0.00177,0.002567,1.582341,5.918836,0.00012937
3035627520,4348544.3,-0.001134,0.051497,0.000606,-0.294922,0.0,0.9468,0.9224,0.001282,0.001563,0.001934,1.602822,5.83587,0.00013214
3036413952,4286987.7,0.003608,0.044383,0.000609,-0.289062,0.0,0.9475,0.9244,0.001181,0.001359,0.002119,1.65248,5.796955,0.0001224
3037200384,4112069.9,-0.006653,0.067443,0.000661,-0.300781,0.0,0.9477,0.9257,0.002365,0.001602,0.002564,1.789379,5.691753,0.00012972
3037986816,4057322.6,0.004579,0.071881,0.000657,-0.289062,0.0,0.9478,0.9261,0.001923,0.001561,0.002548,1.912594,5.655299,0.00012179
3038773248,4005228.9,0.000972,0.047905,0.000663,-0.296875,0.0,0.9484,0.9278,0.001623,0.001502,0.001975,1.652845,5.905616,0.00013102
3039559680,3850030.4,-0.005188,0.057609,0.000664,-0.302734,0.0,0.9487,0.9289,0.002059,0.001575,0.001968,1.617273,6.02002,0.00012788
3040346112,3802646.2,-0.00231,0.077344,0.000647,-0.308594,0.0,0.9493,0.9298,0.002421,0.001979,0.002603,1.69546,5.909708,0.00012252
3041132544,3756565.6,-0.006383,0.05378,0.00063,-0.298828,0.0,0.9503,0.9313,0.001486,0.002194,0.002076,1.805351,5.913291,0.00013067
3041918976,3709964.4,-0.004752,0.042651,0.000618,-0.304688,0.0,0.9509,0.9326,0.001282,0.001717,0.001799,1.853256,5.940389,0.00012405
3042705408,3579484.5,0.004928,0.073282,0.000645,-0.308594,0.0,0.9515,0.9337,0.001783,0.002294,0.002398,1.71952,6.079853,0.00013667
3043491840,3538939.5,0.001908,0.085853,0.000603,-0.318359,0.0,0.9513,0.9331,0.00162,0.001801,0.001997,1.742041,6.048389,0.00013859
3044278272,3499699.2,0.004747,0.074911,0.000635,-0.3125,0.0,0.9515,0.9332,0.002643,0.002098,0.002661,1.839639,5.863976,0.00012805
3045064704,3381922.8,-0.00276,0.073041,0.000672,-0.310547,0.0,0.9517,0.9335,0.001787,0.001657,0.002041,1.836805,5.67955,0.00013377
3045851136,3346787.7,0.001379,0.066295,0.000663,-0.3125,0.0,0.9523,0.9346,0.001665,0.001679,0.002503,1.946689,5.769491,0.00013427
3046637568,3312168.8,0.006734,0.068889,0.000678,-0.310547,0.0,0.9521,0.9343,0.00167,0.001471,0.002003,1.954581,5.830879,0.00013754
3047424000,3278111.5,-0.004027,0.091011,0.000667,-0.3125,0.0,0.9517,0.9334,0.001901,0.001546,0.002578,1.768356,6.224638,0.00013738
3048210432,3177346.4,-0.001339,0.088693,0.00067,-0.314453,0.0,0.9519,0.9326,0.002192,0.001667,0.003041,1.85881,6.349283,0.00013779
3048996864,3146164.4,0.000999,0.103042,0.000659,-0.300781,0.0,0.952,0.9307,0.003046,0.002597,0.003549,1.884691,6.312829,0.00014208
3049783296,3115313.2,0.001614,0.09239,0.000659,-0.308594,0.0,0.952,0.9287,0.002471,0.002487,0.003195,1.921569,6.342701,0.00014146
3050569728,3006369.8,0.003585,0.082627,0.000651,-0.310547,0.0,0.952,0.9272,0.002146,0.00176,0.002911,2.255414,5.934653,0.00011877
3051356160,2978156.1,0.00166,0.082137,0.000601,-0.296875,0.0,0.9521,0.9269,0.001991,0.00188,0.002183,1.919118,6.566919,0.00012339
3052142592,2950289.8,0.000933,0.075103,0.000602,-0.298828,0.0,0.952,0.9257,0.001535,0.001758,0.002276,1.932542,6.604837,0.00013495
3052929024,2923043.1,-0.004893,0.060251,0.000609,-0.292969,0.0,0.9517,0.9246,0.001839,0.001621,0.002115,1.92689,6.577978,0.00012278
3053715456,2837665.0,0.000266,0.068891,0.00063,-0.300781,0.0,0.9518,0.9245,0.001848,0.001489,0.002256,1.996944,6.46495,0.0001364
3054501888,2812234.4,-0.001306,0.062118,0.000625,-0.292969,0.0,0.9517,0.9241,0.001317,0.002232,0.002247,1.986303,6.368141,0.00013667
3055288320,2787527.1,-0.000571,0.071826,0.000647,-0.292969,0.0,0.952,0.9241,0.001886,0.001637,0.002338,1.928273,6.626623,0.00013159
3056074752,2763405.4,0.000649,0.070693,0.000622,-0.300781,0.0,0.9516,0.9225,0.001968,0.001462,0.002567,1.83489,6.701641,0.00013
3056861184,2699060.1,-0.002436,0.066755,0.000651,-0.292969,0.0,0.952,0.9226,0.001958,0.001626,0.00279,1.915695,6.730053,0.000108
3057647616,2676819.4,0.005043,0.08044,0.00064,-0.283203,0.0,0.9521,0.9227,0.001861,0.002027,0.002649,1.974504,6.77808,0.00011952
3058434048,2654954.2,-0.002005,0.048312,0.000628,-0.287109,0.0,0.9519,0.9222,0.001218,0.001104,0.001784,1.984084,6.675767,0.00012514
3059220480,2594780.1,-0.005129,0.061324,0.000632,-0.302734,0.0,0.9512,0.9215,0.002398,0.0022,0.003489,1.802588,6.640409,0.00012556
3060006912,2574190.9,0.007266,0.103693,0.000646,-0.316406,0.0,0.9505,0.9197,0.002911,0.002968,0.003103,1.853534,6.57004,0.00013656
3060793344,2554001.4,-0.002779,0.082035,0.000642,-0.3125,0.0,0.9497,0.9172,0.002046,0.002643,0.002859,1.907822,6.561919,0.0001246
3061579776,2534085.0,0.00236,0.066309,0.00065,-0.318359,0.0,0.9483,0.9135,0.001724,0.002599,0.00297,1.92381,6.547452,0.00012897
3062366208,2472251.1,-0.00265,0.07211,0.000648,-0.306641,0.0,0.9472,0.9116,0.001696,0.001633,0.002568,2.138261,6.564484,0.00014863
3063152640,2453337.7,1.8e-05,0.082808,0.000638,-0.302734,0.0,0.946,0.9094,0.001731,0.001775,0.002294,2.147619,6.670732,0.00013677
3063939072,2434771.7,0.002475,0.062031,0.000631,-0.302734,0.0,0.9456,0.9089,0.001482,0.00179,0.002135,1.905119,6.907914,0.00013602
3064725504,2380944.3,-0.006852,0.085656,0.000657,-0.302734,0.0,0.9453,0.9081,0.001799,0.00187,0.002408,2.066719,6.966176,0.00011429
3065511936,2363405.5,0.001685,0.078679,0.000653,-0.308594,0.0,0.9452,0.908,0.002102,0.0021,0.002952,2.109003,6.826307,0.00013113
3066298368,2345777.5,-0.00306,0.065752,0.000665,-0.308594,0.0,0.9446,0.9063,0.001398,0.001755,0.00208,2.081403,6.72809,0.00013602
3067084800,2328547.1,-0.00827,0.050433,0.000649,-0.302734,0.0,0.9441,0.9061,0.001384,0.001687,0.001805,2.184417,6.675678,0.00014901
3067871232,2275067.4,-0.000751,0.104643,0.000641,-0.296875,0.0,0.9437,0.9054,0.002396,0.001909,0.003229,1.976732,7.081019,0.00014435
3068657664,2258933.9,-0.000794,0.068523,0.000635,-0.292969,0.0,0.9442,0.9064,0.00175,0.001868,0.00266,2.001542,7.093772,0.00012849
3069444096,2243316.8,0.000526,0.053677,0.000648,-0.292969,0.0,0.9445,0.9072,0.001512,0.00153,0.0021,2.070141,7.191182,0.00012914
3070230528,2201031.7,-0.004517,0.077288,0.00067,-0.298828,0.0,0.9445,0.9086,0.001924,0.001891,0.002375,1.955729,6.911813,0.00013122
3071016960,2185583.8,-0.002458,0.079057,0.000661,-0.296875,0.0,0.9445,0.9093,0.001903,0.002236,0.002606,2.129234,7.039923,0.00014149
3071803392,2170671.1,0.004562,0.092713,0.00064,-0.296875,0.0,0.9443,0.9093,0.001726,0.00212,0.002054,2.206904,6.946624,0.000143
3072589824,2156237.8,-0.004889,0.089976,0.000645,-0.310547,0.0,0.944,0.9089,0.002067,0.002023,0.002179,2.07459,7.199834,0.00014786
3073376256,2114264.8,-0.002464,0.101671,0.000671,-0.320312,0.0,0.9435,0.9077,0.001908,0.002016,0.002801,2.147334,7.268447,0.00013063
3074162688,2100497.2,-0.010004,0.080604,0.000655,-0.302734,0.0,0.943,0.9067,0.002149,0.002115,0.002507,2.232414,7.136219,0.00013322
3074949120,2086913.1,-0.001163,0.068608,0.000656,-0.302734,0.0,0.9426,0.9059,0.001797,0.001731,0.002418,2.124762,7.044361,0.00012279
3075735552,2048274.6,0.006761,0.066484,0.000639,-0.304688,0.0,0.9426,0.906,0.001141,0.001366,0.001866,2.581899,6.731991,0.00012068
3076521984,2035504.1,-0.003888,0.06254,0.000601,-0.296875,0.0,0.9423,0.9053,0.001368,0.001696,0.002158,1.949549,7.356563,0.00012231
3077308416,2022944.8,-0.006176,0.060105,0.000606,-0.292969,0.0,0.9426,0.9059,0.001558,0.001729,0.002266,1.982472,7.370473,0.00012917
3078094848,2010512.4,-0.003075,0.062787,0.000626,-0.292969,0.0,0.9428,0.9066,0.001654,0.001483,0.002119,2.010033,7.416605,0.00012213
3078881280,1973999.5,-0.002409,0.071506,0.000674,-0.302734,0.0,0.9429,0.9069,0.001503,0.001692,0.002039,2.230566,7.117741,0.00013339
3079667712,1962229.1,-0.002488,0.061709,0.000705,-0.306641,0.0,0.943,0.9068,0.001548,0.001911,0.002474,2.24748,7.093627,0.00013199
3080454144,1950623.8,-0.007459,0.062554,0.000693,-0.296875,0.0,0.9431,0.906,0.001619,0.002235,0.002833,2.337553,7.132089,0.00014068
3081240576,1939088.5,-0.003512,0.080346,0.000705,-0.302734,0.0,0.9433,0.9052,0.001743,0.002078,0.002224,2.11882,7.512533,0.00014354
3082027008,1903700.2,-0.004697,0.070517,0.000675,-0.296875,0.0,0.9444,0.9077,0.002063,0.002219,0.003717,2.147717,7.432736,0.0001475
3082813440,1892779.7,0.000227,0.063175,0.000649,-0.291016,0.0,0.9452,0.9103,0.001941,0.001796,0.002525,2.164094,7.551023,0.00013706
3083599872,1881992.0,-0.005477,0.050566,0.000654,-0.289062,0.0,0.9467,0.914,0.001749,0.001918,0.002411,2.228984,7.374614,0.00013328
3084386304,1850117.3,-0.003432,0.066671,0.000674,-0.294922,0.0,0.9483,0.9166,0.001872,0.001481,0.002064,2.312743,7.148559,0.00014491
3085172736,1839864.0,-0.005166,0.083953,0.000711,-0.294922,0.0,0.9487,0.9162,0.002504,0.001894,0.003076,2.061857,7.498437,0.00013825
3085959168,1829510.7,-0.0012,0.081997,0.000709,-0.294922,0.0,0.9491,0.9154,0.002311,0.001597,0.002759,1.966142,7.426946,0.00014361
3086745600,1819476.3,-0.00245,0.06211,0.000699,-0.294922,0.0,0.9493,0.9146,0.002317,0.00132,0.002406,2.081845,7.445671,0.0001343
3087532032,1788931.2,-0.001063,0.085743,0.000684,-0.296875,0.0,0.9494,0.9147,0.00181,0.002188,0.002327,2.265661,7.396747,0.00012577
3088318464,1778694.5,0.007842,0.093603,0.00067,-0.285156,0.0,0.9496,0.9153,0.001648,0.001899,0.002155,2.344023,7.390499,0.0001201
3089104896,1769155.1,-0.000712,0.073856,0.000647,-0.291016,0.0,0.9498,0.9149,0.001585,0.002143,0.00217,2.138646,7.661873,0.0001366
3089891328,1740178.7,0.005179,0.089945,0.00067,-0.300781,0.0,0.9494,0.9138,0.002031,0.001962,0.002168,2.145662,7.61171,0.00014225
3090677760,1731164.0,0.000191,0.074792,0.000656,-0.302734,0.0,0.9495,0.9133,0.001743,0.001989,0.002181,2.272903,7.628934,0.00014498
3091464192,1722131.7,-0.001922,0.067846,0.000669,-0.294922,0.0,0.9495,0.9118,0.001542,0.001735,0.002508,2.311123,7.472875,0.00013476
3092250624,1713153.7,-0.006859,0.073512,0.000681,-0.292969,0.0,0.9497,0.911,0.001516,0.001728,0.002137,2.337838,7.472644,0.00013225
3093037056,1685590.8,-0.001263,0.09652,0.000689,-0.298828,0.0,0.95,0.9118,0.001932,0.00184,0.002679,2.149324,7.69707,0.00013835
3093823488,1677021.4,-0.00251,0.066851,0.000687,-0.289062,0.0,0.9503,0.9132,0.001762,0.001572,0.00233,2.155928,7.807567,0.00014296
3094609920,1668609.9,-0.003689,0.073297,0.000708,-0.289062,0.0,0.9509,0.9152,0.001742,0.00166,0.002307,2.187459,7.865368,0.00012766
3095396352,1643462.9,0.005404,0.076959,0.00071,-0.289062,0.0,0.9509,0.9159,0.001375,0.001294,0.001652,2.214979,7.815563,0.00012355
3096182784,1635392.5,0.002995,0.063013,0.000683,-0.289062,0.0,0.9518,0.9177,0.001494,0.001155,0.002023,2.375144,7.831525,0.00013464
3096969216,1627394.4,-0.004459,0.064086,0.000663,-0.292969,0.0,0.9524,0.9176,0.00259,0.001182,0.002188,2.383404,7.816793,0.00012529
3097755648,1619411.8,-0.003275,0.058623,0.000657,-0.300781,0.0,0.9534,0.9192,0.001318,0.000983,0.001544,2.254355,7.872711,0.00012664
3098542080,1596140.0,-0.003108,0.074165,0.000673,-0.304688,0.0,0.9534,0.9184,0.0011,0.001498,0.001568,2.158077,7.697786,0.00013034
3099328512,1588092.7,0.00191,0.069204,0.000681,-0.298828,0.0,0.9538,0.919,0.001967,0.002182,0.002131,2.146683,7.661996,0.00013135
3100114944,1580611.9,-0.003322,0.067234,0.000691,-0.298828,0.0,0.9546,0.9204,0.001606,0.001796,0.001659,2.262534,7.466497,0.00012983
3100901376,1558432.4,-0.001198,0.064093,0.000684,-0.296875,0.0,0.9551,0.921,0.001414,0.001746,0.001709,2.88986,7.272436,0.00012643
3101687808,1551279.4,0.001399,0.071258,0.000627,-0.298828,0.0,0.9552,0.9209,0.001623,0.001906,0.00298,2.211124,7.654246,0.00013577
3102474240,1544192.5,-0.001475,0.07477,0.000659,-0.294922,0.0,0.9556,0.9216,0.0016,0.001751,0.002485,2.138574,7.685785,0.00012737
3103260672,1537160.0,-0.002099,0.070073,0.000661,-0.289062,0.0,0.9555,0.9208,0.001774,0.001866,0.002087,2.18358,7.730485,0.00014044
3104047104,1514358.1,3.6e-05,0.065961,0.000694,-0.292969,0.0,0.9559,0.9214,0.001814,0.00177,0.002194,2.081867,7.395492,0.00013046
3104833536,1507606.0,-0.003154,0.053039,0.000698,-0.287109,0.0,0.9559,0.9212,0.001656,0.001548,0.002545,2.315749,7.510809,0.00013636
3105619968,1500453.3,-0.003245,0.069096,0.000698,-0.287109,0.0,0.9559,0.9208,0.0014,0.001625,0.00229,2.35786,7.510119,0.00012859
3106406400,1492983.8,-0.001292,0.057963,0.000685,-0.287109,0.0,0.9558,0.9217,0.001084,0.001339,0.001875,2.203978,7.877367,0.00013559
3107192832,1472460.0,-0.003742,0.069594,0.0007,-0.298828,0.0,0.9566,0.9242,0.001838,0.002833,0.002757,2.124451,7.769398,0.00014311
3107979264,1466026.9,0.000111,0.05851,0.000717,-0.289062,0.0,0.9572,0.9257,0.001268,0.001787,0.002063,2.222723,7.708157,0.00013101
3108765696,1459660.4,-0.001159,0.098572,0.000711,-0.291016,0.0,0.9578,0.9269,0.001752,0.001844,0.002102,2.283308,7.803314,0.00015154
3109552128,1439138.4,-0.000793,0.058343,0.000719,-0.289062,0.0,0.9585,0.9281,0.001296,0.001701,0.002248,2.308738,7.424885,0.00014271
3110338560,1433038.0,-0.001346,0.067092,0.000685,-0.285156,0.0,0.9593,0.9298,0.001208,0.001746,0.001817,2.22708,7.963473,0.0001345
3111124992,1426985.6,-0.006852,0.052498,0.000675,-0.283203,0.0,0.9593,0.9299,0.001027,0.001741,0.001773,2.229884,8.047077,0.00014364
3111911424,1420706.6,-0.00293,0.055242,0.000682,-0.279297,0.0,0.9593,0.9314,0.001516,0.001527,0.001833,2.248001,8.101439,0.00013599
3112697856,1403098.4,0.004305,0.104581,0.000701,-0.285156,0.0,0.9597,0.9326,0.001461,0.001913,0.002581,2.224849,7.904866,0.00013484
3113484288,1397340.8,-0.00316,0.053561,0.000664,-0.277344,0.0,0.9592,0.9329,0.001398,0.001545,0.001896,2.33477,7.909328,0.0001616
3114270720,1391627.7,-0.003598,0.065001,0.000662,-0.283203,0.0,0.9592,0.9334,0.001663,0.001752,0.002212,2.138963,8.189498,0.00014244
3115057152,1372474.1,-0.002329,0.078645,0.000668,-0.292969,0.0,0.9588,0.9327,0.001834,0.001754,0.002215,2.237857,8.263306,0.00013379
3115843584,1366933.9,-0.004105,0.071754,0.000647,-0.28125,0.0,0.9591,0.9333,0.001744,0.00167,0.002295,2.281445,8.164312,0.00012607
3116630016,1361448.8,0.000275,0.065041,0.000651,-0.283203,0.0,0.9586,0.9328,0.001722,0.001654,0.002114,2.278663,8.190565,0.00013983
3117416448,1355998.0,-0.000616,0.052611,0.000662,-0.287109,0.0,0.9585,0.9336,0.001413,0.001554,0.001676,2.405834,7.985703,0.00014458
3118202880,1338260.3,0.006166,0.091478,0.000671,-0.294922,0.0,0.9585,0.9344,0.00196,0.002233,0.002496,2.241495,8.136289,0.00013226
3118989312,1333046.6,0.009106,0.108499,0.000678,-0.292969,0.0,0.958,0.9335,0.002245,0.00195,0.00333,2.234846,8.338766,0.00014588
3119775744,1327866.7,0.006702,0.087295,0.000673,-0.291016,0.0,0.9578,0.9335,0.001508,0.001802,0.002382,2.304071,8.31284,0.00014639
3120562176,1308059.6,-0.009682,0.086628,0.00071,-0.289062,0.0,0.9576,0.9332,0.001728,0.002283,0.002662,2.272877,8.034075,0.00014488
3121348608,1302948.0,0.001943,0.068296,0.000702,-0.283203,0.0,0.9575,0.9328,0.002311,0.002014,0.002679,2.360814,8.078003,0.0001472
3122135040,1297960.8,-0.003695,0.064644,0.000717,-0.279297,0.0,0.9572,0.9316,0.002472,0.001869,0.002478,2.381481,7.987022,0.00013327
3122921472,1292909.0,0.000686,0.075937,0.000682,-0.283203,0.0,0.9572,0.9316,0.001912,0.00192,0.002249,2.215993,8.155352,0.00014556
3123707904,1277423.3,0.002474,0.079867,0.000697,-0.285156,0.0,0.9569,0.9306,0.001418,0.001577,0.001916,2.095546,8.273003,0.0001339
3124494336,1272483.5,-0.000313,0.055554,0.000671,-0.279297,0.0,0.9573,0.9322,0.001084,0.001563,0.001602,2.226443,8.134395,0.00013857
3125280768,1267797.1,0.001716,0.04503,0.000669,-0.28125,0.0,0.9575,0.9329,0.001105,0.001276,0.001496,2.237759,8.053875,0.00014685
3126067200,1253519.0,-0.003705,0.06749,0.000666,-0.287109,0.0,0.9579,0.9338,0.00122,0.001392,0.001899,2.767348,7.592297,0.00015239
3126853632,1248921.6,0.0025,0.096303,0.00063,-0.294922,0.0,0.9585,0.9345,0.002013,0.002323,0.002494,2.303271,8.267534,0.00014587
3127640064,1244365.9,-0.001274,0.094033,0.000639,-0.300781,0.0,0.9585,0.9326,0.002249,0.00291,0.003399,2.365788,8.30923,0.000136
3128426496,1239844.7,-0.008749,0.07333,0.000633,-0.300781,0.0,0.9584,0.9315,0.001856,0.002123,0.002743,2.293478,8.180298,0.0001538
3129212928,1226127.0,-0.002216,0.070099,0.000671,-0.287109,0.0,0.9583,0.9313,0.001656,0.001605,0.001907,2.430194,8.12137,0.00014572
3129999360,1221469.3,0.000839,0.076654,0.000708,-0.269531,0.0,0.9583,0.9316,0.002034,0.001638,0.002624,2.301116,8.164345,0.00014139
3130785792,1216986.5,-0.000266,0.067657,0.000682,-0.267578,0.0,0.9579,0.9302,0.001532,0.001378,0.002118,2.385505,8.365511,0.00014368
3131572224,1212662.8,-0.003385,0.07074,0.000662,-0.267578,0.0,0.9582,0.9302,0.001586,0.001739,0.002142,2.160882,8.530045,0.00013447
3132358656,1198316.4,-0.006398,0.073566,0.00067,-0.269531,0.0,0.9587,0.9308,0.001778,0.001695,0.002192,2.145431,8.297203,0.00012505
3133145088,1194150.8,-0.00138,0.064489,0.000688,-0.269531,0.0,0.9589,0.9305,0.001525,0.001776,0.002535,2.162803,8.372741,0.00015205
3133931520,1190022.4,-0.001081,0.071945,0.000681,-0.269531,0.0,0.9591,0.9303,0.002065,0.001405,0.001995,2.31738,8.332093,0.00013917
3134717952,1176224.0,0.005773,0.096566,0.000685,-0.275391,0.0,0.9596,0.9298,0.001755,0.001237,0.001676,2.526711,8.125739,0.00014412
3135504384,1172105.5,-0.006363,0.082664,0.000662,-0.273438,0.0,0.9602,0.9294,0.002448,0.002034,0.00285,2.290419,8.486343,0.00014106
3136290816,1168113.8,0.006644,0.079454,0.000689,-0.271484,0.0,0.9605,0.9285,0.001977,0.001866,0.002374,2.229462,8.639434,0.00013365
3137077248,1164080.1,-0.003081,0.087654,0.000698,-0.269531,0.0,0.9605,0.9273,0.00231,0.001573,0.002161,2.249171,8.609993,0.00014052
3137863680,1150143.5,0.000859,0.080001,0.000725,-0.267578,0.0,0.9608,0.9278,0.001579,0.00171,0.002176,2.184206,8.388118,0.0001514
3138650112,1146263.3,-0.000365,0.065858,0.000744,-0.267578,0.0,0.9611,0.9284,0.001502,0.001427,0.002167,2.334922,8.321707,0.00016205
3139436544,1142446.7,-0.002545,0.054776,0.000727,-0.269531,0.0,0.9612,0.9288,0.001534,0.001379,0.001662,2.247975,8.380348,0.00014759
3140222976,1131132.6,-0.004744,0.077656,0.000708,-0.283203,0.0,0.9616,0.9303,0.001552,0.001632,0.00194,2.097469,8.663916,0.00014692
3141009408,1127448.7,0.001065,0.060397,0.000641,-0.271484,0.0,0.9617,0.9303,0.00165,0.001799,0.002063,2.199454,8.505511,0.00013633
3141795840,1123636.5,0.002477,0.062536,0.000655,-0.265625,0.0,0.9615,0.9298,0.001739,0.001797,0.001841,2.284536,8.396735,0.00014396
3142582272,1120022.2,-0.009581,0.049009,0.000667,-0.269531,0.0,0.9611,0.929,0.001545,0.001509,0.001866,2.333832,8.339984,0.0001396
3143368704,1109087.2,0.002428,0.05849,0.000662,-0.283203,0.0,0.9615,0.9301,0.002178,0.001736,0.002345,2.500852,8.262728,0.00013418
3144155136,1105478.1,-0.000773,0.0821,0.000642,-0.28125,0.0,0.9618,0.9306,0.001875,0.001985,0.002543,2.277324,8.484825,0.00012803
3144941568,1101977.6,-0.001529,0.079305,0.000646,-0.28125,0.0,0.9619,0.9313,0.001884,0.001757,0.002143,2.227699,8.518195,0.00014099
3145728000,1091259.3,-0.004241,0.072117,0.000664,-0.283203,0.0,0.9619,0.9304,0.001825,0.001601,0.002098,2.269234,8.504818,0.00014566
3146514432,1087811.6,-0.000286,0.065029,0.000679,-0.28125,0.0,0.962,0.93,0.001187,0.00177,0.00181,2.470932,8.310862,0.00013705
3147300864,1084397.7,-0.005994,0.066524,0.000665,-0.279297,0.0,0.9617,0.9291,0.001366,0.001673,0.001718,2.429594,8.253407,0.00013744
3148087296,1080988.5,-0.003012,0.073179,0.000665,-0.273438,0.0,0.9613,0.9283,0.002023,0.001316,0.002025,2.314325,8.721183,0.00015482
3148873728,1070855.4,0.000155,0.072686,0.000707,-0.283203,0.0,0.9613,0.9289,0.002257,0.001576,0.002234,2.325202,8.918758,0.00013815
3149660160,1067634.4,-0.006078,0.04631,0.000683,-0.28125,0.0,0.9613,0.9296,0.001478,0.001682,0.00218,2.348912,8.769108,0.00014897
3150446592,1064428.8,-0.005001,0.056313,0.000704,-0.28125,0.0,0.9615,0.9305,0.001567,0.001618,0.002271,2.500818,8.833004,0.00013609
3151233024,1054279.2,0.002536,0.060935,0.000703,-0.28125,0.0,0.9612,0.9296,0.001671,0.001218,0.002013,2.84737,8.035525,0.00013632
3152019456,1051104.0,-0.001958,0.068528,0.000637,-0.273438,0.0,0.9615,0.9302,0.001764,0.002361,0.002386,2.301448,8.811453,0.00014821
3152805888,1047948.4,-0.002939,0.056123,0.000649,-0.273438,0.0,0.9616,0.93,0.00166,0.002242,0.002515,2.237714,8.949526,0.00013411
3153592320,1044814.2,-0.002868,0.056498,0.000633,-0.273438,0.0,0.9616,0.9299,0.002213,0.003043,0.002988,2.389417,8.850355,0.00014483
3154378752,1034070.3,-0.000797,0.066413,0.000682,-0.283203,0.0,0.9614,0.9298,0.001284,0.001647,0.002137,2.481009,8.63245,0.00013631
3155165184,1031048.6,0.00018,0.068287,0.00069,-0.283203,0.0,0.9611,0.9297,0.001475,0.001387,0.001847,2.546551,8.572381,0.00014335
3155951616,1028046.7,0.005078,0.058247,0.000678,-0.28125,0.0,0.9607,0.9296,0.001167,0.001782,0.001696,2.49774,8.389711,0.00014989
3156738048,1025058.2,-0.000765,0.057211,0.000687,-0.285156,0.0,0.9605,0.9304,0.001434,0.001231,0.00169,2.326419,8.639658,0.00015458
3157524480,1015275.1,-0.000283,0.065356,0.000695,-0.287109,0.0,0.96,0.9305,0.001396,0.002091,0.001994,2.347981,8.6011,0.00013341
3158310912,1012326.2,-0.002096,0.050737,0.000699,-0.279297,0.0,0.9597,0.9315,0.00122,0.002,0.001943,2.302515,8.680541,0.00013424
3159097344,1009409.7,0.001231,0.044369,0.000707,-0.283203,0.0,0.9597,0.9333,0.001242,0.001498,0.001621,2.465827,8.765656,0.00013624
3159883776,999428.4,-0.000133,0.076311,0.000713,-0.287109,0.0,0.9595,0.9335,0.002473,0.001636,0.001857,2.627691,8.340654,0.00015587
3160670208,996602.1,-0.006039,0.063531,0.000704,-0.287109,0.0,0.9592,0.933,0.002198,0.002302,0.002613,2.357756,8.75876,0.00013081
3161456640,993798.1,0.006351,0.094377,0.00076,-0.289062,0.0,0.9588,0.9322,0.002219,0.002117,0.002228,2.445851,8.73543,0.00013635
3162243072,991008.5,0.003718,0.096503,0.000739,-0.292969,0.0,0.9584,0.9314,0.002047,0.001913,0.002538,2.478761,8.729996,0.00014929
3163029504,980600.4,-0.003843,0.07009,0.00074,-0.285156,0.0,0.9588,0.9326,0.00156,0.001581,0.00208,2.601019,8.677402,0.00014677
3163815936,977821.9,0.004102,0.049927,0.000735,-0.28125,0.0,0.9587,0.9333,0.001071,0.00146,0.001924,2.566506,8.814817,0.00015528
3164602368,975083.3,0.004182,0.078171,0.00073,-0.285156,0.0,0.9584,0.9332,0.00142,0.001594,0.00182,2.607218,8.82094,0.00015286
3165388800,965904.6,0.005575,0.070113,0.000732,-0.294922,0.0,0.9585,0.934,0.001241,0.001693,0.001843,2.452516,9.107037,0.00016238
3166175232,963286.1,0.002212,0.1008,0.000739,-0.300781,0.0,0.9582,0.9337,0.001555,0.002287,0.002855,2.585091,8.989035,0.00013927
3166961664,960593.7,0.003066,0.093952,0.000753,-0.300781,0.0,0.9577,0.9329,0.001775,0.002207,0.002412,2.578797,8.747231,0.00013628
3167748096,958002.2,8.3e-05,0.066009,0.000732,-0.308594,0.0,0.9577,0.9331,0.001488,0.001786,0.002282,2.763949,8.720511,0.00015561
3168534528,949369.7,0.006264,0.092513,0.000727,-0.302734,0.0,0.9576,0.9328,0.001831,0.00178,0.003168,2.876194,8.420167,0.00015085
3169320960,946740.0,-0.001083,0.073878,0.000698,-0.296875,0.0,0.9573,0.9324,0.001375,0.002426,0.002576,2.489425,9.06697,0.00014485
3170107392,944128.6,-0.003355,0.066371,0.000709,-0.292969,0.0,0.9566,0.9319,0.001581,0.002109,0.00259,2.514489,9.076,0.00013938
3170893824,936674.7,0.003036,0.060828,0.000722,-0.296875,0.0,0.9566,0.9327,0.001283,0.001678,0.002493,2.531299,8.884054,0.00015099
3171680256,934179.1,0.000877,0.065405,0.000705,-0.279297,0.0,0.9562,0.9326,0.00126,0.001993,0.002241,2.518385,8.707531,0.00014335
3172466688,931725.6,0.004261,0.053702,0.000712,-0.279297,0.0,0.9565,0.9335,0.00111,0.001585,0.001757,2.636869,8.795585,0.00014853
3173253120,929276.4,-0.000802,0.052498,0.000685,-0.279297,0.0,0.956,0.9331,0.001115,0.00143,0.001832,2.398869,9.120776,0.00014012
3174039552,920801.5,0.004515,0.078247,0.000708,-0.292969,0.0,0.956,0.9334,0.001187,0.00145,0.002128,2.448518,9.216339,0.00015169
3174825984,918423.0,-0.001102,0.070938,0.000697,-0.291016,0.0,0.9559,0.9331,0.001434,0.001609,0.001887,2.586325,9.038482,0.00016211
3175612416,916045.0,-0.000246,0.054495,0.00069,-0.289062,0.0,0.9557,0.9337,0.001298,0.001453,0.001631,2.593316,9.015244,0.00015369
3176398848,908676.8,-0.001098,0.063229,0.000718,-0.291016,0.0,0.9562,0.9351,0.001482,0.001181,0.001288,3.025035,8.582517,0.00013988
3177185280,906331.9,-0.001591,0.050722,0.0007,-0.279297,0.0,0.9566,0.9362,0.001379,0.00137,0.001915,2.58703,9.234829,0.0001577
3177971712,903996.1,0.003133,0.058041,0.000705,-0.277344,0.0,0.9571,0.9374,0.001235,0.001324,0.001572,2.423388,9.250052,0.00015495
3178758144,901632.1,0.001313,0.051218,0.000725,-0.277344,0.0,0.9578,0.9382,0.001837,0.001638,0.002143,2.325857,9.169063,0.00016341
3179544576,894136.6,-0.003623,0.067631,0.000709,-0.279297,0.0,0.9582,0.9389,0.001526,0.001604,0.001956,2.636881,9.280099,0.00014159
3180331008,891744.2,0.004918,0.06664,0.000689,-0.275391,0.0,0.9589,0.9395,0.001781,0.001714,0.002328,2.666265,9.171184,0.00013592
3181117440,889441.2,-4.5e-05,0.054534,0.000681,-0.277344,0.0,0.9593,0.9395,0.001235,0.0015,0.001897,2.802642,9.259619,0.00014097
3181903872,887174.7,-0.004632,0.065277,0.000675,-0.283203,0.0,0.96,0.9405,0.001701,0.001616,0.002213,2.522172,9.394607,0.00013904
3182690304,879603.5,-0.002556,0.119176,0.000657,-0.291016,0.0,0.9604,0.9401,0.002027,0.002251,0.00308,2.539316,9.356212,0.00014894
3183476736,877421.8,0.001756,0.066234,0.000653,-0.279297,0.0,0.961,0.9413,0.001378,0.001335,0.001816,2.609962,9.443011,0.00013631
3184263168,875266.0,0.000398,0.092108,0.000655,-0.279297,0.0,0.9613,0.9412,0.001646,0.001861,0.002604,2.724181,9.298484,0.00013259
3185049600,868347.0,-0.000748,0.068664,0.000657,-0.291016,0.0,0.9616,0.9412,0.001728,0.001807,0.002459,2.820617,9.161056,0.00014011
3185836032,866245.4,0.002798,0.058738,0.00066,-0.289062,0.0,0.9617,0.9417,0.001153,0.001752,0.001801,2.543645,9.506716,0.00015017
3186622464,864148.7,-0.004819,0.053072,0.000673,-0.291016,0.0,0.9616,0.9416,0.001378,0.001705,0.002064,2.540282,9.436369,0.00015198
3187408896,862012.4,0.002148,0.040182,0.000662,-0.287109,0.0,0.9619,0.9432,0.001309,0.001712,0.001939,2.575763,9.445096,0.00015194
3188195328,855269.0,0.000704,0.073366,0.000671,-0.296875,0.0,0.9626,0.9454,0.001115,0.001504,0.001705,2.732834,9.416477,0.00014078
3188981760,853219.7,-0.000911,0.051635,0.000665,-0.28125,0.0,0.9632,0.9475,0.001041,0.001219,0.001529,2.818568,9.236842,0.00014671
3189768192,851163.1,-0.006231,0.055485,0.000643,-0.285156,0.0,0.9632,0.9477,0.00126,0.00155,0.001793,2.791138,9.215177,0.00014099
3190554624,844760.9,-0.001762,0.073796,0.000661,-0.289062,0.0,0.9639,0.9494,0.001325,0.001603,0.00216,2.610497,9.574419,0.00014412
3191341056,842735.1,0.002676,0.08787,0.000712,-0.285156,0.0,0.9639,0.9485,0.001609,0.001596,0.002237,2.636482,9.557419,0.00014169
3192127488,840751.8,0.000699,0.07151,0.000702,-0.28125,0.0,0.9642,0.9479,0.001497,0.001416,0.00176,2.603262,9.489092,0.00014714
3192913920,838767.7,-0.005087,0.081016,0.000689,-0.285156,0.0,0.9645,0.9473,0.001377,0.00176,0.00193,2.630774,9.320258,0.00015883
3193700352,832475.0,-0.007028,0.07998,0.000711,-0.283203,0.0,0.9644,0.9463,0.001939,0.001488,0.002309,2.941759,8.960652,0.00016549
3194486784,830541.7,-0.000857,0.097393,0.000718,-0.275391,0.0,0.9637,0.9438,0.002121,0.001586,0.002348,2.516225,9.493667,0.00016306
3195273216,828614.0,-0.003784,0.08122,0.000709,-0.277344,0.0,0.9632,0.9421,0.00206,0.001592,0.002812,2.52626,9.537567,0.00017005
3196059648,822432.1,-0.003444,0.092573,0.000735,-0.283203,0.0,0.9629,0.9409,0.001765,0.001829,0.002059,2.424034,9.510565,0.0001444
3196846080,820365.6,0.000426,0.041091,0.00066,-0.269531,0.0,0.9632,0.9418,0.001264,0.001507,0.001681,2.604853,9.454931,0.0001609
3197632512,818472.9,0.000406,0.053665,0.00066,-0.267578,0.0,0.9631,0.9417,0.002045,0.002002,0.002141,2.616401,9.299541,0.00014096
3198418944,816597.5,-0.005407,0.042675,0.000652,-0.265625,0.0,0.9634,0.9428,0.001316,0.001325,0.002029,2.597128,9.328929,0.00011663
3199205376,810525.6,0.003999,0.068237,0.000688,-0.271484,0.0,0.9631,0.9423,0.001261,0.0014,0.001663,2.395409,9.783466,0.0001452
3199991808,808649.3,0.000902,0.059912,0.000682,-0.263672,0.0,0.9631,0.9427,0.001515,0.001718,0.002234,2.471604,9.627312,0.00014033
3200778240,806858.3,-0.002546,0.079331,0.000693,-0.269531,0.0,0.9631,0.9429,0.001741,0.001491,0.002109,2.553155,9.568781,0.00013595
3201564672,801548.9,-0.001544,0.05787,0.000707,-0.269531,0.0,0.9627,0.9427,0.001322,0.001397,0.001739,2.957417,9.084656,0.0001458
3202351104,799738.8,-0.001523,0.046183,0.000651,-0.267578,0.0,0.9629,0.9435,0.001124,0.001542,0.001751,2.604567,9.417524,0.00015981
3203137536,797978.6,-0.00287,0.048918,0.000657,-0.275391,0.0,0.963,0.9441,0.001071,0.00132,0.00139,2.458198,9.709072,0.00014623
3203923968,796221.6,-0.000831,0.051858,0.000688,-0.285156,0.0,0.9632,0.9457,0.001154,0.001705,0.002058,2.606525,9.661681,0.00012912
3204710400,790662.0,-0.002434,0.088506,0.000716,-0.298828,0.0,0.9633,0.9457,0.001722,0.002045,0.002526,2.825958,9.41892,0.00013401
3205496832,788926.5,-0.001398,0.083009,0.00071,-0.296875,0.0,0.9637,0.9451,0.001679,0.002618,0.002933,2.987964,9.421156,0.00015743
3206283264,787227.4,0.000198,0.087377,0.000749,-0.306641,0.0,0.9634,0.9422,0.001695,0.001922,0.002241,2.978131,9.416973,0.00013521
3207069696,785487.6,-0.000775,0.094492,0.000765,-0.306641,0.0,0.9637,0.9413,0.002049,0.001807,0.002385,2.758651,9.7244,0.00015392
3207856128,779130.9,-0.003647,0.105589,0.000758,-0.306641,0.0,0.9636,0.9403,0.002716,0.001884,0.00345,2.771761,9.720725,0.00015754
3208642560,777439.8,-0.001495,0.089266,0.00075,-0.285156,0.0,0.9636,0.939,0.002192,0.002888,0.003235,2.70371,9.569376,0.00015401
3209428992,775762.2,-0.004333,0.077351,0.000755,-0.28125,0.0,0.9633,0.938,0.001536,0.001661,0.002269,2.774517,9.647842,0.00016293
3210215424,770257.5,-0.002527,0.078615,0.000747,-0.287109,0.0,0.963,0.9369,0.001755,0.001916,0.001899,2.909808,9.461088,0.00015906
3211001856,768643.7,-0.006618,0.062609,0.000733,-0.279297,0.0,0.9632,0.9374,0.002036,0.00177,0.002654,2.721793,9.851106,0.00016516
3211788288,767039.0,-0.005304,0.04466,0.000726,-0.28125,0.0,0.9631,0.9381,0.001424,0.001633,0.002035,2.727487,9.981878,0.00015473
3212574720,765439.4,-0.00207,0.048974,0.000715,-0.285156,0.0,0.9635,0.9403,0.001152,0.001375,0.001628,2.763782,9.827755,0.00016363
3213361152,760393.5,0.003438,0.106182,0.000789,-0.283203,0.0,0.964,0.9417,0.002574,0.002426,0.003652,2.676842,9.585169,0.00015721
3214147584,758800.8,-0.004925,0.072912,0.000762,-0.269531,0.0,0.9642,0.9419,0.002182,0.002013,0.002549,2.755751,9.448212,0.00015719
3214934016,757211.5,-0.00808,0.059514,0.000766,-0.273438,0.0,0.9649,0.9435,0.002325,0.001577,0.002532,2.777236,9.463889,0.00015754
3215720448,751698.4,-0.00169,0.088159,0.000749,-0.275391,0.0,0.9652,0.9439,0.00186,0.001497,0.002474,2.6227,9.95906,0.0001482
3216506880,750167.9,0.006113,0.059556,0.000733,-0.279297,0.0,0.9659,0.9466,0.001684,0.001542,0.002233,2.617129,9.953978,0.00016476
3217293312,748655.0,0.002068,0.070154,0.000739,-0.28125,0.0,0.966,0.9474,0.00124,0.001791,0.001856,2.639451,9.753332,0.00015551
3218079744,747132.0,-0.00055,0.048779,0.000726,-0.285156,0.0,0.9663,0.9477,0.00155,0.001539,0.001682,2.760975,9.787386,0.00014989
3218866176,741985.7,0.003645,0.06282,0.000703,-0.275391,0.0,0.9665,0.948,0.001403,0.00209,0.001942,2.825723,9.322145,0.00014958
3219652608,740471.8,-0.004537,0.063503,0.000705,-0.265625,0.0,0.9661,0.9466,0.001711,0.00237,0.002434,2.51044,9.69866,0.00013722
3220439040,738256.6,0.002696,0.066844,0.000699,-0.263672,0.0,0.9664,0.9468,0.001163,0.00196,0.001803,2.482821,9.727891,0.00013429
3221225472,733285.6,-0.005867,0.059195,0.000711,-0.275391,0.0,0.9666,0.9471,0.001333,0.001644,0.002179,2.528877,10.213786,0.00014478
3222011904,731820.7,-0.002181,0.078216,0.000737,-0.275391,0.0,0.9668,0.9452,0.002165,0.001696,0.002786,2.681486,9.845982,0.00014864
3222798336,730348.6,-0.000779,0.10319,0.000719,-0.267578,0.0,0.9668,0.9439,0.002237,0.00194,0.002995,2.755633,9.69509,0.0001567
3223584768,728877.2,0.000257,0.104,0.000707,-0.271484,0.0,0.9663,0.9408,0.00199,0.001777,0.002505,2.759224,9.892912,0.00013709
3224371200,724233.8,0.006749,0.082502,0.000694,-0.279297,0.0,0.966,0.9392,0.001395,0.00169,0.002181,2.549962,10.146778,0.00014588
3225157632,722831.4,-0.000192,0.065761,0.000689,-0.271484,0.0,0.9657,0.9384,0.00175,0.00198,0.002375,2.594337,10.084655,0.000154
3225944064,721430.1,0.003575,0.042739,0.000675,-0.273438,0.0,0.9657,0.9401,0.001158,0.001931,0.001922,2.729181,10.152134,0.0001566
3226730496,716665.0,-0.004458,0.05503,0.000695,-0.279297,0.0,0.966,0.9429,0.001076,0.001348,0.001782,3.175645,9.449888,0.00014624
3227516928,715289.9,-0.000967,0.059286,0.00068,-0.267578,0.0,0.9661,0.9443,0.00127,0.001485,0.001616,2.825244,9.734074,0.00016215
3228303360,713927.6,-0.007558,0.050783,0.00068,-0.277344,0.0,0.9664,0.9459,0.001125,0.001651,0.001685,2.650877,10.190326,0.00016291
3229089792,712574.8,-0.003563,0.044124,0.000667,-0.289062,0.0,0.9665,0.9469,0.001054,0.001279,0.001861,2.717072,10.132332,0.0001708
3229876224,708047.9,-0.006926,0.060463,0.000706,-0.291016,0.0,0.9665,0.9468,0.00129,0.001711,0.002498,2.738133,9.705154,0.00014778
3230662656,706702.1,0.00091,0.056393,0.000679,-0.279297,0.0,0.9666,0.9471,0.00137,0.001654,0.002495,2.842932,9.872665,0.00016941
3231449088,705361.6,-0.003314,0.051721,0.000674,-0.283203,0.0,0.9663,0.946,0.0016,0.001413,0.002088,2.950309,9.709326,0.0001597
3232235520,704018.4,-0.007185,0.061059,0.00067,-0.283203,0.0,0.9659,0.9441,0.001402,0.001483,0.002103,2.61067,9.983092,0.00016549
3233021952,699861.3,0.005739,0.072839,0.000773,-0.287109,0.0,0.9658,0.9437,0.001855,0.002459,0.002246,2.592841,10.094769,0.0001424
3233808384,698555.2,-0.006564,0.057583,0.00076,-0.283203,0.0,0.9653,0.9437,0.002555,0.003171,0.002745,2.755314,10.007411,0.00016589
3234594816,697258.2,-0.003976,0.060962,0.000753,-0.289062,0.0,0.9653,0.9445,0.001712,0.002047,0.002374,2.788172,9.852943,0.00014853
3235381248,693077.8,1.2e-05,0.074144,0.000737,-0.285156,0.0,0.9652,0.9456,0.001896,0.001801,0.001988,2.828742,9.542401,0.00016557
3236167680,691804.5,0.001663,0.061355,0.000696,-0.265625,0.0,0.9655,0.9476,0.001972,0.001947,0.002256,2.661427,9.902819,0.00015264
3236954112,690522.7,0.000787,0.056635,0.000688,-0.269531,0.0,0.9654,0.9468,0.001383,0.002037,0.001922,2.65199,10.113655,0.00016343
3237740544,689237.4,-0.00467,0.054999,0.00069,-0.267578,0.0,0.9654,0.9462,0.00116,0.001931,0.002121,2.518756,9.982268,0.00015315
3238526976,684994.2,0.002167,0.087714,0.000762,-0.277344,0.0,0.9655,0.9463,0.001668,0.001709,0.002557,2.864321,10.240352,0.00014723
3239313408,683740.3,0.000985,0.063818,0.000753,-0.269531,0.0,0.9654,0.9447,0.001435,0.001207,0.002054,2.753012,9.959787,0.00017048
3240099840,682479.3,-0.001746,0.059471,0.000742,-0.277344,0.0,0.9655,0.9453,0.001034,0.001483,0.001888,2.799544,9.973043,0.00014563
3240886272,678157.3,0.001732,0.071698,0.00074,-0.283203,0.0,0.9654,0.9454,0.001021,0.001028,0.001771,2.648769,10.28593,0.0001392
3241672704,676940.6,1.9e-05,0.048732,0.000758,-0.287109,0.0,0.9652,0.945,0.002235,0.001686,0.002737,2.831326,10.309456,0.00016068
3242459136,675726.0,-0.002558,0.057843,0.000789,-0.285156,0.0,0.9648,0.945,0.001814,0.001394,0.002038,2.882825,10.355968,0.00016048
3243245568,674517.2,-0.00197,0.052613,0.000753,-0.275391,0.0,0.9651,0.9473,0.001678,0.001234,0.00167,2.905205,10.33405,0.00016411
3244032000,670617.2,0.000666,0.050662,0.000708,-0.273438,0.0,0.9653,0.9491,0.001214,0.001201,0.001696,2.987888,10.10696,0.00014966
3244818432,669408.6,-0.005838,0.050612,0.000679,-0.269531,0.0,0.9653,0.9508,0.001487,0.001536,0.002707,2.662406,10.408991,0.00015893
3245604864,668212.4,0.005967,0.044035,0.000681,-0.269531,0.0,0.9655,0.9523,0.001287,0.001265,0.00204,2.626504,10.276573,0.00014028
3246391296,664018.7,-0.000922,0.045473,0.000676,-0.275391,0.0,0.9656,0.9534,0.001061,0.000921,0.001396,2.615497,10.680151,0.00015381
3247177728,662859.8,-0.006124,0.04908,0.000664,-0.273438,0.0,0.9658,0.9538,0.001361,0.000932,0.001852,2.80955,10.404482,0.00014071
3247964160,661705.8,-0.000638,0.053084,0.000652,-0.265625,0.0,0.9656,0.9526,0.001028,0.00134,0.001612,2.790985,10.152129,0.00014204
3248750592,660545.9,-0.008439,0.051464,0.00065,-0.267578,0.0,0.966,0.9536,0.000998,0.000975,0.001785,2.868711,10.165464,0.00014903
3249537024,656448.5,-0.006975,0.047613,0.000704,-0.273438,0.0,0.966,0.9537,0.00161,0.001532,0.002869,2.557242,10.354862,0.00015743
3250323456,655328.2,-0.003482,0.055133,0.000742,-0.265625,0.0,0.9661,0.9539,0.001553,0.001941,0.002352,2.664458,10.280918,0.00016741
3251109888,654204.6,0.001645,0.044731,0.000749,-0.271484,0.0,0.9661,0.9547,0.001917,0.002073,0.00216,2.608215,10.266928,0.00015588
3251896320,650217.3,-0.004215,0.041033,0.000767,-0.279297,0.0,0.9668,0.9567,0.000991,0.001133,0.001539,3.131276,9.695713,0.000173
3252682752,649103.1,0.000118,0.04911,0.000775,-0.275391,0.0,0.967,0.9571,0.001331,0.00176,0.002145,3.06926,9.952232,0.00015477
3253469184,647983.1,0.005617,0.071265,0.000767,-0.269531,0.0,0.967,0.9568,0.001748,0.001398,0.002038,2.641669,10.267356,0.00018288
3254255616,646876.3,-0.005113,0.047887,0.000787,-0.271484,0.0,0.967,0.9563,0.001499,0.001497,0.001704,2.755199,10.346816,0.00016469
3255042048,643206.6,-0.001915,0.074898,0.000785,-0.277344,0.0,0.9672,0.9562,0.001654,0.001939,0.002463,2.688441,10.204559,0.00016395
3255828480,642117.5,-0.001877,0.064832,0.000759,-0.277344,0.0,0.9672,0.9554,0.001412,0.001944,0.002158,2.774613,10.14106,0.00018485
3256614912,641034.7,-0.002329,0.063429,0.000751,-0.279297,0.0,0.9671,0.9544,0.001372,0.002228,0.002178,2.999486,10.045341,0.00014493
3257401344,639958.9,-0.003143,0.058829,0.000731,-0.28125,0.0,0.9665,0.9523,0.00125,0.001664,0.001746,2.991836,10.027283,0.00015697
3258187776,635863.7,0.001455,0.077605,0.00072,-0.269531,0.0,0.9665,0.952,0.002296,0.00191,0.002992,2.726893,10.409864,0.00014245
3258974208,634804.2,0.00771,0.081691,0.000722,-0.259766,0.0,0.9661,0.9509,0.001931,0.001311,0.001731,2.635578,10.378994,0.00014682
3259760640,633744.4,-0.000538,0.048184,0.000717,-0.259766,0.0,0.9662,0.9512,0.000884,0.001025,0.001587,2.660022,10.33731,0.00015645
3260547072,630040.6,-0.00584,0.097222,0.000733,-0.275391,0.0,0.9661,0.9505,0.001385,0.001859,0.002165,2.822054,10.192299,0.00014886
3261333504,628981.1,0.001204,0.055788,0.00072,-0.271484,0.0,0.9662,0.9502,0.001343,0.00163,0.002193,2.898017,9.976772,0.00015898
3262119936,627927.4,-0.002685,0.071754,0.000733,-0.273438,0.0,0.9662,0.9496,0.001816,0.001852,0.002182,2.714678,10.477709,0.00015878
3262906368,626856.1,0.004065,0.069344,0.000741,-0.273438,0.0,0.9664,0.9491,0.001423,0.001401,0.002052,2.811946,10.460592,0.00015541
3263692800,623268.9,-0.002896,0.063808,0.000766,-0.277344,0.0,0.9667,0.9493,0.001212,0.001676,0.002093,2.933501,10.441677,0.00016256
3264479232,622160.9,0.000923,0.06715,0.000776,-0.271484,0.0,0.9662,0.9472,0.00169,0.00199,0.002894,2.730323,10.350802,0.00016575
3265265664,621132.4,-0.001984,0.057149,0.000752,-0.267578,0.0,0.9658,0.9448,0.001204,0.001191,0.0019,2.951868,10.156655,0.00016807
3266052096,617689.1,-0.001653,0.074806,0.00074,-0.271484,0.0,0.9657,0.9443,0.001448,0.001704,0.002186,2.788379,10.686241,0.00014704
3266838528,616677.6,-0.00358,0.057738,0.000722,-0.271484,0.0,0.9655,0.9433,0.001436,0.001814,0.001893,2.758112,10.61385,0.00016028
3267624960,615662.2,-0.009385,0.056633,0.000742,-0.271484,0.0,0.9654,0.9429,0.001332,0.001755,0.001602,2.790019,10.573782,0.00015152
3268411392,614662.5,0.001046,0.06367,0.000735,-0.269531,0.0,0.9654,0.9431,0.001268,0.001493,0.001725,2.90546,10.474864,0.00014877
3269197824,611494.4,0.000439,0.075556,0.000751,-0.279297,0.0,0.9657,0.9434,0.001622,0.00173,0.002119,3.031645,10.28125,0.00015301
3269984256,610481.5,0.001291,0.087287,0.000724,-0.271484,0.0,0.9652,0.9412,0.001251,0.001633,0.001923,2.803375,10.686119,0.00015508
3270770688,609492.5,-0.005826,0.067626,0.000725,-0.269531,0.0,0.9649,0.9393,0.00125,0.001587,0.001946,2.743666,10.778683,0.00016068
3271557120,606094.3,-0.002834,0.067603,0.000727,-0.273438,0.0,0.9646,0.9377,0.001289,0.001468,0.001904,2.627651,10.976066,0.00015016
3272343552,605130.0,-0.004591,0.055243,0.000719,-0.265625,0.0,0.9642,0.9361,0.001709,0.00162,0.002217,2.917556,10.566143,0.00015364
3273129984,604164.0,0.001291,0.053084,0.000706,-0.265625,0.0,0.9641,0.9362,0.001625,0.001743,0.002012,2.850805,10.448847,0.00015648
3273916416,603203.0,-0.008856,0.03952,0.000727,-0.267578,0.0,0.964,0.9373,0.001032,0.001399,0.001909,3.002609,10.356376,0.00014546
3274702848,599644.4,0.003812,0.097306,0.000765,-0.28125,0.0,0.9643,0.9375,0.001619,0.001865,0.002989,2.621466,10.721515,0.00015294
3275489280,598718.4,0.000591,0.081544,0.000762,-0.279297,0.0,0.9642,0.9367,0.001596,0.001834,0.002179,2.804701,10.806366,0.00015511
3276275712,597795.8,0.002098,0.081608,0.000752,-0.279297,0.0,0.9645,0.9368,0.002441,0.001639,0.002272,2.820632,10.725393,0.00017406
3277062144,594558.8,0.00121,0.078095,0.000764,-0.298828,0.0,0.9642,0.9361,0.001239,0.001449,0.002106,3.212252,10.043209,0.00016282
3277848576,593650.5,-0.002811,0.06059,0.000768,-0.285156,0.0,0.9645,0.9367,0.001132,0.001548,0.001637,3.249286,10.275362,0.00016044
3278635008,592744.5,-0.000773,0.047219,0.000765,-0.283203,0.0,0.9648,0.9381,0.00107,0.001226,0.001617,2.938619,10.766584,0.00016767
3279421440,591839.9,0.003954,0.056844,0.000732,-0.287109,0.0,0.9646,0.9385,0.001234,0.001518,0.001721,2.823054,10.695572,0.00016822
3280207872,588730.5,-0.003635,0.078207,0.000737,-0.291016,0.0,0.9647,0.9387,0.001457,0.002015,0.002062,2.907744,10.680987,0.00015048
3280994304,587830.7,-0.001501,0.094782,0.00073,-0.277344,0.0,0.9648,0.938,0.00191,0.002148,0.002541,2.95623,10.366518,0.00014404
3281780736,586935.7,0.002758,0.079,0.000734,-0.283203,0.0,0.9649,0.9378,0.001755,0.002002,0.001964,3.054688,10.340735,0.00014133
3282567168,586040.7,-0.004104,0.065491,0.0007,-0.285156,0.0,0.9647,0.937,0.001425,0.001923,0.001764,3.094939,10.451256,0.0001548
3283353600,582566.4,0.002771,0.096286,0.000759,-0.292969,0.0,0.9648,0.9378,0.001363,0.00206,0.00232,2.874244,10.796936,0.00017113
3284140032,581686.2,-0.003081,0.071127,0.000761,-0.285156,0.0,0.9647,0.9376,0.001332,0.001762,0.002126,3.002795,10.954066,0.00014934
3284926464,580760.0,0.000931,0.074818,0.000764,-0.285156,0.0,0.9644,0.9368,0.001407,0.001383,0.001807,3.107663,10.902759,0.00016436
3285712896,577642.5,0.001214,0.073965,0.000755,-0.285156,0.0,0.9647,0.9379,0.001669,0.001114,0.001903,3.215041,10.724246,0.00014532
3286499328,576786.1,-0.005642,0.053773,0.000725,-0.273438,0.0,0.9646,0.9384,0.001471,0.00165,0.002525,3.154246,10.701059,0.00015715
3287285760,575894.1,-0.000446,0.069751,0.000741,-0.279297,0.0,0.9645,0.9382,0.001508,0.001357,0.001892,2.851961,11.114863,0.00016424
3288072192,575025.5,-0.005659,0.069167,0.000727,-0.285156,0.0,0.9645,0.9382,0.002537,0.001443,0.002875,3.061511,11.123482,0.00016376
3288858624,572232.0,-0.000427,0.071398,0.000731,-0.275391,0.0,0.9648,0.9388,0.001418,0.001607,0.002068,2.875848,10.94993,0.00015151
3289645056,571390.6,0.006537,0.070279,0.000752,-0.273438,0.0,0.9646,0.9375,0.001155,0.001591,0.001891,3.033469,10.800713,0.00015999
3290431488,570518.0,0.003379,0.059524,0.000725,-0.267578,0.0,0.9641,0.9361,0.000986,0.001332,0.00157,3.185113,10.720599,0.00015937
3291217920,567231.8,0.007134,0.085176,0.000779,-0.277344,0.0,0.9641,0.936,0.001435,0.001478,0.001883,2.9385,11.261092,0.00014978
3292004352,566411.5,-0.004893,0.079959,0.000798,-0.283203,0.0,0.9644,0.937,0.00126,0.002003,0.002145,2.989076,11.189085,0.00016526
3292790784,565531.2,0.007058,0.09253,0.000793,-0.289062,0.0,0.9648,0.9383,0.001264,0.002183,0.002859,3.124495,11.18186,0.00017059
3293577216,564709.7,0.005627,0.068683,0.000832,-0.294922,0.0,0.9648,0.9381,0.001142,0.001729,0.002039,3.206989,10.948653,0.00017565
3294363648,561706.4,-0.0028,0.066305,0.000758,-0.289062,0.0,0.9649,0.9385,0.001238,0.001484,0.001625,3.384082,10.655745,0.00017409
3295150080,560866.2,-0.001763,0.052271,0.000724,-0.277344,0.0,0.9648,0.9382,0.001549,0.001264,0.001702,3.063097,10.90461,0.00018173
3295936512,560056.6,-0.005471,0.055613,0.000702,-0.273438,0.0,0.9645,0.9384,0.001165,0.001379,0.001659,2.756706,11.221679,0.00017131
3296722944,557288.8,-0.004944,0.063854,0.000758,-0.279297,0.0,0.9646,0.9395,0.001284,0.001282,0.001716,2.866,11.358639,0.00014455
3297509376,556473.3,-0.004158,0.065365,0.000819,-0.273438,0.0,0.9647,0.9403,0.001836,0.001331,0.001881,2.957804,10.896294,0.00015161
3298295808,555676.2,-0.004132,0.071978,0.000796,-0.279297,0.0,0.9648,0.94,0.001953,0.001315,0.001711,3.07108,10.78968,0.00016114
3299082240,554886.6,-0.002537,0.062298,0.000795,-0.277344,0.0,0.9646,0.9392,0.001989,0.001122,0.001463,3.232618,10.667609,0.00017851
3299868672,552258.4,-0.001225,0.060442,0.000794,-0.265625,0.0,0.9648,0.9394,0.001345,0.001436,0.00178,2.743994,10.87702,0.00014576
3300655104,551473.7,-0.005351,0.052423,0.000777,-0.257812,0.0,0.965,0.9396,0.001118,0.001479,0.001472,2.673387,10.99789,0.00017363
3301441536,550656.6,0.002708,0.052707,0.000755,-0.259766,0.0,0.965,0.9398,0.001282,0.001307,0.001303,2.716408,11.015876,0.00015814
3302227968,548293.6,-0.001844,0.062631,0.000777,-0.263672,0.0,0.9654,0.9418,0.001483,0.001285,0.001766,2.926744,10.290152,0.0001671
3303014400,547516.7,0.002455,0.055587,0.000723,-0.259766,0.0,0.9656,0.9431,0.001272,0.001163,0.001863,3.023669,10.7368,0.00017011
3303800832,546745.1,-0.005455,0.054466,0.00076,-0.263672,0.0,0.9656,0.9437,0.001404,0.001296,0.001762,2.712364,10.801664,0.00016414
3304587264,545936.3,-0.000544,0.061827,0.000747,-0.265625,0.0,0.9654,0.9435,0.001634,0.001218,0.001609,2.832399,10.764235,0.00015275
3305373696,543423.7,-0.00853,0.045357,0.000755,-0.269531,0.0,0.9655,0.9442,0.001497,0.001151,0.001632,2.81199,10.984927,0.00014891
3306160128,542675.8,-0.002508,0.03582,0.000754,-0.269531,0.0,0.9659,0.9457,0.001675,0.00123,0.001431,2.87614,10.915634,0.00015494
3306946560,541931.0,0.002635,0.03799,0.000756,-0.275391,0.0,0.9664,0.947,0.001249,0.001124,0.001442,3.001159,10.779068,0.00014606
3307732992,541193.1,-0.002542,0.03113,0.00076,-0.279297,0.0,0.9665,0.9467,0.001621,0.001065,0.001215,3.329019,10.677302,0.00015425
3308519424,538721.2,0.001649,0.09371,0.000785,-0.287109,0.0,0.9668,0.947,0.001684,0.001523,0.002429,2.9906,10.828609,0.00015569
3309305856,537994.9,0.008425,0.077744,0.000761,-0.273438,0.0,0.967,0.9469,0.00125,0.001633,0.001972,2.875336,10.72409,0.00015499
3310092288,537274.2,0.000389,0.084324,0.000743,-0.269531,0.0,0.9672,0.9476,0.001375,0.001248,0.001903,2.970141,10.880383,0.00015968
3310878720,534825.4,0.000698,0.073514,0.000734,-0.275391,0.0,0.9678,0.9491,0.001005,0.00151,0.001956,2.99114,10.785267,0.0001467
3311665152,534103.2,-0.000762,0.06007,0.000683,-0.267578,0.0,0.9681,0.9503,0.001121,0.001313,0.001996,3.09304,10.951708,0.0001285
3312451584,533382.9,0.005235,0.075961,0.000696,-0.271484,0.0,0.9683,0.9507,0.001676,0.001373,0.001991,2.935338,11.193164,0.00014881
3313238016,532665.1,-0.005217,0.049961,0.000692,-0.273438,0.0,0.9686,0.9515,0.001271,0.001383,0.001586,2.880892,11.168385,0.00014896
3314024448,530155.1,-0.001792,0.062546,0.000765,-0.28125,0.0,0.9686,0.9518,0.001206,0.001315,0.001774,3.23598,11.155556,0.00015113
3314810880,529455.1,-0.000404,0.054977,0.000757,-0.275391,0.0,0.9691,0.9535,0.001079,0.001341,0.001509,3.133154,11.183421,0.00016371
3315597312,528754.4,-0.004999,0.05042,0.000764,-0.279297,0.0,0.9696,0.9547,0.000923,0.001263,0.001739,3.211991,11.300606,0.00014036
3316383744,526172.4,-0.004079,0.079735,0.00078,-0.279297,0.0,0.9698,0.9552,0.000994,0.001397,0.00187,3.005632,11.388998,0.00014942
3317170176,525479.8,-0.003527,0.082962,0.000721,-0.275391,0.0,0.9696,0.9541,0.001466,0.001759,0.002386,3.018223,11.496966,0.00015197
3317956608,524785.7,0.005075,0.090088,0.000725,-0.279297,0.0,0.9695,0.9532,0.001695,0.001597,0.002462,2.953161,11.475716,0.00014838
3318743040,524093.0,-0.008295,0.068775,0.00073,-0.285156,0.0,0.9693,0.9533,0.001717,0.001832,0.002176,3.248975,11.322948,0.0001478
3319529472,521607.5,-0.000762,0.085598,0.00079,-0.289062,0.0,0.9693,0.9533,0.001147,0.001866,0.001969,3.351695,10.812271,0.00014394
3320315904,520911.0,-0.004825,0.05956,0.0008,-0.285156,0.0,0.9687,0.9517,0.001202,0.001725,0.002183,3.128801,10.793991,0.00015857
3321102336,520224.5,2e-05,0.077884,0.000784,-0.292969,0.0,0.9684,0.9504,0.00132,0.001604,0.002241,3.134205,11.084332,0.00016299
3321888768,518027.5,-0.002038,0.079541,0.00079,-0.298828,0.0,0.9683,0.9498,0.001183,0.001595,0.00233,3.146581,11.239361,0.00015039
3322675200,517359.0,-0.003468,0.061458,0.000796,-0.292969,0.0,0.968,0.9485,0.001269,0.001978,0.002321,3.256324,11.062167,0.0001626
3323461632,516694.8,-0.002036,0.044065,0.000774,-0.283203,0.0,0.9678,0.9481,0.001164,0.001928,0.00201,3.350563,11.142418,0.00016639
3324248064,516026.0,-0.011077,0.061406,0.000777,-0.277344,0.0,0.9679,0.9482,0.001348,0.001489,0.002112,3.405196,11.149528,0.00015661
3325034496,513785.6,-0.002838,0.082044,0.000776,-0.265625,0.0,0.9676,0.9471,0.001168,0.001598,0.002371,2.802476,11.705643,0.00017282
3325820928,513078.6,0.001125,0.072645,0.00075,-0.255859,0.0,0.9672,0.9465,0.001909,0.001168,0.001483,2.833864,11.756542,0.00016425
3326607360,512408.4,-0.007028,0.05135,0.000774,-0.251953,0.0,0.9664,0.9454,0.001352,0.001091,0.001607,2.969185,11.694359,0.00015345
3327393792,510181.9,0.00441,0.059409,0.000786,-0.255859,0.0,0.966,0.9447,0.001087,0.001137,0.001514,3.021147,11.373037,0.00015223
3328180224,509539.1,0.000275,0.077806,0.000815,-0.255859,0.0,0.9657,0.9437,0.002004,0.001447,0.002127,3.296262,11.68045,0.00016657
3328966656,508898.5,-0.003129,0.067577,0.000806,-0.263672,0.0,0.9657,0.9436,0.00149,0.001339,0.001711,2.969506,11.908809,0.0001637
3329753088,508257.3,-0.002947,0.070053,0.000822,-0.263672,0.0,0.9655,0.943,0.001376,0.001422,0.001748,2.969667,11.852275,0.00015396
3330539520,506121.1,0.000715,0.082327,0.000799,-0.273438,0.0,0.9653,0.9428,0.002455,0.00142,0.00222,3.019569,11.70787,0.00016557
3331325952,505483.5,0.000761,0.061246,0.000776,-0.269531,0.0,0.9652,0.9432,0.001704,0.001736,0.002227,3.219046,11.485245,0.00015151
3332112384,504850.6,0.001636,0.06826,0.000784,-0.269531,0.0,0.9649,0.943,0.00124,0.00127,0.002065,3.154892,11.254482,0.00016705
3332898816,504221.5,0.001109,0.059347,0.000774,-0.265625,0.0,0.9647,0.9428,0.002158,0.001405,0.001922,3.232164,11.23865,0.00013537
3333685248,502320.2,-0.006806,0.067298,0.000812,-0.273438,0.0,0.9648,0.9422,0.001755,0.002473,0.002987,2.961949,11.797061,0.00017131
3334471680,501698.6,-0.003899,0.0746,0.000812,-0.273438,0.0,0.9647,0.9406,0.00129,0.001665,0.002351,3.135172,11.621379,0.00020071
3335258112,501068.5,0.000727,0.054966,0.000808,-0.277344,0.0,0.9647,0.939,0.001403,0.001273,0.002399,3.232096,11.621361,0.0001665
3336044544,498864.3,-0.000542,0.056689,0.000859,-0.271484,0.0,0.9643,0.937,0.001233,0.001529,0.002052,3.141022,11.514728,0.00014599
3336830976,498252.7,-0.004809,0.054372,0.000845,-0.263672,0.0,0.9644,0.9371,0.001664,0.001334,0.0023,3.179823,11.564776,0.00016703
3337617408,497637.6,0.001789,0.047496,0.000827,-0.263672,0.0,0.964,0.9369,0.001203,0.001214,0.001724,2.9949,11.796532,0.00017756
3338403840,497027.5,-4.6e-05,0.042658,0.000844,-0.269531,0.0,0.9643,0.9386,0.000962,0.001053,0.001503,3.087494,11.913322,0.00016079
3339190272,493432.9,-0.005268,0.051037,0.000844,-0.275391,0.0,0.9649,0.9403,0.001286,0.00148,0.001426,3.055871,11.772297,0.00015766
3339976704,492802.8,0.000159,0.03969,0.000855,-0.269531,0.0,0.9652,0.9419,0.000976,0.001159,0.001228,3.119687,11.65041,0.000174
3340763136,492195.5,0.002339,0.048044,0.000855,-0.273438,0.0,0.9654,0.9425,0.001488,0.001242,0.001756,3.27255,11.675391,0.00016736
3341549568,489530.5,-0.003842,0.06556,0.000804,-0.279297,0.0,0.9657,0.9432,0.001124,0.001353,0.001485,2.877974,11.685535,0.00017939
3342336000,488943.0,0.005236,0.071921,0.000778,-0.279297,0.0,0.966,0.9443,0.001092,0.001603,0.001758,3.104609,11.550335,0.00016905
3343122432,488331.7,-0.003467,0.057805,0.000766,-0.283203,0.0,0.9663,0.9457,0.000953,0.001359,0.001391,3.20726,11.603807,0.00016394
3343908864,487740.4,-0.00284,0.070863,0.000742,-0.287109,0.0,0.9665,0.9457,0.001375,0.001576,0.002176,3.186863,11.66338,0.00018079
3344695296,485349.0,0.010383,0.093161,0.000731,-0.279297,0.0,0.9668,0.9465,0.001338,0.001812,0.001714,3.327243,11.016638,0.00016172
3345481728,484767.2,0.001749,0.094575,0.00073,-0.261719,0.0,0.9668,0.9461,0.001267,0.001907,0.002105,3.204328,11.20888,0.00017188
3346268160,484170.6,-0.003719,0.065532,0.000746,-0.259766,0.0,0.9671,0.9458,0.001043,0.002026,0.002307,2.993824,11.739356,0.00015985
3347054592,482144.2,0.002397,0.058896,0.000761,-0.261719,0.0,0.9676,0.9465,0.001729,0.001406,0.001996,2.908176,12.080168,0.00016886
3347841024,481580.3,-0.007216,0.056206,0.0008,-0.261719,0.0,0.9678,0.9464,0.001239,0.001656,0.002359,2.95579,11.661764,0.00016945
3348627456,481017.5,-0.008928,0.044949,0.00081,-0.269531,0.0,0.9675,0.9459,0.001047,0.001207,0.001626,3.127869,11.606907,0.00016498
3349413888,480457.0,-0.00017,0.05383,0.000804,-0.273438,0.0,0.9675,0.9458,0.001737,0.001226,0.002302,3.363529,11.480113,0.0001731
3350200320,478426.7,0.003292,0.068435,0.000785,-0.269531,0.0,0.9671,0.9448,0.001465,0.001434,0.002493,2.888862,11.913544,0.00017482
3350986752,477859.6,-0.001711,0.064438,0.000781,-0.259766,0.0,0.967,0.9446,0.001201,0.002372,0.002073,2.868324,11.947104,0.00017316
3351773184,477301.6,0.001733,0.062216,0.00079,-0.255859,0.0,0.9668,0.9433,0.00111,0.00137,0.00174,2.931497,11.84609,0.00016877
3352559616,475215.8,-0.000273,0.071671,0.00081,-0.261719,0.0,0.9665,0.9421,0.00107,0.001579,0.001767,3.071972,11.586092,0.00016594
3353346048,474664.6,0.000878,0.087765,0.000768,-0.251953,0.0,0.9667,0.9424,0.001614,0.001398,0.001632,3.23582,11.756976,0.00016111
3354132480,474109.8,0.005654,0.060035,0.000761,-0.253906,0.0,0.9668,0.944,0.001223,0.001361,0.001554,2.957441,11.962878,0.00016439
3354918912,473549.9,-0.001385,0.058055,0.000786,-0.255859,0.0,0.9667,0.945,0.000989,0.001375,0.001621,2.939183,11.911055,0.00016387
3355705344,471464.7,-0.00171,0.068812,0.000787,-0.261719,0.0,0.9668,0.9459,0.001196,0.001234,0.001731,2.921819,11.763606,0.00015997
3356491776,470918.4,-0.000723,0.061272,0.000819,-0.255859,0.0,0.9672,0.9469,0.0011,0.001296,0.001509,3.13502,11.567215,0.00016346
3357278208,470373.7,-0.004687,0.06135,0.000799,-0.257812,0.0,0.967,0.9455,0.001107,0.001221,0.001546,3.18707,11.615001,0.00016979
3358064640,468328.4,-0.004805,0.053327,0.000772,-0.251953,0.0,0.9671,0.9448,0.000926,0.001125,0.00152,3.085142,11.586397,0.00016743
3358851072,467794.3,-0.000644,0.065217,0.000774,-0.263672,0.0,0.967,0.9439,0.002244,0.001914,0.002739,2.946891,11.97599,0.00015862
3359637504,467259.4,-0.008016,0.051436,0.000795,-0.269531,0.0,0.9666,0.9432,0.001576,0.001434,0.001839,2.994068,11.880838,0.00016275
3360423936,466725.7,-0.000772,0.061146,0.000789,-0.267578,0.0,0.9666,0.9438,0.000895,0.00155,0.001505,3.126293,11.559015,0.00014999
3361210368,464887.4,0.002167,0.088824,0.00082,-0.271484,0.0,0.9666,0.9439,0.001637,0.00149,0.002367,3.246302,11.511585,0.00015014
3361996800,464372.2,-0.006825,0.056974,0.000811,-0.263672,0.0,0.9662,0.9433,0.001722,0.001608,0.002481,3.307172,11.51192,0.00017007
3362783232,463855.7,0.000441,0.063762,0.000846,-0.261719,0.0,0.9659,0.943,0.001374,0.001553,0.002339,3.101106,11.935451,0.00017623
3363569664,463338.7,-0.00153,0.048552,0.000833,-0.269531,0.0,0.9653,0.9419,0.001136,0.001711,0.001985,3.039206,12.006462,0.00017314
3364356096,461227.4,-0.006262,0.072844,0.000764,-0.271484,0.0,0.9653,0.9421,0.001315,0.001409,0.001999,3.092628,12.015024,0.00015434
3365142528,460683.2,0.003503,0.049799,0.000722,-0.261719,0.0,0.9652,0.9431,0.001182,0.001494,0.001578,3.135409,11.990246,0.00015571
3365928960,460158.8,0.001061,0.062653,0.000741,-0.259766,0.0,0.965,0.9434,0.001141,0.001347,0.00163,3.212259,12.020731,0.00014622
3366715392,458231.2,0.002058,0.05999,0.000744,-0.261719,0.0,0.965,0.9444,0.00113,0.001282,0.00125,3.055422,12.05246,0.00014407
3367501824,457724.5,-0.00681,0.052276,0.000762,-0.261719,0.0,0.9651,0.945,0.001079,0.001796,0.001481,3.058914,12.024231,0.0001439
3368288256,457217.0,-0.002447,0.064656,0.000785,-0.269531,0.0,0.9653,0.9453,0.001042,0.001125,0.001658,3.194351,12.189779,0.00014926
3369074688,456707.0,-0.000606,0.052318,0.000797,-0.269531,0.0,0.9657,0.9462,0.000803,0.001125,0.0013,3.226752,12.012897,0.00016478
3369861120,454942.3,0.003951,0.108189,0.000793,-0.273438,0.0,0.9661,0.9471,0.001601,0.00177,0.002845,3.499331,11.974669,0.00015912
3370647552,454442.1,0.000275,0.103951,0.00075,-0.271484,0.0,0.9665,0.9477,0.001746,0.0018,0.002484,3.42973,11.779208,0.00015917
3371433984,453932.9,-0.002697,0.070981,0.00075,-0.28125,0.0,0.9669,0.9486,0.001376,0.001679,0.002093,3.128382,11.902939,0.0001618
3372220416,451940.8,-0.004186,0.083292,0.000741,-0.285156,0.0,0.9674,0.9504,0.000982,0.001496,0.001662,3.30663,12.120758,0.00015064
3373006848,451450.5,7.8e-05,0.090924,0.000751,-0.275391,0.0,0.9677,0.9514,0.001336,0.002091,0.002369,3.210448,12.004153,0.00016153
3373793280,450963.7,0.001245,0.082362,0.000766,-0.271484,0.0,0.968,0.9515,0.002043,0.002234,0.002394,3.258643,12.06951,0.00016912
3374579712,450478.5,-0.004975,0.058483,0.000763,-0.259766,0.0,0.9678,0.9512,0.001021,0.001364,0.001614,3.301847,12.045123,0.00018093
3375366144,448772.8,-0.004482,0.065835,0.000761,-0.269531,0.0,0.9679,0.9517,0.001206,0.001497,0.001376,2.913262,12.56808,0.00016549
3376152576,448286.1,-0.001529,0.086439,0.000747,-0.261719,0.0,0.9674,0.9508,0.001024,0.001664,0.002058,2.965159,12.438194,0.00017583
3376939008,447802.2,-0.002642,0.059947,0.000759,-0.265625,0.0,0.9674,0.951,0.001111,0.00136,0.001242,3.024957,12.357491,0.00017077
3377725440,446121.1,0.000877,0.050333,0.000804,-0.271484,0.0,0.9673,0.9517,0.000908,0.001161,0.001578,3.099791,11.481148,0.0001676
3378511872,445643.8,0.002396,0.058087,0.000767,-0.269531,0.0,0.9672,0.9517,0.000941,0.00152,0.001859,3.328509,11.663679,0.00014469
3379298304,445165.2,3.3e-05,0.053367,0.000756,-0.263672,0.0,0.9668,0.9511,0.000974,0.00152,0.002341,3.206064,11.567425,0.00016297
3380084736,444691.3,-0.007441,0.054013,0.000766,-0.263672,0.0,0.9666,0.9505,0.001096,0.001285,0.001704,3.068087,11.981087,0.00015984
3380871168,443119.5,-0.00114,0.070383,0.000779,-0.271484,0.0,0.9664,0.95,0.000981,0.00125,0.001581,3.135391,11.961223,0.0001643
3381657600,442649.1,0.00185,0.061041,0.00074,-0.275391,0.0,0.9669,0.9504,0.001438,0.001663,0.002161,3.317437,11.859462,0.00018034
3382444032,442180.5,0.002479,0.06127,0.000734,-0.273438,0.0,0.9668,0.9505,0.000789,0.001199,0.001364,3.319083,11.800272,0.00015894
3383230464,440745.0,-0.001774,0.070166,0.000748,-0.277344,0.0,0.9674,0.9516,0.000991,0.001107,0.001492,3.432644,11.035711,0.00015946
3384016896,440277.2,-0.001774,0.06021,0.000781,-0.263672,0.0,0.9675,0.9519,0.001186,0.001302,0.001826,2.981091,11.947071,0.00017874
3384803328,439809.7,0.006832,0.065795,0.000779,-0.261719,0.0,0.9674,0.9517,0.001242,0.001508,0.001394,3.0839,11.892937,0.00015909
3385589760,439329.8,-0.008101,0.054465,0.000793,-0.261719,0.0,0.9673,0.9508,0.001388,0.001188,0.001539,2.976863,11.778781,0.00016024
3386376192,437661.1,0.000965,0.065022,0.000809,-0.277344,0.0,0.9673,0.9507,0.001538,0.001141,0.002228,3.318891,11.649689,0.00015194
3387162624,437196.2,-0.00255,0.047978,0.00081,-0.275391,0.0,0.9675,0.9506,0.001206,0.001627,0.001909,3.342344,11.614951,0.0001744
3387949056,436738.7,-0.003769,0.05532,0.000799,-0.279297,0.0,0.9671,0.9507,0.001146,0.001307,0.001623,3.284763,12.158652,0.00016005
3388735488,436276.7,0.000645,0.064121,0.0008,-0.28125,0.0,0.9667,0.9504,0.001068,0.001405,0.001344,3.087178,12.11959,0.00017439
3389521920,434553.6,0.010647,0.066499,0.000798,-0.275391,0.0,0.9668,0.9512,0.001402,0.001321,0.002181,3.223549,11.889265,0.00017574
3390308352,434106.3,-0.008162,0.031569,0.000786,-0.271484,0.0,0.9666,0.9518,0.001651,0.001308,0.0018,3.25259,11.868349,0.0001606
3391094784,433662.4,-0.000175,0.051506,0.000797,-0.283203,0.0,0.967,0.954,0.000931,0.001247,0.001389,3.354848,11.718226,0.00016601
3391881216,432128.5,0.003731,0.06358,0.000806,-0.287109,0.0,0.9671,0.9549,0.001342,0.001342,0.002037,2.977734,11.574969,0.00017584
3392667648,431672.1,0.000605,0.050194,0.000817,-0.273438,0.0,0.967,0.9549,0.000952,0.001029,0.00158,2.948909,11.596325,0.00017161
3393454080,431222.3,-0.002517,0.054406,0.00083,-0.273438,0.0,0.9666,0.9542,0.000834,0.001097,0.001698,3.124194,11.65027,0.00016892
3394240512,430780.5,-0.004848,0.042258,0.000825,-0.273438,0.0,0.9662,0.9547,0.00095,0.000982,0.001321,3.105112,11.517824,0.00016741
3395026944,429254.1,-0.008203,0.047618,0.000779,-0.285156,0.0,0.9664,0.9555,0.001196,0.001424,0.001808,3.548772,11.793333,0.00015051
3395813376,428819.2,0.002514,0.063123,0.000747,-0.283203,0.0,0.9662,0.9545,0.00134,0.001436,0.001832,3.724575,11.693092,0.00014815
3396599808,428382.8,0.00087,0.066014,0.000721,-0.289062,0.0,0.966,0.9536,0.001183,0.001402,0.001636,3.221427,12.054296,0.0001805
3397386240,426950.1,-0.003266,0.079753,0.00074,-0.292969,0.0,0.9659,0.9535,0.001154,0.001226,0.001519,3.140656,11.96814,0.00015638
3398172672,426525.9,0.003102,0.048735,0.000786,-0.277344,0.0,0.9658,0.9528,0.00122,0.001349,0.001611,3.215456,11.660297,0.00018013
3398959104,426101.2,-0.00796,0.065218,0.000801,-0.279297,0.0,0.965,0.9506,0.001434,0.001411,0.002068,3.300882,11.646235,0.00016774
3399745536,425677.8,-0.001809,0.043448,0.000792,-0.271484,0.0,0.965,0.9501,0.000916,0.001045,0.00129,3.48476,11.459869,0.00015672
3400531968,424315.1,-0.001293,0.056138,0.000767,-0.28125,0.0,0.9656,0.9515,0.001313,0.00136,0.002151,2.979825,12.033214,0.00016488
3401318400,423887.9,0.00114,0.075263,0.000765,-0.279297,0.0,0.9657,0.9509,0.001329,0.001775,0.002183,3.091172,11.914047,0.0001615
3402104832,423453.0,-0.001897,0.060412,0.000775,-0.28125,0.0,0.9655,0.9505,0.001116,0.001328,0.001803,3.155198,12.02146,0.00015649
3402891264,421992.8,-0.002217,0.070972,0.000793,-0.289062,0.0,0.9655,0.9505,0.001184,0.001098,0.001429,3.356268,12.027087,0.00017361
3403677696,421574.2,-0.000406,0.057321,0.000787,-0.271484,0.0,0.9655,0.9511,0.001645,0.000961,0.001402,3.615319,12.024376,0.00017086
3404464128,421155.5,-0.002133,0.03627,0.000786,-0.265625,0.0,0.966,0.9528,0.000935,0.001057,0.001268,3.476623,12.095469,0.0001654
3405250560,420736.4,-0.003495,0.034346,0.000779,-0.267578,0.0,0.9663,0.9541,0.001067,0.001017,0.001449,3.172706,12.603598,0.00015102
3406036992,419361.8,-0.005789,0.0651,0.000775,-0.275391,0.0,0.9665,0.9548,0.000974,0.001246,0.001704,3.126006,12.418982,0.000149
3406823424,418953.3,0.000374,0.070463,0.000798,-0.277344,0.0,0.9667,0.9546,0.001069,0.001594,0.001814,3.256901,12.214521,0.00016146
3407609856,418544.6,0.000752,0.077223,0.000778,-0.273438,0.0,0.9668,0.9542,0.001184,0.001352,0.001735,3.462007,12.162517,0.0001661
3408396288,417219.9,7.2e-05,0.060328,0.000781,-0.273438,0.0,0.967,0.9541,0.001121,0.001125,0.001219,3.971047,11.355731,0.00017521
3409182720,416812.8,-0.003952,0.046799,0.000737,-0.273438,0.0,0.9671,0.9539,0.00148,0.001397,0.001977,3.233702,12.570196,0.00015493
3409969152,416404.2,0.000131,0.048667,0.000731,-0.269531,0.0,0.9674,0.954,0.000998,0.001096,0.001743,3.135821,12.774898,0.00015956
3410755584,415990.0,-0.004989,0.041231,0.000739,-0.273438,0.0,0.967,0.9527,0.001066,0.001029,0.001338,3.238032,12.675254,0.00014292
3411542016,414573.0,-0.000793,0.062151,0.000762,-0.275391,0.0,0.9669,0.952,0.000941,0.001076,0.001401,3.376069,12.559525,0.00016155
3412328448,414163.6,-0.008954,0.035414,0.000787,-0.269531,0.0,0.9668,0.9522,0.001411,0.001018,0.001361,3.533395,12.289413,0.00015009
3413114880,413763.8,-0.003431,0.050561,0.000799,-0.269531,0.0,0.9669,0.9526,0.001106,0.001208,0.001304,3.270072,12.530646,0.00015222
3413901312,413364.5,0.012197,0.05792,0.000795,-0.269531,0.0,0.967,0.9535,0.000809,0.000838,0.001123,3.31388,12.542006,0.00016529
3414687744,411792.2,-0.00126,0.107723,0.000822,-0.28125,0.0,0.9672,0.9533,0.001462,0.001791,0.002471,3.270164,12.570393,0.00015379
3415474176,411394.2,0.003625,0.056401,0.000821,-0.273438,0.0,0.9673,0.9534,0.001173,0.001148,0.001958,3.23045,12.333784,0.00016863
3416260608,410997.4,-0.001643,0.064994,0.000814,-0.277344,0.0,0.9674,0.9544,0.000991,0.001183,0.001405,3.589077,12.432432,0.00016645
3417047040,409524.9,-0.002033,0.060996,0.000818,-0.279297,0.0,0.9671,0.9544,0.000903,0.001195,0.0019,3.221272,12.166671,0.00015907
3417833472,409120.3,-0.004679,0.066085,0.000786,-0.277344,0.0,0.9675,0.9556,0.001504,0.001292,0.001892,3.288672,12.168709,0.00016524
3418619904,408717.9,-0.001794,0.044918,0.000796,-0.277344,0.0,0.9681,0.9574,0.001019,0.001538,0.001626,3.165462,12.152138,0.00014885
3419406336,408320.3,0.00051,0.039073,0.000806,-0.279297,0.0,0.9686,0.9592,0.00077,0.001107,0.001314,3.211435,12.061473,0.00015406
3420192768,406962.8,-0.003536,0.059309,0.000826,-0.279297,0.0,0.969,0.9607,0.001398,0.001577,0.00173,3.374547,11.909338,0.0001505
3420979200,406571.9,0.005499,0.077467,0.000828,-0.275391,0.0,0.9689,0.9605,0.001783,0.001487,0.00183,3.466698,11.724487,0.00017944
3421765632,406185.8,-0.00715,0.050539,0.000804,-0.279297,0.0,0.9683,0.9603,0.001244,0.001241,0.001689,3.125155,12.345541,0.00017674
3422552064,404695.7,-0.004005,0.051944,0.000816,-0.283203,0.0,0.9683,0.9613,0.001059,0.00107,0.001546,3.141416,12.48966,0.00017332
3423338496,404311.0,0.004452,0.058051,0.000838,-0.28125,0.0,0.9677,0.9604,0.001165,0.001466,0.002037,3.278348,12.161589,0.00017508
3424124928,403931.3,-0.003339,0.048008,0.000825,-0.28125,0.0,0.9672,0.9595,0.001054,0.001249,0.001714,3.560508,12.142748,0.00018051
3424911360,403553.3,-0.000208,0.038278,0.000807,-0.279297,0.0,0.9669,0.959,0.000846,0.000961,0.001257,3.610226,11.970782,0.00018681
3425697792,401978.4,-0.003065,0.057422,0.00078,-0.283203,0.0,0.9668,0.9585,0.001333,0.001293,0.00149,3.307515,12.405536,0.00018758
3426484224,401602.7,-0.00266,0.045795,0.000778,-0.271484,0.0,0.9664,0.9577,0.000793,0.001434,0.001204,3.168317,12.330383,0.00016454
3427270656,401232.3,-0.006042,0.047047,0.000779,-0.28125,0.0,0.9663,0.9588,0.000931,0.001366,0.001343,3.342582,12.534279,0.00016484
3428057088,399757.3,0.00134,0.072263,0.000809,-0.283203,0.0,0.9666,0.9604,0.001238,0.001492,0.001408,3.230913,12.136896,0.0001634
3428843520,399381.0,0.001113,0.07339,0.000829,-0.267578,0.0,0.9665,0.9605,0.001194,0.001259,0.001602,3.403687,11.880424,0.00017531
3429629952,398997.5,-0.004345,0.057011,0.000823,-0.267578,0.0,0.9659,0.9597,0.000985,0.001127,0.001327,3.476051,11.927066,0.0001575
3430416384,398624.9,0.000586,0.067266,0.000839,-0.271484,0.0,0.9657,0.9593,0.001553,0.001521,0.00167,3.100705,12.506693,0.00017756
3431202816,397391.5,-0.009331,0.061239,0.000792,-0.285156,0.0,0.9657,0.9593,0.001033,0.001225,0.001657,3.327343,12.44437,0.00016559
3431989248,397025.5,8.2e-05,0.056843,0.000735,-0.287109,0.0,0.9658,0.96,0.001519,0.001551,0.002304,3.466357,12.172664,0.00016826
3432775680,396658.8,0.007108,0.052772,0.000752,-0.283203,0.0,0.965,0.9576,0.000907,0.001149,0.001708,3.503975,12.246208,0.00015912
3433562112,395453.2,-0.000907,0.072569,0.000741,-0.285156,0.0,0.9647,0.9565,0.001162,0.000981,0.001368,4.322012,11.703882,0.00016433
3434348544,395092.2,-0.001517,0.056157,0.000744,-0.296875,0.0,0.9646,0.9552,0.001227,0.000973,0.001397,3.509571,12.523453,0.00017081
3435134976,394730.9,-0.00687,0.049244,0.000766,-0.292969,0.0,0.9642,0.9537,0.001478,0.001184,0.001506,3.566037,12.724311,0.00016825
3435921408,394371.7,0.005269,0.072551,0.000778,-0.294922,0.0,0.9644,0.953,0.001272,0.001178,0.001423,3.65766,12.704123,0.00017505
3436707840,393029.4,-0.004184,0.058689,0.000805,-0.291016,0.0,0.9645,0.9517,0.00193,0.001036,0.0015,3.698644,12.084951,0.00016331
3437494272,392670.4,0.001296,0.075468,0.000804,-0.271484,0.0,0.9648,0.9518,0.001442,0.001722,0.002279,3.795707,12.1664,0.00017131
3438280704,392311.3,9e-06,0.073448,0.000807,-0.269531,0.0,0.9646,0.9507,0.002174,0.001076,0.001854,3.580615,12.362152,0.00016578
3439067136,391948.4,-0.003222,0.05005,0.000825,-0.265625,0.0,0.9647,0.9506,0.001198,0.001081,0.001453,3.225019,12.786895,0.00016045
3439853568,390585.1,0.001594,0.068303,0.000813,-0.271484,0.0,0.9644,0.9497,0.001278,0.00126,0.0025,3.363078,13.125992,0.00016739
3440640000,390217.4,0.001048,0.046962,0.000825,-0.261719,0.0,0.9643,0.9494,0.001111,0.001,0.001483,3.457999,12.993261,0.00016824
3441426432,389868.9,-0.003241,0.038151,0.00081,-0.263672,0.0,0.9643,0.9496,0.000997,0.000941,0.001604,3.390269,12.683769,0.00016364
3442212864,388598.4,-0.002385,0.066466,0.000838,-0.267578,0.0,0.9648,0.951,0.001253,0.001051,0.00217,3.706474,12.507252,0.0001552
3442999296,388250.9,-0.006811,0.067943,0.000838,-0.269531,0.0,0.9652,0.9509,0.001484,0.001065,0.002013,3.350518,13.110827,0.00015909
3443785728,387904.9,-0.002086,0.053678,0.000827,-0.267578,0.0,0.9658,0.9517,0.001201,0.001105,0.001688,3.394349,13.050179,0.00017877
3444572160,387557.5,-0.001613,0.047126,0.000811,-0.271484,0.0,0.9662,0.9518,0.001105,0.001133,0.002014,3.513742,13.155828,0.00015635
3445358592,386287.0,0.003504,0.072141,0.00077,-0.277344,0.0,0.9669,0.9527,0.00156,0.001538,0.002109,3.409847,12.443118,0.00017498
3446145024,385944.9,0.004918,0.067987,0.000754,-0.261719,0.0,0.9666,0.9507,0.001419,0.001482,0.002281,3.535646,12.48556,0.00015522
3446931456,385606.6,-0.00605,0.071116,0.000738,-0.263672,0.0,0.9668,0.9497,0.001112,0.001334,0.001933,3.200236,13.006268,0.00015009
3447717888,384359.0,-0.002242,0.062099,0.000762,-0.267578,0.0,0.9663,0.9481,0.000838,0.001028,0.001758,3.141042,13.420052,0.00014637
3448504320,384026.9,-0.004576,0.039075,0.000793,-0.263672,0.0,0.966,0.948,0.001057,0.001056,0.001719,3.409413,13.002243,0.00018055
3449290752,383695.2,-0.001335,0.036231,0.000809,-0.265625,0.0,0.9663,0.9496,0.000801,0.001216,0.002069,3.457595,12.84994,0.0001634
3450077184,383361.6,0.000351,0.030351,0.000808,-0.267578,0.0,0.9661,0.9502,0.000903,0.000783,0.00126,3.429321,12.771887,0.00017072
3450863616,382184.3,0.001438,0.065485,0.00079,-0.279297,0.0,0.9666,0.9516,0.001127,0.001481,0.001859,3.313738,12.829886,0.00017423
3451650048,381844.3,-0.002011,0.056839,0.000756,-0.273438,0.0,0.9665,0.9512,0.000942,0.00164,0.001582,3.306358,12.790689,0.00017146
3452436480,381508.8,-0.001616,0.075576,0.000746,-0.28125,0.0,0.9666,0.9509,0.001121,0.001526,0.001691,3.28405,12.885921,0.00018792
3453222912,380253.6,-0.002499,0.065801,0.000771,-0.289062,0.0,0.9665,0.9506,0.000861,0.001417,0.001442,3.520634,12.624187,0.00016286
3454009344,379927.9,0.002618,0.055171,0.000702,-0.285156,0.0,0.9668,0.952,0.000795,0.001377,0.001432,3.77101,12.445861,0.00016644
3454795776,379601.9,-0.00466,0.045187,0.00071,-0.285156,0.0,0.9668,0.9534,0.000906,0.001176,0.001445,3.886156,12.387085,0.00015238
3455582208,379277.7,-0.00223,0.043,0.000709,-0.279297,0.0,0.967,0.9551,0.000882,0.00121,0.001528,3.441032,12.953461,0.00016755
3456368640,378100.8,0.001472,0.074217,0.00073,-0.28125,0.0,0.967,0.9561,0.00106,0.001248,0.001761,3.135299,12.722397,0.00016812
3457155072,377766.6,0.002052,0.052596,0.000737,-0.269531,0.0,0.9668,0.9551,0.001004,0.00115,0.001445,3.284125,12.306087,0.00016988
3457941504,377440.4,-0.000129,0.056822,0.000721,-0.273438,0.0,0.9668,0.9549,0.001099,0.001338,0.002025,3.381464,12.217405,0.00018504
3458727936,376356.6,0.003941,0.07738,0.000748,-0.271484,0.0,0.9668,0.9542,0.000969,0.001576,0.001946,4.180904,11.699801,0.00016789
3459514368,376043.4,0.001668,0.069413,0.000786,-0.273438,0.0,0.9669,0.9541,0.001341,0.001248,0.002118,3.187603,12.719833,0.00017794
3460300800,375730.2,-0.00064,0.065747,0.000781,-0.269531,0.0,0.967,0.9539,0.001044,0.001445,0.001682,3.366686,12.645812,0.00016971
3461087232,375417.8,-0.000119,0.041574,0.000795,-0.271484,0.0,0.9674,0.954,0.001087,0.001033,0.001497,3.386299,12.537227,0.00018643
3461873664,374342.6,0.005247,0.07427,0.000818,-0.279297,0.0,0.9677,0.9538,0.000971,0.001456,0.001702,3.435313,12.55482,0.00016898
3462660096,374025.8,0.003084,0.047934,0.000796,-0.279297,0.0,0.9677,0.9539,0.00094,0.001239,0.001444,3.751619,12.511668,0.00018622
3463446528,373715.1,-0.003358,0.038304,0.000773,-0.28125,0.0,0.9672,0.9529,0.000674,0.000874,0.001184,3.673552,12.474841,0.00019729
3464232960,373391.9,-0.001699,0.052041,0.000801,-0.285156,0.0,0.9672,0.9529,0.00088,0.001251,0.001113,3.446233,12.684505,0.00018927
3465019392,372224.7,-0.000753,0.067947,0.00078,-0.273438,0.0,0.9674,0.9533,0.000939,0.001317,0.001239,3.379415,12.421324,0.00017147
3465805824,371916.5,-0.001101,0.041478,0.000762,-0.269531,0.0,0.9677,0.9544,0.001152,0.001094,0.001373,3.317225,12.582796,0.0001935
3466592256,371607.8,-0.001725,0.052866,0.000805,-0.271484,0.0,0.9679,0.955,0.001002,0.001082,0.001416,3.459891,12.225936,0.00017607
3467378688,370470.6,-0.00637,0.058095,0.000782,-0.273438,0.0,0.968,0.9557,0.000965,0.001265,0.00193,3.778871,12.393295,0.00016016
3468165120,370163.0,-0.006042,0.050308,0.000787,-0.271484,0.0,0.9684,0.9562,0.000969,0.000952,0.001616,3.40507,12.798861,0.00016435
3468951552,369859.5,-0.003683,0.031898,0.000771,-0.265625,0.0,0.9686,0.9555,0.000899,0.000839,0.001182,3.344801,12.776655,0.00018324
3469737984,369553.2,0.00308,0.039414,0.000787,-0.261719,0.0,0.9688,0.9552,0.000824,0.000765,0.001214,3.384392,12.751404,0.00019765
3470524416,368428.8,0.00227,0.056082,0.000846,-0.269531,0.0,0.969,0.955,0.001179,0.001419,0.001765,3.434423,12.548251,0.00018307
3471310848,368125.1,-0.00182,0.057153,0.000845,-0.267578,0.0,0.9684,0.954,0.001017,0.001373,0.001545,3.522751,12.274623,0.00016616
3472097280,367822.5,0.003736,0.072812,0.000873,-0.253906,0.0,0.968,0.9536,0.001117,0.00162,0.001859,3.106281,12.76343,0.0001856
3472883712,366668.3,-0.002546,0.071295,0.000851,-0.263672,0.0,0.9682,0.9546,0.000986,0.001005,0.001306,3.186896,13.308271,0.00018711
3473670144,366371.3,0.001114,0.077843,0.000788,-0.263672,0.0,0.9682,0.9548,0.000968,0.001115,0.001485,3.25741,13.107437,0.00017355
3474456576,366074.3,0.001311,0.079245,0.000808,-0.267578,0.0,0.9678,0.9538,0.001431,0.000959,0.001845,3.541229,12.769328,0.00015288
3475243008,365775.3,-3.5e-05,0.089127,0.000797,-0.267578,0.0,0.9679,0.9529,0.001455,0.001313,0.001727,3.415137,12.655139,0.00018047
3476029440,364660.8,-0.003722,0.074423,0.00078,-0.261719,0.0,0.9676,0.9525,0.001058,0.001287,0.001642,3.038812,13.190716,0.00016096
3476815872,364363.4,-0.003897,0.05396,0.000767,-0.251953,0.0,0.9666,0.9513,0.000981,0.001051,0.001822,3.09652,13.192152,0.0001567
3477602304,364067.0,0.001748,0.06026,0.000774,-0.253906,0.0,0.9662,0.952,0.000675,0.001205,0.001418,3.127329,12.985128,0.00016201
3478388736,362855.9,0.002115,0.061464,0.000805,-0.257812,0.0,0.9657,0.9524,0.00078,0.000926,0.001564,3.139234,12.914633,0.00015578
3479175168,362538.0,-0.001217,0.056382,0.000851,-0.251953,0.0,0.9655,0.953,0.001016,0.001311,0.001914,3.391407,12.819792,0.00018533
3479961600,362242.2,-0.002073,0.037952,0.000836,-0.253906,0.0,0.9652,0.9532,0.000804,0.000992,0.001279,3.590393,12.818207,0.00017867
3480748032,361950.4,-0.004524,0.051941,0.000841,-0.253906,0.0,0.9647,0.9531,0.000951,0.001155,0.001633,3.155601,13.173369,0.00017296
3481534464,360812.9,0.000157,0.081439,0.000779,-0.275391,0.0,0.9647,0.953,0.001049,0.001207,0.00174,3.231164,13.231253,0.00015874
3482320896,360522.6,-0.000646,0.07793,0.00072,-0.273438,0.0,0.9647,0.9536,0.001084,0.000955,0.001524,3.543026,12.973705,0.00016379
3483107328,360224.2,-0.002623,0.060895,0.000723,-0.271484,0.0,0.9643,0.9529,0.001103,0.001095,0.001643,3.411886,12.666395,0.00017396
3483893760,359130.3,0.002622,0.081284,0.00074,-0.277344,0.0,0.9646,0.9534,0.000871,0.001206,0.001323,3.964484,12.016879,0.00014517
3484680192,358848.1,-0.002806,0.075556,0.000762,-0.267578,0.0,0.9645,0.9531,0.001245,0.001446,0.001584,3.16394,12.854942,0.00017878
3485466624,358566.1,0.001532,0.085901,0.000782,-0.265625,0.0,0.9638,0.9509,0.001232,0.001283,0.001811,3.272678,13.052927,0.00015559
3486253056,358284.2,-0.001766,0.077642,0.000753,-0.261719,0.0,0.9634,0.9497,0.001053,0.001239,0.001686,3.202685,13.002785,0.00017825
3487039488,357077.2,0.004126,0.059571,0.000793,-0.271484,0.0,0.963,0.9485,0.000922,0.00124,0.001503,3.614901,12.951651,0.00015331
3487825920,356794.1,-0.003491,0.055152,0.000771,-0.277344,0.0,0.9633,0.9492,0.00109,0.001163,0.001497,3.727033,12.892582,0.00016196
3488612352,356500.9,0.002999,0.050084,0.000774,-0.275391,0.0,0.9631,0.9483,0.001007,0.000992,0.00108,3.832877,12.842975,0.00015738
3489398784,356218.2,0.000115,0.046047,0.00078,-0.279297,0.0,0.9632,0.9481,0.000951,0.000802,0.001069,3.505421,13.077145,0.00018745
3490185216,355065.6,0.00336,0.070945,0.000774,-0.265625,0.0,0.9635,0.9486,0.000806,0.001281,0.001516,3.191617,12.742952,0.0001776
3490971648,354786.7,0.004972,0.04762,0.000781,-0.257812,0.0,0.9637,0.9485,0.001021,0.001084,0.00165,3.282358,12.87297,0.00017333
3491758080,354508.7,-0.001875,0.047262,0.000816,-0.253906,0.0,0.9637,0.9481,0.000989,0.000894,0.001319,3.409014,12.732944,0.00017516
3492544512,353525.2,-0.002589,0.069821,0.000803,-0.265625,0.0,0.9642,0.9481,0.001039,0.00101,0.001494,4.06861,12.854618,0.00015174
3493330944,353233.8,-0.000754,0.05421,0.000759,-0.275391,0.0,0.9649,0.9494,0.001118,0.001352,0.001519,3.33484,13.276656,0.00015715
3494117376,352964.3,-0.000879,0.062149,0.000788,-0.28125,0.0,0.965,0.9492,0.001201,0.001427,0.001509,3.614241,13.228979,0.00016575
3494903808,352689.7,-0.002089,0.057717,0.000788,-0.283203,0.0,0.9653,0.9491,0.00105,0.001039,0.00135,3.500766,13.157272,0.00017881
3495690240,351689.2,-0.003414,0.057083,0.000775,-0.275391,0.0,0.9655,0.9498,0.001091,0.001048,0.001614,3.431131,13.238554,0.00016285
3496476672,351415.4,0.001122,0.054558,0.000759,-0.269531,0.0,0.9659,0.9502,0.001191,0.001126,0.001379,3.881665,13.173381,0.0001635
3497263104,351145.6,-0.005153,0.033046,0.000746,-0.261719,0.0,0.9671,0.952,0.000976,0.000715,0.001045,3.641603,13.048191,0.00016794
3498049536,350241.2,-0.008578,0.053419,0.000772,-0.269531,0.0,0.9681,0.9538,0.001001,0.000771,0.001174,3.347593,13.298811,0.00016839
3498835968,349960.7,0.002486,0.031717,0.000803,-0.257812,0.0,0.9687,0.955,0.000836,0.00077,0.001101,3.392369,13.2182,0.00016512
3499622400,349689.5,-0.002016,0.038199,0.000799,-0.25,0.0,0.9694,0.9565,0.000741,0.000736,0.001097,3.308098,13.084426,0.00018208
3500408832,349417.6,0.003214,0.034569,0.0008,-0.251953,0.0,0.97,0.9574,0.000784,0.000721,0.001066,3.255592,13.126371,0.0001669
3501195264,326658.8,0.001873,0.06946,0.000783,-0.269531,0.0,0.9702,0.9577,0.000914,0.001028,0.001404,3.529784,12.837222,0.00015563
3501981696,326429.5,-0.004256,0.073835,0.000769,-0.267578,0.0,0.9702,0.9574,0.001194,0.001138,0.001621,3.383736,13.16577,0.00018777
3502768128,326201.5,-0.006001,0.0585,0.000798,-0.259766,0.0,0.9703,0.9576,0.000997,0.001091,0.001514,3.502046,13.329363,0.00015879
3503554560,325275.4,-0.000892,0.066037,0.000805,-0.263672,0.0,0.9704,0.9573,0.000942,0.001124,0.001259,3.314863,13.377279,0.00017607
3504340992,325045.7,-0.004267,0.045176,0.000822,-0.259766,0.0,0.9705,0.9574,0.001004,0.0012,0.001733,3.512991,13.181705,0.00018842
3505127424,324817.7,0.004162,0.057333,0.000818,-0.257812,0.0,0.9706,0.9576,0.00101,0.000977,0.001331,3.564248,13.198051,0.00017658
3505913856,324589.9,0.000557,0.061325,0.000803,-0.265625,0.0,0.9708,0.9586,0.000848,0.001066,0.001614,3.481134,13.408239,0.00018054
3506700288,323700.5,-0.003045,0.065212,0.000812,-0.271484,0.0,0.9708,0.9582,0.000874,0.001077,0.001599,3.341442,13.666934,0.0001664
3507486720,323475.7,-0.003667,0.055827,0.000791,-0.259766,0.0,0.9711,0.958,0.000948,0.001069,0.001578,3.476368,13.471499,0.0001696
3508273152,323252.0,0.001488,0.052714,0.000795,-0.261719,0.0,0.9711,0.9578,0.000929,0.001016,0.001621,3.428692,13.23664,0.00018616
3509059584,322284.3,0.00139,0.066562,0.000795,-0.265625,0.0,0.9711,0.9574,0.000729,0.000911,0.001181,3.975204,12.269121,0.00018156
3509846016,322056.3,0.003354,0.080778,0.000751,-0.265625,0.0,0.9711,0.9571,0.001542,0.001384,0.002067,3.240935,13.300455,0.00016614
3510632448,321830.8,-0.00392,0.059075,0.000753,-0.269531,0.0,0.9708,0.9561,0.00112,0.001161,0.00153,3.437556,13.296771,0.00016395
3511418880,321601.9,-0.002676,0.067566,0.000744,-0.263672,0.0,0.9707,0.9553,0.000777,0.001269,0.001516,3.64432,13.208311,0.00017195
3512205312,320735.4,0.004745,0.059945,0.000775,-0.271484,0.0,0.9705,0.9549,0.000876,0.001036,0.001217,3.488153,13.046007,0.00015487
3512991744,320511.9,-0.001989,0.057156,0.000802,-0.265625,0.0,0.9706,0.9556,0.0009,0.001067,0.001264,3.628435,12.817303,0.0001647
3513778176,320292.1,-0.001856,0.055133,0.000788,-0.267578,0.0,0.9706,0.9556,0.001087,0.000987,0.001252,3.658523,12.894995,0.00017754
3514564608,320073.3,-0.005886,0.045582,0.000786,-0.263672,0.0,0.9706,0.9557,0.000822,0.000922,0.001151,3.316347,12.880404,0.0001693
3515351040,319308.3,0.000459,0.069165,0.000798,-0.277344,0.0,0.9708,0.9567,0.000803,0.001126,0.001641,3.576322,13.625107,0.00016492
3516137472,319091.2,-0.005489,0.050519,0.000795,-0.273438,0.0,0.9708,0.9567,0.000725,0.001096,0.001563,3.440763,13.377645,0.00017166
3516923904,318876.6,0.001861,0.054119,0.000779,-0.275391,0.0,0.9709,0.9573,0.000703,0.000864,0.001188,3.663521,13.359089,0.00016978
3517710336,318038.6,-0.003596,0.067663,0.00078,-0.277344,0.0,0.9711,0.9576,0.000806,0.000849,0.001236,3.825021,12.785908,0.00017161
3518496768,317821.0,0.000745,0.046921,0.000743,-0.263672,0.0,0.9707,0.9567,0.000764,0.001053,0.001492,3.573565,13.591906,0.00016309
3519283200,317607.1,-0.000582,0.035778,0.000765,-0.259766,0.0,0.9707,0.9572,0.000711,0.000728,0.001213,3.488563,13.456125,0.00017421
3520069632,317394.6,0.000387,0.053906,0.000773,-0.259766,0.0,0.9705,0.9571,0.000874,0.000917,0.001222,3.420349,13.668106,0.00017989
3520856064,316279.9,-0.001772,0.063633,0.000755,-0.259766,0.0,0.971,0.9575,0.00127,0.001116,0.001619,3.385395,13.353226,0.00017595
3521642496,316058.4,0.003879,0.066317,0.000731,-0.255859,0.0,0.9707,0.9564,0.00077,0.000958,0.001176,3.648158,13.280159,0.00016463
3522428928,315820.1,-0.002295,0.041739,0.000734,-0.255859,0.0,0.9708,0.9562,0.000732,0.00078,0.00107,3.561739,13.048182,0.00015816
3523215360,314951.4,0.002584,0.062187,0.000731,-0.267578,0.0,0.9708,0.9563,0.000783,0.00097,0.00141,3.251088,13.345186,0.00016055
3524001792,314731.9,-0.008121,0.050098,0.000803,-0.259766,0.0,0.9707,0.9567,0.001319,0.000947,0.00131,3.317067,13.180888,0.00018768
3524788224,314524.0,0.000916,0.051972,0.000815,-0.253906,0.0,0.9712,0.9585,0.001209,0.000945,0.001087,3.400766,13.107866,0.00017529
3525574656,314316.3,-0.000192,0.046357,0.000822,-0.251953,0.0,0.9714,0.9592,0.000751,0.000809,0.000898,3.33437,13.094933,0.00018368
3526361088,313530.6,-0.003114,0.056418,0.000775,-0.253906,0.0,0.9717,0.9606,0.001345,0.00194,0.001623,3.493406,12.866206,0.00016305
3527147520,313321.9,-0.001249,0.050261,0.000772,-0.257812,0.0,0.972,0.9626,0.001226,0.001212,0.001816,3.297578,13.458176,0.00017076
3527933952,313115.0,-0.006752,0.038322,0.000774,-0.259766,0.0,0.9722,0.9641,0.001061,0.001353,0.001325,3.293087,13.333885,0.00016804
3528720384,312343.9,0.002623,0.071746,0.0008,-0.263672,0.0,0.9724,0.9655,0.000769,0.001219,0.001386,3.274786,13.559591,0.00018169
3529506816,312134.8,-0.002723,0.039659,0.000829,-0.257812,0.0,0.9724,0.9669,0.000817,0.000891,0.001175,3.386508,13.281387,0.00019501
3530293248,311930.3,0.004826,0.046067,0.000874,-0.257812,0.0,0.9725,0.9683,0.000765,0.000823,0.001224,3.503382,12.939097,0.00016912
3531079680,311724.2,-0.000891,0.065271,0.000863,-0.253906,0.0,0.9727,0.9693,0.000914,0.000922,0.001358,3.245264,13.528343,0.00017974
3531866112,310836.6,0.000149,0.091129,0.000889,-0.263672,0.0,0.9727,0.9692,0.00102,0.001257,0.001519,3.124321,13.466578,0.0001879
3532652544,310627.0,-0.000874,0.051826,0.000919,-0.257812,0.0,0.9725,0.9697,0.001132,0.001245,0.00154,3.292181,13.418892,0.00018449
3533438976,310422.7,0.001533,0.052401,0.000899,-0.255859,0.0,0.9722,0.9697,0.000859,0.001033,0.001334,3.554999,13.398476,0.00019499
3534225408,309600.5,-0.000757,0.054519,0.000879,-0.257812,0.0,0.9724,0.9703,0.000803,0.001016,0.001217,4.105011,13.05128,0.00018568
3535011840,309382.4,-0.001537,0.063235,0.000799,-0.257812,0.0,0.9723,0.9694,0.00096,0.001068,0.001708,3.320227,13.804675,0.00016701
3535798272,309172.1,0.002786,0.06482,0.000792,-0.261719,0.0,0.972,0.9684,0.001001,0.001294,0.001916,3.216435,13.926062,0.00017003
3536584704,308963.9,0.006135,0.04489,0.000785,-0.253906,0.0,0.9719,0.968,0.000974,0.000992,0.001309,3.433168,13.791903,0.00016469
3537371136,308232.7,0.004544,0.057316,0.00079,-0.259766,0.0,0.9718,0.9679,0.000702,0.000929,0.00154,3.344274,13.695723,0.00017656
3538157568,308030.6,0.002046,0.047554,0.000764,-0.251953,0.0,0.9717,0.9679,0.000609,0.000837,0.001374,3.530587,13.423106,0.00016076
3538944000,307831.7,-0.00179,0.041404,0.000772,-0.253906,0.0,0.9719,0.9685,0.000645,0.000877,0.001306,3.650594,13.39368,0.00016409
3539730432,307634.1,-0.001825,0.036373,0.000781,-0.253906,0.0,0.9716,0.9681,0.000547,0.000764,0.001048,3.369491,13.889601,0.00016494
3540516864,306740.9,0.001546,0.085474,0.000904,-0.273438,0.0,0.9716,0.9675,0.00148,0.001099,0.00174,3.576445,13.878424,0.00018231
3541303296,306540.0,0.003513,0.079508,0.000931,-0.275391,0.0,0.9718,0.9682,0.001212,0.001185,0.001643,3.672045,13.809778,0.00017496
3542089728,306346.6,-0.003065,0.081243,0.000923,-0.275391,0.0,0.972,0.9688,0.001092,0.001246,0.001727,3.821753,13.728138,0.00018194
3542876160,305537.7,-0.001737,0.077632,0.000872,-0.275391,0.0,0.972,0.9688,0.001418,0.001374,0.001724,4.10388,13.329407,0.00018193
3543662592,305334.5,-0.002359,0.068501,0.000829,-0.267578,0.0,0.972,0.9691,0.000972,0.001245,0.00135,3.530202,13.611144,0.00018471
3544449024,305141.0,-0.003851,0.052543,0.000845,-0.265625,0.0,0.972,0.9689,0.001349,0.001126,0.001548,3.577902,13.548683,0.00016834
3545235456,304946.0,-0.005386,0.04945,0.00085,-0.265625,0.0,0.9717,0.9684,0.000908,0.000903,0.001186,3.558217,13.985809,0.00017963
3546021888,304171.8,-0.001168,0.074661,0.000858,-0.263672,0.0,0.9718,0.9684,0.001514,0.001176,0.001745,3.487886,13.411749,0.00018796
3546808320,303981.2,0.003148,0.086328,0.000845,-0.263672,0.0,0.9713,0.9659,0.001317,0.001011,0.001678,3.528282,13.157866,0.00019301
3547594752,303791.0,-0.003694,0.06428,0.000861,-0.257812,0.0,0.9705,0.9634,0.00087,0.000816,0.001485,3.579377,13.17038,0.00016261
3548381184,302988.9,-0.000182,0.074809,0.00082,-0.259766,0.0,0.9703,0.9625,0.000795,0.001021,0.001508,3.464894,13.64266,0.00018069
3549167616,302798.6,0.001538,0.088843,0.000779,-0.263672,0.0,0.9701,0.9616,0.000843,0.001248,0.001513,3.486045,13.680194,0.00016653
3549954048,302608.5,-0.000322,0.070531,0.000776,-0.263672,0.0,0.9701,0.9607,0.000689,0.001184,0.001196,3.519216,13.691648,0.00017846
3550740480,302416.6,-0.001246,0.071166,0.000787,-0.265625,0.0,0.9701,0.9602,0.000679,0.00101,0.001207,3.517877,13.498358,0.00017279
3551526912,301228.4,-0.002444,0.062416,0.000798,-0.267578,0.0,0.9703,0.9602,0.001185,0.001141,0.001404,3.681357,12.896609,0.00018576
3552313344,301042.1,-0.004703,0.054618,0.000797,-0.263672,0.0,0.9702,0.9593,0.001167,0.001137,0.001543,3.334215,13.386049,0.00018393
3553099776,300858.8,0.004391,0.058289,0.000816,-0.269531,0.0,0.9705,0.9594,0.000869,0.001168,0.001191,3.361937,13.383575,0.0001764
3553886208,300128.9,0.004794,0.06932,0.000815,-0.275391,0.0,0.9706,0.9593,0.001047,0.000929,0.001378,3.511313,13.91318,0.00017598
3554672640,299947.8,-0.006307,0.056533,0.000864,-0.269531,0.0,0.9706,0.9577,0.001258,0.001274,0.001359,3.830466,13.658214,0.000172
3555459072,299766.0,-0.006113,0.054184,0.000839,-0.271484,0.0,0.9707,0.9577,0.000969,0.00089,0.001446,3.794195,13.450474,0.00017219
3556245504,299585.3,-0.004472,0.057199,0.000846,-0.267578,0.0,0.9709,0.9575,0.000907,0.000863,0.001186,3.787503,13.492332,0.00015764
3557031936,298832.4,0.000926,0.053886,0.000839,-0.275391,0.0,0.9709,0.9571,0.001103,0.00114,0.00171,3.366911,13.736664,0.0001724
3557818368,298649.5,0.002518,0.074646,0.000828,-0.267578,0.0,0.9711,0.9572,0.001283,0.000968,0.001543,3.578609,13.698824,0.00019968
3558604800,298463.8,-0.007403,0.037187,0.000825,-0.261719,0.0,0.971,0.9564,0.000946,0.00103,0.00139,3.590361,13.675464,0.0001878
3559391232,297627.4,0.001736,0.052586,0.00084,-0.267578,0.0,0.9706,0.9549,0.000893,0.000897,0.001175,4.174753,12.852583,0.00017826
3560177664,297442.5,-0.0022,0.071466,0.000837,-0.265625,0.0,0.9707,0.9536,0.001243,0.001079,0.001942,3.731153,13.220996,0.00017734
3560964096,297258.0,0.003736,0.05847,0.000855,-0.267578,0.0,0.9706,0.9539,0.000985,0.000886,0.001217,3.460752,13.895287,0.00018112
3561750528,297076.2,-0.006546,0.062037,0.000838,-0.271484,0.0,0.9705,0.9538,0.001174,0.000806,0.001393,3.546307,13.783179,0.00017479
3562536960,296258.6,-0.006706,0.054988,0.00084,-0.271484,0.0,0.9705,0.9542,0.000689,0.000667,0.001062,3.583508,13.411316,0.00016332
3563323392,296073.5,0.001827,0.053793,0.000817,-0.263672,0.0,0.9704,0.955,0.000772,0.000893,0.001437,3.570865,13.270964,0.00017045
3564109824,295889.6,-0.003034,0.052337,0.000816,-0.263672,0.0,0.9703,0.9545,0.000871,0.001056,0.001531,3.794682,13.122646,0.00016038
3564896256,295707.9,-8e-06,0.055628,0.000791,-0.261719,0.0,0.97,0.9538,0.000743,0.000814,0.001244,3.526124,13.616954,0.00018107
3565682688,295000.5,0.002187,0.05898,0.000807,-0.271484,0.0,0.9701,0.9538,0.001103,0.00087,0.001409,3.415314,13.813551,0.0001529
3566469120,294812.5,0.003583,0.056758,0.000801,-0.265625,0.0,0.97,0.9541,0.001332,0.001045,0.001098,3.565439,13.620955,0.00017575
3567255552,294622.3,0.000891,0.050884,0.000783,-0.267578,0.0,0.9702,0.9557,0.001343,0.000896,0.001322,3.535579,13.690471,0.00017634
3568041984,293874.9,-0.001823,0.048798,0.000849,-0.273438,0.0,0.9704,0.9567,0.000822,0.000977,0.001298,3.960648,13.241753,0.00017529
3568828416,293699.6,-0.004618,0.042934,0.000953,-0.279297,0.0,0.9709,0.9588,0.001406,0.000936,0.001053,3.689245,13.850104,0.00018315
3569614848,293523.7,-0.001863,0.046706,0.000923,-0.28125,0.0,0.9705,0.9587,0.001362,0.001247,0.001321,3.573455,13.921843,0.00020902
3570401280,293351.3,0.004407,0.066197,0.000937,-0.277344,0.0,0.9704,0.9589,0.000875,0.000855,0.001152,3.765979,13.903392,0.00019973
3571187712,292594.4,-0.002809,0.046436,0.000765,-0.271484,0.0,0.9707,0.9599,0.000812,0.001024,0.001232,3.575716,13.535293,0.00014879
3571974144,292417.1,-0.003273,0.048085,0.000728,-0.259766,0.0,0.9705,0.9607,0.000737,0.000922,0.001053,3.732823,13.512439,0.00015989
3572760576,292235.9,-0.001119,0.046687,0.00075,-0.255859,0.0,0.9709,0.9621,0.000693,0.000929,0.001417,3.764834,13.667982,0.00015256
3573547008,291405.7,-0.006842,0.047929,0.000753,-0.269531,0.0,0.9709,0.9626,0.000696,0.000989,0.001105,3.523704,13.851093,0.00016158
3574333440,291227.2,-0.001866,0.057196,0.000799,-0.265625,0.0,0.9711,0.9638,0.001037,0.001153,0.001335,3.646166,14.063072,0.0001719
3575119872,291051.6,0.003271,0.063668,0.0008,-0.263672,0.0,0.9712,0.9651,0.001265,0.001078,0.001363,3.705514,13.964621,0.00017819
3575906304,290874.7,-0.006251,0.048661,0.000824,-0.261719,0.0,0.9714,0.9664,0.00103,0.000958,0.001237,3.651089,13.814991,0.00017706
3576692736,290167.0,0.005763,0.081592,0.000808,-0.261719,0.0,0.9713,0.9669,0.000789,0.000942,0.001437,3.730781,13.672318,0.00019025
3577479168,289994.3,-0.003112,0.044975,0.000794,-0.261719,0.0,0.9714,0.9672,0.000837,0.000757,0.001368,3.555216,13.961223,0.00017723
3578265600,289822.2,0.001798,0.057888,0.000789,-0.255859,0.0,0.9715,0.9678,0.00071,0.001063,0.001325,3.464633,13.876564,0.00017088
3579052032,289047.5,-0.005731,0.061744,0.00079,-0.261719,0.0,0.9716,0.9683,0.000708,0.000934,0.001023,3.232735,14.183517,0.00016543
3579838464,288879.5,0.004219,0.055655,0.000842,-0.255859,0.0,0.9716,0.9689,0.000917,0.000902,0.001231,3.529273,13.77983,0.00019191
3580624896,288711.4,0.00047,0.036718,0.000853,-0.257812,0.0,0.972,0.9709,0.000934,0.00078,0.001196,3.632082,13.739426,0.00018442
3581411328,288542.9,-0.003528,0.038125,0.000829,-0.259766,0.0,0.9722,0.9724,0.000851,0.000864,0.001127,3.54962,13.622385,0.00017265
3582197760,287748.4,-0.004978,0.064125,0.000811,-0.271484,0.0,0.9725,0.9733,0.000796,0.00119,0.001524,3.677815,14.163531,0.00016746
3582984192,287576.1,-0.000984,0.058991,0.000774,-0.273438,0.0,0.9725,0.9736,0.000637,0.00108,0.001451,3.791739,14.106975,0.00017036
3583770624,287407.9,-0.005634,0.054384,0.000797,-0.275391,0.0,0.9724,0.974,0.000611,0.001051,0.001137,3.776417,13.844881,0.00015588
3584557056,286736.1,0.001064,0.070677,0.000769,-0.283203,0.0,0.9723,0.9738,0.001113,0.001167,0.001596,4.065601,12.70254,0.00017651
3585343488,286567.3,-0.002813,0.041257,0.000799,-0.269531,0.0,0.9722,0.9736,0.000898,0.000768,0.001266,3.724334,13.193225,0.00018087
3586129920,286405.1,0.002799,0.03992,0.000805,-0.273438,0.0,0.9722,0.9736,0.00089,0.000835,0.001113,3.650573,13.620071,0.00016278
3586916352,286241.8,0.000697,0.042189,0.000813,-0.273438,0.0,0.972,0.9733,0.000762,0.000785,0.001036,3.676479,13.557551,0.00017058
3587702784,285500.8,-0.001511,0.057417,0.0008,-0.267578,0.0,0.9722,0.9734,0.000799,0.000904,0.001273,3.706192,13.616153,0.00016481
3588489216,285336.9,-0.002844,0.044671,0.000767,-0.259766,0.0,0.9725,0.9738,0.000556,0.000647,0.00094,3.750881,13.75448,0.00017717
3589275648,285173.5,-0.000124,0.033409,0.000778,-0.261719,0.0,0.9729,0.9749,0.000531,0.000731,0.000889,3.717479,13.777518,0.00016806
3590062080,285005.4,-0.006592,0.032004,0.000785,-0.259766,0.0,0.9731,0.9749,0.000632,0.000631,0.000858,3.515791,13.884045,0.00015608
3590848512,284371.2,-0.005224,0.053973,0.000784,-0.269531,0.0,0.9733,0.9745,0.001004,0.001322,0.001335,3.699502,13.777363,0.00015742
3591634944,284210.1,-0.003183,0.042278,0.000786,-0.261719,0.0,0.9733,0.9731,0.000791,0.000861,0.001126,3.615847,13.795414,0.00019227
3592421376,284049.3,-0.000543,0.040503,0.000779,-0.263672,0.0,0.9735,0.9723,0.000777,0.000946,0.001248,3.589703,13.86842,0.00015969
3593207808,283468.7,0.003289,0.058321,0.000804,-0.265625,0.0,0.9739,0.9726,0.000723,0.00074,0.001039,3.948915,13.744232,0.00017403
3593994240,283306.2,-9.1e-05,0.043393,0.000815,-0.267578,0.0,0.9735,0.9721,0.000791,0.000696,0.001082,3.655563,14.126472,0.00017304
3594780672,283145.2,0.003041,0.056815,0.000801,-0.271484,0.0,0.9738,0.9731,0.000805,0.000824,0.000989,3.767175,14.165823,0.00017173
3595567104,282985.3,-0.006058,0.033207,0.000807,-0.271484,0.0,0.9738,0.9736,0.000584,0.000715,0.000904,3.758254,14.070727,0.00015679
3596353536,282309.1,0.001345,0.067189,0.000768,-0.269531,0.0,0.9742,0.9745,0.000784,0.000939,0.001346,3.658583,13.861917,0.00018176
3597139968,282146.2,-0.000443,0.04913,0.00075,-0.263672,0.0,0.9743,0.9745,0.000782,0.00086,0.001158,3.792502,13.567984,0.00017594
3597926400,281985.9,0.001629,0.051886,0.000734,-0.265625,0.0,0.9746,0.9749,0.000686,0.001076,0.001078,3.78241,13.600494,0.00016148
3598712832,281237.9,-0.005274,0.070301,0.000752,-0.275391,0.0,0.9747,0.9749,0.000976,0.001208,0.001652,3.499613,13.75827,0.00017741
3599499264,281079.2,0.002602,0.054837,0.000782,-0.263672,0.0,0.9745,0.9741,0.001032,0.000876,0.001527,3.382627,13.669432,0.00017946
3600285696,280922.7,-0.002251,0.029651,0.000784,-0.257812,0.0,0.9744,0.9737,0.000762,0.001006,0.001181,3.543463,13.641849,0.00016503
3601072128,280761.9,0.005627,0.071823,0.000794,-0.263672,0.0,0.9742,0.9728,0.00111,0.000706,0.001558,3.649894,13.679922,0.0001871
3601858560,279949.2,-0.003389,0.055206,0.000809,-0.255859,0.0,0.974,0.9723,0.000737,0.000987,0.001112,3.709157,13.197899,0.00016797
3602644992,279780.8,-0.008482,0.043764,0.000796,-0.257812,0.0,0.9743,0.9726,0.000925,0.001295,0.001643,3.382622,13.825012,0.00018935
3603431424,279620.5,0.005803,0.06557,0.000806,-0.259766,0.0,0.9746,0.973,0.000898,0.000961,0.001352,3.386782,13.827526,0.00016838
3604217856,278921.5,0.002404,0.054026,0.000834,-0.261719,0.0,0.9749,0.9738,0.001063,0.000949,0.001268,3.450626,14.494436,0.00016787
3605004288,278770.0,-0.00823,0.062507,0.000865,-0.261719,0.0,0.9754,0.9745,0.001783,0.001267,0.002318,3.684996,14.162059,0.00017555
3605790720,278618.4,-0.001443,0.066649,0.00084,-0.261719,0.0,0.9756,0.9742,0.001171,0.001476,0.00146,3.770424,13.907722,0.00016673
3606577152,278467.7,-0.005081,0.067618,0.000813,-0.267578,0.0,0.9759,0.9746,0.000952,0.001269,0.001683,3.70015,13.752945,0.00019171
3607363584,277792.8,0.001404,0.070332,0.000779,-0.273438,0.0,0.9757,0.974,0.001078,0.001188,0.001575,3.436878,13.781767,0.00016161
3608150016,277635.8,0.000504,0.064102,0.000741,-0.277344,0.0,0.9759,0.9746,0.000631,0.001027,0.001213,3.646013,13.72859,0.00015609
3608936448,277480.3,-0.004023,0.068109,0.000727,-0.275391,0.0,0.9756,0.9733,0.000906,0.001267,0.001303,3.679613,13.591372,0.00015471
3609722880,276852.8,-0.00057,0.049311,0.000736,-0.277344,0.0,0.9755,0.9735,0.000722,0.00073,0.000883,4.223223,13.140999,0.00017213
3610509312,276700.3,0.001354,0.054589,0.000754,-0.267578,0.0,0.9756,0.9744,0.000702,0.000991,0.001064,3.877232,13.644608,0.00017762
3611295744,276549.2,-0.005392,0.053213,0.000766,-0.269531,0.0,0.9755,0.9747,0.000644,0.000701,0.00099,3.683774,13.982458,0.00017665
3612082176,276396.6,0.000165,0.041616,0.000755,-0.267578,0.0,0.9752,0.9754,0.000779,0.000695,0.001104,3.522836,13.897224,0.00016567
3612868608,275704.8,0.000448,0.064296,0.00078,-0.277344,0.0,0.9746,0.9745,0.000664,0.000844,0.00107,3.730256,14.139908,0.00017164
3613655040,275555.9,0.004096,0.043336,0.000802,-0.265625,0.0,0.9747,0.9743,0.000674,0.000828,0.000964,3.822181,13.984184,0.00017804
3614441472,275407.2,-0.002682,0.056231,0.000801,-0.271484,0.0,0.9742,0.9721,0.001036,0.001013,0.001307,3.96594,13.968257,0.00015905
3615227904,275256.0,-0.003824,0.066907,0.000795,-0.271484,0.0,0.9742,0.9714,0.001958,0.00089,0.001457,3.952415,13.716358,0.00017666
3616014336,274626.9,-0.002225,0.070067,0.000789,-0.273438,0.0,0.9737,0.9699,0.000795,0.000771,0.001219,3.504699,14.024718,0.00018059
3616800768,274478.6,-0.000202,0.054104,0.000796,-0.267578,0.0,0.9736,0.9693,0.000922,0.000881,0.00144,3.742498,13.790413,0.00016958
3617587200,274330.4,-0.007066,0.042222,0.000798,-0.269531,0.0,0.9734,0.9688,0.000988,0.000797,0.001209,3.7634,13.705116,0.00019636
3618373632,273710.1,0.001599,0.077778,0.000819,-0.273438,0.0,0.9734,0.9688,0.000672,0.001057,0.001432,3.861154,13.613383,0.00016854
3619160064,273563.7,0.003776,0.067045,0.00077,-0.271484,0.0,0.9732,0.9679,0.000933,0.001528,0.001528,3.917066,13.724688,0.00018435
3619946496,273417.9,-0.002694,0.053746,0.000759,-0.273438,0.0,0.9732,0.9669,0.000618,0.001435,0.001277,3.51474,13.776512,0.00017319
3620732928,273271.4,-0.002893,0.038521,0.00078,-0.279297,0.0,0.9733,0.9667,0.000767,0.00076,0.000988,3.599217,13.745147,0.00017578
3621519360,272627.3,-0.001805,0.063949,0.000805,-0.283203,0.0,0.9735,0.9674,0.000915,0.001313,0.001402,3.843439,13.633106,0.00017425
3622305792,272480.4,0.003814,0.05775,0.000805,-0.273438,0.0,0.973,0.9663,0.000742,0.001162,0.001241,3.901936,13.613937,0.00016453
3623092224,272336.6,-0.002019,0.057848,0.000798,-0.271484,0.0,0.9729,0.9666,0.000718,0.000924,0.001291,3.987432,13.512703,0.00018333
3623878656,271716.6,-0.004754,0.059477,0.00081,-0.273438,0.0,0.9727,0.9662,0.000527,0.001005,0.001131,3.421215,13.804388,0.00020178
3624665088,271569.1,0.005302,0.052596,0.000834,-0.267578,0.0,0.9721,0.9651,0.000641,0.000799,0.00137,3.487168,13.924862,0.00016157
3625451520,271423.8,-0.003657,0.059305,0.000828,-0.261719,0.0,0.9716,0.9645,0.000721,0.000939,0.001177,3.599879,13.712413,0.00015396
3626237952,271271.8,-0.007876,0.049017,0.00083,-0.261719,0.0,0.9715,0.9648,0.000678,0.000944,0.001383,3.712391,13.681754,0.00015685
3627024384,270614.8,-0.010013,0.079512,0.000778,-0.28125,0.0,0.9714,0.9647,0.001186,0.001245,0.001636,4.045933,13.60424,0.00017045
3627810816,270470.7,0.001003,0.073407,0.000746,-0.289062,0.0,0.9713,0.9647,0.001073,0.001115,0.00187,3.900154,13.882668,0.00016589
3628597248,270324.6,-0.003934,0.071943,0.000746,-0.289062,0.0,0.9712,0.9643,0.000955,0.000844,0.001533,3.941825,14.019287,0.00017708
3629383680,269659.4,0.002872,0.066893,0.00076,-0.289062,0.0,0.971,0.9641,0.0007,0.00089,0.000835,3.704904,14.311848,0.00017354
3630170112,269494.1,-0.002878,0.052512,0.000767,-0.279297,0.0,0.9706,0.9635,0.00057,0.001098,0.001415,3.894717,13.825077,0.00017679
3630956544,269353.2,0.002454,0.045502,0.00076,-0.279297,0.0,0.9707,0.9646,0.000605,0.001386,0.001171,3.920258,13.91759,0.00019312
3631742976,269214.3,0.002811,0.06752,0.000769,-0.271484,0.0,0.9707,0.9651,0.000764,0.000887,0.001128,4.084678,13.943522,0.00018421
3632529408,268570.2,0.003803,0.069526,0.000757,-0.263672,0.0,0.9705,0.9643,0.000754,0.001005,0.001214,3.643733,14.385069,0.00018052
3633315840,268428.8,0.001525,0.059797,0.000746,-0.255859,0.0,0.9706,0.9624,0.000969,0.000976,0.001245,3.611668,14.473637,0.00019516
3634102272,268285.5,0.002154,0.055915,0.000735,-0.251953,0.0,0.9702,0.9604,0.000607,0.000738,0.00079,3.436253,14.253632,0.00017741
3634888704,267622.1,-0.002771,0.057616,0.000751,-0.259766,0.0,0.9703,0.9597,0.000737,0.000768,0.001052,3.983157,13.691116,0.00018017
3635675136,267484.8,-0.003208,0.073967,0.000772,-0.271484,0.0,0.9703,0.9599,0.000855,0.001014,0.001309,4.040331,14.17704,0.00016743
3636461568,267346.0,0.000871,0.066068,0.000775,-0.279297,0.0,0.9703,0.9606,0.000658,0.000818,0.001105,3.784183,14.570704,0.00015714
3637248000,267209.6,-0.002611,0.070038,0.000786,-0.287109,0.0,0.9703,0.9604,0.000845,0.001098,0.001421,3.840541,14.402122,0.00015966
3638034432,266582.5,-0.001263,0.076572,0.000768,-0.292969,0.0,0.9701,0.9606,0.000726,0.001056,0.001588,3.981481,13.877523,0.00017277
3638820864,266445.0,0.001665,0.061475,0.000744,-0.289062,0.0,0.9698,0.9607,0.000642,0.000813,0.001287,4.042472,13.691923,0.00017111
3639607296,266307.8,-0.000705,0.05655,0.000717,-0.289062,0.0,0.9691,0.96,0.00065,0.000747,0.000932,4.061903,13.711655,0.00016427
3640393728,266170.8,-0.003917,0.054157,0.000722,-0.287109,0.0,0.9686,0.9594,0.000566,0.000703,0.000748,4.035926,13.66835,0.00016115
3641180160,265485.2,0.003442,0.056911,0.00072,-0.287109,0.0,0.9685,0.9596,0.00071,0.000686,0.001084,3.955401,14.214211,0.00015831
3641966592,265347.7,2e-05,0.064518,0.000736,-0.277344,0.0,0.9682,0.9592,0.000555,0.000639,0.000878,3.741229,14.249924,0.00017966
3642753024,265211.2,0.003006,0.046385,0.000743,-0.277344,0.0,0.9682,0.9592,0.000578,0.000614,0.000887,3.984638,14.387493,0.00017169
3643539456,264501.6,0.001892,0.051449,0.000787,-0.277344,0.0,0.9681,0.959,0.000921,0.000787,0.000987,4.347007,14.26597,0.00016648
3644325888,264367.9,0.00103,0.056794,0.000797,-0.28125,0.0,0.9679,0.9584,0.001553,0.000877,0.00127,4.144962,14.081175,0.00019193
3645112320,264232.7,-0.004983,0.041794,0.000795,-0.28125,0.0,0.9678,0.9583,0.000866,0.0009,0.001172,3.922897,14.586704,0.00018754
3645898752,264099.9,-0.003386,0.037531,0.0008,-0.279297,0.0,0.9677,0.9586,0.000588,0.000812,0.000927,3.877757,14.601214,0.00018554
3646685184,263502.7,-0.000814,0.074039,0.000897,-0.279297,0.0,0.968,0.9595,0.000693,0.001023,0.001315,3.872211,14.143965,0.00016661
3647471616,263371.1,0.000463,0.054397,0.000905,-0.275391,0.0,0.9675,0.9585,0.000701,0.00077,0.001136,3.977004,14.043955,0.00019675
3648258048,263238.3,-0.000743,0.053781,0.000901,-0.275391,0.0,0.9677,0.9589,0.000544,0.000827,0.000978,4.078695,14.03068,0.00018324
3649044480,262589.4,0.004125,0.064598,0.000874,-0.279297,0.0,0.9678,0.9595,0.000902,0.0012,0.001652,3.706336,14.63098,0.00018264
3649830912,262454.3,-0.001502,0.063647,0.000816,-0.271484,0.0,0.9675,0.9568,0.000966,0.000954,0.001504,3.762781,14.581978,0.00016568
3650617344,262323.3,0.002826,0.078086,0.000837,-0.269531,0.0,0.9678,0.9545,0.001043,0.000916,0.001616,3.798633,14.464052,0.00019296
3651403776,262192.7,-0.010397,0.049781,0.000845,-0.263672,0.0,0.9678,0.9522,0.000832,0.00083,0.00101,3.782186,14.293078,0.00016711
3652190208,261202.1,0.004997,0.076236,0.0008,-0.271484,0.0,0.9681,0.9526,0.000735,0.001025,0.001458,4.241681,13.928604,0.00016025
3652976640,261073.0,0.000213,0.051765,0.000778,-0.265625,0.0,0.9677,0.9537,0.000598,0.000949,0.001055,3.773248,14.597171,0.00017099
3653763072,260944.2,-0.001219,0.044996,0.000789,-0.277344,0.0,0.968,0.9559,0.000518,0.000888,0.000893,3.779884,14.692038,0.0001695
3654549504,260174.0,-0.001324,0.054539,0.000794,-0.287109,0.0,0.968,0.9568,0.000744,0.000701,0.000948,3.674458,14.890567,0.00016748
3655335936,260046.4,0.00121,0.0437,0.000809,-0.277344,0.0,0.9675,0.9567,0.00054,0.000726,0.000979,4.031428,14.38471,0.00016889
3656122368,259917.4,0.004473,0.055103,0.000807,-0.273438,0.0,0.9677,0.9581,0.000657,0.000833,0.001263,4.102785,14.119452,0.00017925
3656908800,259789.3,0.001184,0.039898,0.000833,-0.273438,0.0,0.9678,0.9588,0.000699,0.000763,0.001361,4.100025,14.187437,0.00018439
3657695232,259212.6,-0.004754,0.069808,0.000849,-0.277344,0.0,0.9675,0.9583,0.000766,0.000831,0.001124,3.795187,14.701813,0.00018337
3658481664,259086.9,5.3e-05,0.056196,0.000865,-0.273438,0.0,0.9678,0.958,0.001093,0.001042,0.001437,3.876309,14.565611,0.00020043
3659268096,258961.4,0.004676,0.06053,0.000885,-0.273438,0.0,0.9677,0.9572,0.000619,0.000807,0.00124,3.950265,14.297857,0.00018875
3660054528,258370.5,0.000614,0.073264,0.00092,-0.277344,0.0,0.968,0.9571,0.000806,0.000959,0.001075,3.918036,13.290726,0.0002044
3660840960,258234.1,-0.004861,0.038717,0.000724,-0.269531,0.0,0.9681,0.957,0.000973,0.001287,0.001318,3.955207,13.920466,0.00017458
3661627392,258099.7,-0.000611,0.060504,0.00074,-0.271484,0.0,0.9686,0.9572,0.000858,0.001052,0.001124,3.710032,14.158253,0.00016465
3662413824,257971.7,0.002882,0.043276,0.000729,-0.269531,0.0,0.9689,0.9575,0.000458,0.000521,0.00086,3.703415,14.097561,0.00016054
3663200256,257351.9,7.3e-05,0.059884,0.000773,-0.273438,0.0,0.9691,0.957,0.000587,0.000791,0.000981,3.810174,14.324173,0.0001542
3663986688,257223.7,-0.008468,0.050672,0.000819,-0.265625,0.0,0.9693,0.9571,0.000684,0.000895,0.000973,3.902026,14.148475,0.00017742
3664773120,257098.7,-0.003839,0.052661,0.000812,-0.265625,0.0,0.9693,0.956,0.001022,0.000897,0.001103,3.932595,13.99897,0.00017023
3665559552,256972.5,0.002516,0.056044,0.000816,-0.265625,0.0,0.9697,0.9562,0.000581,0.001019,0.000943,3.822956,13.864264,0.0001576
3666345984,256298.6,0.004157,0.065202,0.000784,-0.269531,0.0,0.9697,0.9554,0.00091,0.001151,0.001371,3.643932,14.462886,0.00018188
3667132416,256171.1,-0.004271,0.04686,0.000789,-0.265625,0.0,0.9694,0.9538,0.000726,0.001101,0.001191,3.742162,14.400549,0.00017497
3667918848,256043.2,-0.002001,0.056225,0.000778,-0.267578,0.0,0.9695,0.9527,0.000719,0.00091,0.001102,3.709934,14.513191,0.00017207
3668705280,255393.9,-0.003739,0.061759,0.000835,-0.273438,0.0,0.9694,0.9519,0.000765,0.00084,0.000979,4.050891,14.165968,0.00017045
3669491712,255269.7,-0.006754,0.031259,0.000816,-0.267578,0.0,0.9693,0.9525,0.000725,0.00091,0.001135,4.11641,14.07655,0.00018175
3670278144,255146.5,-0.000334,0.03498,0.00083,-0.265625,0.0,0.9693,0.954,0.000545,0.000782,0.000937,3.838345,14.634158,0.0001763
3671064576,255021.8,0.004133,0.046944,0.000841,-0.263672,0.0,0.9695,0.9565,0.000842,0.000602,0.000678,3.786611,14.729359,0.00017669
3671851008,254384.4,-0.004386,0.08692,0.000837,-0.273438,0.0,0.9698,0.9579,0.001172,0.001017,0.001437,3.639654,14.535927,0.00016974
3672637440,254260.4,-0.0064,0.050876,0.000786,-0.271484,0.0,0.9693,0.9571,0.000809,0.001027,0.001297,3.899918,14.343071,0.00016303
3673423872,254124.1,-0.001316,0.056865,0.000805,-0.277344,0.0,0.9688,0.9564,0.000794,0.000886,0.001125,4.082549,14.274165,0.00018416
3674210304,253569.6,-0.000749,0.059064,0.00077,-0.275391,0.0,0.969,0.9572,0.000712,0.00095,0.001221,3.894272,14.747161,0.00018798
3674996736,253451.4,-0.005606,0.0498,0.000757,-0.279297,0.0,0.9689,0.9569,0.000766,0.001029,0.001209,3.980228,14.883965,0.00016077
3675783168,253333.5,-0.003413,0.051354,0.000771,-0.277344,0.0,0.9694,0.957,0.000683,0.000728,0.000804,3.999147,14.656059,0.00018348
3676569600,253215.4,-0.001147,0.037063,0.000767,-0.273438,0.0,0.9698,0.9572,0.000596,0.000701,0.00076,4.020008,14.384608,0.00016979
3677356032,252466.0,-0.004156,0.048776,0.000802,-0.265625,0.0,0.9701,0.9571,0.000472,0.000588,0.00089,3.897179,14.166629,0.00018142
3678142464,252346.1,-0.005971,0.052613,0.000814,-0.257812,0.0,0.9704,0.957,0.000796,0.000689,0.001107,3.849825,14.068149,0.00017452
3678928896,252225.7,0.004324,0.054399,0.00084,-0.261719,0.0,0.9709,0.9577,0.000698,0.000614,0.00108,3.611835,14.562877,0.00016966
3679715328,251618.9,-0.000669,0.058656,0.000818,-0.263672,0.0,0.9711,0.9577,0.000913,0.000676,0.001051,3.353347,14.815046,0.00015986
3680501760,251500.1,-0.00411,0.041827,0.000784,-0.257812,0.0,0.9716,0.9591,0.000746,0.000632,0.000876,3.552035,14.437866,0.00018162
3681288192,251379.3,-0.002845,0.04707,0.000797,-0.257812,0.0,0.9716,0.9594,0.000648,0.000737,0.001016,3.807353,14.248614,0.00017031
3682074624,251259.6,0.003523,0.037566,0.000763,-0.257812,0.0,0.9718,0.9607,0.000531,0.000507,0.000763,3.799033,14.307371,0.00017586
3682861056,250617.9,0.003066,0.065389,0.000832,-0.263672,0.0,0.9719,0.9613,0.000889,0.00095,0.001239,3.816172,14.690654,0.00018514
3683647488,250500.3,0.000449,0.068752,0.00085,-0.267578,0.0,0.9715,0.9607,0.001061,0.001015,0.001178,3.775461,14.829418,0.00018894
3684433920,250384.0,-0.004248,0.040993,0.000829,-0.275391,0.0,0.9715,0.9614,0.001281,0.001005,0.001075,3.934934,14.693392,0.00019073
3685220352,249833.7,-0.003695,0.054536,0.000842,-0.275391,0.0,0.9712,0.9617,0.00097,0.0008,0.000888,3.924884,13.792448,0.00017733
3686006784,249719.0,0.003686,0.070608,0.000755,-0.261719,0.0,0.9712,0.9625,0.000812,0.001154,0.001655,3.863924,14.123149,0.00017765
3686793216,249605.1,-0.000123,0.057513,0.000751,-0.265625,0.0,0.9711,0.9635,0.000753,0.000779,0.001536,3.712757,14.640644,0.00016526
3687579648,249490.4,0.002525,0.05727,0.000757,-0.265625,0.0,0.9712,0.9644,0.000755,0.000677,0.001056,3.725311,14.620386,0.00018387
3688366080,248978.8,-0.003303,0.060487,0.000772,-0.277344,0.0,0.9712,0.9658,0.00065,0.000869,0.001279,3.858218,14.382183,0.00016949
3689152512,248862.1,0.004194,0.063887,0.000773,-0.273438,0.0,0.9713,0.9666,0.000656,0.000789,0.001075,3.92933,14.257915,0.00015561
3689938944,248742.5,-0.002428,0.052215,0.000764,-0.271484,0.0,0.9714,0.9669,0.00061,0.000961,0.001179,4.048613,13.971878,0.00017275
3690725376,248625.3,0.002764,0.05954,0.000771,-0.265625,0.0,0.971,0.9664,0.000554,0.000595,0.000844,3.996222,14.195312,0.00017506
3691511808,247732.7,-0.004809,0.070058,0.000854,-0.273438,0.0,0.9709,0.9664,0.000987,0.000978,0.001431,3.64836,14.584324,0.0001726
3692298240,247620.4,-0.003801,0.06374,0.000859,-0.273438,0.0,0.9709,0.9663,0.000787,0.000845,0.001131,3.74958,14.494232,0.0001666
3693084672,247496.0,-0.006008,0.054315,0.00083,-0.269531,0.0,0.9708,0.9656,0.0009,0.000891,0.001178,3.809719,14.271292,0.00021292
3693871104,246927.3,-0.003507,0.052599,0.000859,-0.271484,0.0,0.9706,0.9653,0.000708,0.000993,0.001128,3.899848,13.847044,0.00017138
3694657536,246814.4,0.001541,0.04279,0.000831,-0.265625,0.0,0.9704,0.9654,0.000628,0.00081,0.001087,3.921292,13.918228,0.00018095
3695443968,246701.4,-0.004713,0.042157,0.000823,-0.275391,0.0,0.9703,0.9655,0.000635,0.000674,0.000901,3.621295,14.333755,0.00018585
3696230400,246588.3,-0.003343,0.045745,0.000816,-0.277344,0.0,0.9697,0.9649,0.000502,0.000626,0.000766,3.900989,14.357094,0.00016411
3697016832,245986.3,-0.005027,0.065509,0.000803,-0.28125,0.0,0.97,0.9657,0.000648,0.000774,0.001078,4.070933,14.411526,0.00016237
3697803264,245871.7,-0.005143,0.043273,0.000777,-0.273438,0.0,0.9699,0.9665,0.000475,0.000561,0.000839,3.950634,14.264223,0.00015836
3698589696,245760.0,-0.00293,0.049407,0.000785,-0.273438,0.0,0.9698,0.9673,0.000458,0.000764,0.000881,4.036322,14.189296,0.0001739
3699376128,245271.7,-0.00415,0.052927,0.000801,-0.285156,0.0,0.9698,0.9678,0.000683,0.000742,0.00095,3.948144,14.675898,0.00017868
3700162560,245158.8,-0.001313,0.057145,0.000859,-0.292969,0.0,0.9697,0.9679,0.000675,0.00084,0.001259,4.060582,14.598643,0.00016703
3700948992,245049.9,-0.00135,0.051391,0.000859,-0.292969,0.0,0.969,0.9663,0.000604,0.00083,0.000957,4.135325,14.500738,0.00017993
3701735424,244941.3,-0.0004,0.05797,0.000865,-0.296875,0.0,0.9689,0.9659,0.000631,0.000787,0.000891,4.171284,14.36981,0.00017804
3702521856,244374.5,-0.00346,0.054703,0.000853,-0.291016,0.0,0.9688,0.9655,0.00063,0.00086,0.001188,4.202972,13.472328,0.00018415
3703308288,244267.6,0.002493,0.06781,0.000858,-0.269531,0.0,0.9683,0.9637,0.000981,0.000703,0.001121,4.063747,13.835487,0.0001834
3704094720,244160.8,-0.006439,0.028888,0.000855,-0.261719,0.0,0.9684,0.9641,0.000632,0.000609,0.000871,3.681781,14.444464,0.00016728
3704881152,243582.2,-0.006601,0.050964,0.000845,-0.269531,0.0,0.9684,0.9641,0.000563,0.00071,0.001101,3.655708,14.883128,0.00016672
3705667584,243472.2,0.008306,0.054831,0.000784,-0.267578,0.0,0.9685,0.9641,0.000877,0.000668,0.001089,3.927473,14.285309,0.00018305
3706454016,243362.6,0.001455,0.048636,0.000791,-0.265625,0.0,0.9688,0.9643,0.00056,0.000706,0.000912,3.884199,14.184875,0.00015216
3707240448,243253.4,-0.003354,0.034267,0.000787,-0.269531,0.0,0.9688,0.9648,0.000574,0.000606,0.000929,4.015036,13.994422,0.00017448
3708026880,242765.7,-0.003527,0.060159,0.000806,-0.275391,0.0,0.9692,0.9652,0.000829,0.000747,0.000902,3.873733,14.504225,0.00017343
3708813312,242657.3,0.00176,0.062042,0.000794,-0.271484,0.0,0.969,0.9641,0.000768,0.000635,0.000933,3.666541,14.612826,0.00017507
3709599744,242549.4,0.000835,0.055946,0.000809,-0.275391,0.0,0.9692,0.9641,0.000628,0.000613,0.000879,3.798496,14.50738,0.00018902
3710386176,241980.8,0.001673,0.059495,0.000805,-0.271484,0.0,0.9696,0.9647,0.000654,0.000697,0.000854,3.807463,14.173674,0.00020094
3711172608,241873.8,0.003283,0.041172,0.000799,-0.261719,0.0,0.97,0.9657,0.000565,0.000688,0.000812,4.032607,14.186351,0.0001705
3711959040,241766.0,-0.003615,0.038181,0.000805,-0.263672,0.0,0.9701,0.9667,0.000497,0.000684,0.000711,3.722889,14.458065,0.00018304
3712745472,241658.7,-0.008635,0.041532,0.000818,-0.267578,0.0,0.9707,0.9688,0.000573,0.000854,0.001094,3.795561,14.837286,0.00017955
3713531904,241085.4,-0.002827,0.065241,0.000828,-0.273438,0.0,0.9708,0.9691,0.000682,0.000768,0.001174,3.873904,14.729145,0.00017026
3714318336,240980.5,0.00647,0.059734,0.000831,-0.267578,0.0,0.9713,0.97,0.000996,0.000946,0.001695,4.130209,14.726089,0.00018115
3715104768,240875.9,-0.001504,0.055157,0.000809,-0.267578,0.0,0.9715,0.97,0.00062,0.000873,0.001089,4.254289,14.521196,0.00019237
3715891200,240372.0,0.004179,0.072283,0.000817,-0.269531,0.0,0.9719,0.9702,0.000516,0.000707,0.000788,4.130788,14.548209,0.0001885
3716677632,240268.0,0.000753,0.055231,0.000857,-0.265625,0.0,0.9719,0.9699,0.000682,0.001145,0.001019,3.641822,14.930736,0.00019861
3717464064,240162.9,-0.000164,0.041719,0.000864,-0.257812,0.0,0.9714,0.9696,0.000598,0.000981,0.000938,3.822512,14.842784,0.0002097
3718250496,240058.9,-0.004359,0.041058,0.000871,-0.259766,0.0,0.9715,0.9698,0.000484,0.000791,0.00106,3.520958,14.75119,0.00017615
3719036928,239614.4,-0.00258,0.052981,0.000858,-0.263672,0.0,0.9713,0.9698,0.000719,0.000443,0.00079,4.013449,14.582403,0.00017687
3719823360,239513.9,-0.004356,0.04431,0.000813,-0.257812,0.0,0.9714,0.9702,0.000604,0.000576,0.00097,4.011189,14.590693,0.00018295
3720609792,239412.1,0.002961,0.031725,0.000825,-0.257812,0.0,0.9712,0.9703,0.000572,0.000619,0.001035,3.717145,14.931792,0.00017247
3721396224,239310.6,-0.002128,0.040328,0.000825,-0.253906,0.0,0.9713,0.9713,0.00098,0.001069,0.001129,3.833029,15.022803,0.0001795
3722182656,238815.7,-0.001248,0.052826,0.000789,-0.267578,0.0,0.972,0.9726,0.000562,0.000558,0.000895,3.838185,15.053157,0.000166
3722969088,238699.8,-0.0016,0.049461,0.000778,-0.267578,0.0,0.972,0.9728,0.000565,0.00067,0.000777,3.910059,14.756371,0.0001917
3723755520,238591.5,0.00253,0.039126,0.000804,-0.269531,0.0,0.9723,0.9735,0.000474,0.000706,0.000757,4.019862,14.744236,0.00017622
3724541952,238025.9,-0.004211,0.067854,0.000774,-0.269531,0.0,0.9723,0.9734,0.000519,0.000753,0.001014,3.471127,14.629882,0.00017663
3725328384,237912.8,0.001925,0.045788,0.00078,-0.24707,0.0,0.9724,0.9736,0.00053,0.000703,0.000991,3.513764,14.702951,0.00017161
3726114816,237812.4,-0.002079,0.034012,0.000802,-0.25,0.0,0.9725,0.9744,0.000515,0.000531,0.000921,3.444671,14.80843,0.00018644
3726901248,237713.4,-0.008654,0.041718,0.000827,-0.253906,0.0,0.9724,0.9743,0.000594,0.000614,0.000878,3.6731,14.613043,0.00015327
3727687680,237157.9,-0.002428,0.048322,0.000865,-0.267578,0.0,0.9727,0.975,0.000551,0.000663,0.001061,4.124876,14.272589,0.00018206
3728474112,237056.0,-0.000332,0.040668,0.000853,-0.263672,0.0,0.9722,0.9741,0.000557,0.000639,0.000703,4.10427,14.379082,0.00017189
3729260544,236946.1,-0.00353,0.041568,0.000854,-0.265625,0.0,0.9723,0.9744,0.000537,0.000671,0.001009,3.67366,14.780369,0.00018202
3730046976,236439.8,-0.007284,0.054203,0.000826,-0.269531,0.0,0.9722,0.9745,0.000493,0.000609,0.00086,3.813346,15.300018,0.00016369
3730833408,236331.9,-0.005299,0.04673,0.000756,-0.263672,0.0,0.9723,0.9747,0.000522,0.000751,0.000564,3.845131,14.840663,0.00016923
3731619840,236225.5,0.00117,0.055776,0.000757,-0.259766,0.0,0.9723,0.9742,0.000767,0.000804,0.001271,3.947097,14.749058,0.00017703
3732406272,236125.4,0.002111,0.042197,0.000748,-0.263672,0.0,0.9724,0.974,0.000567,0.000753,0.000663,3.948404,14.520027,0.00015445
3733192704,235622.3,0.007158,0.050515,0.00082,-0.259766,0.0,0.9723,0.9742,0.000579,0.0006,0.001027,3.659619,14.522246,0.00015999
3733979136,235522.8,-0.002109,0.058046,0.000825,-0.259766,0.0,0.9724,0.9744,0.000703,0.000666,0.000901,3.81926,14.772684,0.00019025
3734765568,235422.0,0.000154,0.052072,0.00085,-0.261719,0.0,0.9722,0.9741,0.000502,0.00053,0.000815,3.763088,14.764795,0.00016866
3735552000,234940.9,-0.000339,0.042667,0.000868,-0.261719,0.0,0.9723,0.9751,0.000688,0.000519,0.000757,3.867687,14.503616,0.00018406
3736338432,234843.5,-0.008134,0.033217,0.000876,-0.261719,0.0,0.9722,0.9751,0.000453,0.000592,0.000765,4.095014,14.63824,0.00017421
3737124864,234745.7,6.1e-05,0.052622,0.000912,-0.261719,0.0,0.9726,0.9762,0.000547,0.000673,0.000872,3.932148,14.536799,0.00018202
3737911296,234647.8,-0.003338,0.038673,0.000879,-0.261719,0.0,0.9727,0.9766,0.000618,0.000595,0.000878,3.787926,15.129275,0.00017101
3738697728,234076.9,-0.001721,0.064882,0.000873,-0.267578,0.0,0.9728,0.9766,0.000622,0.000727,0.00085,3.717622,14.943146,0.0001716
3739484160,233977.4,-0.010568,0.038708,0.000877,-0.263672,0.0,0.9728,0.9765,0.000621,0.00059,0.00102,3.910632,14.937179,0.00018957
3740270592,233878.6,-0.001703,0.046141,0.000872,-0.263672,0.0,0.9729,0.977,0.000465,0.000581,0.000722,3.87156,14.705123,0.00020304
3741057024,233353.4,0.004828,0.043145,0.000884,-0.259766,0.0,0.9726,0.9765,0.000446,0.000498,0.000673,4.239606,14.289779,0.00016484
3741843456,233257.5,-3e-06,0.049287,0.000909,-0.267578,0.0,0.9726,0.9762,0.000522,0.00086,0.001176,3.858517,15.024462,0.00017062
3742629888,233160.4,0.006839,0.050425,0.000898,-0.265625,0.0,0.9723,0.9759,0.000452,0.000727,0.000843,3.867063,14.898112,0.00019132
3743416320,233064.1,0.005989,0.054321,0.000907,-0.259766,0.0,0.9723,0.9758,0.000461,0.000728,0.000899,3.712457,15.005098,0.00018421
3744202752,232591.4,0.002081,0.073059,0.000884,-0.267578,0.0,0.9725,0.9762,0.000611,0.000919,0.000882,4.024083,14.707766,0.00017866
3744989184,232493.5,-0.003138,0.051265,0.000846,-0.265625,0.0,0.9725,0.9759,0.000461,0.000713,0.000781,4.191384,14.524029,0.00018624
3745775616,232397.6,0.00079,0.062525,0.000852,-0.265625,0.0,0.9726,0.9754,0.000693,0.000681,0.000756,3.724573,14.803665,0.0001897
3746562048,232300.9,-0.002015,0.044434,0.000825,-0.267578,0.0,0.9729,0.9756,0.000691,0.000763,0.000736,3.917184,14.802951,0.00018345
3747348480,231834.5,-0.003576,0.070817,0.00082,-0.275391,0.0,0.9731,0.9746,0.000545,0.000861,0.001151,3.946365,14.928085,0.00016857
3748134912,231736.1,-0.001183,0.061759,0.000819,-0.277344,0.0,0.9733,0.9728,0.000687,0.000918,0.001251,3.99333,14.729937,0.00019408
3748921344,231640.4,0.004207,0.065802,0.000814,-0.271484,0.0,0.9734,0.9716,0.00049,0.000565,0.000831,4.182826,14.720687,0.00018277
3749707776,231172.2,0.006619,0.087209,0.000827,-0.273438,0.0,0.9733,0.9699,0.000744,0.000806,0.000792,3.503596,14.477764,0.00018331
3750494208,231077.1,-0.001006,0.050323,0.000839,-0.265625,0.0,0.9732,0.9689,0.000548,0.000631,0.000798,3.573222,14.405928,0.00017866
3751280640,230981.0,-0.002974,0.072966,0.000824,-0.267578,0.0,0.973,0.9678,0.000526,0.000628,0.000691,3.646052,14.302746,0.00019253
3752067072,230886.2,0.003987,0.048753,0.000834,-0.273438,0.0,0.9731,0.9678,0.000578,0.000583,0.000704,3.730159,14.32329,0.00019824
3752853504,230421.5,0.000704,0.061494,0.000846,-0.277344,0.0,0.973,0.9672,0.000655,0.000602,0.000985,4.191505,14.279032,0.00017572
3753639936,230327.2,0.004139,0.062327,0.000824,-0.273438,0.0,0.9732,0.9678,0.001013,0.000725,0.000859,4.245693,14.280767,0.00016947
3754426368,230234.8,-0.001924,0.051438,0.000826,-0.273438,0.0,0.9731,0.967,0.000619,0.000581,0.000783,4.038366,14.609228,0.00017774
3755212800,229771.0,-0.008081,0.057098,0.000813,-0.28125,0.0,0.9734,0.9672,0.000962,0.000692,0.001099,3.713407,14.747223,0.00016776
3755999232,229677.6,0.003301,0.061403,0.000797,-0.269531,0.0,0.973,0.9661,0.000681,0.000606,0.000771,3.910699,14.419462,0.00019103
3756785664,229584.5,0.008747,0.07515,0.000805,-0.267578,0.0,0.973,0.9658,0.000577,0.000753,0.00094,3.827907,14.254611,0.00016951
3757572096,229486.2,0.009315,0.073107,0.000814,-0.269531,0.0,0.9732,0.9658,0.000558,0.000719,0.001205,4.009498,13.904829,0.00019015
3758358528,229047.7,-0.006259,0.054836,0.000803,-0.275391,0.0,0.973,0.9654,0.00057,0.001049,0.000885,3.722416,14.684441,0.00016875
3759144960,228958.1,-8.8e-05,0.045642,0.000804,-0.271484,0.0,0.973,0.9656,0.000506,0.000966,0.001004,3.782507,14.822584,0.00017396
3759931392,228868.4,0.002635,0.043464,0.000827,-0.277344,0.0,0.973,0.9658,0.000357,0.000575,0.000749,4.056179,14.760009,0.00017887
3760717824,228403.0,-0.001327,0.054544,0.000829,-0.285156,0.0,0.973,0.9659,0.000581,0.000737,0.000961,3.933674,14.381678,0.00018241
3761504256,228308.5,0.003903,0.044688,0.00082,-0.277344,0.0,0.9728,0.9659,0.00055,0.000864,0.001096,4.259431,14.310873,0.00017902
3762290688,228217.5,0.000151,0.049172,0.000822,-0.275391,0.0,0.9728,0.9663,0.000379,0.000748,0.000969,4.26663,14.602356,0.00017501
3763077120,228124.1,0.001725,0.046301,0.000821,-0.279297,0.0,0.9726,0.9666,0.000433,0.000634,0.000928,3.919231,14.999984,0.00019806
3763863552,227731.9,0.000982,0.059928,0.000803,-0.28125,0.0,0.9722,0.9661,0.000608,0.000652,0.000824,3.815797,14.82571,0.00015803
3764649984,227640.6,0.007091,0.065444,0.000826,-0.271484,0.0,0.9723,0.9658,0.000932,0.000585,0.001048,4.01057,14.910731,0.0001867
3765436416,227547.8,-0.000284,0.061165,0.000835,-0.269531,0.0,0.9719,0.9638,0.000516,0.000556,0.000875,4.136004,14.773906,0.00018285
3766222848,226907.8,-0.003275,0.054916,0.000823,-0.269531,0.0,0.9717,0.963,0.000417,0.000399,0.000772,4.480421,13.909545,0.00017724
3767009280,226817.3,-0.002374,0.055691,0.000829,-0.271484,0.0,0.9717,0.9631,0.000436,0.000556,0.000809,3.648145,14.961329,0.00018417
3767795712,226728.9,-0.000497,0.048185,0.00081,-0.269531,0.0,0.9714,0.9645,0.000495,0.000563,0.000658,3.607943,14.848559,0.00016721
3768582144,226639.9,-0.00057,0.056192,0.000806,-0.277344,0.0,0.9713,0.9664,0.000386,0.000461,0.000681,4.012672,14.75396,0.00018834
3769368576,226179.5,-0.00509,0.075443,0.000839,-0.285156,0.0,0.9713,0.9677,0.000488,0.000613,0.000897,4.049551,14.321559,0.00017814
3770155008,226085.8,0.005784,0.078129,0.000827,-0.275391,0.0,0.9709,0.9678,0.000831,0.000836,0.001179,4.195874,14.089344,0.00020021
3770941440,225993.5,-0.003235,0.062984,0.000854,-0.28125,0.0,0.9706,0.967,0.000677,0.000691,0.001055,3.853227,14.763786,0.00017935
3771727872,225896.6,0.000804,0.059507,0.000837,-0.287109,0.0,0.9702,0.9662,0.000596,0.000587,0.001016,3.678246,14.608868,0.00016309
3772514304,225466.7,0.004258,0.068761,0.000817,-0.291016,0.0,0.9702,0.9659,0.00079,0.000741,0.001174,4.060727,14.428421,0.00016766
3773300736,225379.2,-0.002499,0.056771,0.000803,-0.28125,0.0,0.9697,0.965,0.000601,0.000651,0.000972,4.112257,14.21244,0.0001815
3774087168,225291.9,-0.000175,0.065291,0.000798,-0.28125,0.0,0.9691,0.963,0.000499,0.000597,0.000926,4.180782,14.18336,0.0001852
3774873600,224800.4,0.001628,0.058212,0.000823,-0.279297,0.0,0.9689,0.9627,0.000572,0.00051,0.000842,3.834115,14.837889,0.00016926
3775660032,224712.3,0.00257,0.06458,0.000829,-0.275391,0.0,0.9688,0.9618,0.00059,0.000554,0.000882,4.059289,14.961516,0.00019406
3776446464,224622.3,-0.001658,0.042981,0.000831,-0.275391,0.0,0.9686,0.9603,0.000375,0.000428,0.000651,3.886124,14.97243,0.00017771
3777232896,224535.1,0.006341,0.072784,0.000842,-0.273438,0.0,0.9686,0.9595,0.000722,0.00065,0.00112,4.097535,14.885778,0.00019172
3778019328,223917.1,-0.002855,0.067441,0.000863,-0.279297,0.0,0.9689,0.96,0.000456,0.000656,0.000877,4.306104,14.803383,0.00017209
3778805760,223831.4,0.005084,0.062162,0.00085,-0.275391,0.0,0.9688,0.96,0.000702,0.000599,0.000929,4.374137,14.631584,0.00017641
3779592192,223745.0,0.003535,0.048709,0.000837,-0.277344,0.0,0.9689,0.9603,0.000432,0.000466,0.000677,4.136083,15.175728,0.00016851
3780378624,223189.0,-0.000509,0.055293,0.000859,-0.279297,0.0,0.9689,0.9602,0.000347,0.000487,0.000755,4.032388,15.42975,0.00018025
3781165056,223104.7,0.000402,0.040332,0.000852,-0.271484,0.0,0.9693,0.96,0.000597,0.000708,0.001022,4.024292,15.251383,0.00017149
3781951488,223021.0,-0.000682,0.038245,0.000824,-0.271484,0.0,0.969,0.9585,0.000402,0.000664,0.000695,4.133368,15.15382,0.00017796
3782737920,222935.4,-0.005543,0.037654,0.000829,-0.271484,0.0,0.9693,0.9581,0.000429,0.000544,0.00066,4.093839,14.960339,0.00018149
3783524352,222352.0,-0.00673,0.043647,0.000856,-0.271484,0.0,0.9695,0.9578,0.000401,0.000533,0.000668,4.104991,15.122349,0.00017406
3784310784,222263.9,0.0019,0.060286,0.000866,-0.265625,0.0,0.9696,0.9588,0.000436,0.000681,0.000974,3.989939,15.233127,0.00019919
3785097216,222178.3,-0.002774,0.056475,0.000854,-0.265625,0.0,0.9696,0.9594,0.000449,0.000636,0.00092,3.88059,15.385055,0.00018179
3785883648,221548.7,-0.000482,0.065973,0.000897,-0.263672,0.0,0.9696,0.9604,0.000451,0.00059,0.000702,3.81976,15.050452,0.00018468
3786670080,221462.4,0.000389,0.070749,0.000861,-0.261719,0.0,0.9696,0.9589,0.000935,0.000982,0.001363,4.131236,15.072268,0.00017986
3787456512,221379.8,0.001705,0.077369,0.000856,-0.261719,0.0,0.9697,0.9577,0.000507,0.000574,0.001018,4.09416,14.881386,0.00017631
3788242944,221295.9,-0.003066,0.072431,0.000838,-0.265625,0.0,0.9697,0.956,0.000561,0.000557,0.000802,3.87745,14.999506,0.00017005
3789029376,220636.4,0.002681,0.070468,0.000813,-0.275391,0.0,0.9697,0.9553,0.000381,0.000603,0.000688,3.980693,15.209216,0.00018043
3789815808,220548.4,-0.003916,0.05603,0.000773,-0.271484,0.0,0.9701,0.9562,0.000439,0.000859,0.000811,4.0695,15.123795,0.00018149
3790602240,220463.8,0.00066,0.048077,0.000781,-0.271484,0.0,0.9703,0.957,0.000357,0.000681,0.000661,4.116609,15.090205,0.00018013
3791388672,219911.9,0.00119,0.052286,0.00076,-0.265625,0.0,0.9708,0.9585,0.000294,0.000808,0.000878,4.790579,13.935301,0.00016739
3792175104,219829.4,-0.000889,0.048198,0.000807,-0.271484,0.0,0.9711,0.9593,0.000549,0.000585,0.000798,4.035061,15.225917,0.00017724
3792961536,219748.9,-0.000885,0.049269,0.000808,-0.271484,0.0,0.9718,0.9606,0.000745,0.000681,0.001024,3.922047,15.435061,0.00017723
3793747968,219667.4,-0.000683,0.057735,0.000811,-0.271484,0.0,0.972,0.961,0.000508,0.00056,0.000764,4.123831,15.108463,0.00020244
3794534400,219140.8,0.000409,0.064748,0.000857,-0.275391,0.0,0.9721,0.9611,0.000477,0.000592,0.000687,4.191882,14.712008,0.00018802
3795320832,219055.6,-0.005818,0.047698,0.000873,-0.267578,0.0,0.9725,0.9627,0.000309,0.000643,0.000803,4.237031,14.748435,0.00018662
3796107264,218974.7,-0.004469,0.048412,0.000866,-0.259766,0.0,0.9725,0.9628,0.000503,0.000736,0.000878,4.041451,14.686797,0.00020558
3796893696,218887.6,0.004304,0.064288,0.000858,-0.265625,0.0,0.9722,0.9629,0.000464,0.000608,0.000743,3.845268,15.408885,0.00018913
3797680128,218364.3,-0.007084,0.061126,0.000802,-0.271484,0.0,0.9722,0.9625,0.000335,0.00051,0.000738,3.989338,15.259665,0.00017353
3798466560,218282.8,-0.006656,0.045321,0.000794,-0.265625,0.0,0.9721,0.9623,0.000568,0.000704,0.000956,3.990768,15.11576,0.00016868
3799252992,218201.8,0.00296,0.063842,0.000811,-0.265625,0.0,0.972,0.9615,0.000439,0.000629,0.000875,4.040245,15.198767,0.0001804
3800039424,217722.5,0.003495,0.065852,0.000824,-0.279297,0.0,0.9723,0.962,0.000453,0.000545,0.000758,4.350739,14.79611,0.00018412
3800825856,217639.3,-0.008324,0.057303,0.000838,-0.289062,0.0,0.9718,0.9616,0.000525,0.000635,0.000872,4.25127,15.385679,0.00017261
3801612288,217559.4,-0.005894,0.055074,0.000843,-0.287109,0.0,0.9716,0.9615,0.000471,0.000655,0.000859,4.386793,15.318953,0.00018026
3802398720,217481.2,-0.002421,0.080189,0.000818,-0.287109,0.0,0.9717,0.9616,0.0004,0.000567,0.000759,4.272389,15.442405,0.00020741
3803185152,217051.7,0.001237,0.052521,0.000817,-0.287109,0.0,0.9718,0.9624,0.000431,0.000536,0.000852,4.609186,14.928508,0.00017701
3803971584,216973.3,-0.001667,0.050562,0.000799,-0.28125,0.0,0.9713,0.9614,0.000466,0.000462,0.000643,4.658969,14.91526,0.00017182
3804758016,216894.8,0.004642,0.049544,0.000784,-0.277344,0.0,0.9711,0.9616,0.000369,0.000442,0.000709,4.205827,15.335864,0.00016425
3805544448,216451.5,0.00041,0.060039,0.000804,-0.28125,0.0,0.971,0.9617,0.000617,0.000584,0.000711,4.04864,15.507099,0.0001534
3806330880,216374.3,-0.004021,0.052766,0.000808,-0.28125,0.0,0.9711,0.9622,0.000443,0.000505,0.000649,4.054262,15.024432,0.00016544
3807117312,216297.1,0.000946,0.054846,0.000806,-0.279297,0.0,0.9707,0.9627,0.000655,0.000557,0.000677,4.231557,14.921186,0.00017605
3807903744,216219.9,-0.002661,0.050283,0.000823,-0.277344,0.0,0.9708,0.9647,0.000567,0.000646,0.000911,4.235563,14.765551,0.00018125
3808690176,215836.0,0.001528,0.063646,0.000851,-0.277344,0.0,0.9708,0.9658,0.000604,0.000825,0.000918,4.085663,15.320753,0.00018337
3809476608,215756.7,-0.006703,0.039724,0.000854,-0.28125,0.0,0.9703,0.9661,0.000504,0.00077,0.001007,4.018026,15.361917,0.00017381
3810263040,215677.6,0.00229,0.034901,0.00085,-0.279297,0.0,0.9701,0.967,0.000509,0.0007,0.001087,4.093516,15.481039,0.00016844
3811049472,215255.9,0.001521,0.058805,0.000871,-0.285156,0.0,0.9702,0.9678,0.000463,0.000529,0.000748,4.12428,15.374313,0.00018218
3811835904,215174.7,-0.008489,0.063584,0.000844,-0.283203,0.0,0.9702,0.9676,0.000796,0.000577,0.000992,4.404605,15.107199,0.00017519
3812622336,215096.3,-0.004714,0.049536,0.000845,-0.283203,0.0,0.9699,0.9676,0.000595,0.000424,0.00062,4.454075,14.976751,0.00016134
3813408768,215017.3,-0.001718,0.041759,0.000845,-0.285156,0.0,0.9696,0.9679,0.000376,0.000515,0.000794,4.216341,15.322207,0.0001644
3814195200,214465.8,-0.006971,0.05232,0.000842,-0.28125,0.0,0.9692,0.9677,0.000307,0.000389,0.000784,3.988519,15.18335,0.00017059
3814981632,214385.0,0.00272,0.056079,0.000842,-0.269531,0.0,0.9691,0.9681,0.000466,0.000506,0.000723,4.050003,15.288195,0.0001797
3815768064,214308.7,-0.002998,0.062159,0.000837,-0.273438,0.0,0.9692,0.9691,0.000288,0.000456,0.000713,4.181125,15.174315,0.0001506
3816554496,213771.7,0.001052,0.071444,0.000831,-0.275391,0.0,0.969,0.9692,0.000408,0.000477,0.000833,4.864973,14.080748,0.00016827
3817340928,213690.5,-0.000449,0.039623,0.000834,-0.287109,0.0,0.9691,0.9699,0.000396,0.000484,0.000594,4.060259,15.188795,0.00016839
3818127360,213614.9,0.007627,0.042604,0.000829,-0.287109,0.0,0.9688,0.9702,0.000366,0.000546,0.00067,4.140445,15.162008,0.00017073
3818913792,213539.0,-0.003228,0.02944,0.000833,-0.287109,0.0,0.9688,0.9707,0.000379,0.000467,0.000578,4.150691,14.826017,0.00018164
3819700224,213027.4,0.002229,0.08339,0.000861,-0.291016,0.0,0.9689,0.9711,0.000409,0.000522,0.000647,4.348203,14.748584,0.00017369
3820486656,212952.4,-0.003666,0.070459,0.000853,-0.292969,0.0,0.9688,0.9707,0.000675,0.000736,0.001011,4.497612,14.622686,0.00017137
3821273088,212878.0,-0.00192,0.064818,0.000785,-0.292969,0.0,0.9684,0.9702,0.000534,0.0007,0.000758,4.51926,14.479719,0.00020158
3822059520,212803.7,-0.00114,0.066055,0.00081,-0.300781,0.0,0.9682,0.9704,0.000492,0.000577,0.000797,3.988699,14.943798,0.00015989
3822845952,212293.7,-0.002544,0.08192,0.000808,-0.304688,0.0,0.9684,0.9711,0.000905,0.000635,0.001027,4.247529,14.985712,0.00016173
3823632384,212220.4,-0.007782,0.061992,0.000807,-0.296875,0.0,0.9682,0.9705,0.000549,0.000772,0.001074,4.536413,14.698146,0.00018421
3824418816,212145.1,-0.006543,0.057394,0.000833,-0.296875,0.0,0.9676,0.9686,0.000556,0.000665,0.000792,4.533513,14.585306,0.00017231
3825205248,211678.5,0.002181,0.061928,0.000841,-0.291016,0.0,0.9675,0.9684,0.000408,0.000491,0.000716,4.54594,14.253058,0.0001743
3825991680,211604.6,-0.000892,0.087697,0.000832,-0.275391,0.0,0.9675,0.9679,0.00076,0.000652,0.000748,3.876992,15.366491,0.00018446
3826778112,211530.9,-0.000521,0.052347,0.000833,-0.277344,0.0,0.9674,0.9676,0.000553,0.000562,0.000654,4.032734,15.286673,0.00017014
3827564544,211457.5,0.000576,0.043445,0.000841,-0.275391,0.0,0.9676,0.9679,0.000272,0.000557,0.000505,3.990025,15.014389,0.0001822
3828350976,210986.4,-0.006099,0.048648,0.00084,-0.277344,0.0,0.968,0.9686,0.0005,0.00071,0.000777,4.208325,14.886416,0.00016614
3829137408,210907.8,-0.006698,0.041647,0.000856,-0.273438,0.0,0.9678,0.968,0.000367,0.000541,0.000537,4.232498,14.895896,0.00017725
3829923840,210830.2,-0.000548,0.042939,0.000837,-0.271484,0.0,0.9684,0.9685,0.000438,0.000506,0.000707,3.953199,15.123745,0.00017056
3830710272,210345.0,-0.00608,0.063896,0.000853,-0.285156,0.0,0.9685,0.968,0.000395,0.000431,0.000527,4.042256,15.539268,0.00017566
3831496704,210272.5,0.00149,0.066771,0.000822,-0.28125,0.0,0.9683,0.9662,0.000587,0.000762,0.000686,3.974964,15.402876,0.00017061
3832283136,210200.1,0.006507,0.07868,0.000819,-0.285156,0.0,0.9683,0.9653,0.000556,0.000579,0.000612,4.342419,15.215637,0.00016566
3833069568,210127.5,0.006877,0.10073,0.000805,-0.285156,0.0,0.9684,0.9629,0.000986,0.000795,0.000954,4.322739,15.08863,0.00018018
3833856000,209700.6,0.001448,0.059694,0.000848,-0.279297,0.0,0.9687,0.9632,0.000441,0.000421,0.00048,3.893735,15.434301,0.00018868
3834642432,209628.7,-0.001851,0.038709,0.000854,-0.271484,0.0,0.9687,0.9627,0.000275,0.000322,0.000487,3.877546,15.28289,0.00018789
3835428864,209547.2,0.002242,0.040755,0.000847,-0.261719,0.0,0.9684,0.9617,0.000362,0.000392,0.000452,4.029294,15.255884,0.00017002
3836215296,209095.3,0.000124,0.055957,0.00089,-0.269531,0.0,0.9687,0.9622,0.00025,0.000309,0.000544,4.025353,15.212096,0.00016542
3837001728,209025.0,-0.00389,0.066798,0.000855,-0.271484,0.0,0.9689,0.9616,0.000482,0.000468,0.000809,4.20956,14.955944,0.00018891
3837788160,208954.6,9.2e-05,0.081012,0.000828,-0.28125,0.0,0.9692,0.9608,0.000475,0.00051,0.0007,4.407328,14.713142,0.00018629
3838574592,208884.8,-0.001331,0.065157,0.000868,-0.285156,0.0,0.9693,0.9595,0.000326,0.000509,0.000685,3.987118,15.160045,0.00015903
3839361024,208374.6,0.002791,0.083466,0.000864,-0.287109,0.0,0.9694,0.9588,0.000408,0.000498,0.000794,3.86943,15.440443,0.00018571
3840147456,208300.9,0.001099,0.05932,0.000874,-0.277344,0.0,0.9692,0.958,0.000323,0.000445,0.000598,4.096468,15.298113,0.00017694
3840933888,208230.6,0.000879,0.054801,0.000873,-0.275391,0.0,0.9692,0.9583,0.000356,0.000449,0.00064,4.161674,15.139784,0.0001834
3841720320,207777.8,0.000294,0.067677,0.000884,-0.275391,0.0,0.9696,0.9587,0.00044,0.000506,0.000613,4.647691,13.789989,0.00018083
3842506752,207708.0,0.008927,0.060056,0.000881,-0.267578,0.0,0.97,0.9591,0.000325,0.000406,0.000615,3.968102,14.966292,0.00017666
3843293184,207632.6,-0.002462,0.0383,0.000886,-0.263672,0.0,0.97,0.9592,0.000449,0.00039,0.000756,3.74104,15.298282,0.00017345
3844079616,207549.9,0.002008,0.04833,0.000886,-0.267578,0.0,0.971,0.9613,0.000345,0.000431,0.000567,3.911422,15.384344,0.00017663
3844866048,207071.8,0.005655,0.063211,0.000868,-0.265625,0.0,0.9713,0.9622,0.000289,0.000349,0.000534,3.91843,14.887136,0.00017559
3845652480,206998.0,-0.001973,0.063087,0.000816,-0.257812,0.0,0.9713,0.9618,0.000358,0.000451,0.000637,4.016071,14.657803,0.0001845
3846438912,206928.4,0.000548,0.05267,0.000813,-0.257812,0.0,0.9713,0.9624,0.000334,0.000433,0.000669,3.994762,14.756195,0.00018491
3847225344,206859.0,0.000315,0.058039,0.000799,-0.253906,0.0,0.9713,0.9619,0.000275,0.000352,0.000564,3.671501,15.12027,0.00017532
3848011776,206430.0,0.003152,0.061695,0.000845,-0.265625,0.0,0.9713,0.9616,0.000512,0.000381,0.000541,3.85948,15.479712,0.00018303
3848798208,206362.5,-0.001264,0.061714,0.000843,-0.263672,0.0,0.971,0.9611,0.00039,0.000476,0.000632,3.926484,15.227196,0.00019722
3849584640,206295.2,-0.005978,0.044949,0.000854,-0.265625,0.0,0.9706,0.96,0.000318,0.000485,0.000765,3.943594,15.155871,0.00019503
3850371072,205831.8,-0.004947,0.05986,0.000871,-0.265625,0.0,0.9704,0.9594,0.000385,0.000438,0.000654,4.362213,14.541395,0.00017283
3851157504,205762.6,0.000916,0.040097,0.000835,-0.261719,0.0,0.9704,0.9597,0.000559,0.000442,0.000656,3.805087,15.320772,0.00016576
3851943936,205693.1,-0.005131,0.047344,0.000827,-0.259766,0.0,0.9704,0.9611,0.000408,0.000418,0.000544,3.997852,15.279713,0.00017894
3852730368,205624.5,3.6e-05,0.043705,0.000843,-0.263672,0.0,0.9702,0.9621,0.000522,0.000419,0.000574,3.856165,15.404678,0.00019124
3853516800,205170.0,0.000417,0.052473,0.000873,-0.275391,0.0,0.9704,0.9637,0.000404,0.000387,0.0006,4.151692,15.010698,0.00016579
3854303232,205102.9,-0.001652,0.051312,0.000852,-0.273438,0.0,0.9704,0.965,0.000588,0.000477,0.000623,4.163151,14.958328,0.00016007
3855089664,205035.1,-0.003434,0.036575,0.000853,-0.275391,0.0,0.9701,0.9641,0.000394,0.000518,0.000648,4.121447,15.031048,0.00017673
3855876096,204553.2,-0.000618,0.060252,0.000829,-0.271484,0.0,0.97,0.9639,0.000331,0.000363,0.00068,3.865534,15.453586,0.00017151
3856662528,204486.0,-0.001002,0.049111,0.000815,-0.265625,0.0,0.9701,0.9634,0.000402,0.000452,0.000678,4.161083,15.185344,0.00019167
3857448960,204418.9,-0.000933,0.069431,0.000849,-0.271484,0.0,0.9701,0.9635,0.000342,0.000407,0.000696,4.104943,15.017502,0.0001772
3858235392,204352.2,-0.004749,0.049291,0.000815,-0.275391,0.0,0.9702,0.9639,0.000436,0.000452,0.00069,4.218729,15.022494,0.00019084
3859021824,203944.8,-0.005546,0.05875,0.000845,-0.277344,0.0,0.9705,0.9654,0.000398,0.0004,0.000646,4.367447,14.708618,0.00018698
3859808256,203878.5,-0.002682,0.052819,0.000813,-0.275391,0.0,0.9702,0.9659,0.000266,0.000378,0.000632,3.937328,15.57626,0.00019015
3860594688,203812.4,-0.000465,0.045809,0.00081,-0.269531,0.0,0.9702,0.9663,0.000343,0.000482,0.000647,3.912143,15.518202,0.00018163
3861381120,203399.1,-0.001469,0.055494,0.000841,-0.275391,0.0,0.9704,0.9669,0.000335,0.000506,0.000608,4.120136,15.247625,0.0001746
3862167552,203330.3,-0.004754,0.049003,0.000832,-0.273438,0.0,0.9703,0.966,0.000531,0.000518,0.000865,4.398237,14.958629,0.00017177
3862953984,203258.2,0.000953,0.073788,0.000859,-0.275391,0.0,0.9699,0.9648,0.000434,0.000532,0.000728,4.376768,14.9473,0.00017382
3863740416,203192.1,0.003928,0.066884,0.00084,-0.275391,0.0,0.9699,0.9646,0.000297,0.000556,0.000825,3.980426,15.289763,0.00018118
3864526848,202832.3,-5.3e-05,0.068359,0.000844,-0.28125,0.0,0.9697,0.9636,0.00034,0.000472,0.000632,4.003831,15.646368,0.00018766
3865313280,202766.0,-0.002952,0.046882,0.000862,-0.277344,0.0,0.9694,0.9624,0.000356,0.000545,0.000588,4.044065,15.582151,0.00018781
3866099712,202700.2,0.005279,0.05109,0.000835,-0.275391,0.0,0.9696,0.9618,0.000328,0.000414,0.000575,4.390942,15.334166,0.00020624
3866886144,202315.5,0.005343,0.068322,0.000858,-0.277344,0.0,0.9699,0.9616,0.000383,0.000367,0.000559,4.818778,14.04995,0.00017893
3867672576,202250.3,-8.6e-05,0.043088,0.000798,-0.271484,0.0,0.9701,0.9625,0.000304,0.000296,0.000381,3.949509,15.164977,0.00019527
3868459008,202184.0,0.000192,0.049099,0.000835,-0.273438,0.0,0.97,0.9626,0.000217,0.000308,0.000468,3.895936,15.206164,0.00020266
3869245440,202118.7,0.002004,0.036748,0.000841,-0.271484,0.0,0.9706,0.9644,0.000307,0.000316,0.000455,3.911324,15.038116,0.00018025
3870031872,201619.1,0.000114,0.05242,0.000846,-0.271484,0.0,0.971,0.9656,0.00032,0.00034,0.000379,4.30609,15.033257,0.00017773
3870818304,201553.3,-0.000952,0.025019,0.000819,-0.263672,0.0,0.9712,0.9669,0.000182,0.000278,0.000383,4.142203,15.125092,0.00019188
3871604736,201486.1,0.000492,0.02868,0.000849,-0.263672,0.0,0.9713,0.9676,0.000254,0.00033,0.000538,4.107365,15.158381,0.00017523
3872391168,201421.7,-0.000438,0.026464,0.000824,-0.257812,0.0,0.9716,0.9688,0.000281,0.000323,0.000444,4.023399,15.443705,0.00020342
3873177600,200940.1,0.002055,0.069957,0.000834,-0.273438,0.0,0.9717,0.9682,0.000512,0.000407,0.000472,3.968814,15.500547,0.0001891
3873964032,200875.7,-0.00375,0.037961,0.000857,-0.267578,0.0,0.9717,0.9677,0.00023,0.000352,0.000416,3.924364,15.168404,0.00018516
3874750464,200810.6,0.002292,0.048943,0.000865,-0.269531,0.0,0.972,0.968,0.000203,0.000304,0.000402,4.076686,15.140689,0.00018094
3875536896,200449.1,0.000423,0.060023,0.000846,-0.28125,0.0,0.9722,0.9682,0.00033,0.000432,0.000575,4.350685,14.771471,0.00017037
3876323328,200379.6,-0.000913,0.078117,0.000805,-0.277344,0.0,0.9721,0.9678,0.000331,0.000487,0.000522,3.896997,15.182567,0.00017268
3877109760,200311.0,0.00317,0.075442,0.00081,-0.277344,0.0,0.972,0.9676,0.000369,0.000413,0.000544,4.190091,15.110896,0.00017153
3877896192,200243.4,-0.004104,0.066883,0.000808,-0.279297,0.0,0.9719,0.9674,0.000325,0.00042,0.000505,4.038773,15.17482,0.00017995
3878682624,199848.9,0.001314,0.066233,0.000866,-0.275391,0.0,0.9718,0.9668,0.000502,0.000574,0.000665,4.075596,15.099058,0.00019296
3879469056,199784.9,0.006019,0.049258,0.000877,-0.269531,0.0,0.9718,0.9664,0.000379,0.000588,0.000602,4.316858,14.930307,0.00019059
3880255488,199721.6,0.002482,0.056009,0.000858,-0.273438,0.0,0.9719,0.9661,0.00032,0.000413,0.000546,4.465961,14.945536,0.00019333
3881041920,199411.5,0.00013,0.048585,0.00083,-0.283203,0.0,0.972,0.966,0.00022,0.000344,0.000363,4.406044,15.42688,0.00015971
3881828352,199349.3,-0.001622,0.059744,0.000772,-0.292969,0.0,0.9724,0.9667,0.000376,0.000381,0.000587,4.299132,15.281343,0.00016921
3882614784,199287.4,0.003811,0.067818,0.000757,-0.298828,0.0,0.9729,0.9681,0.000273,0.000351,0.000516,4.647245,14.969592,0.00018032
3883401216,199225.5,0.001909,0.047153,0.000745,-0.304688,0.0,0.9732,0.9685,0.000305,0.000354,0.000459,4.623774,15.076071,0.00018903
3884187648,198795.4,0.000566,0.064654,0.000793,-0.308594,0.0,0.9733,0.9692,0.000256,0.0004,0.000446,5.036475,15.04731,0.00017164
3884974080,198734.4,-0.005596,0.062708,0.000793,-0.300781,0.0,0.9733,0.9693,0.000283,0.00044,0.000498,4.379867,15.604536,0.00017409
3885760512,198671.9,-0.002639,0.049624,0.000774,-0.302734,0.0,0.9731,0.9693,0.000227,0.000437,0.000472,4.582467,15.48926,0.00018314
3886546944,198218.4,-0.00167,0.056608,0.000811,-0.298828,0.0,0.9728,0.9693,0.000285,0.00031,0.000392,4.245657,15.313052,0.00017575
3887333376,198156.1,0.003039,0.044893,0.000817,-0.28125,0.0,0.9728,0.9691,0.000274,0.00029,0.000395,4.309148,14.774749,0.00017941
3888119808,198093.6,0.002692,0.042268,0.000784,-0.275391,0.0,0.9727,0.9689,0.000208,0.000301,0.000367,4.397792,14.590813,0.00019046
3888906240,198029.8,-0.00104,0.041575,0.000801,-0.277344,0.0,0.9727,0.9686,0.000224,0.000228,0.000313,3.945139,15.147327,0.00018282
3889692672,197437.2,0.002969,0.077122,0.00079,-0.287109,0.0,0.9723,0.9672,0.000368,0.000387,0.000422,4.182055,15.315338,0.00018331
3890479104,197355.2,-0.004105,0.051662,0.000844,-0.28125,0.0,0.9728,0.967,0.000265,0.000374,0.000451,4.233807,15.40224,0.00018523
3891265536,197294.4,-0.006703,0.041182,0.000872,-0.279297,0.0,0.9726,0.9658,0.000254,0.000422,0.000495,4.26533,15.212545,0.00018616
3892051968,196812.8,-0.005672,0.056668,0.00083,-0.275391,0.0,0.9729,0.9656,0.000281,0.000316,0.0004,4.940701,14.259444,0.00018689
3892838400,196746.5,3.7e-05,0.072601,0.000828,-0.269531,0.0,0.9729,0.9654,0.00036,0.000308,0.000708,3.983367,15.343117,0.00018265
3893624832,196686.5,0.004327,0.073739,0.000837,-0.273438,0.0,0.9728,0.9653,0.000323,0.000392,0.000465,4.113999,15.357397,0.00017513
3894411264,196623.1,-0.00429,0.059227,0.000824,-0.273438,0.0,0.9727,0.9651,0.000276,0.000369,0.000442,4.107989,15.336647,0.00019897
3895197696,196226.1,-0.001258,0.074753,0.000875,-0.277344,0.0,0.9727,0.9648,0.00031,0.000368,0.000459,4.309528,15.610594,0.00017695
3895984128,196168.6,0.002584,0.045961,0.000915,-0.269531,0.0,0.9729,0.9659,0.000174,0.000259,0.000335,4.454717,15.327284,0.00018205
3896770560,196111.0,0.001929,0.055351,0.000872,-0.267578,0.0,0.9729,0.9668,0.000203,0.000211,0.000328,4.399758,15.279078,0.00019394
3897556992,196052.6,-0.000327,0.057252,0.000899,-0.265625,0.0,0.9732,0.9681,0.000212,0.000239,0.000381,3.960968,15.860174,0.00018043
3898343424,195669.0,-0.000254,0.072667,0.000803,-0.265625,0.0,0.9733,0.9683,0.000376,0.000529,0.00065,3.726927,15.524399,0.00016973
3899129856,195608.8,0.000457,0.052764,0.000788,-0.261719,0.0,0.973,0.9676,0.0004,0.000464,0.000501,3.884989,15.366724,0.00017882
3899916288,195550.4,0.001215,0.057491,0.000791,-0.265625,0.0,0.9731,0.9679,0.00035,0.000438,0.000565,4.020087,15.085548,0.00016753
3900702720,195016.6,-0.007414,0.04828,0.000808,-0.261719,0.0,0.973,0.968,0.000333,0.000317,0.000438,4.470471,14.908257,0.0001645
3901489152,194958.3,0.010704,0.048906,0.000849,-0.261719,0.0,0.973,0.9684,0.000302,0.00031,0.000404,3.936341,15.397339,0.00020711
3902275584,194896.9,-0.005019,0.046298,0.000855,-0.261719,0.0,0.9729,0.9687,0.000262,0.000278,0.000436,3.863729,15.51818,0.00020448
3903062016,194836.2,-0.001151,0.042276,0.000852,-0.265625,0.0,0.9729,0.9691,0.000291,0.000289,0.00037,4.152485,15.320906,0.00018759
3903848448,194367.5,-0.004883,0.040893,0.00083,-0.267578,0.0,0.973,0.9694,0.00038,0.000325,0.000495,4.020256,15.236572,0.00020202
3904634880,194309.4,-0.00143,0.042054,0.000857,-0.265625,0.0,0.9733,0.9711,0.000224,0.000229,0.000308,4.158005,15.253322,0.00016458
3905421312,194252.1,0.002946,0.046044,0.000841,-0.263672,0.0,0.9735,0.9722,0.000235,0.000286,0.000441,4.073825,15.256587,0.0001989
3906207744,193732.0,0.002255,0.066816,0.000854,-0.277344,0.0,0.9736,0.9728,0.000262,0.000287,0.000422,4.026114,15.726901,0.0001789
3906994176,193674.8,0.006787,0.076389,0.000787,-0.291016,0.0,0.9737,0.9727,0.00023,0.00056,0.000594,4.341292,15.540972,0.00017114
3907780608,193617.9,0.0045,0.071433,0.000801,-0.291016,0.0,0.9739,0.9727,0.000329,0.000361,0.000675,4.463468,15.406044,0.00016246
3908567040,193560.2,-0.007165,0.059292,0.000789,-0.300781,0.0,0.9737,0.9718,0.000393,0.000379,0.000657,4.60253,15.215617,0.00018247
3909353472,193133.8,0.000902,0.08312,0.000794,-0.291016,0.0,0.974,0.9726,0.000333,0.000322,0.000428,4.642343,14.504382,0.00017987
3910139904,193077.9,-0.003128,0.050389,0.000786,-0.28125,0.0,0.9738,0.9731,0.000182,0.000255,0.000455,4.20573,15.225439,0.00016254
3910926336,193022.1,-0.003222,0.056281,0.000786,-0.275391,0.0,0.9735,0.9728,0.000244,0.000249,0.000483,4.137331,15.473867,0.00019693
3911712768,192675.9,0.001808,0.047487,0.000808,-0.279297,0.0,0.9735,0.9736,0.000179,0.00019,0.000322,4.186297,15.546438,0.00018549
3912499200,192618.4,0.003556,0.065952,0.000852,-0.273438,0.0,0.9734,0.9731,0.000332,0.00033,0.000469,4.265779,15.387012,0.00018406
3913285632,192562.2,-0.003922,0.057313,0.000837,-0.271484,0.0,0.9732,0.973,0.000223,0.00036,0.000427,4.326731,15.371346,0.00018011
3914072064,192506.0,-0.002073,0.059172,0.000831,-0.273438,0.0,0.9733,0.9732,0.00023,0.000267,0.000373,4.21152,15.190563,0.00017972
3914858496,192076.4,0.001426,0.079247,0.000808,-0.277344,0.0,0.9732,0.9732,0.000316,0.000272,0.000453,4.105462,15.47747,0.00017338
3915644928,192021.0,-0.002803,0.064217,0.000775,-0.283203,0.0,0.973,0.9723,0.000312,0.000492,0.000553,4.101751,15.523788,0.00018805
3916431360,191966.0,0.001519,0.069676,0.000785,-0.277344,0.0,0.9728,0.9716,0.000208,0.000401,0.000446,4.226744,15.2197,0.00015996
3917217792,191558.2,-0.00257,0.065345,0.000796,-0.283203,0.0,0.973,0.972,0.000201,0.00036,0.000452,5.060029,14.557551,0.00015766
3918004224,191503.9,0.001612,0.040371,0.000839,-0.279297,0.0,0.9731,0.9729,0.000213,0.000331,0.000286,4.458783,15.056761,0.00016684
3918790656,191449.3,0.00464,0.05158,0.000844,-0.277344,0.0,0.9733,0.9741,0.000199,0.00028,0.000373,4.454831,15.769984,0.00016632
3919577088,191392.6,-0.00549,0.045335,0.000836,-0.277344,0.0,0.9736,0.9746,0.000215,0.000286,0.000321,4.284544,15.526503,0.00016759
3920363520,191065.8,0.003443,0.06701,0.000848,-0.279297,0.0,0.9736,0.9742,0.000271,0.000248,0.000332,4.146049,15.369414,0.00017734
3921149952,191012.0,0.000151,0.080234,0.00084,-0.277344,0.0,0.9735,0.9725,0.000354,0.000311,0.000644,4.367453,15.187243,0.00019428
3921936384,190958.0,0.008174,0.07454,0.000832,-0.271484,0.0,0.9735,0.9706,0.000217,0.000334,0.000387,4.607225,15.144957,0.0001815
3922722816,190903.4,0.004792,0.058412,0.000834,-0.269531,0.0,0.9734,0.969,0.000231,0.000257,0.000379,4.121105,15.468071,0.00017922
3923509248,190517.8,0.004287,0.059443,0.000831,-0.279297,0.0,0.9733,0.9685,0.00025,0.000229,0.000476,4.025489,15.302404,0.00018811
3924295680,190461.9,-0.000307,0.050647,0.000853,-0.275391,0.0,0.9732,0.9681,0.000223,0.000243,0.000404,4.159497,15.222747,0.00018864
3925082112,190406.3,0.001323,0.046464,0.000862,-0.269531,0.0,0.9731,0.9674,0.000193,0.000221,0.000396,4.183033,15.215734,0.00018081
3925868544,190029.6,-0.004204,0.053168,0.000865,-0.275391,0.0,0.9734,0.9681,0.00021,0.000171,0.0003,4.53592,15.476839,0.00018217
3926654976,189973.7,0.002157,0.047849,0.00082,-0.269531,0.0,0.9734,0.9685,0.000203,0.000188,0.000299,4.229353,15.737135,0.00017463
3927441408,189920.1,0.000131,0.058808,0.000798,-0.267578,0.0,0.9737,0.97,0.000266,0.000333,0.000459,4.075999,15.659882,0.00019563
3928227840,189865.2,-0.001434,0.04713,0.000804,-0.263672,0.0,0.974,0.9708,0.00023,0.000177,0.000286,4.171344,15.79069,0.00018337
3929014272,189519.0,0.000282,0.057491,0.000814,-0.265625,0.0,0.974,0.9701,0.000194,0.000271,0.000319,4.098931,15.547405,0.00018668
3929800704,189465.1,0.000951,0.049765,0.000797,-0.259766,0.0,0.9743,0.9701,0.000198,0.000262,0.00039,4.167193,15.443687,0.00018193
3930587136,189411.4,-0.002752,0.033006,0.000797,-0.255859,0.0,0.9745,0.9697,0.000173,0.000223,0.000377,4.25989,15.579608,0.0001718
3931373568,189035.9,-0.004938,0.060006,0.000798,-0.265625,0.0,0.9747,0.9703,0.000181,0.000199,0.000248,3.933131,15.720818,0.00017136
3932160000,188982.4,0.000342,0.064496,0.000791,-0.267578,0.0,0.9746,0.9705,0.000185,0.000264,0.000388,4.098468,15.616954,0.00018081
3932946432,188928.0,-0.001106,0.04489,0.000792,-0.269531,0.0,0.9747,0.9713,0.000197,0.000186,0.000362,4.02608,15.433561,0.00017453
3933732864,188874.7,0.001033,0.063068,0.000807,-0.269531,0.0,0.9748,0.9719,0.000233,0.000201,0.000403,4.222081,15.317032,0.00017662
3934519296,188526.3,0.004649,0.058849,0.000825,-0.271484,0.0,0.9749,0.972,0.000207,0.000193,0.000378,4.267323,15.03829,0.00018226
3935305728,188473.8,0.000436,0.058564,0.00082,-0.269531,0.0,0.9748,0.971,0.000194,0.00022,0.000348,4.043618,15.603622,0.00017342
3936092160,188421.4,0.007835,0.059339,0.000822,-0.271484,0.0,0.9751,0.9711,0.000186,0.000187,0.000364,4.118877,15.627171,0.00018158
3936878592,188010.8,0.004456,0.061795,0.000839,-0.275391,0.0,0.9748,0.9695,0.000193,0.000168,0.000358,3.95269,15.762416,0.00018004
3937665024,187957.0,-0.001655,0.049837,0.000889,-0.275391,0.0,0.9746,0.9686,0.000156,0.000218,0.000322,4.195546,15.146361,0.00019062
3938451456,187905.4,0.001377,0.051185,0.000865,-0.28125,0.0,0.9743,0.9674,0.000143,0.000218,0.000381,4.36933,15.092377,0.0001856
3939237888,187853.5,-0.003298,0.046738,0.000884,-0.285156,0.0,0.9736,0.9658,0.000159,0.000267,0.000426,4.396579,14.829002,0.00018914
3940024320,187478.1,0.0032,0.055388,0.000841,-0.289062,0.0,0.9735,0.9661,0.000166,0.000226,0.000327,4.044566,15.870505,0.0001842
3940810752,187422.1,0.005515,0.043481,0.000779,-0.275391,0.0,0.9737,0.9694,0.000117,0.000153,0.000272,4.203157,15.719971,0.00017576
3941597184,187366.9,-0.009069,0.039503,0.000779,-0.273438,0.0,0.9735,0.9707,9.5e-05,0.000132,0.000194,4.310996,15.576155,0.00018024
3942383616,186985.5,0.001986,0.044578,0.000783,-0.271484,0.0,0.9736,0.9726,0.000137,0.000123,0.000249,4.770398,14.644461,0.00017731
3943170048,186932.9,0.007109,0.044168,0.000823,-0.271484,0.0,0.9737,0.9731,0.000124,0.000153,0.000219,4.425379,15.099289,0.00018309
3943956480,186881.2,-0.000486,0.036696,0.000821,-0.271484,0.0,0.9737,0.9737,0.000109,0.000134,0.000159,4.130974,15.498332,0.00017286
3944742912,186829.4,-0.000328,0.040737,0.000822,-0.271484,0.0,0.9739,0.9743,0.0001,0.00016,0.000224,4.120358,15.700869,0.00016488
3945529344,186529.6,0.000674,0.07399,0.000826,-0.285156,0.0,0.9735,0.9735,0.000155,0.000231,0.000279,4.405649,15.033506,0.0001669
3946315776,186469.6,0.002076,0.087057,0.000829,-0.298828,0.0,0.9728,0.972,0.000184,0.000305,0.000615,4.389652,14.850635,0.00017083
3947102208,186418.9,0.001363,0.06723,0.000815,-0.302734,0.0,0.9721,0.9706,0.00014,0.000262,0.000309,4.690145,14.445814,0.00017419
3947888640,186367.6,-0.002355,0.079449,0.000801,-0.304688,0.0,0.9711,0.9688,0.000116,0.000252,0.000329,4.263201,15.066734,0.00018148
3948675072,186007.9,-0.008313,0.076635,0.000815,-0.294922,0.0,0.9708,0.9674,0.000255,0.000361,0.000537,4.23439,15.489622,0.00017661
3949461504,185956.9,-0.002287,0.061667,0.000821,-0.287109,0.0,0.9703,0.9667,0.000168,0.000242,0.000384,4.301897,15.215883,0.00018062
3950247936,185905.8,0.001073,0.049694,0.000811,-0.283203,0.0,0.9696,0.9654,0.000152,0.000211,0.000226,4.282582,15.047384,0.00016557
3951034368,185608.2,-0.001066,0.062602,0.000833,-0.279297,0.0,0.9696,0.9652,0.000175,0.000204,0.000331,4.5368,14.821082,0.0001717
3951820800,185557.5,0.002335,0.045165,0.000844,-0.265625,0.0,0.9692,0.9645,0.000156,0.000155,0.000253,4.118943,15.299532,0.00019702
3952607232,185506.5,0.002982,0.058127,0.000876,-0.263672,0.0,0.9693,0.9646,0.000138,0.000163,0.000323,3.998197,15.563468,0.00017306
3953393664,185453.4,0.005808,0.052218,0.000892,-0.263672,0.0,0.9691,0.9637,0.00013,0.0002,0.000301,3.978727,15.231184,0.00018698
3954180096,185177.2,0.002617,0.065777,0.000814,-0.275391,0.0,0.9695,0.9646,0.000111,0.000152,0.000291,4.032546,15.277557,0.00017541
3954966528,185126.7,0.000849,0.055101,0.000777,-0.263672,0.0,0.9696,0.966,0.000111,0.000185,0.000251,4.203592,15.241183,0.00017653
3955752960,185076.2,-0.00185,0.041811,0.000776,-0.259766,0.0,0.9697,0.9673,0.000112,0.000128,0.000181,4.107643,15.164344,0.00017118
3956539392,184752.4,-0.001029,0.051714,0.000823,-0.263672,0.0,0.9699,0.9684,0.000103,0.000102,0.00021,3.911547,15.759666,0.00016857
3957325824,184696.7,-0.000886,0.04062,0.000891,-0.263672,0.0,0.9702,0.9694,0.000165,0.000138,0.000238,3.926225,15.801985,0.00018618
3958112256,184646.4,-0.004015,0.040368,0.000878,-0.261719,0.0,0.9702,0.9694,0.000177,0.000146,0.000255,4.08433,15.734159,0.00019056
3958898688,184594.8,0.002888,0.046266,0.000903,-0.265625,0.0,0.9708,0.9703,0.000145,0.000128,0.000218,4.169887,15.617592,0.00017437
3959685120,184318.3,0.008576,0.059778,0.000896,-0.263672,0.0,0.9708,0.9701,8.1e-05,0.000117,0.000188,4.193109,15.167499,0.00018329
3960471552,184268.6,0.000927,0.038296,0.000898,-0.257812,0.0,0.9711,0.9699,7.5e-05,0.000104,0.000232,3.815531,15.639051,0.00018211
3961257984,184218.8,-0.001142,0.058523,0.000873,-0.261719,0.0,0.9708,0.9689,9.7e-05,9.3e-05,0.000184,3.970248,15.655101,0.00019161
3962044416,183794.6,-0.002383,0.058477,0.000859,-0.263672,0.0,0.9708,0.9688,0.000108,0.000113,0.000162,3.850215,16.023907,0.0001903
3962830848,183746.8,0.001368,0.03596,0.000775,-0.259766,0.0,0.9709,0.9687,7.4e-05,0.000113,0.000125,4.029397,15.436852,0.00017133
3963617280,183699.1,9.6e-05,0.035216,0.000771,-0.259766,0.0,0.971,0.9688,9.2e-05,0.000112,0.000143,4.131114,15.287601,0.00015302
3964403712,183650.2,0.000762,0.044455,0.000755,-0.265625,0.0,0.971,0.9685,9.3e-05,0.00013,0.00018,4.124871,15.029932,0.00017274
3965190144,183367.5,-0.002117,0.061086,0.000775,-0.271484,0.0,0.9711,0.9689,0.00012,0.000152,0.000182,3.770841,15.360991,0.00017093
3965976576,183318.0,0.003796,0.052374,0.000771,-0.267578,0.0,0.9717,0.9702,0.000113,0.00015,0.000221,4.11347,15.322551,0.0001656
3966763008,183269.5,0.007337,0.058913,0.000794,-0.271484,0.0,0.9723,0.9709,0.000125,0.000168,0.000218,4.12719,14.965742,0.00016078
3967549440,183008.4,0.002283,0.047885,0.000778,-0.277344,0.0,0.9735,0.9735,9.9e-05,0.000141,0.000217,4.545123,14.316732,0.00019607
3968335872,182960.9,0.00562,0.052877,0.000864,-0.273438,0.0,0.9735,0.9744,0.000125,9.6e-05,0.000187,4.243132,14.779571,0.00018095
3969122304,182913.3,0.002129,0.049075,0.000871,-0.271484,0.0,0.9737,0.9751,8.6e-05,0.000128,0.000144,3.977005,15.403395,0.00019514
3969908736,182865.5,-0.002982,0.06201,0.000874,-0.275391,0.0,0.974,0.9763,9.1e-05,0.000126,0.000133,4.191362,15.459457,0.00018126
3970695168,182517.3,-0.005854,0.058419,0.000897,-0.277344,0.0,0.974,0.9767,9.5e-05,0.000106,0.000182,4.244,15.514316,0.00016787
3971481600,182469.6,-0.000442,0.061002,0.000914,-0.273438,0.0,0.9739,0.9762,0.000152,0.000129,0.00029,4.330362,15.420962,0.00018722
3972268032,182422.2,0.001726,0.053991,0.000905,-0.271484,0.0,0.9739,0.9764,0.000118,0.000105,0.000224,4.459771,15.171101,0.00018253
3973054464,182374.7,-0.003373,0.05948,0.000885,-0.275391,0.0,0.9739,0.976,0.000119,0.000153,0.000202,4.387141,15.112556,0.00020194
3973840896,182025.4,-0.009407,0.055397,0.00085,-0.271484,0.0,0.9738,0.9762,0.00012,0.000173,0.000272,3.942813,15.592314,0.00017812
3974627328,181977.6,-0.007197,0.050042,0.000834,-0.263672,0.0,0.9734,0.9756,0.000127,0.000134,0.000297,3.9956,15.527084,0.00018427
3975413760,181927.3,-0.00204,0.047132,0.000869,-0.263672,0.0,0.9733,0.9756,9.9e-05,0.000118,0.000217,4.209867,15.388904,0.00019351
3976200192,181434.9,0.003028,0.058924,0.000858,-0.265625,0.0,0.973,0.9751,9.1e-05,9e-05,0.000147,4.3041,15.395638,0.00016743
3976986624,181386.0,0.004141,0.055361,0.000808,-0.259766,0.0,0.9731,0.9753,0.000125,7.4e-05,0.0002,4.088051,15.226038,0.00019211
3977773056,181334.7,-0.00266,0.045391,0.000831,-0.261719,0.0,0.9733,0.9758,7.2e-05,6.9e-05,0.000118,3.955816,15.548892,0.00018114
3978559488,181285.5,-0.001891,0.036787,0.000825,-0.259766,0.0,0.9736,0.977,6.8e-05,0.000101,0.000105,4.097208,15.58565,0.00016187
3979345920,180965.4,-0.003132,0.07195,0.000849,-0.267578,0.0,0.9737,0.9771,8e-05,0.00016,0.000153,4.113326,15.767471,0.00019645
3980132352,180919.8,-0.003441,0.050753,0.000847,-0.263672,0.0,0.9735,0.9759,9e-05,7.9e-05,0.000158,4.156812,15.342751,0.00018459
3980918784,180873.5,-0.005413,0.05223,0.000875,-0.263672,0.0,0.9735,0.9744,6.7e-05,9.6e-05,0.000113,4.353563,15.207191,0.00017512
3981705216,180501.0,-0.00057,0.078496,0.000871,-0.273438,0.0,0.9735,0.9742,9.5e-05,0.000138,0.000143,4.064884,15.742279,0.00016753
3982491648,180453.8,-0.000194,0.084114,0.000855,-0.283203,0.0,0.9735,0.973,9.6e-05,8.8e-05,0.000103,4.231821,15.670634,0.00019014
3983278080,180408.0,0.002685,0.065437,0.000846,-0.28125,0.0,0.9733,0.9716,7.7e-05,0.000115,0.000126,4.117233,15.521774,0.0002025
3984064512,180362.3,0.001029,0.082987,0.000852,-0.287109,0.0,0.9734,0.9709,7e-05,8.5e-05,0.000118,4.236379,15.332479,0.00018276
3984850944,179949.3,-0.005143,0.046924,0.000824,-0.285156,0.0,0.9731,0.9698,5.5e-05,7.7e-05,8.6e-05,4.711008,15.105955,0.00017522
3985637376,179903.5,-0.002819,0.040639,0.000818,-0.279297,0.0,0.9729,0.9693,5.7e-05,7.8e-05,0.000114,4.111996,15.603617,0.0001747
3986423808,179857.7,0.001873,0.050606,0.000812,-0.279297,0.0,0.9728,0.9692,6.1e-05,5.8e-05,0.000132,4.225419,15.80127,0.00017598
3987210240,179497.7,0.003863,0.070652,0.000827,-0.287109,0.0,0.9728,0.9686,5.6e-05,6.6e-05,0.000138,3.856509,15.777427,0.00018112
3987996672,179452.5,0.001634,0.052446,0.000857,-0.273438,0.0,0.9726,0.9675,6.4e-05,7.6e-05,0.000116,4.127028,15.402346,0.00020483
3988783104,179406.1,-0.004022,0.048771,0.000847,-0.275391,0.0,0.9729,0.9677,4.2e-05,7e-05,9.9e-05,4.387696,15.155407,0.00020882
3989569536,179360.8,0.001818,0.061797,0.000857,-0.269531,0.0,0.9729,0.9672,2.8e-05,3.7e-05,5.7e-05,4.41489,15.122172,0.00016257
3990355968,179038.9,0.003692,0.080748,0.000879,-0.275391,0.0,0.9734,0.9676,5.3e-05,4.5e-05,8.8e-05,3.909785,15.671171,0.00017705
3991142400,178991.7,-0.002123,0.065109,0.000875,-0.273438,0.0,0.9733,0.9673,5.4e-05,7.5e-05,0.000129,4.135831,15.372902,0.00019656
3991928832,178947.2,0.005505,0.056322,0.000881,-0.271484,0.0,0.9735,0.9675,4.5e-05,5.2e-05,6.7e-05,3.95735,15.35934,0.00017295
3992715264,178679.7,0.01046,0.084896,0.000904,-0.28125,0.0,0.9738,0.9682,5.4e-05,4.7e-05,9.9e-05,4.51357,14.219363,0.00019135
3993501696,178633.5,-0.004861,0.067361,0.000826,-0.28125,0.0,0.9735,0.9671,3.6e-05,6.7e-05,5.7e-05,4.584839,14.619864,0.00017909
3994288128,178585.4,-0.000351,0.076457,0.000828,-0.285156,0.0,0.9733,0.9655,2.3e-05,4.5e-05,6e-05,4.011691,15.333397,0.0001711
3995074560,178539.3,-0.003966,0.069483,0.00084,-0.287109,0.0,0.9731,0.9643,2.8e-05,4.3e-05,6e-05,4.212623,15.038862,0.00020726
3995860992,178232.8,0.00219,0.08134,0.000866,-0.296875,0.0,0.973,0.9633,3.3e-05,3.1e-05,4.8e-05,4.429118,15.28446,0.0001753
3996647424,178186.5,-0.00148,0.060614,0.000827,-0.285156,0.0,0.9731,0.9625,1.7e-05,2.3e-05,2.3e-05,4.371148,15.260244,0.00018009
3997433856,178141.0,0.000835,0.074593,0.000825,-0.285156,0.0,0.9727,0.9596,1.1e-05,2.1e-05,1.9e-05,4.618207,14.956225,0.00017926
3998220288,178094.0,0.005174,0.058533,0.000798,-0.285156,0.0,0.9726,0.9584,1.2e-05,1.5e-05,1.8e-05,4.575417,14.918311,0.00019748
3999006720,177791.3,-0.00084,0.045816,0.000812,-0.275391,0.0,0.9725,0.958,8e-06,9e-06,1.2e-05,4.050297,15.523093,0.00018333
3999793152,177743.8,-0.00514,0.043855,0.000816,-0.269531,0.0,0.9723,0.9581,1e-06,2e-06,3e-06,4.102536,15.235325,0.00017184
4000579584,177698.0,-0.00348,0.040473,0.000848,-0.273438,0.0,0.9723,0.9584,2e-06,2e-06,3e-06,4.103361,14.996544,0.00018017
