step,sps,policy_loss,value_loss,mi_loss,div_loss,kl_loss,score,mean_return,ego_enc_delta,partner_enc_delta,road_enc_delta,role_std,role_norm
786432,47051.3,0.002797,3.646463,0.008891,-0.043701,0.0,0.1439,-7.63,0.065536,0.099575,0.120862,0.001286,0.010795
1572864,57919.1,0.004481,3.825503,0.00061,-0.084961,0.0,0.1422,-7.6347,0.090555,0.092016,0.072798,0.015993,0.337492
2359296,63157.4,0.003994,3.618476,0.000879,-1.03125,0.0,0.1394,-7.6159,0.127207,0.13935,0.113863,0.030322,0.449561
3145728,48030.2,0.00264,3.915222,0.000911,-0.71875,0.0,0.1445,-7.5824,0.122505,0.079427,0.091705,0.204594,0.318298
3932160,51600.4,-0.003214,4.690305,0.000838,-0.695312,0.0,0.1574,-7.4858,0.096943,0.063318,0.079372,0.427249,0.729565
4718592,54925.3,-0.002945,4.37113,0.000967,-0.660156,0.0,0.165,-7.3959,0.098114,0.083424,0.071682,0.495904,0.86548
5505024,57430.4,0.009626,4.557653,0.001081,-0.828125,0.0,0.1718,-7.3057,0.07559,0.076163,0.077355,0.631597,1.093572
6291456,51658.9,-0.003629,4.450504,0.000919,-0.753906,0.0,0.1681,-7.258,0.042781,0.044752,0.047089,0.759691,1.036202
7077888,53852.2,-0.001367,4.020397,0.000896,-0.894531,0.0,0.1611,-7.2419,0.032101,0.065061,0.043926,0.817559,1.030901
7864320,55750.5,-0.001515,3.902591,0.000784,-0.863281,0.0,0.1546,-7.2414,0.024248,0.043424,0.034248,0.901229,0.939488
8650752,52375.8,0.004901,4.26222,0.000748,-0.808594,0.0,0.1507,-7.2451,0.03737,0.056403,0.038072,0.71668,1.166902
9437184,53832.7,-0.000807,4.335224,0.000734,-0.859375,0.0,0.1456,-7.2294,0.021964,0.044654,0.025321,0.782934,1.023776
10223616,55293.3,0.004371,3.724283,0.000666,-0.8125,0.0,0.1413,-7.2047,0.027928,0.065127,0.038997,0.845251,1.108359
11010048,56468.4,-0.004863,3.578737,0.000624,-0.742188,0.0,0.1373,-7.177,0.01438,0.040567,0.020323,0.869986,1.152715
11796480,54492.8,0.00709,4.030122,0.000653,-0.648438,0.0,0.1357,-7.1638,0.019659,0.048793,0.022605,0.990884,1.081102
12582912,55556.0,-0.004718,3.939919,0.000641,-0.625,0.0,0.1348,-7.166,0.026326,0.038737,0.023008,0.864288,1.01441
13369344,56631.1,-0.001577,3.897881,0.000642,-0.589844,0.0,0.1343,-7.1601,0.0114,0.019689,0.010758,0.771394,1.584315
14155776,54966.0,0.001281,4.284869,0.000633,-0.667969,0.0,0.1334,-7.153,0.015962,0.033971,0.015915,0.807826,1.558915
14942208,55737.1,0.001664,4.05026,0.000602,-0.597656,0.0,0.1312,-7.158,0.018109,0.037634,0.017979,0.841877,1.485766
15728640,56644.6,0.000454,3.917038,0.000579,-0.597656,0.0,0.129,-7.1621,0.020652,0.033388,0.020837,0.900217,1.412107
16515072,57381.2,0.001792,3.974533,0.000551,-0.5625,0.0,0.1271,-7.1643,0.018435,0.02199,0.013712,1.015392,1.240975
17301504,55976.2,9.1e-05,4.469281,0.000536,-0.628906,0.0,0.1263,-7.1636,0.023192,0.02595,0.018847,0.762589,1.798563
18087936,56762.9,-0.000897,4.552605,0.000561,-0.707031,0.0,0.126,-7.1492,0.048738,0.031435,0.017666,0.930652,1.661045
18874368,57500.9,0.001653,3.991599,0.000541,-0.632812,0.0,0.1255,-7.1393,0.036316,0.027426,0.014016,0.956488,1.649757
19660800,56267.8,-0.003609,4.258589,0.000509,-0.613281,0.0,0.1251,-7.1259,0.015925,0.014051,0.006887,0.992047,1.468174
20447232,56934.0,0.006089,4.16126,0.000531,-0.535156,0.0,0.1231,-7.1431,0.020915,0.032771,0.01637,0.982173,1.386814
21233664,57515.9,0.000381,4.049412,0.000503,-0.589844,0.0,0.1214,-7.1501,0.025606,0.025499,0.015982,0.966992,0.996024
22020096,58060.6,0.002386,4.075423,0.000513,-0.65625,0.0,0.1203,-7.155,0.018138,0.019679,0.013103,0.81042,1.966175
22806528,57084.5,-0.000128,4.376388,0.000496,-0.59375,0.0,0.1192,-7.1472,0.020488,0.016619,0.013242,0.943453,1.714067
23592960,57603.5,0.00381,3.907724,0.000493,-0.59375,0.0,0.1188,-7.1346,0.014403,0.022267,0.014212,0.934108,1.63608
24379392,58157.8,-0.002041,3.737807,0.000465,-0.671875,0.0,0.1185,-7.1145,0.016067,0.018391,0.014593,1.014597,1.48138
25165824,57182.0,0.00697,4.422581,0.000452,-0.554688,0.0,0.1183,-7.0973,0.020388,0.016839,0.011115,1.065765,1.049574
25952256,57725.3,0.001786,3.612079,0.000448,-0.53125,0.0,0.1175,-7.0819,0.017687,0.026504,0.016798,0.792135,1.967966
26738688,58179.7,-0.001293,3.537432,0.000455,-0.53125,0.0,0.1165,-7.0612,0.015088,0.020425,0.011832,0.785055,1.9707
27525120,58610.9,-0.004702,3.287393,0.000462,-0.433594,0.0,0.1154,-7.0385,0.01432,0.021786,0.012089,0.794733,1.90516
28311552,57715.1,-0.002734,3.469575,0.000466,-0.363281,0.0,0.1144,-7.0117,0.012228,0.015996,0.010679,0.75787,1.706311
29097984,58121.5,-0.009116,3.494723,0.000476,-0.386719,0.0,0.1133,-6.9752,0.011039,0.014273,0.010083,0.689774,1.836219
29884416,58563.4,-0.003394,3.494055,0.000466,-0.429688,0.0,0.1126,-6.9515,0.012223,0.017352,0.013712,0.629483,2.062432
30670848,58977.8,-0.004467,3.73253,0.00048,-0.478516,0.0,0.1116,-6.9164,0.019281,0.026854,0.017998,0.736486,1.890157
31457280,58293.5,0.000554,3.880591,0.000472,-0.474609,0.0,0.1088,-6.8971,0.012935,0.014151,0.011871,0.783018,1.652021
32243712,58716.6,-0.004146,3.320326,0.000447,-0.535156,0.0,0.1049,-6.883,0.016671,0.015739,0.009784,0.73234,1.53877
33030144,59077.6,0.002956,3.401693,0.000439,-0.519531,0.0,0.101,-6.8734,0.013859,0.012383,0.008883,0.843571,1.367465
33816576,58366.5,0.003137,3.731255,0.000457,-0.433594,0.0,0.0986,-6.8686,0.017009,0.015349,0.011676,0.702083,1.745691
34603008,58716.9,-0.003259,3.7341,0.000479,-0.542969,0.0,0.0968,-6.8591,0.010979,0.014948,0.010588,0.67809,1.67683
35389440,59035.2,0.001093,3.501065,0.000463,-0.570312,0.0,0.0954,-6.8429,0.010672,0.012454,0.007684,0.708875,1.500195
36175872,59374.2,-0.004362,3.362283,0.000457,-0.574219,0.0,0.0942,-6.8242,0.009275,0.011437,0.00466,0.735484,1.378254
36962304,58798.6,0.001998,3.541549,0.000453,-0.515625,0.0,0.0932,-6.8055,0.018762,0.018187,0.013432,0.799919,1.200304
37748736,59146.2,0.001562,3.108629,0.000438,-0.503906,0.0,0.0923,-6.7886,0.011549,0.017872,0.015588,0.77103,1.225716
38535168,59461.2,0.007228,3.369475,0.000464,-0.5625,0.0,0.0917,-6.7829,0.008375,0.011745,0.009447,0.672711,1.664993
39321600,58935.7,-0.001928,3.642008,0.000467,-0.527344,0.0,0.091,-6.7714,0.006641,0.007819,0.006343,0.727356,1.453533
40108032,59212.0,-0.00305,3.293965,0.000481,-0.597656,0.0,0.0901,-6.7602,0.00983,0.006859,0.006157,0.671322,1.431665
40894464,59485.7,-0.007872,3.285978,0.000471,-0.59375,0.0,0.0893,-6.7408,0.006434,0.007635,0.005667,0.759605,1.29338
41680896,59762.2,-0.007495,3.160717,0.00046,-0.566406,0.0,0.0887,-6.7253,0.007822,0.007111,0.006253,0.80622,1.184532
42467328,59195.5,-0.001693,3.499902,0.000445,-0.451172,0.0,0.0889,-6.7026,0.016091,0.012136,0.009163,0.610174,1.696763
43253760,59450.6,-0.001646,3.206471,0.000441,-0.535156,0.0,0.0901,-6.6572,0.014209,0.014125,0.010215,0.592184,1.665727
44040192,59702.6,0.000403,3.030219,0.00044,-0.570312,0.0,0.0913,-6.6127,0.008554,0.009144,0.006127,0.669835,1.53371
44826624,59174.7,0.000498,3.244581,0.000442,-0.425781,0.0,0.0926,-6.5636,0.009183,0.010939,0.007638,0.748193,1.264383
45613056,59443.0,-0.005998,2.911976,0.000448,-0.4375,0.0,0.0913,-6.5511,0.011209,0.013927,0.009872,0.658782,1.408451
46399488,59668.9,-0.002517,2.914196,0.000446,-0.445312,0.0,0.0904,-6.5311,0.009678,0.012756,0.009222,0.70711,1.322166
47185920,59937.0,0.005297,3.017212,0.000462,-0.451172,0.0,0.0896,-6.5208,0.006866,0.008879,0.005714,0.576412,1.665523
47972352,59508.8,-0.008367,3.410058,0.000493,-0.443359,0.0,0.0887,-6.5021,0.011315,0.014532,0.009855,0.637908,1.56408
48758784,59759.5,0.004184,3.275824,0.000497,-0.621094,0.0,0.0881,-6.4759,0.012271,0.012294,0.008087,0.603496,1.367771
49545216,60008.0,0.005476,3.079671,0.000482,-0.59375,0.0,0.0875,-6.4548,0.004846,0.00516,0.003954,0.695993,1.144403
50331648,59264.4,0.002679,3.536361,0.000474,-0.5,0.0,0.087,-6.435,0.008576,0.006905,0.00473,0.750245,1.193772
51118080,59470.2,5e-05,2.755177,0.000443,-0.476562,0.0,0.086,-6.4207,0.010979,0.022275,0.014806,0.563773,1.603571
51904512,59690.2,-0.004291,2.822546,0.000428,-0.527344,0.0,0.0844,-6.3931,0.012755,0.015153,0.010264,0.637709,1.426592
52690944,59889.1,0.000929,2.939845,0.000457,-0.574219,0.0,0.0829,-6.3762,0.0055,0.007381,0.005399,0.656181,1.473393
53477376,59269.5,0.002891,3.033295,0.000447,-0.431641,0.0,0.0817,-6.3603,0.011079,0.012486,0.008983,0.704123,1.251283
54263808,59486.9,0.001734,2.843789,0.000457,-0.527344,0.0,0.0811,-6.3561,0.015797,0.012577,0.010157,0.697243,1.224054
55050240,59703.0,0.004469,2.856403,0.000463,-0.511719,0.0,0.0806,-6.3538,0.012404,0.013575,0.011047,0.615894,1.518824
55836672,59890.6,-0.001054,2.683172,0.000475,-0.574219,0.0,0.0805,-6.3503,0.008116,0.008902,0.007979,0.605364,1.517249
56623104,59468.7,-0.004734,3.46509,0.000507,-0.431641,0.0,0.0801,-6.344,0.008621,0.012993,0.011742,0.626901,1.317047
57409536,59649.2,0.004437,2.717586,0.000479,-0.443359,0.0,0.08,-6.3296,0.011573,0.014942,0.013203,0.564696,1.453749
58195968,59776.5,0.006355,2.74903,0.000461,-0.417969,0.0,0.0799,-6.3104,0.010126,0.013249,0.008618,0.617854,1.253953
58982400,58376.8,0.009584,2.915788,0.000496,-0.423828,0.0,0.08,-6.2861,0.013565,0.013069,0.010625,0.548376,1.790985
59768832,58570.1,0.001152,2.442808,0.000477,-0.425781,0.0,0.0804,-6.257,0.007731,0.008113,0.00788,0.578438,1.561182
60555264,58735.3,-0.007026,2.341794,0.000444,-0.417969,0.0,0.0811,-6.2169,0.01033,0.009133,0.007291,0.577404,1.535616
61341696,58926.4,-0.00321,2.320535,0.000438,-0.443359,0.0,0.0818,-6.1755,0.005257,0.006232,0.004958,0.636829,1.465846
62128128,58439.4,-0.001602,2.566514,0.00045,-0.396484,0.0,0.0831,-6.1345,0.010767,0.014139,0.009291,0.620103,1.264109
62914560,58617.3,-0.004933,2.361504,0.000446,-0.402344,0.0,0.0845,-6.0934,0.009343,0.009824,0.00894,0.618434,1.223683
63700992,58816.0,0.005697,2.318508,0.000457,-0.392578,0.0,0.0854,-6.0682,0.006465,0.005944,0.005932,0.529156,1.644504
64487424,58512.3,-0.003073,2.54835,0.000455,-0.365234,0.0,0.0867,-6.0289,0.009265,0.00999,0.007521,0.549815,1.535791
65273856,58716.2,-0.004055,2.241609,0.000452,-0.441406,0.0,0.0868,-5.9972,0.010441,0.013628,0.013477,0.529116,1.518158
66060288,58899.1,-3.8e-05,2.097122,0.000446,-0.453125,0.0,0.0872,-5.962,0.012999,0.009894,0.009331,0.586052,1.407004
66846720,59069.2,-4.6e-05,2.201737,0.000448,-0.429688,0.0,0.0873,-5.9295,0.02804,0.007935,0.007172,0.624565,1.334769
67633152,58417.3,0.000731,2.721713,0.000509,-0.328125,0.0,0.0874,-5.9092,0.031556,0.010705,0.010433,0.540336,1.700163
68419584,58603.9,0.000254,2.528589,0.000507,-0.490234,0.0,0.0873,-5.8752,0.013604,0.010011,0.008182,0.491624,1.593723
69206016,58765.2,0.003009,2.399167,0.000463,-0.539062,0.0,0.0874,-5.8326,0.009224,0.005347,0.004855,0.554306,1.309377
69992448,58430.9,-0.000725,2.585628,0.000449,-0.421875,0.0,0.0876,-5.7921,0.017006,0.013588,0.010044,0.593174,1.104571
70778880,58588.4,0.006168,2.167735,0.000435,-0.425781,0.0,0.0863,-5.7767,0.015265,0.009896,0.009028,0.588905,1.173469
71565312,58768.0,-0.000595,2.229423,0.000431,-0.447266,0.0,0.0848,-5.7657,0.010434,0.007976,0.006019,0.681759,1.187303
72351744,58936.9,0.002033,2.328318,0.000461,-0.445312,0.0,0.0838,-5.7614,0.011437,0.007718,0.007032,0.575797,1.519707
73138176,58742.7,0.003869,2.955404,0.00047,-0.412109,0.0,0.0833,-5.7436,0.00837,0.004935,0.0037,0.607652,1.272315
73924608,58893.5,0.003777,2.451272,0.000463,-0.435547,0.0,0.0847,-5.7082,0.016182,0.005951,0.005348,0.555447,1.267374
74711040,59053.8,-0.004383,2.470286,0.000457,-0.449219,0.0,0.0858,-5.6785,0.010348,0.004821,0.003984,0.625499,1.131771
75497472,58810.9,-0.002509,2.927248,0.000484,-0.318359,0.0,0.0874,-5.6484,0.010718,0.005748,0.005341,0.717885,1.047867
76283904,58974.2,-0.004685,2.041697,0.000443,-0.386719,0.0,0.0893,-5.6114,0.017754,0.010364,0.008522,0.457871,1.848948
77070336,59125.0,-0.004103,2.022964,0.000462,-0.375,0.0,0.0921,-5.5617,0.020047,0.021346,0.01349,0.534649,1.811677
77856768,59264.1,-0.00324,1.902697,0.000445,-0.394531,0.0,0.0947,-5.4995,0.008377,0.010108,0.006505,0.53602,1.561876
78643200,59125.1,-0.001767,2.110903,0.000439,-0.359375,0.0,0.0969,-5.443,0.014429,0.012615,0.011869,0.587309,1.297564
79429632,59273.5,-0.000568,1.803631,0.000433,-0.402344,0.0,0.0983,-5.4056,0.015326,0.011754,0.01007,0.536679,1.349208
80216064,59417.4,-0.00456,1.839499,0.000416,-0.353516,0.0,0.0994,-5.3613,0.013559,0.006568,0.005397,0.570351,1.262698
81002496,59557.5,-0.004217,1.861878,0.000427,-0.353516,0.0,0.1002,-5.3351,0.036892,0.004618,0.003783,0.479401,1.666013
81788928,59070.8,-0.000835,2.258335,0.000456,-0.410156,0.0,0.101,-5.2961,0.030534,0.01496,0.009682,0.509322,1.462599
82575360,59169.1,0.001005,2.061575,0.000431,-0.425781,0.0,0.1021,-5.2558,0.017028,0.009653,0.007295,0.493422,1.356247
83361792,59318.2,-0.005388,2.056591,0.000423,-0.451172,0.0,0.103,-5.2129,0.007637,0.005612,0.004052,0.529886,1.225213
84148224,59143.6,-0.001014,2.320111,0.000433,-0.408203,0.0,0.1036,-5.1691,0.009452,0.005115,0.00464,0.556964,1.164172
84934656,59276.3,-0.000915,1.9833,0.00041,-0.431641,0.0,0.1038,-5.1376,0.012958,0.012263,0.01094,0.492606,1.414632
85721088,59398.4,-0.002747,2.034662,0.000406,-0.396484,0.0,0.1042,-5.0955,0.010809,0.010429,0.008351,0.473199,1.390585
86507520,59521.7,0.004687,1.82003,0.000431,-0.412109,0.0,0.1048,-5.0596,0.012605,0.01007,0.008221,0.485794,1.410955
87293952,59372.0,-0.010947,1.893416,0.000411,-0.371094,0.0,0.107,-5.0147,0.01144,0.00902,0.006657,0.546129,1.227703
88080384,59498.5,-0.000534,1.662508,0.0004,-0.345703,0.0,0.1101,-4.9697,0.013242,0.010641,0.009492,0.538471,1.244641
88866816,59644.7,-0.004583,1.716283,0.000405,-0.355469,0.0,0.1119,-4.9428,0.008446,0.007821,0.006685,0.442402,1.611773
89653248,59451.9,-0.004051,1.967017,0.000421,-0.345703,0.0,0.1144,-4.9038,0.011894,0.009297,0.006726,0.476864,1.501898
90439680,59579.3,-0.002294,1.696612,0.000452,-0.433594,0.0,0.1145,-4.8711,0.023911,0.014299,0.012583,0.455628,1.378443
91226112,59699.1,-0.003683,1.597919,0.000387,-0.431641,0.0,0.1148,-4.835,0.012343,0.009592,0.008102,0.500607,1.226787
92012544,59819.0,0.005292,1.54601,0.000394,-0.433594,0.0,0.1151,-4.8016,0.005851,0.005501,0.005001,0.571371,1.260056
92798976,59662.0,0.000355,1.820599,0.000401,-0.34375,0.0,0.116,-4.7781,0.016003,0.010194,0.008619,0.499973,1.572874
93585408,59774.6,0.001502,1.740287,0.000398,-0.349609,0.0,0.1185,-4.7254,0.008825,0.008462,0.006738,0.462785,1.486302
94371840,59902.6,0.002268,1.50202,0.000391,-0.365234,0.0,0.1208,-4.6796,0.006761,0.006508,0.004821,0.486278,1.51472
95158272,59601.8,0.006715,1.487645,0.000394,-0.335938,0.0,0.1235,-4.6232,0.011023,0.007298,0.005368,0.543126,1.393704
95944704,59713.2,0.000191,1.492899,0.000386,-0.367188,0.0,0.1233,-4.5809,0.012643,0.008468,0.00885,0.530396,1.301302
96731136,59830.6,-0.000465,1.568208,0.000389,-0.371094,0.0,0.123,-4.5447,0.016099,0.010612,0.008147,0.570146,1.279005
97517568,59948.0,-0.000113,1.541234,0.000407,-0.417969,0.0,0.1228,-4.5231,0.012048,0.009464,0.008484,0.449112,1.48578
98304000,59821.9,0.003306,1.723462,0.000404,-0.439453,0.0,0.1226,-4.4883,0.00745,0.005059,0.004612,0.455235,1.340015
99090432,59944.5,0.002341,1.589604,0.000383,-0.462891,0.0,0.1229,-4.4474,0.006273,0.004626,0.004548,0.45081,1.236451
99876864,60049.4,-0.001328,1.577391,0.000384,-0.480469,0.0,0.1235,-4.4066,0.004315,0.004025,0.004721,0.510598,1.188495
100663296,59968.8,0.001826,1.671531,0.000384,-0.419922,0.0,0.1242,-4.365,0.015004,0.010665,0.008987,0.622554,1.032822
101449728,60080.6,0.001068,1.601262,0.000394,-0.398438,0.0,0.1246,-4.3415,0.014956,0.008271,0.008483,0.453319,1.398299
102236160,60188.7,-0.004835,1.510817,0.000412,-0.474609,0.0,0.1252,-4.3048,0.012812,0.009835,0.011078,0.452826,1.438276
103022592,60297.5,-0.00169,1.419273,0.000394,-0.439453,0.0,0.126,-4.2601,0.009497,0.005657,0.006998,0.488983,1.248393
103809024,60146.3,0.006316,1.574548,0.000397,-0.351562,0.0,0.1264,-4.2233,0.016382,0.011374,0.010952,0.511253,1.196216
104595456,60244.5,0.000907,1.347567,0.000395,-0.349609,0.0,0.1264,-4.1884,0.011556,0.008814,0.011614,0.505357,1.238729
105381888,60355.7,0.000221,1.378558,0.000368,-0.353516,0.0,0.1263,-4.1583,0.007012,0.00683,0.006123,0.477986,1.347873
106168320,60458.0,0.003625,1.494736,0.000372,-0.384766,0.0,0.1261,-4.1425,0.008154,0.005873,0.005248,0.415273,1.446768
106954752,60331.8,-0.002702,1.472868,0.000389,-0.375,0.0,0.127,-4.1099,0.024538,0.013326,0.009979,0.466487,1.3575
107741184,60438.7,-0.002045,1.281473,0.000371,-0.392578,0.0,0.1286,-4.0751,0.012674,0.005693,0.005513,0.445843,1.336875
108527616,60532.0,-0.005409,1.295094,0.000367,-0.384766,0.0,0.1302,-4.0429,0.008767,0.005712,0.005164,0.494436,1.294732
109314048,60324.6,-0.006919,1.389533,0.000374,-0.376953,0.0,0.1319,-4.0038,0.011181,0.006015,0.006383,0.489849,1.364513
110100480,60424.6,0.002467,1.402158,0.000374,-0.429688,0.0,0.1328,-3.976,0.011601,0.00912,0.007769,0.436153,1.434409
110886912,60535.0,0.001586,1.462272,0.000373,-0.439453,0.0,0.1341,-3.9331,0.010681,0.008509,0.008179,0.466666,1.336132
111673344,60630.7,-0.006754,1.379927,0.000393,-0.435547,0.0,0.1354,-3.8959,0.011175,0.009252,0.008968,0.468152,1.265354
112459776,60556.7,0.003449,1.375375,0.00038,-0.394531,0.0,0.1374,-3.8507,0.012917,0.010568,0.007872,0.540932,1.132121
113246208,60650.0,-0.000907,1.266551,0.000365,-0.396484,0.0,0.1402,-3.8009,0.006912,0.006143,0.006082,0.523432,1.083447
114032640,60755.5,-0.004498,1.355295,0.000366,-0.400391,0.0,0.1429,-3.7533,0.007878,0.006832,0.00583,0.431092,1.322199
114819072,60665.0,-0.008901,1.392716,0.000381,-0.386719,0.0,0.1443,-3.7247,0.00783,0.007025,0.005129,0.431229,1.270695
115605504,60755.7,0.000321,1.251863,0.000361,-0.363281,0.0,0.1416,-3.7124,0.007423,0.005505,0.005903,0.431856,1.181329
116391936,60843.3,0.000506,1.175484,0.000356,-0.359375,0.0,0.1388,-3.6991,0.00587,0.005852,0.005151,0.472776,1.199389
117178368,60924.7,-0.000465,1.227603,0.000419,-0.386719,0.0,0.1359,-3.6886,0.009358,0.009065,0.007289,0.483139,1.156903
117964800,60806.6,0.000373,1.398087,0.000375,-0.369141,0.0,0.1352,-3.6651,0.016953,0.01114,0.01076,0.423568,1.325516
118751232,60900.5,-0.004191,1.357995,0.000356,-0.369141,0.0,0.1354,-3.6466,0.008267,0.005495,0.005456,0.421546,1.188311
119537664,60982.3,0.001675,1.313039,0.000351,-0.376953,0.0,0.1354,-3.6188,0.010125,0.004279,0.005345,0.426812,1.18916
120324096,60877.0,-0.001363,1.309721,0.000387,-0.369141,0.0,0.1356,-3.5876,0.019769,0.007951,0.007808,0.475722,1.187394
121110528,60959.8,-0.00389,1.128815,0.000343,-0.400391,0.0,0.1353,-3.5671,0.007047,0.004841,0.00485,0.470515,0.974333
121896960,61040.3,-0.004418,1.227055,0.000338,-0.416016,0.0,0.1356,-3.5462,0.009155,0.005169,0.006378,0.560584,0.938698
122683392,61123.5,-0.001549,1.144129,0.000341,-0.419922,0.0,0.136,-3.5309,0.008609,0.00475,0.005776,0.435919,1.251909
123469824,61019.5,-0.003528,1.450183,0.000379,-0.435547,0.0,0.1371,-3.5137,0.021004,0.009447,0.013434,0.432572,1.146132
124256256,61108.2,0.000951,1.108288,0.000348,-0.398438,0.0,0.1393,-3.4834,0.017209,0.009493,0.01252,0.449662,1.164461
125042688,61202.2,-0.001484,1.059486,0.00035,-0.390625,0.0,0.1413,-3.4523,0.011342,0.009223,0.010216,0.455413,1.116136
125829120,61072.3,-0.006719,1.249548,0.00036,-0.388672,0.0,0.1428,-3.4272,0.012845,0.012251,0.010728,0.523572,1.053108
126615552,61168.5,-0.000368,1.242054,0.000389,-0.511719,0.0,0.1433,-3.406,0.013331,0.011148,0.013052,0.423248,1.169709
127401984,61254.3,-0.005305,1.217832,0.000355,-0.451172,0.0,0.1443,-3.3758,0.012432,0.01026,0.010989,0.444447,1.130476
128188416,61332.7,-0.000347,1.153922,0.000357,-0.371094,0.0,0.1452,-3.3413,0.010853,0.00796,0.008683,0.45168,1.159441
128974848,61236.9,0.000212,1.01174,0.000359,-0.382812,0.0,0.1455,-3.309,0.016361,0.009888,0.009814,0.44478,1.125734
129761280,61317.9,2.1e-05,1.045016,0.000345,-0.361328,0.0,0.1449,-3.2789,0.009812,0.0065,0.006258,0.454762,1.055801
130547712,61392.6,-0.001662,1.117119,0.000347,-0.373047,0.0,0.1443,-3.2487,0.008544,0.006269,0.004834,0.47623,1.096881
131334144,61479.0,0.004024,1.191379,0.000356,-0.382812,0.0,0.1438,-3.2299,0.008273,0.005594,0.005238,0.392537,1.18071
132120576,61355.9,0.00017,1.145926,0.000364,-0.367188,0.0,0.1443,-3.1902,0.014366,0.012541,0.012981,0.407953,1.164325
132907008,61440.7,0.004053,0.991129,0.00034,-0.365234,0.0,0.1459,-3.1539,0.013568,0.009151,0.00826,0.386623,1.135074
133693440,61526.3,-8.1e-05,0.961085,0.000339,-0.361328,0.0,0.1479,-3.1142,0.008261,0.006556,0.00653,0.416094,1.099061
134479872,61444.0,3.5e-05,1.070138,0.00036,-0.353516,0.0,0.1496,-3.0794,0.014136,0.009701,0.009554,0.467816,1.128238
135266304,61511.8,0.00191,0.998545,0.000354,-0.382812,0.0,0.1499,-3.057,0.007085,0.006108,0.005326,0.376899,1.20034
136052736,61577.8,-0.002018,1.063875,0.000351,-0.392578,0.0,0.1499,-3.0278,0.010517,0.005591,0.004974,0.415744,1.175505
136839168,61658.3,-0.006124,1.003135,0.000356,-0.447266,0.0,0.1502,-2.9963,0.022114,0.014458,0.011629,0.440807,1.227967
137625600,61566.2,-0.007045,0.993713,0.000334,-0.429688,0.0,0.1505,-2.9628,0.011661,0.010041,0.009047,0.4451,1.000402
138412032,61630.4,0.004472,1.010949,0.000321,-0.396484,0.0,0.1516,-2.9259,0.012393,0.010169,0.010281,0.494102,1.009787
139198464,61700.6,0.000934,0.973966,0.000321,-0.443359,0.0,0.1529,-2.8892,0.009266,0.007444,0.007622,0.471547,1.442374
139984896,61582.7,-0.001172,1.032837,0.000344,-0.427734,0.0,0.1535,-2.8669,0.010822,0.008239,0.00825,0.414324,1.202453
140771328,61647.3,0.004402,1.117144,0.000355,-0.390625,0.0,0.1525,-2.8497,0.010391,0.007504,0.008512,0.425525,1.052565
141557760,61717.6,-0.003261,0.976682,0.000339,-0.371094,0.0,0.1514,-2.8303,0.020785,0.005882,0.006958,0.42574,1.056471
142344192,61776.0,0.00027,0.904667,0.000353,-0.394531,0.0,0.1507,-2.8127,0.012609,0.006246,0.007403,0.461118,1.141528
143130624,61697.1,0.001567,0.96238,0.000328,-0.40625,0.0,0.1528,-2.7768,0.011736,0.005509,0.005774,0.417506,1.391205
143917056,61767.4,0.005011,0.937119,0.000324,-0.476562,0.0,0.1554,-2.7477,0.009871,0.009196,0.007887,0.385429,1.051
144703488,61845.2,-0.004477,0.947724,0.000319,-0.46875,0.0,0.1595,-2.702,0.007276,0.006351,0.006184,0.407997,1.038494
145489920,61775.4,-0.000587,0.944936,0.000324,-0.390625,0.0,0.164,-2.6569,0.011841,0.007611,0.007649,0.463715,1.005819
146276352,61850.4,-0.004337,0.882741,0.000329,-0.382812,0.0,0.1677,-2.6182,0.019282,0.008836,0.008466,0.463714,1.019996
147062784,61925.5,-0.003998,0.920945,0.000341,-0.349609,0.0,0.1713,-2.5841,0.012175,0.00829,0.008072,0.483632,1.02533
147849216,61987.2,-0.003459,0.845541,0.000329,-0.382812,0.0,0.1734,-2.5603,0.009893,0.009286,0.008151,0.36767,1.197983
148635648,61908.0,0.001102,0.952947,0.000344,-0.396484,0.0,0.1757,-2.5264,0.011038,0.008058,0.008754,0.381324,1.101368
149422080,61968.9,0.002745,0.909133,0.000324,-0.419922,0.0,0.1774,-2.4946,0.011735,0.008842,0.00761,0.381979,1.052449
150208512,62029.1,0.006511,1.048921,0.000323,-0.496094,0.0,0.1795,-2.462,0.013338,0.00827,0.00818,0.422999,0.986474
150994944,61978.4,0.002185,1.036834,0.000319,-0.394531,0.0,0.1816,-2.4317,0.01031,0.006359,0.008328,0.489861,0.945748
151781376,62041.6,0.000919,1.019389,0.000341,-0.376953,0.0,0.1845,-2.4025,0.014854,0.009191,0.00925,0.372303,1.133365
152567808,62110.5,0.005703,0.963452,0.000342,-0.435547,0.0,0.189,-2.3608,0.014308,0.010369,0.00887,0.374282,1.08342
153354240,62177.6,0.003237,0.928255,0.000329,-0.410156,0.0,0.1935,-2.3214,0.005992,0.00549,0.005069,0.378676,1.07658
154140672,61924.0,-0.000532,0.874008,0.000321,-0.40625,0.0,0.1982,-2.2793,0.009511,0.007903,0.007532,0.432036,1.101902
154927104,61992.3,-6.3e-05,0.884022,0.000329,-0.363281,0.0,0.2013,-2.2452,0.009268,0.007359,0.006565,0.464064,1.128851
155713536,62061.8,-0.006223,0.865169,0.000322,-0.367188,0.0,0.2041,-2.214,0.006376,0.006066,0.005245,0.440651,1.166475
156499968,62132.6,-0.000791,0.919109,0.000327,-0.376953,0.0,0.206,-2.1928,0.010085,0.005888,0.004633,0.38275,1.164492
157286400,62081.3,-0.00337,0.957666,0.000328,-0.40625,0.0,0.209,-2.1625,0.012394,0.010718,0.008089,0.387143,1.102607
158072832,62152.5,0.000962,0.88264,0.000301,-0.392578,0.0,0.2121,-2.1296,0.011409,0.007567,0.006275,0.399761,1.055676
158859264,62221.9,0.002503,0.888065,0.000317,-0.361328,0.0,0.2151,-2.0967,0.014836,0.008433,0.008585,0.435145,1.071995
159645696,62163.4,-0.004885,0.931599,0.000325,-0.388672,0.0,0.2183,-2.0697,0.012849,0.007927,0.007673,0.442379,1.043508
160432128,62223.6,0.000302,0.855679,0.000308,-0.417969,0.0,0.2199,-2.0544,0.009373,0.005058,0.004289,0.346949,1.103064
161218560,62289.2,-0.002517,0.849294,0.000308,-0.423828,0.0,0.2215,-2.0314,0.0088,0.004346,0.004848,0.370041,1.11331
162004992,62356.1,0.004394,0.85854,0.000297,-0.408203,0.0,0.2234,-2.0125,0.012125,0.006044,0.005785,0.379634,1.078576
162791424,62279.2,0.001839,0.867536,0.000302,-0.384766,0.0,0.2261,-1.9889,0.011434,0.009365,0.007945,0.429844,1.102896
163577856,62344.0,-0.004617,0.817045,0.000287,-0.376953,0.0,0.2297,-1.9636,0.012371,0.009537,0.009464,0.428582,0.998599
164364288,62411.5,-0.000136,0.868632,0.000305,-0.363281,0.0,0.2336,-1.9398,0.013479,0.010291,0.011149,0.428659,1.077834
165150720,62359.6,0.005441,0.945213,0.000324,-0.4375,0.0,0.2359,-1.9266,0.011336,0.008106,0.007626,0.375323,1.133519
165937152,62418.9,-0.000928,0.85803,0.000312,-0.433594,0.0,0.2398,-1.9032,0.009866,0.008207,0.007572,0.353565,0.994938
166723584,62467.1,-9.9e-05,0.780922,0.000309,-0.404297,0.0,0.2432,-1.8804,0.01122,0.00976,0.007732,0.416922,1.082826
167510016,62533.4,-0.002658,0.796962,0.000309,-0.455078,0.0,0.2458,-1.8574,0.010139,0.006825,0.006255,0.439683,0.982632
168296448,62316.4,0.004443,0.784988,0.000306,-0.396484,0.0,0.2503,-1.8298,0.009012,0.007161,0.011707,0.419057,1.063756
169082880,62364.7,-0.007479,0.826882,0.000297,-0.494141,0.0,0.2537,-1.8103,0.009999,0.010211,0.011572,0.344702,1.06394
169869312,62427.0,-0.001507,0.874965,0.000337,-0.359375,0.0,0.2586,-1.7802,0.010466,0.007238,0.00796,0.369761,1.010265
170655744,62365.0,-0.002035,0.752715,0.000299,-0.435547,0.0,0.2635,-1.752,0.011014,0.007378,0.009237,0.432272,1.138876
171442176,62424.6,-0.00312,0.888686,0.000286,-0.445312,0.0,0.265,-1.7417,0.008748,0.008629,0.009502,0.459817,0.986836
172228608,62483.0,0.003659,0.780418,0.000284,-0.410156,0.0,0.2666,-1.7282,0.009785,0.009905,0.010216,0.46608,0.930195
173015040,62532.4,-0.000991,0.849483,0.000314,-0.384766,0.0,0.2691,-1.718,0.011987,0.009848,0.01619,0.340024,0.988059
173801472,62479.5,-0.001808,0.769241,0.000306,-0.394531,0.0,0.2705,-1.7077,0.009477,0.00829,0.009816,0.349544,0.997918
174587904,62539.5,0.004589,0.915966,0.000292,-0.570312,0.0,0.2727,-1.6881,0.011419,0.007181,0.008004,0.390989,0.990489
175374336,62599.0,-0.002997,0.789227,0.000284,-0.441406,0.0,0.2753,-1.6657,0.009403,0.004831,0.007856,0.443415,0.86801
176160768,62547.0,-0.003071,0.820793,0.000294,-0.470703,0.0,0.2789,-1.6465,0.013078,0.007915,0.010379,0.508359,0.915803
176947200,62604.3,-0.003037,0.800652,0.000301,-0.410156,0.0,0.2836,-1.6256,0.017378,0.013927,0.015306,0.357127,0.921375
177733632,62652.4,0.017889,0.943972,0.000311,-0.390625,0.0,0.2865,-1.6117,0.008769,0.00771,0.008915,0.356708,0.931719
178520064,62707.4,-0.000923,0.884177,0.000323,-0.515625,0.0,0.2905,-1.5918,0.014896,0.007375,0.009492,0.369457,0.943612
179306496,62649.7,0.001055,0.809695,0.000295,-0.431641,0.0,0.2939,-1.5703,0.013354,0.009719,0.0094,0.435529,0.879556
180092928,62714.9,0.003542,0.83974,0.000297,-0.574219,0.0,0.2965,-1.5576,0.015209,0.008862,0.009489,0.446959,0.869267
180879360,62765.2,0.000534,0.822795,0.000304,-0.404297,0.0,0.299,-1.5434,0.008991,0.004999,0.006055,0.492689,0.721332
181665792,62823.3,-0.009319,0.815542,0.000308,-0.498047,0.0,0.3004,-1.541,0.012717,0.006296,0.005972,0.341882,0.997002
182452224,62765.3,-0.001395,0.764535,0.000309,-0.470703,0.0,0.3028,-1.5281,0.01493,0.008895,0.008637,0.376209,0.862113
183238656,62811.7,-0.002063,0.71971,0.000304,-0.480469,0.0,0.3052,-1.5139,0.011228,0.006885,0.006529,0.384382,0.851162
184025088,62858.0,-0.001687,0.707451,0.0003,-0.398438,0.0,0.3077,-1.4984,0.011598,0.006742,0.00755,0.411266,0.900792
184811520,62781.5,0.001911,0.739271,0.000309,-0.462891,0.0,0.3104,-1.4837,0.01208,0.007355,0.006355,0.458135,1.033901
185597952,62839.4,-0.003104,0.765663,0.000291,-0.558594,0.0,0.3133,-1.4666,0.016125,0.0084,0.006923,0.354528,0.928699
186384384,62891.9,-0.009889,0.776163,0.000286,-0.558594,0.0,0.3176,-1.4479,0.009146,0.005537,0.0053,0.332376,0.746055
187170816,62946.4,0.003247,0.748467,0.000291,-0.539062,0.0,0.3223,-1.4249,0.008984,0.004595,0.004563,0.347475,0.766559
187957248,62902.3,-0.003042,0.755178,0.000298,-0.429688,0.0,0.326,-1.4076,0.015204,0.008293,0.008499,0.431006,0.804997
188743680,62949.9,0.003291,0.68185,0.000297,-0.416016,0.0,0.3293,-1.396,0.008203,0.004708,0.005511,0.424348,0.832299
189530112,63004.1,0.001465,0.747743,0.000303,-0.419922,0.0,0.3327,-1.3838,0.011377,0.006208,0.005808,0.436772,0.901883
190316544,62971.1,-0.000214,0.804946,0.000308,-0.431641,0.0,0.3347,-1.3748,0.009312,0.006961,0.006552,0.345217,0.867012
191102976,63018.8,0.006683,0.789804,0.000291,-0.402344,0.0,0.3385,-1.3648,0.012958,0.007753,0.007897,0.344868,0.871264
191889408,63071.8,0.004987,0.691386,0.000276,-0.46875,0.0,0.3424,-1.3514,0.014332,0.009248,0.010155,0.398829,0.94511
192675840,63125.8,-0.003659,0.70408,0.000267,-0.4375,0.0,0.3462,-1.3365,0.011158,0.008369,0.007809,0.447292,0.935518
193462272,63099.5,0.000327,0.666618,0.000292,-0.40625,0.0,0.3496,-1.3219,0.015332,0.008099,0.009139,0.475866,1.009416
194248704,63152.7,-1.2e-05,0.699396,0.000289,-0.462891,0.0,0.3518,-1.3146,0.014871,0.009657,0.009545,0.343386,0.94154
195035136,63205.7,-0.001014,0.711825,0.000287,-0.453125,0.0,0.355,-1.3021,0.01183,0.007819,0.008392,0.366399,0.941417
195821568,63173.5,-0.000852,0.717934,0.000288,-0.53125,0.0,0.3589,-1.285,0.008595,0.005711,0.005633,0.419126,0.891358
196608000,63226.1,0.004092,0.750824,0.000275,-0.429688,0.0,0.3602,-1.28,0.015555,0.010566,0.009625,0.447857,0.812309
197394432,63277.0,-0.002728,0.657279,0.000289,-0.429688,0.0,0.3608,-1.2798,0.017943,0.010267,0.008721,0.526533,0.954879
198180864,63328.3,-0.004232,0.629831,0.000274,-0.435547,0.0,0.3608,-1.2766,0.008794,0.00557,0.00547,0.455623,1.407053
198967296,63184.2,-0.002091,0.700811,0.000283,-0.421875,0.0,0.3615,-1.2721,0.008419,0.007372,0.006596,0.386263,0.990872
199753728,63236.2,-0.003779,0.678159,0.000278,-0.388672,0.0,0.3643,-1.2584,0.009618,0.007739,0.006987,0.401076,0.998543
200540160,63286.8,-0.004425,0.656242,0.000284,-0.375,0.0,0.3665,-1.249,0.005687,0.004053,0.004012,0.422252,1.027441
201326592,63263.0,0.004011,0.651475,0.000285,-0.359375,0.0,0.3678,-1.2361,0.008574,0.005333,0.005194,0.42167,1.032174
202113024,63314.9,0.000647,0.710799,0.000269,-0.355469,0.0,0.3703,-1.2244,0.007981,0.005528,0.004659,0.359538,1.505652
202899456,63366.8,-0.001146,0.69013,0.000262,-0.380859,0.0,0.3722,-1.216,0.00654,0.004765,0.004358,0.326399,0.998068
203685888,63417.8,-0.001147,0.704487,0.00027,-0.376953,0.0,0.3748,-1.2064,0.009827,0.005034,0.00423,0.372147,0.9737
204472320,63399.2,0.004146,0.65597,0.000279,-0.396484,0.0,0.3767,-1.1935,0.017961,0.010218,0.009075,0.420392,0.968209
205258752,63447.7,-0.001625,0.623115,0.000284,-0.458984,0.0,0.3781,-1.186,0.008209,0.006839,0.006845,0.423968,0.91909
206045184,63496.5,-0.004336,0.582639,0.000268,-0.482422,0.0,0.3796,-1.1752,0.008651,0.00545,0.005965,0.443625,0.885558
206831616,63545.2,-0.000334,0.615321,0.00027,-0.476562,0.0,0.3804,-1.1665,0.007238,0.006038,0.004495,0.322733,0.889021
207618048,63513.7,-0.001114,0.661783,0.000274,-0.462891,0.0,0.3827,-1.1561,0.008782,0.008667,0.00707,0.342765,0.876068
208404480,63565.2,-0.003427,0.634995,0.000266,-0.503906,0.0,0.385,-1.1434,0.011411,0.010026,0.008533,0.420812,0.908519
209190912,63601.8,-0.005831,0.620579,0.000279,-0.404297,0.0,0.3878,-1.1288,0.007701,0.006694,0.006065,0.472819,0.948325
209977344,63569.0,-0.005105,0.614831,0.000286,-0.412109,0.0,0.3909,-1.1146,0.009903,0.007586,0.006297,0.521193,0.980988
210763776,63614.9,0.000293,0.600877,0.000269,-0.511719,0.0,0.3936,-1.1045,0.018648,0.012503,0.011738,0.357616,1.008577
211550208,63655.3,-0.003648,0.578585,0.000272,-0.480469,0.0,0.398,-1.086,0.0126,0.009681,0.008676,0.394738,0.937685
212336640,63701.5,-0.001827,0.585049,0.000263,-0.480469,0.0,0.4022,-1.067,0.013002,0.008086,0.007152,0.387428,0.862158
213123072,63667.9,-0.005496,0.583741,0.00027,-0.435547,0.0,0.4057,-1.0529,0.013875,0.008699,0.008479,0.48067,0.90988
213909504,63704.0,0.000678,0.544849,0.000264,-0.458984,0.0,0.408,-1.043,0.012642,0.008844,0.009581,0.450481,0.959538
214695936,63744.7,-0.004369,0.559018,0.000262,-0.494141,0.0,0.4089,-1.0332,0.010413,0.008992,0.00843,0.465012,0.960839
215482368,63696.7,0.003722,0.717738,0.000267,-0.527344,0.0,0.4096,-1.0267,0.012,0.007902,0.007231,0.342795,0.852875
216268800,63739.4,-0.009625,0.617193,0.000258,-0.542969,0.0,0.4121,-1.0136,0.014033,0.009515,0.009716,0.369552,0.850212
217055232,63784.6,0.003286,0.564418,0.000284,-0.486328,0.0,0.4151,-0.9975,0.010774,0.009952,0.008797,0.413454,0.880177
217841664,63829.4,-0.010677,0.528557,0.000261,-0.480469,0.0,0.4176,-0.9841,0.008573,0.006229,0.005727,0.476733,0.876525
218628096,63794.6,0.0054,0.616078,0.000265,-0.462891,0.0,0.4191,-0.9723,0.006285,0.004795,0.005763,0.528974,0.864431
219414528,63839.2,0.003562,0.567489,0.000256,-0.480469,0.0,0.4201,-0.963,0.008139,0.00648,0.007057,0.354059,0.836584
220200960,63884.8,-0.000852,0.598006,0.000269,-0.570312,0.0,0.4216,-0.9543,0.014892,0.012252,0.011145,0.348179,0.790742
220987392,63850.3,0.004681,0.643006,0.000276,-0.585938,0.0,0.4229,-0.9436,0.005049,0.004142,0.004003,0.412917,0.762945
221773824,63895.8,0.002167,0.591771,0.000265,-0.5625,0.0,0.4248,-0.9324,0.008478,0.006244,0.00709,0.44555,0.732488
222560256,63934.7,-0.000286,0.579511,0.00027,-0.566406,0.0,0.4266,-0.9223,0.006649,0.004875,0.00474,0.531715,0.811988
223346688,63980.3,-0.005047,0.570491,0.000274,-0.570312,0.0,0.4281,-0.9131,0.00577,0.004864,0.005382,0.541916,0.922647
224133120,63948.4,0.002579,0.64625,0.000278,-0.585938,0.0,0.4299,-0.9057,0.007202,0.005326,0.005399,0.40809,0.83984
224919552,63989.6,-0.001883,0.598865,0.000277,-0.585938,0.0,0.4325,-0.893,0.013193,0.010358,0.011924,0.434206,0.815672
225705984,64031.4,0.000512,0.524201,0.000275,-0.535156,0.0,0.4356,-0.8743,0.012242,0.007727,0.008753,0.465111,0.79942
226492416,64000.8,-0.003534,0.501034,0.00028,-0.519531,0.0,0.4391,-0.8565,0.01117,0.008805,0.008914,0.492395,0.805055
227278848,64045.3,-0.00204,0.547454,0.000261,-0.523438,0.0,0.442,-0.8431,0.007292,0.006236,0.007483,0.482386,0.870706
228065280,64090.5,-0.000419,0.54166,0.000257,-0.515625,0.0,0.4443,-0.8342,0.011096,0.008755,0.009505,0.345718,0.823882
228851712,64135.3,0.000139,0.520457,0.000266,-0.53125,0.0,0.4476,-0.8221,0.012018,0.009403,0.010153,0.342,0.758908
229638144,64113.3,0.001981,0.627477,0.000278,-0.625,0.0,0.4516,-0.8074,0.008688,0.006586,0.006956,0.425321,0.733238
230424576,64155.7,0.002419,0.60507,0.000274,-0.699219,0.0,0.4548,-0.7982,0.015602,0.007988,0.008286,0.507297,0.722049
231211008,64200.3,-0.003908,0.55662,0.000284,-0.574219,0.0,0.4582,-0.7892,0.014996,0.008163,0.008315,0.605713,0.718941
231997440,64244.2,-0.000704,0.572751,0.000292,-0.589844,0.0,0.4613,-0.7829,0.011496,0.006573,0.006139,0.374987,0.807644
232783872,64221.1,0.001518,0.641039,0.000314,-0.5625,0.0,0.4637,-0.7781,0.012853,0.00888,0.00835,0.399983,0.754815
233570304,64262.8,-0.004099,0.625395,0.000302,-0.65625,0.0,0.4668,-0.7716,0.022073,0.01353,0.011062,0.449928,0.777437
234356736,64294.2,-9.1e-05,0.610336,0.000314,-0.578125,0.0,0.4691,-0.7703,0.010718,0.007129,0.006169,0.539824,0.837602
235143168,64269.8,0.006267,0.574901,0.000307,-0.523438,0.0,0.471,-0.7683,0.010141,0.008788,0.00765,0.562012,0.839245
235929600,64312.1,-0.004663,0.506014,0.000304,-0.519531,0.0,0.4715,-0.7705,0.016833,0.009455,0.009765,0.393981,0.922647
236716032,64352.6,-0.005288,0.514668,0.000298,-0.523438,0.0,0.4721,-0.7683,0.012324,0.00898,0.008183,0.409877,0.922975
237502464,64393.1,-0.004042,0.473456,0.000295,-0.554688,0.0,0.4726,-0.7622,0.016513,0.009406,0.00801,0.432575,0.834663
238288896,64358.5,0.000498,0.470854,0.000293,-0.558594,0.0,0.4738,-0.7565,0.012314,0.010032,0.00779,0.490505,0.884584
239075328,64398.9,-0.006228,0.394175,0.000282,-0.515625,0.0,0.4754,-0.7513,0.011334,0.007601,0.006703,0.52831,0.899676
239861760,64438.5,-0.001466,0.405407,0.000282,-0.515625,0.0,0.4766,-0.7474,0.018532,0.0118,0.008779,0.540602,0.940056
240648192,64406.5,-0.001248,0.539473,0.000292,-0.566406,0.0,0.4776,-0.7437,0.010375,0.007637,0.00661,0.375227,0.930501
241434624,64443.9,-0.005939,0.550662,0.000295,-0.503906,0.0,0.4788,-0.7395,0.012333,0.011923,0.009323,0.399007,0.828153
242221056,64481.5,-0.00069,0.463843,0.000291,-0.494141,0.0,0.4803,-0.7369,0.009764,0.008604,0.007629,0.464134,0.931518
243007488,64512.3,0.00025,0.505052,0.000285,-0.519531,0.0,0.4823,-0.7363,0.008243,0.007986,0.006461,0.527283,1.012698
243793920,64488.1,-0.001799,0.478784,0.00029,-0.490234,0.0,0.4847,-0.7304,0.012729,0.010359,0.008569,0.503818,0.977748
244580352,64529.4,0.001534,0.494222,0.000297,-0.464844,0.0,0.4864,-0.7242,0.006592,0.006412,0.005139,0.389217,1.011067
245366784,64569.9,-0.000796,0.485412,0.000291,-0.478516,0.0,0.4884,-0.7184,0.007878,0.00641,0.004864,0.380533,0.979729
246153216,64539.8,0.000171,0.469338,0.00029,-0.507812,0.0,0.4905,-0.7119,0.009264,0.007979,0.006345,0.452385,0.980919
246939648,64577.7,0.002009,0.47168,0.000297,-0.464844,0.0,0.4919,-0.705,0.01396,0.009329,0.008164,0.484444,0.90965
247726080,64613.5,0.002986,0.44187,0.000301,-0.53125,0.0,0.4928,-0.6994,0.012479,0.008917,0.007966,0.521877,0.962144
248512512,64649.8,-0.006965,0.429522,0.000288,-0.53125,0.0,0.4939,-0.6912,0.008643,0.00803,0.007033,0.543537,0.943888
249298944,64619.7,-0.000761,0.481274,0.000306,-0.507812,0.0,0.4947,-0.6884,0.010593,0.009355,0.006694,0.383425,0.843296
250085376,64658.9,0.001895,0.445315,0.000308,-0.554688,0.0,0.4961,-0.6833,0.008953,0.006994,0.007852,0.422416,0.869572
250871808,64695.3,0.001555,0.445087,0.0003,-0.601562,0.0,0.497,-0.6771,0.008879,0.007307,0.007425,0.481104,0.86823
251658240,64667.4,-0.002098,0.409473,0.0003,-0.625,0.0,0.498,-0.6725,0.011624,0.006943,0.006369,0.610405,0.90382
252444672,64704.9,-0.001114,0.405091,0.000287,-0.519531,0.0,0.5003,-0.663,0.010592,0.006891,0.006888,0.614443,0.949714
253231104,64742.9,-0.001212,0.473264,0.000295,-0.546875,0.0,0.5021,-0.6575,0.008627,0.006232,0.005698,0.419738,0.904377
254017536,64780.2,-0.004679,0.468282,0.000302,-0.53125,0.0,0.5048,-0.6505,0.008177,0.006803,0.004834,0.430727,0.859559
254803968,64655.1,-0.000115,0.450915,0.000296,-0.546875,0.0,0.5072,-0.6428,0.008193,0.007257,0.006269,0.452779,0.884043
255590400,64691.1,-0.003812,0.458716,0.000288,-0.578125,0.0,0.5086,-0.6382,0.010688,0.007636,0.006923,0.505236,0.858239
256376832,64727.2,-0.002952,0.471222,0.000283,-0.519531,0.0,0.5098,-0.6329,0.010767,0.008273,0.006699,0.482545,0.763574
257163264,64762.5,-0.006083,0.450145,0.000285,-0.566406,0.0,0.5115,-0.6261,0.010433,0.00714,0.007022,0.498706,1.153369
257949696,64733.6,0.002555,0.486309,0.000309,-0.519531,0.0,0.5123,-0.6226,0.006505,0.006564,0.005649,0.40777,0.862166
258736128,64768.8,-0.000478,0.469457,0.000303,-0.621094,0.0,0.5133,-0.6146,0.01195,0.01014,0.008419,0.436703,0.893348
259522560,64803.6,0.005476,0.439914,0.000297,-0.578125,0.0,0.5138,-0.6062,0.009868,0.007444,0.006742,0.495493,0.814547
260308992,64773.6,-0.002321,0.423434,0.000297,-0.558594,0.0,0.5143,-0.5959,0.00725,0.005923,0.006139,0.557741,0.852868
261095424,64807.5,-0.00246,0.419891,0.0003,-0.5625,0.0,0.5149,-0.5858,0.005925,0.004601,0.005043,0.58273,1.266949
261881856,64842.8,-0.00728,0.450974,0.000299,-0.589844,0.0,0.515,-0.58,0.005487,0.004465,0.004604,0.434643,0.82455
262668288,64876.8,0.004278,0.489125,0.000326,-0.585938,0.0,0.5162,-0.5701,0.005952,0.00526,0.00456,0.477087,0.852846
263454720,64804.9,0.003037,0.521052,0.000328,-0.574219,0.0,0.5175,-0.5627,0.007735,0.010538,0.007895,0.514519,0.861207
264241152,64843.7,-0.001051,0.456724,0.000318,-0.5625,0.0,0.5192,-0.5559,0.010904,0.010307,0.007181,0.597798,0.943309
265027584,64880.4,-0.002044,0.44792,0.000309,-0.527344,0.0,0.5211,-0.5502,0.007394,0.007152,0.005237,0.609227,0.973259
265814016,64854.9,-0.001591,0.492523,0.000307,-0.582031,0.0,0.5225,-0.5435,0.009456,0.007691,0.006535,0.439811,0.933351
266600448,64887.1,-0.001646,0.511934,0.000318,-0.511719,0.0,0.5249,-0.5371,0.012932,0.010027,0.009251,0.465995,0.937859
267386880,64921.2,-0.003491,0.44298,0.000308,-0.574219,0.0,0.527,-0.5309,0.0138,0.011344,0.008277,0.515324,0.998717
268173312,64954.3,0.005082,0.445146,0.000312,-0.570312,0.0,0.5289,-0.5248,0.011587,0.010149,0.007552,0.559804,0.927412
268959744,64928.2,0.001255,0.44251,0.000323,-0.519531,0.0,0.5311,-0.5157,0.008282,0.006676,0.005256,0.606232,0.978355
269746176,64962.5,0.000984,0.416894,0.000305,-0.570312,0.0,0.5328,-0.5061,0.012514,0.009821,0.009953,0.46371,1.032197
270532608,64995.1,-0.005865,0.383066,0.000297,-0.546875,0.0,0.5353,-0.4944,0.011994,0.0091,0.007838,0.43614,0.912819
271319040,64931.6,2.1e-05,0.423407,0.00031,-0.539062,0.0,0.538,-0.4787,0.010103,0.00854,0.007845,0.47354,0.897991
272105472,64963.4,0.004663,0.418198,0.000323,-0.542969,0.0,0.5387,-0.4719,0.014271,0.009767,0.009389,0.543386,0.96679
272891904,64997.1,0.007329,0.371378,0.000304,-0.542969,0.0,0.5395,-0.4627,0.009539,0.00703,0.006637,0.610125,0.959006
273678336,65029.8,-0.00646,0.398457,0.000322,-0.527344,0.0,0.541,-0.4559,0.012312,0.009168,0.007513,0.629332,1.036813
274464768,65000.9,-0.004639,0.458779,0.000329,-0.554688,0.0,0.5427,-0.4516,0.016588,0.009201,0.008859,0.449214,0.997708
275251200,65031.1,-0.001628,0.385795,0.000313,-0.542969,0.0,0.5465,-0.4403,0.011974,0.00685,0.006259,0.419786,0.8844
276037632,65064.4,-0.006223,0.386067,0.000319,-0.519531,0.0,0.5499,-0.4291,0.009862,0.006586,0.005793,0.462246,0.872903
276824064,65030.6,-0.004425,0.378246,0.000329,-0.507812,0.0,0.5532,-0.4203,0.011361,0.006677,0.005286,0.570615,0.95676
277610496,65062.7,-0.0015,0.351505,0.000291,-0.480469,0.0,0.5554,-0.4112,0.009165,0.008295,0.008347,0.589394,1.056268
278396928,65096.4,-0.001218,0.369383,0.000283,-0.523438,0.0,0.557,-0.4036,0.00994,0.008882,0.007857,0.412376,0.954536
279183360,65127.7,-0.000939,0.378732,0.000299,-0.597656,0.0,0.5598,-0.3929,0.012116,0.010382,0.008305,0.416904,0.912553
279969792,65039.6,0.000287,0.380884,0.000304,-0.480469,0.0,0.562,-0.3845,0.007207,0.00577,0.005241,0.440656,0.813156
280756224,65072.0,0.00108,0.340143,0.000315,-0.494141,0.0,0.5628,-0.3819,0.010578,0.007171,0.007084,0.550723,1.036042
281542656,65104.4,-0.001628,0.308147,0.000299,-0.539062,0.0,0.5637,-0.3754,0.009787,0.00821,0.008096,0.504708,1.024825
282329088,65132.1,-0.004257,0.344843,0.000288,-0.515625,0.0,0.5642,-0.3688,0.009871,0.008692,0.007375,0.535113,1.035582
283115520,65101.6,0.001521,0.344052,0.000283,-0.511719,0.0,0.5649,-0.3633,0.009953,0.01049,0.009223,0.464693,0.952637
283901952,65134.2,0.002784,0.333124,0.000291,-0.496094,0.0,0.5663,-0.3548,0.008276,0.009961,0.008119,0.462882,0.996229
284688384,65165.5,0.002624,0.310056,0.000288,-0.474609,0.0,0.5677,-0.3452,0.011672,0.010477,0.008879,0.481906,0.959244
285474816,65143.1,0.004441,0.33504,0.00029,-0.464844,0.0,0.5684,-0.3369,0.006444,0.006081,0.00561,0.585643,1.090569
286261248,65175.7,0.001175,0.353605,0.000286,-0.496094,0.0,0.569,-0.3309,0.014211,0.007605,0.007275,0.625318,1.287342
287047680,65208.0,-0.004096,0.381069,0.000284,-0.535156,0.0,0.5694,-0.3269,0.008321,0.006665,0.006582,0.456261,1.023099
287834112,65239.0,0.000177,0.367804,0.000287,-0.507812,0.0,0.5708,-0.3196,0.010461,0.009113,0.007086,0.448435,1.054919
288620544,65207.3,-0.003994,0.361905,0.000297,-0.478516,0.0,0.5722,-0.3122,0.00533,0.006374,0.006737,0.499288,1.045372
289406976,65236.0,-0.004172,0.352009,0.000292,-0.490234,0.0,0.5736,-0.3058,0.006701,0.005459,0.005956,0.558276,1.155327
290193408,65263.1,-0.008185,0.349964,0.000282,-0.486328,0.0,0.5751,-0.2953,0.006902,0.005266,0.004841,0.602798,1.19672
290979840,65236.4,-0.002356,0.353049,0.000294,-0.464844,0.0,0.5764,-0.2868,0.010895,0.009254,0.008486,0.435885,1.176805
291766272,65268.1,-0.006116,0.326099,0.000289,-0.486328,0.0,0.577,-0.2741,0.010443,0.008369,0.008307,0.443148,1.089426
292552704,65300.0,-0.003647,0.316156,0.000295,-0.507812,0.0,0.5773,-0.2623,0.008864,0.006785,0.007054,0.443734,1.000221
293339136,65331.4,5.8e-05,0.295445,0.00029,-0.462891,0.0,0.5778,-0.2518,0.008049,0.00521,0.005713,0.46254,0.959169
294125568,65301.3,-0.003202,0.296573,0.000275,-0.453125,0.0,0.5785,-0.2423,0.014419,0.009234,0.00865,0.540353,1.049133
294912000,65331.2,0.002983,0.282746,0.000262,-0.435547,0.0,0.5789,-0.2305,0.008125,0.004979,0.005635,0.457011,1.0831
295698432,65358.5,0.00419,0.311475,0.000264,-0.451172,0.0,0.5793,-0.2225,0.005307,0.004967,0.003728,0.4438,0.999848
296484864,65274.5,-0.002654,0.298208,0.00027,-0.457031,0.0,0.5801,-0.2114,0.005239,0.004353,0.003658,0.415633,0.920738
297271296,65306.1,-0.004218,0.304443,0.000289,-0.470703,0.0,0.5801,-0.2045,0.012073,0.008726,0.007355,0.472535,0.92318
298057728,65338.2,-0.002202,0.31729,0.000292,-0.460938,0.0,0.58,-0.2011,0.007966,0.008083,0.006341,0.560613,1.069234
298844160,65369.7,-0.003115,0.317135,0.000291,-0.458984,0.0,0.5802,-0.1972,0.006396,0.006525,0.005141,0.577532,1.106825
299630592,65343.1,0.000526,0.366397,0.000293,-0.474609,0.0,0.5802,-0.1938,0.006383,0.006137,0.005617,0.472755,1.096115
300417024,65372.5,0.004606,0.374515,0.000293,-0.523438,0.0,0.5798,-0.1919,0.011202,0.011115,0.007691,0.469877,1.012664
301203456,65398.0,0.002292,0.363989,0.000288,-0.539062,0.0,0.5792,-0.1913,0.010469,0.009579,0.007986,0.505619,0.995476
301989888,65365.6,0.000853,0.354825,0.00028,-0.486328,0.0,0.5784,-0.187,0.009526,0.007812,0.006145,0.55894,0.975392
302776320,65393.7,-0.00283,0.318263,0.000265,-0.515625,0.0,0.5778,-0.1821,0.007886,0.006671,0.006375,0.629957,1.128814
303562752,65422.1,0.007205,0.331116,0.000264,-0.443359,0.0,0.5775,-0.1793,0.010586,0.007536,0.006432,0.415402,1.058743
304349184,65451.7,-0.008117,0.303666,0.000268,-0.474609,0.0,0.5772,-0.173,0.006879,0.005837,0.004878,0.445512,1.131833
305135616,65324.1,0.002844,0.39756,0.000289,-0.486328,0.0,0.5758,-0.1717,0.012893,0.010118,0.008967,0.491005,1.005987
305922048,65356.5,-0.000948,0.325621,0.000302,-0.476562,0.0,0.5754,-0.1689,0.01156,0.009898,0.008833,0.536063,1.129934
306708480,65388.7,0.001389,0.290092,0.000289,-0.464844,0.0,0.5755,-0.1648,0.007428,0.008164,0.006791,0.602608,1.153525
307494912,65420.0,0.001557,0.279665,0.000281,-0.449219,0.0,0.5749,-0.16,0.008918,0.007783,0.006544,0.626067,1.204448
308281344,65392.9,-0.005264,0.299089,0.000284,-0.445312,0.0,0.5753,-0.1544,0.013241,0.008261,0.008467,0.499568,1.230281
309067776,65422.1,-0.005172,0.300399,0.000281,-0.490234,0.0,0.576,-0.1449,0.013469,0.009499,0.007467,0.513735,1.216983
309854208,65450.9,-0.000532,0.296184,0.000272,-0.490234,0.0,0.5762,-0.1395,0.007075,0.00571,0.00492,0.511829,1.081013
310640640,65424.6,-0.002878,0.265868,0.000268,-0.451172,0.0,0.5771,-0.1312,0.005822,0.005051,0.004719,0.593893,1.121394
311427072,65454.1,0.002274,0.272023,0.000282,-0.46875,0.0,0.5785,-0.122,0.008631,0.007379,0.007145,0.591326,1.183686
312213504,65482.1,0.001191,0.281904,0.000279,-0.5,0.0,0.5795,-0.1162,0.007767,0.006205,0.006278,0.526472,1.203597
312999936,65510.4,0.001676,0.286147,0.000288,-0.515625,0.0,0.5801,-0.1103,0.005019,0.004049,0.004099,0.506493,1.070104
313786368,65379.5,0.001002,0.252753,0.000283,-0.447266,0.0,0.5807,-0.1015,0.007298,0.006419,0.005812,0.474131,1.033507
314572800,65408.5,-0.002069,0.231881,0.000275,-0.425781,0.0,0.5818,-0.092,0.008844,0.007863,0.006632,0.535557,1.13782
315359232,65437.6,-0.004088,0.228331,0.000273,-0.414062,0.0,0.5831,-0.084,0.006564,0.006644,0.005353,0.573662,1.203903
316145664,65412.9,0.002033,0.275111,0.000276,-0.460938,0.0,0.5836,-0.0788,0.007984,0.007075,0.006492,0.510094,1.249923
316932096,65441.1,-0.00204,0.268393,0.000261,-0.476562,0.0,0.5838,-0.071,0.010221,0.008849,0.008369,0.51924,1.200041
317718528,65470.1,0.00139,0.249712,0.000253,-0.480469,0.0,0.584,-0.0636,0.010262,0.007975,0.0063,0.511718,1.150131
318504960,65499.1,0.003153,0.232131,0.000252,-0.466797,0.0,0.5832,-0.0582,0.012927,0.010205,0.008247,0.52724,1.130653
319291392,65472.5,-0.007353,0.243785,0.000261,-0.443359,0.0,0.5828,-0.0537,0.009863,0.007751,0.006701,0.578174,1.187419
320077824,65498.7,0.000127,0.273443,0.000259,-0.414062,0.0,0.5823,-0.0507,0.012847,0.008354,0.00797,0.527225,1.427884
320864256,65524.6,-0.00092,0.298116,0.000271,-0.425781,0.0,0.5824,-0.0494,0.011312,0.008227,0.00763,0.475173,1.255355
321650688,65488.1,0.000844,0.307767,0.000267,-0.462891,0.0,0.5818,-0.0484,0.007622,0.006793,0.005858,0.496329,1.157432
322437120,65514.9,0.001114,0.292829,0.00025,-0.482422,0.0,0.5818,-0.0457,0.005193,0.005255,0.004675,0.510677,1.153138
323223552,65541.8,-0.000121,0.260883,0.000251,-0.464844,0.0,0.5811,-0.046,0.010251,0.008362,0.007692,0.582079,1.149234
324009984,65568.4,-0.003943,0.261145,0.000255,-0.453125,0.0,0.5811,-0.0461,0.010454,0.008474,0.007907,0.626005,1.164622
324796416,65537.0,-0.002658,0.296562,0.000264,-0.445312,0.0,0.5808,-0.0464,0.017294,0.008089,0.007272,0.513582,1.254227
325582848,65562.0,-0.003766,0.282909,0.00026,-0.457031,0.0,0.58,-0.0453,0.020083,0.009836,0.008098,0.54082,1.244615
326369280,65577.2,-9.8e-05,0.283669,0.000262,-0.429688,0.0,0.5787,-0.0429,0.011977,0.006367,0.005304,0.546316,1.234912
327155712,65547.7,-0.001015,0.281214,0.000261,-0.451172,0.0,0.5776,-0.0405,0.008683,0.005753,0.00522,0.580223,1.203368
327942144,65574.5,-0.00564,0.275106,0.000259,-0.417969,0.0,0.5771,-0.0367,0.011481,0.007051,0.007929,0.606941,1.217876
328728576,65601.6,0.003506,0.27011,0.000253,-0.425781,0.0,0.5772,-0.0317,0.009474,0.007016,0.007219,0.493811,1.325469
329515008,65627.7,-0.003,0.28696,0.000265,-0.451172,0.0,0.5772,-0.0282,0.007502,0.006091,0.006503,0.510932,1.253816
330301440,65598.9,-0.001741,0.322901,0.000281,-0.443359,0.0,0.5763,-0.0269,0.006792,0.007505,0.007309,0.553628,1.19473
331087872,65621.5,0.001953,0.306549,0.000291,-0.457031,0.0,0.5756,-0.0273,0.009272,0.008312,0.007748,0.560425,1.206924
331874304,65644.8,-0.003951,0.264684,0.000279,-0.449219,0.0,0.5749,-0.0271,0.007604,0.007166,0.006408,0.595922,1.212959
332660736,65661.5,-0.001754,0.256966,0.000294,-0.443359,0.0,0.5754,-0.0247,0.011465,0.009642,0.007873,0.583883,1.284676
333447168,65596.7,0.003959,0.26837,0.000264,-0.417969,0.0,0.5761,-0.02,0.009422,0.010256,0.008499,0.553583,1.300883
334233600,65603.0,-0.002648,0.247209,0.000264,-0.433594,0.0,0.576,-0.0151,0.011026,0.009546,0.008119,0.552391,1.345747
335020032,65609.7,-0.005015,0.252518,0.000257,-0.462891,0.0,0.5759,-0.0123,0.01021,0.008441,0.007558,0.616623,1.385044
335806464,65559.8,-0.000563,0.242558,0.000258,-0.46875,0.0,0.576,-0.0107,0.00805,0.007399,0.006715,0.604918,1.309656
336592896,65568.1,0.001301,0.242915,0.000248,-0.466797,0.0,0.5764,-0.0058,0.006517,0.005441,0.005018,0.650459,1.352032
337379328,65575.4,0.001902,0.293735,0.000252,-0.494141,0.0,0.5762,-0.0034,0.005996,0.005567,0.004903,0.593824,1.332829
338165760,65594.9,-0.001943,0.262534,0.000255,-0.472656,0.0,0.5767,-0.001,0.005797,0.004911,0.004955,0.546129,1.267159
338952192,65566.3,-0.001723,0.300892,0.000283,-0.439453,0.0,0.5769,-0.0015,0.00642,0.007071,0.006142,0.553513,1.256075
339738624,65590.6,-0.001251,0.253175,0.000279,-0.414062,0.0,0.5768,-0.0026,0.0075,0.006296,0.006351,0.595548,1.352834
340525056,65615.0,-0.002966,0.248182,0.000273,-0.414062,0.0,0.5762,-0.0034,0.008224,0.006262,0.006539,0.619217,1.309923
341311488,65551.1,-0.006011,0.267085,0.00027,-0.402344,0.0,0.5762,-0.0034,0.006125,0.004701,0.004459,0.543498,1.410341
342097920,65578.6,0.000543,0.259821,0.000272,-0.410156,0.0,0.5751,-0.0049,0.00537,0.005334,0.005743,0.519248,1.360704
342884352,65598.3,-0.005873,0.263431,0.000288,-0.429688,0.0,0.5736,-0.0072,0.008798,0.008636,0.008085,0.525464,1.305714
343670784,65618.3,0.003043,0.248148,0.000275,-0.435547,0.0,0.5721,-0.0096,0.006395,0.006431,0.005756,0.580955,1.392282
344457216,65589.0,-0.004758,0.224593,0.000285,-0.386719,0.0,0.5727,-0.0096,0.004996,0.005732,0.004353,0.634553,1.406009
345243648,65605.0,-0.006517,0.209513,0.000274,-0.394531,0.0,0.5738,-0.0067,0.009911,0.008497,0.007487,0.586161,1.564503
346030080,65628.3,-0.003719,0.213069,0.00026,-0.4375,0.0,0.5746,-0.004,0.010409,0.009389,0.007981,0.516295,1.440528
346816512,65594.1,0.005824,0.23662,0.000264,-0.414062,0.0,0.5769,0.0006,0.00829,0.007544,0.007567,0.485133,1.299738
347602944,65615.4,-0.00373,0.232673,0.00025,-0.412109,0.0,0.5787,0.0044,0.007251,0.007467,0.007854,0.534667,1.24769
348389376,65636.2,-0.003644,0.217179,0.000253,-0.417969,0.0,0.5807,0.0113,0.008896,0.008335,0.007387,0.552021,1.239928
349175808,65661.4,-0.000319,0.236309,0.00025,-0.410156,0.0,0.5825,0.0187,0.008084,0.008381,0.006602,0.590083,1.333925
349962240,65558.0,0.001251,0.262071,0.000265,-0.402344,0.0,0.5834,0.0219,0.009512,0.008561,0.006781,0.550752,1.434374
350748672,65579.6,-0.002121,0.254643,0.000288,-0.439453,0.0,0.5843,0.0244,0.00987,0.008575,0.006707,0.539139,1.517079
351535104,65596.4,-0.003238,0.235162,0.000284,-0.462891,0.0,0.5855,0.0294,0.009189,0.009038,0.008122,0.575078,1.349602
352321536,65559.8,-0.000797,0.222787,0.000281,-0.416016,0.0,0.5858,0.0329,0.005146,0.005223,0.004608,0.603656,1.375993
353107968,65579.1,-0.001267,0.198482,0.000271,-0.417969,0.0,0.5884,0.0425,0.00756,0.006231,0.006639,0.638192,1.453917
353894400,65593.3,0.00117,0.187955,0.000273,-0.402344,0.0,0.5918,0.0532,0.008753,0.008144,0.007739,0.583944,1.574499
354680832,65617.5,0.003307,0.210727,0.000274,-0.400391,0.0,0.5945,0.0607,0.008528,0.006989,0.006686,0.567652,1.44936
355467264,65580.3,-0.006072,0.227759,0.000281,-0.451172,0.0,0.5975,0.0694,0.008193,0.007372,0.006784,0.606359,1.429823
356253696,65601.3,-0.001214,0.236378,0.000291,-0.480469,0.0,0.5997,0.0752,0.010517,0.006634,0.006366,0.618801,1.410586
357040128,65622.8,0.002513,0.209812,0.000281,-0.445312,0.0,0.6019,0.0817,0.009214,0.007673,0.006683,0.718821,1.400243
357826560,65593.7,0.006933,0.239797,0.000274,-0.429688,0.0,0.6036,0.0881,0.009431,0.008401,0.006333,0.740204,1.514217
358612992,65611.9,-0.005218,0.246761,0.000295,-0.427734,0.0,0.6053,0.0934,0.008304,0.008941,0.008131,0.624864,1.515015
359399424,65632.7,-0.00261,0.235666,0.000296,-0.416016,0.0,0.6068,0.0993,0.007205,0.008491,0.00667,0.607738,1.418615
360185856,65647.9,-0.002857,0.237224,0.000313,-0.441406,0.0,0.6084,0.1045,0.007467,0.006241,0.005703,0.58851,1.452038
360972288,65612.3,-0.003955,0.221306,0.000309,-0.429688,0.0,0.6098,0.1098,0.006683,0.006187,0.005033,0.590328,1.379051
361758720,65630.9,-0.002368,0.22433,0.000309,-0.398438,0.0,0.6124,0.1154,0.008953,0.009699,0.007394,0.611627,1.410046
362545152,65649.9,-0.003993,0.208496,0.0003,-0.416016,0.0,0.6139,0.12,0.008195,0.006206,0.005557,0.651485,1.564506
363331584,65671.0,0.000896,0.238735,0.00029,-0.421875,0.0,0.6157,0.1259,0.007958,0.007619,0.006269,0.633845,1.50453
364118016,65645.6,-0.003901,0.191855,0.000282,-0.398438,0.0,0.6178,0.1316,0.009555,0.010238,0.007817,0.590721,1.462182
364904448,65667.5,-0.001122,0.197879,0.000273,-0.425781,0.0,0.6202,0.1364,0.009236,0.00828,0.007384,0.622225,1.486375
365690880,65686.8,0.003591,0.20159,0.00026,-0.4375,0.0,0.6233,0.1428,0.008559,0.005136,0.004207,0.623778,1.409307
366477312,65657.6,-0.002838,0.204645,0.000255,-0.431641,0.0,0.6243,0.1463,0.008468,0.004446,0.004305,0.606643,1.424936
367263744,65677.7,-0.004,0.196456,0.000267,-0.417969,0.0,0.6248,0.1524,0.007743,0.006703,0.005747,0.569206,1.40604
368050176,65698.0,-0.001963,0.207293,0.000277,-0.425781,0.0,0.6256,0.1579,0.010614,0.010138,0.008778,0.609439,1.462937
368836608,65718.5,-0.009135,0.203919,0.000286,-0.445312,0.0,0.6274,0.1635,0.01026,0.008217,0.007019,0.60671,1.479365
369623040,65691.3,-0.00466,0.248349,0.000304,-0.416016,0.0,0.6292,0.168,0.006396,0.005977,0.004971,0.608088,1.346037
370409472,65712.4,-0.001804,0.239717,0.000285,-0.421875,0.0,0.6309,0.1718,0.005545,0.004956,0.004356,0.644678,1.463028
371195904,65733.4,0.000178,0.278101,0.000298,-0.421875,0.0,0.6322,0.1746,0.007522,0.007068,0.006207,0.60761,1.465612
371982336,65710.3,-0.000221,0.269291,0.000303,-0.425781,0.0,0.6337,0.1788,0.009593,0.008671,0.007301,0.603266,1.506017
372768768,65731.1,0.002065,0.228956,0.000301,-0.40625,0.0,0.6343,0.1819,0.010499,0.009572,0.008208,0.633569,1.501833
373555200,65752.8,-0.000564,0.210983,0.00029,-0.457031,0.0,0.6345,0.1829,0.008205,0.007255,0.006069,0.653393,1.467579
374341632,65775.5,-0.004955,0.240314,0.000296,-0.451172,0.0,0.6346,0.1823,0.006204,0.005579,0.005433,0.723772,1.385495
375128064,65737.7,-0.00131,0.274207,0.000297,-0.425781,0.0,0.6341,0.1805,0.00615,0.005196,0.005025,0.569661,1.437323
375914496,65756.0,-0.000423,0.319038,0.000307,-0.427734,0.0,0.6338,0.1782,0.005956,0.005552,0.005453,0.605058,1.490013
376700928,65773.9,-0.004575,0.246517,0.000294,-0.466797,0.0,0.6329,0.1737,0.007323,0.006721,0.006494,0.625122,1.504271
377487360,65744.6,-0.000489,0.249691,0.000305,-0.445312,0.0,0.6323,0.1698,0.010148,0.006932,0.006935,0.721416,1.53131
378273792,65766.1,-0.001902,0.226097,0.000322,-0.4375,0.0,0.6339,0.1714,0.015008,0.009288,0.009097,0.727423,1.511369
379060224,65787.2,-0.000567,0.235617,0.000316,-0.423828,0.0,0.6356,0.1733,0.010106,0.006209,0.005884,0.663899,1.479909
379846656,65808.4,-0.003059,0.224667,0.000303,-0.453125,0.0,0.6367,0.1748,0.005458,0.004141,0.004054,0.64498,1.599855
380633088,65776.5,-0.001071,0.246707,0.000318,-0.425781,0.0,0.6376,0.1755,0.009845,0.006502,0.005719,0.667973,1.559453
381419520,65795.1,0.000171,0.208757,0.000302,-0.429688,0.0,0.6378,0.1746,0.008251,0.005424,0.005985,0.727407,1.660186
382205952,65812.6,-0.003368,0.215544,0.000298,-0.447266,0.0,0.6371,0.1714,0.010498,0.007028,0.007091,0.751894,1.52773
382992384,65779.2,-0.00205,0.216109,0.000306,-0.429688,0.0,0.6365,0.1694,0.009728,0.005375,0.005011,0.69645,1.606501
383778816,65796.5,-0.003975,0.227698,0.000311,-0.412109,0.0,0.6373,0.172,0.013213,0.008523,0.009612,0.589222,1.574135
384565248,65807.2,-0.006572,0.204029,0.000302,-0.410156,0.0,0.6377,0.1723,0.008016,0.006459,0.007214,0.583593,1.51061
385351680,65822.1,-0.002598,0.20679,0.000307,-0.419922,0.0,0.6381,0.1729,0.009049,0.008593,0.007809,0.599153,1.551428
386138112,65724.7,-0.002866,0.200229,0.000288,-0.414062,0.0,0.6392,0.1766,0.008226,0.008599,0.008254,0.660781,1.469777
386924544,65740.9,-0.002443,0.19406,0.000262,-0.410156,0.0,0.6397,0.1795,0.009313,0.008115,0.007744,0.689333,1.529414
387710976,65756.9,-0.003488,0.180661,0.000252,-0.419922,0.0,0.6401,0.1815,0.008514,0.007136,0.006472,0.644624,1.63323
388497408,65771.3,-0.001225,0.204242,0.000258,-0.445312,0.0,0.6403,0.1858,0.005682,0.005346,0.004448,0.656577,1.674594
389283840,65744.9,0.00652,0.210939,0.00028,-0.417969,0.0,0.6402,0.1886,0.008208,0.007115,0.00634,0.642471,1.509865
390070272,65763.8,-0.002949,0.183567,0.00029,-0.431641,0.0,0.6401,0.1909,0.010175,0.009001,0.006999,0.651447,1.524919
390856704,65783.6,-0.003835,0.17959,0.000287,-0.460938,0.0,0.6408,0.1927,0.007089,0.005483,0.004985,0.71624,1.469863
391643136,65753.6,0.00207,0.220823,0.000297,-0.419922,0.0,0.6418,0.1946,0.008838,0.005498,0.004861,0.660633,1.557943
392429568,65771.7,0.000175,0.183903,0.000309,-0.429688,0.0,0.6406,0.1927,0.013215,0.009282,0.009001,0.639618,1.53743
393216000,65789.3,-0.002273,0.193761,0.0003,-0.423828,0.0,0.6397,0.1927,0.010873,0.007272,0.006686,0.606889,1.417436
394002432,65808.8,-0.005676,0.194546,0.000307,-0.427734,0.0,0.639,0.1911,0.008875,0.007891,0.006782,0.636152,1.530828
394788864,65743.3,-0.003151,0.182792,0.000323,-0.400391,0.0,0.6392,0.1911,0.01031,0.009002,0.008044,0.687004,1.533702
395575296,65758.6,-0.006814,0.19212,0.000312,-0.457031,0.0,0.6394,0.1913,0.007391,0.007748,0.005903,0.75396,1.690472
396361728,65776.1,-0.002778,0.194029,0.000302,-0.451172,0.0,0.6393,0.1918,0.007828,0.007847,0.006113,0.702111,1.62136
397148160,65746.0,-0.00144,0.199936,0.000313,-0.423828,0.0,0.6388,0.1925,0.0062,0.006928,0.004829,0.608784,1.644185
397934592,65766.4,0.004513,0.184844,0.000309,-0.400391,0.0,0.6401,0.1972,0.009238,0.010613,0.007935,0.659278,1.633831
398721024,65786.2,0.006849,0.188597,0.000318,-0.378906,0.0,0.6418,0.203,0.004599,0.005559,0.004316,0.689289,1.612196
399507456,65801.4,-0.003101,0.178089,0.000327,-0.392578,0.0,0.6437,0.2087,0.010541,0.00775,0.006053,0.737965,1.697068
400293888,65773.5,-0.00451,0.189188,0.000306,-0.396484,0.0,0.6448,0.211,0.007814,0.008786,0.008727,0.691757,1.856935
401080320,65791.8,0.004272,0.186375,0.000307,-0.414062,0.0,0.646,0.2143,0.008515,0.008647,0.007942,0.700058,1.887014
401866752,65805.7,9.7e-05,0.17332,0.000285,-0.419922,0.0,0.6473,0.2179,0.008019,0.008837,0.009844,0.740717,1.849536
402653184,65777.5,-0.003977,0.179224,0.000298,-0.416016,0.0,0.6492,0.2239,0.007324,0.007905,0.006624,0.78322,1.805066
403439616,65792.7,-0.00162,0.169615,0.00031,-0.392578,0.0,0.6512,0.2315,0.007154,0.006798,0.007161,0.767178,1.824836
404226048,65805.9,-0.003713,0.175623,0.000296,-0.386719,0.0,0.6527,0.2396,0.009539,0.006949,0.006243,0.763317,1.836273
405012480,65825.0,-0.000838,0.204535,0.000298,-0.386719,0.0,0.6529,0.2434,0.009281,0.007762,0.005953,0.736316,1.868131
405798912,65794.7,-0.002391,0.205878,0.000293,-0.412109,0.0,0.6528,0.2477,0.007882,0.007965,0.006674,0.761047,1.882316
406585344,65813.2,0.001835,0.173715,0.000276,-0.455078,0.0,0.652,0.2509,0.009381,0.007594,0.007569,0.746405,1.759375
407371776,65831.9,-0.004085,0.188419,0.000274,-0.441406,0.0,0.6513,0.2518,0.008877,0.006436,0.006519,0.741676,1.576935
408158208,65807.9,-0.000898,0.184998,0.000277,-0.4375,0.0,0.651,0.2535,0.009995,0.008174,0.006605,0.765582,1.825291
408944640,65827.4,-0.001622,0.188726,0.00028,-0.380859,0.0,0.6506,0.2557,0.007489,0.00722,0.007036,0.708443,1.760485
409731072,65846.3,0.000305,0.178857,0.000286,-0.40625,0.0,0.6509,0.2572,0.007565,0.007177,0.006916,0.633591,1.785487
410517504,65865.9,0.007795,0.174132,0.000278,-0.410156,0.0,0.651,0.2586,0.009137,0.007783,0.00644,0.646824,1.694398
411303936,65837.6,-0.003606,0.201473,0.000289,-0.421875,0.0,0.6506,0.2587,0.006387,0.007602,0.006803,0.691945,1.638501
412090368,65850.7,-0.001194,0.187633,0.000275,-0.416016,0.0,0.6498,0.2607,0.008598,0.007285,0.00594,0.716445,1.554568
412876800,65868.4,0.003869,0.172856,0.000267,-0.417969,0.0,0.6496,0.2642,0.005656,0.005951,0.005344,0.707147,1.795197
413663232,65881.9,0.002001,0.176048,0.000271,-0.435547,0.0,0.6494,0.2656,0.006348,0.008415,0.006573,0.692407,1.776397
414449664,65858.9,0.00283,0.187728,0.000265,-0.425781,0.0,0.6495,0.2673,0.007651,0.00834,0.007155,0.768477,1.835518
415236096,65876.2,0.002979,0.185008,0.000271,-0.427734,0.0,0.6497,0.2697,0.008905,0.009252,0.006999,0.801613,1.834415
416022528,65894.1,-0.000453,0.135095,0.000266,-0.423828,0.0,0.65,0.2719,0.00777,0.007913,0.006561,0.805564,1.76081
416808960,65868.7,-0.001692,0.172026,0.00027,-0.423828,0.0,0.6502,0.2729,0.006664,0.006211,0.00526,0.767334,1.8607
417595392,65886.7,0.002018,0.188989,0.000286,-0.439453,0.0,0.6506,0.273,0.010179,0.0086,0.008427,0.719683,1.868686
418381824,65903.3,0.001878,0.177397,0.000294,-0.416016,0.0,0.6504,0.2741,0.009826,0.008001,0.007641,0.756115,1.774283
419168256,65916.5,0.00372,0.172646,0.000296,-0.427734,0.0,0.65,0.2743,0.007466,0.007479,0.007049,0.714887,1.696675
419954688,65895.0,-0.002969,0.161236,0.000291,-0.408203,0.0,0.6501,0.277,0.004619,0.004712,0.004639,0.686279,1.53804
420741120,65914.3,-0.001715,0.144915,0.000287,-0.419922,0.0,0.6511,0.2802,0.009542,0.008276,0.007564,0.733108,1.642845
421527552,65924.9,0.000288,0.149827,0.000272,-0.419922,0.0,0.6518,0.2833,0.009052,0.007834,0.006982,0.72344,1.872643
422313984,65889.9,-0.009069,0.14958,0.000283,-0.417969,0.0,0.6526,0.2878,0.006998,0.005739,0.004685,0.708317,1.766361
423100416,65907.1,-0.000518,0.162163,0.000289,-0.40625,0.0,0.6543,0.2926,0.00846,0.006556,0.006564,0.707642,1.801514
423886848,65925.0,-0.000737,0.149976,0.000289,-0.400391,0.0,0.6563,0.2972,0.008113,0.007036,0.00609,0.712409,1.640682
424673280,65942.5,-0.002769,0.154465,0.000276,-0.369141,0.0,0.6578,0.3009,0.007853,0.006096,0.005624,0.69128,1.630051
425459712,65913.6,-0.00846,0.162527,0.000295,-0.384766,0.0,0.6581,0.3025,0.007856,0.007075,0.008141,0.622446,1.82139
426246144,65930.4,0.00111,0.158118,0.00032,-0.390625,0.0,0.6588,0.3038,0.010828,0.008618,0.008672,0.619312,1.776674
427032576,65946.6,0.00024,0.149025,0.000326,-0.417969,0.0,0.6597,0.3066,0.007279,0.008109,0.007651,0.588147,1.615258
427819008,65922.4,-0.011214,0.140209,0.000311,-0.412109,0.0,0.6596,0.3092,0.008043,0.007982,0.006648,0.659474,1.467288
428605440,65941.5,-0.000103,0.171051,0.000309,-0.431641,0.0,0.6601,0.3112,0.008718,0.007426,0.006665,0.747545,1.553594
429391872,65959.3,-0.0008,0.162125,0.000289,-0.445312,0.0,0.6602,0.3132,0.008022,0.007362,0.005984,0.718478,1.578297
430178304,65970.8,-0.00108,0.165025,0.000291,-0.443359,0.0,0.6603,0.3141,0.006069,0.00525,0.004837,0.682275,1.625349
430964736,65948.2,-0.004862,0.169531,0.000296,-0.427734,0.0,0.6603,0.3153,0.007879,0.007035,0.0064,0.65223,1.6483
431751168,65966.1,-0.00172,0.149457,0.000304,-0.4375,0.0,0.6608,0.3175,0.007535,0.008816,0.00791,0.739379,1.732325
432537600,65980.6,0.000429,0.14858,0.000294,-0.449219,0.0,0.662,0.3203,0.007104,0.007066,0.006817,0.821646,1.701886
433324032,65954.3,0.005215,0.152686,0.000294,-0.464844,0.0,0.6633,0.3246,0.007231,0.007866,0.007024,0.920897,1.856318
434110464,65972.2,-0.002616,0.162976,0.000321,-0.46875,0.0,0.6642,0.3273,0.008045,0.007473,0.007566,0.694773,1.681033
434896896,65991.0,-0.001178,0.175044,0.000316,-0.441406,0.0,0.6649,0.3289,0.008956,0.007469,0.007011,0.658076,1.666782
435683328,66009.9,-0.006751,0.133958,0.000318,-0.417969,0.0,0.6661,0.3328,0.008201,0.006966,0.006278,0.674277,1.721418
436469760,65984.9,0.001396,0.166754,0.000321,-0.433594,0.0,0.6673,0.3345,0.012975,0.007794,0.006947,0.78458,1.699767
437256192,66000.4,-0.004434,0.149831,0.000302,-0.427734,0.0,0.6684,0.337,0.012134,0.008997,0.008051,0.819641,1.691997
438042624,66017.1,-0.001061,0.173682,0.000294,-0.417969,0.0,0.6689,0.34,0.010323,0.00738,0.006107,0.651368,1.748039
438829056,66032.3,-0.006075,0.162107,0.000307,-0.433594,0.0,0.6701,0.3428,0.008225,0.006051,0.00604,0.669618,1.718183
439615488,65998.3,-0.001107,0.175342,0.000297,-0.402344,0.0,0.6718,0.3454,0.00914,0.010485,0.0086,0.628124,1.596285
440401920,66011.5,-0.002406,0.151894,0.00029,-0.435547,0.0,0.6732,0.3478,0.009089,0.008537,0.007613,0.71833,1.663257
441188352,66028.9,-0.004484,0.161543,0.000305,-0.425781,0.0,0.6745,0.3486,0.008994,0.00913,0.007242,0.781848,1.704121
441974784,66006.5,0.003543,0.166818,0.000291,-0.470703,0.0,0.6756,0.3501,0.009335,0.008318,0.007078,0.75531,1.813333
442761216,66021.3,-0.003505,0.139018,0.000278,-0.458984,0.0,0.6759,0.3518,0.007987,0.008576,0.00714,0.834198,1.870518
443547648,66037.0,-0.006489,0.129513,0.000279,-0.443359,0.0,0.6762,0.3539,0.0081,0.008285,0.006695,0.769707,1.803102
444334080,66053.4,-0.001612,0.135307,0.000293,-0.451172,0.0,0.6764,0.3545,0.007272,0.008307,0.007628,0.771229,1.75514
445120512,66031.3,-0.004151,0.159298,0.000319,-0.408203,0.0,0.677,0.3558,0.006429,0.006989,0.008682,0.771428,1.579848
445906944,66049.5,-0.005244,0.156507,0.000323,-0.417969,0.0,0.6768,0.3553,0.006758,0.006896,0.007028,0.751298,1.655763
446693376,66068.1,0.003383,0.165633,0.000328,-0.410156,0.0,0.6771,0.3559,0.006683,0.005775,0.007259,0.707623,1.847553
447479808,66044.9,-0.003464,0.167041,0.000323,-0.464844,0.0,0.6784,0.3579,0.008299,0.007073,0.008123,0.779365,1.899438
448266240,66059.8,-0.005505,0.148263,0.000294,-0.474609,0.0,0.6788,0.3576,0.009198,0.009303,0.008767,0.87348,1.878112
449052672,66075.3,-0.001582,0.146087,0.000293,-0.455078,0.0,0.6788,0.3575,0.006774,0.007447,0.006632,0.867362,1.853275
449839104,66091.4,-0.002727,0.14537,0.000285,-0.433594,0.0,0.6787,0.3569,0.008479,0.006965,0.006917,0.870546,1.831342
450625536,66065.2,-0.002206,0.150494,0.000299,-0.412109,0.0,0.6786,0.3567,0.007966,0.007377,0.007956,0.759826,1.998156
451411968,66074.0,-0.004614,0.127413,0.000308,-0.423828,0.0,0.6781,0.357,0.0074,0.008454,0.008564,0.749354,1.974959
452198400,66090.2,-0.006206,0.136945,0.000318,-0.40625,0.0,0.6778,0.3579,0.008275,0.008141,0.007697,0.711318,1.886714
452984832,66069.8,0.001108,0.123618,0.000324,-0.380859,0.0,0.6781,0.3593,0.007872,0.007095,0.006303,0.702929,1.827926
453771264,66083.9,-0.003338,0.143118,0.000321,-0.388672,0.0,0.6773,0.3581,0.006516,0.006214,0.006616,0.777604,1.787426
454557696,66094.2,0.003719,0.170636,0.000327,-0.435547,0.0,0.6762,0.356,0.007369,0.006704,0.00685,0.844153,1.89199
455344128,66106.8,-0.002762,0.200904,0.00033,-0.464844,0.0,0.6749,0.353,0.007792,0.007274,0.006652,0.700655,1.789255
456130560,66079.0,-0.000293,0.203956,0.000324,-0.470703,0.0,0.6741,0.3497,0.007428,0.007194,0.006485,0.785985,1.878872
456916992,66093.7,-0.007424,0.161685,0.000304,-0.449219,0.0,0.6736,0.3501,0.008111,0.00857,0.007379,0.904267,1.904078
457703424,66104.3,0.004306,0.163331,0.000305,-0.460938,0.0,0.6734,0.3502,0.008436,0.00842,0.007527,0.984441,1.933497
458489856,66080.8,-0.002101,0.164474,0.000297,-0.498047,0.0,0.6737,0.3513,0.008459,0.006654,0.005864,1.02789,1.940194
459276288,66098.4,-0.004664,0.159582,0.000299,-0.460938,0.0,0.6735,0.3522,0.006229,0.006435,0.006978,0.888822,1.894095
460062720,66115.5,0.000771,0.161072,0.000312,-0.472656,0.0,0.6732,0.3525,0.008246,0.008443,0.007697,0.839313,1.987986
460849152,66127.3,0.005779,0.161452,0.000321,-0.427734,0.0,0.6735,0.3531,0.007148,0.00594,0.005644,0.936369,1.978944
461635584,66103.1,0.001562,0.167375,0.000324,-0.416016,0.0,0.6737,0.3534,0.01023,0.008429,0.006448,0.879444,1.974085
462422016,66118.0,-8.5e-05,0.158161,0.000318,-0.429688,0.0,0.6733,0.3534,0.008248,0.00885,0.007573,0.907145,1.973292
463208448,66133.7,-0.004335,0.145472,0.000312,-0.445312,0.0,0.6733,0.3541,0.006939,0.008349,0.006639,0.891338,2.048118
463994880,66149.3,0.000501,0.149866,0.000322,-0.445312,0.0,0.6732,0.3542,0.006937,0.007163,0.006278,0.841116,2.029564
464781312,66124.9,0.004915,0.167851,0.000339,-0.425781,0.0,0.673,0.3553,0.011154,0.008875,0.007914,0.799125,1.967354
465567744,66140.3,-0.002292,0.158589,0.000335,-0.427734,0.0,0.6735,0.3564,0.007221,0.007504,0.005838,0.797067,1.930105
466354176,66156.1,-0.004595,0.147474,0.000333,-0.419922,0.0,0.6738,0.3577,0.008345,0.007345,0.006193,0.833159,1.887994
467140608,66066.6,-0.002035,0.137772,0.000313,-0.410156,0.0,0.6731,0.3594,0.009164,0.007368,0.006823,0.847626,1.890552
467927040,66081.8,0.003602,0.161273,0.000312,-0.425781,0.0,0.6726,0.3604,0.008827,0.007592,0.00839,0.740047,1.887958
468713472,66097.7,-0.004384,0.142537,0.000315,-0.441406,0.0,0.6728,0.3632,0.006406,0.00653,0.006251,0.711562,1.808674
469499904,66114.0,0.001764,0.164201,0.00032,-0.402344,0.0,0.6722,0.3642,0.005279,0.005338,0.005333,0.787504,1.864997
470286336,66088.2,-0.006642,0.16577,0.000354,-0.431641,0.0,0.672,0.3635,0.010047,0.009268,0.008617,0.834269,1.883451
471072768,66103.2,0.000799,0.162628,0.00037,-0.439453,0.0,0.6719,0.3623,0.010034,0.00771,0.007287,0.829427,1.741556
471859200,66116.1,0.003577,0.15288,0.000367,-0.453125,0.0,0.6722,0.3615,0.006577,0.005932,0.005999,0.77801,1.853563
472645632,66092.2,-0.005824,0.173511,0.000365,-0.447266,0.0,0.6721,0.3609,0.005099,0.004482,0.004636,0.803661,1.813904
473432064,66107.4,0.00679,0.177487,0.000343,-0.433594,0.0,0.6723,0.3615,0.007233,0.008322,0.007766,0.814663,1.905191
474218496,66123.0,-0.003701,0.148335,0.000333,-0.435547,0.0,0.6723,0.3632,0.004987,0.005511,0.005083,0.817054,1.847405
475004928,66133.0,0.001708,0.143821,0.000334,-0.421875,0.0,0.6721,0.3637,0.005039,0.006527,0.006547,0.896089,1.951749
475791360,66017.3,-0.005843,0.158069,0.000325,-0.404297,0.0,0.671,0.3629,0.00765,0.00943,0.007489,0.809241,2.092621
476577792,66033.1,-0.002197,0.15964,0.000332,-0.412109,0.0,0.6704,0.3626,0.007371,0.0083,0.00729,0.77002,2.009405
477364224,66048.0,0.000654,0.154051,0.00031,-0.494141,0.0,0.6693,0.3616,0.008456,0.00786,0.006911,0.874546,2.052793
478150656,66022.5,0.008845,0.17197,0.000323,-0.494141,0.0,0.6686,0.3608,0.007445,0.006168,0.006344,1.042658,1.918758
478937088,66036.0,-0.002241,0.168565,0.000325,-0.482422,0.0,0.6658,0.3563,0.009711,0.00749,0.008456,1.007238,1.887233
479723520,66049.8,0.005542,0.199668,0.000343,-0.490234,0.0,0.6638,0.3507,0.006186,0.006282,0.006499,1.033378,1.942959
480509952,66067.9,-0.005084,0.205177,0.000343,-0.482422,0.0,0.662,0.3459,0.010244,0.007068,0.007285,0.861786,2.10944
481296384,66041.2,0.003247,0.258932,0.000355,-0.488281,0.0,0.66,0.3393,0.00736,0.005235,0.005445,0.916134,1.998631
482082816,66053.9,-0.004795,0.222694,0.000352,-0.503906,0.0,0.658,0.3333,0.008481,0.00655,0.006837,0.970627,1.993953
482869248,66066.5,0.002903,0.202612,0.000346,-0.460938,0.0,0.6563,0.3294,0.00722,0.007705,0.007483,0.991409,2.030471
483655680,66045.5,-0.005076,0.196456,0.000351,-0.476562,0.0,0.6551,0.3271,0.008474,0.00646,0.006763,0.984682,1.999319
484442112,66061.1,-0.005144,0.20043,0.00033,-0.443359,0.0,0.6536,0.3248,0.010392,0.008099,0.009839,0.881017,2.116442
485228544,66075.7,-0.004187,0.184265,0.000328,-0.474609,0.0,0.6517,0.3209,0.006441,0.007659,0.00671,0.90328,2.02222
486014976,66089.8,-0.001816,0.177884,0.000323,-0.507812,0.0,0.6497,0.3178,0.008464,0.006959,0.006685,0.96263,2.110899
486801408,66067.0,-0.00825,0.149849,0.000339,-0.482422,0.0,0.6482,0.3154,0.00847,0.006987,0.007083,1.119516,2.128446
487587840,66076.2,0.002677,0.122644,0.000328,-0.443359,0.0,0.6471,0.3143,0.007153,0.005695,0.007373,1.035939,2.059103
488374272,66090.2,-0.005529,0.122935,0.000312,-0.443359,0.0,0.6455,0.3128,0.012413,0.007909,0.007821,0.94466,2.06977
489160704,66104.4,-0.006322,0.124087,0.000328,-0.472656,0.0,0.6444,0.3117,0.008708,0.006588,0.006825,0.873975,2.12927
489947136,66083.1,-0.001644,0.133781,0.000322,-0.494141,0.0,0.6435,0.3104,0.008721,0.007183,0.0082,0.941894,2.0167
490733568,66094.4,-0.008604,0.122457,0.000336,-0.507812,0.0,0.6433,0.3107,0.009995,0.006448,0.006965,1.034386,2.003192
491520000,66108.3,-0.004602,0.113745,0.000322,-0.496094,0.0,0.6427,0.3113,0.009368,0.005646,0.006468,1.050154,1.91912
492306432,66089.6,0.003102,0.126664,0.000328,-0.472656,0.0,0.6424,0.3119,0.009034,0.005525,0.005843,0.986741,2.010556
493092864,66105.2,-0.00068,0.127745,0.000318,-0.466797,0.0,0.6427,0.3139,0.007379,0.007268,0.007685,0.902546,2.042826
493879296,66119.6,-0.006987,0.117626,0.000306,-0.466797,0.0,0.6432,0.3174,0.008515,0.006401,0.006264,0.922452,2.0513
494665728,66135.6,0.001045,0.106317,0.000309,-0.46875,0.0,0.6437,0.319,0.008259,0.006482,0.007319,0.917483,2.015266
495452160,66108.4,-0.006633,0.12,0.000322,-0.4375,0.0,0.644,0.3204,0.009236,0.007226,0.008736,0.972382,2.006295
496238592,66121.7,-0.002472,0.126679,0.00031,-0.427734,0.0,0.6442,0.3205,0.008952,0.006536,0.007143,0.985362,2.075632
497025024,66135.3,-0.003502,0.123151,0.000304,-0.429688,0.0,0.6445,0.3216,0.010227,0.00779,0.008456,0.848268,2.176054
497811456,66105.0,-0.000694,0.140095,0.000316,-0.470703,0.0,0.6453,0.3232,0.006997,0.006889,0.007821,0.833907,2.105266
498597888,66122.1,-0.003164,0.120898,0.000328,-0.441406,0.0,0.6465,0.3268,0.009112,0.007368,0.007771,0.879702,2.020915
499384320,66139.4,-0.001713,0.10493,0.000322,-0.464844,0.0,0.6476,0.3297,0.007909,0.007197,0.006412,0.946281,1.949069
500170752,66155.1,0.012961,0.126226,0.00033,-0.447266,0.0,0.6486,0.333,0.006972,0.005641,0.004894,1.049842,1.971048
500957184,61573.8,-0.000535,0.12759,0.000308,-0.482422,0.0,0.6494,0.3355,0.006512,0.007172,0.006262,1.004493,2.091936
501743616,61594.2,-0.000456,0.12287,0.000308,-0.511719,0.0,0.6495,0.3373,0.008454,0.006931,0.007133,1.068562,2.340329
502530048,61613.3,0.001662,0.115081,0.000318,-0.482422,0.0,0.65,0.3398,0.008707,0.008101,0.006678,1.064796,2.239923
503316480,61598.1,-0.000728,0.107349,0.000327,-0.470703,0.0,0.6505,0.3424,0.007358,0.006571,0.005886,1.06916,2.150261
504102912,61618.7,0.003448,0.116101,0.00031,-0.511719,0.0,0.6513,0.3458,0.007718,0.008086,0.007774,1.083814,2.098692
504889344,61638.6,-0.002117,0.108958,0.000302,-0.535156,0.0,0.6524,0.3482,0.007484,0.007602,0.007034,1.203425,2.088897
505675776,61659.3,-0.006174,0.112203,0.000289,-0.566406,0.0,0.6531,0.3503,0.006627,0.007027,0.007318,1.077626,2.177461
506462208,61639.8,-0.000434,0.123631,0.000323,-0.5625,0.0,0.6553,0.3548,0.007763,0.006681,0.006214,1.079047,2.054352
507248640,61659.8,-0.006911,0.096674,0.000321,-0.542969,0.0,0.658,0.3627,0.006079,0.006891,0.006357,1.132185,2.079392
508035072,61679.3,-0.000356,0.096833,0.000332,-0.519531,0.0,0.6601,0.3707,0.005962,0.006813,0.00592,1.103772,2.029079
508821504,61660.8,-0.008232,0.095074,0.000328,-0.546875,0.0,0.6628,0.3799,0.005552,0.004651,0.004525,1.118551,2.050107
509607936,61681.3,0.005229,0.129778,0.000321,-0.5,0.0,0.6642,0.3853,0.008645,0.00822,0.008255,0.980234,2.096141
510394368,61698.0,-0.001457,0.119602,0.000318,-0.515625,0.0,0.6662,0.3933,0.006686,0.008166,0.008046,0.960045,2.049884
511180800,61714.2,0.001852,0.117419,0.00032,-0.542969,0.0,0.6678,0.4003,0.009015,0.007491,0.007262,1.033691,2.003928
511967232,61696.5,-0.003993,0.11867,0.000328,-0.566406,0.0,0.6693,0.4069,0.006221,0.005363,0.005747,1.152731,1.978191
512753664,61716.1,0.001244,0.114768,0.000327,-0.558594,0.0,0.6708,0.4128,0.006943,0.006554,0.007025,1.284452,2.00508
513540096,61735.9,0.002635,0.108725,0.000315,-0.554688,0.0,0.6727,0.4192,0.007212,0.007069,0.007383,1.316253,2.217137
514326528,61754.8,-0.0035,0.099511,0.000323,-0.554688,0.0,0.6738,0.4233,0.006722,0.006185,0.007104,1.105515,2.129519
515112960,61739.3,-0.002014,0.138354,0.000326,-0.490234,0.0,0.6753,0.4269,0.008476,0.009552,0.009009,1.014759,1.988909
515899392,61759.6,-0.002148,0.128934,0.000355,-0.435547,0.0,0.6773,0.4285,0.009288,0.008896,0.009067,0.909883,2.022216
516685824,61779.4,0.004245,0.119754,0.000353,-0.482422,0.0,0.6801,0.4323,0.008736,0.00726,0.007597,0.93667,2.03712
517472256,61761.8,0.005156,0.122005,0.000353,-0.458984,0.0,0.6824,0.4359,0.007854,0.006584,0.00606,0.968297,2.079825
518258688,61781.9,0.001736,0.135916,0.000366,-0.435547,0.0,0.6832,0.4375,0.009199,0.007697,0.008063,0.894896,2.091938
519045120,61795.1,0.00049,0.121084,0.000361,-0.445312,0.0,0.6843,0.4391,0.006822,0.00525,0.005382,0.772095,1.882174
519831552,61811.0,0.001064,0.110928,0.000366,-0.451172,0.0,0.6854,0.4413,0.005884,0.006596,0.00599,0.824434,1.909558
520617984,61787.3,0.002837,0.154414,0.00035,-0.447266,0.0,0.6861,0.4414,0.005534,0.007143,0.007002,0.947204,2.012415
521404416,61800.8,-0.007514,0.117598,0.000328,-0.449219,0.0,0.6859,0.4401,0.006123,0.005955,0.006114,1.051044,2.087455
522190848,61819.4,0.002827,0.120051,0.000307,-0.519531,0.0,0.6858,0.4393,0.004967,0.005063,0.005711,1.057885,2.198826
522977280,61805.2,-0.000227,0.126867,0.000321,-0.5,0.0,0.6857,0.4378,0.006915,0.006972,0.006913,1.016471,2.096191
523763712,61825.4,-0.001457,0.096641,0.000347,-0.486328,0.0,0.6868,0.4398,0.007016,0.006637,0.007079,0.93245,1.974065
524550144,61845.9,-0.006794,0.098212,0.000369,-0.488281,0.0,0.6887,0.4435,0.0062,0.005974,0.006527,1.008543,1.930977
525336576,61865.4,-0.005172,0.088556,0.000357,-0.480469,0.0,0.6901,0.4464,0.007309,0.005399,0.006457,1.036234,1.944189
526123008,61822.7,0.002231,0.121217,0.000353,-0.486328,0.0,0.6906,0.4472,0.008731,0.006491,0.007108,1.044541,2.099531
526909440,61843.3,-0.002308,0.120586,0.000344,-0.546875,0.0,0.6908,0.4477,0.005944,0.006678,0.00774,0.957712,2.023999
527695872,61863.4,-0.006537,0.111052,0.00035,-0.466797,0.0,0.6916,0.4486,0.005608,0.005693,0.006212,0.947048,1.974816
528482304,61849.5,-0.006407,0.11669,0.000359,-0.484375,0.0,0.6925,0.4502,0.00531,0.005761,0.006766,1.015499,2.045984
529268736,61868.7,0.000419,0.114441,0.000352,-0.474609,0.0,0.6937,0.4514,0.007056,0.007152,0.008395,1.099589,2.052112
530055168,61885.4,0.004974,0.119939,0.000351,-0.466797,0.0,0.6946,0.4514,0.006656,0.006642,0.007978,1.125932,2.109815
530841600,61904.4,0.006252,0.132827,0.000347,-0.470703,0.0,0.6955,0.4513,0.008245,0.007657,0.007734,0.904697,2.127676
531628032,61883.3,0.000682,0.136307,0.00034,-0.507812,0.0,0.6968,0.4525,0.006854,0.00702,0.008047,0.945445,2.156883
532414464,61898.4,0.002321,0.119594,0.000348,-0.46875,0.0,0.6988,0.455,0.006007,0.006397,0.007103,1.062285,2.148149
533200896,61918.2,0.001891,0.112581,0.000344,-0.466797,0.0,0.7002,0.4569,0.010144,0.006945,0.007069,0.979123,2.024096
533987328,61867.5,-0.000253,0.11482,0.000351,-0.488281,0.0,0.7013,0.4588,0.005343,0.005491,0.005483,1.135686,2.087814
534773760,61880.6,0.000456,0.126885,0.000369,-0.488281,0.0,0.7027,0.4589,0.008602,0.007081,0.008456,0.922356,2.112772
535560192,61899.2,0.000379,0.117152,0.000355,-0.488281,0.0,0.7038,0.4597,0.008391,0.007432,0.007396,0.948203,2.146661
536346624,61911.3,0.002098,0.111679,0.000365,-0.496094,0.0,0.7051,0.4606,0.006757,0.006612,0.00661,0.900642,2.022539
537133056,61892.1,-0.003328,0.121011,0.000379,-0.474609,0.0,0.7069,0.4621,0.008571,0.006905,0.006471,0.921999,1.832066
537919488,61901.4,-0.001078,0.125563,0.000352,-0.472656,0.0,0.7099,0.4658,0.007719,0.007405,0.006965,1.023256,1.92312
538705920,61914.4,-0.006528,0.105649,0.000325,-0.466797,0.0,0.7131,0.4706,0.007452,0.006812,0.005962,1.078531,2.012392
539492352,61933.9,0.000519,0.117459,0.000324,-0.488281,0.0,0.7152,0.4735,0.007968,0.006827,0.006979,0.957792,2.234753
540278784,61918.4,-0.002021,0.116993,0.000331,-0.523438,0.0,0.7178,0.4767,0.00961,0.008978,0.009264,1.078854,2.148669
541065216,61936.9,-0.006583,0.096533,0.000318,-0.515625,0.0,0.7202,0.48,0.007532,0.008001,0.006457,1.06895,2.076906
541851648,61955.1,0.002886,0.106187,0.000325,-0.511719,0.0,0.7222,0.4821,0.007989,0.006135,0.007071,1.169495,2.211345
542638080,61935.9,-0.003358,0.103211,0.000325,-0.519531,0.0,0.724,0.4838,0.006895,0.007121,0.005901,1.298793,2.208117
543424512,61954.9,0.002727,0.110564,0.000333,-0.507812,0.0,0.7256,0.4876,0.009429,0.007238,0.007299,0.989784,2.200259
544210944,61973.5,-0.000406,0.106312,0.000335,-0.5,0.0,0.7264,0.4913,0.008252,0.006537,0.005959,1.031889,2.106687
544997376,61992.3,-0.002736,0.089085,0.00033,-0.494141,0.0,0.7268,0.4949,0.006057,0.005692,0.005646,0.938301,1.929562
545783808,61976.1,0.002984,0.137388,0.000361,-0.496094,0.0,0.7269,0.4967,0.010015,0.006471,0.007144,0.985701,1.894441
546570240,61988.6,0.001944,0.116527,0.000356,-0.490234,0.0,0.7272,0.4979,0.008137,0.007607,0.007206,1.064848,1.860679
547356672,62007.4,-0.000808,0.113718,0.000349,-0.482422,0.0,0.7273,0.4983,0.008397,0.007645,0.006984,1.120528,1.892929
548143104,61991.9,-0.002552,0.116015,0.000331,-0.503906,0.0,0.7272,0.4985,0.009437,0.006445,0.006196,0.881947,2.021063
548929536,62003.2,-0.004836,0.0916,0.000315,-0.455078,0.0,0.729,0.5037,0.008226,0.008506,0.007628,0.970511,2.104758
549715968,62022.1,0.000757,0.085923,0.000313,-0.451172,0.0,0.7314,0.5094,0.006668,0.007133,0.007316,0.885596,2.015605
550502400,62040.5,-0.002666,0.080694,0.000314,-0.462891,0.0,0.7342,0.5159,0.007221,0.006843,0.006077,0.941951,2.045448
551288832,62016.0,-0.002447,0.105434,0.000354,-0.464844,0.0,0.7361,0.5197,0.008278,0.007573,0.008667,1.151247,2.169667
552075264,62034.7,-0.00163,0.104073,0.000345,-0.478516,0.0,0.7367,0.5208,0.00724,0.007107,0.007811,0.920437,2.135268
552861696,62052.9,0.000875,0.11313,0.000346,-0.482422,0.0,0.7371,0.5215,0.007509,0.007937,0.00692,0.964593,2.130657
553648128,62032.5,0.004539,0.103752,0.000356,-0.507812,0.0,0.7378,0.5226,0.006056,0.006564,0.006576,1.05646,2.098522
554434560,62047.9,-0.002918,0.094841,0.000354,-0.474609,0.0,0.7385,0.5241,0.006909,0.007611,0.007712,1.016633,1.993476
555220992,62063.8,0.003655,0.088171,0.000358,-0.476562,0.0,0.7392,0.5256,0.006172,0.007576,0.006463,0.986639,1.862083
556007424,62074.4,-0.004671,0.099499,0.000353,-0.507812,0.0,0.7401,0.5273,0.005955,0.006568,0.006182,0.863102,2.00329
556793856,62058.0,-0.004431,0.117715,0.000343,-0.511719,0.0,0.7403,0.5289,0.006425,0.005871,0.006049,0.986847,2.008064
557580288,62075.7,-0.001673,0.106802,0.000348,-0.496094,0.0,0.7417,0.5312,0.010137,0.007004,0.007803,1.045167,2.158686
558366720,62093.6,-0.006646,0.089966,0.000367,-0.455078,0.0,0.7434,0.5351,0.007326,0.006417,0.006933,1.014106,2.107048
559153152,62044.3,1.3e-05,0.089074,0.000365,-0.460938,0.0,0.7448,0.5389,0.00604,0.004989,0.006104,1.058757,2.088427
559939584,62062.6,-0.00248,0.115953,0.000361,-0.460938,0.0,0.746,0.5408,0.008054,0.007766,0.008443,0.948161,2.199792
560726016,62074.8,0.004605,0.115047,0.00037,-0.455078,0.0,0.7467,0.542,0.007287,0.007701,0.00772,1.030897,2.226222
561512448,62093.3,0.003501,0.092836,0.000367,-0.449219,0.0,0.7485,0.545,0.005953,0.006825,0.006665,0.815188,1.983791
562298880,62071.0,0.004972,0.112216,0.000369,-0.460938,0.0,0.7505,0.5488,0.007561,0.006668,0.006673,0.855227,1.91721
563085312,62080.9,0.003201,0.1273,0.000368,-0.466797,0.0,0.7521,0.5504,0.005748,0.006117,0.00673,0.957027,1.998877
563871744,62093.7,0.000824,0.119555,0.000361,-0.511719,0.0,0.7541,0.5525,0.005453,0.00487,0.005336,1.168761,2.16692
564658176,62110.5,-0.005075,0.124411,0.000361,-0.527344,0.0,0.7548,0.5529,0.006325,0.006609,0.006034,1.059003,2.309906
565444608,62094.9,-0.002918,0.125646,0.000362,-0.511719,0.0,0.7548,0.5533,0.006517,0.00765,0.008173,1.101174,2.282528
566231040,62112.5,-0.009424,0.103199,0.000365,-0.507812,0.0,0.7549,0.5542,0.006863,0.009143,0.008201,1.167131,2.271204
567017472,62130.1,-0.000167,0.099516,0.000357,-0.53125,0.0,0.7551,0.5541,0.005259,0.007586,0.00783,1.12054,2.1697
567803904,62078.3,-0.001137,0.107692,0.000365,-0.523438,0.0,0.7556,0.5553,0.005771,0.006327,0.00693,1.441596,2.283653
568590336,62096.2,-0.002281,0.10598,0.000376,-0.503906,0.0,0.7563,0.5565,0.007118,0.006967,0.007146,1.042442,2.458692
569376768,62113.2,0.002047,0.100365,0.000372,-0.496094,0.0,0.7571,0.5571,0.006867,0.007016,0.007126,1.07101,2.411419
570163200,62130.7,-0.004657,0.100543,0.000384,-0.470703,0.0,0.7581,0.558,0.006347,0.006246,0.007028,1.033764,2.334476
570949632,62112.6,-0.0008,0.124088,0.000401,-0.443359,0.0,0.7596,0.5593,0.009944,0.008749,0.007527,0.974642,2.152596
571736064,62124.7,-0.001088,0.10239,0.000391,-0.441406,0.0,0.761,0.5608,0.005676,0.006555,0.006564,1.047241,2.188674
572522496,62142.0,0.004821,0.102264,0.000378,-0.439453,0.0,0.7625,0.5623,0.004952,0.005688,0.00483,1.218204,2.263121
573308928,62130.0,0.005717,0.100922,0.00037,-0.460938,0.0,0.7635,0.5632,0.005678,0.00625,0.006055,0.89298,2.272854
574095360,62148.4,-0.0079,0.092243,0.00039,-0.466797,0.0,0.7663,0.5688,0.007818,0.00672,0.006687,0.888499,2.186041
574881792,62165.5,0.001745,0.079119,0.000397,-0.457031,0.0,0.7689,0.5741,0.005346,0.005681,0.005897,0.917089,2.049304
575668224,62179.5,-0.000143,0.080317,0.000401,-0.4375,0.0,0.7717,0.5795,0.005335,0.005294,0.005372,0.928907,2.044937
576454656,62165.7,0.004208,0.102005,0.000385,-0.447266,0.0,0.7735,0.5818,0.007226,0.005593,0.006638,1.268873,2.379951
577241088,62183.4,-0.004739,0.092747,0.000361,-0.445312,0.0,0.774,0.582,0.007611,0.005791,0.007191,0.941131,2.325021
578027520,62199.2,0.000983,0.096712,0.000361,-0.429688,0.0,0.7746,0.5818,0.00747,0.006718,0.00752,0.916997,2.30019
578813952,62185.0,-0.010268,0.096199,0.00037,-0.429688,0.0,0.7754,0.5819,0.00589,0.005542,0.007045,0.871197,2.17052
579600384,62202.5,-0.001347,0.090389,0.000385,-0.429688,0.0,0.776,0.5829,0.006499,0.006342,0.006426,0.897195,2.084355
580386816,62220.0,0.001849,0.096941,0.000375,-0.455078,0.0,0.7769,0.5843,0.007058,0.006491,0.00603,1.087399,2.148397
581173248,62237.5,0.005431,0.104548,0.000368,-0.451172,0.0,0.7778,0.5859,0.005595,0.006156,0.00635,1.104083,2.332378
581959680,62224.2,0.002045,0.127055,0.000353,-0.5,0.0,0.7785,0.5871,0.004522,0.005404,0.005623,0.862243,2.214717
582746112,62239.6,-0.003886,0.120047,0.000347,-0.490234,0.0,0.7795,0.5879,0.006185,0.006939,0.006905,0.968928,2.202091
583532544,62252.8,-0.001713,0.119895,0.000356,-0.503906,0.0,0.7802,0.5883,0.006703,0.006687,0.007247,1.060208,2.157917
584318976,62241.6,-0.001869,0.118698,0.000346,-0.535156,0.0,0.7804,0.5871,0.006234,0.005637,0.005901,1.218083,2.016873
585105408,62259.4,-0.003931,0.092128,0.000352,-0.523438,0.0,0.7815,0.5898,0.006885,0.006006,0.006852,1.251367,2.262788
585891840,62276.1,-0.007457,0.103853,0.000356,-0.535156,0.0,0.7821,0.5909,0.007479,0.006248,0.007574,1.052613,2.291408
586678272,62294.0,-0.001355,0.076669,0.000361,-0.519531,0.0,0.7832,0.5933,0.007166,0.006849,0.006581,1.064725,2.218733
587464704,62280.6,0.000914,0.086079,0.000359,-0.523438,0.0,0.7842,0.5963,0.006199,0.005554,0.006143,1.136747,2.156262
588251136,62296.0,-0.006903,0.081722,0.000345,-0.496094,0.0,0.7842,0.5986,0.006008,0.006148,0.007773,1.134027,2.116642
589037568,62307.1,0.002763,0.091904,0.000353,-0.5,0.0,0.7838,0.5994,0.005882,0.005752,0.006045,1.158964,2.021861
589824000,62322.8,0.00314,0.09912,0.000357,-0.490234,0.0,0.7834,0.5998,0.005246,0.005104,0.006159,1.037833,2.261227
590610432,62309.8,0.001498,0.12096,0.000343,-0.527344,0.0,0.7827,0.5994,0.006352,0.006225,0.006885,0.974425,2.194281
591396864,62324.5,0.004094,0.099784,0.000342,-0.511719,0.0,0.7819,0.5996,0.006049,0.006706,0.007878,1.065188,2.241925
592183296,62341.0,0.002117,0.096463,0.000339,-0.542969,0.0,0.7812,0.6007,0.008665,0.00613,0.00778,1.117896,2.093079
592969728,62328.5,-0.001397,0.093998,0.000345,-0.503906,0.0,0.7812,0.6024,0.007167,0.006028,0.007364,1.271805,2.012652
593756160,62338.8,-0.001729,0.085628,0.000339,-0.46875,0.0,0.7811,0.604,0.007271,0.007394,0.007465,0.884009,2.207233
594542592,62356.1,-0.002659,0.086383,0.000351,-0.466797,0.0,0.781,0.6047,0.005236,0.006969,0.006321,0.907171,2.200398
595329024,62365.6,0.003387,0.091076,0.000355,-0.474609,0.0,0.7813,0.6065,0.005252,0.00655,0.006144,0.931394,2.199533
596115456,62354.5,-0.002664,0.108041,0.000346,-0.478516,0.0,0.7819,0.6079,0.006706,0.007525,0.0069,1.017873,2.170715
596901888,62371.1,-0.000824,0.087581,0.000331,-0.472656,0.0,0.7824,0.6096,0.006105,0.006836,0.005823,1.105354,2.230574
597688320,62387.0,-0.008672,0.082761,0.000323,-0.46875,0.0,0.7828,0.611,0.006298,0.005604,0.005718,1.262663,2.320178
598474752,62368.4,-0.005299,0.093505,0.000324,-0.480469,0.0,0.783,0.6128,0.005267,0.005029,0.005648,0.981364,2.38168
599261184,62379.5,-0.00676,0.079538,0.000348,-0.480469,0.0,0.7828,0.6143,0.007193,0.006215,0.00657,1.061125,2.448336
600047616,62393.2,0.00078,0.082923,0.000366,-0.480469,0.0,0.7828,0.6147,0.007383,0.005385,0.00621,1.143382,2.47916
600834048,62409.4,0.00153,0.097261,0.000364,-0.458984,0.0,0.7829,0.6144,0.005611,0.006551,0.006564,1.125449,2.388763
601620480,62398.0,0.002864,0.118658,0.000374,-0.519531,0.0,0.7827,0.6124,0.006243,0.006276,0.007102,1.298047,2.180457
602406912,62414.5,-0.001581,0.127707,0.000364,-0.511719,0.0,0.7821,0.6108,0.006946,0.005978,0.006794,1.108101,2.483974
603193344,62429.5,-0.00261,0.108819,0.00035,-0.546875,0.0,0.781,0.6081,0.00842,0.006624,0.007286,1.069188,2.280778
603979776,62413.8,-0.00133,0.106353,0.000342,-0.496094,0.0,0.7792,0.6043,0.007092,0.005309,0.004914,1.082418,2.193762
604766208,62422.7,-0.005751,0.119488,0.000349,-0.519531,0.0,0.7769,0.5999,0.007541,0.00632,0.006954,1.191225,2.24355
605552640,62430.9,-0.001889,0.110922,0.000349,-0.527344,0.0,0.7745,0.5953,0.005573,0.005509,0.005074,1.252178,2.11316
606339072,62442.5,-0.010015,0.119691,0.00034,-0.515625,0.0,0.7719,0.5906,0.004852,0.005875,0.004815,1.312923,2.130789
607125504,62429.8,0.00322,0.159494,0.000362,-0.507812,0.0,0.7698,0.5867,0.006828,0.007039,0.007497,1.051901,2.222133
607911936,62444.4,0.002857,0.14051,0.000377,-0.503906,0.0,0.7675,0.5815,0.00747,0.008519,0.007709,1.039622,2.174368
608698368,62461.4,0.005655,0.137618,0.000376,-0.527344,0.0,0.7655,0.577,0.005947,0.006498,0.006433,1.104467,2.105453
609484800,62448.9,-0.002399,0.142986,0.000377,-0.53125,0.0,0.7634,0.572,0.005815,0.006263,0.00616,1.259125,2.028593
610271232,62457.1,0.006184,0.169606,0.000343,-0.507812,0.0,0.762,0.568,0.004843,0.006969,0.006858,1.331318,2.031123
611057664,62471.9,0.004318,0.155982,0.000336,-0.5,0.0,0.7613,0.5657,0.006746,0.007018,0.007146,1.005534,2.222647
611844096,62488.1,-0.006601,0.139412,0.000333,-0.511719,0.0,0.7604,0.5634,0.008031,0.007887,0.007513,1.073694,2.224931
612630528,62476.0,-0.008683,0.144841,0.000365,-0.511719,0.0,0.7588,0.5593,0.007401,0.007667,0.007298,1.061948,2.144391
613416960,62491.9,0.001901,0.119476,0.00039,-0.515625,0.0,0.7569,0.5544,0.008305,0.00712,0.007197,1.159655,2.111398
614203392,62507.7,-0.006479,0.105244,0.000392,-0.527344,0.0,0.755,0.5498,0.006952,0.006899,0.006819,1.358547,2.10472
614989824,62524.0,-0.005937,0.122902,0.00039,-0.53125,0.0,0.7531,0.5438,0.006768,0.006275,0.006763,1.386171,2.092199
615776256,62510.2,-0.002269,0.178182,0.000399,-0.496094,0.0,0.7521,0.5394,0.00841,0.008139,0.008094,1.105994,2.403059
616562688,62522.0,-0.000282,0.140835,0.000396,-0.472656,0.0,0.7508,0.5342,0.00779,0.006665,0.008152,1.079136,2.150094
617349120,62537.8,-0.002684,0.122709,0.000382,-0.503906,0.0,0.7495,0.5296,0.006565,0.006509,0.007479,1.019018,2.00528
618135552,62527.1,-0.000753,0.132482,0.000391,-0.486328,0.0,0.7485,0.526,0.006091,0.005437,0.00704,1.268415,2.084108
618921984,62536.8,-0.0045,0.127295,0.000378,-0.472656,0.0,0.7478,0.5238,0.007858,0.006726,0.008317,1.319486,2.308368
619708416,62549.3,0.001478,0.11774,0.000386,-0.451172,0.0,0.7471,0.5224,0.00743,0.005755,0.006003,0.960479,2.316838
620494848,62562.1,-0.002663,0.116327,0.00039,-0.476562,0.0,0.7465,0.5206,0.006839,0.006637,0.006264,0.936756,2.21324
621281280,62547.0,-0.002008,0.101768,0.000387,-0.443359,0.0,0.7466,0.5198,0.005671,0.005411,0.006613,1.006433,2.169898
622067712,62559.9,-0.000924,0.093375,0.000397,-0.474609,0.0,0.7472,0.5198,0.00558,0.005305,0.006022,1.021927,2.112319
622854144,62570.2,-0.00168,0.088592,0.000389,-0.458984,0.0,0.7476,0.5198,0.005863,0.004416,0.005701,1.146633,2.070795
623640576,62556.8,-0.004411,0.100942,0.000398,-0.482422,0.0,0.7479,0.5205,0.005716,0.004535,0.005639,0.92244,2.20127
624427008,62572.8,0.00053,0.136435,0.000421,-0.490234,0.0,0.7484,0.5196,0.009848,0.007293,0.008485,1.007968,2.264674
625213440,62588.8,0.007773,0.121444,0.000422,-0.507812,0.0,0.7491,0.5191,0.007343,0.0069,0.008448,1.093203,2.304472
625999872,62604.4,-0.000288,0.10526,0.000429,-0.480469,0.0,0.7497,0.5184,0.008662,0.006126,0.006588,1.158375,2.321753
626786304,62596.2,-0.0001,0.113562,0.000406,-0.462891,0.0,0.7504,0.5179,0.007885,0.006288,0.007189,1.297531,2.336124
627572736,62612.5,-0.000878,0.096923,0.000385,-0.447266,0.0,0.7506,0.5175,0.007616,0.007229,0.009333,1.038718,2.530023
628359168,62625.7,-0.003733,0.120473,0.00039,-0.443359,0.0,0.7511,0.5172,0.007496,0.007046,0.007301,0.992672,2.525809
629145600,62614.4,-0.006921,0.104458,0.00039,-0.431641,0.0,0.7515,0.5179,0.006176,0.005687,0.005745,1.115172,2.557467
629932032,62624.3,-0.005577,0.088713,0.000373,-0.449219,0.0,0.753,0.522,0.005361,0.005643,0.006373,1.147241,2.566551
630718464,62638.8,-0.005727,0.076906,0.000383,-0.449219,0.0,0.7553,0.5263,0.006465,0.004748,0.005617,1.245644,2.614149
631504896,62653.1,-0.001353,0.088205,0.000386,-0.447266,0.0,0.7579,0.5304,0.005196,0.005222,0.005797,1.278019,2.646645
632291328,62637.4,-0.003786,0.101018,0.0004,-0.46875,0.0,0.7598,0.534,0.005936,0.004646,0.005972,1.027763,2.676159
633077760,62652.0,0.000217,0.09944,0.000401,-0.462891,0.0,0.7634,0.5406,0.006216,0.006643,0.006353,1.069425,2.559868
633864192,62667.9,0.002141,0.090916,0.000409,-0.462891,0.0,0.7671,0.5473,0.006029,0.005549,0.006881,1.148449,2.483394
634650624,62658.5,-0.001902,0.100011,0.000402,-0.451172,0.0,0.771,0.5539,0.004391,0.005307,0.005544,1.219834,2.335693
635437056,62674.3,-0.008619,0.089562,0.000424,-0.449219,0.0,0.775,0.5616,0.006143,0.006067,0.008023,1.188,2.325172
636223488,62690.2,-0.00075,0.092367,0.000435,-0.441406,0.0,0.7773,0.5661,0.007509,0.006204,0.006766,1.061819,2.694269
637009920,62706.1,-0.000292,0.088786,0.000432,-0.453125,0.0,0.7808,0.5735,0.005307,0.00523,0.005927,1.068953,2.562809
637796352,62698.4,-0.003601,0.097433,0.000443,-0.451172,0.0,0.7839,0.58,0.006673,0.005414,0.006128,1.078938,2.496159
638582784,62714.0,-0.004753,0.081314,0.000428,-0.447266,0.0,0.787,0.588,0.006448,0.005818,0.006596,1.098042,2.373123
639369216,62730.3,0.00237,0.081714,0.000428,-0.4375,0.0,0.7903,0.5956,0.006847,0.005449,0.005553,1.156081,2.360339
640155648,62746.8,-0.005994,0.072229,0.000415,-0.449219,0.0,0.7935,0.6033,0.005812,0.005218,0.005306,1.185269,2.405918
640942080,62737.8,-0.004264,0.102851,0.000389,-0.460938,0.0,0.7959,0.6087,0.010626,0.006561,0.008267,1.048136,2.391282
641728512,62750.0,-0.005086,0.081385,0.00039,-0.447266,0.0,0.7989,0.6149,0.010541,0.006282,0.006577,1.077502,2.477306
642514944,62765.1,0.000247,0.086914,0.000392,-0.484375,0.0,0.8015,0.62,0.009613,0.005634,0.006578,1.106457,2.427556
643301376,62752.0,0.001428,0.082847,0.000405,-0.466797,0.0,0.8042,0.628,0.006057,0.004775,0.00625,1.201383,2.182436
644087808,62760.7,-0.003145,0.091575,0.000396,-0.441406,0.0,0.807,0.635,0.00565,0.005899,0.006478,1.291482,2.4195
644874240,62775.8,-0.000858,0.093015,0.000402,-0.478516,0.0,0.809,0.6394,0.006068,0.005932,0.006938,0.976102,2.433251
645660672,62791.3,0.001828,0.089357,0.00039,-0.46875,0.0,0.8116,0.6451,0.00469,0.005206,0.0059,0.964038,2.304381
646447104,62775.1,-0.000819,0.09536,0.000407,-0.435547,0.0,0.8139,0.6504,0.007431,0.005854,0.007221,0.940508,2.22025
647233536,62790.3,-0.007317,0.070487,0.000396,-0.443359,0.0,0.816,0.6558,0.005614,0.005299,0.00651,0.984652,2.158321
648019968,62805.2,0.00384,0.089906,0.000412,-0.46875,0.0,0.8183,0.6601,0.005325,0.005615,0.006001,1.047025,2.088159
648806400,62792.1,0.002526,0.077924,0.000393,-0.455078,0.0,0.8197,0.6632,0.005835,0.00497,0.005482,0.983602,2.481524
649592832,62801.2,0.00047,0.077909,0.000394,-0.492188,0.0,0.8208,0.6655,0.006295,0.005055,0.006071,1.011773,2.354176
650379264,62816.5,0.002816,0.084165,0.000389,-0.5,0.0,0.8213,0.6672,0.005703,0.004983,0.005419,1.087287,2.301669
651165696,62832.1,-0.002778,0.079734,0.000387,-0.519531,0.0,0.8215,0.6679,0.006224,0.005608,0.005977,1.049684,2.133122
651952128,62823.8,-0.003618,0.081028,0.000392,-0.486328,0.0,0.8212,0.6692,0.005686,0.00547,0.00628,1.232675,2.127392
652738560,62839.6,0.003016,0.086916,0.000393,-0.480469,0.0,0.8208,0.6709,0.005648,0.006257,0.006114,1.028999,2.4306
653524992,62855.2,0.002753,0.084193,0.000391,-0.507812,0.0,0.8199,0.671,0.006701,0.00594,0.007334,1.074641,2.339426
654311424,62844.7,-0.001228,0.084499,0.000387,-0.511719,0.0,0.8191,0.672,0.005027,0.004726,0.006092,1.069808,2.226974
655097856,62858.7,-0.009804,0.082736,0.000412,-0.503906,0.0,0.8188,0.6736,0.005947,0.00557,0.006905,1.142339,2.258812
655884288,62873.8,-0.006831,0.081699,0.000421,-0.496094,0.0,0.8186,0.6753,0.00547,0.005538,0.005986,1.16108,2.193683
656670720,62888.9,0.002764,0.087494,0.000444,-0.476562,0.0,0.8189,0.6772,0.005026,0.005409,0.005846,1.242353,2.223771
657457152,62877.2,-0.006692,0.105287,0.000442,-0.519531,0.0,0.8189,0.6773,0.007069,0.007368,0.008437,1.055174,2.431242
658243584,62889.9,-0.003814,0.08271,0.000431,-0.470703,0.0,0.8183,0.6766,0.005708,0.006249,0.007301,1.158824,2.352762
659030016,62904.7,0.002002,0.081201,0.00043,-0.482422,0.0,0.8174,0.676,0.006494,0.005685,0.007099,1.096092,2.263852
659816448,62889.4,-0.007859,0.087119,0.000429,-0.535156,0.0,0.8169,0.6757,0.006209,0.004751,0.005659,1.26771,2.266857
660602880,62898.5,-0.001982,0.078766,0.000451,-0.486328,0.0,0.8174,0.6777,0.006506,0.0047,0.006156,1.362898,2.312125
661389312,62910.9,-0.006441,0.064362,0.000445,-0.496094,0.0,0.8177,0.6788,0.004725,0.005108,0.005631,1.129936,2.52511
662175744,62922.1,0.000907,0.075301,0.000434,-0.507812,0.0,0.8183,0.6806,0.005958,0.005663,0.00644,1.130832,2.449615
662962176,62910.5,-0.004588,0.092537,0.000436,-0.515625,0.0,0.8188,0.6824,0.004688,0.004882,0.005519,1.130193,2.267802
663748608,62916.8,-0.00228,0.073873,0.000389,-0.511719,0.0,0.8191,0.6834,0.0042,0.004786,0.006516,1.096826,2.148887
664535040,62925.1,0.004117,0.084038,0.0004,-0.515625,0.0,0.8192,0.6842,0.004605,0.005237,0.005149,1.15971,2.185114
665321472,62936.8,0.00032,0.089715,0.000405,-0.490234,0.0,0.8192,0.6837,0.005091,0.004944,0.00559,1.271208,2.171092
666107904,62924.0,-0.000676,0.086876,0.000418,-0.527344,0.0,0.8189,0.6844,0.00521,0.005952,0.007639,1.097433,2.430214
666894336,62936.1,-0.002447,0.069287,0.000416,-0.539062,0.0,0.8179,0.6841,0.006122,0.005589,0.006882,1.162847,2.29613
667680768,62947.6,-0.006723,0.078819,0.000437,-0.527344,0.0,0.8169,0.6827,0.005873,0.005261,0.005677,1.171406,2.34852
668467200,62935.7,-0.00134,0.082904,0.000423,-0.503906,0.0,0.8164,0.6819,0.004393,0.004599,0.006123,1.248199,2.255624
669253632,62943.4,-0.006819,0.071478,0.000393,-0.482422,0.0,0.8156,0.6817,0.006051,0.00555,0.007568,1.256261,2.184372
670040064,62952.3,-0.006226,0.070759,0.000388,-0.449219,0.0,0.8153,0.6821,0.004984,0.005835,0.006816,0.986551,2.410686
670826496,62966.9,-0.000341,0.075199,0.000398,-0.447266,0.0,0.8149,0.6825,0.005649,0.005339,0.006471,0.988457,2.419512
671612928,62958.2,0.004315,0.084676,0.000437,-0.453125,0.0,0.8151,0.683,0.006381,0.005556,0.006606,1.026566,2.288551
672399360,62972.2,9e-06,0.071773,0.000443,-0.460938,0.0,0.815,0.6836,0.00512,0.00532,0.006041,1.025166,2.209667
673185792,62986.4,-0.002857,0.067731,0.000451,-0.470703,0.0,0.8152,0.6848,0.005894,0.005384,0.005676,1.169992,2.229548
673972224,62975.6,-0.001031,0.088914,0.000442,-0.476562,0.0,0.8158,0.6859,0.00554,0.006665,0.006131,0.972604,2.474852
674758656,62990.2,0.000452,0.073467,0.00043,-0.480469,0.0,0.8166,0.6878,0.007994,0.006735,0.007074,1.080566,2.503623
675545088,63001.4,0.001005,0.077997,0.000428,-0.474609,0.0,0.8178,0.6887,0.007587,0.006745,0.00743,1.157053,2.529176
676331520,63015.9,-0.006251,0.06862,0.000438,-0.46875,0.0,0.8188,0.6909,0.005353,0.006062,0.005711,1.203662,2.454707
677117952,63006.9,-0.002629,0.086178,0.000484,-0.460938,0.0,0.8199,0.6926,0.005033,0.005566,0.006421,1.327786,2.43337
677904384,63019.7,-0.00111,0.058322,0.000472,-0.462891,0.0,0.821,0.6947,0.004295,0.004906,0.005283,1.341573,2.474475
678690816,63027.9,-0.001185,0.070723,0.00047,-0.46875,0.0,0.822,0.6965,0.004306,0.005426,0.006019,1.141396,2.62405
679477248,63013.6,0.004842,0.086448,0.000472,-0.455078,0.0,0.8238,0.6986,0.004599,0.004805,0.004841,1.134868,2.642521
680263680,63026.5,-0.000511,0.074529,0.000439,-0.429688,0.0,0.8252,0.7005,0.006403,0.00619,0.005645,1.129032,2.503653
681050112,63035.2,4e-06,0.068673,0.000446,-0.453125,0.0,0.8268,0.7029,0.004057,0.005303,0.005454,1.095685,2.362467
681836544,63043.7,0.000887,0.065873,0.000429,-0.460938,0.0,0.8291,0.7061,0.005614,0.00553,0.006103,1.259823,2.37803
682622976,63031.9,-0.005196,0.099422,0.000428,-0.496094,0.0,0.8304,0.7071,0.004754,0.005761,0.006525,1.049961,2.456464
683409408,63045.5,-0.00228,0.093816,0.00042,-0.5,0.0,0.8317,0.7076,0.006362,0.006566,0.007787,1.115384,2.477937
684195840,63058.9,-0.003281,0.086735,0.00043,-0.503906,0.0,0.8327,0.7079,0.006267,0.006136,0.006966,1.177025,2.34382
684982272,63050.5,-0.005778,0.08201,0.000437,-0.494141,0.0,0.8335,0.7085,0.005552,0.005608,0.00631,1.222515,2.361868
685768704,63062.8,-0.007362,0.089335,0.000459,-0.464844,0.0,0.8345,0.711,0.006233,0.00554,0.005899,1.346148,2.399287
686555136,63070.0,-0.000854,0.099896,0.000439,-0.484375,0.0,0.8351,0.7117,0.00759,0.006347,0.006745,1.038378,2.460845
687341568,63082.1,-0.00087,0.094035,0.000456,-0.470703,0.0,0.836,0.7128,0.007199,0.007333,0.006801,1.039637,2.442404
688128000,63073.8,-0.002173,0.105545,0.000446,-0.474609,0.0,0.8358,0.7125,0.007049,0.007161,0.006276,1.073437,2.368146
688914432,63087.5,0.006776,0.100614,0.000452,-0.46875,0.0,0.8343,0.709,0.006555,0.00738,0.006644,1.107352,2.351825
689700864,63101.4,-0.008238,0.089924,0.000448,-0.507812,0.0,0.8333,0.7059,0.005552,0.006278,0.006016,1.26844,2.407827
690487296,63115.2,-0.001734,0.098241,0.000471,-0.5,0.0,0.8322,0.7029,0.005964,0.006461,0.006161,1.302118,2.376044
691273728,63107.4,0.000544,0.104263,0.000475,-0.484375,0.0,0.8322,0.7029,0.00588,0.007557,0.007008,1.120023,2.55653
692060160,63121.4,-0.004491,0.088141,0.000468,-0.488281,0.0,0.8326,0.7032,0.004448,0.006061,0.005254,1.178869,2.535994
692846592,63131.4,-0.001494,0.085775,0.000476,-0.478516,0.0,0.833,0.7041,0.006964,0.006889,0.006746,1.195212,2.510736
693633024,63123.3,-0.003594,0.091158,0.000494,-0.474609,0.0,0.8339,0.7055,0.006219,0.006289,0.005479,1.222733,2.376312
694419456,63137.3,-0.005114,0.080228,0.000507,-0.451172,0.0,0.835,0.7068,0.006065,0.004934,0.005988,1.249957,2.41087
695205888,63151.4,0.002252,0.082869,0.000485,-0.457031,0.0,0.8358,0.7079,0.005594,0.006046,0.007246,1.107788,2.636744
695992320,63164.3,-0.003525,0.075757,0.000478,-0.484375,0.0,0.8369,0.71,0.005613,0.006362,0.006638,1.093108,2.543732
696778752,63156.3,-0.007617,0.069452,0.000441,-0.484375,0.0,0.8377,0.712,0.007647,0.005301,0.005552,1.13706,2.388305
697565184,63170.1,-0.006939,0.062911,0.000448,-0.478516,0.0,0.8391,0.7144,0.006105,0.005597,0.005736,1.157822,2.384733
698351616,63184.2,-0.006929,0.07167,0.000478,-0.480469,0.0,0.8403,0.7164,0.004765,0.006073,0.004565,1.207645,2.345166
699138048,63178.4,-0.005031,0.072904,0.00044,-0.494141,0.0,0.8409,0.7178,0.004641,0.005445,0.00532,1.157063,2.662002
699924480,63191.2,-0.002712,0.070177,0.000452,-0.496094,0.0,0.8418,0.7195,0.00671,0.006669,0.006151,1.181597,2.654145
700710912,63203.2,-0.00329,0.072479,0.000473,-0.482422,0.0,0.8428,0.7205,0.005301,0.005712,0.005468,1.248617,2.643263
701497344,63212.3,0.000347,0.062897,0.000462,-0.476562,0.0,0.8436,0.7219,0.005456,0.006319,0.006064,1.228007,2.546124
702283776,63200.6,-0.007514,0.089019,0.000485,-0.494141,0.0,0.8438,0.7226,0.005028,0.00455,0.004047,1.270811,2.334187
703070208,63214.1,-0.008599,0.077952,0.000443,-0.496094,0.0,0.8428,0.7218,0.005232,0.005427,0.004636,1.327732,2.294651
703856640,63228.1,0.004113,0.085024,0.00045,-0.496094,0.0,0.8421,0.7212,0.007254,0.004958,0.004662,1.011014,2.429141
704643072,63220.4,0.002181,0.097517,0.000456,-0.535156,0.0,0.8411,0.7198,0.004799,0.005534,0.004823,1.166276,2.3608
705429504,63233.3,-0.000481,0.095429,0.000457,-0.511719,0.0,0.8413,0.7196,0.007173,0.006824,0.006814,1.236573,2.380358
706215936,63245.7,0.001463,0.080428,0.000472,-0.503906,0.0,0.8418,0.7198,0.005598,0.004794,0.005376,1.255953,2.379488
707002368,63259.0,-0.006619,0.074929,0.000468,-0.5,0.0,0.8422,0.7206,0.004583,0.004645,0.005627,1.312393,2.338538
707788800,63235.7,-0.017898,0.078169,0.000464,-0.478516,0.0,0.8424,0.7212,0.0075,0.004252,0.005731,1.073569,2.497535
708575232,63249.5,0.002003,0.075289,0.000471,-0.474609,0.0,0.843,0.7222,0.006103,0.004446,0.0059,1.123073,2.559278
709361664,63263.1,-0.003096,0.075051,0.000461,-0.478516,0.0,0.8432,0.7222,0.00574,0.005286,0.006883,1.121331,2.480346
710148096,63254.6,-0.00025,0.07627,0.000454,-0.474609,0.0,0.8432,0.722,0.006396,0.005166,0.006048,1.127305,2.361166
710934528,63261.7,-0.002414,0.090876,0.000496,-0.466797,0.0,0.8433,0.7224,0.00682,0.005062,0.006783,1.233786,2.348759
711720960,63272.7,-0.000362,0.084278,0.000494,-0.472656,0.0,0.8433,0.7228,0.006712,0.005456,0.00663,0.985429,2.392218
712507392,63282.3,0.002129,0.090991,0.000513,-0.492188,0.0,0.8433,0.7227,0.007145,0.005524,0.00663,1.028578,2.435314
713293824,63269.9,-0.009428,0.08165,0.000462,-0.486328,0.0,0.8433,0.7221,0.006703,0.004701,0.006743,1.15671,2.293566
714080256,63280.2,-0.007881,0.072479,0.000427,-0.476562,0.0,0.8434,0.7224,0.005361,0.005148,0.00627,1.137242,2.276913
714866688,63287.7,-0.001686,0.06964,0.000419,-0.494141,0.0,0.8438,0.7232,0.005159,0.005596,0.005905,1.199717,2.337199
715653120,63251.0,0.001508,0.085228,0.000409,-0.474609,0.0,0.8447,0.7245,0.005263,0.005578,0.006147,1.289406,2.299709
716439552,63262.7,-0.000657,0.091624,0.00045,-0.5,0.0,0.8454,0.7258,0.006549,0.005699,0.007641,1.023404,2.574268
717225984,63275.3,0.005112,0.099886,0.000471,-0.484375,0.0,0.8468,0.7283,0.004577,0.006376,0.006372,1.102155,2.50299
718012416,63287.7,0.000317,0.090107,0.000474,-0.480469,0.0,0.8474,0.7299,0.005046,0.006181,0.007289,1.170692,2.429338
718798848,63280.4,3.3e-05,0.099682,0.000502,-0.46875,0.0,0.848,0.7308,0.005321,0.005316,0.005913,1.269719,2.351445
719585280,63293.5,-0.004887,0.07668,0.000516,-0.478516,0.0,0.8486,0.7319,0.006002,0.005919,0.006706,1.296625,2.338354
720371712,63296.2,0.006852,0.085776,0.000493,-0.464844,0.0,0.8489,0.7319,0.004832,0.005125,0.0059,1.101878,2.534602
721158144,63309.4,0.000693,0.081993,0.000482,-0.462891,0.0,0.8491,0.732,0.005875,0.006307,0.006176,1.084782,2.542693
721944576,63304.8,-0.006541,0.109436,0.000469,-0.507812,0.0,0.8495,0.7317,0.005701,0.006633,0.006536,1.125134,2.455684
722731008,63317.6,-0.003533,0.097095,0.000469,-0.511719,0.0,0.8501,0.7314,0.0053,0.005729,0.00589,1.196842,2.398967
723517440,63331.9,0.004376,0.097556,0.000453,-0.503906,0.0,0.8507,0.7307,0.005432,0.006387,0.007008,1.313665,2.327444
724303872,63300.1,-0.006013,0.101399,0.00047,-0.507812,0.0,0.8509,0.7301,0.006303,0.005138,0.005851,1.0738,2.494106
725090304,63313.9,0.005977,0.07969,0.00045,-0.496094,0.0,0.8509,0.7287,0.005561,0.00584,0.006716,1.112236,2.466949
725876736,63325.4,-0.012297,0.067757,0.000448,-0.496094,0.0,0.8506,0.7277,0.0049,0.005573,0.005772,1.157264,2.439826
726663168,63338.9,-0.004695,0.076779,0.000449,-0.496094,0.0,0.8505,0.7264,0.005515,0.005557,0.007096,1.163663,2.363745
727449600,63331.9,-0.003176,0.098561,0.000474,-0.53125,0.0,0.85,0.7243,0.004887,0.005984,0.0063,1.266478,2.287606
728236032,63344.2,-0.00886,0.071193,0.000458,-0.515625,0.0,0.8491,0.7229,0.005464,0.00577,0.00651,1.328638,2.216206
729022464,63357.6,0.002714,0.082436,0.00046,-0.474609,0.0,0.8483,0.7217,0.004408,0.004084,0.004531,1.092576,2.385558
729808896,63346.9,0.006468,0.089263,0.000454,-0.511719,0.0,0.8477,0.7203,0.005483,0.00416,0.005808,1.142048,2.493452
730595328,63353.9,0.001695,0.083005,0.00043,-0.496094,0.0,0.8479,0.7197,0.00601,0.006534,0.006609,1.169935,2.32632
731381760,63366.9,-0.001179,0.079475,0.000421,-0.53125,0.0,0.8479,0.7189,0.006597,0.005823,0.007358,1.260732,2.287448
732168192,63373.5,-0.004052,0.0766,0.000413,-0.523438,0.0,0.8476,0.7183,0.00753,0.006027,0.006312,1.311305,2.267972
732954624,63359.8,-0.004026,0.08418,0.000426,-0.523438,0.0,0.8471,0.7177,0.006175,0.005984,0.005477,1.108902,2.454164
733741056,63371.6,-0.004708,0.078906,0.000423,-0.519531,0.0,0.8456,0.7161,0.006425,0.006566,0.006335,1.130291,2.421166
734527488,63382.0,-0.002388,0.085879,0.000435,-0.535156,0.0,0.8438,0.7135,0.005747,0.005643,0.005397,1.177601,2.410927
735313920,63373.6,0.001031,0.075433,0.000462,-0.53125,0.0,0.8421,0.7115,0.005709,0.005157,0.005338,1.224148,2.316467
736100352,63386.5,-0.006264,0.081423,0.000432,-0.507812,0.0,0.8412,0.7101,0.005873,0.005465,0.005846,1.2889,2.250939
736886784,63398.4,-0.000839,0.070074,0.000431,-0.511719,0.0,0.8402,0.7097,0.006211,0.005503,0.005729,1.312496,2.335203
737673216,63406.3,0.000944,0.08244,0.000432,-0.496094,0.0,0.8401,0.7099,0.006342,0.006645,0.006328,1.088978,2.386184
738459648,63396.7,0.002074,0.077916,0.000455,-0.53125,0.0,0.8393,0.7095,0.005624,0.005795,0.00554,1.144337,2.313446
739246080,63410.0,0.004769,0.070776,0.000484,-0.511719,0.0,0.8381,0.7099,0.004729,0.005146,0.005434,1.203574,2.265913
740032512,63422.1,0.000558,0.068673,0.000482,-0.535156,0.0,0.837,0.7097,0.005498,0.005641,0.006182,1.338466,2.274439
740818944,63415.9,-0.005436,0.064564,0.000468,-0.511719,0.0,0.8363,0.7106,0.005161,0.004716,0.005548,1.474629,2.401274
741605376,63428.4,0.000879,0.067436,0.000467,-0.503906,0.0,0.8362,0.7109,0.006857,0.005519,0.005988,1.060843,2.420038
742391808,63435.7,-0.003079,0.068943,0.000457,-0.523438,0.0,0.8361,0.7109,0.005918,0.005957,0.005552,1.127753,2.451437
743178240,63442.0,-0.003467,0.057806,0.00047,-0.515625,0.0,0.836,0.7118,0.003993,0.00482,0.005326,1.19616,2.420743
743964672,63429.5,-0.00667,0.070015,0.000491,-0.503906,0.0,0.8361,0.7131,0.005294,0.004559,0.005123,1.305381,2.321663
744751104,63442.4,0.000304,0.072662,0.000482,-0.494141,0.0,0.8364,0.7142,0.005757,0.005543,0.00567,1.29068,2.27714
745537536,63455.5,0.004385,0.077638,0.000465,-0.542969,0.0,0.8366,0.7153,0.003653,0.005081,0.005914,1.046653,2.373371
746323968,63462.8,-0.004503,0.068558,0.000457,-0.546875,0.0,0.8371,0.7174,0.004686,0.005499,0.005399,1.110024,2.351963
747110400,63455.0,0.001041,0.076902,0.000463,-0.527344,0.0,0.8372,0.7193,0.006075,0.005336,0.006965,1.306412,2.493887
747896832,63466.8,-0.009569,0.06502,0.000477,-0.535156,0.0,0.8372,0.7208,0.00535,0.005134,0.005575,1.350173,2.396663
748683264,63475.0,0.000988,0.061997,0.00046,-0.550781,0.0,0.8375,0.7227,0.005174,0.004585,0.005011,1.413516,2.391402
749469696,63467.3,0.000621,0.06755,0.000473,-0.550781,0.0,0.8376,0.7241,0.004638,0.004998,0.005417,1.092679,2.4095
750256128,63480.3,0.004657,0.071635,0.000476,-0.53125,0.0,0.8372,0.726,0.004433,0.00626,0.006672,1.113309,2.441917
751042560,63486.9,-0.002366,0.061799,0.000472,-0.511719,0.0,0.8371,0.7282,0.004876,0.005996,0.005982,1.219495,2.429694
751828992,63493.3,-0.002584,0.05508,0.000482,-0.490234,0.0,0.8371,0.7308,0.004022,0.005623,0.005355,1.229089,2.432453
752615424,63484.7,0.001543,0.08546,0.00051,-0.515625,0.0,0.8376,0.7332,0.004466,0.006632,0.00574,1.319715,2.343331
753401856,63497.5,0.000909,0.07294,0.000472,-0.496094,0.0,0.8378,0.7343,0.00567,0.006163,0.005395,1.281145,2.258177
754188288,63510.2,-0.003318,0.075328,0.00048,-0.480469,0.0,0.8379,0.7348,0.005226,0.006268,0.004965,1.026865,2.397587
754974720,63503.0,-0.000646,0.089229,0.00046,-0.496094,0.0,0.8378,0.7364,0.006078,0.005592,0.005385,1.13877,2.465735
755761152,63513.9,0.00038,0.098752,0.000449,-0.496094,0.0,0.8382,0.7377,0.005591,0.004799,0.005314,1.205127,2.520887
756547584,63525.6,-0.001608,0.083406,0.000432,-0.5,0.0,0.8392,0.7392,0.006362,0.005792,0.005751,1.244087,2.494022
757334016,63538.8,-0.004741,0.076071,0.000435,-0.496094,0.0,0.84,0.7407,0.00551,0.004998,0.004994,1.305792,2.380283
758120448,63529.7,-0.006874,0.084657,0.000455,-0.5,0.0,0.8402,0.7413,0.006063,0.005423,0.005743,1.032733,2.44886
758906880,63542.0,0.004857,0.08789,0.000436,-0.527344,0.0,0.8402,0.7425,0.005282,0.005474,0.005345,1.103962,2.424325
759693312,63553.6,0.001489,0.088411,0.000473,-0.53125,0.0,0.8409,0.7442,0.005745,0.00547,0.005565,1.179603,2.365578
760479744,63544.8,-0.000231,0.086473,0.00047,-0.507812,0.0,0.8413,0.7448,0.005717,0.005748,0.006131,1.161052,2.182208
761266176,63558.3,-0.000906,0.070521,0.000443,-0.511719,0.0,0.8423,0.7466,0.00592,0.005465,0.005982,1.306572,2.291283
762052608,63571.4,-0.006817,0.06761,0.000452,-0.494141,0.0,0.8439,0.7493,0.003886,0.004977,0.005378,1.290145,2.391196
762839040,63584.9,-0.003555,0.068424,0.00045,-0.507812,0.0,0.8451,0.7509,0.005338,0.005257,0.004872,1.10481,2.568327
763625472,63574.8,-0.001239,0.071364,0.000453,-0.503906,0.0,0.8464,0.7535,0.004666,0.005535,0.005553,1.205989,2.42343
764411904,63587.9,-0.000879,0.063369,0.000488,-0.488281,0.0,0.8477,0.7557,0.00548,0.005615,0.00677,1.260261,2.504346
765198336,63600.9,-0.004666,0.053523,0.000478,-0.496094,0.0,0.8489,0.7572,0.005176,0.005493,0.00662,1.278113,2.444611
765984768,63593.6,0.00134,0.069782,0.000492,-0.507812,0.0,0.8499,0.7591,0.005027,0.005128,0.005881,1.332409,2.360997
766771200,63606.7,0.000639,0.071678,0.000491,-0.507812,0.0,0.8512,0.7609,0.004983,0.005462,0.006833,1.165923,2.486569
767557632,63619.9,0.00029,0.059609,0.000508,-0.503906,0.0,0.8532,0.7639,0.005723,0.005502,0.005411,1.099637,2.426519
768344064,63631.2,-0.009669,0.05735,0.000523,-0.507812,0.0,0.855,0.7668,0.004232,0.004764,0.005185,1.164392,2.384373
769130496,63618.1,0.001017,0.075855,0.000557,-0.494141,0.0,0.8563,0.7685,0.003928,0.00539,0.005462,1.352089,2.461316
769916928,63630.0,0.001404,0.056885,0.000544,-0.494141,0.0,0.8572,0.7705,0.004103,0.00426,0.005104,1.379367,2.464769
770703360,63641.4,0.001947,0.058337,0.000546,-0.482422,0.0,0.8581,0.7725,0.00427,0.004396,0.004246,1.214817,2.69595
771489792,63652.9,-0.009367,0.059538,0.000543,-0.470703,0.0,0.8589,0.7735,0.004744,0.005025,0.005546,1.165794,2.678372
772276224,63644.5,-0.000291,0.070393,0.000531,-0.476562,0.0,0.8597,0.7748,0.005914,0.005503,0.006027,1.212708,2.671087
773062656,63656.0,-0.003041,0.052503,0.000521,-0.441406,0.0,0.8605,0.7772,0.006354,0.004797,0.005922,1.226602,2.57445
773849088,63669.7,-0.001215,0.059314,0.000526,-0.460938,0.0,0.8612,0.7785,0.00485,0.004749,0.00613,1.243076,2.54121
774635520,63661.2,-0.005836,0.077332,0.000509,-0.460938,0.0,0.8618,0.7794,0.004267,0.004482,0.005752,1.104243,2.685015
775421952,63674.4,-0.00859,0.076322,0.000481,-0.460938,0.0,0.862,0.7794,0.004381,0.005946,0.006332,1.140419,2.642479
776208384,63686.8,-0.000489,0.084133,0.00048,-0.503906,0.0,0.8622,0.7791,0.004176,0.00544,0.00631,1.199716,2.621034
776994816,63698.0,-0.002353,0.072914,0.000474,-0.496094,0.0,0.8621,0.7786,0.004435,0.005503,0.005498,1.284235,2.596963
777781248,63671.5,-0.006068,0.075208,0.000533,-0.503906,0.0,0.8621,0.7777,0.004979,0.005623,0.007086,1.384008,2.521841
778567680,63684.0,-0.005319,0.06588,0.000518,-0.488281,0.0,0.8622,0.7774,0.004836,0.005251,0.005949,1.437646,2.575795
779354112,63696.7,-0.004731,0.07231,0.000545,-0.478516,0.0,0.8622,0.7769,0.006032,0.006591,0.005589,1.210408,2.767666
780140544,63689.3,-0.000995,0.084259,0.000525,-0.478516,0.0,0.8621,0.7759,0.005081,0.005683,0.005696,1.227491,2.723647
780926976,63702.2,0.002528,0.057905,0.000502,-0.453125,0.0,0.8627,0.7769,0.004029,0.004947,0.005336,1.208516,2.706958
781713408,63715.1,0.0013,0.075454,0.000514,-0.476562,0.0,0.8635,0.7778,0.004436,0.005265,0.006072,1.215357,2.554857
782499840,63727.9,-0.006319,0.062051,0.000515,-0.457031,0.0,0.8641,0.7788,0.004172,0.004301,0.004835,1.324376,2.497312
783286272,63724.3,-0.00467,0.074957,0.000522,-0.476562,0.0,0.8648,0.78,0.004937,0.004582,0.005333,1.122377,2.806881
784072704,63737.7,-0.001864,0.076998,0.000508,-0.480469,0.0,0.8655,0.7821,0.004183,0.006049,0.005459,1.195753,2.79148
784859136,63750.8,-0.001316,0.071192,0.000504,-0.494141,0.0,0.8663,0.7841,0.004137,0.004714,0.005457,1.276266,2.776959
785645568,63745.9,-0.003229,0.066011,0.000516,-0.488281,0.0,0.8673,0.7866,0.004754,0.004032,0.004872,1.349707,2.811526
786432000,63757.0,-0.003537,0.063603,0.00048,-0.494141,0.0,0.8688,0.7891,0.004815,0.005607,0.006388,1.424572,2.708635
787218432,63768.8,-0.001724,0.070553,0.00047,-0.492188,0.0,0.8706,0.7919,0.00449,0.004844,0.005502,1.430183,2.620749
788004864,63780.1,0.001839,0.076733,0.000476,-0.464844,0.0,0.8718,0.7937,0.005398,0.005439,0.005474,1.20136,2.784193
788791296,63774.2,-0.002477,0.084104,0.000487,-0.5,0.0,0.8737,0.7968,0.004009,0.005096,0.005528,1.163897,2.596346
789577728,63786.9,0.009585,0.079412,0.000506,-0.5,0.0,0.8744,0.7977,0.0047,0.005072,0.005193,1.305779,2.615355
790364160,63799.5,0.006475,0.075033,0.000507,-0.488281,0.0,0.8745,0.798,0.004217,0.00489,0.00535,1.283793,2.54025
791150592,63794.3,0.001228,0.076057,0.000508,-0.478516,0.0,0.8745,0.7982,0.005315,0.00439,0.004959,1.504825,2.383511
791937024,63806.6,-0.005525,0.063459,0.00051,-0.476562,0.0,0.8743,0.7979,0.006917,0.00615,0.007284,1.188566,2.748506
792723456,63812.4,-0.004343,0.07324,0.000523,-0.472656,0.0,0.8738,0.7972,0.006071,0.00603,0.007153,1.212865,2.679069
793509888,63819.6,-0.003577,0.059661,0.000533,-0.503906,0.0,0.8731,0.7965,0.004981,0.00509,0.005265,1.250903,2.664401
794296320,63798.1,-0.000829,0.066681,0.000539,-0.460938,0.0,0.8725,0.7957,0.004567,0.004386,0.005529,1.159318,2.45059
795082752,63811.2,-0.005497,0.069446,0.000515,-0.453125,0.0,0.8726,0.7947,0.006012,0.005811,0.007009,1.226635,2.484294
795869184,63823.9,-0.002763,0.072366,0.000513,-0.457031,0.0,0.8728,0.7937,0.005764,0.006405,0.007055,1.310714,2.531024
796655616,63836.9,-0.002207,0.073177,0.00053,-0.451172,0.0,0.873,0.7936,0.00506,0.004575,0.005881,1.080706,2.737671
797442048,63830.0,0.001787,0.066793,0.000496,-0.470703,0.0,0.8733,0.7945,0.004779,0.00533,0.006395,1.200209,2.725619
798228480,63842.2,-8.8e-05,0.059586,0.000511,-0.470703,0.0,0.8734,0.7947,0.005372,0.005127,0.005734,1.2197,2.717891
799014912,63854.3,0.003372,0.065981,0.000504,-0.470703,0.0,0.8733,0.7948,0.004559,0.00437,0.005392,1.292838,2.603128
799801344,63847.3,-0.005903,0.063277,0.000534,-0.462891,0.0,0.873,0.7949,0.004901,0.005375,0.005606,1.451537,2.479651
800587776,63859.3,0.001667,0.057351,0.000511,-0.503906,0.0,0.8726,0.7944,0.006171,0.005322,0.006166,1.049785,2.516014
801374208,63871.3,-0.009688,0.056121,0.000521,-0.494141,0.0,0.8725,0.7944,0.005518,0.005372,0.006073,1.1783,2.59952
802160640,63883.4,3.6e-05,0.064066,0.000523,-0.507812,0.0,0.8723,0.7943,0.005392,0.005029,0.006172,1.26311,2.609213
802947072,63877.7,0.002446,0.074654,0.000526,-0.488281,0.0,0.8726,0.7953,0.0048,0.004761,0.005678,1.275885,2.596087
803733504,63889.9,-0.004564,0.046723,0.000499,-0.472656,0.0,0.8733,0.7976,0.004953,0.004516,0.005488,1.29517,2.51719
804519936,63901.6,0.004761,0.060609,0.000491,-0.488281,0.0,0.8736,0.7986,0.004274,0.005254,0.005414,1.099643,2.560071
805306368,63895.5,-0.007203,0.056073,0.000475,-0.496094,0.0,0.8741,0.8003,0.004028,0.004571,0.005328,1.204765,2.710758
806092800,63907.7,-0.005218,0.049019,0.000504,-0.480469,0.0,0.8744,0.8025,0.006044,0.004794,0.006328,1.251221,2.731815
806879232,63919.8,-0.004558,0.050196,0.000508,-0.46875,0.0,0.8747,0.8041,0.004323,0.004159,0.004868,1.288922,2.683353
807665664,63931.7,-0.00487,0.048355,0.000512,-0.478516,0.0,0.8749,0.8057,0.004162,0.004278,0.004701,1.355241,2.682475
808452096,63925.9,0.003446,0.070282,0.000543,-0.470703,0.0,0.875,0.8065,0.00495,0.004275,0.005815,1.133293,2.709996
809238528,63938.2,-0.002931,0.071641,0.000557,-0.488281,0.0,0.8748,0.8066,0.004631,0.005182,0.005818,1.155812,2.64701
810024960,63950.6,-0.001081,0.068263,0.000576,-0.511719,0.0,0.8746,0.8068,0.004771,0.004976,0.005264,1.24149,2.736253
810811392,63945.2,0.00274,0.064126,0.000567,-0.496094,0.0,0.8746,0.8076,0.003943,0.004169,0.004731,1.300815,2.5619
811597824,63958.1,-0.000678,0.053511,0.00052,-0.46875,0.0,0.874,0.8072,0.005275,0.005362,0.005302,1.332915,2.537204
812384256,63970.9,-0.00279,0.062207,0.000522,-0.451172,0.0,0.8735,0.8066,0.006343,0.005697,0.005661,1.34711,2.458381
813170688,63977.0,0.001602,0.075562,0.000499,-0.46875,0.0,0.8732,0.8061,0.004605,0.005427,0.005767,1.180254,2.9349
813957120,63942.9,0.000809,0.071747,0.000493,-0.486328,0.0,0.8728,0.8055,0.004196,0.005451,0.006295,1.268788,2.921377
814743552,63954.9,0.001383,0.060448,0.000492,-0.492188,0.0,0.8726,0.8059,0.004097,0.005319,0.005652,1.289606,2.808598
815529984,63967.1,-0.009236,0.043773,0.000483,-0.494141,0.0,0.8723,0.8068,0.00371,0.00557,0.005652,1.354025,2.663908
816316416,63955.7,0.004378,0.054236,0.00049,-0.492188,0.0,0.8719,0.8073,0.004482,0.00502,0.005159,1.492724,2.411417
817102848,63965.9,-0.00459,0.062661,0.000492,-0.476562,0.0,0.872,0.808,0.005034,0.005129,0.005553,1.196136,2.874956
817889280,63977.6,-0.001019,0.050816,0.000481,-0.46875,0.0,0.8723,0.809,0.004401,0.00607,0.005969,1.203099,2.739924
818675712,63989.1,0.000617,0.051777,0.000506,-0.474609,0.0,0.8727,0.8101,0.004649,0.005912,0.006116,1.26881,2.692546
819462144,63982.6,-0.009406,0.06969,0.000519,-0.478516,0.0,0.873,0.8112,0.004803,0.005117,0.006212,1.268294,2.471779
820248576,63994.7,-0.007919,0.064072,0.000514,-0.482422,0.0,0.8733,0.812,0.004409,0.005653,0.005974,1.335865,2.443078
821035008,64006.9,-0.00503,0.065598,0.000516,-0.453125,0.0,0.8735,0.8126,0.00527,0.006105,0.006346,1.291863,2.351069
821821440,64019.0,-0.007911,0.07858,0.000518,-0.472656,0.0,0.8738,0.8128,0.004157,0.004745,0.004897,1.108138,2.80016
822607872,63990.8,-0.004603,0.077167,0.000484,-0.457031,0.0,0.8737,0.8132,0.003894,0.004234,0.005955,1.126397,2.760737
823394304,64002.0,-0.000192,0.070675,0.000497,-0.458984,0.0,0.8734,0.8139,0.004754,0.005976,0.006628,1.207671,2.731417
824180736,64012.7,0.000219,0.063067,0.000501,-0.425781,0.0,0.8728,0.814,0.00499,0.005021,0.006026,1.240823,2.673276
824967168,64005.6,-0.003679,0.071962,0.000499,-0.460938,0.0,0.8724,0.8137,0.004806,0.005284,0.006191,1.409264,2.69173
825753600,64017.4,0.001799,0.075632,0.000488,-0.449219,0.0,0.8722,0.8128,0.005679,0.005913,0.006802,1.195617,2.962523
826540032,64029.1,-0.002797,0.06795,0.000484,-0.447266,0.0,0.8725,0.8133,0.004394,0.004222,0.005998,1.283713,3.050032
827326464,64040.8,-0.000145,0.061332,0.000483,-0.470703,0.0,0.8725,0.8128,0.004078,0.004273,0.00582,1.299737,2.945057
828112896,64035.4,0.004197,0.063356,0.000478,-0.474609,0.0,0.8726,0.8128,0.004927,0.005234,0.0066,1.362575,2.77265
828899328,64047.5,0.007766,0.062278,0.000466,-0.449219,0.0,0.8725,0.8123,0.003436,0.004529,0.004618,1.421252,2.75994
829685760,64059.8,-0.005619,0.055378,0.000481,-0.464844,0.0,0.8721,0.8119,0.004453,0.004256,0.005005,1.207028,2.943895
830472192,64054.7,-0.005494,0.068476,0.000495,-0.464844,0.0,0.872,0.8119,0.005013,0.00489,0.005957,1.238881,2.96639
831258624,64066.9,0.001115,0.065618,0.000616,-0.458984,0.0,0.8714,0.8108,0.004397,0.004891,0.005459,1.339528,2.910794
832045056,64076.5,-0.007374,0.060593,0.000609,-0.460938,0.0,0.8708,0.8094,0.00444,0.004191,0.00493,1.318786,2.759434
832831488,64088.4,-0.003105,0.053804,0.000604,-0.494141,0.0,0.8703,0.8084,0.003802,0.004041,0.005104,1.337498,2.683459
833617920,64082.0,-0.004804,0.061946,0.00053,-0.490234,0.0,0.8701,0.8077,0.003688,0.004961,0.006406,1.275386,2.951771
834404352,64093.8,0.004208,0.076102,0.000518,-0.490234,0.0,0.8699,0.807,0.004614,0.004895,0.00637,1.324793,3.065428
835190784,64105.5,0.001786,0.06515,0.000537,-0.503906,0.0,0.8699,0.806,0.005175,0.004672,0.006791,1.35876,2.976551
835977216,64100.1,0.001427,0.068682,0.00054,-0.490234,0.0,0.8697,0.8048,0.004571,0.004701,0.005553,1.428649,2.892231
836763648,64112.1,-0.000526,0.066838,0.000506,-0.460938,0.0,0.8695,0.8041,0.008225,0.005012,0.006661,1.447717,2.869791
837550080,64124.1,-0.008915,0.061405,0.000504,-0.449219,0.0,0.8693,0.8041,0.005122,0.005236,0.005371,1.465648,2.819957
838336512,64136.2,-0.002165,0.091718,0.000514,-0.462891,0.0,0.8693,0.8035,0.004895,0.005669,0.006387,1.218084,3.012786
839122944,64124.8,0.000947,0.104091,0.000496,-0.457031,0.0,0.8696,0.8027,0.004282,0.005703,0.005833,1.262319,3.039743
839909376,64132.3,-0.008231,0.068144,0.000479,-0.455078,0.0,0.8702,0.8028,0.004025,0.005316,0.005568,1.300738,2.994473
840695808,64143.7,-0.006768,0.071596,0.000486,-0.435547,0.0,0.8706,0.8035,0.004563,0.004792,0.005081,1.358556,2.845803
841482240,64137.8,-0.006187,0.068461,0.000501,-0.431641,0.0,0.8708,0.8034,0.004837,0.004288,0.005096,1.453956,2.789065
842268672,64150.1,-0.001191,0.065541,0.000485,-0.447266,0.0,0.8706,0.8029,0.005606,0.005101,0.006463,1.196728,3.106471
843055104,64162.4,-0.001878,0.067365,0.000484,-0.451172,0.0,0.8702,0.802,0.004393,0.004794,0.00601,1.233718,3.045096
843841536,64174.8,-0.00334,0.061054,0.000492,-0.462891,0.0,0.8698,0.8007,0.003845,0.004092,0.005943,1.26141,2.971637
844627968,64170.4,-0.00502,0.066641,0.000542,-0.447266,0.0,0.8697,0.8002,0.003552,0.004126,0.004648,1.386243,2.866476
845414400,64182.6,-0.000592,0.059109,0.000577,-0.458984,0.0,0.8697,0.8002,0.003681,0.004695,0.005055,1.384514,2.760725
846200832,64194.9,-0.000759,0.05278,0.000558,-0.488281,0.0,0.8694,0.7999,0.004323,0.004371,0.005384,1.433103,2.646931
846987264,64207.3,0.01091,0.063298,0.000562,-0.498047,0.0,0.8694,0.8,0.003962,0.004042,0.005043,1.234138,2.896315
847773696,64201.1,-0.00029,0.071105,0.000481,-0.486328,0.0,0.8702,0.8011,0.005417,0.005739,0.007331,1.370025,2.94687
848560128,64211.0,-0.004241,0.058522,0.000521,-0.478516,0.0,0.871,0.8024,0.003962,0.005344,0.005775,1.45149,2.920639
849346560,64222.7,0.000788,0.058434,0.000542,-0.464844,0.0,0.8721,0.8044,0.005566,0.004992,0.006111,1.467319,2.930627
850132992,64217.8,-0.007902,0.065404,0.000562,-0.494141,0.0,0.873,0.8061,0.004382,0.00467,0.005654,1.50609,2.63694
850919424,64227.8,-0.002156,0.070077,0.000532,-0.492188,0.0,0.8733,0.8065,0.004932,0.004541,0.006034,1.310567,2.959046
851705856,64239.0,0.003047,0.061349,0.000513,-0.511719,0.0,0.8743,0.8082,0.003831,0.004379,0.004665,1.428441,3.088055
852492288,64251.1,0.003122,0.052655,0.000518,-0.507812,0.0,0.8755,0.8102,0.003995,0.004229,0.00455,1.515791,3.022734
853278720,64245.3,-0.00266,0.068032,0.000553,-0.5,0.0,0.8762,0.8115,0.006047,0.005861,0.006827,1.481403,2.834227
854065152,64257.1,-0.003096,0.058345,0.000541,-0.492188,0.0,0.8765,0.8119,0.004152,0.00513,0.005394,1.596854,2.844055
854851584,64267.7,-0.004177,0.061878,0.000543,-0.464844,0.0,0.8768,0.8118,0.005366,0.005626,0.004903,1.587525,2.862233
855638016,64262.1,-0.000908,0.059869,0.000532,-0.46875,0.0,0.8774,0.8126,0.004407,0.005697,0.005818,1.402927,3.312444
856424448,64273.1,-0.005418,0.059398,0.000554,-0.439453,0.0,0.8781,0.8139,0.004759,0.005313,0.005061,1.453872,3.20785
857210880,64284.7,-0.000534,0.065646,0.000563,-0.462891,0.0,0.8793,0.8155,0.004428,0.004535,0.004844,1.446169,3.186082
857997312,64296.0,0.001946,0.062673,0.000565,-0.458984,0.0,0.8803,0.817,0.004188,0.005018,0.005199,1.501142,3.136959
858783744,64286.3,4e-06,0.07154,0.000588,-0.449219,0.0,0.8811,0.818,0.004403,0.006104,0.005438,1.527267,2.982342
859570176,64296.2,-0.001728,0.062878,0.000583,-0.451172,0.0,0.8817,0.8188,0.004032,0.005974,0.005993,1.339413,3.158698
860356608,64306.3,-0.000637,0.066158,0.000582,-0.458984,0.0,0.8827,0.82,0.003729,0.005369,0.004783,1.318219,3.119505
861143040,64294.4,0.001707,0.082611,0.0006,-0.460938,0.0,0.8836,0.8207,0.003545,0.004661,0.004168,1.408413,3.057403
861929472,64304.9,-7.9e-05,0.074445,0.000576,-0.4375,0.0,0.8848,0.8221,0.004935,0.005961,0.006026,1.453877,2.914974
862715904,64316.4,-0.012437,0.059272,0.000588,-0.443359,0.0,0.8853,0.8229,0.004539,0.005893,0.004554,1.432607,2.861294
863502336,64325.5,-0.001992,0.062279,0.000564,-0.453125,0.0,0.8857,0.8234,0.00493,0.005515,0.004943,1.269412,3.088728
864288768,64318.8,-0.003412,0.080854,0.000534,-0.458984,0.0,0.8861,0.824,0.003718,0.004556,0.005624,1.28776,3.103377
865075200,64328.9,-0.007609,0.056508,0.000518,-0.455078,0.0,0.8865,0.8245,0.003796,0.004631,0.004587,1.374431,3.085196
865861632,64335.8,0.003844,0.063032,0.000535,-0.458984,0.0,0.8869,0.8254,0.003255,0.004238,0.004535,1.350485,2.870825
866648064,64328.5,-0.000454,0.050966,0.000546,-0.472656,0.0,0.8873,0.8269,0.003179,0.00408,0.004918,1.416659,2.595638
867434496,64339.6,-0.002897,0.058157,0.000584,-0.445312,0.0,0.8879,0.829,0.005467,0.004827,0.006102,1.189242,2.886542
868220928,64351.8,-0.002053,0.059593,0.00059,-0.457031,0.0,0.8885,0.8303,0.004584,0.005033,0.005455,1.187919,2.912318
869007360,64360.8,-0.001948,0.062553,0.000607,-0.470703,0.0,0.8893,0.8318,0.004345,0.00442,0.004715,1.291492,2.953435
869793792,64355.9,-0.002155,0.064764,0.00062,-0.462891,0.0,0.8901,0.8336,0.003738,0.004583,0.00511,1.404874,2.867953
870580224,64368.1,-0.009259,0.054309,0.000602,-0.462891,0.0,0.8912,0.8359,0.005018,0.004504,0.006177,1.377394,2.816048
871366656,64380.3,-0.001498,0.052974,0.000609,-0.472656,0.0,0.8924,0.8381,0.003523,0.003921,0.004785,1.427852,2.79406
872153088,64391.5,0.00146,0.049004,0.000579,-0.464844,0.0,0.8932,0.8394,0.003237,0.00403,0.004648,1.296164,2.957941
872939520,64386.0,-0.000492,0.059885,0.000527,-0.472656,0.0,0.8936,0.8407,0.00446,0.005723,0.005737,1.260274,2.888527
873725952,64397.6,0.002513,0.055244,0.000555,-0.466797,0.0,0.8935,0.841,0.00376,0.00463,0.00454,1.322334,2.906468
874512384,64409.0,0.002604,0.049254,0.000541,-0.472656,0.0,0.8938,0.8418,0.004562,0.004038,0.004517,1.325433,2.783074
875298816,64404.2,0.000271,0.063284,0.000534,-0.480469,0.0,0.8938,0.8423,0.004286,0.005429,0.005037,1.49288,2.758291
876085248,64416.0,-0.002633,0.059172,0.000528,-0.474609,0.0,0.8937,0.8425,0.003985,0.004425,0.00522,1.30123,3.027488
876871680,64427.7,0.003568,0.063294,0.000536,-0.498047,0.0,0.8933,0.8422,0.005996,0.005242,0.006785,1.37959,3.148967
877658112,64439.0,-0.004623,0.059946,0.000539,-0.484375,0.0,0.8928,0.8416,0.004409,0.005037,0.005428,1.431621,3.077965
878444544,64424.7,-0.000727,0.079173,0.000573,-0.486328,0.0,0.8925,0.8407,0.005027,0.005026,0.005644,1.397983,2.852621
879230976,64434.2,-0.000168,0.065935,0.000558,-0.451172,0.0,0.8927,0.8409,0.004718,0.004984,0.004871,1.424611,2.920296
880017408,64445.5,-0.005887,0.066802,0.000572,-0.458984,0.0,0.8924,0.8402,0.003805,0.005144,0.004811,1.413171,2.82298
880803840,64439.2,-0.00018,0.070808,0.00054,-0.480469,0.0,0.8921,0.8401,0.003781,0.004396,0.004607,1.330864,3.040859
881590272,64450.4,-0.001465,0.060578,0.000537,-0.478516,0.0,0.8922,0.8408,0.005507,0.004838,0.005019,1.413629,2.954661
882376704,64460.9,7.4e-05,0.048982,0.000542,-0.498047,0.0,0.8922,0.8422,0.003574,0.003847,0.004809,1.39134,2.850401
883163136,64471.6,-0.00866,0.059576,0.000563,-0.503906,0.0,0.8924,0.8432,0.003916,0.004964,0.005617,1.433265,2.797646
883949568,64467.0,-0.004676,0.073694,0.000537,-0.484375,0.0,0.8928,0.8438,0.005068,0.004688,0.006169,1.555478,2.781998
884736000,64479.0,0.001369,0.067307,0.00054,-0.447266,0.0,0.8932,0.8442,0.004702,0.004631,0.005474,1.377074,3.124659
885522432,64489.7,0.001623,0.052478,0.000518,-0.470703,0.0,0.8935,0.845,0.003862,0.004535,0.00508,1.339489,3.054155
886308864,64485.0,0.00314,0.06776,0.000521,-0.466797,0.0,0.8937,0.8458,0.002932,0.004073,0.005343,1.443579,3.162117
887095296,64496.0,0.002595,0.057092,0.00054,-0.447266,0.0,0.8939,0.8469,0.003875,0.004869,0.005612,1.491501,3.115005
887881728,64507.1,0.007036,0.055817,0.000531,-0.429688,0.0,0.8942,0.8484,0.003875,0.004234,0.004988,1.512184,3.080668
888668160,64517.5,-0.006099,0.044212,0.000526,-0.419922,0.0,0.8942,0.8495,0.004767,0.003723,0.004914,1.348368,3.244049
889454592,64512.1,-0.003918,0.065406,0.000571,-0.443359,0.0,0.8943,0.8502,0.003807,0.003868,0.005189,1.297782,3.201271
890241024,64522.9,0.00134,0.067437,0.000598,-0.462891,0.0,0.8947,0.8508,0.004448,0.004312,0.0061,1.336705,3.143373
891027456,64532.5,-0.003116,0.057414,0.000598,-0.466797,0.0,0.8954,0.8522,0.004218,0.004648,0.004966,1.399732,3.13336
891813888,64524.6,-0.001717,0.063256,0.000607,-0.474609,0.0,0.8966,0.8544,0.003916,0.004381,0.004646,1.670365,2.99709
892600320,64534.7,0.005906,0.074528,0.000556,-0.488281,0.0,0.8977,0.8554,0.004466,0.006431,0.00673,1.516331,3.245894
893386752,64546.0,-0.006899,0.07164,0.000561,-0.484375,0.0,0.8982,0.8557,0.004941,0.006414,0.007173,1.448584,3.206154
894173184,64556.9,-0.003146,0.065167,0.000562,-0.484375,0.0,0.8987,0.8561,0.005126,0.006114,0.00694,1.444439,3.126165
894959616,64552.2,-0.004456,0.07407,0.000586,-0.460938,0.0,0.8986,0.8553,0.005014,0.004393,0.005631,1.369587,2.799579
895746048,64562.6,0.00088,0.06999,0.00059,-0.445312,0.0,0.898,0.8541,0.005551,0.005067,0.005305,1.341689,2.797742
896532480,64572.7,-0.001432,0.070881,0.000592,-0.474609,0.0,0.8977,0.8533,0.00383,0.005277,0.005215,1.349886,2.580623
897318912,64582.1,-0.006678,0.062488,0.000583,-0.466797,0.0,0.8973,0.8525,0.004641,0.003858,0.005407,1.217391,2.763828
898105344,64576.7,-0.001405,0.08025,0.000612,-0.507812,0.0,0.8965,0.8508,0.004141,0.005074,0.005963,1.292862,2.817755
898891776,64588.3,-0.000699,0.065999,0.000616,-0.476562,0.0,0.8958,0.849,0.003858,0.004259,0.00524,1.366702,2.867828
899678208,64599.1,-0.005167,0.063874,0.000609,-0.472656,0.0,0.8952,0.8477,0.004098,0.004238,0.005077,1.414066,2.789658
900464640,64590.4,-0.001937,0.066352,0.000611,-0.498047,0.0,0.895,0.8471,0.004133,0.003552,0.004466,1.488945,2.613849
901251072,64601.3,-0.004337,0.053028,0.000602,-0.470703,0.0,0.8952,0.8472,0.00372,0.004355,0.005634,1.29859,3.054957
902037504,64612.4,-0.00177,0.053867,0.00059,-0.466797,0.0,0.8958,0.8472,0.004558,0.00415,0.005665,1.306347,3.093899
902823936,64622.6,0.006129,0.049438,0.000582,-0.46875,0.0,0.8961,0.8474,0.003775,0.003737,0.004403,1.383915,3.092077
903610368,64615.5,-0.000965,0.059286,0.000603,-0.484375,0.0,0.8964,0.8474,0.00505,0.005122,0.005611,1.470093,2.972906
904396800,64625.9,-0.001918,0.060088,0.000618,-0.476562,0.0,0.8968,0.8477,0.005245,0.005308,0.006059,1.493563,2.852501
905183232,64635.3,0.000146,0.05656,0.000617,-0.472656,0.0,0.8971,0.8479,0.004328,0.004323,0.004746,1.528921,2.863543
905969664,64627.7,-0.002098,0.07643,0.000594,-0.472656,0.0,0.8975,0.8478,0.003865,0.004851,0.005923,1.247991,3.183141
906756096,64638.7,0.003982,0.072778,0.00059,-0.455078,0.0,0.8971,0.8478,0.004407,0.004897,0.005379,1.314126,3.023115
907542528,64648.9,-0.001332,0.060835,0.000604,-0.449219,0.0,0.8962,0.8467,0.003769,0.004549,0.004922,1.357185,2.926568
908328960,64659.3,-0.005111,0.056533,0.00062,-0.427734,0.0,0.8955,0.8461,0.003506,0.004099,0.005123,1.379951,2.91585
909115392,64652.0,-0.002853,0.071478,0.000616,-0.458984,0.0,0.8951,0.8452,0.003685,0.004521,0.005564,1.491614,2.837766
909901824,64663.1,-0.003973,0.059152,0.000576,-0.458984,0.0,0.8952,0.8451,0.003239,0.004689,0.004468,1.275608,3.251881
910688256,64672.9,9.8e-05,0.045418,0.000574,-0.451172,0.0,0.8957,0.8455,0.0041,0.004061,0.004197,1.333941,3.210943
911474688,64666.9,0.000515,0.058354,0.000606,-0.449219,0.0,0.8961,0.8463,0.003587,0.003829,0.00477,1.277823,3.020308
912261120,64677.4,-0.005525,0.051885,0.000617,-0.408203,0.0,0.8962,0.8467,0.004323,0.004504,0.005962,1.349967,3.007516
913047552,64688.1,-0.002113,0.052105,0.000616,-0.421875,0.0,0.8965,0.847,0.005482,0.004838,0.005453,1.335572,2.913293
913833984,64698.7,0.002101,0.054398,0.000614,-0.427734,0.0,0.8972,0.8475,0.004099,0.004517,0.005257,1.372093,2.870473
914620416,64673.9,-0.001958,0.063526,0.00056,-0.449219,0.0,0.8974,0.8474,0.005546,0.005226,0.005328,1.238564,3.194072
915406848,64684.6,-0.000974,0.06365,0.000529,-0.441406,0.0,0.8978,0.8471,0.004593,0.005521,0.006183,1.330409,3.175858
916193280,64695.3,0.006386,0.060153,0.000535,-0.449219,0.0,0.8982,0.8472,0.003857,0.004364,0.005404,1.392664,3.125009
916979712,64687.3,-0.003868,0.063966,0.000556,-0.455078,0.0,0.8989,0.8482,0.003846,0.004171,0.004608,1.495726,2.888544
917766144,64697.8,-0.000249,0.054342,0.000568,-0.453125,0.0,0.8988,0.8485,0.003682,0.005198,0.006018,1.511649,2.833689
918552576,64708.4,-0.004046,0.052559,0.000565,-0.445312,0.0,0.8987,0.8488,0.004203,0.004424,0.004798,1.329531,3.247992
919339008,64718.0,0.001066,0.051447,0.000571,-0.447266,0.0,0.8981,0.8484,0.003982,0.004632,0.0052,1.332946,3.176361
920125440,64711.5,0.000891,0.066838,0.000604,-0.4375,0.0,0.8979,0.849,0.004107,0.004743,0.006106,1.404601,3.166992
920911872,64720.6,0.00502,0.048634,0.000641,-0.447266,0.0,0.8981,0.8501,0.004294,0.004655,0.005575,1.482973,3.116831
921698304,64731.5,-0.006122,0.039581,0.000619,-0.447266,0.0,0.8984,0.8518,0.00436,0.003171,0.00426,1.570246,3.121431
922484736,64741.9,-0.00398,0.050646,0.000646,-0.4375,0.0,0.899,0.8529,0.004612,0.00425,0.005372,1.324862,3.325077
923271168,64736.2,-0.003886,0.079488,0.000601,-0.425781,0.0,0.8995,0.8532,0.005759,0.004654,0.007054,1.28982,3.280033
924057600,64747.0,-0.001475,0.056099,0.000611,-0.449219,0.0,0.8995,0.8535,0.006039,0.004117,0.005865,1.34718,3.108241
924844032,64756.1,-0.003102,0.048716,0.000634,-0.435547,0.0,0.9,0.8545,0.007544,0.003841,0.004949,1.380347,3.022156
925630464,64750.6,-0.000188,0.049676,0.00066,-0.457031,0.0,0.9005,0.8562,0.005115,0.004184,0.005104,1.499394,2.971568
926416896,64760.4,0.002268,0.060867,0.000624,-0.451172,0.0,0.9008,0.8567,0.004782,0.00371,0.005407,1.317681,3.229591
927203328,64770.7,-0.004375,0.052932,0.0006,-0.441406,0.0,0.9012,0.8574,0.004367,0.004586,0.005565,1.340783,3.266689
927989760,64780.6,0.000937,0.048533,0.000598,-0.4375,0.0,0.9019,0.8587,0.003846,0.004106,0.004739,1.327334,3.311286
928776192,64773.7,0.008531,0.067172,0.000624,-0.4375,0.0,0.9027,0.8598,0.004406,0.005115,0.004875,1.418177,3.206439
929562624,64784.3,-0.007652,0.049235,0.000599,-0.412109,0.0,0.9039,0.862,0.003496,0.004444,0.004427,1.453743,3.150465
930349056,64795.1,-0.002212,0.052106,0.000602,-0.431641,0.0,0.9052,0.864,0.003734,0.004915,0.005175,1.418504,2.996306
931135488,64789.9,-0.001491,0.07414,0.000591,-0.453125,0.0,0.9056,0.864,0.003963,0.004847,0.005369,1.189149,3.159087
931921920,64800.2,0.004938,0.054773,0.000612,-0.4375,0.0,0.9063,0.8653,0.003062,0.004068,0.005269,1.284305,3.031497
932708352,64810.5,-0.006343,0.052469,0.000614,-0.453125,0.0,0.9071,0.8669,0.003817,0.004501,0.005993,1.355638,2.991261
933494784,64820.8,-0.006127,0.045543,0.000613,-0.445312,0.0,0.9086,0.87,0.003972,0.003733,0.004739,1.383326,2.937474
934281216,64815.1,0.00181,0.052692,0.000591,-0.435547,0.0,0.9104,0.8726,0.003231,0.003661,0.005738,1.393561,2.813698
935067648,64825.6,-0.002529,0.043678,0.000574,-0.419922,0.0,0.9115,0.8742,0.002866,0.003419,0.004253,1.252221,3.14748
935854080,64835.5,-0.001726,0.042708,0.000561,-0.447266,0.0,0.9134,0.8779,0.003049,0.003364,0.003846,1.307548,3.266205
936640512,64828.1,-0.001776,0.047549,0.000575,-0.435547,0.0,0.9149,0.8808,0.003197,0.003004,0.00417,1.300035,3.148401
937426944,64838.3,-0.001933,0.045906,0.000713,-0.408203,0.0,0.9148,0.8805,0.004509,0.004055,0.005187,1.341827,2.981241
938213376,64848.5,0.004917,0.050148,0.000701,-0.419922,0.0,0.9149,0.8808,0.003136,0.003788,0.004583,1.326243,2.935681
938999808,64858.7,0.006057,0.047471,0.00071,-0.441406,0.0,0.9149,0.8813,0.003605,0.004013,0.004957,1.349315,2.906573
939786240,64851.7,0.004464,0.061578,0.000618,-0.4375,0.0,0.915,0.8816,0.003285,0.00446,0.004235,1.378944,3.385099
940572672,64862.1,-0.002112,0.059936,0.000567,-0.462891,0.0,0.9153,0.8822,0.003308,0.004716,0.005032,1.459452,3.49595
941359104,64872.4,-0.005037,0.059398,0.000595,-0.445312,0.0,0.9153,0.8819,0.003825,0.004089,0.005037,1.548513,3.38459
942145536,64859.1,0.003277,0.064618,0.000584,-0.466797,0.0,0.9157,0.8822,0.003377,0.004013,0.005085,1.528573,3.025578
942931968,64869.5,-0.000854,0.053286,0.000653,-0.4375,0.0,0.9155,0.8823,0.004703,0.003694,0.004813,1.474939,3.053832
943718400,64879.6,-0.00639,0.045297,0.000652,-0.419922,0.0,0.9166,0.8843,0.003759,0.003738,0.004251,1.330896,3.336612
944504832,64889.1,-0.001676,0.042622,0.000607,-0.414062,0.0,0.9178,0.8862,0.003705,0.003382,0.004286,1.327527,3.320911
945291264,64881.9,-0.002086,0.060365,0.000607,-0.423828,0.0,0.9185,0.8868,0.003191,0.004051,0.004659,1.345981,3.32765
946077696,64892.5,-0.001628,0.059847,0.000607,-0.429688,0.0,0.9193,0.8884,0.00391,0.004545,0.004567,1.432563,3.279841
946864128,64903.0,0.001255,0.05566,0.000619,-0.457031,0.0,0.9202,0.8901,0.003568,0.003897,0.004047,1.480442,3.260048
947650560,64913.4,-0.005762,0.055285,0.000593,-0.449219,0.0,0.9206,0.8905,0.003541,0.004343,0.004648,1.35,3.233402
948436992,64907.2,-0.004548,0.069919,0.000618,-0.470703,0.0,0.9207,0.8907,0.004113,0.005342,0.006104,1.388681,3.299097
949223424,64917.4,3.8e-05,0.074202,0.000647,-0.427734,0.0,0.9211,0.8919,0.003919,0.004554,0.005446,1.448578,3.272154
950009856,64927.2,-0.00503,0.064186,0.000644,-0.443359,0.0,0.9225,0.8935,0.004267,0.005043,0.006254,1.418261,3.168116
950796288,64919.2,0.005719,0.077029,0.000681,-0.445312,0.0,0.9235,0.8944,0.003831,0.004914,0.006005,1.446804,3.086206
951582720,64929.3,-0.003388,0.06461,0.000669,-0.453125,0.0,0.9249,0.8964,0.003451,0.005649,0.00547,1.371982,3.243933
952369152,64939.2,-0.004166,0.059818,0.000655,-0.451172,0.0,0.9258,0.8977,0.006506,0.00437,0.005904,1.387117,3.207436
953155584,64949.1,0.000288,0.066951,0.00067,-0.4375,0.0,0.9262,0.898,0.004315,0.004985,0.004779,1.358733,3.189355
953942016,64942.9,-0.002621,0.080257,0.000644,-0.451172,0.0,0.9263,0.8979,0.003767,0.004419,0.00461,1.473005,3.088912
954728448,64952.9,-0.000627,0.065749,0.000616,-0.474609,0.0,0.9259,0.8964,0.004259,0.005759,0.005767,1.499537,2.929952
955514880,64963.0,-0.003293,0.054267,0.000598,-0.470703,0.0,0.9254,0.8952,0.003951,0.004308,0.005068,1.505899,2.862486
956301312,64958.3,-0.00333,0.066993,0.000607,-0.466797,0.0,0.9255,0.8959,0.004363,0.004528,0.005154,1.328116,3.214851
957087744,64968.9,0.003929,0.06495,0.000589,-0.460938,0.0,0.9257,0.8967,0.005251,0.005981,0.006402,1.328429,3.138757
957874176,64979.3,-0.002503,0.053732,0.000588,-0.451172,0.0,0.9259,0.897,0.003546,0.005303,0.005162,1.430003,3.187117
958660608,64989.9,-0.003896,0.05207,0.000599,-0.455078,0.0,0.9268,0.8982,0.003783,0.005356,0.004957,1.453681,3.11844
959447040,64982.6,-0.001303,0.062066,0.000623,-0.455078,0.0,0.9271,0.898,0.004534,0.004129,0.004978,1.365785,2.838923
960233472,64991.0,-0.005937,0.051267,0.000595,-0.447266,0.0,0.9276,0.8982,0.004479,0.004063,0.004663,1.26972,3.041814
961019904,64997.6,0.000417,0.060294,0.000613,-0.449219,0.0,0.9279,0.8975,0.006334,0.004187,0.004588,1.299939,3.116445
961806336,64990.7,0.002942,0.060478,0.00063,-0.453125,0.0,0.929,0.8985,0.00443,0.003703,0.004824,1.394621,3.168524
962592768,65000.9,-0.004387,0.05966,0.000687,-0.439453,0.0,0.9299,0.8994,0.004915,0.005808,0.005942,1.509943,3.105252
963379200,65011.6,-0.000945,0.056344,0.000669,-0.462891,0.0,0.9308,0.9002,0.003839,0.003603,0.004595,1.456689,3.094601
964165632,65022.1,-0.000146,0.050016,0.000682,-0.441406,0.0,0.9315,0.9013,0.003455,0.003789,0.004467,1.506181,3.191675
964952064,65016.7,-0.00486,0.058956,0.000648,-0.439453,0.0,0.9313,0.901,0.004107,0.004146,0.004665,1.349204,3.341429
965738496,65027.1,-0.003737,0.044612,0.000655,-0.431641,0.0,0.9326,0.9041,0.003942,0.003521,0.004556,1.422678,3.309194
966524928,65037.2,-0.001903,0.051871,0.000672,-0.425781,0.0,0.9339,0.9065,0.003307,0.003952,0.004096,1.437076,3.326883
967311360,65031.5,0.000783,0.053636,0.000656,-0.4375,0.0,0.9343,0.907,0.003028,0.003474,0.004232,1.554083,3.067998
968097792,65041.6,-0.000647,0.059949,0.00065,-0.427734,0.0,0.9354,0.9088,0.004252,0.004369,0.004991,1.446362,3.091164
968884224,65051.5,-0.00874,0.054916,0.000654,-0.419922,0.0,0.9356,0.9086,0.006525,0.004932,0.005203,1.350927,3.234267
969670656,65061.5,0.001766,0.062347,0.000629,-0.419922,0.0,0.936,0.9091,0.004697,0.004712,0.004799,1.308373,3.134668
970457088,65053.7,-0.006612,0.065254,0.000694,-0.443359,0.0,0.9358,0.9081,0.004499,0.005134,0.005872,1.319727,3.084997
971243520,65062.9,-0.001929,0.041164,0.000755,-0.421875,0.0,0.9371,0.9102,0.00387,0.004093,0.005101,1.393672,3.04651
972029952,65072.9,-0.002703,0.043896,0.000765,-0.425781,0.0,0.9377,0.9114,0.003417,0.004127,0.003982,1.359051,3.067794
972816384,65082.6,-0.005107,0.043068,0.000794,-0.416016,0.0,0.9387,0.9135,0.003571,0.003841,0.004739,1.394627,3.116558
973602816,65077.0,4.2e-05,0.067545,0.000649,-0.435547,0.0,0.9393,0.9145,0.003325,0.005101,0.005567,1.37034,3.337569
974389248,65087.2,-0.001195,0.054694,0.000646,-0.449219,0.0,0.9398,0.9155,0.003433,0.004184,0.005018,1.334466,3.206392
975175680,65096.2,0.002435,0.053133,0.000643,-0.458984,0.0,0.9405,0.9169,0.00363,0.003642,0.004859,1.336998,3.11062
975962112,65089.8,-0.004663,0.052371,0.00063,-0.443359,0.0,0.941,0.918,0.003415,0.00366,0.005913,1.40067,2.967043
976748544,65099.1,0.001918,0.057934,0.000606,-0.429688,0.0,0.9417,0.9194,0.004075,0.004977,0.005535,1.431486,2.977036
977534976,65108.9,0.000805,0.051099,0.000584,-0.435547,0.0,0.9428,0.9222,0.004071,0.0043,0.005562,1.358288,3.255134
978321408,65118.4,-0.005394,0.04521,0.00061,-0.445312,0.0,0.9439,0.9243,0.003321,0.004414,0.005688,1.39259,3.252331
979107840,65101.6,-0.011481,0.064043,0.00063,-0.445312,0.0,0.9447,0.9254,0.004791,0.005499,0.007191,1.35626,3.140374
979894272,65111.2,-0.00167,0.05746,0.000624,-0.423828,0.0,0.9456,0.9257,0.003937,0.005769,0.005893,1.433102,3.107693
980680704,65120.8,-0.002838,0.058208,0.000643,-0.412109,0.0,0.9454,0.9241,0.004028,0.004928,0.004968,1.389747,3.066423
981467136,65114.4,-0.002246,0.068833,0.00065,-0.419922,0.0,0.9455,0.9235,0.004539,0.004254,0.00434,1.293678,3.342014
982253568,65123.7,0.002253,0.062653,0.000648,-0.408203,0.0,0.945,0.9227,0.003653,0.004549,0.004836,1.308245,3.286466
983040000,65133.3,-0.000667,0.063922,0.000645,-0.425781,0.0,0.9451,0.9236,0.004216,0.004431,0.004945,1.303389,3.192938
983826432,65141.7,-0.000456,0.068392,0.00069,-0.429688,0.0,0.945,0.9238,0.004339,0.004335,0.005302,1.422122,3.188082
984612864,65135.1,-0.001991,0.066425,0.000753,-0.445312,0.0,0.9455,0.925,0.003618,0.004261,0.004701,1.438427,3.06403
985399296,65143.3,-0.00455,0.05622,0.000731,-0.453125,0.0,0.9456,0.9255,0.003456,0.004264,0.005808,1.363793,3.240063
986185728,65151.8,0.002881,0.058037,0.000688,-0.445312,0.0,0.9453,0.9247,0.003988,0.004353,0.005028,1.377666,3.2368
986972160,65145.4,-0.008455,0.057796,0.00067,-0.449219,0.0,0.9454,0.9245,0.003554,0.004161,0.005185,1.386493,3.315401
987758592,65155.2,-0.001167,0.044512,0.000743,-0.431641,0.0,0.9455,0.9248,0.003626,0.004287,0.005025,1.406526,3.232164
988545024,65163.0,3.4e-05,0.045709,0.000739,-0.431641,0.0,0.9453,0.9244,0.003376,0.004174,0.006,1.445027,3.154673
989331456,65170.9,-0.007036,0.041994,0.000749,-0.445312,0.0,0.9447,0.9239,0.002762,0.003632,0.005132,1.4358,3.051406
990117888,65162.7,0.003926,0.052601,0.000691,-0.435547,0.0,0.9446,0.9238,0.003377,0.003478,0.004933,1.307323,3.352999
990904320,65171.7,0.00417,0.053792,0.000667,-0.451172,0.0,0.9443,0.9239,0.00525,0.003921,0.004626,1.350975,3.291567
991690752,65180.6,-0.006323,0.044362,0.000655,-0.441406,0.0,0.9446,0.9251,0.003281,0.003966,0.004462,1.392648,3.189547
992477184,65174.9,0.008217,0.047473,0.000676,-0.443359,0.0,0.9446,0.926,0.003212,0.00331,0.00394,1.472083,3.00074
993263616,65184.8,-0.001658,0.054212,0.000689,-0.427734,0.0,0.9444,0.9259,0.003457,0.003633,0.00524,1.483944,3.069712
994050048,65194.6,0.001451,0.049071,0.000682,-0.419922,0.0,0.9439,0.9253,0.003617,0.003712,0.004299,1.376511,3.346307
994836480,65201.8,0.001957,0.039305,0.000698,-0.441406,0.0,0.9433,0.9249,0.003534,0.003429,0.003946,1.407177,3.221807
995622912,65193.0,-0.000683,0.049565,0.000661,-0.427734,0.0,0.9426,0.924,0.00313,0.00322,0.005006,1.424781,3.337973
996409344,65202.2,-0.002652,0.039055,0.000656,-0.429688,0.0,0.942,0.924,0.004128,0.003293,0.006056,1.43924,3.295588
997195776,65211.3,-0.010144,0.033861,0.000661,-0.421875,0.0,0.9418,0.924,0.002858,0.003199,0.004023,1.467138,3.299806
997982208,65220.2,-0.002168,0.044284,0.000661,-0.414062,0.0,0.9415,0.9238,0.003267,0.003442,0.004401,1.484541,3.219761
998768640,65212.7,0.004535,0.060366,0.000682,-0.423828,0.0,0.9412,0.9234,0.003952,0.00404,0.005485,1.330226,3.399366
999555072,65221.3,-0.0035,0.053016,0.000672,-0.453125,0.0,0.9407,0.9224,0.004754,0.004365,0.005932,1.362865,3.284527
1000341504,65229.0,-0.004364,0.060877,0.000677,-0.455078,0.0,0.9406,0.9215,0.004653,0.004476,0.004892,1.420373,3.18837
1001127936,62939.6,0.001659,0.061731,0.000644,-0.460938,0.0,0.9406,0.9221,0.003831,0.003684,0.004946,1.545393,3.172363
1001914368,62949.9,-0.003222,0.046877,0.000565,-0.439453,0.0,0.9409,0.9241,0.003673,0.004503,0.00414,1.50369,3.023978
1002700800,62960.3,0.001547,0.045637,0.00056,-0.447266,0.0,0.9411,0.9254,0.003707,0.004289,0.003854,1.294174,3.16908
1003487232,62970.7,-0.000206,0.051517,0.000561,-0.443359,0.0,0.9414,0.9267,0.003834,0.004338,0.004371,1.344703,3.139162
1004273664,62965.6,-0.004282,0.050876,0.000617,-0.423828,0.0,0.9422,0.929,0.002875,0.003865,0.004864,1.342194,3.217054
1005060096,62975.9,-0.002355,0.046251,0.000629,-0.431641,0.0,0.9424,0.9296,0.003724,0.004279,0.004314,1.347017,3.095731
1005846528,62986.5,-0.009179,0.049632,0.000637,-0.410156,0.0,0.9427,0.9304,0.003314,0.004191,0.004644,1.400138,3.100197
1006632960,62981.4,-0.004661,0.052035,0.000625,-0.439453,0.0,0.9427,0.9308,0.003289,0.003823,0.003561,1.238115,3.198375
1007419392,62991.9,0.003389,0.058602,0.000677,-0.417969,0.0,0.9425,0.9303,0.003235,0.004684,0.004259,1.302071,3.077363
1008205824,63002.5,-0.003648,0.044902,0.000691,-0.431641,0.0,0.9422,0.9299,0.003954,0.005073,0.00445,1.304168,3.134499
1008992256,63013.2,-0.000522,0.048557,0.000715,-0.427734,0.0,0.9418,0.9293,0.004621,0.006387,0.004374,1.340105,3.132633
1009778688,63005.8,-0.002666,0.067134,0.000702,-0.419922,0.0,0.9421,0.9296,0.003322,0.004229,0.00514,1.338534,3.030553
1010565120,63016.3,-0.001496,0.069703,0.000668,-0.441406,0.0,0.9419,0.9285,0.004696,0.004831,0.005095,1.31658,3.138643
1011351552,63026.1,0.000737,0.069686,0.000683,-0.4375,0.0,0.9414,0.927,0.003047,0.004917,0.004724,1.295227,3.090646
1012137984,63021.4,-0.001449,0.063348,0.000645,-0.451172,0.0,0.9412,0.9259,0.003817,0.005089,0.004366,1.378794,3.318028
1012924416,63032.1,0.002339,0.070346,0.000656,-0.458984,0.0,0.9413,0.9252,0.005911,0.005823,0.004952,1.406056,3.146226
1013710848,63043.0,0.003809,0.055061,0.000641,-0.460938,0.0,0.9408,0.9229,0.003901,0.00493,0.004901,1.488311,3.011139
1014497280,63053.3,0.001428,0.046517,0.000644,-0.449219,0.0,0.9411,0.9224,0.004343,0.004684,0.004839,1.49476,3.034416
1015283712,63038.4,-0.00247,0.056701,0.00068,-0.462891,0.0,0.9412,0.9225,0.003262,0.004371,0.004064,1.366808,3.40319
1016070144,63048.8,-0.003066,0.043078,0.00069,-0.439453,0.0,0.9412,0.9223,0.003463,0.003183,0.004144,1.421914,3.310989
1016856576,63059.0,-0.003176,0.040719,0.000706,-0.447266,0.0,0.9418,0.923,0.003129,0.003067,0.003864,1.377408,3.304802
1017643008,63052.6,0.00024,0.043863,0.000722,-0.441406,0.0,0.9428,0.9242,0.003483,0.002917,0.003651,1.530395,3.050786
1018429440,63063.0,-0.008398,0.046235,0.000779,-0.439453,0.0,0.9433,0.925,0.005242,0.003173,0.004145,1.468535,3.118245
1019215872,63073.6,-0.001185,0.043814,0.000804,-0.427734,0.0,0.944,0.9262,0.005022,0.003107,0.003956,1.408391,3.352182
1020002304,63083.8,-0.001416,0.047109,0.00077,-0.425781,0.0,0.9445,0.927,0.004468,0.003419,0.004323,1.408012,3.443087
1020788736,63078.8,-0.00222,0.052487,0.000645,-0.447266,0.0,0.9447,0.9273,0.006241,0.003029,0.004546,1.375482,3.403539
1021575168,63088.7,0.0027,0.047426,0.000571,-0.421875,0.0,0.9452,0.9281,0.00416,0.00317,0.00514,1.423821,3.323602
1022361600,63098.6,0.000467,0.045203,0.000556,-0.4375,0.0,0.9452,0.9285,0.00388,0.003229,0.004284,1.480132,3.226592
1023148032,63108.2,-0.005997,0.038178,0.000554,-0.421875,0.0,0.9457,0.9303,0.002985,0.003772,0.004468,1.434067,3.11428
1023934464,63101.3,0.002958,0.060409,0.000644,-0.451172,0.0,0.9458,0.9304,0.003141,0.004818,0.004794,1.320952,3.29193
1024720896,63109.7,0.009684,0.050945,0.000631,-0.4375,0.0,0.9456,0.9301,0.004359,0.00394,0.004327,1.397639,3.298436
1025507328,63119.6,0.002994,0.040579,0.000652,-0.425781,0.0,0.9455,0.93,0.00249,0.003377,0.004114,1.466755,3.312316
1026293760,63112.3,-0.010879,0.047629,0.000667,-0.408203,0.0,0.9454,0.9302,0.003199,0.003986,0.004059,1.484937,3.376058
1027080192,63122.0,-0.003692,0.038424,0.000651,-0.40625,0.0,0.9457,0.9306,0.003584,0.004454,0.004026,1.418258,3.368236
1027866624,63131.8,0.001079,0.039354,0.000643,-0.390625,0.0,0.9463,0.9321,0.00358,0.00469,0.00442,1.325591,3.351683
1028653056,63141.0,-0.002255,0.040799,0.000652,-0.398438,0.0,0.9464,0.9324,0.003121,0.004049,0.003984,1.304929,3.410927
1029439488,63134.5,0.00328,0.056254,0.000631,-0.386719,0.0,0.9471,0.9341,0.003636,0.004732,0.004733,1.272732,3.356036
1030225920,63144.1,-0.002161,0.043799,0.000649,-0.40625,0.0,0.9479,0.9358,0.002974,0.004411,0.00506,1.291214,3.267727
1031012352,63154.0,0.002791,0.052199,0.000634,-0.423828,0.0,0.9487,0.9375,0.004118,0.00486,0.004847,1.338768,3.219029
1031798784,63147.2,-0.000609,0.060485,0.000635,-0.423828,0.0,0.9487,0.9378,0.003762,0.004489,0.004356,1.301536,3.281806
1032585216,63157.3,-0.008004,0.045591,0.00062,-0.419922,0.0,0.9493,0.9396,0.004872,0.004444,0.005644,1.301436,3.400429
1033371648,63167.2,0.000902,0.049235,0.000619,-0.410156,0.0,0.9502,0.9417,0.003163,0.003885,0.004507,1.364641,3.433032
1034158080,63177.0,0.000174,0.042917,0.000623,-0.425781,0.0,0.951,0.944,0.003901,0.004389,0.004717,1.414866,3.305518
1034944512,63166.3,-0.000301,0.06219,0.000636,-0.417969,0.0,0.9514,0.9456,0.003106,0.004263,0.005311,1.481693,3.291804
1035730944,63176.2,-0.000321,0.048628,0.000637,-0.443359,0.0,0.9521,0.9473,0.003023,0.004601,0.004743,1.479273,3.218909
1036517376,63186.0,-0.000971,0.056921,0.000633,-0.453125,0.0,0.9523,0.9478,0.003419,0.004432,0.004698,1.436886,3.378709
1037303808,63178.8,-0.003066,0.060774,0.000618,-0.464844,0.0,0.9527,0.9485,0.003075,0.004059,0.00421,1.397992,3.446566
1038090240,63188.3,-0.001333,0.054258,0.000566,-0.443359,0.0,0.9527,0.9485,0.003727,0.004446,0.005412,1.507211,3.381248
1038876672,63197.8,-0.000348,0.04771,0.000551,-0.4375,0.0,0.9527,0.948,0.002606,0.003899,0.004425,1.536274,3.342226
1039663104,63207.2,-0.00564,0.044264,0.000553,-0.429688,0.0,0.9526,0.9477,0.003802,0.004196,0.004634,1.472584,3.324789
1040449536,63201.6,-0.002835,0.061792,0.000627,-0.408203,0.0,0.9525,0.9475,0.004584,0.004209,0.004844,1.394108,3.473086
1041235968,63211.7,-0.002943,0.049956,0.000633,-0.412109,0.0,0.9531,0.9482,0.003854,0.003925,0.004252,1.40765,3.528407
1042022400,63220.4,-0.002385,0.037733,0.000626,-0.412109,0.0,0.9531,0.9486,0.003031,0.003596,0.0036,1.43555,3.509127
1042808832,63213.2,0.001428,0.052857,0.000655,-0.417969,0.0,0.9536,0.9497,0.003357,0.003407,0.004044,1.433434,3.188908
1043595264,63222.9,-0.004026,0.05472,0.000628,-0.40625,0.0,0.9531,0.9483,0.004032,0.005231,0.004194,1.389363,3.153863
1044381696,63229.0,-0.005463,0.052834,0.000634,-0.400391,0.0,0.9528,0.9476,0.003597,0.004905,0.004696,1.277005,3.44003
1045168128,63238.9,-0.003013,0.059039,0.000646,-0.400391,0.0,0.9526,0.9468,0.002797,0.005097,0.00477,1.322678,3.457594
1045954560,63231.3,0.00269,0.069652,0.000614,-0.427734,0.0,0.9526,0.9459,0.003581,0.004709,0.006259,1.47036,3.566528
1046740992,63241.3,-0.004356,0.056549,0.000589,-0.423828,0.0,0.9532,0.9463,0.004744,0.004601,0.005594,1.534521,3.540709
1047527424,63251.3,-0.008188,0.042681,0.000586,-0.417969,0.0,0.9539,0.9467,0.003582,0.004262,0.005126,1.524124,3.441053
1048313856,63261.0,-0.002432,0.051883,0.000601,-0.431641,0.0,0.9541,0.9463,0.003981,0.004179,0.00539,1.444267,3.3624
1049100288,63256.0,-0.002522,0.062511,0.000683,-0.433594,0.0,0.9542,0.9463,0.003483,0.003997,0.006534,1.362234,3.398663
1049886720,63261.9,-0.001057,0.0645,0.000679,-0.427734,0.0,0.954,0.9451,0.005198,0.004314,0.006433,1.358486,3.345459
1050673152,63271.4,-0.006336,0.048421,0.000711,-0.435547,0.0,0.9538,0.9444,0.003922,0.00492,0.007429,1.3938,3.355549
1051459584,63266.4,-0.004529,0.047905,0.000716,-0.419922,0.0,0.9537,0.9444,0.003175,0.003545,0.004511,1.521129,3.289241
1052246016,63276.4,-0.001694,0.042945,0.000714,-0.425781,0.0,0.9538,0.9448,0.004857,0.004084,0.004946,1.449338,3.273885
1053032448,63286.4,0.000663,0.044828,0.000745,-0.419922,0.0,0.9538,0.9451,0.003435,0.004305,0.004123,1.406034,3.371872
1053818880,63296.2,0.007234,0.0563,0.000742,-0.410156,0.0,0.9537,0.9448,0.003657,0.004165,0.004396,1.401154,3.494076
1054605312,63287.2,-0.003124,0.068184,0.000647,-0.445312,0.0,0.954,0.945,0.004154,0.005806,0.006436,1.41752,3.409698
1055391744,63296.7,-0.002018,0.058004,0.000632,-0.449219,0.0,0.9537,0.9428,0.004371,0.005643,0.006637,1.464958,3.333639
1056178176,63306.3,-0.008415,0.051578,0.00066,-0.460938,0.0,0.9534,0.941,0.003789,0.004668,0.005237,1.528205,3.296998
1056964608,63297.3,0.000727,0.054968,0.000678,-0.466797,0.0,0.953,0.9399,0.003892,0.003479,0.004555,1.457187,3.448906
1057751040,63304.6,-0.00297,0.056902,0.000718,-0.455078,0.0,0.9528,0.9392,0.003621,0.004282,0.005875,1.458663,3.434022
1058537472,63314.4,-0.003825,0.058654,0.000701,-0.470703,0.0,0.9525,0.9389,0.003355,0.004143,0.004954,1.501237,3.390165
1059323904,63324.0,-0.00828,0.041705,0.000734,-0.447266,0.0,0.9519,0.9378,0.003685,0.003846,0.004437,1.573945,3.354216
1060110336,63317.2,-0.000966,0.051729,0.000673,-0.429688,0.0,0.9523,0.939,0.003071,0.003618,0.004843,1.605054,3.304927
1060896768,63325.5,0.000753,0.043007,0.000619,-0.429688,0.0,0.9524,0.9394,0.002999,0.003185,0.004254,1.593651,3.315046
1061683200,63335.2,-0.006461,0.032815,0.000611,-0.431641,0.0,0.9523,0.9395,0.00312,0.003738,0.004515,1.42456,3.353405
1062469632,63327.6,0.001089,0.046013,0.000616,-0.453125,0.0,0.9519,0.9388,0.002576,0.003245,0.004288,1.330188,3.312442
1063256064,63334.9,-0.000165,0.039719,0.000768,-0.464844,0.0,0.9517,0.9388,0.002711,0.003876,0.004476,1.397173,3.212355
1064042496,63344.6,0.000417,0.036553,0.000738,-0.46875,0.0,0.9514,0.9381,0.002855,0.003648,0.004521,1.500411,3.166597
1064828928,63354.3,-0.001908,0.038335,0.000741,-0.458984,0.0,0.9512,0.938,0.002858,0.003831,0.004017,1.498676,3.071378
1065615360,63346.2,0.000887,0.060288,0.000681,-0.46875,0.0,0.9518,0.9397,0.003294,0.003966,0.00517,1.510503,3.413891
1066401792,63356.0,-0.002776,0.040736,0.000679,-0.46875,0.0,0.952,0.9403,0.003394,0.003974,0.004755,1.509014,3.389331
1067188224,63365.7,0.003876,0.047591,0.000691,-0.453125,0.0,0.952,0.9411,0.004282,0.004108,0.005206,1.521034,3.332979
1067974656,63357.0,-0.004924,0.050109,0.000714,-0.464844,0.0,0.9522,0.942,0.003069,0.003939,0.004511,1.472355,3.031342
1068761088,63366.9,-0.000876,0.040921,0.000789,-0.447266,0.0,0.952,0.9423,0.003348,0.004293,0.004637,1.46211,2.997175
1069547520,63376.8,-0.005148,0.042381,0.00078,-0.419922,0.0,0.9513,0.9413,0.003179,0.004854,0.004761,1.349322,3.22159
1070333952,63386.0,-0.001637,0.049488,0.000768,-0.429688,0.0,0.9508,0.9407,0.003354,0.005418,0.004855,1.329087,3.20972
1071120384,63377.6,-0.001887,0.049965,0.00072,-0.4375,0.0,0.9508,0.9414,0.003092,0.003974,0.005101,1.322536,3.234015
1071906816,63387.3,-0.007763,0.036118,0.000671,-0.445312,0.0,0.9509,0.9421,0.003229,0.003644,0.005071,1.451933,3.366624
1072693248,63397.0,0.007537,0.043995,0.000684,-0.447266,0.0,0.9512,0.9428,0.003207,0.003815,0.00433,1.539326,3.383899
1073479680,63385.4,-0.004304,0.047742,0.000691,-0.441406,0.0,0.9511,0.9424,0.00239,0.003265,0.004027,1.583302,3.397731
1074266112,63395.2,-0.006446,0.050147,0.000743,-0.455078,0.0,0.9511,0.9421,0.004197,0.003945,0.004895,1.558577,3.580292
1075052544,63404.7,0.002234,0.051938,0.000749,-0.462891,0.0,0.9509,0.9414,0.004158,0.004295,0.00509,1.620902,3.625984
1075838976,63414.0,0.006715,0.046854,0.00073,-0.478516,0.0,0.9504,0.9407,0.003428,0.003641,0.004297,1.595577,3.524367
1076625408,63404.4,-0.004553,0.056413,0.000675,-0.484375,0.0,0.95,0.9411,0.003615,0.003912,0.005184,1.721582,3.360269
1077411840,63414.8,-0.000503,0.046459,0.000643,-0.482422,0.0,0.9498,0.9418,0.003622,0.003844,0.005214,1.68869,3.266567
1078198272,63425.0,0.002446,0.047766,0.000628,-0.472656,0.0,0.9499,0.9426,0.003015,0.003485,0.004595,1.549508,3.532495
1078984704,63435.0,0.001219,0.055504,0.000637,-0.486328,0.0,0.9497,0.9427,0.0037,0.004034,0.00473,1.57491,3.414851
1079771136,63424.4,-0.005511,0.045865,0.000719,-0.464844,0.0,0.9503,0.9441,0.004022,0.004099,0.005108,1.554059,3.368613
1080557568,63433.9,-0.00522,0.04469,0.000748,-0.4375,0.0,0.9505,0.9444,0.002957,0.003818,0.003896,1.567211,3.34779
1081344000,63443.4,0.000638,0.034149,0.000731,-0.451172,0.0,0.951,0.9454,0.00334,0.003344,0.003862,1.57364,3.316578
1082130432,63414.9,-0.002354,0.048872,0.000708,-0.453125,0.0,0.9511,0.946,0.00268,0.003557,0.003794,1.466793,3.464862
1082916864,63424.5,0.004504,0.03976,0.000603,-0.464844,0.0,0.9513,0.9462,0.003653,0.003527,0.004441,1.527857,3.564912
1083703296,63433.9,-0.00477,0.041047,0.000587,-0.474609,0.0,0.9515,0.9464,0.004094,0.003201,0.004173,1.549322,3.56476
1084489728,63443.5,0.00095,0.042925,0.000609,-0.453125,0.0,0.9514,0.9462,0.003646,0.002978,0.003709,1.626182,3.508895
1085276160,63434.4,-0.003206,0.04521,0.000702,-0.449219,0.0,0.9516,0.9464,0.004155,0.00409,0.004601,1.598102,3.332193
1086062592,63444.0,-0.005601,0.038632,0.000714,-0.443359,0.0,0.9517,0.9463,0.002996,0.003674,0.004338,1.614269,3.36507
1086849024,63453.8,-0.002024,0.041852,0.000684,-0.457031,0.0,0.9518,0.9465,0.003279,0.003434,0.003716,1.474313,3.417582
1087635456,63447.3,-0.004252,0.047482,0.000696,-0.464844,0.0,0.9518,0.9466,0.00266,0.003373,0.003993,1.530525,3.576225
1088421888,63457.5,0.001607,0.052585,0.000801,-0.435547,0.0,0.952,0.9469,0.003113,0.004009,0.004591,1.605612,3.558464
1089208320,63467.4,-0.003435,0.040272,0.000767,-0.435547,0.0,0.9523,0.9473,0.003399,0.003123,0.003946,1.61305,3.608086
1089994752,63477.2,-0.001832,0.041545,0.00077,-0.439453,0.0,0.9525,0.9475,0.002896,0.003813,0.003918,1.563088,3.420693
1090781184,63469.4,-0.003289,0.055333,0.000764,-0.439453,0.0,0.9528,0.948,0.003563,0.004662,0.005523,1.46904,3.605118
1091567616,63478.4,-0.005703,0.052927,0.000747,-0.441406,0.0,0.9526,0.9474,0.003784,0.005081,0.004731,1.532519,3.63843
1092354048,63485.5,-0.007559,0.047916,0.000775,-0.453125,0.0,0.9526,0.9472,0.003164,0.004231,0.00406,1.552111,3.620935
1093140480,63476.9,-0.002394,0.056081,0.000771,-0.466797,0.0,0.9523,0.9464,0.003094,0.003927,0.003924,1.692641,3.57454
1093926912,63486.6,0.000556,0.041657,0.000725,-0.443359,0.0,0.9523,0.947,0.003882,0.004712,0.004301,1.671343,3.424406
1094713344,63496.3,-0.003978,0.030092,0.000709,-0.460938,0.0,0.9527,0.9481,0.002347,0.003768,0.003474,1.673907,3.405361
1095499776,63506.2,0.000287,0.03029,0.000682,-0.460938,0.0,0.9526,0.9484,0.002234,0.00314,0.00304,1.579216,3.555479
1096286208,63499.9,-0.004221,0.044736,0.000656,-0.462891,0.0,0.9525,0.9488,0.002878,0.004234,0.004417,1.543355,3.618907
1097072640,63509.0,-0.000433,0.049619,0.000665,-0.455078,0.0,0.9527,0.9493,0.003418,0.004794,0.004867,1.635692,3.638322
1097859072,63517.6,-0.005228,0.039251,0.00066,-0.455078,0.0,0.9529,0.9501,0.003617,0.004106,0.004654,1.663989,3.525965
1098645504,63508.6,-0.008903,0.049005,0.000683,-0.443359,0.0,0.9533,0.9507,0.003456,0.003773,0.0042,1.853941,2.832317
1099431936,63517.5,0.006135,0.052768,0.000619,-0.447266,0.0,0.9536,0.9514,0.002918,0.004219,0.005311,1.536718,3.56332
1100218368,63526.9,-0.014235,0.037653,0.000586,-0.449219,0.0,0.954,0.9521,0.003343,0.003947,0.004312,1.568792,3.651842
1101004800,63536.2,-0.008004,0.038599,0.000625,-0.455078,0.0,0.9544,0.9531,0.002743,0.004399,0.004412,1.601445,3.51899
1101791232,63519.0,-0.009491,0.04848,0.000635,-0.464844,0.0,0.9546,0.9533,0.003858,0.003501,0.004251,1.690574,3.52954
1102577664,63527.7,-0.003335,0.05889,0.000661,-0.462891,0.0,0.955,0.9536,0.003821,0.004565,0.004726,1.703609,3.606363
1103364096,63537.7,-0.005533,0.051601,0.000641,-0.462891,0.0,0.9549,0.9531,0.003934,0.004118,0.004418,1.588739,3.600188
1104150528,63546.7,-0.007699,0.045329,0.000614,-0.478516,0.0,0.9552,0.9537,0.003504,0.004109,0.004078,1.593436,3.487231
1104936960,63538.2,-0.002834,0.06318,0.000583,-0.492188,0.0,0.9556,0.9545,0.004422,0.004898,0.005028,1.646982,3.518601
1105723392,63547.1,-0.003877,0.051202,0.000594,-0.490234,0.0,0.9556,0.9541,0.003953,0.00458,0.005245,1.660921,3.372363
1106509824,63555.7,0.005261,0.057446,0.00059,-0.486328,0.0,0.9554,0.9537,0.003355,0.004678,0.005594,1.648949,3.235675
1107296256,63547.3,0.002619,0.06278,0.000593,-0.498047,0.0,0.9551,0.9527,0.003685,0.003754,0.005125,1.497862,3.449175
1108082688,63555.4,0.004039,0.056487,0.000648,-0.457031,0.0,0.9549,0.9527,0.003595,0.004249,0.004961,1.576366,3.492331
1108869120,63563.8,0.002075,0.056697,0.000644,-0.464844,0.0,0.9549,0.9522,0.003392,0.004418,0.005239,1.580435,3.469765
1109655552,63572.2,-0.004043,0.055285,0.000671,-0.476562,0.0,0.9541,0.9508,0.004487,0.004342,0.004921,1.637335,3.382265
1110441984,63564.4,0.003409,0.064571,0.000683,-0.478516,0.0,0.9537,0.9496,0.002717,0.004974,0.004887,1.60934,3.084114
1111228416,63572.6,-0.002586,0.052013,0.000696,-0.476562,0.0,0.9522,0.9473,0.003171,0.00515,0.004889,1.611008,3.130962
1112014848,63581.6,-0.008543,0.054646,0.000683,-0.470703,0.0,0.9518,0.9467,0.003617,0.005136,0.004399,1.571867,3.596301
1112801280,63572.6,-0.001174,0.045314,0.000664,-0.492188,0.0,0.9522,0.9475,0.002689,0.003606,0.003763,1.616652,3.646284
1113587712,63580.9,-0.001342,0.049248,0.000762,-0.457031,0.0,0.9524,0.9479,0.00329,0.003507,0.003757,1.70546,3.648659
1114374144,63589.3,-0.003794,0.044671,0.000735,-0.472656,0.0,0.9528,0.9485,0.004056,0.004308,0.005026,1.735274,3.626281
1115160576,63597.3,-0.002934,0.036979,0.000749,-0.466797,0.0,0.9528,0.9482,0.002487,0.003188,0.003933,1.757081,3.505651
1115947008,63589.5,0.000539,0.041523,0.000624,-0.455078,0.0,0.9531,0.9482,0.004086,0.003955,0.005282,1.622425,3.666465
1116733440,63598.1,-0.002825,0.038664,0.000601,-0.455078,0.0,0.9527,0.9472,0.003515,0.003549,0.005391,1.544426,3.636893
1117519872,63606.5,-0.004004,0.033299,0.000599,-0.460938,0.0,0.953,0.9473,0.002958,0.003586,0.005252,1.582647,3.672424
1118306304,63598.7,0.000845,0.047575,0.000612,-0.457031,0.0,0.9531,0.9474,0.003477,0.003719,0.0041,1.631871,3.465987
1119092736,63607.1,-0.004013,0.038821,0.000682,-0.455078,0.0,0.9536,0.9485,0.002962,0.003219,0.004116,1.610037,3.449942
1119879168,63615.7,0.008191,0.049615,0.000676,-0.455078,0.0,0.9542,0.9499,0.003351,0.00355,0.004112,1.645797,3.420742
1120665600,63623.8,-0.00521,0.040737,0.000663,-0.482422,0.0,0.9542,0.9502,0.003356,0.003695,0.004304,1.540127,3.504286
1121452032,63616.6,-0.000604,0.05054,0.000643,-0.474609,0.0,0.9542,0.9505,0.002463,0.003331,0.004067,1.497774,3.41576
1122238464,63624.7,-0.002629,0.041472,0.000661,-0.466797,0.0,0.954,0.9499,0.002837,0.003489,0.004567,1.550651,3.359471
1123024896,63633.2,0.000864,0.041156,0.000663,-0.46875,0.0,0.9536,0.949,0.002651,0.003218,0.004433,1.547155,3.362717
1123811328,63624.8,-0.001351,0.048692,0.000655,-0.46875,0.0,0.9533,0.9485,0.002791,0.003786,0.004216,1.901011,3.159329
1124597760,63633.6,-0.003198,0.039315,0.000664,-0.484375,0.0,0.9533,0.9493,0.003077,0.003965,0.00441,1.684821,3.80707
1125384192,63642.3,0.001985,0.042693,0.000666,-0.474609,0.0,0.9531,0.949,0.003733,0.004592,0.004765,1.711888,3.704209
1126170624,63650.9,-0.001135,0.035925,0.000626,-0.470703,0.0,0.9528,0.9486,0.002242,0.003504,0.004147,1.725109,3.743857
1126957056,63643.8,-0.001664,0.054217,0.000662,-0.480469,0.0,0.953,0.9493,0.003191,0.003886,0.004004,1.728849,3.420964
1127743488,63652.4,-0.005702,0.041364,0.000611,-0.462891,0.0,0.9531,0.9496,0.004243,0.004426,0.004294,1.690642,3.404887
1128529920,63661.4,0.003111,0.046503,0.000636,-0.466797,0.0,0.9531,0.9501,0.004206,0.003856,0.00428,1.611661,3.667095
1129316352,63669.7,0.001606,0.051569,0.000637,-0.482422,0.0,0.953,0.9499,0.004266,0.003803,0.004271,1.591266,3.645888
1130102784,63661.2,-0.004334,0.05679,0.000624,-0.494141,0.0,0.9533,0.9504,0.00334,0.004598,0.005062,1.652562,3.742088
1130889216,63669.9,-0.002149,0.038382,0.000624,-0.476562,0.0,0.9536,0.9513,0.003465,0.003968,0.004843,1.773171,3.655226
1131675648,63678.0,-0.002462,0.043188,0.000624,-0.482422,0.0,0.9536,0.9514,0.003436,0.003896,0.004415,1.807032,3.626487
1132462080,63667.3,-0.005326,0.049164,0.000654,-0.470703,0.0,0.9549,0.9534,0.003754,0.004423,0.005033,1.638424,3.790504
1133248512,63675.8,0.000259,0.04729,0.000627,-0.464844,0.0,0.955,0.954,0.004573,0.003594,0.00551,1.64606,3.735599
1134034944,63684.2,-0.006476,0.040499,0.000618,-0.464844,0.0,0.9549,0.9536,0.003673,0.00357,0.005684,1.657448,3.597171
1134821376,63692.6,-0.004936,0.039568,0.000646,-0.457031,0.0,0.9548,0.954,0.002855,0.002833,0.004356,1.683096,3.709488
1135607808,63682.5,-0.003504,0.052109,0.000677,-0.474609,0.0,0.9552,0.9549,0.003481,0.003668,0.00412,1.713094,3.497962
1136394240,63690.6,6.3e-05,0.042246,0.000692,-0.458984,0.0,0.9547,0.9548,0.004593,0.004152,0.004421,1.726858,3.44729
1137180672,63699.0,-0.006446,0.035388,0.000674,-0.470703,0.0,0.9537,0.9541,0.00281,0.003704,0.003997,1.651519,3.637915
1137967104,63690.3,-0.003033,0.044215,0.00066,-0.453125,0.0,0.9534,0.9541,0.002497,0.004204,0.0039,1.557937,3.625802
1138753536,63694.9,-0.004175,0.035742,0.000735,-0.443359,0.0,0.9531,0.954,0.003056,0.004221,0.003723,1.611212,3.68251
1139539968,63703.0,-0.00215,0.033678,0.000734,-0.435547,0.0,0.9523,0.9535,0.002986,0.003974,0.004248,1.66961,3.556355
1140326400,63708.9,-0.002195,0.032069,0.000732,-0.441406,0.0,0.9517,0.9531,0.002268,0.003139,0.003898,1.608255,3.530933
1141112832,63533.8,-0.007716,0.045999,0.000689,-0.46875,0.0,0.9517,0.9532,0.003089,0.003514,0.004314,1.569517,3.90941
1141899264,63542.8,-0.00463,0.046845,0.000664,-0.464844,0.0,0.9512,0.9518,0.003047,0.003344,0.004963,1.646428,3.77891
1142685696,63551.8,-0.003716,0.041412,0.00068,-0.453125,0.0,0.9509,0.9511,0.002313,0.003405,0.004326,1.669996,3.679886
1143472128,63542.4,-0.000754,0.045612,0.00067,-0.458984,0.0,0.9508,0.9512,0.002368,0.00311,0.004374,1.663731,3.608621
1144258560,63550.5,-0.007982,0.039096,0.000697,-0.441406,0.0,0.9511,0.9518,0.003921,0.003787,0.004449,1.65698,3.465219
1145044992,63558.0,-0.002649,0.041209,0.000708,-0.439453,0.0,0.9518,0.9532,0.003695,0.003662,0.004315,1.579602,3.421283
1145831424,63566.2,-0.000301,0.036902,0.000701,-0.443359,0.0,0.9521,0.9534,0.002878,0.003264,0.004065,1.507419,3.540381
1146617856,63556.8,-0.008894,0.046798,0.000687,-0.460938,0.0,0.9523,0.9536,0.002939,0.003,0.003928,1.454974,3.440787
1147404288,63565.0,-0.001028,0.041081,0.000734,-0.451172,0.0,0.9523,0.9536,0.002505,0.003042,0.003986,1.557187,3.5018
1148190720,63572.8,-0.003337,0.041585,0.000735,-0.429688,0.0,0.9525,0.9538,0.003826,0.003537,0.004338,1.587338,3.524968
1148977152,63562.9,0.000276,0.046476,0.000741,-0.441406,0.0,0.9528,0.9547,0.00241,0.00294,0.003375,1.769457,3.149204
1149763584,63571.2,-0.009867,0.03077,0.00066,-0.460938,0.0,0.9533,0.9555,0.002981,0.002865,0.004622,1.539615,3.516303
1150550016,63579.7,-0.002095,0.039304,0.000682,-0.457031,0.0,0.9538,0.956,0.003203,0.003622,0.004479,1.582142,3.505175
1151336448,63588.0,0.002011,0.039344,0.000671,-0.478516,0.0,0.9543,0.9573,0.003522,0.003894,0.005079,1.606147,3.536446
1152122880,63579.8,-0.002221,0.05177,0.000672,-0.476562,0.0,0.9545,0.9579,0.003048,0.003376,0.004531,1.581635,3.356575
1152909312,63588.4,-0.000901,0.04125,0.000718,-0.46875,0.0,0.9554,0.96,0.002863,0.003712,0.004176,1.599643,3.25933
1153695744,63596.9,-0.003895,0.029544,0.000718,-0.457031,0.0,0.9559,0.9615,0.002515,0.003139,0.004208,1.670348,3.177588
1154482176,63605.6,-0.00306,0.030458,0.000691,-0.462891,0.0,0.9565,0.9628,0.002848,0.003295,0.004091,1.514237,3.407475
1155268608,63595.3,-0.008772,0.049389,0.000675,-0.480469,0.0,0.9569,0.9638,0.003412,0.003992,0.005553,1.657961,3.5759
1156055040,63603.6,-0.00231,0.04234,0.000678,-0.490234,0.0,0.9571,0.964,0.003423,0.004041,0.004987,1.715337,3.521441
1156841472,63612.1,9.8e-05,0.036772,0.00069,-0.498047,0.0,0.957,0.9638,0.003172,0.003501,0.00427,1.799301,3.55535
1157627904,63601.1,-0.00267,0.041821,0.000688,-0.486328,0.0,0.9573,0.9643,0.002667,0.00277,0.003802,1.80317,3.13272
1158414336,63610.0,0.000483,0.033554,0.000647,-0.470703,0.0,0.9579,0.965,0.002805,0.004246,0.004362,1.564836,3.621872
1159200768,63618.7,-0.003324,0.033217,0.000653,-0.484375,0.0,0.9585,0.9657,0.003045,0.003736,0.0051,1.667304,3.709048
1159987200,63627.7,-0.005689,0.03194,0.000649,-0.490234,0.0,0.9592,0.9663,0.003051,0.003358,0.004029,1.706566,3.520869
1160773632,63616.7,-0.002929,0.051958,0.000658,-0.507812,0.0,0.9598,0.9665,0.003506,0.005125,0.004873,1.845764,3.542959
1161560064,63624.8,-0.000161,0.04748,0.000674,-0.498047,0.0,0.9598,0.9649,0.003874,0.004248,0.005111,1.846969,3.431726
1162346496,63632.7,0.003222,0.046518,0.000669,-0.482422,0.0,0.9596,0.9636,0.003979,0.00379,0.004921,1.672558,3.625802
1163132928,63624.1,0.000347,0.050515,0.000663,-0.488281,0.0,0.9597,0.9633,0.002735,0.003154,0.003758,1.671063,3.764337
1163919360,63632.9,0.000974,0.049536,0.000797,-0.496094,0.0,0.9605,0.9642,0.003448,0.003666,0.004378,1.71826,3.791646
1164705792,63641.9,-0.000953,0.039158,0.000759,-0.494141,0.0,0.9611,0.9653,0.003541,0.003959,0.003945,1.739912,3.561694
1165492224,63650.9,-0.003792,0.036227,0.000756,-0.492188,0.0,0.9612,0.9652,0.002654,0.003079,0.00324,1.784157,3.454346
1166278656,63643.5,0.002446,0.041443,0.000671,-0.5,0.0,0.9615,0.9661,0.002331,0.003442,0.003794,1.557901,3.469903
1167065088,63651.2,-0.005662,0.032556,0.000606,-0.486328,0.0,0.9615,0.9663,0.002227,0.002989,0.003513,1.554241,3.462816
1167851520,63659.4,-0.001006,0.036427,0.000628,-0.478516,0.0,0.9612,0.9659,0.002536,0.003094,0.0035,1.580972,3.461383
1168637952,63649.3,-0.000434,0.045445,0.000656,-0.503906,0.0,0.9613,0.9664,0.002487,0.003116,0.004128,1.610008,3.417533
1169424384,63657.4,-0.003716,0.041688,0.0007,-0.474609,0.0,0.9616,0.9663,0.002837,0.004438,0.005035,1.636879,3.433979
1170210816,63666.3,0.000927,0.040296,0.000689,-0.476562,0.0,0.9617,0.966,0.002807,0.003494,0.004497,1.625932,3.26828
1170997248,63675.0,0.000382,0.046124,0.000696,-0.470703,0.0,0.9616,0.9657,0.003127,0.003495,0.004623,1.545291,3.428489
1171783680,63665.4,0.001931,0.053644,0.000694,-0.498047,0.0,0.9616,0.9658,0.004011,0.003623,0.004553,1.552462,3.380101
1172570112,63673.4,-0.005206,0.038557,0.000729,-0.492188,0.0,0.9615,0.9652,0.004491,0.003802,0.004882,1.622172,3.327558
1173356544,63681.8,-0.00515,0.036227,0.000737,-0.486328,0.0,0.9611,0.9638,0.003897,0.003368,0.004586,1.630831,3.315081
1174142976,63671.1,-0.008816,0.037661,0.000733,-0.498047,0.0,0.9606,0.9631,0.00304,0.0034,0.004617,1.816368,2.978827
1174929408,63679.0,0.002468,0.035504,0.000616,-0.5,0.0,0.9606,0.963,0.003661,0.003529,0.004295,1.683513,3.597481
1175715840,63686.9,-0.004897,0.030706,0.000618,-0.498047,0.0,0.9605,0.9629,0.003528,0.003481,0.004603,1.70093,3.568968
1176502272,63694.5,-0.001795,0.030353,0.000648,-0.492188,0.0,0.9602,0.9628,0.002862,0.003398,0.00421,1.694136,3.570095
1177288704,63683.2,-0.006589,0.044908,0.000674,-0.486328,0.0,0.9602,0.9628,0.003047,0.003212,0.003757,1.734843,3.523204
1178075136,63691.2,-0.002261,0.046787,0.000662,-0.482422,0.0,0.9604,0.9627,0.002858,0.003901,0.004525,1.803829,3.547157
1178861568,63699.2,-0.003532,0.049822,0.000653,-0.488281,0.0,0.9596,0.9603,0.003314,0.003569,0.004465,1.854155,3.346597
1179648000,63707.3,0.00013,0.037595,0.000641,-0.496094,0.0,0.9589,0.9589,0.003073,0.003857,0.004182,1.72964,3.68307
1180434432,63699.2,0.00136,0.057767,0.000715,-0.519531,0.0,0.959,0.9592,0.004286,0.003872,0.004692,1.835744,3.683831
1181220864,63706.4,-0.000141,0.04512,0.000721,-0.5,0.0,0.9581,0.9575,0.004283,0.004009,0.00411,1.882443,3.626179
1182007296,63714.5,0.003491,0.038534,0.000695,-0.496094,0.0,0.9574,0.9579,0.003207,0.003623,0.003234,1.860796,3.656091
1182793728,63704.4,-0.011163,0.038098,0.000637,-0.478516,0.0,0.9568,0.9583,0.002838,0.003027,0.003517,1.746273,3.226608
1183580160,63712.6,0.000471,0.035249,0.000579,-0.482422,0.0,0.9566,0.959,0.003079,0.003268,0.003489,1.662483,3.808945
1184366592,63720.2,-0.00246,0.035428,0.000597,-0.482422,0.0,0.9557,0.9585,0.002734,0.003346,0.003846,1.689826,3.685677
1185153024,63728.2,0.002196,0.028144,0.00061,-0.460938,0.0,0.9551,0.9586,0.002574,0.002765,0.003542,1.729214,3.634117
1185939456,63703.0,-0.002142,0.042768,0.000678,-0.472656,0.0,0.9551,0.959,0.003405,0.003711,0.004561,1.933929,3.795382
1186725888,63710.9,-0.006455,0.0374,0.000714,-0.472656,0.0,0.954,0.9572,0.003258,0.003123,0.00462,1.89343,3.785568
1187512320,63719.4,-0.004235,0.035912,0.000689,-0.470703,0.0,0.9541,0.9577,0.002966,0.00308,0.003826,1.796087,3.946907
1188298752,63707.4,-0.001356,0.041489,0.000663,-0.46875,0.0,0.9541,0.9573,0.002788,0.002722,0.003328,1.585406,3.689803
1189085184,63715.3,0.000864,0.041465,0.000667,-0.458984,0.0,0.9542,0.9573,0.004222,0.003558,0.005008,1.592496,3.691875
1189871616,63723.1,-0.003195,0.028788,0.000662,-0.460938,0.0,0.9541,0.9572,0.002867,0.002708,0.003562,1.633853,3.589079
1190658048,63730.9,-0.005482,0.028153,0.000677,-0.449219,0.0,0.9542,0.9586,0.003048,0.002911,0.003865,1.697401,3.571863
1191444480,63721.3,0.003757,0.037692,0.000638,-0.457031,0.0,0.9546,0.9598,0.003101,0.002633,0.003051,1.655962,3.850995
1192230912,63729.7,-0.001831,0.031277,0.000621,-0.474609,0.0,0.9549,0.9609,0.00264,0.003201,0.003577,1.710033,3.799901
1193017344,63737.5,-0.001408,0.030683,0.00062,-0.472656,0.0,0.955,0.9617,0.002495,0.003207,0.004031,1.763342,3.729141
1193803776,63727.5,-0.00458,0.038274,0.000646,-0.478516,0.0,0.9556,0.9641,0.002217,0.002818,0.003101,1.644217,3.698682
1194590208,63735.9,-0.006152,0.026208,0.000619,-0.460938,0.0,0.9564,0.9656,0.003066,0.003184,0.003954,1.653668,3.474444
1195376640,63744.2,-0.000503,0.027759,0.000619,-0.464844,0.0,0.9572,0.9668,0.002552,0.003079,0.003696,1.673698,3.505968
1196163072,63751.8,-0.001786,0.026876,0.000625,-0.455078,0.0,0.958,0.9684,0.002884,0.003154,0.003697,1.58442,3.657289
1196949504,63740.5,-0.00196,0.052419,0.000621,-0.464844,0.0,0.9585,0.9691,0.002638,0.004045,0.004923,1.60541,3.737642
1197735936,63748.7,-0.000867,0.034493,0.000623,-0.455078,0.0,0.959,0.9694,0.003049,0.003491,0.00592,1.660687,3.681701
1198522368,63756.9,0.001674,0.037349,0.000641,-0.464844,0.0,0.9592,0.9696,0.003099,0.003184,0.004849,1.615079,3.547596
1199308800,63743.5,-0.001859,0.036892,0.000637,-0.472656,0.0,0.9602,0.9717,0.002457,0.003338,0.003652,1.767857,3.06265
1200095232,63751.2,-0.004483,0.036254,0.000617,-0.455078,0.0,0.9609,0.9734,0.003331,0.003462,0.004189,1.641093,3.675162
1200881664,63759.0,-0.004543,0.028065,0.000626,-0.451172,0.0,0.9625,0.9765,0.00263,0.002972,0.003826,1.590316,3.65116
1201668096,63766.8,-0.003377,0.033206,0.000644,-0.453125,0.0,0.9637,0.9788,0.002555,0.002883,0.003788,1.58333,3.743362
1202454528,63756.4,-0.007373,0.036749,0.000651,-0.457031,0.0,0.9645,0.9798,0.002472,0.002964,0.003433,1.629453,3.583064
1203240960,63764.6,-0.004027,0.029597,0.000692,-0.457031,0.0,0.9655,0.9811,0.00229,0.002941,0.003633,1.660671,3.474553
1204027392,63772.8,-0.001673,0.027041,0.000664,-0.441406,0.0,0.9668,0.9828,0.002291,0.002852,0.003434,1.671124,3.607619
1204813824,63780.3,0.00108,0.031034,0.000683,-0.453125,0.0,0.968,0.9843,0.002605,0.002909,0.003202,1.556922,3.583908
1205600256,63768.8,-0.001041,0.042603,0.000559,-0.476562,0.0,0.9686,0.9851,0.002311,0.003305,0.003973,1.627762,3.776474
1206386688,63776.8,-0.000969,0.03444,0.000567,-0.451172,0.0,0.9686,0.9855,0.002489,0.003146,0.003885,1.657374,3.751533
1207173120,63784.9,-0.004522,0.02934,0.000571,-0.449219,0.0,0.9691,0.9862,0.002633,0.003135,0.003532,1.676991,3.727905
1207959552,63775.1,-0.004437,0.050693,0.000621,-0.460938,0.0,0.9691,0.9862,0.002895,0.00338,0.003779,1.728568,3.490773
1208745984,63783.2,-0.003177,0.042082,0.000694,-0.458984,0.0,0.9687,0.9853,0.003392,0.003338,0.005126,1.647726,3.777102
1209532416,63791.4,-0.003856,0.039168,0.000667,-0.476562,0.0,0.9686,0.9851,0.00321,0.003151,0.003644,1.694175,3.723439
1210318848,63799.4,-0.005067,0.030577,0.000681,-0.464844,0.0,0.9684,0.9845,0.002618,0.002916,0.003514,1.749756,3.76616
1211105280,63787.4,-0.005457,0.039194,0.000606,-0.458984,0.0,0.9688,0.9853,0.002387,0.003049,0.003326,1.702981,3.540059
1211891712,63795.0,-0.001171,0.033744,0.000562,-0.46875,0.0,0.9682,0.9845,0.001939,0.003546,0.003457,1.684986,3.460968
1212678144,63801.3,-0.004982,0.030378,0.00056,-0.480469,0.0,0.968,0.9841,0.002532,0.003007,0.003595,1.691929,3.384892
1213464576,63788.1,-0.002724,0.036834,0.000571,-0.494141,0.0,0.9678,0.9841,0.002277,0.002956,0.00337,1.648814,3.66204
1214251008,63794.4,-0.003279,0.037973,0.000604,-0.482422,0.0,0.9673,0.9829,0.003042,0.00331,0.004395,1.696594,3.656697
1215037440,63801.7,-0.002364,0.03799,0.000604,-0.476562,0.0,0.967,0.9828,0.002995,0.003261,0.003854,1.80236,3.74576
1215823872,63808.1,-0.004528,0.034217,0.000581,-0.488281,0.0,0.9669,0.9826,0.002778,0.003388,0.003795,1.783658,3.712098
1216610304,63794.6,-0.000382,0.047615,0.000654,-0.482422,0.0,0.9667,0.9822,0.002942,0.003289,0.004452,1.8961,3.506559
1217396736,63802.8,-0.00862,0.039797,0.000632,-0.476562,0.0,0.9662,0.9815,0.002744,0.004175,0.005084,1.791954,3.819614
1218183168,63810.9,0.000292,0.041631,0.000635,-0.484375,0.0,0.9663,0.9823,0.003379,0.003777,0.004259,1.749901,3.795359
1218969600,63800.0,-0.005977,0.042334,0.000658,-0.496094,0.0,0.9659,0.9821,0.002695,0.003415,0.004411,1.684632,3.645556
1219756032,63807.7,-0.007957,0.043842,0.000607,-0.484375,0.0,0.9655,0.9817,0.002851,0.004498,0.004986,1.716057,3.423164
1220542464,63814.8,-0.003997,0.036602,0.000603,-0.486328,0.0,0.9647,0.9808,0.002774,0.003261,0.004413,1.736007,3.412827
1221328896,63822.5,-0.003387,0.030479,0.000613,-0.462891,0.0,0.9644,0.9805,0.00314,0.003121,0.004003,1.658589,3.604022
1222115328,63810.3,0.001506,0.037756,0.000655,-0.484375,0.0,0.9641,0.9801,0.002218,0.002614,0.003355,1.622668,3.685693
1222901760,63818.0,-0.001423,0.032775,0.000703,-0.474609,0.0,0.9635,0.9795,0.002506,0.002637,0.003328,1.595016,3.573762
1223688192,63826.0,0.000251,0.029289,0.00073,-0.474609,0.0,0.9627,0.9786,0.002377,0.002893,0.003645,1.6683,3.547856
1224474624,63813.5,-0.00255,0.033516,0.000738,-0.486328,0.0,0.9624,0.9786,0.002132,0.00289,0.003049,1.770673,3.080486
1225261056,63821.5,0.007941,0.03267,0.000625,-0.488281,0.0,0.9622,0.9782,0.0027,0.002587,0.003725,1.665857,3.610992
1226047488,63829.4,-0.007412,0.026401,0.00062,-0.494141,0.0,0.9614,0.9772,0.002744,0.003414,0.003396,1.691375,3.646555
1226833920,63837.5,0.00089,0.029577,0.000624,-0.46875,0.0,0.9612,0.9769,0.002826,0.003443,0.003596,1.729107,3.633196
1227620352,63828.4,-0.001464,0.041551,0.000623,-0.494141,0.0,0.9615,0.9775,0.002761,0.003068,0.003793,1.803152,3.741334
1228406784,63836.1,-0.005551,0.028313,0.000589,-0.480469,0.0,0.9615,0.9775,0.002704,0.00349,0.003138,1.829647,3.686986
1229193216,63843.1,-0.005045,0.031305,0.00062,-0.466797,0.0,0.962,0.9788,0.002215,0.003483,0.003487,1.845625,3.662595
1229979648,63850.0,0.004923,0.035899,0.000614,-0.462891,0.0,0.9625,0.9795,0.00293,0.003592,0.003357,1.739,3.873515
1230766080,63840.0,0.000941,0.039398,0.000641,-0.445312,0.0,0.9631,0.9811,0.003154,0.003695,0.003919,1.558982,3.754284
1231552512,63847.7,-0.003004,0.033528,0.000632,-0.451172,0.0,0.9628,0.9805,0.003095,0.003472,0.003139,1.593511,3.70274
1232338944,63855.6,0.00057,0.025323,0.00064,-0.445312,0.0,0.9629,0.9806,0.003234,0.002872,0.00317,1.565177,3.638412
1233125376,63824.1,-0.004094,0.035352,0.000653,-0.466797,0.0,0.963,0.9808,0.002993,0.002571,0.003489,1.773267,3.542613
1233911808,63832.4,-0.009282,0.030232,0.000703,-0.466797,0.0,0.9635,0.9807,0.00338,0.004555,0.0041,1.721272,3.698415
1234698240,63840.7,-0.005784,0.033907,0.000701,-0.476562,0.0,0.9633,0.98,0.002747,0.003697,0.004041,1.593802,3.636976
1235484672,63849.0,-0.008011,0.030617,0.000705,-0.474609,0.0,0.9634,0.9802,0.002839,0.00346,0.003435,1.678157,3.663917
1236271104,63840.3,-0.004982,0.040172,0.00063,-0.496094,0.0,0.9638,0.9805,0.002674,0.002913,0.004854,1.727574,3.576482
1237057536,63845.8,-0.00759,0.034249,0.000594,-0.492188,0.0,0.9637,0.98,0.00306,0.003109,0.004205,1.769191,3.543998
1237843968,63853.7,0.002746,0.026714,0.000607,-0.474609,0.0,0.9638,0.9804,0.002598,0.002945,0.003429,1.772942,3.466423
1238630400,63843.2,-0.003966,0.03729,0.000594,-0.488281,0.0,0.9639,0.9809,0.003045,0.003319,0.003241,1.584483,3.590479
1239416832,63851.1,-0.003303,0.034469,0.000636,-0.46875,0.0,0.9638,0.9803,0.003009,0.003781,0.004406,1.61189,3.581198
1240203264,63859.0,0.00177,0.02853,0.00068,-0.480469,0.0,0.9639,0.9806,0.002555,0.003266,0.003835,1.68721,3.622534
1240989696,63867.0,-0.004869,0.027195,0.000679,-0.457031,0.0,0.9644,0.9808,0.002977,0.003134,0.003378,1.728809,3.478963
1241776128,63857.6,-0.002794,0.046807,0.000689,-0.478516,0.0,0.9648,0.981,0.002841,0.003973,0.003777,1.785489,3.413928
1242562560,63864.4,0.000446,0.04255,0.000661,-0.484375,0.0,0.9648,0.9807,0.003186,0.004162,0.004238,1.632349,3.649671
1243348992,63871.9,-0.006448,0.038297,0.000663,-0.470703,0.0,0.9655,0.9813,0.002746,0.00427,0.003923,1.639977,3.701893
1244135424,63858.4,-0.007605,0.046123,0.000662,-0.458984,0.0,0.9663,0.9822,0.002668,0.003179,0.003946,1.713257,3.875927
1244921856,63864.7,-0.004194,0.035871,0.000642,-0.46875,0.0,0.967,0.9831,0.003119,0.003533,0.003656,1.74986,3.652549
1245708288,63871.1,-0.006342,0.028122,0.000647,-0.464844,0.0,0.9672,0.9836,0.002966,0.003785,0.004348,1.747494,3.615373
1246494720,63878.7,-0.006714,0.020469,0.000636,-0.451172,0.0,0.9679,0.9849,0.002426,0.002997,0.003483,1.692552,3.748923
1247281152,63869.9,-0.008207,0.037394,0.000643,-0.460938,0.0,0.9681,0.9854,0.002867,0.003178,0.003722,1.663223,3.780546
1248067584,63877.7,-0.000787,0.029439,0.000644,-0.451172,0.0,0.9682,0.9853,0.002752,0.003098,0.003318,1.690402,3.799881
1248854016,63885.6,-0.008493,0.022451,0.000627,-0.455078,0.0,0.9685,0.986,0.002654,0.002725,0.003665,1.64435,3.728712
1249640448,63877.0,-0.010266,0.032709,0.000655,-0.455078,0.0,0.9687,0.9866,0.002001,0.002398,0.003175,1.767854,3.315066
1250426880,63884.6,-0.010243,0.034698,0.000669,-0.460938,0.0,0.9688,0.9865,0.002092,0.002865,0.004064,1.662488,3.680007
1251213312,63892.2,-0.009891,0.036441,0.000666,-0.460938,0.0,0.969,0.9866,0.002149,0.002993,0.003918,1.668335,3.709097
1251999744,63899.3,0.006531,0.037938,0.000643,-0.462891,0.0,0.9692,0.9866,0.001934,0.003261,0.003502,1.660921,3.779565
1252786176,63883.4,-0.002046,0.04048,0.000608,-0.482422,0.0,0.9696,0.9872,0.002389,0.002555,0.00333,1.696049,3.651047
1253572608,63891.2,0.002279,0.031859,0.000588,-0.460938,0.0,0.9693,0.9869,0.002825,0.002762,0.004186,1.70751,3.632103
1254359040,63899.0,0.001271,0.020899,0.000563,-0.464844,0.0,0.9698,0.9881,0.001948,0.002467,0.003456,1.765412,3.514066
1255145472,63906.5,0.003406,0.024583,0.000554,-0.460938,0.0,0.9696,0.9879,0.002491,0.002749,0.003612,1.685159,3.618846
1255931904,63895.4,-0.003862,0.032903,0.000686,-0.488281,0.0,0.9698,0.9886,0.002793,0.003577,0.004015,1.725789,3.877026
1256718336,63903.0,0.001084,0.022761,0.000674,-0.462891,0.0,0.9703,0.9902,0.002562,0.003377,0.003809,1.773941,3.97378
1257504768,63910.8,-0.005396,0.024652,0.0007,-0.457031,0.0,0.9704,0.9904,0.002679,0.002601,0.003315,1.752951,3.747711
1258291200,63899.6,-0.006435,0.035415,0.000702,-0.474609,0.0,0.9708,0.9916,0.003085,0.003413,0.003273,1.772189,3.449574
1259077632,63906.7,-0.002118,0.030967,0.000683,-0.472656,0.0,0.9713,0.9927,0.004254,0.00363,0.004266,1.628523,3.64287
1259864064,63914.4,-0.003218,0.031744,0.000715,-0.490234,0.0,0.9715,0.9935,0.004554,0.003482,0.004061,1.640198,3.581731
1260650496,63922.0,0.000573,0.030229,0.000663,-0.472656,0.0,0.9713,0.9934,0.003572,0.002917,0.003323,1.680239,3.546818
1261436928,63896.2,-0.001212,0.043713,0.000647,-0.466797,0.0,0.9713,0.9936,0.002881,0.003596,0.003623,1.692929,3.587232
1262223360,63903.9,0.0,0.036347,0.000641,-0.458984,0.0,0.9712,0.9933,0.002761,0.003848,0.003904,1.681844,3.566436
1263009792,63911.7,0.001705,0.038456,0.000616,-0.464844,0.0,0.9711,0.9932,0.002753,0.003093,0.003317,1.673383,3.497811
1263796224,63900.2,-0.001602,0.04025,0.000607,-0.464844,0.0,0.971,0.9932,0.002477,0.003181,0.003624,1.506899,3.563564
1264582656,63907.5,-0.005563,0.036859,0.000627,-0.453125,0.0,0.9706,0.9924,0.00324,0.003894,0.00407,1.536749,3.577686
1265369088,63913.8,-0.001174,0.036688,0.000614,-0.451172,0.0,0.9701,0.9915,0.002779,0.003867,0.003964,1.618303,3.544855
1266155520,63920.3,0.000136,0.030669,0.000612,-0.449219,0.0,0.9699,0.9909,0.002959,0.00369,0.004036,1.583152,3.49836
1266941952,63906.3,-0.002918,0.045506,0.000579,-0.484375,0.0,0.9698,0.9911,0.00278,0.003334,0.003872,1.719905,3.436782
1267728384,63913.9,-0.000557,0.033511,0.000582,-0.480469,0.0,0.9697,0.9903,0.002777,0.003201,0.003522,1.626652,3.573787
1268514816,63921.3,-0.003885,0.031282,0.000566,-0.503906,0.0,0.9696,0.9895,0.002122,0.004009,0.003549,1.605227,3.531883
1269301248,63909.6,0.003907,0.04199,0.00057,-0.511719,0.0,0.9695,0.9889,0.00257,0.003029,0.003326,1.611404,3.57798
1270087680,63917.2,-0.000266,0.030845,0.000627,-0.480469,0.0,0.9695,0.9891,0.002978,0.003527,0.004059,1.639442,3.46085
1270874112,63924.9,0.003034,0.031036,0.000619,-0.5,0.0,0.9697,0.9893,0.003076,0.003489,0.00469,1.717091,3.410735
1271660544,63932.6,-0.000919,0.025797,0.000602,-0.478516,0.0,0.9695,0.989,0.003073,0.003237,0.004118,1.791161,3.419469
1272446976,63919.9,-0.005211,0.039345,0.00063,-0.488281,0.0,0.9693,0.9882,0.002519,0.00316,0.003649,1.691448,3.564796
1273233408,63927.5,0.005254,0.025967,0.000671,-0.464844,0.0,0.9696,0.9889,0.002464,0.002721,0.003335,1.699291,3.619179
1274019840,63935.2,-0.001673,0.024637,0.000675,-0.449219,0.0,0.9693,0.9885,0.002222,0.002516,0.003412,1.653629,3.57441
1274806272,63925.3,-0.005556,0.028568,0.000683,-0.451172,0.0,0.9696,0.989,0.002088,0.002312,0.003128,1.69199,3.10183
1275592704,63932.8,-0.00386,0.025235,0.000591,-0.457031,0.0,0.9695,0.9889,0.003209,0.003385,0.003318,1.734159,3.470814
1276379136,63940.0,-0.002586,0.025941,0.000579,-0.457031,0.0,0.9698,0.9891,0.003105,0.002984,0.003119,1.556358,3.595391
1277165568,63947.5,0.001209,0.022585,0.000606,-0.455078,0.0,0.9697,0.9887,0.002856,0.00265,0.003008,1.581835,3.562071
1277952000,63937.8,-0.006534,0.039726,0.000625,-0.476562,0.0,0.9701,0.989,0.002221,0.002861,0.004045,1.745955,3.629521
1278738432,63945.6,0.001541,0.033929,0.000629,-0.460938,0.0,0.9703,0.9887,0.002976,0.002695,0.003816,1.680743,3.593846
1279524864,63953.1,-0.002209,0.024681,0.000628,-0.464844,0.0,0.9707,0.9891,0.002394,0.002597,0.003368,1.702033,3.623636
1280311296,63961.0,-0.004556,0.020861,0.000631,-0.470703,0.0,0.9711,0.9899,0.0026,0.002539,0.003392,1.744884,3.741522
1281097728,63947.5,-0.000125,0.046211,0.000579,-0.484375,0.0,0.9712,0.9896,0.004105,0.003509,0.004677,1.615875,3.605301
1281884160,63954.1,-0.004567,0.032997,0.000577,-0.480469,0.0,0.9716,0.9904,0.003205,0.003205,0.004194,1.680053,3.528189
1282670592,63961.5,0.003666,0.029852,0.000583,-0.482422,0.0,0.9716,0.9903,0.002511,0.003045,0.003962,1.731833,3.500879
1283457024,63951.6,-0.00316,0.045518,0.000617,-0.480469,0.0,0.9719,0.991,0.00271,0.003001,0.003924,1.823055,3.513337
1284243456,63958.6,-0.004686,0.040428,0.000616,-0.476562,0.0,0.972,0.9911,0.002818,0.003401,0.00484,1.732837,3.746737
1285029888,63965.5,-0.005381,0.034267,0.000593,-0.474609,0.0,0.9722,0.9913,0.003412,0.003571,0.004375,1.717475,3.713336
1285816320,63972.5,-0.000248,0.033128,0.000606,-0.476562,0.0,0.9724,0.9918,0.00346,0.002965,0.00429,1.743175,3.670475
1286602752,63963.2,-0.006489,0.035129,0.000596,-0.474609,0.0,0.9727,0.9928,0.003765,0.003444,0.004591,1.734476,3.670573
1287389184,63970.2,-0.005216,0.026796,0.00056,-0.46875,0.0,0.9723,0.9927,0.003409,0.002782,0.003852,1.767944,3.617979
1288175616,63977.3,-0.005729,0.028013,0.000558,-0.460938,0.0,0.9722,0.9932,0.003533,0.002762,0.003384,1.749974,3.590573
1288962048,63962.7,-0.005424,0.036191,0.000575,-0.46875,0.0,0.972,0.9934,0.003331,0.002645,0.004151,1.684626,3.767221
1289748480,63970.0,0.001993,0.035727,0.000586,-0.476562,0.0,0.972,0.9936,0.002674,0.003068,0.004471,1.694427,3.748382
1290534912,63977.3,-0.002798,0.022134,0.0006,-0.482422,0.0,0.9722,0.9944,0.002131,0.0028,0.003434,1.638215,3.658721
1291321344,63984.7,0.000551,0.021872,0.000619,-0.476562,0.0,0.9721,0.9951,0.003025,0.002498,0.003466,1.771719,3.587594
1292107776,63974.4,-0.000747,0.043377,0.000634,-0.460938,0.0,0.9723,0.9957,0.002575,0.002788,0.00348,1.582548,3.224681
1292894208,63981.6,-0.002062,0.026185,0.000651,-0.445312,0.0,0.9722,0.9955,0.002879,0.002772,0.003612,1.461303,3.438114
1293680640,63988.4,0.001194,0.029567,0.000634,-0.451172,0.0,0.9722,0.9954,0.002311,0.002874,0.003607,1.474543,3.465587
1294467072,63979.1,-0.007062,0.033252,0.00062,-0.472656,0.0,0.9721,0.9953,0.002364,0.002613,0.00317,1.592601,3.807024
1295253504,63986.5,-0.006206,0.031301,0.000569,-0.474609,0.0,0.9718,0.9955,0.00274,0.004007,0.004208,1.673948,3.586135
1296039936,63993.8,-0.00024,0.030274,0.000568,-0.484375,0.0,0.972,0.9964,0.002875,0.004013,0.004269,1.779538,3.56726
1296826368,64001.1,-0.005283,0.029578,0.000562,-0.478516,0.0,0.972,0.9969,0.002421,0.004004,0.003825,1.757424,3.50712
1297612800,63993.0,-0.003398,0.035787,0.000584,-0.476562,0.0,0.9719,0.9971,0.002346,0.003256,0.003622,1.655933,3.644475
1298399232,64000.6,-0.005142,0.028095,0.00061,-0.472656,0.0,0.9719,0.9974,0.002527,0.003272,0.003955,1.646403,3.623519
1299185664,64008.1,-0.000983,0.031625,0.00063,-0.464844,0.0,0.9718,0.9974,0.002658,0.003459,0.003588,1.700934,3.50439
1299972096,63999.5,-0.00225,0.027567,0.000628,-0.462891,0.0,0.9719,0.9974,0.002148,0.002517,0.003091,1.721635,3.091768
1300758528,64006.7,-0.005755,0.028436,0.000578,-0.462891,0.0,0.972,0.9981,0.002532,0.002975,0.003833,1.66148,3.348269
1301544960,64014.2,-0.002589,0.032214,0.000592,-0.464844,0.0,0.9722,0.9985,0.005229,0.004074,0.004259,1.577733,3.629271
1302331392,64020.9,9.9e-05,0.027636,0.000574,-0.464844,0.0,0.9724,0.9991,0.003014,0.00339,0.003966,1.62029,3.705428
1303117824,64012.1,-0.00562,0.036954,0.000625,-0.470703,0.0,0.9727,0.9997,0.002637,0.00324,0.003747,1.671224,3.718237
1303904256,64018.9,-0.003316,0.032442,0.000672,-0.476562,0.0,0.9729,0.9998,0.003005,0.003812,0.003818,1.7389,3.738119
1304690688,64026.6,-0.006859,0.024621,0.000644,-0.470703,0.0,0.9733,1.0007,0.002467,0.003304,0.003927,1.834717,3.682831
1305477120,64033.1,0.008816,0.035634,0.000665,-0.474609,0.0,0.9734,1.0007,0.002748,0.003604,0.003869,1.75015,3.829123
1306263552,64026.0,-0.00427,0.042069,0.000589,-0.482422,0.0,0.9737,1.0014,0.003376,0.004617,0.004373,1.823172,3.90196
1307049984,64033.0,-0.001056,0.032815,0.000617,-0.472656,0.0,0.9742,1.0025,0.002796,0.004717,0.00429,1.744665,3.927623
1307836416,64040.3,-0.003228,0.033415,0.000607,-0.466797,0.0,0.9745,1.003,0.002472,0.003748,0.004732,1.821976,3.94961
1308622848,64032.0,-0.006831,0.038168,0.000566,-0.488281,0.0,0.9745,1.0034,0.002847,0.003844,0.004215,1.836318,3.562172
1309409280,64038.0,0.002799,0.043492,0.000532,-0.478516,0.0,0.9746,1.0034,0.003568,0.004411,0.005228,1.733837,3.716312
1310195712,64045.0,0.003199,0.042876,0.000518,-0.486328,0.0,0.9747,1.0031,0.002674,0.004221,0.004635,1.780406,3.820893
1310982144,64052.0,-0.004611,0.038514,0.000536,-0.494141,0.0,0.9744,1.0022,0.002644,0.003912,0.00388,1.807493,3.867347
1311768576,64044.7,-0.002418,0.052262,0.000632,-0.496094,0.0,0.9745,1.0021,0.003539,0.004337,0.003675,1.945188,3.960562
1312555008,64052.4,-0.001521,0.035087,0.000668,-0.482422,0.0,0.9746,1.0016,0.002607,0.003612,0.00335,1.962428,3.90202
1313341440,64060.0,-0.006097,0.035085,0.000657,-0.494141,0.0,0.9748,1.0012,0.004065,0.004303,0.003634,1.904799,3.755102
1314127872,64051.5,-0.002168,0.053159,0.000652,-0.486328,0.0,0.9744,0.9998,0.00314,0.003796,0.00409,1.700325,3.692973
1314914304,64058.3,0.000729,0.037067,0.000665,-0.482422,0.0,0.9742,0.9981,0.002702,0.002979,0.003854,1.687564,3.74925
1315700736,64065.0,-0.005414,0.026907,0.000663,-0.46875,0.0,0.9737,0.9961,0.004291,0.002599,0.004476,1.727133,3.69762
1316487168,64071.4,-0.000522,0.030147,0.000674,-0.470703,0.0,0.9733,0.9948,0.003399,0.002928,0.003816,1.710226,3.643431
1317273600,64051.0,0.000258,0.04232,0.000651,-0.494141,0.0,0.9733,0.9948,0.002708,0.003084,0.003728,1.87402,3.508556
1318060032,64058.0,-0.005318,0.037139,0.000637,-0.482422,0.0,0.9727,0.9934,0.003055,0.003579,0.004221,1.734599,3.689564
1318846464,64065.1,0.001429,0.024473,0.000642,-0.498047,0.0,0.9723,0.9921,0.002625,0.002995,0.003841,1.721947,3.751505
1319632896,64056.4,-0.001035,0.038337,0.000624,-0.507812,0.0,0.9718,0.991,0.002785,0.00338,0.004028,1.722513,3.862271
1320419328,64063.5,-0.001307,0.03122,0.00058,-0.482422,0.0,0.9715,0.9908,0.002407,0.002985,0.003851,1.81112,3.668907
1321205760,64070.6,-0.007013,0.038578,0.00061,-0.498047,0.0,0.9711,0.9905,0.002786,0.003366,0.004055,1.84759,3.623086
1321992192,64077.7,-0.004122,0.03283,0.000596,-0.496094,0.0,0.9705,0.99,0.002807,0.003226,0.003371,1.91003,3.567017
1322778624,64068.7,0.001354,0.043521,0.000582,-0.496094,0.0,0.9702,0.9896,0.003235,0.003364,0.0043,1.683004,3.701459
1323565056,64075.5,-0.002299,0.03806,0.000584,-0.488281,0.0,0.9699,0.9893,0.002841,0.003585,0.004508,1.741202,3.670804
1324351488,64082.3,-0.004485,0.031859,0.000583,-0.480469,0.0,0.9695,0.9887,0.003518,0.003185,0.004968,1.730428,3.640323
1325137920,64073.3,-0.009701,0.034256,0.000602,-0.480469,0.0,0.9694,0.9888,0.002438,0.002892,0.004038,1.862224,3.320538
1325924352,64079.9,0.006505,0.037634,0.000676,-0.476562,0.0,0.9688,0.9875,0.002587,0.003664,0.004327,1.793602,3.471541
1326710784,64085.4,0.001046,0.035261,0.000648,-0.482422,0.0,0.9688,0.9872,0.003634,0.003681,0.004444,1.722105,3.697434
1327497216,64092.3,-0.009331,0.030789,0.000631,-0.498047,0.0,0.9685,0.9866,0.00277,0.003491,0.004502,1.762524,3.760272
1328283648,64082.6,-0.001797,0.035681,0.000604,-0.511719,0.0,0.9683,0.9861,0.00272,0.003059,0.00433,1.873874,3.661314
1329070080,64089.7,-0.005883,0.025573,0.000595,-0.482422,0.0,0.9684,0.9866,0.002759,0.002891,0.003543,1.832537,3.635651
1329856512,64096.8,-0.006224,0.021167,0.000581,-0.488281,0.0,0.9682,0.9868,0.001989,0.00274,0.003059,1.851782,3.593051
1330642944,64103.9,-0.002707,0.026864,0.000596,-0.503906,0.0,0.9685,0.9879,0.002197,0.002996,0.003373,1.864943,3.610164
1331429376,64094.6,-0.00124,0.036179,0.000682,-0.488281,0.0,0.9686,0.9882,0.002717,0.003015,0.004212,1.703691,3.592294
1332215808,64101.3,-0.004193,0.030305,0.000682,-0.478516,0.0,0.9687,0.9888,0.002711,0.002621,0.003352,1.691863,3.611872
1333002240,64108.6,-0.00473,0.027163,0.000687,-0.466797,0.0,0.969,0.9899,0.002464,0.002615,0.003269,1.685058,3.549539
1333788672,64100.8,-0.00023,0.034783,0.000639,-0.480469,0.0,0.9695,0.9911,0.002101,0.002614,0.002926,1.706705,3.416997
1334575104,64108.3,-0.000386,0.030906,0.000581,-0.476562,0.0,0.9698,0.9921,0.002171,0.002863,0.00368,1.716082,3.452348
1335361536,64115.6,-0.00114,0.034938,0.000576,-0.486328,0.0,0.9703,0.9928,0.002212,0.002751,0.003302,1.72693,3.661367
1336147968,64123.0,-0.001582,0.029986,0.000569,-0.488281,0.0,0.9706,0.9932,0.002445,0.002831,0.003187,1.683306,3.534529
1336934400,64102.7,-0.002903,0.047777,0.000591,-0.492188,0.0,0.9707,0.9928,0.003339,0.003098,0.004722,1.76211,3.609846
1337720832,64109.4,-0.002582,0.041183,0.000598,-0.486328,0.0,0.971,0.9927,0.003047,0.00341,0.005323,1.763676,3.581164
1338507264,64116.5,-0.004332,0.034121,0.000596,-0.486328,0.0,0.9711,0.9923,0.002238,0.002883,0.003699,1.840602,3.579435
1339293696,64109.0,-0.001764,0.039963,0.000597,-0.484375,0.0,0.9713,0.9921,0.002149,0.002458,0.003178,1.684047,3.650368
1340080128,64116.4,-0.006082,0.025596,0.000598,-0.466797,0.0,0.9716,0.9926,0.002561,0.003013,0.003392,1.625463,3.659308
1340866560,64123.8,-0.000866,0.02849,0.000618,-0.462891,0.0,0.972,0.9933,0.002351,0.003039,0.00373,1.612938,3.561808
1341652992,64131.3,0.004546,0.021581,0.000617,-0.466797,0.0,0.9724,0.9936,0.00195,0.00231,0.003023,1.673754,3.558655
1342439424,64118.3,0.001865,0.038609,0.000607,-0.472656,0.0,0.9727,0.9943,0.002428,0.002743,0.003452,1.711238,3.450108
1343225856,64125.3,-9.1e-05,0.030513,0.000625,-0.464844,0.0,0.9729,0.9948,0.003203,0.003512,0.003815,1.677579,3.662437
1344012288,64132.5,-0.006255,0.034313,0.00061,-0.486328,0.0,0.9736,0.9955,0.002568,0.003013,0.004076,1.647921,3.695321
1344798720,64122.9,-0.002391,0.040026,0.0006,-0.484375,0.0,0.9735,0.9952,0.002246,0.002506,0.003459,1.674226,3.78897
1345585152,64129.8,-0.006416,0.039061,0.000653,-0.488281,0.0,0.9738,0.9956,0.003007,0.003261,0.00367,1.761178,3.57222
1346371584,64136.9,0.001786,0.035241,0.000629,-0.488281,0.0,0.9737,0.9946,0.002917,0.002679,0.004598,1.765589,3.499614
1347158016,64144.1,-0.011036,0.030429,0.000618,-0.484375,0.0,0.9739,0.9944,0.002996,0.002514,0.003945,1.774027,3.408299
1347944448,64135.3,-0.005995,0.034777,0.000571,-0.482422,0.0,0.974,0.9944,0.00221,0.002586,0.003419,1.638525,3.66046
1348730880,64142.2,-0.001757,0.018759,0.000519,-0.462891,0.0,0.9743,0.9948,0.002562,0.002313,0.003477,1.64623,3.603765
1349517312,64147.5,0.004914,0.023034,0.000522,-0.453125,0.0,0.9745,0.9949,0.001934,0.002314,0.002862,1.706745,3.585815
1350303744,64138.3,-0.003132,0.027231,0.000555,-0.460938,0.0,0.9745,0.9954,0.001709,0.002049,0.002825,1.541616,3.280201
1351090176,64145.5,-0.002182,0.039306,0.000724,-0.433594,0.0,0.9747,0.9956,0.002845,0.0038,0.004592,1.624066,3.431268
1351876608,64152.0,0.001743,0.035395,0.000725,-0.441406,0.0,0.9747,0.995,0.002521,0.002775,0.003168,1.494273,3.581418
1352663040,64158.2,0.00461,0.038451,0.000708,-0.447266,0.0,0.9747,0.9947,0.002802,0.003278,0.004062,1.566589,3.649417
1353449472,64150.5,-0.002231,0.040215,0.000702,-0.451172,0.0,0.9746,0.9947,0.002527,0.002927,0.003442,1.601607,3.608045
1354235904,64157.6,0.001901,0.034148,0.000684,-0.439453,0.0,0.9746,0.9953,0.002399,0.002951,0.003502,1.608035,3.631113
1355022336,64164.5,-0.003975,0.023847,0.000699,-0.453125,0.0,0.9744,0.9958,0.002218,0.002668,0.003465,1.622859,3.482236
1355808768,64171.5,-0.004245,0.023156,0.000667,-0.46875,0.0,0.9747,0.9977,0.002362,0.002437,0.003093,1.695436,3.352644
1356595200,64162.3,-0.003796,0.03293,0.000549,-0.482422,0.0,0.9749,0.9991,0.002686,0.003419,0.005353,1.662323,3.708036
1357381632,64167.9,-0.000252,0.028974,0.000549,-0.484375,0.0,0.9752,1.0008,0.002581,0.002892,0.003457,1.755161,3.719811
1358168064,64174.5,-0.002953,0.026768,0.000563,-0.484375,0.0,0.9753,1.0015,0.002918,0.003513,0.003389,1.776522,3.718536
1358954496,64164.4,-0.002701,0.038647,0.000586,-0.5,0.0,0.9758,1.0023,0.003222,0.002777,0.003509,1.92051,3.778458
1359740928,64168.6,-0.009325,0.032122,0.000691,-0.486328,0.0,0.9755,1.0015,0.003158,0.002934,0.004098,1.931711,3.579799
1360527360,64173.0,-0.002881,0.031899,0.000715,-0.486328,0.0,0.9757,1.0014,0.002751,0.003284,0.003866,1.803745,3.855655
1361313792,64180.0,-0.000631,0.029457,0.00068,-0.484375,0.0,0.9753,1.0005,0.003008,0.003062,0.003805,1.75145,3.842553
1362100224,64172.2,-0.005096,0.038454,0.000588,-0.503906,0.0,0.9754,1.0008,0.002916,0.003173,0.003775,1.773506,3.641038
1362886656,64178.7,0.004463,0.031183,0.000563,-0.5,0.0,0.9748,0.9998,0.002621,0.003885,0.004232,1.848358,3.504667
1363673088,64185.3,0.00616,0.033049,0.000568,-0.494141,0.0,0.9745,0.9991,0.002572,0.00354,0.003395,1.723753,3.422099
1364459520,64151.2,1e-06,0.034194,0.000604,-0.503906,0.0,0.9745,0.9996,0.002425,0.002486,0.002683,1.752433,3.570055
1365245952,64158.1,-0.002014,0.027649,0.000593,-0.492188,0.0,0.9748,1.0012,0.003194,0.002775,0.003811,1.828392,3.729432
1366032384,64164.9,-0.002032,0.024691,0.000601,-0.492188,0.0,0.9747,1.0016,0.002459,0.002344,0.003376,1.77582,3.735373
1366818816,64171.8,-0.002391,0.025501,0.000612,-0.494141,0.0,0.9747,1.0022,0.002126,0.002397,0.003476,1.755032,3.611765
1367605248,64165.5,-0.00263,0.04008,0.000607,-0.515625,0.0,0.9746,1.0015,0.002736,0.002749,0.003728,1.887553,3.588878
1368391680,64172.6,0.000241,0.036291,0.000639,-0.507812,0.0,0.9745,1.0009,0.002711,0.002875,0.003928,1.828074,3.747329
1369178112,64179.7,-0.000974,0.036869,0.000645,-0.515625,0.0,0.974,0.9994,0.002815,0.003153,0.003768,1.845751,3.918163
1369964544,64171.1,-0.004781,0.036149,0.000635,-0.523438,0.0,0.9742,1.0,0.002613,0.002406,0.003936,1.73054,3.775464
1370750976,64177.9,-0.004436,0.025874,0.000682,-0.5,0.0,0.9742,1.0003,0.002246,0.002489,0.003435,1.798049,3.500283
1371537408,64184.7,-0.003511,0.024686,0.000662,-0.492188,0.0,0.9743,1.0006,0.002977,0.00306,0.004134,1.837228,3.555239
1372323840,64191.6,-0.001494,0.022838,0.000662,-0.484375,0.0,0.9741,1.0004,0.002928,0.002532,0.003719,1.769703,3.513007
1373110272,64182.5,-0.00306,0.035773,0.000648,-0.503906,0.0,0.9744,1.0007,0.003274,0.00308,0.004216,1.71755,3.676111
1373896704,64189.4,0.002581,0.023756,0.000616,-0.494141,0.0,0.9745,1.0007,0.002979,0.002515,0.00377,1.769447,3.696532
1374683136,64195.9,-0.004248,0.024734,0.00063,-0.484375,0.0,0.9743,1.0001,0.002286,0.002509,0.003192,1.746596,3.708705
1375469568,64186.4,-0.002968,0.03353,0.000632,-0.492188,0.0,0.9745,1.0005,0.002046,0.002697,0.003296,1.591611,3.326463
1376256000,64193.1,0.00063,0.02816,0.000634,-0.462891,0.0,0.9747,1.001,0.002524,0.002732,0.003869,1.64911,3.335084
1377042432,64199.9,-0.003024,0.023588,0.000634,-0.466797,0.0,0.9746,1.0006,0.002911,0.003145,0.003512,1.655524,3.567216
1377828864,64206.5,-0.002264,0.025794,0.000628,-0.478516,0.0,0.9746,1.001,0.002113,0.002803,0.003059,1.637955,3.538815
1378615296,64200.2,0.001399,0.042438,0.000596,-0.511719,0.0,0.9749,1.0017,0.002573,0.002721,0.003977,1.747965,3.740041
1379401728,64207.1,-0.003015,0.034496,0.00058,-0.496094,0.0,0.9748,1.0016,0.002073,0.003098,0.003077,1.84014,3.71863
1380188160,64213.8,-0.001489,0.030964,0.000557,-0.5,0.0,0.975,1.0021,0.00196,0.002787,0.003274,1.870503,3.695082
1380974592,64220.2,0.002068,0.030787,0.000567,-0.515625,0.0,0.9752,1.0027,0.002148,0.002968,0.003415,1.973013,3.593044
1381761024,64211.9,-0.008732,0.033646,0.000599,-0.535156,0.0,0.9753,1.003,0.003237,0.003264,0.003996,1.785629,3.56877
1382547456,64218.8,-0.005916,0.029466,0.000595,-0.519531,0.0,0.9755,1.003,0.002765,0.003193,0.003351,1.831995,3.55824
1383333888,64225.6,-0.002204,0.034624,0.000635,-0.515625,0.0,0.9754,1.0025,0.002349,0.003039,0.003309,1.814276,3.558561
1384120320,64219.2,-0.005813,0.033904,0.000636,-0.523438,0.0,0.9754,1.0024,0.002423,0.002729,0.003857,1.888874,3.690521
1384906752,64226.2,-0.004386,0.023037,0.000619,-0.511719,0.0,0.9758,1.0024,0.00211,0.003232,0.003444,1.948363,3.667499
1385693184,64233.3,-0.002019,0.031552,0.000627,-0.5,0.0,0.9757,1.0023,0.002654,0.002647,0.003273,1.911815,3.828404
1386479616,64240.5,0.003854,0.020577,0.000615,-0.494141,0.0,0.9763,1.0039,0.002138,0.0025,0.003106,1.900881,3.774874
1387266048,64233.0,-0.002834,0.033241,0.000601,-0.507812,0.0,0.9764,1.0045,0.002676,0.002441,0.004665,1.765698,3.674323
1388052480,64239.7,-0.003186,0.027284,0.000606,-0.503906,0.0,0.9766,1.0053,0.002762,0.002561,0.00378,1.795463,3.584932
1388838912,64246.6,-0.001355,0.026216,0.000593,-0.494141,0.0,0.9764,1.0054,0.002594,0.002838,0.003598,1.782461,3.478539
1389625344,64238.7,-0.005093,0.034457,0.000625,-0.503906,0.0,0.9766,1.0059,0.002456,0.002356,0.003458,1.716888,3.516264
1390411776,64245.5,0.002363,0.030397,0.000613,-0.5,0.0,0.9767,1.0062,0.002896,0.003123,0.004235,1.719393,3.645804
1391198208,64252.3,-0.003621,0.026729,0.000613,-0.5,0.0,0.9765,1.0056,0.002959,0.00285,0.003674,1.764332,3.630908
1391984640,64259.1,-0.00013,0.021797,0.000603,-0.5,0.0,0.9763,1.0049,0.0027,0.002595,0.002911,1.766705,3.491517
1392771072,64250.9,-0.001432,0.039866,0.000587,-0.492188,0.0,0.9765,1.0048,0.00278,0.003329,0.004343,1.692565,3.3103
1393557504,64256.2,-0.002088,0.033026,0.000545,-0.5,0.0,0.9762,1.0037,0.003033,0.003654,0.004104,1.660225,3.181375
1394343936,64262.7,0.00059,0.029398,0.000551,-0.498047,0.0,0.9761,1.0029,0.002857,0.003432,0.004148,1.579459,3.423691
1395130368,64254.3,-0.006904,0.040318,0.000554,-0.507812,0.0,0.9762,1.003,0.002942,0.003355,0.004029,1.710274,3.694693
1395916800,64261.1,-0.003676,0.032777,0.000623,-0.523438,0.0,0.9762,1.0031,0.003007,0.004026,0.003466,1.721339,3.517677
1396703232,64267.7,-0.00791,0.030399,0.000641,-0.511719,0.0,0.9764,1.0032,0.002595,0.003458,0.003699,1.810443,3.403298
1397489664,64274.2,-0.005365,0.022579,0.000636,-0.503906,0.0,0.976,1.0024,0.002535,0.00291,0.003414,1.790109,3.450311
1398276096,64266.5,-0.003822,0.034088,0.000582,-0.535156,0.0,0.9763,1.0031,0.002896,0.003329,0.004144,1.954907,3.840497
1399062528,64272.4,-0.001454,0.029805,0.000567,-0.515625,0.0,0.9763,1.0028,0.002955,0.003272,0.005254,1.949133,3.904083
1399848960,64279.0,-0.002037,0.028673,0.00057,-0.515625,0.0,0.9764,1.0027,0.002591,0.002919,0.004259,1.988007,3.912891
1400635392,64273.1,-0.012632,0.027366,0.000577,-0.53125,0.0,0.9767,1.003,0.002021,0.002472,0.0032,1.731109,3.268826
1401421824,64279.7,-0.000864,0.030567,0.000537,-0.494141,0.0,0.9768,1.0037,0.002914,0.002935,0.004102,1.805135,3.376824
1402208256,64286.4,0.001939,0.028525,0.000558,-0.496094,0.0,0.9769,1.004,0.003083,0.003,0.003826,1.73827,3.568758
1402994688,64292.8,-0.003324,0.032396,0.000551,-0.490234,0.0,0.9767,1.0032,0.002873,0.002853,0.00377,1.664948,3.549957
1403781120,64286.7,-0.00949,0.032862,0.00056,-0.511719,0.0,0.9764,1.0028,0.002327,0.003214,0.004917,1.806213,3.688959
1404567552,64293.5,-0.003658,0.029708,0.000579,-0.507812,0.0,0.9763,1.0022,0.003106,0.00309,0.004846,1.853997,3.689922
1405353984,64300.2,-0.007095,0.02876,0.000568,-0.5,0.0,0.9761,1.0018,0.002162,0.00291,0.00381,1.869831,3.561965
1406140416,64306.8,-0.004394,0.026124,0.000556,-0.5,0.0,0.9759,1.0011,0.002334,0.002705,0.004169,1.840405,3.540181
1406926848,64301.2,-0.002343,0.040988,0.000576,-0.511719,0.0,0.976,1.0012,0.002784,0.003683,0.00479,1.737687,3.626211
1407713280,64308.3,0.001222,0.031522,0.000588,-0.486328,0.0,0.976,1.001,0.002318,0.002887,0.003313,1.745612,3.689413
1408499712,64315.3,-0.009869,0.029501,0.000596,-0.5,0.0,0.976,1.0009,0.002133,0.002938,0.003239,1.741558,3.67098
1409286144,64308.3,-0.001951,0.037025,0.000608,-0.486328,0.0,0.9764,1.0013,0.003311,0.002521,0.003734,1.810884,3.746746
1410072576,64314.4,-0.003323,0.02557,0.000594,-0.486328,0.0,0.9762,1.0014,0.002489,0.002785,0.003799,1.844221,3.620628
1410859008,64321.0,-0.002585,0.027577,0.0006,-0.494141,0.0,0.9765,1.0019,0.003069,0.003023,0.004037,1.827521,3.704672
1411645440,64326.8,-0.006608,0.029424,0.000603,-0.498047,0.0,0.9766,1.0021,0.003447,0.002914,0.003226,1.920183,3.693382
1412431872,64306.4,-0.006572,0.045064,0.000598,-0.5,0.0,0.9767,1.0023,0.003043,0.004987,0.004359,1.882038,3.695522
1413218304,64312.8,-0.006578,0.027156,0.000601,-0.494141,0.0,0.9767,1.0026,0.003075,0.004109,0.003706,1.838622,3.618652
1414004736,64317.8,-0.005176,0.031867,0.000604,-0.503906,0.0,0.9769,1.0029,0.002531,0.004048,0.003716,1.860017,3.536314
1414791168,64309.5,-0.000295,0.038873,0.000617,-0.492188,0.0,0.9769,1.0029,0.002211,0.003841,0.003469,1.630389,3.401369
1415577600,64315.1,0.003891,0.033621,0.000634,-0.46875,0.0,0.9769,1.0025,0.002765,0.003492,0.003496,1.631315,3.511266
1416364032,64321.3,-0.002093,0.027447,0.000618,-0.472656,0.0,0.9771,1.0023,0.002277,0.003041,0.003064,1.672048,3.556136
1417150464,64327.1,-0.005131,0.029998,0.000623,-0.470703,0.0,0.9772,1.0023,0.002045,0.002639,0.003047,1.686527,3.493111
1417936896,64319.6,0.004574,0.034707,0.000623,-0.484375,0.0,0.9771,1.0021,0.003118,0.002683,0.004026,1.83693,3.560355
1418723328,64326.1,-0.0047,0.0204,0.00059,-0.488281,0.0,0.9772,1.0023,0.002562,0.002307,0.003739,1.769171,3.485667
1419509760,64332.8,-0.003437,0.020924,0.00062,-0.494141,0.0,0.9772,1.0024,0.002562,0.002323,0.003796,1.712135,3.598235
1420296192,64324.0,0.004078,0.034558,0.000593,-0.503906,0.0,0.9773,1.0026,0.002463,0.002275,0.00354,1.753802,3.654366
1421082624,64330.2,-0.008051,0.032043,0.000573,-0.503906,0.0,0.9774,1.0024,0.002888,0.002724,0.004185,1.698646,3.550657
1421869056,64336.6,-0.009534,0.032313,0.000583,-0.503906,0.0,0.9774,1.002,0.00296,0.003231,0.003955,1.73705,3.546838
1422655488,64343.1,-0.001728,0.03132,0.000571,-0.484375,0.0,0.9772,1.0012,0.002097,0.002266,0.003215,1.845135,3.524525
1423441920,64334.1,-0.004271,0.043731,0.000574,-0.503906,0.0,0.9772,1.0013,0.002721,0.002782,0.003756,1.678088,3.62185
1424228352,64339.2,0.002677,0.027083,0.00058,-0.503906,0.0,0.9776,1.0016,0.002825,0.002731,0.003033,1.775468,3.708493
1425014784,64345.5,-0.000677,0.032748,0.000618,-0.507812,0.0,0.9774,1.001,0.002511,0.002664,0.0034,1.806812,3.759282
1425801216,64337.9,0.002061,0.038794,0.000616,-0.503906,0.0,0.9773,1.0006,0.002504,0.002302,0.002943,1.8218,3.68673
1426587648,64344.6,-0.000773,0.025952,0.00063,-0.474609,0.0,0.9774,1.0003,0.00246,0.002456,0.00372,1.83712,3.717238
1427374080,64351.4,-0.005326,0.027257,0.000622,-0.480469,0.0,0.9772,0.9994,0.00251,0.002538,0.003856,1.78211,3.866268
1428160512,64358.3,-0.00407,0.025676,0.00061,-0.466797,0.0,0.9771,0.9988,0.002443,0.002621,0.003588,1.753948,3.712594
1428946944,64350.9,-0.006911,0.041008,0.000583,-0.474609,0.0,0.977,0.9985,0.002161,0.002278,0.003667,1.689461,3.687561
1429733376,64357.4,-0.002206,0.035732,0.000543,-0.476562,0.0,0.9769,0.9987,0.002648,0.002852,0.003864,1.6483,3.624752
1430519808,64363.0,0.001121,0.027026,0.000544,-0.472656,0.0,0.9767,0.9983,0.001877,0.00251,0.003169,1.682449,3.511869
1431306240,64345.6,-0.002183,0.031023,0.000536,-0.472656,0.0,0.9767,0.9988,0.002061,0.002321,0.003561,1.734869,3.48132
1432092672,64352.3,-0.002266,0.038196,0.000528,-0.498047,0.0,0.9768,0.9986,0.002579,0.002804,0.004546,1.655647,3.685874
1432879104,64359.2,-0.006825,0.031495,0.00054,-0.503906,0.0,0.9765,0.9978,0.002632,0.002611,0.003981,1.731344,3.709503
1433665536,64366.0,0.001547,0.026388,0.00055,-0.503906,0.0,0.976,0.9967,0.00236,0.00251,0.003722,1.734748,3.627534
1434451968,64359.8,-0.004524,0.038524,0.000545,-0.515625,0.0,0.9761,0.9972,0.002503,0.003045,0.003652,1.88442,3.5458
1435238400,64366.0,-0.004609,0.031132,0.000527,-0.503906,0.0,0.9756,0.9965,0.002757,0.003693,0.003218,1.900531,3.498791
1436024832,64371.8,-0.007432,0.028122,0.000532,-0.515625,0.0,0.9753,0.9964,0.002294,0.003662,0.003782,1.843193,3.692064
1436811264,64378.0,-0.001965,0.033279,0.00051,-0.527344,0.0,0.9751,0.996,0.002648,0.002853,0.003425,1.891896,3.76696
1437597696,64370.5,-0.009131,0.037257,0.000571,-0.523438,0.0,0.9751,0.9959,0.0028,0.003892,0.004212,1.932465,3.81021
1438384128,64374.2,-0.009557,0.025609,0.000593,-0.519531,0.0,0.9749,0.9954,0.002489,0.003692,0.003891,1.963321,3.849981
1439170560,64377.9,-0.002888,0.024229,0.000596,-0.511719,0.0,0.9747,0.9951,0.00276,0.003398,0.003637,1.997738,3.848867
1439956992,64368.5,-0.000149,0.034509,0.00058,-0.519531,0.0,0.9751,0.9962,0.001953,0.002809,0.003475,1.858879,3.78406
1440743424,64375.2,-0.001571,0.024836,0.00057,-0.507812,0.0,0.975,0.9964,0.002519,0.003293,0.004322,1.895786,3.858083
1441529856,64381.8,-0.005042,0.024542,0.00057,-0.503906,0.0,0.9754,0.9975,0.001939,0.002708,0.003359,1.908432,3.812925
1442316288,64388.3,-0.003767,0.021804,0.000596,-0.494141,0.0,0.9753,0.9982,0.002356,0.002241,0.003039,1.922134,3.849229
1443102720,64380.0,-0.00186,0.040615,0.000601,-0.496094,0.0,0.9752,0.998,0.002908,0.003421,0.004661,1.878461,3.627633
1443889152,64386.1,-0.004788,0.027974,0.000614,-0.492188,0.0,0.9751,0.9981,0.002815,0.003261,0.004437,1.844543,3.523289
1444675584,64391.8,-0.001036,0.027995,0.000587,-0.503906,0.0,0.9749,0.9985,0.002335,0.002862,0.003332,1.820145,3.697556
1445462016,64383.8,0.002584,0.037529,0.000584,-0.511719,0.0,0.975,0.9994,0.002036,0.002745,0.003323,1.936253,3.930803
1446248448,64390.5,-0.004471,0.028553,0.000632,-0.503906,0.0,0.9753,1.0004,0.002378,0.002895,0.00376,1.869947,3.87013
1447034880,64397.1,-0.007273,0.023892,0.000661,-0.498047,0.0,0.9755,1.0014,0.002635,0.002609,0.00304,1.875895,3.796374
1447821312,64403.7,0.002216,0.021707,0.00064,-0.507812,0.0,0.976,1.0022,0.002694,0.002563,0.00343,1.913769,3.650088
1448607744,64394.2,0.003696,0.04819,0.000624,-0.496094,0.0,0.976,1.0021,0.002957,0.003041,0.004134,1.750127,3.751353
1449394176,64399.2,-0.004115,0.025716,0.000584,-0.503906,0.0,0.9765,1.0025,0.002121,0.002991,0.003954,1.836042,3.708076
1450180608,64405.3,-0.012554,0.025417,0.000586,-0.503906,0.0,0.9768,1.0036,0.001921,0.003234,0.003496,1.759081,3.79089
1450967040,64397.8,-0.000271,0.038493,0.00058,-0.507812,0.0,0.9772,1.004,0.002084,0.002411,0.003172,1.841692,3.631959
1451753472,64404.2,-0.005542,0.033047,0.000579,-0.494141,0.0,0.9776,1.0049,0.003416,0.002589,0.003816,1.845172,3.621705
1452539904,64410.6,0.00502,0.032755,0.000553,-0.484375,0.0,0.9777,1.0053,0.002375,0.002421,0.003426,1.873001,3.587964
1453326336,64416.8,-0.003322,0.031808,0.000567,-0.503906,0.0,0.9778,1.0052,0.002097,0.002471,0.003074,1.809257,3.701354
1454112768,64409.6,-0.004671,0.037718,0.000545,-0.507812,0.0,0.9781,1.0057,0.001848,0.002146,0.003103,1.837901,3.716424
1454899200,64415.8,-0.007053,0.02876,0.000536,-0.5,0.0,0.978,1.0055,0.002315,0.002951,0.003701,1.844307,3.661948
1455685632,64421.9,0.0028,0.024249,0.000542,-0.503906,0.0,0.9782,1.0057,0.00208,0.003211,0.003433,1.874074,3.595863
1456472064,64414.0,-0.002026,0.033229,0.000553,-0.5,0.0,0.9784,1.0063,0.003022,0.002712,0.003151,2.159201,3.135009
1457258496,64420.2,0.004157,0.031195,0.000617,-0.503906,0.0,0.9786,1.0064,0.002444,0.003039,0.00343,1.791816,3.77759
1458044928,64426.7,-0.003078,0.022924,0.000622,-0.494141,0.0,0.9781,1.0057,0.002307,0.00281,0.00292,1.817667,3.749967
1458831360,64433.2,-0.00944,0.02217,0.000614,-0.492188,0.0,0.9781,1.0058,0.002421,0.002282,0.003074,1.845343,3.755707
1459617792,64427.3,-0.001726,0.033209,0.000647,-0.498047,0.0,0.9783,1.0065,0.002544,0.002878,0.003092,1.831147,3.793316
1460404224,64433.4,-0.009026,0.025648,0.000637,-0.498047,0.0,0.9783,1.0064,0.002247,0.00323,0.00366,1.884077,3.598835
1461190656,64439.7,0.003333,0.025482,0.00062,-0.490234,0.0,0.9787,1.007,0.00228,0.003039,0.003568,1.805196,3.747552
1461977088,64445.8,-0.003938,0.026755,0.000615,-0.503906,0.0,0.9789,1.007,0.002462,0.002899,0.003069,1.788341,3.806858
1462763520,64438.1,0.004242,0.034441,0.000594,-0.511719,0.0,0.9793,1.0077,0.002605,0.002781,0.003604,1.741147,3.695928
1463549952,64444.3,0.001488,0.018564,0.000567,-0.503906,0.0,0.9795,1.0083,0.001913,0.00241,0.002802,1.723591,3.490272
1464336384,64450.8,-0.0032,0.021607,0.00057,-0.488281,0.0,0.9796,1.0089,0.00211,0.002958,0.003074,1.80091,3.48809
1465122816,64444.6,-0.003365,0.030777,0.000604,-0.503906,0.0,0.9799,1.0095,0.001977,0.002841,0.003491,1.740429,3.73475
1465909248,64450.9,0.005632,0.029694,0.000605,-0.494141,0.0,0.9795,1.0086,0.003047,0.002926,0.004465,1.770586,3.702549
1466695680,64457.4,-0.002504,0.023313,0.000596,-0.492188,0.0,0.9796,1.0085,0.002456,0.00254,0.003617,1.763218,3.605128
1467482112,64462.5,-0.000903,0.021236,0.0006,-0.5,0.0,0.9793,1.0079,0.002441,0.002306,0.003633,1.774681,3.597477
1468268544,64454.9,-0.004436,0.02839,0.000557,-0.498047,0.0,0.9794,1.008,0.002104,0.002519,0.003469,1.865559,3.676146
1469054976,64461.6,0.001367,0.02296,0.00057,-0.496094,0.0,0.9795,1.0089,0.002153,0.002354,0.003267,1.867246,3.702835
1469841408,64467.5,0.002966,0.02385,0.000557,-0.5,0.0,0.9799,1.0096,0.002119,0.002546,0.002811,1.882684,3.775729
1470627840,64460.0,0.000487,0.030013,0.000541,-0.511719,0.0,0.9804,1.0105,0.001775,0.002269,0.00278,1.760343,3.912955
1471414272,64465.4,-0.000943,0.025898,0.000565,-0.488281,0.0,0.9808,1.0117,0.002048,0.002761,0.00315,1.83447,3.831134
1472200704,64471.6,0.00415,0.02526,0.000557,-0.494141,0.0,0.981,1.0125,0.002071,0.002327,0.003839,1.791774,3.779825
1472987136,64477.4,-0.007446,0.020956,0.000573,-0.494141,0.0,0.9812,1.0133,0.002096,0.002618,0.003372,1.927253,3.786713
1473773568,64470.3,-0.001921,0.037695,0.00058,-0.488281,0.0,0.9814,1.0139,0.002339,0.002744,0.003757,1.840767,3.741503
1474560000,64476.7,-0.003882,0.028222,0.000582,-0.478516,0.0,0.9815,1.0135,0.003408,0.002742,0.003837,1.780827,3.793016
1475346432,64482.8,-0.005088,0.026051,0.000575,-0.490234,0.0,0.9818,1.0137,0.002132,0.002746,0.003694,1.826087,3.812949
1476132864,64476.6,0.000191,0.029807,0.000561,-0.503906,0.0,0.9821,1.0142,0.00189,0.002402,0.003373,1.781551,3.879218
1476919296,64482.2,-0.00294,0.023899,0.00059,-0.490234,0.0,0.9824,1.0146,0.002047,0.002106,0.003846,1.864768,3.744269
1477705728,64488.1,-0.003219,0.01874,0.000605,-0.496094,0.0,0.9824,1.0146,0.002211,0.001941,0.002758,1.916776,3.78287
1478492160,64494.5,-0.000215,0.018537,0.000592,-0.503906,0.0,0.9824,1.0149,0.002056,0.002172,0.002805,1.965068,3.886112
1479278592,64487.5,-0.00088,0.031523,0.000572,-0.492188,0.0,0.9826,1.0156,0.002552,0.002332,0.002898,1.728827,3.700724
1480065024,64493.6,0.004564,0.028989,0.000567,-0.492188,0.0,0.9824,1.0153,0.001662,0.00272,0.002726,1.743026,3.598779
1480851456,64499.6,-0.003625,0.026429,0.000553,-0.507812,0.0,0.9824,1.0149,0.002425,0.002762,0.002964,1.786647,3.635101
1481637888,64490.9,-0.003956,0.036093,0.000564,-0.503906,0.0,0.9822,1.014,0.002215,0.002512,0.003301,2.132499,3.166295
1482424320,64497.0,-0.009495,0.029839,0.000515,-0.511719,0.0,0.9821,1.0129,0.002661,0.003089,0.003787,1.929293,3.853117
1483210752,64502.7,-0.005056,0.02846,0.000525,-0.503906,0.0,0.9817,1.0113,0.00236,0.003191,0.003533,1.941534,3.82092
1483997184,64508.3,-0.000776,0.026181,0.000523,-0.511719,0.0,0.9818,1.0113,0.002315,0.002534,0.003125,1.858735,3.713074
1484783616,64501.4,1.6e-05,0.037278,0.000525,-0.523438,0.0,0.982,1.0119,0.002232,0.003206,0.003437,1.869789,3.562665
1485570048,64507.4,0.003575,0.032802,0.000529,-0.523438,0.0,0.9819,1.012,0.002934,0.003605,0.00351,1.888065,3.532943
1486356480,64513.3,-4.6e-05,0.026296,0.000541,-0.503906,0.0,0.9818,1.0119,0.002886,0.003331,0.003876,1.88739,3.679123
1487142912,64519.4,0.003798,0.034533,0.000539,-0.519531,0.0,0.9817,1.0115,0.002645,0.003314,0.003709,1.93079,3.786206
1487929344,64512.2,0.001251,0.043089,0.000606,-0.519531,0.0,0.9815,1.0109,0.002946,0.003734,0.004438,1.960956,3.939484
1488715776,64518.6,0.005329,0.026419,0.000571,-0.507812,0.0,0.9813,1.01,0.002118,0.003201,0.004015,1.925773,3.858574
1489502208,64523.6,-0.002937,0.028891,0.000597,-0.523438,0.0,0.9812,1.009,0.002331,0.002776,0.003879,1.96057,3.749487
1490288640,64517.1,-0.007499,0.034949,0.000579,-0.527344,0.0,0.9812,1.0085,0.002251,0.002505,0.003389,1.84239,3.717636
1491075072,64523.7,-0.00872,0.020206,0.000572,-0.507812,0.0,0.981,1.008,0.002634,0.002612,0.003622,1.819596,3.678578
1491861504,64530.3,-0.006118,0.025454,0.000603,-0.511719,0.0,0.9807,1.0072,0.002638,0.002777,0.003149,1.838717,3.795117
1492647936,64535.2,9.5e-05,0.02424,0.000595,-0.519531,0.0,0.9807,1.008,0.002221,0.00278,0.003141,1.892383,3.734386
1493434368,64529.1,-0.00294,0.02897,0.000563,-0.507812,0.0,0.9805,1.0081,0.002369,0.002958,0.003522,1.761952,3.534405
1494220800,64535.2,0.001048,0.020789,0.000556,-0.488281,0.0,0.9806,1.0086,0.00182,0.002568,0.0031,1.822234,3.4678
1495007232,64540.7,-0.000844,0.018265,0.000562,-0.490234,0.0,0.9805,1.0089,0.002213,0.002569,0.003243,1.751378,3.654326
1495793664,64534.5,-0.003235,0.035777,0.000547,-0.511719,0.0,0.9804,1.0091,0.002058,0.002491,0.003259,2.029996,3.992017
1496580096,64540.9,-0.00285,0.023085,0.000595,-0.523438,0.0,0.9803,1.0086,0.002325,0.002854,0.003536,1.971328,3.896391
1497366528,64547.3,-0.00232,0.020809,0.00059,-0.519531,0.0,0.98,1.0083,0.00204,0.00302,0.003519,2.077412,3.876286
1498152960,64553.2,0.005068,0.023072,0.000597,-0.507812,0.0,0.98,1.0085,0.002418,0.002456,0.003066,2.007604,3.834549
1498939392,64546.6,-0.003092,0.029883,0.000569,-0.503906,0.0,0.9799,1.0089,0.002062,0.002459,0.002778,1.851744,3.81817
1499725824,64553.1,-0.001278,0.028147,0.00057,-0.503906,0.0,0.9797,1.009,0.002988,0.003101,0.003147,1.857072,3.7981
1500512256,64559.6,-0.00524,0.024957,0.000556,-0.507812,0.0,0.9795,1.0094,0.001938,0.00253,0.002701,1.899925,3.724756
1501298688,63045.5,-0.00791,0.032831,0.000565,-0.503906,0.0,0.9795,1.0103,0.002358,0.002588,0.002668,1.879111,3.856251
1502085120,63051.8,-0.003918,0.027618,0.000564,-0.484375,0.0,0.9795,1.0108,0.002412,0.002514,0.003565,1.921795,3.6511
1502871552,63057.9,-0.003953,0.026698,0.000569,-0.490234,0.0,0.9791,1.0103,0.00241,0.002619,0.003704,1.847644,3.573181
1503657984,63064.0,-4.2e-05,0.02375,0.00056,-0.503906,0.0,0.9794,1.0111,0.002275,0.002504,0.003479,1.8475,3.792405
1504444416,63056.3,-0.001576,0.033563,0.000554,-0.503906,0.0,0.9793,1.0112,0.002504,0.002238,0.002862,1.758976,3.871136
1505230848,63063.0,-0.003129,0.028361,0.000564,-0.492188,0.0,0.9793,1.0115,0.002154,0.002451,0.003332,1.842223,3.762283
1506017280,63069.0,0.002686,0.022639,0.00055,-0.496094,0.0,0.979,1.0119,0.002023,0.002244,0.00328,1.898123,3.769266
1506803712,63062.5,0.002659,0.029543,0.000546,-0.503906,0.0,0.979,1.0128,0.002113,0.002128,0.003188,2.077736,3.160349
1507590144,63069.1,-0.000966,0.027621,0.00053,-0.498047,0.0,0.9791,1.0139,0.00227,0.002968,0.002954,1.769313,3.765935
1508376576,63075.5,-0.008483,0.023395,0.000538,-0.474609,0.0,0.9789,1.0143,0.00239,0.002545,0.003041,1.797591,3.753246
1509163008,63082.0,-0.001346,0.022437,0.000561,-0.474609,0.0,0.979,1.0152,0.002373,0.002175,0.00311,1.790962,3.814579
1509949440,63066.9,0.001526,0.035478,0.00058,-0.490234,0.0,0.9791,1.0158,0.002837,0.002267,0.003307,1.816621,3.755382
1510735872,63073.7,-0.000955,0.028341,0.000609,-0.496094,0.0,0.979,1.0155,0.002692,0.002814,0.003693,1.867034,3.788733
1511522304,63080.3,-0.001275,0.023094,0.000569,-0.511719,0.0,0.979,1.015,0.002207,0.002613,0.003575,1.973454,3.777455
1512308736,63086.9,-0.0009,0.022403,0.00058,-0.519531,0.0,0.9792,1.0151,0.001948,0.002567,0.003422,1.876324,3.894018
1513095168,63079.0,-0.002232,0.028689,0.000546,-0.519531,0.0,0.9792,1.0154,0.002113,0.002392,0.003643,1.99153,4.073779
1513881600,63085.4,-0.001586,0.019238,0.000557,-0.523438,0.0,0.9793,1.0157,0.001888,0.00217,0.002812,2.067039,3.937086
1514668032,63091.7,-0.003426,0.01604,0.000547,-0.519531,0.0,0.9795,1.0167,0.001887,0.002651,0.003114,2.062947,3.836723
1515454464,63085.4,-0.001,0.030466,0.000563,-0.519531,0.0,0.9797,1.0173,0.002553,0.002668,0.003354,2.018663,3.525243
1516240896,63092.3,-0.002154,0.028494,0.000516,-0.503906,0.0,0.9797,1.0171,0.002497,0.002798,0.003639,1.793267,3.8108
1517027328,63099.0,-0.000421,0.022865,0.000517,-0.503906,0.0,0.9796,1.0168,0.002154,0.002748,0.003059,1.787404,3.774728
1517813760,63105.6,0.003474,0.028558,0.000524,-0.507812,0.0,0.9795,1.0162,0.002352,0.002971,0.003289,1.879019,3.779315
1518600192,63098.3,-0.00741,0.036094,0.00055,-0.503906,0.0,0.9795,1.0161,0.001969,0.002482,0.003177,1.851884,3.587866
1519386624,63104.9,-0.002448,0.024808,0.00056,-0.511719,0.0,0.9798,1.0168,0.002049,0.002738,0.003362,1.851468,3.543353
1520173056,63111.4,0.003523,0.022445,0.000545,-0.503906,0.0,0.9794,1.0163,0.001893,0.002055,0.002911,1.834195,3.653002
1520959488,63103.7,-0.003628,0.031935,0.000549,-0.507812,0.0,0.9794,1.0166,0.002409,0.002282,0.003654,1.764058,3.655417
1521745920,63109.6,-0.002868,0.031129,0.000621,-0.492188,0.0,0.9794,1.0166,0.002362,0.00281,0.00427,1.739791,3.668917
1522532352,63115.6,0.001345,0.028036,0.000607,-0.480469,0.0,0.9788,1.015,0.003441,0.002468,0.003331,1.730816,3.602402
1523318784,63121.8,0.000766,0.027285,0.000609,-0.482422,0.0,0.9785,1.014,0.002702,0.002385,0.003135,1.776057,3.629706
1524105216,63114.4,-0.005035,0.033309,0.00055,-0.482422,0.0,0.9782,1.0133,0.002489,0.002559,0.003899,1.679059,3.665844
1524891648,63120.7,-0.013692,0.026706,0.000506,-0.5,0.0,0.9779,1.0125,0.004084,0.002469,0.00507,1.713963,3.713593
1525678080,63126.6,-0.001766,0.023784,0.00052,-0.503906,0.0,0.9774,1.011,0.002712,0.002382,0.003977,1.724003,3.64397
1526464512,63119.8,-0.001952,0.035407,0.000529,-0.515625,0.0,0.9775,1.0107,0.002112,0.002344,0.003411,1.898657,3.848412
1527250944,63125.6,-0.007086,0.03074,0.000528,-0.507812,0.0,0.9776,1.0103,0.003351,0.00372,0.004584,2.021506,3.779351
1528037376,63131.7,-0.000917,0.027007,0.00053,-0.511719,0.0,0.9775,1.0088,0.00209,0.003034,0.003389,2.002182,3.818439
1528823808,63137.0,-0.001079,0.028507,0.000559,-0.511719,0.0,0.9772,1.0084,0.002436,0.003148,0.003353,1.939639,3.921068
1529610240,63129.5,-0.002118,0.033555,0.000535,-0.496094,0.0,0.9773,1.0088,0.001812,0.002603,0.00312,1.832948,3.787083
1530396672,63136.1,0.001192,0.020426,0.000557,-0.488281,0.0,0.9771,1.0088,0.001855,0.002439,0.002932,1.807535,3.754777
1531183104,63142.9,-0.004412,0.018879,0.000559,-0.476562,0.0,0.9769,1.0085,0.002072,0.002566,0.003093,1.778786,3.661299
1531969536,63137.4,0.000243,0.029394,0.000559,-0.474609,0.0,0.9768,1.008,0.001768,0.002425,0.002811,2.092391,3.26502
1532755968,63143.9,0.003065,0.027708,0.000583,-0.496094,0.0,0.9768,1.0074,0.001977,0.003013,0.00352,1.810256,3.812316
1533542400,63149.6,-0.001458,0.02821,0.000598,-0.503906,0.0,0.9765,1.0062,0.002203,0.003578,0.003352,1.860471,3.810121
1534328832,63156.0,-0.00135,0.026644,0.000599,-0.507812,0.0,0.9767,1.0065,0.002032,0.002657,0.003165,1.869382,3.886294
1535115264,63150.6,-0.002015,0.037591,0.000642,-0.503906,0.0,0.9769,1.007,0.002526,0.002663,0.003775,1.879027,3.770833
1535901696,63157.0,-0.007512,0.026204,0.000678,-0.492188,0.0,0.9769,1.0067,0.002334,0.003091,0.003654,1.846588,3.770804
1536688128,63163.4,-0.003021,0.021491,0.000635,-0.496094,0.0,0.9769,1.007,0.002386,0.00268,0.003589,1.84599,3.674062
1537474560,63169.7,-0.005884,0.025614,0.000709,-0.503906,0.0,0.9773,1.0077,0.002048,0.002675,0.003515,1.839732,3.7969
1538260992,63162.1,0.000834,0.036327,0.000579,-0.519531,0.0,0.9775,1.0077,0.001984,0.002621,0.003631,1.828212,3.674234
1539047424,63167.9,-0.006176,0.021987,0.000585,-0.503906,0.0,0.9776,1.0076,0.002065,0.002779,0.003606,1.80617,3.645281
1539833856,63173.4,-0.000413,0.019354,0.000598,-0.496094,0.0,0.9781,1.0086,0.001697,0.002183,0.003261,1.802535,3.672332
1540620288,63165.5,-0.005217,0.028675,0.000592,-0.507812,0.0,0.9785,1.0098,0.001779,0.002101,0.003115,1.934469,3.573112
1541406720,63171.7,-0.004613,0.023082,0.000585,-0.503906,0.0,0.9789,1.0105,0.002171,0.002444,0.003613,1.908617,3.83494
1542193152,63178.2,0.001972,0.024542,0.000599,-0.492188,0.0,0.9791,1.011,0.002014,0.002111,0.003589,1.805894,3.783848
1542979584,63184.4,-9.8e-05,0.02257,0.000633,-0.488281,0.0,0.9795,1.0121,0.001825,0.002308,0.003185,1.801114,3.712486
1543766016,63178.3,-0.001268,0.02764,0.000606,-0.472656,0.0,0.9796,1.0121,0.001924,0.002121,0.003715,1.697455,3.568826
1544552448,63184.3,-0.007579,0.021218,0.000589,-0.46875,0.0,0.9801,1.0127,0.002028,0.002314,0.003383,1.72898,3.439537
1545338880,63190.6,0.005373,0.025617,0.000587,-0.466797,0.0,0.9804,1.0131,0.001952,0.00218,0.002963,1.669183,3.540547
1546125312,63185.7,-0.004245,0.028608,0.000573,-0.482422,0.0,0.9807,1.0138,0.001991,0.002139,0.002941,1.626373,3.717373
1546911744,63192.3,-0.005057,0.022021,0.000562,-0.486328,0.0,0.9808,1.0138,0.001925,0.002469,0.003118,1.754278,3.673168
1547698176,63198.9,-0.000676,0.020188,0.000547,-0.498047,0.0,0.9804,1.0133,0.001867,0.002716,0.002923,1.843914,3.684737
1548484608,63205.7,-0.002057,0.017917,0.000553,-0.496094,0.0,0.9808,1.0139,0.001723,0.002881,0.002961,1.869782,3.60673
1549271040,63199.5,-0.002922,0.029657,0.000553,-0.515625,0.0,0.9809,1.0139,0.002463,0.002973,0.003498,1.76225,3.808458
1550057472,63205.9,0.001057,0.022541,0.000538,-0.507812,0.0,0.9807,1.0132,0.002073,0.002712,0.004003,1.882451,3.728236
1550843904,63212.2,0.001236,0.022528,0.000533,-0.507812,0.0,0.9806,1.013,0.001955,0.002216,0.003194,1.826987,3.778682
1551630336,63205.0,-0.002834,0.028842,0.000541,-0.519531,0.0,0.9804,1.0124,0.00215,0.00211,0.003403,1.855612,3.827028
1552416768,63211.4,0.005315,0.020166,0.000529,-0.503906,0.0,0.9806,1.0128,0.002391,0.002981,0.002989,1.839911,3.589585
1553203200,63217.9,-0.009364,0.015036,0.000541,-0.511719,0.0,0.9802,1.0124,0.002209,0.002643,0.002519,1.894598,3.667144
1553989632,63224.3,-0.005286,0.01914,0.000556,-0.515625,0.0,0.9804,1.0133,0.001897,0.002048,0.002725,1.866124,3.802684
1554776064,63217.7,-0.002588,0.02975,0.00059,-0.515625,0.0,0.9805,1.0135,0.002302,0.002361,0.002602,1.886646,3.685041
1555562496,63224.2,0.005202,0.026472,0.000599,-0.515625,0.0,0.9808,1.0142,0.002353,0.002173,0.002815,1.838761,3.738637
1556348928,63230.5,-0.006007,0.018559,0.00063,-0.503906,0.0,0.9808,1.0145,0.00207,0.002223,0.002809,1.908862,3.658102
1557135360,63220.1,-0.002457,0.026172,0.000635,-0.498047,0.0,0.981,1.0151,0.001768,0.002124,0.00237,1.928151,3.148271
1557921792,63226.6,-0.007271,0.027365,0.00064,-0.494141,0.0,0.981,1.0149,0.002196,0.003038,0.003221,1.748702,3.737568
1558708224,63233.0,-0.005143,0.033073,0.000649,-0.503906,0.0,0.9806,1.0138,0.001962,0.00363,0.003256,1.773509,3.699827
1559494656,63239.6,0.000412,0.027802,0.000638,-0.498047,0.0,0.9803,1.0131,0.002012,0.002907,0.002959,1.810948,3.683413
1560281088,63232.2,-0.00293,0.0354,0.000604,-0.515625,0.0,0.9805,1.0132,0.002396,0.002514,0.002837,1.902455,3.765649
1561067520,63238.2,-0.000434,0.029614,0.000576,-0.507812,0.0,0.9803,1.0125,0.002365,0.003164,0.003792,1.818939,3.641997
1561853952,63243.9,-0.005783,0.027614,0.00058,-0.511719,0.0,0.9803,1.0127,0.002669,0.003278,0.003493,1.861687,3.684944
1562640384,63246.7,-0.003731,0.026964,0.000573,-0.507812,0.0,0.9802,1.0127,0.002681,0.002851,0.003557,1.898663,3.989519
1563426816,63240.8,-0.0034,0.035016,0.000534,-0.515625,0.0,0.98,1.0124,0.002994,0.00221,0.003507,1.930764,3.945556
1564213248,63246.9,-0.003783,0.02425,0.00054,-0.511719,0.0,0.98,1.0128,0.002674,0.002393,0.00353,1.913579,3.870862
1564999680,63253.3,0.000382,0.018879,0.00054,-0.511719,0.0,0.9799,1.013,0.002293,0.002369,0.002955,1.89162,3.787279
1565786112,63247.5,-0.001315,0.027949,0.000582,-0.511719,0.0,0.9803,1.0139,0.001834,0.002236,0.003254,1.864584,3.506375
1566572544,63253.6,-0.003863,0.024732,0.000638,-0.507812,0.0,0.9802,1.0139,0.002124,0.00224,0.003185,1.807928,3.641553
1567358976,63259.7,0.005936,0.025716,0.000607,-0.519531,0.0,0.9801,1.0142,0.002022,0.002579,0.002986,1.88549,3.752628
1568145408,63265.2,-0.004743,0.020946,0.000622,-0.507812,0.0,0.9802,1.0149,0.002143,0.002288,0.002626,1.93135,3.74929
1568931840,63259.4,-0.004543,0.033431,0.000565,-0.53125,0.0,0.9803,1.0156,0.002722,0.005022,0.003641,2.084711,3.847639
1569718272,63265.8,-0.002078,0.02402,0.00054,-0.519531,0.0,0.9806,1.0166,0.002356,0.003231,0.003426,2.042172,3.811483
1570504704,63272.2,-0.000258,0.023709,0.000533,-0.519531,0.0,0.9805,1.0167,0.001995,0.002805,0.003049,2.143613,3.922245
1571291136,63266.8,-0.000805,0.028856,0.000544,-0.539062,0.0,0.9807,1.0171,0.001957,0.002542,0.003092,2.064701,4.002361
1572077568,63272.6,-0.003669,0.027469,0.000595,-0.523438,0.0,0.9808,1.0166,0.002518,0.002615,0.003418,2.043762,4.052209
1572864000,63278.1,-0.002181,0.019035,0.000586,-0.523438,0.0,0.9809,1.0169,0.001732,0.002302,0.003546,2.053144,3.84726
1573650432,63284.0,-0.00221,0.019665,0.00059,-0.511719,0.0,0.9808,1.0169,0.001786,0.002038,0.002771,2.090272,3.978828
1574436864,63276.7,-0.001309,0.036915,0.000598,-0.515625,0.0,0.9808,1.0164,0.002848,0.002411,0.003839,1.992862,3.742314
1575223296,63282.6,-0.007567,0.017363,0.000605,-0.507812,0.0,0.9806,1.0153,0.002161,0.0022,0.003258,1.940279,3.860559
1576009728,63287.9,-0.001995,0.014265,0.000601,-0.503906,0.0,0.9809,1.0163,0.001884,0.001897,0.002763,1.974356,3.979185
1576796160,63281.9,0.003015,0.032673,0.000616,-0.519531,0.0,0.9812,1.0172,0.001966,0.001911,0.002768,1.898577,4.026565
1577582592,63287.4,-1e-05,0.022356,0.000602,-0.503906,0.0,0.9815,1.0183,0.002059,0.003032,0.003411,1.999943,3.905361
1578369024,63293.4,0.001041,0.0267,0.000626,-0.503906,0.0,0.9817,1.0192,0.00192,0.002461,0.002925,2.03054,3.807574
1579155456,63299.2,0.000471,0.022721,0.000636,-0.496094,0.0,0.9819,1.0199,0.001753,0.002373,0.002864,1.916936,3.97038
1579941888,63293.6,-0.004814,0.025813,0.000562,-0.527344,0.0,0.982,1.0205,0.001797,0.002722,0.002889,1.961095,3.975865
1580728320,63300.0,-0.003474,0.021785,0.000543,-0.523438,0.0,0.982,1.021,0.00249,0.002609,0.002898,1.915478,3.877116
1581514752,63306.5,-0.000891,0.017008,0.000534,-0.523438,0.0,0.9822,1.0214,0.001523,0.002421,0.00279,2.009771,3.852104
1582301184,63300.2,-0.005022,0.025196,0.000527,-0.527344,0.0,0.9823,1.0221,0.001555,0.002363,0.002303,1.905882,3.059894
1583087616,63305.8,-0.005237,0.026888,0.000519,-0.511719,0.0,0.9823,1.0221,0.001888,0.002675,0.002838,1.771037,3.630231
1583874048,63311.7,-0.001051,0.02018,0.000515,-0.523438,0.0,0.9822,1.0221,0.00178,0.003211,0.003071,1.741321,3.65052
1584660480,63317.8,-0.002662,0.02036,0.000522,-0.523438,0.0,0.9823,1.0224,0.001966,0.00281,0.002574,1.817534,3.630589
1585446912,63311.3,-0.002732,0.027434,0.000552,-0.535156,0.0,0.9825,1.0225,0.001586,0.002713,0.002855,1.915348,3.600679
1586233344,63317.5,-0.002304,0.020544,0.000571,-0.519531,0.0,0.982,1.0211,0.001824,0.002693,0.003422,1.897023,3.481482
1587019776,63323.0,-0.00148,0.018782,0.000566,-0.527344,0.0,0.982,1.0205,0.001653,0.002049,0.002712,1.94096,3.499307
1587806208,63329.0,-0.003778,0.018464,0.000546,-0.527344,0.0,0.9819,1.0197,0.001711,0.001981,0.002592,1.853427,3.627033
1588592640,63323.3,-0.003119,0.034151,0.00056,-0.523438,0.0,0.9818,1.0197,0.002107,0.002637,0.003485,1.777034,3.721619
1589379072,63329.5,0.003962,0.026651,0.000575,-0.515625,0.0,0.9815,1.0192,0.002647,0.002832,0.003454,1.839718,3.719083
1590165504,63335.6,-0.002872,0.023349,0.000553,-0.519531,0.0,0.9814,1.0194,0.002147,0.002763,0.003398,1.891025,3.579425
1590951936,63330.2,-0.006713,0.031147,0.00059,-0.53125,0.0,0.9814,1.0196,0.001742,0.002025,0.003228,2.062956,3.66392
1591738368,63336.4,-0.00337,0.013819,0.000581,-0.519531,0.0,0.9816,1.0204,0.001857,0.002311,0.00332,1.969921,3.758811
1592524800,63342.4,0.000393,0.017651,0.000584,-0.519531,0.0,0.9816,1.0212,0.002174,0.002398,0.003417,1.969092,3.810543
1593311232,63348.5,-0.003337,0.01427,0.000585,-0.515625,0.0,0.9817,1.0227,0.002198,0.0022,0.002892,1.909713,3.809721
1594097664,63341.7,-0.004342,0.034866,0.000557,-0.515625,0.0,0.9815,1.0224,0.002447,0.002419,0.003411,1.91263,3.64015
1594884096,63347.2,-0.00828,0.023476,0.000544,-0.523438,0.0,0.9813,1.0221,0.00287,0.002505,0.003079,1.907157,3.599663
1595670528,63350.9,0.002282,0.027351,0.00054,-0.519531,0.0,0.981,1.0216,0.001806,0.00267,0.003119,1.938079,3.520706
1596456960,63341.5,-0.00723,0.034096,0.000539,-0.53125,0.0,0.9809,1.0212,0.002281,0.003117,0.00405,2.000479,3.80239
1597243392,63347.2,0.000982,0.023439,0.000508,-0.519531,0.0,0.9807,1.0209,0.002696,0.002678,0.002914,1.939568,3.805641
1598029824,63352.3,-0.006063,0.015719,0.000515,-0.511719,0.0,0.9806,1.0207,0.001823,0.002258,0.002701,1.976866,3.735224
1598816256,63357.8,0.000459,0.015691,0.000508,-0.503906,0.0,0.9806,1.0209,0.002203,0.002317,0.002534,1.895836,3.597237
1599602688,63351.2,-0.001922,0.033781,0.000545,-0.515625,0.0,0.9807,1.0207,0.002104,0.002529,0.003486,1.939963,3.474767
1600389120,63357.3,-0.008088,0.019995,0.000532,-0.515625,0.0,0.9802,1.0191,0.002415,0.002373,0.003525,1.876578,3.687373
1601175552,63363.4,6.5e-05,0.018343,0.000542,-0.523438,0.0,0.9798,1.0178,0.002065,0.002353,0.002786,1.859237,3.599222
1601961984,63358.3,0.003599,0.028787,0.000524,-0.535156,0.0,0.9798,1.0177,0.001757,0.002118,0.002648,1.775247,3.766508
1602748416,63364.4,0.000911,0.015601,0.000529,-0.527344,0.0,0.98,1.018,0.001762,0.002317,0.00252,1.873965,3.645375
1603534848,63370.6,-0.005578,0.013062,0.000508,-0.523438,0.0,0.9803,1.0185,0.001635,0.002075,0.002611,1.922155,3.611272
1604321280,63376.4,-0.004896,0.012726,0.000517,-0.535156,0.0,0.9806,1.0195,0.001616,0.00188,0.002833,1.917158,3.602553
1605107712,63357.4,0.000164,0.032197,0.000529,-0.550781,0.0,0.9809,1.0204,0.001994,0.00203,0.002887,2.038605,3.818522
1605894144,63363.4,0.003801,0.031067,0.00055,-0.542969,0.0,0.9809,1.0208,0.002331,0.00237,0.002765,2.00581,3.792946
1606680576,63369.4,-0.005956,0.027489,0.000566,-0.535156,0.0,0.9811,1.0215,0.002064,0.002684,0.002732,2.014148,3.729029
1607467008,63362.1,-0.005401,0.032123,0.000558,-0.539062,0.0,0.9813,1.0218,0.001952,0.002391,0.002616,2.086694,3.166758
1608253440,63368.0,-0.004146,0.028094,0.000571,-0.519531,0.0,0.9817,1.0225,0.002179,0.002619,0.003683,1.870549,3.76157
1609039872,63373.5,-0.001228,0.02171,0.000544,-0.519531,0.0,0.9818,1.0228,0.00183,0.002255,0.003287,1.890686,3.653995
1609826304,63379.4,-0.003954,0.027161,0.000546,-0.523438,0.0,0.9816,1.0222,0.001879,0.002169,0.002758,1.945494,3.724486
1610612736,63372.9,0.00019,0.031978,0.000556,-0.519531,0.0,0.9818,1.0222,0.002207,0.002372,0.003039,1.939714,3.664864
1611399168,63378.4,-0.007305,0.026395,0.00056,-0.519531,0.0,0.9816,1.021,0.002098,0.002339,0.00292,1.828265,3.611629
1612185600,63384.0,0.002547,0.020774,0.000555,-0.515625,0.0,0.9812,1.0198,0.001825,0.001911,0.002634,1.845965,3.579011
1612972032,63389.7,0.000132,0.023491,0.000566,-0.519531,0.0,0.9815,1.0206,0.001665,0.001984,0.003169,1.87041,3.730077
1613758464,63384.1,0.000854,0.027564,0.000555,-0.539062,0.0,0.9815,1.0207,0.001759,0.002391,0.003133,1.922944,3.839609
1614544896,63390.0,-0.003685,0.017039,0.000559,-0.527344,0.0,0.9816,1.0211,0.001892,0.002401,0.002985,1.996338,3.860757
1615331328,63395.9,-0.001218,0.017276,0.000557,-0.527344,0.0,0.9818,1.0216,0.001646,0.002223,0.002666,2.090722,3.826214
1616117760,63390.5,0.001616,0.025582,0.000554,-0.53125,0.0,0.9819,1.022,0.001702,0.0021,0.002613,1.967545,3.56378
1616904192,63396.4,0.002067,0.022045,0.000543,-0.507812,0.0,0.9819,1.0219,0.002144,0.002558,0.003082,1.899851,3.666775
1617690624,63402.6,-0.000731,0.018388,0.000552,-0.498047,0.0,0.9818,1.0218,0.002047,0.002109,0.002966,1.805605,3.76305
1618477056,63407.5,0.004179,0.015142,0.000557,-0.511719,0.0,0.9821,1.0235,0.001787,0.002222,0.002615,1.867409,3.64111
1619263488,63402.8,-0.008716,0.024338,0.000573,-0.498047,0.0,0.9825,1.0248,0.001853,0.002003,0.002858,1.865956,3.730264
1620049920,63409.0,-0.001089,0.0136,0.000583,-0.498047,0.0,0.9829,1.0261,0.001654,0.00198,0.002795,1.887561,3.593627
1620836352,63415.2,-0.008942,0.0107,0.000577,-0.490234,0.0,0.983,1.0267,0.00185,0.001939,0.002657,1.841858,3.644288
1621622784,63410.1,-0.007658,0.024994,0.00055,-0.503906,0.0,0.9829,1.0269,0.001636,0.002113,0.002695,1.91258,3.763745
1622409216,63415.9,-0.011696,0.019929,0.00054,-0.507812,0.0,0.9828,1.027,0.00213,0.003429,0.003019,1.89716,3.804493
1623195648,63420.3,-0.00763,0.02119,0.000555,-0.507812,0.0,0.9825,1.0264,0.002807,0.003469,0.003353,2.003089,3.800163
1623982080,63426.0,-0.0044,0.021991,0.000537,-0.515625,0.0,0.9826,1.0266,0.002683,0.00309,0.002983,1.971955,3.831897
1624768512,63415.0,-0.006114,0.031384,0.000547,-0.503906,0.0,0.9827,1.0267,0.003163,0.002749,0.003516,1.948964,3.594949
1625554944,63420.9,-0.004796,0.023455,0.000544,-0.5,0.0,0.9826,1.0265,0.002546,0.003077,0.003247,1.865176,3.878385
1626341376,63427.0,-0.000958,0.023919,0.000553,-0.511719,0.0,0.9825,1.0262,0.003055,0.002642,0.003444,1.897406,3.750309
1627127808,63421.5,-0.004917,0.029313,0.000536,-0.515625,0.0,0.9823,1.0259,0.001878,0.002149,0.002544,1.804778,4.037689
1627914240,63426.6,-0.006592,0.01825,0.000538,-0.503906,0.0,0.9824,1.0264,0.001812,0.00223,0.00297,1.868285,3.709825
1628700672,63431.6,-0.005027,0.015576,0.000543,-0.486328,0.0,0.9824,1.0268,0.001678,0.001995,0.002391,1.83894,3.678077
1629487104,63436.9,-0.00378,0.016684,0.000539,-0.494141,0.0,0.9826,1.0278,0.001975,0.002074,0.002752,1.897085,3.711784
1630273536,63432.6,0.004614,0.03399,0.000532,-0.519531,0.0,0.9827,1.0284,0.002204,0.002284,0.003626,1.909885,3.928162
1631059968,63438.7,0.000706,0.030251,0.000549,-0.511719,0.0,0.9825,1.0281,0.00258,0.003343,0.004443,1.983499,3.965833
1631846400,63444.9,-0.005397,0.027231,0.000561,-0.515625,0.0,0.9824,1.0277,0.002321,0.003013,0.004229,1.992467,3.929587
1632632832,63440.4,-0.006736,0.030247,0.000571,-0.527344,0.0,0.9825,1.0275,0.002185,0.002715,0.00346,2.239709,3.545793
1633419264,63446.4,0.000368,0.027429,0.000582,-0.515625,0.0,0.9825,1.0275,0.003462,0.003151,0.003684,2.151708,3.786981
1634205696,63451.6,-0.0033,0.021561,0.000568,-0.523438,0.0,0.9823,1.0272,0.002965,0.002479,0.003432,2.015804,4.049563
1634992128,63456.8,-0.002369,0.020532,0.000578,-0.519531,0.0,0.9818,1.0266,0.002275,0.002376,0.003236,2.034342,4.004745
1635778560,63452.9,-0.009991,0.030088,0.000613,-0.523438,0.0,0.9819,1.0268,0.0021,0.002169,0.002587,2.038304,3.897719
1636564992,63459.2,-0.003745,0.020189,0.000627,-0.515625,0.0,0.9813,1.0259,0.00198,0.002272,0.002421,1.969691,3.860445
1637351424,63465.2,-0.00267,0.019571,0.000625,-0.519531,0.0,0.9809,1.0255,0.002003,0.002148,0.002684,2.049963,3.771792
1638137856,63471.4,-0.003114,0.01861,0.000634,-0.523438,0.0,0.9803,1.0245,0.00187,0.00196,0.002315,2.007581,3.929035
1638924288,63466.2,-0.004058,0.031974,0.000565,-0.554688,0.0,0.9798,1.0233,0.002447,0.002936,0.003972,2.012043,3.918085
1639710720,63471.9,-0.001061,0.018497,0.000559,-0.546875,0.0,0.9794,1.0221,0.001983,0.003464,0.003999,2.05314,3.812464
1640497152,63477.0,-0.001698,0.017855,0.000582,-0.539062,0.0,0.9792,1.0219,0.00173,0.002819,0.003245,2.09808,3.817945
1641283584,63471.2,-0.009873,0.032577,0.000603,-0.542969,0.0,0.9793,1.0219,0.002697,0.002467,0.003198,2.216963,3.760225
1642070016,63475.9,-0.001266,0.030813,0.000581,-0.539062,0.0,0.9788,1.0205,0.002562,0.002549,0.003997,1.984651,3.956549
1642856448,63481.7,-0.003012,0.028777,0.000555,-0.554688,0.0,0.9782,1.019,0.003036,0.002586,0.003946,2.13517,3.974503
1643642880,63487.7,-0.004719,0.02586,0.000573,-0.542969,0.0,0.9778,1.0182,0.002287,0.002292,0.002944,2.10467,3.868726
1644429312,63479.7,-0.007481,0.02591,0.000592,-0.527344,0.0,0.9777,1.0181,0.00203,0.00243,0.004216,1.989386,3.752834
1645215744,63485.5,-0.004718,0.018402,0.00062,-0.503906,0.0,0.9772,1.0174,0.002105,0.002698,0.002952,1.985566,3.677375
1646002176,63491.0,-0.000482,0.020268,0.0006,-0.5,0.0,0.9771,1.0172,0.001992,0.002386,0.003194,1.959514,3.699936
1646788608,63485.3,-0.003964,0.029749,0.000607,-0.507812,0.0,0.9768,1.0166,0.001893,0.002352,0.003665,1.837175,3.711187
1647575040,63490.8,-0.003131,0.024493,0.000615,-0.494141,0.0,0.9764,1.0151,0.001891,0.002498,0.003286,1.784873,3.759893
1648361472,63496.6,-0.003894,0.020996,0.000648,-0.492188,0.0,0.976,1.0137,0.002495,0.002358,0.003068,1.782112,3.712827
1649147904,63502.3,-0.004958,0.022883,0.000669,-0.494141,0.0,0.9758,1.0133,0.002048,0.00233,0.003068,1.840095,3.69589
1649934336,63496.7,-0.006979,0.027402,0.000654,-0.519531,0.0,0.9758,1.0135,0.002218,0.002354,0.002968,1.971524,3.740638
1650720768,63502.2,-0.001086,0.023666,0.000634,-0.511719,0.0,0.9758,1.0137,0.002072,0.002337,0.003214,2.035118,4.046009
1651507200,63507.5,0.000882,0.017724,0.000602,-0.527344,0.0,0.9759,1.0136,0.001689,0.00236,0.002716,1.987204,3.917136
1652293632,63503.8,-0.001653,0.026752,0.000576,-0.53125,0.0,0.976,1.0136,0.001752,0.002166,0.00269,1.94287,4.046519
1653080064,63509.8,-0.000293,0.020206,0.000545,-0.494141,0.0,0.9766,1.0143,0.002115,0.002586,0.00308,1.992964,3.80956
1653866496,63515.6,0.000438,0.018498,0.000537,-0.494141,0.0,0.9763,1.0138,0.001762,0.002461,0.002655,1.886672,3.700464
1654652928,63520.2,0.004761,0.021041,0.000536,-0.507812,0.0,0.9769,1.0145,0.001667,0.002085,0.002504,1.892314,3.653397
1655439360,63513.6,-0.001156,0.032203,0.000551,-0.503906,0.0,0.9774,1.0145,0.001934,0.002393,0.003629,1.980093,3.875956
1656225792,63518.2,-0.004313,0.021135,0.000566,-0.507812,0.0,0.9774,1.0136,0.001994,0.002417,0.003864,1.878689,3.835298
1657012224,63522.2,-0.00232,0.020581,0.000582,-0.503906,0.0,0.9778,1.0137,0.002111,0.002051,0.002922,1.929656,3.888792
1657798656,63515.3,-3.3e-05,0.028116,0.000601,-0.498047,0.0,0.9778,1.0134,0.001402,0.002249,0.002669,1.965729,3.443812
1658585088,63519.5,0.002718,0.023392,0.000545,-0.484375,0.0,0.9781,1.0137,0.00219,0.002603,0.003411,1.913737,3.666929
1659371520,63524.1,0.000946,0.023286,0.000568,-0.507812,0.0,0.9781,1.0134,0.002232,0.002592,0.003476,1.810891,3.853996
1660157952,63529.9,0.001623,0.020789,0.000527,-0.503906,0.0,0.9785,1.0147,0.002154,0.002616,0.003652,1.917996,3.906511
1660944384,63525.0,0.002204,0.032755,0.000535,-0.511719,0.0,0.979,1.016,0.002069,0.002307,0.003562,1.920709,3.775741
1661730816,63529.8,-0.000136,0.021409,0.000528,-0.503906,0.0,0.9793,1.017,0.001597,0.002271,0.002667,1.893193,3.761924
1662517248,63534.9,0.001107,0.019707,0.000534,-0.496094,0.0,0.9796,1.0175,0.001956,0.002019,0.002398,1.935605,3.691244
1663303680,63537.7,-0.002008,0.013701,0.000527,-0.488281,0.0,0.98,1.0183,0.002029,0.002031,0.00251,1.872641,3.705605
1664090112,63529.0,0.003262,0.037128,0.000569,-0.503906,0.0,0.9801,1.0181,0.002342,0.002629,0.003364,1.833316,3.903406
1664876544,63533.4,-0.000625,0.029708,0.000574,-0.494141,0.0,0.98,1.0178,0.002022,0.002778,0.002957,1.893753,3.80285
1665662976,63538.7,-0.00348,0.023115,0.000563,-0.498047,0.0,0.9801,1.0184,0.00166,0.002256,0.002472,1.860734,3.790579
1666449408,63534.1,-0.003656,0.035118,0.000596,-0.496094,0.0,0.9805,1.0193,0.002011,0.002143,0.003001,1.880679,3.662811
1667235840,63539.4,-0.004059,0.022104,0.000602,-0.484375,0.0,0.9802,1.0192,0.001611,0.002245,0.003493,1.851108,3.781286
1668022272,63543.4,-0.010096,0.014094,0.000585,-0.492188,0.0,0.9801,1.0194,0.001814,0.002215,0.002893,1.846238,3.963747
1668808704,63547.6,-0.003945,0.0178,0.000583,-0.507812,0.0,0.9802,1.02,0.001686,0.001957,0.002536,1.859379,3.881958
1669595136,63539.4,0.001933,0.024413,0.000554,-0.515625,0.0,0.9803,1.0205,0.00195,0.002011,0.00342,1.880224,3.814698
1670381568,63544.1,-0.000142,0.015792,0.000558,-0.515625,0.0,0.9804,1.0208,0.001715,0.001877,0.00282,2.007381,3.818229
1671168000,63549.1,0.000437,0.014153,0.000539,-0.511719,0.0,0.9803,1.0208,0.001541,0.002027,0.002621,2.015991,3.713167
1671954432,63532.2,-0.002865,0.027589,0.000566,-0.519531,0.0,0.9804,1.0213,0.001548,0.001824,0.003322,2.021647,3.864552
1672740864,63537.3,-0.003116,0.020096,0.000589,-0.523438,0.0,0.9804,1.0205,0.002123,0.002223,0.003569,1.953973,3.920314
1673527296,63540.2,0.002637,0.023233,0.00061,-0.535156,0.0,0.9801,1.0196,0.001589,0.002091,0.003261,2.02721,3.905262
1674313728,63545.0,0.002032,0.019764,0.000615,-0.539062,0.0,0.9804,1.0206,0.001645,0.002167,0.002844,1.974228,3.858242
1675100160,63540.9,-0.003103,0.023999,0.00061,-0.511719,0.0,0.9806,1.0209,0.001762,0.001797,0.00304,1.967253,3.792273
1675886592,63546.6,-0.002275,0.013198,0.000588,-0.503906,0.0,0.9808,1.0217,0.001591,0.001595,0.002547,1.899996,3.811098
1676673024,63551.5,0.001882,0.014067,0.00057,-0.511719,0.0,0.9807,1.0218,0.001651,0.001571,0.002675,1.891742,3.878844
1677459456,63545.7,-0.001277,0.024035,0.000574,-0.507812,0.0,0.9808,1.022,0.001371,0.001617,0.002377,2.019254,4.052105
1678245888,63549.2,-0.005635,0.020804,0.000617,-0.507812,0.0,0.9807,1.0213,0.002176,0.002313,0.003015,1.941319,3.795425
1679032320,63554.4,9e-05,0.019337,0.000636,-0.496094,0.0,0.9806,1.0208,0.001939,0.001952,0.002632,1.974763,3.893477
1679818752,63559.8,0.000547,0.021781,0.000609,-0.503906,0.0,0.9807,1.0205,0.001535,0.002049,0.002603,1.941147,3.942237
1680605184,63554.0,0.002097,0.037863,0.000597,-0.523438,0.0,0.9809,1.0206,0.00249,0.002615,0.002999,2.000923,4.005186
1681391616,63559.2,0.000393,0.021217,0.000595,-0.507812,0.0,0.9809,1.0203,0.002137,0.002094,0.002985,2.098695,4.023897
1682178048,63564.6,-0.005925,0.017919,0.000599,-0.515625,0.0,0.9811,1.0209,0.0018,0.002155,0.003181,1.96743,3.925176
1682964480,63557.2,0.006946,0.029465,0.000593,-0.523438,0.0,0.9812,1.0211,0.002123,0.001918,0.003432,2.079531,3.571834
1683750912,63561.4,-0.003561,0.019548,0.000567,-0.527344,0.0,0.9817,1.022,0.002043,0.002586,0.002896,2.158479,3.78737
1684537344,63567.1,0.000988,0.017823,0.000609,-0.546875,0.0,0.9819,1.0226,0.001862,0.002163,0.003117,2.096318,3.902406
1685323776,63572.1,-0.003627,0.018082,0.000605,-0.542969,0.0,0.9823,1.0232,0.001907,0.002241,0.00284,2.080054,3.903386
1686110208,63567.6,-0.00361,0.029987,0.000576,-0.550781,0.0,0.9827,1.0238,0.002095,0.002431,0.003013,2.041027,3.802701
1686896640,63572.0,-0.007244,0.019586,0.00054,-0.523438,0.0,0.9827,1.0233,0.001601,0.002409,0.002965,2.027966,3.886538
1687683072,63577.2,-0.004297,0.018813,0.000535,-0.53125,0.0,0.9829,1.0236,0.001571,0.002098,0.002777,2.000425,3.738187
1688469504,63578.6,-0.001511,0.019656,0.000549,-0.527344,0.0,0.9831,1.0237,0.001691,0.002062,0.002731,2.038514,3.764874
1689255936,63572.6,-0.001595,0.02795,0.000578,-0.527344,0.0,0.9829,1.0235,0.001747,0.002469,0.003325,1.913749,3.871916
1690042368,63575.9,0.000951,0.017042,0.000569,-0.511719,0.0,0.983,1.0242,0.001838,0.002071,0.002687,1.922803,3.853637
1690828800,63579.3,-0.001592,0.012928,0.000579,-0.523438,0.0,0.9829,1.0253,0.001794,0.002097,0.002807,1.98363,3.881519
1691615232,63571.9,-0.004076,0.02607,0.000574,-0.535156,0.0,0.983,1.0259,0.001485,0.002006,0.003296,2.038512,3.685771
1692401664,63576.9,-0.000534,0.028297,0.000553,-0.535156,0.0,0.983,1.0258,0.002595,0.002493,0.003277,2.015582,3.639534
1693188096,63579.6,-0.001663,0.023865,0.000536,-0.542969,0.0,0.983,1.0255,0.001869,0.002601,0.003381,1.925979,3.820173
1693974528,63583.2,-0.005777,0.019537,0.000532,-0.554688,0.0,0.9831,1.025,0.001797,0.002206,0.00342,1.927337,3.767233
1694760960,63578.5,0.002647,0.038861,0.000569,-0.570312,0.0,0.983,1.0248,0.002365,0.00283,0.004198,2.097378,3.883137
1695547392,63583.3,-0.004932,0.02581,0.000575,-0.542969,0.0,0.9829,1.0242,0.0023,0.002436,0.003734,2.101892,3.864088
1696333824,63588.3,-0.002697,0.020315,0.000572,-0.539062,0.0,0.983,1.0247,0.002007,0.002082,0.003199,2.122715,3.750319
1697120256,63580.9,0.000547,0.037775,0.000577,-0.539062,0.0,0.9829,1.0248,0.001754,0.002341,0.002935,2.049647,3.844779
1697906688,63585.0,0.006856,0.031153,0.000546,-0.542969,0.0,0.9828,1.0247,0.002252,0.002617,0.003242,2.10562,3.908255
1698693120,63589.7,-0.0005,0.027152,0.000548,-0.535156,0.0,0.9826,1.0243,0.002169,0.002509,0.003058,2.017801,3.837557
1699479552,63594.9,0.003009,0.026183,0.000569,-0.535156,0.0,0.9825,1.0237,0.001978,0.003013,0.002834,2.045698,3.782545
1700265984,63589.0,-0.008472,0.028798,0.000567,-0.535156,0.0,0.9824,1.0235,0.001885,0.00225,0.002866,1.98845,3.688258
1701052416,63594.5,-0.000214,0.017955,0.000567,-0.527344,0.0,0.9822,1.0234,0.001982,0.00279,0.00287,2.040708,3.869902
1701838848,63599.8,-0.001486,0.021107,0.000555,-0.527344,0.0,0.9818,1.0224,0.002373,0.002175,0.003121,1.961015,3.823787
1702625280,63591.7,-0.003635,0.026563,0.000548,-0.542969,0.0,0.9817,1.0221,0.001622,0.001641,0.002521,2.164086,4.097808
1703411712,63596.9,-0.001591,0.020955,0.000546,-0.539062,0.0,0.9814,1.0212,0.002082,0.002022,0.002636,2.198497,3.865763
1704198144,63602.4,0.000357,0.01513,0.000535,-0.53125,0.0,0.9811,1.0203,0.00182,0.00179,0.00271,2.088065,3.768345
1704984576,63605.4,-0.00385,0.016327,0.000551,-0.554688,0.0,0.981,1.0204,0.001758,0.001851,0.002386,2.161103,3.758138
1705771008,63601.5,-0.003612,0.02711,0.000554,-0.558594,0.0,0.981,1.0202,0.001517,0.002805,0.002961,2.091013,3.90749
1706557440,63607.5,-0.006251,0.015394,0.00056,-0.539062,0.0,0.9808,1.0198,0.001301,0.002448,0.002736,1.990891,3.79522
1707343872,63613.6,-0.006631,0.018286,0.000564,-0.539062,0.0,0.9808,1.0196,0.001849,0.003119,0.002821,2.034856,3.852148
1708130304,63610.0,-0.009579,0.026325,0.000583,-0.535156,0.0,0.9808,1.0192,0.001772,0.002611,0.002702,1.851553,3.359486
1708916736,63615.8,-0.001012,0.025816,0.000553,-0.53125,0.0,0.9809,1.0183,0.002161,0.00272,0.003632,2.068495,3.710975
1709703168,63621.0,-0.002697,0.023709,0.000547,-0.550781,0.0,0.9807,1.0165,0.00178,0.002921,0.004005,2.064923,3.860841
1710489600,63624.6,0.001346,0.020941,0.000548,-0.546875,0.0,0.9807,1.0163,0.002183,0.00226,0.003074,2.086168,3.845466
1711276032,63618.6,0.007511,0.032776,0.000584,-0.558594,0.0,0.9806,1.0162,0.002839,0.002413,0.003066,2.04647,3.920227
1712062464,63624.1,-0.006392,0.019573,0.000603,-0.527344,0.0,0.9807,1.0165,0.002685,0.002616,0.003031,2.06744,3.814309
1712848896,63629.7,-0.005738,0.022651,0.000595,-0.535156,0.0,0.9807,1.0165,0.002305,0.002204,0.003089,2.05808,3.808357
1713635328,63635.3,6e-06,0.019763,0.000601,-0.527344,0.0,0.9807,1.0168,0.002523,0.002424,0.003127,2.111885,3.732645
1714421760,63630.9,0.000422,0.026169,0.000574,-0.535156,0.0,0.9809,1.0173,0.001949,0.00244,0.00327,2.06503,3.975164
1715208192,63637.0,-0.000933,0.017129,0.000577,-0.523438,0.0,0.9811,1.018,0.002412,0.002121,0.003072,2.030544,3.915758
1715994624,63642.9,-0.00035,0.019295,0.000602,-0.539062,0.0,0.9814,1.0192,0.002648,0.002181,0.002834,2.129186,3.873064
1716781056,63639.6,-0.003728,0.027174,0.000561,-0.527344,0.0,0.9817,1.0201,0.002024,0.002099,0.002928,2.11246,3.780495
1717567488,63645.4,-0.003071,0.021622,0.000566,-0.515625,0.0,0.9819,1.0212,0.002056,0.002188,0.00477,2.063657,3.733594
1718353920,63649.7,0.000508,0.019185,0.000552,-0.503906,0.0,0.9818,1.0215,0.001653,0.002154,0.00279,2.00431,3.972752
1719140352,63655.1,-0.005874,0.020298,0.000563,-0.519531,0.0,0.982,1.022,0.001786,0.001855,0.002735,2.026717,4.035899
1719926784,63648.3,0.007052,0.026973,0.000548,-0.535156,0.0,0.9823,1.0228,0.001382,0.001962,0.003087,2.017791,3.815864
1720713216,63652.4,-0.004189,0.014495,0.000554,-0.53125,0.0,0.9825,1.0231,0.001444,0.001993,0.00263,2.102075,3.714528
1721499648,63657.9,-0.005425,0.013819,0.000543,-0.527344,0.0,0.9829,1.024,0.001496,0.002395,0.002543,2.078051,3.753228
1722286080,63653.0,-0.003311,0.024895,0.000534,-0.542969,0.0,0.983,1.0242,0.001327,0.002296,0.002441,1.869421,3.582578
1723072512,63658.4,-0.002525,0.018889,0.000567,-0.511719,0.0,0.9832,1.0247,0.002114,0.002209,0.002762,1.837692,3.71695
1723858944,63663.5,0.001987,0.018846,0.000576,-0.519531,0.0,0.9834,1.0252,0.001974,0.002307,0.002541,1.82704,3.631498
1724645376,63667.3,0.000765,0.015524,0.00056,-0.523438,0.0,0.9834,1.0256,0.001717,0.002083,0.002523,1.908072,3.709543
1725431808,63662.3,-0.001654,0.032665,0.000577,-0.539062,0.0,0.9837,1.0259,0.001549,0.002373,0.003404,2.058851,3.624743
1726218240,63667.7,-0.001577,0.023952,0.000566,-0.523438,0.0,0.9837,1.0261,0.00175,0.002585,0.003059,1.967844,3.871309
1727004672,63672.3,-0.005987,0.025536,0.000582,-0.523438,0.0,0.9842,1.0276,0.001774,0.00248,0.003563,2.064688,3.933743
1727791104,63667.8,0.002855,0.029479,0.000562,-0.53125,0.0,0.9841,1.0282,0.001796,0.002171,0.002731,2.142719,4.224735
1728577536,63673.5,-0.00086,0.021386,0.000547,-0.53125,0.0,0.9842,1.0284,0.00167,0.002079,0.003045,2.082287,4.025197
1729363968,63679.1,-0.006095,0.018075,0.000527,-0.53125,0.0,0.9843,1.0282,0.001713,0.002266,0.002891,2.127344,3.862293
1730150400,63681.4,-0.004067,0.021335,0.000547,-0.542969,0.0,0.9845,1.0285,0.001677,0.001936,0.002613,2.185188,3.976226
1730936832,63675.5,-0.000823,0.03408,0.000581,-0.539062,0.0,0.9844,1.0284,0.002078,0.002424,0.003008,1.930004,3.903517
1731723264,63679.1,-0.005362,0.021085,0.000579,-0.527344,0.0,0.9843,1.0279,0.001805,0.002839,0.003072,1.940768,3.845446
1732509696,63684.1,-0.00027,0.021512,0.000565,-0.542969,0.0,0.984,1.0274,0.001778,0.002583,0.002752,1.933228,3.764706
1733296128,63679.2,-0.004237,0.029027,0.000584,-0.542969,0.0,0.9841,1.0273,0.002259,0.002196,0.002408,1.891048,3.429791
1734082560,63684.8,0.003422,0.019266,0.000534,-0.515625,0.0,0.9839,1.027,0.001867,0.002042,0.003091,2.034054,3.541288
1734868992,63690.4,0.0023,0.018542,0.000538,-0.519531,0.0,0.9838,1.0267,0.0021,0.001928,0.002831,1.94086,3.706331
1735655424,63696.0,-0.000279,0.018473,0.000544,-0.519531,0.0,0.9839,1.0269,0.002076,0.002031,0.003081,1.930146,3.739544
1736441856,63691.6,-0.007861,0.023222,0.000546,-0.53125,0.0,0.9839,1.0267,0.001398,0.001933,0.002561,1.89603,3.854012
1737228288,63697.1,-0.00531,0.013138,0.000555,-0.515625,0.0,0.9839,1.0266,0.001585,0.001851,0.002469,1.949863,3.792428
1738014720,63702.6,-0.00527,0.012841,0.00055,-0.515625,0.0,0.9842,1.0275,0.001338,0.001951,0.002356,1.909063,3.707877
1738801152,63708.1,-0.004784,0.012777,0.000575,-0.492188,0.0,0.9841,1.0277,0.001404,0.001608,0.002276,1.92573,3.620245
1739587584,63703.0,-0.004171,0.021615,0.0006,-0.507812,0.0,0.9842,1.0279,0.001893,0.002353,0.002925,1.926167,3.864432
1740374016,63708.6,-0.005302,0.018074,0.000597,-0.507812,0.0,0.9843,1.0278,0.001546,0.002165,0.002967,1.890977,3.843193
1741160448,63714.2,-0.001487,0.01576,0.000583,-0.511719,0.0,0.9843,1.028,0.001519,0.002115,0.002719,1.910559,3.912291
1741946880,63708.6,0.000153,0.026529,0.000561,-0.535156,0.0,0.9845,1.0282,0.001489,0.002064,0.00238,2.034704,3.876125
1742733312,63713.6,-0.006125,0.019028,0.000543,-0.527344,0.0,0.9847,1.0286,0.001689,0.001993,0.002563,2.091767,3.690451
1743519744,63719.2,0.002262,0.016035,0.000527,-0.535156,0.0,0.9847,1.029,0.001879,0.002131,0.002567,2.098496,4.037871
1744306176,63724.8,-0.007386,0.0121,0.000535,-0.527344,0.0,0.9849,1.0299,0.001677,0.001834,0.002315,2.085233,4.009393
1745092608,63720.1,-0.010722,0.024905,0.000562,-0.53125,0.0,0.985,1.0299,0.002223,0.001916,0.003088,2.055074,3.912808
1745879040,63725.4,0.001273,0.017087,0.000592,-0.519531,0.0,0.985,1.0303,0.001779,0.002103,0.002845,2.048332,3.90276
1746665472,63730.6,-0.005234,0.016587,0.000563,-0.515625,0.0,0.9852,1.0311,0.001792,0.002131,0.002359,2.085339,3.762378
1747451904,63717.2,-0.00155,0.026295,0.000573,-0.523438,0.0,0.9852,1.0318,0.001801,0.002007,0.002261,1.976007,3.907266
1748238336,63722.6,-0.009921,0.021619,0.000546,-0.53125,0.0,0.9852,1.032,0.001651,0.00238,0.00281,2.094311,3.959263
1749024768,63728.0,0.004224,0.020763,0.000576,-0.53125,0.0,0.9853,1.0328,0.001797,0.002184,0.003101,2.069815,3.91931
1749811200,63733.3,-0.004926,0.018536,0.000566,-0.527344,0.0,0.9853,1.0329,0.001633,0.002025,0.002606,2.154141,3.961489
1750597632,63729.1,-0.000828,0.030306,0.000558,-0.539062,0.0,0.9854,1.0332,0.00159,0.001917,0.002652,2.269378,4.02185
1751384064,63734.9,0.000388,0.030926,0.000556,-0.519531,0.0,0.9854,1.0331,0.001939,0.002284,0.003163,2.306353,4.024908
1752170496,63739.4,0.002845,0.024519,0.000546,-0.527344,0.0,0.9854,1.033,0.001562,0.00203,0.002514,2.112446,4.12634
1752956928,63734.9,-0.008353,0.036477,0.000542,-0.535156,0.0,0.9854,1.0328,0.002169,0.002527,0.003264,2.109384,4.198259
1753743360,63740.0,-0.003909,0.025931,0.000572,-0.527344,0.0,0.9853,1.0321,0.001771,0.002761,0.003957,2.043795,4.001909
1754529792,63744.5,-0.004332,0.025194,0.000546,-0.519531,0.0,0.9851,1.0316,0.002148,0.002311,0.00293,2.135402,3.965532
1755316224,63749.7,0.001452,0.019991,0.000544,-0.53125,0.0,0.985,1.0311,0.001984,0.0023,0.002903,2.086875,3.906094
1756102656,63744.2,-0.001676,0.027776,0.00056,-0.53125,0.0,0.9848,1.0305,0.001795,0.001731,0.003139,1.80933,3.882125
1756889088,63749.6,-0.002042,0.017728,0.000586,-0.492188,0.0,0.9845,1.0299,0.002401,0.001711,0.003032,1.833416,3.737869
1757675520,63754.4,-0.002347,0.016312,0.000585,-0.490234,0.0,0.9842,1.0293,0.001955,0.00171,0.002324,1.836264,3.786508
1758461952,63748.5,-0.001163,0.026366,0.000589,-0.511719,0.0,0.9839,1.0289,0.001397,0.001665,0.002186,1.887615,3.580113
1759248384,63754.0,0.000843,0.025126,0.000593,-0.519531,0.0,0.9838,1.0279,0.001839,0.002217,0.002852,1.945213,3.67097
1760034816,63757.7,-0.004805,0.023191,0.000623,-0.542969,0.0,0.9834,1.0266,0.001854,0.002204,0.002771,1.917971,3.748167
1760821248,63762.8,-0.006176,0.019228,0.00058,-0.542969,0.0,0.983,1.0254,0.001672,0.002048,0.002642,1.913236,3.682877
1761607680,63758.2,-0.001951,0.035985,0.000583,-0.5625,0.0,0.9827,1.0244,0.001708,0.002142,0.002532,2.152761,3.766598
1762394112,63761.1,0.00246,0.029496,0.000576,-0.566406,0.0,0.9825,1.0237,0.001886,0.002327,0.002921,2.143187,3.800105
1763180544,63765.6,-0.002862,0.024462,0.000554,-0.570312,0.0,0.9822,1.0233,0.00163,0.002268,0.002622,2.086633,3.735453
1763966976,63771.4,-0.002227,0.024435,0.000552,-0.574219,0.0,0.982,1.0228,0.001696,0.00215,0.002755,2.177269,3.702228
1764753408,63765.7,-0.003561,0.029547,0.000548,-0.554688,0.0,0.9819,1.0224,0.00203,0.001949,0.003442,2.056146,3.665915
1765539840,63769.8,-0.001054,0.01825,0.000532,-0.539062,0.0,0.9816,1.0214,0.001743,0.001918,0.003058,2.038528,3.869917
1766326272,63775.1,-0.002845,0.016728,0.000534,-0.550781,0.0,0.9816,1.0211,0.001641,0.001893,0.002694,2.001784,3.753683
1767112704,63747.6,0.002372,0.024397,0.00057,-0.550781,0.0,0.9816,1.0209,0.001789,0.001771,0.003277,2.119925,3.682842
1767899136,63753.1,-0.0054,0.014502,0.000574,-0.546875,0.0,0.9811,1.0194,0.001792,0.001925,0.002698,2.085826,3.672366
1768685568,63757.8,0.000855,0.022865,0.000586,-0.539062,0.0,0.9813,1.0193,0.002047,0.002141,0.002493,2.018289,3.827103
1769472000,63763.2,0.003043,0.017476,0.000574,-0.542969,0.0,0.9813,1.0193,0.001879,0.002297,0.002776,1.992982,3.911727
1770258432,63755.5,-0.000682,0.035085,0.000614,-0.558594,0.0,0.9812,1.0187,0.002337,0.002318,0.003318,2.130407,3.942433
1771044864,63760.3,0.005824,0.026632,0.000646,-0.550781,0.0,0.9812,1.0188,0.002279,0.002677,0.00285,2.177033,3.948333
1771831296,63765.7,-0.003161,0.01998,0.000624,-0.535156,0.0,0.9813,1.019,0.001438,0.002222,0.002492,2.207736,3.942157
1772617728,63754.3,-0.011835,0.025037,0.000618,-0.527344,0.0,0.9814,1.0193,0.001605,0.002144,0.002402,1.911736,3.83421
1773404160,63758.3,0.000293,0.018714,0.00054,-0.507812,0.0,0.9816,1.0205,0.001552,0.002275,0.002553,1.94825,3.865675
1774190592,63761.3,-0.004795,0.016126,0.000533,-0.511719,0.0,0.9816,1.0211,0.00142,0.002118,0.002409,1.855477,3.861521
1774977024,63765.8,-0.007131,0.016022,0.000534,-0.5,0.0,0.9817,1.022,0.001578,0.001927,0.002464,1.952329,3.886242
1775763456,63756.3,-0.005968,0.027391,0.000583,-0.515625,0.0,0.9819,1.0223,0.001349,0.001876,0.002411,2.041189,3.762228
1776549888,63760.0,0.006321,0.019418,0.000612,-0.507812,0.0,0.9821,1.0226,0.001643,0.002019,0.002711,2.025253,3.698898
1777336320,63765.2,-0.002979,0.019817,0.00061,-0.5,0.0,0.9822,1.0236,0.001743,0.002108,0.002559,1.895047,3.891725
1778122752,63754.9,0.001114,0.026694,0.000577,-0.511719,0.0,0.9823,1.0242,0.001431,0.001933,0.002073,1.963081,4.021197
1778909184,63760.7,-0.001896,0.021295,0.000622,-0.511719,0.0,0.9825,1.025,0.001787,0.00229,0.002455,1.933575,3.798965
1779695616,63766.6,0.001247,0.021884,0.000619,-0.519531,0.0,0.9829,1.0258,0.001742,0.002369,0.002681,1.997958,3.749341
1780482048,63772.4,0.002241,0.017011,0.000628,-0.527344,0.0,0.9831,1.0262,0.001437,0.002136,0.002293,1.98903,3.686761
1781268480,63762.2,0.002684,0.035608,0.000617,-0.542969,0.0,0.9832,1.0268,0.002477,0.002482,0.003263,2.060315,3.905021
1782054912,63766.7,0.002219,0.020548,0.00055,-0.546875,0.0,0.9836,1.0276,0.001614,0.002025,0.002882,2.117507,3.980153
1782841344,63771.9,-0.002715,0.01922,0.000561,-0.527344,0.0,0.9838,1.0286,0.001773,0.00205,0.002952,2.112455,3.960462
1783627776,63763.2,-0.009603,0.027709,0.000589,-0.527344,0.0,0.984,1.0291,0.00132,0.001984,0.002306,2.062016,3.887978
1784414208,63768.3,0.00242,0.027175,0.000612,-0.519531,0.0,0.9842,1.0293,0.002091,0.002621,0.002808,2.128219,3.925626
1785200640,63773.8,-0.008996,0.019497,0.000603,-0.539062,0.0,0.9844,1.0298,0.001542,0.0024,0.002234,2.0755,4.055374
1785987072,63778.1,-0.001234,0.025066,0.000587,-0.546875,0.0,0.9845,1.0302,0.001775,0.002393,0.0031,2.072726,3.940852
1786773504,63767.1,-0.005322,0.034277,0.000603,-0.554688,0.0,0.9848,1.0308,0.001815,0.002486,0.003325,2.149092,4.080745
1787559936,63772.6,0.00077,0.030491,0.000593,-0.535156,0.0,0.9843,1.0297,0.001983,0.002476,0.002702,2.131022,3.902796
1788346368,63776.2,-0.000188,0.025226,0.000603,-0.539062,0.0,0.9843,1.0299,0.002009,0.002869,0.002805,2.058228,3.893854
1789132800,63766.9,-0.003148,0.028046,0.000582,-0.535156,0.0,0.9842,1.0297,0.001756,0.00176,0.00272,2.23762,3.783725
1789919232,63772.2,1.5e-05,0.020924,0.000631,-0.554688,0.0,0.9843,1.0297,0.001992,0.002134,0.003397,2.205312,4.076758
1790705664,63777.1,-0.005487,0.019886,0.000632,-0.550781,0.0,0.9842,1.0287,0.001756,0.002158,0.002888,2.166211,4.077743
1791492096,63782.6,0.001582,0.017097,0.000642,-0.550781,0.0,0.9842,1.028,0.001485,0.002154,0.002942,2.276589,4.03925
1792278528,63772.1,0.001967,0.025902,0.000632,-0.5625,0.0,0.9843,1.0278,0.001841,0.001832,0.002829,2.093953,3.799674
1793064960,63777.4,-0.006061,0.018097,0.000567,-0.546875,0.0,0.9842,1.0271,0.001766,0.002078,0.002766,2.147912,3.804688
1793851392,63782.5,-0.00018,0.015573,0.000587,-0.53125,0.0,0.9843,1.0271,0.001505,0.00199,0.00265,2.044002,3.953419
1794637824,63787.7,-0.005027,0.017509,0.000569,-0.535156,0.0,0.9843,1.0272,0.001558,0.002092,0.002738,2.012182,4.033171
1795424256,63774.8,-0.001257,0.037176,0.000585,-0.550781,0.0,0.984,1.0267,0.001735,0.002143,0.002871,2.219466,4.020036
1796210688,63780.2,-0.00618,0.021382,0.000565,-0.550781,0.0,0.9841,1.027,0.001925,0.001936,0.002739,2.1846,3.926875
1796997120,63785.6,-0.005173,0.023533,0.000582,-0.550781,0.0,0.9841,1.027,0.001662,0.002034,0.002746,2.20147,3.956089
1797783552,63775.9,-0.002286,0.030277,0.00059,-0.5625,0.0,0.9842,1.0271,0.002491,0.001847,0.003294,1.99447,3.897064
1798569984,63781.5,0.006688,0.021256,0.000594,-0.5625,0.0,0.9841,1.0264,0.001626,0.001891,0.002826,2.031109,3.956792
1799356416,63786.5,0.001383,0.015552,0.000618,-0.539062,0.0,0.9839,1.0258,0.001528,0.001825,0.002608,2.051589,3.730044
1800142848,63792.1,-0.001742,0.014922,0.000603,-0.546875,0.0,0.9841,1.0259,0.001441,0.001675,0.002354,2.083432,3.896398
1800929280,63784.4,9e-06,0.028443,0.000606,-0.570312,0.0,0.9841,1.0256,0.001775,0.002091,0.003297,2.193126,3.802005
1801715712,63789.2,-0.005248,0.022492,0.000594,-0.570312,0.0,0.984,1.0249,0.002329,0.002245,0.003057,2.215743,3.665333
1802502144,63794.2,0.000494,0.020326,0.000578,-0.566406,0.0,0.9838,1.0239,0.002065,0.002308,0.003105,2.20391,3.727508
1803288576,63785.3,0.002911,0.031314,0.000526,-0.5625,0.0,0.9837,1.0234,0.001931,0.002155,0.002621,2.117139,3.912102
1804075008,63790.9,-0.00241,0.018023,0.000592,-0.527344,0.0,0.9837,1.0232,0.001795,0.002087,0.002844,2.056792,3.791385
1804861440,63796.4,0.001194,0.020219,0.000557,-0.542969,0.0,0.984,1.0235,0.002013,0.00201,0.002952,2.063859,3.771115
1805647872,63802.0,-0.002966,0.012171,0.000564,-0.53125,0.0,0.9842,1.0239,0.00175,0.001588,0.002363,2.040405,3.628346
1806434304,63792.9,-0.00644,0.02347,0.000534,-0.539062,0.0,0.9846,1.0247,0.002452,0.001889,0.003036,2.090599,3.815277
1807220736,63798.1,-0.003,0.016541,0.000509,-0.542969,0.0,0.9847,1.0251,0.001803,0.002293,0.00261,2.045564,3.977385
1808007168,63803.5,0.001252,0.017609,0.000525,-0.539062,0.0,0.9845,1.0252,0.001908,0.002166,0.002456,2.110584,3.892642
1808793600,63794.7,0.000291,0.023832,0.000558,-0.527344,0.0,0.9847,1.0254,0.001721,0.001865,0.002393,1.897828,3.70999
1809580032,63800.0,-0.00519,0.019426,0.000605,-0.523438,0.0,0.9847,1.0252,0.001957,0.001783,0.002843,2.021133,3.70148
1810366464,63805.3,-0.000127,0.016251,0.000603,-0.53125,0.0,0.9846,1.0249,0.001674,0.002,0.002707,2.070489,3.671054
1811152896,63810.7,-0.001053,0.015506,0.000601,-0.539062,0.0,0.9847,1.0248,0.001785,0.001927,0.002146,1.997491,3.794616
1811939328,63799.5,-0.000684,0.025996,0.000584,-0.542969,0.0,0.9848,1.0249,0.001456,0.001999,0.002549,1.988311,3.902179
1812725760,63803.2,-0.000848,0.012798,0.000569,-0.53125,0.0,0.9848,1.0252,0.001837,0.001995,0.002504,2.037279,3.792942
1813512192,63808.3,-0.002922,0.014594,0.000582,-0.523438,0.0,0.985,1.0257,0.001632,0.001779,0.002609,2.058334,3.756222
1814298624,63798.4,0.004061,0.020379,0.000596,-0.515625,0.0,0.9852,1.0265,0.001213,0.001447,0.00232,2.535035,3.339307
1815085056,63803.5,-0.009911,0.014812,0.000558,-0.542969,0.0,0.9855,1.027,0.002858,0.002022,0.002638,2.061122,4.008581
1815871488,63808.7,8.3e-05,0.017883,0.00057,-0.539062,0.0,0.9854,1.0274,0.001854,0.001921,0.002681,2.035044,4.028823
1816657920,63811.5,-0.008464,0.01373,0.000558,-0.535156,0.0,0.9855,1.0278,0.001563,0.001896,0.002069,2.082677,3.862737
1817444352,63801.6,0.000198,0.02668,0.000578,-0.550781,0.0,0.9857,1.0283,0.00153,0.001743,0.002527,2.100074,3.963575
1818230784,63806.5,-0.000423,0.017722,0.00059,-0.550781,0.0,0.9855,1.0279,0.00196,0.001908,0.00271,2.215477,3.914476
1819017216,63811.9,0.002348,0.016246,0.000598,-0.554688,0.0,0.9856,1.0289,0.001575,0.001735,0.002307,2.205359,4.08696
1819803648,63815.4,-0.001001,0.01457,0.000583,-0.550781,0.0,0.9859,1.03,0.001726,0.00182,0.002509,2.117814,3.949061
1820590080,63807.2,0.000273,0.02907,0.000613,-0.554688,0.0,0.9859,1.0307,0.001756,0.00194,0.002378,2.109295,3.978334
1821376512,63812.6,-0.000945,0.015024,0.000628,-0.542969,0.0,0.986,1.0316,0.001627,0.001853,0.002391,2.162489,3.934737
1822162944,63818.2,-0.003634,0.014248,0.000626,-0.539062,0.0,0.9861,1.0326,0.001514,0.001932,0.002602,2.117333,3.856952
1822949376,63809.4,-0.001078,0.028883,0.000635,-0.546875,0.0,0.9861,1.0332,0.001409,0.002089,0.003081,1.979881,4.091022
1823735808,63812.1,0.002615,0.029887,0.000616,-0.546875,0.0,0.9858,1.0325,0.001665,0.001939,0.003473,2.191241,4.065123
1824522240,63817.1,-0.002132,0.02249,0.000601,-0.546875,0.0,0.9857,1.032,0.001725,0.001795,0.002887,2.132153,3.989075
1825308672,63822.0,0.003167,0.021385,0.000605,-0.539062,0.0,0.9856,1.0315,0.001606,0.002003,0.002941,2.190901,4.066597
1826095104,63804.1,-0.001013,0.023854,0.000573,-0.5625,0.0,0.9857,1.0315,0.00166,0.001814,0.002762,2.205335,4.013086
1826881536,63809.0,0.002379,0.014027,0.000542,-0.539062,0.0,0.986,1.0321,0.001468,0.001972,0.002649,2.223923,3.949112
1827667968,63814.3,-0.007803,0.014304,0.00056,-0.535156,0.0,0.986,1.0322,0.001499,0.001571,0.002769,2.179293,3.933212
1828454400,63804.8,-0.004224,0.023979,0.000542,-0.539062,0.0,0.9861,1.0324,0.001618,0.001478,0.002304,2.009551,3.884694
1829240832,63810.0,-0.002796,0.02393,0.000556,-0.527344,0.0,0.9862,1.0323,0.002004,0.002125,0.003022,2.014055,3.907187
1830027264,63815.1,-0.002839,0.015842,0.000551,-0.523438,0.0,0.9861,1.0317,0.001503,0.001756,0.002662,1.974595,3.829709
1830813696,63820.1,-0.006036,0.014846,0.000552,-0.519531,0.0,0.9861,1.0314,0.001747,0.002159,0.002929,1.964758,3.870884
1831600128,63813.1,-0.000499,0.030341,0.00056,-0.539062,0.0,0.986,1.0307,0.001761,0.002017,0.002586,2.12132,4.031226
1832386560,63817.9,0.000556,0.019998,0.000564,-0.535156,0.0,0.986,1.0308,0.001639,0.002528,0.002845,2.126375,4.091766
1833172992,63821.3,0.000656,0.01899,0.000577,-0.535156,0.0,0.9859,1.0306,0.001761,0.002149,0.002753,2.092288,3.955924
1833959424,63811.0,0.005842,0.026734,0.00058,-0.546875,0.0,0.9859,1.0303,0.001454,0.001919,0.002292,1.984959,3.98577
1834745856,63816.4,-0.003502,0.01902,0.000532,-0.535156,0.0,0.9859,1.0306,0.001885,0.002346,0.002691,2.096766,3.979787
1835532288,63821.7,-0.003244,0.02471,0.000534,-0.527344,0.0,0.9859,1.0301,0.001889,0.002257,0.003026,2.028203,3.837148
1836318720,63826.2,-0.000268,0.019118,0.000527,-0.535156,0.0,0.9858,1.0302,0.001526,0.002037,0.002576,2.164056,3.97529
1837105152,63818.8,0.001983,0.030196,0.000565,-0.539062,0.0,0.9858,1.0299,0.001846,0.002103,0.002791,1.959337,3.910965
1837891584,63822.8,-0.005093,0.018883,0.000624,-0.53125,0.0,0.9856,1.0295,0.001626,0.002266,0.002639,2.029885,3.764047
1838678016,63827.9,-0.005603,0.016544,0.000597,-0.527344,0.0,0.9855,1.0291,0.001481,0.002264,0.002547,1.965053,3.712133
1839464448,63820.2,0.000999,0.027136,0.000622,-0.519531,0.0,0.9854,1.0287,0.001508,0.001744,0.002426,2.57043,3.378809
1840250880,63825.1,-0.000252,0.021217,0.000592,-0.535156,0.0,0.9853,1.0285,0.002375,0.002567,0.003279,2.101094,4.03719
1841037312,63830.0,-0.006844,0.016881,0.000589,-0.53125,0.0,0.9855,1.0293,0.00187,0.002206,0.002638,2.092824,4.014292
1841823744,63834.7,-0.008129,0.016915,0.00059,-0.527344,0.0,0.9856,1.0295,0.002094,0.001771,0.002652,2.077295,4.083151
1842610176,63827.1,-0.010374,0.026231,0.000618,-0.523438,0.0,0.9858,1.0301,0.001683,0.001936,0.002577,1.930143,3.888652
1843396608,63832.3,-0.001318,0.020334,0.000665,-0.511719,0.0,0.9855,1.0298,0.001881,0.002186,0.00255,1.983991,3.854191
1844183040,63836.8,-0.007807,0.017637,0.000614,-0.519531,0.0,0.9852,1.0295,0.001865,0.002064,0.002724,2.076742,3.936157
1844969472,63842.1,-0.003265,0.01584,0.000614,-0.535156,0.0,0.985,1.0294,0.001685,0.00178,0.002461,2.049549,3.98947
1845755904,63834.7,-0.001756,0.025579,0.000578,-0.5625,0.0,0.9849,1.0295,0.001635,0.001934,0.002448,2.160307,4.121427
1846542336,63839.3,0.001637,0.015771,0.000563,-0.554688,0.0,0.9849,1.0298,0.001337,0.00178,0.002151,2.259418,4.070537
1847328768,63844.6,0.00529,0.015455,0.000558,-0.554688,0.0,0.9849,1.0303,0.001721,0.001785,0.002182,2.213241,3.995387
1848115200,63837.4,-0.007346,0.025234,0.000593,-0.5625,0.0,0.9849,1.0306,0.001632,0.001802,0.00216,2.095138,3.818917
1848901632,63842.7,-0.006247,0.020036,0.000575,-0.550781,0.0,0.9846,1.0302,0.001701,0.001874,0.002222,2.083364,3.94419
1849688064,63847.8,-0.002348,0.020686,0.000572,-0.5625,0.0,0.9844,1.03,0.001588,0.0023,0.002469,2.168224,3.854644
1850474496,63852.9,0.003996,0.027028,0.000588,-0.574219,0.0,0.9843,1.0296,0.001789,0.002599,0.002175,2.219905,3.835006
1851260928,63846.2,0.006033,0.030923,0.000564,-0.558594,0.0,0.9841,1.0297,0.001563,0.00214,0.002526,2.207611,3.982865
1852047360,63849.6,-0.003321,0.021801,0.000549,-0.542969,0.0,0.984,1.0295,0.001683,0.001778,0.002642,2.304501,3.951773
1852833792,63854.8,-0.004655,0.017368,0.000549,-0.539062,0.0,0.9841,1.0298,0.001695,0.001628,0.002382,2.107559,4.021495
1853620224,63847.7,0.002277,0.030907,0.00053,-0.554688,0.0,0.9841,1.0302,0.001618,0.002219,0.002504,2.114871,3.977993
1854406656,63852.9,-0.00104,0.019679,0.000562,-0.558594,0.0,0.9843,1.0302,0.001588,0.002035,0.002882,2.14608,3.887157
1855193088,63858.1,-0.003964,0.013646,0.000555,-0.566406,0.0,0.9843,1.0301,0.001522,0.001834,0.002533,2.210737,3.82581
1855979520,63863.2,-0.000309,0.016135,0.000563,-0.582031,0.0,0.9848,1.0304,0.001585,0.001598,0.002308,2.126133,3.846054
1856765952,63855.5,-0.001646,0.025906,0.000532,-0.582031,0.0,0.9848,1.0303,0.001643,0.001712,0.003078,2.206126,3.943024
1857552384,63858.6,-0.003388,0.015849,0.000519,-0.558594,0.0,0.9847,1.0302,0.001608,0.001694,0.002753,2.239102,4.029573
1858338816,63861.9,-0.009783,0.016388,0.000528,-0.554688,0.0,0.9846,1.0301,0.001801,0.001714,0.002382,2.255429,4.01242
1859125248,63853.6,0.00084,0.022838,0.000556,-0.566406,0.0,0.9845,1.0301,0.001995,0.001694,0.002521,2.147794,4.13007
1859911680,63857.9,0.002039,0.014763,0.000602,-0.539062,0.0,0.9844,1.0299,0.002094,0.001698,0.002909,2.215783,3.984141
1860698112,63862.3,-0.000355,0.013478,0.000592,-0.535156,0.0,0.9845,1.03,0.001767,0.001646,0.002946,2.272378,3.800395
1861484544,63867.0,0.002778,0.015573,0.000615,-0.535156,0.0,0.9845,1.0304,0.001862,0.001608,0.00291,2.121431,3.927827
1862270976,63858.3,-0.003812,0.02381,0.000564,-0.539062,0.0,0.9846,1.0308,0.001525,0.001603,0.002053,2.068164,3.952788
1863057408,63863.3,-0.001701,0.018074,0.00056,-0.53125,0.0,0.9845,1.0306,0.001717,0.001863,0.002789,2.04383,3.911659
1863843840,63868.3,0.000213,0.016833,0.000544,-0.523438,0.0,0.9843,1.0303,0.001714,0.001888,0.002541,1.984888,3.943131
1864630272,63860.5,-0.00178,0.022518,0.000558,-0.53125,0.0,0.9842,1.0299,0.001657,0.001685,0.002353,2.054657,2.938873
1865416704,63862.8,-0.002989,0.02451,0.000557,-0.535156,0.0,0.9842,1.0296,0.001824,0.003069,0.003299,1.89734,3.750605
1866203136,63867.5,-0.000962,0.019099,0.000547,-0.527344,0.0,0.984,1.0291,0.001534,0.002327,0.002679,1.976323,3.885593
1866989568,63872.5,-0.000211,0.018781,0.000542,-0.53125,0.0,0.984,1.0292,0.001585,0.001911,0.002453,1.946612,3.961603
1867776000,63866.6,-0.001688,0.023864,0.000548,-0.539062,0.0,0.9841,1.0293,0.001502,0.001564,0.002421,2.165258,3.975953
1868562432,63871.4,0.001276,0.013853,0.000572,-0.53125,0.0,0.9839,1.0288,0.001558,0.001565,0.002662,2.107526,3.885455
1869348864,63875.5,-0.008451,0.011703,0.000579,-0.535156,0.0,0.984,1.0289,0.001841,0.001574,0.00245,2.169792,3.828594
1870135296,63879.4,-0.002604,0.012296,0.000564,-0.546875,0.0,0.984,1.0289,0.001436,0.001698,0.002619,2.107096,3.999236
1870921728,63858.5,0.000332,0.024235,0.000568,-0.578125,0.0,0.9839,1.0288,0.00164,0.001978,0.002419,2.268479,4.013303
1871708160,63863.2,-0.006444,0.014655,0.000557,-0.566406,0.0,0.9837,1.0289,0.001818,0.002242,0.002514,2.229595,4.025255
1872494592,63868.4,-0.009848,0.0146,0.000571,-0.5625,0.0,0.9835,1.0289,0.001359,0.001903,0.00224,2.319498,4.000716
1873281024,63860.1,-0.011704,0.026622,0.000549,-0.5625,0.0,0.9834,1.0292,0.001981,0.001956,0.002481,2.240648,3.755942
1874067456,63865.0,-0.000555,0.031863,0.000529,-0.558594,0.0,0.9831,1.0288,0.001585,0.00246,0.002791,2.188434,3.948753
1874853888,63869.9,-0.00618,0.025833,0.000524,-0.558594,0.0,0.9829,1.0284,0.001835,0.002017,0.002433,2.216923,4.057241
1875640320,63874.6,0.001344,0.027056,0.000522,-0.554688,0.0,0.9829,1.0282,0.001445,0.002095,0.002717,2.186816,4.039348
1876426752,63868.6,-0.004468,0.036731,0.000531,-0.570312,0.0,0.9828,1.0275,0.001929,0.001876,0.00222,2.147317,3.930851
1877213184,63873.0,0.000634,0.016367,0.000545,-0.550781,0.0,0.9825,1.0267,0.001551,0.001718,0.002155,2.260983,3.935365
1877999616,63878.0,-0.000481,0.016568,0.000533,-0.5625,0.0,0.9827,1.027,0.001452,0.001603,0.002282,2.216581,4.072524
1878786048,63872.2,0.002022,0.027245,0.000545,-0.546875,0.0,0.9827,1.0268,0.001426,0.001727,0.002555,2.213754,3.960791
1879572480,63877.0,0.002447,0.018516,0.00057,-0.539062,0.0,0.9829,1.027,0.001319,0.001717,0.002755,2.118659,4.07226
1880358912,63881.4,-0.003858,0.016707,0.00058,-0.550781,0.0,0.9832,1.0273,0.00151,0.002388,0.00246,2.173223,3.982077
1881145344,63886.0,0.001665,0.01517,0.000569,-0.53125,0.0,0.9835,1.0278,0.001446,0.001664,0.002421,2.201639,4.082176
1881931776,63879.0,-0.004982,0.029454,0.000577,-0.546875,0.0,0.9836,1.028,0.001684,0.001611,0.002087,2.02457,4.066096
1882718208,63884.0,-0.003947,0.023857,0.000551,-0.535156,0.0,0.9836,1.0279,0.001523,0.002022,0.002197,2.081136,3.888601
1883504640,63887.5,0.00606,0.02127,0.00055,-0.535156,0.0,0.984,1.0288,0.001575,0.00201,0.002488,2.028887,3.88482
1884291072,63878.3,0.004272,0.026658,0.000573,-0.5625,0.0,0.9843,1.0292,0.001687,0.001814,0.002341,2.028169,4.063815
1885077504,63880.6,-0.010186,0.025729,0.000583,-0.542969,0.0,0.9844,1.0286,0.001524,0.002107,0.002998,2.130999,3.833282
1885863936,63885.4,-0.003041,0.023067,0.000589,-0.542969,0.0,0.9845,1.0283,0.001599,0.002132,0.002517,2.079958,3.788661
1886650368,63890.2,-0.006709,0.016675,0.000587,-0.539062,0.0,0.9844,1.0278,0.001411,0.001769,0.002406,2.096074,3.779465
1887436800,63883.4,-0.002867,0.026995,0.000583,-0.554688,0.0,0.9844,1.0279,0.001572,0.001836,0.00261,2.253562,4.157353
1888223232,63886.1,0.001094,0.018306,0.000615,-0.542969,0.0,0.9843,1.0281,0.001648,0.002014,0.002435,2.30053,4.163363
1889009664,63890.7,0.001115,0.019003,0.000607,-0.542969,0.0,0.9844,1.0285,0.002042,0.001756,0.002238,2.275418,4.178402
1889796096,63883.9,-0.002432,0.021857,0.000591,-0.558594,0.0,0.9847,1.0293,0.001206,0.00166,0.002033,2.635977,3.456788
1890582528,63889.1,-0.005868,0.026171,0.000608,-0.542969,0.0,0.9846,1.0285,0.002575,0.002815,0.003409,2.271403,4.132226
1891368960,63894.2,-0.005138,0.027245,0.000605,-0.550781,0.0,0.9848,1.0286,0.002466,0.002813,0.004006,2.152163,4.128417
1892155392,63899.4,-0.002352,0.025294,0.000597,-0.542969,0.0,0.9847,1.0281,0.001892,0.002565,0.003433,2.177471,4.041869
1892941824,63893.9,-0.000229,0.031154,0.000603,-0.542969,0.0,0.9849,1.0285,0.001677,0.002013,0.002599,2.17343,3.992844
1893728256,63898.8,0.000725,0.025882,0.00053,-0.53125,0.0,0.9849,1.0287,0.002226,0.002092,0.002634,2.152053,3.890012
1894514688,63903.7,-0.005782,0.018449,0.000545,-0.523438,0.0,0.985,1.0291,0.001825,0.001855,0.002332,2.117139,3.827222
1895301120,63907.4,-0.003328,0.013773,0.000545,-0.53125,0.0,0.9852,1.0295,0.001489,0.001524,0.002139,2.041309,4.106816
1896087552,63901.2,-0.005202,0.03211,0.000532,-0.519531,0.0,0.985,1.0292,0.001969,0.001867,0.002728,2.028852,4.028459
1896873984,63906.1,0.000203,0.025849,0.000542,-0.519531,0.0,0.9849,1.0286,0.001919,0.001912,0.002749,1.938816,3.929847
1897660416,63911.1,0.004406,0.022065,0.000537,-0.515625,0.0,0.9847,1.0283,0.002058,0.002177,0.00252,2.031337,3.865289
1898446848,63906.1,0.002407,0.028152,0.000535,-0.542969,0.0,0.9848,1.0281,0.001882,0.00182,0.002237,2.28954,4.121084
1899233280,63911.0,-0.001508,0.018759,0.00054,-0.539062,0.0,0.9847,1.0276,0.001537,0.002055,0.002417,2.206292,4.144319
1900019712,63915.8,8.5e-05,0.017649,0.000543,-0.542969,0.0,0.9846,1.0272,0.001532,0.001982,0.002351,2.239823,4.131907
1900806144,63920.7,-0.000315,0.01521,0.000552,-0.539062,0.0,0.9846,1.0272,0.001771,0.001645,0.002379,2.170044,4.023579
1901592576,63913.9,-0.00044,0.025422,0.000581,-0.546875,0.0,0.9845,1.0271,0.00126,0.001629,0.002156,2.103272,3.811106
1902379008,63918.0,0.00151,0.015518,0.000613,-0.519531,0.0,0.9843,1.0274,0.001358,0.001562,0.002156,2.107723,3.900959
1903165440,63922.9,0.002893,0.015313,0.000599,-0.535156,0.0,0.9845,1.0281,0.001527,0.001293,0.001761,2.075853,3.944916
1903951872,63915.7,-0.00614,0.023726,0.00058,-0.554688,0.0,0.9845,1.0286,0.001526,0.00169,0.003102,2.180526,4.055019
1904738304,63920.7,-0.000273,0.019453,0.000574,-0.554688,0.0,0.9845,1.029,0.001727,0.002224,0.003211,2.304557,4.162692
1905524736,63925.6,0.004735,0.017171,0.000576,-0.550781,0.0,0.9847,1.0291,0.001243,0.00202,0.002814,2.213473,4.046309
1906311168,63930.5,0.001388,0.014368,0.000561,-0.539062,0.0,0.9849,1.0294,0.001392,0.002132,0.002754,2.252727,4.069843
1907097600,63924.3,-0.011657,0.023861,0.000573,-0.546875,0.0,0.985,1.0296,0.001517,0.001715,0.002471,2.058528,3.961426
1907884032,63929.0,0.001148,0.014124,0.000548,-0.53125,0.0,0.9849,1.0293,0.001429,0.001732,0.00252,2.103164,4.003162
1908670464,63934.0,-0.000418,0.016022,0.000553,-0.539062,0.0,0.9851,1.0302,0.001914,0.001729,0.002451,2.115773,3.959289
1909456896,63913.2,-0.004703,0.026805,0.000564,-0.554688,0.0,0.9852,1.0308,0.001748,0.001856,0.002261,2.087454,4.31287
1910243328,63918.2,-0.001358,0.019965,0.000605,-0.539062,0.0,0.9854,1.0313,0.001866,0.002206,0.00264,2.201116,3.90453
1911029760,63923.3,0.002648,0.0221,0.000587,-0.539062,0.0,0.9852,1.0311,0.001872,0.002103,0.002606,2.242442,3.856843
1911816192,63928.5,-0.004164,0.021928,0.000592,-0.542969,0.0,0.9852,1.0309,0.001702,0.00216,0.002722,2.120592,3.963117
1912602624,63920.3,-0.003466,0.024079,0.00056,-0.546875,0.0,0.985,1.0309,0.001153,0.001656,0.002155,1.98685,3.828945
1913389056,63923.9,-0.000567,0.015373,0.000548,-0.542969,0.0,0.9846,1.0305,0.001358,0.00201,0.002325,2.065426,3.842459
1914175488,63928.7,-0.006046,0.01632,0.000549,-0.542969,0.0,0.9848,1.0319,0.001363,0.00212,0.00217,2.041299,3.74636
1914961920,63923.2,-0.000928,0.023755,0.000561,-0.546875,0.0,0.9848,1.0324,0.001266,0.001542,0.001982,2.657143,3.479588
1915748352,63928.3,-0.001491,0.025208,0.000564,-0.554688,0.0,0.985,1.0332,0.001529,0.002121,0.002534,2.322863,4.128976
1916534784,63933.4,-0.007882,0.022102,0.000575,-0.558594,0.0,0.9847,1.0331,0.001447,0.001853,0.002565,2.322453,4.158572
1917321216,63938.4,-0.003487,0.020596,0.000555,-0.570312,0.0,0.9847,1.0334,0.001526,0.001779,0.0025,2.279337,4.235217
1918107648,63932.0,0.000601,0.030663,0.000577,-0.5625,0.0,0.9848,1.0337,0.001558,0.002103,0.002563,2.200537,3.923839
1918894080,63936.8,-0.007156,0.019215,0.00059,-0.550781,0.0,0.9846,1.0332,0.001447,0.002144,0.002506,2.128099,3.913393
1919680512,63941.7,0.001273,0.017843,0.000577,-0.546875,0.0,0.9847,1.0333,0.001429,0.001808,0.002727,2.227411,3.870392
1920466944,63946.5,0.000634,0.014756,0.000569,-0.550781,0.0,0.9847,1.0334,0.001443,0.001708,0.002385,2.124606,3.930156
1921253376,63939.8,0.000927,0.032126,0.000532,-0.546875,0.0,0.9847,1.0331,0.001421,0.002021,0.002212,2.010304,3.936164
1922039808,63944.8,-0.000904,0.019554,0.000541,-0.53125,0.0,0.9844,1.032,0.001306,0.001718,0.002172,2.062939,3.896125
1922826240,63949.8,-0.009367,0.022071,0.000548,-0.53125,0.0,0.9844,1.0316,0.001504,0.001632,0.002509,1.973255,3.732372
1923612672,63944.4,-0.008318,0.025854,0.00061,-0.542969,0.0,0.9842,1.0309,0.001523,0.00181,0.002603,2.086192,3.607484
1924399104,63949.4,-0.005849,0.01849,0.000662,-0.546875,0.0,0.9838,1.0292,0.002348,0.00218,0.003054,1.952625,3.794392
1925185536,63954.5,-0.004895,0.01878,0.000627,-0.550781,0.0,0.9839,1.029,0.001856,0.001861,0.002843,2.043424,3.804509
1925971968,63959.3,-0.006073,0.017299,0.000647,-0.542969,0.0,0.9839,1.0286,0.001794,0.001853,0.002303,2.075444,3.785981
1926758400,63950.5,0.000968,0.032539,0.000592,-0.550781,0.0,0.9839,1.0285,0.001491,0.002148,0.003047,2.158911,3.878391
1927544832,63955.3,-0.0016,0.021894,0.000576,-0.558594,0.0,0.9841,1.0288,0.001483,0.002165,0.002596,2.127374,3.887252
1928331264,63960.2,-6.6e-05,0.021772,0.000581,-0.5625,0.0,0.9844,1.0291,0.00153,0.001816,0.002493,2.195252,3.733579
1929117696,63954.3,-0.004128,0.029224,0.000559,-0.566406,0.0,0.9844,1.0291,0.001543,0.001891,0.002284,2.072023,3.716175
1929904128,63958.4,-0.003144,0.022742,0.000574,-0.539062,0.0,0.9845,1.0292,0.001861,0.002037,0.002335,2.085372,3.779193
1930690560,63963.2,-0.005526,0.016073,0.000583,-0.535156,0.0,0.9848,1.0292,0.001637,0.001747,0.002217,2.03413,3.872319
1931476992,63967.8,-0.003415,0.016035,0.000607,-0.53125,0.0,0.9848,1.0289,0.001454,0.001723,0.002326,2.083378,3.819788
1932263424,63959.2,-0.002779,0.027591,0.000551,-0.550781,0.0,0.9849,1.0284,0.001402,0.001619,0.002527,2.151893,3.816205
1933049856,63963.4,-0.001751,0.017984,0.000538,-0.550781,0.0,0.9849,1.0278,0.001494,0.001688,0.002301,2.055329,3.727613
1933836288,63968.4,-0.00273,0.013648,0.000511,-0.550781,0.0,0.9848,1.0272,0.001488,0.001448,0.001995,2.056263,3.936456
1934622720,63963.5,-0.001609,0.026571,0.000522,-0.550781,0.0,0.9848,1.0267,0.001182,0.001503,0.002331,2.198496,4.270204
1935409152,63968.6,0.000268,0.019654,0.000609,-0.550781,0.0,0.9847,1.0266,0.002033,0.00184,0.0028,2.193056,3.931003
1936195584,63973.2,-0.004285,0.017825,0.000606,-0.550781,0.0,0.9848,1.0273,0.001563,0.00195,0.002367,2.231257,3.913098
1936982016,63977.3,-0.000723,0.015338,0.000597,-0.550781,0.0,0.985,1.0279,0.001343,0.001766,0.0025,2.178117,3.965466
1937768448,63970.7,-0.003905,0.026924,0.000566,-0.566406,0.0,0.9851,1.0281,0.001414,0.001515,0.002578,2.114757,3.886395
1938554880,63975.1,0.000309,0.017848,0.000574,-0.558594,0.0,0.9851,1.0282,0.001768,0.001515,0.002552,2.086899,3.970328
1939341312,63979.7,0.000105,0.013186,0.000567,-0.554688,0.0,0.9851,1.0287,0.001594,0.00161,0.002285,2.199404,3.79298
1940127744,63970.8,-0.005805,0.019738,0.000544,-0.554688,0.0,0.9852,1.0292,0.001279,0.001445,0.001963,2.393403,3.258495
1940914176,63975.6,-0.008635,0.015143,0.000523,-0.550781,0.0,0.9852,1.0298,0.001303,0.001732,0.002587,2.13922,3.887494
1941700608,63980.2,-0.002522,0.015637,0.00053,-0.5625,0.0,0.9853,1.0309,0.001467,0.001534,0.00234,2.125801,3.846527
1942487040,63982.3,-0.000211,0.014802,0.00053,-0.5625,0.0,0.9853,1.0317,0.0015,0.001816,0.002124,2.142659,3.858093
1943273472,63975.1,-0.001167,0.026402,0.000568,-0.570312,0.0,0.9855,1.0324,0.001207,0.001737,0.001993,2.176236,3.681269
1944059904,63979.6,0.005393,0.015432,0.000593,-0.550781,0.0,0.9856,1.0327,0.001413,0.001856,0.002061,2.082105,3.801547
1944846336,63984.1,-0.002068,0.013622,0.00059,-0.554688,0.0,0.9856,1.033,0.001385,0.001695,0.002118,2.192539,3.797913
1945632768,63988.0,-0.005134,0.010298,0.000605,-0.554688,0.0,0.9857,1.0336,0.001481,0.001675,0.002122,2.086761,3.745364
1946419200,63980.0,-0.003923,0.026472,0.000627,-0.566406,0.0,0.9859,1.034,0.001944,0.001707,0.003107,2.259771,3.942041
1947205632,63984.8,-0.004636,0.015495,0.000627,-0.566406,0.0,0.9861,1.0342,0.001526,0.001626,0.002508,2.201547,4.060277
1947992064,63988.7,-0.002981,0.015307,0.000637,-0.566406,0.0,0.9863,1.0344,0.001568,0.001807,0.002466,2.293236,3.962262
1948778496,63982.4,-0.004097,0.023912,0.000637,-0.570312,0.0,0.9866,1.0349,0.001571,0.001725,0.002338,2.337271,3.992241
1949564928,63986.4,0.00042,0.0151,0.00064,-0.566406,0.0,0.9867,1.0357,0.001478,0.001845,0.002278,2.230299,4.141387
1950351360,63991.4,-0.003758,0.0207,0.000649,-0.554688,0.0,0.9867,1.0364,0.001869,0.001847,0.002365,2.317179,4.224641
1951137792,63996.5,0.002399,0.022939,0.000654,-0.558594,0.0,0.9868,1.0368,0.001788,0.001789,0.002099,2.361785,4.241846
1951924224,63990.7,-0.005175,0.023332,0.000593,-0.574219,0.0,0.9869,1.037,0.001387,0.001637,0.002378,2.341459,3.939117
1952710656,63994.5,-0.004584,0.01592,0.000591,-0.550781,0.0,0.9871,1.0369,0.001468,0.001884,0.002505,2.360396,3.875815
1953497088,63999.3,-0.002116,0.014041,0.00058,-0.558594,0.0,0.9872,1.0368,0.001551,0.001728,0.002185,2.301828,3.841036
1954283520,63994.0,-0.004907,0.027338,0.000581,-0.578125,0.0,0.9873,1.0368,0.001485,0.001816,0.002366,2.034082,3.64553
1955069952,63997.3,-0.006147,0.02179,0.000553,-0.5625,0.0,0.9874,1.0369,0.001491,0.002305,0.00268,2.063231,3.966572
1955856384,64002.1,-0.003693,0.021082,0.000539,-0.554688,0.0,0.9876,1.0375,0.001364,0.00212,0.002701,2.124441,3.856948
1956642816,64006.9,0.00046,0.020805,0.000529,-0.554688,0.0,0.9878,1.0377,0.00149,0.001694,0.002019,2.104162,3.835736
1957429248,64002.1,0.003697,0.033074,0.000568,-0.5625,0.0,0.9878,1.0377,0.001491,0.00156,0.002159,2.145499,3.687424
1958215680,64005.7,0.000204,0.023888,0.000562,-0.550781,0.0,0.9878,1.0375,0.001499,0.001576,0.002177,2.071484,3.925929
1959002112,64008.5,-0.000618,0.021658,0.000554,-0.539062,0.0,0.9877,1.0372,0.001429,0.001572,0.002221,2.09679,3.822009
1959788544,64002.5,-0.008188,0.025557,0.000557,-0.570312,0.0,0.9876,1.0368,0.001201,0.001552,0.002202,2.118998,4.21239
1960574976,64004.3,-0.003207,0.015788,0.000602,-0.5625,0.0,0.9875,1.0368,0.001343,0.001905,0.002571,2.21747,3.863456
1961361408,64009.0,-0.0,0.018336,0.00059,-0.574219,0.0,0.9876,1.0369,0.001329,0.001737,0.002369,2.214015,3.89491
1962147840,64013.7,-0.002406,0.015591,0.000591,-0.5625,0.0,0.9875,1.0368,0.001375,0.001522,0.00218,2.270783,3.998444
1962934272,64007.9,-0.007066,0.023162,0.000587,-0.574219,0.0,0.9875,1.0368,0.001436,0.001679,0.002996,2.460452,4.311312
1963720704,64012.7,0.002676,0.021586,0.000617,-0.550781,0.0,0.9874,1.0369,0.002024,0.001687,0.002944,2.399849,4.217702
1964507136,64017.4,-0.006419,0.016984,0.000622,-0.5625,0.0,0.9874,1.0367,0.001764,0.001665,0.002642,2.340188,4.260793
1965293568,64013.2,0.005002,0.027228,0.000629,-0.566406,0.0,0.9873,1.0366,0.001562,0.00162,0.002464,2.310873,3.229383
1966080000,64018.2,-0.006985,0.02041,0.000542,-0.539062,0.0,0.9874,1.0366,0.001685,0.002453,0.003153,2.102879,3.954692
1966866432,64023.1,-0.009454,0.019742,0.000546,-0.546875,0.0,0.9872,1.0361,0.001749,0.002198,0.003069,2.12412,4.003486
1967652864,64028.1,-0.005398,0.016828,0.000534,-0.558594,0.0,0.9871,1.0359,0.001425,0.001816,0.002354,2.105013,4.034318
1968439296,64010.0,0.001537,0.022835,0.000542,-0.578125,0.0,0.987,1.036,0.001157,0.001467,0.002314,2.166653,3.854165
1969225728,64014.8,-0.002636,0.016182,0.00053,-0.570312,0.0,0.9871,1.0361,0.001219,0.001579,0.001979,2.240429,3.837767
1970012160,64019.6,-0.006273,0.014125,0.000517,-0.554688,0.0,0.9872,1.0364,0.001224,0.001727,0.001986,2.253249,3.760506
1970798592,64024.1,-0.001874,0.015306,0.000509,-0.574219,0.0,0.9873,1.0364,0.001748,0.001544,0.002008,2.186915,3.937159
1971585024,64018.7,-0.002117,0.026295,0.000547,-0.570312,0.0,0.9871,1.0363,0.001484,0.00202,0.002461,2.122189,3.874105
1972371456,64023.3,-0.000532,0.01538,0.000541,-0.554688,0.0,0.9867,1.0362,0.001371,0.001822,0.002177,2.065,3.911212
1973157888,64027.9,-0.002258,0.014249,0.000551,-0.566406,0.0,0.9867,1.0364,0.001503,0.001989,0.002356,2.153183,3.912003
1973944320,64023.6,-0.007403,0.022777,0.000556,-0.558594,0.0,0.9866,1.0361,0.00138,0.001729,0.002527,2.297251,3.862202
1974730752,64028.3,0.003977,0.019643,0.000554,-0.5625,0.0,0.9867,1.0355,0.001433,0.001856,0.00292,2.146686,3.906806
1975517184,64033.0,-0.007261,0.017259,0.000541,-0.566406,0.0,0.9868,1.035,0.001486,0.001884,0.003112,2.188757,3.959782
1976303616,64037.7,-0.005309,0.017138,0.00055,-0.554688,0.0,0.987,1.0346,0.001438,0.001747,0.002867,2.177725,3.896106
1977090048,64032.6,-0.008598,0.026443,0.000571,-0.566406,0.0,0.9869,1.0342,0.001393,0.001682,0.002633,2.105474,3.851471
1977876480,64036.1,-0.004808,0.012377,0.000578,-0.542969,0.0,0.9869,1.034,0.001473,0.001612,0.002194,2.076323,3.757338
1978662912,64038.4,-0.008039,0.012124,0.000563,-0.542969,0.0,0.9868,1.0337,0.001319,0.001553,0.002085,2.131899,3.673778
1979449344,64033.0,-0.002782,0.021876,0.000545,-0.554688,0.0,0.9867,1.0335,0.001125,0.001471,0.002008,2.014715,3.813018
1980235776,64038.0,0.003686,0.01797,0.000565,-0.550781,0.0,0.9864,1.0329,0.001456,0.001829,0.002026,2.030355,3.887117
1981022208,64042.6,-0.005069,0.018494,0.000573,-0.546875,0.0,0.9863,1.0327,0.00154,0.001759,0.002082,2.019625,3.742805
1981808640,64045.6,-0.007525,0.016524,0.000577,-0.527344,0.0,0.986,1.0321,0.001668,0.001396,0.002135,2.02744,3.711593
1982595072,64040.9,0.005655,0.029161,0.000572,-0.554688,0.0,0.986,1.0319,0.001539,0.001717,0.00242,2.099094,3.761169
1983381504,64045.6,0.001452,0.020011,0.000553,-0.5625,0.0,0.986,1.032,0.001975,0.001779,0.002686,2.148356,3.779046
1984167936,64050.2,-0.003632,0.016481,0.000558,-0.554688,0.0,0.9861,1.0319,0.001557,0.001756,0.002246,2.11103,3.912006
1984954368,64044.0,-0.006695,0.024701,0.000565,-0.578125,0.0,0.9862,1.0319,0.001474,0.001622,0.002306,2.077511,4.205614
1985740800,64048.1,0.001604,0.013001,0.000573,-0.550781,0.0,0.9861,1.0321,0.001359,0.001622,0.002431,2.191667,3.892706
1986527232,64052.5,-0.002433,0.011713,0.00056,-0.554688,0.0,0.9862,1.0327,0.001127,0.001545,0.002294,2.214858,3.952125
1987313664,64057.1,-0.00656,0.012162,0.000579,-0.5625,0.0,0.9862,1.033,0.001459,0.001335,0.002295,2.192831,3.953856
1988100096,64052.7,-0.007544,0.021364,0.00059,-0.570312,0.0,0.9862,1.0333,0.001379,0.001504,0.002036,2.184965,3.954809
1988886528,64056.5,-0.0013,0.011693,0.000598,-0.578125,0.0,0.9861,1.0334,0.001416,0.001358,0.002227,2.133819,3.967436
1989672960,64061.4,-0.001608,0.015544,0.000589,-0.570312,0.0,0.9863,1.0334,0.001428,0.001535,0.002178,2.16894,3.914624
1990459392,64056.9,-0.002475,0.020645,0.000592,-0.578125,0.0,0.9864,1.0336,0.001083,0.001357,0.002109,2.37474,3.424181
1991245824,64061.2,0.003656,0.015516,0.00053,-0.570312,0.0,0.9867,1.0338,0.001192,0.001725,0.00208,2.24113,3.76148
1992032256,64064.9,0.003999,0.014635,0.000556,-0.558594,0.0,0.9867,1.0344,0.001113,0.001652,0.002073,2.126971,3.897052
1992818688,64069.6,-0.003032,0.012787,0.000551,-0.566406,0.0,0.9867,1.0349,0.001409,0.001704,0.002291,2.213213,3.994296
1993605120,64065.0,0.000322,0.023069,0.00055,-0.570312,0.0,0.987,1.036,0.001459,0.001601,0.002263,2.202667,3.947551
1994391552,64067.7,-0.006177,0.014708,0.000571,-0.578125,0.0,0.987,1.0368,0.001355,0.001981,0.002387,2.195076,3.862303
1995177984,64072.1,-0.005944,0.016365,0.000558,-0.578125,0.0,0.9871,1.0374,0.00213,0.002169,0.002263,2.216949,3.784559
1995964416,64076.7,-0.000552,0.015631,0.000548,-0.578125,0.0,0.9872,1.0377,0.001677,0.002232,0.00217,2.23855,3.879467
1996750848,64071.2,-0.002415,0.02351,0.000614,-0.558594,0.0,0.9872,1.0376,0.001458,0.001576,0.002376,2.114842,3.75545
1997537280,64076.0,0.000601,0.017086,0.000617,-0.550781,0.0,0.9872,1.0375,0.001169,0.001613,0.002048,2.041285,3.847047
1998323712,64080.7,-0.001235,0.014978,0.000604,-0.566406,0.0,0.9873,1.0377,0.001131,0.001422,0.002014,2.02365,3.728554
1999110144,64075.8,0.004354,0.024608,0.000594,-0.574219,0.0,0.9875,1.0383,0.00118,0.001305,0.002109,2.222018,3.625536
1999896576,64078.1,-0.001518,0.019186,0.000581,-0.578125,0.0,0.9876,1.0386,0.001246,0.00152,0.002096,2.189245,3.80601
2000683008,64082.6,-0.00188,0.014875,0.000573,-0.570312,0.0,0.9876,1.0389,0.001149,0.001458,0.002229,2.219088,3.75842
2001469440,62957.8,-0.004637,0.015095,0.000588,-0.566406,0.0,0.9876,1.0395,0.001218,0.001482,0.002162,2.198731,3.852648
2002255872,62952.5,-0.005902,0.031942,0.000587,-0.5625,0.0,0.9875,1.0394,0.001201,0.001917,0.002073,2.161556,3.823648
2003042304,62957.3,0.001303,0.021548,0.00056,-0.558594,0.0,0.9873,1.0387,0.001431,0.001776,0.002064,2.123166,3.807257
2003828736,62959.9,-0.002556,0.022529,0.000565,-0.554688,0.0,0.9869,1.0378,0.001557,0.00147,0.00217,2.089378,3.618432
2004615168,62952.2,-0.002128,0.028298,0.000568,-0.558594,0.0,0.9866,1.0371,0.0017,0.001609,0.0023,2.038758,3.798007
2005401600,62954.4,0.004967,0.017743,0.000557,-0.542969,0.0,0.9862,1.0361,0.001678,0.001615,0.002455,2.010819,3.857969
2006188032,62958.3,-0.01053,0.013627,0.000564,-0.542969,0.0,0.9861,1.0359,0.001682,0.001611,0.002264,2.05195,3.796243
2006974464,62962.9,-0.001436,0.013844,0.000569,-0.550781,0.0,0.9862,1.0359,0.001184,0.001532,0.002104,1.987865,3.817595
2007760896,62957.0,0.004804,0.025374,0.000582,-0.566406,0.0,0.9861,1.0357,0.001638,0.001467,0.002241,2.269004,3.711759
2008547328,62961.7,-0.003127,0.012178,0.000571,-0.582031,0.0,0.986,1.0357,0.001581,0.001475,0.002064,2.145655,3.83868
2009333760,62966.7,0.001799,0.011037,0.000552,-0.582031,0.0,0.9859,1.0358,0.001458,0.001479,0.001935,2.177505,3.895745
2010120192,62962.5,0.000753,0.020485,0.00055,-0.589844,0.0,0.9858,1.0359,0.001082,0.001314,0.001792,2.12819,4.108407
2010906624,62967.5,-0.001387,0.017871,0.000565,-0.578125,0.0,0.9857,1.0356,0.001517,0.001448,0.002834,2.202521,3.830696
2011693056,62972.6,-0.003498,0.01564,0.000611,-0.566406,0.0,0.9857,1.0354,0.001147,0.001501,0.002029,2.29136,3.87824
2012479488,62977.7,-0.004665,0.01261,0.000613,-0.558594,0.0,0.9857,1.0355,0.001346,0.001582,0.001886,2.40095,4.091825
2013265920,62973.3,-0.004264,0.022245,0.000602,-0.574219,0.0,0.9859,1.0358,0.001124,0.001496,0.00198,2.246208,4.085507
2014052352,62978.3,-0.002146,0.014338,0.000576,-0.570312,0.0,0.986,1.0361,0.001704,0.001452,0.002203,2.340122,4.124511
2014838784,62981.3,0.004818,0.013649,0.000577,-0.574219,0.0,0.9862,1.0369,0.001477,0.001475,0.001896,2.409622,4.127542
2015625216,62975.8,-0.004301,0.018336,0.000591,-0.585938,0.0,0.9865,1.0378,0.00118,0.001236,0.001807,2.318901,3.470797
2016411648,62979.9,-0.003826,0.023399,0.000574,-0.554688,0.0,0.9864,1.0374,0.001722,0.00189,0.002856,2.321956,3.849087
2017198080,62982.6,0.00014,0.023057,0.000576,-0.5625,0.0,0.9864,1.037,0.001428,0.001881,0.002146,2.165031,3.908566
2017984512,62987.1,0.000623,0.018849,0.000551,-0.574219,0.0,0.9864,1.0367,0.001385,0.001767,0.002132,2.243002,4.048872
2018770944,62981.6,-0.005246,0.023139,0.000561,-0.59375,0.0,0.9865,1.0365,0.001359,0.00164,0.002366,2.453932,4.072817
2019557376,62986.5,-0.004282,0.014017,0.000577,-0.578125,0.0,0.9867,1.0371,0.001414,0.001733,0.002157,2.507089,4.072683
2020343808,62991.3,0.001645,0.01661,0.00057,-0.574219,0.0,0.987,1.0378,0.001067,0.001673,0.002085,2.40031,4.016196
2021130240,62995.1,-0.002173,0.014834,0.000569,-0.570312,0.0,0.9875,1.0388,0.001379,0.001585,0.001857,2.266497,4.063287
2021916672,62988.7,-0.003235,0.028843,0.000596,-0.5625,0.0,0.9876,1.0392,0.001367,0.001636,0.002122,2.048598,3.936041
2022703104,62992.8,-0.001849,0.02091,0.000592,-0.574219,0.0,0.9875,1.0392,0.001499,0.001717,0.002329,2.18661,3.937481
2023489536,62997.8,-0.001081,0.02281,0.000577,-0.570312,0.0,0.9876,1.0393,0.001363,0.002116,0.002363,2.121872,3.84025
2024275968,62987.8,-0.001872,0.029469,0.00059,-0.582031,0.0,0.9878,1.0395,0.001771,0.001786,0.002541,2.238241,3.759882
2025062400,62990.3,-0.001642,0.02345,0.00059,-0.5625,0.0,0.9873,1.0382,0.001732,0.001534,0.002894,2.075121,3.893114
2025848832,62993.3,0.002971,0.027816,0.000564,-0.558594,0.0,0.9871,1.0374,0.001765,0.001609,0.002649,2.164203,3.959508
2026635264,62998.1,0.000764,0.022248,0.000567,-0.5625,0.0,0.9869,1.0364,0.001331,0.00152,0.002321,2.189064,3.961772
2027421696,62990.4,0.001643,0.026936,0.000524,-0.5625,0.0,0.9867,1.0355,0.001398,0.001525,0.002581,2.226598,3.97121
2028208128,62995.2,-0.005283,0.016272,0.000509,-0.550781,0.0,0.9866,1.0349,0.001586,0.001607,0.002805,2.263197,3.995267
2028994560,62998.9,-0.00062,0.016038,0.000512,-0.554688,0.0,0.9865,1.0344,0.001541,0.001594,0.002519,2.242746,4.040504
2029780992,62992.0,-0.008017,0.023933,0.000522,-0.566406,0.0,0.9865,1.0342,0.001356,0.0015,0.002187,1.980398,3.815083
2030567424,62995.5,0.004809,0.02427,0.000508,-0.53125,0.0,0.9865,1.0346,0.001527,0.001635,0.002335,2.091264,3.949247
2031353856,63000.2,-0.001803,0.014423,0.000517,-0.535156,0.0,0.9865,1.0351,0.001562,0.001536,0.002347,2.056469,3.958997
2032140288,63005.1,0.001464,0.012115,0.000521,-0.542969,0.0,0.9864,1.0356,0.001188,0.001517,0.001992,2.080881,4.009797
2032926720,62998.8,0.001908,0.029576,0.000543,-0.570312,0.0,0.9862,1.0351,0.001537,0.001603,0.00237,2.134029,3.678517
2033713152,63003.7,-0.007192,0.017684,0.000531,-0.5625,0.0,0.9862,1.0348,0.001367,0.001578,0.002472,2.036428,3.784133
2034499584,63008.6,-0.005057,0.016708,0.000536,-0.570312,0.0,0.9861,1.0345,0.001765,0.001786,0.00231,2.141068,3.783688
2035286016,63000.9,-0.003451,0.024259,0.000532,-0.566406,0.0,0.9861,1.0344,0.001212,0.001765,0.002134,2.215478,4.206775
2036072448,63004.4,-0.000953,0.015231,0.000594,-0.542969,0.0,0.9858,1.0346,0.001307,0.001618,0.00229,2.277177,4.00993
2036858880,63008.7,-0.006615,0.012943,0.000587,-0.554688,0.0,0.9858,1.0347,0.001313,0.001523,0.002045,2.239765,3.892677
2037645312,63013.2,-0.005506,0.015562,0.000573,-0.566406,0.0,0.9856,1.0345,0.001354,0.001459,0.00193,2.250423,3.806853
2038431744,63006.5,0.002321,0.02399,0.000568,-0.574219,0.0,0.9856,1.0343,0.001413,0.001366,0.002491,2.340924,4.125251
2039218176,63011.7,0.003031,0.011718,0.000566,-0.566406,0.0,0.9856,1.0341,0.001441,0.001449,0.00237,2.252728,4.094312
2040004608,63016.2,-0.002935,0.009158,0.000554,-0.570312,0.0,0.9859,1.0344,0.001409,0.001477,0.002453,2.229917,4.139856
2040791040,63009.3,0.004998,0.020546,0.000584,-0.582031,0.0,0.9863,1.0349,0.001202,0.001506,0.002741,2.312027,3.814554
2041577472,63014.3,-0.005862,0.016837,0.000573,-0.5625,0.0,0.9862,1.035,0.001621,0.001408,0.003372,2.491495,4.201938
2042363904,63017.0,0.002411,0.0195,0.000567,-0.5625,0.0,0.9867,1.0363,0.001492,0.001881,0.002614,2.337331,4.221818
2043150336,63021.5,0.003734,0.015716,0.000546,-0.566406,0.0,0.9869,1.0371,0.001262,0.001804,0.002341,2.411092,4.305037
2043936768,63014.2,-0.005281,0.024652,0.000602,-0.558594,0.0,0.9871,1.0377,0.001252,0.001403,0.002262,2.070989,3.907689
2044723200,63018.9,-0.002052,0.018106,0.000614,-0.546875,0.0,0.987,1.0383,0.001263,0.001371,0.002245,2.18933,4.028951
2045509632,63023.7,-0.001501,0.012922,0.000602,-0.550781,0.0,0.9872,1.0393,0.00145,0.001512,0.002169,2.112347,3.931299
2046296064,63028.5,0.0023,0.016478,0.000614,-0.546875,0.0,0.9872,1.0398,0.0012,0.001395,0.002302,2.115105,3.830662
2047082496,63023.0,-0.003927,0.025797,0.000555,-0.5625,0.0,0.987,1.0392,0.001462,0.001869,0.002307,2.113381,4.03727
2047868928,63028.0,0.000719,0.015896,0.000575,-0.550781,0.0,0.9867,1.038,0.001272,0.001879,0.002112,2.127238,3.930846
2048655360,63033.2,-0.00357,0.021245,0.000576,-0.5625,0.0,0.9864,1.0369,0.001257,0.001722,0.001992,2.145591,3.95725
2049441792,63026.4,-0.000596,0.026954,0.000586,-0.566406,0.0,0.9864,1.0363,0.001241,0.001539,0.002281,2.142945,3.832672
2050228224,63031.3,-0.005065,0.014595,0.000577,-0.5625,0.0,0.9864,1.0361,0.001224,0.001504,0.002256,2.164365,3.862803
2051014656,63036.2,-0.004253,0.011519,0.00058,-0.558594,0.0,0.9864,1.0366,0.001393,0.001439,0.002239,2.171481,3.921017
2051801088,63041.1,-0.002829,0.012863,0.000548,-0.558594,0.0,0.9863,1.0369,0.001371,0.001426,0.002264,2.213369,3.966735
2052587520,63035.2,0.004094,0.024211,0.000557,-0.582031,0.0,0.9862,1.0368,0.001304,0.001669,0.002224,2.217877,4.128498
2053373952,63038.6,0.000925,0.013159,0.000559,-0.570312,0.0,0.9864,1.0371,0.001076,0.001393,0.00212,2.279774,3.911556
2054160384,63043.4,-0.010505,0.009434,0.000552,-0.566406,0.0,0.9866,1.0375,0.001526,0.001395,0.001942,2.292985,3.889524
2054946816,63035.2,0.002684,0.022244,0.000549,-0.574219,0.0,0.9867,1.0377,0.001362,0.001352,0.002037,2.168579,4.048173
2055733248,63040.1,-0.007487,0.015956,0.00054,-0.558594,0.0,0.9865,1.0374,0.001488,0.001497,0.002286,2.274339,4.00583
2056519680,63044.9,-0.002196,0.015009,0.000549,-0.558594,0.0,0.9861,1.0371,0.001543,0.001309,0.002077,2.204072,4.100605
2057306112,63049.7,-0.00013,0.013878,0.000548,-0.5625,0.0,0.9858,1.0371,0.001131,0.001336,0.002299,2.247713,4.069822
2058092544,63044.5,-0.003319,0.029315,0.000552,-0.558594,0.0,0.9856,1.0366,0.001511,0.001689,0.002431,2.15021,3.910826
2058878976,63048.5,-0.006657,0.018739,0.000563,-0.542969,0.0,0.9856,1.0363,0.001547,0.001723,0.002512,2.100621,3.99471
2059665408,63053.3,0.00276,0.019184,0.000575,-0.550781,0.0,0.9857,1.0362,0.00147,0.001589,0.002315,2.085806,3.960913
2060451840,63047.4,-0.000545,0.029373,0.000575,-0.546875,0.0,0.9857,1.0362,0.001378,0.001605,0.002112,2.15002,4.137887
2061238272,63051.9,0.000864,0.019898,0.000612,-0.554688,0.0,0.9856,1.0357,0.001579,0.001811,0.002557,2.249837,3.983638
2062024704,63056.3,-0.001239,0.018973,0.000591,-0.5625,0.0,0.9858,1.0354,0.001729,0.001938,0.002097,2.136704,3.848917
2062811136,63060.8,-0.000815,0.023803,0.000579,-0.5625,0.0,0.9859,1.0351,0.001483,0.001516,0.002055,2.206293,3.899924
2063597568,63054.0,0.003089,0.030592,0.000536,-0.589844,0.0,0.9858,1.0347,0.002257,0.001845,0.002942,2.27466,4.072994
2064384000,63058.7,0.003786,0.015838,0.000496,-0.578125,0.0,0.9858,1.0344,0.001661,0.00194,0.002333,2.27366,4.095627
2065170432,63063.3,0.003558,0.026684,0.000523,-0.574219,0.0,0.9859,1.0347,0.001931,0.00181,0.002533,2.246725,3.941416
2065956864,63055.7,0.002456,0.026057,0.000524,-0.589844,0.0,0.9862,1.035,0.001183,0.001729,0.001854,2.1393,3.675204
2066743296,63058.9,0.000308,0.019822,0.000521,-0.558594,0.0,0.9862,1.0351,0.001325,0.001978,0.002307,2.302171,3.886243
2067529728,63061.4,-0.001496,0.016685,0.000526,-0.5625,0.0,0.9863,1.0353,0.001441,0.001666,0.002209,2.300892,4.122882
2068316160,63065.7,-0.008766,0.012487,0.000541,-0.5625,0.0,0.9863,1.0355,0.001305,0.001593,0.00244,2.196285,3.999207
2069102592,63057.4,-0.004985,0.02447,0.000538,-0.574219,0.0,0.9864,1.0359,0.00144,0.001486,0.002115,2.352278,3.97908
2069889024,63062.1,-0.010567,0.015072,0.00054,-0.582031,0.0,0.9865,1.0362,0.001156,0.001535,0.002438,2.19807,3.930962
2070675456,63066.1,-0.000432,0.012622,0.000538,-0.585938,0.0,0.9865,1.0364,0.001156,0.001394,0.002073,2.258717,3.840249
2071461888,63069.2,-0.003085,0.012753,0.000508,-0.585938,0.0,0.9866,1.0367,0.00127,0.001512,0.002406,2.329285,3.726086
2072248320,63063.6,0.00162,0.022571,0.000531,-0.585938,0.0,0.9865,1.0364,0.001115,0.001393,0.001905,2.161765,3.950272
2073034752,63068.6,-0.002145,0.014562,0.000524,-0.574219,0.0,0.9868,1.0372,0.001452,0.001887,0.002575,2.208333,4.073387
2073821184,63073.6,-0.003761,0.009818,0.000541,-0.570312,0.0,0.9871,1.0377,0.001339,0.001494,0.002085,2.207217,3.945681
2074607616,63060.8,-0.001827,0.021673,0.000557,-0.570312,0.0,0.9874,1.0381,0.001072,0.001412,0.001998,2.178054,3.775566
2075394048,63065.7,-0.002651,0.016793,0.000541,-0.554688,0.0,0.9874,1.0386,0.001426,0.001827,0.002228,2.243419,3.727766
2076180480,63070.5,-0.002277,0.014354,0.000535,-0.558594,0.0,0.9875,1.0391,0.00114,0.001692,0.002125,2.22266,3.873306
2076966912,63075.3,0.005848,0.015036,0.000541,-0.558594,0.0,0.9874,1.0393,0.001368,0.001612,0.002276,2.133846,3.882942
2077753344,63066.5,0.005377,0.031423,0.000646,-0.5625,0.0,0.9874,1.0391,0.001854,0.001435,0.002987,2.13023,3.890439
2078539776,63070.5,0.001215,0.015732,0.000594,-0.558594,0.0,0.9874,1.0388,0.002128,0.001504,0.002372,2.178857,3.806841
2079326208,63074.4,-0.006705,0.013111,0.00058,-0.5625,0.0,0.9874,1.0386,0.001312,0.001255,0.001847,2.226266,3.840071
2080112640,63067.4,-0.004474,0.022764,0.00056,-0.585938,0.0,0.9874,1.0384,0.001279,0.001443,0.001944,2.152758,3.930156
2080899072,63072.1,0.000322,0.019781,0.000514,-0.574219,0.0,0.9873,1.0385,0.001206,0.00192,0.002821,2.205146,3.969568
2081685504,63076.8,0.003063,0.017414,0.000546,-0.566406,0.0,0.9875,1.039,0.001432,0.001922,0.002132,2.248393,4.053259
2082471936,63081.3,0.000636,0.012704,0.000546,-0.566406,0.0,0.9877,1.0395,0.001186,0.001496,0.00207,2.256388,4.033526
2083258368,63075.9,-0.002074,0.029312,0.000592,-0.574219,0.0,0.9879,1.0397,0.001359,0.001387,0.002008,2.24597,3.867418
2084044800,63079.7,0.001586,0.015793,0.000579,-0.570312,0.0,0.9876,1.0391,0.001572,0.001584,0.002549,2.259338,3.969796
2084831232,63083.7,0.001241,0.016847,0.000592,-0.558594,0.0,0.9875,1.0385,0.001638,0.001553,0.002193,2.209377,3.996924
2085617664,63078.6,-0.005761,0.025669,0.000596,-0.550781,0.0,0.9875,1.038,0.001256,0.001189,0.002071,2.184016,4.3676
2086404096,63083.2,0.000307,0.020369,0.000553,-0.546875,0.0,0.9874,1.0375,0.00263,0.001484,0.002298,2.242726,4.147713
2087190528,63088.1,-0.000641,0.016916,0.000536,-0.546875,0.0,0.9873,1.0373,0.001122,0.001429,0.002059,2.255949,4.039045
2087976960,63092.6,0.004329,0.016368,0.000552,-0.539062,0.0,0.9872,1.037,0.00114,0.001609,0.001969,2.310605,4.134925
2088763392,63086.4,-0.00655,0.026655,0.000565,-0.550781,0.0,0.9872,1.0365,0.001772,0.001348,0.002071,2.204212,4.201858
2089549824,63091.2,0.000349,0.025165,0.000545,-0.550781,0.0,0.9871,1.0353,0.001539,0.001786,0.00219,2.245548,4.152978
2090336256,63096.0,0.004043,0.024924,0.000554,-0.554688,0.0,0.9871,1.0343,0.001431,0.00162,0.002169,2.259691,4.103562
2091122688,63089.8,-0.007255,0.032358,0.000559,-0.566406,0.0,0.987,1.0333,0.001454,0.001381,0.001918,2.145302,3.820302
2091909120,63093.3,-0.000625,0.027479,0.0006,-0.550781,0.0,0.9869,1.0322,0.001594,0.002255,0.00249,2.208288,3.952407
2092695552,63097.7,0.003415,0.027836,0.000617,-0.570312,0.0,0.9866,1.0311,0.001603,0.002189,0.002266,2.222294,4.125667
2093481984,63102.2,-0.00453,0.02482,0.000614,-0.566406,0.0,0.9864,1.0298,0.001471,0.002337,0.002283,2.308203,4.015205
2094268416,63089.5,-0.001017,0.030547,0.000596,-0.582031,0.0,0.9861,1.0286,0.001311,0.001986,0.001942,2.190472,3.959387
2095054848,63094.0,-0.00165,0.015655,0.000581,-0.570312,0.0,0.9862,1.0291,0.001474,0.001808,0.002024,2.254633,4.017139
2095841280,63097.4,-0.005344,0.01522,0.000593,-0.574219,0.0,0.9862,1.0295,0.001524,0.002085,0.001977,2.273534,3.83986
2096627712,63101.4,0.004892,0.016687,0.000577,-0.574219,0.0,0.9862,1.0298,0.00155,0.001905,0.002203,2.293586,3.763202
2097414144,63096.2,0.000833,0.028821,0.000586,-0.566406,0.0,0.9861,1.0292,0.001957,0.00201,0.003629,2.133555,4.02576
2098200576,63101.1,-0.002124,0.017941,0.00057,-0.5625,0.0,0.986,1.0289,0.001341,0.001669,0.002372,2.181732,4.041483
2098987008,63106.1,-0.005459,0.014427,0.000588,-0.554688,0.0,0.986,1.0287,0.001418,0.001868,0.002208,2.242857,3.975193
2099773440,63099.3,0.00351,0.026944,0.000606,-0.554688,0.0,0.986,1.0286,0.001243,0.001376,0.002052,2.153575,3.822524
2100559872,63103.6,-0.001979,0.016495,0.000604,-0.542969,0.0,0.986,1.0292,0.001401,0.001376,0.001741,2.134713,3.74919
2101346304,63108.2,0.003303,0.016632,0.000604,-0.535156,0.0,0.986,1.0297,0.001905,0.001349,0.001931,2.110139,4.061127
2102132736,63112.7,-0.001396,0.016585,0.00061,-0.550781,0.0,0.986,1.0304,0.001288,0.001605,0.001839,2.158081,4.081964
2102919168,63106.5,-0.008962,0.021783,0.000601,-0.546875,0.0,0.9861,1.0308,0.001265,0.001397,0.001847,2.069358,3.830941
2103705600,63110.9,0.007007,0.015529,0.000613,-0.527344,0.0,0.986,1.0308,0.001283,0.001449,0.002005,2.143726,3.780791
2104492032,63114.9,0.000117,0.011401,0.000615,-0.539062,0.0,0.986,1.0308,0.00114,0.001322,0.002019,2.025242,3.79908
2105278464,63104.5,-0.006867,0.021186,0.00065,-0.546875,0.0,0.9862,1.0311,0.001059,0.001272,0.001769,2.087538,3.915101
2106064896,63109.3,-0.002329,0.019083,0.000655,-0.558594,0.0,0.986,1.0314,0.001248,0.001823,0.002431,2.096435,3.923332
2106851328,63114.1,-0.000423,0.019067,0.000644,-0.558594,0.0,0.9861,1.0324,0.001287,0.001634,0.002035,2.193286,4.069912
2107637760,63118.9,0.000281,0.018146,0.000657,-0.574219,0.0,0.9861,1.0331,0.001218,0.001802,0.002843,2.170227,4.083736
2108424192,63113.1,-0.000664,0.027066,0.000604,-0.582031,0.0,0.9859,1.0333,0.001451,0.001414,0.002067,2.327097,3.970335
2109210624,63117.7,0.003851,0.017,0.000596,-0.578125,0.0,0.9863,1.0347,0.001337,0.00146,0.002198,2.399767,3.916179
2109997056,63122.3,-0.002616,0.01704,0.000597,-0.597656,0.0,0.9865,1.0359,0.001525,0.001409,0.002104,2.341416,4.099416
2110783488,63116.7,-0.000162,0.025769,0.000578,-0.589844,0.0,0.9866,1.0365,0.001655,0.001496,0.002028,2.27438,4.106708
2111569920,63121.3,-0.001474,0.013753,0.00055,-0.558594,0.0,0.987,1.0375,0.00128,0.001442,0.002439,2.240204,4.001005
2112356352,63126.3,-0.007119,0.012354,0.000564,-0.570312,0.0,0.9872,1.038,0.001254,0.001459,0.00207,2.130595,3.858061
2113142784,63131.1,-0.002618,0.012303,0.000576,-0.574219,0.0,0.9872,1.038,0.001342,0.0015,0.002024,2.253789,3.741339
2113929216,63126.2,0.009574,0.025405,0.000598,-0.554688,0.0,0.9874,1.0385,0.001291,0.001414,0.001877,2.126555,3.961605
2114715648,63131.0,-0.002934,0.017004,0.00064,-0.546875,0.0,0.9875,1.0397,0.001724,0.001478,0.002305,2.055672,3.964056
2115502080,63135.9,-0.001964,0.012031,0.000627,-0.542969,0.0,0.9875,1.0404,0.001368,0.001407,0.001826,2.06793,3.979731
2116288512,63129.1,-0.00819,0.021927,0.000632,-0.558594,0.0,0.9875,1.0409,0.000961,0.001272,0.0016,2.208767,3.856596
2117074944,63133.7,0.004919,0.021337,0.00058,-0.566406,0.0,0.9875,1.0407,0.001259,0.001443,0.002073,2.292768,3.933962
2117861376,63138.1,-0.006737,0.018089,0.000577,-0.570312,0.0,0.9877,1.0405,0.001155,0.001785,0.002423,2.262716,3.956982
2118647808,63141.8,-0.002563,0.021719,0.000579,-0.558594,0.0,0.9878,1.0403,0.001136,0.001825,0.002123,2.212268,3.960209
2119434240,63135.7,-0.005335,0.027496,0.000586,-0.578125,0.0,0.9878,1.0399,0.001286,0.001712,0.002317,2.151047,3.927394
2120220672,63140.1,0.004184,0.018815,0.000571,-0.5625,0.0,0.9878,1.0392,0.001399,0.001966,0.002357,2.106519,3.806692
2121007104,63143.2,-0.009227,0.01744,0.000577,-0.566406,0.0,0.9879,1.0389,0.001374,0.001725,0.002123,2.166632,3.76935
2121793536,63145.8,0.001881,0.015908,0.000558,-0.558594,0.0,0.9879,1.0384,0.001343,0.001489,0.002024,2.227839,3.808631
2122579968,63137.7,-0.004901,0.025924,0.000644,-0.5625,0.0,0.9878,1.0379,0.001241,0.00172,0.002438,2.244467,4.07732
2123366400,63140.6,-0.003061,0.022587,0.000622,-0.558594,0.0,0.9879,1.0375,0.00122,0.001658,0.002731,2.242196,4.135815
2124152832,63145.3,-0.00164,0.022256,0.000641,-0.574219,0.0,0.9878,1.0369,0.001343,0.001708,0.002647,2.179729,4.000638
2124939264,63140.1,-0.007021,0.031828,0.000608,-0.570312,0.0,0.988,1.037,0.001133,0.001627,0.001942,2.153731,3.698082
2125725696,63144.4,-0.000295,0.022053,0.000605,-0.554688,0.0,0.9878,1.036,0.00124,0.001963,0.002396,2.121144,3.79146
2126512128,63148.9,0.006892,0.020292,0.00061,-0.5625,0.0,0.9878,1.0356,0.001095,0.001552,0.002052,2.051362,3.862503
2127298560,63153.3,-0.002364,0.017815,0.000623,-0.5625,0.0,0.9878,1.035,0.001081,0.00156,0.002029,2.087798,3.75616
2128084992,63148.4,0.005978,0.031526,0.000563,-0.585938,0.0,0.9879,1.035,0.001491,0.001755,0.002317,2.449686,4.151858
2128871424,63153.0,0.003264,0.020603,0.000548,-0.585938,0.0,0.9875,1.0341,0.001515,0.001808,0.002165,2.40044,4.09451
2129657856,63157.5,0.000293,0.017151,0.000567,-0.582031,0.0,0.9872,1.0336,0.001516,0.001498,0.002408,2.361965,4.056932
2130444288,63152.9,-0.005821,0.023354,0.000571,-0.578125,0.0,0.9873,1.0336,0.001132,0.001227,0.001833,2.086662,3.820324
2131230720,63157.2,-0.003083,0.016048,0.00055,-0.554688,0.0,0.9872,1.033,0.001096,0.001545,0.002205,2.060003,3.948078
2132017152,63161.6,-0.000709,0.01751,0.000551,-0.550781,0.0,0.987,1.0324,0.001301,0.001711,0.001934,2.069304,3.951629
2132803584,63165.5,-0.001375,0.015409,0.000554,-0.5625,0.0,0.9871,1.0317,0.001063,0.001479,0.00209,2.102378,3.836953
2133590016,63161.2,-0.004109,0.029657,0.000601,-0.59375,0.0,0.9869,1.0309,0.001175,0.001658,0.002122,2.290013,3.835385
2134376448,63166.0,0.004577,0.02357,0.000594,-0.585938,0.0,0.9869,1.0306,0.001215,0.00169,0.002167,2.360901,3.865257
2135162880,63170.7,0.002521,0.019351,0.000586,-0.59375,0.0,0.9869,1.0306,0.001096,0.001731,0.002158,2.324764,3.893325
2135949312,63159.8,-0.006139,0.025693,0.000567,-0.597656,0.0,0.987,1.0305,0.001221,0.002004,0.002114,2.291926,4.140583
2136735744,63164.4,0.007283,0.020017,0.000566,-0.589844,0.0,0.9868,1.0301,0.001506,0.001524,0.002007,2.407357,4.017164
2137522176,63169.0,0.002698,0.014963,0.000587,-0.589844,0.0,0.987,1.0305,0.001395,0.00155,0.002061,2.458637,3.957421
2138308608,63173.6,-0.000513,0.015595,0.000573,-0.578125,0.0,0.987,1.0306,0.001479,0.001265,0.001749,2.508893,3.980715
2139095040,63169.7,0.004445,0.024835,0.000575,-0.578125,0.0,0.987,1.0308,0.001327,0.001545,0.001876,2.200476,3.984284
2139881472,63174.3,-0.000501,0.015228,0.000584,-0.585938,0.0,0.9871,1.0314,0.001115,0.001555,0.001831,2.3092,4.161664
2140667904,63178.9,-0.007796,0.012377,0.000562,-0.589844,0.0,0.987,1.0325,0.001096,0.001591,0.001673,2.305725,4.082464
2141454336,63175.0,0.006567,0.024445,0.000608,-0.589844,0.0,0.987,1.0332,0.00118,0.001371,0.001883,2.233112,3.954786
2142240768,63179.4,0.002096,0.01654,0.000621,-0.570312,0.0,0.987,1.0331,0.001016,0.001287,0.002085,2.410994,3.944702
2143027200,63184.0,-0.005233,0.016051,0.000639,-0.578125,0.0,0.9869,1.0332,0.001352,0.001486,0.001886,2.351007,4.100848
2143813632,63188.6,-0.005463,0.015096,0.000634,-0.566406,0.0,0.9869,1.0334,0.001237,0.001245,0.001861,2.363369,4.117323
2144600064,63184.6,-0.00443,0.028767,0.000575,-0.59375,0.0,0.9868,1.0334,0.001249,0.001254,0.001998,2.43851,4.207424
2145386496,63189.0,0.000321,0.01633,0.000528,-0.574219,0.0,0.9869,1.0341,0.001369,0.001432,0.002005,2.436233,4.140317
2146172928,63193.5,-0.000478,0.017154,0.000525,-0.570312,0.0,0.9869,1.0343,0.001092,0.001302,0.002025,2.407328,4.19679
2146959360,63189.6,0.003519,0.025033,0.000539,-0.5625,0.0,0.9869,1.0345,0.001296,0.001245,0.001919,2.442974,4.109555
2147745792,63194.0,-0.003817,0.021262,0.000512,-0.570312,0.0,0.9869,1.0348,0.001257,0.001591,0.002084,2.201962,4.12408
2148532224,63198.1,0.000205,0.019537,0.000511,-0.5625,0.0,0.9871,1.0353,0.001168,0.001642,0.002631,2.239369,4.085251
2149318656,63202.4,0.004385,0.017049,0.000511,-0.554688,0.0,0.9871,1.0358,0.001469,0.001371,0.002254,2.242939,4.022449
2150105088,63194.9,-0.001066,0.027059,0.000561,-0.566406,0.0,0.9872,1.0363,0.000933,0.001696,0.001804,2.125517,3.82957
2150891520,63198.7,0.003675,0.022242,0.000603,-0.554688,0.0,0.9873,1.037,0.00109,0.001506,0.001845,2.171749,3.854566
2151677952,63203.4,-0.003513,0.020523,0.000607,-0.558594,0.0,0.9872,1.0371,0.001203,0.001582,0.001881,2.169674,3.882187
2152464384,63207.5,0.000462,0.019723,0.000611,-0.558594,0.0,0.987,1.037,0.001306,0.00132,0.002022,2.143683,3.901793
2153250816,63202.8,0.000853,0.022851,0.000569,-0.566406,0.0,0.9871,1.0377,0.001205,0.001424,0.001982,2.251062,4.188414
2154037248,63207.4,-0.003877,0.011061,0.000565,-0.554688,0.0,0.9873,1.039,0.001063,0.001351,0.001892,2.183306,4.119574
2154823680,63211.3,0.005396,0.012249,0.000566,-0.550781,0.0,0.9875,1.0399,0.001399,0.001269,0.00209,2.308589,4.026278
2155610112,63205.1,-0.002152,0.022004,0.000565,-0.566406,0.0,0.9874,1.0401,0.001175,0.001303,0.002063,2.230708,4.10155
2156396544,63208.6,-0.000249,0.012685,0.000574,-0.554688,0.0,0.9875,1.0396,0.001509,0.001463,0.002681,2.222403,3.915522
2157182976,63212.7,0.002247,0.014211,0.000588,-0.5625,0.0,0.9876,1.0388,0.001482,0.00164,0.00227,2.281224,4.063525
2157969408,63215.9,-0.005827,0.013333,0.000587,-0.570312,0.0,0.9876,1.038,0.001262,0.001306,0.002087,2.276166,4.076273
2158755840,63211.3,-6.7e-05,0.027349,0.000573,-0.578125,0.0,0.9878,1.0382,0.001655,0.001301,0.002225,2.32707,3.868622
2159542272,63215.8,-0.005749,0.017903,0.000563,-0.5625,0.0,0.9876,1.0381,0.001253,0.00145,0.001976,2.290574,3.987
2160328704,63220.3,0.002918,0.017404,0.000547,-0.5625,0.0,0.9877,1.0381,0.001201,0.001372,0.001912,2.318669,4.115122
2161115136,63214.5,0.005358,0.026529,0.000548,-0.566406,0.0,0.9878,1.0384,0.001389,0.001351,0.002249,2.158694,3.908046
2161901568,63218.6,-0.006195,0.014561,0.000524,-0.554688,0.0,0.9879,1.0385,0.001055,0.001211,0.001897,2.134638,3.889317
2162688000,63223.1,-0.001612,0.013547,0.000548,-0.554688,0.0,0.9878,1.0384,0.001041,0.001239,0.001724,2.131434,3.862803
2163474432,63227.5,0.001387,0.013401,0.000557,-0.554688,0.0,0.9877,1.0385,0.00101,0.001225,0.001756,2.184135,3.812294
2164260864,63222.7,-0.000807,0.018946,0.000556,-0.570312,0.0,0.9879,1.0389,0.000922,0.001044,0.001571,2.184123,4.097415
2165047296,63227.2,-0.0082,0.009097,0.000541,-0.566406,0.0,0.988,1.0395,0.001085,0.00131,0.001787,2.247527,4.188488
2165833728,63231.7,-0.002367,0.010618,0.000555,-0.5625,0.0,0.9881,1.0401,0.001146,0.00128,0.001646,2.303238,4.181287
2166620160,63227.7,-0.003694,0.016141,0.000561,-0.574219,0.0,0.9884,1.041,0.000867,0.001126,0.001596,2.136692,4.02492
2167406592,63230.3,-0.005661,0.010371,0.000556,-0.5625,0.0,0.9885,1.0416,0.001012,0.001234,0.001798,2.182873,3.921258
2168193024,63234.6,-6.7e-05,0.011073,0.000553,-0.558594,0.0,0.9888,1.0425,0.001375,0.001397,0.001812,2.240507,3.887148
2168979456,63239.0,-0.008247,0.009344,0.000543,-0.566406,0.0,0.989,1.0434,0.001121,0.001521,0.001663,2.215139,4.099385
2169765888,63233.5,-0.002222,0.024549,0.000553,-0.578125,0.0,0.989,1.0435,0.001174,0.00141,0.001782,2.154517,3.98634
2170552320,63237.7,-0.005213,0.016465,0.000541,-0.574219,0.0,0.9887,1.0429,0.001173,0.00153,0.002087,2.263189,3.947655
2171338752,63242.0,0.00063,0.01426,0.000555,-0.566406,0.0,0.9884,1.0422,0.000938,0.001416,0.001979,2.318468,3.843189
2172125184,63234.7,-0.00316,0.022735,0.000532,-0.570312,0.0,0.988,1.0416,0.001265,0.001275,0.001964,2.850098,3.337424
2172911616,63239.4,-0.010135,0.01098,0.000607,-0.5625,0.0,0.9881,1.0422,0.001107,0.0012,0.001753,2.288267,4.181273
2173698048,63244.0,0.00258,0.015893,0.000612,-0.558594,0.0,0.988,1.0428,0.00188,0.001312,0.001915,2.240513,4.058492
2174484480,63248.6,-0.008508,0.010031,0.000602,-0.566406,0.0,0.9881,1.0438,0.001289,0.001356,0.001956,2.250872,3.96969
2175270912,63244.2,-0.005746,0.020116,0.000622,-0.574219,0.0,0.9882,1.0447,0.001063,0.001222,0.002027,2.195807,3.830821
2176057344,63247.7,-0.004301,0.011207,0.000618,-0.550781,0.0,0.9881,1.0452,0.001216,0.001534,0.002253,2.14185,3.76265
2176843776,63251.7,-0.001509,0.014062,0.000615,-0.550781,0.0,0.9882,1.0458,0.001473,0.001355,0.002321,2.165087,3.858406
2177630208,63256.1,-0.004982,0.011187,0.000609,-0.554688,0.0,0.9883,1.0466,0.001276,0.001293,0.00203,2.057057,3.795601
2178416640,63251.9,0.003058,0.031132,0.000577,-0.601562,0.0,0.9882,1.0462,0.00122,0.001533,0.002501,2.235811,4.01156
2179203072,63253.4,-0.000518,0.022426,0.000569,-0.597656,0.0,0.9882,1.0458,0.00133,0.001371,0.002005,2.35447,4.029665
2179989504,63257.7,0.000199,0.01945,0.000565,-0.597656,0.0,0.9882,1.0452,0.001093,0.001587,0.001842,2.358468,3.907359
2180775936,63252.3,0.004773,0.029892,0.000606,-0.597656,0.0,0.9882,1.0449,0.001065,0.001371,0.001788,2.281982,4.130011
2181562368,63256.6,-0.005809,0.014923,0.000556,-0.585938,0.0,0.9879,1.0437,0.001277,0.001564,0.002015,2.305579,4.072283
2182348800,63261.0,-0.006737,0.016288,0.000571,-0.578125,0.0,0.9877,1.0429,0.001396,0.001401,0.002155,2.382049,4.123304
2183135232,63264.5,-0.002033,0.017274,0.000586,-0.570312,0.0,0.9874,1.0418,0.001319,0.001465,0.002196,2.282152,4.007661
2183921664,63260.4,-0.000559,0.024288,0.000617,-0.59375,0.0,0.9871,1.0406,0.001716,0.00141,0.001886,2.277079,3.933223
2184708096,63265.1,0.004776,0.018092,0.000623,-0.566406,0.0,0.9871,1.0395,0.001295,0.001466,0.001971,2.318046,3.908414
2185494528,63269.8,-0.002149,0.013635,0.000609,-0.570312,0.0,0.987,1.0385,0.001359,0.001314,0.001579,2.199029,4.083608
2186280960,63266.2,0.003559,0.024579,0.00059,-0.585938,0.0,0.9869,1.0379,0.000992,0.001169,0.001602,2.350539,4.026253
2187067392,63270.8,0.00161,0.015841,0.000512,-0.578125,0.0,0.9869,1.0377,0.001432,0.001087,0.001695,2.256695,4.038413
2187853824,63275.4,-0.001505,0.013426,0.000535,-0.5625,0.0,0.9872,1.038,0.00119,0.001222,0.001768,2.391548,3.988509
2188640256,63279.7,0.000421,0.014912,0.000533,-0.582031,0.0,0.9876,1.0383,0.001381,0.001353,0.001884,2.380439,4.096801
2189426688,63269.0,-0.004855,0.025336,0.000564,-0.574219,0.0,0.9878,1.0383,0.001025,0.001467,0.001947,2.319874,4.146216
2190213120,63273.1,-0.004703,0.013998,0.000565,-0.566406,0.0,0.9878,1.038,0.001113,0.001462,0.001875,2.35055,4.026596
2190999552,63276.5,-0.007874,0.015075,0.000562,-0.554688,0.0,0.9877,1.0374,0.00114,0.001244,0.00206,2.259507,4.083575
2191785984,63271.4,0.000261,0.01872,0.000593,-0.566406,0.0,0.9877,1.0368,0.001014,0.001066,0.002001,2.042459,4.133723
2192572416,63275.9,-7.4e-05,0.012588,0.000668,-0.554688,0.0,0.9877,1.0365,0.001203,0.001193,0.001881,2.210905,3.997633
2193358848,63280.3,0.003341,0.010757,0.000631,-0.558594,0.0,0.9878,1.0367,0.00126,0.001102,0.002034,2.326618,3.934936
2194145280,63284.8,-0.002511,0.01105,0.000655,-0.558594,0.0,0.9878,1.0366,0.001164,0.001186,0.001886,2.323383,4.23808
2194931712,63280.3,-0.000234,0.023797,0.000587,-0.566406,0.0,0.9878,1.0364,0.001364,0.001256,0.001822,2.282731,4.119136
2195718144,63284.6,0.000706,0.016633,0.000569,-0.570312,0.0,0.9879,1.0365,0.001577,0.001385,0.002207,2.243667,4.06227
2196504576,63288.8,-0.008491,0.016389,0.000585,-0.558594,0.0,0.9879,1.0364,0.001391,0.001445,0.002101,2.280166,3.950759
2197291008,63285.4,-5.9e-05,0.024317,0.00059,-0.570312,0.0,0.9881,1.0365,0.001322,0.001327,0.002259,2.527954,3.139839
2198077440,63289.9,0.003001,0.018187,0.000589,-0.570312,0.0,0.9881,1.0365,0.001128,0.001468,0.002749,2.15264,3.977177
2198863872,63294.0,-0.001773,0.014883,0.00058,-0.5625,0.0,0.9879,1.0362,0.001041,0.001497,0.001915,2.205959,3.984595
2199650304,63298.5,-0.004826,0.011777,0.000592,-0.554688,0.0,0.9879,1.0364,0.001167,0.001242,0.001683,2.214097,3.970675
2200436736,63293.1,-0.002025,0.025573,0.000605,-0.578125,0.0,0.988,1.0367,0.001406,0.001426,0.002135,2.306639,4.050809
2201223168,63296.1,0.001659,0.018372,0.000571,-0.589844,0.0,0.9881,1.0373,0.001136,0.001367,0.002357,2.389918,4.040607
2202009600,63300.8,0.003131,0.020519,0.000558,-0.578125,0.0,0.9882,1.0384,0.001108,0.001326,0.002193,2.325588,4.065275
2202796032,63305.1,-0.001402,0.019079,0.000551,-0.578125,0.0,0.9882,1.0389,0.001227,0.001299,0.002349,2.347085,4.037055
2203582464,63301.5,0.008575,0.028834,0.000554,-0.582031,0.0,0.9881,1.0387,0.000999,0.001567,0.002026,2.176926,3.991924
2204368896,63304.0,-0.003599,0.018329,0.000558,-0.566406,0.0,0.9879,1.0383,0.001332,0.001608,0.0023,2.221513,3.867794
2205155328,63308.3,-0.005796,0.013479,0.000558,-0.558594,0.0,0.9879,1.0385,0.001056,0.001562,0.002148,2.143126,3.869666
2205941760,63304.7,-0.00223,0.026711,0.000562,-0.570312,0.0,0.9878,1.0385,0.001042,0.001113,0.001961,2.07264,4.078262
2206728192,63308.5,-0.006407,0.019677,0.000552,-0.582031,0.0,0.9875,1.038,0.001483,0.001552,0.001917,2.240469,4.032809
2207514624,63312.1,0.003833,0.017346,0.000545,-0.574219,0.0,0.9873,1.0375,0.001464,0.001557,0.0019,2.207831,4.031797
2208301056,63314.9,0.000555,0.017664,0.000543,-0.570312,0.0,0.9872,1.0374,0.001467,0.001305,0.002153,2.330499,3.956237
2209087488,63309.2,0.001656,0.023856,0.000568,-0.589844,0.0,0.9871,1.037,0.001088,0.001141,0.002064,2.254493,3.87394
2209873920,63312.8,-0.00093,0.015577,0.000568,-0.570312,0.0,0.9869,1.0356,0.001189,0.001199,0.001863,2.272234,3.819219
2210660352,63315.6,-0.002955,0.015315,0.000577,-0.558594,0.0,0.9867,1.0345,0.001202,0.001311,0.001926,2.108035,3.985308
2211446784,63311.9,0.001803,0.026519,0.000545,-0.570312,0.0,0.9865,1.0335,0.001059,0.001175,0.001725,2.276933,4.129874
2212233216,63316.3,-0.00248,0.017661,0.000561,-0.566406,0.0,0.9863,1.0328,0.001215,0.001294,0.002098,2.339488,4.0512
2213019648,63320.7,-0.005222,0.013452,0.000546,-0.578125,0.0,0.9862,1.0333,0.001332,0.001331,0.002141,2.37073,3.990877
2213806080,63323.9,0.001599,0.013793,0.000556,-0.566406,0.0,0.9863,1.0342,0.000995,0.001288,0.00197,2.374756,4.086883
2214592512,63318.5,-0.005879,0.024941,0.000546,-0.578125,0.0,0.9864,1.0348,0.000989,0.001082,0.001914,2.321368,4.12128
2215378944,63322.8,-0.001485,0.018902,0.000531,-0.578125,0.0,0.9864,1.035,0.001141,0.00131,0.002029,2.380437,4.143915
2216165376,63327.2,0.002785,0.020557,0.000548,-0.574219,0.0,0.9865,1.0352,0.001123,0.001302,0.001901,2.362197,4.088991
2216951808,63323.0,-0.006017,0.026554,0.000551,-0.59375,0.0,0.9866,1.0351,0.001045,0.001402,0.002089,2.106591,4.106109
2217738240,63327.4,-0.003811,0.016981,0.000515,-0.566406,0.0,0.9865,1.0346,0.001359,0.001482,0.002216,2.225014,3.813289
2218524672,63331.8,-0.006607,0.019457,0.000519,-0.5625,0.0,0.9865,1.034,0.001133,0.001279,0.001778,2.115561,3.82138
2219311104,63336.2,-0.001543,0.01597,0.000514,-0.550781,0.0,0.9863,1.0332,0.00108,0.001386,0.001829,2.062907,4.010779
2220097536,63332.5,-0.004995,0.022661,0.000526,-0.578125,0.0,0.9863,1.033,0.001163,0.001284,0.001632,2.138471,4.007534
2220883968,63336.9,-0.006992,0.012437,0.000565,-0.574219,0.0,0.9864,1.0332,0.001186,0.0012,0.00174,2.312953,3.997357
2221670400,63341.0,0.002763,0.012761,0.000572,-0.585938,0.0,0.9865,1.0333,0.001074,0.000973,0.001572,2.279719,3.904153
2222456832,63335.5,-0.001529,0.019741,0.000557,-0.582031,0.0,0.9866,1.0335,0.000957,0.001002,0.001394,2.738556,3.337975
2223243264,63338.6,-0.003456,0.01884,0.000514,-0.597656,0.0,0.9867,1.0336,0.001088,0.001498,0.002198,2.392743,4.071768
2224029696,63341.7,0.001734,0.019946,0.000523,-0.582031,0.0,0.9868,1.0338,0.0014,0.001679,0.002316,2.362641,4.066183
2224816128,63344.4,0.002671,0.018342,0.00054,-0.601562,0.0,0.987,1.0341,0.001166,0.001505,0.002093,2.407341,4.133555
2225602560,63340.3,-0.004771,0.023886,0.000549,-0.621094,0.0,0.9871,1.0345,0.001349,0.001242,0.001897,2.421797,4.014049
2226388992,63344.7,0.002063,0.012367,0.000572,-0.597656,0.0,0.9873,1.0355,0.001352,0.001301,0.001911,2.504004,3.904705
2227175424,63349.1,-0.00362,0.011957,0.000581,-0.597656,0.0,0.9875,1.0366,0.001165,0.001257,0.001993,2.538672,3.950159
2227961856,63353.6,-0.005328,0.016474,0.000563,-0.59375,0.0,0.9878,1.0376,0.001021,0.001021,0.001946,2.385305,4.05797
2228748288,63349.8,-5.3e-05,0.027218,0.000524,-0.628906,0.0,0.9878,1.0378,0.001774,0.001433,0.002227,2.453142,4.020011
2229534720,63354.2,-0.004792,0.018735,0.000515,-0.605469,0.0,0.988,1.0383,0.001322,0.001428,0.002272,2.504936,4.048766
2230321152,63358.8,0.004216,0.021981,0.00053,-0.59375,0.0,0.9881,1.0383,0.001406,0.001371,0.002092,2.463496,3.895145
2231107584,63355.2,0.000981,0.024733,0.000551,-0.582031,0.0,0.9882,1.0384,0.001043,0.001379,0.001861,2.516495,3.977118
2231894016,63359.7,0.001229,0.015509,0.00054,-0.570312,0.0,0.9881,1.0382,0.001093,0.001471,0.00237,2.312483,4.195704
2232680448,63364.2,0.001717,0.015127,0.000543,-0.582031,0.0,0.9882,1.0386,0.001083,0.001275,0.001997,2.415323,4.173384
2233466880,63368.7,0.000805,0.01352,0.000545,-0.578125,0.0,0.9882,1.039,0.001434,0.001441,0.001892,2.330907,4.070139
2234253312,63365.5,0.000174,0.023517,0.000568,-0.578125,0.0,0.9883,1.0392,0.001195,0.001648,0.002256,2.403204,3.988098
2235039744,63369.9,-0.002603,0.013172,0.000589,-0.578125,0.0,0.9886,1.0403,0.001034,0.001363,0.002267,2.298976,3.974174
2235826176,63374.5,-0.00301,0.012089,0.000607,-0.5625,0.0,0.9887,1.041,0.001122,0.001554,0.001875,2.267392,4.063434
2236612608,63371.7,-0.004633,0.022343,0.000571,-0.570312,0.0,0.9888,1.0413,0.000926,0.001103,0.00214,2.266074,4.006711
2237399040,63376.1,0.000987,0.015276,0.000592,-0.5625,0.0,0.9887,1.0411,0.000979,0.00137,0.001804,2.346963,4.190471
2238185472,63380.6,0.001426,0.015455,0.000594,-0.5625,0.0,0.9886,1.0412,0.001219,0.001172,0.001822,2.295442,4.102099
2238971904,63383.8,-0.003652,0.013427,0.000582,-0.5625,0.0,0.9886,1.0413,0.001009,0.001222,0.00185,2.326117,3.896412
2239758336,63378.9,-0.000689,0.026741,0.000554,-0.582031,0.0,0.9885,1.041,0.001029,0.001391,0.001993,2.285676,4.075122
2240544768,63383.3,0.003397,0.0224,0.000538,-0.570312,0.0,0.9886,1.0403,0.001098,0.00142,0.002078,2.260247,4.053566
2241331200,63387.6,-0.004466,0.013851,0.000525,-0.578125,0.0,0.9885,1.0395,0.000992,0.001153,0.00182,2.295819,3.982517
2242117632,63383.7,-0.009619,0.023171,0.00053,-0.59375,0.0,0.9885,1.0389,0.000961,0.001097,0.001771,2.105986,4.07524
2242904064,63387.9,-0.007419,0.011918,0.000507,-0.566406,0.0,0.9886,1.0387,0.001059,0.001303,0.001799,2.174451,3.828096
2243690496,63392.2,-0.001502,0.010968,0.000498,-0.5625,0.0,0.9887,1.0385,0.001049,0.001226,0.001636,2.12681,3.745378
2244476928,63396.5,0.001957,0.011229,0.000504,-0.570312,0.0,0.9888,1.0385,0.001228,0.00122,0.001652,2.118336,3.89195
2245263360,63393.2,-0.000269,0.025171,0.000537,-0.582031,0.0,0.9888,1.0383,0.000972,0.001448,0.001316,2.187577,4.037596
2246049792,63397.6,-0.0028,0.020291,0.000569,-0.574219,0.0,0.9888,1.0382,0.001357,0.001495,0.001843,2.259379,3.989899
2246836224,63402.0,0.002693,0.016508,0.000563,-0.5625,0.0,0.9888,1.0382,0.001086,0.001394,0.001608,2.254722,3.939965
2247622656,63398.7,0.001083,0.023526,0.000576,-0.578125,0.0,0.9889,1.0384,0.001199,0.001415,0.001729,2.494554,3.295689
2248409088,63403.0,-0.002011,0.012032,0.000605,-0.554688,0.0,0.989,1.0386,0.001283,0.00139,0.001784,2.107831,3.892604
2249195520,63407.2,-0.002462,0.012302,0.000601,-0.5625,0.0,0.989,1.0388,0.00121,0.001232,0.002324,2.174478,3.924892
2249981952,63411.4,-0.000933,0.012533,0.00061,-0.574219,0.0,0.9891,1.0388,0.001348,0.001131,0.002104,2.280961,3.967541
2250768384,63408.8,-0.006058,0.021349,0.000583,-0.585938,0.0,0.9892,1.0389,0.001147,0.001151,0.00186,2.379391,4.012209
2251554816,63412.3,-0.004889,0.016682,0.000568,-0.589844,0.0,0.9892,1.0392,0.001352,0.001502,0.001887,2.454663,3.908191
2252341248,63415.7,-0.004825,0.016216,0.000555,-0.597656,0.0,0.9892,1.0392,0.00105,0.001372,0.00176,2.475313,3.974773
2253127680,63420.2,-0.003497,0.014748,0.000567,-0.597656,0.0,0.9891,1.0394,0.001461,0.001459,0.001779,2.460597,4.023369
2253914112,63414.6,-0.002199,0.02373,0.000529,-0.617188,0.0,0.9893,1.0396,0.001051,0.001519,0.001983,2.398293,4.030862
2254700544,63418.5,0.002839,0.015783,0.000513,-0.59375,0.0,0.9894,1.0395,0.001178,0.001561,0.001854,2.405649,4.091444
2255486976,63422.7,0.004272,0.014821,0.000521,-0.605469,0.0,0.9894,1.0396,0.001048,0.001642,0.001796,2.39387,3.981451
2256273408,63418.5,0.001785,0.024794,0.000529,-0.617188,0.0,0.9894,1.0396,0.000777,0.001335,0.001608,2.550965,3.811778
2257059840,63420.2,0.004697,0.019294,0.000555,-0.609375,0.0,0.9891,1.0397,0.001199,0.001197,0.001803,2.470205,4.067325
2257846272,63423.1,-0.001686,0.01872,0.000551,-0.605469,0.0,0.9889,1.0401,0.001205,0.001206,0.001693,2.402378,4.052085
2258632704,63427.3,-0.000654,0.014557,0.000544,-0.609375,0.0,0.9887,1.0403,0.000886,0.001072,0.001458,2.408375,3.958503
2259419136,63423.7,0.002668,0.026452,0.000586,-0.609375,0.0,0.9887,1.0407,0.00118,0.001191,0.001594,2.209775,3.759669
2260205568,63427.9,-0.006018,0.011312,0.000579,-0.582031,0.0,0.9885,1.0409,0.000987,0.001592,0.00159,2.155195,3.655165
2260992000,63432.2,-0.002364,0.010946,0.000561,-0.59375,0.0,0.9884,1.041,0.001091,0.001277,0.001591,2.199716,3.762333
2261778432,63429.0,0.002257,0.021376,0.000558,-0.589844,0.0,0.9883,1.0413,0.000879,0.001096,0.001584,2.415298,3.913142
2262564864,63433.3,-0.002242,0.016078,0.000547,-0.601562,0.0,0.9882,1.0409,0.000849,0.001208,0.001712,2.279495,3.956658
2263351296,63436.9,-0.001863,0.015263,0.000562,-0.597656,0.0,0.9884,1.0408,0.001219,0.0013,0.001744,2.330769,4.064405
2264137728,63441.2,-0.011422,0.01355,0.00058,-0.597656,0.0,0.9883,1.0403,0.000824,0.00111,0.00189,2.319234,3.860898
2264924160,63437.5,-0.003782,0.023087,0.000565,-0.578125,0.0,0.9881,1.0402,0.001032,0.001064,0.001771,2.273571,3.980801
2265710592,63441.5,0.001069,0.012778,0.000554,-0.5625,0.0,0.9881,1.0406,0.001114,0.001083,0.001522,2.22649,4.030538
2266497024,63444.6,0.002619,0.014396,0.000558,-0.570312,0.0,0.988,1.0409,0.001079,0.001186,0.001749,2.208836,3.981999
2267283456,63441.2,-0.003556,0.020078,0.000547,-0.59375,0.0,0.9878,1.0412,0.000828,0.001055,0.001382,2.298494,4.338076
2268069888,63445.5,-0.003642,0.01468,0.000522,-0.597656,0.0,0.9878,1.0408,0.001076,0.001547,0.001774,2.353738,3.983988
2268856320,63449.9,0.001729,0.014145,0.000509,-0.597656,0.0,0.9879,1.0406,0.000948,0.001603,0.001843,2.432776,4.056203
2269642752,63454.2,-0.002521,0.013573,0.000513,-0.601562,0.0,0.9878,1.0401,0.000929,0.001559,0.001696,2.406787,4.022869
2270429184,63451.7,0.001101,0.024203,0.000522,-0.597656,0.0,0.9878,1.0402,0.000866,0.001233,0.001781,2.206406,3.905579
2271215616,63456.1,0.002782,0.012015,0.00053,-0.582031,0.0,0.9878,1.0407,0.001001,0.001132,0.00207,2.206127,3.95667
2272002048,63460.6,-0.002827,0.010115,0.000526,-0.578125,0.0,0.9878,1.041,0.001091,0.001323,0.001653,2.280545,3.924102
2272788480,63457.4,-0.001054,0.021514,0.000535,-0.59375,0.0,0.9878,1.0414,0.000955,0.001377,0.001715,2.470093,3.18036
2273574912,63460.3,-0.001931,0.011723,0.000528,-0.585938,0.0,0.9882,1.0423,0.000997,0.001319,0.002197,2.1439,3.820219
2274361344,63462.4,0.000446,0.011259,0.000557,-0.59375,0.0,0.9884,1.0431,0.001038,0.001254,0.001936,2.227507,3.801221
2275147776,63466.6,-0.007105,0.01103,0.000592,-0.589844,0.0,0.9887,1.0439,0.000908,0.00122,0.001669,2.234501,3.673375
2275934208,63462.1,-0.001576,0.022852,0.000555,-0.585938,0.0,0.989,1.0446,0.000904,0.001092,0.001517,2.289506,3.78254
2276720640,63464.0,-0.001341,0.01996,0.000549,-0.582031,0.0,0.9891,1.0447,0.001185,0.001407,0.00202,2.260799,3.847478
2277507072,63467.3,0.000513,0.015507,0.000564,-0.578125,0.0,0.9892,1.0447,0.001036,0.001015,0.001613,2.261058,3.820475
2278293504,63471.1,-0.000822,0.013178,0.00056,-0.5625,0.0,0.9893,1.0448,0.000996,0.001043,0.001783,2.281063,3.841536
2279079936,63465.5,0.004736,0.02483,0.000543,-0.59375,0.0,0.9892,1.0449,0.001094,0.001058,0.001667,2.260283,3.988926
2279866368,63467.3,-0.00102,0.014412,0.000544,-0.574219,0.0,0.9891,1.0451,0.001037,0.001134,0.001771,2.322331,3.958113
2280652800,63470.0,-0.003837,0.011984,0.000538,-0.589844,0.0,0.9891,1.0456,0.001175,0.001064,0.001867,2.300854,4.002097
2281439232,63467.1,0.002576,0.022732,0.000612,-0.589844,0.0,0.9891,1.0461,0.001101,0.000938,0.001609,2.565042,4.030877
2282225664,63471.5,-0.000787,0.015864,0.000644,-0.59375,0.0,0.989,1.0456,0.001517,0.001125,0.002034,2.443351,4.12359
2283012096,63474.0,-0.009658,0.013702,0.00064,-0.59375,0.0,0.989,1.0452,0.001143,0.001183,0.001999,2.495559,4.174186
2283798528,63477.4,0.004337,0.014866,0.000641,-0.59375,0.0,0.989,1.0448,0.001194,0.001118,0.001869,2.483806,4.159404
2284584960,63474.1,-0.00081,0.024297,0.000569,-0.601562,0.0,0.989,1.0444,0.001044,0.001189,0.001508,2.419402,4.121983
2285371392,63477.7,0.001472,0.017365,0.000545,-0.597656,0.0,0.9891,1.0448,0.000948,0.001321,0.001744,2.509583,4.009729
2286157824,63481.7,-0.003473,0.015826,0.000531,-0.597656,0.0,0.9889,1.0448,0.001054,0.0011,0.001566,2.524153,4.138578
2286944256,63475.7,-0.001461,0.02296,0.000556,-0.601562,0.0,0.9889,1.045,0.000937,0.001113,0.001578,2.221893,3.903229
2287730688,63479.8,0.00027,0.017679,0.000554,-0.585938,0.0,0.9888,1.0445,0.00123,0.001523,0.001787,2.28265,3.976754
2288517120,63483.9,-0.00019,0.015011,0.000556,-0.574219,0.0,0.9888,1.0442,0.001338,0.001335,0.00182,2.290903,3.926674
2289303552,63488.0,0.000148,0.01413,0.000547,-0.566406,0.0,0.9888,1.044,0.001101,0.001239,0.001747,2.279411,4.024887
2290089984,63484.1,-0.002959,0.020407,0.000583,-0.574219,0.0,0.9887,1.0438,0.001043,0.00114,0.001666,2.347489,3.685204
2290876416,63488.3,0.001942,0.013576,0.000579,-0.570312,0.0,0.9885,1.0431,0.000937,0.001321,0.00189,2.182425,3.931618
2291662848,63492.5,0.00726,0.013079,0.000573,-0.5625,0.0,0.9884,1.0427,0.000976,0.001172,0.001915,2.172637,3.927058
2292449280,63490.2,-0.004876,0.023991,0.000566,-0.574219,0.0,0.9883,1.0423,0.001072,0.001141,0.001579,2.06313,4.277434
2293235712,63493.7,-0.001996,0.020324,0.00055,-0.5625,0.0,0.9882,1.0416,0.001504,0.001365,0.00185,2.320153,3.91991
2294022144,63498.0,0.000654,0.020699,0.000535,-0.554688,0.0,0.9883,1.0416,0.001125,0.001285,0.001858,2.327981,3.993464
2294808576,63500.5,-0.00516,0.015779,0.000549,-0.550781,0.0,0.9883,1.0412,0.001212,0.001306,0.001746,2.208265,4.048813
2295595008,63497.7,0.000706,0.02758,0.000539,-0.582031,0.0,0.9882,1.0407,0.001142,0.0012,0.001694,2.270821,4.071418
2296381440,63502.1,-0.004587,0.013773,0.000532,-0.574219,0.0,0.9884,1.0407,0.001028,0.001212,0.001634,2.266983,4.006614
2297167872,63506.4,0.001571,0.014607,0.000505,-0.570312,0.0,0.9886,1.0406,0.000904,0.001163,0.001584,2.231199,4.011429
2297954304,63503.2,-0.000342,0.023376,0.000523,-0.578125,0.0,0.9888,1.0406,0.000814,0.00106,0.001554,2.482086,3.379941
2298740736,63507.3,-0.001043,0.018445,0.000542,-0.558594,0.0,0.9887,1.0403,0.001116,0.001228,0.00174,2.22107,4.092378
2299527168,63510.4,-0.001481,0.013024,0.000519,-0.558594,0.0,0.9888,1.0406,0.000952,0.00134,0.002022,2.216621,4.039241
2300313600,63513.0,0.003994,0.019631,0.000525,-0.570312,0.0,0.9889,1.0409,0.000966,0.001426,0.001679,2.295146,4.053316
2301100032,63507.7,0.000267,0.023071,0.000551,-0.578125,0.0,0.9891,1.041,0.000833,0.001116,0.001571,2.274648,4.191921
2301886464,63510.3,-0.008945,0.01255,0.00057,-0.570312,0.0,0.9891,1.0412,0.00111,0.00134,0.001698,2.398456,4.114275
2302672896,63514.1,-0.010517,0.011137,0.000565,-0.578125,0.0,0.9893,1.0416,0.001076,0.001266,0.001764,2.389683,4.128061
2303459328,63518.1,0.004505,0.012184,0.000583,-0.582031,0.0,0.9894,1.0421,0.000984,0.001227,0.001506,2.25182,4.135648
2304245760,63514.7,-0.003789,0.030606,0.000663,-0.59375,0.0,0.9897,1.0427,0.001147,0.001342,0.001724,2.307387,3.990359
2305032192,63518.7,-0.009248,0.021685,0.000607,-0.589844,0.0,0.9898,1.043,0.001457,0.001479,0.001876,2.365248,4.0216
2305818624,63522.9,-0.002355,0.02275,0.000603,-0.578125,0.0,0.9899,1.0434,0.000987,0.001369,0.001509,2.338264,4.035088
2306605056,63510.4,0.000975,0.026309,0.000591,-0.59375,0.0,0.99,1.0436,0.001059,0.001276,0.001517,2.503934,4.113699
2307391488,63514.3,0.002882,0.014654,0.000535,-0.59375,0.0,0.9901,1.0438,0.000923,0.001098,0.001696,2.422781,4.150033
2308177920,63518.6,0.002666,0.010541,0.000541,-0.578125,0.0,0.9902,1.0441,0.000992,0.001153,0.001722,2.386115,4.223804
2308964352,63520.5,-0.004286,0.011052,0.000551,-0.574219,0.0,0.9905,1.0446,0.001069,0.001167,0.001533,2.387239,4.197349
2309750784,63516.3,-0.001179,0.026792,0.000554,-0.59375,0.0,0.9905,1.0448,0.001157,0.001349,0.00193,2.265376,3.93417
2310537216,63520.3,-0.005493,0.01514,0.000544,-0.554688,0.0,0.9904,1.0452,0.001226,0.001279,0.001977,2.229708,3.82062
2311323648,63524.3,-0.00388,0.015271,0.000539,-0.5625,0.0,0.9904,1.0454,0.001157,0.001272,0.002209,2.156044,3.795642
2312110080,63521.7,-0.004019,0.02116,0.000521,-0.574219,0.0,0.9904,1.0456,0.00094,0.001086,0.002154,2.370316,4.063003
2312896512,63526.2,-0.003025,0.008195,0.000509,-0.5625,0.0,0.9905,1.0466,0.001072,0.001212,0.002435,2.342643,4.228397
2313682944,63530.6,0.004468,0.009184,0.00051,-0.5625,0.0,0.9905,1.0476,0.000931,0.001573,0.001922,2.358832,4.282672
2314469376,63535.0,-0.003868,0.009277,0.000527,-0.5625,0.0,0.9905,1.0485,0.000937,0.001407,0.001593,2.366291,4.230441
2315255808,63532.4,-0.000756,0.023735,0.00055,-0.574219,0.0,0.9906,1.0491,0.000839,0.001081,0.001563,2.322594,3.70839
2316042240,63536.6,-0.000305,0.014102,0.000544,-0.570312,0.0,0.9906,1.0493,0.000977,0.001159,0.001863,2.254003,4.003412
2316828672,63540.8,-0.00322,0.014846,0.000528,-0.558594,0.0,0.9905,1.0495,0.000989,0.001146,0.001839,2.294621,3.972023
2317615104,63538.2,-0.002301,0.028098,0.000543,-0.570312,0.0,0.9906,1.05,0.000917,0.001161,0.001682,2.066398,4.409124
2318401536,63542.1,-0.000502,0.022653,0.000571,-0.539062,0.0,0.9903,1.0493,0.001128,0.001002,0.001915,2.24882,4.042048
2319187968,63544.7,-0.000239,0.02399,0.000573,-0.535156,0.0,0.99,1.0485,0.001478,0.001125,0.001874,2.293262,4.088585
2319974400,63547.4,0.003544,0.021681,0.000549,-0.542969,0.0,0.9897,1.0479,0.001008,0.001032,0.001658,2.105696,4.166763
2320760832,63544.4,-0.005323,0.032096,0.000617,-0.558594,0.0,0.9894,1.0468,0.001029,0.001062,0.001649,2.235297,4.316125
2321547264,63548.5,-0.004739,0.019993,0.000662,-0.550781,0.0,0.9891,1.0459,0.001618,0.001221,0.002069,2.337256,4.368369
2322333696,63552.6,-0.001633,0.017805,0.000737,-0.546875,0.0,0.9888,1.0447,0.001033,0.001162,0.001657,2.321712,4.224187
2323120128,63549.5,-5.4e-05,0.026357,0.000693,-0.566406,0.0,0.9887,1.0439,0.001129,0.001139,0.001589,2.703078,3.792531
2323906560,63553.4,0.005197,0.016383,0.000634,-0.574219,0.0,0.9885,1.0437,0.000852,0.001435,0.00177,2.438135,4.150805
2324692992,63557.1,-0.000456,0.015189,0.000687,-0.570312,0.0,0.9884,1.0439,0.001076,0.001325,0.001684,2.466326,4.248611
2325479424,63561.0,-0.006001,0.014105,0.000675,-0.574219,0.0,0.9884,1.0438,0.00103,0.001285,0.001833,2.355903,4.108003
2326265856,63556.1,-0.01005,0.020875,0.000629,-0.578125,0.0,0.9884,1.044,0.001093,0.001143,0.001686,2.222495,3.98052
2327052288,63560.4,-0.003965,0.010394,0.000599,-0.554688,0.0,0.9883,1.0442,0.001285,0.001078,0.001737,2.266932,3.884523
2327838720,63564.4,0.001068,0.013037,0.000592,-0.550781,0.0,0.9883,1.0443,0.000908,0.001049,0.001615,2.193815,3.826158
2328625152,63568.7,-0.006154,0.013356,0.000579,-0.554688,0.0,0.9883,1.0445,0.001062,0.001202,0.001529,2.097149,3.981692
2329411584,63565.8,-0.00151,0.03192,0.000556,-0.566406,0.0,0.9881,1.0439,0.001283,0.001453,0.002189,2.075309,3.904329
2330198016,63569.9,0.000551,0.021299,0.000574,-0.535156,0.0,0.9879,1.0429,0.00112,0.001452,0.001731,2.094952,3.828648
2330984448,63574.0,-0.006621,0.016201,0.000564,-0.542969,0.0,0.9878,1.0418,0.001013,0.001651,0.001691,2.013397,3.800164
2331770880,63571.2,-0.003687,0.026762,0.000564,-0.574219,0.0,0.9878,1.0413,0.000783,0.001244,0.001483,2.277955,3.954869
2332557312,63575.7,-0.004252,0.014567,0.000531,-0.566406,0.0,0.9877,1.0407,0.000821,0.001197,0.001829,2.187518,3.985284
2333343744,63580.0,0.003366,0.015324,0.000546,-0.570312,0.0,0.9875,1.0401,0.000888,0.001172,0.00186,2.24753,3.963941
2334130176,63584.4,0.000549,0.013477,0.000556,-0.566406,0.0,0.9876,1.04,0.000857,0.001072,0.001693,2.216353,4.011829
2334916608,63580.5,0.00377,0.027233,0.000568,-0.589844,0.0,0.9877,1.0398,0.001103,0.001211,0.001586,2.45664,4.245931
2335703040,63582.6,-0.002901,0.012683,0.00056,-0.585938,0.0,0.9879,1.0405,0.001117,0.001249,0.001733,2.499533,4.124376
2336489472,63586.2,-0.006014,0.011807,0.000542,-0.578125,0.0,0.9883,1.0414,0.001432,0.001234,0.001702,2.424463,4.203599
2337275904,63582.5,0.001323,0.020588,0.00056,-0.582031,0.0,0.9886,1.0419,0.000924,0.001105,0.001459,2.187561,3.79548
2338062336,63586.6,-0.0011,0.015371,0.000575,-0.566406,0.0,0.9887,1.0423,0.000934,0.00105,0.001879,2.239377,4.002588
2338848768,63590.6,-0.00343,0.012193,0.000561,-0.558594,0.0,0.989,1.0431,0.000987,0.0011,0.00196,2.095747,3.937767
2339635200,63594.7,-0.000258,0.016676,0.000566,-0.558594,0.0,0.9893,1.0438,0.000905,0.001094,0.001599,2.277757,3.975159
2340421632,63591.3,-0.014082,0.022904,0.000596,-0.578125,0.0,0.9892,1.0438,0.000917,0.001114,0.001624,2.357883,4.011237
2341208064,63594.2,0.005554,0.014485,0.000601,-0.585938,0.0,0.9893,1.0439,0.001333,0.00118,0.001661,2.300661,4.052485
2341994496,63598.2,-0.005831,0.011247,0.000569,-0.589844,0.0,0.9892,1.044,0.001212,0.0011,0.001393,2.302894,3.966916
2342780928,63593.8,0.003307,0.02829,0.000565,-0.585938,0.0,0.9892,1.044,0.001033,0.001024,0.001427,2.323907,4.380815
2343567360,63595.4,-0.005484,0.018219,0.000594,-0.566406,0.0,0.989,1.0434,0.001112,0.001057,0.001653,2.38404,4.09123
2344353792,63599.0,-0.008042,0.013921,0.00056,-0.578125,0.0,0.9889,1.043,0.001096,0.001044,0.001695,2.30404,4.102835
2345140224,63603.1,-0.00409,0.015996,0.000569,-0.585938,0.0,0.989,1.0429,0.001258,0.001031,0.001721,2.376792,3.995389
2345926656,63599.8,-0.007266,0.026136,0.000551,-0.589844,0.0,0.989,1.0428,0.001123,0.001151,0.001565,2.409586,4.130597
2346713088,63603.9,-0.000427,0.013637,0.000533,-0.574219,0.0,0.9891,1.0433,0.001038,0.001205,0.00166,2.422304,4.161916
2347499520,63608.0,0.002528,0.013135,0.00054,-0.578125,0.0,0.9891,1.0436,0.001023,0.001116,0.001736,2.386069,4.153996
2348285952,63605.7,-0.001247,0.020561,0.00056,-0.589844,0.0,0.9892,1.0438,0.001006,0.001054,0.001422,2.43854,3.584588
2349072384,63609.9,0.005691,0.013999,0.000534,-0.574219,0.0,0.9894,1.0442,0.000818,0.001015,0.001584,2.348803,3.934781
2349858816,63614.1,-0.003455,0.013594,0.000556,-0.566406,0.0,0.9895,1.0445,0.001053,0.00103,0.001862,2.318646,3.968628
2350645248,63618.2,0.006056,0.012964,0.00056,-0.578125,0.0,0.9897,1.0447,0.000921,0.001111,0.001597,2.234846,4.051088
2351431680,63615.6,0.001548,0.024816,0.00057,-0.574219,0.0,0.9897,1.0449,0.00082,0.001022,0.001728,2.441791,4.216438
2352218112,63618.3,-0.006315,0.015015,0.00057,-0.578125,0.0,0.9896,1.0445,0.00103,0.001386,0.002295,2.384233,4.25087
2353004544,63622.4,-0.005826,0.015664,0.000593,-0.570312,0.0,0.9896,1.0441,0.000836,0.001237,0.001807,2.459948,4.307681
2353790976,63626.2,-0.000626,0.01847,0.000608,-0.566406,0.0,0.9895,1.0436,0.001159,0.001225,0.002089,2.408695,4.185219
2354577408,63620.8,0.00132,0.027318,0.000642,-0.582031,0.0,0.9895,1.0437,0.001047,0.001466,0.00177,2.3179,4.234567
2355363840,63622.8,0.002168,0.020921,0.000639,-0.570312,0.0,0.9895,1.0434,0.001174,0.001346,0.001678,2.398673,4.05392
2356150272,63625.1,-0.002285,0.016661,0.000623,-0.570312,0.0,0.9894,1.0434,0.001078,0.001362,0.001599,2.318031,4.08856
2356936704,63621.6,-0.001588,0.023657,0.000587,-0.582031,0.0,0.9894,1.0432,0.000897,0.001255,0.001628,2.423023,4.11788
2357723136,63625.7,0.007387,0.022982,0.000523,-0.574219,0.0,0.9893,1.0422,0.001042,0.001208,0.002039,2.462196,4.151223
2358509568,63629.8,-0.006574,0.016342,0.000515,-0.578125,0.0,0.9893,1.0412,0.001011,0.001356,0.001832,2.464622,4.145389
2359296000,63631.9,-0.001915,0.015974,0.00053,-0.578125,0.0,0.9892,1.0403,0.001012,0.001143,0.001835,2.465756,4.166564
2360082432,63627.4,0.004584,0.027499,0.000549,-0.585938,0.0,0.9893,1.0404,0.000947,0.001355,0.001802,2.477041,4.207395
2360868864,63631.4,0.000113,0.016199,0.000553,-0.578125,0.0,0.9895,1.0407,0.001024,0.001155,0.001792,2.369792,4.070859
2361655296,63634.9,-0.003374,0.016297,0.000558,-0.574219,0.0,0.9894,1.0408,0.000888,0.001117,0.001439,2.421459,4.027104
2362441728,63629.4,0.003982,0.026045,0.000559,-0.582031,0.0,0.9894,1.0409,0.000841,0.00109,0.001586,2.095131,3.960175
2363228160,63633.1,-0.005505,0.01541,0.000552,-0.554688,0.0,0.9895,1.0411,0.00085,0.001173,0.001806,2.18099,4.063113
2364014592,63637.2,-0.004529,0.017553,0.000556,-0.558594,0.0,0.9896,1.0413,0.000886,0.001169,0.001669,2.23084,4.063673
2364801024,63641.4,-0.006327,0.012232,0.000554,-0.5625,0.0,0.9896,1.0414,0.000848,0.000933,0.001504,2.217273,4.071519
2365587456,63636.9,-0.010116,0.022123,0.000563,-0.582031,0.0,0.9894,1.0408,0.000979,0.000944,0.00177,2.278872,3.87901
2366373888,63640.8,-0.008931,0.012125,0.000548,-0.578125,0.0,0.9893,1.0401,0.000804,0.001005,0.001673,2.323946,4.021594
2367160320,63644.8,-0.002673,0.011356,0.000555,-0.574219,0.0,0.9891,1.0392,0.00108,0.000965,0.00144,2.292734,4.108747
2367946752,63640.9,-0.001611,0.021042,0.000565,-0.59375,0.0,0.9889,1.0384,0.001096,0.001069,0.001408,2.251353,4.428562
2368733184,63645.1,-0.0009,0.012946,0.000561,-0.5625,0.0,0.9888,1.0384,0.000836,0.001503,0.001516,2.40633,4.11221
2369519616,63649.1,0.001682,0.010409,0.000573,-0.570312,0.0,0.9887,1.0388,0.001013,0.0012,0.001685,2.354851,4.045564
2370306048,63651.3,-0.009458,0.010733,0.000551,-0.5625,0.0,0.9887,1.0392,0.000872,0.001055,0.001353,2.330013,3.839721
2371092480,63646.6,0.001648,0.021632,0.000587,-0.59375,0.0,0.9888,1.0397,0.001031,0.000978,0.001635,2.44458,4.290909
2371878912,63650.6,0.005049,0.013479,0.0006,-0.585938,0.0,0.9886,1.0397,0.001042,0.001054,0.001731,2.443004,4.275051
2372665344,63654.8,-0.004635,0.01228,0.000583,-0.597656,0.0,0.9886,1.04,0.001002,0.001109,0.001621,2.514758,4.216255
2373451776,63650.2,-0.004378,0.018683,0.000594,-0.601562,0.0,0.9886,1.0402,0.000691,0.000908,0.001269,2.475911,3.647402
2374238208,63654.3,0.000226,0.015511,0.000555,-0.570312,0.0,0.9886,1.041,0.00099,0.000947,0.001675,2.576423,3.961012
2375024640,63658.3,-0.003296,0.011362,0.000553,-0.585938,0.0,0.9887,1.042,0.000949,0.001123,0.001486,2.270967,4.139404
2375811072,63662.4,0.00708,0.012256,0.00057,-0.59375,0.0,0.9887,1.0431,0.000864,0.000966,0.001422,2.387189,4.143377
2376597504,63658.8,0.007204,0.02327,0.000563,-0.585938,0.0,0.9888,1.0438,0.000849,0.000921,0.001402,2.467183,4.105499
2377383936,63660.7,-0.003719,0.014031,0.000545,-0.558594,0.0,0.9887,1.0438,0.000872,0.001168,0.001685,2.351038,4.034004
2378170368,63664.3,0.000298,0.016811,0.000539,-0.570312,0.0,0.9888,1.0439,0.000904,0.001182,0.001705,2.41828,4.114757
2378956800,63668.0,0.003333,0.010805,0.000519,-0.585938,0.0,0.9887,1.0439,0.000883,0.00118,0.001387,2.308031,4.255414
2379743232,63663.9,-0.004388,0.024043,0.000529,-0.605469,0.0,0.9886,1.0437,0.000953,0.001534,0.001658,2.333898,4.137167
2380529664,63667.8,-0.004774,0.018515,0.00053,-0.585938,0.0,0.9885,1.0434,0.001013,0.001373,0.001602,2.443641,4.176675
2381316096,63671.7,-0.00115,0.015291,0.000524,-0.585938,0.0,0.9884,1.0433,0.000872,0.00143,0.001564,2.403377,4.095733
2382102528,63666.7,-0.010993,0.026071,0.000543,-0.582031,0.0,0.9885,1.0437,0.000896,0.001082,0.001391,2.390973,4.071213
2382888960,63669.4,-0.004079,0.01898,0.000534,-0.566406,0.0,0.9885,1.0439,0.001072,0.001351,0.001872,2.264871,4.222255
2383675392,63673.5,-0.005554,0.019539,0.000537,-0.574219,0.0,0.9884,1.0442,0.000918,0.001082,0.001754,2.31178,4.181752
2384461824,63676.6,-0.001222,0.016537,0.000536,-0.5625,0.0,0.9885,1.0447,0.000886,0.001002,0.001448,2.282162,4.198347
2385248256,63671.0,-0.006582,0.018487,0.000566,-0.585938,0.0,0.9885,1.0446,0.000758,0.000899,0.001445,2.47706,4.28295
2386034688,63674.5,0.001206,0.010735,0.000562,-0.589844,0.0,0.9886,1.0446,0.000895,0.001064,0.001582,2.523594,4.224184
2386821120,63678.7,-0.003966,0.010027,0.000574,-0.585938,0.0,0.9886,1.0446,0.000808,0.000978,0.001596,2.526301,4.179516
2387607552,63674.6,-0.003137,0.024485,0.00058,-0.597656,0.0,0.9886,1.0446,0.000843,0.001081,0.001401,2.180006,3.928479
2388393984,63678.7,-0.003868,0.015072,0.000567,-0.582031,0.0,0.9886,1.0445,0.001073,0.001203,0.001549,2.238327,3.98852
2389180416,63681.8,-0.006435,0.012848,0.000597,-0.570312,0.0,0.9886,1.0444,0.000875,0.001153,0.001435,2.246403,3.919081
2389966848,63685.7,-0.000511,0.015397,0.000583,-0.585938,0.0,0.9886,1.0445,0.001049,0.001143,0.001346,2.288447,3.907805
2390753280,63682.0,-0.006859,0.023088,0.000577,-0.601562,0.0,0.9885,1.0439,0.001044,0.001182,0.001593,2.464272,4.077848
2391539712,63685.9,-0.002099,0.020768,0.000561,-0.59375,0.0,0.9884,1.0429,0.001429,0.001403,0.001969,2.432577,4.015999
2392326144,63689.8,-0.002403,0.02029,0.000549,-0.597656,0.0,0.9884,1.0422,0.001131,0.001174,0.001852,2.392172,4.036913
2393112576,63685.9,0.007732,0.031545,0.000548,-0.605469,0.0,0.9883,1.0416,0.001107,0.001172,0.001601,2.307566,4.248298
2393899008,63689.8,0.003447,0.013425,0.000573,-0.574219,0.0,0.9885,1.0416,0.000863,0.001097,0.001579,2.209492,3.992328
2394685440,63693.1,-0.004184,0.010984,0.000572,-0.574219,0.0,0.9887,1.0419,0.000831,0.000865,0.001463,2.241992,3.804648
2395471872,63695.7,0.00207,0.012365,0.000578,-0.566406,0.0,0.9888,1.0421,0.00106,0.000783,0.001603,2.293011,3.925988
2396258304,63689.9,-0.001263,0.025124,0.000594,-0.597656,0.0,0.9889,1.0422,0.000928,0.00118,0.001489,2.334577,4.084119
2397044736,63693.7,0.001002,0.018397,0.000596,-0.59375,0.0,0.989,1.042,0.001106,0.001278,0.00174,2.281709,3.965449
2397831168,63697.6,-0.002792,0.011584,0.000607,-0.578125,0.0,0.9891,1.0419,0.000955,0.000933,0.001456,2.246865,4.062469
2398617600,63694.2,-0.003685,0.020353,0.000604,-0.597656,0.0,0.9891,1.0422,0.000694,0.00093,0.001469,2.187935,3.525903
2399404032,63698.2,0.003005,0.015188,0.000579,-0.566406,0.0,0.9892,1.0426,0.000812,0.00107,0.001486,2.374945,3.85497
2400190464,63702.4,-0.006016,0.01468,0.000585,-0.574219,0.0,0.9892,1.043,0.000747,0.001022,0.00145,2.222134,3.966597
2400976896,63706.6,-0.008034,0.014013,0.000566,-0.582031,0.0,0.9892,1.0434,0.000873,0.000979,0.001468,2.321883,4.093691
2401763328,63702.7,-0.006759,0.027696,0.000595,-0.59375,0.0,0.9893,1.0434,0.000777,0.00095,0.001293,2.367219,4.15952
2402549760,63704.7,0.002544,0.01705,0.000558,-0.585938,0.0,0.9893,1.043,0.001049,0.000918,0.001575,2.410812,4.251527
2403336192,63706.9,-0.001877,0.020885,0.000537,-0.589844,0.0,0.9894,1.0427,0.001132,0.001217,0.001596,2.357658,4.236636
2404122624,63708.2,0.000229,0.021372,0.000555,-0.589844,0.0,0.9896,1.0426,0.001063,0.001132,0.001621,2.466994,4.169972
2404909056,63704.4,0.002804,0.027558,0.000549,-0.605469,0.0,0.9896,1.0427,0.000916,0.001243,0.001654,2.348212,4.131201
2405695488,63708.3,-0.000548,0.019973,0.000546,-0.585938,0.0,0.9896,1.0427,0.000927,0.00123,0.001736,2.389585,4.131009
2406481920,63712.1,-0.003407,0.019002,0.000552,-0.574219,0.0,0.9896,1.0427,0.001043,0.001221,0.001693,2.31915,4.102469
2407268352,63708.3,-0.002526,0.024998,0.000546,-0.585938,0.0,0.9896,1.0429,0.00091,0.001052,0.001563,2.421727,3.935697
2408054784,63711.4,-0.001075,0.017978,0.000499,-0.578125,0.0,0.9895,1.0426,0.001024,0.001138,0.001805,2.348864,3.886144
2408841216,63714.9,-0.005061,0.013538,0.000484,-0.574219,0.0,0.9895,1.0425,0.000916,0.00102,0.001691,2.332467,4.050943
2409627648,63718.9,-0.005162,0.011227,0.000504,-0.574219,0.0,0.9893,1.0423,0.000806,0.000935,0.001392,2.303201,4.064977
2410414080,63713.5,-0.000749,0.027558,0.000563,-0.582031,0.0,0.9893,1.0425,0.00107,0.000933,0.001442,2.307094,4.068557
2411200512,63716.8,-0.004676,0.015687,0.000563,-0.574219,0.0,0.9894,1.0428,0.000943,0.001098,0.001581,2.351341,4.003048
2411986944,63720.7,-0.003408,0.016299,0.000566,-0.570312,0.0,0.9894,1.0431,0.000997,0.001283,0.001395,2.300213,3.956703
2412773376,63717.0,0.002538,0.028553,0.000554,-0.585938,0.0,0.9893,1.0429,0.001022,0.000889,0.001544,2.366718,4.096815
2413559808,63718.2,-0.008185,0.018105,0.000562,-0.582031,0.0,0.9892,1.0423,0.001336,0.001249,0.002039,2.332303,4.153187
2414346240,63722.1,0.002294,0.019715,0.000577,-0.589844,0.0,0.989,1.0411,0.001248,0.001102,0.001799,2.295259,4.223804
2415132672,63726.1,0.001851,0.016335,0.000604,-0.601562,0.0,0.9888,1.04,0.001218,0.000984,0.001745,2.40478,4.161917
2415919104,63723.2,0.003339,0.024434,0.00056,-0.605469,0.0,0.9889,1.0399,0.000854,0.00093,0.001631,2.453102,3.878265
2416705536,63727.3,0.007345,0.012261,0.000557,-0.605469,0.0,0.9889,1.0397,0.001018,0.000958,0.001532,2.461771,3.97729
2417491968,63731.4,0.00154,0.01263,0.000572,-0.609375,0.0,0.989,1.0396,0.001198,0.000973,0.001493,2.394451,4.064221
2418278400,63728.4,-0.002177,0.020459,0.000561,-0.613281,0.0,0.989,1.0394,0.000892,0.000881,0.001383,2.334144,3.975967
2419064832,63730.8,-0.00553,0.020203,0.000569,-0.617188,0.0,0.9888,1.039,0.001276,0.001114,0.001742,2.336778,3.791159
2419851264,63733.4,0.001756,0.017715,0.000563,-0.609375,0.0,0.9887,1.0387,0.000894,0.001071,0.001435,2.322629,3.723046
2420637696,63737.2,0.000351,0.015398,0.000557,-0.605469,0.0,0.9885,1.0383,0.001026,0.000974,0.001456,2.385108,3.741055
2421424128,63732.4,0.003332,0.027107,0.000594,-0.609375,0.0,0.9883,1.0379,0.000909,0.000982,0.001927,2.297431,3.991902
2422210560,63736.1,-0.005658,0.015005,0.000581,-0.585938,0.0,0.9884,1.038,0.00117,0.001103,0.001781,2.325222,3.977993
2422996992,63739.8,0.004783,0.014674,0.000585,-0.589844,0.0,0.9885,1.038,0.001081,0.000937,0.001507,2.388552,4.016303
2423783424,63736.3,-0.006785,0.022911,0.000609,-0.597656,0.0,0.9886,1.0382,0.000777,0.000963,0.001345,2.27245,3.583771
2424569856,63738.9,0.001595,0.016857,0.000591,-0.585938,0.0,0.9886,1.0388,0.000979,0.001169,0.001453,2.348289,3.900682
2425356288,63742.8,0.000988,0.017349,0.000608,-0.585938,0.0,0.9886,1.0392,0.000863,0.00096,0.001363,2.357629,3.931652
2426142720,63746.7,-0.002701,0.016424,0.00059,-0.597656,0.0,0.9885,1.0392,0.000813,0.000877,0.001365,2.270448,3.910524
2426929152,63741.6,0.00344,0.02538,0.000589,-0.597656,0.0,0.9884,1.0392,0.000811,0.000997,0.00144,2.427355,4.107394
2427715584,63745.2,-0.004096,0.013465,0.000574,-0.597656,0.0,0.9883,1.039,0.000822,0.001069,0.001763,2.430755,4.122787
2428502016,63747.4,-0.005007,0.015843,0.000562,-0.597656,0.0,0.9882,1.0389,0.000987,0.001132,0.001642,2.444534,3.934897
2429288448,63749.5,-0.001197,0.016604,0.000585,-0.585938,0.0,0.9882,1.039,0.000942,0.000959,0.001529,2.334971,3.912331
2430074880,63743.6,-0.003443,0.027281,0.000573,-0.605469,0.0,0.9883,1.0391,0.001001,0.00107,0.001793,2.250699,4.096111
2430861312,63747.4,0.002581,0.01808,0.000577,-0.589844,0.0,0.9883,1.0391,0.000955,0.000961,0.001493,2.346111,3.968647
2431647744,63751.1,-0.004572,0.015378,0.00057,-0.589844,0.0,0.9885,1.0397,0.000814,0.001001,0.001332,2.349786,3.977884
2432434176,63745.3,-0.006386,0.023734,0.000568,-0.601562,0.0,0.9884,1.0396,0.000767,0.000935,0.001359,2.405146,3.988271
2433220608,63745.3,0.00052,0.01772,0.000579,-0.578125,0.0,0.9884,1.0399,0.000988,0.001284,0.001809,2.401772,4.014116
2434007040,63747.6,0.001659,0.014021,0.000581,-0.582031,0.0,0.9883,1.0401,0.000975,0.001083,0.001593,2.389238,4.004507
2434793472,63751.5,-0.003162,0.015622,0.000579,-0.582031,0.0,0.9883,1.0404,0.00082,0.001047,0.001483,2.365997,4.148141
2435579904,63747.6,-0.005686,0.019254,0.000573,-0.582031,0.0,0.9883,1.0407,0.000901,0.000937,0.001692,2.264339,3.974204
2436366336,63751.2,-0.003105,0.010452,0.000556,-0.578125,0.0,0.9885,1.0413,0.00082,0.001057,0.001554,2.240879,3.854867
2437152768,63755.0,-0.00399,0.009182,0.000554,-0.574219,0.0,0.9887,1.0418,0.000919,0.000943,0.001561,2.282044,3.947278
2437939200,63751.0,-0.005818,0.02011,0.000556,-0.589844,0.0,0.9889,1.0424,0.000791,0.000933,0.001331,2.161697,3.763587
2438725632,63754.9,0.000875,0.013857,0.000579,-0.589844,0.0,0.9887,1.0419,0.001401,0.001059,0.001502,2.252386,3.895193
2439512064,63757.9,-0.002734,0.010087,0.000577,-0.582031,0.0,0.9887,1.0418,0.000944,0.001026,0.001374,2.322742,3.911021
2440298496,63760.4,-0.004049,0.012694,0.0006,-0.574219,0.0,0.9887,1.0417,0.001001,0.000988,0.001509,2.171613,3.882745
2441084928,63756.0,0.001036,0.028168,0.000583,-0.585938,0.0,0.9885,1.0412,0.000925,0.000951,0.001352,2.331709,3.738777
2441871360,63758.3,-0.006954,0.014512,0.000564,-0.574219,0.0,0.9886,1.0413,0.001101,0.000971,0.001467,2.276488,3.926837
2442657792,63759.8,-0.001185,0.018625,0.000551,-0.566406,0.0,0.9887,1.0416,0.000937,0.001025,0.00154,2.317083,4.058042
2443444224,63738.1,-0.004298,0.020689,0.000542,-0.574219,0.0,0.9889,1.042,0.000781,0.00101,0.001349,2.324023,4.42152
2444230656,63741.8,-0.006421,0.012579,0.00054,-0.574219,0.0,0.9889,1.0417,0.001029,0.001133,0.001345,2.430683,4.012066
2445017088,63745.7,0.002273,0.012095,0.000548,-0.578125,0.0,0.9891,1.0419,0.000833,0.00109,0.001506,2.310753,4.032836
2445803520,63749.5,-0.002013,0.008674,0.000534,-0.574219,0.0,0.9892,1.0418,0.000823,0.001005,0.00153,2.478696,3.994226
2446589952,63745.3,0.002087,0.024612,0.000571,-0.566406,0.0,0.9892,1.0419,0.000892,0.000981,0.001445,2.106115,3.994939
2447376384,63749.2,-0.000434,0.020426,0.000561,-0.554688,0.0,0.9892,1.0423,0.000796,0.001223,0.001488,2.120817,3.982493
2448162816,63753.0,-0.005669,0.015886,0.000548,-0.566406,0.0,0.9892,1.0424,0.001302,0.001159,0.001506,2.118711,3.912821
2448949248,63749.5,-0.004236,0.027704,0.000585,-0.585938,0.0,0.9893,1.0427,0.00095,0.001085,0.001273,2.180704,3.681207
2449735680,63753.2,-0.00052,0.015666,0.000568,-0.589844,0.0,0.9892,1.0422,0.000751,0.001194,0.001364,2.374152,3.831541
2450522112,63756.4,-0.002088,0.012475,0.000582,-0.582031,0.0,0.9892,1.0418,0.000732,0.001048,0.001303,2.345022,4.038639
2451308544,63759.9,0.004789,0.01023,0.000567,-0.578125,0.0,0.9893,1.0416,0.000747,0.001015,0.001183,2.322974,4.051222
2452094976,63757.0,0.001424,0.020655,0.000591,-0.585938,0.0,0.9893,1.0414,0.000708,0.000808,0.001218,2.353407,4.17282
2452881408,63761.2,-0.001744,0.010701,0.000596,-0.585938,0.0,0.9892,1.0415,0.000692,0.000895,0.001185,2.419791,4.064472
2453667840,63765.4,-0.000218,0.008292,0.000602,-0.582031,0.0,0.989,1.0414,0.000724,0.000938,0.001175,2.367811,3.970049
2454454272,63769.6,-0.003123,0.007301,0.00061,-0.585938,0.0,0.9887,1.0414,0.000799,0.000927,0.001259,2.430556,3.877235
2455240704,63766.1,-0.009822,0.016868,0.000553,-0.601562,0.0,0.9888,1.0417,0.000799,0.000809,0.001444,2.447789,4.301698
2456027136,63769.7,-0.000314,0.015425,0.000555,-0.582031,0.0,0.9886,1.0415,0.000923,0.00081,0.001527,2.474365,4.17979
2456813568,63773.7,-0.004989,0.015092,0.000559,-0.589844,0.0,0.9883,1.0411,0.00081,0.000946,0.00131,2.403966,4.18759
2457600000,63770.0,0.000857,0.022754,0.000567,-0.59375,0.0,0.9883,1.041,0.000655,0.000955,0.001275,2.424933,4.038572
2458386432,63772.4,0.004487,0.008559,0.000585,-0.578125,0.0,0.9884,1.0415,0.00077,0.001119,0.001463,2.374321,3.931662
2459172864,63776.2,-0.006858,0.009883,0.000575,-0.578125,0.0,0.9884,1.042,0.000837,0.001073,0.001399,2.329257,4.024307
2459959296,63780.0,-0.004053,0.007819,0.000565,-0.578125,0.0,0.9883,1.0422,0.000725,0.000932,0.001292,2.259944,4.009912
2460745728,63775.7,0.007529,0.023208,0.000559,-0.597656,0.0,0.9884,1.0427,0.001035,0.000895,0.001746,2.354178,4.044249
2461532160,63779.6,0.003912,0.015259,0.000544,-0.589844,0.0,0.9883,1.0428,0.000698,0.000909,0.001451,2.394895,4.022375
2462318592,63783.4,-0.001976,0.011373,0.000538,-0.59375,0.0,0.9883,1.043,0.000755,0.000867,0.001338,2.350427,3.966895
2463105024,63780.6,0.000611,0.020604,0.00055,-0.589844,0.0,0.9883,1.0433,0.000859,0.00094,0.001513,2.186191,3.948088
2463891456,63784.6,-0.000265,0.016203,0.000539,-0.574219,0.0,0.9883,1.0436,0.000949,0.001393,0.001596,2.218523,3.93598
2464677888,63788.5,-0.002549,0.014775,0.000528,-0.574219,0.0,0.9884,1.044,0.000692,0.001173,0.001464,2.257751,3.952708
2465464320,63792.4,-0.002375,0.013965,0.000535,-0.578125,0.0,0.9883,1.0443,0.000891,0.001137,0.001493,2.250311,4.016618
2466250752,63787.8,-0.005924,0.024436,0.000566,-0.59375,0.0,0.9883,1.0444,0.000815,0.001096,0.001677,2.39002,3.98737
2467037184,63789.6,-0.00709,0.013497,0.000563,-0.585938,0.0,0.9884,1.0451,0.000787,0.001011,0.001424,2.430228,3.89259
2467823616,63792.1,-0.001886,0.01337,0.000557,-0.59375,0.0,0.9884,1.0454,0.000705,0.001012,0.00153,2.366765,4.084928
2468610048,63786.7,-0.002318,0.022046,0.000548,-0.589844,0.0,0.9884,1.0457,0.000768,0.001012,0.001313,2.229024,4.186374
2469396480,63788.5,-7e-05,0.012496,0.000589,-0.582031,0.0,0.9884,1.0453,0.000904,0.00087,0.001308,2.272407,4.057589
2470182912,63792.2,-0.005121,0.011186,0.000573,-0.578125,0.0,0.9884,1.0449,0.000825,0.000915,0.001408,2.230601,3.872952
2470969344,63796.2,-0.001605,0.010767,0.000581,-0.570312,0.0,0.9884,1.0446,0.000789,0.000926,0.001327,2.367126,3.92787
2471755776,63793.2,-0.001382,0.025,0.000606,-0.585938,0.0,0.9884,1.0446,0.000745,0.00094,0.001435,2.361426,4.291944
2472542208,63797.2,-0.001296,0.012421,0.000601,-0.578125,0.0,0.9885,1.045,0.001167,0.000936,0.001626,2.459714,4.239971
2473328640,63800.9,-0.00975,0.014265,0.000607,-0.574219,0.0,0.9887,1.0454,0.001135,0.001062,0.001591,2.360698,4.241607
2474115072,63790.4,-0.0092,0.022228,0.000604,-0.59375,0.0,0.9889,1.0458,0.001183,0.000879,0.00144,2.195061,3.790558
2474901504,63794.1,-0.001381,0.014392,0.000542,-0.578125,0.0,0.989,1.046,0.00081,0.000898,0.001487,2.311912,3.881303
2475687936,63797.2,-0.00675,0.01292,0.000529,-0.578125,0.0,0.9889,1.0459,0.00077,0.000915,0.001371,2.314408,3.970057
2476474368,63800.5,-0.001682,0.009739,0.000534,-0.578125,0.0,0.989,1.0459,0.000776,0.000827,0.001416,2.215058,3.945133
2477260800,63795.7,0.003553,0.020512,0.000555,-0.597656,0.0,0.989,1.0457,0.000803,0.000876,0.001344,2.411748,4.16591
2478047232,63798.6,0.00504,0.016118,0.000581,-0.585938,0.0,0.989,1.0454,0.000914,0.000957,0.001324,2.514112,4.210714
2478833664,63802.0,0.001303,0.013703,0.000581,-0.589844,0.0,0.9889,1.0447,0.001105,0.001129,0.001899,2.433776,4.141263
2479620096,63805.7,-0.000245,0.011486,0.000583,-0.589844,0.0,0.9889,1.0445,0.000768,0.000953,0.001347,2.595658,4.19132
2480406528,63801.5,0.004219,0.021044,0.000606,-0.589844,0.0,0.989,1.0445,0.000891,0.001011,0.001383,2.346565,4.046377
2481192960,63805.3,0.001738,0.012369,0.000593,-0.574219,0.0,0.9891,1.0448,0.000738,0.000946,0.001062,2.281739,3.990073
2481979392,63807.9,-0.004768,0.011674,0.000613,-0.574219,0.0,0.9893,1.045,0.000776,0.000999,0.001297,2.304125,3.973593
2482765824,63803.1,-0.004833,0.021231,0.000609,-0.582031,0.0,0.9894,1.0452,0.000702,0.000837,0.001335,2.170948,3.967866
2483552256,63805.1,-0.001345,0.017938,0.000588,-0.566406,0.0,0.9893,1.0449,0.001077,0.001245,0.001574,2.185719,3.772579
2484338688,63808.3,0.002327,0.018659,0.000582,-0.582031,0.0,0.9893,1.0446,0.000768,0.001135,0.001372,2.13905,3.971575
2485125120,63811.1,8.8e-05,0.01524,0.000598,-0.570312,0.0,0.9891,1.044,0.00067,0.001218,0.001451,2.284749,3.903867
2485911552,63807.4,0.001419,0.025933,0.00059,-0.597656,0.0,0.9893,1.0448,0.000642,0.000907,0.001384,2.306451,4.138002
2486697984,63811.2,-0.004368,0.015977,0.000579,-0.578125,0.0,0.9893,1.0455,0.000801,0.001057,0.001531,2.447618,4.086965
2487484416,63814.3,0.001259,0.016053,0.000576,-0.574219,0.0,0.9893,1.0459,0.000637,0.000939,0.001328,2.346678,4.019999
2488270848,63810.2,-0.002738,0.021642,0.000616,-0.589844,0.0,0.9894,1.0464,0.000611,0.000881,0.001316,2.37616,4.258711
2489057280,63814.2,-0.004009,0.018666,0.000683,-0.578125,0.0,0.9893,1.0462,0.000983,0.001077,0.001495,2.409867,4.3087
2489843712,63818.2,0.005262,0.021149,0.000677,-0.589844,0.0,0.9894,1.0465,0.000881,0.00096,0.001461,2.565232,4.348474
2490630144,63821.9,-0.000432,0.017097,0.000604,-0.59375,0.0,0.9893,1.0465,0.000783,0.001015,0.001373,2.506823,4.331511
2491416576,63818.8,-0.003565,0.024091,0.000571,-0.597656,0.0,0.9893,1.0463,0.000815,0.000921,0.001663,2.411095,3.84697
2492203008,63822.7,-0.003918,0.012897,0.000569,-0.578125,0.0,0.9892,1.0457,0.000854,0.000912,0.001671,2.404228,3.809928
2492989440,63826.6,-0.000301,0.013195,0.00058,-0.578125,0.0,0.989,1.0452,0.000942,0.000886,0.0014,2.25233,3.996087
2493775872,63823.4,-0.000717,0.019664,0.000553,-0.574219,0.0,0.9889,1.0448,0.000725,0.000742,0.001051,2.381081,4.118121
2494562304,63825.4,0.000959,0.013595,0.000551,-0.589844,0.0,0.9888,1.0449,0.000935,0.000911,0.001386,2.32966,3.952328
2495348736,63827.6,-0.007835,0.009964,0.000545,-0.582031,0.0,0.989,1.0453,0.000659,0.000837,0.001331,2.289263,3.949894
2496135168,63831.0,0.00029,0.010638,0.000553,-0.597656,0.0,0.9888,1.0452,0.000715,0.000791,0.00142,2.37859,3.912228
2496921600,63826.9,0.00456,0.02235,0.000593,-0.601562,0.0,0.9889,1.0452,0.001062,0.000774,0.00183,2.480104,4.170422
2497708032,63830.6,0.003114,0.013381,0.000612,-0.59375,0.0,0.9888,1.0451,0.000785,0.001071,0.001477,2.419416,4.19989
2498494464,63833.2,0.002928,0.013099,0.000599,-0.59375,0.0,0.9886,1.0449,0.000931,0.000752,0.00137,2.479101,4.173504
2499280896,63828.9,-0.001444,0.01994,0.000599,-0.613281,0.0,0.9886,1.045,0.000681,0.000743,0.001192,2.366612,4.006831
2500067328,63831.7,-0.00582,0.010382,0.000605,-0.585938,0.0,0.9886,1.0447,0.000945,0.000941,0.001521,2.478071,4.086562
2500853760,62952.8,-0.00178,0.008697,0.000605,-0.578125,0.0,0.9887,1.0446,0.000909,0.00094,0.001577,2.425952,4.157796
2501640192,62956.4,0.00231,0.008323,0.000611,-0.570312,0.0,0.9888,1.0447,0.000795,0.000766,0.001275,2.436518,4.173414
2502426624,62953.1,-0.003162,0.019863,0.000591,-0.589844,0.0,0.9888,1.0445,0.000693,0.000844,0.001244,2.250184,4.0953
2503213056,62956.9,-0.007601,0.011444,0.000571,-0.570312,0.0,0.9889,1.0442,0.000896,0.001035,0.001512,2.296864,3.939584
2503999488,62959.8,-0.008308,0.008841,0.000577,-0.570312,0.0,0.9889,1.0439,0.00093,0.000917,0.001422,2.290214,3.915238
2504785920,62955.7,0.000299,0.020502,0.000583,-0.558594,0.0,0.989,1.0436,0.000709,0.000759,0.001271,2.303047,3.900906
2505572352,62959.3,0.004096,0.013951,0.000601,-0.59375,0.0,0.989,1.0432,0.000854,0.001095,0.001324,2.371688,4.085177
2506358784,62963.3,-0.006167,0.015148,0.000602,-0.585938,0.0,0.9889,1.0426,0.001002,0.001,0.001406,2.404525,4.131973
2507145216,62965.9,-0.001271,0.013271,0.000607,-0.585938,0.0,0.9889,1.042,0.000884,0.000846,0.001203,2.403947,4.040961
2507931648,62962.3,-0.013873,0.023357,0.000644,-0.589844,0.0,0.989,1.0419,0.000799,0.000788,0.001238,2.334963,3.876719
2508718080,62966.0,0.000934,0.011907,0.000633,-0.59375,0.0,0.9889,1.042,0.000874,0.000929,0.001363,2.354998,3.872382
2509504512,62969.7,-0.0051,0.013946,0.000615,-0.59375,0.0,0.9889,1.042,0.001012,0.000916,0.001434,2.340625,3.973132
2510290944,62973.5,-0.006936,0.014205,0.000622,-0.597656,0.0,0.9889,1.0421,0.000821,0.000998,0.001486,2.337112,4.072783
2511077376,62968.9,-0.00757,0.025103,0.000597,-0.605469,0.0,0.9888,1.042,0.000691,0.000782,0.001156,2.437534,4.030789
2511863808,62972.2,0.006934,0.018404,0.000595,-0.59375,0.0,0.9888,1.0422,0.000895,0.001007,0.001186,2.334039,4.077951
2512650240,62976.1,0.000962,0.016259,0.000594,-0.589844,0.0,0.9887,1.0422,0.000693,0.000944,0.001262,2.451105,4.011135
2513436672,62971.5,-0.000616,0.021796,0.000598,-0.59375,0.0,0.9888,1.0425,0.000567,0.000908,0.001302,2.266437,4.038599
2514223104,62973.6,-0.002081,0.010092,0.000543,-0.574219,0.0,0.9886,1.0427,0.000739,0.000824,0.00125,2.264428,4.126692
2515009536,62976.8,0.000309,0.010087,0.000554,-0.578125,0.0,0.9887,1.0435,0.000727,0.000889,0.001168,2.341711,4.106573
2515795968,62980.1,-0.00245,0.009923,0.000554,-0.578125,0.0,0.9888,1.0442,0.000711,0.000799,0.001211,2.241277,4.096253
2516582400,62976.3,0.001464,0.022603,0.000604,-0.589844,0.0,0.9888,1.0445,0.000619,0.000677,0.001196,2.433669,4.230898
2517368832,62980.2,-0.003833,0.011857,0.000607,-0.566406,0.0,0.9887,1.0449,0.000833,0.000858,0.001323,2.548212,4.169517
2518155264,62984.0,-0.00106,0.013913,0.00061,-0.578125,0.0,0.9885,1.0451,0.000842,0.00087,0.001338,2.469093,4.277926
2518941696,62980.8,-0.00336,0.019278,0.000588,-0.582031,0.0,0.9885,1.0454,0.000605,0.000714,0.001051,2.179646,3.929929
2519728128,62982.5,-0.000798,0.018982,0.000599,-0.558594,0.0,0.9883,1.0451,0.000774,0.00091,0.001294,2.217695,3.90713
2520514560,62986.1,-0.00298,0.012176,0.000609,-0.5625,0.0,0.9882,1.0451,0.000838,0.000769,0.001207,2.173898,3.834584
2521300992,62989.7,-0.001286,0.011702,0.000613,-0.558594,0.0,0.9881,1.0452,0.000838,0.000756,0.001296,2.182967,3.782459
2522087424,62985.9,-0.002146,0.022043,0.000601,-0.578125,0.0,0.9882,1.0456,0.000582,0.000865,0.001023,2.259204,4.047953
2522873856,62989.7,0.002856,0.015459,0.000589,-0.578125,0.0,0.988,1.0456,0.00079,0.00094,0.001353,2.256888,4.002342
2523660288,62991.9,-0.00722,0.011987,0.000579,-0.578125,0.0,0.9879,1.0461,0.000751,0.000942,0.001312,2.308795,4.044487
2524446720,62986.6,-0.002424,0.022948,0.000586,-0.589844,0.0,0.9879,1.0466,0.00076,0.000731,0.001371,2.322387,4.147583
2525233152,62990.6,0.003362,0.015427,0.00054,-0.578125,0.0,0.988,1.0465,0.000875,0.001028,0.0014,2.485816,4.136206
2526019584,62994.6,-0.00376,0.015056,0.000547,-0.578125,0.0,0.9881,1.0464,0.000591,0.00105,0.001335,2.394756,3.911258
2526806016,62998.6,0.001942,0.016181,0.000549,-0.589844,0.0,0.9881,1.0462,0.00077,0.000931,0.001254,2.468596,4.159352
2527592448,62995.5,0.004029,0.025494,0.000558,-0.589844,0.0,0.9881,1.046,0.000656,0.000785,0.001023,2.258478,3.976234
2528378880,62999.3,-0.000167,0.01194,0.000574,-0.574219,0.0,0.9881,1.0458,0.000712,0.000827,0.00115,2.348948,3.968052
2529165312,63003.2,-0.003122,0.011672,0.000557,-0.570312,0.0,0.988,1.0455,0.000683,0.000905,0.001254,2.26288,3.965969
2529951744,63000.3,-0.007106,0.019629,0.00056,-0.574219,0.0,0.9879,1.0451,0.000696,0.000657,0.001207,2.719513,3.277264
2530738176,63004.2,-0.001192,0.012949,0.000544,-0.589844,0.0,0.988,1.0451,0.000887,0.001127,0.001764,2.325593,4.142938
2531524608,63008.0,-0.004995,0.01218,0.000569,-0.574219,0.0,0.9881,1.0449,0.000851,0.000997,0.001648,2.31458,4.184711
2532311040,63010.2,0.000429,0.012335,0.000541,-0.585938,0.0,0.9882,1.045,0.000603,0.000763,0.001049,2.339994,4.110542
2533097472,63005.2,-0.002539,0.020493,0.000563,-0.59375,0.0,0.9884,1.0452,0.000543,0.0007,0.001076,2.31035,4.037967
2533883904,63008.9,0.004569,0.014059,0.000558,-0.566406,0.0,0.9884,1.0452,0.000894,0.000845,0.001244,2.30709,3.912491
2534670336,63011.6,0.001101,0.013497,0.000555,-0.574219,0.0,0.9884,1.0454,0.000599,0.000945,0.001148,2.234392,3.951587
2535456768,63015.3,-0.007385,0.01157,0.00057,-0.574219,0.0,0.9884,1.0454,0.000809,0.000846,0.001168,2.214154,3.943243
2536243200,63012.1,-0.001409,0.027481,0.000616,-0.597656,0.0,0.9884,1.0455,0.000627,0.000911,0.001395,2.330937,4.053342
2537029632,63016.0,0.003714,0.018513,0.000595,-0.585938,0.0,0.9884,1.0457,0.000609,0.000881,0.001221,2.434309,4.148124
2537816064,63019.8,-0.001311,0.018968,0.000602,-0.59375,0.0,0.9885,1.0458,0.000724,0.001,0.001349,2.401894,3.986908
2538602496,63016.5,-0.003863,0.023893,0.000615,-0.582031,0.0,0.9884,1.0456,0.000663,0.000778,0.001235,2.203237,4.016684
2539388928,63020.4,-0.005848,0.012445,0.000577,-0.570312,0.0,0.9884,1.0453,0.000778,0.000927,0.001132,2.223323,3.894269
2540175360,63023.5,-0.002648,0.011098,0.000574,-0.578125,0.0,0.9886,1.0453,0.00073,0.000935,0.001173,2.231121,3.94588
2540961792,63027.2,-0.004783,0.010832,0.000575,-0.578125,0.0,0.9887,1.045,0.000839,0.000899,0.001092,2.22345,4.04165
2541748224,63023.5,0.005005,0.023804,0.000544,-0.605469,0.0,0.9888,1.0456,0.000793,0.00081,0.001354,2.496505,4.052869
2542534656,63027.3,0.001081,0.011681,0.000558,-0.59375,0.0,0.9891,1.0466,0.000703,0.000839,0.001287,2.542891,3.997312
2543321088,63030.1,0.001062,0.013504,0.000561,-0.597656,0.0,0.9893,1.0477,0.000869,0.000924,0.001265,2.481236,4.024757
2544107520,63024.1,-0.00212,0.022499,0.000554,-0.609375,0.0,0.9894,1.0481,0.000777,0.000826,0.00126,2.559228,3.97754
2544893952,63026.3,0.00521,0.016873,0.00058,-0.609375,0.0,0.9896,1.0484,0.000902,0.000937,0.0015,2.452776,4.148415
2545680384,63029.9,-0.004147,0.016213,0.000589,-0.605469,0.0,0.9898,1.049,0.000905,0.000977,0.001418,2.481548,4.06011
2546466816,63033.8,-0.00498,0.009529,0.000576,-0.609375,0.0,0.9899,1.0492,0.000726,0.000889,0.001316,2.481284,3.935054
2547253248,63029.5,-0.003244,0.02708,0.000575,-0.617188,0.0,0.9899,1.0492,0.000662,0.001007,0.001433,2.370656,4.054893
2548039680,63033.1,0.002614,0.017182,0.000585,-0.597656,0.0,0.9897,1.0487,0.000667,0.001193,0.001335,2.33885,3.999513
2548826112,63037.0,-0.00091,0.01981,0.000579,-0.597656,0.0,0.9894,1.0479,0.000812,0.001113,0.001326,2.349995,4.114797
2549612544,63033.7,-0.002188,0.02654,0.000604,-0.621094,0.0,0.9891,1.0472,0.000791,0.000916,0.00134,2.352115,4.131331
2550398976,63037.4,-0.000968,0.01746,0.000595,-0.605469,0.0,0.9891,1.0466,0.001021,0.001028,0.001593,2.507725,3.871528
2551185408,63041.0,0.003228,0.017391,0.000576,-0.609375,0.0,0.9891,1.0461,0.000826,0.000959,0.001545,2.526042,3.998214
2551971840,63044.7,-0.000109,0.014964,0.000576,-0.613281,0.0,0.989,1.0453,0.000765,0.000887,0.001398,2.588845,4.092968
2552758272,63039.8,0.000333,0.022602,0.000571,-0.613281,0.0,0.9888,1.0448,0.000767,0.000736,0.00116,2.229148,4.085624
2553544704,63042.2,0.000923,0.010953,0.000545,-0.59375,0.0,0.9891,1.0452,0.000615,0.000797,0.001353,2.319052,3.96478
2554331136,63044.1,-0.004963,0.010448,0.00053,-0.597656,0.0,0.9892,1.0454,0.000795,0.000802,0.001334,2.310855,3.902816
2555117568,63039.1,0.005462,0.02007,0.000543,-0.597656,0.0,0.9894,1.0459,0.000578,0.000687,0.001157,2.813428,3.252014
2555904000,63042.5,-0.002474,0.009682,0.000517,-0.605469,0.0,0.9895,1.0462,0.000766,0.000793,0.001115,2.412791,4.027123
2556690432,63046.2,0.007015,0.009247,0.000518,-0.605469,0.0,0.9896,1.0466,0.000576,0.000862,0.001174,2.362637,4.102706
2557476864,63048.5,-0.001586,0.007642,0.000551,-0.605469,0.0,0.9896,1.047,0.000664,0.000776,0.001002,2.412863,4.009692
2558263296,63045.4,-0.00236,0.020151,0.000577,-0.605469,0.0,0.9896,1.0471,0.000773,0.000698,0.00101,2.446163,4.074441
2559049728,63049.4,-0.005873,0.012665,0.000638,-0.59375,0.0,0.9893,1.0461,0.000822,0.000827,0.00119,2.503512,4.071639
2559836160,63053.4,-0.007954,0.011758,0.000623,-0.597656,0.0,0.989,1.0454,0.000758,0.000755,0.001182,2.388542,4.244092
2560622592,63057.4,-0.001227,0.01557,0.000625,-0.609375,0.0,0.9887,1.0447,0.000783,0.000878,0.001209,2.418516,4.210084
2561409024,63054.4,-0.006759,0.018624,0.000558,-0.597656,0.0,0.9886,1.0446,0.000691,0.000665,0.001159,2.404779,4.231485
2562195456,63058.3,-0.002385,0.012051,0.000591,-0.589844,0.0,0.9887,1.0453,0.0008,0.000783,0.00141,2.395137,4.143423
2562981888,63061.8,0.001368,0.013564,0.000631,-0.59375,0.0,0.9887,1.0456,0.000724,0.000782,0.001289,2.439504,4.146773
2563768320,63058.7,0.006236,0.021647,0.000622,-0.589844,0.0,0.9887,1.0459,0.00067,0.000729,0.000989,2.39713,4.204634
2564554752,63061.9,-0.002439,0.011842,0.000538,-0.59375,0.0,0.9887,1.0461,0.000764,0.000859,0.001276,2.40126,4.027196
2565341184,63065.7,-0.005063,0.015807,0.000544,-0.597656,0.0,0.9888,1.0461,0.000669,0.00083,0.001197,2.440575,4.065118
2566127616,63069.5,-0.000337,0.010395,0.000539,-0.589844,0.0,0.9889,1.0467,0.000626,0.000786,0.001158,2.455023,4.140491
2566914048,63065.1,-0.004127,0.021123,0.000575,-0.609375,0.0,0.989,1.0467,0.000597,0.000871,0.00153,2.537089,3.926951
2567700480,63068.8,-0.006888,0.011128,0.000571,-0.597656,0.0,0.989,1.047,0.000731,0.000795,0.001373,2.425015,3.926213
2568486912,63072.6,0.002477,0.009962,0.000579,-0.597656,0.0,0.9892,1.0475,0.000668,0.000776,0.001273,2.482988,4.164904
2569273344,63068.7,-0.004202,0.022248,0.000567,-0.613281,0.0,0.9894,1.0478,0.000645,0.000704,0.000921,2.502339,3.9909
2570059776,63071.2,-0.002583,0.00975,0.000529,-0.605469,0.0,0.9894,1.0479,0.000895,0.000743,0.001199,2.416588,4.087687
2570846208,63074.1,0.005924,0.015825,0.000554,-0.597656,0.0,0.9893,1.0479,0.000855,0.000779,0.001349,2.405708,4.042024
2571632640,63077.7,-0.008061,0.010071,0.000542,-0.601562,0.0,0.9893,1.0481,0.000789,0.000836,0.001646,2.375463,3.968668
2572419072,63074.1,8.4e-05,0.022834,0.000552,-0.601562,0.0,0.9893,1.048,0.000763,0.000731,0.001096,2.340245,4.072131
2573205504,63077.6,-0.00062,0.017285,0.000572,-0.589844,0.0,0.9892,1.0473,0.00086,0.000849,0.001352,2.449835,4.101611
2573991936,63081.3,-0.005702,0.012025,0.000573,-0.59375,0.0,0.9892,1.047,0.000666,0.000772,0.001218,2.469947,4.133016
2574778368,63078.5,0.002683,0.021256,0.000565,-0.613281,0.0,0.9893,1.0468,0.000682,0.000667,0.001081,2.28853,4.250447
2575564800,63082.1,0.004442,0.011723,0.00057,-0.589844,0.0,0.9896,1.0474,0.000645,0.000744,0.001094,2.35837,3.967535
2576351232,63085.9,0.006802,0.011111,0.000566,-0.601562,0.0,0.9899,1.0477,0.000624,0.000696,0.0011,2.541568,3.924782
2577137664,63088.9,-0.006226,0.009206,0.000583,-0.59375,0.0,0.9902,1.0482,0.00072,0.000733,0.001087,2.389901,3.97994
2577924096,63086.0,0.005046,0.021545,0.000557,-0.601562,0.0,0.9902,1.048,0.000529,0.000633,0.000978,2.384687,4.106137
2578710528,63089.4,-0.002505,0.011992,0.00057,-0.59375,0.0,0.9901,1.0472,0.000736,0.000818,0.001222,2.375102,4.044025
2579496960,63093.0,0.004477,0.01241,0.000558,-0.585938,0.0,0.9903,1.0472,0.000702,0.000708,0.001048,2.443332,4.120597
2580283392,63088.9,0.006837,0.019335,0.000567,-0.601562,0.0,0.9904,1.047,0.000534,0.000722,0.001039,2.78349,3.254943
2581069824,63092.8,0.000969,0.01507,0.000544,-0.605469,0.0,0.9904,1.0466,0.00089,0.000938,0.001293,2.340867,4.098098
2581856256,63096.5,0.004427,0.010535,0.000544,-0.59375,0.0,0.9904,1.0464,0.000662,0.000734,0.001125,2.372006,4.044283
2582642688,63098.3,0.001638,0.012459,0.000554,-0.59375,0.0,0.9904,1.046,0.000586,0.000694,0.001075,2.462068,3.978153
2583429120,63094.2,0.00285,0.021817,0.000566,-0.617188,0.0,0.9905,1.0461,0.000561,0.000648,0.001083,2.556955,4.190155
2584215552,63097.6,0.000678,0.01329,0.000541,-0.617188,0.0,0.9905,1.0466,0.000661,0.000832,0.001152,2.560564,4.177112
2585001984,63101.2,-0.00062,0.012374,0.000539,-0.613281,0.0,0.9906,1.0473,0.000655,0.00074,0.001098,2.544651,4.105136
2585788416,63104.9,-0.000463,0.009677,0.00054,-0.625,0.0,0.9906,1.0478,0.000584,0.000701,0.001073,2.529518,4.152894
2586574848,63102.3,0.001597,0.021133,0.000538,-0.613281,0.0,0.9907,1.0477,0.000458,0.000772,0.00105,2.298359,4.076076
2587361280,63104.5,-0.004925,0.011298,0.000527,-0.597656,0.0,0.9908,1.0476,0.000625,0.000759,0.000956,2.338299,4.054696
2588147712,63107.5,-0.004352,0.011103,0.000537,-0.589844,0.0,0.9909,1.0476,0.000604,0.000786,0.001132,2.337897,4.002107
2588934144,63103.4,-0.004148,0.020002,0.000564,-0.589844,0.0,0.9911,1.0482,0.000512,0.000754,0.00096,2.346638,3.788253
2589720576,63105.8,0.002875,0.016929,0.000565,-0.574219,0.0,0.991,1.0487,0.000729,0.00088,0.001289,2.199246,3.883705
2590507008,63109.7,-0.004701,0.016708,0.000564,-0.570312,0.0,0.991,1.0488,0.000695,0.000887,0.001397,2.231089,3.903459
2591293440,63113.6,-0.010124,0.017238,0.000566,-0.578125,0.0,0.9909,1.0488,0.000775,0.000903,0.001215,2.220165,3.938364
2592079872,63111.0,0.002626,0.023351,0.000544,-0.605469,0.0,0.9909,1.049,0.000712,0.000893,0.001166,2.314755,4.027596
2592866304,63114.7,-0.003987,0.015357,0.000531,-0.605469,0.0,0.9909,1.0492,0.000861,0.000712,0.001344,2.404856,3.970467
2593652736,63118.4,-0.00823,0.010078,0.000539,-0.601562,0.0,0.9909,1.0494,0.000796,0.000965,0.001104,2.447979,4.081601
2594439168,63116.1,0.002119,0.023928,0.000531,-0.609375,0.0,0.9908,1.0496,0.000693,0.000692,0.001078,2.513658,4.273591
2595225600,63119.9,9.4e-05,0.026327,0.000594,-0.601562,0.0,0.9905,1.0486,0.000734,0.000871,0.0014,2.597069,4.403027
2596012032,63123.9,-0.005595,0.019226,0.000622,-0.601562,0.0,0.9901,1.0474,0.000746,0.000783,0.001571,2.630279,4.292284
2596798464,63127.8,-0.004422,0.019664,0.000581,-0.605469,0.0,0.9897,1.0462,0.000563,0.000803,0.001368,2.576197,4.167059
2597584896,63126.0,-0.003961,0.025625,0.000546,-0.613281,0.0,0.9897,1.0461,0.000847,0.000929,0.001334,2.549547,4.22385
2598371328,63129.5,-0.003117,0.018946,0.000532,-0.601562,0.0,0.9897,1.0457,0.00079,0.001289,0.001658,2.606586,4.191107
2599157760,63133.4,-0.000552,0.014016,0.000543,-0.589844,0.0,0.9897,1.0455,0.00073,0.000997,0.001261,2.40515,4.311294
2599944192,63131.1,-0.002451,0.023592,0.000545,-0.597656,0.0,0.9897,1.0455,0.00058,0.000843,0.00113,2.214195,4.250468
2600730624,63135.0,-0.002304,0.011807,0.000557,-0.574219,0.0,0.9897,1.0457,0.000641,0.000743,0.001165,2.356355,4.062036
2601517056,63138.3,-0.006831,0.011886,0.000563,-0.574219,0.0,0.9897,1.0461,0.000632,0.000726,0.001116,2.357162,4.057035
2602303488,63141.5,-0.001072,0.011036,0.000554,-0.558594,0.0,0.9897,1.0463,0.000723,0.000694,0.001116,2.31482,4.205225
2603089920,63138.3,-0.00187,0.022671,0.000564,-0.59375,0.0,0.9896,1.0461,0.000614,0.000684,0.001164,2.3763,4.240201
2603876352,63141.9,-0.002989,0.015925,0.000579,-0.589844,0.0,0.9895,1.0454,0.000762,0.000768,0.001121,2.428589,4.130703
2604662784,63145.5,-0.002003,0.018505,0.000582,-0.597656,0.0,0.9893,1.0447,0.000692,0.000741,0.001094,2.472371,4.135822
2605449216,63142.4,-0.001046,0.020387,0.000575,-0.597656,0.0,0.9892,1.0441,0.000544,0.000634,0.001035,2.718942,3.299623
2606235648,63146.2,-0.000447,0.021662,0.000582,-0.582031,0.0,0.989,1.0434,0.000623,0.000951,0.001029,2.288103,4.021083
2607022080,63150.0,-0.003554,0.017315,0.000593,-0.578125,0.0,0.9888,1.043,0.000568,0.000946,0.001093,2.313102,4.031919
2607808512,63153.2,0.003105,0.016867,0.000576,-0.582031,0.0,0.9886,1.0426,0.000607,0.000942,0.001144,2.235051,4.136233
2608594944,63150.8,0.00018,0.026887,0.000565,-0.59375,0.0,0.9886,1.0424,0.000681,0.000932,0.001087,2.44477,4.077862
2609381376,63154.2,-0.007272,0.010144,0.000556,-0.582031,0.0,0.9886,1.0421,0.000699,0.000661,0.001347,2.34916,3.918603
2610167808,63156.4,3.3e-05,0.010453,0.000564,-0.585938,0.0,0.9884,1.0416,0.00071,0.000672,0.001154,2.493396,4.034113
2610954240,63160.1,-0.004289,0.009052,0.000585,-0.582031,0.0,0.9884,1.0412,0.000687,0.00077,0.001273,2.320066,4.071662
2611740672,63157.1,-0.003688,0.021956,0.000581,-0.59375,0.0,0.9886,1.0417,0.000577,0.00059,0.000912,2.382392,4.139627
2612527104,63160.0,-0.009244,0.009248,0.000571,-0.582031,0.0,0.989,1.043,0.00045,0.000736,0.001122,2.365352,4.10116
2613313536,63161.8,0.000379,0.012224,0.000572,-0.582031,0.0,0.9893,1.0439,0.000574,0.000692,0.001091,2.288865,4.00468
2614099968,63156.7,-0.005522,0.018942,0.00057,-0.589844,0.0,0.9895,1.0447,0.00054,0.000656,0.000967,2.502314,4.121136
2614886400,63160.3,-0.000397,0.014455,0.000576,-0.589844,0.0,0.9894,1.0447,0.000742,0.000702,0.001081,2.351843,4.156775
2615672832,63164.1,0.001854,0.012783,0.000586,-0.59375,0.0,0.9893,1.0449,0.000677,0.000821,0.001124,2.302318,4.130383
2616459264,63167.8,-0.006266,0.010124,0.000581,-0.585938,0.0,0.9892,1.0448,0.000693,0.000586,0.001105,2.410686,4.123673
2617245696,63164.9,0.002158,0.023104,0.000604,-0.582031,0.0,0.9891,1.0445,0.000634,0.000694,0.000968,2.276188,3.921818
2618032128,63167.5,-0.005449,0.013599,0.000609,-0.566406,0.0,0.9889,1.044,0.000639,0.000678,0.001051,2.168535,3.86142
2618818560,63169.8,0.000737,0.015959,0.000619,-0.554688,0.0,0.9888,1.0436,0.00064,0.000764,0.001184,2.168303,3.98349
2619604992,63165.9,0.002654,0.02042,0.000609,-0.578125,0.0,0.9887,1.0431,0.000713,0.00059,0.000921,2.58395,4.282634
2620391424,63169.4,-0.003328,0.011947,0.000615,-0.574219,0.0,0.9889,1.044,0.000636,0.000641,0.001142,2.484249,4.320856
2621177856,63173.4,-0.004108,0.010794,0.000618,-0.582031,0.0,0.9889,1.0445,0.000575,0.000719,0.001119,2.428759,4.393105
2621964288,63177.4,0.003445,0.012396,0.000632,-0.582031,0.0,0.989,1.0451,0.000633,0.000685,0.001152,2.455651,4.322436
2622750720,63174.4,-0.008315,0.024057,0.000603,-0.589844,0.0,0.9893,1.0453,0.000611,0.000764,0.001055,2.35437,4.119622
2623537152,63178.1,0.002311,0.015619,0.000565,-0.585938,0.0,0.9893,1.0452,0.00051,0.00067,0.001225,2.277665,4.252008
2624323584,63181.8,-0.000408,0.014919,0.000554,-0.585938,0.0,0.9895,1.0453,0.00057,0.000713,0.001235,2.432542,4.13066
2625110016,63176.3,-0.004895,0.023466,0.000586,-0.59375,0.0,0.9895,1.0454,0.000523,0.00063,0.000935,2.288935,4.364613
2625896448,63180.1,0.004482,0.010841,0.000703,-0.597656,0.0,0.9895,1.0457,0.00072,0.000735,0.000981,2.395505,3.995407
2626682880,63183.7,-0.003872,0.008824,0.000619,-0.59375,0.0,0.9896,1.0461,0.000668,0.000712,0.001007,2.465244,3.943609
2627469312,63187.3,-0.000269,0.010505,0.000669,-0.601562,0.0,0.9896,1.0464,0.000704,0.000579,0.001003,2.428038,4.121307
2628255744,63185.1,0.001803,0.024143,0.000585,-0.605469,0.0,0.9896,1.0463,0.000597,0.000615,0.000997,2.38806,4.127018
2629042176,63188.8,0.000572,0.013462,0.000545,-0.574219,0.0,0.9897,1.0463,0.000579,0.000741,0.001379,2.315451,4.12395
2629828608,63192.5,0.001384,0.010327,0.000541,-0.582031,0.0,0.9898,1.0465,0.000536,0.000615,0.001114,2.435171,4.180114
2630615040,63189.8,-0.003108,0.018503,0.000554,-0.589844,0.0,0.9899,1.0468,0.00048,0.000567,0.000842,2.502691,3.293498
2631401472,63193.5,-0.000855,0.014338,0.000577,-0.566406,0.0,0.99,1.0469,0.000604,0.000777,0.001155,2.149458,3.94589
2632187904,63197.1,-0.000742,0.010246,0.000589,-0.566406,0.0,0.9901,1.047,0.000661,0.000763,0.001045,2.228525,3.989568
2632974336,63200.7,0.001961,0.012569,0.000583,-0.566406,0.0,0.9902,1.0473,0.000513,0.000635,0.001108,2.233971,3.955062
2633760768,63198.3,-0.000794,0.019988,0.000584,-0.585938,0.0,0.9902,1.0473,0.000456,0.00059,0.00087,2.276326,4.099462
2634547200,63201.7,-0.002263,0.010859,0.0006,-0.570312,0.0,0.9904,1.0476,0.000676,0.000738,0.001174,2.290945,3.998683
2635333632,63205.3,-0.006594,0.010585,0.000611,-0.566406,0.0,0.9906,1.0481,0.000624,0.000781,0.001033,2.32766,3.966347
2636120064,63208.9,-0.004335,0.007367,0.000579,-0.574219,0.0,0.9907,1.0484,0.000621,0.000673,0.001098,2.372446,3.996063
2636906496,63206.5,0.00204,0.023635,0.0006,-0.585938,0.0,0.9907,1.0483,0.000583,0.000739,0.001272,2.306921,4.18222
2637692928,63210.2,-0.003821,0.016839,0.000592,-0.578125,0.0,0.9905,1.048,0.000512,0.00074,0.001097,2.375883,4.19593
2638479360,63213.8,0.000694,0.013932,0.0006,-0.578125,0.0,0.9905,1.0479,0.00066,0.000792,0.001208,2.406676,4.175657
2639265792,63211.2,-0.001456,0.021595,0.000578,-0.597656,0.0,0.9904,1.0479,0.000712,0.000639,0.000953,2.501348,4.132276
2640052224,63214.7,-0.001753,0.013183,0.000572,-0.59375,0.0,0.9904,1.0485,0.000663,0.000782,0.00119,2.450629,4.218907
2640838656,63218.1,0.002318,0.01071,0.000559,-0.589844,0.0,0.9906,1.0492,0.000577,0.000677,0.001293,2.432415,4.135489
2641625088,63221.5,0.003867,0.010095,0.000559,-0.585938,0.0,0.9907,1.0496,0.000733,0.000642,0.001381,2.426738,4.101817
2642411520,63219.0,-0.00065,0.019419,0.000579,-0.582031,0.0,0.9907,1.0498,0.000547,0.000692,0.000945,2.34698,3.937064
2643197952,63222.6,-0.00251,0.009558,0.000561,-0.578125,0.0,0.9907,1.0497,0.000601,0.000618,0.000964,2.322556,4.014861
2643984384,63226.2,0.000278,0.0086,0.000561,-0.578125,0.0,0.9905,1.0496,0.000565,0.000683,0.000944,2.316607,3.797503
2644770816,63223.4,-0.003865,0.019679,0.000564,-0.582031,0.0,0.9906,1.0496,0.000738,0.000615,0.001124,2.422524,4.016862
2645557248,63227.1,-0.001226,0.01338,0.000547,-0.585938,0.0,0.9903,1.0485,0.000832,0.000835,0.001479,2.448954,4.102479
2646343680,63230.6,0.000221,0.011872,0.000564,-0.589844,0.0,0.9901,1.0475,0.000659,0.000757,0.00119,2.312065,4.084751
2647130112,63234.2,0.001221,0.011171,0.000565,-0.578125,0.0,0.9899,1.0466,0.000595,0.00071,0.0012,2.416651,4.048505
2647916544,63231.4,-0.003029,0.027688,0.000561,-0.578125,0.0,0.99,1.0467,0.000596,0.000745,0.001104,2.22437,3.742193
2648702976,63234.5,0.002004,0.013319,0.00057,-0.566406,0.0,0.9898,1.0464,0.000593,0.000837,0.00108,2.108114,3.968721
2649489408,63238.1,-0.004058,0.012501,0.000568,-0.570312,0.0,0.9897,1.0461,0.000545,0.000732,0.000886,2.193108,3.878623
2650275840,63234.9,0.002943,0.01914,0.000561,-0.574219,0.0,0.9897,1.0458,0.000441,0.000636,0.00086,2.25944,4.404294
2651062272,63238.3,0.002575,0.010958,0.000597,-0.578125,0.0,0.9895,1.0451,0.000561,0.000688,0.000972,2.398893,4.099319
2651848704,63241.7,-0.004828,0.012273,0.000587,-0.59375,0.0,0.9895,1.0444,0.000638,0.000763,0.001062,2.46906,4.031694
2652635136,63245.2,0.0106,0.012492,0.000607,-0.589844,0.0,0.9893,1.0436,0.000509,0.000683,0.001042,2.46412,4.163204
2653421568,63242.8,-0.003234,0.020794,0.000604,-0.585938,0.0,0.9895,1.0437,0.000727,0.000552,0.000976,2.394384,4.148107
2654208000,63246.6,0.001498,0.012818,0.000615,-0.582031,0.0,0.9895,1.0431,0.0007,0.000589,0.001008,2.355341,4.085646
2654994432,63249.6,0.001409,0.013522,0.000595,-0.566406,0.0,0.9896,1.0425,0.000567,0.000534,0.001134,2.415075,4.17517
2655780864,63246.4,0.005562,0.020297,0.000618,-0.582031,0.0,0.9894,1.0417,0.000582,0.000521,0.000891,2.497276,3.359398
2656567296,63250.1,-0.000575,0.010971,0.000528,-0.582031,0.0,0.9894,1.0412,0.000562,0.000604,0.001027,2.247325,3.883346
2657353728,63253.4,-0.004622,0.009479,0.000543,-0.589844,0.0,0.9894,1.0405,0.000489,0.000548,0.000979,2.306784,4.015828
2658140160,63257.0,-0.004038,0.008954,0.000553,-0.589844,0.0,0.9894,1.0397,0.000526,0.00059,0.001088,2.264659,3.960806
2658926592,63254.9,-0.005817,0.021143,0.000545,-0.613281,0.0,0.9895,1.0393,0.000587,0.000654,0.000974,2.501163,4.089138
2659713024,63258.5,-0.003329,0.012255,0.000545,-0.601562,0.0,0.9894,1.0388,0.000916,0.000782,0.001369,2.395841,4.063561
2660499456,63262.0,-0.002761,0.012839,0.000547,-0.609375,0.0,0.9895,1.0386,0.000571,0.000677,0.000956,2.500177,4.087171
2661285888,63265.6,0.002348,0.012028,0.00055,-0.613281,0.0,0.9896,1.039,0.000715,0.000752,0.001099,2.524621,4.062606
2662072320,63263.6,-0.004325,0.018434,0.000537,-0.609375,0.0,0.9896,1.0402,0.000508,0.000607,0.000852,2.480466,4.2657
2662858752,63267.3,0.001072,0.013164,0.000531,-0.589844,0.0,0.9898,1.0413,0.000535,0.000708,0.000997,2.451142,4.227576
2663645184,63271.1,-0.002685,0.00903,0.000537,-0.589844,0.0,0.9898,1.0422,0.000576,0.000671,0.000954,2.541158,4.23259
2664431616,63268.8,-0.003082,0.020775,0.00054,-0.601562,0.0,0.9899,1.0431,0.000548,0.000596,0.000842,2.512599,4.057309
2665218048,63272.5,-0.007714,0.012037,0.000569,-0.585938,0.0,0.9899,1.0435,0.000564,0.000584,0.000976,2.514064,4.164854
2666004480,63276.1,-0.006863,0.009976,0.000547,-0.59375,0.0,0.99,1.0437,0.000529,0.000637,0.000998,2.370319,4.143529
2666790912,63279.7,0.003144,0.010386,0.000547,-0.585938,0.0,0.99,1.0437,0.000597,0.00056,0.00098,2.467217,4.137741
2667577344,63277.3,-0.001885,0.025587,0.000545,-0.59375,0.0,0.99,1.044,0.000599,0.00076,0.001019,2.360218,4.040121
2668363776,63280.8,-0.000429,0.015661,0.000558,-0.570312,0.0,0.9901,1.0447,0.000559,0.000801,0.000974,2.420287,3.929499
2669150208,63284.3,0.003524,0.014637,0.000545,-0.570312,0.0,0.9902,1.0451,0.000567,0.000766,0.00094,2.271407,3.750223
2669936640,63282.0,-0.001588,0.02441,0.000539,-0.582031,0.0,0.9901,1.0453,0.000561,0.000757,0.000878,2.323158,4.06744
2670723072,63285.7,-0.001435,0.012701,0.000543,-0.5625,0.0,0.9902,1.0464,0.000453,0.000664,0.000842,2.270539,4.223636
2671509504,63289.3,-0.005214,0.01299,0.00054,-0.566406,0.0,0.9903,1.0473,0.000556,0.000687,0.000942,2.364194,4.169769
2672295936,63293.0,-0.0005,0.014338,0.000537,-0.570312,0.0,0.9904,1.0483,0.000549,0.000747,0.001034,2.348093,4.161382
2673082368,63290.1,7e-06,0.022486,0.000549,-0.582031,0.0,0.9905,1.049,0.000596,0.000599,0.001086,2.353537,3.914077
2673868800,63293.5,0.001203,0.011851,0.000531,-0.578125,0.0,0.9904,1.0497,0.000594,0.00061,0.001148,2.379853,4.017891
2674655232,63296.8,-0.003688,0.015671,0.000548,-0.582031,0.0,0.9903,1.0502,0.000562,0.000669,0.000935,2.273733,4.100857
2675441664,63292.8,-0.002088,0.020904,0.000526,-0.59375,0.0,0.9903,1.0507,0.000469,0.000513,0.000781,2.246257,4.307201
2676228096,63296.2,0.00307,0.013484,0.000562,-0.578125,0.0,0.9902,1.0507,0.000449,0.00063,0.000898,2.310581,4.044808
2677014528,63299.6,0.001815,0.012977,0.000566,-0.585938,0.0,0.99,1.0504,0.000518,0.000645,0.000977,2.297001,3.863359
2677800960,63303.1,0.001346,0.011258,0.000578,-0.582031,0.0,0.99,1.0505,0.000533,0.000647,0.00099,2.324826,4.065006
2678587392,63299.9,0.005908,0.021205,0.000558,-0.589844,0.0,0.9899,1.0502,0.000551,0.000579,0.00087,2.185268,3.997206
2679373824,63302.9,-0.005758,0.009635,0.000544,-0.585938,0.0,0.9901,1.05,0.000576,0.000571,0.000955,2.214848,3.894135
2680160256,63306.5,-0.001121,0.010131,0.000541,-0.578125,0.0,0.9902,1.0497,0.000582,0.000594,0.001133,2.207279,3.915346
2680946688,63303.1,-0.002585,0.021756,0.000549,-0.59375,0.0,0.9901,1.0491,0.000533,0.000564,0.000825,2.751866,3.627764
2681733120,63306.4,0.000104,0.013756,0.000529,-0.582031,0.0,0.9903,1.0496,0.00057,0.000718,0.001015,2.509403,4.206275
2682519552,63309.9,0.003237,0.014982,0.000536,-0.589844,0.0,0.9904,1.0499,0.000454,0.000708,0.000969,2.416309,4.120567
2683305984,63313.3,-0.008631,0.011604,0.000523,-0.589844,0.0,0.9904,1.0502,0.000488,0.000676,0.001089,2.430672,4.059488
2684092416,63310.7,-0.00304,0.022162,0.000572,-0.601562,0.0,0.9905,1.0504,0.000498,0.000608,0.000894,2.511384,4.102623
2684878848,63314.2,2.1e-05,0.0114,0.000573,-0.589844,0.0,0.9904,1.0501,0.000616,0.000735,0.000904,2.446103,4.112863
2685665280,63317.7,-0.009824,0.009441,0.00059,-0.585938,0.0,0.9905,1.0501,0.000592,0.000615,0.000945,2.455237,4.192846
2686451712,63321.3,0.007768,0.012795,0.000579,-0.589844,0.0,0.9905,1.05,0.000577,0.000565,0.000878,2.453155,4.207539
2687238144,63319.3,0.003964,0.022607,0.000595,-0.597656,0.0,0.9906,1.0499,0.000513,0.000613,0.00087,2.38246,4.110766
2688024576,63323.0,0.003787,0.010759,0.000587,-0.585938,0.0,0.9906,1.0498,0.000478,0.000625,0.000785,2.440021,4.060739
2688811008,63326.7,-0.002207,0.010012,0.000581,-0.585938,0.0,0.9906,1.0497,0.000458,0.000616,0.000804,2.38567,4.102324
2689597440,63324.7,-0.004592,0.021525,0.000572,-0.601562,0.0,0.9906,1.0496,0.000451,0.000636,0.000839,2.435271,4.014564
2690383872,63328.3,-0.006635,0.014456,0.000546,-0.597656,0.0,0.9905,1.0493,0.000503,0.000691,0.001042,2.348968,4.01619
2691170304,63331.7,4e-06,0.015026,0.000532,-0.59375,0.0,0.9904,1.0491,0.00046,0.000732,0.00095,2.354301,3.973872
2691956736,63335.3,-0.010657,0.012268,0.000541,-0.597656,0.0,0.9902,1.0489,0.00041,0.000754,0.000854,2.334338,3.934965
2692743168,63333.1,0.003421,0.021601,0.000568,-0.601562,0.0,0.9903,1.049,0.000442,0.000557,0.000977,2.463087,4.145576
2693529600,63336.6,0.004517,0.014988,0.00057,-0.59375,0.0,0.9904,1.0492,0.000606,0.000631,0.000958,2.384607,4.026447
2694316032,63340.0,-0.00133,0.010077,0.000556,-0.585938,0.0,0.9903,1.0492,0.000434,0.00054,0.001139,2.481905,3.887353
2695102464,63337.2,-0.00586,0.020079,0.000559,-0.601562,0.0,0.9904,1.0491,0.000506,0.000487,0.000804,2.467937,3.921502
2695888896,63340.7,-0.006385,0.010634,0.000525,-0.601562,0.0,0.9903,1.0489,0.000454,0.000493,0.00114,2.319153,4.070206
2696675328,63344.0,-0.004775,0.008992,0.000525,-0.597656,0.0,0.9904,1.049,0.000523,0.000553,0.00097,2.384361,4.076356
2697461760,63347.5,0.003931,0.009217,0.000547,-0.59375,0.0,0.9904,1.0491,0.000503,0.000547,0.001007,2.492434,4.122712
2698248192,63345.0,-0.001396,0.020525,0.000584,-0.601562,0.0,0.9904,1.0489,0.00064,0.000557,0.00088,2.434696,3.932724
2699034624,63348.5,0.002141,0.010174,0.000603,-0.59375,0.0,0.9904,1.0487,0.000556,0.000585,0.001004,2.351696,4.01927
2699821056,63352.1,-0.00373,0.010098,0.000589,-0.59375,0.0,0.9905,1.0484,0.000494,0.000604,0.000969,2.328338,4.024029
2700607488,63349.8,-0.003518,0.019141,0.000568,-0.605469,0.0,0.9904,1.0479,0.000402,0.0005,0.000818,2.337402,4.510973
2701393920,63353.3,-0.001403,0.009411,0.000567,-0.585938,0.0,0.9903,1.048,0.000534,0.000535,0.000938,2.475156,4.169772
2702180352,63356.9,-0.001843,0.011459,0.000561,-0.59375,0.0,0.9902,1.0479,0.000566,0.000701,0.000896,2.469506,4.14965
2702966784,63360.4,-0.002925,0.010475,0.000598,-0.589844,0.0,0.99,1.0478,0.000535,0.000555,0.000921,2.47223,4.130712
2703753216,63358.1,-0.004143,0.020433,0.000576,-0.601562,0.0,0.9901,1.0482,0.000575,0.000463,0.00071,2.472714,4.156251
2704539648,63361.4,-0.005169,0.010649,0.000553,-0.589844,0.0,0.9902,1.0479,0.000667,0.000568,0.000996,2.335699,4.088301
2705326080,63364.9,0.002925,0.011666,0.000574,-0.589844,0.0,0.9902,1.0477,0.000595,0.000609,0.001034,2.436656,4.169641
2706112512,63362.4,0.00093,0.022428,0.000569,-0.601562,0.0,0.9902,1.0476,0.000652,0.000612,0.000868,2.627807,3.693249
2706898944,63365.9,0.002736,0.013389,0.000567,-0.585938,0.0,0.9905,1.0481,0.000495,0.000622,0.000855,2.49464,4.03345
2707685376,63369.4,0.008647,0.013172,0.000579,-0.589844,0.0,0.9907,1.0487,0.000572,0.000579,0.000818,2.464278,4.192251
2708471808,63372.9,9.6e-05,0.010487,0.000594,-0.585938,0.0,0.9908,1.0491,0.000419,0.000452,0.000871,2.534114,4.124722
2709258240,63370.7,-0.001937,0.022615,0.000575,-0.605469,0.0,0.991,1.0492,0.000472,0.000542,0.000911,2.441773,4.175539
2710044672,63374.3,-0.004435,0.011091,0.0006,-0.585938,0.0,0.9909,1.0482,0.00046,0.000588,0.000826,2.403895,4.071472
2710831104,63377.9,-0.006258,0.012221,0.000604,-0.589844,0.0,0.9906,1.047,0.000466,0.00052,0.00072,2.528946,3.994602
2711617536,63381.6,-0.002679,0.011466,0.0006,-0.582031,0.0,0.9905,1.0462,0.000412,0.00054,0.000883,2.478424,4.256047
2712403968,63379.4,-0.005935,0.01898,0.000567,-0.589844,0.0,0.9905,1.0458,0.000419,0.000495,0.00079,2.347142,4.177423
2713190400,63382.9,0.004894,0.012302,0.000559,-0.582031,0.0,0.9903,1.045,0.000539,0.000531,0.001104,2.347399,4.166983
2713976832,63386.2,0.002659,0.008288,0.000572,-0.582031,0.0,0.9901,1.0441,0.000523,0.000515,0.000992,2.363583,4.046381
2714763264,63383.5,-6e-06,0.01775,0.000552,-0.601562,0.0,0.9901,1.0439,0.00047,0.000584,0.000818,2.445854,4.01626
2715549696,63387.0,0.003778,0.010525,0.000506,-0.605469,0.0,0.9901,1.044,0.000479,0.000688,0.001033,2.364797,4.165524
2716336128,63390.4,-0.003163,0.008013,0.000512,-0.609375,0.0,0.9902,1.0444,0.000504,0.000616,0.000932,2.448197,4.117475
2717122560,63393.9,0.002808,0.00996,0.000508,-0.601562,0.0,0.9905,1.0447,0.000527,0.000586,0.000796,2.53641,4.008404
2717908992,63391.0,-0.002528,0.026142,0.000538,-0.601562,0.0,0.9905,1.0442,0.00049,0.00063,0.000971,2.381848,3.956183
2718695424,63394.1,0.003223,0.015948,0.00055,-0.589844,0.0,0.9906,1.0436,0.000433,0.0005,0.00103,2.376636,3.875378
2719481856,63397.3,-0.003648,0.014956,0.000547,-0.585938,0.0,0.9907,1.0431,0.000421,0.000545,0.000944,2.333162,3.894292
2720268288,63394.6,-0.001869,0.024255,0.00053,-0.597656,0.0,0.9907,1.0429,0.000422,0.000529,0.000829,2.297568,3.839186
2721054720,63398.3,0.005483,0.013666,0.000527,-0.585938,0.0,0.9907,1.0426,0.000468,0.00054,0.000943,2.365596,3.939927
2721841152,63401.9,-0.004367,0.013382,0.00053,-0.589844,0.0,0.9907,1.0424,0.000665,0.000652,0.001228,2.292851,4.087024
2722627584,63405.5,0.003789,0.008731,0.000535,-0.582031,0.0,0.9907,1.0423,0.000492,0.000523,0.000823,2.304247,3.890408
2723414016,63403.3,0.003199,0.025684,0.000536,-0.589844,0.0,0.9907,1.0419,0.00061,0.000522,0.000959,2.380703,3.820892
2724200448,63406.7,-0.008654,0.013759,0.00055,-0.578125,0.0,0.9905,1.0409,0.000601,0.000639,0.000923,2.289284,4.031219
2724986880,63410.1,-0.002697,0.01565,0.000542,-0.578125,0.0,0.9903,1.04,0.000741,0.000556,0.000893,2.354058,4.029716
2725773312,63407.5,0.002243,0.02011,0.000534,-0.589844,0.0,0.9904,1.0403,0.000444,0.000457,0.000724,2.250515,4.330717
2726559744,63410.8,0.000472,0.016039,0.000539,-0.566406,0.0,0.9903,1.0406,0.0005,0.000552,0.000832,2.350503,3.997197
2727346176,63414.0,0.00377,0.016763,0.000528,-0.566406,0.0,0.9905,1.0413,0.000484,0.000517,0.000723,2.3042,4.006008
2728132608,63417.4,-0.003858,0.013733,0.000529,-0.574219,0.0,0.9905,1.0418,0.000413,0.000506,0.000657,2.410013,4.044065
2728919040,63415.1,-0.007525,0.020719,0.000528,-0.59375,0.0,0.9905,1.0419,0.000467,0.000447,0.000841,2.335881,4.050332
2729705472,63418.7,-0.001803,0.010256,0.000528,-0.59375,0.0,0.9906,1.0422,0.00046,0.000544,0.000813,2.369509,3.897461
2730491904,63422.3,0.001502,0.014337,0.000546,-0.59375,0.0,0.9906,1.0426,0.00061,0.000579,0.000955,2.35539,4.048527
2731278336,63420.0,0.000503,0.02008,0.000543,-0.601562,0.0,0.9906,1.0426,0.00043,0.000453,0.000787,2.466453,3.624801
2732064768,63422.0,-0.000592,0.010035,0.000527,-0.582031,0.0,0.9905,1.0424,0.000427,0.000536,0.000982,2.412172,4.004558
2732851200,63424.2,-0.008571,0.010511,0.000529,-0.582031,0.0,0.9902,1.0419,0.000458,0.00056,0.000829,2.370431,4.035147
2733637632,63427.5,0.001076,0.011268,0.000526,-0.582031,0.0,0.99,1.0412,0.000399,0.000523,0.00089,2.359315,4.089274
2734424064,63424.8,-0.005776,0.022674,0.000543,-0.609375,0.0,0.99,1.0415,0.000415,0.000484,0.000768,2.533516,4.260138
2735210496,63428.2,-0.006345,0.01331,0.00061,-0.605469,0.0,0.9899,1.0417,0.000544,0.000514,0.000854,2.534369,4.121874
2735996928,63431.7,-0.002044,0.01444,0.000631,-0.597656,0.0,0.9899,1.0418,0.000579,0.000548,0.000968,2.556776,4.262792
2736783360,63435.1,-0.003371,0.012478,0.000561,-0.601562,0.0,0.9897,1.0416,0.000483,0.000605,0.000952,2.459125,4.225805
2737569792,63432.9,0.002414,0.023686,0.000508,-0.601562,0.0,0.9897,1.042,0.000389,0.000701,0.000867,2.443254,4.301707
2738356224,63436.3,0.001717,0.012742,0.000505,-0.59375,0.0,0.9896,1.0419,0.000453,0.000642,0.000881,2.411672,4.097776
2739142656,63439.6,0.002733,0.011965,0.000498,-0.589844,0.0,0.9894,1.042,0.000524,0.00071,0.000905,2.32708,3.996926
2739929088,63437.5,0.001088,0.02163,0.000533,-0.601562,0.0,0.9895,1.0425,0.000451,0.000602,0.000873,2.482649,4.1746
2740715520,63441.0,-0.004502,0.011223,0.000556,-0.582031,0.0,0.9896,1.0436,0.00044,0.000679,0.000755,2.424562,4.115795
2741501952,63444.5,-0.003912,0.01249,0.000566,-0.585938,0.0,0.9898,1.0446,0.000459,0.000786,0.00086,2.494694,4.281696
2742288384,63448.1,-0.001803,0.01198,0.000576,-0.589844,0.0,0.9899,1.0454,0.000371,0.000703,0.000809,2.337771,4.125855
2743074816,63445.7,-0.001335,0.024345,0.000542,-0.585938,0.0,0.99,1.0458,0.000439,0.000601,0.00088,2.280378,4.00089
2743861248,63449.1,-0.004344,0.016276,0.000544,-0.570312,0.0,0.9901,1.0459,0.000528,0.000693,0.000827,2.300725,3.895342
2744647680,63452.6,0.000106,0.017956,0.000555,-0.570312,0.0,0.9901,1.0459,0.000478,0.000559,0.000783,2.238188,4.076194
2745434112,63450.5,-0.001857,0.024742,0.00056,-0.585938,0.0,0.9901,1.0461,0.000328,0.000454,0.00076,2.366144,3.995299
2746220544,63453.9,4.5e-05,0.0125,0.000573,-0.585938,0.0,0.9901,1.0463,0.000515,0.000518,0.000813,2.245424,4.169259
2747006976,63457.4,-0.003498,0.013633,0.000564,-0.589844,0.0,0.9901,1.0465,0.00045,0.000536,0.000902,2.409017,4.161695
2747793408,63460.9,-0.003197,0.012525,0.000583,-0.585938,0.0,0.9901,1.0467,0.000399,0.000656,0.000868,2.4386,4.193063
2748579840,63457.7,0.000756,0.021454,0.000533,-0.601562,0.0,0.9901,1.047,0.000461,0.000603,0.000817,2.369598,4.045517
2749366272,63460.9,-0.003647,0.010524,0.000538,-0.589844,0.0,0.9901,1.0474,0.000418,0.000575,0.000915,2.32489,4.010588
2750152704,63463.8,-0.006024,0.010033,0.000507,-0.585938,0.0,0.9901,1.048,0.000394,0.000559,0.000873,2.374776,4.159402
2750939136,63461.2,0.000658,0.020882,0.000521,-0.601562,0.0,0.9901,1.0481,0.000334,0.000454,0.000652,2.206547,4.393295
2751725568,63464.8,-0.002099,0.014668,0.000559,-0.585938,0.0,0.9901,1.0481,0.000424,0.000543,0.000822,2.446867,4.033954
2752512000,63468.5,0.000537,0.012333,0.000552,-0.570312,0.0,0.9902,1.0482,0.00038,0.000485,0.000878,2.433233,4.02102
2753298432,63472.2,0.000665,0.010987,0.000571,-0.574219,0.0,0.9903,1.0483,0.00039,0.000488,0.000819,2.315403,3.97849
2754084864,63469.4,0.00222,0.021436,0.000539,-0.585938,0.0,0.9904,1.0484,0.000383,0.00045,0.000753,2.114273,3.883237
2754871296,63472.8,-0.004727,0.008954,0.000523,-0.574219,0.0,0.9905,1.0486,0.000366,0.000497,0.000625,2.096313,3.821074
2755657728,63476.2,0.003079,0.009443,0.000513,-0.570312,0.0,0.9905,1.0486,0.000357,0.000457,0.000749,2.185858,3.884509
2756444160,63474.2,0.001538,0.018944,0.000531,-0.589844,0.0,0.9905,1.0485,0.000347,0.000411,0.000588,2.321811,3.74124
2757230592,63477.6,-0.004122,0.014464,0.00051,-0.59375,0.0,0.9905,1.0482,0.000469,0.000472,0.000851,2.484563,4.141847
2758017024,63481.1,0.002632,0.017159,0.000517,-0.601562,0.0,0.9905,1.0479,0.000405,0.000502,0.000696,2.476481,4.241215
2758803456,63483.9,-0.002721,0.013888,0.000506,-0.601562,0.0,0.9905,1.048,0.000457,0.000524,0.000719,2.559279,4.311249
2759589888,63475.2,0.000868,0.023557,0.000524,-0.605469,0.0,0.9904,1.0476,0.000546,0.000464,0.000754,2.542363,4.161245
2760376320,63478.7,-0.008983,0.013348,0.000576,-0.589844,0.0,0.9906,1.0478,0.000423,0.000487,0.000795,2.469739,4.104663
2761162752,63482.0,-0.002406,0.011924,0.000562,-0.59375,0.0,0.9908,1.0482,0.000385,0.000548,0.000795,2.477637,4.058084
2761949184,63485.3,-9e-06,0.016024,0.000578,-0.589844,0.0,0.991,1.0483,0.000383,0.000488,0.000892,2.534023,4.230284
2762735616,63481.8,-0.008829,0.024995,0.000561,-0.605469,0.0,0.9911,1.0479,0.000774,0.000677,0.001223,2.316453,3.953621
2763522048,63485.0,-0.000729,0.017981,0.000546,-0.59375,0.0,0.9909,1.0468,0.000668,0.000618,0.001072,2.395355,3.931274
2764308480,63488.5,0.002746,0.012372,0.000548,-0.589844,0.0,0.9909,1.0462,0.000367,0.000538,0.000864,2.299763,3.915314
2765094912,63486.0,0.005189,0.024674,0.000545,-0.589844,0.0,0.9909,1.0456,0.000405,0.000483,0.00068,2.268043,3.915676
2765881344,63489.2,-0.000501,0.013964,0.000518,-0.582031,0.0,0.991,1.0447,0.000611,0.000537,0.000915,2.211773,3.836271
2766667776,63492.4,-0.003001,0.011368,0.000542,-0.570312,0.0,0.9911,1.0437,0.000525,0.000565,0.000954,2.20295,3.845382
2767454208,63495.7,-0.003108,0.012021,0.00053,-0.574219,0.0,0.9911,1.0426,0.000456,0.000522,0.00087,2.279663,3.89454
2768240640,63493.7,-0.00407,0.022339,0.00057,-0.578125,0.0,0.9912,1.0431,0.000418,0.000546,0.000786,2.454666,4.246309
2769027072,63496.9,2.7e-05,0.015885,0.000592,-0.566406,0.0,0.9913,1.0435,0.000414,0.000712,0.000745,2.382847,4.167652
2769813504,63500.0,0.001244,0.01585,0.000607,-0.558594,0.0,0.9914,1.0441,0.000427,0.000468,0.000719,2.491216,4.225153
2770599936,63497.9,-0.003274,0.023211,0.000586,-0.582031,0.0,0.9915,1.0446,0.000457,0.000441,0.000752,2.22633,3.959611
2771386368,63501.3,-0.000199,0.016676,0.000549,-0.582031,0.0,0.9913,1.0442,0.000527,0.000469,0.00109,2.333247,4.073179
2772172800,63504.9,-0.001218,0.016488,0.000553,-0.570312,0.0,0.9912,1.0438,0.000752,0.000484,0.000875,2.356897,4.168141
2772959232,63508.5,0.005251,0.013271,0.000561,-0.5625,0.0,0.9911,1.0435,0.000502,0.000492,0.000817,2.23726,3.991502
2773745664,63505.6,-0.002688,0.02324,0.000571,-0.566406,0.0,0.9911,1.0432,0.000505,0.00048,0.000813,2.124589,3.867181
2774532096,63508.5,-0.001294,0.012625,0.000621,-0.550781,0.0,0.9911,1.0432,0.000486,0.000488,0.000899,2.162485,3.896488
2775318528,63511.8,0.004331,0.014614,0.000593,-0.550781,0.0,0.9911,1.0427,0.000401,0.000607,0.00083,2.169618,3.857571
2776104960,63509.2,-0.004444,0.022117,0.000597,-0.5625,0.0,0.9911,1.0426,0.000425,0.000475,0.000723,2.266201,4.467933
2776891392,63512.3,-0.00295,0.01211,0.000546,-0.578125,0.0,0.9909,1.0425,0.000433,0.000437,0.000698,2.317918,4.142005
2777677824,63515.8,-0.004716,0.012342,0.00053,-0.574219,0.0,0.9906,1.0422,0.000423,0.000478,0.000802,2.324952,4.059659
2778464256,63519.0,-0.000276,0.014606,0.000525,-0.582031,0.0,0.9903,1.0416,0.000372,0.000466,0.000646,2.348848,4.096828
2779250688,63513.5,-0.003039,0.022334,0.000531,-0.601562,0.0,0.9902,1.0421,0.000339,0.000438,0.000706,2.398941,4.128027
2780037120,63516.9,-0.00036,0.014375,0.000548,-0.585938,0.0,0.9904,1.0434,0.000327,0.000514,0.000637,2.334558,3.996213
2780823552,63520.3,0.006837,0.01611,0.000558,-0.578125,0.0,0.9905,1.0448,0.000372,0.000461,0.000762,2.315984,4.075137
2781609984,63517.8,-0.004933,0.021116,0.000569,-0.601562,0.0,0.9906,1.0458,0.000322,0.000493,0.00057,2.255355,3.761055
2782396416,63521.2,0.005473,0.016327,0.000576,-0.585938,0.0,0.9905,1.0463,0.00039,0.000539,0.000753,2.384144,4.054163
2783182848,63524.6,-0.001491,0.009099,0.000586,-0.582031,0.0,0.9905,1.0472,0.000384,0.000459,0.000626,2.365029,4.064883
2783969280,63528.0,0.005199,0.013722,0.000577,-0.585938,0.0,0.9906,1.048,0.000404,0.00047,0.000696,2.329401,4.169935
2784755712,63525.6,0.004355,0.020806,0.000555,-0.597656,0.0,0.9904,1.048,0.000352,0.000375,0.000651,2.363347,4.193274
2785542144,63528.8,0.006229,0.009971,0.000524,-0.582031,0.0,0.9903,1.0476,0.000446,0.000363,0.000727,2.362534,4.056064
2786328576,63532.6,0.004677,0.009373,0.000537,-0.585938,0.0,0.9901,1.0472,0.000399,0.000371,0.000581,2.353467,4.058399
2787115008,63536.4,-0.004518,0.009302,0.000529,-0.578125,0.0,0.9901,1.047,0.000384,0.000412,0.000758,2.435757,3.967411
2787901440,63533.8,0.001295,0.023019,0.000532,-0.605469,0.0,0.9902,1.0476,0.000384,0.000488,0.000704,2.341018,4.058843
2788687872,63537.1,-0.0103,0.012942,0.00053,-0.59375,0.0,0.9903,1.048,0.000396,0.000501,0.000667,2.432634,4.125019
2789474304,63540.5,0.002202,0.014076,0.000532,-0.585938,0.0,0.9904,1.0486,0.000318,0.000462,0.000716,2.289872,4.168398
2790260736,63537.8,0.001115,0.030283,0.00053,-0.609375,0.0,0.9904,1.0488,0.00037,0.000413,0.00072,2.38181,3.982641
2791047168,63541.0,0.002644,0.016586,0.00052,-0.589844,0.0,0.9902,1.048,0.000378,0.000448,0.000696,2.414279,4.007877
2791833600,63544.1,0.000836,0.015545,0.000541,-0.597656,0.0,0.9902,1.0476,0.000454,0.000383,0.000684,2.383604,3.955953
2792620032,63547.3,-0.000974,0.014435,0.000521,-0.597656,0.0,0.9902,1.0473,0.00049,0.000354,0.000696,2.374492,3.994572
2793406464,63544.9,-0.007614,0.020727,0.000539,-0.589844,0.0,0.9902,1.0475,0.000427,0.000361,0.000564,2.426984,4.206326
2794192896,63548.4,-0.002698,0.012404,0.000553,-0.585938,0.0,0.9905,1.048,0.000455,0.000473,0.000676,2.426548,4.083166
2794979328,63551.8,0.001453,0.010144,0.00053,-0.582031,0.0,0.9905,1.0486,0.000322,0.000439,0.000676,2.463666,4.055984
2795765760,63549.0,-0.002422,0.018207,0.000544,-0.589844,0.0,0.9905,1.0484,0.000345,0.000351,0.000614,2.238984,3.853525
2796552192,63552.1,-0.00536,0.01133,0.000529,-0.582031,0.0,0.9904,1.0479,0.000325,0.000577,0.000758,2.26556,3.934797
2797338624,63555.2,-0.007039,0.009698,0.000503,-0.589844,0.0,0.9903,1.0478,0.000385,0.000492,0.000795,2.202704,3.957019
2798125056,63558.2,-0.003454,0.010706,0.000514,-0.578125,0.0,0.9902,1.0475,0.000409,0.000411,0.000743,2.280955,3.925448
2798911488,63555.7,0.0027,0.022816,0.000538,-0.613281,0.0,0.9904,1.0477,0.000421,0.000365,0.000693,2.549301,4.004185
2799697920,63558.7,-0.011671,0.00984,0.000536,-0.601562,0.0,0.9903,1.0476,0.000339,0.000472,0.000624,2.452642,4.07788
2800484352,63560.7,-0.003002,0.010574,0.000537,-0.605469,0.0,0.9903,1.0477,0.000376,0.0004,0.000709,2.486111,4.166105
2801270784,63558.5,0.001118,0.022529,0.000525,-0.601562,0.0,0.9903,1.0478,0.000372,0.000388,0.000588,2.438671,4.142396
2802057216,63562.0,0.002345,0.017429,0.000568,-0.578125,0.0,0.9904,1.0474,0.000407,0.000465,0.000591,2.277668,4.024081
2802843648,63565.3,-0.003078,0.014472,0.000561,-0.574219,0.0,0.9903,1.0472,0.000458,0.000532,0.000724,2.35255,3.984221
2803630080,63568.7,0.003106,0.013696,0.000553,-0.574219,0.0,0.9902,1.0468,0.000384,0.000409,0.000631,2.395452,4.026662
2804416512,63566.4,-0.002781,0.025264,0.000578,-0.597656,0.0,0.9902,1.0467,0.000422,0.000396,0.000753,2.436177,4.143953
2805202944,63569.7,0.002614,0.015751,0.000548,-0.589844,0.0,0.9902,1.0462,0.000371,0.000513,0.000865,2.451118,4.298364
2805989376,63573.0,-0.00112,0.012457,0.000563,-0.589844,0.0,0.9901,1.0457,0.000295,0.000402,0.000807,2.611045,4.224168
2806775808,63570.5,0.002711,0.020265,0.000557,-0.597656,0.0,0.99,1.0453,0.000343,0.000308,0.000618,2.122759,3.630018
2807562240,63573.7,-0.005575,0.008465,0.00055,-0.582031,0.0,0.9901,1.0456,0.000418,0.000435,0.000675,2.225307,3.780321
2808348672,63577.0,0.00295,0.007254,0.000542,-0.585938,0.0,0.9901,1.0459,0.000339,0.000336,0.000567,2.28423,3.939785
2809135104,63580.3,0.004519,0.009371,0.000568,-0.578125,0.0,0.9901,1.0461,0.000325,0.000397,0.000503,2.29827,3.905015
2809921536,63578.0,3.9e-05,0.02138,0.000558,-0.59375,0.0,0.9902,1.0464,0.000396,0.000362,0.000563,2.397442,4.151479
2810707968,63581.2,0.001677,0.016286,0.000557,-0.585938,0.0,0.9901,1.0462,0.000324,0.000432,0.000661,2.388759,4.131233
2811494400,63584.7,-0.005719,0.011987,0.00055,-0.578125,0.0,0.9903,1.0464,0.000394,0.000504,0.000739,2.424467,4.060351
2812280832,63588.1,-0.000455,0.015363,0.000555,-0.574219,0.0,0.9903,1.0464,0.000366,0.000473,0.000653,2.290869,4.027075
2813067264,63585.9,-0.007944,0.019063,0.000516,-0.601562,0.0,0.9903,1.0464,0.000349,0.000474,0.000753,2.416749,4.257491
2813853696,63589.4,-0.004026,0.01182,0.000517,-0.589844,0.0,0.9904,1.0464,0.000341,0.000516,0.000832,2.258975,4.142438
2814640128,63592.7,-0.001385,0.012225,0.000522,-0.59375,0.0,0.9905,1.0465,0.000276,0.000438,0.000777,2.363932,4.047557
2815426560,63590.2,0.000733,0.01958,0.00054,-0.601562,0.0,0.9905,1.0466,0.000294,0.000348,0.000653,2.394769,4.02846
2816212992,63593.6,-0.002969,0.011734,0.000564,-0.59375,0.0,0.9906,1.0465,0.000472,0.000401,0.000586,2.400572,3.956876
2816999424,63597.0,0.00229,0.014116,0.000565,-0.59375,0.0,0.9906,1.0464,0.000347,0.000407,0.00064,2.360942,4.045697
2817785856,63600.4,0.008603,0.011705,0.000575,-0.585938,0.0,0.9906,1.0464,0.000342,0.000401,0.000593,2.349087,4.104858
2818572288,63597.9,-0.00338,0.021087,0.000596,-0.589844,0.0,0.9905,1.0464,0.000333,0.000314,0.000543,2.288764,4.07744
2819358720,63601.0,0.004837,0.010821,0.000581,-0.574219,0.0,0.9906,1.0466,0.00035,0.00041,0.000543,2.272677,3.929039
2820145152,63604.4,-0.005352,0.009252,0.000591,-0.578125,0.0,0.9907,1.0466,0.000366,0.000428,0.000646,2.356961,3.97681
2820931584,63602.4,0.00018,0.020786,0.000582,-0.59375,0.0,0.9907,1.0468,0.000275,0.000352,0.000579,2.415854,4.006164
2821718016,63606.0,-0.004522,0.011135,0.000556,-0.589844,0.0,0.9908,1.0473,0.000314,0.00048,0.000683,2.424189,4.115173
2822504448,63609.6,-0.004157,0.012244,0.000565,-0.589844,0.0,0.9909,1.0475,0.000332,0.000545,0.000637,2.507203,4.163394
2823290880,63613.1,-0.005766,0.012004,0.000574,-0.59375,0.0,0.9909,1.0479,0.000277,0.000583,0.000646,2.410342,4.113293
2824077312,63611.1,0.005699,0.024418,0.00055,-0.589844,0.0,0.9908,1.048,0.000501,0.000369,0.000585,2.478417,3.967688
2824863744,63614.4,-0.002776,0.01029,0.00052,-0.582031,0.0,0.9908,1.0482,0.000437,0.000362,0.000539,2.410756,3.848094
2825650176,63617.6,-0.004454,0.009953,0.00055,-0.582031,0.0,0.9906,1.0482,0.000372,0.000379,0.000663,2.470043,4.147573
2826436608,63614.6,-0.003372,0.020264,0.000526,-0.601562,0.0,0.9904,1.0482,0.000282,0.000391,0.000497,2.48722,4.191537
2827223040,63617.7,-9.1e-05,0.016191,0.000579,-0.605469,0.0,0.9903,1.0476,0.000458,0.000392,0.000729,2.35942,4.055868
2828009472,63621.0,-0.004394,0.014158,0.000568,-0.605469,0.0,0.9903,1.0472,0.000451,0.000468,0.000665,2.468472,3.971152
2828795904,63624.3,-0.003864,0.011948,0.000565,-0.601562,0.0,0.9902,1.0468,0.000435,0.000385,0.000646,2.495416,3.9142
2829582336,63622.1,-0.003428,0.02517,0.000521,-0.625,0.0,0.9902,1.0465,0.000281,0.000341,0.000743,2.518941,4.119548
2830368768,63625.3,-0.001411,0.016011,0.000508,-0.613281,0.0,0.99,1.046,0.00035,0.000415,0.000701,2.507371,4.148136
2831155200,63628.7,0.004352,0.015846,0.000519,-0.605469,0.0,0.9899,1.0454,0.000376,0.000409,0.000648,2.528476,4.157777
2831941632,63626.2,-0.003293,0.021369,0.000532,-0.617188,0.0,0.9898,1.045,0.00044,0.000345,0.000528,2.253788,3.951127
2832728064,63629.7,0.004148,0.019668,0.000539,-0.582031,0.0,0.9899,1.0449,0.000325,0.000496,0.000769,2.4182,4.129507
2833514496,63633.2,-0.00477,0.018473,0.000562,-0.589844,0.0,0.9899,1.0449,0.000314,0.000546,0.000682,2.466053,4.115392
2834300928,63636.8,-0.005032,0.017714,0.000558,-0.589844,0.0,0.9898,1.0448,0.000345,0.000482,0.000701,2.440109,4.149402
2835087360,63634.5,0.000904,0.021461,0.000556,-0.617188,0.0,0.9898,1.0448,0.000288,0.000403,0.000467,2.457137,4.010572
2835873792,63638.0,-0.004952,0.010754,0.000535,-0.609375,0.0,0.9898,1.0446,0.000282,0.000362,0.000658,2.315603,3.924877
2836660224,63641.4,0.000107,0.01014,0.000538,-0.605469,0.0,0.9898,1.0443,0.000304,0.000332,0.000705,2.392723,3.940829
2837446656,63644.7,-0.003133,0.010708,0.000536,-0.613281,0.0,0.9897,1.0441,0.000345,0.000376,0.000493,2.425988,3.972358
2838233088,63642.4,0.007177,0.020706,0.000547,-0.621094,0.0,0.9897,1.044,0.000356,0.000408,0.000602,2.457678,3.977834
2839019520,63645.6,-0.000262,0.018992,0.000522,-0.613281,0.0,0.9897,1.0439,0.000322,0.000496,0.000661,2.430729,4.117606
2839805952,63648.8,-0.000755,0.016469,0.000539,-0.617188,0.0,0.9898,1.044,0.000277,0.000452,0.000628,2.419934,4.048636
2840592384,63646.8,0.00044,0.02704,0.000571,-0.613281,0.0,0.99,1.0441,0.000389,0.000379,0.000553,2.395563,4.020429
2841378816,63650.1,0.00052,0.016372,0.000675,-0.589844,0.0,0.9899,1.0438,0.000466,0.000319,0.00067,2.474675,3.926038
2842165248,63653.5,-0.004015,0.014747,0.000608,-0.589844,0.0,0.9899,1.0434,0.000377,0.000297,0.000688,2.37391,4.04302
2842951680,63656.7,-0.002132,0.013622,0.000599,-0.589844,0.0,0.9899,1.043,0.000353,0.000351,0.00057,2.354007,4.044693
2843738112,63654.2,0.002938,0.023965,0.00057,-0.601562,0.0,0.9901,1.0435,0.000313,0.000406,0.000586,2.342623,3.929602
2844524544,63657.4,-0.006145,0.012663,0.000567,-0.597656,0.0,0.9902,1.0436,0.000281,0.000409,0.000613,2.316465,4.02108
2845310976,63660.3,-0.000373,0.0128,0.000579,-0.601562,0.0,0.9902,1.0437,0.000342,0.000388,0.000585,2.425549,3.92279
2846097408,63658.1,-0.007753,0.020648,0.000569,-0.613281,0.0,0.9903,1.044,0.000348,0.000368,0.000826,2.451298,4.109812
2846883840,63661.4,-0.0062,0.01188,0.000552,-0.613281,0.0,0.9904,1.0447,0.000362,0.000555,0.000566,2.542511,4.133451
2847670272,63664.6,0.000831,0.013273,0.000563,-0.597656,0.0,0.9904,1.0452,0.000375,0.00055,0.000506,2.399459,4.162407
2848456704,63668.0,-0.009194,0.013941,0.000562,-0.601562,0.0,0.9906,1.0459,0.000328,0.000501,0.00062,2.563442,4.195882
2849243136,63666.1,0.005154,0.020779,0.00053,-0.605469,0.0,0.9905,1.0458,0.000287,0.000324,0.000534,2.397259,3.949501
2850029568,63669.4,-0.00179,0.009221,0.000532,-0.582031,0.0,0.9906,1.0461,0.000344,0.000356,0.000633,2.357154,3.964282
2850816000,63672.7,0.008754,0.009852,0.000537,-0.582031,0.0,0.9906,1.0462,0.000271,0.00029,0.000519,2.367877,4.094744
2851602432,63659.6,0.002131,0.01958,0.00051,-0.605469,0.0,0.9904,1.046,0.000214,0.000324,0.000531,2.54401,4.481143
2852388864,63662.3,-0.005285,0.01464,0.00056,-0.59375,0.0,0.9904,1.0461,0.00031,0.000407,0.000589,2.507765,4.375638
2853175296,63665.6,-0.003396,0.015712,0.000568,-0.585938,0.0,0.9905,1.0464,0.000293,0.000441,0.000576,2.630451,4.245107
2853961728,63668.8,0.000318,0.015255,0.000568,-0.585938,0.0,0.9904,1.0462,0.000312,0.000425,0.00064,2.420537,4.188024
2854748160,63666.1,-0.004705,0.025932,0.000567,-0.601562,0.0,0.9903,1.046,0.000282,0.000301,0.000486,2.264933,4.053584
2855534592,63668.6,-0.002473,0.015665,0.000567,-0.59375,0.0,0.9902,1.0459,0.000377,0.00032,0.000583,2.214529,4.022573
2856321024,63672.2,-0.001765,0.017493,0.00058,-0.589844,0.0,0.99,1.0456,0.000334,0.000354,0.000512,2.311588,3.980246
2857107456,63669.9,-0.010178,0.022092,0.000588,-0.601562,0.0,0.9899,1.0454,0.000245,0.000315,0.000582,2.319056,4.019156
2857893888,63673.1,0.000925,0.012885,0.000558,-0.589844,0.0,0.9901,1.046,0.000304,0.000375,0.000558,2.361937,3.976231
2858680320,63676.8,-0.002604,0.014353,0.000543,-0.597656,0.0,0.9903,1.0467,0.000316,0.000435,0.000584,2.308101,3.981528
2859466752,63680.5,-0.004596,0.012228,0.000578,-0.59375,0.0,0.9906,1.0474,0.000332,0.000409,0.00058,2.333276,4.100832
2860253184,63678.9,-0.001264,0.025701,0.000548,-0.617188,0.0,0.9905,1.0473,0.000301,0.000331,0.000477,2.413851,4.114266
2861039616,63682.4,0.001011,0.014933,0.000541,-0.605469,0.0,0.9904,1.0473,0.000344,0.000278,0.000509,2.473777,4.023864
2861826048,63685.6,-0.001879,0.012874,0.000535,-0.609375,0.0,0.9903,1.0474,0.000298,0.000311,0.000487,2.407416,3.952162
2862612480,63683.9,0.005922,0.022591,0.000525,-0.609375,0.0,0.9902,1.0472,0.000245,0.00028,0.000435,2.489,4.065351
2863398912,63687.7,-2.6e-05,0.012,0.000488,-0.632812,0.0,0.9902,1.0468,0.000339,0.000321,0.000545,2.622777,4.3754
2864185344,63691.4,-0.000867,0.010064,0.000509,-0.621094,0.0,0.9903,1.0464,0.000289,0.000302,0.000464,2.620867,4.295015
2864971776,63695.2,-0.00445,0.009382,0.000495,-0.625,0.0,0.9902,1.046,0.000232,0.000291,0.000516,2.597866,4.24368
2865758208,63692.1,0.001604,0.021167,0.000519,-0.628906,0.0,0.9904,1.0463,0.000267,0.000231,0.000532,2.452199,4.210433
2866544640,63695.4,-0.010486,0.009234,0.000525,-0.582031,0.0,0.9904,1.0468,0.000258,0.000283,0.000588,2.498922,4.040836
2867331072,63698.7,-0.002434,0.010304,0.000549,-0.582031,0.0,0.9904,1.0473,0.000229,0.00031,0.000495,2.418313,4.09267
2868117504,63702.0,0.00138,0.01076,0.000528,-0.578125,0.0,0.9905,1.0479,0.000309,0.000324,0.000649,2.415826,4.068065
2868903936,63699.7,-0.00082,0.025816,0.000565,-0.609375,0.0,0.9906,1.0479,0.000304,0.000329,0.000464,2.587758,4.300134
2869690368,63702.1,0.001747,0.015633,0.00056,-0.609375,0.0,0.9905,1.0477,0.000307,0.000315,0.000515,2.497713,4.251045
2870476800,63705.5,-8.1e-05,0.017054,0.000565,-0.609375,0.0,0.9903,1.0472,0.000271,0.000369,0.00056,2.572906,4.101695
2871263232,63702.8,-0.002097,0.021174,0.000573,-0.613281,0.0,0.9906,1.0475,0.000273,0.00028,0.000498,2.31282,3.989448
2872049664,63706.1,0.004843,0.015895,0.00057,-0.605469,0.0,0.9905,1.0472,0.000364,0.000323,0.000625,2.326087,4.026859
2872836096,63709.1,0.000686,0.011372,0.000585,-0.605469,0.0,0.9906,1.0471,0.000333,0.000332,0.000689,2.39427,4.03679
2873622528,63712.4,0.001836,0.012616,0.000591,-0.597656,0.0,0.9905,1.0467,0.000346,0.000281,0.000576,2.402472,4.017791
2874408960,63709.9,0.001555,0.021765,0.00058,-0.621094,0.0,0.9904,1.0465,0.000291,0.000354,0.000441,2.732655,4.2552
2875195392,63713.4,-0.006936,0.011397,0.000556,-0.613281,0.0,0.9902,1.0459,0.000298,0.000375,0.000489,2.642534,4.139522
2875981824,63716.9,-0.001314,0.015246,0.000553,-0.613281,0.0,0.9899,1.0453,0.000288,0.000345,0.000468,2.55248,4.312032
2876768256,63713.5,0.001027,0.020942,0.000548,-0.621094,0.0,0.9898,1.0454,0.000256,0.000302,0.000469,2.578022,4.23719
2877554688,63716.2,1.7e-05,0.012581,0.000554,-0.617188,0.0,0.99,1.0456,0.000431,0.000299,0.000494,2.672429,4.253401
2878341120,63719.6,0.007543,0.010007,0.000574,-0.617188,0.0,0.9901,1.0458,0.000303,0.000319,0.000481,2.626006,4.105395
2879127552,63723.2,-0.008351,0.007934,0.000549,-0.613281,0.0,0.9902,1.0462,0.000269,0.000292,0.000467,2.555542,4.117984
2879913984,63721.1,-0.002506,0.020497,0.00056,-0.601562,0.0,0.9902,1.0466,0.000346,0.000237,0.000475,2.492432,4.139382
2880700416,63724.1,-0.005919,0.011432,0.000543,-0.585938,0.0,0.9902,1.0476,0.000339,0.000265,0.000461,2.41236,4.163295
2881486848,63727.3,-0.00535,0.011178,0.000563,-0.582031,0.0,0.9901,1.0481,0.000293,0.000238,0.000515,2.462982,4.156541
2882273280,63725.4,0.00337,0.018902,0.000551,-0.597656,0.0,0.9901,1.0481,0.000272,0.000253,0.000508,2.175624,4.0948
2883059712,63728.1,0.00331,0.011086,0.000521,-0.582031,0.0,0.9901,1.0482,0.000269,0.000309,0.000472,2.381073,3.986148
2883846144,63731.2,0.002083,0.010542,0.000531,-0.582031,0.0,0.9902,1.0481,0.000198,0.000346,0.000503,2.435711,4.051136
2884632576,63734.7,0.000488,0.011183,0.000517,-0.582031,0.0,0.9902,1.0484,0.000205,0.000271,0.000435,2.391702,4.063685
2885419008,63733.0,-0.002526,0.017421,0.000518,-0.613281,0.0,0.9903,1.0491,0.000226,0.000224,0.000465,2.598446,4.325191
2886205440,63736.5,0.001686,0.014003,0.000549,-0.613281,0.0,0.9905,1.0497,0.000273,0.000321,0.000501,2.588677,4.233237
2886991872,63740.0,0.002195,0.011701,0.000543,-0.613281,0.0,0.9906,1.0505,0.000242,0.00024,0.000479,2.551074,4.315282
2887778304,63738.3,-0.000953,0.02001,0.000534,-0.625,0.0,0.9907,1.051,0.000214,0.000207,0.000297,2.997638,3.29564
2888564736,63741.9,-0.000928,0.014199,0.000572,-0.609375,0.0,0.9908,1.0515,0.000429,0.000363,0.000611,2.409433,3.971626
2889351168,63745.4,-0.001254,0.011536,0.000566,-0.609375,0.0,0.9909,1.0519,0.000388,0.000297,0.000619,2.348472,4.036172
2890137600,63749.1,-0.002393,0.011141,0.000576,-0.601562,0.0,0.9908,1.0521,0.000258,0.000283,0.000545,2.368517,4.018349
2890924032,63747.4,-1.3e-05,0.021264,0.000563,-0.617188,0.0,0.9912,1.0529,0.000225,0.00025,0.000481,2.379444,3.903801
2891710464,63750.6,0.004663,0.014068,0.000587,-0.59375,0.0,0.9912,1.0529,0.000221,0.000229,0.000539,2.491025,3.973192
2892496896,63753.0,-0.006205,0.009881,0.000562,-0.597656,0.0,0.9913,1.053,0.000273,0.000217,0.000562,2.348565,4.050099
2893283328,63756.6,-0.004162,0.011439,0.000578,-0.597656,0.0,0.9913,1.053,0.00027,0.000233,0.00052,2.404293,4.01568
2894069760,63754.4,-0.004611,0.018545,0.000516,-0.601562,0.0,0.9913,1.0531,0.000223,0.000223,0.000416,2.37129,4.082817
2894856192,63757.2,0.009933,0.013526,0.000534,-0.582031,0.0,0.9914,1.0535,0.000216,0.000295,0.000411,2.462541,4.078167
2895642624,63760.2,0.005536,0.010974,0.000525,-0.582031,0.0,0.9914,1.0538,0.0002,0.000277,0.000344,2.43639,4.132277
2896429056,63757.9,-0.003009,0.020962,0.000547,-0.589844,0.0,0.9914,1.0537,0.000222,0.000252,0.00043,2.227546,3.976715
2897215488,63761.2,-0.002685,0.012411,0.000565,-0.570312,0.0,0.9913,1.0528,0.000233,0.000237,0.000549,2.302563,4.000043
2898001920,63764.7,-0.003781,0.011555,0.000571,-0.578125,0.0,0.9912,1.0518,0.000234,0.000217,0.000388,2.212731,3.900892
2898788352,63768.1,-0.003695,0.010088,0.000571,-0.574219,0.0,0.991,1.051,0.000186,0.000235,0.000458,2.29562,3.969597
2899574784,63766.1,0.005979,0.02134,0.00059,-0.609375,0.0,0.9911,1.0509,0.000215,0.000265,0.00035,2.58521,4.31165
2900361216,63769.8,-0.004054,0.012586,0.000577,-0.609375,0.0,0.991,1.0505,0.000193,0.000236,0.000395,2.626676,4.188256
2901147648,63772.8,0.004236,0.013158,0.000577,-0.605469,0.0,0.991,1.0501,0.000183,0.000281,0.000408,2.608911,4.210055
2901934080,63770.8,0.001718,0.020174,0.000551,-0.621094,0.0,0.991,1.0501,0.000204,0.000222,0.000368,2.40061,4.004595
2902720512,63774.0,-0.000428,0.015515,0.000559,-0.609375,0.0,0.991,1.0499,0.000267,0.000331,0.000458,2.427474,3.87282
2903506944,63776.7,0.001886,0.011827,0.00056,-0.601562,0.0,0.991,1.0497,0.000264,0.000274,0.000474,2.330401,3.961101
2904293376,63780.2,0.002473,0.014889,0.000567,-0.609375,0.0,0.9909,1.0492,0.000201,0.000308,0.000417,2.362733,3.864536
2905079808,63777.9,-0.000663,0.024003,0.000542,-0.613281,0.0,0.9909,1.049,0.000205,0.000249,0.000471,2.421947,4.191119
2905866240,63781.3,-0.007883,0.010952,0.000519,-0.601562,0.0,0.9908,1.049,0.000213,0.00025,0.000506,2.475689,4.03907
2906652672,63784.8,-0.000416,0.011567,0.000521,-0.601562,0.0,0.9907,1.0489,0.000196,0.000251,0.000457,2.448803,4.16113
2907439104,63782.9,0.002096,0.021126,0.00053,-0.609375,0.0,0.9907,1.0488,0.000199,0.000189,0.000434,2.329494,4.279619
2908225536,63786.4,-0.001056,0.011104,0.000535,-0.59375,0.0,0.9908,1.0493,0.00027,0.000199,0.000355,2.42736,4.151763
2909011968,63789.8,0.001783,0.012197,0.000534,-0.59375,0.0,0.9909,1.05,0.000213,0.000247,0.000501,2.513154,4.058115
2909798400,63793.2,0.005428,0.010617,0.000539,-0.597656,0.0,0.9911,1.0505,0.000191,0.000225,0.000311,2.478299,4.173859
2910584832,63790.3,0.003458,0.020794,0.000527,-0.613281,0.0,0.9911,1.0506,0.000231,0.0002,0.000331,2.424671,4.089332
2911371264,63793.7,-0.007209,0.009905,0.000508,-0.597656,0.0,0.9909,1.0501,0.000258,0.000194,0.000356,2.454156,4.131765
2912157696,63797.0,-0.012391,0.00969,0.000519,-0.605469,0.0,0.9908,1.0498,0.000228,0.000189,0.000298,2.432784,4.044069
2912944128,63794.5,0.001493,0.021223,0.000513,-0.601562,0.0,0.9905,1.0493,0.000206,0.000185,0.000333,2.679377,3.095096
2913730560,63797.8,-0.000739,0.01609,0.000553,-0.589844,0.0,0.9908,1.0499,0.000213,0.000289,0.000507,2.298826,3.979633
2914516992,63801.2,0.002276,0.016965,0.000559,-0.59375,0.0,0.9908,1.0501,0.000202,0.000241,0.000559,2.348581,4.00604
2915303424,63804.5,-0.002026,0.015511,0.000555,-0.59375,0.0,0.9909,1.0503,0.000224,0.000225,0.000396,2.300957,3.807734
2916089856,63802.9,0.002902,0.022394,0.000531,-0.601562,0.0,0.991,1.0503,0.000247,0.00026,0.000373,2.250123,3.778032
2916876288,63806.3,-0.004616,0.011318,0.000505,-0.578125,0.0,0.991,1.05,0.000251,0.000272,0.000448,2.320933,3.739914
2917662720,63809.7,-0.003936,0.01269,0.000512,-0.578125,0.0,0.991,1.0498,0.000181,0.000204,0.0004,2.266661,3.843287
2918449152,63812.6,0.00248,0.01214,0.000515,-0.574219,0.0,0.9909,1.0494,0.000205,0.00022,0.000309,2.262591,3.885225
2919235584,63811.0,0.000663,0.019521,0.000647,-0.605469,0.0,0.9908,1.0491,0.000227,0.000163,0.000322,2.357048,4.145681
2920022016,63813.8,-0.000771,0.012117,0.000672,-0.582031,0.0,0.9907,1.0486,0.000207,0.000154,0.000322,2.427061,4.101558
2920808448,63816.8,0.008386,0.011792,0.000658,-0.582031,0.0,0.9905,1.0483,0.000194,0.000216,0.000297,2.364098,3.987521
2921594880,63814.6,0.001596,0.020741,0.000631,-0.605469,0.0,0.9906,1.048,0.000186,0.000204,0.000302,2.314553,4.066227
2922381312,63817.7,-0.004282,0.015026,0.000574,-0.59375,0.0,0.9905,1.0468,0.000202,0.000201,0.000346,2.356973,3.969411
2923167744,63820.9,0.004374,0.013865,0.00056,-0.597656,0.0,0.9905,1.0457,0.000162,0.000209,0.000395,2.361138,4.001176
2923954176,63824.2,0.003044,0.016006,0.000558,-0.59375,0.0,0.9904,1.0442,0.000176,0.000221,0.00038,2.3266,4.032867
2924740608,63822.6,-0.006422,0.022474,0.000536,-0.597656,0.0,0.9901,1.0435,0.000203,0.000181,0.000459,2.406591,4.113254
2925527040,63825.5,-0.005686,0.011875,0.000509,-0.585938,0.0,0.9898,1.043,0.000141,0.000219,0.000308,2.487231,4.033583
2926313472,63828.8,0.001858,0.01554,0.000518,-0.582031,0.0,0.9896,1.0425,0.000167,0.000172,0.000308,2.398432,4.201269
2927099904,63827.5,-0.000835,0.018963,0.000509,-0.605469,0.0,0.9894,1.0422,0.000189,0.000184,0.000261,2.51863,4.141071
2927886336,63831.1,-0.001193,0.010553,0.000542,-0.601562,0.0,0.9894,1.0419,0.000189,0.000257,0.00029,2.579491,4.316839
2928672768,63834.7,0.001558,0.012419,0.000539,-0.597656,0.0,0.9895,1.0418,0.000154,0.000218,0.000351,2.385094,4.286138
2929459200,63838.3,-0.004574,0.010311,0.000537,-0.601562,0.0,0.9896,1.0417,0.000172,0.00018,0.000278,2.443295,4.276701
2930245632,63836.6,0.009357,0.0208,0.000554,-0.609375,0.0,0.9897,1.0418,0.000155,0.000157,0.000264,2.492996,4.33864
2931032064,63840.1,-0.000883,0.010439,0.000537,-0.601562,0.0,0.9897,1.0419,0.000202,0.000183,0.000359,2.44465,4.249244
2931818496,63843.6,0.000735,0.010282,0.000522,-0.601562,0.0,0.9897,1.0419,0.000115,0.000195,0.000301,2.514537,4.290806
2932604928,63842.3,-0.004627,0.018648,0.000557,-0.609375,0.0,0.9897,1.042,0.00014,0.000164,0.000271,2.267828,4.178976
2933391360,63845.7,0.001506,0.013557,0.000512,-0.582031,0.0,0.9895,1.0418,0.000124,0.00017,0.000258,2.29136,3.959215
2934177792,63848.9,0.002174,0.010072,0.000522,-0.582031,0.0,0.9895,1.0417,0.000138,0.000147,0.000264,2.378253,3.859469
2934964224,63851.9,-0.002942,0.010713,0.000526,-0.589844,0.0,0.9894,1.0418,0.000185,0.000156,0.000283,2.34876,4.02371
2935750656,63850.1,0.003129,0.022898,0.000538,-0.609375,0.0,0.9895,1.0421,0.000144,0.000129,0.000264,2.48947,4.185802
2936537088,63852.4,-0.002661,0.011211,0.000578,-0.597656,0.0,0.9895,1.0419,0.000194,0.000176,0.000391,2.520646,4.072962
2937323520,63855.7,0.003792,0.010917,0.000587,-0.59375,0.0,0.9898,1.0419,0.000205,0.000188,0.000333,2.490902,4.131605
2938109952,63853.7,-0.005672,0.018785,0.000572,-0.601562,0.0,0.9898,1.0422,0.000145,0.000152,0.000282,2.885888,3.405885
2938896384,63857.1,-0.003818,0.014952,0.000545,-0.59375,0.0,0.9899,1.0432,0.000123,0.000204,0.000271,2.426779,4.154832
2939682816,63860.3,0.001175,0.014267,0.000573,-0.585938,0.0,0.9899,1.0443,0.000126,0.000187,0.000322,2.459484,4.121359
2940469248,63863.7,-2.7e-05,0.016118,0.000564,-0.597656,0.0,0.99,1.0454,0.000141,0.000172,0.000332,2.401652,4.106405
2941255680,63861.4,0.003688,0.024992,0.000561,-0.613281,0.0,0.9902,1.0456,0.000123,0.000175,0.000244,2.505436,4.083038
2942042112,63863.9,0.00622,0.012536,0.000554,-0.597656,0.0,0.9904,1.0452,9.6e-05,0.00019,0.000245,2.489948,4.001705
2942828544,63867.2,-0.002368,0.01211,0.000555,-0.585938,0.0,0.9906,1.0452,0.000127,0.000181,0.000299,2.36306,4.015493
2943614976,63870.4,-0.003747,0.014038,0.000554,-0.59375,0.0,0.9907,1.045,0.000151,0.000176,0.000294,2.336785,4.155723
2944401408,63868.7,-0.006432,0.023602,0.000529,-0.605469,0.0,0.9905,1.0449,0.000115,0.000148,0.000222,2.395453,4.065139
2945187840,63872.0,0.002166,0.010602,0.000526,-0.59375,0.0,0.9904,1.0449,0.000133,0.000157,0.000246,2.453234,4.137231
2945974272,63875.5,0.002495,0.012397,0.000554,-0.589844,0.0,0.9903,1.045,0.000121,0.000135,0.000226,2.374677,4.030991
2946760704,63873.9,-0.000753,0.020223,0.000532,-0.613281,0.0,0.9903,1.0451,0.000111,0.000117,0.000179,2.470731,3.935225
2947547136,63877.3,-0.000532,0.012112,0.000507,-0.589844,0.0,0.9903,1.0454,0.000113,0.000135,0.000236,2.341702,4.121341
2948333568,63880.6,-0.002812,0.013281,0.000522,-0.59375,0.0,0.9902,1.0458,0.000112,0.000143,0.000265,2.319338,4.061933
2949120000,63883.9,-0.001409,0.010308,0.000527,-0.59375,0.0,0.9902,1.0462,0.00012,0.000149,0.000249,2.396409,4.001272
2949906432,63881.7,0.002806,0.021035,0.000542,-0.597656,0.0,0.9904,1.0464,0.000114,0.00012,0.000241,2.255591,3.939117
2950692864,63885.0,0.004584,0.014048,0.000565,-0.578125,0.0,0.9905,1.0465,0.000191,0.000155,0.000297,2.333289,3.815457
2951479296,63888.3,-0.009305,0.010145,0.000555,-0.582031,0.0,0.9906,1.0468,0.000116,0.000148,0.000267,2.299242,4.071129
2952265728,63886.7,-0.002444,0.019147,0.000568,-0.597656,0.0,0.9907,1.0469,8.8e-05,0.000152,0.000228,2.440926,4.129219
2953052160,63889.9,-0.00165,0.009561,0.000566,-0.585938,0.0,0.9906,1.0473,0.000104,0.000113,0.000214,2.33229,4.171663
2953838592,63893.3,0.001851,0.008719,0.000585,-0.582031,0.0,0.9906,1.0479,0.000117,0.00014,0.00018,2.368018,4.066892
2954625024,63896.7,0.000227,0.011612,0.000582,-0.582031,0.0,0.9905,1.0482,0.000121,0.000126,0.000217,2.425396,3.952323
2955411456,63895.1,0.002294,0.021393,0.000543,-0.589844,0.0,0.9905,1.0483,0.00015,0.000132,0.000223,2.458084,4.23152
2956197888,63897.8,0.002596,0.013636,0.000526,-0.597656,0.0,0.9906,1.0481,0.000167,0.000155,0.000308,2.436773,4.167537
2956984320,63900.2,-0.00039,0.012536,0.000515,-0.597656,0.0,0.9907,1.0477,0.000135,0.000142,0.000298,2.465446,4.207885
2957770752,63898.0,0.003794,0.023598,0.000539,-0.609375,0.0,0.9907,1.0474,9.3e-05,0.000118,0.000228,2.183726,4.184755
2958557184,63901.1,-0.000796,0.016973,0.000593,-0.589844,0.0,0.9906,1.0474,0.000124,9.7e-05,0.000273,2.327278,3.845819
2959343616,63904.1,0.000268,0.014396,0.000605,-0.597656,0.0,0.9906,1.0475,0.000144,0.000118,0.000205,2.329501,3.854254
2960130048,63907.3,-0.001757,0.018221,0.000657,-0.597656,0.0,0.9905,1.0473,0.000146,0.000107,0.000265,2.328959,3.8507
2960916480,63905.6,-0.000906,0.030601,0.000569,-0.609375,0.0,0.9905,1.047,0.000209,0.000116,0.00023,2.422115,4.078884
2961702912,63909.0,0.001591,0.018994,0.000528,-0.597656,0.0,0.9905,1.046,0.000166,0.000159,0.000264,2.343679,4.039911
2962489344,63912.3,0.002682,0.020456,0.000541,-0.597656,0.0,0.9905,1.0451,0.000155,0.000173,0.000245,2.433225,4.070337
2963275776,63910.4,0.001017,0.028091,0.000537,-0.609375,0.0,0.9904,1.044,0.00011,0.000126,0.000177,2.64527,3.232404
2964062208,63913.5,-0.001731,0.013437,0.000587,-0.570312,0.0,0.9904,1.0433,8.7e-05,0.000119,0.000171,2.223168,3.955656
2964848640,63916.2,0.001595,0.011824,0.000573,-0.566406,0.0,0.9902,1.0424,9.7e-05,0.000106,0.000212,2.199523,4.033415
2965635072,63918.8,0.000805,0.014462,0.000566,-0.574219,0.0,0.99,1.0414,0.000123,0.000127,0.00023,2.213262,3.926601
2966421504,63915.8,-0.005201,0.019404,0.000543,-0.597656,0.0,0.9899,1.0411,0.000106,6.9e-05,0.00016,2.464975,4.085954
2967207936,63918.5,-0.000676,0.012088,0.000534,-0.59375,0.0,0.9898,1.0409,0.000104,0.000105,0.000196,2.501152,4.130442
2967994368,63921.5,-0.001247,0.011272,0.000527,-0.597656,0.0,0.9899,1.0409,9.1e-05,0.000109,0.000185,2.556922,4.056243
2968780800,63924.5,-0.008427,0.009164,0.000523,-0.59375,0.0,0.9899,1.041,0.000112,9.9e-05,0.000178,2.36513,4.13394
2969567232,63922.3,-0.00268,0.021832,0.000524,-0.605469,0.0,0.9899,1.0413,7.4e-05,7.3e-05,0.000157,2.45047,4.205189
2970353664,63925.2,-0.003311,0.010875,0.000531,-0.589844,0.0,0.99,1.0418,6.2e-05,9.7e-05,0.000156,2.31091,4.036822
2971140096,63928.0,0.000863,0.011856,0.000531,-0.589844,0.0,0.9901,1.0423,7.7e-05,8.4e-05,0.000145,2.435459,4.007797
2971926528,63925.4,-0.004042,0.020483,0.000526,-0.601562,0.0,0.9901,1.0426,6.6e-05,7e-05,0.000118,2.619488,4.206404
2972712960,63928.4,0.001104,0.01125,0.000541,-0.59375,0.0,0.9902,1.0433,7e-05,7.3e-05,0.000154,2.48057,4.263716
2973499392,63931.3,0.005835,0.011149,0.000546,-0.601562,0.0,0.9903,1.0439,7e-05,7.2e-05,0.00012,2.470588,4.269862
2974285824,63934.3,0.001532,0.00875,0.000538,-0.601562,0.0,0.9905,1.0448,6.7e-05,9.9e-05,0.00019,2.622102,4.24928
2975072256,63931.3,-0.011208,0.021857,0.000549,-0.621094,0.0,0.9906,1.0448,9.6e-05,7e-05,0.000149,2.391134,4.030821
2975858688,63933.7,-0.004035,0.013287,0.000543,-0.601562,0.0,0.9906,1.0445,8.1e-05,5.6e-05,0.000156,2.501168,4.032292
2976645120,63936.4,-0.00502,0.013187,0.000528,-0.601562,0.0,0.9906,1.044,7.1e-05,6.7e-05,0.000166,2.464606,4.009681
2977431552,63933.6,-0.000815,0.024718,0.000544,-0.609375,0.0,0.9906,1.0442,9.5e-05,6.7e-05,0.00017,2.291844,3.954096
2978217984,63936.4,-0.00278,0.013929,0.000548,-0.582031,0.0,0.9906,1.0445,8.7e-05,6e-05,0.000121,2.291762,3.999438
2979004416,63939.4,-0.004152,0.013392,0.000547,-0.578125,0.0,0.9905,1.0452,5.7e-05,8.1e-05,0.000117,2.321557,4.026786
2979790848,63942.4,-2.6e-05,0.011719,0.000552,-0.578125,0.0,0.9905,1.0457,6.7e-05,6.8e-05,0.000123,2.349625,3.915189
2980577280,63940.0,0.004162,0.023793,0.000565,-0.585938,0.0,0.9906,1.0462,5.4e-05,4e-05,7.3e-05,2.159412,3.968321
2981363712,63942.6,-0.004296,0.013095,0.000555,-0.570312,0.0,0.9906,1.0468,5.8e-05,8.7e-05,0.000118,2.174626,3.894569
2982150144,63945.4,0.005169,0.013936,0.000564,-0.566406,0.0,0.9907,1.0475,5.2e-05,6.5e-05,0.000117,2.292039,3.994501
2982936576,63943.3,0.001648,0.021997,0.000564,-0.582031,0.0,0.9908,1.0481,5.8e-05,5.4e-05,8.3e-05,2.23912,4.273341
2983723008,63946.3,-0.001125,0.008701,0.000564,-0.566406,0.0,0.9908,1.0481,6.4e-05,6.2e-05,0.000122,2.379938,4.049491
2984509440,63949.4,-0.003978,0.010319,0.000562,-0.566406,0.0,0.9908,1.0482,6e-05,5e-05,7.4e-05,2.324422,4.036548
2985295872,63952.5,0.002347,0.009107,0.000562,-0.5625,0.0,0.9908,1.048,3.8e-05,4.9e-05,7.9e-05,2.303199,4.194853
2986082304,63950.0,0.001783,0.021813,0.000537,-0.585938,0.0,0.9907,1.0477,4.9e-05,5.3e-05,7.9e-05,2.240051,3.967465
2986868736,63952.8,0.000182,0.009475,0.000517,-0.566406,0.0,0.9907,1.0471,6.9e-05,5e-05,8.4e-05,2.330826,4.046153
2987655168,63955.6,0.002018,0.0122,0.000527,-0.566406,0.0,0.9905,1.0466,7.5e-05,4.8e-05,9.4e-05,2.278929,3.983522
2988441600,63953.5,-0.005794,0.021047,0.000538,-0.582031,0.0,0.9904,1.046,4.8e-05,4.2e-05,7.9e-05,2.872337,3.602307
2989228032,63956.6,0.00299,0.02486,0.000561,-0.585938,0.0,0.9904,1.0455,2.9e-05,3.4e-05,6.4e-05,2.442206,4.203731
2990014464,63959.8,-0.001933,0.019156,0.000558,-0.585938,0.0,0.9901,1.0445,3.5e-05,3.6e-05,7.6e-05,2.472823,4.234603
2990800896,63962.8,-0.004103,0.018251,0.000557,-0.585938,0.0,0.9899,1.0434,2.7e-05,2.6e-05,3.9e-05,2.570512,4.269478
2991587328,63960.6,0.004015,0.022985,0.000596,-0.597656,0.0,0.9898,1.0431,2.9e-05,2.9e-05,3.5e-05,2.329362,4.046696
2992373760,63963.6,0.000854,0.010794,0.000624,-0.574219,0.0,0.9898,1.0438,2.5e-05,2.2e-05,3.4e-05,2.381748,4.070604
2993160192,63966.6,-0.000499,0.012027,0.000671,-0.578125,0.0,0.9897,1.0443,2e-05,2.5e-05,4.9e-05,2.35767,4.018683
2993946624,63969.4,-0.008083,0.009326,0.000635,-0.574219,0.0,0.9898,1.0451,2.3e-05,2.1e-05,3.5e-05,2.438231,4.059375
2994733056,63967.2,-0.001741,0.018692,0.000501,-0.601562,0.0,0.99,1.0456,1.5e-05,2.5e-05,2.6e-05,2.331251,4.07775
2995519488,63970.0,-0.000332,0.008912,0.000495,-0.59375,0.0,0.9901,1.046,1.1e-05,1.5e-05,2.8e-05,2.434134,4.155069
2996305920,63972.7,-0.003411,0.01004,0.000496,-0.585938,0.0,0.9904,1.0466,1.1e-05,1.6e-05,2.4e-05,2.437363,3.961159
2997092352,63970.6,0.002292,0.016983,0.000523,-0.589844,0.0,0.9906,1.0469,9e-06,1e-05,1.4e-05,2.588723,4.195346
2997878784,63973.8,-0.005151,0.007276,0.000546,-0.566406,0.0,0.9906,1.047,8e-06,7e-06,1.6e-05,2.414187,4.201848
2998665216,63976.9,-0.003608,0.009028,0.00054,-0.570312,0.0,0.9906,1.0473,3e-06,5e-06,9e-06,2.425563,4.222494
2999451648,63978.6,-0.00267,0.007718,0.00054,-0.570312,0.0,0.9906,1.0475,2e-06,2e-06,5e-06,2.367616,4.307364
3000238080,63976.5,-0.001139,0.021184,0.000573,-0.589844,0.0,0.9906,1.0478,1e-06,1e-06,1e-06,2.45421,4.298521
