step,sps,policy_loss,value_loss,mi_loss,div_loss,kl_loss,score,mean_return,ego_enc_delta,partner_enc_delta,road_enc_delta,role_std,role_norm,compliance_error
786432,51051.7,-1.4e-05,13.518809,0.011398,-0.039795,0.0,0.1186,-14.9228,0.072019,0.122719,0.172605,0.00128,0.010726,0.0
1572864,61419.5,-0.001218,14.982125,0.000865,-0.095703,0.0,0.1178,-15.0053,0.08582,0.085958,0.087641,0.033445,0.792014,0.0
2359296,65890.0,0.000663,13.827357,0.001146,-0.828125,0.0,0.1177,-14.8532,0.119131,0.114902,0.113396,0.050906,0.686197,0.0
3145728,46455.6,-0.001019,12.825253,0.00317,-0.886719,0.0,0.1221,-14.8566,0.130944,0.09879,0.09627,0.323969,0.213412,0.0
3932160,50361.2,-0.00183,15.907608,0.001145,-1.0625,0.0,0.1301,-14.7888,0.114052,0.058029,0.075713,1.984749,2.846181,0.0
4718592,53258.0,0.000853,16.431862,0.001565,-1.328125,0.0,0.1333,-14.7708,0.098429,0.066538,0.075524,2.529879,2.456771,0.0
5505024,55847.8,0.001983,16.376392,0.001191,-1.3125,0.0,0.1368,-14.6946,0.089559,0.130587,0.084747,2.511994,1.895765,0.0
6291456,48872.4,-0.002943,17.951271,0.001549,-1.304688,0.0,0.1373,-14.6695,0.060957,0.09087,0.058902,2.839312,2.134009,0.0
7077888,51030.5,-0.000519,16.204336,0.001731,-1.304688,0.0,0.136,-14.6773,0.047437,0.075063,0.057387,3.033486,2.355556,0.0
7864320,52892.3,-0.003715,16.382416,0.001527,-1.289062,0.0,0.134,-14.7106,0.044137,0.07246,0.055696,3.049517,2.379309,0.0
8650752,44657.8,0.002191,17.715014,0.001439,-1.296875,0.0,0.1322,-14.7097,0.034686,0.048129,0.033888,3.088031,2.392388,0.0
9437184,46320.7,0.001383,16.378443,0.001397,-1.289062,0.0,0.1313,-14.6039,0.025296,0.040139,0.02827,2.949858,2.277965,0.0
10223616,47787.7,-0.004049,15.944643,0.001358,-1.296875,0.0,0.13,-14.5355,0.03958,0.055072,0.039998,3.207503,2.496582,0.0
11010048,49124.4,-0.01045,14.994368,0.001435,-1.3125,0.0,0.129,-14.4708,0.014804,0.026076,0.017492,3.118073,2.378963,0.0
11796480,47052.1,0.006526,16.667645,0.001389,-1.34375,0.0,0.1282,-14.4029,0.033823,0.036598,0.028591,2.963051,2.249519,0.0
12582912,48256.9,-0.001496,15.850857,0.001412,-1.34375,0.0,0.1273,-14.3554,0.017733,0.025216,0.01755,2.466301,1.831281,0.0
13369344,49378.0,0.000695,16.465998,0.001356,-1.328125,0.0,0.1266,-14.3261,0.009405,0.015381,0.01148,2.778093,2.119803,0.0
14155776,47295.5,-0.005161,18.762077,0.001325,-1.304688,0.0,0.1257,-14.298,0.019271,0.024451,0.018841,2.903958,2.245109,0.0
14942208,48279.5,0.000633,16.797237,0.001399,-1.335938,0.0,0.1255,-14.2743,0.014788,0.019555,0.015298,2.798035,2.115772,0.0
15728640,49212.8,-0.002833,16.595924,0.001387,-1.328125,0.0,0.1252,-14.2599,0.037243,0.031976,0.025825,2.641976,1.954125,0.0
16515072,50119.5,0.005074,16.803545,0.001356,-1.335938,0.0,0.1248,-14.2604,0.030533,0.02983,0.020888,2.469782,1.815895,0.0
17301504,46275.4,0.001226,18.428432,0.00124,-1.351562,0.0,0.1244,-14.2539,0.029107,0.034507,0.025641,2.376523,1.814869,0.0
18087936,47054.9,0.005036,17.665321,0.001243,-1.328125,0.0,0.1239,-14.2458,0.026759,0.030571,0.023495,2.428758,1.819591,0.0
18874368,47824.6,0.004871,16.758381,0.001365,-1.320312,0.0,0.1232,-14.2488,0.015773,0.015145,0.010847,2.286947,1.73388,0.0
19660800,46348.2,-0.004846,17.261305,0.001302,-1.296875,0.0,0.1228,-14.2378,0.018522,0.021157,0.016327,2.236398,1.625964,0.0
20447232,47104.8,0.003176,16.888044,0.001263,-1.28125,0.0,0.1233,-14.2276,0.015383,0.019762,0.013181,1.923102,1.446932,0.0
21233664,47812.3,0.00067,16.901888,0.001265,-1.210938,0.0,0.1238,-14.2219,0.020887,0.027605,0.015,1.872767,1.446305,0.0
22020096,48502.2,-0.008262,17.10568,0.001261,-1.210938,0.0,0.1241,-14.2189,0.010227,0.015489,0.008395,1.977377,1.651875,0.0
22806528,47655.5,-0.00094,17.789448,0.00128,-1.164062,0.0,0.1236,-14.2163,0.024971,0.027503,0.02293,2.065471,1.745922,0.0
23592960,48305.8,5.6e-05,14.13769,0.001166,-1.164062,0.0,0.1213,-14.2177,0.016071,0.014635,0.01403,1.871368,1.653842,0.0
24379392,48918.0,-0.003044,14.200283,0.001061,-1.15625,0.0,0.1191,-14.2208,0.008441,0.009002,0.011644,1.903981,1.66869,0.0
25165824,47703.4,-0.002962,15.547346,0.001031,-1.203125,0.0,0.1172,-14.2196,0.020531,0.017798,0.019797,1.642657,1.529369,0.0
25952256,48261.9,-0.00071,17.045305,0.001266,-1.140625,0.0,0.117,-14.2166,0.020327,0.023503,0.02322,1.996351,1.619821,0.0
26738688,48812.0,-0.001806,17.689837,0.001276,-1.179688,0.0,0.1168,-14.2265,0.026303,0.023377,0.022287,1.831058,1.570554,0.0
27525120,49353.7,-0.002093,17.577116,0.001248,-1.023438,0.0,0.1164,-14.2349,0.020668,0.021711,0.019497,1.800744,1.574665,0.0
28311552,48354.6,0.001258,18.598637,0.001077,-1.054688,0.0,0.1161,-14.2317,0.02478,0.014483,0.013964,1.812093,1.738938,0.0
29097984,48853.3,0.002285,16.51359,0.001025,-1.140625,0.0,0.1158,-14.2022,0.0224,0.014841,0.012059,1.629723,1.601502,0.0
29884416,49345.1,-0.00617,16.822964,0.001028,-1.125,0.0,0.1155,-14.1954,0.024909,0.020928,0.017707,1.602908,1.483951,0.0
30670848,49815.1,-0.005911,17.433292,0.001066,-1.15625,0.0,0.1152,-14.1839,0.016388,0.01263,0.01128,1.720514,1.571947,0.0
31457280,48530.7,0.003736,17.721943,0.001183,-1.039062,0.0,0.1147,-14.1598,0.022096,0.014201,0.008802,1.715681,1.569043,0.0
32243712,48959.7,0.002324,15.847076,0.001156,-1.132812,0.0,0.1145,-14.1402,0.012643,0.010118,0.006442,1.598803,1.631233,0.0
33030144,49280.6,-0.002749,15.425333,0.001085,-1.101562,0.0,0.1144,-14.1024,0.023634,0.009746,0.006637,1.714164,1.625048,0.0
33816576,48466.4,0.001487,17.658365,0.001003,-0.996094,0.0,0.1143,-14.091,0.029872,0.011094,0.008644,1.47842,1.378472,0.0
34603008,48892.7,0.004374,17.889606,0.001237,-1.125,0.0,0.1135,-14.0891,0.020381,0.014059,0.00982,1.634962,1.536252,0.0
35389440,49281.1,-0.00779,17.066839,0.001241,-1.164062,0.0,0.113,-14.0939,0.022751,0.013155,0.009267,1.713093,1.516884,0.0
36175872,49689.4,-0.007627,16.449841,0.001202,-1.15625,0.0,0.1125,-14.0971,0.015913,0.009565,0.007218,1.680592,1.46304,0.0
36962304,48902.3,0.001305,17.216732,0.001013,-1.085938,0.0,0.1112,-14.1236,0.017972,0.017518,0.010216,1.638019,1.461058,0.0
37748736,49285.7,-0.000924,15.763187,0.001002,-1.109375,0.0,0.1093,-14.1471,0.020815,0.019214,0.013182,1.474336,1.37425,0.0
38535168,49677.1,0.002823,15.835365,0.000975,-1.132812,0.0,0.1082,-14.1678,0.018301,0.016825,0.011425,1.535341,1.467354,0.0
39321600,48792.9,0.002001,17.777647,0.00101,-1.054688,0.0,0.1063,-14.201,0.021839,0.01637,0.013401,1.64371,1.500294,0.0
40108032,49144.3,0.001673,15.083479,0.001036,-1.0625,0.0,0.1073,-14.1876,0.013789,0.013748,0.008461,1.592614,1.469934,0.0
40894464,49422.7,0.003745,14.14973,0.001038,-1.09375,0.0,0.1083,-14.1654,0.014614,0.017529,0.01504,1.583852,1.471075,0.0
41680896,49780.8,-0.006611,14.985583,0.001004,-1.109375,0.0,0.1093,-14.1478,0.012226,0.012749,0.010086,1.494971,1.352267,0.0
42467328,48903.6,0.002246,16.928549,0.000919,-1.046875,0.0,0.1091,-14.1562,0.013449,0.009885,0.008537,1.34176,1.346919,0.0
43253760,49256.0,-0.003075,15.743509,0.001014,-1.007812,0.0,0.1075,-14.1759,0.010128,0.008306,0.007943,1.405322,1.367354,0.0
44040192,49586.3,0.002842,14.912037,0.00096,-1.039062,0.0,0.1059,-14.1927,0.017604,0.01644,0.013006,1.367898,1.365,0.0
44826624,48931.0,0.005653,16.133324,0.000942,-0.984375,0.0,0.1045,-14.1947,0.009195,0.005954,0.00564,1.517099,1.308491,0.0
45613056,49233.9,-0.00088,14.57839,0.000967,-1.09375,0.0,0.1026,-14.2195,0.024621,0.010329,0.01009,1.413847,1.213188,0.0
46399488,49548.3,-0.000532,14.248401,0.000893,-1.085938,0.0,0.1006,-14.2223,0.010202,0.007093,0.006566,1.322438,1.08455,0.0
47185920,49849.5,0.003453,14.258458,0.00087,-1.109375,0.0,0.0993,-14.228,0.014521,0.005518,0.006347,1.302073,1.225418,0.0
47972352,49299.9,-0.003379,16.622456,0.000852,-1.117188,0.0,0.0969,-14.2503,0.016833,0.011218,0.013726,1.427193,1.224821,0.0
48758784,49606.6,0.004534,13.592106,0.000862,-1.203125,0.0,0.0942,-14.2631,0.022687,0.010911,0.017207,1.408673,1.211783,0.0
49545216,49894.0,0.000897,13.032123,0.000814,-1.171875,0.0,0.0915,-14.2777,0.018229,0.012379,0.014773,1.391172,1.1366,0.0
50331648,49511.9,-0.003314,14.722502,0.000772,-1.125,0.0,0.0889,-14.2895,0.014564,0.010754,0.011752,1.391804,1.099525,0.0
51118080,49780.8,-0.009362,12.864708,0.000711,-1.09375,0.0,0.0891,-14.2944,0.013493,0.010138,0.01179,1.140886,1.130679,0.0
51904512,50053.7,-0.002968,13.563353,0.00072,-1.148438,0.0,0.0896,-14.2827,0.014596,0.014449,0.012702,1.238435,1.099006,0.0
52690944,50322.7,0.002475,12.844324,0.000691,-1.140625,0.0,0.0901,-14.2695,0.008374,0.007502,0.006447,1.256314,1.07159,0.0
53477376,49852.1,0.00158,13.973219,0.000701,-1.101562,0.0,0.0903,-14.2583,0.009204,0.007143,0.007196,1.363513,1.187667,0.0
54263808,50121.8,0.002405,12.310753,0.000667,-1.023438,0.0,0.0903,-14.2195,0.007037,0.007698,0.006545,1.285615,1.204949,0.0
55050240,50386.2,0.000339,12.98527,0.000651,-1.023438,0.0,0.0903,-14.1695,0.006963,0.007662,0.008363,1.17923,1.281237,0.0
55836672,50633.2,-0.004504,12.528881,0.000685,-1.109375,0.0,0.0903,-14.1378,0.006805,0.007531,0.007989,1.294778,1.267511,0.0
56623104,50223.1,0.006533,13.965418,0.000616,-1.070312,0.0,0.0897,-14.0917,0.011693,0.010797,0.01179,1.312288,1.077671,0.0
57409536,50467.4,0.007643,12.449883,0.000634,-1.046875,0.0,0.0888,-14.0502,0.00867,0.008525,0.008707,1.284526,1.169966,0.0
58195968,50712.7,-0.004789,11.76956,0.000605,-1.078125,0.0,0.0881,-14.0128,0.005611,0.005568,0.005046,1.245827,1.130907,0.0
58982400,50352.7,0.000231,13.31233,0.000628,-1.125,0.0,0.0865,-13.989,0.014187,0.010571,0.009984,1.198426,1.092021,0.0
59768832,50598.8,0.000305,12.012982,0.00065,-1.195312,0.0,0.0844,-13.9938,0.009964,0.020493,0.007034,1.186131,1.004881,0.0
60555264,50838.0,-0.005122,12.073582,0.000659,-1.210938,0.0,0.0814,-14.0032,0.013853,0.019296,0.010172,1.205843,1.009479,0.0
61341696,51079.4,-0.001881,11.602081,0.000641,-1.234375,0.0,0.0783,-14.0258,0.009639,0.013888,0.008042,1.128033,0.932648,0.0
62128128,50654.5,0.004445,11.80444,0.000572,-1.164062,0.0,0.0777,-13.961,0.017186,0.017413,0.01312,1.131551,0.919584,0.0
62914560,50884.7,-0.001125,10.429519,0.000542,-1.125,0.0,0.0784,-13.8549,0.014743,0.013703,0.009628,1.13413,1.010279,0.0
63700992,51097.4,-0.006797,11.326798,0.000557,-1.0625,0.0,0.079,-13.7861,0.008796,0.00662,0.006137,1.111482,1.071366,0.0
64487424,50789.5,-0.003566,12.366306,0.000563,-1.117188,0.0,0.0798,-13.6787,0.018159,0.00886,0.007808,1.019399,0.948448,0.0
65273856,51012.6,0.005038,10.656381,0.000545,-1.226562,0.0,0.0799,-13.5963,0.014816,0.012118,0.01193,1.025286,0.887567,0.0
66060288,51229.6,0.004956,10.506672,0.000518,-1.210938,0.0,0.08,-13.5236,0.013977,0.011617,0.012522,1.149461,0.92112,0.0
66846720,51453.8,0.008259,9.716932,0.000495,-1.21875,0.0,0.0801,-13.4539,0.009145,0.008241,0.008199,1.099273,0.874042,0.0
67633152,51008.3,0.007103,12.520426,0.00057,-1.21875,0.0,0.0798,-13.4312,0.010302,0.009181,0.010398,1.097672,0.865241,0.0
68419584,51222.7,-0.006033,11.984713,0.000614,-1.226562,0.0,0.0787,-13.4193,0.006873,0.01066,0.006071,1.067708,0.895937,0.0
69206016,51426.8,-0.006238,11.229485,0.000634,-1.210938,0.0,0.0776,-13.3903,0.009029,0.013521,0.009394,1.128512,0.941569,0.0
69992448,51060.1,-0.000344,11.793018,0.000612,-1.1875,0.0,0.0765,-13.3498,0.005981,0.007289,0.005546,1.058611,0.88565,0.0
70778880,51269.9,0.00095,10.150142,0.000577,-1.171875,0.0,0.0778,-13.2608,0.011539,0.012746,0.011671,1.019944,0.952195,0.0
71565312,51480.1,-0.010271,10.330697,0.000592,-1.15625,0.0,0.0791,-13.1743,0.006625,0.007275,0.006287,1.056897,0.948671,0.0
72351744,51687.1,0.001801,10.14846,0.000541,-1.171875,0.0,0.0799,-13.1032,0.00826,0.00859,0.008455,0.999133,0.823234,0.0
73138176,51292.4,-0.001563,12.371035,0.000554,-1.132812,0.0,0.0811,-13.0187,0.006641,0.007934,0.005934,1.144661,0.947438,0.0
73924608,51470.6,-0.004817,10.31991,0.000555,-1.140625,0.0,0.0823,-12.929,0.007698,0.005956,0.006667,1.077057,0.920855,0.0
74711040,51661.9,-0.00469,10.262062,0.000535,-1.09375,0.0,0.0835,-12.8459,0.023343,0.005431,0.006057,1.024055,0.894273,0.0
75497472,51209.5,-0.001945,11.506729,0.000551,-1.132812,0.0,0.0847,-12.7583,0.020895,0.010239,0.009461,1.145227,0.953263,0.0
76283904,51404.9,0.002044,11.299833,0.000553,-1.179688,0.0,0.0875,-12.6851,0.017014,0.007229,0.007939,1.028041,0.882481,0.0
77070336,51592.5,-0.002001,11.558563,0.00056,-1.195312,0.0,0.0914,-12.5718,0.008274,0.006736,0.005621,1.062364,0.884082,0.0
77856768,51787.5,-0.001012,10.955438,0.000596,-1.289062,0.0,0.0955,-12.4501,0.019761,0.014201,0.015108,1.042433,0.861072,0.0
78643200,51433.8,-0.000658,11.240981,0.000571,-1.242188,0.0,0.0985,-12.3346,0.015014,0.009418,0.014516,0.971563,0.782042,0.0
79429632,51620.0,0.000849,9.923092,0.000567,-1.242188,0.0,0.0991,-12.2584,0.015198,0.010029,0.011405,0.935626,0.794985,0.0
80216064,51801.1,-0.004879,9.90851,0.000517,-1.273438,0.0,0.0997,-12.182,0.012588,0.005733,0.008427,1.133124,0.936848,0.0
81002496,51978.4,-0.003288,10.1269,0.000534,-1.242188,0.0,0.0999,-12.1353,0.012795,0.011906,0.010772,0.968095,0.804812,0.0
81788928,51387.2,-0.001047,10.816368,0.000495,-1.21875,0.0,0.1009,-12.0567,0.011122,0.008064,0.009086,1.022134,0.830508,0.0
82575360,51560.8,0.001776,9.346588,0.000519,-1.257812,0.0,0.1021,-11.9784,0.015242,0.007969,0.009608,1.025823,0.816674,0.0
83361792,51740.7,-0.004571,9.367338,0.000488,-1.265625,0.0,0.1032,-11.9058,0.006887,0.005213,0.00648,1.032702,0.826275,0.0
84148224,51323.2,0.000462,10.316452,0.000481,-1.25,0.0,0.1047,-11.8335,0.013958,0.009048,0.010722,1.243239,1.025837,0.0
84934656,51498.1,-0.005463,9.430206,0.000461,-1.1875,0.0,0.1062,-11.7728,0.007495,0.005026,0.006629,0.952826,0.75501,0.0
85721088,51654.7,-0.004477,9.895966,0.000483,-1.1875,0.0,0.1083,-11.6909,0.006142,0.004644,0.006234,0.998917,0.803309,0.0
86507520,51821.9,-0.001651,8.749249,0.000474,-1.226562,0.0,0.1105,-11.6023,0.011324,0.009427,0.009624,0.988625,0.805986,0.0
87293952,51504.7,0.001857,9.247696,0.000483,-1.234375,0.0,0.1123,-11.5062,0.010891,0.012708,0.009712,1.037913,0.807397,0.0
88080384,51670.2,-0.005726,8.063119,0.000464,-1.210938,0.0,0.1137,-11.4094,0.012648,0.008777,0.00685,1.088288,0.836767,0.0
88866816,51831.9,0.00133,7.871742,0.000456,-1.265625,0.0,0.1144,-11.3384,0.008497,0.007328,0.008006,0.968437,0.779083,0.0
89653248,51596.4,0.001215,9.623328,0.000463,-1.257812,0.0,0.1158,-11.2306,0.008919,0.006167,0.007795,1.003634,0.794064,0.0
90439680,51764.4,-0.00662,7.065628,0.000424,-1.234375,0.0,0.1144,-11.1989,0.010315,0.006317,0.008368,0.995435,0.788315,0.0
91226112,51935.2,-0.002942,7.230572,0.000412,-1.242188,0.0,0.1129,-11.1786,0.01382,0.006723,0.009012,1.020343,0.816276,0.0
92012544,52085.0,-0.004117,6.891724,0.00042,-1.226562,0.0,0.1113,-11.1514,0.011921,0.007859,0.010695,1.132286,0.917477,0.0
92798976,51739.4,0.007055,8.089553,0.000419,-1.226562,0.0,0.1115,-11.1111,0.012631,0.009281,0.009087,1.10738,0.885066,0.0
93585408,51901.5,0.004423,7.141032,0.000404,-1.234375,0.0,0.1132,-11.0284,0.022778,0.010719,0.011781,1.048966,0.839687,0.0
94371840,52062.4,0.008632,7.544583,0.000412,-1.234375,0.0,0.1149,-10.9371,0.010252,0.004995,0.006183,1.026139,0.822397,0.0
95158272,51796.2,-0.001743,7.680804,0.000409,-1.234375,0.0,0.1169,-10.8393,0.009907,0.005874,0.007423,1.028031,0.821587,0.0
95944704,51957.2,-0.006877,6.612625,0.000412,-1.242188,0.0,0.1175,-10.748,0.029201,0.01053,0.014498,1.090521,0.872376,0.0
96731136,52110.1,0.00296,6.869767,0.000418,-1.242188,0.0,0.1185,-10.6593,0.033392,0.008899,0.014456,1.212316,0.993623,0.0
97517568,52254.2,-0.003136,6.791122,0.000415,-1.234375,0.0,0.1191,-10.598,0.01823,0.004236,0.008423,1.019688,0.835431,0.0
98304000,51970.3,0.002515,7.891636,0.000437,-1.234375,0.0,0.1201,-10.5138,0.01715,0.006119,0.008041,0.961457,0.771833,0.0
99090432,52118.7,-0.008149,6.339737,0.000424,-1.257812,0.0,0.121,-10.4284,0.023677,0.011041,0.016477,0.979469,0.789673,0.0
99876864,52270.6,0.00081,6.337708,0.000418,-1.25,0.0,0.1224,-10.3557,0.033599,0.008368,0.010869,0.962051,0.774654,0.0
100663296,52008.1,-0.007906,6.77306,0.000392,-1.242188,0.0,0.1237,-10.2819,0.01397,0.005583,0.007791,1.139037,0.930833,0.0
101449728,52154.9,0.004637,6.267809,0.0004,-1.234375,0.0,0.1246,-10.228,0.016681,0.009463,0.010809,1.116248,0.915633,0.0
102236160,52295.8,0.003882,6.327543,0.000402,-1.226562,0.0,0.126,-10.1488,0.016516,0.00943,0.010772,1.060027,0.861727,0.0
103022592,52438.8,-0.003744,6.065427,0.000408,-1.226562,0.0,0.1272,-10.0817,0.004945,0.004528,0.004853,1.072551,0.869218,0.0
103809024,52147.3,-0.000393,6.82731,0.000418,-1.234375,0.0,0.1276,-10.0143,0.007203,0.007839,0.007027,1.073227,0.865129,0.0
104595456,52293.9,0.003029,5.779198,0.000389,-1.242188,0.0,0.1266,-9.9684,0.018742,0.009967,0.010822,1.20194,0.959857,0.0
105381888,52437.9,-0.003729,5.735646,0.000384,-1.25,0.0,0.1255,-9.9295,0.009293,0.006656,0.006553,1.215324,0.993431,0.0
106168320,52583.8,0.009793,6.294848,0.000432,-1.273438,0.0,0.1246,-9.9093,0.011667,0.010229,0.010628,1.08705,0.877804,0.0
106954752,52047.4,-0.003247,6.901546,0.000428,-1.25,0.0,0.1245,-9.8646,0.013605,0.01561,0.014802,1.085892,0.893124,0.0
107741184,52188.1,-0.006898,5.367391,0.000389,-1.234375,0.0,0.1247,-9.7862,0.011329,0.008428,0.01003,1.023216,0.826395,0.0
108527616,52327.3,0.00877,5.917151,0.000393,-1.226562,0.0,0.125,-9.716,0.016354,0.007337,0.008637,1.046311,0.848806,0.0
109314048,52010.2,-0.00639,6.243607,0.000375,-1.210938,0.0,0.1249,-9.6435,0.012816,0.009416,0.010652,1.078778,0.878992,0.0
110100480,52146.5,0.002957,5.380844,0.000369,-1.234375,0.0,0.1243,-9.6141,0.012575,0.006906,0.008554,1.087433,0.903378,0.0
110886912,52286.9,-0.008725,5.423037,0.00038,-1.21875,0.0,0.1237,-9.5592,0.007749,0.00519,0.004992,1.028071,0.834828,0.0
111673344,52421.4,0.003629,5.204763,0.000372,-1.210938,0.0,0.1231,-9.5097,0.006434,0.005322,0.004648,1.032161,0.843698,0.0
112459776,52100.9,-0.003311,5.806427,0.000361,-1.226562,0.0,0.1224,-9.4536,0.012984,0.009127,0.009498,1.152625,0.929543,0.0
113246208,52224.1,-0.002454,4.783722,0.000364,-1.226562,0.0,0.1218,-9.3973,0.01419,0.00958,0.011532,1.160947,0.950819,0.0
114032640,52349.9,-0.007684,4.876325,0.000347,-1.179688,0.0,0.1212,-9.3259,0.008156,0.006606,0.008481,1.036726,0.857302,0.0
114819072,52028.7,2.2e-05,6.116506,0.000366,-1.179688,0.0,0.1208,-9.2839,0.006449,0.005357,0.005015,1.162134,1.013293,0.0
115605504,52155.4,0.002531,5.180114,0.000376,-1.164062,0.0,0.1214,-9.2229,0.009192,0.008215,0.006545,1.220015,1.039755,0.0
116391936,52253.1,-0.000341,4.939315,0.000368,-1.148438,0.0,0.1222,-9.1668,0.007389,0.005629,0.00571,1.221978,1.034234,0.0
117178368,52369.8,0.005727,4.759402,0.00036,-1.148438,0.0,0.1228,-9.1227,0.008005,0.006251,0.005993,1.224748,1.038125,0.0
117964800,52118.3,0.002159,5.421131,0.000363,-1.21875,0.0,0.1237,-9.0751,0.014594,0.010162,0.010673,1.138199,1.007555,0.0
118751232,52232.6,0.001235,4.509728,0.000353,-1.21875,0.0,0.1246,-9.0408,0.012262,0.010076,0.012277,1.06062,0.880131,0.0
119537664,52357.9,0.002395,4.838644,0.000372,-1.195312,0.0,0.1261,-8.9767,0.008608,0.009599,0.008156,1.060497,0.877314,0.0
120324096,52124.2,-0.002425,5.510499,0.000386,-1.210938,0.0,0.1275,-8.9149,0.01208,0.009289,0.007643,1.116859,0.959786,0.0
121110528,52240.1,-0.006792,4.060367,0.000337,-1.195312,0.0,0.1298,-8.8688,0.01269,0.010379,0.010059,1.053723,0.872316,0.0
121896960,52356.2,0.003843,4.430032,0.000345,-1.195312,0.0,0.1325,-8.8194,0.012306,0.009817,0.010685,1.07801,0.892339,0.0
122683392,52467.7,-0.000885,4.390149,0.000341,-1.179688,0.0,0.1341,-8.7863,0.011631,0.009083,0.008569,0.970261,0.836547,0.0
123469824,52190.8,-0.006648,4.829159,0.000336,-1.226562,0.0,0.1354,-8.735,0.006748,0.006629,0.005587,1.039898,0.862124,0.0
124256256,52304.5,-0.000262,3.896073,0.000328,-1.21875,0.0,0.1351,-8.6748,0.010554,0.010075,0.010404,1.070829,0.879163,0.0
125042688,52418.7,-0.001331,3.894909,0.000326,-1.195312,0.0,0.1346,-8.6301,0.008575,0.009993,0.009189,1.0844,0.874754,0.0
125829120,52116.1,0.00693,4.781791,0.000311,-1.234375,0.0,0.134,-8.5913,0.011398,0.011552,0.009427,1.141755,0.978299,0.0
126615552,52231.9,0.00617,4.499092,0.000337,-1.234375,0.0,0.1338,-8.59,0.012643,0.009224,0.011693,1.096319,0.91262,0.0
127401984,52341.9,-0.000411,5.03562,0.000336,-1.234375,0.0,0.1334,-8.5845,0.007522,0.007023,0.007596,1.063662,0.846594,0.0
128188416,52453.9,0.002789,4.85579,0.000339,-1.25,0.0,0.1326,-8.5673,0.009392,0.00702,0.007048,1.062788,0.859257,0.0
128974848,52168.0,0.000256,4.903282,0.000344,-1.25,0.0,0.1324,-8.5477,0.008424,0.009042,0.006712,1.167541,0.937259,0.0
129761280,52287.3,-0.005788,3.956136,0.000333,-1.257812,0.0,0.1326,-8.508,0.012494,0.009096,0.007703,1.133504,0.904487,0.0
130547712,52407.6,0.000919,4.194941,0.000324,-1.21875,0.0,0.1332,-8.4645,0.013747,0.014802,0.011524,1.144858,0.921639,0.0
131334144,52516.6,0.001963,4.322682,0.00033,-1.226562,0.0,0.1334,-8.4332,0.011916,0.01045,0.007988,1.019466,0.830522,0.0
132120576,52242.9,-0.000455,4.416028,0.000309,-1.234375,0.0,0.1341,-8.369,0.008213,0.008346,0.007465,1.015473,0.822714,0.0
132907008,52359.7,-0.001887,3.519404,0.000319,-1.226562,0.0,0.1351,-8.2893,0.01325,0.00967,0.009104,1.079546,0.859187,0.0
133693440,52462.8,0.007769,4.066215,0.000316,-1.234375,0.0,0.1364,-8.2169,0.008905,0.007829,0.008798,1.148777,0.933646,0.0
134479872,52204.3,0.002745,4.175305,0.000309,-1.234375,0.0,0.1376,-8.1493,0.012505,0.011588,0.009726,1.136321,0.926227,0.0
135266304,52308.9,-0.003894,3.801493,0.000315,-1.210938,0.0,0.1385,-8.117,0.00697,0.006523,0.00676,0.956836,0.767263,0.0
136052736,52404.9,0.00686,4.496663,0.000331,-1.195312,0.0,0.1404,-8.0692,0.008953,0.009795,0.008419,1.003555,0.813187,0.0
136839168,52510.5,0.001451,4.416856,0.000324,-1.195312,0.0,0.142,-8.0255,0.012403,0.011501,0.009238,1.159543,0.963925,0.0
137625600,52262.7,-0.000851,4.944293,0.000337,-1.234375,0.0,0.1434,-7.9774,0.011426,0.007158,0.006773,1.197905,0.98431,0.0
138412032,52370.1,0.001612,3.976139,0.000328,-1.226562,0.0,0.1447,-7.9318,0.010348,0.006827,0.005552,1.079809,0.879084,0.0
139198464,52479.0,0.003123,4.447442,0.000328,-1.21875,0.0,0.1457,-7.8877,0.005314,0.005588,0.004334,1.144262,0.926014,0.0
139984896,52248.0,-0.001412,4.949422,0.000327,-1.210938,0.0,0.1468,-7.855,0.009544,0.007571,0.006514,1.078063,0.912211,0.0
140771328,52356.1,0.00671,4.257306,0.000313,-1.195312,0.0,0.1483,-7.7994,0.007958,0.006718,0.005276,1.074848,0.89304,0.0
141557760,52458.8,0.001638,4.113617,0.00033,-1.171875,0.0,0.1498,-7.7504,0.011674,0.012245,0.009958,1.132007,0.957365,0.0
142344192,52542.6,-0.00068,3.601931,0.0003,-1.195312,0.0,0.1518,-7.7044,0.008655,0.00729,0.006937,1.116579,0.957934,0.0
143130624,52168.2,-0.003207,4.136689,0.000308,-1.234375,0.0,0.1537,-7.6619,0.011124,0.010498,0.00888,1.133974,0.92483,0.0
143917056,52258.6,0.00454,3.990999,0.000341,-1.210938,0.0,0.1551,-7.6319,0.00799,0.007292,0.006758,0.973178,0.797134,0.0
144703488,52355.9,0.00277,4.2205,0.000338,-1.1875,0.0,0.1569,-7.5881,0.013298,0.00939,0.007389,1.015774,0.846322,0.0
145489920,52191.7,0.000924,4.65498,0.000363,-1.226562,0.0,0.1588,-7.5355,0.00886,0.00846,0.00735,1.166928,0.967142,0.0
146276352,52292.5,0.000898,3.895454,0.000339,-1.242188,0.0,0.1596,-7.511,0.016608,0.011365,0.010751,1.188072,0.967046,0.0
147062784,52391.8,-0.002628,4.196029,0.000328,-1.21875,0.0,0.16,-7.4794,0.0104,0.0082,0.006659,1.144682,0.936409,0.0
147849216,52480.4,-0.002101,4.083234,0.000323,-1.203125,0.0,0.1603,-7.4569,0.013555,0.008373,0.008545,0.935491,0.762317,0.0
148635648,52293.3,0.001035,5.114315,0.000333,-1.203125,0.0,0.1599,-7.4379,0.013537,0.009506,0.00749,1.104569,0.930999,0.0
149422080,52384.9,-0.003963,4.153779,0.000348,-1.210938,0.0,0.1576,-7.4379,0.009612,0.010392,0.010417,1.125764,0.929865,0.0
150208512,52483.5,0.000793,4.167241,0.000356,-1.21875,0.0,0.1551,-7.4359,0.010159,0.008093,0.006295,1.201647,1.001154,0.0
150994944,52294.2,0.000222,4.364571,0.000367,-1.242188,0.0,0.1528,-7.4383,0.012173,0.008604,0.007545,1.226777,1.03467,0.0
151781376,52393.8,-0.00076,3.825638,0.00034,-1.21875,0.0,0.1541,-7.4217,0.014105,0.009619,0.010594,1.028233,0.822551,0.0
152567808,52489.3,-0.000622,4.090979,0.000325,-1.210938,0.0,0.1563,-7.3948,0.009788,0.007477,0.00636,1.036032,0.856237,0.0
153354240,52569.3,0.001013,4.023585,0.000325,-1.203125,0.0,0.1585,-7.3655,0.010408,0.009329,0.006218,1.153334,0.963304,0.0
154140672,52306.5,0.003172,4.746304,0.000334,-1.195312,0.0,0.1604,-7.3362,0.008794,0.007977,0.007381,1.248472,1.089817,0.0
154927104,52399.8,0.002725,3.766213,0.000337,-1.179688,0.0,0.1619,-7.293,0.011114,0.010148,0.009969,1.293804,1.111787,0.0
155713536,52489.8,-0.004931,3.732178,0.000306,-1.21875,0.0,0.1634,-7.2502,0.010688,0.008022,0.008659,1.268647,1.043331,0.0
156499968,52576.7,0.003504,3.797365,0.000344,-1.210938,0.0,0.1644,-7.221,0.01178,0.011235,0.009589,1.006456,0.817084,0.0
157286400,52295.0,0.003034,4.102034,0.000336,-1.171875,0.0,0.1654,-7.1749,0.008029,0.009466,0.009136,1.118337,0.935826,0.0
158072832,52371.6,-0.008967,3.408884,0.000335,-1.171875,0.0,0.1662,-7.1244,0.013283,0.013664,0.011048,1.162015,0.981174,0.0
158859264,52459.1,0.000927,3.685683,0.000332,-1.15625,0.0,0.1669,-7.0715,0.006766,0.007079,0.005153,1.189155,0.999215,0.0
159645696,51866.5,0.003461,4.365751,0.000324,-1.15625,0.0,0.1671,-7.0374,0.015391,0.007628,0.006114,1.14487,0.932264,0.0
160432128,51948.8,-0.003265,4.697613,0.000344,-1.226562,0.0,0.1671,-7.0277,0.011144,0.008438,0.006696,1.070386,0.877796,0.0
161218560,52018.6,-0.005708,4.552271,0.000336,-1.1875,0.0,0.1674,-7.0113,0.015958,0.009744,0.009234,1.026693,0.886406,0.0
162004992,52095.4,0.001783,4.331562,0.000351,-1.140625,0.0,0.1678,-6.9937,0.011869,0.009279,0.008187,1.054949,0.887689,0.0
162791424,51541.8,0.001585,4.287999,0.000336,-1.164062,0.0,0.1682,-6.9616,0.007344,0.006647,0.006568,1.078018,0.909253,0.0
163577856,51621.0,0.002094,3.91981,0.000336,-1.148438,0.0,0.1682,-6.9221,0.007466,0.008307,0.006803,1.116761,0.939267,0.0
164364288,51707.2,0.001697,3.766006,0.000324,-1.179688,0.0,0.1682,-6.8726,0.008356,0.00563,0.005152,1.080202,0.861481,0.0
165150720,51427.0,-0.000642,4.196446,0.000336,-1.203125,0.0,0.1683,-6.839,0.01286,0.008322,0.006843,1.068093,0.896122,0.0
165937152,51503.4,0.002056,3.813791,0.000333,-1.15625,0.0,0.1695,-6.7924,0.009483,0.00843,0.007347,1.08998,0.928632,0.0
166723584,51588.0,0.007867,4.038618,0.000338,-1.21875,0.0,0.1713,-6.7501,0.011001,0.007839,0.008068,1.060651,0.911387,0.0
167510016,51656.4,-0.002786,3.720455,0.000326,-1.21875,0.0,0.1728,-6.7,0.005329,0.003807,0.003271,1.094488,0.916332,0.0
168296448,51476.2,0.001871,4.235076,0.000318,-1.234375,0.0,0.1726,-6.6772,0.006344,0.004913,0.004262,1.077811,0.859508,0.0
169082880,51560.2,0.003683,4.014201,0.00032,-1.15625,0.0,0.1724,-6.6698,0.011022,0.006139,0.00548,1.083699,0.888388,0.0
169869312,51618.9,0.005218,4.226222,0.000332,-1.132812,0.0,0.172,-6.6639,0.010633,0.008397,0.007609,1.085426,0.931993,0.0
170655744,51475.2,0.000247,4.709647,0.00038,-1.210938,0.0,0.1713,-6.6537,0.011612,0.007785,0.006421,1.18254,1.057388,0.0
171442176,51561.0,-0.00429,3.822299,0.000349,-1.132812,0.0,0.1706,-6.6076,0.011023,0.008343,0.00642,1.184544,1.007973,0.0
172228608,51633.2,0.000964,3.943501,0.000349,-1.1875,0.0,0.1701,-6.5645,0.013056,0.009778,0.009542,1.080649,0.896907,0.0
173015040,51708.5,-0.001256,4.133198,0.000344,-1.132812,0.0,0.1699,-6.5278,0.009972,0.008811,0.007804,0.991377,0.910227,0.0
173801472,51388.2,-0.001791,4.516522,0.000366,-1.210938,0.0,0.1702,-6.4864,0.009686,0.008995,0.008901,1.019224,0.920861,0.0
174587904,51470.0,0.002005,4.066456,0.000345,-1.164062,0.0,0.1714,-6.4082,0.009985,0.008709,0.008349,0.990972,0.862709,0.0
175374336,51549.1,0.000323,3.96471,0.000351,-1.09375,0.0,0.1731,-6.3465,0.009206,0.007391,0.007341,1.007588,0.899798,0.0
176160768,51413.4,-0.00255,3.872937,0.000332,-1.09375,0.0,0.1749,-6.279,0.006752,0.005633,0.004928,1.00071,0.817867,0.0
176947200,51493.9,-0.006402,4.239219,0.000345,-1.140625,0.0,0.1762,-6.2327,0.007682,0.006233,0.005142,0.951665,0.857028,0.0
177733632,51568.4,-0.004083,4.515455,0.000364,-1.117188,0.0,0.1768,-6.2,0.006822,0.005732,0.005078,0.993417,0.917159,0.0
178520064,51646.3,-0.004774,4.504031,0.000369,-1.109375,0.0,0.1777,-6.1545,0.006257,0.008305,0.006434,1.018224,0.933383,0.0
179306496,51498.9,-0.003706,4.891934,0.000398,-1.101562,0.0,0.1786,-6.1061,0.008331,0.007792,0.006465,1.039635,0.922625,0.0
180092928,51579.5,0.002706,4.490047,0.000391,-1.203125,0.0,0.179,-6.0616,0.006085,0.004684,0.004776,0.9803,0.864828,0.0
180879360,51661.6,-0.000204,4.46125,0.000372,-1.078125,0.0,0.1792,-6.0135,0.008693,0.006746,0.005609,0.964622,0.773476,0.0
181665792,51742.6,-0.000697,4.552636,0.000385,-1.085938,0.0,0.1797,-5.9817,0.005631,0.005117,0.003769,0.956428,0.87706,0.0
182452224,51632.5,-0.003621,4.709991,0.000376,-1.132812,0.0,0.1803,-5.9254,0.012904,0.011831,0.010292,1.010185,0.917723,0.0
183238656,51702.4,-0.001277,4.502202,0.000377,-1.101562,0.0,0.1807,-5.8678,0.007041,0.008373,0.006974,1.043116,0.974555,0.0
184025088,51774.9,-0.005067,4.502394,0.000379,-1.09375,0.0,0.1807,-5.8161,0.00578,0.006282,0.005248,1.006528,0.983142,0.0
184811520,51648.2,0.001153,4.743058,0.000381,-1.054688,0.0,0.1803,-5.7793,0.006678,0.006505,0.00485,0.914946,0.903099,0.0
185597952,51709.6,-0.001047,4.958318,0.000401,-1.109375,0.0,0.18,-5.7685,0.009326,0.008547,0.006793,0.977326,0.981794,0.0
186384384,51785.3,0.001966,4.904487,0.000394,-0.984375,0.0,0.1796,-5.7442,0.007413,0.005903,0.005196,0.898325,0.886029,0.0
187170816,51860.0,0.00172,4.422398,0.000392,-1.03125,0.0,0.1795,-5.7272,0.008173,0.006507,0.004657,0.987194,0.973409,0.0
187957248,51721.4,-0.005228,4.324288,0.000386,-1.023438,0.0,0.1804,-5.6878,0.010702,0.009968,0.007245,0.93141,0.885404,0.0
188743680,51792.6,-0.006403,4.531644,0.00038,-1.117188,0.0,0.1813,-5.652,0.010387,0.009316,0.008133,0.89327,0.842194,0.0
189530112,51863.3,-0.008544,4.263301,0.000371,-1.070312,0.0,0.1819,-5.6043,0.010887,0.010081,0.007767,0.824705,0.70989,0.0
190316544,51762.9,0.003612,4.585473,0.000385,-1.117188,0.0,0.1824,-5.577,0.007626,0.007181,0.005543,0.871841,0.845505,0.0
191102976,51833.4,-0.002755,4.057823,0.000389,-1.09375,0.0,0.1842,-5.5277,0.007694,0.007509,0.006748,0.900801,0.894239,0.0
191889408,51903.0,-0.003183,4.040156,0.000385,-1.054688,0.0,0.1863,-5.4843,0.004838,0.006402,0.005344,0.946748,0.937245,0.0
192675840,51957.4,-0.003115,4.164524,0.000389,-1.0625,0.0,0.1881,-5.4493,0.006936,0.006137,0.005478,0.953024,0.946683,0.0
193462272,51844.5,-0.001411,4.53263,0.000382,-1.046875,0.0,0.1895,-5.4134,0.008229,0.007781,0.006544,0.891145,0.867727,0.0
194248704,51914.3,0.006579,4.551513,0.000385,-0.988281,0.0,0.19,-5.392,0.010263,0.009114,0.006693,0.94531,0.967274,0.0
195035136,51979.0,-0.000769,4.404838,0.000391,-0.972656,0.0,0.19,-5.3603,0.005296,0.006003,0.004722,0.895293,0.918052,0.0
195821568,51847.1,0.001244,4.443317,0.000393,-1.0625,0.0,0.1905,-5.3267,0.01094,0.010355,0.007885,0.875619,0.887359,0.0
196608000,51916.7,-0.001524,3.847897,0.000378,-1.070312,0.0,0.1916,-5.2683,0.008121,0.008507,0.008,0.82399,0.794334,0.0
197394432,51979.0,-0.0055,3.684045,0.000363,-1.109375,0.0,0.1925,-5.2084,0.007944,0.011486,0.008204,0.852159,0.796817,0.0
198180864,52038.8,-0.000948,3.800407,0.000363,-1.085938,0.0,0.1936,-5.1455,0.00661,0.007999,0.005272,0.888472,0.969622,0.0
198967296,51855.6,-0.009072,4.346141,0.000388,-1.125,0.0,0.1943,-5.1176,0.008877,0.013203,0.007576,0.908001,0.899188,0.0
199753728,51923.5,-0.003225,4.278786,0.00039,-1.078125,0.0,0.1967,-5.0739,0.005741,0.00855,0.006073,0.923763,0.864386,0.0
200540160,51990.7,0.000937,4.357361,0.000399,-1.132812,0.0,0.1987,-5.0361,0.006558,0.005848,0.005081,0.850613,0.862218,0.0
201326592,51709.3,-0.004467,4.023383,0.000412,-0.980469,0.0,0.2007,-4.9818,0.008926,0.005927,0.005917,0.802693,0.670577,0.0
202113024,51779.7,-0.000493,3.85783,0.000388,-1.039062,0.0,0.202,-4.953,0.008867,0.011503,0.008247,0.867105,0.966658,0.0
202899456,51848.1,0.002619,3.918193,0.00045,-1.085938,0.0,0.2032,-4.9312,0.010173,0.011174,0.00803,0.837977,0.84241,0.0
203685888,51917.1,-0.000233,3.892481,0.0004,-1.15625,0.0,0.2048,-4.8963,0.012623,0.010565,0.00758,0.845148,0.757312,0.0
204472320,51550.1,-0.000725,3.57879,0.000396,-1.117188,0.0,0.2067,-4.8529,0.006904,0.006552,0.005356,0.905359,0.775513,0.0
205258752,51617.7,-0.003462,3.277925,0.000386,-1.140625,0.0,0.2088,-4.7928,0.007823,0.009758,0.007564,0.914843,0.808957,0.0
206045184,51681.0,-0.000494,3.477568,0.000376,-1.179688,0.0,0.2109,-4.7353,0.009035,0.008588,0.006387,0.910762,0.779245,0.0
206831616,51743.8,-0.001922,3.660725,0.00039,-1.101562,0.0,0.2123,-4.6971,0.007023,0.006265,0.004843,0.966941,0.912605,0.0
207618048,51564.4,-0.001583,4.249426,0.000446,-1.132812,0.0,0.2143,-4.6449,0.012074,0.008125,0.006872,0.935733,0.928043,0.0
208404480,51627.2,-0.000584,3.728436,0.000442,-1.007812,0.0,0.2163,-4.6055,0.008653,0.009084,0.007273,0.948156,0.905009,0.0
209190912,51691.1,0.006112,3.88299,0.00043,-0.886719,0.0,0.2184,-4.5679,0.008873,0.009436,0.006418,0.94641,0.90311,0.0
209977344,51549.0,-0.006252,3.557219,0.000395,-0.914062,0.0,0.2199,-4.5197,0.010383,0.009675,0.007621,0.85793,0.903175,0.0
210763776,51614.0,-3.2e-05,3.595381,0.000378,-1.046875,0.0,0.2207,-4.4864,0.008381,0.009841,0.007719,0.925668,0.9451,0.0
211550208,51680.0,0.000874,3.661296,0.000379,-0.96875,0.0,0.222,-4.4389,0.00659,0.007188,0.006387,0.908539,0.944815,0.0
212336640,51619.6,-0.003644,3.231365,0.000383,-0.9375,0.0,0.2238,-4.3874,0.005195,0.004855,0.004512,0.87131,0.88738,0.0
213123072,51279.3,0.003104,3.256402,0.00039,-0.988281,0.0,0.2268,-4.327,0.006527,0.005388,0.004411,0.856587,0.803635,0.0
213909504,51337.9,0.002676,3.18182,0.00039,-0.921875,0.0,0.2304,-4.2681,0.011791,0.011115,0.007897,0.888223,0.80129,0.0
214695936,51402.8,-0.001696,3.314831,0.000383,-1.007812,0.0,0.2337,-4.2196,0.006308,0.006749,0.005584,0.853038,0.799183,0.0
215482368,51284.1,0.001148,3.452116,0.000395,-1.03125,0.0,0.2357,-4.1838,0.011183,0.008147,0.00669,0.8566,0.887452,0.0
216268800,51345.5,0.000129,3.547068,0.000414,-1.007812,0.0,0.2374,-4.1497,0.006449,0.005702,0.004467,0.872402,0.890782,0.0
217055232,51404.3,-0.000888,3.443381,0.00041,-1.078125,0.0,0.2388,-4.1197,0.010063,0.007905,0.007692,0.955739,0.96199,0.0
217841664,51463.8,-0.002727,3.330564,0.000393,-1.015625,0.0,0.2398,-4.0945,0.012121,0.008335,0.00716,0.885694,0.826203,0.0
218628096,51326.0,0.008206,3.519768,0.000404,-0.953125,0.0,0.2416,-4.0609,0.01013,0.006642,0.006005,0.827622,0.791135,0.0
219414528,51391.5,-0.005117,3.84826,0.000432,-1.007812,0.0,0.2432,-4.0347,0.00757,0.007392,0.005863,0.868876,0.924953,0.0
220200960,51440.8,-0.005793,3.744642,0.000414,-1.109375,0.0,0.2453,-4.0052,0.006708,0.005595,0.005429,0.856905,0.904129,0.0
220987392,51327.0,-0.003694,3.52307,0.000409,-1.085938,0.0,0.2478,-3.9702,0.00517,0.005073,0.003795,0.870046,0.831003,0.0
221773824,51376.1,-0.001329,3.303099,0.000392,-1.132812,0.0,0.2487,-3.9404,0.00507,0.005092,0.004157,0.874095,0.80313,0.0
222560256,51430.4,0.000459,3.451962,0.000388,-1.09375,0.0,0.2493,-3.9186,0.008512,0.009248,0.007212,0.878848,0.80506,0.0
223346688,51491.2,-0.000117,3.599753,0.00039,-1.046875,0.0,0.2504,-3.8987,0.00868,0.009655,0.007878,0.839084,0.73723,0.0
224133120,51370.5,-0.001155,3.678845,0.000408,-1.03125,0.0,0.2521,-3.8833,0.010883,0.011303,0.011333,0.834448,0.782591,0.0
224919552,51431.8,0.004229,3.561842,0.000411,-1.085938,0.0,0.2556,-3.8697,0.006647,0.006128,0.004962,0.82279,0.760398,0.0
225705984,51490.5,0.000819,3.461209,0.000409,-0.992188,0.0,0.2586,-3.8543,0.006578,0.00616,0.005363,0.885815,0.782117,0.0
226492416,51339.7,0.001282,3.326627,0.000402,-0.941406,0.0,0.2612,-3.8365,0.007707,0.006876,0.006617,0.87841,0.7973,0.0
227278848,51397.6,0.005011,4.016335,0.000396,-0.894531,0.0,0.2621,-3.8235,0.011126,0.00827,0.007231,0.799405,0.93474,0.0
228065280,51453.6,0.000157,4.014402,0.00042,-1.007812,0.0,0.2621,-3.8127,0.009185,0.008813,0.006631,0.825053,0.940899,0.0
228851712,51510.7,-0.001592,3.782084,0.000444,-1.0,0.0,0.2625,-3.7948,0.009914,0.007951,0.005917,0.80039,0.802655,0.0
229638144,51387.0,0.001814,3.404209,0.000391,-0.890625,0.0,0.2633,-3.7758,0.008863,0.007516,0.006332,0.852209,0.837945,0.0
230424576,51449.2,-0.002426,3.180949,0.000379,-0.882812,0.0,0.2644,-3.7457,0.004503,0.005635,0.003268,0.809382,0.811051,0.0
231211008,51511.4,0.000741,3.09579,0.00037,-0.863281,0.0,0.2646,-3.7145,0.005327,0.004564,0.00353,0.742147,0.755635,0.0
231997440,51570.1,0.001118,3.378787,0.000367,-0.996094,0.0,0.2643,-3.6955,0.007359,0.00697,0.006535,0.742962,0.835099,0.0
232783872,51404.3,0.000777,3.280247,0.000385,-0.976562,0.0,0.2654,-3.6752,0.004869,0.005216,0.005673,0.761489,0.861367,0.0
233570304,51445.9,0.002932,3.046487,0.000392,-0.898438,0.0,0.2678,-3.6347,0.007024,0.00764,0.007177,0.798668,0.816223,0.0
234356736,51502.8,-0.006331,3.051689,0.000404,-0.847656,0.0,0.2702,-3.6039,0.006588,0.007221,0.007153,0.814535,0.877549,0.0
235143168,51390.5,0.006317,3.420788,0.000397,-0.972656,0.0,0.272,-3.5825,0.008852,0.008795,0.007561,0.799284,0.876885,0.0
235929600,51443.1,-0.005453,3.618769,0.000406,-0.917969,0.0,0.2714,-3.5723,0.013739,0.009266,0.008298,0.784641,0.900469,0.0
236716032,51497.1,-0.00246,3.368222,0.000398,-0.898438,0.0,0.2714,-3.5576,0.01062,0.010911,0.007517,0.822655,0.91351,0.0
237502464,51551.7,-0.002951,3.38845,0.000405,-1.007812,0.0,0.2712,-3.5469,0.00928,0.007013,0.006532,0.84092,0.944006,0.0
238288896,51425.6,-0.003244,3.131427,0.0004,-1.0,0.0,0.2718,-3.5287,0.006359,0.006319,0.004708,0.817313,0.78033,0.0
239075328,51484.9,0.003407,3.25321,0.000389,-0.9375,0.0,0.2726,-3.5153,0.0096,0.009083,0.007771,0.767509,0.721139,0.0
239861760,51544.8,-0.003264,3.331671,0.000389,-0.902344,0.0,0.2729,-3.5122,0.011967,0.008722,0.008982,0.798178,0.783252,0.0
240648192,51407.7,-0.006688,3.359549,0.000396,-1.015625,0.0,0.2732,-3.514,0.009241,0.006564,0.006029,0.822853,0.89253,0.0
241434624,51451.5,-0.006435,3.200539,0.000384,-1.023438,0.0,0.2736,-3.5088,0.01051,0.008537,0.009201,0.800669,0.870498,0.0
242221056,51506.9,0.001378,3.058786,0.000383,-0.890625,0.0,0.2733,-3.4935,0.005263,0.005089,0.005271,0.800659,0.79798,0.0
243007488,51557.5,-0.003114,2.842808,0.000384,-1.007812,0.0,0.2737,-3.4811,0.005612,0.005773,0.00588,0.854915,0.924945,0.0
243793920,51394.1,-0.005713,3.225549,0.000363,-1.0625,0.0,0.274,-3.463,0.006657,0.006017,0.005798,0.838735,0.789003,0.0
244580352,51402.6,-0.001395,3.253679,0.000356,-0.992188,0.0,0.274,-3.4465,0.009503,0.008065,0.008277,0.793202,0.770509,0.0
245366784,51451.5,-9.5e-05,3.033123,0.000373,-1.140625,0.0,0.2748,-3.4176,0.00908,0.00793,0.007751,0.792867,0.793619,0.0
246153216,51273.0,-0.000735,3.0744,0.000381,-1.117188,0.0,0.2755,-3.3966,0.005995,0.005275,0.00611,0.819423,0.753488,0.0
246939648,51330.7,0.001741,2.789429,0.000371,-1.171875,0.0,0.2754,-3.3799,0.006243,0.00493,0.00619,0.802469,0.741201,0.0
247726080,51386.1,-0.003449,2.681419,0.000355,-1.15625,0.0,0.2758,-3.3571,0.006731,0.00515,0.004675,0.862286,0.726024,0.0
248512512,51437.4,-0.004956,2.802754,0.00035,-1.101562,0.0,0.2764,-3.3481,0.013261,0.0082,0.007521,0.838455,0.695572,0.0
249298944,51310.1,-0.007363,2.974766,0.000363,-1.0,0.0,0.2775,-3.3368,0.00745,0.006749,0.006277,0.786213,0.721406,0.0
250085376,51366.0,-0.004415,2.858579,0.000367,-1.03125,0.0,0.2801,-3.3098,0.012317,0.007405,0.007939,0.79291,0.743324,0.0
250871808,51418.5,0.000802,2.662252,0.000363,-1.085938,0.0,0.2826,-3.279,0.009296,0.007048,0.008249,0.823356,0.775089,0.0
251658240,51216.8,0.000503,2.840675,0.000362,-0.976562,0.0,0.2847,-3.2501,0.009341,0.004995,0.005522,0.849912,0.704933,0.0
252444672,51269.9,-0.0096,2.796912,0.000373,-1.148438,0.0,0.2847,-3.2362,0.007643,0.005799,0.00767,0.811799,0.658719,0.0
253231104,51325.1,-0.001098,2.979975,0.000379,-1.242188,0.0,0.2851,-3.2262,0.007662,0.006265,0.008062,0.760263,0.727291,0.0
254017536,51380.6,0.002273,3.042542,0.000397,-1.054688,0.0,0.2861,-3.212,0.004894,0.003868,0.005191,0.853343,0.728393,0.0
254803968,51250.1,8.1e-05,3.154788,0.000383,-0.992188,0.0,0.2874,-3.1968,0.006274,0.006099,0.006413,0.923989,0.825033,0.0
255590400,51293.0,0.000839,2.691348,0.000359,-1.007812,0.0,0.2891,-3.1659,0.009325,0.008854,0.007788,0.88404,0.824776,0.0
256376832,51345.8,-0.007015,2.939085,0.000358,-0.992188,0.0,0.2911,-3.1422,0.007418,0.007119,0.006554,0.860571,0.782699,0.0
257163264,51399.3,0.001976,2.83041,0.000358,-0.980469,0.0,0.2928,-3.1179,0.011389,0.00738,0.007037,0.892378,1.041796,0.0
257949696,51116.5,0.003888,2.899218,0.000361,-1.117188,0.0,0.2931,-3.1135,0.009083,0.00675,0.006579,0.748596,0.782009,0.0
258736128,51171.6,-0.009,2.51086,0.000353,-1.09375,0.0,0.294,-3.0987,0.007305,0.006398,0.006623,0.86543,0.81047,0.0
259522560,51224.6,-0.003155,2.556272,0.000353,-1.023438,0.0,0.2953,-3.0888,0.007635,0.0068,0.006932,0.886725,0.795963,0.0
260308992,50978.7,0.001247,2.474159,0.000355,-1.015625,0.0,0.2964,-3.0792,0.006436,0.004494,0.004957,0.913081,0.77215,0.0
261095424,51032.7,-0.001814,2.593714,0.000374,-1.03125,0.0,0.2965,-3.0783,0.011076,0.009053,0.009986,0.97428,0.989267,0.0
261881856,51084.9,-0.003271,3.147201,0.000381,-0.914062,0.0,0.2964,-3.0839,0.009973,0.008894,0.009141,0.88477,0.89546,0.0
262668288,51134.3,0.004271,2.932499,0.000382,-0.929688,0.0,0.296,-3.0812,0.008502,0.005904,0.006409,0.872176,0.937467,0.0
263454720,50914.5,0.000729,2.868357,0.000358,-0.84375,0.0,0.295,-3.0715,0.00957,0.008825,0.00973,0.869184,0.887278,0.0
264241152,50963.0,0.001364,2.756378,0.00035,-0.894531,0.0,0.2945,-3.0671,0.006529,0.00537,0.00536,0.819132,0.88544,0.0
265027584,50998.0,-0.000738,2.991448,0.000348,-0.867188,0.0,0.2936,-3.0674,0.004975,0.00444,0.004047,0.852699,0.851334,0.0
265814016,50829.3,0.003107,2.903847,0.000354,-0.949219,0.0,0.293,-3.0629,0.010994,0.010348,0.008988,0.824567,1.008748,0.0
266600448,50879.3,-0.001129,2.964415,0.000364,-0.855469,0.0,0.2932,-3.0471,0.004377,0.003978,0.003576,0.829964,0.871994,0.0
267386880,50924.0,0.00384,2.801184,0.000361,-0.824219,0.0,0.2936,-3.0315,0.003358,0.003744,0.0036,0.861406,0.925811,0.0
268173312,50966.3,-0.001568,2.781891,0.00036,-0.832031,0.0,0.2938,-3.0095,0.005444,0.004451,0.003549,0.893064,0.969199,0.0
268959744,50752.8,-0.004446,2.601325,0.000328,-0.945312,0.0,0.2941,-2.9896,0.011978,0.00722,0.006624,0.836871,0.886923,0.0
269746176,50805.4,-0.005346,2.64387,0.00032,-0.90625,0.0,0.295,-2.974,0.009719,0.007048,0.006588,0.874083,1.001864,0.0
270532608,50859.7,-0.00463,2.650238,0.000331,-0.988281,0.0,0.2964,-2.9566,0.00934,0.008541,0.008601,0.907647,1.020268,0.0
271319040,50758.1,-0.000703,2.593416,0.000351,-0.910156,0.0,0.2967,-2.9348,0.006778,0.006006,0.007209,0.902449,0.937613,0.0
272105472,50810.7,-0.000975,2.545312,0.000369,-0.933594,0.0,0.2991,-2.917,0.012203,0.006922,0.007392,0.885173,0.861099,0.0
272891904,50857.8,-0.003394,2.562568,0.000371,-1.117188,0.0,0.3014,-2.9003,0.006785,0.005448,0.006182,0.91939,0.843521,0.0
273678336,50902.0,0.000146,2.456908,0.00036,-1.046875,0.0,0.3032,-2.8821,0.008102,0.005708,0.007651,0.873237,0.726161,0.0
274464768,50751.1,-0.003556,2.651273,0.00037,-0.988281,0.0,0.3043,-2.8765,0.009131,0.006382,0.00633,0.8549,0.867645,0.0
275251200,50801.2,0.002301,2.427747,0.000366,-1.007812,0.0,0.3056,-2.8588,0.007542,0.007145,0.007376,0.913314,0.913689,0.0
276037632,50851.0,0.002438,2.386934,0.000356,-0.953125,0.0,0.3065,-2.8429,0.008333,0.007019,0.006725,0.923727,0.934827,0.0
276824064,50722.8,0.001148,2.273482,0.000368,-0.898438,0.0,0.3069,-2.8236,0.006344,0.004725,0.004886,0.866961,0.824506,0.0
277610496,50775.4,0.002537,2.518286,0.000363,-0.945312,0.0,0.3071,-2.8102,0.010505,0.007872,0.009232,0.799369,0.764675,0.0
278396928,50824.5,-0.001146,2.324546,0.000359,-0.910156,0.0,0.308,-2.7989,0.008523,0.005213,0.006022,0.861323,0.994939,0.0
279183360,50875.3,0.003221,2.387225,0.000367,-0.984375,0.0,0.3095,-2.784,0.009992,0.00721,0.007812,0.865905,0.972979,0.0
279969792,50774.4,0.003438,2.499086,0.000367,-0.898438,0.0,0.3105,-2.7702,0.008739,0.004393,0.005763,0.906075,0.903047,0.0
280756224,50823.4,0.001416,2.504564,0.00036,-0.960938,0.0,0.3098,-2.7696,0.007925,0.004804,0.006042,0.955979,0.931513,0.0
281542656,50871.9,0.001435,2.726503,0.000362,-0.90625,0.0,0.3088,-2.7734,0.005646,0.003795,0.004921,0.902184,0.840553,0.0
282329088,50921.9,-0.000472,2.661137,0.000359,-0.910156,0.0,0.3079,-2.7634,0.00608,0.004926,0.005185,0.932658,0.872556,0.0
283115520,50809.8,-0.00188,2.628946,0.00034,-1.15625,0.0,0.3081,-2.7528,0.007251,0.005735,0.006779,1.010609,1.081895,0.0
283901952,50859.6,0.001376,2.601796,0.000334,-1.054688,0.0,0.3081,-2.7432,0.00688,0.00489,0.006073,0.934882,0.919091,0.0
284688384,50906.4,0.002432,2.481353,0.000344,-1.078125,0.0,0.3091,-2.7225,0.006836,0.004549,0.005291,0.962522,0.923863,0.0
285474816,50815.9,0.002472,2.482154,0.000344,-1.046875,0.0,0.3098,-2.7176,0.007148,0.004663,0.005417,0.964875,0.896963,0.0
286261248,50860.7,0.001813,2.593327,0.000364,-1.023438,0.0,0.3106,-2.7143,0.011905,0.009336,0.011685,1.010431,0.894295,0.0
287047680,50897.4,-0.000927,2.585983,0.000366,-0.960938,0.0,0.3107,-2.7095,0.008266,0.005895,0.007129,0.918407,0.984134,0.0
287834112,50945.8,0.000929,2.610324,0.000373,-1.007812,0.0,0.311,-2.7021,0.00766,0.005519,0.00609,0.939108,1.062135,0.0
288620544,50827.1,-0.001918,2.64888,0.000381,-0.949219,0.0,0.3109,-2.6991,0.008367,0.005756,0.006719,0.896658,0.886953,0.0
289406976,50875.9,-0.005369,2.675224,0.000387,-0.863281,0.0,0.311,-2.686,0.009454,0.005341,0.007857,0.888592,0.815418,0.0
290193408,50916.2,-0.00808,2.640539,0.00037,-0.945312,0.0,0.3112,-2.6862,0.007875,0.005666,0.006036,0.876592,0.864115,0.0
290979840,50822.7,0.003012,2.642325,0.000383,-0.890625,0.0,0.3117,-2.6785,0.010071,0.005634,0.006365,0.894725,1.063452,0.0
291766272,50866.9,-0.001817,2.472377,0.000391,-0.867188,0.0,0.3158,-2.6459,0.011247,0.007225,0.008697,0.896361,1.037416,0.0
292552704,50915.0,-0.010303,2.414413,0.000375,-0.960938,0.0,0.3201,-2.6094,0.009431,0.007988,0.010951,0.853422,0.964406,0.0
293339136,50964.5,-0.008054,1.98261,0.000369,-0.914062,0.0,0.3249,-2.5697,0.006591,0.005686,0.006599,0.890586,0.929602,0.0
294125568,50862.9,-0.001166,2.181477,0.000341,-0.855469,0.0,0.3273,-2.5559,0.006859,0.003857,0.004696,0.890757,0.799562,0.0
294912000,50912.3,0.004679,2.473638,0.00034,-1.039062,0.0,0.3284,-2.5492,0.012207,0.005998,0.007794,0.852429,1.03037,0.0
295698432,50963.0,0.00248,2.674664,0.00036,-0.929688,0.0,0.3299,-2.5429,0.012933,0.008694,0.009296,0.948459,1.046078,0.0
296484864,50878.0,0.002818,2.74067,0.000358,-1.09375,0.0,0.332,-2.54,0.005573,0.003643,0.004438,0.92267,1.015111,0.0
297271296,50927.2,0.003647,2.354596,0.00035,-0.867188,0.0,0.3332,-2.5311,0.008752,0.007151,0.007685,0.944036,0.933439,0.0
298057728,50974.5,-0.004314,2.140591,0.000325,-0.863281,0.0,0.3344,-2.528,0.008145,0.005508,0.005459,0.976386,0.991748,0.0
298844160,51022.8,0.001863,2.312274,0.000328,-0.941406,0.0,0.3356,-2.5247,0.011815,0.007405,0.007117,0.895558,0.863457,0.0
299630592,50941.1,-0.001629,2.199935,0.000328,-0.875,0.0,0.3365,-2.5207,0.010842,0.008652,0.010339,0.842568,1.054578,0.0
300417024,50987.7,-0.000372,2.086477,0.000327,-0.898438,0.0,0.3371,-2.5107,0.010162,0.006873,0.007857,0.885344,1.049284,0.0
301203456,51032.7,0.000187,2.235604,0.000329,-0.945312,0.0,0.3373,-2.5047,0.009235,0.006303,0.007964,0.878439,0.984773,0.0
301989888,50932.5,0.002285,2.469927,0.000343,-0.890625,0.0,0.3378,-2.4949,0.012374,0.008598,0.00873,0.947571,0.959582,0.0
302776320,50976.0,0.000433,2.055607,0.000314,-0.921875,0.0,0.3375,-2.4886,0.010464,0.005853,0.008463,0.911076,0.885894,0.0
303562752,51011.5,-0.00165,2.075719,0.000316,-0.863281,0.0,0.3374,-2.4849,0.008231,0.003683,0.005126,0.868006,1.069669,0.0
304349184,51047.6,-0.000908,2.069394,0.000323,-0.855469,0.0,0.3374,-2.4745,0.005963,0.003067,0.004066,0.912055,1.035603,0.0
305135616,50866.0,0.001492,2.388164,0.00033,-0.914062,0.0,0.3372,-2.4711,0.005713,0.0039,0.004868,0.915335,0.95114,0.0
305922048,50909.2,-0.00124,2.246411,0.000326,-0.980469,0.0,0.3361,-2.4775,0.00937,0.006372,0.007416,0.981039,0.979725,0.0
306708480,50952.6,-0.000619,2.573494,0.000319,-1.070312,0.0,0.3348,-2.4905,0.008304,0.005354,0.005502,1.021669,1.029043,0.0
307494912,50996.0,6.2e-05,2.590064,0.000323,-0.816406,0.0,0.333,-2.5012,0.011492,0.006963,0.008091,1.000981,0.91744,0.0
308281344,50870.9,0.004341,2.230049,0.000318,-0.863281,0.0,0.3336,-2.4877,0.011209,0.008505,0.010317,1.05308,1.35586,0.0
309067776,50912.2,0.0006,2.024738,0.00033,-0.824219,0.0,0.3346,-2.4615,0.007734,0.004877,0.006211,0.982589,1.174582,0.0
309854208,50957.1,0.002868,2.098264,0.000325,-0.863281,0.0,0.3353,-2.4401,0.006996,0.005647,0.007589,1.008161,1.206603,0.0
310640640,50858.9,0.000658,2.093019,0.000346,-0.886719,0.0,0.3359,-2.425,0.014991,0.009403,0.010971,0.907319,1.022027,0.0
311427072,50901.1,0.000292,2.194227,0.000325,-0.824219,0.0,0.3378,-2.4094,0.009754,0.00603,0.007186,0.857565,0.930595,0.0
312213504,50941.2,-0.003402,2.322129,0.000339,-0.9375,0.0,0.3389,-2.4012,0.010271,0.004307,0.005318,0.937914,1.172818,0.0
312999936,50972.8,0.000759,2.31582,0.000342,-0.941406,0.0,0.3398,-2.391,0.007013,0.004783,0.006197,0.976056,1.211663,0.0
313786368,50825.5,-0.006648,2.031599,0.000351,-0.890625,0.0,0.34,-2.3804,0.012493,0.00938,0.010011,0.954304,1.107656,0.0
314572800,50868.0,0.002073,2.061962,0.000334,-0.875,0.0,0.3397,-2.3618,0.006943,0.005768,0.005929,1.012601,1.067099,0.0
315359232,50905.9,0.001528,2.108635,0.000332,-0.851562,0.0,0.3397,-2.3542,0.009733,0.004696,0.004851,0.977592,1.011053,0.0
316145664,50689.6,0.004068,2.099744,0.000323,-0.910156,0.0,0.3394,-2.346,0.008801,0.006057,0.006404,0.961604,1.218081,0.0
316932096,50731.9,-0.000929,1.914827,0.000343,-0.789062,0.0,0.3427,-2.3128,0.011221,0.01051,0.011887,0.933738,1.135099,0.0
317718528,50769.1,-0.008672,1.889555,0.000321,-0.8125,0.0,0.346,-2.2781,0.007732,0.00666,0.007637,1.026953,1.28847,0.0
318504960,50809.1,0.001585,1.798973,0.00032,-0.816406,0.0,0.3493,-2.2366,0.006897,0.006101,0.006026,0.978625,1.187518,0.0
319291392,50719.1,9.3e-05,2.003777,0.00032,-0.867188,0.0,0.3504,-2.2237,0.006579,0.005365,0.006106,0.905994,0.95218,0.0
320077824,50757.4,-0.003641,2.279918,0.000313,-0.925781,0.0,0.3498,-2.2297,0.008415,0.004314,0.005085,1.082088,1.377314,0.0
320864256,50795.9,-0.006873,2.226209,0.000328,-0.9375,0.0,0.3494,-2.2323,0.005302,0.004068,0.004335,0.909089,1.166787,0.0
321650688,50660.9,-9e-05,2.323669,0.000338,-1.015625,0.0,0.3487,-2.2363,0.007961,0.00306,0.003559,0.952476,1.181019,0.0
322437120,50703.3,0.005595,2.163877,0.00033,-1.03125,0.0,0.3515,-2.2119,0.008125,0.005407,0.006572,0.912187,0.965494,0.0
323223552,50745.7,0.001992,1.866294,0.000322,-1.0,0.0,0.3545,-2.1797,0.012827,0.006603,0.008767,0.966732,0.925138,0.0
324009984,50790.0,-0.000846,1.875695,0.000315,-0.898438,0.0,0.3575,-2.1514,0.009616,0.006208,0.00688,0.982927,0.885769,0.0
324796416,50690.2,-0.001315,1.97446,0.000311,-0.921875,0.0,0.3587,-2.1387,0.011481,0.007224,0.00939,0.963609,1.074999,0.0
325582848,50730.4,-0.00101,1.985847,0.000313,-0.921875,0.0,0.3602,-2.1259,0.014948,0.006491,0.009614,1.027261,1.103096,0.0
326369280,50771.1,-0.003058,1.76816,0.000319,-0.980469,0.0,0.3616,-2.1075,0.014424,0.009147,0.010248,1.04924,1.108757,0.0
327155712,50663.3,0.008199,1.954572,0.000319,-0.902344,0.0,0.3629,-2.0965,0.010699,0.006114,0.008725,1.076271,1.019742,0.0
327942144,50704.3,0.001973,2.149125,0.000324,-0.910156,0.0,0.3642,-2.0869,0.010314,0.00505,0.005796,1.020805,0.968957,0.0
328728576,50744.9,0.004418,2.208531,0.000327,-0.917969,0.0,0.3648,-2.0807,0.011933,0.007622,0.008857,0.924026,1.110369,0.0
329515008,50787.8,0.007191,2.14096,0.000342,-1.054688,0.0,0.3662,-2.0658,0.009516,0.005173,0.006576,0.915988,1.084038,0.0
330301440,50686.6,0.005672,2.002388,0.000345,-0.941406,0.0,0.3674,-2.0557,0.010992,0.00693,0.007622,1.000277,1.064368,0.0
331087872,50727.6,0.005168,1.809535,0.000336,-1.015625,0.0,0.3681,-2.0405,0.008103,0.00737,0.009048,1.029709,1.021014,0.0
331874304,50768.0,-0.001801,1.752569,0.000339,-0.859375,0.0,0.3686,-2.0291,0.004787,0.004267,0.004662,1.014827,0.955037,0.0
332660736,50810.7,-0.007212,1.730627,0.000321,-0.917969,0.0,0.3695,-2.0185,0.007906,0.006898,0.008917,1.043766,1.01375,0.0
333447168,50735.0,0.001022,2.094828,0.000341,-0.855469,0.0,0.3718,-2.0039,0.009212,0.009013,0.009272,0.915566,1.136828,0.0
334233600,50778.7,-0.002892,1.935912,0.000349,-0.824219,0.0,0.3744,-1.9803,0.004997,0.003561,0.004537,1.019638,1.209593,0.0
335020032,50817.4,-0.00156,1.841187,0.000344,-0.828125,0.0,0.3767,-1.9503,0.006181,0.003938,0.004244,1.053391,1.175164,0.0
335806464,50734.4,0.001225,2.003257,0.000339,-0.878906,0.0,0.3793,-1.9338,0.009351,0.007483,0.008648,0.976658,1.042189,0.0
336592896,50772.4,-0.005414,1.885203,0.000312,-0.972656,0.0,0.3822,-1.9146,0.013369,0.008201,0.009609,1.001875,1.031408,0.0
337379328,50813.8,0.000395,2.047393,0.000331,-0.945312,0.0,0.3838,-1.907,0.008772,0.006193,0.007862,1.008207,1.193524,0.0
338165760,50853.6,-0.00303,1.981916,0.000335,-0.964844,0.0,0.3864,-1.8873,0.009644,0.00704,0.007989,1.056682,1.267783,0.0
338952192,50785.3,0.000986,1.98437,0.00036,-0.867188,0.0,0.3885,-1.8728,0.005414,0.004391,0.005098,1.16573,1.252379,0.0
339738624,50819.5,-0.001791,1.641491,0.000382,-0.847656,0.0,0.3896,-1.8596,0.009922,0.008331,0.009365,1.099349,1.190684,0.0
340525056,50859.6,-0.005757,1.782542,0.00034,-0.910156,0.0,0.3919,-1.8426,0.010001,0.00658,0.008293,1.071041,1.137964,0.0
341311488,50780.6,-0.000263,1.978707,0.000322,-0.839844,0.0,0.3928,-1.8314,0.009799,0.005873,0.006604,0.990716,1.255446,0.0
342097920,50821.0,0.004808,1.868644,0.00031,-0.78125,0.0,0.3962,-1.809,0.005992,0.003888,0.0054,1.02442,1.260328,0.0
342884352,50860.5,0.002581,1.775948,0.000324,-0.742188,0.0,0.3993,-1.7901,0.010785,0.006478,0.006215,1.066249,1.312055,0.0
343670784,50900.4,-0.002454,1.694853,0.000321,-0.832031,0.0,0.4025,-1.771,0.010801,0.006637,0.0068,1.107221,1.381634,0.0
344457216,50817.1,-0.0027,1.888026,0.000348,-0.851562,0.0,0.4045,-1.7689,0.015278,0.008454,0.009968,1.048473,1.179941,0.0
345243648,50857.9,0.002758,1.951007,0.000327,-0.789062,0.0,0.4053,-1.7727,0.006405,0.003689,0.004738,1.081041,1.152794,0.0
346030080,50897.2,0.002725,2.221329,0.000342,-0.800781,0.0,0.4055,-1.7773,0.006023,0.003818,0.004316,0.966496,1.247722,0.0
346816512,50829.4,-0.003138,1.905137,0.000339,-0.847656,0.0,0.4056,-1.786,0.008769,0.007866,0.007709,1.055964,1.288385,0.0
347602944,50867.8,-0.001363,1.717005,0.000314,-0.765625,0.0,0.4082,-1.7684,0.007841,0.006015,0.007534,1.040097,1.243811,0.0
348389376,50908.6,-0.003253,1.848157,0.000315,-0.777344,0.0,0.4106,-1.7473,0.007226,0.004178,0.010098,1.111933,1.324002,0.0
349175808,50949.5,-0.003852,1.849485,0.000303,-0.777344,0.0,0.4127,-1.7297,0.011342,0.005837,0.007012,1.063589,1.283645,0.0
349962240,50881.8,0.001505,1.886367,0.000315,-0.773438,0.0,0.4129,-1.7223,0.010398,0.007273,0.007545,0.916981,1.243767,0.0
350748672,50918.7,0.000588,1.894399,0.000334,-0.773438,0.0,0.4122,-1.7187,0.010062,0.005165,0.004942,0.88517,1.178639,0.0
351535104,50957.9,0.006918,1.718069,0.000349,-0.75,0.0,0.4115,-1.7146,0.010806,0.007785,0.009835,0.954147,1.201779,0.0
352321536,50898.2,0.00504,1.792295,0.000346,-0.765625,0.0,0.4111,-1.7082,0.006485,0.004447,0.005714,1.022164,1.216199,0.0
353107968,50938.3,-0.001577,1.823495,0.000341,-0.84375,0.0,0.4126,-1.6957,0.008562,0.007056,0.010322,0.974994,1.169543,0.0
353894400,50977.9,-0.002751,1.832367,0.000333,-0.894531,0.0,0.4133,-1.6813,0.009833,0.007159,0.008449,0.968189,1.266688,0.0
354680832,51015.5,-0.006661,1.61034,0.000332,-0.785156,0.0,0.4139,-1.6729,0.005483,0.004079,0.005277,0.938933,1.201277,0.0
355467264,50956.2,0.003312,1.764848,0.000341,-0.753906,0.0,0.4143,-1.6576,0.007914,0.006512,0.007347,0.899552,1.070454,0.0
356253696,50992.2,0.004915,1.817494,0.000327,-0.816406,0.0,0.4147,-1.6481,0.009871,0.007976,0.008452,0.977965,1.160862,0.0
357040128,51029.8,-0.001448,1.520752,0.00032,-0.765625,0.0,0.4156,-1.6329,0.007669,0.005325,0.005466,0.892635,1.01395,0.0
357826560,50972.5,0.00191,1.725665,0.000329,-0.714844,0.0,0.4164,-1.6195,0.008964,0.006313,0.007187,0.924005,1.124054,0.0
358612992,51009.5,-0.003464,1.945914,0.000324,-0.78125,0.0,0.4175,-1.622,0.004814,0.004162,0.004693,0.986793,1.374545,0.0
359399424,51050.9,-0.002049,1.959667,0.000331,-0.773438,0.0,0.4192,-1.6224,0.004395,0.003861,0.004719,1.051119,1.401642,0.0
360185856,51087.4,0.002372,1.728162,0.00033,-0.785156,0.0,0.4202,-1.6232,0.007051,0.006129,0.005523,1.040851,1.361356,0.0
360972288,51023.4,-0.000291,2.025128,0.000325,-0.878906,0.0,0.4198,-1.6204,0.004295,0.003693,0.004013,0.959506,1.151399,0.0
361758720,51060.9,0.002716,1.783394,0.000309,-0.867188,0.0,0.4173,-1.6144,0.009126,0.007519,0.008149,0.936586,1.126363,0.0
362545152,51098.6,-0.00984,1.783763,0.000311,-0.851562,0.0,0.4162,-1.6082,0.007565,0.006058,0.007098,0.94594,1.210002,0.0
363331584,51133.3,-0.005042,1.671409,0.000314,-0.878906,0.0,0.4151,-1.6028,0.006923,0.005637,0.007553,0.949571,1.197786,0.0
364118016,51073.8,-3.2e-05,1.59745,0.000354,-0.789062,0.0,0.4156,-1.593,0.010041,0.009692,0.011453,1.096412,1.37644,0.0
364904448,51110.3,-0.000428,1.41184,0.00032,-0.835938,0.0,0.4169,-1.5767,0.006646,0.006189,0.006502,1.097566,1.27367,0.0
365690880,51148.1,-0.004928,1.439243,0.000329,-0.902344,0.0,0.4193,-1.5612,0.008194,0.00638,0.007243,1.087045,1.260993,0.0
366477312,51102.5,0.000878,1.701995,0.000316,-0.898438,0.0,0.4207,-1.5498,0.007474,0.005223,0.006073,1.215629,1.528389,0.0
367263744,51142.1,-0.00508,1.543133,0.000332,-0.871094,0.0,0.421,-1.5373,0.007727,0.006547,0.008263,1.180067,1.489064,0.0
368050176,51177.7,0.001178,1.439219,0.00033,-0.835938,0.0,0.4213,-1.5243,0.007915,0.006168,0.008317,1.259251,1.419277,0.0
368836608,51218.1,0.001145,1.42331,0.000332,-0.890625,0.0,0.4207,-1.5135,0.005792,0.004477,0.005474,1.287065,1.417556,0.0
369623040,51135.3,0.003653,1.474173,0.000332,-0.808594,0.0,0.4209,-1.5086,0.006417,0.00611,0.006996,1.080522,1.178872,0.0
370409472,51174.1,0.004357,1.446418,0.000321,-0.863281,0.0,0.4214,-1.5066,0.009401,0.006368,0.007709,1.043577,1.273295,0.0
371195904,51206.2,-0.010939,1.489727,0.000326,-0.839844,0.0,0.4219,-1.5049,0.007438,0.006081,0.007942,0.998266,1.367272,0.0
371982336,51139.1,0.000546,1.603191,0.000342,-0.742188,0.0,0.4221,-1.4944,0.005198,0.003479,0.004476,0.979533,1.249259,0.0
372768768,51173.5,-0.001666,1.634773,0.000354,-0.695312,0.0,0.4219,-1.4827,0.00395,0.003189,0.004885,1.100224,1.297833,0.0
373555200,51206.9,-0.000543,1.565105,0.000345,-0.796875,0.0,0.4215,-1.4758,0.008484,0.005638,0.00834,1.086532,1.309129,0.0
374341632,51241.3,0.00349,1.544729,0.000314,-0.835938,0.0,0.4222,-1.4629,0.007712,0.005237,0.007444,1.128921,1.237517,0.0
375128064,51171.1,0.003891,1.708395,0.000341,-0.929688,0.0,0.4227,-1.4563,0.012131,0.008224,0.010804,0.960218,1.374647,0.0
375914496,51207.2,-0.00447,1.569914,0.00035,-0.816406,0.0,0.4232,-1.4484,0.010667,0.006475,0.007829,0.957016,1.232512,0.0
376700928,51242.4,0.00055,1.541268,0.000351,-0.789062,0.0,0.424,-1.4356,0.009713,0.005097,0.006784,1.098039,1.390143,0.0
377487360,51176.8,-0.005069,1.361053,0.000339,-0.75,0.0,0.4251,-1.4291,0.01282,0.005576,0.006775,1.090798,1.252674,0.0
378273792,51213.1,-0.00146,1.422376,0.000312,-0.769531,0.0,0.4277,-1.4132,0.01025,0.007926,0.008436,1.013283,1.134644,0.0
379060224,51249.9,-0.005722,1.397371,0.00031,-0.863281,0.0,0.4304,-1.4002,0.012352,0.008845,0.009443,1.209765,1.66567,0.0
379846656,51285.3,0.000181,1.322083,0.000332,-0.863281,0.0,0.4318,-1.3911,0.014307,0.008043,0.009065,0.910469,1.276691,0.0
380633088,51216.8,-0.00063,1.496479,0.00035,-0.847656,0.0,0.433,-1.3763,0.007455,0.00412,0.004907,0.979157,1.24802,0.0
381419520,51254.1,-0.002657,1.49596,0.000352,-0.78125,0.0,0.4338,-1.3705,0.007404,0.004485,0.00522,0.955786,1.151832,0.0
382205952,51288.8,-0.002898,1.334422,0.000353,-0.671875,0.0,0.4356,-1.3604,0.009983,0.006168,0.006672,1.013309,1.172997,0.0
382992384,51234.7,-0.00042,1.429909,0.000349,-0.675781,0.0,0.4371,-1.357,0.00987,0.005299,0.006197,1.277959,1.909405,0.0
383778816,51270.1,-0.002693,1.460113,0.000345,-0.742188,0.0,0.4386,-1.3506,0.011048,0.00738,0.008507,1.001828,1.474031,0.0
384565248,51306.0,-0.00655,1.378461,0.000332,-0.800781,0.0,0.4405,-1.3362,0.008653,0.005993,0.00719,0.988378,1.40886,0.0
385351680,51342.7,0.000449,1.372731,0.000331,-0.773438,0.0,0.4419,-1.3313,0.008826,0.007433,0.007553,1.059614,1.350379,0.0
386138112,51273.3,-0.003689,1.429623,0.000337,-0.714844,0.0,0.4434,-1.321,0.006224,0.004392,0.004768,1.040345,1.200109,0.0
386924544,51307.1,-0.009245,1.458224,0.000331,-0.746094,0.0,0.4453,-1.3035,0.007126,0.005047,0.005503,1.083491,1.255011,0.0
387710976,51343.6,-0.001023,1.474938,0.000337,-0.746094,0.0,0.4464,-1.2897,0.005726,0.003445,0.004522,0.970116,1.372492,0.0
388497408,51380.5,0.000296,1.563006,0.000357,-0.742188,0.0,0.4482,-1.275,0.006253,0.003918,0.004459,0.984807,1.357606,0.0
389283840,51280.6,0.004193,1.472329,0.000375,-0.753906,0.0,0.4517,-1.257,0.005909,0.00465,0.005411,0.972647,1.262253,0.0
390070272,51317.4,0.001252,1.251393,0.000364,-0.753906,0.0,0.4556,-1.2418,0.011008,0.006185,0.008007,1.020764,1.192724,0.0
390856704,51355.0,0.003279,1.313918,0.000352,-0.792969,0.0,0.4592,-1.231,0.009593,0.00684,0.009002,1.036404,1.144318,0.0
391643136,51298.7,-0.007107,1.350995,0.00035,-0.761719,0.0,0.4617,-1.2204,0.006601,0.00325,0.004287,0.894191,1.407698,0.0
392429568,51332.9,-0.002259,1.390621,0.000366,-0.742188,0.0,0.4631,-1.208,0.00953,0.007274,0.008448,0.899944,1.314771,0.0
393216000,51368.0,-0.00036,1.20432,0.000381,-0.757812,0.0,0.4637,-1.1993,0.013231,0.009029,0.01099,1.03054,1.408019,0.0
394002432,51403.2,-0.000667,1.282757,0.000386,-0.820312,0.0,0.4648,-1.1902,0.010974,0.006295,0.00793,1.122268,1.447413,0.0
394788864,51336.6,-0.002159,1.058361,0.000353,-0.753906,0.0,0.4669,-1.1756,0.012065,0.008395,0.010458,1.120912,1.290106,0.0
395575296,51371.0,-0.001872,1.083167,0.000358,-0.679688,0.0,0.4695,-1.1603,0.011296,0.006611,0.011006,1.122914,1.33269,0.0
396361728,51406.1,-0.006792,1.260147,0.000351,-0.71875,0.0,0.4714,-1.1524,0.00752,0.003855,0.006144,1.077044,1.554529,0.0
397148160,51288.9,0.003925,1.362787,0.000361,-0.769531,0.0,0.4743,-1.1415,0.011875,0.007734,0.00852,1.166473,1.607662,0.0
397934592,51311.2,-0.003049,1.300919,0.000341,-0.703125,0.0,0.4779,-1.1259,0.007598,0.006526,0.007242,1.1858,1.607062,0.0
398721024,51336.2,0.000261,1.234544,0.000333,-0.757812,0.0,0.4815,-1.107,0.01078,0.006872,0.007677,1.248959,1.648539,0.0
399507456,51370.2,-0.002006,1.188126,0.000323,-0.710938,0.0,0.485,-1.0909,0.007923,0.006268,0.006349,1.122104,1.409048,0.0
400293888,51087.5,-0.002722,1.264457,0.000339,-0.78125,0.0,0.4865,-1.0859,0.008398,0.005876,0.008478,0.982853,1.490432,0.0
401080320,51121.2,0.003164,1.214558,0.000357,-0.832031,0.0,0.4871,-1.0728,0.005667,0.003891,0.005201,1.053249,1.44236,0.0
401866752,51157.0,0.007411,1.111391,0.000357,-0.761719,0.0,0.4878,-1.0608,0.006194,0.00452,0.00545,1.086505,1.451091,0.0
402653184,50808.0,0.000472,1.192007,0.000354,-0.753906,0.0,0.4878,-1.0527,0.007045,0.004603,0.006175,1.122708,1.368968,0.0
403439616,50842.4,-0.006591,1.244974,0.000352,-0.800781,0.0,0.489,-1.0465,0.010143,0.006296,0.008418,1.091198,1.327496,0.0
404226048,50878.3,-0.00452,1.136261,0.000352,-0.777344,0.0,0.4904,-1.0391,0.011273,0.006331,0.00814,1.042005,1.280122,0.0
405012480,50909.7,-0.001437,1.249487,0.000366,-0.75,0.0,0.4913,-1.0328,0.009045,0.005359,0.006908,1.044285,1.481186,0.0
405798912,50564.9,0.001505,1.362653,0.000378,-0.714844,0.0,0.4921,-1.0304,0.005838,0.005446,0.006968,1.173156,1.544822,0.0
406585344,50597.4,0.003381,1.19239,0.000371,-0.699219,0.0,0.4923,-1.028,0.007589,0.006526,0.006876,1.052158,1.41589,0.0
407371776,50632.3,-0.001299,1.095028,0.000359,-0.714844,0.0,0.4924,-1.026,0.010153,0.006257,0.009362,0.996756,1.323689,0.0
408158208,50545.2,0.003028,1.20312,0.000346,-0.699219,0.0,0.4932,-1.0261,0.008121,0.004946,0.006113,1.089465,1.494493,0.0
408944640,50578.3,-0.001032,1.165031,0.000386,-0.679688,0.0,0.4944,-1.0191,0.010698,0.008693,0.010792,0.963929,1.577641,0.0
409731072,50610.9,0.002093,1.15053,0.000378,-0.839844,0.0,0.496,-1.0068,0.007567,0.005047,0.005988,1.095344,1.576462,0.0
410517504,50646.5,0.004007,1.076792,0.000357,-0.820312,0.0,0.4971,-0.9963,0.005175,0.004281,0.005194,1.119987,1.46846,0.0
411303936,50593.7,0.001436,1.043002,0.000356,-0.726562,0.0,0.4979,-0.9821,0.007539,0.004567,0.005259,1.10481,1.334677,0.0
412090368,50628.7,0.002721,1.07398,0.000329,-0.691406,0.0,0.4973,-0.9768,0.00695,0.004501,0.005065,1.097341,1.290021,0.0
412876800,50657.9,-0.000629,1.087217,0.000328,-0.785156,0.0,0.497,-0.971,0.00966,0.007698,0.008537,1.007862,1.577326,0.0
413663232,50693.4,0.008187,1.161688,0.000382,-0.8125,0.0,0.4969,-0.9632,0.009152,0.006137,0.007123,1.051098,1.595227,0.0
414449664,50633.1,-0.006175,1.185409,0.000338,-0.769531,0.0,0.496,-0.9563,0.009562,0.005093,0.006526,1.084517,1.361295,0.0
415236096,50665.3,0.006406,1.042743,0.000328,-0.871094,0.0,0.4959,-0.9504,0.008665,0.006668,0.008402,1.157446,1.475091,0.0
416022528,50697.8,0.004437,1.056964,0.000316,-0.789062,0.0,0.4963,-0.9472,0.008477,0.00479,0.007071,1.115664,1.291071,0.0
416808960,50645.3,0.000351,1.150228,0.000327,-0.773438,0.0,0.4973,-0.9401,0.013709,0.006288,0.008723,1.073439,1.490191,0.0
417595392,50678.2,0.005908,1.142838,0.000381,-0.746094,0.0,0.4988,-0.9299,0.008068,0.005331,0.007461,1.118426,1.601364,0.0
418381824,50712.5,0.000638,1.085721,0.000372,-0.734375,0.0,0.5004,-0.9162,0.011546,0.005901,0.007684,1.135923,1.583461,0.0
419168256,50747.3,-0.005041,1.062438,0.000372,-0.710938,0.0,0.5011,-0.9047,0.012266,0.007025,0.00852,1.226965,1.630821,0.0
419954688,50689.4,0.001238,1.029677,0.00034,-0.714844,0.0,0.5005,-0.902,0.012082,0.00776,0.009275,1.212797,1.510959,0.0
420741120,50716.4,-0.00499,1.016771,0.000315,-0.683594,0.0,0.5001,-0.9028,0.011653,0.006076,0.00781,1.116793,1.501351,0.0
421527552,50749.1,0.00129,1.094927,0.000322,-0.785156,0.0,0.5001,-0.9028,0.010695,0.005943,0.007959,1.00925,1.59683,0.0
422313984,50696.3,0.000495,1.09514,0.000342,-0.734375,0.0,0.4995,-0.9018,0.009711,0.006324,0.007703,1.062847,1.586661,0.0
423100416,50730.8,0.00466,0.954337,0.000343,-0.664062,0.0,0.5,-0.8984,0.012224,0.008214,0.009373,1.165381,1.650472,0.0
423886848,50762.0,0.001736,0.948508,0.000333,-0.707031,0.0,0.5006,-0.8972,0.008744,0.005598,0.006405,1.209047,1.659487,0.0
424673280,50796.9,-0.008945,0.833307,0.000324,-0.730469,0.0,0.5013,-0.8894,0.008317,0.005021,0.005763,1.075238,1.426265,0.0
425459712,50740.2,0.002223,0.983435,0.000324,-0.683594,0.0,0.5013,-0.8845,0.009635,0.006978,0.007514,1.028861,1.591045,0.0
426246144,50772.9,-0.006177,1.073192,0.000334,-0.75,0.0,0.4999,-0.8796,0.007591,0.006746,0.006831,1.082075,1.552948,0.0
427032576,50804.8,-0.002099,0.954842,0.000322,-0.777344,0.0,0.4989,-0.8758,0.012351,0.007874,0.006999,1.205829,1.5984,0.0
427819008,50704.5,0.001007,0.806815,0.000328,-0.792969,0.0,0.4983,-0.8705,0.010745,0.006331,0.006188,1.199182,1.432758,0.0
428605440,50735.9,0.003991,0.883806,0.000324,-0.808594,0.0,0.5003,-0.8578,0.008679,0.005228,0.006436,1.132498,1.369015,0.0
429391872,50767.2,0.001606,0.885307,0.000315,-0.675781,0.0,0.5026,-0.8456,0.008865,0.008301,0.008243,1.138415,1.382966,0.0
430178304,50798.7,-0.005329,0.84385,0.000326,-0.703125,0.0,0.5039,-0.8375,0.008439,0.006227,0.00732,1.034882,1.570023,0.0
430964736,50706.4,-0.009566,0.855759,0.000343,-0.652344,0.0,0.5056,-0.8229,0.009911,0.008035,0.00872,1.108059,1.687074,0.0
431751168,50738.3,0.007209,0.941989,0.000337,-0.621094,0.0,0.5052,-0.8119,0.004602,0.003844,0.004778,1.146071,1.649515,0.0
432537600,50769.8,0.000406,0.84764,0.000333,-0.636719,0.0,0.505,-0.8038,0.005322,0.003771,0.004554,1.203002,1.698628,0.0
433324032,50662.1,-0.004177,0.789732,0.000318,-0.6875,0.0,0.5048,-0.7911,0.010247,0.006247,0.007535,1.140983,1.706333,0.0
434110464,50695.0,0.004554,0.872079,0.000332,-0.636719,0.0,0.5058,-0.7795,0.010544,0.006045,0.007098,1.027239,1.73908,0.0
434896896,50724.2,-0.005775,0.809156,0.000366,-0.585938,0.0,0.5073,-0.7632,0.005767,0.004448,0.005364,0.981146,1.631558,0.0
435683328,50756.6,-0.002267,0.738446,0.000346,-0.660156,0.0,0.5084,-0.7475,0.00959,0.006197,0.006601,1.011792,1.630291,0.0
436469760,50625.3,0.002073,0.741016,0.000334,-0.664062,0.0,0.5094,-0.7314,0.011395,0.007962,0.009143,1.119909,1.554734,0.0
437256192,50659.5,0.003314,0.764416,0.000313,-0.652344,0.0,0.5103,-0.7211,0.007004,0.00565,0.00661,1.064598,1.451923,0.0
438042624,50693.2,-0.00354,0.859709,0.00033,-0.667969,0.0,0.5111,-0.7144,0.005632,0.004182,0.004758,1.255664,1.919503,0.0
438829056,50726.3,0.000379,0.87689,0.000339,-0.703125,0.0,0.5114,-0.7108,0.007127,0.004785,0.005019,0.926261,1.57932,0.0
439615488,50638.3,0.000458,0.94607,0.000366,-0.644531,0.0,0.513,-0.7022,0.010281,0.008705,0.010837,1.123724,1.6783,0.0
440401920,50669.0,0.00311,0.97882,0.000362,-0.675781,0.0,0.5154,-0.6917,0.010828,0.008076,0.009014,1.095505,1.659485,0.0
441188352,50702.7,-0.003357,0.875473,0.000348,-0.714844,0.0,0.5184,-0.68,0.011788,0.006247,0.007742,1.064853,1.568484,0.0
441974784,50649.9,0.000725,0.896378,0.000332,-0.675781,0.0,0.5219,-0.6669,0.005459,0.004221,0.00502,1.174442,1.940708,0.0
442761216,50678.3,0.002077,0.891607,0.000342,-0.617188,0.0,0.5239,-0.6555,0.010002,0.00799,0.008344,0.846854,1.477217,0.0
443547648,50710.9,-0.002906,0.934262,0.000349,-0.660156,0.0,0.5261,-0.6419,0.006764,0.003836,0.004284,1.043623,1.693282,0.0
444334080,50740.6,-0.004834,0.83719,0.000345,-0.667969,0.0,0.5282,-0.6267,0.007474,0.005134,0.006193,1.019828,1.57416,0.0
445120512,50679.7,-0.003698,0.769926,0.000343,-0.625,0.0,0.5285,-0.6185,0.011578,0.008822,0.010905,1.176808,1.654534,0.0
445906944,50709.2,-0.004173,0.798007,0.000323,-0.621094,0.0,0.5282,-0.6131,0.006926,0.005764,0.006889,1.121219,1.663585,0.0
446693376,50740.7,0.003571,0.843502,0.000318,-0.691406,0.0,0.5283,-0.6098,0.007337,0.005857,0.00706,0.921713,1.572775,0.0
447479808,50669.9,0.000227,1.062769,0.000346,-0.75,0.0,0.5286,-0.6032,0.006861,0.006242,0.007045,1.109037,1.782372,0.0
448266240,50701.5,-0.005225,0.94034,0.000345,-0.652344,0.0,0.5296,-0.5929,0.007635,0.005504,0.008157,1.194873,1.738214,0.0
449052672,50731.6,0.006164,0.860968,0.000337,-0.640625,0.0,0.5306,-0.5818,0.007404,0.00609,0.007403,1.163703,1.652491,0.0
449839104,50763.2,0.00248,0.864295,0.000339,-0.703125,0.0,0.5316,-0.5699,0.012283,0.007542,0.009843,1.159589,1.616255,0.0
450625536,50721.3,-0.007089,0.828386,0.000346,-0.605469,0.0,0.5322,-0.5638,0.010318,0.006616,0.008881,0.934061,1.53343,0.0
451411968,50752.0,-0.001518,0.793726,0.000362,-0.65625,0.0,0.5314,-0.5571,0.006755,0.005774,0.007694,1.003252,1.642151,0.0
452198400,50781.9,0.000887,0.790025,0.000345,-0.714844,0.0,0.5308,-0.5487,0.007085,0.005297,0.006556,1.095269,1.652901,0.0
452984832,50733.4,-0.006706,0.682981,0.000339,-0.699219,0.0,0.5303,-0.5421,0.010376,0.006836,0.006925,1.11139,1.571221,0.0
453771264,50760.4,7e-05,0.822169,0.000325,-0.683594,0.0,0.5309,-0.5341,0.012783,0.00603,0.007559,1.157449,1.579731,0.0
454557696,50791.5,-0.001105,0.750689,0.000313,-0.648438,0.0,0.5324,-0.5205,0.009456,0.00719,0.008893,1.148912,1.634825,0.0
455344128,50821.8,0.003555,0.939256,0.000313,-0.710938,0.0,0.5334,-0.5155,0.008172,0.00459,0.004996,0.966758,1.643063,0.0
456130560,50768.7,0.000138,0.911429,0.000343,-0.660156,0.0,0.5346,-0.5107,0.00823,0.007205,0.008135,0.996812,1.658893,0.0
456916992,50798.4,-0.002611,0.833846,0.000326,-0.699219,0.0,0.5355,-0.5024,0.005524,0.004024,0.004416,0.968447,1.49015,0.0
457703424,50827.9,-0.003929,0.800054,0.000342,-0.597656,0.0,0.5363,-0.4968,0.005629,0.004634,0.005042,1.017681,1.498683,0.0
458489856,50782.1,0.004496,0.858327,0.000331,-0.59375,0.0,0.537,-0.4926,0.007387,0.006418,0.007565,1.067199,1.55823,0.0
459276288,50812.1,0.004599,1.002038,0.000349,-0.605469,0.0,0.5372,-0.4895,0.00551,0.00416,0.004621,0.984053,1.625075,0.0
460062720,50843.0,-0.001993,0.786862,0.000344,-0.675781,0.0,0.5377,-0.4826,0.007282,0.006039,0.005664,1.004227,1.645295,0.0
460849152,50873.9,-0.002348,0.731939,0.000344,-0.691406,0.0,0.5383,-0.475,0.008129,0.008458,0.008347,1.020002,1.651516,0.0
461635584,50825.7,-0.007895,0.82857,0.000353,-0.683594,0.0,0.5392,-0.4699,0.013801,0.005989,0.007188,1.114963,1.55823,0.0
462422016,50853.7,0.007124,0.828526,0.000322,-0.699219,0.0,0.54,-0.4646,0.006495,0.004702,0.005556,1.085847,1.492349,0.0
463208448,50883.9,-0.003059,0.788999,0.000311,-0.703125,0.0,0.541,-0.4608,0.010845,0.006136,0.006443,1.150076,1.522749,0.0
463994880,50913.1,0.002558,0.86559,0.000325,-0.65625,0.0,0.5413,-0.4576,0.008181,0.005441,0.005386,0.944843,1.526246,0.0
464781312,50870.5,0.001019,0.886351,0.000331,-0.691406,0.0,0.5421,-0.4548,0.010918,0.008846,0.010658,0.976865,1.478419,0.0
465567744,50898.1,-0.000587,0.772575,0.000309,-0.738281,0.0,0.5429,-0.4538,0.011875,0.007019,0.007374,1.102028,1.527484,0.0
466354176,50927.6,0.000688,0.777621,0.000311,-0.6875,0.0,0.5439,-0.4491,0.011759,0.006243,0.007755,1.122831,1.503976,0.0
467140608,50881.9,0.00099,0.692571,0.000308,-0.726562,0.0,0.5442,-0.4447,0.007475,0.006262,0.006984,1.18103,1.668711,0.0
467927040,50911.4,0.005076,0.790323,0.00034,-0.761719,0.0,0.5434,-0.4438,0.010278,0.008291,0.008969,0.976695,1.505608,0.0
468713472,50940.9,-0.006635,0.825663,0.000341,-0.664062,0.0,0.543,-0.4412,0.008859,0.00705,0.006605,0.870007,1.396838,0.0
469499904,50969.5,-0.003628,0.593925,0.000341,-0.660156,0.0,0.5421,-0.4367,0.007597,0.006121,0.006623,0.91652,1.421536,0.0
470286336,50905.4,0.002903,0.790342,0.000324,-0.703125,0.0,0.5423,-0.4333,0.007155,0.006835,0.006861,1.016931,1.476169,0.0
471072768,50931.3,-0.002365,0.7364,0.000313,-0.679688,0.0,0.5436,-0.4274,0.007354,0.005559,0.006619,1.071658,1.510066,0.0
471859200,50959.1,-0.001777,0.690801,0.000306,-0.699219,0.0,0.5452,-0.4214,0.012313,0.006458,0.006621,0.827417,1.424839,0.0
472645632,50875.5,-0.000196,0.845366,0.000327,-0.765625,0.0,0.546,-0.4181,0.011245,0.007444,0.007459,0.885165,1.410594,0.0
473432064,50905.4,0.004774,0.782133,0.000347,-0.644531,0.0,0.5463,-0.4178,0.010263,0.007539,0.007484,0.937209,1.381588,0.0
474218496,50934.8,0.001094,0.79646,0.000366,-0.632812,0.0,0.546,-0.419,0.010166,0.008016,0.00859,1.007285,1.441346,0.0
475004928,50965.1,0.002981,0.705921,0.000348,-0.648438,0.0,0.5463,-0.4171,0.012026,0.006988,0.007751,1.05011,1.473097,0.0
475791360,50869.9,-0.002614,0.649063,0.000326,-0.644531,0.0,0.5466,-0.4099,0.010482,0.007755,0.009378,0.8661,1.532195,0.0
476577792,50896.7,-0.000515,0.660078,0.000317,-0.6875,0.0,0.5469,-0.4048,0.007934,0.006649,0.006814,0.852375,1.478817,0.0
477364224,50926.3,-0.006838,0.61214,0.00032,-0.710938,0.0,0.5471,-0.3984,0.007392,0.00601,0.006496,0.943953,1.528624,0.0
478150656,50775.8,0.002563,0.637513,0.000319,-0.683594,0.0,0.547,-0.3926,0.00498,0.004713,0.005426,1.134305,1.619377,0.0
478937088,50804.5,-0.003013,0.72901,0.000321,-0.632812,0.0,0.5469,-0.393,0.013008,0.008202,0.009436,1.15786,1.615687,0.0
479723520,50831.6,-0.00211,0.6916,0.000323,-0.667969,0.0,0.5477,-0.3913,0.008231,0.007132,0.007659,1.263525,1.758949,0.0
480509952,50859.2,0.000624,0.768064,0.000336,-0.679688,0.0,0.5487,-0.3906,0.005868,0.005409,0.006124,0.904525,1.549261,0.0
481296384,50681.1,-0.001179,0.744364,0.000373,-0.699219,0.0,0.5495,-0.3879,0.01074,0.00693,0.009192,0.967414,1.534291,0.0
482082816,50707.2,-0.003555,0.586513,0.000355,-0.652344,0.0,0.5503,-0.3818,0.008926,0.006505,0.009255,1.012243,1.50936,0.0
482869248,50735.3,-0.001879,0.674771,0.000344,-0.71875,0.0,0.55,-0.3795,0.013044,0.006126,0.007462,1.22068,1.710406,0.0
483655680,50673.3,0.001429,0.707889,0.000331,-0.6875,0.0,0.55,-0.3749,0.00994,0.006922,0.008363,1.333231,1.84069,0.0
484442112,50702.2,-0.002238,0.811584,0.000326,-0.691406,0.0,0.5511,-0.3734,0.007103,0.004639,0.005147,0.92238,1.60322,0.0
485228544,50728.8,0.000838,0.780003,0.000351,-0.65625,0.0,0.5524,-0.3694,0.008439,0.006167,0.006659,1.000609,1.606884,0.0
486014976,50756.8,-0.003314,0.644874,0.000339,-0.652344,0.0,0.5541,-0.3633,0.00627,0.004601,0.004529,1.027924,1.656056,0.0
486801408,50620.2,-0.000619,0.680972,0.00032,-0.675781,0.0,0.5552,-0.3579,0.006588,0.005083,0.00492,1.185421,1.563878,0.0
487587840,50649.0,-0.000174,0.667822,0.0003,-0.789062,0.0,0.5546,-0.3592,0.010264,0.008043,0.008946,1.238577,1.596848,0.0
488374272,50674.0,0.004099,0.741401,0.000298,-0.703125,0.0,0.5542,-0.3606,0.011167,0.006661,0.008696,1.340012,1.612485,0.0
489160704,50700.7,0.002064,0.713898,0.000323,-0.742188,0.0,0.554,-0.3627,0.010619,0.007374,0.007633,0.952479,1.528752,0.0
489947136,50573.9,-0.003441,0.783307,0.000348,-0.652344,0.0,0.5533,-0.3627,0.00844,0.006191,0.007606,1.12276,1.670326,0.0
490733568,50601.0,-0.000419,0.698574,0.000334,-0.789062,0.0,0.5531,-0.3645,0.006948,0.005363,0.00618,1.066323,1.610447,0.0
491520000,50626.8,0.005819,0.681312,0.000332,-0.761719,0.0,0.5525,-0.3652,0.006826,0.004222,0.005309,1.097059,1.47931,0.0
492306432,50467.4,0.003521,0.728584,0.000311,-0.722656,0.0,0.5517,-0.3634,0.007876,0.004488,0.005357,1.108795,1.411475,0.0
493092864,50493.9,-0.00077,0.717722,0.000349,-0.617188,0.0,0.5519,-0.3591,0.009394,0.007329,0.009334,0.789514,1.352436,0.0
493879296,50515.5,-0.001776,0.71438,0.000372,-0.625,0.0,0.5526,-0.3522,0.008058,0.00703,0.00834,0.903503,1.516478,0.0
494665728,50538.6,-0.001124,0.646625,0.00038,-0.671875,0.0,0.5533,-0.3462,0.007203,0.005446,0.006502,0.971511,1.646677,0.0
495452160,50412.4,-0.00482,0.740748,0.000351,-0.726562,0.0,0.5543,-0.3427,0.006939,0.005857,0.006502,1.177826,1.608195,0.0
496238592,50440.5,-0.003228,0.61414,0.000325,-0.65625,0.0,0.5545,-0.3365,0.008336,0.005286,0.005825,1.161352,1.487687,0.0
497025024,50467.2,0.001124,0.689417,0.000324,-0.65625,0.0,0.5546,-0.3352,0.010361,0.006144,0.007092,1.478832,1.917095,0.0
497811456,50414.7,-0.001869,0.743556,0.000345,-0.664062,0.0,0.5548,-0.3354,0.022088,0.006943,0.00746,0.927374,1.628251,0.0
498597888,50440.0,-0.000486,0.648498,0.000333,-0.695312,0.0,0.5537,-0.3341,0.027687,0.008493,0.009897,0.936559,1.525363,0.0
499384320,50465.7,0.001827,0.646673,0.000335,-0.632812,0.0,0.5527,-0.3361,0.016381,0.004834,0.006165,1.06627,1.583763,0.0
500170752,50491.4,-0.003656,0.53483,0.000322,-0.6875,0.0,0.5512,-0.337,0.019785,0.005935,0.007132,1.079092,1.529064,0.0
500957184,47454.1,0.000672,0.605136,0.000313,-0.640625,0.0,0.5513,-0.3319,0.008501,0.006367,0.007289,1.411055,1.994325,0.0
501743616,47484.0,0.002514,0.580349,0.000334,-0.621094,0.0,0.5516,-0.3268,0.007122,0.005728,0.006921,0.823176,1.501575,0.0
502530048,47514.1,-0.000817,0.613398,0.000344,-0.710938,0.0,0.5528,-0.3182,0.009221,0.008892,0.008766,0.942899,1.641582,0.0
503316480,47475.9,-0.000398,0.57515,0.000339,-0.683594,0.0,0.5538,-0.3116,0.005002,0.004342,0.00505,1.050098,1.576948,0.0
504102912,47503.8,-0.006759,0.486463,0.000337,-0.6875,0.0,0.5546,-0.3083,0.011089,0.006668,0.00852,1.207695,1.598597,0.0
504889344,47532.3,0.001093,0.544994,0.000329,-0.671875,0.0,0.5554,-0.306,0.009218,0.006008,0.007408,1.332949,1.710876,0.0
505675776,47562.3,-0.003623,0.590914,0.000336,-0.710938,0.0,0.556,-0.3058,0.009275,0.006302,0.008507,0.862391,1.566458,0.0
506462208,47534.0,-0.002975,0.640672,0.000342,-0.679688,0.0,0.5568,-0.3035,0.00908,0.00754,0.008707,0.910716,1.513777,0.0
507248640,47563.5,-0.000983,0.654253,0.000325,-0.671875,0.0,0.5574,-0.3013,0.008749,0.00707,0.00841,0.973087,1.535466,0.0
508035072,47591.7,-0.001192,0.673516,0.000322,-0.71875,0.0,0.5574,-0.3006,0.006423,0.0055,0.006594,1.033329,1.530167,0.0
508821504,47566.9,0.002367,0.630755,0.000312,-0.644531,0.0,0.5571,-0.3004,0.005651,0.004251,0.005475,1.25195,1.49898,0.0
509607936,47594.5,0.001364,0.680481,0.000327,-0.625,0.0,0.5571,-0.2994,0.007935,0.005696,0.007434,0.784365,1.40147,0.0
510394368,47621.9,0.005242,0.636947,0.000357,-0.640625,0.0,0.5567,-0.3005,0.007101,0.006924,0.008264,0.819211,1.522862,0.0
511180800,47651.0,0.002789,0.56448,0.000362,-0.652344,0.0,0.5566,-0.296,0.01042,0.006393,0.006802,0.834262,1.520662,0.0
511967232,47618.7,-0.004479,0.62226,0.000366,-0.59375,0.0,0.5555,-0.2926,0.006882,0.00617,0.006337,1.071382,1.576061,0.0
512753664,47648.4,-0.002033,0.585223,0.000346,-0.605469,0.0,0.5535,-0.293,0.006335,0.006291,0.005967,1.13826,1.626832,0.0
513540096,47675.0,-0.004677,0.485228,0.000335,-0.652344,0.0,0.5519,-0.2943,0.008383,0.007911,0.006716,1.275256,1.703263,0.0
514326528,47701.1,0.003887,0.586741,0.000354,-0.648438,0.0,0.5506,-0.2957,0.006404,0.005151,0.006431,0.904174,1.564824,0.0
515112960,47660.4,2.8e-05,0.549704,0.000366,-0.65625,0.0,0.5507,-0.292,0.007876,0.007439,0.008364,0.905194,1.55987,0.0
515899392,47687.7,-0.003846,0.502194,0.000353,-0.613281,0.0,0.5523,-0.2832,0.008014,0.005402,0.006404,0.991674,1.658238,0.0
516685824,47715.1,-0.008084,0.433555,0.000343,-0.667969,0.0,0.5538,-0.274,0.00625,0.0058,0.006873,1.171822,1.757054,0.0
517472256,47674.0,-0.004451,0.527636,0.000326,-0.703125,0.0,0.5546,-0.2686,0.008877,0.006244,0.00815,1.361116,1.706866,0.0
518258688,47699.8,-0.000733,0.644582,0.000328,-0.765625,0.0,0.5542,-0.2655,0.00707,0.006539,0.006751,0.905181,1.5691,0.0
519045120,47727.9,0.00225,0.585264,0.000343,-0.738281,0.0,0.5536,-0.2615,0.007971,0.006221,0.007589,0.962347,1.589272,0.0
519831552,47756.2,-0.000583,0.532616,0.000331,-0.746094,0.0,0.5535,-0.2587,0.008669,0.006474,0.008477,0.937592,1.45046,0.0
520617984,47714.4,-0.005365,0.591657,0.000335,-0.71875,0.0,0.5521,-0.2589,0.009127,0.007764,0.008293,1.09254,1.386937,0.0
521404416,47740.8,0.000873,0.569012,0.000324,-0.679688,0.0,0.5499,-0.2613,0.009675,0.00651,0.007132,1.169067,1.442133,0.0
522190848,47769.2,-0.005711,0.524645,0.000295,-0.726562,0.0,0.5487,-0.2603,0.007324,0.006121,0.00763,1.277513,1.563636,0.0
522977280,47740.2,-0.003372,0.609992,0.000332,-0.722656,0.0,0.5481,-0.259,0.00727,0.005836,0.007172,0.959613,1.635822,0.0
523763712,47768.7,-0.002052,0.52905,0.000336,-0.578125,0.0,0.5488,-0.2548,0.00811,0.005709,0.0066,0.984101,1.562783,0.0
524550144,47797.3,-0.000159,0.552189,0.000324,-0.660156,0.0,0.5496,-0.2503,0.007947,0.005353,0.006169,1.0784,1.705274,0.0
525336576,47822.9,0.006375,0.554175,0.000336,-0.628906,0.0,0.5504,-0.2447,0.007723,0.006396,0.007286,1.17508,1.745626,0.0
526123008,47781.7,-0.002836,0.63923,0.000322,-0.597656,0.0,0.5501,-0.2432,0.005626,0.00528,0.007266,1.609492,1.925899,0.0
526909440,47808.5,0.002241,0.637786,0.000339,-0.675781,0.0,0.5498,-0.2425,0.00737,0.007307,0.008644,0.90198,1.724599,0.0
527695872,47833.7,-0.002826,0.623023,0.000341,-0.707031,0.0,0.5491,-0.2386,0.007817,0.006786,0.007884,1.002236,1.653989,0.0
528482304,47776.0,-0.000548,0.60087,0.000348,-0.667969,0.0,0.5485,-0.2408,0.007852,0.005939,0.006847,1.039387,1.576881,0.0
529268736,47803.7,-0.004184,0.505184,0.000337,-0.617188,0.0,0.5479,-0.2402,0.011734,0.008416,0.009827,1.174658,1.60872,0.0
530055168,47831.8,0.005104,0.497389,0.000323,-0.636719,0.0,0.5473,-0.2398,0.011202,0.007127,0.008113,1.227341,1.67346,0.0
530841600,47850.1,0.000136,0.436276,0.000327,-0.550781,0.0,0.547,-0.2381,0.00919,0.005208,0.006319,0.912307,1.732919,0.0
531628032,47815.6,0.006501,0.551471,0.00038,-0.628906,0.0,0.547,-0.2366,0.006004,0.005264,0.006071,1.038753,1.948241,0.0
532414464,47842.9,-0.000695,0.517093,0.000376,-0.636719,0.0,0.5477,-0.2315,0.007568,0.006402,0.007134,1.130006,1.892816,0.0
533200896,47867.5,0.005128,0.516274,0.00037,-0.613281,0.0,0.5488,-0.225,0.00772,0.005301,0.006014,1.219219,1.914902,0.0
533987328,47829.2,0.005201,0.504232,0.000361,-0.640625,0.0,0.5496,-0.2214,0.007422,0.005992,0.007157,1.353323,1.963663,0.0
534773760,47853.3,0.005244,0.562438,0.000356,-0.601562,0.0,0.5501,-0.2164,0.007758,0.007233,0.007655,1.067852,1.927161,0.0
535560192,47881.2,-0.000708,0.567318,0.000375,-0.597656,0.0,0.5502,-0.2161,0.007487,0.007726,0.006833,1.040687,1.934475,0.0
536346624,47908.8,-0.009511,0.518866,0.000382,-0.625,0.0,0.5505,-0.2129,0.007063,0.006273,0.005713,1.069139,1.919528,0.0
537133056,47877.6,0.002407,0.532576,0.00039,-0.59375,0.0,0.551,-0.2083,0.007663,0.006156,0.007352,1.168751,1.913127,0.0
537919488,47899.4,-0.000528,0.459561,0.000368,-0.554688,0.0,0.5511,-0.2028,0.00915,0.006261,0.007597,1.175882,1.868874,0.0
538705920,47925.3,-0.005801,0.418149,0.00036,-0.582031,0.0,0.5511,-0.1993,0.009438,0.006771,0.008072,1.170096,1.842955,0.0
539492352,47951.6,0.001378,0.463837,0.000361,-0.589844,0.0,0.5517,-0.1962,0.008082,0.004964,0.005642,0.98607,1.813127,0.0
540278784,47921.7,0.001499,0.604212,0.000387,-0.574219,0.0,0.5526,-0.1948,0.009833,0.007923,0.009554,1.139364,2.029944,0.0
541065216,47947.8,0.009192,0.600859,0.000381,-0.546875,0.0,0.5531,-0.1934,0.005108,0.00448,0.005756,1.161697,1.974266,0.0
541851648,47972.6,-0.003067,0.579055,0.00037,-0.640625,0.0,0.5532,-0.1954,0.00596,0.004276,0.005162,1.088303,1.866619,0.0
542638080,47946.2,0.001424,0.620453,0.000357,-0.574219,0.0,0.553,-0.1983,0.005236,0.004347,0.005455,1.099143,1.693032,0.0
543424512,47972.6,0.002795,0.684442,0.000364,-0.574219,0.0,0.5524,-0.2005,0.007909,0.004213,0.004608,0.956448,1.839312,0.0
544210944,47998.8,0.006234,0.664287,0.000376,-0.597656,0.0,0.5518,-0.2041,0.004881,0.004318,0.004274,1.063011,1.974132,0.0
544997376,48024.0,-0.005375,0.505977,0.000376,-0.628906,0.0,0.5517,-0.2038,0.013316,0.005918,0.007017,1.153042,2.019377,0.0
545783808,47993.2,-0.000965,0.677245,0.00038,-0.59375,0.0,0.5527,-0.2007,0.014315,0.006486,0.008186,1.200595,1.915005,0.0
546570240,48017.8,0.000858,0.631856,0.00036,-0.617188,0.0,0.5541,-0.1976,0.012612,0.007508,0.009286,0.999125,1.590548,0.0
547356672,48044.3,-0.004968,0.572871,0.000362,-0.59375,0.0,0.5557,-0.1952,0.007364,0.005023,0.006513,1.151043,1.628294,0.0
548143104,48006.5,-0.001284,0.630107,0.000366,-0.613281,0.0,0.5567,-0.1931,0.005753,0.005425,0.006437,0.902763,1.693975,0.0
548929536,48032.9,0.000376,0.555078,0.000357,-0.550781,0.0,0.5576,-0.1907,0.005451,0.004892,0.006968,0.988472,1.759214,0.0
549715968,48059.5,-0.010245,0.534878,0.000359,-0.5625,0.0,0.5573,-0.1892,0.003647,0.003203,0.004449,0.969944,1.676298,0.0
550502400,48086.6,-0.008144,0.521781,0.000348,-0.585938,0.0,0.5559,-0.191,0.004975,0.004108,0.005083,0.971079,1.585874,0.0
551288832,48044.6,0.000775,0.633238,0.000365,-0.617188,0.0,0.5554,-0.1933,0.022093,0.007061,0.010178,1.124783,1.576449,0.0
552075264,48070.3,-0.006139,0.604279,0.000352,-0.636719,0.0,0.5553,-0.1944,0.016036,0.007888,0.009479,1.031934,1.890438,0.0
552861696,48095.0,0.003505,0.619965,0.000368,-0.613281,0.0,0.5555,-0.1968,0.010473,0.007056,0.008466,0.931786,1.718204,0.0
553648128,48058.3,0.005,0.648584,0.00037,-0.605469,0.0,0.5558,-0.1978,0.011464,0.005529,0.007544,0.890745,1.513048,0.0
554434560,48084.1,0.003341,0.491008,0.000362,-0.570312,0.0,0.5552,-0.1942,0.006659,0.006244,0.006965,1.02387,1.529736,0.0
555220992,48108.6,-0.003701,0.486683,0.000353,-0.625,0.0,0.5542,-0.1914,0.008274,0.00503,0.006309,1.039443,1.483255,0.0
556007424,48134.7,0.003494,0.48359,0.00034,-0.601562,0.0,0.5539,-0.187,0.008293,0.0057,0.00731,1.381476,1.775114,0.0
556793856,48102.5,-0.005592,0.571848,0.00035,-0.640625,0.0,0.554,-0.1858,0.010742,0.00673,0.009969,0.833577,1.425784,0.0
557580288,48127.7,-0.005363,0.577345,0.00032,-0.738281,0.0,0.5542,-0.1847,0.005669,0.00484,0.006064,1.057365,1.617575,0.0
558366720,48154.5,-0.001899,0.526262,0.000311,-0.730469,0.0,0.5541,-0.1844,0.006637,0.005169,0.006365,1.081587,1.520421,0.0
559153152,48101.6,-0.008874,0.551767,0.000315,-0.640625,0.0,0.5535,-0.1855,0.006967,0.004586,0.006134,1.097696,1.379608,0.0
559939584,48127.7,0.003201,0.561568,0.000329,-0.617188,0.0,0.5542,-0.1848,0.008374,0.006606,0.008321,1.3577,1.85723,0.0
560726016,48151.8,0.000146,0.53327,0.000335,-0.652344,0.0,0.5549,-0.1844,0.010621,0.007443,0.008916,0.916752,1.522744,0.0
561512448,48176.8,-0.005436,0.483783,0.000339,-0.640625,0.0,0.5553,-0.184,0.009179,0.006705,0.009678,0.945697,1.556909,0.0
562298880,48147.7,0.008096,0.568283,0.00036,-0.601562,0.0,0.5559,-0.1807,0.008227,0.007019,0.008171,1.0537,1.66619,0.0
563085312,48173.2,-0.001242,0.496886,0.00034,-0.582031,0.0,0.5565,-0.1772,0.007617,0.006276,0.007857,1.080042,1.629846,0.0
563871744,48197.8,0.00452,0.538822,0.000321,-0.585938,0.0,0.5577,-0.1722,0.008453,0.006734,0.007745,1.16755,1.721533,0.0
564658176,48222.8,-0.006199,0.562575,0.00033,-0.5625,0.0,0.5587,-0.1694,0.008582,0.0068,0.007122,0.734361,1.679961,0.0
565444608,48192.3,0.001378,0.575195,0.000366,-0.570312,0.0,0.5594,-0.1691,0.011363,0.007806,0.009923,0.818922,1.604924,0.0
566231040,48216.4,-0.000498,0.559855,0.000354,-0.542969,0.0,0.5603,-0.1702,0.010218,0.007335,0.008901,0.938584,1.754102,0.0
567017472,48239.3,-0.006127,0.553688,0.000349,-0.554688,0.0,0.5614,-0.173,0.006082,0.004914,0.00569,1.051546,1.85439,0.0
567803904,48173.2,0.005923,0.583497,0.000349,-0.589844,0.0,0.5615,-0.1725,0.006118,0.005482,0.007106,1.207163,1.739447,0.0
568590336,48195.3,0.003202,0.520991,0.000345,-0.628906,0.0,0.5611,-0.1706,0.004884,0.005159,0.00656,0.956384,1.901837,0.0
569376768,48219.8,-0.005746,0.495906,0.000364,-0.566406,0.0,0.5604,-0.1685,0.006457,0.007284,0.008895,1.06407,1.932816,0.0
570163200,48243.8,0.003337,0.526268,0.000364,-0.5625,0.0,0.5604,-0.1642,0.006066,0.006146,0.007925,1.021848,1.96555,0.0
570949632,48219.3,-0.000454,0.496442,0.000368,-0.582031,0.0,0.5626,-0.1541,0.007864,0.007573,0.00906,1.125897,1.932659,0.0
571736064,48245.0,-0.003048,0.515229,0.000356,-0.519531,0.0,0.5653,-0.1457,0.006038,0.007064,0.007574,1.064247,1.72047,0.0
572522496,48269.6,-0.002999,0.472811,0.000355,-0.597656,0.0,0.5676,-0.1376,0.005967,0.006236,0.007093,1.069498,1.758603,0.0
573308928,48236.8,-0.002801,0.52249,0.000385,-0.574219,0.0,0.5689,-0.1334,0.008607,0.006077,0.007449,0.871205,1.781164,0.0
574095360,48262.0,-0.008398,0.578263,0.000392,-0.585938,0.0,0.5679,-0.1311,0.009487,0.007455,0.007867,0.910165,1.755301,0.0
574881792,48287.0,-0.003005,0.509197,0.000382,-0.613281,0.0,0.5673,-0.1298,0.0098,0.006191,0.007395,1.028674,1.844054,0.0
575668224,48312.3,-0.001477,0.529455,0.000387,-0.59375,0.0,0.5666,-0.1289,0.010547,0.005857,0.006715,1.114576,1.83156,0.0
576454656,48278.2,-0.009109,0.496831,0.000349,-0.585938,0.0,0.568,-0.1245,0.008606,0.005757,0.00666,1.114342,1.685553,0.0
577241088,48302.5,0.001177,0.491976,0.000344,-0.578125,0.0,0.5695,-0.1205,0.0076,0.006251,0.006735,0.896946,1.806541,0.0
578027520,48326.1,-0.002744,0.474127,0.000363,-0.589844,0.0,0.573,-0.1135,0.008021,0.006324,0.007282,0.825315,1.647942,0.0
578813952,48294.1,-0.001721,0.47765,0.000374,-0.5625,0.0,0.5768,-0.1047,0.008266,0.005614,0.006823,0.947746,1.669848,0.0
579600384,48315.3,-0.006321,0.374256,0.000365,-0.574219,0.0,0.5778,-0.0957,0.010615,0.006945,0.008189,1.00908,1.638545,0.0
580386816,48338.2,-0.001093,0.398425,0.000364,-0.519531,0.0,0.5785,-0.0854,0.006386,0.004388,0.005226,1.110939,1.651871,0.0
581173248,48362.2,-5.1e-05,0.34305,0.000357,-0.5625,0.0,0.5788,-0.0755,0.008165,0.006854,0.007189,1.33673,1.877596,0.0
581959680,48297.1,-0.003141,0.401625,0.000374,-0.574219,0.0,0.5792,-0.0715,0.007211,0.006555,0.007884,0.936686,1.826735,0.0
582746112,48322.8,0.003531,0.430763,0.000379,-0.515625,0.0,0.5807,-0.0677,0.005988,0.00623,0.006773,0.939875,1.780145,0.0
583532544,48348.2,-0.004688,0.424618,0.000365,-0.605469,0.0,0.5823,-0.0664,0.005565,0.00475,0.005923,0.962111,1.865978,0.0
584318976,48308.0,-0.004575,0.443247,0.00036,-0.535156,0.0,0.5832,-0.0632,0.006721,0.00477,0.005969,1.218885,1.85727,0.0
585105408,48332.1,0.002449,0.523244,0.00033,-0.558594,0.0,0.5836,-0.0626,0.010129,0.007553,0.008948,1.432085,2.020795,0.0
585891840,48355.2,-0.006374,0.50236,0.000333,-0.570312,0.0,0.5839,-0.0621,0.00705,0.006606,0.007217,0.867497,1.950189,0.0
586678272,48377.8,-0.003134,0.444597,0.000352,-0.578125,0.0,0.5844,-0.0613,0.006762,0.005359,0.005843,0.966205,1.942503,0.0
587464704,48348.9,-0.00065,0.453526,0.000386,-0.511719,0.0,0.5849,-0.058,0.005663,0.004799,0.006326,0.953162,1.790554,0.0
588251136,48372.3,-0.003011,0.468028,0.000385,-0.546875,0.0,0.5846,-0.0557,0.007154,0.004525,0.006064,1.079578,1.848102,0.0
589037568,48396.2,0.001822,0.480837,0.000369,-0.542969,0.0,0.5837,-0.0545,0.007264,0.005038,0.005671,1.121477,1.708449,0.0
589824000,48419.1,-0.003003,0.470332,0.000363,-0.535156,0.0,0.5833,-0.0533,0.007513,0.004759,0.00573,0.831274,1.783091,0.0
590610432,48385.2,0.001629,0.538218,0.000361,-0.527344,0.0,0.5832,-0.0517,0.006538,0.006645,0.007866,0.93232,1.841601,0.0
591396864,48408.2,-0.005893,0.437075,0.000351,-0.558594,0.0,0.5831,-0.0494,0.009105,0.005865,0.007792,0.863458,1.702381,0.0
592183296,48432.3,-0.001121,0.391809,0.000336,-0.554688,0.0,0.5828,-0.047,0.008357,0.006548,0.00789,0.994813,1.754022,0.0
592969728,48403.4,-0.003901,0.355588,0.00034,-0.542969,0.0,0.5829,-0.0428,0.008399,0.005169,0.007511,1.032442,1.598836,0.0
593756160,48427.3,-0.005995,0.337114,0.000338,-0.546875,0.0,0.5838,-0.0347,0.009005,0.006759,0.009434,0.687969,1.569205,0.0
594542592,48451.5,-0.004096,0.379084,0.000363,-0.550781,0.0,0.5842,-0.0303,0.006458,0.005571,0.006606,0.815977,1.750413,0.0
595329024,48476.3,-0.00588,0.353883,0.000348,-0.582031,0.0,0.5852,-0.0221,0.007577,0.005971,0.007088,0.813238,1.731189,0.0
596115456,48439.5,-0.001286,0.40042,0.000351,-0.546875,0.0,0.5868,-0.0168,0.007011,0.007147,0.007409,0.974594,1.729625,0.0
596901888,48462.2,-0.005538,0.401703,0.000345,-0.535156,0.0,0.5887,-0.0137,0.006675,0.00569,0.006232,1.042345,1.736826,0.0
597688320,48484.6,-0.003532,0.414269,0.000337,-0.535156,0.0,0.5907,-0.0071,0.007142,0.004902,0.006231,1.202454,1.758627,0.0
598474752,48456.3,-0.002982,0.467612,0.000338,-0.570312,0.0,0.5918,-0.0035,0.008039,0.006335,0.006815,0.708939,1.595192,0.0
599261184,48481.1,0.00556,0.516327,0.000338,-0.503906,0.0,0.5924,-0.0017,0.007994,0.007272,0.008587,0.780061,1.70435,0.0
600047616,48504.2,-0.001217,0.418996,0.000329,-0.550781,0.0,0.5936,0.0028,0.007635,0.006219,0.007494,0.86528,1.847227,0.0
600834048,48529.2,-0.005342,0.394344,0.000332,-0.53125,0.0,0.5947,0.0065,0.005817,0.004762,0.006423,1.069255,1.979449,0.0
601620480,48496.3,0.002107,0.464816,0.000329,-0.527344,0.0,0.5959,0.0095,0.006999,0.006817,0.008968,1.267095,1.858126,0.0
602406912,48520.2,0.009365,0.474177,0.000324,-0.515625,0.0,0.5968,0.011,0.007048,0.005916,0.006777,0.749524,1.961964,0.0
603193344,48544.1,-0.008909,0.438094,0.000344,-0.53125,0.0,0.5981,0.0128,0.009381,0.007276,0.008175,0.775795,1.969435,0.0
603979776,48503.8,-0.002622,0.418901,0.000356,-0.554688,0.0,0.5998,0.0179,0.005323,0.00493,0.005479,0.895924,1.89171,0.0
604766208,48526.6,0.001059,0.462157,0.000343,-0.523438,0.0,0.5998,0.0173,0.00872,0.006036,0.008163,1.024632,1.810971,0.0
605552640,48550.4,0.00456,0.450867,0.000338,-0.523438,0.0,0.5994,0.0164,0.00839,0.006419,0.007617,0.995096,1.653199,0.0
606339072,48573.6,-0.004261,0.453432,0.000311,-0.535156,0.0,0.5995,0.0159,0.0102,0.006579,0.007572,1.082463,1.62841,0.0
607125504,48501.8,0.000758,0.452997,0.000349,-0.523438,0.0,0.6,0.0155,0.00961,0.00705,0.008361,0.827844,1.907748,0.0
607911936,48524.9,-0.005137,0.460053,0.000348,-0.519531,0.0,0.6021,0.0163,0.008196,0.007772,0.007713,0.869718,1.961997,0.0
608698368,48548.8,0.002272,0.401722,0.000345,-0.511719,0.0,0.605,0.019,0.005686,0.00484,0.006378,1.01834,2.066207,0.0
609484800,48506.7,0.003104,0.424749,0.00035,-0.511719,0.0,0.6077,0.0207,0.007657,0.005493,0.006585,1.133282,1.852332,0.0
610271232,48527.9,-0.001278,0.435868,0.000352,-0.53125,0.0,0.6086,0.0231,0.009059,0.005754,0.007161,1.285233,1.824929,0.0
611057664,48551.0,0.001421,0.401203,0.000372,-0.578125,0.0,0.6093,0.0254,0.011135,0.006772,0.00882,0.849661,1.924832,0.0
611844096,48574.8,-0.002211,0.37886,0.000377,-0.609375,0.0,0.6105,0.0301,0.007207,0.004929,0.006095,0.958221,1.988016,0.0
612630528,48541.6,0.002623,0.490825,0.000389,-0.5625,0.0,0.6117,0.0339,0.007645,0.005976,0.007592,0.965812,1.837102,0.0
613416960,48565.5,0.003595,0.411823,0.00034,-0.546875,0.0,0.6131,0.04,0.007167,0.005421,0.005821,0.971196,1.71224,0.0
614203392,48589.0,-0.005533,0.381234,0.000347,-0.503906,0.0,0.6138,0.0445,0.007753,0.006756,0.007176,1.027208,1.575123,0.0
614989824,48613.1,-0.002171,0.418513,0.00034,-0.539062,0.0,0.6143,0.0459,0.007809,0.005931,0.007662,1.383753,2.172614,0.0
615776256,48536.5,0.001938,0.391362,0.000383,-0.496094,0.0,0.6137,0.0471,0.009461,0.007659,0.010009,0.760455,1.738215,0.0
616562688,48559.0,-0.005322,0.341776,0.000364,-0.550781,0.0,0.6133,0.0501,0.008698,0.006115,0.006798,0.915215,1.908614,0.0
617349120,48583.1,0.00323,0.362911,0.000368,-0.535156,0.0,0.613,0.0516,0.007527,0.004756,0.006962,0.945059,1.820735,0.0
618135552,48550.7,-0.00245,0.353414,0.00036,-0.550781,0.0,0.6126,0.0534,0.008382,0.005695,0.008097,1.292712,1.942451,0.0
618921984,48573.7,-0.006886,0.431407,0.000352,-0.5625,0.0,0.612,0.0528,0.008101,0.005817,0.007944,1.583807,2.433044,0.0
619708416,48598.8,-0.000122,0.474383,0.00037,-0.5625,0.0,0.6113,0.0522,0.006565,0.005035,0.007319,0.895323,1.936757,0.0
620494848,48622.9,-0.004954,0.497898,0.000391,-0.542969,0.0,0.6102,0.0482,0.007748,0.007152,0.009576,1.0361,2.028216,0.0
621281280,48567.9,0.002306,0.466597,0.000379,-0.574219,0.0,0.61,0.0448,0.009828,0.007648,0.009604,1.092198,2.04674,0.0
622067712,48592.2,0.005017,0.458287,0.000348,-0.515625,0.0,0.6103,0.0423,0.00933,0.006224,0.007218,1.073489,1.92426,0.0
622854144,48615.3,-0.005779,0.455309,0.000337,-0.554688,0.0,0.6101,0.0403,0.007338,0.004851,0.00544,1.066731,1.763499,0.0
623640576,48582.9,-0.003539,0.436267,0.000341,-0.550781,0.0,0.6097,0.0398,0.008327,0.005004,0.006543,0.838398,1.935777,0.0
624427008,48604.8,0.005371,0.404688,0.000385,-0.566406,0.0,0.6096,0.0409,0.007457,0.005281,0.00756,0.930118,2.0207,0.0
625213440,48627.9,0.001809,0.453043,0.000365,-0.605469,0.0,0.6095,0.0415,0.007677,0.004904,0.006713,1.080314,2.080002,0.0
625999872,48647.2,0.000876,0.426464,0.000346,-0.605469,0.0,0.6095,0.0422,0.008328,0.006088,0.00763,1.209843,2.026036,0.0
626786304,48602.9,0.005055,0.515312,0.000326,-0.558594,0.0,0.6076,0.038,0.006957,0.005374,0.006444,1.365145,1.841638,0.0
627572736,48625.4,-0.002954,0.471009,0.000329,-0.625,0.0,0.6057,0.0347,0.009293,0.005831,0.007602,0.939801,1.941806,0.0
628359168,48645.5,-0.005509,0.462366,0.00034,-0.632812,0.0,0.6026,0.028,0.008784,0.006288,0.007211,0.945728,1.923298,0.0
629145600,48577.6,0.000414,0.513748,0.000366,-0.546875,0.0,0.6001,0.0225,0.007011,0.005481,0.006324,1.025956,1.903971,0.0
629932032,48602.3,-0.012246,0.437059,0.000363,-0.5625,0.0,0.5999,0.0235,0.00783,0.006149,0.007998,1.110736,1.905206,0.0
630718464,48626.1,0.004618,0.451367,0.000367,-0.546875,0.0,0.5992,0.023,0.010444,0.005832,0.007247,1.209048,1.960701,0.0
631504896,48649.2,9.6e-05,0.42128,0.000368,-0.617188,0.0,0.5973,0.0196,0.009471,0.005364,0.007555,1.209776,1.880054,0.0
632291328,48559.3,-0.003695,0.441924,0.000384,-0.546875,0.0,0.5959,0.0183,0.009536,0.006282,0.008146,0.991645,1.924304,0.0
633077760,48583.1,0.001867,0.480813,0.000378,-0.523438,0.0,0.5943,0.0177,0.00547,0.004068,0.005048,1.034318,1.926497,0.0
633864192,48607.6,-0.005529,0.424897,0.000353,-0.625,0.0,0.5928,0.0156,0.00625,0.005064,0.005927,1.079309,1.973377,0.0
634650624,48516.7,-0.003928,0.425015,0.000351,-0.617188,0.0,0.5911,0.0151,0.005223,0.005398,0.006238,1.134218,1.826139,0.0
635437056,48541.2,-0.007664,0.378838,0.000341,-0.511719,0.0,0.5889,0.0144,0.00649,0.006109,0.006562,1.188123,1.709525,0.0
636223488,48564.5,0.003742,0.413203,0.000354,-0.507812,0.0,0.5876,0.015,0.007378,0.005701,0.007888,1.007801,2.06493,0.0
637009920,48588.8,-0.001554,0.428569,0.00036,-0.515625,0.0,0.5852,0.0118,0.004421,0.004476,0.005185,0.973076,1.97745,0.0
637796352,48538.8,-0.004886,0.416389,0.000355,-0.507812,0.0,0.5833,0.0104,0.005995,0.005456,0.0071,1.000858,1.98346,0.0
638582784,48562.2,-0.004557,0.317032,0.000337,-0.482422,0.0,0.5822,0.0107,0.006678,0.006553,0.008163,1.00997,2.01716,0.0
639369216,48584.6,0.002515,0.354385,0.000329,-0.486328,0.0,0.5806,0.009,0.009607,0.006932,0.009387,1.032212,1.939793,0.0
640155648,48604.5,0.006756,0.363638,0.000323,-0.482422,0.0,0.5795,0.007,0.008152,0.006741,0.00705,1.279839,2.001132,0.0
640942080,48552.8,-0.005396,0.334406,0.000347,-0.470703,0.0,0.5787,0.0096,0.00981,0.008244,0.011242,0.922058,2.089142,0.0
641728512,48576.0,-0.006394,0.338516,0.000362,-0.458984,0.0,0.5778,0.0113,0.012346,0.005547,0.00969,0.837527,1.960679,0.0
642514944,48599.2,0.001348,0.33519,0.000328,-0.542969,0.0,0.5777,0.0144,0.010019,0.005607,0.007543,0.919748,2.004789,0.0
643301376,48561.5,-0.006666,0.337347,0.000336,-0.511719,0.0,0.5785,0.0167,0.008772,0.006503,0.008439,1.08862,1.890579,0.0
644087808,48585.2,-0.01032,0.339952,0.000325,-0.490234,0.0,0.579,0.0167,0.009468,0.006431,0.009926,1.24758,1.875342,0.0
644874240,48605.1,0.004365,0.349723,0.000334,-0.472656,0.0,0.5792,0.0165,0.007867,0.006103,0.0093,0.723177,1.853124,0.0
645660672,48625.7,0.001838,0.367446,0.000331,-0.494141,0.0,0.579,0.0164,0.007322,0.00577,0.007286,0.787139,1.900313,0.0
646447104,48575.8,-0.002522,0.403738,0.000348,-0.503906,0.0,0.5792,0.0176,0.005578,0.004718,0.006369,0.78501,1.770592,0.0
647233536,48596.5,0.000959,0.368826,0.000332,-0.5,0.0,0.5802,0.0233,0.00719,0.004738,0.005696,0.900021,1.793072,0.0
648019968,48619.6,-0.004972,0.331941,0.000321,-0.503906,0.0,0.5808,0.0278,0.009027,0.005723,0.007645,1.011875,1.777001,0.0
648806400,48571.9,-6.8e-05,0.367469,0.000332,-0.492188,0.0,0.5815,0.0327,0.01071,0.005777,0.008766,0.79456,1.918323,0.0
649592832,48595.3,-0.004188,0.411817,0.000395,-0.507812,0.0,0.5803,0.0331,0.00754,0.007213,0.007745,0.929708,2.071407,0.0
650379264,48619.0,-0.00381,0.350326,0.000347,-0.496094,0.0,0.5795,0.0338,0.006746,0.006306,0.006697,1.010247,2.146324,0.0
651165696,48641.8,-9.3e-05,0.426602,0.000366,-0.527344,0.0,0.5786,0.033,0.003988,0.004188,0.004827,1.01488,2.087048,0.0
651952128,48593.0,-0.002851,0.366923,0.000338,-0.503906,0.0,0.579,0.0341,0.008867,0.006253,0.007518,1.083859,2.00909,0.0
652738560,48615.5,0.004754,0.399842,0.000316,-0.492188,0.0,0.5798,0.0356,0.006557,0.004953,0.006028,0.892414,2.164807,0.0
653524992,48637.5,-0.002966,0.424406,0.000321,-0.511719,0.0,0.5805,0.0364,0.008276,0.006187,0.007406,0.918083,2.187675,0.0
654311424,48590.3,7.1e-05,0.460511,0.000336,-0.546875,0.0,0.5817,0.0368,0.005477,0.005297,0.005379,0.997402,2.138794,0.0
655097856,48612.0,0.000944,0.415013,0.000322,-0.578125,0.0,0.583,0.04,0.00665,0.007142,0.008167,1.121563,2.040159,0.0
655884288,48633.9,0.004917,0.37398,0.000332,-0.566406,0.0,0.5846,0.0443,0.00753,0.005822,0.006647,1.228716,1.966625,0.0
656670720,48650.7,-0.003336,0.378758,0.00031,-0.53125,0.0,0.5861,0.0478,0.008509,0.006121,0.007088,1.270838,1.87999,0.0
657457152,48618.5,-0.003623,0.381606,0.00034,-0.503906,0.0,0.5862,0.0486,0.007765,0.006402,0.007838,0.913778,2.053051,0.0
658243584,48638.4,-0.001982,0.346008,0.00036,-0.470703,0.0,0.5861,0.0521,0.007691,0.005988,0.006128,0.85844,2.010745,0.0
659030016,48656.9,-0.000146,0.348982,0.00035,-0.478516,0.0,0.5862,0.0541,0.005313,0.005378,0.00535,0.898027,2.06429,0.0
659816448,48528.0,-0.008916,0.339158,0.000361,-0.486328,0.0,0.5875,0.0578,0.007571,0.006754,0.007375,1.134643,2.074884,0.0
660602880,48547.1,0.002606,0.314197,0.000342,-0.5,0.0,0.5892,0.062,0.007149,0.008454,0.007717,1.250139,2.100427,0.0
661389312,48563.3,-0.007251,0.337738,0.000333,-0.492188,0.0,0.5901,0.0662,0.008702,0.008251,0.007163,0.819187,2.032827,0.0
662175744,48582.4,0.008981,0.388665,0.000346,-0.550781,0.0,0.5913,0.0706,0.006232,0.006172,0.006641,0.824282,2.004492,0.0
662962176,48516.5,-0.00095,0.427667,0.000343,-0.527344,0.0,0.5921,0.0708,0.008614,0.008475,0.008532,0.913136,2.018734,0.0
663748608,48536.5,0.000978,0.408272,0.000342,-0.498047,0.0,0.5927,0.0689,0.009922,0.008043,0.007727,0.991618,1.989413,0.0
664535040,48556.0,0.00029,0.426772,0.000337,-0.535156,0.0,0.593,0.0646,0.009517,0.007849,0.008415,1.078172,1.967414,0.0
665321472,48575.9,-0.002636,0.405945,0.000332,-0.498047,0.0,0.5939,0.0629,0.008398,0.005427,0.006313,1.194214,1.874695,0.0
666107904,48480.9,0.000458,0.439725,0.000356,-0.494141,0.0,0.5952,0.0636,0.008097,0.008115,0.008709,0.812825,1.998381,0.0
666894336,48498.2,0.000833,0.479142,0.00035,-0.476562,0.0,0.5975,0.0614,0.008177,0.006699,0.007417,0.800723,1.880026,0.0
667680768,48513.1,-0.000117,0.45798,0.000343,-0.507812,0.0,0.5996,0.0617,0.008086,0.00655,0.007272,0.832854,1.890081,0.0
668467200,48459.5,-0.003986,0.452086,0.000348,-0.53125,0.0,0.6014,0.0619,0.008678,0.004657,0.005918,1.151808,1.905605,0.0
669253632,48479.6,-0.003376,0.378143,0.000322,-0.507812,0.0,0.603,0.0634,0.011867,0.005837,0.006956,1.28189,1.933245,0.0
670040064,48496.9,0.003529,0.355701,0.000359,-0.515625,0.0,0.6039,0.0645,0.00748,0.005953,0.006584,0.807559,1.939308,0.0
670826496,48518.2,-0.006223,0.32715,0.000363,-0.507812,0.0,0.6047,0.0682,0.006756,0.005729,0.005999,0.830147,1.798623,0.0
671612928,48476.1,-0.002783,0.382098,0.000364,-0.535156,0.0,0.6048,0.0687,0.009523,0.006209,0.008038,0.784938,1.754524,0.0
672399360,48498.2,-0.001152,0.355996,0.000351,-0.527344,0.0,0.6049,0.0697,0.009157,0.006287,0.00736,1.012936,1.886205,0.0
673185792,48518.8,-0.001694,0.369429,0.000354,-0.5625,0.0,0.6052,0.0687,0.006885,0.005272,0.006734,1.161261,1.889185,0.0
673972224,48481.7,-0.000441,0.389106,0.000358,-0.542969,0.0,0.6056,0.0696,0.008169,0.00577,0.007331,0.827603,1.91021,0.0
674758656,48503.4,0.001079,0.308174,0.000359,-0.558594,0.0,0.6051,0.0696,0.007638,0.006222,0.007734,0.928845,1.903905,0.0
675545088,48524.1,0.002385,0.312973,0.00036,-0.5625,0.0,0.6045,0.0684,0.009472,0.006913,0.008598,0.990835,2.064283,0.0
676331520,48546.2,-0.004277,0.302916,0.00035,-0.53125,0.0,0.6043,0.067,0.010172,0.00668,0.009854,1.136284,2.086243,0.0
677117952,48506.9,0.001242,0.41661,0.000346,-0.5625,0.0,0.6043,0.0653,0.007674,0.005721,0.006037,1.208835,1.855456,0.0
677904384,48528.1,-0.001081,0.420097,0.000327,-0.582031,0.0,0.6033,0.063,0.008475,0.005988,0.005981,1.545577,2.21051,0.0
678690816,48549.1,0.000685,0.49099,0.000357,-0.597656,0.0,0.603,0.0602,0.007111,0.006117,0.006551,0.854894,1.887727,0.0
679477248,48512.0,0.002791,0.477349,0.000359,-0.5625,0.0,0.6027,0.0581,0.005715,0.004664,0.004386,0.895123,1.772807,0.0
680263680,48532.4,-0.002732,0.331161,0.000354,-0.511719,0.0,0.6009,0.059,0.006581,0.006246,0.007896,1.046307,1.87602,0.0
681050112,48553.3,-0.002354,0.308154,0.000333,-0.542969,0.0,0.5991,0.0594,0.009903,0.00797,0.009585,1.125066,1.871385,0.0
681836544,48572.9,-0.004359,0.271247,0.000335,-0.5625,0.0,0.5973,0.0617,0.008646,0.00746,0.009006,1.160077,1.773473,0.0
682622976,48538.6,-0.00364,0.353191,0.000356,-0.546875,0.0,0.5968,0.063,0.00901,0.006904,0.007895,0.837199,1.914504,0.0
683409408,48559.1,-0.001858,0.342263,0.000359,-0.527344,0.0,0.5962,0.0653,0.007387,0.006472,0.006025,0.923509,1.918709,0.0
684195840,48577.7,-0.001933,0.286689,0.000355,-0.535156,0.0,0.5956,0.067,0.009112,0.005803,0.00597,0.945309,1.953498,0.0
684982272,48544.2,8.2e-05,0.32393,0.000364,-0.546875,0.0,0.5952,0.0675,0.007016,0.00546,0.008001,1.188945,1.942958,0.0
685768704,48566.1,-0.006442,0.358504,0.00034,-0.527344,0.0,0.5962,0.0692,0.009257,0.005714,0.008558,1.181587,1.811699,0.0
686555136,48587.8,-0.001588,0.385428,0.000349,-0.515625,0.0,0.5972,0.0707,0.007967,0.006269,0.007779,0.787964,2.023095,0.0
687341568,48607.2,-0.002769,0.306439,0.000379,-0.554688,0.0,0.5983,0.0738,0.009145,0.00695,0.008139,0.73507,1.865592,0.0
688128000,48576.7,0.001334,0.378103,0.000394,-0.53125,0.0,0.5985,0.0761,0.009292,0.006508,0.008263,0.938964,1.909426,0.0
688914432,48597.4,0.002836,0.432506,0.000382,-0.496094,0.0,0.598,0.0746,0.005521,0.004611,0.005094,0.951608,1.861395,0.0
689700864,48618.7,-0.003176,0.373698,0.000365,-0.535156,0.0,0.5983,0.0738,0.007407,0.004947,0.00634,1.050103,1.857472,0.0
690487296,48640.1,-0.001461,0.353923,0.00037,-0.523438,0.0,0.5984,0.0747,0.006659,0.005084,0.006192,1.150323,1.821354,0.0
691273728,48612.1,-0.001875,0.303294,0.000371,-0.490234,0.0,0.5988,0.0792,0.00671,0.005664,0.006811,0.759733,1.856191,0.0
692060160,48633.0,0.005406,0.315898,0.000378,-0.460938,0.0,0.5991,0.0851,0.007909,0.005837,0.0073,0.803033,1.878158,0.0
692846592,48653.1,-0.006041,0.272355,0.00036,-0.470703,0.0,0.5991,0.0919,0.007178,0.006009,0.00834,0.775241,1.758959,0.0
693633024,48621.0,-0.001463,0.294267,0.000369,-0.470703,0.0,0.599,0.0966,0.008054,0.006614,0.008925,0.979292,1.819403,0.0
694419456,48641.2,0.002824,0.374698,0.000383,-0.431641,0.0,0.5993,0.0994,0.008184,0.004296,0.005676,1.071681,1.867474,0.0
695205888,48661.4,0.006422,0.389587,0.000374,-0.5,0.0,0.5993,0.1016,0.009639,0.005312,0.008899,0.721544,1.957927,0.0
695992320,48682.0,-0.000461,0.372963,0.000349,-0.503906,0.0,0.5995,0.1056,0.006787,0.004771,0.006499,0.737111,1.948354,0.0
696778752,48658.3,0.004655,0.355487,0.000368,-0.5,0.0,0.5994,0.1076,0.010605,0.008334,0.009774,0.835816,1.928669,0.0
697565184,48678.4,0.00202,0.318571,0.000363,-0.492188,0.0,0.5991,0.1076,0.008495,0.007369,0.008317,0.94539,1.927962,0.0
698351616,48699.4,0.001216,0.387888,0.000362,-0.474609,0.0,0.599,0.1039,0.007325,0.005104,0.006463,1.021005,1.746734,0.0
699138048,48668.0,0.000909,0.395717,0.000363,-0.498047,0.0,0.5988,0.1031,0.006241,0.004648,0.00571,0.737387,1.874384,0.0
699924480,48688.7,-0.006815,0.319504,0.000368,-0.527344,0.0,0.5993,0.1046,0.007001,0.006203,0.007342,0.761053,1.83345,0.0
700710912,48708.3,-0.002517,0.359907,0.000374,-0.53125,0.0,0.6001,0.106,0.007635,0.006249,0.006787,0.930097,1.959533,0.0
701497344,48728.6,-0.004409,0.357251,0.000364,-0.578125,0.0,0.6008,0.1085,0.008813,0.005947,0.007677,0.943824,1.863488,0.0
702283776,48698.0,-0.001689,0.296447,0.000364,-0.496094,0.0,0.6017,0.1099,0.006878,0.005695,0.007595,1.174501,1.808294,0.0
703070208,48719.0,-0.008208,0.270391,0.000344,-0.503906,0.0,0.6025,0.109,0.010285,0.007252,0.008828,1.33789,1.942773,0.0
703856640,48739.6,-0.002936,0.292437,0.000354,-0.484375,0.0,0.6031,0.1087,0.005474,0.005065,0.006158,0.811171,1.923456,0.0
704643072,48706.8,-0.002423,0.358292,0.000381,-0.546875,0.0,0.6047,0.1108,0.006141,0.005522,0.00781,0.834558,1.916909,0.0
705429504,48726.8,0.002737,0.367298,0.000371,-0.539062,0.0,0.6063,0.1149,0.006714,0.006672,0.008285,0.941241,1.854041,0.0
706215936,48746.3,-0.001806,0.307585,0.000391,-0.527344,0.0,0.6086,0.1199,0.006972,0.005902,0.007827,1.098649,1.879598,0.0
707002368,48765.4,-0.000232,0.354736,0.000373,-0.482422,0.0,0.6107,0.1249,0.005966,0.004875,0.005958,1.045949,1.761023,0.0
707788800,48722.7,-0.000325,0.312482,0.000378,-0.470703,0.0,0.6118,0.1287,0.008738,0.005365,0.006527,0.727015,1.799974,0.0
708575232,48738.0,-0.000585,0.31343,0.000394,-0.474609,0.0,0.6127,0.1305,0.009572,0.006576,0.00749,0.801564,1.890013,0.0
709361664,48756.9,-0.003425,0.286765,0.000403,-0.488281,0.0,0.6139,0.1318,0.010319,0.006859,0.007693,0.823119,1.911675,0.0
710148096,48716.2,-0.003351,0.297078,0.000403,-0.5,0.0,0.6153,0.1338,0.006335,0.004831,0.005451,1.033388,2.015745,0.0
710934528,48737.1,0.002878,0.336015,0.000403,-0.503906,0.0,0.615,0.1343,0.009156,0.007638,0.008575,1.05792,1.95181,0.0
711720960,48757.5,0.000823,0.308053,0.000396,-0.496094,0.0,0.6151,0.1341,0.008217,0.006848,0.008477,0.772466,1.842464,0.0
712507392,48776.9,-0.005304,0.286283,0.000414,-0.492188,0.0,0.6144,0.1348,0.005756,0.004354,0.006206,0.873731,1.954906,0.0
713293824,48716.9,-0.002145,0.312491,0.000394,-0.486328,0.0,0.6138,0.1372,0.007178,0.005862,0.008188,0.880813,2.010005,0.0
714080256,48737.0,0.00464,0.341311,0.000377,-0.4375,0.0,0.6137,0.1386,0.006614,0.00601,0.007152,0.955178,1.979652,0.0
714866688,48757.3,0.000328,0.321585,0.000365,-0.470703,0.0,0.6141,0.1387,0.007021,0.00485,0.006674,1.019775,2.020543,0.0
715653120,48651.0,-0.001782,0.328329,0.000352,-0.445312,0.0,0.6149,0.1383,0.006879,0.004805,0.00561,1.063945,1.920294,0.0
716439552,48672.1,0.002858,0.359188,0.000388,-0.431641,0.0,0.6154,0.1401,0.014809,0.007374,0.009405,0.714916,1.921202,0.0
717225984,48692.8,0.002316,0.334261,0.000396,-0.46875,0.0,0.6157,0.1438,0.007509,0.005153,0.006058,0.760366,2.007427,0.0
718012416,48713.5,-0.009141,0.345552,0.00039,-0.433594,0.0,0.6154,0.1449,0.006715,0.004115,0.0054,0.852228,1.973694,0.0
718798848,48664.6,-0.006591,0.329472,0.000387,-0.464844,0.0,0.6152,0.1458,0.008051,0.004555,0.005316,1.060024,2.071362,0.0
719585280,48684.7,-0.001544,0.346439,0.000373,-0.484375,0.0,0.6149,0.1425,0.008779,0.00585,0.007368,1.165292,2.068584,0.0
720371712,48704.5,-0.006333,0.297856,0.000374,-0.482422,0.0,0.6151,0.143,0.006452,0.00455,0.005095,0.776039,2.157122,0.0
721158144,48724.4,-0.002542,0.325593,0.000388,-0.474609,0.0,0.6161,0.1426,0.007227,0.004969,0.007044,0.870319,2.220123,0.0
721944576,48691.5,0.000432,0.326397,0.000382,-0.445312,0.0,0.6162,0.1417,0.008812,0.006725,0.010479,0.893481,2.127448,0.0
722731008,48711.6,0.004113,0.333986,0.000376,-0.453125,0.0,0.6159,0.1421,0.005595,0.005608,0.005795,0.942426,2.057506,0.0
723517440,48728.3,-0.000982,0.319933,0.000362,-0.453125,0.0,0.6152,0.1419,0.006261,0.006055,0.006612,1.025302,1.94401,0.0
724303872,48683.5,-0.006414,0.332539,0.000365,-0.451172,0.0,0.6145,0.1405,0.006494,0.005874,0.006794,0.747418,2.097546,0.0
725090304,48702.3,0.00639,0.322767,0.000397,-0.4375,0.0,0.6138,0.1419,0.006527,0.005894,0.006961,0.766655,2.03007,0.0
725876736,48721.2,0.003359,0.297168,0.000376,-0.470703,0.0,0.6136,0.1426,0.009234,0.006838,0.008754,0.901223,2.213685,0.0
726663168,48740.9,-0.003679,0.271367,0.000386,-0.425781,0.0,0.6137,0.1446,0.006349,0.005308,0.007575,0.92428,2.123074,0.0
727449600,48712.9,-0.001242,0.320023,0.000359,-0.460938,0.0,0.6141,0.1454,0.004925,0.0056,0.005119,1.082455,2.096056,0.0
728236032,48732.7,-0.004301,0.30579,0.000348,-0.429688,0.0,0.6145,0.1468,0.007728,0.006388,0.007442,1.150709,2.065443,0.0
729022464,48752.4,-0.004685,0.317492,0.000349,-0.460938,0.0,0.6146,0.1487,0.00547,0.005184,0.004764,0.716865,2.199423,0.0
729808896,48723.9,-0.001762,0.323174,0.00037,-0.470703,0.0,0.6155,0.1509,0.003628,0.004203,0.004348,0.861456,2.189835,0.0
730595328,48744.1,-0.001136,0.289498,0.000361,-0.4375,0.0,0.6169,0.1539,0.006722,0.005822,0.007116,0.882274,2.122279,0.0
731381760,48763.7,0.001975,0.303213,0.000348,-0.470703,0.0,0.6184,0.1568,0.006266,0.004403,0.005772,0.947164,2.104641,0.0
732168192,48783.1,-0.00196,0.255263,0.000329,-0.480469,0.0,0.6195,0.1596,0.005824,0.004913,0.006045,1.036469,2.000829,0.0
732954624,48758.9,0.006698,0.33969,0.000361,-0.515625,0.0,0.6194,0.1614,0.007278,0.006722,0.010072,0.774486,2.107808,0.0
733741056,48778.7,-0.003889,0.241469,0.00039,-0.486328,0.0,0.6181,0.1631,0.005435,0.006166,0.007113,0.859545,2.00917,0.0
734527488,48797.6,0.004584,0.29684,0.0004,-0.46875,0.0,0.6167,0.1653,0.006568,0.005436,0.007292,0.940064,2.056582,0.0
735313920,48767.8,-0.001731,0.293068,0.000411,-0.464844,0.0,0.6159,0.1656,0.006479,0.004471,0.006995,1.100568,2.136024,0.0
736100352,48787.1,-0.000661,0.278123,0.000379,-0.453125,0.0,0.6168,0.1668,0.00713,0.005572,0.008675,1.168745,2.163499,0.0
736886784,48807.2,0.000659,0.306968,0.000382,-0.455078,0.0,0.618,0.1709,0.007339,0.006278,0.00816,1.412231,2.584649,0.0
737673216,48825.9,-0.002492,0.248831,0.000397,-0.466797,0.0,0.6188,0.1732,0.00551,0.005859,0.00781,0.738206,2.049804,0.0
738459648,48796.2,-0.007462,0.274589,0.000404,-0.453125,0.0,0.6202,0.1772,0.007261,0.006075,0.007745,0.778946,1.937717,0.0
739246080,48815.3,0.001538,0.273512,0.000414,-0.476562,0.0,0.6221,0.1805,0.009009,0.006563,0.007771,0.894527,1.979772,0.0
740032512,48834.2,-0.003422,0.238434,0.000392,-0.482422,0.0,0.6244,0.1844,0.008031,0.005717,0.00719,1.027172,2.062807,0.0
740818944,48806.5,0.000769,0.279963,0.000373,-0.470703,0.0,0.6268,0.1883,0.007223,0.00472,0.005632,1.550665,2.448536,0.0
741605376,48824.5,0.008636,0.402675,0.0004,-0.470703,0.0,0.6275,0.1878,0.00607,0.005541,0.008609,0.80892,2.09377,0.0
742391808,48844.4,0.004061,0.402004,0.000397,-0.466797,0.0,0.6279,0.1861,0.007295,0.006083,0.006881,0.861762,2.071665,0.0
743178240,48863.8,-0.006753,0.353559,0.000391,-0.457031,0.0,0.6277,0.1852,0.004675,0.005645,0.006824,0.889451,2.034073,0.0
743964672,48836.8,-0.00377,0.337315,0.000372,-0.507812,0.0,0.6282,0.184,0.006042,0.00527,0.006364,1.068877,2.038751,0.0
744751104,48856.8,-0.007006,0.312168,0.000358,-0.523438,0.0,0.6291,0.184,0.008664,0.006687,0.007523,1.123042,1.859197,0.0
745537536,48875.7,0.004047,0.353675,0.000361,-0.498047,0.0,0.6299,0.185,0.007083,0.005647,0.007309,0.752003,2.037179,0.0
746323968,48895.5,-0.001946,0.314698,0.000378,-0.488281,0.0,0.6315,0.1864,0.006449,0.005582,0.00634,0.740183,1.968869,0.0
747110400,48866.2,-0.003999,0.32626,0.000419,-0.486328,0.0,0.6319,0.1885,0.005131,0.006736,0.008998,0.855972,1.957715,0.0
747896832,48885.8,0.000186,0.278885,0.0004,-0.458984,0.0,0.6318,0.1895,0.006343,0.005285,0.007337,1.021773,2.041906,0.0
748683264,48904.9,0.000153,0.265994,0.000376,-0.474609,0.0,0.6318,0.1902,0.005292,0.006417,0.006971,1.093453,2.115067,0.0
749469696,48877.7,-0.000468,0.26531,0.000373,-0.470703,0.0,0.6316,0.1914,0.009135,0.006042,0.007454,0.738863,2.194135,0.0
750256128,48897.1,-0.003369,0.318876,0.000387,-0.441406,0.0,0.6324,0.1947,0.006381,0.006662,0.00755,0.736553,2.039746,0.0
751042560,48916.0,-0.002332,0.306725,0.000392,-0.435547,0.0,0.6335,0.1967,0.007065,0.006565,0.007666,0.71207,1.983132,0.0
751828992,48935.0,0.000872,0.312723,0.000382,-0.441406,0.0,0.6355,0.2002,0.007391,0.006062,0.006538,0.769429,1.982717,0.0
752615424,48905.9,-0.000833,0.348104,0.000393,-0.451172,0.0,0.6382,0.2022,0.007044,0.006286,0.009772,0.976462,1.855326,0.0
753401856,48925.7,0.001348,0.369325,0.000358,-0.486328,0.0,0.6406,0.2036,0.004998,0.004625,0.005631,1.096914,1.903132,0.0
754188288,48945.0,0.003762,0.371132,0.000385,-0.460938,0.0,0.6418,0.205,0.003898,0.003751,0.005425,0.710281,1.93537,0.0
754974720,48920.6,-0.002009,0.368526,0.000395,-0.498047,0.0,0.6431,0.2061,0.004855,0.004253,0.005546,0.708795,1.771666,0.0
755761152,48939.0,0.003694,0.359548,0.000378,-0.441406,0.0,0.6431,0.206,0.007794,0.005833,0.006587,0.72988,1.65038,0.0
756547584,48957.8,-0.000647,0.297498,0.000365,-0.464844,0.0,0.6433,0.2062,0.006751,0.00457,0.005311,0.77016,1.619308,0.0
757334016,48977.2,-0.008922,0.298137,0.000352,-0.486328,0.0,0.6444,0.2062,0.008312,0.005626,0.007458,0.969264,1.734337,0.0
758120448,48949.0,-0.004465,0.278179,0.000365,-0.455078,0.0,0.6452,0.2075,0.007693,0.006466,0.008827,0.713874,2.015489,0.0
758906880,48966.8,-0.00038,0.267645,0.000383,-0.453125,0.0,0.6466,0.2115,0.007499,0.005825,0.007126,0.722098,1.8997,0.0
759693312,48985.6,-0.004485,0.282473,0.000376,-0.460938,0.0,0.6475,0.215,0.007722,0.006257,0.007184,0.857238,2.037528,0.0
760479744,48953.1,-0.004808,0.240527,0.000377,-0.451172,0.0,0.6481,0.2175,0.005568,0.005168,0.005659,0.922464,1.9522,0.0
761266176,48972.4,-0.005192,0.299677,0.000353,-0.447266,0.0,0.6494,0.2189,0.00976,0.00679,0.007676,0.993793,1.924546,0.0
762052608,48990.1,0.004526,0.318102,0.000343,-0.490234,0.0,0.6515,0.2189,0.007474,0.005119,0.006953,1.188365,2.07514,0.0
762839040,49008.6,0.001767,0.286782,0.000343,-0.539062,0.0,0.6523,0.2184,0.008635,0.004179,0.005567,0.832156,2.30199,0.0
763625472,48983.7,-0.001037,0.33175,0.000362,-0.546875,0.0,0.6524,0.2186,0.006419,0.004862,0.006051,0.915495,2.075501,0.0
764411904,49003.3,-0.002611,0.284436,0.000382,-0.464844,0.0,0.6517,0.2168,0.006922,0.005409,0.006035,0.976714,1.95645,0.0
765198336,49022.0,0.001145,0.275756,0.000388,-0.453125,0.0,0.6498,0.2139,0.009388,0.00631,0.007973,0.97479,1.896604,0.0
765984768,48978.5,-0.000239,0.243982,0.000351,-0.484375,0.0,0.6479,0.212,0.006273,0.005231,0.005526,1.148452,1.806692,0.0
766771200,48997.7,0.005335,0.360324,0.000405,-0.460938,0.0,0.6477,0.2113,0.006981,0.005807,0.008375,0.703146,2.069857,0.0
767557632,49011.1,0.00166,0.339495,0.000405,-0.46875,0.0,0.6472,0.2103,0.00533,0.004165,0.005531,0.736889,1.943747,0.0
768344064,49029.7,0.000272,0.346484,0.000393,-0.470703,0.0,0.6463,0.2079,0.005277,0.00445,0.005303,0.760115,1.821488,0.0
769130496,48996.5,0.000585,0.291136,0.000385,-0.515625,0.0,0.6458,0.2093,0.004722,0.004671,0.006379,0.968473,1.806534,0.0
769916928,49014.8,-0.001461,0.254284,0.000378,-0.451172,0.0,0.6451,0.2122,0.007534,0.005862,0.00746,1.061291,1.762113,0.0
770703360,49032.7,-0.00343,0.22393,0.000365,-0.464844,0.0,0.6446,0.217,0.006323,0.006123,0.007913,0.751771,1.955828,0.0
771489792,49051.6,0.001284,0.266529,0.000389,-0.470703,0.0,0.6446,0.2188,0.006958,0.006962,0.007712,0.75308,1.88402,0.0
772276224,49000.8,0.002911,0.341711,0.000411,-0.535156,0.0,0.6443,0.2204,0.008084,0.007162,0.009855,0.857856,1.935711,0.0
773062656,49018.9,-0.000904,0.298239,0.000391,-0.53125,0.0,0.6441,0.2218,0.006712,0.004418,0.006868,0.94812,1.883363,0.0
773849088,49037.7,-0.003514,0.247713,0.000382,-0.542969,0.0,0.6436,0.2233,0.004692,0.004612,0.006191,1.097018,1.914178,0.0
774635520,49003.2,-0.002991,0.270621,0.000371,-0.535156,0.0,0.6439,0.2241,0.006172,0.00666,0.007897,0.830611,2.028559,0.0
775421952,49021.5,0.001452,0.300007,0.000372,-0.472656,0.0,0.6448,0.2248,0.007465,0.006466,0.007437,0.806483,1.949819,0.0
776208384,49039.3,-0.003953,0.231099,0.000377,-0.488281,0.0,0.6458,0.2275,0.006875,0.007712,0.008292,0.826677,1.940756,0.0
776994816,49058.0,-5.5e-05,0.219264,0.000377,-0.449219,0.0,0.6457,0.2291,0.007324,0.006201,0.007529,0.888792,1.954802,0.0
777781248,49032.1,-0.003535,0.248776,0.000385,-0.484375,0.0,0.6456,0.23,0.007079,0.006158,0.008549,1.036448,1.947954,0.0
778567680,49050.7,0.001697,0.226676,0.000364,-0.435547,0.0,0.645,0.232,0.010875,0.006495,0.006988,1.156375,1.829123,0.0
779354112,49069.8,0.005196,0.236064,0.000365,-0.433594,0.0,0.6449,0.2336,0.008816,0.006293,0.007221,0.615004,1.969956,0.0
780140544,49028.3,0.005101,0.293758,0.000401,-0.462891,0.0,0.6444,0.2353,0.007112,0.005242,0.006683,0.674668,1.895966,0.0
780926976,49045.4,-0.004167,0.257842,0.000404,-0.480469,0.0,0.6427,0.2366,0.007222,0.006202,0.008084,0.770257,1.839235,0.0
781713408,49063.3,-0.000721,0.313536,0.000392,-0.498047,0.0,0.6414,0.2347,0.006319,0.006201,0.007234,0.965549,1.928457,0.0
782499840,49080.9,7.7e-05,0.346526,0.000367,-0.511719,0.0,0.6403,0.2325,0.006784,0.006099,0.006445,1.006254,1.854133,0.0
783286272,49054.9,-0.001737,0.291533,0.00037,-0.46875,0.0,0.6398,0.2339,0.004413,0.004595,0.006042,0.689722,1.912242,0.0
784072704,49072.7,-0.004443,0.277096,0.000375,-0.480469,0.0,0.6391,0.2347,0.004579,0.005177,0.006501,0.744705,1.897568,0.0
784859136,49091.4,-0.011088,0.294048,0.000382,-0.486328,0.0,0.6379,0.2342,0.006576,0.005829,0.007383,0.818782,1.948811,0.0
785645568,49003.6,-0.001483,0.276069,0.000395,-0.464844,0.0,0.6362,0.2343,0.005002,0.004808,0.005564,0.919971,1.887988,0.0
786432000,49021.3,-0.001392,0.255664,0.000385,-0.464844,0.0,0.6351,0.2335,0.00678,0.006163,0.006614,1.076394,1.90623,0.0
787218432,49039.8,-0.001386,0.247699,0.000374,-0.443359,0.0,0.635,0.2338,0.005852,0.005845,0.007001,1.207449,2.00794,0.0
788004864,49058.1,-0.000485,0.269404,0.000364,-0.453125,0.0,0.6355,0.2346,0.00517,0.006006,0.006486,0.795355,2.19471,0.0
788791296,48988.9,-0.011698,0.266262,0.000396,-0.449219,0.0,0.6362,0.2356,0.004124,0.004927,0.007069,0.8185,2.171801,0.0
789577728,49007.0,-0.006636,0.241887,0.00038,-0.476562,0.0,0.6373,0.238,0.004874,0.004856,0.006829,0.880387,2.078269,0.0
790364160,49025.7,-0.001603,0.238152,0.000386,-0.425781,0.0,0.638,0.2407,0.005842,0.005484,0.007455,0.981967,1.958137,0.0
791150592,48975.4,0.001841,0.237972,0.000378,-0.423828,0.0,0.6393,0.2434,0.005299,0.004494,0.005684,1.180817,1.904988,0.0
791937024,48994.5,-0.000553,0.274676,0.000379,-0.419922,0.0,0.6408,0.246,0.00608,0.005591,0.007536,0.760451,2.070968,0.0
792723456,49012.7,-0.001283,0.236832,0.000387,-0.447266,0.0,0.6434,0.251,0.006214,0.006645,0.008028,0.833125,2.171111,0.0
793509888,49030.5,-0.001329,0.246351,0.0004,-0.435547,0.0,0.646,0.2541,0.00485,0.004203,0.005589,0.904404,2.162208,0.0
794296320,49006.4,-0.00095,0.220093,0.000391,-0.427734,0.0,0.6479,0.2575,0.005633,0.005829,0.007067,1.072673,2.250921,0.0
795082752,49024.4,0.003101,0.200479,0.000366,-0.419922,0.0,0.6488,0.2621,0.006288,0.006369,0.00652,1.052253,2.157496,0.0
795869184,49043.3,0.001752,0.222597,0.000365,-0.425781,0.0,0.65,0.2664,0.005362,0.005764,0.007126,1.270028,2.511029,0.0
796655616,49062.0,0.002434,0.240105,0.000373,-0.455078,0.0,0.651,0.2701,0.004954,0.004773,0.00519,0.780172,2.227079,0.0
797442048,49028.4,-0.001846,0.266135,0.000367,-0.480469,0.0,0.6524,0.2725,0.007562,0.006723,0.008521,0.80139,2.048473,0.0
798228480,49046.5,-0.0028,0.202027,0.000372,-0.458984,0.0,0.6537,0.2744,0.006613,0.00619,0.006826,0.896639,2.072925,0.0
799014912,49064.1,-0.004917,0.241008,0.00035,-0.453125,0.0,0.6552,0.2758,0.004228,0.003969,0.004213,1.057699,2.047335,0.0
799801344,49030.0,-0.004657,0.230084,0.000359,-0.466797,0.0,0.6566,0.2801,0.007494,0.005755,0.008006,1.259828,2.260962,0.0
800587776,49048.3,-0.005792,0.271033,0.000369,-0.484375,0.0,0.6576,0.2832,0.005055,0.004846,0.00668,0.740599,2.066153,0.0
801374208,49066.7,-0.002247,0.227855,0.000388,-0.470703,0.0,0.6594,0.288,0.008788,0.005626,0.00735,0.823284,2.100835,0.0
802160640,49084.6,-0.001189,0.228877,0.000391,-0.455078,0.0,0.6608,0.2912,0.007364,0.004776,0.006351,0.899501,2.104812,0.0
802947072,49058.1,0.002579,0.247361,0.000344,-0.478516,0.0,0.6616,0.294,0.009984,0.006379,0.007758,1.022449,2.031277,0.0
803733504,49075.1,0.001047,0.27741,0.000324,-0.496094,0.0,0.6623,0.2956,0.00718,0.005429,0.00701,1.108423,1.970762,0.0
804519936,49092.9,-0.004203,0.229763,0.000341,-0.496094,0.0,0.6627,0.2962,0.008092,0.005977,0.006625,0.809885,2.176971,0.0
805306368,49058.3,0.006062,0.334659,0.00036,-0.496094,0.0,0.6634,0.2966,0.008014,0.004973,0.006185,0.909245,2.143411,0.0
806092800,49076.4,0.001025,0.296927,0.000366,-0.5,0.0,0.6634,0.2945,0.008861,0.005757,0.007654,1.035913,2.133015,0.0
806879232,49093.9,0.000411,0.312938,0.000375,-0.507812,0.0,0.6634,0.2935,0.005519,0.004934,0.006396,1.056649,2.151819,0.0
807665664,49110.8,-0.003426,0.295571,0.000365,-0.466797,0.0,0.6631,0.2919,0.00671,0.005881,0.006053,1.143683,1.995391,0.0
808452096,49079.4,-0.002934,0.336964,0.000339,-0.488281,0.0,0.6633,0.2911,0.012839,0.004305,0.004741,0.774594,2.128562,0.0
809238528,49096.7,-0.002478,0.313459,0.000354,-0.451172,0.0,0.6649,0.2943,0.011483,0.005044,0.006931,0.872402,2.15318,0.0
810024960,49113.9,-0.000319,0.273557,0.00038,-0.425781,0.0,0.6662,0.2994,0.007191,0.005028,0.006808,0.820625,2.148026,0.0
810811392,49058.5,0.002262,0.248227,0.000361,-0.433594,0.0,0.668,0.3055,0.006681,0.004549,0.005605,0.914853,2.046118,0.0
811597824,49076.6,-0.003967,0.2563,0.000343,-0.466797,0.0,0.6694,0.3073,0.00582,0.004523,0.005949,0.998655,2.018819,0.0
812384256,49094.1,-0.005206,0.236083,0.000331,-0.439453,0.0,0.6712,0.31,0.006102,0.004995,0.007156,1.097514,1.891903,0.0
813170688,49110.5,-0.005804,0.23341,0.00034,-0.458984,0.0,0.6722,0.3124,0.006077,0.005681,0.006866,0.687403,2.047521,0.0
813957120,49078.5,-0.000783,0.254183,0.000359,-0.482422,0.0,0.6733,0.3148,0.005276,0.004564,0.005757,0.791262,2.070365,0.0
814743552,49096.1,0.006513,0.247979,0.000345,-0.443359,0.0,0.6736,0.3169,0.005453,0.005421,0.005865,0.801923,1.960547,0.0
815529984,49113.3,0.003627,0.235029,0.000342,-0.439453,0.0,0.6733,0.318,0.005616,0.006087,0.00767,0.927998,1.997095,0.0
816316416,49063.1,0.000712,0.195388,0.000332,-0.453125,0.0,0.6732,0.3191,0.005794,0.005957,0.007967,1.132154,1.879802,0.0
817102848,49081.0,0.002023,0.209462,0.000372,-0.425781,0.0,0.6724,0.3208,0.007318,0.006165,0.008518,0.735858,2.12462,0.0
817889280,49097.9,-0.000576,0.223254,0.000389,-0.447266,0.0,0.6718,0.3229,0.007036,0.006019,0.006761,0.771813,2.101031,0.0
818675712,49115.0,-0.006908,0.2308,0.000357,-0.460938,0.0,0.6716,0.3256,0.005081,0.004964,0.005303,0.820835,2.073294,0.0
819462144,49080.5,-0.003816,0.210835,0.000363,-0.474609,0.0,0.6711,0.3269,0.00612,0.005798,0.006855,1.03003,2.121358,0.0
820248576,49097.5,0.001403,0.209537,0.000355,-0.423828,0.0,0.6704,0.3281,0.00561,0.005571,0.007868,1.063183,2.014923,0.0
821035008,49112.4,0.001155,0.215301,0.000361,-0.417969,0.0,0.6699,0.3285,0.004483,0.004318,0.005045,1.128464,2.038431,0.0
821821440,49130.2,-0.001998,0.207904,0.000373,-0.429688,0.0,0.6698,0.3297,0.004083,0.00432,0.005405,0.7485,2.167447,0.0
822607872,49079.5,-0.006367,0.227099,0.000397,-0.46875,0.0,0.6695,0.3286,0.00865,0.006982,0.007661,0.773247,2.086323,0.0
823394304,49097.7,0.00341,0.243819,0.000395,-0.480469,0.0,0.6695,0.3269,0.005977,0.006232,0.006845,0.894832,2.091167,0.0
824180736,49116.0,0.002192,0.249092,0.000379,-0.496094,0.0,0.6692,0.3251,0.00546,0.005396,0.00631,1.036024,1.983981,0.0
824967168,49083.9,-0.002014,0.2849,0.000376,-0.453125,0.0,0.6689,0.3242,0.009307,0.006832,0.007307,1.224969,1.865194,0.0
825753600,49099.3,0.008615,0.289737,0.000389,-0.462891,0.0,0.6688,0.324,0.005235,0.005705,0.006489,0.723831,2.042442,0.0
826540032,49115.7,-0.001632,0.244075,0.00038,-0.482422,0.0,0.6693,0.3241,0.006799,0.005,0.006736,0.768455,1.98876,0.0
827326464,49132.6,-0.004616,0.218743,0.000394,-0.511719,0.0,0.6697,0.3256,0.00439,0.004035,0.004761,0.872327,1.968713,0.0
828112896,49105.9,-0.00681,0.220064,0.000372,-0.472656,0.0,0.6693,0.3259,0.007511,0.007048,0.007335,1.075954,1.948324,0.0
828899328,49123.6,0.001855,0.206652,0.000344,-0.478516,0.0,0.6688,0.3264,0.007054,0.006913,0.006376,0.992653,1.801489,0.0
829685760,49140.1,-0.004951,0.23784,0.00033,-0.5,0.0,0.6689,0.3273,0.006088,0.005376,0.00689,0.676377,1.893777,0.0
830472192,49118.0,0.004036,0.322508,0.000375,-0.503906,0.0,0.6692,0.3262,0.006737,0.005009,0.006925,0.887424,2.080266,0.0
831258624,49135.5,0.003885,0.23973,0.000365,-0.476562,0.0,0.6695,0.3266,0.009046,0.00599,0.007526,0.844218,1.939721,0.0
832045056,49153.0,-0.001929,0.238103,0.000363,-0.464844,0.0,0.6691,0.3263,0.005372,0.005658,0.008199,0.884887,1.941602,0.0
832831488,49169.4,-0.004958,0.202102,0.000372,-0.435547,0.0,0.6689,0.3272,0.006042,0.004628,0.006261,1.070639,2.004382,0.0
833617920,49150.5,-0.001513,0.274972,0.000352,-0.478516,0.0,0.6695,0.3296,0.005407,0.005975,0.006675,0.795561,2.331213,0.0
834404352,49167.1,0.001285,0.273853,0.000375,-0.492188,0.0,0.67,0.3317,0.005256,0.006001,0.006209,0.864821,2.323809,0.0
835190784,49184.7,-0.004518,0.237005,0.000368,-0.496094,0.0,0.6705,0.3336,0.005322,0.006452,0.006336,0.960818,2.314469,0.0
835977216,49164.4,-0.000621,0.252658,0.000387,-0.496094,0.0,0.6712,0.3369,0.004403,0.004643,0.005519,1.111705,2.23109,0.0
836763648,49181.6,-0.003957,0.216026,0.000383,-0.478516,0.0,0.6701,0.3384,0.005388,0.005553,0.005458,1.139519,2.074775,0.0
837550080,49199.3,-0.000909,0.229433,0.00039,-0.5,0.0,0.6685,0.3385,0.008947,0.00597,0.006578,1.115059,1.93021,0.0
838336512,49216.5,0.001224,0.233689,0.000391,-0.492188,0.0,0.6678,0.338,0.005947,0.005787,0.006459,0.86744,2.211341,0.0
839122944,49191.1,-0.000588,0.269105,0.000404,-0.474609,0.0,0.6665,0.3366,0.005893,0.006059,0.007004,0.823439,1.952872,0.0
839909376,49208.0,0.003867,0.253179,0.000405,-0.474609,0.0,0.6658,0.335,0.004656,0.005889,0.007228,0.859322,1.927387,0.0
840695808,49225.1,-0.005858,0.255403,0.00038,-0.492188,0.0,0.6653,0.3339,0.005593,0.005873,0.00711,0.930542,1.900929,0.0
841482240,49195.6,0.00526,0.282351,0.000389,-0.441406,0.0,0.6648,0.3327,0.004711,0.004158,0.006365,1.105955,1.884928,0.0
842268672,49211.7,-0.000912,0.250954,0.000369,-0.441406,0.0,0.6637,0.33,0.007019,0.007288,0.008999,0.759269,2.093046,0.0
843055104,49227.8,1.2e-05,0.240158,0.00037,-0.445312,0.0,0.6634,0.3282,0.006013,0.00719,0.007855,0.846342,2.123793,0.0
843841536,49244.1,0.002224,0.264358,0.000407,-0.460938,0.0,0.6627,0.3244,0.005096,0.00487,0.005796,0.928827,2.195283,0.0
844627968,49218.5,-0.00452,0.23847,0.000403,-0.435547,0.0,0.6623,0.3212,0.006693,0.004778,0.006516,1.084991,2.160072,0.0
845414400,49236.1,0.004467,0.171133,0.000372,-0.433594,0.0,0.6625,0.322,0.005446,0.005294,0.006407,1.044666,2.064936,0.0
846200832,49253.0,-0.000474,0.177402,0.000361,-0.439453,0.0,0.6623,0.3221,0.005589,0.004956,0.005839,1.133607,2.062484,0.0
846987264,49269.3,0.002575,0.168262,0.000399,-0.40625,0.0,0.662,0.3226,0.005623,0.005369,0.00596,0.838546,2.243268,0.0
847773696,49249.2,0.002587,0.250721,0.000419,-0.4375,0.0,0.6622,0.3232,0.007638,0.006227,0.00886,0.868625,2.276825,0.0
848560128,49264.8,-0.002323,0.223716,0.000416,-0.416016,0.0,0.6627,0.3226,0.006076,0.00494,0.006225,0.828695,2.094069,0.0
849346560,49281.3,-0.00469,0.20467,0.000408,-0.453125,0.0,0.6633,0.3237,0.007458,0.005851,0.006391,0.980141,2.142292,0.0
850132992,49253.1,-0.002497,0.222498,0.000394,-0.488281,0.0,0.664,0.3243,0.009902,0.006082,0.008135,1.184839,2.052188,0.0
850919424,49269.8,-0.007781,0.214761,0.000385,-0.457031,0.0,0.6646,0.3263,0.007555,0.005665,0.007403,0.844197,2.289394,0.0
851705856,49286.6,0.005272,0.235348,0.000392,-0.447266,0.0,0.665,0.3277,0.00628,0.006724,0.007129,0.784713,2.129915,0.0
852492288,49303.0,-8.1e-05,0.21803,0.000416,-0.427734,0.0,0.6659,0.3306,0.006952,0.004717,0.005367,0.814222,2.105497,0.0
853278720,49262.6,0.000894,0.242215,0.000418,-0.451172,0.0,0.6673,0.3335,0.008284,0.00586,0.008484,0.843738,1.931317,0.0
854065152,49279.1,4.2e-05,0.191042,0.000398,-0.412109,0.0,0.6685,0.3376,0.005429,0.004448,0.005227,0.985771,1.948941,0.0
854851584,49295.2,-0.009615,0.16796,0.000388,-0.458984,0.0,0.6702,0.3414,0.005616,0.004106,0.006129,1.254949,2.48972,0.0
855638016,49258.5,0.000397,0.21969,0.000393,-0.476562,0.0,0.6711,0.3429,0.005978,0.006143,0.006865,0.839118,2.160875,0.0
856424448,49275.4,-0.004311,0.205047,0.000415,-0.466797,0.0,0.6718,0.3434,0.007745,0.005624,0.007434,0.871681,2.090298,0.0
857210880,49291.6,-0.002981,0.21598,0.000406,-0.46875,0.0,0.6724,0.3425,0.005947,0.005116,0.00833,0.903819,2.096211,0.0
857997312,49306.7,-0.005044,0.174624,0.000403,-0.449219,0.0,0.6725,0.3434,0.005239,0.003984,0.005873,1.040269,2.102901,0.0
858783744,49271.3,-0.001496,0.195827,0.000401,-0.462891,0.0,0.6727,0.346,0.006765,0.005376,0.008727,1.346161,2.345513,0.0
859570176,49287.2,-0.000223,0.195317,0.000428,-0.455078,0.0,0.6733,0.349,0.006008,0.005228,0.006044,0.776592,2.173337,0.0
860356608,49303.8,-0.001376,0.17805,0.000424,-0.488281,0.0,0.6749,0.353,0.004429,0.004284,0.005806,0.833889,2.11729,0.0
861143040,49213.0,-0.003473,0.211169,0.000429,-0.496094,0.0,0.6763,0.3567,0.006288,0.005337,0.007451,0.892056,1.971507,0.0
861929472,49228.9,-7.6e-05,0.230908,0.000409,-0.421875,0.0,0.6773,0.3595,0.008129,0.006623,0.007418,1.023927,1.986162,0.0
862715904,49244.6,-0.003894,0.221544,0.000408,-0.419922,0.0,0.6786,0.362,0.007889,0.006297,0.006376,1.037075,1.912978,0.0
863502336,49259.7,0.001847,0.21936,0.00041,-0.408203,0.0,0.6795,0.364,0.007073,0.005398,0.005644,0.720311,2.189204,0.0
864288768,49195.0,-0.001739,0.230317,0.000445,-0.503906,0.0,0.6808,0.3657,0.006677,0.004681,0.006428,0.780914,2.139023,0.0
865075200,49210.9,-0.005885,0.206229,0.00043,-0.527344,0.0,0.6813,0.365,0.007102,0.005376,0.007474,0.819594,1.986804,0.0
865861632,49227.3,0.006385,0.242919,0.000434,-0.542969,0.0,0.6821,0.364,0.007278,0.005047,0.006792,0.940915,1.935779,0.0
866648064,49186.5,-0.000752,0.20791,0.000425,-0.523438,0.0,0.6826,0.364,0.007368,0.004732,0.006827,1.122055,1.715857,0.0
867434496,49201.6,-0.004374,0.228782,0.000383,-0.5,0.0,0.6837,0.3669,0.006617,0.005116,0.008028,0.769873,2.037982,0.0
868220928,49218.2,-0.000814,0.221831,0.000406,-0.492188,0.0,0.6849,0.3694,0.010028,0.005553,0.007202,0.763835,1.91528,0.0
869007360,49235.0,-0.002232,0.181494,0.00041,-0.484375,0.0,0.6858,0.3725,0.007458,0.005615,0.00665,0.761145,1.913316,0.0
869793792,49195.8,-0.003116,0.201365,0.000409,-0.472656,0.0,0.6868,0.3758,0.006325,0.005227,0.007759,0.943476,1.919401,0.0
870580224,49212.3,-0.002595,0.242101,0.000398,-0.490234,0.0,0.6874,0.3753,0.007218,0.007273,0.009709,0.994948,1.82804,0.0
871366656,49227.7,-6.1e-05,0.187146,0.000378,-0.503906,0.0,0.6877,0.3765,0.004737,0.004794,0.006154,1.083901,1.735561,0.0
872153088,49243.8,-0.001893,0.193913,0.000389,-0.5,0.0,0.6877,0.378,0.004838,0.004555,0.00671,0.839649,2.009028,0.0
872939520,49197.6,-0.003948,0.240858,0.000428,-0.503906,0.0,0.6882,0.3793,0.005891,0.006645,0.007246,0.893357,2.048215,0.0
873725952,49214.2,-0.003314,0.192092,0.00041,-0.492188,0.0,0.6888,0.3795,0.006111,0.005332,0.005786,0.96087,2.124639,0.0
874512384,49230.5,-0.002938,0.27259,0.000411,-0.5,0.0,0.6892,0.3768,0.006722,0.006049,0.005841,1.03896,2.068581,0.0
875298816,49188.5,0.005277,0.285157,0.000386,-0.457031,0.0,0.689,0.3745,0.006617,0.006437,0.006555,1.124004,1.760796,0.0
876085248,49204.2,-0.001916,0.24254,0.000412,-0.427734,0.0,0.6887,0.3734,0.005861,0.006702,0.005793,0.73725,2.167664,0.0
876871680,49220.6,0.000506,0.247988,0.000416,-0.425781,0.0,0.688,0.3711,0.007543,0.007198,0.007507,0.749743,2.16892,0.0
877658112,49236.6,0.00187,0.244845,0.000434,-0.439453,0.0,0.6872,0.3684,0.007474,0.006466,0.007271,0.832909,2.135142,0.0
878444544,49180.6,-0.002897,0.299174,0.000438,-0.458984,0.0,0.6872,0.3664,0.008579,0.006618,0.008678,0.984433,2.150294,0.0
879230976,49196.8,-0.006786,0.3088,0.00042,-0.464844,0.0,0.6872,0.3642,0.008107,0.00586,0.007552,1.069147,2.142105,0.0
880017408,49210.6,0.004138,0.331707,0.000424,-0.447266,0.0,0.6875,0.3615,0.006283,0.004898,0.007143,1.298405,2.177235,0.0
880803840,49152.7,0.000153,0.317532,0.000447,-0.472656,0.0,0.6878,0.3595,0.006429,0.004794,0.006013,0.846899,2.386594,0.0
881590272,49169.1,-0.012308,0.220258,0.000445,-0.433594,0.0,0.6879,0.3582,0.007474,0.004996,0.006869,0.923012,2.346714,0.0
882376704,49185.6,-0.002508,0.237559,0.000457,-0.445312,0.0,0.6879,0.3562,0.005762,0.004792,0.006414,0.961739,2.36704,0.0
883163136,49202.1,-0.00079,0.260036,0.000445,-0.417969,0.0,0.6878,0.3541,0.004974,0.004525,0.005656,1.047006,2.282569,0.0
883949568,49104.7,0.002273,0.236609,0.000407,-0.414062,0.0,0.6883,0.3541,0.007724,0.005765,0.008993,1.199253,2.087551,0.0
884736000,49120.8,0.004285,0.232872,0.000417,-0.441406,0.0,0.6885,0.3551,0.006693,0.006541,0.006922,0.754078,2.277001,0.0
885522432,49137.2,-7.2e-05,0.21282,0.000421,-0.455078,0.0,0.6887,0.3568,0.004099,0.004589,0.005424,0.738374,2.177669,0.0
886308864,49044.9,-0.006007,0.187551,0.000434,-0.433594,0.0,0.6885,0.3582,0.004522,0.004632,0.005814,0.84881,2.059543,0.0
887095296,49061.5,0.007388,0.235736,0.000427,-0.417969,0.0,0.6875,0.3544,0.007045,0.005211,0.007196,0.989872,2.130015,0.0
887881728,49077.8,0.004985,0.243862,0.000404,-0.441406,0.0,0.6872,0.3517,0.008122,0.006022,0.006926,1.035631,2.101077,0.0
888668160,49093.7,-0.002311,0.248148,0.000385,-0.458984,0.0,0.6869,0.3481,0.00527,0.005051,0.00647,0.747437,2.291679,0.0
889454592,49046.3,-0.005834,0.26178,0.000433,-0.464844,0.0,0.6866,0.3462,0.005809,0.005374,0.007041,0.787862,2.207352,0.0
890241024,49063.1,0.002916,0.248637,0.000417,-0.494141,0.0,0.6864,0.3447,0.005421,0.004947,0.006605,0.775635,2.010997,0.0
891027456,49079.3,-0.001215,0.228849,0.000414,-0.511719,0.0,0.6854,0.3425,0.006174,0.005888,0.00743,0.889321,1.882567,0.0
891813888,49031.7,-0.004251,0.222611,0.0004,-0.523438,0.0,0.6843,0.3397,0.004084,0.003828,0.004775,1.174535,1.809247,0.0
892600320,49048.3,-0.007012,0.217901,0.000389,-0.453125,0.0,0.6851,0.34,0.006468,0.00533,0.007562,0.772124,2.108595,0.0
893386752,49063.8,-5.9e-05,0.291019,0.00041,-0.539062,0.0,0.6859,0.3409,0.005568,0.005255,0.006615,0.766733,2.098468,0.0
894173184,49079.5,-0.006031,0.222441,0.000408,-0.515625,0.0,0.6869,0.3417,0.005142,0.005433,0.00652,0.930387,2.069746,0.0
894959616,49024.1,0.004864,0.221202,0.000434,-0.507812,0.0,0.6878,0.3433,0.006933,0.005853,0.007881,1.099481,2.160748,0.0
895746048,49040.4,-0.005179,0.150551,0.00041,-0.433594,0.0,0.6885,0.3454,0.007753,0.00558,0.007058,1.142995,2.146682,0.0
896532480,49056.2,0.003308,0.192076,0.000399,-0.480469,0.0,0.6896,0.3468,0.010336,0.005849,0.00739,1.131876,2.108418,0.0
897318912,49072.1,-0.0035,0.153026,0.00038,-0.496094,0.0,0.6902,0.3474,0.007866,0.005455,0.006948,0.864306,2.235544,0.0
898105344,49014.7,-0.006218,0.296608,0.000431,-0.5,0.0,0.6904,0.3473,0.009236,0.005542,0.007346,0.953621,2.111563,0.0
898891776,49030.8,-0.002357,0.216909,0.000419,-0.455078,0.0,0.6906,0.348,0.007744,0.004946,0.006981,0.824925,1.951014,0.0
899678208,49046.3,5.7e-05,0.212692,0.000427,-0.464844,0.0,0.6903,0.3483,0.005892,0.005234,0.005408,0.909377,1.966064,0.0
900464640,49002.9,-0.003365,0.227,0.000411,-0.474609,0.0,0.6906,0.3489,0.005618,0.004302,0.004887,1.193352,1.997677,0.0
901251072,49018.8,-0.003939,0.204369,0.000411,-0.46875,0.0,0.6906,0.3499,0.006226,0.005069,0.006645,0.815431,2.203893,0.0
902037504,49034.6,-0.002067,0.215405,0.000426,-0.470703,0.0,0.6912,0.351,0.006042,0.005878,0.00732,0.94675,2.338046,0.0
902823936,49049.6,0.001751,0.201038,0.000423,-0.443359,0.0,0.6922,0.3554,0.005122,0.005261,0.005377,0.836365,2.123401,0.0
903610368,48994.5,-0.004817,0.230585,0.000435,-0.486328,0.0,0.6934,0.3594,0.009225,0.006073,0.00773,0.987334,2.14008,0.0
904396800,49010.3,-0.000451,0.201587,0.000431,-0.486328,0.0,0.694,0.3618,0.007051,0.005417,0.006053,1.195881,2.253767,0.0
905183232,49026.3,-0.001597,0.203252,0.000428,-0.449219,0.0,0.6946,0.3652,0.005159,0.00414,0.005118,1.266249,2.077456,0.0
905969664,48976.4,-1.9e-05,0.24285,0.000445,-0.466797,0.0,0.6952,0.3672,0.006177,0.005218,0.004641,0.826856,2.330155,0.0
906756096,48992.8,0.004811,0.237183,0.000451,-0.458984,0.0,0.6953,0.3698,0.005507,0.005533,0.005484,0.843795,2.140012,0.0
907542528,49009.0,-0.002992,0.204788,0.000451,-0.423828,0.0,0.6955,0.374,0.005512,0.0051,0.005593,0.799715,2.026775,0.0
908328960,49024.9,-0.00451,0.210922,0.000477,-0.425781,0.0,0.6953,0.3765,0.004931,0.005025,0.005703,0.947704,2.019351,0.0
909115392,48967.5,0.000903,0.225333,0.000434,-0.410156,0.0,0.6956,0.3794,0.005504,0.005456,0.007202,1.030684,1.867057,0.0
909901824,48983.3,-0.004952,0.179026,0.000438,-0.425781,0.0,0.6957,0.3804,0.005422,0.005783,0.007917,0.700006,2.233997,0.0
910688256,48999.1,-0.000802,0.200003,0.000464,-0.453125,0.0,0.6961,0.3833,0.005127,0.004509,0.006764,0.747737,2.234551,0.0
911474688,48941.3,-0.000803,0.209427,0.000468,-0.464844,0.0,0.6965,0.3852,0.005406,0.005512,0.009769,0.846534,2.086314,0.0
912261120,48957.2,-0.003452,0.212678,0.000456,-0.453125,0.0,0.6956,0.3845,0.005212,0.005867,0.006806,1.007659,2.116771,0.0
913047552,48973.2,0.002133,0.202346,0.000437,-0.421875,0.0,0.6947,0.3839,0.004595,0.003956,0.004269,1.08499,2.013423,0.0
913833984,48987.3,-0.003903,0.194989,0.00044,-0.421875,0.0,0.6936,0.383,0.00442,0.003895,0.004174,1.337426,2.146284,0.0
914620416,48911.3,0.00601,0.232739,0.000453,-0.4375,0.0,0.6936,0.3837,0.003491,0.005837,0.006299,0.781006,2.13161,0.0
915406848,48926.6,0.000699,0.153285,0.000452,-0.464844,0.0,0.6944,0.3874,0.004522,0.005311,0.006917,0.831183,2.117362,0.0
916193280,48941.6,0.004931,0.178697,0.000468,-0.455078,0.0,0.6955,0.3913,0.006617,0.005474,0.007806,0.920304,2.153094,0.0
916979712,48864.5,-0.001927,0.184441,0.000464,-0.458984,0.0,0.6968,0.3958,0.006179,0.005139,0.006932,1.155146,2.076069,0.0
917766144,48880.2,0.002929,0.208772,0.000465,-0.40625,0.0,0.6979,0.3976,0.006315,0.005488,0.006121,1.341201,2.353215,0.0
918552576,48896.3,0.000764,0.207264,0.000458,-0.433594,0.0,0.6991,0.4004,0.007327,0.00517,0.005822,0.732195,2.197196,0.0
919339008,48910.6,-0.001562,0.236747,0.000461,-0.46875,0.0,0.7007,0.4032,0.00624,0.005545,0.006347,0.820993,2.22914,0.0
920125440,48855.2,-0.009266,0.24111,0.000525,-0.447266,0.0,0.7028,0.4056,0.005318,0.00576,0.007276,0.977787,2.215096,0.0
920911872,48870.9,-0.004815,0.254033,0.000521,-0.429688,0.0,0.7049,0.4093,0.004504,0.004786,0.005325,1.068155,2.101858,0.0
921698304,48886.5,-0.00149,0.227536,0.000476,-0.431641,0.0,0.7065,0.413,0.005792,0.006149,0.006998,1.13509,2.041735,0.0
922484736,48900.2,-0.000938,0.239802,0.000455,-0.476562,0.0,0.7074,0.4141,0.005452,0.005423,0.005117,0.677105,2.126204,0.0
923271168,48833.6,0.004172,0.322554,0.000496,-0.5,0.0,0.7075,0.4125,0.00493,0.005325,0.007306,0.8547,2.087941,0.0
924057600,48849.3,0.001925,0.335974,0.00046,-0.458984,0.0,0.7064,0.4064,0.004263,0.004537,0.005614,0.868246,1.997828,0.0
924844032,48865.0,-0.005084,0.294127,0.000459,-0.470703,0.0,0.7053,0.4003,0.005489,0.004399,0.006038,0.990785,2.008921,0.0
925630464,48788.0,-0.000182,0.295696,0.000437,-0.460938,0.0,0.7045,0.3966,0.005503,0.004214,0.005448,1.27369,1.990816,0.0
926416896,48803.5,0.000989,0.261866,0.00043,-0.445312,0.0,0.7044,0.3968,0.008618,0.005344,0.006279,0.721117,2.135244,0.0
927203328,48819.7,0.003793,0.24504,0.000439,-0.486328,0.0,0.7045,0.3966,0.005168,0.004803,0.005343,0.749209,2.184378,0.0
927989760,48835.9,-0.001613,0.195389,0.000451,-0.46875,0.0,0.7045,0.3957,0.005995,0.005438,0.006005,0.807274,2.12338,0.0
928776192,48773.7,-0.002933,0.265297,0.00046,-0.462891,0.0,0.7044,0.3941,0.005827,0.006688,0.006494,0.942386,2.007081,0.0
929562624,48789.2,-0.001998,0.322992,0.000457,-0.460938,0.0,0.7038,0.389,0.006064,0.006917,0.007027,1.078737,2.025313,0.0
930349056,48804.5,-0.003986,0.316167,0.000428,-0.488281,0.0,0.7033,0.3822,0.005667,0.005191,0.006396,1.228262,1.963465,0.0
931135488,48750.0,0.001894,0.298557,0.000451,-0.503906,0.0,0.7031,0.3794,0.006887,0.005344,0.007478,0.780071,2.089099,0.0
931921920,48765.4,-0.003047,0.262127,0.000453,-0.503906,0.0,0.7036,0.3783,0.006385,0.006509,0.00773,0.878997,2.057772,0.0
932708352,48781.0,0.00262,0.236399,0.00045,-0.482422,0.0,0.7047,0.3781,0.006335,0.00432,0.005619,0.929421,2.029483,0.0
933494784,48796.4,0.00038,0.227801,0.000431,-0.492188,0.0,0.7059,0.3768,0.006817,0.006373,0.006413,1.067389,2.075326,0.0
934281216,48745.1,-0.000885,0.282021,0.000409,-0.470703,0.0,0.7069,0.3759,0.006466,0.005876,0.007458,1.19781,1.935128,0.0
935067648,48760.8,-0.002935,0.278971,0.000418,-0.441406,0.0,0.7069,0.3733,0.007293,0.006,0.008139,0.839134,2.244788,0.0
935854080,48775.7,-0.004307,0.261948,0.000441,-0.433594,0.0,0.7069,0.3711,0.004952,0.005398,0.006281,0.819747,2.159273,0.0
936640512,48717.9,-0.002305,0.291719,0.000452,-0.453125,0.0,0.7071,0.3684,0.005632,0.004874,0.006422,0.810626,2.013075,0.0
937426944,48732.3,-0.000314,0.263417,0.000455,-0.433594,0.0,0.7069,0.3666,0.005228,0.004849,0.005793,0.958319,2.071196,0.0
938213376,48747.7,0.000995,0.198484,0.000429,-0.46875,0.0,0.7066,0.3652,0.004999,0.004142,0.005172,0.991517,2.014832,0.0
938999808,48763.0,0.001383,0.246932,0.000431,-0.455078,0.0,0.7061,0.3643,0.005223,0.004043,0.005619,1.192131,1.962603,0.0
939786240,48697.3,-0.003697,0.209344,0.000422,-0.474609,0.0,0.706,0.365,0.004752,0.005431,0.007878,0.863855,2.174627,0.0
940572672,48712.1,0.0043,0.228689,0.000433,-0.443359,0.0,0.7063,0.3654,0.006589,0.004618,0.00753,0.904553,2.219266,0.0
941359104,48726.7,-0.002797,0.224459,0.000443,-0.423828,0.0,0.707,0.3647,0.004048,0.003908,0.006001,0.922657,2.158442,0.0
942145536,48676.3,-0.004295,0.20242,0.000444,-0.431641,0.0,0.7076,0.3641,0.005114,0.004367,0.006632,1.058699,2.0903,0.0
942931968,48691.1,-0.00338,0.197533,0.000422,-0.449219,0.0,0.707,0.3624,0.006775,0.004699,0.006158,1.117032,2.047306,0.0
943718400,48705.2,0.001638,0.187456,0.000441,-0.419922,0.0,0.7061,0.3608,0.008076,0.005373,0.007643,0.833598,2.292246,0.0
944504832,48720.4,-0.004626,0.199872,0.000458,-0.447266,0.0,0.7041,0.3575,0.004606,0.004518,0.006919,0.842012,2.175377,0.0
945291264,48668.6,-4.5e-05,0.205925,0.000455,-0.460938,0.0,0.7026,0.3558,0.005028,0.004428,0.006523,0.914111,2.122986,0.0
946077696,48683.7,-0.001294,0.159122,0.000439,-0.441406,0.0,0.7016,0.3561,0.007749,0.00534,0.007483,0.943801,2.05319,0.0
946864128,48699.4,-0.002012,0.187346,0.000428,-0.458984,0.0,0.7009,0.3557,0.00477,0.004524,0.005502,1.045227,1.978096,0.0
947650560,48714.5,-0.005477,0.173244,0.000441,-0.464844,0.0,0.6996,0.3547,0.005798,0.005795,0.005873,0.764776,2.150094,0.0
948436992,48663.4,-0.002236,0.260377,0.000482,-0.470703,0.0,0.6982,0.3531,0.00638,0.00618,0.007783,0.805387,2.132472,0.0
949223424,48679.0,-5.3e-05,0.182935,0.000464,-0.429688,0.0,0.6964,0.3504,0.008254,0.007016,0.007727,0.819246,2.021647,0.0
950009856,48694.6,-0.002612,0.202664,0.000471,-0.431641,0.0,0.6952,0.3486,0.005531,0.004813,0.00559,0.855164,2.019021,0.0
950796288,48639.0,0.006689,0.207607,0.000434,-0.470703,0.0,0.6947,0.349,0.006042,0.00499,0.006921,1.123421,2.035929,0.0
951582720,48654.0,-0.005944,0.178129,0.000399,-0.443359,0.0,0.6957,0.3546,0.005942,0.004386,0.005889,0.708577,2.144385,0.0
952369152,48669.3,0.001044,0.185224,0.000428,-0.458984,0.0,0.6967,0.3598,0.004901,0.004949,0.006084,0.782597,2.259164,0.0
953155584,48684.0,-0.003327,0.176505,0.000432,-0.472656,0.0,0.6976,0.3653,0.006525,0.006499,0.007787,0.906809,2.321745,0.0
953942016,48624.3,-0.006444,0.266197,0.000463,-0.435547,0.0,0.6982,0.3675,0.005446,0.004686,0.006471,0.932733,2.111624,0.0
954728448,48639.8,-0.000667,0.317361,0.000438,-0.464844,0.0,0.6987,0.367,0.005253,0.004551,0.00601,1.021755,2.015227,0.0
955514880,48655.5,0.000623,0.364502,0.000434,-0.449219,0.0,0.6994,0.3665,0.003574,0.00427,0.005904,1.165281,2.01796,0.0
956301312,48598.3,-0.000776,0.364154,0.00043,-0.449219,0.0,0.6999,0.3654,0.004084,0.003897,0.004991,0.773931,2.286679,0.0
957087744,48612.6,0.004348,0.298114,0.000461,-0.451172,0.0,0.7,0.366,0.007032,0.005466,0.006596,0.805715,2.197488,0.0
957874176,48628.1,0.001678,0.284086,0.000453,-0.433594,0.0,0.7006,0.3699,0.005453,0.004537,0.005946,0.871929,2.111181,0.0
958660608,48643.6,-0.00378,0.241071,0.000461,-0.447266,0.0,0.7008,0.3734,0.006079,0.004984,0.006565,0.888681,2.025265,0.0
959447040,48583.9,0.005505,0.279965,0.000446,-0.4375,0.0,0.6996,0.3732,0.006854,0.006409,0.007152,1.0965,1.960755,0.0
960233472,48598.8,0.005737,0.298329,0.000451,-0.435547,0.0,0.6981,0.3705,0.005212,0.006098,0.006355,0.707451,2.087986,0.0
961019904,48613.2,-0.000871,0.277356,0.000454,-0.503906,0.0,0.6962,0.3675,0.004236,0.004797,0.005825,0.713509,2.04286,0.0
961806336,48564.2,0.000154,0.27541,0.000496,-0.482422,0.0,0.694,0.3647,0.004616,0.004756,0.005664,0.812551,1.967447,0.0
962592768,48579.4,-0.005134,0.233134,0.000463,-0.416016,0.0,0.692,0.3644,0.004865,0.005206,0.006682,0.883682,1.928957,0.0
963379200,48594.4,-0.000844,0.219605,0.000446,-0.419922,0.0,0.6911,0.3652,0.005878,0.006217,0.006834,1.036219,2.011873,0.0
964165632,48609.5,-0.004539,0.190036,0.000444,-0.421875,0.0,0.6899,0.3659,0.004671,0.006036,0.006785,1.0896,2.00966,0.0
964952064,48549.9,0.002112,0.254438,0.000468,-0.435547,0.0,0.6899,0.3675,0.006809,0.006176,0.007877,0.815184,2.362653,0.0
965738496,48564.4,-0.001807,0.242843,0.00045,-0.478516,0.0,0.6899,0.3671,0.005288,0.00591,0.00686,0.880966,2.37283,0.0
966524928,48579.0,-0.003432,0.206295,0.000449,-0.435547,0.0,0.6899,0.3669,0.00487,0.004419,0.006496,0.984545,2.279508,0.0
967311360,48517.8,-0.006204,0.183159,0.000438,-0.482422,0.0,0.6901,0.3675,0.006556,0.00415,0.005525,1.08585,2.078672,0.0
968097792,48532.9,-0.002391,0.186805,0.000384,-0.4375,0.0,0.6899,0.3668,0.007319,0.005038,0.006692,1.212119,1.965772,0.0
968884224,48547.9,-0.002205,0.179126,0.000405,-0.414062,0.0,0.6894,0.3665,0.006428,0.005259,0.00658,0.815359,2.376042,0.0
969670656,48561.8,-0.002786,0.156482,0.000422,-0.431641,0.0,0.689,0.3675,0.0071,0.005359,0.006883,0.84633,2.373141,0.0
970457088,48490.2,-0.003453,0.174995,0.000426,-0.458984,0.0,0.6891,0.3694,0.005645,0.003973,0.004803,0.919812,2.248814,0.0
971243520,48504.7,-0.003687,0.181569,0.000451,-0.419922,0.0,0.6897,0.3703,0.007911,0.005476,0.006944,0.951914,2.116103,0.0
972029952,48519.9,0.00074,0.155057,0.000451,-0.414062,0.0,0.6906,0.3722,0.005716,0.004284,0.006243,1.046583,2.134588,0.0
972816384,48535.1,-0.004018,0.169016,0.000427,-0.431641,0.0,0.692,0.3737,0.005917,0.004602,0.006077,1.333462,2.559652,0.0
973602816,48461.0,-0.001997,0.208574,0.000491,-0.451172,0.0,0.692,0.3739,0.007414,0.005417,0.007831,0.771376,2.32515,0.0
974389248,48476.4,-0.00112,0.184285,0.000484,-0.435547,0.0,0.6919,0.3735,0.006384,0.005498,0.007122,0.846372,2.248889,0.0
975175680,48491.1,0.002046,0.205833,0.000466,-0.439453,0.0,0.692,0.3733,0.005934,0.005538,0.006672,0.902613,2.222326,0.0
975962112,48404.1,-0.000534,0.195489,0.000426,-0.4375,0.0,0.6925,0.3752,0.006291,0.004548,0.007054,1.087323,2.111151,0.0
976748544,48419.2,0.00087,0.184565,0.000396,-0.433594,0.0,0.6936,0.3778,0.006383,0.005046,0.005906,1.374339,2.500467,0.0
977534976,48434.0,-0.003646,0.202464,0.000423,-0.484375,0.0,0.6944,0.3796,0.007028,0.004571,0.005969,0.811967,2.345414,0.0
978321408,48448.5,-0.00453,0.185847,0.000442,-0.453125,0.0,0.6952,0.3814,0.008357,0.005159,0.006418,0.862152,2.235279,0.0
979107840,48391.3,-0.003524,0.189901,0.000455,-0.425781,0.0,0.6964,0.3836,0.00651,0.005192,0.007019,0.926713,2.223326,0.0
979894272,48402.4,0.004457,0.193761,0.00042,-0.4375,0.0,0.697,0.3848,0.005772,0.005029,0.006003,1.023575,2.147939,0.0
980680704,48416.6,0.002598,0.177043,0.000421,-0.4375,0.0,0.6975,0.3871,0.005926,0.003673,0.004576,1.186567,2.148307,0.0
981467136,48370.7,0.001431,0.209208,0.000432,-0.431641,0.0,0.6979,0.389,0.005616,0.004012,0.005636,0.834562,2.323462,0.0
982253568,48385.8,8.2e-05,0.163742,0.000473,-0.453125,0.0,0.6981,0.3924,0.00683,0.00561,0.007223,0.886551,2.306755,0.0
983040000,48400.9,-0.003685,0.168505,0.000472,-0.419922,0.0,0.6992,0.3979,0.005253,0.004446,0.005544,0.841106,2.146994,0.0
983826432,48415.7,-0.00051,0.208167,0.00047,-0.457031,0.0,0.7001,0.4033,0.005213,0.003504,0.00418,0.921818,2.194856,0.0
984612864,48351.2,0.002098,0.196846,0.000449,-0.410156,0.0,0.7013,0.4081,0.004781,0.006267,0.006336,1.104281,2.116205,0.0
985399296,48366.0,-0.003637,0.162175,0.000456,-0.425781,0.0,0.702,0.4111,0.005901,0.005021,0.005717,0.711892,2.180649,0.0
986185728,48380.2,-0.000687,0.170815,0.000478,-0.445312,0.0,0.7031,0.4153,0.004497,0.005172,0.004957,0.772453,2.163599,0.0
986972160,48296.5,-0.00847,0.179671,0.000496,-0.478516,0.0,0.7041,0.4184,0.004865,0.004889,0.005,0.770641,2.035014,0.0
987758592,48311.4,-0.006518,0.15582,0.000487,-0.453125,0.0,0.7058,0.4241,0.005437,0.005045,0.006599,0.952446,2.074161,0.0
988545024,48325.6,-0.005488,0.152538,0.000479,-0.431641,0.0,0.7079,0.4302,0.005265,0.0059,0.004915,1.077203,2.157698,0.0
989331456,48340.5,-0.002738,0.149149,0.00044,-0.427734,0.0,0.7102,0.4373,0.004143,0.005367,0.004733,1.134146,2.069193,0.0
990117888,48292.0,-0.003184,0.215629,0.000476,-0.421875,0.0,0.7121,0.4413,0.005644,0.005242,0.00569,0.771291,2.28546,0.0
990904320,48306.5,0.001156,0.20298,0.000457,-0.433594,0.0,0.7145,0.4456,0.005768,0.005517,0.006067,0.846919,2.282115,0.0
991690752,48321.1,0.000602,0.193927,0.000444,-0.447266,0.0,0.7167,0.4487,0.005665,0.005261,0.006262,0.951729,2.255256,0.0
992477184,48277.8,-0.006139,0.213983,0.000454,-0.46875,0.0,0.7183,0.4507,0.004265,0.004527,0.005108,1.176105,2.258491,0.0
993263616,48292.3,0.000634,0.18708,0.000408,-0.443359,0.0,0.7189,0.4541,0.007681,0.006105,0.005838,1.24514,2.176107,0.0
994050048,48307.6,-0.001196,0.19741,0.000409,-0.410156,0.0,0.7193,0.456,0.006114,0.004985,0.005184,0.691756,2.165016,0.0
994836480,48322.8,-0.006636,0.156644,0.000445,-0.394531,0.0,0.7201,0.4581,0.005727,0.005807,0.004902,0.732245,2.152409,0.0
995622912,48254.1,-0.005054,0.24782,0.000444,-0.476562,0.0,0.7214,0.4596,0.005813,0.005564,0.006612,0.878819,2.206646,0.0
996409344,48268.6,-0.002845,0.226672,0.000446,-0.460938,0.0,0.7231,0.4613,0.005894,0.005293,0.006354,1.04985,2.253031,0.0
997195776,48282.1,-0.002038,0.199422,0.000434,-0.451172,0.0,0.7243,0.4623,0.005333,0.004215,0.005082,1.113692,2.212554,0.0
997982208,48296.5,0.001808,0.197064,0.000406,-0.4375,0.0,0.7251,0.4624,0.004632,0.005056,0.005472,1.243261,2.153553,0.0
998768640,48238.0,-0.000794,0.24024,0.000436,-0.419922,0.0,0.7249,0.4608,0.00831,0.006759,0.007053,0.759576,2.215776,0.0
999555072,48250.9,0.000938,0.173153,0.000435,-0.398438,0.0,0.7242,0.4593,0.004863,0.004998,0.005821,0.778008,2.115127,0.0
1000341504,48264.3,-0.002626,0.173499,0.000433,-0.408203,0.0,0.7229,0.4574,0.005443,0.005646,0.005223,0.802928,2.034283,0.0
1001127936,46673.7,-0.004599,0.172832,0.000466,-0.402344,0.0,0.7224,0.4572,0.00616,0.005191,0.005881,0.943863,2.009345,0.0
1001914368,46688.0,-0.004544,0.184686,0.000436,-0.40625,0.0,0.7226,0.4569,0.005368,0.004323,0.005242,1.064892,1.926454,0.0
1002700800,46702.3,-0.002382,0.196284,0.000437,-0.431641,0.0,0.7229,0.4575,0.003639,0.00468,0.005311,0.753027,2.262517,0.0
1003487232,46716.8,-0.001568,0.179444,0.000454,-0.443359,0.0,0.7231,0.457,0.005687,0.005552,0.005457,0.803729,2.302277,0.0
1004273664,46628.6,-0.001804,0.16967,0.000429,-0.441406,0.0,0.7236,0.4574,0.006022,0.005044,0.006512,0.896831,2.211949,0.0
1005060096,46643.4,0.001128,0.145631,0.00042,-0.396484,0.0,0.7235,0.458,0.003761,0.003833,0.004814,1.086918,2.243993,0.0
1005846528,46657.3,-0.002977,0.176018,0.0004,-0.447266,0.0,0.7233,0.4586,0.004556,0.003897,0.004913,1.135077,2.300454,0.0
1006632960,46585.0,-0.001405,0.171553,0.000418,-0.429688,0.0,0.7233,0.4594,0.007455,0.004768,0.005748,0.825295,2.470596,0.0
1007419392,46599.8,0.000513,0.147577,0.000427,-0.451172,0.0,0.7226,0.4599,0.0055,0.005002,0.005904,0.77716,2.303334,0.0
1008205824,46614.5,0.002618,0.146815,0.000447,-0.443359,0.0,0.7226,0.461,0.004186,0.004638,0.005362,0.889514,2.2429,0.0
1008992256,46628.9,-0.000781,0.156199,0.000439,-0.470703,0.0,0.7235,0.4625,0.006272,0.005521,0.006269,0.937234,2.135234,0.0
1009778688,46527.1,0.001035,0.162744,0.000435,-0.46875,0.0,0.7246,0.4641,0.004913,0.00507,0.007299,1.141302,2.052827,0.0
1010565120,46540.8,-0.000102,0.164817,0.000424,-0.441406,0.0,0.7253,0.4648,0.005621,0.006297,0.007918,0.802422,2.288167,0.0
1011351552,46555.1,-0.001074,0.151854,0.000438,-0.445312,0.0,0.7257,0.4658,0.004746,0.004992,0.005557,0.786433,2.233483,0.0
1012137984,46480.4,-0.002605,0.205226,0.000457,-0.453125,0.0,0.7261,0.467,0.005506,0.004673,0.006291,0.874009,2.179294,0.0
1012924416,46494.7,-0.000481,0.130502,0.000459,-0.431641,0.0,0.7253,0.4683,0.005231,0.00489,0.006575,0.957214,2.155989,0.0
1013710848,46509.2,0.0024,0.123072,0.000445,-0.419922,0.0,0.7248,0.4682,0.006199,0.005213,0.006534,1.023877,2.149231,0.0
1014497280,46523.6,-0.000449,0.148703,0.000443,-0.427734,0.0,0.7244,0.4681,0.00677,0.004774,0.005065,1.072178,2.014261,0.0
1015283712,46465.2,-0.003075,0.17389,0.000447,-0.431641,0.0,0.7243,0.4686,0.00559,0.006306,0.006474,0.681856,2.15228,0.0
1016070144,46479.7,-0.008204,0.152362,0.000434,-0.412109,0.0,0.7252,0.4704,0.005666,0.00472,0.005267,0.76088,2.050262,0.0
1016856576,46494.0,0.002206,0.172858,0.000433,-0.416016,0.0,0.7253,0.4715,0.005163,0.005542,0.00693,0.796747,1.99391,0.0
1017643008,46436.2,-0.006244,0.162174,0.000419,-0.419922,0.0,0.7247,0.4711,0.005061,0.005295,0.00604,0.950661,1.905793,0.0
1018429440,46450.5,-0.00105,0.21919,0.0004,-0.398438,0.0,0.7234,0.47,0.005771,0.0043,0.005543,1.061413,2.000809,0.0
1019215872,46464.8,-0.001109,0.21487,0.000408,-0.443359,0.0,0.7228,0.4699,0.005339,0.003994,0.005057,0.718652,2.305244,0.0
1020002304,46479.2,-0.001717,0.222765,0.000417,-0.46875,0.0,0.722,0.4699,0.007004,0.004987,0.005863,0.777272,2.295262,0.0
1020788736,46406.4,0.001018,0.185975,0.00043,-0.449219,0.0,0.7208,0.4696,0.005899,0.006155,0.005733,0.830994,2.121367,0.0
1021575168,46420.5,-0.002193,0.16258,0.000446,-0.408203,0.0,0.7192,0.4677,0.00756,0.004395,0.005457,0.875448,1.965232,0.0
1022361600,46433.8,-0.002532,0.174229,0.000413,-0.427734,0.0,0.7175,0.4661,0.006323,0.00434,0.005705,1.016806,2.046258,0.0
1023148032,46448.3,-0.002147,0.16854,0.000442,-0.425781,0.0,0.7151,0.4637,0.006788,0.004081,0.005407,1.232096,2.099772,0.0
1023934464,46420.1,0.003178,0.301362,0.000443,-0.453125,0.0,0.7136,0.4624,0.005775,0.005718,0.006207,0.775893,2.162953,0.0
1024720896,46434.2,0.00091,0.276532,0.000438,-0.474609,0.0,0.7113,0.4583,0.004447,0.005397,0.005224,0.813784,2.04009,0.0
1025507328,46448.2,0.006273,0.229097,0.000429,-0.433594,0.0,0.7095,0.4552,0.004483,0.005137,0.005432,0.841224,1.994757,0.0
1026293760,46417.5,-0.002964,0.225604,0.000436,-0.462891,0.0,0.7087,0.4538,0.004886,0.004295,0.006381,1.13416,2.098544,0.0
1027080192,46431.8,0.001684,0.257753,0.000417,-0.466797,0.0,0.7083,0.4522,0.005857,0.005058,0.006193,1.223092,1.969804,0.0
1027866624,46446.5,-0.001089,0.213448,0.000435,-0.460938,0.0,0.7083,0.4513,0.004526,0.004055,0.005617,0.744077,2.132276,0.0
1028653056,46461.2,0.004638,0.222531,0.000434,-0.5,0.0,0.7084,0.4503,0.004352,0.004538,0.005616,0.801639,2.077841,0.0
1029439488,46419.2,0.001187,0.221315,0.000474,-0.5,0.0,0.7072,0.4478,0.005442,0.00427,0.006668,0.82469,1.901131,0.0
1030225920,46433.3,0.001857,0.191478,0.000419,-0.503906,0.0,0.7055,0.445,0.003586,0.004127,0.005021,0.914479,1.815471,0.0
1031012352,46447.4,0.006642,0.215935,0.000418,-0.476562,0.0,0.7028,0.441,0.005265,0.004456,0.004769,1.049501,1.803914,0.0
1031798784,46412.3,-0.000485,0.225268,0.000404,-0.480469,0.0,0.701,0.4387,0.004001,0.003762,0.004245,0.698042,1.99156,0.0
1032585216,46426.6,-0.002043,0.163133,0.000396,-0.478516,0.0,0.6974,0.4341,0.004971,0.005199,0.006154,0.771618,1.981729,0.0
1033371648,46440.0,-0.001255,0.135919,0.000394,-0.429688,0.0,0.6951,0.4322,0.005607,0.004456,0.005773,0.793746,2.047027,0.0
1034158080,46454.4,0.001212,0.140868,0.000397,-0.457031,0.0,0.6934,0.4308,0.005211,0.004738,0.004934,0.836876,2.02037,0.0
1034944512,46418.8,0.00164,0.147077,0.000408,-0.451172,0.0,0.6921,0.4287,0.009845,0.005856,0.008357,1.07126,1.940807,0.0
1035730944,46432.5,-0.006047,0.138357,0.000394,-0.4375,0.0,0.6917,0.4279,0.007753,0.005287,0.008123,1.43313,2.360887,0.0
1036517376,46446.3,-0.001187,0.12584,0.000418,-0.425781,0.0,0.6912,0.4267,0.006061,0.004173,0.00567,0.767309,2.215228,0.0
1037303808,46412.3,-0.000884,0.152654,0.000433,-0.474609,0.0,0.6901,0.4256,0.005458,0.004018,0.005612,0.784641,2.178078,0.0
1038090240,46425.9,-0.002075,0.216576,0.000424,-0.441406,0.0,0.6891,0.4222,0.006591,0.004797,0.00619,0.886118,2.176274,0.0
1038876672,46440.1,-0.005045,0.177668,0.00041,-0.447266,0.0,0.6886,0.4195,0.00767,0.006222,0.006566,1.071332,2.248447,0.0
1039663104,46454.0,-0.001196,0.186806,0.000397,-0.447266,0.0,0.6886,0.4184,0.004861,0.005347,0.005293,1.130548,2.055693,0.0
1040449536,46420.9,0.00165,0.21948,0.00041,-0.433594,0.0,0.6892,0.4185,0.005382,0.00497,0.005532,0.720812,2.196539,0.0
1041235968,46435.2,0.002114,0.184234,0.000422,-0.445312,0.0,0.6906,0.4187,0.00479,0.004979,0.00514,0.757112,2.037972,0.0
1042022400,46449.0,0.003122,0.141128,0.000419,-0.443359,0.0,0.6919,0.4204,0.004353,0.004364,0.005305,0.810527,2.052993,0.0
1042808832,46405.4,-0.003264,0.138121,0.000416,-0.429688,0.0,0.693,0.4214,0.005809,0.003761,0.005591,1.108511,2.154834,0.0
1043595264,46419.0,0.000521,0.140301,0.000389,-0.402344,0.0,0.6941,0.4226,0.006205,0.005979,0.0078,1.153323,2.119384,0.0
1044381696,46433.4,-0.004764,0.167063,0.000404,-0.431641,0.0,0.695,0.4234,0.006641,0.005159,0.006138,0.752734,2.31873,0.0
1045168128,46447.8,-0.00437,0.15596,0.000411,-0.449219,0.0,0.6963,0.4247,0.005806,0.005962,0.006242,0.812765,2.303733,0.0
1045954560,46400.8,0.002829,0.163349,0.000437,-0.441406,0.0,0.6981,0.4272,0.007213,0.005311,0.007004,0.763242,2.201784,0.0
1046740992,46414.7,0.001662,0.132761,0.00041,-0.408203,0.0,0.6992,0.4299,0.005726,0.004433,0.004752,0.819509,2.164566,0.0
1047527424,46428.2,-0.006846,0.149238,0.000424,-0.425781,0.0,0.7002,0.4304,0.005498,0.004351,0.006027,1.057733,2.165881,0.0
1048313856,46442.0,-0.002046,0.151433,0.000419,-0.416016,0.0,0.7013,0.4319,0.007878,0.005171,0.005606,1.115658,2.043024,0.0
1049100288,46397.4,0.000151,0.18457,0.000441,-0.4375,0.0,0.7023,0.4332,0.007059,0.00625,0.005719,0.747904,2.163575,0.0
1049886720,46410.7,-0.004158,0.158677,0.000452,-0.435547,0.0,0.7028,0.4341,0.006008,0.004937,0.005323,0.71122,2.104702,0.0
1050673152,46424.7,-0.00282,0.169854,0.000434,-0.414062,0.0,0.7033,0.4338,0.005832,0.005144,0.004924,0.853318,2.183602,0.0
1051459584,46381.4,0.005153,0.169317,0.00046,-0.398438,0.0,0.7046,0.4362,0.005307,0.005033,0.006211,1.019418,2.179653,0.0
1052246016,46395.6,-0.003862,0.181621,0.000416,-0.435547,0.0,0.7058,0.4381,0.005633,0.005751,0.005649,1.149036,2.090637,0.0
1053032448,46410.0,-0.006262,0.147676,0.000419,-0.416016,0.0,0.7069,0.4416,0.005523,0.005157,0.005637,0.703978,2.255595,0.0
1053818880,46424.2,-0.000183,0.156199,0.00043,-0.421875,0.0,0.7088,0.4452,0.00695,0.004832,0.005269,0.699655,2.211661,0.0
1054605312,46383.0,-0.002707,0.180214,0.000441,-0.427734,0.0,0.7105,0.4498,0.004433,0.005302,0.005719,0.795676,2.15,0.0
1055391744,46396.7,0.002044,0.153516,0.000444,-0.447266,0.0,0.7122,0.4548,0.006042,0.004682,0.005908,0.872094,2.069994,0.0
1056178176,46410.5,-0.002696,0.140431,0.000419,-0.433594,0.0,0.7146,0.4596,0.005154,0.004564,0.005841,1.068213,2.087984,0.0
1056964608,46375.5,-0.004552,0.149903,0.000414,-0.410156,0.0,0.7161,0.4632,0.004751,0.005694,0.007158,0.704239,2.338435,0.0
1057751040,46389.4,0.000827,0.151731,0.000423,-0.414062,0.0,0.7199,0.4702,0.006554,0.005552,0.007875,0.744031,2.250976,0.0
1058537472,46402.5,0.00196,0.139096,0.000425,-0.412109,0.0,0.724,0.4766,0.003958,0.004544,0.006437,0.770438,2.150678,0.0
1059323904,46416.3,0.006394,0.162883,0.000431,-0.443359,0.0,0.7289,0.4844,0.006738,0.003818,0.005728,0.781021,2.09798,0.0
1060110336,46368.1,0.003934,0.154424,0.000456,-0.462891,0.0,0.7335,0.4908,0.004397,0.004609,0.006241,1.189998,2.181175,0.0
1060896768,46381.8,-0.002741,0.127488,0.000442,-0.458984,0.0,0.7372,0.4959,0.005505,0.004427,0.005232,1.276833,2.060333,0.0
1061683200,46395.5,-0.000274,0.147865,0.000446,-0.478516,0.0,0.7391,0.4984,0.006049,0.005083,0.005698,0.75296,2.215611,0.0
1062469632,46349.9,-0.001569,0.132635,0.000454,-0.482422,0.0,0.7414,0.5024,0.004082,0.003744,0.005447,0.800456,2.121639,0.0
1063256064,46364.0,0.000182,0.098427,0.000429,-0.433594,0.0,0.7425,0.5051,0.005243,0.004541,0.005498,0.865545,1.981845,0.0
1064042496,46378.0,0.004484,0.134192,0.000408,-0.431641,0.0,0.7437,0.507,0.009318,0.004428,0.006358,0.930074,1.969483,0.0
1064828928,46389.9,-0.006589,0.088364,0.000409,-0.439453,0.0,0.7444,0.5084,0.004489,0.003959,0.005499,1.14146,1.984382,0.0
1065615360,46331.9,-0.001373,0.173512,0.000419,-0.486328,0.0,0.7452,0.5101,0.00622,0.004352,0.00671,0.745545,2.269352,0.0
1066401792,46345.4,0.003728,0.126761,0.000438,-0.474609,0.0,0.7465,0.5142,0.005737,0.005108,0.006843,0.857159,2.271926,0.0
1067188224,46359.3,-0.004057,0.110412,0.000435,-0.421875,0.0,0.7475,0.5186,0.004688,0.003984,0.005579,0.904071,2.186061,0.0
1067974656,46315.6,-0.0064,0.115363,0.000426,-0.458984,0.0,0.7487,0.5223,0.004558,0.003922,0.004701,1.042003,2.205374,0.0
1068761088,46329.4,0.002452,0.143092,0.000419,-0.453125,0.0,0.7489,0.523,0.011473,0.005588,0.007286,1.248269,2.204129,0.0
1069547520,46343.3,-0.003401,0.138124,0.000418,-0.417969,0.0,0.7492,0.5235,0.010284,0.005199,0.006041,0.901765,2.44495,0.0
1070333952,46356.9,0.00052,0.154848,0.000435,-0.425781,0.0,0.7496,0.5238,0.009133,0.004294,0.005805,0.871413,2.459114,0.0
1071120384,46298.1,0.005964,0.160628,0.000454,-0.433594,0.0,0.7503,0.5251,0.007462,0.005333,0.007157,0.884078,2.383743,0.0
1071906816,46311.8,-0.000395,0.107762,0.000419,-0.4375,0.0,0.7504,0.5266,0.008054,0.004945,0.005853,0.908453,2.270132,0.0
1072693248,46325.4,-0.003745,0.108434,0.000409,-0.427734,0.0,0.7504,0.5269,0.005954,0.003926,0.004655,1.110104,2.350249,0.0
1073479680,46270.5,-0.002606,0.11952,0.00041,-0.400391,0.0,0.7499,0.5265,0.005608,0.003657,0.004538,1.183111,2.202978,0.0
1074266112,46284.0,-0.007551,0.134134,0.000396,-0.419922,0.0,0.7502,0.5284,0.005673,0.004571,0.006511,0.775393,2.383565,0.0
1075052544,46297.5,-0.0063,0.140426,0.000421,-0.441406,0.0,0.7512,0.5302,0.005013,0.005423,0.005746,0.808587,2.328958,0.0
1075838976,46310.4,-0.007201,0.127869,0.00041,-0.445312,0.0,0.752,0.5323,0.003169,0.004283,0.004911,0.772734,2.203865,0.0
1076625408,46271.6,-0.004523,0.160554,0.000407,-0.4375,0.0,0.7534,0.5341,0.006227,0.004167,0.005734,1.06496,2.209599,0.0
1077411840,46285.1,-0.009448,0.120082,0.000392,-0.414062,0.0,0.7559,0.5375,0.004795,0.004595,0.004367,1.263895,2.211683,0.0
1078198272,46298.4,-0.006924,0.121448,0.000403,-0.423828,0.0,0.758,0.5399,0.004276,0.004201,0.004541,0.812275,2.449918,0.0
1078984704,46312.0,-0.000716,0.121215,0.000409,-0.414062,0.0,0.7611,0.5453,0.003955,0.00523,0.004739,0.762987,2.365729,0.0
1079771136,46268.5,-0.003629,0.161279,0.000449,-0.435547,0.0,0.7635,0.5496,0.005254,0.005777,0.006874,0.812261,2.249146,0.0
1080557568,46281.9,-0.001078,0.156387,0.000455,-0.423828,0.0,0.7656,0.5534,0.006159,0.005085,0.007015,0.896421,2.165934,0.0
1081344000,46295.3,-0.002345,0.150393,0.000449,-0.439453,0.0,0.7673,0.5555,0.008589,0.003918,0.005596,1.050286,2.132648,0.0
1082130432,46252.2,-0.003072,0.158948,0.000442,-0.40625,0.0,0.7682,0.5572,0.005091,0.004371,0.005506,0.669102,2.258976,0.0
1082916864,46264.2,0.003395,0.157789,0.000459,-0.425781,0.0,0.769,0.5592,0.004191,0.006075,0.00587,0.686301,2.196009,0.0
1083703296,46277.3,-0.002624,0.140578,0.000456,-0.449219,0.0,0.7699,0.5609,0.005161,0.004878,0.00447,0.771458,2.163453,0.0
1084489728,46290.7,-0.002109,0.143025,0.000462,-0.453125,0.0,0.7705,0.5625,0.005562,0.005579,0.005854,0.83686,2.087504,0.0
1085276160,46256.3,-0.004024,0.157495,0.000455,-0.453125,0.0,0.7711,0.5634,0.005648,0.004689,0.007458,1.095831,2.020864,0.0
1086062592,46269.7,-0.000897,0.133894,0.000417,-0.423828,0.0,0.771,0.5627,0.007666,0.005665,0.006786,1.182346,2.035258,0.0
1086849024,46282.8,0.002246,0.126068,0.00042,-0.429688,0.0,0.7709,0.5627,0.007426,0.004722,0.006968,0.789595,2.139682,0.0
1087635456,46249.2,-0.001841,0.146719,0.000445,-0.449219,0.0,0.7711,0.5633,0.005992,0.003514,0.005014,0.782794,2.094268,0.0
1088421888,46262.3,-0.008229,0.114831,0.00046,-0.445312,0.0,0.7714,0.5643,0.007971,0.003598,0.005974,0.845297,2.036815,0.0
1089208320,46275.3,-0.003666,0.117518,0.000457,-0.408203,0.0,0.7722,0.565,0.005469,0.004263,0.005872,0.959729,2.100097,0.0
1089994752,46288.4,-0.000615,0.101167,0.000453,-0.435547,0.0,0.7731,0.5665,0.007305,0.00364,0.004921,1.071081,2.057283,0.0
1090781184,46238.4,0.000356,0.138075,0.000445,-0.421875,0.0,0.774,0.5671,0.006864,0.004422,0.005915,0.779772,2.409191,0.0
1091567616,46251.5,-0.005078,0.111823,0.000436,-0.431641,0.0,0.7755,0.5691,0.006927,0.005088,0.006709,0.792922,2.331021,0.0
1092354048,46264.6,0.006375,0.107986,0.000435,-0.472656,0.0,0.7769,0.5718,0.005297,0.003875,0.005186,0.850539,2.286454,0.0
1093140480,46203.8,-0.004892,0.093069,0.000446,-0.447266,0.0,0.7785,0.575,0.005805,0.003312,0.005326,1.051864,2.122001,0.0
1093926912,46216.8,0.000145,0.150471,0.00041,-0.417969,0.0,0.7796,0.5772,0.006639,0.004975,0.006067,1.207143,2.189749,0.0
1094713344,46230.1,0.005573,0.130725,0.000404,-0.449219,0.0,0.78,0.5786,0.005206,0.003779,0.005469,1.40271,2.47378,0.0
1095499776,46243.9,-0.001642,0.11254,0.000435,-0.447266,0.0,0.7802,0.5792,0.006407,0.003747,0.005606,0.870694,2.41566,0.0
1096286208,46176.3,7.4e-05,0.155494,0.000449,-0.478516,0.0,0.7798,0.5794,0.005077,0.004767,0.005147,0.998609,2.352801,0.0
1097072640,46190.1,-0.006291,0.126285,0.000443,-0.46875,0.0,0.7804,0.5816,0.003858,0.004201,0.005376,1.023674,2.308303,0.0
1097859072,46203.5,-0.003227,0.122188,0.000416,-0.486328,0.0,0.7808,0.5838,0.004422,0.003881,0.005738,1.077472,2.183773,0.0
1098645504,46165.0,-0.000383,0.120717,0.000416,-0.455078,0.0,0.7815,0.5858,0.004212,0.003529,0.005515,1.525189,2.419646,0.0
1099431936,46178.3,0.000958,0.151541,0.000487,-0.451172,0.0,0.7814,0.585,0.005788,0.004198,0.006629,0.836262,2.296003,0.0
1100218368,46190.7,-0.005391,0.1253,0.000506,-0.449219,0.0,0.7816,0.5841,0.005349,0.004038,0.005856,0.882245,2.378103,0.0
1101004800,46204.2,0.000466,0.122929,0.000493,-0.451172,0.0,0.7816,0.584,0.003799,0.004285,0.005015,0.873923,2.21627,0.0
1101791232,46172.8,0.002169,0.116334,0.000482,-0.466797,0.0,0.7823,0.5848,0.003893,0.004843,0.00647,1.090741,2.199788,0.0
1102577664,46185.4,-0.0048,0.10784,0.000432,-0.423828,0.0,0.783,0.5856,0.004711,0.005678,0.007135,1.131232,2.11889,0.0
1103364096,46198.7,-0.003519,0.141568,0.000445,-0.435547,0.0,0.7837,0.5869,0.004052,0.004534,0.006176,0.812628,2.421843,0.0
1104150528,46211.7,0.003425,0.140012,0.000443,-0.449219,0.0,0.7844,0.588,0.004689,0.004668,0.006016,0.855674,2.43182,0.0
1104936960,46175.4,-0.004702,0.132026,0.000462,-0.451172,0.0,0.7844,0.5891,0.005833,0.005692,0.006771,0.916712,2.324968,0.0
1105723392,46188.5,-0.003302,0.099814,0.000445,-0.4375,0.0,0.7839,0.5904,0.004487,0.004439,0.005243,0.9789,2.246701,0.0
1106509824,46201.5,-0.001364,0.102793,0.000429,-0.435547,0.0,0.7838,0.5909,0.003875,0.004905,0.004839,1.050228,2.130882,0.0
1107296256,46167.6,0.007096,0.147468,0.000425,-0.455078,0.0,0.7836,0.5911,0.004149,0.004767,0.006214,0.799412,2.390884,0.0
1108082688,46181.2,-0.001354,0.14144,0.000442,-0.457031,0.0,0.7842,0.5914,0.004929,0.004779,0.005671,0.907781,2.452627,0.0
1108869120,46194.6,-0.008406,0.102905,0.000431,-0.447266,0.0,0.7848,0.593,0.005324,0.004942,0.005732,0.921401,2.3746,0.0
1109655552,46207.3,-0.000463,0.110801,0.000431,-0.443359,0.0,0.7857,0.595,0.005188,0.00405,0.005859,0.997214,2.352479,0.0
1110441984,46173.5,-0.002424,0.143144,0.000462,-0.439453,0.0,0.7872,0.5967,0.004439,0.004779,0.00707,1.137855,2.214044,0.0
1111228416,46186.9,-0.007829,0.127104,0.000428,-0.417969,0.0,0.7881,0.5979,0.004275,0.004688,0.00543,1.236914,2.122471,0.0
1112014848,46200.3,-0.002513,0.112647,0.000425,-0.414062,0.0,0.7887,0.5988,0.00454,0.004715,0.005046,0.84716,2.41111,0.0
1112801280,46154.8,-0.004204,0.127613,0.00044,-0.46875,0.0,0.7895,0.6004,0.005149,0.004491,0.006141,0.854198,2.43871,0.0
1113587712,46168.1,-0.001957,0.144909,0.000428,-0.476562,0.0,0.7899,0.6019,0.005254,0.004495,0.005993,0.939323,2.340351,0.0
1114374144,46181.1,-0.000909,0.148585,0.00044,-0.445312,0.0,0.7907,0.6031,0.003944,0.003567,0.004754,1.074957,2.296538,0.0
1115160576,46194.2,-0.010355,0.131174,0.000424,-0.46875,0.0,0.7914,0.6038,0.00399,0.003604,0.005743,1.180462,2.279143,0.0
1115947008,46153.0,0.001637,0.14349,0.00043,-0.453125,0.0,0.7918,0.6047,0.004422,0.004947,0.006274,0.815407,2.433039,0.0
1116733440,46166.5,-0.00781,0.119627,0.000444,-0.457031,0.0,0.7927,0.6071,0.003913,0.004598,0.005844,0.883681,2.42473,0.0
1117519872,46179.0,-0.008516,0.094201,0.000449,-0.447266,0.0,0.7937,0.6089,0.003762,0.003971,0.005169,0.96663,2.421958,0.0
1118306304,46130.4,-0.005897,0.134625,0.000459,-0.478516,0.0,0.7952,0.6115,0.003787,0.004133,0.004751,1.025995,2.302237,0.0
1119092736,46143.7,-0.002471,0.140505,0.000451,-0.435547,0.0,0.7959,0.6117,0.006147,0.005202,0.006781,1.143856,2.192483,0.0
1119879168,46156.6,0.005057,0.160652,0.000432,-0.439453,0.0,0.7966,0.6119,0.004418,0.004911,0.005729,1.260735,2.103564,0.0
1120665600,46169.6,-0.002841,0.131447,0.000445,-0.455078,0.0,0.797,0.6121,0.004101,0.003983,0.00455,0.936622,2.337085,0.0
1121452032,46119.9,-0.00451,0.141515,0.000459,-0.472656,0.0,0.7978,0.6125,0.004389,0.003977,0.006343,0.939113,2.284942,0.0
1122238464,46133.1,-0.002424,0.116274,0.000464,-0.451172,0.0,0.7988,0.6138,0.004027,0.003917,0.0056,1.020752,2.25519,0.0
1123024896,46146.4,0.000551,0.091176,0.000453,-0.464844,0.0,0.7998,0.6148,0.005716,0.005032,0.0064,1.154179,2.349352,0.0
1123811328,46100.2,-0.000181,0.137513,0.000444,-0.453125,0.0,0.8014,0.616,0.004499,0.00332,0.005719,1.515147,2.241286,0.0
1124597760,46113.9,1.4e-05,0.120266,0.000447,-0.46875,0.0,0.8022,0.6175,0.004802,0.003915,0.006264,0.868939,2.346923,0.0
1125384192,46126.9,0.006457,0.122719,0.000447,-0.464844,0.0,0.8029,0.6184,0.004406,0.004025,0.004939,0.970833,2.45612,0.0
1126170624,46140.4,-0.004768,0.083627,0.00046,-0.455078,0.0,0.8038,0.6196,0.005044,0.003896,0.005467,1.014325,2.511456,0.0
1126957056,46098.6,-0.001427,0.122139,0.00047,-0.449219,0.0,0.805,0.6211,0.004838,0.005123,0.005283,1.17819,2.431619,0.0
1127743488,46111.5,0.000297,0.120558,0.00044,-0.416016,0.0,0.8069,0.6249,0.003882,0.004559,0.005421,1.335354,2.504581,0.0
1128529920,46124.4,0.004562,0.140633,0.00045,-0.439453,0.0,0.8088,0.6277,0.003597,0.00406,0.004924,0.884985,2.556312,0.0
1129316352,46137.2,-0.007476,0.139297,0.000467,-0.453125,0.0,0.8097,0.6287,0.004761,0.005115,0.005966,0.92366,2.523525,0.0
1130102784,46100.1,0.006107,0.143512,0.000484,-0.490234,0.0,0.8108,0.63,0.004867,0.004905,0.007364,1.065946,2.546292,0.0
1130889216,46113.5,0.005009,0.141543,0.000477,-0.443359,0.0,0.8118,0.6311,0.004964,0.004186,0.004539,1.160946,2.505745,0.0
1131675648,46126.5,-0.000204,0.127104,0.000482,-0.451172,0.0,0.8127,0.6323,0.005485,0.004432,0.005343,1.25323,2.4557,0.0
1132462080,46087.7,0.007677,0.154123,0.000464,-0.4375,0.0,0.8139,0.6335,0.003698,0.004199,0.004832,0.874653,2.569617,0.0
1133248512,46100.1,0.000398,0.146854,0.00044,-0.470703,0.0,0.815,0.6351,0.005075,0.004863,0.005559,0.965755,2.593274,0.0
1134034944,46113.3,-0.003039,0.12842,0.000451,-0.453125,0.0,0.8165,0.6365,0.003788,0.004468,0.005437,1.003439,2.506908,0.0
1134821376,46126.7,0.003779,0.126352,0.00042,-0.472656,0.0,0.8177,0.6384,0.002955,0.003597,0.004991,1.084717,2.528054,0.0
1135607808,46065.4,-0.001017,0.126588,0.00044,-0.464844,0.0,0.8185,0.6391,0.005374,0.004856,0.006874,1.22652,2.286974,0.0
1136394240,46078.1,-0.003113,0.126631,0.000437,-0.441406,0.0,0.8187,0.6395,0.004953,0.005499,0.006586,1.301251,2.251005,0.0
1137180672,46091.4,-0.000964,0.152105,0.000438,-0.433594,0.0,0.8191,0.6392,0.006122,0.00492,0.006607,0.995346,2.485911,0.0
1137967104,46021.1,0.005382,0.146161,0.000469,-0.412109,0.0,0.8194,0.6401,0.003738,0.004123,0.00543,0.936976,2.509066,0.0
1138753536,46033.9,-0.001004,0.12732,0.000459,-0.433594,0.0,0.8198,0.6413,0.003905,0.004269,0.005537,1.024924,2.605119,0.0
1139539968,46046.3,-0.004592,0.100553,0.000456,-0.429688,0.0,0.8208,0.6436,0.003285,0.003825,0.004947,1.117491,2.544917,0.0
1140326400,46059.2,-0.005813,0.087479,0.000449,-0.4375,0.0,0.8215,0.6456,0.004414,0.003442,0.004434,1.194651,2.495865,0.0
1141112832,45994.6,0.001189,0.184271,0.000441,-0.451172,0.0,0.8222,0.6462,0.005378,0.005356,0.006986,0.835143,2.532873,0.0
1141899264,46007.7,-0.002729,0.193183,0.00044,-0.445312,0.0,0.8229,0.6466,0.004082,0.004533,0.004439,0.878112,2.4353,0.0
1142685696,46020.6,0.006073,0.182564,0.000446,-0.46875,0.0,0.8233,0.6469,0.004205,0.005489,0.005222,0.968698,2.396107,0.0
1143472128,45956.9,-0.004058,0.151069,0.000457,-0.458984,0.0,0.8239,0.6483,0.004266,0.003855,0.004881,0.976843,2.213155,0.0
1144258560,45970.2,0.003605,0.13715,0.000459,-0.435547,0.0,0.8242,0.6482,0.005177,0.005172,0.007391,1.142696,2.280502,0.0
1145044992,45982.8,-0.000858,0.132905,0.00042,-0.433594,0.0,0.8244,0.6479,0.005408,0.003963,0.005297,1.261619,2.3427,0.0
1145831424,45996.1,0.003767,0.119295,0.000446,-0.439453,0.0,0.825,0.6489,0.004231,0.004178,0.004935,1.007848,2.522895,0.0
1146617856,45931.2,-0.002276,0.108504,0.000472,-0.4375,0.0,0.8251,0.6492,0.006525,0.004278,0.005939,0.920951,2.415764,0.0
1147404288,45944.1,-0.003465,0.138421,0.000473,-0.431641,0.0,0.8256,0.6501,0.00579,0.004945,0.006397,0.976736,2.404341,0.0
1148190720,45956.8,0.000471,0.111261,0.000469,-0.40625,0.0,0.8264,0.6507,0.00498,0.003836,0.005787,1.037363,2.403435,0.0
1148977152,45931.4,-0.002451,0.110148,0.000462,-0.416016,0.0,0.8268,0.6504,0.006207,0.004093,0.005322,1.359905,2.343355,0.0
1149763584,45943.4,-0.002331,0.110047,0.000459,-0.412109,0.0,0.8264,0.6501,0.005926,0.004123,0.006321,0.875141,2.600531,0.0
1150550016,45956.1,-0.003786,0.09203,0.000498,-0.396484,0.0,0.8261,0.6502,0.004652,0.003746,0.005365,0.89056,2.48497,0.0
1151336448,45968.8,-0.004839,0.09814,0.000482,-0.414062,0.0,0.8258,0.6503,0.003888,0.003566,0.005585,0.932666,2.431301,0.0
1152122880,45931.5,0.002169,0.125279,0.00049,-0.4375,0.0,0.8255,0.65,0.006449,0.004196,0.005333,1.01745,2.367006,0.0
1152909312,45944.5,-0.003156,0.110459,0.000452,-0.425781,0.0,0.8261,0.6514,0.004267,0.003816,0.004745,1.117403,2.326981,0.0
1153695744,45956.9,0.002553,0.099632,0.000425,-0.417969,0.0,0.8268,0.6527,0.003944,0.003238,0.004427,1.417115,2.771073,0.0
1154482176,45969.3,-0.002582,0.12615,0.000437,-0.425781,0.0,0.8271,0.6533,0.005441,0.003706,0.005141,0.892003,2.501985,0.0
1155268608,45937.3,4.3e-05,0.118834,0.000455,-0.460938,0.0,0.8272,0.653,0.005859,0.005049,0.006481,0.946327,2.539724,0.0
1156055040,45950.0,-0.005774,0.0911,0.00044,-0.449219,0.0,0.8274,0.6549,0.004269,0.004137,0.004787,1.002079,2.39116,0.0
1156841472,45962.5,0.000908,0.103223,0.000431,-0.457031,0.0,0.8278,0.6568,0.005424,0.004435,0.005699,1.07629,2.285936,0.0
1157627904,45924.1,0.000475,0.104807,0.000412,-0.445312,0.0,0.828,0.658,0.00407,0.004196,0.004979,1.423943,2.483944,0.0
1158414336,45936.5,-0.003426,0.098243,0.000418,-0.470703,0.0,0.828,0.6591,0.004116,0.005789,0.005151,0.910084,2.397543,0.0
1159200768,45949.3,-0.004528,0.101337,0.000446,-0.439453,0.0,0.828,0.66,0.003388,0.004383,0.00492,1.014132,2.447168,0.0
1159987200,45961.5,-0.005956,0.11237,0.000437,-0.482422,0.0,0.8279,0.6616,0.004377,0.004104,0.004505,1.010592,2.43131,0.0
1160773632,45928.3,0.001457,0.137664,0.000477,-0.462891,0.0,0.8279,0.6621,0.007155,0.005484,0.006109,1.171834,2.192493,0.0
1161560064,45940.8,0.004012,0.103302,0.000437,-0.458984,0.0,0.8278,0.6629,0.006005,0.004324,0.007152,1.230343,2.16605,0.0
1162346496,45953.5,0.000921,0.113015,0.000451,-0.484375,0.0,0.8277,0.663,0.005941,0.004398,0.005,0.923545,2.434604,0.0
1163132928,45922.0,-0.00118,0.139629,0.000443,-0.507812,0.0,0.8273,0.6636,0.00838,0.004957,0.00503,0.971,2.483794,0.0
1163919360,45935.0,0.003531,0.171691,0.000431,-0.445312,0.0,0.8272,0.6633,0.004967,0.004974,0.005173,1.038763,2.389972,0.0
1164705792,45948.2,-0.001743,0.144242,0.000426,-0.425781,0.0,0.8277,0.6641,0.005074,0.004424,0.004834,1.097522,2.28928,0.0
1165492224,45961.1,-0.002273,0.13522,0.000407,-0.46875,0.0,0.8278,0.6641,0.004384,0.004472,0.005028,1.17121,2.350041,0.0
1166278656,45926.5,-0.002363,0.133262,0.000407,-0.476562,0.0,0.8277,0.6637,0.005912,0.005783,0.006103,0.938407,2.629144,0.0
1167065088,45939.0,0.005983,0.156623,0.000417,-0.474609,0.0,0.8279,0.6634,0.006122,0.00642,0.006714,0.962091,2.552747,0.0
1167851520,45950.9,-0.007884,0.115042,0.000422,-0.5,0.0,0.8277,0.6625,0.005285,0.005558,0.005877,1.005989,2.481714,0.0
1168637952,45915.0,-0.010782,0.11329,0.000423,-0.494141,0.0,0.8275,0.662,0.003542,0.003605,0.004261,1.11402,2.285813,0.0
1169424384,45927.8,-0.00256,0.109224,0.000401,-0.449219,0.0,0.8276,0.6642,0.004386,0.003968,0.005384,1.281446,2.3471,0.0
1170210816,45940.7,-0.00526,0.109076,0.000374,-0.457031,0.0,0.8282,0.6661,0.003613,0.003946,0.00442,1.411712,2.315995,0.0
1170997248,45953.7,-0.003862,0.134158,0.000404,-0.453125,0.0,0.8284,0.6661,0.004729,0.004502,0.005386,0.93899,2.628925,0.0
1171783680,45920.7,-0.003638,0.156546,0.000403,-0.480469,0.0,0.8285,0.666,0.004482,0.00483,0.006174,0.969287,2.503207,0.0
1172570112,45933.2,-0.010605,0.131882,0.000399,-0.457031,0.0,0.8282,0.6652,0.00348,0.003544,0.004992,1.012427,2.37023,0.0
1173356544,45945.9,-0.003868,0.104871,0.000386,-0.447266,0.0,0.8273,0.6641,0.003168,0.003791,0.004405,1.094036,2.351816,0.0
1174142976,45889.2,-0.001415,0.1128,0.000389,-0.431641,0.0,0.8266,0.6627,0.003056,0.003403,0.004603,1.282334,2.051078,0.0
1174929408,45902.0,-0.009068,0.143308,0.000388,-0.443359,0.0,0.8264,0.6615,0.004426,0.004884,0.006909,0.865629,2.515944,0.0
1175715840,45914.2,-0.004352,0.135657,0.000408,-0.443359,0.0,0.8262,0.6611,0.004634,0.005307,0.007149,0.894353,2.486859,0.0
1176502272,45925.4,-0.002751,0.131771,0.000413,-0.431641,0.0,0.8259,0.6597,0.004661,0.004204,0.006448,0.965408,2.451692,0.0
1177288704,45876.8,-0.006037,0.131521,0.000431,-0.441406,0.0,0.8261,0.6596,0.005375,0.005352,0.006043,1.062821,2.403407,0.0
1178075136,45889.2,0.005569,0.132042,0.000403,-0.441406,0.0,0.8274,0.6611,0.006747,0.004689,0.006614,1.228454,2.4616,0.0
1178861568,45902.0,0.00124,0.118568,0.000413,-0.414062,0.0,0.829,0.6619,0.004941,0.003511,0.005807,1.325203,2.345445,0.0
1179648000,45912.2,-0.008986,0.099788,0.000428,-0.431641,0.0,0.8302,0.6631,0.005763,0.004279,0.005341,0.970572,2.697371,0.0
1180434432,45867.4,0.00105,0.177372,0.000457,-0.427734,0.0,0.8317,0.664,0.004967,0.004575,0.005704,1.018272,2.620092,0.0
1181220864,45879.4,-6.3e-05,0.156943,0.000431,-0.453125,0.0,0.8323,0.6625,0.003505,0.003831,0.004033,1.089185,2.664279,0.0
1182007296,45891.0,0.002361,0.168385,0.000441,-0.462891,0.0,0.8327,0.6606,0.00407,0.004293,0.005069,1.199721,2.568828,0.0
1182793728,45841.0,-0.001927,0.146759,0.000428,-0.458984,0.0,0.8332,0.6599,0.005032,0.004426,0.005665,1.437994,2.340478,0.0
1183580160,45853.9,0.005077,0.110281,0.00041,-0.470703,0.0,0.8335,0.6598,0.004288,0.004345,0.005023,1.036247,2.785659,0.0
1184366592,45866.2,-0.002585,0.114725,0.000424,-0.443359,0.0,0.8339,0.6594,0.004811,0.004372,0.00565,1.102012,2.747959,0.0
1185153024,45878.2,0.000567,0.113835,0.000426,-0.425781,0.0,0.8342,0.6586,0.004665,0.004072,0.004831,1.087418,2.700189,0.0
1185939456,45826.8,0.002988,0.112233,0.000411,-0.427734,0.0,0.835,0.6594,0.005404,0.004174,0.006341,1.17174,2.542774,0.0
1186725888,45839.5,-0.006467,0.102972,0.000398,-0.398438,0.0,0.8361,0.6601,0.004939,0.003856,0.004389,1.207883,2.569292,0.0
1187512320,45852.3,-0.003805,0.107859,0.000404,-0.412109,0.0,0.8373,0.6609,0.004918,0.003821,0.005326,1.068137,2.865819,0.0
1188298752,45790.3,-0.005111,0.102805,0.000423,-0.410156,0.0,0.8381,0.6619,0.003808,0.003717,0.004298,1.018733,2.948485,0.0
1189085184,45801.8,0.002366,0.124539,0.000442,-0.416016,0.0,0.8388,0.6625,0.004779,0.004167,0.005707,1.093792,2.877475,0.0
1189871616,45814.3,-0.002612,0.088824,0.000422,-0.421875,0.0,0.8396,0.6626,0.005851,0.003664,0.004262,1.139176,2.776401,0.0
1190658048,45826.3,0.000315,0.106173,0.000421,-0.423828,0.0,0.8408,0.6635,0.004674,0.004504,0.004848,1.231536,2.722827,0.0
1191444480,45782.0,0.004786,0.155286,0.000418,-0.404297,0.0,0.8424,0.6654,0.004656,0.004337,0.005577,1.025548,2.855608,0.0
1192230912,45794.7,-0.011438,0.083096,0.000413,-0.414062,0.0,0.8435,0.6681,0.003481,0.004034,0.004637,0.993641,2.885606,0.0
1193017344,45807.2,-0.003675,0.097658,0.000425,-0.404297,0.0,0.8451,0.671,0.004186,0.004148,0.004292,1.005896,2.894673,0.0
1193803776,45764.2,-0.002391,0.142357,0.000451,-0.408203,0.0,0.8468,0.6745,0.003804,0.004043,0.005083,1.041432,2.74523,0.0
1194590208,45776.7,-0.006239,0.114267,0.000438,-0.40625,0.0,0.8477,0.6762,0.004302,0.004949,0.005955,1.173157,2.621616,0.0
1195376640,45788.7,-0.000905,0.118271,0.000439,-0.429688,0.0,0.8487,0.6778,0.004495,0.004392,0.004578,1.258068,2.643832,0.0
1196163072,45799.6,0.000215,0.106751,0.000427,-0.470703,0.0,0.8496,0.6792,0.004143,0.003785,0.004491,1.079736,2.861473,0.0
1196949504,45742.5,0.000416,0.13572,0.000443,-0.46875,0.0,0.851,0.6811,0.004503,0.004721,0.005245,1.110948,2.84118,0.0
1197735936,45755.0,-0.002422,0.118898,0.00043,-0.46875,0.0,0.8525,0.6829,0.004908,0.004936,0.005507,1.199598,2.761572,0.0
1198522368,45767.6,0.000889,0.102441,0.000426,-0.455078,0.0,0.8536,0.6853,0.004424,0.00465,0.004503,1.24412,2.617831,0.0
1199308800,45721.6,0.00045,0.099576,0.000448,-0.46875,0.0,0.8549,0.6882,0.004266,0.004297,0.004917,1.461439,2.507004,0.0
1200095232,45734.1,0.008928,0.145278,0.000445,-0.445312,0.0,0.8559,0.6898,0.007843,0.004785,0.005334,1.105891,2.794725,0.0
1200881664,45745.5,-0.00096,0.124321,0.000457,-0.476562,0.0,0.8579,0.6933,0.005387,0.005594,0.005333,1.046981,2.741869,0.0
1201668096,45757.4,-0.003682,0.111922,0.000468,-0.474609,0.0,0.8594,0.6956,0.005478,0.004193,0.004843,1.163418,2.776453,0.0
1202454528,45706.5,0.000302,0.127572,0.000489,-0.5,0.0,0.8607,0.6978,0.004871,0.003924,0.00497,1.307595,2.607615,0.0
1203240960,45718.8,0.000698,0.134115,0.000469,-0.511719,0.0,0.8614,0.6994,0.005983,0.004998,0.006289,1.438722,2.455468,0.0
1204027392,45729.9,0.001551,0.125172,0.00045,-0.511719,0.0,0.8621,0.7011,0.004537,0.004021,0.00518,1.472723,2.361345,0.0
1204813824,45742.2,-0.00224,0.113559,0.000469,-0.539062,0.0,0.8627,0.7027,0.003917,0.004338,0.004203,1.106526,2.557813,0.0
1205600256,45697.1,-0.001366,0.131278,0.000485,-0.53125,0.0,0.8636,0.7047,0.00566,0.006616,0.005971,1.210851,2.59719,0.0
1206386688,45709.1,-0.003006,0.09885,0.000488,-0.484375,0.0,0.8638,0.7064,0.004554,0.004666,0.005063,1.246329,2.531699,0.0
1207173120,45721.3,-0.002938,0.08925,0.000473,-0.480469,0.0,0.8638,0.7075,0.003814,0.004214,0.004001,1.353448,2.519818,0.0
1207959552,45678.5,0.004118,0.113455,0.000452,-0.462891,0.0,0.8639,0.7084,0.004061,0.004651,0.003852,1.406114,2.331698,0.0
1208745984,45690.7,0.003516,0.1393,0.000426,-0.480469,0.0,0.8639,0.7091,0.004635,0.005792,0.005153,1.015294,2.52089,0.0
1209532416,45702.0,-0.003149,0.116575,0.000449,-0.478516,0.0,0.8642,0.7107,0.004475,0.005351,0.00406,1.053555,2.483067,0.0
1210318848,45714.3,-0.000921,0.149304,0.000462,-0.496094,0.0,0.8645,0.7123,0.004421,0.00472,0.00568,1.043281,2.502897,0.0
1211105280,45675.9,-0.00472,0.110398,0.000492,-0.5,0.0,0.8647,0.7136,0.004844,0.004769,0.005771,1.188768,2.406488,0.0
1211891712,45688.1,0.006216,0.105648,0.000467,-0.480469,0.0,0.8651,0.7149,0.003787,0.003535,0.00472,1.2273,2.288519,0.0
1212678144,45700.2,-0.003683,0.097794,0.00044,-0.486328,0.0,0.8652,0.7162,0.00508,0.004595,0.004628,1.369476,2.357091,0.0
1213464576,45653.0,0.001049,0.126328,0.000461,-0.484375,0.0,0.8652,0.717,0.004871,0.004494,0.00553,0.975291,2.556992,0.0
1214251008,45665.1,0.001675,0.160223,0.000457,-0.511719,0.0,0.865,0.7159,0.005799,0.004944,0.005343,1.142749,2.590477,0.0
1215037440,45676.9,-0.000373,0.169756,0.000457,-0.535156,0.0,0.864,0.7132,0.004596,0.004445,0.007971,1.238401,2.428909,0.0
1215823872,45689.2,-0.004148,0.140055,0.000454,-0.494141,0.0,0.863,0.7119,0.00371,0.003866,0.005187,1.326941,2.371584,0.0
1216610304,45649.6,-0.001519,0.174686,0.000476,-0.478516,0.0,0.8622,0.7093,0.00482,0.004214,0.007278,1.601754,2.576659,0.0
1217396736,45662.0,-0.006193,0.135457,0.000472,-0.474609,0.0,0.8617,0.7085,0.006066,0.004847,0.00659,1.067235,2.72277,0.0
1218183168,45673.8,-0.002811,0.124855,0.000472,-0.494141,0.0,0.8611,0.7073,0.005234,0.004254,0.005118,1.146834,2.692981,0.0
1218969600,45644.4,-0.007555,0.110923,0.000493,-0.480469,0.0,0.8603,0.707,0.007428,0.003909,0.005838,1.141388,2.498407,0.0
1219756032,45656.6,0.000271,0.132606,0.000474,-0.451172,0.0,0.8599,0.7053,0.006999,0.005335,0.006094,1.232936,2.337027,0.0
1220542464,45669.0,-0.001759,0.13316,0.000457,-0.4375,0.0,0.8595,0.7032,0.008198,0.00429,0.006009,1.221311,2.187641,0.0
1221328896,45681.3,0.001242,0.110269,0.000432,-0.433594,0.0,0.859,0.7022,0.004891,0.003646,0.004479,0.980018,2.536937,0.0
1222115328,45655.2,-0.005178,0.111666,0.000453,-0.455078,0.0,0.8584,0.7009,0.00486,0.003361,0.00464,0.993454,2.604381,0.0
1222901760,45667.7,0.003371,0.076888,0.000466,-0.457031,0.0,0.858,0.7026,0.003388,0.003691,0.003853,1.089977,2.487953,0.0
1223688192,45678.6,0.002769,0.092102,0.000458,-0.441406,0.0,0.8578,0.7037,0.004768,0.004434,0.004658,1.175515,2.511192,0.0
1224474624,45650.8,-0.004531,0.080725,0.000439,-0.474609,0.0,0.8572,0.7044,0.003909,0.003575,0.003702,1.307063,2.134891,0.0
1225261056,45662.6,-0.005337,0.115115,0.000424,-0.474609,0.0,0.8559,0.7025,0.00547,0.004675,0.006494,0.951959,2.57537,0.0
1226047488,45674.8,-0.001845,0.122711,0.000445,-0.511719,0.0,0.8544,0.7005,0.005107,0.003802,0.005269,1.086114,2.622838,0.0
1226833920,45686.9,-0.001091,0.09528,0.000443,-0.496094,0.0,0.853,0.6988,0.004693,0.00353,0.005253,1.169916,2.553258,0.0
1227620352,45661.3,-0.001819,0.104035,0.000452,-0.515625,0.0,0.8516,0.6976,0.004562,0.003971,0.005755,1.293813,2.460326,0.0
1228406784,45673.7,-0.001533,0.105054,0.000421,-0.507812,0.0,0.8509,0.6976,0.004925,0.003931,0.005089,1.468275,2.490278,0.0
1229193216,45686.1,-0.004203,0.10228,0.000429,-0.498047,0.0,0.8499,0.6965,0.004481,0.003895,0.005425,1.484333,2.366017,0.0
1229979648,45698.2,-0.004565,0.092644,0.000438,-0.503906,0.0,0.8494,0.6962,0.003987,0.004574,0.005629,1.144547,2.89765,0.0
1230766080,45674.5,0.000686,0.139022,0.000444,-0.496094,0.0,0.8492,0.6964,0.004351,0.005332,0.005927,1.198203,2.728474,0.0
1231552512,45686.4,-0.0017,0.113689,0.000421,-0.474609,0.0,0.8489,0.6972,0.004395,0.005387,0.00434,1.191071,2.572484,0.0
1232338944,45698.5,-0.000945,0.128473,0.000426,-0.496094,0.0,0.8485,0.6966,0.004131,0.004653,0.004586,1.249624,2.455488,0.0
1233125376,45662.1,0.006864,0.13877,0.000423,-0.478516,0.0,0.8477,0.6954,0.004627,0.004069,0.00491,1.482599,2.320491,0.0
1233911808,45673.9,-0.00479,0.12302,0.000422,-0.486328,0.0,0.8467,0.6939,0.005302,0.004717,0.005647,1.045132,2.670848,0.0
1234698240,45685.7,-0.003386,0.122045,0.00043,-0.476562,0.0,0.8455,0.6916,0.003224,0.004176,0.004366,1.078614,2.569971,0.0
1235484672,45697.9,0.002101,0.120787,0.000444,-0.46875,0.0,0.8444,0.6886,0.004233,0.00427,0.004929,1.011549,2.417926,0.0
1236271104,45670.7,0.006293,0.12903,0.000494,-0.449219,0.0,0.8436,0.6875,0.00647,0.00446,0.007397,1.156075,2.386289,0.0
1237057536,45683.1,-0.006655,0.081512,0.000463,-0.457031,0.0,0.8425,0.6877,0.003721,0.003848,0.00519,1.244618,2.303208,0.0
1237843968,45695.0,0.003784,0.088888,0.000443,-0.466797,0.0,0.8413,0.6873,0.004239,0.00392,0.005,1.350247,2.310735,0.0
1238630400,45670.6,0.001382,0.11507,0.000452,-0.496094,0.0,0.8404,0.6882,0.003856,0.003806,0.004464,1.037053,2.633834,0.0
1239416832,45683.0,0.000368,0.131087,0.000464,-0.494141,0.0,0.8389,0.6847,0.003206,0.005137,0.004621,1.138663,2.561773,0.0
1240203264,45695.2,-0.003187,0.117091,0.000473,-0.470703,0.0,0.8376,0.6821,0.003788,0.003964,0.003615,1.175568,2.514034,0.0
1240989696,45707.4,0.003439,0.130287,0.000476,-0.484375,0.0,0.8365,0.679,0.003972,0.003901,0.003772,1.278475,2.532192,0.0
1241776128,45678.6,-1e-05,0.16122,0.000448,-0.482422,0.0,0.8359,0.6788,0.004309,0.004168,0.005341,1.468446,2.345621,0.0
1242562560,45690.7,-0.002743,0.122776,0.000448,-0.523438,0.0,0.8359,0.679,0.004513,0.004519,0.004915,1.051392,2.586516,0.0
1243348992,45702.9,-0.002059,0.136046,0.000447,-0.539062,0.0,0.8358,0.6803,0.00449,0.00513,0.00467,1.197153,2.588768,0.0
1244135424,45673.6,-0.002933,0.09172,0.000467,-0.527344,0.0,0.8356,0.6817,0.004085,0.004368,0.004928,1.207781,2.341977,0.0
1244921856,45686.1,-0.000872,0.109863,0.000475,-0.490234,0.0,0.8354,0.6819,0.004339,0.005388,0.006055,1.314447,2.330542,0.0
1245708288,45698.3,0.000416,0.113337,0.000469,-0.496094,0.0,0.8356,0.6827,0.004103,0.004784,0.005211,1.339328,2.242286,0.0
1246494720,45710.6,-0.008175,0.082016,0.000449,-0.507812,0.0,0.8359,0.6832,0.00397,0.003972,0.005157,1.133123,2.625688,0.0
1247281152,45676.5,-0.003382,0.133163,0.000471,-0.494141,0.0,0.8359,0.6832,0.005116,0.004709,0.006028,1.11889,2.662967,0.0
1248067584,45688.5,-0.0112,0.108845,0.000455,-0.464844,0.0,0.8358,0.6848,0.005101,0.004103,0.005618,1.152961,2.648248,0.0
1248854016,45700.4,-0.001258,0.102818,0.000436,-0.46875,0.0,0.8357,0.6869,0.00508,0.004451,0.005098,1.24548,2.59785,0.0
1249640448,45671.5,-0.009458,0.090392,0.000435,-0.490234,0.0,0.8356,0.6888,0.003117,0.004434,0.004171,1.444098,2.240954,0.0
1250426880,45683.7,-0.00296,0.101029,0.000435,-0.449219,0.0,0.8343,0.6858,0.005576,0.004897,0.006836,1.009111,2.684072,0.0
1251213312,45695.9,0.001191,0.098778,0.000445,-0.464844,0.0,0.8338,0.6844,0.004357,0.004085,0.00535,1.000155,2.687147,0.0
1251999744,45708.0,-0.000163,0.107995,0.00045,-0.488281,0.0,0.8325,0.6813,0.004166,0.004351,0.004902,1.076243,2.650193,0.0
1252786176,45681.9,-0.001,0.096109,0.000484,-0.462891,0.0,0.8318,0.6803,0.004607,0.003744,0.005334,1.211646,2.65445,0.0
1253572608,45693.8,-0.001883,0.081529,0.00047,-0.445312,0.0,0.8324,0.6822,0.004304,0.004487,0.004916,1.375184,2.599247,0.0
1254359040,45705.7,0.000992,0.091873,0.000468,-0.453125,0.0,0.8333,0.6843,0.005699,0.003712,0.004669,1.424521,2.437321,0.0
1255145472,45717.4,0.001516,0.089148,0.00047,-0.482422,0.0,0.8341,0.6856,0.004494,0.004359,0.005565,1.075869,2.831809,0.0
1255931904,45684.4,0.005655,0.146917,0.000495,-0.435547,0.0,0.8351,0.6859,0.004313,0.006099,0.008205,1.127571,2.735777,0.0
1256718336,45696.3,-0.006325,0.109835,0.000458,-0.443359,0.0,0.8352,0.6856,0.004595,0.005187,0.00531,1.108811,2.622931,0.0
1257504768,45707.6,-0.001222,0.098942,0.000469,-0.421875,0.0,0.8356,0.6855,0.003475,0.004168,0.004269,1.153127,2.543752,0.0
1258291200,45676.5,-0.001542,0.101704,0.000476,-0.4375,0.0,0.836,0.6868,0.004078,0.004155,0.004232,1.28071,2.307709,0.0
1259077632,45687.8,-0.002178,0.08457,0.000452,-0.423828,0.0,0.8365,0.6889,0.004877,0.004037,0.004577,1.028818,2.882085,0.0
1259864064,45699.1,-0.004407,0.079435,0.000449,-0.431641,0.0,0.8377,0.6914,0.004605,0.003993,0.004348,1.077694,2.880014,0.0
1260650496,45710.5,-0.006417,0.07338,0.000457,-0.433594,0.0,0.8388,0.6938,0.00417,0.004092,0.005083,1.12813,2.844645,0.0
1261436928,45675.8,0.006484,0.117467,0.000465,-0.443359,0.0,0.8398,0.6961,0.003643,0.004804,0.00487,1.249931,2.729978,0.0
1262223360,45687.6,-0.003996,0.109624,0.000447,-0.447266,0.0,0.8413,0.6982,0.003599,0.004547,0.003971,1.266348,2.555265,0.0
1263009792,45699.0,0.003137,0.159964,0.000445,-0.429688,0.0,0.8424,0.6999,0.004225,0.004879,0.005591,1.401166,2.55355,0.0
1263796224,45665.6,-0.005638,0.158896,0.000448,-0.458984,0.0,0.8433,0.7001,0.004489,0.004642,0.005436,1.046857,2.97864,0.0
1264582656,45677.0,-0.006069,0.117367,0.000452,-0.466797,0.0,0.8438,0.6997,0.005253,0.004545,0.006053,1.144581,2.800648,0.0
1265369088,45688.7,-0.001982,0.114456,0.000463,-0.435547,0.0,0.8451,0.7002,0.004372,0.004268,0.005341,1.210614,2.704813,0.0
1266155520,45700.3,0.001904,0.110842,0.000474,-0.421875,0.0,0.8463,0.701,0.005738,0.003653,0.004684,1.227809,2.6116,0.0
1266941952,45670.3,-0.006709,0.095074,0.00049,-0.421875,0.0,0.8477,0.7033,0.007175,0.004422,0.00702,1.393385,2.509446,0.0
1267728384,45682.3,0.006375,0.119711,0.000492,-0.439453,0.0,0.8485,0.7047,0.004983,0.004371,0.006121,1.055475,2.969667,0.0
1268514816,45694.0,5e-05,0.125054,0.000474,-0.439453,0.0,0.8496,0.7064,0.007199,0.004014,0.005262,1.125363,2.942132,0.0
1269301248,45662.1,0.000154,0.106715,0.000476,-0.431641,0.0,0.8508,0.7084,0.007383,0.004002,0.005294,1.12694,2.779585,0.0
1270087680,45673.3,-0.00378,0.083946,0.000443,-0.431641,0.0,0.8517,0.7104,0.003607,0.003624,0.00421,1.156021,2.592683,0.0
1270874112,45685.4,-0.005909,0.075743,0.000444,-0.412109,0.0,0.8525,0.7124,0.002934,0.004134,0.003856,1.220018,2.423339,0.0
1271660544,45697.0,-0.004771,0.071388,0.000426,-0.423828,0.0,0.8536,0.714,0.003594,0.003692,0.00417,1.382512,2.650146,0.0
1272446976,45669.9,-0.004068,0.09368,0.000453,-0.474609,0.0,0.8546,0.7163,0.005246,0.00332,0.00596,0.995598,2.820459,0.0
1273233408,45681.3,0.000921,0.126775,0.000466,-0.488281,0.0,0.8556,0.7184,0.004975,0.003792,0.005118,1.156304,2.805407,0.0
1274019840,45693.2,0.000501,0.110002,0.000451,-0.478516,0.0,0.8563,0.7195,0.00745,0.003781,0.004818,1.276424,2.687721,0.0
1274806272,45661.6,-0.004338,0.078391,0.000465,-0.462891,0.0,0.8572,0.7212,0.003946,0.004232,0.005008,1.426502,2.447575,0.0
1275592704,45672.1,0.011256,0.097405,0.000419,-0.445312,0.0,0.8575,0.7229,0.003306,0.00455,0.005294,1.488011,2.554989,0.0
1276379136,45682.8,0.000941,0.087801,0.000426,-0.474609,0.0,0.8578,0.7236,0.003669,0.003941,0.004913,1.103607,2.935044,0.0
1277165568,45694.4,0.001373,0.112719,0.000435,-0.484375,0.0,0.8586,0.7244,0.003874,0.003774,0.004455,1.171902,2.813216,0.0
1277952000,45658.1,0.006579,0.129524,0.000439,-0.478516,0.0,0.8597,0.7257,0.005493,0.004471,0.004793,1.201871,2.560575,0.0
1278738432,45669.9,-0.00106,0.121456,0.000423,-0.478516,0.0,0.8613,0.7277,0.004015,0.004339,0.005051,1.226066,2.465087,0.0
1279524864,45681.5,0.001549,0.114058,0.000405,-0.470703,0.0,0.8623,0.7288,0.004327,0.004549,0.00512,1.266791,2.27817,0.0
1280311296,45693.2,-0.003734,0.129943,0.000415,-0.455078,0.0,0.8631,0.7295,0.0039,0.003959,0.0043,1.119522,2.822993,0.0
1281097728,45653.9,0.004104,0.163629,0.000449,-0.474609,0.0,0.864,0.7293,0.006663,0.004662,0.006277,1.132028,2.830644,0.0
1281884160,45665.5,0.002055,0.1567,0.000448,-0.447266,0.0,0.8637,0.7274,0.0047,0.004231,0.004401,1.165078,2.65696,0.0
1282670592,45677.2,-0.00403,0.12962,0.000443,-0.423828,0.0,0.863,0.7251,0.005003,0.00455,0.005487,1.197326,2.622836,0.0
1283457024,45644.8,0.004096,0.159275,0.000453,-0.458984,0.0,0.8624,0.7229,0.005969,0.004554,0.005606,1.354709,2.496763,0.0
1284243456,45656.8,-0.000913,0.152963,0.000416,-0.474609,0.0,0.8621,0.7221,0.003724,0.0056,0.004783,1.093229,2.781911,0.0
1285029888,45667.6,-0.003136,0.163833,0.000451,-0.478516,0.0,0.862,0.7208,0.005276,0.004472,0.005191,1.066882,2.713942,0.0
1285816320,45679.2,4.8e-05,0.147075,0.000449,-0.46875,0.0,0.8621,0.7197,0.004837,0.005573,0.005362,1.181184,2.773262,0.0
1286602752,45647.0,-0.000634,0.105138,0.000485,-0.474609,0.0,0.8624,0.7189,0.004715,0.004368,0.006496,1.198673,2.700345,0.0
1287389184,45658.7,-0.004948,0.07885,0.000471,-0.460938,0.0,0.8626,0.7194,0.003806,0.003263,0.004154,1.287196,2.608296,0.0
1288175616,45670.1,-0.003037,0.095317,0.000456,-0.445312,0.0,0.8629,0.7196,0.004518,0.003736,0.005421,1.357234,2.539917,0.0
1288962048,45644.4,-0.002605,0.112392,0.000475,-0.445312,0.0,0.8631,0.7196,0.004767,0.004751,0.00555,1.077908,2.926932,0.0
1289748480,45655.7,0.005061,0.110123,0.000468,-0.441406,0.0,0.864,0.7212,0.004941,0.005244,0.005547,1.112624,2.861021,0.0
1290534912,45667.1,-0.00128,0.09764,0.000457,-0.439453,0.0,0.8646,0.723,0.00377,0.003366,0.005355,1.210782,2.786851,0.0
1291321344,45678.7,-0.005451,0.078921,0.000455,-0.441406,0.0,0.8651,0.7256,0.004066,0.003815,0.003915,1.230446,2.765347,0.0
1292107776,45669.5,-0.004319,0.111598,0.000459,-0.451172,0.0,0.8658,0.7279,0.005347,0.004827,0.005689,1.399728,2.490128,0.0
1292894208,45680.5,0.005917,0.134899,0.000461,-0.443359,0.0,0.8665,0.7295,0.004768,0.004135,0.005008,1.079071,2.925509,0.0
1293680640,45692.2,-0.001194,0.101456,0.000462,-0.449219,0.0,0.8674,0.7311,0.004886,0.004037,0.005639,1.218652,2.930692,0.0
1294467072,45682.4,-0.00278,0.1087,0.000459,-0.441406,0.0,0.8682,0.7326,0.004659,0.004164,0.005953,1.17349,2.817108,0.0
1295253504,45693.4,-0.009233,0.115173,0.00044,-0.4375,0.0,0.8687,0.732,0.005728,0.004774,0.006924,1.18821,2.675693,0.0
1296039936,45703.4,0.003218,0.108703,0.000426,-0.455078,0.0,0.869,0.7319,0.003771,0.003807,0.004709,1.315927,2.623994,0.0
1296826368,45714.2,-0.007062,0.11354,0.000423,-0.421875,0.0,0.8689,0.7317,0.004339,0.00478,0.0051,1.424148,2.537226,0.0
1297612800,45694.2,-0.003285,0.132804,0.000444,-0.494141,0.0,0.8689,0.7315,0.004158,0.004226,0.004414,1.089523,3.058167,0.0
1298399232,45705.8,-0.001298,0.083026,0.00043,-0.455078,0.0,0.8684,0.731,0.003947,0.004379,0.004199,1.235666,2.78567,0.0
1299185664,45717.3,0.00087,0.111152,0.000437,-0.439453,0.0,0.8683,0.7311,0.003788,0.003778,0.00461,1.273388,2.705198,0.0
1299972096,45693.4,0.005507,0.103617,0.000438,-0.462891,0.0,0.868,0.73,0.003077,0.003607,0.00441,1.365516,2.466387,0.0
1300758528,45704.7,-0.004872,0.129645,0.000407,-0.421875,0.0,0.868,0.729,0.005389,0.005392,0.004816,1.341205,2.468329,0.0
1301544960,45716.0,-0.006236,0.126474,0.000416,-0.443359,0.0,0.8682,0.7297,0.003242,0.004985,0.003915,1.095066,2.917601,0.0
1302331392,45727.1,0.000402,0.094329,0.000423,-0.435547,0.0,0.8681,0.7297,0.003031,0.003423,0.00326,1.195742,2.956546,0.0
1303117824,45703.8,-0.001817,0.125694,0.000458,-0.443359,0.0,0.8684,0.7295,0.005143,0.003786,0.00579,1.218501,2.857312,0.0
1303904256,45714.9,0.001655,0.104095,0.000422,-0.445312,0.0,0.8692,0.729,0.006383,0.004297,0.005599,1.323611,2.847906,0.0
1304690688,45725.7,0.007182,0.104533,0.000421,-0.417969,0.0,0.8698,0.7285,0.004975,0.00484,0.005843,1.307373,2.711606,0.0
1305477120,45736.9,-0.000839,0.107265,0.000414,-0.441406,0.0,0.8704,0.7282,0.005584,0.004847,0.00466,1.161224,2.883414,0.0
1306263552,45713.7,0.00119,0.126173,0.000497,-0.460938,0.0,0.8711,0.7295,0.007205,0.005444,0.00709,1.157759,2.988055,0.0
1307049984,45724.6,-0.002836,0.087633,0.000463,-0.431641,0.0,0.8722,0.7318,0.006122,0.004301,0.006376,1.22365,2.796656,0.0
1307836416,45735.4,-0.005157,0.073262,0.000447,-0.4375,0.0,0.8735,0.7345,0.004,0.003042,0.003889,1.203392,2.848674,0.0
1308622848,45714.2,0.000606,0.106969,0.000449,-0.451172,0.0,0.8743,0.737,0.003572,0.003692,0.004728,1.298962,2.506107,0.0
1309409280,45725.4,0.000694,0.121494,0.000435,-0.453125,0.0,0.8746,0.7388,0.00541,0.004391,0.006303,1.00117,2.735355,0.0
1310195712,45736.3,-0.00363,0.086812,0.000442,-0.460938,0.0,0.8754,0.741,0.004416,0.004138,0.004285,1.078362,2.86393,0.0
1310982144,45747.3,-0.003829,0.087119,0.00046,-0.445312,0.0,0.8765,0.7438,0.003455,0.003803,0.004532,1.074254,2.795073,0.0
1311768576,45715.2,-0.0069,0.128957,0.00044,-0.478516,0.0,0.878,0.7467,0.005809,0.004422,0.005149,1.173177,2.670573,0.0
1312555008,45726.2,0.001054,0.107007,0.000432,-0.462891,0.0,0.8789,0.7484,0.00463,0.004464,0.004705,1.280536,2.597587,0.0
1313341440,45737.1,-0.010602,0.098664,0.000433,-0.453125,0.0,0.8797,0.7504,0.004374,0.003362,0.004381,1.502218,2.636141,0.0
1314127872,45703.4,-0.001013,0.119102,0.000449,-0.472656,0.0,0.88,0.7515,0.00417,0.004026,0.005263,1.207854,2.966862,0.0
1314914304,45713.6,-0.006902,0.118604,0.000448,-0.46875,0.0,0.8794,0.7489,0.006074,0.004958,0.006579,1.240578,2.893149,0.0
1315700736,45725.0,-0.004419,0.109071,0.00045,-0.474609,0.0,0.8785,0.7454,0.006275,0.004823,0.005122,1.238281,2.74648,0.0
1316487168,45735.9,-0.003017,0.104124,0.000447,-0.470703,0.0,0.8775,0.7424,0.003828,0.004512,0.004948,1.296733,2.662148,0.0
1317273600,45711.2,-0.004456,0.109571,0.000453,-0.470703,0.0,0.8764,0.7406,0.003671,0.004364,0.005592,1.459618,2.515881,0.0
1318060032,45721.6,-0.002412,0.090414,0.000444,-0.427734,0.0,0.8759,0.7405,0.002891,0.003304,0.004578,1.094096,2.802127,0.0
1318846464,45732.3,-0.001419,0.098196,0.000455,-0.435547,0.0,0.8753,0.7391,0.003776,0.003612,0.004196,1.118707,2.842585,0.0
1319632896,45700.1,0.001196,0.109994,0.000493,-0.441406,0.0,0.875,0.7388,0.003019,0.003543,0.004005,1.152648,2.833573,0.0
1320419328,45710.7,-0.001815,0.083247,0.000472,-0.423828,0.0,0.8752,0.7392,0.004089,0.003128,0.004673,1.268842,2.811039,0.0
1321205760,45721.8,-0.004139,0.074616,0.000469,-0.416016,0.0,0.8751,0.7399,0.002825,0.003164,0.003578,1.224292,2.571712,0.0
1321992192,45732.8,-0.001653,0.076934,0.000461,-0.416016,0.0,0.8752,0.7407,0.00318,0.003083,0.003519,1.290333,2.575207,0.0
1322778624,45696.5,-0.000973,0.082325,0.000455,-0.40625,0.0,0.8753,0.7414,0.003933,0.004618,0.004683,0.928715,2.730716,0.0
1323565056,45707.1,-0.000164,0.079771,0.000449,-0.408203,0.0,0.8756,0.7435,0.003386,0.004839,0.004963,1.004537,2.771688,0.0
1324351488,45718.2,0.003179,0.091747,0.000467,-0.414062,0.0,0.876,0.7456,0.0035,0.004094,0.00407,1.056805,2.712403,0.0
1325137920,45686.1,-0.003473,0.091346,0.000451,-0.433594,0.0,0.8767,0.7475,0.003696,0.003508,0.004195,1.311091,2.529677,0.0
1325924352,45697.1,-0.002896,0.098727,0.000453,-0.416016,0.0,0.8778,0.7477,0.005931,0.004857,0.007083,1.345577,2.556438,0.0
1326710784,45707.8,0.001796,0.090598,0.00048,-0.408203,0.0,0.8786,0.7476,0.00348,0.004095,0.004793,1.102431,2.878302,0.0
1327497216,45718.5,-0.003819,0.084227,0.000477,-0.419922,0.0,0.8796,0.7477,0.003355,0.003217,0.004914,1.096142,2.919663,0.0
1328283648,45684.3,-0.006521,0.095225,0.000467,-0.439453,0.0,0.8807,0.7484,0.003619,0.003421,0.004853,1.193919,2.998384,0.0
1329070080,45695.2,-0.002287,0.078723,0.000431,-0.419922,0.0,0.8814,0.751,0.004479,0.004242,0.004953,1.222062,2.799266,0.0
1329856512,45706.1,-0.001121,0.083528,0.000445,-0.416016,0.0,0.882,0.7527,0.005202,0.004052,0.003975,1.303628,2.69811,0.0
1330642944,45716.8,-0.005667,0.061931,0.000426,-0.417969,0.0,0.8825,0.7541,0.00281,0.002646,0.003373,1.400212,2.902957,0.0
1331429376,45679.1,-0.004413,0.097377,0.000447,-0.451172,0.0,0.8825,0.7554,0.003952,0.004301,0.005179,1.168463,3.065462,0.0
1332215808,45690.7,0.000193,0.099534,0.00045,-0.439453,0.0,0.8828,0.7574,0.004097,0.004531,0.005372,1.176813,2.961977,0.0
1333002240,45701.7,0.004784,0.083933,0.000448,-0.412109,0.0,0.883,0.7598,0.003133,0.003933,0.004502,1.236979,2.86779,0.0
1333788672,45663.6,-0.010558,0.106479,0.000473,-0.421875,0.0,0.8831,0.761,0.006694,0.003539,0.005439,1.226364,2.558834,0.0
1334575104,45674.7,-0.001156,0.092545,0.000473,-0.4375,0.0,0.8829,0.7605,0.006432,0.004102,0.004993,1.380296,2.571413,0.0
1335361536,45685.4,-0.007283,0.089601,0.00048,-0.4375,0.0,0.8828,0.7605,0.005622,0.004001,0.004216,1.022505,2.729784,0.0
1336147968,45696.2,-0.003453,0.088163,0.000473,-0.425781,0.0,0.8827,0.7599,0.005269,0.004311,0.004596,1.013866,2.675835,0.0
1336934400,45664.1,-0.002809,0.091348,0.000473,-0.441406,0.0,0.8833,0.7606,0.004558,0.004278,0.004709,1.007209,2.546663,0.0
1337720832,45675.7,-0.006125,0.084158,0.00046,-0.423828,0.0,0.8841,0.7615,0.004511,0.004345,0.004269,1.175885,2.580755,0.0
1338507264,45687.0,0.003702,0.093478,0.000451,-0.435547,0.0,0.8847,0.7624,0.003526,0.00352,0.003565,1.25594,2.539564,0.0
1339293696,45654.9,0.001766,0.088794,0.000468,-0.455078,0.0,0.8849,0.7632,0.004764,0.004315,0.00496,1.049919,2.876203,0.0
1340080128,45665.9,-0.00281,0.118528,0.000457,-0.486328,0.0,0.8851,0.7638,0.003912,0.004556,0.004908,1.135509,2.826637,0.0
1340866560,45676.2,-0.005789,0.108919,0.000462,-0.476562,0.0,0.8854,0.7644,0.003877,0.005052,0.004516,1.178378,2.71204,0.0
1341652992,45686.9,-0.004528,0.107477,0.000459,-0.466797,0.0,0.8857,0.7646,0.003353,0.003976,0.00424,1.261126,2.678787,0.0
1342439424,45656.1,-0.001613,0.103735,0.000466,-0.466797,0.0,0.8863,0.7668,0.004103,0.003993,0.004818,1.461264,2.474207,0.0
1343225856,45667.1,-0.001236,0.077436,0.000451,-0.455078,0.0,0.8868,0.7694,0.004059,0.004456,0.004306,1.192153,2.937487,0.0
1344012288,45677.3,0.001941,0.099008,0.000461,-0.458984,0.0,0.8876,0.7723,0.003575,0.004084,0.003939,1.164006,2.96746,0.0
1344798720,45641.4,0.000341,0.09188,0.000453,-0.480469,0.0,0.8884,0.7751,0.003947,0.00424,0.003761,1.212568,2.95084,0.0
1345585152,45651.9,-0.002256,0.091335,0.000439,-0.457031,0.0,0.8897,0.7776,0.002705,0.00349,0.003634,1.272844,2.798615,0.0
1346371584,45662.5,-0.003899,0.082164,0.000431,-0.455078,0.0,0.8911,0.7805,0.004548,0.003878,0.004355,1.331035,2.641563,0.0
1347158016,45673.1,-0.003231,0.085361,0.000449,-0.441406,0.0,0.8922,0.7831,0.003843,0.003275,0.004572,1.326517,2.443125,0.0
1347944448,45645.9,0.001428,0.107467,0.000443,-0.457031,0.0,0.8928,0.7842,0.004407,0.003383,0.004663,1.138893,2.922614,0.0
1348730880,45656.4,0.00118,0.108514,0.000432,-0.453125,0.0,0.8928,0.7839,0.004642,0.004299,0.005045,1.160857,2.835068,0.0
1349517312,45667.1,0.001794,0.085516,0.000433,-0.449219,0.0,0.8924,0.7836,0.003729,0.003926,0.004538,1.220944,2.813595,0.0
1350303744,45635.9,0.000217,0.078865,0.000434,-0.447266,0.0,0.892,0.7832,0.002912,0.003446,0.004631,1.371366,2.650622,0.0
1351090176,45647.2,-0.00102,0.095848,0.000402,-0.4375,0.0,0.8917,0.783,0.006667,0.004415,0.005227,1.428704,2.59915,0.0
1351876608,45657.7,-1e-05,0.098073,0.000425,-0.46875,0.0,0.8915,0.783,0.004575,0.00414,0.005101,1.115083,2.974816,0.0
1352663040,45668.0,-0.007355,0.087399,0.000429,-0.466797,0.0,0.8911,0.7821,0.004508,0.003763,0.004532,1.217373,3.047263,0.0
1353449472,45636.0,-0.002015,0.113665,0.000462,-0.486328,0.0,0.8905,0.7816,0.00405,0.004573,0.005107,1.325407,2.854245,0.0
1354235904,45645.4,0.002098,0.09259,0.000468,-0.449219,0.0,0.8895,0.7822,0.003666,0.003935,0.006232,1.344186,2.753673,0.0
1355022336,45656.2,0.00051,0.080668,0.000462,-0.429688,0.0,0.8884,0.7827,0.003572,0.004268,0.004767,1.406894,2.790201,0.0
1355808768,45667.0,-3.7e-05,0.087795,0.00045,-0.417969,0.0,0.8873,0.7837,0.003172,0.003362,0.003509,1.431994,2.599066,0.0
1356595200,45636.8,0.002565,0.108834,0.000477,-0.441406,0.0,0.8868,0.7822,0.004777,0.00571,0.006014,1.133333,3.091042,0.0
1357381632,45648.1,-0.008672,0.093846,0.000457,-0.439453,0.0,0.8862,0.7797,0.003609,0.004871,0.00505,1.220249,3.021318,0.0
1358168064,45659.5,-6.8e-05,0.111836,0.000453,-0.458984,0.0,0.8859,0.7779,0.004201,0.004522,0.005132,1.288702,3.047083,0.0
1358954496,45634.3,-0.006509,0.083201,0.000454,-0.447266,0.0,0.8858,0.7768,0.003683,0.004898,0.005083,1.398157,2.681137,0.0
1359740928,45645.0,-0.006747,0.063847,0.000407,-0.416016,0.0,0.8853,0.7764,0.004269,0.003926,0.004036,1.431355,2.53715,0.0
1360527360,45655.0,-0.001758,0.086925,0.00044,-0.445312,0.0,0.8853,0.7759,0.005921,0.003691,0.004474,1.12125,3.022388,0.0
1361313792,45665.8,-0.000827,0.071828,0.000429,-0.433594,0.0,0.8851,0.7747,0.004087,0.00338,0.0036,1.101838,3.01646,0.0
1362100224,45635.4,0.002352,0.089236,0.000453,-0.458984,0.0,0.8854,0.7759,0.003934,0.003996,0.004261,1.207569,2.863217,0.0
1362886656,45645.9,-0.007587,0.084802,0.000431,-0.470703,0.0,0.886,0.7768,0.00417,0.003882,0.004991,1.377909,2.877925,0.0
1363673088,45656.6,-0.004876,0.077071,0.000423,-0.466797,0.0,0.8867,0.778,0.00358,0.003769,0.004241,1.499539,2.784317,0.0
1364459520,45627.1,-0.000286,0.10092,0.000431,-0.470703,0.0,0.8871,0.7788,0.003768,0.002941,0.004516,1.189905,2.946239,0.0
1365245952,45637.4,-0.003971,0.087683,0.000448,-0.503906,0.0,0.8874,0.7794,0.005776,0.005108,0.00522,1.230307,2.847478,0.0
1366032384,45647.2,-0.00394,0.06844,0.000444,-0.5,0.0,0.888,0.7807,0.003662,0.003753,0.004913,1.231119,2.783844,0.0
1366818816,45658.0,-0.007304,0.059802,0.000435,-0.494141,0.0,0.8885,0.7811,0.003893,0.003973,0.004338,1.367587,2.823898,0.0
1367605248,45632.8,0.000207,0.083167,0.000476,-0.484375,0.0,0.8889,0.782,0.005829,0.003713,0.00527,1.512099,2.651686,0.0
1368391680,45643.6,-0.006572,0.068836,0.000427,-0.460938,0.0,0.8892,0.784,0.003854,0.003171,0.004109,1.255974,2.963525,0.0
1369178112,45654.5,0.002817,0.066337,0.00043,-0.458984,0.0,0.8893,0.785,0.00303,0.003194,0.003625,1.169148,2.949784,0.0
1369964544,45629.7,-0.002903,0.083743,0.000446,-0.46875,0.0,0.8897,0.7867,0.004523,0.003288,0.004913,1.155469,2.901954,0.0
1370750976,45640.8,0.00097,0.109165,0.000436,-0.464844,0.0,0.89,0.7858,0.004736,0.003091,0.005125,1.235808,2.76801,0.0
1371537408,45651.9,-0.005359,0.092448,0.000439,-0.460938,0.0,0.8906,0.7853,0.003658,0.003679,0.005195,1.319012,2.58445,0.0
1372323840,45662.8,-0.00508,0.083584,0.000439,-0.488281,0.0,0.8914,0.785,0.003574,0.004781,0.004421,1.370433,2.497797,0.0
1373110272,45619.4,-0.007353,0.130451,0.000452,-0.482422,0.0,0.8918,0.7847,0.006057,0.003826,0.00613,1.12429,2.785134,0.0
1373896704,45630.3,0.001325,0.099047,0.000439,-0.462891,0.0,0.8918,0.7838,0.004716,0.003525,0.004997,1.179577,2.755263,0.0
1374683136,45641.3,-0.00278,0.085295,0.00045,-0.455078,0.0,0.8918,0.7828,0.004659,0.003631,0.004584,1.177258,2.744329,0.0
1375469568,45616.3,-0.000679,0.113732,0.000456,-0.453125,0.0,0.8918,0.7821,0.003372,0.003712,0.004855,1.377583,2.617181,0.0
1376256000,45627.1,-0.004705,0.092347,0.000447,-0.455078,0.0,0.8923,0.7834,0.003818,0.003877,0.005334,1.428795,2.58883,0.0
1377042432,45636.6,-0.007439,0.120432,0.000442,-0.472656,0.0,0.8927,0.7838,0.003922,0.003804,0.005399,1.17471,2.80649,0.0
1377828864,45647.3,0.000522,0.083066,0.000461,-0.472656,0.0,0.8935,0.7851,0.004363,0.004318,0.005493,1.15148,2.740937,0.0
1378615296,45617.0,0.002322,0.088036,0.000445,-0.458984,0.0,0.8938,0.7857,0.005768,0.003436,0.004689,1.12004,2.595264,0.0
1379401728,45627.0,-0.003199,0.08891,0.000414,-0.441406,0.0,0.8944,0.787,0.00727,0.004128,0.004791,1.193771,2.650658,0.0
1380188160,45637.3,-0.004584,0.082563,0.000432,-0.429688,0.0,0.895,0.7883,0.003894,0.004032,0.004311,1.170657,2.543979,0.0
1380974592,45647.8,-0.00274,0.058582,0.000402,-0.431641,0.0,0.8959,0.7908,0.006062,0.003074,0.004054,1.284088,2.576203,0.0
1381761024,45614.6,-0.006444,0.118918,0.000448,-0.449219,0.0,0.8966,0.7914,0.006073,0.00507,0.006917,1.086823,2.78601,0.0
1382547456,45625.1,-0.001921,0.101927,0.000434,-0.476562,0.0,0.8975,0.7918,0.005439,0.004381,0.006192,1.092583,2.779863,0.0
1383333888,45635.1,0.003412,0.100181,0.000433,-0.470703,0.0,0.8983,0.7913,0.004498,0.004172,0.005758,1.232284,2.70788,0.0
1384120320,45603.3,-0.002999,0.086582,0.000403,-0.494141,0.0,0.8992,0.7928,0.00549,0.004577,0.006075,1.356942,2.515131,0.0
1384906752,45613.9,-0.002208,0.077254,0.000392,-0.46875,0.0,0.9,0.7951,0.003557,0.003661,0.004272,1.378449,2.434512,0.0
1385693184,45623.0,0.000423,0.080504,0.000395,-0.486328,0.0,0.9007,0.7968,0.004709,0.004446,0.004347,1.188761,2.835243,0.0
1386479616,45632.4,-0.002216,0.086569,0.000401,-0.498047,0.0,0.9012,0.7989,0.004568,0.003664,0.004169,1.246566,2.920531,0.0
1387266048,45600.9,-0.004071,0.09401,0.000438,-0.478516,0.0,0.9017,0.8005,0.00352,0.003376,0.004231,1.403229,2.856329,0.0
1388052480,45610.8,0.000248,0.086436,0.000436,-0.464844,0.0,0.9019,0.802,0.003664,0.003879,0.003909,1.43493,2.806314,0.0
1388838912,45621.5,-0.009158,0.074569,0.000425,-0.480469,0.0,0.9014,0.8024,0.00337,0.004007,0.004352,1.424052,2.657436,0.0
1389625344,45600.6,0.007144,0.088565,0.000417,-0.488281,0.0,0.901,0.8027,0.005274,0.003624,0.004378,1.245552,2.802959,0.0
1390411776,45611.0,0.001683,0.084005,0.000404,-0.498047,0.0,0.9002,0.8019,0.003851,0.00425,0.005035,1.240576,2.781133,0.0
1391198208,45621.3,-0.000539,0.086147,0.000425,-0.482422,0.0,0.8996,0.8021,0.003817,0.004189,0.003964,1.273282,2.758622,0.0
1391984640,45631.5,-0.002049,0.073391,0.000436,-0.507812,0.0,0.8991,0.8017,0.003179,0.003611,0.003645,1.300708,2.745344,0.0
1392771072,45602.4,-0.007051,0.102956,0.000462,-0.478516,0.0,0.8985,0.8013,0.005065,0.004744,0.005189,1.562747,2.592044,0.0
1393557504,45612.8,0.000511,0.115985,0.000441,-0.488281,0.0,0.898,0.7997,0.003816,0.004229,0.004917,1.51429,2.657205,0.0
1394343936,45623.7,0.003304,0.102995,0.000465,-0.498047,0.0,0.8977,0.7995,0.004579,0.003986,0.004779,1.247498,2.896179,0.0
1395130368,45585.2,-0.004181,0.104784,0.000465,-0.498047,0.0,0.897,0.798,0.003699,0.00403,0.005339,1.08247,2.761217,0.0
1395916800,45595.4,-0.000382,0.078314,0.000463,-0.494141,0.0,0.8965,0.7978,0.003485,0.003806,0.005664,1.293663,2.71418,0.0
1396703232,45605.6,-0.008986,0.075437,0.000459,-0.488281,0.0,0.8964,0.798,0.003166,0.004071,0.004086,1.334536,2.550148,0.0
1397489664,45615.7,-0.006019,0.068523,0.000427,-0.494141,0.0,0.8963,0.7979,0.002908,0.003495,0.003533,1.460505,2.589903,0.0
1398276096,45585.4,-0.004677,0.090449,0.000449,-0.460938,0.0,0.8965,0.7988,0.004906,0.004911,0.004838,1.304685,2.965107,0.0
1399062528,45595.8,-0.005914,0.078426,0.000465,-0.466797,0.0,0.8967,0.8002,0.004882,0.004261,0.004191,1.192956,2.870658,0.0
1399848960,45605.8,0.001807,0.085855,0.00047,-0.457031,0.0,0.8973,0.8023,0.003753,0.004367,0.004796,1.199397,2.823159,0.0
1400635392,45581.0,0.000192,0.079436,0.00047,-0.474609,0.0,0.8976,0.8046,0.005096,0.003588,0.004772,1.294897,2.460306,0.0
1401421824,45591.9,0.006251,0.124014,0.000474,-0.435547,0.0,0.8979,0.8056,0.005215,0.004057,0.005328,1.386384,2.491663,0.0
1402208256,45602.8,-0.002472,0.098865,0.000478,-0.464844,0.0,0.8981,0.8059,0.0073,0.003507,0.004236,1.080571,2.832752,0.0
1402994688,45613.6,-0.000837,0.088708,0.000492,-0.439453,0.0,0.8982,0.8061,0.003691,0.003696,0.003995,1.153102,2.82722,0.0
1403781120,45584.2,-0.003197,0.096678,0.000483,-0.441406,0.0,0.8982,0.8064,0.006502,0.004137,0.004516,1.181472,2.886998,0.0
1404567552,45594.2,-0.002359,0.094483,0.000462,-0.4375,0.0,0.898,0.8058,0.004681,0.004021,0.004861,1.167899,2.809702,0.0
1405353984,45603.9,0.003462,0.079396,0.000471,-0.423828,0.0,0.898,0.8057,0.003357,0.003831,0.004427,1.250577,2.798113,0.0
1406140416,45614.0,0.011542,0.078687,0.000446,-0.40625,0.0,0.8983,0.806,0.003179,0.003245,0.003714,1.432124,2.737361,0.0
1406926848,45578.3,-0.003765,0.1194,0.000492,-0.460938,0.0,0.8988,0.8061,0.005004,0.004829,0.005171,1.14683,2.969292,0.0
1407713280,45587.6,-0.007235,0.099239,0.000476,-0.464844,0.0,0.8994,0.8064,0.004615,0.004846,0.005422,1.257762,3.009211,0.0
1408499712,45598.0,0.007655,0.108318,0.000464,-0.478516,0.0,0.9001,0.8068,0.005694,0.003835,0.005076,1.330406,3.040026,0.0
1409286144,45563.2,-0.006024,0.088575,0.000496,-0.478516,0.0,0.9003,0.807,0.006846,0.002934,0.004678,1.464722,2.745255,0.0
1410072576,45573.6,-0.001911,0.087541,0.000478,-0.466797,0.0,0.8999,0.8073,0.007052,0.003637,0.004994,1.547049,2.683429,0.0
1410859008,45584.0,-0.002166,0.082978,0.000487,-0.457031,0.0,0.8997,0.8072,0.005136,0.003984,0.004988,1.257496,2.922467,0.0
1411645440,45594.1,-0.006162,0.069995,0.000488,-0.462891,0.0,0.8998,0.8083,0.004383,0.003213,0.004089,1.233133,3.016425,0.0
1412431872,45547.2,-0.001398,0.09283,0.00047,-0.443359,0.0,0.8995,0.8078,0.005207,0.005812,0.005885,1.240442,2.876591,0.0
1413218304,45558.0,0.000941,0.103011,0.000475,-0.4375,0.0,0.8991,0.807,0.005532,0.004923,0.005957,1.279481,2.806831,0.0
1414004736,45568.6,0.001407,0.096971,0.000434,-0.429688,0.0,0.8987,0.8066,0.003213,0.004584,0.004185,1.307805,2.691194,0.0
1414791168,45541.3,-0.003629,0.097549,0.000439,-0.466797,0.0,0.8984,0.8063,0.003355,0.004144,0.004606,1.177242,2.90158,0.0
1415577600,45551.3,-0.010583,0.085633,0.000435,-0.464844,0.0,0.8986,0.8063,0.003222,0.004568,0.004854,1.17117,2.980316,0.0
1416364032,45561.8,-0.002141,0.089656,0.000449,-0.460938,0.0,0.8987,0.8057,0.004121,0.004546,0.005879,1.314462,2.985043,0.0
1417150464,45572.1,0.005594,0.090403,0.000444,-0.478516,0.0,0.8994,0.806,0.003233,0.003862,0.004672,1.280801,2.848265,0.0
1417936896,45532.2,-0.001059,0.093923,0.000445,-0.494141,0.0,0.8998,0.8055,0.003732,0.004003,0.004956,1.464164,2.614563,0.0
1418723328,45542.5,0.000773,0.094427,0.000407,-0.476562,0.0,0.8999,0.8051,0.005358,0.004105,0.004735,1.567066,2.591775,0.0
1419509760,45552.7,0.000905,0.08198,0.000417,-0.476562,0.0,0.8997,0.8049,0.004793,0.003275,0.004257,1.27283,3.043743,0.0
1420296192,45525.8,0.001573,0.10542,0.00044,-0.503906,0.0,0.8997,0.8045,0.003344,0.003598,0.004973,1.265726,3.024918,0.0
1421082624,45535.9,-0.005254,0.105414,0.000456,-0.466797,0.0,0.8994,0.804,0.004197,0.004245,0.00594,1.377935,2.919111,0.0
1421869056,45546.1,-0.00468,0.073111,0.000441,-0.453125,0.0,0.8986,0.8032,0.002973,0.003572,0.00485,1.270512,2.596569,0.0
1422655488,45556.2,0.001823,0.091223,0.00044,-0.439453,0.0,0.8973,0.8011,0.004728,0.003826,0.004455,1.281144,2.496413,0.0
1423441920,45531.4,-0.00609,0.083159,0.000445,-0.447266,0.0,0.8969,0.8006,0.003919,0.004063,0.005808,1.088512,2.879433,0.0
1424228352,45541.3,-0.004998,0.0842,0.000437,-0.447266,0.0,0.8958,0.7983,0.004159,0.004723,0.006116,1.106102,2.77634,0.0
1425014784,45551.8,-0.003423,0.077373,0.000417,-0.46875,0.0,0.8948,0.796,0.003593,0.003671,0.004276,1.172257,2.659906,0.0
1425801216,45511.7,0.000472,0.070982,0.000427,-0.480469,0.0,0.8941,0.7941,0.003058,0.003257,0.003765,1.208672,2.488163,0.0
1426587648,45521.8,-0.001319,0.08455,0.000377,-0.453125,0.0,0.8937,0.7934,0.004224,0.004973,0.004873,1.393727,2.55206,0.0
1427374080,45531.8,-0.010961,0.080052,0.000388,-0.464844,0.0,0.8931,0.7922,0.003126,0.003675,0.004318,1.14957,2.777211,0.0
1428160512,45541.9,0.004296,0.079957,0.000392,-0.466797,0.0,0.8929,0.792,0.003777,0.003776,0.003821,1.112626,2.871597,0.0
1428946944,45511.2,-0.005259,0.102491,0.000425,-0.496094,0.0,0.8922,0.7909,0.003783,0.003267,0.004006,1.215042,2.768141,0.0
1429733376,45521.0,-0.007675,0.082362,0.000407,-0.498047,0.0,0.8909,0.7902,0.003825,0.004363,0.005733,1.320084,2.669251,0.0
1430519808,45530.4,-0.002357,0.087119,0.000414,-0.486328,0.0,0.8899,0.789,0.00331,0.004764,0.005735,1.375231,2.606612,0.0
1431306240,45498.5,-0.004992,0.105548,0.000419,-0.478516,0.0,0.8892,0.7875,0.0048,0.003941,0.005839,1.468076,2.686532,0.0
1432092672,45509.3,-0.00933,0.11307,0.00043,-0.472656,0.0,0.8895,0.7876,0.005506,0.004158,0.004967,1.403485,3.188024,0.0
1432879104,45519.4,-0.005818,0.094595,0.000416,-0.447266,0.0,0.8902,0.7889,0.003681,0.003707,0.004604,1.313905,3.124104,0.0
1433665536,45529.7,0.001393,0.084634,0.000414,-0.445312,0.0,0.8912,0.7903,0.003244,0.003063,0.003474,1.289694,3.118848,0.0
1434451968,45498.4,-0.004352,0.107419,0.00046,-0.476562,0.0,0.8914,0.7906,0.006483,0.003522,0.004708,1.413168,2.889811,0.0
1435238400,45507.0,0.005334,0.102643,0.000458,-0.458984,0.0,0.8913,0.7908,0.00592,0.003754,0.005472,1.467367,2.719678,0.0
1436024832,45516.1,-0.001054,0.074933,0.000465,-0.476562,0.0,0.8912,0.7911,0.005627,0.003203,0.003937,1.294394,2.970916,0.0
1436811264,45526.9,-0.004312,0.063928,0.000468,-0.470703,0.0,0.891,0.7917,0.004717,0.003114,0.003489,1.326769,2.984565,0.0
1437597696,45501.0,0.003526,0.121211,0.000482,-0.462891,0.0,0.8918,0.792,0.006283,0.004582,0.006686,1.311808,3.048911,0.0
1438384128,45511.2,-0.007788,0.099711,0.000487,-0.447266,0.0,0.893,0.7932,0.004034,0.0037,0.005012,1.378245,3.027689,0.0
1439170560,45520.9,9.1e-05,0.102099,0.000466,-0.480469,0.0,0.8943,0.7948,0.003482,0.00391,0.004598,1.461997,2.957654,0.0
1439956992,45488.6,-0.003325,0.114963,0.000444,-0.480469,0.0,0.8945,0.7937,0.003884,0.004197,0.004657,1.150432,2.961583,0.0
1440743424,45498.6,0.001314,0.08523,0.000439,-0.464844,0.0,0.8951,0.7949,0.002731,0.00386,0.003468,1.210897,2.973472,0.0
1441529856,45508.4,-0.004378,0.064867,0.000441,-0.46875,0.0,0.8956,0.7959,0.003283,0.003623,0.003632,1.247199,2.896146,0.0
1442316288,45518.4,0.003839,0.083635,0.000454,-0.460938,0.0,0.8958,0.796,0.00371,0.003106,0.003394,1.306251,2.871834,0.0
1443102720,45493.8,-0.005318,0.098117,0.000455,-0.445312,0.0,0.8957,0.7952,0.004724,0.004124,0.004869,1.492209,2.7806,0.0
1443889152,45504.3,0.00189,0.070507,0.000436,-0.429688,0.0,0.896,0.7958,0.005163,0.002858,0.003857,1.374351,2.623493,0.0
1444675584,45514.6,0.002564,0.082179,0.000447,-0.427734,0.0,0.8963,0.7963,0.004091,0.003058,0.003886,1.152691,3.03406,0.0
1445462016,45485.7,-0.003671,0.084954,0.000463,-0.435547,0.0,0.8969,0.7972,0.004572,0.003207,0.004253,1.141284,3.196699,0.0
1446248448,45495.9,0.00348,0.079849,0.000435,-0.429688,0.0,0.8978,0.7994,0.003142,0.003951,0.004626,1.271755,3.060632,0.0
1447034880,45506.1,-0.002307,0.071365,0.000427,-0.439453,0.0,0.8987,0.8007,0.003654,0.00378,0.004178,1.302522,2.929223,0.0
1447821312,45516.1,-0.004956,0.069868,0.000417,-0.439453,0.0,0.8995,0.8023,0.002496,0.003115,0.003208,1.406808,2.929586,0.0
1448607744,45483.6,-0.005195,0.103866,0.000408,-0.447266,0.0,0.9001,0.8034,0.003632,0.00363,0.00393,1.157293,3.016824,0.0
1449394176,45493.8,0.002161,0.118361,0.000406,-0.478516,0.0,0.9013,0.8053,0.004145,0.004345,0.004483,1.148492,2.965538,0.0
1450180608,45503.8,-0.003594,0.111423,0.000418,-0.472656,0.0,0.903,0.8074,0.003438,0.003593,0.003723,1.277869,2.875295,0.0
1450967040,45474.0,0.008226,0.100119,0.000443,-0.482422,0.0,0.9047,0.8096,0.003797,0.003497,0.004456,1.375471,2.699754,0.0
1451753472,45484.3,-0.005913,0.089162,0.000444,-0.447266,0.0,0.9067,0.8129,0.003527,0.003855,0.004913,1.479976,2.606786,0.0
1452539904,45494.5,0.001566,0.091093,0.000437,-0.457031,0.0,0.9084,0.816,0.00274,0.003707,0.004584,1.48391,2.646011,0.0
1453326336,45503.9,-0.004695,0.074987,0.00044,-0.458984,0.0,0.9092,0.8174,0.002998,0.003438,0.004238,1.200039,2.887182,0.0
1454112768,45474.1,-0.00596,0.106938,0.000435,-0.480469,0.0,0.9097,0.8186,0.004442,0.004142,0.00456,1.168469,2.836435,0.0
1454899200,45484.3,-0.001683,0.106582,0.000429,-0.451172,0.0,0.9094,0.8174,0.004471,0.004599,0.005341,1.258412,2.681883,0.0
1455685632,45493.4,-0.00545,0.091313,0.000427,-0.457031,0.0,0.9089,0.8154,0.00396,0.00417,0.005168,1.253082,2.492324,0.0
1456472064,45466.0,-0.002593,0.099498,0.000424,-0.449219,0.0,0.9086,0.8146,0.002867,0.003176,0.004033,1.732848,2.764067,0.0
1457258496,45475.4,-0.00072,0.097532,0.00041,-0.484375,0.0,0.9092,0.8151,0.004176,0.003802,0.004858,1.208708,3.043931,0.0
1458044928,45485.1,-0.003455,0.071638,0.000419,-0.466797,0.0,0.9103,0.8167,0.003397,0.003931,0.004433,1.198507,2.998353,0.0
1458831360,45494.6,0.000928,0.078002,0.000421,-0.480469,0.0,0.9109,0.8176,0.002759,0.003262,0.004529,1.336293,2.942175,0.0
1459617792,45467.8,0.003099,0.078288,0.000435,-0.472656,0.0,0.9106,0.8181,0.003581,0.003568,0.004831,1.367834,2.614501,0.0
1460404224,45478.0,0.000308,0.077701,0.000394,-0.466797,0.0,0.9095,0.8164,0.004152,0.003418,0.00468,1.475977,2.594561,0.0
1461190656,45488.1,-0.001629,0.093635,0.000384,-0.449219,0.0,0.9088,0.8152,0.004307,0.003466,0.004084,1.159313,3.00672,0.0
1461977088,45498.1,0.004437,0.092583,0.000389,-0.451172,0.0,0.9076,0.8128,0.002996,0.003902,0.004081,1.143433,2.899452,0.0
1462763520,45463.1,-0.004715,0.104651,0.000407,-0.470703,0.0,0.9071,0.8123,0.005106,0.004876,0.005066,1.221658,2.866026,0.0
1463549952,45473.2,0.002639,0.081095,0.000399,-0.482422,0.0,0.9062,0.8112,0.004925,0.004238,0.004206,1.266729,2.810518,0.0
1464336384,45482.2,-0.001615,0.077378,0.000405,-0.480469,0.0,0.9051,0.8092,0.004508,0.00353,0.004406,1.390424,2.740716,0.0
1465122816,45455.1,-0.005219,0.079357,0.000422,-0.492188,0.0,0.9041,0.8087,0.00445,0.003641,0.004317,1.24102,3.075139,0.0
1465909248,45465.4,-0.008255,0.085186,0.00043,-0.486328,0.0,0.9029,0.808,0.005869,0.004063,0.004861,1.18981,3.065386,0.0
1466695680,45475.5,0.001092,0.088577,0.000438,-0.484375,0.0,0.9023,0.8077,0.004107,0.004081,0.003595,1.288413,3.056348,0.0
1467482112,45485.6,-0.000726,0.064789,0.000447,-0.484375,0.0,0.9018,0.8078,0.004684,0.003825,0.004543,1.333655,2.95792,0.0
1468268544,45462.7,0.001658,0.081961,0.000439,-0.478516,0.0,0.9015,0.8084,0.004798,0.004722,0.004567,1.532407,2.724629,0.0
1469054976,45472.6,-0.004712,0.063792,0.000424,-0.494141,0.0,0.9009,0.8076,0.003988,0.003592,0.004906,1.541238,2.581419,0.0
1469841408,45482.6,-0.000462,0.076872,0.000429,-0.480469,0.0,0.9008,0.8073,0.003846,0.003877,0.003608,1.179312,2.913632,0.0
1470627840,45450.4,-0.001241,0.078672,0.000436,-0.494141,0.0,0.9005,0.807,0.00292,0.00333,0.004198,1.261054,2.918298,0.0
1471414272,45459.9,-0.00213,0.071551,0.000427,-0.466797,0.0,0.9001,0.8072,0.003033,0.00301,0.003552,1.364108,2.785066,0.0
1472200704,45469.8,-0.003002,0.074448,0.000438,-0.470703,0.0,0.8998,0.8069,0.002985,0.003426,0.003737,1.395528,2.7841,0.0
1472987136,45479.8,-0.003393,0.077874,0.000423,-0.472656,0.0,0.8992,0.8062,0.003098,0.003932,0.003631,1.506867,2.792601,0.0
1473773568,45457.0,-0.000629,0.101732,0.00043,-0.472656,0.0,0.8988,0.8056,0.003314,0.00368,0.004313,1.279138,3.162565,0.0
1474560000,45467.0,-0.003812,0.086667,0.000438,-0.470703,0.0,0.8983,0.8037,0.004774,0.003922,0.004662,1.357454,3.128344,0.0
1475346432,45477.0,-0.002979,0.084078,0.000433,-0.46875,0.0,0.8979,0.8017,0.005506,0.003455,0.004479,1.367548,3.042277,0.0
1476132864,45452.3,-0.005974,0.101856,0.000456,-0.494141,0.0,0.8976,0.7997,0.003839,0.003677,0.00437,1.359603,2.846198,0.0
1476919296,45462.1,-0.004018,0.083131,0.00042,-0.486328,0.0,0.897,0.7999,0.004723,0.003341,0.003981,1.51058,2.784624,0.0
1477705728,45472.0,-0.011949,0.05855,0.000418,-0.484375,0.0,0.8964,0.8,0.002747,0.002545,0.002589,1.543489,2.619541,0.0
1478492160,45481.8,-0.002168,0.068737,0.000433,-0.478516,0.0,0.8961,0.8004,0.004847,0.003229,0.003967,1.240085,2.968184,0.0
1479278592,45453.1,0.002972,0.076583,0.000437,-0.480469,0.0,0.8959,0.8014,0.002724,0.003016,0.00364,1.235426,2.978468,0.0
1480065024,45462.3,-0.004576,0.055568,0.00042,-0.457031,0.0,0.8959,0.8024,0.003563,0.003184,0.003378,1.344093,2.950188,0.0
1480851456,45472.1,-6.7e-05,0.078061,0.000418,-0.457031,0.0,0.896,0.8036,0.004531,0.002706,0.003879,1.344575,2.821916,0.0
1481637888,45446.4,-0.001909,0.067601,0.000405,-0.458984,0.0,0.8961,0.8043,0.002939,0.003299,0.003956,1.695318,2.475665,0.0
1482424320,45456.8,-0.005173,0.10168,0.000413,-0.474609,0.0,0.8962,0.805,0.003849,0.006397,0.006195,1.169182,2.907406,0.0
1483210752,45466.7,3.6e-05,0.088547,0.000426,-0.458984,0.0,0.8964,0.8061,0.003266,0.004824,0.005028,1.192823,2.917921,0.0
1483997184,45476.3,0.000178,0.073959,0.000429,-0.476562,0.0,0.8965,0.8075,0.003507,0.0036,0.00377,1.275873,2.998538,0.0
1484783616,45450.7,-0.003641,0.0797,0.00042,-0.460938,0.0,0.8962,0.8078,0.004256,0.004679,0.004911,1.357908,2.817245,0.0
1485570048,45459.9,-0.003965,0.082465,0.000413,-0.460938,0.0,0.8957,0.8071,0.003765,0.004245,0.004855,1.451121,2.766816,0.0
1486356480,45469.6,0.00053,0.098491,0.000416,-0.460938,0.0,0.8954,0.8065,0.00399,0.004481,0.004669,1.228347,3.011236,0.0
1487142912,45479.4,0.002819,0.09745,0.000412,-0.455078,0.0,0.895,0.8057,0.005352,0.00417,0.004881,1.146928,3.030674,0.0
1487929344,45457.8,0.001792,0.101374,0.000457,-0.447266,0.0,0.8952,0.8056,0.005423,0.004932,0.005912,1.261163,3.064762,0.0
1488715776,45467.7,-0.002618,0.071657,0.00045,-0.443359,0.0,0.8957,0.806,0.004319,0.003584,0.005058,1.274176,2.963378,0.0
1489502208,45477.6,0.003541,0.072075,0.000451,-0.429688,0.0,0.8961,0.8064,0.004368,0.003071,0.004235,1.339136,2.855668,0.0
1490288640,45454.6,-0.004696,0.083327,0.000447,-0.447266,0.0,0.8967,0.8069,0.003521,0.004337,0.005412,1.122074,2.821155,0.0
1491075072,45464.7,-0.00701,0.102493,0.000446,-0.447266,0.0,0.8971,0.8071,0.003458,0.004159,0.005137,1.254131,2.905338,0.0
1491861504,45470.1,-0.003897,0.099283,0.000457,-0.451172,0.0,0.8985,0.8077,0.002688,0.003854,0.004772,1.213041,2.840464,0.0
1492647936,45480.1,0.007169,0.10122,0.000454,-0.470703,0.0,0.8998,0.8085,0.003251,0.004476,0.004675,1.216809,2.724223,0.0
1493434368,45452.8,0.001778,0.092808,0.000462,-0.476562,0.0,0.901,0.8096,0.003193,0.004408,0.005683,1.333695,2.674532,0.0
1494220800,45461.7,-0.002014,0.083393,0.000423,-0.480469,0.0,0.902,0.8113,0.004252,0.003621,0.004051,1.441294,2.58988,0.0
1495007232,45471.5,-0.007554,0.080023,0.000425,-0.470703,0.0,0.9023,0.8118,0.003835,0.003082,0.003231,1.181626,2.727331,0.0
1495793664,45433.4,0.002237,0.094869,0.000447,-0.462891,0.0,0.9024,0.812,0.006278,0.004284,0.004448,1.1339,2.878823,0.0
1496580096,45443.3,-0.002131,0.113756,0.000451,-0.445312,0.0,0.9028,0.8112,0.007206,0.004484,0.004595,1.154547,2.736832,0.0
1497366528,45453.1,-0.002355,0.087517,0.000454,-0.449219,0.0,0.9033,0.8115,0.004829,0.004146,0.005521,1.212046,2.728038,0.0
1498152960,45462.9,-0.000842,0.097203,0.000432,-0.480469,0.0,0.9035,0.8109,0.004877,0.003701,0.004594,1.345682,2.65706,0.0
1498939392,45437.6,0.001492,0.110789,0.000447,-0.486328,0.0,0.9036,0.8104,0.00471,0.004146,0.004868,1.202916,2.908173,0.0
1499725824,45447.4,0.002496,0.111725,0.000454,-0.449219,0.0,0.904,0.8101,0.003975,0.003984,0.004046,1.333433,3.056933,0.0
1500512256,45457.4,0.001472,0.097595,0.00047,-0.441406,0.0,0.9043,0.8101,0.00242,0.002674,0.003464,1.282489,3.018519,0.0
1501298688,44540.8,-0.002407,0.085367,0.000462,-0.445312,0.0,0.9054,0.8115,0.002914,0.002867,0.003835,1.233841,2.868189,0.0
1502085120,44550.1,-0.000778,0.10387,0.000408,-0.443359,0.0,0.9058,0.8125,0.003959,0.003899,0.003988,1.364584,2.79584,0.0
1502871552,44559.8,0.000381,0.100818,0.000417,-0.441406,0.0,0.9062,0.8133,0.003748,0.003361,0.003923,1.388135,2.691295,0.0
1503657984,44569.7,0.00043,0.102024,0.000399,-0.447266,0.0,0.9063,0.8137,0.003523,0.003789,0.003257,1.206039,3.032704,0.0
1504444416,44526.0,-0.007807,0.07874,0.000412,-0.458984,0.0,0.9066,0.815,0.00317,0.003184,0.003354,1.250442,3.106224,0.0
1505230848,44535.5,0.0047,0.086859,0.000423,-0.449219,0.0,0.9076,0.8163,0.004019,0.003578,0.003931,1.340636,3.082467,0.0
1506017280,44545.5,0.004219,0.062354,0.000424,-0.445312,0.0,0.9087,0.8178,0.003381,0.003111,0.003929,1.294246,2.896503,0.0
1506803712,44499.4,0.004664,0.071033,0.000432,-0.433594,0.0,0.9096,0.8187,0.003211,0.00242,0.00328,1.732193,2.783147,0.0
1507590144,44509.4,0.001374,0.087251,0.000451,-0.431641,0.0,0.9098,0.8182,0.004651,0.00448,0.004332,1.219732,3.060146,0.0
1508376576,44519.3,-0.000198,0.07147,0.000442,-0.431641,0.0,0.91,0.8177,0.004229,0.004714,0.004403,1.252029,3.036176,0.0
1509163008,44529.3,-0.000996,0.081712,0.000435,-0.458984,0.0,0.9106,0.8185,0.004455,0.003938,0.004446,1.299017,3.048329,0.0
1509949440,44503.4,-0.003599,0.090762,0.000455,-0.449219,0.0,0.911,0.8184,0.003816,0.003721,0.004444,1.276558,2.817117,0.0
1510735872,44513.6,0.000107,0.089169,0.000438,-0.443359,0.0,0.9116,0.819,0.004824,0.004272,0.004607,1.36209,2.773072,0.0
1511522304,44523.5,-0.004136,0.074227,0.000425,-0.445312,0.0,0.9125,0.8203,0.003848,0.003491,0.003415,1.458667,2.791247,0.0
1512308736,44533.6,-0.004811,0.071892,0.000435,-0.443359,0.0,0.9129,0.8206,0.002755,0.003187,0.003353,1.231404,2.950367,0.0
1513095168,44489.5,0.003402,0.098541,0.000447,-0.470703,0.0,0.9136,0.8205,0.004438,0.005544,0.006862,1.212224,3.01905,0.0
1513881600,44498.9,-0.002443,0.076779,0.00044,-0.458984,0.0,0.9142,0.8201,0.002934,0.003152,0.004533,1.314778,2.962632,0.0
1514668032,44507.4,-0.002956,0.085537,0.000437,-0.464844,0.0,0.915,0.8208,0.003995,0.003311,0.004717,1.338313,2.864258,0.0
1515454464,44479.5,-0.00357,0.088461,0.00044,-0.457031,0.0,0.9155,0.8216,0.003655,0.00315,0.005188,1.404225,2.622219,0.0
1516240896,44489.5,-0.002476,0.058225,0.000402,-0.451172,0.0,0.9158,0.8226,0.003508,0.002474,0.004505,1.218047,3.048055,0.0
1517027328,44499.6,-0.005719,0.046226,0.000409,-0.435547,0.0,0.9162,0.8237,0.003864,0.002231,0.003611,1.272454,3.142522,0.0
1517813760,44509.4,0.001482,0.053823,0.000425,-0.435547,0.0,0.9167,0.8247,0.002657,0.002538,0.003185,1.254261,3.06469,0.0
1518600192,44474.7,-0.004663,0.072924,0.00044,-0.457031,0.0,0.9173,0.8269,0.002607,0.00339,0.005075,1.408931,3.069108,0.0
1519386624,44484.7,0.000715,0.04892,0.000423,-0.433594,0.0,0.9177,0.8297,0.002233,0.002399,0.003421,1.43448,2.958059,0.0
1520173056,44494.3,-0.005922,0.044438,0.000431,-0.427734,0.0,0.9184,0.8326,0.001926,0.002377,0.003136,1.334352,3.074381,0.0
1520959488,44468.0,-0.002309,0.064541,0.00043,-0.451172,0.0,0.9189,0.8352,0.002756,0.003775,0.004673,1.211906,3.177919,0.0
1521745920,44477.4,-0.00325,0.071299,0.000415,-0.439453,0.0,0.9186,0.8341,0.003787,0.005012,0.005011,1.262422,2.998544,0.0
1522532352,44487.3,0.002836,0.088353,0.000426,-0.462891,0.0,0.9184,0.8333,0.003463,0.003962,0.003812,1.25028,2.814507,0.0
1523318784,44496.8,-0.001149,0.07899,0.000417,-0.451172,0.0,0.918,0.8325,0.003711,0.004511,0.004846,1.370734,2.737547,0.0
1524105216,44473.0,0.005585,0.095779,0.000419,-0.447266,0.0,0.9175,0.8322,0.003518,0.004208,0.005101,1.135225,3.003181,0.0
1524891648,44482.8,-0.000332,0.086944,0.000417,-0.433594,0.0,0.9169,0.831,0.003596,0.004236,0.005007,1.165212,2.88908,0.0
1525678080,44492.7,-0.007162,0.085136,0.000428,-0.451172,0.0,0.9165,0.8302,0.00418,0.003133,0.003916,1.196628,2.865008,0.0
1526464512,44466.7,-0.00922,0.077644,0.000436,-0.443359,0.0,0.9167,0.8306,0.003064,0.003388,0.003999,1.259737,2.873061,0.0
1527250944,44476.6,-0.001148,0.071822,0.00042,-0.457031,0.0,0.9164,0.8308,0.004259,0.004588,0.004499,1.360299,2.789149,0.0
1528037376,44486.2,-0.001962,0.075473,0.000425,-0.447266,0.0,0.916,0.8303,0.003337,0.00465,0.004551,1.496738,2.824615,0.0
1528823808,44496.1,-0.004587,0.074205,0.000432,-0.449219,0.0,0.9152,0.8289,0.003054,0.004923,0.003946,1.273107,3.149332,0.0
1529610240,44486.4,0.005143,0.095227,0.000463,-0.458984,0.0,0.9148,0.829,0.004218,0.003682,0.004875,1.294105,3.229233,0.0
1530396672,44496.3,-0.001483,0.077105,0.000449,-0.439453,0.0,0.9145,0.8288,0.00547,0.003865,0.006355,1.262245,3.10621,0.0
1531183104,44506.1,0.001566,0.075718,0.000433,-0.417969,0.0,0.9143,0.8282,0.004251,0.00355,0.005292,1.267011,2.91302,0.0
1531969536,44490.5,0.002111,0.062356,0.000417,-0.427734,0.0,0.9142,0.8282,0.002751,0.00316,0.004123,1.492525,2.59511,0.0
1532755968,44500.1,-0.004928,0.088006,0.000408,-0.455078,0.0,0.9141,0.8279,0.00423,0.003872,0.005415,1.11024,3.051709,0.0
1533542400,44509.6,-0.000279,0.093526,0.000424,-0.464844,0.0,0.9136,0.8266,0.007615,0.003189,0.004899,1.263219,3.109535,0.0
1534328832,44518.3,0.003029,0.062757,0.000419,-0.462891,0.0,0.9135,0.8273,0.002641,0.00293,0.003419,1.292336,3.064976,0.0
1535115264,44490.0,-0.002226,0.07255,0.000436,-0.451172,0.0,0.9135,0.8286,0.002286,0.002768,0.004599,1.335014,2.913153,0.0
1535901696,44499.5,0.008898,0.092325,0.00043,-0.441406,0.0,0.9133,0.828,0.003466,0.004346,0.004075,1.403545,2.877581,0.0
1536688128,44508.6,-0.000787,0.062588,0.000439,-0.449219,0.0,0.9126,0.8268,0.00431,0.00319,0.004477,1.501055,2.739061,0.0
1537474560,44517.9,-0.004958,0.062031,0.000426,-0.457031,0.0,0.9128,0.8277,0.003474,0.003737,0.003425,1.238883,3.109688,0.0
1538260992,44492.0,0.000132,0.076341,0.000451,-0.476562,0.0,0.9131,0.8291,0.002932,0.003859,0.004395,1.28256,3.09032,0.0
1539047424,44501.8,-0.006113,0.065718,0.000446,-0.478516,0.0,0.9131,0.8294,0.003504,0.003121,0.003573,1.328662,3.00813,0.0
1539833856,44511.3,0.002874,0.068474,0.000448,-0.46875,0.0,0.9131,0.8304,0.003165,0.003448,0.003582,1.402564,2.859084,0.0
1540620288,44489.8,-0.008065,0.06364,0.000458,-0.46875,0.0,0.9129,0.8323,0.003777,0.003738,0.005765,1.615329,2.558335,0.0
1541406720,44499.8,-0.004781,0.083353,0.000449,-0.460938,0.0,0.9129,0.8335,0.004195,0.004162,0.00464,1.294494,3.134983,0.0
1542193152,44509.3,0.006044,0.071659,0.000455,-0.466797,0.0,0.9128,0.8351,0.003341,0.002943,0.004569,1.389626,3.078516,0.0
1542979584,44519.3,-0.004237,0.086994,0.00046,-0.462891,0.0,0.913,0.8365,0.004017,0.00433,0.004514,1.315799,2.917737,0.0
1543766016,44485.0,-0.002564,0.068854,0.000472,-0.447266,0.0,0.9128,0.8368,0.005173,0.00402,0.005227,1.436153,2.921545,0.0
1544552448,44494.7,-0.001489,0.062242,0.000458,-0.435547,0.0,0.9128,0.8375,0.003471,0.004047,0.004546,1.407669,2.853942,0.0
1545338880,44503.7,-0.00412,0.041658,0.000442,-0.431641,0.0,0.9125,0.838,0.003329,0.00299,0.0036,1.244662,3.174777,0.0
1546125312,44483.1,-0.007313,0.057861,0.000452,-0.46875,0.0,0.9122,0.8381,0.002935,0.003114,0.003035,1.281563,3.306551,0.0
1546911744,44492.4,-0.005978,0.075982,0.000449,-0.460938,0.0,0.9119,0.8376,0.00441,0.004304,0.004226,1.393134,3.185716,0.0
1547698176,44501.5,-0.001901,0.063548,0.000465,-0.464844,0.0,0.9119,0.8376,0.003618,0.003646,0.003713,1.397373,3.083335,0.0
1548484608,44511.2,-0.000866,0.061202,0.000467,-0.486328,0.0,0.9117,0.8381,0.002854,0.002708,0.003498,1.500167,2.966337,0.0
1549271040,44486.0,-0.003037,0.072042,0.000456,-0.447266,0.0,0.912,0.8396,0.00494,0.003615,0.003477,1.295386,3.033204,0.0
1550057472,44495.3,-0.000958,0.059682,0.000419,-0.433594,0.0,0.9125,0.8412,0.003929,0.003198,0.003692,1.278683,3.204103,0.0
1550843904,44504.1,-0.005992,0.059642,0.000424,-0.451172,0.0,0.9141,0.8453,0.002726,0.002512,0.003088,1.201347,3.18557,0.0
1551630336,44482.5,-0.001167,0.074975,0.000424,-0.46875,0.0,0.9158,0.8504,0.002411,0.003268,0.003718,1.421764,3.03086,0.0
1552416768,44492.2,-0.00202,0.095484,0.00043,-0.480469,0.0,0.9166,0.8517,0.004432,0.004053,0.004789,1.540951,2.919497,0.0
1553203200,44501.9,-0.006162,0.08416,0.000439,-0.480469,0.0,0.917,0.8525,0.003961,0.004264,0.004297,1.588789,2.898076,0.0
1553989632,44511.5,0.002291,0.093061,0.000431,-0.474609,0.0,0.9172,0.8531,0.003641,0.003606,0.004064,1.36156,3.286745,0.0
1554776064,44491.3,-0.005443,0.073492,0.000434,-0.470703,0.0,0.9174,0.8535,0.004797,0.003419,0.003649,1.253677,3.197344,0.0
1555562496,44500.2,-0.007409,0.051297,0.000424,-0.449219,0.0,0.9179,0.8558,0.00249,0.002955,0.003125,1.303518,3.097403,0.0
1556348928,44509.0,-0.00145,0.047209,0.000439,-0.4375,0.0,0.9185,0.8579,0.002816,0.002346,0.002986,1.349635,3.028601,0.0
1557135360,44488.8,-0.003356,0.048171,0.000453,-0.449219,0.0,0.9191,0.8607,0.002376,0.002645,0.003621,1.663196,2.739145,0.0
1557921792,44498.6,-0.002619,0.059086,0.000428,-0.46875,0.0,0.9192,0.8614,0.006512,0.003968,0.005254,1.275652,3.168883,0.0
1558708224,44507.7,0.003625,0.071677,0.000418,-0.466797,0.0,0.9194,0.8627,0.003257,0.003117,0.003454,1.325935,3.164212,0.0
1559494656,44517.4,-0.005041,0.060992,0.000435,-0.482422,0.0,0.9187,0.8629,0.003942,0.003953,0.004336,1.396409,3.093736,0.0
1560281088,44493.6,-0.000148,0.075995,0.000447,-0.484375,0.0,0.9175,0.8619,0.004993,0.003528,0.004962,1.542066,3.068021,0.0
1561067520,44503.0,-0.000128,0.074566,0.00045,-0.46875,0.0,0.9158,0.8588,0.004151,0.003909,0.005397,1.636889,3.030695,0.0
1561853952,44512.1,0.004159,0.079394,0.000441,-0.453125,0.0,0.9155,0.8572,0.004313,0.003374,0.004297,1.640144,2.875156,0.0
1562640384,44521.4,-0.001761,0.061066,0.000448,-0.462891,0.0,0.9145,0.8558,0.002645,0.003328,0.004522,1.286511,3.268732,0.0
1563426816,44501.2,0.000333,0.092082,0.000476,-0.464844,0.0,0.9138,0.8549,0.003347,0.004872,0.004816,1.407103,3.299693,0.0
1564213248,44510.7,-0.002629,0.068472,0.000459,-0.455078,0.0,0.9133,0.8547,0.004495,0.003381,0.004403,1.444672,3.228745,0.0
1564999680,44519.7,0.00109,0.061639,0.00046,-0.453125,0.0,0.9128,0.8542,0.002633,0.003362,0.003285,1.473341,3.1028,0.0
1565786112,44498.0,-0.004198,0.081565,0.000465,-0.470703,0.0,0.9123,0.8531,0.004215,0.004445,0.004637,1.740162,2.978911,0.0
1566572544,44507.7,-0.002521,0.106914,0.000471,-0.503906,0.0,0.9121,0.8522,0.004143,0.005264,0.005432,1.419657,3.433176,0.0
1567358976,44516.7,-0.001733,0.08378,0.000479,-0.492188,0.0,0.9121,0.8514,0.002935,0.003971,0.004766,1.429954,3.395418,0.0
1568145408,44526.5,-0.000538,0.08164,0.000476,-0.480469,0.0,0.9121,0.8506,0.003339,0.003758,0.00432,1.576389,3.38053,0.0
1568931840,44507.6,0.000785,0.089176,0.000446,-0.443359,0.0,0.9119,0.8497,0.005297,0.003537,0.006208,1.477923,3.054238,0.0
1569718272,44517.1,-0.002031,0.068628,0.000417,-0.449219,0.0,0.9118,0.8487,0.003656,0.002663,0.004473,1.39376,2.937155,0.0
1570504704,44526.4,-0.007421,0.066352,0.000432,-0.457031,0.0,0.9117,0.8479,0.003245,0.003293,0.005432,1.629332,2.954478,0.0
1571291136,44498.6,-0.002321,0.080178,0.000427,-0.480469,0.0,0.9119,0.848,0.002962,0.003724,0.004815,1.315448,3.274488,0.0
1572077568,44507.8,-0.000205,0.129989,0.000432,-0.466797,0.0,0.9119,0.8458,0.004238,0.004261,0.004878,1.425925,3.185848,0.0
1572864000,44517.1,-0.00526,0.091043,0.000428,-0.486328,0.0,0.912,0.8442,0.004406,0.00493,0.00533,1.474898,3.062966,0.0
1573650432,44526.4,-0.000723,0.086112,0.000422,-0.46875,0.0,0.9118,0.8425,0.004017,0.004469,0.005,1.505957,2.959225,0.0
1574436864,44496.7,-0.004368,0.086531,0.000439,-0.460938,0.0,0.9111,0.8407,0.003747,0.003913,0.005175,1.697576,2.923599,0.0
1575223296,44506.3,0.004294,0.091565,0.000437,-0.462891,0.0,0.9105,0.8392,0.003174,0.003553,0.004265,1.42752,3.289872,0.0
1576009728,44516.1,-0.003823,0.057945,0.000438,-0.455078,0.0,0.9106,0.8394,0.003007,0.003255,0.003857,1.36348,3.317536,0.0
1576796160,44493.8,-0.00701,0.074275,0.000435,-0.46875,0.0,0.9098,0.8379,0.002681,0.003441,0.003596,1.345896,3.091991,0.0
1577582592,44502.7,0.003995,0.073455,0.000441,-0.453125,0.0,0.9095,0.8377,0.003058,0.003657,0.003509,1.409084,2.98093,0.0
1578369024,44512.2,-0.00397,0.046259,0.000433,-0.458984,0.0,0.9088,0.8371,0.002376,0.0023,0.003818,1.510465,2.918196,0.0
1579155456,44521.9,-0.00966,0.055879,0.000435,-0.474609,0.0,0.9091,0.8379,0.003018,0.00318,0.003591,1.342407,3.160014,0.0
1579941888,44501.1,0.002905,0.079174,0.000437,-0.474609,0.0,0.9091,0.839,0.003215,0.004362,0.005502,1.251751,3.142189,0.0
1580728320,44509.9,0.000601,0.075055,0.000431,-0.429688,0.0,0.9087,0.8394,0.00367,0.004197,0.006346,1.347336,3.114757,0.0
1581514752,44519.2,-0.007769,0.05555,0.000414,-0.447266,0.0,0.9086,0.8398,0.002593,0.003469,0.004047,1.371081,3.006417,0.0
1582301184,44501.9,0.004495,0.079999,0.000422,-0.449219,0.0,0.9083,0.8399,0.00348,0.002883,0.004308,1.659492,2.731485,0.0
1583087616,44511.0,-0.000826,0.098811,0.000416,-0.441406,0.0,0.9079,0.8382,0.004661,0.003337,0.004898,1.35777,3.360998,0.0
1583874048,44520.3,0.002094,0.07592,0.000423,-0.447266,0.0,0.9073,0.8364,0.003984,0.003046,0.004349,1.340743,3.264487,0.0
1584660480,44529.7,-0.009264,0.057972,0.000417,-0.433594,0.0,0.9065,0.8345,0.00476,0.003313,0.004688,1.305322,3.202688,0.0
1585446912,44508.0,0.002062,0.08056,0.000444,-0.458984,0.0,0.9059,0.8336,0.004327,0.003405,0.004436,1.369609,3.071112,0.0
1586233344,44517.4,0.002499,0.069393,0.000441,-0.455078,0.0,0.9053,0.8321,0.004701,0.004711,0.003716,1.476767,2.955794,0.0
1587019776,44526.8,-0.004864,0.07663,0.000428,-0.451172,0.0,0.9051,0.8311,0.003686,0.00406,0.003553,1.608519,2.963517,0.0
1587806208,44535.9,0.001467,0.078072,0.000435,-0.464844,0.0,0.9049,0.8301,0.003797,0.003713,0.003424,1.405636,3.351675,0.0
1588592640,44517.7,0.000755,0.068231,0.000455,-0.478516,0.0,0.9055,0.8316,0.005048,0.003409,0.004123,1.445592,3.415072,0.0
1589379072,44526.9,-0.001639,0.073547,0.000437,-0.486328,0.0,0.9059,0.833,0.003771,0.00324,0.003518,1.594569,3.419284,0.0
1590165504,44536.2,-0.001184,0.079655,0.000431,-0.478516,0.0,0.9067,0.8348,0.002801,0.002468,0.003008,1.585864,3.199445,0.0
1590951936,44505.2,-0.001831,0.092643,0.00043,-0.472656,0.0,0.9072,0.8361,0.003855,0.003751,0.003919,1.627873,2.812614,0.0
1591738368,44514.3,-0.000698,0.055069,0.000426,-0.435547,0.0,0.9071,0.8363,0.003014,0.003623,0.002904,1.290492,3.336259,0.0
1592524800,44523.5,-0.008676,0.060553,0.000434,-0.435547,0.0,0.9071,0.8367,0.002631,0.003724,0.002842,1.347825,3.339794,0.0
1593311232,44532.5,-0.007021,0.051416,0.000439,-0.462891,0.0,0.9071,0.8378,0.002621,0.003923,0.00315,1.325931,3.298799,0.0
1594097664,44499.1,0.000377,0.083555,0.000435,-0.457031,0.0,0.9073,0.8393,0.003178,0.003763,0.004508,1.453303,3.097763,0.0
1594884096,44508.7,-0.001252,0.050461,0.000424,-0.443359,0.0,0.9077,0.8405,0.002839,0.003843,0.003815,1.514795,3.039569,0.0
1595670528,44517.8,0.001931,0.046877,0.000428,-0.455078,0.0,0.908,0.8425,0.003622,0.002362,0.003222,1.609974,2.973274,0.0
1596456960,44489.0,-0.005954,0.082705,0.000431,-0.472656,0.0,0.9087,0.8447,0.003703,0.00343,0.003584,1.274693,3.482393,0.0
1597243392,44498.5,-0.000368,0.096158,0.000429,-0.472656,0.0,0.9082,0.8444,0.004,0.004055,0.004505,1.349684,3.372033,0.0
1598029824,44507.7,-0.001893,0.102479,0.000427,-0.470703,0.0,0.9077,0.844,0.003848,0.003922,0.004024,1.452228,3.199408,0.0
1598816256,44517.3,-0.002254,0.070494,0.000416,-0.464844,0.0,0.9072,0.8443,0.003962,0.00324,0.003806,1.509511,3.022239,0.0
1599602688,44484.0,0.001251,0.080678,0.000447,-0.462891,0.0,0.9068,0.8456,0.008764,0.003143,0.003941,1.627873,2.823801,0.0
1600389120,44493.6,0.001261,0.053126,0.000445,-0.462891,0.0,0.907,0.847,0.005317,0.003853,0.005226,1.333901,3.2783,0.0
1601175552,44503.0,0.004544,0.061202,0.000446,-0.472656,0.0,0.9075,0.8493,0.004353,0.003044,0.003937,1.310371,3.168034,0.0
1601961984,44466.6,0.002668,0.083164,0.000458,-0.476562,0.0,0.9081,0.8512,0.004572,0.002834,0.004348,1.317594,3.147348,0.0
1602748416,44474.6,-0.002662,0.05472,0.000408,-0.46875,0.0,0.9091,0.8533,0.00282,0.003473,0.003965,1.451698,3.034664,0.0
1603534848,44483.6,-0.000342,0.056046,0.000404,-0.460938,0.0,0.9102,0.8551,0.002877,0.003482,0.003397,1.535873,2.940861,0.0
1604321280,44492.7,0.00035,0.058183,0.000416,-0.457031,0.0,0.9111,0.8565,0.002524,0.003408,0.00384,1.328785,3.103657,0.0
1605107712,44442.5,0.000183,0.080808,0.000446,-0.484375,0.0,0.9111,0.8555,0.003414,0.003588,0.005181,1.27892,3.140522,0.0
1605894144,44451.3,-0.004406,0.079521,0.000451,-0.482422,0.0,0.9107,0.8524,0.004133,0.003923,0.005043,1.329572,3.092123,0.0
1606680576,44460.5,-0.004073,0.070364,0.000441,-0.472656,0.0,0.9103,0.8501,0.002891,0.00374,0.004005,1.34785,2.936819,0.0
1607467008,44435.5,-0.002298,0.08181,0.000444,-0.478516,0.0,0.9112,0.8512,0.003899,0.003692,0.003819,1.668327,2.700847,0.0
1608253440,44444.3,0.008785,0.077216,0.000422,-0.476562,0.0,0.912,0.8523,0.002588,0.002834,0.004068,1.394334,3.145578,0.0
1609039872,44453.6,-0.004684,0.062235,0.000429,-0.498047,0.0,0.9133,0.8546,0.002266,0.003151,0.003256,1.368548,3.216418,0.0
1609826304,44461.8,0.000523,0.06449,0.000428,-0.494141,0.0,0.9147,0.8576,0.002455,0.003269,0.003941,1.431373,3.258251,0.0
1610612736,44422.0,0.000905,0.068596,0.000443,-0.507812,0.0,0.916,0.8595,0.002845,0.002966,0.003363,1.472903,3.102894,0.0
1611399168,44431.0,0.003588,0.07492,0.000412,-0.472656,0.0,0.9178,0.862,0.002992,0.003772,0.003622,1.580671,2.918447,0.0
1612185600,44440.0,-0.004522,0.062751,0.000402,-0.486328,0.0,0.9195,0.8649,0.003106,0.002918,0.003823,1.597172,2.797848,0.0
1612972032,44448.8,0.005794,0.070334,0.000405,-0.476562,0.0,0.9215,0.8683,0.003179,0.003,0.004109,1.39835,3.064061,0.0
1613758464,44412.2,-0.004854,0.083171,0.000433,-0.519531,0.0,0.9222,0.8696,0.003484,0.003758,0.004815,1.424409,2.980206,0.0
1614544896,44421.1,-0.005691,0.07119,0.000421,-0.494141,0.0,0.9229,0.8708,0.002538,0.003286,0.003441,1.523215,3.096196,0.0
1615331328,44430.3,-0.002928,0.064147,0.000439,-0.511719,0.0,0.9234,0.8713,0.002508,0.003097,0.003229,1.653568,3.044704,0.0
1616117760,44389.3,-0.001472,0.08616,0.000422,-0.488281,0.0,0.9238,0.8716,0.003228,0.003333,0.003971,1.681111,2.851237,0.0
1616904192,44398.3,-0.001958,0.086194,0.000434,-0.460938,0.0,0.9233,0.8706,0.002664,0.003533,0.004199,1.347793,3.293586,0.0
1617690624,44407.1,0.005557,0.084862,0.000433,-0.466797,0.0,0.9241,0.871,0.002699,0.003478,0.004631,1.322009,3.322257,0.0
1618477056,44415.5,-0.001596,0.055828,0.000443,-0.455078,0.0,0.9243,0.8713,0.003062,0.00336,0.005057,1.384971,3.249141,0.0
1619263488,44390.4,-0.004284,0.073212,0.000431,-0.458984,0.0,0.9248,0.8714,0.003468,0.003888,0.004374,1.422551,3.084489,0.0
1620049920,44399.5,-0.00669,0.058329,0.000402,-0.457031,0.0,0.9249,0.8713,0.004425,0.00349,0.004173,1.54212,2.988445,0.0
1620836352,44408.6,0.005627,0.083208,0.000414,-0.4375,0.0,0.9247,0.8707,0.003225,0.003049,0.004122,1.602008,2.919703,0.0
1621622784,44382.6,0.001816,0.079194,0.000425,-0.458984,0.0,0.9248,0.8704,0.004565,0.003787,0.004434,1.377848,3.424703,0.0
1622409216,44391.5,0.005886,0.101222,0.000446,-0.460938,0.0,0.9242,0.8679,0.003509,0.003737,0.004723,1.375978,3.362438,0.0
1623195648,44400.5,-0.003138,0.10254,0.000443,-0.472656,0.0,0.9245,0.8675,0.002897,0.004308,0.004735,1.429066,3.247419,0.0
1623982080,44409.7,-0.002114,0.086971,0.000444,-0.435547,0.0,0.925,0.8677,0.002689,0.004246,0.00442,1.500914,3.140963,0.0
1624768512,44383.8,-0.005424,0.083747,0.000438,-0.429688,0.0,0.9255,0.8678,0.002593,0.00359,0.004401,1.499972,2.74552,0.0
1625554944,44392.9,0.001636,0.056411,0.000419,-0.433594,0.0,0.9257,0.8685,0.002442,0.00276,0.003192,1.273035,3.281434,0.0
1626341376,44402.0,0.005902,0.060319,0.000433,-0.439453,0.0,0.9256,0.8685,0.002577,0.002788,0.00377,1.322568,3.266381,0.0
1627127808,44381.8,-0.001459,0.068784,0.000457,-0.435547,0.0,0.9256,0.8689,0.003805,0.002623,0.00321,1.364423,3.330389,0.0
1627914240,44390.7,-0.003693,0.058998,0.000472,-0.427734,0.0,0.9256,0.8686,0.003581,0.004067,0.004596,1.421607,3.153305,0.0
1628700672,44399.9,0.003461,0.061138,0.000478,-0.417969,0.0,0.9252,0.8678,0.003783,0.003629,0.003856,1.498779,3.092846,0.0
1629487104,44409.3,0.001436,0.049933,0.000478,-0.433594,0.0,0.9256,0.8687,0.003209,0.003103,0.002751,1.441647,3.132437,0.0
1630273536,44378.3,-0.009989,0.063184,0.000473,-0.443359,0.0,0.925,0.8673,0.003868,0.003191,0.004583,1.248196,3.160982,0.0
1631059968,44387.5,-0.005148,0.066654,0.00047,-0.435547,0.0,0.9244,0.8661,0.00509,0.003478,0.004519,1.293232,3.137406,0.0
1631846400,44396.1,0.00627,0.05928,0.000473,-0.433594,0.0,0.9249,0.868,0.00369,0.00295,0.003861,1.340221,2.99319,0.0
1632632832,44365.0,-0.00164,0.058503,0.000466,-0.4375,0.0,0.9248,0.8694,0.002377,0.002408,0.00294,1.570349,2.68858,0.0
1633419264,44373.4,-0.004256,0.059922,0.000455,-0.449219,0.0,0.9253,0.871,0.003374,0.003737,0.004121,1.447998,2.874614,0.0
1634205696,44382.5,-0.003267,0.063094,0.000465,-0.455078,0.0,0.9251,0.8707,0.002555,0.002679,0.003344,1.31975,3.180767,0.0
1634992128,44391.4,-0.005832,0.056789,0.000454,-0.472656,0.0,0.9248,0.8695,0.003873,0.003268,0.003923,1.375547,3.197475,0.0
1635778560,44363.5,-0.001249,0.068128,0.000485,-0.464844,0.0,0.9246,0.8689,0.002838,0.002895,0.003681,1.394394,3.092937,0.0
1636564992,44372.1,-0.003171,0.054113,0.000496,-0.441406,0.0,0.9246,0.8691,0.003409,0.002939,0.00333,1.448052,2.985675,0.0
1637351424,44381.1,-0.004366,0.044765,0.000487,-0.435547,0.0,0.924,0.8685,0.002799,0.002791,0.003048,1.514449,3.02314,0.0
1638137856,44390.2,0.002578,0.050069,0.000468,-0.449219,0.0,0.9238,0.8687,0.002131,0.00273,0.00319,1.392715,3.376732,0.0
1638924288,44366.6,-0.003005,0.084488,0.000454,-0.457031,0.0,0.9236,0.8685,0.003678,0.002786,0.004387,1.272899,3.39492,0.0
1639710720,44375.8,0.001224,0.061816,0.000446,-0.455078,0.0,0.9231,0.8683,0.0039,0.0035,0.003963,1.390656,3.223863,0.0
1640497152,44385.0,-0.001154,0.052469,0.000469,-0.451172,0.0,0.9233,0.869,0.002714,0.003395,0.003544,1.360675,3.061261,0.0
1641283584,44365.3,-0.007345,0.059849,0.00047,-0.466797,0.0,0.9233,0.8693,0.002979,0.003232,0.003503,1.70724,2.935801,0.0
1642070016,44374.0,4.9e-05,0.063502,0.000458,-0.472656,0.0,0.924,0.8709,0.002699,0.003387,0.003875,1.488659,3.368349,0.0
1642856448,44382.2,-0.000282,0.064201,0.000474,-0.470703,0.0,0.9242,0.8713,0.004082,0.003224,0.00387,1.372696,3.260896,0.0
1643642880,44390.9,0.000361,0.059765,0.000471,-0.46875,0.0,0.9252,0.8743,0.004531,0.003044,0.002942,1.417696,3.26808,0.0
1644429312,44368.8,0.003551,0.074542,0.000448,-0.464844,0.0,0.9258,0.8758,0.003412,0.003558,0.003973,1.465468,3.152841,0.0
1645215744,44378.0,-5.7e-05,0.065347,0.00043,-0.447266,0.0,0.9263,0.8765,0.003422,0.003709,0.004176,1.476803,2.926598,0.0
1646002176,44385.8,-0.003939,0.050826,0.000425,-0.457031,0.0,0.9271,0.8784,0.003757,0.003208,0.004078,1.505693,2.889914,0.0
1646788608,44360.4,-0.002532,0.070051,0.000431,-0.449219,0.0,0.9276,0.8796,0.00343,0.003959,0.004432,1.238254,3.092699,0.0
1647575040,44369.3,0.000156,0.100503,0.000433,-0.453125,0.0,0.928,0.8791,0.004526,0.003564,0.003836,1.234354,3.016791,0.0
1648361472,44378.2,-0.003585,0.088445,0.00043,-0.453125,0.0,0.9287,0.88,0.004357,0.003935,0.004762,1.26874,2.999038,0.0
1649147904,44387.3,-0.010283,0.070798,0.000417,-0.443359,0.0,0.9292,0.8811,0.00405,0.003374,0.004228,1.30082,2.928363,0.0
1649934336,44356.2,0.002982,0.091761,0.000476,-0.451172,0.0,0.9292,0.8814,0.004496,0.004114,0.005558,1.544035,2.834944,0.0
1650720768,44365.3,-0.005708,0.063174,0.000499,-0.453125,0.0,0.9293,0.8814,0.003788,0.003073,0.004318,1.229322,3.101068,0.0
1651507200,44374.5,-0.001993,0.075758,0.000481,-0.470703,0.0,0.9293,0.8805,0.004323,0.00345,0.004649,1.282333,3.11234,0.0
1652293632,44345.4,0.005272,0.076881,0.000486,-0.470703,0.0,0.929,0.8793,0.003826,0.003226,0.005486,1.33506,3.11655,0.0
1653080064,44352.8,0.003036,0.058587,0.000481,-0.457031,0.0,0.9284,0.8769,0.004464,0.003814,0.005936,1.435647,3.022203,0.0
1653866496,44361.3,-0.004621,0.044961,0.000461,-0.458984,0.0,0.9284,0.8764,0.002915,0.002823,0.00419,1.519958,2.950702,0.0
1654652928,44370.3,0.003029,0.056573,0.000471,-0.451172,0.0,0.9283,0.8757,0.00296,0.002668,0.003092,1.547667,2.866231,0.0
1655439360,44346.8,0.00158,0.086728,0.000467,-0.462891,0.0,0.9276,0.8736,0.004361,0.004567,0.005319,1.244549,3.017208,0.0
1656225792,44355.9,-0.003814,0.080043,0.000459,-0.458984,0.0,0.9276,0.8722,0.003946,0.00415,0.005044,1.269983,3.030224,0.0
1657012224,44364.3,-0.000622,0.072166,0.00046,-0.462891,0.0,0.9274,0.871,0.003673,0.003644,0.00435,1.374055,2.969298,0.0
1657798656,44330.7,-0.003394,0.093345,0.00046,-0.458984,0.0,0.9268,0.8693,0.003457,0.003223,0.004098,1.623182,2.843366,0.0
1658585088,44339.6,0.00505,0.071224,0.000417,-0.460938,0.0,0.9266,0.8682,0.004771,0.003685,0.005547,1.60397,2.889278,0.0
1659371520,44347.8,-0.009272,0.072222,0.000416,-0.474609,0.0,0.9262,0.8672,0.004479,0.00343,0.00418,1.283615,3.154827,0.0
1660157952,44356.5,0.001899,0.063446,0.000432,-0.466797,0.0,0.9254,0.8652,0.002795,0.002865,0.003795,1.337074,3.161813,0.0
1660944384,44334.7,-0.00713,0.077193,0.000456,-0.466797,0.0,0.9244,0.8629,0.004237,0.003876,0.004854,1.410999,3.133604,0.0
1661730816,44343.2,-0.001243,0.07378,0.000451,-0.482422,0.0,0.9231,0.8604,0.003651,0.003804,0.004999,1.487573,2.962914,0.0
1662517248,44352.0,-0.0013,0.070853,0.000443,-0.443359,0.0,0.9221,0.8585,0.002801,0.003049,0.003286,1.618747,2.880689,0.0
1663303680,44360.2,0.002288,0.076561,0.000442,-0.462891,0.0,0.9208,0.8555,0.003448,0.003247,0.003877,1.263082,3.22378,0.0
1664090112,44334.2,0.000617,0.08202,0.000465,-0.484375,0.0,0.9203,0.8545,0.002847,0.004112,0.004711,1.286734,3.182722,0.0
1664876544,44343.3,-0.008787,0.063442,0.00046,-0.478516,0.0,0.9191,0.8519,0.004326,0.003985,0.004567,1.379319,3.07059,0.0
1665662976,44352.3,0.003738,0.066318,0.000454,-0.464844,0.0,0.9183,0.8503,0.004029,0.003766,0.004096,1.424287,2.992983,0.0
1666449408,44311.5,-0.002613,0.068553,0.000456,-0.474609,0.0,0.9178,0.8494,0.0023,0.00263,0.003787,1.551731,2.798101,0.0
1667235840,44320.6,-0.002219,0.063743,0.000448,-0.455078,0.0,0.9179,0.8493,0.003282,0.00231,0.003586,1.327227,3.085725,0.0
1668022272,44329.8,-0.001122,0.05246,0.000456,-0.462891,0.0,0.9174,0.8485,0.002859,0.002338,0.003509,1.239257,3.180774,0.0
1668808704,44338.8,0.001961,0.052399,0.000449,-0.46875,0.0,0.9175,0.8487,0.001972,0.002558,0.003415,1.364892,3.256884,0.0
1669595136,44305.9,-0.004374,0.073014,0.000483,-0.482422,0.0,0.9175,0.8483,0.003384,0.003594,0.003784,1.550884,3.073104,0.0
1670381568,44314.9,0.006563,0.080304,0.000489,-0.460938,0.0,0.9177,0.848,0.003346,0.003519,0.003987,1.523687,3.002038,0.0
1671168000,44323.7,-0.002979,0.055637,0.000475,-0.457031,0.0,0.9179,0.8481,0.002451,0.003649,0.003793,1.564996,2.96566,0.0
1671954432,44285.0,-0.000717,0.081454,0.000474,-0.482422,0.0,0.9176,0.8475,0.002483,0.002925,0.003635,1.267765,3.334061,0.0
1672740864,44293.5,-0.0028,0.060384,0.000473,-0.460938,0.0,0.9172,0.8463,0.002405,0.00223,0.003625,1.350908,3.233418,0.0
1673527296,44302.2,-0.000169,0.03889,0.000472,-0.441406,0.0,0.9172,0.8464,0.0027,0.002429,0.003042,1.377664,3.158894,0.0
1674313728,44310.9,0.000283,0.046371,0.00048,-0.433594,0.0,0.9173,0.848,0.003769,0.002515,0.003629,1.40851,3.061392,0.0
1675100160,44276.5,-0.002546,0.074123,0.000454,-0.445312,0.0,0.9173,0.8488,0.003914,0.004261,0.004444,1.473954,2.95755,0.0
1675886592,44284.5,-0.004522,0.082333,0.000433,-0.447266,0.0,0.9177,0.8499,0.002997,0.004082,0.004174,1.31573,3.143736,0.0
1676673024,44293.4,0.001074,0.082482,0.000439,-0.445312,0.0,0.9174,0.8499,0.004073,0.004157,0.004486,1.321414,3.138441,0.0
1677459456,44264.2,-0.00222,0.084939,0.000442,-0.46875,0.0,0.9172,0.8504,0.00288,0.003219,0.004136,1.229906,3.067079,0.0
1678245888,44271.6,-0.003011,0.066665,0.000477,-0.445312,0.0,0.9171,0.8499,0.004069,0.003916,0.005032,1.432946,3.000046,0.0
1679032320,44280.7,-0.00383,0.056515,0.00048,-0.462891,0.0,0.9175,0.8503,0.002725,0.00288,0.003269,1.511506,2.998016,0.0
1679818752,44289.5,-0.002866,0.049831,0.000477,-0.466797,0.0,0.9183,0.8518,0.002616,0.002758,0.00355,1.561844,2.902719,0.0
1680605184,44271.1,0.000278,0.069308,0.000444,-0.455078,0.0,0.9181,0.8517,0.00359,0.003295,0.003728,1.321703,3.289427,0.0
1681391616,44280.2,0.002933,0.079317,0.000446,-0.470703,0.0,0.9177,0.8518,0.003107,0.004292,0.003305,1.317926,3.231143,0.0
1682178048,44289.5,-0.001646,0.065217,0.000452,-0.490234,0.0,0.9178,0.8526,0.002765,0.003366,0.003794,1.380407,3.075635,0.0
1682964480,44272.1,-0.003019,0.063307,0.000468,-0.490234,0.0,0.9179,0.8546,0.002779,0.003202,0.003495,1.712942,2.830392,0.0
1683750912,44280.6,0.003157,0.075177,0.00046,-0.470703,0.0,0.9177,0.8554,0.003078,0.004357,0.004136,1.629932,2.823028,0.0
1684537344,44289.2,0.00098,0.064943,0.000467,-0.494141,0.0,0.9179,0.8561,0.00254,0.004633,0.004395,1.341945,3.221403,0.0
1685323776,44297.7,0.003776,0.076522,0.000471,-0.470703,0.0,0.9183,0.8571,0.003214,0.004238,0.004176,1.437399,3.263143,0.0
1686110208,44266.6,0.007692,0.079137,0.000466,-0.486328,0.0,0.9187,0.8589,0.003807,0.003174,0.003651,1.431698,3.182411,0.0
1686896640,44275.5,-0.006825,0.062157,0.00045,-0.470703,0.0,0.9193,0.861,0.004178,0.003325,0.003377,1.437478,2.948883,0.0
1687683072,44283.6,-0.005085,0.05453,0.000462,-0.464844,0.0,0.92,0.8626,0.002367,0.003226,0.003511,1.579314,2.93048,0.0
1688469504,44292.5,-0.005835,0.060855,0.000471,-0.457031,0.0,0.9209,0.8654,0.003949,0.002861,0.003502,1.534042,2.822507,0.0
1689255936,44256.0,0.001778,0.07144,0.000514,-0.482422,0.0,0.9227,0.8688,0.004386,0.00365,0.004354,1.306528,3.223113,0.0
1690042368,44264.8,-0.006009,0.072185,0.0005,-0.480469,0.0,0.9243,0.8719,0.003257,0.003205,0.00395,1.380852,3.196476,0.0
1690828800,44273.0,-0.001444,0.069821,0.000493,-0.492188,0.0,0.9256,0.874,0.003515,0.003071,0.004398,1.382006,3.081909,0.0
1691615232,44226.3,-0.000106,0.060463,0.0005,-0.486328,0.0,0.9271,0.8771,0.00302,0.003351,0.003836,1.573949,2.890545,0.0
1692401664,44235.3,-0.000343,0.058665,0.00051,-0.445312,0.0,0.9289,0.88,0.003629,0.003793,0.003479,1.582593,2.952006,0.0
1693188096,44244.0,-0.007164,0.054482,0.000519,-0.46875,0.0,0.93,0.8817,0.00336,0.002774,0.003588,1.411384,3.234092,0.0
1693974528,44251.8,-0.005102,0.051651,0.000514,-0.462891,0.0,0.9308,0.8827,0.002739,0.002379,0.002831,1.459305,3.273185,0.0
1694760960,44212.0,0.007671,0.079573,0.000502,-0.460938,0.0,0.9309,0.8823,0.002643,0.003113,0.003594,1.36205,3.102242,0.0
1695547392,44220.5,-0.002005,0.063563,0.000489,-0.431641,0.0,0.9311,0.883,0.002936,0.00344,0.003895,1.396962,2.968265,0.0
1696333824,44228.8,0.001399,0.050131,0.000474,-0.429688,0.0,0.9313,0.8833,0.003216,0.002972,0.003541,1.394008,2.886682,0.0
1697120256,44198.3,-0.005412,0.072226,0.000511,-0.4375,0.0,0.931,0.8829,0.003244,0.002987,0.004281,1.379887,3.268529,0.0
1697906688,44207.0,-0.001007,0.052074,0.000497,-0.441406,0.0,0.9317,0.8833,0.002549,0.002655,0.003424,1.397619,3.301253,0.0
1698693120,44215.8,-0.000842,0.047618,0.0005,-0.4375,0.0,0.9323,0.8835,0.00253,0.002728,0.003082,1.418638,3.425759,0.0
1699479552,44224.4,-0.003677,0.060714,0.000514,-0.455078,0.0,0.9331,0.8835,0.002913,0.002443,0.00372,1.462661,3.377384,0.0
1700265984,44195.3,-0.006479,0.063968,0.000493,-0.455078,0.0,0.9327,0.8829,0.003876,0.002654,0.003079,1.530231,3.096724,0.0
1701052416,44203.5,-0.000254,0.069394,0.00048,-0.443359,0.0,0.9327,0.8836,0.00234,0.002931,0.003381,1.313727,3.219542,0.0
1701838848,44212.2,-0.004842,0.057622,0.000469,-0.447266,0.0,0.9328,0.8848,0.002938,0.003585,0.003602,1.256546,3.243511,0.0
1702625280,44190.9,-0.00326,0.077536,0.000483,-0.443359,0.0,0.9337,0.8867,0.002097,0.003617,0.00328,1.277631,3.124762,0.0
1703411712,44199.7,-0.002409,0.070015,0.000491,-0.423828,0.0,0.9338,0.8873,0.003745,0.003224,0.00469,1.421054,3.111982,0.0
1704198144,44208.6,-0.000675,0.0818,0.000483,-0.431641,0.0,0.9338,0.8881,0.002932,0.003203,0.003092,1.410515,3.032464,0.0
1704984576,44217.0,1.2e-05,0.071983,0.000471,-0.416016,0.0,0.9334,0.8877,0.002641,0.002436,0.002591,1.43573,2.921872,0.0
1705771008,44195.7,-0.004161,0.062762,0.000495,-0.421875,0.0,0.9336,0.8882,0.002707,0.00349,0.004121,1.155463,3.252772,0.0
1706557440,44204.5,0.001954,0.074016,0.000482,-0.412109,0.0,0.9337,0.8881,0.003034,0.003075,0.003807,1.194757,3.254126,0.0
1707343872,44213.0,-0.012164,0.070428,0.000498,-0.386719,0.0,0.9342,0.8881,0.002829,0.00328,0.003476,1.244227,3.186402,0.0
1708130304,44194.4,-0.002905,0.076714,0.000494,-0.412109,0.0,0.9348,0.8874,0.003254,0.002986,0.003039,1.362466,2.976728,0.0
1708916736,44202.8,-0.00246,0.06819,0.000438,-0.400391,0.0,0.9356,0.888,0.003724,0.003558,0.00356,1.387829,2.977995,0.0
1709703168,44211.6,-0.00724,0.057205,0.000437,-0.408203,0.0,0.9363,0.8887,0.00346,0.002803,0.003129,1.181246,3.266595,0.0
1710489600,44220.1,-0.002435,0.064074,0.000445,-0.417969,0.0,0.937,0.8895,0.004071,0.002653,0.003739,1.20025,3.237511,0.0
1711276032,44203.5,5.9e-05,0.098662,0.00047,-0.449219,0.0,0.9374,0.8887,0.006145,0.004354,0.004519,1.376161,3.385569,0.0
1712062464,44212.4,-0.003905,0.094066,0.000486,-0.460938,0.0,0.9379,0.8885,0.004428,0.003916,0.005209,1.480011,3.289117,0.0
1712848896,44220.2,-0.003482,0.06761,0.000487,-0.453125,0.0,0.9382,0.8875,0.003651,0.002961,0.004196,1.581293,3.242168,0.0
1713635328,44228.8,-0.00158,0.079343,0.000473,-0.46875,0.0,0.9381,0.8868,0.004069,0.003091,0.004186,1.651552,3.226929,0.0
1714421760,44203.0,0.002485,0.118061,0.000476,-0.474609,0.0,0.9378,0.8854,0.003375,0.004225,0.005112,1.361017,3.370531,0.0
1715208192,44211.3,0.003578,0.088022,0.000458,-0.464844,0.0,0.938,0.8848,0.004104,0.004008,0.004544,1.507849,3.270216,0.0
1715994624,44219.0,0.00199,0.064714,0.000468,-0.462891,0.0,0.9382,0.8843,0.003178,0.003075,0.004235,1.503847,3.153166,0.0
1716781056,44184.8,-0.005144,0.070078,0.000469,-0.474609,0.0,0.9376,0.8832,0.00309,0.003572,0.004062,1.535952,2.87062,0.0
1717567488,44193.0,0.003945,0.063813,0.000448,-0.439453,0.0,0.9368,0.882,0.002649,0.003721,0.004579,1.41933,2.611596,0.0
1718353920,44201.6,-0.000904,0.052352,0.000456,-0.453125,0.0,0.9365,0.882,0.002869,0.003649,0.003741,1.223469,3.091552,0.0
1719140352,44209.9,0.004161,0.06085,0.000459,-0.439453,0.0,0.9356,0.8804,0.002792,0.003205,0.003142,1.275678,3.132909,0.0
1719926784,44188.8,0.001283,0.060755,0.000492,-0.464844,0.0,0.9352,0.8805,0.002591,0.002866,0.003236,1.417687,3.147079,0.0
1720713216,44197.3,-0.003375,0.057788,0.000486,-0.460938,0.0,0.9353,0.8813,0.002581,0.002866,0.003098,1.461754,3.012471,0.0
1721499648,44205.9,0.000968,0.045336,0.000479,-0.460938,0.0,0.9347,0.8811,0.002217,0.002304,0.002975,1.473221,2.934108,0.0
1722286080,44182.5,0.000302,0.061715,0.000475,-0.458984,0.0,0.9343,0.8817,0.002322,0.002804,0.003764,1.390668,3.131207,0.0
1723072512,44191.3,-0.002274,0.046056,0.000442,-0.455078,0.0,0.9344,0.8831,0.002174,0.002175,0.002523,1.361669,3.071032,0.0
1723858944,44200.1,-0.001648,0.054593,0.000462,-0.443359,0.0,0.9346,0.8843,0.002432,0.002876,0.002687,1.362127,3.118887,0.0
1724645376,44208.4,0.004784,0.052083,0.000446,-0.443359,0.0,0.9349,0.8861,0.00208,0.002469,0.002678,1.351259,3.047293,0.0
1725431808,44191.5,0.004322,0.077401,0.000496,-0.423828,0.0,0.935,0.8857,0.003119,0.003787,0.003687,1.337074,2.873589,0.0
1726218240,44199.7,-0.001105,0.074837,0.000501,-0.410156,0.0,0.9351,0.8849,0.004593,0.003201,0.004143,1.197795,3.138553,0.0
1727004672,44207.9,-0.001474,0.069229,0.000499,-0.408203,0.0,0.9352,0.8847,0.00316,0.002827,0.003143,1.194883,3.173885,0.0
1727791104,44185.0,0.000752,0.07391,0.000497,-0.423828,0.0,0.9354,0.8848,0.002857,0.002681,0.003713,1.177558,3.237026,0.0
1728577536,44193.4,0.006031,0.055573,0.00046,-0.423828,0.0,0.9354,0.8851,0.002791,0.002185,0.003172,1.254339,3.076302,0.0
1729363968,44201.3,-0.00064,0.050947,0.000465,-0.425781,0.0,0.936,0.8868,0.002659,0.002352,0.002852,1.254623,2.945764,0.0
1730150400,44209.5,-0.003684,0.057427,0.000464,-0.417969,0.0,0.9359,0.8869,0.003193,0.002897,0.003912,1.289557,2.831456,0.0
1730936832,44172.0,0.004071,0.099215,0.000464,-0.443359,0.0,0.9364,0.8875,0.004572,0.003603,0.004158,1.252967,3.224395,0.0
1731723264,44179.3,-0.001272,0.082646,0.000455,-0.457031,0.0,0.937,0.8878,0.003475,0.003875,0.004851,1.351893,3.212349,0.0
1732509696,44187.5,0.00125,0.086496,0.000451,-0.458984,0.0,0.9364,0.8859,0.004128,0.003358,0.004754,1.357217,3.169931,0.0
1733296128,44147.1,-0.001222,0.077011,0.000468,-0.453125,0.0,0.9362,0.8858,0.002209,0.002637,0.003496,1.43958,2.712698,0.0
1734082560,44154.8,-0.006969,0.075086,0.000436,-0.449219,0.0,0.9353,0.8837,0.004097,0.003873,0.004556,1.426364,2.818035,0.0
1734868992,44162.9,0.002198,0.06975,0.000448,-0.455078,0.0,0.9349,0.883,0.00325,0.003625,0.003967,1.288276,3.201747,0.0
1735655424,44171.2,8.7e-05,0.075083,0.000458,-0.435547,0.0,0.9341,0.8816,0.003087,0.003083,0.003305,1.288302,3.289814,0.0
1736441856,44125.8,0.000594,0.071143,0.000491,-0.433594,0.0,0.934,0.8823,0.002921,0.002893,0.003242,1.394917,3.405957,0.0
1737228288,44134.5,-0.003315,0.04029,0.000502,-0.408203,0.0,0.9343,0.8841,0.003113,0.002941,0.002953,1.391675,3.285514,0.0
1738014720,44143.0,-0.001335,0.058031,0.000508,-0.416016,0.0,0.9339,0.8849,0.006111,0.002782,0.003608,1.464181,3.202203,0.0
1738801152,44151.4,0.001503,0.043921,0.000505,-0.417969,0.0,0.934,0.8869,0.002292,0.002647,0.002978,1.476314,3.153327,0.0
1739587584,44118.1,-0.009613,0.060628,0.000464,-0.412109,0.0,0.9336,0.8863,0.004694,0.003154,0.004454,1.268544,3.452341,0.0
1740374016,44126.5,-0.002171,0.077021,0.000462,-0.408203,0.0,0.9339,0.8878,0.003223,0.002213,0.003128,1.298696,3.388114,0.0
1741160448,44133.9,-0.002718,0.044089,0.000453,-0.400391,0.0,0.9342,0.8888,0.002896,0.001782,0.00301,1.340499,3.355691,0.0
1741946880,44090.3,0.006287,0.065779,0.000461,-0.419922,0.0,0.9351,0.8904,0.002454,0.001936,0.002603,1.416969,3.148335,0.0
1742733312,44098.5,0.006689,0.052918,0.00045,-0.392578,0.0,0.9355,0.8912,0.002894,0.001974,0.002803,1.432501,3.052704,0.0
1743519744,44107.0,-0.004692,0.04173,0.000458,-0.400391,0.0,0.9361,0.8927,0.002256,0.002387,0.002671,1.261959,3.41995,0.0
1744306176,44115.7,-0.002707,0.042398,0.000467,-0.40625,0.0,0.9368,0.894,0.001831,0.001791,0.002208,1.233051,3.398142,0.0
1745092608,44077.3,0.003403,0.070582,0.000511,-0.431641,0.0,0.9365,0.8927,0.002895,0.003916,0.005665,1.334524,3.38059,0.0
1745879040,44086.0,-4e-06,0.062305,0.000509,-0.429688,0.0,0.937,0.8933,0.003033,0.003337,0.003723,1.399765,3.206601,0.0
1746665472,44094.2,-0.007849,0.062924,0.000512,-0.439453,0.0,0.9366,0.8914,0.002292,0.003397,0.003702,1.583208,3.120237,0.0
1747451904,44068.5,3.2e-05,0.087975,0.000474,-0.457031,0.0,0.9369,0.8918,0.00254,0.003518,0.004221,1.294845,3.509455,0.0
1748238336,44076.6,-0.000473,0.068108,0.000474,-0.423828,0.0,0.9364,0.8906,0.003346,0.003467,0.005493,1.370806,3.493261,0.0
1749024768,44084.9,-0.001362,0.058023,0.000466,-0.423828,0.0,0.9359,0.8897,0.002916,0.003177,0.004036,1.340813,3.45923,0.0
1749811200,44093.4,0.001736,0.055351,0.000478,-0.421875,0.0,0.9355,0.8892,0.002058,0.002411,0.003015,1.377737,3.39735,0.0
1750597632,44076.6,-0.001221,0.083444,0.000509,-0.4375,0.0,0.9359,0.89,0.005972,0.003762,0.003795,1.512233,3.140358,0.0
1751384064,44084.8,0.001813,0.077256,0.0005,-0.414062,0.0,0.936,0.8904,0.006327,0.003663,0.004921,1.455411,3.070482,0.0
1752170496,44093.1,-0.000266,0.067166,0.000502,-0.421875,0.0,0.9359,0.8904,0.004171,0.002576,0.003891,1.326591,3.347902,0.0
1752956928,44071.2,1.2e-05,0.068001,0.000501,-0.447266,0.0,0.936,0.8912,0.005393,0.002391,0.002753,1.296217,3.445211,0.0
1753743360,44079.5,0.000673,0.056003,0.000497,-0.439453,0.0,0.9361,0.8916,0.002237,0.002919,0.002771,1.340373,3.162097,0.0
1754529792,44087.8,0.005663,0.062943,0.000496,-0.421875,0.0,0.9362,0.8913,0.002534,0.002599,0.003548,1.389592,3.091341,0.0
1755316224,44095.7,-0.001093,0.076157,0.000496,-0.4375,0.0,0.9365,0.8921,0.002667,0.002434,0.003651,1.428345,3.041384,0.0
1756102656,44072.6,0.00545,0.074235,0.000467,-0.443359,0.0,0.9357,0.8919,0.002476,0.003224,0.004016,1.30796,3.398144,0.0
1756889088,44080.8,-0.001818,0.082015,0.000446,-0.433594,0.0,0.9356,0.8935,0.003783,0.003613,0.004755,1.27971,3.295622,0.0
1757675520,44089.0,-0.006841,0.061327,0.000458,-0.443359,0.0,0.9356,0.8955,0.002475,0.003133,0.004038,1.351936,3.25424,0.0
1758461952,44055.8,0.002014,0.084724,0.00047,-0.470703,0.0,0.9364,0.8984,0.002704,0.003658,0.004162,1.464458,3.037044,0.0
1759248384,44064.2,-0.001544,0.095457,0.000472,-0.447266,0.0,0.9364,0.8978,0.002849,0.004644,0.005005,1.526649,3.047845,0.0
1760034816,44071.5,0.000892,0.102337,0.000463,-0.449219,0.0,0.9366,0.8978,0.003411,0.00361,0.004916,1.391133,3.373896,0.0
1760821248,44079.3,-0.003113,0.094627,0.000473,-0.466797,0.0,0.9365,0.8964,0.004021,0.003392,0.004665,1.334835,3.30256,0.0
1761607680,44048.8,0.00174,0.097096,0.000482,-0.445312,0.0,0.9354,0.893,0.002735,0.00333,0.005264,1.382617,3.180685,0.0
1762394112,44057.1,-0.005537,0.052541,0.000478,-0.441406,0.0,0.9352,0.8925,0.002501,0.002519,0.003542,1.405533,3.084683,0.0
1763180544,44065.1,0.003494,0.065368,0.000488,-0.441406,0.0,0.9344,0.8911,0.002754,0.003468,0.004303,1.473662,3.009034,0.0
1763966976,44072.7,-0.001412,0.063437,0.000482,-0.429688,0.0,0.9348,0.8922,0.002727,0.002388,0.003238,1.478,2.990191,0.0
1764753408,44046.6,0.000806,0.079524,0.000512,-0.439453,0.0,0.9342,0.8905,0.004769,0.003666,0.004495,1.260222,3.325588,0.0
1765539840,44054.0,-0.003435,0.071567,0.000518,-0.4375,0.0,0.9348,0.8909,0.004612,0.004146,0.004859,1.264504,3.29765,0.0
1766326272,44062.2,-0.002863,0.052882,0.00051,-0.425781,0.0,0.9343,0.8886,0.002906,0.002749,0.003057,1.344744,3.280833,0.0
1767112704,44038.2,-0.000211,0.085431,0.000518,-0.4375,0.0,0.9344,0.8882,0.003693,0.003147,0.004136,1.512077,3.199946,0.0
1767899136,44046.9,-0.006018,0.057465,0.000485,-0.412109,0.0,0.9348,0.8889,0.00212,0.002753,0.004096,1.548696,3.122586,0.0
1768685568,44055.6,0.00402,0.061274,0.000469,-0.419922,0.0,0.9345,0.8874,0.002566,0.002929,0.003402,1.327048,3.406426,0.0
1769472000,44064.2,-0.00477,0.056096,0.000479,-0.412109,0.0,0.935,0.8877,0.002072,0.003013,0.003673,1.341987,3.512721,0.0
1770258432,44027.7,-0.006834,0.074868,0.000469,-0.449219,0.0,0.9357,0.8891,0.003761,0.003391,0.003713,1.383824,3.37915,0.0
1771044864,44036.0,0.00325,0.065168,0.000451,-0.431641,0.0,0.9358,0.8884,0.002523,0.003246,0.003991,1.404076,3.214651,0.0
1771831296,44044.6,0.000528,0.067921,0.000431,-0.429688,0.0,0.9364,0.8895,0.003225,0.00289,0.002986,1.495378,3.106782,0.0
1772617728,44020.6,0.000807,0.061407,0.000441,-0.439453,0.0,0.9364,0.8892,0.003878,0.002972,0.003631,1.268049,3.317758,0.0
1773404160,44028.9,-0.01035,0.04737,0.000436,-0.423828,0.0,0.9372,0.8894,0.003396,0.002913,0.003536,1.228625,3.319318,0.0
1774190592,44037.4,-0.006514,0.047794,0.00043,-0.425781,0.0,0.9372,0.8886,0.002196,0.003054,0.002645,1.249572,3.258056,0.0
1774977024,44045.5,0.002683,0.055829,0.000438,-0.433594,0.0,0.9371,0.8874,0.002329,0.002438,0.002859,1.298307,3.278373,0.0
1775763456,44025.0,-0.001763,0.07025,0.000458,-0.431641,0.0,0.9375,0.8877,0.002627,0.003372,0.004309,1.540669,3.138826,0.0
1776549888,44033.1,-0.001744,0.059241,0.00043,-0.433594,0.0,0.9373,0.8875,0.003363,0.003324,0.004069,1.565644,3.053144,0.0
1777336320,44040.8,0.003208,0.052941,0.00045,-0.423828,0.0,0.9373,0.8876,0.002573,0.002647,0.003332,1.374298,3.467288,0.0
1778122752,44013.1,0.002025,0.079901,0.000451,-0.425781,0.0,0.9373,0.8876,0.003392,0.00301,0.004021,1.256552,3.488374,0.0
1778909184,44021.5,-0.004125,0.089659,0.000452,-0.421875,0.0,0.9364,0.885,0.003433,0.00408,0.005144,1.31964,3.285524,0.0
1779695616,44029.6,-0.002868,0.083186,0.000451,-0.4375,0.0,0.9361,0.8841,0.003787,0.003184,0.004025,1.406742,3.13625,0.0
1780482048,44038.1,-0.000765,0.082812,0.000448,-0.427734,0.0,0.9351,0.882,0.004554,0.003148,0.003431,1.503537,3.038681,0.0
1781268480,44014.3,-0.002015,0.087405,0.000443,-0.4375,0.0,0.9346,0.8807,0.003344,0.00395,0.004563,1.228336,3.320906,0.0
1782054912,44022.1,-0.006275,0.060845,0.00045,-0.439453,0.0,0.9335,0.8789,0.002926,0.003241,0.004588,1.224175,3.319323,0.0
1782841344,44030.7,0.002003,0.056688,0.000459,-0.433594,0.0,0.9329,0.8774,0.002702,0.003031,0.003914,1.394508,3.239588,0.0
1783627776,44010.3,0.0,0.074746,0.000481,-0.441406,0.0,0.933,0.8769,0.002731,0.003028,0.003667,1.445524,3.107901,0.0
1784414208,44018.8,0.001195,0.053818,0.000452,-0.416016,0.0,0.9334,0.8781,0.002278,0.002384,0.003498,1.47781,3.106079,0.0
1785200640,44027.2,-0.000385,0.049626,0.000446,-0.425781,0.0,0.9339,0.8812,0.001996,0.003215,0.003148,1.42765,3.356886,0.0
1785987072,44035.7,0.002057,0.057619,0.000495,-0.404297,0.0,0.9339,0.8825,0.002253,0.002689,0.003097,1.467985,3.50461,0.0
1786773504,44006.5,-0.001194,0.061333,0.000511,-0.419922,0.0,0.9348,0.8858,0.002193,0.002953,0.002949,1.426823,3.643938,0.0
1787559936,44014.2,-0.003257,0.059122,0.000534,-0.414062,0.0,0.9358,0.8879,0.003197,0.002845,0.002676,1.444139,3.432807,0.0
1788346368,44021.5,-0.002112,0.041792,0.000521,-0.408203,0.0,0.9362,0.8889,0.003402,0.002565,0.002605,1.457088,3.265095,0.0
1789132800,43998.1,-1.8e-05,0.06431,0.00051,-0.429688,0.0,0.9356,0.8885,0.002612,0.002653,0.00274,1.475894,3.146294,0.0
1789919232,44006.3,0.002965,0.076223,0.000486,-0.449219,0.0,0.9352,0.8886,0.002554,0.00333,0.004519,1.305867,3.388891,0.0
1790705664,44014.9,-0.001567,0.048232,0.000485,-0.451172,0.0,0.9346,0.8884,0.00352,0.003011,0.003425,1.371999,3.30211,0.0
1791492096,44023.5,-0.001165,0.042551,0.000495,-0.447266,0.0,0.9344,0.8904,0.002263,0.002575,0.002819,1.417265,3.227835,0.0
1792278528,44004.9,0.002793,0.071092,0.000509,-0.455078,0.0,0.9341,0.8904,0.003502,0.003233,0.003676,1.579057,3.249565,0.0
1793064960,44013.7,-0.002073,0.058824,0.000501,-0.441406,0.0,0.9339,0.8904,0.003284,0.002923,0.003828,1.563991,3.075984,0.0
1793851392,44022.2,5.1e-05,0.049557,0.000522,-0.455078,0.0,0.9337,0.8902,0.00331,0.003077,0.003596,1.37913,3.348087,0.0
1794637824,44030.5,-0.008948,0.044343,0.000526,-0.466797,0.0,0.9333,0.8901,0.001802,0.002366,0.002814,1.385096,3.336249,0.0
1795424256,44001.4,-0.007124,0.06511,0.000534,-0.4375,0.0,0.9338,0.8918,0.002604,0.002387,0.004167,1.342253,3.202107,0.0
1796210688,44009.4,-0.003104,0.05355,0.00051,-0.429688,0.0,0.9342,0.8934,0.003992,0.0027,0.003853,1.43216,3.205642,0.0
1796997120,44017.3,-0.001149,0.039448,0.000493,-0.421875,0.0,0.9346,0.895,0.001947,0.002256,0.002771,1.462144,3.191684,0.0
1797783552,43986.4,0.000236,0.057257,0.000486,-0.441406,0.0,0.9346,0.8957,0.002453,0.002616,0.003948,1.31338,3.342161,0.0
1798569984,43994.7,-0.00105,0.060876,0.000504,-0.4375,0.0,0.9346,0.8969,0.002515,0.003287,0.003738,1.31655,3.33474,0.0
1799356416,44002.8,-0.005993,0.061035,0.0005,-0.443359,0.0,0.9347,0.8981,0.001875,0.002769,0.003397,1.445899,3.30942,0.0
1800142848,44011.0,0.001732,0.062665,0.000494,-0.447266,0.0,0.935,0.899,0.001791,0.002665,0.003036,1.390626,3.215279,0.0
1800929280,43990.5,0.006633,0.065875,0.000477,-0.455078,0.0,0.935,0.8989,0.002297,0.002917,0.003718,1.437485,2.963738,0.0
1801715712,43999.0,-0.009365,0.055031,0.000449,-0.433594,0.0,0.9349,0.8981,0.002483,0.003018,0.003431,1.41487,2.769854,0.0
1802502144,44007.3,-0.005281,0.044807,0.000448,-0.419922,0.0,0.9349,0.898,0.001863,0.002256,0.003442,1.316062,3.126664,0.0
1803288576,43983.3,-0.003888,0.070701,0.000466,-0.423828,0.0,0.9357,0.9001,0.002069,0.002757,0.002887,1.320384,3.447442,0.0
1804075008,43991.7,8e-05,0.053583,0.000498,-0.425781,0.0,0.9365,0.9024,0.002472,0.002328,0.00286,1.382334,3.303627,0.0
1804861440,43999.9,-0.00126,0.050198,0.000496,-0.427734,0.0,0.9381,0.9054,0.002948,0.002458,0.003288,1.421276,3.203904,0.0
1805647872,44008.2,-0.005427,0.049096,0.000492,-0.445312,0.0,0.9392,0.9081,0.002406,0.002272,0.00329,1.476482,3.151496,0.0
1806434304,43988.5,0.003559,0.057859,0.000478,-0.457031,0.0,0.9401,0.9101,0.003109,0.003027,0.00331,1.355039,3.388628,0.0
1807220736,43996.5,0.000792,0.055605,0.000481,-0.443359,0.0,0.9408,0.9118,0.002292,0.002397,0.003022,1.369013,3.331029,0.0
1808007168,44004.7,-0.003765,0.040121,0.000493,-0.443359,0.0,0.9409,0.9125,0.002451,0.001896,0.002859,1.346612,3.275919,0.0
1808793600,43982.9,0.005726,0.05836,0.000496,-0.441406,0.0,0.941,0.9138,0.002289,0.003077,0.004078,1.449182,2.959026,0.0
1809580032,43989.9,0.00161,0.086827,0.0005,-0.451172,0.0,0.9411,0.9137,0.004605,0.003352,0.004082,1.525579,3.008865,0.0
1810366464,43997.9,-0.003981,0.054347,0.000476,-0.445312,0.0,0.9413,0.9135,0.002968,0.002226,0.002297,1.544322,3.042418,0.0
1811152896,44006.0,0.000552,0.062838,0.000488,-0.443359,0.0,0.9418,0.914,0.002406,0.00235,0.002998,1.311681,3.288708,0.0
1811939328,43983.5,0.000648,0.073244,0.000497,-0.453125,0.0,0.9419,0.914,0.002376,0.002886,0.003151,1.35532,3.350537,0.0
1812725760,43992.0,-0.005989,0.060688,0.000481,-0.462891,0.0,0.9427,0.915,0.002724,0.003832,0.003498,1.397387,3.177896,0.0
1813512192,43999.9,-0.001067,0.048716,0.000483,-0.443359,0.0,0.9427,0.9142,0.001846,0.002709,0.00303,1.452212,3.07793,0.0
1814298624,43977.8,-0.002786,0.042254,0.000475,-0.431641,0.0,0.9434,0.9153,0.001725,0.002343,0.002355,1.672392,2.889311,0.0
1815085056,43985.5,-0.003003,0.082609,0.000492,-0.447266,0.0,0.9429,0.914,0.002723,0.003977,0.003549,1.295545,3.267683,0.0
1815871488,43993.2,0.001215,0.060875,0.000489,-0.451172,0.0,0.9431,0.9142,0.003073,0.003248,0.003189,1.31068,3.292481,0.0
1816657920,44001.2,0.003805,0.06778,0.000484,-0.466797,0.0,0.9431,0.9137,0.00402,0.003296,0.003687,1.382597,3.119101,0.0
1817444352,43971.3,-0.00169,0.070457,0.000481,-0.482422,0.0,0.943,0.913,0.003745,0.004591,0.004088,1.46958,3.053352,0.0
1818230784,43979.5,0.000415,0.104899,0.000469,-0.445312,0.0,0.9425,0.9107,0.003963,0.004313,0.005141,1.48153,2.902344,0.0
1819017216,43987.0,-0.004657,0.068956,0.000483,-0.451172,0.0,0.9422,0.9093,0.003028,0.003386,0.004393,1.306118,3.034809,0.0
1819803648,43995.3,-0.004808,0.062549,0.000479,-0.455078,0.0,0.9417,0.9076,0.003683,0.003162,0.003503,1.330758,3.143167,0.0
1820590080,43973.7,-0.001164,0.074149,0.000502,-0.455078,0.0,0.9413,0.906,0.002929,0.003655,0.004224,1.307687,3.00983,0.0
1821376512,43982.0,0.000675,0.054278,0.000491,-0.453125,0.0,0.9414,0.906,0.002003,0.002256,0.00296,1.400374,2.99956,0.0
1822162944,43989.0,-0.000746,0.048467,0.000506,-0.443359,0.0,0.9417,0.9057,0.002059,0.002821,0.003256,1.408173,2.865245,0.0
1822949376,43967.1,0.002476,0.077251,0.000497,-0.464844,0.0,0.9419,0.9061,0.002151,0.002554,0.004217,1.302278,3.056057,0.0
1823735808,43975.1,0.000151,0.063724,0.000444,-0.451172,0.0,0.9424,0.9065,0.002295,0.002873,0.003891,1.298957,3.013618,0.0
1824522240,43983.3,0.0002,0.062481,0.000454,-0.425781,0.0,0.9419,0.9056,0.002433,0.002627,0.00292,1.250017,3.062027,0.0
1825308672,43991.6,-0.003807,0.055297,0.000452,-0.4375,0.0,0.9427,0.9064,0.00293,0.002239,0.003611,1.323383,3.030461,0.0
1826095104,43969.9,-0.000983,0.09416,0.000472,-0.451172,0.0,0.9426,0.9055,0.003741,0.00342,0.004895,1.422521,2.920393,0.0
1826881536,43978.3,-0.000371,0.074742,0.000452,-0.443359,0.0,0.9418,0.9034,0.002925,0.003244,0.003479,1.391436,2.76768,0.0
1827667968,43986.7,-0.002647,0.070969,0.000455,-0.441406,0.0,0.9419,0.9031,0.00283,0.003726,0.004174,1.271011,3.093748,0.0
1828454400,43962.4,-0.008038,0.073192,0.000468,-0.431641,0.0,0.9414,0.9013,0.002302,0.002986,0.004235,1.157919,3.15358,0.0
1829240832,43970.7,-0.004912,0.065815,0.000472,-0.400391,0.0,0.9406,0.8991,0.003188,0.003489,0.004269,1.244808,3.040905,0.0
1830027264,43979.0,-0.006177,0.048399,0.000466,-0.402344,0.0,0.9401,0.898,0.00209,0.002427,0.003276,1.233267,3.044751,0.0
1830813696,43987.4,-0.003557,0.046688,0.000476,-0.398438,0.0,0.9399,0.8966,0.001792,0.001858,0.002784,1.296338,2.945475,0.0
1831600128,43965.8,-0.006517,0.066936,0.00048,-0.417969,0.0,0.9396,0.8953,0.00305,0.002735,0.004962,1.251413,3.33047,0.0
1832386560,43974.3,-0.003772,0.066101,0.00048,-0.412109,0.0,0.9398,0.8943,0.002773,0.003251,0.003731,1.264184,3.374474,0.0
1833172992,43982.7,0.000917,0.093136,0.000463,-0.400391,0.0,0.9394,0.8935,0.003265,0.003245,0.003648,1.291931,3.354897,0.0
1833959424,43964.0,-0.001283,0.074308,0.000475,-0.412109,0.0,0.9386,0.8922,0.003995,0.003027,0.003701,1.270226,3.179574,0.0
1834745856,43972.4,-0.001632,0.068372,0.000467,-0.390625,0.0,0.9375,0.8906,0.002434,0.002365,0.003637,1.408797,3.166895,0.0
1835532288,43980.6,-0.002066,0.056677,0.000475,-0.410156,0.0,0.937,0.8906,0.00243,0.002129,0.002528,1.43591,3.070206,0.0
1836318720,43988.7,0.004413,0.054306,0.000479,-0.410156,0.0,0.9363,0.8898,0.004072,0.001599,0.002293,1.226344,3.35874,0.0
1837105152,43964.3,0.00076,0.073132,0.000479,-0.429688,0.0,0.9362,0.8899,0.003629,0.00328,0.004055,1.332296,3.418242,0.0
1837891584,43972.0,-0.006127,0.07374,0.000492,-0.416016,0.0,0.9367,0.8905,0.003984,0.004168,0.004471,1.362138,3.301456,0.0
1838678016,43980.0,7.1e-05,0.062762,0.000497,-0.421875,0.0,0.9364,0.8896,0.002491,0.003387,0.003846,1.378561,3.2142,0.0
1839464448,43953.8,0.000433,0.062426,0.000475,-0.425781,0.0,0.9365,0.8894,0.003251,0.002687,0.003251,1.654475,2.817544,0.0
1840250880,43961.2,-4.9e-05,0.078056,0.000458,-0.445312,0.0,0.9363,0.8884,0.003298,0.003936,0.005136,1.322107,3.38565,0.0
1841037312,43968.8,0.001736,0.066678,0.000472,-0.445312,0.0,0.9367,0.8882,0.002926,0.003629,0.004156,1.329526,3.233877,0.0
1841823744,43977.1,-0.007351,0.055138,0.000456,-0.457031,0.0,0.9366,0.8888,0.003111,0.003799,0.003915,1.374611,3.202635,0.0
1842610176,43950.5,-0.00282,0.075905,0.000471,-0.451172,0.0,0.9367,0.8892,0.003022,0.003042,0.003932,1.462708,3.081602,0.0
1843396608,43958.7,-0.001258,0.068173,0.000452,-0.417969,0.0,0.9373,0.8904,0.002514,0.00353,0.003366,1.511501,2.968037,0.0
1844183040,43966.6,0.004401,0.076028,0.000441,-0.431641,0.0,0.9378,0.8915,0.002679,0.003321,0.002855,1.320785,3.240403,0.0
1844969472,43974.6,-0.001157,0.06092,0.000454,-0.427734,0.0,0.9377,0.8918,0.001897,0.0021,0.002736,1.23982,3.209821,0.0
1845755904,43951.1,0.000666,0.058563,0.000454,-0.423828,0.0,0.9379,0.8921,0.002263,0.002272,0.00361,1.319055,3.391026,0.0
1846542336,43959.2,-0.004076,0.046439,0.000457,-0.416016,0.0,0.938,0.8928,0.002068,0.001988,0.003086,1.375343,3.329406,0.0
1847328768,43967.2,-0.004567,0.050423,0.000449,-0.425781,0.0,0.9381,0.8937,0.001922,0.002177,0.002608,1.38475,3.307466,0.0
1848115200,43941.9,-7e-06,0.071033,0.000479,-0.410156,0.0,0.939,0.8958,0.00233,0.004724,0.002809,1.315529,3.432054,0.0
1848901632,43949.9,-0.004851,0.083763,0.000502,-0.404297,0.0,0.9387,0.8954,0.002923,0.00597,0.00412,1.303732,3.521066,0.0
1849688064,43958.0,0.004527,0.069672,0.000494,-0.40625,0.0,0.9391,0.8968,0.002405,0.004116,0.003153,1.343944,3.604242,0.0
1850474496,43965.9,-0.004561,0.06717,0.000481,-0.425781,0.0,0.9397,0.8983,0.002822,0.00276,0.002994,1.371739,3.550659,0.0
1851260928,43944.9,0.002098,0.072565,0.000524,-0.433594,0.0,0.9397,0.8983,0.002585,0.003812,0.003805,1.50949,3.342327,0.0
1852047360,43952.7,-0.000879,0.067818,0.000503,-0.412109,0.0,0.9401,0.8998,0.002562,0.003392,0.003422,1.490784,3.179107,0.0
1852833792,43960.8,0.000389,0.050184,0.000501,-0.419922,0.0,0.9408,0.9016,0.002294,0.002802,0.003075,1.240592,3.410568,0.0
1853620224,43928.3,-0.000649,0.064522,0.000507,-0.447266,0.0,0.941,0.9027,0.003394,0.002726,0.003429,1.337872,3.533153,0.0
1854406656,43935.1,-0.004609,0.04447,0.000489,-0.464844,0.0,0.9413,0.9035,0.003443,0.003116,0.003574,1.455663,3.465938,0.0
1855193088,43943.2,-0.010979,0.058251,0.000473,-0.455078,0.0,0.9417,0.9045,0.003779,0.002461,0.003266,1.517016,3.318124,0.0
1855979520,43951.3,-0.005654,0.061795,0.000472,-0.462891,0.0,0.9417,0.9054,0.003201,0.002882,0.003399,1.599577,3.272724,0.0
1856765952,43924.4,-0.004886,0.067157,0.000472,-0.470703,0.0,0.9411,0.9048,0.003867,0.002884,0.003893,1.347846,3.503777,0.0
1857552384,43932.6,0.001759,0.063809,0.000457,-0.451172,0.0,0.9415,0.9054,0.00279,0.001948,0.002993,1.374049,3.394913,0.0
1858338816,43940.4,-0.000817,0.061455,0.000449,-0.441406,0.0,0.9424,0.9067,0.002096,0.002307,0.002827,1.431608,3.328583,0.0
1859125248,43919.4,-0.003032,0.062234,0.00048,-0.449219,0.0,0.943,0.9071,0.002505,0.002504,0.00265,1.492558,3.241301,0.0
1859911680,43927.5,0.005309,0.075969,0.000475,-0.443359,0.0,0.9439,0.9068,0.003226,0.00369,0.004213,1.564921,3.203869,0.0
1860698112,43935.7,-0.005568,0.069394,0.000477,-0.433594,0.0,0.9442,0.9072,0.003708,0.003476,0.004037,1.564815,3.00926,0.0
1861484544,43944.0,-0.003739,0.057688,0.000492,-0.439453,0.0,0.9442,0.9073,0.002315,0.002735,0.002814,1.333181,3.37525,0.0
1862270976,43916.9,-0.006298,0.076274,0.000505,-0.462891,0.0,0.9442,0.9074,0.002873,0.00269,0.003423,1.342979,3.373135,0.0
1863057408,43924.9,0.001019,0.069677,0.000492,-0.458984,0.0,0.9439,0.9068,0.003047,0.003267,0.003222,1.432344,3.296761,0.0
1863843840,43933.1,0.000208,0.075724,0.000478,-0.470703,0.0,0.9433,0.9052,0.003111,0.003647,0.003378,1.502659,3.102154,0.0
1864630272,43909.7,-0.002112,0.066278,0.000489,-0.470703,0.0,0.9431,0.9054,0.004254,0.003552,0.002986,1.646226,2.680851,0.0
1865416704,43917.0,-0.000129,0.073116,0.000466,-0.445312,0.0,0.9432,0.9054,0.002789,0.002783,0.004295,1.322226,3.273881,0.0
1866203136,43924.5,0.003353,0.062286,0.000477,-0.443359,0.0,0.9434,0.9059,0.002683,0.002133,0.003041,1.386283,3.325167,0.0
1866989568,43932.6,-0.001655,0.059287,0.000478,-0.447266,0.0,0.9434,0.9057,0.002152,0.002011,0.00329,1.427896,3.2591,0.0
1867776000,43909.8,-0.006196,0.061604,0.000487,-0.449219,0.0,0.9433,0.9061,0.002228,0.002001,0.002832,1.537275,3.255026,0.0
1868562432,43918.0,-0.006173,0.051542,0.00047,-0.429688,0.0,0.9435,0.9063,0.004964,0.002631,0.003211,1.593584,3.198543,0.0
1869348864,43926.1,0.002752,0.044445,0.000465,-0.419922,0.0,0.9433,0.9063,0.002705,0.001949,0.00249,1.552763,3.123423,0.0
1870135296,43932.7,-0.003969,0.037084,0.000469,-0.419922,0.0,0.943,0.9067,0.002498,0.002218,0.002746,1.434752,3.384147,0.0
1870921728,43908.0,0.003026,0.084582,0.00049,-0.4375,0.0,0.943,0.9067,0.002749,0.003533,0.004319,1.356582,3.430311,0.0
1871708160,43915.5,-0.000388,0.05499,0.000476,-0.439453,0.0,0.9431,0.9063,0.002454,0.002971,0.003535,1.382734,3.347028,0.0
1872494592,43923.6,0.002759,0.051616,0.00047,-0.445312,0.0,0.9431,0.9066,0.00269,0.002824,0.003877,1.471766,3.208476,0.0
1873281024,43901.5,-0.003079,0.072627,0.000463,-0.419922,0.0,0.9434,0.9074,0.002191,0.003036,0.004011,1.570995,3.064641,0.0
1874067456,43909.6,0.002487,0.079273,0.000459,-0.416016,0.0,0.9432,0.9068,0.003026,0.003193,0.004325,1.275874,3.447892,0.0
1874853888,43917.4,0.001597,0.061899,0.000473,-0.419922,0.0,0.9432,0.9067,0.003044,0.002674,0.003452,1.249107,3.403196,0.0
1875640320,43925.1,0.000571,0.065287,0.000453,-0.431641,0.0,0.9429,0.9058,0.002451,0.002577,0.00288,1.305857,3.340611,0.0
1876426752,43900.5,-0.0064,0.063627,0.000467,-0.4375,0.0,0.9428,0.9056,0.002869,0.003018,0.004775,1.470746,3.2006,0.0
1877213184,43908.6,-0.001157,0.065246,0.000453,-0.421875,0.0,0.9426,0.9049,0.003142,0.003977,0.004324,1.601342,3.235017,0.0
1877999616,43916.3,0.000831,0.062022,0.000456,-0.427734,0.0,0.9424,0.9048,0.003184,0.003232,0.004205,1.34937,3.32971,0.0
1878786048,43893.6,-0.004238,0.05746,0.000475,-0.449219,0.0,0.9423,0.9048,0.002512,0.002408,0.00316,1.338317,3.545534,0.0
1879572480,43901.4,0.008527,0.047844,0.000516,-0.458984,0.0,0.9427,0.9052,0.001976,0.0022,0.002563,1.446016,3.331474,0.0
1880358912,43909.7,-0.004635,0.040592,0.000519,-0.453125,0.0,0.9431,0.9066,0.002085,0.002651,0.003121,1.501131,3.225468,0.0
1881145344,43917.2,-0.007358,0.033502,0.000515,-0.447266,0.0,0.9439,0.9086,0.00186,0.001639,0.002088,1.536487,3.222444,0.0
1881931776,43896.6,-0.005004,0.051342,0.000513,-0.443359,0.0,0.9446,0.9099,0.00231,0.001487,0.002443,1.416044,3.419376,0.0
1882718208,43904.8,-0.003312,0.042586,0.000491,-0.421875,0.0,0.9443,0.9101,0.003255,0.002395,0.003042,1.388515,3.404657,0.0
1883504640,43912.8,-0.001393,0.047902,0.000496,-0.423828,0.0,0.9446,0.9113,0.002242,0.001888,0.002631,1.358686,3.370816,0.0
1884291072,43891.2,0.003509,0.063543,0.000502,-0.423828,0.0,0.9448,0.9127,0.002432,0.002221,0.002882,1.292076,3.145699,0.0
1885077504,43899.1,-0.000163,0.083511,0.000445,-0.421875,0.0,0.945,0.9132,0.00333,0.00365,0.004178,1.353747,3.067641,0.0
1885863936,43907.3,0.001967,0.068675,0.000446,-0.433594,0.0,0.9447,0.9127,0.002953,0.002942,0.003743,1.368347,2.952631,0.0
1886650368,43915.4,-0.003265,0.06074,0.000442,-0.445312,0.0,0.9449,0.9146,0.00245,0.003164,0.003169,1.30539,3.257663,0.0
1887436800,43894.4,0.004626,0.091312,0.000459,-0.46875,0.0,0.9449,0.9148,0.002734,0.003179,0.003794,1.34643,3.318767,0.0
1888223232,43902.5,0.00422,0.045133,0.000479,-0.458984,0.0,0.9453,0.9174,0.002493,0.002951,0.002869,1.432168,3.231414,0.0
1889009664,43910.5,-0.007075,0.038089,0.000478,-0.457031,0.0,0.9447,0.9184,0.001982,0.002937,0.002719,1.519583,3.167415,0.0
1889796096,43887.1,-0.002915,0.04322,0.000469,-0.470703,0.0,0.9446,0.9195,0.002191,0.002296,0.002196,1.559115,2.614621,0.0
1890582528,43894.8,0.004142,0.053235,0.000496,-0.441406,0.0,0.9443,0.9188,0.004176,0.00315,0.004288,1.307872,3.276779,0.0
1891368960,43903.0,-0.001396,0.041676,0.000496,-0.431641,0.0,0.9442,0.9184,0.00322,0.0037,0.003072,1.314994,3.331948,0.0
1892155392,43911.1,0.002084,0.045751,0.000486,-0.419922,0.0,0.9445,0.9186,0.003634,0.003023,0.003321,1.317091,3.372249,0.0
1892941824,43888.8,-0.007783,0.059136,0.00049,-0.431641,0.0,0.9448,0.9187,0.002791,0.003319,0.003793,1.397613,3.262839,0.0
1893728256,43897.1,-0.000955,0.066869,0.000447,-0.441406,0.0,0.9449,0.9191,0.002138,0.003114,0.004014,1.472342,3.213536,0.0
1894514688,43905.2,-0.006108,0.058417,0.000445,-0.435547,0.0,0.9449,0.9192,0.002989,0.003654,0.003659,1.469296,2.955043,0.0
1895301120,43913.4,-0.00691,0.045187,0.000448,-0.439453,0.0,0.945,0.9197,0.002196,0.002104,0.002739,1.362532,3.337005,0.0
1896087552,43893.2,-0.002899,0.06256,0.000454,-0.458984,0.0,0.9456,0.921,0.002218,0.003497,0.003972,1.368266,3.338453,0.0
1896873984,43900.8,0.001236,0.052156,0.000437,-0.451172,0.0,0.9457,0.9221,0.002742,0.002595,0.003352,1.421163,3.196296,0.0
1897660416,43908.6,-0.0027,0.038698,0.000445,-0.447266,0.0,0.946,0.9239,0.002313,0.001551,0.002334,1.439901,3.100899,0.0
1898446848,43885.5,0.00023,0.066834,0.000479,-0.486328,0.0,0.9464,0.9248,0.002617,0.003188,0.003789,1.677496,2.989908,0.0
1899233280,43893.7,-0.006013,0.060666,0.000511,-0.476562,0.0,0.947,0.9254,0.002378,0.002974,0.003686,1.506209,3.359618,0.0
1900019712,43901.8,0.000119,0.051563,0.000504,-0.474609,0.0,0.9472,0.926,0.002147,0.00245,0.002985,1.529139,3.442554,0.0
1900806144,43909.9,-0.003219,0.053036,0.000501,-0.478516,0.0,0.9475,0.9261,0.003488,0.002375,0.003361,1.567268,3.396049,0.0
1901592576,43893.8,-0.000999,0.078592,0.000475,-0.484375,0.0,0.9481,0.9268,0.003445,0.003289,0.004421,1.509303,3.043291,0.0
1902379008,43901.8,-0.000384,0.060361,0.000446,-0.455078,0.0,0.948,0.9256,0.003541,0.002771,0.003348,1.57849,3.017965,0.0
1903165440,43909.7,-0.000289,0.049208,0.000445,-0.449219,0.0,0.9481,0.9251,0.002271,0.002818,0.002689,1.465963,3.291325,0.0
1903951872,43888.5,-0.001252,0.063477,0.000458,-0.460938,0.0,0.948,0.9246,0.002871,0.003337,0.003768,1.359354,3.483804,0.0
1904738304,43896.1,0.003348,0.062769,0.000471,-0.4375,0.0,0.948,0.9243,0.004342,0.002319,0.003068,1.403636,3.324221,0.0
1905524736,43903.6,-0.000902,0.052007,0.000468,-0.466797,0.0,0.9477,0.9234,0.003599,0.003046,0.003752,1.389612,3.242293,0.0
1906311168,43911.6,-0.006448,0.036433,0.000462,-0.462891,0.0,0.9474,0.923,0.002775,0.001735,0.002572,1.543114,3.190639,0.0
1907097600,43892.9,-0.000734,0.073522,0.000456,-0.466797,0.0,0.9466,0.922,0.003434,0.003154,0.004424,1.352663,3.256849,0.0
1907884032,43900.8,-0.002374,0.075783,0.000459,-0.474609,0.0,0.947,0.923,0.004146,0.003532,0.004537,1.356645,3.2681,0.0
1908670464,43908.3,-0.010409,0.063282,0.000465,-0.462891,0.0,0.9469,0.9228,0.002345,0.003128,0.003414,1.331033,3.204459,0.0
1909456896,43882.8,-0.001267,0.070524,0.000478,-0.46875,0.0,0.9471,0.9233,0.002505,0.002831,0.00324,1.338617,3.060136,0.0
1910243328,43891.2,-0.002513,0.049556,0.000478,-0.449219,0.0,0.947,0.9229,0.002503,0.002951,0.003153,1.385674,2.910792,0.0
1911029760,43899.3,0.002793,0.060148,0.000482,-0.441406,0.0,0.9473,0.9226,0.002964,0.003087,0.003452,1.511931,2.783348,0.0
1911816192,43907.0,0.004578,0.048052,0.000479,-0.447266,0.0,0.9479,0.923,0.002535,0.002443,0.002811,1.251575,3.159818,0.0
1912602624,43888.5,0.003125,0.066193,0.000504,-0.458984,0.0,0.9482,0.9226,0.002076,0.00232,0.00247,1.320704,3.161745,0.0
1913389056,43896.5,-0.002984,0.065646,0.000511,-0.435547,0.0,0.9482,0.9228,0.00298,0.003164,0.003583,1.312623,3.11767,0.0
1914175488,43904.5,-0.001921,0.047163,0.000505,-0.445312,0.0,0.9479,0.9231,0.002202,0.003325,0.003385,1.3176,2.989954,0.0
1914961920,43882.2,0.004193,0.068186,0.000512,-0.455078,0.0,0.9476,0.9229,0.00391,0.003126,0.003483,1.515669,2.596262,0.0
1915748352,43890.2,-0.003195,0.09884,0.000484,-0.433594,0.0,0.9474,0.9219,0.004208,0.004421,0.004833,1.255999,3.082526,0.0
1916534784,43898.2,0.001831,0.101086,0.000494,-0.455078,0.0,0.9466,0.9195,0.003311,0.003634,0.003967,1.262298,3.088696,0.0
1917321216,43906.1,0.000837,0.055881,0.000487,-0.4375,0.0,0.9457,0.9177,0.002429,0.002607,0.003935,1.29699,3.155986,0.0
1918107648,43889.7,9.8e-05,0.071461,0.000519,-0.441406,0.0,0.9452,0.9166,0.003074,0.002946,0.004114,1.350404,3.02304,0.0
1918894080,43897.5,0.005133,0.067935,0.000553,-0.429688,0.0,0.9444,0.9136,0.003966,0.00328,0.004561,1.410501,2.941259,0.0
1919680512,43905.5,-0.000559,0.045098,0.000528,-0.429688,0.0,0.9447,0.9134,0.003585,0.002967,0.003552,1.429551,2.971293,0.0
1920466944,43913.4,-0.009949,0.054346,0.000515,-0.429688,0.0,0.9443,0.9115,0.002842,0.002775,0.003095,1.292946,3.147901,0.0
1921253376,43892.5,0.002842,0.082833,0.000493,-0.460938,0.0,0.9442,0.9106,0.003175,0.003748,0.004374,1.307504,3.193702,0.0
1922039808,43900.5,0.002645,0.058179,0.000498,-0.441406,0.0,0.9437,0.9093,0.00241,0.003439,0.00369,1.328639,3.11108,0.0
1922826240,43908.1,-0.005222,0.04477,0.000488,-0.474609,0.0,0.9435,0.9082,0.002409,0.002767,0.00312,1.436691,2.966897,0.0
1923612672,43888.1,-0.001748,0.066564,0.000484,-0.460938,0.0,0.9433,0.9078,0.002786,0.002426,0.003247,1.409402,2.508808,0.0
1924399104,43895.9,-0.005635,0.050157,0.000441,-0.441406,0.0,0.9432,0.9075,0.002997,0.00268,0.00303,1.206633,3.032237,0.0
1925185536,43903.7,-0.005249,0.045672,0.000444,-0.4375,0.0,0.943,0.9071,0.002259,0.002102,0.002768,1.252011,3.078255,0.0
1925971968,43911.1,0.003834,0.054761,0.000453,-0.443359,0.0,0.942,0.9056,0.001956,0.00266,0.002874,1.329053,3.074874,0.0
1926758400,43895.2,-0.005087,0.075609,0.000474,-0.433594,0.0,0.9423,0.9058,0.002873,0.002587,0.004151,1.374229,2.975374,0.0
1927544832,43902.8,-0.001282,0.051352,0.000471,-0.410156,0.0,0.9422,0.905,0.002221,0.002408,0.003644,1.392635,2.931225,0.0
1928331264,43910.6,-0.002272,0.050948,0.000477,-0.423828,0.0,0.9416,0.9037,0.001883,0.0029,0.002889,1.431717,2.930551,0.0
1929117696,43885.5,-0.008345,0.059345,0.000473,-0.453125,0.0,0.9413,0.902,0.002702,0.002281,0.002554,1.26796,3.313811,0.0
1929904128,43893.4,-0.003133,0.040474,0.000464,-0.449219,0.0,0.9422,0.9038,0.001787,0.002324,0.002714,1.269972,3.195631,0.0
1930690560,43901.1,0.003562,0.054884,0.000484,-0.449219,0.0,0.9429,0.9045,0.002147,0.002164,0.003228,1.369899,3.130613,0.0
1931476992,43908.9,-0.002493,0.030847,0.000473,-0.439453,0.0,0.9429,0.9052,0.00185,0.001844,0.002391,1.406924,3.017291,0.0
1932263424,43890.2,0.003852,0.061623,0.000482,-0.447266,0.0,0.9437,0.907,0.002086,0.002217,0.00281,1.595884,2.959812,0.0
1933049856,43897.9,-0.00348,0.05546,0.000478,-0.486328,0.0,0.9439,0.9078,0.002154,0.002807,0.003202,1.423354,3.271006,0.0
1933836288,43905.7,0.004238,0.044146,0.000482,-0.484375,0.0,0.944,0.908,0.001593,0.002375,0.002483,1.408019,3.104815,0.0
1934622720,43887.3,-0.000935,0.057783,0.000491,-0.498047,0.0,0.944,0.9086,0.002126,0.002294,0.002978,1.397499,2.992714,0.0
1935409152,43895.2,-0.002988,0.073872,0.000502,-0.470703,0.0,0.9435,0.9072,0.002491,0.002693,0.003406,1.531669,2.943447,0.0
1936195584,43903.0,0.003483,0.0839,0.000504,-0.472656,0.0,0.9436,0.9068,0.004038,0.002133,0.002992,1.606502,2.907285,0.0
1936982016,43910.5,0.002379,0.071697,0.000493,-0.484375,0.0,0.9435,0.9062,0.003033,0.002883,0.003296,1.408285,3.173649,0.0
1937768448,43885.1,0.005799,0.083822,0.00048,-0.492188,0.0,0.9437,0.9057,0.003811,0.002965,0.003581,1.394782,3.219607,0.0
1938554880,43892.5,3.4e-05,0.059636,0.000471,-0.455078,0.0,0.9441,0.9061,0.002666,0.00291,0.003513,1.359917,3.105556,0.0
1939341312,43900.0,-0.000155,0.04255,0.000472,-0.451172,0.0,0.9451,0.9089,0.001939,0.002242,0.003041,1.342363,3.087778,0.0
1940127744,43886.0,0.002073,0.078594,0.000477,-0.445312,0.0,0.9461,0.9108,0.002646,0.002594,0.003592,1.626674,2.705525,0.0
1940914176,43893.3,-0.002469,0.053428,0.000516,-0.453125,0.0,0.9469,0.9123,0.0023,0.002264,0.00259,1.40165,3.111276,0.0
1941700608,43900.7,-0.002394,0.050394,0.000523,-0.455078,0.0,0.9476,0.9144,0.002072,0.00224,0.002395,1.353933,3.230324,0.0
1942487040,43908.7,-0.000861,0.047917,0.000525,-0.435547,0.0,0.948,0.9165,0.001948,0.00228,0.002288,1.370543,3.220032,0.0
1943273472,43893.0,-0.004209,0.051885,0.00051,-0.447266,0.0,0.9479,0.9169,0.002067,0.002377,0.002945,1.471403,3.190444,0.0
1944059904,43900.6,0.000152,0.058365,0.00048,-0.453125,0.0,0.9481,0.9179,0.002479,0.002457,0.003183,1.48663,3.146216,0.0
1944846336,43908.4,-0.005097,0.047061,0.000468,-0.453125,0.0,0.948,0.9187,0.003122,0.002556,0.003963,1.525852,2.987589,0.0
1945632768,43915.9,-0.004392,0.051022,0.00048,-0.439453,0.0,0.9484,0.92,0.001903,0.002386,0.00294,1.38292,3.185091,0.0
1946419200,43896.6,0.003166,0.059501,0.000484,-0.439453,0.0,0.9483,0.92,0.002099,0.002975,0.002941,1.273105,3.316095,0.0
1947205632,43903.7,-0.003998,0.042184,0.000491,-0.429688,0.0,0.949,0.9225,0.002572,0.002402,0.002361,1.397417,3.270025,0.0
1947992064,43911.0,-0.004724,0.044684,0.000492,-0.4375,0.0,0.9492,0.9241,0.001773,0.002262,0.00221,1.407776,3.199178,0.0
1948778496,43897.7,0.000895,0.046688,0.000485,-0.435547,0.0,0.9501,0.9264,0.001653,0.002218,0.00226,1.533031,3.002886,0.0
1949564928,43904.4,-9.2e-05,0.057904,0.000464,-0.425781,0.0,0.9504,0.9275,0.002928,0.003611,0.00428,1.351755,3.333669,0.0
1950351360,43911.0,-0.003964,0.040317,0.000472,-0.4375,0.0,0.9505,0.929,0.002062,0.002364,0.002878,1.409897,3.305822,0.0
1951137792,43918.7,0.000272,0.044776,0.000473,-0.421875,0.0,0.9507,0.9302,0.002451,0.002156,0.002871,1.395946,3.263799,0.0
1951924224,43898.4,-0.00283,0.069399,0.00048,-0.4375,0.0,0.9514,0.9323,0.002426,0.002748,0.00314,1.387897,3.22663,0.0
1952710656,43906.1,-0.001288,0.062763,0.000474,-0.421875,0.0,0.9514,0.9316,0.00324,0.002966,0.003011,1.401924,3.101761,0.0
1953497088,43913.7,-0.007414,0.040801,0.000497,-0.404297,0.0,0.9517,0.9319,0.002237,0.002937,0.002805,1.521556,3.144147,0.0
1954283520,43894.2,-0.00611,0.067762,0.00049,-0.441406,0.0,0.9519,0.9319,0.002658,0.002805,0.003798,1.305554,3.502059,0.0
1955069952,43901.9,0.003744,0.055429,0.000492,-0.435547,0.0,0.9518,0.9315,0.002327,0.002387,0.002835,1.345367,3.302346,0.0
1955856384,43909.5,-0.000729,0.061746,0.000491,-0.431641,0.0,0.9519,0.9309,0.002751,0.002856,0.003136,1.335399,3.173476,0.0
1956642816,43916.3,0.000413,0.056237,0.000488,-0.449219,0.0,0.9519,0.9303,0.001966,0.002511,0.002539,1.374565,3.047206,0.0
1957429248,43894.2,0.007018,0.061603,0.000476,-0.46875,0.0,0.9521,0.9304,0.003687,0.003023,0.006051,1.588629,2.855345,0.0
1958215680,43902.0,0.001958,0.040483,0.000454,-0.470703,0.0,0.9525,0.9316,0.002006,0.002183,0.002617,1.388484,3.321398,0.0
1959002112,43910.0,-0.004534,0.03867,0.000458,-0.451172,0.0,0.9525,0.9325,0.002206,0.002418,0.002329,1.348439,3.312385,0.0
1959788544,43890.4,0.002338,0.078018,0.000496,-0.449219,0.0,0.9529,0.9339,0.002333,0.002622,0.003796,1.382138,3.348064,0.0
1960574976,43898.3,0.001062,0.069769,0.00049,-0.427734,0.0,0.9529,0.9339,0.003512,0.002891,0.003544,1.469119,3.25758,0.0
1961361408,43905.8,-0.007631,0.050571,0.000469,-0.435547,0.0,0.953,0.9345,0.002431,0.003093,0.002838,1.526758,3.262688,0.0
1962147840,43913.5,-0.004592,0.064556,0.000478,-0.439453,0.0,0.9528,0.9344,0.002578,0.003771,0.004255,1.428761,3.355619,0.0
1962934272,43891.2,-0.006375,0.076342,0.000494,-0.458984,0.0,0.9528,0.9348,0.003278,0.003379,0.003369,1.400407,3.368045,0.0
1963720704,43899.1,-0.005332,0.06658,0.000501,-0.46875,0.0,0.9526,0.9347,0.003373,0.003253,0.003128,1.366389,3.312608,0.0
1964507136,43906.7,-0.004003,0.056038,0.000505,-0.474609,0.0,0.9524,0.9345,0.002433,0.002945,0.002783,1.43183,3.169012,0.0
1965293568,43882.6,-0.00188,0.054283,0.000513,-0.480469,0.0,0.9526,0.9352,0.002821,0.002245,0.002635,1.559913,2.573584,0.0
1966080000,43890.0,-0.002625,0.078181,0.000512,-0.433594,0.0,0.9519,0.9331,0.003113,0.003455,0.004106,1.263246,3.106885,0.0
1966866432,43897.5,-0.000698,0.067644,0.000504,-0.451172,0.0,0.9519,0.9329,0.002396,0.002739,0.003206,1.246296,3.095989,0.0
1967652864,43904.9,0.00177,0.05604,0.000488,-0.443359,0.0,0.952,0.9326,0.002376,0.00243,0.002942,1.240165,3.089994,0.0
1968439296,43883.4,-0.004844,0.062639,0.00052,-0.464844,0.0,0.9522,0.9326,0.002816,0.002054,0.003123,1.325642,3.053942,0.0
1969225728,43890.2,0.002369,0.033528,0.000523,-0.451172,0.0,0.9524,0.933,0.002124,0.001583,0.00238,1.44161,3.027406,0.0
1970012160,43897.7,-0.006226,0.03763,0.000519,-0.439453,0.0,0.953,0.9329,0.002786,0.002079,0.002577,1.457807,2.939128,0.0
1970798592,43905.4,0.001206,0.037342,0.000518,-0.439453,0.0,0.9533,0.9335,0.00214,0.001857,0.002142,1.303651,3.122838,0.0
1971585024,43887.2,0.00325,0.081262,0.000523,-0.449219,0.0,0.9536,0.9337,0.003089,0.00246,0.003357,1.392918,3.222306,0.0
1972371456,43894.8,-0.005203,0.055795,0.00052,-0.449219,0.0,0.9535,0.9335,0.003442,0.002575,0.00304,1.359181,3.138356,0.0
1973157888,43902.5,0.001632,0.056599,0.000534,-0.453125,0.0,0.9532,0.9325,0.003305,0.002472,0.003333,1.410849,3.110874,0.0
1973944320,43871.5,-0.001158,0.076218,0.000534,-0.447266,0.0,0.9523,0.9305,0.003221,0.003081,0.003816,1.535344,2.909563,0.0
1974730752,43878.4,0.00328,0.064153,0.000523,-0.4375,0.0,0.9527,0.932,0.002349,0.003363,0.004033,1.356874,3.293508,0.0
1975517184,43885.5,-0.005308,0.046392,0.000511,-0.4375,0.0,0.9523,0.9312,0.001949,0.002527,0.003465,1.39274,3.339866,0.0
1976303616,43892.9,-0.004189,0.03464,0.000496,-0.435547,0.0,0.9519,0.9307,0.001494,0.002127,0.002667,1.371073,3.335603,0.0
1977090048,43873.6,-0.004965,0.054523,0.000519,-0.449219,0.0,0.9519,0.9307,0.003157,0.002938,0.004296,1.467565,3.317776,0.0
1977876480,43881.3,-0.006419,0.037797,0.000504,-0.443359,0.0,0.9521,0.9309,0.002067,0.002314,0.002829,1.48119,3.15997,0.0
1978662912,43889.0,0.002191,0.033282,0.000499,-0.451172,0.0,0.9522,0.9312,0.002687,0.002227,0.002597,1.462342,3.065454,0.0
1979449344,43874.1,-0.001266,0.062754,0.000497,-0.455078,0.0,0.9525,0.9315,0.002698,0.002163,0.002486,1.307058,3.375247,0.0
1980235776,43881.7,0.001507,0.056118,0.000493,-0.462891,0.0,0.9528,0.9323,0.001712,0.002641,0.003247,1.355084,3.312573,0.0
1981022208,43889.5,-0.004065,0.050457,0.000491,-0.457031,0.0,0.9531,0.9324,0.001782,0.00299,0.002701,1.417294,3.198023,0.0
1981808640,43896.8,-0.004308,0.051955,0.000492,-0.474609,0.0,0.9531,0.9321,0.002264,0.00302,0.003015,1.449847,3.168832,0.0
1982595072,43883.6,-0.000571,0.070662,0.000479,-0.464844,0.0,0.9534,0.933,0.002277,0.00339,0.002682,1.558915,2.997859,0.0
1983381504,43891.3,-0.006916,0.043055,0.000459,-0.451172,0.0,0.9532,0.9325,0.004075,0.003439,0.003615,1.41995,3.28219,0.0
1984167936,43898.9,0.007408,0.071831,0.000475,-0.457031,0.0,0.953,0.9319,0.003318,0.002867,0.003672,1.42891,3.302232,0.0
1984954368,43876.5,-0.004751,0.051737,0.000484,-0.466797,0.0,0.9529,0.9321,0.002047,0.002136,0.002677,1.446617,3.301097,0.0
1985740800,43884.0,-0.011177,0.051153,0.000515,-0.472656,0.0,0.9525,0.9313,0.002479,0.002201,0.003382,1.488266,3.166112,0.0
1986527232,43891.7,-0.006082,0.054169,0.000516,-0.464844,0.0,0.9522,0.9306,0.002498,0.002542,0.003179,1.658486,3.180302,0.0
1987313664,43899.5,-0.006862,0.042468,0.000524,-0.449219,0.0,0.9523,0.9303,0.003119,0.002187,0.003466,1.640614,3.146065,0.0
1988100096,43879.3,-0.000167,0.041664,0.000531,-0.451172,0.0,0.9525,0.9307,0.001856,0.002738,0.003198,1.398569,3.483264,0.0
1988886528,43886.6,-0.005352,0.042871,0.00054,-0.455078,0.0,0.9529,0.9329,0.001966,0.002331,0.002858,1.427039,3.399226,0.0
1989672960,43893.9,-0.00282,0.035886,0.000544,-0.460938,0.0,0.9529,0.9341,0.001733,0.002083,0.002351,1.508392,3.367603,0.0
1990459392,43870.8,-0.003525,0.04153,0.000552,-0.462891,0.0,0.9528,0.935,0.001792,0.001542,0.001937,1.828286,3.063893,0.0
1991245824,43878.5,-0.001345,0.049506,0.000546,-0.460938,0.0,0.9525,0.9346,0.002251,0.002282,0.002951,1.75765,3.283839,0.0
1992032256,43886.0,-0.004769,0.048578,0.000566,-0.46875,0.0,0.9527,0.9353,0.002012,0.002427,0.003915,1.551523,3.517484,0.0
1992818688,43893.8,-0.003463,0.037026,0.00055,-0.464844,0.0,0.9525,0.9351,0.001698,0.002093,0.002608,1.563617,3.600523,0.0
1993605120,43872.4,-0.001646,0.050295,0.00057,-0.466797,0.0,0.9526,0.9351,0.003647,0.002449,0.002526,1.468085,3.316186,0.0
1994391552,43880.0,-0.000332,0.048286,0.000563,-0.445312,0.0,0.9528,0.9353,0.002957,0.003291,0.003366,1.46235,3.295805,0.0
1995177984,43887.6,-0.00072,0.05584,0.00057,-0.455078,0.0,0.9531,0.9361,0.002966,0.003198,0.003915,1.525295,3.147485,0.0
1995964416,43895.2,0.00193,0.054408,0.000562,-0.462891,0.0,0.9535,0.9371,0.002944,0.002404,0.003217,1.470435,3.25015,0.0
1996750848,43874.5,0.003062,0.057044,0.000529,-0.472656,0.0,0.9538,0.9378,0.002897,0.003209,0.004311,1.454642,3.408312,0.0
1997537280,43882.3,-0.009799,0.036402,0.000533,-0.470703,0.0,0.9541,0.938,0.001801,0.00253,0.002811,1.429214,3.335769,0.0
1998323712,43890.0,-0.005878,0.037617,0.000529,-0.466797,0.0,0.9541,0.9377,0.00145,0.001935,0.002813,1.534326,3.281767,0.0
1999110144,43871.9,-0.004782,0.057313,0.000534,-0.478516,0.0,0.9541,0.9378,0.001687,0.002013,0.003023,1.552552,2.933246,0.0
1999896576,43878.4,-0.000859,0.062634,0.000541,-0.462891,0.0,0.9542,0.9382,0.002734,0.003124,0.00392,1.38946,3.181525,0.0
2000683008,43885.5,-0.004706,0.048237,0.000533,-0.474609,0.0,0.954,0.9382,0.00324,0.002598,0.003247,1.393153,3.215045,0.0
2001469440,43265.8,-0.007111,0.036497,0.000535,-0.453125,0.0,0.9535,0.9382,0.003373,0.002352,0.003375,1.385051,3.201442,0.0
2002255872,43241.6,-0.005231,0.059869,0.000538,-0.484375,0.0,0.954,0.9389,0.002586,0.002535,0.00362,1.530963,3.21002,0.0
2003042304,43249.2,0.001007,0.056216,0.000501,-0.464844,0.0,0.9538,0.9385,0.001964,0.001927,0.003122,1.615979,3.197101,0.0
2003828736,43256.0,0.002941,0.050838,0.000495,-0.466797,0.0,0.9539,0.9385,0.001923,0.002346,0.002831,1.652939,3.187112,0.0
2004615168,43237.7,-0.000171,0.053284,0.00051,-0.466797,0.0,0.9536,0.9378,0.002477,0.002651,0.003375,1.342617,3.341709,0.0
2005401600,43244.4,-0.003373,0.05178,0.000511,-0.421875,0.0,0.9538,0.9379,0.002679,0.003684,0.004414,1.341839,3.257696,0.0
2006188032,43251.6,0.005905,0.059027,0.00051,-0.419922,0.0,0.954,0.9385,0.002506,0.002404,0.003358,1.355905,3.26171,0.0
2006974464,43259.1,-0.006501,0.045635,0.000507,-0.423828,0.0,0.9546,0.9391,0.00278,0.002644,0.003107,1.365262,3.215317,0.0
2007760896,43239.3,0.008387,0.057722,0.000504,-0.416016,0.0,0.9548,0.9395,0.002301,0.002817,0.002951,1.435507,3.022039,0.0
2008547328,43246.6,-0.002269,0.045476,0.000487,-0.427734,0.0,0.9555,0.9408,0.001857,0.002166,0.002609,1.2803,3.254013,0.0
2009333760,43254.2,0.006044,0.043174,0.000487,-0.423828,0.0,0.9559,0.9413,0.002224,0.00243,0.003395,1.266254,3.319684,0.0
2010120192,43237.3,-0.000233,0.041328,0.000492,-0.433594,0.0,0.9558,0.9412,0.001961,0.00169,0.0021,1.394209,3.359453,0.0
2010906624,43244.5,-0.001825,0.045756,0.000498,-0.4375,0.0,0.9562,0.9415,0.002609,0.002202,0.002726,1.467941,3.286998,0.0
2011693056,43251.2,0.001987,0.044978,0.000502,-0.433594,0.0,0.9565,0.942,0.003436,0.002879,0.00399,1.494879,3.127914,0.0
2012479488,43258.2,-0.003009,0.030779,0.000494,-0.423828,0.0,0.9558,0.9406,0.00244,0.001644,0.002602,1.522908,3.045103,0.0
2013265920,43245.2,-0.00507,0.04714,0.000527,-0.445312,0.0,0.9554,0.9401,0.002243,0.002158,0.00338,1.263811,3.358012,0.0
2014052352,43252.6,-0.002096,0.037435,0.000535,-0.427734,0.0,0.9554,0.9399,0.002103,0.001884,0.002791,1.268082,3.221871,0.0
2014838784,43259.9,-0.003034,0.033379,0.000541,-0.423828,0.0,0.9552,0.9399,0.001838,0.002433,0.002569,1.392875,3.19827,0.0
2015625216,43243.2,-0.004112,0.045551,0.000551,-0.441406,0.0,0.9547,0.9392,0.002133,0.002241,0.002662,1.607594,2.986647,0.0
2016411648,43250.8,0.003717,0.037306,0.000502,-0.435547,0.0,0.9551,0.9409,0.001695,0.001908,0.003063,1.535641,3.085174,0.0
2017198080,43257.6,-0.004047,0.039241,0.000504,-0.447266,0.0,0.9546,0.9402,0.002212,0.00202,0.003209,1.422037,3.363576,0.0
2017984512,43264.6,-0.001496,0.033906,0.000502,-0.443359,0.0,0.9544,0.9407,0.002064,0.002293,0.002776,1.377736,3.345542,0.0
2018770944,43242.5,-0.003454,0.041186,0.000516,-0.449219,0.0,0.9541,0.9407,0.002004,0.002564,0.002836,1.483079,3.39769,0.0
2019557376,43250.1,-0.001177,0.036896,0.000518,-0.4375,0.0,0.9542,0.9418,0.002111,0.002592,0.003055,1.464677,3.240711,0.0
2020343808,43257.2,-0.003912,0.039711,0.000507,-0.449219,0.0,0.9544,0.943,0.002038,0.002388,0.002587,1.460209,3.207252,0.0
2021130240,43264.3,0.006038,0.035568,0.000509,-0.455078,0.0,0.9542,0.9436,0.002072,0.001903,0.002395,1.425693,3.26156,0.0
2021916672,43245.4,-0.000149,0.052053,0.000515,-0.447266,0.0,0.9542,0.9435,0.00208,0.003206,0.003412,1.391798,3.292348,0.0
2022703104,43252.9,-0.003451,0.036689,0.000526,-0.445312,0.0,0.9545,0.944,0.001766,0.002741,0.002652,1.467072,3.275397,0.0
2023489536,43259.8,-0.002294,0.044875,0.000547,-0.449219,0.0,0.9547,0.9437,0.001752,0.002004,0.002628,1.501464,3.301117,0.0
2024275968,43245.0,-0.001643,0.051332,0.000548,-0.451172,0.0,0.9546,0.9441,0.001838,0.002118,0.002713,1.532899,2.964786,0.0
2025062400,43252.1,0.003679,0.054556,0.00052,-0.453125,0.0,0.9546,0.9439,0.002766,0.002513,0.003141,1.434288,3.287513,0.0
2025848832,43259.6,-0.00095,0.043379,0.000505,-0.462891,0.0,0.9545,0.9437,0.002551,0.002635,0.002751,1.4066,3.250089,0.0
2026635264,43267.0,-0.003743,0.054315,0.000516,-0.458984,0.0,0.9543,0.9433,0.00305,0.00214,0.002614,1.377803,3.191888,0.0
2027421696,43255.8,0.000232,0.05335,0.000505,-0.484375,0.0,0.9544,0.9439,0.003095,0.003248,0.003282,1.419342,3.113703,0.0
2028208128,43263.2,-0.005308,0.042248,0.000497,-0.457031,0.0,0.9545,0.9438,0.002602,0.002263,0.003114,1.526875,3.055341,0.0
2028994560,43270.6,0.001165,0.048533,0.000494,-0.466797,0.0,0.9544,0.9433,0.002284,0.002366,0.002794,1.489826,2.950978,0.0
2029780992,43258.8,-0.003152,0.067209,0.000498,-0.460938,0.0,0.9543,0.9429,0.002167,0.002435,0.003383,1.266781,3.151758,0.0
2030567424,43266.0,0.002688,0.063172,0.000501,-0.435547,0.0,0.9547,0.9436,0.002671,0.002573,0.003074,1.303526,3.032722,0.0
2031353856,43272.8,-0.001957,0.055944,0.000517,-0.443359,0.0,0.9544,0.9423,0.002753,0.002678,0.003481,1.312812,3.007367,0.0
2032140288,43279.5,-0.002319,0.06074,0.000513,-0.445312,0.0,0.9542,0.9411,0.001761,0.002424,0.002694,1.352827,2.984213,0.0
2032926720,43267.7,-0.005795,0.054714,0.000544,-0.453125,0.0,0.9543,0.9408,0.003199,0.003034,0.003584,1.495946,2.864737,0.0
2033713152,43275.2,-0.007649,0.059526,0.000548,-0.447266,0.0,0.9544,0.9402,0.002528,0.002894,0.002998,1.392332,3.248252,0.0
2034499584,43282.6,-0.002971,0.052583,0.000526,-0.46875,0.0,0.9543,0.9392,0.001867,0.002797,0.002564,1.427635,3.320339,0.0
2035286016,43266.3,0.001253,0.064911,0.000543,-0.470703,0.0,0.955,0.9399,0.002239,0.002163,0.002767,1.378219,3.348875,0.0
2036072448,43272.9,-0.002962,0.067109,0.000561,-0.445312,0.0,0.955,0.9392,0.002685,0.002145,0.003452,1.424209,3.153038,0.0
2036858880,43280.2,-0.003741,0.051278,0.000568,-0.414062,0.0,0.9549,0.9381,0.002816,0.002581,0.002906,1.443633,3.106998,0.0
2037645312,43287.5,0.00201,0.051775,0.000562,-0.416016,0.0,0.9548,0.9376,0.002846,0.002104,0.003449,1.392817,3.057889,0.0
2038431744,43274.0,-0.001657,0.04945,0.000534,-0.429688,0.0,0.9547,0.937,0.002217,0.002636,0.003356,1.26476,3.277764,0.0
2039218176,43281.2,-0.005539,0.044301,0.000493,-0.433594,0.0,0.9547,0.937,0.002207,0.002261,0.002866,1.241729,3.157434,0.0
2040004608,43288.4,-0.004997,0.040394,0.000516,-0.419922,0.0,0.9548,0.9371,0.002346,0.00231,0.002302,1.314666,3.111928,0.0
2040791040,43271.8,-0.002674,0.038609,0.000522,-0.439453,0.0,0.9545,0.9367,0.00155,0.001942,0.001925,1.490582,2.938575,0.0
2041577472,43278.8,0.002092,0.046585,0.000515,-0.443359,0.0,0.9551,0.9375,0.001815,0.002328,0.003015,1.438687,3.027694,0.0
2042363904,43286.2,0.000978,0.05273,0.000513,-0.433594,0.0,0.955,0.9365,0.003391,0.003723,0.003793,1.262333,3.142183,0.0
2043150336,43293.7,0.00474,0.052057,0.000506,-0.4375,0.0,0.9554,0.9362,0.002748,0.002692,0.003781,1.338388,3.227639,0.0
2043936768,43271.9,0.003268,0.055092,0.000506,-0.439453,0.0,0.9551,0.9351,0.001933,0.00213,0.00285,1.275674,3.124372,0.0
2044723200,43278.7,0.002216,0.046956,0.00051,-0.404297,0.0,0.9551,0.9349,0.00153,0.002237,0.002882,1.370426,3.174277,0.0
2045509632,43285.3,-0.008902,0.038492,0.000509,-0.402344,0.0,0.9552,0.9348,0.00198,0.001768,0.002657,1.353243,3.150226,0.0
2046296064,43292.4,-0.000699,0.030069,0.000495,-0.40625,0.0,0.9553,0.9347,0.001993,0.001955,0.002411,1.513946,3.225539,0.0
2047082496,43275.8,0.003531,0.053738,0.000531,-0.445312,0.0,0.9557,0.9355,0.002127,0.00276,0.003516,1.342299,3.38473,0.0
2047868928,43283.3,0.003381,0.055423,0.000542,-0.429688,0.0,0.9562,0.9365,0.001962,0.002252,0.002825,1.391152,3.343695,0.0
2048655360,43290.5,-0.001878,0.045275,0.000546,-0.419922,0.0,0.9568,0.9377,0.001704,0.001715,0.002565,1.444107,3.414476,0.0
2049441792,43268.8,0.000171,0.065129,0.000543,-0.408203,0.0,0.9568,0.9377,0.002246,0.002383,0.00328,1.402418,3.150036,0.0
2050228224,43275.9,0.000486,0.041557,0.000528,-0.414062,0.0,0.957,0.9386,0.002034,0.00248,0.002894,1.470948,3.28399,0.0
2051014656,43283.2,-0.003633,0.045303,0.000519,-0.421875,0.0,0.9571,0.9394,0.001693,0.002158,0.002569,1.348317,3.47911,0.0
2051801088,43290.6,-0.001124,0.039548,0.000515,-0.421875,0.0,0.9572,0.9404,0.001944,0.002098,0.002591,1.397925,3.443599,0.0
2052587520,43271.2,-0.001901,0.053285,0.000511,-0.412109,0.0,0.9573,0.9411,0.002047,0.001864,0.002751,1.283945,3.269131,0.0
2053373952,43278.1,0.000436,0.050854,0.000521,-0.416016,0.0,0.9576,0.9425,0.002326,0.002118,0.002585,1.284508,3.206924,0.0
2054160384,43284.6,-0.002304,0.039301,0.00051,-0.404297,0.0,0.9578,0.944,0.001634,0.001782,0.002312,1.426885,3.129795,0.0
2054946816,43263.9,-0.000559,0.056271,0.00053,-0.416016,0.0,0.9583,0.9456,0.002921,0.003076,0.003448,1.370246,3.447733,0.0
2055733248,43271.0,-0.000335,0.056999,0.000575,-0.425781,0.0,0.9586,0.9463,0.003218,0.00406,0.003124,1.393955,3.45324,0.0
2056519680,43278.4,-0.003766,0.047921,0.000583,-0.4375,0.0,0.9585,0.947,0.003004,0.003278,0.003729,1.354751,3.413459,0.0
2057306112,43285.7,-0.001067,0.054795,0.000579,-0.429688,0.0,0.9586,0.9474,0.002649,0.002702,0.002979,1.441554,3.369111,0.0
2058092544,43269.8,-0.003979,0.069187,0.000518,-0.447266,0.0,0.9587,0.9478,0.003152,0.002393,0.004144,1.472729,3.173221,0.0
2058878976,43277.1,-0.001214,0.04912,0.000503,-0.40625,0.0,0.9592,0.9483,0.002493,0.002082,0.003369,1.355187,3.258007,0.0
2059665408,43284.0,-0.007481,0.053994,0.000488,-0.435547,0.0,0.9597,0.9485,0.002208,0.002137,0.002726,1.335791,3.28343,0.0
2060451840,43263.4,0.002516,0.060255,0.000494,-0.439453,0.0,0.9597,0.9477,0.002397,0.00191,0.002651,1.385396,3.517596,0.0
2061238272,43270.9,0.008103,0.04729,0.000545,-0.447266,0.0,0.9601,0.9483,0.001891,0.001669,0.00209,1.469292,3.325839,0.0
2062024704,43277.9,-0.001457,0.036383,0.00054,-0.460938,0.0,0.9604,0.9487,0.002008,0.002015,0.002127,1.503067,3.282244,0.0
2062811136,43285.1,-0.007138,0.035079,0.000526,-0.447266,0.0,0.9608,0.9494,0.001764,0.001666,0.002046,1.566069,3.16722,0.0
2063597568,43268.4,0.001395,0.068153,0.000528,-0.451172,0.0,0.9607,0.9487,0.002588,0.003278,0.004087,1.453622,3.35831,0.0
2064384000,43275.5,5e-05,0.044774,0.000523,-0.449219,0.0,0.9611,0.9497,0.002596,0.002331,0.00365,1.378734,3.371622,0.0
2065170432,43282.9,-0.0031,0.041897,0.000524,-0.443359,0.0,0.961,0.9494,0.00226,0.002262,0.002833,1.434024,3.387611,0.0
2065956864,43265.3,0.002033,0.053689,0.000545,-0.445312,0.0,0.9614,0.9504,0.001829,0.002041,0.002844,1.442468,2.876011,0.0
2066743296,43272.5,0.00742,0.056396,0.0005,-0.451172,0.0,0.9616,0.9508,0.002419,0.001994,0.002663,1.483945,3.077202,0.0
2067529728,43279.6,-0.004963,0.061342,0.000496,-0.462891,0.0,0.9617,0.9515,0.002273,0.002464,0.002748,1.390407,3.273847,0.0
2068316160,43286.9,0.00499,0.061023,0.000489,-0.484375,0.0,0.9613,0.9516,0.001827,0.00202,0.002632,1.42212,3.267209,0.0
2069102592,43272.9,-0.003971,0.058901,0.000518,-0.484375,0.0,0.961,0.9514,0.001929,0.001867,0.002722,1.446058,3.303419,0.0
2069889024,43280.2,0.004501,0.046613,0.000523,-0.4375,0.0,0.9605,0.9509,0.002511,0.002566,0.002732,1.507505,3.176938,0.0
2070675456,43287.4,-0.002019,0.034036,0.000522,-0.4375,0.0,0.9599,0.9499,0.002413,0.002303,0.002435,1.544242,3.154638,0.0
2071461888,43294.6,-0.000415,0.030861,0.00052,-0.421875,0.0,0.9596,0.9495,0.001397,0.001602,0.001987,1.60602,3.201295,0.0
2072248320,43281.2,-0.007864,0.061149,0.000519,-0.435547,0.0,0.9596,0.9484,0.003037,0.003692,0.004261,1.500419,3.649878,0.0
2073034752,43288.7,0.001108,0.049019,0.000499,-0.417969,0.0,0.9595,0.9477,0.002869,0.003145,0.00297,1.435482,3.609287,0.0
2073821184,43296.1,-0.000519,0.046741,0.0005,-0.410156,0.0,0.9595,0.947,0.003131,0.002372,0.002761,1.448688,3.586372,0.0
2074607616,43280.9,0.001849,0.045208,0.000514,-0.425781,0.0,0.9591,0.9458,0.001736,0.002,0.003367,1.463426,3.367321,0.0
2075394048,43288.1,0.003385,0.039478,0.000501,-0.398438,0.0,0.9592,0.9455,0.001384,0.001627,0.002306,1.53646,3.267964,0.0
2076180480,43295.6,-0.000119,0.039417,0.000536,-0.396484,0.0,0.9593,0.9449,0.00163,0.00157,0.002414,1.377693,3.511061,0.0
2076966912,43302.3,0.000179,0.043772,0.000528,-0.402344,0.0,0.9596,0.9457,0.001734,0.001713,0.002069,1.393292,3.686595,0.0
2077753344,43285.6,-0.004975,0.052916,0.000556,-0.402344,0.0,0.9597,0.9457,0.001948,0.002162,0.00351,1.376277,3.583391,0.0
2078539776,43292.8,-0.004888,0.0424,0.000558,-0.388672,0.0,0.9597,0.9456,0.003144,0.001872,0.002736,1.439896,3.586707,0.0
2079326208,43300.2,0.001373,0.054477,0.000559,-0.388672,0.0,0.96,0.9463,0.002675,0.002249,0.003042,1.501982,3.513159,0.0
2080112640,43284.9,-0.001969,0.04534,0.000544,-0.386719,0.0,0.9596,0.9464,0.002619,0.002316,0.00332,1.339797,3.618285,0.0
2080899072,43292.3,0.000408,0.054779,0.000507,-0.40625,0.0,0.9597,0.9467,0.002189,0.00256,0.003223,1.350578,3.695665,0.0
2081685504,43299.5,-0.006215,0.031019,0.000515,-0.410156,0.0,0.9597,0.9474,0.001961,0.002231,0.003336,1.366421,3.684688,0.0
2082471936,43306.8,-0.005485,0.031713,0.000503,-0.412109,0.0,0.9594,0.9466,0.001674,0.001914,0.002238,1.412169,3.683898,0.0
2083258368,43286.8,-0.002693,0.064391,0.00053,-0.404297,0.0,0.9596,0.9465,0.001949,0.001944,0.003146,1.508528,3.437311,0.0
2084044800,43293.8,-0.000971,0.057587,0.000501,-0.412109,0.0,0.9595,0.9456,0.001901,0.001981,0.003326,1.399255,3.629545,0.0
2084831232,43301.2,0.000908,0.048166,0.000488,-0.416016,0.0,0.9596,0.9461,0.001815,0.00204,0.002584,1.410975,3.556805,0.0
2085617664,43286.4,-0.002149,0.050798,0.00048,-0.427734,0.0,0.9592,0.9458,0.00211,0.002181,0.002624,1.438383,3.740981,0.0
2086404096,43293.5,0.005718,0.072827,0.000492,-0.425781,0.0,0.9593,0.9451,0.003123,0.002935,0.003189,1.447416,3.435757,0.0
2087190528,43300.9,-0.004799,0.065791,0.00049,-0.443359,0.0,0.9592,0.9442,0.0029,0.003036,0.003081,1.442641,3.281038,0.0
2087976960,43308.5,-0.008492,0.047367,0.000474,-0.455078,0.0,0.959,0.9427,0.001724,0.002596,0.003143,1.503032,3.089114,0.0
2088763392,43294.7,-0.006062,0.072466,0.000492,-0.486328,0.0,0.9586,0.9411,0.001954,0.003089,0.003557,1.560905,3.524889,0.0
2089549824,43302.1,0.002147,0.058909,0.000523,-0.484375,0.0,0.9593,0.9417,0.00243,0.003346,0.003343,1.562245,3.498085,0.0
2090336256,43309.5,0.001133,0.06043,0.000534,-0.476562,0.0,0.9592,0.9408,0.002018,0.003096,0.002969,1.61068,3.497794,0.0
2091122688,43288.8,0.004116,0.067753,0.000549,-0.482422,0.0,0.96,0.9421,0.001874,0.002568,0.003188,1.606585,3.140114,0.0
2091909120,43295.9,0.004958,0.06871,0.000524,-0.439453,0.0,0.9601,0.942,0.003896,0.003017,0.003313,1.647022,3.237433,0.0
2092695552,43303.0,-0.005647,0.053115,0.000511,-0.458984,0.0,0.9606,0.9435,0.002549,0.002678,0.00318,1.401814,3.430066,0.0
2093481984,43310.1,-0.005739,0.039039,0.00051,-0.46875,0.0,0.9606,0.944,0.002351,0.002165,0.002709,1.48544,3.443598,0.0
2094268416,43295.0,-0.000257,0.068579,0.000526,-0.458984,0.0,0.9607,0.9443,0.002425,0.002405,0.00305,1.428156,3.292656,0.0
2095054848,43302.5,-0.004628,0.053769,0.000513,-0.445312,0.0,0.9606,0.9438,0.003822,0.003342,0.00341,1.508689,3.285908,0.0
2095841280,43310.0,0.000315,0.054993,0.000517,-0.449219,0.0,0.9605,0.943,0.003515,0.002422,0.002184,1.505156,3.166301,0.0
2096627712,43317.2,-0.002279,0.044339,0.000521,-0.439453,0.0,0.9604,0.9425,0.001969,0.001692,0.002177,1.595115,3.046448,0.0
2097414144,43300.0,0.000808,0.073547,0.00049,-0.455078,0.0,0.9604,0.9416,0.004265,0.003237,0.003161,1.39528,3.420778,0.0
2098200576,43307.3,0.003684,0.067248,0.000478,-0.451172,0.0,0.9606,0.9405,0.002051,0.003019,0.002918,1.377555,3.273597,0.0
2098987008,43314.4,-0.000776,0.049176,0.000477,-0.431641,0.0,0.9607,0.94,0.00219,0.002672,0.002594,1.432664,3.294805,0.0
2099773440,43298.4,-0.00277,0.055642,0.000499,-0.431641,0.0,0.9609,0.9393,0.001766,0.00253,0.003042,1.514466,3.347097,0.0
2100559872,43305.5,-0.007505,0.038346,0.000478,-0.414062,0.0,0.9613,0.94,0.00221,0.002294,0.003169,1.552181,3.275064,0.0
2101346304,43312.4,0.001749,0.04391,0.000497,-0.416016,0.0,0.9616,0.9406,0.002117,0.002142,0.002398,1.361845,3.438021,0.0
2102132736,43319.6,-0.002567,0.048815,0.00049,-0.423828,0.0,0.9614,0.9407,0.001373,0.002189,0.002382,1.380476,3.355994,0.0
2102919168,43304.0,-0.002819,0.060971,0.000505,-0.429688,0.0,0.9622,0.9419,0.00225,0.002749,0.003738,1.346637,3.400942,0.0
2103705600,43311.5,0.004031,0.050229,0.000508,-0.425781,0.0,0.9623,0.9411,0.002339,0.002359,0.002865,1.415945,3.321407,0.0
2104492032,43318.5,-0.004249,0.03408,0.00049,-0.427734,0.0,0.9622,0.9409,0.001845,0.002465,0.002498,1.472507,3.27117,0.0
2105278464,43301.6,-0.003139,0.054885,0.000514,-0.443359,0.0,0.9622,0.9406,0.002077,0.001866,0.002394,1.411714,3.482313,0.0
2106064896,43309.1,0.004119,0.076695,0.000539,-0.46875,0.0,0.962,0.9397,0.002815,0.002484,0.00297,1.488628,3.542881,0.0
2106851328,43316.6,-0.000763,0.052862,0.000536,-0.490234,0.0,0.9615,0.9387,0.002596,0.002275,0.002424,1.559622,3.388941,0.0
2107637760,43324.2,0.004771,0.058539,0.000545,-0.488281,0.0,0.9612,0.9395,0.002467,0.001798,0.002068,1.53264,3.28049,0.0
2108424192,43310.1,0.005554,0.060701,0.000498,-0.464844,0.0,0.9607,0.9392,0.002619,0.002323,0.002976,1.554326,2.925056,0.0
2109210624,43317.4,-0.004095,0.042267,0.000478,-0.457031,0.0,0.9606,0.9397,0.001716,0.00243,0.003416,1.520221,2.96751,0.0
2109997056,43324.5,-0.001917,0.04779,0.000477,-0.46875,0.0,0.9603,0.9394,0.002653,0.002746,0.003539,1.358181,3.200655,0.0
2110783488,43309.7,-0.004549,0.055184,0.000495,-0.458984,0.0,0.9602,0.9395,0.001992,0.001971,0.002307,1.295242,3.460473,0.0
2111569920,43316.8,-0.004613,0.04107,0.00052,-0.4375,0.0,0.9602,0.9394,0.002358,0.00238,0.002749,1.478526,3.208294,0.0
2112356352,43323.7,-0.003077,0.045847,0.00051,-0.427734,0.0,0.9601,0.9394,0.00228,0.002367,0.002859,1.493479,3.262391,0.0
2113142784,43330.7,-0.003198,0.032429,0.000507,-0.423828,0.0,0.9599,0.9393,0.001721,0.002025,0.002028,1.535141,3.233669,0.0
2113929216,43312.1,-0.005856,0.059926,0.000499,-0.435547,0.0,0.9599,0.9393,0.001923,0.002642,0.003185,1.317177,3.370577,0.0
2114715648,43319.2,0.004701,0.052645,0.000485,-0.451172,0.0,0.9606,0.9406,0.002341,0.002592,0.003147,1.340667,3.332654,0.0
2115502080,43326.4,-0.002173,0.044768,0.000485,-0.449219,0.0,0.9603,0.9401,0.001451,0.002186,0.002903,1.379751,3.257841,0.0
2116288512,43305.9,-0.000349,0.048498,0.000507,-0.470703,0.0,0.9604,0.9408,0.001628,0.002096,0.00255,1.548362,3.131401,0.0
2117074944,43312.8,0.003343,0.054828,0.000507,-0.462891,0.0,0.9606,0.9416,0.002304,0.002364,0.004167,1.681541,3.201911,0.0
2117861376,43320.1,-0.002158,0.047074,0.000504,-0.466797,0.0,0.9607,0.9427,0.001744,0.002418,0.0026,1.501266,3.444383,0.0
2118647808,43327.2,-0.000351,0.042535,0.000514,-0.476562,0.0,0.961,0.9443,0.00176,0.002077,0.002713,1.544699,3.408516,0.0
2119434240,43311.7,0.001595,0.04618,0.000538,-0.466797,0.0,0.9611,0.9459,0.002479,0.002631,0.002883,1.410507,3.299701,0.0
2120220672,43318.7,0.002543,0.032556,0.000529,-0.433594,0.0,0.9613,0.9474,0.001598,0.00188,0.002079,1.428145,3.230008,0.0
2121007104,43325.8,-0.003364,0.044673,0.000535,-0.441406,0.0,0.9614,0.9482,0.00238,0.002271,0.002742,1.458433,3.117621,0.0
2121793536,43332.9,0.002227,0.039841,0.000533,-0.4375,0.0,0.9611,0.9479,0.001726,0.002134,0.002372,1.499985,3.083479,0.0
2122579968,43318.8,-0.000166,0.074875,0.000483,-0.474609,0.0,0.961,0.9473,0.003702,0.0033,0.004187,1.372088,3.261529,0.0
2123366400,43326.1,-0.004529,0.070279,0.000478,-0.472656,0.0,0.9607,0.9463,0.002168,0.002737,0.003342,1.4171,3.249613,0.0
2124152832,43333.3,-0.002129,0.05246,0.000473,-0.480469,0.0,0.9603,0.9453,0.003058,0.00198,0.003421,1.444776,3.188842,0.0
2124939264,43319.8,0.002237,0.063626,0.00049,-0.474609,0.0,0.9593,0.9444,0.0031,0.00252,0.00283,1.612301,3.144495,0.0
2125725696,43327.0,-0.00692,0.06425,0.000489,-0.453125,0.0,0.9587,0.9434,0.003842,0.002622,0.003251,1.604856,3.093145,0.0
2126512128,43334.2,0.002548,0.049902,0.000478,-0.472656,0.0,0.9582,0.9425,0.00251,0.001999,0.002764,1.411182,3.398445,0.0
2127298560,43341.4,-0.003578,0.045858,0.000479,-0.470703,0.0,0.9574,0.941,0.002763,0.002016,0.002698,1.475452,3.369145,0.0
2128084992,43321.6,0.010207,0.091286,0.000521,-0.478516,0.0,0.9579,0.9428,0.002406,0.002595,0.003158,1.528159,3.403006,0.0
2128871424,43328.6,-0.00212,0.0467,0.000523,-0.472656,0.0,0.957,0.942,0.002399,0.002522,0.00262,1.537627,3.179269,0.0
2129657856,43335.6,-0.006545,0.040454,0.000527,-0.458984,0.0,0.9572,0.9433,0.002237,0.002037,0.002233,1.634385,3.166412,0.0
2130444288,43323.1,0.004165,0.067538,0.000506,-0.445312,0.0,0.9572,0.9434,0.002041,0.00281,0.003266,1.417021,3.446008,0.0
2131230720,43330.2,0.001539,0.064605,0.000478,-0.449219,0.0,0.9572,0.9427,0.003413,0.005418,0.003591,1.450151,3.467638,0.0
2132017152,43337.1,0.004703,0.056058,0.00048,-0.429688,0.0,0.9571,0.942,0.002592,0.003598,0.003889,1.407539,3.420799,0.0
2132803584,43344.3,-0.002474,0.052203,0.000475,-0.419922,0.0,0.9569,0.9413,0.002035,0.002538,0.002708,1.438146,3.34913,0.0
2133590016,43324.3,0.007938,0.074375,0.000481,-0.423828,0.0,0.9569,0.9407,0.002491,0.003318,0.004442,1.50254,3.261369,0.0
2134376448,43331.5,-0.006784,0.058865,0.000471,-0.404297,0.0,0.957,0.9397,0.001931,0.002356,0.002921,1.467523,3.316767,0.0
2135162880,43338.8,-0.0006,0.053292,0.000462,-0.404297,0.0,0.957,0.9394,0.002026,0.002375,0.002701,1.381649,3.49794,0.0
2135949312,43325.7,-0.001366,0.045469,0.000463,-0.417969,0.0,0.9567,0.9387,0.002061,0.002317,0.003129,1.314971,3.792804,0.0
2136735744,43333.0,0.00401,0.035968,0.000452,-0.425781,0.0,0.957,0.9396,0.00139,0.001906,0.002343,1.401395,3.522291,0.0
2137522176,43340.3,-0.008167,0.037771,0.000449,-0.427734,0.0,0.9568,0.9396,0.001784,0.001859,0.001997,1.446728,3.41867,0.0
2138308608,43347.3,0.004781,0.038322,0.000451,-0.421875,0.0,0.9565,0.9395,0.00171,0.001697,0.002161,1.52201,3.37206,0.0
2139095040,43329.5,-0.002565,0.06812,0.00048,-0.431641,0.0,0.9563,0.9392,0.002922,0.003118,0.004283,1.417598,3.633851,0.0
2139881472,43336.4,0.001856,0.062287,0.000497,-0.431641,0.0,0.9557,0.9375,0.002436,0.002926,0.003494,1.496355,3.594007,0.0
2140667904,43343.6,0.006133,0.060702,0.000506,-0.439453,0.0,0.9549,0.9355,0.002353,0.002859,0.002999,1.520356,3.462856,0.0
2141454336,43328.7,0.000703,0.060836,0.000511,-0.462891,0.0,0.954,0.9339,0.001731,0.003703,0.003237,1.464913,3.201393,0.0
2142240768,43335.8,-0.009289,0.052164,0.000487,-0.435547,0.0,0.9534,0.9329,0.001592,0.003104,0.002235,1.638165,3.285045,0.0
2143027200,43343.0,0.004191,0.039685,0.000488,-0.431641,0.0,0.9527,0.9319,0.001857,0.003366,0.002606,1.433454,3.583141,0.0
2143813632,43350.2,0.000323,0.040443,0.000489,-0.427734,0.0,0.9517,0.9301,0.001693,0.003333,0.002191,1.4071,3.50292,0.0
2144600064,43335.0,-0.004963,0.060732,0.000501,-0.429688,0.0,0.9513,0.9302,0.002445,0.002699,0.003442,1.510415,3.64273,0.0
2145386496,43341.9,-0.000483,0.036282,0.000494,-0.435547,0.0,0.951,0.9311,0.001623,0.002136,0.002442,1.56171,3.505851,0.0
2146172928,43349.1,0.001086,0.044515,0.000489,-0.427734,0.0,0.9514,0.9326,0.00173,0.002027,0.002672,1.536139,3.343926,0.0
2146959360,43339.3,0.000742,0.044335,0.000494,-0.425781,0.0,0.9515,0.934,0.001633,0.001463,0.002,1.580815,3.263428,0.0
2147745792,43346.3,-0.000196,0.050852,0.000525,-0.433594,0.0,0.9513,0.9342,0.004128,0.001935,0.003972,1.311106,3.484656,0.0
2148532224,43353.5,-0.007563,0.044549,0.000536,-0.427734,0.0,0.9517,0.9356,0.003503,0.002607,0.003073,1.402738,3.430905,0.0
2149318656,43360.5,-0.008799,0.038007,0.000546,-0.431641,0.0,0.9524,0.9373,0.002349,0.002146,0.002562,1.364103,3.503466,0.0
2150105088,43349.0,0.0038,0.055813,0.00056,-0.427734,0.0,0.9529,0.938,0.002469,0.001815,0.002291,1.570476,3.370914,0.0
2150891520,43356.2,-0.001622,0.04364,0.000539,-0.408203,0.0,0.9535,0.9385,0.002377,0.002111,0.003179,1.577865,3.284275,0.0
2151677952,43363.4,-0.001362,0.039687,0.000534,-0.429688,0.0,0.9538,0.9384,0.002209,0.001752,0.002394,1.455371,3.627033,0.0
2152464384,43370.6,-0.004422,0.034182,0.000545,-0.419922,0.0,0.9541,0.9393,0.001779,0.001711,0.001814,1.460455,3.633964,0.0
2153250816,43360.2,0.001708,0.053796,0.000507,-0.435547,0.0,0.9546,0.9406,0.001957,0.002531,0.003054,1.457235,3.628533,0.0
2154037248,43367.1,-0.000286,0.056427,0.000494,-0.451172,0.0,0.9549,0.9411,0.001991,0.002586,0.003586,1.478494,3.503888,0.0
2154823680,43374.0,-0.001901,0.040162,0.000494,-0.449219,0.0,0.9548,0.9412,0.002853,0.002164,0.003083,1.530994,3.358672,0.0
2155610112,43358.6,-0.00174,0.069009,0.000511,-0.453125,0.0,0.9545,0.9409,0.00207,0.002435,0.002977,1.421942,3.669002,0.0
2156396544,43365.7,-0.005067,0.050152,0.000537,-0.4375,0.0,0.9543,0.9417,0.00214,0.002372,0.003068,1.511884,3.723818,0.0
2157182976,43372.5,-0.003017,0.043478,0.000528,-0.4375,0.0,0.9544,0.9429,0.001825,0.002692,0.00247,1.473381,3.584079,0.0
2157969408,43379.2,0.000855,0.051985,0.000544,-0.421875,0.0,0.9541,0.9426,0.001764,0.002086,0.002161,1.539161,3.574279,0.0
2158755840,43366.1,0.001797,0.060432,0.000527,-0.431641,0.0,0.9544,0.9427,0.002106,0.002371,0.003452,1.515522,3.323468,0.0
2159542272,43372.6,-7e-05,0.047299,0.000507,-0.421875,0.0,0.9543,0.9408,0.001996,0.002433,0.003202,1.607483,3.311555,0.0
2160328704,43379.7,0.008201,0.035119,0.000514,-0.423828,0.0,0.9546,0.9408,0.001751,0.001887,0.002276,1.4181,3.542854,0.0
2161115136,43363.0,0.001167,0.055579,0.000512,-0.441406,0.0,0.9548,0.9411,0.002646,0.002042,0.002727,1.432706,3.839738,0.0
2161901568,43369.9,0.00299,0.072374,0.000537,-0.423828,0.0,0.9558,0.9424,0.004223,0.002827,0.004287,1.448858,3.609723,0.0
2162688000,43377.0,0.002505,0.053519,0.000528,-0.4375,0.0,0.9567,0.9437,0.004034,0.002262,0.003438,1.500883,3.47228,0.0
2163474432,43383.7,-0.003769,0.048329,0.000533,-0.441406,0.0,0.9576,0.9453,0.003862,0.00213,0.002862,1.559762,3.356579,0.0
2164260864,43367.2,-0.000689,0.054019,0.00053,-0.435547,0.0,0.9586,0.9474,0.002477,0.002069,0.002461,1.477402,3.549163,0.0
2165047296,43373.8,0.000713,0.035215,0.000497,-0.435547,0.0,0.9595,0.9492,0.001559,0.002349,0.002196,1.514926,3.545586,0.0
2165833728,43380.8,-0.0007,0.032397,0.000495,-0.423828,0.0,0.9608,0.9518,0.001517,0.001996,0.002056,1.451519,3.518387,0.0
2166620160,43363.4,-0.002191,0.047899,0.000525,-0.449219,0.0,0.962,0.9535,0.001608,0.001673,0.00209,1.480656,3.2244,0.0
2167406592,43370.4,0.002463,0.050213,0.000523,-0.460938,0.0,0.9623,0.9533,0.00241,0.002483,0.003522,1.627095,3.267551,0.0
2168193024,43377.4,0.002687,0.05127,0.000526,-0.466797,0.0,0.9625,0.9524,0.002135,0.002319,0.002782,1.604632,3.195653,0.0
2168979456,43384.4,-0.008035,0.044882,0.000522,-0.484375,0.0,0.962,0.9512,0.001894,0.00263,0.003102,1.475031,3.462586,0.0
2169765888,43370.9,-0.00394,0.0748,0.00052,-0.474609,0.0,0.962,0.9506,0.002121,0.002842,0.002633,1.512309,3.313161,0.0
2170552320,43377.6,0.004919,0.050337,0.000517,-0.472656,0.0,0.962,0.9496,0.002163,0.002286,0.002636,1.469774,3.262521,0.0
2171338752,43384.4,-0.001045,0.038612,0.000517,-0.472656,0.0,0.9618,0.9486,0.001901,0.001544,0.002028,1.464423,3.156445,0.0
2172125184,43371.5,0.001672,0.046933,0.000501,-0.466797,0.0,0.9615,0.9476,0.001883,0.002077,0.002069,1.89001,2.822913,0.0
2172911616,43378.4,0.005497,0.050764,0.000481,-0.472656,0.0,0.9611,0.947,0.002742,0.00293,0.003161,1.387993,3.289073,0.0
2173698048,43385.2,-0.004336,0.023318,0.000469,-0.455078,0.0,0.9611,0.9472,0.001738,0.001853,0.002361,1.496685,3.331042,0.0
2174484480,43392.2,0.000152,0.04994,0.000478,-0.447266,0.0,0.9606,0.9463,0.001936,0.001899,0.003068,1.517407,3.322148,0.0
2175270912,43379.0,-0.007326,0.050489,0.000506,-0.447266,0.0,0.961,0.9477,0.0024,0.002502,0.003588,1.484847,3.255589,0.0
2176057344,43385.8,-0.008284,0.035769,0.000498,-0.412109,0.0,0.9609,0.9479,0.001583,0.002004,0.00312,1.53284,3.207164,0.0
2176843776,43392.5,0.003672,0.039861,0.000504,-0.421875,0.0,0.9613,0.9489,0.001904,0.002188,0.002755,1.392775,3.428848,0.0
2177630208,43399.3,-0.00497,0.030078,0.000502,-0.416016,0.0,0.9615,0.9487,0.002091,0.002377,0.003001,1.393308,3.439587,0.0
2178416640,43385.5,0.00217,0.055827,0.000538,-0.425781,0.0,0.9617,0.9489,0.002348,0.002907,0.003529,1.448865,3.615538,0.0
2179203072,43392.6,0.001592,0.035458,0.000541,-0.416016,0.0,0.962,0.9491,0.00161,0.001804,0.002363,1.511554,3.526539,0.0
2179989504,43399.7,0.000202,0.032601,0.000553,-0.414062,0.0,0.9618,0.9489,0.001358,0.001418,0.00182,1.52595,3.493815,0.0
2180775936,43385.9,-3.5e-05,0.044377,0.000541,-0.412109,0.0,0.9618,0.9499,0.003144,0.002001,0.002588,1.347406,3.614507,0.0
2181562368,43392.7,-0.002646,0.046423,0.000511,-0.414062,0.0,0.9618,0.9502,0.002396,0.002143,0.002744,1.398037,3.625548,0.0
2182348800,43399.3,0.000755,0.064541,0.000511,-0.431641,0.0,0.9619,0.9498,0.002394,0.002284,0.002758,1.442836,3.611912,0.0
2183135232,43406.2,0.003783,0.050633,0.000506,-0.435547,0.0,0.9613,0.9486,0.001928,0.002013,0.002192,1.425367,3.39993,0.0
2183921664,43392.3,0.003179,0.063172,0.000499,-0.431641,0.0,0.9614,0.9488,0.002118,0.002123,0.00284,1.500501,3.275812,0.0
2184708096,43399.4,-0.003215,0.0545,0.000489,-0.421875,0.0,0.9608,0.9462,0.002427,0.001727,0.002785,1.546596,3.2709,0.0
2185494528,43406.3,0.00205,0.051206,0.000486,-0.416016,0.0,0.9602,0.9444,0.002164,0.001736,0.002812,1.344799,3.423553,0.0
2186280960,43393.6,0.001711,0.05288,0.000477,-0.423828,0.0,0.9593,0.9419,0.001526,0.001914,0.002837,1.368711,3.647439,0.0
2187067392,43400.3,-0.000506,0.050031,0.000522,-0.404297,0.0,0.959,0.9408,0.002482,0.002173,0.003416,1.32244,3.437826,0.0
2187853824,43407.1,0.005383,0.050754,0.000507,-0.416016,0.0,0.9584,0.9385,0.001708,0.002562,0.002942,1.483279,3.475939,0.0
2188640256,43414.2,0.004541,0.048654,0.000513,-0.419922,0.0,0.9585,0.9379,0.001491,0.002115,0.002393,1.564622,3.479794,0.0
2189426688,43400.5,-0.000272,0.050741,0.000524,-0.431641,0.0,0.9587,0.9381,0.00172,0.001831,0.002245,1.454493,3.647344,0.0
2190213120,43407.5,-0.010201,0.045162,0.000513,-0.423828,0.0,0.9585,0.938,0.002728,0.002325,0.003135,1.398991,3.583101,0.0
2190999552,43414.0,0.0047,0.058831,0.000518,-0.427734,0.0,0.9592,0.9389,0.002074,0.002256,0.003419,1.488801,3.610915,0.0
2191785984,43392.9,-0.004996,0.047956,0.000553,-0.4375,0.0,0.9598,0.9405,0.002648,0.002088,0.003552,1.458008,3.44281,0.0
2192572416,43399.6,-0.003069,0.057132,0.000534,-0.404297,0.0,0.9599,0.9404,0.002229,0.002082,0.002966,1.581734,3.433303,0.0
2193358848,43406.4,-0.00149,0.046017,0.000526,-0.421875,0.0,0.9602,0.9402,0.003264,0.002056,0.002678,1.490368,3.293354,0.0
2194145280,43413.2,-0.004389,0.047729,0.000518,-0.429688,0.0,0.9604,0.94,0.00195,0.001658,0.002106,1.442868,3.529111,0.0
2194931712,43400.6,-0.000866,0.069577,0.000508,-0.423828,0.0,0.9604,0.9388,0.002192,0.002938,0.003492,1.391564,3.45439,0.0
2195718144,43407.3,-0.003877,0.043434,0.000507,-0.416016,0.0,0.9609,0.9382,0.002974,0.002561,0.003908,1.349641,3.320423,0.0
2196504576,43414.0,-0.000213,0.045522,0.000498,-0.425781,0.0,0.9615,0.9387,0.002003,0.002172,0.003361,1.393233,3.241812,0.0
2197291008,43401.0,-0.000976,0.051674,0.000505,-0.412109,0.0,0.9617,0.9384,0.002546,0.00189,0.002919,1.623797,2.692714,0.0
2198077440,43407.6,-0.009231,0.060486,0.000518,-0.419922,0.0,0.9618,0.9383,0.002482,0.0029,0.003038,1.351558,3.477097,0.0
2198863872,43414.4,-0.001718,0.075219,0.000518,-0.4375,0.0,0.9619,0.9378,0.003039,0.002915,0.002824,1.336585,3.400158,0.0
2199650304,43421.3,0.001991,0.064067,0.000535,-0.433594,0.0,0.9613,0.9359,0.003657,0.002211,0.002805,1.44556,3.427462,0.0
2200436736,43410.7,-0.003479,0.058728,0.000527,-0.453125,0.0,0.9612,0.9349,0.002777,0.002309,0.003436,1.468903,3.377342,0.0
2201223168,43417.5,-0.003346,0.066074,0.000489,-0.427734,0.0,0.9605,0.9314,0.002797,0.001924,0.003569,1.529334,3.189743,0.0
2202009600,43424.1,-0.003364,0.063393,0.000489,-0.421875,0.0,0.9605,0.9298,0.001991,0.001587,0.002469,1.446417,3.525564,0.0
2202796032,43430.8,-0.005272,0.031404,0.000491,-0.419922,0.0,0.96,0.9285,0.00166,0.001436,0.002111,1.344102,3.563006,0.0
2203582464,43418.3,0.002479,0.079987,0.000535,-0.455078,0.0,0.9601,0.9286,0.002962,0.002477,0.002961,1.447865,3.498367,0.0
2204368896,43425.2,-0.005101,0.039001,0.000529,-0.445312,0.0,0.9597,0.9293,0.001797,0.002052,0.001875,1.472426,3.247623,0.0
2205155328,43431.9,0.00508,0.048395,0.000521,-0.4375,0.0,0.9598,0.9305,0.001844,0.002138,0.001968,1.447745,3.164299,0.0
2205941760,43419.0,0.000549,0.061199,0.000514,-0.453125,0.0,0.959,0.9302,0.001559,0.002075,0.002302,1.470117,3.592816,0.0
2206728192,43425.4,0.00072,0.059514,0.000486,-0.460938,0.0,0.9588,0.9303,0.001946,0.002429,0.002899,1.502432,3.601561,0.0
2207514624,43432.0,-0.001141,0.053321,0.000484,-0.46875,0.0,0.9585,0.9301,0.001621,0.001885,0.002653,1.473886,3.594587,0.0
2208301056,43438.6,-0.002248,0.04272,0.000502,-0.462891,0.0,0.9585,0.9302,0.001577,0.001513,0.001907,1.566616,3.517757,0.0
2209087488,43425.2,0.000714,0.055303,0.000505,-0.449219,0.0,0.9585,0.9307,0.002121,0.002029,0.002378,1.575706,3.319691,0.0
2209873920,43432.0,0.010926,0.053455,0.000491,-0.425781,0.0,0.9584,0.9314,0.001985,0.001825,0.002272,1.545155,3.316,0.0
2210660352,43438.6,-0.000137,0.041656,0.000495,-0.435547,0.0,0.9581,0.9317,0.001946,0.001659,0.002023,1.425374,3.517106,0.0
2211446784,43421.0,-0.002796,0.045749,0.000492,-0.441406,0.0,0.9578,0.9319,0.00169,0.001844,0.002033,1.347637,3.511803,0.0
2212233216,43427.7,0.004012,0.071092,0.000515,-0.427734,0.0,0.958,0.9324,0.002184,0.002689,0.002949,1.421886,3.447484,0.0
2213019648,43434.5,0.001601,0.052857,0.000499,-0.443359,0.0,0.9571,0.9313,0.001582,0.002003,0.002389,1.398379,3.327297,0.0
2213806080,43441.3,3.4e-05,0.046484,0.000509,-0.435547,0.0,0.956,0.9305,0.002166,0.002162,0.002637,1.45115,3.198025,0.0
2214592512,43427.1,0.002641,0.053262,0.000514,-0.451172,0.0,0.9557,0.9308,0.002143,0.00244,0.003226,1.499899,3.523574,0.0
2215378944,43433.8,-0.00138,0.039233,0.00052,-0.449219,0.0,0.9552,0.9307,0.001655,0.001876,0.002398,1.461284,3.523001,0.0
2216165376,43440.4,-0.00192,0.046768,0.00051,-0.4375,0.0,0.9554,0.9323,0.001395,0.001934,0.002138,1.456569,3.479823,0.0
2216951808,43427.0,-0.001859,0.061156,0.000534,-0.453125,0.0,0.9552,0.9326,0.001654,0.001974,0.002472,1.408936,3.237406,0.0
2217738240,43433.8,-0.003904,0.058535,0.000512,-0.447266,0.0,0.9549,0.932,0.001915,0.002109,0.002607,1.540785,3.187112,0.0
2218524672,43440.5,0.004733,0.062067,0.000507,-0.425781,0.0,0.9541,0.9308,0.001814,0.002237,0.002564,1.473913,3.083702,0.0
2219311104,43447.4,-0.005306,0.043275,0.000497,-0.425781,0.0,0.9529,0.9296,0.002259,0.001818,0.002112,1.372937,3.355007,0.0
2220097536,43432.1,-0.002338,0.049482,0.000498,-0.453125,0.0,0.9524,0.9293,0.001533,0.001757,0.002363,1.382796,3.3853,0.0
2220883968,43438.9,-0.004872,0.050071,0.000501,-0.4375,0.0,0.9519,0.9292,0.00227,0.002233,0.002998,1.466218,3.376672,0.0
2221670400,43445.1,-0.00025,0.044983,0.000508,-0.439453,0.0,0.9518,0.9299,0.001462,0.001899,0.002135,1.494773,3.328711,0.0
2222456832,43432.7,-0.011373,0.045483,0.000492,-0.439453,0.0,0.9517,0.9304,0.00136,0.001793,0.002351,1.590835,2.768569,0.0
2223243264,43439.4,0.000842,0.055942,0.000453,-0.435547,0.0,0.9518,0.9316,0.001573,0.002178,0.002671,1.366824,3.365695,0.0
2224029696,43446.2,0.001581,0.044122,0.000454,-0.425781,0.0,0.9521,0.9337,0.0015,0.001924,0.002862,1.400524,3.358493,0.0
2224816128,43452.6,-0.00708,0.051657,0.000466,-0.429688,0.0,0.9526,0.9359,0.002089,0.001876,0.002534,1.358327,3.408215,0.0
2225602560,43437.4,-0.002551,0.052453,0.000495,-0.433594,0.0,0.9524,0.936,0.001477,0.00225,0.002668,1.468965,3.24942,0.0
2226388992,43443.9,0.002482,0.054057,0.000508,-0.443359,0.0,0.9524,0.9363,0.001664,0.002181,0.002437,1.467716,3.10833,0.0
2227175424,43450.4,-0.001852,0.05298,0.000499,-0.443359,0.0,0.953,0.9363,0.00147,0.001635,0.00219,1.535636,3.177107,0.0
2227961856,43456.8,-0.002776,0.040181,0.00051,-0.447266,0.0,0.9536,0.9374,0.001418,0.001398,0.001866,1.403257,3.377895,0.0
2228748288,43440.2,0.006169,0.081021,0.000526,-0.466797,0.0,0.9543,0.9389,0.002178,0.002539,0.003646,1.443895,3.399259,0.0
2229534720,43446.6,-0.003334,0.047005,0.000518,-0.451172,0.0,0.955,0.941,0.002348,0.002049,0.002566,1.593428,3.349936,0.0
2230321152,43453.1,-0.002011,0.049659,0.00052,-0.445312,0.0,0.9555,0.9424,0.001705,0.001966,0.002192,1.558866,3.425249,0.0
2231107584,43440.6,0.000994,0.051145,0.000514,-0.445312,0.0,0.9551,0.9417,0.001776,0.00219,0.002326,1.653512,3.129788,0.0
2231894016,43447.3,-0.005303,0.050198,0.000495,-0.433594,0.0,0.9554,0.9427,0.001504,0.002364,0.002504,1.425338,3.474695,0.0
2232680448,43453.8,0.000314,0.052691,0.00049,-0.4375,0.0,0.9549,0.9417,0.001828,0.002269,0.002635,1.477299,3.429215,0.0
2233466880,43460.6,0.000951,0.044895,0.000487,-0.435547,0.0,0.9547,0.9413,0.001282,0.001772,0.001693,1.479385,3.415018,0.0
2234253312,43446.1,0.000175,0.053061,0.000512,-0.431641,0.0,0.9542,0.9409,0.001731,0.002034,0.00263,1.535016,3.362062,0.0
2235039744,43452.7,0.002022,0.050194,0.000494,-0.425781,0.0,0.9544,0.9411,0.001492,0.002336,0.00292,1.481759,3.23286,0.0
2235826176,43459.4,-0.003186,0.040646,0.000509,-0.423828,0.0,0.9547,0.9412,0.00141,0.001844,0.002557,1.428701,3.507291,0.0
2236612608,43445.2,-0.007173,0.057322,0.000505,-0.4375,0.0,0.9551,0.9418,0.001696,0.002031,0.002846,1.37268,3.579784,0.0
2237399040,43451.8,-0.002341,0.02647,0.000472,-0.429688,0.0,0.9554,0.9425,0.001464,0.001969,0.002689,1.396821,3.404578,0.0
2238185472,43458.5,0.002719,0.029494,0.000467,-0.416016,0.0,0.955,0.9425,0.001434,0.001593,0.002172,1.436975,3.366829,0.0
2238971904,43465.3,0.000731,0.027273,0.000458,-0.410156,0.0,0.9547,0.9429,0.001108,0.001379,0.001964,1.468003,3.287666,0.0
2239758336,43450.2,0.000725,0.038413,0.000476,-0.416016,0.0,0.9548,0.944,0.002267,0.001862,0.002452,1.319443,3.687653,0.0
2240544768,43456.8,-0.007057,0.038262,0.000477,-0.429688,0.0,0.955,0.9456,0.001643,0.002019,0.002214,1.390669,3.667584,0.0
2241331200,43463.5,0.003545,0.036579,0.000477,-0.439453,0.0,0.9558,0.9475,0.001531,0.00153,0.002166,1.450753,3.565884,0.0
2242117632,43452.3,-0.00471,0.048914,0.000496,-0.451172,0.0,0.9565,0.949,0.00118,0.001377,0.002236,1.456474,3.393464,0.0
2242904064,43458.8,0.00124,0.070465,0.000519,-0.447266,0.0,0.9565,0.9491,0.00207,0.001904,0.002533,1.544587,3.269752,0.0
2243690496,43465.5,0.002527,0.052504,0.000517,-0.476562,0.0,0.9566,0.9497,0.00187,0.002048,0.003027,1.650594,3.185176,0.0
2244476928,43472.3,-0.002582,0.040903,0.00051,-0.482422,0.0,0.9565,0.9497,0.002618,0.00188,0.00187,1.47118,3.44917,0.0
2245263360,43458.4,-0.003665,0.053934,0.000521,-0.503906,0.0,0.9562,0.9492,0.00182,0.001623,0.002141,1.529448,3.477458,0.0
2246049792,43465.2,0.002662,0.051642,0.000526,-0.466797,0.0,0.9561,0.9492,0.001926,0.00189,0.00258,1.474096,3.30754,0.0
2246836224,43471.8,-0.001788,0.035787,0.00053,-0.466797,0.0,0.9555,0.9476,0.002741,0.001551,0.002547,1.573955,3.159012,0.0
2247622656,43457.0,-0.005552,0.048513,0.000525,-0.470703,0.0,0.9551,0.9468,0.001343,0.001334,0.002011,1.683727,2.641804,0.0
2248409088,43463.6,-0.0043,0.045781,0.000512,-0.476562,0.0,0.955,0.9461,0.00182,0.002006,0.002508,1.474779,3.415395,0.0
2249195520,43470.3,-0.005953,0.045899,0.000523,-0.464844,0.0,0.9547,0.9457,0.001928,0.002173,0.002447,1.492116,3.493973,0.0
2249981952,43476.8,0.000855,0.046995,0.000522,-0.453125,0.0,0.9545,0.9448,0.001865,0.002117,0.002392,1.514181,3.365184,0.0
2250768384,43459.5,-0.002902,0.050724,0.000511,-0.46875,0.0,0.9539,0.944,0.001306,0.001657,0.001849,1.537915,3.303466,0.0
2251554816,43466.0,-0.001122,0.044452,0.000496,-0.453125,0.0,0.9542,0.9447,0.001539,0.001978,0.002394,1.560527,3.219667,0.0
2252341248,43472.7,0.003397,0.042782,0.000483,-0.443359,0.0,0.9544,0.9458,0.001079,0.001275,0.001569,1.613177,3.180699,0.0
2253127680,43479.4,-0.005523,0.034074,0.00049,-0.455078,0.0,0.9545,0.9465,0.001663,0.001474,0.002114,1.407114,3.41502,0.0
2253914112,43462.7,0.001451,0.064753,0.000524,-0.457031,0.0,0.9549,0.9461,0.002068,0.002091,0.003028,1.54096,3.455414,0.0
2254700544,43469.3,0.001851,0.041371,0.000516,-0.445312,0.0,0.9555,0.9463,0.001497,0.002063,0.002513,1.48263,3.34548,0.0
2255486976,43475.8,-0.005242,0.031502,0.000526,-0.443359,0.0,0.9559,0.9455,0.001918,0.001622,0.002477,1.499498,3.323044,0.0
2256273408,43459.6,0.001022,0.048896,0.000515,-0.457031,0.0,0.9559,0.9448,0.001575,0.002005,0.002502,1.623758,2.971425,0.0
2257059840,43466.0,-0.006058,0.041061,0.000497,-0.443359,0.0,0.9565,0.9454,0.002284,0.001821,0.0027,1.359447,3.425769,0.0
2257846272,43472.5,0.001372,0.043769,0.000494,-0.447266,0.0,0.9568,0.9452,0.001972,0.001723,0.0025,1.387751,3.459663,0.0
2258632704,43478.9,-0.003018,0.040275,0.000497,-0.433594,0.0,0.9568,0.9452,0.002185,0.001574,0.002591,1.402459,3.330929,0.0
2259419136,43470.3,0.00109,0.06903,0.00049,-0.431641,0.0,0.9576,0.9455,0.00239,0.002805,0.003031,1.440947,3.259787,0.0
2260205568,43476.9,-0.002812,0.042321,0.000475,-0.425781,0.0,0.9579,0.9444,0.002032,0.001785,0.002396,1.459546,3.217516,0.0
2260992000,43483.6,-0.000598,0.037894,0.000466,-0.419922,0.0,0.9578,0.9429,0.002496,0.00162,0.002936,1.380597,3.377159,0.0
2261778432,43472.8,0.001658,0.046222,0.000481,-0.435547,0.0,0.9579,0.942,0.002265,0.001945,0.002791,1.422345,3.540497,0.0
2262564864,43479.5,0.000396,0.038321,0.000512,-0.419922,0.0,0.9575,0.9413,0.002114,0.002107,0.002384,1.409687,3.453225,0.0
2263351296,43486.2,0.006748,0.042179,0.000531,-0.416016,0.0,0.9573,0.9413,0.002846,0.001728,0.002092,1.448812,3.534932,0.0
2264137728,43492.8,-0.003437,0.021541,0.000534,-0.419922,0.0,0.9578,0.9423,0.001434,0.001102,0.002013,1.543235,3.456604,0.0
2264924160,43481.1,0.002825,0.044965,0.000533,-0.423828,0.0,0.9587,0.9442,0.001528,0.002021,0.001929,1.469808,3.549866,0.0
2265710592,43487.9,-0.004564,0.028622,0.000525,-0.431641,0.0,0.9587,0.9435,0.001654,0.00224,0.002503,1.421147,3.63805,0.0
2266497024,43494.6,0.001944,0.02997,0.000523,-0.423828,0.0,0.9591,0.9434,0.001852,0.001962,0.002063,1.440616,3.599414,0.0
2267283456,43483.6,-0.001472,0.045857,0.00055,-0.427734,0.0,0.9598,0.9444,0.001118,0.001554,0.002174,1.465984,3.590211,0.0
2268069888,43490.2,0.006521,0.035106,0.000523,-0.423828,0.0,0.9606,0.9464,0.001591,0.001433,0.001614,1.503608,3.498154,0.0
2268856320,43496.3,-0.003418,0.039194,0.000512,-0.429688,0.0,0.9618,0.9491,0.001861,0.001262,0.001773,1.649275,3.461202,0.0
2269642752,43502.7,0.004373,0.028091,0.00051,-0.433594,0.0,0.9625,0.9511,0.001307,0.001152,0.001548,1.484925,3.604298,0.0
2270429184,43492.5,-0.005567,0.056564,0.000499,-0.435547,0.0,0.9628,0.9521,0.00132,0.001303,0.002065,1.417075,3.658737,0.0
2271215616,43499.0,-0.003849,0.042801,0.000499,-0.425781,0.0,0.9636,0.9538,0.001838,0.001378,0.002035,1.459774,3.52658,0.0
2272002048,43505.6,-0.00475,0.043623,0.000515,-0.416016,0.0,0.9638,0.9543,0.002113,0.001887,0.003288,1.465183,3.399334,0.0
2272788480,43496.5,-0.000717,0.054859,0.000511,-0.429688,0.0,0.964,0.9544,0.001922,0.001675,0.001879,1.616623,2.87073,0.0
2273574912,43503.3,0.004514,0.060079,0.000504,-0.429688,0.0,0.964,0.9532,0.001727,0.002233,0.002509,1.383012,3.467747,0.0
2274361344,43510.0,-0.006634,0.039988,0.000514,-0.449219,0.0,0.9641,0.9522,0.001351,0.002171,0.002462,1.361613,3.454565,0.0
2275147776,43516.8,-0.004786,0.045637,0.000516,-0.445312,0.0,0.9638,0.9522,0.001482,0.001679,0.001856,1.432289,3.364284,0.0
2275934208,43503.5,0.001613,0.058535,0.00053,-0.453125,0.0,0.9636,0.9517,0.002326,0.002237,0.00341,1.477192,3.148722,0.0
2276720640,43510.2,0.005178,0.051474,0.000532,-0.449219,0.0,0.9637,0.9523,0.001823,0.00177,0.002872,1.449323,3.126986,0.0
2277507072,43516.8,-0.003944,0.047238,0.000538,-0.439453,0.0,0.9635,0.9524,0.002011,0.001372,0.00199,1.468454,3.065192,0.0
2278293504,43523.5,0.000373,0.042842,0.00055,-0.439453,0.0,0.9638,0.9531,0.001486,0.001451,0.001878,1.418385,3.394316,0.0
2279079936,43505.4,-0.003593,0.057651,0.000535,-0.457031,0.0,0.9642,0.9533,0.002187,0.002878,0.00326,1.38027,3.389253,0.0
2279866368,43511.9,0.003669,0.060283,0.000541,-0.441406,0.0,0.9644,0.9524,0.002088,0.002135,0.002927,1.454101,3.341204,0.0
2280652800,43518.5,-0.005246,0.04105,0.000528,-0.453125,0.0,0.9648,0.9536,0.001648,0.0018,0.002459,1.47561,3.389875,0.0
2281439232,43504.6,0.001758,0.056401,0.000528,-0.458984,0.0,0.9653,0.9544,0.002085,0.002308,0.002881,1.679591,3.139023,0.0
2282225664,43511.4,0.001682,0.038987,0.00052,-0.445312,0.0,0.9656,0.9558,0.002236,0.002736,0.00228,1.563084,3.445149,0.0
2283012096,43518.1,0.003195,0.030092,0.000525,-0.451172,0.0,0.9653,0.9559,0.001447,0.002671,0.002266,1.533816,3.440875,0.0
2283798528,43524.8,0.00408,0.049373,0.000514,-0.447266,0.0,0.966,0.9568,0.001408,0.002008,0.001878,1.579499,3.497639,0.0
2284584960,43510.2,0.002205,0.064787,0.000509,-0.490234,0.0,0.9662,0.9567,0.002462,0.002737,0.004017,1.701849,3.522096,0.0
2285371392,43516.8,-0.004613,0.04179,0.000495,-0.488281,0.0,0.9661,0.9557,0.001529,0.00204,0.002264,1.635356,3.268071,0.0
2286157824,43523.3,-0.005531,0.041676,0.000482,-0.486328,0.0,0.9654,0.9551,0.001607,0.001815,0.002028,1.688295,3.173007,0.0
2286944256,43510.5,-0.005132,0.045135,0.000511,-0.498047,0.0,0.965,0.9553,0.001428,0.001726,0.002071,1.46965,3.556329,0.0
2287730688,43517.3,-0.002054,0.051838,0.000527,-0.474609,0.0,0.9646,0.9555,0.002281,0.002596,0.003044,1.569903,3.541196,0.0
2288517120,43524.0,-0.004436,0.057762,0.000528,-0.457031,0.0,0.9637,0.9542,0.001863,0.002111,0.003053,1.643839,3.441736,0.0
2289303552,43530.6,-0.001972,0.045651,0.000533,-0.455078,0.0,0.9631,0.9536,0.001439,0.001519,0.00206,1.567106,3.4147,0.0
2290089984,43517.8,0.001924,0.049162,0.00051,-0.457031,0.0,0.9629,0.9533,0.00172,0.002335,0.002709,1.648533,3.268682,0.0
2290876416,43524.2,-0.002532,0.030813,0.000506,-0.457031,0.0,0.9626,0.9526,0.001797,0.002548,0.003127,1.532245,3.49527,0.0
2291662848,43530.8,0.004383,0.034571,0.00051,-0.453125,0.0,0.9624,0.9524,0.001258,0.001964,0.002267,1.519059,3.378025,0.0
2292449280,43516.6,-0.003984,0.052844,0.000514,-0.46875,0.0,0.9629,0.9533,0.001959,0.001599,0.002609,1.441006,3.349203,0.0
2293235712,43523.2,-0.00267,0.046009,0.000537,-0.453125,0.0,0.9626,0.9518,0.002549,0.002313,0.002992,1.560013,3.199222,0.0
2294022144,43529.5,-0.008846,0.044516,0.000536,-0.443359,0.0,0.9626,0.9511,0.00187,0.002081,0.002073,1.536897,3.108745,0.0
2294808576,43535.9,-0.002265,0.056494,0.000535,-0.457031,0.0,0.9623,0.9504,0.003361,0.003011,0.003801,1.436496,3.377151,0.0
2295595008,43520.9,0.002498,0.061864,0.000562,-0.480469,0.0,0.9622,0.95,0.002282,0.002149,0.002542,1.462209,3.454006,0.0
2296381440,43527.2,-0.001902,0.040433,0.000572,-0.457031,0.0,0.9619,0.9506,0.001161,0.001684,0.002009,1.490884,3.438761,0.0
2297167872,43533.9,-0.002903,0.037431,0.000574,-0.441406,0.0,0.9617,0.9513,0.001353,0.001357,0.001872,1.503211,3.381337,0.0
2297954304,43519.9,-0.001532,0.036588,0.000573,-0.458984,0.0,0.9617,0.9517,0.001181,0.001345,0.001595,1.765783,3.019753,0.0
2298740736,43526.6,-0.004107,0.039296,0.00047,-0.435547,0.0,0.9617,0.9519,0.001525,0.002175,0.00252,1.488607,3.4727,0.0
2299527168,43533.2,-0.006801,0.047731,0.000476,-0.445312,0.0,0.962,0.9525,0.001418,0.00237,0.002693,1.395285,3.475941,0.0
2300313600,43539.8,0.00212,0.050172,0.000476,-0.460938,0.0,0.9616,0.9528,0.001314,0.002511,0.002008,1.487139,3.517181,0.0
2301100032,43524.8,-0.001145,0.056918,0.00049,-0.458984,0.0,0.9616,0.953,0.001361,0.002427,0.002577,1.498849,3.416224,0.0
2301886464,43531.2,-0.006446,0.034326,0.000459,-0.447266,0.0,0.9613,0.9533,0.00157,0.002222,0.002177,1.572857,3.235606,0.0
2302672896,43537.6,-0.009236,0.036997,0.000462,-0.455078,0.0,0.9605,0.9521,0.001542,0.002141,0.002218,1.524799,3.200497,0.0
2303459328,43544.2,-0.002714,0.038334,0.000466,-0.458984,0.0,0.9603,0.9516,0.00169,0.001646,0.002105,1.490005,3.432514,0.0
2304245760,43530.8,-0.000289,0.062231,0.000538,-0.46875,0.0,0.9604,0.9518,0.002287,0.002778,0.003093,1.527018,3.547372,0.0
2305032192,43537.4,-0.002646,0.054222,0.000536,-0.478516,0.0,0.9601,0.9512,0.001659,0.002358,0.00273,1.593546,3.519851,0.0
2305818624,43544.0,-0.002806,0.04582,0.000533,-0.478516,0.0,0.96,0.9517,0.001846,0.002463,0.002692,1.662493,3.415699,0.0
2306605056,43529.7,0.005663,0.055713,0.00054,-0.472656,0.0,0.9594,0.9508,0.001722,0.002075,0.002535,1.584076,2.986866,0.0
2307391488,43536.3,0.003401,0.045965,0.000513,-0.466797,0.0,0.9598,0.9515,0.002141,0.003242,0.003036,1.439653,3.396394,0.0
2308177920,43542.7,-0.004004,0.02906,0.000518,-0.476562,0.0,0.96,0.9516,0.001624,0.002476,0.002679,1.420305,3.311629,0.0
2308964352,43549.1,0.007337,0.032588,0.000523,-0.476562,0.0,0.9603,0.952,0.001765,0.002175,0.002326,1.52136,3.249746,0.0
2309750784,43534.0,-0.005707,0.047346,0.000507,-0.484375,0.0,0.9609,0.9528,0.001851,0.002261,0.002897,1.678317,3.385157,0.0
2310537216,43540.5,0.002144,0.053041,0.000475,-0.484375,0.0,0.9614,0.9533,0.002106,0.002238,0.002705,1.697734,3.300382,0.0
2311323648,43546.8,0.002653,0.0441,0.000473,-0.474609,0.0,0.9615,0.9533,0.001359,0.001795,0.002516,1.744087,3.179516,0.0
2312110080,43532.0,0.003331,0.066611,0.00048,-0.488281,0.0,0.9613,0.9527,0.001622,0.002043,0.00308,1.596319,3.494586,0.0
2312896512,43538.6,-0.002938,0.052581,0.000524,-0.476562,0.0,0.9613,0.9519,0.002016,0.002407,0.002858,1.603682,3.527332,0.0
2313682944,43545.1,-0.003148,0.036279,0.000526,-0.476562,0.0,0.9609,0.9512,0.001437,0.002062,0.002227,1.65659,3.488177,0.0
2314469376,43551.5,0.003323,0.048984,0.000535,-0.462891,0.0,0.9614,0.9533,0.001771,0.001889,0.002596,1.597601,3.400761,0.0
2315255808,43536.4,-0.001034,0.063119,0.000525,-0.466797,0.0,0.9615,0.9542,0.002124,0.001869,0.002237,1.656477,3.109286,0.0
2316042240,43542.6,0.002712,0.041998,0.000506,-0.460938,0.0,0.9619,0.956,0.001658,0.002262,0.002924,1.476608,3.362611,0.0
2316828672,43549.2,-0.003152,0.050744,0.000517,-0.462891,0.0,0.9617,0.9562,0.002672,0.001775,0.002223,1.529952,3.379148,0.0
2317615104,43534.4,0.000565,0.050617,0.000525,-0.490234,0.0,0.9624,0.9574,0.002392,0.001738,0.002544,1.669293,3.642537,0.0
2318401536,43540.9,-0.006851,0.02532,0.000506,-0.476562,0.0,0.963,0.9577,0.00196,0.001466,0.001801,1.766878,3.475119,0.0
2319187968,43547.4,-0.009178,0.035274,0.000503,-0.478516,0.0,0.9637,0.9589,0.001518,0.001793,0.002412,1.798817,3.487016,0.0
2319974400,43554.0,-0.004797,0.024065,0.000493,-0.478516,0.0,0.964,0.9595,0.001126,0.001327,0.001532,1.646271,3.511539,0.0
2320760832,43536.1,-0.011854,0.053083,0.000528,-0.466797,0.0,0.964,0.9597,0.00163,0.001842,0.003092,1.577661,3.635366,0.0
2321547264,43542.5,-0.003126,0.047404,0.000551,-0.449219,0.0,0.9642,0.9597,0.001342,0.001836,0.002112,1.636723,3.641371,0.0
2322333696,43548.8,-0.005231,0.038968,0.000557,-0.433594,0.0,0.9646,0.9597,0.001561,0.00193,0.002194,1.605768,3.546156,0.0
2323120128,43532.2,0.004946,0.058844,0.000563,-0.435547,0.0,0.965,0.9605,0.00171,0.001559,0.001904,1.829347,3.175019,0.0
2323906560,43538.5,-0.005635,0.061417,0.000517,-0.458984,0.0,0.9654,0.9614,0.001651,0.002053,0.002267,1.517076,3.586639,0.0
2324692992,43544.8,-0.004363,0.05177,0.000529,-0.457031,0.0,0.9657,0.9614,0.001814,0.00183,0.002227,1.515119,3.575758,0.0
2325479424,43550.9,1.4e-05,0.061399,0.000538,-0.449219,0.0,0.9663,0.9626,0.001575,0.001763,0.001952,1.551495,3.580656,0.0
2326265856,43529.5,-0.003291,0.04775,0.000558,-0.443359,0.0,0.9666,0.9631,0.001763,0.002021,0.003271,1.580613,3.519491,0.0
2327052288,43536.0,-0.001791,0.036101,0.000578,-0.4375,0.0,0.9673,0.964,0.0014,0.002227,0.002787,1.571008,3.506257,0.0
2327838720,43542.4,-0.006745,0.026564,0.00057,-0.439453,0.0,0.9678,0.9645,0.001762,0.001448,0.002019,1.587017,3.536574,0.0
2328625152,43548.8,-0.000929,0.039412,0.000574,-0.435547,0.0,0.9682,0.9645,0.0026,0.00192,0.002602,1.537273,3.663965,0.0
2329411584,43531.8,-0.001857,0.055164,0.000602,-0.453125,0.0,0.9689,0.9659,0.002054,0.002806,0.003083,1.555141,3.673323,0.0
2330198016,43538.3,0.006201,0.041367,0.000583,-0.439453,0.0,0.9688,0.9656,0.001754,0.002333,0.002377,1.550876,3.577283,0.0
2330984448,43544.7,-0.000872,0.044771,0.000583,-0.439453,0.0,0.9692,0.9671,0.001158,0.001872,0.002133,1.614733,3.533168,0.0
2331770880,43529.8,-0.002913,0.05574,0.000567,-0.439453,0.0,0.9693,0.9669,0.001808,0.00154,0.002286,1.581369,3.194755,0.0
2332557312,43536.1,0.005014,0.070102,0.000514,-0.419922,0.0,0.9694,0.9667,0.00224,0.002608,0.002801,1.420941,3.454659,0.0
2333343744,43542.4,-0.00595,0.048555,0.000512,-0.427734,0.0,0.9692,0.9654,0.001438,0.002,0.002578,1.404363,3.491671,0.0
2334130176,43548.9,0.001058,0.046895,0.000503,-0.427734,0.0,0.9692,0.9644,0.001171,0.001856,0.001969,1.393022,3.415022,0.0
2334916608,43537.4,-2.5e-05,0.058867,0.000531,-0.476562,0.0,0.9696,0.965,0.002194,0.00266,0.003535,1.480734,3.452036,0.0
2335703040,43543.9,0.00143,0.050183,0.00052,-0.466797,0.0,0.9697,0.9645,0.001948,0.002162,0.002513,1.599574,3.3266,0.0
2336489472,43550.0,0.003663,0.04736,0.000506,-0.46875,0.0,0.9698,0.9641,0.001863,0.001685,0.002786,1.605514,3.237599,0.0
2337275904,43535.5,-0.00125,0.070823,0.000519,-0.478516,0.0,0.9697,0.9636,0.001917,0.00205,0.002543,1.476231,3.432822,0.0
2338062336,43541.9,-0.003961,0.065278,0.000534,-0.439453,0.0,0.9694,0.9624,0.002103,0.002039,0.002751,1.442392,3.394988,0.0
2338848768,43548.1,-0.005243,0.037621,0.000532,-0.4375,0.0,0.9688,0.9604,0.001805,0.002082,0.00221,1.459398,3.407746,0.0
2339635200,43554.4,-0.005886,0.046812,0.000546,-0.435547,0.0,0.9684,0.9594,0.001601,0.001783,0.002225,1.499846,3.361388,0.0
2340421632,43541.5,-0.003404,0.06371,0.000581,-0.439453,0.0,0.9682,0.9581,0.001905,0.002276,0.002987,1.671247,3.156161,0.0
2341208064,43547.8,0.001652,0.057085,0.000576,-0.435547,0.0,0.9677,0.9563,0.001475,0.001724,0.002853,1.473471,3.551754,0.0
2341994496,43554.4,-0.003822,0.037296,0.000574,-0.441406,0.0,0.9672,0.9556,0.001245,0.001539,0.002015,1.453641,3.452229,0.0
2342780928,43541.5,0.004704,0.054853,0.000591,-0.447266,0.0,0.9673,0.9557,0.001447,0.001366,0.001611,1.442166,3.528152,0.0
2343567360,43547.9,-0.003585,0.037934,0.000598,-0.429688,0.0,0.9671,0.9558,0.00296,0.002018,0.003363,1.535167,3.389401,0.0
2344353792,43554.4,-0.000635,0.043956,0.000579,-0.4375,0.0,0.967,0.9559,0.001409,0.00184,0.002309,1.560983,3.443936,0.0
2345140224,43560.6,-0.000315,0.030626,0.000582,-0.443359,0.0,0.9669,0.9564,0.001294,0.001296,0.001611,1.546795,3.413625,0.0
2345926656,43544.1,-0.005688,0.06324,0.000569,-0.451172,0.0,0.9668,0.9564,0.002099,0.001927,0.002939,1.538175,3.72951,0.0
2346713088,43550.4,-0.001222,0.060811,0.000547,-0.443359,0.0,0.9668,0.9553,0.002318,0.001691,0.002405,1.537127,3.652782,0.0
2347499520,43556.9,0.005572,0.048359,0.00054,-0.441406,0.0,0.9663,0.9544,0.002151,0.001717,0.002535,1.530851,3.557122,0.0
2348285952,43542.9,-0.007707,0.040384,0.00054,-0.451172,0.0,0.966,0.9533,0.001422,0.001215,0.001665,1.774036,3.093743,0.0
2349072384,43549.4,0.003922,0.058407,0.000526,-0.441406,0.0,0.9659,0.9529,0.001456,0.001664,0.002473,1.578283,3.254058,0.0
2349858816,43555.8,-0.003617,0.044595,0.00054,-0.443359,0.0,0.9657,0.9525,0.001443,0.001745,0.002252,1.428739,3.491477,0.0
2350645248,43561.7,0.001961,0.052229,0.00055,-0.439453,0.0,0.9654,0.9515,0.001578,0.001707,0.002291,1.457414,3.518301,0.0
2351431680,43544.5,0.005272,0.05847,0.000532,-0.445312,0.0,0.9655,0.9514,0.001506,0.001547,0.002422,1.482021,3.446503,0.0
2352218112,43550.8,-0.00233,0.031911,0.000533,-0.445312,0.0,0.966,0.9519,0.002013,0.001662,0.002692,1.473829,3.313282,0.0
2353004544,43557.2,-0.004362,0.027463,0.000541,-0.449219,0.0,0.9657,0.9519,0.001744,0.001361,0.001957,1.56121,3.245165,0.0
2353790976,43563.4,0.005314,0.02874,0.000543,-0.451172,0.0,0.9659,0.9536,0.001467,0.001179,0.001668,1.415236,3.333503,0.0
2354577408,43540.8,-0.001896,0.051723,0.000522,-0.457031,0.0,0.9657,0.9541,0.001615,0.002354,0.002827,1.398688,3.446511,0.0
2355363840,43546.9,-0.005466,0.040935,0.000522,-0.457031,0.0,0.9648,0.9529,0.001574,0.001888,0.00236,1.429508,3.422023,0.0
2356150272,43553.0,0.001377,0.041091,0.000523,-0.455078,0.0,0.9647,0.9537,0.001838,0.002125,0.002954,1.494042,3.286044,0.0
2356936704,43533.9,0.000157,0.051341,0.000538,-0.453125,0.0,0.9636,0.9525,0.001815,0.00214,0.002414,1.679557,3.155831,0.0
2357723136,43540.2,0.007111,0.066065,0.000513,-0.458984,0.0,0.964,0.9536,0.002973,0.002551,0.002813,1.551947,3.46493,0.0
2358509568,43546.2,-0.002751,0.054744,0.000538,-0.458984,0.0,0.9641,0.9542,0.002438,0.002884,0.002566,1.524224,3.46232,0.0
2359296000,43552.5,-0.002109,0.051674,0.000524,-0.460938,0.0,0.9643,0.9546,0.003064,0.00207,0.001815,1.514939,3.52838,0.0
2360082432,43529.7,-0.000509,0.04629,0.000544,-0.451172,0.0,0.9647,0.9563,0.001895,0.001645,0.001741,1.613843,3.484553,0.0
2360868864,43536.0,-0.002161,0.041054,0.000544,-0.449219,0.0,0.9647,0.9581,0.001695,0.001425,0.001604,1.664925,3.44619,0.0
2361655296,43542.3,-0.006288,0.031153,0.000548,-0.439453,0.0,0.9654,0.9612,0.001586,0.001534,0.002127,1.60132,3.434364,0.0
2362441728,43520.3,0.006213,0.055493,0.000541,-0.443359,0.0,0.9656,0.9626,0.001505,0.001405,0.001715,1.407508,3.571411,0.0
2363228160,43526.5,-0.00264,0.055919,0.000528,-0.445312,0.0,0.9655,0.9628,0.002754,0.001872,0.002193,1.465069,3.578543,0.0
2364014592,43532.7,-0.003207,0.042805,0.000532,-0.427734,0.0,0.9658,0.9629,0.002386,0.001409,0.002203,1.449064,3.445148,0.0
2364801024,43539.0,-0.002826,0.058403,0.000541,-0.414062,0.0,0.9656,0.9619,0.00265,0.001687,0.002013,1.452882,3.45125,0.0
2365587456,43525.1,-9.7e-05,0.054881,0.000544,-0.435547,0.0,0.9659,0.9621,0.001446,0.001729,0.002156,1.631112,3.312214,0.0
2366373888,43531.3,0.002844,0.046749,0.000542,-0.453125,0.0,0.9653,0.9615,0.001434,0.001763,0.00223,1.391205,3.5856,0.0
2367160320,43537.8,0.000422,0.043084,0.000549,-0.445312,0.0,0.965,0.9617,0.001543,0.001647,0.001991,1.477709,3.521675,0.0
2367946752,43521.8,-0.00646,0.050548,0.000536,-0.46875,0.0,0.965,0.9619,0.001713,0.00202,0.002955,1.406767,3.418205,0.0
2368733184,43527.8,-0.001341,0.050904,0.000488,-0.435547,0.0,0.9647,0.9614,0.001259,0.00194,0.002558,1.555924,3.303015,0.0
2369519616,43533.8,-0.004123,0.03986,0.000471,-0.447266,0.0,0.9645,0.9611,0.001123,0.001734,0.002275,1.543406,3.322142,0.0
2370306048,43540.0,-0.000487,0.031717,0.000461,-0.449219,0.0,0.9643,0.9608,0.001193,0.001501,0.002192,1.546067,3.227295,0.0
2371092480,43520.9,0.000407,0.050601,0.000485,-0.462891,0.0,0.9641,0.9607,0.000984,0.00135,0.001863,1.480166,3.608289,0.0
2371878912,43527.2,-0.000742,0.0261,0.000495,-0.441406,0.0,0.964,0.961,0.001142,0.001233,0.001546,1.552805,3.531448,0.0
2372665344,43533.6,-0.002405,0.027198,0.000507,-0.451172,0.0,0.9641,0.9618,0.000979,0.001584,0.001852,1.568534,3.413091,0.0
2373451776,43523.0,-0.003476,0.037831,0.000527,-0.462891,0.0,0.9638,0.9618,0.001297,0.001339,0.001995,1.669359,3.148754,0.0
2374238208,43529.2,-0.007165,0.038435,0.000522,-0.433594,0.0,0.9641,0.9622,0.001351,0.001348,0.002043,1.595997,3.21041,0.0
2375024640,43535.4,-0.000692,0.04087,0.000534,-0.4375,0.0,0.9643,0.9621,0.002547,0.001727,0.001868,1.486086,3.383671,0.0
2375811072,43541.6,-0.010128,0.038948,0.000524,-0.455078,0.0,0.9648,0.9629,0.002111,0.001312,0.001943,1.466167,3.483001,0.0
2376597504,43527.3,0.002602,0.062675,0.000512,-0.464844,0.0,0.9652,0.9632,0.001651,0.001809,0.002152,1.502538,3.417457,0.0
2377383936,43533.6,0.000705,0.052613,0.000485,-0.458984,0.0,0.9659,0.9633,0.002074,0.001937,0.002453,1.48426,3.202892,0.0
2378170368,43539.8,-0.002141,0.05262,0.000484,-0.457031,0.0,0.9658,0.9627,0.001971,0.001731,0.002258,1.573036,3.223209,0.0
2378956800,43546.1,0.005159,0.050525,0.000472,-0.449219,0.0,0.9656,0.9624,0.001434,0.001713,0.002267,1.452413,3.337163,0.0
2379743232,43532.4,-0.000146,0.060508,0.000483,-0.447266,0.0,0.9658,0.963,0.001527,0.001742,0.002715,1.39436,3.448557,0.0
2380529664,43538.5,-0.002114,0.03736,0.000481,-0.431641,0.0,0.9656,0.9627,0.00141,0.001239,0.001698,1.450739,3.465262,0.0
2381316096,43544.7,-0.004255,0.04031,0.00047,-0.423828,0.0,0.9658,0.9623,0.001193,0.001163,0.001729,1.511914,3.436647,0.0
2382102528,43529.6,-0.003803,0.044144,0.000517,-0.441406,0.0,0.966,0.9618,0.001547,0.001998,0.00175,1.575649,3.292248,0.0
2382888960,43535.8,-0.001044,0.041845,0.000532,-0.435547,0.0,0.9657,0.9598,0.002366,0.001783,0.002588,1.436429,3.467875,0.0
2383675392,43541.9,-0.003815,0.037363,0.000535,-0.439453,0.0,0.9656,0.9589,0.002105,0.002096,0.001971,1.438766,3.455217,0.0
2384461824,43547.6,-0.00191,0.040035,0.000536,-0.449219,0.0,0.9658,0.959,0.002083,0.001976,0.001903,1.487943,3.511547,0.0
2385248256,43535.2,-0.002099,0.065034,0.000514,-0.466797,0.0,0.9661,0.9592,0.001996,0.002268,0.002238,1.57757,3.51447,0.0
2386034688,43541.2,-0.001561,0.052164,0.000512,-0.466797,0.0,0.9658,0.9579,0.001695,0.002591,0.003135,1.526479,3.40287,0.0
2386821120,43547.7,-0.003237,0.048321,0.000498,-0.451172,0.0,0.9659,0.9575,0.001527,0.002057,0.002485,1.643452,3.29124,0.0
2387607552,43534.4,-0.004754,0.059801,0.000507,-0.466797,0.0,0.9659,0.9573,0.001578,0.001927,0.002427,1.443833,3.426721,0.0
2388393984,43540.3,0.001463,0.045867,0.000529,-0.453125,0.0,0.9661,0.9567,0.001794,0.002019,0.002531,1.460087,3.383687,0.0
2389180416,43546.5,-0.01179,0.03357,0.000539,-0.439453,0.0,0.9659,0.9553,0.001825,0.00142,0.00185,1.518371,3.352941,0.0
2389966848,43552.5,-0.004626,0.031916,0.000533,-0.441406,0.0,0.966,0.9553,0.001286,0.001611,0.001838,1.532559,3.32024,0.0
2390753280,43532.7,-0.008445,0.042883,0.000551,-0.447266,0.0,0.9666,0.9563,0.002104,0.002056,0.00238,1.656065,3.248838,0.0
2391539712,43538.8,-0.0019,0.035131,0.000546,-0.435547,0.0,0.9669,0.9569,0.001731,0.001309,0.001966,1.495914,3.516015,0.0
2392326144,43545.1,-0.001442,0.03349,0.000547,-0.429688,0.0,0.9673,0.9573,0.00135,0.001014,0.001555,1.438929,3.619889,0.0
2393112576,43529.0,-0.00531,0.034107,0.000548,-0.443359,0.0,0.9676,0.9573,0.001579,0.00124,0.00175,1.463718,3.72727,0.0
2393899008,43535.3,0.004103,0.04374,0.000538,-0.447266,0.0,0.9677,0.957,0.001625,0.001631,0.001859,1.580989,3.53849,0.0
2394685440,43541.3,-0.000804,0.038796,0.000536,-0.447266,0.0,0.9679,0.9564,0.00208,0.001355,0.001825,1.615089,3.459574,0.0
2395471872,43547.6,-0.009186,0.034385,0.000529,-0.439453,0.0,0.9679,0.9563,0.001269,0.001348,0.001405,1.664596,3.499427,0.0
2396258304,43533.0,-0.003198,0.050376,0.000521,-0.455078,0.0,0.968,0.9565,0.001418,0.001632,0.002324,1.402743,3.589862,0.0
2397044736,43539.3,0.003448,0.054756,0.000526,-0.4375,0.0,0.9677,0.9557,0.001989,0.001277,0.002075,1.455641,3.461209,0.0
2397831168,43545.6,0.00307,0.038534,0.000531,-0.443359,0.0,0.9678,0.957,0.001256,0.00124,0.00154,1.451082,3.416921,0.0
2398617600,43530.5,0.001232,0.048007,0.000538,-0.447266,0.0,0.968,0.9586,0.00152,0.001321,0.002333,1.679543,3.157248,0.0
2399404032,43536.7,-0.003331,0.031297,0.000538,-0.433594,0.0,0.9684,0.9595,0.001677,0.001475,0.002462,1.675447,3.291242,0.0
2400190464,43542.9,-0.000813,0.036557,0.000552,-0.451172,0.0,0.9684,0.9592,0.001384,0.001545,0.002184,1.4923,3.546995,0.0
2400976896,43549.1,0.005608,0.03963,0.000536,-0.451172,0.0,0.9684,0.9592,0.001128,0.001297,0.001934,1.509598,3.521572,0.0
2401763328,43530.2,-0.004542,0.046911,0.000544,-0.443359,0.0,0.9683,0.9587,0.001324,0.001035,0.001901,1.478788,3.498048,0.0
2402549760,43536.1,-9.1e-05,0.045815,0.000545,-0.427734,0.0,0.9683,0.9594,0.001644,0.001316,0.002641,1.502289,3.46844,0.0
2403336192,43542.0,-0.001492,0.033301,0.000543,-0.425781,0.0,0.9681,0.9591,0.00104,0.000952,0.001544,1.575251,3.378367,0.0
2404122624,43547.9,-0.000779,0.034019,0.000532,-0.429688,0.0,0.968,0.9596,0.000921,0.001102,0.001405,1.556641,3.343344,0.0
2404909056,43534.4,-0.004167,0.060726,0.000519,-0.458984,0.0,0.9681,0.9603,0.001636,0.002106,0.002447,1.447765,3.504203,0.0
2405695488,43540.6,-0.004051,0.040841,0.000513,-0.447266,0.0,0.9678,0.9609,0.001229,0.001702,0.001795,1.541115,3.523009,0.0
2406481920,43546.9,0.002276,0.036034,0.000508,-0.451172,0.0,0.9683,0.9634,0.001337,0.001736,0.00213,1.544913,3.431341,0.0
2407268352,43531.4,0.00145,0.041171,0.000525,-0.457031,0.0,0.9683,0.9641,0.001276,0.001655,0.001749,1.553015,3.216641,0.0
2408054784,43537.6,0.001375,0.036383,0.000516,-0.433594,0.0,0.9678,0.9637,0.001919,0.00262,0.002476,1.596504,3.168732,0.0
2408841216,43543.8,-0.003904,0.031239,0.000511,-0.445312,0.0,0.968,0.965,0.001632,0.001669,0.002311,1.444908,3.510335,0.0
2409627648,43549.8,-0.001417,0.033976,0.000525,-0.429688,0.0,0.9677,0.9648,0.001217,0.001543,0.001924,1.497924,3.523357,0.0
2410414080,43536.5,8.3e-05,0.063074,0.000528,-0.443359,0.0,0.9683,0.966,0.002271,0.002153,0.002757,1.548058,3.653847,0.0
2411200512,43542.1,-0.001036,0.060666,0.00053,-0.431641,0.0,0.9677,0.9639,0.002147,0.002309,0.002068,1.527966,3.592375,0.0
2411986944,43548.1,-0.003249,0.04132,0.000525,-0.431641,0.0,0.9675,0.9636,0.001561,0.001914,0.002255,1.600488,3.438412,0.0
2412773376,43533.4,-0.001638,0.057332,0.000528,-0.4375,0.0,0.9673,0.963,0.001476,0.001512,0.002155,1.459937,3.666885,0.0
2413559808,43539.3,-0.003864,0.024898,0.000535,-0.423828,0.0,0.9669,0.963,0.001628,0.001245,0.00199,1.477401,3.678022,0.0
2414346240,43545.5,-0.000159,0.030636,0.000529,-0.414062,0.0,0.9669,0.964,0.0013,0.001322,0.00209,1.493851,3.61542,0.0
2415132672,43551.7,-0.007657,0.022564,0.000528,-0.412109,0.0,0.9667,0.9647,0.001162,0.001069,0.001562,1.498741,3.542681,0.0
2415919104,43537.5,-0.001624,0.039011,0.00052,-0.4375,0.0,0.967,0.9655,0.001129,0.002064,0.002255,1.491614,3.201278,0.0
2416705536,43543.7,0.008687,0.032416,0.000512,-0.423828,0.0,0.9666,0.9648,0.00179,0.001768,0.00227,1.395211,3.486306,0.0
2417491968,43549.9,-0.001359,0.026166,0.000509,-0.4375,0.0,0.9661,0.9645,0.001012,0.001583,0.001803,1.347811,3.408204,0.0
2418278400,43535.0,-0.002341,0.03427,0.000525,-0.433594,0.0,0.966,0.9649,0.000861,0.001179,0.001425,1.308283,3.534924,0.0
2419064832,43541.1,0.006822,0.036734,0.000548,-0.425781,0.0,0.9661,0.9644,0.001383,0.00181,0.002071,1.450379,3.452708,0.0
2419851264,43546.9,0.00234,0.047868,0.000533,-0.429688,0.0,0.9658,0.9635,0.001342,0.001975,0.00186,1.468335,3.329764,0.0
2420637696,43553.0,-0.001473,0.03085,0.000535,-0.416016,0.0,0.9657,0.9631,0.001462,0.001202,0.001315,1.509195,3.29972,0.0
2421424128,43531.4,0.006177,0.053444,0.000503,-0.425781,0.0,0.9661,0.9639,0.001411,0.002238,0.002698,1.339099,3.452635,0.0
2422210560,43537.4,0.004737,0.04094,0.00049,-0.423828,0.0,0.966,0.9638,0.001112,0.001634,0.002161,1.365435,3.374047,0.0
2422996992,43543.5,-0.004278,0.027313,0.000485,-0.421875,0.0,0.9664,0.9642,0.001089,0.001416,0.002076,1.443788,3.422836,0.0
2423783424,43527.4,-0.005062,0.04571,0.000513,-0.431641,0.0,0.9666,0.9649,0.001359,0.001223,0.001665,1.598634,3.250276,0.0
2424569856,43533.5,-0.000626,0.039255,0.000518,-0.427734,0.0,0.9672,0.966,0.001112,0.001972,0.002143,1.602823,3.435901,0.0
2425356288,43539.5,0.008603,0.043156,0.000525,-0.429688,0.0,0.9674,0.9662,0.001769,0.002016,0.00232,1.429273,3.574204,0.0
2426142720,43545.6,-0.00357,0.031303,0.000528,-0.435547,0.0,0.9675,0.9666,0.0013,0.001627,0.001626,1.445419,3.613718,0.0
2426929152,43530.0,0.004663,0.057515,0.000542,-0.453125,0.0,0.9677,0.9664,0.001664,0.00163,0.002182,1.562973,3.594452,0.0
2427715584,43536.0,-0.001354,0.046397,0.000533,-0.462891,0.0,0.9681,0.966,0.001725,0.001731,0.002031,1.502376,3.404478,0.0
2428502016,43542.2,0.000331,0.05379,0.000528,-0.443359,0.0,0.9681,0.9658,0.001481,0.001505,0.001792,1.617523,3.337997,0.0
2429288448,43548.4,-0.000116,0.034645,0.00052,-0.451172,0.0,0.9685,0.9657,0.001392,0.00126,0.001658,1.64556,3.36236,0.0
2430074880,43533.1,0.0007,0.0733,0.000547,-0.472656,0.0,0.9686,0.9649,0.00219,0.002427,0.003228,1.491703,3.465448,0.0
2430861312,43539.3,-0.003527,0.060673,0.000537,-0.478516,0.0,0.968,0.9632,0.00226,0.002067,0.002985,1.487884,3.480832,0.0
2431647744,43545.2,0.000476,0.06357,0.00054,-0.470703,0.0,0.968,0.9637,0.002062,0.001636,0.002069,1.520012,3.42918,0.0
2432434176,43534.4,0.002619,0.050145,0.000542,-0.482422,0.0,0.9681,0.9639,0.001253,0.001476,0.001777,1.702244,3.367637,0.0
2433220608,43540.5,-0.002534,0.042749,0.000516,-0.460938,0.0,0.9688,0.9657,0.001636,0.001426,0.002195,1.766406,3.3003,0.0
2434007040,43546.7,-0.001855,0.035231,0.000525,-0.458984,0.0,0.9687,0.965,0.001685,0.001613,0.001914,1.516008,3.5304,0.0
2434793472,43552.7,0.004442,0.038415,0.00052,-0.460938,0.0,0.9688,0.9649,0.001531,0.001522,0.001962,1.495468,3.464208,0.0
2435579904,43533.8,-0.002581,0.065384,0.0005,-0.464844,0.0,0.969,0.9646,0.001826,0.002174,0.002502,1.442829,3.408604,0.0
2436366336,43539.8,-0.001498,0.050674,0.000487,-0.460938,0.0,0.9685,0.9626,0.001545,0.001938,0.002227,1.546673,3.318026,0.0
2437152768,43545.7,-0.001756,0.051989,0.000484,-0.478516,0.0,0.9687,0.9628,0.001753,0.002443,0.002562,1.655592,3.230499,0.0
2437939200,43533.2,-0.003833,0.058575,0.000482,-0.488281,0.0,0.9691,0.9635,0.001485,0.001764,0.002086,1.567848,3.475088,0.0
2438725632,43539.5,-0.000951,0.040653,0.000497,-0.474609,0.0,0.9694,0.9636,0.001625,0.001802,0.002487,1.609613,3.439869,0.0
2439512064,43545.6,-0.002992,0.042782,0.000499,-0.466797,0.0,0.9694,0.9643,0.001938,0.001733,0.001898,1.615217,3.420504,0.0
2440298496,43551.8,-0.001574,0.040104,0.000496,-0.466797,0.0,0.9695,0.9652,0.001469,0.001427,0.001666,1.618036,3.4166,0.0
2441084928,43536.2,-0.004785,0.051088,0.000511,-0.476562,0.0,0.9696,0.9657,0.001692,0.00142,0.001824,1.641397,3.178316,0.0
2441871360,43542.3,0.002978,0.056782,0.000511,-0.462891,0.0,0.9693,0.9652,0.002146,0.001864,0.002217,1.563035,3.372248,0.0
2442657792,43548.5,-0.000492,0.054226,0.000508,-0.460938,0.0,0.9685,0.9635,0.002037,0.00209,0.001863,1.466342,3.434833,0.0
2443444224,43536.1,0.000874,0.062455,0.000522,-0.460938,0.0,0.9684,0.9637,0.001218,0.001401,0.001671,1.466691,3.504612,0.0
2444230656,43542.3,-0.002232,0.038578,0.000554,-0.462891,0.0,0.9682,0.9638,0.001156,0.001176,0.001608,1.531478,3.39767,0.0
2445017088,43548.2,-0.006002,0.03735,0.000557,-0.453125,0.0,0.9679,0.9631,0.001323,0.001419,0.002057,1.563605,3.204732,0.0
2445803520,43554.3,-0.00106,0.035753,0.00055,-0.466797,0.0,0.9677,0.9631,0.001139,0.001059,0.001431,1.583932,3.163306,0.0
2446589952,43542.1,-0.003049,0.049294,0.000515,-0.46875,0.0,0.9677,0.9631,0.001259,0.001138,0.001563,1.509599,3.477404,0.0
2447376384,43548.1,-0.001799,0.04426,0.000508,-0.458984,0.0,0.9675,0.9627,0.001595,0.001586,0.002414,1.485099,3.483858,0.0
2448162816,43554.2,-0.003099,0.030849,0.000516,-0.460938,0.0,0.9673,0.9632,0.001234,0.001071,0.001539,1.461973,3.434974,0.0
2448949248,43542.2,0.002517,0.039173,0.000523,-0.472656,0.0,0.9672,0.964,0.001225,0.000956,0.001743,1.60167,3.080291,0.0
2449735680,43548.2,-0.004537,0.041637,0.000492,-0.453125,0.0,0.967,0.9642,0.001657,0.002149,0.002809,1.680595,3.220148,0.0
2450522112,43554.3,-0.002424,0.045182,0.000493,-0.464844,0.0,0.9676,0.966,0.001589,0.001762,0.00201,1.501945,3.417422,0.0
2451308544,43560.4,-0.006996,0.027065,0.000497,-0.457031,0.0,0.9675,0.9674,0.001099,0.001346,0.00155,1.554681,3.546728,0.0
2452094976,43544.3,-0.003297,0.041204,0.000508,-0.462891,0.0,0.9683,0.9698,0.001157,0.001309,0.001837,1.524932,3.503145,0.0
2452881408,43550.4,-0.000962,0.032912,0.000507,-0.453125,0.0,0.9685,0.9715,0.002549,0.001245,0.001686,1.575399,3.502359,0.0
2453667840,43556.4,0.000989,0.036468,0.000505,-0.443359,0.0,0.9687,0.972,0.001231,0.001419,0.001483,1.630837,3.495857,0.0
2454454272,43562.6,0.002579,0.033806,0.000515,-0.435547,0.0,0.9691,0.973,0.001881,0.000941,0.001237,1.63616,3.427297,0.0
2455240704,43548.9,-0.001881,0.063566,0.000529,-0.4375,0.0,0.969,0.9722,0.00139,0.00179,0.002095,1.375408,3.567815,0.0
2456027136,43554.9,-2.1e-05,0.042005,0.000516,-0.423828,0.0,0.9691,0.9722,0.001137,0.001493,0.001892,1.390829,3.478876,0.0
2456813568,43560.8,0.003011,0.043508,0.000512,-0.439453,0.0,0.9692,0.9721,0.001162,0.001678,0.002168,1.437219,3.434765,0.0
2457600000,43545.7,0.001824,0.051699,0.00052,-0.462891,0.0,0.9692,0.972,0.001164,0.001503,0.001764,1.600906,3.323056,0.0
2458386432,43551.6,-0.00184,0.031935,0.000495,-0.455078,0.0,0.9697,0.9739,0.001041,0.001413,0.001471,1.625083,3.268973,0.0
2459172864,43557.5,-0.006107,0.026998,0.000503,-0.451172,0.0,0.9695,0.974,0.000771,0.001162,0.001357,1.442697,3.462371,0.0
2459959296,43563.3,-0.006124,0.023566,0.000507,-0.441406,0.0,0.9698,0.9748,0.001176,0.001267,0.001304,1.438707,3.491816,0.0
2460745728,43542.2,-0.004796,0.040775,0.000483,-0.451172,0.0,0.9705,0.976,0.000961,0.001558,0.001751,1.501678,3.541805,0.0
2461532160,43548.3,-0.001387,0.020547,0.000471,-0.433594,0.0,0.9712,0.9782,0.001343,0.001184,0.001605,1.479067,3.375642,0.0
2462318592,43554.1,0.000369,0.022991,0.000465,-0.421875,0.0,0.9715,0.9802,0.001145,0.001177,0.001458,1.553785,3.332302,0.0
2463105024,43539.3,9.8e-05,0.031733,0.000484,-0.443359,0.0,0.9719,0.9813,0.000848,0.001148,0.001352,1.41456,3.369172,0.0
2463891456,43545.3,-0.002984,0.034423,0.000532,-0.447266,0.0,0.9718,0.9812,0.001109,0.001538,0.00164,1.45762,3.399672,0.0
2464677888,43551.5,-0.005407,0.03147,0.000535,-0.449219,0.0,0.9719,0.9818,0.001347,0.001231,0.002204,1.448462,3.415222,0.0
2465464320,43557.7,-0.001183,0.025411,0.000542,-0.441406,0.0,0.9721,0.9822,0.001084,0.001198,0.001773,1.543775,3.380067,0.0
2466250752,43531.6,-0.002552,0.043561,0.000527,-0.445312,0.0,0.9723,0.9823,0.001911,0.0014,0.001884,1.582466,3.264675,0.0
2467037184,43537.6,0.00042,0.046826,0.00051,-0.421875,0.0,0.9727,0.9824,0.002048,0.001264,0.001887,1.544508,3.282427,0.0
2467823616,43543.3,-0.001852,0.03338,0.000504,-0.419922,0.0,0.9728,0.982,0.001321,0.001771,0.001926,1.405397,3.428288,0.0
2468610048,43530.4,-0.00114,0.051456,0.00052,-0.439453,0.0,0.9733,0.9825,0.001721,0.001357,0.001872,1.377484,3.677371,0.0
2469396480,43535.8,5.4e-05,0.044978,0.000538,-0.445312,0.0,0.9731,0.9821,0.00173,0.002012,0.002251,1.531289,3.564854,0.0
2470182912,43541.8,-0.001067,0.032175,0.000532,-0.441406,0.0,0.9734,0.9826,0.000952,0.001373,0.001386,1.550219,3.503837,0.0
2470969344,43547.8,-0.005032,0.029044,0.000539,-0.4375,0.0,0.9732,0.9828,0.001257,0.001499,0.001416,1.588897,3.431722,0.0
2471755776,43534.1,0.005714,0.041551,0.000526,-0.457031,0.0,0.9733,0.9829,0.001007,0.00111,0.001795,1.437862,3.542947,0.0
2472542208,43540.2,-0.001789,0.031233,0.000512,-0.449219,0.0,0.9732,0.9827,0.00115,0.001056,0.001288,1.512765,3.572401,0.0
2473328640,43546.2,-0.003442,0.026197,0.000499,-0.447266,0.0,0.9727,0.9819,0.000834,0.001071,0.001007,1.528916,3.491991,0.0
2474115072,43535.2,0.00782,0.035793,0.000515,-0.464844,0.0,0.9724,0.9812,0.000855,0.001081,0.001615,1.431161,3.083701,0.0
2474901504,43541.3,-0.001736,0.033885,0.000497,-0.431641,0.0,0.9721,0.9807,0.001672,0.001857,0.001971,1.601779,3.201087,0.0
2475687936,43547.4,0.004078,0.027684,0.000514,-0.433594,0.0,0.972,0.9811,0.001188,0.001267,0.002023,1.393493,3.283979,0.0
2476474368,43553.0,0.000355,0.033821,0.000517,-0.451172,0.0,0.9721,0.9819,0.001055,0.001265,0.001569,1.386816,3.428172,0.0
2477260800,43538.9,-0.003758,0.040352,0.000514,-0.445312,0.0,0.9722,0.9827,0.001047,0.001377,0.001758,1.426301,3.409249,0.0
2478047232,43544.7,0.001065,0.039836,0.000519,-0.433594,0.0,0.9726,0.9837,0.001302,0.001887,0.002178,1.453768,3.331465,0.0
2478833664,43550.5,-0.004651,0.041732,0.000509,-0.439453,0.0,0.9723,0.9826,0.001394,0.001255,0.001579,1.420351,3.245461,0.0
2479620096,43556.5,0.00173,0.037962,0.000516,-0.451172,0.0,0.9722,0.9821,0.001096,0.001458,0.001511,1.525317,3.171208,0.0
2480406528,43543.8,-0.006395,0.034718,0.000491,-0.458984,0.0,0.9722,0.9819,0.001191,0.001507,0.001839,1.488187,3.469826,0.0
2481192960,43549.7,0.001336,0.035995,0.000487,-0.443359,0.0,0.9718,0.9812,0.001489,0.001625,0.001838,1.470699,3.376963,0.0
2481979392,43555.6,-0.00224,0.035029,0.00049,-0.451172,0.0,0.972,0.9813,0.001193,0.001459,0.002155,1.483818,3.327435,0.0
2482765824,43539.0,-0.004125,0.038602,0.000511,-0.457031,0.0,0.9717,0.9803,0.001198,0.001395,0.002015,1.519832,3.183256,0.0
2483552256,43544.6,-0.005341,0.037264,0.000511,-0.447266,0.0,0.9715,0.9789,0.001421,0.001818,0.002448,1.59313,3.157845,0.0
2484338688,43550.8,-0.001381,0.034931,0.000501,-0.445312,0.0,0.9713,0.9777,0.001011,0.001484,0.0016,1.429887,3.472943,0.0
2485125120,43557.0,-0.004081,0.033053,0.0005,-0.443359,0.0,0.9712,0.9768,0.001166,0.001378,0.001718,1.386213,3.476559,0.0
2485911552,43541.5,-0.001492,0.052164,0.000527,-0.431641,0.0,0.9713,0.9764,0.001766,0.001818,0.002436,1.350955,3.302448,0.0
2486697984,43547.2,-0.002678,0.038948,0.000521,-0.417969,0.0,0.9708,0.9741,0.001688,0.001876,0.002271,1.420453,3.226313,0.0
2487484416,43553.0,-0.000242,0.028964,0.000516,-0.417969,0.0,0.971,0.975,0.001141,0.001623,0.001535,1.469534,3.208592,0.0
2488270848,43540.3,0.004475,0.050192,0.000537,-0.427734,0.0,0.9709,0.9747,0.001427,0.001941,0.002405,1.433985,3.619902,0.0
2489057280,43546.3,-0.004233,0.044908,0.000508,-0.441406,0.0,0.9707,0.9744,0.001607,0.001956,0.00215,1.474057,3.648315,0.0
2489843712,43552.2,0.006216,0.045239,0.000511,-0.439453,0.0,0.9707,0.9743,0.00156,0.001987,0.002195,1.568217,3.55811,0.0
2490630144,43558.2,0.008653,0.062357,0.000521,-0.443359,0.0,0.9706,0.9738,0.001579,0.001768,0.001977,1.552561,3.515522,0.0
2491416576,43534.9,0.004623,0.040021,0.00053,-0.451172,0.0,0.9706,0.9733,0.001329,0.001683,0.001946,1.495098,3.262539,0.0
2492203008,43540.7,-0.005964,0.036835,0.000521,-0.425781,0.0,0.9701,0.9717,0.001371,0.00168,0.002381,1.522956,3.180621,0.0
2492989440,43546.6,0.001858,0.029734,0.000538,-0.433594,0.0,0.9699,0.9709,0.001311,0.001346,0.001754,1.340647,3.365279,0.0
2493775872,43534.6,-0.008697,0.039076,0.000535,-0.443359,0.0,0.9699,0.9706,0.003031,0.001315,0.001989,1.414307,3.584103,0.0
2494562304,43540.4,-0.001203,0.049992,0.000513,-0.4375,0.0,0.9701,0.9705,0.001664,0.001763,0.002073,1.529146,3.479148,0.0
2495348736,43546.3,0.003422,0.043176,0.000512,-0.425781,0.0,0.9704,0.9712,0.001858,0.001752,0.002374,1.528594,3.372717,0.0
2496135168,43552.2,-0.000434,0.039961,0.000494,-0.423828,0.0,0.9704,0.9715,0.001513,0.001483,0.001557,1.546367,3.329406,0.0
2496921600,43541.8,0.001723,0.05677,0.000515,-0.435547,0.0,0.9702,0.9699,0.002261,0.001764,0.002529,1.43567,3.477195,0.0
2497708032,43547.2,-0.00353,0.048032,0.000523,-0.435547,0.0,0.9699,0.9672,0.002125,0.001738,0.002655,1.44934,3.490847,0.0
2498494464,43552.2,-0.003236,0.042698,0.000513,-0.4375,0.0,0.9697,0.9648,0.001248,0.00157,0.001762,1.427221,3.356527,0.0
2499280896,43541.4,0.002594,0.073903,0.000539,-0.453125,0.0,0.9696,0.9627,0.001885,0.001375,0.002377,1.468627,3.221714,0.0
2500067328,43547.2,0.00165,0.03466,0.000505,-0.439453,0.0,0.9699,0.9629,0.001065,0.001317,0.001746,1.538745,3.226387,0.0
2500853760,43065.1,-0.002124,0.023425,0.000506,-0.423828,0.0,0.9698,0.9626,0.000965,0.001395,0.001522,1.41053,3.422856,0.0
2501640192,43070.8,-0.004295,0.028548,0.000504,-0.441406,0.0,0.9696,0.9621,0.000954,0.001311,0.001667,1.38954,3.477521,0.0
2502426624,43050.2,0.000437,0.039545,0.000555,-0.435547,0.0,0.9694,0.9618,0.001731,0.001628,0.002131,1.373561,3.547877,0.0
2503213056,43056.1,0.000693,0.027445,0.000599,-0.416016,0.0,0.9691,0.9615,0.001113,0.001184,0.001435,1.481494,3.417784,0.0
2503999488,43062.0,0.00156,0.03752,0.0006,-0.423828,0.0,0.9694,0.9631,0.001073,0.001364,0.001492,1.466494,3.415408,0.0
2504785920,43045.4,-0.005679,0.034365,0.000584,-0.425781,0.0,0.9694,0.9635,0.000912,0.001116,0.001319,1.51222,3.259126,0.0
2505572352,43051.2,-0.000613,0.046401,0.000565,-0.427734,0.0,0.9695,0.9632,0.001218,0.001341,0.002451,1.363195,3.386392,0.0
2506358784,43057.3,-0.002709,0.048565,0.000564,-0.423828,0.0,0.9693,0.963,0.001294,0.001232,0.001914,1.421508,3.59462,0.0
2507145216,43063.4,-0.004019,0.048699,0.000563,-0.416016,0.0,0.9693,0.9619,0.001459,0.001234,0.001643,1.419036,3.41282,0.0
2507931648,43049.7,-0.009035,0.049406,0.000559,-0.435547,0.0,0.9692,0.9613,0.001132,0.001637,0.001627,1.508251,3.507247,0.0
2508718080,43055.5,-0.003839,0.063429,0.000541,-0.433594,0.0,0.9692,0.9619,0.001827,0.001774,0.002099,1.607639,3.385879,0.0
2509504512,43060.9,0.006771,0.05028,0.000523,-0.439453,0.0,0.9688,0.9617,0.001862,0.002107,0.001922,1.3664,3.568423,0.0
2510290944,43066.9,-0.000812,0.051074,0.000527,-0.462891,0.0,0.9688,0.9623,0.001339,0.001433,0.001526,1.46997,3.566625,0.0
2511077376,43051.9,-0.008557,0.038829,0.000527,-0.462891,0.0,0.9691,0.9633,0.00121,0.001091,0.001444,1.503778,3.440034,0.0
2511863808,43057.9,0.000814,0.027623,0.000523,-0.447266,0.0,0.9693,0.9637,0.000832,0.000807,0.001057,1.483107,3.371133,0.0
2512650240,43063.7,-0.006013,0.023174,0.000532,-0.431641,0.0,0.9692,0.9644,0.000788,0.000856,0.001194,1.569344,3.263889,0.0
2513436672,43050.0,7e-06,0.042895,0.000519,-0.435547,0.0,0.9696,0.9658,0.001121,0.00117,0.001863,1.376529,3.389699,0.0
2514223104,43055.8,-0.000958,0.033381,0.000455,-0.410156,0.0,0.9694,0.9652,0.001146,0.001567,0.001717,1.357129,3.462719,0.0
2515009536,43061.6,-0.007471,0.031368,0.000465,-0.421875,0.0,0.9694,0.9651,0.001157,0.001156,0.001808,1.323028,3.48026,0.0
2515795968,43067.2,0.004487,0.03263,0.000463,-0.417969,0.0,0.9696,0.9654,0.001681,0.001379,0.001736,1.401957,3.358266,0.0
2516582400,43050.0,-0.00055,0.05026,0.000537,-0.423828,0.0,0.9697,0.9654,0.001187,0.001006,0.00166,1.578646,3.419983,0.0
2517368832,43056.0,-0.002276,0.029357,0.000522,-0.425781,0.0,0.9698,0.9661,0.001176,0.001053,0.001616,1.555427,3.459249,0.0
2518155264,43062.0,-0.000239,0.044263,0.000516,-0.416016,0.0,0.9701,0.9682,0.001231,0.000965,0.001361,1.482736,3.571729,0.0
2518941696,43047.9,0.005888,0.063749,0.0005,-0.427734,0.0,0.9704,0.9702,0.001838,0.001307,0.002126,1.378696,3.744246,0.0
2519728128,43053.7,-0.002584,0.036047,0.000519,-0.425781,0.0,0.9703,0.9716,0.001388,0.001252,0.001842,1.499686,3.50209,0.0
2520514560,43059.7,0.001338,0.037264,0.00052,-0.425781,0.0,0.9703,0.9724,0.001157,0.001005,0.001438,1.456675,3.3371,0.0
2521300992,43065.5,-0.005094,0.029053,0.00054,-0.431641,0.0,0.9706,0.9727,0.001629,0.001326,0.001446,1.501674,3.303998,0.0
2522087424,43050.5,-0.004677,0.048575,0.00053,-0.433594,0.0,0.9707,0.9724,0.001059,0.001112,0.001973,1.382724,3.475168,0.0
2522873856,43056.4,-0.011108,0.032146,0.000519,-0.423828,0.0,0.9704,0.9718,0.001865,0.001028,0.0015,1.416423,3.539056,0.0
2523660288,43062.4,-0.003434,0.030377,0.000519,-0.416016,0.0,0.9703,0.9717,0.000948,0.001273,0.001136,1.397111,3.438981,0.0
2524446720,43052.3,-0.000225,0.036627,0.000535,-0.429688,0.0,0.9702,0.9715,0.000803,0.001261,0.001228,1.366502,3.158034,0.0
2525233152,43057.9,0.004975,0.054494,0.000507,-0.433594,0.0,0.9704,0.9714,0.001085,0.00193,0.001853,1.552526,3.278651,0.0
2526019584,43063.8,0.001736,0.043933,0.000501,-0.425781,0.0,0.9702,0.9714,0.000869,0.001552,0.001201,1.541111,3.289343,0.0
2526806016,43069.7,-0.001978,0.033134,0.000502,-0.443359,0.0,0.9704,0.9722,0.000766,0.00214,0.001373,1.429332,3.471929,0.0
2527592448,43057.6,-0.006124,0.061046,0.000524,-0.447266,0.0,0.9705,0.9731,0.001307,0.001698,0.001715,1.517711,3.569692,0.0
2528378880,43063.5,-0.011698,0.046008,0.000533,-0.445312,0.0,0.9713,0.975,0.001424,0.001967,0.001915,1.535935,3.532527,0.0
2529165312,43069.5,0.005995,0.047504,0.000535,-0.441406,0.0,0.9712,0.9742,0.001574,0.001922,0.001644,1.496594,3.393079,0.0
2529951744,43053.2,-0.010204,0.046493,0.000527,-0.449219,0.0,0.9716,0.9742,0.001129,0.001952,0.001844,1.877215,3.132047,0.0
2530738176,43059.0,-0.001268,0.036601,0.000504,-0.4375,0.0,0.9718,0.9743,0.001171,0.001838,0.002281,1.377747,3.428649,0.0
2531524608,43064.8,-0.006764,0.030965,0.000506,-0.435547,0.0,0.9717,0.9741,0.000992,0.001625,0.001763,1.353899,3.440817,0.0
2532311040,43070.5,-0.003234,0.024446,0.00051,-0.421875,0.0,0.9716,0.9739,0.000919,0.001339,0.001456,1.361999,3.279621,0.0
2533097472,43058.7,-0.00278,0.036496,0.000528,-0.445312,0.0,0.972,0.9745,0.001196,0.001175,0.001744,1.481315,3.284764,0.0
2533883904,43064.8,-0.001485,0.025237,0.000525,-0.443359,0.0,0.9722,0.9745,0.000914,0.000993,0.001575,1.591161,3.324184,0.0
2534670336,43070.8,-0.000358,0.03575,0.00053,-0.441406,0.0,0.9724,0.9754,0.001397,0.001234,0.001435,1.487779,3.367253,0.0
2535456768,43076.6,0.001252,0.032121,0.000531,-0.441406,0.0,0.9726,0.976,0.000848,0.000821,0.001111,1.516063,3.412849,0.0
2536243200,43055.5,0.001283,0.040206,0.000525,-0.4375,0.0,0.9726,0.9765,0.001563,0.001328,0.001603,1.385154,3.496578,0.0
2537029632,43060.3,0.002016,0.033563,0.000515,-0.423828,0.0,0.9725,0.9766,0.001594,0.001071,0.001718,1.451896,3.417723,0.0
2537816064,43066.3,0.004596,0.039129,0.000514,-0.421875,0.0,0.9722,0.976,0.00211,0.001214,0.001698,1.481442,3.375546,0.0
2538602496,43050.2,0.001546,0.056437,0.000502,-0.425781,0.0,0.9722,0.9761,0.001349,0.001253,0.001784,1.292942,3.34701,0.0
2539388928,43056.0,0.002473,0.044317,0.000483,-0.425781,0.0,0.9719,0.976,0.001318,0.00169,0.001977,1.28773,3.332572,0.0
2540175360,43061.6,0.002695,0.038408,0.00049,-0.417969,0.0,0.9715,0.9757,0.001143,0.001649,0.002153,1.27859,3.284576,0.0
2540961792,43067.6,0.004318,0.044383,0.000496,-0.4375,0.0,0.9717,0.976,0.001706,0.001886,0.002146,1.369305,3.265722,0.0
2541748224,43054.1,0.005927,0.073153,0.000509,-0.447266,0.0,0.9715,0.9752,0.001491,0.001361,0.002573,1.518294,3.085345,0.0
2542534656,43060.0,0.00558,0.042222,0.0005,-0.447266,0.0,0.9713,0.9736,0.001168,0.001215,0.001797,1.554092,3.069778,0.0
2543321088,43065.9,0.000855,0.039161,0.000501,-0.449219,0.0,0.9705,0.9711,0.001,0.001069,0.00167,1.423809,3.323338,0.0
2544107520,43053.6,-0.007463,0.046035,0.000506,-0.46875,0.0,0.9705,0.9702,0.001727,0.001115,0.00197,1.389875,3.518442,0.0
2544893952,43059.6,-0.000786,0.045219,0.000527,-0.455078,0.0,0.9705,0.9701,0.001407,0.00139,0.001973,1.555001,3.302541,0.0
2545680384,43065.7,0.001447,0.03559,0.000531,-0.458984,0.0,0.9708,0.9705,0.001048,0.001195,0.001565,1.468158,3.243318,0.0
2546466816,43071.8,-0.007827,0.028481,0.000533,-0.458984,0.0,0.9706,0.9705,0.001288,0.001166,0.001754,1.643488,3.166289,0.0
2547253248,43058.4,0.004018,0.053804,0.000537,-0.474609,0.0,0.9708,0.9704,0.001544,0.001584,0.002052,1.37301,3.561429,0.0
2548039680,43064.2,0.00159,0.048386,0.000535,-0.466797,0.0,0.97,0.9688,0.001957,0.00145,0.001634,1.464755,3.574561,0.0
2548826112,43070.1,-0.001006,0.054128,0.000546,-0.455078,0.0,0.9695,0.9678,0.001721,0.001246,0.001501,1.47285,3.572657,0.0
2549612544,43056.8,-0.005985,0.045151,0.00057,-0.457031,0.0,0.9694,0.9673,0.001179,0.001037,0.001576,1.539578,3.293404,0.0
2550398976,43062.9,-0.004466,0.046316,0.000558,-0.449219,0.0,0.9693,0.9676,0.001241,0.001572,0.001784,1.627981,3.293458,0.0
2551185408,43068.9,-0.002389,0.028895,0.000543,-0.443359,0.0,0.9689,0.9667,0.000703,0.001103,0.001272,1.648258,3.189293,0.0
2551971840,43075.0,-0.001969,0.047475,0.000543,-0.445312,0.0,0.9689,0.967,0.000962,0.001474,0.001605,1.499893,3.491472,0.0
2552758272,43063.4,0.000182,0.051014,0.000538,-0.447266,0.0,0.9689,0.9663,0.001258,0.001222,0.001586,1.384826,3.432697,0.0
2553544704,43069.4,0.003941,0.03864,0.000523,-0.4375,0.0,0.9686,0.965,0.001141,0.001035,0.001288,1.487331,3.423033,0.0
2554331136,43075.1,-0.006049,0.032953,0.000527,-0.433594,0.0,0.9687,0.9649,0.000832,0.001335,0.001579,1.501934,3.303809,0.0
2555117568,43060.1,0.000691,0.050173,0.00053,-0.433594,0.0,0.9685,0.964,0.001496,0.001418,0.002302,1.740913,2.797909,0.0
2555904000,43066.3,-0.002709,0.039386,0.000535,-0.427734,0.0,0.9685,0.9633,0.001675,0.001795,0.002082,1.423074,3.455936,0.0
2556690432,43072.3,-0.003118,0.035712,0.000529,-0.429688,0.0,0.9682,0.9621,0.001066,0.00158,0.001479,1.391981,3.421859,0.0
2557476864,43078.0,-0.000163,0.033036,0.000532,-0.423828,0.0,0.9683,0.9615,0.000876,0.001225,0.001448,1.498049,3.473852,0.0
2558263296,43066.2,-0.002241,0.039061,0.00052,-0.427734,0.0,0.9684,0.9612,0.000774,0.000941,0.001221,1.431492,3.332567,0.0
2559049728,43071.5,-0.002523,0.03162,0.000486,-0.416016,0.0,0.9689,0.9625,0.000872,0.001476,0.001543,1.471388,3.42534,0.0
2559836160,43077.1,-0.002112,0.029926,0.000501,-0.414062,0.0,0.9687,0.9624,0.000782,0.000976,0.001086,1.453737,3.512846,0.0
2560622592,43083.1,-0.005789,0.029471,0.000505,-0.417969,0.0,0.969,0.9632,0.001147,0.000924,0.001325,1.447541,3.475926,0.0
2561409024,43071.0,1.1e-05,0.044945,0.000534,-0.439453,0.0,0.9693,0.9639,0.001245,0.00132,0.001459,1.444161,3.66228,0.0
2562195456,43076.6,-0.002702,0.024084,0.000534,-0.425781,0.0,0.9691,0.9633,0.001234,0.001574,0.001426,1.523535,3.533423,0.0
2562981888,43081.9,-0.003339,0.019718,0.000538,-0.443359,0.0,0.9693,0.965,0.000917,0.00103,0.001165,1.563271,3.487634,0.0
2563768320,43070.8,0.000184,0.042089,0.000535,-0.449219,0.0,0.9703,0.9683,0.00086,0.001195,0.001501,1.487784,3.541275,0.0
2564554752,43076.4,0.001367,0.043647,0.000517,-0.447266,0.0,0.971,0.9706,0.001062,0.001285,0.001567,1.551839,3.632544,0.0
2565341184,43082.3,0.001388,0.034994,0.000527,-0.4375,0.0,0.9709,0.9714,0.000759,0.001139,0.001035,1.542012,3.649902,0.0
2566127616,43088.0,-0.004819,0.025268,0.000523,-0.447266,0.0,0.9715,0.9735,0.0008,0.000824,0.001203,1.643051,3.758804,0.0
2566914048,43073.8,-0.002471,0.050829,0.000549,-0.449219,0.0,0.9716,0.9737,0.001114,0.00152,0.002452,1.58831,3.450883,0.0
2567700480,43079.9,-0.002709,0.038041,0.000546,-0.435547,0.0,0.9714,0.9727,0.001147,0.001191,0.001737,1.58502,3.328856,0.0
2568486912,43086.0,-0.005423,0.04263,0.000548,-0.4375,0.0,0.9716,0.9736,0.001447,0.001318,0.002069,1.437512,3.475425,0.0
2569273344,43072.1,-0.002089,0.054315,0.000542,-0.4375,0.0,0.9719,0.974,0.001357,0.00152,0.001914,1.397568,3.497221,0.0
2570059776,43078.1,-0.003241,0.044871,0.0006,-0.431641,0.0,0.9717,0.9742,0.00186,0.001964,0.002307,1.418329,3.431739,0.0
2570846208,43084.2,-0.004256,0.041504,0.000601,-0.435547,0.0,0.972,0.9745,0.001669,0.001443,0.002005,1.483105,3.349504,0.0
2571632640,43090.3,0.000813,0.049959,0.00059,-0.441406,0.0,0.9718,0.974,0.001537,0.001507,0.00201,1.461774,3.251065,0.0
2572419072,43077.0,0.005355,0.069902,0.000556,-0.453125,0.0,0.9715,0.9725,0.001546,0.001523,0.002072,1.425661,3.310717,0.0
2573205504,43083.1,-0.000605,0.068279,0.000551,-0.439453,0.0,0.9713,0.9711,0.002064,0.00162,0.002191,1.447464,3.351695,0.0
2573991936,43089.2,0.003301,0.039764,0.000536,-0.431641,0.0,0.9712,0.9714,0.001355,0.001107,0.001551,1.448661,3.362673,0.0
2574778368,43073.8,0.002731,0.047759,0.000545,-0.453125,0.0,0.9714,0.972,0.001301,0.001461,0.002091,1.450793,3.329129,0.0
2575564800,43079.6,-0.00061,0.028498,0.000525,-0.443359,0.0,0.9716,0.9727,0.001137,0.001052,0.001456,1.594142,3.302296,0.0
2576351232,43085.6,-0.004436,0.029977,0.000529,-0.447266,0.0,0.9717,0.9735,0.001094,0.00143,0.001599,1.574183,3.303603,0.0
2577137664,43091.5,0.006739,0.033934,0.00053,-0.445312,0.0,0.9718,0.9744,0.000864,0.000947,0.001167,1.556476,3.426908,0.0
2577924096,43079.7,0.003934,0.050859,0.000508,-0.455078,0.0,0.9718,0.9751,0.000792,0.001306,0.001396,1.458922,3.532367,0.0
2578710528,43085.6,0.007206,0.033429,0.000513,-0.443359,0.0,0.9721,0.9762,0.000837,0.0013,0.00116,1.522422,3.486744,0.0
2579496960,43091.6,0.006538,0.030191,0.000525,-0.431641,0.0,0.9717,0.9756,0.000781,0.001113,0.001129,1.468055,3.345326,0.0
2580283392,43081.5,0.003194,0.035685,0.00052,-0.423828,0.0,0.9717,0.9755,0.001161,0.001052,0.001145,1.686412,2.809974,0.0
2581069824,43087.6,-0.000624,0.030508,0.000545,-0.425781,0.0,0.9717,0.9751,0.001068,0.001117,0.001722,1.403913,3.428497,0.0
2581856256,43093.6,-0.002862,0.026152,0.00054,-0.423828,0.0,0.9717,0.9746,0.001238,0.00154,0.001872,1.425061,3.539293,0.0
2582642688,43099.6,-0.002933,0.028641,0.000545,-0.421875,0.0,0.9717,0.9743,0.001081,0.001029,0.001374,1.40121,3.476715,0.0
2583429120,43083.0,-0.003496,0.039621,0.000542,-0.435547,0.0,0.9721,0.9749,0.001105,0.001463,0.001372,1.570204,3.486398,0.0
2584215552,43089.0,0.001497,0.04127,0.000523,-0.427734,0.0,0.9717,0.9735,0.000865,0.001604,0.001558,1.52176,3.33744,0.0
2585001984,43095.1,-0.000321,0.038064,0.000531,-0.421875,0.0,0.9712,0.972,0.000955,0.001303,0.00152,1.573095,3.403858,0.0
2585788416,43100.8,0.007487,0.040979,0.000528,-0.427734,0.0,0.9713,0.9712,0.001356,0.00103,0.001384,1.470562,3.567559,0.0
2586574848,43092.5,-0.001178,0.068584,0.000519,-0.435547,0.0,0.9712,0.9703,0.001433,0.001382,0.00199,1.465704,3.609256,0.0
2587361280,43098.5,0.001593,0.064339,0.000516,-0.429688,0.0,0.9711,0.9689,0.00148,0.001752,0.002219,1.492665,3.524383,0.0
2588147712,43104.5,-0.005543,0.04115,0.000528,-0.439453,0.0,0.9709,0.9677,0.001359,0.00147,0.001792,1.494177,3.467345,0.0
2588934144,43095.0,0.00402,0.067136,0.000495,-0.445312,0.0,0.9709,0.9675,0.001269,0.001234,0.001792,1.743364,3.334637,0.0
2589720576,43101.0,-0.001954,0.029061,0.000471,-0.427734,0.0,0.971,0.9686,0.001119,0.001206,0.001634,1.518002,3.562798,0.0
2590507008,43107.0,0.003942,0.046555,0.000477,-0.441406,0.0,0.9712,0.9705,0.000882,0.001362,0.001479,1.452546,3.542345,0.0
2591293440,43112.7,0.004318,0.03539,0.000471,-0.447266,0.0,0.9716,0.972,0.000901,0.001245,0.001431,1.470009,3.524873,0.0
2592079872,43104.8,0.003575,0.049448,0.000485,-0.445312,0.0,0.9721,0.9741,0.001085,0.001221,0.001836,1.541549,3.515718,0.0
2592866304,43110.6,-0.002846,0.035084,0.000476,-0.441406,0.0,0.9723,0.9759,0.001157,0.001068,0.001456,1.590195,3.382119,0.0
2593652736,43116.5,0.000417,0.030205,0.000479,-0.4375,0.0,0.9722,0.9773,0.00098,0.001084,0.001395,1.47113,3.483757,0.0
2594439168,43106.7,-0.001706,0.049408,0.000501,-0.460938,0.0,0.9721,0.9775,0.001245,0.001502,0.00202,1.415005,3.574597,0.0
2595225600,43112.6,0.003261,0.033212,0.000557,-0.443359,0.0,0.9718,0.9769,0.000933,0.000859,0.001435,1.490205,3.434623,0.0
2596012032,43118.0,-0.00423,0.033089,0.000555,-0.443359,0.0,0.9714,0.9756,0.000895,0.000976,0.001253,1.507124,3.367903,0.0
2596798464,43124.1,-0.004906,0.023269,0.000541,-0.4375,0.0,0.9713,0.9753,0.000722,0.000812,0.00105,1.538781,3.306452,0.0
2597584896,43113.0,0.00502,0.041971,0.000526,-0.441406,0.0,0.9712,0.9748,0.001006,0.001039,0.001827,1.458687,3.466372,0.0
2598371328,43118.9,0.003504,0.032203,0.000498,-0.429688,0.0,0.9709,0.9742,0.001402,0.00139,0.001967,1.443817,3.52739,0.0
2599157760,43124.9,0.002155,0.031515,0.000504,-0.431641,0.0,0.9708,0.9734,0.001129,0.001171,0.00164,1.519537,3.56384,0.0
2599944192,43101.8,-0.001149,0.034941,0.000516,-0.431641,0.0,0.9711,0.9732,0.001312,0.001373,0.001417,1.40415,3.323867,0.0
2600730624,43107.6,0.003429,0.046501,0.000478,-0.425781,0.0,0.9708,0.9728,0.000783,0.000982,0.00118,1.464133,3.239872,0.0
2601517056,43113.5,-0.003389,0.028737,0.000479,-0.429688,0.0,0.9707,0.9733,0.000804,0.001017,0.001273,1.495534,3.140701,0.0
2602303488,43119.6,-0.006941,0.023293,0.00049,-0.421875,0.0,0.9708,0.9744,0.000641,0.000766,0.000911,1.434814,3.419706,0.0
2603089920,43104.0,-0.001859,0.061057,0.000526,-0.431641,0.0,0.9708,0.9745,0.001494,0.001201,0.001703,1.347122,3.419884,0.0
2603876352,43109.9,-0.006245,0.05522,0.000539,-0.421875,0.0,0.9703,0.9733,0.001604,0.001105,0.001678,1.387779,3.428782,0.0
2604662784,43115.8,-0.010081,0.036564,0.000531,-0.421875,0.0,0.9698,0.9727,0.001294,0.001254,0.001421,1.417516,3.271698,0.0
2605449216,43104.8,-0.004732,0.052413,0.000533,-0.427734,0.0,0.9692,0.9719,0.001145,0.00101,0.001316,1.936561,3.063436,0.0
2606235648,43110.7,-0.003546,0.02868,0.000471,-0.453125,0.0,0.9692,0.9721,0.000731,0.000865,0.001038,1.53003,3.65276,0.0
2607022080,43116.5,-0.005075,0.022927,0.000482,-0.443359,0.0,0.9691,0.9731,0.000698,0.000946,0.001035,1.459454,3.655248,0.0
2607808512,43122.1,-0.008654,0.023154,0.000491,-0.443359,0.0,0.9692,0.975,0.000633,0.000882,0.00094,1.596207,3.707833,0.0
2608594944,43107.5,0.010737,0.040884,0.000515,-0.443359,0.0,0.9694,0.9766,0.000753,0.000688,0.001248,1.580252,3.546849,0.0
2609381376,43113.4,-0.000742,0.030958,0.000524,-0.416016,0.0,0.9698,0.9788,0.001189,0.000932,0.001095,1.517843,3.554293,0.0
2610167808,43119.4,-0.004006,0.02844,0.000509,-0.423828,0.0,0.9697,0.9783,0.000917,0.001102,0.001624,1.655198,3.457005,0.0
2610954240,43125.3,0.004173,0.040531,0.000512,-0.421875,0.0,0.9694,0.9777,0.000816,0.001209,0.001189,1.498798,3.636328,0.0
2611740672,43109.1,-0.006158,0.03713,0.000524,-0.421875,0.0,0.9696,0.978,0.001566,0.001014,0.001599,1.42631,3.537495,0.0
2612527104,43114.9,-0.002493,0.027867,0.000527,-0.410156,0.0,0.9693,0.977,0.001067,0.001119,0.001078,1.457575,3.537488,0.0
2613313536,43120.9,0.009504,0.024364,0.000553,-0.408203,0.0,0.9696,0.9778,0.000836,0.00078,0.001081,1.479506,3.474716,0.0
2614099968,43108.5,-0.00066,0.038225,0.000543,-0.431641,0.0,0.9699,0.9778,0.001629,0.001166,0.001766,1.513143,3.268105,0.0
2614886400,43114.5,0.004846,0.031677,0.000529,-0.435547,0.0,0.97,0.9779,0.00094,0.001237,0.001253,1.362621,3.437422,0.0
2615672832,43120.4,-0.005708,0.030825,0.000525,-0.431641,0.0,0.9701,0.9788,0.00102,0.001376,0.001341,1.414779,3.418395,0.0
2616459264,43126.4,-0.001085,0.024094,0.000522,-0.435547,0.0,0.9701,0.98,0.000743,0.000904,0.001132,1.467264,3.433879,0.0
2617245696,43110.2,0.000203,0.034601,0.000573,-0.451172,0.0,0.9702,0.9809,0.000923,0.000829,0.001437,1.637353,3.520462,0.0
2618032128,43116.2,-0.000968,0.027581,0.000575,-0.449219,0.0,0.9698,0.9812,0.000728,0.000872,0.001437,1.708142,3.510596,0.0
2618818560,43121.9,0.003023,0.027444,0.000562,-0.443359,0.0,0.97,0.9818,0.000828,0.000804,0.000996,1.512216,3.619089,0.0
2619604992,43108.4,-0.002046,0.039994,0.000556,-0.453125,0.0,0.97,0.9826,0.000802,0.000768,0.001306,1.507092,3.646624,0.0
2620391424,43114.1,0.000468,0.040146,0.000516,-0.449219,0.0,0.9698,0.982,0.001335,0.001088,0.001461,1.470351,3.658406,0.0
2621177856,43120.0,-0.002979,0.036316,0.000524,-0.447266,0.0,0.9701,0.9819,0.000853,0.000976,0.001241,1.52139,3.532097,0.0
2621964288,43125.9,0.001754,0.036946,0.000513,-0.449219,0.0,0.9699,0.9811,0.00072,0.000911,0.000982,1.58947,3.458796,0.0
2622750720,43111.5,-0.005046,0.054833,0.000524,-0.443359,0.0,0.9702,0.9808,0.001068,0.001513,0.001504,1.495514,3.459265,0.0
2623537152,43117.5,0.002072,0.063999,0.000526,-0.447266,0.0,0.9703,0.9798,0.001503,0.001774,0.002154,1.503484,3.515912,0.0
2624323584,43123.0,0.004139,0.03879,0.000508,-0.439453,0.0,0.9706,0.9799,0.001113,0.001265,0.001662,1.494076,3.487684,0.0
2625110016,43108.0,0.001161,0.046472,0.000521,-0.457031,0.0,0.9713,0.9804,0.001198,0.001089,0.001442,1.459887,3.578929,0.0
2625896448,43114.0,0.00328,0.045658,0.000529,-0.4375,0.0,0.9713,0.9805,0.001518,0.001989,0.001807,1.534112,3.358345,0.0
2626682880,43120.0,-0.006354,0.033495,0.000522,-0.451172,0.0,0.9714,0.9806,0.001502,0.001736,0.001549,1.602633,3.23093,0.0
2627469312,43125.8,-0.000281,0.027941,0.000521,-0.443359,0.0,0.9712,0.9805,0.001112,0.000969,0.001319,1.566454,3.476103,0.0
2628255744,43111.5,0.001204,0.042445,0.000542,-0.443359,0.0,0.9713,0.9808,0.000864,0.000931,0.001205,1.434921,3.514139,0.0
2629042176,43117.4,-0.000787,0.038123,0.00056,-0.445312,0.0,0.9715,0.981,0.001393,0.001268,0.00194,1.507429,3.449996,0.0
2629828608,43123.2,0.001243,0.046204,0.000559,-0.445312,0.0,0.9717,0.9815,0.001055,0.001191,0.001467,1.525314,3.38035,0.0
2630615040,43107.5,-9.7e-05,0.044946,0.000559,-0.460938,0.0,0.9722,0.9824,0.000976,0.001128,0.001661,1.852001,3.057122,0.0
2631401472,43113.3,-0.006846,0.042025,0.000496,-0.429688,0.0,0.9719,0.9814,0.001525,0.001376,0.001777,1.498269,3.478119,0.0
2632187904,43118.8,-0.003249,0.030412,0.000506,-0.421875,0.0,0.9719,0.9813,0.00096,0.00131,0.001776,1.455571,3.496984,0.0
2632974336,43124.6,-0.001647,0.034778,0.000502,-0.427734,0.0,0.9718,0.9804,0.001194,0.00142,0.00149,1.503025,3.523889,0.0
2633760768,43113.0,-0.00195,0.035556,0.000493,-0.445312,0.0,0.9718,0.9799,0.000778,0.001224,0.001361,1.470939,3.434672,0.0
2634547200,43119.0,-0.003612,0.031139,0.000516,-0.427734,0.0,0.9721,0.9799,0.00081,0.00087,0.001548,1.484683,3.365931,0.0
2635333632,43124.8,0.004045,0.028497,0.000513,-0.429688,0.0,0.9722,0.9794,0.000616,0.000808,0.001215,1.524559,3.3734,0.0
2636120064,43130.7,-0.000675,0.034519,0.000503,-0.435547,0.0,0.9727,0.9792,0.000743,0.000913,0.001198,1.436493,3.48151,0.0
2636906496,43113.6,0.002085,0.089177,0.000544,-0.453125,0.0,0.9728,0.9781,0.001391,0.001779,0.002279,1.512799,3.591157,0.0
2637692928,43119.6,-0.003301,0.037669,0.000542,-0.455078,0.0,0.9731,0.9775,0.001272,0.001158,0.001263,1.530082,3.539258,0.0
2638479360,43125.7,-0.002238,0.037405,0.000539,-0.455078,0.0,0.9729,0.9767,0.000782,0.001002,0.001146,1.541422,3.487287,0.0
2639265792,43111.1,-0.00097,0.051951,0.000555,-0.449219,0.0,0.9728,0.976,0.00105,0.00118,0.001772,1.591082,3.112249,0.0
2640052224,43117.2,-0.003805,0.051791,0.000558,-0.451172,0.0,0.9728,0.976,0.001647,0.001527,0.001569,1.382757,3.36436,0.0
2640838656,43123.1,0.000137,0.032872,0.00055,-0.441406,0.0,0.9726,0.9765,0.001309,0.001095,0.001383,1.424049,3.363644,0.0
2641625088,43129.1,-0.004166,0.025587,0.000559,-0.429688,0.0,0.9725,0.9766,0.001361,0.000957,0.0012,1.414499,3.342169,0.0
2642411520,43116.9,-0.003002,0.041017,0.000553,-0.449219,0.0,0.9724,0.977,0.001213,0.001029,0.001678,1.614771,3.399667,0.0
2643197952,43122.8,-0.001036,0.031588,0.000539,-0.453125,0.0,0.9724,0.9787,0.001119,0.001251,0.001527,1.60123,3.335375,0.0
2643984384,43128.8,-0.000663,0.026543,0.000541,-0.453125,0.0,0.9725,0.9794,0.000937,0.001137,0.001336,1.647629,3.33857,0.0
2644770816,43114.9,-0.005387,0.045343,0.000524,-0.457031,0.0,0.9726,0.9807,0.000951,0.000837,0.001366,1.432591,3.406,0.0
2645557248,43120.7,0.004446,0.037827,0.000501,-0.441406,0.0,0.9731,0.9814,0.000881,0.001059,0.001086,1.404798,3.435081,0.0
2646343680,43126.5,0.001116,0.030071,0.00051,-0.431641,0.0,0.9734,0.9818,0.000732,0.000811,0.001024,1.440524,3.394938,0.0
2647130112,43132.4,0.003252,0.031267,0.000504,-0.443359,0.0,0.9741,0.9827,0.000775,0.000793,0.000916,1.457717,3.372393,0.0
2647916544,43117.6,0.00143,0.07149,0.000516,-0.441406,0.0,0.9739,0.9818,0.001561,0.001332,0.002148,1.658234,3.131746,0.0
2648702976,43123.5,0.007528,0.067336,0.000512,-0.439453,0.0,0.9737,0.981,0.001318,0.000926,0.001886,1.421426,3.456429,0.0
2649489408,43129.4,-0.003855,0.042429,0.000512,-0.453125,0.0,0.9731,0.9796,0.001205,0.001158,0.001653,1.451891,3.353991,0.0
2650275840,43114.5,-0.000821,0.04705,0.000539,-0.449219,0.0,0.9727,0.9789,0.001125,0.001154,0.002003,1.544692,3.470631,0.0
2651062272,43120.5,-0.006279,0.030402,0.000544,-0.439453,0.0,0.9726,0.9789,0.001131,0.001197,0.001596,1.548488,3.346182,0.0
2651848704,43126.2,0.004404,0.036177,0.000535,-0.445312,0.0,0.9728,0.9796,0.000709,0.000961,0.001307,1.596492,3.273022,0.0
2652635136,43132.2,-0.006221,0.02935,0.000541,-0.439453,0.0,0.9729,0.9801,0.001383,0.001171,0.001665,1.503124,3.408458,0.0
2653421568,43113.3,-0.006479,0.045111,0.000535,-0.449219,0.0,0.9732,0.9809,0.001098,0.001287,0.001578,1.461551,3.438026,0.0
2654208000,43119.0,-0.004666,0.031586,0.000534,-0.449219,0.0,0.973,0.9809,0.001143,0.00138,0.001547,1.438554,3.436574,0.0
2654994432,43124.7,-0.00197,0.039588,0.000527,-0.447266,0.0,0.9732,0.9815,0.001139,0.001359,0.001604,1.51598,3.435517,0.0
2655780864,43111.4,-0.001183,0.039607,0.000517,-0.447266,0.0,0.9731,0.9818,0.001278,0.001463,0.001479,1.783704,2.94525,0.0
2656567296,43116.9,-0.002071,0.039638,0.000512,-0.441406,0.0,0.9729,0.9818,0.001002,0.001106,0.001514,1.500829,3.370533,0.0
2657353728,43122.7,-0.004766,0.027416,0.000508,-0.441406,0.0,0.9731,0.9829,0.000726,0.00094,0.001294,1.447641,3.494152,0.0
2658140160,43128.7,-0.007271,0.03076,0.000513,-0.451172,0.0,0.9735,0.9842,0.000846,0.000956,0.001341,1.515581,3.531799,0.0
2658926592,43112.3,0.004367,0.05754,0.000514,-0.470703,0.0,0.9738,0.9849,0.001134,0.0014,0.001593,1.65783,3.606702,0.0
2659713024,43118.2,0.00424,0.061936,0.000497,-0.464844,0.0,0.974,0.9848,0.00127,0.001938,0.001885,1.6833,3.478031,0.0
2660499456,43124.1,-0.006429,0.048432,0.000494,-0.474609,0.0,0.9741,0.9836,0.001294,0.001574,0.001586,1.715672,3.313117,0.0
2661285888,43129.9,0.008979,0.062661,0.000488,-0.484375,0.0,0.9746,0.984,0.00086,0.001388,0.001265,1.580861,3.549544,0.0
2662072320,43118.2,-0.001854,0.047332,0.000545,-0.460938,0.0,0.9745,0.9834,0.000832,0.000976,0.001477,1.430585,3.412639,0.0
2662858752,43124.1,0.001531,0.035376,0.000551,-0.449219,0.0,0.9743,0.9829,0.000792,0.000994,0.001162,1.440044,3.32562,0.0
2663645184,43129.6,-0.004009,0.027442,0.000564,-0.435547,0.0,0.9741,0.9824,0.000858,0.00067,0.000992,1.499011,3.324194,0.0
2664431616,43116.1,0.000993,0.048709,0.000568,-0.451172,0.0,0.9741,0.9822,0.000924,0.000833,0.001079,1.643697,3.234162,0.0
2665218048,43121.8,0.002696,0.044699,0.000539,-0.447266,0.0,0.9737,0.9812,0.000792,0.000951,0.001242,1.466035,3.526707,0.0
2666004480,43127.3,-0.00114,0.041515,0.000538,-0.460938,0.0,0.9732,0.9804,0.000949,0.001017,0.001366,1.45479,3.529893,0.0
2666790912,43132.6,-0.002481,0.043039,0.000547,-0.455078,0.0,0.9726,0.9789,0.000897,0.000858,0.001155,1.468427,3.388551,0.0
2667577344,43117.3,-0.000492,0.03847,0.00055,-0.443359,0.0,0.9727,0.9799,0.000684,0.001212,0.001466,1.519044,3.325336,0.0
2668363776,43123.3,-0.004269,0.028847,0.000555,-0.431641,0.0,0.9725,0.9801,0.001004,0.001074,0.001443,1.542361,3.338364,0.0
2669150208,43129.1,-0.001103,0.02231,0.000541,-0.431641,0.0,0.9728,0.9814,0.000844,0.000723,0.001091,1.632829,3.316306,0.0
2669936640,43114.8,0.00115,0.035958,0.00053,-0.441406,0.0,0.973,0.9823,0.00067,0.000998,0.001143,1.496943,3.649925,0.0
2670723072,43120.2,0.00132,0.02485,0.000502,-0.451172,0.0,0.9736,0.9835,0.000956,0.001233,0.001948,1.54164,3.550066,0.0
2671509504,43125.9,0.005324,0.028132,0.000502,-0.457031,0.0,0.9734,0.983,0.000716,0.001011,0.001111,1.519949,3.484637,0.0
2672295936,43131.5,-0.000237,0.031748,0.000517,-0.457031,0.0,0.9737,0.9834,0.000702,0.000841,0.001019,1.621682,3.402959,0.0
2673082368,43114.8,-0.002285,0.053453,0.000533,-0.460938,0.0,0.9737,0.9833,0.000711,0.001201,0.001772,1.738529,3.399476,0.0
2673868800,43120.6,-0.000408,0.045601,0.000535,-0.457031,0.0,0.9733,0.982,0.000704,0.00142,0.001348,1.515982,3.587193,0.0
2674655232,43126.0,0.002001,0.037243,0.000527,-0.466797,0.0,0.9729,0.9808,0.000818,0.001065,0.0012,1.605853,3.658619,0.0
2675441664,43110.5,-1.2e-05,0.047629,0.000526,-0.470703,0.0,0.9729,0.9808,0.000775,0.000966,0.001131,1.479981,3.582687,0.0
2676228096,43116.0,-0.000107,0.034026,0.000523,-0.445312,0.0,0.9728,0.9806,0.000936,0.001049,0.001244,1.580297,3.397548,0.0
2677014528,43121.9,0.00383,0.032685,0.000514,-0.447266,0.0,0.9724,0.9805,0.000973,0.000969,0.001034,1.577219,3.38749,0.0
2677800960,43127.5,-0.003129,0.023826,0.000524,-0.445312,0.0,0.9726,0.9811,0.000668,0.001088,0.001138,1.513351,3.48604,0.0
2678587392,43113.4,0.002797,0.043718,0.000538,-0.455078,0.0,0.9723,0.9805,0.000869,0.000891,0.001215,1.508617,3.683443,0.0
2679373824,43119.1,-0.004661,0.039547,0.000545,-0.425781,0.0,0.9722,0.98,0.001061,0.001334,0.001421,1.47689,3.552432,0.0
2680160256,43124.1,-0.005603,0.035151,0.000554,-0.427734,0.0,0.9719,0.9797,0.000783,0.000824,0.000884,1.493402,3.51794,0.0
2680946688,43109.3,-0.009804,0.02993,0.000555,-0.419922,0.0,0.9712,0.9791,0.000589,0.000754,0.00109,1.762345,3.070358,0.0
2681733120,43114.7,-0.003419,0.035506,0.00052,-0.410156,0.0,0.9712,0.9791,0.00094,0.00099,0.001328,1.434214,3.539843,0.0
2682519552,43120.4,-0.006007,0.03194,0.000525,-0.412109,0.0,0.971,0.9795,0.000925,0.001037,0.001348,1.430378,3.620155,0.0
2683305984,43126.0,0.00206,0.026491,0.000533,-0.414062,0.0,0.9707,0.9791,0.000853,0.000699,0.001028,1.391536,3.629998,0.0
2684092416,43113.1,-0.002882,0.044994,0.000517,-0.445312,0.0,0.9707,0.9795,0.001197,0.000953,0.001935,1.390847,3.445704,0.0
2684878848,43118.7,-0.002728,0.037255,0.000513,-0.455078,0.0,0.9702,0.9785,0.00105,0.001221,0.001978,1.51605,3.269089,0.0
2685665280,43123.6,0.001662,0.03529,0.000508,-0.457031,0.0,0.9699,0.9784,0.000715,0.000907,0.001203,1.537077,3.107396,0.0
2686451712,43129.4,-0.009558,0.041105,0.00051,-0.457031,0.0,0.9698,0.9781,0.001271,0.001251,0.001449,1.391133,3.363693,0.0
2687238144,43113.9,-0.00262,0.049679,0.000576,-0.449219,0.0,0.9702,0.9792,0.00097,0.001507,0.001691,1.513773,3.590504,0.0
2688024576,43119.7,-0.003956,0.036858,0.000569,-0.4375,0.0,0.9706,0.9799,0.001243,0.00119,0.001478,1.548193,3.561442,0.0
2688811008,43125.6,-0.003042,0.038127,0.000568,-0.447266,0.0,0.9707,0.9793,0.00114,0.001178,0.001345,1.587584,3.488831,0.0
2689597440,43113.6,-0.001729,0.054231,0.000566,-0.462891,0.0,0.9704,0.978,0.001585,0.001224,0.001768,1.582246,3.162673,0.0
2690383872,43119.1,0.001286,0.062896,0.000531,-0.476562,0.0,0.9704,0.9774,0.00149,0.001532,0.002135,1.499988,3.337208,0.0
2691170304,43124.7,-0.004139,0.034646,0.000532,-0.482422,0.0,0.9697,0.9759,0.001216,0.001433,0.001922,1.49352,3.320001,0.0
2691956736,43130.5,-0.00192,0.034018,0.000536,-0.492188,0.0,0.9694,0.9756,0.000835,0.001101,0.001075,1.563814,3.338964,0.0
2692743168,43116.0,-0.000479,0.0439,0.000524,-0.490234,0.0,0.9695,0.9758,0.000836,0.000943,0.001309,1.539736,3.296008,0.0
2693529600,43121.7,0.003234,0.040165,0.00051,-0.472656,0.0,0.9694,0.976,0.000631,0.000914,0.000982,1.603965,3.266817,0.0
2694316032,43127.5,-0.008111,0.029058,0.000513,-0.460938,0.0,0.9697,0.9773,0.00061,0.000843,0.000966,1.674027,3.189145,0.0
2695102464,43115.8,-0.004664,0.043116,0.000518,-0.470703,0.0,0.9698,0.9781,0.000758,0.000757,0.000997,1.475563,3.446029,0.0
2695888896,43121.5,0.003392,0.029482,0.000529,-0.445312,0.0,0.9695,0.9776,0.001109,0.001011,0.001315,1.511148,3.475628,0.0
2696675328,43127.2,-0.00038,0.032292,0.000544,-0.441406,0.0,0.9697,0.9774,0.000977,0.001121,0.00161,1.58797,3.492142,0.0
2697461760,43132.8,0.003449,0.039668,0.000543,-0.449219,0.0,0.9697,0.9766,0.000856,0.000988,0.001151,1.539541,3.429976,0.0
2698248192,43113.6,-0.001194,0.041703,0.000558,-0.455078,0.0,0.9696,0.9758,0.001291,0.000794,0.001497,1.735024,3.355001,0.0
2699034624,43119.1,-0.000378,0.039317,0.000545,-0.451172,0.0,0.9695,0.9764,0.000779,0.000737,0.001618,1.530276,3.556487,0.0
2699821056,43124.7,0.001063,0.025143,0.000554,-0.457031,0.0,0.9697,0.9777,0.000694,0.000665,0.001415,1.526048,3.528643,0.0
2700607488,43110.4,-0.002776,0.03583,0.000563,-0.470703,0.0,0.9701,0.9795,0.000507,0.0007,0.000956,1.447308,3.728173,0.0
2701393920,43116.1,0.004384,0.047187,0.000513,-0.445312,0.0,0.9701,0.9795,0.001157,0.0014,0.001712,1.594724,3.439141,0.0
2702180352,43121.5,0.006227,0.04399,0.000514,-0.441406,0.0,0.9705,0.9806,0.000819,0.001058,0.001195,1.618125,3.388813,0.0
2702966784,43127.1,-0.002713,0.02963,0.000506,-0.4375,0.0,0.9705,0.981,0.000645,0.000751,0.000844,1.669468,3.41432,0.0
2703753216,43112.9,0.006081,0.041888,0.000525,-0.441406,0.0,0.9708,0.9815,0.001464,0.000981,0.001965,1.457175,3.656285,0.0
2704539648,43118.4,-0.004794,0.03123,0.000527,-0.435547,0.0,0.9713,0.9829,0.000745,0.00088,0.001347,1.495037,3.63704,0.0
2705326080,43123.4,0.005599,0.045826,0.000541,-0.439453,0.0,0.9715,0.9829,0.00092,0.000701,0.001249,1.519139,3.541378,0.0
2706112512,43111.7,-0.003436,0.043944,0.000544,-0.445312,0.0,0.9718,0.9835,0.000672,0.000737,0.001301,1.84674,3.184113,0.0
2706898944,43116.9,0.003212,0.039807,0.000541,-0.453125,0.0,0.9717,0.9834,0.000484,0.000693,0.001204,1.704844,3.392855,0.0
2707685376,43122.3,0.001338,0.028539,0.000533,-0.443359,0.0,0.9715,0.9834,0.000506,0.000818,0.000849,1.544513,3.639613,0.0
2708471808,43127.8,0.003042,0.031739,0.000536,-0.445312,0.0,0.9712,0.9836,0.00068,0.000847,0.000998,1.514593,3.614115,0.0
2709258240,43117.9,0.002016,0.038699,0.000521,-0.451172,0.0,0.9713,0.9842,0.00071,0.000859,0.001283,1.46168,3.410166,0.0
2710044672,43123.4,-0.000557,0.0219,0.000507,-0.427734,0.0,0.9709,0.9844,0.001112,0.000683,0.001539,1.461385,3.378053,0.0
2710831104,43128.9,0.001133,0.031973,0.000506,-0.429688,0.0,0.9712,0.9855,0.001057,0.00081,0.001204,1.525373,3.331668,0.0
2711617536,43134.3,-0.001824,0.024047,0.000505,-0.427734,0.0,0.9716,0.9864,0.001182,0.000676,0.001438,1.401495,3.465226,0.0
2712403968,43124.1,-0.006307,0.051126,0.000549,-0.462891,0.0,0.9714,0.9855,0.001699,0.001393,0.002011,1.519427,3.613766,0.0
2713190400,43129.7,-0.005669,0.035615,0.000521,-0.455078,0.0,0.9715,0.9852,0.000909,0.001343,0.001661,1.558509,3.568268,0.0
2713976832,43135.2,-0.005567,0.032878,0.00054,-0.421875,0.0,0.9715,0.9847,0.001077,0.001294,0.001601,1.49481,3.489679,0.0
2714763264,43123.2,-0.002733,0.039264,0.000525,-0.441406,0.0,0.9716,0.9846,0.000924,0.00093,0.001298,1.614952,3.317688,0.0
2715549696,43128.1,-0.000382,0.036004,0.000516,-0.414062,0.0,0.9717,0.9849,0.00091,0.001263,0.001329,1.409961,3.553475,0.0
2716336128,43133.4,0.001991,0.028711,0.000519,-0.431641,0.0,0.9713,0.9846,0.000689,0.000862,0.001191,1.345275,3.610876,0.0
2717122560,43138.8,-0.003283,0.03074,0.000516,-0.423828,0.0,0.971,0.9845,0.000683,0.001124,0.001053,1.458167,3.51955,0.0
2717908992,43123.4,0.001362,0.040227,0.000575,-0.435547,0.0,0.9708,0.9841,0.000816,0.001128,0.001308,1.542201,3.743573,0.0
2718695424,43128.7,-0.001606,0.03396,0.000594,-0.429688,0.0,0.9711,0.9843,0.000688,0.000956,0.001741,1.61323,3.668262,0.0
2719481856,43134.0,0.001773,0.025755,0.000575,-0.433594,0.0,0.971,0.9832,0.000788,0.000668,0.000919,1.628427,3.635731,0.0
2720268288,43120.5,0.00123,0.042173,0.000562,-0.4375,0.0,0.9713,0.9834,0.000586,0.00083,0.000988,1.512573,3.393692,0.0
2721054720,43126.0,-0.005076,0.033392,0.000471,-0.423828,0.0,0.9714,0.9837,0.000808,0.00101,0.001256,1.423942,3.489446,0.0
2721841152,43131.6,0.002264,0.038933,0.000483,-0.431641,0.0,0.9716,0.9837,0.000862,0.001007,0.001112,1.376363,3.491778,0.0
2722627584,43136.9,0.000977,0.031509,0.000482,-0.427734,0.0,0.972,0.984,0.000982,0.001187,0.001396,1.437952,3.388474,0.0
2723414016,43122.7,-0.001269,0.039058,0.000497,-0.443359,0.0,0.972,0.9837,0.000796,0.000964,0.00134,1.491837,3.163978,0.0
2724200448,43128.4,0.001517,0.033004,0.000493,-0.4375,0.0,0.972,0.9839,0.000553,0.000877,0.001219,1.396688,3.375905,0.0
2724986880,43133.7,0.001582,0.039382,0.000498,-0.443359,0.0,0.9718,0.9835,0.000593,0.000822,0.001126,1.409171,3.350549,0.0
2725773312,43121.2,-0.006093,0.034288,0.000503,-0.441406,0.0,0.9713,0.9831,0.000564,0.001062,0.001042,1.327262,3.494106,0.0
2726559744,43126.8,-0.001952,0.041039,0.000561,-0.427734,0.0,0.9714,0.983,0.001047,0.001078,0.00147,1.38551,3.352899,0.0
2727346176,43132.4,-0.005603,0.029424,0.000561,-0.419922,0.0,0.9715,0.9828,0.000701,0.001151,0.001126,1.432927,3.279073,0.0
2728132608,43138.2,0.001781,0.027759,0.000548,-0.404297,0.0,0.9716,0.9829,0.000839,0.000916,0.000993,1.546567,3.250647,0.0
2728919040,43125.9,-0.00118,0.039821,0.000559,-0.435547,0.0,0.9713,0.9821,0.000791,0.001082,0.001165,1.335326,3.459407,0.0
2729705472,43131.2,0.002994,0.034638,0.000576,-0.425781,0.0,0.9712,0.98,0.000646,0.000692,0.001015,1.412334,3.372152,0.0
2730491904,43136.7,-0.009196,0.033771,0.000581,-0.4375,0.0,0.9709,0.9786,0.00067,0.000718,0.001105,1.401753,3.329584,0.0
2731278336,43119.3,0.001023,0.036413,0.000589,-0.441406,0.0,0.9706,0.9771,0.000662,0.00063,0.00099,1.676665,3.062599,0.0
2732064768,43124.9,-0.003655,0.035784,0.000514,-0.416016,0.0,0.9707,0.9776,0.000691,0.000884,0.001222,1.471206,3.259617,0.0
2732851200,43129.9,0.004558,0.038648,0.00052,-0.417969,0.0,0.9708,0.9782,0.001052,0.001057,0.001234,1.417334,3.424406,0.0
2733637632,43135.7,-0.005888,0.028827,0.000515,-0.423828,0.0,0.9704,0.9773,0.000842,0.000716,0.001154,1.404806,3.526373,0.0
2734424064,43120.3,0.000295,0.053615,0.000531,-0.4375,0.0,0.9705,0.9773,0.000854,0.001018,0.001116,1.402716,3.315042,0.0
2735210496,43125.8,-0.00336,0.039191,0.00054,-0.419922,0.0,0.9705,0.9771,0.000894,0.00086,0.001419,1.402514,3.246304,0.0
2735996928,43131.5,-0.008322,0.030979,0.000536,-0.425781,0.0,0.9706,0.9771,0.000793,0.000728,0.001096,1.468568,3.251982,0.0
2736783360,43137.1,-0.003663,0.037015,0.000526,-0.427734,0.0,0.971,0.9776,0.001152,0.000835,0.001106,1.384647,3.402035,0.0
2737569792,43122.8,-0.000286,0.033704,0.000517,-0.431641,0.0,0.971,0.9779,0.000565,0.000679,0.001037,1.381792,3.476315,0.0
2738356224,43128.1,-0.002411,0.030917,0.000516,-0.427734,0.0,0.9707,0.9777,0.000532,0.000723,0.000987,1.446674,3.497023,0.0
2739142656,43133.9,-0.001743,0.033177,0.000522,-0.414062,0.0,0.9708,0.9784,0.000464,0.000643,0.000906,1.369997,3.54827,0.0
2739929088,43121.9,0.007844,0.040616,0.000531,-0.429688,0.0,0.9709,0.9787,0.000553,0.000636,0.00107,1.559694,3.469796,0.0
2740715520,43127.5,0.000303,0.030753,0.00051,-0.414062,0.0,0.9708,0.9781,0.000712,0.000872,0.001069,1.403427,3.605065,0.0
2741501952,43132.9,0.004933,0.029928,0.000516,-0.423828,0.0,0.9712,0.9786,0.000816,0.000764,0.000931,1.502418,3.560264,0.0
2742288384,43138.5,-0.002186,0.031455,0.000511,-0.435547,0.0,0.9712,0.9787,0.000745,0.000684,0.000942,1.524944,3.582074,0.0
2743074816,43124.4,-0.000759,0.037861,0.000526,-0.453125,0.0,0.9714,0.9793,0.000855,0.000891,0.00124,1.560421,3.570815,0.0
2743861248,43130.0,-0.003269,0.029767,0.000552,-0.451172,0.0,0.972,0.9799,0.000959,0.000905,0.00119,1.560982,3.52943,0.0
2744647680,43133.0,-0.000711,0.027781,0.000547,-0.445312,0.0,0.9721,0.98,0.000933,0.000846,0.00104,1.638123,3.483724,0.0
2745434112,43106.8,-0.006361,0.039794,0.000541,-0.455078,0.0,0.9727,0.9807,0.000534,0.00103,0.001125,1.510645,3.702153,0.0
2746220544,43112.1,5.8e-05,0.05009,0.000545,-0.443359,0.0,0.9729,0.9814,0.001175,0.001315,0.001372,1.530699,3.610513,0.0
2747006976,43117.4,0.002023,0.039652,0.000532,-0.441406,0.0,0.9731,0.9817,0.000967,0.001072,0.001171,1.506406,3.581828,0.0
2747793408,43123.0,-0.000508,0.039603,0.000545,-0.457031,0.0,0.9733,0.9821,0.000862,0.001071,0.001048,1.634341,3.530251,0.0
2748579840,43111.2,0.002407,0.046865,0.000508,-0.455078,0.0,0.9736,0.9833,0.000747,0.001317,0.001576,1.614556,3.215529,0.0
2749366272,43116.8,-0.001995,0.031709,0.000476,-0.449219,0.0,0.9739,0.984,0.000898,0.001094,0.001319,1.453525,3.454777,0.0
2750152704,43122.4,0.002733,0.042604,0.00048,-0.464844,0.0,0.9738,0.9839,0.001336,0.001093,0.001767,1.546412,3.487636,0.0
2750939136,43109.8,0.002689,0.059126,0.000489,-0.486328,0.0,0.9741,0.9846,0.001028,0.000834,0.00143,1.491949,3.535365,0.0
2751725568,43115.5,0.003756,0.04794,0.000512,-0.462891,0.0,0.9733,0.9831,0.0012,0.000909,0.001062,1.588448,3.287229,0.0
2752512000,43121.1,0.000569,0.036038,0.000505,-0.447266,0.0,0.973,0.9829,0.000844,0.000957,0.001112,1.601572,3.217209,0.0
2753298432,43126.8,0.000984,0.045727,0.000514,-0.447266,0.0,0.9725,0.9819,0.000889,0.001224,0.001213,1.595833,3.137618,0.0
2754084864,43114.5,-0.00694,0.055479,0.000509,-0.457031,0.0,0.9725,0.9819,0.001132,0.000935,0.001489,1.460664,3.537132,0.0
2754871296,43119.8,-0.000471,0.033965,0.000512,-0.439453,0.0,0.9724,0.9822,0.000909,0.000713,0.001044,1.508112,3.416411,0.0
2755657728,43125.3,0.000261,0.025635,0.000527,-0.4375,0.0,0.9723,0.9823,0.000603,0.000651,0.001042,1.447912,3.429372,0.0
2756444160,43111.8,0.000984,0.042448,0.000535,-0.443359,0.0,0.9721,0.9821,0.000471,0.000714,0.000976,1.718364,3.089779,0.0
2757230592,43117.5,0.003506,0.053323,0.000524,-0.451172,0.0,0.972,0.9811,0.000745,0.000966,0.001324,1.647983,3.205737,0.0
2758017024,43123.2,0.002323,0.042364,0.00053,-0.447266,0.0,0.9717,0.9796,0.000755,0.000833,0.0012,1.48722,3.482039,0.0
2758803456,43128.9,-0.002885,0.041137,0.000522,-0.451172,0.0,0.9714,0.9779,0.00086,0.000754,0.001234,1.528459,3.513015,0.0
2759589888,43113.3,-0.004611,0.054851,0.000561,-0.458984,0.0,0.9707,0.976,0.000842,0.000953,0.001301,1.45603,3.341723,0.0
2760376320,43119.0,-0.006925,0.034062,0.000574,-0.447266,0.0,0.9702,0.9748,0.000788,0.000838,0.000902,1.367864,3.247891,0.0
2761162752,43124.6,0.001187,0.041937,0.000586,-0.447266,0.0,0.9697,0.9735,0.00087,0.000649,0.00094,1.542435,3.239614,0.0
2761949184,43130.3,-0.0,0.031177,0.000575,-0.451172,0.0,0.9691,0.9722,0.000629,0.000705,0.000867,1.50755,3.172178,0.0
2762735616,43113.8,0.00148,0.055621,0.000536,-0.462891,0.0,0.9685,0.9713,0.000711,0.000871,0.001488,1.467347,3.513278,0.0
2763522048,43119.5,-0.007307,0.033709,0.000529,-0.435547,0.0,0.9678,0.9703,0.000601,0.000782,0.000945,1.495505,3.457367,0.0
2764308480,43124.5,-0.004746,0.031354,0.000531,-0.431641,0.0,0.9672,0.9694,0.00055,0.000589,0.000809,1.553025,3.457436,0.0
2765094912,43112.4,-0.001465,0.041436,0.000543,-0.443359,0.0,0.967,0.9693,0.000682,0.000933,0.001172,1.562583,3.281671,0.0
2765881344,43117.9,-0.006237,0.034958,0.000523,-0.449219,0.0,0.9669,0.9688,0.000654,0.000898,0.001143,1.631187,3.209781,0.0
2766667776,43123.5,-0.005773,0.028474,0.000519,-0.439453,0.0,0.9669,0.9685,0.000642,0.000779,0.001021,1.420936,3.524418,0.0
2767454208,43129.2,-0.00717,0.032614,0.000518,-0.443359,0.0,0.9669,0.9683,0.000673,0.00069,0.000843,1.430575,3.449009,0.0
2768240640,43114.0,0.004045,0.05273,0.000529,-0.449219,0.0,0.9672,0.9685,0.000715,0.000962,0.001032,1.493012,3.358592,0.0
2769027072,43119.5,-0.00107,0.03736,0.00052,-0.441406,0.0,0.9669,0.9678,0.000828,0.001017,0.001154,1.440231,3.303602,0.0
2769813504,43124.9,-0.006663,0.027717,0.000528,-0.429688,0.0,0.9661,0.9669,0.000691,0.0006,0.001062,1.531963,3.282778,0.0
2770599936,43111.3,-0.000974,0.058361,0.00053,-0.455078,0.0,0.9661,0.9673,0.001593,0.000904,0.001361,1.387287,3.575004,0.0
2771386368,43117.1,-0.003794,0.051022,0.000514,-0.466797,0.0,0.9659,0.966,0.000981,0.001191,0.001565,1.481813,3.497574,0.0
2772172800,43122.8,0.004733,0.034652,0.000528,-0.455078,0.0,0.9659,0.9655,0.000705,0.000912,0.001318,1.479421,3.368862,0.0
2772959232,43128.4,0.00168,0.035376,0.000528,-0.453125,0.0,0.9661,0.9652,0.000751,0.00074,0.001192,1.532466,3.324469,0.0
2773745664,43115.9,0.01032,0.049417,0.000536,-0.449219,0.0,0.9666,0.966,0.001004,0.000697,0.002071,1.548751,3.166022,0.0
2774532096,43121.6,-0.000674,0.038029,0.000517,-0.435547,0.0,0.9667,0.9666,0.000829,0.001063,0.001239,1.485612,3.426763,0.0
2775318528,43127.0,-0.004199,0.027504,0.000525,-0.433594,0.0,0.9664,0.9663,0.000816,0.0009,0.001121,1.438849,3.377723,0.0
2776104960,43114.8,-0.000828,0.041338,0.000528,-0.455078,0.0,0.9668,0.9671,0.000679,0.000651,0.001046,1.377883,3.576446,0.0
2776891392,43120.3,0.006041,0.038359,0.000546,-0.449219,0.0,0.9666,0.967,0.000656,0.000978,0.000935,1.548466,3.394618,0.0
2777677824,43126.0,-0.002907,0.02617,0.000523,-0.445312,0.0,0.9664,0.9674,0.000557,0.000816,0.00085,1.549008,3.278741,0.0
2778464256,43131.6,0.000863,0.040918,0.000526,-0.4375,0.0,0.9665,0.9683,0.0009,0.000693,0.001006,1.548119,3.259773,0.0
2779250688,43120.7,0.002864,0.044459,0.000555,-0.451172,0.0,0.9667,0.9693,0.000777,0.000774,0.001546,1.482036,3.619952,0.0
2780037120,43126.4,0.004015,0.036467,0.000568,-0.447266,0.0,0.9674,0.9713,0.001031,0.000731,0.001081,1.576452,3.622287,0.0
2780823552,43132.1,-0.000623,0.03347,0.00056,-0.439453,0.0,0.9676,0.9725,0.000754,0.000823,0.000868,1.525038,3.49045,0.0
2781609984,43123.7,-0.003879,0.034216,0.000587,-0.443359,0.0,0.9682,0.9742,0.000799,0.000787,0.000839,1.570057,3.130351,0.0
2782396416,43129.4,-0.00357,0.029978,0.000516,-0.425781,0.0,0.9686,0.975,0.000655,0.000669,0.000816,1.546382,3.280683,0.0
2783182848,43135.1,0.004899,0.039667,0.000542,-0.429688,0.0,0.9689,0.975,0.000544,0.000792,0.000851,1.475636,3.478173,0.0
2783969280,43140.3,-0.002397,0.032397,0.000537,-0.423828,0.0,0.9697,0.9755,0.000566,0.000791,0.000996,1.449243,3.54292,0.0
2784755712,43128.3,-0.004549,0.041356,0.000523,-0.435547,0.0,0.9702,0.976,0.000468,0.000669,0.000868,1.474029,3.608883,0.0
2785542144,43133.3,0.000318,0.031413,0.000512,-0.425781,0.0,0.971,0.9774,0.000915,0.000869,0.000855,1.506337,3.464918,0.0
2786328576,43138.6,0.005104,0.046236,0.000515,-0.435547,0.0,0.9707,0.9773,0.000576,0.000878,0.000918,1.570542,3.455211,0.0
2787115008,43144.4,0.001294,0.030205,0.000505,-0.439453,0.0,0.971,0.9785,0.000558,0.000693,0.000696,1.617274,3.349574,0.0
2787901440,43133.2,-0.0038,0.049574,0.00057,-0.453125,0.0,0.9711,0.978,0.001027,0.001303,0.001313,1.509135,3.594744,0.0
2788687872,43138.9,0.002546,0.053539,0.000563,-0.447266,0.0,0.9709,0.9774,0.000704,0.001155,0.001398,1.483348,3.492764,0.0
2789474304,43144.5,-0.004754,0.032905,0.000574,-0.458984,0.0,0.9716,0.9785,0.000736,0.001064,0.001073,1.487617,3.517008,0.0
2790260736,43134.3,0.004612,0.052896,0.000573,-0.470703,0.0,0.9719,0.9786,0.000842,0.000923,0.001236,1.622525,3.377527,0.0
2791047168,43139.9,-0.000167,0.034111,0.000559,-0.453125,0.0,0.9724,0.98,0.000534,0.000496,0.000905,1.681852,3.367706,0.0
2791833600,43145.4,0.000601,0.032468,0.000553,-0.443359,0.0,0.9725,0.9812,0.000502,0.000629,0.000974,1.532187,3.522182,0.0
2792620032,43150.8,-0.008157,0.020964,0.000556,-0.427734,0.0,0.9729,0.9828,0.000519,0.000551,0.000698,1.559826,3.625446,0.0
2793406464,43136.7,0.001826,0.050941,0.000556,-0.449219,0.0,0.9734,0.9843,0.000715,0.000854,0.001054,1.55351,3.547059,0.0
2794192896,43141.5,-0.001702,0.038138,0.000542,-0.439453,0.0,0.9733,0.9841,0.000531,0.000764,0.0008,1.570828,3.456165,0.0
2794979328,43146.9,-0.000759,0.043306,0.000541,-0.435547,0.0,0.9736,0.9846,0.000812,0.000702,0.000954,1.548234,3.434546,0.0
2795765760,43134.3,-0.004365,0.047543,0.00054,-0.445312,0.0,0.9736,0.9843,0.000792,0.000763,0.001258,1.489778,3.460736,0.0
2796552192,43139.4,-0.001498,0.03954,0.00053,-0.439453,0.0,0.9738,0.9834,0.001098,0.000681,0.001306,1.473289,3.506135,0.0
2797338624,43144.6,0.001823,0.037191,0.000525,-0.447266,0.0,0.974,0.9823,0.000643,0.000795,0.001321,1.47057,3.471287,0.0
2798125056,43149.8,0.005425,0.037661,0.00053,-0.451172,0.0,0.9743,0.9815,0.000632,0.000858,0.00118,1.518359,3.369133,0.0
2798911488,43138.7,-0.006532,0.053294,0.000502,-0.462891,0.0,0.9746,0.9819,0.000739,0.000854,0.001231,1.573822,3.321739,0.0
2799697920,43144.0,-0.002632,0.026824,0.000487,-0.451172,0.0,0.9747,0.9821,0.000565,0.000711,0.00098,1.457624,3.480098,0.0
2800484352,43149.5,-0.002664,0.031408,0.000483,-0.453125,0.0,0.975,0.9831,0.00049,0.000736,0.000902,1.463877,3.427075,0.0
2801270784,43135.5,0.002053,0.034378,0.00049,-0.453125,0.0,0.9752,0.9833,0.00035,0.000531,0.000607,1.40415,3.562943,0.0
2802057216,43141.0,0.001825,0.036561,0.000502,-0.433594,0.0,0.9751,0.9835,0.000583,0.000718,0.000913,1.47363,3.411431,0.0
2802843648,43146.2,-0.004098,0.024697,0.000509,-0.431641,0.0,0.9753,0.9849,0.00049,0.000574,0.000695,1.51065,3.327262,0.0
2803630080,43151.0,-0.004945,0.031213,0.000509,-0.425781,0.0,0.9752,0.9856,0.00051,0.000615,0.000723,1.552201,3.276663,0.0
2804416512,43139.0,-0.003321,0.043555,0.000533,-0.435547,0.0,0.9754,0.9864,0.000619,0.000687,0.001191,1.453965,3.552489,0.0
2805202944,43144.5,-0.00456,0.030434,0.000545,-0.435547,0.0,0.975,0.9851,0.000844,0.001077,0.001359,1.413105,3.59878,0.0
2805989376,43150.0,0.000454,0.029618,0.000556,-0.429688,0.0,0.9748,0.9848,0.000732,0.000915,0.001212,1.437867,3.528296,0.0
2806775808,43139.0,0.004391,0.046547,0.000575,-0.441406,0.0,0.9747,0.9845,0.000532,0.000743,0.000956,1.49816,3.253708,0.0
2807562240,43143.8,-0.011303,0.042012,0.00052,-0.427734,0.0,0.9744,0.9843,0.000793,0.000787,0.001344,1.576451,3.390864,0.0
2808348672,43148.8,-0.00524,0.045308,0.000527,-0.441406,0.0,0.9746,0.9851,0.000702,0.000907,0.001054,1.415585,3.562567,0.0
2809135104,43153.6,-0.004986,0.05743,0.000534,-0.447266,0.0,0.9743,0.9846,0.000756,0.000985,0.001139,1.51209,3.518952,0.0
2809921536,43143.0,-0.002671,0.053574,0.000537,-0.458984,0.0,0.9742,0.9844,0.000849,0.000756,0.000945,1.583182,3.470048,0.0
2810707968,43148.2,-0.006177,0.040084,0.000546,-0.451172,0.0,0.9743,0.9842,0.000776,0.000822,0.001136,1.556019,3.443359,0.0
2811494400,43153.0,0.001562,0.049202,0.000551,-0.447266,0.0,0.9737,0.9826,0.000812,0.000862,0.001141,1.59032,3.403101,0.0
2812280832,43157.5,0.002939,0.050705,0.000542,-0.449219,0.0,0.9737,0.9819,0.000715,0.00081,0.001076,1.640355,3.324769,0.0
2813067264,43141.3,-0.000103,0.046319,0.000541,-0.447266,0.0,0.9735,0.9817,0.00062,0.000473,0.000693,1.508101,3.589856,0.0
2813853696,43146.7,0.000166,0.044329,0.000541,-0.433594,0.0,0.9734,0.9816,0.000649,0.000533,0.000786,1.580636,3.650228,0.0
2814640128,43152.0,0.010293,0.049373,0.000546,-0.431641,0.0,0.9737,0.9826,0.000502,0.00051,0.000641,1.497172,3.56988,0.0
2815426560,43140.2,0.000834,0.04073,0.000543,-0.4375,0.0,0.9736,0.9829,0.000565,0.000756,0.001035,1.545978,3.392323,0.0
2816212992,43145.1,-0.001705,0.043341,0.000541,-0.441406,0.0,0.9738,0.9844,0.000939,0.000932,0.001072,1.588209,3.383967,0.0
2816999424,43149.7,0.001998,0.040982,0.00054,-0.433594,0.0,0.9735,0.9846,0.000708,0.000826,0.000958,1.492153,3.504013,0.0
2817785856,43154.6,-0.011058,0.037431,0.000533,-0.439453,0.0,0.9736,0.9862,0.000471,0.000935,0.000926,1.44896,3.606345,0.0
2818572288,43139.4,0.00026,0.062568,0.000592,-0.462891,0.0,0.973,0.9846,0.000784,0.000976,0.001125,1.50264,3.553419,0.0
2819358720,43144.1,0.003919,0.049514,0.000589,-0.445312,0.0,0.9728,0.9835,0.000785,0.00098,0.001199,1.574994,3.431482,0.0
2820145152,43148.9,0.002652,0.047163,0.00059,-0.464844,0.0,0.9721,0.9809,0.000866,0.00091,0.001012,1.64828,3.376811,0.0
2820931584,43130.8,0.001504,0.0565,0.00057,-0.476562,0.0,0.9721,0.9807,0.000677,0.000713,0.001161,1.584272,3.565521,0.0
2821718016,43135.6,-0.007279,0.034116,0.000548,-0.46875,0.0,0.9717,0.9796,0.000583,0.00086,0.00132,1.540826,3.518546,0.0
2822504448,43140.8,-0.006019,0.022656,0.000548,-0.458984,0.0,0.9711,0.9783,0.000451,0.000641,0.00089,1.555246,3.528598,0.0
2823290880,43145.6,-0.002951,0.023534,0.000549,-0.457031,0.0,0.9707,0.9772,0.000488,0.000567,0.000837,1.599809,3.486686,0.0
2824077312,43132.9,-0.003966,0.045663,0.000558,-0.453125,0.0,0.9706,0.977,0.000528,0.000966,0.001015,1.669652,3.196528,0.0
2824863744,43138.5,-0.006324,0.029521,0.000558,-0.453125,0.0,0.9705,0.9773,0.000547,0.000735,0.000957,1.609274,3.197465,0.0
2825650176,43143.8,-0.001791,0.032557,0.000552,-0.449219,0.0,0.9706,0.9778,0.000505,0.000609,0.000615,1.498961,3.364105,0.0
2826436608,43129.8,0.000146,0.041182,0.000549,-0.455078,0.0,0.9705,0.9778,0.000394,0.000424,0.000607,1.513437,3.656264,0.0
2827223040,43135.3,-0.005773,0.029471,0.000577,-0.447266,0.0,0.9708,0.9786,0.000525,0.00058,0.000957,1.540122,3.54171,0.0
2828009472,43140.6,0.003325,0.032796,0.000573,-0.447266,0.0,0.9708,0.9792,0.000494,0.00044,0.000579,1.608456,3.511026,0.0
2828795904,43146.2,0.004237,0.034531,0.000575,-0.443359,0.0,0.9714,0.981,0.00039,0.00041,0.000572,1.665681,3.465196,0.0
2829582336,43131.4,0.00082,0.043456,0.000565,-0.453125,0.0,0.9715,0.9819,0.000434,0.000637,0.001062,1.374473,3.521165,0.0
2830368768,43136.4,0.000896,0.035184,0.000553,-0.449219,0.0,0.9716,0.9827,0.000426,0.000539,0.000833,1.468142,3.431784,0.0
2831155200,43141.5,-0.00466,0.036327,0.000557,-0.453125,0.0,0.9715,0.9833,0.000515,0.000582,0.000719,1.46286,3.369199,0.0
2831941632,43130.0,-0.003498,0.0474,0.000582,-0.462891,0.0,0.9718,0.9845,0.00055,0.000573,0.000888,1.482655,3.169648,0.0
2832728064,43134.8,-0.004139,0.036152,0.000528,-0.441406,0.0,0.9714,0.9839,0.000434,0.000553,0.000889,1.661403,3.263661,0.0
2833514496,43140.2,-0.004238,0.039067,0.00053,-0.453125,0.0,0.9717,0.9844,0.00055,0.00048,0.000767,1.412573,3.446262,0.0
2834300928,43145.1,0.001478,0.036877,0.000533,-0.472656,0.0,0.9716,0.9841,0.000509,0.000571,0.000964,1.508341,3.463018,0.0
2835087360,43137.9,0.005844,0.043281,0.000528,-0.476562,0.0,0.9712,0.9831,0.000416,0.00056,0.000675,1.483931,3.410993,0.0
2835873792,43143.3,0.002225,0.031597,0.000543,-0.451172,0.0,0.9711,0.983,0.000636,0.000564,0.000873,1.57939,3.322744,0.0
2836660224,43148.7,0.001225,0.030654,0.000523,-0.455078,0.0,0.971,0.9829,0.000868,0.000613,0.001049,1.516854,3.240572,0.0
2837446656,43154.0,-0.003688,0.032985,0.000542,-0.455078,0.0,0.971,0.9825,0.000743,0.000549,0.000929,1.615349,3.263815,0.0
2838233088,43141.1,-0.001894,0.055807,0.000552,-0.458984,0.0,0.9711,0.9826,0.000893,0.00076,0.001136,1.489549,3.489247,0.0
2839019520,43146.6,0.002765,0.038771,0.000552,-0.445312,0.0,0.9713,0.9831,0.000568,0.000642,0.000922,1.495808,3.4581,0.0
2839805952,43152.0,-0.002455,0.03522,0.000542,-0.441406,0.0,0.9715,0.9835,0.000437,0.000448,0.000667,1.471523,3.461688,0.0
2840592384,43143.2,0.006258,0.053077,0.000565,-0.443359,0.0,0.9714,0.9833,0.000522,0.000559,0.000787,1.516056,3.369426,0.0
2841378816,43148.2,0.008591,0.033275,0.000545,-0.425781,0.0,0.9718,0.9845,0.00042,0.000533,0.000833,1.569632,3.278021,0.0
2842165248,43153.0,0.001245,0.034873,0.000553,-0.431641,0.0,0.9717,0.9845,0.000379,0.000412,0.000519,1.378478,3.492278,0.0
2842951680,43157.9,0.003026,0.037734,0.000548,-0.427734,0.0,0.9721,0.9854,0.000376,0.000405,0.000569,1.390972,3.502772,0.0
2843738112,43148.2,-0.002838,0.06261,0.000545,-0.439453,0.0,0.9721,0.9853,0.000668,0.000758,0.001094,1.596388,3.545107,0.0
2844524544,43153.0,-4e-05,0.042521,0.000544,-0.439453,0.0,0.9721,0.9847,0.000527,0.000731,0.000918,1.545572,3.432112,0.0
2845310976,43158.1,0.003371,0.037932,0.000526,-0.4375,0.0,0.9722,0.9847,0.000355,0.00052,0.000745,1.648744,3.448931,0.0
2846097408,43145.1,-0.00185,0.051958,0.00053,-0.439453,0.0,0.9722,0.9842,0.000632,0.000571,0.001017,1.543999,3.579349,0.0
2846883840,43150.4,0.002876,0.033936,0.000504,-0.445312,0.0,0.9721,0.9838,0.000571,0.00063,0.000838,1.514182,3.579638,0.0
2847670272,43155.4,0.002818,0.051761,0.000517,-0.447266,0.0,0.9719,0.983,0.000752,0.000611,0.00091,1.462261,3.525723,0.0
2848456704,43160.2,0.002536,0.038943,0.000517,-0.443359,0.0,0.9717,0.982,0.000515,0.000438,0.000661,1.509853,3.514137,0.0
2849243136,43148.4,0.003134,0.033611,0.000519,-0.447266,0.0,0.9717,0.9815,0.000495,0.000529,0.000969,1.520837,3.304487,0.0
2850029568,43153.8,-0.006284,0.023545,0.000507,-0.427734,0.0,0.9715,0.9805,0.000472,0.000626,0.000527,1.613718,3.274101,0.0
2850816000,43159.0,0.00303,0.02872,0.000522,-0.433594,0.0,0.9719,0.9801,0.000421,0.000555,0.00071,1.441654,3.496553,0.0
2851602432,43146.9,0.007738,0.053942,0.000522,-0.4375,0.0,0.9721,0.98,0.000451,0.000619,0.000689,1.476918,3.760354,0.0
2852388864,43152.0,-0.004889,0.037944,0.000521,-0.425781,0.0,0.9724,0.9807,0.000624,0.000874,0.000827,1.490132,3.639669,0.0
2853175296,43157.1,-6.2e-05,0.034517,0.000521,-0.443359,0.0,0.9727,0.9809,0.000583,0.000775,0.000751,1.588493,3.621285,0.0
2853961728,43162.3,-0.000454,0.039997,0.000517,-0.445312,0.0,0.9733,0.9823,0.000409,0.000695,0.000881,1.671902,3.560934,0.0
2854748160,43146.1,0.000458,0.048455,0.000558,-0.453125,0.0,0.9735,0.9827,0.00056,0.000755,0.000767,1.458457,3.577171,0.0
2855534592,43151.2,-0.000193,0.036418,0.00057,-0.457031,0.0,0.9737,0.9834,0.000489,0.000544,0.000688,1.472604,3.575592,0.0
2856321024,43156.1,0.003478,0.038085,0.000585,-0.455078,0.0,0.9738,0.9834,0.000556,0.000565,0.000561,1.526455,3.545345,0.0
2857107456,43141.0,0.001336,0.044638,0.000602,-0.474609,0.0,0.9737,0.9836,0.000388,0.000414,0.00058,1.538913,3.254151,0.0
2857893888,43146.0,-0.006383,0.047217,0.000537,-0.458984,0.0,0.9735,0.984,0.000907,0.000844,0.000902,1.663833,3.312535,0.0
2858680320,43151.1,-0.00084,0.043056,0.000549,-0.472656,0.0,0.9735,0.9846,0.000458,0.00074,0.000778,1.499119,3.495117,0.0
2859466752,43156.5,0.002883,0.051425,0.000532,-0.466797,0.0,0.973,0.9841,0.000322,0.000613,0.000715,1.538611,3.488475,0.0
2860253184,43141.1,0.000993,0.052718,0.000555,-0.470703,0.0,0.973,0.9847,0.000489,0.000513,0.000942,1.586343,3.530297,0.0
2861039616,43146.0,0.000166,0.031517,0.000578,-0.443359,0.0,0.9729,0.985,0.000383,0.000472,0.000695,1.596921,3.489952,0.0
2861826048,43150.6,0.003333,0.042719,0.000578,-0.443359,0.0,0.9726,0.9848,0.000655,0.000506,0.000849,1.601607,3.445046,0.0
2862612480,43131.1,0.000842,0.034473,0.00058,-0.433594,0.0,0.9723,0.9845,0.000488,0.00052,0.000793,1.659206,3.391589,0.0
2863398912,43136.4,0.002952,0.044063,0.000512,-0.447266,0.0,0.9722,0.9844,0.000793,0.000558,0.001154,1.4301,3.482858,0.0
2864185344,43141.9,-0.002018,0.043213,0.000519,-0.449219,0.0,0.9721,0.9846,0.000553,0.000441,0.001102,1.44198,3.538141,0.0
2864971776,43147.4,-0.00388,0.032479,0.000518,-0.455078,0.0,0.9717,0.9841,0.00057,0.000486,0.001023,1.531204,3.411458,0.0
2865758208,43132.1,-0.001004,0.044521,0.000529,-0.457031,0.0,0.9713,0.9836,0.000489,0.000706,0.000788,1.660837,3.373552,0.0
2866544640,43136.9,-0.00059,0.051226,0.000526,-0.455078,0.0,0.9711,0.9836,0.000757,0.000791,0.001309,1.706802,3.289494,0.0
2867331072,43141.7,0.000202,0.029687,0.000519,-0.451172,0.0,0.9709,0.9831,0.000422,0.000425,0.000626,1.480169,3.515209,0.0
2868117504,43146.8,-0.003938,0.035314,0.000513,-0.458984,0.0,0.9707,0.9833,0.000303,0.000462,0.00063,1.589062,3.534495,0.0
2868903936,43135.4,0.001014,0.053462,0.000513,-0.462891,0.0,0.9708,0.9832,0.000594,0.000703,0.000811,1.463887,3.497273,0.0
2869690368,43140.7,-0.006004,0.03028,0.000514,-0.451172,0.0,0.97,0.982,0.000446,0.000413,0.000552,1.524251,3.394218,0.0
2870476800,43145.4,0.003705,0.037275,0.000518,-0.453125,0.0,0.9695,0.9818,0.000673,0.000413,0.000576,1.60152,3.329992,0.0
2871263232,43131.9,-0.008305,0.039412,0.000522,-0.447266,0.0,0.9697,0.9822,0.000473,0.000516,0.000647,1.537199,3.457083,0.0
2872049664,43136.6,0.000404,0.030173,0.00052,-0.435547,0.0,0.9692,0.9811,0.000423,0.000432,0.000635,1.55173,3.495396,0.0
2872836096,43141.7,-0.006595,0.02398,0.000535,-0.435547,0.0,0.9692,0.9809,0.000538,0.000496,0.000641,1.502589,3.488098,0.0
2873622528,43146.3,0.004712,0.020796,0.000532,-0.416016,0.0,0.9693,0.9805,0.000469,0.000391,0.000681,1.479657,3.544193,0.0
2874408960,43127.0,-0.000552,0.032354,0.000523,-0.427734,0.0,0.9694,0.9808,0.000385,0.000492,0.00071,1.46135,3.294437,0.0
2875195392,43131.7,-0.0021,0.034735,0.000531,-0.429688,0.0,0.9692,0.98,0.000428,0.000413,0.000439,1.428744,3.186686,0.0
2875981824,43136.7,-0.005921,0.025461,0.000521,-0.441406,0.0,0.9692,0.9801,0.00029,0.000379,0.000461,1.350683,3.448682,0.0
2876768256,43124.5,-0.000427,0.031724,0.000525,-0.443359,0.0,0.969,0.9801,0.000343,0.000348,0.000481,1.441775,3.662686,0.0
2877554688,43130.0,-0.001628,0.02739,0.000557,-0.423828,0.0,0.9696,0.9812,0.000484,0.000385,0.000588,1.397251,3.506438,0.0
2878341120,43135.3,-0.007955,0.027475,0.000551,-0.441406,0.0,0.9699,0.982,0.000392,0.000433,0.000524,1.472847,3.453752,0.0
2879127552,43140.7,-0.000877,0.028992,0.000547,-0.433594,0.0,0.9706,0.9836,0.000471,0.0005,0.000644,1.547537,3.390717,0.0
2879913984,43127.3,-0.002414,0.048984,0.000567,-0.445312,0.0,0.9709,0.9838,0.000953,0.000538,0.001013,1.461172,3.407657,0.0
2880700416,43132.8,0.005602,0.045415,0.000557,-0.431641,0.0,0.9712,0.9828,0.000585,0.000508,0.001161,1.453185,3.336175,0.0
2881486848,43137.8,0.004617,0.042179,0.000551,-0.433594,0.0,0.9712,0.9814,0.000471,0.000608,0.000864,1.462048,3.349133,0.0
2882273280,43123.5,0.002704,0.039615,0.000577,-0.439453,0.0,0.9719,0.9817,0.000633,0.000515,0.000963,1.418489,3.279794,0.0
2883059712,43128.8,0.008455,0.032869,0.000525,-0.425781,0.0,0.9719,0.9815,0.000554,0.00062,0.000752,1.525108,3.359839,0.0
2883846144,43134.2,-0.000448,0.027429,0.000533,-0.433594,0.0,0.9725,0.9826,0.000485,0.000541,0.00057,1.529579,3.319002,0.0
2884632576,43139.4,-0.000352,0.023654,0.000522,-0.429688,0.0,0.9729,0.9833,0.000396,0.000465,0.000636,1.44628,3.567688,0.0
2885419008,43127.0,-0.005965,0.034319,0.000528,-0.455078,0.0,0.9731,0.9837,0.000392,0.000532,0.000655,1.430816,3.518616,0.0
2886205440,43132.3,-0.004101,0.024352,0.000541,-0.433594,0.0,0.9732,0.9842,0.000402,0.000506,0.000652,1.468228,3.444109,0.0
2886991872,43136.7,-0.004194,0.027643,0.000546,-0.441406,0.0,0.9733,0.9849,0.000295,0.000337,0.000504,1.518985,3.341515,0.0
2887778304,43120.2,0.004541,0.044904,0.000542,-0.435547,0.0,0.9733,0.985,0.000414,0.000366,0.000475,2.102939,3.191945,0.0
2888564736,43125.4,0.002999,0.041929,0.000505,-0.4375,0.0,0.9737,0.9854,0.000583,0.000421,0.000906,1.461548,3.532516,0.0
2889351168,43130.6,-0.002056,0.038401,0.000502,-0.4375,0.0,0.9737,0.9849,0.00051,0.000489,0.00071,1.517476,3.540354,0.0
2890137600,43135.9,0.004143,0.039386,0.000506,-0.439453,0.0,0.9745,0.9853,0.000422,0.000522,0.000731,1.525419,3.511542,0.0
2890924032,43121.9,-0.003008,0.039116,0.000528,-0.447266,0.0,0.9747,0.9854,0.000401,0.000382,0.000472,1.415725,3.277443,0.0
2891710464,43127.2,0.010544,0.051523,0.000547,-0.433594,0.0,0.9745,0.9849,0.000505,0.000701,0.000541,1.541228,3.20677,0.0
2892496896,43132.4,-0.003596,0.045229,0.000542,-0.431641,0.0,0.9743,0.9844,0.000293,0.000349,0.000479,1.417897,3.439726,0.0
2893283328,43137.6,-0.002976,0.028802,0.000533,-0.4375,0.0,0.9737,0.9835,0.00026,0.000325,0.000411,1.39815,3.370019,0.0
2894069760,43111.0,0.005221,0.03676,0.000553,-0.451172,0.0,0.9735,0.983,0.000458,0.000455,0.001019,1.455376,3.550956,0.0
2894856192,43116.3,0.009038,0.032872,0.000566,-0.431641,0.0,0.9733,0.9825,0.000354,0.000317,0.000388,1.521797,3.426788,0.0
2895642624,43121.5,-0.002453,0.017235,0.000564,-0.435547,0.0,0.9733,0.9826,0.000219,0.000237,0.000369,1.471377,3.383634,0.0
2896429056,43108.1,-0.002237,0.044057,0.000547,-0.445312,0.0,0.9735,0.9826,0.000395,0.000439,0.000757,1.417945,3.455342,0.0
2897215488,43113.2,0.003011,0.059021,0.00049,-0.439453,0.0,0.973,0.9802,0.000595,0.000478,0.000688,1.42995,3.49637,0.0
2898001920,43118.3,0.000527,0.045643,0.000493,-0.441406,0.0,0.9725,0.9782,0.000442,0.000466,0.000564,1.479709,3.433712,0.0
2898788352,43123.3,1.6e-05,0.040704,0.000496,-0.439453,0.0,0.9722,0.9767,0.000434,0.000382,0.000592,1.458257,3.418626,0.0
2899574784,43107.1,0.002757,0.041854,0.000533,-0.458984,0.0,0.972,0.9758,0.000296,0.000519,0.000786,1.716507,3.364571,0.0
2900361216,43112.2,-0.001288,0.026889,0.000523,-0.455078,0.0,0.9713,0.9751,0.000295,0.000354,0.000361,1.656671,3.402922,0.0
2901147648,43116.8,-0.002374,0.027927,0.000527,-0.451172,0.0,0.9714,0.9761,0.000293,0.000408,0.000438,1.521904,3.548371,0.0
2901934080,43102.5,-0.002098,0.040675,0.000532,-0.447266,0.0,0.9713,0.9768,0.000234,0.000277,0.000303,1.493193,3.559304,0.0
2902720512,43107.3,0.000411,0.030141,0.0006,-0.427734,0.0,0.9712,0.9771,0.000511,0.000745,0.000735,1.560162,3.458124,0.0
2903506944,43112.0,0.002564,0.033202,0.000599,-0.419922,0.0,0.9713,0.9771,0.000432,0.000455,0.000593,1.507156,3.53804,0.0
2904293376,43117.1,0.009275,0.046499,0.000605,-0.425781,0.0,0.971,0.9759,0.000328,0.000377,0.000486,1.602112,3.527636,0.0
2905079808,43105.2,-0.003917,0.045826,0.000564,-0.433594,0.0,0.9712,0.9764,0.000339,0.000611,0.000703,1.382439,3.503323,0.0
2905866240,43110.2,-0.001217,0.045993,0.000535,-0.4375,0.0,0.9713,0.9762,0.000502,0.000549,0.000814,1.388399,3.532311,0.0
2906652672,43114.9,-0.001157,0.048722,0.000526,-0.443359,0.0,0.9715,0.9756,0.000376,0.000554,0.000714,1.420958,3.437541,0.0
2907439104,43101.0,-0.00034,0.048817,0.000538,-0.447266,0.0,0.9718,0.9757,0.000363,0.000388,0.00048,1.395843,3.296483,0.0
2908225536,43106.1,0.001102,0.028571,0.000537,-0.421875,0.0,0.9719,0.9758,0.000374,0.000402,0.000502,1.572981,3.321619,0.0
2909011968,43111.1,0.004787,0.033054,0.000542,-0.421875,0.0,0.9718,0.9766,0.000279,0.000313,0.000384,1.58134,3.254974,0.0
2909798400,43116.1,0.005234,0.028158,0.000545,-0.425781,0.0,0.9718,0.9775,0.000231,0.000271,0.00032,1.429586,3.47915,0.0
2910584832,43102.9,-0.004102,0.040072,0.000533,-0.423828,0.0,0.9722,0.979,0.000324,0.000437,0.000672,1.455658,3.561209,0.0
2911371264,43108.0,-0.000386,0.049331,0.000522,-0.433594,0.0,0.9723,0.9787,0.000362,0.000439,0.000464,1.467696,3.529147,0.0
2912157696,43113.0,-0.002542,0.033257,0.000527,-0.435547,0.0,0.9727,0.9795,0.000308,0.000369,0.00044,1.493677,3.453057,0.0
2912944128,43098.7,0.000623,0.049609,0.00054,-0.425781,0.0,0.9731,0.9801,0.000364,0.00034,0.000422,1.757509,2.828488,0.0
2913730560,43103.7,-0.007544,0.030877,0.000524,-0.443359,0.0,0.9734,0.9807,0.00037,0.000336,0.000539,1.434182,3.494691,0.0
2914516992,43108.7,-0.002906,0.025406,0.000534,-0.433594,0.0,0.9738,0.9822,0.000304,0.000286,0.00049,1.453048,3.443514,0.0
2915303424,43113.3,-0.002081,0.022492,0.000523,-0.425781,0.0,0.9741,0.983,0.000232,0.000248,0.000349,1.460653,3.485529,0.0
2916089856,43100.5,-0.006827,0.039477,0.000558,-0.453125,0.0,0.9743,0.9834,0.000257,0.000519,0.000664,1.467399,3.329933,0.0
2916876288,43105.4,0.001391,0.044226,0.00057,-0.439453,0.0,0.9744,0.9833,0.000358,0.00051,0.000665,1.535139,3.314481,0.0
2917662720,43110.5,-0.001524,0.039115,0.000569,-0.445312,0.0,0.9747,0.984,0.00031,0.0005,0.00052,1.434067,3.406184,0.0
2918449152,43115.6,0.001889,0.04503,0.000564,-0.447266,0.0,0.9749,0.984,0.000329,0.000381,0.000424,1.508728,3.390905,0.0
2919235584,43103.9,-0.004672,0.057122,0.000577,-0.455078,0.0,0.9746,0.9835,0.000466,0.000432,0.000568,1.463605,3.467161,0.0
2920022016,43108.7,-0.00335,0.033003,0.000571,-0.441406,0.0,0.9748,0.9839,0.000254,0.000285,0.000336,1.450005,3.266627,0.0
2920808448,43113.8,0.000978,0.032974,0.000562,-0.443359,0.0,0.9742,0.9831,0.000246,0.000265,0.000431,1.512249,3.220828,0.0
2921594880,43101.0,-0.003103,0.050794,0.000554,-0.457031,0.0,0.9741,0.9828,0.000349,0.000394,0.00057,1.389882,3.361382,0.0
2922381312,43106.1,0.009039,0.046796,0.00048,-0.453125,0.0,0.974,0.9826,0.000331,0.00055,0.000507,1.405527,3.430199,0.0
2923167744,43111.0,0.003994,0.037617,0.000472,-0.451172,0.0,0.9739,0.9822,0.000309,0.000531,0.000458,1.419982,3.408958,0.0
2923954176,43115.8,-0.002822,0.033483,0.000477,-0.449219,0.0,0.9735,0.9814,0.00035,0.000505,0.000501,1.483593,3.427014,0.0
2924740608,43101.7,-0.006481,0.028756,0.000517,-0.4375,0.0,0.9737,0.9824,0.000367,0.000463,0.00064,1.561893,3.367575,0.0
2925527040,43106.5,0.002462,0.025567,0.00051,-0.429688,0.0,0.9737,0.9827,0.000277,0.000426,0.000727,1.585288,3.34337,0.0
2926313472,43111.7,0.000546,0.018969,0.000512,-0.431641,0.0,0.9738,0.9836,0.000235,0.000248,0.000426,1.525061,3.487042,0.0
2927099904,43099.8,0.000119,0.036503,0.000518,-0.443359,0.0,0.9738,0.9842,0.000214,0.000361,0.000355,1.430661,3.596562,0.0
2927886336,43104.9,-0.009626,0.022787,0.000541,-0.439453,0.0,0.974,0.9851,0.000161,0.000309,0.000338,1.426194,3.517718,0.0
2928672768,43110.0,-0.003258,0.024235,0.000542,-0.433594,0.0,0.9744,0.9861,0.000217,0.000271,0.000346,1.618585,3.452573,0.0
2929459200,43115.2,0.00492,0.032715,0.000542,-0.435547,0.0,0.9744,0.9866,0.000208,0.000286,0.000442,1.555452,3.39202,0.0
2930245632,43101.7,0.001913,0.059855,0.000536,-0.445312,0.0,0.9744,0.986,0.000387,0.000435,0.000599,1.540005,3.611197,0.0
2931032064,43106.9,0.002714,0.033831,0.000528,-0.445312,0.0,0.9744,0.9866,0.000266,0.000309,0.000406,1.581013,3.673202,0.0
2931818496,43112.1,-0.001329,0.036136,0.000535,-0.451172,0.0,0.9742,0.9869,0.000206,0.000373,0.00037,1.582956,3.604172,0.0
2932604928,43100.0,-0.004197,0.044372,0.000545,-0.466797,0.0,0.974,0.9867,0.00026,0.000311,0.000443,1.440045,3.449116,0.0
2933391360,43105.2,-0.000174,0.046792,0.000528,-0.439453,0.0,0.9735,0.9854,0.000304,0.000474,0.000491,1.565576,3.370071,0.0
2934177792,43110.2,-0.005668,0.033536,0.00052,-0.435547,0.0,0.9731,0.9842,0.000307,0.000489,0.000584,1.580943,3.223722,0.0
2934964224,43115.2,-0.004159,0.031272,0.000526,-0.439453,0.0,0.9731,0.9839,0.000316,0.000416,0.000408,1.428926,3.443074,0.0
2935750656,43101.7,-0.002825,0.042342,0.000528,-0.447266,0.0,0.9727,0.983,0.000254,0.000287,0.000395,1.447822,3.501336,0.0
2936537088,43106.9,0.001536,0.031158,0.000543,-0.425781,0.0,0.9729,0.9851,0.000226,0.000305,0.000306,1.516759,3.494962,0.0
2937323520,43112.1,0.000171,0.022909,0.000553,-0.417969,0.0,0.9726,0.9864,0.000159,0.000223,0.000337,1.543802,3.482931,0.0
2938109952,43102.1,-0.004708,0.043085,0.000543,-0.429688,0.0,0.9727,0.9882,0.00015,0.000231,0.000354,1.672631,2.821088,0.0
2938896384,43107.3,0.00207,0.040436,0.00053,-0.433594,0.0,0.9727,0.9886,0.000205,0.000325,0.000497,1.370774,3.530676,0.0
2939682816,43112.3,0.007181,0.038128,0.000526,-0.429688,0.0,0.9729,0.9888,0.000208,0.000339,0.000309,1.436476,3.507604,0.0
2940469248,43117.3,-0.003885,0.025857,0.000531,-0.439453,0.0,0.9728,0.9886,0.000133,0.00033,0.000324,1.460502,3.403984,0.0
2941255680,43106.7,0.002856,0.041009,0.000551,-0.449219,0.0,0.9728,0.9886,0.00027,0.00029,0.000375,1.505331,3.354427,0.0
2942042112,43111.9,-0.007904,0.036304,0.00054,-0.4375,0.0,0.9731,0.9896,0.000307,0.000235,0.000349,1.500698,3.324096,0.0
2942828544,43117.2,0.003286,0.044863,0.000537,-0.439453,0.0,0.9728,0.9896,0.000172,0.000173,0.000311,1.551069,3.279686,0.0
2943614976,43122.4,-0.002705,0.032162,0.000528,-0.447266,0.0,0.9723,0.9892,0.000229,0.000207,0.000335,1.400656,3.450216,0.0
2944401408,43107.6,-0.00625,0.046038,0.000521,-0.449219,0.0,0.9724,0.9896,0.00039,0.000384,0.000686,1.441068,3.48742,0.0
2945187840,43112.7,0.00261,0.034177,0.000522,-0.425781,0.0,0.972,0.9882,0.00029,0.000308,0.000552,1.463554,3.398451,0.0
2945974272,43117.8,-0.004111,0.032785,0.000516,-0.423828,0.0,0.9718,0.9869,0.00022,0.000207,0.000366,1.456821,3.271257,0.0
2946760704,43101.2,-0.002821,0.050236,0.00052,-0.435547,0.0,0.9717,0.9864,0.000264,0.000307,0.000558,1.563476,3.212191,0.0
2947547136,43106.4,0.00686,0.028175,0.000491,-0.427734,0.0,0.9717,0.9863,0.000137,0.000172,0.000313,1.48443,3.542793,0.0
2948333568,43111.4,-0.0001,0.027333,0.000489,-0.423828,0.0,0.9718,0.9861,0.000146,0.000193,0.000251,1.414249,3.526645,0.0
2949120000,43116.5,-0.003628,0.023171,0.000491,-0.417969,0.0,0.9718,0.9862,0.000148,0.000199,0.000172,1.531192,3.54648,0.0
2949906432,43101.6,0.003271,0.041323,0.000534,-0.435547,0.0,0.9721,0.9868,0.00034,0.000216,0.000313,1.512346,3.434774,0.0
2950692864,43106.7,0.000912,0.031288,0.000525,-0.423828,0.0,0.9715,0.9867,0.00022,0.000189,0.000248,1.551386,3.344827,0.0
2951479296,43111.7,-0.005835,0.026452,0.000528,-0.429688,0.0,0.9717,0.9876,0.000132,0.00017,0.000234,1.368622,3.493024,0.0
2952265728,43099.8,0.007686,0.060345,0.000524,-0.449219,0.0,0.9716,0.9878,0.000257,0.000184,0.000383,1.35905,3.464691,0.0
2953052160,43104.6,0.003812,0.05803,0.000507,-0.443359,0.0,0.9712,0.9865,0.000228,0.000297,0.00052,1.393377,3.320857,0.0
2953838592,43109.7,-0.006411,0.037518,0.000509,-0.441406,0.0,0.971,0.986,0.000291,0.000267,0.000407,1.450949,3.32308,0.0
2954625024,43114.7,-0.004168,0.042804,0.000505,-0.449219,0.0,0.9709,0.9857,0.000197,0.00029,0.000394,1.548517,3.284347,0.0
2955411456,43097.6,0.005316,0.054013,0.000512,-0.460938,0.0,0.9713,0.9867,0.000238,0.000216,0.000355,1.497975,3.530496,0.0
2956197888,43102.5,0.006552,0.028313,0.00052,-0.455078,0.0,0.9712,0.9868,0.000166,0.00016,0.000232,1.512577,3.584587,0.0
2956984320,43107.3,0.007466,0.037653,0.000514,-0.460938,0.0,0.9714,0.9872,0.000121,0.000197,0.000257,1.486405,3.55729,0.0
2957770752,43092.4,0.003858,0.04053,0.000514,-0.464844,0.0,0.9719,0.9884,0.000162,0.000217,0.000242,1.401035,3.419193,0.0
2958557184,43097.5,-0.000124,0.03787,0.000531,-0.425781,0.0,0.9719,0.9878,0.000265,0.00037,0.000367,1.497685,3.299955,0.0
2959343616,43102.4,-0.002747,0.035388,0.000523,-0.417969,0.0,0.9719,0.9881,0.000241,0.000262,0.000366,1.495347,3.130716,0.0
2960130048,43107.1,-0.002758,0.029337,0.000525,-0.412109,0.0,0.9723,0.9887,0.00025,0.000219,0.000336,1.350636,3.357902,0.0
2960916480,43095.5,7.7e-05,0.041787,0.000536,-0.4375,0.0,0.9721,0.9883,0.000188,0.000193,0.000393,1.408224,3.480479,0.0
2961702912,43100.5,-0.0006,0.029304,0.000544,-0.435547,0.0,0.9721,0.988,0.000166,0.000216,0.000358,1.428733,3.430272,0.0
2962489344,43105.5,0.001713,0.037235,0.000547,-0.439453,0.0,0.9722,0.9874,0.000148,0.000154,0.000239,1.494489,3.403198,0.0
2963275776,43093.7,0.006573,0.04427,0.000549,-0.435547,0.0,0.9728,0.988,0.000138,0.000155,0.000259,1.734988,2.878205,0.0
2964062208,43098.2,-0.004324,0.032697,0.000567,-0.423828,0.0,0.9735,0.9892,0.00018,0.000178,0.000256,1.414642,3.476353,0.0
2964848640,43103.1,-0.003295,0.029773,0.000564,-0.421875,0.0,0.9735,0.9896,0.000139,0.000155,0.000233,1.385874,3.528855,0.0
2965635072,43107.5,-0.000412,0.026986,0.000579,-0.423828,0.0,0.9738,0.9908,0.000115,0.000135,0.000187,1.413141,3.484097,0.0
2966421504,43084.7,0.002389,0.039043,0.00056,-0.431641,0.0,0.9739,0.9911,0.000135,0.000152,0.000279,1.460152,3.404063,0.0
2967207936,43089.8,-0.003721,0.0291,0.000539,-0.416016,0.0,0.9741,0.9912,0.000115,0.000174,0.000226,1.52495,3.384231,0.0
2967994368,43094.7,-0.000353,0.031116,0.000537,-0.419922,0.0,0.9738,0.9901,0.000145,0.000208,0.000238,1.509948,3.294234,0.0
2968780800,43098.6,-0.004737,0.026287,0.000541,-0.423828,0.0,0.9736,0.9892,0.000118,0.00016,0.000208,1.456105,3.482563,0.0
2969567232,43088.9,0.000954,0.045496,0.000583,-0.441406,0.0,0.9735,0.9887,0.000144,0.000223,0.000306,1.381499,3.511384,0.0
2970353664,43093.8,-0.007447,0.032534,0.000592,-0.4375,0.0,0.9733,0.9876,0.000173,0.000232,0.000225,1.47188,3.411566,0.0
2971140096,43098.6,0.000137,0.02972,0.000599,-0.435547,0.0,0.9729,0.9865,0.000138,0.000178,0.000187,1.500205,3.364563,0.0
2971926528,43088.2,0.00141,0.05162,0.000568,-0.433594,0.0,0.9728,0.986,0.000151,0.000214,0.00035,1.645666,3.142816,0.0
2972712960,43093.2,-0.000638,0.036901,0.00051,-0.433594,0.0,0.9729,0.9863,0.000145,0.000134,0.000228,1.445482,3.459781,0.0
2973499392,43098.3,0.002743,0.033455,0.000505,-0.4375,0.0,0.9731,0.9877,0.000155,0.000145,0.000198,1.466621,3.489879,0.0
2974285824,43103.4,-0.006524,0.02338,0.000513,-0.435547,0.0,0.9734,0.9891,0.000111,0.000116,0.000158,1.534635,3.445675,0.0
2975072256,43089.6,-0.000797,0.059413,0.000515,-0.455078,0.0,0.9738,0.9889,0.000183,0.000192,0.000353,1.444704,3.346881,0.0
2975858688,43093.6,-0.001619,0.047569,0.000503,-0.4375,0.0,0.9736,0.9867,0.000149,0.00014,0.000249,1.512908,3.310538,0.0
2976645120,43098.5,-0.004253,0.047011,0.000503,-0.433594,0.0,0.9732,0.9836,0.00014,0.000149,0.000213,1.403755,3.453519,0.0
2977431552,43079.3,0.001952,0.048396,0.000511,-0.443359,0.0,0.973,0.9816,0.000108,9.6e-05,0.000235,1.46287,3.643887,0.0
2978217984,43084.4,-0.002354,0.033199,0.000533,-0.4375,0.0,0.9726,0.9809,0.00011,0.000142,0.000267,1.435455,3.446619,0.0
2979004416,43089.2,-0.00733,0.026569,0.000537,-0.439453,0.0,0.9729,0.9814,9.5e-05,0.000156,0.000198,1.509994,3.454306,0.0
2979790848,43094.0,0.001865,0.033359,0.000539,-0.443359,0.0,0.9726,0.9804,0.000114,0.000123,0.000199,1.536843,3.453614,0.0
2980577280,43082.5,0.005235,0.04106,0.000559,-0.445312,0.0,0.9728,0.9806,0.000123,0.000191,0.000222,1.366131,3.549425,0.0
2981363712,43087.6,0.007011,0.036544,0.000542,-0.445312,0.0,0.9728,0.9805,0.000136,0.000153,0.000183,1.419978,3.45677,0.0
2982150144,43092.8,0.001952,0.035893,0.000535,-0.445312,0.0,0.9727,0.9807,0.000104,0.000126,0.000132,1.376941,3.491805,0.0
2982936576,43084.6,-0.001018,0.032165,0.00056,-0.447266,0.0,0.9726,0.981,0.0001,7.8e-05,0.0001,1.494709,3.511256,0.0
2983723008,43089.6,-0.004404,0.023749,0.000565,-0.433594,0.0,0.9722,0.9805,5.7e-05,7e-05,0.000112,1.711272,3.459822,0.0
2984509440,43094.4,-0.001127,0.052427,0.000565,-0.435547,0.0,0.9724,0.981,0.000101,0.000114,0.000169,1.616243,3.327082,0.0
2985295872,43099.3,-0.001458,0.031464,0.000556,-0.433594,0.0,0.9723,0.981,5.4e-05,7.2e-05,0.000104,1.492038,3.646945,0.0
2986082304,43092.2,-0.0061,0.037054,0.000558,-0.453125,0.0,0.9722,0.9807,5.3e-05,6.1e-05,9.7e-05,1.495791,3.61962,0.0
2986868736,43097.2,0.000934,0.039668,0.000554,-0.439453,0.0,0.9721,0.9805,7.7e-05,6.7e-05,9.8e-05,1.465604,3.497255,0.0
2987655168,43101.6,-0.002604,0.047062,0.000547,-0.439453,0.0,0.9721,0.9802,7.9e-05,6.8e-05,9.9e-05,1.587728,3.480292,0.0
2988441600,43093.8,-0.00029,0.044285,0.000549,-0.443359,0.0,0.9724,0.9807,3.8e-05,4.3e-05,0.00011,1.840893,3.028167,0.0
2989228032,43098.9,-0.000309,0.050819,0.000545,-0.455078,0.0,0.9723,0.9801,6.9e-05,8.9e-05,0.000109,1.517792,3.529488,0.0
2990014464,43104.0,0.004318,0.05258,0.000552,-0.453125,0.0,0.9723,0.9798,5e-05,6.9e-05,9.1e-05,1.497724,3.515795,0.0
2990800896,43108.9,0.000587,0.036223,0.000556,-0.453125,0.0,0.9724,0.9797,4.2e-05,5.6e-05,9.1e-05,1.561717,3.531206,0.0
2991587328,43098.8,-0.003034,0.046185,0.000555,-0.458984,0.0,0.9727,0.98,4.4e-05,5.7e-05,8.8e-05,1.495115,3.374814,0.0
2992373760,43103.8,-0.005977,0.031242,0.000531,-0.441406,0.0,0.9725,0.979,4.3e-05,7.1e-05,0.000157,1.543182,3.26305,0.0
2993160192,43108.8,-0.002684,0.038243,0.000515,-0.441406,0.0,0.9725,0.9782,4.2e-05,6.8e-05,0.000126,1.622126,3.247351,0.0
2993946624,43113.5,-0.007181,0.037377,0.00051,-0.441406,0.0,0.9724,0.9768,3.2e-05,4.8e-05,9.4e-05,1.422251,3.367415,0.0
2994733056,43104.1,-0.003536,0.049727,0.000546,-0.460938,0.0,0.9721,0.9767,4.2e-05,5.1e-05,6.8e-05,1.530443,3.514634,0.0
2995519488,43109.2,0.00462,0.047077,0.000567,-0.455078,0.0,0.9722,0.978,3.7e-05,3.8e-05,4.6e-05,1.467368,3.397821,0.0
2996305920,43114.0,-0.005028,0.048158,0.000554,-0.455078,0.0,0.9723,0.9794,4.2e-05,3.7e-05,5.7e-05,1.476985,3.335938,0.0
2997092352,43099.6,-0.004184,0.051176,0.000552,-0.457031,0.0,0.9725,0.9807,2.3e-05,3.1e-05,5e-05,1.549621,3.062182,0.0
2997878784,43104.5,-0.004786,0.036905,0.00052,-0.443359,0.0,0.9727,0.981,1.8e-05,1.7e-05,2.6e-05,1.478099,3.312316,0.0
2998665216,43109.5,-0.006817,0.028225,0.000516,-0.447266,0.0,0.9727,0.9814,1.3e-05,1.2e-05,1.6e-05,1.399958,3.374519,0.0
2999451648,43114.5,-0.001859,0.040886,0.000519,-0.445312,0.0,0.9725,0.9809,5e-06,4e-06,7e-06,1.44197,3.404204,0.0
3000238080,43102.9,0.002852,0.035246,0.000564,-0.451172,0.0,0.9728,0.9819,2e-06,2e-06,2e-06,1.523549,3.27103,0.0
