step,sps,policy_loss,value_loss,mi_loss,div_loss,kl_loss,score,mean_return,ego_enc_delta,partner_enc_delta,road_enc_delta,role_std,role_norm,compliance_error
4001366016,244641198.8,0.013141,0.52592,0.00089,-0.302734,0.0,0.97,0.5651,0.00627,0.005497,0.008885,4.337444,15.357008,0.00010543
4002152448,150778268.7,0.000745,1.27024,0.000816,-0.326172,0.0,0.9609,0.4648,0.004225,0.004633,0.007432,5.139182,15.960096,0.00018278
4002938880,109175318.8,-0.004826,1.658844,0.000837,-0.314453,0.0,0.9515,0.4192,0.003514,0.004436,0.005941,5.163218,16.424675,0.00020781
4003725312,63442514.6,0.003081,2.087055,0.000912,-0.304688,0.0,0.9418,0.3486,0.004149,0.00438,0.00619,4.987217,16.886909,0.0001948
4004511744,54886422.9,0.005475,2.533441,0.000933,-0.298828,0.0,0.9352,0.3018,0.004136,0.004377,0.005596,4.688092,17.446211,0.00021034
4005298176,48332173.3,0.001627,2.417986,0.000975,-0.287109,0.0,0.9303,0.275,0.003726,0.003123,0.004282,5.854825,18.943104,0.00021685
4006084608,43065082.4,0.004499,2.301171,0.000955,-0.279297,0.0,0.9241,0.255,0.004404,0.003586,0.00523,5.308987,19.299135,0.0002268
4006871040,33445770.1,0.002252,3.609081,0.001031,-0.3125,0.0,0.9187,0.2079,0.003065,0.004013,0.005661,6.026978,19.666168,0.00022008
4007657472,30929570.8,0.009212,3.156789,0.001,-0.306641,0.0,0.9142,0.182,0.003441,0.004925,0.006103,5.812694,19.559841,0.00021168
4008443904,28764130.1,0.002691,2.025184,0.001088,-0.267578,0.0,0.9096,0.1766,0.003314,0.004019,0.004733,5.453286,19.896009,0.00024171
4009230336,24034011.6,0.000359,3.042607,0.001094,-0.28125,0.0,0.9079,0.1681,0.003994,0.003488,0.005316,6.851359,21.641109,0.00021567
4010016768,22674867.8,0.002002,3.750164,0.001085,-0.287109,0.0,0.9052,0.1434,0.003329,0.00325,0.003882,6.67035,21.854549,0.0002272
4010803200,21456701.4,-0.003623,2.974696,0.001116,-0.279297,0.0,0.9018,0.1307,0.005188,0.00353,0.0049,6.892688,21.676947,0.00021337
4011589632,20362463.2,-0.000629,2.901551,0.001174,-0.277344,0.0,0.8984,0.1108,0.004541,0.003957,0.0054,6.405834,21.058842,0.00021666
4012376064,18025236.8,0.007102,3.060435,0.001225,-0.296875,0.0,0.8945,0.082,0.003639,0.003785,0.004842,5.701424,19.850912,0.00022436
4013162496,17236337.3,0.004226,2.805409,0.00125,-0.279297,0.0,0.8902,0.069,0.003391,0.003812,0.004342,5.04004,19.950638,0.0002134
4013948928,16520373.0,0.006799,3.468731,0.001214,-0.291016,0.0,0.8881,0.0575,0.003689,0.003814,0.004792,6.368232,22.47403,0.0002228
4014735360,14915436.9,-0.002278,3.081451,0.001217,-0.273438,0.0,0.8845,0.0403,0.002886,0.004083,0.004755,6.201157,22.435514,0.00022792
4015521792,14385805.2,0.002806,2.865201,0.001292,-0.273438,0.0,0.882,0.0236,0.005312,0.004577,0.006232,6.649765,22.603333,0.00022732
4016308224,13893348.7,0.011769,3.459334,0.0013,-0.294922,0.0,0.8789,0.0004,0.003199,0.003862,0.004967,6.063293,22.489471,0.00024935
4017094656,13433424.5,0.00658,2.852596,0.001332,-0.289062,0.0,0.8749,-0.0179,0.004488,0.003789,0.006137,6.039131,22.268436,0.00027693
4017881088,12391470.3,0.007187,2.902993,0.001347,-0.265625,0.0,0.872,-0.0235,0.00546,0.004176,0.005716,7.054295,24.323065,0.00028058
4018667520,12022068.4,-0.000564,3.126684,0.001326,-0.269531,0.0,0.8681,-0.0306,0.003977,0.003723,0.004564,7.079527,24.177794,0.00023635
4019453952,11673512.0,0.004475,3.581609,0.001317,-0.283203,0.0,0.865,-0.0402,0.004104,0.003601,0.005181,6.909548,23.640415,0.00023374
4020240384,10849390.9,-0.000938,3.025099,0.001388,-0.296875,0.0,0.8616,-0.0526,0.003384,0.003487,0.004515,5.431619,22.576492,0.00022555
4021026816,10564372.0,0.003318,2.336633,0.001243,-0.261719,0.0,0.8597,-0.0498,0.003601,0.002621,0.004113,5.490952,22.812622,0.00024748
4021813248,10295573.3,0.0075,2.905353,0.00134,-0.279297,0.0,0.8581,-0.0512,0.003231,0.003326,0.005229,5.281439,22.067999,0.00022298
4022599680,10041304.3,-0.002711,2.050011,0.001301,-0.259766,0.0,0.8574,-0.0459,0.003176,0.00329,0.00486,6.74788,24.363934,0.00024571
4023386112,9472971.6,0.000778,3.08671,0.001355,-0.273438,0.0,0.8559,-0.0484,0.00348,0.003633,0.005459,7.342076,24.005871,0.00023389
4024172544,9253958.1,0.008313,2.556368,0.001339,-0.273438,0.0,0.8538,-0.0535,0.003597,0.00406,0.005823,6.793896,23.652115,0.00022752
4024958976,9039188.9,-0.001159,2.361084,0.001366,-0.265625,0.0,0.8518,-0.0544,0.003141,0.00413,0.004901,6.159224,23.709202,0.00023604
4025745408,8542439.8,0.004474,3.079938,0.001302,-0.277344,0.0,0.8495,-0.0639,0.002378,0.003253,0.004544,5.084334,21.751736,0.00024412
4026531840,8364090.7,0.00433,2.223532,0.001246,-0.24707,0.0,0.8482,-0.065,0.003779,0.003769,0.005694,6.705032,25.26589,0.00022777
4027318272,8187976.5,0.002948,3.085566,0.001268,-0.261719,0.0,0.8463,-0.0725,0.003933,0.004007,0.00538,7.121284,26.210501,0.0002346
4028104704,8019286.9,5e-06,3.130461,0.001241,-0.251953,0.0,0.8442,-0.0793,0.00277,0.002882,0.004157,7.222273,26.175131,0.0002498
4028891136,7641566.0,0.002106,3.058072,0.001405,-0.259766,0.0,0.838,-0.1063,0.004279,0.003982,0.005361,6.385503,25.430349,0.00026034
4029677568,7499548.0,0.003626,3.725732,0.001402,-0.28125,0.0,0.8327,-0.1351,0.003978,0.003139,0.004857,5.884257,24.961117,0.00025559
4030464000,7364290.0,0.009776,3.029158,0.001388,-0.279297,0.0,0.8297,-0.1476,0.004389,0.003753,0.004952,7.85285,26.966728,0.00028505
4031250432,7233922.0,0.00223,3.681109,0.001463,-0.279297,0.0,0.8257,-0.1701,0.004332,0.00357,0.004599,7.967123,27.528967,0.00028476
4032036864,6942577.7,0.007339,4.511489,0.001446,-0.292969,0.0,0.8207,-0.1948,0.0039,0.003922,0.006153,7.675785,27.081421,0.00028267
4032823296,6826808.2,0.002213,3.048668,0.001467,-0.271484,0.0,0.8139,-0.2143,0.003692,0.003803,0.005282,7.40046,26.46929,0.00030634
4033609728,6715131.4,-0.002272,2.982659,0.001499,-0.277344,0.0,0.8078,-0.2352,0.003022,0.003792,0.004442,6.771139,25.96133,0.00028491
4034396160,6433670.3,0.006207,3.231664,0.001454,-0.277344,0.0,0.804,-0.2469,0.003337,0.003626,0.005539,9.068788,27.677694,0.00027606
4035182592,6332550.2,-0.002345,3.602398,0.001359,-0.279297,0.0,0.7986,-0.2624,0.003262,0.004306,0.006246,8.357857,27.480543,0.00027471
4035969024,6234822.1,0.001677,3.412378,0.001451,-0.255859,0.0,0.7938,-0.2765,0.004224,0.004162,0.005989,7.505432,27.445221,0.00028968
4036755456,6140147.5,0.002774,2.949739,0.001505,-0.259766,0.0,0.7893,-0.2956,0.002856,0.003252,0.004969,6.399041,27.42421,0.00027255
4037541888,5909034.9,-0.003568,2.671496,0.001517,-0.251953,0.0,0.7851,-0.3023,0.003959,0.004001,0.005764,6.320623,27.017273,0.00026231
4038328320,5820661.4,-0.000249,3.272363,0.001435,-0.271484,0.0,0.7817,-0.3096,0.003035,0.003329,0.003843,6.08569,26.875631,0.00024343
4039114752,5735583.2,-0.005403,2.833504,0.001482,-0.267578,0.0,0.7794,-0.3164,0.004028,0.003568,0.004881,7.64888,28.639446,0.00027483
4039901184,5541766.7,-0.004028,3.166567,0.001498,-0.261719,0.0,0.7755,-0.3247,0.003264,0.00368,0.004434,7.29363,27.908859,0.00026672
4040687616,5468040.1,0.006667,3.265246,0.001529,-0.261719,0.0,0.7725,-0.3288,0.003071,0.003145,0.00504,7.270147,27.7127,0.00025197
4041474048,5395616.1,0.003313,3.111679,0.001521,-0.269531,0.0,0.7688,-0.3425,0.003552,0.003494,0.004966,7.310344,27.301214,0.00026202
4042260480,5325355.6,-0.003768,2.914584,0.001457,-0.265625,0.0,0.7654,-0.3506,0.002866,0.003099,0.003559,6.188837,27.069786,0.00026632
4043046912,5166097.9,-0.000216,2.947786,0.001436,-0.263672,0.0,0.7625,-0.357,0.003273,0.002741,0.004511,7.650895,29.016264,0.00028068
4043833344,5101095.2,-0.000438,3.587658,0.00146,-0.277344,0.0,0.7579,-0.3651,0.003681,0.003653,0.005879,8.749186,28.961777,0.00026946
4044619776,5038250.6,0.003245,3.091625,0.001467,-0.265625,0.0,0.7534,-0.3713,0.003382,0.00299,0.004221,8.233708,28.906231,0.00028042
4045406208,4898284.9,-0.000969,2.91422,0.001568,-0.263672,0.0,0.7495,-0.3772,0.003595,0.003263,0.004221,6.716445,28.875057,0.00030979
4046192640,4840087.8,0.002209,2.136359,0.001501,-0.242188,0.0,0.7464,-0.3824,0.003671,0.003692,0.004761,6.126096,28.336895,0.00031732
4046979072,4783431.2,-0.001573,2.368409,0.001495,-0.24707,0.0,0.7436,-0.3848,0.002115,0.002917,0.002834,5.900987,27.626419,0.00029543
4047765504,4728921.3,-0.001573,1.734449,0.001529,-0.22168,0.0,0.7414,-0.3858,0.003324,0.003161,0.00471,6.82544,30.074926,0.00031626
4048551936,4600075.9,0.003116,2.65469,0.001555,-0.224609,0.0,0.7385,-0.3842,0.00364,0.003472,0.005058,7.872252,29.665539,0.00028884
4049338368,4549219.3,0.006788,2.892426,0.001664,-0.251953,0.0,0.7342,-0.3994,0.003633,0.00366,0.004986,7.51867,29.473602,0.00028458
4050124800,4498502.3,-0.000926,2.802098,0.001668,-0.263672,0.0,0.7299,-0.4154,0.003564,0.003263,0.004821,6.746728,28.637337,0.00032413
4050911232,4380893.4,-0.001239,3.145009,0.001676,-0.259766,0.0,0.7253,-0.434,0.002983,0.002808,0.004485,5.201315,27.773932,0.00026954
4051697664,4333965.6,-0.002187,2.820062,0.001539,-0.255859,0.0,0.7227,-0.4419,0.003287,0.002813,0.005436,8.494901,29.874477,0.00028841
4052484096,4288344.8,0.009252,3.044774,0.001499,-0.232422,0.0,0.7188,-0.4494,0.004685,0.004183,0.005742,8.021148,29.476957,0.00031972
4053270528,4243994.5,0.001577,2.704265,0.001508,-0.231445,0.0,0.7149,-0.4598,0.003934,0.003973,0.005929,6.795489,29.34922,0.00028575
4054056960,4146416.4,0.006445,3.40339,0.001584,-0.259766,0.0,0.7111,-0.469,0.004078,0.003169,0.004728,7.401742,28.362402,0.00029397
4054843392,4105290.7,0.001791,2.955148,0.001677,-0.251953,0.0,0.7062,-0.4826,0.003885,0.003378,0.005051,6.492195,28.605942,0.00033498
4055629824,4064749.6,0.001702,3.202736,0.001678,-0.255859,0.0,0.7014,-0.4992,0.002882,0.002833,0.003808,7.605887,30.812963,0.00034096
4056416256,4025213.2,-0.00513,2.820027,0.001794,-0.255859,0.0,0.6982,-0.5072,0.003755,0.0032,0.005046,7.293271,30.432831,0.00029499
4057202688,3939433.5,0.000977,3.091044,0.001679,-0.239258,0.0,0.6932,-0.5141,0.002956,0.003531,0.005218,7.546496,29.550817,0.00025431
4057989120,3902658.9,-0.001807,2.289173,0.001628,-0.234375,0.0,0.6882,-0.5165,0.002687,0.003075,0.004201,6.691063,29.500931,0.00026805
4058775552,3866390.1,0.006335,2.521554,0.001608,-0.239258,0.0,0.683,-0.5204,0.002272,0.003275,0.004112,6.528534,29.3085,0.00027586
4059561984,3784859.6,0.002121,2.88006,0.001633,-0.238281,0.0,0.679,-0.5185,0.003133,0.003708,0.004204,7.257661,31.02626,0.00028604
4060348416,3749856.1,0.004399,2.666451,0.001679,-0.233398,0.0,0.6779,-0.5151,0.003787,0.003747,0.005177,7.137325,30.855343,0.00030042
4061134848,3714581.8,0.005468,2.227904,0.001644,-0.223633,0.0,0.6778,-0.5123,0.003443,0.003218,0.004335,6.813644,30.366245,0.00025739
4061921280,3680694.5,-0.001809,1.942465,0.001628,-0.219727,0.0,0.6763,-0.506,0.003177,0.003192,0.004531,6.716719,29.742657,0.0002614
4062707712,3599764.3,-0.000321,2.601912,0.001712,-0.226562,0.0,0.6747,-0.5052,0.002428,0.002602,0.003506,6.048656,29.464527,0.00027513
4063494144,3568840.9,-0.001009,2.092835,0.001731,-0.21875,0.0,0.6735,-0.4992,0.003709,0.002946,0.005062,5.803069,29.066061,0.00025061
4064280576,3538094.9,0.000469,1.640665,0.001737,-0.212891,0.0,0.6729,-0.4949,0.003646,0.002972,0.00477,6.535219,30.760616,0.00028081
4065067008,3467390.1,0.00929,2.335,0.001667,-0.216797,0.0,0.6718,-0.4924,0.003172,0.003259,0.00528,6.655004,30.333355,0.00023077
4065853440,3437113.2,0.000813,2.004792,0.001567,-0.22168,0.0,0.6695,-0.4872,0.003098,0.00347,0.005363,6.937255,30.293152,0.00025096
4066639872,3407395.8,0.006546,2.428663,0.001606,-0.238281,0.0,0.6671,-0.4848,0.002706,0.002675,0.004047,6.735445,29.435133,0.00026064
4067426304,3378241.8,0.008323,2.786272,0.001639,-0.248047,0.0,0.6651,-0.492,0.002954,0.002969,0.004377,6.580615,28.800884,0.00028406
4068212736,3311916.6,0.004439,2.349501,0.001607,-0.22168,0.0,0.6635,-0.4889,0.003334,0.003418,0.005213,7.561793,29.909077,0.00029123
4068999168,3285902.6,-0.00108,2.123295,0.00164,-0.213867,0.0,0.6608,-0.4817,0.003598,0.003581,0.005727,6.249033,30.029678,0.00024428
4069785600,3260269.5,-0.00129,1.76795,0.001648,-0.205078,0.0,0.6576,-0.4663,0.003632,0.003252,0.004465,7.658199,29.544432,0.00024708
4070572032,3196691.7,0.006123,1.756828,0.001617,-0.205078,0.0,0.6541,-0.4601,0.003527,0.003419,0.005033,5.795338,28.892723,0.00024323
4071358464,3171929.7,0.000737,1.934926,0.001594,-0.219727,0.0,0.6513,-0.4514,0.002738,0.003332,0.004819,5.500467,28.849079,0.00027117
4072144896,3146993.5,0.003549,1.45512,0.001511,-0.206055,0.0,0.649,-0.4365,0.003209,0.003313,0.004005,5.484346,28.118452,0.0002755
4072931328,3123018.5,-0.002529,1.587075,0.001621,-0.21875,0.0,0.6474,-0.4307,0.003489,0.003203,0.004774,6.645678,29.867569,0.00025467
4073717760,3069414.0,0.004585,1.953824,0.001566,-0.212891,0.0,0.6447,-0.4273,0.003531,0.002973,0.004824,6.23569,29.715633,0.00024457
4074504192,3047370.8,-0.0008,2.388037,0.001579,-0.230469,0.0,0.6422,-0.4281,0.00399,0.003498,0.004907,7.563898,29.77647,0.00023648
4075290624,3025494.8,0.005019,2.194341,0.00158,-0.235352,0.0,0.64,-0.4361,0.002772,0.002727,0.003582,6.769534,29.411331,0.00024066
4076077056,2969874.7,0.008334,2.163354,0.001562,-0.22168,0.0,0.638,-0.4429,0.0027,0.00293,0.004642,5.531416,28.486599,0.00023416
4076863488,2948199.7,0.008945,2.793692,0.001681,-0.235352,0.0,0.6373,-0.4417,0.003177,0.003007,0.004203,7.813141,30.085546,0.00025555
4077649920,2927173.9,0.006231,2.761084,0.001686,-0.231445,0.0,0.6361,-0.4393,0.003507,0.004032,0.005395,7.250077,30.027914,0.00025283
4078436352,2906258.2,0.006548,2.875875,0.001657,-0.237305,0.0,0.6346,-0.439,0.003193,0.003374,0.005257,6.989598,30.083355,0.00025947
4079222784,2857472.9,-0.005505,1.568379,0.001611,-0.210938,0.0,0.6343,-0.4202,0.003373,0.002822,0.004336,6.399423,29.761297,0.00026405
4080009216,2838146.9,0.001818,1.961613,0.001557,-0.213867,0.0,0.6338,-0.4165,0.003522,0.003403,0.005137,6.446121,29.866379,0.00025877
4080795648,2819125.6,-0.000584,1.935752,0.001543,-0.208984,0.0,0.6337,-0.4123,0.003624,0.00379,0.004525,5.311802,29.161091,0.000267
4081582080,2800363.1,0.006545,2.127413,0.001628,-0.225586,0.0,0.6334,-0.4147,0.004127,0.003739,0.004024,7.346504,31.81226,0.00026289
4082368512,2755281.4,0.003588,3.343126,0.001728,-0.228516,0.0,0.6328,-0.4083,0.005778,0.004231,0.005195,7.204602,31.534155,0.00027393
4083154944,2737118.8,0.003101,2.58831,0.001741,-0.224609,0.0,0.6327,-0.4079,0.005966,0.003172,0.004445,7.457645,31.127197,0.00030355
4083941376,2719556.9,-0.005663,2.345598,0.001799,-0.235352,0.0,0.6332,-0.4021,0.005614,0.00351,0.004669,6.979247,30.75312,0.00026164
4084727808,2678197.5,-0.00714,2.224161,0.001758,-0.228516,0.0,0.6346,-0.3987,0.003479,0.003244,0.004444,6.050876,29.400488,0.00030681
4085514240,2661070.2,-0.001045,2.842836,0.001677,-0.241211,0.0,0.6358,-0.3983,0.002692,0.00277,0.003901,7.990762,32.363495,0.00029369
4086300672,2644195.7,-0.000452,2.505914,0.001597,-0.223633,0.0,0.6374,-0.4019,0.004008,0.003315,0.004561,7.801271,31.961006,0.00028864
4087087104,2627535.4,0.000325,2.445844,0.001675,-0.222656,0.0,0.6391,-0.3943,0.003125,0.003507,0.004134,8.355492,31.609055,0.00027523
4087873536,2587354.2,-0.005169,2.546576,0.001641,-0.226562,0.0,0.6416,-0.3916,0.003434,0.003625,0.004393,6.835588,31.303123,0.00024585
4088659968,2571522.1,0.005601,1.886293,0.001723,-0.195312,0.0,0.6433,-0.3851,0.00332,0.0034,0.004997,5.465386,31.163404,0.00025319
4089446400,2556059.6,0.00439,2.442545,0.001609,-0.222656,0.0,0.6445,-0.3856,0.002683,0.003137,0.00503,7.554712,32.074871,0.00025947
4090232832,2519735.6,0.002821,2.053013,0.00169,-0.211914,0.0,0.6478,-0.3825,0.002943,0.003456,0.005035,6.932152,31.805401,0.0002862
4091019264,2504862.7,0.002759,2.191319,0.001734,-0.202148,0.0,0.6487,-0.3708,0.003826,0.003496,0.005023,6.175851,31.77149,0.00029375
4091805696,2489943.7,-0.002962,1.597796,0.001862,-0.195312,0.0,0.6482,-0.3665,0.003249,0.003008,0.004954,6.462514,31.816113,0.00027433
4092592128,2475285.3,0.001379,1.456668,0.001925,-0.1875,0.0,0.6472,-0.3644,0.003014,0.003006,0.004758,5.65828,31.547287,0.00026225
4093378560,2443447.7,0.00012,1.917772,0.001797,-0.196289,0.0,0.6465,-0.3606,0.002936,0.003054,0.004326,7.328581,32.995811,0.0002797
4094164992,2429533.3,-0.002109,2.198117,0.001714,-0.209961,0.0,0.646,-0.3626,0.002892,0.003932,0.004833,7.251303,32.575878,0.00028646
4094951424,2415634.5,-0.006922,1.977181,0.001749,-0.207031,0.0,0.6452,-0.3575,0.003352,0.003508,0.00443,6.729184,32.087532,0.00027757
4095737856,2384756.4,0.00175,1.567297,0.001768,-0.207031,0.0,0.6448,-0.3492,0.002677,0.003457,0.004949,6.772073,31.704222,0.0002542
4096524288,2371470.7,0.003173,1.514887,0.00168,-0.213867,0.0,0.646,-0.3445,0.002232,0.003272,0.0051,6.527315,30.453566,0.00026991
4097310720,2358393.0,0.001815,1.437966,0.001674,-0.209961,0.0,0.6481,-0.3408,0.0028,0.003359,0.005426,6.394526,29.858105,0.00026458
4098097152,2345390.3,0.004068,1.755891,0.001618,-0.232422,0.0,0.6497,-0.34,0.003799,0.002813,0.005064,6.882961,31.356512,0.0002613
4098883584,2315237.9,0.003202,1.575592,0.001646,-0.206055,0.0,0.6527,-0.3331,0.003939,0.003686,0.005518,6.430814,31.236183,0.0002513
4099670016,2302800.1,0.000825,2.04829,0.001626,-0.21582,0.0,0.6567,-0.33,0.002881,0.002957,0.004665,7.407938,31.635687,0.00025981
4100456448,2290546.0,7.6e-05,2.288016,0.001689,-0.231445,0.0,0.6601,-0.3359,0.00239,0.002693,0.004296,6.689683,31.344168,0.00025748
4101242880,2260625.9,0.000414,2.208436,0.00158,-0.232422,0.0,0.6638,-0.3384,0.002389,0.002915,0.004252,6.509952,30.598343,0.00026564
4102029312,2248437.2,0.008061,2.592617,0.001466,-0.239258,0.0,0.6656,-0.3381,0.003352,0.003609,0.005088,7.792693,32.665001,0.0002676
4102815744,2236351.7,0.000139,2.699943,0.00146,-0.233398,0.0,0.6678,-0.3318,0.006139,0.003928,0.005951,7.058342,32.574551,0.00025569
4103602176,2224265.2,-0.000139,3.030289,0.001486,-0.244141,0.0,0.6697,-0.3343,0.004621,0.003334,0.005593,7.692159,32.173698,0.00026373
4104388608,2197934.7,0.007682,2.535445,0.001511,-0.236328,0.0,0.6718,-0.3358,0.002701,0.003056,0.004177,7.331077,31.201618,0.00024576
4105175040,2186779.5,0.002785,2.012134,0.001732,-0.223633,0.0,0.6732,-0.3304,0.002747,0.003295,0.004327,7.34165,30.659704,0.00028311
4105961472,2175711.3,0.000339,2.271611,0.001656,-0.232422,0.0,0.6735,-0.3306,0.003447,0.003293,0.00471,6.415809,30.355324,0.00024804
4106747904,2164637.0,0.001427,2.591709,0.001659,-0.228516,0.0,0.6734,-0.332,0.004208,0.003196,0.00484,7.722791,33.382698,0.00028308
4107534336,2141302.3,-0.000278,3.402451,0.001752,-0.228516,0.0,0.6724,-0.348,0.00354,0.003035,0.004503,7.092666,32.989807,0.00026874
4108320768,2130691.3,0.001174,2.269664,0.001682,-0.209961,0.0,0.6709,-0.3533,0.002585,0.002353,0.004315,7.353396,32.672806,0.0002627
4109107200,2120163.3,-0.000686,2.331368,0.001802,-0.211914,0.0,0.6693,-0.3611,0.003122,0.002705,0.004062,6.303677,32.388725,0.00030133
4109893632,2094531.9,0.000557,2.399522,0.001661,-0.234375,0.0,0.6683,-0.3615,0.003451,0.00335,0.004701,6.677058,30.474865,0.00027118
4110680064,2084255.5,0.005378,3.186327,0.001611,-0.263672,0.0,0.6681,-0.369,0.002859,0.002867,0.003941,8.670037,32.673088,0.00028212
4111466496,2074058.3,-0.000599,2.875268,0.00169,-0.25,0.0,0.6676,-0.3738,0.00332,0.00356,0.004972,8.133212,32.40313,0.00030959
4112252928,2063976.2,0.001424,4.153326,0.001774,-0.271484,0.0,0.6658,-0.388,0.003805,0.003815,0.005198,9.178497,32.680489,0.00029106
4113039360,2040335.1,0.005334,2.615546,0.001868,-0.226562,0.0,0.6636,-0.3939,0.0035,0.003516,0.004607,7.990426,32.01646,0.00029833
4113825792,2030383.0,0.000765,2.631352,0.001835,-0.237305,0.0,0.6607,-0.4031,0.004362,0.00332,0.004713,6.543539,31.200476,0.00036102
4114612224,2020695.7,0.000555,2.859759,0.001832,-0.226562,0.0,0.6586,-0.4081,0.002585,0.002931,0.004252,7.375865,32.939384,0.00032668
4115398656,1996554.4,-0.000372,2.613538,0.001852,-0.237305,0.0,0.657,-0.4111,0.004742,0.003186,0.0046,7.082221,32.390621,0.00028747
4116185088,1987125.8,0.001159,2.539934,0.001883,-0.223633,0.0,0.6539,-0.4116,0.004311,0.004283,0.005679,7.696215,32.022285,0.0002971
4116971520,1977594.2,0.001352,2.054465,0.001912,-0.21875,0.0,0.6521,-0.4151,0.004117,0.003291,0.005352,7.281329,31.890644,0.00033345
4117757952,1968399.9,0.006664,1.94612,0.001953,-0.203125,0.0,0.6503,-0.4124,0.004708,0.003262,0.005362,6.452967,31.509321,0.00032281
4118544384,1945850.0,0.001671,1.379274,0.001839,-0.189453,0.0,0.6486,-0.4138,0.003102,0.002988,0.004747,6.214307,32.581291,0.00028313
4119330816,1936820.7,0.00192,1.65637,0.001787,-0.182617,0.0,0.6481,-0.4117,0.003324,0.003621,0.004686,5.676303,32.570045,0.00030149
4120117248,1927899.6,0.001575,1.384151,0.001837,-0.180664,0.0,0.648,-0.4082,0.00329,0.003279,0.00439,5.981189,32.793182,0.00027621
4120903680,1907451.8,0.006318,1.723521,0.001801,-0.185547,0.0,0.648,-0.4092,0.002811,0.00337,0.004528,6.772203,32.840176,0.00030354
4121690112,1898895.7,-0.001268,2.008043,0.001796,-0.213867,0.0,0.647,-0.4189,0.00277,0.002995,0.005205,6.541721,32.952995,0.00029042
4122476544,1890429.4,0.001572,1.803559,0.001818,-0.211914,0.0,0.6468,-0.4204,0.00306,0.003124,0.004302,6.867516,32.501305,0.00028882
4123262976,1882188.0,0.002259,1.890323,0.001839,-0.216797,0.0,0.6467,-0.4236,0.002355,0.002755,0.004242,7.393675,33.399559,0.00031885
4124049408,1862923.2,0.003941,2.791008,0.001815,-0.21875,0.0,0.6467,-0.4319,0.003451,0.002653,0.004377,7.652253,34.039154,0.00031338
4124835840,1854694.9,0.00146,2.818895,0.001933,-0.228516,0.0,0.6461,-0.4443,0.004196,0.003234,0.005404,7.626068,33.937073,0.00029885
4125622272,1846656.8,-0.001237,1.847905,0.001864,-0.21582,0.0,0.6459,-0.4525,0.003986,0.003377,0.005458,7.616555,33.778473,0.00031154
4126408704,1828226.5,0.003241,2.630255,0.001885,-0.235352,0.0,0.645,-0.4641,0.004562,0.003301,0.005093,7.412519,32.778709,0.00031103
4127195136,1820449.8,-0.001397,2.732373,0.001753,-0.25,0.0,0.6432,-0.4776,0.004985,0.003688,0.005321,8.218072,33.678131,0.00034818
4127981568,1812716.5,-0.004361,2.827498,0.001786,-0.241211,0.0,0.64,-0.4869,0.003502,0.003952,0.005246,7.828691,32.587933,0.00029933
4128768000,1804842.2,0.00471,1.995295,0.001755,-0.21875,0.0,0.6375,-0.4868,0.003444,0.003361,0.004888,7.413933,32.696415,0.0003521
4129554432,1787635.3,-0.00264,2.06237,0.001798,-0.232422,0.0,0.6352,-0.49,0.002669,0.003241,0.004973,7.167986,32.164867,0.00031618
4130340864,1780267.2,-0.008983,1.929553,0.001713,-0.224609,0.0,0.6338,-0.4916,0.003732,0.003498,0.005504,6.841821,31.736343,0.00034517
4131127296,1772894.3,0.00055,1.947638,0.001609,-0.228516,0.0,0.632,-0.4881,0.002899,0.003377,0.004844,7.174421,30.836987,0.000309
4131913728,1765664.5,0.003643,2.095662,0.001557,-0.229492,0.0,0.6306,-0.484,0.002268,0.00213,0.003396,8.281898,33.851006,0.0002831
4132700160,1748435.8,0.007294,3.350803,0.001613,-0.253906,0.0,0.6285,-0.4917,0.002883,0.003882,0.005438,9.123837,33.161644,0.00028532
4133486592,1741213.4,0.002316,2.715406,0.001819,-0.251953,0.0,0.627,-0.505,0.003523,0.003519,0.005491,8.871087,33.033943,0.00031562
4134273024,1734063.7,-0.002202,2.845673,0.001697,-0.248047,0.0,0.6262,-0.5169,0.003165,0.002866,0.004477,8.814761,32.510605,0.00035019
4135059456,1718537.8,0.000199,2.679405,0.001808,-0.240234,0.0,0.6256,-0.5249,0.003249,0.00288,0.004042,7.262449,32.049107,0.00033057
4135845888,1711602.9,0.005751,3.043853,0.001703,-0.237305,0.0,0.6259,-0.5297,0.002244,0.002972,0.004452,8.034596,34.432869,0.00031426
4136632320,1704827.8,0.004884,3.474816,0.001719,-0.237305,0.0,0.6278,-0.5322,0.003452,0.003424,0.005074,7.392948,34.514263,0.00029523
4137418752,1697990.8,0.004395,3.186706,0.001638,-0.225586,0.0,0.6292,-0.5368,0.001619,0.002223,0.003237,8.186292,34.49601,0.00031996
4138205184,1683466.7,0.003838,2.67521,0.001616,-0.214844,0.0,0.6308,-0.5266,0.002276,0.002861,0.003745,6.766086,33.921368,0.00031475
4138991616,1677061.8,0.004374,2.135096,0.001684,-0.196289,0.0,0.6327,-0.5082,0.003727,0.003582,0.00499,7.007983,33.550743,0.00032538
4139778048,1670658.9,0.003657,2.603492,0.00162,-0.213867,0.0,0.6347,-0.4977,0.002645,0.002893,0.00432,5.797224,32.861275,0.00031805
4140564480,1655324.6,0.000686,2.509593,0.001607,-0.203125,0.0,0.6365,-0.4835,0.00267,0.002882,0.004963,6.985511,34.43763,0.00033865
4141350912,1648971.7,0.003107,2.521873,0.001563,-0.207031,0.0,0.6384,-0.4745,0.002219,0.003034,0.005026,7.085773,34.025055,0.00029174
4142137344,1642683.9,0.001264,2.602336,0.001512,-0.211914,0.0,0.64,-0.4646,0.003276,0.003393,0.004564,6.221371,33.849682,0.00032123
4142923776,1636418.5,0.00052,2.095096,0.001501,-0.200195,0.0,0.6412,-0.454,0.00244,0.003104,0.00414,7.154123,33.137081,0.00031236
4143710208,1621908.9,0.001385,1.606354,0.001505,-0.194336,0.0,0.6419,-0.4482,0.00277,0.003023,0.004597,6.041005,31.591618,0.00031397
4144496640,1615825.8,0.003235,1.812223,0.001479,-0.189453,0.0,0.6417,-0.4418,0.002923,0.00282,0.004485,5.946902,34.5499,0.00031028
4145283072,1609787.3,0.000167,2.016674,0.001564,-0.202148,0.0,0.6406,-0.4419,0.003239,0.003977,0.005618,6.919759,34.411697,0.00030274
4146069504,1595054.4,0.005669,1.98579,0.001533,-0.196289,0.0,0.6398,-0.4447,0.002536,0.003281,0.005133,7.591677,34.106255,0.00032395
4146855936,1589277.4,-0.002822,2.510812,0.001535,-0.222656,0.0,0.6397,-0.4596,0.00278,0.003005,0.005036,7.307484,33.679955,0.00030875
4147642368,1583486.1,-0.00083,1.994476,0.001557,-0.212891,0.0,0.6395,-0.4723,0.002294,0.002805,0.003851,6.465406,33.003807,0.00032879
4148428800,1577788.2,0.003047,2.746206,0.001492,-0.224609,0.0,0.6391,-0.4848,0.002769,0.002932,0.004646,7.83732,35.035301,0.0003381
4149215232,1563298.6,-0.005995,2.704859,0.00157,-0.224609,0.0,0.6383,-0.496,0.003635,0.003634,0.005235,7.892214,35.54686,0.0003089
4150001664,1557645.5,0.000706,3.329467,0.001567,-0.239258,0.0,0.6374,-0.5064,0.003583,0.0039,0.005584,9.231319,35.418034,0.00032325
4150788096,1552030.7,0.003517,2.965041,0.001568,-0.230469,0.0,0.636,-0.5174,0.003362,0.003483,0.004815,8.099018,35.257561,0.00032356
4151574528,1537764.2,-0.002849,2.356627,0.001622,-0.210938,0.0,0.6342,-0.5258,0.002986,0.002933,0.004747,7.56898,33.72168,0.00030898
4152360960,1532370.7,-0.002144,2.466155,0.001703,-0.213867,0.0,0.6335,-0.528,0.003404,0.002682,0.004933,6.559353,36.905903,0.00038055
4153147392,1526990.6,-0.000435,3.305596,0.001666,-0.230469,0.0,0.6331,-0.5273,0.003048,0.003576,0.005192,8.438032,35.921276,0.00033185
4153933824,1521645.6,0.002791,3.152808,0.001742,-0.227539,0.0,0.6322,-0.534,0.003555,0.003324,0.0057,8.533298,35.865246,0.00035584
4154720256,1509145.7,0.00254,2.480437,0.001841,-0.220703,0.0,0.6314,-0.5308,0.002972,0.00303,0.004346,8.017046,34.28743,0.00030812
4155506688,1503823.6,0.000587,2.183569,0.001765,-0.212891,0.0,0.6299,-0.5346,0.003926,0.003269,0.004758,7.220786,34.718452,0.00031311
4156293120,1498695.4,0.002407,2.366856,0.0018,-0.202148,0.0,0.6281,-0.5392,0.003744,0.003434,0.004826,7.158686,33.690647,0.00033989
4157079552,1493444.0,-0.000353,2.045041,0.001745,-0.206055,0.0,0.6274,-0.5464,0.00287,0.002691,0.004489,6.5245,35.617535,0.00034567
4157865984,1480808.1,-0.000188,1.837196,0.001898,-0.18457,0.0,0.6264,-0.5422,0.005686,0.004232,0.007068,6.802336,35.222961,0.00028687
4158652416,1475882.2,0.001823,2.162979,0.001999,-0.203125,0.0,0.6249,-0.5442,0.003198,0.003263,0.005559,7.724429,35.481308,0.00032029
4159438848,1471009.0,-0.002466,1.887733,0.001787,-0.208008,0.0,0.623,-0.5484,0.003264,0.003264,0.005011,8.174785,34.826706,0.00035044
4160225280,1459291.1,-0.000366,2.090843,0.001843,-0.202148,0.0,0.6213,-0.5489,0.003351,0.002613,0.004755,6.903481,34.529694,0.00034274
4161011712,1454424.5,0.001375,1.52619,0.00179,-0.191406,0.0,0.6206,-0.5388,0.003914,0.003291,0.005712,6.686838,36.449005,0.00031686
4161798144,1449512.5,0.000206,2.56537,0.00176,-0.202148,0.0,0.62,-0.5304,0.002911,0.00304,0.005201,7.042995,35.900429,0.00033319
4162584576,1444683.4,-0.004167,2.186516,0.001772,-0.194336,0.0,0.6202,-0.5161,0.003533,0.002906,0.004063,6.775101,36.182861,0.0003477
4163371008,1433041.7,0.002106,2.363625,0.001813,-0.185547,0.0,0.6206,-0.5041,0.002875,0.003154,0.004909,7.743822,35.892792,0.00030762
4164157440,1428350.4,0.00324,2.639988,0.001887,-0.213867,0.0,0.6199,-0.5035,0.002512,0.002558,0.003622,6.911769,35.920395,0.00032905
4164943872,1423720.6,0.006363,2.237576,0.001755,-0.202148,0.0,0.619,-0.4955,0.002425,0.002787,0.004439,6.078218,34.862865,0.00035243
4165730304,1413164.7,0.004543,1.83363,0.00176,-0.189453,0.0,0.6183,-0.4875,0.003428,0.002574,0.004094,6.953856,36.450603,0.00032898
4166516736,1408633.0,-0.001525,2.128418,0.001693,-0.212891,0.0,0.6161,-0.4925,0.002985,0.002946,0.004574,7.603498,36.475662,0.00029113
4167303168,1404193.5,-0.003745,1.833276,0.001773,-0.196289,0.0,0.6144,-0.4944,0.002851,0.003156,0.00428,6.707332,36.056145,0.00030597
4168089600,1399801.9,0.006005,1.94784,0.001687,-0.196289,0.0,0.6122,-0.4884,0.002445,0.002662,0.003888,7.468248,35.57354,0.00031518
4168876032,1388494.4,0.001699,1.833083,0.001653,-0.196289,0.0,0.6106,-0.4889,0.003334,0.002986,0.004933,6.292775,34.242805,0.00031126
4169662464,1384045.7,0.011792,1.850201,0.001641,-0.191406,0.0,0.6095,-0.4833,0.003251,0.003309,0.005274,7.17012,36.185669,0.00029659
4170448896,1379567.6,-0.005986,1.698522,0.001713,-0.196289,0.0,0.6077,-0.4854,0.002626,0.003324,0.004996,6.931572,36.240067,0.00029092
4171235328,1369171.9,0.001816,1.81296,0.001721,-0.188477,0.0,0.6057,-0.486,0.00271,0.002487,0.00415,6.954988,35.869919,0.00030233
4172021760,1364901.5,-0.003967,1.980236,0.001747,-0.198242,0.0,0.6034,-0.4907,0.003706,0.003059,0.004083,7.0904,35.72261,0.00030478
4172808192,1360726.8,0.00601,2.03767,0.00166,-0.204102,0.0,0.6017,-0.4987,0.002619,0.002974,0.004327,7.228029,34.870663,0.00032251
4173594624,1356592.5,-0.002769,1.515799,0.001657,-0.200195,0.0,0.6,-0.4974,0.003803,0.003236,0.004793,7.150468,36.641117,0.00032194
4174381056,1346640.6,-0.004799,2.02941,0.001642,-0.205078,0.0,0.5991,-0.4957,0.003164,0.002839,0.00507,7.683021,36.753819,0.00033042
4175167488,1342519.8,0.002762,2.448329,0.001538,-0.207031,0.0,0.5978,-0.4922,0.002825,0.003479,0.00481,7.3652,36.946259,0.00033119
4175953920,1338454.3,-0.001093,2.239537,0.001577,-0.208008,0.0,0.5959,-0.4932,0.002949,0.002937,0.004206,7.507477,36.77681,0.00034935
4176740352,1328607.5,0.001333,1.865621,0.001598,-0.195312,0.0,0.5945,-0.485,0.005325,0.003306,0.004949,6.372988,35.730267,0.00029021
4177526784,1324556.3,2e-06,1.509051,0.001663,-0.186523,0.0,0.5926,-0.4722,0.002882,0.003074,0.004451,6.381352,37.979156,0.00035603
4178313216,1320609.6,0.004851,1.843907,0.001713,-0.198242,0.0,0.592,-0.4594,0.003695,0.003611,0.004587,6.752591,37.107616,0.00035313
4179099648,1316576.8,-0.003125,1.721244,0.001712,-0.196289,0.0,0.5912,-0.4472,0.004747,0.003142,0.00415,7.687799,37.010151,0.00036645
4179886080,1306980.3,0.002091,2.714798,0.001663,-0.21582,0.0,0.5906,-0.4471,0.003481,0.003389,0.004878,8.414901,36.365479,0.00029517
4180672512,1303114.1,-0.004081,2.228419,0.001593,-0.209961,0.0,0.5893,-0.4491,0.003369,0.003163,0.004723,7.581849,36.583599,0.0002953
4181458944,1299272.6,0.001833,2.127102,0.001552,-0.203125,0.0,0.5885,-0.4452,0.003561,0.003105,0.004959,6.914133,35.857674,0.00029628
4182245376,1295452.6,-0.003157,2.053818,0.001541,-0.201172,0.0,0.5883,-0.4406,0.004083,0.003145,0.004133,7.569974,37.77832,0.00028252
4183031808,1286999.1,0.003219,2.187857,0.001811,-0.200195,0.0,0.5883,-0.4354,0.004205,0.003346,0.006075,7.480691,37.459358,0.00032504
4183818240,1283331.6,0.006539,2.465483,0.001862,-0.213867,0.0,0.5891,-0.434,0.003806,0.003099,0.004088,7.873744,37.180927,0.00030625
4184604672,1279677.0,-0.001358,2.412632,0.001796,-0.21582,0.0,0.5897,-0.4419,0.003326,0.003044,0.004286,7.492752,36.605576,0.00033856
4185391104,1271569.7,-0.001296,2.790876,0.001806,-0.214844,0.0,0.5901,-0.4487,0.002812,0.003012,0.003651,6.537975,36.91861,0.00031772
4186177536,1267904.1,0.002654,2.458789,0.001631,-0.210938,0.0,0.5901,-0.45,0.002699,0.003234,0.005033,7.601263,38.381836,0.00035898
4186963968,1264330.6,0.004846,2.261122,0.001569,-0.19043,0.0,0.5909,-0.445,0.002789,0.003538,0.004354,7.31572,38.428089,0.00035812
4187750400,1260731.7,0.003536,2.341858,0.001568,-0.199219,0.0,0.5919,-0.4385,0.003042,0.003167,0.00482,7.67294,38.258003,0.00031803
4188536832,1252364.5,0.003768,2.380235,0.001831,-0.196289,0.0,0.5913,-0.444,0.002701,0.002944,0.004592,7.248538,37.890675,0.00030702
4189323264,1248804.1,0.004135,2.301058,0.001677,-0.208008,0.0,0.5894,-0.4526,0.003588,0.003127,0.004101,7.255666,37.912853,0.0003545
4190109696,1245233.4,0.00566,1.777274,0.001854,-0.194336,0.0,0.5873,-0.4549,0.00348,0.002981,0.004103,6.862345,37.090057,0.00033577
4190896128,1236395.2,0.002118,1.472389,0.00175,-0.166992,0.0,0.586,-0.4523,0.004395,0.003218,0.004571,6.898776,39.666214,0.00032469
4191682560,1232959.2,0.004735,1.801335,0.001752,-0.173828,0.0,0.5841,-0.4507,0.003636,0.003392,0.004936,6.895622,39.529366,0.00028544
4192468992,1229542.9,0.005807,1.218404,0.001835,-0.168945,0.0,0.583,-0.4421,0.004423,0.00366,0.005294,6.821788,38.772839,0.00029605
4193255424,1226156.0,-0.000666,1.383921,0.001805,-0.168945,0.0,0.582,-0.4401,0.003917,0.00287,0.004784,6.255296,38.432373,0.00028907
4194041856,1218089.2,0.005164,1.916034,0.001858,-0.186523,0.0,0.5819,-0.4386,0.00391,0.00328,0.004599,6.508028,37.067581,0.00036023
4194828288,1214670.5,0.00508,2.119288,0.001864,-0.175781,0.0,0.5819,-0.4399,0.003008,0.003679,0.005766,6.642155,38.64537,0.00030231
4195614720,1211322.3,0.003761,2.101889,0.00184,-0.176758,0.0,0.5815,-0.4402,0.002872,0.003034,0.004376,6.370427,38.991566,0.00034949
4196401152,1203266.4,0.001745,1.764161,0.00187,-0.177734,0.0,0.5812,-0.4348,0.003119,0.002718,0.004574,7.002457,38.780521,0.00030882
4197187584,1200062.4,0.001893,1.828594,0.001879,-0.177734,0.0,0.5802,-0.4383,0.003315,0.00352,0.005472,7.245096,38.427765,0.00033284
4197974016,1196889.1,-0.006893,1.330167,0.001866,-0.1875,0.0,0.5802,-0.4423,0.002807,0.002997,0.005216,7.115963,37.986202,0.00032323
4198760448,1193739.5,-0.003617,2.008917,0.001685,-0.206055,0.0,0.581,-0.4486,0.00271,0.00255,0.004501,6.415002,36.730942,0.00028467
4199546880,1186522.5,-0.001685,1.738802,0.001836,-0.192383,0.0,0.5817,-0.45,0.002773,0.00316,0.005435,7.297209,39.77549,0.0003271
4200333312,1183390.5,0.000821,1.521319,0.001803,-0.1875,0.0,0.5833,-0.4412,0.004114,0.003477,0.004966,7.24872,39.54784,0.0003123
4201119744,1180269.6,0.011024,1.61745,0.001692,-0.1875,0.0,0.584,-0.4372,0.002832,0.003415,0.004765,7.189933,38.49715,0.00032548
4201906176,1173236.7,-0.002473,1.60477,0.001715,-0.189453,0.0,0.5845,-0.4375,0.002254,0.003097,0.003884,7.497612,37.905693,0.00030923
4202692608,1170128.2,-0.000608,1.930225,0.001629,-0.197266,0.0,0.585,-0.4349,0.002738,0.002981,0.00488,6.378881,36.113792,0.0003592
4203479040,1167112.1,-0.000383,1.733351,0.001676,-0.186523,0.0,0.5856,-0.4296,0.002653,0.003143,0.00432,6.941032,39.096615,0.00035455
4204265472,1164090.0,0.003795,1.654914,0.00168,-0.174805,0.0,0.5871,-0.4181,0.002959,0.003437,0.004772,6.724199,39.207237,0.00029836
4205051904,1157290.8,-0.001931,2.313783,0.001731,-0.186523,0.0,0.589,-0.418,0.002103,0.002862,0.005275,7.648851,39.468712,0.00029443
4205838336,1154264.1,0.001659,2.130998,0.001669,-0.194336,0.0,0.5921,-0.4234,0.002419,0.002692,0.004323,7.510009,38.864594,0.00032403
4206624768,1151267.4,0.001951,2.199792,0.001684,-0.200195,0.0,0.5944,-0.4274,0.002371,0.002858,0.003838,7.446591,38.49942,0.00029097
4207411200,1148279.3,0.007015,2.414097,0.001634,-0.199219,0.0,0.5954,-0.43,0.002215,0.003156,0.005073,7.223785,40.324188,0.00033816
4208197632,1140776.8,-0.000526,3.031924,0.001688,-0.222656,0.0,0.5963,-0.4327,0.003282,0.003344,0.005591,8.190248,39.960094,0.00032197
4208984064,1137951.2,-0.005946,2.015025,0.001633,-0.200195,0.0,0.5956,-0.4319,0.002452,0.002784,0.004024,7.773761,39.597923,0.00035348
4209770496,1135140.4,0.003421,1.938494,0.001644,-0.201172,0.0,0.5941,-0.4338,0.002652,0.002984,0.005309,7.876305,38.557861,0.00034436
4210556928,1128021.2,0.002651,2.4346,0.001653,-0.217773,0.0,0.593,-0.4392,0.003013,0.002938,0.005228,8.061254,37.521194,0.0003199
4211343360,1125171.8,0.001205,2.381207,0.001652,-0.225586,0.0,0.5932,-0.4444,0.00337,0.003036,0.005358,7.933695,39.752163,0.00032176
4212129792,1122340.5,-0.004219,2.806619,0.001649,-0.230469,0.0,0.5932,-0.4387,0.002992,0.002946,0.004273,8.746932,38.948547,0.00032072
4212916224,1119529.1,0.002752,2.511232,0.001704,-0.225586,0.0,0.594,-0.4347,0.003919,0.00352,0.005662,8.678283,38.781769,0.00035588
4213702656,1112794.2,-0.001831,2.383368,0.001772,-0.222656,0.0,0.5943,-0.4341,0.003917,0.003664,0.005414,8.246045,38.130432,0.00034547
4214489088,1110014.0,0.002327,1.62521,0.001696,-0.206055,0.0,0.5938,-0.436,0.003485,0.003687,0.005137,8.316045,38.614803,0.0003342
4215275520,1107300.5,0.007904,2.089996,0.001656,-0.211914,0.0,0.5943,-0.4417,0.002976,0.00337,0.004595,8.534389,38.478088,0.00033693
4216061952,1100453.7,0.005777,2.186229,0.001628,-0.212891,0.0,0.5947,-0.449,0.005476,0.003105,0.003955,7.548463,39.93882,0.00031914
4216848384,1097755.8,0.005288,2.498542,0.001701,-0.195312,0.0,0.5973,-0.4411,0.003257,0.002698,0.004493,7.341612,40.002869,0.00037267
4217634816,1095071.7,0.002728,2.423762,0.001807,-0.1875,0.0,0.5999,-0.4295,0.004179,0.003048,0.003778,7.614444,40.08992,0.0003506
4218421248,1092379.3,0.001044,2.079467,0.001896,-0.1875,0.0,0.601,-0.4294,0.003472,0.0033,0.004414,8.640218,39.775745,0.00033616
4219207680,1086125.7,-0.000898,2.316492,0.001947,-0.200195,0.0,0.6001,-0.44,0.003379,0.002977,0.004467,7.618616,38.59623,0.00037084
4219994112,1083488.5,-0.002544,2.316516,0.001977,-0.197266,0.0,0.5989,-0.4454,0.00326,0.002776,0.00411,7.596674,40.303921,0.00039103
4220780544,1080900.7,0.005146,2.460534,0.002004,-0.191406,0.0,0.5972,-0.4574,0.003428,0.003308,0.005456,7.38022,40.487106,0.00033529
4221566976,1074362.6,0.000923,2.055788,0.001969,-0.183594,0.0,0.5954,-0.466,0.003549,0.002736,0.004951,6.684579,40.463268,0.00033006
4222353408,1071871.4,0.002838,2.009729,0.001815,-0.178711,0.0,0.5935,-0.4656,0.002405,0.002357,0.004366,7.437934,40.22419,0.00036677
4223139840,1069382.6,-0.002667,1.375444,0.001845,-0.171875,0.0,0.5916,-0.4664,0.002783,0.002549,0.00471,6.53902,39.252541,0.00034192
4223926272,1066921.7,0.008025,1.743476,0.001818,-0.177734,0.0,0.5902,-0.4662,0.003178,0.00306,0.004191,6.92593,38.930569,0.00033119
4224712704,1061172.8,-0.003791,1.295211,0.001833,-0.167969,0.0,0.5896,-0.4631,0.003561,0.003482,0.004647,6.701047,39.922436,0.00031214
4225499136,1058675.0,0.000435,2.055495,0.001883,-0.188477,0.0,0.5889,-0.4573,0.003406,0.00354,0.00492,7.778998,39.425705,0.0003473
4226285568,1056260.2,0.001417,2.539101,0.001857,-0.201172,0.0,0.5868,-0.4656,0.002854,0.002551,0.004208,7.48432,39.680862,0.00037001
4227072000,1050539.0,0.002507,1.497867,0.001887,-0.169922,0.0,0.5851,-0.4603,0.002696,0.002731,0.003725,6.728238,39.785786,0.00030539
4227858432,1048071.7,-0.004874,2.068883,0.001836,-0.174805,0.0,0.5831,-0.4727,0.002232,0.002462,0.003737,6.517982,40.106869,0.00036671
4228644864,1045654.3,0.000995,2.170128,0.001773,-0.180664,0.0,0.5825,-0.4782,0.003009,0.002458,0.00391,7.161432,40.793732,0.00033123
4229431296,1043178.5,0.000823,2.226572,0.001811,-0.182617,0.0,0.5826,-0.4796,0.002245,0.002866,0.004471,8.024884,41.309433,0.00033161
4230217728,1037080.1,0.007574,2.534545,0.001782,-0.185547,0.0,0.5821,-0.4843,0.002933,0.002532,0.004158,8.336728,41.082016,0.00032631
4231004160,1034720.2,-0.003845,1.924533,0.001762,-0.181641,0.0,0.5793,-0.4941,0.004323,0.003223,0.005082,7.512196,41.096146,0.00033594
4231790592,1032356.0,0.001018,1.485514,0.00179,-0.173828,0.0,0.5777,-0.4968,0.003886,0.003045,0.004492,6.81889,40.348755,0.00031939
4232577024,1030034.3,0.004683,1.573849,0.001738,-0.161133,0.0,0.5757,-0.4979,0.003244,0.002692,0.00381,6.607728,41.432266,0.00035866
4233363456,1023910.9,0.00327,1.894068,0.001793,-0.174805,0.0,0.5752,-0.4972,0.002424,0.002995,0.004997,7.226331,41.815655,0.0003147
4234149888,1021578.4,0.00775,1.49507,0.001714,-0.172852,0.0,0.5735,-0.4906,0.003035,0.003229,0.005085,7.634801,41.377151,0.00035094
4234936320,1019281.1,0.009499,1.815877,0.001745,-0.182617,0.0,0.5723,-0.4843,0.002345,0.003084,0.004319,7.275939,41.040775,0.0003156
4235722752,1014024.7,0.004038,1.130493,0.001741,-0.168945,0.0,0.5712,-0.476,0.003671,0.002544,0.004604,7.036715,39.593166,0.00032742
4236509184,1011804.8,0.008499,0.854762,0.001724,-0.163086,0.0,0.5705,-0.4597,0.003281,0.002719,0.004862,6.634263,41.769634,0.00032598
4237295616,1009592.9,0.001574,1.530477,0.001674,-0.177734,0.0,0.5711,-0.4602,0.002839,0.00287,0.004116,6.796977,42.002121,0.00035222
4238082048,1007374.7,0.006014,1.908719,0.001626,-0.180664,0.0,0.572,-0.4545,0.003116,0.003034,0.005152,7.622155,41.936989,0.00033744
4238868480,1001907.0,-0.001229,1.491263,0.001768,-0.165039,0.0,0.5726,-0.4476,0.00302,0.002925,0.005298,6.63274,41.504753,0.00034241
4239654912,999733.4,0.006907,1.231659,0.001788,-0.150391,0.0,0.5724,-0.4313,0.002239,0.002955,0.0048,6.842614,41.779247,0.00036473
4240441344,997559.1,0.0012,1.370537,0.001751,-0.168945,0.0,0.5714,-0.4222,0.002773,0.003404,0.005383,6.364284,40.908287,0.00035172
4241227776,992410.6,0.00031,1.098069,0.00177,-0.161133,0.0,0.5706,-0.4121,0.003146,0.003217,0.005029,6.494364,41.805584,0.00030683
4242014208,990265.8,0.004032,1.437872,0.001706,-0.168945,0.0,0.5691,-0.4011,0.002723,0.002605,0.003978,5.780929,42.112282,0.00036149
4242800640,988136.8,0.000693,1.916979,0.001757,-0.173828,0.0,0.5683,-0.394,0.003159,0.002767,0.004336,7.721653,41.19725,0.00035445
4243587072,985972.9,0.000322,1.433512,0.001726,-0.173828,0.0,0.5667,-0.3901,0.002573,0.002592,0.004445,7.201968,40.757149,0.00035464
4244373504,980739.9,0.008039,2.565988,0.001713,-0.188477,0.0,0.5654,-0.3951,0.002377,0.002779,0.004298,7.385084,40.275555,0.00034762
4245159936,978678.0,1.6e-05,2.025335,0.001759,-0.195312,0.0,0.5644,-0.4035,0.003512,0.002781,0.004383,7.649963,42.103294,0.00037769
4245946368,976597.3,-0.000994,2.257951,0.001909,-0.194336,0.0,0.5636,-0.407,0.003241,0.003323,0.004212,7.298539,41.807594,0.00035239
4246732800,971639.1,-0.004067,1.746982,0.001903,-0.166992,0.0,0.5639,-0.405,0.00397,0.002921,0.003815,7.076478,41.87141,0.00036132
4247519232,969634.7,-0.001405,1.519494,0.001734,-0.166016,0.0,0.5658,-0.3915,0.002782,0.003342,0.004798,7.052788,41.696777,0.00031995
4248305664,967632.5,-0.003461,1.261207,0.001611,-0.167969,0.0,0.5676,-0.3769,0.002716,0.002991,0.00425,6.742203,41.420162,0.00038032
4249092096,965656.5,0.005945,1.264964,0.001607,-0.166016,0.0,0.5701,-0.3645,0.002318,0.002477,0.003557,7.164853,39.822216,0.00037387
4249878528,960875.7,0.003148,1.411139,0.0017,-0.167969,0.0,0.5712,-0.3573,0.002241,0.003127,0.004322,7.137094,42.248959,0.00034844
4250664960,958801.9,-0.000458,1.615398,0.001648,-0.172852,0.0,0.5726,-0.35,0.002376,0.002768,0.003886,6.956971,42.399242,0.00033724
4251451392,956802.3,0.005575,1.429185,0.001799,-0.167969,0.0,0.5739,-0.3486,0.002864,0.003167,0.003984,7.172272,41.604088,0.00036487
4252237824,952158.8,0.001018,1.564893,0.001729,-0.181641,0.0,0.5746,-0.3521,0.00236,0.002922,0.004114,7.860323,41.088894,0.00037897
4253024256,950238.0,0.001984,1.49269,0.001612,-0.189453,0.0,0.5746,-0.3589,0.003129,0.00316,0.004801,7.925646,39.185299,0.00034341
4253810688,948329.4,0.00418,1.996446,0.001625,-0.206055,0.0,0.5746,-0.3632,0.00256,0.003186,0.003887,8.09611,41.859657,0.00037204
4254597120,946427.2,0.003931,2.223927,0.001567,-0.209961,0.0,0.5748,-0.365,0.002851,0.003526,0.004471,8.903888,41.638855,0.00036131
4255383552,941816.4,0.00158,2.253532,0.00169,-0.18457,0.0,0.5751,-0.3704,0.001701,0.002323,0.003345,8.152785,41.552601,0.00041529
4256169984,939922.2,0.001016,1.646123,0.001632,-0.179688,0.0,0.575,-0.3613,0.002632,0.002728,0.004102,7.203858,41.376022,0.00044331
4256956416,938045.3,0.001357,1.973259,0.001583,-0.186523,0.0,0.5742,-0.3603,0.002728,0.003288,0.004064,6.941847,40.717209,0.00032471
4257742848,936149.9,0.009123,1.885592,0.001661,-0.197266,0.0,0.5735,-0.3561,0.002728,0.003058,0.004187,7.657271,39.092369,0.00038729
4258529280,931633.5,0.004102,2.046503,0.001739,-0.1875,0.0,0.5739,-0.3561,0.004007,0.003168,0.005221,7.785711,42.08662,0.00039108
4259315712,929776.8,0.000206,1.58737,0.001688,-0.171875,0.0,0.5745,-0.3533,0.004277,0.002886,0.005266,7.513055,41.088848,0.0003873
4260102144,927912.3,-0.001896,1.690485,0.001781,-0.18457,0.0,0.5744,-0.3568,0.00334,0.002559,0.003924,7.033415,40.943325,0.00038097
4260888576,923457.3,0.001404,1.866061,0.001797,-0.206055,0.0,0.5742,-0.3627,0.002666,0.003435,0.004914,9.078018,39.418015,0.00035235
4261675008,921602.9,0.001102,1.787336,0.00182,-0.205078,0.0,0.5738,-0.3676,0.004241,0.003952,0.005401,8.523454,37.061859,0.00043531
4262461440,919621.5,-0.000671,2.806054,0.00167,-0.214844,0.0,0.5737,-0.3751,0.002934,0.00313,0.004939,8.491776,40.827087,0.00049393
4263247872,917774.5,-0.001592,2.832866,0.001666,-0.229492,0.0,0.5733,-0.3912,0.001963,0.002326,0.003697,8.322854,41.323463,0.00042819
4264034304,913639.8,0.002938,1.770324,0.001654,-0.180664,0.0,0.5723,-0.3981,0.002736,0.002957,0.004964,8.088709,40.714165,0.00040678
4264820736,911883.2,0.001725,1.186329,0.001664,-0.164062,0.0,0.5704,-0.4026,0.002823,0.003038,0.004317,7.371004,41.287926,0.00044263
4265607168,910136.3,-0.000714,1.720668,0.001743,-0.174805,0.0,0.5682,-0.4075,0.002738,0.002524,0.003504,7.339653,40.925026,0.00040445
4266393600,905643.5,0.001775,1.772593,0.001739,-0.177734,0.0,0.5669,-0.4082,0.002623,0.002849,0.003905,7.132105,43.043652,0.00036425
4267180032,903911.2,0.001118,1.976886,0.00176,-0.177734,0.0,0.5666,-0.4125,0.00362,0.00379,0.005207,7.157366,42.855999,0.00038176
4267966464,902153.1,-0.000243,1.46158,0.001803,-0.18457,0.0,0.5673,-0.4188,0.003012,0.003185,0.004604,6.255301,41.998055,0.00038794
4268752896,900441.1,0.002497,1.54602,0.001695,-0.176758,0.0,0.5684,-0.4181,0.002719,0.002565,0.003888,7.959331,41.358265,0.00037372
4269539328,896200.0,-0.004415,1.42165,0.001585,-0.175781,0.0,0.5703,-0.4184,0.002892,0.003178,0.005165,7.084787,39.826855,0.00034737
4270325760,894465.0,0.008185,1.415718,0.001466,-0.180664,0.0,0.5717,-0.4194,0.003068,0.00355,0.005099,6.648284,42.588127,0.0003637
4271112192,892761.6,-0.003376,1.85406,0.00146,-0.186523,0.0,0.5734,-0.4134,0.00259,0.00308,0.004866,7.550143,42.314514,0.00039206
4271898624,888686.6,-0.005866,1.570995,0.001563,-0.189453,0.0,0.5752,-0.408,0.003221,0.002701,0.005779,8.637338,41.570553,0.00036032
4272685056,886979.8,0.003337,1.636468,0.001645,-0.1875,0.0,0.576,-0.3984,0.00448,0.003325,0.005699,7.722425,41.071262,0.00045229
4273471488,885275.0,-0.005004,1.485492,0.001634,-0.18457,0.0,0.5764,-0.3909,0.004338,0.003208,0.004484,7.946174,40.040459,0.00047711
4274257920,883578.9,-0.002075,1.298597,0.001645,-0.182617,0.0,0.5759,-0.3859,0.005359,0.002914,0.005168,7.878485,39.119316,0.00040344
4275044352,879299.0,-0.003099,1.329512,0.001612,-0.175781,0.0,0.5759,-0.3843,0.003782,0.002786,0.005122,6.790407,41.743801,0.00037199
4275830784,877634.2,0.002096,1.763813,0.001638,-0.178711,0.0,0.5756,-0.3852,0.002887,0.00257,0.003812,7.576894,41.797817,0.00036791
4276617216,875964.8,0.007902,2.137471,0.001671,-0.189453,0.0,0.5749,-0.3962,0.003511,0.003274,0.004798,8.806462,41.421154,0.00040795
4277403648,871970.7,-0.003076,1.865454,0.001732,-0.194336,0.0,0.5745,-0.408,0.002524,0.002578,0.003938,8.322695,41.034897,0.0004395
4278190080,870245.3,0.002937,2.191195,0.00169,-0.207031,0.0,0.5759,-0.4193,0.00264,0.002773,0.004143,8.65327,40.199745,0.00045553
4278976512,868601.8,-0.004006,2.551538,0.001604,-0.209961,0.0,0.5764,-0.4264,0.001632,0.002265,0.003065,8.576292,43.287548,0.00049361
4279762944,866949.3,-0.004652,2.040529,0.001619,-0.209961,0.0,0.5777,-0.434,0.003312,0.003126,0.005605,8.982199,43.299446,0.00047778
4280549376,863132.6,0.005363,3.059742,0.001623,-0.214844,0.0,0.5795,-0.4433,0.00272,0.00315,0.004963,8.57361,42.685982,0.00046481
4281335808,861523.4,-0.001926,2.380837,0.001623,-0.201172,0.0,0.5811,-0.4434,0.003004,0.002585,0.004831,8.747624,42.353848,0.00045514
4282122240,859937.5,0.003323,1.665021,0.001582,-0.198242,0.0,0.5826,-0.4345,0.002733,0.002443,0.004467,7.534034,40.928841,0.00038916
4282908672,858362.9,-0.000877,1.502964,0.001542,-0.195312,0.0,0.5847,-0.4236,0.004171,0.0029,0.004599,7.678256,40.11824,0.00043222
4283695104,854781.1,-0.002329,1.555224,0.001741,-0.19043,0.0,0.5854,-0.4243,0.00339,0.003107,0.005065,7.743489,43.406906,0.00044749
4284481536,853210.4,-0.002562,1.269509,0.001881,-0.182617,0.0,0.587,-0.4214,0.002979,0.003618,0.005832,7.628539,43.415031,0.00048687
4285267968,851644.6,-0.004515,1.612414,0.001752,-0.186523,0.0,0.5888,-0.417,0.003727,0.003831,0.00489,8.055876,42.700542,0.00046378
4286054400,848146.2,-0.000665,2.365598,0.001785,-0.198242,0.0,0.5909,-0.4159,0.003176,0.002911,0.005184,8.813298,41.333858,0.00042776
4286840832,846618.6,0.001358,1.952377,0.001836,-0.188477,0.0,0.5929,-0.4184,0.003448,0.003184,0.005143,7.639893,40.934708,0.00050501
4287627264,845088.9,0.001305,2.524272,0.001614,-0.188477,0.0,0.5944,-0.4195,0.002958,0.002974,0.005082,8.487633,43.522091,0.00055996
4288413696,843539.0,-0.000364,2.214981,0.001675,-0.19043,0.0,0.5958,-0.4241,0.003145,0.003223,0.005195,6.664421,43.739189,0.0004602
4289200128,840015.3,0.003843,2.41134,0.001778,-0.183594,0.0,0.5971,-0.4186,0.003839,0.003373,0.005413,8.589712,42.798882,0.00044021
4289986560,838496.9,0.004255,2.101225,0.001747,-0.18457,0.0,0.5976,-0.4217,0.002625,0.002908,0.004533,7.422068,42.941467,0.00050708
4290772992,836940.2,0.003471,2.323236,0.001858,-0.178711,0.0,0.5975,-0.4119,0.002637,0.003172,0.004439,8.197909,42.972351,0.00048191
4291559424,833290.9,-0.003479,2.844514,0.001757,-0.191406,0.0,0.5978,-0.4122,0.002868,0.002865,0.004742,8.556886,44.651196,0.00049934
4292345856,831814.2,0.005828,2.424381,0.00177,-0.168945,0.0,0.6003,-0.4175,0.003622,0.00336,0.005461,6.980061,44.694576,0.00045787
4293132288,830362.1,-0.0007,2.018937,0.001757,-0.166016,0.0,0.6025,-0.417,0.002677,0.002853,0.004791,7.620482,44.573944,0.00054875
4293918720,828905.1,-0.002042,1.920192,0.001767,-0.168945,0.0,0.6046,-0.4108,0.002613,0.003249,0.004859,7.723714,44.099327,0.00053623
4294705152,825700.2,0.000376,2.682077,0.001766,-0.176758,0.0,0.6059,-0.4169,0.002629,0.002777,0.004288,7.48561,42.846611,0.00051404
4295491584,824261.9,0.008638,2.501969,0.001911,-0.177734,0.0,0.6068,-0.4186,0.002594,0.002763,0.003618,6.583077,44.459625,0.00058785
4296278016,822835.0,-0.000132,1.786363,0.001871,-0.178711,0.0,0.6075,-0.4214,0.003478,0.00298,0.004493,6.840458,44.173317,0.00053834
4297064448,819372.4,0.001737,1.736905,0.00192,-0.169922,0.0,0.608,-0.4192,0.003506,0.003117,0.005095,7.808823,43.679424,0.00042973
4297850880,817893.3,-0.004005,1.63329,0.001878,-0.172852,0.0,0.6065,-0.4322,0.00325,0.003101,0.005081,7.446282,43.56723,0.00053596
4298637312,816464.1,7.8e-05,1.694998,0.001946,-0.179688,0.0,0.6047,-0.445,0.002488,0.002895,0.0048,7.846081,43.606991,0.00047917
4299423744,814982.8,0.001762,1.723487,0.001858,-0.179688,0.0,0.6025,-0.4521,0.003185,0.002845,0.004587,7.852872,43.425991,0.00060212
4300210176,811455.3,0.00178,2.0481,0.001963,-0.179688,0.0,0.6015,-0.4568,0.003017,0.002777,0.004537,7.16894,44.821671,0.00045279
4300996608,810076.3,0.008339,2.224179,0.001791,-0.171875,0.0,0.6004,-0.46,0.002154,0.002739,0.005078,8.105913,44.10659,0.00056993
4301783040,808700.3,-0.00201,1.965595,0.002065,-0.175781,0.0,0.5998,-0.4698,0.002708,0.003115,0.005052,7.042825,44.328247,0.0005115
4302569472,805571.7,0.002894,2.027328,0.001846,-0.178711,0.0,0.5993,-0.4761,0.002517,0.002651,0.004359,7.655302,43.10778,0.0004542
4303355904,804194.8,0.005427,2.628202,0.001911,-0.189453,0.0,0.5995,-0.4903,0.003347,0.003257,0.004112,7.581489,42.433533,0.00053525
4304142336,802762.9,-0.000574,1.958845,0.001858,-0.182617,0.0,0.5994,-0.4897,0.002873,0.002526,0.003687,8.08709,44.264236,0.0005435
4304928768,801417.4,0.001487,1.583371,0.001842,-0.177734,0.0,0.599,-0.4838,0.003732,0.003371,0.004957,7.680638,44.418129,0.00048373
4305715200,797941.1,-0.00349,1.830685,0.001986,-0.18457,0.0,0.5977,-0.4811,0.003125,0.003317,0.004901,8.647653,43.027889,0.00045544
4306501632,796578.0,0.00458,2.652965,0.0019,-0.203125,0.0,0.5955,-0.4876,0.002888,0.002484,0.004395,8.89441,42.645512,0.00050415
4307288064,795224.0,-0.003856,2.23621,0.001837,-0.206055,0.0,0.5941,-0.4883,0.003783,0.003316,0.004622,8.3915,41.663898,0.00048759
4308074496,793908.2,-0.000291,1.893321,0.001794,-0.201172,0.0,0.5923,-0.4841,0.00262,0.003211,0.004096,8.255678,40.774284,0.00054983
4308860928,790645.7,-0.001826,1.666769,0.001787,-0.168945,0.0,0.5921,-0.4797,0.002809,0.00295,0.004977,7.058617,43.354012,0.00054424
4309647360,789353.7,0.004123,1.881688,0.001692,-0.177734,0.0,0.5927,-0.4726,0.002602,0.002937,0.004435,8.048223,43.809303,0.00043839
4310433792,788053.9,-0.00902,1.765967,0.001605,-0.183594,0.0,0.5934,-0.4723,0.00194,0.002866,0.00381,7.138597,43.948975,0.00041275
4311220224,784800.7,-0.001903,1.779278,0.001774,-0.181641,0.0,0.5935,-0.4763,0.002431,0.002513,0.003796,8.517242,43.153698,0.0004143
4312006656,783504.3,0.005209,2.339932,0.001726,-0.189453,0.0,0.5927,-0.488,0.002817,0.003416,0.004325,7.782459,42.172791,0.00041053
4312793088,782215.2,-0.000611,1.567651,0.001707,-0.180664,0.0,0.5917,-0.4915,0.003229,0.003426,0.005312,7.283504,44.522141,0.00050112
4313579520,780927.0,-0.000181,2.081447,0.00162,-0.197266,0.0,0.5898,-0.4959,0.002437,0.003033,0.004956,8.411586,44.420406,0.00042581
4314365952,777738.4,0.003557,2.955406,0.00169,-0.204102,0.0,0.5869,-0.4963,0.00253,0.003254,0.003794,9.173833,43.245026,0.00048908
4315152384,776504.8,0.005696,2.110365,0.001799,-0.19043,0.0,0.5837,-0.4965,0.003311,0.00319,0.004133,7.79924,42.829742,0.00057784
4315938816,775277.0,-0.000113,1.863321,0.001684,-0.186523,0.0,0.5809,-0.4947,0.002678,0.002666,0.003787,7.785252,42.218468,0.00050313
4316725248,772042.4,-0.000981,1.755472,0.001632,-0.180664,0.0,0.5789,-0.5009,0.002267,0.00264,0.004073,7.329628,44.688919,0.00046645
4317511680,770799.7,0.005568,1.948285,0.001575,-0.180664,0.0,0.5779,-0.4924,0.002961,0.002666,0.003875,7.200697,44.677605,0.0004246
4318298112,769554.7,0.004417,2.037437,0.00162,-0.181641,0.0,0.5779,-0.4831,0.003015,0.003729,0.004481,7.638057,44.353542,0.00040428
4319084544,768325.3,0.001386,1.634606,0.001751,-0.180664,0.0,0.5782,-0.4752,0.002852,0.003016,0.004374,7.740384,43.572052,0.00043492
4319870976,765242.3,0.002784,1.729657,0.001611,-0.186523,0.0,0.5761,-0.4682,0.003101,0.003242,0.004352,7.929914,41.639244,0.00037941
4320657408,763968.2,0.003202,1.906972,0.001646,-0.182617,0.0,0.5742,-0.473,0.002586,0.002935,0.004129,7.769266,41.567333,0.00049932
4321443840,762737.1,-0.003346,1.580846,0.001723,-0.180664,0.0,0.5728,-0.4748,0.00316,0.00295,0.004698,7.010176,44.701508,0.00047727
4322230272,759842.4,0.005125,1.988166,0.001731,-0.188477,0.0,0.5712,-0.4803,0.00292,0.003059,0.004694,8.238473,44.703564,0.00041532
4323016704,758622.3,0.004735,2.04488,0.00174,-0.18457,0.0,0.5694,-0.4842,0.003186,0.002863,0.004321,9.057439,43.685299,0.00047438
4323803136,757410.3,-0.004818,2.346372,0.001774,-0.192383,0.0,0.568,-0.4952,0.002393,0.002998,0.004821,7.674397,44.170807,0.00054246
4324589568,756201.3,0.002818,2.172946,0.001664,-0.177734,0.0,0.5658,-0.5037,0.003243,0.002714,0.004633,8.433792,43.491161,0.00053688
4325376000,753388.1,-0.000118,2.189158,0.00171,-0.181641,0.0,0.5647,-0.5092,0.002773,0.002598,0.004129,7.647621,45.32893,0.00050549
4326162432,752184.7,0.003852,1.621902,0.001614,-0.158203,0.0,0.5647,-0.5049,0.002505,0.00365,0.004494,6.966257,45.367611,0.00050959
4326948864,750991.9,-0.003719,1.328763,0.001603,-0.15625,0.0,0.5654,-0.4906,0.002535,0.00216,0.003667,7.131902,45.165649,0.00042178
4327735296,748169.6,0.001349,1.705219,0.001623,-0.161133,0.0,0.5666,-0.482,0.002653,0.002555,0.003908,8.494576,44.212555,0.00042663
4328521728,746963.7,0.002066,2.175215,0.001693,-0.181641,0.0,0.5669,-0.4818,0.002312,0.002741,0.003983,7.89924,43.304455,0.00048146
4329308160,745796.6,-0.003499,2.12273,0.001712,-0.175781,0.0,0.5674,-0.4824,0.002391,0.002862,0.003771,7.339539,45.71867,0.00048599
4330094592,744619.2,-0.002999,2.066106,0.001727,-0.182617,0.0,0.5676,-0.4796,0.002219,0.003058,0.004146,7.547568,45.643169,0.0004314
4330881024,741899.8,0.0037,2.018222,0.001753,-0.175781,0.0,0.5676,-0.4788,0.002447,0.002835,0.004997,8.011561,45.245338,0.00046455
4331667456,740770.4,0.011992,2.254061,0.001869,-0.188477,0.0,0.5669,-0.4768,0.003178,0.003399,0.005343,7.568444,44.821014,0.00048878
4332453888,739639.0,0.004631,1.473238,0.001912,-0.171875,0.0,0.5663,-0.4766,0.002564,0.002472,0.003927,7.378744,44.609314,0.00049487
4333240320,738519.8,-0.00507,1.955108,0.001709,-0.180664,0.0,0.5657,-0.4826,0.00288,0.002598,0.004567,8.412271,43.76582,0.00040939
4334026752,735807.2,0.00093,2.320812,0.001668,-0.182617,0.0,0.5663,-0.486,0.002324,0.002969,0.004583,7.849114,45.637794,0.00048248
4334813184,734704.6,-0.002709,1.530724,0.00162,-0.166992,0.0,0.5664,-0.4757,0.002797,0.00333,0.004569,6.957316,45.600403,0.00060132
4335599616,733608.9,0.003436,1.676521,0.001639,-0.177734,0.0,0.5657,-0.4695,0.002715,0.00312,0.004634,8.086463,45.015179,0.00046914
4336386048,731033.6,-0.004482,1.741257,0.00162,-0.174805,0.0,0.5654,-0.4713,0.002664,0.002568,0.003482,8.256175,44.179558,0.00043872
4337172480,729937.0,-0.000765,1.766059,0.001575,-0.168945,0.0,0.5649,-0.4737,0.002927,0.003237,0.004186,7.486233,43.765606,0.0005363
4337958912,728817.2,-0.00022,1.160911,0.001641,-0.158203,0.0,0.5647,-0.4709,0.002911,0.003058,0.004804,6.572212,46.862209,0.00047936
4338745344,727712.3,-0.005606,1.516663,0.001659,-0.15918,0.0,0.5644,-0.4662,0.002615,0.003148,0.004364,6.590136,46.596504,0.00043607
4339531776,725013.0,-0.00026,1.749062,0.00166,-0.146484,0.0,0.5637,-0.46,0.002556,0.002599,0.004679,6.858046,45.575958,0.00047976
4340318208,723919.4,0.002562,1.444831,0.001781,-0.146484,0.0,0.5633,-0.4539,0.003223,0.002646,0.004779,6.337462,45.502251,0.00048433
4341104640,722824.6,-0.001373,1.352047,0.0017,-0.145508,0.0,0.5628,-0.4494,0.00257,0.002875,0.004319,6.390708,45.441418,0.00044911
4341891072,719973.4,-0.000863,1.670867,0.001699,-0.15918,0.0,0.5628,-0.4464,0.002906,0.002606,0.003772,7.049516,46.184185,0.00043063
4342677504,718907.0,0.000672,1.124235,0.001832,-0.158203,0.0,0.5638,-0.4351,0.0048,0.002994,0.005456,6.711232,46.110577,0.00043741
4343463936,717832.9,-0.003887,1.143342,0.001819,-0.168945,0.0,0.5655,-0.4291,0.004054,0.00351,0.004302,7.303647,46.129616,0.00046288
4344250368,716747.5,-0.001566,1.466039,0.001833,-0.171875,0.0,0.5666,-0.4266,0.004296,0.002863,0.004518,8.046412,45.845703,0.00048639
4345036800,714337.1,0.001319,1.58485,0.001868,-0.166016,0.0,0.5677,-0.4258,0.002576,0.002781,0.004919,7.81954,45.60722,0.00052563
4345823232,713290.8,0.000328,1.965651,0.001917,-0.166992,0.0,0.5681,-0.4329,0.00275,0.00295,0.004323,7.686028,44.737724,0.00054569
4346609664,712262.0,0.001942,1.768694,0.00178,-0.170898,0.0,0.5684,-0.4347,0.00277,0.002731,0.00411,6.85138,47.296814,0.00057012
4347396096,709677.2,-0.001,1.79854,0.001765,-0.172852,0.0,0.5698,-0.4344,0.003175,0.002723,0.004226,7.179959,46.720985,0.00051719
4348182528,708644.0,-0.005426,1.682009,0.001796,-0.166016,0.0,0.5724,-0.4333,0.002656,0.002565,0.004672,7.904308,46.293755,0.00057635
4348968960,707609.8,0.0018,1.547158,0.00175,-0.164062,0.0,0.5746,-0.4313,0.001843,0.002201,0.003686,7.303296,46.166836,0.00058234
4349755392,706584.2,0.00028,1.375754,0.001685,-0.162109,0.0,0.5772,-0.4222,0.002482,0.002369,0.004524,7.60716,45.296906,0.0005869
4350541824,703955.6,0.000678,2.138238,0.001657,-0.180664,0.0,0.578,-0.4182,0.002526,0.002798,0.004714,8.531127,46.532448,0.00051551
4351328256,702934.1,0.002287,2.061161,0.001686,-0.180664,0.0,0.5784,-0.4133,0.002292,0.003297,0.005583,7.812672,46.571465,0.00055705
4352114688,701919.2,0.005418,1.686186,0.001704,-0.173828,0.0,0.5788,-0.4057,0.002846,0.003231,0.005405,7.925062,45.813835,0.00058113
4352901120,699187.7,-0.000983,1.97075,0.001822,-0.175781,0.0,0.5801,-0.4017,0.003253,0.002804,0.004729,7.881544,44.905327,0.00054094
4353687552,698176.3,-0.003516,1.721329,0.001932,-0.172852,0.0,0.581,-0.3983,0.003565,0.003083,0.00526,7.713326,44.265877,0.00052793
4354473984,697166.4,0.005073,1.374761,0.001828,-0.164062,0.0,0.5818,-0.3958,0.00327,0.00346,0.005361,6.413357,46.243004,0.00054731
4355260416,696168.2,0.004328,2.232304,0.001754,-0.189453,0.0,0.5819,-0.4017,0.00249,0.003033,0.00446,7.964376,45.51115,0.00052183
4356046848,693723.3,-0.003643,1.632612,0.001783,-0.162109,0.0,0.5819,-0.3978,0.003119,0.003076,0.004926,7.319975,45.103436,0.00054417
4356833280,692744.8,0.001878,1.391698,0.001741,-0.167969,0.0,0.582,-0.3914,0.003606,0.003222,0.004926,7.349988,45.014244,0.00049847
4357619712,691762.1,-0.00262,1.414732,0.001719,-0.15918,0.0,0.5816,-0.3819,0.002777,0.002947,0.004518,8.214462,45.715347,0.00050118
4358406144,689537.2,-0.000706,1.584363,0.001779,-0.176758,0.0,0.5818,-0.3807,0.002534,0.002701,0.00426,7.509761,45.637093,0.00043197
4359192576,688574.1,-0.00323,2.104162,0.001723,-0.196289,0.0,0.5824,-0.3834,0.002477,0.002887,0.004489,8.419923,47.15123,0.00049289
4359979008,687618.0,-0.003319,1.933638,0.001811,-0.195312,0.0,0.5835,-0.3807,0.002945,0.003016,0.004493,9.365411,47.247147,0.00063513
4360765440,686662.5,0.006018,2.325647,0.00171,-0.201172,0.0,0.5849,-0.3851,0.002907,0.003217,0.004365,8.839538,46.729858,0.00056313
4361551872,684243.6,0.004634,1.818738,0.001957,-0.179688,0.0,0.5857,-0.3763,0.002671,0.002462,0.003869,8.343178,45.777039,0.00052442
4362338304,683284.3,0.000855,1.469672,0.001798,-0.167969,0.0,0.5855,-0.3728,0.002321,0.002442,0.004268,7.317332,45.141731,0.00052601
4363124736,682327.0,-0.001838,1.791896,0.001891,-0.174805,0.0,0.586,-0.3764,0.002523,0.002749,0.003899,8.037276,47.135956,0.00058719
4363911168,681352.5,-0.006136,2.056073,0.001826,-0.176758,0.0,0.5869,-0.3736,0.002724,0.003357,0.004886,8.325542,46.803417,0.0005349
4364697600,679079.8,0.003182,2.057213,0.001904,-0.166016,0.0,0.5872,-0.3689,0.002438,0.003081,0.004573,8.29602,46.196911,0.00051632
4365484032,678134.5,-0.005471,1.632719,0.001798,-0.150391,0.0,0.5863,-0.3675,0.00293,0.002665,0.004977,7.439337,46.471016,0.00056015
4366270464,677202.5,0.002669,1.406629,0.001928,-0.150391,0.0,0.5847,-0.3723,0.002255,0.002481,0.003905,7.543236,46.131954,0.00049863
4367056896,675069.7,0.00255,1.201925,0.001845,-0.137695,0.0,0.5835,-0.3707,0.001529,0.001972,0.003489,6.00792,47.979229,0.00044968
4367843328,674141.8,0.005778,1.623495,0.002371,-0.154297,0.0,0.5838,-0.3637,0.002432,0.003096,0.004261,6.454647,48.578384,0.00044865
4368629760,673218.1,0.00441,1.260153,0.00232,-0.147461,0.0,0.5848,-0.3579,0.002391,0.002959,0.004059,5.764175,48.072243,0.0004701
4369416192,672302.9,-0.001023,1.177923,0.001968,-0.158203,0.0,0.586,-0.3503,0.002736,0.003471,0.005206,7.286558,46.958366,0.00047748
4370202624,669868.0,0.002989,2.113804,0.001775,-0.175781,0.0,0.587,-0.3582,0.003104,0.00309,0.005502,8.192192,45.219109,0.00047965
4370989056,668910.7,0.005075,1.601507,0.001694,-0.168945,0.0,0.5868,-0.3652,0.002326,0.002833,0.003892,7.829803,44.029564,0.00054719
4371775488,667983.7,0.0044,2.394279,0.001708,-0.1875,0.0,0.5864,-0.3737,0.002235,0.002685,0.004118,8.435781,47.351814,0.0005644
4372561920,665703.0,-0.002833,2.649175,0.001683,-0.181641,0.0,0.5863,-0.3812,0.003493,0.002927,0.005061,8.7091,46.704338,0.00048928
4373348352,664799.3,-0.00313,1.797403,0.001752,-0.171875,0.0,0.5848,-0.382,0.002351,0.002826,0.00504,7.513947,46.383888,0.00059015
4374134784,663902.6,0.003278,1.460207,0.00178,-0.160156,0.0,0.5834,-0.3774,0.002659,0.002426,0.003869,7.7946,45.849113,0.0005566
4374921216,663009.0,-0.002049,1.26132,0.001785,-0.15918,0.0,0.5813,-0.3756,0.002967,0.002711,0.005198,7.525151,45.853363,0.00062403
4375707648,660867.5,0.000767,1.666385,0.001844,-0.170898,0.0,0.5805,-0.3749,0.002696,0.002979,0.00422,7.855256,47.632614,0.00046987
4376494080,659976.5,0.006556,2.405319,0.00175,-0.185547,0.0,0.5807,-0.3776,0.002593,0.003203,0.005115,8.235429,47.365898,0.00051079
4377280512,659097.8,0.003392,2.291897,0.001725,-0.193359,0.0,0.5805,-0.3854,0.002088,0.003046,0.005099,8.776664,46.820751,0.00056118
4378066944,656724.7,0.007795,2.023946,0.001792,-0.171875,0.0,0.5797,-0.3873,0.002731,0.003229,0.004651,8.297772,46.044441,0.00058019
4378853376,655847.0,0.001761,1.481776,0.001869,-0.162109,0.0,0.5785,-0.3834,0.002426,0.002821,0.003405,7.383179,46.047894,0.00057074
4379639808,654983.6,-0.001596,1.669232,0.001748,-0.173828,0.0,0.5777,-0.3843,0.002739,0.002603,0.00433,7.061711,44.760941,0.00055544
4380426240,654124.1,-0.000744,1.935277,0.001709,-0.180664,0.0,0.577,-0.3843,0.002323,0.002965,0.003843,8.863763,47.737785,0.00052679
4381212672,651886.7,-0.005791,2.008253,0.001624,-0.182617,0.0,0.5757,-0.3866,0.003387,0.00334,0.005524,8.506132,47.009293,0.00050226
4381999104,651007.9,-0.000319,1.775243,0.001819,-0.164062,0.0,0.574,-0.3889,0.002746,0.002584,0.004369,7.528062,47.420589,0.00054041
4382785536,650116.6,0.004236,1.72559,0.001668,-0.169922,0.0,0.5719,-0.395,0.003447,0.002971,0.004237,7.323333,47.373825,0.00049904
4383571968,647996.3,0.000926,1.544511,0.00176,-0.166992,0.0,0.5694,-0.3948,0.003369,0.002819,0.003966,7.182627,44.725166,0.00047293
4384358400,647113.0,-0.004024,1.123239,0.001663,-0.151367,0.0,0.5679,-0.3955,0.002121,0.003127,0.004784,6.67144,49.672554,0.00051272
4385144832,646231.3,0.002247,1.583027,0.001467,-0.160156,0.0,0.5661,-0.3934,0.002628,0.003052,0.00454,7.414827,49.234375,0.00041861
4385931264,645359.1,-0.003277,1.165499,0.001582,-0.148438,0.0,0.5651,-0.389,0.001714,0.002931,0.004125,7.285718,49.173702,0.0004404
4386717696,643301.4,0.000845,1.463064,0.001737,-0.160156,0.0,0.5637,-0.3836,0.002765,0.00285,0.004216,7.243699,47.805786,0.00041707
4387504128,642459.0,-0.008258,1.142111,0.001661,-0.155273,0.0,0.5626,-0.3775,0.002554,0.001975,0.003163,7.929886,46.87735,0.00052501
4388290560,641618.4,-0.001581,1.083187,0.001834,-0.163086,0.0,0.5619,-0.3727,0.00224,0.002589,0.004329,6.503408,49.414349,0.00047109
4389076992,640790.0,0.003988,1.195822,0.001992,-0.164062,0.0,0.5609,-0.3647,0.003083,0.00259,0.004822,7.281877,48.640923,0.00047207
4389863424,638836.7,0.005152,0.985483,0.001756,-0.169922,0.0,0.5607,-0.3533,0.002637,0.003495,0.005635,8.005049,47.711407,0.00046175
4390649856,638016.1,0.008413,1.304749,0.00177,-0.168945,0.0,0.561,-0.349,0.002569,0.003108,0.004621,7.951362,46.912354,0.00040994
4391436288,637182.7,-0.002692,1.29572,0.001797,-0.171875,0.0,0.5618,-0.3366,0.002953,0.002902,0.004096,8.322373,46.356476,0.00047855
4392222720,634828.5,-0.000756,1.290075,0.00167,-0.161133,0.0,0.5622,-0.3286,0.002829,0.002858,0.00435,6.932755,49.237789,0.00048407
4393009152,634015.1,-0.003426,1.665199,0.001791,-0.168945,0.0,0.5618,-0.3347,0.003701,0.003248,0.004843,7.741462,49.166656,0.00046274
4393795584,633197.6,0.004664,1.790819,0.001788,-0.161133,0.0,0.5621,-0.3371,0.002794,0.003095,0.004658,7.724493,49.414177,0.00051073
4394582016,632397.3,0.003366,1.532706,0.001756,-0.161133,0.0,0.5625,-0.3397,0.002001,0.002877,0.003799,7.265647,49.57782,0.00050692
4395368448,630192.9,0.000552,1.521151,0.001937,-0.155273,0.0,0.5627,-0.3412,0.00266,0.003484,0.004283,8.710995,48.498413,0.00051351
4396154880,629400.8,0.004597,1.857337,0.001861,-0.15625,0.0,0.5626,-0.3484,0.002599,0.002993,0.004912,7.632699,47.727978,0.00048553
4396941312,628596.2,0.001098,1.602434,0.001865,-0.165039,0.0,0.5623,-0.3575,0.002647,0.002955,0.003999,5.740306,49.650024,0.00047771
4397727744,626566.8,0.000433,2.19352,0.001853,-0.168945,0.0,0.5623,-0.3607,0.002256,0.003146,0.004046,7.031796,48.736435,0.00049168
4398514176,625785.8,0.010569,1.501934,0.001832,-0.150391,0.0,0.5626,-0.3473,0.00273,0.003183,0.004648,7.672273,48.533104,0.00051682
4399300608,624982.5,-0.000483,1.103751,0.00198,-0.143555,0.0,0.5639,-0.34,0.002367,0.002594,0.004129,7.249931,47.65377,0.00049556
4400087040,624187.9,-0.00114,1.000518,0.001917,-0.138672,0.0,0.565,-0.3206,0.002477,0.0023,0.004812,6.498709,46.990402,0.00044296
4400873472,622084.2,0.001644,1.454655,0.001932,-0.147461,0.0,0.566,-0.3111,0.003188,0.003374,0.003976,7.017124,49.431023,0.00047006
4401659904,621288.1,0.002456,1.466187,0.001817,-0.154297,0.0,0.5669,-0.3084,0.003108,0.002171,0.003541,6.870687,49.621426,0.00045598
4402446336,620501.4,-0.001147,1.291495,0.001858,-0.158203,0.0,0.5673,-0.3061,0.002498,0.002183,0.003574,6.943225,48.972179,0.00044566
4403232768,618360.4,-0.000427,1.570336,0.001946,-0.164062,0.0,0.5681,-0.3056,0.002837,0.003024,0.0051,9.475124,47.383957,0.00047397
4404019200,617594.1,0.003617,1.707362,0.001802,-0.182617,0.0,0.5668,-0.3054,0.002171,0.00261,0.004168,7.926482,46.704987,0.00052784
4404805632,616822.4,0.007652,2.11809,0.001842,-0.181641,0.0,0.5655,-0.3096,0.002417,0.002985,0.00475,7.13289,45.667564,0.00055897
4405592064,616051.6,-0.001304,1.813677,0.001797,-0.181641,0.0,0.5651,-0.3089,0.002425,0.002501,0.003997,7.395319,48.31356,0.00050509
4406378496,613941.4,0.002082,1.700315,0.001906,-0.175781,0.0,0.5655,-0.3101,0.002392,0.002494,0.004924,8.151892,48.277599,0.00043257
4407164928,613177.6,0.008963,1.607169,0.001821,-0.171875,0.0,0.566,-0.3095,0.002333,0.002771,0.004841,8.840251,48.014366,0.00055747
4407951360,612424.7,-0.000417,1.811568,0.001768,-0.169922,0.0,0.5664,-0.3086,0.002644,0.002648,0.004259,8.383403,47.547771,0.00056569
4408737792,610442.2,0.000443,1.385633,0.001913,-0.161133,0.0,0.567,-0.305,0.002657,0.002335,0.004126,7.304726,47.090996,0.00063544
4409524224,609698.7,0.001707,1.182463,0.00188,-0.155273,0.0,0.5681,-0.299,0.003062,0.003387,0.00503,6.448377,50.19677,0.00056316
4410310656,608937.2,0.003383,1.23291,0.001871,-0.164062,0.0,0.5708,-0.2916,0.00244,0.002747,0.004146,8.668865,48.814495,0.0005086
4411097088,608179.6,-0.000758,1.106917,0.001736,-0.166016,0.0,0.5742,-0.2859,0.003331,0.003385,0.005451,7.908657,48.213409,0.00045995
4411883520,606128.7,0.003305,1.211352,0.001887,-0.166016,0.0,0.5783,-0.2789,0.002886,0.002832,0.004789,7.557017,46.59671,0.00051727
4412669952,605397.3,0.002585,1.178686,0.001844,-0.160156,0.0,0.582,-0.2736,0.002259,0.002587,0.003774,8.158494,46.412422,0.00059415
4413456384,604672.2,0.002026,1.260909,0.001822,-0.165039,0.0,0.5854,-0.2715,0.002682,0.002724,0.005088,7.097235,48.6143,0.00053186
4414242816,603947.3,0.002508,1.755158,0.001831,-0.175781,0.0,0.5869,-0.2754,0.003005,0.002613,0.004586,7.694023,48.74931,0.00059327
4415029248,601958.8,-0.002776,2.102962,0.001976,-0.175781,0.0,0.5897,-0.2803,0.003597,0.003516,0.006028,8.592225,48.155956,0.0005304
4415815680,601230.4,0.000549,1.484076,0.001679,-0.165039,0.0,0.5916,-0.2756,0.00233,0.003042,0.005006,7.62242,48.099274,0.00052413
4416602112,600479.2,0.001747,1.450509,0.001654,-0.166016,0.0,0.5933,-0.2756,0.002854,0.003614,0.004948,7.44144,47.565239,0.00054054
4417388544,598539.0,0.004276,1.413808,0.001668,-0.165039,0.0,0.595,-0.2759,0.002565,0.002498,0.004007,7.083602,50.154938,0.00055835
4418174976,597829.5,0.007855,1.466689,0.001768,-0.164062,0.0,0.5958,-0.2796,0.003194,0.002783,0.004035,7.317985,49.736004,0.00050867
4418961408,597120.5,0.002286,1.388271,0.001797,-0.15918,0.0,0.5964,-0.2804,0.003751,0.002774,0.004274,7.895206,49.048393,0.00046291
4419747840,596414.8,0.004791,1.206427,0.001777,-0.170898,0.0,0.5957,-0.2843,0.002809,0.002944,0.004102,7.82905,48.456768,0.00050596
4420534272,594489.0,0.005163,1.9157,0.001798,-0.182617,0.0,0.5952,-0.2866,0.002152,0.002227,0.003501,9.427352,47.008636,0.00047895
4421320704,593784.1,-0.0047,1.678835,0.00175,-0.182617,0.0,0.5945,-0.2879,0.002695,0.003441,0.004707,9.022613,46.595581,0.00060977
4422107136,593082.4,0.003742,1.708325,0.001709,-0.178711,0.0,0.5937,-0.2925,0.00226,0.002965,0.003832,7.932799,49.255989,0.00070883
4422893568,591323.0,0.00047,2.105454,0.001763,-0.176758,0.0,0.5929,-0.2965,0.003469,0.003299,0.005202,8.575658,48.484039,0.00069079
4423680000,590636.3,0.004881,1.276615,0.001726,-0.169922,0.0,0.5906,-0.3009,0.004058,0.003008,0.004535,7.656799,48.502945,0.000652
4424466432,589951.3,-0.004773,1.206842,0.001719,-0.169922,0.0,0.5885,-0.3031,0.002414,0.002286,0.003951,8.492646,47.671673,0.0005725
4425252864,589270.3,-0.000761,1.235842,0.001811,-0.166016,0.0,0.5866,-0.3024,0.002931,0.002733,0.004429,7.552505,47.955231,0.00056413
4426039296,587467.8,0.004717,1.500746,0.001696,-0.165039,0.0,0.585,-0.3028,0.002446,0.002868,0.004329,7.385713,49.98402,0.00059165
4426825728,586794.5,0.000797,1.239372,0.00163,-0.171875,0.0,0.5834,-0.3039,0.001683,0.002404,0.003607,7.518442,50.121746,0.00061068
4427612160,586109.4,-0.00371,1.041981,0.001732,-0.169922,0.0,0.5821,-0.3079,0.001852,0.002585,0.004789,8.735361,49.086834,0.00051395
4428398592,584064.4,-0.004339,1.161609,0.001704,-0.15918,0.0,0.5815,-0.3101,0.002278,0.002674,0.004406,7.803191,48.679047,0.00061873
4429185024,583383.0,0.006558,1.657241,0.001817,-0.160156,0.0,0.5797,-0.3131,0.002585,0.003023,0.004688,8.317595,48.487366,0.00056541
4429971456,582711.2,0.001723,0.994186,0.00209,-0.145508,0.0,0.5773,-0.3144,0.002342,0.003419,0.005008,7.306556,47.951385,0.00053537
4430757888,582037.1,0.005623,1.485296,0.001896,-0.161133,0.0,0.5761,-0.3182,0.003602,0.002373,0.004434,7.553286,49.991787,0.00049592
4431544320,580251.9,0.008012,2.066542,0.001902,-0.172852,0.0,0.5745,-0.3179,0.00294,0.002304,0.003869,9.123992,49.062054,0.00048444
4432330752,579590.4,0.008042,2.950132,0.001971,-0.199219,0.0,0.5734,-0.323,0.003342,0.002766,0.004849,10.246013,48.099792,0.00055198
4433117184,578930.5,-0.002199,1.818364,0.001909,-0.188477,0.0,0.5719,-0.321,0.003786,0.003627,0.005237,9.24309,47.855282,0.00059561
4433903616,577321.9,0.002791,2.186024,0.001922,-0.194336,0.0,0.5706,-0.327,0.003722,0.002923,0.004774,9.142854,45.753876,0.00068462
4434690048,576673.4,0.004258,1.660302,0.001955,-0.192383,0.0,0.5698,-0.3286,0.002924,0.00274,0.004609,8.09679,49.353775,0.00060349
4435476480,576034.0,-0.003282,1.949452,0.001834,-0.197266,0.0,0.5688,-0.3358,0.002578,0.002809,0.004542,9.051199,49.340157,0.00064065
4436262912,575392.1,-0.006054,1.790747,0.001881,-0.195312,0.0,0.5676,-0.3363,0.002618,0.00295,0.00375,9.412106,48.788391,0.0006362
4437049344,573684.3,0.00647,2.222286,0.001992,-0.193359,0.0,0.5667,-0.3472,0.003243,0.002757,0.004186,9.72048,48.165356,0.00061568
4437835776,573035.4,-0.000476,1.945599,0.001856,-0.186523,0.0,0.5654,-0.3563,0.002524,0.003286,0.004062,9.028439,47.701073,0.00065727
4438622208,572388.0,-0.004834,1.665057,0.001848,-0.179688,0.0,0.5631,-0.3637,0.003434,0.003166,0.004057,8.467866,46.51936,0.00072139
4439408640,571739.6,0.002046,1.399296,0.001989,-0.161133,0.0,0.562,-0.3646,0.002364,0.00272,0.003458,8.067578,51.230713,0.00061987
4440195072,570036.4,-0.001861,2.303818,0.001954,-0.183594,0.0,0.5595,-0.3745,0.004714,0.003369,0.005543,9.887805,51.170883,0.00051754
4440981504,569407.8,-0.000227,1.763422,0.002099,-0.171875,0.0,0.5575,-0.3839,0.004416,0.003622,0.005313,9.884572,49.762131,0.00066188
4441767936,568770.5,-0.003183,1.401778,0.002106,-0.161133,0.0,0.556,-0.3884,0.002814,0.002541,0.003918,8.104781,49.523148,0.00060368
4442554368,567136.7,-0.000363,1.695449,0.002133,-0.171875,0.0,0.5552,-0.3877,0.003826,0.00319,0.004803,7.689775,47.453411,0.00053388
4443340800,566476.6,-0.000244,1.489613,0.001962,-0.166992,0.0,0.5546,-0.3888,0.003537,0.003296,0.00511,7.628705,51.0382,0.00060842
4444127232,565842.2,-0.005429,1.619617,0.00207,-0.171875,0.0,0.5541,-0.3951,0.00299,0.003057,0.00506,8.103946,50.928631,0.00069341
4444913664,565196.9,0.002168,1.549277,0.001939,-0.165039,0.0,0.5538,-0.399,0.002099,0.002528,0.003556,8.778027,50.776237,0.00060418
4445700096,563419.0,-0.000145,1.508197,0.001881,-0.166992,0.0,0.5535,-0.4032,0.002816,0.00257,0.004284,8.031874,50.007286,0.00063002
4446486528,562780.7,-0.004117,1.48446,0.001913,-0.172852,0.0,0.5534,-0.4119,0.003854,0.00286,0.004348,8.36577,49.330547,0.00054111
4447272960,562142.2,0.000251,1.496403,0.001909,-0.175781,0.0,0.5531,-0.4153,0.002205,0.002464,0.003453,8.822565,50.931877,0.00055351
4448059392,560437.7,-0.00032,2.134756,0.001871,-0.185547,0.0,0.5532,-0.4212,0.002298,0.002919,0.003711,9.956323,50.51432,0.00058031
4448845824,559819.6,-0.005124,2.225436,0.001737,-0.198242,0.0,0.5537,-0.4209,0.002306,0.002724,0.004184,9.885721,49.810753,0.00072555
4449632256,559207.1,0.003992,1.949213,0.001739,-0.200195,0.0,0.5548,-0.4208,0.002256,0.002519,0.003478,9.501375,49.357616,0.00076128
4450418688,558597.5,-0.002873,1.729485,0.0018,-0.188477,0.0,0.5559,-0.4206,0.00234,0.002293,0.00345,9.733685,48.751091,0.00067824
4451205120,556866.0,-0.002447,1.887611,0.001907,-0.180664,0.0,0.5566,-0.4218,0.002298,0.002887,0.003944,8.581587,51.184013,0.00078671
4451991552,556257.1,0.00461,1.999683,0.001951,-0.180664,0.0,0.5576,-0.4299,0.003447,0.003098,0.004614,9.21663,51.243919,0.0007074
4452777984,555646.3,0.004622,2.191834,0.002083,-0.176758,0.0,0.5583,-0.4383,0.003471,0.00315,0.004956,9.442616,51.638451,0.00077601
4453564416,554040.4,-5.6e-05,1.516349,0.001963,-0.166016,0.0,0.559,-0.4433,0.002527,0.00249,0.003762,8.178723,50.922359,0.00066853
4454350848,553457.1,-0.001164,1.523783,0.001866,-0.169922,0.0,0.5586,-0.4484,0.002717,0.003124,0.004538,8.475819,50.623993,0.00064243
4455137280,552872.7,0.011099,1.748173,0.001815,-0.168945,0.0,0.5588,-0.455,0.001816,0.002599,0.004349,8.674139,49.337921,0.00054612
4455923712,552296.6,-0.002029,1.395993,0.001842,-0.170898,0.0,0.559,-0.4605,0.001876,0.002659,0.00426,8.415041,52.810314,0.00059824
4456710144,550650.4,-0.005945,2.01212,0.001995,-0.172852,0.0,0.5589,-0.4702,0.002221,0.002762,0.004243,8.368402,52.307873,0.00060655
4457496576,550052.8,0.000958,2.203766,0.00186,-0.171875,0.0,0.5602,-0.4732,0.00294,0.003308,0.005079,9.332958,51.86306,0.00072712
4458283008,549457.3,-0.007089,2.120445,0.001916,-0.173828,0.0,0.5621,-0.4825,0.003129,0.002407,0.00398,7.785896,51.190498,0.00072114
4459069440,547869.3,-0.000101,1.694415,0.001937,-0.160156,0.0,0.5627,-0.4866,0.002838,0.002763,0.004003,8.84137,48.751541,0.00075915
4459855872,547283.8,0.00276,2.132946,0.001836,-0.18457,0.0,0.5624,-0.4904,0.002421,0.002751,0.004102,8.050155,52.136353,0.00068096
4460642304,546696.9,-0.003351,2.059515,0.002013,-0.179688,0.0,0.5629,-0.4841,0.00364,0.003243,0.005254,7.991342,51.593506,0.00061372
4461428736,546115.6,-0.003608,2.259731,0.001922,-0.185547,0.0,0.5638,-0.4853,0.003066,0.003665,0.004949,9.499539,50.48111,0.00065843
4462215168,544561.3,0.001063,2.06918,0.00213,-0.183594,0.0,0.5649,-0.4868,0.003302,0.002958,0.003895,9.096764,50.316643,0.00068525
4463001600,543968.3,0.001224,1.77548,0.001912,-0.172852,0.0,0.5677,-0.4804,0.00331,0.002757,0.003709,8.687266,49.648785,0.00073378
4463788032,543388.7,0.006714,1.444314,0.001795,-0.174805,0.0,0.5708,-0.4688,0.003144,0.003215,0.004932,9.236704,48.031399,0.0007476
4464574464,542798.4,-0.002223,1.312539,0.001917,-0.175781,0.0,0.5725,-0.4619,0.002385,0.002578,0.004429,7.277446,52.033535,0.00071744
4465360896,541184.3,0.003733,1.618785,0.001979,-0.171875,0.0,0.5735,-0.4505,0.003737,0.003049,0.005497,8.045816,50.9077,0.00065248
4466147328,540613.0,-0.002913,1.555535,0.002054,-0.169922,0.0,0.5738,-0.4452,0.003291,0.002823,0.004196,8.722217,50.883862,0.00071876
4466933760,540038.0,-0.002433,1.193218,0.002128,-0.161133,0.0,0.5741,-0.4417,0.003857,0.002672,0.004745,8.390303,50.912334,0.00071423
4467720192,538567.3,-0.002931,1.083195,0.002008,-0.147461,0.0,0.5742,-0.4371,0.003284,0.002582,0.004078,8.871932,49.117321,0.0006896
4468506624,538006.0,0.002361,1.130394,0.001834,-0.138672,0.0,0.5743,-0.4309,0.002058,0.00224,0.003356,6.674696,53.246746,0.00061581
4469293056,537447.4,0.001031,1.586321,0.00215,-0.146484,0.0,0.5738,-0.4269,0.002019,0.002524,0.003758,6.494593,54.053673,0.00069485
4470079488,536890.0,-0.005421,1.365054,0.0019,-0.146484,0.0,0.5735,-0.4253,0.002406,0.002684,0.004328,6.538323,54.160412,0.00072989
4470865920,535281.6,0.004365,1.934705,0.001979,-0.161133,0.0,0.5738,-0.4222,0.002713,0.002572,0.004837,9.410452,52.950142,0.00066143
4471652352,534724.9,-0.000177,2.14431,0.001935,-0.181641,0.0,0.5744,-0.4269,0.002737,0.003058,0.003999,11.220061,52.025444,0.00070169
4472438784,534169.1,0.009311,1.452515,0.001921,-0.173828,0.0,0.5746,-0.4279,0.002813,0.002954,0.0041,7.473028,53.972786,0.00087408
4473225216,532642.2,0.006196,1.868655,0.001853,-0.166016,0.0,0.5749,-0.4284,0.002981,0.002468,0.004253,6.965436,53.979931,0.00086065
4474011648,532084.5,0.004794,1.52251,0.001952,-0.146484,0.0,0.5745,-0.4253,0.003465,0.00335,0.005272,7.361256,53.581047,0.00075828
4474798080,531526.9,-0.003262,1.203232,0.001869,-0.145508,0.0,0.5745,-0.4202,0.002384,0.003032,0.004918,6.58196,53.306221,0.00058174
4475584512,530971.4,-0.003725,0.883557,0.001912,-0.131836,0.0,0.5746,-0.4107,0.002473,0.002713,0.004641,6.701748,52.326885,0.00066182
4476370944,529505.3,-0.001071,1.114195,0.001841,-0.143555,0.0,0.5748,-0.4028,0.002736,0.002518,0.003977,6.929723,54.238388,0.00051696
4477157376,528960.9,-0.008422,1.555724,0.001878,-0.168945,0.0,0.575,-0.3987,0.003206,0.003121,0.004057,8.120091,54.325157,0.00061784
4477943808,528418.4,0.001805,1.848793,0.001915,-0.173828,0.0,0.575,-0.3947,0.002813,0.003256,0.004241,7.316505,53.502983,0.0006238
4478730240,526934.5,0.001626,1.854738,0.00185,-0.176758,0.0,0.5751,-0.3914,0.002198,0.002681,0.00475,10.02827,51.802834,0.00062935
4479516672,526401.1,-0.001089,1.970779,0.00172,-0.176758,0.0,0.5769,-0.3827,0.003847,0.00274,0.004328,9.870656,51.39204,0.00084917
4480303104,525875.0,0.002086,1.887756,0.001774,-0.177734,0.0,0.579,-0.3763,0.003386,0.00267,0.003974,8.546833,49.741814,0.00074432
4481089536,525341.8,0.003218,1.644332,0.001842,-0.178711,0.0,0.5799,-0.3729,0.002967,0.002565,0.003447,8.586866,53.057556,0.00077029
4481875968,523737.9,0.001566,2.451794,0.001734,-0.19043,0.0,0.5808,-0.3738,0.002716,0.002504,0.003952,9.739938,52.074654,0.00071753
4482662400,523214.5,0.00237,2.073804,0.001766,-0.186523,0.0,0.5811,-0.3732,0.002492,0.002401,0.003937,10.713451,51.948128,0.00083187
4483448832,522696.7,0.010704,1.937062,0.001809,-0.189453,0.0,0.5808,-0.3801,0.002405,0.00283,0.003822,9.686994,51.157494,0.00077617
4484235264,521193.4,0.002324,2.216805,0.001736,-0.1875,0.0,0.5806,-0.3854,0.002356,0.00267,0.003946,9.039286,50.286667,0.00073524
4485021696,520673.1,0.000145,1.721568,0.001965,-0.173828,0.0,0.5799,-0.3849,0.002809,0.002224,0.003447,8.846909,54.092239,0.00076164
4485808128,520143.0,0.007803,1.98637,0.00194,-0.165039,0.0,0.5792,-0.3856,0.002004,0.002741,0.004104,7.754768,54.723156,0.00063866
4486594560,519625.5,-0.001596,1.479867,0.001963,-0.164062,0.0,0.5789,-0.3822,0.00278,0.003141,0.004714,8.424939,53.907295,0.00077467
4487380992,518163.7,0.009335,2.069815,0.001863,-0.168945,0.0,0.5801,-0.3774,0.002429,0.002538,0.00423,9.597728,52.446514,0.00060462
4488167424,517651.3,-0.000521,2.2538,0.001716,-0.174805,0.0,0.5818,-0.373,0.00189,0.003042,0.004346,10.044639,52.303093,0.00070323
4488953856,517139.6,0.002677,2.055503,0.001773,-0.176758,0.0,0.5822,-0.3766,0.002408,0.003604,0.004513,8.53493,51.591026,0.00078924
4489740288,516628.6,0.001347,2.157963,0.001742,-0.176758,0.0,0.5825,-0.3728,0.002613,0.003336,0.004219,8.975505,55.010754,0.0008197
4490526720,515254.9,-0.001278,2.720668,0.001877,-0.169922,0.0,0.581,-0.3718,0.00537,0.003026,0.004906,8.919474,54.375256,0.00065693
4491313152,514746.9,-0.00227,1.836118,0.001816,-0.166016,0.0,0.5786,-0.3786,0.004562,0.002671,0.004361,8.844182,53.548153,0.00078684
4492099584,514241.9,0.002795,1.820271,0.001821,-0.166992,0.0,0.576,-0.3853,0.005128,0.003273,0.004282,9.095028,52.537415,0.00080726
4492886016,512857.6,0.002583,1.462814,0.001861,-0.163086,0.0,0.5744,-0.3924,0.004787,0.002648,0.004009,8.87412,50.396027,0.00072461
4493672448,512358.5,-0.000356,1.484751,0.001808,-0.169922,0.0,0.5748,-0.3955,0.002945,0.002264,0.003202,7.419441,54.168579,0.00061977
4494458880,511849.8,0.001299,1.71069,0.001729,-0.178711,0.0,0.5755,-0.3932,0.002699,0.00269,0.003394,8.964588,53.390244,0.00066526
4495245312,511353.0,0.006951,1.951564,0.001759,-0.1875,0.0,0.5762,-0.398,0.002661,0.002915,0.004582,10.229173,52.481407,0.00072277
4496031744,509962.9,0.002294,1.712325,0.001907,-0.166016,0.0,0.5758,-0.4063,0.002827,0.003483,0.005261,8.557859,51.970871,0.00066656
4496818176,509470.4,-0.000834,1.801126,0.001854,-0.163086,0.0,0.5748,-0.4138,0.002291,0.002934,0.004345,8.203766,50.828365,0.00073559
4497604608,508974.6,-0.006177,1.294178,0.001861,-0.169922,0.0,0.5734,-0.4212,0.002477,0.002374,0.003895,8.267094,49.406952,0.00075452
4498391040,507668.3,-0.00132,1.432716,0.001888,-0.165039,0.0,0.5717,-0.4247,0.002377,0.002136,0.00334,8.462936,52.733501,0.00066195
4499177472,507186.8,-0.006882,1.246288,0.001897,-0.15918,0.0,0.5697,-0.4215,0.003012,0.002502,0.004295,7.431971,52.370415,0.00063856
4499963904,506712.8,0.001043,1.089558,0.001862,-0.15625,0.0,0.568,-0.4034,0.00247,0.002342,0.004126,9.269345,52.295769,0.00081595
4500750336,506235.5,0.001567,1.410681,0.001804,-0.161133,0.0,0.5663,-0.3995,0.001809,0.002064,0.003614,8.909024,51.899345,0.00062238
4501536768,472999.2,-0.000695,1.399244,0.001835,-0.175781,0.0,0.5647,-0.4042,0.002477,0.002991,0.004788,8.478486,49.152084,0.00064155
4502323200,472582.8,0.003467,1.468586,0.001821,-0.171875,0.0,0.5638,-0.4078,0.001794,0.002094,0.003297,7.792285,53.761101,0.00072733
4503109632,472164.4,-0.004989,1.254334,0.002056,-0.168945,0.0,0.5623,-0.4097,0.002889,0.002816,0.004689,8.275454,53.200256,0.00062241
4503896064,470972.5,-0.002753,1.440794,0.001962,-0.172852,0.0,0.5615,-0.4194,0.003365,0.002875,0.004116,8.058923,52.353561,0.00071126
4504682496,470562.1,-0.00158,1.383496,0.001935,-0.172852,0.0,0.5613,-0.418,0.002758,0.003052,0.005193,9.645204,51.286316,0.00072356
4505468928,470151.6,0.002068,1.367141,0.001937,-0.175781,0.0,0.5614,-0.4147,0.002644,0.002887,0.004184,8.749378,50.145149,0.00066206
4506255360,469746.9,0.00759,1.553407,0.001843,-0.171875,0.0,0.5613,-0.4162,0.003101,0.00336,0.005479,8.007607,53.587414,0.0007571
4507041792,468523.1,0.000166,1.556035,0.001808,-0.164062,0.0,0.5609,-0.4085,0.003109,0.002661,0.004425,8.149222,53.419029,0.00071429
4507828224,468123.2,-4.8e-05,1.331098,0.001957,-0.163086,0.0,0.5598,-0.4058,0.002566,0.002813,0.004,8.830878,53.50346,0.00064026
4508614656,467722.3,-0.005582,1.373391,0.001819,-0.175781,0.0,0.5589,-0.4002,0.003154,0.003141,0.003539,9.397149,53.336163,0.00065165
4509401088,466442.9,0.009494,1.264513,0.001793,-0.173828,0.0,0.5584,-0.3957,0.002239,0.002619,0.003996,9.387706,50.460754,0.00068884
4510187520,466045.2,-0.000342,1.491547,0.001776,-0.161133,0.0,0.5581,-0.3924,0.002037,0.002137,0.003349,8.731115,54.355087,0.00056309
4510973952,465649.4,-0.003223,1.661957,0.001811,-0.173828,0.0,0.5575,-0.3921,0.002505,0.00245,0.003892,8.497344,54.598427,0.00070655
4511760384,465254.8,0.000796,1.699229,0.001874,-0.163086,0.0,0.5565,-0.3879,0.002792,0.00339,0.005531,8.436911,54.274536,0.00071243
4512546816,464131.6,0.006249,1.682596,0.001921,-0.152344,0.0,0.5564,-0.3789,0.003239,0.002501,0.00485,8.367064,54.083435,0.00070024
4513333248,463728.0,0.000124,1.100256,0.001982,-0.138672,0.0,0.558,-0.363,0.002233,0.002634,0.004441,7.362187,53.853691,0.00078895
4514119680,463328.2,0.002765,1.72033,0.00198,-0.15625,0.0,0.5592,-0.3617,0.002274,0.002841,0.00433,7.38133,52.537933,0.00066424
4514906112,462924.1,-0.000361,1.147992,0.001814,-0.15332,0.0,0.5601,-0.3589,0.002553,0.002618,0.004348,7.196609,54.981018,0.00065229
4515692544,461730.9,-0.004516,1.48218,0.001775,-0.163086,0.0,0.561,-0.3515,0.003955,0.003072,0.00594,7.702077,53.586494,0.00054368
4516478976,461345.3,0.000895,1.860606,0.001814,-0.168945,0.0,0.5613,-0.3435,0.002477,0.002533,0.00455,9.194026,53.03463,0.00072636
4517265408,460960.7,0.002807,1.463944,0.001802,-0.168945,0.0,0.5622,-0.3325,0.002358,0.002233,0.004316,9.83578,52.468044,0.00060393
4518051840,459857.7,0.000118,1.877741,0.001842,-0.171875,0.0,0.5628,-0.3278,0.002635,0.002303,0.004107,8.471466,51.725094,0.00079411
4518838272,459464.1,-0.001958,1.463838,0.001886,-0.165039,0.0,0.5639,-0.3244,0.003054,0.003273,0.004978,8.064743,54.590008,0.00074567
4519624704,459054.3,-0.000321,1.304359,0.001808,-0.164062,0.0,0.565,-0.3183,0.002557,0.002568,0.00397,7.535832,54.21656,0.00071217
4520411136,458658.4,0.002566,1.279903,0.001803,-0.161133,0.0,0.5665,-0.3085,0.003576,0.003114,0.004495,7.837096,53.34446,0.00067134
4521197568,457529.5,-0.001157,1.962144,0.00186,-0.167969,0.0,0.5672,-0.3067,0.00426,0.002741,0.005117,10.132832,52.169262,0.00068427
4521984000,457143.4,-0.01067,1.384029,0.001743,-0.167969,0.0,0.567,-0.3105,0.002518,0.002723,0.004395,8.70392,51.651329,0.00074466
4522770432,456756.3,-0.003574,1.765756,0.001739,-0.180664,0.0,0.5664,-0.315,0.002578,0.002981,0.0047,8.895067,50.297264,0.00073656
4523556864,455652.0,0.003124,2.004844,0.001757,-0.192383,0.0,0.5659,-0.3172,0.002685,0.002973,0.004649,10.051334,53.054291,0.00075967
4524343296,455274.8,0.003024,1.837333,0.001698,-0.183594,0.0,0.5657,-0.3231,0.002551,0.003293,0.00533,9.666484,52.795052,0.00079784
4525129728,454899.2,0.002349,1.691519,0.001762,-0.18457,0.0,0.5653,-0.3198,0.002745,0.003296,0.004403,10.567338,52.93895,0.00077561
4525916160,454523.3,0.004943,2.558864,0.00169,-0.199219,0.0,0.5658,-0.3278,0.002422,0.002583,0.004145,11.13047,52.173431,0.00084111
4526702592,453450.2,0.004537,1.740121,0.001787,-0.177734,0.0,0.5666,-0.3347,0.002822,0.002829,0.003836,9.738982,50.046906,0.00084982
4527489024,453075.2,0.006692,1.480876,0.001798,-0.185547,0.0,0.5663,-0.3382,0.002498,0.002156,0.003239,9.412893,54.14468,0.00082814
4528275456,452700.3,-0.005816,2.008088,0.00186,-0.191406,0.0,0.5664,-0.3482,0.003116,0.002741,0.003512,9.765981,53.921047,0.00069864
4529061888,451668.2,-0.008284,2.257563,0.001796,-0.201172,0.0,0.5665,-0.3562,0.002989,0.002798,0.004492,10.864352,52.098396,0.00087454
4529848320,451307.5,-0.004058,1.813557,0.001844,-0.197266,0.0,0.5676,-0.3586,0.002304,0.003438,0.004833,10.692872,51.754601,0.00091257
4530634752,450949.5,0.000671,1.548094,0.001748,-0.195312,0.0,0.5688,-0.3635,0.002676,0.003082,0.004171,9.708374,51.020775,0.0007694
4531421184,450592.8,0.003204,1.447154,0.001797,-0.180664,0.0,0.5706,-0.3628,0.00208,0.002862,0.004731,9.036968,54.81395,0.00080561
4532207616,449488.0,-0.00484,1.594061,0.001811,-0.177734,0.0,0.5711,-0.3639,0.002332,0.002604,0.003996,8.530084,54.613415,0.00085663
4532994048,449120.7,-0.002619,1.20349,0.001958,-0.163086,0.0,0.5711,-0.3629,0.003003,0.002985,0.0051,8.387659,53.949554,0.00080023
4533780480,448745.1,0.011887,1.619913,0.001949,-0.164062,0.0,0.5708,-0.3627,0.002603,0.002495,0.004056,8.863549,53.31942,0.00080846
4534566912,447699.5,-0.000578,1.517939,0.001878,-0.176758,0.0,0.5704,-0.3653,0.002944,0.00282,0.004401,9.395583,51.989601,0.00067312
4535353344,447326.8,-0.001473,1.603168,0.001777,-0.173828,0.0,0.5709,-0.3706,0.002871,0.002824,0.004089,8.648847,54.581337,0.00081547
4536139776,446973.2,0.003246,1.339428,0.001797,-0.166016,0.0,0.5713,-0.3681,0.002251,0.002397,0.003542,8.532755,54.410362,0.00067646
4536926208,446613.2,0.000774,2.183207,0.001821,-0.1875,0.0,0.5715,-0.3747,0.003062,0.002558,0.004247,9.942667,54.255795,0.0007731
4537712640,445554.4,0.001581,1.770124,0.00178,-0.168945,0.0,0.5719,-0.3775,0.003041,0.002881,0.005125,8.893057,52.85664,0.0008709
4538499072,445185.3,0.001437,1.184538,0.001918,-0.165039,0.0,0.5725,-0.3745,0.002426,0.003212,0.004549,8.864036,52.332024,0.00073028
4539285504,444823.9,0.001457,1.572667,0.0017,-0.171875,0.0,0.5728,-0.3746,0.002234,0.003074,0.004588,8.420918,51.893547,0.00075807
4540071936,444449.0,0.003976,1.807684,0.001877,-0.177734,0.0,0.5732,-0.378,0.002102,0.002617,0.003893,7.927342,54.92028,0.00075411
4540858368,443096.1,0.003395,1.64193,0.001694,-0.15625,0.0,0.5734,-0.3785,0.003029,0.003513,0.005131,8.565058,54.558815,0.0008177
4541644800,442736.4,-0.000301,1.524542,0.001839,-0.155273,0.0,0.5734,-0.3847,0.003115,0.003149,0.004327,8.611276,54.207314,0.00067522
4542431232,442380.1,0.002431,1.111072,0.001883,-0.144531,0.0,0.5729,-0.382,0.003613,0.003336,0.004394,7.787817,53.806622,0.00068377
4543217664,441355.0,-0.000971,1.210174,0.001747,-0.141602,0.0,0.5722,-0.3815,0.003822,0.002619,0.004451,6.556991,52.619957,0.00061484
4544004096,440989.2,0.004316,0.904493,0.001911,-0.124023,0.0,0.572,-0.377,0.002642,0.003114,0.003696,6.91234,55.818352,0.00072356
4544790528,440634.7,-0.003317,0.909127,0.001884,-0.120605,0.0,0.5722,-0.3673,0.002692,0.00248,0.003995,5.789141,56.34713,0.00058367
4545576960,440264.6,0.000268,0.817908,0.001813,-0.123535,0.0,0.5737,-0.3554,0.002279,0.003034,0.003639,6.971439,55.916473,0.00051713
4546363392,439180.0,0.00421,1.668057,0.001817,-0.139648,0.0,0.5751,-0.3537,0.003089,0.002858,0.004102,7.928125,54.353146,0.00048639
4547149824,438838.6,-0.001471,1.457312,0.001857,-0.149414,0.0,0.5758,-0.3576,0.002263,0.002838,0.004229,7.634347,53.489769,0.00062922
4547936256,438494.8,0.001829,1.274912,0.001802,-0.142578,0.0,0.5759,-0.3583,0.002193,0.002213,0.004032,7.217561,52.658936,0.00060799
4548722688,437360.3,0.002606,1.47752,0.00182,-0.152344,0.0,0.5755,-0.3621,0.002017,0.001909,0.00322,7.069565,54.891155,0.00053334
4549509120,437021.4,-0.005737,1.099115,0.001759,-0.15625,0.0,0.5753,-0.352,0.002109,0.003506,0.005175,8.450583,54.110332,0.0005546
4550295552,436683.7,-0.001752,1.489103,0.001801,-0.172852,0.0,0.5752,-0.3485,0.001598,0.002365,0.003849,9.218555,53.437561,0.00073191
4551081984,436346.3,0.004618,1.542315,0.001758,-0.177734,0.0,0.5746,-0.3454,0.002008,0.00264,0.004671,8.931142,52.330887,0.00067816
4551868416,435334.9,0.000688,1.700377,0.001794,-0.1875,0.0,0.5741,-0.3444,0.001869,0.002349,0.004901,9.899153,50.475082,0.0007833
4552654848,434995.2,0.001764,0.974135,0.001987,-0.176758,0.0,0.5744,-0.3387,0.002535,0.002789,0.004574,8.786039,54.504852,0.00082923
4553441280,434656.7,0.001953,1.442319,0.001834,-0.186523,0.0,0.5756,-0.3315,0.002768,0.003159,0.004604,9.115135,54.696465,0.00083432
4554227712,433662.9,0.003751,1.204349,0.001932,-0.174805,0.0,0.5766,-0.3195,0.002586,0.002064,0.004012,9.944049,52.964203,0.0007571
4555014144,433321.6,0.001137,1.865314,0.00183,-0.186523,0.0,0.5765,-0.3228,0.003009,0.002462,0.004729,9.665074,52.822124,0.00083241
4555800576,432979.8,-0.006557,1.633145,0.00195,-0.185547,0.0,0.5766,-0.3201,0.004458,0.00279,0.004468,10.663386,51.774719,0.000764
4556587008,432641.0,0.001034,1.553673,0.00184,-0.174805,0.0,0.5773,-0.3215,0.003221,0.002938,0.00421,9.573761,49.932522,0.00071604
4557373440,431659.5,-0.003007,1.390659,0.001868,-0.164062,0.0,0.5776,-0.3137,0.003462,0.003008,0.004695,8.593911,55.354485,0.00074813
4558159872,431322.4,0.006905,1.667527,0.001883,-0.164062,0.0,0.5777,-0.3065,0.001848,0.002506,0.003957,8.719669,54.775097,0.00074389
4558946304,430988.4,0.00322,1.899779,0.001881,-0.174805,0.0,0.5771,-0.3072,0.002161,0.002545,0.003475,9.102375,54.253582,0.00078121
4559732736,430021.4,0.004626,1.767992,0.001842,-0.172852,0.0,0.5759,-0.3069,0.002945,0.002601,0.00431,8.583735,52.623772,0.00071003
4560519168,429688.6,-0.00352,1.305139,0.001919,-0.170898,0.0,0.5753,-0.3093,0.002077,0.002756,0.004475,8.294117,50.719299,0.00080359
4561305600,429356.3,0.006534,1.57459,0.001832,-0.172852,0.0,0.5754,-0.308,0.002314,0.002624,0.004428,8.95759,55.104103,0.0006984
4562092032,429022.4,0.000595,1.249404,0.001766,-0.168945,0.0,0.5752,-0.3074,0.00294,0.002969,0.00543,9.041538,54.58786,0.00079048
4562878464,428068.4,0.000624,1.292186,0.001933,-0.174805,0.0,0.5748,-0.3005,0.001627,0.001987,0.003124,8.77108,53.683575,0.00069566
4563664896,427741.1,-0.000736,1.61917,0.001737,-0.168945,0.0,0.5735,-0.3034,0.001914,0.003275,0.003853,9.990908,52.888641,0.0007159
4564451328,427415.2,-0.002052,1.022868,0.0017,-0.176758,0.0,0.5723,-0.2994,0.001922,0.002522,0.003913,9.137873,51.646973,0.0007992
4565237760,427090.0,-0.001908,1.518365,0.001811,-0.162109,0.0,0.5721,-0.2969,0.004385,0.002765,0.004731,7.907405,56.253124,0.00079601
4566024192,426137.5,0.005616,2.047982,0.001882,-0.179688,0.0,0.5716,-0.2982,0.002701,0.003507,0.004476,9.749137,55.588364,0.00071838
4566810624,425803.9,0.000546,1.618728,0.001893,-0.177734,0.0,0.5719,-0.2995,0.002875,0.002676,0.00486,9.578086,55.328869,0.00096249
4567597056,425478.2,-0.002146,1.762761,0.002241,-0.173828,0.0,0.5724,-0.2997,0.002527,0.00234,0.003781,10.464884,54.447842,0.00090493
4568383488,424519.5,0.003214,1.584976,0.002107,-0.166016,0.0,0.5722,-0.2997,0.002456,0.002657,0.003934,8.993546,53.864502,0.00082281
4569169920,424200.8,-0.003074,1.129584,0.001852,-0.148438,0.0,0.5722,-0.2994,0.00275,0.002925,0.005709,7.641109,56.316986,0.0008937
4569956352,423879.7,0.00141,1.256193,0.001926,-0.151367,0.0,0.5721,-0.2953,0.002353,0.002818,0.004097,8.282546,56.007183,0.00079415
4570742784,423559.5,-0.002719,1.224452,0.001873,-0.165039,0.0,0.572,-0.2976,0.003038,0.002604,0.004046,8.539537,55.720882,0.00066028
4571529216,422690.3,0.005459,1.792245,0.001845,-0.165039,0.0,0.5721,-0.303,0.002941,0.002654,0.004539,9.244662,54.178436,0.000664
4572315648,422372.9,0.007072,1.286154,0.001962,-0.151367,0.0,0.5714,-0.3089,0.002049,0.002218,0.003556,10.473627,54.626198,0.00078457
4573102080,422056.0,-0.004098,1.461857,0.00188,-0.161133,0.0,0.57,-0.3229,0.001706,0.002492,0.003721,8.734246,53.557877,0.00068865
4573888512,421219.2,-0.000967,1.841816,0.001764,-0.175781,0.0,0.5683,-0.3315,0.002256,0.002435,0.003609,10.173357,56.630657,0.00075331
4574674944,420905.9,0.004168,1.702542,0.002053,-0.172852,0.0,0.5659,-0.3364,0.004312,0.002894,0.004164,8.841195,56.124599,0.00076796
4575461376,420592.3,0.004016,1.14099,0.002026,-0.157227,0.0,0.5644,-0.337,0.00381,0.002467,0.003814,9.277649,55.322445,0.00081031
4576247808,420280.7,-0.009477,1.017728,0.002306,-0.15918,0.0,0.5644,-0.3385,0.003596,0.002819,0.003408,8.837784,55.103851,0.00075636
4577034240,419340.3,-0.001463,1.299042,0.002167,-0.138672,0.0,0.5645,-0.3373,0.002408,0.002373,0.00471,7.637547,54.214684,0.00079113
4577820672,419012.2,-0.006292,1.071802,0.002,-0.120117,0.0,0.5641,-0.3351,0.001275,0.001759,0.003114,6.76473,58.120117,0.00063273
4578607104,418691.9,-0.005495,1.143681,0.00197,-0.132812,0.0,0.5643,-0.336,0.001392,0.001945,0.003139,6.899238,58.178879,0.00063634
4579393536,417773.7,-0.00127,1.851081,0.001966,-0.154297,0.0,0.5654,-0.3378,0.00295,0.002191,0.003256,8.922759,56.966549,0.00059464
4580179968,417462.8,0.000458,1.443191,0.001824,-0.15625,0.0,0.5676,-0.3314,0.002363,0.002299,0.003769,8.024956,55.945847,0.00079593
4580966400,417149.7,-0.002151,1.494879,0.001827,-0.15332,0.0,0.5694,-0.3289,0.002729,0.002535,0.004426,8.969366,54.800072,0.00075744
4581752832,416836.5,-0.004437,0.995319,0.002046,-0.145508,0.0,0.5709,-0.3224,0.00259,0.002504,0.00385,8.24355,53.392052,0.00073713
4582539264,415901.9,0.003008,1.338856,0.001898,-0.151367,0.0,0.572,-0.3196,0.002888,0.0028,0.004482,7.240136,57.201611,0.00064631
4583325696,415599.7,0.000229,1.435113,0.00193,-0.151367,0.0,0.5734,-0.3088,0.002412,0.002526,0.004092,9.258984,56.988434,0.00064261
4584112128,415299.5,-0.006939,1.097037,0.001937,-0.151367,0.0,0.5743,-0.3009,0.002061,0.00254,0.004427,8.539394,55.989437,0.00067563
4584898560,414347.8,0.000891,1.120227,0.001965,-0.15332,0.0,0.5744,-0.2986,0.002758,0.002381,0.00389,7.026937,54.330101,0.00067401
4585684992,414040.7,-0.000299,1.174734,0.001876,-0.130859,0.0,0.5756,-0.2902,0.002043,0.002328,0.003853,7.836313,53.559746,0.00086401
4586471424,413728.8,-0.001102,1.615386,0.001953,-0.166992,0.0,0.5756,-0.2893,0.002004,0.002009,0.003301,7.963033,57.61755,0.0005683
4587257856,413426.1,0.002567,1.036464,0.001941,-0.145508,0.0,0.5761,-0.2791,0.002298,0.002714,0.004087,7.315038,57.06366,0.00063936
4588044288,412587.2,0.004031,1.426823,0.001959,-0.155273,0.0,0.5761,-0.2734,0.002761,0.002774,0.003913,9.536795,54.592571,0.00068624
4588830720,412290.4,0.002922,1.508429,0.001974,-0.167969,0.0,0.5754,-0.2807,0.002348,0.003254,0.004368,9.655887,54.333549,0.00081081
4589617152,411996.5,0.003652,1.631227,0.001967,-0.177734,0.0,0.5744,-0.2896,0.002167,0.002325,0.004294,9.893122,52.803276,0.00074234
4590403584,411703.7,-0.000894,1.50161,0.001999,-0.180664,0.0,0.5736,-0.2964,0.001956,0.002611,0.004514,8.493512,56.82719,0.00083917
4591190016,410871.8,0.00124,1.646178,0.001964,-0.177734,0.0,0.5738,-0.3003,0.002618,0.002569,0.004734,8.979692,56.489716,0.00072917
4591976448,410576.3,0.001246,1.662104,0.002049,-0.178711,0.0,0.5735,-0.3054,0.002508,0.002287,0.004318,8.621785,56.008308,0.00111524
4592762880,410276.3,-0.004371,1.658204,0.00196,-0.169922,0.0,0.5732,-0.3128,0.002402,0.002751,0.004179,9.403848,55.881721,0.00080354
4593549312,409430.2,0.003807,1.529961,0.001907,-0.163086,0.0,0.5729,-0.3114,0.00189,0.001856,0.003406,8.508788,54.790386,0.00082337
4594335744,409138.3,-0.002234,1.297891,0.001963,-0.155273,0.0,0.5726,-0.3059,0.00331,0.003211,0.004872,8.990889,57.404633,0.00075365
4595122176,408845.3,-0.00092,1.317661,0.001941,-0.149414,0.0,0.5721,-0.3,0.002637,0.002684,0.004311,8.655944,57.132336,0.00070874
4595908608,408554.5,-0.001172,1.251728,0.001957,-0.157227,0.0,0.5711,-0.2963,0.002402,0.002832,0.004839,8.589963,56.319347,0.00065496
4596695040,407746.2,-0.004081,1.270629,0.001899,-0.148438,0.0,0.5706,-0.2977,0.002884,0.003083,0.004776,8.538557,55.561478,0.00077969
4597481472,407454.4,0.003727,1.174072,0.001934,-0.145508,0.0,0.5695,-0.2993,0.002579,0.002976,0.004622,7.485232,55.470238,0.00074218
4598267904,407155.3,0.004766,1.288704,0.001768,-0.139648,0.0,0.5691,-0.3008,0.002064,0.002367,0.00361,7.643775,54.996033,0.00074764
4599054336,406348.9,0.002626,1.877828,0.001728,-0.155273,0.0,0.5692,-0.3031,0.001448,0.001901,0.003411,8.433588,57.03233,0.00075584
4599840768,406061.0,0.001708,1.362102,0.001829,-0.152344,0.0,0.5685,-0.3003,0.002199,0.002395,0.004438,7.011281,56.757248,0.00066356
4600627200,405774.7,0.002927,1.241386,0.001902,-0.168945,0.0,0.568,-0.3007,0.002584,0.003168,0.004524,8.76625,55.442822,0.00067125
4601413632,405487.2,0.010497,1.040052,0.001894,-0.163086,0.0,0.5679,-0.2965,0.002515,0.002733,0.004645,9.578092,54.076202,0.00069394
4602200064,404761.5,0.001334,1.449651,0.001878,-0.164062,0.0,0.5686,-0.2934,0.001596,0.002427,0.004035,8.100221,52.773861,0.00073616
4602986496,404478.0,0.002579,1.743988,0.001896,-0.165039,0.0,0.5688,-0.2958,0.001917,0.002261,0.003272,8.381504,55.901756,0.00089175
4603772928,404194.9,-0.003841,1.236465,0.001897,-0.148438,0.0,0.5683,-0.2953,0.003065,0.002689,0.004961,7.910733,56.058273,0.00066293
4604559360,403420.2,-0.000597,1.595135,0.001769,-0.161133,0.0,0.568,-0.2948,0.002165,0.002486,0.004853,9.88922,55.557098,0.00058122
4605345792,403132.8,-0.003342,1.608597,0.001844,-0.166016,0.0,0.5675,-0.3042,0.002668,0.002839,0.004622,9.006971,54.981232,0.00084249
4606132224,402841.6,0.001066,1.350267,0.001791,-0.15918,0.0,0.5669,-0.3067,0.00251,0.002766,0.003836,9.552501,54.341667,0.00065218
4606918656,402551.0,-0.003627,1.183618,0.00176,-0.161133,0.0,0.5656,-0.3042,0.002135,0.00251,0.003842,8.628681,53.74604,0.00077288
4607705088,401750.2,0.004362,2.119747,0.001744,-0.173828,0.0,0.5652,-0.303,0.002435,0.00293,0.005191,9.599841,57.546288,0.00065781
4608491520,401468.6,0.006397,2.187925,0.001723,-0.18457,0.0,0.5643,-0.3107,0.002014,0.002447,0.004153,9.98669,56.879021,0.00080687
4609277952,401188.1,-0.001408,1.980034,0.001806,-0.186523,0.0,0.5631,-0.3225,0.002616,0.002611,0.004123,10.86301,55.854061,0.00081487
4610064384,400359.8,0.000565,1.780909,0.00188,-0.18457,0.0,0.561,-0.3347,0.002148,0.002384,0.003848,9.984468,54.130127,0.00093866
4610850816,400075.2,0.004069,1.639685,0.002036,-0.172852,0.0,0.5597,-0.3414,0.002605,0.002731,0.004584,9.829403,52.953606,0.00097139
4611637248,399795.0,-0.001279,1.50002,0.001823,-0.164062,0.0,0.5589,-0.3408,0.002331,0.00268,0.00433,7.512168,57.641464,0.00088339
4612423680,399498.5,-0.000182,1.426556,0.001778,-0.160156,0.0,0.558,-0.3431,0.002779,0.002308,0.003995,8.726377,56.57354,0.00081256
4613210112,398670.2,0.010814,1.575145,0.001949,-0.15918,0.0,0.5572,-0.3468,0.002398,0.003275,0.004494,8.76701,55.677166,0.00076134
4613996544,398390.3,0.007772,1.532847,0.002006,-0.151367,0.0,0.5562,-0.348,0.002414,0.003062,0.004404,8.900529,55.486427,0.00077061
4614782976,398111.3,-0.000648,1.909862,0.001991,-0.174805,0.0,0.5563,-0.3577,0.002373,0.002628,0.004021,8.305686,55.487045,0.00062827
4615569408,397832.2,0.005975,1.642862,0.001869,-0.155273,0.0,0.5562,-0.364,0.002903,0.002406,0.003715,8.615546,54.292763,0.00082206
4616355840,397041.9,-0.002373,1.72294,0.001713,-0.166992,0.0,0.5572,-0.3575,0.002762,0.003631,0.005486,9.976066,57.479584,0.0006559
4617142272,396761.3,0.00338,1.471611,0.001783,-0.168945,0.0,0.5582,-0.3523,0.002997,0.003667,0.004787,9.707264,57.214081,0.00070591
4617928704,396488.4,0.002128,1.750103,0.001806,-0.170898,0.0,0.5599,-0.3467,0.003502,0.002911,0.004143,9.527556,56.390572,0.00088446
4618715136,395729.8,0.002846,1.214313,0.001725,-0.15332,0.0,0.5615,-0.3386,0.002005,0.002015,0.003609,9.031373,53.932308,0.00084001
4619501568,395456.5,-0.003516,0.948923,0.00182,-0.142578,0.0,0.5616,-0.3323,0.00244,0.002529,0.004661,8.834614,53.065491,0.00086517
4620288000,395184.9,-0.003445,1.402216,0.00177,-0.166016,0.0,0.562,-0.331,0.002442,0.00263,0.004456,8.470476,57.799194,0.00063766
4621074432,394913.7,0.000428,1.209074,0.001644,-0.148438,0.0,0.5627,-0.322,0.002502,0.00285,0.004062,8.935287,57.075039,0.00065585
4621860864,394006.0,0.006686,1.604718,0.001753,-0.15332,0.0,0.5638,-0.3226,0.002166,0.002512,0.003844,8.345098,56.041313,0.00066275
4622647296,393733.9,0.011149,1.207542,0.001758,-0.145508,0.0,0.5645,-0.3197,0.001995,0.002539,0.003597,9.082537,55.823051,0.00080731
4623433728,393462.7,-0.003751,1.221888,0.001815,-0.148438,0.0,0.566,-0.3202,0.002593,0.002514,0.003845,7.928765,55.350399,0.00084424
4624220160,392674.3,-0.003399,1.404701,0.001818,-0.158203,0.0,0.5671,-0.3166,0.001925,0.002386,0.003488,8.214067,58.54187,0.00076583
4625006592,392392.7,-0.008608,1.332111,0.001852,-0.148438,0.0,0.5669,-0.3155,0.00206,0.003136,0.004247,9.038269,58.42448,0.0006536
4625793024,392121.4,0.004425,0.820862,0.001727,-0.140625,0.0,0.5672,-0.318,0.002301,0.003099,0.00414,7.822624,57.959015,0.00063285
4626579456,391842.9,-0.002371,1.599795,0.001649,-0.163086,0.0,0.5666,-0.3198,0.00158,0.002307,0.003278,8.593863,57.246788,0.00059003
4627365888,391081.8,0.000838,1.324031,0.001676,-0.143555,0.0,0.567,-0.3137,0.002272,0.002678,0.004672,8.880222,56.07209,0.00079392
4628152320,390819.7,-0.002388,1.030857,0.001657,-0.143555,0.0,0.5675,-0.3136,0.003483,0.002405,0.003939,7.147523,59.624832,0.00073799
4628938752,390557.7,-0.004137,1.415594,0.001701,-0.157227,0.0,0.5681,-0.3105,0.003034,0.002168,0.003459,7.856305,58.803764,0.00067325
4629725184,389792.7,0.003484,1.283618,0.001778,-0.154297,0.0,0.5684,-0.3074,0.002849,0.002181,0.004015,8.728456,57.022945,0.0007344
4630511616,389528.1,0.002179,1.661865,0.001738,-0.166016,0.0,0.5685,-0.3072,0.003377,0.003055,0.004631,9.85715,55.957718,0.00075332
4631298048,389266.1,0.006693,2.266461,0.001814,-0.181641,0.0,0.5694,-0.312,0.002634,0.002693,0.003935,9.759411,55.29435,0.00101878
4632084480,389003.8,-0.000902,1.666763,0.001778,-0.168945,0.0,0.5695,-0.3207,0.003028,0.002766,0.003768,9.792135,53.863457,0.00099633
4632870912,388222.7,-0.002612,1.520662,0.001726,-0.160156,0.0,0.5691,-0.3188,0.002862,0.002386,0.004304,7.519853,58.863186,0.00075635
4633657344,387957.2,-0.000851,0.818261,0.001727,-0.139648,0.0,0.5694,-0.3109,0.00276,0.002624,0.004234,7.935122,58.389793,0.00078352
4634443776,387697.4,0.001918,0.678795,0.001794,-0.135742,0.0,0.5703,-0.3022,0.002039,0.002375,0.003671,7.823651,57.751522,0.00069478
4635230208,387027.7,0.002846,1.043504,0.001828,-0.146484,0.0,0.5718,-0.299,0.001786,0.0023,0.003482,9.384346,55.930138,0.00063546
4636016640,386768.7,0.004819,1.745741,0.001695,-0.164062,0.0,0.5735,-0.2898,0.002626,0.002725,0.004136,8.441805,54.205513,0.00072398
4636803072,386513.8,0.002021,1.255474,0.001589,-0.163086,0.0,0.5738,-0.2825,0.002516,0.002736,0.004072,8.101258,57.847698,0.00074605
4637589504,386255.3,0.004899,1.483744,0.001791,-0.166992,0.0,0.5746,-0.2724,0.002519,0.002613,0.003902,8.188133,57.717224,0.00073208
4638375936,385486.5,0.006114,1.374608,0.001772,-0.15918,0.0,0.5751,-0.261,0.002652,0.002299,0.003785,8.28208,56.606529,0.00073253
4639162368,385223.9,-0.004393,0.854762,0.001687,-0.144531,0.0,0.575,-0.2558,0.002372,0.001919,0.003159,7.837561,56.157513,0.00077722
4639948800,384959.4,0.003109,0.776189,0.001834,-0.137695,0.0,0.5753,-0.25,0.002075,0.002136,0.003581,8.124491,55.547356,0.00079416
4640735232,384686.0,-0.000142,0.84532,0.001771,-0.143555,0.0,0.5756,-0.2397,0.001478,0.001836,0.002657,8.751569,54.68034,0.00072508
4641521664,383923.3,-0.000135,0.947086,0.001716,-0.148438,0.0,0.576,-0.2398,0.002301,0.002541,0.004395,8.164807,58.566345,0.00061422
4642308096,383672.2,0.005839,1.066092,0.001794,-0.151367,0.0,0.5758,-0.2395,0.002805,0.002924,0.004764,8.076551,58.229546,0.00092388
4643094528,383422.3,0.002662,0.984264,0.001863,-0.148438,0.0,0.5749,-0.2347,0.004314,0.00262,0.004132,8.110159,57.118908,0.0007666
4643880960,382695.6,0.006221,1.054463,0.001812,-0.150391,0.0,0.5745,-0.2301,0.001836,0.001971,0.003705,8.770894,55.697983,0.00078796
4644667392,382440.2,-0.000749,1.783844,0.001758,-0.175781,0.0,0.5749,-0.2363,0.002506,0.002618,0.003892,8.783922,54.693558,0.00080694
4645453824,382186.3,0.000369,1.455519,0.001731,-0.181641,0.0,0.575,-0.2375,0.00243,0.002626,0.00404,8.530106,57.845131,0.00079944
4646240256,381930.0,9.2e-05,1.894317,0.00174,-0.192383,0.0,0.5744,-0.2385,0.002425,0.002871,0.004046,9.749825,57.185574,0.00087762
4647026688,381226.2,0.001595,1.827067,0.001802,-0.193359,0.0,0.5744,-0.2502,0.003135,0.002795,0.005028,9.6932,56.155182,0.00072906
4647813120,380982.4,0.002122,1.540266,0.001786,-0.185547,0.0,0.5757,-0.251,0.002099,0.002498,0.003591,11.219915,54.934994,0.00089888
4648599552,380738.1,0.002507,1.521483,0.00172,-0.1875,0.0,0.5764,-0.2576,0.003411,0.00239,0.00362,10.915911,53.66354,0.00076948
4649385984,380071.6,0.005125,2.001649,0.001762,-0.180664,0.0,0.5757,-0.2666,0.002389,0.001999,0.003212,8.130361,58.327751,0.00083683
4650172416,379826.4,-0.001599,1.188875,0.001815,-0.160156,0.0,0.575,-0.2677,0.003238,0.002672,0.003553,7.84933,57.671841,0.0008248
4650958848,379574.9,0.000759,1.23263,0.001848,-0.155273,0.0,0.575,-0.2702,0.002248,0.002615,0.003746,8.33162,57.24342,0.0009545
4651745280,379315.7,-0.003968,1.13128,0.001836,-0.15918,0.0,0.5748,-0.2736,0.002158,0.002439,0.00327,9.282688,56.674179,0.0008558
4652531712,378556.9,-0.002729,1.661657,0.001924,-0.158203,0.0,0.5749,-0.2732,0.002312,0.002079,0.003396,9.307146,54.969803,0.0007428
4653318144,378311.9,-0.003124,1.447573,0.001987,-0.150391,0.0,0.5748,-0.272,0.002211,0.002521,0.003676,8.032634,58.265209,0.00081734
4654104576,378068.0,-0.001587,1.538749,0.001738,-0.146484,0.0,0.5748,-0.2762,0.001869,0.002234,0.002938,8.033674,58.618515,0.00077936
4654891008,377432.6,0.00738,1.137693,0.001878,-0.12793,0.0,0.5746,-0.2695,0.002063,0.002428,0.003558,7.723174,58.115479,0.00073618
4655677440,377187.3,0.000705,0.934326,0.002028,-0.126953,0.0,0.5733,-0.2674,0.002257,0.002792,0.004492,7.172184,58.288628,0.00066556
4656463872,376937.1,-0.001674,1.457573,0.002358,-0.137695,0.0,0.5717,-0.2766,0.002446,0.002265,0.003872,7.976032,58.076019,0.00062983
4657250304,376696.1,-0.002334,1.425069,0.001864,-0.138672,0.0,0.5701,-0.2874,0.001766,0.002332,0.003115,7.408045,57.872894,0.00071577
4658036736,376025.5,-0.005639,1.433133,0.001882,-0.135742,0.0,0.5698,-0.2876,0.002325,0.002797,0.004321,9.150953,59.285309,0.00060345
4658823168,375786.8,0.001494,1.286311,0.001904,-0.131836,0.0,0.5693,-0.2822,0.002435,0.003318,0.00414,8.021615,59.374771,0.00064121
4659609600,375546.4,0.003076,0.911148,0.002145,-0.124023,0.0,0.5687,-0.2667,0.001791,0.002742,0.003919,7.11588,59.039486,0.00080788
4660396032,374866.9,0.001879,1.391746,0.001849,-0.142578,0.0,0.5688,-0.257,0.002014,0.00291,0.003609,9.031677,58.310619,0.00076501
4661182464,374621.3,-0.001376,1.24413,0.001871,-0.158203,0.0,0.5684,-0.2599,0.002656,0.002682,0.003697,8.503387,57.073711,0.00064586
4661968896,374357.2,-0.002273,1.455771,0.001789,-0.174805,0.0,0.5686,-0.2667,0.002148,0.002547,0.004051,8.80309,59.394554,0.00082368
4662755328,374116.5,-0.006349,1.685615,0.002026,-0.173828,0.0,0.5687,-0.2773,0.002303,0.002649,0.003849,9.876549,59.505333,0.00085255
4663541760,373415.2,0.004874,1.588066,0.002047,-0.162109,0.0,0.5682,-0.284,0.002082,0.002453,0.003804,7.880063,58.926933,0.00075396
4664328192,373179.8,-0.000444,0.828209,0.002,-0.133789,0.0,0.5673,-0.2779,0.002339,0.002391,0.004454,8.762778,58.048199,0.0008226
4665114624,372942.9,-0.002854,0.913453,0.001996,-0.140625,0.0,0.5674,-0.2727,0.002394,0.002685,0.003189,8.164042,57.67379,0.00084882
4665901056,372708.8,0.002113,0.906782,0.002167,-0.129883,0.0,0.5675,-0.266,0.001811,0.001878,0.002908,8.810879,56.179924,0.00070898
4666687488,372076.7,0.004952,1.26238,0.001789,-0.162109,0.0,0.568,-0.2673,0.002239,0.002733,0.003575,9.541335,59.988003,0.0006703
4667473920,371840.1,0.000326,1.437583,0.001689,-0.168945,0.0,0.5686,-0.2752,0.002091,0.002542,0.0037,9.65029,59.086418,0.00077711
4668260352,371594.7,0.006673,0.916427,0.001839,-0.15332,0.0,0.5687,-0.2798,0.002535,0.002835,0.004217,9.173699,58.179413,0.00073681
4669046784,370914.5,-0.002852,1.021399,0.001783,-0.146484,0.0,0.5692,-0.2783,0.002202,0.002547,0.004587,9.089961,56.528484,0.00083804
4669833216,370681.2,0.005917,1.224554,0.001791,-0.162109,0.0,0.5702,-0.2773,0.002364,0.002675,0.005463,8.75526,56.208416,0.00083605
4670619648,370448.5,0.002902,1.649586,0.001767,-0.150391,0.0,0.571,-0.2773,0.002102,0.002419,0.004349,7.964203,60.068459,0.0008528
4671406080,370213.9,-0.00347,1.281447,0.002126,-0.129883,0.0,0.573,-0.2691,0.002793,0.003148,0.004355,8.344329,59.804977,0.00076689
4672192512,369549.5,-0.003901,1.340073,0.001935,-0.137695,0.0,0.5736,-0.2674,0.00226,0.002434,0.003751,8.21477,59.136108,0.00078978
4672978944,369312.1,0.00105,1.269516,0.00205,-0.138672,0.0,0.5729,-0.2577,0.002781,0.002738,0.003567,8.713257,58.245522,0.00074384
4673765376,369079.7,-0.004489,1.302878,0.001941,-0.146484,0.0,0.5732,-0.254,0.00352,0.002507,0.003302,8.626487,57.656761,0.00084401
4674551808,368425.0,-0.001548,1.459065,0.001949,-0.155273,0.0,0.574,-0.2489,0.003057,0.002727,0.003651,9.009124,60.522499,0.00094835
4675338240,368196.3,-0.001762,1.530276,0.001775,-0.15332,0.0,0.5753,-0.2443,0.004106,0.002728,0.004262,9.692884,60.068188,0.00079082
4676124672,367968.1,0.011013,1.727846,0.001826,-0.158203,0.0,0.5768,-0.2422,0.002404,0.003068,0.004123,9.267633,59.554718,0.00091617
4676911104,367740.7,0.004466,1.29924,0.001867,-0.148438,0.0,0.5786,-0.2293,0.002436,0.002593,0.003392,8.730983,58.713188,0.00090089
4677697536,367140.9,0.004116,1.121189,0.001887,-0.136719,0.0,0.5808,-0.2212,0.002261,0.002349,0.002928,9.692322,57.392303,0.00080393
4678483968,366911.8,-0.000515,1.191175,0.001892,-0.145508,0.0,0.5824,-0.219,0.001951,0.002521,0.003116,10.480586,57.009838,0.00079289
4679270400,366684.7,-0.003054,1.458079,0.001959,-0.147461,0.0,0.5834,-0.2203,0.002361,0.002247,0.00305,7.873869,60.94392,0.00085345
4680056832,366022.1,0.003138,2.019985,0.001978,-0.151367,0.0,0.5856,-0.219,0.002479,0.002854,0.003912,7.902451,60.521847,0.0007452
4680843264,365794.2,-0.002231,1.277521,0.001858,-0.131836,0.0,0.5875,-0.214,0.002671,0.002067,0.003144,7.471418,60.004406,0.00093446
4681629696,365568.2,-0.002705,1.215601,0.001932,-0.138672,0.0,0.5889,-0.2069,0.003499,0.002254,0.00377,8.718743,58.751465,0.00071941
4682416128,365343.9,-0.001481,0.965468,0.001836,-0.135742,0.0,0.5905,-0.2033,0.002726,0.002387,0.003236,7.883127,57.891434,0.00080105
4683202560,364739.2,-0.001714,1.630561,0.001829,-0.165039,0.0,0.591,-0.2061,0.002813,0.002588,0.003492,9.035211,59.910442,0.00081319
4683988992,364517.7,-0.004605,1.74214,0.002047,-0.180664,0.0,0.5915,-0.2123,0.002524,0.003148,0.003924,9.698734,59.107544,0.00089653
4684775424,364296.3,-5.5e-05,1.48273,0.002011,-0.176758,0.0,0.5923,-0.2133,0.002629,0.002539,0.004337,9.034346,59.029755,0.00105338
4685561856,363649.9,0.004401,1.906044,0.001966,-0.1875,0.0,0.5936,-0.2157,0.002253,0.002423,0.003675,11.658502,58.003716,0.00099489
4686348288,363425.8,0.003222,1.617005,0.001966,-0.173828,0.0,0.593,-0.2253,0.003435,0.002857,0.004708,10.501804,56.761669,0.00104104
4687134720,363202.1,0.001378,1.384806,0.001992,-0.178711,0.0,0.5929,-0.2305,0.002772,0.002415,0.004859,8.666879,60.372887,0.000944
4687921152,362977.9,-0.002259,1.666724,0.001886,-0.192383,0.0,0.5931,-0.2455,0.002887,0.002754,0.004544,9.572194,60.013176,0.00104497
4688707584,362393.8,-0.000386,2.050498,0.001928,-0.191406,0.0,0.5932,-0.2515,0.002707,0.00245,0.003584,10.244114,58.799545,0.00105372
4689494016,362177.4,0.000905,1.418093,0.001879,-0.165039,0.0,0.5927,-0.2546,0.002553,0.003036,0.003483,10.17767,58.379723,0.00111426
4690280448,361961.7,0.000488,1.249978,0.001917,-0.15918,0.0,0.5915,-0.2478,0.00202,0.002756,0.003833,9.147903,58.116653,0.00114463
4691066880,361746.1,7e-05,1.225091,0.001879,-0.152344,0.0,0.5906,-0.2424,0.002116,0.002172,0.003124,9.745897,56.639538,0.00089831
4691853312,361118.5,0.005716,1.373598,0.001972,-0.141602,0.0,0.5902,-0.2438,0.002766,0.002799,0.004114,7.513042,61.184662,0.00085444
4692639744,360892.3,-0.001581,1.021436,0.001954,-0.134766,0.0,0.5894,-0.2486,0.002248,0.002859,0.004306,8.471825,60.78941,0.00072515
4693426176,360663.2,0.002536,0.781294,0.001916,-0.152344,0.0,0.5882,-0.2533,0.002397,0.002151,0.002804,8.113014,60.16922,0.00087161
4694212608,360012.0,0.007564,1.024379,0.001994,-0.143555,0.0,0.5876,-0.2547,0.002048,0.002265,0.003335,8.448099,58.059795,0.00071702
4694999040,359800.9,0.003075,0.910755,0.001725,-0.137695,0.0,0.5872,-0.2481,0.002501,0.002624,0.003899,7.909623,57.361279,0.00077746
4695785472,359587.1,0.004749,0.744066,0.001676,-0.133789,0.0,0.5865,-0.2429,0.002112,0.002124,0.003266,7.044927,61.484478,0.00074442
4696571904,359376.8,0.00325,0.929998,0.001725,-0.141602,0.0,0.5856,-0.2441,0.002079,0.002404,0.003544,7.371966,61.054424,0.00066621
4697358336,358764.3,0.003091,1.779372,0.001678,-0.162109,0.0,0.5843,-0.2466,0.001704,0.002083,0.002889,9.923928,59.39497,0.00058173
4698144768,358546.2,0.006778,1.471712,0.001622,-0.160156,0.0,0.5832,-0.2456,0.00225,0.002212,0.003547,9.299219,58.265301,0.00076859
4698931200,358325.2,-5.3e-05,0.97086,0.0016,-0.160156,0.0,0.582,-0.247,0.001858,0.001994,0.003024,9.006223,57.151634,0.00086577
4699717632,357745.9,0.000697,1.315429,0.001614,-0.171875,0.0,0.5809,-0.2503,0.00272,0.00236,0.003809,9.342247,60.473007,0.00088057
4700504064,357529.8,0.001715,1.704582,0.001719,-0.185547,0.0,0.5802,-0.2573,0.00386,0.003054,0.004331,10.008845,60.118706,0.00093055
4701290496,357317.8,-0.006694,1.518249,0.001751,-0.181641,0.0,0.58,-0.2625,0.002704,0.00348,0.0049,10.356228,59.243073,0.00103702
4702076928,357106.6,-0.005343,1.678956,0.0018,-0.1875,0.0,0.5792,-0.2684,0.002587,0.002608,0.003722,11.466355,58.188309,0.00098182
4702863360,356585.5,0.005121,2.02842,0.0017,-0.176758,0.0,0.5778,-0.2763,0.002176,0.002235,0.00352,11.080359,55.601791,0.00091612
4703649792,356375.8,0.00163,1.093558,0.001638,-0.162109,0.0,0.5761,-0.2796,0.002447,0.002766,0.003758,10.386999,55.109905,0.0010867
4704436224,356167.7,0.001003,1.405333,0.001653,-0.163086,0.0,0.5748,-0.2819,0.002265,0.002625,0.003874,8.18741,61.094616,0.00087202
4705222656,355637.3,0.006738,1.425572,0.001716,-0.15918,0.0,0.5738,-0.289,0.002927,0.002773,0.003971,8.661979,60.669949,0.00078834
4706009088,355428.9,0.001054,1.319396,0.001753,-0.149414,0.0,0.573,-0.2874,0.0027,0.002592,0.003981,9.572587,59.699814,0.00101991
4706795520,355219.6,0.001939,1.292827,0.00182,-0.150391,0.0,0.5724,-0.2852,0.002237,0.002931,0.004494,9.268085,59.027245,0.00089448
4707581952,355010.0,0.003358,1.304103,0.001785,-0.141602,0.0,0.5709,-0.2798,0.002744,0.002923,0.004198,8.631028,58.310234,0.00084719
4708368384,354492.7,-0.003781,1.582305,0.001681,-0.143555,0.0,0.5701,-0.2791,0.00192,0.002543,0.003095,8.412322,61.635437,0.00083522
4709154816,354283.5,-0.00163,1.735307,0.001663,-0.15332,0.0,0.569,-0.2903,0.001996,0.002738,0.003686,8.295111,60.983055,0.00087574
4709941248,354076.1,0.000656,1.371418,0.001648,-0.15625,0.0,0.5681,-0.2981,0.002218,0.00313,0.004475,8.025253,60.240112,0.00092469
4710727680,353524.3,-0.00384,1.457938,0.00171,-0.166992,0.0,0.5671,-0.3066,0.002226,0.002649,0.0036,9.232973,58.672802,0.00097786
4711514112,353315.6,-0.002054,1.165842,0.001698,-0.150391,0.0,0.5673,-0.304,0.001944,0.002122,0.003304,8.92427,57.770397,0.0008256
4712300544,353104.5,-0.001031,1.255624,0.001662,-0.146484,0.0,0.5675,-0.295,0.002106,0.002406,0.003524,7.643644,61.511215,0.00087371
4713086976,352898.4,0.005955,1.400525,0.001668,-0.15332,0.0,0.5677,-0.2893,0.002203,0.002264,0.003081,8.048419,61.694977,0.00088275
4713873408,352367.6,-0.004905,1.382776,0.001745,-0.155273,0.0,0.5687,-0.277,0.002826,0.002766,0.003688,9.054342,61.147015,0.00087258
4714659840,352165.0,-0.002883,1.371441,0.0018,-0.158203,0.0,0.5715,-0.2689,0.002678,0.002956,0.003782,9.348005,60.7052,0.00113268
4715446272,351959.1,-0.000515,1.388211,0.001705,-0.162109,0.0,0.5741,-0.2574,0.001994,0.002512,0.003049,9.696509,59.491268,0.0011165
4716232704,351368.7,0.001936,1.552152,0.001719,-0.171875,0.0,0.5766,-0.2445,0.002716,0.002237,0.002666,9.75475,58.610458,0.00127907
4717019136,351166.3,0.009444,2.023156,0.001979,-0.177734,0.0,0.5772,-0.2496,0.002466,0.002689,0.003719,9.343993,61.250607,0.00107415
4717805568,350953.8,0.003398,2.026026,0.001837,-0.166992,0.0,0.578,-0.2547,0.00309,0.003157,0.003816,9.785539,60.420235,0.00143172
4718592000,350751.6,0.003393,2.064706,0.001848,-0.188477,0.0,0.5789,-0.2652,0.002099,0.002445,0.003021,11.092916,60.074718,0.001223
4719378432,350195.8,0.007573,2.097198,0.001935,-0.183594,0.0,0.5794,-0.2747,0.002041,0.002375,0.003403,11.314217,58.530968,0.00109828
4720164864,349985.8,0.004343,1.681186,0.001883,-0.172852,0.0,0.5802,-0.2826,0.002455,0.002479,0.003713,11.64537,57.017334,0.00123543
4720951296,349787.4,0.003064,1.697987,0.001765,-0.175781,0.0,0.5803,-0.2882,0.002551,0.002598,0.003503,8.896879,61.336761,0.00107566
4721737728,349588.4,-0.001568,1.746267,0.001722,-0.182617,0.0,0.5806,-0.2978,0.002582,0.002591,0.00377,9.814309,60.474686,0.00098319
4722524160,349029.6,-0.001513,1.798039,0.001846,-0.171875,0.0,0.5795,-0.3086,0.002566,0.003086,0.004022,10.09837,58.920715,0.00109014
4723310592,348832.7,0.000565,1.501348,0.001873,-0.174805,0.0,0.5784,-0.3228,0.003041,0.002868,0.003998,9.288157,58.654766,0.00132204
4724097024,348637.3,-0.002174,1.57342,0.001866,-0.174805,0.0,0.5779,-0.3361,0.002687,0.002811,0.003958,10.0351,57.820953,0.00105184
4724883456,348042.3,-0.003414,1.210132,0.00185,-0.166016,0.0,0.5777,-0.3435,0.002215,0.002789,0.00405,8.719695,61.701447,0.00099471
4725669888,347846.3,0.002388,1.259392,0.001864,-0.161133,0.0,0.5772,-0.3412,0.002787,0.003158,0.004664,9.499141,61.139,0.00090562
4726456320,347649.8,-0.002677,1.042102,0.001847,-0.154297,0.0,0.577,-0.3418,0.001921,0.002478,0.003148,9.159637,60.949478,0.00107787
4727242752,347453.5,-0.00809,0.79804,0.001876,-0.142578,0.0,0.5769,-0.3404,0.002649,0.002236,0.003394,8.77515,60.431698,0.00095021
4728029184,346911.7,-0.004706,1.104361,0.001814,-0.15918,0.0,0.5782,-0.3327,0.002489,0.002601,0.003391,9.852603,59.66684,0.00094232
4728815616,346718.5,0.002075,1.332427,0.00182,-0.163086,0.0,0.5799,-0.3298,0.001856,0.002669,0.003439,10.475595,57.357525,0.00098596
4729602048,346526.6,0.003062,1.541787,0.001845,-0.166992,0.0,0.5801,-0.3298,0.002112,0.002687,0.003497,8.785861,62.044685,0.00104837
4730388480,345986.7,0.004968,1.208967,0.001756,-0.163086,0.0,0.581,-0.3168,0.003323,0.002779,0.003837,8.53554,61.254593,0.00087193
4731174912,345792.5,-0.000942,1.492203,0.001729,-0.167969,0.0,0.5805,-0.3178,0.002239,0.002171,0.003222,10.57502,60.426922,0.00086631
4731961344,345581.2,-0.002092,1.313757,0.001721,-0.168945,0.0,0.5802,-0.3189,0.002635,0.002661,0.003809,10.0564,59.447948,0.00097509
4732747776,345372.5,0.009209,1.473893,0.001681,-0.166992,0.0,0.5794,-0.3204,0.002344,0.002508,0.003252,11.446286,58.088497,0.00093707
4733534208,344775.2,-0.000144,1.524832,0.00171,-0.168945,0.0,0.5788,-0.3233,0.002162,0.002578,0.004413,8.388885,62.680237,0.00090737
4734320640,344576.1,-0.004307,1.437843,0.001742,-0.170898,0.0,0.5787,-0.3253,0.002287,0.002057,0.003246,9.275242,62.3451,0.00105569
4735107072,344383.5,0.001317,1.534087,0.001883,-0.15625,0.0,0.5782,-0.3304,0.003035,0.002242,0.00391,8.383519,62.385422,0.00114979
4735893504,343875.1,0.000734,1.319192,0.002229,-0.144531,0.0,0.5777,-0.3337,0.002197,0.00259,0.003488,8.458777,61.536255,0.00111651
4736679936,343682.6,-0.00194,1.548826,0.002045,-0.148438,0.0,0.5766,-0.334,0.00315,0.00265,0.00397,7.962407,60.64962,0.00104529
4737466368,343491.2,0.003881,1.661563,0.001904,-0.147461,0.0,0.5755,-0.3321,0.001766,0.002267,0.003527,8.504463,59.248486,0.00095501
4738252800,343293.1,-0.001514,1.146854,0.00208,-0.142578,0.0,0.5753,-0.3318,0.002097,0.002132,0.003153,8.786749,63.259502,0.00092835
4739039232,342763.4,-0.000378,1.615345,0.001971,-0.149414,0.0,0.575,-0.3273,0.002707,0.002558,0.004605,8.355982,62.423595,0.00080846
4739825664,342574.4,0.004497,1.611417,0.001932,-0.142578,0.0,0.5755,-0.3258,0.001794,0.001955,0.002948,7.870551,61.951958,0.00096365
4740612096,342382.2,-0.001897,0.988795,0.001975,-0.130859,0.0,0.576,-0.3184,0.001658,0.001711,0.002964,8.285976,60.969799,0.00099872
4741398528,341845.6,-0.003853,1.097349,0.001893,-0.130859,0.0,0.5758,-0.3142,0.002114,0.001832,0.002865,6.730908,59.872387,0.00075227
4742184960,341655.0,0.001603,1.636172,0.002033,-0.145508,0.0,0.5739,-0.3181,0.003356,0.002183,0.004004,7.924062,63.26059,0.00073749
4742971392,341465.0,0.002526,1.313149,0.001815,-0.146484,0.0,0.571,-0.3228,0.002049,0.002214,0.003931,8.270342,62.895996,0.00080816
4743757824,341275.4,0.002106,1.540638,0.001811,-0.155273,0.0,0.5681,-0.3236,0.00222,0.002629,0.004094,9.568523,61.726707,0.00076495
4744544256,340756.4,0.00045,0.898915,0.001843,-0.141602,0.0,0.5651,-0.3209,0.002348,0.002159,0.003728,9.358366,60.515179,0.00077157
4745330688,340569.3,0.002618,0.969712,0.001806,-0.143555,0.0,0.5633,-0.311,0.002631,0.002635,0.003628,9.094193,59.250378,0.00086193
4746117120,340380.5,-0.002331,1.541416,0.001843,-0.149414,0.0,0.5627,-0.3119,0.001543,0.001847,0.00281,8.109312,63.507042,0.00089359
4746903552,340188.8,-0.000483,1.15736,0.001682,-0.155273,0.0,0.5617,-0.2983,0.002505,0.002983,0.003766,9.098059,63.144676,0.00086261
4747689984,339689.1,0.00471,1.102298,0.00206,-0.131836,0.0,0.5621,-0.2865,0.002596,0.002937,0.00465,8.154638,62.344173,0.00073367
4748476416,339502.9,0.004213,0.78222,0.001718,-0.132812,0.0,0.5625,-0.2745,0.002223,0.002387,0.003619,7.380526,62.798645,0.00091372
4749262848,339316.1,-0.004809,1.23802,0.001948,-0.142578,0.0,0.5646,-0.2646,0.001537,0.002237,0.003377,8.959195,62.029354,0.00090895
4750049280,338806.0,0.004468,1.58937,0.001831,-0.146484,0.0,0.5659,-0.255,0.002692,0.002063,0.003073,9.410273,63.690918,0.00094185
4750835712,338622.4,0.000523,2.305357,0.001775,-0.172852,0.0,0.5675,-0.2605,0.002386,0.002924,0.00406,9.223831,63.122154,0.00083496
4751622144,338438.1,-3.5e-05,1.502577,0.001777,-0.158203,0.0,0.5681,-0.2549,0.002153,0.002819,0.004458,9.209165,62.705547,0.00106943
4752408576,338255.3,0.013354,1.876823,0.001811,-0.161133,0.0,0.5681,-0.2562,0.002193,0.00231,0.003894,9.963788,62.24754,0.00104443
4753195008,337764.0,0.003414,1.254558,0.002011,-0.142578,0.0,0.5688,-0.2545,0.002254,0.002693,0.004808,8.272107,60.650543,0.00102407
4753981440,337583.3,0.008787,1.204635,0.001811,-0.141602,0.0,0.5701,-0.2524,0.002521,0.002413,0.003708,8.225933,59.62323,0.00094955
4754767872,337401.7,-0.001686,0.777688,0.001754,-0.131836,0.0,0.5709,-0.2467,0.003067,0.002229,0.003858,7.49357,63.057838,0.00088033
4755554304,336933.1,0.000167,1.483508,0.001738,-0.151367,0.0,0.5722,-0.2494,0.001804,0.001798,0.002587,8.842401,62.189842,0.00081159
4756340736,336751.8,-0.000189,1.486525,0.00178,-0.165039,0.0,0.5712,-0.2541,0.0028,0.002763,0.003747,9.999203,61.944214,0.00081275
4757127168,336565.6,0.003412,1.238013,0.001905,-0.158203,0.0,0.5708,-0.256,0.002583,0.001969,0.003481,8.59945,60.686874,0.00087907
4757913600,336384.0,0.005549,1.314181,0.001876,-0.15332,0.0,0.5705,-0.2533,0.002908,0.00232,0.00347,9.609294,60.160034,0.0012429
4758700032,335884.9,0.004777,1.252851,0.001821,-0.154297,0.0,0.5706,-0.2529,0.002755,0.002267,0.003584,9.028523,62.190071,0.00106406
4759486464,335705.2,0.006837,1.160529,0.001884,-0.142578,0.0,0.5706,-0.2458,0.0024,0.002374,0.003463,8.457533,61.956291,0.00096532
4760272896,335526.7,0.000741,1.597315,0.001943,-0.15332,0.0,0.5706,-0.2443,0.002216,0.001866,0.002609,9.309145,61.345745,0.00121444
4761059328,335034.4,0.000262,1.297077,0.00196,-0.138672,0.0,0.5707,-0.241,0.001835,0.002097,0.003396,8.852436,59.811371,0.00086935
4761845760,334856.9,-0.001673,1.156838,0.001894,-0.134766,0.0,0.5702,-0.2402,0.00322,0.002196,0.0032,8.234613,60.658062,0.00103424
4762632192,334677.8,-0.005757,1.311156,0.001877,-0.149414,0.0,0.5701,-0.2357,0.00388,0.00214,0.002965,7.126379,59.557915,0.00092004
4763418624,334492.3,-0.008111,1.190617,0.001881,-0.150391,0.0,0.5707,-0.2326,0.002251,0.002454,0.00363,8.90457,61.915325,0.00113057
4764205056,333984.3,-0.001331,1.639672,0.001943,-0.160156,0.0,0.5718,-0.2332,0.001931,0.002421,0.003357,9.874213,61.488045,0.00083099
4764991488,333802.6,-0.005332,1.202878,0.001765,-0.163086,0.0,0.5729,-0.2304,0.002634,0.003041,0.004124,10.04202,60.98756,0.00107092
4765777920,333619.3,0.004789,1.225521,0.001854,-0.163086,0.0,0.5739,-0.2302,0.002984,0.002349,0.003676,9.513465,60.411591,0.00115475
4766564352,333040.3,-0.00124,1.01135,0.001777,-0.152344,0.0,0.5745,-0.2286,0.002479,0.002553,0.00412,9.291577,58.012352,0.00089691
4767350784,332859.4,0.002315,1.611101,0.001782,-0.157227,0.0,0.5747,-0.2331,0.004399,0.002676,0.003537,8.595876,62.052429,0.00099468
4768137216,332682.9,0.003518,1.420498,0.001762,-0.157227,0.0,0.5747,-0.2346,0.002681,0.001918,0.003037,10.06274,61.612743,0.00095085
4768923648,332502.6,0.003503,1.419009,0.001933,-0.15625,0.0,0.5746,-0.243,0.002803,0.002587,0.003486,9.765614,61.424034,0.00110107
4769710080,332002.8,0.007371,1.181573,0.001868,-0.15625,0.0,0.5746,-0.2458,0.003464,0.002273,0.003444,9.6467,59.673931,0.00105276
4770496512,331829.1,-0.001462,1.132731,0.001877,-0.165039,0.0,0.5743,-0.2437,0.004157,0.002285,0.003434,8.496977,59.195152,0.00119291
4771282944,331639.3,0.006049,0.916582,0.001824,-0.161133,0.0,0.5748,-0.2411,0.002919,0.00234,0.003992,9.153573,62.447868,0.00118266
4772069376,331466.5,0.002722,1.421153,0.001925,-0.167969,0.0,0.5752,-0.2411,0.001538,0.001789,0.002654,9.64934,62.2304,0.00108079
4772855808,331009.4,0.003189,1.888751,0.002042,-0.171875,0.0,0.576,-0.2526,0.002079,0.002745,0.004268,11.005483,61.117382,0.00122934
4773642240,330835.8,-0.00015,1.881123,0.001921,-0.179688,0.0,0.5759,-0.2616,0.00251,0.002574,0.004106,11.69444,60.460686,0.00139297
4774428672,330663.0,0.007621,1.801398,0.002203,-0.168945,0.0,0.5756,-0.2694,0.002198,0.00215,0.003341,9.439627,59.938732,0.00162662
4775215104,330198.4,-0.002478,1.732867,0.00198,-0.164062,0.0,0.5753,-0.2746,0.002513,0.002014,0.003151,9.549708,62.516552,0.00135569
4776001536,330024.2,-0.000169,1.367098,0.001879,-0.165039,0.0,0.5751,-0.2775,0.003086,0.002778,0.004062,9.295957,62.141537,0.00121773
4776787968,329848.6,-0.003092,1.226475,0.001875,-0.15332,0.0,0.5753,-0.2794,0.003089,0.002,0.003118,8.375382,61.948223,0.00102703
4777574400,329677.1,-0.000457,1.17502,0.002224,-0.144531,0.0,0.5751,-0.2789,0.002558,0.002049,0.003637,9.396092,61.089184,0.00108733
4778360832,329212.3,0.006586,1.618973,0.001897,-0.154297,0.0,0.576,-0.2719,0.002692,0.002743,0.003999,8.844024,60.097893,0.00080717
4779147264,329037.7,0.004655,1.351432,0.001836,-0.145508,0.0,0.5778,-0.2628,0.002668,0.003073,0.004014,8.582863,58.213806,0.00092605
4779933696,328865.1,-0.001964,1.148319,0.001928,-0.146484,0.0,0.5788,-0.2586,0.002798,0.002754,0.004233,7.759315,62.226959,0.00088987
4780720128,328421.7,-0.008885,1.432449,0.00189,-0.146484,0.0,0.5796,-0.2503,0.002955,0.003,0.004011,8.294437,61.639202,0.00085864
4781506560,328250.1,0.001674,1.71539,0.001907,-0.164062,0.0,0.5786,-0.2579,0.004165,0.00331,0.005516,10.280009,60.663795,0.00085337
4782292992,328078.3,0.003626,1.301706,0.001859,-0.154297,0.0,0.5772,-0.2673,0.003229,0.002663,0.003779,10.359947,60.408501,0.00098183
4783079424,327906.8,0.002618,1.530804,0.001804,-0.167969,0.0,0.576,-0.2764,0.003425,0.00289,0.004099,9.582973,59.249748,0.00098164
4783865856,327394.9,0.004436,1.299951,0.001931,-0.155273,0.0,0.5745,-0.2817,0.00383,0.002459,0.00391,7.694097,61.903149,0.00096617
4784652288,327222.9,0.000359,1.275813,0.0019,-0.158203,0.0,0.5731,-0.2729,0.002098,0.002679,0.003985,9.899179,61.49691,0.00102289
4785438720,327049.2,0.000963,1.758468,0.001741,-0.175781,0.0,0.572,-0.2781,0.002141,0.002691,0.003724,10.474197,61.196922,0.00089791
4786225152,326587.3,-0.001485,1.169871,0.001894,-0.154297,0.0,0.5717,-0.2786,0.00231,0.002207,0.003571,9.224763,59.915421,0.00103999
4787011584,326412.8,0.010204,1.126186,0.001854,-0.15625,0.0,0.5717,-0.2782,0.001684,0.001881,0.003792,8.977105,59.568604,0.00093458
4787798016,326245.1,0.000151,0.936636,0.001755,-0.143555,0.0,0.5719,-0.2724,0.002121,0.002608,0.003738,9.691903,58.427299,0.00093887
4788584448,326078.5,0.008099,1.106615,0.001854,-0.143555,0.0,0.5721,-0.2669,0.002242,0.002509,0.003627,8.224407,63.118389,0.00098318
4789370880,325649.5,-0.000999,1.311432,0.001868,-0.148438,0.0,0.5725,-0.2631,0.002783,0.00227,0.003722,9.086269,62.891399,0.00089833
4790157312,325486.0,0.00488,1.009584,0.001777,-0.147461,0.0,0.5735,-0.2598,0.002376,0.00244,0.003602,8.826921,61.94558,0.00094571
4790943744,325323.9,0.002973,1.033172,0.001949,-0.143555,0.0,0.5743,-0.2535,0.002395,0.002541,0.004449,9.833446,60.658794,0.00083672
4791730176,324892.2,-0.002558,1.086495,0.001882,-0.140625,0.0,0.5741,-0.2517,0.002325,0.002087,0.00366,10.400076,58.726349,0.00096722
4792516608,324725.8,-0.001878,1.282677,0.001852,-0.146484,0.0,0.5735,-0.253,0.001696,0.00231,0.003478,7.381581,63.23024,0.00108654
4793303040,324560.2,0.005251,1.333815,0.001948,-0.147461,0.0,0.574,-0.2501,0.001802,0.002454,0.003698,8.030652,63.404709,0.00103319
4794089472,324394.7,0.005549,1.46062,0.001908,-0.152344,0.0,0.5744,-0.2511,0.00215,0.002525,0.003607,8.956677,62.402294,0.00112446
4794875904,323795.7,-0.000223,1.203595,0.001896,-0.143555,0.0,0.5747,-0.2494,0.001903,0.002328,0.003826,9.432419,60.54121,0.00104144
4795662336,323633.0,0.003283,1.346864,0.001826,-0.149414,0.0,0.5738,-0.247,0.002349,0.00249,0.004612,8.654544,60.085644,0.00103914
4796448768,323470.3,0.00091,1.270155,0.001763,-0.146484,0.0,0.5734,-0.242,0.001886,0.0021,0.003943,8.184124,59.192165,0.0011232
4797235200,323307.2,0.00257,1.509652,0.001816,-0.154297,0.0,0.5734,-0.2429,0.002603,0.002529,0.004082,8.419556,62.898262,0.0009859
4798021632,322869.8,0.002998,1.488153,0.001917,-0.148438,0.0,0.5741,-0.24,0.002272,0.002219,0.003705,9.677477,61.706161,0.00090163
4798808064,322708.8,-0.002333,1.084252,0.001922,-0.141602,0.0,0.5745,-0.2386,0.001894,0.002202,0.003936,8.983488,60.892727,0.00098127
4799594496,322547.7,-0.004402,0.99356,0.002049,-0.136719,0.0,0.5748,-0.2326,0.002166,0.002461,0.003529,7.95398,60.527054,0.00094086
4800380928,322092.1,0.002861,1.15732,0.00181,-0.139648,0.0,0.5761,-0.2252,0.002235,0.001978,0.004022,7.611923,59.575073,0.0008279
4801167360,321928.2,0.004969,1.556111,0.001778,-0.160156,0.0,0.5773,-0.2178,0.001526,0.001843,0.003428,9.264699,62.481422,0.00082684
4801953792,321766.3,0.004946,0.741874,0.001852,-0.133789,0.0,0.5797,-0.1984,0.002129,0.002363,0.003367,7.808061,62.418652,0.0010237
4802740224,321592.9,-4e-06,1.114994,0.001994,-0.146484,0.0,0.5815,-0.1851,0.00187,0.002275,0.003577,9.171617,62.265591,0.00112494
4803526656,321139.2,0.003695,1.068175,0.00197,-0.142578,0.0,0.5826,-0.1828,0.003014,0.002663,0.004859,9.383367,60.999554,0.00089469
4804313088,320978.1,-0.00381,1.179897,0.001958,-0.140625,0.0,0.5826,-0.1856,0.002679,0.002195,0.003267,8.698038,60.412231,0.0010501
4805099520,320818.6,-0.00027,0.948647,0.001992,-0.135742,0.0,0.5821,-0.1878,0.002325,0.00241,0.003194,7.304422,63.586334,0.00094815
4805885952,320397.3,0.007062,1.373122,0.001916,-0.155273,0.0,0.5814,-0.1886,0.002256,0.002409,0.003296,8.760463,62.702507,0.00069585
4806672384,320236.4,0.005612,1.321137,0.001979,-0.146484,0.0,0.5803,-0.1899,0.002849,0.002415,0.00328,8.728151,62.271343,0.00098673
4807458816,320077.5,-4.4e-05,1.024542,0.00193,-0.143555,0.0,0.5792,-0.191,0.002242,0.002343,0.003007,8.572758,61.559166,0.00093342
4808245248,319919.6,0.004964,1.187094,0.001825,-0.135742,0.0,0.5789,-0.1883,0.002529,0.002213,0.003523,9.579379,60.797527,0.00085994
4809031680,319490.6,0.001717,0.986361,0.001854,-0.128906,0.0,0.5791,-0.1852,0.002111,0.002021,0.002849,6.761792,64.450371,0.0010174
4809818112,319332.4,9.7e-05,1.308395,0.001818,-0.145508,0.0,0.579,-0.1783,0.002028,0.002349,0.003563,7.215336,64.289749,0.00084357
4810604544,319174.9,0.002522,1.341368,0.001844,-0.146484,0.0,0.5791,-0.1733,0.001994,0.002503,0.004199,9.417253,63.317089,0.00099775
4811390976,318745.9,0.006652,1.326698,0.001956,-0.154297,0.0,0.5789,-0.171,0.00223,0.002413,0.003871,10.170262,61.921364,0.00106511
4812177408,318579.1,-0.000609,1.455908,0.002003,-0.160156,0.0,0.5806,-0.1753,0.00205,0.002238,0.004287,10.282564,60.784454,0.00106802
4812963840,318412.8,0.006357,1.382873,0.001887,-0.157227,0.0,0.5816,-0.1737,0.002378,0.002382,0.004088,10.263979,59.979397,0.00104036
4813750272,318254.5,0.002223,1.380758,0.002016,-0.168945,0.0,0.5817,-0.1735,0.002562,0.00256,0.004527,9.181176,63.143921,0.00108822
4814536704,317816.9,0.010298,1.413555,0.001935,-0.155273,0.0,0.5818,-0.1753,0.001924,0.001802,0.003484,10.198235,62.649406,0.00100399
4815323136,317661.2,0.005698,1.159246,0.001952,-0.151367,0.0,0.5814,-0.1751,0.003079,0.002381,0.00405,9.370588,62.584587,0.00120142
4816109568,317505.8,0.008244,1.326871,0.001872,-0.160156,0.0,0.581,-0.1812,0.002399,0.001983,0.003077,9.455304,62.195477,0.001101
4816896000,317063.5,-0.003652,1.191107,0.001911,-0.160156,0.0,0.5812,-0.1824,0.002287,0.002068,0.003164,10.50039,60.024071,0.00096172
4817682432,316908.5,-0.005831,1.179023,0.002043,-0.145508,0.0,0.5809,-0.1847,0.002172,0.002233,0.003703,7.980199,64.324295,0.00124659
4818468864,316752.2,0.002666,1.227203,0.002058,-0.139648,0.0,0.5807,-0.1871,0.002928,0.002499,0.00348,9.675742,64.202118,0.00109996
4819255296,316595.7,0.001785,1.706491,0.002067,-0.158203,0.0,0.5808,-0.1926,0.002508,0.002694,0.003726,9.909332,63.91301,0.00099992
4820041728,316156.7,0.007324,1.857376,0.001842,-0.150391,0.0,0.5824,-0.1928,0.00233,0.002321,0.003185,11.343025,62.055752,0.00119437
4820828160,315998.5,-0.007103,1.342044,0.001633,-0.166016,0.0,0.5839,-0.1933,0.001941,0.001778,0.002731,9.067323,60.826874,0.00116288
4821614592,315842.2,-0.00064,1.200357,0.001629,-0.15625,0.0,0.5853,-0.1884,0.001837,0.002263,0.003078,9.4674,59.290386,0.00117552
4822401024,315684.5,0.00413,1.586761,0.001717,-0.166992,0.0,0.5865,-0.1853,0.002162,0.002298,0.003083,9.329595,63.632427,0.00086021
4823187456,315259.4,0.003372,1.602214,0.001736,-0.152344,0.0,0.5875,-0.1868,0.001747,0.002559,0.004031,9.549858,62.874275,0.00084819
4823973888,315108.0,-0.000984,1.321028,0.001722,-0.155273,0.0,0.5884,-0.1886,0.001729,0.002291,0.003398,8.923803,62.573029,0.00121711
4824760320,314953.3,0.000275,1.479509,0.001977,-0.164062,0.0,0.5891,-0.1891,0.002102,0.002224,0.003351,10.12676,61.689373,0.00107849
4825546752,314525.8,0.002104,1.398382,0.001768,-0.157227,0.0,0.5895,-0.1914,0.001487,0.001854,0.002938,8.931566,58.922134,0.00105114
4826333184,314361.4,0.002156,1.248258,0.001828,-0.149414,0.0,0.589,-0.1906,0.001668,0.002055,0.00299,9.196919,63.717419,0.00112444
4827119616,314208.7,0.002279,1.204189,0.001919,-0.145508,0.0,0.5886,-0.1934,0.002586,0.003321,0.004345,9.127198,63.794231,0.00110288
4827906048,314049.2,0.012237,1.096613,0.002007,-0.12793,0.0,0.5875,-0.1962,0.001852,0.002798,0.003859,8.240622,63.924988,0.00104444
4828692480,313634.4,-0.003478,1.656537,0.001938,-0.137695,0.0,0.5857,-0.1971,0.002212,0.002097,0.003624,9.360522,61.970028,0.0008995
4829478912,313477.9,0.00112,1.622808,0.001823,-0.141602,0.0,0.5836,-0.2048,0.001612,0.00194,0.002989,8.125423,61.473457,0.00096136
4830265344,313325.7,-0.004351,1.336026,0.001905,-0.151367,0.0,0.5821,-0.215,0.001857,0.0021,0.003635,7.959095,64.430786,0.00090392
4831051776,312926.8,0.003221,1.569635,0.001936,-0.15625,0.0,0.5807,-0.2206,0.001963,0.002423,0.003471,9.051668,63.912243,0.00087592
4831838208,312777.6,-0.000957,1.246707,0.001878,-0.149414,0.0,0.5796,-0.2182,0.002163,0.002947,0.004177,11.161448,63.229626,0.00100244
4832624640,312627.8,0.001119,0.753943,0.001935,-0.143555,0.0,0.5783,-0.2157,0.001495,0.002194,0.002495,8.262107,61.957153,0.00099122
4833411072,312478.8,-0.002984,0.650045,0.002038,-0.138672,0.0,0.5777,-0.2098,0.001559,0.002187,0.003223,8.251291,60.883614,0.0009666
4834197504,312070.4,-0.000661,0.881995,0.001883,-0.148438,0.0,0.5773,-0.2041,0.001885,0.00223,0.00297,7.992454,64.365585,0.00097668
4834983936,311919.9,0.001699,0.944228,0.001737,-0.144531,0.0,0.5772,-0.2008,0.001608,0.002157,0.003411,7.535102,63.765362,0.00105259
4835770368,311760.7,-0.003789,0.880924,0.001823,-0.144531,0.0,0.5769,-0.1975,0.001717,0.002255,0.00274,8.950412,63.026928,0.00081602
4836556800,311360.4,-0.010647,0.733801,0.00196,-0.143555,0.0,0.5767,-0.1941,0.0017,0.002282,0.00303,8.723873,62.220398,0.0009285
4837343232,311209.6,-0.003513,1.034485,0.001819,-0.152344,0.0,0.5788,-0.1878,0.001902,0.001785,0.002701,9.300571,61.082642,0.00109351
4838129664,311057.1,-0.002609,0.946522,0.001935,-0.15332,0.0,0.5811,-0.1811,0.001592,0.002169,0.002877,9.070754,59.687996,0.00117781
4838916096,310906.8,0.000427,0.968754,0.001743,-0.157227,0.0,0.5825,-0.1743,0.001473,0.00207,0.003168,8.343139,64.346802,0.00096417
4839702528,310505.4,0.005446,1.385476,0.001795,-0.175781,0.0,0.5841,-0.1648,0.001555,0.002058,0.003245,9.467141,62.974113,0.00093645
4840488960,310358.5,0.006655,1.397782,0.001617,-0.163086,0.0,0.5845,-0.1565,0.002003,0.002534,0.003443,10.172542,61.621941,0.00111513
4841275392,310208.1,0.000138,1.170762,0.00172,-0.171875,0.0,0.585,-0.1521,0.001905,0.002087,0.003395,9.479459,60.59565,0.0012041
4842061824,309786.4,-0.0026,0.961191,0.00212,-0.147461,0.0,0.5854,-0.1481,0.00217,0.002373,0.003482,9.79873,57.668026,0.00113223
4842848256,309642.5,0.000284,1.486744,0.00172,-0.152344,0.0,0.5855,-0.1509,0.002002,0.002021,0.003833,8.500048,64.204613,0.00112086
4843634688,309498.6,0.003118,1.429891,0.00168,-0.161133,0.0,0.586,-0.1539,0.002328,0.002312,0.003542,8.84285,63.483307,0.00099111
4844421120,309355.0,-0.00105,1.248869,0.001812,-0.165039,0.0,0.586,-0.1536,0.0033,0.002811,0.004168,9.633099,62.823986,0.00099002
4845207552,308912.7,0.000983,1.196037,0.002066,-0.154297,0.0,0.5861,-0.1544,0.001999,0.001951,0.003263,9.26912,61.39814,0.00099021
4845993984,308759.3,0.000581,1.098503,0.001776,-0.152344,0.0,0.5862,-0.1511,0.002374,0.002698,0.003586,10.057728,60.25108,0.00108551
4846780416,308611.3,0.00479,0.855786,0.001811,-0.158203,0.0,0.5856,-0.1466,0.002096,0.002405,0.003512,8.667772,58.671265,0.00107092
4847566848,308461.7,0.001416,0.893126,0.001888,-0.15332,0.0,0.5854,-0.1387,0.002447,0.002186,0.003533,8.465775,62.691803,0.00100506
4848353280,308052.8,0.002347,1.011588,0.002034,-0.158203,0.0,0.5843,-0.1323,0.002265,0.002769,0.003368,9.407684,61.157425,0.00096797
4849139712,307907.7,0.004886,1.34271,0.002021,-0.163086,0.0,0.5835,-0.1298,0.00237,0.00245,0.003594,9.855214,61.327362,0.0011523
4849926144,307763.7,-0.005327,0.974154,0.002154,-0.162109,0.0,0.5822,-0.1252,0.00181,0.002141,0.002996,10.060282,60.451141,0.00110805
4850712576,307325.8,-0.001848,0.869351,0.001908,-0.15332,0.0,0.5815,-0.1161,0.001916,0.001934,0.003127,9.542522,59.186241,0.00105254
4851499008,307176.7,-0.000146,0.837995,0.002029,-0.138672,0.0,0.5813,-0.1132,0.001764,0.002162,0.00379,7.848871,64.255081,0.00111971
4852285440,307032.5,-0.000692,1.446679,0.001959,-0.152344,0.0,0.5812,-0.1093,0.00214,0.001819,0.003425,8.161483,64.25103,0.00096666
4853071872,306882.4,0.004244,1.539963,0.00199,-0.154297,0.0,0.5814,-0.1054,0.002969,0.002496,0.004145,9.154875,63.400372,0.00108162
4853858304,306516.3,0.00947,1.124162,0.001938,-0.157227,0.0,0.5822,-0.1031,0.003143,0.002877,0.00382,10.505919,61.413116,0.00096688
4854644736,306374.6,0.006223,1.113698,0.001945,-0.162109,0.0,0.5839,-0.1018,0.002302,0.002161,0.003578,9.999678,60.394417,0.00104894
4855431168,306233.0,-0.001894,0.825268,0.001778,-0.152344,0.0,0.5862,-0.0961,0.00195,0.002179,0.003228,9.99301,58.45208,0.00101029
4856217600,305858.4,-0.000455,1.431643,0.002077,-0.155273,0.0,0.5874,-0.0962,0.001837,0.002101,0.003208,9.836626,63.398388,0.0009929
4857004032,305719.1,-0.001225,1.604988,0.00195,-0.178711,0.0,0.5888,-0.0951,0.002342,0.002739,0.003728,10.870044,62.687653,0.00130538
4857790464,305578.4,-0.003843,1.432935,0.001912,-0.167969,0.0,0.5901,-0.0958,0.002302,0.002817,0.004212,10.650259,61.764954,0.00109612
4858576896,305437.9,0.00068,1.313008,0.001845,-0.170898,0.0,0.5907,-0.0934,0.001925,0.00197,0.003141,10.134362,60.227974,0.00113354
4859363328,305024.7,-0.002653,1.701204,0.001789,-0.160156,0.0,0.592,-0.0959,0.002682,0.002377,0.004205,10.380154,58.717682,0.00123325
4860149760,304883.4,0.00447,1.091932,0.001965,-0.149414,0.0,0.5927,-0.0911,0.002175,0.002715,0.003793,8.344879,64.033524,0.00114231
4860936192,304739.2,-0.002297,1.081134,0.00202,-0.136719,0.0,0.5939,-0.0924,0.002587,0.002632,0.003467,8.255877,63.4226,0.00107679
4861722624,304330.8,-0.000941,0.863458,0.001882,-0.126953,0.0,0.595,-0.0911,0.001717,0.002093,0.003233,9.244047,61.742348,0.00092445
4862509056,304180.1,0.003433,1.211182,0.001668,-0.148438,0.0,0.5943,-0.0985,0.00187,0.002107,0.003223,8.509324,61.153656,0.00074702
4863295488,304033.9,0.005759,1.073181,0.001611,-0.149414,0.0,0.5937,-0.1047,0.001539,0.001973,0.002843,9.273787,60.064148,0.0007817
4864081920,303893.2,-0.000559,1.025697,0.001608,-0.161133,0.0,0.5936,-0.1116,0.001625,0.002166,0.003148,8.263385,63.847252,0.00079193
4864868352,303504.8,0.00251,1.689422,0.001808,-0.160156,0.0,0.5925,-0.1219,0.002163,0.002121,0.003397,9.18724,63.494015,0.00113156
4865654784,303365.8,-0.001436,1.501414,0.001766,-0.160156,0.0,0.591,-0.1273,0.001979,0.002389,0.004105,10.695173,63.426281,0.00119339
4866441216,303227.9,-0.003314,1.243989,0.001828,-0.155273,0.0,0.5893,-0.1358,0.00212,0.001758,0.003256,9.350985,62.886536,0.00128082
4867227648,302844.7,-0.000339,1.221673,0.001816,-0.161133,0.0,0.5869,-0.1444,0.002051,0.002077,0.003327,10.689802,61.274757,0.00101507
4868014080,302708.3,-0.001831,1.461984,0.00168,-0.15918,0.0,0.5866,-0.1526,0.001985,0.001819,0.003046,8.526894,65.337227,0.00117606
4868800512,302571.7,-0.00352,1.180227,0.001803,-0.145508,0.0,0.5861,-0.1534,0.002198,0.001925,0.003159,8.984689,65.231682,0.00129098
4869586944,302432.7,-0.002224,1.130044,0.001738,-0.149414,0.0,0.5857,-0.1549,0.004148,0.002753,0.004339,9.323558,64.830101,0.00120267
4870373376,302048.2,0.005955,1.202965,0.001797,-0.142578,0.0,0.5855,-0.1564,0.004073,0.002548,0.004008,9.244767,63.635712,0.0010758
4871159808,301905.3,0.00133,1.098783,0.001973,-0.130859,0.0,0.5864,-0.1509,0.003542,0.00248,0.003923,8.69361,62.689434,0.00111632
4871946240,301768.8,-0.002753,0.925392,0.001749,-0.141602,0.0,0.5877,-0.1457,0.00228,0.002577,0.003672,8.908642,62.049492,0.00086604
4872732672,301622.8,0.000843,1.357034,0.00174,-0.146484,0.0,0.5886,-0.1437,0.003012,0.002083,0.003209,9.319374,66.052872,0.00108238
4873519104,301239.4,-0.001551,1.878492,0.001801,-0.169922,0.0,0.5895,-0.1465,0.002572,0.00292,0.004404,10.277566,64.943039,0.00104535
4874305536,301103.9,-5.5e-05,1.264832,0.001848,-0.160156,0.0,0.5892,-0.151,0.001812,0.002227,0.00329,9.58375,63.845394,0.00140534
4875091968,300969.8,-0.006691,0.907706,0.001839,-0.152344,0.0,0.5889,-0.1554,0.001699,0.0025,0.003438,9.74012,62.779869,0.00114512
4875878400,300619.7,-0.006882,1.234326,0.00172,-0.155273,0.0,0.5885,-0.1612,0.002644,0.002194,0.003406,9.654131,60.060326,0.00106164
4876664832,300489.1,0.009116,0.834231,0.001802,-0.142578,0.0,0.588,-0.1595,0.001897,0.002408,0.003763,8.520489,65.168488,0.00113453
4877451264,300358.4,-0.001262,1.017082,0.00187,-0.145508,0.0,0.588,-0.1582,0.001919,0.002474,0.003384,8.791067,64.679649,0.00089084
4878237696,300227.8,0.005523,1.037676,0.001799,-0.146484,0.0,0.5882,-0.1593,0.001717,0.002429,0.00334,9.288564,64.257828,0.00133048
4879024128,299845.2,-0.004977,1.066601,0.001978,-0.143555,0.0,0.5881,-0.1649,0.002757,0.002382,0.003894,10.184883,63.020523,0.00109239
4879810560,299708.1,0.000795,0.942393,0.001939,-0.147461,0.0,0.5889,-0.1691,0.002685,0.002313,0.003194,8.411157,61.844101,0.00118786
4880596992,299570.4,0.007058,1.40553,0.001977,-0.15625,0.0,0.5898,-0.171,0.002279,0.002141,0.002946,8.858246,59.772762,0.00123541
4881383424,299206.2,-0.001686,0.961136,0.00194,-0.142578,0.0,0.5903,-0.1689,0.00233,0.002001,0.00346,8.262039,63.910461,0.00086994
4882169856,299070.1,0.003584,0.894172,0.001994,-0.133789,0.0,0.5918,-0.1648,0.002612,0.00303,0.004535,8.072877,63.437832,0.00107314
4882956288,298932.5,-0.009583,0.803944,0.0018,-0.134766,0.0,0.593,-0.1619,0.001737,0.002161,0.002776,8.562375,63.519714,0.00097798
4883742720,298799.7,-0.00425,1.110706,0.001803,-0.143555,0.0,0.5937,-0.1642,0.001677,0.002083,0.00299,9.240915,62.345207,0.0010652
4884529152,298438.7,0.003974,1.105907,0.002021,-0.137695,0.0,0.5953,-0.158,0.002134,0.00258,0.004782,8.842765,60.138657,0.00116579
4885315584,298309.3,-0.00307,0.793368,0.001948,-0.135742,0.0,0.5962,-0.1471,0.001982,0.002367,0.004225,8.145041,65.088852,0.00101515
4886102016,298179.8,-8.1e-05,1.041138,0.00189,-0.136719,0.0,0.5976,-0.1408,0.001655,0.00239,0.004461,8.044019,64.636673,0.00100342
4886888448,297816.5,-0.003142,1.086092,0.001867,-0.128906,0.0,0.5996,-0.1337,0.001717,0.002523,0.003474,8.969378,64.249733,0.00106278
4887674880,297686.0,0.006192,1.344291,0.002033,-0.142578,0.0,0.5999,-0.1349,0.002744,0.002432,0.003292,7.877253,63.539673,0.00109301
4888461312,297555.9,-0.000166,1.53184,0.001812,-0.152344,0.0,0.6005,-0.1394,0.002171,0.002345,0.003392,9.511203,62.157646,0.00112678
4889247744,297425.4,-0.004404,1.33091,0.001733,-0.145508,0.0,0.6011,-0.1463,0.002264,0.001716,0.002774,8.857145,65.270416,0.00123463
4890034176,297079.0,-0.001602,1.350623,0.001826,-0.148438,0.0,0.6019,-0.1465,0.001904,0.00208,0.003248,9.426159,65.124252,0.00136988
4890820608,296952.6,0.003847,1.214464,0.001896,-0.151367,0.0,0.6042,-0.1425,0.00258,0.00257,0.003631,9.701911,64.556755,0.00115312
4891607040,296826.7,0.006205,1.231689,0.001995,-0.158203,0.0,0.6072,-0.1378,0.002031,0.002338,0.004622,10.275627,63.576427,0.00124466
4892393472,296467.0,0.002161,1.181661,0.001966,-0.15332,0.0,0.6104,-0.1292,0.001887,0.002412,0.00393,10.01784,60.21785,0.00113012
4893179904,296335.1,-0.001411,1.643356,0.002024,-0.170898,0.0,0.6121,-0.1293,0.003381,0.002659,0.004146,9.27933,64.848091,0.00114702
4893966336,296201.2,-0.002935,1.547301,0.001762,-0.163086,0.0,0.6129,-0.1256,0.001981,0.001815,0.003175,9.949677,64.309525,0.00134787
4894752768,296068.9,-0.000177,1.174233,0.001837,-0.155273,0.0,0.6138,-0.1238,0.002617,0.002367,0.003695,9.681068,64.241173,0.00131945
4895539200,295676.5,0.007718,1.098732,0.002021,-0.147461,0.0,0.6145,-0.1179,0.001584,0.001876,0.002817,9.450938,62.61541,0.00101543
4896325632,295547.7,-0.002449,1.12896,0.001779,-0.147461,0.0,0.6145,-0.1135,0.001583,0.001603,0.002981,9.913723,61.641052,0.00105797
4897112064,295419.2,0.004032,0.930799,0.001725,-0.148438,0.0,0.6146,-0.1127,0.001319,0.001946,0.002983,10.412052,60.743969,0.00114836
4897898496,295290.9,-0.004235,1.017177,0.002121,-0.150391,0.0,0.6148,-0.1117,0.002427,0.002483,0.003818,8.153549,65.06665,0.00116757
4898684928,294924.9,0.000353,1.211488,0.001827,-0.135742,0.0,0.6147,-0.1066,0.001829,0.002531,0.004173,9.390643,64.207977,0.001188
4899471360,294800.1,0.002737,1.166645,0.001941,-0.141602,0.0,0.6137,-0.1081,0.001458,0.002098,0.003411,9.28336,64.186737,0.00116532
4900257792,294675.5,-0.001367,0.878423,0.001893,-0.138672,0.0,0.6129,-0.1072,0.001279,0.001722,0.002874,8.81204,63.646496,0.00106635
4901044224,294328.7,0.004515,0.946934,0.001956,-0.132812,0.0,0.6122,-0.1043,0.001581,0.00184,0.003263,7.835819,61.864189,0.0009941
4901830656,294204.7,-0.007992,1.422043,0.002113,-0.145508,0.0,0.612,-0.0978,0.00256,0.002227,0.004908,10.74638,65.260818,0.00111199
4902617088,294080.8,0.003219,1.286099,0.00204,-0.135742,0.0,0.6121,-0.0982,0.001511,0.002859,0.003416,9.090832,64.883774,0.00145215
4903403520,293957.3,0.002427,0.940258,0.001931,-0.139648,0.0,0.6115,-0.096,0.001801,0.001903,0.002966,8.496233,64.697632,0.00114953
4904189952,293612.8,-0.00123,1.165101,0.001882,-0.135742,0.0,0.6114,-0.0969,0.002598,0.002375,0.004062,8.485484,63.576305,0.00090873
4904976384,293485.1,-0.00549,1.150243,0.001909,-0.142578,0.0,0.6112,-0.0978,0.002281,0.002241,0.003942,7.034182,62.639465,0.00098461
4905762816,293355.1,0.000728,0.674455,0.001822,-0.130859,0.0,0.6112,-0.0927,0.001956,0.002589,0.003559,7.596305,60.91151,0.00117397
4906549248,292958.0,-0.00166,1.052438,0.001776,-0.146484,0.0,0.6113,-0.0911,0.001333,0.001913,0.002474,8.026531,65.625076,0.00095293
4907335680,292831.6,0.000499,1.125352,0.001896,-0.144531,0.0,0.6114,-0.0927,0.001748,0.001651,0.002988,7.788093,64.85762,0.00101038
4908122112,292706.6,-0.001933,1.191181,0.0022,-0.157227,0.0,0.6102,-0.0946,0.001848,0.001706,0.003134,9.565458,63.953762,0.00112806
4908908544,292581.7,0.001705,1.171922,0.002033,-0.154297,0.0,0.6093,-0.095,0.002543,0.002141,0.003803,10.336152,62.703262,0.00126214
4909694976,292228.6,0.008492,1.20726,0.001754,-0.15332,0.0,0.6084,-0.0953,0.001604,0.002129,0.003192,10.309239,59.197277,0.00106326
4910481408,292087.4,-0.007968,0.899955,0.001846,-0.15332,0.0,0.6075,-0.0952,0.002405,0.002283,0.003999,8.074994,65.157738,0.0011881
4911267840,291962.8,0.005207,1.233136,0.001702,-0.170898,0.0,0.6061,-0.0981,0.002873,0.002297,0.00414,9.414257,64.455322,0.0013813
4912054272,291615.1,0.001608,1.186537,0.00176,-0.166992,0.0,0.6047,-0.0976,0.002448,0.002543,0.004456,10.799802,63.063293,0.00111811
4912840704,291485.8,0.00448,1.396903,0.00183,-0.155273,0.0,0.6029,-0.1097,0.001846,0.002039,0.003819,11.17713,61.987854,0.00172839
4913627136,291361.2,0.003084,1.264354,0.001987,-0.157227,0.0,0.6018,-0.1204,0.001931,0.002409,0.003965,10.046672,61.358368,0.00145928
4914413568,291232.8,-0.005047,1.075579,0.001873,-0.151367,0.0,0.6007,-0.1268,0.002748,0.002323,0.00402,9.045478,60.805054,0.00145832
4915200000,290872.7,-0.002469,1.232452,0.001834,-0.167969,0.0,0.6001,-0.1302,0.002483,0.002305,0.003972,10.529789,64.121506,0.00118937
4915986432,290748.7,-0.001944,1.422545,0.001862,-0.169922,0.0,0.5993,-0.1392,0.004185,0.002597,0.004222,9.477086,63.696255,0.00127786
4916772864,290627.4,0.003923,1.459517,0.002002,-0.168945,0.0,0.5985,-0.1434,0.002337,0.002425,0.003395,11.155716,62.430733,0.00119889
4917559296,290293.8,0.010046,1.445144,0.001885,-0.162109,0.0,0.5975,-0.1536,0.001953,0.001894,0.002756,8.312403,61.25161,0.00127622
4918345728,290172.6,0.002133,1.424961,0.001811,-0.146484,0.0,0.5963,-0.1517,0.002711,0.001978,0.002944,7.941096,60.626839,0.00133978
4919132160,290031.4,-0.005982,1.459835,0.001862,-0.147461,0.0,0.5954,-0.1531,0.002874,0.002638,0.003685,8.1882,65.069855,0.00112137
4919918592,289910.4,0.006168,1.346869,0.001861,-0.144531,0.0,0.5936,-0.1559,0.002284,0.002479,0.004505,8.972733,64.469627,0.00105877
4920705024,289579.1,-0.001025,1.102766,0.001867,-0.139648,0.0,0.5918,-0.1583,0.002115,0.002169,0.003387,8.624567,63.549343,0.00114141
4921491456,289454.7,-5.8e-05,1.150015,0.001685,-0.143555,0.0,0.5913,-0.1515,0.001794,0.002152,0.003767,8.871745,62.417984,0.00106257
4922277888,289325.6,0.000227,1.12138,0.001815,-0.149414,0.0,0.5908,-0.1502,0.001649,0.002221,0.003592,8.27393,60.504742,0.00104579
4923064320,289191.4,0.014793,1.218751,0.001834,-0.142578,0.0,0.591,-0.1518,0.00175,0.002218,0.003524,7.174708,64.716026,0.0010759
4923850752,288834.6,-0.001691,1.019248,0.001809,-0.144531,0.0,0.5915,-0.1498,0.003317,0.002535,0.003998,8.682353,63.839993,0.00122617
4924637184,288713.3,0.001005,1.2021,0.001835,-0.149414,0.0,0.5918,-0.1483,0.001647,0.001717,0.003101,8.842611,63.633739,0.0012493
4925423616,288592.4,-0.001337,1.017355,0.001921,-0.151367,0.0,0.5915,-0.1509,0.002096,0.0022,0.003863,9.768677,63.07011,0.00111463
4926210048,288271.6,-0.003775,1.103304,0.001772,-0.157227,0.0,0.591,-0.1538,0.002148,0.002069,0.003184,11.299686,60.477245,0.00114318
4926996480,288152.0,-0.007094,1.593984,0.001861,-0.174805,0.0,0.5907,-0.1616,0.002175,0.002292,0.00314,9.118026,65.251389,0.00126921
4927782912,288032.9,0.001854,1.347612,0.002171,-0.178711,0.0,0.5901,-0.1704,0.002182,0.002348,0.00369,9.920215,64.74646,0.00158081
4928569344,287913.8,0.005737,1.425735,0.002079,-0.178711,0.0,0.5889,-0.1805,0.002495,0.002776,0.004444,10.206939,64.23423,0.00151729
4929355776,287568.3,0.001506,1.131356,0.001783,-0.158203,0.0,0.5877,-0.1844,0.002772,0.002686,0.004166,9.336841,63.502251,0.0015238
4930142208,287449.2,-0.00476,0.65282,0.00192,-0.144531,0.0,0.5873,-0.1817,0.003285,0.003124,0.004134,8.39012,61.919617,0.00112242
4930928640,287329.6,0.000984,1.106739,0.001722,-0.150391,0.0,0.5881,-0.1838,0.002075,0.001825,0.003512,9.327311,60.710602,0.00111508
4931715072,287022.7,0.006823,1.077662,0.001781,-0.150391,0.0,0.5889,-0.1838,0.001567,0.001914,0.002662,8.986454,64.979462,0.00115755
4932501504,286900.4,0.000348,1.120972,0.001847,-0.143555,0.0,0.5901,-0.1841,0.001544,0.00236,0.003668,8.447679,64.902924,0.0012454
4933287936,286782.5,-0.000514,1.035441,0.001852,-0.141602,0.0,0.5914,-0.1832,0.002378,0.00225,0.003505,9.160254,63.970276,0.00117494
4934074368,286657.0,0.003627,0.940141,0.001966,-0.145508,0.0,0.5923,-0.1889,0.001352,0.002371,0.003253,8.77142,63.093304,0.00116079
4934860800,286284.3,0.002438,1.101292,0.001851,-0.147461,0.0,0.5929,-0.189,0.002823,0.00224,0.003635,9.614543,60.398064,0.00127646
4935647232,286167.6,0.000811,0.869022,0.001918,-0.144531,0.0,0.5931,-0.1867,0.003479,0.002245,0.003772,8.166044,65.43364,0.00101385
4936433664,286050.8,0.002383,1.057741,0.001825,-0.144531,0.0,0.5938,-0.1808,0.002984,0.001878,0.003861,9.146467,64.902992,0.00106053
4937220096,285722.5,0.002792,0.955808,0.001941,-0.140625,0.0,0.594,-0.1758,0.002524,0.002011,0.003327,8.493176,63.386574,0.00097632
4938006528,285606.7,0.001374,1.406879,0.002023,-0.152344,0.0,0.5947,-0.1802,0.002393,0.002237,0.004259,8.745969,62.598915,0.00101484
4938792960,285490.3,0.003135,0.969394,0.001883,-0.146484,0.0,0.5957,-0.1808,0.001745,0.002081,0.003584,9.072352,60.630302,0.00104887
4939579392,285375.0,-0.001666,0.917635,0.001851,-0.147461,0.0,0.5972,-0.176,0.002168,0.001767,0.002729,9.857024,59.382225,0.00120761
4940365824,285025.1,-0.000679,1.524359,0.001918,-0.154297,0.0,0.5984,-0.1736,0.001892,0.00266,0.003663,9.430715,64.12809,0.0009512
4941152256,284905.5,-0.009121,0.85392,0.001748,-0.139648,0.0,0.6,-0.1584,0.002006,0.002476,0.00357,9.75666,63.636711,0.00098574
4941938688,284783.2,0.003056,1.171227,0.001873,-0.138672,0.0,0.6023,-0.1477,0.002367,0.002566,0.003443,9.738644,63.133453,0.00099373
4942725120,284434.3,-0.00518,0.973982,0.001897,-0.151367,0.0,0.6042,-0.1436,0.002276,0.00234,0.003373,8.269129,62.138855,0.00086406
4943511552,284318.7,0.004379,1.024847,0.001774,-0.136719,0.0,0.6068,-0.1266,0.002013,0.002035,0.002723,8.599789,61.242676,0.00109863
4944297984,284203.0,0.001156,0.818068,0.001718,-0.131836,0.0,0.6082,-0.1155,0.002091,0.002532,0.004046,7.268456,65.88324,0.00099366
4945084416,284087.4,-0.001951,0.999279,0.001911,-0.138672,0.0,0.6106,-0.0976,0.001812,0.002038,0.003351,8.860888,65.832794,0.00088035
4945870848,283765.8,-0.002579,0.942001,0.00184,-0.146484,0.0,0.6126,-0.0904,0.002167,0.002484,0.003451,9.643404,63.770538,0.000751
4946657280,283652.4,0.007531,0.861215,0.001899,-0.147461,0.0,0.6143,-0.0832,0.002167,0.002222,0.003304,8.973381,62.857422,0.00099539
4947443712,283539.8,-0.001588,0.709024,0.002088,-0.157227,0.0,0.6156,-0.0787,0.001648,0.002181,0.003136,10.373052,61.325375,0.00096811
4948230144,283427.0,-0.00241,0.727974,0.001833,-0.160156,0.0,0.6174,-0.0748,0.001287,0.001798,0.002609,9.01537,65.22805,0.00103013
4949016576,283092.7,0.000826,1.823551,0.001961,-0.186523,0.0,0.6188,-0.0771,0.002104,0.00192,0.003273,10.944212,64.453934,0.00104736
4949803008,282980.1,-0.001685,1.910037,0.001972,-0.175781,0.0,0.6204,-0.0831,0.002885,0.002248,0.002964,11.520092,63.784027,0.00148944
4950589440,282864.9,-0.001027,1.943874,0.001986,-0.174805,0.0,0.6227,-0.085,0.00204,0.001831,0.002959,11.83444,63.512192,0.00143761
4951375872,282528.2,-0.001309,1.733454,0.00194,-0.170898,0.0,0.624,-0.0913,0.002281,0.002246,0.003683,9.90602,61.443264,0.0012454
4952162304,282411.5,-0.00182,1.430965,0.001863,-0.167969,0.0,0.6249,-0.0939,0.002739,0.002647,0.004156,9.579141,65.239014,0.00131493
4952948736,282296.2,0.003991,1.498103,0.001861,-0.180664,0.0,0.6257,-0.093,0.001865,0.001802,0.002936,11.066293,64.651466,0.00088476
4953735168,282179.5,0.003017,1.807129,0.001732,-0.18457,0.0,0.627,-0.0988,0.001948,0.002478,0.004178,11.452169,63.625832,0.00114611
4954521600,281848.5,-0.003567,1.22956,0.001809,-0.164062,0.0,0.6283,-0.0986,0.002152,0.002787,0.003841,9.373316,62.310772,0.00115046
4955308032,281736.3,0.003452,1.286309,0.001817,-0.161133,0.0,0.6297,-0.0868,0.001904,0.002158,0.003068,10.624609,61.525249,0.00138136
4956094464,281623.2,-0.005339,0.600843,0.00199,-0.147461,0.0,0.6312,-0.0756,0.002753,0.002012,0.003283,9.655119,60.47625,0.00125545
4956880896,281312.9,-0.001741,0.984788,0.001957,-0.157227,0.0,0.6322,-0.069,0.002209,0.002053,0.003412,9.953304,64.453171,0.00114514
4957667328,281200.9,0.003338,1.71651,0.002067,-0.182617,0.0,0.6333,-0.0833,0.002751,0.002282,0.00355,10.73972,64.771873,0.00093926
4958453760,281088.0,0.003213,1.489056,0.002051,-0.170898,0.0,0.6339,-0.0935,0.001923,0.00201,0.002875,11.045778,63.861919,0.0013367
4959240192,280976.1,-0.003923,1.20608,0.001921,-0.166992,0.0,0.6332,-0.0978,0.002511,0.002216,0.002864,11.130735,63.326927,0.00117302
4960026624,280649.0,0.000213,1.16673,0.001895,-0.157227,0.0,0.633,-0.0994,0.002383,0.002202,0.003078,11.761316,61.906933,0.00138308
4960813056,280537.1,-0.00352,1.317369,0.001988,-0.164062,0.0,0.6331,-0.1039,0.001979,0.002016,0.002891,8.869298,66.833542,0.00135414
4961599488,280425.7,-0.002475,1.139677,0.001879,-0.140625,0.0,0.6336,-0.1024,0.001491,0.001845,0.002613,8.920565,66.451508,0.00133128
4962385920,280109.9,-0.000156,1.333334,0.002007,-0.154297,0.0,0.6339,-0.1051,0.002271,0.002427,0.003197,9.910412,65.157623,0.00101138
4963172352,279999.8,-0.0006,0.902612,0.001881,-0.151367,0.0,0.6356,-0.0998,0.00295,0.002533,0.003937,9.200619,63.699127,0.00111909
4963958784,279889.9,-0.005692,1.128005,0.00183,-0.154297,0.0,0.6376,-0.0982,0.00185,0.002089,0.002842,9.429319,62.442139,0.00098105
4964745216,279780.2,-0.003913,0.983456,0.001868,-0.146484,0.0,0.6389,-0.0961,0.001926,0.001878,0.002975,10.09451,61.205658,0.00115261
4965531648,279454.2,-0.002585,1.341593,0.001873,-0.168945,0.0,0.639,-0.1033,0.001968,0.001736,0.003294,9.114389,65.440338,0.00108608
4966318080,279343.6,-0.000813,1.586645,0.001821,-0.180664,0.0,0.6374,-0.1111,0.002108,0.002431,0.002879,10.101197,64.626846,0.00113332
4967104512,279232.5,-0.00067,1.521708,0.001995,-0.179688,0.0,0.6356,-0.1187,0.002398,0.002216,0.003022,12.192238,63.918682,0.00130607
4967890944,278898.1,0.003989,1.288769,0.002011,-0.181641,0.0,0.6335,-0.1286,0.001742,0.002283,0.00323,11.262304,62.342369,0.00132867
4968677376,278787.7,-0.002131,1.26,0.001753,-0.170898,0.0,0.6326,-0.1364,0.002469,0.002472,0.003815,10.460271,60.893597,0.00145401
4969463808,278677.5,0.002103,1.83571,0.00168,-0.176758,0.0,0.6316,-0.1445,0.001791,0.002145,0.003098,9.855701,65.802124,0.00146387
4970250240,278568.7,-0.004656,1.35183,0.001777,-0.171875,0.0,0.6301,-0.1521,0.002028,0.002168,0.003043,10.527585,65.367111,0.0012623
4971036672,278243.3,0.002488,1.443922,0.001771,-0.158203,0.0,0.6294,-0.1564,0.002368,0.002634,0.004675,11.134661,63.891033,0.00112243
4971823104,278134.8,0.003085,1.524107,0.001747,-0.152344,0.0,0.6285,-0.1652,0.002154,0.002675,0.003923,11.253085,62.380966,0.0012324
4972609536,278026.4,0.000619,1.338266,0.001779,-0.155273,0.0,0.6277,-0.1702,0.001979,0.002073,0.002955,10.504699,62.488312,0.0010619
4973395968,277918.2,0.004438,1.385657,0.001761,-0.162109,0.0,0.6267,-0.1782,0.001622,0.001581,0.002488,9.873793,61.064339,0.00111566
4974182400,277607.3,0.00072,1.155337,0.001836,-0.15625,0.0,0.6254,-0.178,0.001787,0.001881,0.002762,9.913494,65.555748,0.00106044
4974968832,277497.6,0.002589,1.330327,0.001844,-0.168945,0.0,0.6239,-0.1867,0.001945,0.002225,0.00388,11.061825,64.871872,0.00113791
4975755264,277387.7,-0.000253,1.534303,0.001898,-0.170898,0.0,0.6223,-0.1964,0.002522,0.001839,0.003235,12.238304,63.80563,0.00140804
4976541696,277072.3,0.000441,1.386643,0.001815,-0.170898,0.0,0.6196,-0.2039,0.001726,0.001556,0.002591,10.240063,62.081554,0.00115006
4977328128,276964.3,-0.004348,0.821526,0.001792,-0.147461,0.0,0.6168,-0.196,0.002581,0.001887,0.002706,9.59952,60.132294,0.00171975
4978114560,276856.3,-0.002965,0.985303,0.001969,-0.147461,0.0,0.6149,-0.1919,0.002064,0.002068,0.003579,8.875487,66.492966,0.0011739
4978900992,276748.6,-0.003815,0.851794,0.001975,-0.141602,0.0,0.6129,-0.184,0.00234,0.002608,0.003444,8.63103,66.100647,0.00088905
4979687424,276393.2,0.000161,1.301429,0.001917,-0.158203,0.0,0.6122,-0.1801,0.002377,0.001952,0.003116,10.638863,64.773056,0.00101524
4980473856,276285.7,0.000956,1.132193,0.001884,-0.165039,0.0,0.6109,-0.1809,0.002894,0.002232,0.003294,11.228978,62.949883,0.00113119
4981260288,276178.3,0.003517,1.101231,0.001735,-0.161133,0.0,0.6094,-0.1772,0.003324,0.002204,0.003831,10.401978,61.117645,0.00116976
4982046720,275864.4,-0.006151,0.854001,0.001844,-0.146484,0.0,0.6086,-0.1689,0.00207,0.002198,0.002813,8.741946,65.905502,0.00102385
4982833152,275757.9,-0.004347,1.098153,0.001766,-0.160156,0.0,0.6062,-0.1718,0.001444,0.00232,0.003332,9.386971,65.216148,0.00096928
4983619584,275651.3,0.010995,1.435468,0.001801,-0.15918,0.0,0.6042,-0.1722,0.002174,0.002188,0.003751,11.869977,64.506271,0.00097941
4984406016,275545.1,0.000336,1.136822,0.001778,-0.166016,0.0,0.6029,-0.1783,0.001915,0.002272,0.003842,10.251137,63.57019,0.00084705
4985192448,275243.5,-0.002147,1.164003,0.00188,-0.157227,0.0,0.6023,-0.1761,0.001507,0.002183,0.003568,9.599321,60.926964,0.00100181
4985978880,275138.0,0.000341,0.966808,0.00191,-0.15332,0.0,0.6018,-0.168,0.002075,0.002151,0.003358,8.44972,66.403275,0.00108635
4986765312,275028.7,0.004042,1.324563,0.001733,-0.162109,0.0,0.6015,-0.1606,0.002056,0.002272,0.003989,8.869734,65.488052,0.0008374
4987551744,274700.7,0.006167,1.708651,0.00178,-0.171875,0.0,0.6017,-0.1586,0.001856,0.002196,0.00333,10.773662,64.681816,0.00096657
4988338176,274595.4,0.004276,1.457936,0.002006,-0.170898,0.0,0.6009,-0.1667,0.002315,0.00232,0.004086,11.132298,63.776726,0.00145749
4989124608,274489.8,-0.002083,1.260394,0.001849,-0.179688,0.0,0.6001,-0.1739,0.002062,0.002294,0.00385,10.990831,61.89378,0.00149179
4989911040,274384.0,0.002803,1.089318,0.001823,-0.181641,0.0,0.5992,-0.1797,0.001884,0.002051,0.003366,11.519947,60.027924,0.00111342
4990697472,274073.7,0.002157,2.081371,0.001858,-0.195312,0.0,0.5977,-0.1845,0.002513,0.002176,0.00312,11.306922,64.791611,0.00107381
4991483904,273965.1,0.006685,1.705914,0.001884,-0.183594,0.0,0.595,-0.1973,0.003523,0.002231,0.00323,10.954416,64.19622,0.00136887
4992270336,273859.1,0.000284,1.461801,0.001906,-0.168945,0.0,0.5925,-0.2056,0.002155,0.001685,0.002732,10.401693,63.917641,0.00131221
4993056768,273532.5,-0.004493,1.439321,0.002117,-0.166016,0.0,0.5896,-0.2127,0.003205,0.002184,0.00334,10.562648,61.91391,0.00136387
4993843200,273423.4,-0.00751,1.273001,0.001719,-0.162109,0.0,0.5902,-0.2068,0.002847,0.002468,0.003671,10.205148,60.78001,0.00143597
4994629632,273316.8,0.005866,1.500973,0.001801,-0.168945,0.0,0.5909,-0.204,0.002154,0.002145,0.003455,9.070578,65.999237,0.00094082
4995416064,273208.5,-0.000391,1.29484,0.001742,-0.165039,0.0,0.5915,-0.1982,0.001754,0.001778,0.003263,9.192622,65.78511,0.00122522
4996202496,272917.5,0.000908,1.332875,0.001782,-0.163086,0.0,0.591,-0.1921,0.001788,0.001742,0.003398,9.244633,63.850548,0.00102383
4996988928,272807.4,0.002774,1.10854,0.001823,-0.162109,0.0,0.5896,-0.1885,0.001426,0.001789,0.002745,9.297343,62.607727,0.001158
4997775360,272700.1,0.00066,0.924414,0.001857,-0.150391,0.0,0.5886,-0.1779,0.001295,0.001839,0.002962,10.269313,61.146843,0.00094135
4998561792,272593.7,-3.1e-05,0.93498,0.001701,-0.15625,0.0,0.5873,-0.178,0.001372,0.001947,0.002877,9.747401,59.904213,0.00108727
4999348224,272295.4,0.003354,1.153254,0.001704,-0.161133,0.0,0.5853,-0.179,0.00174,0.002437,0.003868,9.263556,65.045013,0.00096394
5000134656,272191.2,-0.000802,1.082,0.001705,-0.160156,0.0,0.583,-0.1798,0.002337,0.002711,0.003692,9.588131,64.889709,0.00104589
5000921088,272085.5,0.003864,1.032619,0.001788,-0.166992,0.0,0.5806,-0.1812,0.002427,0.002448,0.003592,9.893939,63.961834,0.0010176
5001707520,263320.5,-0.006089,1.065753,0.001762,-0.154297,0.0,0.5793,-0.1818,0.001584,0.001806,0.003504,9.955606,62.410301,0.0011074
5002493952,263222.6,0.002863,1.08358,0.001928,-0.139648,0.0,0.58,-0.1755,0.001749,0.001912,0.002826,9.711361,60.673981,0.00135347
5003280384,263125.1,-0.001043,0.675731,0.001706,-0.129883,0.0,0.5797,-0.169,0.001939,0.002056,0.002746,7.345682,67.214813,0.00118274
5004066816,263028.5,0.003432,0.860828,0.001842,-0.126953,0.0,0.5797,-0.1551,0.001749,0.001844,0.003253,8.179998,66.448296,0.00098032
5004853248,262714.7,0.002654,1.414154,0.0019,-0.151367,0.0,0.5793,-0.1589,0.004056,0.00229,0.003172,9.778674,64.602463,0.00073593
5005639680,262612.1,0.00146,1.206893,0.001879,-0.152344,0.0,0.5783,-0.168,0.002154,0.002226,0.003676,9.052285,63.029381,0.00096476
5006426112,262512.9,-0.005098,1.055202,0.001881,-0.154297,0.0,0.5772,-0.1791,0.002567,0.001814,0.002797,9.164589,61.250404,0.00079843
5007212544,262184.6,0.006497,0.870214,0.001836,-0.152344,0.0,0.5765,-0.1817,0.002412,0.002144,0.003996,8.24322,65.795105,0.00084285
5007998976,262091.3,0.004058,1.17612,0.001903,-0.161133,0.0,0.5766,-0.1784,0.00318,0.002329,0.004266,9.335777,65.355827,0.00095373
5008785408,261995.8,-0.004168,1.272643,0.001882,-0.165039,0.0,0.5775,-0.1774,0.003828,0.002048,0.002857,10.373623,64.214661,0.00091037
5009571840,261901.1,0.004129,1.282431,0.002015,-0.154297,0.0,0.5785,-0.1783,0.002464,0.00209,0.003499,10.766122,63.619701,0.00107896
5010358272,261603.9,0.002179,1.402582,0.001973,-0.15918,0.0,0.5805,-0.1811,0.001683,0.002344,0.003279,10.764791,62.503555,0.00104903
5011144704,261501.8,-0.003525,1.324621,0.001913,-0.15332,0.0,0.5827,-0.1814,0.002132,0.00201,0.002928,8.290361,67.052765,0.00115099
5011931136,261404.6,-0.000953,1.279718,0.001924,-0.155273,0.0,0.5837,-0.1797,0.001901,0.001964,0.003016,9.340511,66.86171,0.00128947
5012717568,261132.2,0.000595,1.629045,0.00196,-0.150391,0.0,0.5854,-0.1785,0.002,0.00178,0.003153,10.179514,65.469208,0.00105721
5013504000,261027.5,-0.009129,1.421632,0.001991,-0.15625,0.0,0.5861,-0.1781,0.001806,0.00206,0.00308,10.073449,65.083984,0.0009844
5014290432,260923.8,0.001651,1.838439,0.002017,-0.162109,0.0,0.5864,-0.1852,0.002137,0.001782,0.00301,10.36285,64.786636,0.00136939
5015076864,260824.5,0.006063,1.321337,0.002022,-0.152344,0.0,0.5859,-0.1885,0.001736,0.00218,0.003444,11.457507,63.436539,0.0013063
5015863296,260534.5,-0.003602,1.423325,0.001978,-0.139648,0.0,0.5852,-0.1883,0.002067,0.002407,0.003309,8.156322,67.653275,0.00121447
5016649728,260435.4,0.000431,0.850872,0.001755,-0.116699,0.0,0.5841,-0.1809,0.001677,0.002109,0.002938,6.77906,67.614395,0.00102454
5017436160,260336.5,-0.00202,0.786555,0.001769,-0.117188,0.0,0.5825,-0.1727,0.001497,0.001935,0.002963,7.798403,66.742554,0.00094313
5018222592,260068.8,-0.002989,1.131056,0.001835,-0.132812,0.0,0.5814,-0.169,0.001692,0.001953,0.002692,10.219717,64.621239,0.00084179
5019009024,259972.5,-0.002007,1.340959,0.001849,-0.15625,0.0,0.5816,-0.1657,0.001568,0.001542,0.002478,9.77792,63.345688,0.00085916
5019795456,259873.6,0.001546,1.132673,0.00173,-0.163086,0.0,0.582,-0.1676,0.001499,0.001693,0.002657,8.104003,67.342331,0.00099418
5020581888,259777.6,0.005271,1.361558,0.001712,-0.177734,0.0,0.5826,-0.1642,0.002202,0.002138,0.0034,10.539743,66.416153,0.00109229
5021368320,259505.4,-0.002018,2.030123,0.001727,-0.172852,0.0,0.5835,-0.1644,0.002032,0.001798,0.003521,10.544677,65.189247,0.00120153
5022154752,259403.9,0.002291,1.693871,0.001745,-0.167969,0.0,0.5828,-0.1632,0.003418,0.002527,0.004218,10.912591,64.424652,0.00155621
5022941184,259307.7,-0.001871,1.539165,0.001787,-0.167969,0.0,0.5821,-0.1667,0.002261,0.002082,0.002789,11.720289,62.338406,0.00150348
5023727616,259208.8,-0.002693,1.054699,0.001669,-0.177734,0.0,0.5817,-0.1708,0.001543,0.002073,0.002848,10.446978,60.499451,0.00113462
5024514048,258946.2,0.001071,1.480836,0.001698,-0.179688,0.0,0.5818,-0.1765,0.002242,0.002323,0.00304,9.213062,66.499977,0.00114216
5025300480,258848.6,-0.011352,1.126597,0.001772,-0.172852,0.0,0.5818,-0.1798,0.001745,0.002385,0.003494,9.372133,66.174538,0.00140461
5026086912,258754.1,-0.001135,0.968404,0.001801,-0.170898,0.0,0.5811,-0.1814,0.001301,0.001948,0.002176,11.678841,64.173866,0.00129052
5026873344,258481.0,0.008657,1.449907,0.001813,-0.165039,0.0,0.5821,-0.1821,0.001423,0.002097,0.002793,11.392911,62.453644,0.00127029
5027659776,258386.7,-0.001926,1.100712,0.001834,-0.155273,0.0,0.5832,-0.1813,0.001879,0.002495,0.003027,10.348499,60.816742,0.00130743
5028446208,258293.0,-0.003248,1.026737,0.001864,-0.141602,0.0,0.5837,-0.1779,0.00252,0.00191,0.002979,8.249843,67.299736,0.00118375
5029232640,258199.3,0.007383,1.084225,0.001992,-0.145508,0.0,0.5845,-0.1733,0.001996,0.001913,0.002563,9.055917,66.523483,0.00097696
5030019072,257938.8,-0.00726,1.02786,0.001975,-0.150391,0.0,0.5846,-0.1741,0.002211,0.002386,0.003825,9.848882,64.870453,0.00101117
5030805504,257845.0,-0.003327,1.145349,0.001822,-0.15918,0.0,0.5844,-0.181,0.001885,0.00199,0.003358,10.134987,63.473949,0.00105107
5031591936,257753.1,-0.002954,0.768205,0.001965,-0.140625,0.0,0.5854,-0.1844,0.001979,0.002251,0.003564,10.196685,62.708038,0.00100075
5032378368,257500.1,0.001216,1.313587,0.001865,-0.162109,0.0,0.586,-0.1869,0.002225,0.002247,0.003276,8.561938,66.73024,0.00103389
5033164800,257408.3,0.006211,1.30323,0.002023,-0.183594,0.0,0.5882,-0.1808,0.00316,0.002976,0.003787,10.441435,65.658112,0.00105928
5033951232,257316.6,0.006131,1.541367,0.001983,-0.183594,0.0,0.5903,-0.1831,0.003308,0.002704,0.003795,11.100545,65.177628,0.00120312
5034737664,257226.3,0.001933,1.697747,0.002015,-0.186523,0.0,0.5916,-0.1861,0.002526,0.001864,0.00308,11.270556,64.172348,0.00154878
5035524096,256941.0,0.000636,1.23844,0.002045,-0.166992,0.0,0.5909,-0.1881,0.002253,0.001965,0.003089,11.609534,60.709015,0.0013114
5036310528,256849.9,0.005251,0.975229,0.002086,-0.160156,0.0,0.5892,-0.1882,0.001861,0.002223,0.003953,10.745635,60.370354,0.00130103
5037096960,256758.8,-0.00414,1.031021,0.00203,-0.164062,0.0,0.5885,-0.186,0.002231,0.002312,0.003521,9.635639,65.73027,0.00098436
5037883392,256478.6,-0.001241,1.462326,0.002029,-0.166016,0.0,0.588,-0.1863,0.001406,0.001722,0.002794,11.377689,65.385323,0.00114872
5038669824,256388.2,0.000271,1.288988,0.002035,-0.158203,0.0,0.5868,-0.1861,0.001983,0.002598,0.003387,10.683496,64.786179,0.00120432
5039456256,256295.7,0.012359,1.627438,0.001978,-0.170898,0.0,0.5869,-0.1875,0.001936,0.002156,0.004077,10.92398,64.391533,0.00121649
5040242688,256204.3,-0.004522,1.295387,0.001888,-0.166016,0.0,0.5866,-0.192,0.001694,0.00226,0.003094,11.14535,62.846222,0.00130088
5041029120,255926.2,0.000737,1.58415,0.001893,-0.164062,0.0,0.5866,-0.1957,0.001577,0.002262,0.003486,9.396314,67.463799,0.00126482
5041815552,255836.0,-0.005275,1.379579,0.001853,-0.165039,0.0,0.5867,-0.1995,0.001958,0.00226,0.003263,10.430247,66.520248,0.0011625
5042601984,255745.9,0.000131,1.381996,0.001789,-0.162109,0.0,0.5869,-0.1958,0.001898,0.002663,0.003633,9.918045,66.339554,0.00134434
5043388416,255473.5,-0.001619,1.548922,0.001811,-0.15625,0.0,0.5873,-0.198,0.002047,0.001756,0.002558,9.991307,65.275696,0.00131253
5044174848,255383.7,0.002257,1.503235,0.002011,-0.15332,0.0,0.589,-0.2017,0.001815,0.002619,0.003732,11.434876,64.284325,0.00115933
5044961280,255292.8,0.000558,1.459642,0.001988,-0.164062,0.0,0.5896,-0.2105,0.00232,0.002488,0.004082,8.417409,68.096634,0.00099526
5045747712,255203.4,0.00415,1.888323,0.001969,-0.178711,0.0,0.5899,-0.2246,0.001752,0.001985,0.002955,10.026971,67.419479,0.0011445
5046534144,254941.4,-0.005252,1.74882,0.001991,-0.166992,0.0,0.5897,-0.2302,0.001761,0.002284,0.003498,10.139127,66.729156,0.00118936
5047320576,254846.6,0.005323,1.156817,0.001948,-0.144531,0.0,0.5891,-0.2277,0.001674,0.002075,0.003071,9.545864,65.718246,0.00120346
5048107008,254752.1,0.000489,1.350578,0.001907,-0.162109,0.0,0.5882,-0.2292,0.002205,0.002168,0.002732,10.743592,64.857529,0.00128082
5048893440,254660.2,-0.00272,0.961392,0.001889,-0.154297,0.0,0.5874,-0.2277,0.001655,0.002057,0.002983,10.433209,62.953014,0.00114227
5049679872,254388.5,-0.000322,1.428891,0.001823,-0.165039,0.0,0.5867,-0.227,0.002111,0.002303,0.003481,8.946198,67.506416,0.00104764
5050466304,254295.0,0.000651,1.206201,0.001838,-0.166992,0.0,0.5863,-0.228,0.001946,0.002141,0.003288,9.808259,66.431236,0.00116169
5051252736,254197.0,-0.001272,0.899698,0.001784,-0.161133,0.0,0.5864,-0.2227,0.002133,0.001852,0.003019,10.382972,65.220985,0.00149402
5052039168,253934.2,0.00356,1.266119,0.001833,-0.168945,0.0,0.5871,-0.219,0.002451,0.001914,0.002869,11.674088,63.398651,0.00124081
5052825600,253843.7,0.005165,1.27517,0.001808,-0.172852,0.0,0.5881,-0.218,0.001835,0.002419,0.003522,10.857792,62.289124,0.00141781
5053612032,253753.3,-0.003044,1.167768,0.001828,-0.163086,0.0,0.5886,-0.2176,0.001765,0.001974,0.003631,8.607378,67.433601,0.00132873
5054398464,253665.9,0.003284,1.569598,0.001866,-0.181641,0.0,0.589,-0.2188,0.00237,0.002403,0.00313,11.303952,66.790916,0.00117121
5055184896,253399.6,0.009334,2.423126,0.001896,-0.196289,0.0,0.5883,-0.2277,0.001951,0.002062,0.003385,11.496427,65.423241,0.00131352
5055971328,253310.9,0.004763,1.384024,0.002026,-0.170898,0.0,0.5874,-0.2349,0.002441,0.002004,0.003207,11.360331,64.007965,0.00152708
5056757760,253222.5,0.00025,1.384091,0.00185,-0.168945,0.0,0.5866,-0.2407,0.001623,0.00133,0.002226,11.462693,62.83485,0.00126625
5057544192,252975.3,0.00071,1.267648,0.001863,-0.170898,0.0,0.5866,-0.2446,0.002031,0.00202,0.002969,9.658226,66.531067,0.00156031
5058330624,252881.5,0.001312,1.171678,0.001969,-0.166016,0.0,0.587,-0.248,0.001954,0.002118,0.003712,10.19985,66.481033,0.0011357
5059117056,252793.8,-0.003392,1.059157,0.001868,-0.158203,0.0,0.5869,-0.2465,0.002029,0.002687,0.004244,9.993484,66.047806,0.00146957
5059903488,252705.5,-0.006443,1.102475,0.001935,-0.160156,0.0,0.5857,-0.2529,0.001585,0.001678,0.002736,10.432281,66.094887,0.00136977
5060689920,252426.6,-0.004325,1.381929,0.001895,-0.141602,0.0,0.5838,-0.2556,0.001792,0.002389,0.003395,10.692168,65.022629,0.00118919
5061476352,252338.6,0.00765,1.368595,0.001803,-0.150391,0.0,0.5817,-0.2582,0.002057,0.002102,0.003414,9.662302,64.073357,0.00122487
5062262784,252251.0,0.005324,1.254659,0.001797,-0.140625,0.0,0.5804,-0.2561,0.002513,0.00215,0.003642,9.15518,68.270035,0.00114889
5063049216,251970.7,0.003524,1.339826,0.001795,-0.150391,0.0,0.5797,-0.2541,0.001715,0.00209,0.004303,9.364008,67.891403,0.00104273
5063835648,251883.5,-0.001834,1.431635,0.001765,-0.133789,0.0,0.5802,-0.2517,0.001692,0.002124,0.003589,9.967161,67.421288,0.00105874
5064622080,251796.6,0.005621,1.05703,0.001947,-0.12793,0.0,0.5811,-0.2521,0.001893,0.002082,0.00339,8.9823,66.566284,0.00094372
5065408512,251708.0,-0.004674,0.802404,0.002017,-0.120605,0.0,0.581,-0.2483,0.002058,0.002055,0.002818,8.823714,65.678421,0.00103157
5066194944,251433.5,-0.000569,0.983628,0.001796,-0.132812,0.0,0.5811,-0.2462,0.001718,0.001523,0.00239,8.531864,68.961838,0.0008254
5066981376,251347.9,0.003136,1.353443,0.001881,-0.148438,0.0,0.5806,-0.2498,0.002326,0.002342,0.003464,9.692744,68.244453,0.00094253
5067767808,251262.4,-0.000192,1.64329,0.002004,-0.157227,0.0,0.5797,-0.2526,0.001428,0.001836,0.003051,10.199283,66.982849,0.00106372
5068554240,250966.5,-0.008993,1.262662,0.001914,-0.157227,0.0,0.5787,-0.2496,0.002092,0.002007,0.003316,9.952809,65.396011,0.00111045
5069340672,250880.9,0.00484,1.041022,0.002013,-0.135742,0.0,0.5771,-0.2468,0.002053,0.002133,0.003341,8.786031,64.402306,0.00110177
5070127104,250795.2,-0.002721,0.862589,0.001991,-0.138672,0.0,0.5762,-0.2404,0.001592,0.00208,0.002895,8.8047,67.699799,0.00079795
5070913536,250709.8,0.000575,0.908461,0.001976,-0.141602,0.0,0.5758,-0.2362,0.001683,0.002057,0.003658,8.756904,68.073578,0.00087693
5071699968,250355.5,-0.003124,1.361094,0.001975,-0.145508,0.0,0.5752,-0.2311,0.002178,0.002572,0.003622,9.929893,67.752136,0.00087497
5072486400,250269.9,-0.006022,1.441657,0.001826,-0.157227,0.0,0.5736,-0.2271,0.001797,0.002308,0.003549,11.0266,66.998749,0.00098641
5073272832,250184.7,0.005822,1.503145,0.002009,-0.155273,0.0,0.5735,-0.2231,0.002392,0.002152,0.003852,10.562149,65.560272,0.00107481
5074059264,249885.5,0.004402,1.543804,0.001758,-0.158203,0.0,0.574,-0.2167,0.002255,0.00239,0.003697,10.378734,63.393517,0.00109643
5074845696,249800.4,0.000256,1.192139,0.001854,-0.134766,0.0,0.574,-0.2121,0.001732,0.002062,0.00291,8.92716,67.91391,0.00117088
5075632128,249715.5,-0.002856,1.127309,0.001907,-0.141602,0.0,0.5743,-0.2096,0.00307,0.002839,0.003828,8.936345,67.594101,0.00092917
5076418560,249630.4,-0.003409,0.997608,0.001972,-0.143555,0.0,0.5745,-0.205,0.002013,0.00189,0.002909,8.479226,66.54232,0.0008746
5077204992,249340.7,0.001737,1.064424,0.001955,-0.145508,0.0,0.5744,-0.202,0.001876,0.001819,0.002826,9.842893,64.543793,0.00087509
5077991424,249256.3,0.000152,1.371577,0.001804,-0.166016,0.0,0.5744,-0.2056,0.002566,0.002331,0.00343,10.463144,63.728466,0.00097111
5078777856,249172.4,-0.001097,1.383285,0.001861,-0.176758,0.0,0.5751,-0.2072,0.001752,0.00191,0.002798,9.896195,68.185143,0.00101167
5079564288,249087.8,-0.001795,1.69956,0.001784,-0.178711,0.0,0.5751,-0.2153,0.002102,0.002087,0.003258,10.757225,67.828438,0.00123733
5080350720,248788.1,0.005782,2.097741,0.001783,-0.170898,0.0,0.5756,-0.2251,0.001949,0.001993,0.003465,10.915409,67.165695,0.00127702
5081137152,248703.8,-0.001973,1.266952,0.001843,-0.166016,0.0,0.5757,-0.2277,0.001735,0.002229,0.003521,11.118048,66.09285,0.00148951
5081923584,248610.3,-0.002279,1.24206,0.001783,-0.164062,0.0,0.576,-0.2296,0.001877,0.002332,0.003218,10.65136,65.151939,0.00133097
5082710016,248311.9,-0.000826,1.304128,0.001789,-0.15918,0.0,0.5762,-0.2281,0.002269,0.001988,0.003299,8.535975,68.888176,0.00110135
5083496448,248226.0,0.002176,1.607302,0.001864,-0.152344,0.0,0.577,-0.218,0.001478,0.002169,0.002581,10.128229,68.233658,0.00117412
5084282880,248138.9,-0.001596,1.16168,0.001858,-0.150391,0.0,0.5784,-0.2132,0.001598,0.001875,0.002816,10.537989,67.786255,0.00118236
5085069312,248046.3,0.003375,1.444293,0.001969,-0.154297,0.0,0.58,-0.2096,0.001305,0.001536,0.002489,10.03832,67.595261,0.00101557
5085855744,247733.2,-0.002543,1.375508,0.001868,-0.157227,0.0,0.5804,-0.2063,0.001589,0.002236,0.003143,10.068812,65.239639,0.00104162
5086642176,247649.7,-0.008726,1.002147,0.001879,-0.147461,0.0,0.5804,-0.2054,0.001994,0.002088,0.003324,10.188589,63.853588,0.00115147
5087428608,247560.6,0.00439,1.509296,0.001907,-0.165039,0.0,0.5806,-0.2062,0.001883,0.002252,0.003348,10.043465,68.790611,0.00112169
5088215040,247280.3,0.009668,1.554818,0.002065,-0.150391,0.0,0.5808,-0.2046,0.001919,0.001851,0.003205,9.680507,67.613571,0.00105842
5089001472,247193.3,-0.006405,1.184292,0.00182,-0.158203,0.0,0.5829,-0.2001,0.00143,0.001461,0.002462,9.828679,66.630135,0.001101
5089787904,247105.0,-0.001423,1.106481,0.001989,-0.150391,0.0,0.5854,-0.1892,0.001988,0.002231,0.003369,11.036675,65.81813,0.00088971
5090574336,247017.4,0.001702,1.366149,0.001916,-0.148438,0.0,0.5875,-0.1887,0.001265,0.001399,0.002669,11.043281,65.011734,0.00118118
5091360768,246689.0,-0.004545,1.208981,0.00197,-0.139648,0.0,0.5886,-0.1852,0.002192,0.001761,0.002564,9.054849,69.606384,0.00120657
5092147200,246606.1,0.0027,1.667687,0.002018,-0.149414,0.0,0.5897,-0.1856,0.001609,0.001903,0.002923,10.235737,69.24733,0.00104766
5092933632,246522.4,-0.003565,1.334072,0.00203,-0.130859,0.0,0.5906,-0.1868,0.001911,0.002019,0.003467,9.648231,69.047409,0.00113854
5093720064,246241.4,-0.004488,1.133735,0.002091,-0.134766,0.0,0.5907,-0.1883,0.001459,0.001743,0.002849,7.768951,67.581291,0.00103554
5094506496,246159.1,-0.005351,1.189607,0.001886,-0.130859,0.0,0.5902,-0.1836,0.002397,0.002041,0.003481,10.118403,66.875938,0.00083384
5095292928,246069.6,-0.00277,1.211202,0.001763,-0.138672,0.0,0.5899,-0.1791,0.002111,0.001765,0.002942,6.803798,65.379051,0.00088872
5096079360,245983.8,0.0022,1.14821,0.001802,-0.125977,0.0,0.5897,-0.1748,0.002012,0.001758,0.003124,7.414036,69.011215,0.0007978
5096865792,245700.8,0.001192,0.789396,0.001838,-0.119629,0.0,0.5905,-0.1663,0.002289,0.002032,0.003885,8.72403,68.228363,0.00077953
5097652224,245617.7,0.00755,1.154302,0.001967,-0.146484,0.0,0.5924,-0.1613,0.003064,0.00174,0.003179,11.70417,66.996147,0.00067578
5098438656,245534.3,0.001646,1.453537,0.001795,-0.164062,0.0,0.5939,-0.167,0.003038,0.00227,0.00353,10.449339,65.500534,0.00095518
5099225088,245223.1,0.00412,1.345853,0.001937,-0.155273,0.0,0.5954,-0.1644,0.00265,0.002155,0.0034,9.057957,62.775078,0.00113646
5100011520,245139.0,0.001381,1.513959,0.001823,-0.165039,0.0,0.5957,-0.1693,0.001908,0.002202,0.003369,10.467438,67.451874,0.00120305
5100797952,245056.0,0.00065,1.107978,0.001832,-0.154297,0.0,0.5959,-0.1648,0.001421,0.001788,0.00287,10.01906,66.732651,0.00123137
5101584384,244972.6,-0.001486,1.352049,0.00205,-0.162109,0.0,0.5957,-0.165,0.00202,0.002213,0.003995,11.288866,66.511772,0.00098659
5102370816,244702.9,-0.00709,1.324563,0.001917,-0.155273,0.0,0.5953,-0.1661,0.001557,0.001441,0.003028,9.715473,65.911392,0.0011828
5103157248,244620.6,-0.001154,1.071301,0.001937,-0.150391,0.0,0.5948,-0.1668,0.001429,0.001713,0.003488,9.705802,64.678818,0.00118016
5103943680,244538.9,-0.003616,1.007284,0.00178,-0.154297,0.0,0.5945,-0.1688,0.001618,0.001617,0.002795,9.111944,68.741188,0.00119142
5104730112,244457.1,0.002897,1.149221,0.001707,-0.164062,0.0,0.5939,-0.174,0.001369,0.001799,0.002413,9.011315,68.546677,0.00109402
5105516544,244170.1,0.003466,1.593715,0.001804,-0.165039,0.0,0.5943,-0.1769,0.00191,0.002456,0.003619,10.200448,67.790459,0.00108293
5106302976,244090.5,0.003308,1.353944,0.001831,-0.146484,0.0,0.5946,-0.1722,0.00114,0.001791,0.002857,9.446186,66.487267,0.00135336
5107089408,244011.0,0.000256,0.964193,0.001854,-0.141602,0.0,0.5941,-0.1625,0.001865,0.002307,0.003496,10.128719,66.000015,0.00104784
5107875840,243757.4,-0.002123,1.108321,0.001951,-0.146484,0.0,0.5937,-0.1574,0.001817,0.001701,0.002789,9.560169,68.458092,0.00101621
5108662272,243675.8,0.005711,1.996387,0.001834,-0.155273,0.0,0.5928,-0.155,0.002175,0.002449,0.003556,10.152538,68.684784,0.00097984
5109448704,243594.3,0.004762,2.106431,0.00192,-0.170898,0.0,0.5916,-0.158,0.002106,0.002983,0.004257,10.877469,68.610184,0.00105233
5110235136,243513.1,0.001465,1.322859,0.001873,-0.146484,0.0,0.5904,-0.1586,0.002227,0.00186,0.00276,10.136944,68.126633,0.00122152
5111021568,243268.3,0.00127,1.172455,0.002229,-0.142578,0.0,0.5894,-0.1597,0.001964,0.002125,0.002833,8.846951,66.820175,0.00116901
5111808000,243189.8,-0.003688,0.80559,0.002047,-0.143555,0.0,0.5883,-0.1582,0.001851,0.002089,0.002759,10.607127,65.148178,0.00104642
5112594432,243110.7,0.00149,1.360484,0.001962,-0.148438,0.0,0.5879,-0.1617,0.003127,0.00235,0.00341,9.797375,69.115982,0.00118313
5113380864,242873.2,0.008082,1.082756,0.001889,-0.144531,0.0,0.5867,-0.165,0.002268,0.002406,0.003843,8.433369,68.970856,0.001029
5114167296,242791.5,0.004641,1.338825,0.001931,-0.141602,0.0,0.5861,-0.1691,0.001795,0.00235,0.003072,9.610849,68.305908,0.0009779
5114953728,242709.7,-0.002501,0.971097,0.001772,-0.148438,0.0,0.586,-0.172,0.001663,0.001788,0.002275,9.953612,67.310173,0.00098324
5115740160,242621.1,-0.003621,0.939291,0.001865,-0.151367,0.0,0.5858,-0.1737,0.002212,0.001788,0.002772,10.248111,66.038582,0.00101292
5116526592,242397.8,0.004143,1.045964,0.001877,-0.139648,0.0,0.5856,-0.1752,0.001411,0.001645,0.002681,8.16503,69.531296,0.0010277
5117313024,242318.0,-0.007731,1.155789,0.002212,-0.143555,0.0,0.5846,-0.1752,0.001401,0.001651,0.002128,9.40411,69.433685,0.00080598
5118099456,242239.4,0.004311,0.843576,0.002003,-0.131836,0.0,0.5833,-0.1787,0.001753,0.002296,0.003162,8.561848,69.117584,0.00102518
5118885888,241991.2,-0.0025,0.849587,0.002137,-0.131836,0.0,0.5819,-0.1756,0.001335,0.001482,0.002521,9.450201,67.752617,0.0009356
5119672320,241912.6,0.001377,1.001562,0.001834,-0.139648,0.0,0.5815,-0.1741,0.001319,0.001522,0.002518,9.820221,67.272575,0.00102559
5120458752,241833.1,0.000829,0.977418,0.001963,-0.148438,0.0,0.5816,-0.1743,0.001534,0.001677,0.002407,10.016925,64.606369,0.00105298
5121245184,241752.9,-0.000382,0.812443,0.002007,-0.146484,0.0,0.582,-0.1763,0.001495,0.001763,0.003192,8.427507,69.919266,0.0010571
5122031616,241534.0,0.000193,1.487651,0.001835,-0.155273,0.0,0.5835,-0.1764,0.001514,0.001693,0.002844,9.258081,68.649063,0.00089537
5122818048,241456.3,0.003127,1.623231,0.001997,-0.155273,0.0,0.5845,-0.1752,0.002113,0.002066,0.003569,10.647388,67.829636,0.00095088
5123604480,241379.0,-0.002582,1.312775,0.002256,-0.147461,0.0,0.5856,-0.1763,0.002781,0.001666,0.002815,9.561588,67.499344,0.00100205
5124390912,241155.8,0.004431,1.338865,0.00204,-0.139648,0.0,0.5868,-0.1793,0.002057,0.001495,0.00224,8.470174,64.668747,0.00097976
5125177344,241077.5,-0.004778,0.976605,0.002028,-0.134766,0.0,0.5865,-0.1826,0.001954,0.001967,0.003284,7.856564,70.505791,0.00103113
5125963776,240999.0,-0.00271,0.935756,0.002284,-0.138672,0.0,0.5864,-0.1808,0.002664,0.001944,0.003419,8.356992,69.653625,0.00085108
5126750208,240920.2,-0.000449,0.983687,0.002126,-0.144531,0.0,0.5862,-0.1751,0.001872,0.002183,0.003406,8.946788,69.105232,0.00102566
5127536640,240664.5,-9.2e-05,1.243234,0.002033,-0.15918,0.0,0.5867,-0.1711,0.00166,0.002213,0.003393,12.265357,66.607903,0.00100568
5128323072,240573.1,0.001038,1.100789,0.001907,-0.150391,0.0,0.5875,-0.1719,0.001677,0.001818,0.002507,10.06191,65.919342,0.00102783
5129109504,240493.7,-0.002882,1.58095,0.001958,-0.170898,0.0,0.5874,-0.1735,0.001363,0.002013,0.00281,10.130472,69.781105,0.00098828
5129895936,240416.1,0.004745,1.167012,0.001881,-0.157227,0.0,0.5873,-0.1715,0.001936,0.00213,0.003163,8.513962,69.400955,0.001425
5130682368,239467.1,0.001821,1.221983,0.002088,-0.158203,0.0,0.5876,-0.1653,0.001743,0.002071,0.003217,10.517169,68.251678,0.00116683
5131468800,239388.1,-0.000637,1.16733,0.001987,-0.168945,0.0,0.5881,-0.1623,0.001727,0.002005,0.003096,11.105985,66.835983,0.00129425
5132255232,239308.3,-0.001285,1.172472,0.002427,-0.169922,0.0,0.5889,-0.157,0.001751,0.001936,0.0026,11.37291,65.260452,0.00096788
5133041664,238616.1,7.7e-05,1.152757,0.001984,-0.15625,0.0,0.589,-0.1547,0.001131,0.001626,0.002632,9.494997,69.519608,0.00101541
5133828096,238539.4,-0.007622,1.08464,0.002022,-0.148438,0.0,0.5884,-0.1529,0.002141,0.002239,0.00319,8.902299,69.1996,0.00135968
5134614528,238460.8,-0.004364,1.453091,0.00195,-0.15625,0.0,0.5879,-0.1549,0.001836,0.001971,0.003269,9.606395,68.962433,0.00108939
5135400960,238384.6,-0.002433,1.032402,0.002048,-0.15332,0.0,0.5872,-0.1583,0.001944,0.002137,0.003521,8.770196,68.257263,0.000978
5136187392,237738.6,-0.00024,1.191265,0.002087,-0.15625,0.0,0.5864,-0.1563,0.0019,0.00241,0.004203,9.621302,66.611748,0.00118379
5136973824,237661.6,0.008686,1.26457,0.001859,-0.169922,0.0,0.5852,-0.1567,0.001654,0.002115,0.003094,10.673351,64.778786,0.00105653
5137760256,237585.0,0.000926,1.207218,0.001826,-0.168945,0.0,0.5851,-0.1547,0.001812,0.001886,0.003093,9.931431,69.213287,0.00139301
5138546688,237355.4,0.002798,1.39459,0.001799,-0.152344,0.0,0.5851,-0.1564,0.001451,0.001917,0.002792,10.083518,68.877075,0.00133097
5139333120,237281.5,0.004906,1.481705,0.00182,-0.162109,0.0,0.5855,-0.1597,0.001669,0.002179,0.003352,11.761813,68.798546,0.00117823
5140119552,237207.6,0.006929,1.0758,0.001819,-0.144531,0.0,0.5854,-0.1584,0.001419,0.00215,0.002773,10.552343,67.753952,0.00117925
5140905984,237132.9,-0.000592,0.762877,0.0019,-0.133789,0.0,0.5849,-0.1533,0.001569,0.002072,0.003056,8.710111,67.418167,0.00116179
5141692416,236788.5,0.00023,0.977778,0.001758,-0.140625,0.0,0.5846,-0.1537,0.001854,0.002027,0.003285,8.489337,69.94017,0.00104065
5142478848,236714.7,0.002796,1.210754,0.001775,-0.147461,0.0,0.584,-0.1467,0.001959,0.001944,0.003732,9.898062,69.291702,0.00095517
5143265280,236640.2,0.001098,0.783875,0.001731,-0.136719,0.0,0.5832,-0.1404,0.001284,0.001742,0.002902,9.510969,69.140701,0.00088616
5144051712,236406.0,-0.002026,0.810367,0.00175,-0.132812,0.0,0.5823,-0.1344,0.001726,0.001946,0.003166,10.513786,68.160233,0.00094473
5144838144,236332.5,0.00546,1.213293,0.001838,-0.141602,0.0,0.5821,-0.1381,0.00177,0.002015,0.002809,8.794656,67.386696,0.00100136
5145624576,236259.0,0.006024,1.308408,0.001748,-0.146484,0.0,0.5821,-0.1388,0.002393,0.002565,0.003224,10.08628,64.733597,0.00088956
5146411008,236185.7,0.003622,1.190421,0.001803,-0.152344,0.0,0.582,-0.1426,0.001989,0.002189,0.003297,9.144846,69.603363,0.00094132
5147197440,235964.3,-0.001581,1.941704,0.001813,-0.177734,0.0,0.5822,-0.1512,0.001683,0.001772,0.002753,11.506145,68.307373,0.00081683
5147983872,235891.5,-0.00207,1.934569,0.001793,-0.188477,0.0,0.5814,-0.1646,0.002544,0.002163,0.002719,11.867944,66.773849,0.00109398
5148770304,235818.7,-0.002561,1.255951,0.001824,-0.176758,0.0,0.5805,-0.1743,0.002944,0.00216,0.003046,11.296084,65.290825,0.00134078
5149556736,235600.5,0.004146,1.23595,0.001936,-0.161133,0.0,0.5801,-0.1785,0.001854,0.001863,0.002307,10.909245,61.952938,0.00117517
5150343168,235520.9,0.002649,1.042268,0.001815,-0.15625,0.0,0.5798,-0.1793,0.00176,0.002097,0.003313,8.517192,70.001114,0.00116285
5151129600,235447.7,-0.004204,0.972099,0.001767,-0.157227,0.0,0.5794,-0.176,0.002343,0.002546,0.003429,9.552448,68.56591,0.00112523
5151916032,235374.9,-0.005072,0.906946,0.001897,-0.167969,0.0,0.5788,-0.1758,0.002262,0.00214,0.002433,10.926633,68.096428,0.00116439
5152702464,235152.7,-0.004528,0.887139,0.002033,-0.160156,0.0,0.5781,-0.1759,0.002435,0.002023,0.002771,12.008691,66.30748,0.00122409
5153488896,235079.6,-0.002665,0.948188,0.002012,-0.160156,0.0,0.5767,-0.1826,0.002265,0.001916,0.002754,10.800784,65.195786,0.0012954
5154275328,235006.9,-0.001239,1.247866,0.002111,-0.155273,0.0,0.5748,-0.1901,0.001887,0.001791,0.002703,10.67025,63.496788,0.00135485
5155061760,234934.7,-0.006681,0.79559,0.00203,-0.142578,0.0,0.5733,-0.19,0.002031,0.001901,0.002422,9.564745,69.531456,0.00122456
5155848192,234722.9,-8.6e-05,1.400509,0.001901,-0.151367,0.0,0.5717,-0.1858,0.001555,0.002223,0.003077,9.602586,68.635544,0.00105725
5156634624,234649.8,0.000331,1.006677,0.002014,-0.145508,0.0,0.5713,-0.1806,0.001244,0.001813,0.002636,10.240373,67.268524,0.00105364
5157421056,234576.7,0.005152,0.979979,0.002006,-0.145508,0.0,0.5713,-0.1763,0.001494,0.001799,0.00245,8.560143,66.734055,0.00089924
5158207488,234365.6,0.000304,0.687704,0.002063,-0.133789,0.0,0.5713,-0.1741,0.002016,0.00183,0.002739,9.112045,63.638912,0.00114573
5158993920,234294.5,0.001647,0.994305,0.001957,-0.140625,0.0,0.5708,-0.1725,0.001816,0.001974,0.003294,8.600318,70.02916,0.00105679
5159780352,234222.4,-0.005674,0.998324,0.002049,-0.128906,0.0,0.571,-0.17,0.001658,0.001913,0.002948,9.576276,69.573387,0.00093794
5160566784,234150.2,-0.002995,1.23775,0.002088,-0.131836,0.0,0.5707,-0.1682,0.002178,0.00178,0.002968,10.292484,68.956894,0.00092046
5161353216,233950.5,-0.006848,1.02844,0.002288,-0.142578,0.0,0.5709,-0.1722,0.002072,0.002412,0.003465,8.896229,68.50399,0.001067
5162139648,233878.5,0.004234,0.688843,0.001991,-0.130859,0.0,0.571,-0.1696,0.001317,0.001895,0.002827,8.26782,67.419922,0.00100004
5162926080,233806.9,-0.001329,0.884387,0.001975,-0.138672,0.0,0.5713,-0.1654,0.001262,0.001517,0.00223,9.714995,70.800659,0.00106449
5163712512,233592.3,0.005401,1.275432,0.001895,-0.152344,0.0,0.5722,-0.1635,0.0016,0.001928,0.002798,11.304333,69.556717,0.00093812
5164498944,233515.4,-0.004259,1.312028,0.001835,-0.166016,0.0,0.5731,-0.1616,0.003534,0.002154,0.002965,10.929613,69.00415,0.00098472
5165285376,233438.6,0.007453,1.239233,0.001883,-0.15332,0.0,0.5744,-0.1562,0.002327,0.002114,0.003054,10.248929,68.282455,0.0012295
5166071808,233364.8,-0.000651,1.187193,0.001867,-0.148438,0.0,0.5749,-0.1534,0.001925,0.002021,0.002381,9.69278,67.654755,0.00130893
5166858240,233150.6,-0.00045,1.148846,0.001994,-0.143555,0.0,0.5748,-0.1518,0.001819,0.002178,0.004104,9.120565,71.571014,0.00115445
5167644672,233077.5,-0.000932,1.208092,0.001972,-0.147461,0.0,0.5756,-0.1485,0.001858,0.002222,0.003042,8.393197,71.061142,0.00107175
5168431104,233004.8,0.003977,1.064599,0.0021,-0.15332,0.0,0.5765,-0.1479,0.001987,0.001918,0.002823,9.982129,69.802361,0.00097885
5169217536,232792.5,-0.006026,1.314205,0.002004,-0.162109,0.0,0.5776,-0.1528,0.001588,0.001407,0.002157,11.470752,68.327301,0.00095242
5170003968,232721.1,0.006317,1.440508,0.001978,-0.145508,0.0,0.5787,-0.1505,0.001401,0.001663,0.002425,11.956436,67.590942,0.00142186
5170790400,232650.1,0.001984,1.26575,0.002007,-0.149414,0.0,0.5795,-0.1536,0.001724,0.002586,0.003114,9.796836,66.153244,0.00128318
5171576832,232576.5,-0.004801,0.775678,0.00195,-0.138672,0.0,0.5799,-0.1544,0.001696,0.002001,0.002824,7.741451,70.661041,0.00141131
5172363264,232293.5,-0.000141,1.462951,0.002142,-0.148438,0.0,0.5806,-0.1574,0.001665,0.001994,0.003163,8.260505,69.531609,0.00090193
5173149696,232220.5,-0.000839,1.394029,0.0019,-0.144531,0.0,0.5804,-0.1612,0.001621,0.001825,0.002622,9.585361,69.200256,0.00121252
5173936128,232150.5,-0.003526,1.170949,0.00194,-0.149414,0.0,0.5801,-0.1644,0.001332,0.001409,0.002152,10.191456,68.78064,0.00111646
5174722560,231932.9,0.004469,1.280763,0.001964,-0.147461,0.0,0.5803,-0.1656,0.001429,0.001704,0.002602,8.222289,66.377304,0.00112631
5175508992,231862.2,-0.004402,1.206052,0.001932,-0.130859,0.0,0.5813,-0.1533,0.001735,0.001891,0.002817,9.166465,71.37442,0.00113111
5176295424,231791.2,0.000142,1.283579,0.00191,-0.132812,0.0,0.5835,-0.1363,0.002062,0.002298,0.003061,9.999287,71.037277,0.00114087
5177081856,231720.8,0.001541,1.19486,0.001991,-0.136719,0.0,0.5846,-0.1296,0.002188,0.002104,0.003023,8.414871,70.872864,0.0010464
5177868288,231501.5,-0.001727,1.076655,0.00201,-0.130859,0.0,0.5848,-0.124,0.001669,0.002072,0.002819,7.931685,69.440765,0.00094215
5178654720,231430.4,0.006623,1.130745,0.002165,-0.123047,0.0,0.5843,-0.1185,0.002042,0.001663,0.002271,9.411199,67.721611,0.00087511
5179441152,231358.9,-0.001419,0.819779,0.001883,-0.126953,0.0,0.5846,-0.1175,0.001175,0.001383,0.002073,8.503522,66.351707,0.00104245
5180227584,231287.5,0.00321,1.138746,0.002094,-0.130859,0.0,0.5853,-0.1134,0.001612,0.001583,0.002382,9.539734,70.709702,0.00093112
5181014016,231079.8,-0.00439,0.941005,0.002019,-0.140625,0.0,0.5862,-0.1131,0.001782,0.002284,0.003851,9.519265,70.693588,0.00096736
5181800448,231010.1,0.007827,1.314662,0.001872,-0.145508,0.0,0.5876,-0.1135,0.001428,0.001641,0.002673,10.079453,70.350937,0.00133549
5182586880,230940.4,-0.000809,1.24729,0.001966,-0.15332,0.0,0.5889,-0.1149,0.00182,0.002036,0.00309,11.184751,69.547531,0.00117377
5183373312,230736.4,0.002306,1.481254,0.001996,-0.165039,0.0,0.5901,-0.1218,0.001578,0.001993,0.003037,10.141633,65.446701,0.00152315
5184159744,230669.1,0.001,1.282728,0.001982,-0.158203,0.0,0.5913,-0.1227,0.001476,0.001937,0.00285,10.892356,71.057343,0.00136654
5184946176,230602.0,-0.001304,1.728629,0.001816,-0.176758,0.0,0.592,-0.1307,0.002537,0.002624,0.00325,11.82364,70.614548,0.00121665
5185732608,230532.2,-0.004632,1.58552,0.001887,-0.160156,0.0,0.5927,-0.1383,0.00206,0.002189,0.003146,11.244614,69.839531,0.00136492
5186519040,230323.3,-0.002489,1.304614,0.001981,-0.141602,0.0,0.5937,-0.1391,0.001721,0.002165,0.00323,8.768455,68.061813,0.00151848
5187305472,230255.6,0.001518,0.844359,0.001849,-0.125,0.0,0.5948,-0.1343,0.002405,0.002117,0.002628,8.32991,67.266434,0.0010558
5188091904,230188.0,-0.005339,0.92928,0.001899,-0.131836,0.0,0.5957,-0.1324,0.001698,0.002448,0.002848,7.757482,71.130424,0.00102253
5188878336,229973.5,-0.001127,0.979748,0.001935,-0.133789,0.0,0.5964,-0.1295,0.001758,0.001873,0.003381,8.810004,70.24025,0.00096254
5189664768,229904.5,0.001219,1.154102,0.002134,-0.138672,0.0,0.5971,-0.1267,0.001816,0.002356,0.003401,9.131737,69.732643,0.00097643
5190451200,229835.3,7.1e-05,1.114244,0.001965,-0.152344,0.0,0.5982,-0.1285,0.001481,0.001771,0.002556,10.516829,69.02166,0.00106079
5191237632,229765.9,-0.006372,1.456828,0.001781,-0.148438,0.0,0.5992,-0.1301,0.001562,0.002107,0.002861,9.679502,67.917953,0.00122596
5192024064,229555.7,0.001209,1.385283,0.001639,-0.166016,0.0,0.5995,-0.132,0.001641,0.002079,0.003186,9.345492,71.571075,0.00134425
5192810496,229487.2,-0.001267,1.29082,0.001758,-0.162109,0.0,0.5997,-0.1309,0.001709,0.001896,0.002731,10.55463,70.577515,0.00114832
5193596928,229417.9,0.001094,1.557235,0.001767,-0.172852,0.0,0.5999,-0.1369,0.002132,0.002082,0.003198,10.59881,70.231728,0.00158601
5194383360,229215.5,0.003874,1.321719,0.001712,-0.148438,0.0,0.6002,-0.1385,0.001293,0.001445,0.00205,9.913631,68.699097,0.00131143
5195169792,229147.5,-0.000284,0.959643,0.001816,-0.135742,0.0,0.6012,-0.133,0.001594,0.001835,0.002501,9.280954,67.732712,0.00134844
5195956224,229079.7,-0.000392,1.352217,0.001714,-0.141602,0.0,0.6011,-0.1326,0.001691,0.001454,0.002327,10.489984,66.014313,0.00108035
5196742656,229012.0,-0.00298,1.124,0.001821,-0.154297,0.0,0.6013,-0.1319,0.001943,0.00162,0.002614,8.690705,70.976021,0.00117108
5197529088,228803.9,0.004965,1.449128,0.001892,-0.155273,0.0,0.6009,-0.1325,0.002051,0.001934,0.002673,10.875141,69.236893,0.0008949
5198315520,228734.4,-0.000408,1.393866,0.001807,-0.15918,0.0,0.5999,-0.1389,0.00221,0.001863,0.002893,10.283721,68.722069,0.00117288
5199101952,228667.0,0.007665,1.805807,0.001856,-0.15332,0.0,0.5993,-0.1455,0.003011,0.002108,0.002663,10.594149,67.737862,0.00145468
5199888384,228463.5,-0.000991,1.745615,0.001745,-0.15332,0.0,0.5982,-0.1555,0.001497,0.001897,0.002161,10.921433,66.332458,0.00141934
5200674816,228396.8,0.001617,1.2178,0.001908,-0.136719,0.0,0.5976,-0.1546,0.001763,0.001803,0.003031,8.364589,71.349564,0.00124571
5201461248,228330.2,-0.002081,0.927652,0.001793,-0.138672,0.0,0.5974,-0.1469,0.002192,0.002499,0.00377,9.28375,71.060722,0.00098955
5202247680,228263.3,0.001063,0.991778,0.001816,-0.146484,0.0,0.5974,-0.1437,0.001648,0.002238,0.00307,9.756793,70.955208,0.00104083
5203034112,228048.3,-0.009155,0.960166,0.001855,-0.136719,0.0,0.597,-0.1406,0.001658,0.002041,0.003619,10.501812,68.757095,0.00104413
5203820544,227980.5,0.003465,1.439597,0.001807,-0.155273,0.0,0.5964,-0.1451,0.002029,0.001813,0.002817,9.5954,67.375999,0.00109302
5204606976,227911.4,0.00292,1.161953,0.00187,-0.144531,0.0,0.5957,-0.1482,0.001583,0.002055,0.003196,10.243742,65.383072,0.00115188
5205393408,227845.6,-0.001853,1.205576,0.001778,-0.145508,0.0,0.5954,-0.1509,0.001732,0.001516,0.002433,8.33538,71.836449,0.00108158
5206179840,227628.1,0.000723,1.709936,0.001953,-0.157227,0.0,0.5968,-0.154,0.002312,0.001958,0.00405,8.84048,71.091476,0.00098296
5206966272,227562.2,0.008488,1.791373,0.001966,-0.157227,0.0,0.5985,-0.156,0.001504,0.00182,0.003145,11.122706,70.211441,0.0011838
5207752704,227496.6,-0.002916,1.642834,0.001931,-0.160156,0.0,0.5996,-0.1628,0.002092,0.001916,0.002768,11.985345,68.727852,0.00154648
5208539136,227294.8,0.00066,1.519593,0.001911,-0.15332,0.0,0.5999,-0.1696,0.00158,0.001687,0.002559,10.379928,64.943619,0.00124229
5209325568,227229.3,0.005855,1.68055,0.001799,-0.155273,0.0,0.5994,-0.1752,0.001548,0.001725,0.002395,9.491967,71.761002,0.00131592
5210112000,227163.7,0.006478,1.621189,0.001927,-0.158203,0.0,0.5982,-0.1796,0.001677,0.001708,0.002709,10.067839,71.212112,0.00129963
5210898432,227098.0,0.002564,1.503192,0.001833,-0.152344,0.0,0.5967,-0.1812,0.001351,0.001502,0.002636,10.295054,70.053886,0.00120135
5211684864,226879.8,-0.001255,1.080696,0.001909,-0.151367,0.0,0.5953,-0.1806,0.00223,0.002141,0.003134,9.363301,68.871811,0.00105556
5212471296,226812.6,0.002497,1.030876,0.001969,-0.143555,0.0,0.5941,-0.1758,0.00218,0.001796,0.00373,11.139129,67.286911,0.00100718
5213257728,226745.4,0.001039,1.408165,0.002131,-0.157227,0.0,0.5945,-0.1742,0.001675,0.00146,0.002204,10.521872,64.500572,0.00101142
5214044160,226537.5,-0.000969,1.774341,0.002021,-0.160156,0.0,0.595,-0.1779,0.001618,0.001665,0.002571,9.068094,71.392853,0.00108039
5214830592,226471.9,-0.000477,0.98048,0.00234,-0.137695,0.0,0.5947,-0.1822,0.001359,0.002006,0.002752,8.713717,70.864838,0.00131229
5215617024,226403.9,0.00358,1.212092,0.002337,-0.140625,0.0,0.5946,-0.186,0.001183,0.001585,0.002505,8.993545,69.937981,0.00102126
5216403456,226337.5,-0.006257,0.978958,0.002041,-0.136719,0.0,0.5944,-0.1859,0.001021,0.001358,0.002126,10.50249,68.12661,0.00105069
5217189888,226075.9,-0.001877,1.183029,0.002011,-0.15625,0.0,0.5949,-0.19,0.00142,0.001864,0.002644,9.612878,63.483971,0.00111762
5217976320,226012.1,-0.000592,1.139861,0.001917,-0.165039,0.0,0.5959,-0.1902,0.001242,0.001556,0.002367,9.125218,71.276978,0.00104296
5218762752,225948.2,-0.002632,1.63335,0.001991,-0.172852,0.0,0.5966,-0.1962,0.001473,0.001668,0.002657,9.746767,70.684555,0.00110641
5219549184,225709.4,0.000929,1.43978,0.002422,-0.164062,0.0,0.5966,-0.1972,0.001304,0.001786,0.002592,10.860958,69.686737,0.0013178
5220335616,225645.4,-0.003935,1.316232,0.002147,-0.160156,0.0,0.596,-0.2022,0.001625,0.002035,0.003071,10.058916,68.476196,0.00156587
5221122048,225581.5,0.008393,1.56794,0.002002,-0.15625,0.0,0.5956,-0.199,0.001594,0.001825,0.0027,10.193303,66.11927,0.00119439
5221908480,225517.2,0.003899,1.133948,0.00185,-0.149414,0.0,0.5956,-0.195,0.001684,0.001773,0.002612,8.547272,71.984451,0.00126654
5222694912,225294.7,-0.005283,1.49064,0.001891,-0.161133,0.0,0.5953,-0.1963,0.001758,0.001759,0.002811,9.086797,70.750908,0.00102258
5223481344,225230.1,-0.00222,0.666509,0.002036,-0.130859,0.0,0.594,-0.1945,0.001884,0.001795,0.002952,9.886482,69.633804,0.00122919
5224267776,225166.8,-0.000118,0.926908,0.00203,-0.128906,0.0,0.5933,-0.1883,0.001506,0.001404,0.002376,9.878471,68.773949,0.00097446
5225054208,224910.4,0.00241,0.646305,0.001927,-0.126953,0.0,0.5923,-0.1849,0.001783,0.00138,0.00225,9.726176,66.814964,0.00117179
5225840640,224846.7,-0.001379,0.664503,0.001966,-0.138672,0.0,0.5933,-0.1775,0.001612,0.001333,0.002707,8.747221,72.098602,0.00103101
5226627072,224783.3,0.003431,0.678543,0.002118,-0.140625,0.0,0.5955,-0.1672,0.001861,0.001632,0.003086,8.875481,71.678894,0.00108426
5227413504,224719.6,0.004586,1.001366,0.001992,-0.146484,0.0,0.5975,-0.1559,0.001788,0.001862,0.003289,9.029132,71.306404,0.00103123
5228199936,224484.8,0.000647,1.317038,0.002068,-0.139648,0.0,0.6001,-0.1453,0.002223,0.001895,0.002919,9.946664,69.342087,0.00106213
5228986368,224419.1,0.004387,1.223863,0.001971,-0.133789,0.0,0.6027,-0.143,0.002218,0.00189,0.003159,9.132859,68.290237,0.00116962
5229772800,224352.3,0.005903,1.396987,0.001939,-0.131836,0.0,0.6044,-0.1371,0.001639,0.001386,0.002502,9.910769,67.275597,0.00134709
5230559232,224288.0,-0.002092,1.13077,0.001837,-0.145508,0.0,0.6053,-0.1348,0.002072,0.001933,0.00301,7.960278,72.334373,0.00080387
5231345664,224064.3,-0.002445,0.950212,0.002093,-0.130859,0.0,0.605,-0.1324,0.002233,0.001897,0.004075,8.31766,70.653748,0.00093838
5232132096,223999.0,-0.000393,0.764237,0.001783,-0.131836,0.0,0.6041,-0.1266,0.001676,0.001758,0.002811,9.196219,69.770821,0.00097878
5232918528,223934.5,0.001726,0.910947,0.001811,-0.135742,0.0,0.6035,-0.1248,0.001671,0.001825,0.002663,9.337881,68.936874,0.00101145
5233704960,223724.8,-0.007751,0.806213,0.00182,-0.130859,0.0,0.6026,-0.1228,0.001479,0.00168,0.002532,8.942699,65.84465,0.00091564
5234491392,223660.8,-0.00349,0.911795,0.00196,-0.138672,0.0,0.6017,-0.1217,0.001617,0.001635,0.00317,8.157195,71.639557,0.0008418
5235277824,223592.6,-0.002761,0.939812,0.001841,-0.132812,0.0,0.6001,-0.1157,0.001453,0.001378,0.002677,9.013742,70.982498,0.0008626
5236064256,223523.3,0.003709,0.963353,0.001886,-0.136719,0.0,0.599,-0.1102,0.001575,0.001985,0.002821,9.735358,70.484695,0.00088525
5236850688,223008.8,0.001925,1.020388,0.001954,-0.137695,0.0,0.5987,-0.1054,0.001489,0.002012,0.002661,9.399747,69.53109,0.00091769
5237637120,222945.6,0.003662,0.701019,0.001909,-0.129883,0.0,0.5995,-0.0952,0.001308,0.001822,0.002202,9.079479,68.443787,0.00135931
5238423552,222882.5,0.010034,0.822962,0.002226,-0.129883,0.0,0.6006,-0.0856,0.001129,0.001648,0.002422,9.609443,66.526169,0.00112547
5239209984,222650.8,9.8e-05,1.127374,0.00181,-0.138672,0.0,0.6015,-0.0836,0.001913,0.001677,0.002249,7.688284,72.429466,0.00091078
5239996416,222588.3,-0.005403,0.826804,0.001922,-0.134766,0.0,0.6032,-0.0733,0.002263,0.001859,0.002705,9.132256,71.080894,0.00111179
5240782848,222525.7,-7e-06,1.008752,0.001861,-0.15918,0.0,0.6045,-0.0736,0.002003,0.001652,0.002693,9.810411,69.928619,0.00080575
5241569280,222464.8,0.003729,1.055853,0.002119,-0.158203,0.0,0.6053,-0.0663,0.001546,0.001351,0.002263,11.607877,67.887398,0.00122123
5242355712,222237.3,-0.003906,1.349251,0.001783,-0.157227,0.0,0.6067,-0.0656,0.002132,0.001741,0.003038,11.0576,65.789795,0.00148191
5243142144,222174.6,0.005233,1.04536,0.001802,-0.151367,0.0,0.6075,-0.0651,0.001347,0.001812,0.002511,8.989883,72.461586,0.00144251
5243928576,222112.3,-0.007601,1.061419,0.001785,-0.154297,0.0,0.6086,-0.0609,0.001509,0.001667,0.002812,9.440768,71.905945,0.00118333
5244715008,221912.1,0.000443,1.298993,0.001797,-0.167969,0.0,0.6098,-0.06,0.001638,0.001766,0.002643,11.331448,69.59584,0.00108413
5245501440,221845.5,0.001826,1.545521,0.001787,-0.163086,0.0,0.6099,-0.0586,0.001423,0.001866,0.00344,12.814382,67.884491,0.00139783
5246287872,221784.6,-0.003676,1.470775,0.001726,-0.164062,0.0,0.6096,-0.0533,0.001464,0.002096,0.003431,12.708495,66.267624,0.00152798
5247074304,221723.3,-0.001557,1.345956,0.001613,-0.166016,0.0,0.6095,-0.0515,0.001368,0.001975,0.003301,10.01801,71.670105,0.00179269
5247860736,221485.0,0.006874,0.971233,0.001714,-0.147461,0.0,0.6093,-0.0465,0.002538,0.002008,0.003281,9.34661,71.308098,0.00132824
5248647168,221423.0,-0.00062,1.015926,0.001752,-0.144531,0.0,0.6102,-0.0419,0.00153,0.002128,0.003009,9.626391,70.708031,0.0013549
5249433600,221359.8,-0.003177,0.901144,0.001713,-0.145508,0.0,0.6108,-0.0379,0.002077,0.002226,0.003276,10.398256,70.13028,0.00158992
5250220032,221135.7,-0.009521,0.929301,0.001724,-0.142578,0.0,0.6115,-0.0348,0.001627,0.001821,0.003064,9.727344,67.363083,0.00123868
5251006464,221076.5,-0.000289,1.041608,0.001585,-0.141602,0.0,0.6139,-0.0322,0.002485,0.001816,0.002491,8.010131,72.487038,0.00128076
5251792896,221014.7,0.000734,1.205568,0.001582,-0.165039,0.0,0.6159,-0.0321,0.001867,0.001478,0.003008,10.075315,71.407028,0.00109296
5252579328,220953.4,-0.002433,1.222599,0.001648,-0.166992,0.0,0.6183,-0.0336,0.001648,0.001821,0.002983,12.134797,69.772369,0.001195
5253365760,220712.7,0.005817,1.46783,0.001688,-0.154297,0.0,0.6201,-0.0394,0.001684,0.001657,0.003679,10.682956,67.900658,0.00141297
5254152192,220651.1,-0.002634,0.883964,0.001798,-0.140625,0.0,0.6198,-0.0424,0.001922,0.001563,0.003024,8.837882,67.547104,0.00136603
5254938624,220589.1,-0.002952,0.834423,0.001721,-0.140625,0.0,0.6191,-0.041,0.00173,0.001583,0.002748,8.899394,66.862747,0.00113081
5255725056,220527.8,-0.004355,0.79979,0.001613,-0.132812,0.0,0.6192,-0.0401,0.001914,0.001484,0.002427,7.974396,72.538269,0.00108094
5256511488,220286.2,-0.00271,0.854648,0.001778,-0.142578,0.0,0.6184,-0.0407,0.002124,0.001883,0.003223,9.163464,71.937531,0.00097521
5257297920,220224.4,-0.003536,1.002467,0.00204,-0.149414,0.0,0.6178,-0.0455,0.001682,0.001786,0.002815,9.78045,70.699989,0.00106523
5258084352,220163.4,0.003711,0.705655,0.002041,-0.138672,0.0,0.6174,-0.0442,0.002125,0.001929,0.002681,9.846797,69.791534,0.00110907
5258870784,219966.2,-0.003387,1.342909,0.001899,-0.155273,0.0,0.6179,-0.0476,0.001139,0.001417,0.002548,10.360062,67.052483,0.00115756
5259657216,219906.3,0.001792,0.920593,0.001926,-0.140625,0.0,0.6189,-0.0459,0.001787,0.001631,0.002631,8.805445,72.208397,0.00115379
5260443648,219847.8,0.005403,1.09762,0.001918,-0.155273,0.0,0.6204,-0.0447,0.002206,0.002341,0.003447,9.90357,71.843712,0.00116961
5261230080,219789.6,-0.005663,1.039786,0.001893,-0.15332,0.0,0.6223,-0.0401,0.001442,0.002037,0.002904,10.341063,70.732834,0.00131327
5262016512,219571.1,0.00344,1.16945,0.002007,-0.151367,0.0,0.6232,-0.0379,0.001724,0.001758,0.003051,12.265804,68.732628,0.00117961
5262802944,219510.8,-0.001927,1.017411,0.001896,-0.150391,0.0,0.6235,-0.0406,0.001463,0.001855,0.003468,10.249435,67.460136,0.00124485
5263589376,219451.2,0.004545,1.0115,0.001748,-0.15625,0.0,0.6241,-0.0418,0.001733,0.001622,0.00288,10.560432,65.003845,0.00116948
5264375808,219219.9,-0.007727,0.97023,0.001807,-0.15332,0.0,0.6244,-0.0406,0.001584,0.001575,0.002733,8.407228,72.335243,0.00100792
5265162240,219157.0,0.004558,0.890152,0.001863,-0.141602,0.0,0.6249,-0.0353,0.00397,0.001932,0.003761,9.612193,71.537628,0.001268
5265948672,219090.1,0.005812,0.920523,0.002034,-0.142578,0.0,0.625,-0.0372,0.002256,0.002028,0.003087,9.328966,70.358749,0.00114976
5266735104,219024.4,-0.003239,1.047703,0.001888,-0.148438,0.0,0.6252,-0.0365,0.003048,0.001935,0.00269,9.731218,69.019714,0.00119929
5267521536,218790.4,0.008531,1.352383,0.001865,-0.154297,0.0,0.6254,-0.0383,0.001974,0.002107,0.003191,12.364616,64.196671,0.00116145
5268307968,218728.0,-0.000653,1.854088,0.001751,-0.1875,0.0,0.626,-0.0467,0.001574,0.001651,0.002349,10.874909,71.64325,0.00127306
5269094400,218665.2,-0.003068,1.231694,0.001754,-0.170898,0.0,0.6263,-0.0483,0.001643,0.002301,0.00288,11.00396,70.699432,0.00131926
5269880832,218459.0,0.001035,1.235803,0.001801,-0.171875,0.0,0.6257,-0.047,0.001296,0.001842,0.002592,12.27885,69.702362,0.00120377
5270667264,218392.0,0.004639,1.26529,0.001923,-0.173828,0.0,0.624,-0.0545,0.001635,0.002336,0.003031,12.440978,68.634331,0.00162601
5271453696,218328.8,0.004572,1.155826,0.001829,-0.168945,0.0,0.6226,-0.0633,0.001831,0.002054,0.003092,13.07266,66.359978,0.00124091
5272240128,218265.2,-0.002421,1.116341,0.001813,-0.171875,0.0,0.6209,-0.0754,0.001457,0.001868,0.002882,11.496501,64.873161,0.00136228
5273026560,218037.0,-0.000739,1.909049,0.001796,-0.173828,0.0,0.6204,-0.0788,0.001974,0.002078,0.003388,10.300985,71.939041,0.00154388
5273812992,217972.4,-0.002722,1.044715,0.001861,-0.155273,0.0,0.6199,-0.0766,0.001728,0.002164,0.003504,9.69016,71.095673,0.00144264
5274599424,217907.9,-0.004055,0.733933,0.001793,-0.147461,0.0,0.6197,-0.0733,0.001502,0.001824,0.00277,10.342247,69.844604,0.00119423
5275385856,217674.3,-0.000122,1.137962,0.001782,-0.151367,0.0,0.6198,-0.0708,0.001407,0.001583,0.002201,10.676981,67.287567,0.0012336
5276172288,217614.2,-0.003449,1.01381,0.001881,-0.136719,0.0,0.6199,-0.0718,0.001418,0.001947,0.002508,8.821717,66.329681,0.00138689
5276958720,217548.9,-0.000316,1.292416,0.001798,-0.152344,0.0,0.6195,-0.0732,0.002005,0.002186,0.003161,10.388973,72.387421,0.00093598
5277745152,217484.1,-0.001325,0.957385,0.001742,-0.144531,0.0,0.6188,-0.0739,0.00154,0.002016,0.002864,10.125581,71.279678,0.00108612
5278531584,217247.3,-0.003771,1.186185,0.001843,-0.147461,0.0,0.6185,-0.0748,0.00167,0.00192,0.003201,11.001383,69.58696,0.00092145
5279318016,217191.2,8.3e-05,1.284229,0.001707,-0.164062,0.0,0.6178,-0.0838,0.001963,0.00182,0.002502,12.021812,69.462364,0.00138353
5280104448,217134.8,-0.001946,1.532314,0.00182,-0.177734,0.0,0.6169,-0.0954,0.001575,0.00192,0.003022,12.233401,67.681564,0.00132945
5280890880,217073.6,-0.0006,1.749768,0.001799,-0.182617,0.0,0.6161,-0.1028,0.002522,0.001895,0.002948,10.723878,72.831818,0.00141076
5281677312,216862.1,-0.001613,1.39691,0.001802,-0.15332,0.0,0.615,-0.1095,0.002393,0.002263,0.003395,9.729295,72.459976,0.00130019
5282463744,216797.7,-0.000787,1.149495,0.0018,-0.145508,0.0,0.6144,-0.113,0.002423,0.001572,0.003028,10.500882,71.384323,0.0013789
5283250176,216738.0,0.003356,0.935073,0.001782,-0.131836,0.0,0.6139,-0.1132,0.002557,0.001709,0.002537,10.166414,71.095528,0.00134396
5284036608,216521.4,-0.006599,1.628004,0.001784,-0.150391,0.0,0.614,-0.1196,0.001991,0.002152,0.002276,12.513144,68.211227,0.0008811
5284823040,216460.9,0.001203,1.693966,0.001743,-0.171875,0.0,0.6134,-0.1297,0.002053,0.002097,0.002888,10.736801,72.843895,0.00126906
5285609472,216400.5,0.003923,2.077176,0.001738,-0.170898,0.0,0.6125,-0.1434,0.001923,0.002108,0.002658,10.393912,72.379387,0.00129233
5286395904,216339.4,0.003667,1.611983,0.001848,-0.166016,0.0,0.6115,-0.154,0.002161,0.001975,0.00314,10.705007,71.333405,0.00133808
5287182336,216112.2,-0.001744,1.904902,0.001792,-0.158203,0.0,0.6112,-0.1578,0.001793,0.001961,0.003042,10.848024,70.113632,0.00153296
5287968768,216054.9,0.005,1.048163,0.001706,-0.137695,0.0,0.6109,-0.1621,0.001552,0.001959,0.002545,9.106288,68.871429,0.00122246
5288755200,215995.6,0.003301,0.954405,0.001665,-0.131836,0.0,0.6104,-0.1624,0.001277,0.00153,0.002446,9.364291,67.4533,0.00122284
5289541632,215780.2,0.00069,0.903875,0.001724,-0.12793,0.0,0.6101,-0.1631,0.00126,0.001526,0.002598,7.363906,72.977203,0.00094975
5290328064,215720.0,-0.00125,0.654773,0.001828,-0.123047,0.0,0.6104,-0.1593,0.001377,0.001834,0.003049,8.603086,72.37368,0.00093708
5291114496,215661.1,0.001081,1.400588,0.001815,-0.149414,0.0,0.6111,-0.1632,0.001366,0.001488,0.00247,11.186684,71.702545,0.00081024
5291900928,215602.6,-0.002346,0.72344,0.0018,-0.135742,0.0,0.611,-0.1641,0.001288,0.001398,0.002465,9.856351,70.087204,0.00105265
5292687360,215387.9,0.002506,0.862551,0.001708,-0.129883,0.0,0.6103,-0.1632,0.001201,0.001835,0.002686,9.103004,67.577988,0.00104772
5293473792,215328.2,-0.003635,0.989294,0.001722,-0.131836,0.0,0.6103,-0.1645,0.001767,0.001804,0.002811,8.807942,72.80603,0.00101533
5294260224,215270.0,0.003386,0.674617,0.001702,-0.124023,0.0,0.6112,-0.1608,0.001453,0.001813,0.002292,7.244347,72.237152,0.00096886
5295046656,215076.9,0.003398,1.358774,0.001891,-0.144531,0.0,0.6122,-0.1536,0.001647,0.001755,0.002898,12.22569,70.250046,0.00066475
5295833088,215018.9,0.011168,1.548783,0.00177,-0.152344,0.0,0.6119,-0.1554,0.002017,0.001407,0.002157,10.956941,68.8181,0.00093902
5296619520,214961.4,0.003351,1.126984,0.001796,-0.15332,0.0,0.6108,-0.1525,0.00133,0.001651,0.002603,9.524069,67.538048,0.00119677
5297405952,214905.6,-0.001314,1.05951,0.001849,-0.144531,0.0,0.6104,-0.1529,0.001759,0.001677,0.002438,10.313644,65.455276,0.00099482
5298192384,214726.5,-0.002521,1.229548,0.001763,-0.146484,0.0,0.6107,-0.1508,0.002154,0.001823,0.002788,8.780792,72.170258,0.00097352
5298978816,214668.7,0.007327,0.977412,0.001863,-0.143555,0.0,0.6118,-0.1438,0.002183,0.001824,0.002844,9.493967,71.160812,0.00121352
5299765248,214611.0,0.000403,0.894502,0.001771,-0.141602,0.0,0.6137,-0.1337,0.001728,0.001639,0.00226,10.643293,70.238708,0.00113218
5300551680,214411.5,0.004298,1.228884,0.001978,-0.146484,0.0,0.6156,-0.1219,0.001285,0.00169,0.002922,10.301333,68.066795,0.00109094
5301338112,214355.1,-0.001311,1.548529,0.001679,-0.164062,0.0,0.6167,-0.1241,0.001345,0.001727,0.002663,10.039686,66.394859,0.00109628
5302124544,214298.9,0.001576,0.874689,0.001697,-0.152344,0.0,0.617,-0.1259,0.001915,0.00193,0.003281,9.75583,72.407684,0.00109774
5302910976,214242.7,-0.002804,1.116455,0.001799,-0.145508,0.0,0.6173,-0.1283,0.001472,0.002156,0.003158,9.854277,72.129944,0.00114491
5303697408,214050.3,-0.005525,1.127038,0.001856,-0.150391,0.0,0.6181,-0.1284,0.001488,0.001952,0.00334,10.061864,70.305618,0.00107819
5304483840,213993.8,-0.003544,1.422578,0.001721,-0.161133,0.0,0.6187,-0.1353,0.001676,0.001491,0.00289,11.246576,68.59436,0.00102825
5305270272,213936.8,-0.00205,1.019545,0.001727,-0.161133,0.0,0.6192,-0.1395,0.001817,0.001819,0.002997,10.770903,66.755859,0.00124037
5306056704,213880.6,0.002028,1.018884,0.001765,-0.154297,0.0,0.62,-0.1405,0.001692,0.001666,0.002984,9.329928,72.95166,0.00118989
5306843136,213696.5,0.002988,0.872247,0.001782,-0.120605,0.0,0.619,-0.1377,0.001906,0.002105,0.003938,8.713813,72.046211,0.00110467
5307629568,213641.3,-0.000736,0.518936,0.001876,-0.115234,0.0,0.618,-0.1284,0.001467,0.001467,0.003019,8.087903,72.055878,0.00094089
5308416000,213584.7,-0.000178,0.624302,0.001646,-0.118652,0.0,0.6174,-0.1159,0.001268,0.001049,0.001962,8.069039,71.372948,0.00084025
5309202432,213388.9,0.004061,0.961679,0.001665,-0.116211,0.0,0.6171,-0.1003,0.001269,0.001166,0.001949,10.017073,68.960144,0.00086244
5309988864,213331.9,0.004683,0.888413,0.001794,-0.117188,0.0,0.618,-0.0973,0.001451,0.001616,0.002302,7.202128,74.564301,0.00086998
5310775296,213275.1,-0.001826,0.883698,0.001896,-0.122559,0.0,0.6184,-0.0955,0.001242,0.00132,0.001978,7.361723,74.225723,0.00072702
5311561728,213217.0,0.000735,1.168246,0.00179,-0.133789,0.0,0.6183,-0.0977,0.001492,0.001441,0.002384,8.822969,73.438065,0.00096629
5312348160,213008.4,0.001523,0.939518,0.001862,-0.128906,0.0,0.6182,-0.0846,0.00136,0.001686,0.002656,9.907824,72.051895,0.00082756
5313134592,212952.9,0.000676,0.985145,0.001916,-0.125977,0.0,0.6184,-0.0712,0.001786,0.001875,0.002761,9.815734,71.071732,0.00110497
5313921024,212896.7,0.002081,0.959111,0.001739,-0.137695,0.0,0.6186,-0.0605,0.001613,0.00173,0.00233,8.950479,69.410477,0.00095847
5314707456,212698.7,-0.001951,0.947736,0.001802,-0.137695,0.0,0.6192,-0.0521,0.001905,0.001582,0.00248,9.823874,73.689178,0.00102118
5315493888,212643.3,0.004107,1.147208,0.001696,-0.151367,0.0,0.6189,-0.0499,0.001829,0.00185,0.003068,10.580584,72.225128,0.00099649
5316280320,212584.8,-0.002058,1.019934,0.001753,-0.150391,0.0,0.6186,-0.0542,0.002073,0.002068,0.003061,10.374214,70.674973,0.00112528
5317066752,212530.7,-0.004202,1.065269,0.001749,-0.142578,0.0,0.6174,-0.0566,0.001177,0.001282,0.002031,9.524451,69.474609,0.00110091
5317853184,212327.7,0.003115,0.835989,0.001738,-0.122559,0.0,0.6177,-0.0536,0.001984,0.001695,0.002931,9.056954,68.027054,0.00121504
5318639616,212272.4,0.005891,0.933987,0.001796,-0.125977,0.0,0.6182,-0.0528,0.002093,0.001811,0.002547,8.391514,73.85498,0.00103295
5319426048,212217.5,0.005427,0.649067,0.001981,-0.11377,0.0,0.6192,-0.0418,0.001804,0.001474,0.002678,7.62624,73.283859,0.00087792
5320212480,212035.1,0.00476,0.867879,0.001731,-0.120605,0.0,0.6212,-0.0348,0.001361,0.001456,0.002552,9.36672,72.587189,0.00084821
5320998912,211980.0,-0.002051,0.914431,0.00181,-0.126953,0.0,0.6226,-0.0349,0.001545,0.001746,0.002935,8.709371,71.436867,0.00086501
5321785344,211924.9,0.005469,1.140619,0.001626,-0.126953,0.0,0.6234,-0.0358,0.001275,0.001683,0.002538,8.469911,70.304527,0.00097843
5322571776,211869.8,0.003433,0.772856,0.001674,-0.124023,0.0,0.624,-0.0378,0.001637,0.001616,0.003016,9.053104,68.106979,0.00095574
5323358208,211686.2,0.001196,0.888,0.001821,-0.111816,0.0,0.6241,-0.0308,0.001332,0.001735,0.002743,8.439415,74.160202,0.00077718
5324144640,211631.5,0.006015,1.517553,0.001942,-0.133789,0.0,0.6241,-0.0294,0.002427,0.001751,0.002939,10.494284,72.835495,0.00083504
5324931072,211577.3,0.005253,1.101099,0.001891,-0.136719,0.0,0.6241,-0.0287,0.00221,0.001849,0.003009,10.547091,72.161713,0.00098802
5325717504,211399.2,0.002948,1.144533,0.001869,-0.141602,0.0,0.6245,-0.0287,0.001964,0.00175,0.002801,9.198776,69.527832,0.00087185
5326503936,211345.3,0.007774,1.43311,0.001713,-0.158203,0.0,0.6255,-0.0324,0.001678,0.001366,0.003167,9.722946,67.953583,0.00110925
5327290368,211290.1,0.002099,1.135503,0.001674,-0.166016,0.0,0.6254,-0.0369,0.00181,0.002069,0.003475,8.991694,72.888237,0.00128131
5328076800,211233.7,-0.001128,1.507957,0.001714,-0.172852,0.0,0.6245,-0.0414,0.001782,0.001761,0.002967,10.951051,71.934372,0.00116998
5328863232,211025.9,0.001322,1.340806,0.00179,-0.161133,0.0,0.6236,-0.0426,0.002274,0.001674,0.003076,11.227138,70.124672,0.00132077
5329649664,210970.5,-0.002207,1.061799,0.001816,-0.150391,0.0,0.6224,-0.0408,0.001787,0.001828,0.002852,11.366713,69.219101,0.00131872
5330436096,210915.4,0.005287,1.171283,0.001794,-0.161133,0.0,0.6216,-0.0428,0.001826,0.001709,0.002495,12.052629,67.843376,0.00119843
5331222528,210859.9,-0.000312,1.145561,0.001833,-0.155273,0.0,0.6204,-0.0471,0.001741,0.001564,0.002305,11.64071,65.638435,0.00131321
5332008960,210676.1,0.004278,0.895124,0.001859,-0.130859,0.0,0.6199,-0.0417,0.003172,0.002112,0.00357,8.343295,73.189247,0.0013263
5332795392,210620.1,-0.006523,0.706699,0.002081,-0.137695,0.0,0.6194,-0.0349,0.002604,0.001795,0.002943,9.108207,72.227745,0.0011009
5333581824,210564.3,0.001612,0.771282,0.001718,-0.139648,0.0,0.6195,-0.0309,0.001573,0.001666,0.002538,9.318128,71.528091,0.0009061
5334368256,210380.9,0.002325,1.206918,0.001774,-0.146484,0.0,0.6203,-0.0351,0.001855,0.002043,0.003068,10.562835,69.124939,0.00111931
5335154688,210326.6,-0.004677,1.167096,0.001837,-0.135742,0.0,0.6218,-0.0381,0.001962,0.001915,0.003116,9.464952,67.009644,0.00120735
5335941120,210272.0,0.008754,1.423782,0.001899,-0.145508,0.0,0.6226,-0.0419,0.001596,0.00181,0.002612,8.452845,73.435349,0.00129982
5336727552,210219.6,-0.006774,1.009876,0.001945,-0.142578,0.0,0.6234,-0.0449,0.002007,0.001629,0.002835,8.992812,73.012161,0.00113376
5337513984,210044.0,0.004407,1.517862,0.001935,-0.145508,0.0,0.6246,-0.0482,0.002505,0.00186,0.003024,11.207026,71.190567,0.0009932
5338300416,209989.5,-0.00397,1.106229,0.001821,-0.139648,0.0,0.626,-0.054,0.001536,0.001825,0.002541,9.833508,69.897079,0.00110917
5339086848,209934.9,-0.003847,1.239785,0.001717,-0.137695,0.0,0.6279,-0.054,0.001308,0.001678,0.002349,9.225062,68.593536,0.00115098
5339873280,209754.8,-0.006116,1.089506,0.001766,-0.142578,0.0,0.629,-0.0516,0.001671,0.001563,0.00284,9.502693,73.124374,0.00094005
5340659712,209701.0,0.001899,1.216491,0.001778,-0.145508,0.0,0.6309,-0.0484,0.001711,0.001885,0.002952,9.820575,72.067642,0.00097365
5341446144,209647.2,0.001171,1.671696,0.001833,-0.161133,0.0,0.6327,-0.0477,0.001589,0.001642,0.002368,11.095089,70.995918,0.0010663
5342232576,209593.5,0.003632,1.268026,0.001923,-0.151367,0.0,0.6343,-0.0515,0.001223,0.001715,0.002677,11.073579,69.605545,0.00131307
5343019008,209416.5,-0.000933,1.00451,0.001814,-0.144531,0.0,0.6349,-0.0509,0.001753,0.001659,0.002789,10.360694,66.010399,0.00087318
5343805440,209361.9,0.001186,0.991128,0.001811,-0.142578,0.0,0.6347,-0.0499,0.001596,0.001995,0.002365,8.688871,72.53006,0.00130035
5344591872,209307.8,0.002435,1.234272,0.001766,-0.151367,0.0,0.6344,-0.0499,0.00121,0.001828,0.002722,8.825777,72.270355,0.00092206
5345378304,209121.6,0.001766,1.109161,0.001851,-0.147461,0.0,0.6346,-0.0494,0.001794,0.001803,0.002816,10.231648,71.020691,0.00091682
5346164736,209068.5,-0.001105,0.794703,0.001869,-0.129883,0.0,0.6323,-0.0554,0.001153,0.001457,0.001936,10.171603,70.312195,0.00081786
5346951168,209013.2,-0.001381,0.872525,0.001785,-0.123047,0.0,0.6303,-0.0597,0.001431,0.001541,0.002435,8.808146,70.124817,0.00112389
5347737600,208957.3,0.005375,0.944882,0.001887,-0.136719,0.0,0.6276,-0.0699,0.001431,0.001697,0.002314,9.50723,69.258278,0.00096087
5348524032,208718.0,-0.004363,1.040201,0.001919,-0.138672,0.0,0.6264,-0.073,0.001282,0.001634,0.002155,8.285926,73.568932,0.00093859
5349310464,208664.0,0.00437,1.086412,0.001803,-0.147461,0.0,0.625,-0.0732,0.001553,0.001815,0.002594,9.296411,72.500595,0.00102213
5350096896,208608.8,0.00187,1.191632,0.001831,-0.147461,0.0,0.6237,-0.0749,0.001715,0.001697,0.002347,8.941235,70.988068,0.00102584
5350883328,208417.1,-0.003025,1.013176,0.001843,-0.149414,0.0,0.6222,-0.0763,0.001887,0.001594,0.002085,11.457723,68.012352,0.00105158
5351669760,208363.5,-0.006738,0.929045,0.001896,-0.155273,0.0,0.6215,-0.079,0.002119,0.002009,0.00252,10.330129,65.513435,0.00103366
5352456192,208310.6,0.000626,1.180792,0.001898,-0.15332,0.0,0.6212,-0.0774,0.002584,0.001734,0.002837,9.892978,72.649261,0.00127959
5353242624,208257.7,0.003317,1.247973,0.002014,-0.150391,0.0,0.6205,-0.0807,0.001497,0.001659,0.002352,9.681249,72.688873,0.00119667
5354029056,208077.1,0.003622,1.332161,0.001985,-0.152344,0.0,0.6186,-0.0845,0.001944,0.001658,0.003143,11.31076,70.96405,0.00109865
5354815488,208025.6,-0.003542,1.076605,0.001769,-0.167969,0.0,0.6165,-0.0821,0.001825,0.002234,0.003123,11.287289,69.194771,0.00098392
5355601920,207973.1,0.000601,1.472246,0.001727,-0.178711,0.0,0.6158,-0.0897,0.001445,0.001595,0.002359,11.672636,66.790009,0.00102444
5356388352,207919.4,-0.003158,1.035452,0.001667,-0.161133,0.0,0.6159,-0.0875,0.00131,0.00159,0.002783,12.248612,63.919357,0.00116514
5357174784,207752.0,0.001354,1.33147,0.001959,-0.152344,0.0,0.6165,-0.0865,0.001996,0.001915,0.003502,9.029631,73.09024,0.00141657
5357961216,207699.8,-0.001384,1.175537,0.001888,-0.154297,0.0,0.6165,-0.0877,0.001745,0.001853,0.002692,9.771803,72.563675,0.0013396
5358747648,207647.8,0.002926,1.097896,0.001981,-0.152344,0.0,0.617,-0.0868,0.001363,0.001406,0.002301,10.518835,71.320068,0.00131493
5359534080,207480.4,0.002659,1.176667,0.002044,-0.150391,0.0,0.6174,-0.0892,0.001747,0.001639,0.002856,11.731422,68.655464,0.00122708
5360320512,207426.9,-0.001966,1.344985,0.002162,-0.157227,0.0,0.6175,-0.0956,0.002101,0.001953,0.003114,11.24254,66.372513,0.0012359
5361106944,207373.0,-0.003497,1.431014,0.001984,-0.15625,0.0,0.6179,-0.1015,0.001475,0.001533,0.00229,8.929212,73.684845,0.00119184
5361893376,207319.9,-0.004955,1.520333,0.001908,-0.158203,0.0,0.6179,-0.105,0.00178,0.001992,0.002924,8.472488,73.398849,0.00101658
5362679808,207156.8,0.003044,1.304389,0.001915,-0.155273,0.0,0.6171,-0.1027,0.001461,0.001653,0.003446,10.144567,71.694351,0.00113375
5363466240,207104.0,-0.002873,1.44486,0.00185,-0.155273,0.0,0.6164,-0.1031,0.001388,0.00154,0.002246,11.538189,70.527191,0.00124467
5364252672,207051.6,0.001931,1.262173,0.002173,-0.154297,0.0,0.616,-0.1056,0.002329,0.001755,0.002636,11.416087,68.796371,0.00142321
5365039104,206886.8,0.003473,1.556348,0.001858,-0.158203,0.0,0.6158,-0.108,0.001321,0.001766,0.002681,10.285096,74.250931,0.00120678
5365825536,206835.0,0.006444,1.267072,0.00187,-0.144531,0.0,0.6155,-0.1079,0.002112,0.001931,0.002886,8.991334,73.805084,0.00125089
5366611968,206783.0,-0.001827,0.97196,0.001921,-0.135742,0.0,0.6146,-0.1059,0.001746,0.001784,0.003252,10.226038,72.618576,0.00115182
5367398400,206730.5,-0.002244,0.755558,0.001896,-0.134766,0.0,0.6129,-0.1071,0.001909,0.001668,0.002888,9.750852,71.720901,0.00100013
5368184832,206540.3,0.002778,1.249795,0.001855,-0.136719,0.0,0.6119,-0.106,0.00126,0.001582,0.002309,9.839962,69.455315,0.00093831
5368971264,206487.8,-0.004665,0.727501,0.001689,-0.126953,0.0,0.6114,-0.1044,0.001293,0.001514,0.001799,8.101437,74.611374,0.0009593
5369757696,206435.7,-2.9e-05,1.252476,0.001703,-0.138672,0.0,0.6111,-0.1013,0.001537,0.001588,0.002288,8.519046,74.164032,0.00088215
5370544128,206233.9,0.004614,1.29901,0.001702,-0.134766,0.0,0.6108,-0.0963,0.001669,0.001595,0.002587,10.480405,73.098862,0.00083715
5371330560,206181.6,-0.00141,1.118153,0.001852,-0.150391,0.0,0.6102,-0.0994,0.001677,0.00194,0.003091,10.705507,71.895683,0.00087007
5372116992,206129.6,-0.004089,1.419743,0.001781,-0.163086,0.0,0.61,-0.1078,0.002004,0.001362,0.002274,10.865387,69.468239,0.00098612
5372903424,206077.6,0.000996,0.903332,0.001714,-0.151367,0.0,0.6097,-0.1094,0.000977,0.001233,0.002007,10.888239,67.983322,0.0010654
5373689856,205887.1,0.004936,1.370636,0.001743,-0.146484,0.0,0.6094,-0.1099,0.001242,0.001571,0.002332,10.874554,73.093758,0.00128265
5374476288,205837.6,0.002387,1.193313,0.001678,-0.142578,0.0,0.6087,-0.1191,0.001348,0.001495,0.002268,9.243595,73.019218,0.00135879
5375262720,205786.6,0.002485,1.237368,0.001717,-0.150391,0.0,0.6076,-0.1212,0.001052,0.001726,0.00257,9.755495,72.3228,0.00107514
5376049152,205601.8,-0.000623,1.185713,0.001809,-0.161133,0.0,0.6073,-0.126,0.001074,0.001654,0.001845,10.001683,69.339935,0.00112032
5376835584,205550.2,0.0039,1.070236,0.001851,-0.137695,0.0,0.6062,-0.1317,0.001467,0.001976,0.002613,11.008616,67.483566,0.00121947
5377622016,205499.8,0.002002,0.839036,0.001934,-0.12793,0.0,0.6056,-0.1306,0.001156,0.001712,0.001972,8.39397,74.327835,0.00126353
5378408448,205448.9,0.003865,1.027055,0.001934,-0.133789,0.0,0.6053,-0.1317,0.001576,0.002252,0.00243,7.903757,74.486954,0.00092163
5379194880,205263.5,0.001878,1.625845,0.00191,-0.142578,0.0,0.6058,-0.1331,0.001222,0.001666,0.002608,10.617049,72.488724,0.00094239
5379981312,205212.3,0.002661,0.907292,0.001827,-0.128906,0.0,0.6066,-0.1308,0.001258,0.001684,0.002717,8.942726,71.206612,0.0009942
5380767744,205164.0,-0.001251,0.791042,0.001868,-0.125,0.0,0.6073,-0.1224,0.001155,0.001702,0.002437,9.253403,70.024597,0.00097193
5381554176,205115.6,-0.003915,0.781412,0.001819,-0.124023,0.0,0.6077,-0.1169,0.001182,0.001505,0.002058,9.11227,69.316643,0.00094971
5382340608,204895.3,0.00104,1.325827,0.001868,-0.145508,0.0,0.6088,-0.1163,0.001567,0.001509,0.002475,9.023427,74.337952,0.00091777
5383127040,204841.8,-0.007724,0.987147,0.001781,-0.149414,0.0,0.6099,-0.1149,0.000883,0.001453,0.002175,9.504992,73.235657,0.00092554
5383913472,204791.7,-0.000686,1.097661,0.001853,-0.141602,0.0,0.6102,-0.1072,0.001286,0.001827,0.002876,11.112725,71.551971,0.00093429
5384699904,204558.5,0.004144,1.120464,0.001919,-0.135742,0.0,0.6094,-0.105,0.001134,0.001589,0.002189,11.0219,68.854996,0.00115826
5385486336,204500.9,-0.002268,1.335068,0.001898,-0.155273,0.0,0.6084,-0.1057,0.001711,0.001768,0.002166,10.492034,67.548798,0.00106435
5386272768,204442.4,0.001428,1.275126,0.001825,-0.165039,0.0,0.6081,-0.1102,0.002046,0.00206,0.002979,9.496287,73.1632,0.00109381
5387059200,204387.7,0.007573,1.248232,0.001728,-0.161133,0.0,0.6076,-0.1066,0.001141,0.001722,0.002236,10.973816,72.204063,0.00108279
5387845632,204195.7,0.000394,1.056386,0.001966,-0.138672,0.0,0.6078,-0.0998,0.001602,0.001976,0.002578,10.494971,70.763443,0.00118281
5388632064,204143.4,-0.003909,1.111719,0.002025,-0.136719,0.0,0.6079,-0.0936,0.00204,0.001725,0.002815,9.620898,70.328094,0.00114258
5389418496,204089.6,0.003306,0.750208,0.001993,-0.132812,0.0,0.6076,-0.0861,0.001701,0.001767,0.002583,9.205069,69.392151,0.00113288
5390204928,203910.2,-0.000512,1.024219,0.00188,-0.152344,0.0,0.6072,-0.0849,0.001486,0.001432,0.002126,9.957877,74.551849,0.0010597
5390991360,203856.6,0.000994,1.728862,0.001889,-0.165039,0.0,0.6067,-0.091,0.001978,0.001767,0.002803,10.807606,73.787468,0.00116165
5391777792,203803.6,0.001477,0.957497,0.001788,-0.148438,0.0,0.6058,-0.0885,0.001856,0.002081,0.002912,10.928721,72.812347,0.0013647
5392564224,203752.0,-0.002451,1.06832,0.001757,-0.145508,0.0,0.6049,-0.0856,0.001366,0.001478,0.002113,11.463121,71.954407,0.00128449
5393350656,203579.0,-0.000248,0.764867,0.00176,-0.135742,0.0,0.6033,-0.0826,0.001583,0.00178,0.00249,9.445631,69.444153,0.00115715
5394137088,203524.4,0.003685,1.134147,0.001769,-0.125977,0.0,0.602,-0.0822,0.00138,0.001746,0.002423,9.4553,66.944016,0.00108663
5394923520,203471.9,-0.005149,0.941379,0.001822,-0.142578,0.0,0.6016,-0.0824,0.001591,0.001922,0.002979,8.510195,74.640686,0.00102957
5395709952,203265.6,0.00506,0.847597,0.001806,-0.138672,0.0,0.6019,-0.0806,0.001774,0.001748,0.003192,8.653319,73.368736,0.00091856
5396496384,203211.5,0.003059,0.827005,0.001825,-0.129883,0.0,0.6018,-0.0764,0.00225,0.001756,0.00265,9.397064,72.353592,0.00123262
5397282816,203157.1,-0.000696,0.753795,0.001844,-0.139648,0.0,0.6018,-0.0762,0.001211,0.001706,0.002018,9.813084,70.610886,0.00111402
5398069248,203104.9,0.002785,0.803345,0.001816,-0.135742,0.0,0.6014,-0.0722,0.001186,0.001723,0.002215,9.733188,68.97435,0.00095038
5398855680,202928.3,-0.000203,1.155922,0.00171,-0.158203,0.0,0.6015,-0.0712,0.001702,0.001845,0.002942,10.714553,74.254738,0.00106498
5399642112,202875.3,0.00271,1.957691,0.001664,-0.178711,0.0,0.6024,-0.0755,0.001706,0.002236,0.003209,11.458086,73.515099,0.00114251
5400428544,202821.9,-0.004704,1.621812,0.001698,-0.169922,0.0,0.6036,-0.0765,0.002364,0.001909,0.002823,12.036688,72.756104,0.00154917
5401214976,202660.7,-0.000749,1.545456,0.001737,-0.157227,0.0,0.6049,-0.0798,0.0011,0.001363,0.002087,11.011243,70.188805,0.00129575
5402001408,202607.6,0.006221,1.438059,0.001762,-0.143555,0.0,0.6071,-0.0738,0.001766,0.001682,0.003108,12.101234,68.500313,0.0017669
5402787840,202555.6,-0.001483,1.198945,0.001753,-0.149414,0.0,0.6087,-0.0747,0.00134,0.001945,0.002894,8.919382,75.171722,0.00115347
5403574272,202504.7,-0.002493,1.331806,0.001773,-0.155273,0.0,0.6109,-0.0733,0.001529,0.001701,0.002847,9.194515,74.622154,0.00125059
5404360704,202337.7,0.001725,1.242344,0.001825,-0.141602,0.0,0.612,-0.0716,0.002212,0.001929,0.002864,9.941161,72.645294,0.00108445
5405147136,202286.5,-0.004105,0.952131,0.001774,-0.143555,0.0,0.6129,-0.0705,0.002859,0.001856,0.002757,9.676352,71.88208,0.00104879
5405933568,202233.1,-0.003133,1.260944,0.001782,-0.146484,0.0,0.6139,-0.0753,0.00169,0.001746,0.002586,10.087249,70.398186,0.00121787
5406720000,202178.9,-0.001141,1.227974,0.001716,-0.152344,0.0,0.614,-0.0758,0.001642,0.001513,0.001928,10.053484,68.353615,0.00135367
5407506432,201985.9,0.002084,1.098414,0.001713,-0.145508,0.0,0.6139,-0.0745,0.001714,0.001573,0.002657,10.302908,73.763962,0.00116467
5408292864,201932.8,0.004239,0.981986,0.001709,-0.142578,0.0,0.6135,-0.0818,0.001498,0.00169,0.002717,8.799592,73.380791,0.00125593
5409079296,201882.0,0.003802,1.011951,0.001759,-0.145508,0.0,0.6129,-0.0853,0.001826,0.00179,0.002847,11.228571,72.710228,0.00117313
5409865728,201686.7,0.004615,1.518831,0.001798,-0.15918,0.0,0.6127,-0.0923,0.001507,0.0017,0.002835,11.096398,70.045525,0.0011631
5410652160,201635.2,0.004336,0.960843,0.001839,-0.152344,0.0,0.6127,-0.089,0.00187,0.001922,0.002959,11.178484,68.113731,0.00156475
5411438592,201583.8,-0.002754,1.039294,0.001829,-0.160156,0.0,0.6129,-0.0902,0.002086,0.00149,0.002638,9.308722,74.910156,0.00110238
5412225024,201534.4,-0.005808,1.2862,0.001826,-0.169922,0.0,0.6134,-0.0918,0.001723,0.001861,0.003403,11.091136,73.798721,0.0014406
5413011456,201371.4,-0.000292,2.102363,0.002092,-0.171875,0.0,0.6144,-0.0989,0.002263,0.002124,0.003365,13.933349,71.961304,0.0014542
5413797888,201323.4,0.001384,1.346346,0.002041,-0.150391,0.0,0.6151,-0.101,0.002029,0.001729,0.00277,11.559606,71.901955,0.0018334
5414584320,201272.2,0.006151,1.250098,0.002131,-0.148438,0.0,0.6156,-0.1001,0.001305,0.001237,0.00217,10.286039,70.677536,0.00142818
5415370752,201111.8,-0.002659,1.349395,0.002113,-0.151367,0.0,0.6166,-0.1026,0.001472,0.001726,0.003047,8.274458,75.447708,0.00131367
5416157184,201061.3,0.000295,0.991323,0.001916,-0.145508,0.0,0.6173,-0.1023,0.002314,0.001973,0.003154,9.858926,74.555321,0.00120799
5416943616,201011.2,0.010599,1.337981,0.001909,-0.160156,0.0,0.6184,-0.1045,0.001382,0.001635,0.002635,10.247852,74.065453,0.00100321
5417730048,200961.1,-0.001239,0.888784,0.001896,-0.155273,0.0,0.6199,-0.1052,0.001361,0.001542,0.00257,11.092476,72.635841,0.0011591
5418516480,200799.2,-0.004442,1.218961,0.001716,-0.148438,0.0,0.6216,-0.1018,0.001237,0.001446,0.002112,10.144089,70.127419,0.00129694
5419302912,200749.5,-0.00107,0.738431,0.001756,-0.135742,0.0,0.6226,-0.0964,0.001289,0.00148,0.002267,9.335681,68.936798,0.00116913
5420089344,200698.1,0.000888,0.713708,0.001712,-0.131836,0.0,0.6236,-0.0916,0.001298,0.001456,0.001863,8.473708,75.344093,0.00121488
5420875776,200492.2,-0.00544,1.350176,0.001775,-0.142578,0.0,0.6249,-0.0901,0.001158,0.00177,0.002214,10.820782,73.544205,0.00103264
5421662208,200434.9,-0.000961,1.203115,0.001871,-0.152344,0.0,0.6255,-0.0916,0.001413,0.001684,0.002644,12.724576,72.549072,0.00127463
5422448640,200381.7,0.002696,1.336224,0.001697,-0.147461,0.0,0.6261,-0.0936,0.001405,0.001516,0.002618,10.513589,71.152611,0.00124406
5423235072,200331.6,0.00397,1.259958,0.001784,-0.155273,0.0,0.6258,-0.0995,0.001362,0.001566,0.002768,11.3117,69.546646,0.00107952
5424021504,200122.7,-0.003398,1.366936,0.001678,-0.154297,0.0,0.6259,-0.1059,0.002115,0.001698,0.003095,8.357347,74.807655,0.00112953
5424807936,200071.1,-0.001887,0.997013,0.001652,-0.155273,0.0,0.6265,-0.1092,0.001583,0.001815,0.003243,9.464621,73.588333,0.00130779
5425594368,200022.1,-0.003705,1.163891,0.00166,-0.154297,0.0,0.6275,-0.1123,0.001666,0.001791,0.002485,10.710474,72.698425,0.00117006
5426380800,199875.2,0.004653,1.253685,0.001697,-0.152344,0.0,0.6292,-0.1165,0.001546,0.001636,0.002407,10.325755,71.174118,0.00106597
5427167232,199824.6,-0.000583,1.579808,0.001612,-0.155273,0.0,0.6305,-0.1146,0.001645,0.001662,0.002606,8.957609,69.877708,0.00124391
5427953664,199775.4,0.001479,1.054767,0.001639,-0.144531,0.0,0.6317,-0.1033,0.001644,0.00179,0.003097,9.295611,75.323273,0.00125726
5428740096,199725.4,0.000105,0.986814,0.001718,-0.154297,0.0,0.6321,-0.0993,0.001531,0.001406,0.002649,9.678335,74.624306,0.00119327
5429526528,199459.2,0.000847,1.216277,0.001697,-0.147461,0.0,0.6339,-0.0947,0.001509,0.001928,0.002794,12.274163,72.830643,0.00103656
5430312960,199408.7,-0.002504,0.899027,0.001908,-0.144531,0.0,0.6351,-0.0892,0.002197,0.001621,0.002453,10.661568,72.544296,0.00107335
5431099392,199357.7,0.000854,0.795936,0.001796,-0.137695,0.0,0.6366,-0.0818,0.001272,0.001388,0.00229,10.3942,71.574829,0.0012268
5431885824,199147.7,-0.003216,1.163656,0.001742,-0.149414,0.0,0.6375,-0.0807,0.001169,0.00159,0.002226,9.88763,70.33876,0.00119797
5432672256,199098.2,-0.000864,1.421295,0.001737,-0.160156,0.0,0.6382,-0.0831,0.001749,0.002036,0.003038,9.090568,74.722382,0.00118101
5433458688,199050.1,0.001043,1.107255,0.001843,-0.152344,0.0,0.6396,-0.0826,0.001251,0.001727,0.002333,10.604073,73.618965,0.00125566
5434245120,198993.8,-0.001024,1.271086,0.00179,-0.152344,0.0,0.6408,-0.082,0.001276,0.00146,0.002624,10.633911,72.812195,0.00115472
5435031552,198437.6,-0.001062,1.137929,0.00189,-0.147461,0.0,0.6415,-0.0824,0.001505,0.001379,0.002774,10.107174,70.324265,0.00084118
5435817984,198389.7,0.006067,0.96934,0.001734,-0.142578,0.0,0.6415,-0.0751,0.001371,0.001756,0.003411,9.502591,68.589981,0.0010952
5436604416,198340.7,0.000835,0.907295,0.002243,-0.137695,0.0,0.6415,-0.0733,0.001179,0.001254,0.002309,9.552433,74.536789,0.00100303
5437390848,198292.8,0.003184,1.317289,0.001826,-0.148438,0.0,0.6416,-0.0715,0.001612,0.001687,0.003272,10.097163,73.908821,0.00094858
5438177280,197802.0,0.006415,1.346531,0.001903,-0.151367,0.0,0.6401,-0.0723,0.001279,0.001906,0.003355,11.008748,72.047943,0.00094769
5438963712,197755.1,-0.002675,1.232789,0.001971,-0.152344,0.0,0.6377,-0.08,0.001056,0.00165,0.002199,11.419124,71.796082,0.00104929
5439750144,197706.1,-0.002617,1.208611,0.001819,-0.154297,0.0,0.6352,-0.0826,0.001007,0.001676,0.002184,9.350495,70.815636,0.00096904
5440536576,197473.8,-0.000231,1.018234,0.001821,-0.147461,0.0,0.6338,-0.0826,0.001277,0.001798,0.002884,9.986715,74.659958,0.00123367
5441323008,197428.8,-0.003998,0.874512,0.001822,-0.148438,0.0,0.6313,-0.0737,0.001493,0.001923,0.002753,10.678227,74.408707,0.00101518
5442109440,197384.1,-0.003386,0.853205,0.002085,-0.137695,0.0,0.6298,-0.0707,0.001901,0.001751,0.002666,9.435174,74.151421,0.00086476
5442895872,197336.2,0.000949,0.745763,0.0019,-0.129883,0.0,0.628,-0.0659,0.001701,0.001642,0.002562,10.163717,73.439377,0.00083847
5443682304,196802.6,-5.7e-05,1.247497,0.002093,-0.150391,0.0,0.6274,-0.0714,0.001694,0.001578,0.002651,11.486405,71.798302,0.00107114
5444468736,196753.7,0.002318,1.280586,0.001793,-0.15625,0.0,0.6272,-0.0779,0.001893,0.001531,0.002235,10.982206,70.202866,0.00144623
5445255168,196704.0,-0.000578,1.502152,0.001867,-0.167969,0.0,0.6266,-0.0824,0.001633,0.001441,0.002133,11.359169,75.281425,0.00132209
5446041600,196464.3,-0.008504,1.405061,0.001983,-0.161133,0.0,0.6255,-0.0912,0.00147,0.001365,0.00244,10.23468,74.679214,0.00133601
5446828032,196419.2,-0.002808,1.559983,0.001943,-0.165039,0.0,0.624,-0.0963,0.002254,0.001728,0.002713,12.046429,73.738632,0.00130495
5447614464,196370.4,-0.001245,1.189044,0.002086,-0.166992,0.0,0.6228,-0.1077,0.002494,0.001446,0.002705,11.258689,72.165359,0.00106151
5448400896,196321.5,0.005048,1.503188,0.002083,-0.165039,0.0,0.6215,-0.1162,0.002039,0.001794,0.002485,12.535875,69.623856,0.00128327
5449187328,196146.5,0.001056,1.280656,0.001915,-0.161133,0.0,0.6212,-0.119,0.001253,0.001436,0.002755,11.256959,74.002892,0.00132911
5449973760,196099.5,-0.001934,1.269678,0.001826,-0.160156,0.0,0.6216,-0.1173,0.001152,0.001688,0.002273,11.524364,73.855438,0.00155432
5450760192,196051.2,0.003102,1.240792,0.002138,-0.155273,0.0,0.6217,-0.1182,0.001966,0.001832,0.00245,10.953994,73.582626,0.00121269
5451546624,195883.0,-0.005729,1.031134,0.001983,-0.140625,0.0,0.6219,-0.1129,0.000997,0.001335,0.001549,10.787508,72.298447,0.00131784
5452333056,195835.4,0.005233,1.253431,0.002014,-0.147461,0.0,0.6216,-0.1145,0.001535,0.00192,0.003137,9.84405,71.385361,0.00136966
5453119488,195787.8,0.00178,1.116657,0.00191,-0.148438,0.0,0.6213,-0.1151,0.001048,0.001507,0.00225,10.634683,68.116898,0.00149201
5453905920,195740.1,0.000463,1.069813,0.001951,-0.147461,0.0,0.6216,-0.1115,0.001225,0.001526,0.002462,10.695126,75.763367,0.00126455
5454692352,195568.3,0.00038,1.880394,0.001886,-0.168945,0.0,0.6213,-0.1112,0.001635,0.00154,0.002935,12.015067,74.255066,0.00116413
5455478784,195523.5,0.000208,1.732566,0.001886,-0.177734,0.0,0.6205,-0.1159,0.00148,0.001664,0.002497,11.562107,73.129791,0.00139368
5456265216,195479.0,0.004108,1.650908,0.00191,-0.172852,0.0,0.6197,-0.1234,0.002213,0.001476,0.002721,13.13383,71.80777,0.00147912
5457051648,195329.2,-0.002488,2.066029,0.00205,-0.181641,0.0,0.6185,-0.1314,0.001482,0.001653,0.002448,12.215727,67.434555,0.00135825
5457838080,195285.8,0.000951,1.606571,0.002047,-0.163086,0.0,0.6174,-0.136,0.001375,0.001586,0.002422,10.816356,75.471451,0.00169031
5458624512,195241.6,0.000532,1.528094,0.002098,-0.150391,0.0,0.6161,-0.142,0.001481,0.001706,0.002559,11.5012,74.864349,0.00138065
5459410944,195196.8,0.002008,0.925243,0.002059,-0.137695,0.0,0.6148,-0.1476,0.001884,0.001798,0.002524,9.719826,74.510185,0.00138415
5460197376,195040.5,0.005915,1.021063,0.001941,-0.143555,0.0,0.614,-0.1435,0.001583,0.001473,0.002316,10.663693,71.848557,0.00117256
5460983808,194995.7,-0.000747,1.589327,0.001838,-0.15625,0.0,0.6132,-0.149,0.00114,0.001446,0.002219,11.09574,70.832603,0.00113405
5461770240,194950.3,-0.005074,1.002284,0.001844,-0.140625,0.0,0.6123,-0.1504,0.001421,0.001388,0.001927,8.97645,76.057655,0.0012395
5462556672,194905.6,0.00082,1.094421,0.001845,-0.148438,0.0,0.6109,-0.1516,0.000987,0.001345,0.001943,10.006739,75.892487,0.0011472
5463343104,194736.3,-0.00471,1.472331,0.00196,-0.163086,0.0,0.611,-0.1543,0.001519,0.001898,0.003001,10.774381,74.937592,0.0010344
5464129536,194691.5,-6.6e-05,1.352146,0.002205,-0.154297,0.0,0.612,-0.1584,0.001622,0.001343,0.002188,12.385566,73.54657,0.00134501
5464915968,194647.0,-0.005658,1.148035,0.002,-0.161133,0.0,0.6136,-0.1633,0.001694,0.001831,0.002556,11.691113,71.950829,0.00156199
5465702400,194473.1,-0.002374,0.911002,0.002435,-0.138672,0.0,0.6151,-0.1644,0.001515,0.001683,0.002054,7.739867,76.588585,0.00139406
5466488832,194430.3,-0.003966,1.121868,0.002054,-0.146484,0.0,0.6177,-0.1548,0.001577,0.001571,0.002794,10.725019,75.426285,0.00138939
5467275264,194387.7,0.00074,1.718726,0.001977,-0.152344,0.0,0.6208,-0.1492,0.001971,0.001598,0.002277,11.440318,74.53566,0.00114427
5468061696,194344.0,-0.001266,1.452892,0.001984,-0.15332,0.0,0.6239,-0.146,0.001315,0.001744,0.002648,11.336146,73.426018,0.00113911
5468848128,194171.0,0.004845,1.272298,0.00191,-0.148438,0.0,0.6268,-0.147,0.001776,0.00206,0.003491,11.102922,71.658104,0.0011911
5469634560,194126.9,0.000549,1.054576,0.001802,-0.137695,0.0,0.6295,-0.1472,0.00138,0.001724,0.002417,10.014657,70.748413,0.00123749
5470420992,194082.8,-0.000905,1.176809,0.00184,-0.147461,0.0,0.631,-0.1496,0.001857,0.001913,0.00286,9.825265,76.093826,0.00112688
5471207424,193925.1,0.001057,1.153066,0.001845,-0.138672,0.0,0.6328,-0.1518,0.001542,0.001852,0.002596,9.285064,75.536224,0.0009821
5471993856,193880.8,0.00613,1.084818,0.001997,-0.140625,0.0,0.6325,-0.1432,0.001463,0.001887,0.002283,8.927521,74.355522,0.00094016
5472780288,193836.8,0.000163,0.961966,0.00198,-0.141602,0.0,0.6328,-0.1334,0.001634,0.001713,0.002368,10.074821,72.700714,0.00106719
5473566720,193792.8,-0.000233,0.893976,0.00199,-0.141602,0.0,0.6326,-0.1232,0.001743,0.001412,0.002004,11.901189,70.930664,0.0008828
5474353152,193445.1,-0.002141,0.963846,0.001886,-0.135742,0.0,0.6332,-0.1211,0.001487,0.001557,0.002043,9.029428,75.892929,0.00104677
5475139584,193394.3,-0.004401,1.23296,0.00179,-0.134766,0.0,0.6344,-0.1135,0.001595,0.001503,0.002316,8.680214,75.8172,0.0010904
5475926016,193349.8,-0.002794,1.037484,0.001812,-0.128906,0.0,0.6353,-0.1044,0.001,0.001286,0.001973,8.677634,75.02565,0.00096342
5476712448,193001.3,0.003778,1.101628,0.001891,-0.132812,0.0,0.6359,-0.0913,0.001344,0.001352,0.002222,9.62226,72.66835,0.00090735
5477498880,192957.9,0.002915,1.385702,0.001905,-0.150391,0.0,0.6349,-0.0985,0.001079,0.001415,0.002088,10.401968,70.882355,0.00088931
5478285312,192911.2,0.00507,1.192527,0.001889,-0.160156,0.0,0.6346,-0.103,0.001718,0.001637,0.002844,11.896992,67.840256,0.00115832
5479071744,192867.2,0.001985,1.546237,0.001983,-0.177734,0.0,0.6349,-0.1087,0.001354,0.001671,0.002353,10.536696,74.270905,0.00126415
5479858176,192702.2,0.005003,1.115599,0.001868,-0.151367,0.0,0.6351,-0.1112,0.001478,0.001702,0.002792,10.461573,73.247269,0.00120036
5480644608,192659.6,0.003559,1.09852,0.001827,-0.147461,0.0,0.6342,-0.1108,0.001059,0.001494,0.001889,9.960612,73.167526,0.00141626
5481431040,192616.9,-0.004236,0.974288,0.001805,-0.146484,0.0,0.6326,-0.1158,0.001122,0.001785,0.002769,10.251492,72.058731,0.00116561
5482217472,192463.3,-0.006469,1.376908,0.001776,-0.15332,0.0,0.6305,-0.1205,0.001458,0.001507,0.002395,10.207,68.091171,0.00129847
5483003904,192422.2,0.001551,1.229596,0.001799,-0.144531,0.0,0.6292,-0.1194,0.001101,0.001506,0.002208,8.730744,75.753235,0.00117392
5483790336,192380.0,-9.2e-05,1.039929,0.001736,-0.139648,0.0,0.6275,-0.1176,0.001205,0.001597,0.002412,7.944683,75.691345,0.00121797
5484576768,192337.7,-0.007693,1.109297,0.001754,-0.137695,0.0,0.6259,-0.1086,0.000746,0.001545,0.002608,9.726736,75.117096,0.00091687
5485363200,192194.9,0.001962,0.764465,0.001836,-0.123535,0.0,0.6254,-0.0992,0.001158,0.001577,0.003058,8.528561,73.708,0.00099713
5486149632,192152.8,0.003243,0.660613,0.001739,-0.115723,0.0,0.6253,-0.0902,0.001277,0.001238,0.002356,8.797371,73.125519,0.00098797
5486936064,192110.5,-0.004375,0.743181,0.001772,-0.121094,0.0,0.626,-0.0838,0.000821,0.001194,0.001981,8.197059,77.314247,0.00087147
5487722496,192068.8,-0.003643,1.130459,0.001772,-0.12793,0.0,0.6271,-0.0818,0.001038,0.001011,0.001672,8.653654,76.85865,0.00091897
5488508928,191930.3,-0.002502,1.187075,0.001765,-0.134766,0.0,0.6283,-0.0774,0.00142,0.001517,0.002174,8.239367,75.633774,0.00088701
5489295360,191888.0,-0.001216,0.735782,0.001921,-0.124023,0.0,0.6295,-0.0644,0.001201,0.001599,0.001928,8.684486,73.867004,0.00092581
5490081792,191846.2,-0.001775,0.697145,0.001926,-0.120117,0.0,0.6308,-0.0551,0.001088,0.001468,0.002134,8.883444,72.387238,0.0009307
5490868224,191690.7,-0.004337,0.734682,0.001878,-0.12793,0.0,0.6313,-0.0478,0.001342,0.001601,0.00286,9.152545,75.391502,0.000851
5491654656,191648.4,0.002767,0.851322,0.001872,-0.134766,0.0,0.6307,-0.0432,0.001377,0.001554,0.002539,9.731321,75.339409,0.00081493
5492441088,191607.6,-0.001165,1.169815,0.001787,-0.149414,0.0,0.6298,-0.0404,0.001092,0.001855,0.00249,10.87635,74.528503,0.0009618
5493227520,191566.4,0.002683,0.726175,0.001778,-0.146484,0.0,0.6276,-0.0359,0.001604,0.001483,0.002231,9.219552,73.976921,0.00096166
5494013952,191421.4,0.001042,1.204189,0.00182,-0.160156,0.0,0.6261,-0.0353,0.001594,0.001806,0.003131,10.858656,71.43309,0.00104515
5494800384,191377.5,0.002636,0.679877,0.001801,-0.141602,0.0,0.6247,-0.0306,0.002108,0.001371,0.0031,10.929741,68.730438,0.0009783
5495586816,191330.0,0.000699,0.906397,0.001909,-0.144531,0.0,0.6241,-0.0271,0.001597,0.001251,0.002068,8.72653,75.128235,0.0013461
5496373248,191196.6,0.001152,0.907921,0.001865,-0.150391,0.0,0.6229,-0.0201,0.001884,0.00203,0.003061,11.798676,74.445541,0.00095651
5497159680,191153.6,0.000282,1.167155,0.001781,-0.158203,0.0,0.6218,-0.0217,0.001629,0.001512,0.002748,11.375408,73.400795,0.00105312
5497946112,191111.4,0.002262,1.366728,0.001782,-0.160156,0.0,0.6209,-0.0252,0.00137,0.001454,0.00236,12.011236,71.64595,0.00117562
5498732544,191069.6,-0.005405,1.086732,0.001722,-0.162109,0.0,0.6203,-0.0297,0.000937,0.001178,0.001973,11.926131,70.772827,0.0010802
5499518976,190919.0,0.004471,1.424377,0.001787,-0.15918,0.0,0.6206,-0.0326,0.001598,0.001783,0.00307,11.547168,75.102394,0.00129204
5500305408,190875.2,-0.00273,1.602276,0.001827,-0.169922,0.0,0.6211,-0.0382,0.001496,0.001488,0.002359,10.950547,74.664551,0.00125245
5501091840,190832.7,-0.002591,1.255148,0.001817,-0.155273,0.0,0.6219,-0.0393,0.001245,0.001514,0.002567,11.85623,74.089737,0.00136928
