step,sps,policy_loss,value_loss,mi_loss,div_loss,kl_loss,score,mean_return,ego_enc_delta,partner_enc_delta,road_enc_delta,role_std,role_norm
786432,33684.0,-0.004283,3.401529,0.008902,-0.042725,0.0,0.1154,-7.8112,0.066616,0.095661,0.119861,0.00124,0.010761
1572864,47026.9,-0.003893,3.863386,0.000606,-0.077637,0.0,0.1149,-7.8287,0.092952,0.082596,0.077713,0.013951,0.341751
2359296,54305.3,0.003907,3.513077,0.000447,-1.226562,0.0,0.1155,-7.8207,0.128693,0.130952,0.125095,0.023089,0.427658
3145728,42277.4,-0.005916,3.696164,0.000915,-0.789062,0.0,0.1181,-7.8061,0.120872,0.095636,0.101293,0.121269,0.159146
3932160,46671.7,-0.002784,3.943386,0.000833,-0.636719,0.0,0.1221,-7.7123,0.095608,0.085085,0.070335,0.320596,0.440394
4718592,50140.4,-0.004514,3.85075,0.001153,-0.769531,0.0,0.1249,-7.6861,0.09546,0.094842,0.071582,0.407073,0.778604
5505024,52948.3,0.001705,4.226583,0.001094,-1.203125,0.0,0.1263,-7.6279,0.070664,0.085805,0.055903,0.712988,0.917398
6291456,47698.5,-0.00641,4.370381,0.001034,-1.257812,0.0,0.129,-7.5729,0.061128,0.077105,0.057232,1.081602,0.845366
7077888,49833.2,-0.000928,3.699601,0.000978,-1.1875,0.0,0.132,-7.5157,0.044693,0.057678,0.041751,1.279745,1.007178
7864320,51774.0,-0.001767,3.739604,0.00092,-1.117188,0.0,0.1338,-7.473,0.035092,0.037939,0.026626,1.741222,1.429491
8650752,48446.6,-0.001116,3.992857,0.000882,-1.101562,0.0,0.1342,-7.4526,0.061769,0.056177,0.036952,1.621248,2.029735
9437184,50008.8,0.002278,3.656626,0.00088,-1.039062,0.0,0.1331,-7.365,0.038585,0.053586,0.037042,2.078296,2.197323
10223616,51374.5,-0.000933,3.473681,0.000852,-0.894531,0.0,0.1316,-7.2891,0.032317,0.036691,0.027325,2.680201,3.577728
11010048,52685.8,0.003557,3.422599,0.000829,-0.914062,0.0,0.1301,-7.2326,0.027263,0.035201,0.031149,3.502665,3.825351
11796480,49893.1,-0.001546,4.03301,0.00082,-0.957031,0.0,0.1278,-7.2268,0.019355,0.020934,0.015394,4.100535,3.767831
12582912,51048.6,-0.00364,4.311886,0.000803,-0.964844,0.0,0.1251,-7.2394,0.027075,0.036733,0.024135,4.021036,3.408287
13369344,52138.6,-0.005048,4.145047,0.0008,-0.96875,0.0,0.1237,-7.2452,0.028984,0.033951,0.025946,3.87874,5.21062
14155776,49751.0,0.00173,4.895492,0.000813,-0.992188,0.0,0.1217,-7.2519,0.027782,0.03292,0.025021,4.740416,5.483139
14942208,50769.3,-0.000712,3.799232,0.000793,-0.886719,0.0,0.1237,-7.1977,0.021791,0.032122,0.021714,4.904807,5.658959
15728640,51722.4,-0.000825,3.592962,0.000725,-0.867188,0.0,0.1255,-7.1577,0.028031,0.04247,0.027508,5.726144,6.22361
16515072,52589.1,-0.001152,3.705906,0.000811,-0.898438,0.0,0.1266,-7.1248,0.020678,0.030461,0.020594,6.588562,6.412505
17301504,51077.8,0.007594,4.049809,0.000852,-0.875,0.0,0.126,-7.1123,0.028465,0.031029,0.023755,5.88367,8.129618
18087936,51896.0,-0.008048,4.054704,0.000786,-0.890625,0.0,0.1234,-7.104,0.02578,0.033291,0.020691,5.432478,8.009042
18874368,51891.7,-0.011188,3.354354,0.00091,-1.007812,0.0,0.1212,-7.1009,0.021048,0.030885,0.018545,7.394281,7.534398
19660800,50306.5,-0.001436,3.834613,0.000807,-0.910156,0.0,0.1191,-7.0919,0.018963,0.023402,0.016883,7.221554,7.659008
20447232,51016.9,-0.001843,3.709012,0.000964,-0.886719,0.0,0.1194,-7.0666,0.01546,0.024517,0.012428,7.556668,7.466256
21233664,51692.3,-0.002316,3.660032,0.000784,-0.914062,0.0,0.1195,-7.0504,0.019023,0.036493,0.0184,5.6952,4.95736
22020096,52329.6,-0.005716,3.653424,0.000711,-0.90625,0.0,0.1198,-7.0359,0.012339,0.018691,0.011232,6.48665,9.310428
22806528,50972.2,0.001282,3.963448,0.000722,-0.882812,0.0,0.1199,-7.0137,0.016346,0.023963,0.015027,6.97602,9.101595
23592960,51591.0,-0.001537,3.446884,0.000713,-0.863281,0.0,0.1197,-6.9899,0.017974,0.018722,0.02039,7.361945,8.932607
24379392,52176.6,0.00519,3.143642,0.000676,-0.945312,0.0,0.1192,-6.9697,0.012247,0.015025,0.014124,9.071043,8.900031
25165824,51041.4,-0.000436,3.728635,0.000723,-0.824219,0.0,0.1189,-6.9491,0.024442,0.027245,0.019566,6.09391,5.257088
25952256,51591.8,-0.000809,3.856857,0.000733,-0.859375,0.0,0.1183,-6.9532,0.018768,0.031015,0.017009,6.788697,9.97776
26738688,52117.0,0.000754,3.800694,0.000714,-0.886719,0.0,0.1174,-6.9558,0.019178,0.034608,0.023718,7.31127,9.584259
27525120,52609.6,-0.003933,3.378164,0.000883,-0.84375,0.0,0.1166,-6.9603,0.015045,0.024638,0.01693,7.194507,9.821973
28311552,51610.6,-0.005988,3.42342,0.000692,-0.835938,0.0,0.1159,-6.9454,0.01121,0.013285,0.010479,8.396106,9.658487
29097984,52105.2,-0.00023,3.063972,0.000667,-0.785156,0.0,0.115,-6.893,0.016616,0.019931,0.019758,7.812146,8.578508
29884416,52586.1,0.003183,3.14683,0.000676,-0.988281,0.0,0.1143,-6.859,0.007314,0.011484,0.010291,9.211259,10.245358
30670848,53047.2,-0.007065,3.359275,0.000693,-0.789062,0.0,0.1132,-6.8107,0.016311,0.023677,0.019643,6.368862,10.807295
31457280,51918.8,0.00382,3.503632,0.000741,-0.949219,0.0,0.1121,-6.7708,0.016404,0.023719,0.013782,8.295559,9.43688
32243712,52350.0,-0.00509,3.269365,0.000683,-0.894531,0.0,0.1108,-6.7454,0.020514,0.026314,0.013771,8.055,9.063518
33030144,52735.7,-0.00592,3.24465,0.000686,-0.910156,0.0,0.1093,-6.72,0.019943,0.02369,0.014125,9.257814,8.949661
33816576,52047.7,0.001235,3.622521,0.000644,-0.828125,0.0,0.1087,-6.7006,0.017016,0.011065,0.008055,6.875321,11.11894
34603008,52417.6,-0.00387,3.585331,0.000665,-0.875,0.0,0.1063,-6.6908,0.014748,0.02112,0.012216,6.429627,10.632734
35389440,52794.3,-0.001872,3.538303,0.000817,-1.03125,0.0,0.1038,-6.6869,0.04125,0.031827,0.013377,9.922117,10.055546
36175872,53165.9,-0.001256,3.464968,0.001132,-0.894531,0.0,0.1019,-6.6801,0.040564,0.021543,0.010935,8.033168,10.376951
36962304,52630.2,-0.004456,3.483273,0.000679,-0.914062,0.0,0.1001,-6.6825,0.01619,0.011202,0.006241,10.048647,9.816013
37748736,53004.3,-0.003088,3.245122,0.001332,-0.859375,0.0,0.0985,-6.6865,0.017979,0.021333,0.012422,8.638587,7.973739
38535168,53358.0,-0.001222,3.233214,0.000803,-0.9375,0.0,0.0975,-6.6886,0.011975,0.02126,0.013094,8.771055,10.901661
39321600,52742.3,-0.005723,3.67328,0.000869,-0.832031,0.0,0.0963,-6.6919,0.011145,0.017409,0.009485,6.77597,11.115558
40108032,53089.9,-0.001722,3.046044,0.00087,-0.902344,0.0,0.0971,-6.6551,0.01303,0.016742,0.008664,8.502867,10.191147
40894464,53432.8,-0.001866,2.721391,0.000787,-0.894531,0.0,0.0979,-6.6173,0.023665,0.02109,0.012384,9.651703,10.076833
41680896,53763.4,0.006615,2.923321,0.000641,-0.878906,0.0,0.0984,-6.5844,0.026069,0.014963,0.008453,10.221004,9.854214
42467328,53338.2,-0.003685,3.225865,0.000648,-0.789062,0.0,0.0981,-6.5688,0.043008,0.021494,0.013065,7.434268,12.692953
43253760,53654.0,-0.001848,3.052155,0.00066,-0.738281,0.0,0.0962,-6.5593,0.024271,0.01076,0.006685,6.865061,12.433311
44040192,53949.1,0.004087,2.861039,0.000718,-0.839844,0.0,0.0944,-6.5463,0.017865,0.01289,0.008692,8.631132,11.325802
44826624,53367.2,-0.005294,2.930483,0.001062,-0.765625,0.0,0.0929,-6.5314,0.014811,0.012773,0.008203,9.011508,11.937178
45613056,53668.9,-0.003813,2.870914,0.000699,-0.71875,0.0,0.0926,-6.5109,0.011539,0.010327,0.006662,8.398411,10.777221
46399488,53959.3,0.005269,2.984311,0.000676,-0.832031,0.0,0.0923,-6.4859,0.011084,0.01146,0.006164,8.854565,7.654635
47185920,54243.0,-0.002832,2.846056,0.000638,-0.820312,0.0,0.0922,-6.4708,0.007,0.009812,0.006003,7.763674,12.713119
47972352,53764.8,0.000475,3.169799,0.001054,-0.8125,0.0,0.0917,-6.4508,0.01716,0.015268,0.008824,7.445721,11.887484
48758784,54037.5,-0.005687,2.615721,0.000789,-0.875,0.0,0.0909,-6.4267,0.024106,0.013065,0.008992,8.593792,10.344813
49545216,54264.1,-0.000274,2.716713,0.00076,-0.90625,0.0,0.0898,-6.4067,0.016455,0.015074,0.009608,10.681069,11.029601
50331648,53609.8,0.000111,3.094769,0.000641,-0.867188,0.0,0.0887,-6.3911,0.010227,0.008166,0.004823,9.24512,7.931569
51118080,53870.9,0.001887,2.936866,0.000695,-0.828125,0.0,0.0878,-6.388,0.013485,0.014406,0.009124,8.082923,12.679973
51904512,54076.0,0.000564,3.032569,0.000972,-0.894531,0.0,0.0866,-6.377,0.020532,0.017605,0.011634,8.91616,12.148994
52690944,54329.5,0.003327,2.600432,0.00065,-0.851562,0.0,0.0857,-6.3606,0.010418,0.009733,0.006121,9.691101,12.888517
53477376,53873.9,-0.003043,2.746661,0.000843,-0.832031,0.0,0.0848,-6.341,0.012382,0.009538,0.006613,10.499542,12.294857
54263808,54107.5,-0.007369,2.364493,0.000648,-0.703125,0.0,0.084,-6.3027,0.018972,0.013268,0.009098,9.661234,11.421557
55050240,54355.7,-0.00899,2.561522,0.000763,-0.792969,0.0,0.083,-6.2646,0.014072,0.016576,0.010531,8.61375,13.264076
55836672,54587.5,0.001051,2.568314,0.000863,-0.640625,0.0,0.0824,-6.2409,0.012594,0.014215,0.007006,6.242376,14.221914
56623104,53930.8,0.005325,2.876861,0.000689,-0.8125,0.0,0.0837,-6.2087,0.013201,0.010895,0.007027,8.54843,11.560528
57409536,54168.4,0.006477,2.60039,0.000695,-0.824219,0.0,0.0861,-6.1803,0.030071,0.008498,0.00645,9.234998,11.150351
58195968,54399.8,-0.002436,2.570483,0.000871,-0.824219,0.0,0.0886,-6.1474,0.024725,0.013298,0.009374,10.305421,10.989429
58982400,53861.7,0.00219,2.887646,0.000691,-0.800781,0.0,0.0901,-6.1187,0.012651,0.00899,0.006589,8.154696,13.811491
59768832,54060.7,0.00268,2.417423,0.000668,-0.804688,0.0,0.0896,-6.0977,0.015126,0.005768,0.00478,8.415409,13.251589
60555264,54270.8,0.004092,2.520496,0.000668,-0.90625,0.0,0.089,-6.0591,0.015764,0.006815,0.004975,10.084682,12.985947
61341696,54457.1,-0.006523,2.389466,0.00066,-0.9375,0.0,0.0885,-6.0214,0.014338,0.005903,0.005437,11.556922,12.996506
62128128,53921.4,0.004082,2.730417,0.000659,-0.949219,0.0,0.0883,-5.9836,0.010828,0.003918,0.004465,12.479356,11.917347
62914560,54133.6,0.004858,2.320981,0.001008,-0.855469,0.0,0.0884,-5.9399,0.012759,0.008074,0.007742,11.179846,10.562683
63700992,54326.4,-0.004074,2.17019,0.000682,-0.742188,0.0,0.0884,-5.9051,0.011963,0.01106,0.008036,6.923141,15.03765
64487424,53802.4,-0.002761,2.522294,0.000671,-0.917969,0.0,0.0883,-5.8568,0.008713,0.005342,0.005105,10.779077,12.251333
65273856,54015.5,-0.002072,2.21596,0.000913,-0.867188,0.0,0.0894,-5.808,0.01456,0.01098,0.008745,10.434462,12.884559
66060288,54197.2,0.001479,2.263572,0.001418,-0.90625,0.0,0.0906,-5.769,0.010539,0.009674,0.009005,12.515033,12.865455
66846720,54408.9,0.000158,2.202027,0.000699,-0.835938,0.0,0.0917,-5.7226,0.008556,0.009223,0.008018,12.000512,12.311686
67633152,53942.8,-0.00322,2.309507,0.000847,-0.761719,0.0,0.0922,-5.6906,0.020365,0.013991,0.009982,8.278494,16.484661
68419584,54146.0,0.005243,2.089641,0.000698,-0.703125,0.0,0.0921,-5.6443,0.017472,0.010278,0.009443,8.819852,15.718819
69206016,54352.4,-0.000952,1.921988,0.000667,-0.808594,0.0,0.0923,-5.5911,0.010332,0.01029,0.005446,10.833497,14.655548
69992448,53894.2,-0.002197,1.900119,0.000652,-0.800781,0.0,0.0927,-5.5389,0.009555,0.010366,0.00487,11.737716,13.559139
70778880,54056.7,0.002108,2.015874,0.00071,-0.769531,0.0,0.0919,-5.5102,0.01347,0.014092,0.007692,11.896683,13.420572
71565312,54255.4,-0.002209,1.873211,0.000703,-0.707031,0.0,0.0912,-5.4763,0.010609,0.011913,0.006547,10.281773,11.03112
72351744,54450.7,-0.005582,2.023798,0.000689,-0.695312,0.0,0.0906,-5.4598,0.007355,0.007369,0.004473,8.231771,16.08054
73138176,54030.6,-0.000573,2.282053,0.000708,-0.726562,0.0,0.0903,-5.4242,0.017852,0.013855,0.006644,9.428056,14.624595
73924608,54205.4,-0.003796,2.041085,0.000724,-0.742188,0.0,0.0911,-5.3834,0.011987,0.011671,0.007865,11.388806,14.271368
74711040,54380.4,0.000109,2.058199,0.000716,-0.773438,0.0,0.0922,-5.3426,0.010414,0.009588,0.006736,11.496556,13.859335
75497472,53921.5,-0.004042,2.166578,0.000758,-0.847656,0.0,0.0934,-5.2949,0.01519,0.009357,0.006865,10.632958,11.093466
76283904,54115.6,0.008878,1.78757,0.001228,-0.816406,0.0,0.0941,-5.2586,0.015047,0.011037,0.008653,10.100474,15.680265
77070336,54286.3,0.000565,1.802426,0.000739,-0.914062,0.0,0.0953,-5.2101,0.008741,0.008521,0.007702,11.173142,14.267941
77856768,54429.6,0.003709,1.587165,0.000875,-0.886719,0.0,0.0967,-5.1541,0.011793,0.010972,0.008664,11.952306,14.261737
78643200,53951.8,0.001199,1.673746,0.000838,-0.859375,0.0,0.0993,-5.088,0.009998,0.008942,0.008758,12.530913,13.939129
79429632,54133.0,-0.00024,1.383812,0.000992,-0.796875,0.0,0.1037,-5.007,0.01015,0.006841,0.00615,11.844213,13.735998
80216064,54311.3,0.004922,1.511004,0.000657,-0.863281,0.0,0.1078,-4.9314,0.006123,0.004998,0.005319,8.293175,6.957676
81002496,54485.1,-0.002482,1.605509,0.000996,-0.859375,0.0,0.1103,-4.8861,0.00983,0.00633,0.006003,11.16169,16.238632
81788928,54028.0,-0.005551,1.866037,0.00205,-0.886719,0.0,0.1127,-4.8334,0.014321,0.012341,0.010991,13.300926,15.047892
82575360,54195.3,-0.00797,1.695913,0.000896,-0.839844,0.0,0.1145,-4.7874,0.008715,0.00589,0.006325,13.076724,14.971596
83361792,54364.1,0.005634,1.740687,0.000749,-0.824219,0.0,0.1164,-4.7343,0.011258,0.007152,0.007115,12.762116,14.250476
84148224,54074.6,0.002788,2.031465,0.001014,-0.851562,0.0,0.1171,-4.6921,0.011149,0.008126,0.006582,8.387517,6.59345
84934656,54233.7,-0.001109,1.844633,0.001211,-0.847656,0.0,0.1159,-4.6694,0.007053,0.005744,0.005408,12.672158,16.647753
85721088,54392.8,-0.003816,1.626715,0.000827,-0.804688,0.0,0.1142,-4.6376,0.009402,0.007447,0.007265,12.114697,16.861507
86507520,54555.3,0.00018,1.519994,0.005254,-0.851562,0.0,0.1127,-4.6066,0.01055,0.009022,0.007074,13.33734,15.064545
87293952,54150.3,-0.001947,1.645587,0.000853,-0.746094,0.0,0.1129,-4.5697,0.00504,0.005433,0.005545,13.084717,15.36938
88080384,54315.3,0.001765,1.488742,0.000733,-0.734375,0.0,0.1139,-4.5353,0.00626,0.005834,0.007749,11.607111,14.912512
88866816,54476.0,0.003333,1.617283,0.002629,-0.898438,0.0,0.1147,-4.5121,0.009926,0.009648,0.013019,12.511839,18.025196
89653248,54173.6,-0.004119,1.781044,0.000922,-0.84375,0.0,0.1155,-4.4788,0.009032,0.007045,0.009064,13.095004,17.233589
90439680,54316.9,-0.006729,1.438453,0.000653,-0.789062,0.0,0.1162,-4.4363,0.009595,0.007634,0.010082,12.523436,16.12254
91226112,54470.5,-0.004139,1.513072,0.000763,-0.800781,0.0,0.1169,-4.4031,0.007263,0.008478,0.007626,13.823184,16.12154
92012544,54612.9,0.01027,1.636087,0.000766,-0.808594,0.0,0.1175,-4.3732,0.008681,0.008,0.008546,14.639522,16.178629
92798976,54343.3,0.000754,1.617195,0.000889,-0.753906,0.0,0.1178,-4.3456,0.017346,0.010248,0.009278,10.927343,19.636696
93585408,54490.4,-0.001688,1.352585,0.00064,-0.714844,0.0,0.1183,-4.2977,0.013036,0.008857,0.009415,10.038948,17.463474
94371840,54632.7,0.00074,1.252057,0.000639,-0.753906,0.0,0.119,-4.2429,0.007712,0.006726,0.005366,12.771571,17.626713
95158272,54378.0,-0.004557,1.328254,0.000864,-0.757812,0.0,0.1199,-4.1934,0.013187,0.007488,0.00936,13.930135,16.723644
95944704,54524.0,-0.001551,1.341174,0.00068,-0.816406,0.0,0.1198,-4.1661,0.005687,0.005615,0.00618,12.51309,14.927042
96731136,54659.0,0.003665,1.520156,0.00065,-0.859375,0.0,0.1194,-4.1446,0.00931,0.007951,0.007784,12.102273,13.734756
97517568,54791.4,-0.000926,1.458135,0.000622,-0.828125,0.0,0.1191,-4.1306,0.00872,0.006675,0.008328,12.69862,18.475435
98304000,54529.6,0.003834,1.788278,0.000634,-0.84375,0.0,0.1199,-4.1031,0.005242,0.003605,0.004892,13.273335,17.049738
99090432,54670.4,-0.00011,1.473134,0.000666,-0.847656,0.0,0.1222,-4.0668,0.008957,0.006998,0.006854,14.352228,16.449013
99876864,54791.2,-0.004107,1.391661,0.000652,-0.851562,0.0,0.1245,-4.0317,0.005741,0.00672,0.015031,15.179351,16.263323
100663296,54509.5,0.004258,1.456302,0.000896,-0.855469,0.0,0.1273,-3.9895,0.011938,0.008952,0.014341,12.930148,13.624517
101449728,54649.3,0.001229,1.316881,0.000728,-0.769531,0.0,0.1291,-3.9614,0.008838,0.00708,0.009398,11.604979,19.033949
102236160,54782.5,-0.009957,1.316516,0.000717,-0.785156,0.0,0.1314,-3.9179,0.007686,0.005474,0.008732,13.460143,18.902374
103022592,54912.8,-2.4e-05,1.471404,0.000725,-0.777344,0.0,0.133,-3.8871,0.004956,0.005436,0.007146,13.435435,19.02515
103809024,54617.9,-0.00196,1.678271,0.000681,-0.847656,0.0,0.134,-3.8621,0.004613,0.004155,0.005215,15.857884,17.641199
104595456,54752.6,-0.008854,1.38041,0.000706,-0.804688,0.0,0.1346,-3.844,0.012202,0.007694,0.009812,14.71933,17.01379
105381888,54880.2,-0.001751,1.337885,0.000852,-0.734375,0.0,0.1356,-3.8221,0.007028,0.006513,0.00939,11.19521,12.533951
106168320,55015.7,-0.005331,1.296843,0.001145,-0.820312,0.0,0.1361,-3.8062,0.007468,0.006094,0.008139,13.841078,20.556114
106954752,54673.6,0.001052,1.640896,0.001046,-0.828125,0.0,0.1343,-3.8077,0.006082,0.007105,0.009098,15.828386,19.687168
107741184,54801.5,-0.003725,1.313662,0.000745,-0.714844,0.0,0.132,-3.8214,0.01177,0.010999,0.014311,13.382458,19.616224
108527616,54928.9,-0.005384,1.325487,0.000763,-0.796875,0.0,0.1295,-3.8321,0.007434,0.00683,0.007601,15.214992,17.091602
109314048,54656.8,-0.004462,1.565286,0.001137,-0.84375,0.0,0.1279,-3.8279,0.008046,0.005058,0.005434,11.481974,12.617099
110100480,54759.0,-0.00508,1.176309,0.000684,-0.757812,0.0,0.1285,-3.8052,0.011878,0.009551,0.010746,13.906423,20.529724
110886912,54885.2,-0.005194,1.348826,0.000721,-0.773438,0.0,0.1292,-3.7796,0.012925,0.009494,0.009031,13.075122,20.473793
111673344,55004.0,-0.001219,1.261368,0.000913,-0.847656,0.0,0.1299,-3.7527,0.007469,0.00658,0.00641,15.98556,18.605682
112459776,54772.7,-0.003053,1.182055,0.0007,-0.757812,0.0,0.1316,-3.7209,0.010271,0.008446,0.009109,15.076197,17.857277
113246208,54893.9,-0.004044,1.053082,0.000734,-0.730469,0.0,0.1334,-3.693,0.007871,0.006841,0.008506,15.245505,18.273943
114032640,55003.3,-0.001262,1.250085,0.000782,-0.699219,0.0,0.1344,-3.6634,0.007739,0.006031,0.006871,12.031512,23.046177
114819072,54815.2,0.005603,1.325543,0.000781,-0.785156,0.0,0.135,-3.643,0.007183,0.006068,0.006637,14.271121,20.332275
115605504,54927.6,0.004824,1.231222,0.000674,-0.699219,0.0,0.1377,-3.6119,0.00819,0.006685,0.007415,13.156846,19.291687
116391936,55044.8,-0.001939,1.230942,0.00087,-0.734375,0.0,0.1401,-3.5825,0.004856,0.005681,0.005638,15.177034,20.222553
117178368,55158.8,0.003826,1.25175,0.000687,-0.890625,0.0,0.1427,-3.55,0.004539,0.004368,0.005079,18.274813,19.139017
117964800,54963.0,0.002513,1.39366,0.001018,-0.882812,0.0,0.145,-3.5195,0.010128,0.006192,0.006828,15.784117,22.60191
118751232,55079.0,-0.005252,1.191129,0.001404,-0.878906,0.0,0.1464,-3.4987,0.008143,0.00919,0.009821,16.569481,21.309929
119537664,55183.4,0.000775,1.235928,0.000956,-0.796875,0.0,0.1484,-3.4671,0.00621,0.005223,0.00561,14.900955,21.594284
120324096,54943.5,-0.002764,1.306179,0.000684,-0.824219,0.0,0.1503,-3.4318,0.008507,0.007049,0.006909,17.609413,19.813139
121110528,55049.6,-0.001352,1.183743,0.000748,-0.839844,0.0,0.1515,-3.42,0.009405,0.008762,0.008654,16.989195,18.210356
121896960,55158.2,0.005682,1.188908,0.000818,-0.804688,0.0,0.152,-3.4135,0.00617,0.006994,0.007287,16.013544,17.568356
122683392,55266.8,-0.005019,1.280217,0.00093,-0.84375,0.0,0.1524,-3.4048,0.011339,0.008957,0.008408,15.295177,23.285978
123469824,55033.1,-0.001374,1.229365,0.001124,-0.8125,0.0,0.153,-3.3903,0.008336,0.007005,0.006527,15.809786,21.558289
124256256,55142.7,-0.001873,1.066499,0.000763,-0.800781,0.0,0.1549,-3.3633,0.00915,0.007957,0.00829,17.566235,21.36109
125042688,55251.7,-0.001519,1.030878,0.000925,-0.730469,0.0,0.157,-3.3345,0.007386,0.006767,0.006587,16.474579,22.275114
125829120,54926.2,-0.002281,1.136159,0.000621,-0.863281,0.0,0.1588,-3.3044,0.00517,0.004288,0.004398,17.335646,17.49548
126615552,55038.4,-0.002113,1.196012,0.001177,-0.863281,0.0,0.1601,-3.2843,0.013334,0.011783,0.013899,17.698988,22.664455
127401984,55148.0,-0.005981,1.152366,0.000684,-0.769531,0.0,0.162,-3.2517,0.006449,0.005785,0.007491,14.882045,23.626509
128188416,55256.2,-0.002226,1.198997,0.001578,-0.789062,0.0,0.1639,-3.2212,0.007471,0.007313,0.007931,17.691139,24.01395
128974848,55009.1,0.001256,1.171708,0.00097,-0.8125,0.0,0.1644,-3.1957,0.007148,0.007069,0.00722,19.174555,22.535023
129761280,55113.7,-0.001792,1.19107,0.000667,-0.875,0.0,0.1642,-3.177,0.007745,0.005154,0.00505,20.320301,21.435329
130547712,55218.1,-0.005724,1.198841,0.000675,-0.757812,0.0,0.1645,-3.1563,0.006145,0.004619,0.005448,14.765276,18.493324
131334144,55321.1,-0.000573,1.206314,0.000658,-0.730469,0.0,0.1649,-3.1426,0.012386,0.004269,0.005274,15.711612,24.55838
132120576,55025.2,-0.002019,1.089138,0.000636,-0.722656,0.0,0.1649,-3.1185,0.010133,0.008225,0.008927,15.348143,23.13603
132907008,55127.7,-0.005686,1.046844,0.000645,-0.785156,0.0,0.1647,-3.0941,0.006208,0.004526,0.004721,18.478724,22.764725
133693440,55223.4,0.000853,1.072528,0.000792,-0.777344,0.0,0.1641,-3.0759,0.004929,0.003939,0.003869,20.653963,24.461554
134479872,54959.6,-0.007893,1.151423,0.000812,-0.78125,0.0,0.1643,-3.0523,0.008836,0.005857,0.006781,15.571489,19.518898
135266304,55059.5,0.00113,1.129228,0.000957,-0.847656,0.0,0.1652,-3.0259,0.013343,0.010481,0.012171,19.662428,24.023693
136052736,55158.8,0.002263,1.105999,0.00127,-0.777344,0.0,0.1667,-2.9851,0.010817,0.010035,0.010219,16.657053,24.806969
136839168,55256.2,-0.009329,1.055387,0.000971,-0.835938,0.0,0.1693,-2.9466,0.007548,0.007742,0.00827,19.579403,24.048447
137625600,54937.7,-0.002129,1.035556,0.001093,-0.824219,0.0,0.1706,-2.9164,0.008684,0.006803,0.009652,20.288963,23.608456
138412032,55035.9,0.003102,0.878872,0.001064,-0.78125,0.0,0.1711,-2.8862,0.006746,0.006737,0.007791,20.125635,23.484974
139198464,55133.2,-0.002684,0.985798,0.001064,-0.828125,0.0,0.1719,-2.8603,0.007506,0.007579,0.008452,12.863506,10.813538
139984896,54902.6,-3.7e-05,1.049639,0.000776,-0.785156,0.0,0.1726,-2.8424,0.007402,0.007059,0.007231,18.628054,25.260956
140771328,54997.0,-0.002952,1.0416,0.000808,-0.742188,0.0,0.1745,-2.8169,0.009254,0.009202,0.008562,18.79167,26.12904
141557760,55081.8,-0.002052,1.087763,0.001091,-0.742188,0.0,0.1765,-2.7918,0.007419,0.00811,0.008308,18.439518,25.266541
142344192,55158.5,-0.003026,0.977646,0.000699,-0.757812,0.0,0.1789,-2.7663,0.007302,0.005757,0.004716,21.426008,25.861038
143130624,54957.1,0.003088,0.92836,0.000676,-0.796875,0.0,0.18,-2.7348,0.008145,0.010133,0.010276,13.260416,13.155487
143917056,55049.8,0.00342,0.997176,0.000699,-0.925781,0.0,0.1799,-2.7173,0.005944,0.004729,0.006176,23.141354,26.108936
144703488,55143.0,0.00238,0.94593,0.000682,-0.804688,0.0,0.1803,-2.6891,0.006086,0.004775,0.006254,20.543045,26.846191
145489920,54875.0,-0.002131,0.988324,0.00121,-0.824219,0.0,0.1804,-2.6627,0.009517,0.00942,0.008398,21.865688,25.386913
146276352,54966.5,0.006914,0.978722,0.000815,-0.714844,0.0,0.1835,-2.6284,0.007905,0.00839,0.008309,19.728197,25.903389
147062784,55056.2,-0.002235,0.944983,0.001185,-0.675781,0.0,0.1864,-2.595,0.008172,0.00797,0.007697,18.367474,25.016972
147849216,55146.1,-0.000788,1.044278,0.000711,-0.730469,0.0,0.1882,-2.5731,0.007922,0.005424,0.005361,18.849005,28.380005
148635648,54997.6,-0.003153,1.158905,0.000701,-0.792969,0.0,0.1907,-2.5388,0.006925,0.005726,0.004722,20.331772,27.428488
149422080,55085.0,-3.6e-05,0.981737,0.001025,-0.839844,0.0,0.1915,-2.5134,0.00895,0.009467,0.010414,21.646248,26.367483
150208512,55172.8,-0.000922,0.894341,0.001625,-0.875,0.0,0.1938,-2.4832,0.00793,0.005892,0.006662,23.276213,25.540451
150994944,54946.1,-0.00982,0.935897,0.000919,-0.925781,0.0,0.1959,-2.4532,0.010483,0.006687,0.007184,24.745991,24.092709
151781376,55033.9,0.001125,0.989109,0.002103,-0.855469,0.0,0.1966,-2.4391,0.010605,0.008846,0.008309,22.926054,30.468054
152567808,55123.6,-0.000867,0.981263,0.000713,-0.898438,0.0,0.1979,-2.416,0.005494,0.004416,0.004577,22.349403,27.703283
153354240,55211.7,0.000507,1.016697,0.000706,-0.984375,0.0,0.1996,-2.3937,0.004631,0.004514,0.004524,23.717873,25.585897
154140672,55041.1,-0.00207,1.020945,0.002524,-1.007812,0.0,0.201,-2.3737,0.00809,0.005587,0.006516,24.672537,23.844021
154927104,55126.9,-0.00687,0.880929,0.001203,-0.851562,0.0,0.2012,-2.357,0.012846,0.009389,0.007946,23.345114,25.31662
155713536,55213.8,0.000463,0.848006,0.00084,-0.796875,0.0,0.2009,-2.3366,0.01139,0.010106,0.008337,19.78974,22.760153
156499968,55300.7,-0.005184,0.921588,0.001734,-0.78125,0.0,0.201,-2.3221,0.009292,0.009992,0.008278,21.594,29.725887
157286400,55105.5,-0.001348,1.014448,0.00326,-0.808594,0.0,0.2033,-2.2935,0.013122,0.010908,0.008759,22.882349,29.810665
158072832,55189.0,-0.003539,0.909393,0.000872,-0.757812,0.0,0.2069,-2.2594,0.004909,0.006567,0.006758,21.309591,28.447235
158859264,55271.6,0.000706,0.966672,0.001511,-0.859375,0.0,0.2098,-2.2268,0.009164,0.009961,0.009587,23.398106,26.819096
159645696,55075.6,-0.004311,0.909505,0.001079,-0.898438,0.0,0.2133,-2.1993,0.007049,0.007211,0.007012,20.982656,21.655851
160432128,55159.7,-0.008075,0.833786,0.002076,-0.886719,0.0,0.215,-2.1839,0.011492,0.008884,0.010615,25.135263,30.768974
161218560,55241.9,-0.005397,0.79349,0.000986,-0.816406,0.0,0.2173,-2.1606,0.013501,0.010875,0.009172,22.178741,29.95863
162004992,55314.5,-0.0057,0.788013,0.000929,-0.871094,0.0,0.2194,-2.1329,0.019795,0.00765,0.007612,24.100298,28.284607
162791424,55100.7,-0.001728,0.9158,0.001541,-0.875,0.0,0.2225,-2.109,0.013063,0.005924,0.005404,24.226351,27.205048
163577856,55181.6,0.00116,0.882948,0.000873,-0.789062,0.0,0.2253,-2.0848,0.011096,0.004629,0.004074,23.643745,29.043266
164364288,55262.8,-0.004854,0.842787,0.001018,-0.710938,0.0,0.2277,-2.0578,0.006445,0.005078,0.004431,17.641676,24.802624
165150720,55110.5,-0.001264,0.880874,0.00074,-0.726562,0.0,0.2288,-2.041,0.008719,0.006495,0.00525,20.461054,32.054897
165937152,55190.8,0.007968,0.834712,0.000866,-0.792969,0.0,0.2319,-2.0183,0.018967,0.01137,0.010579,22.099283,28.388334
166723584,55270.6,-0.003232,0.757025,0.001086,-0.796875,0.0,0.2352,-1.9953,0.010251,0.008305,0.007635,22.08717,27.802868
167510016,55350.7,-0.006081,0.807918,0.001209,-0.796875,0.0,0.2389,-1.9706,0.010865,0.008826,0.008257,22.534481,26.391125
168296448,55207.8,-0.008255,0.778798,0.001184,-0.828125,0.0,0.2419,-1.9459,0.014954,0.009739,0.009564,19.281748,20.736263
169082880,55285.3,-0.003794,0.859402,0.000745,-0.828125,0.0,0.2443,-1.929,0.007073,0.004687,0.004456,23.771721,31.332144
169869312,55363.2,-0.008562,0.841883,0.000713,-0.722656,0.0,0.2477,-1.9053,0.005862,0.003915,0.004212,21.779747,33.533432
170655744,55193.4,-0.00296,0.742248,0.000684,-0.710938,0.0,0.2508,-1.881,0.006531,0.005226,0.005327,21.541563,29.843876
171442176,55269.1,-0.00519,0.855748,0.000768,-0.785156,0.0,0.2539,-1.863,0.009595,0.004642,0.004757,23.435999,27.658516
172228608,55345.9,-0.001583,0.812882,0.00098,-0.785156,0.0,0.2575,-1.8436,0.006287,0.0045,0.004669,23.25034,25.675243
173015040,55418.1,0.000184,0.831285,0.000827,-0.785156,0.0,0.2598,-1.8271,0.007972,0.004376,0.004889,21.927547,32.75304
173801472,55268.3,-0.004845,0.824774,0.000696,-0.859375,0.0,0.2617,-1.8128,0.011603,0.005971,0.006667,23.686117,30.969067
174587904,55343.1,-0.001744,0.735212,0.000844,-0.828125,0.0,0.2631,-1.7936,0.015752,0.008378,0.01039,24.099651,30.453289
175374336,55415.9,-0.004954,0.73801,0.000814,-0.722656,0.0,0.2651,-1.777,0.011401,0.007805,0.008372,22.715645,30.713791
176160768,55111.4,0.003579,0.755805,0.000932,-0.679688,0.0,0.2668,-1.7599,0.01154,0.007474,0.007789,21.067225,29.727377
176947200,55185.7,-0.006663,0.775383,0.00099,-0.667969,0.0,0.2703,-1.7373,0.012947,0.009287,0.010192,20.958479,34.387993
177733632,55257.7,-0.003701,0.746952,0.000778,-0.722656,0.0,0.2722,-1.7218,0.007939,0.006645,0.005867,21.159943,32.384014
178520064,55328.6,-1.3e-05,0.735676,0.000751,-0.761719,0.0,0.2748,-1.6973,0.007154,0.005693,0.005155,23.309994,31.460033
179306496,55170.6,-0.001802,0.802537,0.000802,-0.785156,0.0,0.278,-1.6761,0.006274,0.004942,0.00542,24.417694,29.763332
180092928,55243.8,-0.003627,0.779147,0.000911,-0.769531,0.0,0.2825,-1.6514,0.00928,0.006517,0.006072,24.482054,28.339108
180879360,55315.8,0.001201,0.826123,0.000702,-0.769531,0.0,0.2863,-1.6317,0.007434,0.005238,0.005814,23.420994,25.581448
181665792,55386.8,-0.004205,0.798877,0.000759,-0.761719,0.0,0.2891,-1.6164,0.007649,0.005433,0.005815,22.398251,33.888008
182452224,55161.4,0.002239,0.857762,0.001777,-0.792969,0.0,0.2917,-1.5952,0.010635,0.008015,0.009778,23.439751,33.435616
183238656,55232.1,-0.000322,0.720203,0.000714,-0.816406,0.0,0.2943,-1.5759,0.007151,0.005265,0.006179,25.465759,31.666363
184025088,55303.6,-0.0017,0.700643,0.000731,-0.847656,0.0,0.2975,-1.5595,0.010529,0.004859,0.005542,26.952271,29.646248
184811520,55153.9,0.003206,0.727852,0.000783,-0.871094,0.0,0.3005,-1.5437,0.011185,0.006747,0.007532,25.73237,24.888317
185597952,55224.5,-0.000539,0.684968,0.00078,-0.839844,0.0,0.302,-1.5346,0.010784,0.00747,0.008225,23.784,35.103493
186384384,55294.9,-0.000749,0.717857,0.000828,-0.742188,0.0,0.3039,-1.5192,0.009942,0.007231,0.006686,20.984188,35.731739
187170816,55363.0,-0.006042,0.684436,0.000803,-0.71875,0.0,0.3066,-1.5003,0.010271,0.007733,0.006889,21.802891,35.102097
187957248,55172.5,-0.002111,0.676719,0.000975,-0.722656,0.0,0.3108,-1.4798,0.011239,0.008767,0.008204,23.259056,31.238922
188743680,55240.8,-0.008321,0.674606,0.000849,-0.71875,0.0,0.316,-1.4573,0.011331,0.006823,0.007257,24.512032,29.120773
189530112,55309.1,-0.000952,0.707604,0.000803,-0.679688,0.0,0.3216,-1.4363,0.008975,0.007471,0.0064,22.890066,27.798901
190316544,55148.6,0.004725,0.735117,0.0012,-0.671875,0.0,0.3255,-1.4196,0.010716,0.00684,0.007264,19.402781,37.452847
191102976,55209.6,0.001713,0.671642,0.001134,-0.675781,0.0,0.328,-1.3994,0.005941,0.004553,0.004516,22.051811,35.45089
191889408,55276.2,-0.000283,0.609481,0.001038,-0.664062,0.0,0.3306,-1.3845,0.007354,0.006072,0.006216,22.488827,35.489445
192675840,55341.1,-0.003316,0.626431,0.001665,-0.734375,0.0,0.3335,-1.3709,0.012489,0.009466,0.009125,24.254282,31.86067
193462272,55208.8,-0.006668,0.652556,0.001215,-0.777344,0.0,0.3366,-1.3559,0.014549,0.007838,0.008847,22.86661,24.6968
194248704,55272.9,0.00527,0.680168,0.000933,-0.71875,0.0,0.3388,-1.3471,0.009876,0.007366,0.008087,20.55439,36.377785
195035136,55341.0,-0.002982,0.66384,0.000922,-0.726562,0.0,0.342,-1.3335,0.009456,0.007328,0.008166,21.614372,36.448696
195821568,55192.2,-0.001407,0.638129,0.001103,-0.710938,0.0,0.3448,-1.319,0.010239,0.006263,0.007956,22.969574,34.415134
196608000,55258.2,-0.001513,0.577155,0.001878,-0.664062,0.0,0.3461,-1.3079,0.00789,0.006944,0.007834,22.994577,32.188416
197394432,55324.5,-0.000516,0.542541,0.00091,-0.679688,0.0,0.3473,-1.2953,0.009096,0.007098,0.008336,24.706331,30.164883
198180864,55390.3,-0.000145,0.567722,0.000905,-0.664062,0.0,0.3493,-1.2812,0.008204,0.006401,0.00667,18.853382,16.889711
198967296,55229.2,-0.005757,0.592672,0.000832,-0.683594,0.0,0.351,-1.2705,0.009044,0.00743,0.008002,20.652193,37.656517
199753728,55294.1,7.1e-05,0.599609,0.00119,-0.691406,0.0,0.3545,-1.2506,0.011794,0.007423,0.008091,22.581743,35.812271
200540160,55359.2,-0.000564,0.567273,0.001302,-0.640625,0.0,0.3582,-1.2336,0.011062,0.008062,0.008766,23.282112,37.027939
201326592,55212.6,-0.002524,0.544809,0.001613,-0.617188,0.0,0.3626,-1.2136,0.008265,0.006976,0.006954,23.935904,32.091007
202113024,55277.7,0.000581,0.583452,0.001008,-0.648438,0.0,0.3669,-1.1941,0.009514,0.007803,0.007232,18.276783,17.519758
202899456,55343.4,-0.004612,0.544746,0.00101,-0.652344,0.0,0.3701,-1.1812,0.008193,0.007673,0.007588,19.813633,38.927868
203685888,55406.9,0.005355,0.537143,0.000861,-0.683594,0.0,0.3745,-1.156,0.007155,0.007163,0.006308,21.374353,37.98687
204472320,55259.0,-0.001731,0.537707,0.000939,-0.667969,0.0,0.3797,-1.1335,0.007237,0.005534,0.005883,24.656979,36.710022
205258752,55321.5,-0.001652,0.526933,0.000898,-0.667969,0.0,0.3841,-1.1122,0.009372,0.00592,0.007537,26.157873,34.30331
206045184,55384.6,-0.002414,0.510002,0.001206,-0.621094,0.0,0.3888,-1.0957,0.010053,0.006907,0.007442,26.149317,33.199097
206831616,55446.4,0.000694,0.537878,0.00088,-0.710938,0.0,0.391,-1.0855,0.008373,0.006849,0.006673,23.118172,41.012863
207618048,55282.3,-0.000138,0.547903,0.002178,-0.707031,0.0,0.3947,-1.0658,0.011785,0.008845,0.009207,22.427595,40.591309
208404480,55346.0,-0.003265,0.529816,0.001388,-0.625,0.0,0.3977,-1.0508,0.007985,0.007413,0.007375,22.102015,38.084419
209190912,55405.1,-0.000637,0.499079,0.000929,-0.652344,0.0,0.4007,-1.0333,0.008862,0.005755,0.005698,25.731314,36.379875
209977344,55190.2,-0.000665,0.532912,0.000972,-0.699219,0.0,0.4045,-1.0143,0.005163,0.003685,0.003994,27.162424,30.615444
210763776,55251.1,-0.002453,0.546376,0.001135,-0.714844,0.0,0.4083,-0.9992,0.008359,0.006785,0.008395,21.321018,39.480942
211550208,55312.2,0.002031,0.550502,0.00097,-0.683594,0.0,0.4137,-0.9749,0.00866,0.006801,0.00838,22.401108,38.811531
212336640,55373.4,0.005538,0.524493,0.001426,-0.664062,0.0,0.4191,-0.9519,0.009747,0.007211,0.008545,22.894899,38.386524
213123072,55207.3,0.003656,0.53966,0.000873,-0.65625,0.0,0.424,-0.9309,0.007255,0.005082,0.005797,24.638613,34.631104
213909504,55268.3,-0.004602,0.445118,0.001187,-0.582031,0.0,0.429,-0.9079,0.013498,0.006911,0.007556,24.068174,36.827538
214695936,55329.4,-0.005119,0.459442,0.001293,-0.59375,0.0,0.4339,-0.8872,0.010549,0.006126,0.00655,23.365105,32.920692
215482368,55180.7,0.003692,0.492939,0.001172,-0.617188,0.0,0.4376,-0.8723,0.009233,0.005975,0.007124,20.397833,41.408588
216268800,55241.2,-0.000553,0.431936,0.001486,-0.597656,0.0,0.4404,-0.8525,0.008677,0.007532,0.007942,21.110851,39.761044
217055232,55298.4,0.000721,0.446872,0.001082,-0.640625,0.0,0.4438,-0.8312,0.010701,0.007628,0.008912,24.773737,37.507957
217841664,55358.1,-0.002223,0.382025,0.001125,-0.589844,0.0,0.4471,-0.8099,0.00923,0.007607,0.008738,24.522472,38.996288
218628096,55136.0,-0.003652,0.43259,0.001145,-0.617188,0.0,0.4506,-0.7929,0.009371,0.0061,0.006812,25.085222,33.411259
219414528,55195.0,-0.000519,0.462255,0.001201,-0.609375,0.0,0.453,-0.7807,0.00674,0.006697,0.007191,19.680668,41.892273
220200960,55253.4,0.002356,0.490205,0.001225,-0.582031,0.0,0.4571,-0.7636,0.008324,0.006876,0.007187,19.59845,41.978508
220987392,55055.6,0.005551,0.463285,0.000943,-0.652344,0.0,0.461,-0.7446,0.007823,0.005184,0.005125,24.020027,37.635284
221773824,55113.0,-0.00511,0.426422,0.001325,-0.613281,0.0,0.4669,-0.7227,0.006628,0.007644,0.008095,25.148186,37.672333
222560256,55169.7,-0.001065,0.407045,0.001375,-0.617188,0.0,0.4721,-0.6992,0.00752,0.006615,0.009743,25.405127,34.979324
223346688,55227.2,0.004583,0.419067,0.000921,-0.625,0.0,0.4765,-0.6785,0.008243,0.004374,0.008449,22.902348,29.562407
224133120,55073.6,-0.003264,0.460356,0.00085,-0.582031,0.0,0.4797,-0.6667,0.006691,0.005119,0.006483,21.045328,44.021862
224919552,55131.6,-0.003152,0.446457,0.001085,-0.542969,0.0,0.484,-0.6522,0.007501,0.006157,0.006823,21.69808,43.699547
225705984,55188.1,-0.001718,0.42734,0.00081,-0.574219,0.0,0.4886,-0.6365,0.009463,0.00682,0.008121,24.207787,40.061626
226492416,55085.1,-0.004152,0.410936,0.001103,-0.546875,0.0,0.4926,-0.623,0.0083,0.00798,0.008655,23.84679,38.120419
227278848,55142.7,0.00271,0.422956,0.001386,-0.558594,0.0,0.4966,-0.6073,0.008319,0.006539,0.0081,22.223808,31.861511
228065280,55199.5,-0.011321,0.392754,0.001851,-0.597656,0.0,0.4986,-0.595,0.008035,0.00539,0.007839,19.996193,45.057823
228851712,55256.0,-0.001127,0.416031,0.001075,-0.570312,0.0,0.5017,-0.577,0.007198,0.005391,0.006905,20.542048,45.449703
229638144,55118.9,-0.000772,0.40474,0.001156,-0.558594,0.0,0.5052,-0.5619,0.007223,0.005444,0.006149,23.894814,44.455139
230424576,55175.8,-0.000101,0.368462,0.000788,-0.59375,0.0,0.5085,-0.548,0.006954,0.006577,0.007125,27.637398,39.924301
231211008,55231.0,-0.001613,0.369611,0.001576,-0.574219,0.0,0.5121,-0.5361,0.008725,0.007071,0.00753,26.881824,39.121517
231997440,55286.6,-0.004314,0.382477,0.001275,-0.574219,0.0,0.5152,-0.5261,0.007561,0.006477,0.007044,18.399048,47.558403
232783872,55184.4,-0.005871,0.462132,0.00123,-0.609375,0.0,0.5168,-0.5176,0.009246,0.008051,0.007818,22.658455,45.426205
233570304,55239.6,-0.002773,0.463642,0.001421,-0.550781,0.0,0.5198,-0.5075,0.011741,0.007908,0.008166,23.70607,46.558685
234356736,55294.4,-0.002417,0.481273,0.000913,-0.632812,0.0,0.5221,-0.4966,0.010526,0.006589,0.006491,30.270433,44.900215
235143168,55201.7,0.001696,0.423556,0.001068,-0.613281,0.0,0.5256,-0.484,0.009393,0.005671,0.00619,31.285822,40.51725
235929600,55257.4,0.006918,0.442354,0.001088,-0.652344,0.0,0.5281,-0.472,0.008713,0.005727,0.006868,21.165537,49.577217
236716032,55312.4,0.001057,0.411474,0.000888,-0.644531,0.0,0.5304,-0.4613,0.007307,0.006083,0.006676,21.673571,48.209991
237502464,55365.9,0.003779,0.395802,0.001213,-0.621094,0.0,0.534,-0.4484,0.007561,0.005393,0.006454,24.48316,47.741421
238288896,55261.9,-0.004654,0.396658,0.001423,-0.636719,0.0,0.5369,-0.4344,0.010953,0.007536,0.007997,29.111542,44.424828
239075328,55315.6,-8.5e-05,0.367105,0.001264,-0.570312,0.0,0.5394,-0.4218,0.009223,0.006503,0.008076,29.282312,42.869362
239861760,55357.9,-0.005736,0.361468,0.001348,-0.578125,0.0,0.5419,-0.4088,0.006603,0.00569,0.006142,28.330679,39.736748
240648192,55239.4,0.00093,0.419385,0.00108,-0.601562,0.0,0.5434,-0.3997,0.006786,0.006633,0.006003,21.222105,49.257885
241434624,55290.9,-0.001262,0.444469,0.000977,-0.582031,0.0,0.5451,-0.3917,0.009771,0.007487,0.006485,23.225096,48.323204
242221056,55339.6,-0.000445,0.405813,0.001199,-0.597656,0.0,0.5462,-0.3861,0.007464,0.007642,0.006801,26.348907,46.310493
243007488,55391.0,-0.005291,0.391044,0.000893,-0.636719,0.0,0.5469,-0.3813,0.005411,0.006556,0.005008,32.010189,45.86039
243793920,55262.8,-0.002824,0.354834,0.001185,-0.601562,0.0,0.5487,-0.3752,0.007033,0.007546,0.006478,31.200731,41.683388
244580352,55315.2,-0.002554,0.358428,0.001032,-0.546875,0.0,0.5499,-0.3701,0.008324,0.007219,0.006001,20.585169,50.982605
245366784,55367.5,-0.001864,0.360655,0.000846,-0.570312,0.0,0.5518,-0.3616,0.007926,0.006966,0.006546,23.434385,49.336132
246153216,55272.5,-0.00097,0.355757,0.002145,-0.527344,0.0,0.5536,-0.3531,0.005171,0.005374,0.004622,26.231487,49.899437
246939648,55323.6,0.006184,0.385132,0.000971,-0.490234,0.0,0.5566,-0.3398,0.005541,0.006743,0.005949,26.973856,49.341522
247726080,55370.4,-0.005767,0.384881,0.001077,-0.535156,0.0,0.559,-0.3283,0.007327,0.007121,0.005784,27.411676,45.540695
248512512,55417.1,0.003485,0.382416,0.001014,-0.511719,0.0,0.5616,-0.3138,0.008615,0.006966,0.006644,25.269632,42.128151
249298944,55296.2,0.000736,0.402368,0.001267,-0.494141,0.0,0.5626,-0.3094,0.007645,0.006449,0.006511,20.091784,52.86515
250085376,55345.3,-0.002801,0.368904,0.001133,-0.523438,0.0,0.5622,-0.3034,0.009204,0.007429,0.007484,22.582823,49.056297
250871808,55394.6,-0.002588,0.35593,0.000812,-0.519531,0.0,0.5621,-0.2994,0.006972,0.006238,0.006287,24.05633,47.499161
251658240,55288.4,0.002967,0.32641,0.000935,-0.539062,0.0,0.5621,-0.2945,0.00581,0.00435,0.004587,27.355804,44.039745
252444672,55332.2,0.00837,0.333884,0.000905,-0.535156,0.0,0.5637,-0.2842,0.008067,0.007812,0.00879,25.726702,40.438721
253231104,55382.1,0.000308,0.33745,0.000986,-0.554688,0.0,0.5651,-0.2758,0.003708,0.004829,0.004626,19.416315,52.3284
254017536,55430.7,-0.000836,0.337277,0.001206,-0.511719,0.0,0.567,-0.2659,0.005963,0.006298,0.006309,20.79937,52.373901
254803968,55298.2,0.000511,0.353765,0.001098,-0.5625,0.0,0.5683,-0.258,0.006357,0.006117,0.006247,24.936409,46.150398
255590400,55348.0,-0.00276,0.318267,0.001116,-0.523438,0.0,0.5694,-0.2529,0.007101,0.007236,0.006725,29.380701,46.392853
256376832,55396.7,-0.005877,0.327278,0.001623,-0.503906,0.0,0.5711,-0.2487,0.008085,0.008118,0.006751,29.122189,46.723324
257163264,55446.0,0.002718,0.375822,0.001418,-0.519531,0.0,0.5722,-0.2446,0.008105,0.007785,0.006633,23.183821,30.590422
257949696,55320.9,-0.00262,0.399582,0.001212,-0.542969,0.0,0.5724,-0.2423,0.007907,0.006289,0.006109,21.381357,53.126328
258736128,55362.7,0.004148,0.364135,0.001036,-0.558594,0.0,0.5727,-0.2395,0.009145,0.005921,0.00747,25.671692,49.661053
259522560,55409.9,-0.000735,0.328078,0.00116,-0.511719,0.0,0.5727,-0.2368,0.007624,0.006473,0.00643,26.162924,50.190823
260308992,55294.9,0.00025,0.318563,0.001294,-0.550781,0.0,0.5732,-0.2295,0.006279,0.004674,0.005013,30.187737,44.363583
261095424,55344.4,-0.008773,0.325651,0.001082,-0.558594,0.0,0.5743,-0.222,0.007264,0.00644,0.005387,24.560211,29.476803
261881856,55392.3,0.003673,0.339564,0.001244,-0.546875,0.0,0.575,-0.2157,0.00797,0.006645,0.006112,19.255278,53.645874
262668288,55440.5,0.000569,0.35118,0.001479,-0.519531,0.0,0.5766,-0.2059,0.007034,0.006138,0.005648,22.064556,51.927719
263454720,55324.9,-0.001519,0.288915,0.001376,-0.515625,0.0,0.5769,-0.1988,0.010995,0.0059,0.005306,26.545347,49.577606
264241152,55370.8,0.003492,0.27713,0.00182,-0.474609,0.0,0.5771,-0.1909,0.011427,0.006629,0.006102,25.784437,47.782341
265027584,55406.9,-0.002251,0.280245,0.001163,-0.5,0.0,0.5769,-0.1851,0.009694,0.006306,0.005807,26.476019,44.948864
265814016,55263.4,0.001158,0.299905,0.001601,-0.474609,0.0,0.5768,-0.1806,0.007659,0.00459,0.005374,19.414036,54.260361
266600448,55311.3,-0.002459,0.29067,0.001535,-0.482422,0.0,0.5772,-0.1731,0.008347,0.006349,0.007148,19.466829,53.348412
267386880,55359.0,-0.001435,0.260856,0.001556,-0.466797,0.0,0.5775,-0.1657,0.00837,0.006228,0.006508,23.092796,51.723309
268173312,55407.0,-6.7e-05,0.262123,0.001301,-0.482422,0.0,0.5771,-0.1598,0.008346,0.00674,0.006585,25.544281,49.167328
268959744,55293.3,0.006373,0.308917,0.001284,-0.484375,0.0,0.5775,-0.1532,0.008638,0.006515,0.006077,26.872978,44.427074
269746176,55338.2,-0.001597,0.320188,0.001022,-0.460938,0.0,0.5781,-0.1471,0.007115,0.006878,0.006777,19.401846,56.11673
270532608,55383.5,0.005382,0.348704,0.001333,-0.511719,0.0,0.5791,-0.1407,0.006936,0.007208,0.006292,23.414068,54.29348
271319040,55271.9,-0.006456,0.334307,0.00203,-0.492188,0.0,0.5804,-0.1333,0.00685,0.005496,0.005155,25.375721,54.423794
272105472,55319.2,0.001998,0.287068,0.001208,-0.507812,0.0,0.5821,-0.1246,0.008385,0.005967,0.005845,29.160486,52.397919
272891904,55366.3,-0.007885,0.29314,0.001393,-0.46875,0.0,0.5839,-0.1174,0.005182,0.005522,0.005726,26.68334,48.848248
273678336,55412.6,0.000929,0.27461,0.001092,-0.466797,0.0,0.586,-0.1096,0.006092,0.006176,0.005903,25.229647,47.034729
274464768,55266.4,0.001074,0.27788,0.001201,-0.453125,0.0,0.5869,-0.1037,0.006001,0.006771,0.005454,17.493773,58.167229
275251200,55313.1,-0.000508,0.267164,0.001329,-0.441406,0.0,0.5868,-0.0985,0.009216,0.007991,0.008043,20.091326,56.680359
276037632,55359.7,-0.001395,0.277773,0.001078,-0.455078,0.0,0.5875,-0.0932,0.008618,0.006803,0.007251,23.553909,54.585564
276824064,55227.3,-0.003069,0.244307,0.001492,-0.462891,0.0,0.587,-0.0892,0.009628,0.005931,0.005902,28.835487,49.672054
277610496,55271.8,0.001412,0.327166,0.001186,-0.507812,0.0,0.5875,-0.0843,0.006519,0.006089,0.006351,28.549036,44.648499
278396928,55315.4,0.000837,0.328552,0.001055,-0.464844,0.0,0.5884,-0.0814,0.008731,0.006995,0.006722,17.126635,58.100586
279183360,55357.1,0.000722,0.31416,0.001099,-0.519531,0.0,0.5892,-0.0758,0.007189,0.006843,0.006258,22.17169,54.770599
279969792,55250.4,-0.001314,0.301783,0.001041,-0.507812,0.0,0.59,-0.0715,0.006128,0.005586,0.005898,25.002127,52.041039
280756224,55293.9,-0.008557,0.278557,0.001521,-0.476562,0.0,0.5903,-0.0681,0.006848,0.007001,0.007211,27.008516,49.937344
281542656,55339.5,-0.002014,0.279805,0.001673,-0.427734,0.0,0.5907,-0.0644,0.004632,0.004528,0.004906,26.128574,50.115631
282329088,55384.5,-0.000481,0.268818,0.001772,-0.398438,0.0,0.5911,-0.0591,0.006416,0.005186,0.005289,22.770142,49.330444
283115520,55298.0,0.001503,0.294652,0.001453,-0.443359,0.0,0.5901,-0.0566,0.008525,0.006465,0.007663,19.817688,57.32785
283901952,55339.8,-0.003714,0.294625,0.001472,-0.441406,0.0,0.5892,-0.0509,0.009168,0.006649,0.006001,21.318375,54.170067
284688384,55384.8,-0.00614,0.256166,0.001477,-0.443359,0.0,0.5883,-0.044,0.008806,0.004875,0.00516,23.970505,52.52404
285474816,55302.0,0.002042,0.276774,0.0015,-0.439453,0.0,0.588,-0.0368,0.007535,0.004519,0.004996,27.257397,51.064175
286261248,55345.4,0.000564,0.266971,0.001169,-0.429688,0.0,0.5888,-0.0293,0.008651,0.006521,0.005601,23.885876,46.712322
287047680,55388.2,0.000785,0.27806,0.002202,-0.449219,0.0,0.589,-0.0252,0.008293,0.005745,0.006394,19.411823,58.526581
287834112,55431.0,0.004504,0.266521,0.001748,-0.447266,0.0,0.5897,-0.0194,0.006292,0.005818,0.00648,19.399271,57.341728
288620544,55352.8,0.000723,0.304748,0.001236,-0.503906,0.0,0.59,-0.0161,0.009313,0.005729,0.005707,25.110964,52.300323
289406976,55394.1,-0.006524,0.299314,0.001512,-0.53125,0.0,0.59,-0.0122,0.007707,0.006602,0.005664,29.185289,48.671734
290193408,55434.3,-0.005719,0.266243,0.001222,-0.511719,0.0,0.5902,-0.008,0.007761,0.004579,0.004972,26.883593,44.617455
290979840,55296.0,-0.007331,0.27883,0.001219,-0.478516,0.0,0.5909,-0.0039,0.006815,0.005461,0.004966,19.523323,56.908386
291766272,55338.5,-0.002258,0.295242,0.001781,-0.496094,0.0,0.5917,-0.0021,0.007211,0.005895,0.006288,21.621021,54.156395
292552704,55380.6,-0.001029,0.283908,0.00169,-0.503906,0.0,0.5924,0.0002,0.007698,0.006795,0.007832,24.123289,53.632839
293339136,55422.3,0.002326,0.270274,0.001685,-0.498047,0.0,0.5934,0.0042,0.0065,0.005164,0.004941,27.767019,52.5821
294125568,55338.9,3.5e-05,0.273373,0.001015,-0.449219,0.0,0.594,0.0072,0.008842,0.004805,0.005265,27.151491,51.242249
294912000,55382.5,-0.00012,0.264591,0.001286,-0.433594,0.0,0.595,0.0112,0.009213,0.006434,0.005945,17.332495,60.584877
295698432,55423.0,-0.000287,0.307261,0.001484,-0.423828,0.0,0.5956,0.0121,0.008563,0.006151,0.006137,17.529947,59.150513
296484864,55326.6,0.000705,0.283664,0.001333,-0.425781,0.0,0.5969,0.0144,0.00768,0.004988,0.005747,20.343454,57.608288
297271296,55369.0,-0.003091,0.249695,0.001462,-0.429688,0.0,0.5963,0.0178,0.008536,0.006168,0.006369,24.802242,55.356117
298057728,55411.3,-0.000371,0.259173,0.000983,-0.449219,0.0,0.5966,0.0212,0.006589,0.004981,0.004858,26.620884,51.101646
298844160,55453.2,-0.001885,0.248143,0.001211,-0.412109,0.0,0.5964,0.0246,0.008616,0.005267,0.005559,23.858425,52.141487
299630592,55364.4,0.002884,0.272033,0.001362,-0.488281,0.0,0.5962,0.027,0.010926,0.005714,0.006581,19.908232,58.017406
300417024,55406.0,-0.006284,0.243566,0.001428,-0.464844,0.0,0.5965,0.028,0.008196,0.006591,0.00725,21.631041,55.411232
301203456,55447.7,0.000559,0.249425,0.001464,-0.472656,0.0,0.5965,0.0292,0.008131,0.004514,0.004839,24.515394,52.482025
301989888,55350.6,-0.006052,0.233441,0.001123,-0.478516,0.0,0.5962,0.0291,0.010412,0.004957,0.004515,27.895956,51.613129
302776320,55393.3,-0.001,0.235236,0.001401,-0.429688,0.0,0.5981,0.0337,0.007361,0.005305,0.004966,24.576717,50.735043
303562752,55433.7,0.0007,0.24399,0.002025,-0.449219,0.0,0.5994,0.0375,0.008192,0.006263,0.009532,19.90287,59.362164
304349184,55473.1,-0.005992,0.246128,0.002196,-0.470703,0.0,0.6006,0.042,0.005607,0.005329,0.007868,21.94898,57.981354
305135616,55374.7,-0.008129,0.234103,0.001241,-0.474609,0.0,0.6023,0.0486,0.005352,0.005076,0.005278,25.766012,55.33363
305922048,55416.6,-0.001165,0.218008,0.001393,-0.447266,0.0,0.6034,0.0552,0.006309,0.005245,0.006412,26.544619,53.180794
306708480,55458.3,0.001534,0.20741,0.001146,-0.417969,0.0,0.6042,0.062,0.006362,0.006131,0.006823,24.731148,50.730175
307494912,55499.2,-3e-05,0.219737,0.001628,-0.431641,0.0,0.606,0.0687,0.007758,0.005811,0.006174,24.422541,47.947945
308281344,55375.2,-0.003252,0.281718,0.00113,-0.472656,0.0,0.6066,0.0687,0.009393,0.008503,0.008687,18.708801,58.324249
309067776,55415.7,-0.00627,0.247407,0.001253,-0.412109,0.0,0.6068,0.0709,0.006793,0.006626,0.006442,20.435678,58.995285
309854208,55455.7,-0.006582,0.22869,0.001269,-0.416016,0.0,0.6064,0.0733,0.010366,0.006509,0.006958,25.40114,58.246193
310640640,55370.8,-0.001772,0.260734,0.001499,-0.388672,0.0,0.6077,0.0757,0.008486,0.00679,0.006434,25.736307,56.533165
311427072,55409.8,-0.000179,0.236988,0.001369,-0.371094,0.0,0.6103,0.0833,0.007556,0.007835,0.006174,22.829002,54.0686
312213504,55442.8,-0.003727,0.240732,0.001047,-0.375,0.0,0.6118,0.087,0.006749,0.00762,0.006992,17.272324,64.21965
312999936,55475.1,-0.000116,0.24601,0.001091,-0.392578,0.0,0.614,0.0911,0.007739,0.006339,0.005784,20.8423,61.031494
313786368,55369.1,-0.001657,0.203777,0.00115,-0.392578,0.0,0.6149,0.0955,0.01593,0.006329,0.008194,22.659616,57.394646
314572800,55410.4,-0.002852,0.18902,0.001284,-0.398438,0.0,0.6149,0.0978,0.011901,0.005722,0.006519,24.623268,54.045219
315359232,55452.0,-0.00587,0.188008,0.001295,-0.386719,0.0,0.6157,0.102,0.010624,0.006211,0.006443,22.636774,54.153801
316145664,55367.1,-0.005268,0.225623,0.000843,-0.402344,0.0,0.6154,0.1041,0.006957,0.005891,0.006894,18.283375,61.305889
316932096,55407.5,-0.004482,0.209561,0.001571,-0.398438,0.0,0.6151,0.108,0.006547,0.006123,0.006602,18.778997,59.670464
317718528,55447.4,0.002076,0.193159,0.001212,-0.40625,0.0,0.6151,0.1124,0.007116,0.006024,0.00699,21.9643,58.287884
318504960,55485.1,-0.002195,0.181093,0.001432,-0.410156,0.0,0.615,0.116,0.006148,0.006354,0.006841,22.912537,52.710007
319291392,55399.7,-0.001455,0.209342,0.001066,-0.404297,0.0,0.6146,0.12,0.006421,0.005706,0.005467,25.114113,50.962616
320077824,55435.1,0.000972,0.217569,0.001188,-0.378906,0.0,0.6147,0.1235,0.010881,0.005967,0.006509,22.082941,39.968887
320864256,55473.7,-0.00229,0.207675,0.001374,-0.382812,0.0,0.6147,0.1258,0.006323,0.005982,0.005553,16.853588,61.523994
321650688,55386.8,-0.001069,0.219126,0.001366,-0.404297,0.0,0.615,0.1286,0.0072,0.005182,0.005334,20.478195,58.134453
322437120,55423.2,-0.005304,0.192285,0.00103,-0.398438,0.0,0.6149,0.131,0.006194,0.006454,0.00624,23.873123,55.822853
323223552,55462.7,-0.001,0.195148,0.001202,-0.371094,0.0,0.6146,0.1334,0.005994,0.006433,0.006052,22.343971,53.759731
324009984,55501.9,-0.006039,0.192718,0.001305,-0.375,0.0,0.6149,0.1388,0.007299,0.006826,0.006769,21.66786,55.510479
324796416,55446.3,-0.004295,0.218289,0.001045,-0.400391,0.0,0.6152,0.1415,0.007375,0.006679,0.006349,19.282515,60.645519
325582848,55484.6,-0.003156,0.201501,0.001524,-0.414062,0.0,0.6157,0.1459,0.007026,0.007631,0.005966,19.700949,56.933739
326369280,55520.2,0.004507,0.181085,0.00093,-0.396484,0.0,0.6161,0.1515,0.005406,0.005552,0.004771,20.582029,56.122726
327155712,55415.0,-0.00258,0.172555,0.001205,-0.427734,0.0,0.6167,0.157,0.006716,0.006103,0.005719,25.949072,49.982422
327942144,55449.4,-0.004354,0.208485,0.000957,-0.417969,0.0,0.6154,0.1557,0.006723,0.005948,0.006258,24.737932,50.281342
328728576,55485.7,-0.001387,0.243242,0.001189,-0.423828,0.0,0.6141,0.1543,0.00749,0.0073,0.007102,18.613039,60.521103
329515008,55520.4,-0.004318,0.258234,0.00143,-0.431641,0.0,0.6121,0.152,0.008106,0.006076,0.006109,20.689095,59.96949
330301440,55425.7,-0.001545,0.240769,0.001527,-0.416016,0.0,0.6103,0.1508,0.006525,0.006537,0.006167,22.812981,59.259422
331087872,55463.8,0.00044,0.213172,0.001603,-0.431641,0.0,0.6086,0.1497,0.006101,0.00657,0.00623,24.655418,55.598877
331874304,55500.0,-0.002613,0.194316,0.001435,-0.441406,0.0,0.6076,0.1496,0.006162,0.00606,0.005804,25.38633,52.660427
332660736,55538.0,-0.003612,0.195595,0.00134,-0.449219,0.0,0.6072,0.1507,0.00645,0.004918,0.006072,26.453465,50.925793
333447168,55461.0,0.001131,0.236875,0.001841,-0.449219,0.0,0.6071,0.1504,0.012824,0.005786,0.006215,17.839497,61.737267
334233600,55498.2,-0.005147,0.213271,0.00199,-0.417969,0.0,0.6068,0.149,0.008499,0.00596,0.005863,21.117008,60.507133
335020032,55535.6,-0.001193,0.214935,0.001482,-0.396484,0.0,0.6064,0.1482,0.010207,0.005577,0.005874,22.252798,61.108868
335806464,55470.3,-0.005561,0.1955,0.001227,-0.402344,0.0,0.6057,0.1494,0.009112,0.004773,0.004698,24.764235,53.932808
336592896,55508.7,-0.001061,0.201876,0.001564,-0.394531,0.0,0.6058,0.1535,0.006786,0.005432,0.005561,25.67569,53.348019
337379328,55546.3,-0.001934,0.203396,0.001581,-0.412109,0.0,0.6062,0.1561,0.006392,0.006094,0.005113,17.946388,63.415855
338165760,55583.3,-0.001429,0.215624,0.001316,-0.419922,0.0,0.6074,0.1609,0.00693,0.006391,0.005511,22.217609,59.678391
338952192,55412.2,0.004201,0.242642,0.001305,-0.453125,0.0,0.6072,0.1634,0.007643,0.005296,0.006064,25.130936,56.613701
339738624,55449.1,-0.005955,0.205559,0.001044,-0.400391,0.0,0.6071,0.1641,0.006213,0.006285,0.006295,25.172447,56.057213
340525056,55485.6,-0.003792,0.194764,0.00115,-0.412109,0.0,0.6074,0.166,0.007412,0.006089,0.006073,25.537609,53.565819
341311488,55400.0,-0.003136,0.205585,0.00099,-0.402344,0.0,0.6075,0.1666,0.006805,0.005988,0.006154,18.787886,61.299438
342097920,55434.6,-0.004882,0.19874,0.001021,-0.400391,0.0,0.6072,0.166,0.00768,0.005702,0.007022,19.162128,60.518276
342884352,55467.8,-0.006805,0.176312,0.001009,-0.40625,0.0,0.6072,0.1675,0.006625,0.005313,0.006371,21.080765,59.724926
343670784,55503.8,-0.001285,0.17472,0.001359,-0.412109,0.0,0.6068,0.1679,0.00606,0.004312,0.004477,23.185452,56.210155
344457216,55383.1,-0.001901,0.204081,0.001181,-0.400391,0.0,0.6074,0.1707,0.00917,0.006306,0.006007,25.757332,50.983238
345243648,55417.4,-0.001397,0.1788,0.001493,-0.400391,0.0,0.6074,0.172,0.007226,0.005008,0.005216,23.862061,50.418396
346030080,55452.8,-0.011111,0.183955,0.001534,-0.416016,0.0,0.6078,0.1732,0.006694,0.005977,0.005691,19.609825,61.950405
346816512,55358.3,0.007609,0.201045,0.001115,-0.425781,0.0,0.6083,0.1739,0.006834,0.004649,0.005206,22.790306,61.067318
347602944,55395.2,0.002945,0.189928,0.00119,-0.470703,0.0,0.6089,0.1765,0.007227,0.005918,0.006422,27.445757,55.364464
348389376,55428.6,-0.00462,0.164875,0.001489,-0.441406,0.0,0.6093,0.1803,0.007397,0.006225,0.00641,27.75132,53.144409
349175808,55463.1,0.000585,0.174945,0.001438,-0.382812,0.0,0.6101,0.1837,0.010149,0.006519,0.006606,25.124559,56.605278
349962240,55364.0,-0.001684,0.213643,0.001963,-0.431641,0.0,0.6106,0.1862,0.006819,0.006581,0.006712,21.602808,65.757133
350748672,55399.6,0.002056,0.215301,0.001975,-0.435547,0.0,0.6117,0.1886,0.008094,0.006269,0.006119,21.253012,63.05003
351535104,55433.4,-0.003802,0.198776,0.002334,-0.435547,0.0,0.6129,0.1925,0.006978,0.006107,0.00703,23.882055,59.7682
352321536,55345.6,0.006483,0.201748,0.001709,-0.433594,0.0,0.6139,0.1937,0.006925,0.005273,0.005865,26.056606,55.621426
353107968,55381.7,-0.004446,0.178986,0.001562,-0.417969,0.0,0.6144,0.1956,0.007347,0.00518,0.005951,26.155529,53.305634
353894400,55416.5,-0.003515,0.1954,0.001976,-0.427734,0.0,0.614,0.1951,0.004991,0.00473,0.005783,21.207037,64.356598
354680832,55452.0,0.00074,0.189292,0.002364,-0.429688,0.0,0.6138,0.1948,0.005854,0.007034,0.006001,22.913778,62.550842
355467264,55332.5,0.000119,0.168266,0.001882,-0.453125,0.0,0.6133,0.1964,0.005486,0.004737,0.00446,25.031916,59.791023
356253696,55366.8,-0.001724,0.163177,0.001932,-0.423828,0.0,0.6135,0.201,0.006466,0.005103,0.005259,28.380524,58.07304
357040128,55400.9,0.004709,0.144567,0.000997,-0.443359,0.0,0.6143,0.2071,0.005582,0.00475,0.005098,27.252846,55.837337
357826560,55320.2,-0.000317,0.137144,0.00127,-0.433594,0.0,0.6154,0.2146,0.004969,0.004875,0.004996,28.252871,53.012249
358612992,55356.3,-0.00404,0.196907,0.001596,-0.433594,0.0,0.6162,0.2162,0.008677,0.006844,0.007052,21.413029,63.360893
359399424,55391.9,0.005386,0.198789,0.001794,-0.435547,0.0,0.6171,0.2177,0.007955,0.007952,0.006384,21.799913,61.093781
360185856,55427.0,-0.002363,0.170091,0.001053,-0.445312,0.0,0.6182,0.2199,0.006121,0.00638,0.00537,25.171648,58.758633
360972288,55278.9,0.002542,0.163095,0.001205,-0.472656,0.0,0.619,0.2226,0.00621,0.005437,0.005037,29.23501,54.148056
361758720,55312.2,-0.002095,0.171736,0.00109,-0.486328,0.0,0.6193,0.2262,0.007592,0.007054,0.006858,29.3064,50.712578
362545152,55346.1,-0.004567,0.195596,0.001275,-0.453125,0.0,0.6201,0.2293,0.008018,0.00681,0.005761,21.338625,63.241943
363331584,55379.6,0.002534,0.213905,0.001558,-0.480469,0.0,0.6206,0.2316,0.006761,0.00578,0.005623,22.525246,62.246574
364118016,55295.4,-0.003049,0.210024,0.001141,-0.439453,0.0,0.6206,0.2322,0.007855,0.007705,0.007907,24.979902,59.433697
364904448,55328.0,-0.001208,0.184362,0.001491,-0.429688,0.0,0.6203,0.2333,0.005806,0.006608,0.006549,25.16861,57.14782
365690880,55360.3,-0.002143,0.157054,0.00169,-0.402344,0.0,0.6203,0.2353,0.005967,0.005925,0.005445,25.712618,56.095184
366477312,55287.2,-0.001025,0.174868,0.001567,-0.429688,0.0,0.621,0.2373,0.006328,0.005845,0.004955,20.65403,63.344795
367263744,55317.1,0.003136,0.153811,0.002164,-0.425781,0.0,0.6213,0.2405,0.00865,0.007053,0.007548,21.530546,61.771721
368050176,55350.1,-0.002487,0.157688,0.001252,-0.421875,0.0,0.6215,0.2436,0.007958,0.006202,0.005839,22.062338,60.844078
368836608,55382.2,-0.003796,0.170029,0.001436,-0.416016,0.0,0.6214,0.2457,0.005765,0.005269,0.006129,25.579676,59.41288
369623040,55295.8,-0.003883,0.149098,0.001088,-0.419922,0.0,0.6226,0.2494,0.007576,0.005867,0.006171,26.94422,57.329784
370409472,55327.7,-0.001466,0.152186,0.001769,-0.392578,0.0,0.6249,0.2559,0.006909,0.005519,0.005518,25.966194,55.237213
371195904,55358.2,-0.001688,0.162438,0.001337,-0.40625,0.0,0.6264,0.2592,0.007286,0.00527,0.005628,19.624588,66.850517
371982336,55279.3,-0.002913,0.164685,0.00106,-0.404297,0.0,0.6284,0.2642,0.005594,0.005149,0.004722,21.958025,63.030804
372768768,55312.0,-0.005067,0.15922,0.001395,-0.398438,0.0,0.6301,0.2688,0.009709,0.007114,0.007657,24.436066,59.246456
373555200,55345.0,0.003504,0.155887,0.001941,-0.365234,0.0,0.6323,0.2729,0.008362,0.005304,0.005704,24.584137,60.174683
374341632,55378.2,0.001605,0.154768,0.0025,-0.365234,0.0,0.633,0.2764,0.006313,0.004922,0.005606,24.511803,58.909115
375128064,55293.8,0.00454,0.196493,0.001725,-0.367188,0.0,0.633,0.2775,0.005836,0.005551,0.005971,19.10618,67.976845
375914496,55324.4,-0.001976,0.166093,0.002172,-0.419922,0.0,0.6333,0.2786,0.009225,0.006327,0.006557,22.375673,65.414635
376700928,55354.0,-0.003966,0.159649,0.001706,-0.402344,0.0,0.6332,0.2782,0.008633,0.005968,0.005907,23.297716,61.798962
377487360,55292.8,-0.005682,0.162095,0.001144,-0.384766,0.0,0.633,0.2781,0.008744,0.005567,0.005914,24.751904,61.362057
378273792,55325.9,-0.005166,0.152007,0.001118,-0.361328,0.0,0.6327,0.2803,0.005567,0.004848,0.005633,24.826601,59.396893
379060224,55357.2,-0.001325,0.167545,0.001459,-0.388672,0.0,0.6322,0.2819,0.007038,0.00564,0.006357,25.585451,48.208366
379846656,55390.2,-0.002638,0.175479,0.001283,-0.373047,0.0,0.6322,0.283,0.006427,0.005558,0.006399,19.47683,69.115463
380633088,55319.1,-0.007699,0.166604,0.001362,-0.359375,0.0,0.6322,0.2852,0.00593,0.006282,0.005245,19.412403,67.487518
381419520,55351.0,-0.001791,0.134672,0.001842,-0.345703,0.0,0.6323,0.2869,0.00546,0.006619,0.004742,20.791752,64.303444
382205952,55381.1,-0.002833,0.141403,0.001389,-0.371094,0.0,0.633,0.2908,0.005944,0.005475,0.005107,24.798946,61.43206
382992384,55324.4,-0.0008,0.150201,0.00132,-0.388672,0.0,0.6346,0.2948,0.005501,0.004289,0.004409,24.969481,45.32589
383778816,55355.8,-0.001122,0.190242,0.001721,-0.400391,0.0,0.6347,0.2951,0.006292,0.005381,0.005465,21.174963,65.013504
384565248,55388.0,-0.000443,0.203258,0.001069,-0.417969,0.0,0.6344,0.2949,0.00802,0.008392,0.006908,22.681143,63.574455
385351680,55418.5,-0.002784,0.172875,0.001215,-0.427734,0.0,0.6348,0.2949,0.008406,0.006098,0.005233,24.76828,59.154579
386138112,55345.7,0.003145,0.164963,0.001382,-0.425781,0.0,0.6344,0.2953,0.005705,0.005611,0.005249,25.21349,56.311718
386924544,55378.4,0.001256,0.15151,0.0011,-0.408203,0.0,0.6335,0.2972,0.006424,0.00717,0.006086,28.282913,53.074066
387710976,55411.1,-0.0092,0.142462,0.001333,-0.410156,0.0,0.6332,0.2989,0.006752,0.006615,0.005543,21.816256,66.500397
388497408,55443.9,0.006437,0.159934,0.00155,-0.396484,0.0,0.632,0.2994,0.005844,0.005867,0.005298,22.103636,65.988365
389283840,55389.8,0.00247,0.157567,0.001421,-0.435547,0.0,0.631,0.2999,0.006698,0.007215,0.007096,24.505869,60.735008
390070272,55422.7,-0.004941,0.152524,0.001456,-0.402344,0.0,0.6299,0.2997,0.006392,0.006679,0.006509,23.960594,58.964245
390856704,55455.4,-0.005327,0.157581,0.001358,-0.378906,0.0,0.6286,0.2999,0.007053,0.006905,0.006282,25.129581,57.041092
391643136,55374.7,-0.000376,0.183249,0.00165,-0.394531,0.0,0.628,0.3005,0.006316,0.006165,0.005314,20.8521,69.019264
392429568,55403.6,-0.00235,0.176244,0.001472,-0.388672,0.0,0.6279,0.3019,0.007672,0.006316,0.006469,21.458334,67.208138
393216000,55434.6,-0.000618,0.160686,0.001499,-0.396484,0.0,0.6278,0.303,0.006209,0.006139,0.005635,23.281837,65.156479
394002432,55466.1,-0.00358,0.141264,0.001481,-0.412109,0.0,0.6263,0.3018,0.006135,0.005762,0.005366,25.2796,63.618462
394788864,55421.9,0.002413,0.157996,0.001173,-0.388672,0.0,0.6243,0.2998,0.006463,0.005884,0.00543,25.677374,60.058681
395575296,55452.3,0.003413,0.159987,0.001378,-0.396484,0.0,0.623,0.2979,0.006723,0.006464,0.005307,26.44467,56.958351
396361728,55484.1,-0.005158,0.167569,0.001338,-0.423828,0.0,0.6225,0.2971,0.006716,0.005634,0.005173,22.008318,67.989845
397148160,55397.2,-0.008218,0.184636,0.001396,-0.417969,0.0,0.6219,0.2968,0.004959,0.004871,0.0045,23.596518,64.097198
397934592,55429.2,0.001354,0.167522,0.001649,-0.453125,0.0,0.6201,0.2932,0.006161,0.007416,0.006014,25.378519,60.716534
398721024,55459.2,0.003157,0.177856,0.001563,-0.447266,0.0,0.6184,0.2897,0.006401,0.006615,0.005921,27.41124,55.369286
399507456,55488.5,-0.00066,0.189411,0.001581,-0.447266,0.0,0.6163,0.2844,0.005332,0.00561,0.00563,28.572535,52.771729
400293888,55410.8,-0.002366,0.199921,0.001793,-0.433594,0.0,0.6151,0.2821,0.006332,0.005064,0.005916,22.934011,66.521965
401080320,55440.6,-0.001685,0.194283,0.001255,-0.431641,0.0,0.6138,0.28,0.007166,0.006749,0.007632,24.796648,64.391937
401866752,55464.7,0.000835,0.19884,0.00122,-0.431641,0.0,0.6123,0.2782,0.005713,0.006602,0.005882,26.643545,62.472839
402653184,55353.8,-0.001862,0.176607,0.001954,-0.433594,0.0,0.6106,0.2758,0.005286,0.005295,0.004362,29.052515,60.941109
403439616,55385.2,0.000197,0.178663,0.001283,-0.417969,0.0,0.609,0.274,0.007418,0.005839,0.006211,28.424911,60.344017
404226048,55415.9,-0.001494,0.188683,0.001828,-0.386719,0.0,0.6084,0.2714,0.00586,0.005734,0.00589,26.54847,59.269024
405012480,55447.2,0.000338,0.194794,0.003088,-0.40625,0.0,0.608,0.2703,0.009595,0.00493,0.00544,21.767584,69.729843
405798912,55355.6,-0.006272,0.181878,0.001855,-0.417969,0.0,0.6075,0.269,0.006511,0.004447,0.005027,22.823147,62.218689
406585344,55385.2,-0.003067,0.151661,0.001816,-0.40625,0.0,0.6067,0.2681,0.005598,0.005174,0.005667,25.127483,61.326729
407371776,55415.9,-0.001775,0.155904,0.001335,-0.400391,0.0,0.6064,0.2674,0.005158,0.005028,0.005302,25.631353,61.417461
408158208,55347.7,0.00128,0.152197,0.001831,-0.443359,0.0,0.6059,0.2679,0.004369,0.004806,0.005189,26.654613,57.186104
408944640,55376.9,0.008165,0.168766,0.001726,-0.441406,0.0,0.6068,0.2691,0.007286,0.00618,0.006059,23.172306,67.44799
409731072,55406.6,-0.000926,0.137941,0.001344,-0.390625,0.0,0.6084,0.2711,0.006392,0.006572,0.006072,22.667757,66.246559
410517504,55435.6,-0.006699,0.141422,0.001979,-0.375,0.0,0.6098,0.2732,0.007004,0.005607,0.005155,24.761375,66.403915
411303936,55367.3,-0.002627,0.156371,0.001614,-0.355469,0.0,0.6103,0.2743,0.006351,0.004307,0.004604,24.596943,65.508873
412090368,55397.6,-0.000173,0.147348,0.001557,-0.375,0.0,0.6115,0.2762,0.00649,0.005542,0.005313,23.740011,63.134575
412876800,55426.2,-0.00231,0.168583,0.001769,-0.384766,0.0,0.6119,0.2768,0.005333,0.004941,0.005964,21.495514,68.638031
413663232,55448.5,-0.003353,0.149431,0.001969,-0.425781,0.0,0.6125,0.2776,0.006709,0.004754,0.00548,23.764091,63.285118
414449664,55385.7,-0.007016,0.186572,0.001496,-0.417969,0.0,0.6134,0.2785,0.008284,0.007463,0.0067,26.108875,59.841599
415236096,55414.9,-0.006545,0.142571,0.001539,-0.412109,0.0,0.6136,0.2788,0.00514,0.005378,0.005417,25.716635,60.261517
416022528,55444.2,-0.005829,0.143251,0.001748,-0.421875,0.0,0.6136,0.2792,0.004787,0.005278,0.0056,26.196676,59.244164
416808960,55369.9,-0.002368,0.164375,0.001586,-0.410156,0.0,0.6147,0.2797,0.007957,0.005702,0.0053,22.523989,67.316422
417595392,55399.3,-0.001159,0.155269,0.001267,-0.443359,0.0,0.6153,0.2808,0.005759,0.005453,0.006428,23.671047,65.116013
418381824,55422.9,-0.005649,0.160874,0.001389,-0.425781,0.0,0.6165,0.2826,0.005728,0.006425,0.006024,23.588457,63.908684
419168256,55451.9,-0.001833,0.136055,0.001695,-0.419922,0.0,0.6172,0.2838,0.006354,0.005819,0.0058,24.640408,61.4095
419954688,55387.7,-0.003005,0.156229,0.001429,-0.416016,0.0,0.6169,0.284,0.007043,0.005793,0.00726,26.528828,55.621624
420741120,55417.4,-0.000588,0.146632,0.0014,-0.396484,0.0,0.6157,0.2834,0.006689,0.005452,0.00498,26.537924,55.249294
421527552,55446.9,-0.002709,0.155506,0.001536,-0.404297,0.0,0.6151,0.2821,0.005709,0.005708,0.005446,21.644529,66.297226
422313984,55383.1,0.001295,0.169632,0.001673,-0.427734,0.0,0.6156,0.2818,0.007009,0.006249,0.00629,23.942114,65.087364
423100416,55410.7,-0.002491,0.135631,0.001785,-0.380859,0.0,0.6162,0.2832,0.008816,0.005774,0.005455,24.763432,64.015732
423886848,55433.7,0.001026,0.139879,0.001632,-0.390625,0.0,0.6164,0.2838,0.007798,0.007164,0.005001,25.239828,62.302242
424673280,55458.7,-0.004505,0.14235,0.001284,-0.386719,0.0,0.6165,0.2842,0.007055,0.005551,0.00444,25.57436,61.794067
425459712,55403.0,0.004211,0.175404,0.001127,-0.396484,0.0,0.6169,0.286,0.008858,0.005302,0.005521,20.840683,68.054153
426246144,55431.1,-0.00219,0.160939,0.001371,-0.443359,0.0,0.6179,0.2891,0.007733,0.005786,0.005537,22.361816,65.804031
427032576,55459.4,-0.010295,0.133252,0.001195,-0.457031,0.0,0.6189,0.2938,0.006201,0.004909,0.005294,25.426285,61.621349
427819008,55392.6,0.000424,0.129416,0.001223,-0.476562,0.0,0.6201,0.2993,0.007227,0.004686,0.00472,27.807413,55.038326
428605440,55419.9,-0.003419,0.135376,0.001185,-0.519531,0.0,0.6202,0.3023,0.008625,0.007113,0.006361,29.241243,49.636383
429391872,55443.9,-0.000706,0.150678,0.001143,-0.53125,0.0,0.6205,0.3043,0.005948,0.0053,0.004756,30.346436,49.870403
430178304,55472.1,-0.000253,0.169396,0.001163,-0.470703,0.0,0.6213,0.3068,0.007601,0.006667,0.005453,25.253569,59.221142
430964736,55406.5,-0.004621,0.136274,0.001526,-0.472656,0.0,0.6232,0.3104,0.007465,0.004873,0.005113,27.963373,61.411232
431751168,55434.1,0.000109,0.12296,0.001346,-0.445312,0.0,0.6248,0.3148,0.006607,0.006104,0.00572,27.883959,61.163269
432537600,55453.1,0.001703,0.123161,0.00202,-0.439453,0.0,0.6258,0.3198,0.005037,0.005955,0.005305,28.178646,59.739727
433324032,55381.8,-0.00243,0.131572,0.00139,-0.46875,0.0,0.6271,0.3244,0.00502,0.005303,0.004742,26.032873,56.233288
434110464,55408.1,-0.006084,0.138142,0.001325,-0.486328,0.0,0.628,0.3262,0.006172,0.006346,0.006279,26.154257,62.06781
434896896,55437.2,0.005849,0.14706,0.001259,-0.470703,0.0,0.6297,0.3299,0.006544,0.006914,0.006133,26.484901,61.44455
435683328,55466.3,-0.00827,0.130989,0.001173,-0.482422,0.0,0.6309,0.3327,0.00568,0.005068,0.00445,26.118969,59.983887
436469760,55404.1,-0.005892,0.114708,0.001189,-0.464844,0.0,0.6312,0.3345,0.006406,0.005131,0.00521,28.841124,56.004589
437256192,55432.7,-0.000515,0.105364,0.00157,-0.443359,0.0,0.6299,0.3345,0.005165,0.004768,0.005807,29.892889,55.429642
438042624,55461.8,-0.004893,0.110411,0.001657,-0.433594,0.0,0.6284,0.334,0.005814,0.004288,0.005394,28.421507,50.713524
438829056,55488.4,-0.001123,0.128473,0.002796,-0.447266,0.0,0.6272,0.3331,0.004784,0.004642,0.005148,24.606199,67.802414
439615488,55416.8,-0.002706,0.140864,0.002974,-0.492188,0.0,0.6268,0.3341,0.009334,0.005302,0.005049,26.335434,62.287426
440401920,55444.9,-0.000344,0.119163,0.001675,-0.472656,0.0,0.626,0.3351,0.01231,0.005679,0.00494,26.981777,58.061646
441188352,55472.8,0.003017,0.111656,0.001902,-0.490234,0.0,0.6256,0.3372,0.008741,0.005036,0.005206,28.346424,55.092968
441974784,55408.1,-0.00381,0.122088,0.001729,-0.478516,0.0,0.6256,0.3389,0.008127,0.004369,0.004837,27.919081,47.002129
442761216,55437.1,-0.003056,0.138671,0.001477,-0.453125,0.0,0.6255,0.3394,0.008738,0.006099,0.005295,25.514015,62.372295
443547648,55465.8,-0.002389,0.12507,0.001488,-0.464844,0.0,0.6256,0.34,0.008164,0.00519,0.005678,25.83666,62.044846
444334080,55494.4,0.002871,0.149007,0.001875,-0.421875,0.0,0.6254,0.3398,0.009092,0.005274,0.005436,26.030533,62.494255
445120512,55408.2,-0.001471,0.128878,0.001143,-0.423828,0.0,0.6243,0.3403,0.006461,0.005746,0.005495,27.759285,62.701256
445906944,55429.6,0.001477,0.117499,0.001425,-0.443359,0.0,0.623,0.3414,0.00485,0.005939,0.005667,28.90041,58.695
446693376,55456.5,-0.000945,0.142627,0.001493,-0.410156,0.0,0.6223,0.3423,0.004828,0.005615,0.004926,24.004517,68.113358
447479808,55405.0,-0.00202,0.143084,0.001427,-0.425781,0.0,0.6223,0.3438,0.007839,0.005279,0.00566,24.073879,65.493782
448266240,55431.5,0.000284,0.129664,0.001389,-0.412109,0.0,0.6221,0.3451,0.008801,0.00671,0.00681,24.207924,62.253532
449052672,55458.1,-0.006382,0.136399,0.001128,-0.421875,0.0,0.6225,0.3466,0.007055,0.006188,0.006078,26.044456,62.254211
449839104,55485.5,-0.003583,0.1301,0.001695,-0.388672,0.0,0.6227,0.3482,0.007848,0.005762,0.005394,25.73234,60.556114
450625536,55422.1,-0.003322,0.142793,0.001313,-0.417969,0.0,0.6227,0.3495,0.006776,0.005592,0.005694,23.73308,67.131706
451411968,55449.9,-0.001671,0.130788,0.001372,-0.423828,0.0,0.6233,0.3519,0.006593,0.005626,0.005848,24.141041,66.547775
452198400,55475.4,-0.001745,0.127817,0.001713,-0.414062,0.0,0.6236,0.3547,0.006547,0.006287,0.006405,24.42066,66.242149
452984832,55429.3,-0.005211,0.126908,0.001448,-0.458984,0.0,0.6233,0.3564,0.004967,0.004544,0.005285,26.265322,62.922924
453771264,55455.9,-0.003515,0.105767,0.001255,-0.431641,0.0,0.6205,0.3545,0.00576,0.005617,0.006139,27.619007,59.149715
454557696,55482.2,-0.002677,0.108914,0.001209,-0.435547,0.0,0.6186,0.3521,0.006456,0.006022,0.006043,27.748804,55.982475
455344128,55505.8,-0.004201,0.130342,0.001209,-0.515625,0.0,0.6174,0.3504,0.007451,0.00652,0.006031,25.459551,62.326233
456130560,55448.3,-0.004804,0.132858,0.001587,-0.507812,0.0,0.6165,0.3501,0.005665,0.005158,0.005013,28.38043,61.676357
456916992,55475.1,0.000442,0.122145,0.001301,-0.466797,0.0,0.617,0.352,0.006324,0.006331,0.00521,28.323896,60.813641
457703424,55500.1,-0.005926,0.117975,0.001881,-0.466797,0.0,0.6173,0.3546,0.005988,0.007134,0.00537,30.342409,58.078606
458489856,55446.7,0.000646,0.114803,0.001463,-0.482422,0.0,0.6172,0.3558,0.006083,0.005569,0.004936,30.257315,53.2057
459276288,55474.2,-0.002111,0.141439,0.001446,-0.478516,0.0,0.6177,0.3555,0.008417,0.006625,0.007585,25.837872,61.9277
460062720,55501.4,0.012198,0.125698,0.001361,-0.458984,0.0,0.6176,0.3555,0.005728,0.005653,0.005493,25.575642,62.801476
460849152,55528.5,-0.004382,0.125731,0.00146,-0.458984,0.0,0.6164,0.3537,0.00774,0.006751,0.00544,27.850029,60.448513
461635584,55463.7,-0.003327,0.11941,0.001211,-0.445312,0.0,0.6148,0.3522,0.009195,0.006245,0.006145,29.086733,59.658852
462422016,55488.2,-0.003234,0.109831,0.001359,-0.458984,0.0,0.6132,0.3511,0.008496,0.006997,0.005789,29.123077,57.413696
463208448,55513.8,0.001718,0.109296,0.001297,-0.441406,0.0,0.6111,0.3509,0.005924,0.004953,0.004596,27.97303,59.362804
463994880,55537.4,-0.005328,0.117051,0.001757,-0.447266,0.0,0.6102,0.35,0.005143,0.005022,0.004908,26.014162,65.150612
464781312,55489.0,-0.003909,0.130266,0.001199,-0.457031,0.0,0.6102,0.3497,0.006538,0.006095,0.006177,26.825804,60.635891
465567744,55514.8,-3.8e-05,0.113124,0.001691,-0.443359,0.0,0.6106,0.3504,0.00616,0.006282,0.005604,27.269896,59.297588
466354176,55537.6,-0.010657,0.113606,0.001337,-0.431641,0.0,0.6113,0.3513,0.004755,0.005409,0.005493,26.367554,58.688385
467140608,55489.4,0.004857,0.148946,0.001222,-0.433594,0.0,0.6127,0.3526,0.006187,0.005869,0.00535,26.079037,63.265259
467927040,55517.2,-0.005198,0.159385,0.001156,-0.453125,0.0,0.614,0.3536,0.006687,0.007672,0.006459,25.29298,65.599686
468713472,55544.4,-0.004425,0.151743,0.001323,-0.441406,0.0,0.6166,0.3561,0.006325,0.006939,0.006215,27.544954,62.380356
469499904,55572.0,-0.000144,0.129868,0.001229,-0.476562,0.0,0.6188,0.3585,0.005509,0.006012,0.006083,28.301586,61.666039
470286336,55523.3,0.006048,0.132962,0.001286,-0.46875,0.0,0.6198,0.3596,0.006162,0.00568,0.005479,26.776098,56.904205
471072768,55550.0,0.002175,0.124311,0.001298,-0.441406,0.0,0.6211,0.3617,0.007663,0.005143,0.005666,25.947601,58.923698
471859200,55576.5,-0.003606,0.128352,0.00124,-0.435547,0.0,0.6223,0.3635,0.006149,0.005068,0.004981,23.724512,64.947861
472645632,55520.0,-0.004667,0.140252,0.001637,-0.488281,0.0,0.623,0.3647,0.005156,0.004369,0.004825,25.989914,66.02562
473432064,55544.6,-0.003706,0.122842,0.001769,-0.451172,0.0,0.6243,0.3661,0.006956,0.005669,0.005257,26.32865,65.447495
474218496,55569.7,-0.001257,0.103858,0.001464,-0.423828,0.0,0.6266,0.3688,0.006446,0.004739,0.004786,29.972778,64.519096
475004928,55594.8,-0.003382,0.118963,0.001747,-0.447266,0.0,0.6285,0.3715,0.007356,0.004571,0.005114,30.456688,61.435295
475791360,55523.5,-0.000687,0.118841,0.00149,-0.455078,0.0,0.6309,0.3756,0.004615,0.00443,0.004988,26.090652,68.807999
476577792,55549.5,-0.000743,0.137122,0.001364,-0.455078,0.0,0.6325,0.3776,0.00588,0.006362,0.005722,27.247986,67.164246
477364224,55575.4,0.001472,0.146894,0.001399,-0.472656,0.0,0.6352,0.3818,0.006045,0.005706,0.005777,28.739681,64.96833
478150656,55520.0,-0.001211,0.131046,0.00134,-0.554688,0.0,0.6376,0.3854,0.005325,0.004725,0.00496,34.067612,59.685253
478937088,55546.3,0.006571,0.12961,0.001229,-0.5625,0.0,0.6377,0.3854,0.005335,0.005457,0.005667,34.549633,56.367332
479723520,55572.9,-0.004855,0.13853,0.001076,-0.511719,0.0,0.6381,0.3851,0.005788,0.004141,0.004183,32.508705,57.641594
480509952,55596.9,-0.00098,0.162016,0.001278,-0.511719,0.0,0.6386,0.3848,0.006411,0.005811,0.005583,27.992542,63.340141
481296384,55531.3,-0.002174,0.130386,0.001303,-0.484375,0.0,0.6407,0.387,0.008189,0.005589,0.005622,27.110033,62.044292
482082816,55557.4,-0.003124,0.121086,0.001801,-0.480469,0.0,0.6441,0.3908,0.004623,0.005218,0.00532,28.939037,60.6045
482869248,55583.5,-0.00422,0.118097,0.001176,-0.470703,0.0,0.6468,0.3947,0.005199,0.004538,0.00519,28.980881,59.741127
483655680,55490.8,-0.004556,0.105418,0.001699,-0.519531,0.0,0.6495,0.3982,0.004352,0.004083,0.004495,30.182713,59.460358
484442112,55516.1,-0.002055,0.136351,0.001292,-0.535156,0.0,0.6499,0.3978,0.005543,0.004974,0.004909,29.765471,63.335442
485228544,55541.0,-0.011877,0.129147,0.00187,-0.542969,0.0,0.6503,0.3972,0.005556,0.005691,0.006035,30.764229,62.436615
486014976,55565.4,-0.000263,0.143142,0.001252,-0.515625,0.0,0.65,0.3947,0.005048,0.006587,0.005997,30.996727,59.966637
486801408,55512.0,0.003628,0.135478,0.001808,-0.539062,0.0,0.6485,0.3929,0.005085,0.006328,0.006018,33.272007,56.710979
487587840,55538.0,-0.007605,0.118579,0.001459,-0.503906,0.0,0.6462,0.3905,0.006732,0.006127,0.004857,32.307606,57.07827
488374272,55563.1,-0.002962,0.136741,0.002022,-0.472656,0.0,0.6444,0.3879,0.006204,0.006659,0.005618,32.62698,55.958557
489160704,55588.7,-0.000441,0.128815,0.002189,-0.449219,0.0,0.6431,0.3866,0.005702,0.005974,0.00508,24.89444,68.493668
489947136,55527.3,0.001451,0.128792,0.001631,-0.476562,0.0,0.6413,0.3839,0.006137,0.00621,0.008289,26.571939,62.842308
490733568,55551.3,-0.00276,0.119998,0.001617,-0.451172,0.0,0.6397,0.3807,0.005756,0.005536,0.006248,28.345057,60.739937
491520000,55576.3,0.009649,0.128619,0.001567,-0.480469,0.0,0.6384,0.3776,0.005374,0.005613,0.005913,29.70772,60.350067
492306432,55526.0,0.002226,0.135757,0.001643,-0.435547,0.0,0.6373,0.3763,0.005111,0.004628,0.004611,28.471294,62.355068
493092864,55546.4,-0.002803,0.128975,0.001477,-0.466797,0.0,0.6367,0.3755,0.00609,0.005815,0.005506,25.931786,67.310875
493879296,55570.5,-0.00362,0.114817,0.001235,-0.472656,0.0,0.6354,0.3744,0.005378,0.00535,0.005883,27.03606,64.619675
494665728,55595.5,-0.003457,0.138309,0.001343,-0.482422,0.0,0.634,0.3727,0.006748,0.00614,0.005682,29.089937,61.943584
495452160,55547.6,-0.002005,0.14141,0.001236,-0.511719,0.0,0.6323,0.37,0.005567,0.005654,0.006532,31.408199,58.680214
496238592,55564.9,-0.006904,0.128203,0.001666,-0.507812,0.0,0.6297,0.3672,0.004611,0.005201,0.005251,32.282028,58.127605
497025024,55588.2,0.003384,0.117021,0.001162,-0.474609,0.0,0.6259,0.3631,0.005098,0.004614,0.004883,34.360531,51.573849
497811456,55528.9,0.00028,0.145457,0.001473,-0.527344,0.0,0.6234,0.3595,0.00477,0.004244,0.005121,28.588232,64.024422
498597888,55552.5,0.000367,0.13276,0.001241,-0.478516,0.0,0.6199,0.3544,0.005848,0.005886,0.006751,29.752647,63.484234
499384320,55576.4,-0.010727,0.111799,0.001286,-0.478516,0.0,0.6165,0.3503,0.005229,0.005144,0.005845,29.278515,61.963654
500170752,55601.0,0.000803,0.132782,0.001403,-0.480469,0.0,0.6145,0.3476,0.004772,0.004689,0.005467,30.562275,59.472534
500957184,52066.6,0.001032,0.127737,0.001808,-0.435547,0.0,0.6137,0.3463,0.00579,0.005176,0.005126,32.563786,53.021935
501743616,52085.9,0.001639,0.131492,0.001887,-0.474609,0.0,0.6136,0.3449,0.004992,0.004992,0.00537,24.757246,68.831009
502530048,52111.9,-0.001954,0.128606,0.001403,-0.470703,0.0,0.613,0.3437,0.004957,0.004653,0.004989,28.079725,63.680176
503316480,52074.0,-0.001772,0.115851,0.001301,-0.523438,0.0,0.6126,0.3432,0.004091,0.004088,0.004688,32.960197,61.813576
504102912,52100.8,-0.004667,0.128598,0.002153,-0.490234,0.0,0.6108,0.3404,0.005904,0.005667,0.005908,32.298286,60.464577
504889344,52126.4,-0.001519,0.139919,0.001541,-0.484375,0.0,0.6094,0.3379,0.005661,0.005999,0.006561,32.238228,58.796471
505675776,52151.8,-0.004852,0.131667,0.001427,-0.474609,0.0,0.6082,0.337,0.004959,0.005754,0.005707,25.931284,66.748985
506462208,52113.5,0.001379,0.150773,0.001433,-0.484375,0.0,0.6075,0.3356,0.004797,0.004647,0.005116,29.742476,67.036232
507248640,52138.3,0.000687,0.126591,0.001286,-0.507812,0.0,0.6079,0.3364,0.005867,0.005572,0.005406,32.333431,62.21101
508035072,52164.2,-0.001532,0.123052,0.001563,-0.515625,0.0,0.6076,0.3374,0.004697,0.004342,0.004213,32.49395,61.450401
508821504,52106.6,0.002624,0.125364,0.001734,-0.496094,0.0,0.6072,0.3383,0.005466,0.004578,0.005929,30.434162,58.056793
509607936,52131.9,-0.001829,0.124151,0.001612,-0.455078,0.0,0.6063,0.3377,0.005849,0.006155,0.005323,24.951426,63.991863
510394368,52158.4,-0.000278,0.123901,0.001317,-0.476562,0.0,0.6052,0.3356,0.005984,0.005868,0.004795,27.218887,60.337017
511180800,52185.1,-0.000918,0.134965,0.00163,-0.498047,0.0,0.6046,0.334,0.004801,0.005793,0.005032,28.712837,59.607647
511967232,52152.2,0.001897,0.162357,0.002221,-0.535156,0.0,0.6041,0.3311,0.005265,0.005524,0.005482,32.387672,58.500885
512753664,52177.0,-0.004621,0.14549,0.001449,-0.515625,0.0,0.6045,0.3298,0.005871,0.005763,0.005694,30.749916,61.010612
513540096,52202.2,0.006387,0.160656,0.001518,-0.5,0.0,0.6062,0.3316,0.006324,0.005652,0.005588,30.327347,62.418877
514326528,52228.4,-0.00282,0.135509,0.001144,-0.511719,0.0,0.6078,0.3334,0.005674,0.005324,0.006256,28.783163,63.911694
515112960,52191.0,-0.002518,0.138703,0.00175,-0.480469,0.0,0.6109,0.337,0.005346,0.00518,0.005177,28.616774,63.718639
515899392,52216.7,0.002323,0.119028,0.00126,-0.498047,0.0,0.6146,0.3426,0.005757,0.005362,0.004694,30.959513,59.169922
516685824,52241.9,0.000574,0.10855,0.001657,-0.515625,0.0,0.6188,0.349,0.005491,0.005565,0.004721,30.782845,57.743034
517472256,52208.0,-0.001316,0.127012,0.001558,-0.613281,0.0,0.6222,0.3541,0.004569,0.005096,0.005047,34.566444,52.726486
518258688,52233.2,-0.000977,0.121046,0.001859,-0.621094,0.0,0.6234,0.3563,0.005128,0.006443,0.006459,30.872103,58.186901
519045120,52258.4,-0.004893,0.136256,0.00154,-0.621094,0.0,0.6248,0.3587,0.006786,0.005205,0.006657,32.796486,56.29826
519831552,52282.8,-0.002382,0.131722,0.001313,-0.59375,0.0,0.6264,0.3608,0.006707,0.007169,0.006685,33.717396,55.660919
520617984,52229.1,0.001388,0.15781,0.001264,-0.542969,0.0,0.6277,0.3613,0.007588,0.006432,0.006847,34.948364,54.564342
521404416,52255.4,0.003645,0.118638,0.001989,-0.507812,0.0,0.6285,0.3627,0.005602,0.006192,0.006684,33.411503,56.965576
522190848,52281.6,-0.00165,0.131117,0.001361,-0.484375,0.0,0.6296,0.3641,0.004632,0.005113,0.004941,29.616714,61.408554
522977280,52240.7,0.009153,0.151769,0.001542,-0.460938,0.0,0.63,0.3651,0.004767,0.004338,0.004629,27.54315,63.978996
523763712,52266.7,-0.000341,0.117138,0.001453,-0.455078,0.0,0.6325,0.3714,0.006307,0.005253,0.005491,27.815472,63.129269
524550144,52292.4,-0.001111,0.102003,0.001448,-0.480469,0.0,0.6365,0.3785,0.006216,0.005278,0.00456,29.439901,60.959198
525336576,52317.8,0.006274,0.092038,0.001666,-0.476562,0.0,0.6411,0.3859,0.00513,0.004882,0.004562,30.20204,59.655602
526123008,52256.4,-0.000692,0.104539,0.001279,-0.498047,0.0,0.6446,0.3928,0.005698,0.005638,0.006312,27.948835,59.21904
526909440,52279.9,0.001475,0.114159,0.001338,-0.494141,0.0,0.6468,0.3965,0.007111,0.007039,0.007001,28.102268,59.965252
527695872,52305.1,-0.005142,0.099231,0.001443,-0.5,0.0,0.6499,0.4025,0.005622,0.005403,0.006006,29.551222,60.639023
528482304,52255.5,-0.007634,0.108372,0.001228,-0.472656,0.0,0.6518,0.407,0.005957,0.004638,0.005465,31.48575,60.746197
529268736,52279.8,-0.00395,0.112429,0.00144,-0.443359,0.0,0.6522,0.408,0.004604,0.00513,0.005576,30.302568,64.764496
530055168,52304.7,-0.000439,0.109599,0.001312,-0.460938,0.0,0.6523,0.4103,0.004967,0.004357,0.004273,29.943604,64.475533
530841600,52329.3,0.002545,0.132842,0.001375,-0.484375,0.0,0.6521,0.4103,0.004807,0.004484,0.005592,28.001219,66.58403
531628032,52272.9,-0.001716,0.145083,0.001298,-0.519531,0.0,0.6525,0.4106,0.005869,0.005486,0.005725,30.116493,61.89854
532414464,52297.7,0.002383,0.115211,0.001351,-0.507812,0.0,0.6525,0.4112,0.005726,0.006711,0.005476,32.468102,60.952179
533200896,52320.2,-0.009277,0.111724,0.001071,-0.503906,0.0,0.6519,0.4117,0.005678,0.005514,0.005284,32.433907,60.530392
533987328,52279.5,-0.001328,0.117197,0.001272,-0.507812,0.0,0.6502,0.4107,0.006674,0.005434,0.006089,31.340506,58.468182
534773760,52303.7,-0.001492,0.124619,0.001887,-0.523438,0.0,0.6477,0.4078,0.00722,0.006929,0.00601,28.858267,64.174637
535560192,52327.9,-0.003321,0.134003,0.00135,-0.625,0.0,0.6469,0.4063,0.006259,0.005865,0.00586,32.650379,60.316269
536346624,52352.3,-0.003036,0.124202,0.001294,-0.621094,0.0,0.6463,0.4042,0.005585,0.005617,0.005864,34.769909,57.268394
537133056,52295.5,-0.000121,0.137679,0.001579,-0.640625,0.0,0.6465,0.4036,0.00613,0.005274,0.00569,36.073658,55.154369
537919488,52319.6,-0.001536,0.121364,0.001533,-0.585938,0.0,0.6473,0.4049,0.005622,0.005477,0.005367,35.838768,55.084438
538705920,52342.0,0.000406,0.125494,0.00149,-0.605469,0.0,0.6481,0.4063,0.004814,0.004826,0.005187,34.963928,53.204742
539492352,52366.4,-0.005955,0.122888,0.00121,-0.648438,0.0,0.6485,0.4071,0.006259,0.005125,0.005811,32.371464,61.830166
540278784,52292.8,-0.004864,0.142997,0.001531,-0.632812,0.0,0.65,0.4116,0.005873,0.005795,0.005183,33.117943,57.682396
541065216,52316.0,0.002512,0.118158,0.001801,-0.589844,0.0,0.6509,0.4146,0.00556,0.006102,0.006244,34.167286,57.237133
541851648,52340.2,0.000217,0.104403,0.001707,-0.597656,0.0,0.6507,0.4166,0.004175,0.004658,0.005048,36.639008,57.459465
542638080,52291.3,0.000983,0.102873,0.001441,-0.574219,0.0,0.651,0.4192,0.004398,0.004223,0.00568,35.11359,54.231682
543424512,52316.2,-9.6e-05,0.107274,0.001313,-0.59375,0.0,0.6518,0.4215,0.005041,0.004557,0.006352,30.78092,61.052135
544210944,52341.0,-0.001525,0.104521,0.001784,-0.570312,0.0,0.6527,0.4233,0.0051,0.005342,0.004973,31.970507,61.446594
544997376,52365.9,-0.005448,0.094512,0.001756,-0.539062,0.0,0.6525,0.4233,0.004442,0.004131,0.004156,33.367432,61.748863
545783808,52298.3,-0.002698,0.111522,0.001995,-0.523438,0.0,0.6538,0.4256,0.004631,0.004683,0.004517,32.996475,61.333691
546570240,52321.5,-0.00458,0.098536,0.001799,-0.523438,0.0,0.6563,0.4298,0.005957,0.005201,0.00486,31.817131,60.094704
547356672,52346.1,-0.004663,0.097904,0.00138,-0.527344,0.0,0.6588,0.4356,0.004647,0.004811,0.004659,32.025272,60.146099
548143104,52309.0,0.004322,0.108884,0.001501,-0.546875,0.0,0.6605,0.4389,0.004895,0.004425,0.004925,30.867289,60.363792
548929536,52333.0,-0.005512,0.107896,0.001399,-0.550781,0.0,0.6632,0.4442,0.00458,0.006015,0.005944,32.110447,58.193428
549715968,52357.2,-0.007647,0.097451,0.001584,-0.574219,0.0,0.6665,0.449,0.004807,0.005517,0.005646,32.873421,55.688721
550502400,52381.4,-0.001425,0.080811,0.001164,-0.558594,0.0,0.6693,0.4542,0.004093,0.00584,0.004977,34.002472,56.404766
551288832,52330.9,-0.000811,0.092541,0.001766,-0.597656,0.0,0.6705,0.4565,0.006112,0.005133,0.005893,35.202389,55.771435
552075264,52352.6,0.00225,0.096345,0.001217,-0.585938,0.0,0.6706,0.4571,0.006883,0.00537,0.006073,30.563286,58.610271
552861696,52373.9,-0.004002,0.111105,0.001273,-0.59375,0.0,0.67,0.4559,0.00485,0.005312,0.005933,33.964291,57.122765
553648128,52327.9,0.00023,0.102682,0.001309,-0.601562,0.0,0.6702,0.4556,0.00581,0.005679,0.006079,35.962257,56.639832
554434560,52350.3,-0.002822,0.101523,0.00123,-0.601562,0.0,0.671,0.4567,0.005727,0.005445,0.006,36.107929,57.56321
555220992,52372.0,0.004749,0.131063,0.001278,-0.582031,0.0,0.6725,0.4579,0.005516,0.005584,0.00574,35.462215,57.891705
556007424,52392.6,-0.003265,0.120933,0.001517,-0.664062,0.0,0.6749,0.4603,0.006701,0.005213,0.005894,36.192631,51.656609
556793856,52354.0,0.000375,0.121648,0.001132,-0.667969,0.0,0.6766,0.4625,0.005151,0.004755,0.005631,35.757301,56.880707
557580288,52376.9,0.002562,0.106135,0.00131,-0.597656,0.0,0.6797,0.4673,0.006309,0.005995,0.005934,35.48814,56.851192
558366720,52397.7,-0.000621,0.096118,0.001249,-0.605469,0.0,0.6825,0.4717,0.005437,0.005048,0.004767,34.365543,56.541504
559153152,52350.0,0.003674,0.113487,0.00116,-0.59375,0.0,0.6853,0.4759,0.006422,0.005555,0.005702,36.519718,57.173107
559939584,52373.3,-0.003642,0.120609,0.001632,-0.597656,0.0,0.6876,0.4787,0.006632,0.006769,0.006962,36.496353,54.209759
560726016,52396.5,-0.002857,0.10825,0.001471,-0.570312,0.0,0.6897,0.4822,0.006329,0.006311,0.006215,30.278605,62.603741
561512448,52418.7,-0.000642,0.10291,0.001853,-0.570312,0.0,0.6929,0.4869,0.005922,0.004851,0.004887,33.502239,62.148453
562298880,52370.7,-0.00189,0.087356,0.001547,-0.554688,0.0,0.6972,0.4944,0.004297,0.004397,0.005032,34.011261,57.634041
563085312,52394.9,-0.006991,0.075842,0.001975,-0.523438,0.0,0.701,0.5012,0.005085,0.005313,0.005362,34.336845,58.152084
563871744,52418.3,0.001478,0.09268,0.001133,-0.558594,0.0,0.7042,0.5076,0.006663,0.005676,0.005434,32.036797,62.492393
564658176,52442.0,-0.006559,0.113574,0.001457,-0.617188,0.0,0.7063,0.5114,0.006971,0.006883,0.005477,31.241426,57.619141
565444608,52414.9,-0.000981,0.11323,0.00131,-0.613281,0.0,0.7083,0.5159,0.006602,0.00563,0.006319,34.62669,52.992397
566231040,52431.3,-0.004531,0.099879,0.001153,-0.546875,0.0,0.7095,0.5182,0.005606,0.005356,0.006263,33.628147,56.143181
567017472,52454.4,-0.000588,0.101969,0.001385,-0.527344,0.0,0.7092,0.5196,0.005273,0.004642,0.00544,32.161491,60.772015
567803904,52425.1,-0.003257,0.098479,0.001394,-0.519531,0.0,0.7093,0.5217,0.005242,0.005237,0.004644,34.446789,66.477936
568590336,52448.8,-0.002353,0.116606,0.001292,-0.550781,0.0,0.7093,0.5219,0.005201,0.006214,0.007363,32.253105,65.158516
569376768,52472.2,-0.011675,0.093089,0.001364,-0.574219,0.0,0.7103,0.5235,0.005781,0.00618,0.006858,34.659115,61.977287
570163200,52495.2,-0.003414,0.106537,0.001687,-0.554688,0.0,0.7121,0.5253,0.005014,0.00568,0.005741,35.033337,59.737038
570949632,52473.3,-0.006634,0.102802,0.001249,-0.523438,0.0,0.7139,0.5279,0.005683,0.004358,0.005128,33.291576,62.274364
571736064,52494.8,-0.00396,0.083816,0.001567,-0.53125,0.0,0.7154,0.531,0.005646,0.004923,0.004793,34.16412,62.684536
572522496,52517.5,-0.003401,0.089396,0.002183,-0.523438,0.0,0.7173,0.5344,0.006525,0.004494,0.005482,34.682423,62.29068
573308928,52472.6,-0.005145,0.102273,0.001818,-0.550781,0.0,0.7191,0.5377,0.005048,0.005063,0.005186,35.407715,64.772346
574095360,52494.9,-0.00319,0.098921,0.00153,-0.523438,0.0,0.7213,0.5398,0.006079,0.006225,0.006492,37.502106,63.975067
574881792,52517.4,-0.001202,0.103238,0.001366,-0.527344,0.0,0.7227,0.5409,0.00579,0.005608,0.006581,35.038189,63.915611
575668224,52540.2,-0.006267,0.102142,0.001607,-0.539062,0.0,0.7237,0.5409,0.005263,0.006186,0.007047,36.240242,65.204956
576454656,52500.9,0.003432,0.106606,0.001926,-0.515625,0.0,0.7247,0.5418,0.0056,0.00449,0.005346,33.013783,65.358749
577241088,52523.3,-0.002222,0.10178,0.002026,-0.515625,0.0,0.7252,0.5423,0.0048,0.005089,0.005132,30.00419,67.213509
578027520,52546.1,0.006622,0.108604,0.001745,-0.490234,0.0,0.726,0.5434,0.005713,0.004774,0.005469,31.376375,62.897167
578813952,52492.9,-0.002397,0.09548,0.001394,-0.496094,0.0,0.7272,0.5441,0.004616,0.004367,0.005047,30.316053,63.38023
579600384,52516.2,-0.001014,0.082559,0.001589,-0.53125,0.0,0.7279,0.5455,0.004023,0.004219,0.005027,32.014805,62.146816
580386816,52539.7,0.002795,0.085353,0.001507,-0.550781,0.0,0.729,0.5473,0.004617,0.00437,0.004849,32.717285,62.512817
581173248,52561.1,-0.001636,0.084484,0.001333,-0.570312,0.0,0.7306,0.5496,0.003945,0.004744,0.004687,32.792412,62.975876
581959680,52525.9,-0.00326,0.103812,0.001238,-0.609375,0.0,0.7319,0.5512,0.004157,0.004799,0.005637,33.775139,55.15678
582746112,52548.1,-0.004548,0.113404,0.001109,-0.585938,0.0,0.7343,0.5536,0.005461,0.005632,0.006812,34.845863,51.672756
583532544,52570.8,0.002132,0.106417,0.001431,-0.609375,0.0,0.7351,0.5549,0.006181,0.00688,0.005811,33.587292,51.759888
584318976,52540.2,-0.000746,0.108642,0.001326,-0.578125,0.0,0.7352,0.5558,0.005123,0.005103,0.004594,34.097099,59.07811
585105408,52560.8,0.003941,0.095632,0.001368,-0.546875,0.0,0.7353,0.5565,0.004812,0.005032,0.004646,34.003525,59.516502
585891840,52582.7,-0.001431,0.088795,0.001317,-0.605469,0.0,0.7355,0.5575,0.004725,0.004963,0.005238,30.534439,57.465893
586678272,52604.0,-0.001304,0.07817,0.001266,-0.597656,0.0,0.7365,0.559,0.003939,0.004608,0.0045,31.807035,57.800995
587464704,52558.8,-0.00061,0.0897,0.00133,-0.632812,0.0,0.7372,0.562,0.004615,0.005297,0.004826,36.686962,56.107758
588251136,52581.0,-0.004126,0.080479,0.00135,-0.628906,0.0,0.7384,0.5651,0.005669,0.005111,0.004907,37.135082,56.092754
589037568,52601.0,-0.003334,0.07772,0.001504,-0.683594,0.0,0.7391,0.5671,0.004286,0.004525,0.00479,37.795547,55.414284
589824000,52622.5,0.001933,0.082781,0.001362,-0.703125,0.0,0.7398,0.5678,0.004974,0.004906,0.004524,34.637901,56.642715
590610432,52588.6,-0.006979,0.110913,0.001326,-0.6875,0.0,0.7408,0.5682,0.005625,0.007209,0.007278,36.832985,53.77879
591396864,52608.6,-0.00337,0.102044,0.001411,-0.652344,0.0,0.7424,0.5693,0.005604,0.006804,0.006463,35.989246,55.037346
592183296,52630.9,0.000544,0.083318,0.00159,-0.628906,0.0,0.7432,0.5704,0.004707,0.005137,0.004979,36.539608,54.322235
592969728,52587.9,0.003205,0.101995,0.001518,-0.625,0.0,0.7435,0.5713,0.004698,0.004727,0.004507,37.454548,56.733284
593756160,52610.1,0.001912,0.090147,0.001412,-0.636719,0.0,0.7438,0.5728,0.004789,0.005262,0.00477,32.059608,61.554375
594542592,52629.3,-0.000794,0.093588,0.001148,-0.679688,0.0,0.7451,0.5755,0.00424,0.005067,0.004899,34.69931,58.976921
595329024,52651.7,-0.004385,0.081699,0.001309,-0.699219,0.0,0.7482,0.5801,0.004491,0.005804,0.004672,37.136982,55.581047
596115456,52616.0,-0.009717,0.099094,0.001093,-0.695312,0.0,0.7508,0.5838,0.005901,0.005976,0.00553,38.65786,52.526028
596901888,52637.8,-0.001366,0.073436,0.001197,-0.605469,0.0,0.7528,0.5875,0.0048,0.004573,0.004854,38.082359,57.299988
597688320,52659.7,-0.007257,0.084788,0.001379,-0.628906,0.0,0.7545,0.5904,0.004457,0.004091,0.004507,37.43317,58.001701
598474752,52622.2,-0.002851,0.088482,0.001617,-0.613281,0.0,0.7551,0.5919,0.004381,0.004054,0.004735,35.534462,59.426102
599261184,52643.8,-0.006179,0.074032,0.00157,-0.640625,0.0,0.755,0.5924,0.004812,0.004477,0.003958,36.661537,58.392403
600047616,52665.7,0.00016,0.080296,0.001566,-0.605469,0.0,0.755,0.5924,0.004815,0.004522,0.004736,37.816174,57.717468
600834048,52687.7,-0.006224,0.074895,0.001572,-0.59375,0.0,0.7549,0.5923,0.004516,0.004719,0.004162,35.378826,58.617165
601620480,52639.3,-0.00199,0.08987,0.002627,-0.550781,0.0,0.7551,0.5934,0.004496,0.004433,0.004793,32.708263,62.41124
602406912,52661.6,0.000608,0.076436,0.00148,-0.558594,0.0,0.7554,0.595,0.004722,0.004076,0.004391,31.192575,60.83778
603193344,52683.9,-0.004072,0.083237,0.001881,-0.570312,0.0,0.7555,0.5968,0.004545,0.005257,0.005324,33.097168,57.314095
603979776,52638.0,-0.006408,0.096648,0.001666,-0.59375,0.0,0.7546,0.5962,0.004325,0.004694,0.005562,34.920288,54.927582
604766208,52660.0,0.004645,0.079192,0.001216,-0.574219,0.0,0.7536,0.5964,0.004587,0.004932,0.005534,34.095604,56.239464
605552640,52682.0,-0.002853,0.084827,0.001455,-0.578125,0.0,0.7528,0.5968,0.004216,0.005169,0.005447,33.452713,59.635345
606339072,52703.7,0.000146,0.087066,0.001035,-0.5625,0.0,0.7527,0.598,0.006344,0.005227,0.005653,33.775311,60.216164
607125504,52676.6,-0.005863,0.08124,0.001378,-0.5625,0.0,0.7531,0.5989,0.004349,0.005328,0.005212,33.775757,60.488243
607911936,52699.1,0.002673,0.08762,0.001443,-0.570312,0.0,0.7546,0.6011,0.005322,0.005921,0.005718,34.770493,59.934021
608698368,52721.3,-0.005549,0.079756,0.001283,-0.542969,0.0,0.7553,0.6016,0.004874,0.005715,0.004554,35.196644,60.930157
609484800,52672.0,-0.002297,0.066595,0.00129,-0.527344,0.0,0.7553,0.6024,0.003503,0.003746,0.003925,35.239861,63.37759
610271232,52694.5,-0.000419,0.091406,0.001678,-0.542969,0.0,0.7559,0.6045,0.004929,0.00519,0.005989,34.605412,64.622833
611057664,52716.7,-0.002939,0.100097,0.00151,-0.609375,0.0,0.7567,0.6058,0.005813,0.006466,0.005986,32.996464,63.267326
611844096,52736.1,-0.001128,0.088418,0.001637,-0.597656,0.0,0.7587,0.6094,0.005732,0.005066,0.005743,35.426346,61.58828
612630528,52699.2,0.00091,0.09193,0.001566,-0.582031,0.0,0.7609,0.6126,0.00625,0.004605,0.006131,35.896545,56.797436
613416960,52720.9,-0.005371,0.085912,0.001313,-0.628906,0.0,0.762,0.6139,0.004984,0.00466,0.00536,35.672913,57.323986
614203392,52739.9,-0.000349,0.082629,0.001281,-0.609375,0.0,0.7629,0.6149,0.005219,0.005338,0.005975,37.736378,57.863892
614989824,52761.1,-0.00979,0.07903,0.001582,-0.632812,0.0,0.7632,0.6152,0.004955,0.005034,0.004538,38.303066,54.019958
615776256,52720.1,-0.00172,0.082396,0.001543,-0.601562,0.0,0.7639,0.6164,0.004115,0.003845,0.003912,34.495586,58.839703
616562688,52741.4,-0.006053,0.066686,0.00131,-0.609375,0.0,0.7654,0.6185,0.003095,0.004154,0.004039,35.184799,57.841698
617349120,52763.6,-0.002197,0.073141,0.001372,-0.605469,0.0,0.7671,0.6211,0.004688,0.004896,0.00493,35.054722,55.026237
618135552,52718.0,0.004209,0.073438,0.001351,-0.644531,0.0,0.7685,0.6242,0.004243,0.00419,0.004616,37.027973,55.572418
618921984,52739.2,-0.002016,0.09623,0.001447,-0.65625,0.0,0.7691,0.625,0.004765,0.00552,0.00442,37.375401,55.482552
619708416,52760.4,0.002615,0.077364,0.001488,-0.648438,0.0,0.7698,0.6269,0.004166,0.005815,0.004171,34.486877,59.158997
620494848,52780.9,-0.007298,0.07905,0.001406,-0.742188,0.0,0.7708,0.6285,0.005804,0.00553,0.004814,37.514317,55.148449
621281280,52734.3,-0.007352,0.091398,0.001211,-0.703125,0.0,0.7722,0.6296,0.004839,0.005363,0.005054,37.958546,48.811546
622067712,52755.3,-0.005392,0.077011,0.001557,-0.65625,0.0,0.773,0.6299,0.005037,0.005375,0.005162,37.170696,51.486538
622854144,52776.1,-0.002868,0.090657,0.00181,-0.683594,0.0,0.7725,0.6291,0.004294,0.004972,0.004747,36.770809,54.447582
623640576,52747.0,-0.002921,0.097767,0.001235,-0.683594,0.0,0.772,0.6282,0.004251,0.005105,0.00513,35.244061,56.252518
624427008,52768.0,-0.00139,0.074707,0.001435,-0.679688,0.0,0.7698,0.6266,0.005928,0.004703,0.006571,37.500053,55.342537
625213440,52789.0,-0.004039,0.078633,0.001729,-0.667969,0.0,0.7678,0.6241,0.006285,0.00529,0.005749,37.802334,54.406246
625999872,52809.8,0.001503,0.083507,0.001312,-0.710938,0.0,0.7656,0.6217,0.004035,0.00405,0.004358,38.5303,53.344589
626786304,52765.7,0.002236,0.099643,0.001207,-0.660156,0.0,0.7644,0.6199,0.004353,0.005644,0.006235,38.607506,49.995659
627572736,52787.0,-0.00815,0.084626,0.001425,-0.652344,0.0,0.7643,0.6194,0.00459,0.005774,0.005413,33.612606,58.758163
628359168,52808.1,-0.003351,0.08875,0.001246,-0.640625,0.0,0.7641,0.62,0.004776,0.006088,0.005456,35.681648,57.714428
629145600,52775.4,-0.001286,0.074324,0.001725,-0.617188,0.0,0.7638,0.6196,0.004074,0.004508,0.004585,35.750576,56.138184
629932032,52796.1,-0.003249,0.087585,0.001635,-0.625,0.0,0.7632,0.6187,0.005424,0.005319,0.005406,35.055187,55.754631
630718464,52816.3,-0.00814,0.084104,0.001259,-0.59375,0.0,0.7636,0.6182,0.005175,0.005181,0.005511,35.47456,56.653679
631504896,52836.8,0.001175,0.099893,0.002274,-0.609375,0.0,0.7644,0.6182,0.005503,0.004804,0.005937,36.930428,58.007568
632291328,52808.0,0.003683,0.091453,0.001927,-0.625,0.0,0.7653,0.6194,0.004701,0.004509,0.005516,33.20974,60.900864
633077760,52826.8,-0.011824,0.079732,0.002173,-0.628906,0.0,0.7667,0.621,0.00458,0.005202,0.005495,35.954163,57.159927
633864192,52846.1,-0.001005,0.067548,0.001834,-0.644531,0.0,0.7682,0.6228,0.003576,0.003758,0.004132,36.350239,57.312096
634650624,52823.6,0.002576,0.090743,0.001758,-0.644531,0.0,0.7696,0.6245,0.004085,0.004679,0.005255,38.644371,55.279491
635437056,52844.3,0.001119,0.101083,0.001405,-0.703125,0.0,0.7701,0.6238,0.004268,0.00539,0.005689,38.324371,54.796791
636223488,52864.8,-0.002997,0.088691,0.001665,-0.640625,0.0,0.7704,0.6246,0.004424,0.006682,0.004826,33.069622,56.175133
637009920,52885.4,-0.006765,0.073616,0.001165,-0.6875,0.0,0.7706,0.6258,0.004391,0.005891,0.004731,33.543583,52.816772
637796352,52862.2,-0.001129,0.081721,0.001403,-0.660156,0.0,0.7703,0.6259,0.004456,0.004929,0.005003,33.115273,51.711651
638582784,52882.6,0.001564,0.077096,0.002005,-0.664062,0.0,0.7698,0.6264,0.004929,0.005751,0.005541,34.744423,51.31086
639369216,52903.1,-0.006755,0.081416,0.001291,-0.667969,0.0,0.7691,0.6265,0.005604,0.006258,0.00627,34.729801,53.207359
640155648,52923.9,-0.003393,0.074627,0.001146,-0.714844,0.0,0.7685,0.6258,0.006392,0.006263,0.006464,35.66478,52.352699
640942080,52904.8,-0.000821,0.090079,0.001253,-0.769531,0.0,0.769,0.6268,0.006832,0.007018,0.005608,35.147957,48.738701
641728512,52925.8,-0.008569,0.073786,0.001323,-0.742188,0.0,0.7692,0.627,0.006749,0.006344,0.005426,35.736664,47.602901
642514944,52945.3,0.00074,0.077143,0.001739,-0.679688,0.0,0.7691,0.6274,0.004825,0.005104,0.004943,36.637993,48.601665
643301376,52925.4,-0.005043,0.083841,0.001253,-0.640625,0.0,0.7691,0.6271,0.004564,0.004599,0.005222,35.496269,52.145275
644087808,52945.1,-0.00276,0.091329,0.001142,-0.667969,0.0,0.7688,0.626,0.005007,0.005536,0.005807,35.14109,53.746849
644874240,52965.6,-0.000347,0.093195,0.001443,-0.609375,0.0,0.7689,0.6257,0.004957,0.006393,0.006342,29.956974,52.401695
645660672,52985.7,-0.001869,0.109995,0.001468,-0.609375,0.0,0.7686,0.6235,0.004018,0.006042,0.004705,30.807016,53.060741
646447104,52939.7,0.001741,0.090772,0.001435,-0.644531,0.0,0.7693,0.6239,0.006638,0.00589,0.005012,34.042435,53.968536
647233536,52959.8,-0.003926,0.077979,0.001409,-0.660156,0.0,0.77,0.6258,0.005062,0.005103,0.00549,34.940075,49.793175
648019968,52977.6,-0.00349,0.07261,0.001199,-0.632812,0.0,0.771,0.6278,0.005583,0.006125,0.005238,34.514637,50.174026
648806400,52949.7,0.000518,0.09038,0.001228,-0.695312,0.0,0.7714,0.6289,0.004821,0.004554,0.006002,31.360785,49.647301
649592832,52969.7,-0.003374,0.095022,0.001128,-0.710938,0.0,0.7717,0.629,0.005577,0.006755,0.007099,32.241161,49.287415
650379264,52990.3,0.002271,0.073487,0.001068,-0.707031,0.0,0.7723,0.6301,0.005145,0.006261,0.006832,33.16029,47.713554
651165696,53010.4,-0.003737,0.069572,0.001035,-0.695312,0.0,0.7724,0.6301,0.003775,0.004202,0.00597,35.637363,48.516705
651952128,52976.4,0.001527,0.097034,0.001233,-0.730469,0.0,0.7734,0.6309,0.004517,0.004757,0.005848,38.648384,49.673897
652738560,52996.4,-0.006817,0.097116,0.001176,-0.683594,0.0,0.7743,0.631,0.005091,0.006772,0.00761,32.548332,54.918915
653524992,53017.1,0.000663,0.111095,0.001433,-0.683594,0.0,0.7745,0.6301,0.006974,0.007091,0.007522,34.333508,55.077999
654311424,52982.6,0.000118,0.120443,0.000977,-0.640625,0.0,0.7753,0.63,0.004646,0.00496,0.00551,34.080612,54.392113
655097856,53002.3,3e-06,0.095252,0.001478,-0.65625,0.0,0.7754,0.63,0.004947,0.00576,0.006154,36.610874,54.453808
655884288,53021.3,0.000969,0.085966,0.001654,-0.644531,0.0,0.7751,0.6293,0.004362,0.004732,0.00497,36.321915,53.931408
656670720,53040.9,-0.004435,0.077602,0.00124,-0.683594,0.0,0.7743,0.6287,0.003695,0.005247,0.004605,38.074711,53.743835
657457152,53002.7,0.003814,0.094553,0.001639,-0.730469,0.0,0.7743,0.6292,0.004486,0.005057,0.00495,37.073185,55.835815
658243584,53022.0,-0.00165,0.085832,0.001397,-0.714844,0.0,0.7745,0.63,0.004276,0.004731,0.006581,38.798176,53.582653
659030016,53042.3,-0.004043,0.074836,0.001667,-0.667969,0.0,0.7738,0.6299,0.004288,0.003954,0.006258,38.337685,53.012737
659816448,53009.7,0.003127,0.083934,0.001401,-0.625,0.0,0.7731,0.6305,0.002995,0.004222,0.004485,37.760063,56.575409
660602880,53029.5,-0.006833,0.086964,0.001309,-0.601562,0.0,0.773,0.6305,0.004507,0.005441,0.005285,36.86372,58.824158
661389312,53049.1,-0.003,0.080414,0.001915,-0.550781,0.0,0.7726,0.6305,0.004083,0.004577,0.004514,32.751907,64.005844
662175744,53067.6,0.005387,0.084762,0.001517,-0.546875,0.0,0.7721,0.6302,0.003772,0.005094,0.004906,33.9949,63.004601
662962176,53019.4,0.000879,0.086509,0.001183,-0.550781,0.0,0.7708,0.6295,0.003519,0.004445,0.004439,35.214752,62.749901
663748608,53039.6,-7e-06,0.079154,0.001577,-0.5625,0.0,0.7688,0.6273,0.004082,0.004608,0.005118,36.167736,63.572216
664535040,53058.2,0.002081,0.086371,0.001838,-0.570312,0.0,0.7671,0.6245,0.003749,0.005355,0.004123,35.47588,61.378166
665321472,53077.9,-0.010381,0.075225,0.001285,-0.589844,0.0,0.7661,0.6229,0.003148,0.005266,0.003902,36.774498,61.555248
666107904,53040.0,0.001727,0.09323,0.001239,-0.621094,0.0,0.7664,0.6233,0.003802,0.006287,0.005016,37.269711,62.215435
666894336,53060.0,-0.000367,0.071532,0.001371,-0.589844,0.0,0.7666,0.6248,0.00395,0.00463,0.004602,37.077454,61.869854
667680768,53079.8,-0.003102,0.060501,0.002183,-0.632812,0.0,0.7667,0.6262,0.004409,0.004412,0.003768,37.922234,59.52557
668467200,53039.9,0.003949,0.082206,0.001682,-0.648438,0.0,0.7662,0.6264,0.004611,0.004914,0.003746,37.290604,56.859238
669253632,53059.0,0.003342,0.084907,0.00134,-0.660156,0.0,0.765,0.6247,0.004863,0.006314,0.005467,37.537586,58.34359
670040064,53078.5,0.004273,0.091005,0.00186,-0.613281,0.0,0.765,0.625,0.005355,0.006689,0.006755,33.744461,56.085232
670826496,53097.7,-0.002102,0.088176,0.001476,-0.609375,0.0,0.7652,0.6251,0.00432,0.006356,0.00659,35.514233,58.862335
671612928,53062.1,0.000212,0.091666,0.002063,-0.648438,0.0,0.7665,0.6272,0.005351,0.004924,0.005491,35.111259,54.162712
672399360,53080.1,-0.003848,0.083828,0.001088,-0.730469,0.0,0.7671,0.6289,0.004845,0.004639,0.005027,36.588093,50.30645
673185792,53094.8,-0.000666,0.078424,0.001172,-0.6875,0.0,0.7676,0.6309,0.004458,0.005334,0.005398,36.323097,52.465248
673972224,53067.2,0.002214,0.084021,0.001463,-0.695312,0.0,0.7675,0.632,0.004337,0.004228,0.0046,34.273739,54.148987
674758656,53086.4,-0.007072,0.083457,0.001277,-0.648438,0.0,0.7674,0.6318,0.006789,0.006059,0.006245,34.311073,53.561718
675545088,53105.5,-0.004745,0.073892,0.00111,-0.621094,0.0,0.7673,0.6321,0.00562,0.005924,0.005679,33.857727,54.82196
676331520,53124.7,-0.000404,0.077992,0.001678,-0.597656,0.0,0.767,0.6316,0.003264,0.004673,0.004956,35.980789,57.806908
677117952,53086.0,-0.006069,0.083817,0.001056,-0.605469,0.0,0.7667,0.6324,0.004671,0.005895,0.006734,33.30891,56.113068
677904384,53105.3,-0.005167,0.053298,0.001255,-0.628906,0.0,0.7659,0.6332,0.004563,0.004633,0.005965,34.368065,52.569836
678690816,53124.9,-0.000712,0.070684,0.001373,-0.644531,0.0,0.7657,0.6336,0.004421,0.004158,0.005327,33.271389,54.782665
679477248,53096.4,-0.000533,0.066636,0.001349,-0.65625,0.0,0.7668,0.6363,0.003412,0.004529,0.004872,37.234768,53.920441
680263680,53116.1,-0.006038,0.067918,0.001259,-0.667969,0.0,0.768,0.6392,0.005372,0.004639,0.005496,37.752079,53.787537
681050112,53135.8,0.001686,0.066377,0.001251,-0.644531,0.0,0.7699,0.6434,0.004433,0.004598,0.005264,36.407261,57.170959
681836544,53154.5,-0.007442,0.053977,0.001307,-0.660156,0.0,0.7721,0.6491,0.003114,0.00367,0.004444,37.617828,57.368332
682622976,53111.2,0.001578,0.083445,0.001381,-0.59375,0.0,0.7734,0.6516,0.004505,0.005138,0.005504,34.630566,56.930687
683409408,53130.8,0.000159,0.073195,0.001356,-0.621094,0.0,0.7758,0.6557,0.005019,0.005219,0.005668,35.185966,57.386124
684195840,53149.9,-0.004566,0.071382,0.001554,-0.617188,0.0,0.7783,0.6591,0.004787,0.005622,0.005147,36.582275,55.303543
684982272,53124.3,-0.005567,0.07342,0.001574,-0.613281,0.0,0.7811,0.6632,0.004022,0.004243,0.004632,36.19273,54.914261
685768704,53143.5,-0.000356,0.062498,0.001358,-0.609375,0.0,0.7812,0.6637,0.005086,0.004392,0.00586,33.880795,59.280991
686555136,53162.9,-0.002389,0.074453,0.00193,-0.640625,0.0,0.7816,0.6644,0.005303,0.004231,0.006136,32.002308,55.667854
687341568,53181.9,-0.002483,0.089752,0.00168,-0.683594,0.0,0.7833,0.6662,0.00531,0.005206,0.006878,33.460087,53.589981
688128000,53142.4,-0.002245,0.093371,0.001582,-0.734375,0.0,0.7845,0.6674,0.003832,0.005405,0.005237,37.836914,50.55537
688914432,53161.6,-0.002921,0.077558,0.00179,-0.777344,0.0,0.7846,0.6673,0.004712,0.005357,0.005577,38.996292,48.63728
689700864,53180.7,0.000234,0.070191,0.001121,-0.820312,0.0,0.7848,0.6672,0.004165,0.005418,0.005378,38.678963,49.550163
690487296,53200.1,-0.001486,0.077025,0.001619,-0.824219,0.0,0.7851,0.6682,0.004417,0.005591,0.004965,40.805901,49.36557
691273728,53175.6,0.001342,0.076209,0.00145,-0.777344,0.0,0.7865,0.6705,0.004164,0.004812,0.004596,40.385941,51.422943
692060160,53194.8,-0.003841,0.065628,0.001276,-0.746094,0.0,0.7886,0.6744,0.004506,0.00492,0.005035,40.390278,50.615902
692846592,53213.8,-0.007061,0.051307,0.001476,-0.765625,0.0,0.7899,0.6776,0.004455,0.004424,0.003931,39.927029,50.809692
693633024,53170.4,0.000188,0.077137,0.001241,-0.769531,0.0,0.7901,0.6781,0.00372,0.004497,0.005219,41.339874,46.489269
694419456,53188.9,5.3e-05,0.068653,0.001253,-0.71875,0.0,0.7889,0.6763,0.004505,0.005003,0.005196,39.7575,47.754498
695205888,53207.5,0.003097,0.069186,0.00132,-0.730469,0.0,0.7883,0.6752,0.004047,0.005324,0.004737,34.144085,49.871868
695992320,53226.2,-0.009333,0.070328,0.001106,-0.761719,0.0,0.7882,0.675,0.004649,0.004972,0.005504,37.008442,51.054024
696778752,53196.4,-0.001091,0.083479,0.001357,-0.761719,0.0,0.7889,0.6762,0.005544,0.005366,0.006946,38.464199,48.924316
697565184,53215.9,-0.00387,0.061126,0.001188,-0.804688,0.0,0.7886,0.6768,0.004955,0.00517,0.004974,41.024475,49.23698
698351616,53235.4,-0.004259,0.05568,0.001188,-0.75,0.0,0.788,0.677,0.004383,0.005095,0.005298,40.047413,50.774139
699138048,53210.8,0.004437,0.07769,0.001108,-0.722656,0.0,0.7876,0.6775,0.005146,0.005305,0.004934,35.854195,49.731415
699924480,53229.5,-0.007716,0.071016,0.001362,-0.78125,0.0,0.7867,0.6769,0.006445,0.006823,0.005644,35.84103,48.440483
700710912,53247.4,-0.00713,0.072399,0.001167,-0.777344,0.0,0.7866,0.6776,0.005722,0.006813,0.006346,36.903465,45.802135
701497344,53265.8,-0.008575,0.069404,0.001163,-0.792969,0.0,0.7865,0.6771,0.004792,0.006046,0.004316,37.162571,47.34568
702283776,53241.2,0.002859,0.086134,0.001373,-0.753906,0.0,0.7861,0.676,0.004091,0.005983,0.005604,37.117771,49.193874
703070208,53260.1,-0.002973,0.079793,0.001143,-0.695312,0.0,0.7844,0.6741,0.00339,0.006058,0.004926,37.217327,53.421181
703856640,53279.0,0.005518,0.072862,0.001187,-0.703125,0.0,0.7834,0.673,0.003457,0.004702,0.004806,35.267818,53.376854
704643072,53252.9,-0.000999,0.076141,0.001344,-0.710938,0.0,0.7828,0.6725,0.002933,0.004845,0.00429,36.241116,49.356117
705429504,53270.9,-0.002887,0.063682,0.001331,-0.75,0.0,0.7825,0.6727,0.004038,0.006114,0.005527,37.940197,49.907196
706215936,53286.9,-0.006057,0.060533,0.001553,-0.773438,0.0,0.7824,0.6722,0.003954,0.005276,0.005164,38.451878,50.801376
707002368,53304.4,-0.002084,0.073132,0.001317,-0.816406,0.0,0.7822,0.6715,0.004617,0.004719,0.006543,40.727055,50.670471
707788800,53279.9,-0.002313,0.079422,0.001499,-0.742188,0.0,0.7819,0.6711,0.004416,0.004483,0.004764,38.092758,52.253777
708575232,53298.9,-0.003055,0.06536,0.001117,-0.691406,0.0,0.7809,0.6707,0.004948,0.00449,0.004922,39.333069,53.887798
709361664,53317.8,0.000122,0.059681,0.001277,-0.664062,0.0,0.7796,0.6691,0.004335,0.004055,0.005119,39.313747,54.851273
710148096,53286.4,-0.002118,0.063184,0.001437,-0.703125,0.0,0.7782,0.6681,0.004819,0.003796,0.004746,38.413181,54.891907
710934528,53304.8,0.001578,0.073042,0.001163,-0.738281,0.0,0.777,0.6667,0.003848,0.004192,0.005747,40.725918,52.911156
711720960,53323.6,-0.004323,0.060916,0.001286,-0.761719,0.0,0.7772,0.6674,0.004694,0.004384,0.005438,34.717258,49.434227
712507392,53340.6,-0.003673,0.065538,0.001266,-0.738281,0.0,0.7767,0.6672,0.004138,0.004972,0.004994,35.415897,49.97419
713293824,53301.6,0.002173,0.080972,0.001414,-0.707031,0.0,0.7767,0.6672,0.004876,0.004977,0.005625,35.568466,48.133724
714080256,53319.5,-0.003429,0.066693,0.001189,-0.726562,0.0,0.7774,0.6682,0.005114,0.004808,0.004829,36.595158,51.644176
714866688,53337.6,0.000139,0.07874,0.001574,-0.699219,0.0,0.7776,0.6691,0.005383,0.006086,0.00602,37.065868,50.748821
715653120,53313.9,0.000801,0.079345,0.001166,-0.714844,0.0,0.7775,0.6697,0.00535,0.005492,0.005596,38.293896,52.736626
716439552,53332.2,-0.007538,0.079811,0.001185,-0.710938,0.0,0.7773,0.6698,0.003667,0.005589,0.005397,36.021698,51.862637
717225984,53349.7,-0.006096,0.068837,0.001189,-0.722656,0.0,0.7776,0.6708,0.00396,0.005454,0.005903,37.254589,52.198784
718012416,53368.2,-0.002259,0.058604,0.001447,-0.757812,0.0,0.7782,0.6725,0.003342,0.004614,0.004685,38.134464,50.389523
718798848,53332.8,3.5e-05,0.069827,0.001242,-0.804688,0.0,0.7786,0.6735,0.005101,0.003695,0.006061,40.830036,46.537689
719585280,53351.0,-0.002915,0.065518,0.001183,-0.867188,0.0,0.7785,0.6734,0.004873,0.004272,0.005741,39.594395,48.160885
720371712,53369.3,-0.003202,0.078138,0.001068,-0.863281,0.0,0.7787,0.6734,0.004234,0.005104,0.00611,33.743534,42.551628
721158144,53385.6,-0.003392,0.071045,0.001162,-0.90625,0.0,0.7794,0.6739,0.004045,0.004939,0.005751,36.180206,41.583298
721944576,53354.8,-0.003576,0.07467,0.001117,-0.820312,0.0,0.7811,0.6766,0.004543,0.005138,0.004808,39.086483,43.647476
722731008,53371.5,-1.4e-05,0.076259,0.001428,-0.746094,0.0,0.7827,0.6781,0.004547,0.004875,0.0047,39.015079,48.789654
723517440,53389.2,-0.007796,0.073814,0.001416,-0.816406,0.0,0.7834,0.6785,0.003399,0.004491,0.003685,41.385292,51.620186
724303872,53347.3,-0.00125,0.082908,0.001437,-0.800781,0.0,0.7836,0.6788,0.004119,0.005318,0.005362,34.377392,45.44627
725090304,53365.6,0.005267,0.076886,0.001207,-0.800781,0.0,0.7834,0.6791,0.005139,0.00588,0.005027,37.187027,47.018749
725876736,53383.7,-0.001433,0.075934,0.001299,-0.761719,0.0,0.7841,0.6795,0.004801,0.00546,0.004942,36.854259,46.54649
726663168,53401.6,0.000157,0.062906,0.001315,-0.722656,0.0,0.7848,0.6802,0.003894,0.005282,0.004665,36.96323,48.105545
727449600,53374.5,0.002698,0.069051,0.001207,-0.75,0.0,0.7857,0.6808,0.0049,0.004292,0.005381,38.521851,52.294548
728236032,53392.4,0.000991,0.08179,0.001117,-0.730469,0.0,0.7863,0.6813,0.006706,0.005616,0.007521,39.911064,54.797729
729022464,53410.5,0.002981,0.082885,0.001085,-0.726562,0.0,0.7863,0.6811,0.005864,0.005948,0.005381,32.628502,48.225166
729808896,53368.5,-0.002902,0.086677,0.001369,-0.738281,0.0,0.7861,0.6812,0.004702,0.005106,0.004645,35.532036,47.223934
730595328,53385.6,-0.002458,0.068875,0.001452,-0.769531,0.0,0.7873,0.6835,0.004028,0.005033,0.004377,37.266174,49.019264
731381760,53402.9,-0.001596,0.068425,0.001226,-0.757812,0.0,0.7893,0.6865,0.003912,0.005608,0.005715,38.855263,51.03241
732168192,53420.2,-0.003653,0.076567,0.001285,-0.773438,0.0,0.7907,0.6881,0.004101,0.005048,0.005006,40.543152,52.13623
732954624,53390.4,-0.009733,0.074117,0.00131,-0.785156,0.0,0.7914,0.6891,0.006171,0.006145,0.005521,35.111656,47.716576
733741056,53408.2,0.002335,0.074909,0.001249,-0.726562,0.0,0.7934,0.692,0.006519,0.00572,0.005222,38.08395,48.094189
734527488,53426.4,0.005596,0.077807,0.001235,-0.722656,0.0,0.7957,0.6946,0.005829,0.005337,0.005009,35.977829,48.776192
735313920,53406.1,-0.002849,0.077763,0.001219,-0.734375,0.0,0.7977,0.6974,0.005157,0.005267,0.005354,39.872059,54.242004
736100352,53424.3,-0.002802,0.061772,0.001255,-0.746094,0.0,0.7998,0.7005,0.004479,0.005606,0.005007,42.276546,56.560295
736886784,53441.4,0.00301,0.074487,0.001316,-0.707031,0.0,0.8024,0.7031,0.004771,0.006109,0.005294,41.390625,56.655914
737673216,53459.5,-0.008572,0.069352,0.001059,-0.726562,0.0,0.8043,0.7055,0.004108,0.004993,0.005365,36.965874,54.176109
738459648,53430.8,-0.005322,0.071759,0.001525,-0.753906,0.0,0.8066,0.7085,0.003637,0.003979,0.005217,37.932915,52.105053
739246080,53447.0,-0.007592,0.056452,0.001409,-0.761719,0.0,0.8071,0.7092,0.004171,0.005339,0.005862,41.986092,50.385437
740032512,53464.5,-0.006428,0.061563,0.001045,-0.75,0.0,0.8069,0.7089,0.004155,0.004703,0.005272,38.433624,52.240356
740818944,53436.5,0.00185,0.068311,0.001279,-0.777344,0.0,0.8071,0.7089,0.004089,0.004005,0.005457,39.995884,55.018017
741605376,53453.9,-0.00108,0.060386,0.001544,-0.71875,0.0,0.8077,0.7104,0.004107,0.005114,0.006009,32.699009,51.01416
742391808,53471.2,-0.005535,0.054677,0.001169,-0.734375,0.0,0.8092,0.7132,0.00457,0.005876,0.005067,37.083332,48.302776
743178240,53488.4,-0.00234,0.056339,0.001657,-0.730469,0.0,0.8105,0.7167,0.00336,0.004258,0.004285,38.150616,49.937256
743964672,53458.8,-0.004085,0.060966,0.001791,-0.78125,0.0,0.8114,0.7189,0.003525,0.003399,0.003832,40.019833,51.231064
744751104,53476.3,-0.005249,0.058076,0.001467,-0.839844,0.0,0.8121,0.7206,0.003259,0.004048,0.004286,41.458042,54.210571
745537536,53493.2,5.7e-05,0.067902,0.001312,-0.851562,0.0,0.8126,0.7215,0.003289,0.004751,0.003954,35.139366,43.629028
746323968,53509.6,0.002212,0.063036,0.001524,-0.859375,0.0,0.8132,0.7225,0.004044,0.004941,0.00533,37.258537,43.687927
747110400,53483.8,-0.004924,0.078266,0.001252,-0.859375,0.0,0.814,0.7242,0.004798,0.00637,0.005025,36.902042,41.159119
747896832,53500.5,0.005669,0.06872,0.001199,-0.84375,0.0,0.8149,0.7257,0.004186,0.005435,0.005171,36.458092,44.379822
748683264,53516.5,-0.003135,0.06444,0.001076,-0.855469,0.0,0.8159,0.7271,0.005267,0.005146,0.005546,37.942402,44.042938
749469696,53481.8,-0.000476,0.073307,0.001187,-0.882812,0.0,0.8164,0.7277,0.004651,0.004592,0.005845,34.430012,41.579411
750256128,53499.3,-0.001242,0.074275,0.001406,-0.847656,0.0,0.8165,0.7274,0.004452,0.006021,0.006471,36.253223,41.81522
751042560,53516.3,-0.006363,0.072649,0.001146,-0.804688,0.0,0.8161,0.7275,0.004147,0.005899,0.005879,34.90218,41.374565
751828992,53534.1,-0.003141,0.072026,0.001415,-0.804688,0.0,0.8153,0.7265,0.004193,0.00586,0.005235,36.667854,43.375748
752615424,53497.2,-0.009133,0.061941,0.001394,-0.859375,0.0,0.8153,0.7272,0.003799,0.003926,0.004916,38.802147,46.570644
753401856,53513.1,0.002353,0.050229,0.001414,-0.863281,0.0,0.8165,0.7298,0.002899,0.003718,0.004973,40.306557,47.282631
754188288,53528.0,-0.006398,0.051482,0.001337,-0.953125,0.0,0.8176,0.7317,0.003037,0.004301,0.005823,32.747299,38.124687
754974720,53488.6,0.001248,0.087551,0.001225,-0.910156,0.0,0.8187,0.7332,0.006425,0.005517,0.00626,34.321846,35.848267
755761152,53505.7,-0.001468,0.073132,0.001097,-0.949219,0.0,0.8202,0.7356,0.003898,0.005065,0.005348,36.772999,39.014526
756547584,53521.7,0.000414,0.05355,0.001196,-0.976562,0.0,0.8216,0.7387,0.003598,0.005583,0.00534,39.181778,40.199684
757334016,53538.0,-0.005611,0.051665,0.001203,-0.980469,0.0,0.8232,0.7421,0.004339,0.005159,0.005541,41.472538,41.735382
758120448,53513.2,-0.001974,0.066511,0.001097,-1.007812,0.0,0.8243,0.744,0.005515,0.005435,0.005971,29.428606,32.386566
758906880,53530.4,-0.005598,0.060183,0.00094,-0.980469,0.0,0.8253,0.7452,0.004767,0.005048,0.00542,31.588223,32.442085
759693312,53547.5,0.001903,0.058868,0.001028,-0.972656,0.0,0.826,0.7468,0.004774,0.005506,0.005849,31.6266,32.048286
760479744,53525.7,-0.001431,0.060846,0.000907,-0.933594,0.0,0.8265,0.7482,0.004704,0.004893,0.005843,36.290497,37.603127
761266176,53542.5,-0.007286,0.055636,0.000938,-0.972656,0.0,0.8257,0.7474,0.004318,0.005618,0.006042,40.333214,43.343842
762052608,53558.5,0.002139,0.069306,0.001125,-0.921875,0.0,0.8252,0.747,0.004965,0.006,0.006572,42.87188,47.144634
762839040,53574.9,0.002445,0.064066,0.001034,-0.945312,0.0,0.8249,0.7468,0.003959,0.005731,0.00517,35.070854,37.769234
763625472,53558.5,-0.005205,0.062211,0.001242,-1.0,0.0,0.8242,0.747,0.003833,0.004562,0.005833,35.979885,34.818413
764411904,53575.7,-0.005053,0.059504,0.001085,-0.980469,0.0,0.8238,0.7471,0.003698,0.006234,0.006448,36.986095,36.210617
765198336,53593.1,-0.001056,0.049826,0.001074,-0.9375,0.0,0.8233,0.7479,0.003962,0.005016,0.00508,38.20438,39.815514
765984768,53569.7,-0.009498,0.051905,0.001092,-0.953125,0.0,0.8229,0.7478,0.003608,0.003942,0.005489,44.954201,53.85841
766771200,53586.2,0.003326,0.076216,0.001046,-0.972656,0.0,0.8231,0.748,0.005367,0.004502,0.005344,33.50433,35.416664
767557632,53602.9,0.000366,0.071426,0.00106,-0.957031,0.0,0.8239,0.749,0.00352,0.005126,0.005343,35.802326,36.501648
768344064,53619.1,-0.003723,0.055374,0.001495,-0.96875,0.0,0.8244,0.7498,0.00443,0.004749,0.004819,36.923893,37.232136
769130496,53598.1,0.001093,0.076635,0.001215,-0.890625,0.0,0.8247,0.7498,0.004543,0.004594,0.005681,35.847511,38.089684
769916928,53613.7,-0.005841,0.068193,0.001058,-0.875,0.0,0.8235,0.7472,0.004101,0.004601,0.005804,39.134182,45.925209
770703360,53629.5,-0.00496,0.079475,0.00185,-0.859375,0.0,0.8225,0.7442,0.004278,0.00477,0.005985,31.462524,36.708431
771489792,53645.0,-0.000579,0.077703,0.001374,-0.882812,0.0,0.8215,0.742,0.004681,0.005052,0.00593,32.368923,37.203278
772276224,53628.8,0.005975,0.07711,0.001285,-0.867188,0.0,0.8204,0.7403,0.003601,0.004384,0.00488,34.384888,37.894707
773062656,53645.6,-0.005579,0.063655,0.001353,-0.925781,0.0,0.8191,0.7379,0.00325,0.005122,0.005173,35.109138,39.661041
773849088,53662.6,-0.000203,0.072447,0.001177,-0.894531,0.0,0.8173,0.7349,0.003817,0.004584,0.006105,40.043068,43.719322
774635520,53643.3,0.003625,0.092457,0.001051,-0.96875,0.0,0.8158,0.7323,0.003382,0.004305,0.005869,32.824223,37.528442
775421952,53660.3,-0.006,0.068766,0.001476,-0.949219,0.0,0.8148,0.7316,0.004422,0.005343,0.005425,33.620033,36.065647
776208384,53677.3,0.001002,0.074901,0.001197,-0.925781,0.0,0.8143,0.7307,0.004752,0.006125,0.007542,36.012234,34.859447
776994816,53693.9,0.001937,0.068813,0.001087,-0.960938,0.0,0.8141,0.7308,0.004662,0.004745,0.006196,35.053864,36.381588
777781248,53677.2,-0.005504,0.059827,0.001264,-0.898438,0.0,0.8143,0.7323,0.004538,0.004585,0.006957,38.592377,41.242321
778567680,53693.7,-0.000455,0.055792,0.001248,-0.882812,0.0,0.815,0.7342,0.00411,0.004343,0.005786,41.107231,50.003704
779354112,53710.3,0.002106,0.059823,0.001102,-0.910156,0.0,0.8152,0.7352,0.003502,0.004443,0.00479,33.600014,38.344524
780140544,53669.9,-0.005864,0.06425,0.001065,-0.871094,0.0,0.8162,0.7373,0.004305,0.004862,0.006438,34.469311,37.241226
780926976,53686.5,-0.00581,0.05736,0.001238,-0.804688,0.0,0.8163,0.7376,0.004023,0.005175,0.004619,35.870155,40.072308
781713408,53702.8,0.003317,0.063335,0.001056,-0.792969,0.0,0.8159,0.7375,0.002873,0.004243,0.004196,36.295284,44.905754
782499840,53718.0,-0.004845,0.063627,0.001151,-0.8125,0.0,0.8153,0.7378,0.003596,0.004764,0.004771,39.136585,50.634415
783286272,53695.2,-0.002307,0.083758,0.001191,-0.839844,0.0,0.8147,0.7369,0.004695,0.005506,0.006062,32.202599,43.714073
784072704,53711.0,0.001434,0.067698,0.001052,-0.816406,0.0,0.8135,0.7354,0.00409,0.005366,0.005979,35.462029,40.818523
784859136,53727.5,-0.004357,0.071447,0.001112,-0.917969,0.0,0.8128,0.7337,0.004931,0.005596,0.005952,35.734535,41.014065
785645568,53702.8,0.001314,0.071984,0.001155,-0.90625,0.0,0.812,0.7318,0.004904,0.004893,0.006392,35.243118,36.880325
786432000,53719.4,-0.005784,0.054896,0.001102,-0.941406,0.0,0.8121,0.7328,0.004596,0.004747,0.005566,38.313229,42.005981
787218432,53735.0,-0.000471,0.048992,0.001126,-0.859375,0.0,0.8125,0.734,0.003349,0.0045,0.004538,39.630547,46.531029
788004864,53748.4,-0.003603,0.060986,0.000967,-0.90625,0.0,0.8127,0.7342,0.004888,0.005466,0.00564,31.358629,37.663528
788791296,53725.0,-0.008783,0.054928,0.001156,-0.863281,0.0,0.8133,0.7357,0.003623,0.004513,0.005261,34.903732,37.974442
789577728,53740.8,-0.005549,0.048425,0.001257,-0.867188,0.0,0.8138,0.7368,0.004279,0.004608,0.006813,35.189537,38.607719
790364160,53756.0,-0.004667,0.04832,0.001044,-0.90625,0.0,0.8139,0.7377,0.003681,0.004547,0.00447,35.40464,41.354698
791150592,53732.4,0.00037,0.05558,0.001316,-0.867188,0.0,0.8138,0.7378,0.004372,0.004459,0.005332,42.533356,52.532463
791937024,53749.1,-0.006125,0.068917,0.001065,-0.917969,0.0,0.8135,0.7365,0.005691,0.00575,0.008399,32.258099,37.783203
792723456,53765.2,-0.000699,0.070928,0.001072,-0.867188,0.0,0.8122,0.7347,0.00435,0.005762,0.006614,35.934048,36.57449
793509888,53781.5,-0.002701,0.060926,0.001102,-0.867188,0.0,0.8108,0.7321,0.004151,0.004319,0.005315,34.06337,35.993481
794296320,53750.5,-0.007945,0.063971,0.001085,-0.847656,0.0,0.8086,0.7293,0.003812,0.00475,0.006064,36.264694,41.316452
795082752,53766.1,-0.002177,0.048351,0.001173,-0.84375,0.0,0.8054,0.7267,0.00359,0.003746,0.004997,39.106869,49.572067
795869184,53780.8,0.008367,0.047635,0.001641,-0.84375,0.0,0.8032,0.7252,0.003717,0.003991,0.004175,41.752083,50.856243
796655616,53796.9,-0.005519,0.046992,0.001121,-0.902344,0.0,0.8025,0.725,0.002816,0.003528,0.004847,31.222178,37.196476
797442048,53774.4,0.003223,0.070379,0.001379,-0.921875,0.0,0.8027,0.7267,0.00361,0.004316,0.005331,39.447727,40.927101
798228480,53790.6,0.00093,0.050445,0.001292,-0.898438,0.0,0.804,0.7298,0.00328,0.004172,0.004457,39.261353,40.572205
799014912,53806.5,0.002702,0.050796,0.0013,-0.9375,0.0,0.805,0.7335,0.003611,0.004632,0.004958,38.933571,43.372917
799801344,53774.3,-0.001249,0.063183,0.001053,-0.898438,0.0,0.806,0.736,0.004453,0.005963,0.005178,40.251961,46.762512
800587776,53788.4,-0.007632,0.05833,0.000965,-0.871094,0.0,0.8067,0.7371,0.005119,0.006744,0.006765,28.44302,31.431129
801374208,53803.6,0.005302,0.067607,0.00101,-0.871094,0.0,0.8081,0.739,0.003745,0.005728,0.004962,30.470535,33.756069
802160640,53818.4,-0.001183,0.055176,0.001003,-0.902344,0.0,0.8093,0.7417,0.004455,0.005332,0.00605,32.434029,34.045837
802947072,53792.8,0.000818,0.072025,0.00104,-0.972656,0.0,0.8093,0.7422,0.003716,0.004634,0.005046,36.698357,39.042397
803733504,53808.2,-0.005649,0.062905,0.000976,-0.972656,0.0,0.8085,0.7413,0.003855,0.004913,0.005082,37.328491,45.734978
804519936,53824.2,0.007637,0.075446,0.001053,-0.945312,0.0,0.8074,0.7401,0.004163,0.005981,0.005614,29.991625,31.163557
805306368,53790.1,-0.005929,0.084247,0.001215,-1.070312,0.0,0.8062,0.7381,0.003769,0.004843,0.00515,34.582859,33.230335
806092800,53805.9,0.001294,0.079699,0.001125,-1.070312,0.0,0.805,0.7356,0.00466,0.006757,0.006189,35.818985,33.913876
806879232,53821.5,-0.001751,0.095343,0.001195,-0.980469,0.0,0.8035,0.7323,0.004115,0.005753,0.005274,37.003448,36.539024
807665664,53837.2,-0.003254,0.089492,0.00142,-0.980469,0.0,0.8016,0.7279,0.003942,0.004805,0.005602,38.593853,42.441246
808452096,53808.9,-0.003073,0.115076,0.001368,-0.882812,0.0,0.799,0.723,0.004097,0.006103,0.006015,30.667406,32.530247
809238528,53824.8,-0.000828,0.102966,0.00098,-0.859375,0.0,0.7951,0.716,0.0046,0.007022,0.007531,32.805336,35.727142
810024960,53840.7,0.001197,0.096922,0.001206,-0.859375,0.0,0.7916,0.7097,0.002738,0.004285,0.005167,31.497944,34.395687
810811392,53806.9,-0.006134,0.0825,0.001313,-0.917969,0.0,0.7885,0.7044,0.003634,0.004485,0.005817,33.928356,38.135246
811597824,53823.0,-0.010234,0.052499,0.001125,-0.933594,0.0,0.7867,0.7033,0.00383,0.005324,0.006113,37.936661,43.566219
812384256,53836.5,0.000502,0.056844,0.001041,-0.875,0.0,0.7846,0.7017,0.00395,0.004762,0.005696,40.605026,46.546806
813170688,53852.6,0.002176,0.056237,0.00105,-0.894531,0.0,0.7829,0.7002,0.003091,0.004609,0.004835,33.012562,38.110901
813957120,53825.0,-0.004277,0.07027,0.001009,-0.96875,0.0,0.7804,0.6978,0.003795,0.004833,0.005741,35.281357,36.322182
814743552,53839.3,0.000188,0.066903,0.001079,-1.046875,0.0,0.7776,0.6932,0.004498,0.006082,0.007625,37.075073,36.978432
815529984,53854.1,-0.004511,0.065884,0.001148,-0.988281,0.0,0.7745,0.6883,0.003804,0.005706,0.006276,39.20438,37.947121
816316416,53832.2,-0.006602,0.061516,0.001104,-0.945312,0.0,0.7712,0.6835,0.003805,0.004713,0.006041,46.307114,48.555733
817102848,53847.8,-0.000281,0.086127,0.001034,-0.960938,0.0,0.7693,0.6801,0.005652,0.004978,0.006557,31.388973,36.722908
817889280,53863.3,-0.003958,0.076749,0.001009,-1.0,0.0,0.7669,0.6755,0.005337,0.006426,0.008239,33.973969,36.24575
818675712,53878.9,0.001204,0.085525,0.001098,-1.039062,0.0,0.765,0.6714,0.004215,0.006485,0.007674,34.827324,32.813828
819462144,53860.7,0.001403,0.104712,0.001259,-0.988281,0.0,0.7632,0.6677,0.005786,0.005889,0.007211,37.193211,35.536854
820248576,53875.5,0.002691,0.095864,0.001157,-0.96875,0.0,0.7612,0.6636,0.004383,0.005775,0.006818,39.355427,41.8353
821035008,53889.4,-0.000871,0.090258,0.001248,-0.929688,0.0,0.7602,0.6612,0.003585,0.005545,0.006192,40.892246,42.606766
821821440,53904.7,-0.004361,0.080691,0.001184,-1.007812,0.0,0.7594,0.6597,0.003322,0.005542,0.006302,32.105732,35.514694
822607872,53884.1,0.001467,0.090189,0.001127,-0.960938,0.0,0.7596,0.6591,0.004461,0.004972,0.006793,34.067059,34.349407
823394304,53899.2,-0.000249,0.079652,0.00113,-0.886719,0.0,0.761,0.6591,0.004333,0.004754,0.006146,33.04974,34.75209
824180736,53914.8,-0.00165,0.066729,0.001245,-0.886719,0.0,0.7611,0.6579,0.004532,0.004141,0.006059,34.594398,39.056698
824967168,53886.4,-0.000326,0.068828,0.001352,-0.84375,0.0,0.76,0.6556,0.004709,0.003508,0.005134,41.361038,48.997665
825753600,53901.8,0.00096,0.067199,0.001152,-0.882812,0.0,0.7585,0.6531,0.003485,0.004897,0.005824,30.032717,38.544327
826540032,53917.0,-0.004577,0.066519,0.001075,-0.910156,0.0,0.757,0.6499,0.004132,0.00472,0.005271,32.105968,38.460293
827326464,53932.2,-0.004565,0.067909,0.001011,-0.871094,0.0,0.7552,0.6465,0.00371,0.003969,0.005211,35.071972,38.101326
828112896,53906.8,0.010177,0.064928,0.001033,-0.890625,0.0,0.7543,0.6445,0.003372,0.003936,0.005305,37.179279,41.789623
828899328,53921.5,-0.000182,0.059545,0.001217,-0.902344,0.0,0.7537,0.6438,0.004043,0.004472,0.005142,40.059834,44.749462
829685760,53935.8,-0.002243,0.064228,0.000968,-0.960938,0.0,0.7536,0.6431,0.003204,0.004664,0.005058,32.750496,36.582054
830472192,53899.5,-0.004659,0.056183,0.000986,-0.945312,0.0,0.7536,0.6434,0.00323,0.003691,0.004417,32.096481,35.078911
831258624,53915.1,-0.007567,0.068185,0.001239,-0.933594,0.0,0.7545,0.6447,0.003499,0.004594,0.00514,35.175632,36.482956
832045056,53930.4,-0.000997,0.065391,0.001063,-0.949219,0.0,0.7559,0.6466,0.00366,0.004405,0.005686,37.56068,38.27795
832831488,53945.9,-0.000868,0.061642,0.001087,-0.972656,0.0,0.7573,0.6484,0.003551,0.004356,0.005533,38.391163,40.970974
833617920,53921.7,-0.004576,0.071934,0.001087,-0.960938,0.0,0.758,0.6494,0.003311,0.004405,0.005333,29.875906,32.354141
834404352,53937.0,-0.006206,0.063596,0.001118,-0.953125,0.0,0.7587,0.6507,0.004341,0.004202,0.005297,30.14842,33.764557
835190784,53952.3,-0.00372,0.069596,0.000983,-1.0,0.0,0.7603,0.6535,0.00486,0.004632,0.005271,33.58773,34.14743
835977216,53929.3,0.001306,0.070357,0.001003,-0.902344,0.0,0.7618,0.6572,0.004517,0.004963,0.006104,35.15723,36.674343
836763648,53943.9,0.003859,0.073676,0.001212,-0.925781,0.0,0.7656,0.6634,0.004759,0.005108,0.005839,38.801949,43.153297
837550080,53958.4,-0.006688,0.061078,0.001119,-0.867188,0.0,0.7684,0.6678,0.004992,0.004836,0.006093,41.851406,50.766014
838336512,53973.3,-0.002033,0.057527,0.001101,-0.839844,0.0,0.7703,0.6712,0.0035,0.004861,0.005486,31.497129,36.421265
839122944,53949.1,-0.005032,0.062297,0.001116,-0.878906,0.0,0.773,0.6751,0.003594,0.003932,0.005028,33.523552,38.546261
839909376,53964.2,0.005111,0.060335,0.001278,-0.933594,0.0,0.7757,0.678,0.004024,0.003686,0.004888,36.542477,39.560329
840695808,53979.3,0.00025,0.051548,0.001216,-0.9375,0.0,0.7787,0.6816,0.002978,0.0032,0.004087,39.290413,41.301781
841482240,53954.4,-0.007282,0.057827,0.001087,-0.921875,0.0,0.7816,0.6845,0.003698,0.003059,0.003879,44.667881,54.965679
842268672,53969.3,0.004836,0.071096,0.001064,-0.890625,0.0,0.7828,0.6861,0.005113,0.00434,0.006386,32.074921,38.238167
843055104,53984.4,0.000534,0.063089,0.000992,-0.847656,0.0,0.785,0.689,0.004225,0.004354,0.006716,33.872559,39.184052
843841536,53998.8,-0.000446,0.062837,0.001138,-0.84375,0.0,0.7878,0.693,0.003699,0.005388,0.004419,33.760654,38.889
844627968,53976.4,-0.000427,0.054732,0.000985,-0.878906,0.0,0.7912,0.6982,0.003248,0.00414,0.004256,37.435268,42.133274
845414400,53990.4,0.001016,0.05877,0.001115,-0.929688,0.0,0.7948,0.7044,0.003414,0.003372,0.004533,41.38406,48.249634
846200832,54004.0,-0.002353,0.052317,0.001046,-0.992188,0.0,0.7979,0.7101,0.004583,0.003794,0.00512,41.488041,48.430809
846987264,54017.6,-0.002879,0.062969,0.001115,-0.980469,0.0,0.8,0.7137,0.004658,0.003595,0.005183,36.484158,35.668129
847773696,53972.5,-0.004312,0.081191,0.001061,-0.960938,0.0,0.803,0.719,0.005132,0.005208,0.00755,35.403503,35.883926
848560128,53987.3,-0.005996,0.079538,0.001202,-0.992188,0.0,0.8058,0.7235,0.004294,0.00502,0.006082,35.863842,35.718109
849346560,54002.6,0.000321,0.065841,0.001139,-0.992188,0.0,0.8084,0.7275,0.003578,0.004041,0.004785,38.351242,41.163631
850132992,53975.1,-0.003121,0.067578,0.001034,-1.007812,0.0,0.8105,0.7311,0.003423,0.003762,0.004361,44.531792,51.76577
850919424,53989.8,-0.001744,0.057213,0.001314,-1.0,0.0,0.8121,0.734,0.006306,0.0047,0.006697,35.90802,32.511639
851705856,54004.5,-0.003553,0.050129,0.001116,-1.015625,0.0,0.8142,0.7379,0.004251,0.004574,0.005098,38.419094,35.559414
852492288,54019.3,0.002067,0.055933,0.001037,-1.054688,0.0,0.8162,0.7412,0.004271,0.003864,0.005318,37.42371,34.853748
853278720,53990.1,-0.005828,0.060742,0.001128,-1.03125,0.0,0.8195,0.7458,0.003962,0.00376,0.005381,38.895012,40.224606
854065152,54004.8,0.004256,0.05614,0.001077,-1.039062,0.0,0.8229,0.7509,0.003723,0.003683,0.005003,42.306641,43.772243
854851584,54019.2,-0.00466,0.046749,0.001027,-1.007812,0.0,0.8259,0.7554,0.00385,0.004359,0.005783,44.848316,48.89735
855638016,53989.9,-0.001029,0.066699,0.001249,-0.988281,0.0,0.8275,0.7581,0.003332,0.003437,0.005426,36.743626,32.458015
856424448,54005.5,-0.004683,0.052506,0.001154,-1.015625,0.0,0.8289,0.7607,0.004026,0.004064,0.004699,39.000053,36.988174
857210880,54020.8,-0.003625,0.048125,0.001105,-1.039062,0.0,0.8296,0.7621,0.004297,0.003597,0.005036,37.610374,37.718594
857997312,54036.1,-0.005824,0.041849,0.001059,-1.03125,0.0,0.8293,0.7628,0.003029,0.003883,0.004024,41.808647,41.88208
858783744,54010.8,-0.010578,0.06386,0.001146,-1.0,0.0,0.8283,0.7615,0.00314,0.004054,0.005292,46.157101,48.891384
859570176,54022.8,0.001205,0.060875,0.001125,-0.929688,0.0,0.8277,0.7609,0.003947,0.004393,0.005936,35.719303,35.711975
860356608,54037.3,-0.002988,0.058317,0.001503,-0.941406,0.0,0.8274,0.7606,0.00326,0.004496,0.00522,36.193794,37.899384
861143040,53995.1,-0.004454,0.064251,0.001329,-0.929688,0.0,0.827,0.7605,0.00298,0.004101,0.005267,34.301651,37.629448
861929472,54008.9,-0.002165,0.047975,0.001071,-0.902344,0.0,0.8276,0.7625,0.003289,0.004448,0.005564,39.892738,45.161339
862715904,54023.5,-0.002644,0.043601,0.001021,-0.921875,0.0,0.828,0.7645,0.002725,0.004145,0.00395,42.969707,51.383667
863502336,54038.3,-0.001689,0.043649,0.00107,-0.957031,0.0,0.8287,0.7663,0.00286,0.00451,0.004332,34.380592,34.93605
864288768,54008.7,-0.000235,0.059535,0.001163,-0.980469,0.0,0.8304,0.7694,0.002755,0.003875,0.004166,37.356548,36.190025
865075200,54023.4,-0.000261,0.058305,0.0012,-1.015625,0.0,0.8317,0.7724,0.003492,0.004894,0.004848,38.607777,37.167389
865861632,54038.1,-0.002253,0.05118,0.001125,-0.980469,0.0,0.8329,0.7748,0.003267,0.00375,0.004654,38.005638,37.56395
866648064,54006.2,-0.007179,0.053129,0.00111,-0.980469,0.0,0.8336,0.7766,0.003157,0.004279,0.005052,45.234871,53.164398
867434496,54020.9,-0.00362,0.054317,0.001052,-0.988281,0.0,0.8336,0.7768,0.004336,0.004715,0.005094,34.496208,34.857567
868220928,54035.3,-0.006389,0.053585,0.000991,-0.976562,0.0,0.8335,0.778,0.003713,0.004057,0.005036,32.867645,33.077709
869007360,54050.1,-0.003808,0.050908,0.00113,-0.96875,0.0,0.8335,0.7785,0.003546,0.003873,0.004499,36.000854,35.841637
869793792,54023.2,0.002201,0.064956,0.00115,-0.988281,0.0,0.8339,0.7799,0.003573,0.003065,0.004652,39.66732,39.310074
870580224,54037.9,-0.002286,0.051725,0.001073,-1.070312,0.0,0.8351,0.7822,0.004264,0.003812,0.005867,40.388096,41.47332
871366656,54049.6,-0.005065,0.048954,0.001218,-1.164062,0.0,0.836,0.7845,0.003373,0.003979,0.005148,43.11927,43.748516
872153088,54064.3,-0.00544,0.051748,0.001358,-1.15625,0.0,0.8364,0.7851,0.003979,0.003474,0.004618,39.945999,32.645996
872939520,54028.3,0.003122,0.073925,0.001416,-1.148438,0.0,0.8364,0.7843,0.003729,0.00503,0.006183,36.302971,31.695221
873725952,54043.0,-0.004602,0.053851,0.001247,-1.117188,0.0,0.8351,0.7827,0.003614,0.004308,0.006099,36.145828,32.538475
874512384,54057.7,0.001602,0.066134,0.001049,-1.046875,0.0,0.8331,0.7797,0.00444,0.004625,0.005336,37.523853,35.233807
875298816,54030.1,-0.001629,0.062991,0.001141,-1.117188,0.0,0.8298,0.7759,0.003452,0.004147,0.004528,41.243946,41.70723
876085248,54044.5,0.000543,0.062663,0.001198,-1.148438,0.0,0.8277,0.7738,0.003432,0.005935,0.004996,32.40826,26.971436
876871680,54056.6,-0.003165,0.069222,0.001041,-1.117188,0.0,0.8258,0.7723,0.004544,0.006314,0.005546,33.727684,27.584667
877658112,54069.3,-0.007247,0.067112,0.001475,-1.117188,0.0,0.825,0.771,0.004128,0.0051,0.005321,36.722004,31.302223
878444544,54029.0,0.001743,0.065817,0.001066,-1.140625,0.0,0.8245,0.7702,0.003524,0.004298,0.006082,40.008419,34.981857
879230976,54041.2,-0.000722,0.049614,0.001062,-1.148438,0.0,0.8235,0.7687,0.003778,0.006049,0.005546,44.598808,40.781651
880017408,54055.2,-0.000757,0.056381,0.001115,-1.171875,0.0,0.8229,0.7677,0.003627,0.005204,0.005828,47.018188,43.00914
880803840,54020.9,-0.003182,0.069542,0.001018,-1.164062,0.0,0.8227,0.7675,0.00349,0.005225,0.006223,36.10323,29.705709
881590272,54035.5,-0.00397,0.064368,0.001188,-1.125,0.0,0.8208,0.7649,0.004435,0.004635,0.006021,37.314358,32.092773
882376704,54049.6,-0.008184,0.063417,0.001222,-1.09375,0.0,0.8186,0.7616,0.004038,0.004598,0.005951,38.426151,32.803223
883163136,54064.2,3.1e-05,0.061105,0.001203,-1.109375,0.0,0.8169,0.7588,0.003231,0.003711,0.004394,40.585049,37.083656
883949568,54022.6,-0.003605,0.068577,0.001227,-1.109375,0.0,0.8166,0.7579,0.00339,0.004889,0.005673,46.212185,44.567261
884736000,54036.3,-0.002326,0.053573,0.001238,-1.109375,0.0,0.8169,0.758,0.003005,0.00444,0.005196,35.918011,33.381241
885522432,54049.2,0.001561,0.051426,0.001155,-1.078125,0.0,0.8182,0.7595,0.002953,0.00373,0.004081,35.570721,33.059425
886308864,54022.8,-0.006081,0.05004,0.001142,-1.039062,0.0,0.8201,0.7615,0.002651,0.002902,0.003824,34.345276,33.429512
887095296,54037.4,-0.006562,0.040286,0.001148,-0.992188,0.0,0.8218,0.7644,0.003624,0.003726,0.004335,38.225708,38.859341
887881728,54051.2,-0.002827,0.051042,0.001246,-1.0,0.0,0.8228,0.7663,0.00384,0.003836,0.005251,42.645905,45.630981
888668160,54063.0,-0.003511,0.045118,0.001003,-1.039062,0.0,0.8231,0.7675,0.003125,0.003687,0.004241,33.764488,32.855331
889454592,54031.8,-0.001818,0.073859,0.001122,-1.046875,0.0,0.8228,0.7669,0.004007,0.004772,0.005076,31.587538,30.197247
890241024,54045.1,-0.005667,0.068167,0.001138,-1.015625,0.0,0.8217,0.7644,0.005182,0.005821,0.005644,35.228146,32.660046
891027456,54059.5,-0.005023,0.059983,0.001176,-0.980469,0.0,0.8207,0.7617,0.004304,0.004893,0.005242,36.051037,35.21151
891813888,54039.4,0.001316,0.06042,0.001076,-1.007812,0.0,0.8199,0.7602,0.004223,0.004441,0.005209,44.128338,48.233032
892600320,54053.1,-0.000472,0.065806,0.001173,-1.023438,0.0,0.8195,0.759,0.004867,0.005332,0.005806,34.256203,32.127468
893386752,54066.9,-0.000484,0.063548,0.001077,-0.96875,0.0,0.8192,0.7586,0.004642,0.005611,0.008191,35.048019,33.798016
894173184,54079.3,-0.002421,0.063095,0.001233,-0.960938,0.0,0.819,0.7581,0.003969,0.003647,0.00583,36.749771,37.248814
894959616,54057.2,-0.006309,0.060017,0.001344,-0.976562,0.0,0.8189,0.7579,0.003717,0.003586,0.004881,39.592052,39.442245
895746048,54071.3,-0.004817,0.048082,0.001025,-0.976562,0.0,0.8185,0.7576,0.003112,0.003703,0.004419,40.012009,40.740414
896532480,54085.3,-0.001232,0.050856,0.001043,-1.023438,0.0,0.8182,0.757,0.00291,0.004052,0.004755,44.136932,45.299774
897318912,54099.9,0.001974,0.046567,0.00109,-1.046875,0.0,0.8181,0.7571,0.003018,0.004832,0.004994,34.281067,32.305763
898105344,54084.1,0.002363,0.054288,0.00098,-1.015625,0.0,0.818,0.7571,0.003938,0.005402,0.005109,35.611275,33.868484
898891776,54098.4,-0.003953,0.045382,0.001068,-1.054688,0.0,0.8173,0.7565,0.003919,0.00488,0.004874,38.649384,36.190762
899678208,54112.0,-0.0035,0.05226,0.001021,-1.023438,0.0,0.8165,0.7554,0.002606,0.003314,0.003829,36.775574,36.213211
900464640,54094.9,-0.002717,0.059649,0.001109,-1.085938,0.0,0.815,0.7543,0.002813,0.003717,0.004369,46.056675,47.769073
901251072,54107.8,0.004645,0.066056,0.001277,-1.015625,0.0,0.8135,0.7527,0.002763,0.00432,0.004797,32.584949,31.839352
902037504,54120.1,-0.001118,0.056111,0.001445,-1.046875,0.0,0.812,0.7506,0.003563,0.004208,0.005885,34.345947,33.787369
902823936,54134.3,-0.002149,0.051817,0.001121,-1.054688,0.0,0.8114,0.7501,0.002776,0.003956,0.004061,33.755077,32.50412
903610368,54116.4,-0.000402,0.069188,0.001098,-1.054688,0.0,0.8124,0.7511,0.005201,0.004675,0.00443,36.191647,33.988384
904396800,54130.3,0.000755,0.062549,0.001072,-1.125,0.0,0.8131,0.7516,0.004019,0.004917,0.005242,42.743778,40.04567
905183232,54144.4,-0.001982,0.064698,0.000992,-1.132812,0.0,0.8128,0.7515,0.003302,0.005484,0.005557,45.316063,42.431271
905969664,54128.2,-0.005294,0.07121,0.001062,-1.171875,0.0,0.8128,0.752,0.003641,0.005159,0.005795,33.943108,29.439621
906756096,54142.6,-0.00307,0.067127,0.001131,-1.15625,0.0,0.8127,0.7519,0.003828,0.004914,0.006284,36.387302,30.729733
907542528,54157.0,-0.003373,0.046899,0.001163,-1.125,0.0,0.8132,0.7528,0.004192,0.004155,0.005812,36.491486,31.881496
908328960,54170.9,0.001298,0.046921,0.001084,-1.179688,0.0,0.8133,0.7534,0.00367,0.003697,0.005039,37.540615,33.417343
909115392,54130.9,0.00127,0.051308,0.001087,-1.15625,0.0,0.8143,0.7557,0.003132,0.004081,0.004989,43.728874,41.539459
909901824,54144.8,-0.005481,0.034713,0.001065,-1.148438,0.0,0.8153,0.7577,0.003569,0.004916,0.005499,30.735846,27.315756
910688256,54156.9,0.001437,0.040543,0.001122,-1.117188,0.0,0.8175,0.7618,0.003138,0.003829,0.004036,34.329067,29.837982
911474688,54138.9,-0.003237,0.045657,0.001378,-1.085938,0.0,0.8196,0.7659,0.003314,0.00429,0.004421,33.899166,29.294821
912261120,54152.3,-0.003609,0.048885,0.001348,-1.125,0.0,0.8213,0.769,0.003216,0.002902,0.004557,36.397823,32.11071
913047552,54166.3,-0.004309,0.045942,0.001034,-1.171875,0.0,0.8225,0.771,0.004478,0.003474,0.005182,39.888962,37.701309
913833984,54179.0,-0.002076,0.046509,0.001026,-1.171875,0.0,0.8234,0.7719,0.003904,0.004343,0.00489,43.855659,41.809784
914620416,54156.6,-0.001901,0.065693,0.001015,-1.140625,0.0,0.824,0.7727,0.003774,0.003923,0.004723,34.60836,28.874207
915406848,54170.3,-0.004887,0.051846,0.001002,-1.125,0.0,0.8247,0.7738,0.00389,0.004461,0.005755,38.514343,32.004971
916193280,54180.8,-0.006086,0.052492,0.001055,-1.117188,0.0,0.8256,0.7751,0.004323,0.004425,0.005251,36.729538,31.456358
916979712,54158.0,-0.002634,0.058917,0.00113,-1.070312,0.0,0.8269,0.7769,0.003515,0.003576,0.004848,44.154587,44.400433
917766144,54170.7,-0.004443,0.054979,0.001082,-1.109375,0.0,0.8281,0.779,0.004424,0.004474,0.005566,42.803684,44.536537
918552576,54184.4,-0.004223,0.055993,0.0011,-1.1875,0.0,0.8296,0.7816,0.004194,0.004305,0.004364,31.621365,28.812317
919339008,54197.3,-0.001728,0.056619,0.001174,-1.109375,0.0,0.8311,0.784,0.003227,0.004719,0.004842,34.431011,29.168753
920125440,54172.9,0.003177,0.053481,0.001369,-1.09375,0.0,0.8315,0.7846,0.003497,0.003971,0.004761,39.235641,34.445251
920911872,54186.4,0.000187,0.037887,0.00112,-1.101562,0.0,0.8315,0.7857,0.00315,0.003617,0.004322,39.817173,36.79306
921698304,54199.4,0.0024,0.043392,0.001156,-1.132812,0.0,0.832,0.787,0.002838,0.003649,0.004934,43.713421,41.326145
922484736,54212.8,-0.00105,0.05499,0.001259,-1.179688,0.0,0.8324,0.7883,0.003993,0.00432,0.005402,34.36124,28.341904
923271168,54183.0,-0.003558,0.073516,0.001235,-1.085938,0.0,0.8331,0.7887,0.003984,0.00429,0.004748,32.813274,28.465298
924057600,54196.2,0.000422,0.046521,0.001091,-1.101562,0.0,0.8336,0.7889,0.002965,0.004157,0.004037,36.655415,32.893196
924844032,54209.6,0.000893,0.046337,0.001083,-1.109375,0.0,0.8336,0.7892,0.002451,0.002636,0.003622,36.404621,32.928783
925630464,54177.9,-0.009008,0.054128,0.001181,-1.171875,0.0,0.834,0.7893,0.003435,0.003582,0.005313,43.82629,41.235912
926416896,54190.4,-0.001609,0.04902,0.001285,-1.210938,0.0,0.8348,0.7902,0.003245,0.004803,0.005446,30.947126,25.955223
927203328,54202.9,0.004379,0.057571,0.001348,-1.171875,0.0,0.8362,0.7916,0.003225,0.004087,0.004711,33.753757,27.644516
927989760,54216.3,-0.003535,0.046291,0.001266,-1.226562,0.0,0.8376,0.7931,0.003356,0.003867,0.00452,33.536301,28.986761
928776192,54192.7,-0.00031,0.064073,0.001053,-1.15625,0.0,0.8401,0.7962,0.003019,0.004723,0.005116,35.186493,28.334753
929562624,54206.3,0.000937,0.045145,0.000974,-1.140625,0.0,0.8435,0.8011,0.004606,0.005167,0.00502,37.56879,32.503811
930349056,54216.2,-0.007638,0.041245,0.001064,-1.15625,0.0,0.847,0.8062,0.003081,0.004749,0.005277,42.813625,38.383217
931135488,54182.2,-0.001329,0.054308,0.001004,-1.1875,0.0,0.8496,0.8099,0.003739,0.004659,0.004946,30.614988,27.075575
931921920,54195.9,-0.003101,0.048368,0.001096,-1.21875,0.0,0.8521,0.8143,0.00385,0.005196,0.005943,31.970549,26.065685
932708352,54209.6,-0.000954,0.048134,0.000931,-1.242188,0.0,0.8549,0.8185,0.004199,0.004095,0.004953,31.45056,25.392456
933494784,54222.2,-0.001837,0.036043,0.001048,-1.195312,0.0,0.8573,0.8225,0.003452,0.004414,0.004934,33.516262,27.164333
934281216,54197.3,0.003415,0.049825,0.000912,-1.1875,0.0,0.8597,0.8263,0.004686,0.004268,0.004992,43.600983,40.146175
935067648,54210.9,0.000171,0.043418,0.001036,-1.085938,0.0,0.8611,0.8286,0.004156,0.005698,0.005723,28.223021,26.43874
935854080,54224.8,-0.00477,0.041385,0.000995,-1.109375,0.0,0.8629,0.8312,0.003991,0.005041,0.005031,30.042599,28.768982
936640512,54201.6,-0.000909,0.052984,0.000888,-1.101562,0.0,0.8647,0.8335,0.003508,0.004276,0.004504,35.520664,30.661388
937426944,54214.6,0.001167,0.051583,0.000977,-1.132812,0.0,0.8653,0.8337,0.003134,0.005017,0.005547,38.598976,33.063492
938213376,54226.0,-0.008653,0.047247,0.001086,-1.148438,0.0,0.8654,0.8334,0.002947,0.005078,0.006008,39.600243,35.604874
938999808,54238.9,-0.004878,0.048757,0.000995,-1.140625,0.0,0.8647,0.8319,0.003337,0.005205,0.005658,42.481979,40.818077
939786240,54215.5,0.000819,0.067845,0.001019,-1.132812,0.0,0.8642,0.831,0.002554,0.0047,0.005691,33.584862,28.553131
940572672,54228.7,-0.003552,0.045021,0.001074,-1.15625,0.0,0.8632,0.83,0.002975,0.003421,0.004348,36.110233,31.43103
941359104,54241.9,-0.005956,0.057425,0.001172,-1.101562,0.0,0.8624,0.8291,0.002591,0.003286,0.004944,35.539917,31.03064
942145536,54218.2,-0.008444,0.042401,0.00107,-1.132812,0.0,0.8616,0.8286,0.002844,0.003303,0.004336,43.700443,44.018932
942931968,54231.7,0.004162,0.046487,0.001177,-1.101562,0.0,0.8614,0.8289,0.002901,0.003585,0.004143,44.694469,45.375927
943718400,54245.2,-0.001225,0.040258,0.001115,-1.085938,0.0,0.8613,0.8291,0.002775,0.003883,0.003817,33.01619,29.941315
944504832,54258.7,-0.006388,0.036147,0.00111,-1.109375,0.0,0.8613,0.8289,0.003106,0.004526,0.004479,34.874992,30.467495
945291264,54224.9,-0.000379,0.058897,0.001153,-1.085938,0.0,0.8611,0.8291,0.003755,0.004136,0.004339,35.921494,31.239017
946077696,54238.0,-0.001151,0.050018,0.001176,-1.117188,0.0,0.8607,0.8289,0.004506,0.004746,0.004704,38.316303,35.389061
946864128,54251.1,-0.0058,0.060157,0.001142,-1.15625,0.0,0.8603,0.8284,0.003482,0.003854,0.005106,41.420013,38.962456
947650560,54263.9,-0.001549,0.054962,0.001208,-1.1875,0.0,0.8606,0.8286,0.003442,0.004238,0.005586,33.332836,27.049368
948436992,54236.6,-0.004385,0.057341,0.001237,-1.078125,0.0,0.861,0.8286,0.002911,0.004166,0.005564,35.299614,29.569382
949223424,54249.8,-0.001289,0.046797,0.001035,-1.054688,0.0,0.8618,0.829,0.003677,0.003891,0.004307,34.944946,31.721176
950009856,54262.9,-0.00438,0.046934,0.001018,-1.046875,0.0,0.8616,0.8281,0.003281,0.003462,0.004651,36.305233,33.710342
950796288,54237.8,0.000994,0.065788,0.001195,-1.046875,0.0,0.8617,0.8281,0.003035,0.003426,0.004208,43.152927,42.864174
951582720,54251.0,-0.002921,0.05243,0.001055,-1.148438,0.0,0.862,0.8287,0.003241,0.00408,0.004674,34.006332,30.909269
952369152,54264.1,-0.002169,0.058841,0.001451,-1.148438,0.0,0.8625,0.8291,0.003066,0.004178,0.00512,35.874512,30.654638
953155584,54277.1,-0.002615,0.058638,0.0012,-1.132812,0.0,0.8628,0.8285,0.003761,0.003936,0.004972,38.182976,33.312084
953942016,54252.0,-0.003875,0.068736,0.001085,-1.070312,0.0,0.8622,0.8278,0.003264,0.003825,0.004742,36.85294,33.841995
954728448,54264.8,0.000295,0.056747,0.001098,-0.992188,0.0,0.8617,0.8273,0.002743,0.003156,0.003972,40.502312,41.378849
955514880,54277.6,0.00207,0.04652,0.000982,-1.046875,0.0,0.8607,0.8266,0.003254,0.00402,0.006357,44.983551,48.551449
956301312,54246.2,-0.006203,0.055314,0.00111,-1.046875,0.0,0.8603,0.8264,0.002904,0.003839,0.005713,34.632381,29.548452
957087744,54259.6,-0.001417,0.044271,0.00108,-1.117188,0.0,0.8591,0.8249,0.002905,0.00436,0.004667,36.774506,32.007015
957874176,54272.9,0.000521,0.043802,0.001163,-1.117188,0.0,0.8589,0.8243,0.003063,0.003741,0.004461,36.576427,32.360687
958660608,54286.3,-0.000917,0.038124,0.0011,-1.140625,0.0,0.8587,0.8241,0.002916,0.003491,0.005187,38.531052,35.076317
959447040,54254.1,0.000176,0.057684,0.001053,-1.117188,0.0,0.8588,0.824,0.00353,0.003704,0.005312,47.317383,46.078423
960233472,54266.2,-0.004048,0.050546,0.000965,-1.125,0.0,0.8593,0.8243,0.00387,0.003703,0.004875,38.5984,32.667294
961019904,54278.7,-0.000806,0.05306,0.001019,-1.148438,0.0,0.8598,0.8248,0.003345,0.003836,0.005349,38.944427,34.249458
961806336,54251.9,-5.3e-05,0.060873,0.001065,-1.109375,0.0,0.8604,0.8253,0.003961,0.003927,0.005076,35.875301,30.724356
962592768,54265.0,-0.000647,0.046271,0.000919,-1.125,0.0,0.8604,0.8255,0.003829,0.004311,0.005285,39.895653,36.865295
963379200,54277.9,-0.006127,0.04058,0.000978,-1.085938,0.0,0.8605,0.8258,0.003213,0.004134,0.004318,42.577057,38.458828
964165632,54290.8,-0.009419,0.042714,0.000982,-1.101562,0.0,0.8607,0.8262,0.003264,0.004388,0.004757,45.821712,43.913342
964952064,54262.8,-0.002345,0.055182,0.001109,-1.085938,0.0,0.8606,0.8263,0.002859,0.00414,0.004488,35.377743,31.793537
965738496,54275.6,0.001223,0.050244,0.001176,-1.117188,0.0,0.8609,0.8269,0.002788,0.005012,0.005133,36.751701,32.125664
966524928,54287.2,-0.001805,0.052296,0.001163,-1.101562,0.0,0.8617,0.8276,0.002839,0.005134,0.005226,38.611115,34.817993
967311360,54260.5,-0.001258,0.053962,0.001142,-1.109375,0.0,0.8625,0.8283,0.00245,0.004027,0.004176,41.787426,41.425915
968097792,54273.4,-0.003785,0.048529,0.001069,-1.070312,0.0,0.8638,0.8295,0.003778,0.005675,0.006234,42.863392,41.842129
968884224,54286.1,-0.004053,0.055293,0.001055,-1.085938,0.0,0.8643,0.8295,0.003596,0.005705,0.005054,31.392458,30.127705
969670656,54298.5,-0.001703,0.043935,0.001092,-1.046875,0.0,0.8651,0.8307,0.003621,0.004808,0.005436,33.300831,30.698614
970457088,54261.9,-0.008452,0.050771,0.001101,-0.980469,0.0,0.866,0.8317,0.00259,0.003952,0.004844,36.788593,36.315956
971243520,54274.5,-0.001784,0.051955,0.001073,-1.023438,0.0,0.8672,0.8331,0.003312,0.00362,0.004912,40.072544,40.737633
972029952,54287.4,0.000679,0.053792,0.001051,-1.0625,0.0,0.8686,0.8348,0.003009,0.004163,0.004762,43.250786,43.986401
972816384,54300.4,-0.004044,0.051007,0.001084,-1.03125,0.0,0.8699,0.8362,0.003117,0.003775,0.004212,45.025471,46.269878
973602816,54268.5,-0.003717,0.065908,0.001007,-1.0625,0.0,0.8707,0.8374,0.002667,0.00463,0.005792,37.152893,33.946239
974389248,54281.2,0.008998,0.060978,0.001084,-1.101562,0.0,0.8722,0.8398,0.003081,0.004959,0.006408,37.312481,33.916061
975175680,54291.8,0.000826,0.051252,0.001061,-1.09375,0.0,0.8734,0.8416,0.002906,0.005282,0.005202,40.955978,36.587612
975962112,54258.9,0.002599,0.053018,0.001043,-1.117188,0.0,0.8744,0.8437,0.003026,0.004136,0.004175,45.151882,44.780495
976748544,54271.8,-0.007473,0.051533,0.001016,-1.078125,0.0,0.8754,0.8447,0.003147,0.005044,0.006057,45.429413,45.058727
977534976,54284.8,-0.004092,0.051372,0.001019,-1.0625,0.0,0.8757,0.8447,0.00313,0.005891,0.006331,34.108448,31.149979
978321408,54297.7,-0.003928,0.052509,0.001242,-1.148438,0.0,0.8765,0.8458,0.002848,0.003811,0.005166,35.340324,31.722952
979107840,54276.0,-0.001839,0.054507,0.001057,-1.1875,0.0,0.8771,0.8467,0.003308,0.004641,0.005025,40.154053,33.905758
979894272,54289.1,-0.009192,0.043091,0.001156,-1.179688,0.0,0.8776,0.8481,0.003217,0.00469,0.005094,40.040005,35.064266
980680704,54301.8,-0.000213,0.04784,0.001133,-1.132812,0.0,0.878,0.8494,0.003637,0.0042,0.005157,44.636517,41.638638
981467136,54278.4,0.004321,0.054059,0.001101,-1.125,0.0,0.8786,0.851,0.002443,0.003476,0.004336,36.421741,30.262295
982253568,54291.3,0.000152,0.05419,0.001311,-1.171875,0.0,0.8795,0.8526,0.003004,0.003904,0.005114,39.418819,33.705914
983040000,54304.4,-0.006079,0.043968,0.00118,-1.171875,0.0,0.8801,0.8534,0.002359,0.003124,0.003901,41.936832,34.865662
983826432,54317.2,0.000318,0.046433,0.001247,-1.210938,0.0,0.8814,0.8551,0.002185,0.003569,0.004009,42.851997,35.713028
984612864,54287.7,-0.010138,0.059088,0.001051,-1.242188,0.0,0.8828,0.8566,0.002978,0.003973,0.005191,48.745258,44.741959
985399296,54300.8,-0.002713,0.067114,0.001235,-1.226562,0.0,0.8839,0.8576,0.003913,0.004792,0.007585,39.987694,31.132294
986185728,54314.0,-0.001814,0.053512,0.001187,-1.171875,0.0,0.8845,0.8583,0.00313,0.004109,0.004782,39.622383,31.076345
986972160,54292.8,-0.001439,0.053263,0.001248,-1.171875,0.0,0.8853,0.8593,0.002871,0.003424,0.004631,43.005878,33.993992
987758592,54305.8,0.004874,0.054185,0.001141,-1.210938,0.0,0.8853,0.8595,0.003228,0.003952,0.005075,42.655716,35.820972
988545024,54318.8,0.002346,0.047445,0.001169,-1.1875,0.0,0.8856,0.8599,0.003139,0.00341,0.004883,45.155003,38.600765
989331456,54331.8,-7.3e-05,0.049168,0.001409,-1.179688,0.0,0.8854,0.8599,0.003619,0.003832,0.004765,47.257839,42.453465
990117888,54298.9,0.006972,0.065557,0.001174,-1.164062,0.0,0.8855,0.8599,0.00345,0.004827,0.006162,38.378513,31.066366
990904320,54311.2,-0.001669,0.05248,0.001044,-1.164062,0.0,0.886,0.8601,0.003187,0.00514,0.005556,36.736099,30.561127
991690752,54324.0,-0.00529,0.047566,0.001214,-1.203125,0.0,0.8865,0.8605,0.003857,0.004739,0.00601,38.939011,32.112526
992477184,54296.0,-0.00135,0.051734,0.001178,-1.195312,0.0,0.8867,0.8607,0.003097,0.004618,0.004635,44.099373,38.31913
993263616,54308.7,-0.006991,0.055219,0.001105,-1.171875,0.0,0.8866,0.8602,0.00537,0.004737,0.005774,48.598137,43.122433
994050048,54321.4,-0.003505,0.046854,0.001327,-1.1875,0.0,0.8865,0.8603,0.003807,0.004815,0.006156,35.84745,30.767792
994836480,54334.1,-5.7e-05,0.046881,0.001293,-1.171875,0.0,0.8863,0.8607,0.004565,0.003715,0.005442,35.473949,29.166695
995622912,54297.9,0.000915,0.054995,0.001327,-1.15625,0.0,0.8861,0.861,0.004,0.003699,0.005343,39.545364,33.062546
996409344,54310.3,-0.001004,0.049366,0.001463,-1.195312,0.0,0.8858,0.8614,0.004335,0.003665,0.004338,38.686131,33.892742
997195776,54322.6,0.000136,0.044094,0.001191,-1.257812,0.0,0.8856,0.8617,0.003215,0.003656,0.004198,43.478416,37.680935
997982208,54335.5,-0.002049,0.04379,0.001097,-1.210938,0.0,0.8853,0.8615,0.003338,0.004347,0.004683,44.971966,40.103867
998768640,54313.2,-0.006111,0.049322,0.00114,-1.195312,0.0,0.8854,0.862,0.003445,0.004725,0.005269,39.065029,29.321836
999555072,54324.9,-0.002141,0.030142,0.001036,-1.140625,0.0,0.8852,0.8622,0.003328,0.003147,0.004802,40.472237,33.478546
1000341504,54334.0,-0.007243,0.033847,0.001057,-1.148438,0.0,0.8852,0.863,0.002658,0.003089,0.004698,37.861481,32.925499
1001127936,52615.5,-0.006219,0.040628,0.001142,-1.148438,0.0,0.8856,0.8637,0.002789,0.00375,0.00451,43.491371,41.361771
1001914368,52628.2,-0.000125,0.040994,0.001009,-1.117188,0.0,0.8859,0.8647,0.00295,0.003075,0.005301,45.621231,45.391487
1002700800,52640.4,-0.004125,0.035365,0.001147,-1.085938,0.0,0.8863,0.8656,0.003121,0.003261,0.004626,34.704536,30.903912
1003487232,52652.5,-0.00154,0.033517,0.001221,-1.101562,0.0,0.8866,0.8666,0.003096,0.002748,0.004506,36.137241,32.327774
1004273664,52625.1,0.002805,0.055294,0.001312,-1.085938,0.0,0.8864,0.8663,0.003616,0.003227,0.005087,39.699276,35.796581
1005060096,52638.0,-0.003765,0.039247,0.001375,-1.085938,0.0,0.8861,0.8661,0.002661,0.002943,0.004944,40.934662,39.682976
1005846528,52650.7,0.002617,0.049059,0.001139,-1.109375,0.0,0.8858,0.8657,0.002411,0.00334,0.004302,46.764,47.003777
1006632960,52630.8,0.003033,0.057748,0.001322,-1.140625,0.0,0.8854,0.8651,0.002478,0.002997,0.004286,35.447433,28.001059
1007419392,52643.6,-0.007043,0.042634,0.001226,-1.195312,0.0,0.8845,0.8638,0.002561,0.002923,0.004405,37.634964,31.526838
1008205824,52656.3,0.004813,0.043129,0.001284,-1.1875,0.0,0.884,0.8628,0.003317,0.003961,0.00482,39.534374,32.12648
1008992256,52669.1,-0.000275,0.040993,0.00114,-1.234375,0.0,0.8844,0.8629,0.002953,0.003467,0.004363,39.501797,31.584835
1009778688,52656.3,-0.009054,0.054438,0.001184,-1.1875,0.0,0.885,0.8637,0.002628,0.003607,0.005224,44.61729,40.901581
1010565120,52666.8,-0.006352,0.039724,0.00113,-1.21875,0.0,0.8861,0.8656,0.00288,0.00449,0.005337,40.008743,32.681755
1011351552,52678.4,-0.008603,0.036609,0.000993,-1.1875,0.0,0.8869,0.8669,0.002695,0.004014,0.005937,38.316093,30.834118
1012137984,52653.5,0.000622,0.04489,0.001374,-1.1875,0.0,0.888,0.8691,0.002515,0.00403,0.005232,38.170071,29.303274
1012924416,52665.3,-0.003403,0.036041,0.001007,-1.242188,0.0,0.8883,0.8705,0.003739,0.004429,0.00573,37.837822,30.655317
1013710848,52677.2,-0.003725,0.0393,0.001055,-1.1875,0.0,0.8885,0.8714,0.003235,0.004248,0.005154,38.310547,32.612141
1014497280,52687.9,-0.007187,0.040489,0.000962,-1.226562,0.0,0.8887,0.872,0.003438,0.003846,0.005375,42.459747,37.661404
1015283712,52667.6,0.002375,0.05958,0.000981,-1.195312,0.0,0.8889,0.8721,0.003685,0.004709,0.005622,33.039078,25.999731
1016070144,52678.6,-0.000581,0.041472,0.001018,-1.210938,0.0,0.8888,0.8722,0.003557,0.004547,0.006014,37.215897,30.140135
1016856576,52691.7,-0.004899,0.041196,0.001116,-1.15625,0.0,0.8887,0.8721,0.003439,0.003889,0.005317,34.997269,29.069107
1017643008,52655.0,0.002791,0.058913,0.001084,-1.210938,0.0,0.8887,0.872,0.003453,0.003675,0.004747,37.941483,34.409878
1018429440,52667.5,0.001351,0.053753,0.00105,-1.289062,0.0,0.8885,0.8719,0.003411,0.003837,0.005615,46.604168,42.801262
1019215872,52680.1,-0.002234,0.035448,0.001027,-1.242188,0.0,0.8883,0.8719,0.002954,0.003732,0.004782,40.473042,30.451666
1020002304,52692.6,0.001955,0.040174,0.001018,-1.25,0.0,0.8879,0.8721,0.003088,0.003641,0.005272,37.767567,28.810078
1020788736,52673.4,0.00276,0.052162,0.001031,-1.1875,0.0,0.8877,0.8721,0.002725,0.003226,0.004708,36.179375,28.37248
1021575168,52685.4,-0.00314,0.043665,0.001111,-1.1875,0.0,0.8877,0.8724,0.003447,0.004098,0.005738,38.011921,31.33161
1022361600,52693.9,-0.003862,0.043184,0.001108,-1.203125,0.0,0.8879,0.8725,0.003516,0.00447,0.006397,40.351845,37.464214
1023148032,52705.3,-0.001816,0.044637,0.001008,-1.164062,0.0,0.8882,0.8729,0.002819,0.003395,0.004589,43.129513,41.182976
1023934464,52680.8,-0.002985,0.059847,0.001065,-1.132812,0.0,0.8887,0.8734,0.003027,0.004761,0.004416,36.344833,30.178022
1024720896,52693.4,-0.005932,0.053498,0.001037,-1.140625,0.0,0.8896,0.8741,0.003201,0.005791,0.005025,35.903816,31.573462
1025507328,52706.0,0.004614,0.051087,0.0011,-1.09375,0.0,0.8904,0.8747,0.002836,0.004504,0.004848,37.796398,34.114769
1026293760,52679.4,-0.001258,0.064462,0.001129,-1.109375,0.0,0.8907,0.8743,0.003447,0.004105,0.004727,40.942806,38.373516
1027080192,52689.1,0.006345,0.05306,0.001113,-1.148438,0.0,0.8899,0.8724,0.004046,0.004876,0.006144,44.41568,45.173393
1027866624,52700.8,-0.001575,0.05346,0.001235,-1.148438,0.0,0.8894,0.8711,0.002679,0.003734,0.005989,38.1744,30.816999
1028653056,52712.0,0.001893,0.060471,0.001166,-1.117188,0.0,0.8885,0.8689,0.003872,0.003467,0.005067,38.961407,31.440031
1029439488,52683.9,0.002322,0.056403,0.001081,-1.109375,0.0,0.8883,0.8682,0.003122,0.004402,0.00434,39.525738,35.689754
1030225920,52693.7,-0.006087,0.041141,0.001098,-1.132812,0.0,0.8884,0.8683,0.002843,0.003756,0.004985,40.727966,37.009174
1031012352,52705.3,-0.006951,0.030868,0.001109,-1.171875,0.0,0.8887,0.8687,0.003041,0.003837,0.003996,42.019955,38.206909
1031798784,52678.9,-0.004179,0.052165,0.001158,-1.164062,0.0,0.8895,0.8698,0.002655,0.004103,0.003918,39.425278,31.275078
1032585216,52691.4,0.00327,0.048247,0.001164,-1.1875,0.0,0.8904,0.8713,0.002841,0.004445,0.004944,35.792137,28.922476
1033371648,52704.4,-0.009853,0.051606,0.001155,-1.195312,0.0,0.8914,0.8724,0.003946,0.004541,0.004826,41.292908,33.271339
1034158080,52717.3,0.000474,0.055084,0.001158,-1.179688,0.0,0.8924,0.8739,0.003838,0.004739,0.004406,42.953407,35.773842
1034944512,52696.9,-0.002124,0.049028,0.001139,-1.203125,0.0,0.8938,0.876,0.003686,0.003674,0.00476,46.236317,42.402748
1035730944,52709.5,-0.001716,0.044074,0.001188,-1.1875,0.0,0.8952,0.8781,0.003618,0.004868,0.005365,46.357822,43.110588
1036517376,52722.1,-0.009843,0.039173,0.001245,-1.140625,0.0,0.8966,0.8804,0.003081,0.003907,0.006279,39.457127,32.038223
1037303808,52701.8,0.004615,0.051276,0.001225,-1.125,0.0,0.8973,0.8817,0.002821,0.002853,0.003769,38.610439,32.051559
1038090240,52713.3,-0.003036,0.050874,0.001427,-1.148438,0.0,0.8972,0.8808,0.003199,0.002988,0.004076,41.935738,35.799129
1038876672,52725.6,-0.002198,0.045533,0.001206,-1.179688,0.0,0.8973,0.8798,0.002882,0.003616,0.004514,42.131237,37.308117
1039663104,52737.7,-0.004337,0.049966,0.001281,-1.21875,0.0,0.8972,0.8785,0.00351,0.003358,0.005092,46.48296,42.042355
1040449536,52716.1,-0.006944,0.071684,0.001305,-1.171875,0.0,0.8981,0.879,0.003415,0.00382,0.004937,40.998436,32.45953
1041235968,52728.4,-0.002839,0.065038,0.001287,-1.140625,0.0,0.8986,0.8788,0.002951,0.003538,0.004564,39.575558,33.267185
1042022400,52740.9,-0.000788,0.054802,0.001284,-1.132812,0.0,0.8997,0.8789,0.003425,0.00396,0.004029,42.150135,36.172504
1042808832,52720.9,-0.004108,0.063245,0.001354,-1.148438,0.0,0.9008,0.8802,0.002635,0.003152,0.004203,40.799324,38.833244
1043595264,52733.5,0.001231,0.054927,0.001063,-1.203125,0.0,0.9015,0.881,0.003341,0.003756,0.004727,44.41048,43.25927
1044381696,52746.1,0.000401,0.046345,0.001074,-1.203125,0.0,0.9019,0.8814,0.002526,0.00366,0.004566,36.20734,28.28598
1045168128,52758.2,-0.004876,0.040307,0.001295,-1.21875,0.0,0.9024,0.8826,0.00261,0.003346,0.004749,38.561367,30.031551
1045954560,52728.6,-0.005168,0.051053,0.001303,-1.171875,0.0,0.9032,0.8834,0.002256,0.002493,0.004286,39.999413,31.439499
1046740992,52741.0,0.000478,0.046984,0.001424,-1.195312,0.0,0.9047,0.8848,0.002636,0.002553,0.004173,40.80397,34.863018
1047527424,52753.6,-0.006249,0.037912,0.00128,-1.203125,0.0,0.9066,0.8872,0.002877,0.00312,0.004069,42.221947,36.467667
1048313856,52766.1,-0.003554,0.036353,0.001141,-1.179688,0.0,0.9083,0.8901,0.003073,0.002553,0.003498,44.655746,40.678539
1049100288,52739.4,-0.012495,0.049302,0.001109,-1.195312,0.0,0.9087,0.8909,0.00332,0.004022,0.005392,36.307705,29.118782
1049886720,52750.7,-0.001352,0.035702,0.001551,-1.1875,0.0,0.9094,0.8921,0.0037,0.003511,0.004274,36.420204,29.882309
1050673152,52763.0,-0.000963,0.036614,0.001196,-1.21875,0.0,0.9099,0.8934,0.002961,0.003484,0.003843,40.749733,33.963284
1051459584,52740.0,-0.000237,0.052149,0.001467,-1.21875,0.0,0.9111,0.8952,0.003082,0.002901,0.00452,42.644337,36.002113
1052246016,52752.5,-0.005774,0.043946,0.001091,-1.25,0.0,0.9125,0.8974,0.002743,0.002994,0.004646,45.861053,41.034
1053032448,52765.1,-0.001635,0.045667,0.00103,-1.234375,0.0,0.9149,0.9013,0.002504,0.003476,0.004172,39.223248,30.180393
1053818880,52777.7,-0.00559,0.037926,0.001079,-1.234375,0.0,0.9178,0.9059,0.002822,0.002798,0.003791,35.712273,28.052694
1054605312,52750.9,-0.0035,0.053864,0.001072,-1.101562,0.0,0.9195,0.9086,0.002787,0.003307,0.00387,36.933838,29.486975
1055391744,52763.2,-0.001921,0.044275,0.001135,-1.085938,0.0,0.9213,0.911,0.002552,0.003109,0.003402,37.923748,35.097351
1056178176,52774.0,-0.006359,0.037478,0.001151,-1.09375,0.0,0.9226,0.9126,0.002761,0.003446,0.003719,41.174236,39.1614
1056964608,52746.4,-0.006773,0.04398,0.001254,-1.117188,0.0,0.9231,0.9127,0.002856,0.003401,0.004213,36.437,30.357199
1057751040,52758.9,-0.003507,0.041101,0.001081,-1.140625,0.0,0.9238,0.9138,0.003141,0.003645,0.004875,34.954811,29.492559
1058537472,52770.8,0.003598,0.041168,0.001091,-1.109375,0.0,0.9246,0.9153,0.002537,0.003545,0.0042,36.84853,30.64823
1059323904,52783.1,-0.006724,0.02887,0.001191,-1.140625,0.0,0.9257,0.9176,0.002358,0.002724,0.004041,37.075832,32.354034
1060110336,52752.8,0.001415,0.046832,0.001063,-1.195312,0.0,0.9267,0.9188,0.003925,0.00388,0.004993,41.623074,35.768959
1060896768,52764.7,-0.001908,0.04496,0.001159,-1.203125,0.0,0.9272,0.9189,0.003481,0.003885,0.004535,44.154369,39.619141
1061683200,52777.0,-0.002397,0.046628,0.0011,-1.210938,0.0,0.9277,0.9194,0.003262,0.003199,0.003752,36.723125,30.284206
1062469632,52754.5,-0.004671,0.045162,0.001068,-1.21875,0.0,0.9279,0.9197,0.002973,0.003632,0.004393,43.313385,33.74749
1063256064,52766.5,-0.000674,0.039455,0.001239,-1.1875,0.0,0.9289,0.9217,0.002819,0.003945,0.005272,43.88858,35.210503
1064042496,52778.6,-0.003108,0.040192,0.001338,-1.203125,0.0,0.9296,0.923,0.003832,0.002945,0.003992,40.912697,34.712585
1064828928,52789.5,-0.003096,0.034581,0.001148,-1.242188,0.0,0.9301,0.925,0.002641,0.003011,0.004372,45.638653,39.855873
1065615360,52771.8,-0.001121,0.049912,0.001276,-1.21875,0.0,0.9306,0.9265,0.00289,0.002811,0.003796,41.175877,32.366287
1066401792,52782.9,-0.000574,0.038526,0.001024,-1.203125,0.0,0.931,0.9284,0.002798,0.00364,0.004469,42.563953,33.091091
1067188224,52794.5,-0.005377,0.034749,0.000979,-1.203125,0.0,0.9313,0.9299,0.003124,0.003879,0.00466,40.630093,32.097588
1067974656,52768.8,-0.000922,0.046782,0.001222,-1.132812,0.0,0.9318,0.931,0.002823,0.00283,0.003969,39.353287,33.881256
1068761088,52781.2,-0.005939,0.037223,0.001101,-1.234375,0.0,0.933,0.9328,0.004127,0.003713,0.005028,43.544689,39.445633
1069547520,52793.5,-0.002312,0.03882,0.00105,-1.226562,0.0,0.9339,0.9341,0.003212,0.003253,0.004878,38.856045,31.023834
1070333952,52805.5,0.000446,0.044504,0.001162,-1.21875,0.0,0.9338,0.9338,0.002979,0.003699,0.004921,38.125217,29.762642
1071120384,52788.5,-0.000981,0.047832,0.001065,-1.203125,0.0,0.9342,0.9347,0.002587,0.003175,0.004483,34.903656,27.599884
1071906816,52800.5,-1.9e-05,0.04173,0.001101,-1.195312,0.0,0.9346,0.935,0.003453,0.003715,0.004463,35.710598,28.759039
1072693248,52812.5,-0.001622,0.035134,0.001056,-1.179688,0.0,0.9356,0.9362,0.002687,0.003086,0.003782,37.450706,32.587284
1073479680,52790.7,-0.005576,0.046453,0.001022,-1.148438,0.0,0.9362,0.9367,0.003292,0.003717,0.003673,41.285259,36.694168
1074266112,52802.6,-0.006257,0.042203,0.001042,-1.140625,0.0,0.9358,0.936,0.003972,0.004521,0.004927,33.265694,27.051979
1075052544,52814.7,-0.006106,0.042272,0.001068,-1.132812,0.0,0.935,0.9351,0.003624,0.004074,0.004724,34.257065,29.065334
1075838976,52825.9,-0.003582,0.036788,0.001065,-1.132812,0.0,0.9344,0.9342,0.002463,0.003394,0.003524,32.40797,28.483633
1076625408,52807.4,-0.005256,0.044929,0.001076,-1.109375,0.0,0.9344,0.9345,0.002638,0.003152,0.004094,37.370209,34.957031
1077411840,52819.1,-0.003419,0.047113,0.001004,-1.101562,0.0,0.935,0.9355,0.002504,0.0036,0.004479,39.819187,39.123085
1078198272,52830.6,-0.001438,0.041216,0.000999,-1.125,0.0,0.9347,0.9347,0.002558,0.003532,0.003728,36.398113,31.037354
1078984704,52839.8,-0.005139,0.043787,0.001071,-1.132812,0.0,0.9347,0.9349,0.00231,0.003619,0.00388,38.316986,32.982628
1079771136,52819.6,0.000664,0.060773,0.001136,-1.148438,0.0,0.9343,0.9338,0.002986,0.003739,0.004332,37.002857,30.453482
1080557568,52830.9,-0.003942,0.03866,0.001093,-1.140625,0.0,0.9347,0.9346,0.002838,0.003707,0.00363,39.160812,33.661049
1081344000,52842.3,0.001024,0.044185,0.001104,-1.1875,0.0,0.9351,0.9356,0.002943,0.003391,0.003977,39.548416,36.147884
1082130432,52819.5,0.000134,0.049486,0.001057,-1.140625,0.0,0.9342,0.9343,0.00271,0.003254,0.003852,37.682835,31.387218
1082916864,52831.6,-0.001534,0.034192,0.001067,-1.09375,0.0,0.9348,0.9353,0.002486,0.003581,0.004753,36.768471,31.149868
1083703296,52843.8,0.004263,0.031449,0.001054,-1.117188,0.0,0.935,0.9371,0.001703,0.003065,0.003051,36.4547,31.838987
1084489728,52856.0,0.000328,0.025335,0.001039,-1.101562,0.0,0.9351,0.9381,0.002211,0.003469,0.003088,35.316463,31.442921
1085276160,52833.7,0.001116,0.051348,0.001162,-1.164062,0.0,0.9347,0.9378,0.002584,0.004597,0.004988,39.295067,35.577023
1086062592,52844.7,0.004566,0.0608,0.001129,-1.21875,0.0,0.9335,0.9357,0.003082,0.005577,0.005118,41.383926,38.560947
1086849024,52855.9,-0.001052,0.062618,0.001043,-1.203125,0.0,0.9332,0.9351,0.002358,0.004977,0.005066,33.687096,26.554928
1087635456,52829.8,0.000104,0.065805,0.001104,-1.234375,0.0,0.9325,0.9339,0.002736,0.004842,0.004697,35.864815,27.785053
1088421888,52840.3,-0.001987,0.054035,0.001116,-1.164062,0.0,0.9311,0.9318,0.003033,0.004354,0.004644,40.619892,32.803032
1089208320,52851.5,-0.007509,0.050487,0.001102,-1.164062,0.0,0.9299,0.9299,0.002662,0.003863,0.004283,40.611427,34.900238
1089994752,52862.8,0.001825,0.05903,0.001165,-1.171875,0.0,0.929,0.9281,0.004582,0.00335,0.004601,41.35199,38.227119
1090781184,52843.1,-0.004748,0.059396,0.001054,-1.15625,0.0,0.9288,0.9273,0.002786,0.004626,0.004757,33.467331,26.576269
1091567616,52854.7,0.003591,0.049036,0.001048,-1.101562,0.0,0.9274,0.9248,0.003212,0.004176,0.00495,33.754551,28.06773
1092354048,52866.2,-0.005238,0.041202,0.001145,-1.109375,0.0,0.9258,0.9223,0.002537,0.00328,0.00594,35.988514,31.488777
1093140480,52848.3,-0.005298,0.054586,0.001138,-1.109375,0.0,0.9247,0.9203,0.003049,0.002945,0.004792,38.390167,35.81794
1093926912,52859.0,-0.000337,0.040844,0.001118,-1.132812,0.0,0.9228,0.9181,0.002881,0.002871,0.003871,44.48819,42.927135
1094713344,52870.4,-0.003996,0.047233,0.001034,-1.15625,0.0,0.9211,0.9158,0.002911,0.003217,0.00409,41.841099,39.217487
1095499776,52881.9,0.00093,0.039294,0.001139,-1.164062,0.0,0.9206,0.9155,0.00224,0.00237,0.003178,39.892227,32.827103
1096286208,52852.6,8e-05,0.052011,0.001232,-1.148438,0.0,0.9206,0.916,0.002685,0.002885,0.003663,39.696373,31.667168
1097072640,52864.1,-0.004277,0.035902,0.001347,-1.203125,0.0,0.9199,0.9157,0.002043,0.002367,0.003009,39.221653,33.506813
1097859072,52875.4,-0.008359,0.032011,0.001371,-1.226562,0.0,0.9197,0.9159,0.002047,0.002624,0.003304,41.847229,35.649025
1098645504,52851.1,-0.004506,0.04051,0.001454,-1.242188,0.0,0.9193,0.9163,0.002811,0.00235,0.003558,47.374004,45.867645
1099431936,52859.5,-0.000862,0.044366,0.001111,-1.21875,0.0,0.9193,0.9165,0.002681,0.003737,0.00422,35.808594,27.566402
1100218368,52870.6,-0.002671,0.044563,0.001267,-1.1875,0.0,0.9191,0.9157,0.002755,0.004203,0.003837,38.147202,29.448872
1101004800,52877.6,-0.000796,0.039805,0.001211,-1.195312,0.0,0.919,0.9158,0.003185,0.005371,0.004114,38.626068,32.39957
1101791232,52858.0,0.001746,0.044824,0.001119,-1.171875,0.0,0.9159,0.9115,0.002409,0.003795,0.004222,40.726074,35.788921
1102577664,52869.6,-0.000169,0.04723,0.001065,-1.203125,0.0,0.9151,0.9106,0.003077,0.004035,0.00469,43.766209,40.34726
1103364096,52881.0,-0.000826,0.038662,0.00109,-1.125,0.0,0.9151,0.911,0.002772,0.003747,0.004454,36.956032,30.92897
1104150528,52892.2,-0.009914,0.041363,0.001138,-1.164062,0.0,0.9149,0.9106,0.002761,0.003232,0.003564,38.795326,33.09446
1104936960,52873.7,0.004527,0.061051,0.001343,-1.109375,0.0,0.9139,0.9091,0.002676,0.003448,0.004624,38.869133,31.99317
1105723392,52884.5,-0.000271,0.039218,0.001167,-1.210938,0.0,0.9135,0.9092,0.002565,0.003269,0.004551,40.220478,35.251396
1106509824,52895.6,0.004253,0.04957,0.001174,-1.21875,0.0,0.9133,0.9088,0.002585,0.003392,0.00517,42.209396,36.694592
1107296256,52867.2,0.000647,0.046525,0.001121,-1.210938,0.0,0.913,0.9084,0.002341,0.003782,0.003924,36.59729,29.472855
1108082688,52877.3,-0.002116,0.048276,0.001059,-1.226562,0.0,0.9125,0.9072,0.003329,0.004492,0.005285,38.786041,30.503429
1108869120,52887.7,0.00593,0.041314,0.001037,-1.234375,0.0,0.9124,0.9068,0.00282,0.004225,0.004707,37.678558,29.370083
1109655552,52898.0,0.002498,0.042429,0.001079,-1.21875,0.0,0.9119,0.9053,0.00245,0.003106,0.003924,36.64217,30.254232
1110441984,52883.4,0.001899,0.047375,0.001122,-1.210938,0.0,0.9124,0.9058,0.002407,0.003364,0.00455,41.993053,36.250687
1111228416,52894.3,0.00374,0.041637,0.001035,-1.203125,0.0,0.9131,0.9064,0.002526,0.003968,0.004724,43.164318,38.278687
1112014848,52905.8,-0.004829,0.035128,0.001132,-1.195312,0.0,0.913,0.9069,0.001955,0.003698,0.003581,40.329288,32.199951
1112801280,52888.4,0.005149,0.050175,0.001193,-1.195312,0.0,0.9132,0.908,0.002077,0.003165,0.003515,40.702065,30.730255
1113587712,52899.7,-0.002237,0.045593,0.001211,-1.226562,0.0,0.9141,0.909,0.003078,0.002879,0.003664,40.537941,32.701935
1114374144,52910.0,-0.010987,0.042374,0.001233,-1.234375,0.0,0.9155,0.9107,0.003145,0.00352,0.004367,42.380634,35.222927
1115160576,52921.1,-0.003214,0.042633,0.001173,-1.25,0.0,0.9167,0.9126,0.002606,0.002932,0.003852,44.314461,38.229065
1115947008,52908.1,0.000628,0.041847,0.001152,-1.210938,0.0,0.9178,0.9146,0.002558,0.002959,0.004045,38.080215,28.935329
1116733440,52918.7,-0.003532,0.032692,0.001091,-1.234375,0.0,0.9202,0.9185,0.002842,0.003271,0.00425,38.49398,30.041174
1117519872,52929.4,0.002597,0.033295,0.001128,-1.265625,0.0,0.9217,0.9216,0.00312,0.003119,0.00377,38.200474,29.83403
1118306304,52912.0,-0.002091,0.03891,0.001077,-1.265625,0.0,0.9238,0.9249,0.002599,0.002855,0.003882,39.545868,31.451996
1119092736,52923.3,0.001124,0.053788,0.001086,-1.257812,0.0,0.9251,0.9267,0.003196,0.003998,0.005022,47.27771,39.785591
1119879168,52934.6,9e-06,0.052447,0.001189,-1.265625,0.0,0.9249,0.9259,0.002579,0.00369,0.005089,45.967243,40.404865
1120665600,52945.9,-0.00591,0.041806,0.001201,-1.179688,0.0,0.9242,0.9245,0.003339,0.004007,0.004915,39.794548,30.357214
1121452032,52931.0,0.003258,0.058894,0.001192,-1.148438,0.0,0.9248,0.925,0.002827,0.003735,0.003923,42.414009,36.126999
1122238464,52942.1,-0.00282,0.052791,0.001308,-1.15625,0.0,0.9254,0.9245,0.002382,0.00416,0.004626,41.546371,34.889389
1123024896,52953.3,0.001236,0.054232,0.001285,-1.101562,0.0,0.9263,0.9251,0.002409,0.004385,0.004596,42.145233,38.156544
1123811328,52934.8,-0.002041,0.047519,0.001242,-1.101562,0.0,0.9276,0.9267,0.002388,0.003279,0.003288,46.996872,57.223282
1124597760,52945.4,0.001423,0.058456,0.001264,-1.148438,0.0,0.9289,0.9278,0.002766,0.003441,0.004819,37.85442,32.46209
1125384192,52955.6,-0.001343,0.038474,0.001061,-1.15625,0.0,0.9313,0.9309,0.002978,0.003733,0.005084,37.646179,31.313055
1126170624,52966.1,0.001789,0.041335,0.001106,-1.21875,0.0,0.932,0.932,0.003121,0.002973,0.004781,38.38385,31.694469
1126957056,52948.9,-0.006588,0.039261,0.0012,-1.179688,0.0,0.9317,0.9316,0.002763,0.002931,0.003834,41.018372,34.876598
1127743488,52959.6,-0.005766,0.029803,0.001183,-1.179688,0.0,0.9334,0.9341,0.002545,0.003323,0.0037,44.429909,40.796082
1128529920,52970.2,-0.001058,0.035714,0.001125,-1.195312,0.0,0.9351,0.9363,0.00206,0.002812,0.00368,39.188519,32.496094
1129316352,52980.9,-0.000519,0.031122,0.00127,-1.242188,0.0,0.9363,0.9378,0.002037,0.002458,0.003179,41.982731,34.049923
1130102784,52964.9,-0.001763,0.044545,0.001258,-1.195312,0.0,0.9376,0.9401,0.002045,0.002367,0.003252,42.277866,32.683685
1130889216,52975.4,-0.000148,0.041006,0.001222,-1.203125,0.0,0.939,0.9419,0.001872,0.002865,0.003203,43.065765,35.568974
1131675648,52986.2,0.000525,0.043849,0.001092,-1.21875,0.0,0.9405,0.944,0.002837,0.003403,0.004573,39.394028,33.09515
1132462080,52975.0,-0.001668,0.041179,0.001097,-1.210938,0.0,0.9408,0.944,0.002387,0.00355,0.003532,38.042015,30.046871
1133248512,52986.3,-0.000933,0.036299,0.001055,-1.210938,0.0,0.9414,0.9445,0.002581,0.003938,0.004184,41.907341,33.785545
1134034944,52996.9,-5.6e-05,0.037674,0.001017,-1.210938,0.0,0.9427,0.9458,0.002681,0.003746,0.004363,37.849449,30.587309
1134821376,53008.1,-0.007143,0.032687,0.001176,-1.210938,0.0,0.9442,0.9478,0.002364,0.003234,0.003837,39.874233,31.679974
1135607808,52991.5,-0.003533,0.039318,0.001172,-1.210938,0.0,0.9448,0.9492,0.002198,0.002562,0.003262,42.941166,35.875881
1136394240,53002.1,0.001105,0.029812,0.001194,-1.257812,0.0,0.9452,0.9506,0.002095,0.002658,0.003435,42.105518,36.245628
1137180672,53012.5,-0.00231,0.028999,0.001175,-1.265625,0.0,0.9457,0.9523,0.002422,0.002415,0.003324,39.422394,30.162077
1137967104,53001.1,-0.006034,0.038522,0.001144,-1.265625,0.0,0.9462,0.953,0.002487,0.002603,0.003451,39.674088,29.763922
1138753536,53012.1,0.005007,0.046342,0.001097,-1.265625,0.0,0.9472,0.9537,0.002362,0.002967,0.004346,39.23357,30.055634
1139539968,53022.9,-0.006004,0.034695,0.00111,-1.25,0.0,0.948,0.9541,0.002781,0.003307,0.004771,36.043148,28.105404
1140326400,53033.5,-0.006174,0.033126,0.001255,-1.234375,0.0,0.9495,0.9562,0.00274,0.002757,0.00448,42.901382,35.20491
1141112832,53013.5,-0.003301,0.042108,0.001131,-1.234375,0.0,0.9504,0.9577,0.002283,0.002937,0.004266,37.810104,29.738348
1141899264,53024.5,-0.008231,0.024118,0.001172,-1.273438,0.0,0.9516,0.9596,0.002331,0.003321,0.003949,40.275051,31.976782
1142685696,53035.6,-0.004443,0.029264,0.001149,-1.28125,0.0,0.9527,0.9617,0.002467,0.002955,0.004109,38.612061,28.431656
1143472128,53018.9,-0.003681,0.036548,0.001115,-1.234375,0.0,0.9535,0.9635,0.002671,0.003007,0.003346,40.868065,31.360268
1144258560,53030.0,-0.006137,0.04083,0.001242,-1.265625,0.0,0.9544,0.9655,0.002749,0.00431,0.004382,41.612648,34.784866
1145044992,53040.9,-0.003275,0.031494,0.001161,-1.273438,0.0,0.9552,0.9678,0.00295,0.00383,0.004297,44.470413,39.236794
1145831424,53048.9,-0.00186,0.037118,0.001176,-1.28125,0.0,0.9555,0.9687,0.00247,0.002752,0.00412,38.130028,28.75086
1146617856,53027.2,-0.000445,0.044478,0.001238,-1.226562,0.0,0.9558,0.969,0.00275,0.002967,0.003905,38.885105,30.273647
1147404288,53037.8,-0.000341,0.033363,0.000931,-1.203125,0.0,0.9576,0.9715,0.002262,0.003149,0.004422,39.997444,30.898933
1148190720,53048.3,0.00113,0.031769,0.001057,-1.265625,0.0,0.9588,0.9738,0.002492,0.002846,0.003509,36.501896,29.109402
1148977152,53034.9,-0.003085,0.034708,0.000918,-1.28125,0.0,0.9597,0.9754,0.002316,0.003041,0.003689,48.187717,46.035595
1149763584,53045.3,-0.003812,0.032317,0.001068,-1.328125,0.0,0.96,0.9761,0.003187,0.003054,0.004546,34.393795,25.48695
1150550016,53054.1,-0.001988,0.029098,0.001111,-1.328125,0.0,0.9598,0.9758,0.002771,0.003184,0.00442,38.223732,27.768873
1151336448,53065.0,-0.001075,0.030759,0.001075,-1.335938,0.0,0.96,0.9765,0.002902,0.003675,0.004559,36.734283,26.765371
1152122880,53045.7,-0.004222,0.032612,0.001064,-1.296875,0.0,0.9602,0.9771,0.002119,0.002669,0.003853,36.783878,27.610418
1152909312,53056.5,0.001582,0.030304,0.001068,-1.3125,0.0,0.9607,0.9786,0.004341,0.00283,0.005063,38.217255,29.8953
1153695744,53066.8,-0.004247,0.030828,0.001037,-1.320312,0.0,0.9606,0.9787,0.003041,0.003258,0.004766,38.895702,31.338894
1154482176,53077.6,0.00057,0.036953,0.000994,-1.28125,0.0,0.9615,0.9805,0.002952,0.003469,0.004747,37.416706,28.106367
1155268608,53062.2,-0.003113,0.053909,0.00101,-1.195312,0.0,0.962,0.9813,0.002671,0.003642,0.005036,36.976223,29.411596
1156055040,53072.9,-0.002714,0.033606,0.000989,-1.203125,0.0,0.9621,0.9812,0.002754,0.003398,0.004739,37.355495,31.299162
1156841472,53083.0,0.001942,0.037415,0.000959,-1.179688,0.0,0.9632,0.9827,0.002471,0.003762,0.00441,39.007465,32.295952
1157627904,53061.9,-0.00064,0.051306,0.000979,-1.164062,0.0,0.9638,0.9827,0.002712,0.003139,0.004382,39.730877,37.910946
1158414336,53072.8,-0.005303,0.048097,0.001133,-1.1875,0.0,0.9641,0.983,0.002767,0.004947,0.004881,38.073051,32.058208
1159200768,53083.7,-0.004219,0.042565,0.001241,-1.195312,0.0,0.9646,0.9837,0.002347,0.003452,0.004813,38.011921,31.114208
1159987200,53094.9,-0.002558,0.038017,0.00104,-1.195312,0.0,0.9649,0.9841,0.002704,0.003407,0.003927,38.336197,30.971569
1160773632,53074.7,-0.003244,0.054163,0.001211,-1.25,0.0,0.9652,0.9847,0.002431,0.003735,0.00419,40.593334,32.560143
1161560064,53085.4,-0.00066,0.03811,0.001093,-1.242188,0.0,0.9647,0.9838,0.002533,0.0038,0.004142,44.09409,36.509575
1162346496,53096.0,-0.001372,0.039928,0.001062,-1.226562,0.0,0.9648,0.9831,0.002616,0.003358,0.004099,42.077026,32.880295
1163132928,53072.0,-0.001614,0.038745,0.001136,-1.226562,0.0,0.9645,0.9825,0.001854,0.002767,0.003705,36.94939,31.022055
1163919360,53082.6,-0.002617,0.036153,0.001149,-1.203125,0.0,0.9644,0.9825,0.002297,0.002787,0.003716,40.163506,32.869919
1164705792,53093.3,-0.003791,0.033087,0.001058,-1.210938,0.0,0.9641,0.9821,0.001984,0.002872,0.003697,38.833958,32.484131
1165492224,53104.0,-0.004196,0.029149,0.001038,-1.226562,0.0,0.9644,0.983,0.002282,0.00323,0.004014,41.438408,35.300011
1166278656,53085.0,-0.001046,0.041525,0.001043,-1.226562,0.0,0.9646,0.9832,0.002525,0.004213,0.004371,41.128948,31.53669
1167065088,53095.9,-2.6e-05,0.029321,0.001021,-1.226562,0.0,0.9644,0.9831,0.002285,0.003487,0.004283,40.085785,31.784634
1167851520,53106.3,-0.001037,0.036143,0.001028,-1.210938,0.0,0.9641,0.9825,0.00243,0.003138,0.003832,39.261189,30.579483
1168637952,53087.2,-0.002482,0.037428,0.001063,-1.242188,0.0,0.9639,0.9819,0.002126,0.002921,0.003773,36.18581,29.290579
1169424384,53096.0,0.000525,0.03759,0.001061,-1.257812,0.0,0.9638,0.9811,0.002945,0.002896,0.004102,41.744015,33.784065
1170210816,53106.5,-0.003147,0.036938,0.001017,-1.21875,0.0,0.9638,0.981,0.002339,0.002449,0.00379,42.172035,35.428326
1170997248,53116.5,-0.001925,0.032353,0.001027,-1.242188,0.0,0.9639,0.9807,0.00194,0.002713,0.003657,40.229134,32.87249
1171783680,53098.7,0.001331,0.044882,0.001148,-1.226562,0.0,0.9638,0.9807,0.002059,0.002546,0.003164,39.168125,30.412527
1172570112,53109.5,0.006021,0.035428,0.001016,-1.25,0.0,0.9636,0.9806,0.002413,0.002907,0.003523,42.149502,34.434097
1173356544,53120.3,-0.007954,0.026974,0.001017,-1.257812,0.0,0.9635,0.9806,0.002282,0.002773,0.003598,41.027786,32.519958
1174142976,53105.9,0.00045,0.031121,0.001005,-1.242188,0.0,0.9635,0.9812,0.002108,0.003043,0.00313,53.187355,52.321304
1174929408,53116.5,-0.004247,0.037745,0.001035,-1.21875,0.0,0.9636,0.9814,0.002383,0.003902,0.003499,40.533829,31.212797
1175715840,53127.1,-0.000634,0.042316,0.001155,-1.265625,0.0,0.9633,0.9807,0.001981,0.003236,0.003381,41.972023,33.437027
1176502272,53137.8,0.006702,0.035851,0.001069,-1.257812,0.0,0.963,0.9804,0.002394,0.003595,0.003578,40.493332,31.258789
1177288704,53124.1,-0.001872,0.043685,0.001054,-1.289062,0.0,0.9626,0.9799,0.00213,0.002441,0.002873,37.616749,29.57843
1178075136,53135.0,-0.008377,0.031099,0.001116,-1.34375,0.0,0.9616,0.9786,0.002689,0.00355,0.003735,41.203297,33.115738
1178861568,53145.8,-0.001945,0.029291,0.001063,-1.34375,0.0,0.9608,0.9776,0.002845,0.003446,0.003796,42.197788,34.135918
1179648000,53155.5,0.000218,0.024046,0.001029,-1.28125,0.0,0.9593,0.9768,0.002897,0.003228,0.003766,37.716988,27.430935
1180434432,53141.4,-0.006335,0.05501,0.000937,-1.242188,0.0,0.959,0.9765,0.003318,0.005483,0.004176,39.534664,29.890396
1181220864,53151.9,0.001073,0.047472,0.001042,-1.289062,0.0,0.958,0.9748,0.002073,0.004749,0.003795,37.06707,29.585434
1182007296,53162.5,-0.000674,0.043859,0.001089,-1.257812,0.0,0.9569,0.9734,0.002789,0.004143,0.004124,42.659782,33.594418
1182793728,53149.9,-0.003367,0.052871,0.000953,-1.226562,0.0,0.9567,0.973,0.001884,0.003286,0.003551,48.339317,42.595493
1183580160,53160.7,-0.007728,0.044045,0.001102,-1.257812,0.0,0.9567,0.9736,0.00264,0.003644,0.003268,38.627808,30.023037
1184366592,53171.0,0.002353,0.048081,0.001131,-1.25,0.0,0.957,0.974,0.002771,0.003231,0.003627,38.055939,29.507599
1185153024,53182.0,0.001732,0.037402,0.001167,-1.234375,0.0,0.9571,0.9742,0.002152,0.003077,0.003362,41.404171,31.804966
1185939456,53170.3,0.001614,0.045238,0.001107,-1.234375,0.0,0.9581,0.9757,0.002862,0.002984,0.003892,37.840176,30.6325
1186725888,53180.5,-0.007001,0.034795,0.001086,-1.273438,0.0,0.9583,0.9754,0.002471,0.003026,0.00406,40.929512,34.35437
1187512320,53190.6,-0.0008,0.039711,0.001078,-1.265625,0.0,0.9587,0.9758,0.002236,0.003314,0.004421,39.883877,31.290028
1188298752,53175.9,-0.003356,0.045576,0.001194,-1.257812,0.0,0.959,0.9756,0.002893,0.003075,0.003723,38.892895,30.539211
1189085184,53185.6,-0.003457,0.043079,0.001051,-1.28125,0.0,0.9592,0.9758,0.002427,0.003142,0.003671,40.716152,31.896679
1189871616,53196.2,-0.00316,0.037081,0.001112,-1.296875,0.0,0.9593,0.9759,0.002509,0.003393,0.003658,41.553066,32.341164
1190658048,53206.4,-0.003076,0.033022,0.00106,-1.242188,0.0,0.9592,0.9757,0.001964,0.002498,0.003132,42.35677,33.719212
1191444480,53188.3,-0.004814,0.043448,0.001078,-1.242188,0.0,0.9592,0.9759,0.002602,0.002771,0.003002,39.059589,29.371471
1192230912,53199.2,0.00041,0.038893,0.001158,-1.273438,0.0,0.9585,0.9746,0.002782,0.002805,0.003469,42.005203,31.429815
1193017344,53208.4,-0.001739,0.032865,0.001195,-1.28125,0.0,0.958,0.9736,0.003165,0.003206,0.004388,40.17487,31.001492
1193803776,53186.4,-0.005577,0.040785,0.001211,-1.3125,0.0,0.9585,0.9739,0.002078,0.002311,0.003151,39.554893,29.170601
1194590208,53197.1,-0.00314,0.039625,0.001131,-1.265625,0.0,0.9585,0.973,0.002545,0.003932,0.003763,40.332783,31.140341
1195376640,53206.4,-0.004845,0.040037,0.001202,-1.273438,0.0,0.9588,0.9726,0.002375,0.003555,0.003977,43.055336,35.642624
1196163072,53217.2,-0.008427,0.036494,0.001192,-1.320312,0.0,0.9587,0.9724,0.002215,0.003288,0.003966,38.657192,29.720226
1196949504,53194.1,-0.000153,0.049365,0.001177,-1.289062,0.0,0.9587,0.9724,0.002195,0.004031,0.003744,42.025192,31.956747
1197735936,53205.3,-0.008619,0.02955,0.001142,-1.25,0.0,0.9592,0.973,0.002003,0.00269,0.003409,39.37624,30.058249
1198522368,53216.3,-0.000159,0.035156,0.001147,-1.257812,0.0,0.9594,0.9734,0.001885,0.003045,0.003627,40.657024,31.195293
1199308800,53187.3,-0.002057,0.040277,0.001098,-1.28125,0.0,0.9604,0.9747,0.00199,0.002673,0.003244,49.056198,46.440559
1200095232,53198.0,-0.004409,0.039406,0.001016,-1.296875,0.0,0.9617,0.9762,0.002448,0.003714,0.004514,39.964714,29.347769
1200881664,53208.5,0.006856,0.042391,0.00101,-1.3125,0.0,0.9633,0.9775,0.002287,0.002829,0.003856,41.330524,31.408104
1201668096,53219.1,-0.000681,0.032201,0.000992,-1.296875,0.0,0.9645,0.9795,0.002239,0.002967,0.003762,39.758541,29.494778
1202454528,53204.1,-0.01037,0.042083,0.001056,-1.3125,0.0,0.9656,0.9813,0.002757,0.002883,0.003732,38.997532,29.644924
1203240960,53214.5,-0.000675,0.041908,0.001135,-1.304688,0.0,0.9667,0.9823,0.002413,0.003593,0.004207,42.290184,32.920666
1204027392,53224.7,2.1e-05,0.038626,0.001018,-1.289062,0.0,0.9669,0.9821,0.002596,0.003509,0.00485,41.440228,33.635132
1204813824,53235.2,-0.002836,0.027557,0.001031,-1.289062,0.0,0.9671,0.9824,0.002337,0.003672,0.003872,38.597382,28.737951
1205600256,53219.0,-0.008069,0.036069,0.001017,-1.273438,0.0,0.9671,0.9825,0.002758,0.003695,0.00444,37.361099,28.787212
1206386688,53229.2,0.00064,0.031153,0.001163,-1.242188,0.0,0.9665,0.9821,0.002674,0.00299,0.003838,38.990574,30.61891
1207173120,53239.9,-0.005907,0.028825,0.001076,-1.25,0.0,0.9664,0.9827,0.002837,0.002974,0.004312,41.192066,33.065125
1207959552,53226.6,0.001803,0.032351,0.001106,-1.171875,0.0,0.9664,0.9832,0.002954,0.002557,0.004232,43.19725,39.768005
1208745984,53237.5,-0.002174,0.032872,0.001102,-1.171875,0.0,0.9666,0.9838,0.002134,0.003129,0.004197,38.896019,32.400177
1209532416,53248.4,0.002585,0.03742,0.001048,-1.195312,0.0,0.9668,0.9841,0.002422,0.00257,0.003726,40.391209,32.94725
1210318848,53259.4,-0.002516,0.0252,0.001088,-1.25,0.0,0.967,0.9846,0.002349,0.002569,0.003436,37.663372,29.926403
1211105280,53235.4,-0.00466,0.05614,0.001148,-1.226562,0.0,0.9672,0.9848,0.002733,0.003242,0.004587,44.648701,36.057331
1211891712,53245.9,-0.002774,0.04446,0.001265,-1.21875,0.0,0.9677,0.9851,0.002632,0.003195,0.004671,43.290283,36.476585
1212678144,53256.7,-0.006677,0.047447,0.001185,-1.21875,0.0,0.9686,0.9861,0.002929,0.003498,0.004632,43.703579,37.273712
1213464576,53242.5,-0.003987,0.057661,0.001246,-1.132812,0.0,0.969,0.9862,0.002203,0.003375,0.003739,42.478867,35.001358
1214251008,53253.0,-0.000893,0.05141,0.001139,-1.140625,0.0,0.9689,0.9857,0.002452,0.002973,0.003506,43.169079,36.827209
1215037440,53263.5,0.004643,0.045993,0.001189,-1.132812,0.0,0.9688,0.9857,0.002217,0.002739,0.003775,43.569393,37.687832
1215823872,53273.7,-0.003782,0.036528,0.001115,-1.140625,0.0,0.9687,0.9859,0.00234,0.002667,0.003366,43.365627,38.273197
1216610304,53251.3,-0.002023,0.055307,0.001256,-1.132812,0.0,0.9689,0.986,0.002081,0.002875,0.003714,42.729752,39.981602
1217396736,53261.7,-0.002321,0.041389,0.001137,-1.148438,0.0,0.9681,0.9843,0.002007,0.003133,0.004592,41.109402,35.170467
1218183168,53270.7,-0.000758,0.033197,0.001152,-1.210938,0.0,0.9677,0.984,0.001932,0.00282,0.003562,39.004379,32.952278
1218969600,53255.8,-0.009008,0.042954,0.00123,-1.195312,0.0,0.9677,0.9835,0.001912,0.00303,0.003741,35.651325,27.950176
1219756032,53263.4,-0.006927,0.037901,0.001141,-1.1875,0.0,0.9674,0.9831,0.00259,0.002902,0.003851,40.96032,33.800621
1220542464,53272.8,-0.006015,0.038919,0.0012,-1.226562,0.0,0.9674,0.9833,0.002257,0.003305,0.003909,42.55228,37.000023
1221328896,53282.1,-0.000772,0.0414,0.001197,-1.210938,0.0,0.967,0.9826,0.00256,0.003232,0.004081,38.806919,31.599989
1222115328,53266.5,-0.003804,0.044425,0.00121,-1.203125,0.0,0.9667,0.982,0.003778,0.002645,0.003575,40.806107,32.987686
1222901760,53277.3,-0.003438,0.041599,0.001305,-1.210938,0.0,0.9667,0.982,0.002491,0.003406,0.003766,39.903233,32.697037
1223688192,53288.1,-0.001056,0.03285,0.001314,-1.179688,0.0,0.9667,0.9822,0.003473,0.002832,0.003818,38.78614,31.450722
1224474624,53270.1,0.003241,0.038674,0.001235,-1.242188,0.0,0.9666,0.9824,0.002409,0.002131,0.00301,45.296062,45.153419
1225261056,53280.6,0.004812,0.036492,0.001173,-1.226562,0.0,0.9662,0.9812,0.0028,0.003778,0.004581,37.69017,29.593275
1226047488,53291.0,-0.002756,0.033408,0.001083,-1.242188,0.0,0.9657,0.9799,0.00211,0.003372,0.003362,37.620468,30.162619
1226833920,53301.3,0.001613,0.0285,0.001118,-1.25,0.0,0.9652,0.9785,0.002888,0.003476,0.004243,37.158455,29.464294
1227620352,53281.8,-0.003956,0.043636,0.001126,-1.210938,0.0,0.965,0.978,0.002437,0.003338,0.003989,38.858585,31.752783
1228406784,53292.5,0.001965,0.038929,0.001215,-1.234375,0.0,0.9652,0.9784,0.00282,0.003267,0.00404,39.841595,34.847977
1229193216,53301.6,0.001421,0.032239,0.001094,-1.226562,0.0,0.9646,0.9777,0.002389,0.002984,0.003338,40.459835,34.772499
1229979648,53312.0,-0.00387,0.036002,0.001049,-1.226562,0.0,0.9644,0.9778,0.002298,0.003,0.003736,38.118046,29.857916
1230766080,53295.6,-0.010978,0.044659,0.001149,-1.265625,0.0,0.964,0.9775,0.003126,0.003227,0.004105,38.405716,30.59075
1231552512,53305.0,0.001708,0.03144,0.001112,-1.25,0.0,0.9633,0.9769,0.002383,0.002758,0.003872,38.165947,29.296227
1232338944,53314.8,-0.000763,0.03306,0.001188,-1.226562,0.0,0.9633,0.9778,0.002698,0.002904,0.003916,37.475403,29.759893
1233125376,53295.0,-0.001223,0.040995,0.001113,-1.21875,0.0,0.9629,0.9778,0.002375,0.002993,0.003871,38.662315,33.251781
1233911808,53304.8,-0.000259,0.032432,0.001029,-1.265625,0.0,0.9631,0.9786,0.002167,0.003073,0.003736,36.90324,29.594879
1234698240,53314.7,-0.001485,0.027632,0.00103,-1.25,0.0,0.9629,0.9786,0.002338,0.00292,0.00414,36.597122,27.923315
1235484672,53325.0,-0.005095,0.030969,0.00109,-1.226562,0.0,0.963,0.979,0.002384,0.003775,0.003763,37.594051,29.497059
1236271104,53313.5,0.000208,0.043004,0.001027,-1.195312,0.0,0.9634,0.98,0.002172,0.00293,0.003792,39.294399,32.542076
1237057536,53324.0,-0.002419,0.033219,0.001078,-1.210938,0.0,0.9634,0.9814,0.002419,0.003295,0.003566,39.129444,32.739571
1237843968,53334.4,0.000555,0.029962,0.000994,-1.210938,0.0,0.9637,0.9823,0.002085,0.002881,0.003842,42.115185,35.219715
1238630400,53319.3,-0.001274,0.040772,0.001082,-1.195312,0.0,0.9637,0.9823,0.002011,0.00248,0.003461,35.311024,28.922293
1239416832,53329.4,-0.001181,0.03518,0.000993,-1.179688,0.0,0.9636,0.9828,0.00242,0.003631,0.00428,36.658657,29.903641
1240203264,53339.6,-0.000142,0.039218,0.001046,-1.15625,0.0,0.9637,0.9831,0.002178,0.003375,0.004363,35.875546,30.085129
1240989696,53349.6,0.002233,0.035249,0.001004,-1.179688,0.0,0.9638,0.9838,0.002505,0.003251,0.00429,36.048203,31.328573
1241776128,53338.8,-0.000683,0.048242,0.001043,-1.171875,0.0,0.9642,0.9847,0.002199,0.002558,0.003583,42.882614,40.858002
1242562560,53347.6,-0.005287,0.041667,0.000956,-1.21875,0.0,0.9641,0.9851,0.002352,0.00355,0.003868,37.11311,29.569378
1243348992,53358.1,-0.000828,0.028526,0.000953,-1.21875,0.0,0.964,0.9857,0.002243,0.002763,0.004329,36.212868,29.341841
1244135424,53343.1,0.001241,0.038528,0.001002,-1.195312,0.0,0.9637,0.9861,0.002048,0.00277,0.00361,34.855942,26.19957
1244921856,53352.0,-0.004629,0.03523,0.000981,-1.226562,0.0,0.9639,0.9864,0.002349,0.003514,0.004573,37.992764,30.209225
1245708288,53361.9,-0.003756,0.033358,0.000971,-1.21875,0.0,0.9647,0.9877,0.002324,0.002841,0.003921,39.076145,34.679939
1246494720,53371.9,-0.005586,0.032678,0.000981,-1.210938,0.0,0.9649,0.988,0.002515,0.003064,0.003193,39.092216,31.328609
1247281152,53357.4,-0.000794,0.045283,0.001023,-1.21875,0.0,0.9656,0.9888,0.002293,0.003195,0.004209,38.065601,30.709751
1248067584,53367.4,-0.002111,0.036651,0.001037,-1.1875,0.0,0.9659,0.9893,0.002237,0.003234,0.004124,35.8311,29.442465
1248854016,53378.0,-0.000459,0.037196,0.001002,-1.171875,0.0,0.9658,0.9887,0.002786,0.003652,0.004224,40.539181,34.907059
1249640448,53366.7,0.001834,0.04726,0.00116,-1.171875,0.0,0.9663,0.9894,0.002259,0.003724,0.003362,47.395393,47.400215
1250426880,53376.5,-0.011508,0.034156,0.001086,-1.140625,0.0,0.9665,0.9893,0.003206,0.003558,0.005448,41.293247,34.027832
1251213312,53386.7,-0.004507,0.029439,0.001094,-1.125,0.0,0.9667,0.9886,0.002695,0.002797,0.004335,41.643265,35.797745
1251999744,53397.0,-0.004947,0.025054,0.001103,-1.140625,0.0,0.967,0.9886,0.002493,0.002385,0.003669,40.659634,34.116512
1252786176,53382.9,0.00112,0.038828,0.001051,-1.171875,0.0,0.9673,0.9891,0.001734,0.002382,0.003191,43.651581,36.572304
1253572608,53393.4,-0.002896,0.029981,0.001061,-1.164062,0.0,0.9675,0.9897,0.002464,0.003704,0.004349,43.001846,38.279938
1254359040,53403.8,0.000498,0.035234,0.001018,-1.15625,0.0,0.9678,0.9904,0.002376,0.003248,0.003329,41.81942,37.37624
1255145472,53414.2,-0.002026,0.033756,0.001107,-1.164062,0.0,0.9683,0.9914,0.002481,0.003016,0.003624,42.575905,36.801758
1255931904,53398.7,-0.000435,0.051299,0.001128,-1.179688,0.0,0.9684,0.9915,0.0023,0.003282,0.004023,39.32719,32.153881
1256718336,53408.9,-0.002613,0.03823,0.001075,-1.148438,0.0,0.9682,0.9906,0.002599,0.003321,0.004992,38.735607,32.176994
1257504768,53419.2,-0.007375,0.030369,0.001143,-1.15625,0.0,0.9685,0.9909,0.002564,0.003035,0.004073,38.142124,32.705353
1258291200,53407.6,-0.006956,0.037161,0.001044,-1.148438,0.0,0.969,0.9914,0.00231,0.002809,0.003915,41.337894,38.693787
1259077632,53417.8,-0.004502,0.029466,0.001111,-1.164062,0.0,0.9691,0.9911,0.001628,0.002689,0.003985,37.551086,32.071144
1259864064,53428.1,-0.003207,0.020694,0.001062,-1.15625,0.0,0.9696,0.992,0.001862,0.002201,0.003704,40.65625,34.539192
1260650496,53438.3,0.000353,0.02761,0.001071,-1.1875,0.0,0.9703,0.9931,0.001992,0.003035,0.003404,38.939346,31.984089
1261436928,53420.0,-0.003558,0.04064,0.001145,-1.1875,0.0,0.9705,0.9935,0.00217,0.002659,0.00361,39.46344,31.826324
1262223360,53430.1,-0.005869,0.030442,0.001125,-1.203125,0.0,0.9705,0.9933,0.001758,0.002133,0.0032,41.013309,34.657303
1263009792,53439.7,-0.00246,0.029465,0.001052,-1.21875,0.0,0.9711,0.994,0.002353,0.002182,0.005042,39.220547,34.595455
1263796224,53423.7,-0.006812,0.031521,0.001083,-1.226562,0.0,0.9714,0.9942,0.002177,0.002097,0.002997,39.679974,33.743282
1264582656,53433.5,-0.004811,0.022745,0.000932,-1.210938,0.0,0.9721,0.9952,0.002009,0.003033,0.003258,40.895203,32.907829
1265369088,53443.1,-0.007601,0.022791,0.000983,-1.1875,0.0,0.9726,0.9959,0.002427,0.002707,0.003133,40.545238,33.972012
1266155520,53452.6,-0.002827,0.027738,0.000956,-1.226562,0.0,0.9731,0.9965,0.002619,0.002737,0.002939,39.360893,32.385498
1266941952,53435.0,-0.005783,0.04236,0.000991,-1.21875,0.0,0.973,0.9961,0.002437,0.003001,0.004493,46.413925,39.6912
1267728384,53443.8,-0.003458,0.041628,0.001037,-1.210938,0.0,0.973,0.9955,0.002323,0.003431,0.004851,40.027233,32.204784
1268514816,53453.6,0.001047,0.032928,0.001125,-1.210938,0.0,0.973,0.9948,0.002297,0.00288,0.004145,38.838703,32.056419
1269301248,53438.9,-0.007961,0.039066,0.001067,-1.1875,0.0,0.9731,0.9947,0.002006,0.003317,0.003686,37.027153,30.08618
1270087680,53448.6,0.003279,0.030858,0.001038,-1.117188,0.0,0.9734,0.9963,0.002283,0.00244,0.003252,39.061775,35.411949
1270874112,53458.3,-0.00449,0.022352,0.001041,-1.09375,0.0,0.9739,0.9979,0.002064,0.002597,0.003326,40.441208,37.907707
1271660544,53468.1,-0.001589,0.024439,0.001047,-1.125,0.0,0.9741,0.9992,0.002043,0.002317,0.00304,35.535324,34.304222
1272446976,53453.3,-0.001339,0.041703,0.001084,-1.125,0.0,0.9739,0.9988,0.002103,0.002381,0.003485,37.307659,32.339424
1273233408,53463.1,-0.001991,0.027951,0.00103,-1.15625,0.0,0.9741,0.9992,0.002118,0.002468,0.003167,38.565052,32.759373
1274019840,53473.1,-0.002531,0.029475,0.001064,-1.203125,0.0,0.9738,0.9985,0.001818,0.002578,0.003492,36.919178,30.960983
1274806272,53459.6,-0.000616,0.038456,0.001126,-1.203125,0.0,0.9739,0.999,0.001861,0.002231,0.003367,46.690037,43.370464
1275592704,53469.3,0.000402,0.027601,0.001199,-1.265625,0.0,0.9738,0.9994,0.003456,0.003098,0.004924,42.444996,37.075729
1276379136,53479.1,-0.003894,0.023095,0.001143,-1.21875,0.0,0.9736,0.9999,0.002302,0.002902,0.00338,39.987186,30.656223
1277165568,53489.1,-0.00188,0.032865,0.001163,-1.21875,0.0,0.9736,1.0,0.003861,0.003305,0.003344,39.427868,30.616833
1277952000,53473.3,-0.002534,0.047119,0.00127,-1.164062,0.0,0.9737,1.0009,0.002546,0.003425,0.004068,40.941399,33.291836
1278738432,53483.4,-0.001274,0.032538,0.001122,-1.203125,0.0,0.9736,1.0007,0.002112,0.003516,0.004442,41.833187,36.603031
1279524864,53493.4,-0.004199,0.032614,0.001184,-1.210938,0.0,0.9736,1.0007,0.002285,0.003685,0.004224,40.607391,34.377464
1280311296,53502.9,-0.000184,0.034146,0.001089,-1.21875,0.0,0.9736,1.0006,0.002417,0.002795,0.003616,39.74773,33.54615
1281097728,53490.9,-0.006131,0.045398,0.001071,-1.21875,0.0,0.9736,1.0005,0.002968,0.003486,0.004865,38.612698,31.91016
1281884160,53501.1,-0.001344,0.025968,0.001063,-1.195312,0.0,0.9738,1.0007,0.002201,0.003314,0.004033,40.911472,33.32547
1282670592,53510.7,-0.005025,0.02622,0.000977,-1.171875,0.0,0.9738,1.0007,0.002139,0.00301,0.004097,39.496567,32.783813
1283457024,53494.1,0.001683,0.033855,0.001119,-1.195312,0.0,0.9739,1.001,0.001791,0.002618,0.003066,46.107742,40.965115
1284243456,53503.9,-0.010562,0.024751,0.001161,-1.226562,0.0,0.9739,1.0015,0.001866,0.002404,0.002695,42.349686,33.440823
1285029888,53513.2,-0.012748,0.023267,0.000974,-1.210938,0.0,0.9739,1.0022,0.00208,0.002503,0.002664,41.327026,33.334213
1285816320,53522.9,-0.000296,0.025491,0.000998,-1.210938,0.0,0.9739,1.0028,0.002172,0.002805,0.003315,39.315506,32.235626
1286602752,53506.5,0.007174,0.054525,0.001032,-1.203125,0.0,0.9742,1.0035,0.002017,0.002666,0.003632,41.068562,32.702671
1287389184,53516.4,-0.004658,0.033273,0.001075,-1.21875,0.0,0.9743,1.0045,0.002457,0.003116,0.00394,42.658142,35.706905
1288175616,53524.0,0.00052,0.040363,0.001065,-1.210938,0.0,0.9744,1.0052,0.00201,0.002804,0.003711,42.168301,36.849915
1288962048,53503.7,8e-06,0.041253,0.001045,-1.179688,0.0,0.9744,1.0056,0.001791,0.003094,0.003313,39.508579,32.395065
1289748480,53513.0,-0.009484,0.034544,0.001057,-1.148438,0.0,0.9743,1.0051,0.001946,0.003086,0.003515,39.747955,33.482811
1290534912,53522.5,-0.00478,0.027234,0.001016,-1.171875,0.0,0.9746,1.0054,0.001988,0.002468,0.003106,39.837196,34.729221
1291321344,53532.0,-0.005324,0.021736,0.001017,-1.179688,0.0,0.9747,1.0055,0.001771,0.002176,0.003252,42.952526,35.537163
1292107776,53516.2,-0.001512,0.041091,0.001168,-1.1875,0.0,0.9747,1.0058,0.00143,0.00211,0.002769,45.091633,39.535019
1292894208,53525.8,-0.000103,0.030197,0.001098,-1.210938,0.0,0.975,1.0065,0.001679,0.002924,0.003621,41.095497,34.050404
1293680640,53535.4,-0.009333,0.026672,0.00109,-1.210938,0.0,0.9748,1.0066,0.001794,0.002884,0.003423,41.347572,33.920956
1294467072,53518.4,0.001041,0.034006,0.001152,-1.21875,0.0,0.9749,1.0071,0.001531,0.002338,0.003,37.32217,29.733625
1295253504,53528.6,2.1e-05,0.029035,0.001175,-1.226562,0.0,0.9743,1.0064,0.002025,0.0025,0.003166,38.597,32.142677
1296039936,53538.8,-0.000787,0.023449,0.001076,-1.1875,0.0,0.9735,1.0053,0.001989,0.002958,0.003201,40.220406,35.419399
1296826368,53549.1,-0.004787,0.024905,0.001137,-1.210938,0.0,0.973,1.0053,0.002159,0.00257,0.002779,40.788727,37.204052
1297612800,53529.6,-0.008368,0.032009,0.001033,-1.234375,0.0,0.972,1.0041,0.002152,0.0027,0.003764,35.278179,27.366064
1298399232,53538.5,0.002604,0.026905,0.001022,-1.21875,0.0,0.9718,1.0047,0.001964,0.002866,0.00396,34.143864,27.242422
1299185664,53547.6,-0.003841,0.028797,0.001158,-1.242188,0.0,0.9711,1.0046,0.001952,0.002741,0.00398,36.881653,29.575354
1299972096,53528.8,-0.005777,0.030452,0.001046,-1.234375,0.0,0.9707,1.0047,0.001773,0.002311,0.003646,43.303841,40.768654
1300758528,53538.1,-0.005872,0.034203,0.001045,-1.226562,0.0,0.9702,1.004,0.00199,0.003255,0.004024,43.214878,39.037964
1301544960,53548.0,-0.000223,0.034923,0.001307,-1.21875,0.0,0.9695,1.0036,0.00182,0.002616,0.003024,39.235954,31.126652
1302331392,53557.8,-0.000764,0.030534,0.001257,-1.257812,0.0,0.9689,1.0027,0.002108,0.002931,0.003719,38.653362,30.677593
1303117824,53542.3,-0.011372,0.034977,0.001109,-1.242188,0.0,0.9681,1.0019,0.001869,0.002575,0.002929,37.361526,29.375647
1303904256,53551.8,-0.005324,0.021243,0.000995,-1.257812,0.0,0.9679,1.002,0.002156,0.002291,0.002929,35.248592,29.022121
1304690688,53561.5,0.00398,0.026756,0.000987,-1.265625,0.0,0.9675,1.0018,0.001826,0.00244,0.003379,38.075237,31.382025
1305477120,53571.4,-0.002761,0.018922,0.001166,-1.25,0.0,0.9674,1.0021,0.001923,0.002749,0.003461,39.055161,30.251204
1306263552,53552.7,-0.002675,0.040738,0.001143,-1.265625,0.0,0.9674,1.0018,0.002364,0.002557,0.004273,36.000641,27.811584
1307049984,53562.0,-0.009009,0.032288,0.001081,-1.296875,0.0,0.9677,1.0027,0.001819,0.00245,0.003655,38.706646,29.707565
1307836416,53571.1,-1.7e-05,0.031472,0.001002,-1.265625,0.0,0.968,1.0033,0.002434,0.002837,0.004579,39.279747,30.257385
1308622848,53553.9,0.002,0.03454,0.001147,-1.265625,0.0,0.9685,1.0042,0.00197,0.002643,0.003466,40.776451,32.244179
1309409280,53563.2,-0.003425,0.02506,0.001152,-1.265625,0.0,0.9686,1.0044,0.002045,0.003083,0.003977,35.835991,27.784781
1310195712,53572.5,-0.001127,0.022288,0.000934,-1.25,0.0,0.9686,1.0042,0.00224,0.002762,0.003455,33.121407,26.045462
1310982144,53581.6,-0.006362,0.019533,0.000927,-1.257812,0.0,0.9686,1.0044,0.001802,0.00237,0.003169,33.907646,26.460463
1311768576,53564.5,-0.004561,0.042814,0.001035,-1.21875,0.0,0.9684,1.0032,0.002607,0.003371,0.004724,36.633408,28.212162
1312555008,53573.2,-0.007181,0.03787,0.001024,-1.234375,0.0,0.9684,1.002,0.002726,0.003142,0.00387,34.956573,28.619823
1313341440,53580.9,-0.006371,0.027845,0.000977,-1.242188,0.0,0.9681,1.0007,0.00208,0.003213,0.004037,36.360466,30.346403
1314127872,53561.1,-0.002213,0.042414,0.001037,-1.257812,0.0,0.9679,0.9997,0.002252,0.002845,0.003884,32.988384,25.631947
1314914304,53569.2,-0.002099,0.033593,0.000969,-1.242188,0.0,0.9682,0.9994,0.002516,0.003323,0.003944,34.818333,27.160482
1315700736,53578.7,0.00289,0.031329,0.000965,-1.265625,0.0,0.9696,1.0009,0.002291,0.003076,0.00379,36.805763,29.720564
1316487168,53588.0,-0.003306,0.028234,0.001147,-1.265625,0.0,0.9701,1.001,0.002009,0.002823,0.003655,36.150192,28.461552
1317273600,53573.9,0.004486,0.047054,0.001078,-1.289062,0.0,0.9708,1.0013,0.002657,0.003151,0.004185,38.042049,30.595764
1318060032,53583.3,-0.002827,0.026194,0.001088,-1.304688,0.0,0.9717,1.0013,0.003037,0.00334,0.003758,35.146999,26.652761
1318846464,53592.9,-0.009254,0.033643,0.001211,-1.273438,0.0,0.9721,1.0008,0.002715,0.004353,0.004095,35.298267,26.677494
1319632896,53579.4,0.00453,0.039216,0.001126,-1.21875,0.0,0.9723,1.0002,0.002092,0.003476,0.003478,32.71307,24.35218
1320419328,53589.1,-0.008818,0.025366,0.001019,-1.179688,0.0,0.9733,1.0019,0.002025,0.002864,0.003353,35.608742,29.909958
1321205760,53598.8,-0.003389,0.034008,0.001027,-1.21875,0.0,0.9743,1.0036,0.002179,0.003068,0.003023,38.684639,32.032864
1321992192,53608.1,0.004072,0.027563,0.001055,-1.242188,0.0,0.9751,1.005,0.002401,0.002595,0.002969,38.710594,32.075897
1322778624,53596.0,-0.001048,0.039121,0.001004,-1.242188,0.0,0.9753,1.0049,0.001882,0.003416,0.003172,35.708546,27.413635
1323565056,53605.3,-0.008319,0.031118,0.001035,-1.273438,0.0,0.9755,1.0048,0.001949,0.00371,0.003623,36.06995,28.070248
1324351488,53614.7,0.001259,0.029947,0.001002,-1.289062,0.0,0.9755,1.0042,0.00217,0.002853,0.003161,37.239388,28.696692
1325137920,53599.5,-0.004614,0.032605,0.001029,-1.25,0.0,0.975,1.0038,0.001967,0.002296,0.002894,37.24308,31.47444
1325924352,53608.6,-0.003931,0.037228,0.001108,-1.296875,0.0,0.9746,1.0027,0.00272,0.003154,0.003576,38.395664,31.410336
1326710784,53617.9,-0.007267,0.034016,0.001055,-1.296875,0.0,0.9743,1.0023,0.002991,0.00309,0.004335,37.417179,28.217115
1327497216,53627.1,-0.003446,0.032953,0.001111,-1.304688,0.0,0.9735,1.0009,0.002422,0.003036,0.003847,36.85178,28.098766
1328283648,53611.0,-0.002445,0.0425,0.001116,-1.257812,0.0,0.9736,1.0009,0.002167,0.002662,0.003372,35.649323,27.144932
1329070080,53620.0,-0.003861,0.029809,0.001054,-1.28125,0.0,0.9732,1.0005,0.002424,0.002965,0.003451,37.336563,29.834311
1329856512,53629.1,-0.00325,0.028723,0.00108,-1.28125,0.0,0.973,1.0004,0.002101,0.003018,0.003253,38.115322,30.391449
1330642944,53638.2,-0.006446,0.021396,0.001163,-1.21875,0.0,0.9728,1.0008,0.002522,0.002772,0.003618,36.065197,28.922375
1331429376,53619.5,-0.00163,0.038432,0.000935,-1.21875,0.0,0.973,1.0019,0.002041,0.003327,0.003282,33.072411,27.411694
1332215808,53627.0,-0.006086,0.026905,0.00092,-1.226562,0.0,0.9731,1.0025,0.001928,0.003471,0.003578,35.273766,28.116657
1333002240,53635.5,0.000361,0.02687,0.000981,-1.226562,0.0,0.9737,1.0037,0.002002,0.003331,0.003711,34.38583,28.145813
1333788672,53619.7,-0.004915,0.035356,0.000975,-1.25,0.0,0.9738,1.0038,0.00181,0.00229,0.002737,37.544323,30.752762
1334575104,53627.9,-0.001316,0.033008,0.000998,-1.265625,0.0,0.9741,1.0044,0.002273,0.002858,0.003708,38.168339,32.003922
1335361536,53636.8,-0.010331,0.023498,0.001112,-1.226562,0.0,0.9739,1.0041,0.001793,0.002501,0.003009,35.939842,28.569883
1336147968,53646.2,0.001803,0.024041,0.001043,-1.226562,0.0,0.9739,1.0045,0.001751,0.002292,0.002913,37.535946,30.485954
1336934400,53627.3,8.7e-05,0.043102,0.001027,-1.195312,0.0,0.974,1.0045,0.002106,0.002974,0.003168,40.585621,33.022442
1337720832,53637.0,0.004537,0.04082,0.001065,-1.226562,0.0,0.9741,1.005,0.00193,0.002969,0.00347,41.054787,35.607323
1338507264,53646.6,-0.003865,0.031669,0.001077,-1.195312,0.0,0.9738,1.0047,0.001859,0.00291,0.003307,40.156845,34.80151
1339293696,53632.6,-0.004523,0.036515,0.001146,-1.1875,0.0,0.9736,1.0042,0.002106,0.002621,0.002702,39.518257,35.274803
1340080128,53641.8,0.001808,0.030847,0.001074,-1.140625,0.0,0.9737,1.0042,0.001896,0.002403,0.003029,37.021225,31.62595
1340866560,53651.0,-0.004064,0.035856,0.00097,-1.179688,0.0,0.9735,1.0034,0.002181,0.002932,0.003444,38.592197,32.267181
1341652992,53659.9,0.00098,0.032779,0.000987,-1.1875,0.0,0.9735,1.003,0.002223,0.002292,0.003213,37.162365,31.614782
1342439424,53643.4,-0.003317,0.029824,0.001053,-1.21875,0.0,0.9737,1.0037,0.001688,0.002296,0.003029,40.486565,34.848793
1343225856,53652.8,0.005725,0.023593,0.000987,-1.234375,0.0,0.9737,1.0043,0.001768,0.003233,0.003482,38.144661,29.641647
1344012288,53662.2,-0.001353,0.018784,0.001038,-1.226562,0.0,0.974,1.0056,0.002247,0.002468,0.003199,39.599735,32.127071
1344798720,53649.0,0.006187,0.030242,0.00106,-1.226562,0.0,0.974,1.0061,0.001518,0.002297,0.00262,35.145985,25.602901
1345585152,53657.9,-0.000617,0.022671,0.001009,-1.265625,0.0,0.974,1.007,0.002485,0.002234,0.002874,38.391609,30.698853
1346371584,53667.0,-0.003024,0.021714,0.000986,-1.226562,0.0,0.974,1.0076,0.0019,0.002239,0.002853,36.393543,29.195385
1347158016,53675.9,-0.005718,0.022663,0.000998,-1.226562,0.0,0.9743,1.0088,0.002095,0.002361,0.002763,37.735821,31.377666
1347944448,53657.8,-0.001449,0.04007,0.001212,-1.234375,0.0,0.9745,1.0094,0.002121,0.002417,0.003967,39.302963,31.315313
1348730880,53666.8,-0.008142,0.026749,0.001113,-1.21875,0.0,0.9751,1.0103,0.00188,0.001758,0.002963,37.643848,30.465307
1349517312,53675.8,-0.002317,0.023843,0.001113,-1.210938,0.0,0.9757,1.0113,0.001671,0.002193,0.00324,38.957546,32.255211
1350303744,53658.6,0.0042,0.027884,0.001005,-1.21875,0.0,0.9761,1.012,0.00197,0.001955,0.002655,36.532207,32.265915
1351090176,53667.8,-0.003011,0.021041,0.000963,-1.234375,0.0,0.9764,1.0126,0.002543,0.002132,0.003186,39.838306,32.924995
1351876608,53676.9,-0.004946,0.019488,0.000997,-1.203125,0.0,0.9765,1.0127,0.002202,0.002155,0.003194,35.14246,27.844521
1352663040,53686.0,-0.002518,0.01856,0.00096,-1.226562,0.0,0.9766,1.0137,0.001853,0.002423,0.003064,35.508518,28.97197
1353449472,53668.7,0.000599,0.045922,0.000995,-1.1875,0.0,0.9767,1.0138,0.002502,0.003059,0.004028,34.766888,28.497059
1354235904,53677.7,-0.002648,0.042607,0.001081,-1.171875,0.0,0.9769,1.0134,0.002322,0.003341,0.003903,37.189102,32.241829
1355022336,53687.2,-0.003856,0.037075,0.001041,-1.171875,0.0,0.9769,1.0127,0.002117,0.003415,0.00365,36.86425,31.289871
1355808768,53696.5,-0.004341,0.029775,0.001071,-1.140625,0.0,0.9767,1.0121,0.002245,0.0029,0.003629,35.254841,31.808119
1356595200,53677.8,-0.001495,0.033744,0.001023,-1.109375,0.0,0.9771,1.0134,0.001783,0.00252,0.00386,34.742691,30.400757
1357381632,53686.9,-0.001575,0.028538,0.001106,-1.117188,0.0,0.9773,1.0136,0.001915,0.002675,0.003443,36.491032,32.209854
1358168064,53695.7,0.004751,0.022158,0.000979,-1.125,0.0,0.9774,1.0141,0.001946,0.002506,0.003052,36.712616,32.86636
1358954496,53679.2,0.000552,0.032416,0.001058,-1.148438,0.0,0.9778,1.015,0.001775,0.002361,0.003099,39.295109,32.636246
1359740928,53688.7,-0.002605,0.02361,0.001062,-1.171875,0.0,0.9777,1.0156,0.001744,0.002702,0.002973,39.433167,35.33337
1360527360,53698.1,-0.002706,0.025936,0.001027,-1.15625,0.0,0.978,1.0163,0.00192,0.002579,0.003022,38.966171,33.478146
1361313792,53707.7,-0.00399,0.025659,0.001031,-1.140625,0.0,0.9782,1.0163,0.002081,0.003227,0.002992,41.552788,36.847668
1362100224,53692.2,-0.00028,0.040905,0.000977,-1.132812,0.0,0.9783,1.0159,0.001965,0.00199,0.003177,38.554085,34.429337
1362886656,53701.6,-0.000725,0.027709,0.001033,-1.117188,0.0,0.9785,1.0155,0.001979,0.00266,0.003138,37.170212,33.140499
1363673088,53710.9,-0.003043,0.027986,0.001041,-1.140625,0.0,0.9789,1.0155,0.002216,0.002409,0.003666,37.055912,32.618172
1364459520,53692.1,0.005795,0.043882,0.001148,-1.109375,0.0,0.9796,1.0163,0.001649,0.002433,0.00289,38.588772,34.90696
1365245952,53701.2,0.000294,0.032275,0.0011,-1.125,0.0,0.9796,1.0152,0.002472,0.00345,0.003772,39.399441,35.619713
1366032384,53709.2,-0.004188,0.02973,0.000986,-1.15625,0.0,0.9795,1.0144,0.002284,0.00273,0.003134,39.130188,33.94252
1366818816,53718.1,-0.007928,0.02805,0.001075,-1.1875,0.0,0.9792,1.0131,0.002484,0.002652,0.003198,40.841042,34.340824
1367605248,53701.4,0.005682,0.041894,0.001054,-1.179688,0.0,0.9791,1.0127,0.001911,0.003047,0.003465,38.622044,33.328644
1368391680,53710.6,0.004118,0.033525,0.001108,-1.179688,0.0,0.9787,1.0113,0.002296,0.0031,0.003325,36.145622,29.958126
1369178112,53719.4,-0.001091,0.030657,0.001041,-1.1875,0.0,0.9783,1.0105,0.00216,0.003116,0.003289,36.222504,30.448805
1369964544,53704.6,-0.004139,0.03798,0.001011,-1.195312,0.0,0.9782,1.01,0.001791,0.00324,0.002868,39.111935,31.145676
1370750976,53713.8,-0.0056,0.026785,0.001072,-1.179688,0.0,0.9783,1.0098,0.002273,0.002884,0.003428,37.784691,31.615215
1371537408,53723.2,-0.002479,0.033683,0.001059,-1.164062,0.0,0.9781,1.009,0.002323,0.003524,0.004214,41.212883,35.65799
1372323840,53732.3,-0.001275,0.031422,0.001045,-1.1875,0.0,0.9782,1.0093,0.001871,0.003786,0.003543,39.38562,34.822754
1373110272,53717.9,-0.006192,0.040489,0.001081,-1.179688,0.0,0.9784,1.0099,0.001775,0.003366,0.003438,40.14064,33.642643
1373896704,53727.1,0.003637,0.036391,0.000992,-1.171875,0.0,0.9785,1.0101,0.001872,0.003164,0.003913,38.427567,32.691978
1374683136,53736.1,-0.008715,0.027729,0.00104,-1.148438,0.0,0.9785,1.0103,0.001878,0.002697,0.002952,37.640377,31.846252
1375469568,53717.2,-0.003485,0.035015,0.001042,-1.171875,0.0,0.9784,1.0101,0.001587,0.002673,0.002989,35.618423,32.938622
1376256000,53726.3,0.001688,0.033498,0.001044,-1.195312,0.0,0.9784,1.0098,0.002175,0.002462,0.003605,41.508286,36.574326
1377042432,53735.5,-0.004089,0.0357,0.001049,-1.164062,0.0,0.9782,1.0086,0.002341,0.002575,0.003588,41.272896,35.092979
1377828864,53743.9,-0.003969,0.028356,0.001003,-1.164062,0.0,0.978,1.0076,0.001759,0.002869,0.003418,38.424526,31.628674
1378615296,53729.3,-0.009502,0.035029,0.001029,-1.148438,0.0,0.978,1.007,0.001658,0.002351,0.002889,40.084415,35.104416
1379401728,53738.3,0.00031,0.026413,0.001053,-1.148438,0.0,0.9781,1.0069,0.002019,0.002499,0.003265,41.652641,35.198181
1380188160,53747.5,-0.001612,0.025874,0.001017,-1.117188,0.0,0.978,1.0067,0.002261,0.002418,0.002929,42.150597,37.108032
1380974592,53756.8,-0.006729,0.022809,0.00094,-1.070312,0.0,0.9781,1.0069,0.001795,0.002223,0.002827,41.617439,39.0686
1381761024,53739.0,-0.002854,0.035279,0.001076,-1.109375,0.0,0.9781,1.0068,0.002252,0.002727,0.003474,41.330734,37.420479
1382547456,53747.9,-0.005838,0.030027,0.001022,-1.140625,0.0,0.978,1.0068,0.002124,0.00309,0.003623,41.447369,35.692909
1383333888,53757.1,-0.003391,0.023201,0.001031,-1.179688,0.0,0.9782,1.0082,0.002001,0.003193,0.003134,40.206516,34.9062
1384120320,53742.2,-0.003155,0.042098,0.001147,-1.15625,0.0,0.9785,1.009,0.001934,0.003278,0.003327,41.25544,35.662971
1384906752,53751.0,-0.008878,0.03763,0.001168,-1.140625,0.0,0.9781,1.0085,0.001697,0.004251,0.003599,41.704155,38.199493
1385693184,53760.0,-0.002175,0.028575,0.001112,-1.15625,0.0,0.978,1.0082,0.001564,0.002835,0.002982,40.132442,34.945679
1386479616,53768.9,-0.005606,0.026704,0.001102,-1.148438,0.0,0.9776,1.0079,0.001587,0.00326,0.003297,38.134918,33.111328
1387266048,53752.1,-0.000458,0.042006,0.001023,-1.164062,0.0,0.9778,1.0083,0.002226,0.003021,0.003428,36.593811,29.8405
1388052480,53760.9,-0.001057,0.034912,0.001109,-1.15625,0.0,0.9776,1.0081,0.001686,0.00298,0.003444,40.637188,35.201393
1388838912,53769.8,-0.00507,0.026119,0.001091,-1.15625,0.0,0.9779,1.0091,0.001711,0.002488,0.00349,41.349865,36.725945
1389625344,53752.1,-0.002413,0.039871,0.001062,-1.132812,0.0,0.9779,1.0095,0.001687,0.002415,0.003119,35.365711,30.510921
1390411776,53760.9,-0.004109,0.026464,0.000993,-1.171875,0.0,0.978,1.0105,0.001957,0.002468,0.003927,35.79987,30.260841
1391198208,53769.7,0.000232,0.024242,0.001081,-1.171875,0.0,0.9779,1.0107,0.001963,0.002838,0.003156,38.421146,32.747429
1391984640,53778.4,0.001077,0.022133,0.001062,-1.15625,0.0,0.9778,1.011,0.001692,0.002839,0.003078,36.638355,30.72814
1392771072,53753.8,-0.001483,0.042165,0.001131,-1.164062,0.0,0.9776,1.0106,0.001527,0.002714,0.003201,38.575954,34.78479
1393557504,53762.5,-0.0044,0.024038,0.001005,-1.164062,0.0,0.9777,1.0107,0.001939,0.002505,0.003489,39.095661,33.645351
1394343936,53771.1,-0.005515,0.031269,0.00106,-1.148438,0.0,0.9775,1.0099,0.002711,0.00327,0.003751,38.413139,32.6166
1395130368,53752.9,-0.007969,0.03731,0.001032,-1.125,0.0,0.9774,1.0095,0.001942,0.00261,0.002977,38.645214,31.244823
1395916800,53761.9,-0.000975,0.029826,0.001021,-1.148438,0.0,0.9775,1.0102,0.002198,0.00255,0.003604,38.515251,33.506611
1396703232,53770.2,-0.003702,0.026065,0.001068,-1.132812,0.0,0.9776,1.0108,0.001955,0.002431,0.003072,39.496983,35.584579
1397489664,53778.3,-0.004014,0.026982,0.001091,-1.140625,0.0,0.9773,1.0105,0.001928,0.002846,0.003085,39.821026,35.662033
1398276096,53756.8,-0.000161,0.031541,0.001136,-1.09375,0.0,0.9774,1.0107,0.001861,0.002619,0.00262,40.753437,36.222267
1399062528,53765.7,-0.003188,0.026242,0.001046,-1.101562,0.0,0.9774,1.0106,0.002275,0.002827,0.003096,40.563759,36.298141
1399848960,53774.1,-0.00811,0.020276,0.001008,-1.132812,0.0,0.9772,1.0099,0.001557,0.002115,0.003313,40.179638,35.460835
1400635392,53760.6,0.003476,0.029918,0.001005,-1.117188,0.0,0.9772,1.0099,0.001667,0.002403,0.002986,36.565746,33.771397
1401421824,53769.5,-0.004118,0.027556,0.001061,-1.148438,0.0,0.9773,1.01,0.001807,0.002257,0.003363,40.863255,36.502647
1402208256,53778.3,-0.005733,0.023584,0.001042,-1.164062,0.0,0.9772,1.0097,0.001938,0.002205,0.003056,36.890888,31.696087
1402994688,53786.2,-0.0025,0.026184,0.001161,-1.164062,0.0,0.9771,1.0097,0.001777,0.002331,0.003115,38.419621,33.488152
1403781120,53763.8,-0.00444,0.030547,0.001026,-1.1875,0.0,0.9774,1.0103,0.001801,0.002154,0.00305,38.512054,32.37196
1404567552,53772.1,0.002032,0.028839,0.001056,-1.226562,0.0,0.9776,1.0105,0.001837,0.002613,0.003843,37.163837,30.526098
1405353984,53780.5,0.003461,0.02905,0.001011,-1.21875,0.0,0.9777,1.0104,0.001985,0.002473,0.003748,40.094967,32.571793
1406140416,53789.1,-0.000472,0.026181,0.001162,-1.226562,0.0,0.9776,1.0104,0.002154,0.00252,0.003761,43.154793,35.867638
1406926848,53769.4,0.000426,0.036072,0.001161,-1.171875,0.0,0.9777,1.0106,0.002005,0.002291,0.004433,40.130268,33.175903
1407713280,53778.1,-0.000256,0.034656,0.001061,-1.203125,0.0,0.9776,1.0103,0.001775,0.002605,0.003589,37.897865,31.115721
1408499712,53786.7,-0.000604,0.026258,0.001058,-1.203125,0.0,0.9772,1.0095,0.001967,0.002438,0.003267,35.134094,28.772945
1409286144,53767.2,-0.003949,0.029681,0.001066,-1.21875,0.0,0.9776,1.0101,0.001561,0.002412,0.003083,37.881027,29.234571
1410072576,53776.1,0.004189,0.028279,0.001049,-1.273438,0.0,0.9774,1.0094,0.002209,0.003155,0.003708,40.572151,32.54916
1410859008,53785.0,0.001257,0.026682,0.000966,-1.265625,0.0,0.9775,1.0091,0.002199,0.002618,0.003425,38.565708,30.869627
1411645440,53793.7,0.000168,0.027801,0.001022,-1.257812,0.0,0.9774,1.009,0.002044,0.002813,0.002979,37.143814,29.117283
1412431872,53780.2,-0.000252,0.03515,0.001036,-1.210938,0.0,0.9776,1.0094,0.001795,0.002783,0.002812,36.835133,29.823299
1413218304,53788.9,0.001682,0.024236,0.001055,-1.203125,0.0,0.9774,1.0099,0.002235,0.00301,0.003064,41.526985,35.026627
1414004736,53797.8,-0.00017,0.020113,0.001105,-1.210938,0.0,0.9774,1.0109,0.001818,0.002577,0.002996,40.073418,34.20393
1414791168,53777.8,0.001163,0.032361,0.00107,-1.1875,0.0,0.9771,1.0107,0.001979,0.002279,0.003064,39.289936,31.82765
1415577600,53786.4,0.000254,0.02925,0.001014,-1.171875,0.0,0.9771,1.0106,0.002366,0.002641,0.003589,37.898769,31.301336
1416364032,53795.0,-0.011302,0.025691,0.00099,-1.210938,0.0,0.9766,1.0093,0.002139,0.002797,0.003243,36.789318,29.858625
1417150464,53803.5,-0.004015,0.021298,0.001031,-1.226562,0.0,0.9762,1.0087,0.002123,0.002382,0.00302,39.376091,32.365551
1417936896,53785.6,0.002579,0.033899,0.00104,-1.195312,0.0,0.9762,1.0091,0.002025,0.002322,0.003463,41.325909,34.54673
1418723328,53794.1,-0.00739,0.02075,0.001041,-1.203125,0.0,0.976,1.0091,0.001817,0.00221,0.003824,40.725433,35.165325
1419509760,53802.7,-0.004537,0.02387,0.000983,-1.179688,0.0,0.976,1.0094,0.002038,0.002202,0.002941,39.665443,32.647503
1420296192,53777.4,0.005958,0.030241,0.001011,-1.179688,0.0,0.9758,1.0094,0.001477,0.00223,0.002885,42.300529,33.283249
1421082624,53786.3,0.000545,0.027201,0.000994,-1.164062,0.0,0.9757,1.0093,0.001591,0.002494,0.00309,40.014221,33.851013
1421869056,53795.2,-0.003644,0.022336,0.001018,-1.140625,0.0,0.9757,1.0095,0.001677,0.002177,0.002618,41.605431,37.491768
1422655488,53804.0,-0.003633,0.020365,0.00097,-1.109375,0.0,0.9755,1.0095,0.001594,0.002401,0.00287,42.953392,38.945194
1423441920,53783.9,0.003282,0.043421,0.001061,-1.140625,0.0,0.9754,1.0094,0.00189,0.002844,0.00356,39.960693,33.8395
1424228352,53792.6,-0.000379,0.044292,0.001043,-1.132812,0.0,0.9751,1.0088,0.002212,0.003394,0.00354,39.305309,33.517963
1425014784,53800.0,-0.006104,0.033997,0.001017,-1.125,0.0,0.9748,1.0081,0.001882,0.003234,0.004132,39.440052,34.06871
1425801216,53776.9,-0.003665,0.040904,0.001091,-1.15625,0.0,0.9747,1.0077,0.001828,0.002597,0.002846,38.097095,33.458813
1426587648,53784.1,-0.00668,0.030021,0.001042,-1.1875,0.0,0.9748,1.0074,0.002097,0.002103,0.003637,40.342861,34.938305
1427374080,53792.7,-0.000512,0.027535,0.000997,-1.1875,0.0,0.9744,1.006,0.002588,0.002311,0.003355,39.484451,32.593151
1428160512,53801.5,0.001319,0.031564,0.001083,-1.15625,0.0,0.9739,1.0046,0.001976,0.002301,0.003336,38.932159,32.587189
1428946944,53780.0,0.003353,0.033035,0.001151,-1.140625,0.0,0.9739,1.0047,0.001827,0.00225,0.002899,38.444092,33.387672
1429733376,53788.4,-0.004621,0.01764,0.001052,-1.148438,0.0,0.9738,1.005,0.001759,0.002425,0.002908,38.576576,33.588707
1430519808,53795.2,-0.002877,0.017718,0.00103,-1.140625,0.0,0.9742,1.0062,0.00157,0.002136,0.002851,37.519203,33.508896
1431306240,53773.5,-0.004853,0.023496,0.001114,-1.132812,0.0,0.9745,1.007,0.001681,0.001891,0.002724,40.38538,36.017944
1432092672,53782.5,-0.007899,0.022515,0.001307,-1.109375,0.0,0.9749,1.0078,0.001678,0.002489,0.00287,39.003223,34.234997
1432879104,53791.7,-0.002472,0.02244,0.001157,-1.125,0.0,0.975,1.0078,0.001643,0.002077,0.002339,40.81068,36.717072
1433665536,53799.6,0.003286,0.028886,0.001261,-1.125,0.0,0.9751,1.0082,0.001486,0.002164,0.002686,38.332214,33.541332
1434451968,53777.3,-0.003309,0.033787,0.001018,-1.132812,0.0,0.9755,1.0088,0.001851,0.002404,0.002934,40.499157,34.896206
1435238400,53785.5,-0.006586,0.033809,0.001071,-1.171875,0.0,0.9753,1.0083,0.002447,0.002742,0.004042,44.205936,40.015282
1436024832,53794.0,-0.002259,0.033563,0.001074,-1.179688,0.0,0.9755,1.0085,0.002423,0.003689,0.004572,38.640148,33.543331
1436811264,53802.6,-0.000856,0.028326,0.001126,-1.171875,0.0,0.9753,1.008,0.002095,0.002859,0.003287,40.535133,33.559834
1437597696,53783.3,0.000121,0.038017,0.001146,-1.140625,0.0,0.9756,1.0083,0.001824,0.002677,0.003131,38.123386,31.643667
1438384128,53792.3,0.006261,0.029279,0.001078,-1.125,0.0,0.9755,1.0081,0.001942,0.002926,0.003709,38.488712,33.443523
1439170560,53801.2,-0.001266,0.020364,0.000998,-1.140625,0.0,0.9754,1.0079,0.002061,0.002313,0.003667,37.915318,33.642803
1439956992,53780.5,0.000737,0.033146,0.001186,-1.164062,0.0,0.9758,1.0087,0.003037,0.00254,0.003344,37.240852,31.238953
1440743424,53789.0,0.003497,0.026523,0.001042,-1.195312,0.0,0.9757,1.0083,0.00308,0.002495,0.0032,38.253643,31.086903
1441529856,53797.6,-0.000522,0.027065,0.001146,-1.1875,0.0,0.9758,1.008,0.003046,0.002756,0.003332,38.763184,31.689796
1442316288,53806.2,-0.00702,0.022479,0.001095,-1.164062,0.0,0.9762,1.0087,0.002721,0.0027,0.003135,37.251072,32.095917
1443102720,53785.8,-0.000844,0.03441,0.001079,-1.171875,0.0,0.9767,1.01,0.002,0.002266,0.002662,41.395889,36.764061
1443889152,53794.5,0.000374,0.024751,0.001021,-1.164062,0.0,0.9775,1.012,0.001567,0.002466,0.00305,42.032475,37.729507
1444675584,53803.1,-0.003843,0.021859,0.001106,-1.171875,0.0,0.9777,1.0128,0.001511,0.001976,0.002759,39.376438,34.212173
1445462016,53784.7,-0.004776,0.028605,0.001165,-1.15625,0.0,0.9783,1.0147,0.001454,0.001866,0.002443,40.597755,32.384926
1446248448,53792.5,0.002003,0.027048,0.001138,-1.148438,0.0,0.9789,1.0165,0.00228,0.002869,0.003154,38.395924,31.912237
1447034880,53801.4,0.001221,0.026795,0.001092,-1.148438,0.0,0.9792,1.0173,0.001804,0.002672,0.002754,42.389687,36.917233
1447821312,53810.0,0.004558,0.021039,0.001095,-1.140625,0.0,0.9792,1.0172,0.002573,0.00244,0.002886,42.441345,38.091885
1448607744,53791.8,-0.006288,0.028829,0.001057,-1.117188,0.0,0.9793,1.0168,0.00163,0.001911,0.002751,41.580662,35.826752
1449394176,53800.6,-0.003866,0.026371,0.001041,-1.148438,0.0,0.9793,1.0158,0.001613,0.002616,0.002842,42.476505,37.555168
1450180608,53808.9,-0.00099,0.022233,0.001137,-1.132812,0.0,0.9794,1.0151,0.001742,0.002299,0.003224,43.107868,37.03894
1450967040,53787.4,-0.000417,0.033997,0.00109,-1.148438,0.0,0.9795,1.0145,0.001523,0.001967,0.002649,37.355537,33.305511
1451753472,53795.3,-0.007145,0.026885,0.001119,-1.164062,0.0,0.9797,1.0145,0.001908,0.002274,0.002807,42.322845,36.794182
1452539904,53804.1,-0.007669,0.024056,0.001065,-1.164062,0.0,0.9795,1.0142,0.002078,0.002659,0.003177,41.964127,38.057838
1453326336,53812.9,-0.004893,0.024354,0.001014,-1.140625,0.0,0.9798,1.0152,0.001858,0.002413,0.002675,40.800461,35.936501
1454112768,53795.6,-0.011687,0.031148,0.001045,-1.109375,0.0,0.9803,1.0164,0.001751,0.002018,0.003481,39.575523,33.897758
1454899200,53804.1,-0.001086,0.032538,0.001105,-1.101562,0.0,0.9803,1.0162,0.002069,0.002159,0.003485,41.99493,38.423882
1455685632,53812.7,0.001292,0.022592,0.001397,-1.109375,0.0,0.9805,1.0163,0.002007,0.002171,0.003126,40.393684,36.689003
1456472064,53792.5,0.000846,0.031778,0.001049,-1.125,0.0,0.9808,1.017,0.001462,0.001886,0.003084,46.554398,51.382393
1457258496,53801.0,-0.005444,0.016422,0.001011,-1.117188,0.0,0.9808,1.0171,0.001834,0.002026,0.003383,37.761761,32.916573
1458044928,53809.5,-0.002885,0.018519,0.001047,-1.125,0.0,0.9806,1.0169,0.001572,0.002114,0.003281,38.461376,34.142609
1458831360,53817.2,-0.005388,0.022531,0.001099,-1.140625,0.0,0.9807,1.0174,0.002164,0.002181,0.003228,40.849339,36.263676
1459617792,53793.6,-0.001065,0.037875,0.001095,-1.09375,0.0,0.9809,1.0181,0.001754,0.001979,0.003031,41.126057,36.90501
1460404224,53801.5,0.004335,0.03442,0.00109,-1.132812,0.0,0.9806,1.0174,0.001989,0.002056,0.003309,43.561802,39.392067
1461190656,53810.1,-0.001138,0.036774,0.001071,-1.15625,0.0,0.9805,1.0171,0.001701,0.001739,0.002786,41.322178,35.295406
1461977088,53818.4,-0.002691,0.034488,0.001291,-1.1875,0.0,0.9803,1.0162,0.001809,0.002009,0.003706,42.67836,36.870068
1462763520,53795.6,-0.001016,0.032389,0.001169,-1.1875,0.0,0.9801,1.0158,0.001748,0.001691,0.002935,38.456589,31.501884
1463549952,53804.0,-0.000732,0.020001,0.001016,-1.164062,0.0,0.9797,1.0151,0.001752,0.001827,0.002447,38.37841,32.369644
1464336384,53812.5,-0.000438,0.015419,0.000966,-1.148438,0.0,0.9796,1.0152,0.00146,0.00189,0.002521,36.639942,31.833363
1465122816,53795.1,-0.003687,0.030674,0.001275,-1.125,0.0,0.9798,1.0161,0.001743,0.002044,0.002861,37.158001,32.605778
1465909248,53803.1,-0.000506,0.019955,0.001045,-1.140625,0.0,0.9797,1.0159,0.001738,0.002554,0.002753,36.824104,31.766836
1466695680,53811.5,-0.004105,0.028715,0.000984,-1.15625,0.0,0.9796,1.0157,0.002084,0.002716,0.00322,36.09898,29.828932
1467482112,53820.0,-0.005123,0.016343,0.000959,-1.132812,0.0,0.9795,1.016,0.001544,0.00215,0.002747,35.776878,31.98505
1468268544,53796.9,-0.001136,0.03161,0.001031,-1.148438,0.0,0.9793,1.0164,0.001626,0.002337,0.002991,38.6255,33.610588
1469054976,53804.9,0.004173,0.024837,0.001034,-1.179688,0.0,0.9793,1.0171,0.001768,0.002726,0.00332,38.488583,33.943466
1469841408,53812.3,-0.003669,0.022227,0.001024,-1.15625,0.0,0.9794,1.0182,0.001974,0.002451,0.003293,34.451363,29.47171
1470627840,53793.7,-0.001472,0.032286,0.001038,-1.15625,0.0,0.9796,1.0189,0.001512,0.002545,0.002982,38.151653,32.226471
1471414272,53802.0,-0.001565,0.024295,0.001,-1.171875,0.0,0.9798,1.0193,0.001472,0.002785,0.003411,36.577099,29.977535
1472200704,53810.2,-0.001784,0.027106,0.001156,-1.210938,0.0,0.9799,1.0196,0.001798,0.002491,0.003275,36.717667,31.383789
1472987136,53817.6,-0.000173,0.023777,0.001002,-1.1875,0.0,0.9798,1.0199,0.001891,0.002911,0.003275,39.219528,32.322533
1473773568,53792.5,-0.003894,0.028916,0.000937,-1.140625,0.0,0.9798,1.0202,0.001678,0.002721,0.003296,39.119099,32.874249
1474560000,53801.2,0.003277,0.022491,0.001092,-1.164062,0.0,0.9798,1.02,0.001819,0.002914,0.002861,40.317764,34.098324
1475346432,53809.8,0.001522,0.017535,0.000938,-1.148438,0.0,0.98,1.02,0.001568,0.002233,0.002901,39.85358,35.031055
1476132864,53791.1,0.003877,0.031778,0.000978,-1.15625,0.0,0.9801,1.0198,0.001561,0.002226,0.002346,35.3503,30.441351
1476919296,53799.4,0.001439,0.029021,0.000995,-1.171875,0.0,0.9803,1.0202,0.002176,0.002829,0.003158,35.877808,31.77142
1477705728,53807.7,-0.004184,0.019767,0.001118,-1.179688,0.0,0.9802,1.02,0.001759,0.002264,0.002917,38.277874,33.253368
1478492160,53816.2,-0.001767,0.020613,0.000985,-1.15625,0.0,0.9803,1.0206,0.00187,0.002427,0.002551,37.768986,32.009377
1479278592,53795.0,-0.007444,0.033354,0.001177,-1.148438,0.0,0.9804,1.0213,0.00162,0.002158,0.002546,35.635708,29.76799
1480065024,53803.5,-0.003036,0.026312,0.000971,-1.164062,0.0,0.9806,1.0219,0.001874,0.002325,0.002655,36.942169,30.983837
1480851456,53812.0,-0.001802,0.028443,0.001187,-1.125,0.0,0.9806,1.0215,0.0016,0.002689,0.002925,36.493965,31.645672
1481637888,53796.4,-0.002952,0.032793,0.001008,-1.117188,0.0,0.981,1.022,0.001706,0.00227,0.002488,44.870197,55.585857
1482424320,53803.9,0.00526,0.032512,0.001036,-1.09375,0.0,0.9814,1.022,0.001673,0.002241,0.003339,37.98465,32.954552
1483210752,53811.0,-0.001981,0.026897,0.001002,-1.101562,0.0,0.9813,1.0214,0.001717,0.002221,0.003404,37.289738,33.467899
1483997184,53819.2,-0.004239,0.02034,0.000964,-1.132812,0.0,0.9815,1.0217,0.001621,0.002412,0.003118,36.900288,32.796516
1484783616,53795.3,-0.003115,0.031831,0.00104,-1.171875,0.0,0.9819,1.0225,0.001739,0.002209,0.00296,37.100719,30.616522
1485570048,53803.7,-0.001449,0.025209,0.001045,-1.210938,0.0,0.9821,1.0231,0.001857,0.002382,0.003285,39.59206,32.802467
1486356480,53811.9,-0.005823,0.018891,0.000976,-1.210938,0.0,0.9823,1.0236,0.002011,0.002563,0.003257,37.184875,30.712887
1487142912,53820.1,-0.000427,0.021925,0.000931,-1.226562,0.0,0.9826,1.0241,0.001649,0.002756,0.00324,39.655025,32.285812
1487929344,53802.5,-0.005489,0.033892,0.001055,-1.195312,0.0,0.9827,1.0238,0.002631,0.00253,0.003122,38.173595,31.43926
1488715776,53809.8,-0.003447,0.025318,0.001008,-1.195312,0.0,0.9827,1.0232,0.002065,0.002303,0.00309,38.804092,30.774441
1489502208,53818.2,-0.001721,0.02773,0.001084,-1.210938,0.0,0.9827,1.0227,0.001947,0.00244,0.003275,38.26899,32.338409
1490288640,53798.5,-0.005841,0.031287,0.001002,-1.195312,0.0,0.9829,1.0226,0.002009,0.002404,0.002888,34.132442,28.513189
1491075072,53806.6,-0.006671,0.026538,0.000918,-1.148438,0.0,0.9828,1.0223,0.002221,0.002739,0.003518,34.533951,29.528105
1491861504,53814.4,-0.003905,0.024603,0.000904,-1.109375,0.0,0.9827,1.0217,0.001824,0.002485,0.003139,36.373852,31.903217
1492647936,53822.0,-0.001412,0.026257,0.000919,-1.140625,0.0,0.9828,1.0219,0.001759,0.002141,0.003077,35.279682,32.030846
1493434368,53802.2,0.000752,0.03266,0.001059,-1.148438,0.0,0.9828,1.0218,0.001434,0.002181,0.003296,39.385735,34.445156
1494220800,53810.7,-0.000475,0.021242,0.001032,-1.164062,0.0,0.9829,1.0215,0.001962,0.001965,0.003406,40.113625,34.816322
1495007232,53819.1,0.001887,0.022028,0.001033,-1.164062,0.0,0.983,1.0215,0.001487,0.001863,0.002663,40.429073,34.654488
1495793664,53797.2,-0.008725,0.031373,0.001132,-1.171875,0.0,0.9832,1.0218,0.001684,0.002046,0.002605,41.011543,34.229828
1496580096,53805.6,-0.007092,0.030376,0.001221,-1.195312,0.0,0.983,1.0202,0.001911,0.002379,0.003232,40.37479,33.510155
1497366528,53813.8,0.002712,0.027286,0.001107,-1.21875,0.0,0.9828,1.0189,0.001935,0.002378,0.003022,39.652596,32.739532
1498152960,53822.1,-0.003123,0.022734,0.001026,-1.242188,0.0,0.9828,1.0184,0.001846,0.002333,0.002898,41.167091,33.327465
1498939392,53802.2,0.001009,0.036868,0.001026,-1.257812,0.0,0.9829,1.0188,0.001624,0.002138,0.002784,40.1689,31.200546
1499725824,53810.5,-0.000549,0.026945,0.00099,-1.304688,0.0,0.9826,1.0185,0.001585,0.002193,0.002942,38.687138,29.793488
1500512256,53818.9,0.001437,0.023407,0.001077,-1.296875,0.0,0.9827,1.019,0.001694,0.002403,0.00324,40.360767,30.345531
1501298688,52680.4,-0.000666,0.035061,0.001091,-1.265625,0.0,0.9826,1.0191,0.001679,0.00213,0.002669,35.434071,27.779221
1502085120,52688.8,-0.004268,0.025221,0.001003,-1.210938,0.0,0.9827,1.019,0.001925,0.0029,0.003695,39.763889,32.873566
1502871552,52697.3,-0.00296,0.025269,0.00099,-1.15625,0.0,0.9824,1.0179,0.00184,0.002796,0.003518,38.165924,33.732025
1503657984,52705.6,-0.001622,0.021937,0.000919,-1.171875,0.0,0.9823,1.0175,0.001945,0.002763,0.00362,35.824436,31.206772
1504444416,52679.6,-0.002223,0.030401,0.000924,-1.195312,0.0,0.9824,1.0172,0.00168,0.002709,0.002795,36.60392,30.735199
1505230848,52688.1,-0.001947,0.020802,0.00092,-1.203125,0.0,0.9822,1.0169,0.00146,0.002292,0.002634,38.627579,32.023842
1506017280,52696.3,0.002877,0.02276,0.000999,-1.1875,0.0,0.9822,1.0173,0.001697,0.002656,0.002758,35.473118,29.693249
1506803712,52677.4,-0.006198,0.027179,0.000938,-1.195312,0.0,0.9823,1.018,0.001292,0.002258,0.002498,45.203537,49.09724
1507590144,52686.0,0.000222,0.021616,0.000959,-1.195312,0.0,0.9825,1.0192,0.001685,0.002414,0.003241,36.363674,30.109867
1508376576,52694.7,0.004915,0.019843,0.00091,-1.210938,0.0,0.9826,1.0199,0.001533,0.002294,0.003055,36.391602,30.346237
1509163008,52703.1,-0.001046,0.016321,0.000933,-1.257812,0.0,0.9827,1.0208,0.001515,0.002264,0.002712,37.190346,30.351284
1509949440,52680.1,-0.006256,0.030805,0.000973,-1.226562,0.0,0.983,1.0217,0.002226,0.002201,0.002571,37.473309,30.250072
1510735872,52688.5,-0.003302,0.031419,0.001005,-1.203125,0.0,0.983,1.0216,0.002626,0.002623,0.003174,38.412117,31.694164
1511522304,52696.2,-0.003425,0.030452,0.001017,-1.203125,0.0,0.9827,1.0211,0.002815,0.002448,0.003563,38.362965,32.681973
1512308736,52703.0,-0.003223,0.02817,0.000997,-1.21875,0.0,0.9825,1.0212,0.001902,0.002745,0.00321,38.834465,31.805569
1513095168,52687.6,-0.007252,0.031681,0.000966,-1.210938,0.0,0.9821,1.0207,0.001729,0.002295,0.002869,35.796345,28.769598
1513881600,52696.5,-0.004877,0.02053,0.001092,-1.234375,0.0,0.9818,1.0207,0.001768,0.002177,0.002922,36.795132,28.94231
1514668032,52705.4,0.005175,0.023811,0.001034,-1.257812,0.0,0.9819,1.0217,0.001749,0.002247,0.003031,38.841145,30.908888
1515454464,52680.9,-0.006776,0.025163,0.001106,-1.21875,0.0,0.9821,1.0229,0.001804,0.00216,0.002771,39.29266,33.769489
1516240896,52689.3,-0.002684,0.022209,0.000992,-1.179688,0.0,0.9821,1.0235,0.001998,0.002079,0.003358,35.938652,29.733978
1517027328,52697.9,0.000633,0.021297,0.000969,-1.179688,0.0,0.9822,1.024,0.001618,0.002178,0.003266,37.705818,31.632298
1517813760,52706.6,-0.006377,0.016445,0.00096,-1.179688,0.0,0.9822,1.024,0.001545,0.002462,0.00281,37.828129,31.203476
1518600192,52687.9,0.005355,0.037022,0.001,-1.164062,0.0,0.982,1.0238,0.001824,0.002125,0.002848,37.058617,30.740471
1519386624,52696.1,-0.00186,0.025411,0.001075,-1.1875,0.0,0.982,1.0238,0.001725,0.00265,0.003502,38.025578,33.139526
1520173056,52704.8,-0.00409,0.021179,0.000979,-1.171875,0.0,0.9817,1.0242,0.001648,0.001951,0.002612,36.831871,31.281195
1520959488,52682.3,-0.003599,0.033031,0.00106,-1.140625,0.0,0.9817,1.0245,0.001429,0.001936,0.002609,38.0299,33.119808
1521745920,52691.1,-0.00604,0.027144,0.001076,-1.148438,0.0,0.9814,1.0241,0.00176,0.002209,0.002834,37.024147,32.114574
1522532352,52699.8,0.003641,0.02429,0.001065,-1.15625,0.0,0.9812,1.0239,0.001836,0.002354,0.002963,36.610767,32.615028
1523318784,52708.4,0.004288,0.024112,0.001088,-1.171875,0.0,0.9809,1.0229,0.001748,0.002451,0.003048,37.647472,32.357323
1524105216,52690.2,-0.001243,0.032626,0.001052,-1.179688,0.0,0.9811,1.0232,0.001519,0.001759,0.002514,39.262691,33.290844
1524891648,52698.8,-0.00866,0.018084,0.001077,-1.171875,0.0,0.9812,1.0234,0.001616,0.002045,0.002477,37.565895,31.790655
1525678080,52707.3,-0.006641,0.019804,0.00114,-1.15625,0.0,0.9814,1.0237,0.001428,0.002087,0.002619,37.518967,31.887234
1526464512,52685.7,-0.006654,0.027138,0.0011,-1.148438,0.0,0.9815,1.0237,0.001216,0.001651,0.002193,33.974506,27.519278
1527250944,52693.8,-0.000638,0.02336,0.000993,-1.1875,0.0,0.9815,1.023,0.001903,0.002369,0.003046,36.771667,31.179062
1528037376,52701.9,-0.005556,0.017997,0.001027,-1.164062,0.0,0.9813,1.0227,0.001753,0.002379,0.003015,36.9184,32.326233
1528823808,52710.1,7.1e-05,0.018862,0.001013,-1.1875,0.0,0.9814,1.023,0.001532,0.002221,0.002635,35.970383,30.03269
1529610240,52691.2,-0.004709,0.032167,0.001063,-1.171875,0.0,0.9817,1.0237,0.001365,0.002061,0.003053,35.444164,30.12818
1530396672,52700.0,-0.00051,0.025617,0.000954,-1.210938,0.0,0.9818,1.0242,0.001796,0.002511,0.003487,35.339638,30.429266
1531183104,52708.4,-0.004944,0.024455,0.000923,-1.210938,0.0,0.9819,1.0244,0.001887,0.002566,0.003417,36.086967,30.608047
1531969536,52688.5,-0.000529,0.029893,0.000918,-1.179688,0.0,0.9821,1.0249,0.00155,0.002139,0.003086,42.634533,44.653564
1532755968,52695.8,0.000352,0.038689,0.000953,-1.140625,0.0,0.9824,1.0246,0.001898,0.002217,0.003146,37.102726,31.595348
1533542400,52702.8,-0.002215,0.02351,0.000925,-1.148438,0.0,0.9824,1.0237,0.001844,0.002084,0.003382,34.423874,28.738796
1534328832,52709.8,-0.006762,0.024505,0.000913,-1.15625,0.0,0.9824,1.0229,0.001656,0.001895,0.002791,35.887409,29.653608
1535115264,52693.7,-0.00707,0.037566,0.001009,-1.117188,0.0,0.9825,1.0226,0.001681,0.002448,0.003177,34.861668,30.460266
1535901696,52702.1,-0.007886,0.023658,0.000951,-1.132812,0.0,0.9826,1.0228,0.001421,0.002765,0.002854,35.388748,32.425201
1536688128,52709.2,-0.005094,0.020176,0.000913,-1.140625,0.0,0.983,1.024,0.001938,0.002439,0.002942,35.590565,32.725403
1537474560,52717.8,0.003535,0.022498,0.000949,-1.109375,0.0,0.9833,1.0248,0.00148,0.002549,0.00267,35.928959,31.207693
1538260992,52701.5,0.000203,0.031735,0.000955,-1.132812,0.0,0.9835,1.0252,0.002036,0.002159,0.003166,36.082088,30.517159
1539047424,52709.8,0.003205,0.027124,0.001007,-1.164062,0.0,0.9836,1.0255,0.002197,0.002502,0.00326,37.057232,33.278641
1539833856,52718.2,-0.005416,0.020615,0.000966,-1.1875,0.0,0.9841,1.0264,0.001779,0.002351,0.003388,35.457718,30.240944
1540620288,52705.9,-0.003468,0.032563,0.001055,-1.179688,0.0,0.9844,1.027,0.001765,0.002302,0.002659,37.578812,33.725021
1541406720,52714.0,-0.006094,0.024634,0.001012,-1.164062,0.0,0.9843,1.0271,0.001548,0.002515,0.003369,32.044472,27.532187
1542193152,52722.4,-0.00612,0.019704,0.001018,-1.171875,0.0,0.9842,1.0272,0.001477,0.002381,0.002758,34.268925,29.613974
1542979584,52730.7,0.000733,0.020111,0.001136,-1.179688,0.0,0.984,1.0275,0.001454,0.002008,0.002724,36.298908,30.743301
1543766016,52709.3,-0.008675,0.031826,0.000998,-1.1875,0.0,0.9837,1.0267,0.001796,0.002219,0.003159,36.801834,29.943848
1544552448,52717.7,-0.000146,0.026809,0.000983,-1.203125,0.0,0.9837,1.0259,0.001505,0.002358,0.003019,38.687637,32.713432
1545338880,52726.0,-0.002576,0.024857,0.000961,-1.210938,0.0,0.9836,1.0255,0.001548,0.002427,0.003253,33.94714,28.16357
1546125312,52708.8,-0.005208,0.033917,0.000946,-1.171875,0.0,0.9838,1.0254,0.001753,0.002251,0.00274,32.667542,27.037687
1546911744,52717.0,-0.00463,0.029003,0.000864,-1.164062,0.0,0.9837,1.0248,0.0018,0.002228,0.00314,30.934036,26.133297
1547698176,52725.0,-0.000959,0.027171,0.000902,-1.148438,0.0,0.9838,1.0245,0.00169,0.002505,0.003139,34.337051,30.108276
1548484608,52732.6,-0.004443,0.024851,0.000926,-1.15625,0.0,0.9839,1.0245,0.001737,0.00204,0.002822,32.474628,28.539366
1549271040,52709.2,-0.003667,0.037743,0.000908,-1.179688,0.0,0.984,1.0243,0.002202,0.002528,0.003424,36.107635,30.429174
1550057472,52717.2,0.00175,0.027927,0.00094,-1.195312,0.0,0.9839,1.0244,0.001786,0.002939,0.003007,34.829517,29.270966
1550843904,52723.8,0.001019,0.022964,0.00109,-1.195312,0.0,0.984,1.0254,0.001636,0.002729,0.002886,35.922222,29.507032
1551630336,52709.6,0.004055,0.033238,0.001,-1.195312,0.0,0.9842,1.0261,0.001641,0.002333,0.002728,27.738773,21.717466
1552416768,52718.1,3.1e-05,0.022768,0.000981,-1.226562,0.0,0.9843,1.027,0.001914,0.002563,0.003106,34.245815,27.5802
1553203200,52726.5,-0.002243,0.020515,0.000906,-1.21875,0.0,0.9843,1.0275,0.001844,0.002315,0.003047,35.484371,30.226257
1553989632,52735.1,-0.003247,0.024326,0.000931,-1.179688,0.0,0.9844,1.0273,0.001875,0.002044,0.0029,35.589565,29.774963
1554776064,52712.5,0.002399,0.037129,0.000948,-1.195312,0.0,0.9844,1.0269,0.00166,0.002461,0.002773,35.623432,29.40341
1555562496,52719.4,0.004034,0.026646,0.000965,-1.21875,0.0,0.9842,1.0262,0.00191,0.003042,0.002992,33.272308,26.87204
1556348928,52727.1,-0.007558,0.021456,0.000875,-1.1875,0.0,0.9839,1.0261,0.001936,0.002855,0.003129,35.85714,30.513487
1557135360,52705.8,-0.002124,0.03194,0.000879,-1.179688,0.0,0.9839,1.0265,0.001655,0.00259,0.002842,41.521156,44.280907
1557921792,52713.8,-0.001921,0.020759,0.000967,-1.1875,0.0,0.984,1.0268,0.001696,0.002183,0.002574,31.429842,25.884644
1558708224,52721.8,-0.00668,0.015974,0.001155,-1.15625,0.0,0.9841,1.0274,0.001361,0.002434,0.002608,32.915215,27.405096
1559494656,52730.0,-0.002571,0.015698,0.000969,-1.132812,0.0,0.9843,1.0276,0.001587,0.002079,0.002659,35.622791,31.5707
1560281088,52700.8,0.001759,0.028312,0.000965,-1.109375,0.0,0.9846,1.0279,0.001532,0.002035,0.002361,34.532047,30.388151
1561067520,52709.0,-0.001634,0.019945,0.000964,-1.132812,0.0,0.9844,1.0267,0.001744,0.002244,0.002694,35.273338,31.74913
1561853952,52717.2,0.006922,0.022219,0.001013,-1.148438,0.0,0.9843,1.0267,0.00163,0.002768,0.00317,36.955585,33.222637
1562640384,52725.5,-0.005129,0.019573,0.000937,-1.15625,0.0,0.9843,1.0272,0.001624,0.002382,0.002591,33.401997,28.514332
1563426816,52705.7,0.008273,0.031842,0.000974,-1.15625,0.0,0.9843,1.028,0.001952,0.002325,0.003113,33.415909,29.475544
1564213248,52713.6,-0.005859,0.020087,0.000978,-1.179688,0.0,0.9843,1.0286,0.001732,0.002422,0.003002,34.168159,29.614294
1564999680,52721.3,-0.004581,0.018163,0.000863,-1.179688,0.0,0.9845,1.0299,0.001923,0.002533,0.002871,33.194283,28.19688
1565786112,52699.4,0.00347,0.030697,0.000945,-1.171875,0.0,0.9848,1.0311,0.001556,0.002372,0.002913,36.871426,34.198746
1566572544,52707.7,-0.005759,0.02467,0.00096,-1.164062,0.0,0.9846,1.0308,0.001604,0.002517,0.0031,31.652176,27.368816
1567358976,52715.9,-0.005451,0.024662,0.000911,-1.15625,0.0,0.9846,1.0313,0.001565,0.002031,0.003041,35.6096,29.665182
1568145408,52724.0,0.002222,0.024741,0.000919,-1.179688,0.0,0.9846,1.0315,0.001576,0.002187,0.003014,34.336369,28.213957
1568931840,52702.4,0.001579,0.034237,0.000882,-1.171875,0.0,0.9846,1.0316,0.001596,0.001957,0.002984,35.557789,29.564856
1569718272,52710.8,-0.005975,0.017094,0.000936,-1.179688,0.0,0.9848,1.0322,0.001562,0.002339,0.0028,36.390656,31.172104
1570504704,52719.1,-0.000613,0.020095,0.000966,-1.164062,0.0,0.985,1.0325,0.001704,0.002203,0.002831,33.3736,28.967321
1571291136,52701.6,-0.002946,0.027397,0.000893,-1.140625,0.0,0.9851,1.0327,0.001631,0.002025,0.002722,38.002686,32.45171
1572077568,52709.8,0.003069,0.028072,0.000957,-1.148438,0.0,0.985,1.0322,0.001965,0.002981,0.003409,36.685505,31.678543
1572864000,52718.0,-0.001862,0.028282,0.000922,-1.164062,0.0,0.9851,1.0319,0.001577,0.002355,0.003552,37.547897,32.5205
1573650432,52726.0,-0.006967,0.023771,0.000997,-1.140625,0.0,0.9852,1.0315,0.001733,0.002927,0.003339,37.4832,33.04512
1574436864,52705.2,0.001306,0.033282,0.001044,-1.171875,0.0,0.9855,1.0317,0.001837,0.0022,0.002746,43.224522,38.56517
1575223296,52712.5,-0.001783,0.0239,0.000989,-1.1875,0.0,0.9852,1.0306,0.001685,0.002365,0.003634,40.212769,33.39999
1576009728,52720.7,-0.004977,0.022141,0.000975,-1.179688,0.0,0.9848,1.0294,0.001567,0.001963,0.002573,37.587482,31.717886
1576796160,52704.2,0.00103,0.029948,0.000967,-1.164062,0.0,0.9843,1.028,0.001935,0.002217,0.002511,34.098671,28.268879
1577582592,52712.5,0.00129,0.022732,0.000881,-1.140625,0.0,0.9842,1.0276,0.00199,0.002049,0.003038,38.111168,34.908051
1578369024,52720.7,-0.001329,0.027901,0.000866,-1.125,0.0,0.9842,1.0274,0.00164,0.002506,0.003317,37.036106,34.139645
1579155456,52729.1,-0.011328,0.017655,0.000909,-1.132812,0.0,0.9843,1.0278,0.001654,0.00187,0.002858,36.033073,33.700996
1579941888,52708.0,-0.005246,0.029935,0.000917,-1.179688,0.0,0.9845,1.0283,0.001345,0.002207,0.002866,34.684055,28.474594
1580728320,52716.0,-0.007394,0.020492,0.000951,-1.210938,0.0,0.9844,1.0278,0.001569,0.002192,0.003347,34.254101,27.521538
1581514752,52724.1,-0.002224,0.020291,0.000924,-1.195312,0.0,0.9845,1.0279,0.001679,0.002093,0.002673,35.304695,29.822247
1582301184,52707.5,0.001576,0.028881,0.000958,-1.203125,0.0,0.9844,1.0273,0.001583,0.001867,0.002642,44.623028,42.658394
1583087616,52715.2,0.000843,0.027705,0.000952,-1.234375,0.0,0.9842,1.0264,0.001609,0.002693,0.003241,34.533024,27.237707
1583874048,52723.2,-0.000466,0.027814,0.000954,-1.234375,0.0,0.9839,1.0257,0.002003,0.002523,0.002795,36.008865,28.877499
1584660480,52731.1,-0.005026,0.024504,0.000934,-1.257812,0.0,0.9838,1.0253,0.001476,0.002121,0.002622,34.218365,27.592068
1585446912,52712.7,0.001478,0.029826,0.000968,-1.203125,0.0,0.9838,1.025,0.001604,0.00214,0.002485,37.202194,29.595701
1586233344,52720.6,0.002298,0.017127,0.000991,-1.179688,0.0,0.9838,1.0248,0.00159,0.002226,0.002682,37.682716,32.446178
1587019776,52728.8,-0.007953,0.016861,0.000996,-1.1875,0.0,0.9838,1.0244,0.001854,0.002045,0.002697,38.070587,33.08194
1587806208,52736.7,-0.003237,0.018015,0.001026,-1.1875,0.0,0.9837,1.0242,0.001632,0.001831,0.002959,36.659588,30.874435
1588592640,52718.1,-0.004386,0.040969,0.000997,-1.125,0.0,0.9836,1.0233,0.00178,0.001809,0.003122,35.585121,30.238287
1589379072,52726.3,-0.00075,0.031202,0.000917,-1.109375,0.0,0.9834,1.0223,0.001571,0.002281,0.003154,37.045975,32.34333
1590165504,52733.6,-0.006137,0.023227,0.000942,-1.140625,0.0,0.9834,1.022,0.00141,0.002036,0.002753,34.168846,30.446323
1590951936,52716.5,0.001453,0.036582,0.000953,-1.132812,0.0,0.9834,1.0218,0.001458,0.002093,0.003156,38.403641,35.484085
1591738368,52724.6,0.004033,0.030774,0.00099,-1.125,0.0,0.9832,1.0213,0.002164,0.002638,0.003812,33.346508,29.641445
1592524800,52732.3,-0.004511,0.028083,0.001109,-1.101562,0.0,0.9832,1.0212,0.001945,0.002351,0.004051,34.62392,31.125351
1593311232,52740.3,-0.005768,0.028905,0.001026,-1.125,0.0,0.9833,1.0216,0.001609,0.002271,0.002988,37.41436,33.37677
1594097664,52720.6,-0.001721,0.035216,0.001017,-1.171875,0.0,0.9835,1.0218,0.001615,0.002325,0.003099,37.623871,31.94207
1594884096,52728.6,-0.001834,0.021465,0.001012,-1.210938,0.0,0.9837,1.0222,0.001549,0.002181,0.002884,39.482906,32.93277
1595670528,52736.5,0.003284,0.02303,0.001035,-1.203125,0.0,0.9838,1.0226,0.001363,0.001818,0.002535,40.246815,34.887047
1596456960,52718.4,0.001572,0.033415,0.001092,-1.179688,0.0,0.9837,1.0225,0.001641,0.001847,0.002572,37.160587,32.321289
1597243392,52726.4,-0.000837,0.025172,0.001072,-1.179688,0.0,0.9837,1.0224,0.002005,0.002095,0.002807,36.568077,30.703758
1598029824,52734.2,-0.002945,0.025783,0.000984,-1.179688,0.0,0.9837,1.0223,0.001948,0.002781,0.00281,36.768383,31.138657
1598816256,52741.9,-0.000449,0.024387,0.001011,-1.210938,0.0,0.9838,1.0224,0.002132,0.002384,0.002818,39.037861,33.232098
1599602688,52718.8,-0.005051,0.037192,0.001127,-1.1875,0.0,0.9838,1.0224,0.002053,0.002545,0.002899,37.677094,32.25581
1600389120,52726.8,-0.000607,0.028012,0.001058,-1.1875,0.0,0.9838,1.0224,0.001975,0.002733,0.003329,35.888969,29.347088
1601175552,52734.7,-0.004747,0.019651,0.000951,-1.171875,0.0,0.984,1.0229,0.00162,0.0022,0.002714,35.542393,29.98946
1601961984,52717.3,-0.003211,0.032491,0.001055,-1.164062,0.0,0.9842,1.0237,0.001571,0.002175,0.002704,33.776482,27.28318
1602748416,52725.4,0.000199,0.027433,0.000977,-1.15625,0.0,0.9845,1.0241,0.00219,0.002041,0.003086,35.261803,31.288807
1603534848,52733.2,-0.003114,0.027702,0.001052,-1.164062,0.0,0.9842,1.0234,0.001628,0.001982,0.00247,36.899788,32.227512
1604321280,52741.2,-0.002773,0.027686,0.001009,-1.171875,0.0,0.984,1.0229,0.001665,0.001965,0.002741,33.719975,28.58267
1605107712,52720.2,0.003269,0.032264,0.001048,-1.15625,0.0,0.9839,1.0231,0.00133,0.002343,0.002614,34.705654,28.486305
1605894144,52728.1,-0.001511,0.021892,0.001002,-1.164062,0.0,0.9836,1.023,0.001626,0.002388,0.002499,35.938511,31.044769
1606680576,52735.9,0.002456,0.019092,0.00105,-1.171875,0.0,0.9835,1.0238,0.001469,0.00223,0.002651,37.175903,31.104309
1607467008,52721.3,-0.005795,0.025738,0.000981,-1.179688,0.0,0.9836,1.0245,0.001519,0.001946,0.002592,41.448826,43.349178
1608253440,52729.3,-0.0004,0.026231,0.000891,-1.148438,0.0,0.9838,1.0258,0.001811,0.002213,0.00255,34.126091,29.361929
1609039872,52737.1,-0.00873,0.022132,0.000981,-1.15625,0.0,0.9838,1.0267,0.001445,0.002243,0.002477,32.972794,28.712301
1609826304,52745.0,-0.000598,0.022931,0.000966,-1.171875,0.0,0.9841,1.028,0.001276,0.002086,0.002854,37.159302,32.387085
1610612736,52722.6,-0.000408,0.031813,0.001038,-1.1875,0.0,0.9842,1.0286,0.001485,0.002002,0.002612,34.888786,30.171677
1611399168,52730.4,-0.002718,0.019915,0.001023,-1.203125,0.0,0.9843,1.0295,0.001529,0.002048,0.002669,36.962482,30.373388
1612185600,52738.3,-0.002069,0.021691,0.001031,-1.1875,0.0,0.9843,1.0299,0.002033,0.00181,0.002465,36.39312,31.640545
1612972032,52746.0,-0.002836,0.01991,0.001197,-1.148438,0.0,0.9845,1.0306,0.001528,0.001683,0.002492,34.039742,29.458622
1613758464,52734.0,-0.000375,0.038778,0.000961,-1.148438,0.0,0.9846,1.0302,0.001665,0.001887,0.002893,37.871246,33.359299
1614544896,52740.5,0.001764,0.026884,0.000954,-1.148438,0.0,0.9845,1.0295,0.001579,0.002097,0.002878,35.079803,30.267799
1615331328,52747.7,0.002771,0.027382,0.000964,-1.132812,0.0,0.9844,1.0292,0.001687,0.00212,0.002923,36.010334,31.712341
1616117760,52727.9,-0.000421,0.034591,0.000991,-1.125,0.0,0.9846,1.0295,0.001582,0.001969,0.002933,38.91621,35.260101
1616904192,52735.4,0.003904,0.026311,0.000995,-1.140625,0.0,0.9845,1.0293,0.001519,0.002056,0.003264,37.722225,33.392387
1617690624,52743.5,-0.001438,0.023781,0.001055,-1.132812,0.0,0.9843,1.0291,0.001533,0.002027,0.002811,37.165157,33.422932
1618477056,52751.3,0.000689,0.022335,0.001031,-1.15625,0.0,0.9842,1.0292,0.001419,0.001897,0.002834,36.86311,31.033821
1619263488,52734.9,0.00337,0.038165,0.001019,-1.140625,0.0,0.9841,1.0285,0.001748,0.00206,0.002568,35.597599,30.762991
1620049920,52742.6,-0.0027,0.025981,0.000993,-1.15625,0.0,0.9841,1.0281,0.001511,0.002079,0.002872,36.431374,32.572327
1620836352,52750.2,-0.000634,0.024549,0.000948,-1.15625,0.0,0.9841,1.028,0.001539,0.001859,0.00288,36.736015,32.353836
1621622784,52737.3,0.003942,0.031682,0.000988,-1.148438,0.0,0.9843,1.0283,0.00151,0.001842,0.002578,36.855522,33.092827
1622409216,52744.0,0.000199,0.028658,0.001058,-1.171875,0.0,0.9842,1.0281,0.001822,0.002084,0.003278,35.986885,30.181501
1623195648,52751.8,-0.001921,0.020233,0.001042,-1.1875,0.0,0.9845,1.0282,0.001648,0.001855,0.002623,38.600632,33.055061
1623982080,52759.2,-0.000955,0.020229,0.001072,-1.179688,0.0,0.9845,1.0282,0.001412,0.001885,0.003116,37.980591,31.307323
1624768512,52744.5,-0.002824,0.030545,0.001004,-1.1875,0.0,0.9845,1.0276,0.001988,0.002523,0.002916,40.728733,36.10376
1625554944,52752.0,-0.007475,0.021917,0.000989,-1.195312,0.0,0.9844,1.027,0.001693,0.002367,0.003138,34.839996,28.565128
1626341376,52759.5,-0.000618,0.02558,0.001027,-1.1875,0.0,0.9843,1.0262,0.001501,0.002292,0.002892,37.54705,31.594191
1627127808,52741.2,-0.00388,0.031224,0.000967,-1.140625,0.0,0.9843,1.0257,0.001584,0.002237,0.002794,34.077278,26.958557
1627914240,52748.6,-0.009998,0.029392,0.000984,-1.140625,0.0,0.984,1.0247,0.00207,0.002167,0.003351,36.851257,31.548294
1628700672,52756.1,-0.003899,0.023704,0.000901,-1.132812,0.0,0.9839,1.0243,0.001644,0.002307,0.003202,35.517101,31.893505
1629487104,52763.7,-0.005767,0.021348,0.00087,-1.164062,0.0,0.9837,1.0239,0.002003,0.002097,0.003313,34.006336,29.96088
1630273536,52745.3,-0.003121,0.037609,0.000954,-1.140625,0.0,0.9837,1.0233,0.001695,0.002121,0.002625,34.17519,27.808712
1631059968,52752.9,-0.003407,0.027008,0.000919,-1.148438,0.0,0.9834,1.0229,0.001693,0.002263,0.002889,33.083416,28.43572
1631846400,52760.1,-0.003385,0.025408,0.00091,-1.15625,0.0,0.9832,1.0225,0.001808,0.001987,0.002674,34.058399,30.392124
1632632832,52745.0,-0.003158,0.032653,0.000981,-1.117188,0.0,0.9832,1.0226,0.001434,0.001744,0.002432,39.056007,41.25465
1633419264,52752.3,-0.003186,0.032613,0.000913,-1.148438,0.0,0.9829,1.0218,0.001551,0.00255,0.003222,37.019112,34.126404
1634205696,52759.7,-0.003737,0.024347,0.000939,-1.179688,0.0,0.9828,1.0212,0.001363,0.002372,0.003267,34.604828,29.700491
1634992128,52767.2,0.000148,0.023296,0.000913,-1.195312,0.0,0.9827,1.0206,0.001491,0.002834,0.002771,36.625198,30.898016
1635778560,52748.8,-0.003882,0.025809,0.00092,-1.15625,0.0,0.9827,1.0204,0.001617,0.002274,0.002526,36.154064,30.263363
1636564992,52756.1,-0.005801,0.017617,0.000908,-1.15625,0.0,0.9825,1.0204,0.001746,0.00212,0.002624,37.825207,34.233879
1637351424,52763.3,-0.006868,0.015828,0.000904,-1.15625,0.0,0.9828,1.0217,0.001619,0.00199,0.002437,38.557739,33.165638
1638137856,52770.4,-0.001158,0.016328,0.000951,-1.15625,0.0,0.983,1.0229,0.001503,0.001914,0.002337,36.2817,30.568382
1638924288,52755.4,-0.006218,0.031265,0.000964,-1.1875,0.0,0.9831,1.0227,0.002088,0.002404,0.002711,36.318172,29.868263
1639710720,52762.0,-0.00194,0.024488,0.000986,-1.1875,0.0,0.983,1.0221,0.001559,0.002347,0.002618,36.863346,30.747829
1640497152,52769.8,0.000568,0.023559,0.000997,-1.203125,0.0,0.9829,1.0213,0.001626,0.002222,0.0028,38.907894,32.982449
1641283584,52754.0,-0.000482,0.033109,0.000987,-1.1875,0.0,0.983,1.0214,0.001557,0.002152,0.002581,40.401348,35.897999
1642070016,52761.2,0.000396,0.024002,0.000958,-1.1875,0.0,0.9829,1.0211,0.001423,0.002752,0.002522,36.711464,30.908157
1642856448,52768.9,-0.003876,0.020549,0.001028,-1.179688,0.0,0.9831,1.0219,0.001598,0.002772,0.002912,38.010109,33.12352
1643642880,52776.8,0.001801,0.021568,0.000957,-1.1875,0.0,0.9832,1.0227,0.001164,0.002386,0.002504,38.213982,32.456085
1644429312,52762.1,-0.00253,0.028419,0.000942,-1.148438,0.0,0.9831,1.0228,0.001377,0.002212,0.002642,36.81966,29.753073
1645215744,52769.8,-0.001945,0.01791,0.001133,-1.171875,0.0,0.9832,1.0233,0.001431,0.002075,0.002282,37.769676,33.271133
1646002176,52777.4,-0.002766,0.016669,0.000906,-1.195312,0.0,0.9832,1.0236,0.001361,0.001808,0.002331,39.396366,34.306839
1646788608,52759.7,0.000974,0.027129,0.000926,-1.179688,0.0,0.9832,1.0239,0.001377,0.001739,0.002386,40.033546,34.149765
1647575040,52767.1,-0.00851,0.017455,0.000943,-1.171875,0.0,0.9833,1.0243,0.00126,0.001661,0.002533,39.190735,31.78636
1648361472,52774.1,-0.004328,0.019125,0.000968,-1.179688,0.0,0.9834,1.0248,0.001606,0.001917,0.002199,38.724407,32.758915
1649147904,52781.6,-0.006273,0.015177,0.000996,-1.1875,0.0,0.9838,1.0263,0.001515,0.002018,0.002355,36.665756,30.430923
1649934336,52762.8,0.005676,0.03432,0.000975,-1.179688,0.0,0.9838,1.0265,0.001779,0.002348,0.002451,40.461124,36.393158
1650720768,52770.2,-0.004557,0.026521,0.001018,-1.195312,0.0,0.9838,1.0264,0.001909,0.002272,0.002712,38.376171,32.591679
1651507200,52777.1,-0.005923,0.025701,0.001023,-1.210938,0.0,0.9836,1.0262,0.001692,0.002218,0.002645,38.398228,32.636906
1652293632,52750.4,-0.00191,0.036448,0.001039,-1.171875,0.0,0.9836,1.0264,0.001327,0.001896,0.002478,37.391666,29.382107
1653080064,52757.9,-0.001696,0.02147,0.001035,-1.164062,0.0,0.9835,1.0266,0.001631,0.001739,0.002736,39.133686,34.632313
1653866496,52765.5,-0.000572,0.022905,0.001009,-1.195312,0.0,0.9834,1.0265,0.001719,0.002161,0.002702,40.004818,35.050571
1654652928,52772.9,0.000611,0.02298,0.001019,-1.179688,0.0,0.9832,1.0257,0.001495,0.002071,0.002495,41.057705,35.494484
1655439360,52754.7,7.7e-05,0.030171,0.001069,-1.179688,0.0,0.983,1.0255,0.001545,0.002278,0.002563,40.209919,33.583855
1656225792,52762.4,0.000192,0.022397,0.00103,-1.234375,0.0,0.9828,1.0253,0.001429,0.002107,0.002363,37.908401,30.675283
1657012224,52770.1,-0.006816,0.018449,0.001006,-1.21875,0.0,0.9831,1.0275,0.001375,0.001917,0.002368,38.919025,31.699682
1657798656,52739.8,-0.004854,0.022646,0.001024,-1.195312,0.0,0.9833,1.0286,0.001252,0.001737,0.002018,40.085987,38.367115
1658585088,52745.7,0.0002,0.032442,0.001028,-1.171875,0.0,0.9835,1.0296,0.001648,0.002413,0.003032,39.748425,35.153168
1659371520,52751.9,0.002224,0.030203,0.000952,-1.179688,0.0,0.9833,1.0285,0.001497,0.002498,0.003048,34.796928,29.165417
1660157952,52759.3,-0.001109,0.023499,0.000928,-1.171875,0.0,0.9832,1.0278,0.001578,0.002467,0.002676,36.014019,29.770622
1660944384,52730.4,-0.000658,0.036946,0.001044,-1.15625,0.0,0.9833,1.0277,0.001943,0.002528,0.002939,36.04874,30.148777
1661730816,52737.4,-0.000189,0.027454,0.000993,-1.164062,0.0,0.9828,1.026,0.001726,0.001947,0.00356,37.572357,32.464275
1662517248,52743.5,-0.00572,0.028483,0.001001,-1.15625,0.0,0.9828,1.0251,0.001665,0.00188,0.003028,38.58009,33.654308
1663303680,52750.9,-0.004393,0.020318,0.00096,-1.15625,0.0,0.9826,1.0246,0.001476,0.001595,0.002753,35.754314,30.754143
1664090112,52714.1,-0.00112,0.035414,0.001163,-1.164062,0.0,0.9825,1.024,0.001784,0.001748,0.003191,37.804749,31.729839
1664876544,52721.3,-0.002011,0.03122,0.001074,-1.148438,0.0,0.982,1.0223,0.002389,0.002046,0.003344,38.569908,32.359829
1665662976,52727.3,-0.002468,0.027359,0.001156,-1.15625,0.0,0.9819,1.0216,0.002021,0.002121,0.002589,37.194241,31.81514
1666449408,52663.5,-0.003622,0.033014,0.001103,-1.164062,0.0,0.9817,1.021,0.002093,0.001775,0.002545,40.102909,34.429348
1667235840,52671.1,-0.006843,0.021233,0.000983,-1.210938,0.0,0.9813,1.02,0.001498,0.002213,0.00307,37.985516,30.69927
1668022272,52678.4,-0.003654,0.019019,0.001,-1.210938,0.0,0.9813,1.0204,0.001579,0.001907,0.002632,37.463486,30.741812
1668808704,52685.6,-0.001234,0.018367,0.001029,-1.210938,0.0,0.9814,1.0209,0.001823,0.001879,0.002843,36.834064,30.037848
1669595136,52646.7,-0.00597,0.029794,0.001075,-1.21875,0.0,0.9815,1.0212,0.002065,0.002252,0.002737,35.431488,28.774616
1670381568,52654.5,-0.002544,0.020626,0.001083,-1.21875,0.0,0.9817,1.0213,0.001524,0.002049,0.002839,36.937279,31.023724
1671168000,52662.2,-0.007145,0.019279,0.001009,-1.203125,0.0,0.9817,1.0211,0.001507,0.002662,0.002474,37.621853,31.831137
1671954432,52628.3,-0.001715,0.03039,0.001017,-1.1875,0.0,0.9818,1.0208,0.001284,0.0023,0.002763,36.321983,30.841101
1672740864,52635.9,-0.002385,0.025227,0.001001,-1.15625,0.0,0.9818,1.0207,0.001674,0.002422,0.003179,36.022644,30.351446
1673527296,52643.7,-0.002162,0.018664,0.00099,-1.148438,0.0,0.9818,1.0203,0.001623,0.00172,0.003015,37.694637,32.059792
1674313728,52651.3,0.000809,0.017895,0.001021,-1.140625,0.0,0.9818,1.0196,0.001302,0.001883,0.002635,37.121815,33.07394
1675100160,52618.0,-0.005925,0.026631,0.000974,-1.179688,0.0,0.9819,1.0194,0.001507,0.00174,0.002558,36.469803,32.243286
1675886592,52625.5,-0.008287,0.019156,0.000985,-1.195312,0.0,0.9819,1.0192,0.001458,0.001972,0.002634,35.499275,29.333679
1676673024,52633.1,-0.001674,0.015794,0.000985,-1.179688,0.0,0.982,1.0196,0.001513,0.001882,0.002443,34.944714,29.066189
1677459456,52589.8,-0.005869,0.025026,0.000988,-1.179688,0.0,0.9821,1.0205,0.00141,0.001835,0.002274,36.145065,28.425316
1678245888,52597.4,-0.001411,0.01717,0.001026,-1.125,0.0,0.9823,1.0213,0.001327,0.002067,0.002348,39.300964,35.360332
1679032320,52605.1,-0.002786,0.016777,0.001017,-1.132812,0.0,0.9823,1.0218,0.001346,0.001924,0.002416,38.518898,35.428482
1679818752,52612.5,-0.010514,0.01586,0.001051,-1.171875,0.0,0.9826,1.0226,0.001443,0.001981,0.002389,39.089138,33.651878
1680605184,52593.6,-0.001438,0.031181,0.001067,-1.210938,0.0,0.9827,1.0237,0.001706,0.002113,0.002436,36.380898,28.604351
1681391616,52601.0,-0.00241,0.021525,0.000958,-1.242188,0.0,0.9832,1.0249,0.001464,0.002106,0.002521,35.179199,27.603943
1682178048,52608.7,0.002621,0.019395,0.001043,-1.226562,0.0,0.9834,1.0257,0.001484,0.002004,0.002453,34.940289,28.148825
1682964480,52586.9,0.001647,0.03023,0.001014,-1.226562,0.0,0.9837,1.0266,0.001509,0.00201,0.002363,39.641766,34.478329
1683750912,52594.1,0.0043,0.026393,0.001083,-1.21875,0.0,0.984,1.0278,0.001634,0.002528,0.002698,37.908794,31.86541
1684537344,52601.5,0.00071,0.03017,0.000965,-1.210938,0.0,0.9839,1.028,0.001336,0.002322,0.002481,37.131973,31.336889
1685323776,52608.7,-0.005041,0.027788,0.001001,-1.234375,0.0,0.9839,1.028,0.001911,0.002617,0.002956,36.573872,28.503485
1686110208,52588.6,-0.006812,0.036058,0.001063,-1.210938,0.0,0.9841,1.0284,0.001552,0.002414,0.002483,37.774689,30.325653
1686896640,52596.2,-0.007232,0.017698,0.000957,-1.195312,0.0,0.9841,1.0286,0.001383,0.002344,0.002331,40.110104,33.061108
1687683072,52603.9,-0.004887,0.021165,0.000948,-1.195312,0.0,0.9841,1.0293,0.001495,0.002195,0.002588,38.626667,32.859745
1688469504,52611.4,-0.008995,0.016005,0.001022,-1.21875,0.0,0.9842,1.0307,0.001374,0.002013,0.002266,39.129196,33.630802
1689255936,52592.2,-0.004531,0.031952,0.001043,-1.179688,0.0,0.9844,1.0313,0.001641,0.002004,0.002583,38.046127,31.428381
1690042368,52599.6,0.000248,0.023316,0.000936,-1.148438,0.0,0.9845,1.0315,0.001643,0.001847,0.00277,36.865517,31.424736
1690828800,52607.3,-0.004275,0.017239,0.000921,-1.132812,0.0,0.9847,1.0324,0.001307,0.001608,0.002233,36.95359,31.536652
1691615232,52582.1,0.002188,0.02556,0.000944,-1.132812,0.0,0.9848,1.0328,0.001512,0.001689,0.002481,37.347748,33.111778
1692401664,52589.5,0.001098,0.021734,0.000913,-1.117188,0.0,0.9848,1.0333,0.001553,0.002086,0.002993,39.814827,36.446693
1693188096,52596.3,-0.001387,0.017253,0.000878,-1.117188,0.0,0.9847,1.0332,0.001822,0.001879,0.002869,37.929031,33.101326
1693974528,52603.7,-0.006464,0.016512,0.0009,-1.109375,0.0,0.9847,1.0332,0.001373,0.001813,0.00242,37.997433,34.477509
1694760960,52585.5,-0.003254,0.037183,0.000962,-1.109375,0.0,0.9845,1.0324,0.001776,0.00213,0.002942,36.403843,32.045067
1695547392,52593.2,-0.004586,0.030191,0.001029,-1.140625,0.0,0.9842,1.031,0.001607,0.00203,0.002528,38.754124,35.027939
1696333824,52600.9,-0.003535,0.019659,0.001015,-1.132812,0.0,0.9841,1.0305,0.001347,0.002029,0.002605,38.218971,35.171036
1697120256,52581.9,-0.006581,0.028186,0.000991,-1.101562,0.0,0.9837,1.0296,0.001293,0.001763,0.002168,35.501656,31.066498
1697906688,52589.5,-0.000434,0.025663,0.001026,-1.09375,0.0,0.9835,1.0291,0.001575,0.00197,0.002538,35.395542,31.889381
1698693120,52596.8,-0.000162,0.022403,0.000971,-1.085938,0.0,0.9836,1.0291,0.001446,0.002021,0.002439,35.576283,32.656006
1699479552,52604.4,-0.003432,0.021425,0.001026,-1.101562,0.0,0.9834,1.0285,0.001368,0.001739,0.002282,35.614433,32.880322
1700265984,52578.4,-0.00343,0.029827,0.000964,-1.132812,0.0,0.9834,1.0282,0.001727,0.002125,0.002694,34.863007,31.197105
1701052416,52585.9,0.000187,0.022358,0.000994,-1.140625,0.0,0.9833,1.0276,0.001817,0.002133,0.002483,34.678127,30.203192
1701838848,52593.3,0.004415,0.024326,0.001046,-1.117188,0.0,0.9836,1.0278,0.001575,0.002038,0.00238,35.40012,31.156843
1702625280,52569.1,0.000428,0.033549,0.000998,-1.085938,0.0,0.9837,1.0278,0.001878,0.002222,0.002653,34.432423,28.885412
1703411712,52576.9,-0.000569,0.020664,0.000966,-1.0625,0.0,0.9841,1.0281,0.001532,0.002151,0.002803,34.292393,32.850918
1704198144,52584.8,-0.010906,0.017426,0.000987,-1.070312,0.0,0.9842,1.0279,0.001477,0.001917,0.002555,34.950504,33.589699
1704984576,52590.8,-0.006668,0.017363,0.000948,-1.101562,0.0,0.9843,1.0275,0.0014,0.002109,0.00256,34.828564,33.246296
1705771008,52561.5,-0.003354,0.034768,0.000973,-1.078125,0.0,0.9844,1.0275,0.001317,0.001851,0.002557,36.862511,32.962891
1706557440,52568.8,0.000799,0.021919,0.000895,-1.09375,0.0,0.9844,1.0273,0.001331,0.002097,0.002403,37.43663,32.959
1707343872,52576.3,0.006486,0.018054,0.001024,-1.09375,0.0,0.9846,1.0281,0.001456,0.001716,0.002402,37.113464,33.909908
1708130304,52547.6,-0.000565,0.024977,0.000959,-1.101562,0.0,0.9847,1.0287,0.001351,0.001403,0.00198,36.419537,34.790756
1708916736,52555.5,-5.8e-05,0.026476,0.000972,-1.140625,0.0,0.9849,1.0288,0.001455,0.002412,0.002646,37.506184,34.151241
1709703168,52563.2,-0.007667,0.021868,0.000926,-1.164062,0.0,0.9849,1.0284,0.0014,0.002176,0.002256,36.230156,30.859526
1710489600,52571.0,-0.00364,0.022387,0.000965,-1.15625,0.0,0.9851,1.0283,0.001482,0.002223,0.002298,37.682362,32.468716
1711276032,52521.5,-0.00565,0.028689,0.000984,-1.140625,0.0,0.9853,1.0281,0.001538,0.001833,0.002177,38.292458,33.9851
1712062464,52529.0,-0.010294,0.021484,0.000984,-1.117188,0.0,0.9854,1.0281,0.001536,0.00187,0.002399,38.463879,34.508255
1712848896,52535.4,-0.002161,0.018304,0.001081,-1.109375,0.0,0.9858,1.0294,0.001772,0.00174,0.002156,40.669224,37.013393
1713635328,52542.9,-0.00024,0.020602,0.000977,-1.132812,0.0,0.9863,1.0304,0.00165,0.001827,0.002479,38.823364,35.549034
1714421760,52512.9,-0.005791,0.029822,0.001031,-1.148438,0.0,0.9867,1.0316,0.001493,0.00215,0.002435,38.013031,32.779114
1715208192,52520.5,-0.000303,0.019549,0.001104,-1.164062,0.0,0.9867,1.0319,0.001159,0.00206,0.002211,37.150845,31.013378
1715994624,52528.1,0.000639,0.017861,0.000971,-1.171875,0.0,0.9869,1.0326,0.001182,0.002187,0.00231,35.433277,30.072638
1716781056,52477.5,-0.004807,0.025524,0.000969,-1.148438,0.0,0.9871,1.0333,0.001362,0.001709,0.002347,36.944519,31.932892
1717567488,52484.9,-0.007038,0.013902,0.000974,-1.140625,0.0,0.9872,1.0338,0.00152,0.001755,0.00227,38.936771,35.223969
1718353920,52491.4,0.001226,0.018573,0.000954,-1.148438,0.0,0.9872,1.0345,0.001365,0.002012,0.002309,38.937729,34.186386
1719140352,52497.4,-0.001751,0.014399,0.000938,-1.15625,0.0,0.9872,1.035,0.001489,0.002014,0.002441,37.335049,32.00341
1719926784,52466.6,-0.005075,0.025763,0.001009,-1.15625,0.0,0.9871,1.0351,0.001286,0.001785,0.002707,37.151802,30.678646
1720713216,52473.9,-0.005621,0.017113,0.000953,-1.15625,0.0,0.9871,1.0359,0.001382,0.001904,0.00247,38.018322,32.705654
1721499648,52481.3,-0.000101,0.018957,0.000962,-1.171875,0.0,0.9871,1.0359,0.00162,0.001635,0.002313,35.322304,30.615662
1722286080,52437.0,-0.008193,0.02314,0.001004,-1.164062,0.0,0.9871,1.0365,0.001467,0.001487,0.00243,37.131802,32.377514
1723072512,52444.0,-0.000449,0.022032,0.000979,-1.15625,0.0,0.9869,1.036,0.001826,0.002053,0.003378,36.153507,30.751465
1723858944,52451.2,-0.00278,0.020732,0.000995,-1.179688,0.0,0.9869,1.0356,0.001303,0.001857,0.002494,36.335373,30.700829
1724645376,52458.6,-0.003617,0.021198,0.000967,-1.195312,0.0,0.9868,1.0351,0.001432,0.001946,0.002645,36.753544,31.85877
1725431808,52397.1,-0.009386,0.027171,0.000947,-1.21875,0.0,0.9867,1.0346,0.001356,0.001601,0.002437,35.272236,29.640182
1726218240,52404.4,-0.001655,0.018556,0.000918,-1.21875,0.0,0.9866,1.0347,0.001566,0.001999,0.002493,34.840576,28.519505
1727004672,52412.0,0.00219,0.02215,0.000936,-1.21875,0.0,0.9865,1.0348,0.001333,0.001717,0.002535,35.060928,29.237576
1727791104,52381.4,-0.002695,0.026436,0.000947,-1.1875,0.0,0.9864,1.0348,0.001743,0.001635,0.002095,34.304108,25.983969
1728577536,52388.9,-0.001843,0.021078,0.000996,-1.203125,0.0,0.9862,1.0346,0.002405,0.001832,0.002335,34.507717,28.237396
1729363968,52396.4,-0.002306,0.02194,0.000995,-1.226562,0.0,0.9863,1.0348,0.001944,0.001786,0.002427,36.220509,29.377457
1730150400,52403.9,-8.1e-05,0.02102,0.001066,-1.234375,0.0,0.986,1.0342,0.001823,0.001888,0.002287,36.353546,29.257599
1730936832,52366.0,-0.003976,0.032865,0.000979,-1.203125,0.0,0.9857,1.0341,0.001711,0.002013,0.002661,37.230434,30.683811
1731723264,52373.1,-0.001086,0.024541,0.000958,-1.171875,0.0,0.9853,1.0333,0.001613,0.001944,0.002834,34.361214,28.466797
1732509696,52379.6,-0.002583,0.025534,0.000985,-1.164062,0.0,0.9851,1.0327,0.00157,0.002234,0.002465,33.525528,28.675369
1733296128,52354.4,-0.001697,0.030232,0.000981,-1.132812,0.0,0.9851,1.0324,0.001268,0.001723,0.00219,34.659401,30.586332
1734082560,52362.4,-0.002355,0.02235,0.00102,-1.179688,0.0,0.985,1.032,0.00121,0.00207,0.00219,39.125484,34.428097
1734868992,52369.9,-0.001336,0.017766,0.000958,-1.1875,0.0,0.9848,1.0315,0.001271,0.001937,0.002366,38.497734,32.050461
1735655424,52377.5,-0.002939,0.020264,0.001047,-1.195312,0.0,0.9847,1.0313,0.001292,0.001894,0.00243,38.521519,32.112671
1736441856,52345.3,0.003605,0.030848,0.001022,-1.15625,0.0,0.9848,1.0314,0.001203,0.001742,0.00237,34.802986,29.425863
1737228288,52352.8,-0.006525,0.020476,0.000957,-1.148438,0.0,0.9848,1.0315,0.001298,0.001914,0.002471,39.200859,34.298641
1738014720,52360.2,-0.006857,0.018702,0.000951,-1.164062,0.0,0.9849,1.0314,0.001406,0.00209,0.002449,37.81744,32.264847
1738801152,52367.4,0.001363,0.020766,0.001012,-1.171875,0.0,0.985,1.0315,0.001389,0.001922,0.002303,37.232807,32.436775
1739587584,52338.8,-0.003089,0.029398,0.001014,-1.195312,0.0,0.9852,1.0315,0.001514,0.002156,0.002969,35.471352,29.165443
1740374016,52346.4,-0.006519,0.017789,0.001008,-1.203125,0.0,0.9851,1.0315,0.001459,0.002061,0.00264,38.062717,31.334507
1741160448,52353.7,0.000401,0.018043,0.00112,-1.210938,0.0,0.9849,1.0314,0.001515,0.002014,0.00269,37.372986,30.001707
1741946880,52310.3,-0.000587,0.027738,0.001044,-1.1875,0.0,0.985,1.0318,0.001462,0.001724,0.002008,40.297062,34.102276
1742733312,52318.0,-0.001356,0.019702,0.001046,-1.210938,0.0,0.9848,1.0317,0.001338,0.001741,0.002408,39.462395,33.823681
1743519744,52325.7,0.003018,0.016508,0.001102,-1.21875,0.0,0.9849,1.0318,0.001257,0.001614,0.002302,38.136833,32.339195
1744306176,52332.8,-0.008764,0.01553,0.001055,-1.203125,0.0,0.985,1.0317,0.001322,0.001585,0.002115,38.52589,31.570776
1745092608,52295.4,0.001634,0.033337,0.001165,-1.234375,0.0,0.9849,1.0315,0.001488,0.001687,0.003652,36.847485,28.939146
1745879040,52302.9,0.004454,0.018348,0.001025,-1.242188,0.0,0.9848,1.0315,0.001555,0.001713,0.002686,38.36805,30.484808
1746665472,52309.8,0.001645,0.017907,0.001017,-1.234375,0.0,0.9847,1.0317,0.001361,0.001777,0.002414,37.510838,31.386534
1747451904,52262.0,-0.005701,0.02639,0.001059,-1.226562,0.0,0.9847,1.032,0.001333,0.001586,0.002081,36.452774,29.998318
1748238336,52269.8,-0.00092,0.02113,0.00097,-1.242188,0.0,0.9846,1.032,0.001432,0.001833,0.002633,35.250019,28.1947
1749024768,52277.3,-0.007934,0.016667,0.000998,-1.257812,0.0,0.9849,1.0329,0.001567,0.00172,0.002699,32.88604,25.926498
1749811200,52284.6,-0.000931,0.016911,0.001007,-1.234375,0.0,0.9849,1.0332,0.001259,0.001582,0.002213,34.112785,26.926809
1750597632,52256.7,-0.000625,0.026495,0.000949,-1.21875,0.0,0.9852,1.0338,0.001362,0.001571,0.002534,36.53067,30.309759
1751384064,52264.2,-0.006306,0.01592,0.000925,-1.25,0.0,0.9851,1.0335,0.001276,0.001664,0.002747,34.578945,28.362209
1752170496,52271.8,-0.000168,0.017479,0.000919,-1.203125,0.0,0.985,1.0331,0.001214,0.001625,0.002291,33.780746,26.935324
1752956928,52226.3,-0.002434,0.024837,0.000936,-1.21875,0.0,0.9851,1.0328,0.001153,0.001575,0.002009,37.460117,29.343405
1753743360,52233.9,-0.004026,0.018538,0.000972,-1.242188,0.0,0.9851,1.0328,0.001418,0.002338,0.002743,37.927631,30.47946
1754529792,52241.2,-0.004244,0.017798,0.00102,-1.210938,0.0,0.985,1.0328,0.001287,0.00204,0.002581,36.353336,29.623159
1755316224,52247.4,-0.004023,0.020207,0.001032,-1.195312,0.0,0.9849,1.0325,0.001546,0.001999,0.002491,37.408199,31.431221
1756102656,52216.1,-0.001357,0.03219,0.001033,-1.1875,0.0,0.9849,1.0326,0.00158,0.002073,0.002864,37.081772,31.016922
1756889088,52223.5,-0.00222,0.018832,0.000971,-1.1875,0.0,0.9846,1.032,0.001492,0.001762,0.002842,36.040482,30.140791
1757675520,52230.5,1.4e-05,0.021372,0.000992,-1.179688,0.0,0.9845,1.0321,0.001427,0.001922,0.002407,36.095329,29.81773
1758461952,52189.9,-0.001394,0.026813,0.000995,-1.125,0.0,0.9845,1.0324,0.001389,0.001399,0.00222,32.13018,28.71353
1759248384,52191.9,-0.004879,0.016529,0.00107,-1.125,0.0,0.9846,1.0321,0.00129,0.001601,0.00252,34.967041,33.096863
1760034816,52198.5,-0.008752,0.01478,0.001023,-1.101562,0.0,0.9847,1.032,0.001358,0.001402,0.002387,34.714947,31.396587
1760821248,52206.1,0.003182,0.019429,0.001004,-1.101562,0.0,0.9847,1.0322,0.001161,0.001615,0.00231,34.563824,30.31922
1761607680,52170.0,0.004388,0.03314,0.001039,-1.085938,0.0,0.9849,1.0322,0.001473,0.001764,0.002696,35.762577,32.663979
1762394112,52177.7,-0.000612,0.023487,0.001027,-1.101562,0.0,0.9848,1.032,0.001276,0.001801,0.002709,33.137291,29.827045
1763180544,52184.1,-0.001432,0.021549,0.000915,-1.132812,0.0,0.9848,1.0318,0.001196,0.001644,0.00232,35.773937,31.628494
1763966976,52191.8,0.00098,0.019571,0.000977,-1.148438,0.0,0.9849,1.032,0.001407,0.001808,0.002441,37.265305,33.934353
1764753408,52142.0,-0.004352,0.022857,0.001008,-1.140625,0.0,0.985,1.032,0.001901,0.002178,0.002552,33.682865,27.409267
1765539840,52149.3,-0.001534,0.018948,0.001068,-1.15625,0.0,0.9849,1.0316,0.001644,0.002137,0.002373,33.794338,28.310909
1766326272,52156.9,0.000868,0.017145,0.000956,-1.125,0.0,0.9852,1.0321,0.001473,0.001956,0.001956,33.612011,28.926571
1767112704,52131.1,-0.004169,0.028189,0.001031,-1.117188,0.0,0.9853,1.0324,0.001568,0.001776,0.002319,31.07362,26.684729
1767899136,52136.5,-0.003491,0.020618,0.00094,-1.117188,0.0,0.9856,1.0327,0.002105,0.00193,0.00265,34.428204,32.048759
1768685568,52143.0,-0.005771,0.01932,0.001176,-1.132812,0.0,0.9857,1.033,0.00162,0.002067,0.003017,35.604759,30.774857
1769472000,52150.5,0.001484,0.015377,0.001192,-1.132812,0.0,0.986,1.0338,0.002157,0.001675,0.002642,33.901932,29.375706
1770258432,52120.7,-0.001036,0.029236,0.001032,-1.109375,0.0,0.9862,1.0343,0.001476,0.001667,0.00237,35.794628,31.185186
1771044864,52128.0,0.003429,0.022125,0.001018,-1.125,0.0,0.9864,1.0345,0.001209,0.002026,0.002262,35.603958,31.434353
1771831296,52135.2,-0.002436,0.019731,0.001103,-1.132812,0.0,0.9865,1.0346,0.001274,0.00166,0.002429,35.765617,31.831282
1772617728,52106.0,-0.006645,0.030689,0.000921,-1.140625,0.0,0.9866,1.0345,0.00138,0.001759,0.002552,34.683693,30.628265
1773404160,52113.5,-0.001377,0.021693,0.0009,-1.140625,0.0,0.9867,1.0339,0.00142,0.001774,0.002608,32.752262,28.689323
1774190592,52120.9,-0.002,0.026138,0.000935,-1.125,0.0,0.987,1.034,0.001398,0.001859,0.002271,33.439098,29.346586
1774977024,52127.0,1.7e-05,0.021206,0.000895,-1.101562,0.0,0.9873,1.0337,0.001377,0.00186,0.002281,35.24218,31.815422
1775763456,52019.6,-0.002964,0.035178,0.00093,-1.101562,0.0,0.9874,1.0335,0.001453,0.001742,0.002458,36.036106,32.313759
1776549888,52025.9,-0.004737,0.023295,0.000972,-1.132812,0.0,0.9874,1.0331,0.001753,0.002027,0.002626,38.235477,35.062508
1777336320,52032.2,-0.000272,0.020774,0.00093,-1.148438,0.0,0.9873,1.033,0.001344,0.001871,0.002536,33.329369,29.148525
1778122752,52008.3,0.000488,0.033218,0.00092,-1.101562,0.0,0.9871,1.0326,0.00129,0.001647,0.002375,32.190086,27.003386
1778909184,52015.8,-3.3e-05,0.024253,0.000903,-1.117188,0.0,0.987,1.0324,0.001173,0.001684,0.002235,31.019871,27.643347
1779695616,52023.4,-0.005311,0.019245,0.000912,-1.101562,0.0,0.987,1.0327,0.001421,0.002,0.002452,32.804085,29.349335
1780482048,52031.0,-0.001928,0.018918,0.000886,-1.101562,0.0,0.987,1.0326,0.001344,0.001649,0.002441,33.077984,30.308319
1781268480,51972.7,-0.00588,0.032171,0.001024,-1.085938,0.0,0.9871,1.0329,0.001352,0.001754,0.00206,36.122036,31.118271
1782054912,51980.4,-0.002735,0.019973,0.001035,-1.101562,0.0,0.9871,1.0331,0.001412,0.001567,0.002295,35.201294,31.501806
1782841344,51987.8,0.003153,0.020444,0.000984,-1.085938,0.0,0.9871,1.0333,0.001328,0.001718,0.002364,36.753872,33.217068
1783627776,51960.8,-0.008697,0.0234,0.001183,-1.09375,0.0,0.9872,1.0336,0.001377,0.001358,0.002006,32.191269,30.008007
1784414208,51968.4,-0.001743,0.015063,0.000953,-1.132812,0.0,0.9871,1.0333,0.001537,0.001866,0.002423,34.598118,31.399712
1785200640,51975.3,-0.003497,0.013416,0.000898,-1.148438,0.0,0.9869,1.0329,0.001306,0.0017,0.002175,34.400627,29.691387
1785987072,51982.6,0.000776,0.013933,0.000902,-1.132812,0.0,0.9867,1.0324,0.001215,0.001467,0.002084,33.776031,28.648602
1786773504,51955.3,-0.001567,0.030154,0.000952,-1.117188,0.0,0.9865,1.0319,0.001395,0.001651,0.002386,35.589958,31.911222
1787559936,51962.5,-0.002469,0.017676,0.001002,-1.109375,0.0,0.9862,1.0316,0.001115,0.001672,0.00233,36.384472,33.056381
1788346368,51969.0,0.002141,0.021196,0.001082,-1.101562,0.0,0.986,1.0315,0.001373,0.001667,0.002134,37.490028,35.032295
1789132800,51915.6,-0.005195,0.027254,0.00109,-1.101562,0.0,0.9859,1.0316,0.001137,0.001615,0.002095,37.827179,35.293579
1789919232,51923.0,0.001862,0.021212,0.001016,-1.09375,0.0,0.9859,1.0317,0.001422,0.001913,0.002224,34.905388,30.975136
1790705664,51930.4,0.001282,0.016998,0.001026,-1.117188,0.0,0.9857,1.0318,0.001297,0.001811,0.002504,36.386612,33.336716
1791492096,51937.7,-0.011548,0.013545,0.000955,-1.125,0.0,0.9857,1.0324,0.001113,0.001986,0.002472,36.041744,32.154316
1792278528,51901.4,-0.006753,0.023985,0.001001,-1.140625,0.0,0.9858,1.033,0.001201,0.001534,0.002124,39.963348,34.056595
1793064960,51909.1,-0.00135,0.018516,0.001057,-1.164062,0.0,0.9856,1.0331,0.00147,0.001818,0.002426,36.123341,30.924973
1793851392,51916.6,-0.003917,0.017297,0.001085,-1.15625,0.0,0.9856,1.0335,0.001201,0.001561,0.002145,38.708611,33.06321
1794637824,51924.3,-0.004895,0.018117,0.001126,-1.164062,0.0,0.9857,1.0338,0.001293,0.001694,0.002166,38.481136,33.21106
1795424256,51889.7,0.003654,0.032542,0.001003,-1.117188,0.0,0.9858,1.0343,0.001563,0.002288,0.002557,38.134327,33.477791
1796210688,51897.0,-0.006807,0.016301,0.000971,-1.125,0.0,0.986,1.0351,0.001316,0.001809,0.002607,35.53952,30.646719
1796997120,51902.8,-0.009147,0.01448,0.001063,-1.140625,0.0,0.9861,1.0358,0.001452,0.00151,0.002185,36.111332,31.836279
1797783552,51878.8,-0.000801,0.029213,0.001064,-1.132812,0.0,0.9861,1.0363,0.001458,0.001511,0.002448,37.943096,33.211136
1798569984,51886.1,-0.004159,0.022227,0.000985,-1.164062,0.0,0.9861,1.0361,0.001713,0.002326,0.002738,35.245277,30.602219
1799356416,51893.3,-0.003516,0.018138,0.001036,-1.171875,0.0,0.9863,1.0363,0.001472,0.001723,0.002779,35.848354,29.531445
1800142848,51900.7,-0.000511,0.018883,0.000987,-1.164062,0.0,0.9864,1.0364,0.001322,0.001722,0.002225,36.973419,32.039146
1800929280,51872.0,-0.002564,0.03299,0.001047,-1.125,0.0,0.9865,1.0363,0.001396,0.001953,0.002399,35.78389,30.792671
1801715712,51878.9,-0.008218,0.022064,0.000925,-1.140625,0.0,0.9866,1.0369,0.001626,0.001866,0.002671,34.906555,31.399776
1802502144,51885.2,-0.005106,0.020564,0.000903,-1.132812,0.0,0.9867,1.0373,0.001144,0.001736,0.00235,35.748119,32.054848
1803288576,51850.3,0.001128,0.029877,0.000936,-1.109375,0.0,0.9869,1.038,0.001272,0.001905,0.001885,33.871674,28.854925
1804075008,51858.0,0.006373,0.023288,0.000934,-1.085938,0.0,0.987,1.0381,0.001492,0.001765,0.002647,33.95396,31.205433
1804861440,51865.5,-0.002471,0.020143,0.000954,-1.078125,0.0,0.987,1.0378,0.001454,0.001904,0.002667,33.971035,31.560919
1805647872,51873.0,-0.003719,0.014121,0.000938,-1.078125,0.0,0.987,1.0377,0.001238,0.001841,0.002357,32.760036,31.172401
1806434304,51839.0,-0.003411,0.026272,0.000954,-1.078125,0.0,0.9871,1.0376,0.001385,0.001783,0.002475,35.82024,31.04121
1807220736,51846.6,-0.001362,0.021689,0.000974,-1.117188,0.0,0.9868,1.0373,0.001488,0.001822,0.002662,37.031345,32.639908
1808007168,51854.1,0.001077,0.019812,0.000984,-1.117188,0.0,0.9866,1.0372,0.001455,0.001693,0.002234,35.110264,30.887493
1808793600,51817.5,-0.003785,0.024231,0.001169,-1.109375,0.0,0.9864,1.037,0.001082,0.001345,0.002208,32.102081,28.46183
1809580032,51825.0,-0.00043,0.018881,0.00106,-1.140625,0.0,0.9863,1.0366,0.001462,0.001823,0.002647,34.064278,30.555288
1810366464,51832.3,-0.000126,0.021157,0.001037,-1.140625,0.0,0.9863,1.0364,0.001607,0.001667,0.002532,35.331253,32.492088
1811152896,51839.7,0.000234,0.017351,0.001083,-1.132812,0.0,0.9862,1.0364,0.001368,0.001541,0.002446,35.80267,31.429768
1811939328,51805.6,-0.001238,0.025992,0.001105,-1.09375,0.0,0.9862,1.0364,0.001416,0.00147,0.002352,34.733051,31.219692
1812725760,51813.0,-0.0008,0.021372,0.001064,-1.09375,0.0,0.9862,1.0366,0.001315,0.001579,0.002829,35.178925,31.989662
1813512192,51820.3,-0.002717,0.018384,0.001038,-1.101562,0.0,0.9863,1.0366,0.001152,0.001348,0.002201,36.484489,31.978209
1814298624,51791.1,-0.004902,0.026256,0.001166,-1.109375,0.0,0.9863,1.0365,0.001333,0.001602,0.002538,40.496437,50.492386
1815085056,51798.4,-0.001357,0.0197,0.001052,-1.09375,0.0,0.9862,1.0362,0.001204,0.002021,0.002296,34.289017,30.57839
1815871488,51805.5,-0.000987,0.018106,0.001031,-1.085938,0.0,0.986,1.0358,0.001312,0.001773,0.002419,34.744015,30.613348
1816657920,51812.8,-0.002212,0.013294,0.001002,-1.09375,0.0,0.9857,1.0359,0.001389,0.001629,0.002529,35.272366,33.311005
1817444352,51790.9,-0.003762,0.028113,0.001072,-1.109375,0.0,0.9858,1.0362,0.001558,0.001814,0.002208,34.221966,30.713913
1818230784,51797.4,0.000398,0.022373,0.001097,-1.171875,0.0,0.9856,1.0355,0.0013,0.002134,0.002798,37.13409,33.877174
1819017216,51805.0,0.002445,0.018294,0.000987,-1.15625,0.0,0.9852,1.0349,0.001611,0.001937,0.002481,34.473873,29.264404
1819803648,51812.2,-0.005369,0.016986,0.001049,-1.15625,0.0,0.9847,1.0339,0.001565,0.002164,0.002342,34.589588,28.952162
1820590080,51784.3,0.002062,0.031835,0.001077,-1.1875,0.0,0.9843,1.0329,0.00188,0.001904,0.002884,35.501282,29.471853
1821376512,51791.8,-0.005206,0.019029,0.000963,-1.195312,0.0,0.9838,1.0316,0.001843,0.00181,0.002789,33.468922,28.326916
1822162944,51798.8,-0.002856,0.021448,0.000958,-1.179688,0.0,0.9835,1.031,0.001507,0.001718,0.002585,35.250515,30.320517
1822949376,51775.9,-0.004342,0.024744,0.000959,-1.195312,0.0,0.9837,1.0315,0.001286,0.001514,0.002414,33.191608,27.566259
1823735808,51783.5,0.000389,0.024053,0.001072,-1.148438,0.0,0.9833,1.0309,0.001451,0.001733,0.002652,32.262054,27.610975
1824522240,51791.0,-0.005934,0.019112,0.000975,-1.15625,0.0,0.983,1.0304,0.001328,0.001515,0.002385,36.249054,30.913662
1825308672,51798.4,0.000414,0.01849,0.000913,-1.148438,0.0,0.9829,1.0304,0.001458,0.001619,0.002296,34.216507,28.807323
1826095104,51758.2,-0.004424,0.024637,0.001083,-1.09375,0.0,0.9829,1.0303,0.001196,0.001589,0.00209,35.016132,31.948072
1826881536,51765.2,-0.000403,0.015233,0.001059,-1.125,0.0,0.983,1.0305,0.001224,0.001755,0.002171,37.372337,35.545326
1827667968,51772.3,-0.007977,0.01438,0.000926,-1.15625,0.0,0.9828,1.0305,0.001263,0.001612,0.002125,35.266121,30.204626
1828454400,51742.2,0.002692,0.03171,0.00095,-1.148438,0.0,0.9825,1.0302,0.001266,0.001648,0.002064,36.56485,30.57362
1829240832,51749.7,3.1e-05,0.02585,0.000948,-1.171875,0.0,0.9821,1.0292,0.001438,0.001881,0.00253,38.959728,32.796921
1830027264,51757.2,0.00061,0.023122,0.000953,-1.171875,0.0,0.9819,1.0286,0.001612,0.001562,0.002396,37.999245,33.112652
1830813696,51764.8,0.001174,0.027101,0.000982,-1.15625,0.0,0.9814,1.0275,0.001532,0.001561,0.002255,39.810299,34.943436
1831600128,51736.3,-0.001437,0.033511,0.000973,-1.140625,0.0,0.981,1.0269,0.001366,0.001673,0.002508,38.905258,33.201687
1832386560,51743.6,-0.007675,0.024926,0.000976,-1.164062,0.0,0.981,1.0267,0.001478,0.001737,0.002463,37.362099,32.252972
1833172992,51750.8,-0.000316,0.023142,0.00094,-1.171875,0.0,0.9811,1.0266,0.001479,0.001598,0.002423,37.603699,31.621563
1833959424,51719.2,-0.006352,0.028622,0.001028,-1.164062,0.0,0.9811,1.0266,0.001162,0.001659,0.002289,36.287632,30.042366
1834745856,51726.3,-0.000855,0.024082,0.000961,-1.179688,0.0,0.9811,1.0259,0.001435,0.001681,0.002713,38.360306,33.374153
1835532288,51733.5,-0.006598,0.024378,0.000984,-1.179688,0.0,0.9812,1.0258,0.0016,0.001928,0.003291,38.471992,32.67873
1836318720,51740.7,-0.003045,0.018029,0.00096,-1.171875,0.0,0.9816,1.026,0.001187,0.00196,0.002658,37.52898,31.617191
1837105152,51704.8,-0.011057,0.029314,0.000942,-1.164062,0.0,0.9818,1.026,0.001955,0.001774,0.002603,36.996544,31.290493
1837891584,51712.2,-0.005122,0.023497,0.001015,-1.164062,0.0,0.9821,1.0264,0.001485,0.002065,0.00238,37.553299,32.029049
1838678016,51719.3,-0.004714,0.018629,0.001055,-1.164062,0.0,0.9823,1.0268,0.001471,0.001896,0.002233,37.815998,32.6465
1839464448,51696.2,0.002326,0.0331,0.001005,-1.179688,0.0,0.9826,1.0273,0.001377,0.001958,0.002307,44.945736,50.652573
1840250880,51703.2,-0.005703,0.032197,0.00097,-1.171875,0.0,0.9827,1.0274,0.001699,0.002141,0.002839,37.748276,31.387686
1841037312,51710.4,-0.000432,0.031611,0.001036,-1.179688,0.0,0.9825,1.0272,0.001562,0.002102,0.002605,36.645252,31.475731
1841823744,51717.4,-0.000188,0.030889,0.000972,-1.171875,0.0,0.9826,1.0271,0.001564,0.002136,0.003115,36.887184,30.777248
1842610176,51684.9,0.004139,0.033076,0.001053,-1.15625,0.0,0.9829,1.0276,0.00127,0.001924,0.002527,39.134727,34.139465
1843396608,51692.0,0.000351,0.023125,0.001002,-1.15625,0.0,0.9827,1.0269,0.001298,0.00149,0.002572,39.472042,34.51548
1844183040,51697.6,-0.000537,0.020301,0.000971,-1.164062,0.0,0.9828,1.0264,0.001266,0.001858,0.002449,39.876591,34.669037
1844969472,51703.9,0.002161,0.025105,0.001082,-1.1875,0.0,0.9828,1.026,0.001405,0.001615,0.002411,40.682476,34.198853
1845755904,51674.9,-0.002371,0.033362,0.001044,-1.179688,0.0,0.9828,1.0259,0.001231,0.001974,0.002499,37.380932,30.481537
1846542336,51681.7,-0.003421,0.023624,0.001031,-1.1875,0.0,0.9832,1.0266,0.001412,0.002525,0.002464,39.580063,33.895668
1847328768,51688.4,0.003987,0.026365,0.001046,-1.1875,0.0,0.9834,1.0271,0.001334,0.001761,0.002348,40.170792,35.012325
1848115200,51648.6,-0.000992,0.027094,0.000959,-1.171875,0.0,0.9837,1.0277,0.001177,0.001758,0.002443,35.957928,29.049175
1848901632,51655.6,1.7e-05,0.019692,0.000949,-1.1875,0.0,0.984,1.0283,0.001262,0.00179,0.002455,37.208286,30.658789
1849688064,51662.7,0.007755,0.017871,0.000965,-1.1875,0.0,0.9841,1.0281,0.001155,0.001884,0.002406,35.598068,29.603527
1850474496,51669.5,-0.005683,0.015497,0.000929,-1.171875,0.0,0.9842,1.028,0.001044,0.001396,0.002736,37.578121,31.212017
1851260928,51641.8,0.00139,0.029252,0.001004,-1.132812,0.0,0.9843,1.0278,0.001656,0.00158,0.002145,42.334225,39.111485
1852047360,51649.1,-0.001896,0.027051,0.001009,-1.140625,0.0,0.9843,1.0276,0.001429,0.002074,0.002505,41.308487,37.578167
1852833792,51656.2,0.002284,0.024741,0.001003,-1.140625,0.0,0.9842,1.0277,0.001281,0.001689,0.002262,40.693573,35.151882
1853620224,51617.1,0.001806,0.029561,0.001018,-1.132812,0.0,0.9842,1.0279,0.001381,0.002225,0.00207,38.473995,34.116852
1854406656,51624.0,-0.0039,0.024047,0.001025,-1.148438,0.0,0.9842,1.0284,0.001381,0.002325,0.002042,37.782078,33.031445
1855193088,51631.0,-0.001249,0.021335,0.000972,-1.140625,0.0,0.9841,1.0289,0.001524,0.001867,0.002277,37.136955,32.566551
1855979520,51638.0,0.001345,0.021229,0.000949,-1.132812,0.0,0.9843,1.0297,0.001439,0.00164,0.002274,37.005154,31.92948
1856765952,51615.7,-0.002197,0.027706,0.000908,-1.15625,0.0,0.9843,1.0299,0.001373,0.001556,0.002243,36.385754,30.757221
1857552384,51622.4,-0.008294,0.019262,0.000907,-1.164062,0.0,0.9845,1.0304,0.001322,0.001687,0.002318,37.083141,31.931805
1858338816,51629.4,0.000984,0.01556,0.000912,-1.179688,0.0,0.9847,1.0308,0.001202,0.00156,0.002111,33.703777,27.859732
1859125248,51580.8,-0.001447,0.025328,0.000922,-1.164062,0.0,0.9851,1.0318,0.001122,0.001371,0.002087,37.669151,32.328674
1859911680,51588.0,-0.002849,0.021681,0.001018,-1.140625,0.0,0.9855,1.0326,0.00133,0.00158,0.002423,42.59359,38.467743
1860698112,51595.1,-0.003462,0.0248,0.001025,-1.140625,0.0,0.9858,1.0336,0.001162,0.001628,0.002449,44.949379,40.163834
1861484544,51602.3,-0.003543,0.020333,0.000945,-1.125,0.0,0.9859,1.0342,0.001458,0.001896,0.002377,43.235184,38.162437
1862270976,51564.6,-0.0047,0.025517,0.000915,-1.125,0.0,0.9858,1.0342,0.001148,0.001409,0.002167,39.852455,34.019135
1863057408,51571.5,-0.001557,0.01764,0.000895,-1.132812,0.0,0.9861,1.035,0.001309,0.001489,0.002311,38.952579,33.417866
1863843840,51577.8,-0.001225,0.016566,0.000962,-1.09375,0.0,0.9864,1.0359,0.00117,0.001613,0.00196,37.088379,32.789928
1864630272,51540.9,-0.000797,0.024888,0.000861,-1.101562,0.0,0.9866,1.0365,0.001152,0.001294,0.002341,44.26572,53.510052
1865416704,51547.9,-0.003486,0.020871,0.000912,-1.132812,0.0,0.9868,1.037,0.001154,0.001912,0.002407,38.790482,33.890724
1866203136,51555.1,0.002395,0.026461,0.000956,-1.117188,0.0,0.9868,1.0371,0.001281,0.002024,0.002582,39.392033,33.916115
1866989568,51562.0,-0.008698,0.023206,0.001009,-1.117188,0.0,0.9868,1.0373,0.001349,0.001762,0.002774,39.739552,35.269585
1867776000,51534.0,0.001754,0.033762,0.001035,-1.125,0.0,0.9869,1.0375,0.001442,0.001608,0.002241,41.344803,36.271374
1868562432,51540.6,-0.003777,0.023905,0.001067,-1.179688,0.0,0.9869,1.0373,0.001644,0.001839,0.002815,43.258308,37.659405
1869348864,51547.9,-0.005255,0.018536,0.001033,-1.195312,0.0,0.9868,1.0374,0.001245,0.00185,0.00252,40.487713,35.570137
1870135296,51554.7,-0.0024,0.019724,0.000993,-1.179688,0.0,0.9868,1.0375,0.001428,0.00176,0.00267,40.536922,34.089596
1870921728,51516.6,-0.004783,0.033074,0.001032,-1.148438,0.0,0.9868,1.0367,0.001498,0.001699,0.002343,39.415558,33.509972
1871708160,51523.7,-0.011837,0.018059,0.000999,-1.15625,0.0,0.9866,1.0357,0.001579,0.001772,0.002513,36.629997,31.740189
1872494592,51530.3,-0.000997,0.021042,0.001,-1.15625,0.0,0.9865,1.0346,0.001511,0.001601,0.002441,40.264187,35.146873
1873281024,51511.2,0.000981,0.030465,0.000969,-1.15625,0.0,0.9864,1.0339,0.001264,0.001505,0.002188,38.585346,34.329758
1874067456,51518.5,0.004335,0.025494,0.000976,-1.171875,0.0,0.9864,1.0339,0.001357,0.001862,0.0022,37.59008,30.940166
1874853888,51525.5,-0.006269,0.022285,0.001063,-1.179688,0.0,0.9863,1.0337,0.001293,0.001936,0.002172,38.116405,32.575397
1875640320,51532.6,-0.005247,0.021147,0.001068,-1.164062,0.0,0.9861,1.0334,0.001256,0.001479,0.002067,36.52494,30.450939
1876426752,51503.7,0.000246,0.026883,0.001002,-1.164062,0.0,0.9861,1.0329,0.001509,0.001601,0.002055,37.116341,30.88702
1877213184,51510.4,-0.000875,0.020263,0.001168,-1.148438,0.0,0.9862,1.0325,0.00147,0.001692,0.002058,36.07856,31.20747
1877999616,51516.9,0.00165,0.01597,0.001091,-1.140625,0.0,0.9863,1.0321,0.001199,0.001518,0.001989,36.386513,31.148346
1878786048,51489.7,0.004238,0.028864,0.001114,-1.15625,0.0,0.9863,1.0319,0.001324,0.001583,0.001985,38.086357,34.186066
1879572480,51496.5,0.000541,0.022171,0.001008,-1.148438,0.0,0.9863,1.0313,0.001329,0.001607,0.002569,38.048359,32.538502
1880358912,51502.8,-0.001622,0.019504,0.000988,-1.15625,0.0,0.9862,1.0304,0.001286,0.00183,0.002653,37.829834,33.133881
1881145344,51509.7,-0.000522,0.017298,0.00102,-1.164062,0.0,0.9861,1.0296,0.001383,0.001784,0.002435,37.374413,32.129009
1881931776,51489.9,0.002724,0.030763,0.001016,-1.117188,0.0,0.9862,1.0294,0.001218,0.00167,0.002759,35.897053,31.073172
1882718208,51496.9,-0.002616,0.023074,0.000913,-1.117188,0.0,0.9861,1.0291,0.001422,0.001874,0.002932,36.677979,32.819618
1883504640,51503.9,-0.002524,0.019524,0.000884,-1.132812,0.0,0.986,1.0292,0.001047,0.001608,0.002613,37.436314,33.425171
1884291072,51468.8,0.001915,0.02801,0.000882,-1.117188,0.0,0.9859,1.0294,0.001067,0.001316,0.002547,35.768929,30.514904
1885077504,51474.9,-0.002044,0.029884,0.000914,-1.109375,0.0,0.9859,1.0295,0.001334,0.002056,0.002932,37.633099,34.13652
1885863936,51481.5,-0.003875,0.021892,0.00092,-1.101562,0.0,0.9861,1.0301,0.001235,0.001654,0.002632,39.033756,36.447456
1886650368,51487.9,0.001186,0.021578,0.000928,-1.109375,0.0,0.9861,1.0306,0.001252,0.001689,0.002508,38.693958,34.684284
1887436800,51465.3,-0.001239,0.030493,0.000907,-1.109375,0.0,0.9862,1.0309,0.001174,0.00189,0.002623,38.275131,33.850487
1888223232,51471.8,0.010294,0.022139,0.001,-1.109375,0.0,0.9863,1.0314,0.001341,0.001501,0.002006,39.608257,36.007713
1889009664,51478.5,0.002323,0.021075,0.000946,-1.101562,0.0,0.9865,1.0321,0.001353,0.001738,0.002402,39.417789,35.867874
1889796096,51443.0,-0.002281,0.029812,0.000929,-1.085938,0.0,0.9867,1.0326,0.001284,0.001236,0.002198,44.576321,52.635235
1890582528,51450.3,0.000542,0.023674,0.000939,-1.148438,0.0,0.9868,1.0329,0.00152,0.001454,0.002359,36.379055,31.490814
1891368960,51457.5,0.001069,0.016284,0.00096,-1.179688,0.0,0.987,1.0335,0.001345,0.001587,0.002279,37.059723,31.287975
1892155392,51464.0,-0.007089,0.013989,0.000916,-1.179688,0.0,0.9872,1.0342,0.001029,0.001714,0.002102,39.199608,33.162529
1892941824,51442.1,-0.009635,0.026567,0.000947,-1.125,0.0,0.9874,1.0349,0.001111,0.001623,0.002058,36.360836,31.240158
1893728256,51449.1,-0.004702,0.022718,0.001011,-1.109375,0.0,0.9875,1.0355,0.001334,0.001919,0.002505,39.487522,35.480495
1894514688,51455.4,-0.000547,0.024035,0.000956,-1.109375,0.0,0.9875,1.0362,0.001163,0.002188,0.002334,38.486538,35.554932
1895301120,51462.5,-0.001472,0.017778,0.00094,-1.09375,0.0,0.9876,1.0369,0.001414,0.001715,0.00233,37.572735,34.25816
1896087552,51413.1,-0.002669,0.030779,0.000953,-1.070312,0.0,0.9875,1.0369,0.001284,0.001877,0.002371,36.372566,33.718243
1896873984,51419.5,-0.004732,0.022617,0.000879,-1.070312,0.0,0.9876,1.0372,0.001334,0.001847,0.002444,35.814766,32.901802
1897660416,51426.4,0.000335,0.022956,0.000894,-1.085938,0.0,0.9876,1.0376,0.001228,0.002159,0.002618,36.857521,34.312828
1898446848,51403.0,-0.007108,0.028278,0.000906,-1.078125,0.0,0.9877,1.0381,0.001314,0.001737,0.002391,35.923782,33.743538
1899233280,51410.0,-0.006412,0.021595,0.000899,-1.085938,0.0,0.9877,1.0379,0.001186,0.001807,0.002552,37.056038,33.974487
1900019712,51416.9,0.001747,0.02709,0.000959,-1.09375,0.0,0.9877,1.0377,0.001409,0.001994,0.002396,36.484329,33.220898
1900806144,51423.5,-0.003125,0.017943,0.000958,-1.101562,0.0,0.9878,1.0374,0.001404,0.001541,0.002156,35.120174,31.460173
1901592576,51403.3,-0.002589,0.029487,0.001085,-1.0625,0.0,0.9878,1.037,0.0013,0.001845,0.002248,36.316025,33.726334
1902379008,51410.0,-0.007529,0.01547,0.000978,-1.085938,0.0,0.9878,1.0367,0.001151,0.00215,0.002039,39.929771,38.557972
1903165440,51416.0,-0.005088,0.018374,0.000959,-1.101562,0.0,0.9878,1.0362,0.001308,0.001831,0.002121,42.184315,39.409142
1903951872,51387.7,-0.002686,0.027105,0.000973,-1.09375,0.0,0.9879,1.036,0.001081,0.001588,0.001815,37.156498,34.386314
1904738304,51394.7,-0.001639,0.023659,0.000975,-1.132812,0.0,0.9877,1.0361,0.001493,0.001728,0.002442,37.069481,31.209539
1905524736,51401.5,0.001477,0.019235,0.000945,-1.125,0.0,0.9875,1.0364,0.001298,0.00135,0.00234,37.688049,32.659393
1906311168,51408.0,-0.000193,0.016468,0.000917,-1.148438,0.0,0.9874,1.0366,0.001601,0.001478,0.002249,37.406281,32.956165
1907097600,51385.9,-0.006247,0.028792,0.000963,-1.125,0.0,0.9873,1.0367,0.001206,0.001613,0.002156,37.314201,31.627121
1907884032,51392.6,-0.010159,0.021333,0.001009,-1.125,0.0,0.9873,1.0367,0.001323,0.001735,0.002352,41.199005,37.233047
1908670464,51399.3,-0.001489,0.026877,0.00095,-1.09375,0.0,0.9871,1.036,0.00123,0.001825,0.002496,39.607662,35.972301
1909456896,51364.8,0.000159,0.033702,0.000937,-1.078125,0.0,0.9872,1.0354,0.001207,0.00146,0.002123,35.76582,30.209869
1910243328,51371.4,-0.005128,0.017701,0.000884,-1.132812,0.0,0.987,1.0347,0.00141,0.001825,0.003107,37.21817,33.419991
1911029760,51378.3,0.004957,0.017543,0.000871,-1.117188,0.0,0.9867,1.0343,0.00108,0.001596,0.002251,37.367229,33.370773
1911816192,51385.1,-0.006947,0.017018,0.00093,-1.132812,0.0,0.9865,1.0337,0.001237,0.001525,0.002527,39.012394,34.275826
1912602624,51353.0,-0.003856,0.028067,0.000908,-1.125,0.0,0.9863,1.0333,0.001068,0.001574,0.002635,38.318676,33.797829
1913389056,51359.9,-0.003682,0.023051,0.000929,-1.125,0.0,0.9863,1.033,0.00116,0.001487,0.002781,37.680531,32.994171
1914175488,51366.5,-0.005216,0.018357,0.000903,-1.132812,0.0,0.9864,1.0333,0.001196,0.001578,0.002604,38.661308,34.706566
1914961920,51327.9,-0.000905,0.024716,0.000982,-1.101562,0.0,0.9866,1.0337,0.001149,0.001528,0.002349,46.864113,50.205711
1915748352,51334.8,0.003191,0.021835,0.000935,-1.179688,0.0,0.9865,1.0332,0.001804,0.001837,0.003391,39.79018,33.876137
1916534784,51341.9,-0.002281,0.022051,0.000955,-1.171875,0.0,0.9865,1.0333,0.001823,0.00172,0.002642,39.76355,33.393051
1917321216,51348.8,0.002715,0.019126,0.000989,-1.1875,0.0,0.9866,1.0333,0.001245,0.001867,0.002317,39.113235,33.287247
1918107648,51331.4,-0.002779,0.02758,0.000988,-1.140625,0.0,0.9867,1.0338,0.001212,0.001622,0.002489,42.707577,37.714714
1918894080,51338.6,-0.005329,0.022488,0.000932,-1.132812,0.0,0.9866,1.0339,0.00133,0.001929,0.002758,41.535793,36.496563
1919680512,51345.8,-0.002997,0.020792,0.000912,-1.148438,0.0,0.9866,1.0347,0.001121,0.001859,0.002766,40.937389,36.236439
1920466944,51352.9,-0.00374,0.017679,0.000901,-1.148438,0.0,0.9867,1.0356,0.001251,0.001813,0.002423,40.154404,34.083031
1921253376,51328.6,0.0061,0.026106,0.000934,-1.101562,0.0,0.9866,1.0354,0.001617,0.001484,0.002184,41.420021,36.388992
1922039808,51335.3,0.002082,0.017849,0.000979,-1.109375,0.0,0.9869,1.0352,0.001657,0.001622,0.002342,38.958195,34.177963
1922826240,51342.1,-0.002645,0.017516,0.000969,-1.125,0.0,0.9872,1.035,0.001248,0.00168,0.002563,40.750328,35.97739
1923612672,51317.6,-0.005682,0.027837,0.000929,-1.117188,0.0,0.9875,1.0351,0.001236,0.00178,0.001927,42.084118,37.212566
1924399104,51324.6,0.001745,0.026309,0.000941,-1.140625,0.0,0.9875,1.035,0.001326,0.001994,0.002097,40.998215,36.748257
1925185536,51331.4,0.00447,0.028427,0.001039,-1.15625,0.0,0.9875,1.0348,0.001236,0.002002,0.002518,39.970409,34.475109
1925971968,51338.4,-0.005889,0.019877,0.000941,-1.15625,0.0,0.9874,1.0347,0.001076,0.001673,0.002146,40.190121,34.573029
1926758400,51316.4,-0.001954,0.031892,0.000985,-1.140625,0.0,0.9873,1.0342,0.001224,0.001669,0.002507,40.113895,34.880051
1927544832,51322.7,-0.008533,0.02248,0.000931,-1.140625,0.0,0.9874,1.0341,0.001281,0.001676,0.002347,39.294807,33.765923
1928331264,51329.5,-0.003599,0.019428,0.000932,-1.15625,0.0,0.9872,1.0336,0.001327,0.001423,0.002582,40.534515,36.291122
1929117696,51295.6,-0.005298,0.0309,0.000971,-1.132812,0.0,0.9872,1.0334,0.001185,0.001382,0.00222,40.947845,37.886303
1929904128,51302.3,0.003996,0.023826,0.000958,-1.148438,0.0,0.9871,1.0331,0.001514,0.002062,0.002947,42.145752,37.511658
1930690560,51308.4,0.002052,0.019171,0.000993,-1.140625,0.0,0.9871,1.0332,0.001308,0.00216,0.002291,41.251686,36.723751
1931476992,51315.3,-0.005817,0.017722,0.000973,-1.148438,0.0,0.9868,1.0326,0.001122,0.001698,0.002174,41.56324,36.019146
1932263424,51288.5,-0.008713,0.027274,0.001201,-1.148438,0.0,0.9868,1.0326,0.001463,0.001554,0.001964,39.448681,35.616009
1933049856,51295.5,-0.000307,0.019237,0.001036,-1.132812,0.0,0.9868,1.0332,0.001197,0.001391,0.001737,40.834332,35.531883
1933836288,51301.4,-0.00558,0.014526,0.001022,-1.140625,0.0,0.9869,1.0338,0.001195,0.001561,0.001724,40.08231,34.925053
1934622720,51268.3,0.001135,0.02768,0.000948,-1.117188,0.0,0.9869,1.0341,0.001154,0.001264,0.001724,37.117947,31.157696
1935409152,51275.0,-0.002608,0.020823,0.000983,-1.117188,0.0,0.9867,1.0336,0.001364,0.001493,0.002212,38.352093,34.691673
1936195584,51281.9,-0.00358,0.020031,0.000969,-1.101562,0.0,0.9867,1.0334,0.001018,0.00157,0.002117,40.869392,39.044662
1936982016,51288.8,-0.000274,0.02273,0.001014,-1.140625,0.0,0.9867,1.0331,0.001251,0.001391,0.001972,38.940895,34.75708
1937768448,51267.2,-0.006815,0.029117,0.001148,-1.117188,0.0,0.9866,1.0326,0.000997,0.001867,0.001801,39.211174,32.775097
1938554880,51274.1,-0.001081,0.020136,0.001106,-1.140625,0.0,0.9866,1.0326,0.001308,0.002305,0.002004,38.312233,32.449787
1939341312,51281.1,-0.00259,0.020445,0.001082,-1.140625,0.0,0.9865,1.0326,0.001127,0.001506,0.001983,39.749496,35.238583
1940127744,51259.8,-0.001364,0.027223,0.001001,-1.125,0.0,0.9863,1.0325,0.001219,0.00131,0.00197,46.018044,48.569241
1940914176,51266.8,0.000533,0.02747,0.000987,-1.164062,0.0,0.9862,1.0322,0.001649,0.001587,0.0021,39.956181,34.869762
1941700608,51273.7,0.000478,0.018582,0.001031,-1.164062,0.0,0.9862,1.0324,0.001291,0.001707,0.002048,39.717857,34.951229
1942487040,51280.5,-0.003835,0.017407,0.001064,-1.1875,0.0,0.9864,1.033,0.001111,0.0016,0.001898,39.430466,33.223099
1943273472,51262.6,0.001176,0.031304,0.001122,-1.1875,0.0,0.9865,1.0334,0.001176,0.001914,0.002518,37.422161,31.333439
1944059904,51269.6,-0.009894,0.020372,0.00099,-1.195312,0.0,0.9866,1.0333,0.001365,0.001761,0.002627,38.862335,32.864372
1944846336,51276.6,-0.000718,0.016379,0.000951,-1.1875,0.0,0.9868,1.0337,0.001346,0.001964,0.002812,39.978912,34.148651
1945632768,51280.4,0.005601,0.018396,0.000993,-1.179688,0.0,0.9871,1.0341,0.001216,0.001901,0.002505,37.9006,31.898687
1946419200,51247.2,-0.002087,0.024162,0.000951,-1.15625,0.0,0.987,1.0345,0.00125,0.001512,0.002508,37.732269,32.531357
1947205632,51254.1,-0.002823,0.016035,0.000959,-1.195312,0.0,0.987,1.035,0.001296,0.001445,0.002184,37.286793,31.103027
1947992064,51261.1,-0.002349,0.013692,0.000921,-1.203125,0.0,0.9871,1.036,0.001307,0.001468,0.002045,38.128647,31.507187
1948778496,51237.4,0.001569,0.02383,0.00102,-1.171875,0.0,0.9873,1.0367,0.001173,0.001446,0.002021,39.207874,33.465843
1949564928,51244.2,0.005511,0.019292,0.001042,-1.195312,0.0,0.9872,1.0362,0.001393,0.001587,0.002241,37.35511,30.443029
1950351360,51251.0,-0.00684,0.014148,0.00103,-1.1875,0.0,0.987,1.0356,0.001244,0.001751,0.002324,37.460938,31.007071
1951137792,51257.8,-0.003256,0.018053,0.001024,-1.164062,0.0,0.987,1.0349,0.001389,0.001265,0.002479,38.348465,32.363091
1951924224,51239.1,0.003266,0.02446,0.00101,-1.140625,0.0,0.9868,1.0346,0.001179,0.001553,0.002215,37.566456,32.612473
1952710656,51245.4,-0.000339,0.020069,0.000959,-1.164062,0.0,0.9869,1.0349,0.001193,0.001615,0.002274,37.961926,33.073719
1953497088,51251.6,0.000694,0.013923,0.000951,-1.148438,0.0,0.987,1.0354,0.001204,0.001719,0.002154,39.073433,35.217487
1954283520,51225.9,-0.00754,0.026746,0.001034,-1.140625,0.0,0.9871,1.0356,0.001055,0.001479,0.00204,38.469646,33.422527
1955069952,51232.7,-0.000631,0.022566,0.000944,-1.164062,0.0,0.9873,1.0361,0.001158,0.001626,0.00225,35.99498,30.586121
1955856384,51239.5,0.000966,0.018435,0.000999,-1.15625,0.0,0.9874,1.0367,0.001119,0.001448,0.002009,36.977779,31.731503
1956642816,51246.3,0.000943,0.018911,0.000968,-1.164062,0.0,0.9875,1.0372,0.001119,0.001386,0.001839,36.158585,31.595541
1957429248,51226.9,0.000746,0.025892,0.001105,-1.117188,0.0,0.9878,1.0381,0.001183,0.001382,0.001916,39.880547,36.38958
1958215680,51233.6,-0.002131,0.020755,0.000991,-1.132812,0.0,0.9879,1.0388,0.001294,0.001472,0.002043,37.765244,32.803204
1959002112,51240.2,-0.001691,0.016827,0.000946,-1.132812,0.0,0.988,1.0393,0.001153,0.001664,0.002112,38.427853,34.146027
1959788544,51217.9,0.000974,0.028095,0.000975,-1.125,0.0,0.988,1.0397,0.001343,0.001675,0.002149,35.939468,30.367752
1960574976,51224.8,-0.005474,0.017712,0.000964,-1.132812,0.0,0.988,1.0396,0.001596,0.002114,0.0026,36.870724,32.816391
1961361408,51231.4,-0.003552,0.021599,0.000978,-1.109375,0.0,0.9883,1.0405,0.001488,0.00166,0.002272,37.312691,33.662918
1962147840,51237.4,-0.006228,0.014504,0.000974,-1.101562,0.0,0.9886,1.041,0.001376,0.001879,0.002456,37.659119,33.442894
1962934272,51217.6,-0.003747,0.027761,0.000987,-1.125,0.0,0.9887,1.0415,0.001202,0.001546,0.002326,38.086834,33.924934
1963720704,51224.4,-0.001754,0.017189,0.000973,-1.164062,0.0,0.9887,1.0413,0.001106,0.001473,0.002255,37.871498,31.681084
1964507136,51231.1,0.001027,0.017155,0.000976,-1.15625,0.0,0.9887,1.041,0.001071,0.001559,0.002323,37.812057,33.916428
1965293568,51209.6,-0.001502,0.020847,0.000997,-1.132812,0.0,0.9887,1.0406,0.001117,0.001405,0.001941,40.976894,41.201515
1966080000,51216.4,0.000574,0.023459,0.000953,-1.15625,0.0,0.9886,1.0398,0.001627,0.00196,0.002432,34.586761,30.034454
1966866432,51223.0,-0.003731,0.023079,0.000946,-1.179688,0.0,0.9885,1.0397,0.001372,0.001881,0.002409,35.088799,29.238216
1967652864,51229.6,-0.003813,0.021949,0.000905,-1.164062,0.0,0.9884,1.0394,0.001214,0.00179,0.002232,35.098064,29.749319
1968439296,51204.0,0.003303,0.023702,0.00094,-1.171875,0.0,0.9883,1.0395,0.001241,0.001435,0.001959,37.561092,32.303539
1969225728,51210.3,-0.002754,0.013057,0.000952,-1.179688,0.0,0.9885,1.04,0.001492,0.001694,0.001963,37.044876,31.397123
1970012160,51215.5,-0.006025,0.01179,0.000951,-1.164062,0.0,0.9886,1.0405,0.001298,0.001382,0.001956,37.635235,32.153667
1970798592,51221.9,-0.002244,0.012543,0.000964,-1.164062,0.0,0.9887,1.0407,0.001335,0.001307,0.001971,38.78727,33.996212
1971585024,51204.2,0.000571,0.037723,0.001009,-1.179688,0.0,0.9886,1.0401,0.001382,0.001762,0.002364,34.834496,28.895367
1972371456,51210.8,-0.002092,0.023719,0.000986,-1.1875,0.0,0.9885,1.0399,0.001356,0.002141,0.002352,35.454681,29.086929
1973157888,51217.3,-0.008179,0.017531,0.000965,-1.1875,0.0,0.9883,1.0394,0.001362,0.002072,0.002509,35.333748,29.867086
1973944320,51195.9,0.001014,0.028491,0.000994,-1.179688,0.0,0.9883,1.0394,0.001219,0.001706,0.002132,39.270329,32.601601
1974730752,51202.7,-0.001379,0.018015,0.000889,-1.179688,0.0,0.9882,1.0391,0.001089,0.001568,0.001933,38.430279,32.753834
1975517184,51209.7,0.005812,0.018377,0.000982,-1.203125,0.0,0.9881,1.0389,0.001112,0.001676,0.002197,37.689262,32.002468
1976303616,51216.7,-0.002832,0.016661,0.000905,-1.203125,0.0,0.9881,1.0386,0.000996,0.001426,0.002041,38.362316,31.709799
1977090048,51186.9,0.001447,0.031045,0.000951,-1.179688,0.0,0.988,1.0383,0.001085,0.001475,0.001897,37.480526,32.181679
1977876480,51193.4,-0.005104,0.020248,0.000969,-1.171875,0.0,0.9878,1.0381,0.00113,0.001645,0.002192,36.019833,29.788219
1978662912,51200.0,-0.004289,0.02449,0.00101,-1.171875,0.0,0.9876,1.0379,0.00108,0.001819,0.002311,37.903046,32.947262
1979449344,51160.5,-0.005378,0.025382,0.000985,-1.1875,0.0,0.9876,1.0379,0.00108,0.001689,0.002082,38.796959,32.246651
1980235776,51166.8,0.001614,0.022819,0.001057,-1.21875,0.0,0.9874,1.0374,0.001271,0.001456,0.002076,35.278831,27.730047
1981022208,51173.5,0.001042,0.022957,0.001022,-1.203125,0.0,0.9874,1.0375,0.001256,0.001565,0.002054,36.671642,30.36282
1981808640,51180.3,0.001098,0.018334,0.000973,-1.1875,0.0,0.9874,1.0376,0.001413,0.001604,0.001815,37.798561,32.4617
1982595072,51161.6,-0.004298,0.028909,0.000975,-1.132812,0.0,0.9874,1.0375,0.001284,0.001479,0.002126,39.108723,35.286968
1983381504,51168.2,-0.002758,0.026012,0.000953,-1.15625,0.0,0.9874,1.0378,0.001333,0.001679,0.002453,38.708931,33.621067
1984167936,51174.2,-0.002744,0.0185,0.000964,-1.15625,0.0,0.9875,1.0382,0.00103,0.001624,0.00199,36.894379,31.743618
1984954368,51145.9,-0.00018,0.025326,0.000993,-1.117188,0.0,0.9878,1.0392,0.001011,0.001354,0.002285,35.179188,28.651962
1985740800,51152.8,-0.002404,0.016762,0.000995,-1.117188,0.0,0.9876,1.0391,0.001512,0.001563,0.001939,36.804558,33.493057
1986527232,51159.8,-0.004244,0.014639,0.001008,-1.125,0.0,0.9875,1.0389,0.001196,0.001499,0.00213,39.078915,35.221359
1987313664,51166.7,0.000868,0.015569,0.00097,-1.117188,0.0,0.9873,1.0387,0.001101,0.001409,0.002236,39.493263,35.045609
1988100096,51141.5,-0.003616,0.027379,0.001051,-1.117188,0.0,0.9872,1.0384,0.001354,0.001255,0.002541,38.669395,33.933952
1988886528,51147.3,-0.003619,0.016976,0.000985,-1.132812,0.0,0.9873,1.039,0.001332,0.001411,0.002784,37.384068,32.225132
1989672960,51154.0,0.001988,0.017763,0.00098,-1.148438,0.0,0.9873,1.0391,0.00115,0.001285,0.002488,37.88805,33.446705
1990459392,51132.3,-0.010534,0.021709,0.000909,-1.125,0.0,0.9874,1.0394,0.001069,0.001207,0.001894,43.640835,44.845688
1991245824,51139.1,-0.003042,0.016613,0.001024,-1.140625,0.0,0.9874,1.0396,0.001269,0.00173,0.002451,37.481724,34.430458
1992032256,51146.0,-0.000126,0.017698,0.000991,-1.15625,0.0,0.9874,1.0395,0.001111,0.001575,0.002237,37.788197,32.3992
1992818688,51152.1,0.004606,0.021074,0.001059,-1.132812,0.0,0.9873,1.0391,0.001103,0.001667,0.002301,35.619015,30.053825
1993605120,51122.8,-0.00331,0.024278,0.000994,-1.117188,0.0,0.9873,1.0392,0.001153,0.001541,0.002158,38.8992,34.111538
1994391552,51129.5,-0.002239,0.02029,0.000966,-1.171875,0.0,0.9872,1.0393,0.001565,0.001861,0.002095,39.483112,34.147198
1995177984,51136.0,-0.003416,0.01919,0.000933,-1.140625,0.0,0.9873,1.0394,0.001297,0.00135,0.001858,39.914337,34.984459
1995964416,51142.7,-0.001604,0.021476,0.001046,-1.148438,0.0,0.9875,1.0398,0.001384,0.001762,0.002205,36.901302,32.153046
1996750848,51120.4,0.001181,0.033682,0.001038,-1.109375,0.0,0.9874,1.0395,0.001335,0.001566,0.002391,38.611,34.030083
1997537280,51127.1,-0.006126,0.019884,0.000944,-1.117188,0.0,0.9876,1.0395,0.001047,0.001896,0.002346,36.553684,31.659262
1998323712,51133.6,-0.003043,0.025182,0.000947,-1.132812,0.0,0.9877,1.039,0.001271,0.001711,0.002439,38.338253,33.833645
1999110144,51114.0,-0.000584,0.02534,0.001035,-1.117188,0.0,0.9878,1.0391,0.001321,0.001291,0.001999,38.926819,33.641121
1999896576,51120.6,-0.003771,0.019503,0.001107,-1.171875,0.0,0.9876,1.0391,0.001281,0.001971,0.0022,37.339817,31.20393
2000683008,51126.3,-0.003145,0.021037,0.001056,-1.164062,0.0,0.9875,1.0391,0.001127,0.001935,0.002212,35.985386,30.435925
2001469440,50325.7,0.004205,0.016676,0.001011,-1.164062,0.0,0.9874,1.0391,0.001347,0.001669,0.002029,37.539921,32.049908
2002255872,50302.4,-0.005461,0.026389,0.001,-1.171875,0.0,0.9873,1.0388,0.001318,0.001487,0.001912,36.884521,31.225101
2003042304,50308.4,-0.004339,0.016574,0.000952,-1.179688,0.0,0.9872,1.0387,0.001006,0.001386,0.001756,37.568989,32.011288
2003828736,50315.6,0.003077,0.014038,0.000945,-1.195312,0.0,0.9871,1.0386,0.00102,0.001334,0.001932,38.105583,32.441395
2004615168,50287.5,-0.001522,0.024878,0.000996,-1.171875,0.0,0.9873,1.039,0.001108,0.001246,0.001821,41.387722,36.917305
2005401600,50288.4,0.001178,0.016687,0.001011,-1.140625,0.0,0.9873,1.0387,0.001082,0.001477,0.002174,40.71162,36.198868
2006188032,50291.1,-0.001679,0.016974,0.000987,-1.179688,0.0,0.9873,1.0386,0.00134,0.001508,0.00199,38.334869,32.306618
2006974464,50297.7,2.8e-05,0.016151,0.000973,-1.195312,0.0,0.9875,1.0388,0.001101,0.001393,0.00202,37.171009,31.054602
2007760896,50275.3,0.00192,0.026445,0.001037,-1.179688,0.0,0.9875,1.0386,0.001431,0.001405,0.002207,40.452412,34.556274
2008547328,50280.9,-0.000856,0.016113,0.001027,-1.179688,0.0,0.9875,1.0383,0.001307,0.001605,0.002255,36.876274,30.344275
2009333760,50287.9,0.002303,0.018478,0.000971,-1.171875,0.0,0.9875,1.0384,0.001131,0.001543,0.002205,41.201527,35.575226
2010120192,50268.1,-0.003031,0.028853,0.000952,-1.148438,0.0,0.9876,1.0384,0.000994,0.001421,0.002127,37.006329,28.876808
2010906624,50275.0,-0.001197,0.024289,0.000948,-1.148438,0.0,0.9877,1.0379,0.001307,0.001645,0.002277,39.616005,33.882725
2011693056,50282.0,-0.003209,0.01923,0.00101,-1.148438,0.0,0.9876,1.0372,0.000926,0.00148,0.002229,39.815632,35.126289
2012479488,50288.7,-0.001201,0.021293,0.001043,-1.148438,0.0,0.9874,1.0366,0.001061,0.00159,0.002002,40.260742,36.041679
2013265920,50252.5,-0.001233,0.026389,0.001038,-1.125,0.0,0.9874,1.0364,0.001004,0.001284,0.001947,40.331959,34.101013
2014052352,50259.4,-0.001254,0.016491,0.001068,-1.132812,0.0,0.9874,1.0364,0.001097,0.001439,0.002099,41.291077,36.077225
2014838784,50261.3,-0.001358,0.019059,0.001029,-1.140625,0.0,0.9875,1.0365,0.001033,0.001807,0.002309,38.996284,34.547798
2015625216,50225.6,-0.007455,0.022846,0.001078,-1.117188,0.0,0.9876,1.037,0.001287,0.001368,0.002033,41.462521,40.560936
2016411648,50232.6,-0.007861,0.015487,0.000942,-1.125,0.0,0.9879,1.0375,0.001063,0.00147,0.002128,36.372364,32.611847
2017198080,50239.4,0.001069,0.019755,0.000974,-1.125,0.0,0.9881,1.0378,0.001091,0.001436,0.00203,37.514065,33.740368
2017984512,50246.3,0.0019,0.017481,0.000992,-1.148438,0.0,0.9883,1.0381,0.001065,0.001557,0.002098,35.964539,31.120163
2018770944,50217.7,-0.001717,0.028094,0.00109,-1.101562,0.0,0.9884,1.0382,0.001162,0.001603,0.001786,38.032207,34.430573
2019557376,50224.4,-0.005331,0.019397,0.001003,-1.09375,0.0,0.9886,1.0385,0.0011,0.001941,0.002128,39.163952,34.604397
2020343808,50231.2,-0.010414,0.015321,0.000993,-1.109375,0.0,0.9889,1.0385,0.001076,0.001722,0.001877,37.077057,33.736794
2021130240,50238.0,-0.008598,0.020024,0.001117,-1.148438,0.0,0.9889,1.0381,0.001133,0.00172,0.001975,39.813686,35.306381
2021916672,50213.3,-0.001465,0.033312,0.000938,-1.171875,0.0,0.9889,1.0382,0.001231,0.001541,0.002633,39.683414,32.799824
2022703104,50220.1,-0.007576,0.018091,0.000924,-1.15625,0.0,0.9887,1.0382,0.001482,0.001649,0.002081,37.302959,31.959213
2023489536,50226.1,-0.009048,0.016846,0.000899,-1.15625,0.0,0.9885,1.0382,0.001087,0.001356,0.001882,36.809364,31.844543
2024275968,50204.5,-0.00059,0.029457,0.001106,-1.15625,0.0,0.9884,1.0384,0.001163,0.001413,0.001823,36.860703,30.895132
2025062400,50211.2,0.003217,0.018332,0.00098,-1.1875,0.0,0.9884,1.0385,0.001188,0.001452,0.002204,35.771244,29.433239
2025848832,50217.4,-0.000615,0.017146,0.000996,-1.171875,0.0,0.9882,1.0385,0.00148,0.001346,0.002121,35.006546,29.142746
2026635264,50224.1,-0.003549,0.017203,0.000994,-1.171875,0.0,0.9882,1.0386,0.001012,0.001486,0.002401,34.900536,29.596075
2027421696,50201.1,0.001351,0.026997,0.000945,-1.171875,0.0,0.9882,1.0391,0.001186,0.001313,0.002442,36.727654,31.541653
2028208128,50207.9,0.000106,0.01514,0.000944,-1.164062,0.0,0.9884,1.0401,0.001381,0.001143,0.002143,36.146366,30.238913
2028994560,50213.9,-0.0072,0.014757,0.000944,-1.164062,0.0,0.9886,1.0409,0.0014,0.00137,0.002149,36.07766,31.691971
2029780992,50187.3,0.00557,0.024977,0.001079,-1.148438,0.0,0.9886,1.0414,0.001061,0.001288,0.002001,35.883141,32.669994
2030567424,50193.4,0.00286,0.019429,0.00099,-1.164062,0.0,0.9885,1.0415,0.001689,0.001544,0.002773,35.514999,29.45499
2031353856,50199.9,-0.002525,0.017358,0.000943,-1.15625,0.0,0.9884,1.0417,0.00133,0.001421,0.002471,37.151367,32.046326
2032140288,50206.4,4.4e-05,0.021564,0.001029,-1.148438,0.0,0.9883,1.0419,0.00106,0.001441,0.00219,36.009113,31.660278
2032926720,50178.9,-0.003592,0.027142,0.001068,-1.125,0.0,0.988,1.0413,0.00127,0.001375,0.002092,36.560371,33.454731
2033713152,50185.4,-0.004882,0.01582,0.001127,-1.132812,0.0,0.9879,1.0413,0.000992,0.00129,0.002174,34.735992,30.665218
2034499584,50190.8,-0.003113,0.019031,0.001019,-1.132812,0.0,0.9878,1.0415,0.001017,0.00135,0.002135,36.013756,31.69808
2035286016,50165.3,0.004175,0.027848,0.001001,-1.109375,0.0,0.9877,1.0412,0.000995,0.001522,0.001835,32.305595,25.900579
2036072448,50171.9,0.004682,0.018497,0.000999,-1.125,0.0,0.9877,1.0413,0.001225,0.001387,0.001971,34.994373,30.522537
2036858880,50178.0,-0.001832,0.015885,0.001065,-1.132812,0.0,0.9877,1.0412,0.001369,0.001747,0.002313,35.036266,31.323101
2037645312,50184.2,0.002361,0.014,0.001005,-1.148438,0.0,0.9877,1.0412,0.001142,0.001421,0.001995,36.994926,33.331955
2038431744,50169.2,-0.00327,0.026026,0.001039,-1.109375,0.0,0.9877,1.0411,0.001189,0.001305,0.001963,34.973015,30.25898
2039218176,50175.8,-0.003597,0.015982,0.001012,-1.125,0.0,0.9878,1.0409,0.001316,0.001674,0.002179,35.353123,31.762325
2040004608,50182.1,-0.002838,0.019305,0.000955,-1.140625,0.0,0.988,1.0408,0.001181,0.001715,0.002295,34.393204,31.225325
2040791040,50163.9,-0.001398,0.02132,0.000998,-1.132812,0.0,0.9881,1.0406,0.00115,0.001366,0.002052,37.573792,35.128967
2041577472,50170.3,-0.003143,0.020646,0.00097,-1.1875,0.0,0.9882,1.041,0.001287,0.001545,0.00192,36.748825,31.570477
2042363904,50176.9,0.005702,0.019531,0.001007,-1.203125,0.0,0.9881,1.0415,0.001306,0.001459,0.002004,36.818432,30.876854
2043150336,50182.7,-0.007797,0.017563,0.00102,-1.203125,0.0,0.9882,1.0419,0.001118,0.001504,0.002,34.835426,28.739746
2043936768,50157.5,0.000425,0.025188,0.000955,-1.148438,0.0,0.9884,1.0425,0.001021,0.001258,0.001868,35.881817,31.614538
2044723200,50164.2,0.002199,0.018165,0.000984,-1.15625,0.0,0.9885,1.0426,0.001142,0.001141,0.001917,37.961243,34.018787
2045509632,50170.1,0.000329,0.014527,0.000886,-1.164062,0.0,0.9887,1.043,0.000997,0.001288,0.002081,36.623718,31.885178
2046296064,50176.6,-0.002706,0.014046,0.001103,-1.15625,0.0,0.9888,1.0434,0.001078,0.001338,0.001943,36.320812,30.803406
2047082496,50151.4,-0.002349,0.023368,0.00098,-1.148438,0.0,0.9889,1.0436,0.001268,0.001757,0.002084,36.265781,31.348568
2047868928,50157.8,-0.005715,0.016245,0.00095,-1.148438,0.0,0.9889,1.0436,0.001069,0.001256,0.002094,36.294716,31.992744
2048655360,50164.5,-0.004755,0.014729,0.000946,-1.171875,0.0,0.989,1.0439,0.001051,0.001297,0.002057,38.213593,34.128052
2049441792,50147.0,0.003198,0.026785,0.000998,-1.164062,0.0,0.9893,1.0445,0.0013,0.001174,0.001898,36.896317,31.417751
2050228224,50153.7,0.005519,0.020878,0.000951,-1.15625,0.0,0.9892,1.0437,0.001251,0.001375,0.002207,38.07933,33.014629
2051014656,50160.6,-0.005144,0.01463,0.000935,-1.140625,0.0,0.9891,1.0429,0.001114,0.001324,0.002076,36.312546,31.58807
2051801088,50167.4,-0.000892,0.015221,0.00094,-1.171875,0.0,0.989,1.0423,0.001094,0.001253,0.002078,36.199982,30.863235
2052587520,50153.5,-0.008058,0.021438,0.000913,-1.164062,0.0,0.989,1.0425,0.001098,0.001419,0.001902,35.548752,31.255642
2053373952,50160.0,-0.00889,0.016515,0.000893,-1.171875,0.0,0.989,1.0427,0.001362,0.001901,0.00247,37.291195,33.044319
2054160384,50166.4,0.007766,0.01516,0.000869,-1.171875,0.0,0.9889,1.0429,0.001009,0.001411,0.001779,38.588341,32.989304
2054946816,50140.2,-0.004775,0.022288,0.000907,-1.15625,0.0,0.9889,1.043,0.000959,0.001276,0.001694,36.341232,31.755413
2055733248,50146.9,-0.000824,0.022783,0.000956,-1.15625,0.0,0.9887,1.0426,0.0012,0.001596,0.002274,37.746376,32.637405
2056519680,50152.7,-0.000157,0.022026,0.000965,-1.15625,0.0,0.9884,1.042,0.001269,0.001508,0.002014,37.534855,32.14463
2057306112,50159.2,-0.008644,0.014606,0.00103,-1.140625,0.0,0.9882,1.0417,0.001052,0.001371,0.001971,35.375092,30.316498
2058092544,50136.1,-0.006461,0.024992,0.001117,-1.1875,0.0,0.9882,1.0412,0.001671,0.001355,0.002253,39.942589,34.090771
2058878976,50142.6,0.001859,0.019237,0.001043,-1.226562,0.0,0.9882,1.0403,0.001527,0.00125,0.002504,37.441864,31.253889
2059665408,50149.1,-0.00525,0.01801,0.001156,-1.210938,0.0,0.9881,1.0392,0.002252,0.00133,0.00236,36.03484,28.649357
2060451840,50127.7,-0.001211,0.027009,0.001087,-1.1875,0.0,0.9879,1.0382,0.001748,0.001248,0.002105,35.929764,28.696915
2061238272,50133.6,-0.004455,0.018658,0.001061,-1.148438,0.0,0.9877,1.0377,0.000936,0.001634,0.0019,37.086163,33.209576
2062024704,50140.1,0.00093,0.022847,0.001068,-1.140625,0.0,0.9875,1.0372,0.001051,0.001723,0.001908,37.030224,32.816734
2062811136,50146.7,-0.000853,0.018631,0.001077,-1.140625,0.0,0.9874,1.0366,0.001031,0.001468,0.001981,37.933083,33.843033
2063597568,50125.4,0.001405,0.026963,0.000984,-1.15625,0.0,0.9872,1.0362,0.000814,0.001169,0.001692,36.097221,30.43684
2064384000,50132.0,0.002146,0.022187,0.000924,-1.203125,0.0,0.987,1.0358,0.001138,0.001396,0.002067,36.232506,29.953835
2065170432,50138.7,-0.002861,0.020548,0.000944,-1.21875,0.0,0.9869,1.0354,0.001086,0.001318,0.001903,35.990963,29.499115
2065956864,50116.3,0.001012,0.028272,0.001033,-1.179688,0.0,0.9867,1.0348,0.000918,0.001437,0.002006,35.774273,31.190384
2066743296,50123.0,0.003973,0.021721,0.001011,-1.195312,0.0,0.9867,1.0345,0.001411,0.001523,0.002307,38.865612,34.440887
2067529728,50129.6,-0.000446,0.018747,0.000967,-1.210938,0.0,0.9869,1.0345,0.000941,0.001361,0.002122,38.790451,32.528046
2068316160,50136.1,0.008479,0.018721,0.001013,-1.234375,0.0,0.987,1.0348,0.001043,0.001288,0.00194,38.627808,32.331478
2069102592,50111.4,-0.008278,0.026698,0.001039,-1.203125,0.0,0.9871,1.0348,0.001013,0.001365,0.002191,35.369438,28.767904
2069889024,50118.0,0.000412,0.016543,0.000989,-1.234375,0.0,0.9871,1.0343,0.001214,0.001448,0.002263,37.788425,30.750303
2070675456,50123.0,0.003843,0.016106,0.000941,-1.226562,0.0,0.987,1.0337,0.001225,0.001234,0.001911,37.206242,30.7635
2071461888,50129.4,-0.01176,0.013725,0.000941,-1.234375,0.0,0.9871,1.0332,0.001182,0.001187,0.002001,36.88665,30.449194
2072248320,50093.6,-0.002841,0.031065,0.001009,-1.179688,0.0,0.9872,1.0328,0.001384,0.001539,0.002168,36.054211,29.643904
2073034752,50100.1,-0.000608,0.019241,0.000913,-1.171875,0.0,0.9875,1.033,0.001119,0.001672,0.002135,35.63678,30.566666
2073821184,50106.5,-0.000548,0.019695,0.000953,-1.171875,0.0,0.9878,1.0333,0.001343,0.001586,0.00206,36.444397,30.631428
2074607616,50077.3,-0.008513,0.027844,0.000972,-1.15625,0.0,0.988,1.0331,0.001221,0.001389,0.00189,40.420624,33.168148
2075394048,50084.0,0.002139,0.022672,0.001015,-1.179688,0.0,0.9879,1.0323,0.001179,0.001525,0.002094,39.092999,34.39978
2076180480,50090.6,0.002602,0.014598,0.001045,-1.1875,0.0,0.9878,1.0316,0.001186,0.001361,0.001959,40.100277,34.520195
2076966912,50097.3,-0.003275,0.017129,0.001009,-1.195312,0.0,0.9879,1.0311,0.001031,0.001569,0.001913,37.364101,30.736143
2077753344,50073.7,0.00185,0.03661,0.000969,-1.1875,0.0,0.9879,1.031,0.001236,0.001465,0.001841,36.916962,30.799408
2078539776,50080.0,-0.003776,0.025125,0.000965,-1.179688,0.0,0.9878,1.0304,0.000939,0.001545,0.001846,36.914986,31.11573
2079326208,50086.2,-0.001836,0.028159,0.000995,-1.171875,0.0,0.9876,1.0293,0.000987,0.001659,0.00215,37.74435,33.72364
2080112640,50057.1,-0.00321,0.038606,0.000998,-1.171875,0.0,0.9876,1.029,0.001438,0.001575,0.002006,35.732994,30.949677
2080899072,50063.4,-0.00187,0.019447,0.000982,-1.1875,0.0,0.9875,1.0286,0.00111,0.00143,0.002218,35.337646,29.439732
2081685504,50069.5,-0.00795,0.018531,0.001004,-1.171875,0.0,0.9875,1.0282,0.001015,0.001456,0.002142,35.501621,30.048569
2082471936,50075.4,-0.00164,0.019534,0.000942,-1.164062,0.0,0.9876,1.028,0.000999,0.001289,0.001916,36.759895,32.091015
2083258368,50060.5,-0.006142,0.02443,0.000931,-1.148438,0.0,0.9876,1.0285,0.000878,0.001255,0.001745,35.845337,30.837585
2084044800,50066.9,-0.00085,0.017253,0.000901,-1.164062,0.0,0.9875,1.029,0.001196,0.001266,0.001757,34.012901,28.470572
2084831232,50073.1,-0.004354,0.01544,0.001017,-1.164062,0.0,0.9876,1.0298,0.00096,0.001533,0.001869,35.976398,31.692135
2085617664,50058.0,0.004059,0.028786,0.000909,-1.171875,0.0,0.9875,1.0303,0.000861,0.001222,0.001837,36.494183,28.930256
2086404096,50064.6,-0.002845,0.021611,0.000987,-1.203125,0.0,0.9875,1.0303,0.00126,0.001731,0.002322,36.052677,30.147678
2087190528,50071.2,-0.00476,0.018305,0.000957,-1.203125,0.0,0.9875,1.0306,0.001126,0.001208,0.001971,36.684639,30.468979
2087976960,50077.2,-0.008475,0.01549,0.001005,-1.21875,0.0,0.9874,1.0307,0.000917,0.001297,0.001984,38.140419,32.617104
2088763392,50061.0,-0.002987,0.024866,0.000939,-1.171875,0.0,0.9874,1.0308,0.001102,0.001143,0.001969,34.857086,29.828207
2089549824,50067.2,-0.000951,0.013777,0.001001,-1.15625,0.0,0.9874,1.0317,0.001099,0.001368,0.001932,37.194027,32.577484
2090336256,50073.1,4e-05,0.015501,0.001021,-1.148438,0.0,0.9874,1.032,0.000976,0.00132,0.002084,36.902275,31.15119
2091122688,50054.0,0.00371,0.024251,0.000953,-1.125,0.0,0.9874,1.0327,0.000856,0.001209,0.001574,35.034027,31.321669
2091909120,50060.5,-0.001481,0.015976,0.000929,-1.164062,0.0,0.9875,1.0338,0.001093,0.001269,0.001836,38.549255,34.941986
2092695552,50066.9,-0.003745,0.016019,0.001109,-1.164062,0.0,0.9877,1.0353,0.001038,0.001403,0.001916,35.180004,30.147671
2093481984,50073.4,0.000647,0.021503,0.001099,-1.125,0.0,0.9878,1.0361,0.001122,0.001302,0.001797,35.722984,30.239141
2094268416,50058.3,-0.000487,0.023985,0.001005,-1.148438,0.0,0.9879,1.0372,0.00134,0.000997,0.00169,38.031422,31.695572
2095054848,50064.9,-0.004245,0.013786,0.001043,-1.1875,0.0,0.9881,1.0381,0.000992,0.001269,0.001817,37.857479,32.296074
2095841280,50071.5,-0.005979,0.011493,0.001024,-1.1875,0.0,0.9882,1.0392,0.000957,0.001347,0.001556,36.560154,30.511639
2096627712,50078.1,-1.6e-05,0.016037,0.000962,-1.195312,0.0,0.9884,1.0402,0.000997,0.001159,0.001588,39.027992,33.373596
2097414144,50064.9,0.007243,0.02848,0.001059,-1.164062,0.0,0.9886,1.0407,0.000926,0.001268,0.002326,38.70158,32.383057
2098200576,50071.2,0.002106,0.014897,0.000953,-1.179688,0.0,0.9888,1.0413,0.001124,0.001422,0.002105,39.991379,33.925968
2098987008,50077.6,-0.00656,0.016005,0.001001,-1.195312,0.0,0.9889,1.0417,0.001095,0.001269,0.001923,38.831154,32.610489
2099773440,50037.5,0.00107,0.026079,0.001064,-1.179688,0.0,0.9889,1.0422,0.001023,0.001115,0.001752,37.141861,32.056984
2100559872,50044.1,-0.004882,0.012717,0.001015,-1.171875,0.0,0.9889,1.0422,0.001107,0.001351,0.001888,36.18272,31.557709
2101346304,50050.6,-0.003541,0.015442,0.00104,-1.15625,0.0,0.9888,1.0418,0.000967,0.001332,0.001629,37.256981,31.650387
2102132736,50057.2,-0.009614,0.010654,0.000994,-1.148438,0.0,0.9889,1.042,0.000931,0.001181,0.001585,35.919582,30.252258
2102919168,50039.4,-0.001884,0.026061,0.001134,-1.1875,0.0,0.9889,1.042,0.001311,0.001131,0.001846,39.409592,32.344311
2103705600,50045.9,-0.006414,0.017243,0.001029,-1.203125,0.0,0.9889,1.0419,0.001611,0.00139,0.00182,39.135948,32.971939
2104492032,50052.3,-0.006144,0.011825,0.001071,-1.210938,0.0,0.989,1.0418,0.001523,0.001319,0.001797,39.486008,33.922302
2105278464,50025.8,-0.005479,0.024843,0.000965,-1.164062,0.0,0.9891,1.0419,0.001104,0.001118,0.001645,34.397736,29.83017
2106064896,50032.3,-0.00388,0.017891,0.000932,-1.171875,0.0,0.989,1.0416,0.000946,0.001445,0.002145,34.315491,30.008766
2106851328,50038.8,-0.000362,0.018938,0.00086,-1.179688,0.0,0.989,1.0417,0.001133,0.001397,0.002009,37.33638,31.147213
2107637760,50045.3,-0.002009,0.020334,0.000939,-1.1875,0.0,0.9889,1.0414,0.001151,0.001382,0.002032,35.357658,30.589569
2108424192,50027.6,0.000493,0.022415,0.000922,-1.125,0.0,0.989,1.0415,0.000933,0.001149,0.001721,37.887577,32.517776
2109210624,50034.2,0.002881,0.016226,0.0009,-1.109375,0.0,0.989,1.0414,0.000978,0.001619,0.002232,37.615986,34.518284
2109997056,50040.8,0.001949,0.017951,0.0009,-1.109375,0.0,0.9891,1.0417,0.000999,0.001522,0.00196,38.407547,34.408035
2110783488,50013.9,-0.004337,0.023969,0.000877,-1.109375,0.0,0.9892,1.042,0.00085,0.001242,0.001648,35.683678,28.676003
2111569920,50020.4,-0.00301,0.017965,0.000858,-1.171875,0.0,0.9892,1.042,0.000887,0.001326,0.001798,37.842319,32.39492
2112356352,50026.9,-0.003634,0.015237,0.000862,-1.195312,0.0,0.9893,1.0421,0.000899,0.001098,0.001784,36.903732,30.949881
2113142784,50033.4,0.002793,0.01632,0.000878,-1.203125,0.0,0.9893,1.0421,0.000881,0.001145,0.001599,37.76865,32.342865
2113929216,50006.6,-0.003995,0.028037,0.000928,-1.140625,0.0,0.9893,1.0421,0.001014,0.001405,0.001709,37.031147,32.614758
2114715648,50012.8,0.006938,0.02116,0.000945,-1.117188,0.0,0.9893,1.0427,0.000944,0.001368,0.001945,37.646042,33.136066
2115502080,50018.9,-0.005427,0.016934,0.000947,-1.109375,0.0,0.9893,1.0431,0.000942,0.001429,0.001625,38.618946,34.731602
2116288512,49986.5,-0.006298,0.025882,0.001035,-1.109375,0.0,0.9892,1.0432,0.000866,0.001241,0.001763,36.910988,31.176275
2117074944,49993.0,-0.006803,0.017108,0.00106,-1.171875,0.0,0.9891,1.0428,0.001164,0.001218,0.001852,41.769619,37.281597
2117861376,49999.5,-0.008283,0.017392,0.000977,-1.148438,0.0,0.9892,1.0424,0.001055,0.00143,0.002032,37.297405,30.844999
2118647808,50006.0,-0.00142,0.015005,0.000977,-1.132812,0.0,0.9892,1.0419,0.000951,0.00119,0.001855,41.603371,36.400845
2119434240,49986.5,-0.000928,0.030213,0.000934,-1.117188,0.0,0.9892,1.0418,0.00105,0.001314,0.001689,36.008781,31.576721
2120220672,49992.0,-0.00457,0.017248,0.000976,-1.109375,0.0,0.9894,1.0427,0.001114,0.001218,0.001788,34.763176,30.332085
2121007104,49998.3,-0.004558,0.018091,0.000935,-1.132812,0.0,0.9894,1.0434,0.001045,0.001447,0.001816,36.753777,32.944698
2121793536,50004.6,-0.001441,0.016812,0.000961,-1.117188,0.0,0.9895,1.0442,0.00088,0.00131,0.001864,38.161541,34.142731
2122579968,49983.5,-0.004068,0.025505,0.000987,-1.085938,0.0,0.9896,1.0444,0.001682,0.001556,0.002061,38.853855,35.269875
2123366400,49989.6,-0.004968,0.019041,0.00102,-1.117188,0.0,0.9896,1.0442,0.001177,0.001918,0.002365,39.031849,35.552689
2124152832,49996.0,-0.000923,0.02006,0.001068,-1.101562,0.0,0.9897,1.0444,0.001151,0.001765,0.001881,38.426826,35.063095
2124939264,49979.1,-0.002236,0.03104,0.00101,-1.109375,0.0,0.9898,1.0446,0.00125,0.001257,0.001763,42.354179,38.252518
2125725696,49985.4,-0.000792,0.015828,0.000997,-1.125,0.0,0.9898,1.0445,0.001047,0.001328,0.001685,42.99194,40.108131
2126512128,49991.7,-0.003702,0.015084,0.00097,-1.132812,0.0,0.9898,1.0446,0.00092,0.001378,0.001915,39.731983,35.100521
2127298560,49998.1,-0.00451,0.017353,0.000977,-1.132812,0.0,0.9897,1.0442,0.000957,0.001327,0.001918,40.693123,35.041458
2128084992,49980.1,0.006678,0.032852,0.001002,-1.125,0.0,0.9898,1.0442,0.001152,0.001374,0.001835,39.601376,34.906292
2128871424,49983.3,-0.004746,0.021079,0.000991,-1.164062,0.0,0.9897,1.0438,0.001133,0.001665,0.002181,39.914513,34.748138
2129657856,49989.3,0.007722,0.016174,0.000962,-1.171875,0.0,0.9896,1.0436,0.001082,0.001391,0.001897,40.599869,36.285839
2130444288,49958.0,-0.000203,0.026828,0.001032,-1.125,0.0,0.9895,1.0433,0.000956,0.001226,0.001832,39.581261,35.380539
2131230720,49964.3,-0.005648,0.019584,0.001023,-1.101562,0.0,0.9896,1.0428,0.001062,0.001363,0.001721,39.149902,34.755669
2132017152,49970.6,0.001838,0.021624,0.000974,-1.09375,0.0,0.9896,1.0422,0.001097,0.001388,0.001766,42.05579,39.233627
2132803584,49976.7,-0.002565,0.017264,0.001005,-1.085938,0.0,0.9898,1.0418,0.001025,0.001131,0.001512,40.487904,36.74189
2133590016,49956.0,-0.002169,0.036659,0.001058,-1.117188,0.0,0.9898,1.0413,0.001243,0.00148,0.002207,40.537701,36.8493
2134376448,49962.2,-0.003273,0.026256,0.000961,-1.125,0.0,0.9897,1.041,0.001109,0.001324,0.001962,38.382042,35.720459
2135162880,49968.6,-0.003115,0.022531,0.000999,-1.109375,0.0,0.9896,1.0408,0.000911,0.001212,0.00162,37.738167,33.841942
2135949312,49939.9,0.006041,0.035167,0.0011,-1.09375,0.0,0.9895,1.0405,0.000969,0.001361,0.001882,39.486496,33.210178
2136735744,49946.4,0.000494,0.020937,0.001032,-1.101562,0.0,0.9895,1.0394,0.001002,0.001283,0.001953,39.51598,34.838058
2137522176,49952.9,-0.002654,0.019127,0.001058,-1.117188,0.0,0.9893,1.0383,0.000944,0.001192,0.001813,38.806198,34.173336
2138308608,49959.4,-0.003854,0.02203,0.001158,-1.117188,0.0,0.9893,1.0373,0.001007,0.001163,0.001778,40.048233,36.657757
2139095040,49939.2,-0.004384,0.027528,0.001069,-1.101562,0.0,0.9891,1.0369,0.00075,0.001172,0.001872,39.614902,34.052151
2139881472,49945.5,-0.005145,0.020543,0.001079,-1.117188,0.0,0.9889,1.0366,0.000959,0.001465,0.001931,39.426479,34.150021
2140667904,49951.7,0.000289,0.015365,0.001056,-1.101562,0.0,0.9887,1.0364,0.000965,0.001037,0.001804,38.542171,33.817333
2141454336,49904.0,-0.007497,0.022633,0.001021,-1.078125,0.0,0.9885,1.0359,0.001035,0.001069,0.00179,33.307354,29.21755
2142240768,49910.0,-0.006986,0.01881,0.001043,-1.140625,0.0,0.9885,1.0357,0.000966,0.001115,0.002064,35.565136,32.004082
2143027200,49915.8,-0.008641,0.015656,0.001058,-1.148438,0.0,0.9883,1.0353,0.000956,0.001172,0.002041,36.625328,32.222733
2143813632,49922.0,-0.004021,0.016934,0.000994,-1.148438,0.0,0.988,1.035,0.001036,0.00131,0.002065,36.764393,31.722092
2144600064,49894.5,-0.000954,0.030045,0.001005,-1.125,0.0,0.9879,1.035,0.000917,0.001245,0.001917,36.121033,31.007339
2145386496,49900.5,-0.002099,0.021399,0.001034,-1.132812,0.0,0.988,1.0352,0.001157,0.001436,0.001914,36.093796,31.805441
2146172928,49906.6,-0.003738,0.020996,0.001038,-1.148438,0.0,0.9881,1.035,0.001017,0.001534,0.002006,36.869438,32.314922
2146959360,49880.2,-0.001026,0.025966,0.001071,-1.140625,0.0,0.9881,1.035,0.000855,0.001361,0.00191,37.763988,32.707909
2147745792,49886.2,-0.002234,0.017038,0.000996,-1.164062,0.0,0.9879,1.0348,0.001216,0.001418,0.00192,40.096024,33.688889
2148532224,49892.4,0.000818,0.016278,0.001154,-1.171875,0.0,0.9877,1.0351,0.000984,0.001292,0.00169,38.043522,32.023125
2149318656,49898.6,-0.002393,0.014205,0.000939,-1.171875,0.0,0.9874,1.0352,0.001177,0.001214,0.001805,38.261692,32.48243
2150105088,49878.9,-0.007656,0.026418,0.000956,-1.15625,0.0,0.9874,1.0356,0.000988,0.001182,0.001684,38.916996,33.724224
2150891520,49885.2,0.001107,0.022618,0.001046,-1.15625,0.0,0.9874,1.0362,0.000881,0.001369,0.00153,37.18359,33.016167
2151677952,49891.5,-0.005351,0.01485,0.001042,-1.15625,0.0,0.9876,1.0367,0.000978,0.001261,0.001597,37.064903,31.891485
2152464384,49897.8,0.000287,0.017961,0.000984,-1.15625,0.0,0.9878,1.0372,0.000885,0.001302,0.001667,37.595718,33.038731
2153250816,49884.7,0.001883,0.030492,0.001001,-1.148438,0.0,0.9877,1.0372,0.001266,0.001411,0.002002,35.508411,29.123486
2154037248,49890.8,-0.00066,0.022123,0.001014,-1.171875,0.0,0.9876,1.0374,0.00101,0.001224,0.002151,36.368626,30.611242
2154823680,49896.6,0.003565,0.019533,0.001017,-1.171875,0.0,0.9874,1.0378,0.000938,0.001201,0.001741,38.537437,32.075832
2155610112,49857.6,-0.00282,0.024801,0.001027,-1.171875,0.0,0.9875,1.0383,0.001044,0.001338,0.00204,37.158863,31.807409
2156396544,49864.0,-0.000912,0.015121,0.000958,-1.179688,0.0,0.9875,1.0382,0.001258,0.001266,0.001979,38.526367,32.846104
2157182976,49870.3,-0.008528,0.011574,0.00097,-1.1875,0.0,0.9876,1.0382,0.000982,0.001095,0.001894,37.403229,31.167852
2157969408,49876.6,-0.001384,0.01344,0.000952,-1.171875,0.0,0.9878,1.0381,0.00105,0.00109,0.00182,37.271992,31.440792
2158755840,49858.3,-0.000605,0.026474,0.000982,-1.179688,0.0,0.9879,1.0385,0.000875,0.001083,0.001664,36.838146,31.0695
2159542272,49864.1,-0.0024,0.017662,0.00097,-1.179688,0.0,0.988,1.0389,0.000919,0.001473,0.002491,37.401608,30.643005
2160328704,49870.5,-9.9e-05,0.01648,0.000939,-1.15625,0.0,0.9881,1.0392,0.001099,0.001276,0.001881,35.941807,30.404175
2161115136,49847.1,-0.002523,0.025434,0.000961,-1.148438,0.0,0.9881,1.0392,0.00089,0.001103,0.00154,37.623928,32.10239
2161901568,49852.6,-0.006159,0.009305,0.000989,-1.132812,0.0,0.9882,1.0397,0.001041,0.001174,0.001756,36.755165,31.151405
2162688000,49858.6,0.001598,0.014378,0.001014,-1.140625,0.0,0.9884,1.0404,0.000998,0.001267,0.001665,37.689568,32.502235
2163474432,49864.7,-0.008779,0.010683,0.000921,-1.140625,0.0,0.9885,1.041,0.000896,0.001024,0.00148,39.663738,34.750725
2164260864,49845.5,-0.005695,0.029495,0.000951,-1.148438,0.0,0.9888,1.0416,0.001044,0.001394,0.001835,36.834976,32.07
2165047296,49851.8,-0.004949,0.020191,0.000936,-1.171875,0.0,0.989,1.0413,0.001243,0.001451,0.002028,36.741421,31.303551
2165833728,49858.1,-0.005064,0.018542,0.000963,-1.148438,0.0,0.989,1.0409,0.001226,0.001469,0.001755,36.766834,32.292938
2166620160,49837.0,0.001312,0.029881,0.001056,-1.148438,0.0,0.989,1.0406,0.000962,0.001411,0.001808,37.366821,31.715595
2167406592,49843.1,-0.005438,0.016431,0.001053,-1.148438,0.0,0.9891,1.0407,0.001114,0.00116,0.001919,40.524685,36.143188
2168193024,49849.0,-0.007224,0.015752,0.000999,-1.125,0.0,0.9892,1.0407,0.001087,0.001373,0.001707,39.621838,34.351002
2168979456,49855.1,-0.001857,0.019252,0.00111,-1.117188,0.0,0.9892,1.0407,0.001011,0.001309,0.001797,39.987072,34.554131
2169765888,49827.4,0.007141,0.028241,0.001049,-1.140625,0.0,0.9893,1.041,0.000922,0.00105,0.001556,37.223442,32.086506
2170552320,49833.6,0.005155,0.015544,0.000959,-1.164062,0.0,0.9894,1.0413,0.000929,0.001172,0.001754,37.259674,32.269749
2171338752,49839.7,0.002939,0.013187,0.000964,-1.125,0.0,0.9897,1.0416,0.000861,0.001127,0.00171,38.189816,34.049973
2172125184,49809.8,-0.004309,0.023253,0.000945,-1.132812,0.0,0.9898,1.0421,0.00099,0.001069,0.001804,40.058357,49.682732
2172911616,49815.9,0.003129,0.024854,0.000976,-1.085938,0.0,0.9899,1.0419,0.001428,0.00167,0.002437,38.909561,35.618084
2173698048,49822.1,-0.002666,0.022425,0.000956,-1.101562,0.0,0.9899,1.0413,0.001198,0.001242,0.001835,38.273029,35.315044
2174484480,49828.2,-0.006103,0.015969,0.000964,-1.101562,0.0,0.9899,1.0411,0.00104,0.001451,0.002029,38.24197,34.723106
2175270912,49805.6,-0.004321,0.027689,0.001015,-1.101562,0.0,0.99,1.0406,0.000999,0.001184,0.001773,37.473904,34.414219
2176057344,49811.7,-0.001271,0.018976,0.000961,-1.101562,0.0,0.9899,1.0398,0.001034,0.001286,0.001998,37.383759,35.126968
2176843776,49818.0,-0.003128,0.017477,0.000957,-1.09375,0.0,0.9899,1.0391,0.001239,0.001164,0.00196,36.683632,33.263077
2177630208,49824.2,0.005817,0.018927,0.000967,-1.09375,0.0,0.9899,1.0386,0.001001,0.001113,0.002155,37.721943,33.106071
2178416640,49807.0,0.005305,0.028072,0.00097,-1.140625,0.0,0.9898,1.0379,0.001149,0.001503,0.002283,39.785336,33.790314
2179203072,49813.3,-0.00218,0.014273,0.001026,-1.171875,0.0,0.9897,1.0373,0.001107,0.001393,0.001802,38.242981,32.740227
2179989504,49819.6,0.000654,0.016553,0.000981,-1.203125,0.0,0.9895,1.0366,0.001153,0.001226,0.001738,40.16312,33.130787
2180775936,49801.2,-0.002427,0.023254,0.000966,-1.164062,0.0,0.9896,1.0371,0.000986,0.00123,0.001959,35.875084,31.063118
2181562368,49807.2,0.006184,0.019731,0.000917,-1.179688,0.0,0.9897,1.0377,0.001066,0.001424,0.002169,36.630234,31.21932
2182348800,49813.3,-0.004586,0.018054,0.000913,-1.171875,0.0,0.9896,1.0379,0.001148,0.001331,0.002039,35.448406,29.508484
2183135232,49819.1,-0.001135,0.015015,0.000981,-1.1875,0.0,0.9895,1.0382,0.001006,0.001165,0.001873,35.859394,30.402317
2183921664,49792.4,-0.001299,0.027718,0.001071,-1.179688,0.0,0.9895,1.0383,0.000872,0.001346,0.001826,35.659111,30.208326
2184708096,49798.7,0.001725,0.025179,0.00101,-1.164062,0.0,0.9896,1.0385,0.001363,0.001538,0.001967,37.517551,32.489212
2185494528,49798.9,-0.001983,0.017217,0.000993,-1.15625,0.0,0.9896,1.0385,0.000967,0.001372,0.001844,37.760159,32.38839
2186280960,49784.0,0.001931,0.030713,0.001092,-1.148438,0.0,0.9895,1.0386,0.000942,0.001458,0.001723,40.039742,35.160183
2187067392,49790.1,-0.001305,0.025267,0.001021,-1.164062,0.0,0.9896,1.0387,0.000869,0.001527,0.001961,39.911381,35.125618
2187853824,49796.1,0.005098,0.029561,0.001096,-1.179688,0.0,0.9898,1.0387,0.000869,0.001673,0.001851,41.901932,36.362728
2188640256,49802.1,-0.001189,0.026607,0.001108,-1.164062,0.0,0.9897,1.0384,0.001066,0.001489,0.001845,40.055428,34.310341
2189426688,49766.5,-0.000454,0.032981,0.001037,-1.179688,0.0,0.9898,1.0389,0.000908,0.001261,0.001592,39.463345,32.719421
2190213120,49772.6,-0.004233,0.022584,0.001041,-1.1875,0.0,0.9898,1.0397,0.001036,0.001341,0.001766,40.871796,33.873978
2190999552,49778.8,-0.000384,0.019295,0.001048,-1.179688,0.0,0.9898,1.0403,0.000895,0.001433,0.001965,39.026493,32.601532
2191785984,49763.6,-0.00127,0.029193,0.001007,-1.179688,0.0,0.9899,1.0408,0.000969,0.001103,0.001741,35.966228,29.233994
2192572416,49769.5,-0.002637,0.01812,0.001087,-1.1875,0.0,0.9899,1.0409,0.001004,0.001319,0.001787,38.660942,32.145641
2193358848,49775.3,0.005002,0.017589,0.000964,-1.179688,0.0,0.9896,1.0408,0.001068,0.001124,0.001842,41.720985,36.775883
2194145280,49780.7,-0.004245,0.015527,0.000972,-1.179688,0.0,0.9895,1.0408,0.000973,0.00124,0.001719,37.707977,31.624395
2194931712,49752.1,-0.00031,0.023488,0.000986,-1.125,0.0,0.9894,1.0409,0.00089,0.001074,0.001598,39.260002,33.413055
2195718144,49758.1,-0.003244,0.014347,0.000986,-1.132812,0.0,0.9894,1.0409,0.001099,0.001066,0.001955,38.195484,34.485207
2196504576,49764.2,0.004429,0.024099,0.001008,-1.125,0.0,0.9895,1.0405,0.000984,0.001195,0.002071,39.420715,34.967331
2197291008,49747.1,-0.004987,0.026045,0.000954,-1.125,0.0,0.9895,1.0403,0.000969,0.000953,0.001782,45.347511,53.976711
2198077440,49753.1,-0.000614,0.019965,0.000902,-1.117188,0.0,0.9895,1.0404,0.000918,0.001104,0.001789,39.29541,35.103912
2198863872,49759.2,-0.002433,0.014803,0.000901,-1.132812,0.0,0.9896,1.0406,0.000924,0.001078,0.00193,39.002583,33.214458
2199650304,49765.2,-0.001251,0.016853,0.000916,-1.164062,0.0,0.9898,1.0412,0.000941,0.001131,0.001805,39.402004,34.363491
2200436736,49749.6,-0.001178,0.024126,0.00096,-1.15625,0.0,0.9901,1.0416,0.000847,0.001061,0.001715,40.096893,35.223171
2201223168,49755.6,0.000173,0.016795,0.000968,-1.164062,0.0,0.9899,1.0414,0.000868,0.001132,0.001667,40.885635,35.861465
2202009600,49760.3,0.000156,0.016012,0.001023,-1.171875,0.0,0.9898,1.0417,0.000967,0.00108,0.001741,37.921261,31.93782
2202796032,49765.8,-0.002426,0.01803,0.000988,-1.164062,0.0,0.9897,1.0416,0.000862,0.001183,0.001745,39.312401,32.680222
2203582464,49737.3,-0.005349,0.026178,0.001007,-1.203125,0.0,0.9895,1.0414,0.000979,0.001168,0.001683,38.603821,31.762753
2204368896,49743.3,-0.000901,0.014526,0.001005,-1.210938,0.0,0.9894,1.0416,0.001093,0.001126,0.001705,37.409687,31.232441
2205155328,49749.2,-0.001025,0.015924,0.001014,-1.210938,0.0,0.9894,1.042,0.000994,0.001291,0.001451,40.275288,33.620342
2205941760,49732.3,-0.005468,0.025411,0.001019,-1.179688,0.0,0.9894,1.0424,0.000868,0.001314,0.001718,37.013412,31.012203
2206728192,49738.1,-0.000472,0.02132,0.001014,-1.140625,0.0,0.9894,1.0426,0.001087,0.001411,0.001673,37.117168,31.7332
2207514624,49744.2,9.8e-05,0.020731,0.00094,-1.125,0.0,0.9893,1.0426,0.000933,0.001439,0.001602,36.562508,31.893856
2208301056,49750.1,-0.002044,0.020231,0.000952,-1.148438,0.0,0.9892,1.0429,0.00092,0.001225,0.001625,36.839024,32.282612
2209087488,49721.0,0.001746,0.030777,0.001118,-1.117188,0.0,0.9894,1.0433,0.001397,0.001017,0.001727,39.969612,35.143475
2209873920,49726.8,-0.007338,0.021777,0.001174,-1.109375,0.0,0.9895,1.0435,0.001506,0.001224,0.001743,39.522434,36.215034
2210660352,49733.0,-0.00112,0.01981,0.001003,-1.109375,0.0,0.9896,1.0437,0.001428,0.001212,0.001716,39.591137,34.1703
2211446784,49717.8,-0.003797,0.031298,0.001012,-1.117188,0.0,0.9897,1.0437,0.001401,0.00119,0.002061,39.318275,34.645351
2212233216,49723.9,-0.003903,0.021249,0.001022,-1.203125,0.0,0.9894,1.0428,0.001061,0.001563,0.002052,38.584248,31.592421
2213019648,49730.1,0.000289,0.023588,0.001024,-1.203125,0.0,0.989,1.042,0.001219,0.001344,0.00183,38.4384,31.362358
2213806080,49736.3,-0.006141,0.016953,0.001081,-1.210938,0.0,0.9888,1.0415,0.001017,0.001185,0.001838,38.759525,32.162491
2214592512,49711.3,-0.006809,0.029307,0.00103,-1.179688,0.0,0.9888,1.0417,0.000937,0.001343,0.001886,40.463608,33.654732
2215378944,49717.4,-0.001075,0.019581,0.000957,-1.171875,0.0,0.9887,1.0415,0.000955,0.001354,0.001672,40.377121,34.359032
2216165376,49723.3,0.001533,0.019355,0.000968,-1.179688,0.0,0.9885,1.0409,0.000924,0.001431,0.001766,37.943417,31.858511
2216951808,49704.6,-0.005389,0.020014,0.000962,-1.171875,0.0,0.9883,1.0407,0.000771,0.001196,0.001612,36.135761,28.33955
2217738240,49710.6,-0.001983,0.014607,0.000999,-1.203125,0.0,0.9884,1.0407,0.000866,0.00117,0.001843,41.224865,33.569637
2218524672,49716.7,-0.002806,0.016364,0.001001,-1.203125,0.0,0.9887,1.041,0.001013,0.001122,0.001778,38.393894,32.410431
2219311104,49722.8,-0.004902,0.01158,0.00102,-1.210938,0.0,0.9888,1.0414,0.000923,0.001114,0.001654,41.219894,33.243156
2220097536,49687.6,0.003387,0.026113,0.000967,-1.203125,0.0,0.9889,1.0415,0.000784,0.00105,0.001809,36.978802,30.799515
2220883968,49693.5,-0.00507,0.015492,0.000931,-1.1875,0.0,0.989,1.0416,0.001092,0.00126,0.001986,38.31041,32.394878
2221670400,49699.3,-0.005848,0.015827,0.000943,-1.179688,0.0,0.989,1.0415,0.001029,0.001184,0.001962,36.699062,31.040396
2222456832,49683.9,-0.00411,0.022873,0.000929,-1.148438,0.0,0.9891,1.0414,0.000997,0.00111,0.002256,44.079117,46.544891
2223243264,49689.8,0.002737,0.025406,0.001005,-1.21875,0.0,0.9891,1.0412,0.001233,0.001252,0.001827,35.745411,28.533066
2224029696,49695.7,0.00028,0.022437,0.000914,-1.226562,0.0,0.989,1.0409,0.001688,0.001251,0.001924,35.18774,27.984947
2224816128,49701.7,-0.002853,0.018312,0.000962,-1.226562,0.0,0.9889,1.0405,0.001543,0.001392,0.001707,34.170273,27.673714
2225602560,49671.4,0.003324,0.029906,0.000987,-1.164062,0.0,0.9889,1.0404,0.001011,0.001118,0.001688,34.439747,29.193115
2226388992,49676.9,0.005452,0.016838,0.000947,-1.140625,0.0,0.989,1.0407,0.000986,0.001295,0.001817,37.520531,34.051163
2227175424,49682.8,0.000645,0.013294,0.000926,-1.125,0.0,0.989,1.041,0.000829,0.001237,0.001942,35.47831,32.351097
2227961856,49688.7,-0.004532,0.016049,0.000917,-1.132812,0.0,0.9892,1.0415,0.00093,0.001132,0.00167,36.892593,32.691345
2228748288,49672.4,0.001751,0.025016,0.001002,-1.140625,0.0,0.9893,1.0422,0.000765,0.001036,0.001817,37.946419,32.553596
2229534720,49677.8,0.003904,0.015116,0.000979,-1.164062,0.0,0.9895,1.0431,0.001189,0.00122,0.001855,38.693707,32.646252
2230321152,49683.5,-0.005269,0.014207,0.001054,-1.171875,0.0,0.9895,1.0438,0.000876,0.001185,0.001873,39.013348,33.487972
2231107584,49660.6,-0.001178,0.02263,0.001004,-1.15625,0.0,0.9897,1.0441,0.000872,0.001021,0.001636,40.506725,36.36512
2231894016,49666.4,-0.001293,0.014729,0.001043,-1.164062,0.0,0.9897,1.0438,0.001007,0.001024,0.002037,39.592556,33.919296
2232680448,49672.3,0.00298,0.018402,0.001084,-1.164062,0.0,0.9898,1.0437,0.001024,0.00122,0.002069,38.309223,32.840382
2233466880,49678.1,-0.000618,0.01481,0.001017,-1.1875,0.0,0.9899,1.0435,0.000902,0.001179,0.001952,39.141869,33.12635
2234253312,49661.4,0.00226,0.029397,0.001168,-1.203125,0.0,0.9896,1.0426,0.001066,0.001048,0.001608,37.877789,31.067394
2235039744,49667.3,-0.002031,0.019284,0.001121,-1.210938,0.0,0.9894,1.0418,0.001018,0.001128,0.001586,39.450958,34.14674
2235826176,49673.1,-0.005224,0.018657,0.001109,-1.210938,0.0,0.9892,1.0411,0.001339,0.001129,0.001565,36.77462,29.76988
2236612608,49661.4,0.002089,0.030502,0.00112,-1.164062,0.0,0.989,1.0402,0.001089,0.001006,0.001692,38.97863,34.243782
2237399040,49667.3,-0.006462,0.023104,0.001003,-1.164062,0.0,0.9887,1.0395,0.0011,0.001251,0.002202,38.065289,31.722782
2238185472,49673.3,0.004554,0.0269,0.000983,-1.164062,0.0,0.9884,1.0389,0.001111,0.001383,0.002025,38.616062,33.139595
2238971904,49678.9,-0.00568,0.025692,0.000996,-1.15625,0.0,0.9882,1.0383,0.001106,0.001178,0.001897,39.105545,33.703781
2239758336,49653.6,-0.006751,0.030972,0.00096,-1.171875,0.0,0.9879,1.0377,0.00115,0.001116,0.001911,38.608524,32.251495
2240544768,49659.5,0.002057,0.020336,0.000998,-1.195312,0.0,0.9879,1.0376,0.001345,0.001139,0.002142,37.717884,31.0501
2241331200,49665.1,0.00099,0.018916,0.000988,-1.203125,0.0,0.9878,1.0377,0.0011,0.001247,0.002004,38.483997,32.529175
2242117632,49650.6,-0.000139,0.029784,0.001008,-1.1875,0.0,0.9878,1.0378,0.000829,0.00119,0.001723,32.778809,25.987013
2242904064,49656.7,-0.003312,0.013703,0.000955,-1.195312,0.0,0.9878,1.038,0.000927,0.001284,0.001924,37.969746,31.772427
2243690496,49662.6,-0.004012,0.016759,0.000949,-1.195312,0.0,0.9878,1.0382,0.000915,0.001207,0.001605,38.675259,33.482948
2244476928,49668.3,-0.001925,0.013751,0.000933,-1.1875,0.0,0.9877,1.0383,0.000865,0.001077,0.001706,37.164333,30.433218
2245263360,49647.5,-0.00014,0.022986,0.000918,-1.125,0.0,0.9877,1.0385,0.000842,0.001036,0.001375,39.046394,33.353767
2246049792,49653.2,-0.004761,0.011577,0.000932,-1.109375,0.0,0.9877,1.0387,0.000919,0.00108,0.001667,38.346149,33.562466
2246836224,49658.9,-0.002521,0.010745,0.000911,-1.117188,0.0,0.9877,1.0389,0.000852,0.001174,0.001633,39.720875,35.617714
2247622656,49639.9,-0.007879,0.017852,0.00092,-1.109375,0.0,0.9879,1.0396,0.000753,0.00116,0.001624,42.771023,48.915276
2248409088,49645.8,-0.00508,0.019769,0.000958,-1.140625,0.0,0.9879,1.0398,0.000914,0.001479,0.00206,36.614033,31.619358
2249195520,49651.7,-0.000571,0.019129,0.000979,-1.15625,0.0,0.9879,1.0401,0.000842,0.00143,0.001639,39.167549,34.095642
2249981952,49657.5,-0.00231,0.019234,0.000965,-1.164062,0.0,0.9878,1.0403,0.000826,0.001247,0.001827,38.567551,33.920685
2250768384,49638.7,-0.00231,0.027909,0.000953,-1.164062,0.0,0.9878,1.0406,0.001061,0.001173,0.001832,37.861763,32.158966
2251554816,49644.4,0.003252,0.020661,0.000928,-1.1875,0.0,0.9877,1.0403,0.001012,0.001124,0.002159,40.00005,34.480282
2252341248,49649.8,0.000551,0.017951,0.000962,-1.1875,0.0,0.9877,1.0405,0.001122,0.001167,0.001802,37.800148,31.683395
2253127680,49655.3,0.003598,0.018344,0.000945,-1.195312,0.0,0.9877,1.0408,0.00121,0.00119,0.001746,38.037273,31.941818
2253914112,49635.3,-0.000159,0.024283,0.000978,-1.195312,0.0,0.9877,1.041,0.001029,0.001163,0.001718,37.902229,30.729641
2254700544,49641.2,-0.001525,0.015461,0.000977,-1.242188,0.0,0.988,1.0415,0.000887,0.0012,0.001652,39.835236,31.505569
2255486976,49647.2,0.004028,0.013498,0.001004,-1.25,0.0,0.9883,1.0421,0.001133,0.001204,0.00162,38.730648,30.548285
2256273408,49633.1,0.006336,0.030574,0.001007,-1.21875,0.0,0.9887,1.043,0.000974,0.001094,0.001577,40.813896,35.238281
2257059840,49639.0,0.001591,0.021621,0.000961,-1.195312,0.0,0.9887,1.043,0.000856,0.001119,0.001751,37.090378,30.464363
2257846272,49645.0,-0.005294,0.019944,0.001013,-1.179688,0.0,0.9887,1.043,0.001033,0.001258,0.001691,36.488033,30.993088
2258632704,49650.8,-4.4e-05,0.018082,0.000969,-1.179688,0.0,0.9887,1.0428,0.000833,0.001085,0.001789,38.651711,33.55011
2259419136,49629.9,0.002295,0.031071,0.001018,-1.109375,0.0,0.9889,1.0432,0.000843,0.001076,0.001437,40.45797,36.510292
2260205568,49635.8,-0.003106,0.022153,0.001026,-1.109375,0.0,0.9887,1.0428,0.001152,0.001331,0.00169,41.461533,38.342674
2260992000,49641.8,0.004119,0.027588,0.00111,-1.101562,0.0,0.9885,1.0425,0.001358,0.001746,0.001543,41.417213,36.862938
2261778432,49619.3,0.007216,0.030777,0.000999,-1.125,0.0,0.9884,1.0421,0.001039,0.001429,0.001529,38.793163,35.415321
2262564864,49625.1,-0.005079,0.019136,0.000973,-1.132812,0.0,0.9882,1.041,0.001023,0.001265,0.001946,39.495575,33.732155
2263351296,49630.5,-0.004769,0.015751,0.000991,-1.140625,0.0,0.9882,1.0405,0.000862,0.00129,0.001739,39.916954,35.803478
2264137728,49636.3,-0.004801,0.01493,0.00101,-1.140625,0.0,0.9882,1.0398,0.000838,0.001182,0.001604,35.965076,31.396027
2264924160,49610.8,-0.00397,0.028287,0.000975,-1.132812,0.0,0.9882,1.0397,0.000963,0.001067,0.001806,37.360535,31.408855
2265710592,49616.6,0.000426,0.014209,0.000928,-1.125,0.0,0.988,1.0393,0.000804,0.00121,0.001727,37.666218,32.782669
2266497024,49622.4,0.003658,0.014043,0.000922,-1.132812,0.0,0.988,1.039,0.000946,0.001076,0.001665,38.118023,33.043407
2267283456,49602.9,0.000535,0.023145,0.000935,-1.117188,0.0,0.988,1.039,0.000771,0.001,0.001526,36.303909,29.577541
2268069888,49608.7,-0.006969,0.021341,0.000966,-1.132812,0.0,0.988,1.0385,0.000958,0.001123,0.002031,39.675377,35.581264
2268856320,49614.4,-0.003444,0.019896,0.000997,-1.132812,0.0,0.9882,1.0385,0.00092,0.001097,0.001855,38.259098,34.004486
2269642752,49620.1,0.004278,0.020291,0.00096,-1.125,0.0,0.9882,1.0382,0.000865,0.001088,0.001774,38.917484,34.25317
2270429184,49598.9,0.002805,0.026533,0.000993,-1.109375,0.0,0.9883,1.0379,0.00084,0.000941,0.00162,36.041393,30.823505
2271215616,49604.5,-0.001466,0.012655,0.000987,-1.117188,0.0,0.9881,1.0376,0.000743,0.001048,0.001579,37.833317,33.251381
2272002048,49610.1,0.003606,0.01737,0.001033,-1.125,0.0,0.988,1.0372,0.000786,0.001261,0.001565,37.595261,33.64814
2272788480,49593.3,0.000336,0.022044,0.000954,-1.125,0.0,0.9877,1.0367,0.000782,0.000955,0.001467,43.103138,50.90274
2273574912,49599.1,0.007004,0.017647,0.000944,-1.125,0.0,0.9876,1.0363,0.001125,0.001129,0.00156,36.902145,32.864407
2274361344,49605.1,-0.010796,0.011785,0.000949,-1.125,0.0,0.9877,1.0367,0.00085,0.001177,0.00147,38.623142,34.092728
2275147776,49610.9,-0.005747,0.010484,0.000955,-1.140625,0.0,0.9879,1.0372,0.000966,0.001047,0.001509,37.892498,33.935486
2275934208,49585.3,0.001583,0.02515,0.001002,-1.164062,0.0,0.988,1.0376,0.001035,0.001033,0.001708,37.854008,32.172176
2276720640,49591.0,-0.000523,0.017669,0.000914,-1.171875,0.0,0.9879,1.0372,0.000999,0.001085,0.001525,36.202435,30.450783
2277507072,49596.9,-0.005972,0.018908,0.000924,-1.1875,0.0,0.988,1.0372,0.001179,0.001296,0.002138,38.605217,32.568966
2278293504,49602.6,0.006501,0.022154,0.000941,-1.195312,0.0,0.9879,1.037,0.000805,0.000969,0.00185,39.874004,33.983788
2279079936,49584.9,-0.003177,0.025813,0.00099,-1.195312,0.0,0.9881,1.0376,0.000862,0.000857,0.001655,38.828365,31.292717
2279866368,49590.5,0.000797,0.018439,0.00098,-1.195312,0.0,0.9884,1.0387,0.000699,0.001054,0.001613,40.548573,34.229118
2280652800,49596.4,-0.00533,0.018086,0.000986,-1.203125,0.0,0.9885,1.0394,0.000906,0.001038,0.001517,40.630131,33.998955
2281439232,49573.0,-0.003875,0.023528,0.001195,-1.171875,0.0,0.9888,1.0401,0.000784,0.000839,0.001729,39.526012,34.456078
2282225664,49578.9,0.000104,0.015312,0.001047,-1.15625,0.0,0.9888,1.0403,0.000787,0.001134,0.001653,36.609509,30.003349
2283012096,49584.5,0.001628,0.013674,0.001033,-1.1875,0.0,0.989,1.0406,0.000749,0.001136,0.00168,34.692989,29.5846
2283798528,49590.4,-0.008609,0.01318,0.000979,-1.1875,0.0,0.9892,1.0411,0.000776,0.001006,0.001488,37.47765,31.749357
2284584960,49568.5,-0.000727,0.028059,0.000971,-1.164062,0.0,0.9893,1.0418,0.000855,0.001233,0.001639,39.359921,33.043968
2285371392,49574.4,0.004207,0.019294,0.001095,-1.1875,0.0,0.9895,1.0427,0.000831,0.00119,0.001551,41.45871,35.73296
2286157824,49580.5,-0.006328,0.013113,0.001096,-1.1875,0.0,0.9897,1.0437,0.000862,0.001208,0.001669,40.670918,34.201118
2286944256,49560.0,-0.001346,0.02486,0.001031,-1.164062,0.0,0.9899,1.0444,0.000743,0.001032,0.001285,39.50565,35.560238
2287730688,49565.8,-0.001433,0.015047,0.000919,-1.171875,0.0,0.99,1.0453,0.000855,0.001101,0.001547,36.740723,31.33456
2288517120,49571.7,0.000825,0.012901,0.000973,-1.164062,0.0,0.99,1.0461,0.000947,0.001025,0.001626,38.583839,33.140236
2289303552,49577.4,-0.002145,0.01275,0.000963,-1.1875,0.0,0.9902,1.0469,0.000833,0.00115,0.001371,36.965012,32.213829
2290089984,49559.9,-0.002051,0.029223,0.001045,-1.171875,0.0,0.9904,1.0475,0.000888,0.00092,0.001756,40.823566,35.792038
2290876416,49565.7,0.001473,0.018492,0.001042,-1.164062,0.0,0.9903,1.047,0.00095,0.001031,0.00196,38.404591,31.866364
2291662848,49571.6,-0.002709,0.020729,0.001077,-1.164062,0.0,0.9903,1.0469,0.000842,0.000928,0.001867,39.206509,33.816906
2292449280,49551.7,-0.009384,0.025221,0.00105,-1.15625,0.0,0.9903,1.0465,0.00082,0.001012,0.001503,35.644966,28.161612
2293235712,49557.3,-0.002016,0.011542,0.001001,-1.179688,0.0,0.9904,1.047,0.000827,0.000933,0.00185,38.386162,31.93803
2294022144,49562.8,-0.003521,0.01512,0.000962,-1.164062,0.0,0.9906,1.0475,0.000838,0.00109,0.002037,39.790867,34.524303
2294808576,49568.2,-0.00392,0.009136,0.000992,-1.15625,0.0,0.9908,1.0478,0.000797,0.00098,0.001715,37.795494,30.824726
2295595008,49547.5,0.002835,0.024117,0.001016,-1.148438,0.0,0.9907,1.0478,0.000776,0.001032,0.001433,37.017414,31.696493
2296381440,49553.2,0.001853,0.015116,0.001039,-1.15625,0.0,0.9905,1.0474,0.000772,0.001148,0.001576,38.414661,33.385483
2297167872,49559.0,-0.0007,0.013984,0.001061,-1.1875,0.0,0.9904,1.0471,0.000768,0.001116,0.001567,38.627327,33.022743
2297954304,49545.1,0.006598,0.027071,0.000997,-1.15625,0.0,0.9902,1.0466,0.00091,0.001059,0.00151,43.053265,46.238579
2298740736,49550.6,-0.004497,0.014086,0.001076,-1.148438,0.0,0.9902,1.0466,0.001108,0.001069,0.001846,37.649036,32.950497
2299527168,49556.4,-0.005849,0.016749,0.001151,-1.140625,0.0,0.9901,1.0465,0.001267,0.001083,0.001573,39.081276,33.39262
2300313600,49562.2,-0.007472,0.015432,0.001352,-1.140625,0.0,0.99,1.0462,0.001366,0.001118,0.001648,37.271523,33.196266
2301100032,49540.8,0.005006,0.022557,0.001123,-1.109375,0.0,0.9899,1.0461,0.000921,0.000973,0.00134,38.788898,34.852703
2301886464,49546.7,-0.006951,0.014946,0.001008,-1.117188,0.0,0.9898,1.0461,0.000763,0.001,0.001666,38.25396,34.006378
2302672896,49552.6,-0.00019,0.013748,0.001139,-1.117188,0.0,0.9898,1.0464,0.000824,0.001086,0.001538,39.680222,37.154922
2303459328,49558.6,-0.00613,0.014239,0.00103,-1.132812,0.0,0.9897,1.0465,0.000778,0.001098,0.001456,35.412014,30.305298
2304245760,49537.3,-0.000739,0.028296,0.001021,-1.15625,0.0,0.9895,1.0455,0.000941,0.001162,0.002323,36.258518,30.846546
2305032192,49542.9,0.001658,0.019719,0.001011,-1.171875,0.0,0.9894,1.0444,0.001171,0.00104,0.001955,36.953911,32.922787
2305818624,49548.6,-0.002516,0.014168,0.001,-1.164062,0.0,0.9893,1.0435,0.000884,0.001009,0.001829,36.313625,31.558037
2306605056,49521.2,-0.002611,0.022002,0.000999,-1.125,0.0,0.9893,1.0433,0.000816,0.000879,0.001525,39.98999,35.399441
2307391488,49527.1,-0.001963,0.013258,0.001029,-1.132812,0.0,0.9894,1.0442,0.000768,0.001104,0.001511,35.848484,30.991966
2308177920,49532.9,-0.000514,0.014095,0.000991,-1.125,0.0,0.9895,1.0449,0.000776,0.001117,0.001629,37.884087,33.588577
2308964352,49538.1,-0.004092,0.01255,0.001069,-1.109375,0.0,0.9895,1.0453,0.00083,0.001269,0.001966,36.112976,31.605286
2309750784,49520.3,-0.004155,0.022817,0.000997,-1.117188,0.0,0.9895,1.045,0.000848,0.001064,0.001543,37.916237,33.833881
2310537216,49525.8,0.000351,0.012712,0.00097,-1.140625,0.0,0.9895,1.0446,0.000663,0.001128,0.001566,37.66048,32.163704
2311323648,49531.3,-0.00206,0.017667,0.000997,-1.171875,0.0,0.9894,1.0439,0.000967,0.001172,0.001876,37.191208,31.927757
2312110080,49510.4,-0.005695,0.024981,0.000982,-1.15625,0.0,0.9894,1.0433,0.000779,0.001054,0.001555,37.738312,33.67366
2312896512,49516.1,0.000136,0.016369,0.000898,-1.179688,0.0,0.9895,1.0436,0.000759,0.001091,0.001561,37.863289,30.990591
2313682944,49521.7,0.002845,0.016017,0.000867,-1.210938,0.0,0.9894,1.0434,0.000925,0.001048,0.001424,38.201492,31.865276
2314469376,49527.5,-0.002073,0.011371,0.000875,-1.1875,0.0,0.9895,1.044,0.000877,0.001011,0.001597,39.363899,33.019196
2315255808,49514.2,-0.001756,0.020554,0.000996,-1.179688,0.0,0.9896,1.0442,0.000841,0.000972,0.001346,40.913147,36.324432
2316042240,49519.9,0.001297,0.011176,0.000963,-1.210938,0.0,0.9897,1.0445,0.000916,0.000877,0.001696,39.855888,33.461128
2316828672,49525.4,0.001512,0.011422,0.000959,-1.203125,0.0,0.9898,1.0449,0.000775,0.001008,0.00149,40.176666,32.489101
2317615104,49502.1,-0.005238,0.02021,0.000995,-1.195312,0.0,0.9898,1.0449,0.000884,0.000927,0.00162,33.419701,25.190687
2318401536,49507.8,-0.001317,0.017746,0.001006,-1.179688,0.0,0.9898,1.045,0.00108,0.001129,0.001683,36.175549,30.6861
2319187968,49513.3,-0.002478,0.014033,0.000956,-1.171875,0.0,0.9898,1.0451,0.00076,0.001067,0.001862,37.899292,32.909695
2319974400,49518.5,3.7e-05,0.012729,0.00092,-1.179688,0.0,0.9897,1.045,0.000794,0.00109,0.001575,37.0065,31.215927
2320760832,49499.2,0.004992,0.0304,0.000998,-1.179688,0.0,0.9898,1.0454,0.000887,0.00117,0.001637,37.193607,30.912399
2321547264,49505.0,-0.004747,0.017111,0.000946,-1.1875,0.0,0.9899,1.0455,0.000791,0.001189,0.001548,36.442326,30.264679
2322333696,49510.6,-0.003896,0.01655,0.00096,-1.15625,0.0,0.9899,1.0458,0.00093,0.001049,0.001721,36.249256,31.194622
2323120128,49487.6,-0.001766,0.026765,0.000926,-1.125,0.0,0.9899,1.0457,0.000875,0.000949,0.001606,41.605568,44.189148
2323906560,49493.0,-0.00467,0.016687,0.000958,-1.132812,0.0,0.99,1.0457,0.000943,0.000989,0.001579,35.784939,31.232265
2324692992,49498.3,0.002245,0.012547,0.000945,-1.117188,0.0,0.99,1.0458,0.000777,0.001029,0.001589,37.419174,33.272049
2325479424,49503.8,0.003815,0.016671,0.001006,-1.132812,0.0,0.9899,1.0456,0.001133,0.000909,0.001591,37.540863,33.338737
2326265856,49484.3,0.000213,0.025262,0.00108,-1.109375,0.0,0.9899,1.046,0.000896,0.001006,0.001642,38.395836,34.091034
2327052288,49490.0,-0.000221,0.018664,0.001006,-1.109375,0.0,0.99,1.0462,0.000826,0.001102,0.001746,38.651752,35.002792
2327838720,49495.7,-0.005549,0.019213,0.001033,-1.109375,0.0,0.99,1.0465,0.000943,0.001175,0.001828,40.615341,38.248161
2328625152,49501.5,-0.004261,0.01637,0.000937,-1.109375,0.0,0.99,1.0466,0.000963,0.00113,0.001682,38.306137,35.567184
2329411584,49480.6,-0.003345,0.028215,0.001051,-1.132812,0.0,0.9902,1.0462,0.00144,0.00103,0.001729,35.318211,30.112072
2330198016,49486.4,-0.004161,0.01887,0.001021,-1.148438,0.0,0.9901,1.0457,0.001918,0.001032,0.001817,37.48917,32.72723
2330984448,49492.2,-0.001646,0.019594,0.001049,-1.148438,0.0,0.99,1.0447,0.001021,0.000963,0.001573,35.555244,30.216076
2331770880,49471.7,-3.7e-05,0.025089,0.000987,-1.125,0.0,0.9899,1.0443,0.001197,0.000991,0.001915,40.439308,37.269382
2332557312,49477.5,-0.004803,0.012563,0.000964,-1.117188,0.0,0.9899,1.0441,0.000778,0.00123,0.001695,37.432991,33.398331
2333343744,49483.2,0.000269,0.012348,0.000927,-1.109375,0.0,0.9898,1.044,0.000803,0.001156,0.001726,37.003017,33.274895
2334130176,49488.8,-0.010267,0.012398,0.000934,-1.117188,0.0,0.9899,1.044,0.000641,0.001084,0.001669,38.392662,35.212372
2334916608,49465.8,-0.001662,0.0234,0.000961,-1.101562,0.0,0.9901,1.0439,0.000898,0.001158,0.001689,34.779106,30.520184
2335703040,49471.4,-0.006464,0.013866,0.000957,-1.140625,0.0,0.9901,1.0437,0.000889,0.001166,0.001572,36.68391,32.997688
2336489472,49477.0,0.000624,0.014502,0.000913,-1.15625,0.0,0.9903,1.0436,0.000803,0.000933,0.001371,37.226192,32.570175
2337275904,49455.6,0.003558,0.023863,0.000938,-1.148438,0.0,0.9903,1.0435,0.000743,0.001036,0.001604,37.33717,32.734901
2338062336,49461.1,0.001776,0.026774,0.000931,-1.1875,0.0,0.9903,1.043,0.000889,0.00105,0.002007,34.183743,29.359253
2338848768,49466.6,-0.003014,0.020864,0.00095,-1.179688,0.0,0.9903,1.0424,0.000775,0.001118,0.001808,35.271526,29.837494
2339635200,49472.2,-0.005665,0.017495,0.000932,-1.195312,0.0,0.9903,1.0419,0.000887,0.000982,0.001785,34.398312,29.177197
2340421632,49449.0,0.002099,0.031088,0.000917,-1.125,0.0,0.9904,1.0416,0.00092,0.000959,0.001895,37.996033,33.82658
2341208064,49454.7,-0.010069,0.020892,0.000893,-1.117188,0.0,0.9903,1.041,0.000893,0.001099,0.001926,37.95974,33.925667
2341994496,49460.4,0.001076,0.019145,0.000899,-1.109375,0.0,0.9902,1.0405,0.000901,0.000912,0.00159,36.281349,32.922752
2342780928,49446.6,-0.003414,0.022074,0.000888,-1.09375,0.0,0.9901,1.0401,0.000976,0.000973,0.001466,35.529053,27.676907
2343567360,49452.4,0.001651,0.011861,0.000964,-1.109375,0.0,0.9901,1.0404,0.000886,0.001012,0.001307,38.577656,33.431042
2344353792,49458.1,-0.000557,0.012956,0.000942,-1.125,0.0,0.9901,1.0409,0.0008,0.001132,0.001539,40.191425,36.723507
2345140224,49463.9,0.008422,0.013623,0.001003,-1.109375,0.0,0.9901,1.0413,0.000915,0.000976,0.001378,39.794376,35.207565
2345926656,49448.4,-7.7e-05,0.027562,0.000974,-1.117188,0.0,0.9902,1.0419,0.000741,0.000955,0.001304,37.45697,30.682434
2346713088,49454.0,0.002412,0.019554,0.000967,-1.15625,0.0,0.9902,1.0424,0.00097,0.001111,0.00146,38.758476,33.380653
2347499520,49459.6,0.000852,0.017489,0.001001,-1.148438,0.0,0.9903,1.043,0.000727,0.000951,0.001519,41.347404,35.843662
2348285952,49444.3,-0.002999,0.024639,0.000955,-1.117188,0.0,0.9904,1.0434,0.000708,0.000885,0.001521,44.941265,47.140526
2349072384,49450.0,0.001452,0.016142,0.000885,-1.117188,0.0,0.9905,1.0438,0.000746,0.001018,0.00148,40.672523,37.966354
2349858816,49455.8,-0.004889,0.01196,0.00087,-1.117188,0.0,0.9904,1.0439,0.000676,0.001061,0.001435,39.76125,34.813
2350645248,49461.4,0.000398,0.013576,0.000884,-1.125,0.0,0.9904,1.0442,0.000876,0.000931,0.001248,40.150143,35.948944
2351431680,49442.9,-0.00063,0.029958,0.00093,-1.101562,0.0,0.9904,1.0444,0.000867,0.000996,0.001657,39.791763,36.407612
2352218112,49448.6,0.002464,0.023328,0.000927,-1.09375,0.0,0.9902,1.0439,0.000949,0.001233,0.001796,39.630753,36.360603
2353004544,49454.2,0.004334,0.021261,0.000935,-1.085938,0.0,0.99,1.0431,0.000954,0.001145,0.001494,40.881596,38.608685
2353790976,49460.0,-0.002492,0.019017,0.000968,-1.085938,0.0,0.9898,1.0424,0.000777,0.001155,0.001544,39.398499,36.48679
2354577408,49442.5,-0.002954,0.024499,0.001057,-1.101562,0.0,0.9899,1.0436,0.000813,0.001174,0.001479,39.432953,34.887192
2355363840,49448.1,-0.005439,0.018963,0.001005,-1.101562,0.0,0.99,1.0445,0.000968,0.000997,0.001427,40.21846,36.609402
2356150272,49453.9,-0.004485,0.016506,0.001007,-1.109375,0.0,0.99,1.0453,0.00081,0.001019,0.001565,40.106426,36.32457
2356936704,49427.2,-0.001776,0.022939,0.001032,-1.101562,0.0,0.9901,1.0456,0.000731,0.000807,0.001186,39.586864,34.726185
2357723136,49432.4,-0.003816,0.013532,0.001004,-1.140625,0.0,0.99,1.0458,0.000664,0.000939,0.001619,40.622749,36.42804
2358509568,49438.1,0.000777,0.016343,0.000997,-1.148438,0.0,0.99,1.046,0.000752,0.001007,0.001639,40.560646,34.451889
2359296000,49443.8,0.000729,0.016213,0.000997,-1.148438,0.0,0.9899,1.0458,0.000731,0.001042,0.001497,40.067249,35.253815
2360082432,49422.6,-0.008744,0.023512,0.001043,-1.140625,0.0,0.9899,1.0455,0.000897,0.001042,0.001296,39.535355,34.073181
2360868864,49428.0,-0.004518,0.012679,0.001069,-1.148438,0.0,0.9899,1.045,0.00084,0.001006,0.001368,41.293224,36.754902
2361655296,49433.8,-0.002518,0.014818,0.001007,-1.148438,0.0,0.9899,1.0444,0.000674,0.001047,0.001268,42.305328,38.849846
2362441728,49410.3,-0.005629,0.026463,0.001049,-1.132812,0.0,0.9899,1.0442,0.000794,0.00096,0.001482,38.5984,34.829796
2363228160,49416.0,0.001303,0.023253,0.000971,-1.132812,0.0,0.9897,1.0434,0.00088,0.001015,0.001547,37.071423,33.116386
2364014592,49421.7,0.003052,0.022568,0.001001,-1.132812,0.0,0.9894,1.0424,0.000958,0.000987,0.00169,39.007862,33.561333
2364801024,49427.3,0.004145,0.018734,0.000974,-1.125,0.0,0.9891,1.0416,0.000777,0.001041,0.001636,38.538887,33.46907
2365587456,49405.6,-0.003307,0.02058,0.000983,-1.101562,0.0,0.9889,1.0411,0.000774,0.000772,0.001608,39.198906,37.57127
2366373888,49411.5,-0.003633,0.010036,0.000961,-1.117188,0.0,0.9888,1.0409,0.000883,0.001098,0.001659,38.205498,33.84248
2367160320,49417.3,-0.003766,0.010831,0.000917,-1.117188,0.0,0.9887,1.0407,0.000658,0.000948,0.001518,38.616833,34.590912
2367946752,49400.0,-0.001766,0.023302,0.000945,-1.125,0.0,0.9885,1.0403,0.000812,0.001005,0.001236,36.608944,29.01384
2368733184,49405.4,-0.000904,0.015179,0.000911,-1.15625,0.0,0.9885,1.041,0.000799,0.000954,0.001506,38.077679,32.139938
2369519616,49409.8,-0.004659,0.013295,0.000902,-1.164062,0.0,0.9886,1.0418,0.000649,0.001012,0.001352,40.529083,34.855007
2370306048,49414.4,-0.00225,0.016372,0.000904,-1.164062,0.0,0.9887,1.0425,0.000792,0.000956,0.001409,39.867619,34.889648
2371092480,49397.1,-0.000571,0.025469,0.00092,-1.164062,0.0,0.9887,1.0429,0.000731,0.000806,0.001423,39.857761,33.105633
2371878912,49402.7,-0.000982,0.014331,0.000938,-1.179688,0.0,0.9887,1.0433,0.000825,0.000889,0.001603,39.088039,31.649242
2372665344,49408.4,-0.001433,0.015329,0.000928,-1.179688,0.0,0.9888,1.044,0.000665,0.000938,0.001489,39.956276,34.153847
2373451776,49388.4,-0.000127,0.023503,0.00098,-1.15625,0.0,0.9888,1.0442,0.000749,0.000975,0.001647,45.989231,47.922295
2374238208,49394.1,0.003172,0.021733,0.000981,-1.101562,0.0,0.9889,1.0443,0.000859,0.00136,0.001483,43.75481,40.904694
2375024640,49399.9,0.003167,0.018255,0.000972,-1.101562,0.0,0.9891,1.0447,0.000923,0.000985,0.001425,40.752392,36.607075
2375811072,49405.6,-0.002847,0.013363,0.001003,-1.09375,0.0,0.9891,1.0452,0.000726,0.000961,0.001349,41.544125,37.653
2376597504,49384.3,0.003264,0.022372,0.000961,-1.085938,0.0,0.9892,1.0455,0.000884,0.001013,0.00142,41.704453,37.586174
2377383936,49389.9,0.001676,0.021728,0.000918,-1.140625,0.0,0.9893,1.046,0.000851,0.001009,0.00155,39.429024,34.468819
2378170368,49395.6,-0.003476,0.014239,0.000931,-1.125,0.0,0.9891,1.046,0.001048,0.001057,0.001604,38.819725,32.741215
2378956800,49401.3,0.00336,0.02012,0.000933,-1.125,0.0,0.9889,1.0461,0.000811,0.001069,0.001551,40.541729,35.485439
2379743232,49380.8,-0.000649,0.026536,0.000992,-1.109375,0.0,0.989,1.0462,0.000764,0.000922,0.001668,41.170738,37.613258
2380529664,49386.2,0.004731,0.018938,0.000959,-1.125,0.0,0.9892,1.0468,0.000723,0.000845,0.001508,42.669102,38.524582
2381316096,49391.7,0.004588,0.016071,0.000998,-1.140625,0.0,0.9895,1.0473,0.00072,0.000895,0.001567,42.674366,38.408073
2382102528,49366.1,-0.002222,0.022711,0.001008,-1.125,0.0,0.9898,1.048,0.000884,0.0009,0.001398,43.099106,37.863781
2382888960,49371.5,-0.004255,0.016848,0.000991,-1.148438,0.0,0.9898,1.0475,0.00078,0.000895,0.001739,40.451935,34.541687
2383675392,49377.2,0.001014,0.021015,0.00101,-1.140625,0.0,0.9898,1.0469,0.000705,0.000966,0.001529,42.200195,37.216969
2384461824,49382.6,0.001358,0.018039,0.000989,-1.132812,0.0,0.9897,1.0463,0.000864,0.00102,0.001435,39.054813,33.828667
2385248256,49361.4,-0.000307,0.024801,0.001063,-1.101562,0.0,0.9899,1.0465,0.000846,0.000842,0.001387,40.982834,35.828415
2386034688,49367.1,-0.004793,0.013006,0.001031,-1.117188,0.0,0.9898,1.0463,0.000665,0.000989,0.001284,42.412411,37.896378
2386821120,49372.8,0.003313,0.016467,0.001053,-1.125,0.0,0.9899,1.0462,0.000777,0.000846,0.001325,42.549976,37.74316
2387607552,49345.1,0.001012,0.024183,0.001047,-1.117188,0.0,0.99,1.0463,0.000689,0.000753,0.001197,41.370975,36.998112
2388393984,49350.8,0.004352,0.017398,0.000986,-1.132812,0.0,0.99,1.0459,0.000979,0.000802,0.001419,40.810455,35.252396
2389180416,49356.5,0.004132,0.017845,0.00098,-1.140625,0.0,0.9901,1.0455,0.001005,0.000709,0.001392,40.412296,35.301373
2389966848,49362.1,-0.003737,0.010273,0.001031,-1.125,0.0,0.9902,1.0452,0.000668,0.000765,0.001444,42.135376,38.382843
2390753280,49345.3,-0.004593,0.024005,0.000995,-1.117188,0.0,0.9902,1.0452,0.000785,0.001028,0.001432,40.670132,36.749264
2391539712,49350.7,0.006289,0.020533,0.001049,-1.148438,0.0,0.9902,1.045,0.000775,0.000969,0.001508,42.18985,36.862885
2392326144,49356.4,-0.006362,0.015931,0.000992,-1.140625,0.0,0.9901,1.045,0.000848,0.000839,0.001302,40.896156,35.854919
2393112576,49330.4,0.000118,0.023096,0.001029,-1.109375,0.0,0.9901,1.0448,0.000727,0.000861,0.001382,40.027328,32.270126
2393899008,49335.6,-0.00372,0.017876,0.00101,-1.132812,0.0,0.9901,1.0447,0.000785,0.000941,0.001466,41.358906,36.152092
2394685440,49341.2,-0.00187,0.017088,0.001007,-1.148438,0.0,0.9901,1.0447,0.000818,0.00104,0.001446,40.422485,35.965755
2395471872,49345.8,-9.1e-05,0.017582,0.000981,-1.148438,0.0,0.9901,1.0444,0.000765,0.001042,0.001281,41.549305,37.650467
2396258304,49323.5,-2.9e-05,0.027633,0.000927,-1.125,0.0,0.99,1.0445,0.000865,0.000921,0.001187,40.64085,34.830925
2397044736,49328.9,-0.001127,0.013823,0.000882,-1.148438,0.0,0.9898,1.0445,0.000777,0.001062,0.001429,39.405609,33.134224
2397831168,49333.8,-0.001782,0.015562,0.000929,-1.15625,0.0,0.9898,1.0449,0.000779,0.001001,0.001671,41.165791,34.36578
2398617600,49303.3,0.002401,0.023373,0.000984,-1.125,0.0,0.9897,1.045,0.000701,0.000798,0.00125,41.292591,39.450115
2399404032,49308.9,0.003665,0.013083,0.000892,-1.140625,0.0,0.9898,1.0454,0.000713,0.000933,0.0014,41.140503,37.576271
2400190464,49314.4,-0.001038,0.013935,0.000952,-1.164062,0.0,0.9899,1.0459,0.000726,0.001026,0.00133,39.422531,33.301346
2400976896,49319.7,-0.003319,0.009024,0.000921,-1.148438,0.0,0.9902,1.0468,0.000668,0.000991,0.001356,39.632526,33.754116
2401763328,49298.5,0.000274,0.02367,0.000945,-1.132812,0.0,0.9903,1.047,0.000842,0.000888,0.001214,41.558346,36.716492
2402549760,49304.1,0.001318,0.014907,0.001039,-1.117188,0.0,0.9904,1.0471,0.000829,0.001009,0.001453,42.298168,36.773674
2403336192,49309.8,-0.003506,0.015758,0.00104,-1.125,0.0,0.9903,1.0468,0.000976,0.000874,0.001359,43.979225,39.598064
2404122624,49315.6,-0.007167,0.012237,0.001087,-1.117188,0.0,0.9903,1.0468,0.000662,0.000969,0.001454,43.446091,38.93457
2404909056,49297.4,-0.003774,0.030338,0.00101,-1.125,0.0,0.9902,1.0465,0.000821,0.000773,0.001247,41.032799,34.988678
2405695488,49303.0,0.000955,0.025011,0.000996,-1.15625,0.0,0.99,1.0461,0.001114,0.000836,0.001444,38.956173,33.706539
2406481920,49308.5,-0.002008,0.020223,0.00104,-1.15625,0.0,0.9899,1.0456,0.00076,0.000834,0.001528,41.646561,36.5103
2407268352,49286.3,0.0008,0.027338,0.001066,-1.140625,0.0,0.9897,1.0451,0.000666,0.000824,0.001271,42.466015,35.86982
2408054784,49291.9,-0.005085,0.014269,0.000979,-1.125,0.0,0.9898,1.0447,0.000829,0.000823,0.00159,42.437054,38.322342
2408841216,49297.5,-0.00683,0.01319,0.000992,-1.132812,0.0,0.9897,1.0443,0.000663,0.000901,0.001559,41.392963,36.118202
2409627648,49303.0,-0.006584,0.011835,0.001001,-1.117188,0.0,0.9897,1.0439,0.000793,0.000757,0.001528,41.280651,36.141876
2410414080,49285.8,-0.001235,0.023973,0.001138,-1.109375,0.0,0.99,1.0439,0.000766,0.000776,0.001099,44.588161,40.415115
2411200512,49291.3,0.001377,0.014656,0.001063,-1.117188,0.0,0.99,1.0437,0.000932,0.000826,0.001285,42.932091,39.704865
2411986944,49297.0,0.001644,0.010775,0.001018,-1.132812,0.0,0.9902,1.0437,0.000751,0.000732,0.001227,42.848713,37.8699
2412773376,49272.6,0.002592,0.022643,0.001022,-1.109375,0.0,0.9905,1.0441,0.000678,0.000712,0.001139,40.845634,35.440094
2413559808,49278.2,-0.006951,0.01634,0.000988,-1.164062,0.0,0.9904,1.044,0.000746,0.00094,0.001614,39.962086,33.836182
2414346240,49283.9,-0.004421,0.015165,0.001006,-1.171875,0.0,0.9904,1.0441,0.000832,0.000915,0.001406,39.531128,34.617683
2415132672,49289.1,-0.000967,0.013026,0.000987,-1.164062,0.0,0.9904,1.0442,0.000656,0.000824,0.001394,39.025761,34.061638
2415919104,49273.4,0.001012,0.025319,0.001105,-1.15625,0.0,0.9903,1.0436,0.00068,0.000908,0.00125,41.085533,35.41383
2416705536,49278.9,-0.008266,0.017945,0.001079,-1.1875,0.0,0.9902,1.0427,0.000742,0.000919,0.00135,40.262161,34.305374
2417491968,49283.7,-0.001658,0.01626,0.001064,-1.15625,0.0,0.9901,1.0416,0.000665,0.000953,0.001289,38.989777,33.398808
2418278400,49263.8,-0.01101,0.025803,0.001018,-1.148438,0.0,0.99,1.0408,0.000693,0.000983,0.001172,39.794743,30.732788
2419064832,49269.2,0.002057,0.017762,0.000991,-1.179688,0.0,0.9901,1.041,0.000969,0.000923,0.001552,39.884327,33.329498
2419851264,49274.9,-0.00294,0.012574,0.001002,-1.195312,0.0,0.9903,1.0412,0.001122,0.000871,0.001603,38.965805,32.698723
2420637696,49280.5,-0.003302,0.015949,0.000983,-1.203125,0.0,0.9904,1.0413,0.000946,0.000876,0.001445,40.008663,33.55653
2421424128,49259.2,-0.003536,0.027564,0.001028,-1.179688,0.0,0.9903,1.0414,0.000884,0.00097,0.001567,41.097088,34.468357
2422210560,49264.9,-0.005628,0.017315,0.000956,-1.179688,0.0,0.9903,1.0418,0.000814,0.000952,0.001665,39.489254,32.808281
2422996992,49270.4,-0.009811,0.012241,0.000967,-1.171875,0.0,0.9904,1.0423,0.000608,0.000841,0.001481,37.727657,31.812147
2423783424,49241.2,0.004022,0.026519,0.000977,-1.140625,0.0,0.9904,1.0424,0.000804,0.000807,0.001267,36.858345,33.527237
2424569856,49246.8,0.000218,0.01457,0.000928,-1.125,0.0,0.9905,1.043,0.000708,0.000896,0.001338,41.024555,37.028069
2425356288,49251.9,-0.002937,0.01625,0.00101,-1.117188,0.0,0.9905,1.0435,0.00069,0.000885,0.001305,40.021622,35.36219
2426142720,49257.3,-0.006808,0.014308,0.000966,-1.117188,0.0,0.9905,1.0439,0.000615,0.001001,0.001356,40.483788,36.760529
2426929152,49241.9,-0.005628,0.025219,0.000979,-1.140625,0.0,0.9905,1.044,0.000842,0.000921,0.001357,40.315479,35.67276
2427715584,49246.6,-0.003078,0.017498,0.000964,-1.15625,0.0,0.9904,1.0433,0.000836,0.000966,0.001465,41.229679,35.256073
2428502016,49252.0,-0.005322,0.013837,0.00101,-1.148438,0.0,0.9902,1.0422,0.000646,0.000881,0.001504,41.251644,36.3769
2429288448,49257.6,-0.002822,0.017251,0.00103,-1.15625,0.0,0.99,1.0411,0.000621,0.000868,0.001311,41.121811,35.840767
2430074880,49231.0,-0.003282,0.023236,0.001022,-1.117188,0.0,0.9902,1.0415,0.000555,0.000853,0.001226,42.360817,36.439346
2430861312,49236.2,-0.004,0.01319,0.001033,-1.132812,0.0,0.9902,1.0418,0.000714,0.000992,0.001357,41.586758,36.586514
2431647744,49241.6,0.003503,0.013854,0.001057,-1.117188,0.0,0.9902,1.0419,0.000634,0.00087,0.001361,41.049339,35.335457
2432434176,49225.2,0.002931,0.024585,0.001068,-1.117188,0.0,0.9901,1.0427,0.000672,0.000985,0.001131,41.586456,36.272293
2433220608,49230.8,-0.003838,0.022084,0.001,-1.140625,0.0,0.99,1.0426,0.000946,0.000969,0.001395,41.699722,37.287498
2434007040,49236.1,-0.008276,0.01237,0.000957,-1.140625,0.0,0.9898,1.0426,0.000746,0.000888,0.001323,40.621414,36.886787
2434793472,49241.7,-0.000557,0.014169,0.001087,-1.171875,0.0,0.9898,1.0427,0.000765,0.000921,0.001339,40.660831,35.425411
2435579904,49218.0,-0.009753,0.022116,0.001005,-1.117188,0.0,0.9898,1.0427,0.0007,0.000837,0.001341,42.860943,38.158081
2436366336,49223.7,0.002375,0.011761,0.000946,-1.140625,0.0,0.9897,1.0428,0.000764,0.000961,0.001274,40.610973,35.986755
2437152768,49229.3,-0.001268,0.01295,0.00103,-1.140625,0.0,0.9896,1.043,0.000661,0.000956,0.001203,42.607014,38.050533
2437939200,49209.6,-0.005771,0.016783,0.000977,-1.140625,0.0,0.9898,1.0436,0.000694,0.000874,0.001285,42.262402,37.155094
2438725632,49214.8,-0.004713,0.010942,0.000982,-1.148438,0.0,0.9898,1.0437,0.000792,0.000848,0.001498,39.692589,34.221752
2439512064,49219.8,-0.00801,0.009198,0.001019,-1.140625,0.0,0.9899,1.044,0.000744,0.000906,0.001377,42.329834,37.40097
2440298496,49225.4,0.001154,0.007521,0.001175,-1.125,0.0,0.9899,1.0443,0.000835,0.000843,0.001427,41.156311,36.734814
2441084928,49195.3,-0.006979,0.021907,0.00107,-1.117188,0.0,0.9899,1.0444,0.000768,0.000735,0.001269,40.804314,37.894142
2441871360,49200.8,-0.006603,0.012302,0.000991,-1.132812,0.0,0.9899,1.0443,0.00066,0.00081,0.001522,38.066975,33.453751
2442657792,49206.3,-0.008845,0.012511,0.001003,-1.140625,0.0,0.9898,1.0441,0.00072,0.000801,0.001495,38.214195,34.271618
2443444224,49187.7,-0.000398,0.029157,0.001013,-1.132812,0.0,0.9897,1.0441,0.001058,0.000799,0.001343,40.351086,34.113705
2444230656,49193.3,-0.005734,0.019233,0.001067,-1.132812,0.0,0.9898,1.0449,0.001025,0.000992,0.00143,41.349358,37.481869
2445017088,49198.8,0.001509,0.020116,0.001037,-1.140625,0.0,0.9901,1.0459,0.001258,0.000946,0.001518,39.548256,35.237373
2445803520,49204.5,-0.005161,0.016893,0.001061,-1.148438,0.0,0.9902,1.0469,0.000912,0.000914,0.001514,41.449863,36.425163
2446589952,49185.2,-0.004852,0.021426,0.000976,-1.140625,0.0,0.9902,1.0471,0.000695,0.00083,0.001239,39.720737,34.502041
2447376384,49190.7,0.006236,0.011132,0.000961,-1.148438,0.0,0.9903,1.0473,0.000641,0.000852,0.001269,42.212082,36.730595
2448162816,49196.2,-0.010736,0.01101,0.000945,-1.15625,0.0,0.9904,1.0474,0.000711,0.000854,0.001382,38.525223,32.502319
2448949248,49171.3,0.00134,0.021403,0.001077,-1.132812,0.0,0.9904,1.0475,0.000676,0.000908,0.001244,35.719372,32.680321
2449735680,49176.9,-0.005485,0.023202,0.000925,-1.148438,0.0,0.9906,1.0477,0.000778,0.000902,0.00152,42.060661,38.451809
2450522112,49182.1,-0.00058,0.01535,0.00106,-1.132812,0.0,0.9905,1.0478,0.000785,0.000865,0.001307,38.763996,33.467129
2451308544,49187.6,0.002066,0.022612,0.000913,-1.132812,0.0,0.9905,1.0476,0.000859,0.000961,0.001319,41.065552,36.240013
2452094976,49164.9,-0.005281,0.025127,0.000924,-1.101562,0.0,0.9905,1.0476,0.000755,0.0009,0.001254,42.819202,39.674042
2452881408,49170.3,-0.000296,0.017826,0.000933,-1.085938,0.0,0.9906,1.0475,0.000833,0.000941,0.001431,42.556835,39.464115
2453667840,49175.8,0.000521,0.017837,0.000968,-1.109375,0.0,0.9906,1.0474,0.000682,0.00096,0.001368,40.613106,37.297501
2454454272,49181.0,-0.001632,0.015854,0.000962,-1.109375,0.0,0.9906,1.0472,0.000574,0.00091,0.001288,41.306461,37.622574
2455240704,49162.6,-0.003843,0.02227,0.000971,-1.148438,0.0,0.9906,1.0468,0.000756,0.000883,0.001375,40.255493,35.177166
2456027136,49168.2,-0.000329,0.017441,0.000931,-1.15625,0.0,0.9904,1.0464,0.000652,0.000947,0.001335,39.100861,33.8592
2456813568,49173.6,-0.006783,0.015276,0.000967,-1.148438,0.0,0.9903,1.046,0.000806,0.000889,0.001411,41.419563,36.82827
2457600000,49154.1,-0.004552,0.023464,0.000958,-1.109375,0.0,0.9902,1.0456,0.000692,0.000902,0.001183,38.691257,35.518677
2458386432,49159.6,-0.001574,0.018348,0.000954,-1.109375,0.0,0.9901,1.0453,0.0007,0.000961,0.001366,42.849056,40.571247
2459172864,49164.9,-0.001103,0.018891,0.000939,-1.085938,0.0,0.99,1.0449,0.000717,0.001035,0.001105,40.608135,36.804996
2459959296,49170.4,-4.5e-05,0.014894,0.000944,-1.09375,0.0,0.9899,1.0443,0.000681,0.000809,0.001235,40.284981,36.705078
2460745728,49152.4,-0.002361,0.027715,0.001004,-1.078125,0.0,0.9899,1.0444,0.000777,0.000861,0.001502,41.212082,37.098297
2461532160,49157.9,-0.00155,0.017154,0.000977,-1.085938,0.0,0.9899,1.0442,0.000814,0.000802,0.001557,42.134754,38.27412
2462318592,49163.5,0.001545,0.019232,0.000953,-1.09375,0.0,0.9899,1.0441,0.000771,0.000836,0.001421,43.284462,40.2929
2463105024,49144.1,-0.000676,0.02855,0.001025,-1.085938,0.0,0.99,1.0438,0.000633,0.00078,0.00144,41.141621,36.007111
2463891456,49149.6,0.000129,0.016102,0.000954,-1.101562,0.0,0.9899,1.0436,0.00063,0.000902,0.001351,41.981503,38.049011
2464677888,49155.3,0.000486,0.014996,0.000984,-1.109375,0.0,0.99,1.0436,0.000705,0.000827,0.00119,41.07357,37.2379
2465464320,49157.1,0.00057,0.013996,0.000963,-1.109375,0.0,0.99,1.044,0.000573,0.000857,0.001383,41.416882,37.690174
2466250752,49115.4,-0.005812,0.027293,0.001041,-1.101562,0.0,0.9902,1.0449,0.000598,0.00078,0.001255,44.084145,41.768112
2467037184,49120.3,-0.004505,0.01236,0.000997,-1.125,0.0,0.9904,1.0457,0.000602,0.00089,0.001236,43.736584,41.2756
2467823616,49125.9,-0.002721,0.01219,0.001043,-1.148438,0.0,0.9904,1.0464,0.00069,0.000887,0.001301,41.662998,37.765018
2468610048,49099.7,-0.001525,0.021462,0.000992,-1.132812,0.0,0.9905,1.0469,0.000536,0.000765,0.001146,40.639652,33.389053
2469396480,49104.3,0.00138,0.017246,0.000968,-1.148438,0.0,0.9904,1.0469,0.000854,0.001141,0.001338,38.350883,32.759304
2470182912,49109.6,-0.002106,0.011387,0.00093,-1.15625,0.0,0.9903,1.0471,0.000745,0.000947,0.001227,40.126606,35.124496
2470969344,49115.1,-0.003651,0.018199,0.000933,-1.164062,0.0,0.9902,1.0469,0.000742,0.001054,0.001284,38.17218,32.56477
2471755776,49095.2,-0.003543,0.023897,0.000958,-1.164062,0.0,0.9902,1.0473,0.000598,0.000881,0.001302,43.622765,36.728081
2472542208,49100.7,-0.006083,0.016107,0.000965,-1.179688,0.0,0.9901,1.0473,0.000764,0.000856,0.001425,43.378063,36.560883
2473328640,49106.1,-0.006681,0.018272,0.00095,-1.171875,0.0,0.9901,1.0473,0.000795,0.000962,0.001448,41.962166,34.01413
2474115072,49089.5,0.003497,0.02558,0.000998,-1.148438,0.0,0.9902,1.0475,0.000666,0.000905,0.001118,38.710938,33.534416
2474901504,49094.8,0.00275,0.011749,0.000867,-1.140625,0.0,0.9902,1.0477,0.000604,0.000893,0.001351,41.983906,38.558849
2475687936,49100.4,-0.002323,0.011787,0.000927,-1.117188,0.0,0.9901,1.0479,0.000641,0.000794,0.001259,40.444241,34.909569
2476474368,49106.0,0.00242,0.013079,0.000936,-1.125,0.0,0.99,1.0479,0.00063,0.000832,0.001373,40.916805,36.135193
2477260800,49083.6,0.00011,0.026764,0.001,-1.101562,0.0,0.9898,1.0479,0.000838,0.000917,0.001232,41.27964,35.492439
2478047232,49089.1,-0.008254,0.014889,0.000982,-1.125,0.0,0.9898,1.0478,0.000726,0.00093,0.001393,41.677532,37.002853
2478833664,49094.7,-0.004943,0.01792,0.000994,-1.132812,0.0,0.9898,1.0475,0.000986,0.000918,0.001484,42.345062,38.46843
2479620096,49100.3,-0.003331,0.014443,0.000962,-1.125,0.0,0.9897,1.0471,0.000726,0.000894,0.001307,43.274906,37.990108
2480406528,49069.9,0.002825,0.019154,0.001012,-1.117188,0.0,0.9897,1.0465,0.000693,0.000741,0.001302,38.876949,33.370628
2481192960,49075.5,-0.003299,0.015598,0.000998,-1.132812,0.0,0.9895,1.0454,0.000717,0.000824,0.001182,40.711227,35.724571
2481979392,49081.0,-0.002057,0.014907,0.001009,-1.132812,0.0,0.9894,1.0443,0.000676,0.000852,0.001205,39.665909,35.527912
2482765824,49059.6,-0.001087,0.027093,0.001061,-1.109375,0.0,0.9894,1.0438,0.00066,0.000744,0.001129,40.815002,37.72274
2483552256,49065.3,-0.003889,0.017531,0.001024,-1.101562,0.0,0.9892,1.0431,0.000713,0.000948,0.001531,43.016262,40.968842
2484338688,49070.9,0.001634,0.017203,0.000973,-1.101562,0.0,0.989,1.0425,0.000616,0.000999,0.00125,41.262997,37.963379
2485125120,49076.6,-0.005334,0.016311,0.000944,-1.109375,0.0,0.9888,1.0419,0.000953,0.001044,0.001282,40.617237,37.093647
2485911552,49058.3,0.000882,0.025352,0.000962,-1.117188,0.0,0.9888,1.0418,0.000691,0.000758,0.001211,39.738117,34.494514
2486697984,49063.7,-0.001617,0.010035,0.000928,-1.125,0.0,0.9889,1.0417,0.000671,0.000931,0.001309,41.744549,36.931286
2487484416,49068.8,0.000707,0.011427,0.000946,-1.125,0.0,0.9891,1.042,0.000631,0.000859,0.001244,40.651417,35.987991
2488270848,49050.5,-0.003769,0.02085,0.000981,-1.109375,0.0,0.9893,1.0423,0.000662,0.000712,0.00126,40.428719,34.666916
2489057280,49056.1,-0.000558,0.014492,0.001026,-1.132812,0.0,0.9893,1.0421,0.000744,0.00092,0.001377,40.926388,36.90786
2489843712,49061.5,-0.007542,0.01446,0.000982,-1.132812,0.0,0.9894,1.0422,0.000758,0.000907,0.001407,41.728607,35.260368
2490630144,49067.0,0.001007,0.010987,0.001011,-1.132812,0.0,0.9894,1.042,0.00075,0.000824,0.00133,39.970009,34.389301
2491416576,49047.2,0.000113,0.027346,0.001013,-1.09375,0.0,0.9896,1.0423,0.000846,0.000887,0.001203,38.641396,35.626766
2492203008,49052.3,-0.003145,0.017158,0.001036,-1.109375,0.0,0.9896,1.0418,0.000774,0.000871,0.001436,41.930092,39.033825
2492989440,49057.8,0.001488,0.015166,0.00105,-1.109375,0.0,0.9896,1.0414,0.000565,0.000731,0.00135,39.980492,34.886379
2493775872,49036.7,0.003713,0.030185,0.001048,-1.09375,0.0,0.9896,1.0413,0.00066,0.000803,0.001331,41.847279,37.730629
2494562304,49042.1,-0.002286,0.015355,0.000996,-1.09375,0.0,0.9895,1.0415,0.000659,0.000803,0.001376,42.597176,38.827038
2495348736,49047.5,-0.002866,0.015396,0.001013,-1.085938,0.0,0.9896,1.0421,0.00082,0.000833,0.001411,42.181808,39.722992
2496135168,49053.1,-0.002821,0.014865,0.001029,-1.085938,0.0,0.9896,1.0424,0.000708,0.000859,0.001372,41.463348,37.944954
2496921600,49033.6,0.001234,0.026549,0.001032,-1.101562,0.0,0.9896,1.0427,0.000699,0.000822,0.001268,42.287437,35.866951
2497708032,49039.1,-0.004393,0.014616,0.001009,-1.132812,0.0,0.9895,1.0433,0.000644,0.000723,0.001261,40.237343,34.701336
2498494464,49044.6,0.002168,0.018576,0.001038,-1.140625,0.0,0.9894,1.0437,0.000595,0.000808,0.001193,40.371456,35.438175
2499280896,49020.7,-0.002258,0.020928,0.001044,-1.109375,0.0,0.9893,1.044,0.000585,0.000688,0.001065,36.393108,31.227005
2500067328,49026.1,-0.001483,0.017164,0.000903,-1.140625,0.0,0.9894,1.0443,0.000845,0.000863,0.001236,42.653282,38.297222
2500853760,48429.7,-0.003208,0.013515,0.000948,-1.140625,0.0,0.9894,1.0443,0.000754,0.000944,0.001353,40.175301,35.653488
2501640192,48435.2,-0.002718,0.014171,0.000925,-1.140625,0.0,0.9895,1.0443,0.000718,0.00083,0.001176,40.722672,34.793129
2502426624,48412.8,0.00229,0.022085,0.000966,-1.125,0.0,0.9895,1.0444,0.000553,0.000823,0.000971,40.551517,35.903862
2503213056,48418.4,0.000994,0.015907,0.000997,-1.140625,0.0,0.9895,1.0442,0.000617,0.000841,0.001345,41.852673,37.240112
2503999488,48423.8,-0.00196,0.012168,0.000973,-1.132812,0.0,0.9895,1.0439,0.000657,0.000826,0.001216,41.887638,37.496292
2504785920,48397.0,-0.00116,0.021401,0.000946,-1.132812,0.0,0.9894,1.0436,0.000591,0.000751,0.001121,43.518684,39.273037
2505572352,48402.6,-0.005784,0.019515,0.001087,-1.09375,0.0,0.9895,1.0438,0.000792,0.000901,0.001266,41.377636,37.660168
2506358784,48407.7,0.004411,0.020109,0.001127,-1.125,0.0,0.9895,1.0436,0.000828,0.000843,0.001228,42.826981,39.22332
2507145216,48413.2,-0.003632,0.016645,0.00111,-1.109375,0.0,0.9895,1.0434,0.000887,0.000815,0.001281,43.600414,39.013474
2507931648,48398.6,0.00077,0.021518,0.000983,-1.117188,0.0,0.9896,1.0436,0.000737,0.000665,0.001023,41.545162,36.376308
2508718080,48402.9,-0.003409,0.009807,0.000904,-1.15625,0.0,0.9897,1.044,0.000677,0.000706,0.001338,42.356159,37.326336
2509504512,48407.3,0.002119,0.013911,0.000918,-1.15625,0.0,0.9898,1.0443,0.000674,0.000767,0.001368,42.166523,36.007416
2510290944,48412.6,-0.00207,0.012965,0.000933,-1.164062,0.0,0.9899,1.0447,0.000621,0.000697,0.001334,41.480198,34.651688
2511077376,48389.1,-0.004555,0.023218,0.00096,-1.148438,0.0,0.9898,1.0451,0.000747,0.000715,0.001279,40.402111,34.6516
2511863808,48394.5,0.006897,0.015904,0.000965,-1.140625,0.0,0.9899,1.0456,0.000616,0.000753,0.001455,40.735039,35.321648
2512650240,48400.0,-0.004859,0.014084,0.000946,-1.148438,0.0,0.9898,1.0461,0.000578,0.000746,0.001186,41.384964,37.212265
2513436672,48383.4,0.000934,0.022924,0.00104,-1.140625,0.0,0.9898,1.0465,0.000682,0.000842,0.001248,39.748055,34.558495
2514223104,48389.0,0.002854,0.020241,0.000963,-1.15625,0.0,0.99,1.0466,0.00071,0.000809,0.001367,38.150566,32.881298
2515009536,48394.4,0.00143,0.019778,0.000946,-1.164062,0.0,0.9901,1.0467,0.000701,0.00085,0.001336,39.246342,33.11488
2515795968,48399.7,0.00146,0.017277,0.000945,-1.164062,0.0,0.9902,1.0468,0.000687,0.000809,0.001545,38.930851,33.235088
2516582400,48385.4,-0.001287,0.0267,0.001018,-1.148438,0.0,0.9901,1.0464,0.000762,0.000777,0.001231,37.843651,33.520439
2517368832,48390.8,1.1e-05,0.017875,0.001098,-1.140625,0.0,0.99,1.0463,0.00071,0.00082,0.001206,37.671082,32.157166
2518155264,48396.4,-0.001469,0.017778,0.001016,-1.132812,0.0,0.9899,1.0457,0.000766,0.00073,0.001249,39.047066,34.265224
2518941696,48383.6,-0.005001,0.024077,0.001047,-1.148438,0.0,0.9897,1.0451,0.000662,0.000834,0.001242,39.464523,33.046379
2519728128,48388.9,-0.01113,0.014475,0.000972,-1.171875,0.0,0.9895,1.0449,0.000606,0.000842,0.001318,39.478722,32.942242
2520514560,48394.3,-0.000669,0.017894,0.001012,-1.164062,0.0,0.9894,1.0446,0.00062,0.000964,0.001288,40.188702,34.335827
2521300992,48399.6,-0.006059,0.013413,0.001047,-1.15625,0.0,0.9892,1.0443,0.000548,0.000955,0.001289,38.644299,34.249477
2522087424,48385.7,-0.004433,0.023145,0.00098,-1.125,0.0,0.9892,1.0443,0.000698,0.000753,0.001363,41.283936,36.980061
2522873856,48390.7,0.00502,0.018461,0.000974,-1.132812,0.0,0.9891,1.0443,0.000891,0.000732,0.001326,39.961315,36.247498
2523660288,48395.9,0.005821,0.017919,0.000936,-1.140625,0.0,0.9891,1.0444,0.000793,0.00077,0.001368,39.551834,34.458054
2524446720,48375.3,0.004873,0.021473,0.00099,-1.117188,0.0,0.989,1.0444,0.000548,0.000689,0.001105,35.185341,31.128418
2525233152,48380.5,-0.000563,0.013575,0.000959,-1.125,0.0,0.9891,1.0442,0.000676,0.000994,0.001364,39.284218,35.359482
2526019584,48385.7,-0.003208,0.011185,0.000983,-1.109375,0.0,0.989,1.044,0.000508,0.000865,0.001204,39.31398,36.336006
2526806016,48391.2,-0.002314,0.013532,0.000942,-1.109375,0.0,0.9891,1.0441,0.000675,0.00077,0.001241,39.926704,36.230713
2527592448,48379.3,-0.001299,0.027454,0.000982,-1.085938,0.0,0.9892,1.044,0.000757,0.001033,0.001183,43.315166,38.63652
2528378880,48384.3,-0.000414,0.018412,0.001018,-1.109375,0.0,0.9893,1.0436,0.000695,0.000929,0.001347,41.018291,36.36599
2529165312,48389.2,0.003349,0.020789,0.001004,-1.101562,0.0,0.9893,1.0428,0.000579,0.000878,0.001204,40.51387,36.890816
2529951744,48371.5,-0.005943,0.023669,0.001028,-1.109375,0.0,0.9894,1.0426,0.000558,0.00073,0.001161,42.845947,57.245514
2530738176,48376.9,-0.010212,0.020347,0.001005,-1.054688,0.0,0.9893,1.0423,0.000663,0.000905,0.001285,36.062099,33.257568
2531524608,48382.3,0.004185,0.024059,0.001037,-1.0625,0.0,0.9892,1.042,0.000632,0.000836,0.001242,39.278255,37.405476
2532311040,48387.6,-0.002271,0.026297,0.001021,-1.0625,0.0,0.9892,1.0415,0.000609,0.000974,0.001333,39.1604,36.392494
2533097472,48363.1,3.7e-05,0.03373,0.00103,-1.070312,0.0,0.9894,1.0418,0.000569,0.000823,0.001265,40.740757,36.357964
2533883904,48368.7,-0.001746,0.019425,0.001018,-1.109375,0.0,0.9892,1.0412,0.000592,0.000761,0.001436,42.279049,39.126934
2534670336,48374.3,0.001751,0.01591,0.00104,-1.109375,0.0,0.9891,1.0411,0.000691,0.000791,0.001222,40.296001,36.326897
2535456768,48379.9,-0.000511,0.02213,0.001011,-1.117188,0.0,0.9889,1.0409,0.000697,0.000874,0.0013,39.877617,37.023846
2536243200,48359.6,0.000357,0.027334,0.001087,-1.085938,0.0,0.9891,1.041,0.000769,0.000702,0.001121,41.281689,38.24408
2537029632,48365.1,-0.009408,0.018008,0.001146,-1.101562,0.0,0.9891,1.041,0.000726,0.000749,0.001144,41.188389,37.918011
2537816064,48370.6,0.001294,0.017295,0.001072,-1.101562,0.0,0.9892,1.0413,0.000559,0.000787,0.001268,40.78289,36.994717
2538602496,48351.9,-0.003409,0.024105,0.001074,-1.117188,0.0,0.9893,1.0412,0.000745,0.000598,0.001076,41.670509,35.262737
2539388928,48357.4,-0.003802,0.009672,0.000912,-1.203125,0.0,0.9893,1.0418,0.000732,0.000774,0.001156,40.572224,35.007557
2540175360,48362.9,-0.00704,0.011614,0.000954,-1.203125,0.0,0.9894,1.0423,0.000706,0.00092,0.001239,39.115639,32.412716
2540961792,48368.1,6e-05,0.012354,0.001053,-1.195312,0.0,0.9895,1.0427,0.000646,0.000839,0.001226,38.819355,32.739178
2541748224,48343.8,-0.001328,0.026005,0.001084,-1.148438,0.0,0.9894,1.0429,0.000686,0.000706,0.001196,40.864616,36.180943
2542534656,48349.3,-0.004187,0.01405,0.001155,-1.140625,0.0,0.9894,1.0432,0.000525,0.000769,0.001134,39.494343,35.133484
2543321088,48354.8,-0.00226,0.0121,0.00106,-1.132812,0.0,0.9893,1.0433,0.000589,0.000796,0.000981,40.031178,35.39246
2544107520,48332.1,-0.001496,0.025897,0.001098,-1.125,0.0,0.9892,1.0433,0.000574,0.000653,0.001073,42.258896,37.17823
2544893952,48337.6,-0.002383,0.019529,0.000942,-1.1875,0.0,0.9892,1.0433,0.000668,0.000781,0.001227,37.865253,31.596457
2545680384,48343.2,-0.003619,0.014542,0.00102,-1.195312,0.0,0.9892,1.0435,0.000669,0.000776,0.001186,39.13586,33.604488
2546466816,48348.5,0.001372,0.017596,0.000966,-1.203125,0.0,0.989,1.0433,0.000707,0.000794,0.001135,41.803204,35.692482
2547253248,48325.3,0.006191,0.023921,0.001011,-1.148438,0.0,0.9892,1.0439,0.000567,0.00085,0.0011,41.067825,35.848774
2548039680,48329.8,-0.003007,0.013008,0.00101,-1.148438,0.0,0.9892,1.0444,0.000653,0.000827,0.001193,39.987801,35.450527
2548826112,48334.8,0.001689,0.012446,0.001056,-1.140625,0.0,0.9893,1.0453,0.000533,0.000891,0.001125,41.478016,36.838402
2549612544,48316.4,0.003199,0.02752,0.001103,-1.117188,0.0,0.9893,1.0455,0.000606,0.000703,0.001016,34.332912,29.779119
2550398976,48322.0,-0.010532,0.013735,0.000953,-1.109375,0.0,0.9895,1.0462,0.000606,0.000754,0.001244,40.308277,36.610374
2551185408,48327.5,-0.001568,0.016653,0.000975,-1.117188,0.0,0.9899,1.0468,0.000532,0.000797,0.001241,40.463654,37.882912
2551971840,48333.1,-0.000881,0.015752,0.001,-1.117188,0.0,0.9901,1.0473,0.000607,0.000747,0.001135,38.851601,34.51107
2552758272,48305.8,-0.002487,0.025544,0.000994,-1.101562,0.0,0.9901,1.0475,0.000672,0.000689,0.001009,38.380524,34.158016
2553544704,48310.8,-0.009916,0.014363,0.001028,-1.132812,0.0,0.9901,1.0476,0.000717,0.00067,0.001172,39.485371,34.392586
2554331136,48316.2,-0.000903,0.016476,0.000972,-1.148438,0.0,0.9902,1.0478,0.000615,0.000716,0.001221,39.748661,34.090855
2555117568,48298.6,0.001587,0.02513,0.000984,-1.140625,0.0,0.9901,1.0475,0.000558,0.000657,0.001214,46.193531,53.82383
2555904000,48304.0,-0.004835,0.020256,0.001137,-1.140625,0.0,0.99,1.0472,0.000537,0.000982,0.001413,39.296665,34.055691
2556690432,48309.3,-0.000632,0.022714,0.001049,-1.148438,0.0,0.9896,1.0465,0.00056,0.000959,0.001458,37.421345,31.35236
2557476864,48314.5,-0.005562,0.01762,0.001129,-1.15625,0.0,0.9893,1.0457,0.000638,0.000948,0.001184,40.865311,36.302795
2558263296,48289.6,-0.001855,0.024408,0.001092,-1.148438,0.0,0.9892,1.0455,0.000627,0.000731,0.00106,41.091347,35.196533
2559049728,48295.1,-0.00147,0.015278,0.001015,-1.179688,0.0,0.9892,1.0455,0.000581,0.000689,0.001188,41.157349,35.09169
2559836160,48300.6,-0.004345,0.013352,0.00101,-1.171875,0.0,0.9892,1.0455,0.000717,0.000676,0.001191,39.747074,33.672119
2560622592,48306.1,-0.00167,0.014706,0.00103,-1.171875,0.0,0.9893,1.0455,0.000641,0.000895,0.001159,39.751076,33.530594
2561409024,48288.7,-0.010115,0.023757,0.001088,-1.085938,0.0,0.9892,1.0456,0.000629,0.000695,0.001021,40.708954,37.330715
2562195456,48293.9,-0.003004,0.014886,0.001069,-1.101562,0.0,0.9895,1.046,0.000597,0.000666,0.001254,41.628948,38.793907
2562981888,48299.4,0.004094,0.016307,0.001113,-1.109375,0.0,0.9895,1.0462,0.00058,0.000679,0.001294,41.411491,37.119904
2563768320,48272.1,-0.000707,0.025086,0.001019,-1.109375,0.0,0.9896,1.0464,0.000601,0.000588,0.001075,40.741257,34.622368
2564554752,48277.6,-0.005388,0.016208,0.001071,-1.15625,0.0,0.9896,1.0462,0.00075,0.000745,0.00122,39.787045,35.1702
2565341184,48283.0,-0.003562,0.018023,0.001037,-1.148438,0.0,0.9895,1.0455,0.000674,0.000702,0.001221,40.917389,35.762619
2566127616,48288.3,0.002499,0.019689,0.001011,-1.140625,0.0,0.9895,1.0451,0.000724,0.000706,0.001258,41.455032,37.282791
2566914048,48273.2,-0.007171,0.025623,0.000992,-1.101562,0.0,0.9896,1.0452,0.000491,0.000552,0.001146,41.467014,38.163189
2567700480,48277.9,9.4e-05,0.0179,0.000975,-1.117188,0.0,0.9895,1.0452,0.000606,0.000669,0.001137,40.617264,37.969578
2568486912,48282.9,-0.005436,0.011444,0.000975,-1.125,0.0,0.9894,1.0452,0.000709,0.000619,0.001348,39.997368,35.143867
2569273344,48262.9,-0.001105,0.021684,0.001061,-1.117188,0.0,0.9894,1.0452,0.000518,0.00062,0.001134,40.323647,37.671436
2570059776,48268.0,-0.002902,0.012196,0.001062,-1.109375,0.0,0.9895,1.0456,0.000592,0.000845,0.001197,41.62225,36.684155
2570846208,48273.3,-0.002976,0.017305,0.001112,-1.125,0.0,0.9895,1.0457,0.00057,0.00082,0.001309,38.88139,35.007103
2571632640,48278.4,0.002356,0.014967,0.001118,-1.109375,0.0,0.9895,1.0458,0.00066,0.000868,0.001113,40.492237,36.229229
2572419072,48258.2,0.000348,0.021467,0.001025,-1.09375,0.0,0.9897,1.0461,0.00065,0.000659,0.001012,38.720398,34.306263
2573205504,48263.3,0.000915,0.01143,0.001022,-1.109375,0.0,0.9902,1.0466,0.000645,0.000788,0.001202,39.497372,36.458763
2573991936,48268.6,-0.005148,0.011086,0.000995,-1.117188,0.0,0.9906,1.0472,0.00059,0.000737,0.001222,38.560123,34.030731
2574778368,48247.8,-0.002238,0.021715,0.000972,-1.101562,0.0,0.9909,1.0476,0.000613,0.000688,0.001105,33.839176,27.198158
2575564800,48252.9,-0.005513,0.017559,0.001062,-1.140625,0.0,0.9908,1.047,0.000564,0.000731,0.001274,38.458324,33.251984
2576351232,48258.3,0.002038,0.014679,0.001061,-1.148438,0.0,0.9908,1.0469,0.000759,0.000683,0.001197,37.31213,31.523199
2577137664,48263.7,-0.002858,0.016281,0.000959,-1.140625,0.0,0.9907,1.0466,0.000568,0.000708,0.001116,38.385963,33.820984
2577924096,48249.6,-0.003733,0.02284,0.000982,-1.148438,0.0,0.9907,1.0466,0.000655,0.000635,0.001018,39.813534,34.288937
2578710528,48255.1,0.004761,0.020171,0.001038,-1.171875,0.0,0.9907,1.0468,0.000589,0.000706,0.001226,38.445614,31.937645
2579496960,48260.6,0.000755,0.014869,0.001031,-1.179688,0.0,0.9907,1.0471,0.000644,0.000675,0.001136,38.941544,33.431408
2580283392,48235.4,-0.000807,0.020459,0.00097,-1.171875,0.0,0.9906,1.0473,0.00075,0.000732,0.001181,44.317574,51.516838
2581069824,48240.6,-0.005999,0.01752,0.001095,-1.148438,0.0,0.9907,1.0476,0.000868,0.000766,0.001152,37.963448,31.673317
2581856256,48245.8,-0.006077,0.019906,0.00116,-1.15625,0.0,0.9908,1.048,0.000748,0.000864,0.001198,38.762768,33.274292
2582642688,48251.1,0.006548,0.022139,0.000991,-1.164062,0.0,0.9907,1.0482,0.000835,0.000706,0.001103,38.826046,33.219704
2583429120,48233.9,0.001521,0.028665,0.001096,-1.117188,0.0,0.9908,1.0484,0.00062,0.000753,0.001186,39.549992,35.363388
2584215552,48239.4,0.006635,0.0203,0.000936,-1.109375,0.0,0.9909,1.048,0.000548,0.00079,0.001294,39.224998,35.73605
2585001984,48244.9,-0.001849,0.015103,0.000958,-1.109375,0.0,0.9909,1.0474,0.000524,0.000699,0.001141,39.26334,37.2383
2585788416,48250.3,-0.00245,0.017713,0.000919,-1.117188,0.0,0.991,1.0468,0.000568,0.000748,0.001152,38.047958,33.73159
2586574848,48227.3,-0.00963,0.024628,0.000937,-1.125,0.0,0.9911,1.0468,0.00051,0.00061,0.000923,36.99839,32.823559
2587361280,48232.4,0.000531,0.014072,0.000903,-1.125,0.0,0.9912,1.0469,0.000558,0.000708,0.001022,37.831467,33.495377
2588147712,48237.4,-0.002202,0.013671,0.000921,-1.132812,0.0,0.9914,1.0472,0.000439,0.000603,0.000946,37.164661,33.187794
2588934144,48221.8,-6e-05,0.022272,0.000988,-1.117188,0.0,0.9914,1.0472,0.00055,0.000603,0.000977,39.964802,36.720959
2589720576,48227.1,0.000441,0.018193,0.00096,-1.140625,0.0,0.9911,1.0464,0.000645,0.000708,0.001415,41.099834,36.696438
2590507008,48231.5,0.003414,0.017652,0.000984,-1.164062,0.0,0.9908,1.0456,0.00067,0.000719,0.001332,40.606842,35.418045
2591293440,48236.8,-0.006679,0.013717,0.000967,-1.164062,0.0,0.9905,1.045,0.000572,0.000683,0.001236,40.230022,34.115452
2592079872,48216.8,0.005301,0.020001,0.000921,-1.132812,0.0,0.9905,1.045,0.000454,0.000531,0.000916,39.480347,34.357571
2592866304,48222.1,-0.003656,0.012057,0.000987,-1.148438,0.0,0.9907,1.0454,0.000466,0.000726,0.001194,41.308796,36.990135
2593652736,48227.3,-0.005469,0.011881,0.000918,-1.148438,0.0,0.991,1.0458,0.000512,0.000857,0.000948,41.228275,36.398575
2594439168,48206.1,-0.005101,0.021694,0.000996,-1.132812,0.0,0.9911,1.046,0.000487,0.000602,0.001016,40.54604,35.980202
2595225600,48211.3,-0.006207,0.01459,0.001017,-1.171875,0.0,0.9911,1.0453,0.000516,0.000754,0.0011,40.386765,34.672157
2596012032,48216.6,-0.006042,0.015449,0.0011,-1.164062,0.0,0.9912,1.0449,0.000501,0.000681,0.001014,39.806896,34.569557
2596798464,48221.8,-0.00073,0.015711,0.000995,-1.164062,0.0,0.9911,1.0442,0.000566,0.000649,0.001087,40.020004,34.323322
2597584896,48198.5,-0.001255,0.023402,0.001119,-1.117188,0.0,0.9913,1.0442,0.000689,0.000629,0.001167,40.027344,36.045753
2598371328,48203.6,0.001907,0.020698,0.00099,-1.109375,0.0,0.991,1.0435,0.000617,0.000751,0.001228,40.083019,34.894875
2599157760,48208.2,0.001103,0.016385,0.000949,-1.117188,0.0,0.991,1.0427,0.000562,0.000722,0.001298,40.31657,35.195381
2599944192,48182.8,0.00147,0.02818,0.000966,-1.101562,0.0,0.991,1.0425,0.000501,0.00065,0.001093,35.333717,29.786739
2600730624,48188.0,-0.001227,0.010192,0.000969,-1.117188,0.0,0.9909,1.0433,0.000534,0.000764,0.001115,38.474636,33.459381
2601517056,48193.1,-0.000973,0.014817,0.000995,-1.117188,0.0,0.9909,1.044,0.000544,0.000723,0.001154,38.631695,34.70076
2602303488,48198.3,0.004181,0.013224,0.000968,-1.125,0.0,0.9908,1.0447,0.000633,0.000595,0.001117,37.953747,33.047638
2603089920,48180.8,-0.006689,0.019361,0.000973,-1.09375,0.0,0.9907,1.0448,0.000602,0.000681,0.001082,38.588676,34.636314
2603876352,48185.9,0.001159,0.014139,0.000934,-1.101562,0.0,0.9907,1.0453,0.000562,0.0007,0.001288,40.202938,36.142029
2604662784,48191.3,-0.005736,0.014284,0.000939,-1.09375,0.0,0.9907,1.0456,0.000634,0.000683,0.001054,39.388187,36.753807
2605449216,48172.1,0.000264,0.020676,0.000922,-1.09375,0.0,0.9908,1.0462,0.000557,0.000589,0.000954,45.717369,54.172874
2606235648,48177.3,-0.005158,0.014948,0.0009,-1.132812,0.0,0.9909,1.0467,0.000546,0.000696,0.001239,38.203007,32.455528
2607022080,48182.1,0.002504,0.011546,0.00089,-1.140625,0.0,0.991,1.0473,0.00063,0.000617,0.001132,40.1292,34.885094
2607808512,48187.3,-0.002276,0.012099,0.000902,-1.140625,0.0,0.9911,1.0477,0.000601,0.000619,0.001031,39.645859,33.737942
2608594944,48173.4,-0.003334,0.020845,0.000936,-1.125,0.0,0.9911,1.0477,0.000517,0.000566,0.001035,41.89888,36.563698
2609381376,48178.7,-0.003208,0.008957,0.000906,-1.132812,0.0,0.9909,1.0478,0.000487,0.000612,0.001025,41.935619,36.716225
2610167808,48184.0,0.00094,0.012292,0.000919,-1.132812,0.0,0.9908,1.0478,0.000477,0.000647,0.001177,43.165127,38.992538
2610954240,48189.1,-0.001551,0.009497,0.000951,-1.140625,0.0,0.9907,1.0476,0.000645,0.000642,0.001082,40.605694,36.00145
2611740672,48166.5,0.00183,0.023068,0.000992,-1.117188,0.0,0.9908,1.0481,0.000502,0.000576,0.001074,41.286869,35.254265
2612527104,48171.7,0.003805,0.018513,0.001004,-1.125,0.0,0.9909,1.0482,0.000595,0.000657,0.001058,41.09396,35.775383
2613313536,48176.6,-0.000869,0.014652,0.000988,-1.132812,0.0,0.991,1.0486,0.000543,0.000624,0.001002,40.633595,36.736183
2614099968,48162.7,0.00067,0.020836,0.000969,-1.117188,0.0,0.991,1.0489,0.000518,0.000646,0.001027,43.154736,38.585075
2614886400,48168.1,-0.008693,0.011373,0.000981,-1.117188,0.0,0.9913,1.0499,0.000502,0.000586,0.001047,42.253353,38.445431
2615672832,48173.5,3.4e-05,0.011441,0.000943,-1.117188,0.0,0.9915,1.0507,0.000574,0.000532,0.001154,42.594971,38.950943
2616459264,48178.8,-0.002634,0.011674,0.00096,-1.132812,0.0,0.9916,1.051,0.000488,0.00057,0.000973,41.178856,36.159584
2617245696,48159.9,-0.000174,0.027611,0.001033,-1.101562,0.0,0.9918,1.0509,0.000523,0.000588,0.001037,40.951626,36.57531
2618032128,48165.3,-0.002045,0.013711,0.001003,-1.117188,0.0,0.9918,1.0506,0.000489,0.000663,0.001132,42.077831,38.79377
2618818560,48170.6,-0.000867,0.0136,0.001022,-1.109375,0.0,0.992,1.0502,0.00053,0.000558,0.001231,39.985344,35.416718
2619604992,48156.3,0.001737,0.024476,0.000996,-1.09375,0.0,0.9919,1.0498,0.000519,0.000531,0.000929,42.700169,42.468781
2620391424,48161.7,-0.000446,0.016559,0.000992,-1.101562,0.0,0.9919,1.0494,0.000509,0.000638,0.00107,39.995152,34.669426
2621177856,48167.1,-0.005641,0.013743,0.001002,-1.101562,0.0,0.9919,1.0491,0.000548,0.000671,0.001089,41.776394,38.680481
2621964288,48172.5,-0.007381,0.015008,0.000998,-1.109375,0.0,0.992,1.0489,0.000526,0.000645,0.001024,41.080647,36.343304
2622750720,48151.9,-0.001042,0.025092,0.001044,-1.085938,0.0,0.9922,1.0493,0.00066,0.000693,0.001029,43.612194,39.003918
2623537152,48157.4,-0.003432,0.012808,0.001048,-1.085938,0.0,0.9923,1.0493,0.000509,0.000651,0.00106,43.271019,39.835068
2624323584,48162.9,0.00281,0.013942,0.00102,-1.09375,0.0,0.9924,1.0493,0.000537,0.000746,0.000928,43.472233,40.352142
2625110016,48141.8,-0.006859,0.021854,0.001023,-1.078125,0.0,0.9924,1.0494,0.000499,0.000608,0.001069,38.819614,30.36282
2625896448,48147.1,0.000735,0.019773,0.001008,-1.125,0.0,0.9923,1.0489,0.000469,0.00065,0.00104,41.778221,37.594463
2626682880,48152.3,-0.002141,0.015377,0.000993,-1.125,0.0,0.9922,1.0487,0.00059,0.000707,0.001071,41.366146,37.412094
2627469312,48157.6,-0.004341,0.014534,0.000979,-1.125,0.0,0.9921,1.0483,0.000605,0.000688,0.001084,43.640179,39.084572
2628255744,48140.9,-0.001745,0.02403,0.000971,-1.101562,0.0,0.9921,1.0484,0.000497,0.000483,0.000904,43.519245,38.030903
2629042176,48145.3,-0.004702,0.011211,0.000963,-1.09375,0.0,0.992,1.0483,0.000479,0.000608,0.001044,43.941658,39.236378
2629828608,48149.4,0.008845,0.010387,0.000967,-1.09375,0.0,0.992,1.0487,0.000505,0.000669,0.000942,42.59943,37.085369
2630615040,48126.5,-0.003081,0.019148,0.000986,-1.078125,0.0,0.9919,1.0486,0.000508,0.000535,0.000892,47.833778,58.205231
2631401472,48131.6,-0.002055,0.014167,0.000956,-1.070312,0.0,0.992,1.0487,0.000472,0.000589,0.001034,43.8643,40.274017
2632187904,48136.8,-7.7e-05,0.012761,0.001016,-1.070312,0.0,0.992,1.0487,0.000508,0.000637,0.000992,42.956867,40.421478
2632974336,48142.1,-0.003112,0.012725,0.001006,-1.078125,0.0,0.992,1.0488,0.00042,0.000691,0.001027,42.834133,39.280586
2633760768,48119.0,0.000449,0.022104,0.000985,-1.070312,0.0,0.992,1.0491,0.000461,0.000529,0.000863,43.646786,40.323406
2634547200,48123.7,-0.001432,0.017239,0.000959,-1.09375,0.0,0.9919,1.049,0.000539,0.000751,0.001232,43.001556,40.331375
2635333632,48129.1,-0.005689,0.018753,0.000975,-1.101562,0.0,0.9918,1.0487,0.000526,0.000892,0.00121,41.842941,38.645535
2636120064,48133.9,-4.1e-05,0.020331,0.000992,-1.085938,0.0,0.9917,1.0483,0.000479,0.000733,0.000955,42.414558,38.66246
2636906496,48111.5,-0.003779,0.028091,0.001024,-1.09375,0.0,0.9916,1.0481,0.000478,0.000711,0.001059,43.941647,39.431671
2637692928,48117.0,-0.003719,0.021349,0.001029,-1.109375,0.0,0.9914,1.0476,0.00061,0.000705,0.001048,44.56525,40.844479
2638479360,48122.4,-0.004615,0.014212,0.000987,-1.109375,0.0,0.9912,1.0473,0.00057,0.000657,0.000882,43.456196,39.752136
2639265792,48099.6,-0.004311,0.02317,0.001052,-1.117188,0.0,0.9913,1.0474,0.000563,0.000637,0.000998,43.077633,38.202023
2640052224,48105.0,0.00163,0.014722,0.001047,-1.132812,0.0,0.9911,1.0468,0.000568,0.000587,0.001157,41.927826,37.099838
2640838656,48110.3,-0.005974,0.016415,0.001048,-1.140625,0.0,0.9909,1.0462,0.000559,0.000625,0.001027,40.678001,35.728065
2641625088,48115.4,-0.005289,0.017669,0.001015,-1.132812,0.0,0.9909,1.0458,0.000477,0.000637,0.001146,43.087852,39.306152
2642411520,48087.5,0.001198,0.023629,0.001005,-1.09375,0.0,0.991,1.046,0.000519,0.000518,0.001004,40.991795,36.568737
2643197952,48092.3,-0.003186,0.014238,0.000982,-1.09375,0.0,0.991,1.0458,0.000562,0.000579,0.001312,40.062748,36.1735
2643984384,48097.6,0.000692,0.013442,0.000958,-1.109375,0.0,0.9911,1.0455,0.000502,0.000638,0.000996,40.658905,36.754036
2644770816,48077.8,0.001419,0.023883,0.000977,-1.109375,0.0,0.9911,1.0453,0.000527,0.000513,0.000978,42.480721,40.136669
2645557248,48082.9,-0.001665,0.015371,0.000943,-1.140625,0.0,0.9909,1.045,0.000534,0.000611,0.001112,40.0383,33.681763
2646343680,48087.4,-4e-06,0.016626,0.000936,-1.132812,0.0,0.9907,1.0444,0.000487,0.000663,0.001158,40.937588,34.850689
2647130112,48092.4,0.00289,0.014603,0.000943,-1.132812,0.0,0.9905,1.044,0.00048,0.00057,0.001078,40.864429,35.542709
2647916544,48058.5,-0.000483,0.022107,0.001013,-1.109375,0.0,0.9904,1.0437,0.000462,0.000584,0.000985,43.927475,41.182625
2648702976,48062.8,0.003271,0.021692,0.000963,-1.125,0.0,0.9904,1.0434,0.000459,0.000659,0.001025,41.207191,36.296364
2649489408,48067.5,0.005715,0.017987,0.000967,-1.125,0.0,0.9902,1.0429,0.000463,0.0007,0.001091,42.067554,38.752075
2650275840,48057.1,0.00479,0.03078,0.000991,-1.101562,0.0,0.9901,1.0426,0.000458,0.000523,0.000903,40.997356,33.531101
2651062272,48062.5,-0.011014,0.014851,0.00089,-1.117188,0.0,0.99,1.0426,0.000502,0.000636,0.001106,40.638371,36.159042
2651848704,48067.0,0.008169,0.024518,0.000904,-1.109375,0.0,0.9899,1.0427,0.000546,0.000586,0.001089,40.661739,36.557621
2652635136,48072.4,-0.001757,0.017841,0.000944,-1.109375,0.0,0.9898,1.0429,0.000568,0.000713,0.001087,40.329605,35.296169
2653421568,48055.4,0.005354,0.026162,0.000985,-1.09375,0.0,0.9896,1.0427,0.000513,0.000577,0.000942,42.918468,39.825535
2654208000,48060.6,-0.006096,0.018605,0.001004,-1.101562,0.0,0.9896,1.0428,0.000551,0.000652,0.000955,40.981277,37.986267
2654994432,48065.9,-0.001748,0.01457,0.00097,-1.085938,0.0,0.9895,1.0429,0.000478,0.000594,0.000935,41.455868,38.820477
2655780864,48054.2,-0.002101,0.026319,0.001011,-1.085938,0.0,0.9895,1.043,0.000433,0.0005,0.000903,46.782192,52.575745
2656567296,48059.6,-0.004502,0.013178,0.001001,-1.125,0.0,0.9895,1.043,0.000455,0.000626,0.000991,43.139133,37.651955
2657353728,48064.8,-0.000987,0.010867,0.001027,-1.117188,0.0,0.9896,1.0432,0.000481,0.000549,0.001035,43.719769,38.622543
2658140160,48069.9,-0.002688,0.011816,0.000988,-1.117188,0.0,0.9896,1.0434,0.000465,0.000614,0.000858,43.778931,38.268288
2658926592,48045.4,-0.000995,0.023821,0.001022,-1.125,0.0,0.9897,1.0438,0.000495,0.000518,0.000736,41.31897,35.976067
2659713024,48050.6,0.000522,0.013816,0.000978,-1.15625,0.0,0.9896,1.0441,0.000539,0.000574,0.000925,41.134399,35.706787
2660499456,48055.7,-0.008535,0.013934,0.000995,-1.171875,0.0,0.9895,1.0447,0.000461,0.000632,0.001096,44.108986,39.478477
2661285888,48060.7,-0.002028,0.011922,0.000982,-1.15625,0.0,0.9894,1.0453,0.000552,0.000656,0.0009,42.183807,37.375565
2662072320,48041.5,-0.006195,0.021361,0.001024,-1.15625,0.0,0.9893,1.045,0.000478,0.000541,0.000925,42.2113,35.067944
2662858752,48046.6,-0.001097,0.017333,0.001029,-1.171875,0.0,0.9893,1.0448,0.000504,0.000616,0.000988,43.183281,36.649868
2663645184,48051.6,-0.000343,0.013912,0.000999,-1.171875,0.0,0.9893,1.0446,0.000577,0.000504,0.001071,42.020599,35.38089
2664431616,48030.5,0.002092,0.019841,0.000994,-1.101562,0.0,0.9894,1.0446,0.000473,0.000484,0.000863,41.975616,39.194637
2665218048,48035.7,0.003101,0.014074,0.000997,-1.078125,0.0,0.9894,1.0449,0.000426,0.000538,0.000846,40.278954,35.5989
2666004480,48040.8,-0.000814,0.011387,0.000982,-1.070312,0.0,0.9895,1.0453,0.000507,0.000592,0.000851,41.550232,36.625473
2666790912,48046.1,-0.007005,0.014648,0.000953,-1.078125,0.0,0.9895,1.0458,0.000455,0.000547,0.000895,40.65955,37.230423
2667577344,48008.7,-0.004073,0.021713,0.001029,-1.085938,0.0,0.9896,1.0458,0.000356,0.000555,0.000944,41.838398,39.095707
2668363776,48013.4,0.002507,0.014353,0.001014,-1.109375,0.0,0.9897,1.0461,0.0005,0.000469,0.0008,44.589592,41.466854
2669150208,48018.0,0.004779,0.016745,0.00101,-1.109375,0.0,0.99,1.0465,0.000521,0.000509,0.000843,43.273235,40.097153
2669936640,47959.7,0.003025,0.024017,0.000999,-1.117188,0.0,0.9901,1.0467,0.00043,0.000487,0.000822,42.281345,37.969162
2670723072,47964.6,0.007059,0.015558,0.000989,-1.140625,0.0,0.9901,1.0467,0.000461,0.000645,0.00098,41.170692,35.119492
2671509504,47969.8,-0.004636,0.012978,0.000979,-1.148438,0.0,0.9902,1.047,0.000496,0.000536,0.000894,41.044304,35.396584
2672295936,47974.6,-0.000358,0.01458,0.001007,-1.148438,0.0,0.9903,1.0471,0.000556,0.000486,0.000942,41.483501,35.877518
2673082368,47957.5,0.002763,0.022932,0.001052,-1.085938,0.0,0.9904,1.0476,0.000432,0.000446,0.000914,45.442581,43.506287
2673868800,47962.6,-0.002555,0.011148,0.001025,-1.09375,0.0,0.9905,1.0482,0.000492,0.000503,0.000992,44.276596,41.456615
2674655232,47967.9,0.006742,0.011837,0.001013,-1.101562,0.0,0.9906,1.0487,0.000509,0.000586,0.00097,41.868679,36.966141
2675441664,47949.9,-0.000303,0.02113,0.00101,-1.09375,0.0,0.9907,1.0493,0.000416,0.000478,0.000792,37.001003,29.387411
2676228096,47955.1,0.001112,0.01663,0.001008,-1.140625,0.0,0.9906,1.0489,0.000531,0.000673,0.001043,39.906029,34.229946
2677014528,47960.2,-0.002963,0.014386,0.001008,-1.140625,0.0,0.9905,1.0484,0.000501,0.00062,0.00099,41.490017,37.133308
2677800960,47965.4,-0.003652,0.01979,0.00103,-1.140625,0.0,0.9903,1.0475,0.000448,0.000601,0.000947,41.444473,37.13332
2678587392,47950.5,-0.003068,0.030199,0.001027,-1.117188,0.0,0.9903,1.0475,0.000509,0.000612,0.001021,42.869461,38.040226
2679373824,47955.7,0.002304,0.015555,0.001038,-1.132812,0.0,0.9903,1.0475,0.000438,0.000588,0.001012,41.470417,36.130928
2680160256,47960.3,-0.003274,0.016603,0.00102,-1.125,0.0,0.9904,1.0476,0.000499,0.000632,0.001037,43.013458,38.061413
2680946688,47950.1,-0.003459,0.021781,0.001022,-1.09375,0.0,0.9905,1.0476,0.000487,0.000539,0.000876,47.178913,49.416382
2681733120,47955.3,-0.003483,0.012237,0.000945,-1.125,0.0,0.9904,1.0476,0.000421,0.0006,0.001032,43.44223,39.137432
2682519552,47960.5,0.001514,0.013014,0.000966,-1.117188,0.0,0.9903,1.0477,0.000447,0.000575,0.000892,43.328472,39.089439
2683305984,47965.7,0.000182,0.013851,0.000968,-1.117188,0.0,0.9902,1.0475,0.000467,0.000651,0.000923,40.978153,35.672192
2684092416,47949.2,0.006655,0.0211,0.00104,-1.101562,0.0,0.9903,1.048,0.000532,0.000509,0.000774,42.304264,38.771988
2684878848,47954.3,0.003974,0.014544,0.000958,-1.125,0.0,0.9903,1.0482,0.000463,0.000634,0.000879,41.792816,37.493584
2685665280,47959.1,-0.00101,0.015608,0.000957,-1.125,0.0,0.9904,1.0488,0.000472,0.000612,0.000826,43.963318,39.613533
2686451712,47964.3,0.00303,0.016773,0.000962,-1.125,0.0,0.9904,1.0491,0.000421,0.000653,0.000921,40.529453,35.661011
2687238144,47952.6,-0.001873,0.023998,0.000963,-1.109375,0.0,0.9904,1.0486,0.000622,0.000454,0.001194,43.124748,37.761135
2688024576,47957.8,-0.013911,0.014063,0.001006,-1.117188,0.0,0.9903,1.0475,0.000499,0.000542,0.000991,42.014595,36.708763
2688811008,47962.9,-0.00283,0.01504,0.000961,-1.117188,0.0,0.9903,1.0465,0.000425,0.000616,0.001194,42.263844,37.501263
2689597440,47950.6,0.001294,0.02459,0.000972,-1.101562,0.0,0.9902,1.0456,0.000518,0.000544,0.000891,43.170937,41.501751
2690383872,47955.8,-0.005499,0.017575,0.000939,-1.09375,0.0,0.9901,1.0452,0.000422,0.000602,0.000904,43.318153,40.141762
2691170304,47961.0,-0.002681,0.016928,0.000912,-1.09375,0.0,0.9901,1.0449,0.000468,0.000628,0.000852,42.313202,39.130806
2691956736,47966.1,-0.005461,0.014946,0.000939,-1.09375,0.0,0.99,1.0445,0.000507,0.000697,0.000959,40.872608,35.640823
2692743168,47952.7,0.001268,0.02633,0.000956,-1.085938,0.0,0.9901,1.0444,0.000473,0.000504,0.000794,40.70702,36.925594
2693529600,47957.9,-0.007551,0.015853,0.001005,-1.109375,0.0,0.9903,1.0441,0.000532,0.000491,0.001148,44.160603,40.00444
2694316032,47963.0,-0.001188,0.013039,0.000969,-1.109375,0.0,0.9906,1.0443,0.000511,0.000536,0.000929,44.442402,39.611046
2695102464,47951.4,0.000401,0.024224,0.000996,-1.085938,0.0,0.9906,1.0442,0.000449,0.000479,0.000705,42.975464,41.502464
2695888896,47956.7,-0.00748,0.008336,0.000955,-1.085938,0.0,0.9907,1.0447,0.000418,0.000536,0.000906,44.737907,40.346294
2696675328,47961.9,-0.003624,0.009844,0.000966,-1.09375,0.0,0.9908,1.0452,0.000397,0.000579,0.000895,43.39571,38.753922
2697461760,47967.0,0.000566,0.00855,0.000989,-1.101562,0.0,0.9909,1.0458,0.000421,0.000538,0.000811,44.598366,41.536064
2698248192,47953.5,0.006385,0.025994,0.001083,-1.125,0.0,0.991,1.0457,0.000459,0.000431,0.000849,43.830479,38.698463
2699034624,47958.0,-0.002356,0.015569,0.00103,-1.164062,0.0,0.991,1.0452,0.000403,0.000522,0.000981,44.939373,39.680508
2699821056,47963.3,-0.001397,0.014653,0.000999,-1.15625,0.0,0.991,1.0449,0.000505,0.000505,0.000936,42.158951,36.580017
2700607488,47946.8,-0.008083,0.022671,0.001064,-1.125,0.0,0.991,1.0445,0.000459,0.000516,0.000842,40.236916,31.553015
2701393920,47951.9,0.000441,0.016802,0.001082,-1.15625,0.0,0.991,1.0439,0.000568,0.000631,0.000961,40.92379,35.46246
2702180352,47957.0,-0.007351,0.016043,0.001101,-1.15625,0.0,0.9908,1.0428,0.000515,0.000518,0.000984,42.216652,37.189911
2702966784,47962.1,-0.00562,0.015536,0.001105,-1.164062,0.0,0.9908,1.0421,0.000726,0.000598,0.00107,43.190887,37.927589
2703753216,47951.1,-0.002727,0.026327,0.00105,-1.148438,0.0,0.9907,1.042,0.00047,0.000465,0.000854,45.262573,39.003143
2704539648,47955.3,-0.005685,0.018246,0.001018,-1.164062,0.0,0.9906,1.0423,0.000512,0.000527,0.000744,44.169373,37.715
2705326080,47959.8,-0.000844,0.01792,0.001021,-1.148438,0.0,0.9905,1.0426,0.00052,0.000509,0.000858,43.450806,36.736675
2706112512,47942.9,-0.004303,0.024286,0.001005,-1.132812,0.0,0.9905,1.0428,0.000494,0.00043,0.00093,46.670418,49.439587
2706898944,47947.9,0.005035,0.018916,0.000902,-1.117188,0.0,0.9905,1.0429,0.000502,0.000528,0.001031,40.603901,35.916706
2707685376,47952.9,-0.001209,0.01209,0.000917,-1.109375,0.0,0.9905,1.0432,0.000379,0.000555,0.001,40.659512,36.532875
2708471808,47957.9,0.001051,0.018713,0.000931,-1.117188,0.0,0.9906,1.0434,0.000379,0.000644,0.000827,43.018753,39.910542
2709258240,47937.6,0.004101,0.024466,0.000965,-1.101562,0.0,0.9906,1.0437,0.000463,0.000574,0.000794,42.854496,39.27206
2710044672,47942.8,-0.006528,0.017091,0.000992,-1.132812,0.0,0.9905,1.0442,0.000461,0.000647,0.000953,42.541725,38.716637
2710831104,47947.0,-0.000483,0.014135,0.000972,-1.140625,0.0,0.9904,1.0445,0.000422,0.0006,0.000921,41.267941,36.548489
2711617536,47952.0,0.001279,0.014564,0.000986,-1.132812,0.0,0.9904,1.0451,0.000405,0.000592,0.000942,43.269638,39.376263
2712403968,47933.9,0.001093,0.028413,0.001011,-1.148438,0.0,0.9904,1.0447,0.000538,0.000704,0.000891,43.269855,36.361412
2713190400,47938.2,0.002531,0.014237,0.00098,-1.179688,0.0,0.9902,1.0443,0.000447,0.000574,0.000803,43.254604,35.737316
2713976832,47943.3,0.004029,0.016578,0.001013,-1.1875,0.0,0.9901,1.0439,0.000449,0.000602,0.000898,42.579533,36.135292
2714763264,47917.2,-0.004289,0.021326,0.000992,-1.164062,0.0,0.9902,1.0442,0.000375,0.000534,0.000891,43.513577,36.480225
2715549696,47922.4,0.002258,0.013327,0.000946,-1.164062,0.0,0.9903,1.0452,0.000416,0.000513,0.000872,41.71838,35.053455
2716336128,47927.5,-0.002223,0.011212,0.000985,-1.164062,0.0,0.9904,1.046,0.000407,0.00049,0.000831,42.354408,36.261166
2717122560,47932.4,0.003474,0.012016,0.000945,-1.164062,0.0,0.9905,1.0469,0.000438,0.000519,0.000744,39.678783,33.056122
2717908992,47919.8,0.000404,0.031698,0.000988,-1.140625,0.0,0.9905,1.0474,0.000484,0.000557,0.000814,43.463127,38.196911
2718695424,47924.0,0.002151,0.025571,0.00099,-1.15625,0.0,0.9905,1.0476,0.000479,0.000571,0.000796,44.168762,38.90081
2719481856,47929.1,-0.004285,0.019052,0.000971,-1.164062,0.0,0.9904,1.0478,0.000467,0.00062,0.00094,41.702034,36.204727
2720268288,47919.5,0.001011,0.026554,0.001029,-1.140625,0.0,0.9904,1.0483,0.000437,0.000522,0.000773,43.073856,37.468361
2721054720,47924.7,-0.001389,0.017765,0.001,-1.164062,0.0,0.9906,1.0493,0.000416,0.000542,0.000827,43.354271,37.168365
2721841152,47929.7,-0.003789,0.015516,0.001016,-1.15625,0.0,0.9908,1.0501,0.000452,0.000513,0.000872,43.484325,37.973324
2722627584,47934.6,0.001306,0.017842,0.001015,-1.15625,0.0,0.991,1.0509,0.000467,0.000468,0.000713,43.721817,38.338814
2723414016,47924.2,0.002628,0.025441,0.000987,-1.125,0.0,0.991,1.0506,0.00048,0.000471,0.000821,42.955162,38.84753
2724200448,47929.2,0.007631,0.021996,0.000962,-1.117188,0.0,0.9907,1.0492,0.000541,0.000487,0.000882,39.986324,34.399948
2724986880,47934.2,-0.007998,0.014199,0.000954,-1.101562,0.0,0.9905,1.0482,0.000398,0.000443,0.000802,41.384064,36.575199
2725773312,47924.7,0.000157,0.021773,0.000976,-1.085938,0.0,0.9904,1.0474,0.0004,0.000534,0.000773,39.584446,31.550253
2726559744,47929.7,-0.00739,0.011796,0.000916,-1.117188,0.0,0.9905,1.0474,0.00042,0.000508,0.000734,41.915863,37.938133
2727346176,47934.8,0.000433,0.01254,0.000918,-1.140625,0.0,0.9906,1.0475,0.000369,0.000524,0.000845,40.95554,36.268578
2728132608,47939.8,-0.000613,0.010841,0.000936,-1.140625,0.0,0.9907,1.0472,0.00036,0.000521,0.000771,40.514664,36.426758
2728919040,47922.5,0.006629,0.030192,0.000989,-1.109375,0.0,0.9907,1.0474,0.000381,0.000477,0.000773,43.145348,37.834503
2729705472,47927.6,0.000771,0.01937,0.000952,-1.117188,0.0,0.9907,1.0473,0.000399,0.000464,0.000824,42.766571,38.107334
2730491904,47932.8,0.000981,0.020377,0.000966,-1.125,0.0,0.9906,1.047,0.000434,0.000525,0.000786,42.461914,36.670052
2731278336,47916.9,-0.003452,0.021974,0.00098,-1.101562,0.0,0.9905,1.0465,0.000394,0.000434,0.000753,45.870071,46.6278
2732064768,47921.3,0.001046,0.016859,0.00096,-1.101562,0.0,0.9906,1.0458,0.000372,0.000442,0.000808,42.079208,38.45533
2732851200,47926.0,-0.000647,0.015357,0.000963,-1.109375,0.0,0.9904,1.0449,0.000449,0.000486,0.000873,41.730556,38.617027
2733637632,47930.9,0.000217,0.011818,0.000953,-1.09375,0.0,0.9904,1.0442,0.000363,0.00053,0.000881,42.068058,37.006744
2734424064,47917.2,-0.00039,0.022174,0.000982,-1.09375,0.0,0.9904,1.0441,0.000425,0.000513,0.000768,41.202808,35.857346
2735210496,47922.2,0.003471,0.016591,0.000937,-1.132812,0.0,0.9906,1.0447,0.000421,0.000611,0.000889,39.563725,33.637573
2735996928,47926.9,0.001995,0.015375,0.000954,-1.132812,0.0,0.9908,1.0451,0.000434,0.000585,0.000697,42.017227,37.625977
2736783360,47931.9,-0.004796,0.013564,0.000965,-1.132812,0.0,0.9908,1.045,0.000398,0.000537,0.000739,42.086544,36.18364
2737569792,47917.3,-0.003405,0.024297,0.000998,-1.117188,0.0,0.9909,1.045,0.000364,0.000522,0.000849,43.294262,37.899445
2738356224,47922.4,0.003304,0.017963,0.001023,-1.132812,0.0,0.991,1.045,0.000445,0.000594,0.000906,44.354671,39.958023
2739142656,47927.2,-0.007873,0.011734,0.000999,-1.132812,0.0,0.991,1.0448,0.000453,0.000543,0.000933,43.930431,40.320248
2739929088,47918.5,-0.007634,0.019419,0.001019,-1.125,0.0,0.9911,1.0454,0.000345,0.000445,0.000768,41.565582,36.378693
2740715520,47923.6,-0.010679,0.008969,0.001029,-1.15625,0.0,0.9914,1.0467,0.000446,0.000511,0.000903,41.473724,36.180511
2741501952,47928.5,-0.000631,0.008723,0.000985,-1.140625,0.0,0.9916,1.048,0.0004,0.000425,0.000706,41.784576,35.251186
2742288384,47933.4,0.00073,0.011842,0.000989,-1.140625,0.0,0.9917,1.0489,0.00038,0.000538,0.000762,41.33466,35.594856
2743074816,47921.8,-0.002781,0.024813,0.001032,-1.125,0.0,0.9918,1.0491,0.00042,0.0005,0.000754,43.147636,37.355278
2743861248,47926.9,-0.006177,0.013537,0.001004,-1.125,0.0,0.9918,1.0489,0.000394,0.00049,0.000766,43.046513,39.292416
2744647680,47932.0,0.000191,0.016272,0.000999,-1.109375,0.0,0.9919,1.049,0.000522,0.000522,0.000862,42.130306,37.400856
2745434112,47922.8,0.001229,0.021729,0.001042,-1.109375,0.0,0.992,1.0493,0.00038,0.000426,0.000784,40.603569,37.177048
2746220544,47927.6,-0.001111,0.016133,0.000969,-1.148438,0.0,0.9921,1.0494,0.000389,0.000434,0.00095,40.227074,34.946136
2747006976,47931.8,-0.001245,0.01532,0.000986,-1.140625,0.0,0.9922,1.0498,0.000444,0.000507,0.00084,41.01672,35.096958
2747793408,47936.7,-0.000539,0.012692,0.000972,-1.15625,0.0,0.9924,1.0503,0.000379,0.000492,0.000862,40.829063,34.780373
2748579840,47926.5,0.0075,0.024108,0.000963,-1.117188,0.0,0.9923,1.0502,0.000342,0.000432,0.000665,45.326015,41.239014
2749366272,47931.5,-0.00111,0.011568,0.000943,-1.132812,0.0,0.9924,1.0501,0.000461,0.000479,0.000761,43.755135,37.805717
2750152704,47936.6,0.009184,0.011548,0.000973,-1.132812,0.0,0.9924,1.0498,0.000386,0.000488,0.000744,44.939129,38.823494
2750939136,47923.8,-0.001509,0.020402,0.000935,-1.125,0.0,0.9923,1.0495,0.000355,0.000423,0.000745,41.168385,33.062988
2751725568,47928.9,-0.004634,0.014413,0.000997,-1.148438,0.0,0.9922,1.0493,0.000418,0.000488,0.000898,41.381672,35.143295
2752512000,47934.0,0.002626,0.013332,0.000987,-1.15625,0.0,0.9921,1.0492,0.000366,0.000435,0.000759,41.448029,35.831833
2753298432,47938.8,-0.00553,0.016062,0.000961,-1.148438,0.0,0.9919,1.049,0.00039,0.00048,0.000819,44.266029,39.053658
2754084864,47922.4,-0.002814,0.023352,0.000941,-1.125,0.0,0.9919,1.049,0.000411,0.000486,0.000743,42.913044,38.204266
2754871296,47927.3,-0.00675,0.014805,0.000947,-1.132812,0.0,0.9918,1.0487,0.00036,0.000462,0.000738,42.643303,38.269676
2755657728,47932.3,-0.002239,0.013437,0.000934,-1.132812,0.0,0.9917,1.0486,0.00038,0.000473,0.000804,43.06884,37.309753
2756444160,47918.8,4e-06,0.024544,0.00099,-1.109375,0.0,0.9915,1.0479,0.000418,0.000403,0.000747,43.82616,43.279217
2757230592,47923.8,-0.002517,0.008198,0.000957,-1.085938,0.0,0.9915,1.0479,0.000307,0.000398,0.000694,43.633347,41.030193
2758017024,47928.8,0.004402,0.010663,0.000961,-1.070312,0.0,0.9915,1.0477,0.00033,0.000426,0.000698,42.842773,39.951851
2758803456,47933.6,-0.004021,0.01085,0.000932,-1.078125,0.0,0.9914,1.0476,0.000388,0.000393,0.000741,42.281174,39.786724
2759589888,47918.1,0.004037,0.026231,0.00096,-1.109375,0.0,0.9915,1.0481,0.000314,0.000371,0.000684,42.66346,36.123432
2760376320,47923.2,-1.3e-05,0.013903,0.000932,-1.164062,0.0,0.9913,1.0478,0.000372,0.000478,0.000764,42.739143,38.009438
2761162752,47928.1,0.004406,0.013545,0.00094,-1.164062,0.0,0.9911,1.0478,0.000383,0.000425,0.000757,44.711761,39.493824
2761949184,47933.2,0.01383,0.021711,0.000941,-1.164062,0.0,0.991,1.0476,0.000351,0.000488,0.000796,43.196461,37.950954
2762735616,47919.3,0.003104,0.02993,0.001053,-1.078125,0.0,0.9909,1.0472,0.000406,0.00051,0.000758,43.457413,39.445511
2763522048,47923.9,0.005438,0.023153,0.000991,-1.109375,0.0,0.9907,1.0467,0.000443,0.000487,0.000819,41.917816,36.200073
2764308480,47928.7,-0.001235,0.021036,0.001019,-1.101562,0.0,0.9905,1.046,0.000363,0.00048,0.000821,41.973408,36.80582
2765094912,47913.3,0.002384,0.03283,0.000997,-1.09375,0.0,0.9904,1.0459,0.000339,0.000406,0.000806,44.353222,39.849876
2765881344,47918.2,-0.006298,0.012563,0.000925,-1.125,0.0,0.9902,1.046,0.000383,0.000487,0.000847,43.540062,39.395206
2766667776,47923.1,-0.003372,0.01212,0.000942,-1.117188,0.0,0.99,1.0461,0.000292,0.000408,0.000613,41.727482,36.111259
2767454208,47928.0,-0.003512,0.01718,0.000934,-1.132812,0.0,0.9899,1.0464,0.000337,0.000508,0.000783,39.688782,34.080688
2768240640,47916.4,0.008823,0.025761,0.001026,-1.09375,0.0,0.99,1.0464,0.000416,0.000345,0.00067,46.233433,41.481911
2769027072,47921.2,-0.008391,0.013107,0.000986,-1.109375,0.0,0.9899,1.0459,0.00037,0.000489,0.000851,44.336052,40.987129
2769813504,47926.1,-0.003331,0.016335,0.001022,-1.117188,0.0,0.99,1.0457,0.000376,0.000441,0.000725,44.884285,40.292156
2770599936,47913.8,0.000466,0.023553,0.001098,-1.125,0.0,0.9901,1.0456,0.000323,0.000366,0.000615,44.414597,40.062119
2771386368,47918.9,-0.002928,0.011641,0.000943,-1.164062,0.0,0.9902,1.046,0.000378,0.000398,0.000742,42.925518,36.613724
2772172800,47924.0,0.002108,0.012286,0.000961,-1.164062,0.0,0.9902,1.0463,0.000353,0.000393,0.000797,42.238747,35.194511
2772959232,47929.1,-0.005008,0.008604,0.00098,-1.171875,0.0,0.9904,1.0468,0.000339,0.000366,0.000748,41.984486,35.705734
2773745664,47916.8,-0.000552,0.024397,0.001008,-1.125,0.0,0.9904,1.047,0.000373,0.000616,0.000691,40.105331,36.674847
2774532096,47921.9,-0.000503,0.018184,0.000996,-1.132812,0.0,0.9904,1.0469,0.000402,0.000589,0.000802,41.868622,36.669197
2775318528,47926.2,0.001079,0.013693,0.000966,-1.132812,0.0,0.9904,1.0467,0.000344,0.000597,0.000873,40.821167,35.750229
2776104960,47910.9,0.000291,0.022728,0.000954,-1.117188,0.0,0.9904,1.0467,0.000327,0.000444,0.000655,41.705589,33.168011
2776891392,47915.7,-0.007842,0.01616,0.001005,-1.148438,0.0,0.9902,1.0464,0.000372,0.000417,0.000761,40.705227,35.383114
2777677824,47920.6,0.001992,0.014675,0.000961,-1.148438,0.0,0.9901,1.046,0.000414,0.000413,0.000615,41.666939,36.880096
2778464256,47925.5,-0.00309,0.015705,0.000997,-1.132812,0.0,0.9901,1.046,0.000385,0.000385,0.000755,42.908096,38.43449
2779250688,47909.3,0.001743,0.02563,0.001,-1.140625,0.0,0.9902,1.0463,0.000338,0.000393,0.000713,45.817192,39.858154
2780037120,47914.0,-0.000789,0.017213,0.000981,-1.140625,0.0,0.9903,1.047,0.000469,0.000451,0.000726,42.206799,36.793381
2780823552,47918.2,0.001165,0.012148,0.000986,-1.148438,0.0,0.9905,1.0477,0.000407,0.000409,0.000665,45.485645,39.980766
2781609984,47904.9,-0.001025,0.02516,0.001108,-1.125,0.0,0.9908,1.0487,0.000376,0.000356,0.000663,42.844513,40.774101
2782396416,47909.9,-0.006291,0.013315,0.001009,-1.109375,0.0,0.9908,1.0489,0.000388,0.000421,0.00074,45.12175,42.049923
2783182848,47914.8,0.000205,0.01912,0.001056,-1.101562,0.0,0.991,1.049,0.000309,0.00044,0.000618,44.112976,38.248528
2783969280,47919.8,-0.001151,0.014702,0.001006,-1.09375,0.0,0.9911,1.049,0.00027,0.000422,0.00063,43.756985,39.333794
2784755712,47898.5,-0.000426,0.024855,0.001015,-1.101562,0.0,0.9911,1.0491,0.000308,0.000479,0.000579,43.88335,39.375957
2785542144,47903.6,-0.000616,0.015288,0.00099,-1.132812,0.0,0.9912,1.0491,0.000349,0.000411,0.000641,44.295979,38.811142
2786328576,47908.7,-0.000225,0.01057,0.000989,-1.140625,0.0,0.9913,1.0492,0.000346,0.000343,0.000707,43.601719,37.495827
2787115008,47913.6,-0.006683,0.010928,0.000992,-1.140625,0.0,0.9913,1.049,0.000385,0.000393,0.000719,44.170971,39.173855
2787901440,47899.6,-0.000181,0.018344,0.001024,-1.085938,0.0,0.9915,1.049,0.00031,0.000342,0.000679,42.177608,37.639614
2788687872,47904.2,-0.002358,0.011501,0.001051,-1.09375,0.0,0.9916,1.0489,0.000373,0.000334,0.00089,43.285549,40.393456
2789474304,47909.1,0.001526,0.011739,0.001055,-1.09375,0.0,0.9916,1.0487,0.000372,0.000368,0.000717,42.55946,38.499245
2790260736,47892.0,0.001162,0.020573,0.001071,-1.09375,0.0,0.9917,1.0487,0.000357,0.000372,0.000642,42.270817,36.443977
2791047168,47896.9,-0.009413,0.012111,0.001037,-1.132812,0.0,0.9917,1.0487,0.00041,0.00037,0.000704,42.445972,37.841125
2791833600,47901.8,0.003188,0.014384,0.001006,-1.125,0.0,0.9917,1.0485,0.000401,0.000456,0.000825,41.364895,36.304413
2792620032,47906.7,0.000248,0.011344,0.001036,-1.125,0.0,0.9917,1.0483,0.000356,0.000358,0.000759,40.50951,35.724098
2793406464,47893.6,-0.000225,0.030515,0.000953,-1.125,0.0,0.9918,1.0485,0.000373,0.000426,0.000694,41.384804,36.542065
2794192896,47898.4,-0.003147,0.015898,0.000919,-1.140625,0.0,0.9919,1.0483,0.000347,0.000479,0.000754,39.623814,34.840004
2794979328,47903.2,-0.006371,0.017911,0.000956,-1.140625,0.0,0.9919,1.048,0.000386,0.000429,0.000775,39.936687,34.901669
2795765760,47889.9,0.000328,0.025112,0.000939,-1.125,0.0,0.9919,1.0481,0.000314,0.000392,0.000595,40.28746,36.638977
2796552192,47894.7,-0.006547,0.019045,0.000897,-1.132812,0.0,0.9918,1.0478,0.0003,0.000401,0.000786,38.279182,33.630043
2797338624,47899.6,-0.000605,0.015284,0.000921,-1.140625,0.0,0.9917,1.0474,0.00033,0.000498,0.000717,38.709942,33.330467
2798125056,47904.5,-0.004545,0.013997,0.000988,-1.140625,0.0,0.9916,1.047,0.000405,0.000422,0.00072,40.20853,35.421383
2798911488,47891.6,-0.001249,0.02589,0.000995,-1.148438,0.0,0.9916,1.0468,0.000364,0.000356,0.000707,40.747562,35.548763
2799697920,47896.0,0.003355,0.01486,0.000909,-1.15625,0.0,0.9915,1.0464,0.000315,0.000399,0.000664,39.207977,33.30098
2800484352,47900.7,-0.005068,0.01636,0.000939,-1.15625,0.0,0.9913,1.0458,0.000322,0.000395,0.000682,40.103188,34.080154
2801270784,47885.8,-0.006709,0.023631,0.000923,-1.15625,0.0,0.9911,1.0454,0.000378,0.000335,0.000676,40.542156,33.630104
2802057216,47890.1,-0.005076,0.014375,0.001052,-1.15625,0.0,0.9909,1.0454,0.000339,0.000368,0.000644,37.784252,33.252041
2802843648,47894.5,0.000874,0.01572,0.001047,-1.15625,0.0,0.9906,1.045,0.000373,0.000431,0.000667,40.01358,33.939636
2803630080,47899.5,0.004529,0.015196,0.001052,-1.148438,0.0,0.9904,1.0448,0.000356,0.000387,0.000613,39.03701,34.175941
2804416512,47888.9,0.001929,0.02438,0.000985,-1.125,0.0,0.9904,1.0448,0.0004,0.000433,0.000752,42.18475,37.10614
2805202944,47893.9,0.000188,0.014715,0.00094,-1.140625,0.0,0.9902,1.0449,0.000471,0.000433,0.000822,41.040379,35.312729
2805989376,47898.9,0.000401,0.014817,0.001044,-1.132812,0.0,0.99,1.0448,0.000424,0.000492,0.000824,42.060806,37.055107
2806775808,47888.7,-0.001174,0.022221,0.001059,-1.125,0.0,0.9899,1.0446,0.000297,0.000384,0.000593,36.994148,33.284149
2807562240,47893.1,-0.000396,0.01352,0.001027,-1.140625,0.0,0.9899,1.0448,0.000292,0.000418,0.000639,40.705429,34.892693
2808348672,47897.7,0.003725,0.014172,0.000963,-1.132812,0.0,0.9898,1.0448,0.000331,0.000455,0.000686,40.94154,36.90435
2809135104,47902.4,-0.004883,0.015314,0.000987,-1.132812,0.0,0.9898,1.0449,0.000314,0.000473,0.000694,39.553062,34.551369
2809921536,47887.0,0.00424,0.026405,0.00105,-1.125,0.0,0.9898,1.0449,0.000327,0.000325,0.000527,39.715015,34.6129
2810707968,47891.0,-0.001653,0.016924,0.00102,-1.132812,0.0,0.9898,1.0453,0.000315,0.000311,0.000655,40.75219,35.842617
2811494400,47895.3,0.003436,0.021453,0.001016,-1.132812,0.0,0.9898,1.0457,0.000309,0.000365,0.000733,44.092499,39.722012
2812280832,47899.9,0.000275,0.013388,0.001009,-1.132812,0.0,0.9897,1.0457,0.000372,0.000364,0.000686,42.426685,39.534454
2813067264,47890.5,-0.002924,0.022906,0.000986,-1.148438,0.0,0.9897,1.0455,0.000252,0.000368,0.000594,42.10524,36.565239
2813853696,47895.4,-0.003319,0.017829,0.000999,-1.15625,0.0,0.9897,1.0453,0.000297,0.000356,0.000643,43.061962,37.24559
2814640128,47900.4,-0.00307,0.01722,0.00102,-1.15625,0.0,0.9897,1.0453,0.00029,0.000306,0.000554,42.346611,36.33955
2815426560,47880.7,-0.001883,0.028733,0.001068,-1.125,0.0,0.9896,1.045,0.000359,0.00033,0.000585,43.570324,39.226357
2816212992,47885.5,0.00086,0.024914,0.001112,-1.132812,0.0,0.9896,1.0449,0.000441,0.000455,0.000758,44.881969,40.573601
2816999424,47890.2,0.002458,0.019832,0.001188,-1.125,0.0,0.9895,1.0448,0.000391,0.000473,0.000821,42.433815,36.890625
2817785856,47894.7,-0.00317,0.02074,0.001087,-1.125,0.0,0.9895,1.0449,0.000452,0.000402,0.000568,44.959755,40.195488
2818572288,47884.0,-0.00028,0.030028,0.000989,-1.171875,0.0,0.9895,1.0451,0.00036,0.000379,0.000544,44.866695,36.947701
2819358720,47888.9,-0.0009,0.014518,0.000982,-1.203125,0.0,0.9895,1.0455,0.000341,0.00044,0.000601,44.400578,36.810471
2820145152,47893.8,0.002219,0.01718,0.001073,-1.203125,0.0,0.9896,1.046,0.000353,0.00035,0.000581,45.266392,38.250519
2820931584,47872.4,-0.004611,0.022615,0.001027,-1.164062,0.0,0.9896,1.0463,0.000284,0.000357,0.000565,43.83633,39.086983
2821718016,47877.4,-0.000734,0.013735,0.001002,-1.125,0.0,0.9894,1.0458,0.000262,0.000344,0.000591,41.671066,35.467365
2822504448,47882.3,-0.001715,0.014071,0.001009,-1.140625,0.0,0.9894,1.0457,0.000316,0.000362,0.000514,42.716003,37.967133
2823290880,47887.2,0.002317,0.012245,0.001026,-1.132812,0.0,0.9895,1.0457,0.000302,0.00037,0.000645,42.899849,37.755169
2824077312,47872.4,0.000735,0.021269,0.000983,-1.132812,0.0,0.9894,1.0457,0.000324,0.00033,0.000584,44.87344,39.132599
2824863744,47877.2,-0.003179,0.007958,0.00102,-1.15625,0.0,0.9896,1.046,0.000343,0.000349,0.000538,43.704498,37.573479
2825650176,47882.1,-0.002716,0.01186,0.000931,-1.15625,0.0,0.9897,1.0462,0.000233,0.000343,0.000552,43.071239,36.723263
2826436608,47872.4,0.001369,0.020651,0.000955,-1.148438,0.0,0.9898,1.0463,0.000313,0.000297,0.000489,40.985088,34.482368
2827223040,47877.1,0.005222,0.016374,0.001028,-1.164062,0.0,0.9897,1.0462,0.000369,0.000446,0.000517,43.448174,37.393684
2828009472,47881.9,0.00066,0.015597,0.001004,-1.171875,0.0,0.9896,1.046,0.000341,0.000394,0.000539,42.621323,36.244713
2828795904,47886.7,-0.005261,0.015662,0.001002,-1.164062,0.0,0.9896,1.0459,0.000306,0.000389,0.000499,43.124485,38.067741
2829582336,47874.2,-0.006821,0.025313,0.001137,-1.132812,0.0,0.9897,1.046,0.000304,0.000354,0.000581,40.476551,35.008354
2830368768,47879.3,0.000438,0.016107,0.001115,-1.132812,0.0,0.9898,1.0462,0.00041,0.00036,0.000637,42.063477,37.99543
2831155200,47884.3,-0.001898,0.013144,0.001039,-1.125,0.0,0.99,1.0467,0.000307,0.000384,0.000502,42.893627,37.655865
2831941632,47874.4,-0.00405,0.024311,0.001049,-1.101562,0.0,0.9902,1.0471,0.000259,0.000292,0.000501,39.072872,35.25671
2832728064,47879.6,-0.002166,0.015462,0.000987,-1.132812,0.0,0.9903,1.0476,0.000325,0.000365,0.000552,43.443333,40.351208
2833514496,47884.7,0.003448,0.018492,0.001015,-1.117188,0.0,0.9905,1.0482,0.000304,0.00033,0.000654,42.493626,37.226166
2834300928,47889.7,-0.003106,0.01431,0.000957,-1.125,0.0,0.9906,1.0486,0.000306,0.00029,0.000575,40.389301,34.476326
2835087360,47870.4,0.006598,0.023295,0.000996,-1.109375,0.0,0.9908,1.0486,0.000287,0.0003,0.000451,44.654797,39.305733
2835873792,47875.3,-0.002608,0.01436,0.001058,-1.132812,0.0,0.9907,1.0482,0.000356,0.000514,0.000622,42.820892,37.738789
2836660224,47880.1,-0.004901,0.014117,0.00104,-1.125,0.0,0.9908,1.0475,0.000323,0.000395,0.000561,43.341846,39.334274
2837446656,47885.1,-0.00367,0.012704,0.001012,-1.125,0.0,0.9909,1.0473,0.000306,0.000322,0.000514,44.608658,41.096088
2838233088,47875.1,-0.004354,0.017331,0.001054,-1.109375,0.0,0.991,1.0474,0.000263,0.00036,0.000571,41.769535,35.558945
2839019520,47880.2,-0.005087,0.014119,0.000946,-1.132812,0.0,0.9911,1.0477,0.000238,0.000305,0.000567,42.740414,37.258053
2839805952,47885.2,0.003978,0.018928,0.000981,-1.125,0.0,0.9913,1.0478,0.000269,0.00031,0.000578,40.865681,35.274521
2840592384,47856.0,-8.3e-05,0.02357,0.001006,-1.117188,0.0,0.9914,1.048,0.000261,0.000291,0.000436,43.930889,38.230034
2841378816,47861.0,0.002723,0.015438,0.001043,-1.132812,0.0,0.9913,1.0474,0.000248,0.000374,0.000417,45.140335,42.232235
2842165248,47865.8,0.002271,0.015546,0.001059,-1.125,0.0,0.9912,1.0469,0.000199,0.000344,0.00053,43.506203,38.957863
2842951680,47870.4,-0.002085,0.015241,0.001054,-1.132812,0.0,0.991,1.0465,0.000221,0.000306,0.000563,43.630062,38.037132
2843738112,47855.2,0.004309,0.028347,0.001053,-1.101562,0.0,0.9911,1.0461,0.000349,0.00038,0.000551,43.047028,39.229866
2844524544,47860.2,-0.00124,0.015323,0.001,-1.117188,0.0,0.9912,1.0459,0.000239,0.000324,0.000544,44.588535,39.769112
2845310976,47865.3,0.002761,0.014485,0.001003,-1.117188,0.0,0.9912,1.0456,0.00032,0.000352,0.000425,44.311211,41.339027
2846097408,47854.2,0.007038,0.028791,0.001005,-1.101562,0.0,0.9912,1.0453,0.000233,0.000313,0.000614,42.479572,38.096111
2846883840,47859.0,-0.001404,0.012911,0.001054,-1.078125,0.0,0.991,1.0449,0.000258,0.000322,0.000638,43.838726,41.303974
2847670272,47863.6,-0.004509,0.011568,0.001014,-1.078125,0.0,0.9908,1.0446,0.000297,0.000324,0.000525,42.584824,38.541977
2848456704,47868.6,-0.00061,0.015115,0.001081,-1.078125,0.0,0.9907,1.0443,0.000331,0.000326,0.000646,42.764362,39.742393
2849243136,47856.3,0.001776,0.02625,0.001084,-1.132812,0.0,0.9905,1.0439,0.000219,0.000272,0.000487,43.10585,37.510201
2850029568,47861.4,-0.002206,0.015832,0.001014,-1.171875,0.0,0.9905,1.0434,0.000291,0.000329,0.000516,44.36871,40.223675
2850816000,47866.5,0.007014,0.018067,0.001065,-1.164062,0.0,0.9902,1.0426,0.000235,0.00034,0.000524,42.801533,36.625984
2851602432,47855.7,-0.000863,0.025233,0.000995,-1.148438,0.0,0.99,1.0421,0.000262,0.000305,0.000511,41.016594,34.00634
2852388864,47860.6,-0.004775,0.019609,0.000984,-1.164062,0.0,0.9901,1.0419,0.000309,0.000363,0.000552,41.720791,35.560757
2853175296,47865.7,-0.004589,0.015452,0.000971,-1.164062,0.0,0.99,1.0417,0.000304,0.000289,0.000525,44.010643,37.643639
2853961728,47870.8,-0.006014,0.014155,0.000938,-1.179688,0.0,0.9901,1.0417,0.000342,0.000363,0.000529,44.642216,38.054375
2854748160,47858.9,-0.001994,0.01926,0.000929,-1.164062,0.0,0.9899,1.0416,0.000286,0.000257,0.000427,41.317257,34.142605
2855534592,47863.8,0.003677,0.010265,0.000977,-1.1875,0.0,0.9898,1.0421,0.000268,0.000287,0.000494,44.216267,38.018753
2856321024,47868.6,0.002199,0.011657,0.000986,-1.195312,0.0,0.9897,1.0425,0.000322,0.000277,0.000521,43.029823,36.672009
2857107456,47856.4,0.001724,0.02062,0.001004,-1.164062,0.0,0.9897,1.0429,0.000241,0.000255,0.000515,39.905315,34.572407
2857893888,47861.3,-0.005659,0.012119,0.000984,-1.125,0.0,0.9897,1.0431,0.000252,0.000299,0.000508,42.102901,38.33448
2858680320,47866.0,-0.007924,0.013326,0.001029,-1.117188,0.0,0.9897,1.0431,0.000262,0.000321,0.000594,41.855202,36.919022
2859466752,47870.8,-0.005079,0.013471,0.000978,-1.117188,0.0,0.9897,1.0432,0.000313,0.000345,0.000527,43.163197,38.258671
2860253184,47855.8,-0.003775,0.02321,0.001023,-1.117188,0.0,0.9897,1.0433,0.000291,0.000316,0.00054,41.021221,35.321533
2861039616,47860.8,-0.003585,0.014002,0.001025,-1.15625,0.0,0.9897,1.0431,0.000271,0.000345,0.000519,41.162445,35.238319
2861826048,47865.9,-0.006936,0.016662,0.001,-1.15625,0.0,0.9897,1.0431,0.000248,0.000311,0.000562,42.69669,37.806786
2862612480,47853.5,0.000102,0.023858,0.000997,-1.164062,0.0,0.9897,1.0433,0.000278,0.000338,0.000425,43.975929,39.28392
2863398912,47858.5,-0.003575,0.016495,0.001072,-1.101562,0.0,0.9897,1.0434,0.000235,0.000294,0.00063,42.578873,38.493156
2864185344,47863.6,-0.008506,0.014977,0.001023,-1.125,0.0,0.9898,1.0434,0.000304,0.000353,0.000541,41.838753,37.236809
2864971776,47868.7,-0.004441,0.012279,0.000927,-1.125,0.0,0.9898,1.0435,0.000287,0.000391,0.000527,44.063343,39.159866
2865758208,47850.2,0.008367,0.023154,0.000971,-1.132812,0.0,0.99,1.0439,0.000294,0.000322,0.00038,45.939281,39.373829
2866544640,47855.1,-0.005054,0.012573,0.001139,-1.179688,0.0,0.99,1.0447,0.00026,0.000303,0.000501,44.307854,37.888329
2867331072,47860.0,-0.000294,0.011121,0.001001,-1.164062,0.0,0.9904,1.0461,0.000261,0.000347,0.000435,45.127438,38.585617
2868117504,47864.1,0.006966,0.013157,0.001096,-1.164062,0.0,0.9906,1.047,0.000238,0.000293,0.000478,47.11549,40.279152
2868903936,47849.1,0.005896,0.027988,0.001065,-1.140625,0.0,0.9907,1.0477,0.000291,0.000268,0.000532,44.544296,38.204552
2869690368,47853.9,0.001311,0.013419,0.000991,-1.15625,0.0,0.9908,1.0484,0.000345,0.000259,0.000591,44.478947,38.056099
2870476800,47858.9,-0.002338,0.012656,0.000967,-1.15625,0.0,0.9909,1.0491,0.000345,0.000259,0.000492,45.367264,39.888458
2871263232,47848.5,0.001963,0.023119,0.00101,-1.148438,0.0,0.9911,1.0492,0.000224,0.000293,0.00049,44.675426,38.061134
2872049664,47853.6,0.001981,0.014896,0.000971,-1.1875,0.0,0.9909,1.0484,0.000242,0.000311,0.000427,43.481163,37.34272
2872836096,47858.5,0.001963,0.01238,0.000999,-1.179688,0.0,0.9907,1.048,0.000189,0.000242,0.000404,43.195667,36.082626
2873622528,47863.5,0.004112,0.013604,0.000988,-1.179688,0.0,0.9904,1.0473,0.000207,0.000264,0.000467,45.753086,38.296562
2874408960,47847.6,0.001187,0.019869,0.000967,-1.1875,0.0,0.9904,1.0476,0.000222,0.000209,0.000387,41.074368,33.800732
2875195392,47852.5,-0.005533,0.011161,0.000941,-1.195312,0.0,0.9904,1.0478,0.000222,0.000253,0.000497,43.303333,36.933468
2875981824,47857.2,-0.001342,0.010724,0.001033,-1.203125,0.0,0.9904,1.0481,0.000238,0.000245,0.000547,42.378563,36.213509
2876768256,47845.0,-0.000221,0.020352,0.000964,-1.1875,0.0,0.9904,1.0483,0.000234,0.000224,0.000406,41.709179,34.51915
2877554688,47849.9,0.001483,0.010262,0.000948,-1.195312,0.0,0.9905,1.049,0.000247,0.000231,0.000526,45.899292,39.35611
2878341120,47854.8,-0.006997,0.016409,0.000965,-1.203125,0.0,0.9905,1.0496,0.000225,0.000339,0.000529,41.881958,35.176971
2879127552,47859.7,-0.000979,0.011659,0.000963,-1.203125,0.0,0.9906,1.0501,0.000216,0.000329,0.000384,43.322262,35.957024
2879913984,47846.2,-0.006072,0.020508,0.000998,-1.148438,0.0,0.9906,1.0506,0.000185,0.00025,0.000396,43.986839,38.36512
2880700416,47850.9,0.00305,0.014256,0.001229,-1.148438,0.0,0.9906,1.0513,0.000161,0.000213,0.000469,44.284534,38.66449
2881486848,47855.1,-0.001063,0.012195,0.001072,-1.140625,0.0,0.9907,1.0517,0.00024,0.000273,0.00041,43.912876,37.051052
2882273280,47839.1,-0.008396,0.01963,0.001008,-1.132812,0.0,0.9907,1.0522,0.00022,0.00021,0.00038,37.245842,30.022787
2883059712,47844.0,0.000768,0.016262,0.001004,-1.1875,0.0,0.9908,1.0521,0.000183,0.000267,0.000446,40.686138,34.53846
2883846144,47848.9,0.004354,0.012914,0.001031,-1.1875,0.0,0.9907,1.0518,0.000206,0.000274,0.000497,40.795071,35.266491
2884632576,47853.8,-0.002249,0.015226,0.00095,-1.195312,0.0,0.9907,1.0515,0.000181,0.000283,0.000474,43.450317,36.512405
2885419008,47839.7,0.000401,0.028545,0.000965,-1.15625,0.0,0.9907,1.0514,0.000218,0.000257,0.000443,41.224331,35.270195
2886205440,47844.4,3e-05,0.015853,0.000932,-1.164062,0.0,0.9907,1.0513,0.000181,0.000272,0.000348,42.734535,35.589012
2886991872,47849.3,-0.001488,0.014742,0.000952,-1.164062,0.0,0.9907,1.0512,0.000174,0.000225,0.000405,43.71722,37.316723
2887778304,47829.6,0.00027,0.022005,0.000959,-1.164062,0.0,0.9907,1.0509,0.000214,0.00025,0.00038,49.315647,59.495281
2888564736,47834.5,-0.001455,0.012698,0.000956,-1.140625,0.0,0.991,1.0513,0.000248,0.00028,0.000388,43.740398,37.800003
2889351168,47839.4,-0.00043,0.013182,0.000943,-1.140625,0.0,0.9912,1.0516,0.00022,0.000277,0.000412,44.083466,36.911541
2890137600,47844.2,-0.000368,0.012199,0.000951,-1.132812,0.0,0.9915,1.0519,0.000187,0.000208,0.000445,42.779629,37.017479
2890924032,47828.4,-0.0049,0.022706,0.000995,-1.132812,0.0,0.9916,1.052,0.000188,0.000244,0.000323,43.634583,37.257641
2891710464,47833.2,-0.000116,0.016378,0.001037,-1.179688,0.0,0.9916,1.0519,0.000207,0.000331,0.000513,43.264957,37.933735
2892496896,47838.1,0.006834,0.021134,0.001051,-1.179688,0.0,0.9915,1.0517,0.000215,0.000348,0.000476,43.244869,36.567478
2893283328,47843.0,0.000571,0.017947,0.001051,-1.164062,0.0,0.9913,1.0515,0.000214,0.000271,0.000354,42.459026,35.396645
2894069760,47831.9,-0.001806,0.023701,0.001039,-1.117188,0.0,0.9913,1.0514,0.000188,0.000242,0.000371,43.520973,37.983364
2894856192,47836.6,-0.001102,0.015014,0.001017,-1.125,0.0,0.9914,1.0516,0.000179,0.00025,0.000392,42.412987,37.274151
2895642624,47841.4,-0.002741,0.013377,0.000918,-1.125,0.0,0.9915,1.0516,0.000199,0.000302,0.000469,42.901524,38.327759
2896429056,47829.2,-0.003749,0.022675,0.001053,-1.117188,0.0,0.9916,1.0515,0.000177,0.000246,0.000369,43.47953,37.247581
2897215488,47833.8,-3.1e-05,0.013445,0.000966,-1.140625,0.0,0.9916,1.0508,0.000186,0.000243,0.000408,43.217247,38.330143
2898001920,47838.8,0.002581,0.014515,0.000986,-1.140625,0.0,0.9916,1.0505,0.000177,0.000279,0.000386,42.34993,37.26297
2898788352,47843.7,0.004843,0.010903,0.000935,-1.140625,0.0,0.9916,1.05,0.000198,0.000286,0.000394,41.414383,35.685608
2899574784,47833.5,-0.004036,0.020592,0.001055,-1.140625,0.0,0.9915,1.0497,0.000198,0.000221,0.000434,44.923328,41.710205
2900361216,47837.9,-0.001433,0.011567,0.001051,-1.148438,0.0,0.9916,1.0498,0.000191,0.000235,0.000476,44.209827,38.394817
2901147648,47842.9,0.009994,0.015109,0.000936,-1.140625,0.0,0.9916,1.0496,0.000235,0.000257,0.000393,43.920956,38.761711
2901934080,47831.0,-0.007474,0.019202,0.00095,-1.132812,0.0,0.9916,1.0495,0.000207,0.000216,0.000331,42.731014,38.767525
2902720512,47836.0,-0.002831,0.017794,0.00102,-1.148438,0.0,0.9915,1.0497,0.000279,0.000224,0.000331,43.663395,37.771908
2903506944,47840.7,-0.002347,0.016679,0.001073,-1.15625,0.0,0.9914,1.0498,0.000306,0.000302,0.00049,42.165504,36.424644
2904293376,47845.6,-0.002274,0.017728,0.001041,-1.15625,0.0,0.9912,1.0499,0.000261,0.000258,0.000494,44.039032,38.531776
2905079808,47835.8,-0.003102,0.020556,0.000992,-1.117188,0.0,0.9912,1.0501,0.000169,0.000227,0.000427,44.692818,39.208214
2905866240,47840.5,-0.0013,0.01329,0.000961,-1.125,0.0,0.9913,1.0502,0.000183,0.000221,0.000389,42.263332,38.409836
2906652672,47845.3,0.000795,0.011181,0.000957,-1.125,0.0,0.9913,1.0501,0.000163,0.000219,0.000371,45.452404,40.594757
2907439104,47833.0,0.001292,0.020204,0.000968,-1.109375,0.0,0.9912,1.0499,0.000181,0.000221,0.000296,39.496861,31.916157
2908225536,47837.7,-0.005045,0.010921,0.00095,-1.15625,0.0,0.991,1.0497,0.000185,0.000186,0.000429,44.914234,38.678894
2909011968,47842.2,-0.000902,0.013278,0.001054,-1.148438,0.0,0.991,1.0495,0.000215,0.000216,0.000347,44.164513,39.604008
2909798400,47846.4,0.000332,0.014931,0.000926,-1.140625,0.0,0.9911,1.0495,0.000164,0.000174,0.000365,44.202438,38.678078
2910584832,47828.5,0.00498,0.024343,0.000973,-1.132812,0.0,0.991,1.0494,0.00019,0.000173,0.000321,42.725864,36.727707
2911371264,47833.3,0.000882,0.017271,0.000988,-1.15625,0.0,0.9909,1.049,0.00021,0.00019,0.000338,41.649956,35.463341
2912157696,47837.9,0.004766,0.015883,0.000986,-1.15625,0.0,0.9908,1.0489,0.00015,0.000235,0.000452,42.245926,35.442135
2912944128,47824.9,0.004702,0.021712,0.000953,-1.140625,0.0,0.9909,1.0489,0.000209,0.000167,0.000344,50.927723,64.041489
2913730560,47829.7,-0.003961,0.014995,0.000944,-1.117188,0.0,0.9908,1.0489,0.000249,0.000225,0.000351,45.279583,41.242569
2914516992,47834.6,-0.001111,0.0155,0.000935,-1.140625,0.0,0.9908,1.0487,0.000213,0.000221,0.000305,44.248524,38.945965
2915303424,47839.6,-0.00912,0.013803,0.000955,-1.140625,0.0,0.9907,1.0485,0.000187,0.000266,0.000324,43.208729,37.397995
2916089856,47799.0,-0.000413,0.026092,0.001056,-1.125,0.0,0.9908,1.0483,0.000202,0.000207,0.000362,43.201992,38.058914
2916876288,47803.8,0.001739,0.01469,0.000973,-1.140625,0.0,0.9906,1.0478,0.000179,0.000194,0.000397,44.877335,41.24247
2917662720,47808.7,-0.007371,0.012443,0.000946,-1.140625,0.0,0.9904,1.0473,0.000162,0.000181,0.000401,45.628876,40.272919
2918449152,47813.4,-0.003184,0.014845,0.001012,-1.132812,0.0,0.9902,1.0469,0.000149,0.000186,0.000314,43.485809,37.453972
2919235584,47804.2,-0.002987,0.021856,0.001012,-1.125,0.0,0.9903,1.0466,0.000172,0.000166,0.000301,42.561356,36.592705
2920022016,47808.8,0.003731,0.013373,0.001067,-1.132812,0.0,0.9904,1.0464,0.000194,0.000175,0.000342,43.047417,37.265274
2920808448,47813.7,-0.001022,0.012593,0.001016,-1.132812,0.0,0.9906,1.0463,0.000127,0.000148,0.000386,45.080452,41.395695
2921594880,47804.8,0.002689,0.020674,0.000989,-1.125,0.0,0.9905,1.0461,0.000194,0.000161,0.000346,41.015198,34.167686
2922381312,47809.7,-0.005114,0.013093,0.000958,-1.148438,0.0,0.9904,1.0461,0.00018,0.000179,0.000356,42.782684,37.370457
2923167744,47814.6,-0.00378,0.012647,0.000985,-1.15625,0.0,0.9904,1.0462,0.000149,0.000199,0.00036,42.875561,37.173855
2923954176,47819.4,-0.002081,0.012039,0.000978,-1.15625,0.0,0.9904,1.0462,0.000175,0.000206,0.000487,42.005791,35.739876
2924740608,47809.4,0.005382,0.023761,0.00098,-1.117188,0.0,0.9905,1.0463,0.000153,0.000165,0.000373,41.760334,37.316456
2925527040,47813.8,-0.001934,0.014117,0.001032,-1.132812,0.0,0.9906,1.0466,0.000168,0.000175,0.000278,44.58086,39.561981
2926313472,47818.2,0.005961,0.020606,0.001007,-1.140625,0.0,0.9906,1.0468,0.000181,0.000203,0.000319,44.181755,39.999023
2927099904,47806.7,-0.004536,0.022579,0.000961,-1.125,0.0,0.9906,1.0467,0.000155,0.000175,0.000321,45.056786,41.04118
2927886336,47811.6,0.005824,0.01328,0.000988,-1.125,0.0,0.9906,1.0469,0.000156,0.000186,0.000335,42.797966,37.341133
2928672768,47816.6,0.000855,0.014093,0.001058,-1.117188,0.0,0.9907,1.047,0.000119,0.000207,0.000308,41.779518,37.177395
2929459200,47821.6,-0.001385,0.012681,0.000949,-1.117188,0.0,0.9907,1.047,0.000119,0.000192,0.000278,45.2169,40.564911
2930245632,47806.2,-0.001865,0.020912,0.000969,-1.125,0.0,0.9906,1.0472,0.000159,0.000165,0.000241,42.570553,36.939632
2931032064,47810.4,0.000505,0.011419,0.000901,-1.15625,0.0,0.9907,1.0478,0.00012,0.000157,0.00027,44.259193,37.814201
2931818496,47814.8,-0.00212,0.013326,0.000944,-1.148438,0.0,0.9907,1.0484,0.000134,0.000173,0.000351,44.402451,37.802383
2932604928,47801.8,-0.001608,0.019852,0.001034,-1.132812,0.0,0.9907,1.0488,0.000154,0.00017,0.000211,44.721706,37.630829
2933391360,47806.7,-0.00292,0.013288,0.001042,-1.125,0.0,0.9909,1.0495,0.000157,0.000156,0.000314,44.570961,40.220638
2934177792,47811.2,-0.005156,0.009512,0.000937,-1.125,0.0,0.9909,1.0501,0.000141,0.000172,0.000268,45.310184,40.582573
2934964224,47816.0,-0.003971,0.010963,0.001038,-1.117188,0.0,0.991,1.0507,0.00013,0.000187,0.00022,44.191772,38.463028
2935750656,47799.8,-0.00299,0.023561,0.000975,-1.101562,0.0,0.9909,1.0506,0.000144,0.000145,0.000247,46.392906,42.467445
2936537088,47804.5,0.001312,0.014649,0.001016,-1.109375,0.0,0.9909,1.05,0.000132,0.000134,0.000324,43.642471,38.96957
2937323520,47809.4,-0.001865,0.019146,0.001049,-1.117188,0.0,0.9908,1.0491,0.000188,0.000166,0.000309,43.845295,38.885128
2938109952,47789.2,-0.004204,0.02517,0.00107,-1.109375,0.0,0.9907,1.0485,0.000187,0.000152,0.00026,48.421661,61.109875
2938896384,47793.9,-0.000376,0.010948,0.000917,-1.132812,0.0,0.9909,1.0488,0.000114,0.00016,0.00028,44.615307,40.143539
2939682816,47798.8,0.004113,0.011595,0.000901,-1.132812,0.0,0.9908,1.049,0.000125,0.000145,0.000302,45.59026,41.98951
2940469248,47803.5,0.00572,0.013706,0.000887,-1.125,0.0,0.9909,1.0491,0.000148,0.000151,0.000274,45.010048,40.957611
2941255680,47787.0,0.003045,0.023381,0.000947,-1.109375,0.0,0.9909,1.0492,0.000138,0.000144,0.000248,43.681793,39.353699
2942042112,47791.8,0.004001,0.015466,0.000991,-1.132812,0.0,0.9909,1.0486,0.000128,0.000158,0.000288,43.052929,38.151649
2942828544,47796.6,-0.002803,0.013723,0.000985,-1.132812,0.0,0.9908,1.048,0.000119,0.000139,0.000276,44.181797,40.449478
2943614976,47800.8,0.003942,0.014927,0.001089,-1.125,0.0,0.9907,1.0474,0.00012,0.000161,0.000258,42.613384,36.663231
2944401408,47783.6,-0.00383,0.021319,0.001052,-1.140625,0.0,0.9907,1.047,0.000107,0.000118,0.000235,44.334461,38.350414
2945187840,47788.3,0.003558,0.012936,0.000986,-1.164062,0.0,0.9907,1.0466,0.000123,0.000139,0.000299,43.663647,37.72023
2945974272,47793.1,0.002735,0.011457,0.00095,-1.164062,0.0,0.9908,1.0465,0.000124,0.00012,0.000267,44.836597,38.739105
2946760704,47780.9,-0.001353,0.019544,0.001065,-1.15625,0.0,0.9909,1.0463,0.000105,0.000116,0.000218,48.262787,44.0639
2947547136,47785.7,-0.002218,0.013072,0.001104,-1.148438,0.0,0.9908,1.0458,0.000129,0.000145,0.000243,44.152683,36.751831
2948333568,47790.5,-0.001267,0.011517,0.001107,-1.148438,0.0,0.9908,1.0454,0.000143,0.000155,0.000268,46.162979,40.597824
2949120000,47795.1,-0.004115,0.011316,0.001066,-1.148438,0.0,0.9907,1.0448,0.000144,0.000146,0.000278,45.94207,40.331879
2949906432,47784.3,-0.002781,0.01618,0.001005,-1.109375,0.0,0.9908,1.045,0.000128,0.000129,0.000158,45.246899,41.45256
2950692864,47789.1,0.003726,0.00879,0.001021,-1.125,0.0,0.991,1.0452,9.8e-05,0.000132,0.00024,44.921677,40.935486
2951479296,47794.0,0.008707,0.007125,0.000962,-1.117188,0.0,0.9912,1.0455,0.000139,0.000108,0.000215,45.139702,40.700523
2952265728,47781.1,-0.002235,0.017647,0.000957,-1.117188,0.0,0.9914,1.0464,8.8e-05,0.000113,0.0002,43.817417,41.942665
2953052160,47786.0,-0.006166,0.011651,0.000979,-1.140625,0.0,0.9915,1.0475,7.3e-05,0.000161,0.000179,41.175396,35.243881
2953838592,47790.7,0.000499,0.009478,0.000994,-1.140625,0.0,0.9915,1.0488,6.5e-05,0.000105,0.000213,40.977386,36.571266
2954625024,47795.4,-0.000403,0.007797,0.000956,-1.140625,0.0,0.9915,1.0499,0.000115,0.000125,0.00021,43.191868,38.233208
2955411456,47781.5,-0.000609,0.022376,0.001044,-1.117188,0.0,0.9916,1.0499,0.000108,0.000142,0.000215,44.824356,39.717983
2956197888,47786.3,0.006079,0.017347,0.001039,-1.117188,0.0,0.9916,1.0499,0.000115,0.000157,0.000221,44.826893,39.300823
2956984320,47791.1,-0.001854,0.016375,0.001019,-1.132812,0.0,0.9917,1.0498,9.3e-05,0.000163,0.000229,43.82365,39.442001
2957770752,47777.4,0.001215,0.022746,0.001017,-1.101562,0.0,0.9917,1.05,0.000108,0.000105,0.000189,38.080009,31.535568
2958557184,47782.3,0.000436,0.011478,0.000962,-1.132812,0.0,0.9919,1.0512,9.1e-05,0.000119,0.000219,41.989655,37.445412
2959343616,47787.0,0.000633,0.012113,0.000949,-1.132812,0.0,0.992,1.0524,0.000113,9.3e-05,0.000183,44.944252,41.582516
2960130048,47791.7,0.003474,0.0112,0.000925,-1.125,0.0,0.9921,1.0534,8.6e-05,0.000126,0.000177,42.700237,37.083965
2960916480,47778.6,0.000999,0.02278,0.001009,-1.140625,0.0,0.9922,1.054,9.3e-05,8.3e-05,0.000181,43.57798,37.934288
2961702912,47783.3,0.004919,0.015379,0.000965,-1.15625,0.0,0.9921,1.0539,9.5e-05,0.000101,0.000196,41.631805,34.921516
2962489344,47788.0,-0.000837,0.01406,0.000994,-1.140625,0.0,0.992,1.0537,0.000109,0.000117,0.000237,42.233166,36.788837
2963275776,47778.1,-0.001991,0.022159,0.000962,-1.132812,0.0,0.9919,1.0534,0.000105,8.4e-05,0.000212,47.044865,57.7817
2964062208,47782.7,-5.4e-05,0.012899,0.000958,-1.101562,0.0,0.992,1.0538,6.9e-05,0.000101,0.000225,39.070889,34.580193
2964848640,47787.1,0.001773,0.009932,0.000948,-1.09375,0.0,0.992,1.054,8.9e-05,9.2e-05,0.000214,40.681828,36.937038
2965635072,47791.1,3.2e-05,0.008877,0.00098,-1.101562,0.0,0.9921,1.0544,9.5e-05,0.000108,0.000195,41.610107,38.127083
2966421504,47782.6,0.003587,0.019317,0.000968,-1.101562,0.0,0.9921,1.0543,7.5e-05,6.6e-05,0.000169,42.081669,36.307159
2967207936,47787.2,0.002338,0.015089,0.000937,-1.132812,0.0,0.9918,1.0533,6.9e-05,9.3e-05,0.000179,43.782467,39.79071
2967994368,47791.8,-0.001057,0.014055,0.000998,-1.148438,0.0,0.9917,1.0524,8.9e-05,0.0001,0.000148,44.66164,40.307735
2968780800,47796.6,0.004743,0.016971,0.00097,-1.148438,0.0,0.9915,1.0515,8e-05,0.000131,0.000168,41.620007,36.301048
2969567232,47786.7,-0.000784,0.022449,0.001046,-1.148438,0.0,0.9915,1.0509,8.2e-05,9e-05,0.000188,41.051357,35.092224
2970353664,47791.4,-0.001835,0.016606,0.000973,-1.164062,0.0,0.9914,1.05,8.4e-05,9.5e-05,0.000127,42.17506,35.716183
2971140096,47796.0,0.002876,0.013068,0.000945,-1.15625,0.0,0.9914,1.049,6.5e-05,7.7e-05,0.000189,42.692703,37.369553
2971926528,47782.2,-0.006076,0.022306,0.000958,-1.140625,0.0,0.9913,1.0487,7e-05,6.7e-05,0.00013,40.382645,35.607777
2972712960,47786.7,-0.003824,0.012814,0.000934,-1.15625,0.0,0.9914,1.0483,5.1e-05,6.6e-05,0.00014,41.320557,34.935715
2973499392,47791.5,-0.000922,0.009725,0.000947,-1.140625,0.0,0.9913,1.0482,7.3e-05,6.2e-05,0.000129,42.632,37.717484
2974285824,47796.3,0.002309,0.014461,0.000934,-1.148438,0.0,0.9913,1.0479,4.9e-05,6.4e-05,0.000131,41.833954,36.924191
2975072256,47783.7,-0.003144,0.023856,0.001004,-1.117188,0.0,0.9914,1.0476,6.5e-05,6.5e-05,0.000118,41.850941,36.839851
2975858688,47788.3,-0.0006,0.013567,0.000972,-1.132812,0.0,0.9915,1.0472,5.5e-05,6e-05,0.000103,42.16909,37.897137
2976645120,47791.6,0.006382,0.011783,0.000992,-1.125,0.0,0.9915,1.0467,6.1e-05,6e-05,9.4e-05,43.386497,39.164818
2977431552,47770.6,0.005236,0.021181,0.001002,-1.125,0.0,0.9915,1.0465,7.2e-05,6.8e-05,0.000112,43.238884,40.492916
2978217984,47775.4,-0.003092,0.011069,0.001066,-1.101562,0.0,0.9916,1.0473,6e-05,5.6e-05,0.000123,42.928776,38.92186
2979004416,47780.2,-0.001452,0.011954,0.001026,-1.117188,0.0,0.9917,1.0477,5.6e-05,8e-05,0.000137,43.09132,38.7481
2979790848,47785.0,-0.007365,0.011596,0.000984,-1.125,0.0,0.9917,1.048,4.1e-05,7.3e-05,0.000126,42.20142,38.849365
2980577280,47770.7,-0.006716,0.018171,0.001025,-1.117188,0.0,0.9918,1.0482,5.5e-05,5.6e-05,9.2e-05,44.487175,40.20084
2981363712,47775.4,-0.00651,0.007136,0.000917,-1.117188,0.0,0.9919,1.0484,4.3e-05,6.3e-05,7.7e-05,43.302704,38.461361
2982150144,47779.8,0.001507,0.008991,0.00091,-1.117188,0.0,0.992,1.0485,4.2e-05,5.6e-05,0.000125,42.621712,37.52142
2982936576,47770.6,0.003803,0.021412,0.000972,-1.117188,0.0,0.992,1.0487,4.1e-05,4.7e-05,8e-05,41.014709,32.814102
2983723008,47775.1,0.005216,0.017839,0.000955,-1.148438,0.0,0.992,1.0484,4.1e-05,5e-05,0.000136,41.521,35.989502
2984509440,47779.8,-0.004852,0.016354,0.000973,-1.140625,0.0,0.9921,1.0481,5.6e-05,4.5e-05,7.8e-05,42.387325,37.618084
2985295872,47784.4,-0.002523,0.013986,0.000998,-1.148438,0.0,0.9921,1.048,3.2e-05,4.3e-05,7.4e-05,42.035316,35.564133
2986082304,47771.8,-0.00107,0.024284,0.000936,-1.15625,0.0,0.9921,1.048,3.8e-05,4.1e-05,6.7e-05,41.864357,35.906517
2986868736,47776.5,0.002478,0.016645,0.000965,-1.203125,0.0,0.992,1.0478,4e-05,5.1e-05,0.000102,41.907574,35.271832
2987655168,47781.2,0.00255,0.014776,0.000936,-1.203125,0.0,0.9919,1.0479,2.5e-05,5.1e-05,7e-05,42.183071,35.136024
2988441600,47768.0,-0.000906,0.024247,0.000927,-1.179688,0.0,0.9919,1.048,3.8e-05,4.6e-05,9.5e-05,50.128868,56.724998
2989228032,47772.7,-0.007127,0.009899,0.000918,-1.148438,0.0,0.9919,1.0483,3.7e-05,3.3e-05,6.5e-05,41.640312,35.2295
2990014464,47777.3,-0.003321,0.012464,0.000956,-1.148438,0.0,0.992,1.0487,2.3e-05,2.9e-05,5.2e-05,43.806572,38.776253
2990800896,47781.7,0.001628,0.019532,0.000917,-1.140625,0.0,0.9919,1.0486,2.7e-05,4e-05,5.7e-05,43.70462,38.299255
2991587328,47769.4,-0.000526,0.023363,0.000994,-1.148438,0.0,0.9919,1.0487,2.3e-05,2.3e-05,5.5e-05,40.442204,33.951355
2992373760,47774.0,0.000812,0.01556,0.000992,-1.171875,0.0,0.9918,1.0484,2.1e-05,3.3e-05,4.3e-05,42.334465,35.477242
2993160192,47777.9,0.001351,0.014106,0.000956,-1.1875,0.0,0.9916,1.0479,2e-05,2.1e-05,3.7e-05,40.869152,34.801472
2993946624,47782.4,-0.001839,0.01327,0.001015,-1.179688,0.0,0.9915,1.0477,2.9e-05,2.2e-05,5.9e-05,42.36343,35.064266
2994733056,47771.6,0.002733,0.020768,0.001029,-1.132812,0.0,0.9916,1.0479,1.6e-05,1.5e-05,2.7e-05,42.357384,36.562126
2995519488,47776.3,0.010613,0.015475,0.001044,-1.140625,0.0,0.9916,1.048,2e-05,3e-05,2.9e-05,41.001827,34.246712
2996305920,47781.0,-0.004491,0.011531,0.001037,-1.148438,0.0,0.9917,1.0483,1.4e-05,1.8e-05,3.1e-05,44.230415,39.875751
2997092352,47751.2,0.006588,0.025179,0.001038,-1.125,0.0,0.9918,1.0486,1e-05,9e-06,1.9e-05,44.360943,39.836838
2997878784,47755.3,5.6e-05,0.014812,0.00096,-1.140625,0.0,0.9917,1.0484,5e-06,5e-06,1.2e-05,42.486305,36.597061
2998665216,47760.0,-0.001266,0.015959,0.000945,-1.140625,0.0,0.9916,1.0484,6e-06,6e-06,1.1e-05,42.21534,38.182972
2999451648,47764.8,-0.002125,0.013798,0.000943,-1.132812,0.0,0.9915,1.0482,2e-06,2e-06,3e-06,43.598846,38.25172
3000238080,47751.8,0.001675,0.022625,0.001015,-1.125,0.0,0.9915,1.0482,1e-06,1e-06,1e-06,43.089104,38.521606
