step,sps,policy_loss,value_loss,mi_loss,div_loss,kl_loss,score,mean_return,ego_enc_delta,partner_enc_delta,road_enc_delta,role_std,role_norm,compliance_error
3501195264,232086905.5,0.012184,0.324575,0.000864,-0.667969,0.0,0.9783,0.7091,0.005446,0.004518,0.00867,2.537697,4.308816,0.00031911
3501981696,137739250.9,0.005385,0.446618,0.00099,-0.613281,0.0,0.9707,0.6609,0.004181,0.004305,0.006594,2.838081,4.413769,0.00049175
3502768128,98143201.8,0.002635,0.585225,0.001095,-0.597656,0.0,0.9655,0.6285,0.003959,0.004435,0.006097,2.936717,4.547978,0.00053392
3503554560,53438508.9,0.003167,0.673192,0.001403,-0.585938,0.0,0.9637,0.6176,0.003755,0.003755,0.005066,2.83393,4.653469,0.00047822
3504340992,46254536.3,-0.001655,0.587901,0.001656,-0.535156,0.0,0.9629,0.6383,0.003848,0.003733,0.005736,2.869113,5.023443,0.00053386
3505127424,40330383.2,-9.6e-05,0.596721,0.001742,-0.507812,0.0,0.9614,0.6376,0.003543,0.003836,0.005411,2.868284,5.590632,0.00045245
3505913856,35910913.5,0.001892,0.744951,0.001839,-0.535156,0.0,0.9603,0.6328,0.003151,0.003709,0.004728,3.080772,5.761735,0.00043582
3506700288,27650984.9,-0.000316,0.66913,0.001744,-0.503906,0.0,0.9605,0.64,0.002792,0.003852,0.004555,3.062998,5.997691,0.00041794
3507486720,25474737.8,-0.006982,0.708137,0.001749,-0.480469,0.0,0.9588,0.626,0.003424,0.004069,0.004641,3.113115,6.088981,0.00041731
3508273152,23660590.7,-0.003349,0.720275,0.001683,-0.476562,0.0,0.9572,0.6178,0.002245,0.003526,0.004687,3.025823,6.391672,0.00047504
3509059584,18397419.6,0.000678,0.783542,0.001758,-0.474609,0.0,0.9555,0.6113,0.002774,0.00323,0.004326,3.484572,6.680758,0.00041625
3509846016,17367616.5,0.001828,1.193443,0.001843,-0.490234,0.0,0.9539,0.5928,0.002503,0.003237,0.004756,3.396726,6.804873,0.00043417
3510632448,16501417.8,-0.006431,1.231012,0.001889,-0.494141,0.0,0.9523,0.5792,0.002497,0.003479,0.005058,3.706535,7.200052,0.00044501
3511418880,15737250.1,-0.008493,0.960228,0.001932,-0.472656,0.0,0.9498,0.557,0.002423,0.003893,0.005389,3.522723,7.368401,0.00044935
3512205312,14024142.1,0.003623,1.272411,0.00196,-0.480469,0.0,0.9475,0.5369,0.002585,0.004099,0.005016,3.106831,7.005583,0.00046104
3512991744,13482085.0,0.006578,1.136579,0.001888,-0.453125,0.0,0.9461,0.5322,0.002487,0.002837,0.003888,3.276826,7.207142,0.00042225
3513778176,12978625.9,0.004328,0.999474,0.001848,-0.445312,0.0,0.9438,0.5164,0.002891,0.002979,0.00479,3.83275,7.991308,0.00044052
3514564608,11758321.2,0.002534,1.157605,0.001868,-0.445312,0.0,0.9421,0.507,0.00239,0.002773,0.004098,3.928864,8.58162,0.00042129
3515351040,11372574.0,0.002171,1.071791,0.00202,-0.414062,0.0,0.9406,0.4992,0.002835,0.004067,0.005042,3.682929,8.359366,0.00040778
3516137472,11009972.2,0.005055,1.307495,0.001915,-0.447266,0.0,0.9394,0.4932,0.002659,0.002666,0.004305,3.85056,8.563467,0.00048324
3516923904,10679637.2,-0.002036,1.104222,0.001897,-0.431641,0.0,0.9373,0.4814,0.002984,0.003425,0.004973,3.717766,8.464446,0.0004631
3517710336,9606554.8,-0.005959,1.005718,0.001917,-0.414062,0.0,0.9364,0.4765,0.002948,0.003069,0.003697,4.035486,9.25108,0.00045802
3518496768,9319834.6,-0.002254,1.160165,0.001888,-0.419922,0.0,0.9352,0.4704,0.003515,0.004342,0.004959,4.256594,9.393463,0.00043218
3519283200,9075706.0,-0.000315,0.998568,0.001931,-0.423828,0.0,0.9338,0.4648,0.003724,0.003421,0.004647,3.966151,9.236878,0.00043319
3520069632,8304151.0,-0.000128,1.012311,0.001846,-0.408203,0.0,0.9329,0.4607,0.002786,0.002646,0.004381,3.105189,8.740791,0.0004456
3520856064,8109502.0,0.00187,0.806607,0.00165,-0.371094,0.0,0.9317,0.4619,0.002544,0.002944,0.004939,3.273587,8.882236,0.00042948
3521642496,7920517.6,-0.002775,0.734976,0.001604,-0.347656,0.0,0.9312,0.4667,0.003,0.002813,0.004775,3.189539,8.8579,0.00039152
3522428928,7740710.1,0.000982,0.658793,0.001641,-0.357422,0.0,0.9301,0.4671,0.002311,0.002938,0.004552,3.24794,9.727287,0.00039854
3523215360,7313835.7,-0.001776,0.937147,0.001817,-0.373047,0.0,0.9293,0.4678,0.00257,0.003087,0.004593,4.00847,9.65382,0.00039903
3524001792,7166918.6,0.000569,0.972757,0.001937,-0.392578,0.0,0.9278,0.4634,0.003767,0.003524,0.004734,3.522133,9.589979,0.00036568
3524788224,7021375.3,0.004326,0.807004,0.001905,-0.373047,0.0,0.9247,0.456,0.003301,0.002753,0.004527,3.342263,9.14659,0.00042112
3525574656,6669391.7,0.001838,0.843504,0.001855,-0.371094,0.0,0.9218,0.4499,0.003099,0.002792,0.004473,3.364536,8.127463,0.00038766
3526361088,6546767.3,-0.002763,0.632385,0.002006,-0.341797,0.0,0.92,0.4456,0.003009,0.002985,0.005262,3.471886,9.781688,0.00043047
3527147520,6428468.5,-0.001256,0.901664,0.002072,-0.349609,0.0,0.9186,0.4444,0.003611,0.002724,0.004307,3.558015,10.064081,0.000438
3527933952,6311691.5,-0.003914,0.83359,0.002079,-0.34375,0.0,0.9161,0.4391,0.002624,0.002352,0.004432,3.530802,9.915816,0.00039418
3528720384,6024339.9,0.000109,0.751824,0.00192,-0.320312,0.0,0.9125,0.424,0.002053,0.002325,0.003273,3.122121,9.559966,0.00045184
3529506816,5923540.8,0.001971,0.701316,0.001711,-0.322266,0.0,0.9108,0.4198,0.002119,0.002727,0.003888,3.076018,9.611339,0.00038503
3530293248,5825354.3,-0.000146,0.741023,0.00173,-0.328125,0.0,0.9098,0.418,0.002103,0.002555,0.003725,3.394263,10.178878,0.00037761
3531079680,5726608.6,0.004255,0.803834,0.001701,-0.318359,0.0,0.908,0.4154,0.00198,0.002471,0.004091,3.356006,10.134113,0.00040546
3531866112,5444729.6,0.007639,0.92886,0.001849,-0.330078,0.0,0.9055,0.4058,0.00207,0.0027,0.003751,3.689241,10.072284,0.00043036
3532652544,5361925.9,0.000332,0.766965,0.00186,-0.324219,0.0,0.9039,0.4054,0.002356,0.003288,0.004378,3.204556,10.26416,0.00043155
3533438976,5253658.1,0.002259,0.793174,0.001822,-0.328125,0.0,0.9019,0.4015,0.002449,0.003387,0.004396,3.260028,10.217062,0.00043305
3534225408,5062315.1,-0.002269,0.704395,0.00182,-0.320312,0.0,0.9007,0.3988,0.002886,0.003284,0.004659,3.646827,11.033308,0.00040279
3535011840,4990206.6,-0.000849,0.919627,0.001928,-0.330078,0.0,0.8991,0.3956,0.003671,0.003121,0.00547,3.705617,10.863386,0.00039552
3535798272,4921211.4,0.004558,0.889532,0.001909,-0.330078,0.0,0.8973,0.3954,0.003185,0.002494,0.00365,4.09462,10.977374,0.00044132
3536584704,4854821.5,0.003606,0.652412,0.001928,-0.322266,0.0,0.8961,0.4009,0.002271,0.002269,0.003654,3.435036,10.547792,0.00038907
3537371136,4664614.4,-0.005671,0.712556,0.001838,-0.330078,0.0,0.8945,0.4049,0.00241,0.002646,0.004077,3.174805,10.275862,0.00039751
3538157568,4600442.2,-0.002872,0.662909,0.001735,-0.320312,0.0,0.8931,0.4083,0.002767,0.002373,0.003853,3.029845,10.273954,0.00034773
3538944000,4540366.9,0.001446,0.485064,0.001773,-0.308594,0.0,0.8924,0.4169,0.002371,0.002942,0.004034,3.188282,10.68129,0.00039084
3539730432,4374395.5,0.000969,0.729962,0.001796,-0.326172,0.0,0.8907,0.4185,0.002563,0.003165,0.003685,3.488335,10.730492,0.0004019
3540516864,4315887.4,-0.00117,0.393945,0.001675,-0.292969,0.0,0.8903,0.4308,0.003313,0.002642,0.003896,3.08852,10.436508,0.00039026
3541303296,4262552.7,-0.00144,0.409233,0.001667,-0.292969,0.0,0.8898,0.4406,0.002149,0.002582,0.003515,2.949176,10.096435,0.00038656
3542089728,4212554.8,0.002138,0.489869,0.001688,-0.300781,0.0,0.8897,0.4502,0.001946,0.00227,0.003498,2.985627,10.175502,0.0003793
3542876160,4072314.4,0.005793,0.54193,0.001715,-0.324219,0.0,0.8893,0.4528,0.003195,0.002627,0.004686,3.262036,10.497332,0.0004194
3543662592,4026277.1,0.003881,0.562474,0.001742,-0.316406,0.0,0.8895,0.4678,0.003354,0.002665,0.004807,3.408565,10.322594,0.0003753
3544449024,3981393.7,-0.001971,0.59542,0.001774,-0.314453,0.0,0.8892,0.4734,0.002406,0.002833,0.005085,3.142911,10.15002,0.00036886
3545235456,3871405.6,-0.001015,0.605165,0.00176,-0.322266,0.0,0.8887,0.4797,0.002899,0.00259,0.004392,2.784737,10.021693,0.0003938
3546021888,3829227.2,-0.006359,0.412965,0.001715,-0.294922,0.0,0.8887,0.4895,0.002092,0.002855,0.003532,2.946861,10.155574,0.00040411
3546808320,3788913.1,-0.001663,0.438572,0.001757,-0.294922,0.0,0.8888,0.497,0.002325,0.002546,0.003471,2.953978,9.988009,0.0003731
3547594752,3749791.3,0.002779,0.528313,0.001798,-0.308594,0.0,0.8893,0.5014,0.001893,0.002399,0.003722,3.348153,10.788467,0.00039366
3548381184,3647389.3,-0.000724,0.449411,0.001801,-0.291016,0.0,0.8901,0.5061,0.002135,0.002706,0.004694,3.34667,10.562799,0.00037816
3549167616,3610274.6,-0.004713,0.567371,0.001769,-0.310547,0.0,0.8898,0.5073,0.001958,0.002431,0.003993,3.218648,10.528358,0.00039386
3549954048,3572855.1,-0.001318,0.587552,0.001752,-0.294922,0.0,0.8895,0.5068,0.002692,0.002632,0.004887,2.984268,10.638026,0.00042038
3550740480,3486604.2,-0.003905,0.586616,0.001711,-0.298828,0.0,0.8899,0.5134,0.002146,0.002298,0.004044,3.043566,10.295419,0.00035682
3551526912,3450797.5,0.002067,0.746967,0.001789,-0.316406,0.0,0.8903,0.516,0.003189,0.003476,0.004218,3.484833,11.184883,0.00042637
3552313344,3416070.9,-0.002497,0.657959,0.00186,-0.306641,0.0,0.891,0.5179,0.003168,0.003383,0.004752,3.408669,11.150387,0.00040989
3553099776,3384064.7,-0.001052,0.611157,0.001839,-0.302734,0.0,0.8917,0.5229,0.002858,0.003024,0.004824,3.482174,10.998363,0.00041141
3553886208,3304288.3,-0.005593,0.576918,0.00191,-0.310547,0.0,0.8917,0.5233,0.002606,0.00256,0.004228,3.3199,10.629681,0.00041508
3554672640,3273949.3,0.005508,0.551453,0.001807,-0.298828,0.0,0.8909,0.5247,0.003045,0.002655,0.004277,3.206897,10.420216,0.00045113
3555459072,3244475.5,0.004387,0.536443,0.001879,-0.300781,0.0,0.8905,0.5282,0.002802,0.002843,0.003632,3.373643,11.092482,0.00038046
3556245504,3214071.0,0.000476,0.540735,0.001885,-0.296875,0.0,0.8908,0.5328,0.001873,0.002501,0.00368,3.251989,10.956902,0.00037053
3557031936,3141027.3,0.002972,0.45169,0.001733,-0.271484,0.0,0.8909,0.5391,0.002783,0.003254,0.004354,2.935895,11.21073,0.00036031
3557818368,3114171.8,0.004508,0.276125,0.001628,-0.255859,0.0,0.8908,0.5461,0.002744,0.002589,0.00356,2.878775,10.98452,0.00036335
3558604800,3087423.2,0.00753,0.423863,0.001605,-0.269531,0.0,0.8913,0.5543,0.001814,0.002271,0.00329,2.866,10.933159,0.00035541
3559391232,3023781.3,-0.002541,0.413052,0.001525,-0.273438,0.0,0.8918,0.5635,0.002185,0.002495,0.003956,3.260969,11.291288,0.0003537
3560177664,2997687.9,-0.002435,0.550456,0.001428,-0.294922,0.0,0.8921,0.5654,0.002265,0.002691,0.004626,3.076298,11.262957,0.00039043
3560964096,2973142.8,-0.003734,0.380312,0.001488,-0.263672,0.0,0.8924,0.5695,0.002536,0.002896,0.004547,2.858994,11.383067,0.00032555
3561750528,2948804.5,-0.001513,0.396743,0.001515,-0.263672,0.0,0.8935,0.5799,0.002099,0.003242,0.004093,2.804299,11.253909,0.00033736
3562536960,2895550.3,-0.005447,0.516429,0.001714,-0.271484,0.0,0.8935,0.5842,0.003092,0.00284,0.005171,2.813977,10.827266,0.00036443
3563323392,2872579.8,0.004932,0.391159,0.001665,-0.261719,0.0,0.8939,0.5905,0.003222,0.002697,0.004147,2.627565,10.574901,0.00036093
3564109824,2844893.9,-0.001402,0.497973,0.001576,-0.28125,0.0,0.8943,0.592,0.003219,0.002779,0.004458,3.016313,10.982704,0.00039311
3564896256,2761637.5,0.003029,0.357451,0.001663,-0.265625,0.0,0.895,0.5982,0.002851,0.002484,0.003915,2.868472,11.002323,0.00033893
3565682688,2740556.0,-0.001074,0.493649,0.001805,-0.269531,0.0,0.8951,0.6014,0.002539,0.002782,0.004965,2.953226,10.827909,0.00041847
3566469120,2719822.8,-0.001602,0.430299,0.001804,-0.273438,0.0,0.8958,0.6028,0.00298,0.003288,0.005768,2.847855,10.941265,0.00042474
3567255552,2698638.4,0.000762,0.370344,0.001824,-0.251953,0.0,0.8967,0.6083,0.002113,0.00254,0.003494,2.768123,10.950899,0.00042975
3568041984,2643061.6,0.010158,0.493622,0.001914,-0.265625,0.0,0.8975,0.6087,0.002236,0.002608,0.005017,3.164113,11.555784,0.00044243
3568828416,2624095.2,0.00123,0.441391,0.001859,-0.291016,0.0,0.8987,0.6085,0.003349,0.003051,0.005175,3.054865,11.513609,0.0004248
3569614848,2605234.0,0.000375,0.445507,0.001852,-0.292969,0.0,0.8989,0.6091,0.001955,0.002575,0.003769,3.284917,11.20303,0.00039001
3570401280,2557667.0,-0.001084,0.297491,0.00187,-0.277344,0.0,0.8988,0.6104,0.002076,0.002488,0.004157,3.037386,10.996403,0.00040144
3571187712,2539552.0,-0.002252,0.377285,0.001693,-0.271484,0.0,0.8991,0.613,0.002736,0.002941,0.004359,3.031048,10.975409,0.00040515
3571974144,2521802.6,0.006536,0.492972,0.001567,-0.289062,0.0,0.9,0.6161,0.003607,0.003434,0.005133,2.891081,10.942083,0.00034787
3572760576,2504267.0,-0.001179,0.444797,0.00155,-0.285156,0.0,0.9003,0.6167,0.003153,0.003244,0.004872,3.054481,11.661735,0.00038788
3573547008,2460990.2,0.002041,0.622926,0.001804,-0.296875,0.0,0.9004,0.616,0.003516,0.003042,0.004964,3.474453,11.47361,0.00039865
3574333440,2444274.0,0.002431,0.432886,0.001899,-0.277344,0.0,0.9003,0.6171,0.002647,0.002538,0.004197,3.206157,11.537243,0.00042956
3575119872,2428227.6,0.010334,0.486762,0.001944,-0.269531,0.0,0.9001,0.6174,0.002693,0.002648,0.004632,3.244241,11.70264,0.00038632
3575906304,2386293.8,-0.001783,0.444011,0.001829,-0.287109,0.0,0.8994,0.6179,0.002429,0.002792,0.004139,3.06533,10.636204,0.00040518
3576692736,2371112.6,0.005083,0.450364,0.001615,-0.277344,0.0,0.8993,0.6182,0.002437,0.002379,0.004043,3.230688,11.612888,0.00037703
3577479168,2356070.5,-0.003138,0.520276,0.001705,-0.296875,0.0,0.8992,0.6188,0.003081,0.003181,0.00402,3.270161,11.357658,0.00039003
3578265600,2340822.9,-0.001513,0.418845,0.001725,-0.285156,0.0,0.8991,0.6233,0.002784,0.003047,0.004901,3.48511,11.25672,0.00036794
3579052032,2299510.0,-0.002378,0.479906,0.001849,-0.294922,0.0,0.8985,0.6241,0.002503,0.002653,0.004413,3.280134,10.984545,0.00038796
3579838464,2285359.0,0.004792,0.63979,0.00175,-0.310547,0.0,0.8977,0.6213,0.001868,0.002462,0.003465,3.420605,10.97539,0.00042557
3580624896,2270846.3,0.008688,0.559561,0.001855,-0.306641,0.0,0.8974,0.62,0.002089,0.002288,0.003534,3.088881,10.982481,0.00042681
3581411328,2256799.9,-0.002042,0.493389,0.001944,-0.296875,0.0,0.8977,0.6195,0.003115,0.002725,0.004456,3.580923,11.779272,0.00045302
3582197760,2221128.9,0.000416,0.444314,0.001698,-0.269531,0.0,0.8977,0.6181,0.003367,0.003123,0.006117,3.030641,11.739199,0.00042911
3582984192,2207075.8,0.004569,0.392656,0.00169,-0.251953,0.0,0.8981,0.6215,0.002456,0.002258,0.004136,3.055485,11.778805,0.00042354
3583770624,2193772.4,0.003049,0.233299,0.001713,-0.239258,0.0,0.8978,0.6222,0.00197,0.001892,0.00317,2.942,11.582392,0.00037306
3584557056,2159385.0,0.000321,0.373974,0.001709,-0.257812,0.0,0.8977,0.6177,0.002495,0.002683,0.003682,2.80085,11.644323,0.00039561
3585343488,2146780.3,-0.005188,0.337765,0.001797,-0.259766,0.0,0.8974,0.6145,0.002279,0.002558,0.005561,3.00877,12.179187,0.00037358
3586129920,2134492.5,-0.006431,0.30863,0.001727,-0.267578,0.0,0.8976,0.614,0.003064,0.003147,0.005462,3.185548,12.236893,0.00039764
3586916352,2121807.4,0.003878,0.384396,0.001737,-0.259766,0.0,0.8977,0.6171,0.002314,0.002991,0.005125,3.467914,12.225801,0.00040944
3587702784,2092146.3,-0.000643,0.435284,0.001848,-0.249023,0.0,0.8974,0.6167,0.002062,0.002402,0.004737,3.001443,11.687803,0.00036567
3588489216,2080111.4,-0.000292,0.401332,0.001818,-0.24707,0.0,0.8966,0.6135,0.002475,0.002614,0.004365,2.903672,11.543216,0.00036853
3589275648,2067609.5,-0.002423,0.374462,0.001818,-0.249023,0.0,0.8966,0.6138,0.002194,0.002782,0.004135,2.793599,12.079361,0.00041326
3590062080,2035936.4,-0.001885,0.364194,0.001847,-0.24707,0.0,0.8968,0.6169,0.002154,0.003094,0.004213,3.05868,12.49369,0.00040743
3590848512,2024813.6,0.000358,0.416769,0.001657,-0.253906,0.0,0.8966,0.6168,0.00308,0.002995,0.00403,3.06023,12.138008,0.00036387
3591634944,2013755.7,-0.001666,0.316457,0.001667,-0.239258,0.0,0.8965,0.6192,0.002079,0.002691,0.003323,2.914953,11.883017,0.00035316
3592421376,2002733.0,-0.000256,0.288836,0.00159,-0.249023,0.0,0.8969,0.6207,0.002225,0.003189,0.004253,2.928183,11.851797,0.00035191
3593207808,1972515.0,0.005753,0.396649,0.001581,-0.267578,0.0,0.8972,0.6221,0.001602,0.002633,0.004269,3.101534,12.360729,0.00037488
3593994240,1961798.5,-0.000136,0.530574,0.001732,-0.271484,0.0,0.8974,0.6214,0.001729,0.002241,0.003845,3.426764,12.049963,0.00040242
3594780672,1951480.5,-0.006451,0.533768,0.001739,-0.279297,0.0,0.8965,0.615,0.002624,0.003573,0.004486,3.477312,12.232988,0.00040944
3595567104,1917392.0,0.005524,0.482719,0.001794,-0.271484,0.0,0.8962,0.6171,0.002119,0.002951,0.00381,3.371741,11.756235,0.00040095
3596353536,1907628.3,0.000178,0.340756,0.001874,-0.259766,0.0,0.8952,0.6153,0.002979,0.002808,0.004684,3.106867,11.528628,0.00044719
3597139968,1897789.7,0.000295,0.344354,0.001737,-0.261719,0.0,0.8947,0.6149,0.002797,0.002947,0.004074,3.193808,11.445903,0.00047107
3597926400,1887950.3,0.00504,0.325089,0.001815,-0.265625,0.0,0.8949,0.6172,0.003168,0.002911,0.004024,2.830653,11.860207,0.00038083
3598712832,1862958.3,-0.001219,0.414441,0.001778,-0.265625,0.0,0.8944,0.6139,0.002181,0.002589,0.003937,3.090632,11.742226,0.00040722
3599499264,1853542.0,-0.002828,0.403963,0.001725,-0.261719,0.0,0.8938,0.6147,0.002396,0.002716,0.003578,3.20663,11.793755,0.00042934
3600285696,1844335.4,-0.003688,0.315188,0.001699,-0.251953,0.0,0.8931,0.6161,0.001861,0.002383,0.003565,2.987516,11.905299,0.00042339
3601072128,1820498.6,-0.000832,0.347558,0.001632,-0.249023,0.0,0.8924,0.6182,0.001602,0.00202,0.003135,3.124695,11.342695,0.00039285
3601858560,1811580.1,-0.000524,0.371194,0.001642,-0.255859,0.0,0.8919,0.6189,0.001241,0.002193,0.003483,2.827292,12.612772,0.0004116
3602644992,1802535.5,-0.000542,0.296529,0.001656,-0.246094,0.0,0.8913,0.6193,0.001694,0.002172,0.003243,2.893419,12.345573,0.00039972
3603431424,1793734.4,-0.001643,0.345084,0.001624,-0.255859,0.0,0.8906,0.6205,0.002142,0.002453,0.003173,2.817188,12.083647,0.00041051
3604217856,1763968.1,-0.000164,0.360797,0.00165,-0.261719,0.0,0.8906,0.6232,0.001716,0.002504,0.003775,3.389106,11.776225,0.00035976
3605004288,1754485.9,-0.00147,0.396371,0.001594,-0.277344,0.0,0.8906,0.6244,0.001922,0.002624,0.003739,3.29898,11.638782,0.00043578
3605790720,1746365.9,0.003508,0.479894,0.001603,-0.287109,0.0,0.891,0.624,0.002208,0.002474,0.003612,3.15062,11.673407,0.00037937
3606577152,1738219.7,0.000496,0.341537,0.001617,-0.267578,0.0,0.8912,0.6253,0.002328,0.002795,0.004168,3.48735,12.523399,0.00041036
3607363584,1715255.7,-0.003513,0.383106,0.001621,-0.277344,0.0,0.8928,0.6313,0.002476,0.002683,0.004228,3.629733,12.985652,0.00038689
3608150016,1707503.5,0.006261,0.34435,0.001563,-0.263672,0.0,0.8952,0.6423,0.00152,0.002537,0.003792,3.62672,12.904326,0.00039467
3608936448,1699800.8,0.003436,0.339668,0.00158,-0.273438,0.0,0.8969,0.6499,0.002196,0.002637,0.003593,3.347393,12.758797,0.00041719
3609722880,1675254.7,0.003121,0.326606,0.001565,-0.267578,0.0,0.898,0.6535,0.002403,0.002956,0.004604,3.245436,11.740446,0.00041283
3610509312,1667568.0,-0.00421,0.352612,0.00162,-0.265625,0.0,0.8984,0.6546,0.002109,0.002259,0.00435,3.216057,12.727013,0.00039854
3611295744,1659787.1,0.000297,0.274916,0.001653,-0.263672,0.0,0.8989,0.6546,0.002668,0.003216,0.00559,3.216324,12.726257,0.00041731
3612082176,1652347.5,0.006407,0.344904,0.00169,-0.257812,0.0,0.9,0.6607,0.002104,0.002646,0.003649,3.38656,12.598899,0.00044133
3612868608,1630786.3,0.000311,0.372615,0.0018,-0.269531,0.0,0.9001,0.6593,0.002366,0.002523,0.003925,3.564666,12.492723,0.00043954
3613655040,1623352.9,-0.006689,0.359528,0.001782,-0.267578,0.0,0.901,0.6607,0.001737,0.002223,0.003555,3.381271,12.294081,0.0005276
3614441472,1616239.9,-0.001959,0.445058,0.00174,-0.279297,0.0,0.9018,0.661,0.00177,0.002641,0.003417,3.188094,12.813762,0.00044795
3615227904,1598390.6,-0.000852,0.376281,0.001762,-0.277344,0.0,0.9027,0.6634,0.002631,0.002968,0.004642,3.534144,12.801693,0.00043822
3616014336,1591398.3,0.002031,0.550977,0.001689,-0.28125,0.0,0.9036,0.665,0.0027,0.003701,0.004928,3.900741,12.658827,0.0004417
3616800768,1584797.5,0.000931,0.408679,0.001729,-0.265625,0.0,0.9038,0.663,0.002636,0.002967,0.004176,3.214912,12.506142,0.00050575
3617587200,1578245.3,-0.004481,0.267644,0.001677,-0.251953,0.0,0.9047,0.6662,0.002344,0.003003,0.003934,3.109599,12.643372,0.00050634
3618373632,1561475.3,0.004219,0.459566,0.001664,-0.255859,0.0,0.9053,0.6657,0.001862,0.002856,0.003906,3.2324,13.273376,0.00041657
3619160064,1554941.0,-0.002484,0.365434,0.001662,-0.257812,0.0,0.9059,0.6657,0.002384,0.003115,0.004647,3.288178,13.170063,0.00046492
3619946496,1548198.1,0.005083,0.320933,0.001628,-0.248047,0.0,0.9071,0.6681,0.002403,0.003278,0.004768,3.325762,13.042624,0.00047117
3620732928,1529757.6,0.001685,0.304861,0.001714,-0.249023,0.0,0.9082,0.6745,0.001823,0.0022,0.003009,3.229053,12.544391,0.00046639
3621519360,1523598.5,-0.001599,0.394744,0.001664,-0.257812,0.0,0.9085,0.6785,0.003245,0.002534,0.003798,3.354863,12.417529,0.00047839
3622305792,1517434.8,0.000957,0.413554,0.001689,-0.265625,0.0,0.9089,0.6794,0.002525,0.00283,0.003503,3.506255,12.253078,0.00043125
3623092224,1511395.2,0.00109,0.618186,0.001892,-0.287109,0.0,0.9092,0.678,0.002295,0.002785,0.003386,3.589022,12.900108,0.00043712
3623878656,1495679.8,-0.001465,0.500951,0.001827,-0.271484,0.0,0.9092,0.6736,0.002813,0.002751,0.003845,3.383515,13.226771,0.00048429
3624665088,1489798.8,-0.005302,0.397567,0.00185,-0.263672,0.0,0.9102,0.6742,0.002537,0.002624,0.003546,3.383265,13.183384,0.0004466
3625451520,1484014.0,-0.002145,0.415544,0.00179,-0.257812,0.0,0.9109,0.6742,0.001692,0.00284,0.00365,3.226097,13.003524,0.00045291
3626237952,1465995.5,-0.002906,0.34754,0.001846,-0.240234,0.0,0.9115,0.6728,0.002143,0.002053,0.002984,3.260823,12.058703,0.00048088
3627024384,1460308.1,0.001896,0.364834,0.001679,-0.241211,0.0,0.9116,0.671,0.00359,0.002608,0.004808,3.035512,13.13248,0.00049278
3627810816,1454678.8,0.003136,0.351969,0.001654,-0.251953,0.0,0.9124,0.67,0.003487,0.002857,0.004899,3.022994,12.721434,0.00042808
3628597248,1448945.5,-0.003592,0.276508,0.001724,-0.241211,0.0,0.913,0.6708,0.00234,0.002513,0.005135,2.957478,12.613589,0.00046065
3629383680,1434332.7,-0.003341,0.31613,0.001754,-0.235352,0.0,0.9137,0.6718,0.001929,0.002408,0.00411,3.064252,12.618483,0.00046605
3630170112,1428997.4,-0.005293,0.281997,0.001646,-0.234375,0.0,0.9139,0.6731,0.001919,0.002475,0.003952,3.082324,12.630488,0.00046113
3630956544,1423577.2,-0.005174,0.363982,0.001564,-0.243164,0.0,0.914,0.6754,0.002217,0.002469,0.003868,3.024453,12.470991,0.00043219
3631742976,1417975.3,-0.004558,0.260179,0.001536,-0.245117,0.0,0.9139,0.6769,0.002545,0.002348,0.003425,2.976328,13.130131,0.00043465
3632529408,1400781.6,0.004389,0.426827,0.001606,-0.261719,0.0,0.9132,0.6744,0.001835,0.002963,0.004483,3.297387,12.851215,0.0003566
3633315840,1395606.6,0.006971,0.320991,0.001618,-0.253906,0.0,0.9119,0.6724,0.002039,0.002785,0.003996,3.217785,12.856398,0.00051216
3634102272,1390509.8,0.003153,0.406357,0.001599,-0.261719,0.0,0.9109,0.6701,0.001868,0.002677,0.003778,3.335471,12.855075,0.00045976
3634888704,1375544.1,-0.005445,0.353109,0.001712,-0.269531,0.0,0.9095,0.6658,0.001754,0.00255,0.004436,3.249226,12.475417,0.00048048
3635675136,1370574.4,0.002112,0.44164,0.001598,-0.269531,0.0,0.9087,0.6642,0.001803,0.002162,0.003667,3.484799,13.709922,0.00045606
3636461568,1365555.8,0.002954,0.355346,0.001624,-0.25,0.0,0.9089,0.6647,0.002052,0.002595,0.003326,3.237003,13.490847,0.00046116
3637248000,1360562.9,0.006512,0.404143,0.001688,-0.257812,0.0,0.9091,0.6653,0.002227,0.002815,0.004265,3.477687,13.327918,0.00045894
3638034432,1347919.8,0.002944,0.291356,0.001752,-0.253906,0.0,0.9092,0.665,0.002294,0.002467,0.003873,3.288731,12.919302,0.00045355
3638820864,1342908.2,-0.001624,0.290714,0.001696,-0.259766,0.0,0.9097,0.666,0.001947,0.002526,0.00347,3.252362,12.689594,0.00049305
3639607296,1338223.0,0.002901,0.310783,0.001598,-0.255859,0.0,0.9104,0.671,0.003515,0.002596,0.004257,3.32077,12.775187,0.00055744
3640393728,1323389.0,-0.005416,0.256363,0.001707,-0.255859,0.0,0.9101,0.6699,0.002012,0.002671,0.003873,3.192487,13.367521,0.00050697
3641180160,1318814.1,0.000477,0.351533,0.001776,-0.259766,0.0,0.91,0.6705,0.002249,0.003211,0.004103,3.256904,12.997508,0.00045629
3641966592,1314246.0,0.00332,0.282311,0.001701,-0.248047,0.0,0.9103,0.6726,0.002065,0.002386,0.003528,3.22586,12.951498,0.00048492
3642753024,1309728.1,0.002211,0.307488,0.001648,-0.253906,0.0,0.9109,0.6779,0.002104,0.00237,0.003231,3.413157,13.003998,0.00049898
3643539456,1298021.9,0.000966,0.380292,0.001622,-0.253906,0.0,0.9114,0.6771,0.00249,0.003108,0.004255,3.355672,12.594867,0.0004573
3644325888,1293523.3,-0.006893,0.263462,0.001549,-0.249023,0.0,0.9121,0.6799,0.001897,0.002567,0.003566,3.232903,13.510771,0.00049379
3645112320,1289049.3,-0.002494,0.337435,0.00167,-0.267578,0.0,0.9126,0.6831,0.001492,0.002065,0.003197,3.234578,13.392837,0.00046082
3645898752,1277580.9,-0.005846,0.258494,0.001663,-0.261719,0.0,0.9126,0.6833,0.001749,0.002327,0.003036,3.183178,12.92795,0.00053534
3646685184,1273401.6,0.000235,0.319002,0.001725,-0.261719,0.0,0.9123,0.6816,0.002118,0.002317,0.003334,3.513282,12.700229,0.00046795
3647471616,1269248.3,0.005816,0.345194,0.001699,-0.263672,0.0,0.9131,0.6847,0.002262,0.002305,0.003888,3.391914,12.464351,0.0004622
3648258048,1264973.5,-0.002263,0.345563,0.001698,-0.271484,0.0,0.9137,0.6874,0.00202,0.002487,0.003826,3.215015,13.096126,0.00048874
3649044480,1253158.1,0.003158,0.40264,0.001582,-0.277344,0.0,0.9137,0.6889,0.001776,0.002516,0.004054,3.493887,13.209518,0.00050588
3649830912,1248977.8,0.00283,0.350542,0.001513,-0.265625,0.0,0.915,0.6961,0.002154,0.00306,0.004629,3.414595,13.128295,0.00051758
3650617344,1244885.0,0.00654,0.380999,0.001555,-0.269531,0.0,0.9154,0.6975,0.002077,0.002614,0.00459,3.473124,13.040523,0.00046732
3651403776,1235087.6,0.001587,0.300691,0.001498,-0.273438,0.0,0.9165,0.7014,0.002318,0.001971,0.003657,3.71804,12.141502,0.00044999
3652190208,1231094.3,0.001522,0.3142,0.001593,-0.257812,0.0,0.9173,0.7042,0.001784,0.001635,0.003039,3.341914,13.43793,0.00056482
3652976640,1227121.3,0.002993,0.411656,0.001631,-0.271484,0.0,0.9173,0.7051,0.001772,0.002536,0.003987,3.441642,13.544765,0.00049553
3653763072,1223186.6,-0.001904,0.336451,0.00172,-0.265625,0.0,0.9189,0.7102,0.00223,0.002761,0.00428,3.447066,13.29245,0.00054701
3654549504,1211905.2,0.000843,0.323357,0.001659,-0.261719,0.0,0.9194,0.7104,0.001682,0.002217,0.003541,3.550542,13.070515,0.00049892
3655335936,1207663.4,-0.005839,0.514563,0.00159,-0.275391,0.0,0.9197,0.7061,0.001586,0.001687,0.003104,3.479843,12.917098,0.00045808
3656122368,1203855.1,0.001092,0.440061,0.001463,-0.257812,0.0,0.92,0.705,0.001889,0.002648,0.003891,3.495933,12.704086,0.00054659
3656908800,1200153.4,-0.000789,0.402088,0.001564,-0.253906,0.0,0.9204,0.7049,0.002162,0.002115,0.003312,3.271594,13.481318,0.00054067
3657695232,1179440.9,0.009019,0.467417,0.00166,-0.257812,0.0,0.92,0.7034,0.002024,0.003067,0.004217,3.347412,13.491451,0.00051538
3658481664,1175913.5,-0.001365,0.308789,0.001731,-0.244141,0.0,0.9197,0.7021,0.002154,0.002393,0.00357,3.371805,13.41989,0.00049662
3659268096,1172356.6,0.000933,0.308471,0.001767,-0.240234,0.0,0.9192,0.7025,0.002235,0.002265,0.003991,3.382686,13.197065,0.00048118
3660054528,1157880.6,0.007143,0.261795,0.001667,-0.239258,0.0,0.9192,0.7054,0.002045,0.0025,0.004392,3.485476,12.763727,0.0004522
3660840960,1154418.9,0.000749,0.203053,0.001529,-0.229492,0.0,0.9197,0.7084,0.001709,0.002337,0.004011,3.043,13.876971,0.00040912
3661627392,1150975.9,-0.003207,0.281931,0.001532,-0.241211,0.0,0.9206,0.7124,0.001909,0.00274,0.004052,3.07931,13.93754,0.0004596
3662413824,1147391.0,-0.002033,0.289986,0.00154,-0.245117,0.0,0.9211,0.7143,0.002093,0.002779,0.003761,3.178387,13.924427,0.00050065
3663200256,1136804.8,0.00056,0.342494,0.001812,-0.257812,0.0,0.9203,0.7119,0.002317,0.002548,0.004348,3.265807,13.375889,0.00047828
3663986688,1133466.7,-0.004565,0.337702,0.001779,-0.248047,0.0,0.9201,0.7108,0.002249,0.002841,0.005155,3.326042,13.069284,0.00052114
3664773120,1130115.9,-0.006884,0.361779,0.001738,-0.253906,0.0,0.9197,0.709,0.002079,0.00254,0.003899,3.452464,12.987934,0.00054006
3665559552,1121574.3,0.00028,0.46253,0.001831,-0.251953,0.0,0.9196,0.708,0.002687,0.002869,0.004283,3.608491,13.64923,0.00052529
3666345984,1118193.8,-0.000247,0.400074,0.001903,-0.25,0.0,0.9191,0.7051,0.002215,0.003135,0.004681,3.394045,13.446685,0.00048593
3667132416,1114980.4,-0.011977,0.321189,0.001829,-0.253906,0.0,0.9183,0.7034,0.002388,0.003132,0.004746,3.309915,13.433261,0.00052665
3667918848,1111829.7,-0.003001,0.36905,0.001843,-0.255859,0.0,0.9173,0.7005,0.002311,0.002855,0.003711,3.569542,13.295156,0.00051006
3668705280,1101564.5,-0.006043,0.355031,0.001757,-0.257812,0.0,0.9164,0.6965,0.001923,0.002661,0.003356,3.287195,12.566139,0.0005442
3669491712,1098449.7,-0.000353,0.396823,0.001799,-0.239258,0.0,0.9167,0.6983,0.002413,0.002607,0.003577,3.197132,13.951918,0.00050122
3670278144,1095398.9,0.003266,0.376594,0.001752,-0.233398,0.0,0.9157,0.6958,0.001869,0.00219,0.003359,3.20265,13.688461,0.00051509
3671064576,1084532.4,-0.000331,0.387698,0.001849,-0.239258,0.0,0.9152,0.6939,0.001725,0.00254,0.004082,3.176391,13.482944,0.00051699
3671851008,1081493.1,0.00295,0.50769,0.00182,-0.249023,0.0,0.9134,0.6888,0.002306,0.002901,0.003852,3.397747,13.4963,0.00053516
3672637440,1078445.0,-0.003369,0.32624,0.001824,-0.249023,0.0,0.9116,0.6859,0.002407,0.002425,0.003582,3.4722,13.254695,0.00056536
3673423872,1075404.6,-0.002953,0.362715,0.001827,-0.25,0.0,0.9093,0.681,0.002205,0.002635,0.004019,3.14468,14.028903,0.00048855
3674210304,1067923.4,0.003414,0.412563,0.001708,-0.257812,0.0,0.9078,0.677,0.001998,0.002456,0.003934,3.331339,13.867015,0.00054626
3674996736,1064951.2,-0.005764,0.330655,0.001598,-0.255859,0.0,0.907,0.6762,0.002748,0.00292,0.004503,3.464509,13.696104,0.00047633
3675783168,1062098.1,-0.00133,0.330323,0.001628,-0.267578,0.0,0.9053,0.6729,0.002456,0.002695,0.004145,3.651817,13.699623,0.00049475
3676569600,1054773.7,0.000653,0.375115,0.001599,-0.255859,0.0,0.9046,0.6727,0.002048,0.002684,0.003975,3.865306,13.027237,0.00047761
3677356032,1051981.1,0.003439,0.321983,0.001594,-0.248047,0.0,0.9038,0.6726,0.001851,0.002768,0.003704,3.244965,14.297763,0.0005818
3678142464,1049160.8,-0.000666,0.289464,0.001597,-0.245117,0.0,0.9034,0.6721,0.001728,0.002982,0.003448,3.355269,14.421574,0.00054427
3678928896,1046409.8,-0.001059,0.449693,0.001633,-0.269531,0.0,0.903,0.6702,0.001809,0.002602,0.003049,3.633712,14.458162,0.00055862
3679715328,1039755.4,0.003618,0.339445,0.001676,-0.248047,0.0,0.9029,0.6716,0.002127,0.002839,0.00385,3.728455,14.011816,0.00055575
3680501760,1037047.2,0.001443,0.381085,0.001678,-0.248047,0.0,0.9019,0.6683,0.002271,0.002746,0.003012,3.396819,13.711624,0.0004886
3681288192,1034336.9,-0.000282,0.268498,0.001626,-0.236328,0.0,0.9017,0.6694,0.00211,0.002528,0.003615,3.270766,13.511238,0.00054356
3682074624,1031514.7,-0.000548,0.26229,0.001633,-0.232422,0.0,0.9015,0.6721,0.001947,0.002095,0.003031,3.10718,14.35215,0.00049365
3682861056,1024869.7,-0.001686,0.487843,0.001772,-0.257812,0.0,0.9011,0.6715,0.002658,0.003072,0.00425,3.540831,14.058532,0.00053342
3683647488,1022196.0,0.000225,0.496469,0.001757,-0.251953,0.0,0.9004,0.6673,0.002669,0.00268,0.004362,3.155969,13.779074,0.00053606
3684433920,1019515.3,-7.1e-05,0.411368,0.001699,-0.243164,0.0,0.9007,0.6669,0.00222,0.002541,0.003864,3.59019,13.607387,0.00053577
3685220352,1013366.1,0.006329,0.478811,0.001792,-0.261719,0.0,0.901,0.6644,0.001837,0.002445,0.003165,3.775428,13.326391,0.00047011
3686006784,1010651.1,-0.003205,0.304641,0.001714,-0.251953,0.0,0.9014,0.6639,0.001651,0.002701,0.004317,3.432079,14.529037,0.00055099
3686793216,1008087.3,0.003989,0.285709,0.001669,-0.243164,0.0,0.902,0.6656,0.002214,0.002609,0.004288,3.408824,14.348041,0.00060358
3687579648,1005558.5,-0.001336,0.401032,0.001757,-0.249023,0.0,0.9014,0.6615,0.002153,0.002954,0.004102,3.499548,14.068882,0.000565
3688366080,999819.4,0.005052,0.489076,0.00182,-0.255859,0.0,0.8996,0.6541,0.002642,0.003064,0.004797,3.77827,13.759975,0.00055024
3689152512,997260.6,0.003459,0.482858,0.001774,-0.239258,0.0,0.8974,0.6464,0.002579,0.002931,0.003492,3.284858,13.535221,0.00060994
3689938944,994683.9,-0.004834,0.374028,0.001761,-0.225586,0.0,0.8959,0.6428,0.002591,0.002806,0.004206,3.285782,13.412745,0.00055371
3690725376,989033.4,-0.000608,0.36927,0.001745,-0.226562,0.0,0.895,0.6415,0.00201,0.002471,0.003896,3.139297,14.52179,0.00053982
3691511808,986527.2,0.001422,0.42102,0.001584,-0.236328,0.0,0.8935,0.6389,0.00247,0.002982,0.003962,3.395803,14.354468,0.00053245
3692298240,984059.1,-0.006142,0.424625,0.001526,-0.243164,0.0,0.8924,0.6351,0.002233,0.002752,0.004061,3.223295,14.098494,0.00052604
3693084672,981604.3,0.002212,0.313163,0.001503,-0.240234,0.0,0.8915,0.6349,0.001629,0.002128,0.003369,3.351012,13.990301,0.00045468
3693871104,975196.2,0.005768,0.369485,0.001497,-0.25,0.0,0.8908,0.6325,0.001472,0.002782,0.003822,3.540547,13.049156,0.00052184
3694657536,972726.4,0.000549,0.321689,0.001486,-0.239258,0.0,0.8905,0.6331,0.00182,0.002405,0.003861,3.37158,14.553495,0.00049977
3695443968,970310.4,-0.002781,0.400636,0.001518,-0.237305,0.0,0.89,0.6323,0.001892,0.002982,0.004416,3.487668,14.712776,0.00054112
3696230400,964345.1,-0.010636,0.317479,0.001561,-0.239258,0.0,0.8889,0.63,0.001807,0.002337,0.003452,3.444509,14.566215,0.00049983
3697016832,962001.6,0.00075,0.331822,0.001654,-0.244141,0.0,0.8879,0.6276,0.002215,0.002467,0.003956,3.487727,14.317981,0.00058219
3697803264,959599.9,0.000526,0.435896,0.001647,-0.248047,0.0,0.8869,0.623,0.002078,0.002885,0.003952,3.684174,14.122232,0.00051215
3698589696,957354.2,0.004786,0.28239,0.001627,-0.239258,0.0,0.8858,0.6209,0.001958,0.002632,0.003993,3.441377,14.159134,0.00047967
3699376128,948068.4,0.001842,0.328477,0.001539,-0.238281,0.0,0.8861,0.623,0.001862,0.002783,0.003912,3.451,14.984553,0.00052636
3700162560,945804.6,0.003016,0.293104,0.001556,-0.229492,0.0,0.8868,0.6257,0.002077,0.002937,0.004272,3.493076,14.878466,0.00047161
3700948992,943585.8,-0.003173,0.253401,0.00155,-0.219727,0.0,0.8881,0.6289,0.001802,0.002498,0.003591,3.537412,14.732039,0.00047278
3701735424,933192.3,0.000533,0.302073,0.001532,-0.223633,0.0,0.8893,0.6321,0.001261,0.001727,0.002906,3.956623,14.202381,0.00047563
3702521856,931063.3,-0.000554,0.375498,0.001455,-0.231445,0.0,0.889,0.6288,0.002308,0.002712,0.003835,3.637144,14.435523,0.00054632
3703308288,928947.1,-0.00059,0.38431,0.001509,-0.239258,0.0,0.8892,0.6278,0.002089,0.002635,0.004192,3.173415,15.212467,0.00052179
3704094720,926814.2,-0.007079,0.404749,0.001484,-0.246094,0.0,0.8891,0.6255,0.001944,0.002635,0.004224,3.536064,15.289855,0.00044445
3704881152,921111.9,-0.002407,0.370417,0.00156,-0.240234,0.0,0.8887,0.6234,0.001987,0.002394,0.003592,3.703331,15.27919,0.00046621
3705667584,919045.9,0.003871,0.355429,0.001628,-0.236328,0.0,0.8884,0.6197,0.001904,0.002641,0.003337,3.438521,14.969191,0.00054737
3706454016,916930.2,-0.008955,0.300829,0.001595,-0.222656,0.0,0.8882,0.6185,0.001921,0.001796,0.003201,3.592046,14.785719,0.00050845
3707240448,914900.4,0.004421,0.426382,0.001592,-0.239258,0.0,0.8887,0.6202,0.002101,0.002399,0.003667,3.156892,15.530818,0.0005751
3708026880,909656.9,0.001377,0.439049,0.001472,-0.228516,0.0,0.8889,0.6195,0.001832,0.002506,0.004077,3.419055,15.365382,0.00053102
3708813312,907568.8,-0.008502,0.285778,0.001522,-0.22168,0.0,0.8896,0.6191,0.002013,0.002774,0.004097,3.213054,15.299263,0.00048182
3709599744,905519.6,-0.005335,0.260386,0.001474,-0.217773,0.0,0.8898,0.6187,0.001658,0.002436,0.003615,3.403771,15.13784,0.0004999
3710386176,894393.3,0.000341,0.290555,0.001495,-0.224609,0.0,0.8907,0.6233,0.001687,0.002363,0.003248,3.328028,14.150146,0.00047499
3711172608,892400.7,0.002503,0.436447,0.00158,-0.240234,0.0,0.8911,0.6256,0.003141,0.002695,0.004717,3.270868,15.148094,0.00052119
3711959040,890412.7,-0.002874,0.447434,0.001652,-0.259766,0.0,0.8923,0.6297,0.002042,0.002672,0.00469,3.99292,14.955432,0.00051981
3712745472,888468.5,0.005728,0.342135,0.001807,-0.255859,0.0,0.8927,0.6317,0.001991,0.00248,0.00391,3.728195,14.94104,0.00058139
3713531904,883498.0,-0.00019,0.480741,0.001627,-0.249023,0.0,0.8937,0.6325,0.002807,0.002423,0.004402,3.71898,14.70357,0.00053571
3714318336,881571.4,-0.002599,0.333036,0.001569,-0.232422,0.0,0.8949,0.6335,0.00225,0.001963,0.003586,3.684467,14.368804,0.00050909
3715104768,879573.2,-0.002028,0.286193,0.001569,-0.235352,0.0,0.8967,0.6397,0.00256,0.002283,0.003539,3.525969,14.492577,0.00056278
3715891200,874181.7,-0.004797,0.319544,0.001624,-0.235352,0.0,0.8989,0.6469,0.002,0.001689,0.002619,3.550441,15.413211,0.00047524
3716677632,872341.6,0.003207,0.387367,0.001585,-0.238281,0.0,0.9009,0.6505,0.00233,0.002539,0.003891,3.464078,15.088074,0.00054214
3717464064,870507.0,0.000477,0.405685,0.001778,-0.229492,0.0,0.9033,0.6548,0.002077,0.002161,0.003882,3.188482,14.873358,0.00051565
3718250496,868619.9,-0.004943,0.295724,0.001523,-0.231445,0.0,0.9057,0.6608,0.001658,0.001782,0.003304,3.445058,14.718203,0.00045571
3719036928,863778.0,-0.000758,0.222131,0.001514,-0.21582,0.0,0.9069,0.6667,0.00192,0.002507,0.003515,3.267772,13.991453,0.00051564
3719823360,861967.0,-0.005918,0.234355,0.001635,-0.211914,0.0,0.9077,0.6678,0.001496,0.001985,0.003021,3.047832,15.178766,0.00052144
3720609792,860088.9,0.002227,0.242705,0.001705,-0.214844,0.0,0.91,0.6759,0.002159,0.002776,0.003512,3.225125,15.34516,0.00049077
3721396224,854711.0,-0.003332,0.265776,0.001621,-0.223633,0.0,0.9118,0.6804,0.002002,0.002531,0.003507,3.328244,15.352797,0.0004994
3722182656,852897.9,0.002807,0.391425,0.001865,-0.241211,0.0,0.9133,0.6811,0.002072,0.002493,0.003372,3.664692,14.706045,0.00050748
3722969088,851110.8,0.005903,0.465674,0.001824,-0.240234,0.0,0.9152,0.6829,0.002205,0.002714,0.003174,3.555494,14.415947,0.00053465
3723755520,849239.0,8.9e-05,0.382458,0.001712,-0.251953,0.0,0.9166,0.6871,0.00263,0.002469,0.003333,3.733954,14.243826,0.00052344
3724541952,844608.1,-0.000579,0.321819,0.001712,-0.239258,0.0,0.9175,0.6871,0.002841,0.002335,0.003863,3.447803,15.401828,0.00052421
3725328384,842839.0,0.001721,0.515777,0.001519,-0.261719,0.0,0.9192,0.6881,0.003594,0.002505,0.004016,3.675715,15.020658,0.00062917
3726114816,841121.7,0.000867,0.355747,0.001662,-0.263672,0.0,0.9206,0.6875,0.002261,0.002401,0.003173,3.642488,14.916606,0.00057142
3726901248,836267.0,0.002972,0.32433,0.001745,-0.253906,0.0,0.9216,0.69,0.001975,0.001973,0.003349,4.014477,13.992785,0.00051034
3727687680,834546.4,-0.000299,0.233767,0.001446,-0.237305,0.0,0.923,0.6959,0.00264,0.002291,0.004369,3.693319,14.396792,0.00058178
3728474112,832811.1,-0.002618,0.300994,0.001658,-0.251953,0.0,0.9243,0.7018,0.002146,0.002607,0.004029,3.608202,15.125296,0.00052591
3729260544,831120.1,-0.001442,0.300862,0.001611,-0.242188,0.0,0.9261,0.707,0.002034,0.002112,0.003525,3.63129,15.172969,0.00052838
3730046976,826177.4,-0.003881,0.428184,0.001668,-0.253906,0.0,0.9269,0.7087,0.00184,0.002639,0.003531,3.813575,14.69704,0.00057526
3730833408,824465.9,0.000588,0.328323,0.001772,-0.244141,0.0,0.9269,0.7073,0.002322,0.002671,0.003904,3.661025,14.429266,0.00058699
3731619840,822709.1,-0.004061,0.276116,0.001684,-0.240234,0.0,0.9277,0.7096,0.002602,0.002365,0.004514,3.765505,14.522353,0.0005619
3732406272,821051.5,0.002294,0.322677,0.001578,-0.255859,0.0,0.9277,0.7106,0.001991,0.002281,0.003551,3.420839,15.054798,0.00060042
3733192704,816786.8,-0.004526,0.263044,0.001596,-0.251953,0.0,0.9277,0.712,0.00168,0.002212,0.003202,3.548461,14.913465,0.0004934
3733979136,815089.0,-0.00441,0.363302,0.001573,-0.253906,0.0,0.9278,0.7127,0.002048,0.002084,0.003242,3.655392,15.006209,0.00057369
3734765568,813480.2,-0.003905,0.353304,0.001521,-0.25,0.0,0.9283,0.7118,0.002098,0.002179,0.003917,3.670539,14.728953,0.00055221
3735552000,808872.3,-0.002271,0.330043,0.001602,-0.248047,0.0,0.9281,0.7128,0.002427,0.0021,0.00347,4.070733,14.159572,0.00053469
3736338432,807122.0,-0.003409,0.319969,0.001511,-0.238281,0.0,0.9277,0.7122,0.002316,0.002544,0.003814,3.562415,15.118996,0.00061205
3737124864,805619.5,0.001774,0.264405,0.001518,-0.245117,0.0,0.928,0.7157,0.001618,0.002656,0.004361,3.571747,15.152662,0.00060341
3737911296,804074.6,-0.002399,0.252732,0.001521,-0.248047,0.0,0.9282,0.7186,0.001912,0.002488,0.004149,3.621127,15.210091,0.0005542
3738697728,799487.7,0.003335,0.236105,0.00158,-0.248047,0.0,0.9281,0.72,0.002396,0.002093,0.003668,3.613595,15.103184,0.00056525
3739484160,797947.9,-0.003861,0.168273,0.001638,-0.239258,0.0,0.9277,0.7211,0.001754,0.002026,0.004514,3.715954,14.864052,0.00056761
3740270592,796436.5,-0.000216,0.190282,0.001614,-0.239258,0.0,0.9276,0.7235,0.001786,0.002205,0.003025,3.896973,14.96392,0.00054414
3741057024,792512.4,-0.000297,0.277226,0.001623,-0.248047,0.0,0.9276,0.7234,0.001861,0.002014,0.002937,3.542104,15.853221,0.00048244
3741843456,791020.3,-0.007044,0.20445,0.001382,-0.243164,0.0,0.9274,0.7264,0.001959,0.002585,0.003726,3.66225,15.596983,0.00055612
3742629888,789517.1,-0.001226,0.260367,0.001456,-0.239258,0.0,0.9276,0.7308,0.0022,0.00252,0.003452,3.838916,15.067786,0.00054205
3743416320,787950.0,-0.004674,0.310748,0.001491,-0.242188,0.0,0.9278,0.731,0.001812,0.002152,0.003665,3.568174,14.917702,0.00056471
3744202752,783840.3,0.001552,0.253766,0.001592,-0.232422,0.0,0.9276,0.7292,0.001701,0.002116,0.003007,3.512985,14.38797,0.00052966
3744989184,782352.3,0.004667,0.259816,0.00151,-0.228516,0.0,0.9275,0.7285,0.002032,0.002196,0.003454,3.274234,15.292534,0.00055969
3745775616,780888.4,0.009812,0.349408,0.001609,-0.245117,0.0,0.9272,0.7263,0.001752,0.002363,0.003756,3.614465,15.499134,0.0005263
3746562048,776626.4,-0.00138,0.343534,0.001715,-0.24707,0.0,0.9261,0.7215,0.001798,0.001994,0.003382,3.711666,15.74791,0.0005089
3747348480,775204.4,-0.000968,0.356094,0.001824,-0.244141,0.0,0.9261,0.7246,0.002077,0.002828,0.003705,3.865918,15.189352,0.00058247
3748134912,773757.9,0.00131,0.304839,0.001841,-0.235352,0.0,0.9258,0.7265,0.001864,0.002155,0.003152,3.81872,14.995479,0.0005804
3748921344,772321.8,-0.000741,0.295618,0.00175,-0.246094,0.0,0.926,0.7284,0.002355,0.002712,0.00369,3.749982,14.937241,0.00061597
3749707776,768036.8,7.9e-05,0.417373,0.001647,-0.255859,0.0,0.9266,0.7311,0.001658,0.002335,0.003964,3.720754,15.372831,0.00053261
3750494208,766626.9,0.000757,0.34472,0.001542,-0.243164,0.0,0.9264,0.7321,0.002566,0.00254,0.00419,3.644624,15.197981,0.00055539
3751280640,765107.4,0.002281,0.345727,0.001564,-0.257812,0.0,0.9263,0.7342,0.001638,0.002642,0.003267,3.744524,15.285713,0.00052578
3752067072,761281.7,0.001764,0.242404,0.001561,-0.255859,0.0,0.9256,0.7316,0.001365,0.00217,0.003777,4.041184,13.971931,0.00054295
3752853504,759850.4,-0.007343,0.312988,0.001588,-0.261719,0.0,0.9253,0.7302,0.001899,0.001969,0.003786,3.906708,14.496882,0.00053265
3753639936,758483.7,0.003635,0.261987,0.001595,-0.259766,0.0,0.9246,0.7276,0.00205,0.002232,0.003477,3.622639,15.542819,0.00058072
3754426368,757120.6,0.003157,0.243193,0.001606,-0.248047,0.0,0.9245,0.7317,0.00198,0.002059,0.003347,3.833164,15.515396,0.00051961
3755212800,752273.2,-0.001797,0.344039,0.001674,-0.265625,0.0,0.9238,0.7312,0.002288,0.0025,0.00361,3.878605,15.582626,0.00059504
3755999232,750957.5,0.008213,0.244606,0.001646,-0.24707,0.0,0.9233,0.7332,0.002235,0.00288,0.003458,3.846992,15.118923,0.00065064
3756785664,749642.9,0.000736,0.268823,0.001626,-0.253906,0.0,0.9226,0.7335,0.001635,0.00237,0.003562,3.906916,15.09851,0.00056913
3757572096,748257.8,-0.000399,0.223556,0.001617,-0.25,0.0,0.9228,0.7355,0.002542,0.002664,0.003551,3.932592,14.842001,0.00053386
3758358528,742011.5,-0.002443,0.241387,0.00155,-0.249023,0.0,0.9225,0.737,0.002121,0.002422,0.003344,3.588985,15.398497,0.00051198
3759144960,740718.5,0.002274,0.239343,0.001532,-0.255859,0.0,0.9224,0.7393,0.001462,0.002779,0.004084,3.69777,15.126266,0.0005389
3759931392,739399.8,0.003329,0.201177,0.001459,-0.259766,0.0,0.9217,0.7403,0.001919,0.002306,0.003408,3.970964,15.096758,0.00055204
3760717824,734031.2,0.002796,0.177789,0.00146,-0.249023,0.0,0.9207,0.7403,0.002018,0.002207,0.00306,3.753918,14.117157,0.00052665
3761504256,732777.5,-0.000728,0.241367,0.001422,-0.248047,0.0,0.9201,0.7417,0.001554,0.0019,0.002813,3.648098,14.159172,0.00059161
3762290688,731501.7,0.002293,0.282224,0.001426,-0.261719,0.0,0.9197,0.743,0.001791,0.002322,0.003225,3.722505,15.136061,0.00058575
3763077120,730247.4,-0.000338,0.243328,0.001473,-0.267578,0.0,0.919,0.7434,0.002617,0.002588,0.004056,3.66911,15.250209,0.00056279
3763863552,724064.1,0.004108,0.279267,0.001639,-0.277344,0.0,0.9174,0.7399,0.002516,0.002364,0.003149,3.993776,14.797327,0.00056136
3764649984,722832.6,0.001792,0.271303,0.001676,-0.265625,0.0,0.9164,0.7375,0.003031,0.002924,0.004286,4.119827,14.69541,0.00058737
3765436416,721613.1,0.001026,0.343302,0.001675,-0.265625,0.0,0.915,0.7334,0.001902,0.002033,0.002745,4.16658,14.669327,0.00065351
3766222848,716355.2,0.002169,0.288779,0.001558,-0.255859,0.0,0.9142,0.7316,0.001425,0.002296,0.003375,3.707664,16.243078,0.00057666
3767009280,715173.2,-0.001806,0.256416,0.001537,-0.255859,0.0,0.9132,0.7293,0.00205,0.002754,0.003882,3.816047,16.022305,0.00057961
3767795712,713979.9,0.005615,0.26744,0.001495,-0.257812,0.0,0.9132,0.729,0.002083,0.002581,0.00378,4.208823,16.03697,0.00053722
3768582144,712755.5,-7.7e-05,0.22352,0.001551,-0.255859,0.0,0.9127,0.7279,0.00192,0.00209,0.003451,4.065482,15.78992,0.00050898
3769368576,708441.1,-0.004956,0.290258,0.001587,-0.248047,0.0,0.9126,0.7264,0.001906,0.001919,0.00287,4.042916,15.078794,0.00057344
3770155008,707245.4,-0.00011,0.32033,0.00176,-0.25,0.0,0.9128,0.7262,0.002494,0.002377,0.003392,3.61818,16.286655,0.00063431
3770941440,706097.7,0.005636,0.332752,0.001726,-0.237305,0.0,0.9127,0.7262,0.002937,0.002952,0.00363,3.929481,16.286728,0.00066314
3771727872,703078.9,0.000902,0.257264,0.001702,-0.242188,0.0,0.9127,0.7266,0.001999,0.002285,0.003318,3.85157,16.515343,0.0005884
3772514304,701914.4,-0.003302,0.288313,0.001768,-0.239258,0.0,0.9132,0.73,0.002216,0.002717,0.003761,3.675103,15.93684,0.00060572
3773300736,700765.1,-0.008651,0.259526,0.001701,-0.235352,0.0,0.914,0.7326,0.001761,0.00239,0.003061,3.783908,15.534717,0.00059486
3774087168,699622.4,0.003903,0.266415,0.001646,-0.232422,0.0,0.9134,0.7325,0.001532,0.002543,0.003415,3.937735,15.367323,0.00055857
3774873600,696438.4,-0.001517,0.340344,0.001646,-0.237305,0.0,0.9126,0.7306,0.001961,0.002453,0.004037,3.72873,16.234451,0.00054957
3775660032,695290.9,0.001222,0.404663,0.001617,-0.245117,0.0,0.9118,0.7267,0.001989,0.003204,0.003708,3.831219,16.017385,0.00052084
3776446464,694181.6,-0.001198,0.308585,0.001609,-0.248047,0.0,0.911,0.7244,0.001698,0.002645,0.003598,3.726896,15.74855,0.00059147
3777232896,690508.1,0.001031,0.374009,0.001693,-0.251953,0.0,0.9109,0.7239,0.001705,0.002298,0.003018,3.617728,15.020638,0.00056912
3778019328,689366.5,0.00654,0.212768,0.001437,-0.227539,0.0,0.9108,0.7244,0.001867,0.002272,0.003156,3.737471,15.289886,0.00064818
3778805760,688263.5,0.00035,0.2144,0.001467,-0.233398,0.0,0.9117,0.7283,0.001746,0.001779,0.002773,3.620812,15.81708,0.00059982
3779592192,687157.5,-0.005685,0.204084,0.001398,-0.223633,0.0,0.9119,0.732,0.001513,0.002122,0.003223,3.583171,15.961322,0.00055085
3780378624,684100.4,-0.004904,0.223584,0.00151,-0.240234,0.0,0.9124,0.7339,0.001681,0.00233,0.003442,3.651789,15.684278,0.00054042
3781165056,682981.2,0.000169,0.273576,0.00153,-0.240234,0.0,0.9123,0.7318,0.002154,0.002098,0.003454,3.765579,15.316601,0.00055696
3781951488,681898.1,0.004978,0.341199,0.001568,-0.239258,0.0,0.9121,0.7303,0.001895,0.001897,0.002697,3.80616,15.233596,0.00052569
3782737920,680785.3,0.001516,0.260945,0.001465,-0.238281,0.0,0.912,0.7303,0.00199,0.002444,0.00374,3.530053,14.987415,0.00056416
3783524352,677950.6,0.005319,0.257828,0.001559,-0.237305,0.0,0.912,0.7304,0.00253,0.00264,0.003481,3.547723,16.042763,0.00059758
3784310784,676898.9,0.001843,0.208541,0.001602,-0.239258,0.0,0.912,0.7298,0.002721,0.002423,0.003904,3.477373,15.712276,0.00053219
3785097216,675813.8,0.006846,0.175803,0.001542,-0.229492,0.0,0.9122,0.732,0.002092,0.002255,0.003254,3.638052,15.617035,0.00056162
3785883648,672955.1,-0.007204,0.188403,0.001581,-0.237305,0.0,0.9128,0.7332,0.001874,0.002195,0.003383,3.872237,14.991587,0.00050674
3786670080,671882.9,0.001906,0.296403,0.001596,-0.235352,0.0,0.9135,0.7321,0.002076,0.002487,0.003517,3.733894,15.013247,0.00055788
3787456512,670840.2,-0.011017,0.246717,0.001567,-0.232422,0.0,0.914,0.732,0.001695,0.002219,0.002497,3.490145,15.98745,0.00063607
3788242944,669802.7,0.002623,0.238705,0.001564,-0.231445,0.0,0.9152,0.7331,0.001689,0.002368,0.00276,3.468844,15.948072,0.00056675
3789029376,666765.1,-0.002022,0.448497,0.001585,-0.246094,0.0,0.9163,0.7316,0.002057,0.002517,0.002778,3.745257,15.49657,0.00053899
3789815808,665738.1,-0.000302,0.288163,0.001518,-0.245117,0.0,0.9176,0.732,0.001916,0.002827,0.003372,3.565745,15.386622,0.00056916
3790602240,664668.5,-0.002828,0.372185,0.001494,-0.251953,0.0,0.9193,0.734,0.001585,0.002182,0.002407,3.680367,14.885848,0.00056527
3791388672,661792.3,-0.005378,0.367024,0.001566,-0.251953,0.0,0.9202,0.7337,0.002113,0.002289,0.003046,3.683055,15.66328,0.00051187
3792175104,660779.8,-0.000842,0.316199,0.001535,-0.245117,0.0,0.9223,0.7383,0.001912,0.002533,0.003735,3.610556,15.711558,0.00058594
3792961536,659752.9,0.000618,0.3074,0.001526,-0.249023,0.0,0.9232,0.7371,0.001521,0.002153,0.002748,4.054813,15.507925,0.00065005
3793747968,658749.2,0.007001,0.336808,0.001581,-0.255859,0.0,0.9236,0.7356,0.001932,0.002287,0.003015,3.78813,15.557315,0.00060417
3794534400,655871.1,-0.002852,0.387987,0.001558,-0.255859,0.0,0.924,0.7346,0.002294,0.00283,0.003733,4.032999,14.879486,0.0006122
3795320832,654859.3,-0.001369,0.230052,0.001476,-0.242188,0.0,0.9237,0.7343,0.00179,0.002329,0.002919,3.68418,16.165354,0.00062953
3796107264,653857.6,-0.006175,0.151607,0.001432,-0.235352,0.0,0.924,0.7384,0.001522,0.002139,0.003035,3.674558,16.339108,0.00056472
3796893696,651303.3,-0.000769,0.259191,0.001466,-0.255859,0.0,0.9241,0.7405,0.00161,0.002053,0.003247,3.913393,16.040524,0.0004934
3797680128,650330.7,0.006684,0.398448,0.001523,-0.267578,0.0,0.9245,0.7397,0.001802,0.003139,0.00375,3.845364,15.438833,0.0005423
3798466560,649325.2,0.003173,0.339832,0.001425,-0.255859,0.0,0.9245,0.7379,0.002073,0.002722,0.003765,3.971301,15.401919,0.00058974
3799252992,648359.2,-0.003526,0.321207,0.001426,-0.263672,0.0,0.9245,0.7371,0.001672,0.00271,0.003802,4.274168,15.091705,0.00059603
3800039424,646052.8,0.002231,0.345381,0.001591,-0.253906,0.0,0.9246,0.7341,0.001607,0.003026,0.004575,3.737328,16.309341,0.00052178
3800825856,645101.3,0.002073,0.334973,0.001589,-0.253906,0.0,0.9253,0.7368,0.001423,0.002138,0.002996,3.905201,16.343567,0.00065652
3801612288,644157.9,0.005548,0.308061,0.001558,-0.246094,0.0,0.9263,0.7408,0.001983,0.002548,0.004024,4.060277,15.92791,0.00060324
3802398720,641266.1,0.005893,0.327896,0.001625,-0.253906,0.0,0.9269,0.7426,0.00224,0.002222,0.003715,4.255874,15.507439,0.00057968
3803185152,640334.9,0.002266,0.353046,0.001792,-0.255859,0.0,0.9269,0.7407,0.001756,0.001978,0.002759,4.093933,15.529198,0.00070563
3803971584,639365.2,-0.001225,0.381911,0.00165,-0.253906,0.0,0.9266,0.7368,0.001954,0.00237,0.003594,3.784941,16.33688,0.00071375
3804758016,638427.0,-0.006352,0.355009,0.001661,-0.251953,0.0,0.9258,0.7328,0.002673,0.002325,0.00392,3.808963,16.370842,0.0007014
3805544448,635122.3,0.001277,0.311777,0.001595,-0.255859,0.0,0.9252,0.7275,0.002339,0.002394,0.003735,3.868285,16.373283,0.00058187
3806330880,634207.2,0.002633,0.276433,0.001509,-0.251953,0.0,0.926,0.7282,0.001911,0.002282,0.003282,4.248762,16.146816,0.00061014
3807117312,633216.2,0.001542,0.287196,0.001487,-0.253906,0.0,0.9265,0.727,0.002017,0.001955,0.003483,4.318651,15.939402,0.00057954
3807903744,632314.8,0.004303,0.25068,0.001476,-0.25,0.0,0.9272,0.7277,0.001573,0.002225,0.003532,4.30084,15.692744,0.00061204
3808690176,629167.5,0.000325,0.382597,0.001818,-0.257812,0.0,0.9275,0.7265,0.001715,0.002342,0.003729,4.330101,16.408653,0.00064068
3809476608,628239.1,-0.000952,0.433728,0.001862,-0.269531,0.0,0.9279,0.7246,0.002409,0.003043,0.004194,4.482128,16.318771,0.0005977
3810263040,627355.5,0.003797,0.407033,0.001793,-0.257812,0.0,0.9281,0.7181,0.002544,0.002209,0.003311,4.23128,16.23053,0.00062514
3811049472,624849.6,0.002277,0.290265,0.001805,-0.24707,0.0,0.9277,0.716,0.001741,0.00217,0.003315,3.961173,15.505116,0.00060326
3811835904,623964.0,-0.003723,0.295083,0.001747,-0.246094,0.0,0.927,0.7139,0.00239,0.002225,0.003566,3.932839,15.405293,0.00059668
3812622336,623081.1,0.001773,0.245872,0.001729,-0.236328,0.0,0.9272,0.7154,0.002083,0.002271,0.003517,3.732955,16.612574,0.00064962
3813408768,622182.0,0.004678,0.249369,0.001671,-0.24707,0.0,0.9267,0.7154,0.002017,0.002362,0.003047,3.899726,16.027611,0.00059175
3814195200,619251.1,-0.004848,0.296604,0.001687,-0.243164,0.0,0.9264,0.7142,0.002052,0.003207,0.004655,3.980009,15.623243,0.0006705
3814981632,618328.8,0.004689,0.382599,0.001749,-0.241211,0.0,0.9265,0.7171,0.001548,0.001998,0.0028,3.959521,15.367386,0.00061697
3815768064,617470.5,0.002484,0.320624,0.001634,-0.248047,0.0,0.9262,0.7157,0.00207,0.002875,0.003865,4.223599,15.429657,0.00060757
3816554496,614056.7,-0.002511,0.354735,0.001515,-0.251953,0.0,0.9257,0.7136,0.001986,0.002485,0.003479,3.713559,16.507423,0.00059311
3817340928,613150.8,0.002433,0.412031,0.001589,-0.24707,0.0,0.9255,0.7122,0.002404,0.002208,0.003528,3.782398,16.220684,0.00058465
3818127360,612257.8,-0.009269,0.20908,0.001433,-0.240234,0.0,0.9244,0.7088,0.001802,0.002301,0.003339,3.620432,16.346018,0.00058524
3818913792,611394.6,0.000802,0.290043,0.001457,-0.242188,0.0,0.9239,0.7086,0.002184,0.002434,0.003948,3.823063,15.967921,0.00058824
3819700224,608237.6,0.008917,0.353671,0.001611,-0.246094,0.0,0.9231,0.7069,0.001846,0.002073,0.003041,3.719188,15.551392,0.00053666
3820486656,607403.4,-0.001047,0.258061,0.001621,-0.236328,0.0,0.9228,0.7081,0.002242,0.002222,0.003205,3.992719,15.616961,0.00056082
3821273088,606556.0,0.001296,0.324851,0.001804,-0.25,0.0,0.9226,0.7067,0.001742,0.002333,0.003243,3.69413,16.819237,0.00057663
3822059520,604113.0,-0.004175,0.330912,0.00171,-0.243164,0.0,0.9219,0.7036,0.002425,0.002617,0.003894,3.462244,17.029226,0.00055935
3822845952,603083.6,-0.005672,0.246479,0.001698,-0.239258,0.0,0.9209,0.6993,0.001488,0.002018,0.003542,3.975406,16.537014,0.00059178
3823632384,602231.0,0.003163,0.213576,0.001602,-0.241211,0.0,0.9204,0.7008,0.001636,0.002224,0.003897,3.927247,16.008678,0.00060711
3824418816,601407.7,-0.00531,0.202506,0.001786,-0.248047,0.0,0.9198,0.7014,0.002015,0.002095,0.003705,4.151463,16.181435,0.00056809
3825205248,598749.9,-0.001013,0.185978,0.001476,-0.246094,0.0,0.9191,0.7006,0.001675,0.002489,0.003234,3.92282,16.969048,0.00059187
3825991680,597924.7,0.003673,0.232655,0.00152,-0.244141,0.0,0.9191,0.7049,0.002767,0.00231,0.00334,3.996572,16.823065,0.00059095
3826778112,597132.8,-0.002931,0.148911,0.001412,-0.242188,0.0,0.9194,0.7084,0.00198,0.001907,0.003098,3.938983,16.433147,0.0005489
3827564544,594700.5,-0.00187,0.236992,0.001607,-0.248047,0.0,0.9189,0.7107,0.001459,0.001739,0.002946,4.180207,15.567007,0.0005607
3828350976,593855.8,0.003059,0.257669,0.001324,-0.242188,0.0,0.919,0.7119,0.001624,0.001893,0.00332,4.247512,15.870926,0.00060887
3829137408,593061.0,-0.00502,0.254285,0.001358,-0.248047,0.0,0.9191,0.7144,0.002012,0.002743,0.003599,3.886357,16.778152,0.00056871
3829923840,592257.2,0.007692,0.375435,0.001443,-0.255859,0.0,0.9189,0.714,0.001901,0.002525,0.003294,4.05933,16.904831,0.00051051
3830710272,589925.4,-0.005271,0.309961,0.001412,-0.248047,0.0,0.9193,0.716,0.001839,0.002068,0.003592,4.103855,16.767185,0.00056697
3831496704,589127.2,-0.005053,0.302875,0.001584,-0.246094,0.0,0.9193,0.7185,0.002101,0.002597,0.003753,4.076559,16.466209,0.00056596
3832283136,588346.3,-0.003137,0.22136,0.001426,-0.244141,0.0,0.9182,0.7178,0.002193,0.002246,0.00398,3.874487,16.130234,0.00056454
3833069568,587571.7,-6e-06,0.247505,0.001581,-0.25,0.0,0.9177,0.7201,0.001997,0.002123,0.003064,4.024914,15.956576,0.00048306
3833856000,585402.8,6.4e-05,0.248672,0.001653,-0.253906,0.0,0.9166,0.719,0.002222,0.00253,0.003415,4.008194,16.840872,0.00058433
3834642432,584610.6,0.003921,0.342363,0.001503,-0.257812,0.0,0.9159,0.7182,0.001535,0.002192,0.0031,4.140769,16.578152,0.00071728
3835428864,583844.0,0.001363,0.29571,0.001722,-0.25,0.0,0.9149,0.7179,0.001699,0.002423,0.003436,4.136579,16.380394,0.00057413
3836215296,581745.9,-0.000929,0.328399,0.00162,-0.248047,0.0,0.9133,0.7165,0.001731,0.001989,0.0035,3.939158,15.986036,0.00053925
3837001728,580998.1,-0.001221,0.217045,0.001633,-0.235352,0.0,0.9117,0.7171,0.002331,0.002011,0.00302,3.948836,15.707648,0.00059521
3837788160,580249.2,-0.003616,0.229087,0.001556,-0.233398,0.0,0.911,0.7187,0.002262,0.002417,0.003287,3.716131,17.117695,0.00060929
3838574592,579459.6,0.000789,0.276622,0.001546,-0.234375,0.0,0.9102,0.7181,0.002077,0.001783,0.002415,3.537139,16.906372,0.00056263
3839361024,577265.5,0.005069,0.367862,0.001405,-0.269531,0.0,0.9095,0.7162,0.002746,0.002229,0.004039,4.201712,16.75988,0.00053543
3840147456,576518.3,-5e-05,0.311788,0.001355,-0.271484,0.0,0.909,0.7122,0.001505,0.002041,0.003572,4.707594,16.259975,0.00058433
3840933888,575773.0,-0.001108,0.333746,0.001351,-0.265625,0.0,0.9086,0.7109,0.001445,0.002014,0.003369,4.743533,16.08366,0.00059018
3841720320,573803.5,0.006572,0.331875,0.001399,-0.261719,0.0,0.9082,0.7084,0.001672,0.002218,0.003147,3.828697,17.006092,0.00066358
3842506752,573043.0,0.007731,0.322901,0.001532,-0.25,0.0,0.9075,0.7095,0.001744,0.002215,0.004248,4.144893,16.953049,0.00064051
3843293184,572272.5,-0.006828,0.265453,0.001583,-0.248047,0.0,0.9071,0.7109,0.002131,0.002783,0.004486,4.136041,16.644049,0.00064428
3844079616,571513.1,-0.005339,0.176147,0.001591,-0.229492,0.0,0.9069,0.7142,0.001493,0.002077,0.003029,3.969468,16.607382,0.0006643
3844866048,569456.0,0.004482,0.224826,0.001633,-0.236328,0.0,0.9064,0.7166,0.001786,0.002184,0.003846,3.989326,16.245962,0.00064246
3845652480,568655.3,0.002911,0.172965,0.001598,-0.224609,0.0,0.9063,0.7194,0.002001,0.001936,0.002862,3.802725,16.292049,0.00066934
3846438912,567928.8,0.001413,0.288593,0.001575,-0.227539,0.0,0.9063,0.7209,0.001431,0.001817,0.002986,3.736354,17.135643,0.00064258
3847225344,565883.6,-0.001117,0.191864,0.001583,-0.229492,0.0,0.9063,0.7225,0.001968,0.002067,0.0033,3.762614,17.656723,0.00061617
3848011776,565170.5,-0.004136,0.166091,0.001344,-0.226562,0.0,0.9063,0.7237,0.002148,0.001829,0.002874,3.905995,17.105289,0.00062005
3848798208,564436.8,0.004195,0.265608,0.001348,-0.241211,0.0,0.9077,0.7299,0.001756,0.002274,0.003065,4.298811,16.581579,0.00062633
3849584640,563732.4,0.001716,0.197517,0.001358,-0.226562,0.0,0.9086,0.7317,0.001312,0.001651,0.002536,4.193653,16.550337,0.00064339
3850371072,561934.3,-0.007012,0.247536,0.001499,-0.232422,0.0,0.9089,0.7326,0.001426,0.001827,0.00357,3.676129,17.191782,0.00064427
3851157504,561214.4,-0.002649,0.28143,0.00155,-0.237305,0.0,0.91,0.7341,0.001671,0.002043,0.003538,3.664733,17.11795,0.00066827
3851943936,560513.7,0.001367,0.284963,0.001585,-0.240234,0.0,0.9112,0.7349,0.002096,0.002277,0.003084,3.656044,16.889847,0.00059224
3852730368,558774.0,-0.005116,0.237795,0.001635,-0.237305,0.0,0.9117,0.7368,0.001868,0.002509,0.002595,4.196275,16.057316,0.00058634
3853516800,558049.4,0.001773,0.422995,0.001675,-0.246094,0.0,0.9115,0.7306,0.002181,0.002708,0.003492,3.766251,16.256868,0.00061989
3854303232,557326.8,-0.002018,0.341235,0.001632,-0.242188,0.0,0.9119,0.7297,0.001623,0.002321,0.003073,3.810933,17.009514,0.00064253
3855089664,556654.8,-0.005573,0.242357,0.001647,-0.240234,0.0,0.9116,0.7269,0.001635,0.001938,0.003249,3.882728,17.127716,0.00065154
3855876096,554915.5,0.000118,0.254908,0.001544,-0.240234,0.0,0.9117,0.7279,0.002073,0.002345,0.003655,4.17905,17.091564,0.0005738
3856662528,554218.3,-0.006879,0.258758,0.001548,-0.248047,0.0,0.9122,0.7303,0.002209,0.002403,0.003956,4.241211,16.926823,0.00062924
3857448960,553496.8,-0.002934,0.247791,0.001504,-0.259766,0.0,0.9123,0.7303,0.002045,0.002489,0.003913,4.164171,16.513783,0.00058187
3858235392,551715.0,-0.006624,0.284567,0.001529,-0.239258,0.0,0.9129,0.7308,0.001896,0.002191,0.003344,4.575333,16.419357,0.00058058
3859021824,551014.6,-0.002503,0.308237,0.001534,-0.242188,0.0,0.9134,0.7315,0.001328,0.001723,0.002432,3.866059,17.252363,0.00052947
3859808256,550344.8,-0.004383,0.268926,0.001517,-0.238281,0.0,0.9147,0.7331,0.002369,0.002247,0.003362,4.133571,17.039127,0.00064739
3860594688,549657.0,0.000832,0.212014,0.001433,-0.231445,0.0,0.9162,0.737,0.001782,0.001972,0.003453,3.963515,16.840832,0.00058082
3861381120,548006.6,-0.008433,0.148261,0.001522,-0.235352,0.0,0.9169,0.7408,0.001901,0.00202,0.003418,4.087609,15.799232,0.00053275
3862167552,547310.3,0.001717,0.295878,0.001471,-0.253906,0.0,0.9174,0.7419,0.001568,0.002306,0.00301,4.01355,15.776263,0.00055172
3862953984,546591.4,-0.001801,0.308519,0.001452,-0.246094,0.0,0.918,0.7422,0.001767,0.002255,0.003145,4.080099,16.996387,0.0006007
3863740416,545938.6,-0.006602,0.310787,0.001497,-0.251953,0.0,0.9186,0.7421,0.001921,0.00224,0.003449,4.076579,16.80695,0.00059186
3864526848,544370.8,0.01079,0.184775,0.00158,-0.237305,0.0,0.9193,0.7429,0.00153,0.002513,0.003713,3.919191,16.662085,0.00064081
3865313280,543724.5,-0.00536,0.182363,0.001594,-0.232422,0.0,0.9199,0.7466,0.001458,0.001979,0.003005,3.868248,16.411198,0.00060582
3866099712,543077.1,0.003568,0.245679,0.00157,-0.228516,0.0,0.9208,0.7528,0.001305,0.001909,0.003,3.836406,16.453699,0.00060228
3866886144,541428.4,0.002463,0.222589,0.001663,-0.229492,0.0,0.9216,0.7563,0.001396,0.001962,0.003053,3.63739,17.034355,0.00059763
3867672576,540766.3,0.005491,0.358693,0.001699,-0.239258,0.0,0.9218,0.7574,0.002203,0.002672,0.003699,4.015653,16.966225,0.00054022
3868459008,540129.7,0.000156,0.342254,0.001686,-0.236328,0.0,0.9221,0.7576,0.002518,0.002937,0.00352,4.078751,16.758133,0.00062085
3869245440,539490.6,0.005264,0.238689,0.001699,-0.240234,0.0,0.9219,0.7568,0.002063,0.003024,0.003384,3.960459,16.534769,0.00063696
3870031872,537873.1,0.004555,0.242548,0.001794,-0.219727,0.0,0.9215,0.7554,0.002192,0.002192,0.003189,4.010907,16.318882,0.00061991
3870818304,537253.9,-0.002588,0.171067,0.001725,-0.228516,0.0,0.9214,0.7551,0.001601,0.001993,0.002763,3.910716,16.15473,0.00061663
3871604736,536621.5,0.000244,0.269802,0.001734,-0.235352,0.0,0.9212,0.7539,0.002939,0.002124,0.003074,3.802341,17.102526,0.00067585
3872391168,534965.4,0.008853,0.309678,0.001759,-0.241211,0.0,0.9208,0.7532,0.001865,0.002017,0.003003,4.200155,17.015211,0.00056961
3873177600,534299.8,0.00254,0.353747,0.001511,-0.261719,0.0,0.9199,0.7474,0.002143,0.002891,0.003682,4.586283,16.580618,0.00057639
3873964032,533656.7,0.004406,0.36339,0.001547,-0.265625,0.0,0.9187,0.7411,0.001485,0.002235,0.002926,4.477885,16.274891,0.00063905
3874750464,533032.4,-0.002557,0.342979,0.001496,-0.248047,0.0,0.917,0.7344,0.001988,0.002357,0.003106,4.368512,16.161552,0.00067731
3875536896,531437.1,-0.004183,0.32203,0.001681,-0.239258,0.0,0.9165,0.7345,0.00182,0.002404,0.003256,3.615683,17.263317,0.00060365
3876323328,530814.0,-0.001776,0.24859,0.001808,-0.238281,0.0,0.9154,0.7319,0.001991,0.002255,0.003246,3.960309,17.156803,0.00061789
3877109760,530160.9,-0.002232,0.319339,0.001814,-0.242188,0.0,0.9145,0.7304,0.001568,0.002039,0.003012,4.422011,16.519012,0.00067073
3877896192,528635.8,-0.00379,0.239189,0.001772,-0.244141,0.0,0.9136,0.7299,0.001589,0.00221,0.003104,3.949459,16.126095,0.00062971
3878682624,527993.9,0.001429,0.267155,0.001378,-0.242188,0.0,0.9134,0.7308,0.001625,0.002091,0.003337,4.26519,16.298357,0.00052976
3879469056,527388.1,0.000851,0.28833,0.001401,-0.242188,0.0,0.9131,0.7313,0.001568,0.001853,0.002517,4.066754,16.262461,0.00056408
3880255488,526783.9,0.004128,0.220198,0.001411,-0.236328,0.0,0.9125,0.7329,0.001532,0.001883,0.002852,3.988736,17.313513,0.0005451
3881041920,524951.4,0.001283,0.255631,0.001448,-0.237305,0.0,0.9129,0.7373,0.001441,0.002071,0.003275,3.984865,17.003345,0.00058069
3881828352,524314.4,0.000828,0.362252,0.00146,-0.241211,0.0,0.9131,0.7374,0.001758,0.00205,0.003015,4.248907,16.95977,0.00063231
3882614784,523711.6,0.000583,0.223739,0.001497,-0.227539,0.0,0.9134,0.739,0.00207,0.001518,0.002674,3.847827,17.123489,0.00054408
3883401216,522181.2,0.001834,0.232546,0.001425,-0.226562,0.0,0.9138,0.7419,0.001695,0.001906,0.003,4.252448,16.307781,0.00060441
3884187648,521589.7,-0.000452,0.338973,0.001454,-0.239258,0.0,0.9136,0.7408,0.001626,0.001992,0.002755,4.263356,17.375834,0.0005899
3884974080,520999.3,-0.00338,0.328724,0.001475,-0.237305,0.0,0.9133,0.7377,0.001979,0.002517,0.003336,3.892262,17.276218,0.00058953
3885760512,520410.2,0.00158,0.43264,0.001563,-0.255859,0.0,0.9134,0.7339,0.002728,0.003076,0.003498,4.514342,17.21142,0.00059436
3886546944,518773.6,-0.002201,0.414336,0.001643,-0.241211,0.0,0.9135,0.7282,0.002418,0.0026,0.003497,4.162689,16.444733,0.00061019
3887333376,518187.3,-0.005418,0.369855,0.00157,-0.228516,0.0,0.9131,0.7225,0.002001,0.001963,0.00251,4.112494,16.519878,0.00068645
3888119808,517573.9,0.000782,0.362458,0.001606,-0.230469,0.0,0.9131,0.7194,0.001731,0.001961,0.003238,3.645179,17.680876,0.00064749
3888906240,516975.8,-0.000695,0.332991,0.001564,-0.242188,0.0,0.9131,0.7188,0.002088,0.002203,0.00329,4.046453,17.608463,0.00060883
3889692672,515468.2,0.002748,0.342935,0.00166,-0.246094,0.0,0.9132,0.7192,0.001857,0.002466,0.004167,4.187456,17.402691,0.00062045
3890479104,514884.8,-0.004864,0.287008,0.001731,-0.246094,0.0,0.9132,0.7162,0.001689,0.002022,0.003606,4.191223,16.952137,0.0005329
3891265536,514307.6,-0.004441,0.300735,0.001731,-0.235352,0.0,0.9124,0.7127,0.001383,0.001852,0.002904,4.093311,16.833153,0.00067773
3892051968,512365.8,-0.000239,0.26844,0.001728,-0.231445,0.0,0.9123,0.7113,0.001895,0.0021,0.003191,3.656249,18.091732,0.00070651
3892838400,511791.6,-0.000466,0.332041,0.001715,-0.232422,0.0,0.9117,0.7085,0.001928,0.002034,0.003082,3.835774,18.06081,0.00061229
3893624832,511217.9,0.00534,0.302695,0.001759,-0.248047,0.0,0.9118,0.7087,0.002449,0.002704,0.003573,4.132322,17.874418,0.00066021
3894411264,510652.5,0.000451,0.246799,0.001771,-0.241211,0.0,0.9128,0.7112,0.002299,0.002434,0.003941,4.374269,17.905586,0.0006464
3895197696,509118.2,-0.004719,0.260123,0.001582,-0.235352,0.0,0.9142,0.7159,0.001658,0.001726,0.002705,4.398287,17.378675,0.00057198
3895984128,508561.0,-0.001281,0.219365,0.001474,-0.243164,0.0,0.9158,0.7167,0.001482,0.0023,0.00355,4.293065,16.8543,0.00057869
3896770560,507970.1,0.008765,0.364893,0.001466,-0.246094,0.0,0.9173,0.7166,0.001493,0.002011,0.003277,4.05724,17.849163,0.00058886
3897556992,506532.4,0.004352,0.504305,0.001474,-0.253906,0.0,0.9181,0.7142,0.001382,0.001856,0.00269,4.333046,18.11591,0.00062466
3898343424,505950.6,-0.005954,0.24256,0.00145,-0.241211,0.0,0.9196,0.7173,0.001569,0.002259,0.003062,4.037732,17.348248,0.00064829
3899129856,505391.4,-0.003844,0.290888,0.001436,-0.246094,0.0,0.9216,0.7241,0.001649,0.002269,0.002655,4.458849,17.096428,0.00067504
3899916288,504700.4,0.000302,0.246161,0.001452,-0.237305,0.0,0.9229,0.728,0.002074,0.002057,0.002486,4.156698,16.987366,0.00058514
3900702720,503128.7,-0.001096,0.242477,0.001378,-0.237305,0.0,0.9236,0.7289,0.002106,0.002289,0.003519,3.963465,17.844765,0.00061524
3901489152,502482.6,-0.001278,0.238578,0.001352,-0.228516,0.0,0.9247,0.73,0.002179,0.002226,0.003063,3.979406,18.051849,0.0006402
3902275584,501931.3,-0.000873,0.245105,0.001444,-0.21875,0.0,0.9256,0.7302,0.001241,0.001773,0.002511,3.746036,18.046446,0.00057518
3903062016,498741.2,-0.005251,0.176279,0.001427,-0.219727,0.0,0.9262,0.7321,0.001274,0.001588,0.002688,4.027054,17.154608,0.00060531
3903848448,498169.1,-0.004518,0.249069,0.001372,-0.223633,0.0,0.9258,0.7295,0.001863,0.001922,0.003101,3.970045,17.242966,0.0006938
3904634880,497619.7,0.003613,0.288,0.001443,-0.223633,0.0,0.9261,0.7289,0.001363,0.002107,0.00315,3.977226,16.801458,0.00065043
3905421312,497086.1,0.000893,0.31843,0.001354,-0.235352,0.0,0.9259,0.7251,0.001823,0.002672,0.003686,3.958732,17.81554,0.00062377
3906207744,493115.6,0.001862,0.502024,0.001476,-0.255859,0.0,0.9261,0.724,0.001478,0.002348,0.003355,4.358183,17.837149,0.00057893
3906994176,492584.9,0.001355,0.382889,0.001525,-0.25,0.0,0.9262,0.7227,0.001902,0.002345,0.004117,4.207091,17.587894,0.00067705
3907780608,492028.7,0.002997,0.28082,0.001535,-0.237305,0.0,0.9257,0.7161,0.001856,0.002093,0.003454,4.213969,17.424109,0.00071096
3908567040,487814.6,-0.002917,0.301073,0.001516,-0.239258,0.0,0.9257,0.7143,0.001732,0.002086,0.002859,4.176453,16.275772,0.00071964
3909353472,487304.2,-0.000614,0.344254,0.001519,-0.234375,0.0,0.9251,0.7115,0.002011,0.002001,0.003029,3.958247,17.961176,0.00062997
3910139904,486790.7,-0.000151,0.366263,0.001431,-0.230469,0.0,0.9253,0.7125,0.001671,0.001915,0.002826,3.857724,17.69957,0.0006057
3910926336,486247.4,-0.001634,0.322299,0.001465,-0.232422,0.0,0.9258,0.7157,0.001589,0.002033,0.003387,3.854129,17.483349,0.00054971
3911712768,484572.6,-0.00178,0.398786,0.0016,-0.234375,0.0,0.9263,0.7189,0.001651,0.001975,0.003221,4.227826,17.238602,0.00064547
3912499200,484048.0,-0.000733,0.302758,0.001554,-0.232422,0.0,0.9274,0.7248,0.001435,0.002061,0.003018,4.169526,16.909245,0.00063264
3913285632,483518.9,0.009105,0.321472,0.00155,-0.235352,0.0,0.9283,0.7281,0.001595,0.00198,0.00258,3.915408,17.962715,0.0006464
3914072064,483015.7,0.000527,0.270158,0.001545,-0.237305,0.0,0.9283,0.7289,0.001556,0.001804,0.002755,4.15727,17.806755,0.0007157
3914858496,481629.7,0.005727,0.249704,0.00142,-0.228516,0.0,0.9286,0.7303,0.002394,0.00249,0.003992,4.140152,17.771053,0.00059279
3915644928,481135.9,-0.004829,0.210712,0.001415,-0.220703,0.0,0.9294,0.7324,0.00207,0.002239,0.003303,3.935418,17.936058,0.00067208
3916431360,480615.1,0.004185,0.280137,0.001434,-0.232422,0.0,0.9307,0.736,0.001618,0.001926,0.002869,3.95659,17.570738,0.00063228
3917217792,479184.1,-0.001559,0.200084,0.001422,-0.235352,0.0,0.9313,0.7377,0.001497,0.0018,0.00291,4.043697,18.03479,0.0005948
3918004224,478690.2,0.000383,0.267236,0.001546,-0.246094,0.0,0.9316,0.7393,0.00179,0.002298,0.003413,4.038672,17.622349,0.00061644
3918790656,478195.7,0.000282,0.276799,0.0015,-0.248047,0.0,0.9314,0.7378,0.001842,0.002079,0.003127,4.05226,17.509197,0.00056998
3919577088,477695.3,-0.002364,0.205037,0.001537,-0.253906,0.0,0.9312,0.738,0.001478,0.001597,0.0028,4.378839,17.183584,0.00061161
3920363520,476406.9,-0.008294,0.152953,0.001687,-0.232422,0.0,0.9306,0.7393,0.001985,0.001767,0.002227,4.286577,16.986519,0.00057908
3921149952,475909.7,0.005036,0.271259,0.001662,-0.232422,0.0,0.9308,0.7419,0.001858,0.001972,0.002936,4.237491,16.871426,0.00070929
3921936384,475432.3,-0.000736,0.153195,0.001641,-0.224609,0.0,0.9304,0.7415,0.001461,0.001691,0.002425,3.821654,17.999302,0.00071149
3922722816,474051.1,-0.00027,0.245159,0.00162,-0.230469,0.0,0.9308,0.749,0.001941,0.00164,0.00267,4.074735,18.281597,0.00068903
3923509248,473573.1,-0.002527,0.223047,0.001668,-0.225586,0.0,0.931,0.7501,0.00197,0.001982,0.003449,4.257304,18.050892,0.00066796
3924295680,473086.1,0.001842,0.281636,0.001624,-0.225586,0.0,0.9315,0.7536,0.001669,0.001667,0.002929,4.089873,17.938713,0.00066432
3925082112,472603.3,-0.005929,0.249899,0.001647,-0.229492,0.0,0.9318,0.7542,0.00128,0.001502,0.002566,4.116599,17.747505,0.00063317
3925868544,471320.8,0.000412,0.323498,0.001635,-0.222656,0.0,0.9316,0.7532,0.001507,0.001905,0.002655,3.761152,18.71101,0.00068013
3926654976,470852.9,-0.001002,0.250429,0.001531,-0.223633,0.0,0.9312,0.7515,0.001874,0.002056,0.002841,3.877189,18.55587,0.00072153
3927441408,470362.3,0.001098,0.239256,0.001636,-0.227539,0.0,0.9313,0.7524,0.00144,0.001877,0.003086,3.997707,18.281612,0.00063672
3928227840,469005.1,-0.004225,0.275419,0.001623,-0.239258,0.0,0.9307,0.7489,0.001601,0.001866,0.00279,4.118958,17.285648,0.00064952
3929014272,468527.2,6.3e-05,0.194258,0.001654,-0.225586,0.0,0.9308,0.75,0.001962,0.002147,0.003511,4.334748,17.192623,0.0007343
3929800704,468055.2,-0.001754,0.228727,0.001669,-0.224609,0.0,0.9304,0.7488,0.001972,0.001672,0.00263,4.027571,17.113594,0.00062078
3930587136,467583.2,-0.003402,0.215159,0.001672,-0.219727,0.0,0.9306,0.7501,0.002099,0.001517,0.002361,3.700123,18.086332,0.00070465
3931373568,466111.4,-0.001075,0.300129,0.001606,-0.225586,0.0,0.9305,0.751,0.001818,0.002222,0.002408,3.870895,18.043274,0.00066766
3932160000,465616.1,-0.003628,0.216,0.001561,-0.229492,0.0,0.9305,0.7557,0.001558,0.002008,0.002901,4.085948,18.034613,0.00063277
3932946432,465130.3,-0.001421,0.195402,0.001636,-0.227539,0.0,0.9306,0.7611,0.00139,0.001607,0.002489,3.976748,17.864403,0.00061568
3933732864,463698.2,-0.000879,0.195725,0.001531,-0.225586,0.0,0.9303,0.7639,0.001318,0.001641,0.002469,4.328681,16.485533,0.00065515
3934519296,463232.7,0.00322,0.33217,0.001479,-0.237305,0.0,0.9298,0.7636,0.002231,0.002383,0.003954,4.076297,18.291147,0.00063481
3935305728,462748.7,0.001736,0.335266,0.001564,-0.239258,0.0,0.9289,0.7616,0.001419,0.002152,0.003923,4.285147,18.312267,0.00065864
3936092160,462214.4,0.000429,0.265453,0.001594,-0.234375,0.0,0.9278,0.7597,0.001893,0.002201,0.00407,4.189467,18.327291,0.00064714
3936878592,460746.2,0.000888,0.275457,0.001523,-0.232422,0.0,0.927,0.76,0.001365,0.001635,0.003611,4.143133,17.965912,0.00062621
3937665024,460303.8,0.00518,0.242639,0.001518,-0.226562,0.0,0.9275,0.7644,0.001249,0.001829,0.003118,4.135028,17.851452,0.00059646
3938451456,459862.0,-0.001583,0.189088,0.00145,-0.226562,0.0,0.9272,0.7651,0.001403,0.001452,0.003192,4.146458,17.894817,0.00062223
3939237888,459394.4,0.002359,0.215651,0.001415,-0.234375,0.0,0.9265,0.7654,0.002327,0.001635,0.0027,4.258417,18.657415,0.00062671
3940024320,457201.1,-0.004217,0.23077,0.001551,-0.225586,0.0,0.9267,0.7667,0.002413,0.0026,0.004368,4.11985,18.510921,0.00060076
3940810752,456769.4,0.002784,0.205858,0.001463,-0.216797,0.0,0.9265,0.7658,0.002096,0.002206,0.003012,3.97173,18.341894,0.00066673
3941597184,456335.3,-0.000185,0.238263,0.001461,-0.220703,0.0,0.9266,0.7661,0.001513,0.00194,0.00239,4.227609,18.013294,0.00054327
3942383616,454461.3,0.000466,0.266397,0.001544,-0.227539,0.0,0.9254,0.7642,0.001497,0.001821,0.00227,4.070618,17.348057,0.00055534
3943170048,454020.7,-0.001692,0.245763,0.001589,-0.227539,0.0,0.9254,0.7645,0.001802,0.002539,0.003023,3.872173,18.732157,0.00068816
3943956480,453600.7,0.010098,0.252675,0.001599,-0.231445,0.0,0.9256,0.7667,0.001918,0.001946,0.002538,3.846122,18.652777,0.00069534
3944742912,453166.9,0.002533,0.221056,0.001617,-0.232422,0.0,0.9251,0.7665,0.001682,0.001812,0.002534,4.163405,18.235245,0.00064242
3945529344,451988.6,-0.000899,0.215863,0.001595,-0.236328,0.0,0.925,0.7666,0.001655,0.002052,0.003192,4.327785,18.05814,0.00074689
3946315776,451536.7,-0.001714,0.19163,0.00162,-0.231445,0.0,0.925,0.7674,0.001618,0.001901,0.003089,4.576205,17.685339,0.00064159
3947102208,451121.0,-0.003118,0.249508,0.001584,-0.243164,0.0,0.9252,0.7665,0.001542,0.002093,0.002788,4.122218,18.431919,0.00061533
3947888640,449925.3,0.000528,0.311785,0.00154,-0.248047,0.0,0.9244,0.764,0.001388,0.002077,0.002888,4.424791,18.866911,0.00063515
3948675072,449486.5,-0.000778,0.43893,0.001605,-0.257812,0.0,0.9233,0.756,0.001635,0.002226,0.00311,4.670395,18.198193,0.00072398
3949461504,449059.8,-0.005616,0.343174,0.001602,-0.259766,0.0,0.9236,0.7557,0.001756,0.001979,0.003053,4.594803,18.291195,0.00074603
3950247936,448642.1,-0.003677,0.445916,0.001547,-0.263672,0.0,0.9224,0.7471,0.001914,0.002254,0.003303,5.385544,17.608189,0.00064003
3951034368,447327.8,0.002454,0.319479,0.001651,-0.253906,0.0,0.9219,0.7454,0.001829,0.00205,0.002644,4.19047,18.584896,0.00075289
3951820800,446899.6,-0.001865,0.239852,0.001734,-0.236328,0.0,0.9214,0.7469,0.002056,0.002281,0.002918,4.117215,18.28706,0.00072109
3952607232,446461.7,0.001977,0.253532,0.001679,-0.224609,0.0,0.9209,0.7479,0.002487,0.002397,0.003093,4.163944,18.300636,0.00078829
3953393664,445348.8,0.00244,0.341607,0.001785,-0.229492,0.0,0.9198,0.7445,0.002667,0.002221,0.002938,4.277207,17.823711,0.00065793
3954180096,444940.9,-0.000264,0.222688,0.001467,-0.238281,0.0,0.92,0.7471,0.001775,0.002218,0.002966,4.285529,17.49543,0.00060958
3954966528,444527.4,-0.00199,0.237802,0.001477,-0.239258,0.0,0.9205,0.7489,0.001425,0.002138,0.003462,4.419423,17.457451,0.00061989
3955752960,444094.8,-0.009119,0.228259,0.001508,-0.248047,0.0,0.9208,0.751,0.001802,0.002208,0.003342,4.297511,18.49818,0.00063122
3956539392,443006.9,3.2e-05,0.323048,0.001515,-0.257812,0.0,0.9202,0.7486,0.001475,0.00214,0.002689,4.421164,18.534576,0.00060803
3957325824,442590.5,0.005591,0.217945,0.001502,-0.243164,0.0,0.9202,0.7473,0.00152,0.002288,0.003711,4.342584,18.371927,0.00071534
3958112256,442189.2,0.001097,0.261788,0.00148,-0.236328,0.0,0.9202,0.747,0.001644,0.001974,0.003184,4.519695,18.412987,0.00079223
3958898688,441044.5,-0.002874,0.23468,0.001451,-0.236328,0.0,0.9199,0.7437,0.001335,0.001882,0.002562,4.151658,16.497194,0.00069664
3959685120,440602.9,-0.001674,0.234337,0.001463,-0.222656,0.0,0.9202,0.7449,0.001974,0.002421,0.003492,4.085923,18.439461,0.00068865
3960471552,440174.8,-0.007561,0.329531,0.001442,-0.232422,0.0,0.9207,0.7464,0.002247,0.002582,0.003723,4.225927,18.450626,0.00062256
3961257984,439762.3,-0.007953,0.278528,0.001524,-0.234375,0.0,0.9218,0.7472,0.002044,0.002582,0.002832,3.998642,18.258596,0.00062455
3962044416,438678.2,-0.003267,0.362352,0.001628,-0.241211,0.0,0.922,0.7472,0.001695,0.00215,0.003714,4.627423,17.964664,0.00059383
3962830848,438289.5,0.001614,0.353364,0.001599,-0.239258,0.0,0.9221,0.745,0.001529,0.001626,0.002677,4.488224,17.7859,0.00065662
3963617280,437888.8,0.000497,0.382332,0.001635,-0.243164,0.0,0.9218,0.7372,0.001999,0.002127,0.002663,4.571496,17.62812,0.00076436
3964403712,437489.3,-0.005771,0.352957,0.001627,-0.238281,0.0,0.9222,0.735,0.001513,0.002332,0.004008,4.053913,18.632305,0.00072372
3965190144,436468.4,-0.0008,0.373728,0.001615,-0.240234,0.0,0.9221,0.7322,0.001617,0.002606,0.003616,3.979851,18.941011,0.0006983
3965976576,436045.8,0.000446,0.174746,0.001619,-0.222656,0.0,0.9219,0.7327,0.001865,0.0023,0.002851,4.229024,18.370182,0.00069713
3966763008,435654.9,-0.00075,0.232672,0.00153,-0.227539,0.0,0.9211,0.7315,0.002247,0.002127,0.003079,4.067667,18.190605,0.00065834
3967549440,434676.3,-0.001349,0.286949,0.001534,-0.224609,0.0,0.9213,0.7318,0.001616,0.001825,0.002521,4.134386,16.930393,0.00061126
3968335872,434291.9,0.001416,0.156894,0.001437,-0.213867,0.0,0.9209,0.7314,0.001277,0.001845,0.002747,3.599204,18.947788,0.00069797
3969122304,433890.6,0.001641,0.176436,0.00149,-0.220703,0.0,0.9205,0.732,0.001436,0.002075,0.003327,3.810964,18.757902,0.00067429
3969908736,433506.7,-0.000663,0.220792,0.001506,-0.224609,0.0,0.9202,0.7323,0.001449,0.001476,0.002535,4.053452,18.583706,0.00069195
3970695168,432497.3,0.002985,0.193352,0.001424,-0.224609,0.0,0.9202,0.7328,0.001378,0.001652,0.003627,4.086979,18.107664,0.00066871
3971481600,432106.3,-0.005652,0.190506,0.00136,-0.228516,0.0,0.9207,0.7352,0.00114,0.001893,0.00296,4.432152,17.939449,0.00059719
3972268032,431714.9,-0.003232,0.182307,0.00141,-0.233398,0.0,0.9208,0.7369,0.001555,0.001727,0.00305,4.253712,18.788841,0.00066343
3973054464,430562.6,-0.002096,0.23138,0.001421,-0.231445,0.0,0.9209,0.7398,0.001722,0.00182,0.003233,4.077487,19.255209,0.00067866
3973840896,430168.5,-0.001446,0.208441,0.001477,-0.229492,0.0,0.9211,0.7458,0.00194,0.001864,0.002779,4.086507,18.779812,0.00065062
3974627328,429759.7,-0.003939,0.170371,0.001408,-0.222656,0.0,0.9216,0.7538,0.001596,0.001954,0.003008,4.240641,18.520485,0.00059852
3975413760,429348.5,-0.001713,0.141692,0.001421,-0.22168,0.0,0.9222,0.7592,0.001605,0.001747,0.002307,4.198869,18.020712,0.00071319
3976200192,427905.6,6.7e-05,0.34193,0.001485,-0.234375,0.0,0.9229,0.7597,0.001554,0.001767,0.003382,4.070967,19.104506,0.00060546
3976986624,427511.7,0.004182,0.277776,0.001478,-0.229492,0.0,0.9239,0.7619,0.00168,0.002295,0.003545,4.202767,18.906952,0.0006923
3977773056,427126.0,0.003862,0.245773,0.001539,-0.22168,0.0,0.9249,0.7647,0.001511,0.001928,0.003473,3.913234,18.842964,0.00068422
3978559488,425570.4,-0.003217,0.261094,0.001581,-0.224609,0.0,0.9251,0.7643,0.001634,0.001977,0.002984,4.11746,18.325512,0.00067925
3979345920,425197.6,0.004321,0.288198,0.001516,-0.229492,0.0,0.9254,0.7644,0.001872,0.002414,0.003384,4.11402,18.041941,0.00069189
3980132352,424816.1,-0.002628,0.174667,0.00142,-0.224609,0.0,0.9252,0.7645,0.001983,0.001936,0.002906,4.358216,17.499039,0.00065606
3980918784,424437.1,0.004053,0.318789,0.001456,-0.248047,0.0,0.9253,0.7649,0.001383,0.001872,0.002665,4.151067,18.938156,0.00067345
3981705216,422765.5,-0.002078,0.224643,0.001458,-0.239258,0.0,0.9251,0.7665,0.001434,0.001825,0.002703,4.384919,18.609335,0.00063269
3982491648,422396.4,0.003586,0.271186,0.001499,-0.232422,0.0,0.9251,0.7677,0.001802,0.002621,0.003519,4.385575,18.178005,0.00069809
3983278080,422028.8,0.005752,0.336423,0.001485,-0.231445,0.0,0.9252,0.769,0.002163,0.002164,0.003258,4.419058,18.320646,0.00076902
3984064512,419808.0,0.006238,0.212602,0.001482,-0.226562,0.0,0.9248,0.7698,0.001683,0.002003,0.002837,4.500345,17.403362,0.00060607
3984850944,419457.5,-0.001156,0.197459,0.001515,-0.228516,0.0,0.9252,0.7731,0.001027,0.001497,0.002103,4.230373,19.047548,0.000655
3985637376,419101.9,0.001844,0.184268,0.001571,-0.22168,0.0,0.9244,0.7744,0.001865,0.001804,0.002836,4.067206,19.17057,0.00060612
3986423808,418746.9,-0.003966,0.272423,0.001595,-0.225586,0.0,0.925,0.7785,0.001578,0.001501,0.002255,4.031888,19.145737,0.00069148
3987210240,417310.7,0.005001,0.241378,0.001592,-0.226562,0.0,0.925,0.7812,0.001574,0.001597,0.002441,4.249946,18.743929,0.00057992
3987996672,416949.1,0.005414,0.287828,0.001484,-0.231445,0.0,0.9254,0.7872,0.001487,0.001776,0.003201,4.543625,18.514843,0.00059277
3988783104,416571.2,-0.0018,0.331503,0.001487,-0.245117,0.0,0.9257,0.7898,0.001649,0.002197,0.002998,4.51972,17.994999,0.00060489
3989569536,416214.9,-0.009184,0.225187,0.001506,-0.233398,0.0,0.9261,0.7925,0.00137,0.00177,0.002626,4.143849,19.206036,0.00069617
3990355968,414340.7,0.003783,0.239991,0.001464,-0.226562,0.0,0.9263,0.7925,0.001768,0.001991,0.00273,4.224975,18.958485,0.00064969
3991142400,413995.5,2.1e-05,0.170148,0.001536,-0.220703,0.0,0.9266,0.7938,0.00164,0.001612,0.002684,4.100236,19.067028,0.00060544
3991928832,413646.8,-0.009202,0.153704,0.001571,-0.210938,0.0,0.9266,0.7953,0.001855,0.001541,0.002397,4.204744,18.84988,0.00066644
3992715264,412146.3,0.001786,0.21847,0.001503,-0.216797,0.0,0.9272,0.7965,0.001769,0.001892,0.003451,4.048061,17.833096,0.00055046
3993501696,411794.3,-0.001586,0.263076,0.001446,-0.21875,0.0,0.927,0.7941,0.001188,0.001722,0.002821,3.911933,19.595053,0.00059118
3994288128,411435.7,0.00174,0.360746,0.001396,-0.225586,0.0,0.9275,0.7921,0.001389,0.002078,0.003474,4.059735,19.705076,0.00061937
3995074560,411090.9,0.006037,0.25183,0.001414,-0.21875,0.0,0.928,0.7925,0.001796,0.00202,0.003475,4.275677,19.59824,0.00066434
3995860992,409106.6,-0.00145,0.17077,0.001465,-0.222656,0.0,0.928,0.7926,0.001217,0.001702,0.00263,4.194597,19.185337,0.00058803
3996647424,408760.6,-0.003548,0.143749,0.001455,-0.222656,0.0,0.9283,0.7922,0.001523,0.00191,0.002794,4.375276,18.701595,0.00060144
3997433856,408414.0,-0.002689,0.186237,0.00141,-0.228516,0.0,0.9287,0.7932,0.001565,0.001475,0.002597,4.341445,18.596762,0.00067164
3998220288,406945.9,0.000382,0.20822,0.00149,-0.235352,0.0,0.9294,0.7951,0.001521,0.001945,0.002908,4.450542,19.62989,0.00069634
3999006720,406575.1,-0.000799,0.386458,0.001775,-0.255859,0.0,0.9289,0.7881,0.002068,0.002901,0.003319,4.716367,19.335056,0.00068384
3999793152,406239.7,0.002415,0.355211,0.001766,-0.251953,0.0,0.9295,0.7848,0.002117,0.002322,0.003099,4.846708,19.452694,0.00076931
4000579584,405912.6,-0.001443,0.362245,0.001778,-0.245117,0.0,0.9294,0.7779,0.001766,0.00223,0.003169,5.150127,19.328213,0.00068577
4001366016,380005.4,-0.005854,0.606595,0.001723,-0.251953,0.0,0.9288,0.7713,0.002082,0.001742,0.002507,4.762847,18.737106,0.0007038
4002152448,379723.3,0.001153,0.308273,0.00168,-0.239258,0.0,0.9281,0.7685,0.003607,0.002337,0.003258,4.520838,19.97312,0.00089787
4002938880,379414.0,0.004765,0.41679,0.00176,-0.237305,0.0,0.9273,0.7653,0.002055,0.002147,0.003134,4.595156,19.883492,0.0006972
4003725312,378736.0,0.00139,0.424542,0.001808,-0.243164,0.0,0.927,0.7639,0.002025,0.001991,0.003175,4.764284,19.301502,0.00071291
4004511744,378449.2,0.006566,0.168283,0.001441,-0.216797,0.0,0.9264,0.763,0.001936,0.001779,0.003457,4.311693,19.111944,0.00076877
4005298176,378174.4,0.001522,0.117344,0.001448,-0.209961,0.0,0.9269,0.7669,0.001147,0.00156,0.00259,4.277307,18.818153,0.00062371
4006084608,377890.2,-0.001469,0.13956,0.001352,-0.213867,0.0,0.9269,0.7677,0.001226,0.001738,0.002593,4.100465,19.424534,0.00070151
4006871040,377100.0,-0.002355,0.279731,0.001334,-0.226562,0.0,0.9272,0.7687,0.001717,0.001587,0.002454,4.066889,19.412605,0.0006634
4007657472,376816.5,-0.002449,0.274845,0.001332,-0.235352,0.0,0.9281,0.769,0.001648,0.002334,0.003491,4.29188,19.17981,0.00065272
4008443904,376485.3,-0.002099,0.22551,0.001312,-0.236328,0.0,0.928,0.7682,0.001325,0.001959,0.002672,4.654799,18.478996,0.00066257
4009230336,375803.8,-0.002999,0.236766,0.00136,-0.236328,0.0,0.9286,0.7701,0.001217,0.001903,0.002891,4.309588,17.368635,0.00064998
4010016768,375516.9,0.004156,0.277902,0.001413,-0.228516,0.0,0.9288,0.7692,0.001728,0.001927,0.00294,4.113003,19.230619,0.00062178
4010803200,375242.7,0.000836,0.258562,0.001413,-0.236328,0.0,0.929,0.7672,0.00128,0.002451,0.002982,4.122742,19.429943,0.00066033
4011589632,374964.6,-0.002261,0.251767,0.001423,-0.233398,0.0,0.9287,0.7661,0.001739,0.001949,0.003041,4.416389,19.07563,0.00064419
4012376064,374261.8,0.001498,0.247592,0.001481,-0.238281,0.0,0.9284,0.7652,0.002109,0.002038,0.002767,4.589667,18.91087,0.00059831
4013162496,373986.6,0.001257,0.25773,0.001418,-0.230469,0.0,0.9287,0.7659,0.001575,0.001825,0.003302,4.439737,18.813047,0.00058073
4013948928,373694.5,0.000605,0.313277,0.001443,-0.227539,0.0,0.9286,0.7671,0.00116,0.001949,0.002559,4.429402,18.744827,0.00069342
4014735360,373406.4,-0.004414,0.241444,0.001498,-0.217773,0.0,0.9287,0.7658,0.001497,0.002011,0.003024,4.255746,19.643085,0.00063188
4015521792,372720.1,-0.000943,0.303759,0.001577,-0.209961,0.0,0.9294,0.7669,0.001566,0.002259,0.003413,4.090083,20.047363,0.00061635
4016308224,372435.7,-0.002271,0.284409,0.001541,-0.209961,0.0,0.9299,0.7658,0.001385,0.002109,0.002676,3.872326,19.639698,0.00061855
4017094656,372167.6,-0.001185,0.232857,0.001578,-0.21582,0.0,0.9302,0.7646,0.001651,0.002171,0.002828,4.460101,19.230103,0.00055991
4017881088,371504.2,-0.000289,0.211083,0.001555,-0.211914,0.0,0.9295,0.7628,0.001335,0.001463,0.002606,4.457232,18.634796,0.00061026
4018667520,371239.3,-0.000275,0.189777,0.00132,-0.213867,0.0,0.9299,0.7661,0.001769,0.002205,0.003159,3.844817,20.328674,0.00057237
4019453952,370972.5,0.000708,0.133209,0.001343,-0.212891,0.0,0.9304,0.7685,0.00154,0.00196,0.00364,4.005893,20.231037,0.00056869
4020240384,370664.9,0.002025,0.132147,0.001296,-0.212891,0.0,0.9304,0.7685,0.001532,0.001925,0.002936,4.025789,20.317535,0.00058448
4021026816,369563.6,-0.005737,0.355391,0.001324,-0.232422,0.0,0.9309,0.7684,0.001504,0.001908,0.002662,4.461237,19.682806,0.00067022
4021813248,369286.9,-0.004262,0.247573,0.001321,-0.226562,0.0,0.9304,0.766,0.001849,0.001952,0.002634,4.552739,19.410736,0.00060611
4022599680,368985.0,-0.006655,0.189416,0.001268,-0.224609,0.0,0.9302,0.7693,0.001517,0.002103,0.002661,4.65363,19.254333,0.00061131
4023386112,368155.8,0.001741,0.194221,0.001339,-0.224609,0.0,0.9292,0.7707,0.001336,0.00184,0.002568,4.098812,20.296043,0.00064453
4024172544,367890.2,-0.007884,0.267238,0.001391,-0.230469,0.0,0.9293,0.776,0.001512,0.001725,0.002535,4.393569,19.758739,0.00067516
4024958976,367627.9,-0.005429,0.148497,0.001395,-0.22168,0.0,0.9289,0.7805,0.001671,0.001506,0.0028,4.57069,19.687447,0.00065433
4025745408,367356.6,0.001061,0.205842,0.001386,-0.227539,0.0,0.9289,0.7833,0.001981,0.001542,0.002566,4.413871,19.245951,0.00066162
4026531840,366564.3,-2.1e-05,0.217556,0.001443,-0.230469,0.0,0.9284,0.7834,0.001555,0.00194,0.00296,4.467864,18.588879,0.00064322
4027318272,366297.9,0.000187,0.233009,0.001502,-0.230469,0.0,0.9289,0.7855,0.002766,0.001842,0.00284,4.205045,20.014114,0.00071237
4028104704,366004.8,0.004025,0.24702,0.001511,-0.225586,0.0,0.9287,0.7828,0.001787,0.001991,0.002907,4.268192,19.612228,0.00062704
4028891136,365252.3,-0.004917,0.180207,0.001573,-0.225586,0.0,0.9284,0.7806,0.001661,0.001758,0.002788,4.167567,19.838888,0.00067038
4029677568,364981.4,0.005643,0.123249,0.001329,-0.206055,0.0,0.9292,0.7828,0.001693,0.001472,0.003128,4.258904,19.741308,0.00062137
4030464000,364692.8,0.003691,0.14787,0.001391,-0.208008,0.0,0.929,0.7841,0.001673,0.001597,0.003158,4.468065,19.513653,0.00055784
4031250432,364400.0,0.004238,0.139879,0.001339,-0.206055,0.0,0.9296,0.7878,0.00173,0.001477,0.002739,4.16238,20.127586,0.0005452
4032036864,363448.6,-0.0034,0.235531,0.001363,-0.211914,0.0,0.9301,0.7879,0.001374,0.001817,0.00286,4.13519,20.31319,0.00061839
4032823296,363188.5,-0.000104,0.249931,0.001362,-0.219727,0.0,0.9312,0.7898,0.001158,0.00217,0.003398,4.138981,20.072887,0.0006134
4033609728,362930.8,-0.004033,0.185367,0.001308,-0.222656,0.0,0.9319,0.7916,0.001221,0.001935,0.002894,4.356976,19.747021,0.0006325
4034396160,361861.1,-0.003472,0.157,0.001364,-0.219727,0.0,0.9328,0.7941,0.001198,0.001523,0.002528,4.747929,18.536257,0.00059907
4035182592,361611.8,0.001929,0.257005,0.00139,-0.224609,0.0,0.9325,0.7925,0.001399,0.002248,0.003065,4.117974,20.305227,0.00063835
4035969024,361362.5,-0.003235,0.223105,0.001377,-0.229492,0.0,0.9325,0.7929,0.001657,0.00185,0.003162,4.457166,19.936005,0.00067433
4036755456,361102.5,-0.009439,0.188505,0.001422,-0.226562,0.0,0.9325,0.7924,0.001792,0.001809,0.003115,4.51414,19.917177,0.00070036
4037541888,360287.0,-0.006399,0.16823,0.001402,-0.237305,0.0,0.9324,0.7924,0.001592,0.00179,0.002984,4.426493,19.366886,0.00066394
4038328320,360009.3,-0.003014,0.257027,0.001307,-0.230469,0.0,0.9333,0.7957,0.00118,0.001876,0.003112,4.623112,19.233982,0.00056984
4039114752,359715.7,0.00681,0.294076,0.001308,-0.238281,0.0,0.9336,0.7969,0.001347,0.002223,0.003505,4.545248,18.697218,0.00061958
4039901184,359447.0,-0.006031,0.210948,0.001305,-0.237305,0.0,0.934,0.7982,0.001493,0.001779,0.003117,4.484687,19.602282,0.00063568
4040687616,358677.4,-0.003108,0.323362,0.00143,-0.237305,0.0,0.9338,0.7966,0.001275,0.001796,0.002713,4.573584,19.655712,0.00066725
4041474048,358422.5,-0.007931,0.213086,0.00152,-0.226562,0.0,0.9349,0.7997,0.002103,0.002085,0.003227,4.546664,19.5569,0.00063203
4042260480,358164.2,-0.003981,0.231972,0.001603,-0.21582,0.0,0.9349,0.7972,0.001667,0.001679,0.00287,4.513103,19.734184,0.00063565
4043046912,357478.1,0.000282,0.247743,0.001588,-0.213867,0.0,0.9351,0.7955,0.001582,0.001701,0.002666,4.244069,19.102966,0.00055679
4043833344,357227.4,-0.000813,0.218064,0.001464,-0.224609,0.0,0.9351,0.7942,0.001612,0.001677,0.003357,4.21944,20.220707,0.00062469
4044619776,356978.1,-0.000865,0.25467,0.001531,-0.219727,0.0,0.9348,0.7923,0.001774,0.001847,0.003151,4.32742,20.27084,0.00059386
4045406208,356725.7,-0.003005,0.22397,0.001478,-0.21582,0.0,0.9351,0.7934,0.001591,0.00216,0.003191,4.374184,20.04715,0.00060556
4046192640,356046.1,0.006549,0.223511,0.00149,-0.208984,0.0,0.9351,0.7933,0.001554,0.001801,0.002624,4.351607,19.81962,0.00060518
4046979072,355803.2,-0.000887,0.188509,0.001431,-0.210938,0.0,0.9363,0.7947,0.001342,0.002012,0.00243,4.16904,19.584887,0.00062599
4047765504,355546.5,-0.005275,0.169708,0.001393,-0.213867,0.0,0.9371,0.7989,0.001205,0.001413,0.002387,4.203435,19.512976,0.00058812
4048551936,354797.4,0.000796,0.202368,0.00141,-0.224609,0.0,0.9375,0.8016,0.0015,0.001682,0.002687,4.444702,20.681625,0.0005866
4049338368,354546.6,0.001333,0.196025,0.001499,-0.234375,0.0,0.9382,0.8024,0.001172,0.001602,0.002575,4.484519,20.379589,0.00062591
4050124800,354305.4,-0.000456,0.248396,0.00152,-0.240234,0.0,0.9393,0.8037,0.001516,0.002009,0.003066,4.708745,19.906658,0.0007208
4050911232,354064.2,0.000743,0.162807,0.001528,-0.223633,0.0,0.9393,0.8037,0.001212,0.001513,0.002621,4.63496,20.043095,0.00066547
4051697664,353362.2,0.002098,0.335429,0.001552,-0.228516,0.0,0.9394,0.8042,0.001607,0.001921,0.002977,4.837179,19.221012,0.0007058
4052484096,353111.9,-0.000159,0.386694,0.001538,-0.236328,0.0,0.9388,0.7994,0.001543,0.001863,0.002893,4.340343,20.39743,0.00071863
4053270528,352857.1,-0.003807,0.313501,0.00146,-0.232422,0.0,0.9381,0.7957,0.001341,0.001589,0.00265,4.35938,20.102543,0.00067215
4054056960,352171.3,-0.002614,0.358978,0.001553,-0.242188,0.0,0.9367,0.7882,0.001368,0.001624,0.002487,4.559773,20.003147,0.00070033
4054843392,351927.5,0.004526,0.335407,0.00154,-0.234375,0.0,0.9364,0.7859,0.002181,0.002086,0.00338,4.717048,19.858597,0.00067726
4055629824,351674.9,-0.00122,0.303368,0.001573,-0.239258,0.0,0.9358,0.7824,0.002458,0.001722,0.003322,4.737944,19.52404,0.00065712
4056416256,351423.6,-0.003896,0.19002,0.001514,-0.231445,0.0,0.9351,0.78,0.001296,0.001868,0.002818,4.777134,19.527153,0.00064888
4057202688,350711.7,0.004102,0.332925,0.001575,-0.232422,0.0,0.9345,0.7789,0.002005,0.001766,0.003088,4.394173,20.539234,0.00068152
4057989120,350471.4,0.002035,0.264122,0.001493,-0.229492,0.0,0.934,0.7787,0.001706,0.001969,0.003321,4.563096,20.064754,0.00065819
4058775552,350205.1,0.005532,0.237641,0.001453,-0.237305,0.0,0.9339,0.7786,0.001677,0.001668,0.002781,4.765541,19.771557,0.00070208
4059561984,349334.7,0.007185,0.199813,0.001415,-0.242188,0.0,0.9341,0.7805,0.001419,0.001714,0.003021,4.684916,18.388067,0.0006013
4060348416,349099.8,-0.001978,0.181675,0.00134,-0.235352,0.0,0.9339,0.7816,0.001222,0.00169,0.003196,4.547976,18.889618,0.00064836
4061134848,348851.6,0.001055,0.238623,0.001367,-0.24707,0.0,0.9344,0.7824,0.001379,0.001582,0.002811,4.506289,20.109734,0.00066739
4061921280,348617.2,-0.001393,0.262573,0.001339,-0.245117,0.0,0.9337,0.7812,0.001376,0.002172,0.003438,4.714828,20.378717,0.00071559
4062707712,347910.9,0.000632,0.302253,0.001418,-0.244141,0.0,0.9334,0.7804,0.001491,0.001705,0.002843,5.077437,19.843769,0.00065727
4063494144,347675.1,0.000425,0.245267,0.001532,-0.237305,0.0,0.9325,0.7788,0.001917,0.002027,0.004453,4.750335,19.508755,0.00066514
4064280576,347416.5,-0.000261,0.251835,0.001523,-0.237305,0.0,0.932,0.7772,0.001727,0.002337,0.003506,4.765823,19.449345,0.00065177
4065067008,347170.0,-0.002991,0.181934,0.001428,-0.223633,0.0,0.9316,0.7771,0.001652,0.001753,0.003355,4.483745,20.509304,0.00077647
4065853440,346490.2,-0.007897,0.213376,0.00155,-0.222656,0.0,0.9309,0.7747,0.001252,0.001749,0.002257,4.494511,20.888304,0.00065653
4066639872,346255.1,0.002062,0.273482,0.001572,-0.227539,0.0,0.9304,0.7733,0.001983,0.002005,0.002784,4.603245,20.614355,0.00074578
4067426304,345997.8,0.003376,0.256834,0.001681,-0.22168,0.0,0.9297,0.771,0.001914,0.001726,0.003133,4.800329,20.537628,0.0007662
4068212736,345071.9,0.000338,0.264998,0.001595,-0.214844,0.0,0.9294,0.7694,0.001171,0.001719,0.003113,4.481232,19.51997,0.00069283
4068999168,344837.4,0.001118,0.258246,0.001415,-0.208984,0.0,0.9294,0.7697,0.001262,0.001819,0.002833,4.055469,21.234583,0.00069254
4069785600,344593.6,-0.000423,0.210118,0.001475,-0.206055,0.0,0.9294,0.7696,0.001546,0.001762,0.002673,3.979352,21.166765,0.00070604
4070572032,344353.2,-0.0027,0.20275,0.001469,-0.213867,0.0,0.9289,0.7684,0.001361,0.001436,0.00249,4.130184,20.905584,0.00064034
4071358464,343690.0,0.008145,0.222943,0.001501,-0.209961,0.0,0.929,0.7684,0.001682,0.00172,0.002421,4.36671,20.329197,0.00053345
4072144896,343450.7,0.006495,0.248736,0.001423,-0.207031,0.0,0.9291,0.7676,0.001489,0.001866,0.002857,4.08631,20.354208,0.00058598
4072931328,343221.1,-0.001041,0.221404,0.001442,-0.208008,0.0,0.9294,0.768,0.001953,0.001802,0.00271,4.329241,19.622723,0.00055102
4073717760,342599.4,0.00191,0.162747,0.001443,-0.214844,0.0,0.9293,0.7677,0.001254,0.001703,0.002644,4.115819,21.041679,0.00064078
4074504192,342380.9,0.001569,0.232772,0.001481,-0.21875,0.0,0.9303,0.7716,0.001478,0.001863,0.002803,4.235921,20.770844,0.0006567
4075290624,342164.2,0.00335,0.243014,0.001509,-0.225586,0.0,0.93,0.77,0.001348,0.001684,0.002731,4.639661,20.264807,0.00068706
4076077056,341938.7,-0.007805,0.138072,0.001459,-0.223633,0.0,0.9305,0.7722,0.001438,0.001687,0.002649,4.658325,20.012621,0.00067686
4076863488,341363.3,0.003526,0.25966,0.00141,-0.223633,0.0,0.9311,0.7777,0.001273,0.001641,0.003175,4.699307,19.373259,0.00065945
4077649920,341130.2,-0.000525,0.228151,0.001406,-0.230469,0.0,0.9318,0.7795,0.001541,0.001814,0.002676,4.275205,21.251019,0.0006708
4078436352,340892.5,0.002429,0.146435,0.001395,-0.228516,0.0,0.9328,0.7857,0.001611,0.001616,0.002853,4.535076,20.883083,0.0006463
4079222784,340206.9,-0.001596,0.203138,0.001445,-0.236328,0.0,0.9329,0.7881,0.001313,0.001648,0.002905,4.763247,20.861565,0.0006351
4080009216,339988.0,-0.004503,0.160137,0.001517,-0.237305,0.0,0.9325,0.7881,0.001954,0.001883,0.002741,4.802954,20.22064,0.00072005
4080795648,339768.3,-0.004175,0.271765,0.001441,-0.244141,0.0,0.9323,0.7883,0.001779,0.001683,0.002972,4.873504,19.605087,0.00075036
4081582080,339555.1,-0.001827,0.180525,0.001447,-0.233398,0.0,0.932,0.7878,0.001578,0.001882,0.003198,4.920161,19.510878,0.00067734
4082368512,338677.7,-0.002036,0.173822,0.00149,-0.231445,0.0,0.9325,0.7894,0.001323,0.001578,0.002422,4.362469,20.877575,0.0006743
4083154944,338462.6,-0.000894,0.270089,0.001505,-0.234375,0.0,0.9326,0.7907,0.001552,0.00148,0.002562,4.748477,20.339109,0.00067069
4083941376,338253.8,0.0029,0.191802,0.001537,-0.232422,0.0,0.9332,0.7911,0.001632,0.001787,0.002799,4.674902,19.974884,0.00061704
4084727808,337683.9,0.005784,0.139304,0.001524,-0.234375,0.0,0.9335,0.7922,0.001284,0.001219,0.002329,5.095335,18.626204,0.00066399
4085514240,337462.3,-0.002226,0.180144,0.00132,-0.240234,0.0,0.9337,0.7925,0.001554,0.001527,0.002458,4.937582,18.879421,0.00065014
4086300672,337235.7,-0.000786,0.285425,0.00127,-0.240234,0.0,0.9333,0.79,0.001401,0.001682,0.002638,4.589024,20.276691,0.00056725
4087087104,337004.7,-0.001283,0.173236,0.001307,-0.232422,0.0,0.9343,0.7927,0.001355,0.001784,0.002944,4.543616,20.123421,0.00064076
4087873536,336406.8,0.001934,0.221326,0.001414,-0.234375,0.0,0.9351,0.7944,0.002352,0.00245,0.003346,4.788974,19.845596,0.00065373
4088659968,336185.5,-0.00272,0.228398,0.001379,-0.229492,0.0,0.9356,0.7952,0.001361,0.001894,0.002837,4.754324,19.530106,0.00074101
4089446400,335960.7,-0.000173,0.241161,0.001454,-0.226562,0.0,0.9361,0.7964,0.001603,0.001918,0.002931,4.88567,19.431559,0.00065551
4090232832,335737.9,-0.002055,0.149379,0.001398,-0.209961,0.0,0.9358,0.7974,0.001895,0.002008,0.003015,4.278558,20.603214,0.00065452
4091019264,335100.3,-0.005908,0.205048,0.001468,-0.217773,0.0,0.9356,0.7975,0.002023,0.001603,0.002699,4.298291,20.827005,0.0006232
4091805696,334873.7,-0.006097,0.296079,0.001514,-0.225586,0.0,0.936,0.7987,0.001939,0.001705,0.003107,4.376657,20.359941,0.00075551
4092592128,334651.8,-0.00644,0.141756,0.001415,-0.21875,0.0,0.9358,0.8005,0.001526,0.001505,0.002094,4.403406,20.233988,0.00062144
4093378560,334036.0,0.008372,0.245045,0.001396,-0.235352,0.0,0.9357,0.8008,0.001828,0.001623,0.002665,4.900716,19.123434,0.00066536
4094164992,333817.5,-0.000459,0.21361,0.001429,-0.242188,0.0,0.9358,0.8016,0.001426,0.001927,0.003188,4.558357,20.130836,0.00070283
4094951424,333612.9,0.004741,0.23182,0.00151,-0.237305,0.0,0.9356,0.8012,0.001527,0.002012,0.002962,4.340694,20.506466,0.00069433
4095737856,333408.6,-0.003236,0.210469,0.001435,-0.236328,0.0,0.9344,0.7987,0.001329,0.001812,0.00275,4.482844,20.317921,0.00065645
4096524288,332812.9,-0.001611,0.139803,0.001487,-0.220703,0.0,0.9343,0.7993,0.00143,0.001763,0.002688,4.331215,20.143484,0.00075185
4097310720,332609.2,0.003445,0.204383,0.001457,-0.217773,0.0,0.9345,0.7998,0.00139,0.001631,0.002694,4.377034,19.700665,0.00069826
4098097152,332397.7,-0.001511,0.192227,0.00139,-0.214844,0.0,0.9339,0.7999,0.001394,0.001658,0.002776,4.577731,19.752989,0.00069072
4098883584,331802.6,0.002174,0.173367,0.001404,-0.216797,0.0,0.933,0.7987,0.001111,0.001653,0.002682,4.299457,21.088308,0.00071127
4099670016,331578.0,0.004631,0.165638,0.001374,-0.222656,0.0,0.933,0.8005,0.001499,0.001926,0.002673,4.411002,20.912931,0.00065027
4100456448,331376.6,-0.001116,0.127118,0.001371,-0.219727,0.0,0.9337,0.8044,0.000982,0.001265,0.002451,4.757751,20.626822,0.00064994
4101242880,331171.9,-0.001708,0.253452,0.001368,-0.239258,0.0,0.9343,0.8049,0.001232,0.00139,0.002089,4.680672,20.570156,0.00067001
4102029312,330603.1,-0.004449,0.171014,0.001377,-0.236328,0.0,0.9343,0.804,0.001416,0.00166,0.002598,4.920424,19.286465,0.00064081
4102815744,330399.1,-0.000413,0.229192,0.001319,-0.229492,0.0,0.9345,0.8035,0.001361,0.001734,0.002805,4.45346,20.733196,0.00076183
4103602176,330176.2,0.003984,0.254148,0.001348,-0.236328,0.0,0.9351,0.804,0.001333,0.001625,0.002764,4.642663,20.751404,0.00064549
4104388608,329556.5,0.001323,0.153999,0.001405,-0.229492,0.0,0.9352,0.8042,0.001565,0.001503,0.00256,4.522399,20.899338,0.00064224
4105175040,329350.0,-0.001107,0.275372,0.001352,-0.237305,0.0,0.9355,0.805,0.001435,0.001867,0.002442,4.592696,20.183197,0.00068406
4105961472,329141.4,0.004906,0.240019,0.001433,-0.228516,0.0,0.9358,0.8046,0.002089,0.001843,0.002628,4.876081,20.036659,0.00059582
4106747904,328945.2,0.00464,0.160539,0.001397,-0.225586,0.0,0.9362,0.8044,0.001704,0.001554,0.002246,4.59243,20.034248,0.00067214
4107534336,328081.1,-0.001741,0.180605,0.001263,-0.228516,0.0,0.9361,0.8053,0.001993,0.001754,0.002764,4.42691,20.570715,0.00061764
4108320768,327883.3,-0.003976,0.15765,0.001228,-0.220703,0.0,0.9373,0.8098,0.001431,0.001677,0.003346,4.552391,20.576006,0.00060645
4109107200,327686.3,-0.005327,0.13801,0.001249,-0.217773,0.0,0.9374,0.81,0.001316,0.001432,0.002905,4.329765,20.844666,0.00063422
4109893632,327107.1,0.002474,0.157679,0.001298,-0.208984,0.0,0.9386,0.817,0.001025,0.001507,0.002484,4.66617,19.60375,0.00060344
4110680064,326896.8,-0.000628,0.317247,0.001345,-0.216797,0.0,0.9389,0.8157,0.001205,0.00147,0.002679,4.680871,20.338509,0.00063547
4111466496,326690.3,0.005197,0.208299,0.00135,-0.21875,0.0,0.9393,0.8153,0.00157,0.001645,0.002064,4.278772,20.851057,0.0006007
4112252928,326486.5,-0.001657,0.242517,0.001295,-0.22168,0.0,0.9401,0.8182,0.001304,0.001495,0.002275,4.290119,21.06329,0.00065469
4113039360,325914.7,0.002346,0.250449,0.001433,-0.222656,0.0,0.9403,0.8173,0.001409,0.001762,0.002938,4.523689,20.825008,0.00061431
4113825792,325717.1,-0.006495,0.149867,0.001479,-0.216797,0.0,0.941,0.8185,0.001177,0.001507,0.002538,4.461386,20.496252,0.00061466
4114612224,325519.0,-0.001573,0.188284,0.001402,-0.22168,0.0,0.9411,0.8215,0.001163,0.001706,0.002512,4.799513,20.20541,0.00057534
4115398656,325318.0,0.002727,0.270224,0.001427,-0.228516,0.0,0.9415,0.8203,0.001428,0.001847,0.002898,4.843765,20.146069,0.0006552
4116185088,324465.4,0.004077,0.347979,0.001307,-0.236328,0.0,0.9417,0.8187,0.001317,0.001815,0.002629,4.569655,21.272108,0.00062293
4116971520,324262.6,-0.002266,0.209016,0.001373,-0.227539,0.0,0.942,0.8193,0.001245,0.001713,0.002624,4.49767,20.987432,0.000642
4117757952,324067.0,-0.001485,0.209801,0.001351,-0.22168,0.0,0.9422,0.8189,0.001493,0.001703,0.002264,4.704867,20.732801,0.00072879
4118544384,323422.6,0.000472,0.239413,0.001322,-0.224609,0.0,0.9423,0.8187,0.001042,0.001753,0.002548,5.151202,19.506138,0.00064903
4119330816,323227.4,0.001122,0.217069,0.001316,-0.219727,0.0,0.9427,0.8188,0.001428,0.001857,0.003303,4.731352,19.603947,0.00067472
4120117248,323031.0,-8.2e-05,0.279795,0.001308,-0.230469,0.0,0.9424,0.8148,0.001433,0.002024,0.002784,4.258575,21.073956,0.00068369
4120903680,322834.6,-0.000177,0.253375,0.001303,-0.231445,0.0,0.9426,0.8124,0.001473,0.001821,0.002773,4.375699,21.095196,0.00068909
4121690112,322158.4,-0.005472,0.221069,0.001548,-0.21582,0.0,0.9437,0.8144,0.002214,0.001642,0.002903,4.545489,20.499565,0.00068128
4122476544,321965.9,-0.003679,0.23903,0.001629,-0.213867,0.0,0.9432,0.8113,0.001696,0.001397,0.002368,4.499504,20.216183,0.00068696
4123262976,321767.6,-0.001531,0.164114,0.001542,-0.208984,0.0,0.9428,0.8093,0.001298,0.001493,0.002218,4.447645,20.1465,0.00078302
4124049408,321151.4,-0.001205,0.285105,0.001523,-0.219727,0.0,0.9427,0.809,0.001477,0.001535,0.002331,4.09681,21.424047,0.00076336
4124835840,320939.7,-0.006527,0.138336,0.001348,-0.211914,0.0,0.943,0.8105,0.001042,0.001573,0.002609,4.435138,21.091568,0.00058259
4125622272,320677.3,0.007592,0.205229,0.001394,-0.216797,0.0,0.9437,0.8136,0.001286,0.001519,0.002472,4.441511,20.85754,0.00057828
4126408704,320488.5,0.000215,0.150666,0.001392,-0.21582,0.0,0.9436,0.8142,0.001188,0.001481,0.002953,4.365519,20.687704,0.00054362
4127195136,319871.3,-0.003202,0.219739,0.001393,-0.222656,0.0,0.9437,0.8143,0.001018,0.001753,0.002842,4.773015,19.958611,0.00064685
4127981568,319661.8,-0.000888,0.18843,0.001421,-0.219727,0.0,0.9439,0.8155,0.00152,0.001842,0.002695,4.252749,20.966408,0.00065871
4128768000,319479.3,0.000442,0.158868,0.001423,-0.209961,0.0,0.9436,0.8149,0.001138,0.001629,0.00224,4.126919,21.171501,0.00069648
4129554432,318757.4,-0.001247,0.22626,0.001412,-0.220703,0.0,0.9438,0.8147,0.001432,0.001565,0.0022,4.085425,21.292585,0.00065733
4130340864,318573.5,0.00067,0.213308,0.00139,-0.212891,0.0,0.9436,0.8137,0.001861,0.001846,0.003621,4.595153,20.938559,0.00071088
4131127296,318386.6,-0.000961,0.253633,0.001398,-0.219727,0.0,0.9429,0.8088,0.001424,0.001547,0.003052,4.602019,20.447105,0.000716
4131913728,318204.4,0.010072,0.235546,0.001352,-0.22168,0.0,0.9425,0.807,0.001112,0.001712,0.002679,4.782206,20.295868,0.00072481
4132700160,317111.8,0.004428,0.219263,0.001277,-0.225586,0.0,0.9418,0.8031,0.001142,0.001995,0.002859,4.561285,20.844055,0.00063794
4133486592,316923.7,-0.00264,0.177057,0.00136,-0.226562,0.0,0.9417,0.8076,0.001472,0.001533,0.002486,4.537305,20.554104,0.00069248
4134273024,316738.7,-0.00137,0.153128,0.001247,-0.226562,0.0,0.9416,0.8104,0.001265,0.001377,0.002092,4.485701,20.293182,0.00064195
4135059456,315962.6,0.00362,0.136658,0.00132,-0.222656,0.0,0.9417,0.8133,0.001276,0.001264,0.002241,4.674029,19.161636,0.0006716
4135845888,315774.1,-0.003932,0.19061,0.001402,-0.225586,0.0,0.9419,0.8156,0.001435,0.001873,0.002709,4.761959,19.622343,0.00065695
4136632320,315592.7,-0.001792,0.206966,0.001276,-0.227539,0.0,0.9418,0.8151,0.001286,0.001578,0.002583,4.800243,20.632381,0.00058409
4137418752,315411.3,0.007,0.20798,0.001304,-0.230469,0.0,0.9418,0.8144,0.001564,0.001796,0.002926,4.453334,20.89473,0.00062646
4138205184,314737.7,-0.002603,0.223734,0.001359,-0.245117,0.0,0.9416,0.8149,0.001629,0.001535,0.002354,4.786481,20.691936,0.00064466
4138991616,314547.6,0.003786,0.166286,0.001436,-0.238281,0.0,0.9421,0.8175,0.001565,0.001752,0.00275,4.934161,20.169495,0.00068764
4139778048,314349.3,0.000158,0.201002,0.001361,-0.238281,0.0,0.9421,0.8171,0.001306,0.001501,0.00297,5.094884,19.827152,0.00074034
4140564480,314170.1,0.007557,0.225951,0.00144,-0.233398,0.0,0.9424,0.8175,0.001889,0.00157,0.002558,5.064374,20.055847,0.00067595
4141350912,313576.9,0.003582,0.177719,0.001232,-0.220703,0.0,0.9427,0.8188,0.001289,0.001582,0.002685,4.326081,20.57061,0.0006044
4142137344,313402.1,-0.000143,0.217162,0.001336,-0.219727,0.0,0.943,0.8216,0.001491,0.001906,0.002796,4.278804,20.532385,0.00066696
4142923776,313220.9,0.00221,0.228536,0.001268,-0.216797,0.0,0.9431,0.8225,0.001616,0.001707,0.002501,4.396334,20.544197,0.00065199
4143710208,312634.3,-0.000938,0.213135,0.001395,-0.21875,0.0,0.9431,0.8232,0.001225,0.001599,0.002398,4.802676,20.193218,0.00062516
4144496640,312447.4,6.9e-05,0.154005,0.001497,-0.21582,0.0,0.9431,0.8238,0.001294,0.001604,0.002706,4.653565,20.019909,0.00070984
4145283072,312270.4,0.000397,0.236229,0.001463,-0.225586,0.0,0.9424,0.821,0.001518,0.001653,0.00294,4.349146,21.522984,0.00062984
4146069504,312092.6,-0.00757,0.180286,0.001418,-0.230469,0.0,0.942,0.8194,0.001434,0.001775,0.00321,4.477405,21.218246,0.00070988
4146855936,311513.1,-0.00211,0.246164,0.001419,-0.235352,0.0,0.9424,0.8216,0.001699,0.001505,0.003119,4.923842,20.919151,0.00056968
4147642368,311334.5,0.00015,0.261698,0.001357,-0.225586,0.0,0.9419,0.8203,0.001446,0.001627,0.00262,4.726093,20.733128,0.00073596
4148428800,311161.9,0.002168,0.242254,0.001364,-0.235352,0.0,0.9415,0.8185,0.001579,0.001322,0.001972,4.857838,20.482275,0.00063272
4149215232,310525.4,0.006999,0.183872,0.001337,-0.231445,0.0,0.9414,0.8184,0.001439,0.001596,0.002706,4.557353,20.90321,0.00063577
4150001664,310353.8,0.000652,0.173412,0.001371,-0.220703,0.0,0.9414,0.8192,0.001794,0.002189,0.003376,4.492442,21.007404,0.00066754
4150788096,310181.6,0.000797,0.264948,0.001375,-0.233398,0.0,0.9403,0.8169,0.001575,0.001742,0.002385,4.499279,20.812027,0.00074171
4151574528,310009.6,-0.004348,0.22375,0.001384,-0.234375,0.0,0.9392,0.8147,0.001061,0.001495,0.002076,4.640179,20.419043,0.00062939
4152360960,309419.8,0.001005,0.192929,0.001296,-0.233398,0.0,0.939,0.8164,0.00109,0.001476,0.002281,4.825962,19.707306,0.00061188
4153147392,309246.4,-0.001773,0.143452,0.001198,-0.236328,0.0,0.9386,0.8169,0.001187,0.001488,0.002545,4.500389,20.390324,0.00066267
4153933824,309079.0,0.001915,0.185574,0.001214,-0.230469,0.0,0.9382,0.8182,0.001201,0.001308,0.002003,4.335519,20.520514,0.00065975
4154720256,308517.6,0.002503,0.185283,0.001414,-0.225586,0.0,0.9379,0.8202,0.00119,0.001427,0.002685,4.403746,21.193359,0.00061582
4155506688,308345.3,-0.002076,0.247035,0.001536,-0.222656,0.0,0.9371,0.817,0.001474,0.001347,0.002241,4.4016,20.605803,0.00063754
4156293120,308173.0,-0.001203,0.163803,0.001534,-0.217773,0.0,0.9365,0.8146,0.001692,0.00158,0.002521,4.475756,20.102987,0.00066271
4157079552,307989.9,-0.005133,0.208867,0.001523,-0.21582,0.0,0.9363,0.8124,0.001366,0.001463,0.002046,4.598258,20.121222,0.00069312
4157865984,307526.1,0.002429,0.251708,0.001479,-0.217773,0.0,0.9361,0.8103,0.001326,0.0019,0.002485,4.18693,20.974165,0.00062399
4158652416,307357.7,3.7e-05,0.168528,0.001409,-0.206055,0.0,0.9357,0.8078,0.001079,0.001735,0.002035,3.985625,21.231161,0.00069193
4159438848,307169.8,0.004621,0.171307,0.001473,-0.209961,0.0,0.936,0.8103,0.001727,0.001462,0.002251,4.384677,20.789516,0.00062842
4160225280,305969.3,-0.001282,0.145658,0.001544,-0.21582,0.0,0.9365,0.8117,0.00108,0.001615,0.00182,4.838346,20.044441,0.0006868
4161011712,305787.4,-0.009608,0.274435,0.001377,-0.232422,0.0,0.9366,0.8101,0.001624,0.001894,0.002613,4.946981,20.22263,0.00065263
4161798144,305610.6,-0.001117,0.299393,0.001397,-0.226562,0.0,0.9369,0.8078,0.001276,0.001867,0.002192,4.356533,21.434582,0.00070138
4162584576,305432.8,-0.00174,0.194638,0.001436,-0.226562,0.0,0.9372,0.8086,0.001284,0.001433,0.002497,4.452686,21.183323,0.00067828
4163371008,304712.3,-0.002476,0.227331,0.001527,-0.216797,0.0,0.9369,0.8062,0.001252,0.001718,0.002406,4.360041,20.751003,0.00060356
4164157440,304532.6,0.004228,0.231741,0.001616,-0.213867,0.0,0.937,0.8072,0.001365,0.001447,0.002353,4.453786,20.277779,0.00071052
4164943872,304344.1,0.001536,0.175501,0.001564,-0.205078,0.0,0.9368,0.8057,0.001277,0.001488,0.002506,4.342732,20.292084,0.00066625
4165730304,304158.5,-0.001,0.19837,0.001567,-0.217773,0.0,0.9368,0.8069,0.001198,0.001555,0.002117,4.479023,19.980324,0.00060444
4166516736,303247.0,0.003225,0.322285,0.001634,-0.224609,0.0,0.937,0.8065,0.002295,0.00163,0.003095,4.605402,21.147297,0.00070943
4167303168,303054.9,0.001375,0.332782,0.001613,-0.231445,0.0,0.9369,0.804,0.001505,0.002214,0.003216,4.677659,20.951363,0.0007243
4168089600,302802.8,0.00359,0.230689,0.001653,-0.230469,0.0,0.9368,0.802,0.001225,0.001633,0.002626,4.775392,20.724548,0.00066271
4168876032,302162.8,0.001937,0.310121,0.001648,-0.231445,0.0,0.9372,0.8012,0.001195,0.001456,0.002452,4.820796,20.275768,0.00067047
4169662464,301990.0,0.000784,0.204399,0.0016,-0.21875,0.0,0.9378,0.8032,0.001284,0.001734,0.002869,4.975838,20.048496,0.00068665
4170448896,301815.1,-0.000328,0.149152,0.001567,-0.207031,0.0,0.9371,0.8019,0.001321,0.001533,0.002695,4.338264,21.235287,0.0006579
4171235328,301645.9,-0.000796,0.259018,0.001482,-0.210938,0.0,0.9373,0.8029,0.001179,0.001563,0.002354,4.279445,21.363079,0.0006872
4172021760,301068.9,0.004707,0.268032,0.001594,-0.216797,0.0,0.937,0.8015,0.00165,0.001881,0.003387,4.55687,20.70887,0.00061872
4172808192,300902.7,-0.005512,0.234831,0.001477,-0.213867,0.0,0.9377,0.8021,0.001505,0.001426,0.002764,4.432348,20.496296,0.00060658
4173594624,300733.8,0.008264,0.286474,0.001492,-0.22168,0.0,0.9369,0.7983,0.001388,0.001388,0.002618,4.50629,20.282997,0.00066699
4174381056,300164.8,-0.002163,0.222465,0.001527,-0.212891,0.0,0.9375,0.7995,0.001704,0.001617,0.003194,4.268663,21.552608,0.00068193
4175167488,300005.7,-0.008427,0.205851,0.001527,-0.216797,0.0,0.9381,0.8,0.001835,0.001592,0.003521,4.346688,21.497055,0.0006125
4175953920,299841.6,-0.00466,0.221352,0.001423,-0.219727,0.0,0.938,0.7998,0.001421,0.001716,0.002944,4.374642,21.18298,0.00065372
4176740352,299680.9,0.004276,0.280031,0.001501,-0.225586,0.0,0.9377,0.7986,0.001688,0.001528,0.0026,4.531506,20.907728,0.00061132
4177526784,299097.9,0.007237,0.266749,0.001399,-0.230469,0.0,0.9383,0.7975,0.001188,0.001685,0.002429,4.976925,20.176701,0.00065701
4178313216,298934.7,-0.002737,0.24351,0.00133,-0.230469,0.0,0.9386,0.7959,0.001215,0.001762,0.002424,4.904647,20.17939,0.00060316
4179099648,298771.3,-0.001758,0.232647,0.001318,-0.244141,0.0,0.9391,0.7939,0.001987,0.002409,0.003856,4.602442,21.201132,0.00062976
4179886080,298189.4,0.00085,0.22205,0.001352,-0.231445,0.0,0.9393,0.793,0.00213,0.001605,0.002825,4.698335,21.574829,0.00063087
4180672512,298027.2,0.000332,0.300182,0.001421,-0.230469,0.0,0.9396,0.7939,0.001602,0.001556,0.002786,4.808457,20.986168,0.00077655
4181458944,297866.5,-0.001423,0.279298,0.001445,-0.232422,0.0,0.9395,0.7921,0.001969,0.002096,0.002799,5.005651,20.715994,0.00067435
4182245376,297700.9,0.012554,0.210201,0.001389,-0.22168,0.0,0.9392,0.7918,0.001588,0.001421,0.002467,4.893375,20.822683,0.00071746
4183031808,297193.1,-0.002408,0.272372,0.001286,-0.229492,0.0,0.9389,0.7901,0.001953,0.001634,0.002556,4.570824,21.068466,0.00070421
4183818240,297017.0,0.001055,0.232014,0.00128,-0.219727,0.0,0.939,0.7887,0.001603,0.001642,0.002675,4.450971,21.0467,0.0006626
4184604672,296851.7,-0.000725,0.196162,0.001249,-0.208008,0.0,0.939,0.7899,0.001335,0.001395,0.001934,4.571323,21.078518,0.00068649
4185391104,296358.9,-0.002711,0.178319,0.00129,-0.209961,0.0,0.939,0.7909,0.001442,0.001252,0.002112,4.520928,20.15271,0.00059616
4186177536,296199.8,0.00385,0.27438,0.001321,-0.213867,0.0,0.9392,0.7934,0.001942,0.001701,0.002346,4.532051,20.672497,0.00065287
4186963968,296041.4,-0.003959,0.171551,0.001173,-0.211914,0.0,0.9391,0.7937,0.001043,0.0014,0.002082,4.368436,21.25572,0.00057423
4187750400,295885.9,-0.001279,0.229597,0.001235,-0.212891,0.0,0.9394,0.7954,0.001199,0.001589,0.002704,4.423631,21.376324,0.00057155
4188536832,295399.7,-0.000322,0.276086,0.00132,-0.223633,0.0,0.9391,0.7949,0.001176,0.001607,0.002536,4.584782,21.639187,0.00059973
4189323264,295241.5,0.003166,0.16133,0.0014,-0.214844,0.0,0.9392,0.7956,0.001107,0.001385,0.002213,4.488001,21.227999,0.00063764
4190109696,295082.0,0.001145,0.230879,0.0014,-0.214844,0.0,0.9394,0.7985,0.000799,0.001506,0.001939,4.593579,20.909525,0.00065402
4190896128,294920.3,0.001936,0.185823,0.001459,-0.211914,0.0,0.9405,0.8056,0.000997,0.001525,0.002016,4.728284,20.714632,0.00065858
4191682560,294425.3,0.002441,0.211476,0.001416,-0.227539,0.0,0.9404,0.8048,0.001387,0.00154,0.003305,4.513786,21.743002,0.00060785
4192468992,294264.7,-0.004276,0.276309,0.001329,-0.238281,0.0,0.941,0.8059,0.001163,0.001867,0.002906,4.538369,21.419241,0.00059972
4193255424,294112.0,0.001618,0.270091,0.001356,-0.229492,0.0,0.9411,0.8036,0.001009,0.001658,0.002377,4.891631,21.199219,0.00079439
4194041856,293662.6,0.003211,0.241157,0.00147,-0.231445,0.0,0.9409,0.8009,0.001106,0.001549,0.002319,4.925953,20.389111,0.00062456
4194828288,293514.1,0.007233,0.264545,0.001588,-0.222656,0.0,0.9414,0.8025,0.001628,0.001792,0.002368,4.797585,19.752995,0.00066166
4195614720,293366.4,-0.00218,0.259743,0.001529,-0.225586,0.0,0.9418,0.8036,0.001248,0.001593,0.00208,4.199401,21.162821,0.0006549
4196401152,293215.4,0.002726,0.246553,0.001572,-0.22168,0.0,0.9422,0.8051,0.00116,0.001645,0.002204,4.432674,21.218304,0.00062017
4197187584,292770.5,0.00181,0.221725,0.001402,-0.219727,0.0,0.9425,0.8066,0.001453,0.001288,0.002041,4.781189,20.833197,0.00059402
4197974016,292621.7,-0.00429,0.098494,0.001312,-0.208008,0.0,0.9421,0.8067,0.00103,0.001295,0.002315,4.314103,20.825024,0.00062903
4198760448,292472.7,-0.001651,0.140054,0.001412,-0.198242,0.0,0.9428,0.8089,0.000951,0.001437,0.001981,4.182059,20.742119,0.00063531
4199546880,291989.1,-0.001448,0.150175,0.00135,-0.200195,0.0,0.9424,0.8082,0.001233,0.001425,0.00236,4.124702,21.098562,0.0006032
4200333312,291842.3,-0.006128,0.159746,0.001459,-0.201172,0.0,0.9426,0.8092,0.001235,0.001277,0.001979,4.216588,20.960278,0.0006209
4201119744,291694.1,0.004777,0.14589,0.001502,-0.201172,0.0,0.9426,0.8124,0.001338,0.001544,0.002544,4.048176,21.255722,0.00062779
4201906176,291547.3,-0.009567,0.11857,0.001459,-0.201172,0.0,0.9429,0.8171,0.001347,0.001273,0.002639,4.018225,21.194891,0.00064491
4202692608,291095.2,0.002545,0.260638,0.001335,-0.219727,0.0,0.9426,0.816,0.001144,0.001587,0.00229,4.65338,20.42646,0.00056764
4203479040,290940.2,-0.00527,0.204793,0.001357,-0.219727,0.0,0.9431,0.817,0.001127,0.001487,0.002236,4.752673,20.242191,0.00059954
4204265472,290787.6,-0.002274,0.218913,0.001408,-0.222656,0.0,0.9435,0.8175,0.001324,0.001786,0.003597,4.202245,21.43508,0.00058718
4205051904,290329.6,0.00333,0.23873,0.001401,-0.216797,0.0,0.9437,0.817,0.001587,0.001725,0.002658,4.240974,22.076267,0.00060991
4205838336,290144.3,-0.000357,0.268142,0.001498,-0.214844,0.0,0.944,0.8162,0.001178,0.001409,0.002445,4.298914,21.629568,0.0006899
4206624768,289993.7,0.001322,0.152122,0.001458,-0.206055,0.0,0.9439,0.8175,0.001301,0.001727,0.002722,4.634997,21.175564,0.00060898
4207411200,289844.0,-0.000989,0.189142,0.001386,-0.205078,0.0,0.9439,0.8184,0.00153,0.001416,0.003213,4.584089,21.132856,0.00057824
4208197632,289197.9,-0.002475,0.233422,0.001356,-0.226562,0.0,0.9437,0.8168,0.001346,0.001598,0.003025,4.353804,21.923437,0.000609
4208984064,289050.6,-0.00029,0.227322,0.001305,-0.226562,0.0,0.9437,0.8179,0.001117,0.001715,0.002616,4.737437,21.707535,0.00062516
4209770496,288888.3,-0.002366,0.262658,0.001345,-0.231445,0.0,0.9436,0.8166,0.00122,0.001634,0.002705,4.833534,21.429373,0.00071129
4210556928,288381.8,-0.002934,0.206054,0.001345,-0.227539,0.0,0.9436,0.8149,0.001289,0.001667,0.003012,4.760128,20.071865,0.00069795
4211343360,288223.7,0.000197,0.343863,0.001661,-0.224609,0.0,0.943,0.8104,0.001372,0.001778,0.002897,4.830074,20.361088,0.00068668
4212129792,288069.6,0.00138,0.370917,0.001592,-0.229492,0.0,0.9431,0.8085,0.001374,0.001674,0.002659,4.447924,21.598804,0.00069036
4212916224,287930.0,0.000341,0.349836,0.001623,-0.233398,0.0,0.9427,0.8046,0.000884,0.001426,0.00227,4.881776,21.734264,0.0007291
4213702656,287225.0,-0.001154,0.288641,0.001507,-0.223633,0.0,0.9424,0.8023,0.001075,0.001826,0.002101,4.792146,21.786308,0.00065916
4214489088,287086.8,-0.004331,0.201911,0.00144,-0.223633,0.0,0.9419,0.8002,0.001567,0.001731,0.002579,4.73916,21.495321,0.00071205
4215275520,286948.5,-0.002244,0.33852,0.001423,-0.229492,0.0,0.9416,0.798,0.001492,0.001631,0.002582,4.920844,21.088894,0.00079559
4216061952,286155.8,-0.001706,0.324381,0.00137,-0.225586,0.0,0.9412,0.7959,0.001264,0.001651,0.002373,5.152634,20.985418,0.0008125
4216848384,286012.1,0.009122,0.279099,0.001445,-0.229492,0.0,0.9417,0.7992,0.001113,0.001522,0.0023,4.760453,21.985785,0.00069873
4217634816,285868.7,-0.000138,0.257113,0.001454,-0.219727,0.0,0.942,0.7994,0.001439,0.001311,0.002409,4.748846,21.856024,0.00079425
4218421248,285726.7,-0.001063,0.305001,0.001426,-0.231445,0.0,0.9421,0.7985,0.001353,0.001385,0.002384,4.718883,21.671383,0.00070338
4219207680,285289.7,-0.00595,0.236209,0.001476,-0.223633,0.0,0.9419,0.797,0.001016,0.001203,0.002092,4.882717,20.570478,0.00068034
4219994112,285145.6,0.005797,0.223164,0.001544,-0.22168,0.0,0.9424,0.7987,0.001065,0.001407,0.002084,4.853032,20.532507,0.00071342
4220780544,285001.3,-0.001698,0.216795,0.001641,-0.21875,0.0,0.9417,0.7957,0.001131,0.001531,0.002751,4.515844,21.284918,0.00063517
4221566976,284862.7,-0.001879,0.224554,0.001545,-0.21582,0.0,0.9416,0.7948,0.001252,0.001361,0.002192,4.53472,21.693584,0.0006645
4222353408,284299.4,0.000389,0.194198,0.001487,-0.220703,0.0,0.9416,0.7933,0.001457,0.001702,0.002747,4.770268,21.711788,0.00061979
4223139840,284159.6,-0.002669,0.166315,0.001414,-0.216797,0.0,0.9419,0.793,0.001518,0.00157,0.002892,4.699659,21.439091,0.00069232
4223926272,284021.7,0.000996,0.181672,0.001372,-0.226562,0.0,0.9422,0.7931,0.001254,0.001514,0.002289,4.950915,21.02639,0.00063421
4224712704,283580.0,-0.00084,0.237959,0.001448,-0.229492,0.0,0.942,0.7928,0.001478,0.00162,0.002456,4.816534,21.721762,0.00063038
4225499136,283437.7,-0.004313,0.418435,0.001671,-0.243164,0.0,0.9417,0.7891,0.001612,0.00165,0.002542,5.063943,21.799835,0.00069997
4226285568,283300.3,-0.006165,0.334571,0.001731,-0.241211,0.0,0.9413,0.7841,0.001564,0.001486,0.002292,4.904182,21.691071,0.00077378
4227072000,283161.0,0.000283,0.426258,0.001723,-0.245117,0.0,0.9407,0.7818,0.001715,0.001604,0.00259,5.560751,21.350195,0.00073022
4227858432,282746.1,0.005348,0.388543,0.001607,-0.238281,0.0,0.9403,0.7807,0.001588,0.00164,0.002745,5.051171,21.292171,0.00076659
4228644864,282601.2,-0.002161,0.164349,0.001493,-0.21875,0.0,0.9402,0.7844,0.001545,0.001848,0.002892,5.039072,20.971382,0.00069857
4229431296,282465.5,-0.000129,0.248473,0.001408,-0.231445,0.0,0.939,0.783,0.001074,0.001672,0.002088,4.738234,21.919027,0.00076803
4230217728,282074.7,-0.003737,0.198337,0.001426,-0.225586,0.0,0.9384,0.7819,0.001451,0.001695,0.002684,4.52133,22.134253,0.00066632
4231004160,281937.7,-0.001862,0.137781,0.001417,-0.207031,0.0,0.9379,0.7823,0.001458,0.001476,0.002395,4.67942,21.537977,0.00070774
4231790592,281802.5,-0.009745,0.155962,0.001479,-0.205078,0.0,0.9372,0.7812,0.001468,0.001155,0.002054,4.627329,21.735083,0.00067574
4232577024,281667.8,-0.007069,0.104966,0.001338,-0.204102,0.0,0.9371,0.7833,0.001206,0.001176,0.001699,4.306592,21.243124,0.00061886
4233363456,281191.7,-0.006061,0.196587,0.001452,-0.216797,0.0,0.9363,0.7822,0.001281,0.001535,0.002708,4.444094,21.963879,0.00062367
4234149888,281053.7,0.003981,0.261096,0.001522,-0.219727,0.0,0.9355,0.7824,0.001733,0.001567,0.002896,4.72837,21.807304,0.00069565
4234936320,280902.4,-0.003087,0.215014,0.001621,-0.220703,0.0,0.9348,0.7799,0.00176,0.001848,0.003085,4.691356,21.730858,0.00070051
4235722752,280485.1,0.00151,0.257063,0.001629,-0.220703,0.0,0.9347,0.7816,0.001511,0.001517,0.002457,4.518157,21.216339,0.00068901
4236509184,280348.9,-0.003877,0.099555,0.00144,-0.204102,0.0,0.9344,0.7849,0.001413,0.001306,0.002548,4.669583,21.444504,0.00071015
4237295616,280218.5,0.005397,0.136561,0.001381,-0.207031,0.0,0.9348,0.7896,0.001403,0.0012,0.002056,4.452079,21.215508,0.00063988
4238082048,280085.2,0.000505,0.107256,0.0014,-0.208008,0.0,0.9345,0.7918,0.001549,0.00104,0.001727,4.154867,22.289062,0.00062632
4238868480,279663.6,-0.004526,0.186697,0.001453,-0.219727,0.0,0.9352,0.795,0.00145,0.001807,0.002532,4.794318,22.024448,0.00065036
4239654912,279530.6,-0.001775,0.30921,0.001559,-0.22168,0.0,0.9357,0.7955,0.001623,0.001728,0.002117,5.063387,21.819715,0.00065621
4240441344,279397.2,-0.00833,0.274323,0.001523,-0.219727,0.0,0.9358,0.7961,0.001424,0.002051,0.002656,4.76889,21.717495,0.00076161
4241227776,278998.4,0.006546,0.263827,0.00154,-0.21582,0.0,0.9357,0.7957,0.001672,0.001489,0.002316,4.926498,20.529411,0.00064413
4242014208,278867.3,0.007511,0.33389,0.001664,-0.219727,0.0,0.9356,0.7947,0.001795,0.001501,0.002736,4.533037,22.1633,0.00063952
4242800640,278735.8,0.003621,0.250654,0.001588,-0.21582,0.0,0.9353,0.7963,0.001335,0.001606,0.002731,4.735296,21.991577,0.00076207
4243587072,278604.0,0.003109,0.24766,0.001603,-0.219727,0.0,0.9355,0.7959,0.001055,0.001603,0.002217,4.617624,21.918949,0.00068799
4244373504,278194.1,0.003759,0.191963,0.001538,-0.209961,0.0,0.9356,0.7954,0.001224,0.00161,0.002481,4.578636,21.444122,0.00067566
4245159936,278063.0,-0.005806,0.230215,0.001422,-0.207031,0.0,0.9362,0.7962,0.001137,0.001553,0.002401,4.714814,21.468227,0.00071264
4245946368,277934.1,-0.004383,0.199256,0.001392,-0.212891,0.0,0.9369,0.797,0.00095,0.001364,0.002576,4.242625,22.0042,0.00068077
4246732800,277797.3,-0.00038,0.23671,0.001423,-0.213867,0.0,0.937,0.7961,0.001014,0.001429,0.002253,4.515715,21.91963,0.0006354
4247519232,277412.4,-0.003424,0.203743,0.001448,-0.209961,0.0,0.9375,0.7973,0.00113,0.001421,0.002746,4.31452,22.140518,0.00063409
4248305664,277281.2,-0.009006,0.230246,0.001425,-0.208984,0.0,0.938,0.7965,0.00092,0.001374,0.002516,4.738383,21.859421,0.00072403
4249092096,277152.6,0.006658,0.208991,0.001536,-0.206055,0.0,0.9384,0.7987,0.001325,0.001301,0.002297,4.515998,21.497305,0.00070742
4249878528,276747.5,-0.008001,0.217904,0.00142,-0.219727,0.0,0.9393,0.8057,0.001449,0.001652,0.002442,4.611879,22.251293,0.00068503
4250664960,276617.5,0.002951,0.305816,0.001466,-0.234375,0.0,0.9398,0.8078,0.001304,0.001851,0.002624,4.431621,22.169823,0.00064508
4251451392,276488.8,-0.003612,0.306509,0.001481,-0.231445,0.0,0.9398,0.8082,0.001388,0.001874,0.00247,4.682621,22.111221,0.000684
4252237824,276356.1,0.003185,0.343431,0.001521,-0.235352,0.0,0.9404,0.8058,0.001205,0.001369,0.001931,5.036989,21.980291,0.00073928
4253024256,275944.5,-0.004054,0.24892,0.001454,-0.233398,0.0,0.9407,0.8058,0.001044,0.001272,0.002206,5.30997,20.554749,0.00070382
4253810688,275816.5,0.00015,0.284955,0.001393,-0.233398,0.0,0.9416,0.8058,0.001173,0.001483,0.002237,5.024534,20.453438,0.00069573
4254597120,275685.7,-0.001359,0.253299,0.001315,-0.232422,0.0,0.9421,0.8044,0.001372,0.001481,0.002352,4.699629,21.733349,0.00068769
4255383552,275300.5,0.00232,0.222752,0.001379,-0.235352,0.0,0.9418,0.802,0.001152,0.001552,0.002119,4.740926,22.111237,0.0006924
4256169984,275172.4,-0.004977,0.230767,0.00152,-0.219727,0.0,0.9428,0.8028,0.002021,0.00154,0.002604,4.839831,21.845909,0.00064998
4256956416,275046.1,-0.003532,0.268138,0.001521,-0.219727,0.0,0.9436,0.8044,0.001665,0.001294,0.002144,5.131727,21.618729,0.0006428
4257742848,274904.3,-0.00421,0.242063,0.001514,-0.21875,0.0,0.9445,0.8061,0.000916,0.001103,0.001648,4.740172,21.285292,0.00070876
4258529280,274557.2,0.002459,0.287244,0.001384,-0.222656,0.0,0.9445,0.806,0.001412,0.001402,0.002138,4.719194,22.522804,0.00066708
4259315712,274422.2,0.002321,0.211425,0.001312,-0.21582,0.0,0.9445,0.804,0.001576,0.001975,0.003213,4.469385,22.234953,0.00069104
4260102144,274285.7,-0.005768,0.109454,0.00133,-0.21582,0.0,0.9445,0.8025,0.000956,0.001184,0.001827,4.598417,21.847832,0.00066257
4260888576,273932.7,0.003792,0.224622,0.001378,-0.223633,0.0,0.9445,0.8016,0.000991,0.001262,0.001769,4.944348,21.149561,0.00062984
4261675008,273804.3,-0.003642,0.185272,0.00133,-0.21875,0.0,0.9445,0.8011,0.001401,0.001331,0.002594,4.841087,21.035421,0.00070511
4262461440,273677.8,0.000134,0.202807,0.001338,-0.21875,0.0,0.9446,0.8043,0.001205,0.001515,0.002313,4.756562,21.382162,0.00067455
4263247872,273543.6,0.003268,0.201098,0.0013,-0.212891,0.0,0.9447,0.8077,0.001066,0.001451,0.002512,4.509699,22.401897,0.00071184
4264034304,273176.2,-0.002853,0.185379,0.001397,-0.207031,0.0,0.9447,0.8104,0.000992,0.001425,0.0023,4.618209,22.506865,0.0005961
4264820736,273039.5,-0.006203,0.178548,0.001423,-0.206055,0.0,0.9448,0.8127,0.001341,0.001384,0.002255,4.544021,22.394186,0.00073797
4265607168,272903.1,-0.004459,0.158525,0.001508,-0.202148,0.0,0.9449,0.8154,0.000898,0.001109,0.001699,4.354121,22.141556,0.0006825
4266393600,272517.7,0.001836,0.146538,0.00151,-0.199219,0.0,0.9452,0.8197,0.001194,0.001272,0.002009,5.059194,21.001125,0.00066722
4267180032,272393.4,0.00358,0.283072,0.00136,-0.211914,0.0,0.9454,0.8185,0.000983,0.001274,0.001782,4.293341,22.813538,0.00065075
4267966464,272259.4,0.003152,0.285414,0.001343,-0.224609,0.0,0.9452,0.8164,0.001237,0.001509,0.002512,4.688708,22.604916,0.000618
4268752896,272135.2,0.002027,0.392579,0.001376,-0.226562,0.0,0.9449,0.8131,0.000991,0.001364,0.002586,4.828821,22.550018,0.00066257
4269539328,271733.3,-0.00433,0.262773,0.001467,-0.225586,0.0,0.9447,0.8111,0.000937,0.001456,0.002625,5.016357,21.779781,0.00068866
4270325760,271601.3,0.000192,0.200989,0.00148,-0.219727,0.0,0.9443,0.8106,0.001336,0.001532,0.002226,5.006623,21.568604,0.00079567
4271112192,271474.0,-0.00604,0.289015,0.001573,-0.225586,0.0,0.9435,0.8069,0.001195,0.001511,0.002551,4.421505,22.213766,0.00068638
4271898624,271342.5,0.002593,0.248628,0.001525,-0.225586,0.0,0.9429,0.8052,0.001526,0.001488,0.00228,4.620655,22.350098,0.00069856
4272685056,270887.4,0.000197,0.277294,0.001412,-0.224609,0.0,0.9427,0.803,0.001247,0.001792,0.003154,4.781709,22.096783,0.00067309
4273471488,270760.8,0.00723,0.221381,0.00136,-0.228516,0.0,0.9422,0.8023,0.001656,0.001616,0.002734,4.902359,21.878849,0.00078575
4274257920,270634.9,-0.002334,0.149964,0.001381,-0.222656,0.0,0.9424,0.8048,0.001236,0.00133,0.002591,5.214478,21.599472,0.00074429
4275044352,270210.5,-0.004112,0.211723,0.001482,-0.21875,0.0,0.9423,0.8066,0.001299,0.001095,0.002142,4.72462,22.016994,0.00072108
4275830784,270089.0,-0.004,0.165759,0.001581,-0.209961,0.0,0.9421,0.8068,0.001385,0.001192,0.002159,4.5369,22.445524,0.00077197
4276617216,269965.4,0.00083,0.153145,0.001584,-0.211914,0.0,0.9419,0.8092,0.001493,0.001155,0.001996,4.686369,22.131027,0.0007151
4277403648,269837.6,-0.003291,0.186958,0.001518,-0.21582,0.0,0.9419,0.8125,0.001367,0.001137,0.001949,4.722095,21.728184,0.00076428
4278190080,269461.4,0.000839,0.151663,0.001492,-0.216797,0.0,0.9421,0.814,0.001261,0.001361,0.001639,4.403462,21.327881,0.00061745
4278976512,269339.0,0.001543,0.174283,0.001432,-0.213867,0.0,0.943,0.8185,0.001163,0.001268,0.00201,4.639657,21.078373,0.00069247
4279762944,269216.0,-0.003909,0.160176,0.001398,-0.213867,0.0,0.9431,0.8197,0.001016,0.001191,0.002061,4.487382,22.175068,0.00065744
4280549376,268814.2,0.000147,0.199465,0.001409,-0.210938,0.0,0.9432,0.8211,0.000993,0.001262,0.00211,4.716426,22.928946,0.00066125
4281335808,268690.1,-0.001164,0.213887,0.001525,-0.209961,0.0,0.9436,0.8243,0.001515,0.001927,0.002562,4.583179,22.195766,0.00059633
4282122240,268565.0,0.001488,0.236526,0.001584,-0.212891,0.0,0.9438,0.8255,0.001169,0.001541,0.002163,4.803,22.159954,0.00065478
4282908672,268441.0,0.002337,0.194725,0.001505,-0.208008,0.0,0.9437,0.8254,0.001234,0.001273,0.001767,4.537487,21.992416,0.00069426
4283695104,267891.9,0.001443,0.241869,0.001534,-0.21582,0.0,0.9437,0.8246,0.002378,0.001425,0.002519,4.673688,22.597754,0.00066806
4284481536,267774.3,-0.00424,0.209687,0.001507,-0.217773,0.0,0.9432,0.8235,0.001606,0.001466,0.002414,4.630487,22.414322,0.00077004
4285267968,267658.5,-0.001496,0.261642,0.001637,-0.228516,0.0,0.9426,0.8202,0.00174,0.001783,0.002717,4.936887,22.496803,0.00063979
4286054400,266961.6,-0.006309,0.208369,0.001749,-0.225586,0.0,0.9421,0.8195,0.001356,0.001635,0.00231,4.84159,21.886272,0.00070689
4286840832,266840.3,-0.005842,0.201931,0.001512,-0.210938,0.0,0.9409,0.8159,0.000936,0.001552,0.002363,5.052827,21.543783,0.00064092
4287627264,266724.1,-0.002515,0.216134,0.001363,-0.212891,0.0,0.9397,0.8136,0.001075,0.001707,0.001938,4.878415,21.355446,0.00070384
4288413696,266606.8,0.00054,0.209246,0.001421,-0.217773,0.0,0.9388,0.8117,0.000872,0.0015,0.002176,4.582798,22.31278,0.0006411
4289200128,266126.4,0.004302,0.228856,0.001493,-0.212891,0.0,0.9381,0.8092,0.001607,0.001556,0.002548,4.965075,22.617903,0.00070448
4289986560,266010.4,-0.005801,0.224388,0.001455,-0.208008,0.0,0.9372,0.8065,0.001278,0.001668,0.0025,4.820105,22.514431,0.000703
4290772992,265892.8,0.005755,0.273963,0.001536,-0.214844,0.0,0.9366,0.8048,0.001226,0.001457,0.002382,4.647287,22.295589,0.00066651
4291559424,265462.9,-0.000684,0.174347,0.001473,-0.201172,0.0,0.9359,0.8064,0.001775,0.001493,0.002569,5.138874,20.756695,0.00070203
4292345856,265340.6,-0.006323,0.161827,0.001353,-0.205078,0.0,0.9358,0.8086,0.000961,0.001301,0.002141,4.23445,22.871029,0.000673
4293132288,265220.6,-0.000484,0.228513,0.001382,-0.210938,0.0,0.9354,0.8108,0.001212,0.001286,0.002161,4.386291,22.648163,0.00069227
4293918720,265104.3,-0.007566,0.121992,0.001401,-0.208984,0.0,0.9352,0.8124,0.001352,0.001346,0.001862,4.602711,22.277451,0.00073298
4294705152,264726.2,-0.00392,0.160467,0.001632,-0.21582,0.0,0.9348,0.8122,0.001422,0.002034,0.002902,4.759286,22.093201,0.0006846
4295491584,264610.4,-0.004028,0.228925,0.001339,-0.210938,0.0,0.9351,0.8148,0.00116,0.001838,0.00285,4.78163,21.78163,0.00066048
4296278016,264495.3,0.001165,0.198034,0.00132,-0.214844,0.0,0.9356,0.8168,0.001039,0.001453,0.001861,5.023199,21.633251,0.00074595
4297064448,264375.4,-0.000872,0.199709,0.00137,-0.213867,0.0,0.9357,0.8188,0.001589,0.001491,0.002664,4.602907,22.688396,0.00068019
4297850880,264026.6,0.003506,0.216898,0.001532,-0.211914,0.0,0.9365,0.8212,0.001625,0.001895,0.002383,4.905274,22.729645,0.00066291
4298637312,263904.8,0.001385,0.251028,0.001526,-0.220703,0.0,0.9367,0.8195,0.001655,0.00168,0.002582,4.83066,22.655071,0.00069284
4299423744,263790.9,-0.004565,0.204521,0.00145,-0.219727,0.0,0.9369,0.8184,0.001414,0.001611,0.002277,5.043427,22.244696,0.00071461
4300210176,263424.7,-0.006011,0.2624,0.001437,-0.220703,0.0,0.937,0.8151,0.001145,0.001184,0.00204,4.709565,21.248985,0.00069617
4300996608,263304.9,0.006437,0.232512,0.001276,-0.208984,0.0,0.9375,0.8143,0.001242,0.001393,0.002746,4.503828,22.573561,0.00065776
4301783040,263183.9,0.004781,0.194831,0.001308,-0.212891,0.0,0.9381,0.8153,0.001184,0.001442,0.002908,4.66311,22.336065,0.00070511
4302569472,263070.0,-0.006322,0.17954,0.00131,-0.214844,0.0,0.9381,0.8139,0.000932,0.001414,0.002048,4.770008,22.035519,0.00069856
4303355904,262691.4,-0.00572,0.197737,0.001403,-0.213867,0.0,0.9379,0.8123,0.001151,0.001684,0.002908,4.401998,21.352186,0.00066957
4304142336,262579.5,-0.003677,0.223822,0.001406,-0.21582,0.0,0.938,0.8119,0.00097,0.001236,0.002361,4.565431,21.417156,0.00068446
4304928768,262468.1,-0.004321,0.238845,0.00144,-0.224609,0.0,0.9379,0.8111,0.001185,0.001282,0.002181,4.517288,22.209637,0.00063805
4305715200,262039.0,-0.001536,0.237798,0.001536,-0.21582,0.0,0.9384,0.8122,0.001578,0.001377,0.0022,4.567684,23.12055,0.00059407
4306501632,261920.9,-0.002415,0.256573,0.001682,-0.223633,0.0,0.9379,0.8089,0.001651,0.001734,0.003071,5.023914,22.655972,0.00064336
4307288064,261801.0,0.004079,0.23044,0.001705,-0.22168,0.0,0.9375,0.8053,0.001333,0.001581,0.002358,4.883523,21.98583,0.00072345
4308074496,261689.0,0.000979,0.171629,0.001719,-0.220703,0.0,0.938,0.8076,0.00142,0.001378,0.001908,5.09655,21.854076,0.00072593
4308860928,261281.8,0.001457,0.215681,0.00152,-0.223633,0.0,0.9377,0.8065,0.001638,0.001616,0.002677,4.835286,22.732908,0.00075565
4309647360,261168.1,0.00246,0.231015,0.001504,-0.217773,0.0,0.9381,0.8091,0.001458,0.001364,0.001996,4.876415,22.738256,0.00070285
4310433792,261022.9,0.001336,0.192908,0.001463,-0.21582,0.0,0.9391,0.8116,0.001227,0.002073,0.002306,4.74343,22.389387,0.00064567
4311220224,260558.9,0.006043,0.217297,0.001539,-0.211914,0.0,0.9401,0.8152,0.001329,0.001408,0.002302,4.69165,21.957417,0.00074326
4312006656,260413.8,0.003321,0.165021,0.001464,-0.208008,0.0,0.9414,0.8175,0.00108,0.001384,0.002319,4.523553,21.804388,0.00069279
4312793088,260278.4,-0.004314,0.2252,0.001412,-0.208984,0.0,0.9426,0.8186,0.00099,0.001234,0.002613,4.809055,21.609951,0.00063813
4313579520,260164.5,0.003775,0.24119,0.001329,-0.21875,0.0,0.943,0.8179,0.000888,0.001366,0.002172,4.516557,22.49313,0.00066807
4314365952,259719.1,0.004596,0.232424,0.001369,-0.214844,0.0,0.9434,0.8199,0.00121,0.001617,0.002426,4.645028,22.483349,0.0006297
4315152384,259610.6,-0.00156,0.166174,0.001375,-0.21582,0.0,0.9437,0.8207,0.001195,0.001188,0.001897,4.707439,22.262291,0.00073342
4315938816,259482.2,0.004668,0.185915,0.001379,-0.213867,0.0,0.9433,0.8208,0.000773,0.001201,0.001969,4.839038,21.772343,0.00066416
4316725248,259060.1,-0.003795,0.14534,0.001334,-0.212891,0.0,0.9439,0.8243,0.000968,0.001312,0.002205,5.091586,20.329233,0.00066052
4317511680,258925.3,0.001073,0.129227,0.001324,-0.209961,0.0,0.9437,0.8238,0.000975,0.001135,0.001875,4.403666,22.419821,0.00070548
4318298112,258815.9,-0.000179,0.155206,0.00134,-0.207031,0.0,0.9438,0.8263,0.001341,0.001066,0.002085,4.542353,22.302099,0.00068112
4319084544,258700.1,-0.001848,0.207047,0.001299,-0.208984,0.0,0.944,0.8278,0.001108,0.001142,0.001884,4.793827,22.070721,0.00070153
4319870976,258328.4,-0.002056,0.144245,0.001408,-0.211914,0.0,0.9443,0.8299,0.001162,0.001299,0.001877,4.850992,21.570427,0.00069471
4320657408,258225.0,-4.7e-05,0.206281,0.001462,-0.212891,0.0,0.9445,0.8311,0.001519,0.001316,0.001844,4.626547,21.518698,0.0007205
4321443840,258104.7,-0.006219,0.241151,0.001461,-0.214844,0.0,0.9446,0.8324,0.001349,0.001674,0.00198,4.698617,21.41828,0.00073074
4322230272,257998.5,-0.002378,0.189192,0.001541,-0.211914,0.0,0.9443,0.8296,0.001338,0.001555,0.002219,4.342504,22.634329,0.00064838
4323016704,257538.6,-0.005097,0.270967,0.001516,-0.224609,0.0,0.9449,0.8306,0.000953,0.001388,0.00206,4.974261,22.791489,0.00062502
4323803136,257430.2,-0.003917,0.205105,0.001532,-0.21582,0.0,0.9449,0.8289,0.001142,0.001694,0.002482,4.930351,22.696148,0.00076911
4324589568,257319.0,0.002132,0.296695,0.001501,-0.213867,0.0,0.945,0.8271,0.001065,0.001266,0.002338,5.072914,22.484394,0.00078014
4325376000,257003.4,-0.000838,0.254035,0.001406,-0.216797,0.0,0.945,0.8266,0.000812,0.00146,0.001909,4.513545,21.263927,0.00069546
4326162432,256895.6,0.000643,0.185176,0.001305,-0.204102,0.0,0.9453,0.8286,0.000988,0.001457,0.002197,4.428785,22.762678,0.00068722
4326948864,256791.5,0.00417,0.168215,0.001248,-0.208984,0.0,0.9452,0.8293,0.000965,0.001213,0.001802,4.496071,22.346233,0.00065628
4327735296,256683.8,-0.004651,0.148066,0.001261,-0.217773,0.0,0.9448,0.8299,0.000833,0.001197,0.001335,4.748569,22.212708,0.00068223
4328521728,256370.6,-0.000645,0.221006,0.001212,-0.222656,0.0,0.9456,0.8336,0.001478,0.001642,0.001887,5.129056,21.844913,0.00062105
4329308160,256261.7,-0.000675,0.164038,0.001176,-0.21582,0.0,0.9459,0.8351,0.000768,0.001452,0.001792,4.973849,21.775139,0.000666
4330094592,256153.5,-0.001645,0.153168,0.001209,-0.214844,0.0,0.9465,0.8374,0.000706,0.00155,0.001727,4.754615,22.335999,0.00067772
4330881024,255817.2,0.000402,0.153915,0.001158,-0.21582,0.0,0.947,0.8405,0.000771,0.001277,0.002171,4.721058,22.680523,0.00068731
4331667456,255708.2,0.004445,0.269084,0.001315,-0.21582,0.0,0.9478,0.8435,0.001111,0.001412,0.002705,4.876198,22.161276,0.00065165
4332453888,255601.5,0.007097,0.129756,0.001268,-0.207031,0.0,0.948,0.8434,0.000866,0.001335,0.001968,4.434171,22.211166,0.00070575
4333240320,255492.0,0.003601,0.159493,0.001306,-0.210938,0.0,0.9484,0.8446,0.000817,0.001035,0.001832,4.506186,21.988867,0.00067327
4334026752,255177.7,0.001431,0.161679,0.001366,-0.21582,0.0,0.9489,0.8472,0.001239,0.001429,0.002112,4.71669,22.923956,0.00064622
4334813184,255074.2,0.001676,0.15684,0.001373,-0.210938,0.0,0.9486,0.8458,0.000967,0.001074,0.001894,4.884712,22.793091,0.0007448
4335599616,254963.5,0.004461,0.205299,0.001404,-0.219727,0.0,0.9492,0.8502,0.001149,0.001217,0.001926,4.552592,22.712393,0.00067626
4336386048,254668.3,-0.004665,0.185844,0.001454,-0.22168,0.0,0.9493,0.8522,0.000868,0.001431,0.001964,4.840654,21.913677,0.00067125
4337172480,254556.7,-0.000334,0.198558,0.001383,-0.21582,0.0,0.9498,0.8527,0.001313,0.001753,0.002566,5.086995,21.750488,0.00076143
4337958912,254451.5,0.002936,0.255597,0.00154,-0.217773,0.0,0.9497,0.8488,0.001155,0.00142,0.00218,4.969255,21.610073,0.00068515
4338745344,254343.6,-0.002898,0.220743,0.001352,-0.224609,0.0,0.9493,0.8445,0.00083,0.001203,0.001711,4.428936,22.390636,0.00062686
4339531776,254039.4,-0.003131,0.203692,0.001253,-0.22168,0.0,0.9492,0.8435,0.00098,0.001277,0.001945,4.758809,22.591223,0.00068592
4340318208,253935.3,-0.003981,0.177505,0.0012,-0.219727,0.0,0.9486,0.8405,0.000925,0.001754,0.002729,4.726989,22.262602,0.00064577
4341104640,253824.5,0.000725,0.194221,0.00117,-0.212891,0.0,0.9481,0.8385,0.000901,0.001296,0.00209,4.710859,22.006451,0.00068217
4341891072,253512.7,-0.002441,0.170888,0.001302,-0.208008,0.0,0.9481,0.8386,0.000745,0.001209,0.002264,4.853152,20.73246,0.00062773
4342677504,253407.7,0.00158,0.206085,0.001483,-0.203125,0.0,0.9477,0.8377,0.001633,0.001202,0.001439,4.119626,22.981487,0.00065527
4343463936,253304.0,-0.005898,0.187112,0.001505,-0.208008,0.0,0.9473,0.8353,0.001411,0.00113,0.001724,4.228298,22.938314,0.00062639
4344250368,253196.7,-0.001516,0.191441,0.001514,-0.211914,0.0,0.9472,0.8364,0.001408,0.001531,0.001925,4.499133,22.656843,0.00065293
4345036800,252898.2,-0.001051,0.250902,0.001507,-0.220703,0.0,0.9464,0.8357,0.001668,0.00165,0.002571,5.189532,22.468979,0.00068473
4345823232,252785.0,-0.004059,0.258774,0.001472,-0.226562,0.0,0.9462,0.8372,0.001242,0.001458,0.002495,5.21932,21.870171,0.00075651
4346609664,252683.8,0.009031,0.188344,0.001438,-0.230469,0.0,0.9448,0.8329,0.001196,0.001506,0.002461,4.972498,21.735302,0.00078632
4347396096,252579.4,0.001001,0.185594,0.001481,-0.223633,0.0,0.9444,0.8336,0.001154,0.001355,0.002486,4.837455,22.810324,0.00080567
4348182528,252280.0,0.004531,0.20039,0.001499,-0.22168,0.0,0.944,0.8354,0.000975,0.001243,0.002113,4.798661,22.876511,0.00074972
4348968960,252177.0,-0.004844,0.203947,0.001494,-0.21875,0.0,0.9437,0.8348,0.00109,0.001304,0.002535,5.126285,22.303257,0.00086301
4349755392,252074.2,-0.00087,0.180082,0.001491,-0.220703,0.0,0.9436,0.8339,0.001011,0.001248,0.002038,4.972353,22.019394,0.00081055
4350541824,251733.2,0.007056,0.150085,0.001451,-0.217773,0.0,0.9426,0.8306,0.001083,0.001163,0.001917,4.899824,21.326359,0.00075324
4351328256,251630.3,-0.00719,0.120689,0.001394,-0.209961,0.0,0.9427,0.8316,0.000989,0.001143,0.002259,4.72278,23.12207,0.00079367
4352114688,251521.8,0.003824,0.137673,0.001443,-0.212891,0.0,0.9422,0.8328,0.000787,0.000884,0.001646,4.649949,22.903677,0.00075801
4352901120,251420.7,-0.011534,0.135493,0.001473,-0.219727,0.0,0.9419,0.8326,0.000914,0.001229,0.00176,4.882345,22.699566,0.00077075
4353687552,251026.2,0.001335,0.305776,0.001456,-0.225586,0.0,0.9413,0.8302,0.0012,0.001396,0.002306,5.146243,21.986622,0.00071597
4354473984,250925.0,-0.000936,0.225662,0.001387,-0.21582,0.0,0.9408,0.8283,0.001115,0.001152,0.002062,5.101699,21.822319,0.00068063
4355260416,250824.0,-0.008087,0.143545,0.001398,-0.21875,0.0,0.9406,0.8285,0.001182,0.001368,0.001882,4.677215,21.721762,0.00069041
4356046848,250461.2,-0.008457,0.185256,0.001332,-0.21875,0.0,0.9404,0.8292,0.000974,0.001511,0.002183,4.750711,22.698324,0.00070622
4356833280,250354.0,0.000682,0.319268,0.001409,-0.234375,0.0,0.9402,0.8276,0.001201,0.001452,0.002423,5.182713,22.30035,0.00070736
4357619712,250251.8,-0.007085,0.225263,0.001349,-0.234375,0.0,0.9399,0.8218,0.000909,0.001666,0.002738,5.355277,21.908339,0.000735
4358406144,250154.1,-0.000863,0.275781,0.001414,-0.237305,0.0,0.9394,0.817,0.001339,0.001414,0.002085,5.024792,21.551657,0.00078252
4359192576,249518.2,0.001767,0.222339,0.001423,-0.222656,0.0,0.9393,0.8158,0.001161,0.001443,0.002441,4.919984,21.845966,0.00072288
4359979008,249421.5,-0.004254,0.212486,0.001223,-0.225586,0.0,0.9389,0.8133,0.001264,0.001389,0.00236,4.813513,23.274807,0.00073273
4360765440,249323.1,-0.003832,0.170647,0.001214,-0.229492,0.0,0.9388,0.8142,0.001077,0.001548,0.002306,5.179795,23.019283,0.0007078
4361551872,248720.4,-0.002123,0.244216,0.001291,-0.234375,0.0,0.9392,0.8176,0.00097,0.00122,0.00215,5.172314,22.513678,0.00067686
4362338304,248620.2,-0.000582,0.190404,0.001271,-0.227539,0.0,0.9395,0.8207,0.001424,0.001723,0.002632,5.473405,21.865917,0.00062921
4363124736,248513.2,0.002292,0.161518,0.001339,-0.229492,0.0,0.9397,0.8209,0.001121,0.001252,0.001793,5.164871,21.978371,0.00065418
4363911168,248408.1,0.000826,0.185127,0.001298,-0.222656,0.0,0.9405,0.8223,0.001061,0.001297,0.002117,4.939524,22.910191,0.00071716
4364697600,247999.7,-0.00527,0.226455,0.001386,-0.220703,0.0,0.9406,0.8225,0.001,0.001257,0.001856,4.915765,22.819302,0.0007489
4365484032,247905.9,-0.003209,0.19042,0.001467,-0.212891,0.0,0.9411,0.8227,0.000916,0.001164,0.002044,4.822919,22.634573,0.00068482
4366270464,247805.3,0.001918,0.134119,0.001438,-0.194336,0.0,0.941,0.823,0.001016,0.001105,0.001976,4.66013,22.664608,0.00074534
4367056896,247355.3,0.001312,0.229399,0.001493,-0.198242,0.0,0.9418,0.8261,0.000846,0.001125,0.001477,5.551549,21.870245,0.0006475
4367843328,247253.5,-8.5e-05,0.338794,0.001358,-0.220703,0.0,0.9421,0.8242,0.001448,0.0013,0.002042,4.614238,23.618839,0.00068868
4368629760,247152.0,-0.003277,0.247979,0.001417,-0.217773,0.0,0.9419,0.8215,0.001466,0.00135,0.002547,4.844349,23.363491,0.00071167
4369416192,247054.3,0.002964,0.329393,0.001365,-0.22168,0.0,0.9423,0.8208,0.001259,0.001329,0.002127,4.809566,23.268471,0.00077348
4370202624,246664.8,0.004398,0.326095,0.001376,-0.216797,0.0,0.9419,0.8176,0.001244,0.00155,0.002399,4.848351,23.044333,0.00065886
4370989056,246568.2,-0.003402,0.160317,0.001298,-0.199219,0.0,0.9422,0.818,0.001245,0.001255,0.001535,4.829653,22.489132,0.00068881
4371775488,246474.4,-0.001947,0.199246,0.00125,-0.205078,0.0,0.9424,0.818,0.000924,0.001197,0.001764,4.737149,22.198986,0.00063583
4372561920,246378.5,-0.002581,0.131268,0.001271,-0.201172,0.0,0.9428,0.8191,0.000989,0.001348,0.001782,4.373618,22.989029,0.00065875
4373348352,246006.7,0.000657,0.139888,0.001421,-0.192383,0.0,0.9433,0.8212,0.001188,0.001551,0.002284,4.285754,22.896149,0.00068953
4374134784,245912.0,0.00351,0.143733,0.00143,-0.197266,0.0,0.9436,0.8203,0.000922,0.001184,0.001906,4.292731,22.494513,0.00067035
4374921216,245812.3,-0.008041,0.103064,0.00137,-0.204102,0.0,0.9443,0.822,0.000786,0.000989,0.001636,4.612826,22.147858,0.00065013
4375707648,245381.4,0.000995,0.194218,0.00135,-0.211914,0.0,0.945,0.8221,0.001322,0.00141,0.001708,4.922317,21.78548,0.00058776
4376494080,245281.8,0.003087,0.211971,0.001334,-0.213867,0.0,0.9453,0.8232,0.001147,0.001252,0.002008,4.607879,22.785954,0.00066519
4377280512,245187.9,0.000351,0.133771,0.001268,-0.220703,0.0,0.9456,0.8247,0.000866,0.00141,0.002099,4.709886,22.985571,0.00065051
4378066944,245089.6,-0.000113,0.20301,0.001287,-0.229492,0.0,0.946,0.8241,0.000965,0.001163,0.001733,4.926532,22.743298,0.00073376
4378853376,244663.0,0.006956,0.177479,0.001367,-0.223633,0.0,0.9462,0.8233,0.001382,0.001409,0.002083,4.898415,22.209875,0.00071417
4379639808,244571.9,0.012543,0.245518,0.001323,-0.212891,0.0,0.9468,0.8258,0.000987,0.001199,0.001954,5.143814,22.186981,0.00071078
4380426240,244472.9,-0.005455,0.100034,0.001339,-0.209961,0.0,0.9474,0.8298,0.00086,0.001012,0.001648,4.98629,22.076321,0.00077985
4381212672,244045.1,0.006399,0.214683,0.001394,-0.216797,0.0,0.9483,0.8345,0.001176,0.001427,0.001721,4.81328,23.096329,0.00062766
4381999104,243949.0,-0.002337,0.205288,0.001541,-0.209961,0.0,0.9478,0.8339,0.001341,0.001382,0.002434,4.833859,22.926878,0.00072955
4382785536,243856.5,0.000392,0.233894,0.001725,-0.210938,0.0,0.9478,0.8337,0.001164,0.001313,0.00195,4.775572,22.702415,0.00064647
4383571968,243761.8,0.001679,0.220638,0.001619,-0.21582,0.0,0.9477,0.8319,0.001105,0.00107,0.00196,4.824026,22.379742,0.00071228
4384358400,243269.9,0.00227,0.212309,0.001442,-0.220703,0.0,0.9483,0.8347,0.001028,0.001373,0.002223,4.924514,21.948566,0.00063033
4385144832,243176.4,-0.004801,0.295141,0.001574,-0.224609,0.0,0.9484,0.8316,0.001739,0.001341,0.002177,4.989679,22.700827,0.00067002
4385931264,243087.1,0.005262,0.270019,0.001372,-0.223633,0.0,0.9483,0.8295,0.001306,0.001527,0.002163,5.12816,22.552284,0.00068434
4386717696,242485.0,-0.003312,0.226094,0.001542,-0.230469,0.0,0.9484,0.8277,0.00109,0.001382,0.001716,4.836699,23.018761,0.00068442
4387504128,242390.3,0.001894,0.227289,0.001378,-0.223633,0.0,0.9486,0.8271,0.001305,0.001513,0.001911,5.197971,22.289892,0.00066314
4388290560,242298.9,0.001358,0.220506,0.001401,-0.226562,0.0,0.9492,0.8287,0.001107,0.001308,0.001671,5.15787,22.448027,0.00069922
4389076992,242210.1,-0.001403,0.241738,0.001399,-0.232422,0.0,0.9494,0.8262,0.001101,0.001125,0.001959,5.041281,22.91127,0.00068591
4389863424,241818.4,0.002371,0.290364,0.001472,-0.234375,0.0,0.9495,0.8274,0.001228,0.001292,0.001922,5.285313,23.037048,0.00073558
4390649856,241723.5,0.004634,0.215583,0.001681,-0.229492,0.0,0.9501,0.8313,0.001155,0.001266,0.00194,5.052483,22.853832,0.00074312
4391436288,241634.8,-0.002574,0.245367,0.001641,-0.235352,0.0,0.9506,0.8343,0.001349,0.00141,0.002155,5.405001,22.797384,0.00073482
4392222720,241215.3,-0.001477,0.204203,0.001623,-0.232422,0.0,0.9513,0.8391,0.000944,0.001323,0.001655,5.798492,21.485672,0.00067405
4393009152,241121.9,0.006053,0.143484,0.001305,-0.226562,0.0,0.9517,0.841,0.00107,0.001068,0.002043,5.220247,23.205872,0.00068953
4393795584,241030.0,0.004657,0.174352,0.001372,-0.229492,0.0,0.9517,0.843,0.000936,0.001174,0.001802,5.1538,23.24966,0.00068635
4394582016,240937.1,-0.003477,0.149278,0.001302,-0.235352,0.0,0.9516,0.8416,0.001094,0.001411,0.002157,5.110453,22.952032,0.00071174
4395368448,240453.4,0.00151,0.14523,0.001353,-0.227539,0.0,0.9514,0.8414,0.000934,0.001078,0.001666,5.027093,22.798203,0.00066124
4396154880,240360.3,-0.004426,0.152469,0.001399,-0.225586,0.0,0.9512,0.8409,0.000937,0.001012,0.001528,5.277865,22.486395,0.00065361
4396941312,240271.1,0.000701,0.128801,0.001317,-0.223633,0.0,0.9509,0.8405,0.000979,0.000899,0.00163,5.050851,22.093548,0.00070066
4397727744,240179.7,-0.003763,0.221163,0.001305,-0.229492,0.0,0.9505,0.8406,0.000712,0.001027,0.001539,4.876819,22.99169,0.000668
4398514176,239769.5,0.003389,0.210868,0.001528,-0.226562,0.0,0.95,0.839,0.001161,0.001221,0.002115,4.833297,23.026127,0.00070843
4399300608,239671.6,-0.001219,0.215793,0.001382,-0.222656,0.0,0.9496,0.836,0.001316,0.001579,0.002228,5.133839,22.821072,0.00073772
4400087040,239582.8,-0.008827,0.171025,0.001402,-0.213867,0.0,0.9498,0.8372,0.000891,0.001245,0.002092,5.038997,22.587332,0.0007166
4400873472,239133.9,1.8e-05,0.162199,0.001494,-0.216797,0.0,0.9488,0.8347,0.000837,0.001417,0.001988,4.809058,21.563019,0.0006408
4401659904,239047.2,0.000121,0.173114,0.001291,-0.212891,0.0,0.9486,0.8356,0.000921,0.00113,0.002109,4.609289,23.20364,0.00071943
4402446336,238956.6,-0.000802,0.119331,0.001269,-0.210938,0.0,0.9485,0.837,0.000955,0.00113,0.001952,4.489601,23.034666,0.0007331
4403232768,238869.6,-0.00125,0.165727,0.001335,-0.210938,0.0,0.9483,0.8365,0.001091,0.001049,0.001859,4.828868,22.657949,0.0006595
4404019200,238421.4,0.002553,0.19097,0.001432,-0.212891,0.0,0.9483,0.8379,0.000888,0.001393,0.001935,4.706764,21.912212,0.00066894
4404805632,238333.7,-0.006941,0.205153,0.001436,-0.223633,0.0,0.9487,0.8387,0.000961,0.001414,0.001715,4.866435,21.887951,0.00066983
4405592064,238245.1,-0.001527,0.13104,0.001376,-0.212891,0.0,0.9484,0.8382,0.001028,0.001164,0.001526,4.88735,21.477036,0.00077553
4406378496,237815.4,-0.00312,0.204073,0.001303,-0.227539,0.0,0.9477,0.8363,0.000874,0.001204,0.001559,4.877019,23.543663,0.00073812
4407164928,237728.9,-0.003323,0.24217,0.001327,-0.242188,0.0,0.9482,0.8391,0.000815,0.001402,0.002328,5.36615,22.895065,0.00072181
4407951360,237633.2,0.002362,0.157489,0.001291,-0.243164,0.0,0.9478,0.8394,0.001247,0.001784,0.002207,5.512998,22.653938,0.00072047
4408737792,237547.7,0.003783,0.192583,0.001338,-0.242188,0.0,0.9474,0.8393,0.001069,0.00115,0.001613,5.52547,22.515638,0.00080547
4409524224,237106.9,-0.001272,0.225056,0.00132,-0.233398,0.0,0.9466,0.8373,0.001093,0.001352,0.001915,5.541068,21.094707,0.00074183
4410310656,237020.8,0.002113,0.199246,0.001305,-0.227539,0.0,0.9462,0.8377,0.001195,0.00138,0.001858,4.816482,23.174084,0.00065659
4411097088,236932.8,0.000653,0.206899,0.00135,-0.222656,0.0,0.9457,0.8371,0.001299,0.001289,0.00209,4.964704,23.098068,0.00084749
4411883520,236486.9,0.006158,0.308268,0.001368,-0.230469,0.0,0.9445,0.8353,0.000958,0.00115,0.001597,5.031948,23.206463,0.00070592
4412669952,236399.8,0.002926,0.279248,0.001301,-0.22168,0.0,0.9439,0.8328,0.001122,0.001356,0.001828,5.100605,22.722,0.00076335
4413456384,236316.8,-0.004794,0.219234,0.001345,-0.22168,0.0,0.9434,0.8303,0.001253,0.001345,0.001974,5.266675,22.393539,0.00068505
4414242816,236229.8,0.006828,0.15868,0.001359,-0.217773,0.0,0.943,0.8283,0.000835,0.001272,0.001832,5.260461,22.2827,0.00071693
4415029248,235669.3,-0.010426,0.248114,0.001352,-0.219727,0.0,0.9425,0.8266,0.001342,0.001153,0.002001,4.667459,23.687506,0.00072129
4415815680,235587.0,-0.000746,0.248751,0.001431,-0.214844,0.0,0.9422,0.8246,0.001018,0.001347,0.00225,4.77284,23.298162,0.00075292
4416602112,235504.6,-0.007844,0.141393,0.00135,-0.217773,0.0,0.9421,0.8244,0.000975,0.001176,0.002025,4.841696,23.247185,0.00071119
4417388544,235068.6,0.002677,0.15359,0.001412,-0.22168,0.0,0.9419,0.8249,0.00151,0.00101,0.001754,5.191255,21.100445,0.00065921
4418174976,234983.4,0.004863,0.299623,0.001529,-0.222656,0.0,0.9423,0.8239,0.000989,0.001322,0.001963,4.749612,21.903793,0.00066623
4418961408,234887.2,0.001312,0.23322,0.00157,-0.21582,0.0,0.9417,0.8199,0.001272,0.001465,0.002206,4.727551,23.306173,0.0007162
4419747840,234800.1,-0.002039,0.18505,0.001633,-0.214844,0.0,0.9419,0.8191,0.001108,0.001361,0.001998,4.851446,23.109449,0.00071762
4420534272,234301.6,-0.005145,0.200693,0.001539,-0.219727,0.0,0.9415,0.8163,0.001024,0.001031,0.001573,5.003899,23.051641,0.00069303
4421320704,234206.9,-0.005417,0.188382,0.001385,-0.21582,0.0,0.9418,0.8165,0.001117,0.001174,0.001787,5.327236,22.544828,0.00068438
4422107136,234121.9,-0.005192,0.330124,0.001364,-0.235352,0.0,0.9418,0.8151,0.000982,0.001226,0.001693,5.540826,22.384695,0.00070243
4422893568,234037.2,0.002772,0.288189,0.001505,-0.228516,0.0,0.9418,0.8136,0.001126,0.001061,0.001922,4.834299,23.296478,0.00072548
4423680000,233567.0,-0.001722,0.270836,0.001432,-0.227539,0.0,0.9415,0.8126,0.00097,0.001349,0.002041,5.144127,23.103405,0.00071524
4424466432,233485.1,-0.004842,0.183216,0.001281,-0.227539,0.0,0.9421,0.8136,0.000983,0.001354,0.00188,5.198489,22.883276,0.00070439
4425252864,233403.9,-0.003724,0.254079,0.001289,-0.227539,0.0,0.9419,0.8102,0.00102,0.001225,0.001802,4.995285,22.685589,0.00069353
4426039296,232870.0,0.00201,0.234975,0.00141,-0.239258,0.0,0.9415,0.8083,0.00105,0.001346,0.001787,5.090189,22.152388,0.0007188
4426825728,232785.4,-0.007813,0.223841,0.00136,-0.232422,0.0,0.9415,0.8059,0.001073,0.001198,0.002041,4.993574,23.295135,0.00069425
4427612160,232703.2,0.003406,0.266101,0.001337,-0.233398,0.0,0.9413,0.8048,0.00145,0.00128,0.001963,5.321766,23.343634,0.00072414
4428398592,232619.0,0.000408,0.244673,0.001304,-0.228516,0.0,0.9407,0.8018,0.001233,0.001163,0.001924,4.958887,23.100113,0.00070004
4429185024,232170.1,-0.001386,0.316864,0.00133,-0.229492,0.0,0.9419,0.806,0.001099,0.001385,0.002342,5.051393,23.107969,0.0007217
4429971456,232084.7,0.000683,0.145875,0.001305,-0.21875,0.0,0.942,0.8067,0.001055,0.001107,0.001878,5.343564,22.841574,0.00064193
4430757888,232001.6,0.000763,0.192208,0.001235,-0.222656,0.0,0.942,0.8084,0.001127,0.001153,0.001966,5.50885,22.663321,0.00069243
4431544320,231602.0,0.001582,0.21794,0.001287,-0.229492,0.0,0.9419,0.8082,0.001308,0.001407,0.001918,5.363211,23.374966,0.0006937
4432330752,231521.5,0.012186,0.302339,0.001363,-0.229492,0.0,0.942,0.8085,0.001347,0.001394,0.002089,5.21057,23.369453,0.00073451
4433117184,231438.7,0.003539,0.277487,0.001401,-0.228516,0.0,0.9424,0.8091,0.001111,0.001495,0.001874,5.304113,23.123724,0.00077955
4433903616,231353.8,0.002519,0.319028,0.001448,-0.230469,0.0,0.9425,0.8081,0.001065,0.001413,0.001931,5.469262,22.834921,0.00073079
4434690048,230873.2,0.003082,0.352144,0.001418,-0.233398,0.0,0.9428,0.807,0.001152,0.001348,0.002464,5.204046,21.937401,0.00075833
4435476480,230788.9,-0.007675,0.198081,0.001267,-0.225586,0.0,0.9431,0.8093,0.000899,0.001347,0.002046,4.92392,23.256399,0.00073903
4436262912,230704.9,-0.006085,0.178404,0.001285,-0.226562,0.0,0.9427,0.8102,0.000797,0.001416,0.001989,5.077618,23.115513,0.00070927
4437049344,230261.1,0.004608,0.195194,0.001325,-0.226562,0.0,0.9424,0.8109,0.000951,0.001133,0.001837,4.711779,23.144917,0.00070387
4437835776,230183.4,0.000788,0.183652,0.001369,-0.212891,0.0,0.9425,0.8118,0.000988,0.001216,0.002014,4.967085,22.50301,0.0006903
4438622208,230103.7,-0.000169,0.199041,0.001243,-0.219727,0.0,0.9418,0.8106,0.001079,0.00106,0.002019,4.829485,22.30905,0.00068484
4439408640,230023.6,-0.001562,0.157774,0.00125,-0.211914,0.0,0.9418,0.8123,0.000903,0.00104,0.00194,5.030383,22.388739,0.00069209
4440195072,229665.3,-0.001955,0.275341,0.00146,-0.216797,0.0,0.942,0.8105,0.001049,0.001182,0.001692,4.55235,23.148037,0.00070074
4440981504,229588.5,0.002473,0.331776,0.001602,-0.216797,0.0,0.9414,0.8064,0.001153,0.001434,0.001786,5.030573,22.942554,0.00070882
4441767936,229497.6,-0.003083,0.291344,0.001577,-0.223633,0.0,0.9411,0.8028,0.00122,0.001299,0.002184,5.12386,22.770201,0.00070484
4442554368,229060.0,0.002381,0.217238,0.001654,-0.22168,0.0,0.9414,0.8038,0.000874,0.001272,0.00166,5.894694,22.564962,0.00067602
4443340800,228984.9,-0.006374,0.129204,0.001394,-0.21582,0.0,0.9415,0.8041,0.000908,0.001058,0.001883,5.741379,23.181866,0.00066595
4444127232,228906.8,-0.006445,0.189679,0.001362,-0.228516,0.0,0.9419,0.8039,0.001304,0.001224,0.001965,5.015604,24.237997,0.00069838
4444913664,228829.2,0.006549,0.212744,0.001326,-0.231445,0.0,0.9418,0.8045,0.001007,0.001227,0.001826,5.228122,23.897522,0.00065396
4445700096,228408.5,-0.003168,0.233497,0.001374,-0.232422,0.0,0.9418,0.8077,0.000873,0.001211,0.001782,5.276525,23.207348,0.00068638
4446486528,228331.1,-0.000354,0.218202,0.001318,-0.226562,0.0,0.9419,0.8084,0.000878,0.001129,0.00183,5.185706,22.720732,0.00069216
4447272960,228247.4,0.01124,0.232857,0.001276,-0.228516,0.0,0.9414,0.8082,0.001013,0.001105,0.001937,5.329764,22.520468,0.0006614
4448059392,228170.3,0.002314,0.196764,0.001424,-0.226562,0.0,0.941,0.8101,0.001088,0.001222,0.001841,5.122787,23.292776,0.00071769
4448845824,227732.6,-0.002582,0.170096,0.001421,-0.224609,0.0,0.9408,0.8107,0.000921,0.001141,0.0014,4.952978,23.604879,0.00074091
4449632256,227652.5,0.008229,0.128573,0.00134,-0.213867,0.0,0.9409,0.814,0.000862,0.000874,0.001344,5.008377,23.538982,0.00073925
4450418688,227573.6,0.001756,0.125997,0.001338,-0.21875,0.0,0.9412,0.8182,0.00101,0.00087,0.001486,4.927973,23.137409,0.00067327
4451205120,227148.5,0.002837,0.177498,0.001527,-0.22168,0.0,0.9414,0.8213,0.001147,0.000883,0.001639,5.426567,22.130844,0.00071468
4451991552,227075.1,-0.002522,0.108333,0.001505,-0.216797,0.0,0.9414,0.8212,0.000993,0.001062,0.001698,4.880387,23.408302,0.00069415
4452777984,226997.3,-0.004221,0.112419,0.001439,-0.21875,0.0,0.9417,0.8232,0.001083,0.000936,0.001638,4.948548,23.480688,0.00067533
4453564416,226921.8,0.003038,0.213936,0.001344,-0.222656,0.0,0.9419,0.8231,0.000945,0.000996,0.002128,4.947281,23.392643,0.00070235
4454350848,226513.9,-0.000655,0.231303,0.001687,-0.22168,0.0,0.9415,0.8216,0.000949,0.001429,0.001764,5.030313,22.891262,0.00068655
4455137280,226436.9,-0.006867,0.145067,0.001574,-0.211914,0.0,0.9416,0.823,0.000765,0.001199,0.001584,5.067454,22.718307,0.00075144
4455923712,226358.0,-0.003127,0.156266,0.001498,-0.214844,0.0,0.9424,0.826,0.001047,0.001066,0.001725,4.959231,22.675045,0.00074951
4456710144,225893.1,0.00434,0.250945,0.001522,-0.219727,0.0,0.9426,0.8277,0.000966,0.001112,0.001618,5.054475,23.502037,0.00069745
4457496576,225817.7,-0.001622,0.151367,0.001433,-0.210938,0.0,0.9435,0.8328,0.001322,0.001272,0.002258,4.931566,23.399246,0.00065157
4458283008,225741.0,-0.003102,0.143017,0.001461,-0.209961,0.0,0.9435,0.8326,0.001007,0.001152,0.001712,4.805409,23.376959,0.00071563
4459069440,225664.0,-0.002454,0.195041,0.00145,-0.213867,0.0,0.9441,0.833,0.000932,0.001159,0.001757,4.96787,23.224125,0.00065174
4459855872,225283.1,-0.000761,0.256849,0.001518,-0.211914,0.0,0.9444,0.8317,0.001033,0.001303,0.002074,5.424659,22.954002,0.00067994
4460642304,225206.9,0.000899,0.216796,0.001472,-0.208008,0.0,0.9441,0.8297,0.001519,0.001601,0.002447,4.472617,24.368343,0.00079255
4461428736,225131.6,-0.003651,0.230711,0.001539,-0.211914,0.0,0.944,0.8301,0.001029,0.001279,0.002232,4.907438,24.083298,0.00070156
4462215168,224686.7,0.002983,0.205299,0.001552,-0.216797,0.0,0.9437,0.8288,0.000988,0.00137,0.001688,4.958295,23.816078,0.00069059
4463001600,224610.9,0.000134,0.161973,0.001405,-0.209961,0.0,0.9436,0.8302,0.001674,0.001183,0.001989,4.834385,23.495581,0.00068383
4463788032,224537.6,-0.005273,0.184661,0.001434,-0.210938,0.0,0.9442,0.8351,0.001074,0.001052,0.002053,4.783616,23.401457,0.00060253
4464574464,224458.8,0.00042,0.141292,0.001356,-0.208984,0.0,0.9447,0.8403,0.000807,0.000972,0.001616,4.95433,22.881535,0.00061615
4465360896,224081.8,0.010009,0.184721,0.001446,-0.212891,0.0,0.9451,0.8423,0.000959,0.001101,0.001928,4.990319,24.119841,0.00067822
4466147328,224004.7,-0.002482,0.177219,0.001241,-0.217773,0.0,0.945,0.8437,0.000758,0.001036,0.001895,4.976443,24.151749,0.00067439
4466933760,223929.1,-0.0026,0.186937,0.001211,-0.223633,0.0,0.945,0.8461,0.000899,0.001033,0.001629,5.291711,23.6866,0.0006481
4467720192,223550.6,-0.001642,0.144553,0.001425,-0.22168,0.0,0.9449,0.847,0.000871,0.000966,0.001597,5.32734,21.969198,0.00075724
4468506624,223474.8,0.007828,0.270463,0.001461,-0.225586,0.0,0.9451,0.8471,0.001199,0.001104,0.002081,5.446668,22.281528,0.00071882
4469293056,223400.3,-0.001537,0.322977,0.00147,-0.233398,0.0,0.9455,0.8449,0.000912,0.001117,0.001641,5.2461,23.630377,0.00076676
4470079488,223324.3,0.000567,0.260104,0.001481,-0.238281,0.0,0.9456,0.8414,0.000883,0.001251,0.00204,5.0878,23.541519,0.00071267
4470865920,222710.6,-0.004362,0.236557,0.001475,-0.239258,0.0,0.9449,0.8369,0.001306,0.001271,0.001966,5.758356,23.284019,0.00065448
4471652352,222632.5,6.8e-05,0.275747,0.001382,-0.234375,0.0,0.9454,0.8355,0.001438,0.001579,0.002206,5.760369,23.267097,0.00072493
4472438784,222556.7,-0.003514,0.216632,0.001403,-0.231445,0.0,0.9451,0.8305,0.001026,0.001289,0.001842,5.668681,22.870472,0.00063902
4473225216,222485.1,0.001915,0.209587,0.001376,-0.227539,0.0,0.9443,0.8263,0.001311,0.001397,0.002008,5.475235,22.834112,0.00071021
4474011648,221936.9,-0.000219,0.37249,0.001594,-0.222656,0.0,0.9439,0.8236,0.001374,0.001247,0.00162,4.858609,23.8251,0.00069827
4474798080,221867.9,0.000662,0.168602,0.00152,-0.202148,0.0,0.944,0.8229,0.00088,0.00117,0.00157,4.846446,23.711767,0.00071138
4475584512,221798.4,0.000931,0.233983,0.001577,-0.209961,0.0,0.9441,0.8216,0.000965,0.001134,0.001829,4.922857,23.341681,0.00079036
4476370944,221384.5,0.000636,0.1626,0.001568,-0.209961,0.0,0.9437,0.8205,0.000899,0.000948,0.001431,5.386362,22.837738,0.00061417
4477157376,221312.5,-0.004574,0.208375,0.001415,-0.206055,0.0,0.9443,0.8221,0.00103,0.001069,0.001861,4.942295,22.636475,0.00074175
4477943808,221224.1,4e-06,0.203255,0.001407,-0.208984,0.0,0.9443,0.8214,0.000983,0.001129,0.001653,4.524748,23.776638,0.00068645
4478730240,221150.3,-0.002402,0.156933,0.001446,-0.211914,0.0,0.9444,0.8225,0.000989,0.001113,0.001867,4.753328,23.979206,0.00064417
4479516672,220825.8,0.009646,0.351042,0.001598,-0.222656,0.0,0.944,0.8197,0.001106,0.001483,0.001628,5.069691,23.259924,0.00070076
4480303104,220755.4,0.002131,0.222824,0.001536,-0.217773,0.0,0.9435,0.8176,0.001059,0.001254,0.001494,5.062264,23.053198,0.00071319
4481089536,220684.0,0.003948,0.182735,0.001562,-0.216797,0.0,0.9429,0.8156,0.001009,0.00105,0.001527,5.093815,22.737906,0.00068343
4481875968,220240.3,0.001643,0.240987,0.001463,-0.216797,0.0,0.943,0.8165,0.001218,0.000936,0.001676,4.930974,24.187737,0.00063741
4482662400,220172.5,-0.003523,0.193098,0.001435,-0.216797,0.0,0.9427,0.8166,0.001549,0.001232,0.001539,5.295934,23.776257,0.00070339
4483448832,220101.8,0.006769,0.212091,0.001429,-0.220703,0.0,0.9428,0.8182,0.001637,0.001109,0.001615,5.15865,23.761791,0.00072375
4484235264,220033.7,-0.008455,0.194245,0.001407,-0.22168,0.0,0.943,0.8174,0.001046,0.001044,0.001553,5.284153,23.32942,0.00064736
4485021696,219516.3,-0.011507,0.223856,0.001346,-0.228516,0.0,0.9439,0.8209,0.001023,0.001197,0.001601,5.727999,22.812534,0.00064969
4485808128,219448.6,-0.003405,0.20392,0.001258,-0.220703,0.0,0.9436,0.8176,0.000869,0.001428,0.001656,4.844916,24.002193,0.00072041
4486594560,219378.8,-0.002908,0.190722,0.001334,-0.219727,0.0,0.9431,0.815,0.001035,0.001043,0.001809,5.017818,24.011566,0.00069326
4487380992,218999.5,0.008474,0.249346,0.001302,-0.224609,0.0,0.9429,0.8124,0.001093,0.001143,0.001948,4.527363,24.040709,0.00072424
4488167424,218928.6,-0.00334,0.193845,0.001394,-0.216797,0.0,0.9421,0.8103,0.000993,0.000979,0.001887,5.218714,23.198133,0.00074662
4488953856,218859.3,-0.000958,0.130104,0.001483,-0.217773,0.0,0.9416,0.8109,0.000668,0.000796,0.001534,5.566867,22.916485,0.00078761
4489740288,218791.0,-0.002629,0.15417,0.001428,-0.228516,0.0,0.9415,0.8101,0.000789,0.001055,0.001536,5.346238,22.501892,0.00064858
4490526720,218414.4,0.000156,0.240111,0.001522,-0.224609,0.0,0.9407,0.8077,0.000924,0.001029,0.001713,4.969194,23.726677,0.00065882
4491313152,218343.2,-0.001127,0.213572,0.001477,-0.21875,0.0,0.9408,0.8069,0.000999,0.001111,0.001434,5.08151,23.503141,0.00080392
4492099584,218274.2,-0.000223,0.164905,0.001588,-0.21582,0.0,0.9403,0.8092,0.000854,0.001107,0.001696,5.10304,23.004301,0.00071042
4492886016,217862.2,-0.001087,0.154036,0.001624,-0.217773,0.0,0.9401,0.8117,0.000749,0.000857,0.001699,5.61563,22.977596,0.00071977
4493672448,217796.0,0.002002,0.265546,0.001429,-0.224609,0.0,0.9402,0.8131,0.000896,0.000959,0.001809,5.602432,23.143879,0.0007457
4494458880,217730.1,0.004801,0.217654,0.001446,-0.236328,0.0,0.9403,0.8139,0.000709,0.001265,0.001822,5.235774,24.118263,0.00068501
4495245312,217660.9,0.003083,0.251453,0.001475,-0.234375,0.0,0.9402,0.8151,0.000816,0.001178,0.002134,5.369493,24.135229,0.00080058
4496031744,217267.5,0.001938,0.164013,0.001434,-0.230469,0.0,0.9403,0.8174,0.001027,0.001055,0.001596,5.37325,23.60005,0.00075072
4496818176,217199.1,-0.001054,0.138697,0.001374,-0.224609,0.0,0.9408,0.8207,0.000615,0.000857,0.001634,5.566235,23.516094,0.00077864
4497604608,217128.1,0.004936,0.139592,0.001352,-0.222656,0.0,0.9413,0.8251,0.000821,0.00089,0.001477,5.640695,23.225332,0.00072778
4498391040,217061.8,0.003638,0.186347,0.001359,-0.224609,0.0,0.9417,0.8259,0.000756,0.000922,0.00147,5.485001,23.43483,0.00074633
4499177472,216704.4,0.000955,0.279973,0.001521,-0.233398,0.0,0.9416,0.8248,0.001232,0.001422,0.002127,4.86447,23.729145,0.00079396
4499963904,216637.6,0.00673,0.292325,0.001647,-0.232422,0.0,0.9411,0.8227,0.001261,0.001395,0.002229,5.264426,23.436834,0.00069992
4500750336,216557.9,0.003818,0.234055,0.001692,-0.229492,0.0,0.9409,0.8213,0.0011,0.001062,0.001552,5.427763,23.508995,0.00075409
4501536768,209547.0,0.002166,0.196442,0.001599,-0.226562,0.0,0.94,0.8165,0.000882,0.001088,0.001805,5.159761,22.380447,0.00074022
4502323200,209488.3,0.00454,0.258137,0.001446,-0.227539,0.0,0.9406,0.8185,0.001231,0.00136,0.002132,5.248073,22.387775,0.00080865
4503109632,209423.1,0.000154,0.293482,0.00147,-0.227539,0.0,0.9409,0.818,0.000872,0.001222,0.001895,5.329767,23.969578,0.00076049
4503896064,209363.2,-0.000532,0.311283,0.001484,-0.243164,0.0,0.9414,0.8153,0.000971,0.001343,0.001641,5.268095,24.104353,0.0007695
4504682496,208930.2,-0.002845,0.334129,0.001483,-0.244141,0.0,0.9412,0.8122,0.001272,0.001526,0.001634,5.691621,23.644329,0.00069545
4505468928,208869.2,-0.00181,0.190536,0.001442,-0.239258,0.0,0.9412,0.8087,0.00087,0.001288,0.001471,5.551405,23.34964,0.00084428
4506255360,208810.7,-0.004807,0.24712,0.001426,-0.240234,0.0,0.9409,0.806,0.000866,0.001298,0.001834,5.96774,22.927526,0.00069922
4507041792,208400.6,-0.006919,0.315098,0.001327,-0.242188,0.0,0.9409,0.8044,0.001016,0.001166,0.001827,4.998626,23.731228,0.00071167
4507828224,208341.2,0.000492,0.224699,0.0014,-0.222656,0.0,0.9406,0.8046,0.000895,0.001149,0.00214,5.117814,23.397568,0.0007099
4508614656,208279.2,-0.002674,0.185577,0.00142,-0.225586,0.0,0.94,0.8051,0.000983,0.001141,0.002069,5.048055,22.924053,0.00060246
4509401088,208219.4,-0.000881,0.205181,0.001498,-0.225586,0.0,0.9394,0.8064,0.000792,0.000818,0.001519,5.263035,22.595367,0.0006089
4510187520,207735.3,-0.000703,0.205965,0.001333,-0.231445,0.0,0.9388,0.8059,0.000593,0.000783,0.001407,5.404765,22.443113,0.00067228
4510973952,207677.4,0.000368,0.215714,0.001385,-0.227539,0.0,0.9393,0.8074,0.000709,0.000856,0.00127,5.164281,23.378424,0.0007019
4511760384,207613.8,0.002431,0.214104,0.001308,-0.224609,0.0,0.9393,0.806,0.000574,0.000962,0.00134,5.083059,23.817642,0.00067351
4512546816,207164.8,-0.004003,0.203178,0.001408,-0.220703,0.0,0.9391,0.8052,0.000717,0.000889,0.00157,4.782284,23.744589,0.00067249
4513333248,207107.0,0.002187,0.236077,0.001578,-0.212891,0.0,0.9389,0.8053,0.000759,0.001002,0.001836,5.065573,23.229507,0.0006999
4514119680,207048.1,-0.001714,0.202218,0.001535,-0.208984,0.0,0.9385,0.8045,0.000829,0.001008,0.001483,4.995965,22.990032,0.00076415
4514906112,206989.5,0.001232,0.166762,0.001476,-0.210938,0.0,0.9384,0.8045,0.000763,0.000909,0.001952,4.963993,22.720037,0.00068794
4515692544,206650.5,0.002598,0.178933,0.00136,-0.214844,0.0,0.9385,0.8044,0.000877,0.000866,0.001923,4.925546,23.956656,0.00069596
4516478976,206593.9,0.003567,0.268398,0.001332,-0.224609,0.0,0.9385,0.8045,0.001108,0.001168,0.001644,4.977159,23.835205,0.00064786
4517265408,206537.0,-0.001348,0.194991,0.00147,-0.22168,0.0,0.9385,0.8054,0.000874,0.001135,0.001762,4.998528,23.540672,0.00066757
4518051840,206175.0,0.00216,0.222555,0.001631,-0.220703,0.0,0.938,0.8037,0.000747,0.001022,0.001594,5.168121,22.243567,0.00067506
4518838272,206116.1,-0.001373,0.260372,0.001474,-0.220703,0.0,0.9376,0.8007,0.000645,0.00101,0.001446,5.236918,22.621412,0.00071928
4519624704,206058.5,-0.004595,0.351838,0.001494,-0.234375,0.0,0.9368,0.7965,0.00091,0.001095,0.001716,5.230718,23.775673,0.00069296
4520411136,206001.0,0.005295,0.323465,0.001558,-0.223633,0.0,0.9358,0.7905,0.00167,0.001225,0.001903,4.983983,23.966335,0.00071307
4521197568,205586.7,-0.009272,0.23271,0.001524,-0.227539,0.0,0.935,0.7867,0.001106,0.001201,0.001783,5.366076,23.728699,0.00068573
4521984000,205531.4,-0.000527,0.210552,0.001504,-0.223633,0.0,0.9345,0.7848,0.001543,0.001126,0.001678,5.425085,23.557135,0.00077699
4522770432,205475.1,0.002729,0.29338,0.001725,-0.22168,0.0,0.9337,0.7819,0.000981,0.001081,0.001758,5.517776,23.251858,0.00068876
4523556864,205417.7,0.000285,0.222967,0.001544,-0.220703,0.0,0.9336,0.782,0.000817,0.001049,0.001457,5.323899,23.081524,0.00063057
4524343296,205174.6,-0.008362,0.198233,0.001495,-0.208984,0.0,0.9335,0.783,0.00104,0.001156,0.001835,4.459363,24.301809,0.00077693
4525129728,205114.3,-0.008286,0.194591,0.001475,-0.210938,0.0,0.9332,0.7831,0.00099,0.001196,0.001777,4.809971,23.951706,0.00078902
4525916160,205058.5,0.000536,0.13402,0.001603,-0.210938,0.0,0.9329,0.7843,0.000635,0.00097,0.001576,4.907839,23.869024,0.00070949
4526702592,204798.4,-0.001441,0.225908,0.001692,-0.220703,0.0,0.9327,0.7849,0.000854,0.000923,0.001826,5.210605,23.191502,0.00067051
4527489024,204742.0,-0.000323,0.221172,0.001583,-0.223633,0.0,0.9323,0.7864,0.000944,0.001269,0.001774,5.417746,22.836628,0.00072591
4528275456,204685.3,-0.005678,0.18548,0.001441,-0.224609,0.0,0.9322,0.7886,0.001891,0.001055,0.001729,5.061999,24.241528,0.00070781
4529061888,204627.5,-0.003937,0.229664,0.001663,-0.235352,0.0,0.932,0.7903,0.001022,0.001242,0.002165,5.382504,23.927999,0.00073361
4529848320,204284.7,0.002217,0.411331,0.001712,-0.243164,0.0,0.9314,0.7883,0.001458,0.001288,0.002143,5.521173,23.043476,0.00079564
4530634752,204225.2,-0.000566,0.273673,0.001673,-0.229492,0.0,0.931,0.7883,0.001258,0.00105,0.001678,5.379802,23.044975,0.00075393
4531421184,204165.2,-0.005965,0.284704,0.001715,-0.232422,0.0,0.9297,0.7847,0.000988,0.00092,0.001729,5.815269,22.410358,0.00069096
4532207616,203881.4,0.000284,0.380902,0.001504,-0.236328,0.0,0.9292,0.7824,0.001075,0.001048,0.001909,5.175797,23.977772,0.00072891
4532994048,203826.3,-0.001057,0.215599,0.001539,-0.228516,0.0,0.9294,0.7808,0.000863,0.001171,0.002064,5.106639,24.019674,0.00074493
4533780480,203768.9,-0.003556,0.209149,0.001579,-0.224609,0.0,0.9292,0.7785,0.000733,0.001126,0.00154,5.137954,24.077953,0.0007055
4534566912,203710.4,-0.01017,0.28501,0.00141,-0.242188,0.0,0.9294,0.7761,0.000756,0.000865,0.001362,5.598233,23.466301,0.00077617
4535353344,203425.1,0.005043,0.378236,0.001407,-0.246094,0.0,0.9285,0.77,0.000826,0.001023,0.00185,6.080937,22.791458,0.00065737
4536139776,203368.2,-0.00473,0.241784,0.001496,-0.232422,0.0,0.9284,0.7677,0.000771,0.000993,0.001874,6.217892,22.414352,0.00072623
4536926208,203310.9,0.004858,0.311175,0.001326,-0.242188,0.0,0.9279,0.7643,0.000725,0.001081,0.001916,5.002454,24.088207,0.00069234
4537712640,203051.6,-0.001242,0.28903,0.001303,-0.240234,0.0,0.9275,0.761,0.000916,0.001385,0.002036,5.374369,24.134008,0.00074359
4538499072,202994.4,0.006391,0.228835,0.001193,-0.231445,0.0,0.9268,0.7594,0.000917,0.001129,0.002087,5.593607,23.813957,0.00064318
4539285504,202940.1,0.005972,0.279139,0.001206,-0.235352,0.0,0.9269,0.7595,0.001045,0.001338,0.001922,5.457814,23.322119,0.00066484
4540071936,202883.8,-0.00018,0.185399,0.001236,-0.226562,0.0,0.926,0.7565,0.000787,0.001261,0.001894,5.575354,23.142826,0.00070598
4540858368,202611.5,0.0009,0.240886,0.00132,-0.224609,0.0,0.9261,0.7566,0.000952,0.001235,0.001868,4.825169,23.833618,0.00067167
4541644800,202556.7,0.004459,0.288196,0.001387,-0.225586,0.0,0.9255,0.7541,0.000992,0.001004,0.001422,4.838521,23.757221,0.00075008
4542431232,202501.7,-0.002311,0.28373,0.00147,-0.240234,0.0,0.9248,0.7511,0.00116,0.001359,0.002075,5.744121,23.396244,0.00070636
4543217664,202178.8,0.000846,0.339303,0.0015,-0.240234,0.0,0.9243,0.7478,0.001103,0.001208,0.001772,5.45536,22.189632,0.00079015
4544004096,202120.6,0.003045,0.167648,0.001336,-0.219727,0.0,0.9241,0.7488,0.000902,0.000903,0.001558,5.352594,22.457235,0.00067656
4544790528,202065.4,-0.006227,0.311539,0.001356,-0.231445,0.0,0.9243,0.7497,0.000744,0.000956,0.001473,4.989171,24.050964,0.0006736
4545576960,202010.0,-0.000772,0.204608,0.001319,-0.225586,0.0,0.9248,0.7525,0.00095,0.00099,0.001842,4.915534,23.706732,0.00069418
4546363392,201693.6,-0.003886,0.237615,0.001575,-0.225586,0.0,0.9247,0.7515,0.000836,0.001068,0.002234,5.343462,23.720684,0.00066208
4547149824,201638.8,-0.003499,0.315407,0.00147,-0.227539,0.0,0.9252,0.7533,0.001141,0.001133,0.002376,5.406807,23.544601,0.00067738
4547936256,201582.4,-0.001524,0.216627,0.001505,-0.223633,0.0,0.925,0.7527,0.000745,0.000932,0.00163,5.856362,23.25585,0.00078838
4548722688,201527.9,0.003978,0.301727,0.001364,-0.219727,0.0,0.925,0.7519,0.000768,0.000817,0.001591,5.797324,22.985188,0.00070019
4549509120,201184.1,-0.003141,0.284117,0.001403,-0.227539,0.0,0.925,0.7513,0.001333,0.00146,0.001862,4.793525,23.839584,0.00071688
4550295552,201128.4,0.004476,0.280055,0.001417,-0.227539,0.0,0.925,0.7493,0.001016,0.001472,0.002115,4.762673,23.93111,0.0007469
4551081984,201074.4,0.008073,0.342664,0.001392,-0.231445,0.0,0.925,0.7453,0.000925,0.001254,0.001447,4.858942,23.485668,0.00074235
4551868416,200762.7,0.002033,0.425672,0.001561,-0.243164,0.0,0.9248,0.7405,0.001704,0.001105,0.001797,6.260051,22.731955,0.00067408
4552654848,200709.1,0.000485,0.529712,0.001726,-0.251953,0.0,0.9247,0.7347,0.002253,0.001032,0.001775,6.638844,22.530323,0.0007858
4553441280,200654.4,0.004905,0.586351,0.001545,-0.257812,0.0,0.9238,0.7241,0.001581,0.001125,0.001681,5.543765,24.051392,0.00075441
4554227712,200601.0,0.000378,0.493451,0.001566,-0.269531,0.0,0.923,0.7114,0.001289,0.001372,0.001906,5.428328,23.853237,0.00075886
4555014144,200342.4,-0.00058,0.443958,0.001615,-0.239258,0.0,0.9224,0.7076,0.001297,0.001195,0.001743,5.401949,23.684216,0.00073166
4555800576,200289.4,0.002044,0.422353,0.001611,-0.235352,0.0,0.9224,0.7074,0.000739,0.001117,0.001905,5.549444,23.339722,0.00069144
4556587008,200235.9,-0.006126,0.41477,0.00156,-0.239258,0.0,0.9224,0.7045,0.000659,0.001027,0.001509,5.95311,22.82305,0.00071089
4557373440,199944.7,0.003405,0.361481,0.001555,-0.235352,0.0,0.9226,0.7041,0.000789,0.001066,0.001825,5.061051,24.387039,0.00081328
4558159872,199890.4,-0.00219,0.321522,0.00151,-0.21875,0.0,0.9221,0.7031,0.001059,0.00098,0.001824,4.817968,24.340515,0.00075436
4558946304,199831.6,0.00152,0.26934,0.001495,-0.210938,0.0,0.9221,0.7024,0.001074,0.001009,0.002024,4.809738,24.155005,0.00078133
4559732736,199778.4,-0.002471,0.242988,0.001513,-0.211914,0.0,0.9223,0.7035,0.000774,0.000899,0.001789,5.06618,23.797535,0.00079695
4560519168,199451.0,-0.000683,0.269201,0.001406,-0.223633,0.0,0.9212,0.7022,0.001012,0.00097,0.001698,5.78716,23.482327,0.00060588
4561305600,199394.7,-0.000732,0.311859,0.00147,-0.227539,0.0,0.921,0.7047,0.00085,0.000959,0.001408,5.364523,23.154114,0.00065394
4562092032,199342.1,-0.005135,0.213681,0.001332,-0.222656,0.0,0.9203,0.7042,0.000843,0.000946,0.001701,4.81964,24.617355,0.00075335
4562878464,199003.1,-0.005848,0.206534,0.001369,-0.229492,0.0,0.9203,0.708,0.000813,0.000959,0.001476,4.973922,24.922832,0.00071814
4563664896,198941.9,3.7e-05,0.27651,0.001733,-0.234375,0.0,0.9205,0.7077,0.000926,0.001035,0.001411,5.551178,24.137817,0.00069498
4564451328,198890.6,0.001678,0.191632,0.001651,-0.230469,0.0,0.9212,0.7094,0.00083,0.000844,0.00138,5.681694,23.65699,0.00073359
4565237760,198836.9,-0.001046,0.295653,0.001767,-0.229492,0.0,0.9211,0.7064,0.000933,0.000909,0.001687,6.291519,23.360458,0.00082133
4566024192,198518.1,-0.003254,0.224704,0.0015,-0.226562,0.0,0.9213,0.7065,0.000937,0.000902,0.00176,4.902497,24.209972,0.00077543
4566810624,198460.5,-0.003423,0.194445,0.001413,-0.217773,0.0,0.9213,0.7061,0.000844,0.000872,0.001718,4.892525,23.931242,0.00077532
4567597056,198399.3,7.4e-05,0.219716,0.001482,-0.211914,0.0,0.9218,0.7096,0.000971,0.001001,0.001385,5.019483,23.909649,0.00073348
4568383488,198086.3,-0.003152,0.173931,0.001483,-0.209961,0.0,0.922,0.7131,0.000764,0.00079,0.001355,5.113203,22.710373,0.00074534
4569169920,198034.9,-0.007884,0.242247,0.001614,-0.21582,0.0,0.9218,0.7144,0.000879,0.001016,0.00165,5.690336,22.8624,0.00068389
4569956352,197981.3,-1.1e-05,0.326104,0.001574,-0.219727,0.0,0.9216,0.7129,0.000868,0.001032,0.00151,4.729105,24.280066,0.000653
4570742784,197927.9,-0.000268,0.243813,0.001612,-0.208008,0.0,0.9214,0.7125,0.000787,0.000857,0.001452,4.854398,24.491247,0.00065966
4571529216,197578.5,0.000789,0.308627,0.001695,-0.21582,0.0,0.9204,0.7107,0.000783,0.000961,0.00142,4.919107,24.382734,0.00070689
4572315648,197526.0,0.001399,0.284947,0.001474,-0.209961,0.0,0.9206,0.7124,0.000886,0.001207,0.00163,5.008159,23.948448,0.00066105
4573102080,197475.4,0.000499,0.291256,0.001498,-0.208984,0.0,0.9201,0.7123,0.00084,0.001035,0.001335,5.140195,23.877121,0.00069621
4573888512,197139.0,0.002734,0.274457,0.001472,-0.210938,0.0,0.9197,0.7129,0.000647,0.001061,0.001902,5.458515,23.550152,0.00070067
4574674944,197087.4,0.001346,0.230401,0.001404,-0.208008,0.0,0.9193,0.712,0.000748,0.001032,0.001967,4.594185,24.671537,0.00075038
4575461376,197036.3,-0.001061,0.217405,0.001498,-0.214844,0.0,0.9198,0.7162,0.000969,0.001063,0.001794,4.80687,24.108322,0.00069738
4576247808,196982.9,0.001315,0.184774,0.001401,-0.212891,0.0,0.9202,0.7205,0.000801,0.001002,0.00173,5.014777,23.805038,0.00072114
4577034240,196728.2,-0.001129,0.216691,0.001405,-0.223633,0.0,0.9199,0.7229,0.000847,0.000859,0.001498,5.41001,23.511837,0.00066696
4577820672,196676.9,-0.000676,0.195895,0.001251,-0.223633,0.0,0.9199,0.7292,0.000733,0.00087,0.00138,5.571671,23.281469,0.00066393
4578607104,196625.3,-5.6e-05,0.129568,0.001272,-0.223633,0.0,0.92,0.7374,0.000627,0.000844,0.00138,5.006942,24.366728,0.00068333
4579393536,196574.0,-0.000225,0.199603,0.00134,-0.225586,0.0,0.9208,0.7522,0.000806,0.000945,0.001418,5.129109,24.5742,0.00071167
4580179968,196249.9,-0.003103,0.249359,0.00133,-0.225586,0.0,0.9215,0.7611,0.000756,0.001016,0.001752,5.42723,23.729328,0.00073837
4580966400,196198.9,0.003059,0.312061,0.001441,-0.230469,0.0,0.9227,0.7673,0.001001,0.001038,0.001921,5.330261,23.392553,0.00080856
4581752832,196147.1,0.001054,0.249042,0.001444,-0.223633,0.0,0.9238,0.7717,0.000874,0.000881,0.001422,5.494299,23.225552,0.00072875
4582539264,195868.5,-0.002625,0.223261,0.001494,-0.213867,0.0,0.9246,0.7784,0.000866,0.001001,0.001422,4.737811,24.055264,0.00067066
4583325696,195812.9,0.004033,0.337932,0.001437,-0.213867,0.0,0.9251,0.7801,0.000762,0.000966,0.001589,4.495601,23.983763,0.00073956
4584112128,195761.6,-0.004731,0.217946,0.001439,-0.213867,0.0,0.9255,0.7834,0.000765,0.001006,0.001944,4.741714,23.729671,0.00072715
4584898560,195710.4,-0.005091,0.227031,0.001455,-0.214844,0.0,0.9255,0.7845,0.000693,0.000809,0.001683,4.910036,23.351006,0.00066775
4585684992,195457.9,0.002371,0.173558,0.001386,-0.209961,0.0,0.9257,0.7868,0.000626,0.00091,0.001609,5.236512,22.721004,0.00066461
4586471424,195404.0,0.000586,0.169954,0.001352,-0.209961,0.0,0.9262,0.7885,0.000611,0.000923,0.001483,4.819171,22.621078,0.00069282
4587257856,195353.5,0.004098,0.15775,0.001419,-0.217773,0.0,0.9267,0.7892,0.000751,0.00107,0.001551,4.659127,24.08374,0.00070315
4588044288,195127.9,0.0044,0.166652,0.00136,-0.208984,0.0,0.9278,0.7917,0.000758,0.00083,0.001263,5.019982,24.662861,0.00065644
4588830720,195079.3,-0.003381,0.187113,0.001301,-0.212891,0.0,0.9283,0.7957,0.00074,0.000881,0.001263,4.937971,24.122459,0.00066594
4589617152,195029.1,-0.004278,0.216656,0.001392,-0.21582,0.0,0.9291,0.7992,0.000728,0.001007,0.001738,5.226879,23.827393,0.00065344
4590403584,194979.8,-0.001969,0.153126,0.001396,-0.208008,0.0,0.93,0.8037,0.000868,0.000877,0.001373,5.185997,23.371296,0.00070374
4591190016,194713.9,-0.00499,0.15941,0.001328,-0.212891,0.0,0.9305,0.8056,0.000773,0.000929,0.001631,4.936272,24.648815,0.00070295
4591976448,194663.5,-0.005526,0.282251,0.001477,-0.214844,0.0,0.9312,0.8053,0.00057,0.000966,0.001451,5.090094,24.590851,0.00075513
4592762880,194613.8,0.005988,0.277598,0.001405,-0.222656,0.0,0.9321,0.8054,0.000524,0.001092,0.001722,5.507424,24.43775,0.00070593
4593549312,194221.4,-3e-05,0.217621,0.001437,-0.223633,0.0,0.9335,0.8092,0.000632,0.000731,0.001179,5.2209,22.754097,0.00076094
4594335744,194172.6,0.008751,0.169904,0.001436,-0.205078,0.0,0.9346,0.8143,0.00072,0.000862,0.001329,5.086783,22.935659,0.00068848
4595122176,194122.9,0.000652,0.209522,0.001394,-0.209961,0.0,0.9357,0.8186,0.000968,0.000986,0.001613,4.871886,23.161407,0.0006871
4595908608,194073.1,-0.001686,0.239246,0.001492,-0.220703,0.0,0.9361,0.8191,0.000864,0.000815,0.001402,5.0208,23.979843,0.00069768
4596695040,193647.5,0.00441,0.393204,0.00147,-0.242188,0.0,0.9365,0.8178,0.000608,0.000868,0.001415,5.996976,24.081078,0.00069031
4597481472,193596.8,-0.000495,0.346696,0.001449,-0.24707,0.0,0.9369,0.8171,0.000628,0.001159,0.001345,5.922412,23.871098,0.00070715
4598267904,193545.6,0.001122,0.325565,0.001389,-0.241211,0.0,0.9372,0.8138,0.001079,0.001142,0.001658,5.92311,23.362814,0.0007687
4599054336,193252.5,0.005399,0.290478,0.001336,-0.235352,0.0,0.9364,0.8085,0.000667,0.000756,0.001434,5.629677,22.032658,0.00075913
4599840768,193202.2,0.001511,0.290436,0.001397,-0.228516,0.0,0.9358,0.8049,0.000617,0.001084,0.001468,4.897262,24.022453,0.00076476
4600627200,193151.7,-0.003717,0.267098,0.001422,-0.223633,0.0,0.9362,0.8043,0.000619,0.001145,0.001316,5.047628,23.957769,0.00077797
4601413632,193102.3,-0.000883,0.117456,0.001407,-0.21582,0.0,0.9364,0.8046,0.000762,0.000848,0.001703,5.108909,23.563152,0.00066817
4602200064,192858.4,0.0079,0.249763,0.001427,-0.223633,0.0,0.9358,0.8021,0.000613,0.000939,0.001644,5.189528,23.673428,0.0007395
4602986496,192807.1,0.004921,0.187394,0.001495,-0.211914,0.0,0.9361,0.8013,0.000579,0.000791,0.001294,5.379078,23.400585,0.0007205
4603772928,192757.1,0.003087,0.176627,0.001317,-0.21582,0.0,0.9368,0.8038,0.000838,0.000836,0.001323,5.01186,24.289257,0.00075282
4604559360,192708.5,-0.001386,0.179579,0.001327,-0.21582,0.0,0.9371,0.8077,0.000607,0.000762,0.001352,5.058661,24.361761,0.00074001
4605345792,192445.5,0.005248,0.297373,0.001379,-0.227539,0.0,0.9373,0.8083,0.001002,0.000897,0.00205,5.603554,24.070402,0.00068826
4606132224,192398.1,-0.003518,0.211153,0.00139,-0.226562,0.0,0.9376,0.8072,0.000789,0.001035,0.001488,5.375517,23.790464,0.00074324
4606918656,192349.5,0.00581,0.320413,0.001358,-0.239258,0.0,0.9379,0.8054,0.000802,0.000935,0.001666,6.059276,23.613506,0.00067188
4607705088,192114.7,-0.002022,0.306017,0.001349,-0.249023,0.0,0.9381,0.8027,0.000723,0.000956,0.001658,4.920878,24.277332,0.00076379
4608491520,192063.4,-0.005607,0.262867,0.001333,-0.231445,0.0,0.939,0.8018,0.000775,0.001226,0.001662,5.219121,24.278112,0.00072295
4609277952,192016.2,0.004496,0.250014,0.001313,-0.234375,0.0,0.9391,0.7994,0.000864,0.001106,0.001975,5.278617,23.757156,0.00066845
4610064384,191967.1,0.004054,0.194392,0.001415,-0.226562,0.0,0.9393,0.7997,0.000819,0.000804,0.001358,5.421175,23.739708,0.00074041
4610850816,191705.8,0.001657,0.242733,0.001377,-0.235352,0.0,0.9394,0.7976,0.000766,0.000975,0.001552,6.120558,23.279181,0.00069859
4611637248,191659.4,0.001791,0.219327,0.001311,-0.229492,0.0,0.9394,0.7949,0.000797,0.00095,0.001658,5.88512,22.798428,0.00075123
4612423680,191613.1,-0.004246,0.250582,0.001308,-0.230469,0.0,0.9393,0.7938,0.00128,0.000986,0.001618,4.952682,24.361746,0.00082428
4613210112,191334.8,-0.001299,0.230288,0.001557,-0.230469,0.0,0.939,0.7914,0.001028,0.000883,0.001469,5.312837,24.76148,0.00075361
4613996544,191288.5,-0.00491,0.254389,0.00136,-0.229492,0.0,0.9388,0.7895,0.000903,0.000946,0.001562,5.734168,24.079628,0.00077752
4614782976,191240.2,0.002973,0.284594,0.001421,-0.228516,0.0,0.9387,0.7893,0.00115,0.00087,0.001428,5.680925,23.994946,0.00073995
4615569408,191193.4,0.001817,0.17571,0.001418,-0.220703,0.0,0.9383,0.7904,0.000732,0.000854,0.001386,5.521081,24.003307,0.00081151
4616355840,190936.4,0.000968,0.189739,0.001425,-0.210938,0.0,0.9386,0.7917,0.000634,0.000825,0.00135,4.644071,24.653387,0.00073039
4617142272,190889.9,-0.00075,0.199157,0.001497,-0.206055,0.0,0.9381,0.7909,0.000695,0.000735,0.001361,4.890673,24.662457,0.00062598
4617928704,190835.0,0.003497,0.272604,0.001491,-0.214844,0.0,0.938,0.7901,0.000714,0.000851,0.001453,4.988711,24.194021,0.00065126
4618715136,190518.0,-0.001435,0.203364,0.001637,-0.214844,0.0,0.9381,0.7907,0.000687,0.00076,0.001313,5.173959,23.220245,0.00066318
4619501568,190470.9,-0.0005,0.260428,0.001501,-0.220703,0.0,0.9387,0.7917,0.000777,0.000829,0.00136,5.317612,23.195435,0.00076747
4620288000,190421.8,0.003475,0.226923,0.001685,-0.21582,0.0,0.9382,0.7934,0.00087,0.000794,0.001515,5.226238,22.864616,0.00078237
4621074432,190374.2,-0.001723,0.207457,0.001416,-0.217773,0.0,0.9382,0.7973,0.000809,0.000922,0.001795,4.940338,23.905132,0.00072419
4621860864,190072.3,-0.001138,0.206499,0.001362,-0.219727,0.0,0.9384,0.8006,0.000559,0.00075,0.001199,5.170269,24.075344,0.00068215
4622647296,190023.1,-0.004251,0.148806,0.001301,-0.216797,0.0,0.9391,0.8048,0.000729,0.000987,0.001464,5.546924,23.826002,0.00065
4623433728,189976.1,0.001632,0.239819,0.001341,-0.219727,0.0,0.9391,0.8054,0.000743,0.001012,0.001416,5.312877,23.689703,0.00065917
4624220160,189648.6,0.007641,0.268515,0.001325,-0.220703,0.0,0.9399,0.8061,0.000791,0.000906,0.001704,5.853136,22.467514,0.00064228
4625006592,189601.9,-0.002895,0.148551,0.001301,-0.21875,0.0,0.9403,0.8066,0.00069,0.000932,0.001468,5.049112,24.307852,0.0007058
4625793024,189555.6,0.001042,0.185767,0.001302,-0.223633,0.0,0.9405,0.8084,0.000768,0.000917,0.001763,5.117013,24.519882,0.00070135
4626579456,189509.3,0.002325,0.212332,0.001459,-0.225586,0.0,0.9406,0.8081,0.000601,0.000833,0.001245,5.163389,24.340826,0.00070003
4627365888,189245.6,-0.002471,0.225788,0.001378,-0.233398,0.0,0.9411,0.8098,0.000775,0.000919,0.001385,5.857739,24.016113,0.0006793
4628152320,189197.9,-0.002423,0.150183,0.00142,-0.223633,0.0,0.9405,0.8082,0.000725,0.001084,0.001441,5.689564,23.728842,0.00072498
4628938752,189150.9,-0.00168,0.166165,0.001265,-0.229492,0.0,0.9409,0.8118,0.000668,0.000826,0.001603,5.183923,24.35548,0.00069518
4629725184,189104.3,9e-06,0.269668,0.001387,-0.243164,0.0,0.9414,0.815,0.000702,0.000901,0.001306,5.345942,24.290447,0.00071481
4630511616,188857.4,0.003384,0.244787,0.001511,-0.235352,0.0,0.9411,0.8153,0.001081,0.0012,0.00152,5.504585,23.466797,0.00072499
4631298048,188815.2,0.00501,0.236439,0.00153,-0.231445,0.0,0.9413,0.8182,0.000849,0.000908,0.001685,5.525659,23.207634,0.00076055
4632084480,188768.6,-0.002614,0.190201,0.001483,-0.225586,0.0,0.9412,0.8185,0.000795,0.000848,0.001725,5.446908,23.192932,0.00066109
4632870912,188515.2,-0.003989,0.156143,0.001494,-0.220703,0.0,0.9406,0.8179,0.000514,0.000704,0.001245,4.967333,24.170357,0.00065892
4633657344,188468.8,0.002599,0.235614,0.001363,-0.216797,0.0,0.941,0.8185,0.000709,0.000845,0.001407,4.817219,24.645941,0.00081055
4634443776,188424.1,0.007456,0.167166,0.001399,-0.21582,0.0,0.9405,0.8184,0.000784,0.000862,0.00171,4.810636,24.033905,0.00069713
4635230208,188378.2,0.004256,0.194252,0.001379,-0.21875,0.0,0.9406,0.8214,0.000908,0.000837,0.001607,5.029423,23.862865,0.00067652
4636016640,188041.6,0.00111,0.261386,0.00143,-0.229492,0.0,0.9411,0.8238,0.00079,0.001222,0.001715,5.646197,23.638599,0.00075716
4636803072,187995.9,-0.005489,0.238257,0.001443,-0.227539,0.0,0.9411,0.8241,0.000785,0.001043,0.00119,5.817745,23.482687,0.00080016
4637589504,187945.8,-0.001114,0.208506,0.001407,-0.227539,0.0,0.9408,0.8231,0.00066,0.000911,0.001166,5.011245,24.153656,0.00071198
4638375936,187607.8,0.002729,0.323352,0.001415,-0.235352,0.0,0.9403,0.8208,0.000865,0.000813,0.001463,5.280717,24.285332,0.00067555
4639162368,187562.7,0.007818,0.253611,0.001375,-0.216797,0.0,0.9399,0.8206,0.000628,0.001014,0.001573,4.990978,23.968801,0.00074292
4639948800,187518.5,-0.002132,0.192782,0.0014,-0.212891,0.0,0.9401,0.821,0.000775,0.00093,0.001373,5.267166,23.646263,0.00061326
4640735232,187474.3,-0.003926,0.149384,0.001326,-0.212891,0.0,0.9403,0.8208,0.00055,0.000766,0.001179,5.01244,23.56118,0.00070021
4641521664,187084.7,0.000678,0.192306,0.001451,-0.216797,0.0,0.9399,0.819,0.000476,0.000721,0.001212,4.930589,24.552765,0.00068524
4642308096,187038.7,-0.004682,0.180089,0.00152,-0.222656,0.0,0.9407,0.8222,0.000755,0.000797,0.001381,5.110393,24.379406,0.00072213
4643094528,186993.2,0.003336,0.222623,0.001501,-0.219727,0.0,0.9405,0.8223,0.00056,0.00078,0.001426,5.034246,24.070471,0.00073945
4643880960,186626.3,0.003925,0.227533,0.001452,-0.22168,0.0,0.9413,0.8245,0.000654,0.0008,0.001281,5.519779,23.468884,0.00070732
4644667392,186581.7,-0.00435,0.350693,0.001431,-0.231445,0.0,0.9413,0.822,0.000858,0.000898,0.001193,5.611525,23.351303,0.00078052
4645453824,186536.3,-3.2e-05,0.273678,0.001387,-0.222656,0.0,0.9415,0.8207,0.0008,0.000894,0.001285,5.422123,22.912704,0.0007593
4646240256,186489.6,-0.004408,0.202066,0.001345,-0.21582,0.0,0.9415,0.8194,0.000736,0.000756,0.000937,5.023334,24.376753,0.00075359
4647026688,186171.7,0.000607,0.288197,0.001293,-0.224609,0.0,0.9411,0.8186,0.000842,0.000991,0.001445,5.294331,24.348507,0.00060918
4647813120,186128.3,-0.005337,0.203454,0.001234,-0.21582,0.0,0.9411,0.8198,0.000677,0.000942,0.001441,5.303847,24.051121,0.00072597
4648599552,186082.4,-0.001055,0.184492,0.00127,-0.213867,0.0,0.9406,0.8181,0.000767,0.000906,0.001379,5.176228,23.923294,0.00072459
4649385984,185864.2,0.003625,0.214394,0.001239,-0.210938,0.0,0.9401,0.8159,0.000613,0.000798,0.001557,5.791994,22.469193,0.00069961
4650172416,185818.0,0.005687,0.305932,0.001491,-0.223633,0.0,0.9395,0.8137,0.000768,0.000916,0.001544,4.855486,24.920097,0.00071834
4650958848,185773.8,-0.004735,0.273485,0.001402,-0.229492,0.0,0.9391,0.8115,0.000824,0.001168,0.00157,5.374089,24.478497,0.00081813
4651745280,185729.3,0.004091,0.279345,0.001531,-0.238281,0.0,0.9384,0.8086,0.000791,0.000965,0.001554,5.613897,24.301008,0.00079711
4652531712,185492.7,-0.005202,0.206433,0.001472,-0.225586,0.0,0.9373,0.8038,0.000934,0.000858,0.001423,5.350853,23.717688,0.00075847
4653318144,185447.3,0.006006,0.185759,0.001514,-0.21582,0.0,0.937,0.8038,0.000697,0.000808,0.001159,5.424479,23.512375,0.00074802
4654104576,185402.0,-0.0016,0.241954,0.001368,-0.223633,0.0,0.9368,0.8038,0.000681,0.000818,0.001525,5.276739,23.290693,0.00075402
4654891008,185358.3,-0.000974,0.183748,0.001332,-0.216797,0.0,0.937,0.8055,0.000528,0.000837,0.001309,4.854599,24.133549,0.00073938
4655677440,185135.1,0.004138,0.279514,0.001375,-0.227539,0.0,0.9366,0.8046,0.000617,0.000747,0.001287,5.486544,24.365301,0.00075294
4656463872,185087.3,-0.006864,0.17676,0.001581,-0.222656,0.0,0.9373,0.807,0.000781,0.000825,0.001477,5.408824,24.033207,0.00070459
4657250304,185043.3,0.004458,0.222805,0.001391,-0.219727,0.0,0.9369,0.8058,0.000631,0.000961,0.001339,5.363424,23.851101,0.00067067
4658036736,184775.6,0.001252,0.208637,0.001573,-0.21875,0.0,0.9373,0.807,0.000648,0.000869,0.001506,5.388583,22.97369,0.00072156
4658823168,184731.9,-0.002909,0.200031,0.001574,-0.216797,0.0,0.9372,0.8058,0.000486,0.000743,0.001334,5.044149,24.657888,0.00080719
4659609600,184689.0,-0.007061,0.163869,0.001702,-0.217773,0.0,0.9371,0.8063,0.000683,0.000768,0.001311,5.172513,24.47142,0.00067576
4660396032,184645.8,0.002869,0.19166,0.001548,-0.214844,0.0,0.9369,0.8064,0.000629,0.000947,0.001282,5.394912,24.050468,0.00064941
4661182464,184442.6,-0.003352,0.174687,0.001408,-0.210938,0.0,0.9374,0.81,0.000662,0.00077,0.001324,5.101158,23.84449,0.00075625
4661968896,184398.6,-0.000727,0.130113,0.001343,-0.206055,0.0,0.9377,0.8121,0.000593,0.000644,0.001105,5.203572,23.897411,0.00063341
4662755328,184357.6,-0.003977,0.163732,0.001359,-0.208984,0.0,0.9383,0.8143,0.000644,0.000789,0.00122,4.901274,24.840094,0.00073016
4663541760,184103.0,0.004007,0.164784,0.001464,-0.216797,0.0,0.9382,0.8155,0.000627,0.000689,0.001249,5.063778,25.152817,0.00068423
4664328192,184060.7,0.006224,0.14906,0.001375,-0.225586,0.0,0.939,0.816,0.000792,0.000913,0.001522,5.364192,24.690334,0.00073508
4665114624,184020.0,-0.001765,0.153601,0.001354,-0.220703,0.0,0.9393,0.8151,0.000752,0.000806,0.001391,5.46028,24.517254,0.00076213
4665901056,183977.4,0.00701,0.19228,0.001376,-0.217773,0.0,0.9396,0.8146,0.000621,0.000773,0.001459,5.698734,24.045042,0.00071002
4666687488,183766.4,0.006167,0.305816,0.001385,-0.225586,0.0,0.9396,0.8129,0.000933,0.000995,0.001324,5.01804,24.748749,0.00069004
4667473920,183725.2,0.00096,0.316283,0.001548,-0.225586,0.0,0.9392,0.8118,0.000981,0.001075,0.001551,4.938159,24.547989,0.00067783
4668260352,183682.4,0.002793,0.268369,0.001397,-0.225586,0.0,0.9392,0.8137,0.000797,0.001074,0.001475,5.053607,24.277105,0.00066465
4669046784,183449.0,-0.001878,0.222798,0.001487,-0.222656,0.0,0.9392,0.814,0.000656,0.00082,0.001114,5.06599,23.991079,0.00062815
4669833216,183407.9,-0.000584,0.219587,0.001441,-0.22168,0.0,0.9393,0.8134,0.000578,0.000789,0.001437,5.703593,23.689474,0.0007713
4670619648,183366.9,-0.001228,0.238291,0.001544,-0.217773,0.0,0.9393,0.8136,0.000611,0.000914,0.001439,5.771666,23.690334,0.00076732
4671406080,183325.8,-0.00504,0.202156,0.001354,-0.22168,0.0,0.9392,0.8138,0.000598,0.000773,0.001366,4.9237,24.733513,0.00079507
4672192512,183085.2,0.005052,0.268336,0.001399,-0.220703,0.0,0.9392,0.8131,0.000856,0.00095,0.001154,5.144783,24.801449,0.00068791
4672978944,183044.4,-0.000538,0.290972,0.001385,-0.222656,0.0,0.9393,0.8126,0.000715,0.0008,0.001342,5.455163,24.635931,0.00083624
4673765376,182993.1,-0.003967,0.204728,0.001417,-0.217773,0.0,0.939,0.812,0.000663,0.000787,0.001307,5.349515,24.381353,0.00072454
4674551808,182647.9,0.003982,0.278549,0.001676,-0.216797,0.0,0.9399,0.8161,0.000592,0.000684,0.001029,5.638617,22.488043,0.00068975
4675338240,182604.8,0.001106,0.326962,0.001358,-0.216797,0.0,0.9407,0.8186,0.000655,0.000697,0.001208,5.098002,24.844696,0.00074704
4676124672,182563.8,-0.001329,0.215986,0.001372,-0.21582,0.0,0.9416,0.8196,0.000664,0.000869,0.001303,4.915169,24.851873,0.00078017
4676911104,182523.6,-0.004489,0.220611,0.001369,-0.208984,0.0,0.9421,0.822,0.000609,0.00073,0.00144,4.965418,24.801937,0.00072717
4677697536,182242.8,0.00247,0.209447,0.001415,-0.208984,0.0,0.9421,0.8216,0.000603,0.000774,0.001305,5.104121,24.246237,0.00067567
4678483968,182193.2,-0.002995,0.192601,0.001459,-0.208984,0.0,0.9423,0.8216,0.00058,0.000783,0.001433,5.265379,23.899908,0.00064663
4679270400,182152.8,-0.001644,0.211323,0.001481,-0.209961,0.0,0.942,0.8219,0.000526,0.000757,0.001252,4.937579,23.664648,0.00075268
4680056832,182112.7,0.002987,0.25726,0.001592,-0.213867,0.0,0.9419,0.8203,0.000585,0.000697,0.001087,4.819272,24.781525,0.00073113
4680843264,181857.4,-0.004559,0.14953,0.001367,-0.202148,0.0,0.942,0.8217,0.000603,0.000771,0.001286,4.854542,24.731771,0.00063835
4681629696,181816.7,0.000825,0.079668,0.001335,-0.196289,0.0,0.9422,0.8239,0.000438,0.000726,0.000991,4.908841,24.270927,0.00070931
4682416128,181775.3,-0.005089,0.096189,0.001327,-0.201172,0.0,0.942,0.8261,0.000612,0.000719,0.001082,4.993545,24.092825,0.00068957
4683202560,181501.2,-0.001859,0.195351,0.001555,-0.209961,0.0,0.9416,0.8262,0.000419,0.000718,0.000959,5.276519,23.207504,0.00075539
4683988992,181461.0,-0.003927,0.153158,0.001282,-0.217773,0.0,0.9419,0.8264,0.000553,0.000683,0.001028,5.069829,24.605909,0.00073988
4684775424,181419.5,-0.005265,0.214,0.001372,-0.225586,0.0,0.9417,0.8248,0.000734,0.000802,0.001488,5.389853,24.620247,0.00070961
4685561856,181377.7,0.005283,0.204342,0.001484,-0.223633,0.0,0.9421,0.8234,0.000837,0.000707,0.000997,5.49013,24.397793,0.00066809
4686348288,181052.6,0.003178,0.190556,0.001513,-0.222656,0.0,0.9422,0.8235,0.000469,0.00075,0.001118,5.269217,23.712399,0.00079603
4687134720,181012.5,0.007267,0.215792,0.001366,-0.223633,0.0,0.9421,0.822,0.000739,0.000759,0.001309,5.59368,23.621176,0.00074411
4687921152,180966.7,-0.002065,0.127777,0.001336,-0.22168,0.0,0.9419,0.8233,0.000841,0.000885,0.001331,5.112414,24.235388,0.00073984
4688707584,180668.2,-0.006496,0.153523,0.001387,-0.223633,0.0,0.9418,0.8252,0.00063,0.000609,0.001039,5.036094,24.590996,0.0007152
4689494016,180626.9,-0.000909,0.251065,0.001443,-0.226562,0.0,0.9418,0.8253,0.000629,0.000754,0.00147,5.148829,24.18742,0.00073791
4690280448,180585.0,-0.006514,0.18462,0.001511,-0.219727,0.0,0.9423,0.8305,0.000938,0.000705,0.001363,5.20503,23.726063,0.00075238
4691066880,180545.8,-0.000943,0.134918,0.001489,-0.21582,0.0,0.9427,0.8328,0.000686,0.000699,0.001019,5.103472,23.594442,0.00074542
4691853312,180271.4,0.004171,0.190926,0.001369,-0.21875,0.0,0.9439,0.8379,0.000536,0.000702,0.000841,5.095422,24.393665,0.00072168
4692639744,180232.4,-0.006048,0.108651,0.001337,-0.216797,0.0,0.9445,0.8409,0.000572,0.000562,0.000931,5.088185,24.526442,0.00067111
4693426176,180193.8,-0.001096,0.154519,0.001275,-0.21582,0.0,0.9453,0.8445,0.000635,0.000875,0.001197,5.162669,24.380619,0.00074043
4694212608,179949.7,0.004171,0.144138,0.001295,-0.211914,0.0,0.9465,0.8483,0.000515,0.00077,0.000983,5.034884,24.015469,0.00068238
4694999040,179911.0,-0.002582,0.14823,0.001413,-0.201172,0.0,0.9469,0.8508,0.000406,0.000582,0.000758,5.085521,23.790045,0.00068188
4695785472,179869.0,-0.005797,0.161181,0.001354,-0.208984,0.0,0.9473,0.8531,0.000583,0.000566,0.000895,5.109221,23.689682,0.00074096
4696571904,179820.3,0.00063,0.168487,0.001368,-0.207031,0.0,0.9473,0.854,0.001176,0.000688,0.001161,4.641584,24.593151,0.00079198
4697358336,179491.3,0.004309,0.247995,0.001445,-0.21582,0.0,0.9477,0.8558,0.001031,0.000745,0.001371,4.870623,24.248135,0.00061676
4698144768,179450.3,0.001674,0.20067,0.001451,-0.216797,0.0,0.9475,0.8558,0.000632,0.000802,0.001402,5.03276,23.723804,0.00070496
4698931200,179412.0,0.005979,0.292892,0.001475,-0.222656,0.0,0.9473,0.8566,0.000599,0.000769,0.001201,5.349509,23.477192,0.00083718
4699717632,179149.4,0.004714,0.220262,0.001566,-0.222656,0.0,0.947,0.8548,0.000569,0.000709,0.001077,5.459868,22.094261,0.0006615
4700504064,179111.0,0.006698,0.181614,0.001347,-0.209961,0.0,0.9469,0.8549,0.000543,0.000773,0.001184,4.806742,24.396664,0.00067004
4701290496,179066.9,0.001969,0.192652,0.001208,-0.21582,0.0,0.9476,0.8582,0.000563,0.000775,0.001243,5.162877,24.170372,0.00064903
4702076928,179027.6,0.000785,0.121067,0.001195,-0.21875,0.0,0.9479,0.8604,0.0006,0.000684,0.001016,5.00475,24.030788,0.00070652
4702863360,178739.4,-0.001621,0.096898,0.001265,-0.22168,0.0,0.9483,0.863,0.000575,0.000785,0.00118,5.664124,24.25074,0.00066647
4703649792,178701.4,-0.010034,0.078663,0.001301,-0.219727,0.0,0.949,0.8647,0.000733,0.001014,0.001365,5.524053,23.994436,0.00080262
4704436224,178661.9,-0.001216,0.12154,0.001321,-0.21582,0.0,0.9494,0.8636,0.000696,0.000862,0.001243,5.621868,23.69009,0.00068937
4705222656,178623.2,-0.004434,0.136151,0.001292,-0.22168,0.0,0.9498,0.8641,0.000482,0.000756,0.001081,5.184786,24.748413,0.00074491
4706009088,178369.2,-0.001181,0.157081,0.001295,-0.216797,0.0,0.9507,0.8669,0.000493,0.000776,0.001248,5.010444,24.435263,0.00076313
4706795520,178330.1,-0.006361,0.099666,0.001526,-0.212891,0.0,0.9509,0.8699,0.000496,0.000475,0.00116,4.912843,24.183136,0.00073643
4707581952,178290.9,-0.006099,0.08993,0.001314,-0.207031,0.0,0.9511,0.8734,0.000364,0.00055,0.000929,5.194466,23.959648,0.00070972
4708368384,178029.5,0.006779,0.196135,0.001294,-0.216797,0.0,0.951,0.8735,0.000477,0.000577,0.000961,5.341385,22.894482,0.0006659
4709154816,177991.2,0.001464,0.155626,0.001254,-0.21582,0.0,0.9511,0.873,0.000453,0.000594,0.000926,5.056517,24.241329,0.00066984
4709941248,177947.3,0.000382,0.216276,0.00122,-0.223633,0.0,0.951,0.8726,0.000595,0.000764,0.001381,5.06965,24.321051,0.00070267
4710727680,177909.2,-0.005164,0.131116,0.001201,-0.226562,0.0,0.951,0.8715,0.000515,0.000655,0.001263,5.335341,23.989239,0.0006913
4711514112,177685.4,-0.002975,0.220743,0.001327,-0.220703,0.0,0.9509,0.871,0.00059,0.000695,0.001082,5.452764,23.609976,0.00070502
4712300544,177646.2,0.002818,0.243801,0.001341,-0.216797,0.0,0.9505,0.8683,0.000633,0.000798,0.001131,5.459769,23.467756,0.00076443
4713086976,177608.4,-0.004886,0.22348,0.001364,-0.213867,0.0,0.9504,0.8665,0.000595,0.000836,0.001128,5.100996,23.328459,0.00073165
4713873408,177371.0,0.003657,0.194508,0.001283,-0.207031,0.0,0.9498,0.8638,0.000499,0.00067,0.001086,4.908046,24.442837,0.0006299
4714659840,177331.5,-0.001409,0.156693,0.001216,-0.204102,0.0,0.9497,0.8634,0.00055,0.000798,0.001484,4.866198,24.109921,0.00066513
4715446272,177294.0,-0.000466,0.169195,0.001211,-0.207031,0.0,0.9497,0.8618,0.00051,0.000646,0.00105,4.87804,23.784893,0.00064722
4716232704,177256.4,-0.000303,0.096157,0.001206,-0.197266,0.0,0.9497,0.8623,0.000392,0.000721,0.001012,4.768006,23.71846,0.00063787
4717019136,177030.3,-0.009646,0.146459,0.001353,-0.208008,0.0,0.9499,0.8627,0.000463,0.000642,0.001282,4.833985,23.289978,0.0007307
4717805568,176993.1,0.002348,0.142106,0.001386,-0.206055,0.0,0.9496,0.8605,0.000519,0.000728,0.001361,4.798048,24.480911,0.00067569
4718592000,176953.2,0.001768,0.152916,0.001406,-0.208008,0.0,0.9497,0.8613,0.000652,0.000691,0.001097,4.987828,24.09798,0.00073261
4719378432,176743.0,0.000792,0.255657,0.001436,-0.22168,0.0,0.9498,0.8601,0.000537,0.000816,0.001223,5.255368,24.170446,0.00067357
4720164864,176706.8,0.000181,0.230481,0.001419,-0.214844,0.0,0.9498,0.8593,0.00055,0.000794,0.00096,5.240759,23.905058,0.00076926
4720951296,176671.0,0.005548,0.139006,0.001392,-0.208984,0.0,0.9502,0.8611,0.000481,0.000664,0.000945,5.109494,23.575191,0.00068373
4721737728,176634.9,0.000257,0.156236,0.001362,-0.209961,0.0,0.9506,0.8633,0.000528,0.000673,0.001014,4.996477,24.407782,0.00072582
4722524160,176401.0,-0.004287,0.176134,0.001465,-0.21582,0.0,0.9507,0.8631,0.000837,0.000869,0.001,5.196818,24.39101,0.00070776
4723310592,176364.4,0.003667,0.169901,0.001406,-0.214844,0.0,0.9508,0.8627,0.000931,0.000798,0.001004,5.219452,24.265099,0.00071883
4724097024,176324.6,-0.00719,0.176331,0.001472,-0.216797,0.0,0.9505,0.8619,0.000822,0.000795,0.001155,5.233567,23.793926,0.00069277
4724883456,176141.5,0.006266,0.217746,0.001398,-0.213867,0.0,0.9496,0.8594,0.0009,0.000568,0.0011,5.596948,22.68524,0.0007905
4725669888,176104.1,0.004622,0.157015,0.00143,-0.209961,0.0,0.949,0.858,0.000634,0.000685,0.001162,4.819302,24.918592,0.00077634
4726456320,176067.7,0.004596,0.164903,0.0013,-0.216797,0.0,0.9488,0.8571,0.000502,0.000766,0.001072,4.948978,24.849361,0.00075695
4727242752,176031.0,0.006838,0.142402,0.001286,-0.213867,0.0,0.9484,0.8558,0.00055,0.000712,0.001118,4.945033,24.361067,0.00071988
4728029184,175836.7,-0.006326,0.199281,0.001298,-0.214844,0.0,0.9485,0.856,0.000447,0.000717,0.001392,5.335398,24.18948,0.00068466
4728815616,175797.8,0.005773,0.215425,0.001338,-0.214844,0.0,0.9484,0.8553,0.000547,0.000705,0.001381,5.316381,23.643682,0.00069629
4729602048,175762.2,0.001,0.20287,0.001303,-0.21875,0.0,0.9481,0.8511,0.000587,0.000713,0.001236,5.18765,23.517639,0.00077773
4730388480,175725.6,-0.006001,0.204028,0.001306,-0.214844,0.0,0.9478,0.8491,0.000511,0.000696,0.000994,5.119478,24.364105,0.00065818
4731174912,175537.9,-0.005408,0.207096,0.001265,-0.223633,0.0,0.9481,0.8503,0.00059,0.000617,0.001237,5.035672,24.273407,0.00067553
4731961344,175501.7,-0.000341,0.1516,0.001256,-0.208008,0.0,0.9478,0.8496,0.000518,0.000572,0.00106,5.07749,23.778873,0.00073515
4732747776,175466.0,-0.000599,0.147914,0.001293,-0.208984,0.0,0.9479,0.8515,0.000685,0.00063,0.00093,4.806702,23.720205,0.0007099
4733534208,175270.4,-0.007455,0.232387,0.001268,-0.213867,0.0,0.9475,0.8496,0.000543,0.000599,0.001077,5.343638,22.93713,0.00067636
4734320640,175233.5,0.002661,0.158992,0.001279,-0.208008,0.0,0.9471,0.85,0.000546,0.000672,0.001417,4.837152,24.794683,0.00068137
4735107072,175198.7,0.004721,0.15063,0.001225,-0.205078,0.0,0.9475,0.8548,0.000442,0.000553,0.001178,4.819021,24.651663,0.00068531
4735893504,175163.4,0.003875,0.13416,0.001278,-0.205078,0.0,0.9477,0.8576,0.000433,0.000675,0.00116,4.990513,24.421204,0.00061362
4736679936,174947.4,0.001657,0.147648,0.001476,-0.214844,0.0,0.9472,0.8573,0.000415,0.000561,0.001216,5.028279,23.870291,0.00068807
4737466368,174911.2,0.00205,0.243813,0.001369,-0.21875,0.0,0.9472,0.8565,0.000436,0.000649,0.001089,5.485206,23.999756,0.0008012
4738252800,174875.0,-0.002706,0.215727,0.001472,-0.216797,0.0,0.9464,0.8527,0.000599,0.000676,0.000925,5.403386,23.729696,0.00071988
4739039232,174679.9,0.001949,0.172115,0.001331,-0.21875,0.0,0.945,0.848,0.000548,0.000506,0.000684,5.046338,24.991486,0.00070656
4739825664,174644.5,0.002838,0.145494,0.001405,-0.206055,0.0,0.9446,0.8479,0.000605,0.000645,0.000966,5.042501,24.690746,0.00081416
4740612096,174609.5,-0.001414,0.184532,0.001678,-0.216797,0.0,0.9438,0.8473,0.000512,0.000562,0.000874,5.16254,24.186407,0.00064675
4741398528,174574.7,0.002054,0.196539,0.001576,-0.214844,0.0,0.943,0.8451,0.000499,0.00056,0.000889,5.118701,24.000799,0.00080672
4742184960,174360.4,-0.005129,0.117083,0.001306,-0.216797,0.0,0.9427,0.8464,0.000568,0.000629,0.000994,5.804235,23.118862,0.00070126
4742971392,174325.6,-0.001885,0.138747,0.001294,-0.21875,0.0,0.9426,0.8461,0.000528,0.000669,0.001113,4.778883,24.823547,0.00076742
4743757824,174288.4,0.00189,0.22078,0.001335,-0.217773,0.0,0.9425,0.8451,0.000539,0.000768,0.001222,5.07242,24.744946,0.00069504
4744544256,174074.7,-0.001612,0.231906,0.001402,-0.220703,0.0,0.9422,0.8439,0.000556,0.000651,0.000966,5.507444,24.756077,0.00068646
4745330688,174038.7,0.001893,0.189109,0.001545,-0.220703,0.0,0.9425,0.8442,0.000889,0.000927,0.001373,5.625671,24.274496,0.00068414
4746117120,174003.7,-0.005336,0.201884,0.001458,-0.22168,0.0,0.9419,0.8422,0.00075,0.000774,0.00099,5.385798,24.189405,0.0007217
4746903552,173968.7,-0.001478,0.116826,0.001355,-0.21875,0.0,0.9419,0.842,0.000521,0.000535,0.000969,5.074169,25.084778,0.00074035
4747689984,173744.6,0.003752,0.142991,0.001435,-0.21875,0.0,0.9419,0.8419,0.00047,0.000556,0.001038,5.063354,24.775372,0.00070716
4748476416,173709.7,0.000223,0.164791,0.001463,-0.207031,0.0,0.9424,0.844,0.000619,0.000605,0.000854,4.999933,24.559332,0.00071258
4749262848,173674.1,-0.003904,0.085578,0.00146,-0.204102,0.0,0.9426,0.8468,0.000505,0.000535,0.000924,5.041315,24.12023,0.0007627
4750049280,173467.4,0.001298,0.155897,0.001447,-0.207031,0.0,0.9427,0.8482,0.000421,0.000507,0.000756,5.336528,22.833441,0.00072296
4750835712,173433.2,-0.000554,0.179859,0.001274,-0.210938,0.0,0.9427,0.849,0.000521,0.000611,0.001206,4.921808,24.597197,0.00071135
4751622144,173399.2,0.008295,0.193946,0.001339,-0.213867,0.0,0.9427,0.8499,0.000469,0.000839,0.001212,5.061215,24.556028,0.00073896
4752408576,173365.0,0.002864,0.154763,0.00131,-0.207031,0.0,0.9425,0.8496,0.000403,0.000463,0.000816,4.901223,24.496708,0.00070712
4753195008,173174.3,-0.001426,0.150708,0.001375,-0.209961,0.0,0.9419,0.8502,0.000456,0.000572,0.000886,4.888496,24.161102,0.00071931
4753981440,173139.0,-0.000503,0.175344,0.001333,-0.205078,0.0,0.9418,0.8514,0.000846,0.000516,0.000987,4.905092,23.944229,0.00066804
4754767872,173103.1,0.005183,0.27456,0.001327,-0.213867,0.0,0.9415,0.8497,0.00043,0.000634,0.00098,5.200244,23.628952,0.00067727
4755554304,173068.2,-0.008278,0.227765,0.001364,-0.219727,0.0,0.9414,0.8476,0.000603,0.00074,0.000954,4.982611,24.309027,0.00072561
4756340736,172883.1,-0.000929,0.17103,0.001521,-0.217773,0.0,0.9413,0.8478,0.000477,0.000821,0.001351,4.917535,24.615246,0.0007042
4757127168,172848.8,0.001351,0.174618,0.0014,-0.217773,0.0,0.9411,0.8463,0.000426,0.00067,0.001104,4.97726,24.37558,0.00070837
4757913600,172814.6,0.000882,0.191102,0.001505,-0.22168,0.0,0.9411,0.8448,0.000558,0.000677,0.001057,5.191675,24.247124,0.00067169
4758700032,172607.2,0.009295,0.178492,0.001396,-0.208008,0.0,0.941,0.8441,0.000435,0.000538,0.000678,5.255223,23.484756,0.00075494
4759486464,172572.2,0.004931,0.149769,0.001384,-0.205078,0.0,0.9418,0.847,0.000592,0.00077,0.001004,4.774324,24.7785,0.00073565
4760272896,172538.5,0.000519,0.129316,0.001379,-0.207031,0.0,0.9421,0.8516,0.000565,0.000495,0.000716,5.016972,24.706436,0.00069335
4761059328,172504.5,-0.000483,0.09179,0.001427,-0.206055,0.0,0.9433,0.8583,0.000562,0.000584,0.000788,5.019836,24.727636,0.00071473
4761845760,172312.2,0.003648,0.210051,0.001586,-0.213867,0.0,0.943,0.8567,0.000441,0.00059,0.000969,5.310925,24.331264,0.00075154
4762632192,172275.7,-0.002489,0.168455,0.001543,-0.200195,0.0,0.9434,0.8557,0.000631,0.000546,0.000875,5.129415,24.096874,0.00074032
4763418624,172242.3,0.00785,0.262981,0.001519,-0.208008,0.0,0.9438,0.8554,0.000574,0.00069,0.001237,5.066426,23.749477,0.00072016
4764205056,172055.3,0.007849,0.185395,0.001575,-0.202148,0.0,0.9434,0.8541,0.000502,0.000585,0.001123,4.724312,24.962677,0.00067083
4764991488,172022.4,-0.002443,0.209494,0.001348,-0.207031,0.0,0.9438,0.8546,0.000572,0.000629,0.000925,4.994295,24.693066,0.00070501
4765777920,171989.4,-0.004073,0.172879,0.001321,-0.207031,0.0,0.944,0.8554,0.00055,0.000671,0.001038,4.943234,24.375,0.00076201
4766564352,171951.2,0.000604,0.20961,0.001362,-0.209961,0.0,0.9444,0.8567,0.000421,0.000614,0.000883,5.259206,24.26631,0.00072255
4767350784,171750.8,0.003101,0.269149,0.001456,-0.223633,0.0,0.944,0.8543,0.000721,0.000711,0.001074,5.363137,23.046978,0.00069669
4768137216,171716.3,-0.000594,0.299771,0.001555,-0.227539,0.0,0.9438,0.8534,0.00056,0.000681,0.001097,5.264811,24.38895,0.00078483
4768923648,171678.0,0.003459,0.335436,0.001459,-0.233398,0.0,0.9435,0.8492,0.000479,0.000748,0.001086,5.235631,24.305309,0.00072537
4769710080,171481.1,-0.000386,0.193786,0.001399,-0.227539,0.0,0.9438,0.8483,0.000606,0.000582,0.000878,5.316085,24.930487,0.00070869
4770496512,171448.0,0.004342,0.128407,0.00126,-0.222656,0.0,0.9439,0.8483,0.000469,0.000524,0.000961,5.567938,24.485138,0.00080739
4771282944,171415.0,-0.00198,0.097921,0.00128,-0.219727,0.0,0.9439,0.8479,0.000451,0.000402,0.000716,5.703958,24.12393,0.00067674
4772069376,171381.9,0.003381,0.17323,0.001309,-0.220703,0.0,0.9442,0.8474,0.000383,0.000463,0.000645,5.529436,24.169189,0.00068649
4772855808,171204.2,-0.002161,0.172106,0.001274,-0.225586,0.0,0.9442,0.8464,0.000474,0.000676,0.00094,5.19423,24.793808,0.00072117
4773642240,171170.8,0.000519,0.225279,0.001421,-0.231445,0.0,0.9438,0.8441,0.000555,0.000638,0.001007,5.479259,24.339745,0.00069636
4774428672,171134.6,0.004405,0.182949,0.001303,-0.231445,0.0,0.9437,0.842,0.000559,0.000602,0.000848,5.801078,24.102772,0.00069276
4775215104,170949.0,-0.003003,0.196091,0.001326,-0.222656,0.0,0.9437,0.8395,0.000485,0.000518,0.000941,5.91071,22.887177,0.0007444
4776001536,170916.2,-0.001871,0.228091,0.001332,-0.225586,0.0,0.9444,0.8384,0.000582,0.000629,0.001115,5.480158,23.565947,0.00077994
4776787968,170883.4,-0.003512,0.232106,0.001302,-0.228516,0.0,0.9445,0.8355,0.000298,0.000602,0.000798,5.172447,24.85828,0.00067833
4777574400,170851.4,0.00047,0.218797,0.001386,-0.238281,0.0,0.9444,0.8349,0.000597,0.000692,0.000979,5.390457,24.552475,0.00074911
4778360832,170626.2,0.003543,0.162222,0.001463,-0.235352,0.0,0.9441,0.8347,0.000474,0.000636,0.001011,5.445212,23.762365,0.00071588
4779147264,170593.1,-0.00167,0.159821,0.00134,-0.224609,0.0,0.9441,0.8349,0.000411,0.000601,0.000897,5.45106,23.354055,0.00079891
4779933696,170559.6,-0.00425,0.164688,0.001465,-0.228516,0.0,0.9441,0.8354,0.000454,0.000536,0.000826,5.713003,23.056469,0.00079168
4780720128,170526.6,-0.000508,0.268468,0.001419,-0.231445,0.0,0.9444,0.8359,0.000559,0.000582,0.000898,5.248276,24.432156,0.00067474
4781506560,170319.6,-0.001904,0.237242,0.001322,-0.241211,0.0,0.9439,0.8325,0.000513,0.00058,0.001215,5.499669,24.503988,0.00071097
4782292992,170287.6,0.001488,0.224863,0.001345,-0.229492,0.0,0.9439,0.8295,0.000558,0.000674,0.001237,5.645386,24.451488,0.0008751
4783079424,170254.6,-0.000705,0.310833,0.001367,-0.241211,0.0,0.9437,0.826,0.000496,0.000532,0.000965,5.914435,23.923836,0.00078791
4783865856,170068.3,0.001553,0.187859,0.001413,-0.235352,0.0,0.9432,0.8212,0.000352,0.000636,0.000913,5.95584,22.624807,0.00067622
4784652288,170035.4,-0.000931,0.212422,0.001289,-0.229492,0.0,0.9434,0.8219,0.000544,0.000577,0.001132,5.129121,24.438,0.00079648
4785438720,170003.1,0.002107,0.204246,0.001401,-0.229492,0.0,0.9433,0.8203,0.00061,0.000636,0.000764,5.142404,25.012257,0.00073332
4786225152,169971.8,-0.005578,0.189929,0.001412,-0.228516,0.0,0.9434,0.8216,0.000437,0.000575,0.000842,5.370557,24.659008,0.00073743
4787011584,169773.3,-0.000526,0.200012,0.001326,-0.226562,0.0,0.9433,0.8207,0.000612,0.000735,0.001213,5.339321,24.242592,0.00075245
4787798016,169740.2,-0.000837,0.238159,0.001269,-0.225586,0.0,0.9431,0.8207,0.000456,0.000585,0.000887,5.794221,23.689747,0.00074026
4788584448,169707.6,0.003162,0.143796,0.001305,-0.21875,0.0,0.9425,0.8201,0.00048,0.000542,0.000829,5.448875,23.528357,0.00070483
4789370880,169541.4,0.003792,0.208018,0.001269,-0.226562,0.0,0.9416,0.8196,0.000467,0.000546,0.000826,5.243167,24.777464,0.00067546
4790157312,169507.9,0.003231,0.2064,0.001309,-0.222656,0.0,0.9418,0.822,0.000497,0.000555,0.000995,5.452277,24.398651,0.00062215
4790943744,169474.6,-0.002067,0.166738,0.001287,-0.21875,0.0,0.942,0.8247,0.000385,0.00051,0.000798,5.190469,24.157841,0.00070379
4791730176,169442.1,-0.004627,0.209721,0.001286,-0.22168,0.0,0.942,0.8271,0.000429,0.000536,0.000937,5.362295,23.880447,0.00071704
4792516608,169320.1,0.000857,0.18316,0.001225,-0.217773,0.0,0.942,0.8263,0.000538,0.000541,0.001191,5.36405,23.438305,0.0006779
4793303040,169287.9,0.000281,0.247979,0.001328,-0.22168,0.0,0.9415,0.8244,0.000639,0.000713,0.000901,5.021339,25.341885,0.00073156
4794089472,169256.3,-0.001006,0.204327,0.001435,-0.230469,0.0,0.9412,0.8219,0.0005,0.000679,0.001326,5.282916,24.885574,0.00069816
4794875904,169151.4,9.1e-05,0.173429,0.001307,-0.233398,0.0,0.9403,0.8198,0.000433,0.000465,0.000856,5.836561,24.659348,0.00065741
4795662336,169116.3,0.000504,0.149586,0.001378,-0.229492,0.0,0.9392,0.817,0.000577,0.000644,0.000919,5.818017,24.21324,0.00073865
4796448768,169083.6,0.002356,0.244908,0.00142,-0.232422,0.0,0.9387,0.8152,0.000808,0.000563,0.000975,5.980792,23.672132,0.00075135
4797235200,169050.2,-0.003554,0.203751,0.001445,-0.233398,0.0,0.9384,0.8141,0.000484,0.000656,0.001133,5.87525,23.478949,0.00070101
4798021632,168916.7,-9.9e-05,0.232703,0.00153,-0.226562,0.0,0.9377,0.8121,0.000638,0.000504,0.000935,5.334462,24.81407,0.00069869
4798808064,168884.2,0.002581,0.181318,0.001501,-0.219727,0.0,0.9383,0.8145,0.000445,0.000505,0.000746,5.179595,25.025906,0.00085034
4799594496,168851.2,-0.000953,0.229241,0.001473,-0.217773,0.0,0.9378,0.8163,0.00071,0.00058,0.000803,5.523489,24.632763,0.00085
4800380928,168679.8,0.001276,0.249652,0.001582,-0.225586,0.0,0.9377,0.8157,0.000401,0.000528,0.000816,5.514662,23.057272,0.00078094
4801167360,168647.6,0.001587,0.129519,0.001262,-0.21582,0.0,0.938,0.8185,0.000457,0.000738,0.000878,5.456513,23.718313,0.00077296
4801953792,168615.3,-0.008156,0.179597,0.001389,-0.219727,0.0,0.938,0.8187,0.000549,0.000608,0.000741,5.186306,25.229431,0.00073237
4802740224,168580.7,-0.004403,0.22158,0.001312,-0.224609,0.0,0.9383,0.8179,0.000521,0.000676,0.000932,5.137717,25.032537,0.00069573
4803526656,168420.2,-0.00656,0.208694,0.001437,-0.224609,0.0,0.9387,0.8189,0.000507,0.000671,0.001091,5.13873,24.793644,0.00068821
4804313088,168387.2,0.003358,0.255886,0.001348,-0.229492,0.0,0.9387,0.8189,0.000487,0.000676,0.001085,5.665553,24.135,0.00067518
4805099520,168355.8,-0.007618,0.127179,0.001247,-0.226562,0.0,0.9388,0.821,0.000416,0.00058,0.00105,5.584278,23.556067,0.00074948
4805885952,168324.4,4.3e-05,0.27641,0.001371,-0.234375,0.0,0.9389,0.8215,0.000394,0.000539,0.001077,5.238676,24.920187,0.00070177
4806672384,168149.8,-0.002934,0.201213,0.001338,-0.229492,0.0,0.9385,0.8211,0.000542,0.000432,0.000865,5.625021,24.753744,0.00075935
4807458816,168117.4,-9.5e-05,0.187646,0.001344,-0.225586,0.0,0.9387,0.824,0.000439,0.000529,0.000756,5.256224,24.51177,0.00078509
4808245248,168083.5,-0.000315,0.175182,0.001516,-0.220703,0.0,0.9384,0.8243,0.00051,0.000525,0.000884,5.45798,24.490744,0.00075265
4809031680,167913.0,0.001049,0.209804,0.001341,-0.210938,0.0,0.9385,0.8253,0.000418,0.000526,0.000788,5.212872,23.606457,0.0007448
4809818112,167879.9,0.003164,0.184936,0.001383,-0.200195,0.0,0.9389,0.8265,0.000364,0.000486,0.00076,4.620347,24.953711,0.00069145
4810604544,167849.2,0.002318,0.17887,0.001322,-0.200195,0.0,0.939,0.8267,0.000437,0.000542,0.000846,4.63514,25.191666,0.0006853
4811390976,167818.6,0.00293,0.245181,0.001381,-0.197266,0.0,0.9395,0.8281,0.000466,0.000459,0.000806,4.820831,24.986717,0.00077983
4812177408,167634.7,-0.0014,0.195583,0.001473,-0.21582,0.0,0.9404,0.8285,0.000389,0.000518,0.000788,5.027727,24.52145,0.00068713
4812963840,167603.4,-0.005905,0.188148,0.001496,-0.213867,0.0,0.9407,0.8276,0.000347,0.000525,0.000743,5.324052,24.224142,0.0007429
4813750272,167571.8,-0.001262,0.137501,0.00132,-0.214844,0.0,0.9413,0.83,0.000421,0.00038,0.000865,5.385487,24.269318,0.00069236
4814536704,167390.5,0.001395,0.208015,0.001329,-0.213867,0.0,0.9417,0.8309,0.00041,0.00047,0.000897,4.908789,24.865948,0.00071319
4815323136,167360.5,-0.004035,0.175445,0.001464,-0.199219,0.0,0.9426,0.8338,0.000392,0.000552,0.001098,4.869262,25.037903,0.00073396
4816109568,167330.6,-0.000527,0.163572,0.001604,-0.202148,0.0,0.9434,0.8369,0.000473,0.000529,0.001069,4.822253,24.714508,0.00072687
4816896000,167299.1,0.006157,0.183135,0.001577,-0.205078,0.0,0.9443,0.8393,0.000328,0.000399,0.001155,4.802051,24.707966,0.00073912
4817682432,167134.0,-0.003889,0.236397,0.001371,-0.21582,0.0,0.9457,0.8427,0.000437,0.000531,0.000863,5.652663,24.116156,0.00069688
4818468864,167102.7,-0.002637,0.209073,0.00139,-0.21582,0.0,0.9461,0.8428,0.000465,0.000562,0.000855,4.939091,24.841873,0.00068932
4819255296,167071.6,-0.000736,0.189315,0.0013,-0.217773,0.0,0.9465,0.8442,0.000427,0.00064,0.000782,5.105264,24.944723,0.00074949
4820041728,166910.9,-0.001226,0.264303,0.001301,-0.227539,0.0,0.9473,0.8478,0.000422,0.000495,0.000706,5.360111,24.780365,0.00067118
4820828160,166879.7,-0.002912,0.236093,0.001221,-0.226562,0.0,0.9478,0.849,0.000504,0.00061,0.000883,5.464061,24.173656,0.00071715
4821614592,166849.2,-0.004557,0.232666,0.001274,-0.233398,0.0,0.9478,0.8486,0.000485,0.000631,0.001136,5.743499,23.69009,0.00071522
4822401024,166818.1,0.004852,0.213765,0.001284,-0.229492,0.0,0.9477,0.8492,0.000431,0.000488,0.000958,5.598973,23.490925,0.00074408
4823187456,166608.7,0.002639,0.220564,0.001335,-0.223633,0.0,0.9471,0.8474,0.0005,0.000545,0.001112,5.225422,24.877422,0.00070586
4823973888,166578.4,-0.00595,0.16662,0.001391,-0.214844,0.0,0.9465,0.8454,0.000476,0.000456,0.00087,4.911602,24.658482,0.0008073
4824760320,166547.5,-0.002144,0.221461,0.001426,-0.212891,0.0,0.9463,0.8457,0.000281,0.000402,0.000937,5.269847,24.403992,0.00076378
4825546752,166347.2,-0.000307,0.16733,0.001395,-0.209961,0.0,0.9453,0.8437,0.000321,0.000367,0.000669,5.734094,23.482405,0.00070466
4826333184,166316.0,0.000296,0.133399,0.001254,-0.209961,0.0,0.9455,0.8436,0.000392,0.00044,0.000906,5.457171,24.242188,0.00074376
4827119616,166284.7,-0.004222,0.136708,0.001337,-0.213867,0.0,0.9459,0.8447,0.000398,0.000483,0.000852,4.766825,25.376303,0.00074685
4827906048,166251.5,0.004056,0.210132,0.001294,-0.21875,0.0,0.9461,0.8442,0.000298,0.000327,0.000679,5.000159,25.180283,0.00068097
4828692480,166064.3,0.00137,0.25987,0.001422,-0.211914,0.0,0.9466,0.8471,0.000414,0.000475,0.000769,4.998006,24.810621,0.00073714
4829478912,166031.9,-0.002503,0.162968,0.001518,-0.204102,0.0,0.947,0.8477,0.000344,0.000448,0.00075,5.176121,24.413441,0.0007506
4830265344,166001.9,-0.000116,0.166588,0.001453,-0.205078,0.0,0.9473,0.8489,0.000352,0.000398,0.000797,5.013096,24.130417,0.00075893
4831051776,165971.3,0.002819,0.224869,0.001444,-0.208008,0.0,0.9478,0.8495,0.000448,0.000438,0.000817,5.177388,24.137836,0.00078701
4831838208,165764.4,0.001558,0.193903,0.00123,-0.213867,0.0,0.9474,0.8487,0.000337,0.000403,0.000765,5.155637,24.950649,0.00070395
4832624640,165734.1,-0.003031,0.123005,0.001227,-0.210938,0.0,0.9474,0.8489,0.000369,0.000425,0.000829,5.056733,24.865738,0.00066098
4833411072,165703.4,-0.003333,0.104812,0.00122,-0.210938,0.0,0.9473,0.8506,0.000305,0.000314,0.000558,5.120542,24.733143,0.00068311
4834197504,165495.7,0.000504,0.128287,0.001279,-0.211914,0.0,0.9475,0.852,0.000252,0.000349,0.00064,4.905074,23.952475,0.00064529
4834983936,165464.7,-0.001357,0.169045,0.001266,-0.208984,0.0,0.9476,0.8529,0.000424,0.000431,0.000918,4.954596,23.878277,0.00069263
4835770368,165433.1,0.001562,0.125351,0.00145,-0.208008,0.0,0.9476,0.8549,0.000337,0.000364,0.000735,5.152659,24.884159,0.0007243
4836556800,165403.1,-0.001499,0.139022,0.00129,-0.210938,0.0,0.9476,0.8557,0.000327,0.000452,0.0006,4.91561,24.924368,0.00071186
4837343232,165203.1,0.001755,0.179583,0.00144,-0.223633,0.0,0.9479,0.8573,0.000422,0.000421,0.000763,5.265896,24.874174,0.00059478
4838129664,165174.2,-0.004748,0.1446,0.001392,-0.216797,0.0,0.9477,0.8556,0.000362,0.000441,0.000929,5.609693,24.275684,0.00067324
4838916096,165145.2,0.002495,0.245694,0.001362,-0.22168,0.0,0.9477,0.8534,0.000336,0.000404,0.000694,5.47685,24.37377,0.00068861
4839702528,164985.9,-0.003799,0.169198,0.00138,-0.220703,0.0,0.9474,0.8511,0.000315,0.000433,0.000685,5.479753,25.075834,0.00067277
4840488960,164956.8,0.002258,0.295856,0.00141,-0.22168,0.0,0.9471,0.8488,0.000473,0.000577,0.000989,5.264703,24.867809,0.0007361
4841275392,164926.1,0.00273,0.253022,0.001392,-0.224609,0.0,0.9464,0.847,0.000334,0.000571,0.000997,5.614933,24.832527,0.00071587
4842061824,164896.7,0.00439,0.228301,0.001406,-0.22168,0.0,0.9465,0.8482,0.00043,0.000591,0.00077,5.44183,24.455093,0.00072969
4842848256,164699.0,-0.000184,0.158702,0.001378,-0.213867,0.0,0.9462,0.8481,0.000394,0.000342,0.000579,5.516014,23.715612,0.00062801
4843634688,164668.6,0.001933,0.182102,0.001321,-0.213867,0.0,0.9464,0.8496,0.00035,0.000513,0.000831,5.274704,25.039913,0.00076131
4844421120,164637.8,-0.001248,0.146848,0.001299,-0.212891,0.0,0.9461,0.849,0.000333,0.000386,0.000599,5.135468,24.756332,0.00068197
4845207552,164449.9,0.003917,0.103408,0.001347,-0.211914,0.0,0.9468,0.8523,0.000412,0.000375,0.000685,5.300107,24.791443,0.00068636
4845993984,164418.7,-0.002511,0.126272,0.001414,-0.216797,0.0,0.9469,0.8542,0.000408,0.000415,0.000704,5.235904,24.35639,0.00064807
4846780416,164390.0,-0.004007,0.128558,0.001397,-0.213867,0.0,0.9474,0.857,0.000283,0.000468,0.00062,5.330288,24.048553,0.0007335
4847566848,164359.9,0.002229,0.185676,0.001345,-0.21875,0.0,0.9476,0.8586,0.000344,0.000448,0.000797,5.381261,23.799122,0.00071437
4848353280,164179.5,-0.001096,0.238224,0.001409,-0.21875,0.0,0.948,0.8591,0.000439,0.000448,0.000794,4.807146,25.170523,0.00072615
4849139712,164150.1,0.002585,0.315783,0.001485,-0.21582,0.0,0.9478,0.8577,0.000401,0.000368,0.000739,5.073889,24.763676,0.00076092
4849926144,164120.6,0.003389,0.162273,0.00137,-0.214844,0.0,0.947,0.8561,0.000289,0.000393,0.000689,5.116737,24.376999,0.00076148
4850712576,163951.6,0.006044,0.205637,0.001439,-0.209961,0.0,0.947,0.8572,0.00037,0.000474,0.000735,5.217934,23.051113,0.00073067
4851499008,163922.3,-0.000946,0.202878,0.001379,-0.21875,0.0,0.9467,0.8556,0.000322,0.000438,0.00063,5.148418,23.420269,0.0006466
4852285440,163892.8,0.004019,0.169637,0.001351,-0.220703,0.0,0.9469,0.856,0.000341,0.000451,0.000815,4.952557,24.699232,0.00068414
4853071872,163861.9,0.001617,0.1817,0.001307,-0.22168,0.0,0.9473,0.8578,0.000398,0.000464,0.000646,5.467854,24.621038,0.00069556
4853858304,163678.2,-0.004037,0.154063,0.00155,-0.22168,0.0,0.9475,0.8581,0.000408,0.000385,0.000618,5.392643,24.474874,0.00073964
4854644736,163648.0,-0.002276,0.186148,0.001538,-0.21582,0.0,0.9474,0.8571,0.00037,0.000415,0.00073,5.297071,24.344147,0.0007231
4855431168,163618.9,-0.004556,0.191326,0.001478,-0.21582,0.0,0.9477,0.8571,0.000342,0.000429,0.000717,5.339302,24.072805,0.00075677
4856217600,163591.1,-0.000381,0.199291,0.001554,-0.210938,0.0,0.948,0.8564,0.000285,0.00042,0.000614,5.472176,23.74246,0.00072147
4857004032,163419.7,-0.000307,0.264206,0.001346,-0.231445,0.0,0.9478,0.8536,0.000402,0.000495,0.000817,5.391865,25.073376,0.00076342
4857790464,163392.3,0.004966,0.192451,0.001304,-0.225586,0.0,0.9475,0.8528,0.000338,0.000418,0.000588,5.575801,24.939047,0.00073455
4858576896,163364.6,0.002146,0.267347,0.001368,-0.233398,0.0,0.9478,0.8522,0.000343,0.000447,0.000518,5.600237,24.70709,0.00083792
4859363328,163196.4,0.00544,0.24089,0.001323,-0.228516,0.0,0.947,0.8475,0.000307,0.000336,0.000832,5.517278,23.852962,0.00075558
4860149760,163168.2,0.000389,0.198939,0.001287,-0.220703,0.0,0.9469,0.8478,0.000294,0.000352,0.000492,5.585655,23.810507,0.00076541
4860936192,163136.5,0.005249,0.162245,0.001269,-0.21875,0.0,0.9466,0.8487,0.000273,0.000406,0.000768,5.218094,24.9335,0.00070877
4861722624,163108.3,0.000588,0.197801,0.001314,-0.220703,0.0,0.9462,0.8495,0.000294,0.000333,0.000738,5.356474,25.161388,0.00072645
4862509056,162945.1,0.008865,0.221659,0.001355,-0.220703,0.0,0.946,0.8495,0.00047,0.00046,0.000727,5.568971,24.600983,0.00073422
4863295488,162917.5,0.010503,0.283905,0.001315,-0.224609,0.0,0.9459,0.8496,0.000339,0.000451,0.000645,5.44348,24.224432,0.00073534
4864081920,162890.1,-0.005787,0.200542,0.001296,-0.220703,0.0,0.9461,0.8504,0.000339,0.000411,0.000703,5.389032,23.981544,0.00078844
4864868352,162732.2,-0.002021,0.226728,0.001277,-0.222656,0.0,0.9461,0.8484,0.000354,0.000369,0.000732,5.169732,24.890747,0.00076764
4865654784,162703.4,0.000144,0.219885,0.001355,-0.220703,0.0,0.9464,0.8493,0.000293,0.000368,0.000627,5.251043,24.676901,0.0007474
4866441216,162674.3,0.00554,0.181657,0.001219,-0.214844,0.0,0.946,0.8486,0.000286,0.000382,0.000617,5.300073,24.403915,0.00073527
4867227648,162644.2,0.010507,0.30889,0.001294,-0.22168,0.0,0.9456,0.8453,0.000274,0.000377,0.000766,5.171256,24.368725,0.00068022
4868014080,162467.4,-0.003015,0.152724,0.001371,-0.213867,0.0,0.9451,0.8435,0.000341,0.000368,0.000595,5.297181,23.69631,0.00071412
4868800512,162438.6,0.003629,0.152488,0.001407,-0.208984,0.0,0.945,0.8428,0.000373,0.000363,0.0006,5.135533,24.759846,0.000721
4869586944,162410.1,0.000385,0.187209,0.001476,-0.207031,0.0,0.9449,0.8422,0.000405,0.000365,0.000616,5.075656,24.97872,0.00074858
4870373376,162249.8,-0.005589,0.235794,0.00142,-0.213867,0.0,0.9454,0.8422,0.000358,0.000374,0.000601,5.063725,25.731167,0.00071081
4871159808,162221.8,0.003503,0.261925,0.001326,-0.212891,0.0,0.9451,0.8416,0.000228,0.00038,0.000674,4.9463,24.715078,0.00065923
4871946240,162194.0,0.001523,0.190122,0.001247,-0.208984,0.0,0.9453,0.8446,0.000317,0.000361,0.000469,5.302823,24.336712,0.00073569
4872732672,162164.7,0.005824,0.123228,0.001326,-0.211914,0.0,0.9459,0.8467,0.000319,0.000332,0.000516,5.397448,23.953924,0.00065808
4873519104,161951.8,0.004408,0.171921,0.00126,-0.212891,0.0,0.9454,0.8466,0.000348,0.000363,0.000612,5.03315,25.015518,0.00078296
4874305536,161923.2,0.004299,0.226009,0.001282,-0.208984,0.0,0.945,0.8456,0.000302,0.000486,0.000639,5.054214,24.906225,0.00076966
4875091968,161896.0,-0.003066,0.131362,0.00129,-0.208984,0.0,0.9446,0.8448,0.000255,0.000388,0.000593,5.106612,24.617527,0.00074109
4875878400,161734.2,-0.000783,0.200941,0.001329,-0.212891,0.0,0.9444,0.8446,0.000249,0.000377,0.000641,5.12247,23.499973,0.00070932
4876664832,161704.4,0.000743,0.134028,0.001232,-0.198242,0.0,0.9444,0.8458,0.000278,0.000279,0.000459,5.236457,23.969906,0.00067771
4877451264,161676.9,-0.001243,0.104971,0.001252,-0.198242,0.0,0.9445,0.847,0.000288,0.000323,0.000493,4.693436,25.229797,0.00067704
4878237696,161649.3,-0.000697,0.147894,0.001292,-0.201172,0.0,0.9442,0.8486,0.000247,0.000337,0.000546,4.757431,25.129959,0.00067707
4879024128,161483.7,-0.002327,0.193016,0.00129,-0.211914,0.0,0.9444,0.8492,0.000293,0.000352,0.000623,5.271178,24.851278,0.00072883
4879810560,161456.9,0.00096,0.251279,0.001316,-0.214844,0.0,0.9443,0.8497,0.000216,0.00029,0.000585,5.199017,24.684948,0.00070954
4880596992,161429.8,-0.005413,0.199165,0.001373,-0.21582,0.0,0.9442,0.8489,0.000271,0.000367,0.000496,5.230683,24.141645,0.00076017
4881383424,161402.5,-0.002469,0.176846,0.001301,-0.22168,0.0,0.9441,0.8496,0.00027,0.000384,0.000523,5.364058,23.727148,0.00071398
4882169856,161233.5,-0.003271,0.14228,0.001585,-0.210938,0.0,0.9441,0.8503,0.000308,0.000373,0.000604,4.910042,25.154327,0.0007604
4882956288,161205.3,0.003203,0.13516,0.001555,-0.208008,0.0,0.944,0.8512,0.00033,0.000351,0.000585,4.967086,25.133938,0.00069607
4883742720,161175.7,0.003825,0.142493,0.001679,-0.206055,0.0,0.9441,0.8523,0.00033,0.000282,0.000619,4.925318,24.836487,0.00070805
4884529152,160998.4,-0.00154,0.196355,0.001429,-0.217773,0.0,0.9444,0.8527,0.000369,0.000347,0.000695,5.25978,24.188412,0.00071225
4885315584,160970.8,6.3e-05,0.147494,0.001228,-0.211914,0.0,0.9453,0.856,0.000235,0.000319,0.000464,5.720972,24.142754,0.00064602
4886102016,160942.1,0.001293,0.150777,0.001373,-0.210938,0.0,0.9457,0.8574,0.000264,0.000287,0.000509,4.859678,25.091934,0.00070054
4886888448,160914.6,-0.000654,0.106251,0.001272,-0.208008,0.0,0.9464,0.8605,0.000217,0.000256,0.000474,4.9106,24.968201,0.00069687
4887674880,160753.6,-0.004129,0.26069,0.001376,-0.217773,0.0,0.9474,0.8655,0.00039,0.00039,0.000591,5.423371,24.737579,0.00071855
4888461312,160724.9,0.004607,0.243596,0.001382,-0.217773,0.0,0.9477,0.8645,0.000315,0.000385,0.00052,5.525165,24.410294,0.00073639
4889247744,160695.6,0.002733,0.22387,0.00136,-0.223633,0.0,0.9485,0.8638,0.000362,0.000458,0.000531,5.222233,24.451391,0.00074684
4890034176,160540.1,-0.001399,0.181882,0.00151,-0.217773,0.0,0.9489,0.8661,0.000324,0.000414,0.000539,4.92393,24.82098,0.00070945
4890820608,160509.3,0.000744,0.143287,0.001401,-0.204102,0.0,0.9494,0.8683,0.0004,0.000305,0.00049,4.928979,24.955345,0.00077623
4891607040,160481.5,-0.003257,0.141181,0.001392,-0.204102,0.0,0.95,0.8703,0.000281,0.000317,0.000472,4.848782,24.921507,0.00078359
4892393472,160453.9,0.006626,0.214882,0.001492,-0.207031,0.0,0.9505,0.8718,0.000235,0.0003,0.000545,5.147827,24.779966,0.00071846
4893179904,160294.2,-0.010114,0.187888,0.001604,-0.21582,0.0,0.9504,0.8718,0.000289,0.000319,0.000568,5.649483,23.950697,0.00069503
4893966336,160267.3,0.004001,0.211864,0.001515,-0.220703,0.0,0.9504,0.8703,0.000215,0.00039,0.000551,5.316972,23.662205,0.000738
4894752768,160239.1,0.003298,0.145195,0.001503,-0.208984,0.0,0.9509,0.8706,0.000278,0.000411,0.000452,4.926676,24.979809,0.00073392
4895539200,160009.2,-0.002055,0.177675,0.00142,-0.21582,0.0,0.9509,0.8705,0.000221,0.00031,0.000513,5.274721,25.76442,0.0007729
4896325632,159981.6,-0.002309,0.148041,0.001233,-0.214844,0.0,0.9513,0.8713,0.000182,0.000296,0.000523,5.550752,25.03067,0.00070243
4897112064,159954.2,-0.0001,0.131103,0.001199,-0.212891,0.0,0.9519,0.8743,0.000146,0.000311,0.000438,5.326358,24.802427,0.00071267
4897898496,159927.4,-0.005977,0.10037,0.00127,-0.209961,0.0,0.9522,0.8762,0.000209,0.000278,0.000366,5.391045,24.528021,0.00068186
4898684928,159748.2,0.003658,0.153455,0.001265,-0.208008,0.0,0.9523,0.8772,0.000249,0.000285,0.000488,4.91548,25.028137,0.00061085
4899471360,159721.0,-0.001954,0.163685,0.001398,-0.202148,0.0,0.9527,0.8762,0.000344,0.000342,0.000734,5.037073,25.065207,0.00069079
4900257792,159690.5,-0.002051,0.141736,0.001371,-0.204102,0.0,0.9534,0.8763,0.000314,0.00033,0.000652,4.901299,24.986679,0.00070453
4901044224,159504.3,0.005122,0.194883,0.001359,-0.207031,0.0,0.9537,0.8759,0.000312,0.000296,0.000468,4.856385,23.893499,0.00068354
4901830656,159477.9,0.009035,0.175714,0.001504,-0.200195,0.0,0.9538,0.8781,0.000212,0.000286,0.000482,5.061903,24.427895,0.00081562
4902617088,159450.3,-0.002892,0.132523,0.001479,-0.195312,0.0,0.9541,0.8808,0.00021,0.000311,0.00045,4.855171,25.057814,0.00074676
4903403520,159423.7,0.000997,0.12967,0.001529,-0.196289,0.0,0.9545,0.8833,0.000243,0.000289,0.000546,4.715459,25.163921,0.00075451
4904189952,159257.2,-0.003065,0.190578,0.001465,-0.201172,0.0,0.9544,0.8821,0.000198,0.00029,0.000445,5.022919,25.156759,0.00076237
4904976384,159231.2,0.001569,0.254591,0.001498,-0.207031,0.0,0.9549,0.8814,0.000266,0.000274,0.000522,5.028857,24.730309,0.00063168
4905762816,159203.4,-0.00367,0.189104,0.001534,-0.203125,0.0,0.9552,0.8807,0.000373,0.000302,0.000721,5.08239,24.369495,0.00080822
4906549248,159178.3,-0.001532,0.226213,0.001495,-0.204102,0.0,0.9551,0.8781,0.000253,0.000274,0.000415,4.889599,24.444241,0.00079011
4907335680,159002.5,0.002354,0.241933,0.001432,-0.223633,0.0,0.955,0.8787,0.000272,0.000271,0.000453,5.059139,25.228973,0.00074279
4908122112,158976.3,0.001966,0.159761,0.001455,-0.220703,0.0,0.9549,0.8781,0.000321,0.000284,0.000457,5.22939,24.932379,0.00074659
4908908544,158950.0,-0.004496,0.280661,0.001524,-0.227539,0.0,0.9544,0.8748,0.000384,0.000273,0.000485,5.884524,24.724365,0.00078614
4909694976,158758.5,0.002506,0.282506,0.001572,-0.224609,0.0,0.9537,0.8729,0.000263,0.000276,0.000544,5.694053,24.278479,0.00073133
4910481408,158732.3,-0.000642,0.248129,0.001476,-0.22168,0.0,0.9537,0.8731,0.000344,0.000335,0.000507,5.202771,23.871443,0.00082166
4911267840,158705.4,-0.007422,0.182772,0.001369,-0.216797,0.0,0.9538,0.8734,0.000216,0.000259,0.000521,4.99568,24.833294,0.00069569
4912054272,158678.5,-0.002092,0.302721,0.001394,-0.220703,0.0,0.9534,0.8701,0.000246,0.00029,0.000546,5.132494,24.779175,0.00083923
4912840704,158463.2,0.008339,0.249826,0.001522,-0.227539,0.0,0.9537,0.8699,0.000271,0.000375,0.000672,5.855587,24.992363,0.00080235
4913627136,158437.9,0.00183,0.252533,0.001523,-0.226562,0.0,0.9533,0.8663,0.000174,0.000321,0.000347,5.829421,24.910923,0.00078025
4914413568,158412.3,-0.005859,0.183249,0.001481,-0.217773,0.0,0.953,0.8646,0.000192,0.000283,0.000415,5.724741,24.505905,0.00076261
4915200000,158255.4,-0.001681,0.186982,0.001469,-0.21582,0.0,0.9525,0.8618,0.000274,0.000303,0.000569,5.064181,24.982864,0.00082975
4915986432,158228.4,-9.3e-05,0.138149,0.001263,-0.21582,0.0,0.9527,0.8645,0.000157,0.000204,0.000425,5.141261,24.962118,0.00076949
4916772864,158201.7,0.001475,0.141851,0.001246,-0.21582,0.0,0.9529,0.8661,0.000165,0.000236,0.000469,5.170286,24.694687,0.0006439
4917559296,158176.0,0.005417,0.138894,0.001264,-0.210938,0.0,0.9526,0.8659,0.000185,0.000272,0.000448,5.261783,24.713512,0.0006673
4918345728,158017.8,-0.006036,0.143151,0.001357,-0.211914,0.0,0.9531,0.8676,0.000128,0.000236,0.000296,5.41282,24.651854,0.00069768
4919132160,157991.8,0.002282,0.208607,0.001401,-0.209961,0.0,0.9534,0.8662,0.000259,0.000208,0.000348,5.414428,24.717903,0.00068759
4919918592,157966.6,0.003183,0.189389,0.001469,-0.212891,0.0,0.9535,0.8654,0.000157,0.000215,0.000432,5.196028,25.440453,0.00074353
4920705024,157796.1,0.000154,0.310394,0.001439,-0.229492,0.0,0.953,0.8628,0.000189,0.000276,0.000378,5.787402,25.396053,0.00072707
4921491456,157769.2,0.000581,0.312213,0.001644,-0.231445,0.0,0.9525,0.8619,0.000263,0.000219,0.000355,5.632521,24.59552,0.00075634
4922277888,157742.4,3.5e-05,0.159954,0.001611,-0.219727,0.0,0.9518,0.8612,0.000202,0.000236,0.000416,5.510927,24.486679,0.00081144
4923064320,157715.4,0.005368,0.246889,0.001556,-0.225586,0.0,0.9516,0.8604,0.000213,0.000236,0.00042,5.46922,24.537548,0.00077544
4923850752,157574.1,0.002352,0.237978,0.001442,-0.232422,0.0,0.9513,0.8591,0.000211,0.000288,0.000397,5.269915,25.105444,0.0007264
4924637184,157548.5,0.006144,0.317452,0.00144,-0.232422,0.0,0.9509,0.8557,0.000237,0.000293,0.000412,5.58691,24.857769,0.00079652
4925423616,157522.5,0.001869,0.252744,0.001321,-0.229492,0.0,0.9506,0.8531,0.000216,0.000249,0.000423,5.533719,24.79047,0.00075889
4926210048,157327.9,-0.003011,0.212932,0.001369,-0.223633,0.0,0.95,0.8516,0.000207,0.000276,0.000437,5.146523,23.596355,0.00074211
4926996480,157301.7,-0.000698,0.134091,0.001221,-0.207031,0.0,0.9498,0.8531,0.000178,0.000199,0.000349,5.454422,23.8465,0.00070784
4927782912,157276.5,-7.3e-05,0.137047,0.001206,-0.208984,0.0,0.9496,0.8542,0.000159,0.000196,0.000343,4.900991,24.866125,0.0007168
4928569344,157251.1,0.003573,0.204413,0.001333,-0.216797,0.0,0.9499,0.8573,0.000127,0.000202,0.000371,4.930261,24.862753,0.00072587
4929355776,157108.4,-8.2e-05,0.189564,0.001292,-0.226562,0.0,0.9495,0.8557,0.000187,0.000275,0.0004,5.197305,24.454277,0.00068587
4930142208,157082.8,0.001581,0.216356,0.001354,-0.227539,0.0,0.9489,0.8528,0.000195,0.000233,0.000373,5.360364,23.854155,0.00067888
4930928640,157057.6,-3.2e-05,0.1767,0.001351,-0.222656,0.0,0.9483,0.8529,0.000147,0.000221,0.000344,5.704388,23.476248,0.0007227
4931715072,156901.6,0.005471,0.241106,0.001345,-0.223633,0.0,0.9481,0.853,0.000206,0.000241,0.000488,5.496739,23.186178,0.00072966
4932501504,156877.2,0.003798,0.195237,0.001358,-0.223633,0.0,0.9479,0.8542,0.000282,0.000196,0.0004,4.912233,25.397644,0.0008405
4933287936,156852.8,-0.001102,0.166182,0.001353,-0.228516,0.0,0.9475,0.8553,0.000185,0.00022,0.00058,5.494426,24.845726,0.00084604
4934074368,156826.6,0.009189,0.141304,0.00143,-0.22168,0.0,0.9474,0.8574,0.00016,0.000178,0.000344,5.388009,24.714092,0.000768
4934860800,156639.9,-0.006739,0.145728,0.001396,-0.223633,0.0,0.9474,0.859,0.000229,0.000178,0.000395,5.863367,24.204487,0.00063765
4935647232,156614.5,0.001547,0.28054,0.001411,-0.224609,0.0,0.9474,0.8585,0.000137,0.000204,0.000281,5.611751,23.980389,0.00069242
4936433664,156588.9,-0.002799,0.190961,0.00152,-0.22168,0.0,0.9473,0.8594,0.000246,0.000258,0.00031,5.259677,25.205755,0.00077236
4937220096,156563.3,-0.003231,0.230108,0.001444,-0.229492,0.0,0.9473,0.8597,0.000197,0.000263,0.000343,5.338825,24.904959,0.00082726
4938006528,156401.6,0.001235,0.260275,0.001204,-0.239258,0.0,0.9476,0.8593,0.000222,0.000265,0.000404,5.630649,24.546103,0.00078052
4938792960,156374.6,-0.001452,0.187824,0.001207,-0.237305,0.0,0.9474,0.8558,0.000126,0.000255,0.000339,5.905423,24.005478,0.00066353
4939579392,156348.9,-0.001527,0.165817,0.001176,-0.232422,0.0,0.9472,0.8535,0.000172,0.000232,0.000511,6.262305,23.821758,0.00067571
4940365824,156186.2,-0.000148,0.304316,0.001337,-0.238281,0.0,0.947,0.8508,0.000175,0.000231,0.00029,5.536883,24.856293,0.00079972
4941152256,156161.6,-0.000584,0.229812,0.001548,-0.224609,0.0,0.9462,0.8479,0.000233,0.000221,0.000349,5.294884,25.095654,0.00075466
4941938688,156136.1,-0.005982,0.17904,0.001509,-0.22168,0.0,0.9459,0.8478,0.00018,0.000212,0.000343,5.597554,24.699417,0.00078384
4942725120,156111.3,-0.002928,0.145523,0.001459,-0.212891,0.0,0.9453,0.8474,0.0002,0.000152,0.000245,5.319557,24.718121,0.00075154
4943511552,155969.4,-0.002823,0.234504,0.001256,-0.239258,0.0,0.9452,0.8481,0.000168,0.000225,0.000337,5.796362,23.889143,0.0007512
4944297984,155945.0,-0.002102,0.195522,0.001167,-0.232422,0.0,0.9452,0.8482,0.00016,0.00026,0.000433,5.726415,23.733917,0.00080811
4945084416,155920.0,-0.000269,0.158777,0.001226,-0.226562,0.0,0.9453,0.8472,0.000176,0.000224,0.000404,5.426613,24.772476,0.00073473
4945870848,155768.4,-0.003633,0.168995,0.001175,-0.223633,0.0,0.9453,0.8469,0.00015,0.000212,0.000326,4.723734,25.505606,0.00069354
4946657280,155743.9,-0.005485,0.209824,0.001287,-0.219727,0.0,0.9456,0.8475,0.000134,0.000129,0.000231,5.179069,24.913656,0.00070699
4947443712,155720.2,-0.007585,0.193585,0.001291,-0.213867,0.0,0.9459,0.8474,0.000179,0.000174,0.000214,5.359272,24.647411,0.00071918
4948230144,155696.3,0.001798,0.193199,0.001376,-0.209961,0.0,0.946,0.8478,0.00013,0.000138,0.000283,5.614387,24.41478,0.00074499
4949016576,155546.8,-0.006148,0.204035,0.001265,-0.219727,0.0,0.946,0.8483,0.000125,0.000147,0.000293,5.069156,25.236691,0.00072179
4949803008,155521.2,-0.000247,0.185224,0.001263,-0.220703,0.0,0.9459,0.8485,0.000174,0.000196,0.000355,5.233973,25.051428,0.00075499
4950589440,155497.0,0.004545,0.189381,0.001295,-0.21582,0.0,0.9457,0.8472,0.000138,0.000154,0.000278,5.178393,24.911444,0.00075522
4951375872,155345.4,0.000871,0.238706,0.001342,-0.220703,0.0,0.9454,0.8461,0.00019,0.000182,0.000252,4.980647,23.946316,0.00074191
4952162304,155321.0,0.006135,0.096327,0.001269,-0.206055,0.0,0.9453,0.8472,9.6e-05,0.000148,0.000229,5.266337,23.996426,0.00081988
4952948736,155296.3,0.001189,0.165882,0.001277,-0.206055,0.0,0.946,0.8514,9.2e-05,0.000157,0.000255,5.151225,24.117437,0.0007957
4953735168,155272.2,0.002785,0.10945,0.001351,-0.203125,0.0,0.9469,0.8556,9.3e-05,0.000135,0.000245,5.026123,25.015953,0.00073355
4954521600,155147.1,0.003416,0.15047,0.001356,-0.207031,0.0,0.9473,0.8578,0.000125,0.000138,0.000246,4.970755,24.913862,0.00072858
4955308032,155123.5,-0.001507,0.195306,0.00145,-0.207031,0.0,0.9475,0.8565,0.000111,0.000138,0.000266,5.311407,24.657936,0.00072526
4956094464,155099.9,0.000752,0.18942,0.001473,-0.211914,0.0,0.9479,0.8549,0.000107,0.000143,0.000314,5.231849,24.649979,0.00076419
4956880896,154946.7,-0.008659,0.153227,0.001421,-0.213867,0.0,0.9481,0.8537,0.000126,0.000151,0.000261,6.017701,23.405815,0.00074099
4957667328,154922.9,-0.002193,0.224102,0.001461,-0.224609,0.0,0.9478,0.8527,0.000132,0.000214,0.000272,5.008733,25.461105,0.00079473
4958453760,154899.0,-0.000968,0.176908,0.001496,-0.222656,0.0,0.9478,0.853,0.000115,0.000217,0.000335,5.485074,25.145643,0.00082427
4959240192,154874.4,-0.004495,0.23411,0.001487,-0.229492,0.0,0.9478,0.8513,0.000109,0.000174,0.000309,5.712433,24.992908,0.00089045
4960026624,154728.8,-0.001388,0.285169,0.001471,-0.228516,0.0,0.9479,0.8515,0.000117,0.00012,0.000245,5.889152,24.776817,0.00079727
4960813056,154704.4,-0.001872,0.228482,0.001252,-0.227539,0.0,0.9485,0.854,0.000127,0.000155,0.000169,6.082042,24.714661,0.00076402
4961599488,154680.0,0.00038,0.189985,0.001315,-0.224609,0.0,0.9486,0.8556,0.000126,0.000196,0.000263,5.401443,25.332447,0.00070537
4962385920,154655.9,0.004796,0.208802,0.001285,-0.230469,0.0,0.9486,0.8562,0.000126,0.000166,0.000258,5.495704,25.348576,0.00072972
4963172352,154525.6,-0.002217,0.130079,0.001415,-0.216797,0.0,0.9486,0.8581,0.000121,0.000157,0.000266,5.154823,24.8405,0.0007677
4963958784,154502.2,0.002787,0.138182,0.00142,-0.212891,0.0,0.9489,0.8592,0.000127,0.000117,0.000266,5.301395,24.418072,0.00076081
4964745216,154478.4,-0.000816,0.185919,0.001514,-0.211914,0.0,0.949,0.8585,0.000152,0.000141,0.00033,5.391768,24.143135,0.00081031
4965531648,154304.8,0.006921,0.169706,0.001413,-0.21582,0.0,0.9492,0.8585,0.000106,0.000122,0.000249,5.170327,24.862082,0.00076716
4966318080,154279.4,-0.006036,0.188462,0.001392,-0.217773,0.0,0.9491,0.8581,0.00013,0.000134,0.000237,4.995528,25.060354,0.00075558
4967104512,154255.8,0.002056,0.186301,0.00149,-0.21582,0.0,0.9492,0.8596,0.000115,0.000104,0.000244,5.398399,24.667746,0.00074063
4967890944,154233.0,-0.001213,0.116446,0.001454,-0.208984,0.0,0.9493,0.8601,0.000112,9e-05,0.000206,5.060366,24.663483,0.00076451
4968677376,154087.1,-0.003128,0.165632,0.001453,-0.21582,0.0,0.9494,0.8621,0.000115,0.000104,0.000184,5.372487,24.75222,0.00080985
4969463808,154063.7,-0.006199,0.153845,0.001444,-0.206055,0.0,0.9491,0.8628,8.3e-05,0.000131,0.000201,5.392007,24.557438,0.0008144
4970250240,154040.3,-0.002632,0.234828,0.001458,-0.217773,0.0,0.9486,0.8611,0.0001,0.000143,0.000273,4.970164,25.577576,0.00072803
4971036672,153913.1,-0.00378,0.246718,0.00147,-0.219727,0.0,0.948,0.8591,8.6e-05,0.0001,0.000179,5.379266,25.671965,0.00073015
4971823104,153889.6,-0.001987,0.225944,0.001395,-0.21582,0.0,0.9485,0.8583,8.5e-05,9.6e-05,0.000185,5.361644,25.225554,0.00068634
4972609536,153864.1,0.000915,0.262272,0.001432,-0.220703,0.0,0.9487,0.8578,8.4e-05,0.000108,0.000228,5.563546,24.875957,0.00075356
4973395968,153840.1,0.000845,0.273545,0.001428,-0.222656,0.0,0.949,0.8574,8.6e-05,0.00011,0.00016,5.770834,24.589073,0.00071773
4974182400,153691.6,0.0008,0.148426,0.001331,-0.223633,0.0,0.9494,0.8571,0.000109,0.000108,0.000155,5.113364,25.217083,0.00069877
4974968832,153668.5,0.004709,0.155227,0.001268,-0.219727,0.0,0.9494,0.8564,0.000132,0.0001,0.000153,5.230042,25.03063,0.0007486
4975755264,153645.9,-0.000148,0.207802,0.001336,-0.227539,0.0,0.9494,0.8552,0.000108,8.2e-05,0.000137,5.665534,24.651917,0.00070855
4976541696,153504.7,-0.001849,0.171743,0.001385,-0.225586,0.0,0.9495,0.854,9.2e-05,6.6e-05,0.000119,5.179379,24.13559,0.00069204
4977328128,153482.7,0.001517,0.147382,0.001412,-0.216797,0.0,0.9495,0.8553,7.4e-05,7.6e-05,0.000166,5.66688,24.229294,0.0007954
4978114560,153458.5,0.002725,0.234417,0.001493,-0.224609,0.0,0.9488,0.8542,9.8e-05,9.1e-05,0.000146,5.537994,24.081259,0.00078836
4978900992,153432.9,0.00297,0.11321,0.001447,-0.216797,0.0,0.9487,0.8549,7.1e-05,8.4e-05,0.000151,5.035434,25.158871,0.0008389
4979687424,153275.7,-0.000641,0.118637,0.00141,-0.21582,0.0,0.9485,0.8558,8.3e-05,0.0001,0.000128,5.064579,24.91415,0.00073191
4980473856,153252.5,-0.000251,0.143388,0.001414,-0.212891,0.0,0.9487,0.858,5.3e-05,5.6e-05,0.000165,5.39327,24.425505,0.00076741
4981260288,153228.6,-0.002546,0.135784,0.001435,-0.211914,0.0,0.9487,0.8598,6e-05,5.9e-05,0.000121,5.240285,24.073669,0.00075755
4982046720,153077.0,0.001135,0.143001,0.001446,-0.210938,0.0,0.9486,0.8613,4.7e-05,4.9e-05,0.000115,5.561576,22.691107,0.00076367
4982833152,153052.4,0.004486,0.141193,0.001336,-0.211914,0.0,0.9488,0.864,8.1e-05,5.6e-05,0.0001,5.140681,25.224072,0.00073607
4983619584,153029.3,0.001961,0.09869,0.001245,-0.208008,0.0,0.949,0.8662,7.6e-05,7.6e-05,9.6e-05,5.04395,25.028137,0.0007607
4984406016,153006.8,-0.004453,0.098402,0.001236,-0.206055,0.0,0.9492,0.867,6.3e-05,5.9e-05,8.8e-05,5.067935,24.740231,0.00074007
4985192448,152885.0,-0.000529,0.092372,0.001252,-0.209961,0.0,0.9491,0.8684,3.8e-05,3.8e-05,9.1e-05,5.412268,24.901335,0.0007024
4985978880,152863.5,-0.005842,0.231924,0.001334,-0.217773,0.0,0.9494,0.8674,7.3e-05,8.1e-05,0.000113,5.429702,24.471594,0.00067496
4986765312,152837.2,-0.004709,0.210941,0.001325,-0.219727,0.0,0.9497,0.8679,6.1e-05,8e-05,0.000121,5.302081,25.370296,0.00076881
4987551744,152813.7,-0.001391,0.09633,0.00123,-0.213867,0.0,0.9498,0.8686,3.9e-05,4.9e-05,7.7e-05,5.158143,25.524765,0.00065892
4988338176,152662.6,0.002385,0.222149,0.001389,-0.217773,0.0,0.9502,0.8697,5.5e-05,5.2e-05,8.4e-05,5.228364,24.810949,0.00074268
4989124608,152639.4,0.007216,0.151602,0.001399,-0.208008,0.0,0.9503,0.869,5.3e-05,5.1e-05,7.4e-05,5.499365,24.550985,0.00073891
4989911040,152616.7,-0.003171,0.199766,0.001463,-0.214844,0.0,0.9503,0.869,5.1e-05,5.1e-05,0.000108,5.721419,24.304602,0.00075542
4990697472,152487.7,0.003496,0.301251,0.001526,-0.228516,0.0,0.9501,0.8646,4.4e-05,4e-05,9.5e-05,5.179982,24.910725,0.00070463
4991483904,152465.3,0.007161,0.276622,0.001307,-0.228516,0.0,0.9505,0.8649,4.4e-05,5.2e-05,9.6e-05,5.364908,25.213043,0.00074983
4992270336,152441.1,0.001154,0.235504,0.001394,-0.228516,0.0,0.9505,0.8626,3.3e-05,4.1e-05,8.3e-05,5.289665,25.132803,0.0007463
4993056768,152418.2,-0.002296,0.263944,0.001354,-0.223633,0.0,0.9506,0.8618,2.4e-05,3.2e-05,7.8e-05,5.503016,24.906231,0.00070435
4993843200,152294.0,-0.006232,0.347442,0.001414,-0.224609,0.0,0.9505,0.8623,2.4e-05,2.9e-05,5.9e-05,5.83675,24.484085,0.00079123
4994629632,152272.3,-0.000922,0.206676,0.001425,-0.21582,0.0,0.9505,0.8611,2e-05,2.4e-05,4.6e-05,5.240278,24.265747,0.0007235
4995416064,152248.0,0.003236,0.288411,0.001398,-0.21582,0.0,0.9505,0.86,2.2e-05,2.5e-05,4.6e-05,5.116394,25.162312,0.00078408
4996202496,152119.9,0.004807,0.347179,0.001323,-0.227539,0.0,0.9501,0.8585,1.3e-05,1.6e-05,3.5e-05,5.453831,25.443237,0.00078163
4996988928,152096.2,0.000404,0.275077,0.001292,-0.227539,0.0,0.95,0.8565,1.6e-05,1.8e-05,4.3e-05,5.740743,25.056114,0.00074562
4997775360,152068.1,0.003425,0.194829,0.001298,-0.227539,0.0,0.95,0.855,1.2e-05,1.6e-05,3.3e-05,5.675501,24.747494,0.00071769
4998561792,152046.0,-0.004253,0.135899,0.00123,-0.223633,0.0,0.95,0.8557,8e-06,8e-06,2.2e-05,5.651531,24.298109,0.00067224
4999348224,151869.3,-0.00665,0.144877,0.001326,-0.227539,0.0,0.9504,0.8571,3e-06,3e-06,7e-06,5.19871,25.025379,0.00075353
5000134656,151847.1,0.001493,0.169402,0.001289,-0.222656,0.0,0.9501,0.8571,1e-06,1e-06,2e-06,5.295567,25.351597,0.00073714
5000921088,151825.2,0.004779,0.159041,0.00133,-0.21875,0.0,0.9501,0.8585,2e-06,2e-06,4e-06,5.316026,25.156736,0.00078578
