step,sps,policy_loss,value_loss,mi_loss,div_loss,kl_loss,score,mean_return,ego_enc_delta,partner_enc_delta,road_enc_delta,role_std,role_norm
786432,41554.6,-0.002434,3.361371,0.016153,-0.052979,0.0,0.1336,-7.5684,0.066674,0.097146,0.112501,0.001354,0.010809
1572864,53663.7,-0.004621,3.686257,0.001776,-0.088379,0.0,0.1368,-7.5486,0.102846,0.099335,0.077513,0.021473,0.444628
2359296,59112.3,-0.001799,3.244018,0.000387,-0.125977,0.0,0.1391,-7.4985,0.133726,0.141177,0.124483,0.077762,1.047538
3145728,47762.7,-0.000417,4.231426,0.000401,-0.134766,0.0,0.1365,-7.5158,0.102303,0.08744,0.099533,0.313246,2.891744
3932160,51574.5,-0.004914,4.420793,0.001206,-0.542969,0.0,0.1331,-7.5723,0.076819,0.085155,0.069768,0.372524,4.05276
4718592,54121.6,0.002302,4.793882,0.001705,-0.609375,0.0,0.1305,-7.5791,0.075791,0.084379,0.070541,1.198414,2.701712
5505024,56295.8,0.001643,4.89154,0.000923,-0.652344,0.0,0.1275,-7.5865,0.067437,0.072074,0.062976,2.024745,2.900656
6291456,51129.5,-0.010042,4.686342,0.000699,-0.671875,0.0,0.1352,-7.5008,0.064348,0.071039,0.058208,2.675274,4.028381
7077888,52742.3,0.001885,4.253786,0.00063,-0.742188,0.0,0.1444,-7.3872,0.038527,0.053741,0.033692,3.072469,4.52093
7864320,54170.6,-0.002966,3.814657,0.00057,-0.804688,0.0,0.1511,-7.2987,0.042841,0.047614,0.034599,3.276686,5.628783
8650752,50090.9,-0.004919,4.431347,0.000546,-0.832031,0.0,0.1544,-7.2482,0.039589,0.038624,0.029625,4.957977,4.958323
9437184,51399.9,-0.004408,3.947875,0.002456,-0.820312,0.0,0.1489,-7.2683,0.022209,0.0269,0.020251,5.257737,5.32076
10223616,52536.4,0.004222,4.090498,0.000574,-0.8125,0.0,0.1444,-7.2869,0.021748,0.027731,0.01985,5.432839,6.309931
11010048,53557.9,-0.006583,3.863487,0.000599,-0.835938,0.0,0.1405,-7.2966,0.018275,0.027047,0.018628,5.468803,6.535047
11796480,51295.5,-0.000212,3.867009,0.000635,-0.835938,0.0,0.1369,-7.2879,0.026922,0.0326,0.018918,5.52558,7.64369
12582912,52226.9,-0.005109,3.68736,0.000751,-0.808594,0.0,0.1333,-7.2838,0.02234,0.041976,0.021641,4.332131,8.653135
13369344,53130.4,0.004242,3.8271,0.000469,-0.796875,0.0,0.131,-7.2799,0.012337,0.021003,0.013041,6.633502,7.215554
14155776,51126.8,-0.001493,4.072276,0.001528,-0.785156,0.0,0.1277,-7.2753,0.015223,0.024694,0.015636,6.547883,6.951543
14942208,51943.2,-0.00122,3.655274,0.000643,-0.769531,0.0,0.1253,-7.2668,0.02172,0.029968,0.019974,6.351243,7.562726
15728640,52687.8,-0.000696,3.379089,0.000544,-0.734375,0.0,0.1228,-7.2615,0.024983,0.038364,0.026617,5.52203,7.872325
16515072,53408.2,0.002322,3.822447,0.000536,-0.695312,0.0,0.1202,-7.2636,0.021758,0.030618,0.022184,4.838982,9.278065
17301504,52073.7,0.006365,4.29461,0.001927,-0.703125,0.0,0.1193,-7.2536,0.022547,0.030469,0.020533,6.569145,7.665332
18087936,52713.4,-0.004916,4.367733,0.000543,-0.640625,0.0,0.1193,-7.233,0.041648,0.024569,0.016501,6.7144,8.362528
18874368,53284.5,0.001197,3.85615,0.000467,-0.636719,0.0,0.1192,-7.2153,0.052859,0.019813,0.012862,6.074617,8.423325
19660800,51471.5,0.001014,3.807955,0.000478,-0.660156,0.0,0.119,-7.1925,0.029701,0.013416,0.010717,5.38237,9.555534
20447232,52038.8,-0.003403,3.774121,0.000609,-0.699219,0.0,0.1166,-7.2067,0.02393,0.023547,0.015569,5.517375,9.51572
21233664,52591.3,-0.003339,4.083014,0.000447,-0.628906,0.0,0.1144,-7.2188,0.014743,0.013529,0.008006,1.997074,11.497597
22020096,53150.7,0.001616,3.986398,0.000492,-0.597656,0.0,0.113,-7.2218,0.016224,0.021333,0.01566,6.306787,8.16688
22806528,52098.6,0.000682,4.383267,0.000442,-0.597656,0.0,0.1111,-7.2236,0.009643,0.012064,0.008318,5.959372,8.501593
23592960,52602.6,-0.006993,3.479145,0.000982,-0.566406,0.0,0.1093,-7.2171,0.022851,0.027876,0.018043,5.54885,9.187335
24379392,53066.8,0.003228,3.654573,0.001452,-0.578125,0.0,0.1075,-7.2152,0.019302,0.023648,0.018144,4.602757,10.288395
25165824,51594.3,-0.00725,4.290199,0.000573,-0.621094,0.0,0.1058,-7.2167,0.018355,0.017247,0.012368,1.857182,12.203461
25952256,52089.9,-0.006492,3.990799,0.000477,-0.628906,0.0,0.1064,-7.2012,0.013983,0.021937,0.013233,6.855147,8.679766
26738688,52541.1,-0.003385,3.949397,0.000442,-0.640625,0.0,0.1074,-7.175,0.014355,0.017917,0.010624,6.593966,8.488998
27525120,52964.8,-0.003206,3.676806,0.000609,-0.601562,0.0,0.1084,-7.1465,0.013652,0.018367,0.012221,6.336899,9.686016
28311552,52148.8,-0.005304,3.746229,0.000621,-0.613281,0.0,0.1096,-7.1088,0.016217,0.020852,0.014235,5.511905,10.213837
29097984,52572.6,0.000267,3.63285,0.000619,-0.613281,0.0,0.1112,-7.056,0.014071,0.01621,0.013419,4.967269,10.967056
29884416,52980.9,-0.005729,3.560329,0.000485,-0.5625,0.0,0.1121,-7.0219,0.018237,0.026164,0.023047,6.97909,8.933584
30670848,53365.2,-0.009071,3.504092,0.000469,-0.519531,0.0,0.1135,-6.9697,0.014032,0.016954,0.014032,6.260258,9.320032
31457280,52148.3,-0.003097,3.893263,0.001102,-0.5,0.0,0.1134,-6.9263,0.013874,0.018054,0.012881,5.382812,10.588634
32243712,52546.4,-0.001797,3.502133,0.000933,-0.523438,0.0,0.1123,-6.8954,0.009872,0.013311,0.009546,5.354687,10.67866
33030144,52913.2,-0.006881,3.450206,0.001265,-0.480469,0.0,0.1115,-6.8604,0.011377,0.016387,0.009869,4.479222,11.820204
33816576,51971.7,-0.001061,3.783025,0.000563,-0.554688,0.0,0.1109,-6.8337,0.017044,0.014789,0.012929,6.760937,10.220434
34603008,52346.8,0.001576,3.719989,0.000416,-0.511719,0.0,0.1077,-6.8281,0.012909,0.009291,0.007586,6.710041,9.866403
35389440,52697.9,-0.003861,3.476827,0.00061,-0.5,0.0,0.1049,-6.8229,0.016023,0.017632,0.012754,5.842784,10.82297
36175872,53108.5,-0.003925,3.184655,0.001764,-0.582031,0.0,0.1019,-6.8203,0.011301,0.013972,0.010536,5.856328,10.869909
36962304,52166.5,0.002545,3.516257,0.000459,-0.621094,0.0,0.101,-6.7996,0.014327,0.013856,0.009088,5.94763,11.088565
37748736,52512.0,0.001889,3.327783,0.000787,-0.554688,0.0,0.1007,-6.7631,0.015929,0.013955,0.00866,4.79681,12.121094
38535168,52833.2,-0.002902,3.210563,0.000861,-0.542969,0.0,0.1006,-6.7403,0.031539,0.020833,0.016454,6.469567,9.76615
39321600,52073.8,0.001934,3.414161,0.000779,-0.523438,0.0,0.1005,-6.7085,0.032146,0.015986,0.011524,6.614574,10.234446
40108032,52377.2,0.002695,3.1794,0.00048,-0.462891,0.0,0.1005,-6.6806,0.015513,0.011639,0.008601,5.816903,11.736832
40894464,52660.3,-0.000499,3.057322,0.000544,-0.435547,0.0,0.1008,-6.6419,0.035467,0.014061,0.018586,4.789264,12.582919
41680896,52948.4,-0.003407,3.009407,0.00091,-0.478516,0.0,0.1013,-6.6044,0.039375,0.011201,0.013551,4.844021,12.611438
42467328,52140.0,0.00231,3.336787,0.001316,-0.507812,0.0,0.1018,-6.5778,0.032489,0.022463,0.016131,6.740564,10.16124
43253760,52435.0,-0.002933,3.47727,0.001737,-0.423828,0.0,0.103,-6.5337,0.017635,0.016203,0.013045,6.470276,10.772441
44040192,52728.6,-0.007171,3.085367,0.000671,-0.408203,0.0,0.1042,-6.4896,0.01099,0.012173,0.010056,5.506003,12.902887
44826624,52074.9,-0.000518,3.347254,0.000439,-0.439453,0.0,0.1057,-6.4382,0.008502,0.007208,0.005649,4.746939,13.028972
45613056,52340.8,-0.002005,2.777707,0.000552,-0.472656,0.0,0.1064,-6.3949,0.01748,0.012888,0.010546,4.97841,12.65535
46399488,52607.5,0.000552,3.158739,0.00078,-0.478516,0.0,0.1071,-6.3564,0.009768,0.012827,0.0102,2.68325,14.494411
47185920,52861.5,-0.000977,2.987991,0.001298,-0.46875,0.0,0.1076,-6.324,0.009691,0.011942,0.009466,6.53201,10.801769
47972352,52421.6,0.002532,3.634071,0.001357,-0.542969,0.0,0.1086,-6.2798,0.011458,0.008507,0.00583,6.174529,11.065906
48758784,52687.3,-0.002087,2.718791,0.000721,-0.550781,0.0,0.1101,-6.2276,0.007778,0.011471,0.006724,6.252276,10.509604
49545216,52949.6,0.000433,2.837306,0.000479,-0.523438,0.0,0.1117,-6.1837,0.006154,0.008446,0.005014,5.539246,12.142525
50331648,52374.9,-0.001026,3.036791,0.001115,-0.558594,0.0,0.1133,-6.14,0.011757,0.010036,0.007053,2.92947,14.489851
51118080,52617.0,-0.003562,3.093419,0.000757,-0.503906,0.0,0.1137,-6.1169,0.010691,0.012548,0.009843,7.250634,10.106155
51904512,52859.1,-0.007922,2.845406,0.001632,-0.414062,0.0,0.1144,-6.0862,0.006112,0.009265,0.007263,6.065857,12.109316
52690944,53101.2,8.4e-05,2.743302,0.001918,-0.40625,0.0,0.115,-6.0533,0.011674,0.016932,0.012644,5.505393,12.613589
53477376,52526.1,-0.001228,2.909397,0.000471,-0.431641,0.0,0.1148,-6.0201,0.009482,0.011592,0.009005,5.061347,13.911258
54263808,52755.8,0.001563,2.70776,0.001351,-0.419922,0.0,0.1129,-5.997,0.011857,0.016235,0.012109,4.965566,14.087801
55050240,52977.0,-0.001237,2.764406,0.000606,-0.408203,0.0,0.1108,-5.9797,0.011146,0.012217,0.008791,6.467838,12.322052
55836672,53197.2,0.000627,2.598615,0.001171,-0.404297,0.0,0.1095,-5.9627,0.008652,0.010123,0.007486,6.10436,12.761473
56623104,52475.2,0.000915,3.006477,0.000479,-0.431641,0.0,0.107,-5.9442,0.007333,0.010558,0.010098,5.832031,12.930957
57409536,52693.9,-0.002488,2.668546,0.000465,-0.431641,0.0,0.1042,-5.9291,0.008937,0.007481,0.007625,5.837587,13.10314
58195968,52900.0,-0.002523,2.619503,0.001094,-0.466797,0.0,0.1012,-5.9205,0.013649,0.012973,0.00903,4.875718,14.235718
58982400,52280.2,0.001759,2.801969,0.000841,-0.486328,0.0,0.0993,-5.9072,0.01462,0.012766,0.010053,7.092147,11.227271
59768832,52494.1,-0.008139,2.695856,0.000627,-0.416016,0.0,0.0997,-5.8885,0.015417,0.013235,0.009629,6.586997,12.012564
60555264,52694.5,-0.006343,2.720284,0.00099,-0.412109,0.0,0.1003,-5.8511,0.009825,0.012218,0.009521,6.044302,13.211647
61341696,52889.6,-0.006729,2.33247,0.007845,-0.435547,0.0,0.101,-5.8193,0.00949,0.009211,0.006867,5.838504,13.670534
62128128,52381.1,0.004605,2.328213,0.002404,-0.488281,0.0,0.1006,-5.7791,0.014841,0.009071,0.007707,6.026519,13.763392
62914560,52571.5,0.007353,2.063608,0.00364,-0.484375,0.0,0.1,-5.734,0.013547,0.01265,0.010257,5.742849,14.79566
63700992,52776.1,-0.001039,1.931201,0.002366,-0.515625,0.0,0.0996,-5.6991,0.005591,0.006506,0.005974,7.182655,12.023344
64487424,52262.0,0.006501,2.243593,0.000398,-0.527344,0.0,0.099,-5.6419,0.009089,0.007836,0.006437,7.056288,12.432283
65273856,52451.1,0.004875,2.007781,0.000379,-0.539062,0.0,0.0989,-5.5932,0.008599,0.008247,0.007504,7.463555,12.557178
66060288,52641.0,-0.000594,1.942509,0.000637,-0.515625,0.0,0.0989,-5.5459,0.010432,0.010692,0.008732,6.793403,13.886335
66846720,52835.8,0.001278,1.885628,0.000855,-0.507812,0.0,0.0989,-5.496,0.013368,0.011512,0.008916,6.380549,14.880024
67633152,52386.7,-0.001425,2.108924,0.000403,-0.511719,0.0,0.0994,-5.4569,0.010361,0.008614,0.006632,7.807572,12.896278
68419584,52566.4,0.000789,1.967921,0.000359,-0.480469,0.0,0.101,-5.3938,0.007061,0.007285,0.006585,7.979894,12.655337
69206016,52737.5,5.4e-05,2.008113,0.000359,-0.439453,0.0,0.1025,-5.3342,0.005481,0.003981,0.003547,6.761589,14.405876
69992448,52451.7,0.001108,2.173776,0.010226,-0.480469,0.0,0.1043,-5.2696,0.014355,0.008274,0.007626,6.01946,14.909344
70778880,52644.6,0.001092,1.671832,0.00159,-0.511719,0.0,0.1044,-5.22,0.01509,0.008667,0.006952,6.388791,14.938991
71565312,52838.1,-0.003512,1.760357,0.000578,-0.476562,0.0,0.1045,-5.1691,0.006687,0.006325,0.00591,3.634703,17.126431
72351744,53024.7,0.001595,1.709314,0.000415,-0.511719,0.0,0.1046,-5.1324,0.006132,0.005973,0.005345,8.532464,13.23217
73138176,52663.3,-0.003491,1.865981,0.001699,-0.466797,0.0,0.1039,-5.09,0.013872,0.009931,0.007967,7.795194,13.738528
73924608,52839.0,-0.004946,1.769812,0.001536,-0.482422,0.0,0.1023,-5.0578,0.046377,0.011126,0.008524,6.936123,14.921179
74711040,53006.3,-0.005693,1.723077,0.000495,-0.511719,0.0,0.1005,-5.0249,0.029585,0.007639,0.006205,6.540385,15.976744
75497472,52663.6,0.00179,1.94813,0.000629,-0.539062,0.0,0.0987,-4.9968,0.019654,0.00672,0.005786,3.848977,17.7749
76283904,52816.5,-0.001339,1.716954,0.016617,-0.486328,0.0,0.0989,-4.9586,0.008835,0.008536,0.006906,8.715009,13.562025
77070336,52973.1,0.001753,1.67535,0.000556,-0.435547,0.0,0.0993,-4.8898,0.014268,0.008871,0.007528,7.806688,14.545774
77856768,53119.5,0.009144,1.60563,0.000815,-0.441406,0.0,0.0997,-4.8237,0.00532,0.004658,0.004897,7.267664,15.348155
78643200,52862.2,0.007487,1.757268,0.000681,-0.482422,0.0,0.1008,-4.7517,0.01031,0.007128,0.006603,6.501115,16.300428
79429632,53032.6,0.00753,1.526115,0.002179,-0.511719,0.0,0.1034,-4.6762,0.015435,0.013391,0.011532,6.627826,16.201775
80216064,53205.2,-0.002489,1.672568,0.000486,-0.457031,0.0,0.1055,-4.5996,0.015505,0.008476,0.007384,2.458377,18.638054
81002496,53383.2,0.001592,1.564211,0.000848,-0.439453,0.0,0.107,-4.5429,0.01959,0.008279,0.008528,8.474777,15.142367
81788928,53067.5,-0.003209,1.726534,0.000377,-0.416016,0.0,0.1096,-4.4772,0.005606,0.005804,0.00534,7.558194,15.701209
82575360,53221.8,-0.005382,1.589659,0.000365,-0.404297,0.0,0.1124,-4.4105,0.009367,0.005911,0.006142,6.673659,16.971859
83361792,53377.0,0.00055,1.619926,0.000588,-0.40625,0.0,0.1149,-4.3474,0.011796,0.008641,0.007664,5.993938,17.872433
84148224,53134.8,-0.004891,1.764352,0.000562,-0.394531,0.0,0.1178,-4.2847,0.01322,0.007512,0.00741,1.834226,19.862598
84934656,53274.0,0.002999,1.495627,0.000876,-0.404297,0.0,0.1201,-4.2346,0.019323,0.009515,0.008953,7.965312,16.015518
85721088,53408.6,-0.003206,1.473874,0.000888,-0.380859,0.0,0.1238,-4.1589,0.01043,0.007606,0.007013,7.57714,16.860445
86507520,53564.6,-0.006689,1.48623,0.00639,-0.382812,0.0,0.1273,-4.0798,0.008661,0.006384,0.006409,6.743339,17.777534
87293952,53260.1,0.000132,1.76941,0.0012,-0.375,0.0,0.1296,-4.0125,0.009247,0.010336,0.008235,5.72279,18.706991
88080384,53386.1,-0.000645,1.669023,0.000459,-0.367188,0.0,0.131,-3.9457,0.008644,0.007817,0.007161,4.876462,19.11776
88866816,53507.1,-0.004595,1.728296,0.000783,-0.339844,0.0,0.132,-3.9033,0.011527,0.005884,0.006067,8.096818,17.516933
89653248,53239.3,0.001862,1.874333,0.000751,-0.345703,0.0,0.1335,-3.8432,0.007917,0.006295,0.005874,7.370695,17.603176
90439680,53370.9,0.003534,1.49129,0.000398,-0.367188,0.0,0.1375,-3.7811,0.0074,0.008163,0.00914,7.199877,17.8207
91226112,53494.8,-0.004732,1.350602,0.000594,-0.353516,0.0,0.1412,-3.7214,0.007466,0.007266,0.007771,6.253335,18.884291
92012544,53631.2,-0.009095,1.319235,0.000964,-0.357422,0.0,0.145,-3.6619,0.006364,0.005513,0.0057,5.689371,19.612125
92798976,53259.3,-0.0012,1.616424,0.000476,-0.341797,0.0,0.1468,-3.6268,0.010159,0.008111,0.005868,8.15774,18.165222
93585408,53405.7,-0.00623,1.627826,0.001498,-0.304688,0.0,0.1481,-3.579,0.008658,0.007516,0.006692,7.318821,18.774597
94371840,53541.6,0.006181,1.809514,0.000838,-0.326172,0.0,0.1495,-3.532,0.009809,0.006725,0.006249,6.709921,19.195919
95158272,53281.1,-0.007353,1.432685,0.001024,-0.357422,0.0,0.1517,-3.4878,0.009393,0.008343,0.007522,6.277141,19.500051
95944704,53421.7,-0.000632,1.331821,0.000967,-0.316406,0.0,0.1533,-3.4424,0.008564,0.006985,0.00769,4.759244,20.75494
96731136,53534.5,-0.000677,1.290679,0.000619,-0.308594,0.0,0.1546,-3.3968,0.007686,0.005719,0.005882,3.307743,21.445181
97517568,53644.9,-0.006599,1.320884,0.000346,-0.302734,0.0,0.1551,-3.3685,0.007412,0.005614,0.004656,7.391641,19.253904
98304000,53198.2,0.003168,1.386149,0.001576,-0.273438,0.0,0.1563,-3.3255,0.011288,0.008892,0.007583,6.770951,19.890478
99090432,53317.3,0.000769,1.28597,0.000662,-0.308594,0.0,0.1581,-3.2837,0.007387,0.007029,0.006962,6.119299,20.441984
99876864,53431.3,-0.001604,1.181276,0.003602,-0.320312,0.0,0.16,-3.2424,0.011304,0.007151,0.007622,5.975629,20.627708
100663296,53057.8,0.001493,1.239187,0.001489,-0.310547,0.0,0.1622,-3.1977,0.023812,0.009168,0.008161,4.207337,21.52177
101449728,53167.4,-0.000192,1.232082,0.000621,-0.285156,0.0,0.1657,-3.1504,0.015589,0.005503,0.005934,7.13388,20.143417
102236160,53275.8,0.00312,1.257842,0.001279,-0.285156,0.0,0.1707,-3.0829,0.008013,0.005649,0.005297,6.787766,20.302542
103022592,53384.5,-0.000955,1.201183,0.002034,-0.294922,0.0,0.1764,-3.016,0.012866,0.007396,0.006581,6.572918,20.534664
103809024,52995.7,0.00115,1.219273,0.001543,-0.263672,0.0,0.1807,-2.9538,0.009588,0.005886,0.006095,5.094776,21.730865
104595456,53108.7,0.001103,1.312048,0.000453,-0.251953,0.0,0.1821,-2.9113,0.008806,0.007292,0.006402,3.69368,22.230949
105381888,53211.3,-0.002544,1.460328,0.001131,-0.277344,0.0,0.1834,-2.8737,0.00916,0.007692,0.006827,2.073951,22.669287
106168320,53317.4,-0.003594,1.230745,0.000703,-0.267578,0.0,0.1844,-2.8461,0.004977,0.005258,0.004618,7.009365,20.421513
106954752,53007.0,0.005107,1.339927,0.004434,-0.251953,0.0,0.186,-2.8114,0.011998,0.009922,0.009624,6.051786,21.312929
107741184,53109.9,-0.004286,1.385024,0.00181,-0.314453,0.0,0.1875,-2.78,0.014185,0.010482,0.01133,7.008654,20.814159
108527616,53212.9,-0.008515,1.244258,0.000474,-0.306641,0.0,0.1898,-2.7466,0.005236,0.003752,0.004041,5.514255,21.784447
109314048,52906.3,-0.001801,1.26706,0.001053,-0.283203,0.0,0.1913,-2.7092,0.009662,0.007835,0.007642,1.840419,23.249701
110100480,53013.4,-0.000223,1.187975,0.00055,-0.257812,0.0,0.1921,-2.6801,0.009473,0.009703,0.007859,7.23149,20.878912
110886912,53122.8,0.001871,1.120997,0.000433,-0.21582,0.0,0.193,-2.6344,0.007056,0.006587,0.00631,5.931901,21.917974
111673344,53221.3,-0.005162,1.058263,0.000429,-0.208984,0.0,0.1947,-2.5871,0.006056,0.0054,0.004498,5.099433,22.631107
112459776,52997.6,-0.00445,1.207251,0.000704,-0.229492,0.0,0.195,-2.5601,0.007343,0.00582,0.005243,4.511582,22.850143
113246208,53104.3,-0.001525,1.08856,0.000563,-0.261719,0.0,0.1947,-2.5395,0.013259,0.009795,0.007748,4.072464,23.224895
114032640,53219.0,-0.002888,1.169719,0.001824,-0.249023,0.0,0.1945,-2.5184,0.010787,0.007653,0.005578,7.176322,21.670258
114819072,52913.5,0.002916,1.195077,0.001053,-0.229492,0.0,0.1944,-2.5051,0.008959,0.007024,0.005395,6.69348,21.988827
115605504,53008.3,0.001567,0.968764,0.000664,-0.24707,0.0,0.1973,-2.456,0.013789,0.007461,0.00642,6.186665,22.195036
116391936,53100.4,-0.009203,0.973014,0.000574,-0.224609,0.0,0.2002,-2.4071,0.005914,0.006278,0.004558,4.614514,23.08873
117178368,53195.8,-0.004605,0.994057,0.001603,-0.224609,0.0,0.2031,-2.3605,0.006379,0.006224,0.005324,3.879456,23.650848
117964800,52923.8,-0.002865,1.052833,0.001459,-0.244141,0.0,0.2037,-2.3255,0.014272,0.011528,0.009525,7.389401,21.970234
118751232,53024.6,-0.011221,1.003365,0.000385,-0.229492,0.0,0.2034,-2.3075,0.006134,0.005193,0.003817,6.510313,22.515255
119537664,53120.2,0.008353,1.025321,0.000399,-0.235352,0.0,0.2028,-2.2811,0.005737,0.005229,0.003761,6.234619,22.618866
120324096,52914.4,0.000277,1.001539,0.000565,-0.227539,0.0,0.2021,-2.2545,0.007536,0.005831,0.005344,5.236186,23.244736
121110528,53010.4,0.002311,0.925504,0.00118,-0.227539,0.0,0.2047,-2.2133,0.010671,0.009167,0.008685,4.643332,23.58596
121896960,53107.5,-0.00306,0.964733,0.001292,-0.240234,0.0,0.2079,-2.1713,0.008648,0.011253,0.008004,3.62895,24.270081
122683392,53202.5,-0.000852,1.094375,0.000465,-0.245117,0.0,0.2097,-2.1435,0.003791,0.005489,0.003895,7.169229,22.647686
123469824,52941.3,-0.006784,1.260933,0.00049,-0.204102,0.0,0.2106,-2.1147,0.007753,0.007919,0.00535,5.497709,23.62608
124256256,53029.6,0.00056,1.064087,0.000784,-0.211914,0.0,0.2127,-2.0885,0.009012,0.005554,0.004735,5.167403,23.540176
125042688,53116.6,-0.003115,0.960065,0.000793,-0.230469,0.0,0.2159,-2.06,0.005347,0.005406,0.005231,4.678395,23.826056
125829120,52912.9,-0.009988,0.969197,0.002351,-0.227539,0.0,0.2195,-2.032,0.010491,0.011806,0.00772,3.770234,24.335312
126615552,53008.8,-0.00212,0.985577,0.000604,-0.21582,0.0,0.2205,-2.0129,0.006578,0.008411,0.005816,6.823294,23.037458
127401984,53099.7,-0.003593,0.993903,0.000813,-0.194336,0.0,0.2214,-1.9867,0.006192,0.006327,0.006087,5.922892,23.442984
128188416,53183.6,-0.002216,1.019103,0.000366,-0.205078,0.0,0.2224,-1.9617,0.004613,0.003246,0.003337,5.372931,24.015669
128974848,52942.0,0.001514,0.998414,0.000833,-0.217773,0.0,0.2231,-1.9401,0.00635,0.00654,0.006081,5.383557,23.902029
129761280,53031.4,0.002802,0.963405,0.001047,-0.237305,0.0,0.2237,-1.9284,0.013048,0.009224,0.008145,3.972086,24.413368
130547712,53114.7,0.002597,0.952416,0.00083,-0.235352,0.0,0.2246,-1.9159,0.010609,0.010044,0.010389,3.01915,24.95509
131334144,53199.0,-0.00509,0.997723,0.000742,-0.242188,0.0,0.2248,-1.908,0.009788,0.008309,0.007586,6.768257,23.350937
132120576,53022.2,0.006644,0.892526,0.000388,-0.213867,0.0,0.2268,-1.8832,0.005868,0.005524,0.005289,6.072227,24.042618
132907008,53106.5,-0.00048,0.805436,0.000492,-0.226562,0.0,0.2301,-1.849,0.006701,0.005385,0.005704,5.201023,24.240402
133693440,53188.7,-0.004983,0.735148,0.001542,-0.219727,0.0,0.2334,-1.8153,0.011839,0.00834,0.007484,4.662393,24.531729
134479872,52990.3,0.000248,0.803873,0.000477,-0.216797,0.0,0.2354,-1.7853,0.007121,0.006381,0.004925,2.64099,25.180893
135266304,53090.4,0.001475,0.951357,0.002921,-0.213867,0.0,0.2361,-1.7704,0.012991,0.01334,0.010713,6.647482,23.62027
136052736,53183.1,-0.007653,0.926002,0.000502,-0.204102,0.0,0.2378,-1.7352,0.004651,0.006117,0.005285,6.465778,24.120733
136839168,53265.5,-0.000881,0.919448,0.000346,-0.205078,0.0,0.2389,-1.7071,0.004838,0.005437,0.004523,5.873567,24.56543
137625600,53021.1,0.002754,0.916835,0.000957,-0.229492,0.0,0.2417,-1.6825,0.010369,0.007442,0.007504,4.659078,25.200621
138412032,53110.4,-0.000268,0.943906,0.001305,-0.289062,0.0,0.2445,-1.6708,0.01098,0.01121,0.008341,5.057716,25.022068
139198464,53186.9,-0.002303,0.81386,0.002468,-0.237305,0.0,0.2469,-1.6531,0.007116,0.008773,0.008783,2.325302,25.914177
139984896,52969.7,0.005017,0.909134,0.000411,-0.186523,0.0,0.2482,-1.6407,0.008715,0.008819,0.007892,5.913336,24.352859
140771328,53053.0,0.002797,0.921664,0.000428,-0.205078,0.0,0.2495,-1.6199,0.008052,0.008819,0.00784,5.312049,24.79463
141557760,53137.0,0.003653,0.845962,0.000413,-0.208008,0.0,0.2513,-1.5985,0.006041,0.005126,0.004616,5.126606,25.244564
142344192,53215.1,-0.00768,0.820741,0.000347,-0.22168,0.0,0.2529,-1.5764,0.004944,0.004711,0.004054,4.483049,25.844412
143130624,53027.5,0.003161,0.838099,0.000387,-0.211914,0.0,0.2541,-1.5584,0.006619,0.007772,0.004933,2.372732,26.708458
143917056,53104.0,-0.007638,0.897602,0.0006,-0.209961,0.0,0.2548,-1.5492,0.011066,0.00986,0.006714,6.520086,25.16095
144703488,53181.7,-0.00594,0.799768,0.010817,-0.209961,0.0,0.2558,-1.5365,0.014581,0.009362,0.008676,6.359731,25.406845
145489920,52857.2,-0.000985,0.813042,0.000959,-0.208008,0.0,0.2572,-1.5209,0.005711,0.004014,0.004253,5.312045,25.993713
146276352,52937.6,0.004464,0.773957,0.002852,-0.229492,0.0,0.2594,-1.5046,0.01386,0.010675,0.011302,4.768489,26.017782
147062784,53015.8,0.003438,0.778992,0.000414,-0.230469,0.0,0.2616,-1.4879,0.007348,0.004394,0.004775,3.510152,26.748283
147849216,53096.8,-0.009394,0.792837,0.000439,-0.219727,0.0,0.2631,-1.4752,0.010391,0.005997,0.006106,7.034909,25.138479
148635648,52879.4,0.000172,0.807826,0.001057,-0.197266,0.0,0.2658,-1.4553,0.007718,0.007418,0.006328,5.610175,26.143768
149422080,52950.3,0.004225,0.79307,0.000864,-0.196289,0.0,0.2691,-1.4347,0.009822,0.009121,0.007065,5.27634,25.917023
150208512,53020.0,-0.001836,0.727242,0.000559,-0.230469,0.0,0.2723,-1.416,0.009843,0.008523,0.007783,5.229509,25.728302
150994944,52812.4,-0.003928,0.764652,0.000611,-0.231445,0.0,0.2758,-1.3922,0.008897,0.00615,0.005995,4.222581,26.260527
151781376,52884.0,0.006112,0.80461,0.001056,-0.245117,0.0,0.2764,-1.381,0.008177,0.006567,0.007034,7.820508,23.946638
152567808,52963.4,-0.005124,0.768897,0.000896,-0.240234,0.0,0.2759,-1.3738,0.012261,0.010259,0.010721,7.086648,25.026258
153354240,53037.9,-0.008403,0.732686,0.000879,-0.225586,0.0,0.2751,-1.3649,0.006963,0.006773,0.007173,6.813291,25.340023
154140672,52853.1,-0.006304,0.72973,0.001696,-0.225586,0.0,0.2755,-1.3527,0.017435,0.007913,0.007892,5.364458,26.127426
154927104,52921.5,-0.004071,0.740762,0.001059,-0.198242,0.0,0.2766,-1.3386,0.008368,0.00869,0.007675,4.405583,27.042137
155713536,52987.7,-0.001523,0.711978,0.00129,-0.204102,0.0,0.278,-1.3229,0.006579,0.006747,0.006365,3.137413,27.532562
156499968,53060.2,0.00185,0.722078,0.000419,-0.203125,0.0,0.2789,-1.3118,0.006979,0.006901,0.005943,6.268939,24.752203
157286400,52892.5,0.001888,0.737966,0.000898,-0.207031,0.0,0.2789,-1.297,0.010384,0.007592,0.00793,5.526669,25.678778
158072832,52977.7,0.001775,0.647401,0.000425,-0.209961,0.0,0.278,-1.2813,0.007208,0.008799,0.008027,5.661211,25.406986
158859264,53063.2,-0.003084,0.634524,0.003813,-0.229492,0.0,0.2775,-1.2667,0.007645,0.008868,0.005907,5.329834,26.254843
159645696,52948.9,0.00376,0.686905,0.000653,-0.243164,0.0,0.2769,-1.257,0.008347,0.007553,0.006316,4.45028,26.721106
160432128,53034.9,-0.00611,0.800316,0.000667,-0.227539,0.0,0.2761,-1.2587,0.01173,0.008837,0.009204,6.936915,24.802481
161218560,53116.6,-0.001189,0.749635,0.000824,-0.229492,0.0,0.2748,-1.256,0.009598,0.007028,0.007464,7.009909,25.37545
162004992,53186.0,0.002412,0.745995,0.00066,-0.24707,0.0,0.2748,-1.2546,0.0062,0.00453,0.005385,6.482572,25.180782
162791424,52993.7,-0.004709,0.758763,0.001012,-0.246094,0.0,0.2755,-1.2486,0.007587,0.007973,0.006867,5.842462,25.832108
163577856,53063.1,-0.002903,0.691863,0.000334,-0.239258,0.0,0.2761,-1.2399,0.005925,0.004515,0.005024,4.948696,25.779282
164364288,53136.7,-0.001155,0.709944,0.001715,-0.245117,0.0,0.2759,-1.2346,0.005523,0.006511,0.006386,3.753822,26.669516
165150720,52990.5,0.001808,0.800154,0.00105,-0.259766,0.0,0.2757,-1.2306,0.007217,0.005385,0.006402,6.901302,22.512228
165937152,53061.2,0.000117,0.836201,0.00078,-0.261719,0.0,0.275,-1.2284,0.009529,0.007682,0.007232,6.677168,22.787754
166723584,53131.2,0.004984,0.793839,0.000378,-0.231445,0.0,0.2746,-1.2169,0.005714,0.00527,0.00484,5.930644,23.703899
167510016,53206.1,-0.001065,0.724432,0.00039,-0.232422,0.0,0.2741,-1.2131,0.005463,0.005722,0.004792,5.284126,25.285213
168296448,52954.9,-0.006021,0.706311,0.000357,-0.230469,0.0,0.2749,-1.2019,0.00837,0.005885,0.005103,3.603873,26.777023
169082880,53027.1,-0.003119,0.650482,0.002862,-0.229492,0.0,0.2757,-1.1925,0.009896,0.010045,0.009336,6.437164,24.142746
169869312,53092.3,0.000879,0.695791,0.000473,-0.211914,0.0,0.2762,-1.181,0.007608,0.005667,0.005647,6.158987,25.729122
170655744,52945.6,-0.007464,0.645915,0.00046,-0.208984,0.0,0.2771,-1.168,0.005456,0.004508,0.005193,5.095305,26.960577
171442176,53024.5,-0.005774,0.652517,0.002077,-0.199219,0.0,0.2775,-1.1629,0.009718,0.009589,0.009417,4.829228,27.175034
172228608,53103.5,-0.007937,0.597048,0.002846,-0.208008,0.0,0.2783,-1.1519,0.00933,0.010242,0.010744,4.017145,27.751678
173015040,53181.6,-0.000325,0.706362,0.000537,-0.235352,0.0,0.2791,-1.1479,0.009565,0.010159,0.009333,6.336133,23.841602
173801472,52954.0,-0.00964,0.658246,0.000736,-0.237305,0.0,0.2799,-1.1414,0.008702,0.008387,0.008984,6.128296,22.8475
174587904,53019.0,-0.000425,0.658075,0.000523,-0.245117,0.0,0.2807,-1.1319,0.008567,0.006968,0.006848,5.398537,23.518835
175374336,53094.6,-0.000729,0.61426,0.000351,-0.228516,0.0,0.2818,-1.12,0.005072,0.005271,0.004346,5.663498,24.606497
176160768,52940.1,-0.006391,0.58871,0.00147,-0.241211,0.0,0.2837,-1.1083,0.007434,0.008878,0.008541,5.14671,26.614838
176947200,53010.6,-0.005207,0.677031,0.000361,-0.287109,0.0,0.2834,-1.1054,0.005443,0.005973,0.007071,6.71352,20.541391
177733632,53077.9,-0.004478,0.668297,0.000307,-0.287109,0.0,0.2831,-1.1039,0.005057,0.00527,0.005723,6.520487,19.360931
178520064,53141.6,-0.004381,0.695213,0.00036,-0.265625,0.0,0.2822,-1.1026,0.005016,0.005367,0.005806,6.480961,20.662806
179306496,52985.8,0.001613,0.655036,0.000442,-0.265625,0.0,0.2823,-1.0985,0.006357,0.006614,0.006485,5.980352,23.422882
180092928,53054.4,-0.000527,0.667803,0.000638,-0.28125,0.0,0.2837,-1.0931,0.006305,0.006704,0.006417,5.900126,23.214361
180879360,53119.0,-0.003101,0.658849,0.000969,-0.304688,0.0,0.2854,-1.0863,0.012564,0.012222,0.011817,4.642114,23.466475
181665792,53185.6,-0.004172,0.622195,0.000474,-0.304688,0.0,0.2864,-1.0816,0.007142,0.005892,0.007499,6.594118,19.505932
182452224,52998.1,0.002535,0.60886,0.001285,-0.291016,0.0,0.2871,-1.0721,0.010943,0.012123,0.011397,6.323434,20.893587
183238656,53056.3,0.002324,0.658139,0.000354,-0.320312,0.0,0.2888,-1.0613,0.005779,0.004961,0.00567,6.357693,21.124973
184025088,53115.1,-0.001795,0.647077,0.000598,-0.296875,0.0,0.2909,-1.0556,0.008916,0.006466,0.00659,6.521473,20.740198
184811520,52917.4,-0.000963,0.564756,0.001013,-0.296875,0.0,0.2925,-1.0469,0.013286,0.009571,0.010785,5.008952,23.002407
185597952,52978.3,-0.00271,0.604848,0.000484,-0.318359,0.0,0.2938,-1.0406,0.010085,0.006737,0.007695,6.680163,19.115421
186384384,53046.2,-0.002865,0.609723,0.000477,-0.308594,0.0,0.2949,-1.0345,0.010765,0.010038,0.011577,7.036583,18.499828
187170816,53105.6,0.003345,0.639298,0.000333,-0.269531,0.0,0.2949,-1.0275,0.008354,0.005726,0.006287,6.599101,20.940321
187957248,52963.7,0.008237,0.700524,0.003758,-0.251953,0.0,0.2969,-1.0122,0.006563,0.005253,0.006934,5.490275,23.542934
188743680,53025.4,-0.005844,0.65562,0.000404,-0.271484,0.0,0.3003,-1.0009,0.009899,0.007342,0.010029,5.148986,23.176369
189530112,53096.5,-0.000137,0.578918,0.001683,-0.324219,0.0,0.3022,-0.9889,0.010978,0.011411,0.012499,4.820884,25.429573
190316544,52972.2,0.004271,0.571077,0.000489,-0.365234,0.0,0.3033,-0.9789,0.006666,0.004719,0.006489,7.915015,19.280321
191102976,53032.1,0.00052,0.62751,0.00067,-0.326172,0.0,0.3036,-0.9681,0.008612,0.006672,0.00921,8.020243,18.950285
191889408,53093.7,-0.003831,0.626839,0.000701,-0.289062,0.0,0.3037,-0.9598,0.012174,0.008921,0.009793,6.468399,22.624657
192675840,53151.1,0.001377,0.548483,0.000585,-0.314453,0.0,0.3047,-0.9485,0.006255,0.005748,0.006776,6.220796,23.382322
193462272,53029.0,0.001381,0.478137,0.000357,-0.292969,0.0,0.3053,-0.9319,0.005885,0.004724,0.006266,5.720969,24.564888
194248704,53087.1,0.00584,0.501908,0.000351,-0.273438,0.0,0.3058,-0.919,0.006779,0.005145,0.006558,6.373119,19.662857
195035136,53150.8,0.003628,0.506953,0.000313,-0.243164,0.0,0.3068,-0.9011,0.007011,0.005854,0.006117,6.243002,21.975452
195821568,53006.6,0.002412,0.524611,0.000339,-0.251953,0.0,0.3085,-0.8856,0.00663,0.004333,0.004612,5.700507,23.981003
196608000,53067.4,-0.002273,0.530701,0.002517,-0.294922,0.0,0.3105,-0.8766,0.011109,0.006617,0.008014,5.514959,24.734867
197394432,53123.7,0.001764,0.434093,0.000333,-0.320312,0.0,0.3125,-0.8632,0.00768,0.005734,0.006096,5.984987,24.020779
198180864,53179.6,-0.001813,0.473685,0.000272,-0.324219,0.0,0.315,-0.8501,0.008098,0.0051,0.005109,4.964993,25.250877
198967296,53025.5,-0.00731,0.506904,0.00028,-0.310547,0.0,0.3161,-0.8425,0.008396,0.00486,0.006452,6.842318,20.192888
199753728,53082.3,-0.001389,0.493115,0.000659,-0.314453,0.0,0.3172,-0.8305,0.014364,0.009295,0.011489,6.914815,21.144501
200540160,53134.6,-0.005785,0.423306,0.00033,-0.306641,0.0,0.3181,-0.8178,0.008744,0.005758,0.00768,6.879653,22.586166
201326592,53020.8,-0.001798,0.447284,0.001323,-0.333984,0.0,0.3185,-0.806,0.009765,0.007582,0.008555,6.445219,25.367672
202113024,53070.8,0.000235,0.496952,0.000306,-0.328125,0.0,0.3191,-0.796,0.008032,0.006873,0.006644,5.046542,25.021149
202899456,53117.5,0.000665,0.473895,0.000321,-0.320312,0.0,0.3197,-0.7897,0.007546,0.00794,0.00661,6.764723,20.316013
203685888,53176.5,-0.000415,0.495892,0.003618,-0.328125,0.0,0.3199,-0.7831,0.010592,0.00954,0.009609,7.062086,20.268761
204472320,53038.4,0.000311,0.461874,0.000593,-0.347656,0.0,0.3197,-0.7767,0.008726,0.005699,0.006461,6.997645,20.803587
205258752,53088.3,-0.000719,0.438048,0.00152,-0.380859,0.0,0.3205,-0.7648,0.014615,0.009369,0.010853,7.093678,21.117306
206045184,53136.7,-0.00306,0.488129,0.001991,-0.382812,0.0,0.3214,-0.7534,0.009021,0.006987,0.008332,6.688138,21.876392
206831616,53190.4,0.004168,0.452206,0.000329,-0.369141,0.0,0.3226,-0.7444,0.011272,0.007967,0.008959,7.340353,16.437069
207618048,53075.2,-0.005213,0.478625,0.000286,-0.3125,0.0,0.3244,-0.7276,0.008083,0.005766,0.007742,7.360424,19.757229
208404480,53132.6,-0.002175,0.462651,0.000297,-0.322266,0.0,0.3257,-0.7109,0.009142,0.005357,0.006528,7.028247,21.816364
209190912,53176.3,-0.001035,0.437813,0.00031,-0.316406,0.0,0.3271,-0.6956,0.006827,0.004463,0.006026,7.039961,23.131012
209977344,53032.1,-0.004598,0.475006,0.000395,-0.324219,0.0,0.3282,-0.6849,0.011559,0.005319,0.007132,6.623732,25.572117
210763776,53081.3,0.000928,0.520164,0.000939,-0.371094,0.0,0.3291,-0.6824,0.008682,0.007645,0.008783,7.08796,19.232563
211550208,53127.4,0.001353,0.502158,0.003267,-0.357422,0.0,0.3297,-0.674,0.013787,0.00867,0.010334,7.079028,18.446301
212336640,53172.9,0.00211,0.544549,0.000446,-0.378906,0.0,0.3304,-0.6687,0.008161,0.004502,0.006535,7.346364,17.478558
213123072,53050.8,0.00152,0.57968,0.000443,-0.34375,0.0,0.3312,-0.6651,0.008913,0.005659,0.006981,7.423985,21.344196
213909504,53107.4,0.004502,0.516236,0.000324,-0.304688,0.0,0.3324,-0.6573,0.007987,0.00586,0.00692,6.952574,22.426025
214695936,53159.2,0.0026,0.492473,0.000289,-0.302734,0.0,0.3341,-0.6496,0.008336,0.005418,0.006265,6.053562,23.928005
215482368,53032.8,-0.002099,0.486336,0.000498,-0.3125,0.0,0.3355,-0.6444,0.007653,0.008641,0.008612,5.875512,18.823677
216268800,53076.2,0.003953,0.435982,0.001211,-0.373047,0.0,0.3373,-0.636,0.010665,0.008516,0.009048,6.306782,19.38986
217055232,53120.4,0.001843,0.359494,0.002425,-0.375,0.0,0.3384,-0.6217,0.013962,0.009827,0.010386,6.916928,19.726927
217841664,53168.0,0.009574,0.376112,0.001187,-0.396484,0.0,0.3404,-0.6132,0.009401,0.007751,0.008904,7.483809,20.674145
218628096,53019.2,-0.002659,0.41856,0.000541,-0.384766,0.0,0.3423,-0.6066,0.013463,0.008842,0.011051,7.498964,22.485542
219414528,53065.7,-0.001626,0.434315,0.000775,-0.386719,0.0,0.3433,-0.6008,0.011925,0.007654,0.011682,6.827326,17.699415
220200960,53118.8,0.000548,0.411578,0.000372,-0.382812,0.0,0.3453,-0.59,0.008502,0.006529,0.0083,7.520715,19.100693
220987392,52994.5,-0.003231,0.402391,0.001191,-0.386719,0.0,0.3471,-0.5817,0.00502,0.004065,0.005915,8.040617,20.956825
221773824,53049.0,-0.002242,0.405291,0.000567,-0.402344,0.0,0.3491,-0.579,0.010464,0.007407,0.010327,8.266953,20.833828
222560256,53103.0,-0.00216,0.390232,0.00032,-0.365234,0.0,0.3511,-0.5756,0.008689,0.005773,0.007592,7.884605,22.465216
223346688,53146.5,0.000165,0.413897,0.000432,-0.369141,0.0,0.3525,-0.5714,0.008227,0.005433,0.006888,6.918748,25.035049
224133120,53037.7,0.002237,0.476925,0.000494,-0.371094,0.0,0.3528,-0.5706,0.010298,0.006702,0.00802,7.505317,18.883242
224919552,53089.9,-0.001837,0.434382,0.001573,-0.388672,0.0,0.3523,-0.5689,0.014405,0.009988,0.01094,7.813505,20.271473
225705984,53140.0,0.004195,0.461541,0.000381,-0.421875,0.0,0.3522,-0.5712,0.010019,0.008335,0.009638,8.288003,21.463623
226492416,53014.3,0.003992,0.420365,0.002982,-0.392578,0.0,0.3522,-0.5706,0.0098,0.008662,0.01053,8.497059,24.397604
227278848,53068.1,0.001072,0.432828,0.002328,-0.421875,0.0,0.3542,-0.5659,0.010674,0.00992,0.012937,7.278605,25.630186
228065280,53113.6,-5.2e-05,0.39675,0.000686,-0.373047,0.0,0.3553,-0.5612,0.009767,0.009709,0.010635,8.005371,18.677364
228851712,53157.2,0.000815,0.404621,0.000927,-0.351562,0.0,0.3573,-0.5566,0.008383,0.009476,0.010068,7.555194,19.57189
229638144,53028.5,0.005516,0.384027,0.000308,-0.349609,0.0,0.3592,-0.5484,0.007021,0.004668,0.006363,7.489332,23.397726
230424576,53082.4,0.000175,0.362142,0.000867,-0.361328,0.0,0.3613,-0.5413,0.009791,0.006209,0.008419,7.843168,24.587103
231211008,53133.7,0.00391,0.460526,0.000532,-0.427734,0.0,0.3639,-0.5335,0.01155,0.006275,0.008493,7.777352,24.832317
231997440,53177.4,-0.002296,0.391104,0.00069,-0.396484,0.0,0.3659,-0.527,0.01002,0.006059,0.009323,7.281171,15.847506
232783872,53036.7,-0.001038,0.371347,0.000809,-0.351562,0.0,0.3671,-0.522,0.007117,0.005142,0.007573,7.056659,17.367344
233570304,53081.5,0.002016,0.324486,0.000686,-0.335938,0.0,0.3684,-0.5137,0.014302,0.011451,0.013487,6.893447,20.244116
234356736,53127.0,0.005888,0.341468,0.000596,-0.330078,0.0,0.3708,-0.5026,0.009855,0.005443,0.008255,7.088589,21.340111
235143168,52995.1,-0.004044,0.335559,0.000352,-0.361328,0.0,0.3725,-0.495,0.006316,0.004178,0.006544,6.957386,23.652985
235929600,53044.4,0.007546,0.431416,0.000312,-0.388672,0.0,0.3742,-0.4926,0.007846,0.00591,0.007713,6.319895,17.454453
236716032,53096.5,-0.000735,0.39788,0.000532,-0.375,0.0,0.3754,-0.4915,0.010441,0.00812,0.009317,6.964307,17.421558
237502464,53148.0,-0.000251,0.371275,0.001134,-0.367188,0.0,0.3772,-0.489,0.010584,0.009362,0.011201,7.15149,19.038866
238288896,53036.2,-0.006719,0.416482,0.000575,-0.482422,0.0,0.3808,-0.4829,0.01676,0.009274,0.012392,7.921623,20.497032
239075328,53084.9,0.000101,0.358327,0.000345,-0.458984,0.0,0.3847,-0.4707,0.013475,0.007006,0.009265,8.891151,19.69042
239861760,53135.4,-0.001818,0.379852,0.001282,-0.445312,0.0,0.3889,-0.4602,0.009583,0.007005,0.008429,8.313796,23.046034
240648192,52981.2,0.000654,0.469391,0.000483,-0.451172,0.0,0.3918,-0.4526,0.008499,0.005421,0.006562,7.510561,16.411213
241434624,53031.8,0.005971,0.452462,0.000508,-0.427734,0.0,0.3956,-0.4435,0.006339,0.00545,0.006824,7.720986,16.40291
242221056,53083.0,-0.004637,0.396603,0.001021,-0.376953,0.0,0.3984,-0.4381,0.010696,0.007479,0.010203,7.744899,19.042595
243007488,53133.2,-0.001598,0.348704,0.000564,-0.414062,0.0,0.401,-0.4304,0.010538,0.007266,0.00978,8.078442,20.15818
243793920,53030.2,0.002875,0.380559,0.000303,-0.421875,0.0,0.4021,-0.4259,0.026319,0.007134,0.010177,7.854276,24.135839
244580352,53077.1,-0.006328,0.422542,0.000342,-0.410156,0.0,0.4022,-0.4253,0.012982,0.006986,0.00874,8.06868,17.835043
245366784,53127.5,-0.000543,0.464122,0.0009,-0.423828,0.0,0.403,-0.427,0.022922,0.010507,0.012507,7.936032,17.883623
246153216,53030.4,-0.006169,0.369945,0.000996,-0.431641,0.0,0.4035,-0.4259,0.014263,0.006901,0.007749,8.316094,20.317509
246939648,53078.7,-0.002844,0.357377,0.000583,-0.40625,0.0,0.4038,-0.4212,0.00718,0.005071,0.008063,8.247507,21.392128
247726080,53129.2,-0.00849,0.389426,0.000309,-0.416016,0.0,0.4049,-0.4211,0.006026,0.005077,0.00666,8.133686,21.651859
248512512,53176.4,-0.005715,0.340158,0.000666,-0.423828,0.0,0.4056,-0.4194,0.009442,0.007903,0.009013,7.377697,24.732407
249298944,53069.7,0.001306,0.387069,0.002838,-0.392578,0.0,0.4057,-0.4161,0.008445,0.004581,0.006843,8.244421,18.571308
250085376,53116.1,-0.006638,0.361886,0.000484,-0.417969,0.0,0.4054,-0.4136,0.009765,0.006015,0.008162,8.261449,19.462173
250871808,53164.0,0.001503,0.334882,0.000708,-0.431641,0.0,0.4062,-0.4105,0.01062,0.008168,0.010124,8.39791,19.308332
251658240,53042.3,-0.002597,0.332933,0.000372,-0.402344,0.0,0.4074,-0.4076,0.009969,0.007359,0.008351,8.507568,22.659323
252444672,53092.2,-0.000963,0.300236,0.001604,-0.373047,0.0,0.4099,-0.3952,0.010194,0.008406,0.009602,7.848769,26.295729
253231104,53134.7,0.001918,0.302667,0.001187,-0.365234,0.0,0.4119,-0.386,0.011355,0.008033,0.008013,7.036053,18.887625
254017536,53177.4,-0.002289,0.296917,0.000456,-0.396484,0.0,0.4144,-0.3726,0.00868,0.006652,0.00755,7.250698,19.48333
254803968,52996.9,-0.000315,0.328213,0.000482,-0.400391,0.0,0.4168,-0.3631,0.010497,0.006229,0.006755,8.183768,20.697603
255590400,53045.6,-0.000323,0.347138,0.001575,-0.451172,0.0,0.4181,-0.3586,0.013705,0.005225,0.007712,8.413306,22.123549
256376832,53091.2,2e-05,0.34099,0.000317,-0.453125,0.0,0.4196,-0.3558,0.009335,0.005181,0.006084,8.902778,22.629196
257163264,53138.8,-0.000664,0.330102,0.000343,-0.458984,0.0,0.4204,-0.3528,0.016755,0.008356,0.009576,6.665545,23.369759
257949696,53051.8,-2.4e-05,0.3163,0.00035,-0.417969,0.0,0.421,-0.3506,0.014845,0.007573,0.011061,7.55065,16.573124
258736128,53089.9,-9e-06,0.331238,0.000302,-0.404297,0.0,0.4216,-0.3464,0.008494,0.004541,0.006097,7.89636,18.291855
259522560,53134.0,-0.000815,0.33393,0.000703,-0.40625,0.0,0.4226,-0.3413,0.008771,0.005925,0.008262,7.364741,18.648329
260308992,53019.3,-0.006243,0.293311,0.000309,-0.419922,0.0,0.4235,-0.3392,0.005544,0.004585,0.007183,7.604681,22.639084
261095424,53057.1,-0.002599,0.314627,0.000657,-0.404297,0.0,0.4237,-0.3362,0.007437,0.006502,0.007647,6.639135,24.651501
261881856,53094.6,-0.001239,0.306526,0.000521,-0.416016,0.0,0.4242,-0.335,0.005565,0.006368,0.007597,7.778193,18.109686
262668288,53136.0,-0.00397,0.350885,0.000465,-0.400391,0.0,0.4243,-0.3339,0.007569,0.005687,0.007671,8.182868,17.876896
263454720,53021.2,0.00101,0.35515,0.001087,-0.419922,0.0,0.4255,-0.3297,0.007367,0.006411,0.006985,8.225549,23.16436
264241152,53061.3,-0.000369,0.415277,0.000587,-0.460938,0.0,0.427,-0.3251,0.008394,0.006873,0.008873,8.941578,20.797905
265027584,53109.0,-0.001158,0.377171,0.000373,-0.466797,0.0,0.4284,-0.3206,0.010155,0.006305,0.008159,8.864662,22.149649
265814016,52945.4,0.003986,0.382723,0.000352,-0.423828,0.0,0.4293,-0.3178,0.007953,0.006976,0.00863,8.296151,16.304251
266600448,52985.3,-0.002155,0.402727,0.000324,-0.355469,0.0,0.4272,-0.3169,0.011039,0.007795,0.009804,8.134357,19.869312
267386880,53026.2,-0.002429,0.389113,0.000828,-0.396484,0.0,0.4262,-0.3204,0.011391,0.007644,0.007875,7.619553,22.13236
268173312,53066.9,-0.001447,0.356287,0.000312,-0.421875,0.0,0.4245,-0.3202,0.005659,0.004303,0.005783,8.902233,21.791885
268959744,52959.8,-0.003847,0.301941,0.000505,-0.396484,0.0,0.4237,-0.3132,0.015659,0.008195,0.008581,8.500601,24.25263
269746176,53005.9,-0.005337,0.284794,0.000324,-0.396484,0.0,0.4239,-0.3077,0.00623,0.006905,0.008808,7.953033,18.116484
270532608,53051.9,-0.006046,0.325566,0.000468,-0.369141,0.0,0.425,-0.3005,0.006206,0.005973,0.006727,7.976534,19.566992
271319040,52924.7,-0.000691,0.306618,0.000338,-0.361328,0.0,0.4263,-0.2928,0.006347,0.005705,0.006901,7.956015,22.765562
272105472,52964.2,-0.004579,0.292636,0.00085,-0.365234,0.0,0.4277,-0.285,0.007295,0.006645,0.007733,8.166233,23.551971
272891904,53005.8,-0.005966,0.274821,0.000419,-0.398438,0.0,0.429,-0.2752,0.008564,0.006643,0.007958,8.154017,25.170513
273678336,53050.3,0.002074,0.285861,0.000354,-0.382812,0.0,0.4298,-0.2639,0.005895,0.004209,0.004665,7.823338,27.279247
274464768,52956.9,-0.003704,0.308689,0.000522,-0.380859,0.0,0.4305,-0.2579,0.007823,0.00443,0.005925,8.570258,21.26532
275251200,52999.8,0.001975,0.290263,0.000729,-0.369141,0.0,0.4317,-0.2507,0.010757,0.006879,0.008585,8.599714,21.611263
276037632,53038.7,-0.003008,0.278859,0.000446,-0.412109,0.0,0.4324,-0.2392,0.009934,0.007269,0.008573,8.383518,23.759619
276824064,52944.2,-0.001798,0.271602,0.001214,-0.445312,0.0,0.4341,-0.2333,0.008103,0.004593,0.00654,9.359544,21.987041
277610496,52985.8,-0.002148,0.31378,0.000414,-0.435547,0.0,0.4362,-0.2264,0.010534,0.006966,0.009155,8.596774,25.650747
278396928,53022.2,-0.003598,0.327408,0.002434,-0.433594,0.0,0.4375,-0.2207,0.009971,0.006761,0.00847,8.331225,18.491371
279183360,53064.0,-0.00034,0.307635,0.00077,-0.392578,0.0,0.4384,-0.2152,0.005821,0.00462,0.006369,8.357686,18.132603
279969792,52975.4,0.006248,0.317481,0.001516,-0.388672,0.0,0.4389,-0.2105,0.007007,0.004573,0.00582,8.558447,19.911745
280756224,53010.5,-0.003994,0.297187,0.000852,-0.373047,0.0,0.4391,-0.2106,0.006997,0.007138,0.008129,8.157177,22.45887
281542656,53047.0,-0.004129,0.275676,0.000392,-0.373047,0.0,0.4392,-0.2095,0.006863,0.007425,0.00813,7.765222,24.81539
282329088,53080.7,-0.002625,0.287726,0.000548,-0.380859,0.0,0.4392,-0.2088,0.005956,0.007102,0.006968,7.523209,25.710289
283115520,52991.4,-0.004198,0.282372,0.000395,-0.408203,0.0,0.4391,-0.2053,0.006738,0.006153,0.006452,8.104372,20.623072
283901952,53027.2,0.006147,0.262004,0.000347,-0.394531,0.0,0.4389,-0.1974,0.006235,0.004656,0.006171,9.242406,19.75775
284688384,53061.8,0.00381,0.238993,0.000343,-0.388672,0.0,0.4393,-0.1896,0.004765,0.004245,0.005486,8.820884,22.889538
285474816,52968.7,-0.001981,0.249529,0.000352,-0.378906,0.0,0.4399,-0.183,0.006132,0.004213,0.005545,8.534285,25.797092
286261248,53004.1,0.00402,0.261582,0.000317,-0.398438,0.0,0.4412,-0.1765,0.006165,0.004922,0.006584,8.108547,26.164328
287047680,53046.6,0.001176,0.262231,0.00054,-0.378906,0.0,0.4418,-0.173,0.007482,0.005439,0.007164,8.881034,20.949877
287834112,53086.7,-0.003803,0.256577,0.000654,-0.398438,0.0,0.4424,-0.1657,0.00972,0.00694,0.009041,8.891225,21.473862
288620544,52970.9,0.006806,0.262286,0.000879,-0.419922,0.0,0.4427,-0.16,0.008449,0.007195,0.008978,9.40553,24.019058
289406976,53004.4,-0.007598,0.233999,0.00042,-0.435547,0.0,0.4432,-0.1561,0.00826,0.006704,0.009717,9.749383,23.804649
290193408,53042.9,-0.006708,0.230123,0.000571,-0.474609,0.0,0.4431,-0.1504,0.007866,0.007639,0.00919,9.610557,25.53088
290979840,52963.0,0.003841,0.275517,0.000702,-0.494141,0.0,0.4431,-0.1474,0.007693,0.006343,0.008082,9.163118,16.946007
291766272,53001.7,-0.009212,0.25759,0.000392,-0.417969,0.0,0.441,-0.1491,0.009552,0.006253,0.008745,9.390349,18.830166
292552704,53039.6,-0.003212,0.243083,0.000414,-0.435547,0.0,0.4389,-0.1455,0.009197,0.007309,0.009066,8.657243,20.712917
293339136,53075.2,-0.00693,0.236191,0.000739,-0.457031,0.0,0.4374,-0.1439,0.008628,0.005972,0.007587,9.13997,20.966911
294125568,52969.2,0.00255,0.264295,0.001713,-0.439453,0.0,0.4376,-0.1392,0.00814,0.005462,0.007907,9.286254,23.649445
294912000,53011.5,-0.003795,0.315619,0.001156,-0.419922,0.0,0.4387,-0.1341,0.005839,0.004426,0.005833,8.292332,17.067268
295698432,53050.4,0.002685,0.290382,0.000535,-0.404297,0.0,0.439,-0.1295,0.010236,0.007925,0.009481,8.374879,18.750799
296484864,52961.0,-0.002518,0.270995,0.001188,-0.421875,0.0,0.4403,-0.1248,0.01533,0.007875,0.00945,8.706627,20.96114
297271296,52992.9,0.005453,0.270785,0.000321,-0.412109,0.0,0.4413,-0.1235,0.013478,0.006361,0.008332,9.14915,21.175716
298057728,53033.3,-0.00019,0.221269,0.000652,-0.394531,0.0,0.4416,-0.1208,0.019577,0.007344,0.008657,8.969214,23.938812
298844160,53071.5,-0.000762,0.264215,0.000625,-0.398438,0.0,0.4421,-0.1199,0.013975,0.0072,0.009065,8.626595,25.234615
299630592,52970.3,-0.000582,0.284583,0.00067,-0.398438,0.0,0.4418,-0.1196,0.019826,0.007121,0.008113,8.091183,19.320143
300417024,53006.6,-0.004156,0.261145,0.000341,-0.40625,0.0,0.4419,-0.1199,0.009399,0.005323,0.007046,8.001309,19.407553
301203456,53047.5,4.5e-05,0.281386,0.000414,-0.419922,0.0,0.4423,-0.1225,0.009949,0.006223,0.007739,8.149615,19.890669
301989888,52931.4,-0.007768,0.246917,0.000908,-0.429688,0.0,0.4425,-0.1246,0.011709,0.006883,0.007788,9.183208,23.213696
302776320,52969.0,-0.008665,0.240043,0.000592,-0.464844,0.0,0.4451,-0.1197,0.010365,0.008554,0.010228,8.711438,24.200003
303562752,53004.8,0.002164,0.240049,0.000719,-0.4375,0.0,0.4468,-0.1167,0.00621,0.007279,0.007296,7.873569,16.010208
304349184,53040.9,0.002231,0.224542,0.000642,-0.447266,0.0,0.4498,-0.109,0.005789,0.005479,0.006341,7.884546,17.606068
305135616,52932.9,-0.005635,0.228161,0.000439,-0.398438,0.0,0.4512,-0.1025,0.006503,0.004561,0.005113,8.712894,19.539898
305922048,52970.6,-0.003678,0.259555,0.000373,-0.396484,0.0,0.4514,-0.0986,0.007476,0.005249,0.00607,8.443658,23.035688
306708480,53009.4,-0.000723,0.227937,0.000342,-0.390625,0.0,0.4516,-0.0949,0.007813,0.004507,0.005447,8.602184,25.353392
307494912,53045.2,-0.001957,0.242558,0.000371,-0.398438,0.0,0.4523,-0.0903,0.010769,0.004048,0.005112,8.102853,28.91711
308281344,52956.8,-0.003919,0.187095,0.000628,-0.429688,0.0,0.4528,-0.0852,0.009828,0.006089,0.007332,8.730392,20.175467
309067776,52997.7,-0.003077,0.175366,0.001488,-0.427734,0.0,0.4537,-0.078,0.018283,0.007769,0.008989,9.429047,19.503319
309854208,53036.9,-0.001829,0.153556,0.000557,-0.433594,0.0,0.455,-0.0714,0.013159,0.006415,0.007845,9.238572,20.914383
310640640,52924.3,-0.005467,0.19791,0.000926,-0.447266,0.0,0.4561,-0.0665,0.012365,0.007571,0.009042,9.249716,25.158628
311427072,52964.2,-0.001711,0.242162,0.000901,-0.460938,0.0,0.4568,-0.0665,0.014541,0.010352,0.010762,8.52007,27.700699
312213504,53004.0,-0.011048,0.214976,0.000704,-0.46875,0.0,0.4568,-0.0661,0.015148,0.011638,0.011306,8.796695,16.648735
312999936,53037.2,0.002105,0.242857,0.000568,-0.445312,0.0,0.4567,-0.0655,0.008292,0.008391,0.0073,8.851268,17.290314
313786368,52960.0,-0.005364,0.183893,0.000369,-0.457031,0.0,0.4571,-0.0642,0.009902,0.006442,0.007538,8.882415,20.68441
314572800,52997.4,-0.00188,0.163703,0.000306,-0.441406,0.0,0.4579,-0.0593,0.007538,0.004597,0.006027,9.091702,23.339394
315359232,53030.6,-0.001309,0.158084,0.000339,-0.46875,0.0,0.4591,-0.0541,0.006642,0.004249,0.005909,8.995527,26.345428
316145664,52911.2,-0.001269,0.179691,0.000433,-0.464844,0.0,0.4597,-0.0509,0.008305,0.00607,0.006295,8.859443,17.593887
316932096,52950.1,0.009837,0.204786,0.000547,-0.496094,0.0,0.4609,-0.0472,0.01069,0.008946,0.00942,9.016249,18.239008
317718528,52985.6,0.0,0.200997,0.000446,-0.457031,0.0,0.4618,-0.0422,0.013527,0.008371,0.009567,8.658596,17.372711
318504960,53021.1,-0.005626,0.161906,0.000486,-0.478516,0.0,0.463,-0.0376,0.012474,0.006986,0.010364,8.938198,20.277496
319291392,52941.0,-0.001324,0.210589,0.000433,-0.515625,0.0,0.466,-0.0286,0.007404,0.006389,0.006848,9.089525,22.410088
320077824,52973.1,-0.004298,0.218684,0.000464,-0.496094,0.0,0.4698,-0.0195,0.009428,0.007382,0.008292,8.886595,23.022552
320864256,53005.8,0.005559,0.23997,0.000651,-0.476562,0.0,0.4718,-0.0149,0.01057,0.008694,0.008448,8.522213,15.310332
321650688,52856.2,0.005405,0.227226,0.000639,-0.431641,0.0,0.4743,-0.0072,0.010652,0.007978,0.007691,9.106273,18.500046
322437120,52889.7,-0.00728,0.229355,0.000503,-0.4375,0.0,0.4739,-0.0033,0.01112,0.006369,0.007404,8.46498,21.621677
323223552,52926.1,-0.001691,0.231874,0.000526,-0.466797,0.0,0.4729,0.0001,0.008451,0.005036,0.005902,9.216904,22.676464
324009984,52959.4,-0.004665,0.196446,0.000298,-0.443359,0.0,0.4725,0.0046,0.006237,0.004257,0.004763,8.777775,25.187145
324796416,52885.6,-0.004822,0.227602,0.000447,-0.453125,0.0,0.4723,0.0069,0.007379,0.005024,0.005875,9.04863,18.771055
325582848,52915.6,-0.009362,0.231067,0.001237,-0.476562,0.0,0.4724,0.0075,0.008266,0.006795,0.007582,9.337433,18.657742
326369280,52947.2,-0.002682,0.238927,0.000661,-0.515625,0.0,0.4734,0.0089,0.006989,0.005278,0.005736,9.799384,17.320148
327155712,52827.7,0.001814,0.19616,0.0008,-0.455078,0.0,0.4733,0.0123,0.007277,0.004963,0.005265,9.552018,21.440151
327942144,52864.2,-0.003368,0.193303,0.000446,-0.482422,0.0,0.4744,0.0173,0.007943,0.005573,0.006691,9.24076,25.138632
328728576,52896.8,-0.003933,0.199416,0.000456,-0.519531,0.0,0.4745,0.0208,0.014698,0.008818,0.009933,8.716235,15.473381
329515008,52932.4,0.003273,0.204471,0.000422,-0.478516,0.0,0.4745,0.0264,0.012379,0.008486,0.009294,8.683455,15.89361
330301440,52862.6,-0.002062,0.2019,0.000398,-0.439453,0.0,0.4747,0.0298,0.007632,0.005718,0.006826,8.797201,17.987097
331087872,52894.7,-0.003146,0.178908,0.000403,-0.449219,0.0,0.4729,0.0301,0.006755,0.004978,0.005979,8.618168,21.397167
331874304,52928.3,-0.003332,0.149068,0.000553,-0.460938,0.0,0.4709,0.0302,0.007623,0.007397,0.008973,8.678679,24.446484
332660736,52962.9,-0.007953,0.156691,0.000333,-0.488281,0.0,0.4695,0.0296,0.008973,0.007693,0.008997,8.213675,26.4811
333447168,52847.2,0.001694,0.225285,0.000627,-0.494141,0.0,0.4697,0.0291,0.008791,0.008732,0.011137,10.031473,16.103912
334233600,52874.7,-0.003833,0.199892,0.000466,-0.519531,0.0,0.4708,0.0309,0.006135,0.005649,0.007746,9.970861,17.737858
335020032,52907.1,-0.001065,0.202997,0.000433,-0.515625,0.0,0.4717,0.0304,0.008339,0.005621,0.00711,10.518462,19.956635
335806464,52823.8,-0.002152,0.196244,0.000405,-0.527344,0.0,0.472,0.0298,0.010078,0.007295,0.009941,11.309992,23.898518
336592896,52856.4,-0.00467,0.17625,0.000502,-0.486328,0.0,0.4713,0.028,0.006966,0.005935,0.007693,9.896949,26.863277
337379328,52889.0,-0.002091,0.197134,0.000685,-0.466797,0.0,0.4706,0.0271,0.007081,0.00633,0.008071,9.761145,18.622017
338165760,52920.8,-0.000665,0.198575,0.000427,-0.5,0.0,0.4696,0.0244,0.010479,0.005689,0.006464,9.39488,17.49889
338952192,52807.3,0.005424,0.178268,0.000499,-0.4375,0.0,0.4697,0.0268,0.012843,0.00663,0.008399,9.826727,20.352901
339738624,52845.5,-0.001135,0.17679,0.000416,-0.447266,0.0,0.4703,0.0319,0.007641,0.004951,0.006589,9.8269,24.086048
340525056,52884.0,0.002817,0.163646,0.000347,-0.458984,0.0,0.4712,0.0368,0.007203,0.004156,0.004941,10.286283,26.748268
341311488,52820.8,-0.005675,0.209604,0.000399,-0.478516,0.0,0.4722,0.0402,0.011672,0.005488,0.008201,10.099626,18.830051
342097920,52854.7,0.003775,0.229926,0.000403,-0.4375,0.0,0.4714,0.038,0.004296,0.004866,0.004949,10.119504,19.818769
342884352,52887.3,-0.001893,0.209211,0.000654,-0.478516,0.0,0.4703,0.0353,0.005159,0.00492,0.005013,10.017448,21.538002
343670784,52921.3,-0.003496,0.173392,0.00063,-0.494141,0.0,0.4694,0.0328,0.007205,0.005691,0.006112,10.296575,22.279095
344457216,52841.1,0.003261,0.202087,0.000491,-0.443359,0.0,0.4686,0.0312,0.007532,0.004904,0.005938,9.662056,27.761963
345243648,52877.0,-0.002198,0.189832,0.000983,-0.455078,0.0,0.4688,0.0318,0.010827,0.007031,0.008198,8.816403,28.227413
346030080,52911.0,0.005105,0.214923,0.000451,-0.439453,0.0,0.4691,0.0322,0.00609,0.006002,0.006146,9.382455,19.758606
346816512,52853.4,0.003381,0.220899,0.000354,-0.419922,0.0,0.4693,0.0307,0.011343,0.007163,0.007539,9.307261,19.258688
347602944,52887.7,-0.005774,0.20765,0.000386,-0.451172,0.0,0.4681,0.0312,0.019918,0.007979,0.011078,8.768342,22.706381
348389376,52917.9,-0.000107,0.168008,0.000743,-0.441406,0.0,0.4671,0.0323,0.007768,0.006447,0.006887,9.273846,22.791588
349175808,52949.9,-0.008059,0.173934,0.000461,-0.464844,0.0,0.4671,0.0338,0.00705,0.00646,0.006209,9.215837,26.503738
349962240,52893.5,0.000171,0.194786,0.000388,-0.445312,0.0,0.4677,0.036,0.010041,0.006423,0.007564,9.194146,17.883221
350748672,52927.4,0.000719,0.185545,0.000507,-0.431641,0.0,0.4692,0.0401,0.01034,0.006868,0.00755,8.924256,19.178885
351535104,52959.1,-0.001292,0.167129,0.000314,-0.425781,0.0,0.4707,0.0445,0.008834,0.005055,0.005724,8.737044,20.302282
352321536,52889.6,-0.00053,0.150612,0.00031,-0.416016,0.0,0.471,0.047,0.01006,0.00459,0.005107,8.369162,23.526543
353107968,52925.5,-0.004985,0.143289,0.000459,-0.46875,0.0,0.4711,0.0508,0.01478,0.009301,0.010358,7.73549,26.248486
353894400,52958.9,-0.00291,0.153295,0.00033,-0.503906,0.0,0.4713,0.0558,0.008837,0.005457,0.006364,8.579382,15.157439
354680832,52992.6,-0.000898,0.154316,0.000545,-0.503906,0.0,0.4716,0.0593,0.012401,0.00784,0.008488,9.130208,16.143314
355467264,52933.0,-0.000461,0.149262,0.000588,-0.488281,0.0,0.4733,0.0638,0.008445,0.005892,0.007008,10.332735,18.738762
356253696,52966.3,-0.004485,0.146103,0.00042,-0.554688,0.0,0.4753,0.0696,0.010194,0.007791,0.01062,10.183714,20.854267
357040128,52996.2,-0.001279,0.16685,0.000546,-0.546875,0.0,0.4779,0.0748,0.008418,0.007471,0.009318,10.468351,21.252512
357826560,52937.8,0.000408,0.166245,0.000386,-0.570312,0.0,0.4804,0.0806,0.008417,0.006117,0.006447,10.083696,22.830334
358612992,52969.6,-0.001031,0.195961,0.00036,-0.445312,0.0,0.4813,0.0821,0.008502,0.005262,0.006189,9.348591,16.075275
359399424,53008.6,-0.002373,0.18165,0.000731,-0.457031,0.0,0.4832,0.0843,0.012816,0.008734,0.008807,9.260113,20.460211
360185856,53040.5,-0.004569,0.153204,0.000413,-0.449219,0.0,0.485,0.086,0.012319,0.007489,0.007287,9.043559,20.33337
360972288,52959.3,0.002614,0.157545,0.000359,-0.449219,0.0,0.4871,0.0917,0.011837,0.00649,0.008071,9.295811,24.940969
361758720,52994.9,-0.005982,0.165309,0.000315,-0.410156,0.0,0.4885,0.0978,0.006558,0.003996,0.00519,8.875379,28.615271
362545152,53028.0,-0.000184,0.175097,0.000298,-0.439453,0.0,0.4887,0.1007,0.013059,0.004853,0.006185,8.986279,20.300449
363331584,53058.8,-0.006671,0.154729,0.000363,-0.419922,0.0,0.4904,0.1071,0.011443,0.006253,0.007539,9.257705,19.5469
364118016,52944.9,0.002996,0.206694,0.000452,-0.458984,0.0,0.4929,0.1125,0.007015,0.005033,0.006065,9.522676,20.199333
364904448,52976.1,0.002187,0.17546,0.000351,-0.496094,0.0,0.4954,0.1154,0.009312,0.00695,0.008453,9.692116,21.916779
365690880,53008.9,0.003117,0.164124,0.000427,-0.490234,0.0,0.4978,0.1193,0.006649,0.0052,0.00598,9.763181,23.315472
366477312,52946.0,-0.005541,0.146683,0.000428,-0.460938,0.0,0.499,0.1233,0.009698,0.006498,0.007991,9.451402,16.849279
367263744,52977.3,0.000292,0.181264,0.000817,-0.429688,0.0,0.4983,0.1233,0.00858,0.008987,0.009963,9.398342,19.785236
368050176,53008.0,-0.00082,0.186523,0.00046,-0.458984,0.0,0.4979,0.1217,0.007978,0.006151,0.007474,9.14802,21.230907
368836608,53044.7,-0.003239,0.183982,0.000453,-0.558594,0.0,0.4975,0.1211,0.007432,0.005319,0.007279,10.261802,21.53138
369623040,52982.2,-0.007014,0.168241,0.000424,-0.539062,0.0,0.4985,0.1237,0.007936,0.005629,0.00656,10.457853,23.662876
370409472,53013.5,-0.003098,0.159031,0.000761,-0.527344,0.0,0.4999,0.1267,0.009478,0.007682,0.008416,9.438497,26.235687
371195904,53044.7,-0.006401,0.172908,0.000391,-0.527344,0.0,0.5015,0.1301,0.007205,0.006611,0.007692,9.877956,15.510966
371982336,52979.1,0.00143,0.195537,0.000527,-0.515625,0.0,0.5039,0.1335,0.008252,0.007205,0.007652,9.997797,17.241121
372768768,53014.2,-0.010036,0.164938,0.000752,-0.503906,0.0,0.5077,0.1385,0.010849,0.007681,0.008718,10.039646,18.378551
373555200,53045.0,0.002262,0.147562,0.000424,-0.5,0.0,0.5103,0.144,0.007141,0.005138,0.00567,9.975606,23.340382
374341632,53074.7,-0.002948,0.133289,0.000368,-0.419922,0.0,0.5126,0.1504,0.009162,0.006549,0.007436,9.985555,26.590719
375128064,53017.9,0.008487,0.146732,0.000324,-0.388672,0.0,0.5135,0.1544,0.005448,0.003995,0.005548,9.173116,19.787239
375914496,53045.8,-0.000256,0.143882,0.000372,-0.392578,0.0,0.5151,0.1582,0.005939,0.004155,0.005372,8.788333,20.9491
376700928,53075.7,0.000985,0.131755,0.000406,-0.433594,0.0,0.5166,0.1618,0.010748,0.004132,0.006505,8.791258,22.663475
377487360,53011.9,-0.000174,0.12872,0.000947,-0.423828,0.0,0.517,0.1649,0.007507,0.004187,0.006357,10.176291,25.178175
378273792,53047.5,-0.006007,0.119792,0.000545,-0.482422,0.0,0.5171,0.169,0.007382,0.006388,0.007662,10.324199,28.620922
379060224,53076.5,-0.003993,0.120912,0.000649,-0.496094,0.0,0.5177,0.1733,0.009451,0.008379,0.008965,9.207397,26.172421
379846656,53107.5,0.00139,0.121263,0.000343,-0.46875,0.0,0.5184,0.1755,0.006907,0.005284,0.005962,8.925773,17.779625
380633088,53039.9,-0.003154,0.14872,0.000514,-0.4375,0.0,0.5201,0.1787,0.005932,0.004527,0.00661,8.972201,19.524483
381419520,53075.3,-0.002207,0.153409,0.000323,-0.462891,0.0,0.5223,0.1815,0.006944,0.004856,0.006644,9.654457,21.347769
382205952,53110.7,-0.002907,0.127955,0.000524,-0.46875,0.0,0.5239,0.1847,0.00941,0.00595,0.009075,9.689455,24.779629
382992384,53065.6,0.003034,0.123139,0.000362,-0.457031,0.0,0.5256,0.1873,0.006887,0.005292,0.00718,8.35281,26.130878
383778816,53095.0,-0.003577,0.154507,0.000456,-0.466797,0.0,0.5265,0.1879,0.009653,0.008435,0.00945,8.544984,18.641993
384565248,53124.1,0.00299,0.142433,0.000488,-0.490234,0.0,0.527,0.1879,0.005909,0.006368,0.007507,8.961353,17.987215
385351680,53154.1,-0.003485,0.145559,0.000429,-0.498047,0.0,0.5272,0.1892,0.008758,0.006433,0.006757,9.736908,18.353989
386138112,53076.2,0.000285,0.161126,0.000378,-0.460938,0.0,0.5282,0.1896,0.006247,0.00394,0.005807,10.166878,23.31941
386924544,53103.8,0.007121,0.192198,0.000934,-0.431641,0.0,0.5306,0.1926,0.005988,0.00507,0.006559,9.455169,25.785088
387710976,53132.2,0.004872,0.186898,0.00045,-0.449219,0.0,0.5322,0.194,0.006425,0.004727,0.005384,9.930174,20.630135
388497408,53163.6,-0.007022,0.142729,0.000416,-0.453125,0.0,0.5343,0.1961,0.010753,0.005392,0.006086,9.836634,19.80368
389283840,53116.2,0.006031,0.140937,0.000457,-0.482422,0.0,0.5366,0.1994,0.011214,0.008914,0.00981,10.063831,19.986019
390070272,53144.8,0.001961,0.147504,0.000345,-0.507812,0.0,0.5399,0.2047,0.007091,0.005487,0.006636,9.905919,21.243866
390856704,53174.1,0.001377,0.147557,0.000529,-0.523438,0.0,0.543,0.2079,0.006982,0.005501,0.006612,10.467103,22.394657
391643136,53070.5,0.000395,0.15852,0.000686,-0.476562,0.0,0.5447,0.2098,0.011744,0.007753,0.008082,8.965788,16.41185
392429568,53098.9,-0.007298,0.160337,0.000396,-0.474609,0.0,0.5452,0.2117,0.007511,0.007481,0.007734,9.661709,20.167192
393216000,53132.0,-0.004553,0.135716,0.000488,-0.492188,0.0,0.546,0.2147,0.009072,0.005103,0.005734,10.155848,20.445684
394002432,53161.2,-0.001403,0.128963,0.000454,-0.472656,0.0,0.547,0.2171,0.009125,0.00707,0.007287,10.692425,22.248535
394788864,53104.1,-0.001199,0.184168,0.000561,-0.478516,0.0,0.549,0.2179,0.012158,0.008366,0.009615,10.640703,26.63583
395575296,53130.8,0.002233,0.169499,0.000518,-0.498047,0.0,0.5511,0.2199,0.01262,0.007848,0.008922,9.959466,28.481726
396361728,53162.2,-0.000217,0.202992,0.000399,-0.455078,0.0,0.5523,0.2208,0.007215,0.005769,0.006805,9.790887,20.065258
397148160,53084.4,-0.002453,0.193158,0.000891,-0.439453,0.0,0.5545,0.223,0.006631,0.007168,0.007588,9.891708,20.64743
397934592,53113.4,0.003646,0.156315,0.000575,-0.443359,0.0,0.5569,0.2269,0.005657,0.004667,0.005391,10.161801,21.561407
398721024,53142.2,-0.002418,0.134418,0.000613,-0.470703,0.0,0.5593,0.231,0.007258,0.006325,0.006626,10.20025,23.853954
399507456,53170.8,0.001091,0.156487,0.000828,-0.470703,0.0,0.5616,0.2341,0.005412,0.005055,0.005117,10.248198,26.537689
400293888,53115.4,-0.003188,0.152219,0.00062,-0.46875,0.0,0.5627,0.236,0.005621,0.005714,0.006267,8.92052,18.383511
401080320,53142.5,0.00815,0.144788,0.000632,-0.486328,0.0,0.5635,0.2393,0.011598,0.007019,0.009074,9.310487,17.826101
401866752,53171.0,-0.001601,0.136397,0.000631,-0.492188,0.0,0.565,0.2407,0.008017,0.006141,0.007336,9.916771,19.368359
402653184,53091.9,0.003767,0.129209,0.000708,-0.503906,0.0,0.5659,0.2417,0.00695,0.005299,0.005633,10.57168,24.170919
403439616,53120.3,-0.001141,0.139821,0.000718,-0.453125,0.0,0.5679,0.2437,0.008069,0.006854,0.007045,10.19593,27.464542
404226048,53148.1,0.001311,0.124964,0.000309,-0.439453,0.0,0.5696,0.2461,0.005061,0.004343,0.005291,7.785726,28.334415
405012480,53181.4,-0.002801,0.142838,0.001012,-0.451172,0.0,0.5709,0.2466,0.007546,0.005499,0.006654,8.788494,17.834881
405798912,53126.9,-0.004369,0.134689,0.000594,-0.455078,0.0,0.5733,0.2481,0.006245,0.005775,0.006326,9.046781,20.191183
406585344,53154.7,-0.001282,0.139356,0.001164,-0.455078,0.0,0.5745,0.2467,0.006621,0.005642,0.006124,9.814137,22.32877
407371776,53181.7,-0.003531,0.12421,0.000582,-0.447266,0.0,0.5753,0.2453,0.007696,0.007415,0.008341,9.557814,24.736416
408158208,53088.7,-0.004888,0.136258,0.000466,-0.490234,0.0,0.5758,0.2445,0.007772,0.006089,0.006927,7.900626,28.046478
408944640,53117.6,0.003412,0.168499,0.000563,-0.458984,0.0,0.5757,0.2438,0.017488,0.00757,0.009411,9.874904,17.836964
409731072,53145.5,-0.001805,0.20457,0.000607,-0.449219,0.0,0.5743,0.2408,0.013793,0.005999,0.006618,9.587855,19.425241
410517504,53172.8,-0.0029,0.168955,0.000679,-0.455078,0.0,0.5731,0.2373,0.014746,0.007043,0.007685,10.158423,21.690308
411303936,53111.6,-0.002222,0.162691,0.000645,-0.435547,0.0,0.5723,0.2348,0.010136,0.006442,0.007653,10.186014,25.174673
412090368,53138.1,-0.002833,0.150506,0.000434,-0.419922,0.0,0.5725,0.2347,0.009362,0.006724,0.008034,9.64857,28.094753
412876800,53165.9,-0.003367,0.136587,0.000601,-0.460938,0.0,0.5731,0.2359,0.00672,0.004616,0.005535,10.283543,20.574604
413663232,53192.1,0.000124,0.143714,0.000523,-0.427734,0.0,0.5733,0.2364,0.006615,0.005317,0.00669,10.573782,21.24168
414449664,53121.8,-0.001988,0.15322,0.000387,-0.429688,0.0,0.5737,0.2387,0.004775,0.004765,0.006046,10.086519,21.775341
415236096,53149.2,-0.006419,0.132417,0.000364,-0.410156,0.0,0.5742,0.2416,0.005221,0.004757,0.005965,9.571637,22.880096
416022528,53176.0,-0.001324,0.127972,0.000762,-0.421875,0.0,0.575,0.2448,0.004443,0.003689,0.004826,9.233674,25.598715
416808960,53125.9,0.001044,0.158945,0.000386,-0.449219,0.0,0.5756,0.245,0.005057,0.004338,0.005847,9.020053,17.74453
417595392,53153.6,-0.001101,0.137338,0.000481,-0.429688,0.0,0.5759,0.245,0.008415,0.00796,0.008356,9.198233,18.422714
418381824,53180.6,-0.00237,0.119361,0.000414,-0.402344,0.0,0.5759,0.246,0.005257,0.006163,0.006608,8.624278,20.208441
419168256,53207.1,0.000958,0.128268,0.000424,-0.408203,0.0,0.5761,0.2489,0.005256,0.005656,0.005691,8.815765,21.978008
419954688,53118.7,-0.001885,0.149033,0.000519,-0.419922,0.0,0.5773,0.2515,0.010355,0.006429,0.010356,9.08569,25.190273
420741120,53144.4,0.00175,0.123528,0.000529,-0.429688,0.0,0.5793,0.2555,0.007151,0.005728,0.006722,9.183117,27.312674
421527552,53171.4,-0.001735,0.13315,0.000471,-0.476562,0.0,0.5809,0.2579,0.006831,0.005938,0.006839,9.343668,19.320156
422313984,53102.8,-0.001284,0.136862,0.000428,-0.443359,0.0,0.5826,0.2615,0.005161,0.004451,0.006277,10.236386,20.402439
423100416,53128.3,0.000704,0.127123,0.000621,-0.429688,0.0,0.5847,0.2683,0.006355,0.005354,0.007744,9.973379,21.916616
423886848,53156.0,-0.002868,0.114832,0.000643,-0.417969,0.0,0.5873,0.2755,0.007183,0.006949,0.007553,9.190708,23.590801
424673280,53181.4,0.002504,0.120671,0.000425,-0.425781,0.0,0.5901,0.2825,0.008457,0.006684,0.006918,8.889626,26.555523
425459712,53112.9,-0.000265,0.112803,0.000446,-0.414062,0.0,0.5912,0.2864,0.008042,0.004959,0.006209,8.965548,19.682621
426246144,53140.3,-0.000927,0.106601,0.000529,-0.423828,0.0,0.5916,0.289,0.013843,0.007791,0.008206,8.474094,20.033966
427032576,53167.4,-0.007579,0.124146,0.000501,-0.466797,0.0,0.5921,0.2906,0.015005,0.006344,0.00702,8.428034,19.036585
427819008,53114.7,0.000258,0.11957,0.000441,-0.458984,0.0,0.5916,0.2928,0.009594,0.006734,0.007332,9.767504,22.238052
428605440,53140.8,-0.011034,0.12457,0.000406,-0.455078,0.0,0.5914,0.2934,0.00603,0.006311,0.006588,9.54105,26.12146
429391872,53166.0,-0.001154,0.130887,0.000637,-0.462891,0.0,0.5916,0.2935,0.005722,0.006648,0.005509,8.892303,27.254787
430178304,53190.5,0.001047,0.129804,0.000678,-0.457031,0.0,0.5913,0.2937,0.004476,0.005648,0.00552,9.590586,19.615133
430964736,53105.8,-0.001121,0.144973,0.000635,-0.453125,0.0,0.5916,0.2938,0.004868,0.00521,0.005252,9.772357,19.117214
431751168,53135.2,-0.002423,0.112473,0.000359,-0.462891,0.0,0.5926,0.297,0.005812,0.007297,0.006863,9.631944,20.614208
432537600,53162.0,-0.001202,0.103726,0.00046,-0.443359,0.0,0.5932,0.2998,0.006162,0.006646,0.006337,10.065968,22.328405
433324032,53099.4,-0.006548,0.098924,0.000429,-0.453125,0.0,0.594,0.3035,0.005963,0.005095,0.005135,8.96856,27.957922
434110464,53126.4,0.004155,0.133778,0.000479,-0.466797,0.0,0.5951,0.3068,0.005234,0.005895,0.00585,9.172429,18.942776
434896896,53152.1,-0.006752,0.1132,0.000332,-0.470703,0.0,0.5969,0.3122,0.005173,0.006104,0.004606,9.149113,19.968615
435683328,53179.0,-0.002329,0.127537,0.000562,-0.449219,0.0,0.5993,0.3165,0.007827,0.007067,0.00697,9.51966,19.993351
436469760,53122.7,-0.002147,0.138212,0.000446,-0.443359,0.0,0.6018,0.3202,0.007785,0.007576,0.007194,9.941089,23.153214
437256192,53150.6,-0.0058,0.127346,0.000387,-0.40625,0.0,0.6048,0.3259,0.007295,0.00529,0.005687,9.667141,24.582241
438042624,53175.8,0.002137,0.138806,0.00059,-0.400391,0.0,0.6081,0.3325,0.009792,0.006736,0.008162,8.603367,25.986197
438829056,53201.3,0.004114,0.133273,0.000566,-0.451172,0.0,0.6101,0.3358,0.008598,0.007625,0.008172,8.18906,18.975437
439615488,53139.2,-0.002129,0.135605,0.000477,-0.414062,0.0,0.6122,0.3404,0.007068,0.005798,0.00578,9.248894,20.382898
440401920,53166.7,-0.005273,0.120445,0.000533,-0.392578,0.0,0.6138,0.3446,0.007916,0.007327,0.007404,8.526221,21.799889
441188352,53191.8,0.004283,0.144559,0.000399,-0.375,0.0,0.6154,0.348,0.007214,0.006571,0.007538,8.407326,23.348118
441974784,53141.6,0.00125,0.13195,0.000908,-0.40625,0.0,0.6168,0.3521,0.006532,0.005136,0.006722,8.825108,28.024893
442761216,53167.1,-0.001911,0.13717,0.000724,-0.441406,0.0,0.6182,0.3545,0.00722,0.008384,0.008736,8.528583,19.475538
443547648,53192.0,0.006222,0.146549,0.000376,-0.457031,0.0,0.6204,0.3589,0.004973,0.005699,0.005244,9.026496,18.901913
444334080,53218.6,1.9e-05,0.132403,0.001037,-0.490234,0.0,0.6219,0.3618,0.005366,0.005642,0.005122,10.082848,21.837814
445120512,53155.5,-0.003277,0.111717,0.000593,-0.480469,0.0,0.6233,0.3651,0.008672,0.007285,0.008166,10.187239,24.555172
445906944,53185.2,-0.000999,0.105767,0.000441,-0.453125,0.0,0.6245,0.3673,0.009069,0.006839,0.007564,9.309307,26.186728
446693376,53214.3,-0.003924,0.112942,0.000426,-0.4375,0.0,0.6255,0.3693,0.005725,0.004277,0.004924,9.503591,19.304897
447479808,53163.1,-0.004006,0.123517,0.000607,-0.431641,0.0,0.627,0.3716,0.005515,0.005314,0.005947,9.605511,20.022549
448266240,53193.8,0.002884,0.116218,0.000446,-0.441406,0.0,0.6283,0.375,0.007776,0.007692,0.007994,9.894963,20.881561
449052672,53220.7,-0.00223,0.104377,0.000961,-0.460938,0.0,0.6297,0.378,0.00591,0.006033,0.006899,9.64138,21.653509
449839104,53245.1,-0.0035,0.091846,0.000462,-0.443359,0.0,0.6313,0.3818,0.004186,0.004718,0.004919,8.657193,22.827969
450625536,53192.9,-0.000791,0.115522,0.000496,-0.488281,0.0,0.6326,0.3841,0.010239,0.006796,0.008183,8.906218,17.272177
451411968,53220.7,-0.001384,0.11896,0.000403,-0.458984,0.0,0.6343,0.3865,0.008518,0.006201,0.007286,9.702597,18.01836
452198400,53248.5,-0.005169,0.1283,0.000369,-0.453125,0.0,0.6359,0.389,0.00668,0.005357,0.005887,9.251755,19.220825
452984832,53198.4,0.000992,0.124974,0.000399,-0.4375,0.0,0.6372,0.3913,0.004878,0.005135,0.004944,9.987335,22.455784
453771264,53228.8,-0.005443,0.125571,0.000442,-0.451172,0.0,0.6392,0.3928,0.008717,0.007125,0.007422,9.560211,25.579636
454557696,53258.1,-0.00654,0.115656,0.000394,-0.451172,0.0,0.6407,0.3946,0.010108,0.007648,0.007572,9.392368,27.448904
455344128,53287.4,-0.006481,0.120766,0.000572,-0.464844,0.0,0.642,0.3969,0.007276,0.006051,0.004992,9.576656,19.238089
456130560,53216.0,-0.000801,0.147498,0.000751,-0.464844,0.0,0.6439,0.3991,0.00865,0.005839,0.005698,10.782784,22.619034
456916992,53241.1,0.00177,0.139987,0.000402,-0.494141,0.0,0.6456,0.4008,0.00851,0.006603,0.007451,10.830255,21.930983
457703424,53266.0,-0.004591,0.123532,0.000509,-0.482422,0.0,0.6479,0.4042,0.008661,0.007178,0.006862,10.775005,23.069046
458489856,53204.7,-0.00272,0.112038,0.000382,-0.476562,0.0,0.6504,0.4084,0.008091,0.005808,0.007567,9.416213,26.68317
459276288,53230.4,0.004405,0.133143,0.000379,-0.455078,0.0,0.6504,0.4085,0.007536,0.004781,0.007847,9.931776,18.627846
460062720,53255.0,0.002581,0.121404,0.000512,-0.466797,0.0,0.651,0.4085,0.00596,0.005014,0.006372,10.260839,20.660423
460849152,53278.6,0.001529,0.128509,0.000691,-0.460938,0.0,0.6522,0.4084,0.007731,0.005681,0.006724,10.462142,21.173994
461635584,53211.2,-0.00094,0.103112,0.00061,-0.455078,0.0,0.6532,0.4085,0.007067,0.005795,0.006465,10.476497,24.315321
462422016,53238.1,-0.000779,0.117977,0.000598,-0.449219,0.0,0.6549,0.4103,0.007698,0.005691,0.006467,9.413801,24.216316
463208448,53262.1,-0.00116,0.116221,0.000448,-0.435547,0.0,0.6564,0.4134,0.007759,0.006884,0.007453,8.855784,25.988953
463994880,53286.5,-0.002788,0.1078,0.000424,-0.4375,0.0,0.6574,0.4161,0.005601,0.003972,0.00483,9.365155,19.97542
464781312,53221.7,-0.006772,0.135847,0.000572,-0.4375,0.0,0.6594,0.4198,0.007277,0.00641,0.006844,10.10154,20.724609
465567744,53246.7,0.005031,0.122563,0.00038,-0.466797,0.0,0.6613,0.4236,0.006218,0.004516,0.004931,10.217583,23.074192
466354176,53271.2,-0.003412,0.114369,0.000409,-0.492188,0.0,0.6637,0.4278,0.006368,0.006459,0.006818,10.054614,23.103619
467140608,53202.6,0.00128,0.129859,0.000402,-0.490234,0.0,0.6659,0.4319,0.006548,0.005088,0.004878,9.234687,27.607931
467927040,53227.9,-0.011611,0.138076,0.000451,-0.445312,0.0,0.6671,0.434,0.006884,0.004925,0.006346,9.164863,16.817253
468713472,53257.2,-0.0034,0.127181,0.000641,-0.445312,0.0,0.6692,0.437,0.008251,0.005598,0.006617,9.769154,20.897579
469499904,53286.5,-0.00274,0.108766,0.000498,-0.443359,0.0,0.6712,0.4405,0.0068,0.00613,0.006484,9.920885,22.274832
470286336,53232.5,-0.004461,0.109949,0.000671,-0.474609,0.0,0.6733,0.4447,0.008159,0.006778,0.006605,10.157813,24.222397
471072768,53259.2,-0.010889,0.093706,0.000597,-0.494141,0.0,0.6747,0.4486,0.008023,0.006977,0.00716,10.149188,25.13368
471859200,53282.8,-0.00424,0.094835,0.000581,-0.470703,0.0,0.676,0.4526,0.00612,0.006672,0.006241,9.527556,17.778011
472645632,53211.1,-0.004466,0.100996,0.000584,-0.464844,0.0,0.6773,0.4563,0.004032,0.003706,0.004141,10.273134,19.915287
473432064,53237.9,0.001238,0.101329,0.000513,-0.451172,0.0,0.6779,0.4588,0.007147,0.006413,0.007519,10.103189,21.06443
474218496,53261.9,-0.004061,0.091351,0.000483,-0.421875,0.0,0.6788,0.4612,0.006006,0.005737,0.005857,9.505648,22.64529
475004928,53285.9,-0.006962,0.091327,0.000399,-0.425781,0.0,0.6793,0.4644,0.005871,0.005699,0.005842,9.026059,24.254637
475791360,53237.0,-0.006318,0.103172,0.000516,-0.435547,0.0,0.6797,0.4656,0.010225,0.008259,0.008513,8.367694,17.70985
476577792,53260.9,0.001633,0.103761,0.000457,-0.503906,0.0,0.6801,0.4667,0.008648,0.006476,0.006273,8.89077,18.261698
477364224,53287.3,-0.002542,0.11003,0.00052,-0.511719,0.0,0.6806,0.4673,0.00642,0.00504,0.005487,9.773002,17.787333
478150656,53215.9,-0.004713,0.102691,0.000494,-0.492188,0.0,0.6809,0.4674,0.006517,0.005764,0.00534,11.452056,22.069738
478937088,53237.6,-0.006792,0.108809,0.000878,-0.498047,0.0,0.6806,0.4674,0.007293,0.0075,0.006803,10.551755,24.236683
479723520,53259.8,-0.000648,0.10284,0.000631,-0.503906,0.0,0.6801,0.4672,0.004242,0.003847,0.003926,9.489079,24.670019
480509952,53282.4,-0.002224,0.118917,0.00044,-0.488281,0.0,0.6796,0.4671,0.004846,0.004684,0.004588,9.86781,16.430477
481296384,53225.4,-0.007827,0.118662,0.000415,-0.480469,0.0,0.679,0.4675,0.006241,0.005043,0.005331,10.157599,20.786268
482082816,53250.6,0.007719,0.11176,0.000414,-0.53125,0.0,0.6799,0.47,0.007751,0.006921,0.006095,11.006809,21.486038
482869248,53275.0,-0.002117,0.097315,0.000517,-0.519531,0.0,0.6805,0.4721,0.006876,0.005645,0.005961,11.907472,23.18895
483655680,53207.9,-0.007131,0.090992,0.000765,-0.462891,0.0,0.681,0.4744,0.006234,0.005006,0.006287,10.601918,30.159681
484442112,53231.2,0.00292,0.113841,0.000667,-0.472656,0.0,0.682,0.4769,0.008294,0.006276,0.007787,10.52735,19.547615
485228544,53254.2,-0.000725,0.101763,0.000408,-0.443359,0.0,0.6829,0.4808,0.003857,0.004157,0.004718,11.135117,22.31748
486014976,53277.4,0.004147,0.114858,0.000544,-0.4375,0.0,0.6833,0.483,0.005315,0.003697,0.005037,11.46405,24.464104
486801408,53223.1,1e-05,0.108068,0.000468,-0.460938,0.0,0.6842,0.4859,0.006027,0.004559,0.006659,11.152349,26.766468
487587840,53249.6,-0.007137,0.08921,0.000454,-0.474609,0.0,0.6858,0.4897,0.005965,0.004754,0.006891,10.791537,27.420094
488374272,53273.2,-0.001118,0.077951,0.000623,-0.449219,0.0,0.6866,0.4934,0.008126,0.005582,0.006896,10.709275,28.734394
489160704,53297.8,0.00808,0.104051,0.000608,-0.439453,0.0,0.6874,0.4964,0.007365,0.004554,0.005875,10.480683,21.860395
489947136,53244.6,-0.001381,0.136553,0.000503,-0.427734,0.0,0.6882,0.4977,0.009337,0.007319,0.007346,10.985335,23.712339
490733568,53267.2,0.007463,0.104462,0.000704,-0.445312,0.0,0.6883,0.4975,0.006429,0.006692,0.006887,10.36213,23.936024
491520000,53289.9,-0.000383,0.092667,0.00081,-0.439453,0.0,0.6886,0.4978,0.006121,0.006107,0.006517,10.13175,24.264561
492306432,53246.5,0.003092,0.09838,0.000653,-0.466797,0.0,0.6887,0.4989,0.007082,0.004558,0.005957,9.631991,27.478287
493092864,53270.9,-0.004767,0.100121,0.000586,-0.503906,0.0,0.6881,0.4999,0.007526,0.006727,0.008007,9.756344,18.752739
493879296,53292.8,0.001008,0.102777,0.00053,-0.498047,0.0,0.6868,0.4998,0.006213,0.006619,0.007238,10.567896,19.540314
494665728,53314.6,-0.008233,0.080731,0.000648,-0.488281,0.0,0.6855,0.5006,0.009345,0.005895,0.007115,10.626447,20.970695
495452160,53269.3,-0.005036,0.087159,0.000562,-0.46875,0.0,0.6849,0.502,0.005726,0.005553,0.007561,10.40776,23.472229
496238592,53291.5,0.001528,0.101536,0.000534,-0.5,0.0,0.6855,0.505,0.008121,0.006057,0.00661,9.884084,24.254721
497025024,53313.7,0.001042,0.120973,0.000429,-0.535156,0.0,0.6861,0.5059,0.00672,0.005466,0.005776,8.9667,24.759823
497811456,53266.9,-0.006066,0.14459,0.000462,-0.494141,0.0,0.6861,0.5042,0.005943,0.005133,0.006057,9.558807,15.776407
498597888,53289.7,-0.003403,0.096046,0.000553,-0.462891,0.0,0.6858,0.5039,0.007819,0.00672,0.007063,9.77517,19.293503
499384320,53312.0,0.001306,0.08292,0.000366,-0.462891,0.0,0.6862,0.5048,0.005803,0.004904,0.004167,10.151439,21.730362
500170752,53334.9,-0.006739,0.077033,0.000507,-0.445312,0.0,0.6869,0.5054,0.008166,0.005908,0.006384,9.785363,23.965727
500957184,50103.8,-0.005397,0.102804,0.000589,-0.462891,0.0,0.6876,0.5063,0.006478,0.006805,0.006762,9.064844,27.787518
501743616,50131.0,0.002238,0.107384,0.000497,-0.466797,0.0,0.6883,0.5073,0.006868,0.006996,0.00739,10.293571,19.770103
502530048,50157.6,-0.003693,0.087611,0.00065,-0.439453,0.0,0.6895,0.5087,0.006513,0.005895,0.006836,10.036317,20.2374
503316480,50104.7,-0.005754,0.088854,0.00102,-0.447266,0.0,0.6907,0.5106,0.006483,0.00468,0.005689,10.454895,23.243446
504102912,50128.1,-0.002962,0.094471,0.000403,-0.494141,0.0,0.6932,0.5146,0.009024,0.006174,0.006586,10.007604,23.959356
504889344,50153.8,-0.010161,0.080062,0.000541,-0.445312,0.0,0.6948,0.517,0.008936,0.007399,0.008343,9.042519,24.300823
505675776,50177.7,-0.003335,0.075244,0.000392,-0.462891,0.0,0.6956,0.5193,0.008071,0.006038,0.006827,8.917145,18.051107
506462208,50143.4,0.004375,0.110448,0.000728,-0.458984,0.0,0.6973,0.5233,0.010944,0.006043,0.007923,10.027538,19.386425
507248640,50169.7,-0.003366,0.100108,0.00043,-0.460938,0.0,0.6995,0.526,0.008115,0.006866,0.008086,9.724557,19.706585
508035072,50194.9,0.003813,0.112771,0.000782,-0.431641,0.0,0.7025,0.5301,0.006749,0.005559,0.006658,9.56448,21.386261
508821504,50147.0,0.000221,0.13255,0.000506,-0.464844,0.0,0.7048,0.5321,0.010459,0.006043,0.006932,8.423086,25.550955
509607936,50170.6,0.007594,0.11567,0.000803,-0.458984,0.0,0.7047,0.5328,0.005998,0.005095,0.005576,9.427558,18.32333
510394368,50194.4,0.00339,0.121789,0.000463,-0.429688,0.0,0.7044,0.5324,0.005076,0.005391,0.005322,9.948423,19.688339
511180800,50217.8,0.004481,0.093973,0.000387,-0.423828,0.0,0.7041,0.5325,0.005253,0.00475,0.005268,9.811926,21.382315
511967232,50191.7,-0.007419,0.10543,0.000525,-0.429688,0.0,0.7043,0.5333,0.006002,0.004665,0.005429,9.842752,23.907265
512753664,50218.1,-0.007142,0.10379,0.000523,-0.453125,0.0,0.7053,0.5352,0.005287,0.004057,0.0053,9.804362,26.241827
513540096,50243.8,-0.003739,0.083748,0.000545,-0.476562,0.0,0.7058,0.5365,0.007221,0.005037,0.006601,9.614887,28.609863
514326528,50270.3,0.000662,0.084311,0.00068,-0.451172,0.0,0.706,0.5375,0.005522,0.004905,0.005495,10.80213,19.343296
515112960,50241.9,-0.004939,0.094913,0.000453,-0.486328,0.0,0.7061,0.5381,0.006037,0.004717,0.004929,11.253057,21.68247
515899392,50267.2,0.000835,0.099243,0.000537,-0.507812,0.0,0.7061,0.5373,0.008155,0.005784,0.006398,11.989298,23.348873
516685824,50292.8,-0.003621,0.101837,0.000747,-0.503906,0.0,0.707,0.537,0.007163,0.005446,0.007021,11.622416,23.950603
517472256,50257.4,-0.004133,0.111115,0.000429,-0.484375,0.0,0.7077,0.5377,0.009773,0.005122,0.005938,9.955382,27.22286
518258688,50281.9,-0.00297,0.09531,0.000633,-0.4375,0.0,0.7083,0.5401,0.0087,0.005633,0.00694,10.82122,20.579382
519045120,50304.6,0.000193,0.088771,0.000525,-0.439453,0.0,0.7101,0.5436,0.005579,0.004793,0.004898,10.6765,23.274334
519831552,50327.6,-0.004639,0.07701,0.000498,-0.451172,0.0,0.7117,0.5477,0.004279,0.003989,0.004376,10.56734,23.434368
520617984,50294.5,0.001239,0.080414,0.000823,-0.455078,0.0,0.7134,0.5514,0.006207,0.004869,0.005582,10.364024,24.859426
521404416,50317.3,-0.005995,0.067777,0.000448,-0.455078,0.0,0.7159,0.5555,0.005815,0.005258,0.005949,9.995515,26.291779
522190848,50340.1,-0.001606,0.068412,0.000543,-0.449219,0.0,0.7193,0.5605,0.006613,0.004894,0.005122,9.040285,26.127747
522977280,50309.1,-0.004874,0.079767,0.00052,-0.4375,0.0,0.7215,0.5642,0.007168,0.005708,0.005711,10.849004,20.876003
523763712,50336.7,-0.008382,0.093552,0.000599,-0.441406,0.0,0.7239,0.5668,0.006765,0.007386,0.007371,11.253252,22.835491
524550144,50364.4,-0.002459,0.091556,0.000462,-0.455078,0.0,0.7258,0.5693,0.006346,0.007473,0.007191,11.322386,24.884094
525336576,50388.4,-0.006958,0.095668,0.00046,-0.474609,0.0,0.7276,0.5728,0.006374,0.006842,0.006413,10.10064,24.503677
526123008,50357.9,-0.005207,0.095101,0.000519,-0.462891,0.0,0.7292,0.5766,0.007337,0.006849,0.007038,7.915453,26.267914
526909440,50381.1,0.001079,0.090633,0.000596,-0.474609,0.0,0.7296,0.5776,0.007465,0.006193,0.007633,9.511555,18.962524
527695872,50404.2,-0.001885,0.095076,0.000435,-0.453125,0.0,0.7305,0.5789,0.006735,0.005737,0.006935,10.10103,19.772564
528482304,50365.8,-0.00322,0.081375,0.000492,-0.435547,0.0,0.7305,0.5795,0.004032,0.004487,0.005259,10.528002,22.713329
529268736,50387.2,0.003544,0.083493,0.000459,-0.470703,0.0,0.7314,0.5813,0.006768,0.005027,0.005989,10.203217,24.783194
530055168,50409.5,-0.005811,0.063122,0.000525,-0.470703,0.0,0.7326,0.5839,0.005744,0.005717,0.005916,9.658413,25.575155
530841600,50431.7,-0.001641,0.086224,0.000426,-0.519531,0.0,0.734,0.5858,0.008844,0.006005,0.005962,10.40946,19.682178
531628032,50381.3,-0.004715,0.088773,0.000433,-0.492188,0.0,0.7343,0.5863,0.005766,0.004735,0.006349,12.359428,21.594656
532414464,50403.6,-0.003246,0.088627,0.000531,-0.480469,0.0,0.7343,0.5871,0.006814,0.004816,0.006875,11.962463,22.531347
533200896,50426.6,-0.003677,0.083473,0.000476,-0.494141,0.0,0.7344,0.5868,0.008446,0.004048,0.006241,11.319934,23.850796
533987328,50384.9,0.003615,0.08045,0.000524,-0.494141,0.0,0.7348,0.5872,0.006409,0.003978,0.005315,9.281328,27.042995
534773760,50404.8,-0.011493,0.091015,0.0005,-0.476562,0.0,0.7359,0.5894,0.008042,0.005358,0.005907,10.6637,20.109051
535560192,50428.1,-0.003872,0.074827,0.000655,-0.453125,0.0,0.7363,0.5907,0.005192,0.005585,0.006121,11.268456,20.226751
536346624,50453.5,0.00172,0.079692,0.000616,-0.484375,0.0,0.7366,0.5929,0.006568,0.00549,0.00515,11.757538,21.683929
537133056,50407.1,-0.001572,0.074859,0.000753,-0.476562,0.0,0.7378,0.5963,0.008521,0.005584,0.005811,11.973995,24.005743
537919488,50428.8,0.001716,0.068951,0.000645,-0.494141,0.0,0.7392,0.5994,0.008049,0.00552,0.005348,11.591269,26.600857
538705920,50449.6,-0.007166,0.065473,0.000524,-0.490234,0.0,0.741,0.6026,0.007625,0.005618,0.006166,10.531018,27.317581
539492352,50471.1,-0.000101,0.069084,0.000448,-0.478516,0.0,0.7426,0.6051,0.005182,0.006283,0.006734,11.67313,20.668653
540278784,50413.0,-0.003302,0.103914,0.000607,-0.482422,0.0,0.7439,0.6072,0.006672,0.007239,0.007499,12.130042,22.806303
541065216,50434.0,-0.003433,0.095299,0.000463,-0.515625,0.0,0.7451,0.6082,0.005741,0.005066,0.005115,12.115744,22.963385
541851648,50456.1,-0.003737,0.082755,0.000516,-0.476562,0.0,0.7466,0.6096,0.005599,0.005746,0.005875,11.789515,24.899307
542638080,50416.8,-0.008373,0.07247,0.00044,-0.478516,0.0,0.749,0.6127,0.005575,0.005596,0.006947,10.131834,27.836548
543424512,50439.6,-0.006996,0.076896,0.00046,-0.482422,0.0,0.7514,0.6164,0.006491,0.006479,0.006466,10.996094,19.931595
544210944,50462.0,-0.001059,0.099913,0.000458,-0.457031,0.0,0.7545,0.6212,0.006138,0.006177,0.005945,11.173647,20.657196
544997376,50486.6,0.001181,0.082655,0.00055,-0.443359,0.0,0.7575,0.6262,0.007459,0.006281,0.006244,11.216186,22.292486
545783808,50448.1,-0.003431,0.090169,0.000668,-0.449219,0.0,0.7602,0.6299,0.007394,0.005678,0.006473,11.367292,26.021893
546570240,50474.0,-0.001119,0.080016,0.00042,-0.46875,0.0,0.7623,0.6327,0.005145,0.003692,0.00476,10.159753,26.428122
547356672,50500.0,-0.000547,0.076692,0.000551,-0.449219,0.0,0.764,0.6347,0.011128,0.005174,0.005451,9.749905,28.161755
548143104,50467.7,0.000759,0.101841,0.000628,-0.419922,0.0,0.7651,0.6356,0.007472,0.004422,0.005119,11.710129,22.491333
548929536,50493.7,-0.004212,0.071855,0.000506,-0.425781,0.0,0.7665,0.6372,0.005411,0.003688,0.004379,10.968887,24.476116
549715968,50519.6,0.000387,0.077417,0.000443,-0.441406,0.0,0.7675,0.6386,0.006383,0.004012,0.005004,10.840539,25.636505
550502400,50540.6,-0.006195,0.073412,0.000421,-0.478516,0.0,0.768,0.6391,0.006043,0.004667,0.00506,11.437714,27.046204
551288832,50495.8,-0.004181,0.080098,0.000484,-0.482422,0.0,0.7688,0.6403,0.008002,0.0053,0.007181,10.569953,29.109335
552075264,50519.5,0.000658,0.078296,0.000482,-0.5,0.0,0.7695,0.6417,0.007162,0.005546,0.006971,11.281572,20.588932
552861696,50542.7,0.000722,0.067977,0.00044,-0.472656,0.0,0.7702,0.6439,0.003996,0.003919,0.005483,11.962302,22.142803
553648128,50502.2,0.006511,0.079192,0.000479,-0.466797,0.0,0.7716,0.6473,0.004162,0.003793,0.005185,12.024932,24.761007
554434560,50522.6,-0.001847,0.076685,0.000455,-0.488281,0.0,0.7734,0.6491,0.004968,0.004585,0.00524,11.693712,25.695404
555220992,50544.3,-0.010495,0.09514,0.000495,-0.503906,0.0,0.7754,0.6505,0.003651,0.003677,0.003759,11.05453,27.125622
556007424,50564.5,0.002176,0.079912,0.000698,-0.53125,0.0,0.7769,0.6518,0.007206,0.006504,0.006383,10.839494,26.37011
556793856,50522.7,0.002555,0.10603,0.000409,-0.503906,0.0,0.7784,0.6529,0.005083,0.004746,0.004495,12.124352,21.601927
557580288,50544.7,-0.004324,0.080379,0.000626,-0.527344,0.0,0.7799,0.6546,0.006715,0.006294,0.006371,11.997142,21.31551
558366720,50568.5,0.004348,0.100434,0.000579,-0.523438,0.0,0.7812,0.6548,0.007707,0.006485,0.006137,11.674993,21.485477
559153152,50519.2,0.006549,0.091092,0.000574,-0.53125,0.0,0.783,0.6563,0.007159,0.005309,0.005748,9.281253,26.652119
559939584,50541.0,-0.006779,0.099545,0.000544,-0.539062,0.0,0.7849,0.6573,0.006818,0.006919,0.006257,9.906672,26.533688
560726016,50566.1,-0.007185,0.100088,0.000507,-0.5,0.0,0.7865,0.6591,0.005032,0.006602,0.006785,12.256634,20.281309
561512448,50591.1,-0.004442,0.097246,0.001064,-0.519531,0.0,0.7888,0.6609,0.004593,0.006275,0.006028,12.450139,22.700253
562298880,50537.5,0.001197,0.107523,0.000622,-0.523438,0.0,0.7911,0.6628,0.00513,0.004187,0.004334,13.691038,25.362591
563085312,50559.8,-0.011561,0.07078,0.000745,-0.503906,0.0,0.7931,0.666,0.007218,0.006476,0.005556,12.24766,25.138966
563871744,50580.7,0.000246,0.079161,0.00055,-0.484375,0.0,0.796,0.6693,0.008207,0.007722,0.007517,11.166343,26.940212
564658176,50604.2,-0.004376,0.089399,0.000541,-0.46875,0.0,0.798,0.6716,0.004973,0.00548,0.005296,11.059094,21.370174
565444608,50564.9,-0.002921,0.095163,0.000541,-0.480469,0.0,0.8013,0.6755,0.006223,0.006114,0.005664,11.772177,21.911602
566231040,50587.3,-0.001429,0.085804,0.000562,-0.494141,0.0,0.805,0.6802,0.005062,0.006577,0.00629,12.179522,23.400528
567017472,50608.8,-0.000571,0.069909,0.000458,-0.519531,0.0,0.8081,0.6841,0.004607,0.004857,0.004604,12.299527,23.866987
567803904,50560.7,-0.007169,0.085687,0.000443,-0.539062,0.0,0.8105,0.6874,0.004401,0.004095,0.004366,11.438816,29.264153
568590336,50585.9,5e-06,0.088242,0.000645,-0.519531,0.0,0.8115,0.6887,0.007584,0.00581,0.006954,11.737556,19.935486
569376768,50610.5,-0.000299,0.079591,0.00047,-0.53125,0.0,0.8138,0.6919,0.007716,0.005745,0.007367,12.647404,22.023285
570163200,50635.5,-0.004365,0.073031,0.000515,-0.53125,0.0,0.816,0.695,0.005187,0.00407,0.005559,13.580375,23.413258
570949632,50596.3,-0.002552,0.092992,0.000839,-0.53125,0.0,0.8177,0.6969,0.008051,0.006363,0.007033,13.697884,25.561554
571736064,50617.1,-0.008946,0.07712,0.000497,-0.546875,0.0,0.8191,0.699,0.005499,0.004757,0.004981,13.492855,27.404852
572522496,50637.5,-0.006022,0.077443,0.000415,-0.53125,0.0,0.8201,0.7014,0.006269,0.00584,0.005837,12.046486,28.999166
573308928,50580.5,-0.000505,0.094425,0.000554,-0.484375,0.0,0.8207,0.7026,0.005014,0.004863,0.006227,12.801541,23.267323
574095360,50600.5,-0.003306,0.088582,0.000722,-0.503906,0.0,0.822,0.7037,0.006688,0.005194,0.005506,13.442647,24.764318
574881792,50620.3,-0.003982,0.079797,0.000737,-0.503906,0.0,0.8236,0.7053,0.006189,0.006017,0.006029,13.237698,24.640038
575668224,50639.8,-0.006856,0.069061,0.000686,-0.511719,0.0,0.8249,0.7062,0.005435,0.005136,0.005465,12.813666,27.202658
576454656,50613.5,0.001874,0.088485,0.000556,-0.507812,0.0,0.8263,0.7077,0.006381,0.005348,0.005589,13.076508,31.39502
577241088,50636.9,-0.002664,0.072643,0.000581,-0.507812,0.0,0.8273,0.7084,0.004623,0.004336,0.004796,12.435775,21.811382
578027520,50660.4,-0.004476,0.078611,0.000545,-0.496094,0.0,0.8291,0.7098,0.006368,0.005455,0.006943,12.738732,22.414457
578813952,50623.7,-0.002208,0.0749,0.00055,-0.507812,0.0,0.8314,0.7123,0.005364,0.004401,0.005678,13.428674,25.7495
579600384,50645.8,-0.002611,0.088529,0.000478,-0.523438,0.0,0.8332,0.7142,0.006861,0.005712,0.007022,14.295266,27.757153
580386816,50670.3,-0.002711,0.086653,0.000534,-0.511719,0.0,0.8355,0.7171,0.007211,0.006222,0.006184,12.704931,29.679413
581173248,50690.7,-0.005657,0.087994,0.000498,-0.535156,0.0,0.8379,0.7187,0.006075,0.006352,0.006342,12.042115,29.029562
581959680,50667.3,-0.006434,0.088984,0.00062,-0.515625,0.0,0.8392,0.7206,0.004425,0.005119,0.006318,12.144651,21.438015
582746112,50686.7,0.000182,0.07753,0.000535,-0.472656,0.0,0.8415,0.7243,0.006196,0.00515,0.00565,11.865324,22.954275
583532544,50706.6,-0.001309,0.064427,0.000586,-0.447266,0.0,0.8437,0.7288,0.004574,0.004003,0.004691,11.940037,24.764364
584318976,50689.9,-0.008044,0.072097,0.000569,-0.443359,0.0,0.8463,0.7329,0.005746,0.004399,0.00491,11.173294,30.469757
585105408,50712.7,0.002177,0.086125,0.000693,-0.498047,0.0,0.8482,0.7352,0.006514,0.005542,0.00622,11.154271,28.918417
585891840,50733.2,-0.007329,0.069462,0.00069,-0.498047,0.0,0.8494,0.7375,0.005266,0.005202,0.006049,11.981554,23.417847
586678272,50756.2,-0.003468,0.066301,0.000705,-0.482422,0.0,0.851,0.7409,0.00585,0.004578,0.005224,12.243228,23.685497
587464704,50735.1,-0.000937,0.081146,0.000681,-0.466797,0.0,0.8522,0.7442,0.004495,0.003754,0.004684,13.047444,26.710531
588251136,50756.9,0.004129,0.070053,0.000506,-0.4375,0.0,0.8535,0.7475,0.00432,0.004193,0.004339,12.632577,26.857952
589037568,50777.9,0.001883,0.062917,0.000536,-0.457031,0.0,0.8548,0.7512,0.00364,0.003767,0.004507,11.090436,28.069159
589824000,50798.1,-0.002881,0.066774,0.0006,-0.484375,0.0,0.8559,0.7546,0.00466,0.004522,0.00525,11.399848,23.117146
590610432,50776.4,0.001822,0.084999,0.000593,-0.488281,0.0,0.8567,0.7557,0.006671,0.006665,0.007898,11.304644,22.366711
591396864,50796.5,-0.000975,0.06485,0.000497,-0.486328,0.0,0.8576,0.7573,0.005654,0.006346,0.006809,11.469315,21.6022
592183296,50819.9,-0.006696,0.0656,0.00047,-0.46875,0.0,0.8579,0.759,0.003913,0.003914,0.004315,11.425542,23.376453
592969728,50803.5,0.000409,0.070895,0.000545,-0.476562,0.0,0.8579,0.7599,0.006619,0.004781,0.005043,10.918655,28.30262
593756160,50824.2,-0.006907,0.072784,0.000553,-0.492188,0.0,0.8581,0.7607,0.007791,0.006248,0.006291,11.338695,20.05485
594542592,50844.6,-0.006441,0.073846,0.000482,-0.488281,0.0,0.8586,0.7615,0.008148,0.005772,0.006139,11.813859,21.897034
595329024,50868.1,0.004792,0.075665,0.000508,-0.496094,0.0,0.8594,0.7623,0.006411,0.006057,0.005959,11.851036,23.810141
596115456,50846.5,0.000942,0.079107,0.000843,-0.515625,0.0,0.8608,0.7647,0.006886,0.005188,0.006528,13.639205,27.421295
596901888,50866.2,-0.000101,0.073938,0.000532,-0.482422,0.0,0.8624,0.7678,0.005473,0.004498,0.006252,13.356953,27.517731
597688320,50886.2,0.003921,0.068201,0.000509,-0.490234,0.0,0.864,0.7707,0.004428,0.003925,0.004464,12.255364,30.663391
598474752,50855.7,-0.003585,0.078677,0.000468,-0.496094,0.0,0.8649,0.7722,0.005263,0.004855,0.005228,13.295346,23.856297
599261184,50875.5,-0.003904,0.080995,0.000605,-0.503906,0.0,0.866,0.7745,0.00591,0.006115,0.006772,13.383268,25.236324
600047616,50895.5,-0.005521,0.05606,0.000619,-0.503906,0.0,0.8671,0.7764,0.004507,0.00504,0.005833,14.511478,26.846592
600834048,50917.8,0.003507,0.052912,0.000686,-0.474609,0.0,0.868,0.7787,0.004106,0.004114,0.004676,14.165318,27.396261
601620480,50899.4,-0.004765,0.080901,0.000596,-0.46875,0.0,0.8689,0.7814,0.005629,0.004823,0.004775,12.04064,31.767609
602406912,50920.4,-0.000102,0.081975,0.000779,-0.478516,0.0,0.8697,0.7832,0.005447,0.004877,0.00464,12.641096,24.488121
603193344,50940.6,0.004284,0.080678,0.000537,-0.498047,0.0,0.8711,0.7863,0.004459,0.004808,0.004662,13.438719,25.201584
603979776,50909.4,-0.007418,0.073926,0.000474,-0.486328,0.0,0.8727,0.7898,0.004127,0.004805,0.004922,14.327579,26.620571
604766208,50929.6,-0.002527,0.06014,0.000586,-0.484375,0.0,0.8731,0.7919,0.007101,0.004427,0.005159,14.195771,28.956848
605552640,50949.4,-0.002142,0.058649,0.000709,-0.464844,0.0,0.8736,0.7939,0.005005,0.003665,0.004347,12.528568,30.027939
606339072,50970.6,-0.005248,0.060055,0.000884,-0.470703,0.0,0.8739,0.7959,0.005908,0.003956,0.00456,11.460168,30.527523
607125504,50944.1,-0.007598,0.059728,0.000547,-0.464844,0.0,0.8738,0.7966,0.006135,0.004802,0.005891,12.077745,23.779476
607911936,50967.3,0.001829,0.063694,0.000613,-0.478516,0.0,0.8738,0.7974,0.005833,0.00587,0.006454,12.594542,24.265213
608698368,50989.5,-0.004014,0.050456,0.000484,-0.498047,0.0,0.8735,0.7984,0.006055,0.005859,0.005752,12.370617,24.370491
609484800,50943.8,-0.000171,0.063066,0.000495,-0.480469,0.0,0.8735,0.7994,0.005162,0.004798,0.00551,11.456871,29.977261
610271232,50966.5,-0.000949,0.059035,0.000546,-0.527344,0.0,0.8735,0.8001,0.006406,0.004758,0.005838,11.197251,29.370956
611057664,50986.1,0.001782,0.065131,0.000448,-0.494141,0.0,0.8735,0.8,0.004673,0.004384,0.004843,12.73498,21.767431
611844096,51006.5,-0.006871,0.061446,0.000643,-0.457031,0.0,0.8738,0.8005,0.006077,0.005751,0.006032,11.772633,23.228287
612630528,50971.8,-0.001928,0.077131,0.001003,-0.472656,0.0,0.8742,0.8014,0.005605,0.004437,0.005012,13.413814,25.577139
613416960,50991.0,-0.003969,0.067045,0.000612,-0.503906,0.0,0.8745,0.8023,0.004961,0.004513,0.004984,13.740685,27.048878
614203392,51010.3,0.000113,0.056681,0.000696,-0.453125,0.0,0.8748,0.8031,0.005109,0.004357,0.004403,12.04152,28.666698
614989824,51029.4,-9.4e-05,0.062261,0.000496,-0.419922,0.0,0.8748,0.8032,0.004141,0.003685,0.003949,10.598718,29.235043
615776256,50983.3,-0.000965,0.073762,0.000743,-0.400391,0.0,0.8748,0.8033,0.005963,0.006104,0.006923,11.122245,25.560699
616562688,51003.0,0.000681,0.069556,0.000532,-0.443359,0.0,0.8746,0.8033,0.005369,0.00457,0.005693,11.006569,25.676834
617349120,51021.8,-0.002755,0.057351,0.000485,-0.472656,0.0,0.8739,0.8024,0.004429,0.004213,0.005184,11.655704,25.329832
618135552,50996.6,0.001079,0.06805,0.000522,-0.472656,0.0,0.8733,0.8018,0.003958,0.003308,0.004431,11.010734,27.999805
618921984,51015.9,0.006105,0.070742,0.000665,-0.490234,0.0,0.8731,0.8022,0.005103,0.003923,0.005246,10.183659,28.202635
619708416,51035.8,-0.006162,0.051305,0.000445,-0.474609,0.0,0.8731,0.8024,0.00536,0.005166,0.005685,11.094671,22.338985
620494848,51055.1,0.000157,0.052719,0.000466,-0.476562,0.0,0.8734,0.8027,0.005038,0.00488,0.005955,11.535443,22.869167
621281280,51023.1,-0.003014,0.080605,0.000456,-0.464844,0.0,0.8737,0.8026,0.005294,0.004287,0.005106,12.460852,24.060507
622067712,51041.7,0.003308,0.070899,0.000453,-0.490234,0.0,0.873,0.8017,0.007269,0.004914,0.005921,12.489285,27.292023
622854144,51060.7,-0.010655,0.066809,0.000447,-0.503906,0.0,0.8718,0.7999,0.005669,0.004258,0.005147,11.721871,28.343445
623640576,51028.4,0.000797,0.092807,0.000575,-0.511719,0.0,0.8712,0.7983,0.009652,0.005016,0.006741,11.476111,20.663132
624427008,51050.2,-0.005245,0.079991,0.000646,-0.5,0.0,0.8695,0.7956,0.007087,0.006176,0.006549,12.036883,21.45993
625213440,51069.5,0.000189,0.073835,0.0005,-0.5,0.0,0.868,0.7935,0.005447,0.00452,0.005641,11.438174,22.351233
625999872,51091.0,0.000172,0.065698,0.000533,-0.511719,0.0,0.8662,0.791,0.007443,0.00456,0.005159,12.935019,24.301413
626786304,51052.4,-0.004758,0.072993,0.00048,-0.486328,0.0,0.865,0.7899,0.009003,0.004781,0.006303,11.391328,28.001959
627572736,51071.1,-0.002359,0.05379,0.000574,-0.494141,0.0,0.8645,0.7896,0.011314,0.00565,0.006042,11.235953,20.720911
628359168,51089.6,-0.002103,0.056477,0.000466,-0.498047,0.0,0.8642,0.7886,0.005898,0.005237,0.005869,11.6486,21.200726
629145600,51057.7,-0.004505,0.06683,0.000451,-0.5,0.0,0.8639,0.7876,0.005881,0.004557,0.005229,12.458145,22.223011
629932032,51080.0,-0.007611,0.047925,0.000584,-0.519531,0.0,0.8639,0.7882,0.005502,0.004251,0.005948,13.021827,24.44084
630718464,51098.6,-0.009665,0.041015,0.000568,-0.519531,0.0,0.8638,0.7891,0.003223,0.003349,0.004203,12.773795,26.830307
631504896,51117.4,-0.007754,0.039445,0.000587,-0.503906,0.0,0.8634,0.7893,0.004714,0.004292,0.004906,12.487549,28.289486
632291328,51081.1,0.012493,0.073922,0.000559,-0.5,0.0,0.8635,0.7896,0.004544,0.004306,0.005068,12.333085,23.136747
633077760,51099.1,-0.006685,0.058914,0.000648,-0.5,0.0,0.8644,0.7906,0.004892,0.005592,0.005541,12.832365,23.673086
633864192,51119.5,-0.001565,0.05827,0.00076,-0.523438,0.0,0.8651,0.7916,0.004861,0.004763,0.004711,12.989091,25.249767
634650624,51081.2,0.003319,0.059486,0.000592,-0.494141,0.0,0.8655,0.7924,0.005346,0.004883,0.00495,12.417425,29.446867
635437056,51103.0,-0.000429,0.055405,0.000454,-0.5,0.0,0.8661,0.7932,0.004704,0.005061,0.005693,11.257591,28.86688
636223488,51121.7,-0.000866,0.056532,0.000693,-0.511719,0.0,0.8667,0.794,0.005208,0.005127,0.005424,11.987852,22.644583
637009920,51144.0,-0.000423,0.05759,0.000561,-0.507812,0.0,0.8672,0.7944,0.004799,0.004577,0.005725,12.709017,22.961325
637796352,51115.9,-0.000483,0.061648,0.000559,-0.492188,0.0,0.8676,0.7954,0.00485,0.005217,0.005714,12.964368,24.771894
638582784,51136.9,-0.004548,0.051223,0.00054,-0.482422,0.0,0.8684,0.7973,0.005581,0.004729,0.005902,12.351949,25.417171
639369216,51157.9,-0.005748,0.054274,0.000514,-0.480469,0.0,0.8689,0.7987,0.004675,0.004619,0.005384,12.285549,27.953461
640155648,51175.8,-0.001764,0.047149,0.000496,-0.478516,0.0,0.8698,0.8007,0.004547,0.004172,0.004809,11.427272,28.450775
640942080,51151.0,-0.00077,0.058001,0.00049,-0.460938,0.0,0.8703,0.8018,0.005227,0.00603,0.006375,11.980847,23.737896
641728512,51170.0,-0.00086,0.051928,0.000554,-0.490234,0.0,0.8709,0.8033,0.005102,0.004865,0.005696,12.193533,24.161245
642514944,51189.3,-0.004477,0.044647,0.000618,-0.492188,0.0,0.8717,0.8047,0.006136,0.004951,0.006066,13.020005,25.256353
643301376,51159.8,-0.004016,0.063174,0.000605,-0.494141,0.0,0.8722,0.8056,0.006781,0.00486,0.005265,12.468983,28.724136
644087808,51181.0,0.002927,0.059914,0.000823,-0.498047,0.0,0.8727,0.8064,0.006099,0.004608,0.005519,11.840382,27.781408
644874240,51202.5,-0.003146,0.055835,0.000441,-0.507812,0.0,0.8733,0.8077,0.006526,0.005139,0.006263,11.617563,22.098188
645660672,51220.5,-0.002351,0.060794,0.00051,-0.515625,0.0,0.8746,0.8095,0.005292,0.004018,0.003971,11.981092,22.384449
646447104,51194.1,-0.006458,0.064762,0.000522,-0.519531,0.0,0.8754,0.8105,0.00388,0.003647,0.00418,12.248563,23.638031
647233536,51211.7,0.004685,0.059315,0.000427,-0.539062,0.0,0.8755,0.8108,0.004658,0.004159,0.004752,12.522462,24.134888
648019968,51229.2,-0.001251,0.052458,0.000512,-0.519531,0.0,0.8758,0.8117,0.005468,0.004906,0.005598,11.731349,25.453289
648806400,51204.5,0.001475,0.052642,0.000442,-0.539062,0.0,0.8757,0.8121,0.005754,0.004018,0.004701,12.321465,21.226196
649592832,51223.3,-0.002054,0.060869,0.000498,-0.542969,0.0,0.8762,0.8143,0.006547,0.005147,0.005403,12.637865,21.357952
650379264,51241.9,-0.001889,0.046964,0.000629,-0.558594,0.0,0.8776,0.8174,0.004311,0.004194,0.004314,13.612038,22.466053
651165696,51261.5,-0.004119,0.04401,0.000658,-0.546875,0.0,0.8794,0.8215,0.00568,0.004698,0.004672,13.429366,22.922209
651952128,51232.3,-0.007677,0.057952,0.000483,-0.546875,0.0,0.8807,0.8247,0.004635,0.00475,0.005707,12.261554,25.654633
652738560,51250.0,0.000722,0.057923,0.00051,-0.539062,0.0,0.8822,0.828,0.006626,0.00551,0.005689,11.999407,19.144753
653524992,51267.4,-0.002867,0.041448,0.00054,-0.511719,0.0,0.8833,0.8306,0.004615,0.005367,0.004856,12.002356,21.80802
654311424,51240.6,-0.002741,0.052778,0.000574,-0.478516,0.0,0.8851,0.8342,0.003742,0.004082,0.004391,13.243252,23.870054
655097856,51260.1,-0.006326,0.049118,0.000871,-0.460938,0.0,0.8865,0.837,0.005793,0.004287,0.004663,12.442055,25.752178
655884288,51278.4,-0.00457,0.047789,0.000629,-0.470703,0.0,0.8875,0.8391,0.005202,0.004092,0.004474,12.021962,28.031174
656670720,51297.1,-0.003538,0.047491,0.00075,-0.458984,0.0,0.8885,0.8411,0.004443,0.00444,0.004876,11.923873,28.213623
657457152,51266.3,-0.005068,0.061124,0.000823,-0.449219,0.0,0.8894,0.8427,0.004556,0.004352,0.0056,10.951888,23.781296
658243584,51284.2,-0.004928,0.052649,0.000581,-0.445312,0.0,0.8904,0.8443,0.006065,0.006515,0.005773,11.126298,24.295017
659030016,51301.6,-0.001871,0.047144,0.000551,-0.457031,0.0,0.892,0.8464,0.004485,0.005315,0.005673,11.600752,25.478867
659816448,51277.3,-0.00806,0.044928,0.000597,-0.472656,0.0,0.8936,0.8497,0.003609,0.003557,0.004234,12.856691,27.960407
660602880,51298.2,-0.005016,0.060897,0.000427,-0.498047,0.0,0.8936,0.8492,0.004756,0.00382,0.004752,11.881756,28.384537
661389312,51319.0,-0.000601,0.063816,0.000571,-0.511719,0.0,0.8937,0.849,0.005795,0.004744,0.005835,11.388597,21.62289
662175744,51337.2,-0.005028,0.04829,0.000736,-0.519531,0.0,0.894,0.8489,0.004491,0.004316,0.005181,12.158276,21.251598
662962176,51303.3,-0.002739,0.061278,0.000546,-0.492188,0.0,0.8943,0.8495,0.004672,0.004775,0.00528,12.635771,25.157232
663748608,51321.7,-0.004038,0.06026,0.000742,-0.46875,0.0,0.8941,0.8497,0.005142,0.004799,0.005537,13.290405,25.875439
664535040,51340.9,-0.001558,0.047438,0.000643,-0.46875,0.0,0.8941,0.8506,0.004322,0.00464,0.005425,11.580935,28.185074
665321472,51359.2,-0.001956,0.042251,0.000824,-0.457031,0.0,0.8939,0.8513,0.003564,0.003981,0.004459,11.345949,28.591663
666107904,51326.3,0.000975,0.053963,0.000675,-0.449219,0.0,0.8933,0.8506,0.004001,0.004279,0.004271,11.652425,24.678762
666894336,51344.8,-0.004966,0.044668,0.000629,-0.451172,0.0,0.8921,0.8495,0.004832,0.004572,0.004771,11.409885,24.369427
667680768,51360.9,-0.007209,0.039931,0.000509,-0.460938,0.0,0.8905,0.8479,0.004255,0.004389,0.004626,11.17077,24.608654
668467200,51330.1,-0.005576,0.054513,0.000512,-0.482422,0.0,0.8898,0.8475,0.005221,0.003995,0.005595,11.522418,26.92802
669253632,51348.5,0.000801,0.06094,0.000626,-0.507812,0.0,0.8892,0.8465,0.003745,0.003338,0.004509,10.441763,27.247005
670040064,51367.8,0.002452,0.06006,0.000507,-0.511719,0.0,0.8889,0.8459,0.003977,0.004423,0.004904,11.774384,21.055145
670826496,51386.1,-0.005233,0.052369,0.000649,-0.494141,0.0,0.8891,0.8466,0.004167,0.00456,0.005681,12.424456,23.436127
671612928,51351.6,0.003722,0.073693,0.00055,-0.507812,0.0,0.8897,0.8476,0.005271,0.004814,0.005511,12.904166,23.988556
672399360,51369.2,-0.000657,0.052794,0.000743,-0.511719,0.0,0.8902,0.8486,0.003879,0.004563,0.004407,12.931899,24.31076
673185792,51386.4,-0.008005,0.042397,0.000628,-0.488281,0.0,0.8907,0.8501,0.003674,0.004541,0.004846,12.652425,27.660221
673972224,51338.6,-0.006559,0.065182,0.000608,-0.496094,0.0,0.8914,0.8511,0.00397,0.004445,0.005287,11.995186,23.41835
674758656,51355.3,0.001815,0.054577,0.000527,-0.480469,0.0,0.8919,0.8517,0.004892,0.00437,0.007447,12.772366,23.584911
675545088,51372.7,0.003814,0.051353,0.000502,-0.453125,0.0,0.8923,0.8526,0.003631,0.003878,0.00546,12.720191,26.071144
676331520,51391.6,-0.012059,0.041121,0.000508,-0.433594,0.0,0.8927,0.8531,0.003777,0.003598,0.004139,11.971199,26.804523
677117952,51357.9,-0.001388,0.060901,0.000489,-0.433594,0.0,0.8922,0.8525,0.003381,0.00393,0.004786,11.223549,29.293945
677904384,51375.1,-0.000546,0.054497,0.000564,-0.462891,0.0,0.8911,0.8508,0.005208,0.004301,0.005204,10.418369,28.558094
678690816,51392.1,-0.00287,0.051841,0.000527,-0.478516,0.0,0.8904,0.8496,0.004887,0.00548,0.006452,11.375319,22.099358
679477248,51357.6,0.002998,0.062535,0.000477,-0.478516,0.0,0.8902,0.8494,0.005004,0.004672,0.006139,12.248065,24.521378
680263680,51375.2,-0.002546,0.049388,0.000426,-0.488281,0.0,0.891,0.8508,0.005042,0.003989,0.005371,12.727116,25.184814
681050112,51392.1,-0.003203,0.03625,0.000512,-0.480469,0.0,0.8918,0.8519,0.005237,0.004949,0.005634,13.264628,26.829727
681836544,51409.9,-0.007693,0.032803,0.000516,-0.447266,0.0,0.8927,0.8535,0.003955,0.003554,0.004092,12.082992,28.584806
682622976,51380.4,-0.002838,0.05051,0.000568,-0.439453,0.0,0.8928,0.8538,0.004835,0.004764,0.005288,11.003033,24.50588
683409408,51397.8,-0.006312,0.042776,0.000648,-0.4375,0.0,0.8933,0.8545,0.004649,0.004727,0.006115,11.580014,25.614197
684195840,51415.3,-0.00696,0.045713,0.000558,-0.449219,0.0,0.8936,0.8554,0.005313,0.004508,0.005623,12.044711,25.906021
684982272,51389.8,-0.000558,0.04576,0.000605,-0.439453,0.0,0.8941,0.8569,0.00359,0.003497,0.004468,13.627072,29.00041
685768704,51406.6,-0.001555,0.064817,0.000538,-0.46875,0.0,0.8948,0.8574,0.005423,0.004378,0.005984,11.948714,28.813011
686555136,51426.4,-0.002061,0.056174,0.000508,-0.460938,0.0,0.8953,0.8569,0.004654,0.004326,0.006054,11.213066,23.594147
687341568,51443.7,-0.006334,0.052316,0.000447,-0.474609,0.0,0.8958,0.8575,0.005976,0.004517,0.005388,11.588999,24.434546
688128000,51415.5,-0.003001,0.05522,0.000484,-0.488281,0.0,0.8969,0.8596,0.004945,0.004965,0.005289,12.454869,23.700699
688914432,51431.9,-0.008168,0.034751,0.000747,-0.474609,0.0,0.8973,0.8614,0.004262,0.00462,0.005193,12.965423,25.582809
689700864,51450.7,-0.000776,0.04107,0.000471,-0.503906,0.0,0.898,0.8631,0.004929,0.004093,0.004856,13.052697,27.595459
690487296,51467.6,-0.003487,0.04397,0.000504,-0.527344,0.0,0.8992,0.865,0.005098,0.003951,0.004532,12.60681,27.000662
691273728,51442.6,-0.008599,0.056829,0.000687,-0.507812,0.0,0.8996,0.8653,0.005814,0.00404,0.005376,11.625994,22.020836
692060160,51462.0,-0.000885,0.047751,0.000613,-0.519531,0.0,0.9003,0.8659,0.004881,0.004156,0.00539,12.642436,22.331833
692846592,51481.1,-0.002006,0.056014,0.000525,-0.519531,0.0,0.9017,0.8679,0.004155,0.003657,0.004349,12.859117,24.34457
693633024,51450.6,0.001965,0.045651,0.000711,-0.5,0.0,0.9034,0.8701,0.004169,0.004333,0.00385,12.962153,27.719997
694419456,51468.0,0.000537,0.04479,0.000568,-0.466797,0.0,0.9051,0.8722,0.004668,0.006279,0.004945,11.433144,27.769238
695205888,51485.3,-8.5e-05,0.04531,0.000543,-0.470703,0.0,0.9062,0.8741,0.003845,0.005414,0.00423,11.126684,24.690426
695992320,51502.9,-0.007425,0.041745,0.000667,-0.476562,0.0,0.9082,0.8775,0.004749,0.005086,0.004954,11.728494,23.749268
696778752,51474.3,0.001291,0.066408,0.00059,-0.464844,0.0,0.909,0.8789,0.005647,0.005211,0.005657,12.803517,26.426579
697565184,51491.8,-0.005492,0.049068,0.000577,-0.507812,0.0,0.9102,0.8809,0.00487,0.005079,0.004922,13.271635,26.900404
698351616,51507.6,-0.000768,0.0459,0.000469,-0.503906,0.0,0.9111,0.8826,0.00374,0.003627,0.004208,13.156032,27.975079
699138048,51474.6,-0.002597,0.06117,0.000605,-0.488281,0.0,0.912,0.884,0.005854,0.004869,0.005065,12.369424,23.375515
699924480,51493.8,-0.006051,0.055174,0.00069,-0.527344,0.0,0.9125,0.8849,0.005651,0.005299,0.005869,13.802335,24.55476
700710912,51510.3,-0.003095,0.055214,0.000625,-0.535156,0.0,0.9134,0.8861,0.004845,0.004393,0.005129,13.982962,24.475906
701497344,51527.8,-0.005581,0.04389,0.000589,-0.486328,0.0,0.9147,0.888,0.003998,0.004302,0.004911,14.035345,26.012253
702283776,51502.6,-0.001323,0.062075,0.000657,-0.464844,0.0,0.9174,0.8915,0.005366,0.005046,0.005828,12.510645,28.409369
703070208,51520.8,-0.004057,0.049605,0.00048,-0.507812,0.0,0.9206,0.8956,0.005447,0.00576,0.006303,11.869234,28.84223
703856640,51540.3,-0.001259,0.048699,0.000564,-0.496094,0.0,0.9233,0.8992,0.005239,0.004738,0.004942,12.455717,24.987808
704643072,51512.6,0.001869,0.052859,0.000667,-0.476562,0.0,0.9257,0.9026,0.005665,0.004065,0.004717,13.465137,24.586926
705429504,51529.2,-0.008701,0.042429,0.000844,-0.484375,0.0,0.9268,0.9037,0.003765,0.004672,0.004655,12.447523,24.464163
706215936,51548.8,-0.004988,0.038351,0.000467,-0.492188,0.0,0.9277,0.9046,0.004099,0.004156,0.004556,12.674014,25.198273
707002368,51567.7,0.000622,0.037614,0.000708,-0.480469,0.0,0.9284,0.9058,0.004276,0.003376,0.005011,12.227008,26.449102
707788800,51545.5,-0.000445,0.058573,0.000451,-0.486328,0.0,0.9289,0.9065,0.006402,0.005237,0.006189,12.158681,24.177502
708575232,51564.8,-0.000557,0.055448,0.0005,-0.46875,0.0,0.9286,0.9053,0.007695,0.004439,0.006188,12.531886,23.667095
709361664,51583.9,-0.00298,0.043469,0.0005,-0.453125,0.0,0.9287,0.9052,0.005001,0.004092,0.005956,11.874918,25.458775
710148096,51553.4,-0.001617,0.051592,0.0005,-0.453125,0.0,0.9284,0.9054,0.004382,0.003552,0.005324,12.860219,27.585026
710934528,51569.8,0.004935,0.041858,0.000471,-0.462891,0.0,0.9279,0.9053,0.004123,0.003129,0.004603,11.450193,27.442348
711720960,51586.5,-0.011187,0.041106,0.000582,-0.460938,0.0,0.9276,0.9056,0.003749,0.00397,0.004585,11.638555,24.119576
712507392,51602.8,-0.00531,0.042534,0.000498,-0.427734,0.0,0.9281,0.907,0.004177,0.004033,0.004984,11.415333,24.832069
713293824,51582.4,0.00427,0.055179,0.000751,-0.447266,0.0,0.9288,0.9081,0.003882,0.003602,0.004183,11.906862,27.058035
714080256,51599.2,-0.001615,0.04994,0.000588,-0.484375,0.0,0.9284,0.9075,0.004464,0.003507,0.004216,12.946888,26.594931
714866688,51615.7,-0.007529,0.036775,0.000585,-0.480469,0.0,0.9296,0.9097,0.004012,0.003196,0.004077,13.124544,27.48233
715653120,51586.6,0.001655,0.043813,0.000645,-0.486328,0.0,0.9303,0.9114,0.003833,0.003783,0.003845,12.492639,28.938904
716439552,51602.7,-0.005801,0.054768,0.000557,-0.519531,0.0,0.9305,0.9113,0.004321,0.005396,0.006272,12.816604,24.28974
717225984,51618.6,-0.003569,0.042835,0.000761,-0.503906,0.0,0.9313,0.9124,0.004396,0.004379,0.006093,13.407282,25.256363
718012416,51637.3,-0.000361,0.044389,0.000535,-0.498047,0.0,0.9319,0.9135,0.003511,0.00419,0.004804,13.10685,26.02033
718798848,51620.9,-0.006879,0.062628,0.000517,-0.5,0.0,0.9326,0.9143,0.005142,0.004279,0.005668,13.107897,26.736969
719585280,51636.7,-0.007007,0.05803,0.000701,-0.542969,0.0,0.9334,0.9146,0.004367,0.00523,0.005558,12.328791,26.313438
720371712,51651.9,0.00155,0.057816,0.000543,-0.558594,0.0,0.9335,0.9147,0.005914,0.004502,0.005837,13.484086,22.899254
721158144,51667.2,-0.000425,0.058015,0.000483,-0.535156,0.0,0.9342,0.9153,0.004412,0.004427,0.005736,13.443373,22.684235
721944576,51633.0,-0.00494,0.074248,0.00093,-0.492188,0.0,0.9352,0.9158,0.008168,0.005254,0.005812,12.655604,25.373404
722731008,51649.3,0.001223,0.073075,0.000716,-0.494141,0.0,0.9352,0.9146,0.004657,0.005586,0.005024,12.476134,26.183681
723517440,51665.0,-0.004246,0.063214,0.000509,-0.511719,0.0,0.9356,0.9146,0.005312,0.004543,0.005069,12.669137,26.6502
724303872,51648.6,-0.005404,0.064415,0.000589,-0.492188,0.0,0.9356,0.9144,0.00514,0.004209,0.005263,12.070845,22.123997
725090304,51667.6,-0.001292,0.053665,0.00048,-0.498047,0.0,0.9359,0.9151,0.005419,0.004851,0.005707,12.40906,23.792236
725876736,51683.3,-0.005489,0.04855,0.000656,-0.515625,0.0,0.9351,0.9144,0.005053,0.005035,0.00498,12.362917,23.325943
726663168,51699.0,-0.005215,0.035868,0.000634,-0.498047,0.0,0.9349,0.915,0.003769,0.004572,0.004679,12.275575,23.532074
727449600,51680.6,-0.004012,0.064851,0.000551,-0.498047,0.0,0.934,0.9136,0.005746,0.0044,0.005431,11.572518,27.081852
728236032,51696.8,0.000286,0.064414,0.000515,-0.515625,0.0,0.9328,0.9116,0.006189,0.004946,0.006408,11.248767,27.714241
729022464,51712.2,-0.001949,0.062401,0.000638,-0.519531,0.0,0.9319,0.9097,0.004867,0.0042,0.005652,13.197644,23.816778
729808896,51683.3,-0.005566,0.063387,0.000538,-0.490234,0.0,0.9309,0.9082,0.004756,0.004141,0.005293,13.647772,24.24995
730595328,51699.5,-0.002623,0.054597,0.00082,-0.503906,0.0,0.9296,0.9058,0.007483,0.004743,0.006279,13.187321,25.76473
731381760,51715.6,0.001857,0.058389,0.000564,-0.496094,0.0,0.9284,0.9036,0.004006,0.004704,0.00557,12.637618,26.048954
732168192,51731.6,0.003488,0.053964,0.000701,-0.492188,0.0,0.9279,0.9031,0.003958,0.003686,0.005323,12.118056,27.700155
732954624,51708.1,-0.004998,0.05992,0.000539,-0.507812,0.0,0.9279,0.9032,0.004056,0.003524,0.005281,13.450408,24.330709
733741056,51724.4,-0.003707,0.050316,0.000566,-0.474609,0.0,0.9279,0.9035,0.004307,0.004482,0.004764,12.559974,23.795362
734527488,51743.3,0.001673,0.044884,0.000567,-0.480469,0.0,0.9276,0.9039,0.003502,0.003863,0.0038,11.995945,25.705597
735313920,51716.0,-0.007705,0.041655,0.000764,-0.46875,0.0,0.9278,0.9049,0.004145,0.003526,0.004008,14.056139,27.756893
736100352,51733.6,0.002727,0.05089,0.000646,-0.476562,0.0,0.9285,0.9059,0.004307,0.003578,0.00411,13.746541,30.118568
736886784,51750.2,-0.00536,0.046352,0.000542,-0.484375,0.0,0.9289,0.906,0.004631,0.004579,0.004783,12.762948,28.873581
737673216,51767.4,-0.008272,0.048696,0.000638,-0.464844,0.0,0.9289,0.9057,0.00443,0.004088,0.004638,13.479257,27.067654
738459648,51742.4,-0.002448,0.057814,0.000725,-0.451172,0.0,0.9287,0.9049,0.00414,0.004116,0.004869,12.743554,27.661373
739246080,51758.5,-0.00495,0.051651,0.000591,-0.46875,0.0,0.9288,0.9041,0.004638,0.004263,0.0056,13.039089,27.921515
740032512,51774.5,-0.003682,0.051132,0.000596,-0.455078,0.0,0.9288,0.9036,0.003879,0.003769,0.004758,12.731997,27.574881
740818944,51741.3,0.003143,0.048595,0.000526,-0.458984,0.0,0.9287,0.9035,0.004507,0.00399,0.004649,8.388028,28.69486
741605376,51757.7,-0.002836,0.055476,0.00056,-0.443359,0.0,0.9288,0.9039,0.004174,0.004838,0.005681,11.626819,23.703253
742391808,51775.0,-0.008828,0.052067,0.00068,-0.464844,0.0,0.9281,0.9025,0.003864,0.004515,0.005045,11.654881,24.396637
743178240,51791.0,0.002903,0.050313,0.000669,-0.455078,0.0,0.9266,0.9011,0.003968,0.004399,0.00509,11.607419,23.496471
743964672,51759.5,0.001669,0.052895,0.000534,-0.433594,0.0,0.9261,0.9008,0.003951,0.003439,0.004401,11.869356,27.757828
744751104,51778.3,-0.004884,0.048202,0.000482,-0.439453,0.0,0.9253,0.8999,0.004368,0.004164,0.0053,10.715033,27.902912
745537536,51793.8,-0.00193,0.048552,0.000467,-0.4375,0.0,0.9254,0.9005,0.005079,0.004324,0.00509,10.89139,23.803658
746323968,51810.0,-0.001852,0.047011,0.000445,-0.408203,0.0,0.9245,0.9001,0.00389,0.003321,0.003707,11.209432,24.681341
747110400,51777.0,-0.002476,0.067185,0.000473,-0.404297,0.0,0.9248,0.9006,0.008511,0.004017,0.005251,10.848355,25.260693
747896832,51792.6,-0.002486,0.045213,0.000491,-0.427734,0.0,0.9253,0.9022,0.004494,0.004201,0.005766,10.586898,26.124096
748683264,51809.2,-0.001989,0.046943,0.000484,-0.439453,0.0,0.9255,0.9031,0.005937,0.004445,0.005169,11.071613,26.825926
749469696,51784.7,-0.004279,0.056426,0.000614,-0.4375,0.0,0.9254,0.9027,0.00414,0.004155,0.004966,10.812114,24.087139
750256128,51800.6,-0.002066,0.045504,0.000508,-0.458984,0.0,0.926,0.9032,0.004689,0.005003,0.005335,11.563993,24.832348
751042560,51817.4,-0.002162,0.043527,0.000434,-0.455078,0.0,0.9268,0.9042,0.005191,0.005939,0.006474,11.262434,23.892193
751828992,51833.5,-0.001346,0.040401,0.000424,-0.457031,0.0,0.9283,0.9071,0.003672,0.003921,0.004507,11.618795,25.103674
752615424,51802.2,-0.005324,0.045804,0.000537,-0.4375,0.0,0.9304,0.9107,0.005913,0.004755,0.005152,11.834707,27.799789
753401856,51817.9,-0.004654,0.043911,0.000461,-0.464844,0.0,0.9318,0.9129,0.004524,0.004395,0.00505,11.291435,27.380917
754188288,51833.5,-0.001079,0.049386,0.000516,-0.453125,0.0,0.9336,0.9157,0.004532,0.004047,0.004081,12.077785,26.512386
754974720,51802.9,-0.006981,0.048544,0.000666,-0.423828,0.0,0.9356,0.9186,0.005366,0.004597,0.004628,12.021275,25.397465
755761152,51818.4,-0.006021,0.03614,0.000559,-0.419922,0.0,0.9372,0.9212,0.00733,0.003716,0.004756,11.840251,26.84548
756547584,51833.6,-0.008417,0.031186,0.000531,-0.425781,0.0,0.939,0.9239,0.006506,0.00497,0.004727,12.044667,28.428497
757334016,51850.3,0.004984,0.029208,0.000536,-0.423828,0.0,0.9404,0.9253,0.004177,0.005534,0.004063,11.970019,29.295593
758120448,51814.8,-0.005588,0.045506,0.000558,-0.419922,0.0,0.9413,0.9265,0.004703,0.005222,0.00421,12.150846,27.211895
758906880,51830.3,-0.007284,0.040707,0.000613,-0.419922,0.0,0.9415,0.9261,0.004953,0.005394,0.004693,12.121876,28.241812
759693312,51847.2,-0.004503,0.040408,0.000684,-0.451172,0.0,0.9422,0.9271,0.003196,0.004401,0.003064,12.930278,28.338848
760479744,51825.8,-0.006635,0.047572,0.000571,-0.441406,0.0,0.9439,0.9298,0.003979,0.00396,0.003632,14.193891,28.853313
761266176,51842.3,0.001709,0.051142,0.000522,-0.466797,0.0,0.944,0.9302,0.005544,0.00495,0.005686,12.600655,29.661444
762052608,51859.5,-0.002795,0.04687,0.000593,-0.443359,0.0,0.9436,0.9299,0.004279,0.005011,0.005713,11.332657,28.22817
762839040,51875.4,-0.00573,0.044147,0.000531,-0.441406,0.0,0.9436,0.9297,0.005274,0.005663,0.007064,11.252338,25.839458
763625472,51845.5,-0.000749,0.05732,0.000617,-0.427734,0.0,0.9431,0.9285,0.004876,0.004263,0.005685,11.891257,27.120062
764411904,51860.7,0.001383,0.050468,0.000606,-0.449219,0.0,0.9434,0.9286,0.004722,0.004524,0.00464,12.175494,27.009314
765198336,51876.0,-0.003713,0.044985,0.000539,-0.445312,0.0,0.9437,0.9287,0.003427,0.003297,0.004835,12.334095,28.117352
765984768,51833.9,-0.011777,0.0517,0.000514,-0.453125,0.0,0.9443,0.9297,0.003874,0.003701,0.005898,8.337667,29.559704
766771200,51851.0,-0.005214,0.044454,0.000638,-0.433594,0.0,0.9444,0.9303,0.004535,0.004517,0.006578,11.858006,24.017599
767557632,51867.3,-0.000564,0.051017,0.000521,-0.4375,0.0,0.9448,0.9313,0.003765,0.004518,0.005811,11.740355,25.826895
768344064,51883.2,-0.007841,0.044631,0.0006,-0.435547,0.0,0.9444,0.9314,0.004167,0.004119,0.007768,11.622609,26.260244
769130496,51855.8,-0.004555,0.060566,0.000608,-0.4375,0.0,0.9436,0.9306,0.004812,0.004684,0.005422,12.269503,26.902464
769916928,51871.5,-0.002069,0.04568,0.000633,-0.474609,0.0,0.944,0.9318,0.005117,0.004673,0.005574,12.236279,28.064438
770703360,51888.7,-0.006453,0.050653,0.000552,-0.472656,0.0,0.9441,0.9327,0.005497,0.005043,0.005717,12.290004,24.653511
771489792,51906.9,-0.008478,0.036633,0.000797,-0.462891,0.0,0.944,0.9332,0.003848,0.005024,0.004738,12.107296,24.783245
772276224,51884.4,-0.000313,0.064882,0.000497,-0.492188,0.0,0.9435,0.9321,0.004785,0.004433,0.005669,11.769642,24.584738
773062656,51902.5,-0.002736,0.052015,0.00047,-0.503906,0.0,0.9435,0.9315,0.004833,0.004165,0.005143,12.652325,23.873777
773849088,51920.8,-0.002679,0.049148,0.000456,-0.494141,0.0,0.9434,0.9306,0.003672,0.003652,0.004243,11.936203,24.633724
774635520,51897.5,-0.005188,0.055575,0.000612,-0.466797,0.0,0.9431,0.9297,0.003446,0.00323,0.004096,11.127699,22.388723
775421952,51914.2,-0.004419,0.045526,0.000662,-0.466797,0.0,0.9433,0.9303,0.005028,0.004565,0.005697,11.690346,24.5103
776208384,51930.8,0.000148,0.043077,0.000681,-0.46875,0.0,0.9435,0.9302,0.004315,0.003724,0.005021,11.577881,24.285065
776994816,51945.7,-0.001705,0.043202,0.000695,-0.449219,0.0,0.9435,0.9298,0.004851,0.0043,0.004933,11.28857,23.94973
777781248,51914.2,-0.003411,0.054221,0.000638,-0.435547,0.0,0.944,0.9304,0.003736,0.003567,0.004863,11.727916,27.235657
778567680,51932.1,-0.003751,0.038585,0.000646,-0.447266,0.0,0.9441,0.9309,0.004692,0.003643,0.004602,11.433683,27.14389
779354112,51950.0,-0.000523,0.036844,0.000566,-0.455078,0.0,0.9444,0.931,0.004345,0.003792,0.004509,10.81669,25.680679
780140544,51931.3,-0.002144,0.046513,0.000615,-0.447266,0.0,0.9445,0.932,0.003363,0.003141,0.003994,12.023985,23.849386
780926976,51947.3,-0.00216,0.042174,0.000506,-0.478516,0.0,0.9447,0.9332,0.003648,0.004252,0.004289,12.631761,24.418655
781713408,51963.1,-0.005647,0.039747,0.000579,-0.462891,0.0,0.9448,0.9338,0.003625,0.003586,0.004266,12.04435,25.239132
782499840,51979.6,0.002363,0.034284,0.000505,-0.46875,0.0,0.9447,0.9343,0.003999,0.00416,0.004153,12.771287,26.780605
783286272,51961.6,-0.004245,0.05697,0.0008,-0.476562,0.0,0.9463,0.9377,0.004728,0.003572,0.004494,11.945907,26.001358
784072704,51976.6,-0.002279,0.054666,0.000557,-0.498047,0.0,0.9467,0.938,0.004443,0.00458,0.004863,12.48103,24.892509
784859136,51992.3,-0.001883,0.053583,0.000468,-0.507812,0.0,0.9481,0.9399,0.005118,0.004268,0.004687,13.196292,24.865517
785645568,51960.0,0.000892,0.065038,0.000594,-0.511719,0.0,0.9486,0.9406,0.004718,0.004672,0.005087,13.099547,25.739052
786432000,51975.8,-0.005447,0.04754,0.000486,-0.480469,0.0,0.9493,0.9419,0.006142,0.004073,0.005616,12.588284,26.029415
787218432,51991.1,-0.000574,0.042458,0.000585,-0.472656,0.0,0.9504,0.9435,0.004318,0.003973,0.004857,10.984586,26.377422
788004864,52006.3,0.001135,0.043558,0.000576,-0.441406,0.0,0.9518,0.9456,0.005815,0.003956,0.004732,11.417342,23.917221
788791296,51984.8,-1e-05,0.052686,0.000582,-0.439453,0.0,0.9528,0.9467,0.005066,0.003887,0.005247,11.550338,25.344265
789577728,52001.3,-0.004233,0.037005,0.000539,-0.441406,0.0,0.9539,0.9484,0.005034,0.004429,0.005221,11.424828,24.954153
790364160,52015.7,0.000271,0.039245,0.000524,-0.439453,0.0,0.9548,0.9497,0.004846,0.003842,0.00467,11.58551,25.866776
791150592,51982.9,-0.005514,0.040791,0.000675,-0.433594,0.0,0.9555,0.951,0.004075,0.002985,0.003857,9.117125,30.180693
791937024,52001.0,-0.00141,0.048272,0.000583,-0.431641,0.0,0.9562,0.9519,0.00622,0.004087,0.005182,11.648679,27.843609
792723456,52019.0,-0.006871,0.043165,0.000622,-0.425781,0.0,0.9568,0.9524,0.004174,0.005062,0.005189,11.687588,26.528822
793509888,52034.1,0.001854,0.037007,0.000683,-0.417969,0.0,0.9578,0.9545,0.003509,0.003604,0.004678,11.259006,26.698294
794296320,52002.7,-0.000546,0.057751,0.000517,-0.431641,0.0,0.9583,0.9555,0.004028,0.003653,0.004815,12.473157,27.157253
795082752,52016.6,-0.008732,0.049151,0.000473,-0.472656,0.0,0.9587,0.9555,0.004325,0.004885,0.005077,12.096469,27.475269
795869184,52030.4,-0.001813,0.056097,0.000561,-0.507812,0.0,0.9588,0.9553,0.004499,0.005099,0.005317,11.571712,26.170729
796655616,52044.2,0.000778,0.060541,0.000651,-0.480469,0.0,0.9585,0.9545,0.003508,0.003871,0.005084,12.073054,24.564777
797442048,52017.6,-0.005509,0.064203,0.000664,-0.490234,0.0,0.958,0.9539,0.005251,0.005344,0.005439,12.098531,24.155729
798228480,52032.4,-0.002963,0.045284,0.000524,-0.5,0.0,0.9575,0.9537,0.004696,0.004978,0.005908,12.943529,25.178946
799014912,52046.5,-0.004534,0.039136,0.000556,-0.492188,0.0,0.9567,0.9529,0.004248,0.004078,0.004699,12.826138,25.833645
799801344,52021.9,0.003796,0.043822,0.0006,-0.490234,0.0,0.9563,0.9526,0.003036,0.003171,0.004283,11.007038,27.840508
800587776,52036.8,-0.00017,0.046437,0.00063,-0.453125,0.0,0.9562,0.9526,0.004102,0.003641,0.004257,11.96181,24.778265
801374208,52051.1,0.00431,0.041353,0.000622,-0.447266,0.0,0.9557,0.9521,0.002894,0.003103,0.003322,11.913484,25.066885
802160640,52065.3,0.003584,0.047278,0.000489,-0.4375,0.0,0.955,0.9505,0.004775,0.003596,0.004383,11.570596,25.988493
802947072,52032.7,-0.0016,0.052417,0.000735,-0.443359,0.0,0.9552,0.9511,0.003916,0.00406,0.00499,12.15367,27.268295
803733504,52048.4,0.003749,0.039865,0.000508,-0.453125,0.0,0.9547,0.95,0.003842,0.003941,0.004682,11.270903,27.054129
804519936,52063.0,-0.006672,0.030734,0.000825,-0.447266,0.0,0.9539,0.9486,0.004148,0.003429,0.004148,11.241926,25.553741
805306368,52036.5,-0.00439,0.041301,0.000535,-0.439453,0.0,0.9537,0.9487,0.003449,0.003003,0.00388,11.592219,24.671021
806092800,52051.2,-0.004371,0.033689,0.000657,-0.421875,0.0,0.954,0.9503,0.003837,0.003837,0.004502,11.207922,26.09058
806879232,52065.5,-0.006865,0.026197,0.000554,-0.410156,0.0,0.9543,0.9518,0.003922,0.004053,0.004209,10.688694,26.559149
807665664,52079.4,-0.005266,0.022866,0.000664,-0.416016,0.0,0.9544,0.9533,0.003109,0.003562,0.004252,11.062896,26.501699
808452096,52049.2,-0.002176,0.046976,0.000549,-0.417969,0.0,0.9546,0.9548,0.004663,0.003529,0.004193,10.614777,24.654064
809238528,52064.1,-8.4e-05,0.041584,0.000578,-0.423828,0.0,0.9547,0.9554,0.004105,0.003415,0.003976,10.428189,23.71427
810024960,52078.9,0.000182,0.033936,0.000545,-0.421875,0.0,0.955,0.9565,0.004284,0.003744,0.003959,9.922204,24.066473
810811392,52050.0,-0.002474,0.041217,0.000522,-0.433594,0.0,0.9551,0.9568,0.003882,0.003472,0.00409,11.30319,25.3988
811597824,52064.5,-0.006869,0.038886,0.000539,-0.445312,0.0,0.9552,0.9569,0.004619,0.003653,0.004685,11.350591,25.608974
812384256,52079.1,-0.004863,0.042258,0.000605,-0.447266,0.0,0.9553,0.9571,0.004863,0.00364,0.00451,11.127409,26.963303
813170688,52094.5,-0.000229,0.040195,0.00062,-0.4375,0.0,0.955,0.9571,0.004451,0.00388,0.004376,11.598207,24.600506
813957120,52057.5,-0.003798,0.049205,0.000705,-0.419922,0.0,0.9547,0.9568,0.003467,0.003765,0.003889,11.527687,25.760662
814743552,52072.0,0.000659,0.039532,0.000503,-0.423828,0.0,0.9543,0.9566,0.004087,0.003441,0.004274,11.451416,27.346085
815529984,52086.6,-0.001966,0.032807,0.000539,-0.447266,0.0,0.9543,0.9573,0.005363,0.003683,0.004596,12.221322,26.716747
816316416,52065.0,-0.008569,0.036659,0.000534,-0.449219,0.0,0.9542,0.9589,0.00347,0.003944,0.003953,10.487981,29.913586
817102848,52082.2,-0.004345,0.042494,0.000651,-0.470703,0.0,0.9541,0.9595,0.005592,0.005345,0.005773,11.407611,24.261457
817889280,52099.4,-0.006728,0.036992,0.00084,-0.466797,0.0,0.9538,0.9608,0.003882,0.0041,0.005082,11.989264,24.530945
818675712,52114.8,-0.002046,0.035097,0.000704,-0.470703,0.0,0.9537,0.9623,0.00368,0.00413,0.003862,12.56132,26.121008
819462144,52089.8,0.000893,0.044924,0.000851,-0.478516,0.0,0.9536,0.9625,0.007575,0.003547,0.006346,11.94061,25.994215
820248576,52105.3,-0.006046,0.032567,0.000523,-0.482422,0.0,0.954,0.9633,0.004867,0.003773,0.005394,12.179504,25.753689
821035008,52120.1,-0.005744,0.028903,0.000655,-0.460938,0.0,0.9546,0.9641,0.004171,0.003185,0.003922,11.200863,25.862526
821821440,52134.8,-0.00548,0.025893,0.000709,-0.439453,0.0,0.9545,0.964,0.004238,0.003522,0.004221,11.086885,25.190794
822607872,52108.4,0.000197,0.047624,0.00061,-0.455078,0.0,0.9552,0.9655,0.003088,0.003485,0.004137,11.605244,26.760193
823394304,52124.3,-0.001994,0.037449,0.00054,-0.447266,0.0,0.9555,0.9657,0.003986,0.00493,0.004193,12.051945,24.646734
824180736,52137.8,-0.00278,0.036283,0.000693,-0.433594,0.0,0.9558,0.9665,0.002894,0.004055,0.00373,11.096955,25.968914
824967168,52109.3,0.006566,0.046228,0.000606,-0.4375,0.0,0.9563,0.9677,0.003566,0.003397,0.003611,10.108754,27.56921
825753600,52123.8,-0.003435,0.035728,0.000534,-0.466797,0.0,0.9569,0.9683,0.003745,0.003134,0.00411,11.545485,24.954697
826540032,52138.8,-0.003249,0.037497,0.000514,-0.482422,0.0,0.9573,0.9692,0.003201,0.003344,0.003544,11.704934,24.07098
827326464,52153.1,-0.008418,0.030547,0.000573,-0.488281,0.0,0.9572,0.9689,0.003654,0.003767,0.004366,12.088152,24.512434
828112896,52127.1,-0.0113,0.043259,0.000461,-0.474609,0.0,0.9573,0.9683,0.003962,0.004816,0.004952,12.888721,25.642956
828899328,52143.2,-0.00222,0.045724,0.000577,-0.464844,0.0,0.9573,0.967,0.004627,0.004926,0.005142,11.881457,25.495773
829685760,52157.5,0.004616,0.041922,0.000643,-0.484375,0.0,0.9577,0.9668,0.003466,0.003923,0.004437,11.860074,25.170815
830472192,52119.0,-0.000792,0.049366,0.000482,-0.472656,0.0,0.9579,0.967,0.004391,0.003824,0.004216,12.03169,24.302313
831258624,52133.5,-0.005775,0.039419,0.000536,-0.423828,0.0,0.958,0.9665,0.007594,0.00453,0.005053,11.616085,25.834137
832045056,52148.9,0.000184,0.04017,0.000672,-0.410156,0.0,0.9581,0.966,0.004468,0.003378,0.004043,11.15339,27.756338
832831488,52164.0,-0.01159,0.030828,0.00063,-0.40625,0.0,0.9586,0.9666,0.004793,0.002988,0.004229,11.785829,28.073944
833617920,52142.5,0.000226,0.037574,0.000537,-0.410156,0.0,0.9592,0.9677,0.003728,0.003074,0.00392,10.713054,26.850872
834404352,52157.9,-0.005241,0.025289,0.000484,-0.431641,0.0,0.9604,0.9701,0.003104,0.002981,0.003711,10.796533,26.021048
835190784,52172.8,-0.000873,0.027285,0.000687,-0.4375,0.0,0.9613,0.9716,0.003489,0.003473,0.00445,11.123533,24.424557
835977216,52142.0,-9.7e-05,0.038786,0.000679,-0.439453,0.0,0.9619,0.9726,0.003142,0.003184,0.003708,11.545317,25.02446
836763648,52158.4,-0.003089,0.044026,0.0006,-0.449219,0.0,0.9627,0.9731,0.003611,0.002796,0.004401,11.260633,24.780081
837550080,52174.9,0.000136,0.046273,0.000595,-0.46875,0.0,0.963,0.9732,0.00359,0.003196,0.004554,10.479822,25.37199
838336512,52191.3,-0.005942,0.039047,0.000553,-0.46875,0.0,0.964,0.974,0.003321,0.00308,0.004174,10.80661,22.910976
839122944,52171.7,-0.003136,0.042173,0.000641,-0.453125,0.0,0.9649,0.9748,0.003071,0.003425,0.004084,11.083532,22.707365
839909376,52185.6,-0.00048,0.028852,0.000621,-0.449219,0.0,0.9656,0.9762,0.00354,0.003514,0.004454,11.186073,23.411316
840695808,52199.8,-0.004703,0.028686,0.000788,-0.429688,0.0,0.966,0.9771,0.002516,0.002727,0.003242,11.103334,24.772009
841482240,52176.9,0.002196,0.03961,0.000626,-0.425781,0.0,0.9668,0.9782,0.002614,0.002763,0.003582,8.806099,27.230518
842268672,52190.6,0.003331,0.031215,0.000552,-0.435547,0.0,0.9668,0.978,0.004327,0.004615,0.005207,10.537149,24.625988
843055104,52205.8,-0.011366,0.027939,0.000442,-0.447266,0.0,0.9679,0.9799,0.003774,0.003965,0.004452,10.858957,25.334463
843841536,52219.2,-0.003494,0.027329,0.000503,-0.460938,0.0,0.9683,0.9804,0.003577,0.003579,0.004253,10.996166,24.600079
844627968,52207.5,-0.006909,0.04023,0.000564,-0.458984,0.0,0.9685,0.9807,0.003482,0.00301,0.003838,12.254545,25.681738
845414400,52222.1,-0.003773,0.03004,0.000485,-0.455078,0.0,0.9685,0.9807,0.004178,0.003342,0.004178,11.166089,24.985142
846200832,52236.0,-0.000692,0.03781,0.0005,-0.445312,0.0,0.9685,0.9805,0.003283,0.003593,0.004553,11.292523,26.888695
846987264,52251.7,-0.000659,0.027127,0.000467,-0.447266,0.0,0.9684,0.9805,0.003453,0.00333,0.004159,11.856696,26.192387
847773696,52230.4,-0.007166,0.036894,0.000571,-0.435547,0.0,0.9684,0.981,0.003869,0.003694,0.004218,11.774756,25.212067
848560128,52244.4,0.00257,0.030472,0.000557,-0.433594,0.0,0.9684,0.9818,0.004167,0.003381,0.004289,11.542634,25.565613
849346560,52258.0,-0.001806,0.02525,0.00057,-0.421875,0.0,0.968,0.9823,0.003385,0.00325,0.003982,11.209161,26.760834
850132992,52237.1,-0.009471,0.038478,0.000588,-0.419922,0.0,0.9682,0.9835,0.003088,0.00281,0.003513,11.074443,28.219704
850919424,52250.3,-0.009741,0.037138,0.000635,-0.431641,0.0,0.9679,0.9828,0.003889,0.003373,0.004071,10.955607,26.012335
851705856,52263.4,-0.001632,0.036231,0.000458,-0.423828,0.0,0.968,0.9835,0.003471,0.002944,0.00374,11.578418,26.952724
852492288,52276.2,6.6e-05,0.031704,0.00062,-0.410156,0.0,0.9678,0.9838,0.003058,0.003091,0.003481,11.449903,27.877167
853278720,52261.2,0.000394,0.038165,0.000757,-0.398438,0.0,0.9675,0.9837,0.00522,0.00335,0.004167,11.53342,28.950043
854065152,52275.1,0.002005,0.031651,0.000659,-0.408203,0.0,0.9668,0.9825,0.004839,0.003911,0.00489,11.238686,29.075584
854851584,52291.4,-0.004091,0.032758,0.000732,-0.423828,0.0,0.9661,0.9819,0.004011,0.003373,0.004237,10.716719,27.780035
855638016,52275.9,0.001033,0.042082,0.000595,-0.435547,0.0,0.9656,0.9812,0.002961,0.003049,0.003644,10.794677,24.585882
856424448,52290.0,0.000175,0.03768,0.00054,-0.458984,0.0,0.9652,0.9807,0.004283,0.004034,0.004245,12.043751,25.941578
857210880,52304.6,-0.00391,0.03283,0.000594,-0.451172,0.0,0.9652,0.9812,0.00363,0.003127,0.003889,11.50398,25.396988
857997312,52318.4,0.004048,0.026484,0.000541,-0.457031,0.0,0.965,0.9817,0.002993,0.002951,0.003613,12.206298,26.789877
858783744,52296.8,-0.001192,0.033991,0.000802,-0.474609,0.0,0.9655,0.9831,0.003859,0.003429,0.004092,11.436281,27.190802
859570176,52311.7,-0.002516,0.024055,0.000496,-0.480469,0.0,0.9653,0.9835,0.002853,0.003214,0.00443,12.352572,24.889004
860356608,52326.2,-0.002986,0.023076,0.000536,-0.458984,0.0,0.9653,0.9839,0.00294,0.002538,0.003665,12.37373,25.46314
861143040,52295.9,-0.007743,0.03331,0.000583,-0.453125,0.0,0.9654,0.9842,0.002938,0.002942,0.006605,12.424532,26.296539
861929472,52308.9,-0.003082,0.033418,0.000577,-0.464844,0.0,0.9657,0.9843,0.003653,0.003694,0.0047,12.316674,27.006033
862715904,52321.9,-0.006522,0.033092,0.000513,-0.439453,0.0,0.9653,0.9832,0.003305,0.004871,0.004444,11.542734,26.63829
863502336,52334.9,-0.006919,0.032399,0.000571,-0.423828,0.0,0.9651,0.9826,0.003526,0.004319,0.003876,11.127671,24.976074
864288768,52300.7,0.000427,0.043751,0.000629,-0.433594,0.0,0.965,0.9823,0.002981,0.002496,0.003817,11.261964,25.773672
865075200,52315.5,-0.00508,0.034378,0.000585,-0.455078,0.0,0.9649,0.9823,0.004369,0.002979,0.005121,11.814908,26.386251
865861632,52329.1,-0.006881,0.029466,0.000598,-0.445312,0.0,0.965,0.9828,0.003566,0.003111,0.005193,12.055552,26.318609
866648064,52300.4,-0.000378,0.036145,0.000543,-0.458984,0.0,0.9657,0.9841,0.003363,0.002863,0.004507,11.334502,30.321371
867434496,52313.8,-0.001311,0.036965,0.000486,-0.464844,0.0,0.966,0.9845,0.004542,0.003448,0.005225,12.010532,26.61779
868220928,52327.7,-0.004823,0.02852,0.000517,-0.449219,0.0,0.9663,0.9855,0.003408,0.003369,0.004851,11.397519,23.934486
869007360,52340.8,-0.006348,0.030034,0.000508,-0.453125,0.0,0.9666,0.986,0.003074,0.002896,0.004046,11.052444,24.477179
869793792,52305.8,-0.001615,0.036267,0.000504,-0.451172,0.0,0.9669,0.9865,0.002941,0.003162,0.003915,12.219273,27.251247
870580224,52319.5,-0.001946,0.030694,0.000464,-0.431641,0.0,0.9669,0.987,0.002833,0.003285,0.004262,11.813612,26.021496
871366656,52332.5,-0.004076,0.029064,0.000459,-0.410156,0.0,0.9671,0.9881,0.003377,0.003094,0.004049,11.055846,27.211296
872153088,52345.7,-0.010551,0.024374,0.000442,-0.404297,0.0,0.9672,0.989,0.003484,0.003399,0.004026,10.802908,26.120571
872939520,52323.3,0.002559,0.042527,0.000468,-0.40625,0.0,0.9674,0.9892,0.004398,0.003641,0.005346,10.957861,26.048422
873725952,52337.5,-0.013479,0.025811,0.000462,-0.421875,0.0,0.9682,0.9898,0.003363,0.003561,0.004592,11.017386,26.079147
874512384,52350.4,0.001651,0.029193,0.000424,-0.417969,0.0,0.969,0.9903,0.004193,0.00348,0.00455,11.552281,26.342834
875298816,52313.1,0.001827,0.033423,0.000505,-0.425781,0.0,0.9697,0.9911,0.003238,0.00271,0.003539,10.879606,26.809605
876085248,52326.3,-0.005698,0.032549,0.000485,-0.445312,0.0,0.9697,0.9916,0.00334,0.003635,0.004228,10.997622,24.734421
876871680,52339.4,-0.004735,0.028487,0.000539,-0.433594,0.0,0.97,0.9924,0.004327,0.003325,0.004664,10.504977,25.211121
877658112,52352.7,0.001151,0.033253,0.000459,-0.441406,0.0,0.9702,0.9928,0.003502,0.003676,0.003905,11.567716,26.221563
878444544,52331.0,-0.002506,0.044696,0.000574,-0.427734,0.0,0.9702,0.9923,0.003331,0.003693,0.006578,11.983669,26.590542
879230976,52346.2,-0.000848,0.041521,0.000691,-0.431641,0.0,0.9702,0.9914,0.003821,0.003234,0.006334,11.718909,28.326559
880017408,52359.1,-0.006465,0.030759,0.000527,-0.421875,0.0,0.9701,0.9904,0.003289,0.003017,0.004527,11.433015,27.211132
880803840,52328.4,-0.006053,0.041785,0.000511,-0.421875,0.0,0.9699,0.9902,0.003204,0.002946,0.004132,10.773857,27.010422
881590272,52341.9,-2e-05,0.031651,0.000711,-0.427734,0.0,0.9703,0.9912,0.004146,0.003849,0.004588,11.292818,26.929922
882376704,52355.1,0.00027,0.033398,0.000524,-0.431641,0.0,0.9706,0.992,0.004023,0.003785,0.004627,11.069489,25.995083
883163136,52368.0,-0.0019,0.03022,0.000591,-0.423828,0.0,0.9707,0.9926,0.004119,0.003175,0.003937,11.478439,26.562338
883949568,52351.0,-0.004792,0.038565,0.00051,-0.429688,0.0,0.9712,0.9934,0.003814,0.003599,0.005455,11.189726,27.020641
884736000,52364.9,0.003473,0.028654,0.000608,-0.460938,0.0,0.9714,0.9934,0.003046,0.00316,0.005043,11.721912,24.9522
885522432,52379.8,-0.005534,0.026151,0.000539,-0.451172,0.0,0.9715,0.9936,0.003005,0.003173,0.004297,11.647131,25.379211
886308864,52353.9,-0.001563,0.037585,0.000566,-0.441406,0.0,0.9714,0.9936,0.002822,0.002911,0.003998,12.261539,25.424744
887095296,52366.7,0.000236,0.042686,0.000574,-0.457031,0.0,0.9716,0.9939,0.003719,0.003119,0.003756,11.929586,25.832169
887881728,52381.5,-0.002562,0.033628,0.000673,-0.474609,0.0,0.9714,0.9937,0.003819,0.003219,0.004217,12.889147,27.828512
888668160,52396.0,0.001955,0.036422,0.000694,-0.480469,0.0,0.9712,0.9932,0.00313,0.003213,0.004348,12.718394,27.191006
889454592,52362.6,-0.006487,0.043589,0.000506,-0.470703,0.0,0.9712,0.993,0.003552,0.003019,0.003846,13.138006,26.765438
890241024,52377.2,0.008244,0.044397,0.000511,-0.460938,0.0,0.9717,0.9931,0.004254,0.003539,0.004437,12.574505,25.930523
891027456,52392.8,-0.006191,0.034374,0.000447,-0.464844,0.0,0.9717,0.9924,0.003491,0.003392,0.004424,12.333779,26.096157
891813888,52365.3,-0.003488,0.041372,0.000479,-0.457031,0.0,0.9719,0.9929,0.003965,0.003398,0.004264,10.374489,30.106518
892600320,52379.6,-0.002158,0.030023,0.000644,-0.451172,0.0,0.9722,0.9932,0.005066,0.003555,0.005892,11.373163,25.675907
893386752,52394.0,-0.002633,0.0255,0.000506,-0.441406,0.0,0.9721,0.993,0.004227,0.004034,0.00456,11.279512,24.780533
894173184,52408.7,-0.003334,0.02635,0.000484,-0.4375,0.0,0.9721,0.9926,0.003456,0.003743,0.004714,11.366287,26.346273
894959616,52386.1,-0.000775,0.041371,0.00053,-0.46875,0.0,0.9726,0.9931,0.003319,0.003096,0.004108,12.61257,25.71353
895746048,52401.1,0.000247,0.036716,0.000629,-0.490234,0.0,0.9727,0.9927,0.003977,0.003307,0.004562,13.153118,26.433819
896532480,52416.5,-0.002274,0.038271,0.000579,-0.488281,0.0,0.9728,0.9924,0.003251,0.003212,0.004032,12.808434,26.609663
897318912,52432.1,-0.000492,0.041319,0.000576,-0.472656,0.0,0.9729,0.9928,0.002945,0.003595,0.004195,12.406998,25.43924
898105344,52405.7,0.002282,0.048162,0.00056,-0.457031,0.0,0.9731,0.9937,0.003346,0.003546,0.004238,11.652843,25.866142
898891776,52417.2,-0.001511,0.034815,0.000591,-0.455078,0.0,0.9734,0.9945,0.00346,0.004637,0.004675,12.236717,25.34815
899678208,52429.9,-0.005458,0.028743,0.000627,-0.429688,0.0,0.9738,0.996,0.002419,0.003979,0.003658,11.879552,27.277687
900464640,52403.6,0.001451,0.043169,0.000562,-0.435547,0.0,0.9739,0.9963,0.003013,0.003372,0.003806,11.82674,26.978706
901251072,52417.5,-0.00085,0.035939,0.000544,-0.480469,0.0,0.9737,0.9957,0.003415,0.003457,0.004852,11.088773,24.453915
902037504,52432.0,0.000314,0.033066,0.000519,-0.464844,0.0,0.974,0.9962,0.003343,0.003321,0.004216,12.148239,24.289497
902823936,52446.8,-0.001147,0.026115,0.000579,-0.458984,0.0,0.9737,0.9957,0.003462,0.002947,0.004024,11.633366,25.109997
903610368,52415.6,-0.008309,0.040483,0.000556,-0.458984,0.0,0.9739,0.9965,0.004247,0.003951,0.004185,11.885095,26.370741
904396800,52431.0,-0.000632,0.033898,0.000667,-0.449219,0.0,0.9739,0.9966,0.004235,0.003482,0.004112,12.042058,25.795517
905183232,52445.7,-0.004038,0.028169,0.000515,-0.458984,0.0,0.9741,0.9968,0.003637,0.003301,0.004002,11.502868,27.143103
905969664,52421.6,-0.005214,0.037493,0.000474,-0.46875,0.0,0.9739,0.9964,0.0032,0.002732,0.003564,11.790455,25.342175
906756096,52434.1,-0.003143,0.037982,0.0005,-0.496094,0.0,0.974,0.9961,0.003398,0.003116,0.004034,12.355637,25.254105
907542528,52445.1,-0.003091,0.038171,0.000552,-0.496094,0.0,0.9742,0.9957,0.003499,0.003297,0.004396,12.749728,25.855526
908328960,52457.3,-0.005323,0.031782,0.000451,-0.482422,0.0,0.9744,0.9957,0.002849,0.003175,0.003638,12.59775,26.47784
909115392,52429.3,-0.010106,0.037513,0.000457,-0.490234,0.0,0.9745,0.9961,0.004022,0.003006,0.004055,11.75468,25.711792
909901824,52443.2,0.001131,0.034932,0.000519,-0.492188,0.0,0.9746,0.9965,0.006268,0.003145,0.004949,12.184408,23.872173
910688256,52457.8,-0.005107,0.026656,0.000548,-0.498047,0.0,0.9746,0.9966,0.003489,0.00312,0.004118,11.288744,22.490463
911474688,52435.0,-0.005482,0.039279,0.000706,-0.480469,0.0,0.9745,0.997,0.003094,0.003202,0.003786,12.554413,24.689747
912261120,52450.7,-0.006672,0.040235,0.000619,-0.470703,0.0,0.9746,0.9976,0.003241,0.003759,0.004714,12.356543,25.683722
913047552,52463.8,-0.002638,0.040054,0.000597,-0.494141,0.0,0.9746,0.9974,0.004778,0.005013,0.005053,11.499925,25.485901
913833984,52476.9,-0.005721,0.033758,0.000481,-0.498047,0.0,0.9745,0.9974,0.002788,0.004628,0.004075,11.920794,25.017441
914620416,52442.0,0.002511,0.049806,0.000535,-0.472656,0.0,0.9749,0.9978,0.003448,0.003704,0.004381,11.973472,24.610846
915406848,52454.7,0.002906,0.037834,0.000634,-0.451172,0.0,0.9749,0.9977,0.003935,0.003937,0.004245,11.796575,25.009842
916193280,52467.4,0.003358,0.030753,0.000569,-0.433594,0.0,0.9751,0.9978,0.002933,0.003289,0.003546,11.216887,25.485609
916979712,52448.0,-0.008415,0.032625,0.000557,-0.427734,0.0,0.9753,0.9984,0.004491,0.003391,0.004049,11.19529,29.025831
917766144,52460.6,-0.006381,0.038463,0.000457,-0.470703,0.0,0.9755,0.9984,0.003401,0.003438,0.004808,10.779172,24.987434
918552576,52473.1,-0.005438,0.029096,0.000633,-0.457031,0.0,0.9757,0.9983,0.002781,0.003186,0.003634,11.468052,24.237158
919339008,52485.8,-0.002462,0.028774,0.000497,-0.476562,0.0,0.9758,0.9985,0.002888,0.003469,0.003992,11.501716,24.004959
920125440,52455.6,-0.001038,0.032778,0.000518,-0.449219,0.0,0.9761,0.9992,0.003053,0.003014,0.003684,11.658031,25.021742
920911872,52470.6,-0.006759,0.025401,0.000618,-0.458984,0.0,0.9761,0.9993,0.003247,0.002949,0.003859,11.160224,24.861809
921698304,52483.7,-0.006639,0.021806,0.00055,-0.457031,0.0,0.9764,0.9998,0.003526,0.003346,0.00446,11.449763,24.518871
922484736,52496.8,-0.001463,0.019182,0.000572,-0.427734,0.0,0.9767,1.0006,0.002854,0.003072,0.003504,11.192636,24.652386
923271168,52478.1,-0.002647,0.045609,0.000529,-0.455078,0.0,0.9767,1.0005,0.004125,0.0039,0.004494,11.16255,24.937437
924057600,52491.1,0.004898,0.031988,0.000489,-0.462891,0.0,0.9768,1.0006,0.003308,0.003717,0.004123,11.390268,24.41301
924844032,52503.8,-0.004672,0.031262,0.000444,-0.464844,0.0,0.9767,1.0007,0.003311,0.0033,0.004454,10.9706,24.236919
925630464,52469.3,-0.004042,0.046966,0.000502,-0.484375,0.0,0.9771,1.0016,0.002851,0.003454,0.003888,11.914165,25.59462
926416896,52483.4,-0.00056,0.041508,0.000496,-0.507812,0.0,0.977,1.0018,0.003594,0.003799,0.004746,12.045691,23.703779
927203328,52497.2,-0.004579,0.02885,0.000528,-0.503906,0.0,0.9771,1.0021,0.003371,0.003635,0.004357,12.208894,23.393414
927989760,52509.6,0.003029,0.026277,0.000606,-0.511719,0.0,0.9769,1.002,0.002758,0.003002,0.00355,11.842388,23.963148
928776192,52484.5,-0.002431,0.037172,0.000488,-0.507812,0.0,0.977,1.0029,0.00323,0.00358,0.003738,12.582322,24.951591
929562624,52497.1,-0.004104,0.033161,0.000565,-0.460938,0.0,0.9767,1.0028,0.003351,0.003738,0.004118,12.380029,24.940536
930349056,52509.5,-0.005926,0.036528,0.000553,-0.464844,0.0,0.9762,1.002,0.00376,0.004059,0.004342,11.279556,25.071232
931135488,52489.0,-0.005025,0.038428,0.000451,-0.449219,0.0,0.9761,1.002,0.003153,0.003551,0.003593,11.023276,23.949682
931921920,52501.9,-0.006353,0.028911,0.00051,-0.453125,0.0,0.9757,1.0024,0.002826,0.00387,0.004,11.047069,24.967342
932708352,52515.2,0.000506,0.027029,0.000469,-0.449219,0.0,0.9752,1.0026,0.002929,0.00381,0.003895,11.786943,25.351654
933494784,52527.8,-0.004373,0.02575,0.000591,-0.457031,0.0,0.9748,1.0026,0.002432,0.003293,0.004228,11.245997,25.632828
934281216,52505.0,-0.012431,0.030455,0.000626,-0.455078,0.0,0.975,1.0033,0.003227,0.003443,0.004692,11.361599,26.149509
935067648,52517.6,-0.000115,0.029764,0.000555,-0.486328,0.0,0.9747,1.0034,0.002831,0.003173,0.003562,12.012286,24.862514
935854080,52530.8,-0.002819,0.027152,0.000597,-0.470703,0.0,0.9744,1.0031,0.002737,0.003025,0.003698,11.954662,24.454071
936640512,52510.6,-0.003774,0.0386,0.000597,-0.451172,0.0,0.9741,1.0032,0.003074,0.003269,0.003573,12.575138,25.08662
937426944,52522.3,-0.005957,0.027399,0.000575,-0.447266,0.0,0.9737,1.0025,0.003044,0.003191,0.003831,11.906493,26.43631
938213376,52536.3,-0.005662,0.026878,0.000611,-0.433594,0.0,0.9725,1.001,0.003597,0.002868,0.00397,11.696638,26.800842
938999808,52549.2,-0.00034,0.026638,0.000619,-0.419922,0.0,0.9719,1.0002,0.004426,0.002675,0.003634,10.480482,26.678104
939786240,52521.6,-0.001907,0.033912,0.000517,-0.414062,0.0,0.9713,0.9995,0.003497,0.002745,0.003779,10.463737,24.885906
940572672,52536.3,-0.004334,0.01986,0.000505,-0.443359,0.0,0.9707,0.9992,0.002729,0.003234,0.003798,10.636716,24.855032
941359104,52549.6,-0.008572,0.021253,0.000531,-0.443359,0.0,0.97,0.9984,0.003022,0.002926,0.003567,11.522189,25.251591
942145536,52526.3,-0.008303,0.025595,0.000773,-0.429688,0.0,0.9696,0.9984,0.002899,0.002535,0.003266,11.593817,28.704514
942931968,52540.2,-0.002925,0.021966,0.00048,-0.4375,0.0,0.9697,0.9989,0.00396,0.002554,0.003513,10.813839,25.87825
943718400,52552.8,-0.003307,0.020984,0.00045,-0.435547,0.0,0.9695,0.9992,0.003135,0.002833,0.003806,10.768943,24.888977
944504832,52564.5,-0.00792,0.021344,0.000608,-0.431641,0.0,0.9695,0.9996,0.003049,0.003063,0.003761,11.136858,25.160711
945291264,52542.3,-0.004593,0.033999,0.000553,-0.431641,0.0,0.9692,0.9994,0.003943,0.003034,0.004117,11.305941,26.554281
946077696,52555.7,-0.008062,0.034643,0.0006,-0.431641,0.0,0.969,0.9993,0.003489,0.003336,0.004168,11.39095,26.921629
946864128,52567.8,-0.008398,0.028498,0.000642,-0.414062,0.0,0.9684,0.9982,0.00311,0.003107,0.003844,11.268296,27.125141
947650560,52579.8,0.004449,0.028269,0.000632,-0.421875,0.0,0.968,0.9976,0.002375,0.002899,0.003532,10.329886,25.021572
948436992,52553.3,0.000725,0.039336,0.000678,-0.414062,0.0,0.9681,0.9972,0.003506,0.00349,0.003978,10.766363,26.049301
949223424,52564.7,-0.000884,0.030948,0.000701,-0.427734,0.0,0.9681,0.9971,0.003286,0.00368,0.004924,10.716775,24.919815
950009856,52576.4,-0.001651,0.027218,0.000603,-0.417969,0.0,0.9683,0.9979,0.002943,0.003132,0.003836,10.9287,25.744947
950796288,52548.0,-0.003522,0.042013,0.000657,-0.435547,0.0,0.9685,0.9978,0.00338,0.002837,0.004019,10.919913,26.668545
951582720,52559.6,-0.003732,0.043084,0.000583,-0.453125,0.0,0.9685,0.9971,0.003117,0.003499,0.004515,11.12609,24.384167
952369152,52572.6,-0.010175,0.029436,0.000546,-0.443359,0.0,0.9683,0.9961,0.003487,0.003063,0.003737,10.911416,23.233244
953155584,52584.7,-0.00253,0.031562,0.000473,-0.451172,0.0,0.9682,0.9961,0.002905,0.003118,0.003659,10.978899,24.778847
953942016,52549.0,0.002339,0.031494,0.000474,-0.429688,0.0,0.9683,0.9964,0.003694,0.002781,0.003649,10.976789,23.985729
954728448,52561.1,-0.006409,0.023057,0.000504,-0.431641,0.0,0.9683,0.9964,0.003839,0.002947,0.004159,10.753245,24.266485
955514880,52573.5,-0.011968,0.018401,0.000537,-0.435547,0.0,0.9685,0.9967,0.003201,0.00248,0.003887,10.765931,25.417236
956301312,52552.0,-0.002671,0.030133,0.00051,-0.425781,0.0,0.9685,0.9976,0.003058,0.002859,0.00352,10.302608,23.428808
957087744,52565.8,0.00326,0.029186,0.000547,-0.443359,0.0,0.9686,0.9982,0.005563,0.003508,0.004425,10.626587,23.907286
957874176,52579.6,-0.003703,0.020193,0.000592,-0.4375,0.0,0.9694,0.9998,0.0032,0.003022,0.00362,10.637844,23.796902
958660608,52590.5,-0.004637,0.017086,0.000559,-0.431641,0.0,0.9697,1.0007,0.004,0.003155,0.003609,10.749494,24.241928
959447040,52564.6,0.000392,0.033801,0.000552,-0.427734,0.0,0.9702,1.0011,0.003396,0.002881,0.003438,10.67853,26.641073
960233472,52576.8,-0.004343,0.022388,0.000543,-0.425781,0.0,0.9711,1.0022,0.003952,0.002776,0.00354,11.156854,26.000639
961019904,52589.8,0.001019,0.028353,0.000492,-0.439453,0.0,0.9718,1.0025,0.003698,0.003098,0.003758,10.843469,25.401928
961806336,52567.2,-0.008003,0.035734,0.000559,-0.431641,0.0,0.972,1.0028,0.003848,0.002981,0.003516,12.483057,25.246176
962592768,52580.2,0.000185,0.046853,0.000485,-0.464844,0.0,0.9719,1.002,0.003845,0.003632,0.004599,11.687548,25.988167
963379200,52593.5,0.00341,0.035691,0.000563,-0.462891,0.0,0.9716,1.0014,0.004212,0.00389,0.00451,11.491569,25.669693
964165632,52606.9,0.004002,0.033516,0.000487,-0.472656,0.0,0.9715,1.0008,0.003103,0.003317,0.004227,11.368756,25.677679
964952064,52584.3,-0.003814,0.043833,0.000591,-0.462891,0.0,0.9717,1.0013,0.004771,0.003079,0.003804,11.281174,23.650291
965738496,52597.4,0.000328,0.036975,0.000525,-0.466797,0.0,0.9715,1.001,0.003456,0.0037,0.004025,11.912392,24.803131
966524928,52609.7,-0.006304,0.036635,0.000574,-0.462891,0.0,0.9714,1.0009,0.003366,0.003684,0.00392,12.043119,25.355001
967311360,52581.2,-0.004401,0.032057,0.000548,-0.462891,0.0,0.9715,1.001,0.002826,0.002849,0.003423,11.754556,27.80061
968097792,52594.1,-0.001422,0.03193,0.000483,-0.492188,0.0,0.9722,1.0022,0.003616,0.002984,0.004251,11.502692,26.394669
968884224,52605.5,-0.005998,0.020503,0.000514,-0.46875,0.0,0.9726,1.003,0.002568,0.002645,0.003921,12.299271,24.667297
969670656,52618.5,0.000703,0.027463,0.000531,-0.458984,0.0,0.9728,1.0038,0.002477,0.002716,0.003423,12.23185,26.581999
970457088,52593.1,-0.005012,0.035947,0.000583,-0.466797,0.0,0.9733,1.0048,0.002706,0.003026,0.003895,12.501877,26.602192
971243520,52602.8,-0.002836,0.027276,0.000536,-0.455078,0.0,0.9732,1.0042,0.0031,0.002847,0.003395,12.483176,26.623211
972029952,52612.2,-0.001191,0.022367,0.000805,-0.435547,0.0,0.9737,1.0048,0.00249,0.00308,0.003335,11.755039,26.215811
972816384,52624.7,-0.000498,0.022447,0.000682,-0.421875,0.0,0.9736,1.0046,0.002352,0.002667,0.003441,10.53492,26.48255
973602816,52578.5,-0.00555,0.038,0.000587,-0.425781,0.0,0.9732,1.0038,0.003345,0.003584,0.004574,11.045794,25.291241
974389248,52588.4,-0.003996,0.030707,0.000682,-0.433594,0.0,0.9725,1.0024,0.003117,0.00358,0.004527,11.071775,24.577724
975175680,52598.2,-0.006461,0.02566,0.000744,-0.429688,0.0,0.972,1.0012,0.00288,0.003325,0.00398,10.702434,25.021505
975962112,52564.8,-0.002265,0.033674,0.000634,-0.416016,0.0,0.9713,1.0,0.003012,0.002601,0.003709,10.319936,24.882915
976748544,52575.3,-0.001326,0.0362,0.000504,-0.4375,0.0,0.9712,0.9996,0.003723,0.003191,0.004859,10.374171,24.950302
977534976,52586.0,-0.001122,0.026061,0.000515,-0.439453,0.0,0.9707,0.9984,0.003015,0.002936,0.004299,10.63632,23.915472
978321408,52598.3,-0.005134,0.021212,0.000572,-0.433594,0.0,0.9702,0.9973,0.003256,0.002814,0.003783,10.710007,24.517172
979107840,52574.4,-0.003058,0.033369,0.000524,-0.416016,0.0,0.9699,0.997,0.003027,0.003314,0.003895,10.959689,25.188137
979894272,52585.0,0.000191,0.026014,0.000548,-0.410156,0.0,0.9694,0.9962,0.002858,0.003519,0.003929,10.569817,26.434372
980680704,52595.8,-0.008872,0.022779,0.00059,-0.423828,0.0,0.9691,0.9959,0.002925,0.002931,0.003636,10.999472,27.547354
981467136,52568.8,-0.003445,0.033956,0.000566,-0.410156,0.0,0.9689,0.996,0.00273,0.003095,0.003511,11.201563,26.585278
982253568,52580.1,-0.006561,0.026731,0.000699,-0.404297,0.0,0.9685,0.9957,0.003946,0.002846,0.003767,11.206522,27.085163
983040000,52592.8,-0.007083,0.026599,0.000671,-0.400391,0.0,0.9683,0.9957,0.002652,0.002961,0.003409,10.966751,27.646856
983826432,52604.9,2.8e-05,0.021626,0.000637,-0.398438,0.0,0.968,0.9957,0.002881,0.002603,0.003603,11.065994,27.857025
984612864,52587.1,-0.006847,0.035502,0.000578,-0.433594,0.0,0.9681,0.996,0.003114,0.002662,0.003636,11.340631,28.367804
985399296,52599.9,-0.004558,0.029798,0.000617,-0.455078,0.0,0.9681,0.9964,0.002799,0.003084,0.003999,11.842667,25.773649
986185728,52612.7,-0.003118,0.022768,0.000671,-0.439453,0.0,0.9682,0.9969,0.00292,0.002976,0.003602,11.6226,24.991028
986972160,52585.3,-0.000749,0.028718,0.000858,-0.402344,0.0,0.968,0.997,0.002744,0.002583,0.003405,11.641694,25.778778
987758592,52595.5,0.000991,0.029838,0.000515,-0.416016,0.0,0.9675,0.9963,0.005867,0.002874,0.004381,11.809878,28.404003
988545024,52608.2,-0.000763,0.022744,0.000748,-0.435547,0.0,0.9675,0.9964,0.004623,0.002711,0.004685,11.092153,26.760376
989331456,52621.1,-0.000798,0.017217,0.000761,-0.423828,0.0,0.967,0.9962,0.002551,0.002604,0.003425,11.474072,28.05032
990117888,52601.0,0.000103,0.034224,0.000556,-0.427734,0.0,0.967,0.9964,0.003415,0.002828,0.003514,11.710904,27.258734
990904320,52613.6,-0.002942,0.031345,0.000636,-0.435547,0.0,0.9667,0.9965,0.003088,0.00345,0.004179,11.843451,27.489883
991690752,52623.3,-0.003394,0.033069,0.000736,-0.417969,0.0,0.9666,0.9966,0.00361,0.003316,0.003919,11.658548,26.783195
992477184,52570.1,-0.003372,0.031972,0.000584,-0.421875,0.0,0.9667,0.9973,0.003157,0.002859,0.003529,12.408924,28.728659
993263616,52580.0,-0.004806,0.033699,0.000699,-0.447266,0.0,0.9669,0.997,0.004028,0.003813,0.004036,11.305315,27.16415
994050048,52590.9,-0.001736,0.032928,0.000641,-0.460938,0.0,0.9678,0.9983,0.003245,0.003524,0.004107,11.363856,25.13728
994836480,52603.0,-0.001925,0.038946,0.000507,-0.464844,0.0,0.9687,0.9995,0.003561,0.00336,0.004375,12.02625,24.915539
995622912,52581.1,-0.006093,0.039845,0.000517,-0.451172,0.0,0.9699,1.0008,0.003741,0.003311,0.004303,11.694961,24.108212
996409344,52591.2,0.001174,0.031994,0.000509,-0.435547,0.0,0.9701,1.0013,0.004632,0.003099,0.004473,10.960412,24.75704
997195776,52602.7,0.002842,0.026537,0.0006,-0.439453,0.0,0.9706,1.0023,0.003565,0.003232,0.004001,10.52785,24.143978
997982208,52614.5,-0.006725,0.022408,0.000502,-0.441406,0.0,0.97,1.0018,0.004542,0.002951,0.003822,10.769384,25.113983
998768640,52592.2,0.000474,0.038029,0.000522,-0.419922,0.0,0.9702,1.0021,0.004497,0.003221,0.004281,10.644738,24.401159
999555072,52604.6,-0.005942,0.025375,0.000585,-0.416016,0.0,0.9704,1.002,0.003713,0.002954,0.004007,11.203665,25.233719
1000341504,52617.2,-0.009614,0.018757,0.000675,-0.414062,0.0,0.9706,1.0023,0.003024,0.002676,0.003775,11.253667,26.711096
1001127936,50935.5,-0.002496,0.035197,0.000798,-0.400391,0.0,0.9712,1.0034,0.003185,0.002873,0.003381,10.959874,27.889425
1001914368,50946.9,-0.002972,0.027644,0.000577,-0.412109,0.0,0.9716,1.0036,0.003149,0.003864,0.003721,10.601506,27.806072
1002700800,50958.2,-0.010554,0.028148,0.000598,-0.412109,0.0,0.9716,1.0038,0.003844,0.003762,0.003912,10.921631,26.145294
1003487232,50969.9,-0.011903,0.027749,0.000565,-0.423828,0.0,0.9717,1.0038,0.003862,0.003182,0.00356,11.045968,25.854239
1004273664,50951.7,-0.001437,0.048924,0.000639,-0.427734,0.0,0.9713,1.003,0.004164,0.003002,0.004719,11.344518,25.570492
1005060096,50965.1,-0.007823,0.034838,0.000519,-0.443359,0.0,0.9711,1.0023,0.003784,0.00313,0.004249,10.957059,25.598394
1005846528,50976.8,-0.009212,0.029683,0.000513,-0.449219,0.0,0.9712,1.0021,0.00412,0.002995,0.004168,11.410802,26.269928
1006632960,50951.6,-0.006679,0.036135,0.000499,-0.441406,0.0,0.9709,1.0015,0.004233,0.003027,0.004063,10.779357,23.870159
1007419392,50963.0,-0.0001,0.029685,0.000465,-0.433594,0.0,0.9708,1.0015,0.004486,0.003419,0.004523,11.137256,24.505468
1008205824,50973.5,-0.001213,0.024304,0.000486,-0.417969,0.0,0.9706,1.0016,0.003808,0.003383,0.003712,10.851415,24.859571
1008992256,50985.8,-0.001865,0.027718,0.000745,-0.427734,0.0,0.9702,1.0007,0.002999,0.003092,0.003557,10.913054,25.50803
1009778688,50966.6,0.00659,0.031896,0.000682,-0.431641,0.0,0.9706,1.0014,0.003114,0.00277,0.003887,11.110787,25.758087
1010565120,50978.6,-0.002765,0.02569,0.00055,-0.427734,0.0,0.9707,1.0019,0.002803,0.003036,0.004355,10.770645,24.498373
1011351552,50989.4,-0.003833,0.027107,0.000621,-0.429688,0.0,0.9709,1.0024,0.002763,0.003083,0.003887,10.867428,24.868229
1012137984,50957.6,-0.003185,0.029891,0.000546,-0.427734,0.0,0.971,1.0027,0.003186,0.003046,0.003694,10.570005,23.678333
1012924416,50968.3,-0.000735,0.023549,0.000523,-0.417969,0.0,0.9711,1.0034,0.003045,0.002776,0.004101,10.77945,25.558819
1013710848,50980.2,-0.002764,0.020096,0.000524,-0.408203,0.0,0.9712,1.0041,0.002448,0.002785,0.003684,10.596591,25.787891
1014497280,50991.3,-0.001314,0.021381,0.00053,-0.414062,0.0,0.9714,1.0055,0.003227,0.002597,0.003601,9.939761,25.806713
1015283712,50967.4,-0.00165,0.042497,0.000667,-0.414062,0.0,0.9714,1.0054,0.003217,0.003141,0.00363,10.476651,25.4198
1016070144,50980.2,-0.002624,0.032036,0.000733,-0.423828,0.0,0.9719,1.0055,0.003265,0.002927,0.003527,10.292546,25.224285
1016856576,50992.3,1.6e-05,0.031222,0.000663,-0.435547,0.0,0.972,1.0047,0.003113,0.002618,0.003517,11.200332,24.92639
1017643008,50971.2,0.00642,0.037105,0.000594,-0.443359,0.0,0.9724,1.005,0.003307,0.002832,0.00343,12.140861,26.874495
1018429440,50981.4,-0.00452,0.029757,0.000437,-0.431641,0.0,0.9728,1.0057,0.004156,0.003037,0.004185,10.901855,25.260231
1019215872,50994.0,-0.002328,0.028755,0.000493,-0.417969,0.0,0.9729,1.0055,0.004008,0.003503,0.0039,10.572649,24.971502
1020002304,51005.1,-0.001218,0.03026,0.00049,-0.400391,0.0,0.9726,1.0044,0.003,0.003459,0.004437,9.89686,25.028067
1020788736,50988.1,-0.005419,0.042592,0.000592,-0.408203,0.0,0.9727,1.0042,0.002984,0.003668,0.00472,10.258665,25.570675
1021575168,50999.1,0.000626,0.0331,0.000605,-0.410156,0.0,0.9727,1.0045,0.003817,0.004364,0.004086,10.45015,25.161184
1022361600,51010.2,-0.004249,0.036767,0.00048,-0.435547,0.0,0.9731,1.0049,0.003847,0.004695,0.004211,10.524228,25.569601
1023148032,51022.7,-0.00476,0.029534,0.000539,-0.4375,0.0,0.9732,1.005,0.003301,0.004472,0.004349,10.639119,25.652815
1023934464,50996.6,0.003033,0.029719,0.000533,-0.429688,0.0,0.9735,1.0058,0.002881,0.002661,0.00342,10.303945,24.227898
1024720896,51008.2,-0.00095,0.028301,0.000455,-0.445312,0.0,0.9742,1.0071,0.002852,0.002829,0.003564,10.754146,24.466909
1025507328,51021.1,-0.001368,0.021252,0.000487,-0.449219,0.0,0.9748,1.0085,0.002866,0.002964,0.003582,11.169954,24.394583
1026293760,51005.7,-0.002806,0.025866,0.000486,-0.425781,0.0,0.9754,1.0095,0.002311,0.002518,0.003058,12.234985,26.173122
1027080192,51019.9,-0.010674,0.019737,0.000508,-0.439453,0.0,0.9758,1.0106,0.00463,0.002846,0.003963,10.948747,26.328728
1027866624,51032.4,-0.0007,0.021139,0.000437,-0.458984,0.0,0.9764,1.0115,0.003185,0.002985,0.00364,11.212077,24.095989
1028653056,51044.5,-0.002052,0.022177,0.000669,-0.458984,0.0,0.9763,1.0115,0.003604,0.00297,0.003591,10.849335,23.655579
1029439488,51013.2,-0.002756,0.036015,0.00062,-0.457031,0.0,0.9766,1.0118,0.003719,0.002739,0.00395,11.873832,25.418045
1030225920,51024.0,-0.007646,0.030091,0.000659,-0.464844,0.0,0.9765,1.0112,0.003309,0.003035,0.004406,11.805803,25.046293
1031012352,51034.0,-0.003022,0.021215,0.000545,-0.449219,0.0,0.9763,1.0106,0.002891,0.002648,0.003718,11.799959,26.110531
1031798784,51014.5,0.001993,0.033791,0.000539,-0.449219,0.0,0.9762,1.0106,0.00284,0.002847,0.004077,10.52242,24.102222
1032585216,51025.5,0.001022,0.025935,0.000503,-0.453125,0.0,0.9763,1.0103,0.003578,0.002745,0.004269,10.848753,24.077736
1033371648,51037.7,-0.005097,0.020582,0.000538,-0.453125,0.0,0.9762,1.01,0.002698,0.002992,0.003835,11.312504,24.055746
1034158080,51049.9,-0.003334,0.021126,0.000548,-0.453125,0.0,0.9765,1.0109,0.002556,0.003278,0.003589,10.764917,24.350288
1034944512,51017.1,-0.009228,0.030411,0.000476,-0.453125,0.0,0.9767,1.0113,0.003616,0.002675,0.003566,10.403063,23.899221
1035730944,51029.7,-0.001319,0.020672,0.000772,-0.458984,0.0,0.9771,1.0122,0.002893,0.002642,0.003848,10.345434,23.453985
1036517376,51040.1,-0.004138,0.020691,0.000503,-0.474609,0.0,0.9771,1.012,0.003415,0.003085,0.003985,10.691954,23.046408
1037303808,51016.6,0.004047,0.03184,0.000457,-0.458984,0.0,0.9776,1.0132,0.002991,0.002599,0.003505,11.50061,23.048649
1038090240,51027.6,0.002593,0.025909,0.000505,-0.484375,0.0,0.9776,1.0137,0.003288,0.003346,0.003806,11.778508,23.887276
1038876672,51037.3,0.000954,0.028005,0.000442,-0.472656,0.0,0.9776,1.0144,0.002622,0.003082,0.003667,12.357144,24.711132
1039663104,51044.5,0.00302,0.030089,0.00041,-0.476562,0.0,0.9778,1.0151,0.003205,0.003635,0.003734,12.054885,25.859381
1040449536,51023.4,-0.001894,0.029897,0.000496,-0.470703,0.0,0.9784,1.0161,0.002904,0.003031,0.003974,11.79682,23.455418
1041235968,51036.1,-0.000595,0.025283,0.000475,-0.478516,0.0,0.9788,1.0166,0.003035,0.003099,0.004001,11.879212,24.393112
1042022400,51048.8,-0.004296,0.022228,0.000493,-0.474609,0.0,0.979,1.0165,0.003035,0.00267,0.003428,11.503751,24.803696
1042808832,51033.7,-0.001412,0.02933,0.000487,-0.462891,0.0,0.9789,1.0162,0.002842,0.002403,0.003398,13.443859,26.854528
1043595264,51045.9,-0.011736,0.028255,0.000487,-0.457031,0.0,0.979,1.016,0.00358,0.003169,0.004286,12.132869,26.410156
1044381696,51058.3,-0.001381,0.031603,0.00054,-0.457031,0.0,0.9787,1.0147,0.003253,0.002885,0.00424,11.382954,25.183401
1045168128,51070.3,-0.002489,0.026433,0.000486,-0.46875,0.0,0.9787,1.0141,0.003269,0.003055,0.0039,11.394146,25.381413
1045954560,51049.6,-0.004778,0.039729,0.000595,-0.460938,0.0,0.9789,1.0142,0.003078,0.002644,0.003777,11.901139,25.475424
1046740992,51061.0,-0.001913,0.030678,0.000593,-0.447266,0.0,0.9787,1.0128,0.003313,0.002616,0.004211,11.967876,26.21188
1047527424,51071.4,-0.001712,0.023863,0.000466,-0.462891,0.0,0.9786,1.0122,0.003104,0.002549,0.00364,11.693645,26.295959
1048313856,51081.9,-0.005774,0.021161,0.00049,-0.460938,0.0,0.979,1.0131,0.003286,0.002563,0.00371,12.216246,25.732801
1049100288,51063.2,-0.004992,0.033981,0.000552,-0.460938,0.0,0.9791,1.0132,0.00363,0.003277,0.005145,12.049348,25.554638
1049886720,51073.2,-0.007356,0.021164,0.000495,-0.449219,0.0,0.9794,1.0136,0.003361,0.002899,0.003799,12.186424,26.113655
1050673152,51085.8,-0.002889,0.024538,0.000508,-0.457031,0.0,0.9795,1.0138,0.002765,0.00241,0.003348,12.014173,25.784409
1051459584,51070.4,-0.000375,0.028623,0.000526,-0.435547,0.0,0.9797,1.0144,0.002542,0.002528,0.003295,11.713538,26.641262
1052246016,51082.6,0.005289,0.028994,0.000555,-0.451172,0.0,0.9801,1.0149,0.003388,0.002782,0.003575,11.049204,26.456203
1053032448,51095.0,0.001924,0.020662,0.000516,-0.460938,0.0,0.9799,1.015,0.002144,0.002575,0.003325,11.015878,24.858313
1053818880,51107.4,-0.004723,0.019852,0.000694,-0.451172,0.0,0.98,1.0159,0.003001,0.002447,0.003391,11.869609,24.953629
1054605312,51093.6,0.000245,0.042074,0.000784,-0.466797,0.0,0.9799,1.0158,0.003897,0.002564,0.004559,11.451708,24.601799
1055391744,51106.1,-0.003541,0.036861,0.000708,-0.480469,0.0,0.9796,1.0155,0.004117,0.002834,0.003521,12.235271,25.348679
1056178176,51117.8,-0.002778,0.028896,0.000647,-0.470703,0.0,0.9794,1.0149,0.003834,0.002581,0.003965,12.39772,26.895269
1056964608,51100.5,0.003642,0.043685,0.000681,-0.470703,0.0,0.9794,1.0147,0.003054,0.002682,0.003694,11.993222,25.798355
1057751040,51110.7,-0.000421,0.030999,0.000631,-0.474609,0.0,0.9796,1.0147,0.002938,0.002563,0.004324,12.587327,25.122478
1058537472,51123.0,-0.003992,0.024639,0.000675,-0.470703,0.0,0.9795,1.0142,0.002809,0.002523,0.003676,12.546454,26.302826
1059323904,51133.4,-0.004045,0.024788,0.000525,-0.464844,0.0,0.9797,1.0146,0.002804,0.002374,0.003535,12.272388,26.371969
1060110336,51122.3,0.002393,0.035638,0.000708,-0.466797,0.0,0.9799,1.0149,0.002393,0.002467,0.003127,12.970175,27.000439
1060896768,51133.1,-0.002274,0.027138,0.000473,-0.472656,0.0,0.9803,1.0155,0.002383,0.002616,0.003391,12.494776,27.454697
1061683200,51144.5,-0.002742,0.026747,0.000595,-0.478516,0.0,0.9804,1.016,0.002352,0.002873,0.003264,12.500391,26.229284
1062469632,51127.7,-0.003688,0.033576,0.000519,-0.484375,0.0,0.9805,1.0164,0.002754,0.002681,0.003476,12.703654,25.293556
1063256064,51138.0,-0.005127,0.036104,0.000591,-0.5,0.0,0.9803,1.0163,0.003386,0.002702,0.004094,14.172356,27.291336
1064042496,51147.5,-0.001132,0.041009,0.000589,-0.486328,0.0,0.9803,1.0159,0.003191,0.002663,0.004038,12.946992,27.07703
1064828928,51157.8,-0.005181,0.040028,0.000691,-0.478516,0.0,0.9802,1.0158,0.003313,0.002955,0.003668,13.126709,27.3309
1065615360,51144.2,-0.002327,0.041243,0.000579,-0.478516,0.0,0.9803,1.0162,0.003251,0.003062,0.003724,11.86398,25.718655
1066401792,51153.7,-0.00755,0.026469,0.000547,-0.494141,0.0,0.9801,1.0158,0.003011,0.003306,0.003592,12.562063,24.65971
1067188224,51164.2,-0.004213,0.023744,0.000695,-0.511719,0.0,0.9801,1.0158,0.002893,0.002549,0.003161,11.87326,24.430737
1067974656,51146.4,-0.002078,0.030743,0.000535,-0.492188,0.0,0.9801,1.0164,0.002926,0.002524,0.00316,13.906026,25.698278
1068761088,51156.6,0.001674,0.030155,0.000533,-0.488281,0.0,0.9801,1.016,0.003685,0.002708,0.0037,11.740005,25.395309
1069547520,51168.7,-0.003674,0.02961,0.000558,-0.482422,0.0,0.9799,1.0151,0.003125,0.002497,0.003754,11.596744,24.421576
1070333952,51180.9,-0.000302,0.023753,0.00057,-0.453125,0.0,0.9798,1.0147,0.003434,0.002696,0.003758,11.037568,24.034466
1071120384,51169.5,-0.003505,0.031469,0.000607,-0.443359,0.0,0.98,1.0148,0.003209,0.002797,0.003855,11.785802,25.011328
1071906816,51179.7,-0.006107,0.021146,0.000737,-0.435547,0.0,0.98,1.0145,0.003498,0.002746,0.003566,11.828443,26.248783
1072693248,51191.2,-0.008567,0.016129,0.000658,-0.410156,0.0,0.9797,1.0142,0.002679,0.002904,0.003244,11.543935,26.682775
1073479680,51174.1,-0.002709,0.024307,0.000626,-0.408203,0.0,0.9802,1.0157,0.002896,0.00224,0.003009,10.947971,27.432194
1074266112,51186.3,0.002247,0.036497,0.000558,-0.427734,0.0,0.9803,1.0158,0.003969,0.00302,0.004749,11.288517,27.029839
1075052544,51198.5,-0.004989,0.026503,0.000514,-0.453125,0.0,0.9804,1.0157,0.003327,0.003224,0.003943,11.279387,25.38275
1075838976,51210.6,-0.000975,0.031948,0.000545,-0.455078,0.0,0.9803,1.0154,0.003604,0.003193,0.003819,11.51523,25.140615
1076625408,51197.2,-0.001482,0.034074,0.000703,-0.443359,0.0,0.9805,1.0159,0.003366,0.003024,0.003863,11.220835,25.868078
1077411840,51208.5,0.001974,0.022557,0.000443,-0.449219,0.0,0.9804,1.0153,0.002931,0.002868,0.003879,10.957339,25.794064
1078198272,51219.8,-0.007255,0.021236,0.000603,-0.457031,0.0,0.9803,1.0148,0.003684,0.003307,0.003555,10.800178,24.311749
1078984704,51229.3,-0.002319,0.021851,0.000472,-0.46875,0.0,0.9801,1.0143,0.003023,0.002772,0.003615,11.315759,24.351421
1079771136,51210.5,0.002159,0.032928,0.000528,-0.466797,0.0,0.9801,1.014,0.003255,0.002645,0.003715,11.620788,24.554861
1080557568,51222.2,-0.006578,0.022599,0.000619,-0.466797,0.0,0.9801,1.0138,0.003413,0.002754,0.003721,12.114294,25.707737
1081344000,51233.8,-0.005642,0.018773,0.000683,-0.464844,0.0,0.9803,1.0142,0.003091,0.002587,0.003543,11.601263,24.766891
1082130432,51217.1,-0.005366,0.031476,0.000496,-0.472656,0.0,0.9807,1.0153,0.002826,0.002697,0.003548,11.624567,25.325134
1082916864,51226.3,0.000714,0.028266,0.000559,-0.488281,0.0,0.9809,1.0159,0.003103,0.002693,0.003666,11.321414,24.130224
1083703296,51237.5,-0.005247,0.024983,0.000698,-0.472656,0.0,0.9809,1.0158,0.003722,0.00299,0.003597,12.09497,24.789745
1084489728,51248.2,-0.002272,0.021447,0.000578,-0.457031,0.0,0.9812,1.0164,0.002702,0.00249,0.003183,11.893092,24.859997
1085276160,51228.8,0.001785,0.032509,0.000602,-0.443359,0.0,0.9811,1.0162,0.00382,0.002423,0.003377,11.937972,26.563908
1086062592,51240.0,-0.005356,0.022905,0.000523,-0.464844,0.0,0.9808,1.0154,0.003828,0.002799,0.004278,10.821021,24.882942
1086849024,51250.4,-0.004986,0.022999,0.000498,-0.46875,0.0,0.9808,1.0155,0.003715,0.002826,0.003627,10.858984,23.414618
1087635456,51237.0,-0.000484,0.033075,0.000482,-0.457031,0.0,0.9808,1.0157,0.002823,0.002406,0.004131,11.090139,21.47221
1088421888,51246.2,-0.003563,0.018034,0.000499,-0.464844,0.0,0.9807,1.016,0.003051,0.002726,0.004147,11.167862,22.66658
1089208320,51255.0,-0.005362,0.018131,0.000465,-0.486328,0.0,0.9805,1.0164,0.002487,0.00267,0.003845,11.454447,24.190872
1089994752,51264.4,-0.005855,0.015382,0.000463,-0.480469,0.0,0.9805,1.0169,0.002742,0.003036,0.003749,11.297668,23.376989
1090781184,51244.6,-0.003227,0.027856,0.000487,-0.486328,0.0,0.9805,1.017,0.002776,0.002968,0.003709,11.042638,23.239311
1091567616,51254.6,-0.006589,0.024501,0.000547,-0.492188,0.0,0.9805,1.017,0.002893,0.003628,0.00446,11.545203,23.355742
1092354048,51265.1,0.001932,0.017658,0.000536,-0.488281,0.0,0.9806,1.018,0.002725,0.003138,0.004142,11.680236,24.755529
1093140480,51248.8,-0.006218,0.025886,0.000545,-0.476562,0.0,0.9809,1.0193,0.002501,0.003016,0.003712,13.384066,25.803892
1093926912,51258.7,-0.004951,0.021932,0.00058,-0.482422,0.0,0.981,1.0198,0.003914,0.002767,0.003883,11.985244,25.411022
1094713344,51268.5,0.001189,0.022403,0.000627,-0.464844,0.0,0.9808,1.0202,0.002564,0.002654,0.003176,11.883459,25.397144
1095499776,51280.3,0.000682,0.02185,0.000595,-0.470703,0.0,0.981,1.0211,0.002732,0.002482,0.003412,11.420577,24.045845
1096286208,51258.8,0.001872,0.028389,0.000603,-0.482422,0.0,0.9811,1.0218,0.003011,0.00253,0.003416,11.37948,23.887342
1097072640,51270.1,-0.000283,0.018537,0.00066,-0.482422,0.0,0.9814,1.0227,0.003376,0.002851,0.003502,11.952522,24.336868
1097859072,51280.1,-0.010106,0.014279,0.000533,-0.482422,0.0,0.9814,1.0234,0.00303,0.002709,0.003425,11.878321,24.629425
1098645504,51259.6,-0.005746,0.02425,0.000542,-0.46875,0.0,0.9815,1.0243,0.002552,0.002827,0.003105,8.148739,25.493877
1099431936,51269.1,-0.001719,0.030334,0.000568,-0.46875,0.0,0.9818,1.0249,0.003924,0.003,0.00348,10.569709,24.834694
1100218368,51279.3,-0.004479,0.03216,0.000508,-0.472656,0.0,0.9817,1.0248,0.004266,0.003387,0.003717,11.455867,24.480991
1101004800,51288.7,8.8e-05,0.029795,0.000422,-0.476562,0.0,0.9817,1.0251,0.003092,0.003179,0.00348,12.296992,24.64093
1101791232,51265.2,-0.005373,0.034651,0.000448,-0.472656,0.0,0.9819,1.0256,0.004322,0.003132,0.003666,12.192822,25.009033
1102577664,51274.0,-0.004225,0.024999,0.000459,-0.478516,0.0,0.9815,1.025,0.003986,0.00266,0.004568,11.635619,25.056555
1103364096,51283.5,-0.008609,0.025088,0.000465,-0.462891,0.0,0.9817,1.0253,0.003587,0.003238,0.004051,11.151982,23.634811
1104150528,51294.2,-0.006473,0.022573,0.000459,-0.458984,0.0,0.9818,1.0262,0.003147,0.00219,0.003373,11.398503,24.896477
1104936960,51277.3,-0.005093,0.034875,0.000533,-0.458984,0.0,0.9818,1.0264,0.003754,0.003316,0.004759,11.834359,25.219963
1105723392,51288.5,0.00091,0.02721,0.000623,-0.458984,0.0,0.982,1.0275,0.003289,0.00275,0.00436,12.148593,25.778044
1106509824,51298.9,-0.005813,0.021051,0.000672,-0.435547,0.0,0.982,1.0274,0.002796,0.002565,0.004098,12.001187,26.429668
1107296256,51282.6,-0.006035,0.032014,0.000593,-0.443359,0.0,0.9822,1.0274,0.002684,0.002589,0.003571,11.052207,25.572723
1108082688,51292.3,0.000296,0.02948,0.000595,-0.449219,0.0,0.982,1.0269,0.002797,0.003706,0.003366,11.58182,25.360855
1108869120,51301.2,-0.006747,0.025963,0.000664,-0.457031,0.0,0.982,1.0268,0.002989,0.003563,0.003312,11.32092,25.586777
1109655552,51310.1,-0.0059,0.01681,0.000565,-0.4375,0.0,0.982,1.0269,0.002374,0.003258,0.002923,12.008336,26.692825
1110441984,51291.6,-0.000163,0.034312,0.000526,-0.429688,0.0,0.9817,1.0262,0.002449,0.002637,0.003132,11.8356,27.683517
1111228416,51301.8,-0.004212,0.017437,0.000594,-0.429688,0.0,0.9815,1.0254,0.002254,0.002486,0.003228,11.510701,27.145573
1112014848,51310.5,-0.000205,0.019457,0.000503,-0.443359,0.0,0.9811,1.0246,0.002414,0.002789,0.003293,11.207485,26.353683
1112801280,51291.3,-0.002867,0.026647,0.000508,-0.449219,0.0,0.9809,1.0241,0.00238,0.002893,0.00389,12.119471,24.946865
1113587712,51302.1,-0.001422,0.018525,0.00049,-0.455078,0.0,0.981,1.0241,0.003117,0.00275,0.003972,12.620096,26.447563
1114374144,51312.3,-0.005216,0.022951,0.000542,-0.453125,0.0,0.9809,1.0242,0.003162,0.003274,0.004019,12.104088,27.022596
1115160576,51322.9,-0.001092,0.019469,0.000559,-0.439453,0.0,0.9809,1.0242,0.002755,0.002465,0.003749,11.746899,26.188452
1115947008,51304.7,-0.007303,0.028813,0.000505,-0.441406,0.0,0.981,1.0242,0.003743,0.002847,0.003806,11.004583,25.341619
1116733440,51314.1,0.002078,0.024329,0.000655,-0.449219,0.0,0.9806,1.0237,0.00336,0.002783,0.004068,10.964141,25.048323
1117519872,51324.4,-0.004632,0.030381,0.00054,-0.427734,0.0,0.9802,1.0231,0.004658,0.002909,0.003497,11.748179,25.871712
1118306304,51305.3,-0.006627,0.03196,0.000576,-0.416016,0.0,0.98,1.0231,0.003814,0.002853,0.003757,10.563538,27.347464
1119092736,51313.9,-0.006349,0.018979,0.000575,-0.386719,0.0,0.98,1.0231,0.003791,0.002279,0.003542,10.687891,27.978727
1119879168,51323.5,-0.005262,0.017328,0.000543,-0.396484,0.0,0.98,1.023,0.003404,0.002629,0.003453,10.746765,27.904165
1120665600,51334.1,-0.000909,0.017593,0.000566,-0.396484,0.0,0.9802,1.0237,0.002807,0.002396,0.003335,11.061647,28.020834
1121452032,51321.5,-0.004651,0.029654,0.000572,-0.40625,0.0,0.9805,1.0242,0.003258,0.002775,0.00351,11.083018,26.709082
1122238464,51330.2,-0.003448,0.021878,0.00056,-0.433594,0.0,0.9806,1.0241,0.002937,0.00328,0.003803,11.392338,27.161678
1123024896,51339.1,0.002523,0.022856,0.000534,-0.443359,0.0,0.9808,1.0242,0.002838,0.002584,0.003291,12.204597,27.334713
1123811328,51319.0,-0.0058,0.025053,0.000531,-0.453125,0.0,0.9809,1.0241,0.002509,0.002534,0.003311,9.398175,28.884014
1124597760,51329.0,-0.003206,0.019133,0.000589,-0.455078,0.0,0.9811,1.0241,0.002976,0.003195,0.004198,12.15978,25.2827
1125384192,51339.0,-0.006195,0.017696,0.000664,-0.462891,0.0,0.9812,1.0239,0.00321,0.003261,0.004004,11.551771,25.626556
1126170624,51347.4,-0.006493,0.016962,0.000519,-0.460938,0.0,0.9813,1.0237,0.00342,0.002496,0.003562,11.808142,25.422552
1126957056,51330.7,0.002629,0.029697,0.000536,-0.429688,0.0,0.9815,1.0236,0.003034,0.002654,0.00319,11.851968,27.360739
1127743488,51340.7,-0.008607,0.026486,0.000571,-0.425781,0.0,0.9813,1.0221,0.002932,0.002738,0.003604,11.192098,26.994823
1128529920,51351.5,0.002697,0.02764,0.000512,-0.421875,0.0,0.9814,1.0224,0.00288,0.002367,0.003717,10.215829,25.396994
1129316352,51361.0,-0.006696,0.020693,0.00053,-0.425781,0.0,0.9817,1.0229,0.002955,0.002671,0.003846,10.443015,25.531406
1130102784,51333.1,-0.00869,0.033823,0.000612,-0.435547,0.0,0.9815,1.0225,0.003566,0.00265,0.003652,10.980629,24.277431
1130889216,51343.8,-0.007241,0.023535,0.000576,-0.4375,0.0,0.9814,1.0221,0.003592,0.002346,0.003921,10.899983,24.771917
1131675648,51354.8,-0.007312,0.022136,0.000552,-0.439453,0.0,0.9812,1.0217,0.003407,0.002459,0.003713,10.898991,25.024252
1132462080,51330.9,-0.006235,0.030066,0.000555,-0.431641,0.0,0.9813,1.0217,0.002763,0.002601,0.003504,11.01279,25.327057
1133248512,51341.5,-0.003673,0.024464,0.000535,-0.421875,0.0,0.9812,1.0214,0.003349,0.002789,0.00363,10.770548,25.305267
1134034944,51352.3,-0.003155,0.019474,0.000577,-0.431641,0.0,0.9813,1.021,0.002986,0.002556,0.003696,10.933337,25.658186
1134821376,51363.0,-0.00376,0.017192,0.000584,-0.423828,0.0,0.9817,1.0214,0.00253,0.00275,0.003617,11.376517,25.616009
1135607808,51333.3,-0.004026,0.035568,0.000538,-0.423828,0.0,0.9818,1.0213,0.002741,0.003004,0.003955,11.206386,26.22727
1136394240,51342.0,0.003759,0.026161,0.000574,-0.435547,0.0,0.9818,1.021,0.002779,0.003419,0.003677,10.587256,25.637014
1137180672,51351.6,-0.003938,0.024789,0.000566,-0.435547,0.0,0.9818,1.0206,0.002642,0.002821,0.00334,10.748712,25.013668
1137967104,51336.7,-0.003552,0.035212,0.000542,-0.443359,0.0,0.9816,1.0201,0.002196,0.002574,0.003217,10.921787,23.041973
1138753536,51345.3,0.001311,0.029965,0.000517,-0.460938,0.0,0.9814,1.0199,0.003232,0.003421,0.004109,10.8913,23.489117
1139539968,51356.1,0.002087,0.025846,0.000523,-0.46875,0.0,0.981,1.019,0.00276,0.003525,0.004396,11.010015,24.610668
1140326400,51367.2,-0.004157,0.023336,0.000574,-0.458984,0.0,0.9809,1.0192,0.002924,0.002867,0.003736,11.373859,23.827305
1141112832,51352.1,-0.003137,0.030985,0.000486,-0.447266,0.0,0.9807,1.0191,0.003971,0.003092,0.004404,11.007014,24.200649
1141899264,51363.0,-0.002818,0.022777,0.000524,-0.455078,0.0,0.9803,1.0181,0.003415,0.003085,0.003926,11.043152,24.330029
1142685696,51374.2,-0.005667,0.020277,0.000558,-0.46875,0.0,0.98,1.0173,0.003025,0.002677,0.003759,11.315971,24.899603
1143472128,51360.9,-0.001468,0.026367,0.000645,-0.458984,0.0,0.9797,1.0168,0.003096,0.002464,0.003444,12.968334,26.660545
1144258560,51369.4,0.004767,0.020894,0.000567,-0.462891,0.0,0.9796,1.0165,0.003222,0.002304,0.003745,13.145592,28.089546
1145044992,51377.9,-0.001977,0.015549,0.000579,-0.449219,0.0,0.9794,1.0164,0.002407,0.00242,0.003384,12.051752,27.561117
1145831424,51387.6,-0.005625,0.015737,0.000573,-0.433594,0.0,0.9794,1.0169,0.002109,0.002003,0.00268,12.857897,29.054585
1146617856,51372.8,-0.001601,0.028482,0.000609,-0.427734,0.0,0.9795,1.0171,0.002776,0.002446,0.003295,12.57564,27.066198
1147404288,51383.8,-0.0015,0.017723,0.000587,-0.433594,0.0,0.9796,1.0169,0.003041,0.002566,0.003572,11.802976,27.407248
1148190720,51394.5,0.005283,0.018338,0.000591,-0.439453,0.0,0.98,1.0177,0.002719,0.002675,0.003205,12.424013,27.998058
1148977152,51381.5,-0.002464,0.031268,0.000655,-0.443359,0.0,0.9803,1.0181,0.003094,0.002338,0.00328,9.766067,29.37302
1149763584,51392.7,0.000182,0.027644,0.000612,-0.453125,0.0,0.9806,1.0184,0.003551,0.002827,0.004175,11.508001,26.196089
1150550016,51403.3,0.005628,0.019119,0.00061,-0.457031,0.0,0.9807,1.0189,0.002703,0.002435,0.003542,11.99674,26.152306
1151336448,51414.5,-0.001496,0.016851,0.000644,-0.451172,0.0,0.9806,1.0195,0.003111,0.002285,0.003415,12.000356,26.365248
1152122880,51397.5,-0.003072,0.028255,0.000619,-0.447266,0.0,0.9808,1.0202,0.003647,0.002482,0.003612,12.439661,27.361374
1152909312,51408.6,-0.008066,0.025547,0.000611,-0.447266,0.0,0.9806,1.0192,0.003229,0.002324,0.003612,11.6161,26.031986
1153695744,51419.6,-0.004603,0.020387,0.000592,-0.451172,0.0,0.9806,1.0189,0.003248,0.002482,0.003206,11.073473,25.672108
1154482176,51430.4,-0.008888,0.022128,0.000647,-0.445312,0.0,0.9807,1.019,0.002801,0.002337,0.003258,11.806942,25.191177
1155268608,51418.6,-0.007896,0.033068,0.000563,-0.441406,0.0,0.9807,1.0192,0.003251,0.002949,0.00386,11.184261,24.354881
1156055040,51429.3,-0.005074,0.022832,0.000493,-0.4375,0.0,0.9808,1.0192,0.003055,0.002706,0.003854,10.993856,24.408073
1156841472,51440.3,-0.002539,0.020483,0.000687,-0.416016,0.0,0.9812,1.0199,0.002599,0.002562,0.003795,10.904573,25.490347
1157627904,51425.0,0.001896,0.03143,0.00064,-0.400391,0.0,0.9813,1.0202,0.002739,0.002704,0.003828,9.979824,27.21104
1158414336,51434.0,-0.005513,0.033726,0.000544,-0.408203,0.0,0.981,1.0189,0.003781,0.002877,0.004413,9.818458,26.381277
1159200768,51443.1,-0.001346,0.025005,0.000625,-0.433594,0.0,0.981,1.019,0.002417,0.002747,0.003291,10.793378,26.306448
1159987200,51451.6,-0.003104,0.026358,0.000541,-0.443359,0.0,0.9811,1.0195,0.003006,0.002667,0.003532,11.628442,25.000443
1160773632,51437.0,-0.009476,0.027431,0.000684,-0.449219,0.0,0.9813,1.0202,0.004054,0.002402,0.003479,11.345269,24.147285
1161560064,51446.2,-0.00122,0.018576,0.000547,-0.447266,0.0,0.9813,1.0207,0.002868,0.002645,0.003132,10.646242,24.933331
1162346496,51455.4,-0.001186,0.015348,0.000608,-0.425781,0.0,0.9816,1.0217,0.002666,0.002525,0.003217,10.81951,24.368973
1163132928,51436.6,0.004151,0.02481,0.000722,-0.416016,0.0,0.9815,1.022,0.00256,0.00226,0.002825,11.130466,25.71957
1163919360,51446.9,-0.002581,0.019735,0.000628,-0.4375,0.0,0.9816,1.0223,0.00281,0.002478,0.003305,11.203787,25.715094
1164705792,51456.1,-0.004688,0.022169,0.000549,-0.451172,0.0,0.9816,1.0226,0.00297,0.002681,0.004063,11.502062,26.08984
1165492224,51464.3,-0.000318,0.020562,0.000493,-0.462891,0.0,0.9816,1.0231,0.002899,0.002486,0.00298,11.744186,25.852806
1166278656,51443.7,-0.005475,0.029069,0.000567,-0.427734,0.0,0.9817,1.0234,0.002531,0.002875,0.003856,12.148854,26.150513
1167065088,51452.3,-0.002516,0.017181,0.000736,-0.433594,0.0,0.9818,1.0242,0.002387,0.002564,0.003688,11.419122,25.736769
1167851520,51461.2,-0.007241,0.015815,0.000655,-0.433594,0.0,0.9817,1.0245,0.002406,0.002692,0.003433,11.439768,26.20059
1168637952,51447.9,-0.003444,0.027295,0.000741,-0.429688,0.0,0.9819,1.0249,0.002566,0.002418,0.003426,11.669243,24.938385
1169424384,51456.3,-0.005686,0.018269,0.000579,-0.464844,0.0,0.9818,1.0245,0.002982,0.002265,0.003732,12.005275,25.680813
1170210816,51466.2,-0.005376,0.018312,0.000707,-0.445312,0.0,0.9814,1.0241,0.002975,0.002486,0.003802,11.317044,25.698538
1170997248,51475.1,0.003988,0.016147,0.000613,-0.4375,0.0,0.9814,1.0248,0.003472,0.002413,0.00322,11.059361,25.285131
1171783680,51455.7,0.002735,0.030141,0.000653,-0.429688,0.0,0.9814,1.0253,0.003059,0.00221,0.004099,11.537721,26.331833
1172570112,51463.6,-0.002814,0.018449,0.000509,-0.439453,0.0,0.9813,1.0258,0.003039,0.00248,0.003911,12.524073,27.035992
1173356544,51471.5,-0.003524,0.019402,0.000582,-0.4375,0.0,0.9812,1.0259,0.003289,0.002693,0.004051,11.751523,26.52754
1174142976,51451.9,-0.005628,0.025543,0.000481,-0.435547,0.0,0.9811,1.0262,0.002302,0.00252,0.003725,9.459838,27.926773
1174929408,51461.2,0.003327,0.026785,0.000489,-0.449219,0.0,0.9814,1.0267,0.003401,0.002774,0.00392,11.350507,25.468914
1175715840,51470.5,-0.0011,0.024805,0.000494,-0.439453,0.0,0.9813,1.0267,0.003693,0.003326,0.003835,11.510174,25.555775
1176502272,51479.4,-0.007201,0.020106,0.000521,-0.429688,0.0,0.982,1.0288,0.003025,0.003154,0.003617,11.133396,25.713003
1177288704,51465.9,-0.001959,0.029762,0.00047,-0.419922,0.0,0.9822,1.0297,0.003023,0.003112,0.003619,10.948822,26.179409
1178075136,51476.2,-0.008538,0.02231,0.000613,-0.412109,0.0,0.9819,1.0301,0.003977,0.003472,0.003706,10.931718,26.578865
1178861568,51486.6,-0.003264,0.015892,0.000541,-0.398438,0.0,0.9821,1.031,0.002652,0.003005,0.003702,10.884348,26.458059
1179648000,51496.9,-0.004346,0.025371,0.000552,-0.392578,0.0,0.9818,1.0313,0.00271,0.002662,0.003503,10.140069,25.70429
1180434432,51481.3,0.0011,0.033524,0.000498,-0.408203,0.0,0.9819,1.031,0.003161,0.002708,0.00368,10.620448,26.509914
1181220864,51489.8,-0.004582,0.018518,0.000525,-0.435547,0.0,0.9821,1.0307,0.002816,0.002712,0.003403,11.650069,26.505951
1182007296,51499.7,-0.001514,0.017646,0.000498,-0.427734,0.0,0.9823,1.031,0.002777,0.002689,0.003257,11.647602,26.428837
1182793728,51485.3,-0.001082,0.028097,0.000489,-0.419922,0.0,0.9824,1.0312,0.00285,0.002839,0.003089,11.20917,27.758778
1183580160,51493.7,-0.00689,0.020931,0.000501,-0.417969,0.0,0.9824,1.0309,0.00233,0.002893,0.002994,11.217779,26.506651
1184366592,51502.3,-0.007021,0.019622,0.000477,-0.412109,0.0,0.9822,1.0304,0.002446,0.003165,0.002986,11.053168,26.185955
1185153024,51510.7,0.003987,0.022691,0.00062,-0.408203,0.0,0.9822,1.0303,0.002367,0.002707,0.002938,11.2377,27.187729
1185939456,51498.1,-0.001879,0.025438,0.000628,-0.388672,0.0,0.9822,1.0305,0.002475,0.002369,0.002896,11.291221,27.816526
1186725888,51508.2,-0.002419,0.018692,0.000611,-0.390625,0.0,0.982,1.0304,0.003878,0.002497,0.002954,10.232867,27.647366
1187512320,51518.2,-0.004484,0.014982,0.000623,-0.394531,0.0,0.9826,1.0317,0.003538,0.002467,0.003159,10.388254,25.932472
1188298752,51499.6,-0.005881,0.030019,0.000658,-0.400391,0.0,0.9826,1.0317,0.003321,0.002335,0.003548,10.494678,24.920111
1189085184,51509.1,0.001848,0.03037,0.000534,-0.435547,0.0,0.9826,1.0311,0.003581,0.00269,0.003828,10.832975,24.996208
1189871616,51517.4,-0.00568,0.024426,0.000514,-0.431641,0.0,0.9827,1.0307,0.003158,0.002581,0.003845,11.107786,25.337353
1190658048,51525.8,-0.010539,0.024831,0.000668,-0.429688,0.0,0.9827,1.0298,0.002528,0.002512,0.00319,11.449253,26.293396
1191444480,51514.1,-0.008026,0.031466,0.000552,-0.414062,0.0,0.9828,1.0299,0.002909,0.002907,0.003344,10.874402,26.485321
1192230912,51524.6,-0.006815,0.021481,0.000542,-0.414062,0.0,0.9828,1.0296,0.003231,0.002621,0.003695,10.932893,26.711468
1193017344,51533.1,-0.009708,0.016972,0.000609,-0.412109,0.0,0.9826,1.0292,0.002893,0.002805,0.003365,11.141679,26.135559
1193803776,51515.6,9e-06,0.030079,0.00071,-0.421875,0.0,0.9827,1.0291,0.002269,0.002551,0.003406,11.140423,27.039394
1194590208,51523.8,-0.007319,0.022612,0.000608,-0.423828,0.0,0.9827,1.0285,0.004406,0.002703,0.003946,11.522808,26.481602
1195376640,51532.7,-0.000353,0.022019,0.00067,-0.439453,0.0,0.9824,1.0275,0.003391,0.002611,0.003678,11.464767,27.248249
1196163072,51541.4,-0.003425,0.019626,0.000586,-0.449219,0.0,0.9824,1.0265,0.004197,0.002562,0.003305,11.033041,26.052788
1196949504,51527.5,-0.007373,0.035001,0.00049,-0.431641,0.0,0.9826,1.0259,0.002774,0.002169,0.003785,11.521311,25.915716
1197735936,51535.5,-0.009584,0.01895,0.000467,-0.441406,0.0,0.9827,1.025,0.003016,0.002445,0.004332,11.386573,25.805347
1198522368,51543.9,-0.007398,0.021947,0.000453,-0.425781,0.0,0.9827,1.0246,0.002809,0.002507,0.004156,11.981577,27.016499
1199308800,51524.0,0.000152,0.027853,0.000556,-0.429688,0.0,0.9824,1.0243,0.002353,0.002245,0.003674,9.350488,29.658873
1200095232,51532.0,-0.007072,0.024813,0.000575,-0.40625,0.0,0.9823,1.024,0.002681,0.002687,0.003785,11.522582,27.21279
1200881664,51540.2,-0.001625,0.020813,0.00053,-0.402344,0.0,0.982,1.0235,0.002764,0.002503,0.003416,11.052104,27.048058
1201668096,51549.4,-0.004915,0.02302,0.00062,-0.396484,0.0,0.9821,1.0234,0.00274,0.002474,0.00344,10.972183,26.858334
1202454528,51536.7,-6.5e-05,0.02587,0.000733,-0.408203,0.0,0.9823,1.0238,0.002358,0.00211,0.002862,11.863533,27.218456
1203240960,51546.4,-0.006918,0.016999,0.000656,-0.431641,0.0,0.9822,1.0234,0.002692,0.00245,0.002951,11.425683,27.4184
1204027392,51554.9,0.001358,0.012516,0.000746,-0.425781,0.0,0.9821,1.0228,0.002516,0.00254,0.003127,11.734532,27.087881
1204813824,51564.1,-0.008418,0.014862,0.000734,-0.417969,0.0,0.9822,1.0225,0.002379,0.002378,0.00315,11.361705,25.897114
1205600256,51548.2,-0.002798,0.030486,0.000614,-0.390625,0.0,0.9821,1.022,0.002459,0.002439,0.003547,11.199086,26.650322
1206386688,51557.0,-0.004694,0.02118,0.000751,-0.404297,0.0,0.982,1.0218,0.002793,0.00252,0.003705,10.551684,26.084579
1207173120,51565.8,0.003185,0.018961,0.00053,-0.414062,0.0,0.9822,1.0226,0.002444,0.002699,0.003746,10.574798,26.085287
1207959552,51552.6,-0.005749,0.022974,0.000574,-0.416016,0.0,0.9823,1.0234,0.002198,0.0023,0.00331,10.005807,26.127827
1208745984,51562.8,-0.003804,0.0174,0.000597,-0.417969,0.0,0.9823,1.0241,0.002814,0.002884,0.004103,10.298524,24.740568
1209532416,51572.8,-0.008844,0.017134,0.000534,-0.427734,0.0,0.9822,1.0243,0.002481,0.002572,0.003738,10.91702,24.654354
1210318848,51580.6,0.002301,0.015627,0.000637,-0.423828,0.0,0.9823,1.0249,0.002372,0.002578,0.003409,10.92872,25.545303
1211105280,51565.2,-0.000488,0.035014,0.000582,-0.4375,0.0,0.9821,1.0244,0.00369,0.002528,0.004136,12.031851,25.950445
1211891712,51575.4,0.002084,0.022661,0.000478,-0.441406,0.0,0.9819,1.0244,0.00296,0.002549,0.003355,11.150413,26.206894
1212678144,51584.3,0.002856,0.025522,0.00052,-0.435547,0.0,0.982,1.0251,0.002677,0.002532,0.003302,11.241765,25.836273
1213464576,51570.6,0.001066,0.036099,0.000522,-0.439453,0.0,0.9821,1.0254,0.002712,0.002405,0.003128,10.830144,25.625448
1214251008,51578.8,0.00317,0.023643,0.000594,-0.4375,0.0,0.9822,1.0256,0.003555,0.002739,0.003831,10.95745,25.599594
1215037440,51586.8,-0.003107,0.021093,0.000705,-0.425781,0.0,0.982,1.0255,0.002812,0.002565,0.003175,11.571636,26.690887
1215823872,51594.7,-0.007264,0.014881,0.000573,-0.423828,0.0,0.982,1.0259,0.002672,0.002546,0.003299,11.376606,27.672314
1216610304,51574.2,-0.00211,0.034285,0.000516,-0.427734,0.0,0.9821,1.0261,0.002501,0.003232,0.004202,11.657753,27.456249
1217396736,51582.7,-0.004148,0.024801,0.000539,-0.429688,0.0,0.982,1.0259,0.002506,0.003082,0.003684,11.410652,25.433807
1218183168,51591.9,-0.000303,0.023891,0.000531,-0.427734,0.0,0.9818,1.0257,0.002397,0.003061,0.003478,10.917633,25.38829
1218969600,51574.5,0.001136,0.031727,0.000475,-0.427734,0.0,0.9817,1.0258,0.002156,0.002582,0.003298,11.325696,25.907848
1219756032,51582.2,0.003053,0.026628,0.00052,-0.443359,0.0,0.9818,1.0257,0.003143,0.002698,0.004264,11.461201,26.248516
1220542464,51590.2,0.000556,0.021302,0.000589,-0.445312,0.0,0.9819,1.0254,0.002683,0.00262,0.003435,11.569738,25.854147
1221328896,51600.1,0.001623,0.01953,0.000572,-0.425781,0.0,0.9821,1.0259,0.00306,0.002793,0.003603,11.081947,25.217428
1222115328,51582.6,-0.005835,0.02972,0.000661,-0.414062,0.0,0.9822,1.0261,0.002597,0.002708,0.003291,10.899582,25.696125
1222901760,51592.8,0.001506,0.020532,0.000616,-0.423828,0.0,0.9822,1.0259,0.003612,0.002679,0.003482,11.099515,26.27388
1223688192,51603.0,-0.001235,0.015666,0.00054,-0.417969,0.0,0.9824,1.0264,0.002277,0.002456,0.003045,11.812417,27.057547
1224474624,51581.6,-0.006652,0.024472,0.000701,-0.421875,0.0,0.9825,1.0266,0.002202,0.002346,0.003505,10.637322,29.215816
1225261056,51592.4,-0.003193,0.025755,0.000525,-0.462891,0.0,0.9829,1.027,0.003254,0.002802,0.003648,11.304169,25.782516
1226047488,51603.3,-0.002467,0.025491,0.000525,-0.464844,0.0,0.9829,1.0261,0.003688,0.002805,0.004096,11.49307,25.367119
1226833920,51614.5,0.000429,0.021245,0.000577,-0.460938,0.0,0.9831,1.0258,0.002744,0.00284,0.003802,11.443518,24.646957
1227620352,51595.9,0.003277,0.032034,0.000541,-0.462891,0.0,0.9833,1.0259,0.003011,0.002478,0.003251,11.463615,24.72496
1228406784,51607.4,-0.004186,0.023024,0.000507,-0.455078,0.0,0.9833,1.0252,0.002995,0.002351,0.003032,11.730666,25.011883
1229193216,51615.6,-0.005536,0.019603,0.000563,-0.441406,0.0,0.9834,1.0253,0.003398,0.002671,0.002917,11.322909,25.805685
1229979648,51623.0,-0.001333,0.018748,0.000537,-0.445312,0.0,0.9837,1.0252,0.003013,0.002593,0.003194,11.685296,24.972113
1230766080,51605.4,-0.001794,0.030225,0.000501,-0.433594,0.0,0.9838,1.0252,0.003709,0.002909,0.003082,10.547213,24.165024
1231552512,51614.2,-0.002985,0.017985,0.000592,-0.412109,0.0,0.984,1.0255,0.003134,0.002834,0.003491,10.754826,24.476645
1232338944,51622.3,-1.1e-05,0.022114,0.000584,-0.402344,0.0,0.9842,1.0258,0.003225,0.002419,0.003484,10.545236,26.710409
1233125376,51606.2,-0.002489,0.028035,0.000549,-0.414062,0.0,0.9844,1.0261,0.002475,0.002646,0.003302,10.704703,27.662075
1233911808,51615.4,0.006947,0.033898,0.000543,-0.423828,0.0,0.9841,1.0251,0.00284,0.00369,0.004025,11.223738,26.310034
1234698240,51624.4,-0.001469,0.025893,0.000621,-0.4375,0.0,0.9844,1.0255,0.002569,0.002881,0.004038,11.137474,25.857822
1235484672,51632.8,0.005414,0.0226,0.000549,-0.4375,0.0,0.9842,1.0249,0.002818,0.00257,0.00354,11.980073,26.689848
1236271104,51614.4,-0.005319,0.033455,0.00052,-0.460938,0.0,0.9843,1.0249,0.002859,0.002875,0.004479,12.237597,26.885092
1237057536,51623.6,-0.00479,0.024626,0.00052,-0.464844,0.0,0.9844,1.0249,0.002316,0.002545,0.003494,11.898828,25.358063
1237843968,51633.8,-0.00304,0.02487,0.000506,-0.457031,0.0,0.9844,1.0251,0.002522,0.002726,0.003689,11.886436,25.861885
1238630400,51620.8,-0.003923,0.02999,0.000517,-0.447266,0.0,0.9844,1.0252,0.003398,0.002234,0.003412,12.247837,26.545881
1239416832,51629.2,0.000589,0.024545,0.000726,-0.445312,0.0,0.9842,1.0245,0.003454,0.002525,0.003746,11.859963,27.134411
1240203264,51637.4,-0.002875,0.019033,0.000497,-0.4375,0.0,0.9842,1.0241,0.002675,0.002334,0.003368,12.355142,26.741188
1240989696,51646.5,-0.007697,0.021767,0.000559,-0.435547,0.0,0.9841,1.0236,0.003269,0.002142,0.003359,11.577864,26.551483
1241776128,51626.0,-0.003606,0.023704,0.000619,-0.4375,0.0,0.984,1.0237,0.003281,0.002261,0.003455,11.268347,27.768295
1242562560,51635.5,-0.000869,0.014824,0.000668,-0.457031,0.0,0.9839,1.024,0.002761,0.00228,0.003262,11.33301,25.408148
1243348992,51644.0,-0.001916,0.01294,0.000648,-0.441406,0.0,0.9839,1.025,0.002839,0.002265,0.003127,11.648352,25.726904
1244135424,51629.2,-0.007825,0.025704,0.000705,-0.449219,0.0,0.984,1.0258,0.002341,0.002202,0.002813,11.655455,25.499004
1244921856,51638.2,-0.005333,0.017697,0.000659,-0.457031,0.0,0.9842,1.0263,0.001962,0.002141,0.002913,11.351252,25.830635
1245708288,51647.0,-0.000516,0.017589,0.000626,-0.451172,0.0,0.9842,1.0269,0.002053,0.002104,0.002731,11.877119,25.905819
1246494720,51655.2,-0.001888,0.015413,0.000603,-0.431641,0.0,0.9844,1.028,0.002081,0.002156,0.00285,11.757351,25.995544
1247281152,51638.6,0.003337,0.02539,0.000544,-0.427734,0.0,0.9845,1.0285,0.002223,0.002281,0.003242,10.983347,26.254248
1248067584,51646.7,-0.007526,0.013872,0.000473,-0.423828,0.0,0.9845,1.0288,0.002222,0.002229,0.002903,11.377563,26.081707
1248854016,51655.7,-0.001376,0.014377,0.000569,-0.417969,0.0,0.9845,1.0291,0.002136,0.00217,0.003431,10.597498,25.81008
1249640448,51639.6,-0.001363,0.025217,0.000546,-0.412109,0.0,0.9846,1.0293,0.002163,0.002009,0.003245,10.023881,28.62553
1250426880,51649.2,-0.00127,0.022909,0.000555,-0.443359,0.0,0.9848,1.0294,0.002757,0.002597,0.003749,11.401609,26.001219
1251213312,51657.0,0.000759,0.023825,0.000666,-0.435547,0.0,0.9848,1.0296,0.002038,0.002387,0.003533,10.618929,24.722921
1251999744,51665.4,0.003343,0.023862,0.00049,-0.443359,0.0,0.9853,1.0305,0.002518,0.002273,0.00346,10.955454,24.952896
1252786176,51647.5,-0.003093,0.028367,0.000537,-0.441406,0.0,0.9855,1.0309,0.00316,0.002195,0.00356,11.844557,25.442097
1253572608,51656.5,-0.00635,0.018016,0.000528,-0.435547,0.0,0.9855,1.031,0.002488,0.002318,0.003426,11.723557,26.694439
1254359040,51666.1,-0.012432,0.015286,0.000599,-0.429688,0.0,0.9856,1.0314,0.002598,0.002141,0.003503,12.125938,26.945618
1255145472,51675.0,0.002696,0.016852,0.000622,-0.427734,0.0,0.9855,1.0314,0.002167,0.002157,0.003186,11.560513,26.959332
1255931904,51660.0,-0.006477,0.024874,0.000665,-0.447266,0.0,0.9855,1.0315,0.002681,0.003,0.003545,11.796081,25.865063
1256718336,51668.0,-0.003955,0.01538,0.000591,-0.429688,0.0,0.9855,1.032,0.002492,0.002558,0.003214,11.783074,26.127232
1257504768,51676.0,-0.000772,0.021922,0.00055,-0.453125,0.0,0.9856,1.0326,0.002026,0.002598,0.003002,11.308618,26.478664
1258291200,51651.4,0.000854,0.030523,0.000553,-0.449219,0.0,0.9859,1.0332,0.002375,0.002328,0.003014,11.643094,26.592802
1259077632,51660.7,-0.001035,0.033159,0.000507,-0.443359,0.0,0.9857,1.0321,0.003216,0.002701,0.003454,11.69513,25.714277
1259864064,51669.6,-0.004084,0.028168,0.000517,-0.439453,0.0,0.9856,1.031,0.002573,0.002526,0.003649,11.45101,25.527487
1260650496,51678.1,-0.003585,0.025193,0.000535,-0.433594,0.0,0.9854,1.0297,0.002515,0.002398,0.003347,11.318096,26.369436
1261436928,51660.9,-0.001902,0.032705,0.000523,-0.431641,0.0,0.9855,1.0294,0.002883,0.002426,0.00387,11.085253,25.981159
1262223360,51669.6,0.000784,0.018233,0.000574,-0.433594,0.0,0.9855,1.0292,0.00255,0.002883,0.003487,11.03173,25.636236
1263009792,51678.5,0.001024,0.016948,0.000547,-0.425781,0.0,0.9856,1.0291,0.002492,0.002607,0.00337,11.012396,26.045841
1263796224,51656.0,-0.004206,0.027667,0.000512,-0.421875,0.0,0.9855,1.0289,0.002713,0.002543,0.003353,11.099836,25.559378
1264582656,51663.7,-0.00103,0.029453,0.000467,-0.441406,0.0,0.9853,1.0281,0.002262,0.002931,0.00368,11.338892,25.925156
1265369088,51671.2,-0.007508,0.018758,0.000491,-0.455078,0.0,0.9852,1.0279,0.002124,0.002946,0.003192,11.849494,25.72451
1266155520,51678.8,-0.003162,0.017756,0.000481,-0.443359,0.0,0.9851,1.0275,0.00219,0.002439,0.002989,11.83639,25.741522
1266941952,51667.6,-0.00521,0.031578,0.000555,-0.431641,0.0,0.9851,1.0275,0.003572,0.002507,0.003695,11.088657,26.16184
1267728384,51675.6,-0.004998,0.022212,0.000524,-0.435547,0.0,0.9848,1.0274,0.003036,0.002684,0.004123,10.783814,25.00853
1268514816,51683.6,-0.004754,0.025747,0.000485,-0.449219,0.0,0.9846,1.0271,0.002468,0.002822,0.003675,11.528681,25.390804
1269301248,51667.2,-0.001309,0.033331,0.000533,-0.445312,0.0,0.9844,1.0271,0.003136,0.00257,0.003678,11.442274,24.672985
1270087680,51676.7,-0.004081,0.02184,0.000545,-0.445312,0.0,0.9845,1.027,0.002224,0.00242,0.003133,11.437551,25.325148
1270874112,51686.1,-0.000612,0.025495,0.000508,-0.460938,0.0,0.9846,1.0269,0.002558,0.002295,0.003246,11.486703,25.497738
1271660544,51695.3,-0.001247,0.017774,0.000539,-0.451172,0.0,0.9847,1.0271,0.002267,0.002251,0.003067,12.48707,26.454489
1272446976,51681.5,-0.004084,0.036548,0.000617,-0.445312,0.0,0.9848,1.0273,0.002739,0.002636,0.003626,11.703383,26.299896
1273233408,51689.6,-0.006437,0.023892,0.000506,-0.453125,0.0,0.9847,1.0269,0.002628,0.00229,0.003116,12.256493,25.201231
1274019840,51698.1,-0.011243,0.022714,0.000571,-0.464844,0.0,0.9846,1.0268,0.002717,0.002793,0.003615,11.876349,26.547485
1274806272,51678.3,-0.005038,0.032261,0.000524,-0.464844,0.0,0.9845,1.0266,0.002763,0.002641,0.00372,11.954144,30.967953
1275592704,51686.4,-0.016266,0.024519,0.000557,-0.470703,0.0,0.9845,1.0258,0.0034,0.002784,0.004079,12.144569,27.070023
1276379136,51695.1,-0.003004,0.02948,0.000529,-0.470703,0.0,0.9844,1.0256,0.002703,0.002668,0.004322,12.001679,25.849792
1277165568,51704.0,-0.001551,0.02372,0.000538,-0.460938,0.0,0.9843,1.0255,0.00266,0.002451,0.00374,12.216649,26.493984
1277952000,51685.8,-0.001603,0.02969,0.000531,-0.453125,0.0,0.9845,1.0257,0.002456,0.002432,0.003339,11.709373,26.19952
1278738432,51693.2,-0.005111,0.018779,0.000534,-0.451172,0.0,0.9844,1.0257,0.00234,0.00226,0.003378,12.544256,27.515684
1279524864,51701.1,-0.001208,0.023698,0.000547,-0.445312,0.0,0.9842,1.0252,0.002726,0.002268,0.003111,12.043944,26.956017
1280311296,51710.0,-0.001885,0.022342,0.000588,-0.445312,0.0,0.984,1.0246,0.002626,0.002346,0.003246,11.891118,26.975586
1281097728,51691.5,-0.002503,0.035487,0.000505,-0.474609,0.0,0.9838,1.0242,0.002494,0.002224,0.00358,12.011152,26.150549
1281884160,51700.6,-0.002304,0.030394,0.00051,-0.482422,0.0,0.9836,1.0239,0.002426,0.002616,0.00378,12.453499,25.126654
1282670592,51708.8,-0.002793,0.028731,0.000516,-0.480469,0.0,0.9835,1.0238,0.002671,0.002275,0.003308,13.067037,25.859417
1283457024,51694.0,-0.000697,0.041028,0.00064,-0.472656,0.0,0.9835,1.0237,0.00233,0.002335,0.003288,11.87366,26.578823
1284243456,51703.6,0.001121,0.031002,0.000628,-0.470703,0.0,0.9834,1.0232,0.002697,0.002371,0.003369,12.201785,25.237244
1285029888,51712.8,-0.002212,0.024853,0.000595,-0.476562,0.0,0.9836,1.0238,0.002267,0.002276,0.003126,12.1995,25.489462
1285816320,51722.4,-0.001086,0.022399,0.000529,-0.476562,0.0,0.9838,1.0243,0.002529,0.002423,0.003287,12.530265,25.99538
1286602752,51706.4,0.000888,0.037848,0.000512,-0.482422,0.0,0.9838,1.0243,0.002485,0.002784,0.003488,12.74355,26.583975
1287389184,51715.6,-0.003575,0.02922,0.000592,-0.486328,0.0,0.9836,1.024,0.002359,0.002823,0.003399,12.704949,25.796852
1288175616,51725.3,-0.005287,0.025729,0.000505,-0.482422,0.0,0.9834,1.0238,0.002452,0.002774,0.003348,12.896009,26.770193
1288962048,51711.1,-0.003499,0.033843,0.000508,-0.474609,0.0,0.9832,1.0236,0.002736,0.002585,0.003346,12.308403,26.177977
1289748480,51721.8,-0.003022,0.031405,0.0005,-0.478516,0.0,0.983,1.0229,0.004158,0.003126,0.003978,12.419695,26.306705
1290534912,51732.4,-0.008804,0.02763,0.00052,-0.466797,0.0,0.9829,1.0224,0.002799,0.002812,0.003468,12.967459,26.960167
1291321344,51741.3,-0.005281,0.03006,0.000484,-0.470703,0.0,0.9828,1.0217,0.002958,0.003308,0.003588,12.857565,26.476719
1292107776,51725.3,-0.002531,0.034825,0.000568,-0.460938,0.0,0.9828,1.0218,0.002718,0.002573,0.00384,12.288206,26.251087
1292894208,51734.7,-0.007424,0.01951,0.000531,-0.462891,0.0,0.9827,1.0222,0.002428,0.002235,0.003223,11.642666,24.899841
1293680640,51744.1,0.001797,0.013066,0.000501,-0.443359,0.0,0.9826,1.0229,0.002419,0.002344,0.002996,11.578305,25.323828
1294467072,51730.3,-0.003105,0.027287,0.000531,-0.447266,0.0,0.9827,1.024,0.002099,0.002263,0.002971,11.300746,24.645248
1295253504,51739.1,-0.004153,0.022547,0.000646,-0.449219,0.0,0.9828,1.0245,0.003278,0.002258,0.003625,11.358948,25.296629
1296039936,51748.1,-0.005432,0.020224,0.000553,-0.455078,0.0,0.9831,1.0251,0.002409,0.002439,0.002875,11.502733,25.38452
1296826368,51757.1,-0.005661,0.01887,0.000568,-0.453125,0.0,0.9832,1.0255,0.002452,0.002375,0.003065,10.949178,25.27471
1297612800,51743.4,0.001805,0.032147,0.000495,-0.458984,0.0,0.9832,1.0256,0.00282,0.002507,0.003357,11.879189,25.187254
1298399232,51753.1,-0.002211,0.026095,0.00047,-0.457031,0.0,0.9832,1.0255,0.002858,0.003124,0.003695,12.233413,24.961914
1299185664,51762.7,-0.000843,0.026898,0.00047,-0.460938,0.0,0.9831,1.0253,0.002888,0.002672,0.003389,11.734531,25.644028
1299972096,51749.2,-0.004841,0.030472,0.000542,-0.449219,0.0,0.983,1.0251,0.002847,0.002322,0.00313,12.613039,29.352505
1300758528,51758.5,-0.001493,0.034398,0.00051,-0.476562,0.0,0.9831,1.0247,0.003415,0.002584,0.003485,11.992744,26.550732
1301544960,51767.5,0.003496,0.035687,0.000452,-0.490234,0.0,0.9829,1.0237,0.0032,0.002565,0.003335,11.919899,25.381207
1302331392,51776.7,-0.003449,0.02803,0.000505,-0.482422,0.0,0.983,1.0233,0.002673,0.002555,0.00317,12.07755,25.07785
1303117824,51764.9,0.001143,0.040123,0.000516,-0.46875,0.0,0.983,1.0229,0.002477,0.002355,0.003053,12.314505,26.426016
1303904256,51773.9,-0.005109,0.026101,0.000567,-0.464844,0.0,0.9827,1.0216,0.002437,0.002485,0.003065,12.047144,25.981186
1304690688,51782.5,-0.001733,0.022153,0.000624,-0.460938,0.0,0.9827,1.0216,0.002546,0.002579,0.003259,12.163044,26.105032
1305477120,51791.6,-0.000475,0.019498,0.000743,-0.457031,0.0,0.9829,1.0224,0.002598,0.002572,0.002732,11.476824,26.007612
1306263552,51779.4,-0.003197,0.032159,0.000551,-0.439453,0.0,0.9831,1.0224,0.003008,0.002351,0.003283,12.158998,27.010342
1307049984,51788.6,-0.006068,0.020101,0.000588,-0.451172,0.0,0.9833,1.0226,0.002807,0.00228,0.003706,11.739525,25.809591
1307836416,51798.2,-0.00177,0.021139,0.000603,-0.443359,0.0,0.9834,1.0231,0.00306,0.002278,0.003407,11.935817,26.322189
1308622848,51779.1,-0.00015,0.027681,0.000698,-0.435547,0.0,0.9837,1.024,0.002293,0.002152,0.003021,11.459891,26.908752
1309409280,51788.8,-0.003329,0.019228,0.000674,-0.445312,0.0,0.9838,1.0244,0.002674,0.002192,0.003162,11.863596,26.493134
1310195712,51797.8,-0.008052,0.020423,0.000639,-0.449219,0.0,0.9838,1.0242,0.002765,0.002213,0.003008,12.07591,26.544601
1310982144,51807.0,-0.00229,0.021163,0.000677,-0.443359,0.0,0.984,1.0243,0.002575,0.002327,0.002975,11.868257,26.986303
1311768576,51794.4,-0.00643,0.031951,0.000533,-0.449219,0.0,0.984,1.0241,0.002033,0.002247,0.003496,12.599248,26.954659
1312555008,51803.1,-0.002942,0.014963,0.000571,-0.453125,0.0,0.984,1.0242,0.00215,0.002334,0.002624,12.339614,27.523849
1313341440,51811.3,-0.00211,0.019697,0.000614,-0.449219,0.0,0.984,1.0246,0.002097,0.002088,0.002671,12.233867,28.035362
1314127872,51795.9,-0.003435,0.027837,0.000653,-0.449219,0.0,0.984,1.0247,0.002405,0.002156,0.002762,11.779918,26.089203
1314914304,51805.0,-0.004231,0.024715,0.000694,-0.460938,0.0,0.9839,1.0246,0.003153,0.002468,0.003726,11.763338,25.071407
1315700736,51814.2,-0.004756,0.027782,0.000698,-0.451172,0.0,0.984,1.025,0.004034,0.002425,0.003858,11.953499,25.571526
1316487168,51823.5,-0.004814,0.025383,0.000594,-0.46875,0.0,0.984,1.0254,0.00304,0.002411,0.003651,11.954391,25.345425
1317273600,51812.8,-0.009833,0.026576,0.000555,-0.453125,0.0,0.9842,1.0261,0.002546,0.002052,0.003325,12.10838,25.943497
1318060032,51823.3,0.000164,0.017905,0.000578,-0.445312,0.0,0.9848,1.0277,0.002851,0.002356,0.003509,10.925193,25.11639
1318846464,51833.5,-0.006564,0.014464,0.00053,-0.460938,0.0,0.9851,1.0291,0.002779,0.002205,0.003064,11.744649,25.150478
1319632896,51817.5,-0.002358,0.023757,0.000539,-0.451172,0.0,0.9855,1.0305,0.002032,0.002065,0.002836,10.751976,24.486904
1320419328,51826.4,0.002995,0.026848,0.000533,-0.433594,0.0,0.9857,1.0313,0.003392,0.002869,0.003839,11.133687,25.712742
1321205760,51835.1,0.001255,0.023504,0.000532,-0.429688,0.0,0.9856,1.0313,0.003335,0.002367,0.003681,11.001238,25.928295
1321992192,51844.1,-0.004146,0.023223,0.000496,-0.427734,0.0,0.9857,1.0316,0.002788,0.002504,0.003254,10.956751,26.129436
1322778624,51827.2,-0.004586,0.032812,0.00061,-0.441406,0.0,0.9858,1.0318,0.002549,0.00233,0.003318,11.735796,26.334158
1323565056,51836.3,-0.006163,0.027138,0.000586,-0.453125,0.0,0.9857,1.0311,0.002479,0.002519,0.003553,12.324717,26.857895
1324351488,51845.2,-0.001976,0.027875,0.000564,-0.458984,0.0,0.9855,1.0309,0.002791,0.002649,0.003194,12.251029,26.752682
1325137920,51831.1,-0.000246,0.034545,0.00068,-0.462891,0.0,0.9853,1.0302,0.002594,0.002286,0.00346,12.300333,28.078749
1325924352,51841.9,-0.003534,0.02354,0.000625,-0.458984,0.0,0.9853,1.0301,0.002925,0.002532,0.003498,12.421475,27.24192
1326710784,51852.5,-0.005788,0.017863,0.000527,-0.439453,0.0,0.9851,1.0298,0.002609,0.002414,0.003785,12.383998,26.815407
1327497216,51863.2,-0.004924,0.017965,0.000588,-0.433594,0.0,0.985,1.0292,0.002698,0.002658,0.003004,11.317786,26.594715
1328283648,51848.9,-0.006526,0.03264,0.000637,-0.445312,0.0,0.9851,1.0293,0.002392,0.002453,0.00344,12.834689,26.917999
1329070080,51857.4,-0.001618,0.022701,0.000593,-0.460938,0.0,0.9847,1.0283,0.002853,0.00313,0.003632,12.207623,26.833792
1329856512,51866.3,-7e-06,0.021523,0.000566,-0.460938,0.0,0.9846,1.0276,0.002506,0.002538,0.003233,12.059632,26.141577
1330642944,51876.7,-0.005812,0.021844,0.000602,-0.443359,0.0,0.9844,1.0269,0.002573,0.002677,0.003196,11.846085,25.99321
1331429376,51852.3,-0.007425,0.026837,0.000455,-0.423828,0.0,0.9844,1.0271,0.002456,0.002546,0.003347,10.244767,24.549847
1332215808,51861.2,-0.010097,0.020477,0.000464,-0.439453,0.0,0.9843,1.027,0.002833,0.002488,0.003474,11.14018,24.874279
1333002240,51870.4,-0.007485,0.018333,0.000464,-0.462891,0.0,0.9842,1.0271,0.002725,0.002705,0.00349,11.013451,24.732412
1333788672,51857.8,-0.000918,0.026037,0.000523,-0.466797,0.0,0.9842,1.0274,0.002383,0.001999,0.002956,12.078137,25.484472
1334575104,51866.2,-0.006301,0.017096,0.000538,-0.451172,0.0,0.9842,1.0271,0.00244,0.002506,0.003001,11.489861,26.165075
1335361536,51875.8,-0.006539,0.018979,0.000486,-0.447266,0.0,0.9841,1.0266,0.002257,0.00242,0.003289,11.776281,25.382961
1336147968,51884.4,-0.004433,0.014474,0.000464,-0.4375,0.0,0.9839,1.0263,0.002194,0.002164,0.00301,11.134039,25.3916
1336934400,51868.7,-0.002786,0.032122,0.000532,-0.4375,0.0,0.9836,1.0251,0.003605,0.002719,0.00414,11.258611,25.755245
1337720832,51879.3,-0.001868,0.030531,0.000556,-0.433594,0.0,0.983,1.0231,0.002742,0.002481,0.003655,11.365614,26.018652
1338507264,51889.8,-0.010445,0.021607,0.000558,-0.439453,0.0,0.9828,1.0225,0.003143,0.00286,0.003908,11.173664,27.027182
1339293696,51877.5,-0.004669,0.026926,0.000602,-0.455078,0.0,0.9829,1.0223,0.002993,0.002385,0.003206,11.16713,26.398006
1340080128,51886.4,-0.002886,0.023934,0.000569,-0.441406,0.0,0.9828,1.0219,0.002959,0.002233,0.003297,12.101556,25.971844
1340866560,51895.7,0.001043,0.021594,0.000558,-0.419922,0.0,0.9828,1.0218,0.003361,0.002299,0.003602,11.335955,26.811132
1341652992,51905.8,-0.001444,0.020997,0.000588,-0.416016,0.0,0.9829,1.022,0.002975,0.002367,0.003441,11.226803,26.763241
1342439424,51888.8,-0.002774,0.030827,0.000638,-0.396484,0.0,0.983,1.0227,0.003064,0.002229,0.003226,10.89601,27.728695
1343225856,51896.9,-0.003098,0.016995,0.000569,-0.412109,0.0,0.9831,1.0235,0.002693,0.002075,0.002962,10.224823,26.565006
1344012288,51905.7,-0.002163,0.01908,0.000599,-0.425781,0.0,0.9832,1.0244,0.002184,0.002064,0.003053,10.866954,25.461838
1344798720,51890.9,0.002085,0.028701,0.00061,-0.427734,0.0,0.9833,1.0249,0.003062,0.002375,0.003165,11.51695,25.301422
1345585152,51899.1,-0.000525,0.019074,0.000486,-0.453125,0.0,0.9834,1.0252,0.005537,0.002605,0.003841,11.701843,25.709209
1346371584,51907.3,-0.00642,0.016565,0.000433,-0.445312,0.0,0.9837,1.0261,0.00303,0.002624,0.004034,11.53723,25.374752
1347158016,51915.8,-0.003412,0.015406,0.000499,-0.441406,0.0,0.984,1.0269,0.002702,0.002335,0.003588,11.512259,26.031616
1347944448,51894.5,-0.00344,0.025164,0.00055,-0.417969,0.0,0.9842,1.0273,0.002828,0.001999,0.003461,10.919691,25.504501
1348730880,51903.7,-0.004014,0.013515,0.000524,-0.404297,0.0,0.9845,1.0276,0.003195,0.002264,0.003211,10.631953,24.875616
1349517312,51913.1,-0.006099,0.015861,0.00064,-0.408203,0.0,0.9847,1.0276,0.002863,0.002252,0.0031,10.507774,25.512596
1350303744,51894.9,0.001119,0.024189,0.000492,-0.416016,0.0,0.9851,1.0279,0.002528,0.002096,0.003184,12.357151,27.586544
1351090176,51903.8,-0.007912,0.022485,0.000581,-0.443359,0.0,0.9852,1.0278,0.003247,0.002773,0.003172,11.357357,26.339947
1351876608,51913.7,-0.003429,0.022595,0.000605,-0.455078,0.0,0.9853,1.0279,0.002646,0.00282,0.003185,11.325608,25.608948
1352663040,51922.4,-0.002009,0.021519,0.000547,-0.449219,0.0,0.9853,1.0279,0.002665,0.002774,0.003275,11.311995,25.134289
1353449472,51902.0,-0.005521,0.037026,0.000646,-0.4375,0.0,0.9852,1.0271,0.002642,0.002501,0.003261,10.837552,25.130713
1354235904,51910.5,0.001505,0.02368,0.000539,-0.439453,0.0,0.9853,1.0272,0.002995,0.002723,0.003358,10.787203,24.479361
1355022336,51919.7,-0.003257,0.019611,0.000475,-0.443359,0.0,0.9856,1.0279,0.002738,0.002698,0.003105,10.98631,24.995001
1355808768,51928.5,-0.005696,0.024829,0.0006,-0.460938,0.0,0.9857,1.0279,0.002484,0.00263,0.003123,10.618715,24.355703
1356595200,51907.0,0.003435,0.033478,0.000558,-0.478516,0.0,0.9857,1.0281,0.003724,0.002565,0.00408,10.991047,23.148191
1357381632,51916.1,-0.00053,0.02432,0.00056,-0.476562,0.0,0.9855,1.0282,0.002941,0.002428,0.003509,11.41154,23.378408
1358168064,51926.1,-0.002591,0.020643,0.000501,-0.453125,0.0,0.9854,1.0285,0.002929,0.002298,0.003315,10.708367,22.968794
1358954496,51907.6,-0.002315,0.026192,0.00045,-0.435547,0.0,0.9853,1.0287,0.002991,0.002177,0.00314,10.854574,25.158163
1359740928,51917.5,-0.004145,0.021537,0.000487,-0.425781,0.0,0.9852,1.0283,0.003245,0.002661,0.0035,10.41459,24.574169
1360527360,51926.3,-0.008005,0.0199,0.000442,-0.427734,0.0,0.9852,1.0279,0.002241,0.002897,0.003339,10.432072,24.718161
1361313792,51935.3,0.000696,0.012514,0.000494,-0.412109,0.0,0.985,1.0277,0.002793,0.002472,0.003294,9.85052,23.944782
1362100224,51916.3,-0.004432,0.028246,0.000519,-0.394531,0.0,0.9849,1.028,0.002253,0.002282,0.002776,10.855811,26.031113
1362886656,51924.8,-0.001904,0.016894,0.000479,-0.382812,0.0,0.9846,1.0277,0.002238,0.002698,0.003215,10.266352,26.381321
1363673088,51934.2,-0.004222,0.016321,0.000514,-0.388672,0.0,0.9846,1.0281,0.00212,0.002415,0.00297,10.095103,26.943029
1364459520,51911.0,-0.002003,0.021907,0.000469,-0.382812,0.0,0.9843,1.028,0.001791,0.002117,0.00267,10.441564,26.021843
1365245952,51921.2,-0.001862,0.018734,0.000557,-0.378906,0.0,0.9842,1.0283,0.002422,0.0024,0.003005,10.08812,26.386915
1366032384,51930.3,-0.000776,0.016097,0.000519,-0.376953,0.0,0.984,1.0283,0.002165,0.002187,0.002742,10.155898,26.690872
1366818816,51940.4,-0.000125,0.01444,0.000694,-0.390625,0.0,0.984,1.0287,0.002212,0.002282,0.002904,10.255803,27.68692
1367605248,51926.9,0.002995,0.027421,0.000474,-0.373047,0.0,0.9838,1.0286,0.002524,0.001828,0.003133,10.468284,28.054295
1368391680,51936.5,2e-06,0.017931,0.000611,-0.392578,0.0,0.9839,1.029,0.00284,0.001977,0.002917,9.866933,26.553625
1369178112,51946.1,-0.001101,0.013582,0.000537,-0.388672,0.0,0.9839,1.0294,0.002154,0.001984,0.003124,10.930726,26.698883
1369964544,51929.1,-0.001593,0.022431,0.000626,-0.386719,0.0,0.9839,1.0298,0.002168,0.001854,0.002757,11.075322,26.661953
1370750976,51938.6,-0.002494,0.017541,0.000528,-0.40625,0.0,0.9842,1.0307,0.002348,0.002191,0.002665,10.687603,26.946297
1371537408,51947.5,-0.000871,0.020142,0.000543,-0.408203,0.0,0.9843,1.0314,0.002625,0.002424,0.003006,11.195817,26.852196
1372323840,51956.3,-0.004011,0.018883,0.00053,-0.412109,0.0,0.9845,1.0322,0.002466,0.002217,0.002905,10.683371,26.058521
1373110272,51931.7,-0.005328,0.027279,0.000495,-0.410156,0.0,0.9847,1.0327,0.00266,0.002604,0.003523,10.374578,25.349716
1373896704,51940.8,-0.001486,0.020055,0.000417,-0.410156,0.0,0.985,1.033,0.002449,0.002561,0.00362,10.777394,25.267731
1374683136,51949.8,-0.007519,0.020383,0.000424,-0.396484,0.0,0.9853,1.0332,0.003016,0.002819,0.003508,10.100529,25.440563
1375469568,51929.9,-0.005037,0.025735,0.000431,-0.398438,0.0,0.9857,1.0332,0.002282,0.002466,0.003291,11.616306,26.104458
1376256000,51939.2,0.004247,0.022551,0.000549,-0.40625,0.0,0.9862,1.0339,0.002296,0.002692,0.003319,10.606854,25.454367
1377042432,51949.0,0.00187,0.02505,0.00046,-0.404297,0.0,0.9864,1.034,0.002171,0.002802,0.003195,9.718844,24.813965
1377828864,51957.3,0.005751,0.023333,0.000468,-0.433594,0.0,0.9866,1.034,0.002152,0.002984,0.003605,9.819338,24.794302
1378615296,51934.4,0.00243,0.032893,0.000456,-0.423828,0.0,0.9867,1.0341,0.002821,0.002719,0.003688,10.83042,23.990337
1379401728,51942.7,-0.00134,0.017919,0.000515,-0.40625,0.0,0.9869,1.0344,0.002713,0.002258,0.00342,10.562908,24.557598
1380188160,51951.1,0.00528,0.018617,0.00054,-0.40625,0.0,0.9872,1.0349,0.002338,0.002005,0.003133,10.482896,25.253475
1380974592,51959.4,-0.008395,0.012438,0.000497,-0.412109,0.0,0.9873,1.0354,0.002134,0.002077,0.002863,10.514503,25.704351
1381761024,51945.3,-0.0008,0.01957,0.000449,-0.408203,0.0,0.9874,1.0353,0.002338,0.001955,0.00307,10.446454,25.87859
1382547456,51953.7,0.000561,0.01912,0.000489,-0.431641,0.0,0.9874,1.0351,0.002515,0.001891,0.003072,11.20436,26.184978
1383333888,51962.0,-0.000947,0.019599,0.000619,-0.429688,0.0,0.9874,1.0347,0.002162,0.002336,0.002952,11.094331,25.47698
1384120320,51942.6,-0.001392,0.028802,0.000452,-0.417969,0.0,0.9875,1.0346,0.001959,0.001836,0.003561,10.923956,25.408413
1384906752,51951.1,-0.005492,0.017727,0.00054,-0.427734,0.0,0.9876,1.035,0.002276,0.0025,0.003983,10.711847,25.283026
1385693184,51959.7,-0.002958,0.021651,0.000523,-0.429688,0.0,0.9876,1.0351,0.002387,0.002504,0.004678,10.692369,25.753286
1386479616,51969.2,0.003165,0.022517,0.000488,-0.417969,0.0,0.9877,1.0354,0.002019,0.002428,0.003936,10.544826,25.228338
1387266048,51950.6,-0.00432,0.033788,0.000469,-0.421875,0.0,0.9878,1.0357,0.003277,0.002782,0.004933,10.231968,25.945679
1388052480,51959.7,0.00095,0.02334,0.00052,-0.4375,0.0,0.9877,1.0357,0.002963,0.002828,0.004228,10.8339,25.738516
1388838912,51969.4,-0.005183,0.016166,0.000509,-0.414062,0.0,0.9878,1.0365,0.002557,0.002564,0.0035,11.562056,26.074423
1389625344,51949.8,0.001109,0.027675,0.000582,-0.421875,0.0,0.9879,1.0372,0.002731,0.001943,0.003112,10.668107,27.191053
1390411776,51959.1,-0.003474,0.022384,0.000553,-0.435547,0.0,0.9878,1.0373,0.003107,0.002018,0.003902,11.437106,27.078308
1391198208,51967.6,0.000131,0.014512,0.000502,-0.419922,0.0,0.9877,1.0376,0.002784,0.002099,0.003838,11.498464,26.233587
1391984640,51975.9,0.000985,0.018193,0.000566,-0.410156,0.0,0.9876,1.038,0.002271,0.002097,0.003013,10.765052,26.544353
1392771072,51957.3,-0.002999,0.033034,0.000543,-0.419922,0.0,0.9874,1.0373,0.002709,0.002483,0.003452,11.202661,26.570173
1393557504,51966.0,0.002773,0.021675,0.000484,-0.423828,0.0,0.9873,1.0371,0.002888,0.002015,0.002765,10.156798,24.841904
1394343936,51974.3,-0.004748,0.019414,0.000507,-0.423828,0.0,0.9869,1.0364,0.002855,0.002399,0.00328,10.868876,24.372723
1395130368,51955.0,-0.010351,0.025391,0.000481,-0.419922,0.0,0.9869,1.0362,0.002809,0.002251,0.003025,10.671208,24.966881
1395916800,51963.6,4.5e-05,0.019478,0.000573,-0.427734,0.0,0.987,1.0365,0.003114,0.002301,0.003051,11.601246,26.760246
1396703232,51973.7,3.8e-05,0.017903,0.000541,-0.423828,0.0,0.9869,1.0362,0.002573,0.00235,0.003204,11.185915,26.061255
1397489664,51983.2,-0.004062,0.014313,0.000548,-0.40625,0.0,0.987,1.0363,0.002023,0.00238,0.002871,11.096158,26.582571
1398276096,51962.6,-0.002122,0.026578,0.000551,-0.416016,0.0,0.987,1.036,0.00225,0.002299,0.002797,11.555751,26.579626
1399062528,51970.9,-0.004543,0.023512,0.000486,-0.427734,0.0,0.9871,1.0358,0.002098,0.0025,0.003245,11.122362,26.207878
1399848960,51979.1,0.004318,0.023342,0.000494,-0.4375,0.0,0.987,1.0357,0.00221,0.002705,0.003146,11.135057,25.822708
1400635392,51954.2,-0.003656,0.029868,0.000515,-0.423828,0.0,0.9871,1.0356,0.002088,0.002263,0.003157,13.367374,28.691305
1401421824,51963.3,-0.008841,0.021651,0.000525,-0.431641,0.0,0.9871,1.0354,0.002765,0.002883,0.003162,11.420448,27.020706
1402208256,51972.1,-0.004784,0.016418,0.000584,-0.433594,0.0,0.9871,1.035,0.002932,0.002522,0.003474,11.459238,26.821415
1402994688,51980.8,-0.004176,0.018638,0.000539,-0.4375,0.0,0.9871,1.0348,0.003376,0.002544,0.003346,11.786835,27.518734
1403781120,51964.9,-0.012997,0.024562,0.000482,-0.419922,0.0,0.987,1.0344,0.002436,0.002216,0.00355,11.428997,26.99143
1404567552,51973.4,-0.008246,0.015501,0.000588,-0.400391,0.0,0.9869,1.0345,0.00209,0.002226,0.003407,11.290404,26.87631
1405353984,51981.7,-0.005747,0.01642,0.000477,-0.390625,0.0,0.9868,1.0346,0.002244,0.002232,0.00343,11.039197,27.216673
1406140416,51990.1,-0.006705,0.014468,0.000472,-0.402344,0.0,0.9866,1.0344,0.002444,0.002154,0.003645,10.112147,27.497314
1406926848,51974.6,-0.006742,0.019198,0.000528,-0.416016,0.0,0.9865,1.0342,0.002536,0.002356,0.003318,11.598152,28.286459
1407713280,51983.1,-0.002067,0.017162,0.000488,-0.429688,0.0,0.9868,1.0349,0.002693,0.002274,0.003074,11.272638,27.188034
1408499712,51991.5,-0.003976,0.016807,0.000518,-0.421875,0.0,0.9868,1.0354,0.002322,0.002033,0.002738,12.210633,27.883949
1409286144,51971.8,-0.001294,0.023981,0.000522,-0.410156,0.0,0.9869,1.0358,0.002379,0.002231,0.003115,11.548341,28.713314
1410072576,51979.8,0.00345,0.016478,0.000611,-0.414062,0.0,0.9869,1.0353,0.002737,0.002117,0.003211,11.607115,28.352201
1410859008,51986.6,0.000996,0.014513,0.00055,-0.412109,0.0,0.987,1.0351,0.002468,0.002379,0.003332,11.028331,27.7626
1411645440,51994.7,-0.000316,0.014853,0.000584,-0.402344,0.0,0.9871,1.0352,0.002234,0.001998,0.002889,11.64442,27.880713
1412431872,51977.8,0.004111,0.029478,0.000539,-0.400391,0.0,0.987,1.035,0.002614,0.002133,0.003018,11.297798,27.124777
1413218304,51986.5,-0.004042,0.022715,0.000493,-0.394531,0.0,0.987,1.0347,0.002208,0.002048,0.002792,11.293214,27.39806
1414004736,51994.8,-0.002789,0.018872,0.000539,-0.394531,0.0,0.9871,1.0346,0.002432,0.002361,0.003302,10.227404,27.309927
1414791168,51974.0,-0.000674,0.028457,0.000656,-0.398438,0.0,0.9872,1.0347,0.001785,0.002324,0.002879,10.899814,26.667786
1415577600,51982.6,-0.001057,0.025649,0.000853,-0.419922,0.0,0.9869,1.0342,0.002036,0.00245,0.003205,11.427808,26.71163
1416364032,51990.9,-0.003459,0.022904,0.000694,-0.412109,0.0,0.9868,1.0343,0.002105,0.002384,0.002871,11.740402,27.191494
1417150464,51999.6,-0.008358,0.02059,0.000561,-0.410156,0.0,0.9867,1.0347,0.002133,0.002539,0.003366,11.018032,26.906769
1417936896,51985.4,-0.001675,0.0421,0.000467,-0.416016,0.0,0.9866,1.0345,0.002464,0.002865,0.003781,11.007459,26.420883
1418723328,51993.7,-0.002943,0.034986,0.000491,-0.431641,0.0,0.9864,1.034,0.003492,0.002657,0.00377,10.451412,26.025845
1419509760,52001.9,-0.006701,0.02618,0.000474,-0.439453,0.0,0.9862,1.0333,0.003267,0.002495,0.004051,11.033311,26.165806
1420296192,51981.6,-0.000565,0.032845,0.000458,-0.4375,0.0,0.986,1.033,0.00213,0.002435,0.003274,11.333028,25.724815
1421082624,51989.6,-0.0074,0.018118,0.000484,-0.423828,0.0,0.9859,1.0328,0.002617,0.002669,0.003494,11.688424,26.00865
1421869056,51997.9,-0.000676,0.01792,0.000538,-0.419922,0.0,0.9859,1.0325,0.002595,0.0024,0.00342,11.551023,25.926701
1422655488,52006.4,-0.005142,0.012109,0.0005,-0.419922,0.0,0.9859,1.0324,0.002147,0.00215,0.002947,10.956195,26.989981
1423441920,51988.2,-0.006378,0.02383,0.000504,-0.425781,0.0,0.986,1.0326,0.002545,0.002261,0.003105,11.076422,26.459112
1424228352,51996.3,-0.007414,0.017156,0.000581,-0.447266,0.0,0.9861,1.0319,0.002411,0.002191,0.002987,11.069695,25.726269
1425014784,52004.5,0.002402,0.016415,0.000479,-0.441406,0.0,0.9861,1.0314,0.002135,0.002381,0.002993,11.286482,25.111784
1425801216,51983.1,-0.009761,0.02366,0.000565,-0.431641,0.0,0.986,1.0309,0.001986,0.002394,0.003022,12.523188,26.660679
1426587648,51991.6,-0.003753,0.022658,0.000547,-0.443359,0.0,0.9861,1.0302,0.002472,0.002429,0.003408,11.255173,26.25849
1427374080,51999.7,-0.010212,0.019699,0.00056,-0.441406,0.0,0.9861,1.0307,0.002316,0.00236,0.00339,11.772359,25.951506
1428160512,52007.8,-0.002384,0.02065,0.000675,-0.4375,0.0,0.9862,1.0311,0.002292,0.002427,0.003052,11.596434,26.235695
1428946944,51990.0,-0.002834,0.031656,0.000605,-0.431641,0.0,0.9862,1.0313,0.002124,0.001927,0.002917,11.54242,26.43605
1429733376,51998.4,-0.001174,0.020024,0.000599,-0.439453,0.0,0.9861,1.0314,0.002373,0.002453,0.003308,12.030878,27.134228
1430519808,52006.8,-0.003354,0.018934,0.000574,-0.441406,0.0,0.9862,1.0311,0.002471,0.002386,0.003791,12.321455,27.639484
1431306240,51983.6,0.005808,0.02628,0.000604,-0.451172,0.0,0.9862,1.0309,0.00214,0.00204,0.002956,11.531178,26.768391
1432092672,51992.4,-0.00514,0.01857,0.000481,-0.466797,0.0,0.9861,1.0305,0.002266,0.002518,0.003364,12.285336,25.90184
1432879104,52001.6,-0.004633,0.017955,0.000467,-0.474609,0.0,0.986,1.0299,0.002629,0.002436,0.00312,12.353999,24.833578
1433665536,52010.4,-0.004792,0.019062,0.000482,-0.480469,0.0,0.9858,1.0293,0.002217,0.002067,0.002679,13.463266,27.248142
1434451968,51993.4,-0.007268,0.029497,0.000524,-0.486328,0.0,0.986,1.0292,0.002773,0.002098,0.003249,14.083357,27.926586
1435238400,52001.2,-0.004155,0.027595,0.000565,-0.496094,0.0,0.9858,1.0287,0.00362,0.002194,0.003422,13.953824,28.934376
1436024832,52010.3,0.003496,0.024969,0.000488,-0.503906,0.0,0.986,1.0291,0.002775,0.002708,0.003472,13.600291,26.537624
1436811264,52018.4,0.001085,0.026171,0.000528,-0.486328,0.0,0.986,1.0294,0.002684,0.002334,0.003518,13.15798,25.787535
1437597696,51998.9,0.002675,0.028936,0.00051,-0.476562,0.0,0.986,1.0292,0.002248,0.002071,0.003184,13.102614,25.928905
1438384128,52006.5,-0.007679,0.015143,0.000528,-0.472656,0.0,0.986,1.0289,0.003038,0.002161,0.00351,12.188467,25.726105
1439170560,52015.1,-0.00769,0.017859,0.000479,-0.455078,0.0,0.986,1.0286,0.002602,0.002052,0.00342,12.059703,26.137505
1439956992,51996.2,0.002172,0.030025,0.000507,-0.464844,0.0,0.9861,1.0285,0.002143,0.002021,0.003678,12.334377,27.488029
1440743424,52005.7,-0.001634,0.022699,0.000573,-0.480469,0.0,0.9861,1.0284,0.002258,0.002239,0.003409,12.84402,27.491522
1441529856,52015.3,0.006791,0.022104,0.000532,-0.472656,0.0,0.9861,1.0288,0.001897,0.002338,0.003303,12.988532,27.80158
1442316288,52024.6,0.000549,0.017555,0.000589,-0.458984,0.0,0.9861,1.0293,0.00198,0.00231,0.00291,13.050968,27.89501
1443102720,52001.6,0.003916,0.035239,0.000603,-0.460938,0.0,0.986,1.0293,0.002571,0.002316,0.003427,12.913938,27.572628
1443889152,52009.5,-0.001728,0.020176,0.000526,-0.470703,0.0,0.986,1.0294,0.002345,0.002225,0.00321,12.439054,27.368118
1444675584,52017.4,-0.005129,0.025698,0.000621,-0.462891,0.0,0.986,1.0296,0.00299,0.002387,0.003261,11.774591,25.412468
1445462016,51997.7,0.002033,0.031364,0.000526,-0.433594,0.0,0.9859,1.0298,0.002447,0.002136,0.003011,11.435337,25.278244
1446248448,52005.4,-0.001692,0.019163,0.000544,-0.4375,0.0,0.986,1.0303,0.002418,0.002157,0.002838,10.864239,26.017868
1447034880,52013.3,-0.002986,0.018585,0.000542,-0.443359,0.0,0.9861,1.0309,0.002125,0.002502,0.003041,11.396971,25.96282
1447821312,52022.7,-0.001451,0.017795,0.0006,-0.427734,0.0,0.9863,1.0317,0.00203,0.002196,0.002746,11.071899,25.368362
1448607744,51995.8,0.001206,0.028425,0.000537,-0.419922,0.0,0.9864,1.0324,0.003225,0.001928,0.002869,11.385818,26.349968
1449394176,52003.5,-0.000266,0.022543,0.000578,-0.423828,0.0,0.9864,1.0326,0.002651,0.002219,0.00317,11.107997,26.488859
1450180608,52011.2,-0.001824,0.020534,0.00061,-0.40625,0.0,0.9866,1.0331,0.00265,0.002056,0.003335,11.657799,27.163212
1450967040,51985.0,-0.00065,0.027089,0.000487,-0.396484,0.0,0.9867,1.0334,0.002124,0.002016,0.003032,11.833988,27.801434
1451753472,51992.7,0.002856,0.025098,0.000558,-0.400391,0.0,0.9868,1.0335,0.002632,0.002492,0.003184,10.948514,28.250511
1452539904,52000.5,-0.00743,0.019083,0.000594,-0.408203,0.0,0.9868,1.0332,0.002578,0.002232,0.003032,11.038108,28.03355
1453326336,52008.2,-0.003198,0.020985,0.000615,-0.419922,0.0,0.9867,1.033,0.002717,0.002373,0.002924,11.300112,27.244894
1454112768,51983.3,0.002688,0.033063,0.000559,-0.431641,0.0,0.9867,1.0329,0.002145,0.002353,0.003257,11.761825,26.181194
1454899200,51991.3,-0.000369,0.018427,0.000594,-0.417969,0.0,0.9867,1.033,0.002211,0.002034,0.002835,11.464014,26.658484
1455685632,51999.9,-0.002044,0.021209,0.000581,-0.425781,0.0,0.9868,1.0336,0.002667,0.002492,0.003131,11.507231,27.4224
1456472064,51974.6,-0.001415,0.025257,0.000573,-0.416016,0.0,0.9867,1.0339,0.002289,0.001961,0.002606,7.025164,28.510239
1457258496,51984.1,-1.7e-05,0.016568,0.00062,-0.388672,0.0,0.9869,1.0345,0.002234,0.001987,0.002961,10.676194,27.349957
1458044928,51993.1,4e-06,0.014996,0.000533,-0.388672,0.0,0.9868,1.0344,0.002232,0.001887,0.002879,11.264417,27.933075
1458831360,52000.7,-0.003476,0.018051,0.000545,-0.388672,0.0,0.9867,1.0344,0.002079,0.002267,0.002995,11.139261,28.459167
1459617792,51981.3,-0.0068,0.028814,0.000587,-0.386719,0.0,0.9868,1.0342,0.00239,0.002113,0.003049,10.827182,27.760925
1460404224,51990.5,-0.000841,0.023248,0.000541,-0.396484,0.0,0.9867,1.0333,0.00224,0.002468,0.003324,11.362539,28.445614
1461190656,51998.0,-0.000565,0.026112,0.000522,-0.400391,0.0,0.9868,1.0332,0.002566,0.002755,0.003624,10.679737,27.387432
1461977088,52005.5,-0.004519,0.022507,0.000527,-0.408203,0.0,0.9869,1.0328,0.002385,0.002539,0.003302,11.227435,27.289089
1462763520,51981.6,0.001609,0.034323,0.000515,-0.404297,0.0,0.9871,1.0329,0.003042,0.001982,0.003689,10.839016,26.839874
1463549952,51989.6,0.000791,0.022348,0.000602,-0.408203,0.0,0.987,1.0322,0.003499,0.00233,0.00332,11.355879,26.866043
1464336384,51997.4,0.001721,0.017015,0.000543,-0.40625,0.0,0.9871,1.0321,0.003251,0.002273,0.003206,11.36342,27.059799
1465122816,51981.5,-0.004107,0.027248,0.000542,-0.404297,0.0,0.9871,1.0319,0.002506,0.002092,0.003025,11.390621,28.054882
1465909248,51990.8,-0.003446,0.020538,0.000578,-0.40625,0.0,0.987,1.0314,0.003068,0.002299,0.003309,11.188602,27.513937
1466695680,51999.6,-0.001709,0.019047,0.000559,-0.396484,0.0,0.987,1.0316,0.00223,0.002436,0.002981,11.299984,28.120132
1467482112,52007.0,-0.002471,0.016537,0.000594,-0.410156,0.0,0.987,1.0316,0.002454,0.002033,0.003133,10.783444,27.584768
1468268544,51983.3,-0.006508,0.0313,0.00052,-0.433594,0.0,0.987,1.0316,0.002568,0.002341,0.003035,12.301142,27.681534
1469054976,51990.8,0.00194,0.021548,0.000522,-0.451172,0.0,0.9873,1.0326,0.002581,0.002193,0.00318,11.972423,26.759502
1469841408,51998.9,-0.002427,0.017868,0.000497,-0.441406,0.0,0.9875,1.0336,0.002269,0.002018,0.00304,12.254789,27.203995
1470627840,51983.4,-0.001432,0.02574,0.000599,-0.425781,0.0,0.9877,1.0342,0.001979,0.001929,0.003385,11.072188,25.826109
1471414272,51991.7,-0.006895,0.024176,0.000551,-0.425781,0.0,0.9879,1.0343,0.002876,0.001843,0.003622,11.71913,26.799566
1472200704,52000.6,-0.010275,0.020272,0.000543,-0.421875,0.0,0.988,1.0338,0.002678,0.002017,0.003337,11.092821,25.748333
1472987136,52008.8,-0.007135,0.018925,0.000535,-0.431641,0.0,0.9881,1.0335,0.002697,0.002011,0.003621,11.015427,25.893875
1473773568,51984.5,-0.002027,0.028764,0.000587,-0.423828,0.0,0.9882,1.0334,0.00242,0.002029,0.004235,10.680259,25.016836
1474560000,51992.7,-0.004772,0.01941,0.000582,-0.408203,0.0,0.9881,1.0331,0.002268,0.002249,0.003267,11.020327,25.890991
1475346432,52000.0,0.004249,0.021475,0.000549,-0.398438,0.0,0.988,1.0328,0.002273,0.002098,0.003191,10.762558,26.751511
1476132864,51980.7,0.00686,0.032871,0.000607,-0.404297,0.0,0.9878,1.0322,0.002164,0.002127,0.00274,10.713202,26.645605
1476919296,51988.2,-0.007117,0.021983,0.000522,-0.40625,0.0,0.9878,1.0326,0.002675,0.002145,0.003171,11.124038,26.235916
1477705728,51995.7,0.000616,0.021678,0.000521,-0.400391,0.0,0.9877,1.033,0.002494,0.002471,0.003422,9.961884,25.395805
1478492160,52003.6,-0.001798,0.019468,0.00059,-0.390625,0.0,0.9878,1.0337,0.002563,0.002489,0.003705,10.040127,24.877171
1479278592,51983.9,-0.006704,0.027505,0.000558,-0.371094,0.0,0.9877,1.034,0.002334,0.002144,0.002981,9.444254,25.219952
1480065024,51992.6,-0.007959,0.014258,0.000673,-0.367188,0.0,0.9877,1.0346,0.001969,0.001992,0.003134,9.336078,25.555523
1480851456,52000.0,-0.001918,0.014514,0.000508,-0.373047,0.0,0.9878,1.0349,0.002098,0.002004,0.002966,9.414923,25.564743
1481637888,51974.4,-0.004464,0.020844,0.000479,-0.376953,0.0,0.9879,1.0353,0.002098,0.001997,0.002731,8.115524,26.867245
1482424320,51981.6,-0.009753,0.020372,0.000622,-0.388672,0.0,0.9879,1.0353,0.002546,0.002222,0.003356,10.58268,26.048473
1483210752,51988.8,-0.000554,0.022816,0.000434,-0.392578,0.0,0.9879,1.0349,0.002396,0.002213,0.00329,10.448479,25.842764
1483997184,51996.1,-0.00213,0.022051,0.000453,-0.386719,0.0,0.9878,1.0345,0.002342,0.002257,0.002851,9.907751,26.030025
1484783616,51975.4,-0.005999,0.031474,0.000465,-0.392578,0.0,0.9879,1.0345,0.002469,0.002228,0.003105,10.563974,26.343313
1485570048,51982.8,-0.005002,0.025997,0.000455,-0.404297,0.0,0.9878,1.0343,0.003101,0.002579,0.003383,10.720371,26.53688
1486356480,51991.2,-0.004874,0.023917,0.00043,-0.400391,0.0,0.9876,1.0337,0.002747,0.002315,0.003279,10.436847,26.002682
1487142912,51998.8,0.000121,0.021389,0.000446,-0.402344,0.0,0.9875,1.033,0.002527,0.002281,0.003011,10.283324,26.278746
1487929344,51979.6,0.000762,0.028524,0.000477,-0.367188,0.0,0.9874,1.0329,0.002689,0.002124,0.002643,10.367159,26.891933
1488715776,51987.0,-0.00079,0.019335,0.000504,-0.367188,0.0,0.9874,1.0333,0.002602,0.002136,0.002684,10.015798,27.905315
1489502208,51994.3,0.001707,0.01867,0.000493,-0.363281,0.0,0.9874,1.0333,0.002092,0.001995,0.003147,10.632852,27.232586
1490288640,51979.7,0.001631,0.027315,0.000581,-0.367188,0.0,0.9873,1.0334,0.002112,0.001903,0.002832,9.665369,27.800655
1491075072,51987.2,-0.003209,0.027736,0.00052,-0.376953,0.0,0.9873,1.0333,0.00279,0.00234,0.003531,9.54334,26.277496
1491861504,51994.7,-0.007303,0.020079,0.000489,-0.396484,0.0,0.9874,1.0331,0.002288,0.002359,0.003322,9.884114,25.859678
1492647936,52002.0,-0.006874,0.023314,0.000587,-0.414062,0.0,0.9873,1.0327,0.002899,0.002404,0.003529,10.878259,25.701345
1493434368,51979.9,-0.010306,0.027252,0.000506,-0.408203,0.0,0.9873,1.0329,0.002735,0.002048,0.003094,10.685943,25.260427
1494220800,51987.6,-0.002038,0.016412,0.000564,-0.386719,0.0,0.9874,1.0335,0.002696,0.00224,0.003183,10.382399,25.742592
1495007232,51995.4,-0.003741,0.021602,0.000486,-0.386719,0.0,0.9872,1.0337,0.003493,0.00226,0.003029,9.90337,25.770123
1495793664,51979.5,0.00117,0.027719,0.000523,-0.386719,0.0,0.9872,1.0337,0.002624,0.002291,0.002906,10.430142,25.622595
1496580096,51987.5,-0.004078,0.02608,0.000509,-0.402344,0.0,0.9869,1.0328,0.0026,0.002346,0.003023,10.871981,25.594589
1497366528,51996.1,-0.000761,0.027025,0.000468,-0.419922,0.0,0.9867,1.032,0.002865,0.002522,0.003463,10.504742,25.193213
1498152960,52003.8,0.002238,0.022787,0.000487,-0.412109,0.0,0.9863,1.031,0.002451,0.00237,0.003346,10.608306,25.711859
1498939392,51980.6,-0.001953,0.027158,0.000496,-0.390625,0.0,0.9862,1.0308,0.001796,0.002112,0.003373,9.448028,25.083382
1499725824,51988.2,-0.006977,0.015916,0.000511,-0.388672,0.0,0.986,1.0304,0.002147,0.002398,0.003717,9.476716,25.07218
1500512256,51996.0,-0.00194,0.01743,0.000467,-0.376953,0.0,0.9859,1.0305,0.001761,0.001988,0.002738,9.727124,24.932064
1501298688,50928.7,-0.00544,0.022583,0.000511,-0.373047,0.0,0.9859,1.0309,0.001886,0.001887,0.002666,10.076022,26.326187
1502085120,50937.0,-0.005112,0.019473,0.000531,-0.386719,0.0,0.9856,1.0305,0.002302,0.002184,0.003167,10.127675,27.013174
1502871552,50946.1,-0.006386,0.018659,0.000524,-0.396484,0.0,0.9855,1.03,0.002794,0.002213,0.003176,10.561253,26.313406
1503657984,50955.1,0.00184,0.022533,0.000526,-0.414062,0.0,0.9854,1.0299,0.002387,0.00234,0.003133,10.397524,25.83157
1504444416,50935.2,0.00131,0.033711,0.000514,-0.435547,0.0,0.9853,1.0298,0.002294,0.002423,0.00343,10.568502,24.668112
1505230848,50942.4,-0.000102,0.02558,0.000471,-0.457031,0.0,0.9851,1.0295,0.002618,0.002422,0.003575,11.520324,24.577744
1506017280,50949.8,-0.006974,0.021755,0.000466,-0.466797,0.0,0.9851,1.0295,0.00243,0.002337,0.003318,11.390358,24.580639
1506803712,50928.3,-0.007609,0.027143,0.000496,-0.460938,0.0,0.9851,1.0299,0.002129,0.002377,0.002924,9.137421,27.75391
1507590144,50936.9,-0.004422,0.020717,0.000648,-0.443359,0.0,0.9851,1.0301,0.002202,0.002271,0.002882,10.988259,25.044411
1508376576,50944.4,-0.000628,0.019287,0.000607,-0.441406,0.0,0.9852,1.0306,0.002575,0.002129,0.00281,11.51628,25.987091
1509163008,50952.0,0.00046,0.019134,0.000571,-0.431641,0.0,0.9851,1.031,0.002549,0.002032,0.003074,11.422078,25.399878
1509949440,50935.5,-0.001302,0.026958,0.000547,-0.427734,0.0,0.9854,1.0317,0.00263,0.001819,0.002489,11.393272,25.396711
1510735872,50943.3,0.000616,0.021117,0.000633,-0.449219,0.0,0.9854,1.0317,0.002523,0.002307,0.003164,11.445888,25.79665
1511522304,50951.2,-0.002222,0.017203,0.000643,-0.433594,0.0,0.9857,1.0317,0.002165,0.002079,0.002842,10.950073,25.216957
1512308736,50958.7,-0.00189,0.016953,0.000656,-0.439453,0.0,0.9858,1.0315,0.001958,0.002,0.002838,10.709369,25.673115
1513095168,50934.7,-0.004514,0.030572,0.000777,-0.425781,0.0,0.9857,1.031,0.001861,0.001856,0.002759,11.071321,25.728443
1513881600,50942.7,-0.001403,0.019085,0.000692,-0.435547,0.0,0.9859,1.0316,0.002588,0.001948,0.003004,10.89859,25.451153
1514668032,50951.0,-0.007573,0.016076,0.000609,-0.419922,0.0,0.9859,1.0319,0.00194,0.001903,0.002869,11.285606,25.077599
1515454464,50936.1,0.001619,0.025888,0.000585,-0.410156,0.0,0.9862,1.0324,0.002056,0.001961,0.002964,10.68916,25.482502
1516240896,50943.5,-0.005884,0.017441,0.000458,-0.4375,0.0,0.9861,1.0321,0.002763,0.002124,0.003194,10.810891,25.089666
1517027328,50950.9,-0.003192,0.015485,0.000507,-0.445312,0.0,0.9861,1.0319,0.002018,0.001937,0.002676,11.358138,24.984457
1517813760,50958.1,-0.000979,0.014497,0.000633,-0.441406,0.0,0.9861,1.0317,0.002618,0.001869,0.002897,10.983201,24.757017
1518600192,50940.4,-0.005508,0.035464,0.000658,-0.425781,0.0,0.9861,1.0318,0.002792,0.002304,0.003273,11.115501,25.630239
1519386624,50949.2,-0.008685,0.023114,0.000579,-0.427734,0.0,0.9863,1.0326,0.002724,0.002329,0.00322,10.926626,25.325628
1520173056,50956.7,-0.006769,0.021222,0.000522,-0.416016,0.0,0.9864,1.0332,0.003003,0.002154,0.00291,10.639791,24.889372
1520959488,50941.2,-0.003124,0.026856,0.000525,-0.412109,0.0,0.9865,1.034,0.002847,0.002014,0.00314,10.127494,24.412626
1521745920,50949.0,0.002269,0.020604,0.000549,-0.423828,0.0,0.9867,1.0346,0.002561,0.003009,0.003238,10.537716,25.243689
1522532352,50957.0,0.000345,0.023195,0.000542,-0.421875,0.0,0.9869,1.0352,0.00228,0.002763,0.003115,11.280593,25.519529
1523318784,50965.8,-0.002011,0.01803,0.000513,-0.425781,0.0,0.9871,1.0356,0.002534,0.002378,0.002971,10.624525,25.539707
1524105216,50949.9,-0.00349,0.029889,0.000588,-0.433594,0.0,0.9872,1.0357,0.002698,0.002529,0.003264,10.956616,25.404583
1524891648,50957.2,0.000955,0.024515,0.000505,-0.4375,0.0,0.9872,1.0354,0.003098,0.002606,0.003355,11.016376,25.071758
1525678080,50964.4,0.00121,0.0192,0.000524,-0.416016,0.0,0.9872,1.0351,0.002744,0.002621,0.00321,11.003349,25.132696
1526464512,50937.5,-0.00677,0.029575,0.00052,-0.404297,0.0,0.987,1.0345,0.002623,0.002783,0.003113,10.226603,25.218853
1527250944,50945.2,-0.001013,0.018402,0.000489,-0.410156,0.0,0.987,1.0347,0.00311,0.002067,0.002874,10.464497,26.071522
1528037376,50953.3,-0.007378,0.017706,0.000545,-0.402344,0.0,0.9869,1.0346,0.002471,0.002141,0.002748,10.348454,26.155697
1528823808,50961.2,-0.005323,0.016619,0.00053,-0.394531,0.0,0.9869,1.0344,0.003636,0.002103,0.002931,10.522625,25.783062
1529610240,50944.6,-0.001728,0.022553,0.000498,-0.402344,0.0,0.9868,1.0346,0.002047,0.001901,0.002598,9.874176,25.588436
1530396672,50953.3,-0.00147,0.013893,0.000513,-0.394531,0.0,0.9871,1.036,0.002164,0.002219,0.00303,10.26626,25.349165
1531183104,50961.8,5.5e-05,0.016372,0.000498,-0.40625,0.0,0.9875,1.0373,0.002032,0.002053,0.002848,10.270556,26.128433
1531969536,50945.9,-0.004715,0.020149,0.000551,-0.408203,0.0,0.9876,1.0379,0.001817,0.00182,0.002639,9.143628,28.98431
1532755968,50953.6,-0.002334,0.023884,0.000519,-0.433594,0.0,0.9878,1.0382,0.002592,0.002255,0.003402,10.769441,26.272079
1533542400,50961.2,0.002078,0.03006,0.000482,-0.439453,0.0,0.988,1.0387,0.002561,0.002335,0.00297,11.358722,26.247046
1534328832,50968.8,0.001701,0.025322,0.000524,-0.443359,0.0,0.9881,1.0389,0.002152,0.002684,0.003018,11.728283,26.894461
1535115264,50950.1,-0.008698,0.024203,0.000483,-0.433594,0.0,0.9884,1.0394,0.003035,0.002188,0.002805,11.511454,26.427395
1535901696,50957.4,0.000924,0.015081,0.000465,-0.433594,0.0,0.9884,1.039,0.0028,0.00189,0.002986,11.564081,26.584784
1536688128,50964.2,-0.004142,0.011995,0.000476,-0.431641,0.0,0.9886,1.0388,0.002397,0.001758,0.00276,11.615933,27.39679
1537474560,50972.0,-0.001281,0.01311,0.000485,-0.435547,0.0,0.9887,1.0385,0.002077,0.001735,0.00322,11.935146,27.145918
1538260992,50953.9,0.000917,0.031368,0.000517,-0.433594,0.0,0.9888,1.0382,0.002753,0.002237,0.003228,11.837223,26.570206
1539047424,50961.8,-0.002436,0.022917,0.000546,-0.443359,0.0,0.9888,1.038,0.002381,0.002405,0.003103,11.660799,25.770988
1539833856,50969.5,5.3e-05,0.019578,0.000518,-0.427734,0.0,0.9888,1.0378,0.002531,0.002114,0.002726,11.508924,25.708954
1540620288,50953.4,0.001607,0.030761,0.000608,-0.439453,0.0,0.989,1.0378,0.002588,0.0019,0.002389,11.402796,27.832663
1541406720,50960.9,-0.002734,0.018991,0.000589,-0.425781,0.0,0.989,1.0378,0.002023,0.002069,0.002991,11.79062,26.946358
1542193152,50969.2,0.000425,0.019563,0.000533,-0.435547,0.0,0.9889,1.0378,0.002224,0.002129,0.002892,11.341599,26.944168
1542979584,50977.0,0.001172,0.01821,0.000555,-0.431641,0.0,0.989,1.038,0.002476,0.002373,0.002869,11.193556,26.283909
1543766016,50959.6,-0.004728,0.031043,0.000488,-0.449219,0.0,0.989,1.038,0.001955,0.002384,0.003555,11.628739,26.501259
1544552448,50968.8,-0.004875,0.015994,0.000478,-0.445312,0.0,0.9889,1.0381,0.002166,0.002156,0.003164,11.591304,25.812469
1545338880,50976.3,-0.002461,0.014262,0.000512,-0.449219,0.0,0.9888,1.0384,0.002214,0.002084,0.003235,11.45016,26.240765
1546125312,50962.5,0.000991,0.025376,0.00052,-0.4375,0.0,0.9887,1.0385,0.002316,0.002219,0.003222,12.165377,26.226891
1546911744,50970.2,-0.005718,0.017452,0.000518,-0.4375,0.0,0.9886,1.0378,0.002042,0.002304,0.002855,11.76292,26.485449
1547698176,50977.6,-0.00847,0.016932,0.000545,-0.419922,0.0,0.9888,1.0372,0.002075,0.002044,0.002827,11.841125,27.110214
1548484608,50985.6,-0.003953,0.018242,0.000529,-0.410156,0.0,0.9888,1.0367,0.002107,0.002135,0.002946,11.721277,27.160324
1549271040,50969.9,-0.005018,0.022765,0.000527,-0.408203,0.0,0.9888,1.037,0.002516,0.001894,0.002802,11.023744,26.997803
1550057472,50977.6,-0.000596,0.01408,0.000511,-0.390625,0.0,0.9887,1.0373,0.002812,0.002005,0.003531,10.848177,26.841263
1550843904,50984.9,-0.007625,0.011985,0.000528,-0.375,0.0,0.9887,1.0379,0.002331,0.001945,0.003049,9.714319,26.625555
1551630336,50968.2,7.6e-05,0.021124,0.000536,-0.369141,0.0,0.9886,1.0383,0.001654,0.001725,0.002672,10.063118,26.57365
1552416768,50975.6,-0.00452,0.013809,0.000482,-0.388672,0.0,0.9887,1.039,0.002333,0.001793,0.003166,10.541105,26.646002
1553203200,50983.8,-0.006506,0.014156,0.000437,-0.394531,0.0,0.9888,1.0395,0.001983,0.001966,0.002967,10.272972,26.199499
1553989632,50991.9,0.000288,0.013801,0.000491,-0.388672,0.0,0.9888,1.0401,0.002165,0.00172,0.003109,10.258389,25.763327
1554776064,50976.9,-0.000344,0.023399,0.000507,-0.382812,0.0,0.9888,1.0405,0.002681,0.002311,0.00329,10.450071,25.705563
1555562496,50985.8,-0.002984,0.015306,0.000443,-0.408203,0.0,0.9889,1.0409,0.002871,0.002177,0.00336,9.981449,25.504555
1556348928,50994.9,-0.005945,0.014066,0.000484,-0.423828,0.0,0.9891,1.0418,0.002389,0.002182,0.003477,10.975269,25.640736
1557135360,50983.7,-0.005182,0.022813,0.000505,-0.416016,0.0,0.9891,1.0424,0.001877,0.001986,0.00289,8.938756,28.621428
1557921792,50991.3,-0.011591,0.021417,0.000553,-0.410156,0.0,0.9892,1.0427,0.003336,0.002547,0.00316,10.405851,25.695766
1558708224,50998.8,-0.001371,0.02072,0.000555,-0.416016,0.0,0.9892,1.0426,0.002793,0.002488,0.003312,10.183374,25.65588
1559494656,51006.5,0.000264,0.020256,0.000572,-0.412109,0.0,0.9893,1.0428,0.002478,0.0027,0.00319,10.622533,25.408224
1560281088,50991.8,0.004193,0.033732,0.000562,-0.423828,0.0,0.9894,1.0429,0.002501,0.002475,0.002959,11.27668,25.68034
1561067520,51000.9,0.002247,0.021932,0.000573,-0.427734,0.0,0.9895,1.0428,0.001935,0.002264,0.002876,11.382536,25.302673
1561853952,51009.7,-0.001532,0.02133,0.000546,-0.423828,0.0,0.9896,1.0427,0.002033,0.002232,0.003062,10.723147,25.327759
1562640384,51016.6,-0.00712,0.015161,0.000623,-0.416016,0.0,0.9897,1.0428,0.001942,0.001941,0.002763,11.18011,25.215521
1563426816,50998.5,-6.2e-05,0.023903,0.000587,-0.417969,0.0,0.9897,1.043,0.00261,0.002435,0.003559,11.137903,25.382154
1564213248,51006.3,-0.003673,0.01565,0.000544,-0.417969,0.0,0.9896,1.043,0.002221,0.002073,0.003042,11.089102,26.130735
1564999680,51014.8,0.003776,0.013444,0.000569,-0.421875,0.0,0.9896,1.0431,0.002556,0.002052,0.002919,11.62197,26.740393
1565786112,51000.7,0.001734,0.02491,0.00058,-0.414062,0.0,0.9897,1.043,0.002379,0.002153,0.002739,11.415362,26.88356
1566572544,51008.1,0.000728,0.016557,0.000535,-0.425781,0.0,0.9896,1.0421,0.002389,0.002069,0.002832,11.047167,26.628567
1567358976,51016.2,-0.001452,0.022134,0.000569,-0.421875,0.0,0.9896,1.0414,0.001942,0.002049,0.002819,11.34577,27.076839
1568145408,51023.7,0.002601,0.0214,0.000583,-0.427734,0.0,0.9895,1.0402,0.002502,0.001945,0.00271,10.480982,26.097168
1568931840,51005.4,0.005571,0.031853,0.000533,-0.431641,0.0,0.9895,1.04,0.002472,0.001988,0.00311,11.331359,26.127151
1569718272,51012.6,-0.003761,0.020638,0.000523,-0.433594,0.0,0.9893,1.0396,0.002795,0.002111,0.003129,11.658698,26.309013
1570504704,51019.6,-0.004147,0.020516,0.00053,-0.425781,0.0,0.9893,1.0393,0.002948,0.002149,0.00303,11.266747,26.048805
1571291136,51002.7,-0.004647,0.03016,0.000537,-0.439453,0.0,0.9892,1.0389,0.002092,0.002131,0.002988,10.859544,25.79628
1572077568,51010.2,-0.0015,0.022398,0.000599,-0.460938,0.0,0.9892,1.0387,0.00217,0.002374,0.003417,12.014712,26.217413
1572864000,51016.5,-0.001988,0.017888,0.000516,-0.462891,0.0,0.989,1.0384,0.00222,0.002202,0.002959,12.071517,26.40765
1573650432,51023.5,-0.003176,0.018344,0.000558,-0.441406,0.0,0.9888,1.0379,0.002461,0.001796,0.00296,12.177503,26.785225
1574436864,51000.0,-0.000642,0.025583,0.000576,-0.439453,0.0,0.9888,1.0378,0.00215,0.001886,0.002548,11.654074,27.853363
1575223296,51008.7,-0.004232,0.020067,0.000566,-0.445312,0.0,0.9886,1.0377,0.002423,0.002041,0.002884,11.926814,26.533779
1576009728,51015.8,-0.001315,0.016526,0.000601,-0.460938,0.0,0.9885,1.038,0.001696,0.001932,0.002419,11.78121,26.57135
1576796160,50996.8,0.00303,0.030988,0.000592,-0.449219,0.0,0.9884,1.0378,0.002102,0.001904,0.002611,12.314065,25.513367
1577582592,51003.9,0.003893,0.024333,0.000554,-0.443359,0.0,0.9883,1.0377,0.004067,0.002506,0.002984,11.745699,26.633657
1578369024,51011.1,-0.00461,0.019224,0.000548,-0.439453,0.0,0.9882,1.0375,0.002799,0.002265,0.003158,11.54109,26.264151
1579155456,51018.7,-0.000376,0.021701,0.000563,-0.4375,0.0,0.9881,1.0368,0.00293,0.002292,0.003257,11.100164,25.526768
1579941888,50992.6,0.004672,0.035624,0.00052,-0.431641,0.0,0.9881,1.0366,0.00277,0.002206,0.002933,12.038396,25.857792
1580728320,51000.0,3e-05,0.019125,0.000552,-0.445312,0.0,0.988,1.0365,0.003412,0.001951,0.002747,11.70095,26.112356
1581514752,51008.8,-0.007962,0.017453,0.000639,-0.451172,0.0,0.9879,1.0365,0.002366,0.00197,0.002766,11.984095,26.208935
1582301184,50978.2,-0.005396,0.024747,0.000625,-0.4375,0.0,0.9877,1.0364,0.00222,0.001884,0.002924,10.541836,30.024258
1583087616,50985.1,-0.005514,0.021493,0.000533,-0.423828,0.0,0.9877,1.0363,0.002605,0.002015,0.002718,11.101247,26.277939
1583874048,50993.2,-0.004373,0.015799,0.000556,-0.417969,0.0,0.9877,1.0364,0.002697,0.002212,0.003215,11.104016,25.41988
1584660480,51000.6,0.001697,0.018526,0.00062,-0.414062,0.0,0.9877,1.0367,0.002369,0.00211,0.003057,10.545343,25.338614
1585446912,50979.4,-4e-06,0.026706,0.000563,-0.402344,0.0,0.9878,1.0372,0.001899,0.001933,0.002609,10.645201,25.905897
1586233344,50986.1,-0.00261,0.017653,0.000544,-0.419922,0.0,0.9877,1.0369,0.002431,0.002133,0.00308,10.575302,25.961309
1587019776,50993.6,-0.002714,0.020075,0.000556,-0.408203,0.0,0.9877,1.0368,0.00252,0.002098,0.002867,11.085652,26.641251
1587806208,51001.2,0.002869,0.016287,0.000563,-0.40625,0.0,0.9877,1.0368,0.002297,0.002052,0.002936,10.873259,26.424538
1588592640,50931.0,-0.004427,0.029231,0.000596,-0.396484,0.0,0.9878,1.0368,0.0024,0.002114,0.003169,11.09341,27.377432
1589379072,50939.6,-0.003063,0.018964,0.000618,-0.394531,0.0,0.9877,1.0362,0.002486,0.002241,0.003092,11.137668,27.190115
1590165504,50947.4,-0.001696,0.01674,0.000609,-0.398438,0.0,0.9877,1.0356,0.002211,0.001974,0.002847,11.599633,28.003078
1590951936,50889.5,-0.007812,0.022716,0.000639,-0.388672,0.0,0.9878,1.0355,0.002018,0.001932,0.002896,11.772111,29.416809
1591738368,50896.6,-0.00076,0.019979,0.000531,-0.396484,0.0,0.9879,1.0357,0.001996,0.001868,0.003193,11.213767,28.771374
1592524800,50903.6,0.0024,0.016468,0.000522,-0.412109,0.0,0.9881,1.0362,0.002301,0.002038,0.002962,11.405244,28.62376
1593311232,50910.8,-0.004696,0.012923,0.00053,-0.40625,0.0,0.9881,1.0364,0.002062,0.00212,0.003013,11.966819,28.379501
1594097664,50873.3,-0.003874,0.028168,0.000525,-0.402344,0.0,0.9884,1.037,0.001747,0.002044,0.003379,12.414758,29.197403
1594884096,50880.7,0.002771,0.025528,0.000495,-0.421875,0.0,0.9885,1.0369,0.002029,0.002145,0.003915,11.810904,28.879599
1595670528,50887.6,-0.005948,0.019269,0.000511,-0.429688,0.0,0.9887,1.0372,0.002279,0.002299,0.003484,11.831234,28.592495
1596456960,50860.8,-0.000484,0.025469,0.000515,-0.431641,0.0,0.9886,1.037,0.001972,0.002122,0.003302,12.263594,27.897751
1597243392,50867.9,0.001211,0.018576,0.000481,-0.439453,0.0,0.9886,1.0366,0.001758,0.001964,0.002822,11.835095,27.027205
1598029824,50875.0,-0.003627,0.017651,0.000507,-0.4375,0.0,0.9885,1.036,0.002071,0.002031,0.002861,12.471514,27.985271
1598816256,50882.3,0.003785,0.015133,0.000494,-0.429688,0.0,0.9885,1.0358,0.002077,0.001928,0.002756,11.779188,28.138594
1599602688,50851.7,-0.000933,0.028954,0.000496,-0.439453,0.0,0.9883,1.0354,0.002764,0.002436,0.003237,12.27773,28.449867
1600389120,50858.6,-0.008288,0.021674,0.000502,-0.460938,0.0,0.9883,1.0353,0.002717,0.00246,0.003046,12.319393,27.007824
1601175552,50865.5,-0.000769,0.020293,0.000491,-0.455078,0.0,0.9883,1.035,0.002316,0.002233,0.003378,11.83974,26.430206
1601961984,50846.7,0.001002,0.030985,0.000441,-0.462891,0.0,0.9881,1.0346,0.00247,0.001949,0.002929,11.5927,25.063663
1602748416,50853.9,-0.002891,0.01803,0.000438,-0.457031,0.0,0.9881,1.0349,0.002521,0.002433,0.003402,11.59521,25.068853
1603534848,50861.0,8.6e-05,0.019158,0.000458,-0.441406,0.0,0.9881,1.0356,0.002275,0.002241,0.002851,11.724424,25.703506
1604321280,50868.1,-0.000998,0.015314,0.000424,-0.433594,0.0,0.9883,1.0363,0.002162,0.0022,0.002874,10.849542,25.422367
1605107712,50849.1,-0.00213,0.031462,0.000443,-0.427734,0.0,0.9882,1.0363,0.002592,0.002084,0.003349,11.324743,25.722408
1605894144,50856.5,-0.004929,0.022057,0.000506,-0.433594,0.0,0.988,1.0359,0.00259,0.002218,0.003394,11.624997,26.553329
1606680576,50863.8,-0.000964,0.022086,0.000643,-0.429688,0.0,0.9879,1.0356,0.002211,0.002286,0.002518,11.503702,26.795788
1607467008,50845.1,0.002933,0.034692,0.000656,-0.431641,0.0,0.9878,1.0354,0.002224,0.002099,0.002808,10.631862,30.945625
1608253440,50852.3,0.003527,0.021123,0.000557,-0.396484,0.0,0.9876,1.035,0.001945,0.00199,0.002454,11.076877,26.727194
1609039872,50859.5,-0.004113,0.014218,0.000646,-0.390625,0.0,0.9875,1.0351,0.002055,0.001758,0.002702,10.725692,26.215307
1609826304,50866.5,-0.00889,0.015036,0.000664,-0.398438,0.0,0.9873,1.0348,0.001814,0.001878,0.002388,10.856773,27.207098
1610612736,50847.0,0.000252,0.027799,0.000594,-0.398438,0.0,0.9873,1.0348,0.002254,0.001655,0.002769,11.259081,26.215897
1611399168,50854.0,-0.00238,0.016613,0.000565,-0.425781,0.0,0.9873,1.0346,0.002172,0.001573,0.002619,11.013231,26.263527
1612185600,50862.1,-0.005767,0.017298,0.000526,-0.427734,0.0,0.9872,1.0349,0.002304,0.001513,0.002566,11.313622,26.249207
1612972032,50869.3,0.001404,0.020751,0.000582,-0.421875,0.0,0.9872,1.0351,0.002294,0.001871,0.002764,11.638637,26.845282
1613758464,50841.4,0.001349,0.026987,0.000607,-0.421875,0.0,0.9871,1.0355,0.002046,0.001942,0.002958,10.997709,27.307522
1614544896,50848.7,0.000517,0.016882,0.000574,-0.416016,0.0,0.9871,1.0356,0.002323,0.001905,0.002589,11.578504,26.834936
1615331328,50856.0,-0.005622,0.018221,0.000601,-0.425781,0.0,0.9871,1.0359,0.002364,0.001981,0.002661,10.956878,27.165924
1616117760,50837.2,-0.007443,0.02265,0.000561,-0.429688,0.0,0.9872,1.0364,0.001954,0.001805,0.002407,11.29635,26.908401
1616904192,50844.7,-0.001922,0.015426,0.000476,-0.449219,0.0,0.9872,1.0368,0.002198,0.001741,0.002662,11.292271,27.113586
1617690624,50852.7,-0.00568,0.012483,0.000468,-0.457031,0.0,0.9873,1.0377,0.00217,0.001664,0.002593,12.336926,26.871962
1618477056,50860.2,-0.009402,0.011567,0.000522,-0.457031,0.0,0.9873,1.0384,0.002028,0.00202,0.002547,12.568481,27.239044
1619263488,50829.1,-0.00334,0.027053,0.000507,-0.462891,0.0,0.9874,1.0387,0.002649,0.001896,0.002691,12.882216,27.776531
1620049920,50836.9,-0.000711,0.019327,0.000532,-0.460938,0.0,0.9873,1.0383,0.001789,0.002075,0.002616,12.874084,27.090658
1620836352,50844.9,-0.004989,0.017626,0.0005,-0.449219,0.0,0.9872,1.0378,0.001898,0.002228,0.002544,12.079564,26.683058
1621622784,50825.9,-0.002128,0.026709,0.000529,-0.433594,0.0,0.9871,1.0374,0.002153,0.001887,0.002601,12.007274,27.047424
1622409216,50833.4,0.003445,0.027273,0.000544,-0.412109,0.0,0.9869,1.0367,0.0023,0.001892,0.002883,11.732838,26.768494
1623195648,50840.3,-0.00412,0.020605,0.000526,-0.423828,0.0,0.987,1.0373,0.00237,0.002157,0.002896,11.242128,27.079933
1623982080,50846.9,-0.004973,0.024638,0.000518,-0.421875,0.0,0.9872,1.0378,0.002217,0.002166,0.002664,11.55877,27.043011
1624768512,50823.0,-0.000169,0.029282,0.000497,-0.429688,0.0,0.9873,1.0382,0.002201,0.001926,0.002981,10.416481,25.811844
1625554944,50830.5,0.007043,0.026421,0.000517,-0.427734,0.0,0.9874,1.0384,0.002217,0.002187,0.00271,10.780837,25.240561
1626341376,50837.8,-0.001523,0.016601,0.000533,-0.416016,0.0,0.9875,1.0386,0.001973,0.002042,0.002513,10.868812,26.163076
1627127808,50815.3,-0.006267,0.022514,0.000616,-0.417969,0.0,0.9878,1.039,0.001935,0.001892,0.002476,10.798592,25.494896
1627914240,50822.5,-0.002445,0.021881,0.000578,-0.425781,0.0,0.9878,1.0387,0.002976,0.002183,0.002894,11.299123,26.600819
1628700672,50829.7,-0.004912,0.018897,0.000561,-0.439453,0.0,0.9879,1.0389,0.002417,0.002109,0.002828,11.814449,27.313393
1629487104,50837.0,0.003155,0.019929,0.000615,-0.4375,0.0,0.988,1.0393,0.002477,0.002124,0.002549,11.775804,26.95232
1630273536,50811.2,-0.004057,0.031906,0.0005,-0.439453,0.0,0.9881,1.0397,0.001818,0.002102,0.002901,11.181816,26.209738
1631059968,50818.3,0.002926,0.031857,0.000542,-0.447266,0.0,0.9882,1.0398,0.002251,0.002508,0.003022,11.249553,25.795105
1631846400,50825.6,-0.002924,0.017938,0.000556,-0.443359,0.0,0.9883,1.04,0.002017,0.002538,0.002898,11.158441,25.994909
1632632832,50784.7,-0.010622,0.025875,0.000566,-0.419922,0.0,0.9883,1.0401,0.002657,0.001961,0.003177,11.371785,29.503674
1633419264,50790.9,-0.005964,0.026958,0.000456,-0.423828,0.0,0.9883,1.0397,0.002311,0.002135,0.003286,10.989705,26.789684
1634205696,50798.7,-0.000727,0.021808,0.000461,-0.435547,0.0,0.9881,1.0391,0.002237,0.002081,0.003125,11.361623,27.58486
1634992128,50805.7,-7.5e-05,0.022142,0.000598,-0.421875,0.0,0.9881,1.0386,0.002413,0.002039,0.002878,11.558968,27.15132
1635778560,50774.1,-0.003949,0.026012,0.000537,-0.416016,0.0,0.988,1.0385,0.002076,0.002013,0.002733,11.614921,27.162291
1636564992,50781.7,-0.005521,0.016318,0.000495,-0.416016,0.0,0.9879,1.0379,0.002219,0.001907,0.00303,11.229918,27.092785
1637351424,50789.3,-0.004862,0.01732,0.00054,-0.410156,0.0,0.988,1.0385,0.002072,0.001907,0.003109,11.760717,27.873465
1638137856,50796.8,-0.001297,0.01292,0.000548,-0.404297,0.0,0.9881,1.039,0.001803,0.0018,0.002715,10.725849,26.607527
1638924288,50752.1,-0.004284,0.027232,0.000532,-0.412109,0.0,0.9884,1.0391,0.00192,0.001915,0.003065,10.574501,26.380005
1639710720,50759.0,-0.009945,0.018035,0.000487,-0.416016,0.0,0.9885,1.0393,0.002344,0.002248,0.003285,11.280077,27.552212
1640497152,50766.4,0.002079,0.021131,0.000487,-0.419922,0.0,0.9886,1.0394,0.002028,0.002178,0.00306,11.144364,26.323416
1641283584,50739.4,-0.002259,0.02778,0.000553,-0.412109,0.0,0.9887,1.0396,0.002366,0.002183,0.002933,11.222096,26.739614
1642070016,50746.6,-0.001855,0.015053,0.000477,-0.410156,0.0,0.9886,1.0393,0.002026,0.00209,0.003124,11.042928,26.695944
1642856448,50753.5,0.00128,0.01934,0.000559,-0.400391,0.0,0.9886,1.0392,0.001841,0.001952,0.002937,11.503155,27.524176
1643642880,50761.6,-0.001204,0.016491,0.000539,-0.390625,0.0,0.9886,1.0392,0.001869,0.00189,0.003014,10.662054,27.587469
1644429312,50712.3,0.000724,0.027219,0.000493,-0.414062,0.0,0.9886,1.039,0.002438,0.00189,0.003506,11.138759,27.620193
1645215744,50720.5,-0.004421,0.015047,0.000515,-0.40625,0.0,0.9886,1.0391,0.002615,0.001707,0.002762,11.983364,27.531036
1646002176,50729.2,0.002422,0.015583,0.000523,-0.412109,0.0,0.9885,1.0392,0.002081,0.001844,0.003022,10.719273,26.837423
1646788608,50681.8,0.001266,0.023131,0.000506,-0.419922,0.0,0.9885,1.0393,0.001793,0.00162,0.002352,11.014174,27.385891
1647575040,50690.1,-0.002531,0.016353,0.000493,-0.419922,0.0,0.9885,1.0391,0.002131,0.001901,0.002748,11.359385,26.536871
1648361472,50698.3,-0.005143,0.019493,0.000532,-0.414062,0.0,0.9884,1.039,0.002127,0.002118,0.002805,11.5717,27.235851
1649147904,50705.3,0.00045,0.020595,0.000546,-0.394531,0.0,0.9885,1.0393,0.002124,0.001905,0.002712,11.082994,27.201223
1649934336,50670.7,-0.00147,0.025868,0.000531,-0.390625,0.0,0.9885,1.0392,0.002807,0.00183,0.002648,10.871373,28.379101
1650720768,50677.6,-0.002296,0.01815,0.000525,-0.400391,0.0,0.9885,1.039,0.002266,0.001964,0.003084,10.708409,27.144943
1651507200,50686.0,0.002122,0.016296,0.000513,-0.400391,0.0,0.9886,1.0392,0.002049,0.001738,0.002608,11.083164,26.665936
1652293632,50656.0,-0.003116,0.028681,0.000497,-0.394531,0.0,0.9886,1.0392,0.001842,0.002002,0.002593,10.887231,26.564945
1653080064,50663.1,-0.002999,0.020587,0.000582,-0.380859,0.0,0.9886,1.0393,0.002684,0.002115,0.002753,11.506979,28.011272
1653866496,50669.9,-0.00061,0.019572,0.000567,-0.369141,0.0,0.9887,1.0394,0.003466,0.001899,0.002617,10.419444,28.062521
1654652928,50677.9,-0.004367,0.018703,0.000575,-0.398438,0.0,0.9888,1.0392,0.003167,0.00186,0.002816,10.558055,28.437099
1655439360,50642.8,0.005087,0.032619,0.00067,-0.412109,0.0,0.9887,1.0389,0.002197,0.002131,0.002943,11.246893,26.180691
1656225792,50651.1,-0.004279,0.020493,0.000556,-0.427734,0.0,0.9886,1.039,0.002137,0.002625,0.003034,11.121828,26.411091
1657012224,50659.9,-0.003541,0.020214,0.000521,-0.4375,0.0,0.9887,1.0393,0.002455,0.002182,0.00328,11.601712,26.290047
1657798656,50634.1,-0.002529,0.030977,0.000586,-0.431641,0.0,0.9888,1.0396,0.002168,0.00189,0.002853,11.232744,29.508932
1658585088,50641.5,-0.002151,0.019843,0.000577,-0.427734,0.0,0.9887,1.0396,0.002682,0.002077,0.002957,11.528662,27.177786
1659371520,50648.4,-0.004952,0.018022,0.000591,-0.431641,0.0,0.9886,1.0397,0.002416,0.001828,0.002713,10.650005,26.306524
1660157952,50655.5,-0.000741,0.021152,0.000559,-0.427734,0.0,0.9884,1.0396,0.002545,0.00183,0.002853,12.466624,28.544125
1660944384,50605.0,-0.007614,0.025641,0.00055,-0.416016,0.0,0.9884,1.0396,0.002331,0.00186,0.002887,12.435451,28.343109
1661730816,50612.2,-0.00547,0.015181,0.000548,-0.423828,0.0,0.9881,1.0391,0.002076,0.001947,0.002849,11.9829,27.91996
1662517248,50619.5,-0.004692,0.014949,0.000546,-0.412109,0.0,0.9879,1.0387,0.002077,0.002159,0.002954,11.564508,28.332214
1663303680,50626.6,-0.005008,0.013505,0.000624,-0.410156,0.0,0.9877,1.0381,0.002078,0.001959,0.002807,11.552563,28.189571
1664090112,50595.3,-0.005237,0.023537,0.000543,-0.394531,0.0,0.9877,1.0379,0.002046,0.002478,0.003029,10.90923,28.563177
1664876544,50603.2,-0.005586,0.01834,0.000588,-0.386719,0.0,0.9877,1.0376,0.001768,0.002301,0.002709,11.196845,27.686268
1665662976,50611.1,-0.000952,0.019778,0.000543,-0.380859,0.0,0.9877,1.0372,0.002229,0.002191,0.00271,10.789628,27.725323
1666449408,50570.7,-0.00662,0.025537,0.000559,-0.388672,0.0,0.9878,1.0372,0.001967,0.002007,0.002424,11.036408,28.346935
1667235840,50579.3,-0.001287,0.012969,0.000528,-0.384766,0.0,0.9877,1.0373,0.00206,0.001578,0.002502,10.89032,27.394878
1668022272,50588.1,-0.004643,0.016053,0.000492,-0.386719,0.0,0.9877,1.0379,0.002279,0.001737,0.00257,10.665081,27.616425
1668808704,50596.7,-0.00128,0.01465,0.000535,-0.402344,0.0,0.9877,1.0382,0.002053,0.001704,0.002526,10.404336,27.381094
1669595136,50571.1,0.000381,0.023161,0.000522,-0.394531,0.0,0.9876,1.038,0.002229,0.001773,0.002579,11.051858,27.646053
1670381568,50579.5,0.001879,0.016355,0.000529,-0.402344,0.0,0.9872,1.0372,0.00166,0.00204,0.002682,11.774242,28.178165
1671168000,50586.6,-0.004016,0.01428,0.000568,-0.412109,0.0,0.9869,1.0368,0.001906,0.001793,0.002377,12.135144,29.217583
1671954432,50554.8,-0.001437,0.023747,0.000572,-0.417969,0.0,0.9864,1.0361,0.001641,0.001896,0.002541,12.243846,28.881927
1672740864,50562.7,0.001102,0.018642,0.000565,-0.416016,0.0,0.9864,1.0361,0.002086,0.001995,0.00257,12.043793,27.230259
1673527296,50569.9,-0.00326,0.017007,0.000518,-0.421875,0.0,0.9862,1.036,0.001603,0.001728,0.002479,11.397479,27.57128
1674313728,50577.6,-0.006924,0.014688,0.000526,-0.416016,0.0,0.986,1.0358,0.001579,0.00185,0.002535,11.608175,27.40686
1675100160,50545.3,-0.001813,0.026537,0.000602,-0.416016,0.0,0.9859,1.036,0.001575,0.001868,0.002173,11.53989,28.509201
1675886592,50552.0,0.000149,0.015013,0.000591,-0.414062,0.0,0.986,1.0363,0.001671,0.002014,0.002511,11.603995,27.335333
1676673024,50559.4,-0.003079,0.01455,0.000631,-0.400391,0.0,0.9862,1.0369,0.0019,0.001887,0.002759,11.089536,27.007957
1677459456,50531.7,0.000945,0.023733,0.000573,-0.412109,0.0,0.9864,1.0374,0.001785,0.001834,0.002683,11.11393,26.626463
1678245888,50538.0,-0.005259,0.016959,0.000593,-0.412109,0.0,0.9864,1.0378,0.002268,0.001861,0.003222,11.441642,27.505163
1679032320,50544.4,-0.004381,0.0137,0.000593,-0.396484,0.0,0.9865,1.0385,0.001952,0.001817,0.002998,11.615329,27.979481
1679818752,50552.5,-0.002384,0.012353,0.000561,-0.394531,0.0,0.9867,1.0392,0.002274,0.001633,0.002719,11.097786,28.646244
1680605184,50506.0,-0.000431,0.020575,0.000577,-0.384766,0.0,0.9869,1.0396,0.001945,0.001802,0.002661,10.680827,27.423437
1681391616,50514.0,-0.00078,0.012923,0.000555,-0.390625,0.0,0.9868,1.0395,0.001909,0.00178,0.002888,11.04417,28.311981
1682178048,50521.5,-0.007665,0.013147,0.000571,-0.384766,0.0,0.9869,1.0396,0.001828,0.001739,0.002545,11.047797,28.239861
1682964480,50496.8,-0.003808,0.019944,0.000583,-0.373047,0.0,0.987,1.0399,0.001825,0.001491,0.002492,11.843006,31.139288
1683750912,50505.1,-0.004738,0.016547,0.000543,-0.376953,0.0,0.9869,1.04,0.003006,0.002231,0.003538,10.819072,29.272076
1684537344,50511.9,-0.007627,0.015606,0.000592,-0.384766,0.0,0.9869,1.04,0.002117,0.001914,0.002997,10.732794,28.170952
1685323776,50520.4,-0.001,0.016679,0.000559,-0.378906,0.0,0.9866,1.0396,0.002264,0.001914,0.002907,10.636484,27.588522
1686110208,50479.9,-0.0015,0.026033,0.000615,-0.365234,0.0,0.9866,1.0395,0.001643,0.001728,0.002699,10.00036,27.887564
1686896640,50488.0,-0.002451,0.014193,0.000707,-0.384766,0.0,0.9868,1.0397,0.002375,0.001823,0.002788,10.319234,28.344311
1687683072,50496.0,-0.002311,0.0177,0.000588,-0.392578,0.0,0.9872,1.0404,0.003433,0.00181,0.002958,11.276214,28.570059
1688469504,50504.6,0.000605,0.013969,0.000687,-0.376953,0.0,0.9877,1.0412,0.002506,0.001741,0.00262,11.929593,29.243145
1689255936,50483.4,-0.001674,0.030946,0.000497,-0.388672,0.0,0.988,1.0413,0.002768,0.001897,0.002616,10.800634,28.393124
1690042368,50491.6,-0.004942,0.018842,0.000681,-0.396484,0.0,0.9881,1.0408,0.002673,0.001884,0.002727,10.692103,27.216976
1690828800,50499.3,-0.004081,0.017307,0.000496,-0.400391,0.0,0.9882,1.0406,0.001917,0.001823,0.002481,10.796323,27.13818
1691615232,50470.6,-0.004415,0.02255,0.000595,-0.398438,0.0,0.9885,1.0408,0.001895,0.001705,0.002702,11.12018,26.949051
1692401664,50477.0,-0.006089,0.010549,0.000516,-0.410156,0.0,0.9884,1.0406,0.0018,0.001684,0.002604,10.916997,27.120575
1693188096,50484.0,-0.008802,0.010981,0.000687,-0.402344,0.0,0.9885,1.0407,0.001997,0.001834,0.002261,10.878783,26.708548
1693974528,50491.0,-0.00193,0.013297,0.000491,-0.396484,0.0,0.9886,1.0407,0.001632,0.001745,0.002604,10.333885,26.155838
1694760960,50463.0,-0.002419,0.024842,0.000584,-0.417969,0.0,0.9887,1.0407,0.00195,0.00161,0.002508,10.955453,26.794384
1695547392,50470.7,-0.007409,0.016535,0.000525,-0.414062,0.0,0.9889,1.0407,0.002198,0.001621,0.002776,11.741984,26.850195
1696333824,50477.4,-0.005539,0.01238,0.000639,-0.412109,0.0,0.989,1.0405,0.002121,0.001521,0.002721,11.569738,27.649221
1697120256,50378.7,0.000189,0.026206,0.000549,-0.410156,0.0,0.9891,1.0403,0.002114,0.001729,0.002733,11.431152,28.099667
1697906688,50385.6,0.000385,0.021819,0.000503,-0.414062,0.0,0.9891,1.0401,0.002325,0.002091,0.003005,11.532622,27.696104
1698693120,50392.7,-0.00042,0.022942,0.000654,-0.414062,0.0,0.989,1.0399,0.002513,0.00215,0.002626,10.889199,27.170782
1699479552,50399.8,0.00161,0.016249,0.000554,-0.427734,0.0,0.9889,1.0397,0.002496,0.00206,0.002563,11.398108,27.434372
1700265984,50372.1,-0.001725,0.024291,0.000528,-0.433594,0.0,0.9888,1.0393,0.002056,0.002023,0.002969,11.900206,27.702801
1701052416,50379.8,0.000334,0.019259,0.000487,-0.429688,0.0,0.9888,1.0388,0.002563,0.002276,0.00296,11.666853,26.280676
1701838848,50386.9,-0.003941,0.020589,0.000559,-0.4375,0.0,0.9888,1.0387,0.002124,0.00169,0.002632,11.536626,26.41827
1702625280,50329.8,0.001276,0.027502,0.000606,-0.429688,0.0,0.9888,1.0386,0.001896,0.001705,0.002506,10.428557,25.230101
1703411712,50337.9,-0.004336,0.012779,0.000565,-0.414062,0.0,0.9888,1.0387,0.001685,0.001703,0.002331,11.383078,27.841366
1704198144,50345.5,-0.003492,0.010817,0.000577,-0.40625,0.0,0.989,1.0389,0.001764,0.001744,0.002302,11.684081,27.284521
1704984576,50352.8,0.000629,0.014386,0.000529,-0.40625,0.0,0.989,1.0392,0.001685,0.001525,0.002402,11.497527,27.729721
1705771008,50329.8,-0.000951,0.024978,0.000579,-0.414062,0.0,0.9889,1.039,0.001999,0.001728,0.002542,11.327626,27.379375
1706557440,50336.4,-0.004367,0.01341,0.000659,-0.417969,0.0,0.9888,1.0393,0.001536,0.001786,0.002461,11.412238,27.869925
1707343872,50343.3,-0.007217,0.011508,0.000725,-0.421875,0.0,0.9886,1.0395,0.001774,0.001639,0.002507,11.625716,27.678823
1708130304,50306.5,-0.00086,0.021557,0.000648,-0.425781,0.0,0.9886,1.0397,0.001853,0.0016,0.00204,12.725676,29.872829
1708916736,50312.9,-0.002624,0.016096,0.000522,-0.453125,0.0,0.9885,1.0394,0.001995,0.001911,0.002723,12.09012,28.067144
1709703168,50320.2,-0.002263,0.017256,0.000582,-0.451172,0.0,0.9882,1.0385,0.002403,0.001955,0.002547,12.062615,26.25362
1710489600,50328.2,-0.003592,0.01582,0.000533,-0.4375,0.0,0.9879,1.0379,0.001956,0.001857,0.0022,12.17836,27.214775
1711276032,50289.5,0.001143,0.022038,0.000531,-0.423828,0.0,0.9877,1.0374,0.001847,0.001709,0.002297,11.2984,26.029341
1712062464,50296.4,-0.007611,0.012547,0.00065,-0.427734,0.0,0.9876,1.0373,0.002085,0.001644,0.002341,11.605107,26.757248
1712848896,50303.4,0.001241,0.014586,0.000651,-0.431641,0.0,0.9875,1.0373,0.002299,0.001662,0.002572,11.762827,27.038483
1713635328,50309.7,0.009865,0.019451,0.000515,-0.414062,0.0,0.9874,1.0372,0.002596,0.001702,0.002774,11.50839,26.881302
1714421760,50281.5,-0.004229,0.020073,0.000622,-0.402344,0.0,0.9874,1.0375,0.002325,0.00164,0.002555,11.217707,26.420021
1715208192,50288.9,0.001809,0.012879,0.000554,-0.400391,0.0,0.9874,1.0381,0.002022,0.001889,0.002303,10.204988,26.062103
1715994624,50295.7,-0.005394,0.011352,0.000564,-0.412109,0.0,0.9874,1.0388,0.001907,0.001739,0.002684,11.312099,27.343384
1716781056,50262.1,-0.002021,0.023155,0.000522,-0.408203,0.0,0.9875,1.0393,0.002116,0.001694,0.00272,11.522347,28.783886
1717567488,50269.7,0.004442,0.016109,0.000576,-0.400391,0.0,0.9876,1.0395,0.002007,0.001811,0.002727,11.50351,28.392691
1718353920,50276.6,0.000843,0.013321,0.000491,-0.404297,0.0,0.9879,1.0401,0.00191,0.001726,0.002522,11.257037,27.83252
1719140352,50283.4,-0.001202,0.012887,0.000493,-0.412109,0.0,0.988,1.0406,0.002187,0.001897,0.002795,10.79821,28.046072
1719926784,50259.9,-0.000945,0.027824,0.000488,-0.427734,0.0,0.988,1.0407,0.002099,0.00197,0.002784,11.941396,28.509222
1720713216,50266.8,-0.006301,0.015168,0.00057,-0.427734,0.0,0.9878,1.0402,0.002266,0.001906,0.002553,12.418726,28.583542
1721499648,50273.6,-0.005254,0.015849,0.000553,-0.421875,0.0,0.9874,1.0397,0.002464,0.00209,0.002596,12.19558,28.737
1722286080,50223.9,-0.007408,0.023109,0.000514,-0.423828,0.0,0.9874,1.0396,0.001757,0.001882,0.002428,11.979741,27.79311
1723072512,50230.8,-0.001247,0.018207,0.000498,-0.423828,0.0,0.9872,1.0391,0.001971,0.001867,0.002508,11.336591,26.974171
1723858944,50237.9,0.003671,0.021113,0.000534,-0.421875,0.0,0.9872,1.0389,0.002446,0.001937,0.002699,11.576006,27.226913
1724645376,50244.8,-0.0066,0.016143,0.000504,-0.423828,0.0,0.9871,1.0385,0.002019,0.002099,0.002883,11.252313,27.490149
1725431808,50224.8,-0.004221,0.028792,0.000458,-0.431641,0.0,0.9872,1.0386,0.001908,0.002307,0.002705,11.630486,26.754421
1726218240,50231.4,-0.002937,0.014969,0.000485,-0.441406,0.0,0.9871,1.0386,0.001969,0.001761,0.002602,10.760993,25.73291
1727004672,50237.9,0.000143,0.016813,0.000511,-0.431641,0.0,0.9871,1.039,0.002115,0.001901,0.002779,11.583838,25.974499
1727791104,50199.4,0.007063,0.022104,0.000481,-0.417969,0.0,0.9872,1.0395,0.001808,0.001755,0.002502,11.066168,26.57527
1728577536,50206.1,-0.003739,0.018034,0.000537,-0.40625,0.0,0.9871,1.0395,0.00224,0.001953,0.002819,11.809912,27.742947
1729363968,50213.0,-0.003093,0.014999,0.000514,-0.402344,0.0,0.987,1.0393,0.002,0.001926,0.002677,11.107229,27.673004
1730150400,50219.6,0.003892,0.019679,0.000517,-0.410156,0.0,0.9871,1.0395,0.001787,0.001859,0.002792,11.131427,28.027477
1730936832,50186.5,-0.001286,0.025033,0.000544,-0.419922,0.0,0.9868,1.039,0.001878,0.001612,0.002726,11.814221,27.502594
1731723264,50194.3,-0.00787,0.012759,0.000528,-0.414062,0.0,0.9866,1.0384,0.001973,0.001661,0.002659,11.814883,27.216675
1732509696,50202.1,0.000266,0.013674,0.000552,-0.40625,0.0,0.9865,1.0377,0.002153,0.001781,0.002528,11.313967,27.56159
1733296128,50172.8,-0.003533,0.020597,0.000522,-0.40625,0.0,0.9863,1.0371,0.001995,0.001615,0.002558,12.931876,30.009537
1734082560,50179.1,-0.00233,0.016104,0.000509,-0.408203,0.0,0.9862,1.0369,0.002443,0.001986,0.002679,11.198445,27.994116
1734868992,50185.6,-0.006885,0.016804,0.000554,-0.402344,0.0,0.9861,1.0366,0.002494,0.001826,0.002716,11.435787,27.919577
1735655424,50192.3,0.000775,0.012617,0.000513,-0.423828,0.0,0.9861,1.0365,0.002009,0.001889,0.002663,11.454733,27.905684
1736441856,50166.7,0.004073,0.02836,0.000524,-0.419922,0.0,0.9861,1.0363,0.001815,0.00193,0.002507,12.301146,27.345066
1737228288,50174.6,-0.004524,0.016931,0.000518,-0.417969,0.0,0.9862,1.0364,0.002406,0.001987,0.002909,11.953408,27.939138
1738014720,50181.4,0.001948,0.017412,0.000479,-0.421875,0.0,0.9864,1.0365,0.001896,0.001904,0.002553,11.711704,27.972988
1738801152,50188.2,-0.007649,0.016634,0.000494,-0.423828,0.0,0.9865,1.0365,0.001881,0.002028,0.002734,11.059238,27.531586
1739587584,50163.6,-0.003898,0.01829,0.000434,-0.400391,0.0,0.9868,1.0371,0.001867,0.001812,0.00252,11.078094,27.909658
1740374016,50170.9,0.000811,0.0155,0.000483,-0.404297,0.0,0.9869,1.0375,0.001879,0.001533,0.002423,11.170313,27.475515
1741160448,50178.6,0.004652,0.014945,0.000501,-0.40625,0.0,0.9872,1.0383,0.002284,0.001865,0.002489,11.302311,28.278328
1741946880,50150.8,0.00323,0.027889,0.000524,-0.423828,0.0,0.9875,1.0389,0.001864,0.001613,0.002093,11.78611,28.782024
1742733312,50158.2,0.005648,0.021543,0.000553,-0.429688,0.0,0.9876,1.0392,0.001669,0.001623,0.002445,12.204557,28.016584
1743519744,50165.5,-0.001984,0.020903,0.000607,-0.429688,0.0,0.9877,1.0395,0.001899,0.001991,0.002607,12.113324,28.241415
1744306176,50171.9,-0.004869,0.020063,0.000526,-0.431641,0.0,0.9875,1.0394,0.001914,0.002001,0.002584,12.224661,27.91506
1745092608,50136.7,-0.004556,0.030341,0.000497,-0.425781,0.0,0.9875,1.0393,0.002181,0.001997,0.0026,11.903629,27.818054
1745879040,50143.1,-0.00616,0.0194,0.000496,-0.417969,0.0,0.9874,1.0393,0.001951,0.001879,0.002956,12.189656,28.670797
1746665472,50149.4,0.003018,0.021841,0.000502,-0.410156,0.0,0.9875,1.0393,0.001524,0.001809,0.002527,11.687978,28.679251
1747451904,50123.6,-0.012034,0.02553,0.000567,-0.404297,0.0,0.9876,1.0395,0.002142,0.001917,0.002468,11.888172,28.072552
1748238336,50130.3,-0.001442,0.016624,0.000505,-0.40625,0.0,0.9879,1.0396,0.001969,0.001625,0.002905,11.168267,27.46748
1749024768,50136.8,-0.002369,0.015531,0.000497,-0.404297,0.0,0.9882,1.0399,0.001799,0.001646,0.002557,11.646062,27.892895
1749811200,50143.2,-0.002352,0.016318,0.000486,-0.388672,0.0,0.9885,1.0404,0.001634,0.001741,0.002251,11.095109,28.40312
1750597632,50105.1,-0.001705,0.028033,0.000489,-0.400391,0.0,0.9885,1.0402,0.001897,0.001468,0.00266,11.127697,28.012306
1751384064,50111.8,-0.002748,0.015061,0.000529,-0.402344,0.0,0.9885,1.0401,0.001997,0.001702,0.002489,11.148837,27.885754
1752170496,50118.6,-0.003108,0.015615,0.000518,-0.404297,0.0,0.9884,1.0398,0.001891,0.001728,0.002327,10.837809,27.045879
1752956928,50096.8,-0.0085,0.025153,0.000527,-0.404297,0.0,0.9883,1.0395,0.001839,0.0017,0.002446,10.728277,26.169128
1753743360,50103.8,-0.005561,0.020881,0.000461,-0.414062,0.0,0.9884,1.0396,0.001866,0.002216,0.002505,11.644534,27.245596
1754529792,50110.5,-0.004356,0.019358,0.000491,-0.419922,0.0,0.9885,1.04,0.002357,0.001949,0.002658,11.561302,27.85458
1755316224,50117.2,-0.000412,0.022395,0.000493,-0.421875,0.0,0.9885,1.04,0.001857,0.001876,0.002582,11.539176,27.922802
1756102656,50091.0,0.001775,0.029952,0.000523,-0.421875,0.0,0.9884,1.0399,0.001922,0.001588,0.002334,11.724637,26.433609
1756889088,50097.6,-0.00355,0.016145,0.000578,-0.412109,0.0,0.9881,1.0399,0.002424,0.001678,0.002743,11.338723,26.40122
1757675520,50105.1,-0.005422,0.013856,0.000511,-0.404297,0.0,0.9879,1.0399,0.002151,0.001907,0.002659,10.654868,26.461096
1758461952,50078.9,-0.002458,0.021122,0.000545,-0.408203,0.0,0.9877,1.0402,0.001767,0.001669,0.002451,12.543445,28.185745
1759248384,50085.5,-0.005577,0.022942,0.000455,-0.425781,0.0,0.9874,1.0397,0.002064,0.002153,0.00288,11.583783,27.381447
1760034816,50092.4,-0.003713,0.018642,0.000545,-0.417969,0.0,0.9873,1.0394,0.002041,0.001788,0.002636,11.372504,26.623627
1760821248,50098.8,-0.001402,0.019365,0.000512,-0.417969,0.0,0.9873,1.0392,0.001443,0.00181,0.002478,11.124158,26.795334
1761607680,50071.6,0.002581,0.028959,0.000588,-0.416016,0.0,0.9875,1.0393,0.001754,0.001573,0.002536,11.552669,27.477581
1762394112,50079.8,-0.004156,0.020394,0.000553,-0.429688,0.0,0.9871,1.0384,0.001989,0.001687,0.002739,11.729265,27.476196
1763180544,50087.9,0.005835,0.018784,0.000577,-0.433594,0.0,0.987,1.0382,0.002344,0.001673,0.002401,11.521358,27.320206
1763966976,50096.1,-0.01072,0.016092,0.000569,-0.429688,0.0,0.9869,1.0381,0.002087,0.001662,0.002564,11.549749,27.705597
1764753408,50074.1,-0.00337,0.016478,0.000682,-0.40625,0.0,0.9869,1.0382,0.002021,0.002404,0.002949,10.974939,26.289524
1765539840,50080.7,0.002983,0.012609,0.000561,-0.408203,0.0,0.987,1.0389,0.00188,0.002183,0.00254,10.925638,26.958364
1766326272,50089.0,0.000176,0.013516,0.000573,-0.410156,0.0,0.9869,1.0393,0.001914,0.001885,0.002388,10.9346,26.733959
1767112704,50054.4,-0.003541,0.020164,0.000505,-0.408203,0.0,0.987,1.0397,0.001443,0.001691,0.002318,11.424101,27.862976
1767899136,50061.3,-0.006339,0.010958,0.000474,-0.414062,0.0,0.9868,1.0399,0.002133,0.001844,0.00253,10.155982,27.570211
1768685568,50069.3,0.001105,0.015224,0.000489,-0.412109,0.0,0.9868,1.0403,0.001712,0.002063,0.002386,11.262114,26.412558
1769472000,50077.5,-0.004647,0.012729,0.00048,-0.408203,0.0,0.9868,1.0407,0.001878,0.001855,0.002416,11.000711,26.756863
1770258432,50054.2,-0.006111,0.025512,0.000498,-0.410156,0.0,0.9867,1.041,0.001874,0.001729,0.002377,11.859346,28.191458
1771044864,50062.3,-0.000485,0.01419,0.000523,-0.410156,0.0,0.9869,1.0413,0.001735,0.001912,0.002658,11.385753,27.395681
1771831296,50069.5,-0.006604,0.012534,0.000527,-0.410156,0.0,0.9871,1.0419,0.002311,0.001666,0.002467,11.593679,27.493248
1772617728,50037.3,-0.003508,0.021309,0.000506,-0.417969,0.0,0.9873,1.0423,0.001907,0.001508,0.002312,12.319684,28.824497
1773404160,50044.2,-0.004911,0.01489,0.000475,-0.414062,0.0,0.9874,1.0429,0.002459,0.001798,0.002553,11.984116,28.092733
1774190592,50052.3,-0.012613,0.011136,0.000476,-0.429688,0.0,0.9876,1.0434,0.002411,0.001544,0.00278,11.789357,28.1796
1774977024,50060.3,0.000649,0.011702,0.000451,-0.435547,0.0,0.9878,1.044,0.001998,0.001946,0.002767,11.84415,27.169241
1775763456,50031.0,-0.002258,0.026359,0.00054,-0.443359,0.0,0.988,1.044,0.002502,0.001742,0.002414,12.066595,27.692093
1776549888,50039.1,0.003671,0.019269,0.000524,-0.441406,0.0,0.9881,1.0444,0.003067,0.001928,0.002829,12.187086,26.565273
1777336320,50047.4,-0.001312,0.015923,0.000514,-0.445312,0.0,0.9884,1.045,0.002165,0.00171,0.002594,11.970373,26.19878
1778122752,50006.9,0.000555,0.024445,0.000495,-0.445312,0.0,0.9886,1.0455,0.002489,0.001702,0.002579,11.511643,25.693419
1778909184,50014.4,-0.00752,0.018497,0.00052,-0.429688,0.0,0.9887,1.0456,0.001969,0.001727,0.002616,11.744874,26.566374
1779695616,50022.0,-0.005013,0.014736,0.000499,-0.417969,0.0,0.9891,1.0465,0.001722,0.001865,0.00268,11.16223,26.812904
1780482048,50028.7,-0.008185,0.016842,0.0005,-0.416016,0.0,0.9894,1.0472,0.001598,0.001785,0.002551,11.089339,27.019325
1781268480,50002.4,-0.003531,0.027764,0.000479,-0.429688,0.0,0.9895,1.0473,0.002019,0.001961,0.00277,11.546847,26.717031
1782054912,50009.1,0.003007,0.025398,0.000525,-0.441406,0.0,0.9895,1.0466,0.002197,0.002366,0.002846,11.357838,27.002495
1782841344,50016.0,-0.00086,0.01876,0.00047,-0.427734,0.0,0.9893,1.0457,0.001768,0.002085,0.002483,11.987976,26.894207
1783627776,49988.6,-0.002223,0.023844,0.000471,-0.396484,0.0,0.9894,1.0455,0.001585,0.001766,0.002355,12.535492,28.653034
1784414208,49996.5,-0.009269,0.015045,0.00048,-0.384766,0.0,0.9892,1.0448,0.002144,0.001631,0.00259,10.254031,28.205709
1785200640,50004.3,-0.00806,0.013911,0.000468,-0.378906,0.0,0.9894,1.0447,0.001848,0.001665,0.002491,10.100661,27.463516
1785987072,50012.7,-0.004058,0.014654,0.000528,-0.369141,0.0,0.9895,1.0444,0.001682,0.001575,0.002503,10.354372,27.973211
1786773504,49981.4,-0.009473,0.022859,0.000487,-0.371094,0.0,0.9895,1.0443,0.001531,0.001634,0.003029,10.96248,28.134167
1787559936,49989.0,-0.000247,0.013125,0.000521,-0.376953,0.0,0.9897,1.044,0.001806,0.002002,0.00312,10.606041,28.74115
1788346368,49996.9,0.001927,0.014284,0.000504,-0.390625,0.0,0.9898,1.0439,0.001521,0.001753,0.00257,10.833718,28.90736
1789132800,49969.2,-0.008504,0.021283,0.000506,-0.396484,0.0,0.9898,1.0434,0.001494,0.001805,0.002356,11.697061,29.235884
1789919232,49977.0,-0.003924,0.016258,0.000427,-0.392578,0.0,0.9896,1.0431,0.00212,0.001674,0.002681,11.023491,27.977423
1790705664,49983.5,-0.007865,0.014373,0.000501,-0.396484,0.0,0.9895,1.0426,0.002036,0.00174,0.002706,11.049367,28.505222
1791492096,49991.0,-0.003268,0.013618,0.000448,-0.390625,0.0,0.9894,1.0421,0.001977,0.001637,0.002632,10.907419,27.97184
1792278528,49953.2,-0.011655,0.021594,0.000458,-0.382812,0.0,0.9895,1.0418,0.002267,0.001731,0.00229,10.825116,28.780661
1793064960,49960.5,-0.003428,0.0185,0.000477,-0.398438,0.0,0.9895,1.0408,0.001875,0.001666,0.002465,11.233318,28.878586
1793851392,49968.1,-0.00602,0.019104,0.000493,-0.396484,0.0,0.9895,1.0402,0.00192,0.001746,0.002628,11.048553,28.12328
1794637824,49976.2,-0.004809,0.019297,0.000469,-0.398438,0.0,0.9893,1.0394,0.002503,0.00189,0.002733,11.170526,28.144894
1795424256,49955.5,-0.002487,0.025839,0.000454,-0.427734,0.0,0.9893,1.0392,0.001858,0.001875,0.002521,11.918949,27.832203
1796210688,49962.9,-0.00369,0.017639,0.000484,-0.439453,0.0,0.9893,1.0394,0.00246,0.001733,0.002737,12.308134,28.136127
1796997120,49969.3,-0.003905,0.015932,0.000459,-0.431641,0.0,0.9894,1.0393,0.002016,0.001925,0.002824,12.147911,28.410675
1797783552,49941.1,-0.001071,0.024243,0.000471,-0.414062,0.0,0.9895,1.0394,0.001558,0.001573,0.002373,10.984661,28.814766
1798569984,49947.7,-0.005716,0.012479,0.000539,-0.404297,0.0,0.9897,1.0399,0.001997,0.001603,0.002356,11.146094,29.101543
1799356416,49954.8,-0.001326,0.014694,0.000761,-0.402344,0.0,0.9899,1.0408,0.001729,0.001789,0.002029,11.685043,28.981258
1800142848,49962.9,-0.008496,0.013672,0.000623,-0.402344,0.0,0.9901,1.0414,0.001743,0.001682,0.002138,11.808837,28.777153
1800929280,49941.2,-0.000184,0.031647,0.000663,-0.390625,0.0,0.9902,1.0417,0.001715,0.00182,0.002155,11.72129,29.887478
1801715712,49948.7,-0.000117,0.01726,0.000558,-0.398438,0.0,0.9902,1.0421,0.001693,0.001706,0.002117,11.288832,29.234138
1802502144,49955.3,-0.007347,0.013748,0.000617,-0.408203,0.0,0.9903,1.0425,0.001525,0.001723,0.002306,11.895413,28.591248
1803288576,49928.3,0.003627,0.024586,0.000534,-0.416016,0.0,0.9903,1.043,0.001516,0.001662,0.002117,11.60582,28.285553
1804075008,49935.5,0.002387,0.016488,0.000488,-0.402344,0.0,0.9902,1.0432,0.001759,0.00171,0.002283,11.636617,27.946537
1804861440,49942.7,-0.001052,0.019754,0.000537,-0.394531,0.0,0.9899,1.043,0.002344,0.001752,0.002777,11.613955,28.363926
1805647872,49950.5,-0.001284,0.018806,0.000516,-0.382812,0.0,0.9898,1.043,0.0022,0.00194,0.002616,10.660921,27.234375
1806434304,49923.4,-0.00474,0.031379,0.000647,-0.396484,0.0,0.9898,1.043,0.002081,0.001935,0.002773,10.767904,26.829643
1807220736,49931.3,-0.001824,0.020558,0.000527,-0.417969,0.0,0.9899,1.0429,0.002227,0.00187,0.002717,11.318394,27.02776
1808007168,49938.0,-0.001645,0.017468,0.000569,-0.412109,0.0,0.99,1.0432,0.00194,0.001638,0.002653,11.162868,26.53714
1808793600,49915.4,0.003108,0.026866,0.000528,-0.410156,0.0,0.99,1.0433,0.002136,0.001751,0.002645,12.21424,26.37685
1809580032,49923.2,-0.002935,0.016092,0.000474,-0.419922,0.0,0.9901,1.0443,0.001912,0.001987,0.002477,11.041172,25.844269
1810366464,49931.0,-0.004352,0.015754,0.000522,-0.421875,0.0,0.9902,1.0452,0.001962,0.00184,0.002525,11.28152,26.410797
1811152896,49939.0,-0.005222,0.014386,0.000516,-0.429688,0.0,0.9903,1.0462,0.00262,0.001787,0.002629,11.454061,26.37907
1811939328,49905.6,-0.006538,0.024124,0.000493,-0.423828,0.0,0.9902,1.046,0.001951,0.001624,0.0025,11.880672,27.360565
1812725760,49913.3,0.005407,0.020408,0.000469,-0.429688,0.0,0.9902,1.0457,0.002112,0.001722,0.00237,11.508924,27.309814
1813512192,49920.7,-0.004225,0.016143,0.000471,-0.425781,0.0,0.9901,1.0454,0.001613,0.001797,0.002289,11.371014,26.773026
1814298624,49901.0,-0.001391,0.024527,0.000561,-0.419922,0.0,0.9899,1.045,0.002296,0.001614,0.002169,8.441844,29.074974
1815085056,49908.6,-0.000901,0.02085,0.000471,-0.431641,0.0,0.9898,1.0448,0.002598,0.002109,0.002795,11.308757,25.800976
1815871488,49916.7,-0.003701,0.017264,0.000512,-0.421875,0.0,0.9897,1.0446,0.001964,0.002183,0.002483,10.851331,25.333542
1816657920,49924.8,-0.007087,0.016061,0.000615,-0.435547,0.0,0.9896,1.0442,0.001915,0.001899,0.002338,10.878723,26.276253
1817444352,49885.0,0.000621,0.024901,0.000603,-0.423828,0.0,0.9895,1.0441,0.001557,0.001729,0.002225,11.45399,26.251173
1818230784,49892.4,0.006873,0.017049,0.000584,-0.423828,0.0,0.9894,1.0442,0.001891,0.001946,0.002717,11.173194,26.771811
1819017216,49899.0,-0.006296,0.013686,0.000556,-0.412109,0.0,0.9893,1.0439,0.002101,0.001599,0.002485,11.035465,26.335989
1819803648,49906.5,0.002786,0.011537,0.000523,-0.392578,0.0,0.9892,1.0436,0.001642,0.001369,0.002225,11.284459,27.107494
1820590080,49886.6,-0.001093,0.025449,0.000501,-0.388672,0.0,0.9893,1.0439,0.001781,0.001829,0.002433,10.224013,26.671768
1821376512,49893.8,-0.005062,0.016279,0.000698,-0.390625,0.0,0.9896,1.0443,0.00228,0.001807,0.002827,10.336075,26.14975
1822162944,49901.7,-0.001313,0.011449,0.000492,-0.390625,0.0,0.9898,1.0449,0.002115,0.001765,0.002596,10.626754,26.190298
1822949376,49883.9,-0.001905,0.024516,0.000546,-0.414062,0.0,0.9898,1.0451,0.001629,0.001697,0.002232,10.709081,26.212162
1823735808,49890.5,-0.002298,0.024425,0.000531,-0.427734,0.0,0.9896,1.0444,0.001725,0.001975,0.002458,11.466014,26.214674
1824522240,49897.5,-0.010162,0.017501,0.000475,-0.410156,0.0,0.9895,1.0437,0.001602,0.002149,0.002317,10.67181,26.237488
1825308672,49905.4,0.000368,0.020772,0.000496,-0.408203,0.0,0.9893,1.0431,0.001684,0.001913,0.002412,10.726652,26.660557
1826095104,49878.3,-0.002399,0.02319,0.00059,-0.398438,0.0,0.9893,1.043,0.001997,0.001604,0.00243,11.109755,27.024395
1826881536,49886.3,-0.006578,0.01155,0.000668,-0.392578,0.0,0.9894,1.0432,0.002819,0.001935,0.002408,10.373333,27.068047
1827667968,49894.5,-0.007363,0.010547,0.000578,-0.394531,0.0,0.9895,1.0431,0.001718,0.001398,0.001957,10.352344,26.6185
1828454400,49871.3,0.001946,0.021014,0.000549,-0.392578,0.0,0.9896,1.0432,0.001774,0.001443,0.002077,10.548711,25.851864
1829240832,49879.3,-0.004878,0.012104,0.000605,-0.378906,0.0,0.9897,1.0426,0.001963,0.00162,0.00236,10.287021,26.337597
1830027264,49886.6,-0.009083,0.014794,0.000604,-0.380859,0.0,0.9898,1.0423,0.002077,0.001774,0.002739,9.703016,26.506002
1830813696,49894.6,0.000678,0.011455,0.000535,-0.386719,0.0,0.9899,1.0418,0.00156,0.001535,0.002254,10.270383,26.484905
1831600128,49865.3,-0.001409,0.026607,0.000538,-0.402344,0.0,0.9901,1.0419,0.001761,0.001875,0.002221,10.1884,25.958548
1832386560,49873.0,-0.010313,0.017028,0.000473,-0.398438,0.0,0.9901,1.0418,0.00172,0.001805,0.002449,10.427263,25.844475
1833172992,49879.3,-0.002857,0.015933,0.000483,-0.380859,0.0,0.9901,1.042,0.001459,0.001805,0.002144,10.023267,25.624258
1833959424,49851.1,-0.007578,0.021735,0.000526,-0.380859,0.0,0.99,1.0421,0.001494,0.001774,0.002416,9.929654,26.028494
1834745856,49858.3,-0.001729,0.016839,0.000518,-0.386719,0.0,0.9901,1.0424,0.001812,0.001602,0.002133,9.841725,26.177603
1835532288,49864.5,-0.001757,0.017394,0.000521,-0.400391,0.0,0.9902,1.0426,0.001833,0.00179,0.002292,9.850656,25.616804
1836318720,49872.5,-0.002637,0.01435,0.000543,-0.392578,0.0,0.9901,1.0427,0.001573,0.001351,0.001868,10.184977,25.422272
1837105152,49833.2,-0.003139,0.026266,0.000635,-0.392578,0.0,0.9901,1.0425,0.001737,0.001505,0.002384,10.295655,25.626572
1837891584,49839.8,-0.00504,0.019061,0.000664,-0.40625,0.0,0.9899,1.0419,0.001954,0.001914,0.00307,10.08391,25.148891
1838678016,49846.2,-0.008703,0.015013,0.000642,-0.423828,0.0,0.9898,1.0412,0.002341,0.001719,0.002886,10.606185,24.999344
1839464448,49828.2,-0.003547,0.02445,0.000547,-0.445312,0.0,0.9896,1.0406,0.001659,0.001645,0.002443,8.217482,27.373098
1840250880,49835.8,0.003137,0.021315,0.000612,-0.439453,0.0,0.9897,1.0409,0.002483,0.001905,0.00272,11.040762,24.554073
1841037312,49843.6,-0.006747,0.015234,0.00058,-0.431641,0.0,0.9898,1.0412,0.002663,0.001656,0.002569,11.136909,24.969465
1841823744,49851.3,-0.003765,0.018624,0.000581,-0.421875,0.0,0.9898,1.0412,0.002561,0.001891,0.0027,10.949836,25.519131
1842610176,49831.7,-0.00157,0.027102,0.000536,-0.423828,0.0,0.9898,1.0411,0.002228,0.001594,0.00234,11.435719,25.637833
1843396608,49839.5,-0.003245,0.023125,0.00066,-0.435547,0.0,0.9896,1.0405,0.00228,0.002017,0.002785,10.682317,25.757149
1844183040,49847.3,6.7e-05,0.022852,0.000515,-0.441406,0.0,0.9894,1.0402,0.001832,0.001898,0.002919,10.989512,25.75411
1844969472,49855.1,-0.004664,0.024477,0.000531,-0.449219,0.0,0.9891,1.0393,0.001683,0.001863,0.002823,11.359262,25.653957
1845755904,49828.8,-0.001422,0.032607,0.000537,-0.457031,0.0,0.989,1.0395,0.00201,0.001744,0.002662,12.351473,26.141891
1846542336,49836.8,-0.004581,0.016984,0.000481,-0.4375,0.0,0.9889,1.0398,0.0019,0.001851,0.002671,12.400257,27.644384
1847328768,49844.5,-8.1e-05,0.019324,0.000514,-0.451172,0.0,0.9889,1.0402,0.001892,0.001694,0.002615,12.405721,27.88899
1848115200,49821.9,-0.011741,0.024969,0.000513,-0.445312,0.0,0.9888,1.0402,0.001748,0.001666,0.002185,12.476762,28.24349
1848901632,49828.8,0.005386,0.019387,0.000487,-0.439453,0.0,0.9888,1.0398,0.001928,0.001811,0.002599,13.205536,28.420446
1849688064,49836.5,-0.004548,0.01283,0.000459,-0.4375,0.0,0.9887,1.0395,0.001698,0.001518,0.002833,12.298319,29.04582
1850474496,49843.6,-0.003933,0.014548,0.000471,-0.447266,0.0,0.9887,1.0391,0.001928,0.001878,0.002576,12.383451,28.496664
1851260928,49813.5,-0.005965,0.027461,0.000537,-0.433594,0.0,0.9888,1.0389,0.00208,0.001716,0.002667,12.254444,27.810682
1852047360,49820.4,0.002871,0.01896,0.000541,-0.431641,0.0,0.9888,1.0389,0.00193,0.001509,0.002279,11.987364,28.199409
1852833792,49827.1,-0.005986,0.013951,0.000504,-0.4375,0.0,0.9889,1.0391,0.001837,0.001798,0.002423,11.93471,27.404728
1853620224,49797.5,0.001057,0.024547,0.000488,-0.431641,0.0,0.989,1.0389,0.001632,0.001703,0.002076,11.533191,27.058979
1854406656,49805.3,-0.004868,0.015577,0.000532,-0.423828,0.0,0.9891,1.0388,0.001597,0.001851,0.002356,12.35915,27.682364
1855193088,49811.5,-0.002548,0.015256,0.000505,-0.425781,0.0,0.9892,1.0388,0.001814,0.00183,0.002375,12.434534,28.410688
1855979520,49818.9,0.000244,0.014411,0.000491,-0.423828,0.0,0.9892,1.0389,0.001704,0.00183,0.002354,12.211496,28.944164
1856765952,49779.8,-0.000199,0.025441,0.000495,-0.412109,0.0,0.9893,1.0391,0.001368,0.001502,0.001987,11.728017,28.803312
1857552384,49787.6,-0.002224,0.016772,0.000503,-0.400391,0.0,0.9893,1.0395,0.002413,0.001585,0.002306,11.442301,28.127525
1858338816,49795.3,0.000516,0.012453,0.0005,-0.392578,0.0,0.9894,1.0401,0.001773,0.001741,0.00229,11.458333,27.772207
1859125248,49771.9,-0.004423,0.020737,0.000506,-0.378906,0.0,0.9894,1.0406,0.001517,0.00154,0.002142,11.634431,27.756811
1859911680,49779.3,-0.002099,0.021682,0.000476,-0.394531,0.0,0.9894,1.0406,0.002075,0.001922,0.002589,10.415325,27.484768
1860698112,49787.1,-0.00307,0.012208,0.000604,-0.396484,0.0,0.9895,1.0407,0.001471,0.00149,0.002079,11.253835,28.092855
1861484544,49794.9,-0.003517,0.011,0.000469,-0.396484,0.0,0.9896,1.0412,0.001661,0.001923,0.002255,11.183635,28.001888
1862270976,49771.8,-0.007076,0.02203,0.000464,-0.392578,0.0,0.9896,1.0416,0.001695,0.001803,0.002394,11.181462,27.51811
1863057408,49779.6,-0.005003,0.017727,0.000501,-0.394531,0.0,0.9897,1.0423,0.002202,0.001691,0.002534,10.680988,27.261063
1863843840,49787.3,0.004048,0.019754,0.000503,-0.394531,0.0,0.9897,1.0427,0.001927,0.001782,0.002526,11.119229,27.962402
1864630272,49772.1,-0.002919,0.020762,0.0005,-0.396484,0.0,0.9896,1.0431,0.001776,0.001422,0.002053,8.825217,29.548857
1865416704,49780.0,0.000798,0.015837,0.000494,-0.396484,0.0,0.9898,1.0436,0.001666,0.001585,0.002454,10.571373,26.789679
1866203136,49787.8,-0.005657,0.013804,0.000529,-0.398438,0.0,0.9898,1.0441,0.001891,0.001531,0.002515,10.639775,26.431496
1866989568,49795.7,-0.006733,0.013672,0.000447,-0.410156,0.0,0.9898,1.0445,0.001697,0.001501,0.00217,10.765505,26.540264
1867776000,49764.4,0.000548,0.024803,0.000495,-0.394531,0.0,0.9899,1.0447,0.001471,0.00146,0.002491,11.341216,27.637152
1868562432,49771.5,-0.005736,0.020267,0.00052,-0.400391,0.0,0.9897,1.0442,0.002138,0.00165,0.002642,11.206107,28.035879
1869348864,49777.7,-0.00442,0.015679,0.000572,-0.394531,0.0,0.9896,1.0436,0.001578,0.001771,0.002665,10.610399,27.630367
1870135296,49784.4,-0.004169,0.01814,0.000528,-0.390625,0.0,0.9895,1.0432,0.00196,0.001801,0.002445,10.532548,27.507431
1870921728,49758.0,-0.005598,0.0218,0.000516,-0.386719,0.0,0.9895,1.0435,0.001587,0.001751,0.00233,11.312344,27.4543
1871708160,49765.2,0.002525,0.01938,0.000601,-0.398438,0.0,0.9893,1.0435,0.002022,0.001609,0.002298,11.356891,28.55592
1872494592,49772.0,-0.003018,0.014105,0.000577,-0.390625,0.0,0.9894,1.0436,0.001613,0.001555,0.002192,11.120816,28.266821
1873281024,49755.3,-0.005215,0.019926,0.000533,-0.380859,0.0,0.9895,1.0439,0.001657,0.001698,0.002407,10.721527,29.251842
1874067456,49761.8,0.005935,0.018939,0.000571,-0.384766,0.0,0.9896,1.0436,0.00213,0.002065,0.003264,10.780232,28.014654
1874853888,49768.6,-0.004269,0.018326,0.000648,-0.388672,0.0,0.9895,1.0432,0.001843,0.001915,0.002736,10.418626,27.965298
1875640320,49776.3,-0.006738,0.016175,0.000516,-0.386719,0.0,0.9895,1.0428,0.001924,0.002054,0.002325,10.237827,27.301907
1876426752,49749.3,-0.001276,0.026014,0.000527,-0.369141,0.0,0.9895,1.0428,0.001595,0.001816,0.002283,10.964408,28.219471
1877213184,49757.2,-0.002992,0.018957,0.0005,-0.369141,0.0,0.9894,1.0428,0.00158,0.00187,0.002094,9.794641,27.402996
1877999616,49765.1,-0.00339,0.015187,0.000494,-0.355469,0.0,0.9894,1.0426,0.001802,0.001939,0.002232,9.816772,27.327606
1878786048,49748.8,0.004399,0.024224,0.00049,-0.355469,0.0,0.9893,1.0422,0.001589,0.001752,0.002021,9.564542,25.842968
1879572480,49756.3,-0.001289,0.01453,0.000564,-0.378906,0.0,0.9893,1.0425,0.001547,0.0017,0.002468,9.85662,26.36257
1880358912,49763.5,-0.001334,0.013823,0.000645,-0.378906,0.0,0.9893,1.0427,0.001678,0.001736,0.002161,10.390543,27.232992
1881145344,49770.8,0.000604,0.01248,0.000524,-0.373047,0.0,0.9893,1.0432,0.00142,0.001903,0.00252,10.835291,27.43605
1881931776,49743.0,-0.001237,0.027382,0.000515,-0.380859,0.0,0.9894,1.043,0.001864,0.001622,0.002526,10.55425,27.861746
1882718208,49750.7,-0.003672,0.020265,0.00051,-0.384766,0.0,0.9895,1.0429,0.00241,0.00163,0.002776,10.839063,28.319927
1883504640,49758.4,-0.000386,0.017359,0.000466,-0.384766,0.0,0.9894,1.0427,0.001974,0.001491,0.002608,10.556266,28.105804
1884291072,49739.2,-0.002737,0.023351,0.000473,-0.382812,0.0,0.9894,1.0425,0.00173,0.001532,0.002425,10.823673,27.854656
1885077504,49747.1,-0.006843,0.010402,0.000568,-0.384766,0.0,0.9895,1.0432,0.001734,0.001684,0.002531,10.700577,27.788769
1885863936,49755.0,-0.005087,0.012519,0.000549,-0.388672,0.0,0.9898,1.0444,0.001654,0.001568,0.002382,10.229839,28.093182
1886650368,49762.9,-0.002456,0.012379,0.000643,-0.384766,0.0,0.99,1.0451,0.001636,0.001611,0.002528,11.093149,28.410019
1887436800,49743.2,-0.005872,0.022227,0.000481,-0.367188,0.0,0.9901,1.0454,0.001637,0.001338,0.002335,10.378516,27.440422
1888223232,49750.9,-0.00836,0.011824,0.000474,-0.355469,0.0,0.9902,1.0453,0.002031,0.001599,0.00251,10.005763,27.672466
1889009664,49757.6,-0.002897,0.010704,0.000503,-0.353516,0.0,0.9903,1.0455,0.001665,0.001497,0.002651,9.77649,27.83371
1889796096,49735.2,0.001291,0.023712,0.000491,-0.359375,0.0,0.9903,1.0454,0.001614,0.001483,0.002329,8.398721,31.023336
1890582528,49742.1,-0.004986,0.01893,0.000494,-0.375,0.0,0.9902,1.0452,0.001892,0.001598,0.002504,10.60218,28.746899
1891368960,49748.5,-0.002869,0.016829,0.000479,-0.382812,0.0,0.9901,1.0447,0.001812,0.001681,0.002443,10.71221,28.73872
1892155392,49756.0,-0.005614,0.013659,0.000511,-0.373047,0.0,0.99,1.0448,0.001688,0.001443,0.002284,11.07269,29.113068
1892941824,49736.9,-0.008779,0.025627,0.000472,-0.378906,0.0,0.99,1.0446,0.0026,0.001575,0.002374,11.200229,30.246162
1893728256,49743.9,0.001827,0.021232,0.000478,-0.388672,0.0,0.9902,1.0446,0.002957,0.001774,0.002931,11.397902,29.74707
1894514688,49751.3,-0.00464,0.015543,0.000487,-0.388672,0.0,0.9903,1.0444,0.002505,0.001768,0.002588,11.783583,30.003826
1895301120,49758.0,-0.009545,0.017253,0.000491,-0.392578,0.0,0.9903,1.0443,0.002744,0.001763,0.003019,10.879408,28.654915
1896087552,49733.4,0.006725,0.033405,0.000546,-0.40625,0.0,0.9904,1.0441,0.001543,0.001848,0.002321,11.459909,28.357962
1896873984,49740.5,-0.000821,0.014289,0.000571,-0.400391,0.0,0.9905,1.0442,0.001623,0.001841,0.002272,12.041803,28.596905
1897660416,49746.7,-0.007808,0.014703,0.000511,-0.392578,0.0,0.9906,1.044,0.001798,0.001468,0.002338,11.523435,29.321854
1898446848,49722.2,0.001942,0.026625,0.000523,-0.398438,0.0,0.9906,1.0438,0.001595,0.001502,0.00226,11.305252,28.614935
1899233280,49729.9,-0.004612,0.019229,0.000513,-0.414062,0.0,0.9904,1.0437,0.00176,0.001795,0.002427,11.158517,27.743042
1900019712,49737.5,0.002166,0.019551,0.000517,-0.408203,0.0,0.9902,1.0436,0.001705,0.001542,0.002354,10.869276,26.355124
1900806144,49745.3,-0.000364,0.013814,0.000538,-0.392578,0.0,0.99,1.0435,0.001533,0.001594,0.002247,11.350711,27.303249
1901592576,49711.7,-0.003405,0.022275,0.000558,-0.373047,0.0,0.9897,1.0432,0.001738,0.001691,0.002348,10.399097,28.309875
1902379008,49719.5,-0.002833,0.013714,0.000527,-0.375,0.0,0.9897,1.043,0.001695,0.001706,0.002403,10.764377,29.165968
1903165440,49726.3,0.00172,0.018295,0.000523,-0.375,0.0,0.9897,1.0427,0.00177,0.001481,0.002049,10.297429,28.130209
1903951872,49708.6,-0.004851,0.025082,0.00049,-0.371094,0.0,0.9895,1.0425,0.00152,0.00157,0.002245,10.803338,27.717438
1904738304,49716.5,-0.005719,0.01562,0.000553,-0.388672,0.0,0.9896,1.0427,0.001782,0.001732,0.002381,10.977466,27.618603
1905524736,49724.3,0.002842,0.015259,0.000551,-0.396484,0.0,0.9897,1.0429,0.001453,0.001848,0.002527,11.234604,28.202316
1906311168,49731.1,-0.006295,0.01467,0.000525,-0.396484,0.0,0.9898,1.0435,0.00171,0.001594,0.002319,11.228831,28.347891
1907097600,49706.2,0.001692,0.024288,0.000515,-0.386719,0.0,0.9899,1.0439,0.001495,0.001633,0.002199,10.91114,28.296829
1907884032,49712.7,-0.002707,0.013802,0.000479,-0.388672,0.0,0.9901,1.0447,0.001555,0.002279,0.002387,10.731522,27.904776
1908670464,49720.0,0.00206,0.013855,0.000504,-0.376953,0.0,0.9903,1.0452,0.001444,0.00196,0.002276,10.486739,27.507717
1909456896,49694.7,0.000108,0.019891,0.000506,-0.369141,0.0,0.9903,1.0456,0.001423,0.001683,0.002226,10.065497,27.496609
1910243328,49701.1,-0.004264,0.013294,0.00052,-0.371094,0.0,0.9904,1.0461,0.001868,0.001578,0.002586,10.757316,28.181595
1911029760,49708.7,-0.003543,0.010302,0.000486,-0.367188,0.0,0.9905,1.0466,0.001613,0.001689,0.002542,10.549774,28.249775
1911816192,49716.5,-0.004728,0.015327,0.000465,-0.365234,0.0,0.9907,1.0471,0.001611,0.001498,0.002171,10.324563,28.073757
1912602624,49698.8,-0.004952,0.024389,0.000474,-0.382812,0.0,0.9907,1.0471,0.001576,0.001522,0.002484,10.514334,27.541199
1913389056,49706.5,0.004672,0.012354,0.000473,-0.386719,0.0,0.9907,1.0467,0.001637,0.001722,0.00246,10.197541,27.334738
1914175488,49714.2,-0.000321,0.018213,0.000476,-0.382812,0.0,0.9906,1.0463,0.001731,0.00163,0.002708,11.233275,27.708601
1914961920,49688.5,-0.000791,0.027877,0.000442,-0.382812,0.0,0.9906,1.046,0.001563,0.001451,0.001925,9.69536,30.199072
1915748352,49696.2,-0.000492,0.02281,0.00045,-0.404297,0.0,0.9906,1.0455,0.001972,0.001915,0.002662,10.597298,27.103699
1916534784,49703.8,-0.010134,0.021964,0.000429,-0.404297,0.0,0.9907,1.0449,0.001734,0.001653,0.002394,10.481748,27.355179
1917321216,49710.0,-0.000244,0.024486,0.000477,-0.402344,0.0,0.9908,1.0441,0.002051,0.001854,0.002465,11.12993,26.80444
1918107648,49693.5,-0.00303,0.032623,0.000468,-0.408203,0.0,0.9908,1.0435,0.002394,0.001802,0.002418,10.604567,27.149252
1918894080,49701.0,-0.002647,0.018009,0.000445,-0.427734,0.0,0.9908,1.0429,0.002443,0.001582,0.00216,10.886735,27.053265
1919680512,49707.0,-0.005686,0.014842,0.000482,-0.410156,0.0,0.9909,1.0424,0.002262,0.001816,0.002345,11.430659,26.597054
1920466944,49713.6,-0.002584,0.013136,0.000465,-0.398438,0.0,0.9909,1.0421,0.002512,0.001661,0.002572,11.268911,26.628136
1921253376,49690.0,-0.008321,0.025934,0.000478,-0.414062,0.0,0.9908,1.0422,0.002328,0.001907,0.003041,11.011352,27.255569
1922039808,49697.5,0.004465,0.015841,0.000546,-0.404297,0.0,0.9907,1.0421,0.002252,0.001941,0.002805,11.147886,26.987705
1922826240,49704.9,-0.002998,0.014986,0.000534,-0.408203,0.0,0.9906,1.042,0.001789,0.001753,0.00245,11.399389,27.730553
1923612672,49690.6,0.006522,0.024095,0.000539,-0.414062,0.0,0.9905,1.042,0.001579,0.001612,0.002597,11.04269,28.513668
1924399104,49696.9,-0.007294,0.016794,0.000503,-0.414062,0.0,0.9902,1.0416,0.001825,0.001652,0.002263,11.19558,27.222494
1925185536,49703.4,0.003469,0.01432,0.000522,-0.400391,0.0,0.99,1.041,0.001781,0.001617,0.002075,11.023151,26.745291
1925971968,49711.0,-0.007615,0.016214,0.000508,-0.394531,0.0,0.9898,1.0405,0.001679,0.001699,0.002163,10.994055,27.284309
1926758400,49689.0,-0.001231,0.023159,0.000498,-0.412109,0.0,0.9897,1.0402,0.002422,0.001473,0.002414,11.475681,28.350044
1927544832,49696.1,-0.002584,0.016751,0.000529,-0.419922,0.0,0.9897,1.0402,0.002063,0.001615,0.002515,11.734172,28.474545
1928331264,49703.8,-0.003904,0.01611,0.000545,-0.398438,0.0,0.9896,1.0398,0.001636,0.001558,0.002478,10.982814,27.546612
1929117696,49680.4,-0.003702,0.026133,0.000456,-0.380859,0.0,0.9895,1.0397,0.001673,0.001436,0.002211,11.474344,28.574867
1929904128,49688.1,-0.011455,0.017877,0.000489,-0.378906,0.0,0.9893,1.039,0.001709,0.001534,0.002257,10.572221,28.496542
1930690560,49695.8,-0.00442,0.018178,0.000488,-0.376953,0.0,0.9891,1.0383,0.002193,0.001768,0.002407,11.407223,29.587484
1931476992,49702.2,-0.003605,0.019217,0.000472,-0.373047,0.0,0.989,1.0381,0.001769,0.001715,0.002222,11.013095,29.232082
1932263424,49669.2,-0.012737,0.019979,0.000501,-0.367188,0.0,0.9889,1.0379,0.001671,0.001472,0.002256,10.481555,28.88559
1933049856,49676.6,0.001708,0.013621,0.000486,-0.365234,0.0,0.9891,1.0391,0.001651,0.001592,0.002328,10.515809,28.875494
1933836288,49684.3,0.000609,0.015199,0.000555,-0.369141,0.0,0.9891,1.0401,0.001737,0.001637,0.002375,10.264142,28.886242
1934622720,49657.4,-0.000811,0.023805,0.000499,-0.361328,0.0,0.9893,1.0408,0.001423,0.001396,0.002166,10.661185,27.772367
1935409152,49664.9,0.002008,0.016284,0.000477,-0.382812,0.0,0.9893,1.0411,0.002007,0.001755,0.002416,10.672585,28.503721
1936195584,49672.4,-0.005862,0.01183,0.000524,-0.382812,0.0,0.9894,1.0417,0.001759,0.001494,0.002263,10.782113,28.913992
1936982016,49678.5,-0.007329,0.015084,0.000512,-0.394531,0.0,0.9895,1.0424,0.001549,0.001456,0.002203,10.864458,28.532513
1937768448,49654.7,-0.003161,0.025213,0.000534,-0.388672,0.0,0.9894,1.0425,0.001437,0.00161,0.002213,10.806434,27.961727
1938554880,49662.0,-0.003623,0.018444,0.000444,-0.388672,0.0,0.9893,1.042,0.001634,0.001625,0.002156,11.027234,27.428967
1939341312,49669.1,0.001182,0.016489,0.000484,-0.40625,0.0,0.9893,1.0417,0.001364,0.001627,0.002066,11.03614,27.962463
1940127744,49646.8,-0.001533,0.024601,0.000522,-0.400391,0.0,0.9893,1.0414,0.001676,0.0017,0.00221,9.435907,31.482214
1940914176,49653.8,-0.002221,0.019571,0.000466,-0.386719,0.0,0.9893,1.0412,0.003167,0.002674,0.00284,10.852035,28.130087
1941700608,49661.2,-0.003426,0.017153,0.000481,-0.382812,0.0,0.9892,1.0408,0.002625,0.00237,0.002314,10.652417,27.981152
1942487040,49668.9,0.0064,0.0143,0.000444,-0.378906,0.0,0.9891,1.0405,0.002006,0.001808,0.002167,10.803629,27.223059
1943273472,49636.4,-0.003126,0.026408,0.000457,-0.386719,0.0,0.9893,1.0408,0.001922,0.001739,0.00224,10.415904,27.783758
1944059904,49642.9,-0.001111,0.017516,0.000475,-0.388672,0.0,0.9893,1.041,0.001716,0.001675,0.002352,10.73464,27.467169
1944846336,49649.1,-0.004761,0.01513,0.000504,-0.402344,0.0,0.9894,1.0413,0.001667,0.001753,0.002285,10.837988,27.386246
1945632768,49655.2,0.005198,0.017775,0.000521,-0.404297,0.0,0.9894,1.0415,0.001616,0.00155,0.002277,10.885112,27.098181
1946419200,49630.4,-0.001088,0.023454,0.000522,-0.40625,0.0,0.9896,1.0422,0.00181,0.001574,0.002125,10.826604,26.538403
1947205632,49636.5,-9e-05,0.010584,0.000489,-0.412109,0.0,0.9897,1.0425,0.001613,0.001415,0.002136,11.353783,26.246338
1947992064,49642.6,0.000942,0.008832,0.000498,-0.40625,0.0,0.9899,1.0433,0.001656,0.00153,0.002297,10.811759,26.503759
1948778496,49622.6,-0.001841,0.023361,0.000487,-0.396484,0.0,0.9902,1.0441,0.002373,0.001718,0.002018,11.052864,27.786606
1949564928,49628.9,-0.002904,0.015071,0.000496,-0.380859,0.0,0.9902,1.0441,0.00168,0.001579,0.002368,10.977882,26.608236
1950351360,49635.1,-0.006259,0.014707,0.000488,-0.380859,0.0,0.9901,1.0438,0.00177,0.001566,0.002536,10.267129,26.246105
1951137792,49641.3,0.001906,0.013098,0.000531,-0.375,0.0,0.9901,1.0441,0.001505,0.001574,0.002397,10.220013,26.433899
1951924224,49623.9,0.001003,0.026932,0.000592,-0.363281,0.0,0.9899,1.0439,0.001527,0.001559,0.002275,10.188618,27.449011
1952710656,49630.2,-0.000458,0.017146,0.000526,-0.378906,0.0,0.9898,1.0436,0.00133,0.001372,0.001978,9.683609,27.200186
1953497088,49637.2,-0.005433,0.010824,0.000555,-0.367188,0.0,0.9897,1.0434,0.001287,0.001553,0.001961,9.937894,27.213593
1954283520,49620.3,0.001128,0.024237,0.000449,-0.367188,0.0,0.9895,1.0433,0.001307,0.001468,0.002052,10.258958,26.747498
1955069952,49627.5,0.002559,0.012048,0.000482,-0.398438,0.0,0.9897,1.0438,0.001759,0.001555,0.002217,10.255842,26.044643
1955856384,49634.7,0.003936,0.017951,0.00057,-0.404297,0.0,0.9897,1.044,0.002379,0.001559,0.00252,10.517561,26.758728
1956642816,49642.1,-0.004869,0.013369,0.00049,-0.416016,0.0,0.9899,1.0444,0.001907,0.001523,0.002428,10.876607,26.532003
1957429248,49613.8,0.008174,0.020745,0.000514,-0.417969,0.0,0.99,1.045,0.001622,0.001396,0.002109,11.332522,27.895653
1958215680,49621.0,-0.001456,0.013323,0.000533,-0.421875,0.0,0.9902,1.046,0.001613,0.001385,0.002235,11.259543,26.280668
1959002112,49628.5,-0.000654,0.012407,0.000491,-0.392578,0.0,0.9904,1.0469,0.001635,0.001503,0.002288,11.266374,25.943909
1959788544,49601.7,-0.000563,0.021576,0.000574,-0.390625,0.0,0.9905,1.0476,0.001527,0.001375,0.002304,9.964501,25.913488
1960574976,49608.8,0.00237,0.019259,0.000546,-0.402344,0.0,0.9904,1.0467,0.001681,0.001522,0.002304,10.904181,26.871872
1961361408,49615.8,-0.004234,0.016224,0.000488,-0.402344,0.0,0.9903,1.046,0.001579,0.001806,0.002315,11.039128,26.727423
1962147840,49622.8,0.000123,0.018302,0.000562,-0.402344,0.0,0.9902,1.0451,0.001802,0.00168,0.00245,10.67421,26.850338
1962934272,49588.1,-0.003339,0.023914,0.00054,-0.394531,0.0,0.99,1.0445,0.002036,0.001316,0.002129,10.846275,27.699575
1963720704,49594.8,-0.002194,0.011177,0.000543,-0.392578,0.0,0.9899,1.0442,0.001594,0.001637,0.002263,10.594008,27.936737
1964507136,49601.8,-0.001454,0.012168,0.000602,-0.384766,0.0,0.9899,1.044,0.001507,0.001623,0.002004,11.008723,28.237331
1965293568,49543.2,-0.004405,0.022744,0.000514,-0.373047,0.0,0.9897,1.0435,0.00145,0.001476,0.001917,10.276993,30.942312
1966080000,49549.3,-0.004066,0.016132,0.00051,-0.386719,0.0,0.9897,1.0436,0.001817,0.001603,0.002417,10.383447,26.638779
1966866432,49555.9,-0.001803,0.012018,0.000561,-0.392578,0.0,0.9899,1.0439,0.001598,0.00152,0.002245,10.566655,27.23489
1967652864,49562.0,0.002451,0.01813,0.000517,-0.388672,0.0,0.9899,1.0439,0.001907,0.001541,0.002678,10.42935,27.177664
1968439296,49530.0,0.001312,0.026061,0.000468,-0.384766,0.0,0.99,1.0439,0.001492,0.001229,0.002371,10.340999,27.222281
1969225728,49536.2,0.000488,0.013171,0.000504,-0.375,0.0,0.9901,1.0437,0.001583,0.001536,0.002635,10.200554,26.806461
1970012160,49543.7,-0.001891,0.013114,0.000516,-0.378906,0.0,0.9903,1.0437,0.001759,0.001519,0.002373,10.139453,26.689388
1970798592,49551.2,-0.001758,0.012581,0.000465,-0.384766,0.0,0.9904,1.0436,0.00165,0.001375,0.002319,9.949606,26.65012
1971585024,49529.5,-0.002956,0.026846,0.000462,-0.380859,0.0,0.9905,1.0436,0.001977,0.001661,0.002683,10.084599,26.470068
1972371456,49536.6,-0.001754,0.015936,0.000532,-0.378906,0.0,0.9905,1.0437,0.001765,0.001622,0.00263,10.366116,26.083813
1973157888,49544.2,-0.001798,0.011805,0.00047,-0.378906,0.0,0.9906,1.0439,0.002398,0.001653,0.002414,10.13093,26.888535
1973944320,49525.0,-0.005867,0.021342,0.000535,-0.378906,0.0,0.9907,1.044,0.001594,0.001304,0.002075,10.67188,27.175488
1974730752,49531.6,-0.006734,0.013404,0.000526,-0.40625,0.0,0.9907,1.0437,0.001639,0.001548,0.002344,10.224025,27.0126
1975517184,49539.1,0.001068,0.012872,0.000558,-0.402344,0.0,0.9907,1.0435,0.001708,0.001699,0.00232,11.014243,27.256767
1976303616,49546.6,0.007339,0.011703,0.00053,-0.390625,0.0,0.9907,1.0434,0.001744,0.001493,0.002251,10.542651,26.955566
1977090048,49519.7,-0.001395,0.023814,0.000521,-0.388672,0.0,0.9908,1.044,0.001655,0.001649,0.002292,11.201761,28.098684
1977876480,49526.1,-0.002182,0.015206,0.000513,-0.386719,0.0,0.9909,1.0445,0.001725,0.001785,0.002676,10.547988,27.816902
1978662912,49533.3,-0.004378,0.013733,0.00049,-0.384766,0.0,0.9909,1.045,0.001518,0.001553,0.002095,10.91573,28.365093
1979449344,49506.3,-0.005006,0.023505,0.000502,-0.380859,0.0,0.9908,1.0454,0.001482,0.001504,0.002233,10.835723,28.15382
1980235776,49512.3,-0.000496,0.021601,0.000521,-0.390625,0.0,0.9909,1.0453,0.001784,0.00175,0.002679,10.621469,28.100311
1981022208,49518.6,-0.001839,0.015976,0.000452,-0.398438,0.0,0.9908,1.0452,0.001721,0.001747,0.002558,11.423308,27.852001
1981808640,49525.4,-0.004049,0.016006,0.000468,-0.410156,0.0,0.991,1.0451,0.001775,0.001917,0.002408,10.762771,27.679195
1982595072,49501.1,-0.011267,0.029059,0.000466,-0.425781,0.0,0.991,1.0448,0.001861,0.001741,0.002571,11.085655,26.974747
1983381504,49507.8,-0.006092,0.015513,0.000523,-0.427734,0.0,0.9909,1.0444,0.001948,0.002013,0.002266,11.529542,26.682262
1984167936,49515.1,-0.0053,0.017413,0.000492,-0.412109,0.0,0.9909,1.0441,0.001664,0.001815,0.002506,11.436994,26.305008
1984954368,49487.0,-0.00652,0.02505,0.000489,-0.414062,0.0,0.991,1.0441,0.001957,0.001719,0.002074,11.107316,25.746618
1985740800,49494.3,-0.003299,0.010691,0.000431,-0.402344,0.0,0.9911,1.0446,0.001644,0.00158,0.00191,11.363918,27.037613
1986527232,49501.7,-0.0006,0.015204,0.000439,-0.396484,0.0,0.9911,1.045,0.001838,0.00159,0.00207,11.057006,27.466537
1987313664,49508.9,0.003398,0.010283,0.000471,-0.390625,0.0,0.9911,1.0452,0.001684,0.001383,0.002206,10.390454,27.542974
1988100096,49491.7,0.002881,0.022924,0.000409,-0.382812,0.0,0.9912,1.0456,0.001644,0.00152,0.001921,10.535013,27.295467
1988886528,49499.3,-0.001347,0.01526,0.000453,-0.388672,0.0,0.9911,1.0456,0.001842,0.001549,0.002139,10.335094,25.975666
1989672960,49505.4,-0.00025,0.014071,0.000459,-0.388672,0.0,0.991,1.0455,0.001958,0.001764,0.002157,10.592623,27.469158
1990459392,49490.9,0.002662,0.024759,0.000434,-0.376953,0.0,0.991,1.0455,0.001754,0.001605,0.002069,10.52547,30.333761
1991245824,49497.8,-0.005906,0.017289,0.000453,-0.388672,0.0,0.9911,1.0456,0.002247,0.001561,0.002091,10.468359,27.394226
1992032256,49505.2,0.001876,0.013001,0.000454,-0.394531,0.0,0.991,1.0451,0.001986,0.001627,0.002162,10.338838,26.562939
1992818688,49512.0,0.005618,0.016649,0.000481,-0.402344,0.0,0.991,1.0447,0.001582,0.001635,0.002273,10.856087,26.795288
1993605120,49486.5,0.000267,0.025007,0.000455,-0.394531,0.0,0.9911,1.0447,0.001578,0.001492,0.002119,11.100897,26.698677
1994391552,49493.9,-0.002843,0.017507,0.000476,-0.398438,0.0,0.9911,1.0445,0.001671,0.001496,0.002413,10.431629,26.060101
1995177984,49501.1,0.002048,0.016721,0.000446,-0.390625,0.0,0.9911,1.0442,0.001576,0.001475,0.002385,10.81146,26.309963
1995964416,49508.0,0.002262,0.01657,0.00047,-0.376953,0.0,0.9912,1.0442,0.001989,0.001539,0.00269,10.453968,26.196074
1996750848,49485.4,-0.003674,0.027126,0.000454,-0.371094,0.0,0.9912,1.0444,0.001952,0.001497,0.002382,10.034531,26.691082
1997537280,49492.8,-0.001495,0.018051,0.000503,-0.369141,0.0,0.9912,1.0448,0.001825,0.00165,0.002518,9.82414,26.542156
1998323712,49500.0,0.001603,0.016497,0.000473,-0.380859,0.0,0.9912,1.0454,0.001457,0.001461,0.002023,9.962755,26.429274
1999110144,49486.9,-0.002663,0.024209,0.000469,-0.378906,0.0,0.9913,1.046,0.001467,0.001548,0.002591,9.793802,26.468145
1999896576,49494.3,0.004924,0.018323,0.00042,-0.392578,0.0,0.9912,1.0464,0.002378,0.001677,0.00263,9.803161,25.874954
2000683008,49501.6,-0.00131,0.013499,0.000418,-0.390625,0.0,0.9912,1.0468,0.001542,0.001471,0.002051,10.25019,26.305929
2001469440,48766.8,0.002477,0.014565,0.000459,-0.376953,0.0,0.9912,1.0473,0.00154,0.001576,0.002195,10.417561,26.453186
2002255872,48742.6,-0.008586,0.027226,0.00041,-0.373047,0.0,0.9912,1.0474,0.001499,0.00136,0.00231,10.272255,27.443876
2003042304,48749.5,-0.00324,0.018478,0.00044,-0.378906,0.0,0.9911,1.047,0.001648,0.001469,0.00249,10.234077,27.112957
2003828736,48756.5,-0.002474,0.012777,0.000435,-0.373047,0.0,0.991,1.0468,0.001716,0.001506,0.002426,9.988592,27.07336
2004615168,48732.7,-0.004285,0.025677,0.000459,-0.371094,0.0,0.9908,1.0463,0.001435,0.001392,0.002215,10.497895,27.501888
2005401600,48739.9,-0.009728,0.018497,0.00044,-0.373047,0.0,0.9907,1.0463,0.001597,0.001442,0.002069,10.169546,27.969778
2006188032,48747.2,-0.002381,0.015696,0.000486,-0.378906,0.0,0.9907,1.0466,0.001311,0.001412,0.001856,10.532324,27.52294
2006974464,48754.4,-0.002827,0.017513,0.000454,-0.369141,0.0,0.9906,1.0466,0.001525,0.001417,0.002089,10.711172,28.496185
2007760896,48735.5,0.001152,0.021896,0.000459,-0.367188,0.0,0.9905,1.0464,0.00157,0.001358,0.002317,10.735457,28.855892
2008547328,48742.9,-0.00316,0.011946,0.000486,-0.378906,0.0,0.9904,1.0463,0.001542,0.001274,0.002342,10.336779,28.514929
2009333760,48749.9,-0.001606,0.013314,0.000495,-0.378906,0.0,0.9903,1.0461,0.001428,0.001154,0.002489,10.695378,27.397055
2010120192,48729.0,-0.001491,0.021237,0.000474,-0.380859,0.0,0.9902,1.046,0.001355,0.001041,0.00194,10.803733,26.860373
2010906624,48735.8,-0.006973,0.017121,0.000504,-0.375,0.0,0.9901,1.0465,0.001394,0.001396,0.002183,10.658636,27.57481
2011693056,48742.8,-0.003083,0.01624,0.000477,-0.363281,0.0,0.99,1.047,0.00151,0.001352,0.0018,10.599134,27.473776
2012479488,48750.1,-0.002082,0.018177,0.000508,-0.367188,0.0,0.9898,1.0474,0.001867,0.001486,0.002295,10.018126,27.589645
2013265920,48736.4,-0.001127,0.030019,0.000506,-0.369141,0.0,0.9897,1.0479,0.001704,0.001774,0.002088,10.101038,27.450729
2014052352,48743.6,-0.001944,0.015473,0.000429,-0.376953,0.0,0.9897,1.0478,0.001753,0.001269,0.00205,10.02854,27.441631
2014838784,48750.6,0.001012,0.018157,0.000471,-0.373047,0.0,0.9896,1.0477,0.002247,0.00155,0.002132,10.307411,27.394302
2015625216,48733.0,6.1e-05,0.026003,0.000455,-0.369141,0.0,0.9896,1.0477,0.001576,0.001231,0.002,10.897646,30.330914
2016411648,48740.3,-0.003819,0.018927,0.000514,-0.408203,0.0,0.9894,1.0472,0.002146,0.001444,0.002332,10.69119,27.236134
2017198080,48747.6,-0.006702,0.019918,0.000499,-0.421875,0.0,0.9894,1.0471,0.001707,0.00132,0.002075,10.857553,26.26033
2017984512,48754.4,0.00022,0.021465,0.000476,-0.429688,0.0,0.9892,1.0466,0.001805,0.001511,0.00198,11.225724,26.413443
2018770944,48740.3,-0.005044,0.027175,0.000512,-0.429688,0.0,0.9892,1.0464,0.001749,0.001452,0.002215,11.867735,27.081467
2019557376,48747.3,0.002337,0.026948,0.000501,-0.435547,0.0,0.9889,1.0461,0.002617,0.00161,0.002345,12.044919,27.040382
2020343808,48754.4,-0.001224,0.021185,0.000526,-0.419922,0.0,0.9888,1.0464,0.001733,0.001521,0.002159,12.316455,27.892553
2021130240,48761.4,-0.00218,0.01736,0.000523,-0.431641,0.0,0.9887,1.0467,0.001491,0.001573,0.002103,11.813137,27.657745
2021916672,48720.1,-0.001653,0.025835,0.000478,-0.423828,0.0,0.9888,1.0469,0.001617,0.001541,0.002223,11.119446,26.080328
2022703104,48727.3,-0.004979,0.017547,0.00048,-0.423828,0.0,0.9889,1.0465,0.001729,0.001771,0.002334,11.501139,25.769695
2023489536,48734.6,-0.004,0.014298,0.000462,-0.423828,0.0,0.9888,1.0462,0.001685,0.001652,0.002431,11.361699,26.05011
2024275968,48720.1,-0.003731,0.023324,0.000483,-0.425781,0.0,0.9889,1.0462,0.00148,0.001408,0.002068,11.84722,27.447891
2025062400,48726.5,-0.006173,0.020794,0.000445,-0.447266,0.0,0.9888,1.0457,0.001735,0.001395,0.002444,11.790683,27.382126
2025848832,48733.8,-0.001787,0.017521,0.000421,-0.449219,0.0,0.9887,1.0458,0.001811,0.001473,0.002396,11.998485,26.587896
2026635264,48740.9,-0.003483,0.018036,0.000459,-0.443359,0.0,0.9887,1.0456,0.001713,0.001357,0.0024,11.920393,26.353241
2027421696,48718.2,0.001865,0.028499,0.000502,-0.443359,0.0,0.9885,1.0454,0.002228,0.001261,0.002233,11.546945,26.338346
2028208128,48725.6,0.005358,0.020172,0.000547,-0.425781,0.0,0.9886,1.0457,0.002268,0.001657,0.002289,11.685806,25.664083
2028994560,48732.9,0.000689,0.018357,0.000483,-0.419922,0.0,0.9888,1.0458,0.00171,0.00149,0.002136,11.552552,27.078527
2029780992,48715.3,-0.001831,0.026761,0.000511,-0.408203,0.0,0.989,1.046,0.001788,0.001525,0.002186,10.57676,25.813549
2030567424,48721.8,-0.001067,0.013793,0.000481,-0.404297,0.0,0.989,1.0458,0.00228,0.001423,0.002163,10.203558,25.390026
2031353856,48728.9,-0.005579,0.011494,0.00056,-0.392578,0.0,0.989,1.0456,0.001778,0.001462,0.00213,10.947809,26.142303
2032140288,48735.9,-0.005236,0.011265,0.000528,-0.390625,0.0,0.9892,1.0458,0.0013,0.001249,0.002,10.166788,26.445669
2032926720,48721.2,0.001228,0.025015,0.000458,-0.388672,0.0,0.9891,1.0456,0.001766,0.001352,0.001848,10.563139,27.104553
2033713152,48728.3,0.000604,0.019186,0.000501,-0.392578,0.0,0.9892,1.0457,0.001446,0.001385,0.002063,10.319993,26.215017
2034499584,48735.3,-0.001976,0.01713,0.000484,-0.392578,0.0,0.9892,1.0458,0.001439,0.00133,0.001891,10.067117,26.300259
2035286016,48714.7,-0.001332,0.024659,0.000469,-0.382812,0.0,0.9893,1.0461,0.001456,0.001259,0.001911,10.32555,25.569458
2036072448,48721.6,-0.003518,0.015025,0.000595,-0.390625,0.0,0.9892,1.0453,0.001795,0.001462,0.002674,10.594412,26.496899
2036858880,48728.7,-0.001257,0.013315,0.000513,-0.371094,0.0,0.9893,1.0449,0.001909,0.001516,0.0022,10.24317,26.676628
2037645312,48735.8,-0.002164,0.012596,0.000484,-0.371094,0.0,0.9894,1.0445,0.001734,0.001442,0.001833,9.974056,26.918285
2038431744,48717.9,-0.005645,0.025374,0.000493,-0.375,0.0,0.9894,1.0443,0.001819,0.001368,0.002061,9.778554,26.172897
2039218176,48725.0,-0.002156,0.01704,0.00049,-0.378906,0.0,0.9894,1.0445,0.001607,0.001692,0.002213,10.285136,26.658102
2040004608,48732.2,-0.004541,0.018229,0.0005,-0.384766,0.0,0.9894,1.0447,0.001491,0.001494,0.002195,10.623631,27.229046
2040791040,48709.3,-0.001072,0.023209,0.000507,-0.380859,0.0,0.9894,1.045,0.001285,0.001268,0.001915,11.476004,29.074659
2041577472,48716.2,-0.006866,0.01618,0.000491,-0.392578,0.0,0.9894,1.0451,0.001849,0.001135,0.002093,10.613348,27.625492
2042363904,48723.4,-0.006722,0.010782,0.000484,-0.402344,0.0,0.9895,1.0453,0.002068,0.001558,0.002298,10.354874,26.558289
2043150336,48730.6,-0.000643,0.010074,0.00047,-0.396484,0.0,0.9896,1.0456,0.001815,0.001241,0.002207,10.802587,26.458042
2043936768,48713.2,-0.003854,0.01887,0.000464,-0.402344,0.0,0.9899,1.0461,0.001494,0.001376,0.001977,10.942537,27.13987
2044723200,48720.3,-0.003367,0.014771,0.000459,-0.404297,0.0,0.9902,1.0465,0.001568,0.001781,0.002011,10.907702,26.951981
2045509632,48727.4,-0.005342,0.011185,0.000492,-0.400391,0.0,0.9904,1.0467,0.001295,0.001399,0.002174,10.884873,27.031189
2046296064,48734.5,-0.002436,0.00997,0.000457,-0.400391,0.0,0.9906,1.0474,0.001277,0.0013,0.001631,11.044593,28.309509
2047082496,48715.8,0.001198,0.028472,0.000473,-0.396484,0.0,0.9907,1.0476,0.00185,0.001563,0.002295,11.122633,27.541794
2047868928,48722.8,-0.004767,0.017071,0.000438,-0.380859,0.0,0.9907,1.0478,0.00144,0.001627,0.002131,10.845414,27.194206
2048655360,48729.8,0.003274,0.013971,0.000447,-0.378906,0.0,0.9906,1.0476,0.001194,0.001286,0.00175,10.559004,27.245855
2049441792,48712.9,-0.000815,0.023442,0.000493,-0.376953,0.0,0.9906,1.0475,0.001749,0.001333,0.002124,10.454638,28.479198
2050228224,48719.9,-0.001547,0.015954,0.000525,-0.369141,0.0,0.9906,1.0472,0.001912,0.001676,0.002518,10.186338,28.19512
2051014656,48726.9,-0.001425,0.012872,0.00055,-0.363281,0.0,0.9905,1.0468,0.00155,0.001317,0.002165,10.146531,27.620434
2051801088,48733.8,-0.004469,0.01287,0.000553,-0.365234,0.0,0.9906,1.0466,0.00165,0.001588,0.002234,10.365884,27.422697
2052587520,48717.4,-0.001366,0.026022,0.000504,-0.386719,0.0,0.9909,1.0474,0.001722,0.001499,0.002127,10.456783,27.194363
2053373952,48721.3,-0.003308,0.00817,0.0005,-0.392578,0.0,0.9911,1.0487,0.001552,0.001585,0.002219,11.055075,27.345802
2054160384,48728.0,-0.003432,0.017242,0.000502,-0.386719,0.0,0.9913,1.0497,0.001652,0.001587,0.002075,10.877303,27.103262
2054946816,48694.7,-0.003557,0.022074,0.000466,-0.396484,0.0,0.9914,1.0503,0.00114,0.001346,0.001829,11.059781,27.913864
2055733248,48701.1,0.000459,0.018624,0.000513,-0.412109,0.0,0.9915,1.0504,0.001616,0.001588,0.002432,11.201641,27.055975
2056519680,48707.7,-0.008639,0.012886,0.000453,-0.408203,0.0,0.9917,1.0507,0.001411,0.001463,0.002136,10.956716,26.673597
2057306112,48714.5,-0.001485,0.015878,0.000499,-0.412109,0.0,0.9918,1.0507,0.001535,0.001487,0.00197,10.604473,26.511368
2058092544,48700.5,-0.003218,0.024643,0.000542,-0.384766,0.0,0.9919,1.0508,0.001512,0.001405,0.002241,10.571835,28.027397
2058878976,48707.4,-0.002813,0.02054,0.000562,-0.394531,0.0,0.9918,1.0505,0.001662,0.001599,0.00246,10.680775,27.568768
2059665408,48714.3,0.001948,0.017936,0.000558,-0.384766,0.0,0.9917,1.0501,0.001628,0.001424,0.002231,10.995646,27.090786
2060451840,48685.7,-0.001348,0.025706,0.000564,-0.384766,0.0,0.9915,1.0495,0.001396,0.001449,0.002139,10.298113,25.217178
2061238272,48692.6,0.003036,0.01788,0.000445,-0.388672,0.0,0.9912,1.0488,0.001732,0.001742,0.002131,10.395633,26.981991
2062024704,48699.5,0.002332,0.012928,0.000457,-0.386719,0.0,0.9911,1.0484,0.001266,0.001544,0.002007,10.614654,27.92622
2062811136,48706.4,-0.001699,0.011627,0.000401,-0.384766,0.0,0.9909,1.0479,0.001528,0.001591,0.002348,10.571876,27.636562
2063597568,48685.5,-0.002287,0.022313,0.000465,-0.380859,0.0,0.9908,1.0474,0.001592,0.001329,0.002144,10.011536,27.000265
2064384000,48691.9,-0.002091,0.019997,0.000458,-0.369141,0.0,0.9908,1.0467,0.001655,0.001328,0.002149,10.455808,26.803234
2065170432,48698.7,-0.005862,0.015197,0.000427,-0.371094,0.0,0.9908,1.0461,0.001687,0.001532,0.002191,9.807586,27.096151
2065956864,48649.8,-0.003525,0.025135,0.000436,-0.373047,0.0,0.9908,1.0457,0.001701,0.001328,0.001957,11.365105,29.347198
2066743296,48656.5,-0.008408,0.020445,0.000478,-0.365234,0.0,0.9908,1.0455,0.002585,0.001571,0.002438,9.900353,27.828857
2067529728,48663.2,-0.00689,0.021354,0.000491,-0.361328,0.0,0.9908,1.0454,0.001672,0.001501,0.002202,9.784359,27.481354
2068316160,48669.7,-0.004436,0.016703,0.000475,-0.365234,0.0,0.9907,1.045,0.001648,0.001706,0.002257,9.702741,27.61871
2069102592,48644.6,-0.003157,0.024841,0.000475,-0.373047,0.0,0.9907,1.0444,0.001736,0.00145,0.002103,9.775934,27.162415
2069889024,48651.5,-0.012746,0.016634,0.000502,-0.384766,0.0,0.9905,1.0435,0.001679,0.001472,0.002174,9.968626,26.332027
2070675456,48658.4,0.006012,0.010538,0.000526,-0.371094,0.0,0.9904,1.043,0.001546,0.001371,0.002116,10.420035,26.904293
2071461888,48665.3,0.003393,0.014195,0.000495,-0.380859,0.0,0.9903,1.0427,0.001432,0.001368,0.002016,9.778022,26.445786
2072248320,48640.9,-0.001046,0.022737,0.000547,-0.382812,0.0,0.9903,1.0424,0.002006,0.00167,0.002262,10.375114,27.211941
2073034752,48647.9,0.001525,0.016651,0.000489,-0.373047,0.0,0.9903,1.0417,0.00183,0.001608,0.002277,10.396336,26.693405
2073821184,48654.0,-0.007701,0.012078,0.000496,-0.361328,0.0,0.9901,1.041,0.001777,0.001641,0.002033,9.77392,26.951904
2074607616,48635.3,-0.005028,0.021475,0.000492,-0.365234,0.0,0.9903,1.0413,0.001683,0.001243,0.002104,9.784472,26.739563
2075394048,48642.3,-0.006516,0.014376,0.000498,-0.369141,0.0,0.9905,1.0417,0.001384,0.001329,0.002251,10.03231,27.438381
2076180480,48649.3,-0.004027,0.014091,0.00046,-0.376953,0.0,0.9906,1.0422,0.001144,0.001404,0.001983,9.433198,27.129772
2076966912,48655.9,-0.000299,0.022408,0.000484,-0.378906,0.0,0.9904,1.0421,0.001771,0.001441,0.002031,10.382915,26.460035
2077753344,48642.2,0.005174,0.033142,0.000545,-0.376953,0.0,0.9906,1.042,0.001602,0.001457,0.002167,10.128517,27.358389
2078539776,48649.0,-0.001933,0.021529,0.000507,-0.373047,0.0,0.9905,1.0414,0.00177,0.001464,0.002285,10.479603,27.754776
2079326208,48655.9,-0.006154,0.019744,0.000534,-0.365234,0.0,0.9904,1.0405,0.001876,0.001306,0.002344,10.17586,27.4876
2080112640,48634.4,-0.001654,0.031391,0.000562,-0.365234,0.0,0.9905,1.0405,0.001555,0.001278,0.00198,9.420702,26.878475
2080899072,48639.3,-0.001719,0.015155,0.000493,-0.363281,0.0,0.9904,1.0408,0.001568,0.001321,0.00216,10.132204,26.827612
2081685504,48646.3,0.003209,0.012908,0.000544,-0.357422,0.0,0.9905,1.0414,0.00125,0.001131,0.001779,9.961811,27.105145
2082471936,48653.2,0.000585,0.018113,0.000496,-0.353516,0.0,0.9904,1.0418,0.001431,0.001234,0.001897,9.884307,27.252556
2083258368,48637.1,0.001894,0.021417,0.000467,-0.363281,0.0,0.9904,1.042,0.00152,0.001304,0.001967,10.213036,27.380903
2084044800,48644.0,0.001885,0.016966,0.000474,-0.369141,0.0,0.9903,1.0421,0.00156,0.001297,0.001851,9.757331,26.83625
2084831232,48650.7,-0.003593,0.013611,0.000484,-0.369141,0.0,0.9902,1.0422,0.001413,0.00142,0.001993,9.685199,26.924179
2085617664,48616.8,0.001604,0.02598,0.000452,-0.369141,0.0,0.9901,1.0424,0.001176,0.001406,0.002005,9.534226,26.45509
2086404096,48623.5,0.000579,0.02166,0.0005,-0.369141,0.0,0.9901,1.0417,0.001401,0.001369,0.002058,9.513205,26.556454
2087190528,48630.0,-0.000388,0.01653,0.000504,-0.367188,0.0,0.9901,1.0414,0.001387,0.001526,0.001986,9.834905,26.588165
2087976960,48636.8,-0.002674,0.017169,0.000518,-0.371094,0.0,0.99,1.0406,0.001764,0.001348,0.001881,9.792969,27.009499
2088763392,48618.0,-0.002175,0.025946,0.000549,-0.386719,0.0,0.9899,1.0402,0.001623,0.001233,0.002424,10.352564,26.19952
2089549824,48624.9,0.002514,0.018554,0.000479,-0.390625,0.0,0.9899,1.0404,0.001681,0.001486,0.003073,10.070476,25.805271
2090336256,48631.7,-0.00159,0.018948,0.00052,-0.390625,0.0,0.9897,1.0403,0.001609,0.00157,0.002969,10.469635,26.624846
2091122688,48611.0,0.005401,0.032014,0.000503,-0.392578,0.0,0.9898,1.0403,0.001383,0.001368,0.001979,11.646596,27.909857
2091909120,48618.0,-0.004692,0.014992,0.000433,-0.388672,0.0,0.9897,1.0405,0.001336,0.001516,0.002154,10.384397,27.073645
2092695552,48624.7,-0.006469,0.013476,0.000456,-0.388672,0.0,0.9897,1.0406,0.001313,0.001361,0.001993,9.875109,26.536591
2093481984,48631.5,-0.002251,0.014774,0.000475,-0.382812,0.0,0.9897,1.0407,0.001451,0.001471,0.001987,10.265964,26.201996
2094268416,48605.9,0.005219,0.026622,0.000504,-0.384766,0.0,0.9897,1.0408,0.001302,0.001342,0.002028,10.22154,26.447859
2095054848,48612.9,0.002126,0.016041,0.000466,-0.386719,0.0,0.9898,1.0411,0.001403,0.001157,0.001994,9.968123,26.324833
2095841280,48619.9,-0.003007,0.015344,0.000489,-0.378906,0.0,0.9898,1.0412,0.001638,0.001189,0.002172,10.323576,26.748045
2096627712,48626.8,-0.006293,0.014647,0.000487,-0.365234,0.0,0.9899,1.0417,0.002002,0.00138,0.002233,10.050436,27.100088
2097414144,48598.8,0.001235,0.027589,0.000562,-0.394531,0.0,0.99,1.0422,0.001435,0.001288,0.001973,10.463964,27.13221
2098200576,48605.7,-0.007345,0.01624,0.000577,-0.40625,0.0,0.9901,1.0424,0.001594,0.001328,0.001947,10.788173,26.314678
2098987008,48612.8,-0.004391,0.016939,0.000544,-0.404297,0.0,0.9904,1.0427,0.001399,0.001565,0.001783,10.431931,26.684347
2099773440,48593.9,0.000933,0.026873,0.000629,-0.412109,0.0,0.9904,1.0428,0.001402,0.001376,0.001841,10.668982,27.099865
2100559872,48600.7,-0.003313,0.020623,0.000573,-0.414062,0.0,0.9905,1.043,0.001661,0.001444,0.002015,11.078389,27.110672
2101346304,48605.0,0.001514,0.018223,0.000489,-0.427734,0.0,0.9905,1.043,0.001686,0.001567,0.002056,10.978119,26.837811
2102132736,48611.9,-0.000983,0.013439,0.000529,-0.421875,0.0,0.9906,1.0431,0.002124,0.001437,0.001888,11.260779,26.500122
2102919168,48589.8,0.005001,0.023186,0.00052,-0.414062,0.0,0.9906,1.0437,0.001592,0.001415,0.001917,11.32256,26.480717
2103705600,48596.3,-0.004263,0.013518,0.000584,-0.417969,0.0,0.9907,1.0442,0.001929,0.001482,0.001962,10.782479,25.524206
2104492032,48602.9,0.001132,0.012754,0.000652,-0.417969,0.0,0.9908,1.045,0.001503,0.001457,0.001822,11.485157,26.929768
2105278464,48590.4,-0.006272,0.023436,0.000561,-0.421875,0.0,0.9909,1.0453,0.001283,0.001406,0.001687,10.566037,26.320755
2106064896,48597.3,-0.003877,0.013219,0.000654,-0.414062,0.0,0.9908,1.045,0.001661,0.001497,0.002066,10.934563,25.358068
2106851328,48604.2,-0.006025,0.014719,0.000489,-0.417969,0.0,0.9908,1.0448,0.001454,0.001508,0.001999,10.774786,25.185156
2107637760,48611.2,-0.00331,0.01264,0.000543,-0.404297,0.0,0.9909,1.0451,0.001358,0.001392,0.001879,10.360552,24.827164
2108424192,48591.7,0.004506,0.025743,0.000568,-0.402344,0.0,0.9908,1.0447,0.001323,0.001134,0.001955,11.026003,25.90905
2109210624,48598.7,-0.000792,0.014722,0.000566,-0.400391,0.0,0.9908,1.0441,0.001663,0.001298,0.002049,10.623246,26.179287
2109997056,48605.4,-0.002426,0.014312,0.000528,-0.408203,0.0,0.9908,1.0436,0.00131,0.001146,0.001916,10.593549,25.97641
2110783488,48570.4,-0.001615,0.021443,0.000563,-0.402344,0.0,0.9908,1.0435,0.001344,0.001305,0.001885,9.908786,24.361717
2111569920,48577.0,0.000134,0.01124,0.000445,-0.398438,0.0,0.9907,1.0436,0.001496,0.001307,0.00191,10.745536,26.11595
2112356352,48583.5,-0.00284,0.014575,0.000464,-0.396484,0.0,0.9908,1.0438,0.001518,0.001459,0.001969,10.815084,26.522221
2113142784,48589.6,0.00156,0.01102,0.000497,-0.408203,0.0,0.9907,1.0437,0.001618,0.001424,0.001862,11.120982,27.168844
2113929216,48543.9,0.000806,0.024401,0.000471,-0.408203,0.0,0.9906,1.0433,0.001523,0.001186,0.001972,10.772119,27.651634
2114715648,48550.4,-0.002961,0.010913,0.000609,-0.396484,0.0,0.9905,1.0427,0.001457,0.00121,0.002179,11.173506,26.825407
2115502080,48556.9,-0.005827,0.014338,0.000597,-0.400391,0.0,0.9904,1.042,0.001526,0.001093,0.002024,11.396235,27.042959
2116288512,48540.0,-0.006165,0.022352,0.000507,-0.396484,0.0,0.9903,1.0415,0.001258,0.001127,0.001832,12.456104,28.352301
2117074944,48546.5,0.002013,0.016506,0.000447,-0.404297,0.0,0.9904,1.0417,0.001807,0.001203,0.002227,10.644629,27.586597
2117861376,48553.0,-0.00203,0.016908,0.000578,-0.410156,0.0,0.9904,1.0417,0.001419,0.001261,0.002174,11.133301,27.60198
2118647808,48559.5,-0.000564,0.011267,0.000482,-0.410156,0.0,0.9904,1.042,0.001341,0.001278,0.001991,11.8119,28.102154
2119434240,48530.6,-0.000823,0.024118,0.00049,-0.410156,0.0,0.9904,1.042,0.001737,0.001386,0.001734,11.698342,27.426373
2120220672,48537.4,0.004462,0.017474,0.0005,-0.408203,0.0,0.9905,1.0424,0.001531,0.00145,0.001793,11.401886,27.454639
2121007104,48544.1,-0.005522,0.013831,0.000545,-0.398438,0.0,0.9906,1.0426,0.001505,0.001454,0.001986,11.047619,27.909679
2121793536,48550.7,-0.007796,0.011719,0.00055,-0.396484,0.0,0.9907,1.0431,0.001268,0.00141,0.001792,11.127097,28.332195
2122579968,48535.9,-0.004255,0.020235,0.000588,-0.396484,0.0,0.9908,1.0437,0.001825,0.001725,0.002231,11.240423,28.781637
2123366400,48542.5,-0.003974,0.013231,0.000509,-0.40625,0.0,0.9909,1.0445,0.001358,0.001708,0.002,11.671233,28.428162
2124152832,48549.1,0.001713,0.011774,0.000496,-0.396484,0.0,0.991,1.0452,0.001327,0.001481,0.001925,11.604305,28.787743
2124939264,48534.5,-0.003306,0.021653,0.000528,-0.394531,0.0,0.991,1.0458,0.001546,0.001273,0.001819,11.009757,27.585281
2125725696,48541.5,-0.005303,0.014052,0.000504,-0.400391,0.0,0.9909,1.0464,0.001379,0.001241,0.001881,11.069915,28.102011
2126512128,48548.5,0.002144,0.021,0.000525,-0.402344,0.0,0.9907,1.0464,0.001837,0.00147,0.001834,10.913222,27.360428
2127298560,48555.5,-0.007157,0.009539,0.000498,-0.392578,0.0,0.9905,1.0466,0.001476,0.001473,0.001952,10.961333,27.65679
2128084992,48529.7,0.001957,0.024493,0.000491,-0.388672,0.0,0.9907,1.0471,0.001509,0.001318,0.002196,11.154729,27.759497
2128871424,48536.6,-0.008586,0.01664,0.00049,-0.386719,0.0,0.9907,1.0475,0.001311,0.00132,0.002018,11.228964,28.485199
2129657856,48543.3,0.000119,0.011975,0.000457,-0.378906,0.0,0.9908,1.0479,0.001323,0.00121,0.001935,10.92752,28.236771
2130444288,48527.6,-0.006487,0.022954,0.00045,-0.382812,0.0,0.9909,1.0484,0.001319,0.001239,0.001938,11.054943,27.979214
2131230720,48534.4,-0.001326,0.017504,0.000462,-0.396484,0.0,0.9908,1.0485,0.001555,0.001674,0.001975,11.419637,28.165039
2132017152,48540.8,-0.002167,0.016661,0.000432,-0.394531,0.0,0.9907,1.0488,0.001288,0.001676,0.001925,10.93834,27.766104
2132803584,48547.6,0.001248,0.015368,0.00046,-0.40625,0.0,0.9907,1.0491,0.001285,0.001431,0.002056,11.030889,27.620472
2133590016,48523.7,0.007359,0.020481,0.000479,-0.390625,0.0,0.9907,1.0496,0.001331,0.001358,0.001687,10.606183,27.152922
2134376448,48530.6,-0.002587,0.011714,0.000514,-0.376953,0.0,0.9907,1.0504,0.001322,0.001515,0.001719,10.076961,27.046642
2135162880,48537.2,-0.010606,0.009145,0.000481,-0.376953,0.0,0.9907,1.0508,0.001535,0.001468,0.001653,9.701744,26.703846
2135949312,48520.9,0.004078,0.018755,0.000473,-0.380859,0.0,0.9907,1.0512,0.001214,0.001282,0.001791,10.543509,27.500015
2136735744,48527.4,-0.004674,0.018119,0.000433,-0.390625,0.0,0.9906,1.0509,0.001838,0.001478,0.002271,11.127556,28.206619
2137522176,48534.2,-0.001614,0.018644,0.000427,-0.396484,0.0,0.9906,1.0503,0.001692,0.00148,0.002286,10.786441,28.223206
2138308608,48540.9,-0.001354,0.016485,0.000436,-0.386719,0.0,0.9904,1.0497,0.001429,0.001444,0.002188,11.114016,27.809889
2139095040,48515.7,-0.001885,0.02429,0.000487,-0.394531,0.0,0.9904,1.0494,0.001554,0.001372,0.002033,10.989269,28.367462
2139881472,48522.3,-0.006424,0.011298,0.000462,-0.384766,0.0,0.9905,1.0493,0.001678,0.00141,0.001923,11.13596,28.662182
2140667904,48529.0,-0.001869,0.013605,0.000487,-0.380859,0.0,0.9905,1.049,0.001941,0.001343,0.001926,11.421572,28.464981
2141454336,48512.9,0.002736,0.023516,0.000508,-0.386719,0.0,0.9905,1.0486,0.00155,0.001149,0.001643,12.71869,29.256721
2142240768,48520.0,-0.005636,0.010821,0.000526,-0.404297,0.0,0.9908,1.049,0.001754,0.001357,0.002282,11.326874,28.580387
2143027200,48526.6,0.00213,0.012767,0.000495,-0.396484,0.0,0.9911,1.0496,0.001687,0.001394,0.002229,11.054209,27.551434
2143813632,48533.6,0.001763,0.014316,0.000499,-0.396484,0.0,0.9913,1.0502,0.001329,0.001401,0.002013,10.578439,27.220394
2144600064,48511.1,-0.008493,0.025711,0.00049,-0.414062,0.0,0.9912,1.0499,0.001667,0.001438,0.001978,12.073062,28.678801
2145386496,48517.8,-0.005736,0.016175,0.000501,-0.412109,0.0,0.991,1.0493,0.001583,0.001206,0.001786,12.113509,28.034969
2146172928,48524.2,-0.001632,0.019586,0.000568,-0.412109,0.0,0.9909,1.0488,0.001617,0.00136,0.001949,11.442963,28.200626
2146959360,48508.0,-0.008854,0.024935,0.000537,-0.404297,0.0,0.9907,1.048,0.001523,0.001464,0.001896,11.770684,28.477264
2147745792,48514.8,-0.003188,0.016751,0.000514,-0.392578,0.0,0.9908,1.0483,0.001337,0.001251,0.001737,11.153023,28.499115
2148532224,48521.6,0.004015,0.017774,0.000504,-0.408203,0.0,0.9908,1.0485,0.001574,0.001256,0.001953,11.377844,28.126217
2149318656,48528.3,0.002927,0.016011,0.000497,-0.412109,0.0,0.9908,1.0483,0.00151,0.001252,0.00188,11.114341,27.897102
2150105088,48515.0,-0.002158,0.027298,0.000505,-0.386719,0.0,0.9909,1.0483,0.00202,0.001399,0.001999,11.076479,27.863865
2150891520,48521.8,-0.003981,0.014847,0.000593,-0.378906,0.0,0.9908,1.0471,0.001625,0.001166,0.002063,11.14181,29.096478
2151677952,48528.0,0.002793,0.012931,0.000589,-0.376953,0.0,0.9906,1.0461,0.001594,0.001311,0.002126,10.35154,27.9884
2152464384,48534.6,-0.004031,0.013391,0.000558,-0.367188,0.0,0.9905,1.0452,0.001511,0.001426,0.002046,11.02353,28.582113
2153250816,48512.0,-0.00295,0.027161,0.000475,-0.382812,0.0,0.9904,1.0447,0.001457,0.001246,0.00204,11.212675,29.463085
2154037248,48518.5,-0.008467,0.016921,0.00049,-0.380859,0.0,0.9903,1.0443,0.001417,0.00126,0.002043,11.425057,28.673971
2154823680,48525.1,-0.005038,0.013325,0.00046,-0.375,0.0,0.9902,1.0441,0.001404,0.001328,0.002054,11.158877,29.090557
2155610112,48509.7,-0.00494,0.024056,0.00047,-0.380859,0.0,0.9902,1.0441,0.001613,0.001139,0.001973,10.404558,28.097363
2156396544,48516.1,-0.004382,0.013402,0.000475,-0.386719,0.0,0.9902,1.0443,0.001547,0.001327,0.001987,10.468643,27.891937
2157182976,48522.6,-0.009318,0.012892,0.00049,-0.378906,0.0,0.9902,1.0447,0.001522,0.001363,0.002109,10.300497,27.556286
2157969408,48529.0,0.002321,0.012717,0.000467,-0.375,0.0,0.9902,1.0451,0.001655,0.001309,0.001738,10.834889,28.370352
2158755840,48500.4,-0.009202,0.024772,0.000427,-0.384766,0.0,0.9902,1.0448,0.001455,0.001567,0.00193,11.243446,28.53945
2159542272,48507.0,-0.004934,0.017099,0.000426,-0.396484,0.0,0.9901,1.0441,0.00137,0.001322,0.001978,10.66661,28.002792
2160328704,48513.6,-0.002266,0.01489,0.000463,-0.386719,0.0,0.99,1.0436,0.001137,0.001339,0.001937,11.311102,28.18627
2161115136,48500.3,0.001247,0.028153,0.000466,-0.380859,0.0,0.9899,1.0431,0.001575,0.00127,0.001801,9.808505,27.390228
2161901568,48506.8,-0.001873,0.018679,0.000512,-0.373047,0.0,0.9902,1.0434,0.00165,0.001343,0.001935,10.336246,28.125326
2162688000,48513.4,-0.006258,0.013538,0.000526,-0.371094,0.0,0.9905,1.0436,0.001208,0.001335,0.002051,10.387661,27.459743
2163474432,48519.9,-0.00196,0.011234,0.000538,-0.371094,0.0,0.9908,1.0441,0.001318,0.00129,0.001885,10.298761,27.993328
2164260864,48504.0,-0.006908,0.020651,0.000527,-0.363281,0.0,0.9909,1.0441,0.001289,0.001261,0.001993,10.26272,27.451315
2165047296,48509.4,-0.002586,0.010082,0.000523,-0.351562,0.0,0.991,1.0442,0.001601,0.001312,0.001991,9.698345,26.794418
2165833728,48516.0,-0.001888,0.011813,0.000519,-0.34375,0.0,0.9912,1.0448,0.001276,0.001405,0.002026,9.424069,27.692692
2166620160,48499.6,-0.004324,0.022347,0.00054,-0.345703,0.0,0.9912,1.045,0.001365,0.001185,0.001967,10.055619,28.830318
2167406592,48506.1,0.000588,0.016318,0.000525,-0.335938,0.0,0.9914,1.0456,0.001572,0.00141,0.001898,9.618372,27.701427
2168193024,48512.5,0.002305,0.01416,0.000497,-0.337891,0.0,0.9917,1.0462,0.001496,0.001198,0.001597,9.014409,27.951492
2168979456,48518.9,0.002143,0.014086,0.000501,-0.339844,0.0,0.9917,1.0467,0.001116,0.001157,0.001738,9.728312,27.770809
2169765888,48505.1,0.001818,0.025063,0.000466,-0.34375,0.0,0.992,1.0474,0.001838,0.001242,0.001927,9.465547,27.065044
2170552320,48511.5,-0.004041,0.013541,0.000523,-0.353516,0.0,0.9923,1.0477,0.001455,0.001307,0.001989,9.36551,27.807877
2171338752,48518.0,0.001618,0.018234,0.000508,-0.345703,0.0,0.9924,1.0478,0.001425,0.001427,0.001869,9.346416,27.253805
2172125184,48492.3,-0.008731,0.024557,0.000439,-0.359375,0.0,0.9923,1.047,0.001479,0.001336,0.001994,6.655986,29.99649
2172911616,48499.0,-0.003424,0.019415,0.000503,-0.357422,0.0,0.9921,1.0458,0.001601,0.001253,0.002203,9.217317,26.803143
2173698048,48505.7,-0.003226,0.015215,0.000456,-0.349609,0.0,0.9919,1.045,0.00171,0.001275,0.002173,9.506964,27.637024
2174484480,48512.3,-0.000494,0.01295,0.000487,-0.351562,0.0,0.9916,1.0439,0.001308,0.001173,0.002269,9.834138,27.923157
2175270912,48494.4,-0.00113,0.024763,0.000487,-0.351562,0.0,0.9916,1.044,0.001385,0.001331,0.002008,10.154764,28.581253
2176057344,48500.7,-0.005266,0.019276,0.000507,-0.359375,0.0,0.9914,1.0433,0.001638,0.00156,0.002119,9.672708,28.992041
2176843776,48507.1,-0.009164,0.015679,0.000486,-0.359375,0.0,0.9913,1.0427,0.001301,0.001228,0.002012,9.949117,28.499523
2177630208,48513.4,-0.001172,0.022817,0.000488,-0.351562,0.0,0.9911,1.042,0.001685,0.001415,0.001911,10.221023,28.293089
2178416640,48487.2,-0.000742,0.028508,0.000487,-0.375,0.0,0.991,1.0422,0.001554,0.001314,0.002063,10.599991,27.826412
2179203072,48493.7,-0.000103,0.01887,0.000472,-0.375,0.0,0.991,1.0423,0.001429,0.001258,0.002052,10.483283,27.597595
2179989504,48500.2,0.002738,0.020187,0.000491,-0.373047,0.0,0.9909,1.0422,0.001348,0.001235,0.002078,10.592049,27.14011
2180775936,48481.6,-0.002395,0.025018,0.000448,-0.353516,0.0,0.9909,1.0422,0.001295,0.00133,0.001975,9.873215,27.474539
2181562368,48488.2,-0.00049,0.013779,0.000452,-0.347656,0.0,0.9908,1.0419,0.001928,0.001429,0.001875,9.533976,27.843801
2182348800,48494.9,-0.002974,0.010283,0.000421,-0.349609,0.0,0.9907,1.0418,0.001273,0.001226,0.001872,9.947313,28.200552
2183135232,48501.5,0.002276,0.013061,0.000449,-0.34375,0.0,0.9907,1.0419,0.001444,0.00117,0.001647,9.812409,27.82198
2183921664,48481.7,-0.00748,0.026136,0.000459,-0.345703,0.0,0.9906,1.0417,0.001565,0.001196,0.001792,10.012984,28.659756
2184708096,48488.2,-0.001833,0.013851,0.000578,-0.349609,0.0,0.9907,1.0418,0.001389,0.001268,0.002227,9.773982,28.284039
2185494528,48494.8,0.001142,0.010209,0.00058,-0.349609,0.0,0.9906,1.0415,0.001185,0.001188,0.00191,9.836852,28.417425
2186280960,48478.0,-0.004759,0.019167,0.000531,-0.339844,0.0,0.9906,1.0415,0.001207,0.001135,0.001866,9.710856,27.222626
2187067392,48484.4,-0.002409,0.017098,0.000485,-0.351562,0.0,0.9906,1.0416,0.002052,0.001299,0.002083,10.306043,28.248562
2187853824,48491.0,-0.002467,0.01455,0.000524,-0.345703,0.0,0.9906,1.0423,0.001742,0.001206,0.001903,10.013126,28.461529
2188640256,48497.5,-0.003056,0.013616,0.000475,-0.353516,0.0,0.9907,1.0432,0.001417,0.001227,0.001929,10.118898,28.827618
2189426688,48478.9,-0.001541,0.024742,0.000489,-0.359375,0.0,0.9907,1.0436,0.001263,0.001249,0.001722,10.439219,29.299538
2190213120,48484.5,0.003933,0.017639,0.000555,-0.353516,0.0,0.9911,1.0446,0.00171,0.00155,0.002279,10.47741,28.747906
2190999552,48491.0,0.000483,0.015122,0.000556,-0.347656,0.0,0.9913,1.0452,0.001604,0.001589,0.002028,10.674246,29.062338
2191785984,48468.2,-0.001526,0.021431,0.000494,-0.345703,0.0,0.9913,1.0454,0.001239,0.001242,0.001733,10.97983,29.345562
2192572416,48474.7,-0.003791,0.01946,0.000534,-0.373047,0.0,0.9914,1.0458,0.001837,0.001217,0.002574,10.668512,29.632942
2193358848,48481.3,-0.002262,0.017774,0.000523,-0.371094,0.0,0.9916,1.0462,0.001848,0.001247,0.002402,10.920784,29.825653
2194145280,48487.9,0.002189,0.013866,0.000475,-0.371094,0.0,0.9916,1.0467,0.001604,0.001062,0.002134,10.622687,29.065624
2194931712,48475.6,-0.000902,0.021058,0.000478,-0.347656,0.0,0.9916,1.047,0.001421,0.00119,0.001788,10.636747,29.243399
2195718144,48482.3,2.3e-05,0.011185,0.00046,-0.332031,0.0,0.9917,1.0476,0.00117,0.001132,0.001684,10.112447,29.774517
2196504576,48488.1,-0.003899,0.009807,0.000425,-0.337891,0.0,0.9917,1.0483,0.001231,0.001287,0.001666,9.73936,29.647635
2197291008,48465.4,-0.000302,0.017195,0.000463,-0.339844,0.0,0.9916,1.049,0.001105,0.001148,0.001615,7.237597,32.307281
2198077440,48471.9,-0.003265,0.017486,0.000474,-0.361328,0.0,0.9916,1.0492,0.001197,0.001457,0.001763,10.459483,29.595825
2198863872,48478.3,-0.00058,0.017917,0.000499,-0.369141,0.0,0.9914,1.0489,0.001103,0.001557,0.001949,10.795868,29.834076
2199650304,48484.7,-0.001383,0.017173,0.000457,-0.363281,0.0,0.9913,1.0487,0.001219,0.001483,0.001862,10.989953,29.222198
2200436736,48472.1,-0.001088,0.026509,0.000476,-0.357422,0.0,0.9913,1.0489,0.001215,0.001376,0.002049,10.606997,29.395733
2201223168,48478.5,-0.000587,0.012389,0.000499,-0.363281,0.0,0.9913,1.0492,0.001512,0.001315,0.001808,10.705414,29.914511
2202009600,48484.9,-0.006156,0.012271,0.000465,-0.353516,0.0,0.9913,1.0497,0.001332,0.001299,0.001847,10.627956,29.367117
2202796032,48491.2,0.000713,0.009624,0.000462,-0.353516,0.0,0.9913,1.05,0.00127,0.001228,0.001825,10.434889,29.654785
2203582464,48464.4,0.004884,0.02768,0.000494,-0.384766,0.0,0.9912,1.0491,0.001482,0.001302,0.001731,11.001768,29.418865
2204368896,48470.7,-0.002398,0.023655,0.000541,-0.400391,0.0,0.9909,1.0478,0.001636,0.001796,0.002141,11.481203,29.178686
2205155328,48476.4,0.00045,0.021388,0.000539,-0.396484,0.0,0.9907,1.0466,0.001395,0.001477,0.001736,11.703979,29.046133
2205941760,48462.3,0.000939,0.02746,0.000604,-0.396484,0.0,0.9906,1.0459,0.001498,0.001346,0.001838,11.2483,28.892132
2206728192,48468.6,-0.004915,0.011649,0.000778,-0.388672,0.0,0.9906,1.0461,0.001315,0.001188,0.001625,11.641665,28.856659
2207514624,48475.0,0.000336,0.009559,0.000593,-0.390625,0.0,0.9907,1.0464,0.001362,0.001214,0.00148,11.3376,28.849895
2208301056,48481.5,-0.001947,0.011825,0.000559,-0.380859,0.0,0.9907,1.0466,0.001144,0.001048,0.001626,11.293747,28.396374
2209087488,48461.7,-0.00058,0.026339,0.00065,-0.375,0.0,0.9906,1.0462,0.001535,0.001079,0.00151,11.150154,29.964224
2209873920,48467.9,-0.011131,0.014002,0.00065,-0.375,0.0,0.9906,1.0461,0.001492,0.001255,0.001875,10.771015,29.8496
2210660352,48474.0,-0.001253,0.015451,0.000718,-0.382812,0.0,0.9905,1.046,0.001362,0.001131,0.001764,10.746473,29.060287
2211446784,48451.4,-0.001412,0.023777,0.000596,-0.378906,0.0,0.9904,1.0457,0.001185,0.001074,0.001751,10.826684,28.205839
2212233216,48457.3,-0.004226,0.011976,0.000603,-0.392578,0.0,0.9903,1.0452,0.001334,0.001144,0.002017,11.25866,27.966499
2213019648,48463.2,0.000418,0.011732,0.000478,-0.390625,0.0,0.9902,1.0446,0.001168,0.001072,0.001805,11.402987,28.913845
2213806080,48469.4,0.003587,0.010064,0.000444,-0.373047,0.0,0.9901,1.044,0.001182,0.001228,0.001845,11.361407,28.411489
2214592512,48448.4,-0.00616,0.021607,0.000449,-0.357422,0.0,0.9902,1.0439,0.001544,0.001252,0.001867,10.390583,29.228018
2215378944,48454.6,-0.003104,0.016701,0.000513,-0.367188,0.0,0.9904,1.044,0.001527,0.001397,0.001748,10.533014,28.511999
2216165376,48460.8,-0.002855,0.014707,0.000468,-0.371094,0.0,0.9905,1.0441,0.001319,0.001468,0.002009,10.491465,28.014791
2216951808,48444.7,0.002071,0.023318,0.000457,-0.359375,0.0,0.9905,1.044,0.001252,0.001203,0.001622,10.321209,28.258118
2217738240,48450.9,-0.004531,0.012314,0.000431,-0.376953,0.0,0.9905,1.0436,0.001245,0.001202,0.001687,10.069468,28.150778
2218524672,48457.1,-0.005646,0.010763,0.000466,-0.375,0.0,0.9905,1.0432,0.001615,0.001257,0.001723,10.378219,28.299063
2219311104,48463.2,0.008527,0.016334,0.000453,-0.375,0.0,0.9904,1.0425,0.001513,0.001224,0.00175,10.277847,28.21167
2220097536,48442.4,0.000196,0.026376,0.000449,-0.380859,0.0,0.9905,1.0432,0.001361,0.001376,0.001975,11.019327,27.878448
2220883968,48448.7,-0.001309,0.015473,0.000546,-0.386719,0.0,0.9907,1.0442,0.001439,0.001412,0.00215,11.039745,28.289715
2221670400,48454.8,0.003776,0.017128,0.000505,-0.378906,0.0,0.9909,1.0453,0.001373,0.001401,0.002041,11.641235,29.184408
2222456832,48434.3,-0.006888,0.021764,0.000476,-0.378906,0.0,0.991,1.0459,0.001177,0.001141,0.001633,9.32586,31.964966
2223243264,48440.4,-0.005031,0.018756,0.000448,-0.380859,0.0,0.9909,1.0453,0.001835,0.001525,0.001945,10.834656,28.420498
2224029696,48446.6,-0.000695,0.017489,0.000481,-0.376953,0.0,0.9907,1.0443,0.001212,0.001422,0.002027,10.950966,28.134769
2224816128,48452.7,0.001919,0.020072,0.000474,-0.386719,0.0,0.9905,1.0431,0.001641,0.001361,0.001983,10.914125,28.833019
2225602560,48441.9,0.00136,0.030026,0.000504,-0.388672,0.0,0.9906,1.0435,0.001265,0.001315,0.001893,11.371422,28.615749
2226388992,48448.1,-0.007543,0.013522,0.000447,-0.386719,0.0,0.9908,1.0441,0.001487,0.00135,0.001741,11.399649,29.018505
2227175424,48454.5,-0.008188,0.015063,0.000442,-0.400391,0.0,0.991,1.0448,0.001347,0.001337,0.001814,10.747688,28.352026
2227961856,48460.7,-0.003785,0.015982,0.000428,-0.394531,0.0,0.9912,1.0453,0.0013,0.001431,0.001865,11.239086,27.942074
2228748288,48439.6,0.000759,0.025382,0.000492,-0.378906,0.0,0.9912,1.0452,0.00184,0.00127,0.001695,10.337891,27.143332
2229534720,48445.9,0.0022,0.014977,0.000505,-0.371094,0.0,0.9911,1.0449,0.001573,0.00112,0.001554,10.646703,27.790335
2230321152,48451.9,-0.00281,0.014242,0.000516,-0.375,0.0,0.991,1.0445,0.001528,0.001388,0.001885,10.660132,28.191559
2231107584,48432.5,0.006973,0.023592,0.000478,-0.376953,0.0,0.991,1.0445,0.00148,0.001247,0.001766,9.926655,28.611645
2231894016,48438.7,-0.002065,0.013044,0.000408,-0.371094,0.0,0.9909,1.0445,0.001113,0.001393,0.001913,10.209694,27.69512
2232680448,48444.9,-0.007391,0.011054,0.000417,-0.353516,0.0,0.991,1.0447,0.00128,0.001445,0.001906,10.577986,27.940399
2233466880,48451.0,-0.005482,0.011721,0.000416,-0.347656,0.0,0.9909,1.0449,0.001046,0.0012,0.00183,10.303903,28.939049
2234253312,48428.2,-0.000824,0.023673,0.000429,-0.373047,0.0,0.9909,1.0451,0.001049,0.001313,0.001714,10.659772,29.1385
2235039744,48434.5,-0.000632,0.013636,0.000439,-0.375,0.0,0.9908,1.0449,0.0011,0.001488,0.001846,10.778767,28.101952
2235826176,48440.8,-0.002165,0.016831,0.000472,-0.376953,0.0,0.9908,1.0451,0.00129,0.001853,0.001844,10.476596,27.479696
2236612608,48424.2,-0.00176,0.024007,0.000441,-0.365234,0.0,0.9907,1.0452,0.001654,0.001767,0.001757,10.187185,28.112499
2237399040,48430.5,-6.5e-05,0.009997,0.000476,-0.357422,0.0,0.9908,1.0453,0.001538,0.0018,0.001933,9.770428,27.857483
2238185472,48436.7,-0.000621,0.014652,0.000479,-0.357422,0.0,0.9909,1.0456,0.001271,0.001307,0.002163,10.139445,28.429098
2238971904,48443.0,0.002752,0.013894,0.0005,-0.376953,0.0,0.9908,1.0456,0.001426,0.001288,0.001932,10.121812,28.39105
2239758336,48427.0,-0.006463,0.024609,0.000496,-0.384766,0.0,0.991,1.0464,0.00149,0.001489,0.001981,10.917896,28.843466
2240544768,48433.0,-0.002298,0.018768,0.000453,-0.398438,0.0,0.991,1.0467,0.001143,0.001545,0.001892,11.308075,28.256836
2241331200,48439.3,-0.002505,0.017117,0.00049,-0.410156,0.0,0.9911,1.0473,0.001107,0.001267,0.001757,11.478466,28.472126
2242117632,48423.1,-0.012038,0.026558,0.000468,-0.40625,0.0,0.9909,1.0472,0.001018,0.001145,0.001644,12.423707,27.564611
2242904064,48429.1,-0.001022,0.015107,0.000512,-0.412109,0.0,0.9908,1.0463,0.001263,0.001313,0.001841,12.35414,28.447317
2243690496,48435.1,-0.005255,0.015201,0.000511,-0.433594,0.0,0.9907,1.0452,0.001599,0.001215,0.001834,11.518536,29.052032
2244476928,48441.0,0.002427,0.01424,0.000519,-0.423828,0.0,0.9905,1.0443,0.001174,0.001168,0.001826,12.126919,27.900215
2245263360,48416.3,-0.001506,0.022971,0.00047,-0.421875,0.0,0.9906,1.0442,0.001072,0.001115,0.001781,12.498735,27.410604
2246049792,48422.6,-0.00433,0.009285,0.000443,-0.425781,0.0,0.9908,1.0447,0.00107,0.001234,0.001926,11.716325,27.724243
2246836224,48428.9,0.00243,0.014218,0.000458,-0.416016,0.0,0.9911,1.0454,0.001454,0.001309,0.001874,12.152181,28.069855
2247622656,48410.6,-0.003703,0.02189,0.000463,-0.40625,0.0,0.9911,1.0453,0.001366,0.001192,0.001734,9.585238,31.746231
2248409088,48416.9,-0.008174,0.021598,0.000445,-0.394531,0.0,0.9912,1.0449,0.002096,0.001406,0.002014,11.223069,29.161625
2249195520,48423.2,0.000578,0.01997,0.000445,-0.388672,0.0,0.9912,1.0444,0.001699,0.001367,0.002082,10.768662,28.032501
2249981952,48429.3,-0.000924,0.019199,0.000456,-0.390625,0.0,0.9911,1.0436,0.00149,0.00116,0.00195,11.008552,28.064022
2250768384,48407.9,-0.004413,0.027517,0.00046,-0.394531,0.0,0.9911,1.0433,0.001415,0.00128,0.00174,11.248089,28.574575
2251554816,48414.0,0.005177,0.023104,0.000451,-0.414062,0.0,0.991,1.0425,0.001356,0.001336,0.001876,11.328629,28.176764
2252341248,48420.2,-0.006975,0.014519,0.000463,-0.412109,0.0,0.9909,1.042,0.001425,0.001446,0.001867,11.363203,28.17716
2253127680,48426.3,-0.001867,0.013937,0.000432,-0.396484,0.0,0.9909,1.0414,0.001119,0.001248,0.001645,10.986617,27.21339
2253914112,48406.2,-0.006858,0.022749,0.000433,-0.396484,0.0,0.9909,1.0414,0.001568,0.001336,0.001816,10.98662,27.404835
2254700544,48412.2,0.00158,0.013888,0.00048,-0.386719,0.0,0.9909,1.0415,0.001133,0.001221,0.002046,11.502398,28.231405
2255486976,48418.3,-0.009172,0.013648,0.00045,-0.388672,0.0,0.9909,1.0415,0.001324,0.001244,0.001937,10.963075,28.186935
2256273408,48396.9,-0.002164,0.019495,0.000446,-0.378906,0.0,0.991,1.0417,0.000903,0.00128,0.001718,10.310043,28.318106
2257059840,48402.9,-0.004762,0.011883,0.000475,-0.382812,0.0,0.9912,1.042,0.00119,0.001194,0.002063,11.071384,28.014217
2257846272,48409.0,0.003736,0.01547,0.000454,-0.384766,0.0,0.9913,1.0421,0.001164,0.00124,0.001889,10.990746,28.651764
2258632704,48414.9,-0.004249,0.009186,0.000445,-0.378906,0.0,0.9914,1.0427,0.00117,0.001138,0.001793,11.520719,28.766571
2259419136,48395.9,-0.007962,0.024025,0.000481,-0.375,0.0,0.9915,1.0433,0.001241,0.001141,0.001871,10.943706,28.769156
2260205568,48402.0,-0.000127,0.014377,0.000457,-0.369141,0.0,0.9916,1.0437,0.001291,0.001345,0.001826,11.076138,29.569601
2260992000,48408.2,-0.006864,0.009639,0.000451,-0.359375,0.0,0.9917,1.0441,0.001511,0.001262,0.001884,10.681768,28.818848
2261778432,48386.0,-0.004616,0.022741,0.000491,-0.369141,0.0,0.9917,1.0443,0.001015,0.001074,0.001699,9.921506,28.612469
2262564864,48392.4,-0.002962,0.014038,0.000428,-0.380859,0.0,0.9918,1.0444,0.001281,0.001336,0.00165,10.718211,28.834036
2263351296,48398.6,-2.1e-05,0.014479,0.000445,-0.373047,0.0,0.9919,1.0446,0.001409,0.001271,0.001703,10.954331,28.3475
2264137728,48404.9,-0.001942,0.013646,0.000473,-0.363281,0.0,0.9919,1.0448,0.001212,0.001286,0.001532,11.107366,28.790405
2264924160,48385.6,-0.001685,0.027036,0.000524,-0.353516,0.0,0.992,1.0454,0.001349,0.001135,0.00171,10.701962,29.123383
2265710592,48391.6,-0.004831,0.016816,0.000526,-0.347656,0.0,0.992,1.0455,0.001594,0.001333,0.001983,10.199306,29.580135
2266497024,48397.9,0.000198,0.015014,0.000527,-0.337891,0.0,0.992,1.0459,0.001309,0.001439,0.001812,10.21385,29.261196
2267283456,48381.7,-0.005849,0.021658,0.000505,-0.328125,0.0,0.992,1.0463,0.001227,0.001124,0.001797,9.737224,28.227325
2268069888,48388.1,0.000554,0.016125,0.000494,-0.337891,0.0,0.9922,1.0471,0.001265,0.00116,0.001651,9.652129,29.423269
2268856320,48394.4,-0.002397,0.011182,0.000514,-0.330078,0.0,0.9924,1.0479,0.001077,0.001252,0.001596,9.464188,28.62149
2269642752,48400.6,0.001121,0.011287,0.000505,-0.341797,0.0,0.9924,1.0484,0.001259,0.001178,0.001702,9.646777,29.132355
2270429184,48385.2,0.001001,0.026857,0.000477,-0.351562,0.0,0.9925,1.0484,0.001326,0.001113,0.001733,10.203468,28.653463
2271215616,48391.4,-0.000157,0.012234,0.000482,-0.369141,0.0,0.9923,1.0481,0.001497,0.001147,0.001696,10.143965,29.082062
2272002048,48397.4,-0.002051,0.012474,0.000523,-0.367188,0.0,0.9922,1.0477,0.001178,0.001232,0.001793,10.544547,28.573803
2272788480,48381.2,-0.003594,0.019275,0.000526,-0.355469,0.0,0.9922,1.0475,0.001056,0.001038,0.001578,9.329229,32.144714
2273574912,48387.3,0.000749,0.012058,0.000408,-0.361328,0.0,0.9923,1.0477,0.001089,0.001211,0.001786,10.263112,29.210934
2274361344,48393.3,-0.000322,0.013348,0.000427,-0.355469,0.0,0.9924,1.0476,0.000986,0.001,0.00159,10.336496,29.434469
2275147776,48399.4,0.001286,0.009951,0.00043,-0.357422,0.0,0.9925,1.0478,0.00097,0.001041,0.001548,10.435664,29.535589
2275934208,48384.2,-0.003157,0.020365,0.000452,-0.367188,0.0,0.9927,1.0486,0.001041,0.00111,0.001624,10.722951,29.755169
2276720640,48390.5,0.004874,0.020121,0.000466,-0.376953,0.0,0.9927,1.0491,0.001686,0.001299,0.001938,10.773801,28.982079
2277507072,48396.6,-0.000937,0.013441,0.000482,-0.384766,0.0,0.9927,1.0496,0.001356,0.00123,0.001916,11.114608,29.632841
2278293504,48402.8,-0.005528,0.013446,0.000458,-0.392578,0.0,0.9926,1.0499,0.001289,0.001289,0.001811,11.649646,29.304016
2279079936,48382.7,-0.007178,0.021741,0.000461,-0.394531,0.0,0.9926,1.0499,0.001199,0.00121,0.001787,11.370004,29.093384
2279866368,48388.9,-0.003841,0.011468,0.000477,-0.402344,0.0,0.9926,1.0498,0.001363,0.001188,0.001853,11.462132,28.86022
2280652800,48395.2,-8.5e-05,0.015468,0.000474,-0.394531,0.0,0.9926,1.0497,0.001233,0.001319,0.001984,12.174703,29.90889
2281439232,48376.0,-0.003008,0.022781,0.000452,-0.380859,0.0,0.9927,1.0502,0.001159,0.001234,0.001602,11.512373,30.689444
2282225664,48382.2,-0.007244,0.016319,0.000455,-0.382812,0.0,0.9927,1.0502,0.001185,0.001404,0.001821,10.991645,29.201681
2283012096,48388.4,-0.000423,0.013181,0.000456,-0.390625,0.0,0.9925,1.0499,0.001357,0.001379,0.00183,10.867213,29.191757
2283798528,48394.8,0.000882,0.018035,0.000415,-0.384766,0.0,0.9924,1.0497,0.00104,0.001337,0.001663,11.047871,28.323376
2284584960,48367.9,-0.008401,0.020798,0.000457,-0.363281,0.0,0.9924,1.0497,0.001553,0.001183,0.001612,10.295159,28.108099
2285371392,48374.2,-0.003058,0.010108,0.00048,-0.367188,0.0,0.9924,1.0497,0.001327,0.001061,0.00167,10.506252,28.664495
2286157824,48380.6,-0.005131,0.011474,0.000541,-0.373047,0.0,0.9923,1.0497,0.001384,0.000993,0.001669,10.366654,28.459478
2286944256,48354.1,-0.009545,0.021978,0.000504,-0.378906,0.0,0.9922,1.05,0.001414,0.001013,0.001677,10.658248,27.810024
2287730688,48360.2,-0.006146,0.01769,0.000486,-0.400391,0.0,0.9922,1.05,0.001298,0.001313,0.001736,10.646922,27.231833
2288517120,48365.8,0.005798,0.021011,0.000496,-0.386719,0.0,0.9922,1.05,0.001289,0.001087,0.001696,11.279917,27.919546
2289303552,48372.0,-0.000823,0.020378,0.00053,-0.382812,0.0,0.9921,1.0499,0.001374,0.001293,0.001765,10.994791,28.14012
2290089984,48346.9,-0.001795,0.02682,0.000508,-0.398438,0.0,0.9919,1.0495,0.001368,0.001256,0.001683,10.637328,28.336025
2290876416,48352.4,0.001424,0.016185,0.000543,-0.398438,0.0,0.9918,1.0493,0.001348,0.001321,0.001664,10.378023,26.808453
2291662848,48357.7,-0.000438,0.015535,0.000493,-0.390625,0.0,0.9915,1.0489,0.00135,0.001334,0.001621,11.097864,27.368267
2292449280,48333.8,-0.002,0.021838,0.0005,-0.380859,0.0,0.9913,1.0485,0.001169,0.00125,0.001564,10.307159,26.929089
2293235712,48338.9,0.001084,0.015188,0.000461,-0.365234,0.0,0.9913,1.0484,0.001214,0.001217,0.001833,10.689442,28.95335
2294022144,48343.9,0.001693,0.012588,0.000472,-0.373047,0.0,0.9912,1.0482,0.001079,0.001066,0.001685,10.797308,29.189545
2294808576,48349.3,-0.003214,0.010631,0.000468,-0.367188,0.0,0.9912,1.048,0.001267,0.00116,0.001782,10.501514,29.133789
2295595008,48330.1,0.001901,0.021538,0.000477,-0.384766,0.0,0.9911,1.0478,0.001452,0.001191,0.001695,10.80619,28.758801
2296381440,48336.1,-0.003256,0.014884,0.000452,-0.392578,0.0,0.9911,1.0471,0.001543,0.001349,0.002037,12.102053,28.598125
2297167872,48341.5,0.001274,0.018356,0.000465,-0.402344,0.0,0.991,1.0464,0.001401,0.001174,0.001847,11.491136,28.755405
2297954304,48316.5,-0.004438,0.021358,0.000456,-0.404297,0.0,0.9909,1.0458,0.001117,0.001086,0.001377,10.845015,32.785137
2298740736,48322.4,-0.006637,0.014798,0.000458,-0.404297,0.0,0.9909,1.0458,0.001167,0.001279,0.001888,11.710554,28.504677
2299527168,48327.7,-0.002575,0.019904,0.000428,-0.390625,0.0,0.991,1.0458,0.001714,0.001441,0.001993,11.037847,28.202572
2300313600,48332.7,-0.001942,0.025707,0.000475,-0.388672,0.0,0.9911,1.0455,0.002111,0.001256,0.001899,11.137497,28.956429
2301100032,48317.9,-0.000122,0.023569,0.000488,-0.394531,0.0,0.9912,1.046,0.0013,0.001139,0.001753,11.637089,28.993431
2301886464,48323.1,-0.003693,0.022848,0.0005,-0.398438,0.0,0.9911,1.0455,0.001544,0.001252,0.002251,12.019887,29.18681
2302672896,48328.6,-0.002425,0.016223,0.000499,-0.398438,0.0,0.991,1.0452,0.001462,0.00129,0.002064,11.429515,29.435482
2303459328,48333.9,-0.003478,0.020402,0.000527,-0.382812,0.0,0.9909,1.0447,0.001551,0.001344,0.001829,11.244515,28.376934
2304245760,48314.3,-5.3e-05,0.026164,0.000495,-0.371094,0.0,0.9909,1.0444,0.001432,0.001117,0.001762,10.763504,29.36673
2305032192,48320.2,-0.003437,0.014952,0.000492,-0.365234,0.0,0.9909,1.0443,0.001139,0.001164,0.001749,11.175531,29.631989
2305818624,48325.5,-0.004197,0.012433,0.000501,-0.357422,0.0,0.9908,1.044,0.001156,0.000981,0.001621,10.618215,29.965363
2306605056,48304.0,-0.003386,0.025164,0.000461,-0.361328,0.0,0.9909,1.044,0.001063,0.00107,0.001566,10.982976,29.99437
2307391488,48309.8,-0.007095,0.016964,0.000417,-0.373047,0.0,0.9909,1.0437,0.001336,0.00121,0.001697,11.373347,30.144934
2308177920,48316.1,0.001094,0.018618,0.000429,-0.373047,0.0,0.991,1.0437,0.001193,0.00122,0.001779,10.709127,29.495266
2308964352,48321.2,-0.001497,0.014853,0.000432,-0.359375,0.0,0.9911,1.0436,0.001141,0.00111,0.001563,10.525786,29.780685
2309750784,48294.0,-0.005004,0.027273,0.000473,-0.349609,0.0,0.9911,1.0435,0.001147,0.001062,0.001441,10.601912,30.279297
2310537216,48300.1,-0.008363,0.016627,0.000487,-0.34375,0.0,0.9911,1.0436,0.001354,0.000952,0.001795,10.879057,30.189281
2311323648,48306.3,-0.001775,0.014757,0.000516,-0.361328,0.0,0.9913,1.0437,0.001121,0.001294,0.001788,10.234408,29.974911
2312110080,48287.7,-0.00344,0.021357,0.000484,-0.371094,0.0,0.9913,1.0438,0.001073,0.001034,0.001356,10.779181,29.383648
2312896512,48293.1,0.009146,0.016673,0.000579,-0.380859,0.0,0.9913,1.0441,0.002161,0.001042,0.001857,10.732131,28.717331
2313682944,48298.5,-0.002186,0.01114,0.000588,-0.382812,0.0,0.9913,1.0445,0.001269,0.001077,0.001498,10.964417,29.454672
2314469376,48304.9,-0.006617,0.011713,0.000547,-0.378906,0.0,0.9914,1.0449,0.001258,0.001123,0.001618,11.500647,29.476171
2315255808,48280.9,0.000139,0.022558,0.00052,-0.369141,0.0,0.9915,1.0451,0.001155,0.001127,0.001512,10.922228,30.575308
2316042240,48286.1,-0.002262,0.009159,0.000507,-0.359375,0.0,0.9915,1.0455,0.001259,0.001036,0.001497,10.577929,29.448181
2316828672,48291.5,-0.007524,0.008538,0.000519,-0.365234,0.0,0.9916,1.046,0.001177,0.001149,0.001715,10.975668,29.665253
2317615104,48276.5,-0.003923,0.017153,0.000479,-0.361328,0.0,0.9916,1.0463,0.000922,0.000987,0.001205,10.523602,28.028082
2318401536,48282.5,-0.003673,0.013354,0.000523,-0.359375,0.0,0.9916,1.0466,0.001281,0.001231,0.001766,10.757939,29.393993
2319187968,48288.7,-0.007073,0.009677,0.000519,-0.355469,0.0,0.9917,1.0467,0.00132,0.001066,0.001699,10.399295,29.327566
2319974400,48294.1,-0.001947,0.009327,0.000471,-0.355469,0.0,0.9917,1.0469,0.00119,0.001107,0.001724,10.445684,29.189108
2320760832,48266.7,-0.001094,0.021664,0.000498,-0.365234,0.0,0.9917,1.0473,0.00117,0.001016,0.001524,10.784288,28.455427
2321547264,48272.3,-0.003323,0.011015,0.000461,-0.376953,0.0,0.9918,1.0478,0.001235,0.001134,0.001591,10.496796,28.115803
2322333696,48277.8,-0.002507,0.008259,0.000451,-0.382812,0.0,0.9917,1.048,0.00127,0.001016,0.001653,10.428066,28.959921
2323120128,48259.9,-0.003305,0.016587,0.000446,-0.378906,0.0,0.9917,1.0484,0.001102,0.001026,0.001427,10.521845,31.707989
2323906560,48265.3,-0.004292,0.015163,0.000497,-0.382812,0.0,0.9918,1.0492,0.001343,0.001077,0.001795,10.412361,28.150023
2324692992,48271.4,-0.006012,0.012862,0.000499,-0.376953,0.0,0.9916,1.0496,0.001274,0.001063,0.001698,10.778552,28.033699
2325479424,48277.5,-0.00155,0.01585,0.000486,-0.384766,0.0,0.9914,1.0498,0.001408,0.000968,0.001749,10.520519,28.392925
2326265856,48245.1,0.004025,0.025089,0.00047,-0.376953,0.0,0.9913,1.0496,0.00126,0.00088,0.001532,10.778812,29.487835
2327052288,48251.4,-0.002878,0.016823,0.000449,-0.392578,0.0,0.9913,1.0492,0.001117,0.001096,0.001577,11.297732,29.304264
2327838720,48257.7,0.001057,0.019235,0.000416,-0.396484,0.0,0.9912,1.0488,0.001195,0.001427,0.001581,11.180364,29.205221
2328625152,48263.4,-0.003923,0.015528,0.000459,-0.388672,0.0,0.9911,1.0485,0.001153,0.001033,0.001702,11.066897,28.110764
2329411584,48243.2,-0.001596,0.020764,0.000455,-0.394531,0.0,0.9911,1.0489,0.001521,0.001052,0.001639,11.521247,28.382507
2330198016,48248.6,0.00073,0.010805,0.000451,-0.408203,0.0,0.991,1.0488,0.001467,0.001071,0.001756,11.435963,28.318249
2330984448,48254.1,-0.002709,0.008538,0.000458,-0.400391,0.0,0.9909,1.0491,0.001389,0.000944,0.001671,11.220187,27.220184
2331770880,48230.6,0.001099,0.019327,0.000515,-0.392578,0.0,0.991,1.0491,0.00129,0.001022,0.001535,11.364347,28.842327
2332557312,48236.0,0.001232,0.014373,0.000459,-0.386719,0.0,0.9909,1.0488,0.001287,0.00108,0.001786,11.114215,27.704596
2333343744,48241.2,-0.003049,0.013417,0.000489,-0.388672,0.0,0.9908,1.0484,0.001292,0.001255,0.001696,10.546381,27.732796
2334130176,48246.4,0.000875,0.012401,0.000489,-0.398438,0.0,0.9907,1.0484,0.001055,0.00125,0.001764,11.486333,28.922119
2334916608,48228.7,-0.000465,0.020804,0.000477,-0.394531,0.0,0.9908,1.0486,0.001217,0.001034,0.001633,12.189621,29.140705
2335703040,48233.7,-5.5e-05,0.008818,0.00046,-0.400391,0.0,0.991,1.0484,0.001084,0.001048,0.001519,11.745374,29.023468
2336489472,48238.7,-0.006229,0.010065,0.000472,-0.394531,0.0,0.9912,1.0483,0.001092,0.001138,0.001618,11.614127,28.86755
2337275904,48221.4,-0.003008,0.019077,0.000447,-0.392578,0.0,0.9912,1.0483,0.001085,0.000989,0.001352,11.646782,29.635479
2338062336,48227.4,0.000825,0.009061,0.000497,-0.388672,0.0,0.9914,1.0487,0.001164,0.001051,0.001526,11.311333,28.580395
2338848768,48232.9,-0.007941,0.010885,0.00051,-0.392578,0.0,0.9916,1.0492,0.001085,0.00108,0.001604,11.170325,29.052338
2339635200,48238.0,0.001682,0.014615,0.000492,-0.386719,0.0,0.9917,1.0493,0.00126,0.001128,0.001517,11.016935,28.996618
2340421632,48222.1,0.005532,0.021421,0.00049,-0.388672,0.0,0.9919,1.0491,0.001099,0.001037,0.00168,11.102979,29.081524
2341208064,48228.2,0.00192,0.011818,0.0005,-0.386719,0.0,0.9921,1.0488,0.001269,0.001078,0.001652,11.266026,28.552197
2341994496,48234.6,0.00134,0.014366,0.000474,-0.388672,0.0,0.9922,1.0486,0.001205,0.001036,0.00168,11.144726,28.790974
2342780928,48220.3,-0.005683,0.023729,0.000484,-0.392578,0.0,0.9923,1.0488,0.00116,0.000987,0.001588,10.628468,28.207569
2343567360,48225.7,-0.001992,0.017581,0.000516,-0.388672,0.0,0.9922,1.0482,0.001196,0.001363,0.002131,11.712935,29.938803
2344353792,48230.6,-0.005614,0.013391,0.000504,-0.382812,0.0,0.992,1.0478,0.000987,0.001139,0.001762,11.584138,29.907394
2345140224,48236.7,0.010431,0.015121,0.000521,-0.384766,0.0,0.9918,1.0472,0.000985,0.001099,0.001923,11.238487,29.779301
2345926656,48216.1,-0.001402,0.023416,0.000537,-0.388672,0.0,0.9918,1.0471,0.001009,0.001061,0.001605,11.919094,29.20797
2346713088,48221.9,-0.003855,0.012205,0.000539,-0.390625,0.0,0.9919,1.0471,0.000931,0.001104,0.001477,12.201036,30.224874
2347499520,48228.0,-0.002504,0.014238,0.000607,-0.380859,0.0,0.992,1.0472,0.001202,0.001186,0.001333,11.858462,30.343832
2348285952,48206.9,0.000117,0.019799,0.000534,-0.376953,0.0,0.9921,1.047,0.001158,0.001073,0.001441,11.576591,34.524384
2349072384,48212.6,0.000638,0.014251,0.000501,-0.371094,0.0,0.9922,1.0471,0.001415,0.001023,0.001879,11.345301,31.633678
2349858816,48218.1,-0.003131,0.015927,0.000518,-0.365234,0.0,0.9923,1.0471,0.001217,0.000991,0.001875,11.606027,30.723379
2350645248,48223.0,-0.004381,0.010317,0.000514,-0.373047,0.0,0.9923,1.0469,0.001005,0.001024,0.001659,11.390311,30.948986
2351431680,48199.9,-0.00244,0.024329,0.000495,-0.376953,0.0,0.9922,1.0473,0.000947,0.000991,0.001416,11.376899,31.15093
2352218112,48205.4,0.002499,0.014258,0.000504,-0.384766,0.0,0.992,1.0473,0.001025,0.001071,0.001491,11.730584,30.24497
2353004544,48211.4,-0.00126,0.010357,0.000527,-0.386719,0.0,0.9918,1.0475,0.001021,0.001093,0.00155,11.979971,30.26885
2353790976,48216.8,0.001072,0.012824,0.00058,-0.375,0.0,0.9917,1.0474,0.001057,0.001146,0.001514,11.03923,29.959402
2354577408,48203.7,-0.004834,0.018997,0.000536,-0.361328,0.0,0.9916,1.0472,0.001233,0.000987,0.001828,11.066625,30.109676
2355363840,48210.0,0.00077,0.014543,0.000524,-0.361328,0.0,0.9916,1.0471,0.001094,0.00099,0.001769,10.810863,29.867203
2356150272,48216.2,-0.005295,0.009767,0.00056,-0.369141,0.0,0.9915,1.0472,0.001156,0.001086,0.001543,10.979275,30.44812
2356936704,48194.7,-0.005389,0.018803,0.000493,-0.369141,0.0,0.9916,1.0477,0.001137,0.000909,0.001441,11.186516,30.625072
2357723136,48200.5,-0.003996,0.010496,0.000468,-0.378906,0.0,0.9915,1.0476,0.001159,0.00106,0.001729,11.183471,29.425055
2358509568,48206.2,0.001175,0.010832,0.000452,-0.373047,0.0,0.9914,1.0477,0.001126,0.00107,0.001602,11.427976,30.014318
2359296000,48211.9,-0.00026,0.009935,0.000428,-0.376953,0.0,0.9912,1.0476,0.000932,0.001066,0.001598,10.720628,30.059841
2360082432,48194.2,-0.007575,0.022183,0.000492,-0.361328,0.0,0.9915,1.0486,0.001192,0.000764,0.001587,11.168442,30.152187
2360868864,48199.3,-0.005167,0.010776,0.000567,-0.359375,0.0,0.9918,1.0494,0.001251,0.00084,0.001744,11.007162,30.87878
2361655296,48204.5,0.001347,0.012859,0.000544,-0.355469,0.0,0.9918,1.0501,0.001455,0.000866,0.001689,10.86542,31.70509
2362441728,48183.1,-0.002732,0.019995,0.000504,-0.357422,0.0,0.9919,1.0505,0.001047,0.000969,0.001534,11.407323,30.979828
2363228160,48189.2,-0.00234,0.009597,0.000477,-0.375,0.0,0.9919,1.0508,0.001017,0.001113,0.001466,11.33257,31.004019
2364014592,48194.8,-0.006424,0.011394,0.000452,-0.365234,0.0,0.9918,1.0508,0.001223,0.001044,0.001746,11.943241,30.926275
2364801024,48200.0,-0.008405,0.00738,0.000441,-0.361328,0.0,0.9918,1.051,0.000954,0.00106,0.001505,11.113516,30.359615
2365587456,48180.6,-0.002523,0.021271,0.000453,-0.361328,0.0,0.9918,1.051,0.00093,0.000874,0.00133,10.643402,30.867199
2366373888,48186.8,0.00345,0.014842,0.000425,-0.365234,0.0,0.9917,1.0512,0.000966,0.001118,0.001528,10.383872,29.172821
2367160320,48192.6,-0.001872,0.013469,0.000479,-0.365234,0.0,0.9916,1.0512,0.000964,0.000987,0.001448,10.690331,29.06451
2367946752,48173.7,-0.000838,0.021499,0.00042,-0.353516,0.0,0.9917,1.0513,0.001047,0.001072,0.001384,10.157143,27.887854
2368733184,48178.9,0.00062,0.013414,0.000454,-0.34375,0.0,0.9919,1.0515,0.001066,0.00115,0.001416,10.323179,29.171757
2369519616,48184.1,-0.004493,0.008947,0.000474,-0.333984,0.0,0.9919,1.0515,0.001384,0.00103,0.001633,10.216567,29.723991
2370306048,48189.5,-0.003049,0.007831,0.000447,-0.335938,0.0,0.9921,1.0515,0.000969,0.000984,0.001582,9.850675,30.128983
2371092480,48168.0,-0.001224,0.022493,0.000508,-0.337891,0.0,0.9921,1.0512,0.001086,0.001114,0.001705,9.934078,30.007385
2371878912,48173.3,0.003475,0.021084,0.000504,-0.34375,0.0,0.992,1.0506,0.001395,0.001198,0.001775,10.099997,29.696936
2372665344,48179.5,-0.000743,0.012137,0.000495,-0.347656,0.0,0.9918,1.05,0.001353,0.001056,0.001679,9.836271,29.733246
2373451776,48161.2,8.4e-05,0.024622,0.000483,-0.345703,0.0,0.9917,1.0492,0.001012,0.001146,0.001357,10.640165,32.814453
2374238208,48167.5,0.002222,0.016103,0.000449,-0.34375,0.0,0.9916,1.049,0.001215,0.001258,0.001434,10.001727,30.202093
2375024640,48173.8,-0.004228,0.014505,0.000449,-0.355469,0.0,0.9915,1.0489,0.001233,0.001366,0.001414,10.518451,29.543631
2375811072,48179.1,-0.0019,0.013664,0.000448,-0.357422,0.0,0.9915,1.0487,0.001172,0.001366,0.001486,11.041872,29.526922
2376597504,48153.1,-0.001875,0.023028,0.000458,-0.355469,0.0,0.9913,1.0483,0.000944,0.000963,0.001543,10.678242,28.839804
2377383936,48159.2,-0.001412,0.011924,0.000517,-0.359375,0.0,0.9912,1.0483,0.001287,0.001135,0.001664,10.428078,28.858007
2378170368,48165.4,0.004713,0.011853,0.000493,-0.367188,0.0,0.9914,1.0485,0.001071,0.001106,0.001596,10.182238,28.972599
2378956800,48171.5,-0.003277,0.008759,0.000537,-0.359375,0.0,0.9913,1.0485,0.001069,0.001106,0.001587,10.386839,29.523514
2379743232,48151.8,-0.000695,0.019821,0.000467,-0.367188,0.0,0.9914,1.0488,0.001026,0.001055,0.001508,10.664156,28.813976
2380529664,48158.0,-0.003702,0.013011,0.000444,-0.373047,0.0,0.9914,1.0493,0.00113,0.000983,0.001574,10.267683,28.729385
2381316096,48164.2,-0.00317,0.011138,0.000498,-0.353516,0.0,0.9914,1.0497,0.001184,0.001088,0.001696,10.585479,29.5961
2382102528,48142.9,-0.006122,0.019539,0.000504,-0.361328,0.0,0.9915,1.05,0.001104,0.000888,0.001313,10.712684,29.978781
2382888960,48149.1,-0.000289,0.01479,0.000458,-0.373047,0.0,0.9914,1.0494,0.001133,0.001094,0.0017,10.571896,29.194714
2383675392,48155.3,-0.001209,0.014962,0.000474,-0.373047,0.0,0.9913,1.0489,0.001146,0.001045,0.001541,11.247593,29.12785
2384461824,48160.6,0.001723,0.013023,0.000486,-0.369141,0.0,0.9911,1.0483,0.001077,0.001042,0.001508,10.761776,29.096985
2385248256,48142.2,-0.001047,0.027188,0.000516,-0.355469,0.0,0.991,1.048,0.001292,0.001132,0.001648,11.235369,29.899176
2386034688,48147.4,-0.002978,0.013341,0.00051,-0.357422,0.0,0.9909,1.0478,0.001042,0.001053,0.001676,10.63125,29.8673
2386821120,48152.7,-0.001181,0.013966,0.000523,-0.355469,0.0,0.9906,1.0471,0.001066,0.001011,0.001645,10.604663,29.935974
2387607552,48133.9,-0.001589,0.021129,0.0005,-0.353516,0.0,0.9905,1.0471,0.00102,0.000917,0.001493,10.505896,29.76795
2388393984,48140.2,-0.004098,0.012839,0.000443,-0.359375,0.0,0.9906,1.0476,0.001021,0.000976,0.001663,10.565653,28.525108
2389180416,48146.5,-0.004055,0.01282,0.000435,-0.361328,0.0,0.9906,1.048,0.001108,0.000965,0.0017,10.521972,28.931509
2389966848,48152.8,0.003462,0.013755,0.00043,-0.349609,0.0,0.9906,1.0485,0.001099,0.001123,0.001631,10.575699,29.128225
2390753280,48129.1,-0.007487,0.019006,0.000468,-0.341797,0.0,0.9907,1.049,0.001062,0.000899,0.001626,10.203477,30.161987
2391539712,48135.1,-0.001158,0.008076,0.00045,-0.339844,0.0,0.991,1.0498,0.001034,0.000925,0.001428,9.953945,29.051544
2392326144,48141.0,0.004499,0.010343,0.000471,-0.341797,0.0,0.9911,1.0505,0.001161,0.000933,0.001544,10.095341,29.637299
2393112576,48092.5,0.002718,0.016464,0.000432,-0.341797,0.0,0.9914,1.0513,0.000905,0.000868,0.00131,10.023464,27.745459
2393899008,48098.7,-0.004632,0.008362,0.000593,-0.345703,0.0,0.9914,1.0515,0.001062,0.00096,0.001551,9.822742,28.968605
2394685440,48104.8,-0.003055,0.008276,0.000528,-0.341797,0.0,0.9915,1.0517,0.001181,0.001018,0.001529,9.852501,28.909233
2395471872,48110.8,0.000273,0.008279,0.000508,-0.34375,0.0,0.9914,1.0519,0.001047,0.001116,0.00152,9.900106,29.823669
2396258304,48095.8,0.003484,0.019182,0.000567,-0.351562,0.0,0.9913,1.0515,0.001002,0.000973,0.001347,9.537331,28.376099
2397044736,48101.7,-0.002816,0.014049,0.000479,-0.361328,0.0,0.9913,1.0506,0.001235,0.001098,0.00201,9.795472,28.492613
2397831168,48107.8,0.001455,0.01134,0.000488,-0.355469,0.0,0.9913,1.0496,0.001218,0.001024,0.001559,9.947107,28.259228
2398617600,48092.8,0.000205,0.019167,0.0005,-0.339844,0.0,0.9911,1.0489,0.001125,0.000915,0.001339,11.323151,30.65328
2399404032,48099.0,-0.005778,0.017921,0.000472,-0.34375,0.0,0.991,1.0489,0.001226,0.001214,0.00161,9.601973,28.876007
2400190464,48105.1,-0.005682,0.015188,0.000473,-0.347656,0.0,0.9911,1.0494,0.00096,0.001077,0.001601,9.40419,28.060669
2400976896,48111.3,-0.002692,0.021077,0.000478,-0.353516,0.0,0.9911,1.0495,0.001132,0.001173,0.00156,9.746825,28.255249
2401763328,48095.9,-0.002484,0.026883,0.00047,-0.351562,0.0,0.9911,1.0496,0.001426,0.001013,0.001473,9.972051,27.418091
2402549760,48100.9,-0.003368,0.010923,0.000491,-0.345703,0.0,0.9914,1.0501,0.00165,0.001029,0.001585,9.935635,27.718924
2403336192,48105.9,0.006111,0.010518,0.000432,-0.349609,0.0,0.9917,1.0508,0.001155,0.001091,0.001272,9.999599,28.36208
2404122624,48111.3,0.005446,0.00993,0.000457,-0.347656,0.0,0.9918,1.051,0.001034,0.000993,0.001403,9.794311,28.268547
2404909056,48093.3,-0.00807,0.01799,0.000467,-0.337891,0.0,0.9919,1.0511,0.000934,0.000941,0.001407,9.955135,28.382818
2405695488,48099.5,-0.001746,0.013802,0.000523,-0.339844,0.0,0.992,1.051,0.001069,0.00105,0.001444,9.949362,28.962147
2406481920,48105.6,-0.001287,0.011986,0.000509,-0.335938,0.0,0.9919,1.0507,0.001168,0.001015,0.001277,9.493782,28.675634
2407268352,48085.8,0.002252,0.020673,0.000449,-0.332031,0.0,0.992,1.0506,0.001063,0.000933,0.00134,10.383405,29.657934
2408054784,48091.4,0.0017,0.01312,0.000535,-0.349609,0.0,0.9919,1.0498,0.001238,0.001002,0.001578,9.69639,29.369736
2408841216,48097.6,0.002981,0.010718,0.000577,-0.353516,0.0,0.9917,1.049,0.000968,0.000971,0.0015,10.378992,29.072632
2409627648,48103.7,0.003709,0.01354,0.00054,-0.351562,0.0,0.9916,1.0484,0.001218,0.001001,0.001549,10.412554,28.98848
2410414080,48074.8,0.00179,0.029633,0.000431,-0.373047,0.0,0.9917,1.0482,0.001246,0.001242,0.001641,10.405206,28.353399
2411200512,48080.8,-0.000918,0.009171,0.000407,-0.361328,0.0,0.9916,1.0478,0.001185,0.000854,0.001504,10.460099,27.958679
2411986944,48086.6,-0.00305,0.009733,0.000519,-0.365234,0.0,0.9915,1.0475,0.001064,0.000976,0.001564,10.157845,28.747192
2412773376,48064.0,-0.003693,0.022134,0.000447,-0.365234,0.0,0.9915,1.0478,0.001085,0.000893,0.001566,10.395387,28.901062
2413559808,48070.0,-0.00522,0.013107,0.000639,-0.376953,0.0,0.9916,1.0484,0.00112,0.001274,0.001847,10.161006,27.9492
2414346240,48076.2,0.002445,0.010431,0.000448,-0.371094,0.0,0.9916,1.0491,0.001162,0.001125,0.00149,10.541696,27.729757
2415132672,48082.4,-0.002936,0.008787,0.000468,-0.378906,0.0,0.9917,1.0499,0.001186,0.001084,0.001757,10.270506,28.210922
2415919104,48062.0,-0.000245,0.025675,0.000492,-0.373047,0.0,0.992,1.0502,0.001264,0.001016,0.00151,10.993649,28.965984
2416705536,48068.1,0.002428,0.016354,0.00049,-0.365234,0.0,0.9918,1.0494,0.001315,0.001165,0.001613,11.734899,28.77177
2417491968,48073.2,-0.000723,0.01293,0.00046,-0.363281,0.0,0.9917,1.0493,0.001087,0.001056,0.001523,10.913177,28.826653
2418278400,48050.5,-0.005168,0.030663,0.000473,-0.361328,0.0,0.9916,1.049,0.001134,0.001008,0.001469,10.221307,28.019306
2419064832,48055.5,0.001388,0.016685,0.000504,-0.365234,0.0,0.9915,1.0486,0.001004,0.001063,0.00142,10.714769,29.798016
2419851264,48060.9,-0.007775,0.015516,0.000491,-0.373047,0.0,0.9913,1.0482,0.001122,0.001146,0.00151,11.205449,29.563009
2420637696,48065.9,0.000629,0.014183,0.000476,-0.380859,0.0,0.9911,1.0476,0.00097,0.001017,0.001523,10.948809,30.070293
2421424128,48043.4,0.000201,0.027468,0.00053,-0.373047,0.0,0.9912,1.0477,0.00103,0.000942,0.001488,10.87892,29.791485
2422210560,48048.5,0.002982,0.017435,0.000564,-0.369141,0.0,0.9911,1.0479,0.000952,0.001121,0.00146,11.132424,30.205078
2422996992,48053.5,0.002611,0.018495,0.000436,-0.367188,0.0,0.9911,1.0481,0.001303,0.000983,0.001479,11.077629,30.360394
2423783424,48034.3,0.006541,0.022817,0.00046,-0.369141,0.0,0.991,1.0483,0.000915,0.000899,0.001401,13.302573,31.707043
2424569856,48039.5,-0.003637,0.015587,0.000499,-0.410156,0.0,0.9909,1.0484,0.00112,0.000969,0.00178,11.74438,29.924953
2425356288,48045.4,-0.008803,0.01415,0.000493,-0.394531,0.0,0.9908,1.0484,0.001124,0.000941,0.001402,12.545687,29.65052
2426142720,48051.2,-0.004603,0.013794,0.00048,-0.386719,0.0,0.9906,1.0483,0.001196,0.000923,0.00164,11.650497,29.588943
2426929152,48026.9,-0.005498,0.024886,0.000471,-0.380859,0.0,0.9903,1.0479,0.001463,0.001017,0.001545,11.597862,29.796215
2427715584,48032.9,-0.000787,0.013922,0.000544,-0.378906,0.0,0.9902,1.0474,0.001154,0.000987,0.001693,11.113889,29.564587
2428502016,48039.0,-0.005061,0.013645,0.000525,-0.378906,0.0,0.9901,1.0468,0.001027,0.000897,0.001528,11.314682,30.026144
2429288448,48045.1,-0.004448,0.014709,0.000511,-0.367188,0.0,0.9899,1.046,0.00122,0.001058,0.001645,11.161406,30.81004
2430074880,48023.1,-0.002694,0.017384,0.000516,-0.367188,0.0,0.9899,1.046,0.000923,0.001032,0.001441,11.480796,30.626995
2430861312,48029.3,0.005433,0.011254,0.000525,-0.378906,0.0,0.9898,1.0459,0.001014,0.000989,0.001452,10.902452,30.097942
2431647744,48035.5,-0.001107,0.012721,0.00051,-0.376953,0.0,0.9898,1.0456,0.00103,0.001046,0.001304,11.253436,30.232159
2432434176,48019.6,0.003023,0.02193,0.000504,-0.382812,0.0,0.9899,1.0455,0.000959,0.001026,0.001321,11.457927,30.542252
2433220608,48025.3,0.001959,0.013665,0.000536,-0.394531,0.0,0.99,1.0461,0.001228,0.000934,0.001353,11.288985,30.794323
2434007040,48030.5,-0.003896,0.013044,0.000478,-0.382812,0.0,0.9899,1.0466,0.000928,0.001052,0.001451,11.777583,29.681377
2434793472,48036.5,-0.001724,0.010086,0.000538,-0.376953,0.0,0.9901,1.0472,0.000954,0.001136,0.001249,11.58956,30.149445
2435579904,48016.1,-0.000329,0.02454,0.00049,-0.396484,0.0,0.99,1.0475,0.000844,0.000906,0.001288,11.905557,30.349957
2436366336,48021.5,-0.002818,0.014983,0.000541,-0.396484,0.0,0.99,1.0476,0.001057,0.001013,0.001472,11.991673,30.545818
2437152768,48027.6,-0.003026,0.014287,0.00054,-0.398438,0.0,0.99,1.0481,0.000885,0.000947,0.0014,12.233744,31.098778
2437939200,48006.1,-0.003727,0.025818,0.000523,-0.394531,0.0,0.9901,1.0484,0.000931,0.000945,0.001267,12.53928,31.237194
2438725632,48011.4,-0.000557,0.016151,0.000492,-0.414062,0.0,0.99,1.0481,0.000943,0.000936,0.001377,12.256281,29.712851
2439512064,48017.5,0.006426,0.02279,0.0005,-0.423828,0.0,0.99,1.0479,0.001075,0.000962,0.001629,12.364558,29.430859
2440298496,48023.6,-0.001315,0.014182,0.0005,-0.416016,0.0,0.99,1.0476,0.000959,0.000929,0.001448,12.24042,29.418777
2441084928,47999.3,-0.002896,0.024083,0.000565,-0.414062,0.0,0.9902,1.0477,0.000989,0.000919,0.001431,12.071815,30.017996
2441871360,48004.7,-0.00428,0.019382,0.000546,-0.404297,0.0,0.9903,1.0476,0.001221,0.000902,0.001594,11.624804,29.030998
2442657792,48010.8,-0.004853,0.015388,0.000498,-0.40625,0.0,0.9904,1.0476,0.001324,0.000903,0.001569,11.955405,29.148809
2443444224,47983.2,-0.008944,0.021549,0.000521,-0.402344,0.0,0.9905,1.0476,0.001452,0.000893,0.001502,11.169704,27.941784
2444230656,47989.3,-0.004253,0.016,0.000509,-0.394531,0.0,0.9906,1.0481,0.001179,0.001064,0.001749,11.660257,29.557089
2445017088,47995.5,-0.001211,0.019715,0.000497,-0.376953,0.0,0.9908,1.0487,0.00119,0.001136,0.001787,12.108668,29.850956
2445803520,48000.6,-0.002162,0.014795,0.000506,-0.373047,0.0,0.9909,1.0492,0.001212,0.000904,0.001572,11.115604,30.052755
2446589952,47974.5,-0.004684,0.02183,0.00049,-0.376953,0.0,0.9909,1.0489,0.001006,0.000875,0.001561,11.336236,30.137564
2447376384,47980.6,-0.009008,0.01427,0.000526,-0.376953,0.0,0.9906,1.0478,0.001216,0.000918,0.001504,11.147336,29.684784
2448162816,47986.5,0.005001,0.015064,0.000601,-0.369141,0.0,0.9904,1.047,0.001051,0.000892,0.001594,10.857114,29.152901
2448949248,47957.4,-0.003686,0.021706,0.000541,-0.359375,0.0,0.9902,1.046,0.000948,0.000859,0.001468,11.808222,30.774801
2449735680,47962.9,-0.004671,0.015211,0.000477,-0.375,0.0,0.9902,1.0461,0.00148,0.001083,0.001612,10.35048,30.057478
2450522112,47968.4,-0.002636,0.01348,0.000513,-0.384766,0.0,0.9902,1.0464,0.001163,0.001142,0.001333,11.211944,28.995146
2451308544,47973.4,0.008428,0.013448,0.00051,-0.388672,0.0,0.9901,1.0463,0.000918,0.00101,0.001442,11.01494,29.215002
2452094976,47949.8,-0.0044,0.025636,0.000492,-0.400391,0.0,0.99,1.046,0.001022,0.00098,0.001491,12.040886,29.488373
2452881408,47955.0,-0.00349,0.013159,0.00057,-0.410156,0.0,0.9901,1.0458,0.001151,0.000949,0.001455,11.983987,29.293976
2453667840,47960.1,0.004638,0.017056,0.000514,-0.400391,0.0,0.9902,1.0452,0.001035,0.000935,0.001754,12.492785,30.640945
2454454272,47965.3,0.001169,0.010502,0.000517,-0.392578,0.0,0.9902,1.045,0.001073,0.000907,0.001394,12.26221,30.468094
2455240704,47941.4,0.002441,0.018166,0.000592,-0.390625,0.0,0.9902,1.045,0.000998,0.001051,0.001289,11.517494,30.830975
2456027136,47947.4,-0.006145,0.01133,0.000546,-0.384766,0.0,0.9902,1.045,0.000895,0.000909,0.001465,11.623962,30.281988
2456813568,47953.5,-0.004095,0.009543,0.000523,-0.380859,0.0,0.9902,1.0447,0.000951,0.001041,0.001343,11.84809,30.568703
2457600000,47928.6,-0.008647,0.019354,0.000533,-0.376953,0.0,0.9903,1.0451,0.000858,0.000913,0.001194,11.737987,31.308178
2458386432,47934.2,-0.00192,0.0162,0.000494,-0.378906,0.0,0.9902,1.0455,0.000858,0.001003,0.001451,11.045344,30.255859
2459172864,47939.6,0.00135,0.018529,0.000504,-0.378906,0.0,0.9903,1.0461,0.000895,0.001158,0.001406,11.772159,30.74387
2459959296,47944.7,-0.004694,0.010527,0.000508,-0.365234,0.0,0.9903,1.0463,0.000817,0.000918,0.001155,11.773137,30.334675
2460745728,47927.0,-0.001938,0.021539,0.000483,-0.351562,0.0,0.9905,1.0469,0.000894,0.00091,0.001114,11.273709,30.466208
2461532160,47932.0,-0.003137,0.009018,0.00048,-0.347656,0.0,0.9907,1.0475,0.001022,0.000873,0.001532,11.173859,30.709332
2462318592,47937.1,-0.006963,0.008521,0.000506,-0.345703,0.0,0.9908,1.0481,0.001043,0.000896,0.001392,10.780496,31.491074
2463105024,47917.5,0.002816,0.019892,0.000515,-0.351562,0.0,0.9911,1.0494,0.00097,0.000913,0.001233,11.759068,31.895081
2463891456,47923.6,-0.002333,0.011567,0.00057,-0.376953,0.0,0.9912,1.05,0.000941,0.001033,0.001475,11.621941,31.282797
2464677888,47929.7,-0.002503,0.014573,0.000545,-0.376953,0.0,0.9913,1.0506,0.001191,0.000936,0.001649,11.669715,30.657574
2465464320,47934.8,0.002761,0.011785,0.000529,-0.384766,0.0,0.9914,1.0507,0.000897,0.000982,0.001497,11.337113,30.359035
2466250752,47911.8,-0.00241,0.022971,0.000485,-0.380859,0.0,0.9916,1.0505,0.001036,0.000986,0.001412,11.60278,30.045864
2467037184,47916.8,0.000832,0.016592,0.000427,-0.380859,0.0,0.9916,1.05,0.000977,0.000958,0.001609,11.752382,29.758451
2467823616,47922.8,-0.005503,0.014608,0.000441,-0.376953,0.0,0.9916,1.0495,0.000986,0.000913,0.001322,10.693151,28.803564
2468610048,47899.9,0.00109,0.023767,0.000427,-0.369141,0.0,0.9915,1.0496,0.000947,0.000961,0.001426,10.841283,28.703785
2469396480,47905.0,-0.006551,0.011353,0.000491,-0.371094,0.0,0.9916,1.0501,0.000897,0.001037,0.0015,10.894221,29.575302
2470182912,47911.0,-0.009589,0.009522,0.000444,-0.363281,0.0,0.9915,1.0503,0.001035,0.000897,0.001461,10.974918,30.382256
2470969344,47917.0,-0.001043,0.009396,0.000485,-0.365234,0.0,0.9915,1.0507,0.001034,0.000968,0.00131,11.099094,30.527161
2471755776,47902.5,-0.004859,0.017128,0.000481,-0.357422,0.0,0.9915,1.0511,0.000878,0.000873,0.001308,10.706284,30.228842
2472542208,47908.1,-0.000321,0.010068,0.000514,-0.347656,0.0,0.9915,1.0513,0.001009,0.00092,0.00137,10.814635,30.452993
2473328640,47913.4,-0.002688,0.008675,0.000508,-0.349609,0.0,0.9915,1.0517,0.000877,0.000943,0.00139,10.673856,30.282181
2474115072,47901.7,-0.003393,0.017895,0.000554,-0.349609,0.0,0.9915,1.0516,0.000998,0.000712,0.001155,12.697774,30.859154
2474901504,47907.3,-0.002229,0.014052,0.000446,-0.386719,0.0,0.9916,1.0512,0.001005,0.00091,0.001544,10.811735,30.269726
2475687936,47913.1,-0.003044,0.013276,0.000493,-0.388672,0.0,0.9917,1.0507,0.001038,0.000949,0.001478,11.578472,29.229893
2476474368,47918.4,0.001346,0.012136,0.000477,-0.388672,0.0,0.9917,1.05,0.000909,0.000899,0.001504,11.384225,29.265537
2477260800,47889.3,-0.002021,0.0216,0.000557,-0.380859,0.0,0.9917,1.0497,0.000979,0.000819,0.001367,10.893645,29.188229
2478047232,47894.6,-0.003876,0.013414,0.000474,-0.378906,0.0,0.9916,1.0495,0.000985,0.000831,0.001266,11.217579,29.893902
2478833664,47900.6,-0.00101,0.010831,0.000503,-0.378906,0.0,0.9915,1.0492,0.001125,0.000976,0.001354,11.33593,29.489124
2479620096,47906.2,-0.002369,0.008379,0.000477,-0.373047,0.0,0.9915,1.0493,0.00089,0.001067,0.001331,11.592463,30.396637
2480406528,47896.4,-0.003332,0.016477,0.000508,-0.371094,0.0,0.9915,1.0496,0.001066,0.000928,0.001397,11.049757,29.84576
2481192960,47901.5,-0.007316,0.014075,0.000498,-0.373047,0.0,0.9915,1.0498,0.000891,0.000844,0.001352,10.972924,30.383499
2481979392,47907.3,-0.002221,0.011831,0.000491,-0.388672,0.0,0.9916,1.0504,0.001105,0.000907,0.001461,11.858349,30.703793
2482765824,47889.6,1.2e-05,0.021547,0.000544,-0.392578,0.0,0.9916,1.0506,0.001425,0.000855,0.001474,12.054343,30.081314
2483552256,47895.7,0.006414,0.015758,0.000477,-0.404297,0.0,0.9917,1.0508,0.001131,0.000888,0.001379,11.809137,29.596283
2484338688,47901.1,0.00213,0.013141,0.000525,-0.408203,0.0,0.9918,1.0511,0.001039,0.000841,0.001583,11.652748,28.793308
2485125120,47906.4,0.002724,0.011174,0.00049,-0.394531,0.0,0.9919,1.0511,0.001305,0.000919,0.001472,11.987794,28.999149
2485911552,47892.3,-0.001087,0.023804,0.000464,-0.386719,0.0,0.9919,1.0511,0.000859,0.001022,0.001349,11.488388,30.208115
2486697984,47897.6,-0.00324,0.014465,0.000478,-0.394531,0.0,0.9919,1.051,0.001305,0.001013,0.001474,11.289885,29.910887
2487484416,47903.3,-0.004952,0.011987,0.00048,-0.386719,0.0,0.9919,1.0509,0.000925,0.000957,0.001436,11.80333,30.547619
2488270848,47887.1,-0.008691,0.020698,0.000488,-0.375,0.0,0.992,1.0508,0.000924,0.000849,0.001306,11.987879,30.606884
2489057280,47891.9,-0.002158,0.01382,0.000555,-0.378906,0.0,0.9919,1.0503,0.000996,0.001004,0.001514,11.258423,30.539459
2489843712,47897.6,-0.004528,0.012748,0.000441,-0.371094,0.0,0.9918,1.0496,0.000951,0.000896,0.001376,11.088143,29.530966
2490630144,47903.6,0.002512,0.011591,0.000473,-0.363281,0.0,0.9917,1.0493,0.000904,0.000974,0.001414,11.700976,30.006435
2491416576,47880.7,-0.001889,0.020602,0.000525,-0.363281,0.0,0.9917,1.0493,0.00098,0.000695,0.001326,10.999256,29.987865
2492203008,47885.7,-0.002691,0.013703,0.000621,-0.359375,0.0,0.9916,1.0492,0.001365,0.000938,0.001508,11.160542,30.729958
2492989440,47891.6,-0.00486,0.010995,0.000619,-0.365234,0.0,0.9916,1.0491,0.001057,0.000912,0.001533,10.484814,29.929266
2493775872,47869.0,-0.006638,0.021617,0.000529,-0.371094,0.0,0.9915,1.0488,0.001001,0.000856,0.001318,10.613876,28.827602
2494562304,47874.8,-0.003125,0.017832,0.000491,-0.384766,0.0,0.9914,1.0483,0.000997,0.001142,0.001475,11.20435,29.567282
2495348736,47880.8,-0.003244,0.013227,0.000502,-0.388672,0.0,0.9914,1.0478,0.000907,0.000948,0.00141,11.46767,29.676907
2496135168,47886.2,-0.000215,0.012178,0.000491,-0.384766,0.0,0.9911,1.047,0.000776,0.000927,0.001424,11.786542,30.153168
2496921600,47859.2,-0.001522,0.026494,0.000473,-0.376953,0.0,0.9912,1.0468,0.000921,0.000877,0.001288,11.083044,29.661703
2497708032,47864.1,0.001297,0.019344,0.000542,-0.382812,0.0,0.9911,1.0464,0.001216,0.000922,0.001513,10.998844,29.513092
2498494464,47869.5,0.002138,0.01736,0.000486,-0.382812,0.0,0.9911,1.0458,0.001043,0.000974,0.001378,11.203054,29.641714
2499280896,47844.8,-0.003597,0.021651,0.000535,-0.375,0.0,0.991,1.0456,0.00092,0.000805,0.001263,11.863804,29.640625
2500067328,47850.7,-0.003672,0.013896,0.000452,-0.378906,0.0,0.9912,1.046,0.000972,0.000985,0.001525,11.457311,29.788931
2500853760,47296.5,0.000906,0.012387,0.000495,-0.384766,0.0,0.9913,1.0464,0.000947,0.001043,0.001356,10.86479,29.730307
2501640192,47302.4,-0.006448,0.010168,0.000458,-0.382812,0.0,0.9914,1.0468,0.000972,0.000965,0.001292,11.313122,29.384937
2502426624,47280.2,-0.003093,0.020442,0.00052,-0.371094,0.0,0.9915,1.0469,0.000798,0.000786,0.001227,11.606967,29.850506
2503213056,47285.8,0.00663,0.011863,0.000464,-0.375,0.0,0.9915,1.0469,0.000858,0.000825,0.001453,11.528411,30.313351
2503999488,47291.1,0.001997,0.01089,0.00045,-0.376953,0.0,0.9916,1.0468,0.000931,0.000833,0.001311,11.070206,30.457037
2504785920,47274.5,0.002408,0.017614,0.000445,-0.386719,0.0,0.9916,1.047,0.000879,0.000735,0.001222,11.111216,29.975719
2505572352,47280.5,-0.003672,0.015384,0.000457,-0.394531,0.0,0.9916,1.0467,0.000893,0.000749,0.001508,11.421927,29.036011
2506358784,47285.7,-0.002125,0.012614,0.000487,-0.398438,0.0,0.9916,1.0461,0.000955,0.000907,0.001401,11.629908,28.914795
2507145216,47291.1,-0.000459,0.015401,0.000477,-0.386719,0.0,0.9914,1.0455,0.001086,0.000761,0.001487,10.800342,28.310957
2507931648,47271.9,0.001328,0.025397,0.00047,-0.384766,0.0,0.9914,1.0451,0.000832,0.000858,0.001338,11.101342,29.340332
2508718080,47276.9,-0.00167,0.015745,0.000542,-0.378906,0.0,0.9913,1.0448,0.001023,0.001042,0.001351,11.140221,29.452469
2509504512,47281.7,-0.000484,0.015058,0.000484,-0.382812,0.0,0.9913,1.0446,0.001197,0.001069,0.0015,10.651692,29.210272
2510290944,47286.7,-0.001192,0.014615,0.000499,-0.390625,0.0,0.9914,1.0445,0.000932,0.001043,0.001342,11.182392,28.796835
2511077376,47267.5,-0.004783,0.02068,0.000485,-0.388672,0.0,0.9914,1.0446,0.000957,0.000857,0.001232,11.266601,28.344137
2511863808,47272.3,-0.002794,0.012506,0.000449,-0.388672,0.0,0.9915,1.0448,0.000959,0.000751,0.001285,11.078287,28.791983
2512650240,47277.7,0.001303,0.009795,0.000472,-0.384766,0.0,0.9914,1.0449,0.000824,0.000822,0.001318,11.406312,28.752605
2513436672,47254.5,0.000614,0.023001,0.00047,-0.378906,0.0,0.9916,1.0453,0.000815,0.000744,0.001205,11.439289,30.393089
2514223104,47259.1,-0.005918,0.013993,0.000506,-0.382812,0.0,0.9915,1.0456,0.001041,0.001082,0.001344,11.293213,30.418692
2515009536,47264.4,-0.006078,0.013951,0.000506,-0.380859,0.0,0.9915,1.0459,0.00095,0.000873,0.001443,11.444417,30.094067
2515795968,47269.5,-0.004864,0.012306,0.000582,-0.376953,0.0,0.9915,1.0459,0.001017,0.000892,0.001225,11.268603,30.331284
2516582400,47252.9,-0.001951,0.022911,0.000503,-0.371094,0.0,0.9915,1.0461,0.001129,0.000839,0.00119,11.793803,29.98284
2517368832,47258.6,-0.001411,0.014472,0.000507,-0.369141,0.0,0.9914,1.0461,0.001175,0.00085,0.001421,11.097727,30.825897
2518155264,47263.7,-0.002263,0.013803,0.000528,-0.369141,0.0,0.9913,1.046,0.000989,0.000947,0.001475,11.287486,29.754044
2518941696,47242.7,-0.001445,0.021679,0.000588,-0.369141,0.0,0.9912,1.0464,0.000906,0.000812,0.00113,11.132902,30.106365
2519728128,47248.0,-0.001749,0.016053,0.000583,-0.371094,0.0,0.9911,1.0461,0.000872,0.000727,0.001466,11.541415,30.816238
2520514560,47253.8,-0.003361,0.013334,0.000482,-0.380859,0.0,0.9911,1.0459,0.000997,0.000838,0.001418,11.697392,30.551252
2521300992,47259.3,0.003646,0.018591,0.00044,-0.384766,0.0,0.9909,1.0456,0.000862,0.000735,0.001403,11.609387,30.949528
2522087424,47244.7,-0.000247,0.02414,0.000451,-0.384766,0.0,0.9911,1.0467,0.000796,0.000777,0.001254,11.777926,29.349722
2522873856,47250.4,0.000901,0.014506,0.0005,-0.384766,0.0,0.9912,1.0477,0.000962,0.000847,0.001408,11.307773,29.324186
2523660288,47256.2,-0.001036,0.013923,0.000502,-0.388672,0.0,0.9913,1.049,0.000811,0.000947,0.001412,11.493113,29.818436
2524446720,47234.8,0.002714,0.019676,0.000462,-0.394531,0.0,0.9913,1.0499,0.000831,0.000784,0.001128,12.153552,30.48703
2525233152,47240.4,-0.009104,0.011698,0.000448,-0.388672,0.0,0.9914,1.0507,0.00108,0.000865,0.001312,11.406745,30.448929
2526019584,47246.0,-0.001443,0.010833,0.000497,-0.386719,0.0,0.9914,1.0516,0.001632,0.000951,0.001308,11.577805,29.949085
2526806016,47251.9,-0.004631,0.010326,0.000464,-0.388672,0.0,0.9914,1.0523,0.00121,0.0007,0.001409,12.135862,30.87306
2527592448,47234.9,-0.002587,0.024826,0.000441,-0.388672,0.0,0.9916,1.0528,0.001259,0.000813,0.00144,11.94,30.66371
2528378880,47240.0,-0.002534,0.016093,0.000448,-0.388672,0.0,0.9916,1.0527,0.00116,0.000917,0.001526,11.627796,30.183615
2529165312,47245.8,-0.006792,0.013284,0.000431,-0.378906,0.0,0.9916,1.0525,0.001105,0.000812,0.001317,11.897303,29.953863
2529951744,47229.8,-0.001004,0.020044,0.000435,-0.376953,0.0,0.9916,1.0525,0.00078,0.00081,0.00125,8.564772,32.374649
2530738176,47234.5,0.001172,0.014131,0.000435,-0.376953,0.0,0.9916,1.0522,0.000948,0.000908,0.001442,11.816458,30.294357
2531524608,47239.0,0.00492,0.013139,0.000465,-0.371094,0.0,0.9915,1.0518,0.000903,0.001013,0.001292,12.013598,30.895224
2532311040,47244.3,-0.004226,0.010683,0.000439,-0.367188,0.0,0.9915,1.0514,0.000871,0.000901,0.001314,11.799299,32.093948
2533097472,47225.9,-0.006417,0.020592,0.000449,-0.371094,0.0,0.9916,1.0513,0.000791,0.000917,0.001208,11.640069,31.10461
2533883904,47231.4,-0.002853,0.010888,0.00052,-0.378906,0.0,0.9915,1.0508,0.001025,0.000848,0.001249,11.646903,31.22049
2534670336,47236.9,0.002174,0.011951,0.000523,-0.378906,0.0,0.9915,1.0504,0.000848,0.000975,0.001478,11.566582,31.076458
2535456768,47242.5,-0.004754,0.00966,0.000467,-0.378906,0.0,0.9915,1.0504,0.000791,0.000883,0.001297,11.565633,30.530682
2536243200,47229.7,-0.002893,0.022394,0.000459,-0.365234,0.0,0.9917,1.0505,0.000835,0.000878,0.001314,11.641726,30.94628
2537029632,47234.5,-0.002666,0.012838,0.000471,-0.367188,0.0,0.9917,1.0505,0.000876,0.00082,0.001251,11.366684,30.755171
2537816064,47239.3,0.000431,0.011017,0.000469,-0.363281,0.0,0.9917,1.0501,0.000966,0.000919,0.001275,11.176838,30.814392
2538602496,47216.9,-0.004663,0.020973,0.000478,-0.359375,0.0,0.9918,1.0497,0.001032,0.000807,0.001166,11.438921,30.931549
2539388928,47222.6,-0.002194,0.015926,0.000469,-0.371094,0.0,0.9919,1.0496,0.000887,0.000884,0.001261,11.692897,31.687531
2540175360,47228.3,-0.006398,0.015622,0.000497,-0.373047,0.0,0.9918,1.0494,0.001446,0.000944,0.001473,11.217484,30.5117
2540961792,47233.9,-0.003407,0.011624,0.000496,-0.380859,0.0,0.9917,1.0491,0.000811,0.000926,0.00139,11.450318,30.909466
2541748224,47220.1,-0.003202,0.024066,0.000542,-0.361328,0.0,0.9917,1.0486,0.000929,0.000939,0.001384,11.879049,32.000347
2542534656,47225.0,0.002589,0.015668,0.000565,-0.365234,0.0,0.9915,1.0476,0.001117,0.000907,0.001561,11.387902,32.658661
2543321088,47230.3,0.001241,0.013633,0.000578,-0.375,0.0,0.9915,1.0471,0.000964,0.000894,0.001524,11.986708,32.378426
2544107520,47206.0,0.001308,0.026272,0.000517,-0.376953,0.0,0.9914,1.0466,0.000988,0.000927,0.001166,12.13812,31.225933
2544893952,47211.8,0.003512,0.012862,0.00048,-0.378906,0.0,0.9913,1.0467,0.00092,0.000723,0.001263,12.364938,31.045734
2545680384,47216.6,-0.00769,0.008684,0.000511,-0.369141,0.0,0.9914,1.0467,0.000765,0.000769,0.001241,12.008906,31.724615
2546466816,47221.7,0.000732,0.010793,0.000474,-0.373047,0.0,0.9913,1.0465,0.000786,0.000781,0.001234,11.538568,30.945745
2547253248,47207.5,-0.003746,0.017199,0.000543,-0.375,0.0,0.9914,1.0467,0.000746,0.000742,0.001231,11.700436,31.232891
2548039680,47212.1,-0.001898,0.012816,0.000486,-0.384766,0.0,0.9913,1.047,0.000919,0.000761,0.001338,11.789957,30.830536
2548826112,47217.3,-0.003254,0.009613,0.000499,-0.382812,0.0,0.9912,1.0471,0.000853,0.000871,0.001338,12.103665,30.478027
2549612544,47193.4,0.009598,0.019712,0.000493,-0.388672,0.0,0.9911,1.0473,0.000692,0.00081,0.001225,12.311276,30.492157
2550398976,47198.7,-0.002881,0.010523,0.000468,-0.392578,0.0,0.9913,1.0478,0.000849,0.000978,0.001454,12.145304,30.541565
2551185408,47204.3,0.006703,0.011377,0.00049,-0.388672,0.0,0.9913,1.0483,0.000843,0.000913,0.001254,11.667981,30.995407
2551971840,47209.4,-0.006412,0.007611,0.000476,-0.400391,0.0,0.9914,1.0489,0.000755,0.000815,0.001273,12.097054,31.066479
2552758272,47192.9,-0.003535,0.022799,0.000466,-0.402344,0.0,0.9914,1.0492,0.000673,0.000783,0.001299,12.530287,30.501516
2553544704,47198.4,0.001511,0.014362,0.000459,-0.412109,0.0,0.9915,1.0498,0.000894,0.000826,0.001401,12.611789,31.21018
2554331136,47204.1,0.000934,0.013506,0.000482,-0.408203,0.0,0.9916,1.0505,0.000823,0.000806,0.001343,12.561857,30.477612
2555117568,47185.2,0.003971,0.021952,0.000452,-0.400391,0.0,0.9916,1.0507,0.000936,0.000721,0.001287,9.379855,34.063686
2555904000,47190.8,0.001,0.011668,0.00046,-0.369141,0.0,0.9918,1.0508,0.000867,0.000734,0.001266,11.931647,31.216534
2556690432,47196.4,-0.001078,0.009622,0.00048,-0.367188,0.0,0.9918,1.0506,0.000837,0.000798,0.001322,11.36994,31.390423
2557476864,47201.9,-0.00731,0.008773,0.000467,-0.376953,0.0,0.9919,1.0504,0.000729,0.000805,0.001158,11.492077,31.027584
2558263296,47183.7,0.001897,0.021441,0.000461,-0.388672,0.0,0.992,1.0507,0.000889,0.000774,0.00122,12.902676,30.890778
2559049728,47189.0,-0.001803,0.011245,0.000466,-0.400391,0.0,0.992,1.051,0.000782,0.000806,0.001311,12.329616,30.22971
2559836160,47193.9,-0.00212,0.0101,0.00047,-0.402344,0.0,0.9921,1.0514,0.000892,0.000913,0.001301,12.198555,30.561462
2560622592,47198.7,-0.004301,0.008272,0.00047,-0.394531,0.0,0.9922,1.0519,0.000879,0.000798,0.00114,12.2032,30.063061
2561409024,47156.1,-0.004087,0.022074,0.000497,-0.380859,0.0,0.9922,1.0521,0.000717,0.000733,0.001088,12.289148,31.00617
2562195456,47161.0,-0.005647,0.012644,0.000522,-0.386719,0.0,0.9922,1.0522,0.000856,0.000846,0.001211,12.24048,31.826855
2562981888,47166.7,-0.001604,0.012347,0.000516,-0.388672,0.0,0.992,1.0521,0.000691,0.000806,0.001201,12.474047,31.646351
2563768320,47149.5,-0.00018,0.022586,0.000504,-0.386719,0.0,0.9923,1.0525,0.000801,0.000752,0.001274,12.253412,30.802252
2564554752,47155.1,0.002282,0.015827,0.000444,-0.408203,0.0,0.9922,1.0523,0.001096,0.000925,0.00151,11.8422,30.100281
2565341184,47160.8,-0.005606,0.010801,0.000466,-0.400391,0.0,0.9923,1.052,0.000875,0.00091,0.001484,12.398754,30.139111
2566127616,47166.3,-0.003891,0.011819,0.000468,-0.398438,0.0,0.9922,1.0514,0.000806,0.000735,0.001229,12.255921,30.505119
2566914048,47146.4,-0.003899,0.019235,0.000494,-0.380859,0.0,0.9923,1.0513,0.000747,0.000694,0.001198,12.196168,31.634106
2567700480,47151.6,-0.003315,0.009775,0.000465,-0.382812,0.0,0.9923,1.051,0.000758,0.000748,0.001355,11.7853,31.230474
2568486912,47157.0,-0.00167,0.007493,0.000471,-0.378906,0.0,0.9923,1.0507,0.000793,0.000778,0.001199,11.950465,30.709503
2569273344,47132.8,-0.007832,0.018248,0.000487,-0.371094,0.0,0.9922,1.0506,0.000701,0.000758,0.001198,12.690105,30.638174
2570059776,47137.8,0.001174,0.014629,0.000433,-0.392578,0.0,0.9922,1.0509,0.000752,0.000769,0.001131,12.167352,30.428968
2570846208,47142.9,0.002309,0.013937,0.000473,-0.400391,0.0,0.9923,1.0513,0.000852,0.0009,0.001169,11.965349,30.61714
2571632640,47148.7,0.002752,0.015977,0.000431,-0.392578,0.0,0.9923,1.0518,0.000793,0.000814,0.00108,11.97553,30.699972
2572419072,47134.1,0.002284,0.024548,0.00047,-0.373047,0.0,0.9922,1.0513,0.000766,0.000663,0.001105,11.267375,29.981396
2573205504,47139.2,-0.001046,0.020656,0.000459,-0.369141,0.0,0.992,1.0507,0.000906,0.000898,0.001174,11.235096,29.902929
2573991936,47144.2,0.000531,0.017598,0.000486,-0.371094,0.0,0.9917,1.05,0.000806,0.00085,0.001178,10.985961,29.659267
2574778368,47114.2,0.004603,0.027004,0.000471,-0.359375,0.0,0.9915,1.0493,0.000765,0.00078,0.001061,11.459357,29.652973
2575564800,47119.1,-0.006006,0.015777,0.000511,-0.380859,0.0,0.9915,1.0487,0.000948,0.000832,0.001326,11.138367,30.065807
2576351232,47124.6,-0.000148,0.010718,0.000458,-0.390625,0.0,0.9913,1.0477,0.000775,0.000908,0.001202,11.426206,29.616461
2577137664,47130.1,-0.004558,0.013526,0.000477,-0.394531,0.0,0.9911,1.0467,0.000873,0.000912,0.001344,11.59439,29.004309
2577924096,47116.2,-0.007712,0.021833,0.000475,-0.392578,0.0,0.9912,1.0464,0.000828,0.000832,0.00119,11.041316,28.698599
2578710528,47121.8,-0.00154,0.013166,0.00048,-0.382812,0.0,0.9912,1.0464,0.000893,0.000888,0.001369,11.234319,29.353186
2579496960,47126.5,-0.000236,0.013879,0.000506,-0.380859,0.0,0.9914,1.0465,0.00094,0.000856,0.001269,11.423444,29.67285
2580283392,47110.6,0.000393,0.02146,0.000483,-0.386719,0.0,0.9914,1.0467,0.00073,0.000705,0.001024,9.487017,33.359024
2581069824,47115.0,-0.005662,0.009079,0.000418,-0.376953,0.0,0.9916,1.0467,0.000893,0.000791,0.001226,11.194683,29.381496
2581856256,47119.6,0.000112,0.01538,0.000415,-0.378906,0.0,0.9916,1.0465,0.001691,0.000834,0.001139,11.373769,29.96871
2582642688,47124.1,-0.00877,0.011404,0.000434,-0.376953,0.0,0.9916,1.0462,0.000806,0.000748,0.001105,11.410158,29.751709
2583429120,47084.2,-0.00487,0.020937,0.000474,-0.371094,0.0,0.9917,1.0461,0.000819,0.00063,0.001115,12.257104,30.205864
2584215552,47089.1,-0.005264,0.012553,0.000522,-0.380859,0.0,0.9915,1.0457,0.000817,0.000875,0.001183,11.392035,30.197767
2585001984,47094.7,-0.004197,0.014011,0.000493,-0.382812,0.0,0.9914,1.0454,0.000745,0.000778,0.00123,11.442947,29.952215
2585788416,47100.5,-0.001318,0.013646,0.000478,-0.388672,0.0,0.9913,1.045,0.000742,0.00083,0.001289,11.631961,29.666571
2586574848,47085.8,0.002399,0.025382,0.000435,-0.384766,0.0,0.9911,1.0442,0.000884,0.00072,0.00112,11.813884,29.316458
2587361280,47091.5,0.004074,0.012976,0.000436,-0.376953,0.0,0.9909,1.0434,0.000774,0.000736,0.001148,11.378851,29.970602
2588147712,47097.2,-0.004078,0.012818,0.000455,-0.388672,0.0,0.9906,1.0427,0.000789,0.000745,0.001172,11.496586,30.204296
2588934144,47076.2,0.007013,0.024497,0.00044,-0.380859,0.0,0.9907,1.0433,0.000824,0.000748,0.001169,11.475713,31.201389
2589720576,47081.3,-0.001554,0.020453,0.000476,-0.382812,0.0,0.9908,1.0437,0.001112,0.000981,0.001299,11.124858,30.103445
2590507008,47086.7,-0.004031,0.018793,0.000468,-0.371094,0.0,0.9908,1.0443,0.001019,0.00079,0.001335,11.411107,29.639446
2591293440,47091.9,-0.005246,0.016145,0.000471,-0.380859,0.0,0.9908,1.0446,0.001131,0.000759,0.001395,11.138589,30.12849
2592079872,47054.3,-0.003588,0.02126,0.000452,-0.367188,0.0,0.9909,1.0451,0.00085,0.000797,0.001109,10.891286,30.379177
2592866304,47059.9,-0.00099,0.009681,0.000462,-0.355469,0.0,0.9911,1.0458,0.000737,0.000706,0.001323,11.426075,30.817337
2593652736,47065.5,0.005581,0.008523,0.00047,-0.357422,0.0,0.9912,1.0467,0.000744,0.000685,0.00098,11.046351,30.054455
2594439168,47008.6,-0.001659,0.021989,0.000448,-0.353516,0.0,0.9913,1.0472,0.000818,0.000695,0.001054,11.270784,29.989889
2595225600,47013.7,-0.000836,0.014301,0.000444,-0.363281,0.0,0.9911,1.0467,0.00088,0.000793,0.001052,11.145071,29.575375
2596012032,47019.5,0.004613,0.012148,0.000473,-0.365234,0.0,0.9911,1.0465,0.000753,0.000879,0.001327,11.423453,29.704391
2596798464,47025.1,-3.7e-05,0.01161,0.000465,-0.363281,0.0,0.991,1.046,0.000652,0.000782,0.001193,10.704329,29.758596
2597584896,47009.2,0.004275,0.032227,0.000448,-0.363281,0.0,0.9909,1.0459,0.000983,0.000898,0.001264,10.882621,30.700653
2598371328,47014.9,-0.003066,0.01739,0.000459,-0.351562,0.0,0.9907,1.0456,0.000824,0.000827,0.001342,10.962374,29.621273
2599157760,47020.6,-0.002545,0.01622,0.00046,-0.349609,0.0,0.9905,1.0452,0.000974,0.000764,0.001328,10.52803,30.456869
2599944192,47008.5,0.004078,0.021305,0.000473,-0.351562,0.0,0.9903,1.0449,0.000804,0.000636,0.001107,10.981899,30.663382
2600730624,47014.2,-0.00051,0.009766,0.000468,-0.351562,0.0,0.9903,1.0449,0.000854,0.000762,0.001183,10.832788,31.35397
2601517056,47019.8,0.004169,0.01101,0.000461,-0.355469,0.0,0.9905,1.045,0.000762,0.000765,0.001131,10.755676,31.196301
2602303488,47024.7,-0.000741,0.007867,0.000474,-0.355469,0.0,0.9905,1.0451,0.00077,0.000759,0.001142,10.853463,30.446167
2603089920,47010.4,-0.001569,0.022395,0.000485,-0.361328,0.0,0.9905,1.0452,0.000754,0.000886,0.001082,10.936156,30.422283
2603876352,47015.1,-0.00136,0.011865,0.000494,-0.365234,0.0,0.9907,1.0457,0.000883,0.00094,0.001252,11.070416,30.214926
2604662784,47019.9,0.001826,0.015443,0.000474,-0.361328,0.0,0.9909,1.0462,0.000797,0.000854,0.001132,10.87769,30.815496
2605449216,47004.2,0.002573,0.021506,0.000526,-0.363281,0.0,0.9911,1.0465,0.000801,0.000766,0.001155,9.555793,34.901756
2606235648,47009.8,-0.003682,0.011512,0.000438,-0.361328,0.0,0.9911,1.0463,0.000806,0.000867,0.001137,11.012794,31.157101
2607022080,47015.1,0.00169,0.013573,0.000475,-0.357422,0.0,0.9913,1.0465,0.000816,0.000706,0.001202,11.292559,31.582266
2607808512,47020.4,0.003653,0.010755,0.000477,-0.353516,0.0,0.9914,1.0466,0.000986,0.000657,0.001175,11.185927,31.442709
2608594944,47006.4,-0.005934,0.020859,0.00045,-0.353516,0.0,0.9914,1.0465,0.000766,0.000809,0.001118,11.363559,32.234676
2609381376,47012.0,-0.004639,0.016384,0.000513,-0.369141,0.0,0.9913,1.0462,0.000763,0.000778,0.001204,11.514217,31.419943
2610167808,47017.3,0.001736,0.017894,0.000504,-0.367188,0.0,0.9913,1.046,0.000794,0.000795,0.001115,11.533244,31.166067
2610954240,47022.8,-0.004433,0.017141,0.000506,-0.371094,0.0,0.9912,1.0457,0.000817,0.00084,0.001168,11.589692,30.449825
2611740672,47007.1,0.005073,0.024304,0.000469,-0.359375,0.0,0.9914,1.0462,0.000969,0.000732,0.001388,11.661671,30.205414
2612527104,47012.4,-0.006609,0.014447,0.000455,-0.353516,0.0,0.9914,1.0461,0.00086,0.000729,0.001154,11.384333,30.942091
2613313536,47018.0,-0.003928,0.010405,0.000463,-0.355469,0.0,0.9915,1.0462,0.000746,0.000723,0.00118,10.874488,31.04302
2614099968,47008.2,0.004854,0.019135,0.000524,-0.359375,0.0,0.9916,1.0466,0.000659,0.000606,0.000938,11.061714,31.94175
2614886400,47013.0,-0.005435,0.009317,0.000496,-0.361328,0.0,0.9918,1.0475,0.000804,0.000755,0.000976,11.507523,31.931534
2615672832,47018.7,0.002096,0.009394,0.000487,-0.359375,0.0,0.9921,1.0485,0.00076,0.00071,0.001054,11.467364,31.977463
2616459264,47024.3,-0.003709,0.008256,0.000485,-0.365234,0.0,0.9922,1.0492,0.000825,0.000617,0.001131,11.457835,31.900127
2617245696,47009.6,0.000954,0.024268,0.000529,-0.369141,0.0,0.9923,1.0495,0.000674,0.000695,0.001086,11.983893,32.264893
2618032128,47014.5,-0.008441,0.01284,0.000554,-0.367188,0.0,0.9922,1.0498,0.000874,0.000735,0.001078,11.47327,31.441784
2618818560,47020.0,0.003003,0.01041,0.00056,-0.367188,0.0,0.9922,1.05,0.000717,0.000707,0.001257,11.670525,32.139694
2619604992,47012.3,0.005455,0.020136,0.000498,-0.367188,0.0,0.9922,1.0502,0.000781,0.000678,0.001034,10.89889,30.21452
2620391424,47018.1,-7.7e-05,0.009959,0.000492,-0.363281,0.0,0.9923,1.0504,0.000978,0.000701,0.00121,10.913198,30.303356
2621177856,47023.1,-0.004312,0.009032,0.0005,-0.363281,0.0,0.9924,1.0505,0.000819,0.000655,0.001193,11.472765,30.839552
2621964288,47028.9,3.7e-05,0.009558,0.00048,-0.361328,0.0,0.9925,1.0508,0.000875,0.000753,0.00124,11.008679,30.644238
2622750720,47018.1,-0.004718,0.019429,0.000466,-0.353516,0.0,0.9926,1.0511,0.001117,0.00062,0.001108,10.771631,31.424572
2623537152,47023.3,0.00052,0.007585,0.00045,-0.353516,0.0,0.9926,1.0517,0.000756,0.00074,0.001067,10.86493,30.818821
2624323584,47028.1,0.001286,0.010118,0.000449,-0.353516,0.0,0.9926,1.0523,0.000764,0.000669,0.001144,10.901767,30.786413
2625110016,47014.3,-0.002285,0.018615,0.000437,-0.363281,0.0,0.9927,1.0529,0.000699,0.000671,0.001019,11.470324,29.507721
2625896448,47019.8,-0.003653,0.013629,0.000452,-0.392578,0.0,0.9927,1.0536,0.000734,0.000771,0.001279,11.617146,29.868393
2626682880,47025.3,-0.002165,0.016249,0.000466,-0.398438,0.0,0.9927,1.0542,0.000857,0.000797,0.001206,11.575988,29.748188
2627469312,47030.8,-0.001009,0.014106,0.000475,-0.402344,0.0,0.9926,1.0547,0.000705,0.000723,0.001302,12.11202,29.919067
2628255744,47015.4,0.001556,0.020456,0.000479,-0.392578,0.0,0.9925,1.0547,0.000766,0.000692,0.000922,11.746454,30.227293
2629042176,47020.9,0.002529,0.008715,0.000521,-0.382812,0.0,0.9924,1.0547,0.000678,0.000685,0.001093,11.679192,29.919247
2629828608,47025.5,-0.002152,0.009307,0.000539,-0.371094,0.0,0.9923,1.0546,0.000658,0.000706,0.001048,11.691721,30.023865
2630615040,47015.8,-0.003817,0.017323,0.000515,-0.373047,0.0,0.9921,1.054,0.000673,0.000606,0.00099,10.415064,34.490929
2631401472,47021.2,-0.001385,0.013537,0.000484,-0.380859,0.0,0.992,1.054,0.000846,0.000744,0.001095,11.989185,30.039211
2632187904,47026.6,0.001865,0.011344,0.000482,-0.371094,0.0,0.9919,1.0539,0.000855,0.000706,0.001159,11.564976,30.200878
2632974336,47032.2,-0.004178,0.011708,0.000475,-0.376953,0.0,0.9917,1.0539,0.000981,0.000787,0.001265,11.51859,31.086843
2633760768,47019.4,0.004165,0.019819,0.00049,-0.380859,0.0,0.9917,1.0541,0.000696,0.000679,0.000953,11.767004,30.778271
2634547200,47024.9,0.003734,0.009116,0.000466,-0.388672,0.0,0.9916,1.0543,0.000659,0.000741,0.001069,11.904108,30.513184
2635333632,47030.5,-0.002272,0.008975,0.000471,-0.376953,0.0,0.9917,1.0546,0.000743,0.0007,0.001084,11.776056,30.604168
2636120064,47035.8,-0.003008,0.009448,0.000477,-0.390625,0.0,0.9916,1.0548,0.000865,0.000763,0.001123,11.33423,30.479961
2636906496,47020.9,0.000142,0.019844,0.000477,-0.388672,0.0,0.9915,1.0549,0.000658,0.000598,0.001058,11.641716,29.791868
2637692928,47026.0,-0.000241,0.007354,0.000462,-0.382812,0.0,0.9914,1.0551,0.000696,0.000673,0.001081,11.798442,30.132446
2638479360,47031.1,0.000471,0.007925,0.00047,-0.376953,0.0,0.9913,1.0554,0.000773,0.000632,0.001108,11.465545,29.735054
2639265792,47015.7,0.003904,0.017937,0.000469,-0.367188,0.0,0.9913,1.0554,0.000648,0.000568,0.000965,11.377954,30.717756
2640052224,47020.4,-0.00588,0.00815,0.000442,-0.371094,0.0,0.9912,1.0549,0.000799,0.000691,0.001055,11.083769,29.927679
2640838656,47025.0,0.00035,0.008371,0.000448,-0.378906,0.0,0.9912,1.0545,0.000958,0.000695,0.001189,11.21569,30.469479
2641625088,47030.5,-0.005156,0.008068,0.000429,-0.365234,0.0,0.9911,1.0542,0.000813,0.000675,0.001204,10.942903,30.482595
2642411520,47006.6,-0.003976,0.019851,0.000473,-0.357422,0.0,0.9912,1.054,0.00069,0.000629,0.000977,11.578851,31.352467
2643197952,47011.3,-0.00201,0.009575,0.000481,-0.357422,0.0,0.9912,1.0535,0.000829,0.000691,0.001072,10.936489,31.737041
2643984384,47016.2,0.002386,0.010788,0.000471,-0.355469,0.0,0.9912,1.0531,0.00087,0.000596,0.001021,11.298357,32.169479
2644770816,47002.6,-0.007193,0.021019,0.000459,-0.353516,0.0,0.9912,1.0529,0.000757,0.000699,0.001056,11.282756,31.855206
2645557248,47007.5,-0.002971,0.013546,0.000455,-0.367188,0.0,0.9913,1.0535,0.000819,0.000654,0.001044,11.083047,30.705608
2646343680,47012.1,0.000981,0.00971,0.000459,-0.369141,0.0,0.9914,1.0541,0.000714,0.000662,0.001128,11.530525,31.238903
2647130112,47017.6,-0.000512,0.01075,0.000472,-0.375,0.0,0.9914,1.0547,0.00077,0.000687,0.001118,11.428862,31.73493
2647916544,47008.0,0.003745,0.028636,0.000438,-0.386719,0.0,0.9916,1.0547,0.000858,0.000675,0.001032,12.222919,31.922073
2648702976,47012.0,-0.000423,0.014692,0.000434,-0.394531,0.0,0.9916,1.0545,0.000848,0.000759,0.001161,12.02797,31.053448
2649489408,47017.4,0.000241,0.017604,0.000431,-0.388672,0.0,0.9917,1.0542,0.000885,0.000806,0.001177,12.494121,30.754004
2650275840,47008.5,-0.001063,0.020536,0.000485,-0.384766,0.0,0.9917,1.0539,0.000693,0.000642,0.001053,11.603994,30.367916
2651062272,47014.0,-0.002736,0.008368,0.000499,-0.380859,0.0,0.9917,1.0535,0.00074,0.000722,0.000994,11.886763,31.946407
2651848704,47019.4,-0.001341,0.007527,0.000499,-0.378906,0.0,0.9918,1.0532,0.000615,0.000699,0.000929,11.902376,31.986401
2652635136,47024.9,-0.005954,0.006366,0.000502,-0.365234,0.0,0.9919,1.0531,0.000792,0.000713,0.00101,11.965565,31.690472
2653421568,47017.1,-0.002701,0.016011,0.000494,-0.369141,0.0,0.9919,1.053,0.000561,0.0006,0.000881,11.797147,31.891491
2654208000,47022.7,0.001959,0.008795,0.000506,-0.382812,0.0,0.992,1.0533,0.000693,0.000669,0.001029,11.961983,32.492367
2654994432,47028.2,-0.003944,0.009287,0.000503,-0.378906,0.0,0.992,1.0534,0.000713,0.000585,0.001086,12.612487,32.538841
2655780864,47010.0,-0.003313,0.017919,0.000534,-0.384766,0.0,0.9921,1.0535,0.000558,0.000663,0.000951,11.663991,37.051544
2656567296,47015.6,-0.000951,0.013851,0.000485,-0.388672,0.0,0.9922,1.0538,0.000752,0.000692,0.000978,12.906065,32.960659
2657353728,47021.1,-0.007276,0.007555,0.000481,-0.382812,0.0,0.9922,1.0539,0.000719,0.000722,0.000989,12.791382,32.920361
2658140160,47026.6,8.4e-05,0.011565,0.000481,-0.380859,0.0,0.9922,1.0538,0.000769,0.000681,0.001028,12.652356,33.022381
2658926592,47014.0,-0.004917,0.022384,0.000504,-0.375,0.0,0.9922,1.0538,0.000771,0.000675,0.001109,12.308524,33.10733
2659713024,47019.4,-0.002523,0.014896,0.000559,-0.375,0.0,0.9922,1.0535,0.001017,0.000768,0.001253,12.643807,32.177563
2660499456,47024.8,-0.004653,0.016425,0.000556,-0.382812,0.0,0.9924,1.0536,0.000573,0.000763,0.001166,12.218385,31.830826
2661285888,47030.0,-0.003803,0.015638,0.000563,-0.373047,0.0,0.9923,1.0534,0.000676,0.000773,0.001084,12.215226,31.990997
2662072320,47017.2,-0.002137,0.019462,0.000498,-0.369141,0.0,0.9924,1.0533,0.000698,0.000633,0.00115,12.231249,32.358299
2662858752,47022.4,-0.004648,0.011073,0.000495,-0.378906,0.0,0.9925,1.0532,0.000706,0.000665,0.001121,12.281734,32.717064
2663645184,47027.8,0.001803,0.013317,0.000476,-0.382812,0.0,0.9926,1.053,0.000717,0.00062,0.001127,12.839384,32.342934
2664431616,47015.3,-0.003985,0.021516,0.000479,-0.382812,0.0,0.9927,1.0529,0.000673,0.00072,0.000875,12.123261,32.675049
2665218048,47020.7,-0.003503,0.016519,0.000533,-0.386719,0.0,0.9927,1.0527,0.000802,0.000828,0.001048,12.146782,32.263794
2666004480,47025.5,-0.005023,0.01231,0.000509,-0.376953,0.0,0.9926,1.0526,0.000716,0.000701,0.001008,12.552528,32.693233
2666790912,47030.3,-0.000256,0.012788,0.000503,-0.376953,0.0,0.9926,1.0526,0.000647,0.000689,0.000974,12.131089,33.124634
2667577344,47019.9,-0.001907,0.02446,0.000467,-0.375,0.0,0.9926,1.0525,0.000852,0.000629,0.001162,12.837472,33.277252
2668363776,47025.3,-0.000344,0.015376,0.000471,-0.371094,0.0,0.9926,1.052,0.000826,0.000691,0.001106,12.561502,33.281837
2669150208,47030.6,-0.002666,0.012622,0.000478,-0.365234,0.0,0.9924,1.0513,0.000796,0.000675,0.00113,11.849353,33.164253
2669936640,47020.4,0.006159,0.021184,0.000464,-0.371094,0.0,0.9924,1.0509,0.000562,0.000645,0.001014,12.193,32.205975
2670723072,47025.7,0.004549,0.011075,0.000483,-0.375,0.0,0.9924,1.0505,0.000771,0.000733,0.001188,11.929063,31.055843
2671509504,47031.0,-0.005469,0.012239,0.000468,-0.378906,0.0,0.9925,1.0504,0.000722,0.000659,0.001122,12.408192,32.452553
2672295936,47036.3,-0.001641,0.010449,0.000486,-0.369141,0.0,0.9925,1.0502,0.000863,0.000628,0.001059,12.542592,33.355255
2673082368,47027.4,-0.002092,0.026183,0.00051,-0.34375,0.0,0.9925,1.05,0.000902,0.000569,0.000926,11.891341,34.061718
2673868800,47032.3,0.002556,0.017727,0.000562,-0.345703,0.0,0.9924,1.0495,0.00081,0.00066,0.001051,11.701994,32.838409
2674655232,47037.7,-0.000145,0.014187,0.000515,-0.349609,0.0,0.9924,1.0493,0.000766,0.000648,0.001035,11.469558,32.981827
2675441664,47026.9,-0.00067,0.021022,0.000505,-0.345703,0.0,0.9924,1.0493,0.000638,0.000638,0.00095,10.631222,30.657492
2676228096,47032.4,-0.005463,0.008581,0.000431,-0.347656,0.0,0.9925,1.0497,0.000652,0.000708,0.000945,11.099692,31.918793
2677014528,47037.8,0.001367,0.011844,0.000432,-0.345703,0.0,0.9925,1.0499,0.000729,0.00066,0.001096,11.303322,31.968563
2677800960,47043.2,0.002296,0.008026,0.000469,-0.349609,0.0,0.9925,1.0502,0.000676,0.000638,0.000976,10.582226,31.884747
2678587392,47031.5,-0.009499,0.017531,0.000476,-0.367188,0.0,0.9926,1.0506,0.000486,0.000623,0.000916,11.289648,31.15345
2679373824,47037.2,3.4e-05,0.012569,0.000477,-0.371094,0.0,0.9925,1.0507,0.000683,0.000701,0.000972,11.834134,31.345215
2680160256,47042.8,-0.011074,0.008064,0.000475,-0.369141,0.0,0.9925,1.0513,0.000611,0.000642,0.001083,11.79958,31.577314
2680946688,47019.4,-0.003011,0.018393,0.000485,-0.361328,0.0,0.9925,1.0516,0.000602,0.000648,0.000845,10.978195,35.622803
2681733120,47024.8,-0.008063,0.009967,0.000439,-0.355469,0.0,0.9926,1.052,0.000707,0.000643,0.000976,11.150349,32.018719
2682519552,47030.3,-0.001312,0.012514,0.000451,-0.355469,0.0,0.9927,1.0524,0.000632,0.000625,0.001009,11.154485,31.711203
2683305984,47035.7,-6.5e-05,0.012234,0.000443,-0.359375,0.0,0.9927,1.0528,0.00064,0.000643,0.000912,11.535711,31.905029
2684092416,47022.4,-0.000676,0.021001,0.000445,-0.355469,0.0,0.9929,1.0534,0.000587,0.000557,0.000874,11.52303,31.850988
2684878848,47027.9,-0.000254,0.011947,0.00051,-0.361328,0.0,0.9929,1.0538,0.000709,0.000573,0.001015,11.519338,31.965656
2685665280,47033.4,0.000712,0.01092,0.00051,-0.365234,0.0,0.9929,1.0541,0.000735,0.000634,0.000991,11.452004,32.578934
2686451712,47038.8,-0.001736,0.011985,0.000513,-0.359375,0.0,0.9928,1.054,0.000687,0.00066,0.000975,11.152415,31.957739
2687238144,47030.4,-0.00132,0.018021,0.000502,-0.357422,0.0,0.9928,1.0539,0.000649,0.000606,0.000894,11.37863,32.212601
2688024576,47035.8,0.00177,0.009436,0.000449,-0.353516,0.0,0.9928,1.0539,0.000654,0.000666,0.001059,11.393154,31.772076
2688811008,47041.3,0.002562,0.00962,0.000427,-0.357422,0.0,0.9928,1.0541,0.000532,0.000616,0.000894,11.312396,31.556509
2689597440,47030.5,0.002827,0.021324,0.000449,-0.351562,0.0,0.9928,1.0543,0.000705,0.000529,0.000872,11.585422,31.45223
2690383872,47035.9,-0.006225,0.010059,0.000495,-0.361328,0.0,0.9929,1.055,0.00074,0.000567,0.000935,11.179915,31.028975
2691170304,47041.1,-0.002687,0.010333,0.000493,-0.365234,0.0,0.9928,1.0554,0.000819,0.000561,0.001004,11.077293,30.903637
2691956736,47046.4,0.000641,0.010384,0.000531,-0.355469,0.0,0.9927,1.0554,0.000716,0.000525,0.001007,11.403314,31.710052
2692743168,47030.4,-0.003771,0.020049,0.000463,-0.367188,0.0,0.9927,1.0551,0.000548,0.000585,0.000909,11.7208,32.739765
2693529600,47035.2,0.001301,0.010946,0.000493,-0.355469,0.0,0.9926,1.0547,0.000592,0.000615,0.001147,11.307843,32.094109
2694316032,47039.4,-0.002051,0.010755,0.000494,-0.367188,0.0,0.9925,1.0541,0.000718,0.000569,0.001021,11.52596,32.804718
2695102464,47027.8,0.002697,0.020943,0.000516,-0.375,0.0,0.9923,1.0535,0.000536,0.000552,0.000891,11.53481,32.159252
2695888896,47032.2,0.00345,0.009401,0.000486,-0.363281,0.0,0.9924,1.0535,0.000786,0.000536,0.000877,11.820369,31.607971
2696675328,47036.6,-0.005946,0.005944,0.000533,-0.363281,0.0,0.9924,1.0537,0.000582,0.000556,0.000756,12.193166,32.139275
2697461760,47041.2,-0.000878,0.00761,0.000511,-0.367188,0.0,0.9925,1.0537,0.000559,0.000653,0.000855,11.601752,32.006622
2698248192,47028.0,0.00572,0.019897,0.000544,-0.371094,0.0,0.9925,1.0536,0.000602,0.000555,0.000783,11.941206,32.738541
2699034624,47033.4,-0.004788,0.011875,0.000547,-0.373047,0.0,0.9924,1.0531,0.000712,0.00057,0.001105,12.139986,31.69574
2699821056,47038.8,-0.006275,0.008978,0.00053,-0.367188,0.0,0.9924,1.0528,0.00062,0.000592,0.00083,11.90367,31.933157
2700607488,47027.7,-0.00168,0.020254,0.000548,-0.365234,0.0,0.9924,1.0524,0.000551,0.000631,0.000866,11.610927,30.715786
2701393920,47033.2,-0.005115,0.010272,0.000511,-0.357422,0.0,0.9926,1.0525,0.000752,0.000597,0.000947,12.394158,32.55439
2702180352,47038.4,0.003432,0.006805,0.000466,-0.367188,0.0,0.9926,1.0528,0.00066,0.000577,0.00101,11.452557,33.134956
2702966784,47043.0,0.001195,0.006453,0.000478,-0.376953,0.0,0.9928,1.0532,0.000597,0.000573,0.000953,11.657718,32.394569
2703753216,47025.8,0.001063,0.017765,0.00043,-0.382812,0.0,0.9929,1.0534,0.000574,0.000564,0.000866,12.256907,31.328636
2704539648,47030.6,-0.005802,0.008236,0.000436,-0.382812,0.0,0.9928,1.0535,0.000641,0.000701,0.000983,12.013918,30.338522
2705326080,47035.9,0.005233,0.01021,0.000456,-0.369141,0.0,0.9928,1.0536,0.000821,0.000581,0.000948,12.052601,31.681509
2706112512,47018.0,0.006609,0.017734,0.00045,-0.365234,0.0,0.9929,1.0538,0.000643,0.000567,0.00078,11.976165,35.731468
2706898944,47023.4,-0.001384,0.009681,0.000525,-0.365234,0.0,0.9929,1.0533,0.000889,0.000621,0.001012,11.510623,32.83136
2707685376,47028.4,0.00149,0.00953,0.000564,-0.351562,0.0,0.9929,1.0528,0.000859,0.000563,0.000974,11.650138,32.891014
2708471808,47033.6,-0.002994,0.009745,0.000529,-0.349609,0.0,0.9928,1.0524,0.00063,0.000603,0.000907,11.474471,33.043041
2709258240,47020.9,-0.001574,0.018821,0.000506,-0.349609,0.0,0.993,1.0528,0.000685,0.000634,0.000911,11.467505,33.233513
2710044672,47026.3,0.001766,0.012657,0.00051,-0.347656,0.0,0.9931,1.0533,0.000776,0.000699,0.000896,11.523264,33.44389
2710831104,47031.4,-0.00428,0.007761,0.000486,-0.357422,0.0,0.9933,1.054,0.000622,0.000728,0.000999,11.540389,33.531425
2711617536,47036.7,-0.006484,0.00802,0.000477,-0.365234,0.0,0.9934,1.0542,0.000686,0.000596,0.000933,11.499137,32.840862
2712403968,47014.9,-0.005204,0.022031,0.000508,-0.384766,0.0,0.9934,1.0538,0.000686,0.000611,0.000969,12.044226,32.077045
2713190400,47020.2,-0.001355,0.015851,0.000506,-0.382812,0.0,0.9932,1.0532,0.000691,0.000668,0.000931,12.393372,32.339333
2713976832,47024.6,-0.000353,0.013171,0.000513,-0.376953,0.0,0.993,1.0525,0.000585,0.000632,0.00086,12.420093,32.460022
2714763264,47011.7,-0.008174,0.020165,0.000518,-0.373047,0.0,0.993,1.0527,0.000608,0.000613,0.000919,12.16547,32.79829
2715549696,47016.8,-0.001195,0.011989,0.00053,-0.376953,0.0,0.993,1.053,0.000696,0.000643,0.001028,12.6908,32.382355
2716336128,47021.7,0.001954,0.009381,0.000504,-0.380859,0.0,0.993,1.0533,0.000862,0.000587,0.000905,11.913733,32.144897
2717122560,47027.0,0.005214,0.01132,0.000497,-0.373047,0.0,0.9929,1.0536,0.000606,0.000559,0.000856,12.231257,32.398972
2717908992,47010.6,0.000634,0.02142,0.000448,-0.369141,0.0,0.9929,1.0535,0.000609,0.000553,0.000822,12.310415,32.326538
2718695424,47015.7,0.006584,0.013233,0.00046,-0.373047,0.0,0.9927,1.0529,0.000682,0.000578,0.001,11.636343,31.819235
2719481856,47021.0,0.000272,0.013419,0.000446,-0.375,0.0,0.9926,1.0519,0.000647,0.000582,0.000854,11.407966,31.148666
2720268288,47007.7,-0.000359,0.022,0.00044,-0.365234,0.0,0.9926,1.0516,0.000618,0.000507,0.000901,11.860557,32.26992
2721054720,47012.8,0.002488,0.014495,0.000416,-0.371094,0.0,0.9926,1.0515,0.000607,0.000575,0.001026,11.256264,31.146704
2721841152,47017.6,-0.000714,0.012294,0.000431,-0.373047,0.0,0.9925,1.0512,0.000594,0.000569,0.000935,11.979921,31.411108
2722627584,47022.3,0.00273,0.014136,0.000416,-0.373047,0.0,0.9924,1.0514,0.000712,0.000616,0.000874,11.206115,31.430828
2723414016,47008.5,-0.002918,0.019043,0.000436,-0.373047,0.0,0.9924,1.0518,0.000557,0.000458,0.000796,12.103143,31.548046
2724200448,47013.8,-0.001593,0.010291,0.000477,-0.371094,0.0,0.9925,1.0522,0.000567,0.000488,0.001009,11.822351,30.901962
2724986880,47019.0,0.002017,0.009788,0.000503,-0.363281,0.0,0.9925,1.0525,0.000531,0.000557,0.00085,11.701606,31.267708
2725773312,47007.6,-0.000498,0.021603,0.000479,-0.369141,0.0,0.9923,1.0524,0.000656,0.000617,0.000855,11.359371,30.248617
2726559744,47012.9,0.00024,0.012764,0.000512,-0.367188,0.0,0.9923,1.0523,0.000806,0.000552,0.000908,11.611551,32.271484
2727346176,47018.2,-0.007229,0.011602,0.000505,-0.365234,0.0,0.9923,1.0525,0.000544,0.000515,0.000887,11.813979,32.448021
2728132608,47023.5,-0.000531,0.010098,0.00052,-0.371094,0.0,0.9923,1.0524,0.000641,0.000478,0.000793,11.915341,33.18737
2728919040,47006.5,0.001771,0.021503,0.000485,-0.371094,0.0,0.9923,1.0526,0.00061,0.000513,0.000824,11.481956,32.170151
2729705472,47011.3,0.002248,0.015243,0.00048,-0.369141,0.0,0.9925,1.0525,0.000611,0.000504,0.000928,12.009292,31.929352
2730491904,47016.3,0.00049,0.011573,0.000466,-0.369141,0.0,0.9927,1.0526,0.000645,0.000515,0.000887,12.250216,32.454147
2731278336,47004.2,0.004878,0.023452,0.000482,-0.371094,0.0,0.9929,1.0525,0.000527,0.000572,0.000863,12.806499,35.024151
2732064768,47009.0,-0.001902,0.013544,0.00052,-0.388672,0.0,0.9928,1.0522,0.000637,0.00054,0.000912,12.027464,32.016251
2732851200,47014.3,0.000221,0.012162,0.00053,-0.376953,0.0,0.9929,1.0523,0.000574,0.000571,0.000892,12.042854,31.225576
2733637632,47019.6,-0.007421,0.010453,0.000479,-0.365234,0.0,0.9928,1.0522,0.000554,0.000587,0.000908,11.863794,31.412121
2734424064,47010.2,0.002556,0.02202,0.000477,-0.367188,0.0,0.9928,1.0525,0.000672,0.0005,0.000785,11.596415,32.011574
2735210496,47015.4,-0.000363,0.007367,0.000472,-0.369141,0.0,0.9929,1.053,0.000545,0.000534,0.000793,11.587141,31.892609
2735996928,47020.3,-0.000191,0.010406,0.000476,-0.367188,0.0,0.9929,1.0535,0.000754,0.000567,0.000955,11.577518,32.585609
2736783360,47024.9,-0.009537,0.008052,0.000486,-0.369141,0.0,0.9929,1.0535,0.000549,0.000576,0.000767,11.56583,31.344732
2737569792,47010.8,-0.003552,0.0228,0.000461,-0.359375,0.0,0.9929,1.0535,0.000661,0.000539,0.000886,11.395843,31.372494
2738356224,47016.2,0.001923,0.016458,0.000478,-0.361328,0.0,0.9929,1.0532,0.00069,0.000569,0.000914,11.672144,31.639418
2739142656,47021.5,-0.001282,0.012361,0.000455,-0.361328,0.0,0.9929,1.053,0.000704,0.00057,0.000844,11.688165,31.738073
2739929088,47013.0,-0.002321,0.022013,0.000467,-0.359375,0.0,0.9929,1.0528,0.00059,0.000569,0.000829,11.741538,32.381042
2740715520,47017.9,0.001866,0.017032,0.000452,-0.373047,0.0,0.9928,1.0526,0.000648,0.000604,0.00089,11.958614,32.255196
2741501952,47022.9,-0.001076,0.012106,0.00046,-0.373047,0.0,0.9929,1.0525,0.000566,0.000621,0.000913,11.871281,32.37627
2742288384,47028.2,-0.003874,0.012858,0.000449,-0.376953,0.0,0.9929,1.0523,0.000513,0.000592,0.0009,11.966026,32.619095
2743074816,47007.4,0.000433,0.025331,0.000446,-0.376953,0.0,0.9929,1.0524,0.000505,0.000554,0.000842,11.647613,32.125717
2743861248,47012.2,-0.003257,0.014797,0.000492,-0.386719,0.0,0.9929,1.0525,0.001056,0.000674,0.000876,11.75904,31.898426
2744647680,47017.6,-0.005907,0.015118,0.000484,-0.386719,0.0,0.9928,1.0526,0.000659,0.000549,0.000849,12.303591,31.400106
2745434112,47005.2,-0.002175,0.024105,0.000458,-0.386719,0.0,0.9928,1.0526,0.000519,0.000465,0.000743,12.547917,32.420212
2746220544,47010.0,0.000365,0.010034,0.00045,-0.376953,0.0,0.9927,1.0526,0.000462,0.000518,0.000927,12.422947,31.042179
2747006976,47015.0,0.000744,0.006778,0.000434,-0.373047,0.0,0.9927,1.0529,0.000522,0.000463,0.000839,11.944076,32.148811
2747793408,47020.2,-0.003362,0.006544,0.000472,-0.378906,0.0,0.9926,1.0532,0.000428,0.000478,0.00073,12.210824,32.561455
2748579840,46997.6,-0.000739,0.021578,0.00049,-0.382812,0.0,0.9926,1.053,0.000484,0.00047,0.000817,12.490904,33.480019
2749366272,47002.8,0.005739,0.011536,0.000493,-0.390625,0.0,0.9927,1.0528,0.000573,0.000477,0.000923,12.789119,32.166107
2750152704,47008.0,-0.003309,0.00928,0.000495,-0.378906,0.0,0.9927,1.0525,0.000618,0.000497,0.000904,12.680392,31.92387
2750939136,46994.5,0.001203,0.018765,0.000506,-0.376953,0.0,0.9928,1.0523,0.000473,0.000437,0.000692,12.008746,31.944653
2751725568,46998.8,-0.002474,0.009258,0.000492,-0.380859,0.0,0.9929,1.0526,0.000531,0.00049,0.000864,12.529996,32.812164
2752512000,47003.2,0.002737,0.014174,0.000458,-0.375,0.0,0.9929,1.0529,0.000531,0.000595,0.000843,12.637078,32.888466
2753298432,47008.5,-0.002437,0.009853,0.000581,-0.378906,0.0,0.993,1.0533,0.000601,0.000502,0.00077,12.204818,33.31509
2754084864,46999.1,-0.00158,0.020743,0.000468,-0.367188,0.0,0.993,1.0533,0.000467,0.00043,0.000732,11.722817,32.345978
2754871296,47003.7,0.003097,0.015484,0.000461,-0.373047,0.0,0.9929,1.0528,0.000489,0.000493,0.000871,12.243819,33.028446
2755657728,47008.8,0.000998,0.013348,0.000473,-0.376953,0.0,0.9928,1.0524,0.000559,0.000567,0.00089,12.294084,32.401306
2756444160,46996.5,-0.002623,0.021656,0.000461,-0.361328,0.0,0.9928,1.0522,0.000485,0.000419,0.000775,13.716769,34.328186
2757230592,47001.8,0.001167,0.01077,0.000449,-0.388672,0.0,0.9928,1.0524,0.000633,0.000541,0.000902,12.291135,32.443047
2758017024,47007.1,-0.00431,0.00992,0.000453,-0.382812,0.0,0.9929,1.0527,0.000498,0.000459,0.000812,12.331909,31.999655
2758803456,47012.5,0.000794,0.008531,0.000492,-0.375,0.0,0.9928,1.0529,0.000445,0.000442,0.000835,12.511795,32.121078
2759589888,47002.0,0.002874,0.019936,0.000472,-0.367188,0.0,0.9928,1.0528,0.000458,0.000446,0.000749,12.588649,33.479137
2760376320,47007.4,-0.000593,0.013127,0.000496,-0.369141,0.0,0.9928,1.0526,0.000541,0.000548,0.000771,11.855681,32.67226
2761162752,47011.9,-0.00587,0.011201,0.000597,-0.365234,0.0,0.9928,1.0524,0.000461,0.000512,0.000812,11.798806,32.7603
2761949184,47016.4,0.00126,0.010366,0.000516,-0.375,0.0,0.9927,1.0525,0.000537,0.000458,0.000759,11.71407,32.291107
2762735616,46998.4,-0.00096,0.01878,0.000452,-0.369141,0.0,0.9927,1.0524,0.000525,0.000466,0.000804,12.146451,32.154778
2763522048,47003.7,-0.005115,0.009289,0.000457,-0.371094,0.0,0.9927,1.0522,0.000494,0.000516,0.000779,11.790887,32.141254
2764308480,47009.1,-0.002071,0.00992,0.000456,-0.371094,0.0,0.9927,1.052,0.000578,0.000529,0.00083,11.718102,32.006325
2765094912,46997.5,-0.005227,0.01901,0.000454,-0.369141,0.0,0.9927,1.0524,0.000498,0.00042,0.000715,12.221754,32.284393
2765881344,47002.8,-0.010512,0.007876,0.00046,-0.384766,0.0,0.9926,1.0524,0.000542,0.000497,0.000709,12.239006,32.305706
2766667776,47007.8,-0.005663,0.012226,0.000455,-0.388672,0.0,0.9926,1.0525,0.00068,0.000603,0.000814,12.122092,31.830526
2767454208,47012.1,-0.001001,0.013255,0.000458,-0.390625,0.0,0.9925,1.0522,0.000527,0.000567,0.00081,11.987132,30.996105
2768240640,46980.9,0.006075,0.021418,0.000584,-0.388672,0.0,0.9925,1.052,0.000439,0.000511,0.000742,12.247338,31.437744
2769027072,46985.4,-0.001447,0.012792,0.000498,-0.392578,0.0,0.9925,1.0515,0.000532,0.000476,0.000768,12.361608,31.271435
2769813504,46990.2,-0.004191,0.01,0.00055,-0.388672,0.0,0.9925,1.0512,0.000548,0.000444,0.000809,12.083572,32.169292
2770599936,46976.7,0.003774,0.017551,0.000526,-0.380859,0.0,0.9927,1.0516,0.000487,0.000425,0.000629,11.933293,30.876858
2771386368,46981.8,-0.001477,0.008607,0.000566,-0.382812,0.0,0.9927,1.0522,0.0005,0.00043,0.000688,11.726825,30.224754
2772172800,46986.9,-0.001227,0.010644,0.000513,-0.386719,0.0,0.9928,1.0531,0.000617,0.000472,0.000679,11.702597,30.793051
2772959232,46992.2,-0.004716,0.007961,0.000498,-0.384766,0.0,0.9929,1.0536,0.000453,0.000464,0.000628,12.106013,30.220501
2773745664,46982.5,-0.00503,0.020857,0.000576,-0.365234,0.0,0.993,1.0534,0.000645,0.000414,0.000907,11.425244,31.973969
2774532096,46987.4,-4e-05,0.011482,0.000558,-0.363281,0.0,0.993,1.0531,0.000544,0.000426,0.000784,11.620814,30.799877
2775318528,46992.5,-0.002513,0.008702,0.000599,-0.361328,0.0,0.9929,1.0526,0.000519,0.000447,0.000727,11.122715,31.104107
2776104960,46977.1,-0.000701,0.019409,0.000591,-0.355469,0.0,0.9929,1.0526,0.000519,0.000429,0.000618,11.369076,29.709301
2776891392,46981.9,-0.002481,0.012031,0.00053,-0.365234,0.0,0.9929,1.0528,0.000456,0.000505,0.000822,11.399982,30.95932
2777677824,46986.4,-0.001132,0.011861,0.000499,-0.367188,0.0,0.9929,1.0527,0.000595,0.000512,0.000877,12.046362,31.221359
2778464256,46990.9,-0.001199,0.010483,0.000514,-0.359375,0.0,0.9928,1.0528,0.00047,0.000497,0.000765,11.230738,31.157513
2779250688,46979.6,-0.003323,0.01823,0.000559,-0.353516,0.0,0.9927,1.0529,0.000484,0.000379,0.000873,10.19591,29.848217
2780037120,46984.9,-0.004978,0.009506,0.000518,-0.355469,0.0,0.9926,1.0525,0.000457,0.000415,0.000985,10.723722,30.211029
2780823552,46989.8,-0.004545,0.011814,0.000542,-0.351562,0.0,0.9925,1.0521,0.000586,0.000455,0.000839,10.743021,30.590658
2781609984,46972.9,-0.00095,0.018555,0.000521,-0.351562,0.0,0.9924,1.0517,0.00043,0.000384,0.00065,12.855805,32.367477
2782396416,46977.4,0.004113,0.008965,0.000499,-0.369141,0.0,0.9925,1.0524,0.000505,0.000458,0.000734,11.151888,30.765881
2783182848,46982.5,-0.000264,0.009242,0.000417,-0.367188,0.0,0.9925,1.0529,0.000453,0.000469,0.000786,11.10184,31.24613
2783969280,46987.7,0.003934,0.00992,0.00046,-0.371094,0.0,0.9926,1.0534,0.000534,0.000436,0.000757,11.264963,31.234726
2784755712,46977.3,0.00453,0.022537,0.000486,-0.365234,0.0,0.9926,1.0539,0.000616,0.000411,0.000721,11.614613,29.920431
2785542144,46982.4,-0.000325,0.011218,0.00046,-0.369141,0.0,0.9926,1.0545,0.00054,0.000393,0.000647,11.286272,30.544861
2786328576,46987.6,0.002218,0.013286,0.000474,-0.369141,0.0,0.9924,1.0551,0.000532,0.000469,0.000665,11.258423,30.940435
2787115008,46992.9,0.002242,0.01117,0.000472,-0.359375,0.0,0.9924,1.0555,0.000561,0.000435,0.000702,11.367308,30.483612
2787901440,46982.1,0.002483,0.018139,0.000505,-0.369141,0.0,0.9925,1.0555,0.000591,0.000556,0.000755,11.139636,30.249472
2788687872,46986.6,-0.003864,0.010625,0.000536,-0.369141,0.0,0.9926,1.0555,0.000431,0.000482,0.000713,11.078658,30.170628
2789474304,46991.9,0.001578,0.013647,0.000538,-0.363281,0.0,0.9926,1.0553,0.000452,0.000439,0.000863,10.931982,30.141165
2790260736,46979.6,-0.000652,0.019164,0.000497,-0.363281,0.0,0.9926,1.0558,0.000506,0.000429,0.000745,11.752249,31.062353
2791047168,46984.6,-0.004531,0.009793,0.000468,-0.369141,0.0,0.9927,1.0565,0.000497,0.000438,0.00081,11.258602,30.880697
2791833600,46989.6,-0.001784,0.012031,0.000518,-0.373047,0.0,0.9928,1.0572,0.000479,0.000432,0.000688,11.538543,31.252605
2792620032,46994.0,0.001451,0.009441,0.000468,-0.367188,0.0,0.9928,1.0577,0.000598,0.000451,0.0008,11.500451,31.296223
2793406464,46979.4,-0.000218,0.027514,0.00048,-0.367188,0.0,0.9928,1.0572,0.000594,0.000514,0.000842,11.936687,31.429556
2794192896,46984.8,0.000427,0.013834,0.000494,-0.367188,0.0,0.9928,1.0572,0.000597,0.000521,0.00079,11.167281,31.117218
2794979328,46989.4,-0.000244,0.015356,0.000446,-0.369141,0.0,0.9928,1.0568,0.000523,0.00052,0.00072,11.938985,31.511856
2795765760,46972.1,-0.00024,0.021822,0.000569,-0.363281,0.0,0.9928,1.0571,0.000533,0.000438,0.000725,11.338874,31.936901
2796552192,46976.8,0.002817,0.013465,0.000607,-0.359375,0.0,0.9929,1.0576,0.000442,0.000454,0.000733,11.041722,31.255825
2797338624,46981.2,-0.005708,0.011101,0.000479,-0.359375,0.0,0.993,1.0581,0.000462,0.000411,0.0006,11.483038,31.497795
2798125056,46986.0,0.001825,0.009309,0.000571,-0.363281,0.0,0.993,1.0584,0.00049,0.000439,0.000636,11.611802,32.424694
2798911488,46973.5,-0.003305,0.022358,0.00053,-0.361328,0.0,0.9929,1.0579,0.000543,0.000413,0.0006,11.939684,33.312176
2799697920,46978.6,0.002623,0.010774,0.000556,-0.361328,0.0,0.9929,1.0574,0.000533,0.000449,0.000782,11.702826,32.509789
2800484352,46983.9,-0.003626,0.010563,0.000515,-0.361328,0.0,0.993,1.057,0.000431,0.000427,0.000622,11.832311,32.121574
2801270784,46969.5,-0.001319,0.018658,0.000583,-0.365234,0.0,0.993,1.0568,0.000509,0.000397,0.000669,11.156441,30.871826
2802057216,46974.8,-0.004813,0.006626,0.00049,-0.361328,0.0,0.993,1.0568,0.000402,0.000423,0.000606,11.9416,31.864258
2802843648,46979.3,0.001007,0.006833,0.00048,-0.353516,0.0,0.9931,1.0568,0.000508,0.000453,0.000652,11.858024,32.839806
2803630080,46983.7,-0.00104,0.007474,0.00048,-0.349609,0.0,0.9931,1.0565,0.000409,0.000438,0.000747,11.632839,33.779064
2804416512,46975.1,0.00545,0.02018,0.000506,-0.349609,0.0,0.9931,1.0564,0.000504,0.000374,0.00063,11.569448,33.506409
2805202944,46980.4,-0.00074,0.01262,0.000462,-0.355469,0.0,0.9929,1.0558,0.000424,0.000382,0.000666,11.501242,33.40295
2805989376,46985.4,0.00393,0.014069,0.000446,-0.347656,0.0,0.9928,1.0553,0.00052,0.000465,0.000848,11.437971,32.853619
2806775808,46972.4,-0.000582,0.019827,0.000448,-0.353516,0.0,0.9928,1.0547,0.000444,0.00039,0.0006,13.327784,33.391258
2807562240,46976.8,-0.001931,0.009083,0.000568,-0.365234,0.0,0.9928,1.0541,0.000523,0.000423,0.000689,11.514373,31.889782
2808348672,46981.9,-0.003792,0.007841,0.000472,-0.361328,0.0,0.9928,1.0536,0.000455,0.00043,0.000681,11.767688,31.778097
2809135104,46986.2,-0.001162,0.009885,0.000558,-0.353516,0.0,0.9928,1.0527,0.000479,0.000433,0.000746,11.724848,32.423721
2809921536,46974.5,0.000281,0.020293,0.000501,-0.363281,0.0,0.9929,1.0532,0.00045,0.000356,0.00061,11.570324,32.879196
2810707968,46978.9,0.006925,0.011959,0.000473,-0.367188,0.0,0.9931,1.0537,0.000437,0.000395,0.000673,11.969735,32.203949
2811494400,46983.2,-0.00206,0.013316,0.000482,-0.369141,0.0,0.9933,1.0543,0.000442,0.000423,0.000734,11.988464,32.428642
2812280832,46987.7,0.001331,0.013574,0.000492,-0.373047,0.0,0.9933,1.0545,0.00042,0.000421,0.000701,11.631471,32.390709
2813067264,46975.0,0.005726,0.0194,0.000466,-0.349609,0.0,0.9932,1.0542,0.000417,0.000412,0.000784,11.78531,33.26622
2813853696,46979.8,0.000851,0.010825,0.000576,-0.355469,0.0,0.993,1.0538,0.000403,0.000426,0.000731,11.678078,33.115982
2814640128,46984.0,0.002166,0.011828,0.000579,-0.353516,0.0,0.9928,1.0533,0.000372,0.000389,0.000688,11.798043,33.662262
2815426560,46969.4,-0.00081,0.023349,0.000502,-0.359375,0.0,0.9928,1.0532,0.000457,0.000408,0.000656,12.59208,33.138008
2816212992,46973.7,0.001059,0.013747,0.000498,-0.380859,0.0,0.9926,1.053,0.00052,0.000452,0.00074,12.428379,33.419872
2816999424,46978.1,0.003524,0.013551,0.00057,-0.378906,0.0,0.9924,1.0531,0.000497,0.000423,0.000686,12.699073,33.015556
2817785856,46982.8,-0.001712,0.013883,0.000474,-0.376953,0.0,0.9922,1.0528,0.000511,0.000431,0.000759,12.445381,32.584335
2818572288,46966.4,-0.00684,0.024056,0.000484,-0.355469,0.0,0.9923,1.0522,0.000569,0.000382,0.000733,12.210576,33.635994
2819358720,46970.6,-0.002488,0.012964,0.000544,-0.349609,0.0,0.9922,1.051,0.000722,0.000367,0.000915,12.155866,33.89962
2820145152,46975.2,-0.001647,0.012312,0.000464,-0.353516,0.0,0.9922,1.0502,0.000496,0.000414,0.000709,11.895017,33.553818
2820931584,46960.2,-0.00685,0.016795,0.000522,-0.351562,0.0,0.9923,1.0501,0.000424,0.000357,0.000621,12.207803,33.448391
2821718016,46965.0,-0.00046,0.00978,0.000508,-0.361328,0.0,0.9923,1.0506,0.000415,0.000373,0.000694,12.18588,32.626125
2822504448,46970.3,-0.000207,0.009453,0.00053,-0.361328,0.0,0.9923,1.0511,0.000453,0.000466,0.000632,11.724586,32.766602
2823290880,46975.5,-0.004848,0.009897,0.000538,-0.369141,0.0,0.9923,1.0517,0.000364,0.00047,0.000687,12.33532,33.190853
2824077312,46961.6,-0.005538,0.019388,0.000597,-0.359375,0.0,0.9924,1.0519,0.000432,0.000384,0.000639,11.944815,33.555649
2824863744,46966.1,-0.001738,0.012198,0.000493,-0.369141,0.0,0.9923,1.0518,0.000408,0.000391,0.000696,11.649092,33.188446
2825650176,46970.8,-0.005369,0.008661,0.000593,-0.371094,0.0,0.9922,1.0519,0.000456,0.000347,0.000606,11.707752,32.365734
2826436608,46956.1,0.003473,0.021213,0.00047,-0.365234,0.0,0.9921,1.0517,0.000421,0.00044,0.000522,11.330668,31.659645
2827223040,46960.5,0.001025,0.015767,0.00058,-0.363281,0.0,0.992,1.0513,0.000452,0.00049,0.000676,12.137738,32.712982
2828009472,46964.8,-0.002195,0.013826,0.000473,-0.363281,0.0,0.9919,1.0509,0.000362,0.000412,0.000663,11.941593,33.118904
2828795904,46969.2,-0.006834,0.010835,0.000481,-0.359375,0.0,0.9918,1.0508,0.00037,0.000424,0.000661,11.696328,32.855766
2829582336,46955.5,-0.001045,0.022474,0.000501,-0.369141,0.0,0.9918,1.0509,0.000449,0.000392,0.000615,11.79949,31.627823
2830368768,46959.8,0.00013,0.013086,0.000441,-0.376953,0.0,0.9919,1.0512,0.000454,0.000539,0.000617,12.177736,32.158195
2831155200,46964.6,-0.008408,0.014207,0.000526,-0.380859,0.0,0.992,1.0518,0.000382,0.000428,0.000512,12.050354,31.834768
2831941632,46948.2,-0.004311,0.021105,0.000467,-0.375,0.0,0.992,1.052,0.000423,0.000396,0.000528,13.577447,33.008057
2832728064,46953.2,-0.004102,0.012254,0.000467,-0.375,0.0,0.9921,1.0516,0.000498,0.000401,0.000711,11.983406,32.487358
2833514496,46958.4,-0.00047,0.01333,0.000474,-0.375,0.0,0.9923,1.0514,0.000444,0.00036,0.000701,11.484266,31.543896
2834300928,46962.8,-0.002896,0.011612,0.000555,-0.369141,0.0,0.9922,1.051,0.000494,0.000356,0.000766,12.270166,32.516975
2835087360,46941.3,0.002604,0.021806,0.000475,-0.363281,0.0,0.9922,1.0512,0.000425,0.000385,0.000581,11.800255,32.033508
2835873792,46945.9,0.001964,0.012624,0.000514,-0.363281,0.0,0.9921,1.0514,0.000447,0.000377,0.000615,11.513619,32.154949
2836660224,46950.6,0.003501,0.016174,0.000465,-0.363281,0.0,0.992,1.0514,0.000413,0.000497,0.000624,12.054617,32.112267
2837446656,46955.7,-0.004273,0.011526,0.000525,-0.367188,0.0,0.9918,1.0507,0.000356,0.000356,0.000679,11.931275,32.99707
2838233088,46946.4,0.00022,0.01394,0.000547,-0.357422,0.0,0.9919,1.0504,0.000412,0.000312,0.000592,11.625803,32.493484
2839019520,46951.1,-0.003983,0.012403,0.000565,-0.361328,0.0,0.9918,1.0498,0.000442,0.000406,0.000639,11.666052,32.632858
2839805952,46955.4,0.001374,0.012055,0.000513,-0.367188,0.0,0.9918,1.0494,0.000373,0.000331,0.000508,11.487527,32.977962
2840592384,46909.3,0.001273,0.022214,0.000504,-0.363281,0.0,0.9919,1.0495,0.000425,0.000347,0.000551,12.124691,33.186539
2841378816,46914.0,0.003206,0.015803,0.000521,-0.361328,0.0,0.9918,1.049,0.000481,0.000377,0.000592,11.820154,33.111797
2842165248,46918.4,-0.002203,0.011263,0.000535,-0.365234,0.0,0.9918,1.0485,0.000467,0.000342,0.000521,12.138227,33.629059
2842951680,46922.9,-0.004398,0.01405,0.00051,-0.369141,0.0,0.9917,1.0478,0.000367,0.000403,0.000684,11.985342,33.017986
2843738112,46913.3,0.001935,0.023144,0.00064,-0.365234,0.0,0.9918,1.0477,0.000476,0.000346,0.0006,12.134476,32.971092
2844524544,46918.4,0.00219,0.009468,0.000523,-0.373047,0.0,0.9919,1.0476,0.000455,0.000354,0.000583,12.191265,32.872478
2845310976,46923.1,-0.002053,0.006413,0.000495,-0.375,0.0,0.9921,1.0477,0.000385,0.000343,0.000497,12.103522,32.914639
2846097408,46915.2,-0.001092,0.018337,0.000507,-0.367188,0.0,0.9922,1.0477,0.000389,0.000324,0.000474,12.877542,34.08242
2846883840,46920.1,-0.002159,0.014441,0.000459,-0.371094,0.0,0.9923,1.0474,0.00046,0.000367,0.000653,12.144989,32.786476
2847670272,46924.3,0.004618,0.013071,0.00057,-0.369141,0.0,0.9922,1.0473,0.000551,0.00045,0.00052,11.820807,31.724228
2848456704,46928.6,0.001314,0.013111,0.000471,-0.371094,0.0,0.9922,1.047,0.000468,0.000413,0.000638,11.809822,32.061531
2849243136,46919.5,-0.007283,0.022926,0.000495,-0.380859,0.0,0.9923,1.0475,0.000374,0.000384,0.000602,12.518593,32.939789
2850029568,46924.7,0.000513,0.01644,0.000591,-0.392578,0.0,0.9923,1.0481,0.0004,0.000432,0.000776,12.426882,32.618847
2850816000,46930.0,-0.006664,0.01203,0.000566,-0.392578,0.0,0.9923,1.0487,0.000393,0.000376,0.000598,12.770917,32.108307
2851602432,46919.0,-0.008511,0.02189,0.000538,-0.386719,0.0,0.9922,1.049,0.000342,0.000318,0.000538,11.548043,30.996994
2852388864,46923.9,0.002216,0.010875,0.000561,-0.371094,0.0,0.9924,1.0496,0.000326,0.000293,0.000488,12.16077,31.665207
2853175296,46928.3,0.002686,0.010672,0.000492,-0.371094,0.0,0.9925,1.0503,0.000379,0.000379,0.000534,11.942523,32.675243
2853961728,46932.9,-0.006247,0.008917,0.000507,-0.367188,0.0,0.9928,1.0512,0.000387,0.000291,0.000526,11.841117,32.449375
2854748160,46916.6,-0.000219,0.017785,0.000486,-0.365234,0.0,0.9928,1.0514,0.000339,0.000306,0.000491,11.810011,32.597378
2855534592,46920.7,-0.004836,0.007456,0.000478,-0.371094,0.0,0.9928,1.0516,0.000291,0.000372,0.000568,11.877048,32.977352
2856321024,46925.3,-0.00478,0.007844,0.00049,-0.361328,0.0,0.9928,1.0518,0.000362,0.000372,0.000602,12.080362,33.00985
2857107456,46909.8,0.003532,0.018922,0.000481,-0.365234,0.0,0.993,1.0522,0.000331,0.000296,0.00047,13.092651,33.875443
2857893888,46914.2,-0.000979,0.00969,0.000424,-0.371094,0.0,0.9931,1.0528,0.000356,0.000336,0.000605,12.020958,32.806633
2858680320,46918.5,0.004191,0.010023,0.000426,-0.371094,0.0,0.9932,1.0534,0.000316,0.000352,0.000532,12.151115,32.219082
2859466752,46922.6,-0.001695,0.010228,0.000524,-0.369141,0.0,0.9931,1.0537,0.000327,0.000352,0.000509,11.826603,32.288731
2860253184,46907.6,-0.009116,0.01709,0.000448,-0.373047,0.0,0.9931,1.054,0.000298,0.000317,0.000451,11.885118,31.186529
2861039616,46912.6,0.0008,0.010323,0.000487,-0.375,0.0,0.9931,1.0543,0.000424,0.000331,0.000502,12.131846,32.003624
2861826048,46916.9,0.002655,0.011415,0.000498,-0.371094,0.0,0.9931,1.0545,0.000363,0.000353,0.000515,11.877431,31.636366
2862612480,46901.0,0.007052,0.020498,0.000494,-0.373047,0.0,0.993,1.0547,0.000436,0.000323,0.00043,11.339785,31.2029
2863398912,46905.2,-0.004766,0.013257,0.000602,-0.355469,0.0,0.9929,1.0547,0.000383,0.000289,0.000542,11.233737,31.694784
2864185344,46910.1,0.000983,0.011166,0.000624,-0.361328,0.0,0.9929,1.0547,0.000354,0.000293,0.00055,11.43211,32.20256
2864971776,46914.9,-0.003804,0.009932,0.000549,-0.361328,0.0,0.993,1.0547,0.000312,0.000289,0.000519,11.817563,31.471581
2865758208,46900.5,-0.000717,0.018706,0.000545,-0.361328,0.0,0.993,1.0545,0.000388,0.000298,0.000525,12.093497,31.962158
2866544640,46905.5,-0.002279,0.009451,0.000634,-0.367188,0.0,0.9929,1.0542,0.000354,0.000377,0.000535,11.339514,31.345673
2867331072,46910.6,-0.003398,0.011854,0.000549,-0.369141,0.0,0.9929,1.054,0.000425,0.000432,0.000644,11.089763,31.003979
2868117504,46915.6,0.005787,0.011431,0.000552,-0.365234,0.0,0.9928,1.0539,0.000377,0.000347,0.000594,11.348397,30.461872
2868903936,46898.5,0.002958,0.027338,0.000426,-0.369141,0.0,0.9928,1.0538,0.000394,0.000353,0.00052,11.132414,30.367834
2869690368,46903.6,-0.00323,0.013407,0.000499,-0.365234,0.0,0.9927,1.0535,0.000434,0.000344,0.000526,11.587729,30.815351
2870476800,46908.4,0.002171,0.015744,0.000415,-0.365234,0.0,0.9926,1.0532,0.000328,0.000274,0.000474,11.314492,30.60104
2871263232,46896.6,0.005834,0.020882,0.000512,-0.359375,0.0,0.9927,1.0532,0.000342,0.000278,0.000476,10.755368,30.923706
2872049664,46901.7,-0.001741,0.00927,0.000483,-0.359375,0.0,0.9926,1.0531,0.000302,0.000337,0.000586,11.044195,30.229626
2872836096,46906.6,0.00044,0.010183,0.000487,-0.359375,0.0,0.9926,1.053,0.000385,0.000299,0.000543,11.336648,31.209661
2873622528,46911.7,0.001154,0.008685,0.000501,-0.361328,0.0,0.9926,1.0533,0.000298,0.000302,0.000562,11.397688,31.468353
2874408960,46898.7,-0.000414,0.017682,0.000429,-0.355469,0.0,0.9926,1.0535,0.00026,0.000255,0.000479,11.481169,32.000053
2875195392,46903.1,0.002057,0.010184,0.000422,-0.357422,0.0,0.9925,1.0535,0.000319,0.000281,0.000497,11.292522,31.87027
2875981824,46907.4,0.003803,0.009285,0.000413,-0.359375,0.0,0.9924,1.0534,0.000319,0.000285,0.000478,11.367893,31.809538
2876768256,46894.2,-0.000884,0.020554,0.000419,-0.355469,0.0,0.9923,1.0532,0.000303,0.000241,0.00049,11.299924,31.489456
2877554688,46898.3,-0.000906,0.013146,0.000455,-0.357422,0.0,0.9925,1.0532,0.000284,0.000232,0.000441,11.758245,32.139149
2878341120,46902.6,-0.000637,0.014352,0.000452,-0.359375,0.0,0.9926,1.0531,0.000356,0.000326,0.000552,11.293674,32.334869
2879127552,46907.0,0.000327,0.010413,0.000464,-0.359375,0.0,0.9927,1.0532,0.000295,0.000292,0.000535,11.600124,32.02182
2879913984,46893.8,-0.003244,0.026156,0.000468,-0.353516,0.0,0.9927,1.0533,0.000388,0.000299,0.000567,11.220918,32.223785
2880700416,46897.9,-0.000179,0.015269,0.000462,-0.357422,0.0,0.9925,1.0531,0.000319,0.000283,0.000505,10.700201,32.297516
2881486848,46902.9,-0.006067,0.015178,0.000471,-0.361328,0.0,0.9924,1.0529,0.000346,0.000287,0.00053,11.738311,32.224701
2882273280,46890.8,-0.014799,0.020113,0.000461,-0.359375,0.0,0.9923,1.0526,0.000401,0.00029,0.000486,11.959968,32.265072
2883059712,46895.7,-0.00512,0.011821,0.00047,-0.367188,0.0,0.9924,1.0528,0.000326,0.000241,0.000497,11.540663,32.361847
2883846144,46900.8,-0.005526,0.014665,0.000459,-0.371094,0.0,0.9925,1.0531,0.000296,0.00026,0.000486,11.801969,32.058865
2884632576,46905.4,0.002036,0.01148,0.000475,-0.367188,0.0,0.9925,1.0533,0.000307,0.000248,0.000534,11.893084,32.213348
2885419008,46891.0,-0.009097,0.022165,0.000472,-0.361328,0.0,0.9925,1.0533,0.000324,0.00031,0.00058,11.770281,32.452744
2886205440,46895.8,0.003697,0.014042,0.00044,-0.361328,0.0,0.9923,1.0527,0.00043,0.000286,0.000558,11.413958,32.321274
2886991872,46900.7,-0.003697,0.013713,0.00048,-0.357422,0.0,0.9921,1.052,0.000325,0.000289,0.000519,11.749232,32.589821
2887778304,46892.1,0.002829,0.025016,0.00047,-0.357422,0.0,0.9919,1.0514,0.000424,0.000265,0.000452,9.65783,33.616093
2888564736,46897.2,-0.00774,0.019407,0.000463,-0.384766,0.0,0.9918,1.051,0.000332,0.000331,0.000567,11.996332,31.412624
2889351168,46902.2,-0.001092,0.015401,0.000446,-0.390625,0.0,0.9916,1.0507,0.000291,0.000328,0.000508,12.145912,31.339046
2890137600,46907.4,-0.006069,0.015957,0.000461,-0.388672,0.0,0.9914,1.0501,0.000306,0.000322,0.000455,12.599488,31.877247
2890924032,46900.9,-0.002249,0.022921,0.000466,-0.375,0.0,0.9915,1.0501,0.000321,0.000241,0.000436,11.951605,31.912558
2891710464,46905.9,0.00674,0.014217,0.000488,-0.369141,0.0,0.9917,1.0504,0.000361,0.000268,0.000398,11.937743,31.85638
2892496896,46910.8,0.001959,0.010089,0.000587,-0.369141,0.0,0.9919,1.0507,0.000314,0.000261,0.000446,11.592572,32.310513
2893283328,46915.8,0.003662,0.011367,0.000498,-0.373047,0.0,0.992,1.0509,0.000421,0.000281,0.000474,12.017407,31.603031
2894069760,46905.7,-0.006374,0.019654,0.000415,-0.363281,0.0,0.9919,1.0508,0.00028,0.000232,0.000386,11.609751,32.174416
2894856192,46910.8,0.00176,0.012135,0.000426,-0.367188,0.0,0.9918,1.0507,0.000283,0.000257,0.000426,12.038595,32.793068
2895642624,46916.0,-0.00396,0.010468,0.00043,-0.363281,0.0,0.9916,1.0502,0.000306,0.000208,0.000421,12.153602,32.917858
2896429056,46902.5,0.003046,0.021035,0.000451,-0.367188,0.0,0.9915,1.0499,0.000274,0.000209,0.000415,11.951797,31.941662
2897215488,46907.5,0.00144,0.010547,0.000494,-0.375,0.0,0.9917,1.0501,0.000342,0.000252,0.000486,12.190024,31.877289
2898001920,46911.8,0.000271,0.012539,0.000511,-0.378906,0.0,0.9919,1.0502,0.000274,0.000238,0.000468,12.758133,32.545292
2898788352,46916.1,-0.000961,0.011762,0.00051,-0.378906,0.0,0.9921,1.0503,0.000284,0.000234,0.000459,12.026701,31.703375
2899574784,46905.0,0.00131,0.021882,0.000498,-0.375,0.0,0.9921,1.0502,0.000305,0.000235,0.000397,12.72768,32.527176
2900361216,46908.4,-0.001625,0.012937,0.000581,-0.375,0.0,0.9921,1.0502,0.000233,0.00022,0.000371,12.148549,32.043709
2901147648,46913.4,-0.006779,0.011189,0.000511,-0.373047,0.0,0.992,1.0501,0.000308,0.000268,0.000382,12.059656,32.170677
2901934080,46894.9,-0.001492,0.01967,0.000488,-0.371094,0.0,0.9921,1.0504,0.000299,0.000208,0.000383,11.707858,32.378174
2902720512,46899.1,-0.000641,0.010635,0.000481,-0.367188,0.0,0.9924,1.0516,0.000252,0.000233,0.000394,12.027273,31.976826
2903506944,46903.4,-0.001599,0.009265,0.000489,-0.363281,0.0,0.9927,1.0525,0.00028,0.000255,0.00039,12.010293,32.975891
2904293376,46907.9,-0.004653,0.00743,0.000507,-0.363281,0.0,0.993,1.0533,0.00028,0.000256,0.000349,12.150561,32.530945
2905079808,46894.8,-0.001633,0.018608,0.000496,-0.369141,0.0,0.9933,1.0537,0.000313,0.000238,0.000395,11.569759,31.67366
2905866240,46899.9,0.002174,0.009243,0.000467,-0.375,0.0,0.9934,1.0539,0.000308,0.000279,0.000417,11.616277,31.331177
2906652672,46904.6,0.003554,0.010287,0.00056,-0.373047,0.0,0.9933,1.0539,0.000275,0.000246,0.000423,12.10624,32.235916
2907439104,46891.6,-0.002206,0.019222,0.00058,-0.373047,0.0,0.9932,1.0536,0.00028,0.000213,0.0004,12.482038,32.656033
2908225536,46896.0,0.006242,0.011623,0.000467,-0.371094,0.0,0.9931,1.0529,0.000237,0.0002,0.000443,12.248166,33.045498
2909011968,46900.5,-0.002469,0.010485,0.000492,-0.375,0.0,0.9929,1.0522,0.000286,0.000255,0.000429,11.756423,32.410477
2909798400,46905.5,-0.008418,0.008507,0.000464,-0.371094,0.0,0.9928,1.0516,0.000301,0.000216,0.000423,12.137051,32.717705
2910584832,46891.5,0.001697,0.020352,0.00048,-0.359375,0.0,0.9928,1.0515,0.000275,0.000221,0.000394,11.575645,32.079865
2911371264,46896.5,0.002583,0.012339,0.000455,-0.351562,0.0,0.9929,1.0521,0.000214,0.000242,0.000448,11.442527,32.88723
2912157696,46900.8,5.6e-05,0.008201,0.000483,-0.34375,0.0,0.9929,1.0525,0.000245,0.00023,0.000414,11.446802,33.266502
2912944128,46889.1,-0.007311,0.018021,0.000481,-0.347656,0.0,0.9928,1.0529,0.000227,0.000214,0.000346,8.616619,35.01907
2913730560,46893.9,-0.006988,0.009416,0.00056,-0.355469,0.0,0.9928,1.0529,0.000242,0.000252,0.000364,11.809602,32.532204
2914516992,46899.0,-0.003354,0.008665,0.000589,-0.349609,0.0,0.9928,1.053,0.000254,0.000202,0.000405,10.888283,31.667379
2915303424,46903.9,0.002514,0.009359,0.00054,-0.351562,0.0,0.9928,1.0531,0.000178,0.000223,0.000334,10.848603,31.226414
2916089856,46892.4,-0.003282,0.023421,0.000461,-0.351562,0.0,0.9929,1.0531,0.0003,0.000221,0.000311,11.805026,33.128029
2916876288,46897.3,0.003909,0.017053,0.000503,-0.359375,0.0,0.9929,1.0522,0.00035,0.000268,0.000375,11.668554,32.484451
2917662720,46901.8,0.000607,0.018384,0.000548,-0.357422,0.0,0.9929,1.0516,0.000278,0.000218,0.000433,11.833171,31.885113
2918449152,46906.4,0.003074,0.012829,0.000473,-0.363281,0.0,0.9927,1.0509,0.000218,0.000198,0.000339,11.356379,31.806725
2919235584,46894.9,-0.000434,0.018821,0.000478,-0.351562,0.0,0.9927,1.0506,0.000196,0.000194,0.000343,11.397676,32.528534
2920022016,46899.8,0.007431,0.011326,0.000459,-0.351562,0.0,0.9926,1.0502,0.000197,0.0002,0.00029,11.334561,31.74667
2920808448,46904.0,0.001483,0.008921,0.000536,-0.351562,0.0,0.9925,1.0499,0.000181,0.000202,0.000349,11.350479,31.637075
2921594880,46879.9,0.00303,0.018815,0.00046,-0.347656,0.0,0.9927,1.0502,0.000221,0.000179,0.000233,11.503752,30.599819
2922381312,46884.1,0.005617,0.010637,0.000419,-0.359375,0.0,0.9927,1.0503,0.000194,0.000215,0.000293,11.401589,31.281494
2923167744,46888.9,-0.003551,0.012567,0.000437,-0.363281,0.0,0.9928,1.0504,0.000266,0.000193,0.000343,11.250178,31.306166
2923954176,46893.2,0.00066,0.012306,0.000444,-0.363281,0.0,0.9929,1.051,0.000254,0.000201,0.000321,11.538804,32.02993
2924740608,46880.6,0.003754,0.020806,0.000469,-0.355469,0.0,0.993,1.0516,0.000208,0.000183,0.00032,11.216702,31.965096
2925527040,46885.1,4.3e-05,0.010906,0.000468,-0.359375,0.0,0.9932,1.0526,0.000224,0.000188,0.000301,11.177085,32.530052
2926313472,46889.5,-0.006824,0.007282,0.000472,-0.353516,0.0,0.9932,1.0535,0.000227,0.000181,0.000322,11.288906,31.640835
2927099904,46869.5,0.00045,0.022681,0.000488,-0.359375,0.0,0.9932,1.0537,0.000349,0.000195,0.000356,11.883212,32.033321
2927886336,46874.2,-0.00036,0.011034,0.000491,-0.371094,0.0,0.9933,1.0531,0.000256,0.000231,0.000346,11.528854,31.683746
2928672768,46878.5,-0.003427,0.013672,0.000474,-0.373047,0.0,0.9933,1.0524,0.000204,0.000234,0.000439,12.156497,32.111053
2929459200,46883.6,-0.00347,0.011284,0.000403,-0.371094,0.0,0.9932,1.0519,0.000219,0.000204,0.000309,12.083469,31.85713
2930245632,46856.9,0.008356,0.022371,0.000436,-0.353516,0.0,0.9933,1.052,0.000201,0.0002,0.000281,11.111827,32.441513
2931032064,46861.7,0.001315,0.012549,0.000443,-0.351562,0.0,0.9932,1.0519,0.000258,0.000196,0.000303,11.667992,32.396339
2931818496,46866.0,-0.005412,0.011368,0.000488,-0.349609,0.0,0.9932,1.0519,0.000182,0.000196,0.000286,11.391622,32.815826
2932604928,46850.5,-0.004691,0.020642,0.000456,-0.351562,0.0,0.9932,1.0524,0.000195,0.000167,0.000251,11.75457,31.364332
2933391360,46854.9,-0.000399,0.011747,0.000458,-0.365234,0.0,0.9933,1.053,0.000203,0.000186,0.000392,11.565554,32.232876
2934177792,46858.5,0.001973,0.009442,0.000438,-0.361328,0.0,0.9934,1.0537,0.000214,0.000181,0.000295,11.389547,32.949669
2934964224,46862.9,-0.002639,0.010099,0.000451,-0.363281,0.0,0.9933,1.054,0.000205,0.000177,0.000342,11.581409,32.016418
2935750656,46852.2,-0.0082,0.021334,0.000492,-0.363281,0.0,0.9933,1.0544,0.000205,0.000185,0.00024,12.037497,31.818493
2936537088,46857.4,-0.006236,0.00932,0.00052,-0.363281,0.0,0.9933,1.0546,0.000179,0.000181,0.0003,12.000676,32.123566
2937323520,46862.6,-0.00032,0.00966,0.000582,-0.361328,0.0,0.9933,1.055,0.000187,0.000191,0.000255,11.929152,32.293224
2938109952,46845.9,-0.002619,0.017415,0.000497,-0.359375,0.0,0.9932,1.0552,0.000183,0.000175,0.000233,9.95688,35.939041
2938896384,46850.0,-0.000308,0.013302,0.000427,-0.369141,0.0,0.9933,1.0551,0.000193,0.0002,0.000296,11.928601,32.424049
2939682816,46854.1,-0.003304,0.013318,0.000443,-0.365234,0.0,0.9933,1.0551,0.000146,0.000164,0.000279,12.125001,32.408592
2940469248,46858.2,-0.005503,0.011777,0.000429,-0.361328,0.0,0.9933,1.055,0.000161,0.000176,0.000274,12.040408,32.226471
2941255680,46840.1,0.002367,0.020416,0.000436,-0.357422,0.0,0.9934,1.0548,0.000195,0.000146,0.000247,11.410638,32.651344
2942042112,46845.0,-0.004308,0.008457,0.000427,-0.351562,0.0,0.9934,1.0544,0.000217,0.00014,0.000321,11.399855,32.413952
2942828544,46849.3,0.001533,0.007983,0.000433,-0.349609,0.0,0.9934,1.0541,0.00018,0.00016,0.000256,11.078625,32.412132
2943614976,46853.7,0.001638,0.008693,0.000433,-0.345703,0.0,0.9934,1.0544,0.000132,0.000126,0.000283,11.165878,32.625011
2944401408,46842.8,0.005999,0.020798,0.000453,-0.353516,0.0,0.9934,1.0541,0.000144,0.000137,0.00028,11.389323,32.082214
2945187840,46847.8,0.000885,0.010649,0.000451,-0.355469,0.0,0.9932,1.0536,0.000182,0.000145,0.000287,11.378016,32.078819
2945974272,46852.9,0.001745,0.010662,0.000525,-0.355469,0.0,0.993,1.053,0.000162,0.000128,0.000244,11.785072,32.340065
2946760704,46839.5,0.000526,0.019749,0.000443,-0.349609,0.0,0.9929,1.0524,0.000181,0.00012,0.00025,10.816567,31.849087
2947547136,46844.6,0.004088,0.007252,0.000422,-0.347656,0.0,0.993,1.0529,0.000161,0.000157,0.000245,11.457726,32.179352
2948333568,46849.8,-0.004717,0.007985,0.000526,-0.351562,0.0,0.9929,1.053,0.000147,0.000142,0.000247,11.322578,31.754181
2949120000,46854.1,-0.003646,0.008083,0.000423,-0.353516,0.0,0.993,1.0534,0.000179,0.000146,0.000284,11.684354,31.81921
2949906432,46842.5,0.001743,0.019117,0.000497,-0.351562,0.0,0.993,1.0534,0.000126,0.000131,0.000187,11.972059,32.868523
2950692864,46847.3,-0.000196,0.010491,0.000561,-0.357422,0.0,0.993,1.0533,0.00018,0.000132,0.000248,11.571472,32.566689
2951479296,46851.6,-0.00589,0.010459,0.000525,-0.359375,0.0,0.9929,1.0528,0.000129,0.000126,0.000256,11.281498,32.356392
2952265728,46827.5,-0.00422,0.019827,0.000501,-0.359375,0.0,0.9929,1.0526,0.000157,0.000127,0.000206,11.235186,31.589293
2953052160,46832.3,0.000188,0.009662,0.000472,-0.361328,0.0,0.9927,1.0515,0.00021,0.000147,0.000256,11.155925,31.937544
2953838592,46837.5,0.007212,0.01225,0.000451,-0.363281,0.0,0.9925,1.0506,0.000155,0.000129,0.00023,11.578195,31.892921
2954625024,46842.6,-0.003113,0.009962,0.000467,-0.361328,0.0,0.9924,1.0502,0.000152,0.000135,0.00023,12.079262,31.895123
2955411456,46830.7,0.001985,0.018527,0.000469,-0.355469,0.0,0.9923,1.0498,0.000132,0.000104,0.000221,11.812797,33.228912
2956197888,46835.7,-0.005288,0.009723,0.000544,-0.363281,0.0,0.9922,1.0493,0.000154,0.000124,0.000223,11.407684,31.921417
2956984320,46840.9,0.000919,0.010294,0.000487,-0.363281,0.0,0.992,1.0489,0.000175,0.00014,0.000251,11.684062,32.59137
2957770752,46823.6,-0.004039,0.020483,0.000472,-0.361328,0.0,0.992,1.0483,0.000158,0.000135,0.000197,11.649067,32.21759
2958557184,46827.8,0.008097,0.008206,0.000453,-0.361328,0.0,0.9919,1.0479,0.000143,0.000105,0.000204,12.229901,33.576992
2959343616,46832.0,-0.003889,0.007502,0.000443,-0.363281,0.0,0.9919,1.0477,0.000118,0.000101,0.00025,12.150529,33.287521
2960130048,46836.2,-0.002791,0.008451,0.000456,-0.361328,0.0,0.9919,1.0481,0.000114,9.7e-05,0.000243,12.041967,32.659401
2960916480,46820.6,0.006165,0.01769,0.000455,-0.355469,0.0,0.9921,1.0488,0.000118,0.000103,0.000157,11.760777,32.824364
2961702912,46825.4,-0.006032,0.007628,0.000486,-0.355469,0.0,0.9923,1.0497,9.7e-05,0.000121,0.000225,12.120907,33.72657
2962489344,46830.5,0.005352,0.008967,0.000566,-0.355469,0.0,0.9924,1.0501,0.000118,0.000102,0.000159,11.558419,33.684826
2963275776,46810.1,-0.00321,0.016711,0.000477,-0.357422,0.0,0.9923,1.0498,0.000114,0.000114,0.000133,9.499848,37.029236
2964062208,46815.2,0.005467,0.009311,0.000479,-0.351562,0.0,0.9924,1.0495,0.000129,0.0001,0.000171,11.810388,33.223614
2964848640,46820.3,-0.005865,0.009458,0.000472,-0.345703,0.0,0.9923,1.0489,0.000109,0.000127,0.000199,11.262467,33.343353
2965635072,46825.5,-0.001204,0.008929,0.000485,-0.345703,0.0,0.9923,1.0487,9.9e-05,9.6e-05,0.000188,11.679605,33.588829
2966421504,46811.8,-0.000856,0.019533,0.00046,-0.34375,0.0,0.9924,1.0487,0.000114,9.6e-05,0.000131,11.541679,33.305382
2967207936,46816.8,0.0005,0.009686,0.00046,-0.349609,0.0,0.9924,1.0493,0.000102,9.2e-05,0.000189,11.749537,32.885201
2967994368,46821.8,-0.002373,0.009998,0.000457,-0.349609,0.0,0.9925,1.0502,0.00012,0.000109,0.000164,11.436105,32.921867
2968780800,46826.0,0.001601,0.009581,0.000453,-0.353516,0.0,0.9928,1.0514,9.7e-05,0.000117,0.000184,11.445826,32.424995
2969567232,46808.0,0.002873,0.020626,0.00052,-0.347656,0.0,0.9929,1.0522,0.000102,0.000109,0.000153,11.496095,32.52816
2970353664,46812.3,0.001471,0.013527,0.000425,-0.349609,0.0,0.993,1.0529,9.4e-05,0.000103,0.000143,11.709094,32.369736
2971140096,46816.7,0.005068,0.012903,0.000435,-0.355469,0.0,0.9932,1.0536,0.000119,0.000101,0.000145,11.56873,32.110558
2971926528,46804.5,-0.004126,0.017941,0.000441,-0.349609,0.0,0.9933,1.0541,0.000114,6.5e-05,0.00013,11.461841,32.781536
2972712960,46809.0,0.003855,0.00813,0.000458,-0.355469,0.0,0.9933,1.0547,0.000103,8.9e-05,0.000113,11.201604,31.700378
2973499392,46814.1,0.009145,0.009753,0.000468,-0.357422,0.0,0.9933,1.0551,9.1e-05,0.000104,0.000138,11.222434,32.356186
2974285824,46819.1,-6.8e-05,0.006562,0.000455,-0.355469,0.0,0.9932,1.0555,0.000108,8.4e-05,0.000154,11.234419,31.927963
2975072256,46804.5,0.001343,0.017444,0.000429,-0.351562,0.0,0.9933,1.056,9.1e-05,7e-05,0.000129,11.578476,31.916365
2975858688,46809.6,-0.001678,0.012629,0.00042,-0.355469,0.0,0.9932,1.0564,0.000103,7.9e-05,0.000141,11.616069,32.003944
2976645120,46814.1,0.002304,0.010682,0.000424,-0.355469,0.0,0.9932,1.057,8.5e-05,8.3e-05,0.000135,11.447009,31.887192
2977431552,46798.7,0.000996,0.017477,0.000514,-0.351562,0.0,0.9932,1.0571,8.9e-05,5.8e-05,0.000119,11.105227,31.65888
2978217984,46803.8,0.003897,0.010555,0.000454,-0.349609,0.0,0.9931,1.0572,7.1e-05,6.7e-05,0.000106,11.184724,31.988821
2979004416,46808.9,-0.003575,0.00978,0.000436,-0.349609,0.0,0.993,1.0574,8.6e-05,6.1e-05,0.000147,11.821364,32.331596
2979790848,46813.8,-5.4e-05,0.009955,0.000447,-0.351562,0.0,0.9928,1.0575,8.2e-05,7.3e-05,0.00012,11.604777,32.752899
2980577280,46789.4,-0.004642,0.019939,0.000448,-0.351562,0.0,0.9928,1.0576,8.1e-05,5.5e-05,0.000109,11.643106,32.100399
2981363712,46793.7,-0.000505,0.010288,0.000436,-0.359375,0.0,0.9927,1.0576,7.1e-05,6.7e-05,0.000105,11.469131,31.774136
2982150144,46798.4,0.000558,0.010043,0.000453,-0.359375,0.0,0.9926,1.0576,5.9e-05,7.7e-05,0.0001,11.214592,32.24044
2982936576,46784.0,-0.000333,0.019881,0.000436,-0.357422,0.0,0.9925,1.0571,7.5e-05,7.3e-05,8.3e-05,11.317697,31.798691
2983723008,46788.5,-0.00182,0.010626,0.000413,-0.353516,0.0,0.9925,1.057,5.3e-05,5e-05,9e-05,11.431357,32.428116
2984509440,46792.8,-0.002331,0.011313,0.000415,-0.353516,0.0,0.9925,1.0568,6.1e-05,5.3e-05,8.9e-05,11.450863,32.613625
2985295872,46797.1,0.002802,0.012066,0.000426,-0.353516,0.0,0.9923,1.0564,6.4e-05,5.8e-05,8.2e-05,11.832166,32.539509
2986082304,46781.6,-0.001484,0.01935,0.000425,-0.355469,0.0,0.9924,1.0566,6.8e-05,4.3e-05,6e-05,11.153241,31.870581
2986868736,46786.7,-0.002712,0.00932,0.000443,-0.351562,0.0,0.9922,1.0565,4.9e-05,5.2e-05,8.4e-05,11.594824,32.819424
2987655168,46791.2,-0.002532,0.006783,0.00044,-0.353516,0.0,0.992,1.0566,5e-05,4.4e-05,6.8e-05,11.631051,31.830013
2988441600,46776.2,0.002548,0.01607,0.000448,-0.347656,0.0,0.992,1.0567,4.7e-05,3.2e-05,5.5e-05,10.545449,35.71302
2989228032,46781.0,-0.001027,0.011667,0.000434,-0.367188,0.0,0.992,1.0564,4.2e-05,3.6e-05,6.9e-05,11.802507,32.244049
2990014464,46785.9,-0.000699,0.00905,0.00045,-0.365234,0.0,0.992,1.0562,3.7e-05,3.1e-05,6.4e-05,11.241278,31.962227
2990800896,46790.1,-0.001702,0.009194,0.000452,-0.365234,0.0,0.9919,1.0559,3.1e-05,2.6e-05,6.2e-05,11.536104,31.738708
2991587328,46775.1,0.00023,0.021691,0.000444,-0.357422,0.0,0.992,1.0556,4.6e-05,2.8e-05,5.4e-05,11.171628,32.818565
2992373760,46779.3,0.001734,0.009888,0.00045,-0.353516,0.0,0.9921,1.0554,3e-05,2.9e-05,6.6e-05,11.828184,32.769211
2993160192,46783.8,0.006503,0.013382,0.000441,-0.353516,0.0,0.9922,1.0552,2.5e-05,2.1e-05,4.7e-05,11.507043,32.983711
2993946624,46787.9,0.00309,0.010748,0.00045,-0.345703,0.0,0.9923,1.0549,2.3e-05,2.1e-05,3.3e-05,11.505947,32.492989
2994733056,46773.8,0.002438,0.021844,0.000431,-0.353516,0.0,0.9923,1.0547,3.4e-05,1.3e-05,3.1e-05,11.108759,32.055683
2995519488,46778.5,0.000186,0.017521,0.000447,-0.357422,0.0,0.9922,1.0545,1.4e-05,1.4e-05,2.4e-05,11.857144,32.177032
2996305920,46782.9,-0.00581,0.011956,0.000446,-0.355469,0.0,0.9921,1.0545,1.7e-05,1.5e-05,2.9e-05,11.516119,32.572762
2997092352,46770.6,-0.002423,0.02307,0.000437,-0.355469,0.0,0.9922,1.0548,1.9e-05,8e-06,1.8e-05,11.978587,33.407135
2997878784,46775.0,-0.00318,0.01436,0.000437,-0.359375,0.0,0.992,1.0544,8e-06,6e-06,1e-05,11.536133,32.574516
2998665216,46779.4,0.007524,0.019019,0.000435,-0.359375,0.0,0.9919,1.0541,5e-06,5e-06,7e-06,11.753386,32.055058
2999451648,46783.7,0.002918,0.018282,0.000448,-0.359375,0.0,0.9918,1.0538,2e-06,2e-06,4e-06,11.439706,32.438797
3000238080,46768.5,0.000615,0.019146,0.00046,-0.355469,0.0,0.9918,1.0536,1e-06,1e-06,2e-06,11.796275,32.317078
