step,sps,policy_loss,value_loss,mi_loss,div_loss,kl_loss,score,mean_return,ego_enc_delta,partner_enc_delta,road_enc_delta,role_std,role_norm,compliance_error
4001366016,256742267.5,-3.7e-05,0.271138,0.001692,-0.228516,0.0,0.9161,0.7441,0.001797,0.002025,0.003227,4.252731,20.204473,0.00025691
4002152448,157240458.8,-0.002736,0.276125,0.001695,-0.236328,0.0,0.9229,0.7683,0.001988,0.002213,0.003702,4.368322,19.408863,0.00064271
4002938880,113273346.9,0.001661,0.240535,0.001648,-0.225586,0.0,0.9296,0.7914,0.0016,0.001976,0.002713,4.358181,18.993107,0.00071456
4003725312,56911944.4,0.001494,0.323284,0.001565,-0.241211,0.0,0.9232,0.7521,0.00154,0.001945,0.002908,4.666747,18.17482,0.00061556
4004511744,49270937.5,0.002247,0.344814,0.001409,-0.243164,0.0,0.9213,0.7319,0.001603,0.002046,0.003412,4.755707,18.057304,0.00069513
4005298176,43851669.4,0.003402,0.29553,0.001416,-0.24707,0.0,0.9199,0.7281,0.001582,0.001891,0.003072,4.46252,19.006336,0.00068039
4006084608,39274426.2,0.004605,0.378434,0.001436,-0.267578,0.0,0.9171,0.7146,0.001563,0.002112,0.003572,4.579218,19.024277,0.00068335
4006871040,24920328.1,-0.000256,0.297383,0.001386,-0.243164,0.0,0.9151,0.7123,0.001619,0.002289,0.00427,4.602959,18.891964,0.0007556
4007657472,23458539.7,0.004499,0.205686,0.001417,-0.22168,0.0,0.9143,0.7171,0.001314,0.00177,0.002673,4.438732,18.476471,0.00064548
4008443904,22169680.0,-9.2e-05,0.232583,0.001491,-0.21875,0.0,0.9149,0.7223,0.001585,0.001998,0.002671,4.233101,18.331656,0.000668
4009230336,18538462.1,0.007532,0.393562,0.00147,-0.228516,0.0,0.917,0.728,0.001347,0.001946,0.002617,3.879194,19.38826,0.00062591
4010016768,17708221.5,0.002327,0.245447,0.001513,-0.21582,0.0,0.9203,0.7405,0.001551,0.001866,0.002882,4.076679,19.774868,0.00062235
4010803200,16957208.7,-0.000586,0.219863,0.001484,-0.220703,0.0,0.9205,0.7402,0.001658,0.001973,0.003242,4.029013,19.549763,0.0006634
4011589632,16252754.1,0.001824,0.267457,0.001431,-0.230469,0.0,0.9218,0.7445,0.001508,0.002086,0.003125,4.229319,19.19463,0.00065174
4012376064,13951626.0,-0.001975,0.344486,0.001513,-0.240234,0.0,0.9222,0.7417,0.001853,0.002428,0.00323,4.896078,18.553177,0.00064978
4013162496,13463754.9,-0.006213,0.324836,0.001452,-0.235352,0.0,0.9228,0.7379,0.002272,0.002119,0.004133,4.678456,18.468662,0.00065878
4013948928,13028167.5,0.002372,0.254187,0.00154,-0.230469,0.0,0.9236,0.7391,0.001833,0.002363,0.00353,4.265411,19.98336,0.00066619
4014735360,11671280.7,-0.00359,0.35951,0.001586,-0.230469,0.0,0.9241,0.738,0.002194,0.002006,0.003254,4.124833,20.414249,0.00065196
4015521792,11342761.7,-0.000528,0.312627,0.001468,-0.22168,0.0,0.9251,0.7418,0.001848,0.002147,0.003429,4.463812,19.653416,0.00063912
4016308224,11013265.1,-0.007061,0.226815,0.001458,-0.22168,0.0,0.9249,0.7416,0.002006,0.002206,0.00291,4.31943,19.55887,0.00063237
4017094656,10710431.6,-0.000714,0.241726,0.001454,-0.219727,0.0,0.9252,0.7451,0.001214,0.001777,0.00294,4.516305,19.264053,0.00065771
4017881088,9626556.3,0.002482,0.295172,0.001475,-0.225586,0.0,0.9256,0.7465,0.001521,0.001579,0.003187,4.266689,19.612932,0.00069067
4018667520,9394867.4,-0.002156,0.28119,0.001469,-0.230469,0.0,0.9254,0.7447,0.001608,0.002349,0.003447,4.294653,19.513077,0.00061836
4019453952,9177095.4,-0.002078,0.191826,0.001493,-0.220703,0.0,0.9256,0.7466,0.001647,0.001804,0.002752,4.226465,19.384577,0.00066957
4020240384,8462338.9,0.001679,0.293653,0.001575,-0.223633,0.0,0.9261,0.748,0.001984,0.00174,0.003153,4.405622,18.525101,0.00061141
4021026816,8282738.1,-0.011583,0.302499,0.00138,-0.227539,0.0,0.926,0.7456,0.001199,0.001929,0.003081,4.335043,18.731781,0.00067486
4021813248,8108634.2,0.010964,0.411681,0.001426,-0.230469,0.0,0.9264,0.7458,0.001446,0.002404,0.0029,4.175185,18.72205,0.00059247
4022599680,7951776.4,-0.000304,0.294628,0.001423,-0.229492,0.0,0.9261,0.7443,0.00116,0.001893,0.002873,4.297628,19.940041,0.00062365
4023386112,7411111.1,0.00249,0.405566,0.001499,-0.242188,0.0,0.9263,0.7439,0.0018,0.002159,0.002805,4.63173,19.983887,0.00062536
4024172544,7268893.0,-0.004957,0.391757,0.001558,-0.230469,0.0,0.9262,0.7418,0.001684,0.002027,0.002377,4.621924,19.68549,0.00062991
4024958976,7138804.4,-0.004504,0.326637,0.001572,-0.226562,0.0,0.9259,0.7384,0.001386,0.00206,0.003124,4.733736,19.247259,0.00064466
4025745408,6654895.2,-0.00179,0.313887,0.001517,-0.214844,0.0,0.926,0.7393,0.001363,0.001556,0.002513,4.861068,18.479841,0.00060466
4026531840,6548984.7,-0.001045,0.28009,0.00151,-0.210938,0.0,0.9259,0.7378,0.00182,0.00202,0.003042,3.8974,20.223824,0.00063028
4027318272,6441707.9,-0.000442,0.210528,0.001528,-0.204102,0.0,0.9254,0.7367,0.00181,0.002345,0.003526,3.951764,20.083174,0.00064665
4028104704,6337918.8,-0.004476,0.166202,0.001493,-0.201172,0.0,0.9249,0.7363,0.001757,0.002088,0.003506,4.086565,20.07118,0.00065508
4028891136,5947016.0,-0.004506,0.248333,0.001493,-0.21875,0.0,0.9255,0.7392,0.001089,0.001665,0.002414,4.192693,19.221413,0.00062717
4029677568,5854387.6,0.002096,0.335224,0.001388,-0.220703,0.0,0.9256,0.7418,0.001327,0.001961,0.002693,4.492198,18.796066,0.00058582
4030464000,5770678.8,0.000875,0.346243,0.001371,-0.225586,0.0,0.9262,0.7436,0.001462,0.001928,0.003338,4.061896,19.936596,0.00061735
4031250432,5683562.6,0.003264,0.269509,0.00136,-0.238281,0.0,0.9265,0.7461,0.002095,0.002207,0.00311,4.241701,19.529291,0.00064919
4032036864,5408796.4,0.003079,0.344924,0.001445,-0.228516,0.0,0.9262,0.7452,0.001778,0.00248,0.004076,4.326317,19.349161,0.00068008
4032823296,5335455.7,-0.003628,0.306092,0.00143,-0.220703,0.0,0.9256,0.7412,0.001384,0.00191,0.003379,4.403452,19.272757,0.000692
4033609728,5266445.8,-0.001302,0.30564,0.001461,-0.227539,0.0,0.9244,0.7362,0.001243,0.00167,0.003143,4.444024,19.192509,0.00066173
4034396160,5040275.4,-0.00092,0.355649,0.001408,-0.230469,0.0,0.9237,0.7344,0.001609,0.00159,0.003277,4.465283,20.297998,0.00060708
4035182592,4978402.8,-0.000254,0.346939,0.001367,-0.235352,0.0,0.9226,0.7312,0.001901,0.002336,0.003848,4.396562,20.146839,0.00063702
4035969024,4912149.2,-0.000629,0.208311,0.00137,-0.229492,0.0,0.9224,0.7325,0.001494,0.001881,0.003023,4.468689,19.752289,0.00062077
4036755456,4852955.5,-0.000653,0.304098,0.001371,-0.232422,0.0,0.9216,0.7316,0.001402,0.00158,0.003263,4.378667,19.742208,0.00068868
4037541888,4642545.0,0.002794,0.228672,0.001344,-0.235352,0.0,0.9214,0.7343,0.002154,0.002397,0.004065,4.767932,19.135513,0.00057844
4038328320,4589439.5,-0.000988,0.249693,0.001305,-0.232422,0.0,0.9205,0.7357,0.001714,0.002053,0.003438,4.598485,18.85923,0.00057185
4039114752,4534049.4,0.001432,0.234437,0.001331,-0.237305,0.0,0.9198,0.7345,0.001764,0.001828,0.003098,4.376099,20.135323,0.00062021
4039901184,4352058.0,0.001226,0.165308,0.001347,-0.224609,0.0,0.9199,0.7394,0.001629,0.00192,0.002672,3.863288,20.162832,0.000585
4040687616,4305180.7,-0.00114,0.173729,0.001484,-0.208008,0.0,0.9185,0.7388,0.001439,0.001811,0.002334,4.121247,19.583427,0.00064141
4041474048,4259849.2,0.006044,0.173229,0.001478,-0.214844,0.0,0.9175,0.7378,0.001217,0.001907,0.002324,4.073488,19.109375,0.00065427
4042260480,4214245.0,-0.003805,0.203894,0.001422,-0.220703,0.0,0.9174,0.7383,0.001185,0.00199,0.003037,4.518767,18.835922,0.00060525
4043046912,4049065.6,-0.001034,0.35438,0.001406,-0.242188,0.0,0.9168,0.7356,0.001377,0.001729,0.002562,4.360597,20.126595,0.00069322
4043833344,4009391.8,-0.001376,0.189192,0.001374,-0.229492,0.0,0.9164,0.7336,0.001486,0.001906,0.003222,4.53631,20.02129,0.0006699
4044619776,3970454.4,-0.002266,0.202802,0.001458,-0.229492,0.0,0.9165,0.7368,0.00237,0.002108,0.003139,4.451456,19.999418,0.00065494
4045406208,3817027.0,-0.002377,0.265054,0.001529,-0.242188,0.0,0.9167,0.7372,0.001647,0.001793,0.00273,4.390728,19.220276,0.00066086
4046192640,3781725.5,0.000922,0.137608,0.001509,-0.229492,0.0,0.9169,0.7397,0.001236,0.001683,0.002234,4.645269,19.289776,0.00068646
4046979072,3747127.7,-0.000151,0.149221,0.001495,-0.222656,0.0,0.9172,0.7447,0.002041,0.001838,0.00261,4.624356,19.077688,0.00069095
4047765504,3713185.5,-0.005969,0.159211,0.001486,-0.224609,0.0,0.9173,0.7479,0.001306,0.002098,0.002439,4.225401,20.20871,0.0006582
4048551936,3592790.6,-0.001308,0.220196,0.001597,-0.224609,0.0,0.9178,0.7515,0.001469,0.001822,0.002983,4.33796,20.217314,0.00066734
4049338368,3561912.8,-0.004056,0.183089,0.001693,-0.226562,0.0,0.9183,0.7547,0.001644,0.001929,0.003098,4.580297,19.998631,0.00078117
4050124800,3531807.3,-0.000375,0.242677,0.001711,-0.236328,0.0,0.9186,0.7571,0.001433,0.001876,0.002856,4.712169,19.798048,0.00076502
4050911232,3419126.5,-0.003902,0.14565,0.001661,-0.223633,0.0,0.9193,0.7622,0.001374,0.001481,0.002429,5.118115,18.490944,0.00071808
4051697664,3389055.3,0.004169,0.273338,0.001355,-0.237305,0.0,0.9205,0.7654,0.001648,0.001854,0.002608,4.489806,20.531757,0.00069735
4052484096,3359180.6,-0.000117,0.299444,0.001391,-0.234375,0.0,0.9211,0.7636,0.001657,0.001809,0.00266,4.523834,20.232519,0.00071405
4053270528,3331664.9,0.005627,0.253556,0.001394,-0.233398,0.0,0.9221,0.7643,0.001357,0.001887,0.00278,4.537138,20.261524,0.00067244
4054056960,3229724.1,-0.002949,0.246222,0.001469,-0.226562,0.0,0.9227,0.7653,0.0011,0.001466,0.002437,4.327839,19.322636,0.00072923
4054843392,3204115.3,0.000682,0.202746,0.001476,-0.211914,0.0,0.9237,0.7698,0.001432,0.001591,0.003257,4.263521,19.443075,0.00069845
4055629824,3179275.1,-2.7e-05,0.228779,0.001354,-0.210938,0.0,0.9246,0.7711,0.001799,0.001747,0.002927,4.042684,20.212173,0.00063637
4056416256,3154487.4,-0.004477,0.224345,0.001388,-0.222656,0.0,0.9259,0.774,0.001461,0.001713,0.002804,4.327197,19.859871,0.00062408
4057202688,3054343.4,-0.001594,0.37566,0.001568,-0.229492,0.0,0.9272,0.7777,0.001497,0.001866,0.002991,4.5166,19.763626,0.00059157
4057989120,3030882.9,-0.00303,0.335309,0.001637,-0.219727,0.0,0.9287,0.7807,0.001489,0.001713,0.003037,4.512799,19.675175,0.00067435
4058775552,3007759.8,-0.000295,0.28216,0.00163,-0.21582,0.0,0.9298,0.7849,0.001926,0.001974,0.002915,4.438358,19.605635,0.00069345
4059561984,2920710.6,-0.007567,0.285339,0.001594,-0.220703,0.0,0.9304,0.783,0.00174,0.001769,0.00255,4.224423,20.3696,0.00065669
4060348416,2899552.2,0.002327,0.327917,0.001541,-0.217773,0.0,0.9302,0.7797,0.00131,0.002003,0.003009,4.053792,20.697195,0.00075352
4061134848,2876905.3,0.004685,0.404024,0.00155,-0.234375,0.0,0.9308,0.778,0.001238,0.001577,0.002477,4.404098,20.432339,0.00062473
4061921280,2855150.1,0.001965,0.39897,0.001578,-0.229492,0.0,0.932,0.7774,0.00226,0.001528,0.002588,4.472428,20.066397,0.00066872
4062707712,2788648.9,-0.004951,0.31628,0.001594,-0.229492,0.0,0.9327,0.7767,0.001502,0.001872,0.002515,4.626688,19.736015,0.00069354
4063494144,2769301.0,-0.003245,0.216629,0.001558,-0.220703,0.0,0.9333,0.7774,0.001405,0.001906,0.00277,4.620126,19.144707,0.00066242
4064280576,2751184.8,0.00273,0.346839,0.001498,-0.236328,0.0,0.934,0.7759,0.001661,0.001602,0.002308,4.444415,20.394711,0.00072476
4065067008,2670591.6,-0.001652,0.329519,0.001495,-0.234375,0.0,0.9349,0.7765,0.001597,0.001575,0.003136,4.951275,20.598652,0.00059333
4065853440,2653214.9,0.010242,0.479024,0.00149,-0.237305,0.0,0.9349,0.7706,0.001583,0.001782,0.002707,4.466216,20.248755,0.00062621
4066639872,2635306.3,0.000258,0.264993,0.001445,-0.234375,0.0,0.9354,0.7727,0.001645,0.001811,0.002384,4.85028,19.888603,0.00065068
4067426304,2618571.8,0.001965,0.298563,0.001508,-0.236328,0.0,0.9346,0.7679,0.002241,0.001729,0.003121,4.591094,19.541468,0.000664
4068212736,2554743.3,-0.001606,0.30243,0.001411,-0.228516,0.0,0.9351,0.7682,0.001301,0.001946,0.003452,4.437057,21.236305,0.00070083
4068999168,2537799.6,-0.00418,0.268422,0.001433,-0.222656,0.0,0.9345,0.767,0.001434,0.002029,0.003357,4.492675,20.951618,0.00067082
4069785600,2521913.8,-0.007332,0.234848,0.001389,-0.222656,0.0,0.9342,0.7642,0.001549,0.001827,0.003569,4.412155,20.781004,0.000663
4070572032,2463039.5,0.000736,0.251255,0.001395,-0.225586,0.0,0.9334,0.7597,0.001173,0.001278,0.00238,4.330791,19.789602,0.00066562
4071358464,2447399.0,0.007346,0.259775,0.001389,-0.220703,0.0,0.9325,0.7569,0.001738,0.001413,0.002497,4.782233,19.567545,0.00073567
4072144896,2433093.7,-0.00271,0.207819,0.001335,-0.225586,0.0,0.9319,0.7549,0.001686,0.001367,0.002369,4.517907,19.409676,0.00071274
4072931328,2418558.8,-0.006165,0.151772,0.001356,-0.229492,0.0,0.931,0.7535,0.00133,0.001449,0.002297,4.319475,20.216372,0.00070091
4073717760,2366981.4,-0.001566,0.462927,0.001422,-0.248047,0.0,0.9306,0.7523,0.001516,0.001436,0.002957,5.029934,20.330524,0.00067417
4074504192,2352186.1,-0.002392,0.299079,0.001512,-0.237305,0.0,0.9301,0.7489,0.001686,0.001974,0.002637,4.705007,20.062809,0.00067744
4075290624,2338333.4,-0.001355,0.295011,0.001454,-0.239258,0.0,0.9294,0.7459,0.001576,0.00207,0.003512,4.884521,19.798452,0.00067906
4076077056,2294690.6,-0.001953,0.380371,0.001476,-0.237305,0.0,0.9288,0.7433,0.001635,0.001818,0.003175,4.914273,18.497892,0.00073777
4076863488,2280582.3,0.003239,0.220674,0.00156,-0.219727,0.0,0.9281,0.7415,0.001391,0.001728,0.002542,4.057586,21.297958,0.00077621
4077649920,2266594.7,0.000826,0.191893,0.001567,-0.223633,0.0,0.9279,0.7447,0.001433,0.001558,0.002991,4.476169,20.807026,0.00069677
4078436352,2252795.0,-0.001873,0.170738,0.001573,-0.225586,0.0,0.9276,0.7457,0.001511,0.001605,0.002517,4.423554,20.749023,0.00072808
4079222784,2192374.9,0.003164,0.285192,0.001737,-0.225586,0.0,0.9275,0.7479,0.001758,0.001646,0.002318,4.89094,20.092155,0.00070824
4080009216,2180348.9,-0.00599,0.306759,0.001745,-0.228516,0.0,0.9273,0.7456,0.001925,0.001686,0.003078,4.55992,19.881432,0.00077767
4080795648,2167598.7,0.00175,0.351511,0.001749,-0.228516,0.0,0.9276,0.7462,0.001311,0.001791,0.002495,4.471188,19.873531,0.00072914
4081582080,2155713.7,0.001756,0.353432,0.00186,-0.216797,0.0,0.9279,0.7451,0.0012,0.001353,0.002298,4.415747,21.208498,0.00071991
4082368512,2120720.7,0.00017,0.317663,0.001552,-0.214844,0.0,0.9286,0.7481,0.001951,0.001825,0.003276,4.459487,21.029516,0.00070429
4083154944,2109545.3,-0.000635,0.209797,0.001568,-0.214844,0.0,0.9288,0.75,0.001872,0.001463,0.002882,4.355521,20.426594,0.00069162
4083941376,2098062.5,0.002434,0.150389,0.001621,-0.205078,0.0,0.9293,0.752,0.001354,0.001324,0.002511,4.340789,20.099981,0.00067345
4084727808,2061163.4,-0.000305,0.205225,0.001551,-0.211914,0.0,0.9293,0.7564,0.001436,0.001616,0.002899,4.652541,19.643967,0.0006976
4085514240,2050790.7,-0.002028,0.410545,0.001561,-0.228516,0.0,0.9297,0.7558,0.001467,0.001831,0.002571,4.501851,20.945911,0.00070316
4086300672,2040760.6,0.003073,0.481369,0.001578,-0.241211,0.0,0.9306,0.7568,0.00138,0.001899,0.003139,4.538931,20.799742,0.00071961
4087087104,2030892.4,0.000974,0.343175,0.001549,-0.225586,0.0,0.9314,0.7586,0.001452,0.00189,0.002367,4.911039,20.767387,0.0007785
4087873536,1992520.8,-0.000957,0.305331,0.001617,-0.217773,0.0,0.9323,0.7624,0.001969,0.002046,0.003341,4.645526,20.184105,0.0006302
4088659968,1982834.0,0.005658,0.236279,0.001564,-0.216797,0.0,0.9328,0.7637,0.001576,0.001843,0.00256,4.590044,20.053802,0.00059336
4089446400,1973516.4,-0.002511,0.243455,0.001511,-0.222656,0.0,0.9334,0.7677,0.001562,0.001743,0.003137,4.314824,21.068731,0.00064085
4090232832,1928638.8,0.002298,0.271564,0.00146,-0.219727,0.0,0.9341,0.7725,0.001465,0.002113,0.002783,4.203829,21.607166,0.00070186
4091019264,1919528.9,0.000413,0.24713,0.001444,-0.227539,0.0,0.9341,0.7717,0.001403,0.002153,0.003123,4.480309,21.143959,0.00065738
4091805696,1910569.6,0.00405,0.260101,0.001443,-0.227539,0.0,0.9352,0.7759,0.001027,0.00142,0.002339,4.772143,20.728453,0.00064376
4092592128,1901648.0,-0.000712,0.212764,0.001435,-0.222656,0.0,0.9358,0.7769,0.0013,0.001475,0.003082,5.069882,20.642706,0.00066773
4093378560,1873415.5,-0.003264,0.301385,0.001684,-0.216797,0.0,0.9361,0.7787,0.001488,0.001832,0.003374,4.417511,21.19698,0.00078353
4094164992,1864669.4,0.003463,0.250953,0.001767,-0.200195,0.0,0.937,0.7807,0.001996,0.001789,0.002967,4.338653,21.260971,0.00087239
4094951424,1856463.0,-0.003723,0.179259,0.0018,-0.198242,0.0,0.9381,0.7825,0.002164,0.001852,0.003488,4.2501,20.992994,0.00076004
4095737856,1826922.6,-0.001306,0.24573,0.001879,-0.203125,0.0,0.9388,0.7829,0.001613,0.001563,0.002705,3.967962,20.762951,0.00071741
4096524288,1818705.6,-0.004203,0.176561,0.001691,-0.195312,0.0,0.9399,0.785,0.001583,0.001796,0.002416,4.175915,20.451429,0.0007361
4097310720,1810821.1,0.003703,0.181332,0.001689,-0.196289,0.0,0.941,0.7922,0.001326,0.001479,0.002302,4.302824,20.314589,0.00069413
4098097152,1802811.5,-0.000148,0.161806,0.001583,-0.189453,0.0,0.9422,0.7973,0.001881,0.001569,0.002792,3.95783,21.107903,0.00066918
4098883584,1778912.4,0.0043,0.344631,0.001527,-0.199219,0.0,0.9427,0.8002,0.002501,0.002109,0.00329,4.327636,21.119431,0.00066026
4099670016,1771036.0,0.006799,0.286671,0.001533,-0.200195,0.0,0.9437,0.8019,0.00127,0.001866,0.003004,4.026423,21.06609,0.00064722
4100456448,1763644.3,0.003994,0.223149,0.001509,-0.197266,0.0,0.944,0.8014,0.001153,0.00151,0.002414,4.132365,20.591293,0.00061135
4101242880,1740078.1,-0.001863,0.284391,0.001537,-0.203125,0.0,0.9445,0.8003,0.001305,0.001905,0.003286,4.621573,19.460524,0.00062793
4102029312,1733063.2,-0.001846,0.254924,0.001574,-0.203125,0.0,0.944,0.798,0.00122,0.001599,0.002327,3.982459,21.491913,0.00064756
4102815744,1726062.8,0.004324,0.209273,0.001554,-0.198242,0.0,0.9441,0.7988,0.001205,0.001901,0.002493,4.051856,21.386089,0.00067453
4103602176,1718918.2,-0.000934,0.220601,0.001576,-0.201172,0.0,0.9441,0.8001,0.001784,0.001888,0.002698,4.060292,21.150862,0.00068567
4104388608,1694111.7,0.001982,0.375353,0.00169,-0.208984,0.0,0.9435,0.799,0.00166,0.001831,0.002887,4.478236,20.500956,0.00060386
4105175040,1687517.2,-0.004212,0.384543,0.001718,-0.217773,0.0,0.943,0.7942,0.001493,0.001958,0.003287,4.565722,20.013525,0.00070436
4105961472,1680960.1,-0.004869,0.343228,0.001651,-0.222656,0.0,0.9428,0.7919,0.001573,0.001918,0.002891,4.529516,19.796211,0.00066243
4106747904,1674413.7,-0.00039,0.371123,0.001616,-0.226562,0.0,0.9422,0.7853,0.001979,0.001597,0.002555,4.252254,20.76247,0.00072357
4107534336,1650989.3,-0.002425,0.175587,0.001532,-0.217773,0.0,0.9424,0.7849,0.002692,0.001844,0.002729,4.334212,20.515928,0.00071195
4108320768,1644788.6,0.000531,0.263457,0.001592,-0.21582,0.0,0.9421,0.7843,0.001868,0.001878,0.002815,4.597779,20.320738,0.00068971
4109107200,1638637.0,-0.001492,0.229762,0.001605,-0.222656,0.0,0.9421,0.7878,0.001787,0.00171,0.002642,4.509924,20.11521,0.00070035
4109893632,1615060.2,0.002951,0.213524,0.001591,-0.214844,0.0,0.9419,0.7907,0.001183,0.001838,0.002382,4.441993,19.430357,0.00069766
4110680064,1608967.9,-0.002384,0.309954,0.001394,-0.217773,0.0,0.9419,0.7921,0.00113,0.001822,0.002426,4.226472,20.94981,0.00073143
4111466496,1602754.7,0.001168,0.257085,0.00139,-0.220703,0.0,0.942,0.7919,0.001707,0.002195,0.00293,4.44776,20.617496,0.0006782
4112252928,1596769.9,-0.003903,0.15757,0.001415,-0.211914,0.0,0.9417,0.7926,0.001156,0.001526,0.00226,4.376076,20.780279,0.00069199
4113039360,1574465.1,0.000118,0.194739,0.001397,-0.222656,0.0,0.941,0.7904,0.001336,0.00143,0.003246,4.689828,20.119976,0.00062608
4113825792,1568819.2,0.00447,0.265917,0.001315,-0.222656,0.0,0.941,0.7911,0.001248,0.001525,0.002982,4.682027,20.002106,0.00081338
4114612224,1563219.8,-0.000161,0.201233,0.001389,-0.216797,0.0,0.9399,0.7891,0.001179,0.00153,0.002869,4.287879,21.433508,0.0007152
4115398656,1543042.0,-0.000389,0.181055,0.001389,-0.224609,0.0,0.94,0.7919,0.001334,0.002009,0.003185,4.215009,21.4832,0.00065581
4116185088,1537549.2,-0.001242,0.303293,0.001467,-0.21582,0.0,0.9394,0.7906,0.001249,0.001647,0.003083,4.372128,20.866817,0.00059989
4116971520,1532154.4,-0.004212,0.23761,0.001487,-0.216797,0.0,0.9388,0.7903,0.001258,0.001777,0.002629,4.569982,20.657879,0.00072024
4117757952,1526735.7,0.00579,0.231082,0.001536,-0.213867,0.0,0.9389,0.7915,0.001243,0.001436,0.002741,4.684248,20.266344,0.00065975
4118544384,1504473.3,-0.002325,0.302121,0.001574,-0.220703,0.0,0.9381,0.7887,0.001094,0.001265,0.002286,4.259108,21.19825,0.00069778
4119330816,1499399.9,-0.005169,0.224143,0.001655,-0.213867,0.0,0.9376,0.7867,0.00115,0.001351,0.003348,4.227892,21.218437,0.00070337
4120117248,1494255.7,-0.005735,0.227876,0.001574,-0.222656,0.0,0.9371,0.7849,0.001573,0.001724,0.003048,4.343908,21.030815,0.00067434
4120903680,1470335.6,-0.005959,0.29574,0.001665,-0.21875,0.0,0.9366,0.7827,0.001395,0.001461,0.002945,4.351258,20.915417,0.00070843
4121690112,1465391.8,-0.002693,0.299845,0.001592,-0.208984,0.0,0.9356,0.778,0.001732,0.002017,0.003039,4.398228,20.410717,0.0006554
4122476544,1460389.7,0.000373,0.168053,0.001416,-0.200195,0.0,0.9347,0.7761,0.001635,0.001748,0.002643,4.326056,19.972357,0.00064608
4123262976,1455517.4,-0.004105,0.188908,0.001434,-0.201172,0.0,0.9344,0.7746,0.001581,0.002009,0.002667,4.112686,21.024397,0.00066419
4124049408,1433476.0,0.001616,0.307661,0.001435,-0.219727,0.0,0.9336,0.7724,0.001225,0.001531,0.002565,4.599368,20.894691,0.00064055
4124835840,1428688.1,-0.003646,0.219687,0.001492,-0.216797,0.0,0.9334,0.7719,0.001339,0.001655,0.002585,4.614164,20.901575,0.00064971
4125622272,1424123.6,0.006938,0.249549,0.001503,-0.21582,0.0,0.9322,0.7681,0.001206,0.001516,0.002291,4.579624,20.796059,0.00070724
4126408704,1399241.2,-0.001455,0.231293,0.001535,-0.213867,0.0,0.9322,0.769,0.001568,0.001806,0.003194,4.55201,19.468765,0.0006966
4127195136,1394749.7,-0.008137,0.230746,0.001621,-0.205078,0.0,0.9321,0.7706,0.001494,0.001358,0.002214,4.043912,21.16325,0.00077652
4127981568,1390393.9,-0.002019,0.28366,0.001629,-0.21875,0.0,0.9316,0.7683,0.001447,0.00156,0.002461,4.211236,21.081459,0.00066824
4128768000,1386062.0,-0.002965,0.295608,0.001693,-0.222656,0.0,0.9312,0.7659,0.001456,0.001831,0.00268,4.508459,20.972486,0.00071651
4129554432,1367350.7,0.001222,0.321894,0.001658,-0.231445,0.0,0.9315,0.7678,0.001687,0.00183,0.002665,5.027803,20.619381,0.00067626
4130340864,1363095.2,-0.003396,0.330051,0.001374,-0.234375,0.0,0.9314,0.7689,0.001962,0.001499,0.002671,4.720198,20.013851,0.00074289
4131127296,1358678.0,-0.003381,0.350834,0.001279,-0.242188,0.0,0.9313,0.7696,0.001102,0.00144,0.002157,5.084902,19.824848,0.00072057
4131913728,1354108.4,-0.001422,0.231018,0.001296,-0.237305,0.0,0.9311,0.7706,0.001304,0.00169,0.002606,4.776779,20.769997,0.00066535
4132700160,1335433.3,0.00607,0.279771,0.001429,-0.233398,0.0,0.9301,0.7679,0.001821,0.001674,0.003263,4.758591,20.837561,0.00067209
4133486592,1331252.1,-0.000375,0.22153,0.001479,-0.233398,0.0,0.9297,0.7699,0.001491,0.0014,0.003135,4.953126,20.658695,0.00081994
4134273024,1327238.3,-0.000333,0.176096,0.001517,-0.230469,0.0,0.9289,0.7688,0.001312,0.001419,0.002429,4.925435,20.51939,0.00073594
4135059456,1305811.3,-0.001871,0.28628,0.001475,-0.234375,0.0,0.9285,0.7676,0.00153,0.001661,0.002584,4.70876,19.204449,0.00080362
4135845888,1301966.1,-0.004648,0.177202,0.001524,-0.219727,0.0,0.9283,0.7691,0.001564,0.00173,0.00227,4.366155,20.886848,0.00076563
4136632320,1298133.5,-0.001117,0.179986,0.001475,-0.220703,0.0,0.928,0.7697,0.001389,0.001363,0.002263,4.396035,20.763563,0.00065817
4137418752,1294302.3,0.006489,0.287001,0.00148,-0.225586,0.0,0.9279,0.7684,0.001308,0.001544,0.002511,4.493485,20.665958,0.00069403
4138205184,1279481.5,-0.006626,0.323134,0.001442,-0.245117,0.0,0.9279,0.7658,0.001617,0.002217,0.003122,4.888664,20.078228,0.00067418
4138991616,1275848.6,0.006213,0.378625,0.001585,-0.248047,0.0,0.928,0.7641,0.001635,0.001723,0.002739,5.09547,19.705236,0.00077591
4139778048,1272237.6,-0.005907,0.318903,0.001514,-0.25,0.0,0.9283,0.7606,0.001227,0.00154,0.002039,4.84246,19.372976,0.00077269
4140564480,1257908.7,0.003715,0.349059,0.001584,-0.248047,0.0,0.9283,0.7566,0.001491,0.001902,0.00316,4.553406,21.076462,0.00077042
4141350912,1254333.2,0.002672,0.289674,0.001566,-0.225586,0.0,0.928,0.7548,0.001241,0.001581,0.00266,4.677001,20.806808,0.00073185
4142137344,1250810.4,-0.001232,0.262262,0.001568,-0.227539,0.0,0.9289,0.756,0.001655,0.001599,0.003003,4.773869,20.622593,0.00076959
4142923776,1247325.5,-0.001207,0.316233,0.001464,-0.22168,0.0,0.9293,0.7543,0.001665,0.001809,0.003245,4.719356,20.717424,0.00077588
4143710208,1232169.8,0.002266,0.300071,0.001729,-0.21875,0.0,0.9297,0.7561,0.001441,0.001794,0.003174,4.674514,19.618301,0.00072724
4144496640,1228772.4,-0.001655,0.253672,0.00158,-0.222656,0.0,0.9297,0.7568,0.001364,0.001855,0.002662,4.409146,21.198437,0.00068547
4145283072,1225404.4,-0.003518,0.242327,0.001597,-0.219727,0.0,0.9299,0.758,0.00167,0.002126,0.003262,4.427306,21.187099,0.00072345
4146069504,1211336.3,0.001197,0.19048,0.001575,-0.214844,0.0,0.9294,0.7587,0.001326,0.001537,0.002351,4.369869,20.891275,0.00080956
4146855936,1208073.2,-0.004085,0.203354,0.001465,-0.210938,0.0,0.9295,0.7605,0.001298,0.001868,0.003303,4.686503,20.364201,0.00065647
4147642368,1201965.3,-0.000873,0.223418,0.001525,-0.216797,0.0,0.9297,0.7594,0.001394,0.001567,0.00273,4.804412,20.233528,0.00064759
4148428800,1198768.5,-0.004228,0.157339,0.001542,-0.214844,0.0,0.9301,0.7605,0.001358,0.001764,0.002663,4.220462,21.501562,0.0007428
4149215232,1184007.1,-0.000331,0.260843,0.001344,-0.222656,0.0,0.9301,0.7617,0.001075,0.001515,0.002557,4.319043,21.473827,0.00075095
4150001664,1180916.8,-0.003964,0.241836,0.001399,-0.225586,0.0,0.9304,0.7623,0.00134,0.001787,0.002882,4.631856,21.073303,0.00071473
4150788096,1177888.2,0.001841,0.203825,0.001467,-0.227539,0.0,0.9306,0.7619,0.001007,0.001611,0.00263,4.57131,20.770084,0.00070876
4151574528,1163698.0,-0.001464,0.244136,0.00144,-0.225586,0.0,0.9311,0.7629,0.001468,0.001798,0.002903,4.863866,19.362738,0.00070663
4152360960,1160708.5,-0.000316,0.242485,0.00158,-0.21875,0.0,0.9307,0.7629,0.002164,0.00169,0.002774,4.547069,21.42836,0.00079317
4153147392,1157682.6,-0.00506,0.217449,0.001732,-0.220703,0.0,0.9309,0.7652,0.001495,0.001757,0.002395,4.498413,21.437927,0.00073312
4153933824,1154725.9,-0.005018,0.167439,0.001576,-0.21875,0.0,0.9304,0.7655,0.001244,0.001507,0.002501,4.614839,21.266449,0.0008297
4154720256,1139823.3,0.003965,0.266679,0.001466,-0.236328,0.0,0.9311,0.77,0.001286,0.001449,0.002343,5.064765,21.16844,0.00068239
4155506688,1136954.0,0.002382,0.263316,0.001349,-0.242188,0.0,0.9315,0.7722,0.001128,0.001606,0.002674,5.343506,20.819315,0.00071291
4156293120,1134106.5,-0.002529,0.228117,0.00141,-0.239258,0.0,0.932,0.7759,0.00165,0.001705,0.002312,5.146864,20.539309,0.00075154
4157079552,1131285.2,0.001914,0.336026,0.001459,-0.242188,0.0,0.933,0.7753,0.001487,0.00165,0.002742,4.718583,21.518288,0.00084154
4157865984,1117523.5,-0.000529,0.346857,0.001676,-0.225586,0.0,0.933,0.7724,0.001582,0.001992,0.002542,4.568079,21.355347,0.00074867
4158652416,1114758.2,0.000475,0.312541,0.001659,-0.231445,0.0,0.9334,0.7715,0.001319,0.001939,0.003082,4.655774,21.050253,0.00068442
4159438848,1111949.1,0.001871,0.27895,0.001703,-0.230469,0.0,0.9338,0.7697,0.00121,0.00157,0.00224,4.944687,20.487534,0.00080895
4160225280,1098925.2,-0.001951,0.296043,0.001529,-0.231445,0.0,0.934,0.7689,0.001259,0.001344,0.002762,4.992236,19.989502,0.00073307
4161011712,1096201.9,-0.000913,0.2515,0.0014,-0.232422,0.0,0.9348,0.7701,0.001553,0.001758,0.002912,4.764878,21.489349,0.00067926
4161798144,1093550.0,-0.00381,0.226058,0.001432,-0.241211,0.0,0.9351,0.7705,0.001169,0.00167,0.003325,4.887605,21.410973,0.00076345
4162584576,1090840.8,0.002963,0.325369,0.001601,-0.245117,0.0,0.9358,0.7737,0.001504,0.001954,0.002925,5.272344,21.008255,0.00075818
4163371008,1078022.0,0.000114,0.327092,0.001663,-0.242188,0.0,0.9357,0.7738,0.001407,0.001852,0.002892,5.14674,20.344189,0.00079899
4164157440,1075504.1,0.003056,0.278925,0.001672,-0.233398,0.0,0.9364,0.7771,0.001335,0.001773,0.002753,5.14963,20.353825,0.00085116
4164943872,1073019.7,-0.001434,0.391155,0.001671,-0.238281,0.0,0.9367,0.7784,0.001339,0.001666,0.002361,5.211234,20.025457,0.00078866
4165730304,1062191.7,-0.002636,0.339489,0.001553,-0.244141,0.0,0.9366,0.777,0.001045,0.001382,0.002442,4.646315,21.786301,0.00080293
4166516736,1059764.3,-0.007754,0.307006,0.001375,-0.230469,0.0,0.9361,0.7745,0.001879,0.00184,0.003252,4.962906,21.342926,0.00067915
4167303168,1057332.9,-0.00267,0.283155,0.001407,-0.232422,0.0,0.9359,0.7724,0.001404,0.001504,0.002717,4.792598,21.168146,0.00070124
4168089600,1054918.2,0.002061,0.294443,0.001535,-0.232422,0.0,0.9356,0.7707,0.001557,0.001616,0.003057,5.17445,20.826597,0.00065692
4168876032,1043240.0,0.003058,0.284157,0.001471,-0.21875,0.0,0.9358,0.7699,0.001271,0.001756,0.00245,4.833901,19.894909,0.0007652
4169662464,1040774.5,0.000764,0.253155,0.001485,-0.211914,0.0,0.936,0.7687,0.001002,0.001755,0.00233,4.265432,21.618132,0.00070412
4170448896,1038417.6,-0.004794,0.331867,0.001449,-0.224609,0.0,0.9368,0.7679,0.001461,0.001899,0.003235,4.442735,21.376297,0.00071948
4171235328,1026838.4,-0.003207,0.303536,0.001571,-0.212891,0.0,0.9364,0.7677,0.001383,0.001771,0.002939,4.79059,21.023121,0.00071009
4172021760,1024549.9,-0.003694,0.326919,0.001723,-0.21582,0.0,0.9361,0.7642,0.001862,0.001711,0.002418,4.850107,20.879076,0.00070821
4172808192,1022301.0,9.7e-05,0.257426,0.001727,-0.208984,0.0,0.9364,0.7631,0.001582,0.001615,0.002911,4.622473,20.632082,0.00078379
4173594624,1020042.2,-0.005439,0.274631,0.001749,-0.198242,0.0,0.9364,0.7616,0.001379,0.001565,0.002704,4.142771,21.512091,0.0006614
4174381056,1010385.3,0.000472,0.253587,0.001588,-0.199219,0.0,0.9365,0.7616,0.001332,0.00155,0.002754,3.960294,22.005936,0.000721
4175167488,1008164.5,0.001524,0.255579,0.001557,-0.205078,0.0,0.937,0.7629,0.001478,0.001831,0.003193,4.250586,21.633373,0.00069791
4175953920,1005971.3,-0.002877,0.156874,0.001601,-0.205078,0.0,0.9377,0.7637,0.001143,0.001534,0.002775,4.363379,21.393993,0.00069436
4176740352,995387.9,-0.00253,0.237353,0.001554,-0.216797,0.0,0.9381,0.7634,0.001283,0.001194,0.002318,4.548522,20.125105,0.00069244
4177526784,993210.3,-0.005136,0.231487,0.001538,-0.214844,0.0,0.9381,0.7607,0.001282,0.001696,0.002508,4.115523,21.853521,0.00075548
4178313216,991050.6,0.004113,0.212599,0.001409,-0.209961,0.0,0.9381,0.7612,0.001151,0.001509,0.002145,4.266566,21.859921,0.00070396
4179099648,988779.4,0.003611,0.193333,0.001332,-0.214844,0.0,0.9385,0.7638,0.001257,0.001714,0.002361,4.501248,21.427519,0.00078447
4179886080,979387.6,0.004538,0.25763,0.001469,-0.220703,0.0,0.938,0.7621,0.001197,0.001608,0.002265,4.641226,21.18976,0.0006593
4180672512,977309.0,-0.007646,0.217299,0.001503,-0.217773,0.0,0.9379,0.763,0.001329,0.001401,0.002198,4.795075,21.033974,0.0006712
4181458944,975119.9,0.000254,0.190761,0.001538,-0.220703,0.0,0.9378,0.7659,0.000986,0.001453,0.001921,4.985963,20.748032,0.00073363
4182245376,973050.1,0.000723,0.250824,0.001468,-0.222656,0.0,0.9376,0.7676,0.001288,0.001419,0.002121,4.409255,21.968239,0.00069418
4183031808,964255.4,-0.000766,0.248765,0.001372,-0.223633,0.0,0.9375,0.7681,0.001145,0.001365,0.00297,4.649873,21.71913,0.00080598
4183818240,962246.7,-0.002577,0.2016,0.001339,-0.217773,0.0,0.9378,0.7699,0.00131,0.001914,0.003181,4.7581,21.590786,0.00066325
4184604672,960253.4,-0.004784,0.134876,0.001399,-0.212891,0.0,0.9374,0.7696,0.001231,0.00146,0.002749,4.508378,21.428228,0.00069878
4185391104,950576.2,-0.00274,0.211347,0.001495,-0.213867,0.0,0.9372,0.7709,0.001225,0.001532,0.002075,4.658961,20.375542,0.00070062
4186177536,948634.9,0.002216,0.304644,0.001613,-0.226562,0.0,0.9369,0.7681,0.0014,0.001442,0.002425,4.358502,21.847578,0.00075643
4186963968,946700.9,-0.003214,0.299114,0.001566,-0.227539,0.0,0.9368,0.766,0.001274,0.001381,0.002605,4.649812,21.712162,0.00078567
4187750400,944776.1,0.00125,0.291294,0.001608,-0.232422,0.0,0.9368,0.7671,0.001266,0.001483,0.002584,4.642226,21.54113,0.00075034
4188536832,935835.2,0.008969,0.441507,0.001546,-0.239258,0.0,0.937,0.7671,0.001424,0.002007,0.003297,5.161977,21.190893,0.00076701
4189323264,933853.2,0.004231,0.424466,0.001624,-0.243164,0.0,0.9371,0.7664,0.001523,0.002088,0.002789,5.267653,20.974625,0.00083025
4190109696,931830.0,-0.005501,0.247382,0.001608,-0.231445,0.0,0.9372,0.7661,0.001273,0.00161,0.002786,5.109357,20.520168,0.0007791
4190896128,922122.3,-0.002331,0.340686,0.001526,-0.228516,0.0,0.9376,0.768,0.001261,0.001367,0.002477,4.560674,22.346029,0.00073952
4191682560,920264.8,-0.000216,0.227402,0.001403,-0.219727,0.0,0.9385,0.772,0.001625,0.001495,0.003069,4.693212,21.961332,0.00077489
4192468992,918420.9,0.001765,0.129897,0.00134,-0.222656,0.0,0.9392,0.7766,0.001603,0.001208,0.002073,4.67315,21.483578,0.0006833
4193255424,916571.3,0.003274,0.243988,0.001391,-0.225586,0.0,0.9399,0.7808,0.001327,0.001352,0.002391,4.802204,21.388037,0.00069312
4194041856,908379.1,0.0025,0.2827,0.001617,-0.225586,0.0,0.9401,0.7813,0.001347,0.001686,0.003153,4.945203,20.420214,0.00078134
4194828288,906578.3,0.002027,0.29305,0.001579,-0.227539,0.0,0.9407,0.7826,0.001731,0.001789,0.002873,4.568918,22.02877,0.00073808
4195614720,904825.3,-0.003938,0.226362,0.001614,-0.22168,0.0,0.9397,0.7821,0.001658,0.001773,0.002948,4.839001,21.713955,0.00080772
4196401152,896020.1,0.000888,0.233199,0.001573,-0.230469,0.0,0.9392,0.785,0.001455,0.001713,0.002532,4.87373,21.422262,0.00071817
4197187584,894213.9,-0.006498,0.210506,0.00132,-0.226562,0.0,0.9397,0.7892,0.001493,0.002041,0.003094,4.961965,20.915442,0.00075876
4197974016,892496.8,-0.002928,0.148456,0.001344,-0.227539,0.0,0.9389,0.7874,0.001234,0.001471,0.002342,5.023649,20.623304,0.0006639
4198760448,890744.2,-0.001297,0.208369,0.001354,-0.230469,0.0,0.9387,0.7887,0.001185,0.001567,0.002447,4.912742,20.714445,0.00060625
4199546880,883635.3,0.00171,0.253905,0.001502,-0.226562,0.0,0.9386,0.7873,0.001589,0.001547,0.002458,4.619932,21.610455,0.00069969
4200333312,881938.4,-0.002521,0.200488,0.001429,-0.226562,0.0,0.9384,0.7898,0.001089,0.001532,0.002472,4.657521,21.298231,0.00074346
4201119744,880274.8,0.002093,0.172577,0.00149,-0.21582,0.0,0.9382,0.7904,0.001144,0.0015,0.002573,4.750913,21.000204,0.00072657
4201906176,872689.0,0.001072,0.154846,0.001615,-0.21582,0.0,0.9385,0.7922,0.001027,0.001413,0.002008,4.970753,19.954882,0.00069767
4202692608,871088.7,0.002471,0.242752,0.001579,-0.217773,0.0,0.9385,0.7914,0.001301,0.001671,0.002242,4.386867,20.579412,0.00083
4203479040,869433.5,0.004716,0.259825,0.001592,-0.220703,0.0,0.9378,0.7906,0.001497,0.002006,0.002081,4.295334,21.952246,0.00078424
4204265472,867834.2,0.001325,0.266527,0.001572,-0.223633,0.0,0.9379,0.7905,0.001541,0.001328,0.002309,4.456083,21.549255,0.00067832
4205051904,860194.4,-0.001553,0.225709,0.001609,-0.226562,0.0,0.938,0.7917,0.00155,0.001574,0.002531,4.619408,21.470718,0.00065098
4205838336,858608.8,0.006692,0.192531,0.001632,-0.223633,0.0,0.9381,0.7926,0.001159,0.001339,0.002377,4.837184,20.805798,0.00071783
4206624768,856964.9,-0.006433,0.190137,0.00152,-0.223633,0.0,0.9379,0.7937,0.001293,0.001352,0.002552,4.97151,20.906837,0.00072587
4207411200,855339.4,-0.003227,0.243692,0.001518,-0.229492,0.0,0.9379,0.7925,0.001437,0.001346,0.002696,4.71095,21.206352,0.00076547
4208197632,846203.7,-0.000815,0.311696,0.001436,-0.232422,0.0,0.938,0.791,0.001261,0.001601,0.003119,4.775076,21.191521,0.00070812
4208984064,844666.3,-0.002223,0.211681,0.001438,-0.227539,0.0,0.9378,0.7915,0.00157,0.00175,0.003109,4.631046,21.473877,0.00071162
4209770496,843127.6,-0.00266,0.211943,0.001342,-0.22168,0.0,0.9378,0.7942,0.001349,0.001544,0.002356,4.873007,21.113832,0.00076947
4210556928,835841.8,0.001385,0.25503,0.001546,-0.217773,0.0,0.9376,0.7943,0.00189,0.001805,0.002528,4.737623,20.330862,0.0007613
4211343360,834368.2,0.003058,0.1431,0.001436,-0.197266,0.0,0.9382,0.8001,0.001803,0.001261,0.001969,4.164511,21.774527,0.00073523
4212129792,832882.7,-0.003124,0.115294,0.001506,-0.203125,0.0,0.9376,0.8044,0.001316,0.001502,0.001686,4.308604,21.806747,0.00073989
4212916224,831421.3,0.002406,0.24506,0.001484,-0.208008,0.0,0.9379,0.8101,0.002308,0.001816,0.002213,4.249631,21.545424,0.00075175
4213702656,824524.4,-0.003361,0.295411,0.001514,-0.230469,0.0,0.938,0.8106,0.00113,0.001366,0.002078,5.059707,21.091948,0.00067394
4214489088,823083.3,-0.004309,0.272331,0.001374,-0.235352,0.0,0.9374,0.8078,0.001189,0.001747,0.002311,4.896941,20.674694,0.000659
4215275520,821659.7,0.002999,0.292042,0.001407,-0.235352,0.0,0.9374,0.8074,0.001297,0.001679,0.002504,5.053201,20.40246,0.00071335
4216061952,815019.0,-0.002453,0.329406,0.00139,-0.235352,0.0,0.9367,0.8021,0.001075,0.001448,0.002607,4.70721,22.047768,0.00070563
4216848384,813646.1,-0.000289,0.361398,0.001549,-0.226562,0.0,0.9364,0.7996,0.001409,0.001882,0.002904,4.772909,21.789038,0.0007617
4217634816,812282.7,0.00551,0.252274,0.001625,-0.210938,0.0,0.9366,0.8003,0.001915,0.001745,0.003398,4.457559,21.948042,0.00073296
4218421248,810876.0,0.003799,0.195206,0.001648,-0.210938,0.0,0.937,0.8015,0.00201,0.001792,0.003869,4.787449,21.386595,0.00064435
4219207680,804822.1,-0.005648,0.251818,0.001732,-0.21875,0.0,0.9372,0.8015,0.001661,0.001656,0.002714,4.972064,21.008982,0.00068349
4219994112,803473.9,-0.001085,0.237959,0.001581,-0.216797,0.0,0.9376,0.8018,0.001291,0.001783,0.002322,4.467209,22.256096,0.00081198
4220780544,802112.0,0.00352,0.218698,0.001628,-0.211914,0.0,0.937,0.8013,0.001401,0.00166,0.002568,4.324981,22.251577,0.000698
4221566976,795847.8,0.000998,0.267874,0.001625,-0.216797,0.0,0.937,0.8024,0.00132,0.001552,0.00264,4.839171,22.05374,0.00063983
4222353408,794514.1,-0.001388,0.329177,0.001624,-0.220703,0.0,0.9371,0.8003,0.001783,0.001871,0.002727,4.730746,21.336538,0.00069962
4223139840,793177.8,0.002624,0.335881,0.001416,-0.222656,0.0,0.937,0.7982,0.001318,0.00175,0.002961,4.87454,21.193024,0.00076479
4223926272,791857.8,-0.004218,0.204618,0.00141,-0.228516,0.0,0.9366,0.7956,0.001189,0.001418,0.001984,4.943666,21.212181,0.00068402
4224712704,785857.5,0.001236,0.308026,0.001468,-0.223633,0.0,0.9363,0.7934,0.001181,0.001802,0.002988,4.532427,22.094397,0.00072171
4225499136,784480.9,0.004237,0.274318,0.001376,-0.219727,0.0,0.9366,0.7941,0.001176,0.001803,0.002585,4.747437,21.806158,0.00074883
4226285568,783152.8,-0.002031,0.193192,0.00141,-0.223633,0.0,0.936,0.7912,0.001039,0.001622,0.002458,4.923835,21.51968,0.00072399
4227072000,777701.8,0.003736,0.170564,0.00143,-0.223633,0.0,0.936,0.7926,0.00123,0.001472,0.001723,5.209035,20.337311,0.00065622
4227858432,776426.4,0.002141,0.23041,0.001329,-0.222656,0.0,0.9357,0.7923,0.001234,0.00156,0.002554,4.79455,20.764891,0.00075173
4228644864,775147.9,-0.003664,0.158965,0.001394,-0.214844,0.0,0.9362,0.7937,0.001154,0.002081,0.002222,4.525159,22.276937,0.00071437
4229431296,773907.1,0.000746,0.134937,0.001347,-0.219727,0.0,0.9357,0.7934,0.001303,0.001415,0.002007,4.566301,21.786764,0.00075689
4230217728,768020.0,-0.000975,0.194017,0.001512,-0.217773,0.0,0.9363,0.7946,0.001046,0.001539,0.00191,4.62829,21.736526,0.00070141
4231004160,766781.3,-0.007597,0.144269,0.001377,-0.208008,0.0,0.9364,0.7966,0.000847,0.001081,0.001974,4.811671,21.263737,0.00072929
4231790592,765567.3,0.003776,0.204078,0.00134,-0.205078,0.0,0.9365,0.7965,0.001006,0.00156,0.002189,4.884358,21.167126,0.00074232
4232577024,764355.0,0.001897,0.169422,0.001325,-0.205078,0.0,0.9364,0.7978,0.001049,0.001134,0.002284,4.290106,21.917959,0.00073213
4233363456,758443.1,0.008379,0.235891,0.001378,-0.217773,0.0,0.9361,0.797,0.001819,0.001656,0.002753,4.470895,21.973402,0.00065871
4234149888,757238.9,-0.004832,0.248254,0.001458,-0.209961,0.0,0.9363,0.7978,0.001275,0.001637,0.002775,4.584216,22.172491,0.00072951
4234936320,756037.2,-0.004169,0.186998,0.00147,-0.212891,0.0,0.9369,0.7998,0.001214,0.001379,0.002356,4.776627,22.106323,0.00064156
4235722752,750383.5,-0.007224,0.216141,0.001454,-0.214844,0.0,0.9367,0.795,0.001038,0.001678,0.002275,4.929527,21.341583,0.00066619
4236509184,749217.1,0.000569,0.323341,0.001457,-0.22168,0.0,0.9369,0.7927,0.00148,0.001962,0.002749,4.698234,22.61939,0.00073604
4237295616,748045.0,0.001391,0.299587,0.001412,-0.22168,0.0,0.9364,0.7895,0.001293,0.001825,0.002425,4.732596,22.665564,0.00081415
4238082048,746893.6,-0.008243,0.261106,0.001457,-0.233398,0.0,0.9369,0.7937,0.001556,0.001719,0.002485,4.724332,22.573759,0.00072252
4238868480,741032.3,-0.000531,0.206938,0.001564,-0.214844,0.0,0.9372,0.7961,0.001575,0.00181,0.002366,4.857264,21.954794,0.00067738
4239654912,739866.5,0.000129,0.188956,0.001556,-0.21582,0.0,0.9382,0.8006,0.001208,0.001483,0.002455,4.766109,21.868587,0.00073609
4240441344,738730.3,-0.000137,0.179078,0.001542,-0.205078,0.0,0.9385,0.8033,0.001452,0.00138,0.002069,4.779291,21.832748,0.00071593
4241227776,734002.3,-0.00019,0.184026,0.001577,-0.212891,0.0,0.9386,0.8052,0.001183,0.001705,0.002101,4.432855,22.439215,0.00056088
4242014208,732876.1,-0.001198,0.189497,0.001561,-0.214844,0.0,0.9392,0.8083,0.001382,0.001639,0.002427,4.544258,22.080685,0.00075741
4242800640,731765.4,-0.000178,0.219788,0.001472,-0.219727,0.0,0.9397,0.8099,0.001463,0.001692,0.002612,4.695898,21.765953,0.00075392
4243587072,730661.5,-0.004161,0.117539,0.001451,-0.219727,0.0,0.9401,0.8125,0.001118,0.001257,0.002276,4.577132,21.454458,0.00068181
4244373504,726338.6,-0.003115,0.218272,0.001532,-0.240234,0.0,0.9403,0.8126,0.001287,0.00146,0.002188,5.4915,20.88291,0.00074184
4245159936,725239.1,-0.003766,0.245146,0.001481,-0.237305,0.0,0.94,0.8108,0.001182,0.0017,0.002831,4.934025,22.018982,0.00078702
4245946368,724157.3,0.001922,0.235357,0.001476,-0.231445,0.0,0.9403,0.8163,0.001356,0.001784,0.002607,4.945446,22.240925,0.00070571
4246732800,719985.2,0.002418,0.199148,0.001662,-0.224609,0.0,0.9404,0.8174,0.001137,0.001664,0.002202,4.414066,22.110962,0.00070226
4247519232,718922.3,0.001258,0.159833,0.001503,-0.210938,0.0,0.9407,0.8201,0.001261,0.001563,0.002077,4.640657,21.770401,0.00072405
4248305664,717862.8,-0.005349,0.175453,0.0015,-0.216797,0.0,0.9406,0.8197,0.001234,0.001765,0.002364,4.582381,21.194626,0.00068898
4249092096,716803.6,-0.003296,0.179157,0.001457,-0.214844,0.0,0.9407,0.8211,0.001242,0.001595,0.002312,4.641054,20.943298,0.0007498
4249878528,712663.2,-0.001872,0.273657,0.001397,-0.231445,0.0,0.9407,0.8198,0.001423,0.001742,0.003158,4.703571,22.048285,0.00069259
4250664960,711596.7,0.000321,0.394399,0.001442,-0.241211,0.0,0.9416,0.8183,0.001184,0.00175,0.002777,4.871793,22.009075,0.00076729
4251451392,710528.6,-0.003323,0.287527,0.001501,-0.238281,0.0,0.9419,0.8159,0.001194,0.001912,0.003158,5.137,21.801041,0.00072003
4252237824,705984.9,0.000444,0.327841,0.001532,-0.228516,0.0,0.9425,0.8138,0.001224,0.001339,0.002193,5.290248,20.824373,0.00082619
4253024256,704961.6,-0.001412,0.340649,0.00143,-0.222656,0.0,0.9427,0.8114,0.00136,0.001207,0.001896,4.852822,21.46118,0.00073281
4253810688,703929.3,0.004864,0.378237,0.001435,-0.232422,0.0,0.9427,0.8067,0.001402,0.001465,0.00249,4.734008,22.19685,0.00076428
4254597120,702920.2,-0.002524,0.349185,0.001456,-0.241211,0.0,0.9428,0.804,0.001473,0.001625,0.002418,4.972865,21.952251,0.00064656
4255383552,697938.5,-0.00279,0.306222,0.001549,-0.238281,0.0,0.9431,0.8043,0.001233,0.001266,0.001759,5.064849,22.309622,0.00073863
4256169984,696931.2,0.000436,0.294987,0.001593,-0.234375,0.0,0.9429,0.8028,0.001279,0.001773,0.003068,5.003253,21.953613,0.00087322
4256956416,695864.6,-0.007436,0.303857,0.001478,-0.234375,0.0,0.9424,0.801,0.001672,0.001785,0.002646,5.148583,21.684401,0.0007078
4257742848,694842.1,-0.001825,0.225892,0.001486,-0.22168,0.0,0.9416,0.8009,0.001196,0.001449,0.002355,5.022504,21.574089,0.00078795
4258529280,691242.7,0.001202,0.280449,0.001543,-0.231445,0.0,0.9412,0.8003,0.001946,0.001739,0.001876,4.9898,22.670858,0.00077143
4259315712,690265.5,0.00394,0.298439,0.001448,-0.231445,0.0,0.9404,0.7974,0.001603,0.001539,0.002501,5.070223,22.216167,0.00076741
4260102144,689275.8,0.005726,0.317341,0.001541,-0.233398,0.0,0.9403,0.797,0.001064,0.001379,0.001996,5.266746,21.946068,0.00075763
4260888576,685493.7,0.000892,0.325812,0.001477,-0.227539,0.0,0.9401,0.7975,0.001233,0.001524,0.00194,4.705903,21.021595,0.00070197
4261675008,684497.4,0.003951,0.316775,0.001519,-0.212891,0.0,0.9404,0.7981,0.001569,0.001444,0.002048,4.645717,21.193087,0.00075759
4262461440,683494.9,0.002766,0.247946,0.001499,-0.211914,0.0,0.9398,0.7952,0.001385,0.001271,0.002143,4.709735,22.164984,0.00084951
4263247872,682463.6,0.001578,0.298355,0.001462,-0.210938,0.0,0.9392,0.7942,0.001724,0.001488,0.002185,4.790972,22.332954,0.00072434
4264034304,675432.9,-0.002939,0.261259,0.00145,-0.213867,0.0,0.9386,0.7915,0.001326,0.001657,0.003326,4.947713,22.426914,0.00068424
4264820736,674442.7,-0.003797,0.212312,0.001469,-0.213867,0.0,0.938,0.7873,0.001174,0.001586,0.002501,4.619913,22.320013,0.00075862
4265607168,673468.4,-0.006141,0.196926,0.001487,-0.21582,0.0,0.9376,0.786,0.001208,0.001397,0.002587,4.813158,21.87019,0.00077407
4266393600,669380.3,0.007659,0.20417,0.001569,-0.208008,0.0,0.9379,0.7876,0.001331,0.001224,0.002607,4.332965,22.519562,0.0006769
4267180032,668443.1,0.002548,0.169576,0.001712,-0.198242,0.0,0.938,0.786,0.00138,0.001507,0.002158,4.39291,22.937851,0.00068712
4267966464,667502.5,-0.005608,0.145201,0.001661,-0.200195,0.0,0.9386,0.7885,0.001402,0.001646,0.00211,4.386815,22.577129,0.00067567
4268752896,666581.0,0.00178,0.132741,0.001652,-0.205078,0.0,0.9392,0.7906,0.001089,0.001416,0.002202,4.629314,22.389492,0.00062689
4269539328,662562.4,-0.001429,0.212483,0.001728,-0.208984,0.0,0.9391,0.7894,0.001121,0.001396,0.002761,5.078617,21.571564,0.0007156
4270325760,661621.4,0.003067,0.256668,0.001569,-0.211914,0.0,0.9389,0.7859,0.000891,0.001264,0.002241,4.226208,22.876486,0.00071523
4271112192,660700.2,-0.001779,0.299936,0.001541,-0.21875,0.0,0.9391,0.7839,0.001131,0.001449,0.002231,4.378794,22.546474,0.00079359
4271898624,657127.4,0.002392,0.219385,0.001488,-0.21875,0.0,0.9382,0.7793,0.000919,0.001256,0.001914,4.401813,22.923359,0.00074533
4272685056,656225.9,-0.004899,0.223145,0.001578,-0.22168,0.0,0.9387,0.7815,0.00145,0.001913,0.002672,4.804931,22.15914,0.00072736
4273471488,655318.4,-0.004297,0.245589,0.001575,-0.21875,0.0,0.9385,0.7819,0.001394,0.001896,0.002536,5.238708,21.645529,0.00077074
4274257920,654420.2,0.001791,0.255099,0.001611,-0.21875,0.0,0.938,0.78,0.001097,0.001706,0.002195,4.874805,21.716858,0.00071756
4275044352,651053.7,0.004673,0.246747,0.001553,-0.220703,0.0,0.9379,0.7807,0.001111,0.001683,0.002202,4.767638,22.661335,0.00070453
4275830784,650185.3,0.002823,0.207244,0.001483,-0.217773,0.0,0.9378,0.7838,0.001509,0.001399,0.002506,4.827437,22.374929,0.00066885
4276617216,649322.1,-0.003693,0.126482,0.001418,-0.212891,0.0,0.9378,0.7876,0.001532,0.001195,0.002528,4.936939,22.343792,0.00074966
4277403648,645497.6,-0.000969,0.228912,0.00162,-0.216797,0.0,0.938,0.7903,0.000874,0.001291,0.002182,5.187201,21.152645,0.00075464
4278190080,644621.5,0.003367,0.359618,0.001615,-0.220703,0.0,0.9375,0.7873,0.001169,0.001327,0.002074,4.709462,21.56459,0.00083612
4278976512,643759.0,0.000136,0.385553,0.001617,-0.226562,0.0,0.9373,0.7853,0.001493,0.001781,0.002154,4.825994,22.483923,0.00085411
4279762944,642885.5,0.002823,0.321719,0.001548,-0.233398,0.0,0.9371,0.7828,0.001378,0.001526,0.002558,4.781096,22.828629,0.00078709
4280549376,638646.3,0.001001,0.324923,0.001482,-0.231445,0.0,0.9373,0.7831,0.00126,0.00146,0.002435,5.216324,22.504345,0.00074074
4281335808,637817.0,0.002762,0.28788,0.001311,-0.230469,0.0,0.9374,0.7813,0.001323,0.001533,0.002778,5.493658,22.004284,0.00079815
4282122240,636960.0,0.002271,0.317702,0.001328,-0.220703,0.0,0.9382,0.7831,0.001214,0.001315,0.002367,5.383643,22.078093,0.00073415
4282908672,636138.9,0.003656,0.31358,0.001311,-0.230469,0.0,0.9388,0.7844,0.001097,0.001226,0.002792,5.004697,22.033165,0.00076223
4283695104,631673.5,0.003517,0.294917,0.001408,-0.223633,0.0,0.9383,0.783,0.001131,0.001602,0.002484,4.640184,23.108868,0.00077741
4284481536,630874.1,-0.003414,0.233748,0.001432,-0.222656,0.0,0.938,0.7836,0.001306,0.001499,0.002468,5.136159,22.82041,0.00072654
4285267968,630083.5,0.00059,0.281595,0.001472,-0.230469,0.0,0.9375,0.7825,0.001247,0.00155,0.002312,5.213042,22.640884,0.00073171
4286054400,625847.0,-0.000609,0.266156,0.001446,-0.223633,0.0,0.9372,0.7816,0.001105,0.001578,0.00296,5.077003,21.523022,0.00069113
4286840832,625060.7,-0.001612,0.196385,0.001515,-0.217773,0.0,0.9371,0.7837,0.001108,0.001293,0.002545,4.932588,21.59108,0.00076946
4287627264,624276.4,0.005891,0.262707,0.001526,-0.219727,0.0,0.937,0.7822,0.00109,0.001211,0.002586,4.739529,22.682775,0.00081861
4288413696,623493.9,-0.002927,0.256942,0.001464,-0.227539,0.0,0.9367,0.7833,0.001539,0.001332,0.002656,4.825964,22.584953,0.00076069
4289200128,620032.0,-0.008706,0.206576,0.001442,-0.214844,0.0,0.9361,0.7826,0.001682,0.001682,0.002747,4.663157,22.295851,0.0006851
4289986560,619268.3,0.001382,0.198165,0.001551,-0.202148,0.0,0.9356,0.7816,0.001446,0.001374,0.002178,4.493737,21.993149,0.00071534
4290772992,618502.3,-0.003428,0.194884,0.001435,-0.205078,0.0,0.9354,0.7821,0.001041,0.001436,0.002257,4.56376,21.933735,0.00067759
4291559424,613950.4,0.000985,0.159867,0.001449,-0.206055,0.0,0.9353,0.782,0.00131,0.001095,0.001949,4.108155,22.909401,0.00064952
4292345856,613191.6,0.001545,0.225769,0.001626,-0.212891,0.0,0.9348,0.7801,0.001712,0.001535,0.002463,4.48083,22.659727,0.00070303
4293132288,612453.0,0.002857,0.152265,0.001562,-0.205078,0.0,0.9348,0.7801,0.001697,0.001198,0.001916,4.764105,22.235588,0.00078177
4293918720,611713.0,0.001736,0.245764,0.00168,-0.211914,0.0,0.9343,0.7798,0.001408,0.001437,0.001599,4.733957,22.030533,0.00081028
4294705152,608142.7,-0.007568,0.199522,0.001738,-0.209961,0.0,0.9354,0.7863,0.000964,0.001674,0.002713,4.930932,22.150345,0.0007696
4295491584,607406.4,-0.001071,0.262027,0.001626,-0.208008,0.0,0.9355,0.7895,0.001285,0.001469,0.002427,4.571846,23.097092,0.00084621
4296278016,606673.8,-0.000314,0.216642,0.001543,-0.204102,0.0,0.9355,0.7911,0.001236,0.001326,0.002626,4.479965,23.365444,0.00081326
4297064448,602709.3,0.0002,0.241091,0.001565,-0.205078,0.0,0.9355,0.7937,0.00144,0.001411,0.002444,5.006008,23.403534,0.00066896
4297850880,601991.7,-0.002002,0.243771,0.001419,-0.211914,0.0,0.9354,0.7954,0.001038,0.001752,0.002566,4.997483,22.891113,0.00072254
4298637312,601263.1,-0.005261,0.32846,0.001675,-0.210938,0.0,0.9352,0.794,0.001509,0.001706,0.002637,4.788903,22.821608,0.00067776
4299423744,600549.5,-0.008051,0.205943,0.001456,-0.200195,0.0,0.9346,0.7924,0.001103,0.001575,0.002291,4.763131,22.467129,0.00074052
4300210176,597214.1,0.005074,0.222459,0.001457,-0.195312,0.0,0.9341,0.7904,0.001166,0.001292,0.002709,4.431583,23.390663,0.00060702
4300996608,596428.1,-0.000643,0.195846,0.001414,-0.191406,0.0,0.9334,0.7885,0.001145,0.001561,0.002252,4.261293,23.137869,0.00072867
4301783040,595651.6,0.003104,0.210062,0.001431,-0.192383,0.0,0.9331,0.7897,0.001109,0.00136,0.002218,4.186136,23.03537,0.00064234
4302569472,592127.9,0.001989,0.234087,0.001439,-0.199219,0.0,0.933,0.7914,0.001111,0.001396,0.002044,4.832848,22.096504,0.00065064
4303355904,591441.6,-0.003646,0.207378,0.001465,-0.196289,0.0,0.934,0.797,0.000954,0.001325,0.002371,4.691719,22.659225,0.00071386
4304142336,590743.1,0.00283,0.248707,0.001468,-0.201172,0.0,0.9346,0.8007,0.001179,0.001483,0.0026,4.325722,23.542145,0.0007671
4304928768,590045.8,0.000439,0.241855,0.001551,-0.202148,0.0,0.9351,0.8036,0.001229,0.001317,0.002447,4.499258,23.101593,0.00072358
4305715200,586263.9,-0.00156,0.245335,0.001554,-0.203125,0.0,0.9354,0.8046,0.001206,0.001601,0.002572,4.885647,22.875502,0.00067877
4306501632,585535.8,-0.000654,0.207363,0.001564,-0.204102,0.0,0.9357,0.807,0.001195,0.001421,0.002588,4.531632,22.522751,0.00070536
4307288064,584844.0,-0.000627,0.227027,0.001427,-0.198242,0.0,0.9365,0.8094,0.00071,0.001098,0.001951,4.547489,22.456945,0.0007009
4308074496,584083.4,0.00469,0.180589,0.001393,-0.198242,0.0,0.9366,0.81,0.001302,0.001391,0.002444,4.788033,22.177252,0.00071024
4308860928,580366.1,-0.001955,0.270531,0.00151,-0.209961,0.0,0.9366,0.8091,0.00118,0.001391,0.002299,4.491213,23.363142,0.00071257
4309647360,579645.2,-0.000777,0.160614,0.001434,-0.201172,0.0,0.9374,0.8112,0.001324,0.001428,0.002453,4.609172,23.204123,0.00065033
4310433792,578919.8,0.000484,0.16558,0.001466,-0.196289,0.0,0.9385,0.8143,0.001064,0.001414,0.002507,4.491238,23.295469,0.00066389
4311220224,574778.6,-0.002516,0.170865,0.001497,-0.200195,0.0,0.9386,0.815,0.000882,0.001154,0.001894,4.582352,22.435089,0.00065851
4312006656,574078.8,0.0052,0.203571,0.001457,-0.201172,0.0,0.9396,0.8189,0.000836,0.001373,0.002121,4.672325,22.181112,0.00059398
4312793088,573348.8,0.000828,0.23956,0.001472,-0.205078,0.0,0.9396,0.8185,0.001121,0.001442,0.00199,4.35642,23.453915,0.0006996
4313579520,572617.0,-0.005507,0.138033,0.001579,-0.197266,0.0,0.9396,0.8193,0.001651,0.001113,0.001862,4.435063,23.404181,0.00072253
4314365952,569497.4,-0.003567,0.124899,0.001424,-0.200195,0.0,0.9409,0.8225,0.001089,0.001239,0.002624,4.616338,23.454266,0.0007501
4315152384,568863.2,0.003267,0.217126,0.001484,-0.198242,0.0,0.9415,0.8238,0.000998,0.001244,0.002287,4.667654,23.366318,0.00073695
4315938816,568188.1,0.001381,0.187159,0.001449,-0.202148,0.0,0.942,0.8242,0.000991,0.00116,0.002069,4.599749,23.328543,0.00070547
4316725248,564747.2,-9e-05,0.302152,0.001429,-0.211914,0.0,0.9426,0.8244,0.001313,0.001416,0.0026,4.882247,23.594397,0.00073513
4317511680,564097.4,-0.001548,0.278358,0.001454,-0.219727,0.0,0.9427,0.8238,0.001267,0.001646,0.003136,5.105623,23.318279,0.00072458
4318298112,563470.0,-0.006374,0.30248,0.001514,-0.217773,0.0,0.9424,0.8182,0.001052,0.001142,0.002334,5.022772,23.125443,0.00072156
4319084544,562850.7,-0.003484,0.272553,0.001476,-0.21582,0.0,0.9425,0.8167,0.000946,0.001158,0.002409,5.034686,22.970531,0.000783
4319870976,559252.4,0.002991,0.255167,0.001452,-0.209961,0.0,0.9423,0.8137,0.001173,0.001488,0.002148,4.954137,22.520638,0.0006739
4320657408,558589.4,-0.008829,0.177859,0.001359,-0.207031,0.0,0.942,0.8129,0.001035,0.001258,0.002014,5.058951,22.325977,0.00075365
4321443840,557921.5,0.001554,0.287348,0.001352,-0.222656,0.0,0.9423,0.814,0.000956,0.001295,0.001929,4.816622,23.140755,0.0007496
4322230272,554007.8,-0.00213,0.291826,0.001404,-0.21875,0.0,0.9425,0.814,0.001292,0.001579,0.002395,4.694747,23.538847,0.0007177
4323016704,553367.1,-0.003621,0.184517,0.001437,-0.211914,0.0,0.9432,0.8162,0.001543,0.001441,0.00234,4.772995,22.895094,0.00083583
4323803136,552718.3,-0.003282,0.166532,0.001423,-0.209961,0.0,0.9442,0.8182,0.00112,0.001139,0.001615,4.788533,22.708172,0.00074996
4324589568,552061.7,-0.006708,0.151304,0.00142,-0.208008,0.0,0.9447,0.8196,0.000852,0.001236,0.001995,4.92457,22.450222,0.00071825
4325376000,546789.6,0.002514,0.185753,0.001349,-0.210938,0.0,0.9452,0.8219,0.000939,0.001578,0.002188,4.679888,23.523273,0.00077909
4326162432,546211.1,9.5e-05,0.208886,0.001298,-0.207031,0.0,0.9451,0.8218,0.000892,0.001237,0.002481,4.476732,23.805906,0.00073971
4326948864,545475.7,-0.000394,0.237858,0.001355,-0.208984,0.0,0.945,0.8217,0.001157,0.001288,0.002053,4.72317,23.588158,0.00072959
4327735296,540579.9,0.000343,0.151973,0.001399,-0.204102,0.0,0.945,0.8216,0.001268,0.001178,0.001912,4.937922,22.3414,0.00064636
4328521728,539999.4,-0.005671,0.259145,0.001266,-0.208008,0.0,0.9451,0.8212,0.001373,0.001527,0.00232,5.204108,22.36433,0.0007296
4329308160,539370.1,0.001871,0.203835,0.001226,-0.211914,0.0,0.9448,0.8191,0.001621,0.001821,0.002566,4.465735,23.415792,0.0006788
4330094592,538779.1,0.005897,0.251605,0.001278,-0.208984,0.0,0.9446,0.8189,0.001288,0.001228,0.001744,4.569528,23.523846,0.00067894
4330881024,533975.4,0.003287,0.197927,0.001417,-0.206055,0.0,0.944,0.8178,0.001298,0.001342,0.002486,4.563237,23.009771,0.00073871
4331667456,533410.1,0.003611,0.188498,0.001433,-0.199219,0.0,0.9438,0.8191,0.000866,0.001053,0.001934,4.698958,22.82341,0.00074953
4332453888,532838.2,-0.001052,0.230817,0.001434,-0.205078,0.0,0.9431,0.8161,0.001208,0.001169,0.002065,4.822722,22.14492,0.00075694
4333240320,532294.2,0.000874,0.217839,0.001438,-0.207031,0.0,0.9429,0.816,0.001063,0.001202,0.00242,4.68432,22.265707,0.00069435
4334026752,528388.4,-0.00217,0.211924,0.001417,-0.212891,0.0,0.9425,0.8143,0.001328,0.001666,0.002014,4.577075,23.163855,0.00074297
4334813184,527856.8,0.002852,0.224585,0.001453,-0.21582,0.0,0.9423,0.8139,0.001081,0.001836,0.002304,4.59725,23.179571,0.00090892
4335599616,527325.2,0.004211,0.197614,0.001464,-0.217773,0.0,0.9424,0.8135,0.000825,0.001449,0.001963,4.723374,22.938278,0.00075485
4336386048,522831.2,0.001284,0.190025,0.001419,-0.208984,0.0,0.9428,0.8138,0.001166,0.001404,0.002158,4.902327,22.592968,0.0006584
4337172480,522311.7,0.001353,0.183357,0.001314,-0.202148,0.0,0.9425,0.8122,0.001121,0.001359,0.001915,4.587128,22.437592,0.00077073
4337958912,521759.7,-0.00267,0.190548,0.001262,-0.201172,0.0,0.9423,0.8134,0.00124,0.001283,0.001811,4.576989,23.132671,0.00077245
4338745344,521187.4,0.003789,0.135473,0.001263,-0.205078,0.0,0.9422,0.814,0.001213,0.00128,0.002145,4.337006,23.330238,0.00066755
4339531776,517630.4,0.001986,0.197073,0.001391,-0.213867,0.0,0.9424,0.8154,0.001456,0.001589,0.0023,4.629073,23.055601,0.00075501
4340318208,517110.1,-0.005792,0.162266,0.001407,-0.206055,0.0,0.9421,0.8157,0.001538,0.001239,0.001781,4.807636,22.906349,0.00078034
4341104640,516567.5,0.005074,0.255576,0.001453,-0.21582,0.0,0.9428,0.8216,0.001245,0.001536,0.002216,4.959111,22.800728,0.00073564
4341891072,512466.2,-0.005439,0.166915,0.001359,-0.208984,0.0,0.9429,0.8212,0.001352,0.001433,0.001963,4.640108,23.101665,0.00074736
4342677504,511961.8,-0.000883,0.295015,0.001252,-0.210938,0.0,0.9435,0.8238,0.000894,0.00139,0.0022,4.428654,23.641788,0.00074751
4343463936,511410.5,-0.001956,0.221288,0.001272,-0.209961,0.0,0.9436,0.8222,0.000965,0.001543,0.001964,4.514002,23.211807,0.00071677
4344250368,510857.7,-0.002464,0.252234,0.001288,-0.213867,0.0,0.9437,0.8247,0.001043,0.001275,0.001758,4.977256,22.835928,0.00077462
4345036800,507940.2,-0.003083,0.226809,0.001367,-0.224609,0.0,0.9442,0.8263,0.001219,0.001629,0.002174,5.232565,21.781403,0.00072661
4345823232,507419.0,0.003839,0.323397,0.001335,-0.219727,0.0,0.9442,0.8237,0.001329,0.001526,0.002702,5.115044,21.707348,0.00078495
4346609664,506914.0,0.000937,0.242173,0.001399,-0.21875,0.0,0.9436,0.8186,0.001594,0.001555,0.002802,4.460739,23.211071,0.00075371
4347396096,504210.4,-0.001394,0.275827,0.001572,-0.211914,0.0,0.9433,0.8176,0.001153,0.001359,0.002026,4.465319,23.75581,0.00075338
4348182528,503727.3,-0.000935,0.237073,0.001509,-0.205078,0.0,0.9426,0.8135,0.001578,0.001945,0.002049,4.669274,23.045544,0.00073223
4348968960,503235.2,-0.001313,0.200798,0.001511,-0.206055,0.0,0.9421,0.8114,0.001788,0.001493,0.001926,4.763794,22.717682,0.00076239
4349755392,502693.5,0.011178,0.35351,0.001465,-0.210938,0.0,0.9424,0.8113,0.001429,0.001386,0.001875,4.940446,22.701523,0.00074385
4350541824,500271.2,-0.003662,0.221776,0.0014,-0.206055,0.0,0.9418,0.8086,0.000999,0.001552,0.00183,4.520564,23.369457,0.00079611
4351328256,499790.9,0.002133,0.197027,0.001412,-0.21582,0.0,0.9414,0.8084,0.001024,0.001413,0.002111,4.869693,22.956388,0.00071856
4352114688,499324.3,0.000223,0.271463,0.001419,-0.222656,0.0,0.9408,0.8072,0.000923,0.001663,0.002162,5.147743,22.611446,0.00071962
4352901120,496885.7,0.001602,0.235813,0.001462,-0.21875,0.0,0.9408,0.8091,0.00097,0.001542,0.002538,5.32748,22.024557,0.00070593
4353687552,496422.3,0.002735,0.207054,0.001646,-0.220703,0.0,0.9405,0.8084,0.001549,0.001325,0.002144,5.4607,22.539364,0.00078663
4354473984,495917.0,-0.003148,0.26596,0.001593,-0.21875,0.0,0.9402,0.8049,0.001579,0.001501,0.002475,4.511668,23.381964,0.00081754
4355260416,495421.3,-0.00041,0.266232,0.00157,-0.22168,0.0,0.9404,0.8038,0.001245,0.001107,0.002213,4.776859,23.467993,0.00087618
4356046848,492563.7,-0.006269,0.166338,0.00147,-0.216797,0.0,0.9396,0.8014,0.001192,0.001321,0.001967,4.757113,23.224188,0.00075384
4356833280,492077.6,-0.002912,0.230318,0.001347,-0.214844,0.0,0.9397,0.8026,0.001056,0.001592,0.00182,5.331299,22.897507,0.0007389
4357619712,491568.6,-0.003239,0.174006,0.001318,-0.210938,0.0,0.9397,0.8023,0.001046,0.001623,0.002119,5.007939,22.686077,0.00075291
4358406144,488950.6,-0.000788,0.151416,0.001285,-0.207031,0.0,0.9394,0.8021,0.001041,0.001279,0.001934,5.002793,22.605911,0.00073016
4359192576,488483.0,0.001156,0.27911,0.001455,-0.21582,0.0,0.9398,0.8025,0.001075,0.001262,0.001986,4.820444,23.507149,0.0007169
4359979008,487987.0,0.003291,0.332729,0.00143,-0.22168,0.0,0.9402,0.8026,0.001057,0.001358,0.002105,5.085815,23.417404,0.00086158
4360765440,487497.4,-0.000217,0.199436,0.001404,-0.216797,0.0,0.9403,0.8015,0.001123,0.001281,0.002399,4.974093,23.149374,0.00067823
4361551872,484881.9,-0.002255,0.226299,0.001464,-0.217773,0.0,0.9398,0.7976,0.001253,0.001374,0.002165,4.937175,22.639057,0.00069596
4362338304,484381.8,0.001021,0.148057,0.001394,-0.208008,0.0,0.9393,0.7957,0.001303,0.001415,0.001772,4.899469,22.450478,0.0007748
4363124736,483928.2,-0.00273,0.255103,0.001515,-0.217773,0.0,0.9394,0.7951,0.001277,0.001462,0.001959,4.575573,23.516571,0.0008029
4363911168,483453.8,-0.003996,0.229841,0.001482,-0.211914,0.0,0.9384,0.7898,0.00108,0.001162,0.002073,4.809609,23.357983,0.00079193
4364697600,480881.3,0.005177,0.234065,0.001457,-0.208008,0.0,0.9388,0.7921,0.001215,0.001552,0.002498,4.799127,23.038418,0.00077834
4365484032,480426.4,0.003385,0.161531,0.001491,-0.201172,0.0,0.9387,0.7922,0.000982,0.00123,0.002425,4.723431,22.966274,0.00074667
4366270464,479954.1,-0.002927,0.147633,0.001452,-0.201172,0.0,0.9384,0.7923,0.000801,0.001138,0.001782,4.760505,22.761854,0.00073389
4367056896,477255.9,9.4e-05,0.163314,0.001451,-0.206055,0.0,0.9382,0.7924,0.001075,0.001235,0.00167,4.437406,23.674101,0.00076291
4367843328,476795.6,0.002712,0.27257,0.001689,-0.203125,0.0,0.9386,0.7949,0.00115,0.001435,0.001774,4.64852,23.941753,0.00069275
4368629760,476331.7,-0.001879,0.23149,0.001729,-0.199219,0.0,0.9388,0.7967,0.001147,0.001433,0.001736,4.543854,23.449614,0.00077768
4369416192,475865.1,-0.00311,0.196518,0.001601,-0.200195,0.0,0.9388,0.7975,0.000916,0.001255,0.001714,4.58793,23.5406,0.00083691
4370202624,473518.9,-0.002296,0.209964,0.001635,-0.199219,0.0,0.9388,0.7982,0.00119,0.001339,0.001717,4.83306,22.876471,0.00072599
4370989056,473102.9,-0.008373,0.126397,0.001488,-0.191406,0.0,0.9394,0.8056,0.001157,0.001197,0.002159,4.516273,22.690407,0.00076061
4371775488,472648.4,-0.000996,0.135597,0.001475,-0.194336,0.0,0.9398,0.8072,0.000965,0.00133,0.001919,4.410525,23.560207,0.00073519
4372561920,470337.1,0.004529,0.315494,0.001501,-0.201172,0.0,0.9406,0.8099,0.000952,0.001498,0.001955,4.422174,24.058136,0.00066879
4373348352,469851.3,-0.004162,0.183378,0.001464,-0.200195,0.0,0.941,0.8107,0.001041,0.00144,0.001996,4.615011,23.528545,0.00068147
4374134784,469438.5,0.000978,0.208757,0.001439,-0.200195,0.0,0.9413,0.8116,0.001286,0.001458,0.002306,4.704093,23.166027,0.00076972
4374921216,469022.1,-0.008053,0.185511,0.001449,-0.201172,0.0,0.9421,0.8117,0.001182,0.001593,0.002327,4.922646,22.727514,0.00079011
4375707648,466970.0,0.001071,0.232856,0.001408,-0.204102,0.0,0.9425,0.8126,0.001082,0.001319,0.002195,4.610314,23.785332,0.0006865
4376494080,466569.4,-0.004802,0.177429,0.001377,-0.201172,0.0,0.9429,0.8152,0.001325,0.00122,0.002046,4.626096,23.627981,0.00075504
4377280512,466173.3,0.007391,0.220527,0.001304,-0.207031,0.0,0.944,0.8199,0.001073,0.001233,0.001837,4.731718,23.48962,0.00077214
4378066944,463835.0,-0.003501,0.146821,0.001366,-0.208984,0.0,0.9446,0.8247,0.00099,0.001104,0.001488,4.764165,22.405149,0.00078283
4378853376,463412.6,-0.003789,0.228835,0.001422,-0.208008,0.0,0.9452,0.8267,0.00092,0.001109,0.001419,4.997694,22.545277,0.0006618
4379639808,463020.7,0.003918,0.242889,0.001414,-0.208008,0.0,0.9458,0.8271,0.001051,0.001334,0.001788,4.870187,22.541708,0.0007767
4380426240,462626.7,-0.000103,0.13876,0.001415,-0.206055,0.0,0.9459,0.8278,0.000993,0.001366,0.001994,4.59181,23.602102,0.00074085
4381212672,460493.7,0.000468,0.246891,0.001545,-0.209961,0.0,0.9461,0.8272,0.001452,0.001448,0.002268,4.648403,23.541828,0.00076461
4381999104,460068.1,-0.004104,0.344844,0.001499,-0.223633,0.0,0.9464,0.824,0.001095,0.001472,0.002532,5.474058,23.449039,0.00083695
4382785536,459655.3,-0.000781,0.302081,0.001563,-0.223633,0.0,0.946,0.8214,0.001192,0.00143,0.002341,5.059552,23.147482,0.00073263
4383571968,457470.2,0.003749,0.177626,0.001477,-0.216797,0.0,0.9456,0.821,0.002173,0.001184,0.002073,5.138772,21.670589,0.00076932
4384358400,457078.0,0.003106,0.241097,0.001493,-0.207031,0.0,0.9457,0.8219,0.001196,0.001397,0.002434,4.615627,23.96249,0.00075529
4385144832,456664.6,-0.000759,0.168097,0.001442,-0.208984,0.0,0.9458,0.8243,0.001254,0.001291,0.002435,4.807596,23.732769,0.00076166
4385931264,456259.8,0.003719,0.185913,0.001489,-0.207031,0.0,0.9457,0.8244,0.000855,0.000933,0.001805,4.73582,23.587997,0.00073946
4386717696,454051.8,-0.000332,0.217974,0.001595,-0.214844,0.0,0.9462,0.8281,0.001359,0.001248,0.00179,5.365891,22.93788,0.00072461
4387504128,453668.4,0.003823,0.321716,0.001407,-0.224609,0.0,0.9462,0.8258,0.000926,0.001481,0.001836,5.433427,22.593948,0.00077841
4388290560,453291.9,0.000876,0.278288,0.001337,-0.232422,0.0,0.9461,0.8232,0.001092,0.001317,0.001959,4.870055,23.209229,0.00080819
4389076992,452904.8,0.002144,0.281885,0.001386,-0.240234,0.0,0.9459,0.8207,0.001314,0.001318,0.001984,5.389621,23.204695,0.00074312
4389863424,450208.2,0.001536,0.238827,0.001529,-0.230469,0.0,0.9458,0.8214,0.001369,0.001621,0.002319,4.920101,22.918865,0.00082263
4390649856,449844.5,-0.001279,0.192124,0.001562,-0.225586,0.0,0.9447,0.8177,0.001021,0.001372,0.002748,4.967161,22.544682,0.0007254
4391436288,449480.0,0.002642,0.177495,0.001523,-0.219727,0.0,0.9443,0.8183,0.001186,0.001365,0.002569,5.100696,22.234442,0.00078653
4392222720,446839.0,-0.001157,0.214714,0.001486,-0.216797,0.0,0.9436,0.8161,0.001065,0.001061,0.002325,4.582097,23.428997,0.00084913
4393009152,446478.0,0.001219,0.186354,0.001419,-0.222656,0.0,0.9429,0.8146,0.001302,0.001195,0.001992,4.883909,23.350044,0.00077493
4393795584,446117.4,0.002786,0.149704,0.001402,-0.219727,0.0,0.9429,0.8168,0.001212,0.001247,0.002073,4.899795,23.153374,0.00075531
4394582016,445742.4,0.001098,0.156053,0.001419,-0.219727,0.0,0.9423,0.8161,0.000878,0.001023,0.002274,4.968627,22.708145,0.00074023
4395368448,443898.0,0.002896,0.338458,0.001429,-0.242188,0.0,0.9418,0.8118,0.0011,0.001545,0.002194,6.038682,22.6609,0.00066279
4396154880,443540.4,-0.006479,0.294959,0.001402,-0.246094,0.0,0.9417,0.8105,0.000898,0.001271,0.001977,5.715756,22.208691,0.00070944
4396941312,443144.6,-0.001626,0.186382,0.001589,-0.231445,0.0,0.9408,0.8083,0.001177,0.001356,0.002225,5.007844,23.818493,0.00077307
4397727744,441301.9,0.000686,0.22275,0.001457,-0.229492,0.0,0.9403,0.8079,0.001215,0.00098,0.00191,4.92895,24.354811,0.0008034
4398514176,440952.5,0.000832,0.24408,0.001688,-0.223633,0.0,0.9401,0.8088,0.001388,0.001298,0.002511,5.279815,23.526543,0.00082537
4399300608,440601.6,-0.004046,0.20611,0.00157,-0.224609,0.0,0.9391,0.8083,0.001029,0.001198,0.00224,5.56163,23.230377,0.00080355
4400087040,440250.6,-0.003914,0.218866,0.001519,-0.227539,0.0,0.9383,0.8044,0.0014,0.00123,0.001957,5.237767,22.91683,0.00072651
4400873472,437839.1,0.005505,0.190674,0.001507,-0.21875,0.0,0.9382,0.8039,0.00119,0.001433,0.002367,4.690588,23.595814,0.00073015
4401659904,437475.0,-0.008272,0.134258,0.001435,-0.208984,0.0,0.9379,0.8034,0.001037,0.001197,0.001804,4.688351,23.436344,0.00074114
4402446336,437115.7,0.004538,0.173776,0.001518,-0.203125,0.0,0.938,0.8034,0.000922,0.001187,0.001866,4.683012,23.393749,0.00068255
4403232768,435372.4,0.003419,0.150081,0.001434,-0.205078,0.0,0.9379,0.8066,0.001011,0.000881,0.001671,5.048231,22.630239,0.00069538
4404019200,435029.0,-0.007487,0.166935,0.001377,-0.204102,0.0,0.9382,0.8077,0.000877,0.001268,0.001716,5.002978,22.700573,0.00078048
4404805632,434637.6,0.003082,0.19854,0.00141,-0.204102,0.0,0.9383,0.8083,0.000737,0.001149,0.001793,4.775078,22.608112,0.00080102
4405592064,434254.3,-0.001468,0.145485,0.001375,-0.201172,0.0,0.9383,0.8096,0.00091,0.00105,0.001597,4.701421,23.528561,0.00066448
4406378496,432421.6,0.00193,0.179821,0.00142,-0.210938,0.0,0.9385,0.8129,0.000921,0.001192,0.002359,4.615101,23.475372,0.00066445
4407164928,432061.5,-0.005999,0.199627,0.00145,-0.208984,0.0,0.9389,0.8161,0.001285,0.001369,0.002546,4.822786,23.296223,0.00073467
4407951360,431685.6,-0.001756,0.208862,0.00143,-0.214844,0.0,0.9392,0.8161,0.001084,0.001102,0.00194,5.320032,22.73732,0.00075915
4408737792,429692.3,0.004086,0.222847,0.001378,-0.21875,0.0,0.9392,0.8136,0.000959,0.00122,0.002036,5.41608,21.18676,0.0008189
4409524224,429356.2,-0.00343,0.194147,0.001564,-0.21582,0.0,0.9396,0.8128,0.001157,0.001537,0.00173,4.658068,23.566381,0.0007809
4410310656,428984.4,0.00241,0.286248,0.001567,-0.222656,0.0,0.9399,0.8102,0.001374,0.001436,0.001862,4.787672,23.467749,0.00076914
4411097088,428646.2,0.004539,0.263466,0.001584,-0.208008,0.0,0.9399,0.8087,0.001231,0.001556,0.001961,4.823207,23.296753,0.00076355
4411883520,426835.2,-0.006227,0.239756,0.001721,-0.210938,0.0,0.9401,0.8094,0.000999,0.001183,0.001812,4.68841,22.760815,0.00075609
4412669952,426470.6,0.006503,0.260548,0.001673,-0.202148,0.0,0.9407,0.8131,0.000913,0.001283,0.002057,4.60851,22.362232,0.00075003
4413456384,426134.9,-0.000863,0.228241,0.001655,-0.205078,0.0,0.9404,0.8115,0.001045,0.001074,0.001857,4.344373,23.498611,0.00073156
4414242816,425771.5,0.003864,0.237144,0.001616,-0.213867,0.0,0.94,0.8089,0.000943,0.001147,0.001791,4.487937,23.332687,0.00073234
4415029248,423128.5,0.003778,0.183863,0.001352,-0.207031,0.0,0.9402,0.8097,0.001269,0.001372,0.002645,4.914391,23.26676,0.00067303
4415815680,422791.3,0.001165,0.177696,0.001347,-0.206055,0.0,0.941,0.8123,0.00118,0.001297,0.002281,4.731894,23.228481,0.00077741
4416602112,422443.3,0.00021,0.12446,0.001324,-0.204102,0.0,0.9409,0.8123,0.000859,0.001045,0.002496,4.771849,22.878866,0.00076194
4417388544,420551.0,0.002439,0.22037,0.001346,-0.209961,0.0,0.9417,0.8148,0.000956,0.001169,0.002215,4.540499,23.312429,0.00073382
4418174976,420197.2,-0.003061,0.183199,0.001538,-0.206055,0.0,0.9421,0.8139,0.001081,0.001273,0.002444,4.324604,23.883884,0.00076682
4418961408,419837.4,0.001794,0.16781,0.001568,-0.203125,0.0,0.9424,0.818,0.001055,0.001255,0.002173,4.815358,23.561291,0.00067285
4419747840,419483.9,-0.006761,0.180655,0.001466,-0.209961,0.0,0.9429,0.8207,0.001089,0.001146,0.002125,4.753578,23.348288,0.00076159
4420534272,417446.1,0.003681,0.253978,0.001433,-0.22168,0.0,0.9431,0.8202,0.00104,0.001191,0.002034,4.899907,22.646709,0.00066401
4421320704,417115.0,0.003239,0.279114,0.001556,-0.219727,0.0,0.9433,0.8195,0.000893,0.0011,0.001821,5.419301,22.134855,0.00083192
4422107136,416777.0,-0.012358,0.187897,0.001426,-0.22168,0.0,0.9433,0.8182,0.001162,0.001194,0.002146,4.996677,23.498047,0.00085351
4422893568,414979.9,0.001561,0.325648,0.001394,-0.232422,0.0,0.9431,0.8147,0.001333,0.001263,0.002005,4.744577,23.754612,0.00081014
4423680000,414637.3,-0.002977,0.135683,0.001358,-0.211914,0.0,0.9441,0.8188,0.001084,0.000897,0.001773,4.863666,23.282154,0.00081916
4424466432,414320.9,-0.001353,0.231673,0.001434,-0.219727,0.0,0.9442,0.8178,0.001397,0.001352,0.002224,4.993756,23.115149,0.00084053
4425252864,413986.9,0.004509,0.193388,0.001298,-0.214844,0.0,0.9446,0.8164,0.001072,0.001228,0.001907,5.244554,22.695732,0.00077208
4426039296,412066.8,-0.003798,0.216856,0.001458,-0.210938,0.0,0.9444,0.8152,0.001168,0.001181,0.002221,4.657094,23.602598,0.00082781
4426825728,411741.7,-0.00416,0.214001,0.001514,-0.208008,0.0,0.9444,0.8148,0.001063,0.00133,0.00235,4.823052,23.614548,0.00077024
4427612160,411436.0,-0.004951,0.121393,0.001444,-0.200195,0.0,0.9441,0.8144,0.001057,0.001394,0.002233,4.583779,23.416424,0.00069883
4428398592,409593.7,-0.003437,0.224797,0.001513,-0.21582,0.0,0.9443,0.8155,0.001221,0.001229,0.00211,4.790452,22.87631,0.00073372
4429185024,409292.7,0.002917,0.249522,0.001604,-0.209961,0.0,0.9445,0.815,0.001525,0.001583,0.002359,4.932382,22.94754,0.00074961
4429971456,408984.2,-0.002823,0.213796,0.001572,-0.209961,0.0,0.9445,0.8141,0.001029,0.001488,0.00201,4.705516,22.779173,0.0007285
4430757888,408662.1,0.005731,0.276059,0.001683,-0.209961,0.0,0.9447,0.8143,0.000736,0.001124,0.001846,4.711996,23.739384,0.00077683
4431544320,406766.9,0.004232,0.208621,0.001636,-0.206055,0.0,0.9449,0.8167,0.001007,0.001334,0.001714,4.528305,24.032024,0.00075531
4432330752,406434.1,0.002232,0.201943,0.001693,-0.197266,0.0,0.9449,0.818,0.001026,0.001251,0.001933,4.702979,23.228405,0.00078406
4433117184,406105.5,-0.004354,0.186577,0.00158,-0.202148,0.0,0.9447,0.8204,0.00092,0.001285,0.002066,4.857234,23.384762,0.0007285
4433903616,404163.6,0.001532,0.288762,0.001565,-0.205078,0.0,0.944,0.8191,0.00091,0.001184,0.002239,5.309722,22.104584,0.00073297
4434690048,403840.7,-0.002522,0.227964,0.001639,-0.21582,0.0,0.944,0.8191,0.000937,0.001294,0.001977,4.824154,23.826271,0.000744
4435476480,403538.0,-0.003955,0.300686,0.001604,-0.217773,0.0,0.944,0.8184,0.000853,0.001295,0.002424,5.029024,23.750906,0.00075642
4436262912,403235.5,-0.000824,0.238556,0.001609,-0.217773,0.0,0.9443,0.8197,0.000808,0.001186,0.001661,4.899641,23.760998,0.00076603
4437049344,401173.8,0.002854,0.236029,0.001617,-0.212891,0.0,0.9442,0.8193,0.001321,0.001192,0.002329,4.998742,23.515629,0.00074833
4437835776,400862.4,0.001355,0.219719,0.0015,-0.216797,0.0,0.9448,0.8216,0.00085,0.001113,0.002186,4.993327,22.8974,0.00069475
4438622208,400574.6,0.000288,0.219948,0.001372,-0.210938,0.0,0.9444,0.8203,0.001069,0.001309,0.002074,4.972509,22.67445,0.00076334
4439408640,400257.9,-0.000463,0.21681,0.001465,-0.216797,0.0,0.9437,0.8177,0.001108,0.001281,0.001928,4.740749,23.758835,0.00069196
4440195072,398511.4,0.005706,0.243949,0.001534,-0.217773,0.0,0.9433,0.816,0.001441,0.001245,0.001609,4.995792,23.491278,0.00079246
4440981504,398228.7,-0.008775,0.125202,0.001581,-0.217773,0.0,0.9424,0.8144,0.002015,0.001342,0.002135,4.9191,23.198994,0.00074677
4441767936,397935.8,-0.003083,0.147513,0.0015,-0.219727,0.0,0.9418,0.8146,0.00107,0.001285,0.001903,5.157581,22.608541,0.00069354
4442554368,396200.4,-0.004928,0.143706,0.001534,-0.21875,0.0,0.9405,0.8128,0.000995,0.00131,0.002082,5.12919,21.956924,0.00065433
4443340800,395896.2,0.004776,0.282759,0.001359,-0.220703,0.0,0.9406,0.8123,0.000958,0.001396,0.002129,4.965644,23.923397,0.00079502
4444127232,395566.3,0.000332,0.181002,0.001332,-0.217773,0.0,0.9407,0.8141,0.001022,0.001272,0.002321,5.042647,23.661469,0.00078313
4444913664,395249.9,0.004157,0.236063,0.001321,-0.227539,0.0,0.9409,0.8152,0.000845,0.001098,0.001816,5.215282,23.839722,0.00077336
4445700096,393307.0,0.003897,0.170746,0.001521,-0.216797,0.0,0.9411,0.8171,0.000822,0.001165,0.002221,5.178232,22.820845,0.00079917
4446486528,393023.5,-0.009371,0.169093,0.001428,-0.213867,0.0,0.9414,0.8215,0.000972,0.001176,0.0018,4.950561,22.6506,0.0006949
4447272960,392739.4,0.00109,0.188215,0.001411,-0.208008,0.0,0.9408,0.82,0.00096,0.001,0.001574,4.757469,24.24221,0.00071848
4448059392,390894.1,-0.000969,0.163682,0.001343,-0.21582,0.0,0.9399,0.8202,0.000875,0.001222,0.001877,5.099018,24.068739,0.00066853
4448845824,390625.9,-0.00029,0.17389,0.001418,-0.213867,0.0,0.9396,0.8186,0.00094,0.001282,0.00222,4.99065,23.622295,0.00079135
4449632256,390355.9,-0.001247,0.207944,0.001494,-0.213867,0.0,0.9393,0.8173,0.000994,0.00118,0.002004,5.177874,23.208664,0.0008206
4450418688,390089.3,-0.000839,0.160494,0.001551,-0.211914,0.0,0.9399,0.8189,0.000871,0.001085,0.002289,5.128949,23.218657,0.00074496
4451205120,388390.1,-0.001668,0.149453,0.001515,-0.208008,0.0,0.9395,0.8173,0.001167,0.000983,0.002219,5.004014,24.296797,0.00076709
4451991552,388124.8,0.000494,0.250743,0.001562,-0.21582,0.0,0.9398,0.8167,0.000992,0.001201,0.002299,4.887754,24.003227,0.00077709
4452777984,387858.2,-0.003119,0.232016,0.001536,-0.21582,0.0,0.9394,0.8152,0.001075,0.001266,0.00208,4.871324,23.924179,0.00082794
4453564416,386131.2,-0.005989,0.152787,0.001631,-0.213867,0.0,0.9394,0.8173,0.00097,0.001161,0.002059,5.404987,23.319159,0.000786
4454350848,385853.5,0.000878,0.304432,0.001635,-0.224609,0.0,0.9395,0.8175,0.000935,0.001148,0.001741,5.340143,23.349548,0.00074956
4455137280,385569.3,-0.004478,0.282056,0.001557,-0.222656,0.0,0.9387,0.812,0.001318,0.001432,0.002265,5.170417,23.110493,0.00077704
4455923712,385278.4,0.004657,0.285819,0.001526,-0.21582,0.0,0.9385,0.8108,0.001046,0.00113,0.002159,5.226657,23.746387,0.00076984
4456710144,383670.0,0.003369,0.21847,0.001509,-0.213867,0.0,0.938,0.8084,0.001007,0.001409,0.002157,4.817006,24.41127,0.00076802
4457496576,383377.4,-0.000418,0.184583,0.001482,-0.208008,0.0,0.9384,0.8123,0.000825,0.001316,0.001816,4.794629,24.180609,0.00080586
4458283008,383111.6,-0.00309,0.17341,0.001501,-0.211914,0.0,0.9379,0.8138,0.000797,0.001178,0.001813,5.188577,23.855253,0.00087378
4459069440,381300.9,-0.008187,0.159374,0.001398,-0.21875,0.0,0.9373,0.8144,0.00103,0.00131,0.001748,5.837736,21.824657,0.0008623
4459855872,381034.0,0.002551,0.167451,0.001378,-0.21582,0.0,0.9375,0.8155,0.001021,0.001021,0.001982,5.044788,24.276487,0.00073591
4460642304,380781.1,0.001536,0.209029,0.001411,-0.222656,0.0,0.9375,0.8161,0.001047,0.0012,0.002048,4.848849,24.180984,0.00070032
4461428736,380523.3,0.00239,0.139042,0.001317,-0.217773,0.0,0.9376,0.8163,0.000976,0.001288,0.002131,4.929893,23.89868,0.00074751
4462215168,378948.9,-0.001715,0.17535,0.001466,-0.220703,0.0,0.9382,0.8186,0.000806,0.001008,0.00157,5.440235,23.380011,0.00068996
4463001600,378663.0,-0.005344,0.256694,0.001454,-0.225586,0.0,0.9387,0.8184,0.001212,0.001223,0.001799,5.396803,23.076061,0.00076212
4463788032,378385.6,0.004915,0.266986,0.00148,-0.21875,0.0,0.9393,0.8162,0.001124,0.001096,0.001764,5.107889,23.000931,0.00085267
4464574464,378129.2,-0.001302,0.167263,0.001453,-0.216797,0.0,0.9397,0.8163,0.001077,0.000916,0.0017,4.868815,24.139578,0.0007345
4465360896,376470.5,0.001917,0.227854,0.00143,-0.223633,0.0,0.9398,0.815,0.000835,0.0012,0.001685,5.336506,24.028313,0.00068986
4466147328,376205.7,0.004689,0.18112,0.001441,-0.21875,0.0,0.9404,0.8163,0.000912,0.00134,0.001904,5.292865,23.568624,0.00078867
4466933760,375949.7,-0.002025,0.189603,0.001388,-0.214844,0.0,0.9397,0.8152,0.001181,0.001088,0.001869,5.062372,23.312752,0.00080039
4467720192,374561.7,0.005992,0.26769,0.001484,-0.213867,0.0,0.9398,0.8156,0.001085,0.001028,0.001719,4.767098,22.555897,0.00073509
4468506624,374319.0,0.000931,0.239661,0.001506,-0.209961,0.0,0.9392,0.8143,0.001155,0.001103,0.00217,4.744217,24.006351,0.00076351
4469293056,374043.8,0.005048,0.216043,0.001553,-0.207031,0.0,0.9389,0.8141,0.00102,0.001057,0.002575,4.71557,23.907919,0.00082023
4470079488,373775.9,-0.001169,0.174365,0.001546,-0.204102,0.0,0.9381,0.8115,0.001084,0.001019,0.002298,4.620488,23.931931,0.00080776
4470865920,372312.2,0.006413,0.248717,0.00147,-0.207031,0.0,0.9386,0.8121,0.001374,0.00112,0.002289,4.897452,23.487387,0.0007036
4471652352,372048.0,-0.002052,0.205663,0.001448,-0.208008,0.0,0.9386,0.8115,0.00114,0.001157,0.001823,5.009392,23.19615,0.00068112
4472438784,371783.5,0.000527,0.200356,0.001381,-0.209961,0.0,0.9387,0.8119,0.001066,0.000967,0.001737,4.6324,24.274252,0.00076711
4473225216,370265.1,-0.00336,0.197409,0.001412,-0.213867,0.0,0.9382,0.8103,0.000977,0.001193,0.002323,4.775515,24.611191,0.00073084
4474011648,370001.2,-0.004615,0.217135,0.001375,-0.22168,0.0,0.9388,0.813,0.00106,0.001322,0.002148,5.001206,24.061827,0.00069764
4474798080,369738.6,-0.002833,0.127631,0.00143,-0.213867,0.0,0.9387,0.8124,0.00086,0.001235,0.001692,5.33298,23.530754,0.0006079
4475584512,369480.8,-0.000599,0.183005,0.001348,-0.217773,0.0,0.9387,0.8133,0.000668,0.001014,0.0015,5.516757,23.13332,0.00072752
4476370944,368016.5,-0.003068,0.16972,0.001402,-0.217773,0.0,0.9383,0.8143,0.000715,0.000968,0.001551,4.76705,23.824997,0.00067056
4477157376,367756.6,0.003447,0.194724,0.001369,-0.209961,0.0,0.9381,0.8143,0.000858,0.001062,0.001541,4.687189,23.679693,0.00072455
4477943808,367514.8,-0.00249,0.159946,0.001389,-0.209961,0.0,0.9382,0.8181,0.00099,0.001055,0.001598,4.707294,23.618343,0.00074311
4478730240,366082.7,-0.003095,0.201965,0.001494,-0.22168,0.0,0.9379,0.8221,0.000983,0.001142,0.00183,5.046129,23.508879,0.00069508
4479516672,365837.7,0.000914,0.249506,0.001607,-0.227539,0.0,0.9373,0.82,0.001344,0.001307,0.002494,5.421073,23.325186,0.00075109
4480303104,365603.4,0.001643,0.209241,0.00152,-0.222656,0.0,0.9375,0.8216,0.00125,0.001394,0.001837,5.603333,23.036152,0.00074124
4481089536,365350.3,-0.001438,0.238053,0.001518,-0.232422,0.0,0.9372,0.82,0.001927,0.001034,0.001586,5.227014,24.280178,0.00086334
4481875968,363964.4,-0.000232,0.219263,0.00148,-0.228516,0.0,0.9371,0.8185,0.000859,0.001299,0.002227,5.266308,23.858772,0.00077473
4482662400,363735.9,-0.006977,0.171711,0.00142,-0.224609,0.0,0.9377,0.8186,0.000848,0.001254,0.001859,5.01147,23.717876,0.00077192
4483448832,363504.7,0.004313,0.143028,0.001417,-0.219727,0.0,0.9377,0.8186,0.000767,0.001182,0.001798,5.171096,23.769232,0.00082682
4484235264,362262.2,-0.003677,0.14444,0.001422,-0.214844,0.0,0.9378,0.8194,0.000891,0.0012,0.00212,5.701398,22.123283,0.00067433
4485021696,362020.5,-0.003859,0.158733,0.001479,-0.214844,0.0,0.9375,0.8182,0.000872,0.001481,0.001825,4.813366,24.519461,0.00076499
4485808128,361796.4,-0.00104,0.223276,0.0015,-0.222656,0.0,0.9375,0.8174,0.000791,0.001261,0.001987,5.201808,24.426071,0.00071613
4486594560,361567.5,0.00024,0.221168,0.001399,-0.222656,0.0,0.9372,0.8175,0.000873,0.001359,0.002045,5.272868,24.25787,0.00080931
4487380992,360194.6,0.002648,0.171968,0.001487,-0.220703,0.0,0.9376,0.8215,0.000713,0.001227,0.001479,5.446492,23.690155,0.00067104
4488167424,359973.4,-0.001179,0.263024,0.001569,-0.219727,0.0,0.9375,0.8213,0.00116,0.001125,0.001764,5.258798,23.295713,0.00070706
4488953856,359752.5,0.004345,0.217521,0.001435,-0.224609,0.0,0.938,0.8214,0.000863,0.001323,0.001648,5.046011,22.677288,0.00072159
4489740288,359517.4,-0.002388,0.182121,0.001446,-0.220703,0.0,0.9383,0.8222,0.000763,0.001031,0.001461,4.911338,23.713202,0.00079395
4490526720,357765.1,0.000657,0.18783,0.001309,-0.227539,0.0,0.9389,0.8245,0.000923,0.001305,0.00203,5.41729,23.509819,0.00070836
4491313152,357517.8,0.003323,0.162777,0.00132,-0.219727,0.0,0.9393,0.8265,0.000762,0.00109,0.001514,5.233388,23.615459,0.00071181
4492099584,357269.1,0.001712,0.222642,0.001288,-0.227539,0.0,0.94,0.8297,0.000732,0.001142,0.001892,5.428672,23.475311,0.00081275
4492886016,355918.2,-0.002465,0.169643,0.001471,-0.225586,0.0,0.9405,0.8297,0.000948,0.001095,0.001907,5.527181,22.258947,0.0007386
4493672448,355686.3,0.002541,0.285384,0.001602,-0.229492,0.0,0.9412,0.8294,0.001383,0.001105,0.002311,4.981243,24.135208,0.0007528
4494458880,355465.0,0.004745,0.278168,0.001506,-0.224609,0.0,0.9412,0.8293,0.001337,0.001296,0.002402,5.157868,23.718521,0.00077971
4495245312,355247.7,0.004763,0.237224,0.001571,-0.227539,0.0,0.9419,0.8306,0.00124,0.001314,0.002255,5.105148,23.613943,0.00079295
4496031744,353900.8,-0.005438,0.18681,0.001415,-0.220703,0.0,0.9418,0.829,0.000799,0.001149,0.001807,5.206364,23.005346,0.00073353
4496818176,353684.6,0.001156,0.204409,0.001307,-0.21582,0.0,0.942,0.8298,0.000582,0.000903,0.001652,5.287642,22.805426,0.00076581
4497604608,353467.8,-0.000354,0.178569,0.001292,-0.213867,0.0,0.9424,0.8311,0.000973,0.001137,0.001749,4.931518,22.82391,0.00078032
4498391040,352245.0,0.000264,0.208281,0.001316,-0.214844,0.0,0.9429,0.8331,0.000919,0.000976,0.001653,4.905645,23.936825,0.00076849
4499177472,352032.5,-0.003061,0.218164,0.001393,-0.211914,0.0,0.9425,0.8307,0.000906,0.001086,0.001995,4.665678,23.644085,0.00072521
4499963904,351803.2,0.002792,0.190832,0.0014,-0.209961,0.0,0.9423,0.8288,0.00078,0.001135,0.001991,4.805281,23.479147,0.00076238
4500750336,351568.4,-0.002987,0.193534,0.001442,-0.208008,0.0,0.9425,0.8286,0.000685,0.001154,0.001825,4.728909,23.390671,0.00070167
4501536768,332244.9,0.001314,0.204555,0.001473,-0.208008,0.0,0.9424,0.8261,0.001035,0.001146,0.002354,4.982527,22.391928,0.00068312
4502323200,332059.4,0.005491,0.234851,0.001486,-0.213867,0.0,0.943,0.8249,0.000886,0.00097,0.001929,4.707787,24.196539,0.00079185
4503109632,331876.7,0.000436,0.236958,0.001483,-0.208984,0.0,0.9433,0.824,0.001053,0.00108,0.001889,4.852272,23.89756,0.00068533
4503896064,330528.0,-0.004118,0.168746,0.001526,-0.204102,0.0,0.9438,0.8244,0.000724,0.000877,0.001602,4.635296,24.147741,0.00071419
4504682496,330336.4,0.000702,0.241647,0.001511,-0.204102,0.0,0.9451,0.8294,0.000945,0.000975,0.001715,5.278602,23.61541,0.00075546
4505468928,330133.0,0.002597,0.266303,0.001514,-0.21582,0.0,0.9455,0.8296,0.001327,0.001316,0.001925,5.075004,23.485386,0.00070753
4506255360,329930.3,-0.002829,0.222252,0.00148,-0.210938,0.0,0.9461,0.8286,0.001114,0.0009,0.001578,4.917643,24.062817,0.00079305
4507041792,328607.0,0.000465,0.202561,0.001482,-0.211914,0.0,0.9463,0.829,0.001011,0.001058,0.001826,4.805883,24.097965,0.00075263
4507828224,328422.6,-0.005663,0.204261,0.001554,-0.208008,0.0,0.9462,0.8287,0.001296,0.00134,0.002275,4.821847,23.845098,0.00071077
4508614656,328233.7,-0.001284,0.191782,0.001468,-0.207031,0.0,0.9469,0.8307,0.001027,0.001128,0.002055,4.940792,23.763248,0.00077349
4509401088,327189.6,0.002586,0.148475,0.001572,-0.205078,0.0,0.9472,0.8314,0.000843,0.000886,0.001608,5.11571,22.089584,0.00079099
4510187520,327004.3,-0.005775,0.190585,0.001528,-0.204102,0.0,0.9472,0.8313,0.000966,0.000882,0.001471,4.821892,24.089462,0.00070703
4510973952,326825.2,0.001512,0.226568,0.001473,-0.209961,0.0,0.9475,0.8327,0.001237,0.001151,0.001582,4.647602,23.870932,0.00077325
4511760384,326640.9,-0.003692,0.166773,0.001472,-0.201172,0.0,0.9476,0.835,0.000924,0.001155,0.001493,5.012742,23.632179,0.00077411
4512546816,325643.5,-0.000128,0.176463,0.001558,-0.204102,0.0,0.9477,0.835,0.001163,0.001349,0.001812,4.960505,23.822807,0.00071658
4513333248,325466.2,-0.001471,0.206675,0.001541,-0.205078,0.0,0.9479,0.8326,0.000828,0.001144,0.001654,5.011617,23.544485,0.000706
4514119680,325288.3,-0.004093,0.254839,0.001521,-0.211914,0.0,0.9481,0.8279,0.000865,0.000983,0.001446,5.146059,23.556625,0.00080488
4514906112,325108.9,-0.000935,0.228814,0.001601,-0.214844,0.0,0.9483,0.8262,0.000877,0.00089,0.001344,4.8939,24.254314,0.00074292
4515692544,323983.9,-0.007524,0.284415,0.001602,-0.22168,0.0,0.9479,0.824,0.000793,0.001272,0.001805,5.062556,24.035879,0.0007101
4516478976,323801.0,-0.005495,0.250721,0.001599,-0.219727,0.0,0.9477,0.823,0.000836,0.001036,0.00162,4.9763,23.784573,0.00077487
4517265408,323611.4,0.002358,0.272676,0.001635,-0.219727,0.0,0.948,0.8233,0.000744,0.001092,0.001876,5.238364,23.494083,0.00072926
4518051840,322431.0,-0.000764,0.240196,0.001541,-0.21582,0.0,0.9483,0.8233,0.000971,0.00108,0.001709,5.169807,22.445808,0.00076497
4518838272,322237.9,8.2e-05,0.201813,0.001297,-0.206055,0.0,0.9489,0.8258,0.000792,0.000867,0.001445,4.694783,24.05537,0.00069344
4519624704,322045.3,0.000476,0.208125,0.00135,-0.208008,0.0,0.949,0.8257,0.000775,0.000938,0.002335,4.750287,23.959738,0.00069165
4520411136,321860.3,0.001237,0.162713,0.001342,-0.208984,0.0,0.9488,0.8251,0.00078,0.00113,0.002027,4.94343,23.876183,0.00067433
4521197568,320312.5,-0.000531,0.153148,0.001568,-0.208008,0.0,0.9487,0.8252,0.000806,0.000876,0.001923,4.982013,23.710232,0.00079134
4521984000,320129.9,0.002242,0.15054,0.001466,-0.208008,0.0,0.9488,0.8258,0.000911,0.00087,0.001595,5.192192,23.389828,0.0007302
4522770432,319950.9,0.001034,0.211954,0.001457,-0.208984,0.0,0.9498,0.8278,0.001715,0.000996,0.00181,5.109058,23.258413,0.0007816
4523556864,318848.9,-0.000652,0.146591,0.001433,-0.208008,0.0,0.9502,0.8294,0.001243,0.000916,0.001412,4.997065,24.497833,0.0007426
4524343296,318662.5,-0.005274,0.131537,0.001348,-0.212891,0.0,0.9504,0.8311,0.000986,0.00103,0.001712,4.923927,24.20912,0.00076019
4525129728,318480.7,-0.000776,0.129582,0.001323,-0.21875,0.0,0.951,0.8359,0.000788,0.00085,0.001553,5.134753,23.874691,0.00075495
4525916160,318296.2,0.004099,0.19293,0.001295,-0.223633,0.0,0.9516,0.839,0.000659,0.000873,0.001658,5.559876,23.959118,0.00075404
4526702592,317313.2,0.003712,0.371825,0.001491,-0.231445,0.0,0.9516,0.8381,0.000819,0.00119,0.001651,5.355085,23.012579,0.00072511
4527489024,317135.1,-0.004208,0.325065,0.001384,-0.226562,0.0,0.9509,0.8341,0.001108,0.001247,0.001636,5.364289,24.301888,0.00084726
4528275456,316964.7,-0.002278,0.283489,0.001411,-0.228516,0.0,0.9504,0.8339,0.000898,0.001232,0.001651,5.261788,23.963627,0.00076014
4529061888,315883.8,-0.005046,0.235896,0.001467,-0.226562,0.0,0.9498,0.8325,0.00104,0.000992,0.001673,5.16961,23.771267,0.00081726
4529848320,315700.2,-0.002176,0.210989,0.001522,-0.21875,0.0,0.9497,0.8322,0.000872,0.00101,0.001548,5.313923,23.503811,0.00077399
4530634752,315521.0,-0.002575,0.149075,0.001411,-0.210938,0.0,0.9491,0.8312,0.000932,0.001004,0.001576,5.325287,23.209951,0.00072825
4531421184,315352.0,-0.005868,0.105073,0.001409,-0.203125,0.0,0.9486,0.8319,0.001171,0.000971,0.001387,4.752835,24.255772,0.00069413
4532207616,314425.6,-0.00591,0.299072,0.001575,-0.224609,0.0,0.9482,0.8293,0.001279,0.00118,0.001728,5.147447,24.124756,0.00077129
4532994048,314261.4,-0.007316,0.190085,0.001614,-0.213867,0.0,0.9479,0.8261,0.002329,0.001201,0.002053,4.987281,23.95307,0.00070466
4533780480,314093.8,-0.002361,0.225367,0.001643,-0.216797,0.0,0.9479,0.8242,0.00125,0.001156,0.001824,5.645644,23.572676,0.00079832
4534566912,313152.9,0.003168,0.323721,0.001685,-0.21875,0.0,0.9479,0.8204,0.000957,0.00087,0.00144,5.608298,22.755417,0.00073728
4535353344,312971.9,-0.004353,0.179598,0.001522,-0.207031,0.0,0.9479,0.8207,0.000667,0.00117,0.001574,4.939022,24.337156,0.00077844
4536139776,312791.6,0.002274,0.163588,0.001511,-0.214844,0.0,0.9477,0.8218,0.00069,0.000798,0.001675,4.894504,24.674032,0.00072858
4536926208,312611.3,-0.004818,0.166344,0.001453,-0.216797,0.0,0.9477,0.8245,0.000873,0.001072,0.001789,5.132728,24.307953,0.00077913
4537712640,311574.7,-0.00452,0.238171,0.001515,-0.21875,0.0,0.9481,0.8276,0.000805,0.001043,0.001769,5.082573,24.081518,0.00079186
4538499072,311415.3,-0.004494,0.133806,0.001481,-0.21582,0.0,0.9481,0.8304,0.000805,0.000963,0.001699,5.122021,23.46159,0.00071761
4539285504,311255.6,-0.006155,0.133187,0.00141,-0.216797,0.0,0.9486,0.8343,0.001026,0.000892,0.001936,5.31325,23.045105,0.00072619
4540071936,311088.2,-0.001779,0.109321,0.001411,-0.214844,0.0,0.9487,0.8371,0.000734,0.00088,0.001394,4.973083,24.095688,0.00073527
4540858368,310197.0,0.003514,0.336951,0.0015,-0.238281,0.0,0.9482,0.8324,0.000806,0.001191,0.001482,5.205237,23.857765,0.00078372
4541644800,310037.8,-0.003144,0.295492,0.001537,-0.239258,0.0,0.9477,0.827,0.001371,0.001226,0.001674,5.399508,23.683342,0.00078401
4542431232,309873.7,0.002205,0.236228,0.001547,-0.234375,0.0,0.9472,0.8238,0.000846,0.001199,0.001673,5.710554,23.639866,0.00076521
4543217664,308788.4,0.000352,0.328373,0.001479,-0.243164,0.0,0.9469,0.8215,0.000713,0.001075,0.001457,5.676838,22.052658,0.00074645
4544004096,308629.7,0.00192,0.334157,0.001383,-0.236328,0.0,0.9462,0.8175,0.000897,0.001323,0.001904,5.192297,23.944767,0.00088479
4544790528,308471.7,0.004417,0.291453,0.001413,-0.228516,0.0,0.9458,0.8155,0.000837,0.001243,0.001636,5.113658,24.249847,0.00077012
4545576960,308314.0,0.002994,0.260046,0.001473,-0.235352,0.0,0.9451,0.8124,0.000783,0.00097,0.001806,5.398761,24.121574,0.00075089
4546363392,307476.5,-0.003404,0.164101,0.001485,-0.227539,0.0,0.9445,0.8105,0.000901,0.001087,0.001942,5.216752,23.684128,0.00078828
4547149824,307319.0,0.007496,0.287284,0.00151,-0.223633,0.0,0.944,0.8087,0.000844,0.001076,0.001614,5.498851,23.317684,0.00081928
4547936256,307146.1,0.004605,0.203231,0.001492,-0.225586,0.0,0.9432,0.8054,0.000988,0.001271,0.001547,5.439963,23.206818,0.00075627
4548722688,306343.0,-0.004617,0.15674,0.001431,-0.219727,0.0,0.9426,0.8044,0.00076,0.001074,0.001535,5.177625,24.783302,0.00072596
4549509120,306175.8,-0.001798,0.210069,0.001403,-0.224609,0.0,0.9418,0.8011,0.000877,0.001113,0.001805,5.115603,24.214783,0.0007373
4550295552,306011.3,0.006666,0.271904,0.001404,-0.227539,0.0,0.9415,0.8032,0.000957,0.001147,0.001527,5.542141,23.882111,0.00078696
4551081984,305859.8,-0.000332,0.13153,0.001357,-0.219727,0.0,0.9413,0.806,0.00093,0.000895,0.001564,5.20475,23.789961,0.00080608
4551868416,304921.7,0.002013,0.199568,0.001447,-0.21875,0.0,0.9408,0.8053,0.000897,0.001151,0.001478,5.542388,22.869482,0.0007994
4552654848,304763.0,-0.002963,0.204713,0.001541,-0.212891,0.0,0.9411,0.8069,0.001084,0.001134,0.001804,4.852683,24.649435,0.00080617
4553441280,304608.2,-0.002175,0.198188,0.001494,-0.214844,0.0,0.941,0.8068,0.0011,0.000913,0.001639,4.865419,24.38929,0.00075691
4554227712,303586.0,-0.001732,0.209562,0.001532,-0.211914,0.0,0.9411,0.8069,0.000812,0.000887,0.001387,4.076934,23.953703,0.00076233
4555014144,303417.5,0.000324,0.195513,0.0017,-0.194336,0.0,0.9413,0.8063,0.001022,0.001097,0.001958,5.043363,23.41065,0.00083557
4555800576,303253.2,-0.000756,0.186999,0.001672,-0.200195,0.0,0.941,0.8063,0.000754,0.001202,0.001638,4.751145,23.23465,0.0007449
4556587008,303090.5,0.002478,0.156341,0.001593,-0.200195,0.0,0.9408,0.8079,0.00062,0.000932,0.001578,4.642029,22.85437,0.00070905
4557373440,302049.3,-0.003919,0.183382,0.00145,-0.213867,0.0,0.9402,0.8062,0.000844,0.001036,0.00146,5.133254,24.537479,0.00067331
4558159872,301885.5,0.004077,0.166078,0.00134,-0.223633,0.0,0.9403,0.8089,0.000662,0.001191,0.001652,5.138926,24.370068,0.00076237
4558946304,301727.2,0.005722,0.19637,0.001337,-0.223633,0.0,0.9401,0.8106,0.000732,0.001032,0.001465,5.246081,24.101721,0.00081094
4559732736,300708.1,-5.9e-05,0.205009,0.001359,-0.228516,0.0,0.9399,0.8108,0.000776,0.001032,0.001446,5.823707,22.191978,0.00075001
4560519168,300544.1,0.001183,0.157614,0.001273,-0.208008,0.0,0.9403,0.812,0.000853,0.000957,0.001643,5.45284,22.860306,0.00078625
4561305600,300391.1,-0.002833,0.195103,0.001251,-0.216797,0.0,0.9398,0.8118,0.000681,0.001038,0.001678,4.926445,24.471685,0.00076638
4562092032,300242.8,0.002858,0.177414,0.0013,-0.214844,0.0,0.9393,0.8092,0.000622,0.000921,0.001473,5.109077,23.974373,0.00074735
4562878464,299157.9,-0.000869,0.229361,0.001343,-0.211914,0.0,0.9392,0.8078,0.000718,0.000855,0.001629,5.014309,24.221306,0.00069904
4563664896,299001.6,0.003323,0.227817,0.001502,-0.209961,0.0,0.9393,0.8079,0.001295,0.001067,0.001921,5.384268,24.096251,0.00072534
4564451328,298838.9,0.000547,0.250339,0.001498,-0.209961,0.0,0.939,0.8035,0.001096,0.001018,0.001716,5.427207,23.796692,0.00074323
4565237760,298676.3,-0.003838,0.235081,0.001556,-0.216797,0.0,0.939,0.8076,0.001281,0.000933,0.001649,4.84639,24.66741,0.00074036
4566024192,297694.1,-0.003737,0.49733,0.00145,-0.239258,0.0,0.9393,0.8078,0.00118,0.001039,0.002067,5.580455,24.494406,0.00070799
4566810624,297538.6,0.005481,0.480482,0.001441,-0.241211,0.0,0.9397,0.8066,0.000981,0.001114,0.002292,5.996632,23.971752,0.00082401
4567597056,297386.2,0.00491,0.358489,0.001371,-0.231445,0.0,0.9399,0.8073,0.000853,0.00096,0.001637,5.427785,23.943283,0.00081295
4568383488,296530.9,0.002093,0.34678,0.001405,-0.228516,0.0,0.9402,0.806,0.000716,0.00101,0.001929,5.58945,22.731426,0.00073928
4569169920,296371.9,-0.006252,0.219152,0.001536,-0.217773,0.0,0.9407,0.8085,0.000827,0.000902,0.001614,4.988831,24.306274,0.00083677
4569956352,296215.0,0.009568,0.275631,0.00151,-0.208984,0.0,0.9411,0.8088,0.00064,0.000799,0.00152,4.99454,24.594711,0.00083487
4570742784,296057.9,0.001396,0.246748,0.001482,-0.214844,0.0,0.9413,0.8093,0.000843,0.001074,0.001838,4.981592,24.572338,0.00078287
4571529216,295038.5,-0.001333,0.222927,0.001525,-0.204102,0.0,0.9414,0.81,0.001017,0.001033,0.001846,5.055848,23.986502,0.00065875
4572315648,294878.7,-4.2e-05,0.198385,0.001431,-0.202148,0.0,0.9415,0.8094,0.000853,0.000996,0.00156,4.797494,23.819374,0.00070198
4573102080,294718.9,7.6e-05,0.083774,0.001441,-0.195312,0.0,0.9419,0.8117,0.00094,0.00087,0.001553,4.805957,23.851957,0.00068541
4573888512,293793.7,-0.008788,0.126133,0.001472,-0.199219,0.0,0.9423,0.8148,0.000772,0.00089,0.001164,4.629563,24.72917,0.00067463
4574674944,293648.0,-0.003663,0.208446,0.001513,-0.202148,0.0,0.9433,0.8168,0.000813,0.001055,0.001519,5.096104,24.382818,0.00071145
4575461376,293504.1,0.006292,0.197288,0.00149,-0.204102,0.0,0.9434,0.8173,0.000969,0.001206,0.001884,5.051196,24.08695,0.00076564
4576247808,293363.6,-0.006795,0.232356,0.001465,-0.211914,0.0,0.9433,0.8168,0.000975,0.001021,0.001389,5.057083,23.997772,0.0007345
4577034240,292412.0,0.0036,0.201487,0.001465,-0.204102,0.0,0.9437,0.8179,0.000827,0.000924,0.001413,5.014577,23.069439,0.00075035
4577820672,292276.4,-0.003633,0.170954,0.001456,-0.203125,0.0,0.9443,0.819,0.000944,0.000885,0.001399,4.629064,24.646206,0.00077519
4578607104,292140.6,-0.004249,0.138582,0.00151,-0.205078,0.0,0.9448,0.8214,0.001044,0.000873,0.001594,4.83233,24.624355,0.00074295
4579393536,291393.8,-0.001945,0.189183,0.001503,-0.206055,0.0,0.9452,0.823,0.000795,0.001054,0.001666,4.87921,24.750988,0.000687
4580179968,291253.3,0.004163,0.300126,0.001623,-0.21875,0.0,0.9458,0.8252,0.001066,0.00097,0.001481,5.32863,24.192966,0.00083941
4580966400,291110.6,-0.001409,0.190382,0.001624,-0.213867,0.0,0.9458,0.824,0.000956,0.001016,0.00165,5.297532,23.734371,0.00081899
4581752832,290963.4,0.00308,0.197596,0.001608,-0.214844,0.0,0.9457,0.8238,0.001051,0.000909,0.001606,5.100735,23.82634,0.0007649
4582539264,290083.0,0.007445,0.209443,0.001506,-0.22168,0.0,0.9453,0.8226,0.000794,0.000763,0.001285,5.20427,24.597836,0.00069829
4583325696,289933.3,0.002389,0.215017,0.001455,-0.226562,0.0,0.9454,0.8224,0.000965,0.001263,0.001567,5.447714,24.456436,0.00073461
4584112128,289784.7,0.00358,0.157295,0.001397,-0.222656,0.0,0.9457,0.8243,0.000627,0.000827,0.001266,5.318591,24.014822,0.00069989
4584898560,289010.9,-0.001792,0.175852,0.001398,-0.227539,0.0,0.9459,0.8244,0.000677,0.001058,0.001363,5.43755,22.596373,0.00071814
4585684992,288868.6,-0.002175,0.195982,0.001464,-0.209961,0.0,0.9459,0.8236,0.00077,0.001054,0.001886,5.343163,22.990982,0.00085381
4586471424,288731.7,-0.002738,0.187863,0.001605,-0.21582,0.0,0.9462,0.8258,0.000764,0.001002,0.00218,5.001567,24.239166,0.00068985
4587257856,288592.0,-0.008376,0.178777,0.0015,-0.205078,0.0,0.9463,0.8268,0.00071,0.000933,0.001834,4.866908,24.349564,0.00073492
4588044288,287797.0,-0.005025,0.230774,0.001553,-0.216797,0.0,0.9459,0.8271,0.000818,0.000993,0.00172,5.326726,24.175358,0.00073086
4588830720,287664.5,-0.00352,0.133701,0.001507,-0.208984,0.0,0.9461,0.8344,0.000811,0.000756,0.001611,5.099278,23.926655,0.00086599
4589617152,287530.1,-0.007437,0.174879,0.001449,-0.212891,0.0,0.9468,0.8396,0.000669,0.000818,0.001202,5.281775,23.730162,0.0007572
4590403584,287398.2,-4.9e-05,0.202958,0.001454,-0.213867,0.0,0.9475,0.8452,0.000709,0.000863,0.001403,4.972342,24.610579,0.00072729
4591190016,286523.3,0.004415,0.331255,0.001492,-0.225586,0.0,0.9472,0.8418,0.000769,0.001251,0.001664,4.970973,24.948759,0.00061723
4591976448,286385.5,-0.002822,0.330658,0.001499,-0.233398,0.0,0.9475,0.8379,0.001241,0.001216,0.001592,5.65757,24.318777,0.00080543
4592762880,286247.9,-0.001932,0.313722,0.001403,-0.231445,0.0,0.9474,0.834,0.000871,0.001029,0.00149,6.007504,23.812918,0.00072202
4593549312,285410.7,-0.002396,0.25483,0.001445,-0.227539,0.0,0.9478,0.8342,0.000992,0.001091,0.00163,5.317891,23.331396,0.00077568
4594335744,285276.6,-0.000894,0.182699,0.001417,-0.213867,0.0,0.9477,0.8352,0.000753,0.000984,0.001499,4.921919,24.843885,0.00078187
4595122176,285133.9,-0.001797,0.15803,0.001329,-0.213867,0.0,0.9476,0.834,0.000916,0.001167,0.001829,4.998442,24.891144,0.00073053
4595908608,284988.8,0.000978,0.144924,0.001381,-0.212891,0.0,0.9474,0.8329,0.000625,0.000841,0.001565,5.141365,24.895458,0.00068039
4596695040,284020.8,0.011082,0.270371,0.001513,-0.225586,0.0,0.9473,0.8318,0.001341,0.00124,0.001711,5.614676,24.679419,0.00079572
4597481472,283890.0,-0.004842,0.181194,0.001526,-0.214844,0.0,0.9472,0.8301,0.000999,0.000979,0.001814,5.586908,24.418121,0.00079415
4598267904,283750.2,0.004003,0.171615,0.001503,-0.217773,0.0,0.9474,0.8308,0.000917,0.001153,0.001521,5.411119,24.51852,0.00083061
4599054336,282536.2,-8.6e-05,0.225755,0.001529,-0.21875,0.0,0.9474,0.8303,0.000909,0.000996,0.001628,4.863454,25.254906,0.000818
4599840768,282393.2,-0.00061,0.230029,0.001718,-0.207031,0.0,0.947,0.8283,0.001078,0.001127,0.001622,4.765316,24.791534,0.00077597
4600627200,282254.1,0.004982,0.174776,0.001677,-0.203125,0.0,0.9469,0.8279,0.000999,0.00091,0.001558,4.810883,24.64785,0.00077357
4601413632,282111.9,-0.001161,0.239199,0.001626,-0.206055,0.0,0.9469,0.8258,0.000755,0.000989,0.001612,5.3542,24.722921,0.00072239
4602200064,281341.1,0.002872,0.249264,0.001559,-0.206055,0.0,0.947,0.8265,0.000953,0.001059,0.001626,5.116145,23.596121,0.00070712
4602986496,281216.3,-0.001058,0.260246,0.001438,-0.205078,0.0,0.9469,0.8278,0.000734,0.000992,0.001533,5.014828,24.621153,0.00084313
4603772928,281083.9,-0.003551,0.185106,0.001493,-0.197266,0.0,0.9465,0.827,0.000791,0.000811,0.001317,4.764437,24.74687,0.0007307
4604559360,280225.9,0.001172,0.19085,0.001562,-0.197266,0.0,0.9469,0.829,0.00087,0.000816,0.001421,4.612246,25.013973,0.00072471
4605345792,280102.3,-0.003917,0.207473,0.001522,-0.199219,0.0,0.9469,0.8294,0.000701,0.001037,0.001325,5.126701,24.377533,0.00077598
4606132224,279965.9,0.00627,0.220936,0.001524,-0.198242,0.0,0.9466,0.8268,0.00071,0.001025,0.001526,4.98811,23.949499,0.00068379
4606918656,279839.1,0.001385,0.215055,0.001439,-0.201172,0.0,0.946,0.8244,0.00054,0.000751,0.00103,5.163939,24.174164,0.00073707
4607705088,278736.4,0.000837,0.249697,0.001383,-0.208008,0.0,0.9458,0.8237,0.000744,0.000917,0.001294,4.541862,25.037235,0.00068452
4608491520,278590.9,-0.001717,0.230532,0.001472,-0.213867,0.0,0.9457,0.824,0.000696,0.000953,0.001359,4.982274,24.828024,0.0007091
4609277952,278455.1,-0.001866,0.254348,0.00154,-0.216797,0.0,0.9456,0.8236,0.000825,0.00101,0.001907,5.490985,24.38736,0.00078028
4610064384,277512.4,0.000206,0.200428,0.001452,-0.22168,0.0,0.9461,0.8246,0.000765,0.000786,0.001314,5.741305,23.376842,0.00075544
4610850816,277372.9,-0.000631,0.180804,0.001243,-0.208984,0.0,0.9462,0.8245,0.000753,0.000991,0.00124,5.426247,23.863712,0.00080676
4611637248,277238.3,-0.002988,0.187215,0.001268,-0.219727,0.0,0.9458,0.8218,0.00095,0.001002,0.001587,4.988856,24.896332,0.00074378
4612423680,277103.0,-0.003268,0.152016,0.001214,-0.222656,0.0,0.946,0.822,0.001022,0.001102,0.001635,5.271885,24.692001,0.00067874
4613210112,275921.3,-0.001398,0.272914,0.001409,-0.228516,0.0,0.946,0.8236,0.000811,0.000837,0.00144,5.469499,24.718197,0.00076426
4613996544,275784.7,-0.00159,0.281428,0.001484,-0.219727,0.0,0.9461,0.8266,0.000659,0.001007,0.001596,5.641065,24.271002,0.00079645
4614782976,275655.8,3e-06,0.152751,0.001447,-0.214844,0.0,0.9463,0.8304,0.000684,0.000849,0.001175,5.737606,24.171112,0.0007013
4615569408,275532.3,0.006562,0.291463,0.001408,-0.223633,0.0,0.9465,0.8317,0.000713,0.000977,0.001463,5.395958,24.00206,0.00078974
4616355840,274745.6,-0.000528,0.251114,0.001497,-0.21875,0.0,0.9462,0.8292,0.000854,0.001113,0.00179,4.78109,25.019348,0.00077874
4617142272,274625.1,-0.002057,0.208524,0.0014,-0.21582,0.0,0.9464,0.8302,0.000752,0.001117,0.00173,5.33478,24.57399,0.00069656
4617928704,274506.3,-0.002429,0.164625,0.00141,-0.216797,0.0,0.9463,0.8288,0.001471,0.000801,0.001631,5.241662,24.512632,0.00082379
4618715136,273697.4,0.001603,0.168714,0.001421,-0.208984,0.0,0.9466,0.8303,0.000649,0.000726,0.001412,5.392809,23.578949,0.00072635
4619501568,273577.7,-0.004203,0.206699,0.001322,-0.212891,0.0,0.9466,0.8306,0.001512,0.001,0.002171,5.007081,23.689718,0.00073899
4620288000,273455.9,-0.004806,0.217782,0.001297,-0.205078,0.0,0.9466,0.8297,0.000764,0.000849,0.001713,4.766206,24.678822,0.00071627
4621074432,273326.4,0.000785,0.185225,0.001425,-0.200195,0.0,0.9463,0.8293,0.000666,0.000862,0.001475,4.723473,24.852499,0.00070132
4621860864,272452.6,-0.002711,0.25684,0.001514,-0.205078,0.0,0.9455,0.8256,0.000633,0.000888,0.00148,5.046786,24.288883,0.00073578
4622647296,272335.1,-0.001487,0.240535,0.001485,-0.21875,0.0,0.945,0.8227,0.000784,0.000912,0.001293,5.138911,23.902649,0.00070359
4623433728,272220.2,-0.005727,0.193149,0.001471,-0.209961,0.0,0.9452,0.8231,0.000607,0.000813,0.001164,5.402982,23.885839,0.00085708
4624220160,271320.1,-0.002503,0.193637,0.001468,-0.216797,0.0,0.9445,0.8206,0.000742,0.000666,0.00128,5.1068,25.076508,0.00087215
4625006592,271202.9,-0.002974,0.150087,0.001425,-0.22168,0.0,0.9448,0.8216,0.000937,0.000893,0.001507,5.481586,24.95108,0.00070569
4625793024,271088.6,0.002047,0.125049,0.001526,-0.22168,0.0,0.945,0.821,0.000856,0.000929,0.001394,5.470495,24.656185,0.00066574
4626579456,270967.2,0.000813,0.1601,0.001475,-0.227539,0.0,0.9452,0.8205,0.00092,0.000971,0.001631,5.606835,24.574728,0.00065696
4627365888,270186.4,-0.00565,0.263647,0.001511,-0.228516,0.0,0.9452,0.819,0.000723,0.000815,0.001455,6.020402,24.009779,0.00078271
4628152320,270073.1,-0.003024,0.292498,0.001431,-0.232422,0.0,0.9449,0.8168,0.00083,0.000997,0.001523,5.190718,25.020559,0.00082806
4628938752,269957.4,0.005855,0.240987,0.001484,-0.213867,0.0,0.9445,0.8147,0.000712,0.0009,0.001412,4.999801,24.915197,0.00080584
4629725184,269140.5,-0.002265,0.240976,0.001444,-0.211914,0.0,0.9443,0.8144,0.0006,0.000936,0.001168,4.608098,25.117643,0.00076274
4630511616,269025.4,0.005883,0.307542,0.001538,-0.211914,0.0,0.9439,0.8132,0.000882,0.000979,0.001652,5.374256,24.443142,0.00073514
4631298048,268902.9,-0.001731,0.320325,0.001537,-0.213867,0.0,0.9436,0.8112,0.000867,0.00106,0.001964,5.351959,24.053818,0.00085208
4632084480,268778.7,0.002538,0.19801,0.001538,-0.208984,0.0,0.9435,0.8111,0.000805,0.000977,0.002066,5.169863,24.035429,0.00084699
4632870912,267985.1,0.001995,0.335528,0.001485,-0.213867,0.0,0.9433,0.8096,0.000689,0.000892,0.001845,4.920635,25.110279,0.00076074
4633657344,267860.8,0.002049,0.257198,0.001441,-0.217773,0.0,0.9427,0.8079,0.000664,0.000776,0.001444,5.028994,24.939322,0.00077969
4634443776,267735.2,-0.00301,0.214184,0.001346,-0.216797,0.0,0.9422,0.8057,0.000755,0.000902,0.001393,4.991631,24.740431,0.00077524
4635230208,266974.8,-0.009501,0.173099,0.001434,-0.208008,0.0,0.9422,0.8055,0.000724,0.000723,0.001338,5.154767,23.36289,0.00079215
4636016640,266865.7,-0.001498,0.175913,0.001516,-0.194336,0.0,0.9422,0.8063,0.00065,0.000854,0.001276,5.055071,23.769802,0.00077002
4636803072,266748.8,-0.003091,0.124096,0.001493,-0.199219,0.0,0.9423,0.8076,0.000563,0.000717,0.001444,4.684838,24.997816,0.00067241
4637589504,266634.8,-0.006595,0.134204,0.001482,-0.196289,0.0,0.9423,0.8108,0.000478,0.000737,0.001133,4.6696,24.880941,0.00071608
4638375936,265918.9,0.003921,0.324077,0.001505,-0.209961,0.0,0.9418,0.8097,0.000796,0.000916,0.00107,5.523129,24.870102,0.00075977
4639162368,265810.0,0.005536,0.315896,0.001507,-0.22168,0.0,0.9419,0.8098,0.000648,0.00081,0.001304,5.445299,24.427032,0.00078705
4639948800,265702.2,-0.003038,0.185546,0.001501,-0.217773,0.0,0.9419,0.8103,0.000804,0.000843,0.00134,5.567548,23.911644,0.00081637
4640735232,265594.5,-0.003562,0.213856,0.001476,-0.214844,0.0,0.9412,0.8076,0.00059,0.000884,0.001177,5.430353,23.970671,0.00080055
4641521664,264655.2,0.003148,0.227302,0.001445,-0.208008,0.0,0.9413,0.807,0.000819,0.000849,0.001574,5.021808,25.366379,0.00072055
4642308096,264547.3,0.003256,0.154092,0.001406,-0.197266,0.0,0.9412,0.8081,0.000597,0.000786,0.001223,4.731974,25.13306,0.00078891
4643094528,264428.4,7e-06,0.168551,0.001478,-0.197266,0.0,0.9411,0.8094,0.000732,0.000726,0.001349,4.954348,24.995327,0.00078199
4643880960,263638.5,-0.005277,0.180574,0.001447,-0.198242,0.0,0.9411,0.8107,0.000496,0.000763,0.001439,4.938122,24.364017,0.00076031
4644667392,263529.2,0.004411,0.215952,0.001415,-0.198242,0.0,0.9414,0.8111,0.000737,0.000865,0.001051,5.068503,24.10445,0.00080193
4645453824,263420.9,-2.4e-05,0.222263,0.001424,-0.202148,0.0,0.9419,0.8118,0.000791,0.000904,0.001217,4.666899,25.017735,0.00070324
4646240256,263312.7,0.002089,0.13287,0.001398,-0.19043,0.0,0.9428,0.8177,0.000629,0.000836,0.001127,4.710412,25.039968,0.00070895
4647026688,262524.7,-0.007181,0.131746,0.001544,-0.193359,0.0,0.9435,0.8209,0.000773,0.000949,0.001121,4.911896,24.837814,0.00063543
4647813120,262412.1,-0.002213,0.146109,0.001514,-0.193359,0.0,0.9443,0.8247,0.00064,0.000707,0.000971,5.014188,24.681509,0.00078323
4648599552,262307.8,0.004559,0.126782,0.001555,-0.200195,0.0,0.9442,0.8257,0.000676,0.000651,0.00127,5.026658,24.25176,0.00068289
4649385984,261594.6,0.000173,0.230246,0.001449,-0.208984,0.0,0.944,0.8259,0.000699,0.000861,0.001132,4.89282,24.908722,0.00071012
4650172416,261479.8,0.002088,0.255079,0.001435,-0.21582,0.0,0.9439,0.8254,0.000634,0.000925,0.001181,5.31947,25.081417,0.00068577
4650958848,261365.7,-0.003943,0.233665,0.001518,-0.21582,0.0,0.9441,0.8246,0.00073,0.000915,0.001248,5.257466,24.8589,0.00082272
4651745280,261255.7,-0.004507,0.199309,0.001538,-0.21582,0.0,0.9449,0.8302,0.000868,0.000849,0.00146,5.118186,24.833599,0.00072671
4652531712,260625.2,-0.001905,0.269994,0.001513,-0.208008,0.0,0.9449,0.8279,0.000609,0.000896,0.001228,5.063182,24.080877,0.0007109
4653318144,260518.4,0.004554,0.198577,0.001427,-0.194336,0.0,0.9457,0.8318,0.000724,0.000928,0.001195,4.527692,25.293335,0.00075745
4654104576,260414.7,-0.000184,0.171772,0.001414,-0.193359,0.0,0.9453,0.832,0.000736,0.000806,0.001138,4.825742,25.264608,0.00076463
4654891008,259722.1,-0.00349,0.245545,0.00149,-0.204102,0.0,0.9461,0.8356,0.000766,0.000934,0.001386,5.017603,25.347946,0.00073358
4655677440,259617.2,-0.004986,0.219014,0.001446,-0.209961,0.0,0.9464,0.8359,0.000687,0.00094,0.00152,5.189691,24.706497,0.00071302
4656463872,259502.9,-0.001592,0.20215,0.001439,-0.209961,0.0,0.9466,0.8362,0.000735,0.000809,0.001677,5.220953,24.397739,0.00072554
4657250304,259391.7,0.001626,0.222215,0.001438,-0.211914,0.0,0.9474,0.8382,0.000656,0.000813,0.001155,5.237668,24.162273,0.00074286
4658036736,258658.3,-0.003764,0.179247,0.001397,-0.213867,0.0,0.9471,0.8377,0.000727,0.000903,0.001576,5.197206,25.543072,0.00067616
4658823168,258546.9,-0.002962,0.163524,0.001314,-0.21582,0.0,0.9471,0.8366,0.000975,0.000782,0.001355,5.18198,25.256695,0.00079374
4659609600,258434.7,-0.003035,0.222975,0.001361,-0.21582,0.0,0.9472,0.8348,0.000816,0.001053,0.001434,5.216789,24.615364,0.00078383
4660396032,257749.8,-0.001562,0.180515,0.001403,-0.213867,0.0,0.9476,0.838,0.000619,0.000825,0.001367,5.214467,23.724762,0.00084102
4661182464,257651.0,-0.003391,0.177588,0.001507,-0.207031,0.0,0.9477,0.8391,0.000664,0.00108,0.001597,5.394412,24.142742,0.00077365
4661968896,257541.3,0.000514,0.15443,0.001561,-0.206055,0.0,0.9481,0.8416,0.000649,0.000989,0.001375,4.655868,25.585577,0.00075209
4662755328,257431.4,0.000379,0.221779,0.001529,-0.209961,0.0,0.9484,0.8412,0.000684,0.000876,0.001307,4.799985,25.662231,0.00077033
4663541760,256680.6,-0.000976,0.182992,0.0015,-0.211914,0.0,0.9485,0.842,0.000705,0.000756,0.001218,4.994016,25.072424,0.00067842
4664328192,256581.6,-0.004399,0.133911,0.001447,-0.203125,0.0,0.9486,0.8421,0.001163,0.000686,0.001853,5.03273,24.754421,0.0007402
4665114624,256482.4,-0.000539,0.160751,0.00147,-0.206055,0.0,0.9489,0.8422,0.000616,0.000664,0.001188,5.441745,24.098583,0.00071299
4665901056,256373.6,-0.001389,0.15382,0.001389,-0.208008,0.0,0.9495,0.8436,0.000532,0.001111,0.001529,5.072557,24.13673,0.0007235
4666687488,255699.9,0.002325,0.217368,0.001565,-0.210938,0.0,0.9495,0.8434,0.000994,0.000781,0.001349,4.859521,25.197866,0.00077215
4667473920,255588.7,-0.003544,0.185315,0.001535,-0.210938,0.0,0.9492,0.8431,0.000866,0.00085,0.001243,5.051579,24.690853,0.00078881
4668260352,255490.5,-0.00041,0.13862,0.001527,-0.207031,0.0,0.9488,0.8412,0.000606,0.000784,0.0012,5.027974,24.492565,0.00073567
4669046784,254523.2,-0.001078,0.218487,0.001594,-0.212891,0.0,0.9476,0.8377,0.000648,0.000984,0.001378,5.488145,24.133026,0.00073854
4669833216,254414.9,-0.007439,0.253198,0.001553,-0.219727,0.0,0.9472,0.8342,0.00079,0.001167,0.001444,5.535316,23.980293,0.00071411
4670619648,254313.9,-0.004824,0.22134,0.001488,-0.216797,0.0,0.9471,0.8332,0.000619,0.000886,0.001417,4.930472,25.350613,0.00077585
4671406080,254207.6,-8.2e-05,0.286529,0.001481,-0.216797,0.0,0.9464,0.8304,0.000657,0.001176,0.001455,5.25361,25.192123,0.00075593
4672192512,253495.0,-0.001562,0.160521,0.001593,-0.202148,0.0,0.9456,0.8298,0.000615,0.000914,0.001397,5.159399,25.250174,0.00082394
4672978944,253402.1,0.003633,0.229643,0.001624,-0.198242,0.0,0.9451,0.8316,0.000552,0.000645,0.001057,5.078792,24.879787,0.00074093
4673765376,253308.6,-0.004894,0.126145,0.001466,-0.199219,0.0,0.945,0.8333,0.000649,0.000713,0.001076,5.112243,24.42009,0.00083051
4674551808,252644.5,0.003945,0.191522,0.00152,-0.201172,0.0,0.9451,0.8345,0.000595,0.000741,0.000969,4.540834,25.351141,0.00084868
4675338240,252548.8,0.001404,0.243196,0.001589,-0.212891,0.0,0.9448,0.8344,0.001019,0.000932,0.00106,4.918306,24.971733,0.0007405
4676124672,252453.7,-0.009438,0.147659,0.001598,-0.206055,0.0,0.944,0.8303,0.000841,0.000973,0.001379,4.962135,24.676451,0.00084441
4676911104,252347.3,-0.000792,0.150021,0.001673,-0.214844,0.0,0.9438,0.8284,0.000817,0.000935,0.001256,5.254643,24.306488,0.00077852
4677697536,251604.3,0.002638,0.276562,0.00153,-0.226562,0.0,0.9442,0.8291,0.001139,0.000836,0.001532,5.94741,23.909611,0.00072077
4678483968,251500.0,0.005376,0.224511,0.001409,-0.224609,0.0,0.944,0.8273,0.000704,0.000769,0.001107,5.676538,24.114887,0.00073088
4679270400,251398.5,0.003876,0.283636,0.001374,-0.229492,0.0,0.944,0.8266,0.00081,0.000723,0.001132,5.341688,25.168488,0.00075585
4680056832,250636.8,0.001826,0.238297,0.001486,-0.224609,0.0,0.9436,0.8241,0.000731,0.000633,0.001419,5.060184,25.392529,0.00072048
4680843264,250542.9,0.00152,0.201097,0.001557,-0.210938,0.0,0.9436,0.8237,0.000572,0.000762,0.001383,5.258315,25.0116,0.00083997
4681629696,250449.9,0.000433,0.182275,0.001481,-0.205078,0.0,0.944,0.8253,0.000644,0.000833,0.001637,5.071212,24.620573,0.00074747
4682416128,250357.2,-0.004956,0.154525,0.001509,-0.203125,0.0,0.9442,0.8266,0.000545,0.000709,0.001336,5.16293,24.387905,0.00077589
4683202560,249626.7,-0.003501,0.10237,0.001396,-0.206055,0.0,0.944,0.8251,0.000705,0.000815,0.001598,4.736143,25.387768,0.00082025
4683988992,249524.0,0.005351,0.186992,0.001321,-0.210938,0.0,0.9439,0.8265,0.000616,0.000627,0.001471,4.948771,25.109112,0.00080646
4684775424,249425.5,0.001057,0.186889,0.001338,-0.210938,0.0,0.9441,0.8278,0.000748,0.000892,0.001538,5.379502,24.89867,0.00076247
4685561856,248712.7,-0.0089,0.176006,0.001386,-0.216797,0.0,0.9443,0.8298,0.000514,0.000779,0.001064,5.045571,23.461418,0.00070124
4686348288,248609.5,0.004223,0.242301,0.001366,-0.211914,0.0,0.9443,0.8293,0.000672,0.00079,0.001348,5.339159,24.021467,0.00080022
4687134720,248511.3,-0.005849,0.270086,0.001385,-0.224609,0.0,0.9441,0.8265,0.000703,0.000811,0.001248,5.077121,25.109715,0.0007077
4687921152,248416.9,0.0074,0.245295,0.001393,-0.224609,0.0,0.9438,0.824,0.000478,0.000785,0.00127,5.182639,24.91964,0.00074282
4688707584,247761.6,0.002291,0.21075,0.001391,-0.223633,0.0,0.9431,0.8226,0.000744,0.000814,0.001558,5.421604,24.80785,0.00073082
4689494016,247661.0,0.000885,0.136404,0.001472,-0.216797,0.0,0.9431,0.8245,0.000577,0.000703,0.001359,5.533084,24.513805,0.00076668
4690280448,247569.2,-0.004478,0.196603,0.001426,-0.223633,0.0,0.9433,0.8256,0.000598,0.000615,0.001451,5.516722,24.388603,0.00074737
4691066880,247480.5,0.0,0.155745,0.001413,-0.223633,0.0,0.9434,0.8254,0.000623,0.000717,0.001355,5.506028,24.288994,0.00074569
4691853312,246872.4,0.002231,0.255487,0.001511,-0.240234,0.0,0.9434,0.8241,0.000662,0.000791,0.001648,5.719573,25.285999,0.000728
4692639744,246782.6,0.002285,0.307542,0.001556,-0.245117,0.0,0.9433,0.8239,0.000839,0.001182,0.0017,6.023298,24.836498,0.00085946
4693426176,246683.6,-0.00312,0.194889,0.001616,-0.231445,0.0,0.943,0.826,0.000807,0.000775,0.001229,5.754472,24.839905,0.00092149
4694212608,245975.0,-0.001007,0.217542,0.001495,-0.232422,0.0,0.9426,0.8241,0.000728,0.000741,0.001581,6.110895,23.953064,0.00078129
4694999040,245883.7,0.000306,0.264051,0.00142,-0.227539,0.0,0.9433,0.8249,0.000685,0.000871,0.001659,5.962982,23.850597,0.00078747
4695785472,245789.5,-0.004552,0.2376,0.001442,-0.21875,0.0,0.9438,0.8239,0.000751,0.000949,0.001762,5.392279,25.23111,0.00074607
4696571904,245689.4,-0.000392,0.361533,0.001414,-0.219727,0.0,0.944,0.8196,0.000688,0.000677,0.001467,5.258591,25.440899,0.00074668
4697358336,245037.2,-0.002644,0.382209,0.001369,-0.227539,0.0,0.9438,0.8165,0.000908,0.000929,0.001294,5.485335,25.279173,0.00067889
4698144768,244937.6,-0.004732,0.265995,0.001361,-0.223633,0.0,0.9442,0.8161,0.00061,0.000882,0.001377,5.653353,24.858471,0.00071249
4698931200,244838.3,0.002583,0.280887,0.001368,-0.226562,0.0,0.9443,0.8151,0.000554,0.000847,0.001584,5.816154,24.594921,0.00073999
4699717632,244183.9,0.007269,0.426838,0.001545,-0.236328,0.0,0.9448,0.8159,0.000779,0.000774,0.001349,5.483136,25.36396,0.00074025
4700504064,244083.4,-0.006463,0.377768,0.00162,-0.240234,0.0,0.9445,0.8132,0.000615,0.000882,0.001148,5.728363,25.375477,0.00079474
4701290496,243985.9,0.005297,0.335989,0.00158,-0.224609,0.0,0.9442,0.8131,0.000567,0.000652,0.001324,5.476688,25.091995,0.00081838
4702076928,243888.0,-0.000217,0.224511,0.001526,-0.228516,0.0,0.9438,0.8134,0.000648,0.000895,0.001259,5.948433,24.870909,0.00076534
4702863360,243313.8,0.001592,0.337148,0.001624,-0.227539,0.0,0.9436,0.8113,0.000585,0.000882,0.001183,5.992832,24.169239,0.00078595
4703649792,243218.2,-0.001481,0.203925,0.001495,-0.216797,0.0,0.9434,0.8109,0.000842,0.000822,0.001407,5.729602,23.976372,0.0008235
4704436224,243122.4,-0.003784,0.146224,0.001502,-0.21875,0.0,0.9426,0.8077,0.000748,0.000612,0.001009,4.880576,25.185997,0.00075391
4705222656,242655.5,-0.003809,0.304589,0.001437,-0.233398,0.0,0.942,0.8054,0.000641,0.000734,0.001237,4.785984,25.252258,0.00075218
4706009088,242569.5,-0.002839,0.119769,0.001387,-0.214844,0.0,0.9416,0.8045,0.000562,0.000933,0.001069,5.160334,24.297323,0.00083281
4706795520,242484.5,0.004096,0.138334,0.001376,-0.21875,0.0,0.9411,0.8014,0.00044,0.000691,0.001148,5.517578,23.943602,0.00071841
4707581952,242399.3,-0.002408,0.119704,0.001358,-0.213867,0.0,0.9407,0.7998,0.000494,0.000631,0.001087,5.493007,23.939734,0.0006957
4708368384,241846.3,0.00311,0.240271,0.001366,-0.220703,0.0,0.9407,0.799,0.000758,0.000856,0.001277,5.19578,24.898056,0.0007668
4709154816,241754.3,-0.002324,0.24763,0.001401,-0.228516,0.0,0.9404,0.7979,0.000843,0.000891,0.00136,5.643772,24.746298,0.00079123
4709941248,241659.3,0.009565,0.281967,0.001378,-0.224609,0.0,0.9402,0.7971,0.000647,0.000839,0.001331,5.652358,24.378508,0.00087212
4710727680,241172.8,0.009439,0.208324,0.001381,-0.225586,0.0,0.9398,0.7969,0.000553,0.000827,0.00116,5.1757,23.470724,0.0008283
4711514112,241072.0,-0.005189,0.22201,0.001399,-0.219727,0.0,0.94,0.7984,0.000582,0.000606,0.001087,5.741318,23.970348,0.00080637
4712300544,240975.3,-0.000661,0.257202,0.001332,-0.22168,0.0,0.9406,0.7977,0.000556,0.000791,0.001337,5.146832,24.957085,0.0007895
4713086976,240876.6,-0.004583,0.192695,0.001378,-0.223633,0.0,0.9405,0.7958,0.000625,0.000688,0.001266,5.427578,24.813095,0.00079356
4713873408,240338.4,-0.000529,0.216659,0.001372,-0.21875,0.0,0.9407,0.7965,0.000715,0.000742,0.0012,5.057384,24.889938,0.00077267
4714659840,240240.6,-0.000733,0.177936,0.001395,-0.216797,0.0,0.9408,0.7969,0.000617,0.000721,0.001018,5.266208,24.418877,0.00080473
4715446272,240142.7,-0.001804,0.204259,0.001347,-0.208984,0.0,0.9412,0.7975,0.000718,0.00079,0.001565,5.152572,24.462156,0.00086813
4716232704,239664.8,-0.002007,0.169154,0.001377,-0.202148,0.0,0.9416,0.7997,0.000842,0.000713,0.001211,5.693996,24.348106,0.00085967
4717019136,239573.9,-0.001349,0.072836,0.001285,-0.204102,0.0,0.9423,0.8036,0.000643,0.000593,0.00106,4.8894,25.786049,0.00075065
4717805568,239483.8,0.003653,0.208018,0.001353,-0.209961,0.0,0.9434,0.8086,0.000584,0.000516,0.001118,4.948262,25.696346,0.00086552
4718592000,239388.8,-0.002285,0.102206,0.001319,-0.208008,0.0,0.9437,0.812,0.00047,0.000637,0.001104,5.274356,25.076023,0.00074423
4719378432,238812.8,0.000954,0.190526,0.00144,-0.208984,0.0,0.9441,0.814,0.000414,0.000576,0.000865,5.263385,24.251371,0.00071953
4720164864,238718.3,0.000654,0.165284,0.001583,-0.201172,0.0,0.9443,0.8179,0.000516,0.000542,0.001025,5.344862,24.35693,0.00079139
4720951296,238622.9,0.001385,0.163762,0.001521,-0.203125,0.0,0.9444,0.8209,0.000521,0.000629,0.000971,4.831009,25.050741,0.00070718
4721737728,238526.9,-0.001644,0.220973,0.001536,-0.203125,0.0,0.9449,0.8268,0.000565,0.000675,0.001065,4.748991,25.190273,0.00079605
4722524160,237975.0,-0.006021,0.236501,0.001545,-0.210938,0.0,0.9451,0.8275,0.000602,0.000625,0.000895,5.076495,25.328804,0.00072784
4723310592,237879.7,-0.005845,0.122433,0.001506,-0.204102,0.0,0.9453,0.8307,0.000605,0.00054,0.001066,5.141416,24.835552,0.0008753
4724097024,237785.0,-0.000419,0.205037,0.001581,-0.213867,0.0,0.9455,0.8354,0.000645,0.000635,0.001216,5.493406,24.581089,0.00076045
4724883456,237103.0,-0.004228,0.186001,0.001614,-0.208984,0.0,0.9458,0.8354,0.000694,0.000756,0.001321,4.905118,25.052448,0.00072599
4725669888,237014.7,0.004557,0.261627,0.001636,-0.206055,0.0,0.9465,0.8366,0.00092,0.000829,0.001437,4.756579,25.371069,0.00077782
4726456320,236930.8,0.005403,0.219434,0.001588,-0.201172,0.0,0.9472,0.8401,0.000633,0.000833,0.001286,4.825796,25.096914,0.00085562
4727242752,236838.5,0.002784,0.220916,0.001604,-0.207031,0.0,0.9478,0.8407,0.00063,0.000643,0.001167,5.069162,24.697727,0.00069178
4728029184,236333.8,0.002301,0.267666,0.001792,-0.206055,0.0,0.948,0.8401,0.000714,0.000689,0.001479,5.272406,24.143316,0.0008443
4728815616,236254.6,-0.002566,0.237509,0.001807,-0.203125,0.0,0.9485,0.841,0.000534,0.00063,0.001096,5.162088,23.919287,0.00081664
4729602048,236162.6,-0.004226,0.280858,0.001677,-0.206055,0.0,0.948,0.8374,0.000438,0.000661,0.001041,4.842751,25.120193,0.00090801
4730388480,235625.7,-0.003975,0.185029,0.001663,-0.202148,0.0,0.9482,0.839,0.000614,0.000618,0.000945,5.139007,25.616943,0.00078959
4731174912,235534.7,0.001069,0.248172,0.001583,-0.209961,0.0,0.9487,0.8407,0.000933,0.000719,0.001164,5.281738,24.935028,0.00076182
4731961344,235442.0,-0.002315,0.215358,0.00163,-0.208008,0.0,0.9485,0.8382,0.000743,0.000778,0.001057,5.092057,24.646887,0.00083281
4732747776,235351.5,0.000735,0.220406,0.001628,-0.208008,0.0,0.9485,0.8386,0.000493,0.000605,0.000952,5.435153,24.412083,0.00070775
4733534208,234853.5,-0.004699,0.187348,0.001474,-0.21582,0.0,0.9488,0.8398,0.000713,0.000634,0.001258,4.96417,25.037025,0.0006849
4734320640,234768.4,-0.003543,0.144241,0.001336,-0.21875,0.0,0.9489,0.8396,0.00067,0.000676,0.001219,5.152681,25.30718,0.00075973
4735107072,234685.2,0.000755,0.117525,0.00137,-0.21582,0.0,0.9495,0.8442,0.000566,0.000564,0.001161,5.347801,25.165228,0.00073896
4735893504,233964.1,0.000154,0.15557,0.001439,-0.220703,0.0,0.9502,0.8469,0.000471,0.000586,0.000974,5.582617,24.175726,0.00075204
4736679936,233877.2,0.004346,0.251449,0.001631,-0.220703,0.0,0.9503,0.8461,0.000537,0.000962,0.001378,5.521725,24.312689,0.0007836
4737466368,233787.0,0.000817,0.300447,0.001593,-0.232422,0.0,0.9499,0.8433,0.000779,0.000984,0.001238,5.806977,24.103903,0.0007784
4738252800,233706.1,-0.004895,0.197818,0.001645,-0.237305,0.0,0.9491,0.8408,0.00049,0.000911,0.001019,5.270676,24.879517,0.00076221
4739039232,233084.5,0.000495,0.200191,0.001396,-0.238281,0.0,0.9489,0.8395,0.000544,0.000704,0.001277,5.194388,25.105932,0.00078628
4739825664,232995.5,-0.005945,0.192081,0.001326,-0.233398,0.0,0.9487,0.8359,0.000678,0.000763,0.001198,5.684667,24.740582,0.0008113
4740612096,232908.3,-0.006419,0.184265,0.001367,-0.228516,0.0,0.9485,0.8355,0.000669,0.000663,0.001049,5.951301,24.448965,0.0008992
4741398528,232455.3,0.000286,0.163943,0.001318,-0.223633,0.0,0.9482,0.8344,0.000572,0.000532,0.000907,6.443559,23.009176,0.00073186
4742184960,232378.5,-0.006439,0.185148,0.00146,-0.237305,0.0,0.9476,0.8319,0.000608,0.000694,0.00186,5.590968,25.248394,0.00069907
4742971392,232299.6,0.005453,0.188619,0.001359,-0.233398,0.0,0.9472,0.8313,0.000556,0.000701,0.001144,5.688692,25.04689,0.00088521
4743757824,232223.2,-0.002567,0.170259,0.001424,-0.232422,0.0,0.9469,0.8297,0.000644,0.00064,0.001121,5.781189,25.044867,0.00081471
4744544256,231755.6,9e-05,0.200485,0.001369,-0.225586,0.0,0.9467,0.8293,0.000605,0.000746,0.00122,5.521553,24.028896,0.00076218
4745330688,231677.2,0.00226,0.244954,0.001278,-0.216797,0.0,0.9465,0.83,0.000681,0.000746,0.001262,5.680383,23.674248,0.00082457
4746117120,231599.3,0.001004,0.239492,0.001406,-0.225586,0.0,0.9458,0.8252,0.000475,0.000621,0.000999,5.047558,25.48349,0.00076168
4746903552,231517.7,0.001783,0.197668,0.001313,-0.219727,0.0,0.9455,0.8236,0.000512,0.000825,0.000996,5.314172,25.462276,0.00073834
4747689984,230984.6,0.006573,0.211656,0.001564,-0.208984,0.0,0.9448,0.8235,0.000689,0.000779,0.001546,5.015628,25.217651,0.00077593
4748476416,230899.3,-0.003179,0.166953,0.001687,-0.208984,0.0,0.9444,0.823,0.00065,0.00061,0.001089,5.170254,25.071249,0.00082441
4749262848,230819.1,0.000891,0.204146,0.001615,-0.210938,0.0,0.9436,0.8216,0.000601,0.000638,0.000883,5.803776,24.497976,0.00081135
4750049280,230215.6,0.003723,0.187824,0.001543,-0.213867,0.0,0.9426,0.8194,0.000528,0.000582,0.00094,5.063557,25.558807,0.00080427
4750835712,230129.6,-0.007277,0.148739,0.001315,-0.21582,0.0,0.9421,0.8214,0.000698,0.000714,0.001145,5.07408,25.555649,0.00078984
4751622144,230037.3,0.001781,0.128631,0.001309,-0.209961,0.0,0.9416,0.8236,0.000452,0.000561,0.000884,4.953475,25.442444,0.00075382
4752408576,229952.3,-0.000515,0.211712,0.001347,-0.213867,0.0,0.9417,0.8279,0.000467,0.000652,0.00114,5.430844,25.113287,0.00081821
4753195008,229477.3,-0.00159,0.217845,0.001413,-0.220703,0.0,0.9416,0.8275,0.000478,0.000588,0.001214,5.463023,24.493284,0.00077573
4753981440,229398.7,0.005545,0.22084,0.001337,-0.219727,0.0,0.9416,0.8279,0.000485,0.000552,0.001065,5.699083,24.263718,0.00076064
4754767872,229319.2,-0.001459,0.197022,0.001382,-0.217773,0.0,0.9415,0.8297,0.000398,0.000637,0.000924,5.334527,25.478107,0.00076079
4755554304,228739.3,-0.006792,0.186754,0.001413,-0.225586,0.0,0.9415,0.8303,0.000447,0.000604,0.001048,5.30293,25.098858,0.00076908
4756340736,228653.7,0.000689,0.288174,0.001503,-0.225586,0.0,0.9408,0.8277,0.000583,0.00085,0.001217,5.618877,24.565979,0.0007956
4757127168,228572.4,0.004946,0.298301,0.00164,-0.228516,0.0,0.9402,0.8245,0.000718,0.000763,0.00121,5.907633,24.337276,0.00076535
4757913600,228485.7,0.004512,0.371605,0.001636,-0.226562,0.0,0.9391,0.8199,0.000564,0.000605,0.000858,6.356677,24.074314,0.00090523
4758700032,227929.3,-0.001329,0.284469,0.001534,-0.22168,0.0,0.9385,0.8179,0.000467,0.000608,0.001183,5.092134,25.468441,0.00076135
4759486464,227846.5,0.007421,0.17859,0.001256,-0.208984,0.0,0.9378,0.8161,0.000496,0.000551,0.000909,5.034325,25.347168,0.00076096
4760272896,227763.5,-0.002002,0.167807,0.001299,-0.202148,0.0,0.9374,0.8169,0.000597,0.000588,0.001114,5.112262,25.009033,0.00077269
4761059328,227275.3,0.002654,0.208107,0.001363,-0.208984,0.0,0.9375,0.8198,0.000588,0.000537,0.000869,5.025366,24.465675,0.00068515
4761845760,227196.3,0.008066,0.207664,0.001456,-0.208008,0.0,0.9381,0.8222,0.000396,0.000581,0.00085,5.449305,24.400915,0.00079012
4762632192,227123.2,-0.006948,0.200018,0.001382,-0.206055,0.0,0.9382,0.8216,0.000408,0.000587,0.000885,5.584713,24.245621,0.0007778
4763418624,227047.5,0.003763,0.268653,0.001468,-0.211914,0.0,0.9382,0.8209,0.000537,0.000525,0.000911,4.996192,25.554909,0.0008362
4764205056,226464.4,0.002965,0.334858,0.001415,-0.227539,0.0,0.9379,0.8194,0.000493,0.000595,0.000801,5.957706,24.983608,0.00065489
4764991488,226381.7,-0.005757,0.372906,0.001401,-0.240234,0.0,0.9377,0.8147,0.000594,0.000731,0.001102,5.829937,24.907001,0.00086944
4765777920,226299.9,0.007398,0.309394,0.001437,-0.234375,0.0,0.9377,0.8118,0.000484,0.00063,0.000933,6.002961,24.41371,0.00081494
4766564352,225829.3,0.003394,0.244116,0.001369,-0.231445,0.0,0.9374,0.8096,0.000407,0.000596,0.000824,5.735945,22.898581,0.00081866
4767350784,225747.5,-0.000388,0.24963,0.001327,-0.229492,0.0,0.9371,0.8063,0.000491,0.000565,0.000929,5.407786,25.303427,0.00087707
4768137216,225671.2,0.001578,0.242755,0.00136,-0.226562,0.0,0.9369,0.8048,0.000584,0.000649,0.00128,5.414614,25.393593,0.00079369
4768923648,225587.3,0.004621,0.181267,0.001371,-0.224609,0.0,0.9373,0.8053,0.000459,0.000483,0.000916,5.436603,25.275223,0.00083187
4769710080,225039.1,0.006602,0.285463,0.001503,-0.224609,0.0,0.9373,0.8059,0.000753,0.000623,0.001077,5.925218,24.247223,0.00083544
4770496512,224963.8,0.002648,0.256884,0.001615,-0.225586,0.0,0.9368,0.8031,0.000691,0.000734,0.00128,5.590417,23.866352,0.00092303
4771282944,224889.0,0.007734,0.312949,0.001621,-0.232422,0.0,0.937,0.8026,0.000839,0.000787,0.001255,5.185203,24.672043,0.00089147
4772069376,224813.4,0.002799,0.282548,0.001653,-0.232422,0.0,0.9369,0.8011,0.000681,0.000636,0.001037,5.597882,24.78949,0.00077713
4772855808,224256.5,-0.005824,0.198223,0.001399,-0.232422,0.0,0.9367,0.8012,0.00059,0.000545,0.001329,5.814999,24.827932,0.00077523
4773642240,224180.0,-0.001103,0.221753,0.001305,-0.225586,0.0,0.9372,0.8018,0.000754,0.000519,0.000988,5.393723,24.937912,0.000916
4774428672,224105.7,0.001899,0.17562,0.00144,-0.224609,0.0,0.938,0.8048,0.000553,0.00061,0.001296,5.578565,24.34782,0.00085289
4775215104,223558.7,-0.000681,0.189699,0.001438,-0.222656,0.0,0.938,0.8035,0.000414,0.000494,0.00087,5.10823,25.361456,0.00076892
4776001536,223485.7,-0.00179,0.247444,0.00143,-0.220703,0.0,0.9381,0.8014,0.00057,0.000666,0.00109,5.095661,25.067968,0.00079717
4776787968,223412.9,0.0004,0.225448,0.001368,-0.21875,0.0,0.9382,0.7995,0.000581,0.000512,0.000856,5.163252,25.000341,0.0007721
4777574400,223339.9,0.006542,0.161503,0.001441,-0.212891,0.0,0.9386,0.8006,0.000496,0.000607,0.00113,5.094967,24.334808,0.00076298
4778360832,222751.4,0.003032,0.179728,0.001507,-0.214844,0.0,0.9388,0.8017,0.000393,0.000623,0.000922,5.255003,24.245003,0.00068397
4779147264,222679.4,-0.002953,0.181967,0.001394,-0.217773,0.0,0.9388,0.8026,0.000461,0.000495,0.00094,5.683142,24.019249,0.00073855
4779933696,222605.5,-0.000259,0.250337,0.001374,-0.219727,0.0,0.9395,0.805,0.00055,0.000681,0.001188,5.298897,25.182516,0.0007457
4780720128,222064.7,-0.002597,0.198207,0.001424,-0.225586,0.0,0.9397,0.8066,0.000512,0.000543,0.000957,5.718311,25.564957,0.00075847
4781506560,221992.6,0.000373,0.179954,0.001296,-0.226562,0.0,0.9404,0.8099,0.000413,0.00054,0.001122,5.548965,24.928196,0.00073118
4782292992,221922.5,0.004989,0.182974,0.00128,-0.212891,0.0,0.941,0.8121,0.00039,0.000672,0.001101,5.538523,24.959585,0.00073433
4783079424,221852.4,0.00246,0.234259,0.001342,-0.224609,0.0,0.941,0.8107,0.000323,0.000461,0.000721,5.587098,24.836697,0.00074248
4783865856,221331.3,-0.002666,0.238623,0.001285,-0.214844,0.0,0.9409,0.809,0.000469,0.000713,0.00108,4.853971,25.509399,0.00074244
4784652288,221259.6,-0.002473,0.125842,0.001196,-0.207031,0.0,0.9411,0.8099,0.000391,0.000534,0.000862,5.105901,25.430038,0.00079436
4785438720,221188.6,-0.002406,0.168607,0.001298,-0.210938,0.0,0.941,0.8112,0.000419,0.000526,0.00086,5.303505,25.17951,0.00067592
4786225152,220708.6,-0.000696,0.177213,0.001271,-0.211914,0.0,0.9414,0.8139,0.000423,0.000452,0.000688,5.295069,24.687347,0.00070636
4787011584,220641.1,0.001036,0.209242,0.001324,-0.211914,0.0,0.9416,0.8151,0.000552,0.000593,0.001126,5.720012,24.779005,0.00078399
4787798016,220572.7,0.00033,0.144783,0.001331,-0.208984,0.0,0.9419,0.8184,0.000565,0.000551,0.000907,5.505324,24.577206,0.0007328
4788584448,220496.6,-0.004264,0.133048,0.001421,-0.203125,0.0,0.9428,0.8254,0.000523,0.000558,0.001333,5.101749,25.819395,0.00068943
4789370880,220010.2,0.006777,0.187068,0.001571,-0.208984,0.0,0.9433,0.8273,0.000479,0.000564,0.00082,5.093389,25.490833,0.00080846
4790157312,219941.8,0.005974,0.225145,0.001555,-0.212891,0.0,0.9437,0.8281,0.000591,0.000535,0.000955,5.148956,25.070257,0.00075531
4790943744,219865.2,-0.004848,0.181705,0.001512,-0.213867,0.0,0.9441,0.8293,0.000531,0.000589,0.000869,5.439921,25.09515,0.00077068
4791730176,219391.6,-0.000445,0.256357,0.001491,-0.21875,0.0,0.9446,0.8296,0.000512,0.000537,0.00101,6.066615,23.466482,0.00079524
4792516608,219323.9,-0.005524,0.151035,0.00152,-0.212891,0.0,0.9457,0.8347,0.000484,0.000471,0.000769,4.910303,25.457966,0.00082859
4793303040,219256.2,-0.00153,0.197063,0.001485,-0.211914,0.0,0.9466,0.8398,0.000309,0.000423,0.000798,5.05465,25.618826,0.00081167
4794089472,219189.3,-0.000941,0.124062,0.00141,-0.205078,0.0,0.9475,0.8449,0.000401,0.000503,0.000769,5.19402,25.299538,0.00089856
4794875904,218695.1,-9e-06,0.135685,0.001397,-0.210938,0.0,0.9483,0.8477,0.000511,0.000519,0.000873,5.518352,24.682751,0.00077952
4795662336,218626.4,-0.000893,0.146163,0.00135,-0.217773,0.0,0.9488,0.8496,0.000486,0.000509,0.000813,5.491971,24.647781,0.00068556
4796448768,218551.8,0.003502,0.186473,0.001331,-0.219727,0.0,0.9494,0.8506,0.000424,0.000613,0.00078,5.546178,24.396206,0.00083826
4797235200,218477.9,0.002533,0.182719,0.001332,-0.217773,0.0,0.9495,0.8501,0.000382,0.000495,0.000694,5.261872,25.278992,0.00076969
4798021632,217932.1,0.002578,0.261675,0.00142,-0.227539,0.0,0.9504,0.8529,0.000425,0.000635,0.000974,5.6209,25.629635,0.00079758
4798808064,217862.1,0.010119,0.250033,0.001358,-0.22168,0.0,0.9507,0.8533,0.00054,0.000643,0.001226,5.690616,25.180679,0.00079252
4799594496,217793.2,0.003244,0.179767,0.001404,-0.220703,0.0,0.9511,0.854,0.000397,0.000568,0.001041,5.728225,24.908127,0.00080658
4800380928,217273.4,0.005702,0.259721,0.001447,-0.222656,0.0,0.9503,0.8497,0.000456,0.000449,0.000782,5.350791,23.595053,0.00079444
4801167360,217207.0,0.004903,0.288549,0.001411,-0.223633,0.0,0.951,0.8498,0.000429,0.000656,0.000983,5.105027,25.808086,0.00074185
4801953792,217138.3,0.005416,0.304425,0.001355,-0.22168,0.0,0.9513,0.8498,0.000486,0.000545,0.001135,5.252674,25.384998,0.00079793
4802740224,217072.7,0.003591,0.23162,0.001446,-0.21875,0.0,0.9517,0.851,0.000405,0.000536,0.000942,5.443256,25.257412,0.00081726
4803526656,216473.5,-0.000698,0.121742,0.001339,-0.21582,0.0,0.952,0.8513,0.000409,0.000495,0.000973,5.537682,24.805897,0.00072684
4804313088,216404.8,0.003892,0.139967,0.001299,-0.216797,0.0,0.9523,0.8516,0.000436,0.000516,0.000952,5.718552,24.50662,0.00080756
4805099520,216334.7,-6.3e-05,0.186335,0.001257,-0.216797,0.0,0.9529,0.8543,0.000564,0.000518,0.000888,5.596087,25.405081,0.0007753
4805885952,215879.8,0.002925,0.247249,0.001419,-0.21875,0.0,0.9527,0.8527,0.000434,0.000616,0.001104,5.352521,25.844021,0.00069551
4806672384,215814.8,0.007598,0.208189,0.001549,-0.214844,0.0,0.9529,0.8521,0.000513,0.000689,0.000996,5.447557,25.311911,0.00077873
4807458816,215741.6,0.000895,0.24455,0.001544,-0.216797,0.0,0.953,0.8504,0.000428,0.000711,0.001161,5.531081,25.098837,0.00080922
4808245248,215667.1,-0.005637,0.22904,0.001677,-0.217773,0.0,0.9532,0.849,0.000529,0.000598,0.001044,5.588555,24.80846,0.00081291
4809031680,215150.5,-0.00307,0.285044,0.001391,-0.227539,0.0,0.9527,0.8462,0.000416,0.000557,0.001112,5.333386,25.779533,0.00082724
4809818112,215084.1,0.004441,0.190574,0.001336,-0.226562,0.0,0.9525,0.8445,0.000591,0.000552,0.000977,5.295828,25.312084,0.00075493
4810604544,215016.0,0.000156,0.278237,0.001377,-0.235352,0.0,0.9521,0.8425,0.00053,0.00049,0.000953,5.812338,25.081587,0.00075573
4811390976,214587.1,0.006084,0.270142,0.001397,-0.231445,0.0,0.9513,0.8395,0.000451,0.000473,0.000927,5.418377,24.333679,0.00083689
4812177408,214522.7,-0.003368,0.194385,0.001384,-0.21875,0.0,0.9514,0.8414,0.000394,0.000554,0.001029,5.315721,24.44293,0.00078189
4812963840,214457.9,0.003811,0.16454,0.001338,-0.213867,0.0,0.9514,0.8432,0.000417,0.000436,0.000638,5.445096,23.875664,0.00066982
4813750272,214393.8,0.00083,0.223282,0.001403,-0.216797,0.0,0.9515,0.8443,0.000367,0.000527,0.000927,5.048842,25.420492,0.00068839
4814536704,213994.2,-0.001366,0.206279,0.001344,-0.223633,0.0,0.9511,0.8441,0.000391,0.000424,0.000826,5.575815,25.342464,0.00068699
4815323136,213935.3,-0.005205,0.173979,0.001446,-0.222656,0.0,0.9507,0.8434,0.000567,0.000582,0.000927,5.739749,25.06146,0.000808
4816109568,213875.6,-0.003469,0.137823,0.001368,-0.214844,0.0,0.9503,0.8422,0.000472,0.000533,0.00073,5.556575,24.901394,0.00070483
4816896000,213496.7,0.003111,0.156614,0.00135,-0.211914,0.0,0.9498,0.8408,0.000332,0.00047,0.000654,5.845936,23.44692,0.00070371
4817682432,213438.8,0.000251,0.159796,0.001311,-0.205078,0.0,0.9498,0.84,0.000321,0.000561,0.000958,4.940653,25.684357,0.00072751
4818468864,213381.1,0.001667,0.183478,0.001312,-0.209961,0.0,0.9499,0.8394,0.000349,0.000519,0.001048,5.07942,25.663342,0.00069788
4819255296,213323.2,0.001194,0.221657,0.001273,-0.213867,0.0,0.9499,0.8386,0.000355,0.000518,0.000839,5.32721,25.523245,0.00074165
4820041728,212524.2,0.004124,0.192732,0.001396,-0.214844,0.0,0.9499,0.8381,0.000319,0.00053,0.000855,5.422274,25.00737,0.00072926
4820828160,212458.7,-0.009451,0.178868,0.001412,-0.21582,0.0,0.95,0.8381,0.000497,0.000549,0.000702,5.571181,24.643951,0.00073499
4821614592,212393.6,-0.002359,0.198725,0.001419,-0.222656,0.0,0.9499,0.8376,0.000437,0.000574,0.000802,5.519478,24.443159,0.00081214
4822401024,212335.2,0.008557,0.234611,0.001374,-0.219727,0.0,0.9495,0.835,0.000433,0.000488,0.000672,5.093607,25.556149,0.00071938
4823187456,211908.4,-0.003404,0.236632,0.001335,-0.224609,0.0,0.9494,0.8348,0.000457,0.0005,0.000783,5.351866,25.251205,0.00068618
4823973888,211850.2,-0.001136,0.165026,0.001348,-0.220703,0.0,0.9491,0.836,0.000444,0.000628,0.001005,5.490705,25.166548,0.0007877
4824760320,211785.4,-0.004635,0.161576,0.00135,-0.213867,0.0,0.9489,0.836,0.000439,0.000451,0.000858,5.646595,24.624443,0.00077346
4825546752,211383.4,-0.000411,0.168517,0.001393,-0.210938,0.0,0.9483,0.834,0.000408,0.000514,0.000887,5.34688,23.835745,0.00078417
4826333184,211317.3,-0.000439,0.159115,0.001349,-0.207031,0.0,0.9484,0.8342,0.000287,0.000444,0.000875,4.884131,25.583838,0.00075052
4827119616,211252.0,0.003501,0.155059,0.001352,-0.206055,0.0,0.9485,0.8352,0.000278,0.000459,0.000887,5.199357,25.350643,0.00070394
4827906048,211196.1,0.00214,0.113689,0.001296,-0.207031,0.0,0.9484,0.8361,0.000353,0.000354,0.000828,5.04861,25.274239,0.00072584
4828692480,210815.0,-0.001455,0.239852,0.001464,-0.214844,0.0,0.9483,0.8364,0.000457,0.000519,0.000874,5.089176,24.774261,0.00063106
4829478912,210747.1,-0.002962,0.230062,0.001482,-0.209961,0.0,0.948,0.8356,0.000452,0.000469,0.000823,5.207321,24.362577,0.00082872
4830265344,210689.1,-0.000774,0.23016,0.001446,-0.210938,0.0,0.9479,0.8356,0.000358,0.00057,0.000882,5.051235,25.277563,0.00078499
4831051776,210257.0,-0.006074,0.142152,0.001639,-0.209961,0.0,0.9482,0.8382,0.000632,0.000556,0.000988,4.969138,25.718731,0.00080811
4831838208,210197.6,-0.001311,0.194543,0.001365,-0.203125,0.0,0.9483,0.8404,0.000556,0.000432,0.001001,5.116302,25.155071,0.00072638
4832624640,210138.5,-0.003901,0.176064,0.001396,-0.201172,0.0,0.948,0.841,0.000459,0.000496,0.000751,5.247974,25.201284,0.00068088
4833411072,210080.0,0.003285,0.134213,0.001379,-0.201172,0.0,0.9478,0.8428,0.00034,0.000312,0.000453,5.135337,24.61462,0.00072849
4834197504,209652.6,-0.001005,0.207035,0.00148,-0.204102,0.0,0.9482,0.8446,0.000298,0.000386,0.000694,4.964173,25.327642,0.00070423
4834983936,209596.5,0.001842,0.141961,0.001504,-0.205078,0.0,0.9485,0.8457,0.000273,0.000381,0.000836,4.974109,25.366898,0.00075858
4835770368,209537.0,0.000918,0.236472,0.001537,-0.213867,0.0,0.9485,0.8444,0.000295,0.00041,0.000749,4.95154,25.364584,0.00074872
4836556800,209129.2,-0.002397,0.274413,0.001501,-0.219727,0.0,0.9486,0.8452,0.000428,0.000538,0.000906,5.458711,25.391773,0.00073385
4837343232,209075.3,-0.000901,0.208352,0.001538,-0.208008,0.0,0.9488,0.8455,0.00033,0.000578,0.000638,5.427783,24.977566,0.0008414
4838129664,209013.5,-0.002029,0.193955,0.001643,-0.207031,0.0,0.9489,0.8436,0.000551,0.000537,0.000701,5.123158,24.682608,0.0007302
4838916096,208949.1,-0.006477,0.29838,0.001601,-0.217773,0.0,0.9492,0.8414,0.000611,0.00065,0.000869,4.876423,25.585632,0.00072103
4839702528,208486.8,-0.007574,0.217764,0.001551,-0.220703,0.0,0.9494,0.8401,0.000355,0.000517,0.000703,5.295859,25.478485,0.00082545
4840488960,208433.0,0.001642,0.218554,0.001591,-0.213867,0.0,0.9487,0.8384,0.00049,0.000589,0.00089,5.159495,25.431639,0.00085428
4841275392,208372.6,0.004246,0.176145,0.001626,-0.208984,0.0,0.9486,0.8393,0.00036,0.000451,0.00071,5.342447,25.201931,0.00083169
4842061824,207917.9,0.000494,0.230786,0.001654,-0.217773,0.0,0.9473,0.8355,0.00035,0.000371,0.000618,5.923446,23.12999,0.00074373
4842848256,207863.6,-0.001606,0.268008,0.001585,-0.211914,0.0,0.9467,0.8352,0.000373,0.000515,0.000792,4.775882,25.69685,0.00069906
4843634688,207810.9,0.000942,0.250139,0.001568,-0.213867,0.0,0.9458,0.8332,0.000351,0.000529,0.000894,5.002881,25.492132,0.00077406
4844421120,207757.7,0.000469,0.240413,0.001599,-0.21582,0.0,0.9442,0.8298,0.000408,0.000429,0.00069,5.345527,25.003891,0.00073775
4845207552,207361.1,0.003434,0.19959,0.001573,-0.211914,0.0,0.9436,0.8286,0.000448,0.000457,0.000808,5.029362,24.696257,0.00075757
4845993984,207302.2,-0.006563,0.141316,0.001529,-0.211914,0.0,0.944,0.8317,0.000562,0.000483,0.000695,5.420508,24.279158,0.00080723
4846780416,207249.5,-0.003433,0.123937,0.00153,-0.211914,0.0,0.9441,0.833,0.000327,0.00041,0.000703,5.464231,24.054871,0.00079463
4847566848,207194.8,-0.001305,0.218305,0.001493,-0.22168,0.0,0.9435,0.8314,0.000459,0.000504,0.000658,5.033747,25.140865,0.00082908
4848353280,206802.4,9e-05,0.284728,0.001442,-0.227539,0.0,0.9438,0.8334,0.000374,0.000516,0.000652,5.97857,25.221119,0.00074067
4849139712,206741.7,-0.003221,0.177439,0.001447,-0.216797,0.0,0.944,0.8343,0.00042,0.000495,0.000905,5.514839,25.200584,0.000826
4849926144,206681.1,-0.002242,0.14139,0.00137,-0.213867,0.0,0.9432,0.8332,0.000323,0.000416,0.000738,5.34158,24.928442,0.00083738
4850712576,206342.5,0.000809,0.159568,0.001468,-0.211914,0.0,0.9424,0.832,0.000299,0.00041,0.000759,5.445818,23.993282,0.00075079
4851499008,206283.2,-0.001541,0.161565,0.001403,-0.204102,0.0,0.9421,0.8305,0.000352,0.00046,0.000633,4.847531,25.854675,0.00076686
4852285440,206227.9,-0.000286,0.145739,0.001372,-0.206055,0.0,0.9418,0.8313,0.000361,0.000417,0.000796,4.909112,25.533758,0.00074773
4853071872,206175.5,0.001773,0.130612,0.001322,-0.204102,0.0,0.9423,0.8341,0.000341,0.000443,0.000838,5.069783,25.548183,0.00080697
4853858304,205747.6,-0.003679,0.198842,0.001394,-0.209961,0.0,0.9425,0.8356,0.000368,0.000496,0.000896,5.139315,25.128128,0.00070035
4854644736,205688.3,-0.001381,0.205947,0.001405,-0.212891,0.0,0.9427,0.8343,0.000468,0.000535,0.000774,5.588855,24.722614,0.00060746
4855431168,205628.0,-0.003052,0.251122,0.00146,-0.217773,0.0,0.9427,0.8315,0.000444,0.00048,0.000721,5.500627,24.491074,0.00071522
4856217600,205238.0,0.001376,0.241575,0.001471,-0.219727,0.0,0.9425,0.8309,0.000476,0.000384,0.000666,5.531604,26.068701,0.0006902
4857004032,205184.2,0.003231,0.40256,0.001483,-0.237305,0.0,0.9422,0.826,0.000535,0.000546,0.000831,5.750027,25.475042,0.000752
4857790464,205131.9,0.006623,0.333312,0.00158,-0.222656,0.0,0.9413,0.8217,0.000412,0.000494,0.000645,5.597855,25.074987,0.00079423
4858576896,205079.0,-0.005138,0.306432,0.001519,-0.21875,0.0,0.9409,0.82,0.000313,0.000444,0.000551,5.866692,24.801474,0.00083671
4859363328,204754.6,-0.005307,0.212292,0.001373,-0.214844,0.0,0.94,0.8186,0.00023,0.000361,0.000665,5.473335,23.899937,0.00079857
4860149760,204701.4,-0.005496,0.148565,0.001403,-0.210938,0.0,0.9398,0.8188,0.000273,0.000415,0.000756,5.203784,25.4998,0.00079402
4860936192,204649.7,-0.000333,0.261077,0.001441,-0.211914,0.0,0.9391,0.816,0.000275,0.000419,0.00069,5.067689,25.174986,0.00072159
4861722624,204311.3,-0.002778,0.301775,0.001498,-0.22168,0.0,0.9388,0.815,0.00038,0.000415,0.000606,5.53642,25.152502,0.00075295
4862509056,204257.6,0.002851,0.308988,0.001406,-0.212891,0.0,0.9389,0.8183,0.000453,0.000415,0.000729,5.541618,24.751072,0.00066757
4863295488,204205.7,0.003031,0.223234,0.001353,-0.209961,0.0,0.9385,0.8178,0.000492,0.000412,0.000629,5.550536,24.379126,0.00073563
4864081920,204154.9,-0.000605,0.237952,0.001445,-0.211914,0.0,0.9384,0.8181,0.000261,0.000405,0.000745,4.852711,25.668629,0.00071034
4864868352,203800.0,0.003692,0.220085,0.001533,-0.208984,0.0,0.938,0.8167,0.000333,0.000386,0.000595,5.117064,25.369148,0.00081832
4865654784,203749.1,-0.005375,0.172047,0.001476,-0.208984,0.0,0.9386,0.8197,0.000376,0.000518,0.000758,5.158608,25.436132,0.00076258
4866441216,203698.7,-0.001611,0.200081,0.001565,-0.207031,0.0,0.9393,0.823,0.000326,0.000347,0.000655,5.172798,24.809719,0.00085997
4867227648,203333.3,5.2e-05,0.16649,0.001474,-0.205078,0.0,0.9401,0.8266,0.000267,0.000376,0.000978,5.509961,23.197073,0.00076273
4868014080,203282.5,-0.000862,0.193097,0.001421,-0.209961,0.0,0.941,0.8275,0.000336,0.000442,0.000625,4.956514,25.451622,0.00077505
4868800512,203230.9,-0.00257,0.224447,0.00143,-0.219727,0.0,0.9415,0.8272,0.000401,0.000521,0.000823,5.178594,25.466125,0.00082913
4869586944,203172.4,0.001943,0.184597,0.001432,-0.212891,0.0,0.9416,0.8269,0.000366,0.000401,0.000872,5.326254,25.294521,0.00080304
4870373376,202865.0,-0.008825,0.165289,0.001458,-0.212891,0.0,0.9417,0.8261,0.000328,0.000324,0.000574,5.344028,25.360571,0.00075418
4871159808,202815.4,0.002101,0.288924,0.001459,-0.21582,0.0,0.9419,0.826,0.000312,0.000427,0.00053,5.511779,25.054495,0.00077296
4871946240,202766.5,-0.004343,0.178766,0.001364,-0.210938,0.0,0.9421,0.8252,0.000295,0.000391,0.000615,5.385622,24.510788,0.00071248
4872732672,202717.6,-0.004143,0.185549,0.001309,-0.212891,0.0,0.9424,0.8253,0.000251,0.000299,0.000583,5.12363,25.546963,0.0008069
4873519104,202388.9,0.001935,0.159535,0.001224,-0.213867,0.0,0.9424,0.8256,0.00038,0.000349,0.000667,5.303066,25.58695,0.00076002
4874305536,202338.0,-0.001544,0.161528,0.001305,-0.207031,0.0,0.9425,0.8255,0.000293,0.000319,0.000594,5.359231,25.408222,0.00078916
4875091968,202286.5,-0.003305,0.188005,0.001231,-0.208984,0.0,0.9424,0.8246,0.00027,0.000341,0.000685,5.182809,25.36293,0.00075122
4875878400,201932.6,-0.001531,0.172048,0.001416,-0.208008,0.0,0.9423,0.8238,0.000261,0.000308,0.00074,5.69224,24.199886,0.00067403
4876664832,201882.8,0.004642,0.204538,0.001516,-0.213867,0.0,0.9421,0.8236,0.000416,0.000404,0.000573,5.087672,25.671408,0.00073052
4877451264,201834.1,-0.001014,0.207351,0.00144,-0.213867,0.0,0.9417,0.8233,0.000458,0.000388,0.000697,5.195127,25.535397,0.00070814
4878237696,201785.3,0.005412,0.226559,0.00148,-0.217773,0.0,0.9415,0.8245,0.000263,0.000361,0.000525,5.37943,25.307074,0.0008046
4879024128,201442.1,-0.002933,0.18927,0.001512,-0.206055,0.0,0.9414,0.8247,0.000258,0.000299,0.000511,5.273003,24.981106,0.00078381
4879810560,201390.6,0.002451,0.150598,0.00142,-0.203125,0.0,0.9416,0.8271,0.000333,0.000315,0.000608,5.390586,24.837158,0.0008004
4880596992,201338.9,0.002719,0.164468,0.001522,-0.203125,0.0,0.9414,0.8284,0.00024,0.000232,0.000483,5.213444,24.594803,0.00082629
4881383424,200997.4,0.003961,0.214818,0.001401,-0.208008,0.0,0.9422,0.8321,0.000289,0.000317,0.00066,4.968688,25.820982,0.0006583
4882169856,200940.6,0.003983,0.287481,0.001537,-0.204102,0.0,0.9424,0.8323,0.000337,0.000371,0.000606,5.27363,25.530273,0.00079249
4882956288,200892.2,0.001489,0.147272,0.001525,-0.197266,0.0,0.9431,0.8347,0.000387,0.000397,0.000797,5.075357,25.352774,0.00079882
4883742720,200843.4,0.001616,0.216072,0.001624,-0.202148,0.0,0.9434,0.8347,0.000293,0.000286,0.000548,5.372515,25.086004,0.00083917
4884529152,200463.9,-0.004395,0.198978,0.001463,-0.203125,0.0,0.9438,0.8371,0.000396,0.000322,0.00061,5.039104,24.373983,0.00077206
4885315584,200415.5,0.002977,0.252118,0.001426,-0.206055,0.0,0.9437,0.8358,0.000309,0.000371,0.000617,4.849463,25.598339,0.00076273
4886102016,200366.7,0.001768,0.187583,0.001406,-0.208984,0.0,0.944,0.8362,0.000265,0.000455,0.000664,4.979478,25.708042,0.00073884
4886888448,200012.6,0.002245,0.143978,0.001487,-0.201172,0.0,0.9447,0.8374,0.000201,0.000279,0.000542,5.059261,25.829153,0.00074626
4887674880,199957.8,-0.001169,0.181049,0.001344,-0.206055,0.0,0.9454,0.8388,0.000287,0.000328,0.00057,5.364177,25.182028,0.00067972
4888461312,199910.1,-0.008996,0.141735,0.001319,-0.205078,0.0,0.9459,0.8393,0.000282,0.000335,0.00058,5.472234,25.214214,0.00078235
4889247744,199858.5,-0.002482,0.160899,0.001355,-0.206055,0.0,0.9464,0.8408,0.000259,0.000298,0.000535,5.003692,26.049675,0.00077103
4890034176,199506.5,-0.002768,0.166887,0.001532,-0.208984,0.0,0.9466,0.8396,0.000257,0.000275,0.000415,5.147078,25.537262,0.00082158
4890820608,199459.3,0.009406,0.224506,0.001482,-0.204102,0.0,0.9461,0.8386,0.000367,0.000364,0.000762,4.933879,25.316864,0.00080584
4891607040,199412.7,0.003805,0.23208,0.001565,-0.205078,0.0,0.9467,0.8415,0.000272,0.000315,0.000536,5.165184,25.123165,0.00076747
4892393472,199088.0,0.001233,0.226949,0.001642,-0.208984,0.0,0.9469,0.8408,0.000281,0.000314,0.000444,5.928668,23.85965,0.00067672
4893179904,199037.9,0.000412,0.221853,0.001349,-0.206055,0.0,0.9467,0.8389,0.000291,0.00033,0.000545,4.816253,25.858274,0.00072901
4893966336,198990.2,-0.00124,0.173284,0.001507,-0.204102,0.0,0.9469,0.8405,0.000314,0.000353,0.000523,4.967306,26.02943,0.00074309
4894752768,198942.9,-0.003774,0.224442,0.001444,-0.208008,0.0,0.947,0.8398,0.000226,0.000321,0.000629,5.208062,25.619732,0.00078016
4895539200,198587.1,-0.002401,0.197128,0.001462,-0.205078,0.0,0.9477,0.8413,0.00023,0.000304,0.000512,5.249985,25.24255,0.00070965
4896325632,198539.1,0.001911,0.175593,0.001498,-0.193359,0.0,0.9478,0.841,0.000254,0.000313,0.000538,4.935265,24.964878,0.00076518
4897112064,198491.8,0.001528,0.196253,0.001545,-0.193359,0.0,0.948,0.8404,0.000335,0.000376,0.000596,4.973256,24.912107,0.00074568
4897898496,198444.6,0.006944,0.214337,0.001559,-0.197266,0.0,0.9483,0.8399,0.000246,0.000329,0.000532,4.560137,25.521069,0.00072006
4898684928,198079.8,0.001704,0.262672,0.001577,-0.21582,0.0,0.9484,0.8379,0.000285,0.000392,0.000659,4.904855,25.553791,0.00071422
4899471360,198033.3,-0.000624,0.285573,0.001497,-0.222656,0.0,0.9483,0.8361,0.000285,0.000446,0.000651,5.448541,25.256529,0.00076672
4900257792,197987.0,-0.005935,0.214964,0.001481,-0.211914,0.0,0.9485,0.8362,0.00027,0.000417,0.000536,5.753279,25.12554,0.00078927
4901044224,197702.5,-0.000167,0.179451,0.001457,-0.211914,0.0,0.9486,0.8372,0.000253,0.000359,0.000664,5.33863,24.755623,0.00070941
4901830656,197656.6,-0.000871,0.184645,0.001349,-0.205078,0.0,0.9492,0.84,0.000226,0.000276,0.000602,5.045682,26.020763,0.0007767
4902617088,197608.7,-0.001654,0.142752,0.001426,-0.207031,0.0,0.9497,0.8423,0.000219,0.000349,0.000581,5.096854,25.944794,0.00074774
4903403520,197562.7,0.001707,0.186437,0.001429,-0.210938,0.0,0.9506,0.8452,0.000196,0.000266,0.000599,5.329405,25.773535,0.00067087
4904189952,197250.3,-0.0053,0.223341,0.001617,-0.212891,0.0,0.9511,0.8468,0.000226,0.000278,0.000578,5.501546,25.117298,0.00077084
4904976384,197204.0,-0.007659,0.250188,0.001493,-0.211914,0.0,0.9511,0.8449,0.000278,0.000407,0.000659,5.419927,25.094326,0.00070654
4905762816,197158.2,0.001731,0.253381,0.001459,-0.212891,0.0,0.951,0.8436,0.000303,0.000393,0.000609,5.715493,24.645697,0.00083149
4906549248,196818.9,-0.002646,0.205563,0.001393,-0.213867,0.0,0.9508,0.8426,0.000284,0.000323,0.000717,5.114011,26.107517,0.00076606
4907335680,196770.4,-0.001574,0.201796,0.001333,-0.216797,0.0,0.9511,0.8437,0.000275,0.000224,0.000585,5.276049,25.854818,0.00073948
4908122112,196723.4,0.004055,0.209669,0.001273,-0.212891,0.0,0.951,0.8438,0.000158,0.000262,0.000559,5.5002,25.356682,0.00069168
4908908544,196676.0,-0.005339,0.207779,0.00125,-0.213867,0.0,0.9511,0.8428,0.000173,0.000288,0.000476,5.467535,25.381392,0.00075745
4909694976,196358.3,-0.004271,0.252085,0.00141,-0.211914,0.0,0.9502,0.8396,0.000206,0.000301,0.000425,5.473604,24.322529,0.00073376
4910481408,196312.4,-0.003473,0.260666,0.001378,-0.209961,0.0,0.95,0.8391,0.000418,0.000269,0.000542,5.090813,25.411762,0.00065204
4911267840,196266.6,-0.002494,0.175245,0.00137,-0.208984,0.0,0.9495,0.8364,0.000285,0.000271,0.000524,5.152099,25.445492,0.00081947
4912054272,195919.4,0.003772,0.267033,0.001425,-0.213867,0.0,0.9497,0.8384,0.00022,0.000305,0.000468,5.678039,26.064999,0.00074709
4912840704,195874.9,0.003856,0.300205,0.001318,-0.22168,0.0,0.9499,0.8366,0.000384,0.000282,0.000444,5.711456,25.39809,0.00082832
4913627136,195824.8,0.005457,0.287031,0.001308,-0.224609,0.0,0.9501,0.836,0.000385,0.000315,0.000551,5.891994,25.213619,0.00073872
4914413568,195780.5,-0.003144,0.25142,0.001331,-0.222656,0.0,0.9502,0.8349,0.000312,0.000286,0.000505,5.620507,24.802944,0.00076577
4915200000,195434.3,-0.003451,0.238695,0.001287,-0.223633,0.0,0.9495,0.8331,0.00023,0.000258,0.000371,5.242024,25.564053,0.00077395
4915986432,195383.1,-0.001604,0.158223,0.001314,-0.211914,0.0,0.9495,0.8346,0.000217,0.000308,0.000464,5.279341,25.405645,0.00087244
4916772864,195337.1,-0.004957,0.169262,0.001383,-0.209961,0.0,0.9481,0.8338,0.000201,0.000309,0.000459,5.222361,25.034208,0.00075386
4917559296,194980.0,-0.004722,0.238328,0.001382,-0.214844,0.0,0.9475,0.8338,0.000213,0.000222,0.000384,5.705789,23.556412,0.00070528
4918345728,194933.8,-0.001337,0.268673,0.001657,-0.209961,0.0,0.9473,0.8314,0.000232,0.000242,0.000468,5.096515,24.158901,0.00076808
4919132160,194890.0,-0.003212,0.275107,0.001522,-0.21582,0.0,0.947,0.8272,0.00024,0.000248,0.000505,4.87464,25.190472,0.00079664
4919918592,194846.2,0.001697,0.355439,0.001558,-0.223633,0.0,0.9466,0.8241,0.000298,0.000281,0.000513,5.28257,25.228745,0.00077186
4920705024,194504.9,-0.000336,0.299594,0.001617,-0.233398,0.0,0.9463,0.8219,0.000168,0.000258,0.000415,5.832899,25.434074,0.00079754
4921491456,194460.6,0.003143,0.250617,0.001389,-0.225586,0.0,0.946,0.8216,0.000192,0.000322,0.000475,5.760942,24.903015,0.00082078
4922277888,194409.7,0.006217,0.183452,0.001468,-0.217773,0.0,0.9459,0.8232,0.000201,0.000256,0.000531,5.636627,24.677771,0.00080749
4923064320,194362.2,-0.001491,0.184061,0.001375,-0.22168,0.0,0.946,0.8241,0.000217,0.000309,0.000526,5.563379,25.616024,0.00082955
4923850752,194058.1,-0.003166,0.312929,0.001381,-0.236328,0.0,0.9455,0.8192,0.000239,0.000292,0.000436,5.309698,25.48444,0.00083251
4924637184,194013.9,0.005866,0.226342,0.001437,-0.217773,0.0,0.9453,0.8171,0.000286,0.00025,0.000529,5.488492,25.066002,0.00088771
4925423616,193969.9,-0.004354,0.246234,0.001461,-0.220703,0.0,0.9449,0.8153,0.000233,0.000243,0.000371,5.748082,25.037771,0.00080913
4926210048,193639.9,0.001244,0.177061,0.001503,-0.219727,0.0,0.9442,0.8139,0.000199,0.000259,0.000409,5.647243,24.148403,0.00078316
4926996480,193595.6,-0.003549,0.210051,0.001435,-0.21582,0.0,0.9441,0.8144,0.000238,0.000345,0.000464,5.003743,25.995398,0.00081092
4927782912,193551.3,0.004716,0.200909,0.001548,-0.217773,0.0,0.9438,0.8157,0.000186,0.000259,0.000372,4.981084,25.893456,0.00079483
4928569344,193507.7,0.001338,0.172391,0.001552,-0.21875,0.0,0.9435,0.8158,0.000221,0.000293,0.000355,5.111459,25.426697,0.00080247
4929355776,193138.8,-0.005309,0.18715,0.001587,-0.22168,0.0,0.9427,0.8134,0.000398,0.000268,0.000559,5.81961,24.471775,0.00083254
4930142208,193094.7,0.001499,0.218356,0.001546,-0.214844,0.0,0.9424,0.8136,0.000155,0.0002,0.000391,5.496976,24.310982,0.00078486
4930928640,193051.0,0.000322,0.165975,0.001437,-0.207031,0.0,0.9416,0.8126,0.000179,0.000235,0.000373,5.500231,24.274368,0.00076446
4931715072,192726.2,-3.1e-05,0.181632,0.001483,-0.205078,0.0,0.9416,0.813,0.000235,0.000222,0.000422,4.910281,25.918758,0.00077994
4932501504,192682.8,0.006801,0.159073,0.00136,-0.200195,0.0,0.942,0.8166,0.000136,0.000178,0.000365,4.964123,25.666615,0.0007844
4933287936,192639.6,-0.001186,0.223043,0.00137,-0.203125,0.0,0.9419,0.8169,0.000116,0.000181,0.000357,5.079792,25.538036,0.00077559
4934074368,192595.6,-0.003072,0.113009,0.001439,-0.202148,0.0,0.9422,0.8185,0.000127,0.000201,0.00042,5.250119,25.329861,0.0007808
4934860800,192252.9,0.004754,0.248959,0.001367,-0.209961,0.0,0.9425,0.8196,0.000187,0.000214,0.000284,5.387122,24.629436,0.00078674
4935647232,192210.1,-0.003673,0.15876,0.001352,-0.208984,0.0,0.9422,0.8206,0.000179,0.000168,0.00044,4.811813,25.786627,0.00077939
4936433664,192167.6,-0.000787,0.257407,0.00133,-0.209961,0.0,0.9415,0.8215,0.000169,0.000185,0.000317,5.186921,25.562695,0.00078807
4937220096,191881.7,0.003633,0.203488,0.001474,-0.211914,0.0,0.9413,0.8237,0.00017,0.000187,0.00026,5.382804,25.866589,0.00077493
4938006528,191840.3,-0.004231,0.167162,0.001447,-0.212891,0.0,0.9418,0.8258,0.00013,0.000211,0.000471,5.499613,25.286591,0.00078693
4938792960,191798.7,0.005933,0.174402,0.001428,-0.210938,0.0,0.9418,0.8252,0.000155,0.000229,0.000321,5.664419,25.201218,0.00076696
4939579392,191756.9,0.001229,0.178932,0.001366,-0.21582,0.0,0.9421,0.8259,0.000133,0.000181,0.000312,5.533945,25.140087,0.00079816
4940365824,191424.6,-0.002989,0.167947,0.001326,-0.208008,0.0,0.9423,0.8273,0.000147,0.000201,0.000346,4.961329,25.566936,0.00076501
4941152256,191382.0,-0.003762,0.111462,0.001314,-0.198242,0.0,0.9425,0.8319,0.000132,0.000187,0.00038,5.045677,25.793816,0.00076605
4941938688,191339.9,0.00187,0.161479,0.001395,-0.198242,0.0,0.9427,0.8368,0.000122,0.00022,0.000406,5.218016,25.4646,0.00069957
4942725120,190954.7,6.2e-05,0.232966,0.001335,-0.201172,0.0,0.943,0.8401,0.00017,0.000165,0.000376,5.70818,24.19014,0.00067594
4943511552,190909.1,-0.000936,0.189751,0.001316,-0.201172,0.0,0.9432,0.842,0.000143,0.000186,0.000363,5.033364,24.809322,0.00071064
4944297984,190866.4,-0.005844,0.153156,0.001338,-0.201172,0.0,0.9436,0.8451,0.000123,0.00019,0.000326,4.967672,25.753765,0.00071244
4945084416,190823.7,4.2e-05,0.138684,0.001408,-0.204102,0.0,0.944,0.8464,0.000153,0.000188,0.0004,4.868744,25.902847,0.00069864
4945870848,190525.5,0.000248,0.221472,0.001414,-0.217773,0.0,0.9442,0.8465,0.000135,0.000205,0.000264,5.29348,25.539846,0.00067844
4946657280,190484.6,0.000584,0.184117,0.001455,-0.209961,0.0,0.9442,0.848,0.000184,0.000218,0.000304,5.347173,25.016302,0.00072424
4947443712,190443.7,0.004006,0.168267,0.001409,-0.204102,0.0,0.9444,0.8487,0.000161,0.00019,0.000299,5.346717,24.883474,0.00076425
4948230144,190402.8,0.004274,0.250369,0.001455,-0.212891,0.0,0.9449,0.8484,0.000156,0.000183,0.000349,5.035108,25.537842,0.00079649
4949016576,190099.4,0.001573,0.204655,0.001364,-0.210938,0.0,0.9451,0.8499,0.00014,0.000204,0.000291,5.22846,25.782232,0.00074513
4949803008,190056.9,0.000666,0.238976,0.001445,-0.212891,0.0,0.9456,0.8513,0.00013,0.000163,0.00034,5.120438,25.815252,0.00079379
4950589440,190014.8,-0.002256,0.165928,0.001411,-0.210938,0.0,0.9459,0.8527,0.000176,0.000162,0.000348,5.572126,25.39386,0.00080487
4951375872,189681.5,-0.004157,0.151137,0.001363,-0.206055,0.0,0.9463,0.854,0.000136,0.000174,0.000283,5.609367,24.741451,0.00075354
4952162304,189636.4,-0.001668,0.153642,0.001336,-0.203125,0.0,0.9471,0.8562,0.000156,0.000166,0.000324,5.113811,25.612232,0.00079782
4952948736,189595.4,-0.001124,0.192832,0.001381,-0.206055,0.0,0.9478,0.8559,0.000192,0.000179,0.000347,4.986284,25.700603,0.00072851
4953735168,189554.5,0.001909,0.149191,0.001314,-0.203125,0.0,0.9483,0.8563,0.000172,0.000165,0.000319,5.131025,25.648108,0.00078084
4954521600,189246.2,-0.001495,0.263101,0.001385,-0.212891,0.0,0.9485,0.8568,0.000139,0.000151,0.000322,5.349753,25.264402,0.00074935
4955308032,189203.0,0.005901,0.228329,0.001452,-0.211914,0.0,0.9487,0.8567,0.000139,0.000155,0.000291,5.345862,25.05068,0.00074294
4956094464,189155.7,-0.001592,0.152638,0.001381,-0.206055,0.0,0.9489,0.8569,0.000133,0.00018,0.000305,5.384225,24.836889,0.0007991
4956880896,188866.5,0.000827,0.172246,0.001336,-0.216797,0.0,0.9491,0.8577,0.000123,0.000141,0.000213,5.467597,26.094784,0.00075315
4957667328,188824.0,-0.001402,0.196682,0.001236,-0.21875,0.0,0.9496,0.8603,0.000113,0.000169,0.000285,5.785132,25.914291,0.00073417
4958453760,188783.6,-0.001656,0.188495,0.001283,-0.22168,0.0,0.95,0.8597,0.000107,0.000169,0.00026,5.699386,25.753248,0.00077498
4959240192,188738.5,-0.002498,0.16037,0.001261,-0.22168,0.0,0.9507,0.8613,8.3e-05,0.000107,0.000206,5.485409,25.596098,0.00074829
4960026624,188414.7,0.001174,0.252176,0.001454,-0.214844,0.0,0.9505,0.8599,0.000137,0.000132,0.0003,5.492465,24.339048,0.00079646
4960813056,188371.6,0.000191,0.227901,0.001461,-0.211914,0.0,0.9507,0.8603,0.000105,0.000144,0.000285,5.156117,25.581627,0.00078967
4961599488,188330.3,0.003527,0.161928,0.001508,-0.208008,0.0,0.9508,0.8598,0.000103,0.000154,0.000206,4.927104,25.528736,0.00074471
4962385920,188021.4,0.001114,0.257982,0.001521,-0.212891,0.0,0.9509,0.8592,0.000137,0.000152,0.000204,5.47193,25.916565,0.00077059
4963172352,187981.4,0.004437,0.316147,0.001635,-0.216797,0.0,0.9508,0.8575,0.000141,0.00015,0.000192,5.676302,25.230972,0.00081947
4963958784,187941.5,0.000803,0.26211,0.001439,-0.216797,0.0,0.9506,0.8549,0.000134,0.000119,0.000201,5.605072,24.800011,0.00078564
4964745216,187901.8,0.000486,0.246436,0.001449,-0.220703,0.0,0.9503,0.8523,0.00015,0.000132,0.000251,5.593767,24.629141,0.00079118
4965531648,187650.3,0.005331,0.159115,0.001505,-0.21875,0.0,0.9495,0.8503,8.8e-05,0.00013,0.000191,5.316897,25.961836,0.0008572
4966318080,187610.5,-0.000213,0.167091,0.001608,-0.213867,0.0,0.9495,0.8513,0.000118,0.000135,0.000298,5.244996,25.704407,0.00086332
4967104512,187571.2,-0.001325,0.211233,0.001569,-0.22168,0.0,0.9493,0.8483,9.1e-05,0.000127,0.000216,5.35102,25.322502,0.00080313
4967890944,187274.6,0.000587,0.181922,0.001713,-0.216797,0.0,0.9491,0.8475,9.1e-05,0.000102,0.000179,5.778761,23.825809,0.00090896
4968677376,187234.5,-0.002709,0.175352,0.001274,-0.21582,0.0,0.9492,0.849,7.5e-05,0.000107,0.000134,5.772147,24.455532,0.00073928
4969463808,187195.1,-0.001019,0.142307,0.001206,-0.212891,0.0,0.9496,0.8528,9.6e-05,8.9e-05,0.000184,5.353616,25.490377,0.00081299
4970250240,187156.0,0.002394,0.17051,0.001227,-0.213867,0.0,0.95,0.8551,8.7e-05,0.000137,0.000181,5.303162,25.569683,0.00073546
4971036672,186820.4,0.001999,0.1271,0.00131,-0.208984,0.0,0.9504,0.8589,8.5e-05,7.7e-05,0.000252,5.26396,25.573477,0.00067716
4971823104,186781.4,0.006702,0.25098,0.001394,-0.212891,0.0,0.9504,0.8571,9.8e-05,0.000122,0.000279,5.548207,25.289236,0.00074846
4972609536,186734.1,0.00297,0.20932,0.001355,-0.212891,0.0,0.9508,0.8579,0.000106,9.7e-05,0.000137,5.467237,25.087706,0.00073622
4973395968,186685.8,-0.004484,0.107423,0.00134,-0.208008,0.0,0.9516,0.8609,7.8e-05,0.000102,0.000196,5.305314,25.081999,0.00080722
4974182400,186409.1,0.001455,0.143472,0.001307,-0.211914,0.0,0.9515,0.8615,7e-05,9.7e-05,0.000229,5.04575,25.972168,0.00079953
4974968832,186367.5,-0.000486,0.193656,0.00128,-0.210938,0.0,0.9518,0.8628,0.000107,0.000103,0.000149,5.225665,25.801609,0.0008317
4975755264,186325.3,-0.002127,0.233669,0.001294,-0.214844,0.0,0.9516,0.8635,8.1e-05,9.4e-05,0.000224,5.532458,25.541052,0.00089722
4976541696,186041.5,-0.008923,0.147633,0.00144,-0.208008,0.0,0.9507,0.8604,8.9e-05,8.7e-05,0.000139,5.340512,24.61874,0.00072452
4977328128,186003.2,-0.00063,0.240239,0.001403,-0.208008,0.0,0.9508,0.859,7.8e-05,9.9e-05,0.000171,5.047963,24.86441,0.0008181
4978114560,185964.9,-0.001847,0.13391,0.001412,-0.203125,0.0,0.951,0.86,9.8e-05,0.000102,0.000196,4.988359,25.665314,0.00076574
4978900992,185925.6,-0.002899,0.147372,0.001519,-0.206055,0.0,0.951,0.8594,8.6e-05,0.000114,0.000171,5.315659,25.734787,0.00070576
4979687424,185615.8,-0.000504,0.192812,0.001426,-0.211914,0.0,0.9506,0.8575,7.2e-05,8.3e-05,0.000165,5.345634,25.339437,0.00082678
4980473856,185576.3,-0.004092,0.14866,0.001417,-0.204102,0.0,0.9503,0.8578,7.8e-05,7.4e-05,0.000156,5.323997,24.928513,0.00077057
4981260288,185538.5,-0.000441,0.17882,0.001405,-0.206055,0.0,0.95,0.859,7.5e-05,8.1e-05,0.000135,5.230011,24.785734,0.00077101
4982046720,185204.4,0.001577,0.194485,0.001539,-0.208984,0.0,0.9498,0.8586,5.8e-05,6.2e-05,0.000113,5.372202,25.721523,0.00069719
4982833152,185165.3,-0.000108,0.224016,0.001244,-0.213867,0.0,0.9503,0.8606,6.7e-05,7.7e-05,0.000117,5.129275,25.874691,0.00076388
4983619584,185126.7,-0.001705,0.17634,0.001337,-0.210938,0.0,0.9509,0.8626,6.6e-05,9.5e-05,0.000124,5.381763,25.484806,0.00081936
4984406016,185088.1,-0.005426,0.13425,0.001249,-0.206055,0.0,0.9518,0.8664,5.6e-05,4.5e-05,8.8e-05,5.49178,25.396032,0.00072533
4985192448,184799.4,-0.006103,0.131108,0.001302,-0.205078,0.0,0.9525,0.8691,4.4e-05,5.5e-05,8.1e-05,5.514866,24.86063,0.00072937
4985978880,184761.6,0.00279,0.154825,0.001235,-0.205078,0.0,0.9532,0.8729,2.8e-05,4e-05,7.6e-05,5.125051,25.814934,0.00072916
4986765312,184722.7,-0.003406,0.123849,0.001272,-0.206055,0.0,0.954,0.8761,3.6e-05,4.7e-05,6.7e-05,5.080056,25.847281,0.00070469
4987551744,184373.3,-0.006185,0.200256,0.00133,-0.209961,0.0,0.9549,0.8793,4.6e-05,3.7e-05,8.9e-05,5.548751,26.132137,0.00077656
4988338176,184332.5,0.001093,0.195087,0.001416,-0.208984,0.0,0.9549,0.878,3.6e-05,3.1e-05,8.3e-05,5.382521,25.763817,0.00082165
4989124608,184292.1,-0.004125,0.193821,0.001348,-0.211914,0.0,0.9556,0.8802,3.8e-05,3.7e-05,4.6e-05,5.42518,25.217901,0.00084722
4989911040,184254.6,0.00077,0.211353,0.001346,-0.214844,0.0,0.9558,0.8798,3.7e-05,3.7e-05,5.5e-05,5.293046,25.369658,0.00068044
4990697472,183922.4,0.000451,0.204366,0.001334,-0.217773,0.0,0.9556,0.8786,2.9e-05,3.1e-05,6.3e-05,5.217149,25.946239,0.00072272
4991483904,183884.9,-0.005422,0.187665,0.001341,-0.21875,0.0,0.9552,0.8765,3e-05,3.7e-05,8.6e-05,5.320196,25.60758,0.00076654
4992270336,183845.7,-0.00407,0.234371,0.00147,-0.216797,0.0,0.9547,0.8738,2.9e-05,3.4e-05,3.7e-05,5.467997,25.211555,0.00073966
4993056768,183545.9,0.000953,0.214872,0.001533,-0.219727,0.0,0.9541,0.8716,3.6e-05,3.3e-05,3.6e-05,5.410951,23.755325,0.00077848
4993843200,183507.6,-0.002323,0.14434,0.0014,-0.199219,0.0,0.9538,0.8719,2.9e-05,2.5e-05,5.5e-05,5.178265,24.445057,0.00081281
4994629632,183463.4,-0.00379,0.167335,0.001444,-0.203125,0.0,0.9535,0.8726,3e-05,3.1e-05,5.5e-05,4.850092,25.536581,0.00071206
4995416064,183425.9,-0.005697,0.154834,0.001392,-0.201172,0.0,0.9529,0.8696,2.3e-05,2.3e-05,7.4e-05,4.966543,25.419323,0.00078759
4996202496,183130.1,0.005956,0.206616,0.001371,-0.208984,0.0,0.9524,0.8681,1.4e-05,2e-05,2.7e-05,5.163435,25.425323,0.00070475
4996988928,183089.2,-0.005077,0.17256,0.001367,-0.204102,0.0,0.9523,0.8679,1.4e-05,1.4e-05,2.3e-05,5.393038,25.258236,0.00075917
4997775360,183052.1,-0.006964,0.200097,0.001403,-0.207031,0.0,0.9522,0.8662,1.1e-05,1.4e-05,1.8e-05,5.642662,25.063162,0.00071768
4998561792,183015.1,0.001277,0.226827,0.001295,-0.208008,0.0,0.9521,0.8661,6e-06,7e-06,2.5e-05,5.284482,24.899113,0.00079511
4999348224,182758.9,-0.002789,0.21163,0.001301,-0.211914,0.0,0.9521,0.8665,4e-06,6e-06,1.1e-05,4.918939,25.927595,0.00077777
5000134656,182721.3,-0.000323,0.200102,0.001295,-0.208008,0.0,0.9518,0.8691,2e-06,2e-06,4e-06,5.151949,25.686003,0.00073843
5000921088,182684.5,-0.00315,0.179358,0.001313,-0.208008,0.0,0.9513,0.8688,2e-06,2e-06,3e-06,5.324063,25.404568,0.0007761
