step,sps,policy_loss,value_loss,mi_loss,div_loss,kl_loss,score,mean_return,ego_enc_delta,partner_enc_delta,road_enc_delta,role_std,role_norm
786432,56610.1,0.005091,3.574052,0.014771,0.999553,0.0,0.1414,-7.7317,0.068945,0.097505,0.11047,0.001943,0.174461
1572864,66492.1,0.000689,3.76741,0.003527,0.999194,0.0,0.1391,-7.6431,0.109145,0.099718,0.093129,0.010772,0.49115
2359296,70887.8,-0.001488,3.402255,0.001936,0.911976,0.0,0.1339,-7.6767,0.140151,0.136395,0.135145,0.056368,1.3316
3145728,63043.3,-0.004075,4.42591,0.0013,0.780396,0.0,0.1304,-7.7539,0.103143,0.087741,0.089063,0.266438,1.237616
3932160,65908.2,-0.003024,4.880369,0.001156,0.784383,0.0,0.1264,-7.8514,0.081062,0.086615,0.063526,0.3868,1.779711
4718592,67885.8,0.002681,4.713609,0.001146,0.791224,0.0,0.1245,-7.8964,0.061944,0.093755,0.075097,0.380313,1.899233
5505024,69371.0,2.7e-05,5.259561,0.001219,0.759618,0.0,0.1224,-7.9203,0.048719,0.069832,0.051419,0.511299,2.197879
6291456,59671.4,-0.004767,4.955026,0.001003,0.79188,0.0,0.1229,-7.8595,0.040143,0.051204,0.036773,0.543917,2.199789
7077888,61429.1,-0.004752,4.319028,0.000856,0.784118,0.0,0.1245,-7.7997,0.030535,0.050816,0.032745,0.518331,2.143
7864320,62923.4,0.003962,4.107562,0.00078,0.79035,0.0,0.125,-7.7455,0.030944,0.054758,0.035027,0.541671,2.173532
8650752,60346.1,-0.001038,4.709561,0.000734,0.834189,0.0,0.1251,-7.7172,0.033964,0.036984,0.023225,0.494977,2.363724
9437184,61688.4,-0.004677,4.794486,0.000735,0.79284,0.0,0.1262,-7.673,0.042345,0.054374,0.037033,0.508834,2.361336
10223616,62870.8,-0.003396,4.80076,0.000691,0.822941,0.0,0.127,-7.6407,0.024749,0.030316,0.028717,0.561665,2.43417
11010048,63916.8,0.010927,4.498157,0.000653,0.839774,0.0,0.1278,-7.6041,0.020193,0.031382,0.030665,0.534199,2.440234
11796480,60404.4,-0.000916,4.859693,0.000667,0.85187,0.0,0.1252,-7.6025,0.012466,0.017254,0.019832,0.578346,2.370492
12582912,61334.3,-0.006275,4.514326,0.000617,0.846717,0.0,0.1218,-7.6229,0.009349,0.017375,0.015648,0.453418,2.282909
13369344,62204.5,0.001205,4.514428,0.000572,0.830254,0.0,0.1198,-7.632,0.010665,0.016201,0.014936,0.431546,2.608962
14155776,61383.8,-0.005977,4.943996,0.000642,0.866877,0.0,0.1169,-7.6584,0.017059,0.023757,0.019906,0.452732,2.549051
14942208,62174.5,0.007725,4.241461,0.000579,0.856088,0.0,0.1189,-7.6203,0.020785,0.02918,0.022893,0.464844,2.43501
15728640,62894.5,0.00439,4.226493,0.000564,0.868669,0.0,0.1203,-7.5819,0.019146,0.034292,0.025727,0.487213,2.39556
16515072,63519.0,-0.001472,4.237986,0.000553,0.878734,0.0,0.1215,-7.5557,0.013981,0.02508,0.021366,0.495683,2.401156
17301504,61406.2,-0.001756,4.773485,0.000548,0.885767,0.0,0.1225,-7.5325,0.020631,0.019905,0.020155,0.445221,2.70605
18087936,62042.4,-0.002513,4.687714,0.000558,0.840005,0.0,0.124,-7.504,0.01453,0.014614,0.013586,0.474591,2.723246
18874368,62692.5,0.005763,4.405209,0.000558,0.835947,0.0,0.1255,-7.4763,0.020033,0.012118,0.012208,0.51537,2.608566
19660800,61815.0,0.001315,4.717519,0.000574,0.858866,0.0,0.1269,-7.4504,0.041636,0.016112,0.013283,0.564443,2.511606
20447232,62365.0,0.001562,4.496416,0.000525,0.862097,0.0,0.1253,-7.4566,0.020895,0.021898,0.017794,0.519924,2.50784
21233664,62881.7,0.001806,4.702249,0.000499,0.868317,0.0,0.1237,-7.4625,0.035138,0.014845,0.014228,0.46932,2.299517
22020096,63378.1,-0.001388,4.447687,0.000495,0.867513,0.0,0.1228,-7.463,0.030663,0.01297,0.009891,0.420967,2.809241
22806528,62751.1,0.001176,4.577039,0.000545,0.888431,0.0,0.1219,-7.4604,0.026643,0.016735,0.014496,0.470574,2.744639
23592960,63224.3,-0.000542,4.246826,0.000503,0.896928,0.0,0.1216,-7.4464,0.026833,0.013773,0.011486,0.480812,2.697008
24379392,63678.4,-0.001045,4.151553,0.000491,0.896199,0.0,0.1215,-7.4358,0.022078,0.009663,0.007602,0.467125,2.610001
25165824,62487.8,-0.001452,4.494165,0.000491,0.899711,0.0,0.1211,-7.4259,0.041828,0.026747,0.020673,0.442433,2.254397
25952256,62919.2,-0.000887,4.455391,0.000462,0.863365,0.0,0.1201,-7.4323,0.024674,0.01914,0.016505,0.392752,2.756132
26738688,63335.4,-0.005993,4.446951,0.000477,0.865789,0.0,0.1188,-7.4399,0.01502,0.013374,0.008896,0.445896,2.699797
27525120,63672.6,-0.005366,4.237241,0.000467,0.861874,0.0,0.1175,-7.443,0.022147,0.015273,0.011642,0.461846,2.65044
28311552,61837.2,0.000962,5.03087,0.000503,0.871301,0.0,0.116,-7.4485,0.012732,0.008191,0.00602,0.545586,2.427126
29097984,62214.6,-0.00451,4.56663,0.000468,0.864614,0.0,0.1139,-7.4545,0.024998,0.016943,0.013793,0.500459,2.339741
29884416,62587.6,-0.004616,4.549383,0.000436,0.864342,0.0,0.1127,-7.461,0.017583,0.015691,0.013504,0.386788,2.573445
30670848,62953.8,-8.3e-05,4.447493,0.000466,0.857166,0.0,0.1112,-7.4575,0.017429,0.016632,0.013117,0.397308,2.608728
31457280,61566.6,0.000817,4.360132,0.000486,0.902282,0.0,0.1099,-7.4391,0.015657,0.015695,0.012343,0.406145,2.597109
32243712,61817.1,-0.004213,3.999883,0.000443,0.905871,0.0,0.1083,-7.4185,0.022361,0.01644,0.015028,0.416196,2.559673
33030144,62130.3,-0.000372,3.767494,0.000426,0.915266,0.0,0.1068,-7.3969,0.018881,0.013269,0.011814,0.440165,2.460153
33816576,61637.8,-0.009718,4.257418,0.000417,0.917386,0.0,0.106,-7.3768,0.022464,0.018142,0.013097,0.301215,2.718937
34603008,61947.6,-0.002544,4.425448,0.000425,0.912012,0.0,0.1047,-7.3845,0.020012,0.013656,0.008342,0.338122,2.726378
35389440,62262.3,0.003073,4.063307,0.000429,0.900591,0.0,0.1035,-7.3817,0.019116,0.010815,0.009904,0.379921,2.498843
36175872,62569.5,-0.004477,3.772945,0.000435,0.90025,0.0,0.1026,-7.3747,0.012725,0.009912,0.008995,0.37135,2.353023
36962304,62267.4,0.003214,4.467733,0.000459,0.918302,0.0,0.1017,-7.379,0.010658,0.011372,0.008957,0.413134,2.243988
37748736,62581.6,-0.001204,3.999854,0.000426,0.928779,0.0,0.1008,-7.3847,0.011347,0.010351,0.007805,0.405378,2.296631
38535168,62883.5,0.003853,4.15056,0.000394,0.920552,0.0,0.1003,-7.3904,0.015317,0.014784,0.011596,0.260161,2.571085
39321600,62672.8,0.005201,4.70875,0.000449,0.910463,0.0,0.0995,-7.3962,0.014925,0.013325,0.010973,0.334683,2.363129
40108032,62946.5,-0.00304,3.709595,0.000408,0.937096,0.0,0.0988,-7.3776,0.01308,0.010021,0.007982,0.333627,2.370072
40894464,63201.9,0.001337,3.422677,0.000396,0.934508,0.0,0.0982,-7.3628,0.016221,0.013186,0.010542,0.317313,2.359495
41680896,63457.6,-0.003301,3.399192,0.000394,0.937414,0.0,0.0975,-7.3398,0.01287,0.010823,0.009413,0.322008,2.280467
42467328,63214.9,-0.001588,3.777078,0.000402,0.952606,0.0,0.0971,-7.3241,0.020147,0.015866,0.015117,0.246538,2.466119
43253760,63444.5,-0.002935,3.59165,0.00039,0.936629,0.0,0.0963,-7.3082,0.01261,0.013493,0.01063,0.25835,2.335688
44040192,63690.1,-0.002251,3.348458,0.000391,0.940285,0.0,0.0957,-7.2899,0.011862,0.011049,0.008143,0.256609,2.353703
44826624,63537.4,-0.006583,3.340079,0.000406,0.957359,0.0,0.0954,-7.266,0.01037,0.011662,0.008146,0.279929,2.279667
45613056,63755.2,-0.00832,3.481952,0.000374,0.956971,0.0,0.0937,-7.2624,0.006936,0.008106,0.005287,0.261967,2.299098
46399488,63975.9,0.002433,3.463017,0.000368,0.958644,0.0,0.092,-7.2538,0.006097,0.00949,0.005254,0.255646,2.232757
47185920,64187.9,0.003981,3.339618,0.000354,0.954407,0.0,0.0907,-7.2564,0.006608,0.008415,0.004587,0.223447,2.432766
47972352,63975.9,0.000651,3.639429,0.000396,0.94276,0.0,0.0892,-7.2447,0.014484,0.017225,0.010569,0.239522,2.321937
48758784,64179.8,0.002406,3.508073,0.000371,0.942402,0.0,0.088,-7.2306,0.013642,0.016671,0.009182,0.274572,2.294447
49545216,64361.1,0.001055,3.320848,0.000368,0.947225,0.0,0.087,-7.2172,0.00757,0.009495,0.006375,0.290725,2.27181
50331648,64034.3,-0.000291,3.707014,0.000385,0.948872,0.0,0.0858,-7.2078,0.014489,0.014915,0.010106,0.288554,2.162505
51118080,64244.5,0.001173,3.408204,0.000353,0.937738,0.0,0.0844,-7.2151,0.013549,0.015419,0.01209,0.228665,2.401092
51904512,63477.7,-0.003513,3.464972,0.000375,0.925492,0.0,0.0824,-7.2165,0.016021,0.015316,0.012247,0.253234,2.182366
52690944,63641.0,0.000418,3.366368,0.000374,0.932053,0.0,0.0805,-7.2101,0.006988,0.007527,0.006913,0.286729,2.16309
53477376,63435.9,-0.001841,3.597615,0.000389,0.94395,0.0,0.0795,-7.1968,0.00864,0.008901,0.008453,0.299517,2.163584
54263808,63639.2,-0.000743,3.366734,0.000352,0.942609,0.0,0.0796,-7.1599,0.011778,0.01447,0.011145,0.276268,2.105701
55050240,63833.0,-0.00389,3.395115,0.00033,0.950989,0.0,0.0796,-7.1334,0.011022,0.0161,0.012118,0.217982,2.327296
55836672,64026.0,0.002282,3.060161,0.000346,0.951046,0.0,0.0797,-7.1092,0.012518,0.016851,0.011398,0.217653,2.303412
56623104,63120.9,0.002846,3.636066,0.000374,0.948298,0.0,0.0804,-7.0713,0.008686,0.013381,0.008536,0.244643,2.186865
57409536,63295.3,-0.007035,3.483105,0.000349,0.940197,0.0,0.0816,-7.0311,0.007422,0.009907,0.006594,0.245254,2.127583
58195968,63464.3,9.8e-05,3.46906,0.000359,0.932592,0.0,0.0827,-6.9904,0.004937,0.004884,0.004372,0.275469,2.037513
58982400,62881.0,0.005453,4.033522,0.00036,0.957297,0.0,0.0839,-6.9514,0.009565,0.011046,0.008742,0.244693,2.155818
59768832,63050.6,0.001475,3.489442,0.00035,0.946812,0.0,0.0847,-6.9269,0.019912,0.021874,0.018991,0.20922,2.184565
60555264,63208.2,-0.000674,3.389119,0.000348,0.935638,0.0,0.0864,-6.8833,0.010611,0.010677,0.009768,0.226468,2.094612
61341696,63368.2,-0.008834,2.907365,0.000343,0.953185,0.0,0.088,-6.8434,0.007572,0.009985,0.007958,0.234684,2.142573
62128128,62664.0,-0.000593,3.37912,0.000361,0.948717,0.0,0.0878,-6.8115,0.006454,0.006903,0.005544,0.256717,2.108388
62914560,62839.1,0.000935,3.258524,0.000341,0.943426,0.0,0.0866,-6.7888,0.00958,0.011774,0.008609,0.271063,2.063313
63700992,63014.3,-0.003355,3.155755,0.000322,0.949387,0.0,0.0856,-6.7797,0.006862,0.008405,0.006977,0.231232,2.237287
64487424,62858.2,0.00079,3.458376,0.000357,0.947644,0.0,0.0843,-6.7637,0.008309,0.01179,0.009972,0.246291,2.200818
65273856,63016.9,1.3e-05,3.007001,0.000323,0.956232,0.0,0.0834,-6.7287,0.010402,0.017031,0.012306,0.228766,2.189268
66060288,63178.1,0.002795,2.766517,0.000329,0.94654,0.0,0.0827,-6.6926,0.00706,0.013236,0.009054,0.245477,2.175532
66846720,63340.7,-0.002797,2.790865,0.000322,0.95251,0.0,0.0818,-6.6635,0.007951,0.009823,0.006804,0.260915,2.162127
67633152,63279.2,-0.005719,3.072921,0.000321,0.95791,0.0,0.082,-6.6402,0.010586,0.014938,0.009759,0.21705,2.268012
68419584,63432.7,-0.00178,3.063342,0.00031,0.953842,0.0,0.0841,-6.5961,0.009002,0.012714,0.007856,0.218165,2.227898
69206016,63580.6,0.00203,2.761271,0.000318,0.951774,0.0,0.0863,-6.5443,0.011457,0.010075,0.00937,0.236629,2.176375
69992448,63467.9,0.001484,2.769953,0.000338,0.962814,0.0,0.0885,-6.5024,0.008334,0.010355,0.009279,0.239614,2.218127
70778880,63626.2,-0.007119,2.587916,0.000323,0.955088,0.0,0.0887,-6.4837,0.010115,0.013835,0.009268,0.234702,2.198619
71565312,63772.6,-0.003052,2.645642,0.000319,0.953548,0.0,0.0889,-6.4646,0.009816,0.013447,0.009746,0.256426,2.122988
72351744,63923.7,0.000124,2.979934,0.000302,0.942717,0.0,0.089,-6.453,0.00699,0.00947,0.006877,0.216362,2.239584
73138176,62916.0,-0.003183,3.372694,0.000335,0.943554,0.0,0.0891,-6.4235,0.005842,0.005127,0.005323,0.230915,2.102334
73924608,63065.2,-0.004619,2.624508,0.000304,0.940356,0.0,0.0888,-6.3848,0.0087,0.00823,0.007899,0.230232,2.075502
74711040,63209.8,0.003076,2.448987,0.000307,0.939174,0.0,0.0888,-6.3487,0.005502,0.00609,0.005432,0.263131,2.091603
75497472,63133.6,-0.005775,2.740898,0.000317,0.955465,0.0,0.0886,-6.3134,0.008823,0.009193,0.00912,0.292637,2.033984
76283904,63242.1,0.003568,2.593242,0.000283,0.962608,0.0,0.0897,-6.2834,0.008905,0.007404,0.007139,0.204266,2.196336
77070336,63374.5,-0.006693,2.54587,0.000303,0.953169,0.0,0.0912,-6.2376,0.011258,0.012735,0.010866,0.203927,2.179506
77856768,63512.2,0.003754,2.465902,0.000309,0.949146,0.0,0.093,-6.188,0.023698,0.008942,0.009243,0.230532,2.164737
78643200,63414.9,0.008225,2.689374,0.000318,0.948199,0.0,0.0949,-6.1324,0.009156,0.005443,0.004658,0.264244,2.131332
79429632,63552.2,-0.004179,2.42158,0.000298,0.947637,0.0,0.0963,-6.0822,0.007239,0.007225,0.00819,0.284635,2.092669
80216064,63684.5,-0.009767,2.295739,0.00028,0.951614,0.0,0.0972,-6.0396,0.009687,0.007946,0.008212,0.259366,1.921143
81002496,63798.9,-0.001758,2.291425,0.000284,0.950906,0.0,0.0978,-6.0131,0.031768,0.008753,0.008217,0.1985,2.303973
81788928,63738.4,-0.000699,2.659586,0.000296,0.95418,0.0,0.0999,-5.956,0.013944,0.011156,0.009031,0.228487,2.182048
82575360,63859.0,-0.004519,2.204027,0.000285,0.949751,0.0,0.1029,-5.8946,0.017817,0.011952,0.010448,0.227709,2.12035
83361792,63980.5,-0.002054,2.072601,0.000282,0.958252,0.0,0.106,-5.8425,0.007422,0.00552,0.005236,0.227021,2.212006
84148224,63896.5,0.003598,2.286281,0.000276,0.966729,0.0,0.1081,-5.7918,0.008306,0.007795,0.005563,0.223194,1.990637
84934656,63992.4,-0.00858,2.171518,0.000261,0.964076,0.0,0.1087,-5.7637,0.008148,0.010561,0.007401,0.19097,2.301531
85721088,63985.7,0.001138,2.185361,0.000269,0.954734,0.0,0.1096,-5.7193,0.009029,0.013909,0.008254,0.205461,2.226109
86507520,64105.9,0.007401,2.135573,0.000273,0.94873,0.0,0.1103,-5.6798,0.006657,0.0103,0.007317,0.216472,2.196221
87293952,63950.1,-0.002208,2.552356,0.000297,0.947941,0.0,0.1107,-5.6458,0.005219,0.007988,0.006011,0.265912,2.118396
88080384,64070.4,-0.005445,2.18457,0.000283,0.948138,0.0,0.1109,-5.6162,0.016183,0.012733,0.009994,0.28195,2.10332
88866816,64192.1,0.004772,2.195204,0.000263,0.952285,0.0,0.1107,-5.601,0.015746,0.012056,0.009017,0.200006,2.244267
89653248,64125.9,-0.001052,2.638534,0.000294,0.949353,0.0,0.1104,-5.5735,0.009304,0.007475,0.006093,0.222685,2.161534
90439680,64231.5,0.004837,2.334381,0.00026,0.949481,0.0,0.1145,-5.5114,0.008226,0.007239,0.006699,0.207469,2.121166
91226112,64338.6,-0.001137,2.169462,0.000262,0.948001,0.0,0.1187,-5.4448,0.007691,0.00598,0.005965,0.220566,2.107831
92012544,64424.7,-0.000677,2.118973,0.000266,0.948572,0.0,0.1231,-5.3758,0.008629,0.004884,0.005103,0.253819,2.088696
92798976,64349.3,-0.000661,2.269473,0.000257,0.970594,0.0,0.1245,-5.3364,0.02399,0.012374,0.010372,0.190255,2.202967
93585408,64444.7,0.003177,1.934438,0.000251,0.966435,0.0,0.1248,-5.288,0.009401,0.006727,0.004527,0.182431,2.216114
94371840,64552.8,-0.002341,1.798273,0.000248,0.955471,0.0,0.125,-5.2339,0.009427,0.01088,0.009345,0.194901,2.199878
95158272,64449.3,0.010321,2.188343,0.000305,0.968477,0.0,0.1254,-5.1791,0.024872,0.012449,0.009598,0.23486,2.149472
95944704,64549.3,0.00169,1.740261,0.000252,0.964343,0.0,0.1278,-5.1333,0.011834,0.012805,0.010027,0.234134,2.195925
96731136,64650.1,0.001233,1.973421,0.000251,0.954967,0.0,0.1299,-5.0896,0.010059,0.00902,0.007266,0.258241,2.107182
97517568,64736.2,-0.007653,1.913152,0.000235,0.958747,0.0,0.1311,-5.0614,0.017269,0.011807,0.008658,0.197104,2.246647
98304000,64672.1,0.005157,2.306328,0.000259,0.952274,0.0,0.1325,-5.0107,0.022023,0.010904,0.009014,0.208069,2.169498
99090432,64762.8,0.005026,1.723434,0.000237,0.962003,0.0,0.133,-4.956,0.019328,0.009249,0.007916,0.212539,2.097642
99876864,64857.8,0.001347,1.654447,0.00024,0.955237,0.0,0.134,-4.9067,0.008371,0.00592,0.005504,0.222163,2.115404
100663296,64762.2,-0.00421,2.06203,0.000257,0.960728,0.0,0.1349,-4.865,0.00637,0.004996,0.004743,0.286269,2.063714
101449728,64859.8,-0.002683,1.877001,0.000249,0.950065,0.0,0.1361,-4.8484,0.010361,0.010517,0.010042,0.179728,2.172035
102236160,64954.2,-0.008638,1.900264,0.000261,0.947226,0.0,0.1378,-4.8163,0.008428,0.007787,0.007783,0.200306,2.168608
103022592,65055.0,-0.000965,1.806998,0.000262,0.950031,0.0,0.1393,-4.7884,0.007882,0.007868,0.007255,0.208927,2.158746
103809024,64982.3,-0.00212,1.826369,0.000261,0.956228,0.0,0.1407,-4.7508,0.007246,0.00638,0.005435,0.245051,2.150802
104595456,65072.5,0.003091,1.554094,0.000242,0.962019,0.0,0.1417,-4.7084,0.013091,0.012869,0.01183,0.251002,2.109372
105381888,65162.8,0.004379,1.555269,0.000233,0.960265,0.0,0.1427,-4.6666,0.008648,0.007593,0.006951,0.239647,2.073792
106168320,65145.5,-7e-06,1.649058,0.000236,0.955999,0.0,0.1431,-4.6401,0.014736,0.008763,0.007555,0.18223,2.185611
106954752,65074.7,-0.003784,1.820264,0.000244,0.968356,0.0,0.1449,-4.5887,0.015672,0.010705,0.010009,0.190825,2.133778
107741184,65159.1,-0.001267,1.474412,0.000238,0.962795,0.0,0.1473,-4.5338,0.018311,0.011436,0.010895,0.197904,2.225552
108527616,65243.2,0.000414,1.532176,0.000228,0.955186,0.0,0.1499,-4.4792,0.006912,0.005621,0.005846,0.217962,2.104056
109314048,65130.6,-0.004845,1.768633,0.000236,0.968157,0.0,0.1512,-4.4351,0.008007,0.006177,0.006249,0.256305,2.037377
110100480,65213.6,-0.008733,1.546342,0.000229,0.965641,0.0,0.1502,-4.4263,0.018364,0.016322,0.015583,0.173309,2.152121
110886912,65302.6,-0.004387,1.601611,0.000232,0.963592,0.0,0.1485,-4.4087,0.009066,0.009214,0.007112,0.181275,2.136978
111673344,65386.3,0.000142,1.519508,0.000233,0.962984,0.0,0.1469,-4.3883,0.00787,0.008642,0.007037,0.195742,2.127342
112459776,65291.1,0.0072,1.729687,0.000256,0.965925,0.0,0.146,-4.3677,0.008875,0.008566,0.007434,0.224764,2.103465
113246208,65380.0,-0.004811,1.481248,0.000239,0.969122,0.0,0.1451,-4.345,0.007251,0.007244,0.00725,0.226575,2.13278
114032640,65470.2,-0.003423,1.485406,0.000226,0.970091,0.0,0.1443,-4.3253,0.007016,0.007055,0.007206,0.159355,2.24294
114819072,65410.5,-0.00566,1.852027,0.000244,0.975068,0.0,0.1436,-4.3117,0.012486,0.012166,0.017135,0.190089,2.204496
115605504,65481.5,0.003054,1.594959,0.000215,0.966803,0.0,0.1431,-4.2821,0.012251,0.012151,0.011117,0.192441,2.192419
116391936,65562.8,-0.004712,1.558916,0.000213,0.966462,0.0,0.1426,-4.2532,0.005616,0.0063,0.006429,0.205029,2.21797
117178368,65639.1,-0.000861,1.617751,0.000205,0.966124,0.0,0.1423,-4.2236,0.006037,0.006423,0.007048,0.215994,2.177438
117964800,65469.9,0.004428,1.710656,0.000219,0.971015,0.0,0.1404,-4.2108,0.010607,0.011203,0.011126,0.17544,2.271065
118751232,65538.5,-0.003388,1.652386,0.000222,0.954613,0.0,0.1387,-4.2037,0.014407,0.012341,0.011975,0.185833,2.181958
119537664,65564.5,0.002317,1.395465,0.000225,0.960998,0.0,0.1364,-4.1879,0.014138,0.008199,0.00735,0.208211,2.12101
120324096,65069.4,-0.000634,1.425824,0.000234,0.962011,0.0,0.1346,-4.1697,0.013011,0.008584,0.008794,0.221737,2.137789
121110528,65131.4,0.00202,1.314539,0.000226,0.955453,0.0,0.1368,-4.1386,0.025554,0.01061,0.009683,0.235156,2.139936
121896960,65180.3,0.002333,1.339482,0.000228,0.963864,0.0,0.1392,-4.1134,0.01979,0.009554,0.008856,0.270754,2.125504
122683392,65245.7,-0.002783,1.434904,0.000213,0.964644,0.0,0.1404,-4.0978,0.011789,0.007926,0.007588,0.177332,2.26929
123469824,65169.5,-0.002248,1.553443,0.000223,0.970127,0.0,0.1408,-4.0684,0.009341,0.007072,0.007941,0.196805,2.21371
124256256,65241.8,0.008507,1.501616,0.000208,0.963291,0.0,0.1393,-4.0424,0.008276,0.006874,0.00643,0.194477,2.151768
125042688,65322.0,-0.003208,1.391734,0.000212,0.96271,0.0,0.1384,-4.019,0.00952,0.007455,0.007064,0.21775,2.137164
125829120,65264.6,0.003282,1.576641,0.000222,0.961463,0.0,0.1378,-3.994,0.005937,0.005073,0.006144,0.276174,2.091633
126615552,65341.4,-0.005937,1.438319,0.000208,0.95792,0.0,0.1376,-3.984,0.012804,0.012272,0.010752,0.175112,2.164383
127401984,65421.6,-0.004092,1.368917,0.000217,0.957936,0.0,0.1365,-3.9802,0.007037,0.005599,0.006021,0.176015,2.221696
128188416,65495.5,-0.006883,1.291319,0.00021,0.957911,0.0,0.1347,-3.9674,0.008265,0.006948,0.007105,0.189448,2.222096
128974848,65161.6,-0.003174,1.476898,0.000223,0.957903,0.0,0.1337,-3.9468,0.007311,0.006351,0.005541,0.217018,2.152372
129761280,65234.5,0.006711,1.409892,0.00022,0.95868,0.0,0.1336,-3.9222,0.009982,0.010205,0.009863,0.238363,2.134098
130547712,65286.6,0.003724,1.461452,0.000224,0.954936,0.0,0.1336,-3.8964,0.009458,0.008267,0.007426,0.255548,2.054335
131334144,65352.5,-0.003171,1.515992,0.000221,0.948788,0.0,0.1338,-3.8814,0.009999,0.009916,0.009066,0.194345,2.190958
132120576,65296.0,-0.002564,1.784713,0.000238,0.957769,0.0,0.1347,-3.8582,0.013438,0.008101,0.008676,0.206585,2.118021
132907008,65367.4,0.003594,1.327187,0.000225,0.960488,0.0,0.1356,-3.841,0.010618,0.007715,0.0073,0.213124,2.138263
133693440,65443.2,0.003846,1.262617,0.000221,0.967828,0.0,0.1364,-3.8251,0.010493,0.008417,0.008611,0.23579,2.167254
134479872,65411.3,-0.002333,1.340307,0.00023,0.970214,0.0,0.1361,-3.817,0.011207,0.011719,0.009546,0.241424,2.18158
135266304,65484.3,-0.002741,1.446662,0.000206,0.958702,0.0,0.1351,-3.8161,0.011272,0.011429,0.008484,0.175896,2.251273
136052736,65563.2,-0.000252,1.318898,0.000211,0.961778,0.0,0.1338,-3.8077,0.010616,0.009449,0.007444,0.214109,2.197043
136839168,65636.9,-0.001876,1.264688,0.000214,0.97013,0.0,0.1328,-3.7988,0.007726,0.005758,0.005163,0.198462,2.22255
137625600,65593.7,-0.006179,1.173126,0.000223,0.969624,0.0,0.1332,-3.7796,0.008646,0.006826,0.006295,0.209297,2.180985
138412032,65653.1,-0.009123,1.166296,0.000234,0.962992,0.0,0.134,-3.7557,0.008801,0.007251,0.007469,0.227172,2.139739
139198464,65720.3,0.004501,1.263756,0.000278,0.964326,0.0,0.1348,-3.7352,0.012225,0.008986,0.008531,0.225004,1.945925
139984896,65659.3,-0.001984,1.26393,0.000285,0.969652,0.0,0.1354,-3.7192,0.011866,0.007989,0.008212,0.198435,2.250147
140771328,65724.7,0.002119,1.115497,0.000209,0.964235,0.0,0.1357,-3.6869,0.009032,0.009149,0.007366,0.189168,2.205927
141557760,65788.4,-0.005658,1.204286,0.000211,0.955525,0.0,0.1362,-3.6512,0.007553,0.006297,0.006435,0.20764,2.129896
142344192,65857.7,0.001145,1.126075,0.000207,0.95706,0.0,0.137,-3.6157,0.007082,0.00465,0.004494,0.235028,2.10245
143130624,65650.6,-0.000337,1.225125,0.000202,0.9629,0.0,0.1384,-3.5798,0.011741,0.00886,0.009162,0.23265,1.873016
143917056,65717.4,0.000529,1.230224,0.0002,0.970831,0.0,0.1395,-3.5556,0.012032,0.011928,0.016565,0.189426,2.223501
144703488,65779.4,0.003689,1.07827,0.000202,0.963474,0.0,0.1412,-3.5202,0.009555,0.009739,0.016371,0.202985,2.2379
145489920,65720.1,0.001904,1.255157,0.000214,0.964667,0.0,0.1428,-3.4863,0.01227,0.009002,0.02112,0.211107,2.140326
146276352,65784.2,-0.006488,1.10501,0.000211,0.956119,0.0,0.1455,-3.4438,0.010458,0.009543,0.009189,0.240013,2.098077
147062784,65850.0,0.002826,1.178892,0.000213,0.959913,0.0,0.1479,-3.4092,0.006146,0.005087,0.008587,0.262788,2.117133
147849216,65915.5,-0.001826,1.144764,0.000207,0.96058,0.0,0.1496,-3.3897,0.013102,0.00934,0.012064,0.178658,2.144824
148635648,65784.5,0.003313,1.313302,0.000221,0.959054,0.0,0.1515,-3.3609,0.006785,0.005246,0.006563,0.199273,2.134611
149422080,65847.9,-0.001886,1.084831,0.000206,0.958991,0.0,0.153,-3.3306,0.010486,0.006375,0.009206,0.20653,2.118882
150208512,65891.4,-0.002809,0.979303,0.000205,0.959615,0.0,0.1547,-3.2986,0.006751,0.005438,0.005961,0.230766,2.124198
150994944,65817.4,-0.000166,1.116152,0.000217,0.966414,0.0,0.1567,-3.2702,0.010827,0.010984,0.012187,0.269551,2.066525
151781376,65876.9,0.003585,1.01228,0.000206,0.966282,0.0,0.1572,-3.2574,0.01622,0.011747,0.012551,0.182475,2.190796
152567808,65934.8,0.000593,1.113284,0.000216,0.970751,0.0,0.1577,-3.234,0.011319,0.00952,0.01119,0.183142,2.13779
153354240,65991.5,-0.004722,0.943591,0.000217,0.970686,0.0,0.1579,-3.212,0.006955,0.006183,0.007487,0.180032,2.189934
154140672,65927.3,0.001213,0.980359,0.000214,0.964735,0.0,0.1579,-3.1831,0.009628,0.008586,0.008529,0.199657,2.163377
154927104,65981.0,-0.004444,1.11425,0.000201,0.967019,0.0,0.1584,-3.1528,0.011479,0.010694,0.01003,0.229163,2.099769
155713536,66038.0,-0.003168,1.016001,0.000202,0.961661,0.0,0.16,-3.1195,0.008766,0.008846,0.009562,0.256964,2.086213
156499968,66092.3,0.003414,1.00428,0.000196,0.961134,0.0,0.1612,-3.0977,0.011437,0.009114,0.009202,0.198926,2.234937
157286400,65825.6,-0.003127,1.114234,0.00021,0.9678,0.0,0.1629,-3.0625,0.010465,0.010117,0.011479,0.199499,2.170969
158072832,65868.7,0.000956,0.933792,0.000196,0.966546,0.0,0.1651,-3.0217,0.005679,0.005124,0.00594,0.209032,2.180608
158859264,65919.9,-0.008495,0.966775,0.000194,0.959522,0.0,0.1673,-2.984,0.008569,0.009521,0.008612,0.219676,2.195318
159645696,65868.5,-0.002141,1.027585,0.000193,0.961739,0.0,0.1692,-2.9427,0.004519,0.004941,0.004396,0.24488,2.080922
160432128,65925.5,0.001765,0.887078,0.000184,0.960795,0.0,0.1704,-2.9107,0.011831,0.011534,0.012144,0.184609,2.220611
161218560,65961.5,0.00027,0.933604,0.000185,0.955078,0.0,0.1722,-2.8632,0.006299,0.004472,0.005455,0.198489,2.165473
162004992,66016.9,-0.000623,0.971735,0.000193,0.949137,0.0,0.1746,-2.8181,0.006137,0.005587,0.005251,0.205633,2.163603
162791424,65961.6,-0.001426,1.059926,0.000202,0.95522,0.0,0.1781,-2.7728,0.010454,0.008374,0.009493,0.273642,2.112025
163577856,66010.5,-0.000772,0.913303,0.000207,0.965045,0.0,0.1814,-2.7345,0.008611,0.008699,0.008264,0.278662,2.142627
164364288,66055.7,-0.001657,0.896201,0.000186,0.961494,0.0,0.1847,-2.695,0.007959,0.007252,0.00729,0.283037,2.087866
165150720,66001.5,-0.003191,0.957347,0.000192,0.961946,0.0,0.1865,-2.6687,0.009674,0.008685,0.008098,0.191533,2.239246
165937152,66053.2,-0.001624,0.942957,0.000189,0.959485,0.0,0.189,-2.6361,0.009881,0.007781,0.009251,0.20673,2.21226
166723584,66105.5,-0.007835,0.849662,0.000187,0.968689,0.0,0.1921,-2.6004,0.00885,0.007426,0.009808,0.215587,2.239135
167510016,66156.2,0.006962,0.917123,0.000186,0.974239,0.0,0.1948,-2.5641,0.012902,0.00983,0.00989,0.230917,2.200173
168296448,66064.0,-0.002775,0.927501,0.000189,0.976879,0.0,0.1985,-2.5262,0.005998,0.006321,0.004627,0.242848,2.146717
169082880,66111.4,-0.000946,0.927327,0.000189,0.963281,0.0,0.2014,-2.5006,0.011668,0.01349,0.010439,0.181177,2.269806
169869312,66125.5,-0.002065,0.921346,0.000185,0.960389,0.0,0.2056,-2.4589,0.007139,0.006147,0.005491,0.197533,2.212439
170655744,65857.2,0.002433,0.935032,0.000193,0.966842,0.0,0.2102,-2.4211,0.008758,0.006917,0.005925,0.21392,2.18926
171442176,65906.5,-0.002922,0.787509,0.000179,0.967363,0.0,0.2134,-2.386,0.006341,0.006525,0.005562,0.222158,2.214724
172228608,65960.0,-0.00592,0.785126,0.000178,0.967514,0.0,0.2164,-2.3516,0.005635,0.006253,0.005014,0.232364,2.196147
173015040,66004.2,-0.003947,0.859204,0.000171,0.970212,0.0,0.2191,-2.3207,0.005673,0.006208,0.00561,0.17929,2.315947
173801472,65914.3,0.000299,0.887825,0.000173,0.967175,0.0,0.2207,-2.2973,0.006116,0.007054,0.005458,0.186814,2.257066
174587904,65936.5,0.000229,0.78746,0.000163,0.964847,0.0,0.2225,-2.2653,0.005877,0.006961,0.005626,0.19265,2.235049
175374336,65980.1,0.003116,0.764615,0.000164,0.967301,0.0,0.2241,-2.2325,0.006152,0.00553,0.005861,0.214489,2.270287
176160768,65930.6,-0.006939,0.783085,0.000167,0.969587,0.0,0.2251,-2.2023,0.007894,0.007075,0.005893,0.229086,2.199731
176947200,65971.8,-0.010132,0.9434,0.00016,0.963321,0.0,0.2258,-2.1803,0.007188,0.007589,0.006679,0.193818,2.307776
177733632,65993.1,0.001606,0.979906,0.000173,0.953311,0.0,0.2265,-2.164,0.010683,0.009623,0.009116,0.199326,2.234562
178520064,66034.4,-0.003553,0.971286,0.000174,0.954893,0.0,0.2283,-2.1384,0.009858,0.008162,0.008868,0.211933,2.200577
179306496,65965.1,0.008548,0.941297,0.000181,0.961517,0.0,0.2318,-2.1088,0.008162,0.006886,0.006765,0.22897,2.17665
180092928,66003.6,-0.002063,0.803047,0.00018,0.968563,0.0,0.2364,-2.0766,0.008179,0.008337,0.009922,0.248966,2.111875
180879360,66046.6,-0.002367,0.717601,0.000197,0.965213,0.0,0.2404,-2.0462,0.011031,0.011608,0.012037,0.258474,2.128057
181665792,66091.4,-0.006,0.686386,0.00017,0.970004,0.0,0.2434,-2.0249,0.008169,0.008416,0.009736,0.179727,2.282393
182452224,66035.0,-0.004531,0.87218,0.000199,0.973155,0.0,0.2495,-1.9929,0.009591,0.007328,0.007437,0.194168,2.20123
183238656,66076.5,-0.005152,0.680451,0.000178,0.967827,0.0,0.2563,-1.9541,0.009775,0.009478,0.015212,0.207084,2.246078
184025088,66114.7,-0.004905,0.727061,0.000171,0.964684,0.0,0.2622,-1.9186,0.012986,0.008781,0.013499,0.226822,2.172359
184811520,66047.2,-0.005772,0.758727,0.00018,0.966843,0.0,0.267,-1.8893,0.007609,0.006097,0.006683,0.237059,2.158609
185597952,66088.0,0.0048,0.886568,0.000169,0.96043,0.0,0.2687,-1.8744,0.007499,0.00869,0.008173,0.201751,2.283183
186384384,66124.0,-0.0043,0.912144,0.000171,0.960848,0.0,0.2711,-1.853,0.006213,0.006684,0.006339,0.198408,2.238209
187170816,66166.9,-0.004165,0.840248,0.000171,0.962649,0.0,0.2734,-1.8321,0.006612,0.005913,0.005041,0.204118,2.241925
187957248,66106.3,0.003246,0.750672,0.000165,0.976003,0.0,0.277,-1.8089,0.006456,0.007869,0.006398,0.226832,2.213336
188743680,66152.3,-0.001711,0.786952,0.000161,0.975047,0.0,0.2809,-1.7895,0.006357,0.005929,0.005353,0.215971,2.247517
189530112,66196.4,-0.002217,0.773007,0.00016,0.972578,0.0,0.2845,-1.7697,0.004294,0.006813,0.004751,0.205449,2.198056
190316544,66151.4,-0.003587,0.801289,0.000161,0.971813,0.0,0.2871,-1.7529,0.006379,0.006826,0.005009,0.195611,2.283213
191102976,66193.2,-0.003635,0.838222,0.000169,0.955862,0.0,0.289,-1.7379,0.01436,0.010951,0.007748,0.207247,2.25693
191889408,66232.0,0.000635,0.739941,0.000161,0.963073,0.0,0.2912,-1.7201,0.00905,0.009221,0.007517,0.226623,2.221469
192675840,66254.4,0.004027,0.760612,0.000167,0.965183,0.0,0.2941,-1.7028,0.008963,0.006655,0.006827,0.250077,2.231009
193462272,66178.3,0.00301,0.751416,0.000159,0.966459,0.0,0.2981,-1.681,0.010449,0.010372,0.010602,0.236241,2.167391
194248704,66221.4,8.7e-05,0.749183,0.000148,0.962441,0.0,0.3007,-1.6621,0.009671,0.01045,0.009924,0.19966,2.198302
195035136,66264.8,-0.001871,0.749747,0.000159,0.961555,0.0,0.3051,-1.6313,0.009056,0.008462,0.009268,0.202591,2.168251
195821568,66194.9,-0.002821,0.741884,0.000158,0.965014,0.0,0.31,-1.6013,0.007926,0.007236,0.006867,0.215148,2.1888
196608000,66225.4,-0.002403,0.79983,0.000164,0.968158,0.0,0.3142,-1.5836,0.013931,0.014306,0.014776,0.233978,2.146079
197394432,66255.1,0.001457,0.745943,0.000162,0.961123,0.0,0.3182,-1.5638,0.01137,0.007791,0.008503,0.255795,2.122807
198180864,66291.7,0.003808,0.799556,0.000165,0.96892,0.0,0.3219,-1.548,0.00611,0.00549,0.005981,0.235021,1.950248
198967296,66179.7,-0.003486,0.82514,0.000169,0.962075,0.0,0.3237,-1.5372,0.007393,0.007871,0.006672,0.204544,2.195062
199753728,66218.1,-0.003342,0.816025,0.000159,0.954265,0.0,0.3262,-1.5233,0.007774,0.00874,0.006709,0.216393,2.153603
200540160,66253.1,-0.002049,0.787017,0.000159,0.956456,0.0,0.3298,-1.5031,0.00591,0.006022,0.005208,0.244984,2.158215
201326592,66169.6,-0.00225,0.738324,0.000161,0.967113,0.0,0.3335,-1.4837,0.008948,0.00777,0.006914,0.277465,2.107374
202113024,66208.4,-0.005732,0.78755,0.00016,0.962254,0.0,0.336,-1.4785,0.011043,0.00963,0.009547,0.228086,2.005715
202899456,66242.0,0.003061,0.843142,0.000162,0.957951,0.0,0.3371,-1.477,0.005355,0.005946,0.004991,0.197051,2.266035
203685888,66280.5,0.006738,0.842359,0.000163,0.956025,0.0,0.3391,-1.4735,0.00744,0.009644,0.009571,0.214097,2.238605
204472320,66243.8,-0.006204,0.866734,0.000164,0.959222,0.0,0.3412,-1.4648,0.006711,0.007559,0.007741,0.238889,2.187611
205258752,66278.2,0.005705,0.74123,0.000158,0.959589,0.0,0.3439,-1.4473,0.009846,0.009806,0.011247,0.240523,2.11775
206045184,66316.8,0.001789,0.756659,0.000154,0.954546,0.0,0.3458,-1.4321,0.008156,0.006796,0.010333,0.262828,2.093594
206831616,66343.6,-0.009293,0.749632,0.000153,0.954666,0.0,0.3462,-1.4232,0.006899,0.006272,0.008068,0.213262,2.192061
207618048,66270.7,-0.000416,0.831715,0.000165,0.95627,0.0,0.3468,-1.4114,0.006564,0.005771,0.006361,0.21385,2.14316
208404480,66305.7,-0.005813,0.717192,0.000157,0.95497,0.0,0.3487,-1.4007,0.007799,0.005799,0.006079,0.221162,2.146687
209190912,66341.6,-0.003888,0.682454,0.000156,0.955871,0.0,0.3515,-1.3879,0.005461,0.005786,0.006572,0.24452,2.125003
209977344,66266.5,0.003168,0.747976,0.000161,0.958653,0.0,0.3531,-1.3799,0.007678,0.005505,0.007093,0.300969,2.08739
210763776,66302.6,-0.006758,0.73544,0.000163,0.959638,0.0,0.3531,-1.3785,0.011338,0.009506,0.011335,0.197986,2.191936
211550208,66336.5,0.000672,0.731532,0.000164,0.958357,0.0,0.3528,-1.3781,0.008803,0.005946,0.007194,0.206663,2.145523
212336640,66357.1,0.000901,0.709333,0.000166,0.95953,0.0,0.353,-1.3765,0.007569,0.006848,0.007818,0.216611,2.141616
213123072,66248.1,-0.002912,0.814617,0.000164,0.963802,0.0,0.3552,-1.3693,0.009244,0.007289,0.007739,0.247813,2.107827
213909504,66277.2,-0.000476,0.748747,0.000161,0.965204,0.0,0.3579,-1.3599,0.008332,0.00616,0.006715,0.270346,2.164036
214695936,66306.5,-0.004097,0.689615,0.000152,0.966201,0.0,0.3597,-1.3491,0.006779,0.006534,0.006453,0.261066,2.096185
215482368,66259.8,-0.001489,0.6952,0.000154,0.964625,0.0,0.3614,-1.3392,0.013488,0.011359,0.01165,0.202358,2.221524
216268800,66297.4,-0.007386,0.623451,0.000167,0.969676,0.0,0.3632,-1.3331,0.007087,0.007848,0.008217,0.199058,2.178316
217055232,66331.5,0.002091,0.589563,0.000159,0.964652,0.0,0.3652,-1.3235,0.01404,0.010342,0.010126,0.214827,2.202178
217841664,66367.0,0.006615,0.553396,0.00015,0.964961,0.0,0.3675,-1.3128,0.008612,0.007671,0.006733,0.236693,2.183684
218628096,66198.8,0.001973,0.654279,0.000156,0.967643,0.0,0.3707,-1.2941,0.008316,0.008485,0.007869,0.245877,2.106524
219414528,66235.5,-0.000515,0.681783,0.000152,0.961365,0.0,0.3735,-1.2785,0.009972,0.009364,0.010011,0.185063,2.158555
220200960,66265.9,0.000739,0.678494,0.000153,0.963179,0.0,0.377,-1.262,0.010474,0.008828,0.00919,0.203583,2.164618
220987392,66197.0,-0.002543,0.68479,0.000154,0.962912,0.0,0.3802,-1.2451,0.009245,0.007424,0.008168,0.214876,2.140775
221773824,66227.2,-0.005595,0.545962,0.00015,0.966217,0.0,0.3815,-1.2388,0.012791,0.00982,0.011081,0.239221,2.150443
222560256,66264.6,-0.001533,0.557764,0.000147,0.965417,0.0,0.3823,-1.2338,0.011647,0.009456,0.010149,0.252504,2.116287
223346688,66295.2,-0.002433,0.552872,0.000148,0.967458,0.0,0.3837,-1.2282,0.007851,0.006269,0.006952,0.241748,2.027662
224133120,66250.4,0.000399,0.615468,0.000146,0.967967,0.0,0.3848,-1.2213,0.008512,0.007962,0.009221,0.195789,2.143989
224919552,66283.8,-0.006381,0.552977,0.000142,0.965883,0.0,0.3864,-1.2072,0.008717,0.007637,0.00876,0.210317,2.160084
225705984,66317.6,-0.002432,0.517858,0.000203,0.967678,0.0,0.3879,-1.1937,0.010506,0.008306,0.009297,0.233169,2.197132
226492416,65983.8,-0.00612,0.452977,0.000138,0.969225,0.0,0.39,-1.1769,0.011309,0.008839,0.010164,0.257571,2.224983
227278848,66009.9,0.002976,0.575736,0.000145,0.970758,0.0,0.3942,-1.1559,0.005776,0.004987,0.006214,0.223904,2.137538
228065280,66042.5,-0.002132,0.580679,0.000147,0.969919,0.0,0.3973,-1.1437,0.007374,0.005402,0.005218,0.198499,2.209749
228851712,66073.6,0.000257,0.585382,0.000147,0.969349,0.0,0.4003,-1.1272,0.006801,0.005226,0.005228,0.207651,2.175363
229638144,66022.1,0.007153,0.533774,0.000144,0.964124,0.0,0.4041,-1.1095,0.010914,0.009789,0.008151,0.226551,2.203243
230424576,66050.3,-0.000284,0.505512,0.000142,0.96371,0.0,0.4074,-1.0876,0.009276,0.006243,0.007517,0.258122,2.203016
231211008,66070.7,0.001214,0.572025,0.000145,0.964375,0.0,0.4103,-1.0668,0.010363,0.008563,0.009089,0.23534,2.142747
231997440,66103.8,0.003156,0.601837,0.000139,0.964287,0.0,0.4141,-1.043,0.008179,0.006316,0.007403,0.197257,2.130364
232783872,66064.8,-0.002221,0.644732,0.000144,0.959405,0.0,0.417,-1.0314,0.007488,0.008023,0.006989,0.214172,2.151788
233570304,66100.7,-0.007127,0.519713,0.00014,0.962664,0.0,0.421,-1.0112,0.011021,0.010196,0.01172,0.224947,2.172455
234356736,66134.9,-0.004165,0.51953,0.00014,0.964158,0.0,0.4252,-0.9923,0.004621,0.004387,0.006163,0.244458,2.119172
235143168,66104.1,-0.004171,0.536415,0.000141,0.963714,0.0,0.4298,-0.974,0.007855,0.004823,0.0062,0.284192,2.064636
235929600,66137.3,-0.002359,0.545006,0.000139,0.963166,0.0,0.4335,-0.956,0.006565,0.005675,0.005609,0.190307,2.115143
236716032,66170.8,0.00157,0.602696,0.000146,0.959354,0.0,0.4358,-0.9471,0.012193,0.010425,0.012368,0.194015,2.076141
237502464,66197.8,0.003088,0.580063,0.00015,0.95868,0.0,0.439,-0.9321,0.010799,0.00903,0.009431,0.206483,2.133208
238288896,66037.1,0.001236,0.516938,0.000146,0.962593,0.0,0.4427,-0.9142,0.024273,0.011572,0.009959,0.246431,2.137918
239075328,66061.9,0.00299,0.575313,0.000148,0.961694,0.0,0.446,-0.8959,0.028144,0.011034,0.011303,0.266565,2.167172
239861760,66092.3,-0.000944,0.490972,0.000141,0.965839,0.0,0.4493,-0.877,0.015255,0.005562,0.005404,0.264067,2.13447
240648192,66038.9,-0.003308,0.554058,0.000145,0.961647,0.0,0.4515,-0.8636,0.017866,0.009111,0.005817,0.19684,2.1958
241434624,66069.7,-0.002908,0.543344,0.000142,0.955721,0.0,0.4529,-0.8461,0.020325,0.01113,0.009846,0.227465,2.165057
242221056,66101.4,0.001239,0.549443,0.000147,0.956922,0.0,0.4547,-0.8309,0.010644,0.006946,0.00661,0.242667,2.166243
243007488,66134.0,0.004733,0.542812,0.000145,0.96125,0.0,0.4574,-0.8182,0.013112,0.007133,0.007118,0.244819,2.12122
243793920,66104.8,-0.010503,0.508836,0.000144,0.962246,0.0,0.4586,-0.8093,0.010262,0.009967,0.00932,0.27682,2.126466
244580352,66137.6,-0.006801,0.555859,0.000142,0.958193,0.0,0.4596,-0.8048,0.005903,0.006452,0.006329,0.198741,2.195507
245366784,66165.4,0.003205,0.615476,0.000143,0.950828,0.0,0.4602,-0.795,0.009658,0.007488,0.007897,0.213794,2.101899
246153216,66071.8,-0.002423,0.563154,0.000147,0.964599,0.0,0.4609,-0.7882,0.011079,0.010542,0.0086,0.228047,2.131429
246939648,66105.9,0.000684,0.415927,0.000149,0.964482,0.0,0.4622,-0.7744,0.01185,0.009389,0.010188,0.242378,2.170805
247726080,66139.4,0.003732,0.443286,0.000142,0.965112,0.0,0.4635,-0.761,0.006843,0.006373,0.006527,0.266272,2.121521
248512512,66171.2,-0.000956,0.460884,0.000143,0.965986,0.0,0.4646,-0.7478,0.007999,0.006484,0.006906,0.276077,2.081031
249298944,66130.6,-0.002131,0.506738,0.000139,0.967002,0.0,0.4651,-0.7382,0.00732,0.006127,0.006709,0.1991,2.119789
250085376,66159.2,-0.001143,0.467153,0.000143,0.965316,0.0,0.4669,-0.7279,0.007,0.006463,0.006499,0.197038,2.156871
250871808,66175.2,0.003322,0.436761,0.000139,0.963551,0.0,0.4684,-0.7198,0.009309,0.007247,0.007803,0.231893,2.163899
251658240,66004.9,0.001245,0.404802,0.000135,0.963383,0.0,0.4688,-0.7087,0.007614,0.006755,0.006458,0.260434,2.152357
252444672,66036.4,-0.000754,0.46599,0.000134,0.9662,0.0,0.4701,-0.701,0.009342,0.007153,0.006336,0.248352,2.085269
253231104,66069.5,-0.001077,0.48998,0.000135,0.963915,0.0,0.471,-0.696,0.008433,0.005893,0.005302,0.197721,2.173079
254017536,66102.0,-0.000918,0.467869,0.000136,0.960536,0.0,0.4722,-0.6887,0.008498,0.008146,0.006749,0.20896,2.198038
254803968,66071.2,0.006938,0.450642,0.000137,0.961617,0.0,0.4726,-0.6814,0.011911,0.009713,0.009369,0.234459,2.146198
255590400,66099.0,0.007999,0.419172,0.000139,0.960546,0.0,0.4731,-0.673,0.01103,0.008954,0.009076,0.244261,2.090015
256376832,66131.9,-0.001976,0.410039,0.000141,0.959121,0.0,0.4733,-0.6632,0.012639,0.010138,0.008982,0.269118,2.076705
257163264,66164.5,-0.00157,0.466015,0.000131,0.965409,0.0,0.4732,-0.6559,0.011748,0.009043,0.007402,0.275035,2.117467
257949696,66128.6,0.000914,0.430432,0.000139,0.964409,0.0,0.4749,-0.6483,0.008742,0.007358,0.00737,0.192806,2.195212
258736128,66156.0,-0.002734,0.433623,0.000129,0.958829,0.0,0.4778,-0.6358,0.007093,0.005844,0.006063,0.203433,2.122495
259522560,66187.0,0.001151,0.475918,0.000128,0.963508,0.0,0.4799,-0.6216,0.009354,0.007074,0.006512,0.233344,2.073431
260308992,66160.2,0.003484,0.424425,0.000132,0.966948,0.0,0.4816,-0.612,0.007238,0.003969,0.004657,0.261683,2.047596
261095424,66192.6,0.000575,0.429609,0.000133,0.964583,0.0,0.4833,-0.6036,0.008537,0.007652,0.007323,0.255083,2.007782
261881856,66223.3,-0.000934,0.469923,0.000135,0.960597,0.0,0.484,-0.6,0.010507,0.009817,0.008844,0.190031,2.112005
262668288,66255.1,0.000563,0.458999,0.000132,0.966356,0.0,0.4853,-0.5927,0.007455,0.006948,0.006857,0.201755,2.067889
263454720,66224.8,-0.005791,0.418618,0.000135,0.964795,0.0,0.4851,-0.5858,0.007268,0.005872,0.006736,0.225135,2.052292
264241152,66252.4,-0.006986,0.402369,0.000135,0.966986,0.0,0.4845,-0.5775,0.006504,0.005845,0.006113,0.256001,2.068491
265027584,66283.5,0.003244,0.387328,0.000134,0.970375,0.0,0.4841,-0.5698,0.007421,0.005923,0.006038,0.276551,2.159339
265814016,66074.8,5.4e-05,0.40047,0.000133,0.964884,0.0,0.4844,-0.5628,0.009713,0.008759,0.007958,0.189,2.192481
266600448,66105.2,0.007035,0.470363,0.000127,0.964939,0.0,0.4847,-0.5539,0.008739,0.008743,0.008866,0.219031,2.149821
267386880,66132.8,0.002121,0.398851,0.000128,0.963558,0.0,0.4861,-0.5418,0.007984,0.008906,0.007289,0.21338,2.135918
268173312,66153.3,-0.001557,0.354395,0.000124,0.965617,0.0,0.4873,-0.5307,0.014666,0.008061,0.007523,0.248289,2.135834
268959744,66121.0,0.002116,0.386404,0.000129,0.965679,0.0,0.489,-0.5186,0.009462,0.006619,0.008784,0.263852,2.07843
269746176,66142.6,0.003287,0.411047,0.000128,0.959771,0.0,0.4908,-0.5093,0.012335,0.008738,0.011099,0.192816,2.104655
270532608,66170.7,0.002247,0.423619,0.000136,0.966042,0.0,0.4932,-0.4969,0.008379,0.006941,0.007386,0.190293,2.076208
271319040,66110.2,-0.002548,0.385678,0.000131,0.962234,0.0,0.4956,-0.4842,0.007238,0.005551,0.004744,0.212604,2.142053
272105472,66135.3,-0.004379,0.371553,0.000128,0.962722,0.0,0.4969,-0.4715,0.010837,0.007474,0.00839,0.23152,2.092097
272891904,66157.8,-0.003558,0.381078,0.000129,0.967729,0.0,0.4994,-0.4575,0.01611,0.009265,0.011106,0.246907,2.052911
273678336,66183.4,-0.002145,0.388081,0.000126,0.96073,0.0,0.5018,-0.4431,0.015733,0.008675,0.009752,0.269481,2.058182
274464768,66147.9,0.000389,0.422115,0.000126,0.967374,0.0,0.5036,-0.434,0.008415,0.004938,0.005728,0.18153,2.001416
275251200,66175.6,0.004202,0.402577,0.000129,0.963733,0.0,0.5068,-0.4241,0.009431,0.007101,0.007456,0.192644,2.058964
276037632,66205.8,-0.003823,0.383299,0.000127,0.961626,0.0,0.5098,-0.4162,0.01337,0.009649,0.009208,0.219518,2.071856
276824064,66181.8,-0.005942,0.357968,0.000124,0.964407,0.0,0.5129,-0.4061,0.010183,0.008212,0.00769,0.259767,2.047837
277610496,66212.6,0.002892,0.359213,0.000127,0.965379,0.0,0.5159,-0.3951,0.015667,0.01038,0.009589,0.278049,2.122734
278396928,66236.8,0.004115,0.366235,0.00012,0.966715,0.0,0.5176,-0.3822,0.007509,0.005379,0.00516,0.185717,1.986869
279183360,66267.5,0.001242,0.346564,0.000125,0.960962,0.0,0.5205,-0.3675,0.01002,0.008712,0.00755,0.199691,2.04046
279969792,66241.4,-0.009311,0.364637,0.000128,0.960572,0.0,0.5223,-0.3582,0.008402,0.00656,0.006877,0.222176,2.020411
280756224,66263.8,-0.000841,0.347708,0.000131,0.963883,0.0,0.5234,-0.3516,0.010481,0.008752,0.008815,0.242214,2.054047
281542656,66293.4,-0.001695,0.314796,0.000124,0.964156,0.0,0.5244,-0.3417,0.01189,0.009387,0.009121,0.266909,2.071097
282329088,66322.7,0.001586,0.356214,0.000125,0.966919,0.0,0.5249,-0.3354,0.008994,0.007825,0.006301,0.265343,2.014251
283115520,66295.1,0.005115,0.367726,0.000133,0.963244,0.0,0.5258,-0.3321,0.016746,0.009828,0.009794,0.198978,2.089697
283901952,66316.5,-0.000214,0.379914,0.000134,0.955966,0.0,0.5263,-0.329,0.010028,0.007654,0.006825,0.209552,2.060752
284688384,66346.8,0.000711,0.350374,0.000129,0.958168,0.0,0.5275,-0.3259,0.009204,0.006027,0.005763,0.232988,2.065048
285474816,66174.2,0.003169,0.44832,0.000132,0.953359,0.0,0.5291,-0.3193,0.009119,0.005424,0.005324,0.284588,2.068518
286261248,66204.7,-0.002884,0.417901,0.000129,0.961237,0.0,0.5282,-0.3174,0.010738,0.006769,0.0064,0.287394,2.01908
287047680,66234.1,-0.001719,0.425083,0.000128,0.95892,0.0,0.5288,-0.3132,0.006631,0.00407,0.003889,0.199074,2.069802
287834112,66261.3,-0.009806,0.439151,0.000131,0.957939,0.0,0.5304,-0.3084,0.006636,0.00423,0.003727,0.204785,2.004865
288620544,66232.6,-0.004518,0.419493,0.000136,0.961014,0.0,0.5312,-0.3041,0.013375,0.007386,0.008308,0.228143,2.009591
289406976,66256.8,-0.001299,0.432569,0.000137,0.956407,0.0,0.533,-0.2969,0.014208,0.007806,0.008308,0.250885,1.976445
290193408,66281.3,-0.001711,0.464282,0.000139,0.957044,0.0,0.5347,-0.2899,0.010725,0.005224,0.007302,0.280591,1.957063
290979840,66218.2,0.003003,0.448308,0.000137,0.967098,0.0,0.5361,-0.2847,0.00813,0.004597,0.004422,0.188797,1.998662
291766272,66245.1,-0.003292,0.370294,0.000131,0.960335,0.0,0.5386,-0.2779,0.015977,0.011062,0.009927,0.204171,2.030996
292552704,66267.8,-0.001041,0.315834,0.000126,0.962519,0.0,0.5412,-0.2694,0.009031,0.006703,0.006746,0.218138,2.050893
293339136,66296.0,0.001393,0.308567,0.000127,0.962361,0.0,0.5427,-0.2607,0.013979,0.007655,0.008419,0.250539,2.073951
294125568,66256.1,-0.008055,0.32871,0.000133,0.960313,0.0,0.5434,-0.2563,0.011395,0.007875,0.008603,0.288226,2.082275
294912000,66280.1,-0.00024,0.345425,0.000133,0.960293,0.0,0.5447,-0.25,0.007361,0.006603,0.007429,0.206444,2.079255
295698432,66305.5,0.007586,0.380792,0.000127,0.960234,0.0,0.5451,-0.2471,0.004811,0.003588,0.004219,0.199909,2.021099
296484864,66194.7,-0.004554,0.358584,0.000137,0.962505,0.0,0.5467,-0.2426,0.006214,0.00477,0.004531,0.201368,2.028024
297271296,66221.4,0.004042,0.34435,0.000131,0.959671,0.0,0.5469,-0.2394,0.007864,0.006227,0.005383,0.227806,2.017204
298057728,66242.7,0.003996,0.331307,0.00013,0.960574,0.0,0.5462,-0.2367,0.005908,0.004886,0.00424,0.262019,2.019704
298844160,66259.9,-0.00027,0.345066,0.000132,0.959305,0.0,0.5461,-0.2343,0.011416,0.010191,0.009717,0.283847,1.992863
299630592,66207.3,-0.001643,0.381312,0.000131,0.959291,0.0,0.5459,-0.2329,0.011828,0.007142,0.007463,0.202954,2.022144
300417024,66236.3,-0.000675,0.353789,0.000128,0.964722,0.0,0.5475,-0.2282,0.008931,0.007733,0.00813,0.203693,2.078306
301203456,66260.0,0.000841,0.317166,0.000122,0.961468,0.0,0.5483,-0.2252,0.008835,0.008317,0.00768,0.222917,2.024694
301989888,66230.5,-0.002102,0.34231,0.000126,0.959709,0.0,0.5477,-0.2246,0.00712,0.005998,0.006374,0.286936,2.033526
302776320,66255.4,-0.003177,0.353449,0.00013,0.961249,0.0,0.5471,-0.2257,0.006818,0.006218,0.006074,0.294608,2.005323
303562752,66282.4,-0.000897,0.355192,0.000131,0.958093,0.0,0.5468,-0.2249,0.009514,0.008315,0.007729,0.207389,2.044808
304349184,66309.8,0.00264,0.390402,0.00013,0.958301,0.0,0.5464,-0.2237,0.006002,0.005639,0.005531,0.21613,1.995397
305135616,66268.0,0.002244,0.393933,0.000136,0.957669,0.0,0.5466,-0.2235,0.005207,0.005273,0.005657,0.217719,2.03934
305922048,66293.1,-0.005709,0.320155,0.000128,0.962474,0.0,0.5474,-0.2201,0.010292,0.008578,0.008089,0.234465,2.03627
306708480,66316.9,-0.005096,0.318717,0.000132,0.963164,0.0,0.5477,-0.222,0.008434,0.006734,0.0072,0.275858,2.052217
307494912,66342.9,-0.000825,0.331346,0.00013,0.96236,0.0,0.548,-0.2214,0.005779,0.00563,0.005709,0.285358,2.037686
308281344,66317.7,0.00275,0.331553,0.00013,0.967105,0.0,0.5504,-0.2149,0.012606,0.006873,0.005748,0.204328,2.040634
309067776,66343.2,0.002029,0.294095,0.000129,0.969208,0.0,0.5525,-0.2071,0.010443,0.005818,0.005392,0.223181,2.056071
309854208,66367.3,-0.002386,0.293879,0.000129,0.967366,0.0,0.5549,-0.2012,0.008819,0.005821,0.00538,0.220039,2.057114
310640640,66340.9,-0.002964,0.279009,0.000129,0.963151,0.0,0.5576,-0.1926,0.013122,0.008584,0.007402,0.259774,2.004676
311427072,66363.4,0.002801,0.286826,0.000127,0.961894,0.0,0.5598,-0.1848,0.00828,0.008461,0.008929,0.273494,2.066662
312213504,66390.3,0.004131,0.310624,0.000132,0.963936,0.0,0.5611,-0.1793,0.009973,0.00836,0.007826,0.20709,2.025695
312999936,66414.8,-0.001499,0.311775,0.000128,0.962691,0.0,0.562,-0.1747,0.012331,0.005568,0.005393,0.224165,2.033217
313786368,66387.6,-0.000757,0.239116,0.000131,0.964136,0.0,0.5635,-0.1665,0.014607,0.00892,0.010114,0.240102,2.074149
314572800,66413.6,0.00319,0.231173,0.00013,0.965727,0.0,0.5656,-0.1581,0.01844,0.006897,0.007206,0.252235,2.12467
315359232,66435.4,-0.001037,0.237607,0.000124,0.966917,0.0,0.567,-0.1487,0.012762,0.008187,0.008486,0.266088,2.069117
316145664,66414.5,-0.007616,0.26891,0.000124,0.968739,0.0,0.568,-0.1417,0.011432,0.007905,0.00771,0.203846,2.055335
316932096,66438.6,-0.004906,0.293475,0.000129,0.965772,0.0,0.5701,-0.1334,0.009337,0.006393,0.006432,0.21021,2.109348
317718528,66465.5,0.006568,0.30426,0.000128,0.966772,0.0,0.5723,-0.126,0.006366,0.005235,0.005579,0.230334,2.135991
318504960,66492.0,-0.003135,0.281783,0.000126,0.964382,0.0,0.5743,-0.1186,0.007765,0.005511,0.004834,0.245622,2.117046
319291392,66435.1,0.004316,0.287351,0.000125,0.962572,0.0,0.5755,-0.113,0.011718,0.010105,0.010294,0.258258,2.107322
320077824,66460.8,-0.002307,0.256932,0.000118,0.969852,0.0,0.5774,-0.1038,0.009314,0.008304,0.007864,0.243571,2.090196
320864256,66487.5,0.008862,0.257796,0.000122,0.967135,0.0,0.5781,-0.1016,0.009936,0.008879,0.007166,0.219778,2.119036
321650688,66464.1,-0.003267,0.233024,0.00012,0.963066,0.0,0.58,-0.0926,0.006751,0.0053,0.004942,0.215538,2.09969
322437120,66488.7,-0.001251,0.282266,0.00013,0.963055,0.0,0.5797,-0.0907,0.021889,0.009923,0.009189,0.221706,2.079489
323223552,66514.4,-0.00285,0.258598,0.000123,0.962134,0.0,0.5795,-0.0872,0.007983,0.006073,0.005864,0.259048,2.032841
324009984,66539.8,-0.008321,0.267323,0.000122,0.964665,0.0,0.5798,-0.0839,0.010185,0.00794,0.007155,0.28973,2.096428
324796416,66519.0,0.003213,0.293618,0.000128,0.96357,0.0,0.5798,-0.0807,0.012185,0.009717,0.009115,0.210907,2.076566
325582848,66544.3,-0.005976,0.290287,0.000125,0.963485,0.0,0.5813,-0.076,0.007108,0.006394,0.005198,0.226967,2.074906
326369280,66568.7,0.002984,0.302356,0.000127,0.967104,0.0,0.5839,-0.0698,0.008838,0.006949,0.006998,0.234169,2.086463
327155712,66536.7,0.00191,0.281388,0.00013,0.957865,0.0,0.5864,-0.0617,0.008203,0.007744,0.007458,0.253551,2.083371
327942144,66558.9,-0.00204,0.295765,0.000124,0.957597,0.0,0.5881,-0.0567,0.011675,0.009356,0.008201,0.265014,2.067858
328728576,66584.6,0.007391,0.295194,0.000124,0.964089,0.0,0.5893,-0.0533,0.007324,0.006605,0.00698,0.218233,2.010403
329515008,66609.4,0.006509,0.290147,0.000122,0.959514,0.0,0.592,-0.0484,0.008363,0.007579,0.007329,0.220505,2.030827
330301440,66573.4,-0.003454,0.275875,0.000121,0.957585,0.0,0.596,-0.0382,0.006599,0.004625,0.005023,0.232008,1.980076
331087872,66599.1,0.003725,0.259202,0.000119,0.961057,0.0,0.598,-0.0298,0.012768,0.009526,0.00978,0.244997,2.028624
331874304,66618.2,-0.003083,0.249697,0.000119,0.959702,0.0,0.6001,-0.0216,0.006803,0.005425,0.005834,0.266877,2.004142
332660736,66642.4,-0.000672,0.291754,0.00012,0.957733,0.0,0.602,-0.0142,0.00603,0.005295,0.005387,0.284495,2.011366
333447168,66586.4,-0.003575,0.307534,0.000118,0.956831,0.0,0.6026,-0.0109,0.006326,0.005221,0.00614,0.20518,1.979917
334233600,66611.9,1.5e-05,0.271355,0.000121,0.958097,0.0,0.604,-0.0037,0.008837,0.0069,0.007518,0.221193,1.998443
335020032,66630.0,1.4e-05,0.254877,0.000122,0.959312,0.0,0.6061,0.0034,0.007378,0.005886,0.006639,0.230471,2.006244
335806464,66604.1,-0.00479,0.246837,0.000118,0.963255,0.0,0.6076,0.009,0.006881,0.005825,0.006816,0.279657,2.06077
336592896,66625.3,-0.005592,0.246702,0.00012,0.96197,0.0,0.6087,0.0112,0.008962,0.008956,0.009015,0.29284,2.122554
337379328,66650.6,-0.004371,0.254309,0.000121,0.96364,0.0,0.6096,0.0131,0.008287,0.007922,0.007723,0.248568,2.135012
338165760,66676.1,-0.004688,0.235967,0.000124,0.959027,0.0,0.6115,0.016,0.010852,0.007477,0.007763,0.234862,2.07726
338952192,66634.7,-0.004718,0.243944,0.000123,0.963866,0.0,0.6131,0.0197,0.009807,0.008891,0.008978,0.256552,2.107566
339738624,66658.2,-0.008074,0.228661,0.000121,0.961726,0.0,0.6151,0.0245,0.006647,0.006289,0.006351,0.267682,2.126262
340525056,66682.0,-0.002328,0.271936,0.000119,0.952539,0.0,0.6162,0.0277,0.00789,0.005689,0.005649,0.280891,2.069826
341311488,66646.0,-0.004631,0.321349,0.000128,0.956932,0.0,0.6162,0.0284,0.006124,0.00373,0.003618,0.223424,1.967159
342097920,66669.5,-0.001009,0.339442,0.000127,0.96288,0.0,0.6149,0.0238,0.009373,0.006482,0.006348,0.223357,1.994104
342884352,66691.5,-0.005951,0.28538,0.000123,0.959199,0.0,0.6154,0.0225,0.010541,0.008026,0.007832,0.232398,2.059401
343670784,66716.2,-0.003369,0.259456,0.000121,0.96342,0.0,0.6169,0.0237,0.010745,0.00654,0.006579,0.249224,2.085742
344457216,66669.0,-0.003339,0.271414,0.000118,0.96529,0.0,0.6182,0.0268,0.006943,0.005869,0.005128,0.277707,2.071269
345243648,66688.4,1.2e-05,0.265958,0.000116,0.960526,0.0,0.6188,0.0296,0.012361,0.009502,0.009188,0.282142,2.071215
346030080,66711.5,-0.003416,0.289697,0.000118,0.961572,0.0,0.6191,0.0316,0.008976,0.009049,0.008251,0.231097,2.032186
346816512,66685.1,0.003119,0.28392,0.000118,0.960991,0.0,0.6209,0.037,0.009598,0.007532,0.006737,0.235623,2.055602
347602944,66708.4,-0.002083,0.25064,0.000111,0.964775,0.0,0.6221,0.0395,0.008897,0.006577,0.005761,0.249128,2.089218
348389376,66731.1,-0.003894,0.229159,0.000112,0.963055,0.0,0.6235,0.042,0.011827,0.009062,0.008069,0.277385,2.123356
349175808,66757.2,0.001208,0.21633,0.00011,0.965665,0.0,0.6258,0.0464,0.007694,0.007,0.006204,0.286764,2.122204
349962240,66712.3,-0.003963,0.233865,0.000116,0.96165,0.0,0.6274,0.0482,0.010105,0.008801,0.0077,0.232436,2.111485
350748672,66727.3,-7e-06,0.257241,0.000114,0.957954,0.0,0.6311,0.057,0.010407,0.006764,0.005443,0.241054,2.096286
351535104,66747.3,0.000353,0.219549,0.000113,0.960356,0.0,0.6344,0.0642,0.009693,0.007017,0.006041,0.245378,2.088416
352321536,66694.7,0.000956,0.228126,0.000112,0.960708,0.0,0.6367,0.0718,0.007439,0.005655,0.005533,0.283511,2.130203
353107968,66719.7,0.002653,0.25609,0.000119,0.962841,0.0,0.637,0.0741,0.009558,0.007534,0.006884,0.317038,2.136099
353894400,66744.3,0.002326,0.29186,0.000118,0.95896,0.0,0.6364,0.0732,0.008225,0.00672,0.006929,0.233203,2.08446
354680832,66765.6,-0.002434,0.296938,0.000119,0.961587,0.0,0.6352,0.0713,0.005563,0.004705,0.005043,0.220116,2.04957
355467264,66721.2,-0.002457,0.322884,0.000116,0.956149,0.0,0.6335,0.0669,0.004609,0.004072,0.003481,0.228469,1.997803
356253696,66743.6,0.001095,0.327447,0.000111,0.94533,0.0,0.6329,0.066,0.005358,0.00485,0.004845,0.259928,2.010051
357040128,66763.2,-0.003963,0.317951,0.000111,0.945002,0.0,0.6313,0.0615,0.008409,0.006302,0.006592,0.311039,1.994111
357826560,66709.4,-0.003422,0.352899,0.000121,0.952414,0.0,0.63,0.054,0.005376,0.005127,0.005465,0.347913,1.950004
358612992,66728.4,-0.00374,0.322131,0.000121,0.960381,0.0,0.6295,0.0509,0.01069,0.006722,0.007889,0.237189,2.048839
359399424,66751.6,-0.003397,0.283141,0.00012,0.953077,0.0,0.6284,0.0477,0.009836,0.005749,0.006231,0.231582,2.007143
360185856,66773.8,-0.005792,0.243459,0.000118,0.961211,0.0,0.6286,0.0471,0.0093,0.005849,0.006331,0.244131,2.081457
360972288,66715.5,-0.000549,0.254247,0.000119,0.959458,0.0,0.6292,0.0468,0.011252,0.007914,0.007324,0.280189,2.093899
361758720,66738.9,-0.000211,0.252036,0.000111,0.9552,0.0,0.6303,0.0474,0.009619,0.009037,0.008521,0.289178,2.157469
362545152,66760.5,-0.002213,0.284391,0.000107,0.959196,0.0,0.6304,0.0484,0.00674,0.005935,0.007237,0.233617,2.039398
363331584,66783.7,-0.002643,0.230447,0.000106,0.954737,0.0,0.6309,0.0501,0.007941,0.007116,0.007623,0.224858,1.987742
364118016,66736.8,0.003963,0.221763,0.000106,0.954793,0.0,0.6313,0.0538,0.007499,0.007557,0.007243,0.24836,1.985215
364904448,66757.5,-0.000902,0.212158,0.000104,0.952663,0.0,0.6315,0.0576,0.007111,0.008568,0.007479,0.279407,2.082019
365690880,66776.6,0.00426,0.209869,0.000106,0.953056,0.0,0.6317,0.0621,0.006175,0.006381,0.005734,0.317319,2.156194
366477312,66732.3,0.000176,0.239589,0.000109,0.957579,0.0,0.6315,0.0631,0.012058,0.007806,0.007452,0.246092,2.031982
367263744,66755.9,0.000615,0.242636,0.000108,0.960537,0.0,0.6311,0.0639,0.009138,0.007898,0.008296,0.252827,2.076521
368050176,66778.4,-0.014288,0.208964,0.000106,0.957277,0.0,0.6313,0.0668,0.006752,0.005113,0.005065,0.229526,2.012547
368836608,66800.1,-0.000281,0.202853,0.000103,0.9594,0.0,0.6331,0.0725,0.010289,0.008027,0.007818,0.254214,2.006911
369623040,66765.1,-0.007288,0.207879,0.000104,0.95812,0.0,0.6364,0.0816,0.01356,0.009684,0.009626,0.270276,2.051435
370409472,66785.3,-0.008359,0.212997,9.9e-05,0.964127,0.0,0.6381,0.0898,0.011596,0.007486,0.007837,0.288623,2.125416
371195904,66801.0,-0.005145,0.207865,0.000101,0.959644,0.0,0.6386,0.0928,0.011067,0.008686,0.006793,0.240792,2.063924
371982336,66695.5,0.002289,0.218021,0.000105,0.956191,0.0,0.6392,0.0972,0.011427,0.007695,0.007621,0.247835,2.00444
372768768,66715.3,-0.003241,0.212035,0.000104,0.954586,0.0,0.6388,0.0984,0.011085,0.00859,0.008338,0.253736,2.045646
373555200,66737.3,-0.007263,0.192551,0.000104,0.956521,0.0,0.639,0.1006,0.008048,0.007681,0.006911,0.27936,2.004775
374341632,66756.2,-0.005188,0.215972,0.000109,0.951875,0.0,0.639,0.1016,0.006604,0.006495,0.006482,0.306481,2.066756
375128064,66666.7,-0.000515,0.231967,0.000108,0.952344,0.0,0.6386,0.1006,0.012094,0.008216,0.007903,0.252667,1.945486
375914496,66687.2,-0.003483,0.214424,0.000106,0.951621,0.0,0.6376,0.1005,0.008986,0.007,0.0062,0.249563,1.950653
376700928,66707.5,-0.004839,0.240877,0.000106,0.953788,0.0,0.6353,0.0979,0.011283,0.006419,0.006251,0.250432,1.892993
377487360,66679.3,0.00368,0.213985,0.000113,0.955397,0.0,0.6343,0.0964,0.009965,0.007307,0.006457,0.282564,1.975855
378273792,66697.7,-0.001894,0.24683,0.000109,0.957115,0.0,0.6342,0.0973,0.007877,0.007517,0.007337,0.300928,2.014634
379060224,66717.0,-0.005467,0.250824,0.000102,0.954372,0.0,0.634,0.0974,0.005629,0.005248,0.005327,0.289972,1.97634
379846656,66737.8,0.001111,0.248517,0.000107,0.953892,0.0,0.6339,0.0975,0.007644,0.008456,0.007588,0.263695,1.977155
380633088,66713.7,-0.00034,0.213021,0.000106,0.959776,0.0,0.6348,0.0997,0.005629,0.00643,0.005671,0.262211,2.036561
381419520,66734.9,-0.002315,0.206061,0.000106,0.956911,0.0,0.6382,0.1085,0.010018,0.008367,0.008632,0.261116,2.096293
382205952,66757.1,0.000763,0.192439,0.000104,0.95602,0.0,0.6428,0.1219,0.008943,0.006253,0.007063,0.291034,2.087182
382992384,66724.1,0.001619,0.188577,0.000103,0.960435,0.0,0.6474,0.1375,0.012415,0.005815,0.006853,0.293808,2.171563
383778816,66743.9,0.00224,0.247712,0.000113,0.948213,0.0,0.6486,0.1424,0.011623,0.008931,0.008752,0.265213,2.118185
384565248,66765.8,0.001089,0.203986,0.000106,0.953864,0.0,0.65,0.1512,0.008922,0.006472,0.006719,0.2646,2.037258
385351680,66786.6,-0.004407,0.19121,0.000107,0.951955,0.0,0.6514,0.1621,0.011125,0.008247,0.008023,0.273676,2.02241
386138112,66760.0,-0.0036,0.215403,0.000107,0.954587,0.0,0.6521,0.1717,0.008725,0.005111,0.005415,0.293996,2.068199
386924544,66780.6,-0.004201,0.192288,0.000104,0.959314,0.0,0.6526,0.18,0.009295,0.00637,0.007394,0.30002,2.100466
387710976,66801.7,-0.004531,0.187271,9.9e-05,0.956519,0.0,0.6534,0.1864,0.010023,0.006201,0.006924,0.26112,2.04494
388497408,66822.1,-0.000989,0.184189,0.000101,0.953832,0.0,0.6538,0.1944,0.00891,0.007286,0.007019,0.25903,2.022763
389283840,66794.5,-0.002803,0.227187,0.000108,0.950027,0.0,0.6536,0.1999,0.0087,0.008611,0.007708,0.25721,2.009464
390070272,66809.9,-0.009201,0.206567,0.000105,0.96089,0.0,0.6536,0.204,0.007986,0.006762,0.006726,0.264247,2.039754
390856704,66828.2,-0.00035,0.202134,0.000104,0.957462,0.0,0.6544,0.2088,0.006924,0.006182,0.006037,0.301342,2.077431
391643136,66800.6,0.002834,0.241375,0.000106,0.95469,0.0,0.6543,0.2107,0.010609,0.009154,0.007814,0.263769,2.026792
392429568,66821.2,0.000524,0.238217,0.000104,0.953982,0.0,0.6539,0.2093,0.007616,0.006054,0.00727,0.259867,2.07997
393216000,66841.3,-0.001049,0.216831,0.000101,0.962585,0.0,0.6533,0.2102,0.011271,0.007663,0.006851,0.236776,1.995032
394002432,66858.1,-0.000469,0.222897,0.000105,0.960979,0.0,0.6527,0.2113,0.00359,0.003527,0.00424,0.247565,2.005802
394788864,66831.5,-0.003543,0.185733,0.000103,0.957392,0.0,0.6517,0.2136,0.006321,0.007502,0.006362,0.301091,2.042458
395575296,66848.9,0.000341,0.190983,0.000101,0.956861,0.0,0.6504,0.2153,0.011251,0.008799,0.008791,0.328884,2.165222
396361728,66867.3,-0.004149,0.178661,9.9e-05,0.951819,0.0,0.6498,0.2163,0.008933,0.008624,0.007458,0.248945,2.055315
397148160,66833.0,-0.002703,0.188076,0.000107,0.94952,0.0,0.6501,0.2191,0.007401,0.007459,0.007305,0.271298,2.072151
397934592,66852.5,0.003262,0.212389,0.000111,0.961093,0.0,0.65,0.2193,0.007714,0.007597,0.008038,0.272641,2.094298
398721024,66871.1,-0.002225,0.208647,0.00011,0.960449,0.0,0.6513,0.2226,0.008395,0.005434,0.005567,0.288867,2.094678
399507456,66890.3,-0.005493,0.191358,0.000107,0.957708,0.0,0.6519,0.2245,0.009051,0.007163,0.006816,0.334064,2.20356
400293888,66862.9,-0.000966,0.210071,0.000107,0.954768,0.0,0.652,0.2254,0.009899,0.007608,0.008454,0.287852,2.063085
401080320,66881.7,-0.002101,0.200201,0.000107,0.955129,0.0,0.6521,0.2269,0.008372,0.00855,0.008284,0.279487,2.151712
401866752,66900.2,0.004348,0.185871,0.000105,0.958284,0.0,0.6517,0.228,0.008274,0.00747,0.007233,0.275302,2.132751
402653184,66872.0,-0.007514,0.186104,0.000104,0.960885,0.0,0.6512,0.2302,0.006483,0.004461,0.004328,0.302661,2.178514
403439616,66891.2,-0.007239,0.176137,0.000104,0.95697,0.0,0.6521,0.2344,0.012142,0.009147,0.010476,0.324824,2.264137
404226048,66908.3,0.00216,0.195143,0.000102,0.958176,0.0,0.653,0.2387,0.014473,0.007773,0.007781,0.326665,2.197481
405012480,66927.5,0.000977,0.161527,0.000103,0.960362,0.0,0.6533,0.2414,0.009224,0.007928,0.007294,0.26284,2.086413
405798912,66888.4,-0.005476,0.196951,0.00011,0.957711,0.0,0.6526,0.2442,0.018972,0.005428,0.005008,0.26511,2.074067
406585344,66907.6,-0.001987,0.162753,0.000103,0.95892,0.0,0.6532,0.2486,0.021364,0.007856,0.008804,0.27547,2.134474
407371776,66927.2,-0.004157,0.177099,0.000103,0.956217,0.0,0.6542,0.2519,0.020426,0.008797,0.007733,0.291907,2.1839
408158208,66868.9,-0.004555,0.173063,0.000103,0.961979,0.0,0.6553,0.2563,0.016586,0.007328,0.006665,0.326259,2.313513
408944640,66887.8,-0.004807,0.201048,0.000106,0.958231,0.0,0.6548,0.2556,0.009963,0.009465,0.008373,0.274541,2.245496
409731072,66906.4,-0.002804,0.185281,0.000102,0.95971,0.0,0.6536,0.2564,0.006623,0.005269,0.006109,0.284436,2.21435
410517504,66924.4,0.000822,0.166012,9.8e-05,0.957922,0.0,0.6509,0.2542,0.007305,0.005201,0.005507,0.268077,2.137438
411303936,66872.5,-0.003075,0.165155,0.0001,0.960472,0.0,0.6486,0.2537,0.014696,0.006689,0.006108,0.291748,2.167237
412090368,66889.8,-0.002914,0.164069,9.9e-05,0.958393,0.0,0.6477,0.2567,0.015881,0.007758,0.007684,0.342444,2.27545
412876800,66907.8,-0.005753,0.164391,9.8e-05,0.958822,0.0,0.647,0.2588,0.019763,0.00739,0.008312,0.253323,2.173664
413663232,66925.8,0.001577,0.166478,0.0001,0.952722,0.0,0.647,0.2612,0.012886,0.007739,0.007061,0.256832,2.180555
414449664,66882.9,-0.003806,0.22291,0.000106,0.96186,0.0,0.6462,0.2624,0.011232,0.007716,0.008083,0.266003,2.131974
415236096,66898.1,0.000831,0.167941,0.000102,0.957593,0.0,0.6446,0.2606,0.007424,0.006891,0.00803,0.270002,2.181892
416022528,66911.8,-0.001188,0.174411,0.000104,0.957004,0.0,0.643,0.2585,0.00696,0.006881,0.006536,0.316514,2.169499
416808960,66883.1,-0.006558,0.191077,0.000105,0.956812,0.0,0.6417,0.2562,0.006031,0.005735,0.006417,0.266162,2.09514
417595392,66902.5,0.000327,0.187716,0.000102,0.955123,0.0,0.6403,0.2546,0.006603,0.007643,0.012675,0.264637,2.143592
418381824,66919.7,-0.000988,0.170735,0.000102,0.954685,0.0,0.6372,0.2511,0.010688,0.006833,0.007179,0.254666,2.120169
419168256,66938.9,0.004229,0.173527,0.000103,0.956877,0.0,0.634,0.2483,0.008166,0.007387,0.007601,0.283224,2.188067
419954688,66885.4,0.001211,0.170707,0.000108,0.960223,0.0,0.6334,0.2493,0.009126,0.007354,0.007817,0.30982,2.255315
420741120,66901.0,0.002738,0.188143,0.000102,0.963274,0.0,0.6321,0.2495,0.00941,0.004816,0.005081,0.310783,2.270393
421527552,66918.5,-0.000989,0.173665,0.0001,0.96108,0.0,0.6309,0.2495,0.007678,0.007181,0.006387,0.267435,2.175816
422313984,66880.6,-0.009771,0.171926,0.000107,0.958458,0.0,0.6299,0.2503,0.006349,0.006115,0.006446,0.274014,2.184351
423100416,66899.6,-0.008208,0.159795,0.000105,0.959006,0.0,0.6303,0.2519,0.008754,0.006674,0.007216,0.272806,2.219963
423886848,66918.1,0.004658,0.171861,0.000108,0.961564,0.0,0.6299,0.2521,0.004886,0.004869,0.005054,0.286242,2.185653
424673280,66937.5,-0.003779,0.149663,0.000108,0.96308,0.0,0.6293,0.2521,0.007659,0.006342,0.006166,0.315977,2.276002
425459712,66899.3,-0.00319,0.180615,0.000106,0.95905,0.0,0.6282,0.2519,0.011264,0.006525,0.006458,0.256898,2.197331
426246144,66916.0,-0.005019,0.175606,0.000101,0.961228,0.0,0.6277,0.2538,0.008609,0.00676,0.006576,0.278684,2.243001
427032576,66932.9,-0.003388,0.177345,0.000105,0.958402,0.0,0.6272,0.2542,0.007177,0.00531,0.005101,0.26703,2.222902
427819008,66863.4,0.001946,0.192263,0.000108,0.960785,0.0,0.6276,0.2559,0.006743,0.004877,0.004766,0.274417,2.177662
428605440,66877.4,0.004257,0.176973,0.000106,0.953614,0.0,0.6273,0.257,0.010711,0.007379,0.007291,0.338429,2.301977
429391872,66896.4,-0.004482,0.196725,0.000102,0.950699,0.0,0.6257,0.2553,0.01117,0.007437,0.006824,0.390326,2.300567
430178304,66914.2,-0.001788,0.182842,0.000101,0.954887,0.0,0.6249,0.2548,0.009454,0.007612,0.008975,0.275164,2.081333
430964736,66885.7,0.001397,0.234874,0.000111,0.957727,0.0,0.6239,0.2533,0.004773,0.005009,0.004657,0.265963,2.135467
431751168,66904.7,-0.001574,0.22071,0.000108,0.960856,0.0,0.6228,0.2516,0.003645,0.003216,0.003176,0.272704,2.139271
432537600,66923.4,-0.002585,0.214766,0.000109,0.958935,0.0,0.6213,0.2488,0.004302,0.003775,0.003764,0.281177,2.106369
433324032,66880.8,-0.006918,0.22291,0.000109,0.956607,0.0,0.6192,0.2455,0.00435,0.004222,0.003915,0.387692,2.093512
434110464,66899.0,0.000421,0.24239,0.000103,0.950706,0.0,0.6169,0.2413,0.00895,0.009079,0.008241,0.253667,2.1516
434896896,66917.4,-0.002579,0.208852,0.000102,0.953886,0.0,0.6141,0.2362,0.005798,0.006048,0.005443,0.258186,2.14397
435683328,66932.0,-0.002205,0.175666,0.000104,0.950808,0.0,0.6128,0.2348,0.009015,0.007564,0.008355,0.281613,2.191403
436469760,66903.4,-0.005027,0.167446,0.000105,0.958369,0.0,0.6117,0.2329,0.013565,0.007696,0.007571,0.286459,2.176248
437256192,66919.6,-0.009352,0.151691,0.000107,0.955546,0.0,0.6118,0.2328,0.008385,0.007908,0.008575,0.33848,2.316945
438042624,66937.6,0.000364,0.158063,0.000104,0.956591,0.0,0.6134,0.2343,0.010094,0.00759,0.007924,0.355666,2.309137
438829056,66952.3,-0.001617,0.161376,0.000106,0.957262,0.0,0.6153,0.2362,0.007846,0.006285,0.006545,0.275995,2.19378
439615488,66926.5,-0.001901,0.1509,0.000107,0.956489,0.0,0.6183,0.2404,0.012521,0.008056,0.010031,0.280722,2.199445
440401920,66943.9,-0.004382,0.144776,0.000106,0.958106,0.0,0.6207,0.2432,0.010731,0.007511,0.008275,0.29733,2.223625
441188352,66961.0,4.9e-05,0.156075,0.00011,0.949421,0.0,0.6226,0.2452,0.006187,0.00517,0.005419,0.307945,2.192975
441974784,66929.4,-0.000166,0.180995,0.00011,0.951814,0.0,0.6237,0.2455,0.007987,0.00567,0.005389,0.37371,2.192949
442761216,66945.4,-0.002077,0.173812,0.000111,0.949338,0.0,0.6248,0.2473,0.009474,0.007288,0.007493,0.281451,2.202828
443547648,66963.8,-0.002729,0.164733,0.000112,0.950773,0.0,0.6272,0.2504,0.008167,0.007463,0.006802,0.288793,2.160311
444334080,66982.2,-0.000273,0.147477,0.000113,0.946697,0.0,0.6289,0.254,0.009841,0.007062,0.008116,0.299878,2.176171
445120512,66945.2,-0.004784,0.158249,0.000113,0.949019,0.0,0.6313,0.2589,0.012344,0.007492,0.008088,0.356137,2.224815
445906944,66958.6,-0.00127,0.158986,0.000108,0.95147,0.0,0.6342,0.2629,0.016378,0.008338,0.008002,0.391628,2.33998
446693376,66963.9,0.006005,0.161947,0.000106,0.953792,0.0,0.6369,0.2667,0.008568,0.005457,0.006302,0.30437,2.247432
447479808,66938.2,-0.007631,0.164987,0.000112,0.953751,0.0,0.6404,0.2723,0.006965,0.004802,0.005105,0.283354,2.276101
448266240,66956.3,0.000286,0.137469,0.000106,0.955629,0.0,0.6425,0.2768,0.010941,0.007312,0.008537,0.303545,2.327474
449052672,66971.6,0.005302,0.164192,0.000108,0.955418,0.0,0.6453,0.2807,0.016963,0.007603,0.006975,0.309535,2.268857
449839104,66989.5,-0.004497,0.160471,0.000107,0.948492,0.0,0.6473,0.2828,0.008306,0.005051,0.004955,0.366041,2.250439
450625536,66969.1,0.00525,0.182234,0.000109,0.951737,0.0,0.6477,0.2826,0.008577,0.005408,0.00658,0.28273,2.143993
451411968,66986.8,0.001398,0.18458,0.00011,0.951621,0.0,0.6478,0.2818,0.011082,0.00762,0.007934,0.281444,2.203986
452198400,67000.8,-0.0061,0.164535,0.000111,0.947185,0.0,0.6483,0.2823,0.008017,0.005942,0.006123,0.294929,2.156208
452984832,66977.8,-0.003868,0.164813,0.000112,0.953806,0.0,0.6486,0.2827,0.00667,0.005975,0.00706,0.310441,2.174681
453771264,66994.0,-0.004483,0.158593,0.000108,0.95021,0.0,0.6501,0.2847,0.009034,0.007509,0.009662,0.356456,2.273552
454557696,67011.8,-0.000722,0.157078,0.000107,0.951216,0.0,0.651,0.2867,0.004872,0.004681,0.004178,0.420447,2.35212
455344128,67029.6,0.006399,0.188988,0.000106,0.946886,0.0,0.6516,0.2881,0.005685,0.00488,0.004873,0.317173,2.319293
456130560,67010.9,-0.000698,0.177844,0.000113,0.948119,0.0,0.6522,0.2903,0.005891,0.005399,0.00586,0.300802,2.262354
456916992,67027.5,0.006027,0.169378,0.00011,0.954852,0.0,0.6539,0.2942,0.010601,0.006792,0.007792,0.307081,2.31077
457703424,67043.0,0.0044,0.15263,0.000109,0.952325,0.0,0.6571,0.3001,0.00895,0.007063,0.006894,0.325432,2.273812
458489856,67022.1,-0.009357,0.124069,0.000109,0.949432,0.0,0.6605,0.3076,0.009505,0.006454,0.006337,0.424642,2.365881
459276288,67040.3,0.003226,0.144116,0.000103,0.952702,0.0,0.6619,0.3117,0.009887,0.008153,0.009383,0.316917,2.26233
460062720,67058.0,0.000518,0.174035,0.000103,0.943389,0.0,0.6646,0.3174,0.009559,0.005716,0.006072,0.301885,2.173209
460849152,67076.3,0.004883,0.16683,0.000105,0.947217,0.0,0.6685,0.325,0.009216,0.007016,0.006875,0.314295,2.16018
461635584,67054.1,-0.005506,0.153517,0.000103,0.946588,0.0,0.673,0.3337,0.015855,0.006475,0.007259,0.336021,2.224633
462422016,67071.0,-0.004999,0.130272,9.8e-05,0.955586,0.0,0.6773,0.3435,0.011707,0.005441,0.005304,0.417719,2.394596
463208448,67087.2,0.003548,0.137327,9.5e-05,0.950142,0.0,0.6805,0.3499,0.012672,0.005805,0.005747,0.435729,2.445418
463994880,67104.3,-0.005369,0.143497,0.000101,0.952083,0.0,0.6816,0.3523,0.010879,0.005714,0.006508,0.320759,2.306502
464781312,67072.3,-0.001282,0.155174,0.000104,0.951878,0.0,0.6838,0.3569,0.010552,0.005676,0.006497,0.325535,2.315636
465567744,67088.8,-0.001383,0.129346,9.8e-05,0.949201,0.0,0.685,0.3605,0.00914,0.007811,0.008284,0.334259,2.384073
466354176,67104.1,0.00058,0.121018,9.7e-05,0.951447,0.0,0.6858,0.3636,0.006971,0.006962,0.007403,0.360527,2.399519
467140608,67075.9,-0.002589,0.115853,9.5e-05,0.953474,0.0,0.6856,0.3662,0.007447,0.00582,0.006203,0.424018,2.479604
467927040,67091.3,-0.001528,0.1287,9.5e-05,0.954938,0.0,0.6852,0.367,0.011406,0.006827,0.0075,0.286719,2.277736
468713472,67107.2,-0.004113,0.111983,9.4e-05,0.949558,0.0,0.6854,0.3709,0.006719,0.006624,0.006998,0.28525,2.206835
469499904,67123.6,-0.00703,0.108207,9.8e-05,0.949532,0.0,0.6861,0.3754,0.008282,0.007059,0.006438,0.308268,2.227374
470286336,67102.2,0.003347,0.108809,0.000101,0.952367,0.0,0.6879,0.3816,0.006287,0.005441,0.007166,0.345264,2.242045
471072768,67118.4,-0.002599,0.120497,9.8e-05,0.954917,0.0,0.6892,0.3853,0.007097,0.006605,0.006891,0.429822,2.425875
471859200,67135.2,-0.005716,0.121569,9.4e-05,0.955587,0.0,0.6897,0.3885,0.007312,0.006574,0.006928,0.318679,2.258385
472645632,67108.2,-0.006458,0.148644,9.9e-05,0.952516,0.0,0.6897,0.3894,0.005643,0.007061,0.006238,0.313148,2.302951
473432064,67124.4,0.004555,0.128531,9.6e-05,0.957216,0.0,0.69,0.3919,0.007784,0.007624,0.007281,0.296199,2.368626
474218496,67140.4,0.006688,0.130708,9.4e-05,0.960937,0.0,0.6904,0.3956,0.005219,0.005016,0.005479,0.31531,2.331415
475004928,67156.6,0.001644,0.134963,9.8e-05,0.95472,0.0,0.6908,0.3981,0.006895,0.005776,0.006843,0.379857,2.426031
475791360,67137.6,0.004883,0.145044,0.000103,0.959515,0.0,0.6919,0.3998,0.00875,0.007208,0.006889,0.315006,2.350088
476577792,67145.4,0.001602,0.138996,0.000108,0.956707,0.0,0.6929,0.402,0.006766,0.005843,0.006304,0.319477,2.42218
477364224,67161.0,-0.007404,0.128746,0.000105,0.963394,0.0,0.695,0.4066,0.005341,0.004406,0.004854,0.308843,2.385382
478150656,67141.3,-0.003093,0.131389,0.000112,0.954395,0.0,0.6977,0.4114,0.012319,0.006462,0.007087,0.318939,2.377257
478937088,67157.2,0.006315,0.137335,0.000105,0.949448,0.0,0.6995,0.4166,0.01075,0.006669,0.008133,0.383414,2.4283
479723520,67173.3,-0.000567,0.126987,0.000101,0.953649,0.0,0.7014,0.4218,0.012464,0.006147,0.006815,0.482844,2.511575
480509952,67189.7,-0.002463,0.128033,9.9e-05,0.944181,0.0,0.7028,0.425,0.010949,0.00528,0.005677,0.335676,2.263442
481296384,67165.1,-0.001512,0.136212,0.000101,0.939098,0.0,0.705,0.4303,0.009794,0.006565,0.007262,0.345867,2.290697
482082816,67180.4,-0.001862,0.124766,9.9e-05,0.953431,0.0,0.7069,0.4345,0.006788,0.006545,0.007176,0.340615,2.325833
482869248,67196.4,0.002912,0.120146,9.7e-05,0.951471,0.0,0.7084,0.439,0.004846,0.004402,0.005454,0.372325,2.379568
483655680,67176.1,-0.003956,0.11827,9.8e-05,0.952534,0.0,0.7096,0.4433,0.005615,0.004759,0.005274,0.460052,2.553508
484442112,67192.6,-0.004703,0.115502,9.2e-05,0.955281,0.0,0.7106,0.4466,0.007685,0.008395,0.007682,0.355778,2.412658
485228544,67209.0,0.000364,0.134991,9.7e-05,0.950249,0.0,0.7119,0.4508,0.00613,0.007366,0.006575,0.359636,2.405785
486014976,67225.1,-0.000185,0.146977,9.7e-05,0.954428,0.0,0.7123,0.4528,0.008052,0.007634,0.006406,0.358294,2.389067
486801408,67181.7,-0.004163,0.144417,9.9e-05,0.944621,0.0,0.7118,0.4525,0.006561,0.005366,0.005983,0.34821,2.337267
487587840,67198.1,-0.002142,0.14987,9.9e-05,0.94211,0.0,0.7119,0.4533,0.007162,0.005468,0.007355,0.428266,2.504448
488374272,67213.5,0.001248,0.140242,9.8e-05,0.942426,0.0,0.7125,0.4552,0.006041,0.005807,0.006435,0.472574,2.530109
489160704,67229.0,-0.00069,0.15277,9.7e-05,0.947072,0.0,0.7128,0.4564,0.006603,0.007056,0.007309,0.358483,2.313744
489947136,67117.4,-0.003077,0.156354,0.000104,0.939934,0.0,0.713,0.4574,0.008688,0.006877,0.007533,0.338075,2.346859
490733568,67130.7,-0.003495,0.141144,9.8e-05,0.952528,0.0,0.7122,0.4567,0.006306,0.005574,0.006029,0.336773,2.427152
491520000,67145.9,0.009753,0.149893,0.0001,0.947733,0.0,0.7115,0.4559,0.008495,0.005645,0.006515,0.375062,2.512483
492306432,67119.4,0.002458,0.140854,0.000101,0.943483,0.0,0.7109,0.4557,0.007543,0.005362,0.006797,0.470332,2.61034
493092864,67135.5,0.001551,0.145294,0.000101,0.945492,0.0,0.711,0.4563,0.008183,0.006268,0.007339,0.373075,2.52453
493879296,67151.2,0.002,0.137529,0.0001,0.943192,0.0,0.7115,0.4577,0.008768,0.00784,0.007254,0.389583,2.514918
494665728,67166.1,0.003459,0.133301,0.000101,0.943523,0.0,0.7111,0.4567,0.006623,0.006933,0.006523,0.379379,2.534549
495452160,67147.3,0.008112,0.151309,0.000106,0.943421,0.0,0.7122,0.456,0.008242,0.007602,0.007225,0.413392,2.554352
496238592,67161.9,0.000593,0.126877,0.000103,0.948712,0.0,0.713,0.4553,0.009551,0.007572,0.007699,0.460254,2.626374
497025024,67175.4,-0.000996,0.138457,9.8e-05,0.946806,0.0,0.7136,0.4537,0.006676,0.006884,0.006851,0.457951,2.481622
497811456,67155.5,-0.007406,0.143405,0.000103,0.94239,0.0,0.7138,0.4529,0.006191,0.004859,0.006269,0.354132,2.4312
498597888,67171.4,-0.000922,0.131262,0.000101,0.943502,0.0,0.7136,0.4529,0.007639,0.006636,0.006852,0.378462,2.432649
499384320,67187.2,-0.003298,0.114168,0.000104,0.943922,0.0,0.7137,0.4539,0.006623,0.006054,0.006508,0.386896,2.426484
500170752,67203.1,0.000157,0.096575,0.000102,0.94027,0.0,0.7143,0.4567,0.007373,0.00462,0.005504,0.417365,2.515814
500957184,62460.0,0.000556,0.108706,9.6e-05,0.947651,0.0,0.7153,0.4599,0.007362,0.005186,0.01421,0.437696,2.415928
501743616,62479.4,-0.00406,0.112579,9.2e-05,0.944526,0.0,0.7159,0.4616,0.008126,0.006549,0.008503,0.359481,2.471729
502530048,62498.6,-0.000153,0.110433,9.6e-05,0.945369,0.0,0.717,0.4643,0.006625,0.006322,0.006454,0.363161,2.425772
503316480,62464.4,0.001938,0.116246,9.7e-05,0.943549,0.0,0.718,0.4674,0.006544,0.005138,0.00723,0.401577,2.537036
504102912,62484.4,-0.002553,0.112548,9.5e-05,0.944627,0.0,0.7181,0.4695,0.006867,0.004649,0.006849,0.426476,2.600418
504889344,62503.8,0.005254,0.098706,9.4e-05,0.947015,0.0,0.718,0.4709,0.007052,0.006043,0.00684,0.487292,2.680586
505675776,62523.4,-0.003215,0.101126,9.3e-05,0.950425,0.0,0.7177,0.4715,0.008938,0.005871,0.006387,0.403168,2.514522
506462208,62498.0,-0.004355,0.144453,0.000103,0.952159,0.0,0.717,0.4719,0.007414,0.006466,0.007231,0.362526,2.492596
507248640,62518.1,-0.003554,0.106701,9.6e-05,0.95012,0.0,0.7168,0.4714,0.008283,0.006741,0.00732,0.380469,2.597298
508035072,62536.9,0.004966,0.102179,9.8e-05,0.950125,0.0,0.7174,0.4728,0.006391,0.005789,0.007204,0.388325,2.53078
508821504,62502.2,-0.001182,0.106894,9.8e-05,0.949706,0.0,0.718,0.4734,0.008996,0.005398,0.006088,0.484805,2.624637
509607936,62522.4,-0.00249,0.139694,9.7e-05,0.946176,0.0,0.718,0.4732,0.01241,0.006333,0.009071,0.36291,2.575894
510394368,62542.2,-0.005476,0.115452,9.7e-05,0.946233,0.0,0.7181,0.4734,0.008859,0.006949,0.008599,0.365782,2.516188
511180800,62561.5,0.000845,0.110259,9.5e-05,0.94964,0.0,0.7179,0.4729,0.01079,0.006935,0.008115,0.350561,2.54435
511967232,62536.6,-0.001701,0.125449,0.000101,0.946141,0.0,0.7178,0.472,0.007721,0.006481,0.007152,0.386589,2.492731
512753664,62556.1,-0.000212,0.116884,9.8e-05,0.946441,0.0,0.7176,0.4708,0.012106,0.006975,0.007789,0.444024,2.597394
513540096,62573.9,0.000417,0.104312,9.7e-05,0.943821,0.0,0.7184,0.4727,0.008824,0.005754,0.005887,0.496532,2.6328
514326528,62591.0,0.002769,0.115413,0.0001,0.938614,0.0,0.7191,0.4741,0.009299,0.006709,0.006511,0.385199,2.483345
515112960,62549.6,0.005794,0.119392,0.000101,0.940583,0.0,0.7214,0.4785,0.011221,0.007752,0.008461,0.375099,2.46874
515899392,62568.9,-0.002433,0.10291,9.9e-05,0.951311,0.0,0.7237,0.4831,0.009146,0.007533,0.007349,0.391041,2.540491
516685824,62588.8,-0.003378,0.106238,9.8e-05,0.944692,0.0,0.7257,0.4876,0.008052,0.007206,0.008467,0.400457,2.610198
517472256,62549.0,-0.007766,0.117542,9.8e-05,0.951459,0.0,0.7269,0.4906,0.007947,0.006415,0.006693,0.507297,2.711875
518258688,62568.5,0.003199,0.11041,9.5e-05,0.956377,0.0,0.7273,0.4928,0.010566,0.006645,0.008469,0.360166,2.597423
519045120,62584.8,-0.005531,0.124963,9.8e-05,0.953876,0.0,0.729,0.4962,0.010275,0.006392,0.00732,0.349144,2.577763
519831552,62604.2,-0.005201,0.115897,0.0001,0.948442,0.0,0.7302,0.4993,0.009079,0.007628,0.007101,0.360167,2.61052
520617984,62557.5,-0.003508,0.123458,0.000102,0.95184,0.0,0.7314,0.5025,0.008326,0.008036,0.0069,0.396338,2.59091
521404416,62576.5,-0.002079,0.113867,0.0001,0.95348,0.0,0.7316,0.5039,0.00783,0.006368,0.006365,0.450921,2.740553
522190848,62594.9,0.00315,0.10657,9.5e-05,0.954857,0.0,0.7319,0.5056,0.007261,0.006583,0.005986,0.440607,2.726068
522977280,62561.0,-0.000371,0.122684,0.0001,0.953625,0.0,0.7317,0.5058,0.007839,0.00646,0.006814,0.330787,2.57408
523763712,62579.2,0.001844,0.105986,9.6e-05,0.955283,0.0,0.7315,0.5093,0.006388,0.006176,0.007185,0.340637,2.570827
524550144,62597.4,0.002057,0.111602,9.8e-05,0.951143,0.0,0.7321,0.5122,0.007681,0.005934,0.006304,0.362768,2.615283
525336576,62613.5,3.1e-05,0.110968,0.000101,0.948992,0.0,0.7331,0.5159,0.009162,0.007261,0.00718,0.40966,2.609564
526123008,62580.3,-0.005032,0.113562,0.000101,0.952156,0.0,0.7343,0.5189,0.008427,0.006404,0.007184,0.508746,2.760899
526909440,62598.1,0.004493,0.118377,0.000102,0.94913,0.0,0.7354,0.5213,0.010965,0.008116,0.008994,0.342944,2.580108
527695872,62614.5,0.002995,0.098762,9.9e-05,0.948057,0.0,0.737,0.5242,0.011486,0.005992,0.006767,0.341955,2.506139
528482304,62555.5,-0.003073,0.107412,0.000103,0.948406,0.0,0.7385,0.5261,0.0077,0.005715,0.005442,0.35287,2.466895
529268736,62572.9,-0.001124,0.100555,0.000101,0.944746,0.0,0.7396,0.5272,0.009519,0.007904,0.007753,0.403525,2.584379
530055168,62589.1,-0.003223,0.089455,9.8e-05,0.943794,0.0,0.7404,0.5282,0.007151,0.006527,0.00636,0.485815,2.688658
530841600,62607.0,0.001952,0.10025,9.8e-05,0.94507,0.0,0.741,0.5283,0.007267,0.006158,0.006887,0.408004,2.567101
531628032,62578.3,-0.001577,0.10855,0.000103,0.947551,0.0,0.7413,0.5293,0.006095,0.005746,0.006831,0.371242,2.509923
532414464,62590.7,-0.003761,0.102547,0.000102,0.948212,0.0,0.7422,0.5311,0.00803,0.00619,0.007086,0.407651,2.623463
533200896,62609.9,0.003118,0.101863,0.000102,0.946091,0.0,0.7434,0.5328,0.006183,0.005815,0.006142,0.417744,2.594463
533987328,62558.6,-0.001557,0.103233,0.000103,0.947623,0.0,0.7453,0.5363,0.006501,0.00438,0.004968,0.532469,2.681077
534773760,62578.5,-0.004172,0.105305,0.000101,0.941732,0.0,0.7486,0.5424,0.013106,0.006892,0.008892,0.422326,2.61973
535560192,62598.4,0.003743,0.103603,0.000104,0.938981,0.0,0.7506,0.5458,0.012054,0.00698,0.006795,0.414542,2.596461
536346624,62617.7,-0.01347,0.09524,0.000104,0.935796,0.0,0.753,0.5502,0.015375,0.00755,0.0067,0.434944,2.547138
537133056,62583.7,-0.004514,0.101291,0.000109,0.939899,0.0,0.7547,0.5537,0.009367,0.00592,0.006019,0.420384,2.502462
537919488,62601.0,-0.007501,0.097228,0.000104,0.942489,0.0,0.7561,0.5575,0.008222,0.006733,0.006796,0.463653,2.676597
538705920,62620.1,0.000368,0.106535,0.000104,0.940825,0.0,0.758,0.5603,0.006646,0.007148,0.008782,0.521169,2.751367
539492352,62636.4,-0.002454,0.093285,0.000103,0.946658,0.0,0.7594,0.5628,0.005919,0.006054,0.006401,0.452696,2.753625
540278784,62617.2,-0.005937,0.103342,0.000108,0.94592,0.0,0.7617,0.5677,0.007301,0.005867,0.006073,0.411812,2.767923
541065216,62634.7,-0.002347,0.083729,0.000102,0.946755,0.0,0.7633,0.5714,0.005907,0.00523,0.005206,0.404698,2.771009
541851648,62653.6,-0.005833,0.077481,9.6e-05,0.946406,0.0,0.7642,0.5741,0.0079,0.005556,0.005293,0.424039,2.73471
542638080,62646.2,-0.000601,0.091812,0.0001,0.950654,0.0,0.7647,0.5759,0.007887,0.005297,0.00752,0.52763,2.915166
543424512,62665.6,0.002331,0.098477,9.5e-05,0.948941,0.0,0.7653,0.5767,0.020473,0.007338,0.009367,0.395966,2.772895
544210944,62685.8,-0.0048,0.094658,9.7e-05,0.951329,0.0,0.7662,0.5777,0.015706,0.006802,0.009447,0.40328,2.634336
544997376,62705.0,-0.000555,0.092969,9.7e-05,0.950184,0.0,0.7666,0.5784,0.010137,0.006156,0.007758,0.39439,2.587086
545783808,62683.4,0.000811,0.107565,0.000106,0.953127,0.0,0.7674,0.5808,0.011033,0.00699,0.008858,0.396738,2.649897
546570240,62700.7,0.006067,0.089891,0.000104,0.951967,0.0,0.7688,0.5838,0.008114,0.006358,0.005919,0.474416,2.793583
547356672,62717.7,0.002653,0.093503,0.000103,0.951005,0.0,0.7699,0.5868,0.009917,0.006003,0.00566,0.522386,2.774131
548143104,62702.6,-0.003973,0.10326,0.000105,0.95107,0.0,0.7706,0.5884,0.009428,0.005482,0.006561,0.374592,2.586001
548929536,62720.1,-0.004278,0.098609,0.000102,0.951349,0.0,0.7719,0.5909,0.009416,0.005494,0.006234,0.380906,2.662362
549715968,62737.8,0.005565,0.080617,9.6e-05,0.951763,0.0,0.7735,0.5949,0.005955,0.005334,0.005572,0.407565,2.661901
550502400,62755.5,0.000295,0.073875,9.6e-05,0.952594,0.0,0.7751,0.5986,0.006021,0.004854,0.005392,0.418873,2.707263
551288832,62728.5,0.000957,0.102185,0.000102,0.950456,0.0,0.7758,0.6003,0.007829,0.005496,0.006673,0.525144,2.855911
552075264,62744.3,-0.000324,0.115547,0.000104,0.955786,0.0,0.7758,0.5999,0.004763,0.005292,0.005442,0.396172,2.746309
552861696,62762.5,0.000944,0.099029,0.000107,0.950494,0.0,0.7758,0.6,0.006709,0.007219,0.007326,0.398975,2.784418
553648128,62741.0,0.003141,0.10361,0.000108,0.945817,0.0,0.7762,0.6,0.006807,0.006703,0.006476,0.392816,2.695087
554434560,62759.6,-0.000591,0.087836,0.000104,0.950817,0.0,0.7778,0.6025,0.010195,0.006911,0.007495,0.417633,2.781916
555220992,62777.8,0.001182,0.093124,0.000103,0.942042,0.0,0.7794,0.6047,0.006668,0.006213,0.006525,0.499712,2.93219
556007424,62795.8,-0.001592,0.098938,9.7e-05,0.942589,0.0,0.781,0.607,0.005965,0.005342,0.005582,0.523982,2.733932
556793856,62785.1,0.000326,0.109196,0.000101,0.937468,0.0,0.7823,0.6093,0.006591,0.00546,0.006665,0.44577,2.673024
557580288,62801.6,-0.004065,0.094109,0.0001,0.939337,0.0,0.784,0.613,0.007173,0.00552,0.006778,0.457803,2.648753
558366720,62817.5,0.003697,0.097837,0.000104,0.927872,0.0,0.7862,0.6159,0.008645,0.005803,0.006587,0.48133,2.721718
559153152,62802.0,-0.001983,0.099259,0.000109,0.934709,0.0,0.7884,0.6192,0.007371,0.005073,0.005547,0.580027,2.813949
559939584,62819.9,-0.007441,0.11232,0.000106,0.944486,0.0,0.7901,0.6213,0.007158,0.006963,0.009348,0.561539,2.730661
560726016,62835.3,0.002117,0.129767,0.000109,0.93649,0.0,0.7909,0.622,0.007018,0.006454,0.006775,0.439951,2.743799
561512448,62852.8,0.000386,0.121412,0.000106,0.940068,0.0,0.7921,0.6234,0.005051,0.004261,0.004925,0.424405,2.532824
562298880,62833.9,-0.009644,0.119265,0.000113,0.937673,0.0,0.7924,0.6236,0.005387,0.004734,0.005446,0.460912,2.621343
563085312,62851.9,-0.006339,0.104693,0.000111,0.935059,0.0,0.7918,0.6233,0.005311,0.005591,0.005598,0.474775,2.625762
563871744,62870.0,-0.006071,0.105654,0.000107,0.939831,0.0,0.7909,0.6229,0.005492,0.006331,0.005486,0.509598,2.623828
564658176,62887.4,-0.0005,0.111716,0.000109,0.942835,0.0,0.7901,0.6226,0.005915,0.004468,0.005264,0.441217,2.520567
565444608,62866.8,-0.003054,0.104643,0.000114,0.935238,0.0,0.7891,0.6216,0.01035,0.007385,0.007902,0.439247,2.602295
566231040,62883.8,-0.003213,0.099919,0.000106,0.941624,0.0,0.7874,0.6201,0.006903,0.006455,0.006986,0.434134,2.666893
567017472,62900.9,-0.007727,0.097026,0.000108,0.943498,0.0,0.7852,0.6176,0.006966,0.005733,0.006037,0.444577,2.662936
567803904,62886.6,0.001558,0.096692,0.000107,0.943466,0.0,0.7835,0.6163,0.005778,0.005266,0.005581,0.508046,2.686821
568590336,62903.4,-0.004298,0.083775,0.000106,0.944929,0.0,0.7828,0.616,0.008094,0.00654,0.006837,0.43943,2.810554
569376768,62920.7,0.000345,0.082147,0.000102,0.943446,0.0,0.782,0.615,0.006617,0.005595,0.005952,0.422907,2.675812
570163200,62937.4,-0.009177,0.080415,0.000103,0.94485,0.0,0.7818,0.6146,0.005631,0.004968,0.00618,0.426477,2.703712
570949632,62923.1,-0.004508,0.091927,0.000107,0.944627,0.0,0.781,0.614,0.015955,0.007779,0.006751,0.442689,2.772265
571736064,62938.7,0.000987,0.085004,0.000106,0.947174,0.0,0.7801,0.6141,0.00882,0.00662,0.006546,0.502627,2.907152
572522496,62955.3,0.001456,0.083533,0.000103,0.944139,0.0,0.7805,0.6152,0.010896,0.007826,0.006615,0.514004,2.793375
573308928,62942.2,-0.00444,0.093508,0.000108,0.940721,0.0,0.7808,0.6165,0.009142,0.013475,0.007146,0.428361,2.780483
574095360,62959.4,-0.000516,0.11127,0.000113,0.945047,0.0,0.7815,0.6168,0.007585,0.010548,0.00763,0.41353,2.750323
574881792,62976.1,-0.001643,0.102529,0.000109,0.943467,0.0,0.7809,0.6139,0.007033,0.008263,0.006817,0.42648,2.701155
575668224,62992.7,-0.000469,0.097972,0.000111,0.945054,0.0,0.7801,0.6125,0.00554,0.005488,0.005023,0.448108,2.729245
576454656,62977.1,-0.000208,0.099807,0.000108,0.944636,0.0,0.7793,0.6113,0.00697,0.007283,0.00597,0.537303,2.881269
577241088,62995.0,-0.004587,0.096031,0.000106,0.940049,0.0,0.779,0.6107,0.00853,0.007004,0.006819,0.481923,2.923014
578027520,63012.9,-0.0044,0.0992,0.000108,0.938203,0.0,0.7795,0.6107,0.007673,0.007101,0.005969,0.484622,2.891174
578813952,62996.5,-8.8e-05,0.095781,0.000111,0.938341,0.0,0.7806,0.6115,0.007392,0.005552,0.005837,0.466417,2.857673
579600384,63010.1,-0.004832,0.081016,0.000111,0.938605,0.0,0.7833,0.6159,0.006483,0.00572,0.006503,0.519105,2.942476
580386816,63025.8,-0.005418,0.089478,0.00011,0.93777,0.0,0.786,0.6201,0.006611,0.005834,0.006044,0.576276,3.011068
581173248,63043.8,-0.000172,0.09399,0.000111,0.931437,0.0,0.7879,0.6232,0.006567,0.005954,0.006147,0.585453,2.948158
581959680,63022.8,0.004586,0.105993,0.000119,0.928819,0.0,0.7887,0.6243,0.008277,0.005317,0.006813,0.503926,2.801753
582746112,63038.4,0.003777,0.102393,0.000118,0.928103,0.0,0.7888,0.624,0.005598,0.007222,0.005962,0.503425,2.796751
583532544,63054.4,0.002348,0.09909,0.00011,0.928176,0.0,0.7892,0.6239,0.007256,0.007602,0.006705,0.530487,2.823514
584318976,63043.4,-0.003564,0.090215,0.000114,0.930411,0.0,0.7898,0.624,0.008972,0.00605,0.006663,0.608156,2.945817
585105408,63059.2,0.000434,0.095112,0.000104,0.942205,0.0,0.7902,0.6244,0.008913,0.007816,0.008306,0.606229,2.910142
585891840,63073.5,-0.006177,0.080244,0.000101,0.934964,0.0,0.7902,0.6249,0.010379,0.006851,0.007501,0.487773,2.707653
586678272,63089.6,0.000911,0.093695,0.000104,0.936866,0.0,0.7897,0.6249,0.006296,0.006419,0.007423,0.51012,2.782773
587464704,63076.1,-0.000459,0.095774,0.000107,0.943501,0.0,0.789,0.6245,0.005227,0.005097,0.006559,0.515442,2.881652
588251136,63093.1,-0.002148,0.076875,0.000102,0.947321,0.0,0.7885,0.6254,0.005983,0.00539,0.005811,0.520496,2.909023
589037568,63110.0,2.5e-05,0.081827,0.000103,0.938573,0.0,0.788,0.6258,0.008551,0.005398,0.006897,0.540775,2.919844
589824000,63126.9,-0.00315,0.083024,0.000102,0.936843,0.0,0.7882,0.6258,0.008406,0.005507,0.005769,0.478259,2.737553
590610432,63120.8,-0.000402,0.121503,0.000113,0.931504,0.0,0.7888,0.6265,0.005468,0.006758,0.00723,0.476305,2.562192
591396864,63137.3,-0.008798,0.101617,0.000109,0.937623,0.0,0.79,0.6275,0.006901,0.008287,0.008281,0.447365,2.664286
592183296,63154.3,-0.005862,0.101872,0.00011,0.934831,0.0,0.7918,0.629,0.006761,0.007396,0.006752,0.479521,2.657276
592969728,63147.1,-0.001491,0.117812,0.00011,0.941963,0.0,0.7934,0.6304,0.006997,0.0056,0.005727,0.548761,2.721649
593756160,63164.2,0.001011,0.094032,0.000107,0.945905,0.0,0.795,0.6338,0.004247,0.005244,0.005654,0.452286,2.617113
594542592,63181.4,-0.005757,0.091361,0.00011,0.936019,0.0,0.7961,0.635,0.006885,0.006287,0.006232,0.438289,2.628075
595329024,63198.4,-0.000729,0.089931,0.000114,0.941427,0.0,0.7977,0.6373,0.006869,0.006467,0.006147,0.446812,2.648287
596115456,63171.3,0.000392,0.117912,0.000122,0.938475,0.0,0.7993,0.6381,0.011274,0.006134,0.006385,0.441138,2.645657
596901888,63187.5,-0.002364,0.099044,0.000112,0.945695,0.0,0.8004,0.6387,0.010848,0.006039,0.005635,0.49438,2.722519
597688320,63203.6,-0.003169,0.090575,0.000115,0.941685,0.0,0.8016,0.6393,0.009235,0.006575,0.006328,0.565553,2.842199
598474752,63190.7,-0.002269,0.128411,0.000118,0.937562,0.0,0.8027,0.6398,0.008143,0.005641,0.006248,0.443394,2.722872
599261184,63206.7,-0.001173,0.123789,0.000117,0.942903,0.0,0.803,0.6398,0.006407,0.007137,0.006587,0.458533,2.756714
600047616,63221.9,-0.001011,0.092698,0.000114,0.94146,0.0,0.8029,0.6391,0.006338,0.006004,0.005766,0.433994,2.704488
600834048,63236.7,0.00166,0.084582,0.000111,0.941408,0.0,0.8025,0.6381,0.006092,0.005874,0.005439,0.469509,2.664791
601620480,63224.5,-0.00582,0.102694,0.000114,0.934489,0.0,0.8033,0.6378,0.005998,0.005763,0.006702,0.550643,2.702973
602406912,63240.9,-0.004688,0.096609,0.000107,0.938498,0.0,0.8041,0.6388,0.007028,0.00698,0.007805,0.513345,2.810195
603193344,63257.0,0.007828,0.098068,0.000109,0.928372,0.0,0.8064,0.6423,0.008904,0.007234,0.007591,0.483725,2.766141
603979776,63246.5,-0.003594,0.107747,0.000116,0.932882,0.0,0.8085,0.6444,0.007814,0.006488,0.006758,0.468658,2.64822
604766208,63263.1,-0.001519,0.08696,0.00011,0.937554,0.0,0.81,0.6462,0.006264,0.008056,0.007192,0.494682,2.753806
605552640,63279.4,-0.005493,0.084856,0.000112,0.939019,0.0,0.811,0.6473,0.007551,0.006883,0.007683,0.565103,2.847168
606339072,63295.2,-0.012905,0.096351,0.000113,0.93969,0.0,0.8112,0.6464,0.006556,0.005637,0.006863,0.580739,2.902718
607125504,63286.6,-0.007635,0.091185,0.000111,0.941167,0.0,0.8112,0.6472,0.008314,0.00618,0.006997,0.481406,2.821517
607911936,63302.5,-0.0002,0.085383,0.000107,0.942842,0.0,0.8108,0.6464,0.007196,0.006431,0.00649,0.442057,2.764199
608698368,63318.4,-0.004868,0.0784,0.000107,0.947193,0.0,0.8105,0.6468,0.006398,0.006056,0.005602,0.447622,2.720552
609484800,63310.3,-0.004317,0.088271,0.000114,0.943356,0.0,0.8105,0.6476,0.005319,0.005243,0.005705,0.540568,2.850392
610271232,63325.1,0.004316,0.11258,0.000111,0.945238,0.0,0.811,0.6483,0.005938,0.006673,0.006397,0.559323,2.859208
611057664,63339.6,-0.001347,0.103759,0.000114,0.937747,0.0,0.8117,0.6494,0.00567,0.006468,0.006359,0.475658,2.827774
611844096,63354.4,-0.00812,0.107916,0.000116,0.942646,0.0,0.8124,0.6505,0.005468,0.006702,0.006078,0.48565,2.84032
612630528,63345.0,-0.003112,0.101884,0.000116,0.942176,0.0,0.8128,0.6513,0.005835,0.005547,0.005503,0.495067,2.832956
613416960,63360.6,0.001023,0.090825,0.000113,0.940605,0.0,0.8129,0.6511,0.006468,0.006421,0.006365,0.481068,2.869117
614203392,63376.1,-0.003897,0.098827,0.000116,0.937358,0.0,0.8131,0.651,0.007856,0.006833,0.006867,0.55863,2.858435
614989824,63391.7,0.000786,0.08101,0.000109,0.943191,0.0,0.8135,0.6523,0.005626,0.005577,0.005728,0.558655,2.647597
615776256,63381.9,-0.002441,0.089174,0.000118,0.942467,0.0,0.8137,0.652,0.007543,0.008106,0.007959,0.473396,2.794449
616562688,63397.3,-0.003426,0.085462,0.000111,0.945248,0.0,0.8139,0.652,0.008726,0.006495,0.006104,0.477273,2.832942
617349120,63410.8,0.002919,0.07438,0.000111,0.946768,0.0,0.8136,0.6522,0.005127,0.006501,0.006141,0.471363,2.810648
618135552,63399.9,-0.011996,0.087124,0.000114,0.944559,0.0,0.8135,0.6528,0.006379,0.006614,0.011537,0.536012,2.907865
618921984,63414.7,-0.005373,0.096597,0.000114,0.941921,0.0,0.8127,0.6515,0.006153,0.006666,0.009608,0.536493,2.661095
619708416,63429.9,0.002214,0.095128,0.000115,0.94303,0.0,0.812,0.6509,0.006073,0.005892,0.007422,0.45644,2.847574
620494848,63445.4,-0.005298,0.092896,0.000118,0.940154,0.0,0.8117,0.6509,0.007247,0.005955,0.006961,0.46506,2.886003
621281280,63434.8,-0.004494,0.087466,0.000115,0.943798,0.0,0.8123,0.6526,0.006567,0.005769,0.006841,0.505779,2.950414
622067712,63450.3,-0.000816,0.072673,0.00011,0.950229,0.0,0.8134,0.6544,0.006707,0.005739,0.005772,0.508318,3.006449
622854144,63465.8,-0.009514,0.068771,0.000112,0.951692,0.0,0.815,0.6572,0.005479,0.005118,0.005537,0.544391,3.044088
623640576,63453.9,0.000151,0.084376,0.00011,0.950125,0.0,0.8158,0.659,0.006099,0.00512,0.005438,0.444002,2.888699
624427008,63467.5,0.001855,0.086662,0.000113,0.948128,0.0,0.8163,0.6606,0.006506,0.005534,0.006286,0.468966,2.885639
625213440,63482.4,-0.008251,0.089852,0.00011,0.947974,0.0,0.8165,0.6613,0.006487,0.004917,0.006364,0.475553,2.855298
625999872,63496.6,0.002997,0.082545,0.000111,0.947335,0.0,0.8161,0.6616,0.006163,0.00427,0.005299,0.474485,2.862424
626786304,63487.0,-0.005594,0.085103,0.000114,0.948971,0.0,0.8172,0.6642,0.01268,0.005199,0.007234,0.55897,2.89449
627572736,63501.4,-0.008723,0.088409,0.000113,0.949899,0.0,0.8186,0.6661,0.014087,0.005783,0.006106,0.473133,3.002067
628359168,63515.8,-0.004711,0.081756,0.000113,0.946645,0.0,0.8203,0.6688,0.008035,0.006218,0.00644,0.474049,2.998514
629145600,63510.5,-0.005762,0.088838,0.000116,0.950522,0.0,0.8224,0.6726,0.006463,0.005938,0.005497,0.455627,2.94953
629932032,63526.7,-0.004852,0.073402,0.000105,0.954532,0.0,0.8239,0.6765,0.005569,0.005957,0.007211,0.419592,2.911022
630718464,63542.6,-0.008852,0.086631,0.000108,0.948984,0.0,0.8253,0.6795,0.005494,0.005721,0.007002,0.495288,2.881266
631504896,63557.7,-0.004617,0.077266,0.000111,0.945514,0.0,0.8269,0.6831,0.004262,0.004861,0.004694,0.502395,2.828702
632291328,63544.5,0.001792,0.10514,0.000116,0.937712,0.0,0.8281,0.6853,0.006472,0.006879,0.008089,0.504576,2.890152
633077760,63559.4,0.001257,0.100977,0.000113,0.941646,0.0,0.8294,0.6871,0.006089,0.007352,0.008525,0.489443,2.870425
633864192,63574.2,-0.008483,0.097323,0.000115,0.944119,0.0,0.8305,0.6888,0.006436,0.005483,0.008545,0.511569,2.889408
634650624,63566.0,-0.002193,0.09212,0.000116,0.936536,0.0,0.8312,0.6899,0.009045,0.005088,0.006845,0.521722,2.924244
635437056,63580.3,-0.004658,0.084867,0.000114,0.945655,0.0,0.8318,0.6911,0.007319,0.006445,0.006873,0.547517,2.886395
636223488,63594.7,-0.007583,0.093513,0.000116,0.946175,0.0,0.8326,0.6919,0.0051,0.005902,0.006549,0.498712,2.985273
637009920,63608.0,-0.002297,0.095151,0.000121,0.945117,0.0,0.8336,0.6929,0.005619,0.005569,0.006528,0.502694,3.050704
637796352,63599.4,0.002019,0.095302,0.000124,0.94085,0.0,0.8342,0.694,0.005167,0.005201,0.006032,0.484788,3.0237
638582784,63613.5,-0.009622,0.081825,0.000114,0.942206,0.0,0.8343,0.6947,0.006241,0.006123,0.006164,0.486674,3.043515
639369216,63626.0,-0.010828,0.068899,0.000112,0.943668,0.0,0.8338,0.6954,0.00613,0.005713,0.006031,0.549308,3.074863
640155648,63641.1,-0.000821,0.072984,0.000112,0.944847,0.0,0.8336,0.6963,0.006118,0.005432,0.006253,0.563001,2.900104
640942080,63632.9,-0.004535,0.081794,0.000114,0.942338,0.0,0.834,0.6978,0.006342,0.006646,0.00604,0.473777,2.966914
641728512,63647.5,-0.001694,0.072017,0.000113,0.944755,0.0,0.8346,0.6997,0.006469,0.007307,0.006613,0.479517,3.0068
642514944,63661.2,-0.000884,0.064106,0.000113,0.939608,0.0,0.835,0.701,0.005685,0.006429,0.006063,0.470381,2.949121
643301376,63655.1,-0.005153,0.076147,0.000115,0.937545,0.0,0.8357,0.7026,0.005297,0.005925,0.006469,0.598515,2.99383
644087808,63668.1,-0.006071,0.080149,0.000115,0.937146,0.0,0.8363,0.7041,0.006676,0.006806,0.00642,0.628154,2.958839
644874240,63682.6,0.001803,0.082862,0.000115,0.939497,0.0,0.8367,0.7046,0.006698,0.007719,0.007184,0.474912,3.012254
645660672,63697.2,-0.00495,0.077946,0.000114,0.938464,0.0,0.8377,0.7056,0.005579,0.005924,0.006152,0.494906,3.047291
646447104,63688.3,-0.010578,0.081111,0.000117,0.938772,0.0,0.8394,0.709,0.007665,0.00634,0.007263,0.491496,3.114952
647233536,63703.0,-0.001548,0.062094,0.00011,0.942074,0.0,0.8415,0.7138,0.007631,0.005707,0.006453,0.543949,3.138774
648019968,63717.0,-0.007866,0.065999,0.000112,0.941707,0.0,0.8436,0.7177,0.006307,0.005218,0.006355,0.562693,3.151152
648806400,63710.7,-0.006206,0.09034,0.000111,0.944744,0.0,0.8447,0.7198,0.00607,0.00512,0.005752,0.513036,3.149448
649592832,63726.0,-0.005802,0.095839,0.000113,0.938588,0.0,0.8456,0.7202,0.006196,0.00615,0.007326,0.487377,3.16446
650379264,63741.4,-0.000322,0.107404,0.000113,0.941935,0.0,0.8462,0.7205,0.005882,0.005938,0.005812,0.505361,3.058354
651165696,63756.6,-0.005499,0.093174,0.000113,0.943872,0.0,0.8466,0.7202,0.007408,0.005523,0.005637,0.466889,2.936377
651952128,63749.1,-0.002644,0.080661,0.000114,0.940958,0.0,0.8472,0.7212,0.005829,0.004809,0.00688,0.556261,2.971847
652738560,63763.9,-0.00766,0.086442,0.000112,0.94333,0.0,0.8482,0.7226,0.006307,0.005417,0.006362,0.486255,3.111657
653524992,63778.5,-0.006383,0.069442,0.000112,0.938029,0.0,0.8493,0.7251,0.005485,0.005075,0.005273,0.504161,3.106164
654311424,63771.1,-0.002022,0.082314,0.000115,0.936414,0.0,0.8507,0.7273,0.004148,0.004614,0.005095,0.471765,3.061899
655097856,63786.0,0.003467,0.080146,0.000109,0.942161,0.0,0.8517,0.7295,0.006743,0.006204,0.005891,0.488838,3.07457
655884288,63801.3,-0.002894,0.073088,0.000106,0.94227,0.0,0.8527,0.7314,0.006081,0.004966,0.004936,0.527677,3.03298
656670720,63816.0,0.002761,0.066406,0.000104,0.945312,0.0,0.8533,0.733,0.006266,0.004316,0.004498,0.605444,3.049425
657457152,63807.8,-0.002944,0.07885,0.000108,0.941917,0.0,0.8532,0.7333,0.007887,0.005843,0.006373,0.478059,2.955933
658243584,63822.0,0.000842,0.068007,0.000109,0.942654,0.0,0.8526,0.7339,0.006732,0.005187,0.005362,0.525525,3.090459
659030016,63836.4,0.002385,0.066359,0.000109,0.94269,0.0,0.8522,0.7342,0.005101,0.004597,0.005235,0.49156,3.05518
659816448,63827.6,-0.011488,0.075089,0.000114,0.942473,0.0,0.8516,0.7337,0.006119,0.003868,0.004927,0.528307,3.008385
660602880,63841.0,0.003764,0.094317,0.000109,0.946026,0.0,0.852,0.7347,0.008497,0.005712,0.005753,0.570495,3.060467
661389312,63853.8,0.0008,0.090941,0.00011,0.942481,0.0,0.8524,0.736,0.006955,0.005381,0.005344,0.484288,2.955622
662175744,63867.3,-0.004038,0.075962,0.000112,0.933797,0.0,0.8535,0.7382,0.0078,0.004917,0.004956,0.49209,2.947117
662962176,63857.7,0.010113,0.085207,0.000113,0.931243,0.0,0.8548,0.7408,0.006977,0.005195,0.005056,0.531143,2.877546
663748608,63871.1,0.000305,0.070076,0.000108,0.934335,0.0,0.856,0.7419,0.007194,0.006042,0.005978,0.563513,2.970703
664535040,63885.7,-0.001898,0.057917,0.000108,0.937829,0.0,0.8567,0.7443,0.005737,0.00489,0.005491,0.579044,3.015207
665321472,63900.3,-0.005951,0.060508,0.000109,0.939292,0.0,0.8578,0.7462,0.006613,0.005212,0.005602,0.614847,3.027408
666107904,63893.9,-0.002873,0.082942,0.000117,0.936224,0.0,0.858,0.7471,0.006725,0.006444,0.007314,0.514568,3.023085
666894336,63908.1,-0.003751,0.087548,0.000114,0.944497,0.0,0.8585,0.7482,0.00622,0.006173,0.006402,0.533505,2.976593
667680768,63921.1,-0.000561,0.068693,0.000113,0.945561,0.0,0.8595,0.7497,0.005855,0.005148,0.005948,0.473999,2.98701
668467200,63911.6,-0.002959,0.086507,0.000116,0.94193,0.0,0.86,0.7504,0.006266,0.005003,0.006018,0.556801,2.994383
669253632,63925.9,-0.006887,0.073161,0.000114,0.942456,0.0,0.8608,0.7507,0.006481,0.005984,0.006919,0.590551,3.04257
670040064,63938.4,-0.001427,0.075988,0.000114,0.941137,0.0,0.8613,0.7508,0.006592,0.006325,0.006207,0.540506,3.032687
670826496,63950.4,-0.008633,0.08047,0.000115,0.936282,0.0,0.8624,0.7513,0.00545,0.006073,0.006633,0.531888,2.991282
671612928,63943.1,-0.001234,0.099302,0.000118,0.938196,0.0,0.8631,0.7519,0.007701,0.005917,0.00559,0.503713,2.913118
672399360,63954.1,-0.003707,0.082695,0.000109,0.944189,0.0,0.8639,0.7531,0.007861,0.005268,0.006461,0.524162,2.942986
673185792,63968.1,-0.001111,0.073394,0.000109,0.944844,0.0,0.8649,0.7544,0.006728,0.005666,0.006034,0.577676,3.004657
673972224,63961.1,0.008831,0.097581,0.000112,0.946978,0.0,0.8654,0.755,0.006975,0.005631,0.006058,0.48843,3.028654
674758656,63974.5,-0.002066,0.087446,0.000113,0.949293,0.0,0.8659,0.7549,0.008328,0.006277,0.007066,0.460323,3.002757
675545088,63988.5,-0.001266,0.073905,0.000113,0.945516,0.0,0.8663,0.7552,0.006641,0.00559,0.007062,0.482471,3.053595
676331520,64001.3,-0.003267,0.074281,0.000114,0.944334,0.0,0.8668,0.7557,0.005322,0.004892,0.005484,0.513874,3.111638
677117952,63992.7,-0.002319,0.080311,0.000115,0.942083,0.0,0.8675,0.7575,0.005495,0.005912,0.006558,0.572828,3.136989
677904384,64004.8,0.000478,0.079867,0.000109,0.938645,0.0,0.8686,0.7594,0.004946,0.005602,0.00659,0.578194,2.928759
678690816,64018.0,-0.001255,0.070792,0.000111,0.937182,0.0,0.8694,0.7609,0.005085,0.005462,0.006612,0.544168,3.122053
679477248,63963.4,-0.004897,0.087964,0.000114,0.93526,0.0,0.8706,0.7635,0.004229,0.005848,0.006211,0.497395,3.084885
680263680,63977.1,-0.002182,0.075678,0.000109,0.940841,0.0,0.872,0.7659,0.006706,0.006637,0.006162,0.528085,3.022226
681050112,63990.7,0.002766,0.073916,0.000108,0.938325,0.0,0.8731,0.7681,0.005829,0.006049,0.00687,0.529497,2.985502
681836544,64003.6,-0.001308,0.069383,0.000107,0.937351,0.0,0.8738,0.7698,0.004721,0.004963,0.00621,0.597083,3.074162
682622976,63993.4,-0.001703,0.093396,0.000111,0.935973,0.0,0.8741,0.7706,0.00619,0.006404,0.006756,0.510177,3.010239
683409408,64006.4,0.00503,0.089769,0.000116,0.937752,0.0,0.8742,0.7707,0.005407,0.00751,0.00652,0.553704,3.105505
684195840,64020.4,-0.001582,0.083482,0.000117,0.940823,0.0,0.874,0.7698,0.005128,0.005617,0.006059,0.505447,3.018657
684982272,64012.7,-0.003816,0.096352,0.000123,0.941868,0.0,0.8738,0.7685,0.003897,0.003935,0.004254,0.529191,3.055666
685768704,64025.8,0.007422,0.091319,0.000114,0.942747,0.0,0.8747,0.769,0.006317,0.004981,0.005341,0.578732,3.080623
686555136,64039.8,-0.000941,0.082139,0.000113,0.939975,0.0,0.8753,0.7691,0.005289,0.005269,0.004763,0.476988,3.046431
687341568,64053.8,0.002111,0.074138,0.000112,0.941304,0.0,0.8761,0.7698,0.005183,0.005867,0.004886,0.511524,3.077129
688128000,64045.3,0.001934,0.089444,0.000121,0.935224,0.0,0.877,0.7714,0.005633,0.006113,0.005514,0.511357,3.071612
688914432,64059.3,-0.006361,0.071099,0.000115,0.935786,0.0,0.8779,0.7733,0.00584,0.006371,0.006524,0.541564,3.05879
689700864,64073.1,-0.002093,0.0692,0.000113,0.936289,0.0,0.8786,0.7747,0.005339,0.005735,0.00576,0.534346,2.98956
690487296,64087.0,0.000717,0.073441,0.000112,0.937962,0.0,0.8791,0.7755,0.004914,0.004966,0.005054,0.553581,2.972035
691273728,64077.7,0.003337,0.101207,0.000117,0.937909,0.0,0.8797,0.7759,0.006469,0.006001,0.006438,0.539636,3.138947
692060160,64090.2,-0.005048,0.075353,0.000119,0.938705,0.0,0.8804,0.7767,0.00467,0.005176,0.00511,0.506827,2.96821
692846592,64102.5,0.000487,0.082396,0.000119,0.937738,0.0,0.8811,0.7771,0.005454,0.005265,0.006241,0.501676,2.99387
693633024,64093.1,0.003779,0.093669,0.000126,0.935697,0.0,0.8816,0.7768,0.005654,0.004973,0.005728,0.548666,2.932927
694419456,64106.8,0.000703,0.085296,0.000124,0.931612,0.0,0.8821,0.7767,0.006538,0.005033,0.00708,0.589381,2.965487
695205888,64120.2,-0.002632,0.081138,0.000125,0.930227,0.0,0.8825,0.7768,0.005852,0.00569,0.006947,0.540657,2.971826
695992320,64133.1,-0.010018,0.088331,0.000124,0.929597,0.0,0.8831,0.7771,0.005241,0.005193,0.00617,0.559045,3.006013
696778752,64122.4,0.001465,0.086943,0.000123,0.930164,0.0,0.8837,0.7774,0.006537,0.006247,0.006887,0.571108,2.962538
697565184,64135.1,-0.002823,0.074359,0.000119,0.934149,0.0,0.8841,0.7784,0.005461,0.004835,0.006328,0.55023,3.019978
698351616,64148.4,-0.00228,0.075365,0.000115,0.931808,0.0,0.8845,0.7796,0.006641,0.005603,0.006785,0.565154,3.033702
699138048,64142.1,-0.005361,0.081784,0.000118,0.930704,0.0,0.8846,0.7806,0.006354,0.005786,0.006076,0.523653,2.989594
699924480,64155.8,0.004406,0.091415,0.000121,0.934681,0.0,0.8844,0.7804,0.003926,0.005053,0.004528,0.515836,2.991055
700710912,64169.0,-0.005269,0.087654,0.000121,0.933961,0.0,0.8842,0.7801,0.005152,0.007364,0.006422,0.506267,2.952201
701497344,64182.3,0.002557,0.094859,0.000125,0.939436,0.0,0.8841,0.7801,0.004525,0.006432,0.0051,0.49836,2.907266
702283776,64173.2,-0.003956,0.097724,0.000127,0.937408,0.0,0.8837,0.779,0.005909,0.005733,0.006205,0.562095,2.96624
703070208,64186.7,0.000148,0.07646,0.000119,0.938719,0.0,0.8839,0.7801,0.005311,0.006601,0.006423,0.588371,2.904234
703856640,64200.3,-0.002827,0.070105,0.000122,0.938388,0.0,0.8842,0.7806,0.00555,0.006461,0.005483,0.517267,3.040757
704643072,64192.9,-0.007777,0.0733,0.000126,0.934648,0.0,0.8841,0.7808,0.006073,0.004845,0.006015,0.514673,2.954801
705429504,64205.9,-0.003383,0.086902,0.000123,0.934227,0.0,0.8842,0.7811,0.006395,0.005966,0.006489,0.516038,2.928579
706215936,64218.8,-0.000296,0.077389,0.000118,0.931148,0.0,0.8839,0.7808,0.006229,0.005896,0.006258,0.50776,2.876114
707002368,64230.4,-0.004617,0.072001,0.000117,0.934517,0.0,0.8834,0.7803,0.005763,0.005641,0.005568,0.553636,2.912469
707788800,64218.6,-0.005367,0.092492,0.000115,0.934161,0.0,0.8832,0.7799,0.004506,0.00507,0.005167,0.527979,2.937192
708575232,64231.4,-0.007158,0.067736,0.000111,0.93263,0.0,0.883,0.7795,0.004571,0.005609,0.00489,0.503748,2.926552
709361664,64242.5,-0.000375,0.06574,0.000111,0.928199,0.0,0.8828,0.7793,0.005256,0.005839,0.005615,0.540789,2.912807
710148096,64233.3,-0.003375,0.067495,0.000118,0.923031,0.0,0.8828,0.7793,0.006477,0.005344,0.004977,0.542915,2.780401
710934528,64244.2,-0.001084,0.094575,0.000121,0.913527,0.0,0.883,0.7788,0.009646,0.006948,0.007334,0.627194,2.89947
711720960,64256.1,0.006463,0.085255,0.000115,0.919895,0.0,0.8831,0.7795,0.006472,0.006519,0.006609,0.527748,2.754791
712507392,64267.8,-0.015668,0.068395,0.000118,0.921678,0.0,0.8833,0.7803,0.005027,0.005276,0.005525,0.549541,2.796561
713293824,64254.7,-0.00411,0.07067,0.000123,0.925815,0.0,0.8837,0.7816,0.005325,0.006509,0.005412,0.5598,2.888817
714080256,64267.2,0.004104,0.06541,0.000119,0.924673,0.0,0.884,0.7829,0.00568,0.006693,0.00582,0.54958,2.88593
714866688,64280.0,-0.00448,0.058207,0.000117,0.920964,0.0,0.8844,0.7843,0.0051,0.00608,0.004803,0.58529,2.924381
715653120,64271.9,-0.005236,0.061228,0.000116,0.921825,0.0,0.8847,0.7849,0.004865,0.005096,0.004694,0.606309,2.916381
716439552,64284.2,-0.005007,0.072763,0.00012,0.91482,0.0,0.8847,0.7854,0.005545,0.007825,0.006344,0.59559,2.889827
717225984,64294.2,-0.011624,0.072781,0.00012,0.919684,0.0,0.8848,0.7853,0.006081,0.006726,0.005643,0.595224,2.929892
718012416,64305.5,-0.004012,0.0605,0.00012,0.920457,0.0,0.885,0.7858,0.004424,0.005156,0.00469,0.582213,2.941558
718798848,64293.5,-0.000495,0.072127,0.000122,0.921429,0.0,0.8852,0.7865,0.003719,0.005282,0.005021,0.623937,3.000301
719585280,64305.1,-0.001975,0.07784,0.000123,0.920451,0.0,0.8856,0.7874,0.00678,0.005846,0.005924,0.622908,3.014758
720371712,64316.3,0.004643,0.086359,0.000119,0.915199,0.0,0.8857,0.7876,0.008633,0.005647,0.005181,0.570211,2.955399
721158144,64328.6,0.001948,0.067922,0.000119,0.919984,0.0,0.8857,0.7882,0.004875,0.00435,0.005268,0.56775,2.961684
721944576,64317.0,-0.004703,0.087211,0.000126,0.922066,0.0,0.8856,0.7887,0.004595,0.005528,0.006891,0.555959,2.996876
722731008,64329.7,-0.006094,0.086804,0.000121,0.922402,0.0,0.8858,0.7895,0.003902,0.004786,0.004605,0.582971,2.970724
723517440,64342.4,-5.7e-05,0.085598,0.00012,0.921254,0.0,0.886,0.7903,0.005079,0.005064,0.005467,0.588675,2.986343
724303872,64330.8,-0.006359,0.081113,0.000115,0.924842,0.0,0.886,0.7911,0.005455,0.005695,0.005118,0.5565,2.952974
725090304,64342.6,0.002663,0.069762,0.000113,0.922105,0.0,0.8859,0.7916,0.006272,0.005189,0.005415,0.547985,2.982817
725876736,64352.0,-0.00259,0.070517,0.000118,0.923496,0.0,0.8859,0.7921,0.008213,0.005973,0.005687,0.562553,2.973581
726663168,64364.2,-0.006171,0.066058,0.000119,0.920925,0.0,0.886,0.7924,0.006332,0.005496,0.00506,0.579844,3.042807
727449600,64356.7,-0.008797,0.07193,0.000125,0.918935,0.0,0.8863,0.7925,0.006661,0.005721,0.006464,0.614417,3.090608
728236032,64369.9,-0.001463,0.078482,0.000119,0.9155,0.0,0.8868,0.793,0.008077,0.006241,0.006601,0.620702,3.026523
729022464,64383.3,0.000328,0.076455,0.000116,0.915243,0.0,0.8874,0.7941,0.005525,0.006025,0.006213,0.543396,2.914773
729808896,64374.4,-0.002712,0.073381,0.000119,0.915185,0.0,0.8882,0.796,0.00484,0.005012,0.005429,0.571378,2.904047
730595328,64385.4,-0.000478,0.074779,0.000117,0.914522,0.0,0.8888,0.7973,0.005628,0.006045,0.006471,0.560899,2.933251
731381760,64397.1,0.002095,0.081074,0.000118,0.910296,0.0,0.8892,0.7981,0.005401,0.004963,0.005274,0.579751,2.933998
732168192,64409.1,0.003454,0.083754,0.000118,0.916835,0.0,0.8898,0.7991,0.006284,0.004761,0.005543,0.624422,2.960108
732954624,64397.3,-0.004243,0.078926,0.000117,0.914929,0.0,0.8904,0.8002,0.004846,0.005092,0.005528,0.578198,2.947823
733741056,64409.9,-0.00449,0.069438,0.000116,0.920823,0.0,0.8907,0.8011,0.005429,0.004672,0.005076,0.545751,2.928021
734527488,64422.2,-0.009244,0.058218,0.000114,0.916725,0.0,0.8912,0.8022,0.005468,0.004694,0.004956,0.552552,2.896791
735313920,64413.2,-0.005439,0.067684,0.000117,0.918426,0.0,0.8915,0.8032,0.004659,0.004383,0.004563,0.550317,2.840801
736100352,64426.0,-0.003503,0.059286,0.000112,0.92304,0.0,0.8924,0.8051,0.004505,0.005006,0.005398,0.604682,2.953507
736886784,64438.0,-0.000327,0.069443,0.000112,0.923652,0.0,0.8934,0.8064,0.006012,0.00536,0.00605,0.648966,2.907856
737673216,64449.2,-0.002034,0.064188,0.000113,0.920301,0.0,0.8942,0.8078,0.005113,0.005917,0.005947,0.609502,3.115418
738459648,64436.4,0.002771,0.086985,0.000118,0.922784,0.0,0.8951,0.81,0.005582,0.005011,0.00607,0.578741,3.02468
739246080,64448.2,-0.000249,0.073997,0.000118,0.926935,0.0,0.8951,0.8103,0.008375,0.005643,0.005881,0.58882,2.979579
740032512,64456.0,-0.001358,0.061345,0.000116,0.922193,0.0,0.8952,0.8103,0.00519,0.005736,0.004961,0.574837,3.004018
740818944,64439.2,-0.0019,0.068837,0.000118,0.921073,0.0,0.8955,0.8108,0.006009,0.004189,0.005347,0.614517,2.456048
741605376,64449.4,-0.002904,0.065842,0.000117,0.911454,0.0,0.8956,0.8108,0.006444,0.005275,0.005944,0.554166,2.950108
742391808,64460.1,0.000592,0.056051,0.000116,0.913242,0.0,0.8959,0.8117,0.004578,0.005373,0.005267,0.580255,2.920826
743178240,64470.9,0.000242,0.067831,0.000118,0.912199,0.0,0.896,0.8114,0.004689,0.005128,0.005438,0.60231,2.982095
743964672,64458.8,-0.001878,0.063783,0.000122,0.912975,0.0,0.8961,0.8117,0.005053,0.004558,0.005412,0.564896,2.851503
744751104,64470.4,-0.007117,0.066522,0.00012,0.916928,0.0,0.8962,0.8117,0.00733,0.005221,0.006857,0.604887,2.982335
745537536,64482.6,-0.00475,0.072295,0.000118,0.914816,0.0,0.8961,0.8113,0.006284,0.005244,0.006322,0.612114,3.008869
746323968,64494.7,-0.005675,0.058924,0.000114,0.905014,0.0,0.8959,0.8103,0.00777,0.004836,0.005743,0.590033,3.017761
747110400,64481.3,0.002042,0.078133,0.000123,0.908065,0.0,0.8957,0.8103,0.005232,0.005457,0.005974,0.638291,2.969875
747896832,64492.5,-0.003306,0.071619,0.000118,0.909297,0.0,0.8956,0.8104,0.005612,0.005528,0.006364,0.60733,2.99683
748683264,64503.8,-0.000427,0.068659,0.000114,0.907787,0.0,0.8956,0.8104,0.005209,0.004682,0.005825,0.631597,2.984113
749469696,64479.2,0.000878,0.066569,0.000119,0.91828,0.0,0.8959,0.8107,0.004776,0.004365,0.005544,0.608238,3.015947
750256128,64490.8,0.000886,0.058096,0.000119,0.926365,0.0,0.896,0.8118,0.006215,0.006372,0.005659,0.573227,3.060282
751042560,64501.9,0.001658,0.067713,0.000117,0.925963,0.0,0.8962,0.8123,0.006305,0.005206,0.004802,0.54682,3.03403
751828992,64512.8,-0.002835,0.07086,0.000117,0.917986,0.0,0.8966,0.8125,0.004865,0.005794,0.006448,0.559236,3.038798
752615424,64498.9,-0.006465,0.073867,0.000118,0.913522,0.0,0.8969,0.8128,0.004409,0.005607,0.006803,0.622924,3.022179
753401856,64509.8,-0.005464,0.060477,0.000111,0.913468,0.0,0.8971,0.8128,0.005296,0.005802,0.006168,0.623945,2.956815
754188288,64520.7,-0.006629,0.061036,0.000111,0.919121,0.0,0.8974,0.8133,0.005134,0.005246,0.005699,0.561749,2.953109
754974720,64505.0,0.003009,0.075797,0.000116,0.923741,0.0,0.8982,0.8149,0.004858,0.004657,0.005477,0.569899,3.000364
755761152,64516.8,0.003834,0.067675,0.000113,0.924983,0.0,0.8991,0.8173,0.007747,0.006248,0.006628,0.564649,3.003331
756547584,64527.6,-0.004663,0.070255,0.000115,0.926447,0.0,0.9,0.819,0.004344,0.005142,0.005435,0.549503,2.940057
757334016,64538.7,-0.00358,0.057534,0.00011,0.926418,0.0,0.9007,0.8208,0.005295,0.004861,0.004874,0.588225,2.992498
758120448,64522.6,0.005585,0.073886,0.000114,0.928284,0.0,0.9011,0.8218,0.005416,0.00547,0.004965,0.558425,3.004939
758906880,64528.8,-0.000244,0.066609,0.000109,0.934274,0.0,0.9015,0.8228,0.005405,0.005356,0.004901,0.533611,3.012889
759693312,64539.9,0.005286,0.074093,0.000109,0.935166,0.0,0.9019,0.824,0.005762,0.005289,0.005226,0.517702,3.022528
760479744,64520.3,-0.004333,0.076359,0.000109,0.937828,0.0,0.9019,0.8246,0.004775,0.004913,0.005487,0.479038,2.913999
761266176,64531.1,-0.005359,0.081484,0.000107,0.937732,0.0,0.9015,0.8231,0.005722,0.006506,0.006674,0.517779,2.968318
762052608,64541.6,-0.006947,0.079527,0.000109,0.937036,0.0,0.9015,0.8223,0.004748,0.006066,0.006773,0.547866,2.883093
762839040,64552.8,-0.007639,0.081858,0.000112,0.932238,0.0,0.9017,0.8221,0.004321,0.00519,0.005719,0.542665,3.112461
763625472,64534.8,-0.00016,0.081092,0.000117,0.930589,0.0,0.9016,0.8215,0.013076,0.004668,0.005366,0.531025,3.089083
764411904,64546.2,0.001596,0.067904,0.000115,0.932708,0.0,0.9014,0.8211,0.007658,0.00519,0.006003,0.524037,3.044029
765198336,64557.7,0.003127,0.072628,0.000113,0.930766,0.0,0.9009,0.8201,0.009263,0.0055,0.005259,0.540064,3.034973
765984768,64543.5,-7.7e-05,0.06728,0.000114,0.929573,0.0,0.9008,0.8202,0.005252,0.00504,0.005091,0.594736,2.935049
766771200,64553.6,0.003296,0.079701,0.00012,0.935364,0.0,0.9012,0.8208,0.004924,0.004924,0.004846,0.53296,3.226511
767557632,64563.1,0.002204,0.064005,0.000116,0.931619,0.0,0.9018,0.822,0.004025,0.005104,0.005337,0.542084,3.17142
768344064,64572.6,-0.004149,0.058928,0.000115,0.933461,0.0,0.9019,0.8229,0.004571,0.004056,0.004349,0.531828,3.088942
769130496,64555.3,-0.002018,0.05932,0.000115,0.930327,0.0,0.9016,0.8234,0.003609,0.003965,0.004184,0.549369,3.055056
769916928,64565.2,-0.002508,0.04784,0.00011,0.933671,0.0,0.9012,0.8234,0.004347,0.004322,0.00471,0.572143,3.062566
770703360,64576.6,-0.000813,0.041378,0.000107,0.938258,0.0,0.9012,0.8244,0.004546,0.003527,0.004524,0.548262,3.127542
771489792,64587.7,0.007911,0.054763,0.00011,0.933783,0.0,0.9015,0.8255,0.005071,0.004105,0.00445,0.558276,3.156615
772276224,64573.3,0.001031,0.07259,0.000118,0.928129,0.0,0.9015,0.8253,0.006548,0.005088,0.007354,0.51642,3.010732
773062656,64583.0,0.002775,0.063003,0.000112,0.923427,0.0,0.9015,0.826,0.004947,0.004402,0.005644,0.528512,2.975241
773849088,64593.8,-0.001307,0.053409,0.00011,0.923355,0.0,0.9017,0.8271,0.005289,0.004001,0.005161,0.546654,2.92199
774635520,64580.2,-0.00748,0.065005,0.00011,0.920739,0.0,0.9022,0.8284,0.005548,0.005304,0.005413,0.544728,3.015039
775421952,64591.7,-0.006815,0.04923,0.00011,0.922601,0.0,0.9026,0.8293,0.006996,0.005046,0.005761,0.544181,3.01531
776208384,64602.3,-0.004414,0.046706,0.000111,0.922153,0.0,0.9034,0.8311,0.003889,0.004458,0.005025,0.581115,3.011877
776994816,64613.5,-0.001371,0.051073,0.000111,0.924062,0.0,0.9046,0.834,0.004777,0.004832,0.005308,0.596324,3.033121
777781248,64599.4,-0.00639,0.077724,0.00012,0.918256,0.0,0.9051,0.8341,0.006669,0.004809,0.006198,0.58852,2.978518
778567680,64610.4,-0.001557,0.069093,0.000117,0.920306,0.0,0.9053,0.8338,0.006428,0.004641,0.006242,0.608056,2.905214
779354112,64620.9,0.003867,0.076751,0.000113,0.918616,0.0,0.9055,0.8341,0.006296,0.005217,0.006332,0.59532,3.017081
780140544,64608.1,0.000917,0.089979,0.000117,0.916346,0.0,0.9052,0.8333,0.007153,0.004659,0.005765,0.595141,2.965725
780926976,64618.7,-0.002535,0.071598,0.000117,0.912516,0.0,0.9052,0.8334,0.006342,0.005629,0.005851,0.578467,2.937968
781713408,64628.8,-0.004556,0.063287,0.000116,0.920901,0.0,0.9053,0.8336,0.004907,0.005685,0.005511,0.593957,3.008962
782499840,64639.2,-0.005497,0.06751,0.000118,0.916993,0.0,0.9054,0.8336,0.004656,0.005477,0.005487,0.616753,3.028717
783286272,64626.2,-0.001263,0.067174,0.00012,0.915043,0.0,0.9054,0.8336,0.005373,0.005585,0.005224,0.595478,2.994643
784072704,64637.3,0.000446,0.05684,0.000118,0.914951,0.0,0.9057,0.8345,0.005636,0.005568,0.005683,0.626304,3.006756
784859136,64647.0,-0.001975,0.057958,0.000122,0.914395,0.0,0.9064,0.8359,0.005077,0.006187,0.005723,0.586427,3.019191
785645568,64634.4,-0.003487,0.060215,0.000123,0.912352,0.0,0.9071,0.8376,0.004417,0.005626,0.00545,0.54398,2.956097
786432000,64645.2,-0.000225,0.070857,0.000123,0.92473,0.0,0.9073,0.837,0.005772,0.006107,0.006797,0.619494,3.046468
787218432,64656.1,-0.001979,0.06637,0.000124,0.927104,0.0,0.9074,0.8372,0.005396,0.005438,0.005165,0.595119,2.911974
788004864,64666.5,0.001987,0.062942,0.000124,0.928417,0.0,0.9078,0.838,0.004909,0.005648,0.005463,0.564153,3.12988
788791296,64655.5,0.002376,0.078223,0.000126,0.92714,0.0,0.9084,0.84,0.004908,0.005113,0.005454,0.570176,3.132892
789577728,64666.9,-0.006388,0.071126,0.000119,0.92859,0.0,0.9088,0.8418,0.004757,0.005192,0.004656,0.558277,3.094723
790364160,64677.2,0.005204,0.071817,0.000118,0.930151,0.0,0.9089,0.8427,0.003928,0.004456,0.004439,0.54615,3.031201
791150592,64664.7,-0.002618,0.067441,0.000121,0.923415,0.0,0.9092,0.8434,0.003702,0.004546,0.004951,0.607683,2.936938
791937024,64672.8,-0.007305,0.052461,0.000119,0.924761,0.0,0.9095,0.8441,0.005762,0.004376,0.006191,0.588452,3.236569
792723456,64683.6,-0.001569,0.051024,0.000119,0.926964,0.0,0.9105,0.8459,0.004087,0.004816,0.004613,0.596855,3.249894
793509888,64694.0,-0.00854,0.048553,0.000121,0.928347,0.0,0.9117,0.849,0.004101,0.004268,0.004664,0.582596,3.191624
794296320,64681.8,-0.005194,0.060448,0.000125,0.929551,0.0,0.913,0.8511,0.004207,0.00471,0.005097,0.543324,3.145546
795082752,64692.2,-0.008673,0.049864,0.000121,0.929458,0.0,0.9148,0.854,0.004279,0.004408,0.00527,0.536628,3.129666
795869184,64702.6,-0.002923,0.044353,0.000122,0.924208,0.0,0.9166,0.8569,0.003534,0.00416,0.004877,0.621766,2.975548
796655616,64712.3,0.001913,0.042485,0.00012,0.926268,0.0,0.9181,0.8587,0.004544,0.003894,0.005002,0.587954,3.171986
797442048,64700.8,-0.000867,0.077584,0.000124,0.921818,0.0,0.9184,0.8587,0.004531,0.005129,0.005795,0.587623,3.127048
798228480,64711.5,-0.002075,0.064173,0.000119,0.92143,0.0,0.9197,0.8615,0.003632,0.00538,0.005316,0.579847,3.178715
799014912,64722.3,-0.001855,0.063557,0.000118,0.922294,0.0,0.9207,0.8637,0.003556,0.004516,0.005193,0.579635,3.087904
799801344,64711.9,-0.001082,0.074979,0.000124,0.924339,0.0,0.9214,0.8646,0.004671,0.005031,0.006167,0.661283,2.918727
800587776,64722.1,0.01036,0.083523,0.000135,0.910095,0.0,0.9214,0.8644,0.00598,0.005902,0.006688,0.626131,3.210277
801374208,64731.2,-0.000249,0.076233,0.000133,0.901417,0.0,0.9213,0.864,0.00501,0.006121,0.006811,0.603967,3.059077
802160640,64740.3,-0.001215,0.071751,0.000131,0.906079,0.0,0.9211,0.8633,0.004666,0.005326,0.005325,0.594483,3.004556
802947072,64726.9,-0.000461,0.075307,0.000134,0.91367,0.0,0.9213,0.8632,0.008584,0.005908,0.006598,0.616764,3.047469
803733504,64737.8,-0.003964,0.068447,0.000129,0.906214,0.0,0.9226,0.8664,0.007822,0.005602,0.0054,0.634405,3.142494
804519936,64748.8,0.000272,0.074833,0.000133,0.903195,0.0,0.9239,0.8687,0.009945,0.006317,0.005072,0.661114,3.152363
805306368,64739.4,0.002285,0.09484,0.000132,0.906771,0.0,0.9256,0.8721,0.005454,0.005956,0.005354,0.647863,3.084892
806092800,64749.8,-0.001411,0.058908,0.000125,0.912533,0.0,0.927,0.8749,0.004447,0.00462,0.00535,0.632256,3.066484
806879232,64759.8,0.002448,0.056613,0.000126,0.910486,0.0,0.9278,0.8765,0.004279,0.004384,0.004919,0.623344,3.120396
807665664,64770.3,-0.00176,0.045472,0.000129,0.91305,0.0,0.9288,0.8786,0.004899,0.004046,0.005239,0.628445,3.131985
808452096,64760.4,-0.000475,0.070735,0.000131,0.91223,0.0,0.929,0.8792,0.006472,0.004839,0.005797,0.627575,3.181205
809238528,64771.1,-3.4e-05,0.061548,0.000122,0.912578,0.0,0.9296,0.88,0.006187,0.005198,0.006094,0.617405,3.123428
810024960,64781.7,-0.002119,0.063924,0.000122,0.914369,0.0,0.931,0.8826,0.004682,0.004796,0.00562,0.641088,3.144526
810811392,64773.4,-0.002007,0.074485,0.000128,0.918477,0.0,0.9318,0.8842,0.004762,0.004036,0.005313,0.53533,3.102442
811597824,64783.3,-0.006498,0.086462,0.000128,0.906273,0.0,0.9321,0.8835,0.00596,0.005353,0.006444,0.61525,3.146353
812384256,64792.9,-0.00261,0.087308,0.000129,0.902327,0.0,0.9329,0.8843,0.004982,0.005121,0.006191,0.665985,3.098518
813170688,64802.8,0.001549,0.081008,0.000134,0.905501,0.0,0.9331,0.884,0.005897,0.004437,0.005922,0.648799,3.061922
813957120,64792.6,0.001333,0.078709,0.000132,0.906587,0.0,0.9338,0.885,0.005933,0.004775,0.006222,0.633281,3.057094
814743552,64803.4,-0.008789,0.06473,0.00013,0.90805,0.0,0.9344,0.8858,0.00466,0.004782,0.006288,0.668995,3.100404
815529984,64814.2,-0.00292,0.062811,0.000129,0.906845,0.0,0.9341,0.8849,0.004646,0.004965,0.005525,0.635577,3.031318
816316416,64805.4,-0.005427,0.06598,0.000132,0.907976,0.0,0.9341,0.8843,0.004809,0.004905,0.005349,0.633154,2.884438
817102848,64815.3,-0.002501,0.060119,0.000127,0.910776,0.0,0.934,0.884,0.006379,0.004351,0.005222,0.615505,2.98755
817889280,64825.5,-0.005282,0.059015,0.000125,0.913012,0.0,0.9336,0.8827,0.004732,0.004085,0.005237,0.617786,3.085417
818675712,64835.3,-0.002675,0.062123,0.000125,0.918218,0.0,0.9334,0.8818,0.005025,0.004647,0.005609,0.631225,3.132021
819462144,64825.7,-0.002362,0.067484,0.000126,0.909894,0.0,0.9331,0.881,0.005174,0.004796,0.005519,0.594535,3.151328
820248576,64835.5,-0.003311,0.057477,0.000119,0.915408,0.0,0.9328,0.8805,0.006261,0.005677,0.006503,0.667633,3.185147
821035008,64845.4,-0.006769,0.053533,0.00012,0.912637,0.0,0.9324,0.8797,0.00518,0.005487,0.005499,0.667698,3.068196
821821440,64854.5,-0.008313,0.067896,0.000125,0.91145,0.0,0.9324,0.8802,0.006645,0.005929,0.005489,0.649444,3.169179
822607872,64847.2,-0.009863,0.075892,0.000129,0.915724,0.0,0.9326,0.8804,0.005721,0.005193,0.005915,0.614818,3.155277
823394304,64857.8,0.001834,0.068603,0.000123,0.915568,0.0,0.9321,0.8798,0.010054,0.005003,0.004706,0.610623,3.047778
824180736,64868.4,-0.009488,0.055804,0.00012,0.914398,0.0,0.9327,0.8815,0.004767,0.004503,0.004693,0.618502,2.990109
824967168,64859.0,-0.00503,0.064321,0.000123,0.907398,0.0,0.9328,0.8825,0.003768,0.004733,0.004748,0.606819,2.657098
825753600,64867.4,-0.000241,0.068929,0.000124,0.909705,0.0,0.9321,0.8813,0.005801,0.006769,0.006074,0.570855,2.893861
826540032,64876.6,-0.004279,0.052959,0.000121,0.899561,0.0,0.9312,0.8802,0.003604,0.005696,0.004848,0.587913,2.898201
827326464,64885.0,-0.004818,0.054095,0.000121,0.900498,0.0,0.9317,0.8816,0.003671,0.006083,0.005058,0.593132,2.893743
828112896,64874.7,-0.005373,0.066275,0.000128,0.906047,0.0,0.9312,0.881,0.00448,0.00458,0.004631,0.654361,3.038548
828899328,64885.0,0.003767,0.058868,0.000124,0.912005,0.0,0.9308,0.8808,0.005174,0.004815,0.004562,0.648996,3.046368
829685760,64895.1,-0.003718,0.050402,0.000119,0.912798,0.0,0.9308,0.8811,0.004231,0.004428,0.004419,0.628156,2.997749
830472192,64886.5,-0.002863,0.07188,0.000129,0.910173,0.0,0.931,0.8814,0.004288,0.004497,0.004036,0.642359,3.05692
831258624,64895.6,-0.008024,0.067734,0.000127,0.908559,0.0,0.9307,0.8804,0.004526,0.005514,0.005874,0.618695,2.971366
832045056,64905.5,-0.008932,0.056284,0.000127,0.907292,0.0,0.9304,0.8795,0.004288,0.005033,0.005052,0.632865,2.990942
832831488,64914.9,0.003133,0.060766,0.000126,0.908403,0.0,0.9295,0.8782,0.004713,0.004413,0.0054,0.617297,2.870921
833617920,64904.1,0.000215,0.071376,0.000129,0.908568,0.0,0.9284,0.8762,0.004511,0.004556,0.004607,0.600165,2.968244
834404352,64914.4,-0.005681,0.068644,0.000128,0.909648,0.0,0.928,0.8752,0.004476,0.004891,0.005175,0.593504,3.008237
835190784,64924.6,-0.002149,0.058352,0.000125,0.913198,0.0,0.927,0.8737,0.00401,0.004536,0.005032,0.609373,2.977585
835977216,64915.5,-0.006301,0.069354,0.00013,0.898321,0.0,0.9264,0.8731,0.004835,0.004158,0.004895,0.556969,2.895041
836763648,64925.5,-0.006343,0.063223,0.000126,0.899751,0.0,0.9262,0.8738,0.005516,0.004935,0.006229,0.646759,2.958003
837550080,64935.3,-0.00361,0.059054,0.000122,0.903405,0.0,0.9264,0.8749,0.004881,0.0048,0.006022,0.675308,2.979794
838336512,64944.5,0.002891,0.05925,0.000121,0.90451,0.0,0.9266,0.876,0.004565,0.004994,0.005089,0.614261,3.049965
839122944,64934.9,0.007604,0.073487,0.000128,0.911047,0.0,0.926,0.8749,0.00522,0.005315,0.006107,0.619929,3.152513
839909376,64944.9,-0.005044,0.051191,0.000127,0.905374,0.0,0.9263,0.8762,0.00404,0.00509,0.005505,0.604294,3.112805
840695808,64955.2,-0.003343,0.056429,0.000126,0.91294,0.0,0.9267,0.8776,0.004212,0.004639,0.005251,0.622509,3.138111
841482240,64945.6,-0.002022,0.054784,0.000128,0.916253,0.0,0.9262,0.8772,0.003973,0.003851,0.004252,0.681227,3.097149
842268672,64955.8,0.001519,0.072391,0.000132,0.907166,0.0,0.9263,0.8774,0.007809,0.005254,0.005969,0.644716,3.123355
843055104,64966.2,-0.003375,0.054703,0.00013,0.909964,0.0,0.9265,0.8783,0.004828,0.005583,0.005328,0.628256,3.08116
843841536,64976.5,0.001145,0.061788,0.000128,0.911888,0.0,0.927,0.879,0.006645,0.005044,0.005533,0.640938,3.119936
844627968,64967.9,-0.001142,0.075152,0.000131,0.914478,0.0,0.9271,0.8794,0.005866,0.005919,0.005399,0.561743,3.05504
845414400,64977.6,0.000644,0.063871,0.00013,0.917588,0.0,0.9271,0.879,0.00643,0.006437,0.006739,0.633621,3.197921
846200832,64987.1,-0.011545,0.053692,0.000127,0.916087,0.0,0.9263,0.8775,0.005334,0.005402,0.005534,0.647503,3.067675
846987264,64996.7,-0.000491,0.05864,0.000129,0.921722,0.0,0.9265,0.8779,0.003866,0.004647,0.004839,0.611237,3.236772
847773696,64986.2,-0.004199,0.076825,0.000135,0.90891,0.0,0.9261,0.8767,0.005949,0.005483,0.007387,0.636904,3.260183
848560128,64995.6,-0.000422,0.072071,0.000135,0.908625,0.0,0.9265,0.8776,0.004929,0.005617,0.006327,0.607687,3.130605
849346560,65004.7,-0.010407,0.058035,0.00013,0.909377,0.0,0.927,0.8784,0.004321,0.00414,0.004763,0.59213,3.093144
850132992,64996.8,-0.004487,0.065959,0.000134,0.903298,0.0,0.927,0.8773,0.005126,0.005343,0.005184,0.637221,3.086872
850919424,65007.3,0.000929,0.060412,0.000125,0.906188,0.0,0.9279,0.8789,0.004008,0.005563,0.005688,0.650673,3.131273
851705856,65017.1,0.004669,0.050708,0.000126,0.906287,0.0,0.9293,0.8813,0.00411,0.00484,0.004315,0.641167,3.120071
852492288,65025.9,0.001037,0.046607,0.000122,0.904382,0.0,0.9295,0.8818,0.004997,0.00385,0.004031,0.646426,3.136661
853278720,65015.7,0.000939,0.052954,0.000127,0.905253,0.0,0.9304,0.8841,0.006403,0.004798,0.00604,0.63928,3.141468
854065152,65025.8,0.000659,0.049146,0.000123,0.91965,0.0,0.9311,0.8857,0.004779,0.00465,0.005619,0.630075,3.099456
854851584,65035.9,-0.000218,0.045294,0.000123,0.917263,0.0,0.9318,0.8871,0.004344,0.004082,0.004408,0.62634,3.031057
855638016,65027.6,0.001253,0.052935,0.000129,0.917746,0.0,0.932,0.8883,0.003997,0.003054,0.003515,0.589574,3.148776
856424448,65036.9,0.003363,0.061637,0.000131,0.918196,0.0,0.9329,0.8901,0.004013,0.004642,0.005243,0.580111,3.161862
857210880,65046.2,-0.008145,0.06177,0.000128,0.922453,0.0,0.9339,0.8917,0.005164,0.005,0.004676,0.587343,3.139178
857997312,65055.1,0.003724,0.066352,0.000128,0.923559,0.0,0.9354,0.8939,0.00446,0.005686,0.005233,0.559674,3.123984
858783744,65045.3,0.003921,0.076569,0.000135,0.925526,0.0,0.9364,0.8957,0.005063,0.00553,0.005311,0.593387,3.068433
859570176,65055.3,-0.001036,0.072074,0.000132,0.928128,0.0,0.9371,0.8966,0.007291,0.006535,0.005896,0.578865,3.268996
860356608,65065.4,-0.003287,0.0582,0.000132,0.928013,0.0,0.9379,0.8978,0.005557,0.005819,0.005134,0.572923,3.233418
861143040,65052.6,-0.007302,0.06453,0.000139,0.926344,0.0,0.9386,0.899,0.005391,0.004836,0.004931,0.525193,3.244936
861929472,65059.9,-0.004362,0.075912,0.000134,0.923227,0.0,0.9392,0.8996,0.004903,0.005718,0.005066,0.631753,3.303219
862715904,65065.4,-0.002806,0.061929,0.000135,0.924472,0.0,0.9396,0.9002,0.004876,0.005468,0.004419,0.613188,3.184674
863502336,65075.0,-0.006879,0.074266,0.000133,0.924404,0.0,0.9401,0.8998,0.007,0.005799,0.004615,0.593548,3.151291
864288768,65063.4,2.9e-05,0.07743,0.000139,0.91984,0.0,0.9402,0.8996,0.004751,0.00538,0.005238,0.587243,3.166701
865075200,65073.4,-0.005582,0.063059,0.000138,0.91875,0.0,0.9402,0.9001,0.004566,0.005038,0.004629,0.587021,3.14861
865861632,65083.0,0.002923,0.07302,0.000138,0.919338,0.0,0.9392,0.8977,0.004606,0.005504,0.00542,0.603205,3.151525
866648064,65071.8,-0.007323,0.074972,0.000138,0.911501,0.0,0.9386,0.8968,0.003603,0.005018,0.004821,0.680476,3.094725
867434496,65081.0,-0.002812,0.073631,0.000131,0.911009,0.0,0.9379,0.8954,0.004804,0.005661,0.006883,0.615214,3.182314
868220928,65089.5,-0.00077,0.059312,0.000133,0.91032,0.0,0.9378,0.8954,0.005198,0.005092,0.005819,0.652502,3.17593
869007360,65099.5,0.000564,0.06023,0.000133,0.90961,0.0,0.9385,0.8972,0.00454,0.005587,0.005547,0.661905,3.233751
869793792,65090.3,-0.004337,0.067559,0.000139,0.907024,0.0,0.9394,0.8984,0.00428,0.004969,0.005625,0.636943,3.197354
870580224,65099.8,-0.001502,0.060169,0.000135,0.904896,0.0,0.9401,0.8993,0.00639,0.005552,0.006041,0.641608,3.151052
871366656,65108.9,0.001602,0.050222,0.000137,0.906764,0.0,0.9404,0.8996,0.004569,0.004955,0.004731,0.690288,3.212155
872153088,65116.9,0.000256,0.048372,0.000134,0.906264,0.0,0.9411,0.9014,0.005341,0.004328,0.004419,0.673996,3.296986
872939520,65106.8,-0.004349,0.063059,0.000139,0.912204,0.0,0.9408,0.9004,0.00598,0.004566,0.005488,0.676085,3.3878
873725952,65114.5,-0.001955,0.046916,0.000134,0.911356,0.0,0.9411,0.9015,0.00454,0.004521,0.005204,0.666076,3.356456
874512384,65121.8,-0.000109,0.055513,0.000132,0.915879,0.0,0.9408,0.901,0.004522,0.003972,0.004538,0.622658,3.287818
875298816,65111.7,-0.001973,0.063298,0.000137,0.910245,0.0,0.9402,0.8998,0.003619,0.003922,0.004496,0.648671,3.225246
876085248,65120.6,-0.001085,0.055944,0.000132,0.913231,0.0,0.9404,0.9,0.010924,0.003736,0.00449,0.658615,3.442
876871680,65130.1,-0.003157,0.054645,0.000134,0.912651,0.0,0.9402,0.8995,0.005136,0.004056,0.004568,0.655029,3.402273
877658112,65139.1,0.000621,0.047587,0.000131,0.911784,0.0,0.9402,0.8993,0.004675,0.00424,0.004601,0.668222,3.386303
878444544,65129.4,0.000303,0.064115,0.000132,0.917756,0.0,0.9398,0.8987,0.00441,0.005138,0.004867,0.618232,3.269071
879230976,65137.9,0.001465,0.063277,0.000131,0.912867,0.0,0.9392,0.897,0.006608,0.005228,0.006086,0.624719,3.254815
880017408,65146.8,-0.001819,0.057511,0.000134,0.913862,0.0,0.9392,0.8968,0.00407,0.005247,0.004603,0.673152,3.201157
880803840,65137.5,-0.003558,0.06249,0.000138,0.911068,0.0,0.9392,0.8972,0.003761,0.004643,0.004098,0.647884,3.27648
881590272,65147.0,0.00315,0.050267,0.000135,0.913388,0.0,0.9391,0.8975,0.004423,0.003886,0.004072,0.62657,3.262989
882376704,65156.4,-0.00356,0.034175,0.000134,0.916289,0.0,0.939,0.898,0.004974,0.003633,0.004617,0.618374,3.233755
883163136,65165.9,-0.004603,0.041206,0.000139,0.918087,0.0,0.9394,0.8995,0.004398,0.003426,0.004494,0.644754,3.227521
883949568,65155.5,-0.001389,0.063169,0.000142,0.914901,0.0,0.9406,0.9016,0.003548,0.004369,0.005687,0.648936,3.089032
884736000,65163.4,0.000908,0.054322,0.00014,0.916275,0.0,0.9403,0.901,0.005352,0.005043,0.005796,0.592657,3.149267
885522432,65168.7,-0.001918,0.043897,0.000132,0.915383,0.0,0.9398,0.9007,0.004209,0.004373,0.005421,0.618576,3.104821
886308864,65158.1,-0.004218,0.066733,0.000135,0.913282,0.0,0.9401,0.9016,0.008344,0.004034,0.005056,0.521894,3.053131
887095296,65167.1,-0.008207,0.062564,0.000136,0.914062,0.0,0.9401,0.9015,0.006939,0.006002,0.005709,0.54309,3.032522
887881728,65174.0,-0.001797,0.062818,0.000134,0.911364,0.0,0.9402,0.9011,0.005273,0.005051,0.005134,0.597804,3.071415
888668160,65181.4,-0.002699,0.062687,0.000133,0.910309,0.0,0.9411,0.9032,0.007463,0.005225,0.005109,0.627686,3.15325
889454592,65173.0,-0.004878,0.063434,0.000142,0.912865,0.0,0.9421,0.9049,0.006292,0.005124,0.00578,0.591956,3.20011
890241024,65182.0,-0.007585,0.044931,0.00014,0.915006,0.0,0.9428,0.906,0.004819,0.004684,0.004752,0.610019,3.213361
891027456,65191.1,-0.003108,0.044854,0.000144,0.917019,0.0,0.9432,0.9073,0.003907,0.003894,0.003468,0.622632,3.239422
891813888,65182.0,-0.001657,0.054151,0.000146,0.915161,0.0,0.9437,0.9082,0.004296,0.003921,0.003879,0.655374,3.221567
892600320,65191.9,0.0025,0.058277,0.000137,0.914877,0.0,0.9442,0.9091,0.004306,0.004097,0.003994,0.624182,3.208268
893386752,65201.8,0.004047,0.052679,0.000135,0.911736,0.0,0.9443,0.9101,0.004038,0.0041,0.003771,0.630619,3.227025
894173184,65208.6,-0.002647,0.044558,0.000132,0.911624,0.0,0.945,0.9119,0.003988,0.003711,0.003874,0.643823,3.208658
894959616,65198.8,-0.003843,0.052994,0.000138,0.910722,0.0,0.9454,0.9129,0.003773,0.004224,0.004783,0.649352,3.233088
895746048,65207.9,-0.005587,0.046572,0.000138,0.909117,0.0,0.946,0.914,0.004456,0.004813,0.004542,0.697648,3.302387
896532480,65215.4,0.000528,0.054102,0.000135,0.909184,0.0,0.9466,0.915,0.003232,0.004019,0.004177,0.715695,3.325342
897318912,65224.4,0.001194,0.057305,0.000134,0.9101,0.0,0.9469,0.9156,0.004059,0.003922,0.005074,0.695708,3.37948
898105344,65214.2,-0.000204,0.065444,0.000141,0.902413,0.0,0.9469,0.9155,0.003912,0.004808,0.00603,0.685588,3.31909
898891776,65222.8,-0.007265,0.048825,0.000134,0.907777,0.0,0.9468,0.9152,0.004153,0.004371,0.004521,0.653927,3.283202
899678208,65231.4,-0.004315,0.042857,0.000133,0.907493,0.0,0.9467,0.9153,0.003061,0.004078,0.004238,0.675395,3.331626
900464640,65219.7,-0.00475,0.048884,0.000134,0.911766,0.0,0.9468,0.9158,0.002986,0.003664,0.003879,0.682251,3.368335
901251072,65228.6,0.000976,0.048042,0.000127,0.918616,0.0,0.9469,0.9162,0.00343,0.003928,0.004727,0.666981,3.366994
902037504,65237.5,0.002294,0.048232,0.00013,0.912883,0.0,0.9472,0.9173,0.003786,0.004019,0.004267,0.678054,3.449466
902823936,65245.6,0.000363,0.039097,0.000133,0.913662,0.0,0.9474,0.9181,0.003418,0.003903,0.003806,0.672065,3.406512
903610368,65234.9,-0.003304,0.063922,0.000139,0.900506,0.0,0.9479,0.9194,0.008655,0.004367,0.005476,0.665355,3.311119
904396800,65243.4,-0.004698,0.05454,0.000135,0.902294,0.0,0.9477,0.9179,0.005656,0.004053,0.005686,0.699692,3.318718
905183232,65252.2,-0.010207,0.053806,0.000133,0.903466,0.0,0.9475,0.9173,0.00464,0.005679,0.005009,0.685584,3.265404
905969664,65238.9,-0.003696,0.067129,0.000135,0.904842,0.0,0.947,0.9164,0.003808,0.004466,0.004539,0.664317,3.320226
906756096,65247.5,-0.006061,0.046906,0.000133,0.911948,0.0,0.947,0.9174,0.004337,0.003598,0.004254,0.661437,3.35854
907542528,65256.2,-0.000408,0.038761,0.00013,0.912697,0.0,0.9472,0.9185,0.004128,0.00371,0.004114,0.655905,3.310418
908328960,65264.9,-0.004081,0.046504,0.000133,0.913841,0.0,0.9473,0.919,0.003938,0.00382,0.004407,0.644549,3.260821
909115392,65255.2,-0.006873,0.060931,0.00014,0.908006,0.0,0.9479,0.9205,0.005428,0.004741,0.005626,0.660527,3.125251
909901824,65264.7,-0.005103,0.047709,0.000135,0.90967,0.0,0.9486,0.9223,0.004396,0.004871,0.00471,0.655942,3.230427
910688256,65274.4,-0.000639,0.054146,0.00014,0.908939,0.0,0.9483,0.9216,0.003505,0.004495,0.004739,0.65224,3.266715
911474688,65264.5,-0.006034,0.066495,0.000146,0.91009,0.0,0.9483,0.9218,0.004853,0.005125,0.005443,0.594468,3.291128
912261120,65273.1,-0.003697,0.05747,0.000143,0.915341,0.0,0.9482,0.921,0.006444,0.005476,0.006038,0.655506,3.317427
913047552,65280.7,0.00197,0.060696,0.000147,0.91603,0.0,0.9482,0.9202,0.005202,0.004879,0.005359,0.638973,3.236639
913833984,65289.0,0.000882,0.065627,0.000144,0.919786,0.0,0.9471,0.9176,0.004511,0.004235,0.004671,0.656237,3.04927
914620416,65279.9,0.000479,0.067697,0.000147,0.911704,0.0,0.9468,0.917,0.004949,0.004544,0.004676,0.606459,3.201545
915406848,65289.1,-0.001645,0.055957,0.000142,0.912119,0.0,0.9465,0.9165,0.004559,0.004649,0.004935,0.613908,3.119729
916193280,65297.9,-0.003736,0.053243,0.000141,0.910487,0.0,0.9458,0.9153,0.005566,0.004849,0.004914,0.613408,3.126833
916979712,65288.3,-0.009344,0.052707,0.000145,0.914281,0.0,0.9456,0.9151,0.003448,0.003886,0.00452,0.660958,3.090542
917766144,65296.0,-0.000746,0.060742,0.000143,0.912596,0.0,0.9456,0.9149,0.005736,0.005455,0.006284,0.638357,2.860866
918552576,65305.1,-0.003247,0.054132,0.00014,0.907881,0.0,0.9454,0.9145,0.00512,0.004619,0.005058,0.623469,3.115068
919339008,65314.0,-0.00431,0.04558,0.000141,0.910817,0.0,0.9457,0.9155,0.004175,0.003776,0.004209,0.624792,3.08865
920125440,65305.3,-0.003053,0.06181,0.000147,0.905191,0.0,0.9462,0.917,0.005522,0.004602,0.004801,0.616149,3.095736
920911872,65313.5,-0.00776,0.059888,0.000143,0.901463,0.0,0.9463,0.9168,0.005425,0.00518,0.00519,0.610637,3.029087
921698304,65321.8,-0.007456,0.061658,0.000147,0.901368,0.0,0.9461,0.916,0.004617,0.005665,0.005185,0.641221,3.086389
922484736,65329.6,-0.000955,0.052516,0.000144,0.904931,0.0,0.9454,0.914,0.00431,0.005649,0.00529,0.640172,3.089874
923271168,65320.9,-0.004323,0.060699,0.00015,0.897419,0.0,0.9457,0.9142,0.00647,0.004784,0.005843,0.631539,3.113108
924057600,65328.3,0.000849,0.057487,0.000146,0.906799,0.0,0.9456,0.9141,0.004367,0.005172,0.005524,0.643387,3.168701
924844032,65336.5,-0.004668,0.051546,0.000145,0.905948,0.0,0.9456,0.9138,0.004803,0.004802,0.005048,0.6374,3.237675
925630464,65326.6,0.008467,0.054189,0.000145,0.90869,0.0,0.9458,0.9151,0.003606,0.003714,0.004336,0.643012,3.137399
926416896,65334.4,-0.006748,0.050303,0.000138,0.914107,0.0,0.946,0.9163,0.004677,0.003949,0.004734,0.631286,3.166563
927203328,65342.0,-0.000872,0.048709,0.000138,0.912966,0.0,0.9463,0.9175,0.003872,0.004582,0.005104,0.600211,3.235338
927989760,65349.4,-0.003303,0.04951,0.000138,0.90822,0.0,0.9461,0.9179,0.00388,0.003805,0.004324,0.611622,3.218732
928776192,65338.9,0.003437,0.054735,0.000139,0.908563,0.0,0.9461,0.918,0.004561,0.003712,0.004235,0.620924,3.248371
929562624,65347.6,0.002223,0.05287,0.000138,0.908947,0.0,0.9459,0.9175,0.005015,0.004474,0.004477,0.638779,3.252738
930349056,65356.4,0.001285,0.050954,0.000136,0.907873,0.0,0.9457,0.9171,0.004595,0.004105,0.00442,0.679491,3.260294
931135488,65345.9,0.000389,0.060902,0.000136,0.90406,0.0,0.9456,0.9173,0.005453,0.003207,0.003881,0.619838,3.20366
931921920,65353.6,-0.004167,0.047327,0.000134,0.910079,0.0,0.9459,0.9182,0.004064,0.005103,0.005371,0.647479,3.239851
932708352,65361.7,0.003139,0.049448,0.000137,0.909721,0.0,0.9462,0.9194,0.005742,0.00465,0.004576,0.613633,3.291094
933494784,65369.4,-0.002877,0.045359,0.000136,0.91608,0.0,0.9466,0.9209,0.00435,0.003647,0.004578,0.6549,3.342256
934281216,65358.8,0.001517,0.053515,0.000136,0.912673,0.0,0.9472,0.9229,0.004222,0.003653,0.004152,0.661006,3.325279
935067648,65367.3,-0.004185,0.038162,0.000132,0.909266,0.0,0.9478,0.9252,0.003908,0.003539,0.003373,0.649407,3.277106
935854080,65375.6,0.000907,0.04131,0.00013,0.909999,0.0,0.9486,0.9278,0.00426,0.003784,0.004415,0.636172,3.244619
936640512,65363.3,-0.000236,0.057211,0.000134,0.904741,0.0,0.9492,0.9299,0.004455,0.004323,0.004181,0.597821,3.193204
937426944,65371.7,-0.005772,0.063307,0.000133,0.910124,0.0,0.9494,0.9296,0.004379,0.004991,0.004551,0.631044,3.139929
938213376,65379.8,-0.00031,0.050589,0.000129,0.908298,0.0,0.9495,0.9295,0.004778,0.004755,0.00428,0.64318,3.166336
938999808,65387.7,-0.0017,0.049619,0.000128,0.909624,0.0,0.9494,0.9289,0.004252,0.004126,0.004649,0.67659,3.134399
939786240,65375.9,0.005847,0.067866,0.000131,0.90744,0.0,0.9489,0.9281,0.004891,0.003968,0.004828,0.655469,3.339186
940572672,65384.6,-0.008791,0.047852,0.000133,0.906106,0.0,0.9492,0.9296,0.005941,0.004644,0.005084,0.633368,3.268202
941359104,65393.1,0.007032,0.047171,0.000135,0.909681,0.0,0.9487,0.9298,0.005781,0.004351,0.004479,0.646889,3.239439
942145536,65380.0,-0.002496,0.051433,0.000136,0.912431,0.0,0.9488,0.9303,0.005748,0.00406,0.004094,0.663228,3.213154
942931968,65388.5,-0.003565,0.051195,0.000129,0.913957,0.0,0.9493,0.932,0.004448,0.004468,0.004784,0.617341,3.017438
943718400,65397.4,0.003398,0.047101,0.000129,0.907354,0.0,0.9494,0.9333,0.004477,0.004137,0.005034,0.611829,3.180088
944504832,65406.1,-0.0086,0.040973,0.000129,0.900537,0.0,0.9493,0.9344,0.004524,0.004113,0.004544,0.643921,3.163861
945291264,65395.6,-0.008351,0.051353,0.000134,0.901553,0.0,0.9481,0.9328,0.004274,0.004334,0.004857,0.607413,3.11621
946077696,65403.8,0.005269,0.046749,0.000128,0.906931,0.0,0.9478,0.9333,0.003604,0.004072,0.004125,0.613079,3.133788
946864128,65411.5,0.000775,0.043937,0.000127,0.914812,0.0,0.9477,0.9337,0.003501,0.003842,0.003931,0.661136,3.160741
947650560,65420.2,-0.003982,0.039249,0.000126,0.913698,0.0,0.9473,0.9339,0.004134,0.003746,0.003966,0.648662,3.262006
948436992,65408.1,0.001422,0.057807,0.000133,0.911406,0.0,0.9467,0.9333,0.003276,0.00401,0.004127,0.635445,3.292643
949223424,65416.3,-0.00596,0.047632,0.000131,0.914843,0.0,0.9464,0.933,0.003496,0.003551,0.003395,0.643488,3.302732
950009856,65424.8,0.000781,0.046952,0.000133,0.914967,0.0,0.9462,0.933,0.003255,0.003367,0.003566,0.640122,3.280654
950796288,65410.9,0.002437,0.055736,0.000133,0.909441,0.0,0.9463,0.9332,0.003202,0.003936,0.003826,0.654944,3.283522
951582720,65419.4,-0.011955,0.049481,0.000127,0.900935,0.0,0.9461,0.9331,0.004543,0.004649,0.004809,0.632987,3.196947
952369152,65426.0,-0.004288,0.044863,0.000129,0.895649,0.0,0.946,0.9332,0.005134,0.005178,0.004765,0.636445,3.09933
953155584,65430.4,-0.001101,0.045251,0.000132,0.895132,0.0,0.9456,0.9336,0.004507,0.004651,0.004917,0.623848,3.041672
953942016,65417.4,-0.005579,0.058632,0.00014,0.899769,0.0,0.9449,0.9325,0.004536,0.005505,0.004568,0.621688,2.981013
954728448,65426.1,-0.003987,0.049793,0.000134,0.901067,0.0,0.9446,0.9322,0.004247,0.005119,0.004608,0.641733,3.038566
955514880,65434.8,-0.001448,0.048195,0.000131,0.904616,0.0,0.9439,0.9312,0.004271,0.004698,0.004722,0.644317,2.951902
956301312,65422.3,-0.00661,0.054575,0.000133,0.903551,0.0,0.9429,0.9297,0.004334,0.00406,0.004365,0.632935,3.146457
957087744,65429.2,0.003339,0.043876,0.000129,0.905734,0.0,0.9415,0.928,0.006551,0.003682,0.004463,0.629263,3.178744
957874176,65437.0,-0.001641,0.040286,0.000129,0.909067,0.0,0.9411,0.9277,0.004815,0.003843,0.00504,0.620316,3.199619
958660608,65444.4,0.000333,0.040111,0.000132,0.914437,0.0,0.9396,0.9256,0.003752,0.003757,0.003772,0.632879,3.186331
959447040,65432.0,-0.000585,0.050609,0.000138,0.912428,0.0,0.9388,0.9245,0.003841,0.003763,0.004194,0.617281,3.122289
960233472,65440.2,-0.003175,0.048088,0.000138,0.913714,0.0,0.938,0.9236,0.004102,0.003837,0.003988,0.596537,3.264276
961019904,65448.5,-0.00159,0.051591,0.00014,0.913278,0.0,0.9377,0.9243,0.003397,0.004311,0.004429,0.608825,3.250875
961806336,65437.8,-0.000317,0.044711,0.000143,0.906959,0.0,0.938,0.9255,0.003848,0.003372,0.00411,0.59151,3.153443
962592768,65445.1,-0.000784,0.05161,0.000143,0.898963,0.0,0.9379,0.9259,0.006249,0.005128,0.0069,0.649592,3.174192
963379200,65451.6,-0.003187,0.040932,0.00014,0.905374,0.0,0.9375,0.925,0.004407,0.004251,0.005081,0.665486,3.198491
964165632,65459.9,-0.003352,0.048153,0.00014,0.904577,0.0,0.9375,0.9246,0.003949,0.004572,0.004384,0.653241,3.097049
964952064,65448.9,-0.001504,0.063528,0.000145,0.897068,0.0,0.9375,0.9248,0.005154,0.004872,0.004918,0.633714,3.294791
965738496,65457.4,-0.001203,0.050999,0.000142,0.896918,0.0,0.9372,0.924,0.003767,0.004474,0.005609,0.640344,3.223365
966524928,65465.7,-0.004493,0.04026,0.000137,0.901605,0.0,0.9373,0.924,0.005307,0.004329,0.004756,0.620275,3.170677
967311360,65454.7,-0.006394,0.051628,0.000146,0.902181,0.0,0.9372,0.9239,0.005143,0.003997,0.004806,0.663489,3.195662
968097792,65461.0,-0.002082,0.062475,0.000144,0.910589,0.0,0.937,0.923,0.005153,0.004775,0.004766,0.613048,2.969077
968884224,65469.4,-0.00146,0.062013,0.000144,0.907651,0.0,0.937,0.9229,0.007664,0.005024,0.005008,0.619884,3.192988
969670656,65475.9,0.001959,0.0683,0.000148,0.901446,0.0,0.937,0.9222,0.004748,0.006351,0.005668,0.623488,3.191626
970457088,65462.5,0.002278,0.082145,0.000153,0.893157,0.0,0.937,0.9214,0.006185,0.005384,0.005989,0.644817,3.155677
971243520,65470.4,0.0038,0.075087,0.000146,0.898244,0.0,0.9373,0.9205,0.005923,0.005879,0.005992,0.683168,3.16567
972029952,65478.3,-0.003187,0.060354,0.000142,0.902165,0.0,0.9366,0.9177,0.004889,0.005494,0.005786,0.704645,3.164693
972816384,65486.1,0.001061,0.060757,0.000141,0.906303,0.0,0.9366,0.9171,0.004212,0.005692,0.005115,0.72478,3.060916
973602816,65472.5,-0.000792,0.04854,0.00014,0.906529,0.0,0.9361,0.9164,0.004353,0.005365,0.005254,0.662238,3.310436
974389248,65480.9,-0.008597,0.039568,0.000136,0.911528,0.0,0.9354,0.9159,0.004186,0.00472,0.004569,0.661707,3.275478
975175680,65488.5,0.003838,0.036003,0.000136,0.905333,0.0,0.9351,0.916,0.00365,0.004068,0.004509,0.64764,3.165518
975962112,65474.6,-0.003441,0.047246,0.000141,0.906734,0.0,0.9348,0.9153,0.003863,0.003429,0.00404,0.665154,3.135776
976748544,65481.4,0.001227,0.044786,0.000136,0.909601,0.0,0.9357,0.917,0.003942,0.003775,0.004817,0.708497,3.02967
977534976,65489.0,0.007098,0.056326,0.000138,0.910063,0.0,0.9361,0.9181,0.003837,0.005317,0.005247,0.646687,3.278446
978321408,65496.9,-0.001259,0.047343,0.000136,0.909727,0.0,0.937,0.9196,0.004788,0.004405,0.005458,0.656725,3.231855
979107840,65481.4,0.000833,0.05269,0.000138,0.90233,0.0,0.938,0.9212,0.004899,0.004365,0.005253,0.662477,3.231475
979894272,65489.9,-0.006429,0.035294,0.000135,0.905742,0.0,0.9387,0.9223,0.004383,0.004604,0.004445,0.663506,3.181982
980680704,65498.6,0.00393,0.045648,0.00014,0.910769,0.0,0.9394,0.9232,0.00341,0.003683,0.004171,0.673626,3.179608
981467136,65483.8,0.005499,0.056836,0.000143,0.90724,0.0,0.9401,0.9246,0.004266,0.003297,0.004425,0.641342,3.266537
982253568,65491.4,-0.003834,0.041956,0.000138,0.912588,0.0,0.9402,0.9252,0.0045,0.004128,0.004798,0.621342,3.210335
983040000,65496.5,-0.000925,0.039375,0.000137,0.915703,0.0,0.9403,0.9258,0.003994,0.003497,0.003971,0.658029,3.313959
983826432,65504.2,-0.004446,0.035674,0.000134,0.914124,0.0,0.9402,0.9263,0.003475,0.003899,0.003874,0.60497,3.215131
984612864,65488.8,-0.001464,0.044855,0.000146,0.91485,0.0,0.941,0.9283,0.004117,0.003651,0.004473,0.671708,3.18126
985399296,65497.2,0.006685,0.048154,0.000143,0.911576,0.0,0.9411,0.9288,0.005572,0.004024,0.004592,0.637862,3.176273
986185728,65505.8,-0.003647,0.047538,0.000143,0.908945,0.0,0.9412,0.9295,0.003828,0.004834,0.004039,0.636444,3.144924
986972160,65493.9,0.00372,0.044696,0.000143,0.902901,0.0,0.9416,0.9307,0.003505,0.004167,0.004196,0.66239,3.235105
987758592,65501.7,0.001748,0.034451,0.000139,0.902124,0.0,0.9423,0.9322,0.003675,0.004386,0.004313,0.645614,3.168199
988545024,65510.4,-0.000493,0.035395,0.000143,0.90367,0.0,0.9435,0.9346,0.004065,0.004225,0.004809,0.687312,3.183692
989331456,65519.0,-0.0043,0.039353,0.00014,0.8947,0.0,0.9447,0.9372,0.004099,0.003789,0.004397,0.69416,3.130285
990117888,65506.8,0.001379,0.052565,0.000148,0.901059,0.0,0.9453,0.9383,0.00323,0.004191,0.00467,0.646792,3.176219
990904320,65514.1,-0.005008,0.058232,0.000146,0.901364,0.0,0.9469,0.9409,0.003875,0.006367,0.005765,0.648866,3.15599
991690752,65522.0,0.000294,0.056637,0.000148,0.897221,0.0,0.9475,0.9429,0.004507,0.005304,0.005244,0.647155,3.199745
992477184,65509.6,-0.001148,0.056646,0.000151,0.900631,0.0,0.9479,0.9441,0.00344,0.004607,0.004644,0.639027,3.081697
993263616,65517.6,0.004064,0.050848,0.000144,0.904373,0.0,0.9486,0.9453,0.003913,0.004716,0.004812,0.621832,3.062743
994050048,65525.8,-0.001504,0.045971,0.000144,0.902497,0.0,0.9489,0.946,0.005069,0.004935,0.005148,0.644097,3.163875
994836480,65534.0,-0.000156,0.043031,0.000147,0.900463,0.0,0.949,0.9457,0.00442,0.004356,0.005206,0.646625,3.122396
995622912,65522.8,0.003033,0.046742,0.000154,0.905822,0.0,0.9498,0.9469,0.003762,0.003906,0.004586,0.65344,3.214805
996409344,65531.2,-0.004962,0.040138,0.000149,0.910915,0.0,0.9512,0.9486,0.004164,0.005001,0.003879,0.658211,3.228714
997195776,65539.7,-0.003802,0.03305,0.000141,0.920289,0.0,0.9524,0.9506,0.003128,0.003269,0.00303,0.671979,3.206228
997982208,65547.3,-0.005046,0.027168,0.000139,0.920451,0.0,0.9525,0.9514,0.00347,0.003247,0.003153,0.660913,3.194284
998768640,65536.1,-0.003307,0.047005,0.000153,0.905317,0.0,0.9529,0.9522,0.0042,0.004178,0.004697,0.631476,3.299833
999555072,65544.0,-0.005341,0.043441,0.000156,0.903721,0.0,0.9537,0.9538,0.004399,0.004467,0.004546,0.660152,3.290084
1000341504,65550.8,0.004849,0.04239,0.000155,0.903714,0.0,0.9538,0.954,0.003773,0.00458,0.004406,0.672332,3.222166
1001127936,63235.0,-0.002444,0.051948,0.000159,0.908167,0.0,0.9548,0.9555,0.003866,0.003963,0.004414,0.693076,3.195676
1001914368,63245.2,-0.004911,0.047036,0.000158,0.904845,0.0,0.9555,0.956,0.004139,0.004548,0.004738,0.684025,3.206178
1002700800,63255.0,-0.007327,0.040797,0.000156,0.900855,0.0,0.9564,0.9562,0.00448,0.004444,0.004863,0.67789,3.216273
1003487232,63265.1,0.003921,0.048571,0.000158,0.894741,0.0,0.9574,0.9569,0.003989,0.004253,0.004447,0.687885,3.236373
1004273664,63258.8,-0.006371,0.046804,0.00016,0.907034,0.0,0.9582,0.9579,0.004429,0.003937,0.004746,0.649828,3.127371
1005060096,63268.0,0.002164,0.036094,0.000149,0.916137,0.0,0.9591,0.9591,0.005328,0.004057,0.004803,0.634799,3.239292
1005846528,63276.9,0.002019,0.035377,0.000146,0.9114,0.0,0.9593,0.9587,0.004069,0.003562,0.005227,0.643846,3.260258
1006632960,63268.0,-0.005439,0.049178,0.000148,0.911995,0.0,0.9597,0.9595,0.003922,0.003885,0.005556,0.626505,3.22644
1007419392,63276.6,-0.000383,0.045216,0.000146,0.911441,0.0,0.9603,0.9598,0.004119,0.004645,0.005656,0.614846,3.217648
1008205824,63285.7,-0.010431,0.038978,0.000146,0.910861,0.0,0.9611,0.9605,0.003618,0.004938,0.00493,0.650132,3.27147
1008992256,63294.2,0.001139,0.039356,0.000143,0.909189,0.0,0.9606,0.9588,0.005125,0.004389,0.005199,0.642967,3.228245
1009778688,63287.1,-0.004322,0.053254,0.000148,0.914809,0.0,0.9606,0.9587,0.003999,0.004647,0.004435,0.653974,3.31351
1010565120,63295.9,-0.000261,0.055642,0.000148,0.910504,0.0,0.9601,0.9571,0.005792,0.005,0.005151,0.649092,3.441463
1011351552,63303.7,-0.000831,0.053798,0.000147,0.909573,0.0,0.9596,0.9553,0.00429,0.00419,0.004234,0.678514,3.412065
1012137984,63295.1,-0.002368,0.055308,0.000152,0.911394,0.0,0.9597,0.9558,0.003676,0.003921,0.004303,0.702123,3.518496
1012924416,63304.2,-0.01026,0.043196,0.000152,0.910994,0.0,0.9601,0.9566,0.005112,0.003493,0.003969,0.689962,3.489328
1013710848,63312.3,-0.007985,0.031455,0.00015,0.911732,0.0,0.9609,0.9589,0.003359,0.003081,0.004316,0.682676,3.468879
1014497280,63320.9,-0.006084,0.042486,0.000152,0.912144,0.0,0.9615,0.9602,0.004383,0.00374,0.004265,0.710236,3.472879
1015283712,63314.1,-0.002144,0.049447,0.000156,0.915318,0.0,0.9618,0.9613,0.003505,0.004014,0.004663,0.653432,3.423375
1016070144,63323.0,0.000285,0.034349,0.000156,0.915915,0.0,0.9624,0.9631,0.00305,0.004597,0.0043,0.68023,3.519988
1016856576,63331.5,-0.003652,0.034083,0.000153,0.915551,0.0,0.9628,0.9642,0.002956,0.004615,0.004511,0.66275,3.544272
1017643008,63323.7,0.007014,0.049102,0.00016,0.914931,0.0,0.963,0.9646,0.003482,0.003629,0.004163,0.65063,3.494712
1018429440,63332.8,-0.007346,0.044777,0.000149,0.91175,0.0,0.9636,0.9642,0.004858,0.004369,0.006094,0.66329,3.451187
1019215872,63341.8,-0.000196,0.045353,0.000148,0.906733,0.0,0.9636,0.9627,0.004052,0.004432,0.005495,0.642295,3.40369
1020002304,63350.7,0.00247,0.041485,0.00015,0.912224,0.0,0.9639,0.9625,0.00442,0.004166,0.005138,0.658696,3.348092
1020788736,63341.9,0.000201,0.056229,0.000157,0.915274,0.0,0.964,0.962,0.009045,0.003799,0.004313,0.659753,3.423101
1021575168,63350.7,-0.002332,0.040068,0.000154,0.917288,0.0,0.9642,0.9621,0.010607,0.003674,0.004083,0.61778,3.384069
1022361600,63359.0,-0.003656,0.035872,0.000152,0.918288,0.0,0.9638,0.9617,0.006703,0.003589,0.004445,0.650999,3.330998
1023148032,63366.8,-0.006443,0.030384,0.000152,0.920573,0.0,0.9639,0.9624,0.004634,0.003365,0.003597,0.658979,3.318851
1023934464,63358.6,-0.002379,0.051199,0.000154,0.917537,0.0,0.964,0.9629,0.004444,0.004997,0.004627,0.670697,3.386016
1024720896,63367.4,1e-06,0.041604,0.000151,0.920025,0.0,0.9638,0.9621,0.003397,0.005192,0.004133,0.647566,3.436283
1025507328,63375.6,0.004374,0.042913,0.000145,0.918362,0.0,0.9639,0.9617,0.003715,0.003708,0.003473,0.629141,3.45015
1026293760,63368.1,-0.003153,0.050721,0.000148,0.913699,0.0,0.9638,0.961,0.004086,0.004073,0.003809,0.661698,3.397583
1027080192,63376.3,0.000269,0.043901,0.000145,0.916276,0.0,0.9637,0.9606,0.004943,0.00437,0.004661,0.663312,3.291448
1027866624,63384.5,0.003059,0.056988,0.00015,0.91132,0.0,0.9636,0.96,0.005059,0.004751,0.005862,0.679441,3.565626
1028653056,63392.4,-0.00237,0.039801,0.000149,0.90328,0.0,0.9638,0.9602,0.003871,0.004123,0.004718,0.676978,3.468788
1029439488,63385.1,-0.007187,0.044006,0.000148,0.900212,0.0,0.9643,0.9615,0.003212,0.004331,0.005023,0.685161,3.431922
1030225920,63393.8,-0.004411,0.037081,0.000143,0.897915,0.0,0.9647,0.9628,0.003365,0.004283,0.005073,0.676256,3.379112
1031012352,63402.4,-0.006507,0.032887,0.000141,0.900429,0.0,0.9656,0.9653,0.003527,0.003847,0.004323,0.738302,3.446086
1031798784,63396.5,-0.001127,0.04562,0.000146,0.904422,0.0,0.9659,0.9664,0.003107,0.003763,0.004018,0.738732,3.420569
1032585216,63404.8,-0.002233,0.046651,0.000149,0.904304,0.0,0.9658,0.9662,0.003855,0.004449,0.004366,0.70692,3.441309
1033371648,63413.9,-0.003325,0.043376,0.000148,0.901866,0.0,0.9659,0.9665,0.003176,0.004657,0.005006,0.680735,3.28638
1034158080,63422.9,-0.009344,0.033842,0.000143,0.901969,0.0,0.9659,0.9661,0.003022,0.003824,0.004108,0.716173,3.388689
1034944512,63416.5,0.001885,0.049221,0.000148,0.901894,0.0,0.9662,0.9668,0.004335,0.004039,0.00449,0.714699,3.312634
1035730944,63423.1,-0.004643,0.040288,0.000143,0.907336,0.0,0.9658,0.9652,0.004613,0.004258,0.005803,0.707314,3.203704
1036517376,63432.0,0.000672,0.041084,0.000143,0.91004,0.0,0.9658,0.9645,0.003844,0.003977,0.004208,0.69014,3.452939
1037303808,63426.3,-0.004179,0.04441,0.000149,0.911577,0.0,0.9657,0.9639,0.003113,0.003713,0.004409,0.720701,3.58316
1038090240,63435.3,0.002217,0.040847,0.000151,0.914376,0.0,0.9654,0.9633,0.003956,0.004675,0.004668,0.69539,3.50627
1038876672,63444.0,-0.003057,0.035434,0.00015,0.913314,0.0,0.9656,0.9648,0.002795,0.003825,0.004003,0.713942,3.44688
1039663104,63452.6,-0.001399,0.039879,0.000149,0.912891,0.0,0.966,0.9665,0.004286,0.004117,0.004252,0.691941,3.433395
1040449536,63445.2,0.00137,0.050043,0.000148,0.914116,0.0,0.9659,0.9662,0.004517,0.00358,0.00422,0.687917,3.492213
1041235968,63453.5,-0.002201,0.03404,0.000144,0.922218,0.0,0.9658,0.967,0.003923,0.003603,0.004353,0.66742,3.525223
1042022400,63461.7,-0.000441,0.032605,0.000144,0.917533,0.0,0.966,0.9678,0.003528,0.003175,0.004003,0.675904,3.538444
1042808832,63455.2,0.005565,0.043378,0.000151,0.911841,0.0,0.9661,0.9688,0.00375,0.003309,0.003433,0.649916,3.437469
1043595264,63465.0,-0.008251,0.033715,0.000144,0.907485,0.0,0.9663,0.9693,0.004359,0.003927,0.004298,0.697398,3.432189
1044381696,63475.0,0.001396,0.030039,0.000142,0.910372,0.0,0.9664,0.9697,0.003628,0.003842,0.004142,0.708782,3.504421
1045168128,63484.7,-0.006806,0.030158,0.000144,0.910194,0.0,0.9665,0.9703,0.003291,0.003806,0.00386,0.740804,3.611382
1045954560,63478.4,0.001104,0.040889,0.000148,0.90627,0.0,0.9666,0.9708,0.003574,0.003971,0.004274,0.69572,3.58346
1046740992,63487.5,0.001148,0.043359,0.000143,0.901807,0.0,0.9668,0.9716,0.003688,0.004325,0.004636,0.712201,3.515205
1047527424,63496.3,-0.002657,0.03341,0.000143,0.899633,0.0,0.9672,0.9731,0.003418,0.004477,0.004582,0.713231,3.440104
1048313856,63505.7,-0.001575,0.031344,0.000144,0.900747,0.0,0.9669,0.9733,0.004346,0.003803,0.004047,0.715188,3.408998
1049100288,63499.2,-0.003394,0.038367,0.000153,0.902615,0.0,0.967,0.9741,0.004065,0.003825,0.005119,0.705007,3.47274
1049886720,63508.7,0.000988,0.041191,0.000153,0.911228,0.0,0.967,0.9738,0.003111,0.003605,0.00478,0.745739,3.56848
1050673152,63517.8,-0.000897,0.031973,0.000153,0.907528,0.0,0.9671,0.9738,0.003316,0.003294,0.004135,0.696791,3.653712
1051459584,63510.8,-0.003024,0.041633,0.000153,0.906709,0.0,0.9671,0.9737,0.003245,0.003596,0.004826,0.705266,3.621075
1052246016,63520.4,-0.007323,0.042444,0.000144,0.905235,0.0,0.9672,0.9738,0.00377,0.003555,0.004635,0.708331,3.509138
1053032448,63530.2,-0.004185,0.041159,0.000145,0.906585,0.0,0.9674,0.9743,0.004225,0.004004,0.004721,0.723411,3.577876
1053818880,63524.6,0.000578,0.03817,0.000145,0.905762,0.0,0.9676,0.9748,0.003833,0.003585,0.004952,0.726286,3.517718
1054605312,63520.2,-0.003913,0.056749,0.000149,0.907357,0.0,0.9682,0.9758,0.00393,0.004991,0.005062,0.719568,3.49709
1055391744,63530.0,-0.000645,0.043251,0.000144,0.907393,0.0,0.9683,0.9759,0.003469,0.004625,0.005188,0.697478,3.454612
1056178176,63540.6,-0.000887,0.039408,0.000146,0.905013,0.0,0.9688,0.9769,0.003581,0.004409,0.004451,0.698,3.453118
1056964608,63523.5,-0.000758,0.03859,0.000151,0.905913,0.0,0.9692,0.9777,0.00287,0.003809,0.003675,0.715831,3.478487
1057751040,63530.7,-0.002285,0.033662,0.000151,0.907627,0.0,0.9694,0.9784,0.002987,0.003865,0.004042,0.707595,3.482891
1058537472,63537.7,0.001109,0.03049,0.000153,0.909521,0.0,0.9693,0.9787,0.003047,0.003407,0.003764,0.725965,3.605052
1059323904,63545.0,-0.006929,0.023272,0.000149,0.906259,0.0,0.9694,0.9803,0.002593,0.003335,0.003917,0.707814,3.565221
1060110336,63522.0,-0.002822,0.044306,0.000163,0.910213,0.0,0.9698,0.9811,0.003177,0.004084,0.004369,0.711189,3.568038
1060896768,63529.1,-0.005953,0.031015,0.000157,0.907861,0.0,0.97,0.9814,0.002622,0.004138,0.00406,0.734237,3.540859
1061683200,63536.9,-0.004856,0.032782,0.000159,0.909381,0.0,0.9702,0.9813,0.003278,0.003272,0.004134,0.710505,3.658342
1062469632,63519.0,0.003911,0.040266,0.000158,0.910629,0.0,0.9706,0.9821,0.003328,0.003656,0.003479,0.726717,3.649136
1063256064,63527.3,-0.003227,0.043058,0.000153,0.909965,0.0,0.9708,0.9831,0.003037,0.004078,0.003565,0.68162,3.651036
1064042496,63533.4,0.003075,0.036823,0.000151,0.910663,0.0,0.971,0.9834,0.003162,0.003127,0.003651,0.70183,3.643047
1064828928,63541.9,-0.00363,0.032045,0.000149,0.90997,0.0,0.9711,0.9841,0.002512,0.003257,0.003359,0.693598,3.587379
1065615360,63529.3,-0.008652,0.046079,0.000155,0.90483,0.0,0.9714,0.9847,0.003505,0.004024,0.003587,0.727443,3.712445
1066401792,63537.9,0.000816,0.042721,0.000156,0.901619,0.0,0.9718,0.9854,0.003979,0.004612,0.004286,0.714875,3.663938
1067188224,63546.4,0.00271,0.0433,0.000156,0.902599,0.0,0.9721,0.9854,0.004409,0.004134,0.004144,0.698552,3.557427
1067974656,63503.5,-0.000619,0.05092,0.000163,0.900785,0.0,0.9721,0.9854,0.002891,0.003513,0.003612,0.672154,3.453101
1068761088,63511.0,-0.004393,0.047349,0.000162,0.896537,0.0,0.972,0.9853,0.004586,0.004483,0.006532,0.706114,3.482526
1069547520,63517.5,-0.00318,0.042916,0.000167,0.902017,0.0,0.972,0.9854,0.003926,0.003761,0.005084,0.721151,3.548648
1070333952,63509.2,-0.005626,0.045122,0.00017,0.902599,0.0,0.9716,0.9844,0.003615,0.003489,0.004443,0.723719,3.581775
1071120384,63496.5,0.000577,0.05069,0.000171,0.903576,0.0,0.9718,0.9847,0.004329,0.003663,0.00501,0.685727,3.56689
1071906816,63504.6,-0.00998,0.035406,0.000161,0.909035,0.0,0.9716,0.984,0.00428,0.004026,0.004955,0.681427,3.587953
1072693248,63512.6,-0.002366,0.034158,0.000161,0.906317,0.0,0.972,0.9846,0.004442,0.003563,0.004628,0.698445,3.662991
1073479680,63494.3,0.002902,0.039023,0.000157,0.910168,0.0,0.9719,0.9843,0.003065,0.003383,0.003892,0.725968,3.64192
1074266112,63502.8,0.001606,0.040563,0.00016,0.90432,0.0,0.972,0.9849,0.003482,0.005043,0.004224,0.702599,3.652081
1075052544,63511.0,-0.00388,0.035107,0.000161,0.909119,0.0,0.9721,0.9861,0.002943,0.00456,0.003795,0.707368,3.640036
1075838976,63519.3,-0.007327,0.034518,0.000159,0.908683,0.0,0.9722,0.9871,0.00272,0.003671,0.003705,0.695233,3.686855
1076625408,63511.6,0.000659,0.050494,0.000164,0.905287,0.0,0.9723,0.987,0.003449,0.003415,0.004182,0.691969,3.645029
1077411840,63519.9,0.004667,0.043848,0.000162,0.91085,0.0,0.9723,0.9863,0.003871,0.003494,0.004701,0.706322,3.597254
1078198272,63527.6,-7.1e-05,0.036844,0.00016,0.906223,0.0,0.9724,0.9853,0.002698,0.003656,0.003759,0.676742,3.654013
1078984704,63535.8,-0.006483,0.042103,0.000159,0.909172,0.0,0.9723,0.9841,0.002663,0.003125,0.003457,0.716858,3.667788
1079771136,63528.5,-0.001341,0.040581,0.000154,0.910529,0.0,0.9724,0.9847,0.002881,0.003574,0.004045,0.690394,3.683619
1080557568,63536.1,-0.002447,0.025567,0.00015,0.912639,0.0,0.9721,0.9848,0.002906,0.003362,0.00345,0.692335,3.66811
1081344000,63542.3,-0.007027,0.031869,0.000151,0.909445,0.0,0.972,0.9845,0.003239,0.003452,0.003654,0.701,3.666332
1082130432,63535.7,0.000268,0.040103,0.000153,0.907722,0.0,0.9719,0.9845,0.002748,0.003533,0.003643,0.697983,3.641525
1082916864,63544.4,-0.004742,0.035635,0.000148,0.900246,0.0,0.9718,0.9842,0.003089,0.003936,0.004279,0.709807,3.661736
1083703296,63553.0,-0.001221,0.040502,0.000148,0.904946,0.0,0.9717,0.9844,0.003018,0.003676,0.003696,0.730975,3.701807
1084489728,63561.5,-0.00772,0.028571,0.000148,0.90238,0.0,0.9715,0.9837,0.003307,0.002897,0.003845,0.71717,3.730283
1085276160,63556.1,-0.002608,0.040678,0.000151,0.898464,0.0,0.9713,0.9835,0.003266,0.003579,0.004212,0.749236,3.6958
1086062592,63563.1,-0.005248,0.027477,0.000141,0.900128,0.0,0.9712,0.9836,0.002494,0.003575,0.003995,0.74413,3.577028
1086849024,63571.5,-0.002223,0.03405,0.000145,0.902549,0.0,0.9713,0.9843,0.003384,0.004291,0.00368,0.739605,3.697371
1087635456,63563.8,-0.001215,0.039763,0.000149,0.899616,0.0,0.9713,0.9847,0.002637,0.00368,0.003576,0.756377,3.644594
1088421888,63571.4,0.005318,0.041694,0.000155,0.898296,0.0,0.9718,0.9854,0.003438,0.004434,0.004627,0.71708,3.691767
1089208320,63579.0,-0.001293,0.037061,0.000151,0.900542,0.0,0.9721,0.9856,0.003943,0.004871,0.004893,0.717475,3.602011
1089994752,63587.0,-0.005517,0.028112,0.000153,0.896899,0.0,0.9724,0.9865,0.002807,0.004097,0.003507,0.732215,3.652653
1090781184,63579.9,-0.003651,0.04247,0.000158,0.900709,0.0,0.9725,0.987,0.003384,0.003511,0.004113,0.730751,3.686887
1091567616,63584.9,-0.00913,0.030318,0.000155,0.906696,0.0,0.9725,0.9876,0.003672,0.004225,0.003792,0.738097,3.811267
1092354048,63591.3,0.003331,0.029102,0.000152,0.907368,0.0,0.9726,0.9882,0.002872,0.003553,0.003686,0.728549,3.88097
1093140480,63584.5,-0.004491,0.036166,0.000156,0.905146,0.0,0.9726,0.9885,0.004054,0.002991,0.003714,0.671376,3.790808
1093926912,63592.2,-0.002932,0.042676,0.00015,0.898379,0.0,0.973,0.9887,0.003305,0.004583,0.004042,0.724086,3.761693
1094713344,63600.3,-0.005862,0.044911,0.000153,0.897533,0.0,0.9728,0.9875,0.002894,0.004523,0.004253,0.761435,3.600408
1095499776,63608.5,-0.003173,0.037351,0.000155,0.900043,0.0,0.9727,0.9868,0.003001,0.004079,0.003402,0.751011,3.653452
1096286208,63590.9,-0.00126,0.044185,0.000159,0.902323,0.0,0.9726,0.987,0.00268,0.003074,0.003643,0.768242,3.811458
1097072640,63598.3,-0.003208,0.034284,0.000161,0.906081,0.0,0.9728,0.988,0.002951,0.002767,0.003151,0.755127,3.799651
1097859072,63606.2,-0.010365,0.021473,0.000156,0.90671,0.0,0.9732,0.9891,0.00251,0.002645,0.003116,0.743107,3.828639
1098645504,63599.6,0.002597,0.035926,0.000157,0.905462,0.0,0.9735,0.9897,0.002938,0.002945,0.003267,0.627234,3.346155
1099431936,63608.0,-0.006047,0.033232,0.000163,0.903589,0.0,0.9739,0.9904,0.003738,0.004064,0.003935,0.720399,3.859879
1100218368,63616.4,-0.003807,0.029615,0.000159,0.899783,0.0,0.974,0.9909,0.00275,0.003601,0.003572,0.751134,3.818466
1101004800,63624.7,-0.001739,0.026367,0.000158,0.902651,0.0,0.9744,0.9924,0.003002,0.003513,0.003483,0.768103,3.881876
1101791232,63619.4,-0.004467,0.038548,0.000161,0.901393,0.0,0.9748,0.9932,0.003485,0.00294,0.003446,0.756442,3.885322
1102577664,63627.8,-0.0062,0.029703,0.000157,0.903303,0.0,0.9748,0.9922,0.003561,0.003456,0.003848,0.75571,3.820189
1103364096,63636.4,-0.008255,0.036335,0.000158,0.902579,0.0,0.9753,0.9931,0.003241,0.003692,0.004073,0.765967,3.896446
1104150528,63643.9,-0.00148,0.033963,0.000162,0.896391,0.0,0.9757,0.9934,0.003286,0.003442,0.00342,0.729347,3.842484
1104936960,63637.0,-0.000154,0.047204,0.000168,0.90179,0.0,0.9758,0.9934,0.003893,0.004196,0.004159,0.759162,3.851961
1105723392,63644.8,-0.00592,0.040358,0.000163,0.900658,0.0,0.9757,0.9928,0.003384,0.003906,0.004202,0.740108,3.741121
1106509824,63652.6,-0.003611,0.029383,0.000159,0.903113,0.0,0.9757,0.9929,0.002725,0.003921,0.004202,0.762414,3.715605
1107296256,63646.0,-0.006106,0.042312,0.000162,0.898748,0.0,0.9759,0.9936,0.002524,0.003789,0.003881,0.728222,3.664146
1108082688,63653.1,-0.007087,0.039362,0.000157,0.901502,0.0,0.9763,0.9949,0.003778,0.005141,0.005044,0.749842,3.678534
1108869120,63660.6,-0.003581,0.042115,0.00016,0.904381,0.0,0.9765,0.9953,0.004091,0.003978,0.004048,0.735318,3.725897
1109655552,63667.8,-0.005408,0.035892,0.000165,0.902051,0.0,0.9764,0.9952,0.003921,0.004897,0.004485,0.73294,3.684254
1110441984,63658.9,-0.00331,0.047061,0.000167,0.90791,0.0,0.9763,0.995,0.002972,0.004262,0.00418,0.709742,3.734016
1111228416,63666.8,0.000946,0.036153,0.000161,0.906397,0.0,0.9765,0.9949,0.004576,0.004376,0.004951,0.72823,3.708075
1112014848,63674.6,-0.00048,0.038863,0.000157,0.903373,0.0,0.9763,0.994,0.004047,0.003939,0.003901,0.702795,3.587749
1112801280,63666.7,-0.00204,0.038823,0.000158,0.899734,0.0,0.9762,0.9938,0.007897,0.003898,0.003672,0.726548,3.616565
1113587712,63674.1,0.003092,0.031191,0.000164,0.897568,0.0,0.9763,0.9948,0.007839,0.004004,0.003863,0.714025,3.648158
1114374144,63681.2,-0.007914,0.022441,0.000163,0.897442,0.0,0.9763,0.9952,0.005613,0.003551,0.00356,0.714306,3.579365
1115160576,63688.6,-0.005263,0.026834,0.000161,0.89822,0.0,0.9764,0.9958,0.005624,0.003117,0.003517,0.7094,3.510931
1115947008,63682.5,-0.00162,0.046183,0.00017,0.89431,0.0,0.9764,0.9959,0.005203,0.004219,0.004373,0.730492,3.587554
1116733440,63690.3,0.002617,0.043981,0.000162,0.898969,0.0,0.9763,0.9953,0.004201,0.004851,0.005548,0.680785,3.477882
1117519872,63697.6,-0.000453,0.040341,0.000162,0.896402,0.0,0.9759,0.9944,0.003273,0.004555,0.004639,0.698878,3.544414
1118306304,63689.7,-0.005753,0.048768,0.000169,0.898172,0.0,0.9759,0.9938,0.00286,0.004411,0.004778,0.644172,3.559352
1119092736,63697.1,-0.000309,0.034683,0.00016,0.901584,0.0,0.9755,0.9929,0.003627,0.003798,0.003957,0.701066,3.655727
1119879168,63704.7,0.003417,0.030485,0.000157,0.902007,0.0,0.9755,0.9927,0.002844,0.003946,0.003626,0.69508,3.469947
1120665600,63712.0,0.001247,0.033798,0.000157,0.897288,0.0,0.9752,0.9927,0.002696,0.003384,0.003356,0.716539,3.594149
1121452032,63703.8,-0.002199,0.038729,0.00016,0.897684,0.0,0.9751,0.993,0.003513,0.003247,0.003729,0.68898,3.650226
1122238464,63711.1,0.002546,0.029902,0.000154,0.901719,0.0,0.9749,0.9934,0.003544,0.003648,0.004623,0.700996,3.627473
1123024896,63718.4,0.000158,0.02257,0.000151,0.90178,0.0,0.9748,0.994,0.00337,0.002997,0.004166,0.689767,3.530724
1123811328,63711.6,-0.000344,0.030211,0.00015,0.903966,0.0,0.9745,0.9943,0.002771,0.002971,0.002968,0.669705,3.141069
1124597760,63718.8,-0.004921,0.030306,0.000157,0.899335,0.0,0.9745,0.9943,0.003411,0.003645,0.004294,0.716336,3.616666
1125384192,63726.2,-0.001765,0.028633,0.000157,0.899206,0.0,0.9745,0.9948,0.003311,0.00392,0.004536,0.710806,3.588131
1126170624,63733.5,-0.0036,0.022247,0.000155,0.899568,0.0,0.9742,0.9943,0.002768,0.003347,0.003403,0.722364,3.634833
1126957056,63727.3,-0.000173,0.034534,0.000162,0.899091,0.0,0.9741,0.9944,0.003236,0.003557,0.003893,0.7091,3.599752
1127743488,63734.4,-0.001103,0.031996,0.000159,0.895161,0.0,0.9743,0.995,0.002798,0.003449,0.003931,0.723342,3.548284
1128529920,63742.0,0.000401,0.036555,0.000161,0.895606,0.0,0.9741,0.9949,0.00298,0.003987,0.004053,0.765191,3.634696
1129316352,63749.5,-0.002335,0.033155,0.000163,0.896131,0.0,0.9741,0.995,0.004081,0.00397,0.003638,0.778021,3.653499
1130102784,63741.8,-0.004777,0.035531,0.000169,0.897796,0.0,0.974,0.9956,0.002782,0.003427,0.004692,0.751682,3.754529
1130889216,63748.6,0.000692,0.031252,0.000161,0.900346,0.0,0.9741,0.9964,0.003243,0.003403,0.004224,0.76972,3.786943
1131675648,63755.9,0.005113,0.023198,0.000161,0.904527,0.0,0.9738,0.9966,0.00273,0.002711,0.003825,0.746115,3.768374
1132462080,63749.4,-0.008649,0.037024,0.000165,0.904126,0.0,0.9732,0.9959,0.002276,0.003959,0.003314,0.729437,3.660296
1133248512,63757.1,-0.002952,0.047561,0.000162,0.904199,0.0,0.973,0.9953,0.004632,0.004755,0.004395,0.719779,3.805496
1134034944,63764.6,-0.008372,0.042801,0.000159,0.908085,0.0,0.9724,0.9941,0.00445,0.004793,0.004327,0.723123,3.697124
1134821376,63772.3,-0.001889,0.04293,0.000157,0.910527,0.0,0.972,0.9935,0.003703,0.00415,0.00436,0.725167,3.762161
1135607808,63766.7,0.000113,0.041158,0.00017,0.910864,0.0,0.9721,0.9938,0.003734,0.004046,0.004155,0.707169,3.736633
1136394240,63773.9,-0.016318,0.025803,0.000166,0.90898,0.0,0.9714,0.9925,0.004288,0.00369,0.004201,0.741728,3.758934
1137180672,63781.4,-0.004171,0.02572,0.000168,0.906625,0.0,0.9713,0.9927,0.00313,0.003225,0.004101,0.752763,3.869103
1137967104,63775.1,-0.006263,0.041761,0.000169,0.904502,0.0,0.971,0.9927,0.002617,0.003217,0.0035,0.789428,3.836571
1138753536,63782.7,-0.000946,0.041802,0.000162,0.901666,0.0,0.9711,0.993,0.003384,0.003905,0.004454,0.795079,3.924491
1139539968,63790.4,-0.001573,0.039668,0.000162,0.905018,0.0,0.9714,0.9934,0.003002,0.003706,0.004429,0.792915,3.95188
1140326400,63797.7,-0.007185,0.03732,0.000165,0.904873,0.0,0.9715,0.9932,0.003389,0.003788,0.003608,0.754119,3.91124
1141112832,63789.2,0.000918,0.042284,0.00016,0.904588,0.0,0.9716,0.9932,0.003595,0.003238,0.00361,0.726166,3.902059
1141899264,63796.7,-0.001652,0.029165,0.000155,0.905095,0.0,0.9715,0.9931,0.002689,0.003375,0.003641,0.743505,3.926598
1142685696,63804.3,-0.003751,0.026385,0.000155,0.903445,0.0,0.9716,0.993,0.002654,0.002829,0.003198,0.757539,3.915502
1143472128,63797.0,-0.000994,0.031147,0.00016,0.903782,0.0,0.9716,0.9933,0.002283,0.003061,0.002774,0.688558,3.900482
1144258560,63804.7,-0.002935,0.028834,0.000151,0.904663,0.0,0.9716,0.9935,0.003524,0.004508,0.004143,0.763021,3.890441
1145044992,63811.8,-0.005864,0.025762,0.000157,0.906872,0.0,0.9716,0.9938,0.003461,0.003927,0.00387,0.792775,3.917242
1145831424,63819.2,-0.005214,0.026553,0.000157,0.907044,0.0,0.9717,0.9942,0.003024,0.003649,0.003842,0.759431,3.926626
1146617856,63813.3,-0.007882,0.044097,0.000159,0.907196,0.0,0.9716,0.9942,0.002549,0.003367,0.003571,0.753536,3.987169
1147404288,63820.6,0.000426,0.039594,0.000157,0.909726,0.0,0.9714,0.9938,0.003108,0.003838,0.004363,0.762637,3.943828
1148190720,63828.1,-0.004998,0.035785,0.000153,0.909646,0.0,0.9716,0.9943,0.002589,0.003528,0.003619,0.750572,3.905108
1148977152,63822.6,0.002962,0.04967,0.000156,0.90303,0.0,0.9709,0.993,0.003129,0.003913,0.003769,0.728161,3.439742
1149763584,63830.9,-0.002354,0.032974,0.000158,0.909905,0.0,0.971,0.9935,0.004037,0.003922,0.003485,0.779073,3.910223
1150550016,63838.6,0.001144,0.032205,0.000161,0.911664,0.0,0.9712,0.9943,0.003839,0.003801,0.003939,0.789477,4.000382
1151336448,63846.7,0.000111,0.036939,0.000163,0.912544,0.0,0.9715,0.9946,0.002559,0.003732,0.004393,0.774824,3.984428
1152122880,63839.1,-0.001926,0.038285,0.000172,0.911449,0.0,0.9722,0.996,0.003346,0.003437,0.003515,0.786672,3.93141
1152909312,63843.6,-0.001899,0.03595,0.000175,0.909067,0.0,0.9724,0.9969,0.003162,0.003818,0.003522,0.779991,3.908787
1153695744,63850.1,0.003325,0.027305,0.000176,0.908199,0.0,0.9729,0.9979,0.003685,0.003484,0.00316,0.7845,3.787451
1154482176,63856.9,-0.002201,0.025892,0.000172,0.907045,0.0,0.9732,0.9985,0.003557,0.003359,0.003878,0.731406,3.876494
1155268608,63850.2,-0.002015,0.037194,0.000166,0.904826,0.0,0.9734,0.9987,0.007114,0.003829,0.004177,0.727853,3.827874
1156055040,63857.5,-0.000699,0.026888,0.00016,0.902247,0.0,0.9737,0.9993,0.004816,0.003204,0.00416,0.726031,3.868369
1156841472,63864.8,-0.006458,0.023632,0.000158,0.899012,0.0,0.9739,0.9996,0.003282,0.002563,0.003477,0.755769,3.80272
1157627904,63857.4,0.004147,0.03626,0.00016,0.896415,0.0,0.9741,1.0001,0.003085,0.002638,0.003312,0.779567,3.70746
1158414336,63864.4,-0.001091,0.027815,0.000156,0.905934,0.0,0.9744,1.0009,0.002625,0.003013,0.003857,0.768073,3.876817
1159200768,63871.2,0.002379,0.029846,0.000159,0.904134,0.0,0.9747,1.0013,0.002825,0.002756,0.003413,0.750098,3.911098
1159987200,63877.3,-0.003105,0.029064,0.00016,0.898839,0.0,0.9749,1.0015,0.002695,0.002987,0.003472,0.742991,3.823135
1160773632,63870.6,-0.002171,0.043103,0.000166,0.891275,0.0,0.9752,1.0014,0.00421,0.003773,0.004255,0.784236,3.867133
1161560064,63878.2,0.000253,0.02998,0.000164,0.890646,0.0,0.9755,1.0012,0.003003,0.004088,0.004105,0.788898,3.787399
1162346496,63884.5,-0.010351,0.027125,0.000164,0.889053,0.0,0.976,1.0013,0.003287,0.00367,0.003861,0.794911,3.787994
1163132928,63877.6,-0.003842,0.041317,0.000164,0.890201,0.0,0.9762,1.0011,0.002867,0.003732,0.003612,0.758483,3.668069
1163919360,63884.4,-0.004936,0.027034,0.000157,0.905239,0.0,0.9764,1.0008,0.00278,0.003846,0.003832,0.748693,3.751094
1164705792,63891.2,-0.004935,0.030129,0.000158,0.907441,0.0,0.9765,1.0006,0.002763,0.00366,0.003762,0.755368,3.873903
1165492224,63898.0,-0.001197,0.032986,0.000157,0.907787,0.0,0.977,1.0011,0.002996,0.003806,0.003556,0.727898,3.947318
1166278656,63891.1,-0.008492,0.041681,0.000163,0.901512,0.0,0.9773,1.0014,0.003986,0.003361,0.004872,0.785167,3.943698
1167065088,63898.5,-0.005641,0.029999,0.000165,0.890796,0.0,0.9778,1.0021,0.002703,0.002997,0.004085,0.794777,3.893493
1167851520,63905.8,-0.001426,0.027414,0.000161,0.896491,0.0,0.9779,1.0016,0.00339,0.002815,0.003814,0.76931,3.817474
1168637952,63899.1,-0.009219,0.035483,0.000167,0.89554,0.0,0.9782,1.0017,0.002763,0.002909,0.004162,0.709141,4.034316
1169424384,63905.3,0.00124,0.034564,0.000166,0.908579,0.0,0.9781,1.0015,0.003257,0.003646,0.003841,0.722484,3.916634
1170210816,63912.7,-0.005297,0.037161,0.000168,0.903805,0.0,0.9777,1.0007,0.003063,0.003667,0.003903,0.740368,3.866886
1170997248,63919.7,0.009901,0.040371,0.000167,0.904207,0.0,0.9779,1.0007,0.003899,0.003903,0.003742,0.730924,3.806304
1171783680,63913.5,0.000111,0.044057,0.000167,0.896806,0.0,0.978,1.0006,0.003559,0.003331,0.004208,0.743317,3.727712
1172570112,63920.6,-0.001474,0.028599,0.000163,0.899274,0.0,0.9778,0.9998,0.002939,0.00296,0.003956,0.740468,3.718096
1173356544,63927.7,-0.006158,0.026987,0.000161,0.900574,0.0,0.9777,0.9996,0.004337,0.0031,0.003638,0.730668,3.77304
1174142976,63919.9,-0.001338,0.02964,0.00016,0.89578,0.0,0.9778,1.0,0.002945,0.002251,0.002972,0.688198,3.477035
1174929408,63927.4,-0.004837,0.028884,0.000159,0.904878,0.0,0.9778,1.0002,0.002819,0.003713,0.005194,0.727162,3.760849
1175715840,63934.4,0.001278,0.027125,0.00016,0.903664,0.0,0.9776,0.9997,0.00274,0.003488,0.0038,0.727484,3.764651
1176502272,63940.5,7.2e-05,0.022911,0.000162,0.904736,0.0,0.9776,0.9998,0.002926,0.002938,0.004189,0.701308,3.744287
1177288704,63934.6,-0.000998,0.038647,0.000166,0.903778,0.0,0.9778,1.0002,0.003463,0.003343,0.004192,0.715718,3.750853
1178075136,63941.4,-0.00714,0.022058,0.000158,0.901936,0.0,0.9777,0.9999,0.003842,0.003765,0.004289,0.737403,3.787661
1178861568,63945.7,-0.001852,0.026067,0.00016,0.904854,0.0,0.9777,1.0,0.002828,0.00361,0.003551,0.734297,3.675296
1179648000,63952.5,0.003915,0.021595,0.00016,0.904344,0.0,0.9778,1.0009,0.003703,0.003251,0.003386,0.757956,3.843241
1180434432,63945.7,-0.002414,0.039486,0.000168,0.899881,0.0,0.9776,1.0007,0.004071,0.004085,0.004616,0.730931,3.80035
1181220864,63952.3,-0.003621,0.027653,0.000159,0.901832,0.0,0.9775,1.0012,0.002938,0.00377,0.003966,0.745992,3.720442
1182007296,63959.4,-0.006556,0.024493,0.000158,0.900159,0.0,0.9776,1.0018,0.00302,0.003259,0.003781,0.764645,3.845181
1182793728,63952.2,-0.0054,0.042903,0.000163,0.901614,0.0,0.9778,1.0023,0.003469,0.003408,0.004165,0.747982,3.708204
1183580160,63958.9,-0.000666,0.03819,0.000166,0.903022,0.0,0.9777,1.0018,0.003521,0.003618,0.004569,0.774256,3.827977
1184366592,63965.6,-0.005988,0.0259,0.000163,0.899876,0.0,0.9774,1.0013,0.002997,0.002992,0.003238,0.747579,3.758861
1185153024,63972.3,0.001329,0.027801,0.000163,0.898281,0.0,0.9776,1.0017,0.002457,0.003141,0.003154,0.734311,3.702688
1185939456,63966.1,0.001037,0.045134,0.000172,0.896884,0.0,0.9776,1.0013,0.006,0.004486,0.005729,0.746255,3.724472
1186725888,63972.0,-4.7e-05,0.034757,0.000165,0.893196,0.0,0.9774,1.0006,0.004177,0.004082,0.00471,0.723628,3.661494
1187512320,63977.3,-0.006236,0.029179,0.00016,0.890368,0.0,0.9769,0.9995,0.00319,0.003495,0.003937,0.742552,3.714642
1188298752,63972.1,-0.000111,0.040585,0.000164,0.888877,0.0,0.9769,0.9993,0.00371,0.003667,0.004164,0.787131,3.858583
1189085184,63978.6,-0.009931,0.027825,0.000158,0.893146,0.0,0.9768,0.9996,0.002986,0.00426,0.003699,0.773617,3.838916
1189871616,63984.7,-3.2e-05,0.025984,0.000158,0.898225,0.0,0.9767,1.0002,0.002996,0.003855,0.003434,0.740345,3.741885
1190658048,63992.2,0.000673,0.023296,0.000159,0.889938,0.0,0.9768,1.0014,0.003225,0.003102,0.003571,0.762118,3.800788
1191444480,63986.4,-0.002849,0.036239,0.000171,0.891319,0.0,0.977,1.0019,0.0037,0.003653,0.003601,0.786039,3.862094
1192230912,63993.8,-0.008515,0.028859,0.000168,0.892465,0.0,0.9772,1.0017,0.004724,0.003777,0.004442,0.754092,3.851844
1193017344,63999.9,-0.002379,0.029317,0.000168,0.893819,0.0,0.9769,1.0008,0.002822,0.003431,0.004028,0.788049,3.855925
1193803776,63994.0,0.003246,0.038227,0.000172,0.890734,0.0,0.9771,1.0009,0.00278,0.003682,0.003612,0.717562,3.846631
1194590208,64001.1,-0.001726,0.039782,0.000162,0.896468,0.0,0.9769,1.0007,0.003541,0.00462,0.004399,0.747477,3.699049
1195376640,64008.2,-0.00287,0.04049,0.000162,0.885907,0.0,0.9762,0.9994,0.00402,0.004443,0.004247,0.758743,3.598543
1196163072,64014.5,-0.000656,0.031627,0.000158,0.882303,0.0,0.9757,0.9993,0.00422,0.004027,0.00345,0.802053,3.652407
1196949504,64008.1,0.005086,0.043345,0.000163,0.880599,0.0,0.9748,0.9977,0.003018,0.003698,0.003864,0.789317,3.741277
1197735936,64015.4,-0.005584,0.03409,0.00016,0.88206,0.0,0.9742,0.9961,0.004151,0.003961,0.004431,0.781507,3.791208
1198522368,64020.8,-0.004487,0.031457,0.00016,0.887163,0.0,0.974,0.9952,0.003064,0.003742,0.004225,0.789618,3.793639
1199308800,64012.7,-0.005665,0.034426,0.000165,0.889879,0.0,0.9738,0.9948,0.004307,0.003717,0.004822,0.740119,3.473056
1200095232,64019.7,-0.011457,0.038691,0.000168,0.893901,0.0,0.9738,0.9945,0.004635,0.004004,0.005081,0.812386,3.821425
1200881664,64026.7,-0.004438,0.035474,0.000165,0.901795,0.0,0.9735,0.9935,0.003048,0.003986,0.004053,0.796648,3.824425
1201668096,64033.7,0.003948,0.033995,0.000162,0.899247,0.0,0.9733,0.9936,0.003125,0.00333,0.003551,0.785939,3.822995
1202454528,64028.0,-0.007247,0.038453,0.000163,0.892568,0.0,0.9731,0.9931,0.003708,0.003572,0.004127,0.752668,3.889027
1203240960,64033.1,-0.007862,0.022658,0.000158,0.894273,0.0,0.9733,0.9936,0.00318,0.003667,0.004167,0.774643,3.730205
1204027392,64039.5,0.000603,0.027492,0.000157,0.893408,0.0,0.9732,0.9937,0.003356,0.003824,0.003842,0.784721,3.773801
1204813824,64046.9,0.005643,0.023253,0.000155,0.894324,0.0,0.9734,0.9948,0.003053,0.003004,0.003287,0.785357,3.753619
1205600256,64041.5,-0.002889,0.035472,0.00016,0.885397,0.0,0.9737,0.9957,0.004102,0.003908,0.00398,0.818529,3.826612
1206386688,64048.8,-0.003401,0.031459,0.000158,0.887159,0.0,0.9741,0.9967,0.003331,0.003603,0.003723,0.853844,3.986866
1207173120,64056.2,0.002186,0.024408,0.000157,0.894074,0.0,0.9746,0.998,0.003946,0.003748,0.003811,0.833069,3.935878
1207959552,64050.4,0.000668,0.039618,0.000163,0.88952,0.0,0.9749,0.9981,0.003409,0.003706,0.003595,0.787494,3.830677
1208745984,64056.6,0.005855,0.031801,0.00016,0.89291,0.0,0.9751,0.9978,0.004101,0.003198,0.00392,0.799349,3.892267
1209532416,64062.4,0.000435,0.023796,0.000156,0.893397,0.0,0.9753,0.9975,0.0035,0.002829,0.003572,0.799413,3.959014
1210318848,64069.0,-0.001139,0.02351,0.000159,0.893097,0.0,0.9752,0.9973,0.004344,0.002933,0.003732,0.817062,3.941942
1211105280,64064.2,-0.000393,0.031203,0.000157,0.897795,0.0,0.9756,0.9988,0.002778,0.002675,0.003423,0.788002,3.890537
1211891712,64071.6,-0.003347,0.02219,0.000155,0.904558,0.0,0.976,1.0001,0.002866,0.002466,0.004339,0.776652,3.863579
1212678144,64078.8,-0.003721,0.022828,0.000155,0.900317,0.0,0.9765,1.0016,0.00271,0.002963,0.0036,0.766487,3.844051
1213464576,64073.6,-0.00329,0.02756,0.000156,0.90088,0.0,0.9768,1.0024,0.002597,0.003094,0.003673,0.784689,3.826967
1214251008,64080.8,-0.000223,0.026922,0.000162,0.906694,0.0,0.9773,1.0033,0.002769,0.003268,0.003534,0.743446,3.905921
1215037440,64087.6,-0.001424,0.03061,0.00016,0.904323,0.0,0.9781,1.0044,0.004152,0.003066,0.003462,0.755776,3.894068
1215823872,64094.9,0.004699,0.026538,0.000157,0.904088,0.0,0.9786,1.0052,0.002383,0.002661,0.003191,0.727408,3.857565
1216610304,64088.2,-0.004003,0.036506,0.000162,0.903762,0.0,0.979,1.006,0.004094,0.003275,0.004022,0.784604,3.623543
1217396736,64095.2,0.002536,0.027521,0.000164,0.902908,0.0,0.9791,1.0062,0.003655,0.002943,0.003568,0.753578,3.859888
1218183168,64101.9,-0.005635,0.027072,0.000165,0.894967,0.0,0.9787,1.0059,0.003515,0.00312,0.003568,0.76729,3.833134
1218969600,64095.7,-0.002415,0.036342,0.000168,0.889838,0.0,0.9787,1.0061,0.002732,0.002627,0.003235,0.764453,3.88802
1219756032,64101.0,-0.002717,0.031432,0.000162,0.886491,0.0,0.9784,1.006,0.002852,0.003457,0.003589,0.774957,3.774999
1220542464,64107.8,-0.004833,0.024701,0.000161,0.889758,0.0,0.9786,1.0069,0.002808,0.0037,0.003835,0.763007,3.682989
1221328896,64115.4,-0.001136,0.028281,0.000161,0.886321,0.0,0.9784,1.0072,0.002816,0.00298,0.003556,0.791003,3.821773
1222115328,64110.0,-0.006674,0.035268,0.000164,0.8818,0.0,0.9785,1.0081,0.002806,0.003456,0.003692,0.789885,3.85139
1222901760,64117.4,-0.001292,0.026258,0.000164,0.88388,0.0,0.9784,1.0076,0.00386,0.003404,0.003843,0.780228,3.758687
1223688192,64124.9,-0.001387,0.024986,0.000163,0.884558,0.0,0.9785,1.0081,0.003027,0.003529,0.003198,0.804328,3.838547
1224474624,64119.6,-0.005735,0.028822,0.000166,0.883932,0.0,0.9786,1.0084,0.003013,0.002871,0.002955,0.753566,3.574
1225261056,64126.7,-0.00044,0.03596,0.000165,0.885572,0.0,0.9786,1.0081,0.003492,0.003436,0.004847,0.804229,3.906303
1226047488,64133.6,-0.006073,0.026224,0.000162,0.88763,0.0,0.9787,1.0079,0.002808,0.003136,0.003869,0.789815,3.880444
1226833920,64138.7,-0.000235,0.029379,0.000165,0.890404,0.0,0.9785,1.0074,0.002952,0.003071,0.003468,0.807162,3.772457
1227620352,64131.2,-0.005164,0.037067,0.000168,0.894513,0.0,0.9787,1.0078,0.002869,0.003515,0.003788,0.761985,3.837879
1228406784,64138.2,-0.001536,0.026193,0.00016,0.897057,0.0,0.9785,1.0077,0.003068,0.003546,0.004033,0.764569,3.814769
1229193216,64145.3,-0.000861,0.025857,0.000163,0.898033,0.0,0.9785,1.0078,0.002513,0.00324,0.003657,0.777109,3.823783
1229979648,64152.6,-0.003998,0.023097,0.000163,0.894117,0.0,0.9784,1.0074,0.002617,0.002908,0.003828,0.772109,3.868981
1230766080,64146.8,-0.001129,0.031706,0.000166,0.900803,0.0,0.9782,1.007,0.002747,0.003716,0.003365,0.796268,3.878679
1231552512,64154.1,-0.002274,0.02658,0.000168,0.897851,0.0,0.9777,1.0061,0.003095,0.003881,0.003451,0.784836,4.003102
1232338944,64161.2,0.004979,0.030541,0.000168,0.896493,0.0,0.9775,1.0055,0.002334,0.003811,0.003547,0.779272,3.93081
1233125376,64154.3,-0.004901,0.031639,0.000171,0.894489,0.0,0.9772,1.0051,0.002345,0.00354,0.003555,0.77708,3.822282
1233911808,64161.4,-0.002303,0.029212,0.000167,0.894523,0.0,0.9771,1.0049,0.003371,0.003646,0.003965,0.816931,3.953892
1234698240,64168.4,-0.003097,0.025633,0.000171,0.894946,0.0,0.977,1.0047,0.002936,0.00356,0.003728,0.798347,3.891681
1235484672,64175.4,0.000906,0.022983,0.00017,0.897826,0.0,0.9768,1.0046,0.002746,0.00285,0.003475,0.77027,3.891899
1236271104,64171.3,-0.000922,0.032632,0.000178,0.893603,0.0,0.9772,1.0056,0.002514,0.002965,0.00359,0.788916,3.900792
1237057536,64178.0,-0.001648,0.027835,0.000173,0.892296,0.0,0.9772,1.0059,0.003129,0.003153,0.003856,0.77932,3.85675
1237843968,64183.5,-0.006751,0.024886,0.00017,0.889138,0.0,0.9774,1.0066,0.003077,0.003429,0.003695,0.829561,3.873563
1238630400,64177.2,-0.00172,0.030169,0.00017,0.888263,0.0,0.9773,1.0066,0.002366,0.003143,0.003352,0.820819,3.899658
1239416832,64183.7,-0.002533,0.031976,0.000167,0.883512,0.0,0.9776,1.0069,0.003346,0.003008,0.004032,0.787786,3.990683
1240203264,64190.6,-0.001896,0.024622,0.000165,0.882608,0.0,0.9776,1.0064,0.004265,0.003004,0.003502,0.829489,3.993715
1240989696,64197.2,0.004246,0.023482,0.000165,0.884968,0.0,0.9774,1.006,0.002334,0.002926,0.002947,0.813528,3.920179
1241776128,64192.4,-0.009868,0.032779,0.00017,0.883407,0.0,0.9774,1.0063,0.002599,0.003527,0.003559,0.815168,3.812505
1242562560,64199.7,0.005004,0.025947,0.000165,0.886437,0.0,0.9772,1.0064,0.002737,0.003896,0.003608,0.806913,3.928795
1243348992,64207.0,-0.003525,0.020006,0.000167,0.892519,0.0,0.977,1.0062,0.00228,0.003599,0.003258,0.804813,3.900545
1244135424,64203.3,-0.005828,0.031002,0.000173,0.892028,0.0,0.9772,1.0073,0.002774,0.00368,0.00317,0.76339,4.071297
1244921856,64210.1,-0.008723,0.029126,0.000168,0.892039,0.0,0.9768,1.0066,0.003821,0.004501,0.004286,0.776804,3.93607
1245708288,64214.9,-0.010073,0.0287,0.000168,0.897314,0.0,0.9768,1.0068,0.003393,0.003753,0.004249,0.798464,3.975462
1246494720,64221.9,-0.006178,0.024651,0.000171,0.89986,0.0,0.9764,1.0067,0.002944,0.00357,0.003393,0.790483,4.067877
1247281152,64217.6,-0.000917,0.04676,0.000174,0.897436,0.0,0.9762,1.0064,0.003876,0.004737,0.005717,0.784454,4.108206
1248067584,64225.1,-0.002757,0.042944,0.000171,0.895126,0.0,0.9759,1.0055,0.003982,0.004231,0.004739,0.800503,4.152615
1248854016,64232.6,-0.008169,0.031774,0.000169,0.895774,0.0,0.9756,1.0049,0.003891,0.003917,0.003816,0.805409,4.08987
1249640448,64228.8,0.002825,0.040975,0.000172,0.890782,0.0,0.9752,1.004,0.003025,0.003168,0.003295,0.788336,3.808898
1250426880,64236.1,-0.001868,0.032494,0.000166,0.886954,0.0,0.9752,1.0043,0.003738,0.003596,0.004,0.80826,4.022532
1251213312,64243.3,-0.010003,0.028562,0.000167,0.886296,0.0,0.9753,1.005,0.004358,0.003622,0.003953,0.805042,3.989431
1251999744,64250.7,-0.007319,0.023133,0.000168,0.885927,0.0,0.9752,1.0054,0.003294,0.003459,0.003924,0.828535,3.9488
1252786176,64246.1,0.000685,0.040775,0.000176,0.887125,0.0,0.9754,1.0061,0.00519,0.003019,0.004307,0.81024,4.086562
1253572608,64252.0,0.003361,0.03866,0.000176,0.886883,0.0,0.975,1.0052,0.004546,0.003698,0.004431,0.808781,4.105159
1254359040,64258.9,-0.004844,0.035178,0.000177,0.882624,0.0,0.975,1.0051,0.003189,0.003545,0.003636,0.801294,3.995875
1255145472,64266.0,-0.006582,0.032346,0.000174,0.885818,0.0,0.9747,1.0046,0.008039,0.003686,0.003745,0.807755,3.982063
1255931904,64259.8,-0.001147,0.044343,0.000178,0.876193,0.0,0.9748,1.0044,0.005558,0.003998,0.004155,0.799586,3.886353
1256718336,64267.7,0.004532,0.037868,0.000176,0.883056,0.0,0.9749,1.0046,0.004339,0.003716,0.004078,0.786913,3.948743
1257504768,64275.1,0.003126,0.034134,0.000179,0.883371,0.0,0.9751,1.0045,0.002804,0.003795,0.00355,0.797434,4.02063
1258291200,64268.8,0.001028,0.043469,0.000185,0.885627,0.0,0.975,1.004,0.002609,0.003114,0.003454,0.803891,3.926553
1259077632,64276.0,-0.005729,0.046043,0.000179,0.890956,0.0,0.9752,1.0037,0.003989,0.003946,0.004921,0.793287,3.974737
1259864064,64282.8,-2.9e-05,0.036344,0.00018,0.895878,0.0,0.975,1.0027,0.002667,0.003275,0.004384,0.809242,3.983742
1260650496,64289.7,0.003139,0.032574,0.000178,0.896665,0.0,0.975,1.0025,0.002795,0.003345,0.003994,0.825443,4.022843
1261436928,64284.6,0.001725,0.04106,0.000175,0.894773,0.0,0.9752,1.0028,0.002621,0.003729,0.003564,0.794538,4.032539
1262223360,64291.6,-0.006502,0.028004,0.000175,0.897782,0.0,0.9753,1.0027,0.002455,0.003749,0.003326,0.771598,4.002695
1263009792,64298.8,-0.000784,0.028807,0.000173,0.895323,0.0,0.9751,1.0018,0.002372,0.003327,0.003026,0.799862,3.963093
1263796224,64294.2,-0.004005,0.038559,0.000175,0.898592,0.0,0.9751,1.0019,0.002292,0.002803,0.003039,0.78734,3.918853
1264582656,64301.0,-0.005475,0.028732,0.000176,0.900339,0.0,0.9753,1.0023,0.003544,0.00306,0.003497,0.786423,4.03581
1265369088,64307.8,-0.007901,0.028167,0.000173,0.896859,0.0,0.9758,1.0023,0.003013,0.003026,0.00335,0.796051,4.100605
1266155520,64314.3,0.006929,0.03104,0.000174,0.898417,0.0,0.9763,1.003,0.003041,0.003004,0.003223,0.802939,4.052933
1266941952,64309.0,-0.008149,0.037428,0.000182,0.897051,0.0,0.9765,1.0031,0.003587,0.003191,0.00478,0.785345,3.938241
1267728384,64315.8,-0.003951,0.031911,0.000175,0.895873,0.0,0.977,1.0038,0.002751,0.002966,0.004305,0.801061,3.996258
1268514816,64322.5,-0.000806,0.032405,0.000176,0.895551,0.0,0.9774,1.0041,0.002986,0.002739,0.004148,0.788815,3.936114
1269301248,64317.6,0.002116,0.044136,0.000182,0.894121,0.0,0.9775,1.0035,0.002275,0.002905,0.003881,0.766013,4.189397
1270087680,64322.8,-0.005203,0.021853,0.000177,0.898561,0.0,0.9776,1.0032,0.002738,0.002583,0.002985,0.800284,4.081887
1270874112,64327.9,-0.004116,0.023582,0.000179,0.894906,0.0,0.9776,1.0027,0.003499,0.00255,0.002968,0.80465,4.116748
1271660544,64334.4,-0.006657,0.020018,0.000176,0.893413,0.0,0.9777,1.0033,0.003095,0.002485,0.002883,0.831748,4.038883
1272446976,64328.6,-0.000801,0.036738,0.000181,0.891961,0.0,0.978,1.0041,0.00551,0.003105,0.003414,0.823399,4.113605
1273233408,64335.5,-0.002606,0.026719,0.000174,0.89197,0.0,0.9781,1.0046,0.005397,0.003215,0.004016,0.838955,4.108871
1274019840,64342.2,-0.003004,0.023162,0.000171,0.890032,0.0,0.9784,1.0055,0.003933,0.002775,0.00336,0.830061,4.152769
1274806272,64337.1,-0.010918,0.036365,0.000179,0.884475,0.0,0.9786,1.0061,0.003946,0.003031,0.004403,0.776796,4.047749
1275592704,64344.1,-0.001447,0.027831,0.000165,0.897425,0.0,0.979,1.0071,0.003426,0.003259,0.00338,0.859531,4.01368
1276379136,64350.9,-0.001444,0.01902,0.000161,0.902331,0.0,0.979,1.0078,0.001929,0.002783,0.003083,0.813703,4.110581
1277165568,64357.1,-0.005058,0.019746,0.000163,0.90029,0.0,0.9795,1.0096,0.002046,0.003219,0.003139,0.815458,4.178615
1277952000,64352.8,-0.001238,0.03771,0.00017,0.893939,0.0,0.98,1.011,0.002479,0.003196,0.003335,0.851148,4.167743
1278738432,64359.0,-0.002865,0.021002,0.000168,0.8941,0.0,0.9801,1.0114,0.00252,0.002936,0.003636,0.821294,4.055628
1279524864,64365.1,0.00421,0.023756,0.00017,0.891977,0.0,0.9803,1.0118,0.002134,0.002971,0.003523,0.810488,4.015072
1280311296,64372.3,-0.003239,0.028433,0.000171,0.886895,0.0,0.9805,1.0124,0.002705,0.002448,0.003157,0.82154,4.092807
1281097728,64367.7,-0.0051,0.034631,0.000174,0.880843,0.0,0.9806,1.0129,0.003643,0.003545,0.003325,0.799547,3.988401
1281884160,64374.4,-0.006657,0.027042,0.000175,0.884332,0.0,0.9805,1.0126,0.003239,0.002976,0.003881,0.827383,4.024967
1282670592,64381.5,0.000246,0.022442,0.00017,0.878674,0.0,0.9809,1.0138,0.003116,0.002535,0.003145,0.813372,4.078378
1283457024,64377.5,-0.003875,0.032983,0.000171,0.877809,0.0,0.9811,1.0144,0.003095,0.003043,0.003475,0.844316,4.032616
1284243456,64384.0,-0.002197,0.026387,0.000166,0.87842,0.0,0.9812,1.015,0.003651,0.00378,0.003746,0.862675,4.029838
1285029888,64390.9,-0.006155,0.022779,0.000165,0.881237,0.0,0.9814,1.0162,0.004379,0.003517,0.003473,0.867157,4.145416
1285816320,64398.0,-0.001593,0.030078,0.000165,0.880105,0.0,0.9817,1.0176,0.00384,0.0036,0.003802,0.843207,4.094599
1286602752,64393.7,-0.005675,0.029075,0.000165,0.888562,0.0,0.9817,1.0181,0.002467,0.002759,0.003281,0.831082,4.162621
1287389184,64400.7,0.006332,0.024781,0.000162,0.888031,0.0,0.9817,1.0187,0.003107,0.002849,0.003407,0.820558,4.125064
1288175616,64407.7,0.004448,0.025578,0.00016,0.887873,0.0,0.9818,1.0196,0.002101,0.002882,0.003249,0.824025,3.998549
1288962048,64403.5,-0.00564,0.034315,0.000164,0.892491,0.0,0.9819,1.0198,0.002893,0.003741,0.00414,0.841921,4.104504
1289748480,64410.8,-0.002367,0.030825,0.000169,0.887348,0.0,0.9819,1.0195,0.003431,0.003869,0.004792,0.814616,4.206851
1290534912,64418.1,-0.012516,0.022289,0.000167,0.885923,0.0,0.982,1.0192,0.002978,0.003484,0.00352,0.798999,4.096481
1291321344,64425.4,0.000524,0.027464,0.000167,0.884926,0.0,0.9818,1.0187,0.003356,0.003117,0.003425,0.796717,4.074579
1292107776,64419.8,0.001601,0.037994,0.000172,0.882261,0.0,0.9819,1.0189,0.003084,0.0035,0.003665,0.801044,3.924235
1292894208,64425.0,0.000715,0.028001,0.000172,0.883225,0.0,0.9817,1.0185,0.003218,0.003312,0.003743,0.810899,4.017811
1293680640,64430.6,-0.005021,0.023369,0.000174,0.886759,0.0,0.9814,1.0184,0.002912,0.002968,0.003058,0.828499,4.023406
1294467072,64425.8,5e-05,0.035929,0.000178,0.88649,0.0,0.9811,1.018,0.004712,0.003185,0.003417,0.805931,4.112318
1295253504,64433.1,-0.003484,0.027079,0.000181,0.887821,0.0,0.9811,1.0176,0.005458,0.003599,0.004266,0.821937,4.043945
1296039936,64440.4,-0.012131,0.01857,0.000178,0.891822,0.0,0.9809,1.0171,0.003561,0.003019,0.003464,0.798398,4.017233
1296826368,64447.8,0.00097,0.02573,0.000177,0.8889,0.0,0.9809,1.0177,0.003154,0.003174,0.00335,0.802747,4.006287
1297612800,64442.4,0.001123,0.039449,0.000181,0.883601,0.0,0.9808,1.0174,0.004056,0.003438,0.004307,0.781022,3.964204
1298399232,64449.0,-0.006845,0.023495,0.000181,0.886054,0.0,0.9806,1.0173,0.002284,0.003347,0.00363,0.798536,3.979165
1299185664,64455.4,-1.7e-05,0.020217,0.000177,0.883095,0.0,0.9805,1.0173,0.002262,0.00263,0.003192,0.82633,4.035089
1299972096,64451.1,-0.000614,0.032065,0.000185,0.878755,0.0,0.9808,1.0181,0.002522,0.003093,0.003096,0.781931,3.903981
1300758528,64457.4,0.001733,0.032643,0.000171,0.88432,0.0,0.9807,1.0171,0.00421,0.003871,0.004591,0.808483,3.849093
1301544960,64464.2,-0.001718,0.031884,0.000177,0.880244,0.0,0.9806,1.0153,0.003171,0.004189,0.004607,0.819044,3.974645
1302331392,64471.1,-0.001721,0.028963,0.000179,0.877437,0.0,0.9805,1.0141,0.002669,0.004345,0.0041,0.814745,4.004647
1303117824,64466.1,-0.001177,0.043994,0.000181,0.875578,0.0,0.9804,1.0135,0.003283,0.003804,0.00386,0.828339,3.883139
1303904256,64472.9,0.000985,0.029065,0.000172,0.881732,0.0,0.9802,1.0123,0.002891,0.003751,0.004338,0.80853,3.875832
1304690688,64478.2,-0.000106,0.02753,0.00017,0.882748,0.0,0.9801,1.0117,0.002339,0.003761,0.00393,0.821757,3.876648
1305477120,64484.8,-0.007849,0.025839,0.000169,0.887458,0.0,0.9805,1.012,0.002376,0.003912,0.004065,0.803348,3.879105
1306263552,64479.2,-0.000629,0.053782,0.000187,0.880782,0.0,0.9803,1.011,0.004648,0.004082,0.004904,0.811107,4.045572
1307049984,64485.7,-0.003608,0.028206,0.000177,0.884456,0.0,0.98,1.01,0.003109,0.003979,0.004312,0.821064,4.093218
1307836416,64493.0,-0.000442,0.026534,0.000175,0.882499,0.0,0.9799,1.0097,0.002811,0.003724,0.004154,0.809214,4.015776
1308622848,64488.1,0.005145,0.042053,0.000173,0.877728,0.0,0.9798,1.0096,0.002967,0.004227,0.003964,0.781774,3.888509
1309409280,64494.8,-0.008218,0.020434,0.000166,0.883051,0.0,0.9797,1.0094,0.003445,0.0034,0.003968,0.797181,3.909178
1310195712,64501.6,-0.005131,0.021347,0.00017,0.884756,0.0,0.9795,1.0092,0.005024,0.003563,0.004381,0.799456,4.014542
1310982144,64508.3,-0.004702,0.020642,0.00017,0.886654,0.0,0.9795,1.0097,0.003481,0.002852,0.003387,0.776858,3.962391
1311768576,64504.2,-0.000918,0.038932,0.000173,0.877714,0.0,0.9797,1.0099,0.002806,0.003851,0.004002,0.793523,3.939667
1312555008,64510.9,-0.003954,0.028285,0.000167,0.883782,0.0,0.9795,1.0096,0.002837,0.003137,0.00385,0.819883,3.950964
1313341440,64517.7,-0.000248,0.019229,0.000167,0.885137,0.0,0.9793,1.0095,0.002825,0.002866,0.003636,0.786909,3.794854
1314127872,64513.6,-0.00118,0.02956,0.000171,0.880926,0.0,0.979,1.0095,0.003032,0.002768,0.003157,0.806522,3.984612
1314914304,64520.1,-0.000175,0.0329,0.000173,0.880942,0.0,0.9787,1.0088,0.002801,0.00361,0.004017,0.815298,4.028594
1315700736,64526.9,-0.006414,0.025291,0.000174,0.871242,0.0,0.9782,1.0082,0.002793,0.003533,0.003971,0.799958,3.942574
1316487168,64532.7,-0.005481,0.021135,0.000176,0.875066,0.0,0.9779,1.0075,0.002246,0.00309,0.003435,0.818633,3.935852
1317273600,64528.3,0.0007,0.039324,0.000179,0.874155,0.0,0.978,1.0078,0.002326,0.003245,0.003263,0.871757,3.882388
1318060032,64535.3,-0.001651,0.030228,0.000173,0.873502,0.0,0.9777,1.0072,0.002365,0.003717,0.003636,0.845314,4.043645
1318846464,64542.4,0.002727,0.026557,0.000174,0.871574,0.0,0.9771,1.0062,0.002085,0.003168,0.00358,0.864826,4.019559
1319632896,64537.1,0.003641,0.032484,0.000176,0.876449,0.0,0.9767,1.0062,0.002516,0.002487,0.002772,0.80613,4.143513
1320419328,64542.5,-0.000319,0.026768,0.000177,0.886064,0.0,0.9765,1.007,0.00316,0.002563,0.003817,0.823897,4.091923
1321205760,64548.4,0.002636,0.025903,0.000176,0.888881,0.0,0.9759,1.0072,0.002798,0.002676,0.003888,0.810148,4.055499
1321992192,64555.1,0.002512,0.018379,0.000171,0.885585,0.0,0.9758,1.0079,0.002655,0.002224,0.003248,0.818036,3.953692
1322778624,64547.8,-0.003394,0.035405,0.000176,0.882784,0.0,0.9755,1.0075,0.002808,0.002971,0.004417,0.820434,4.089362
1323565056,64554.4,-0.008963,0.022927,0.000171,0.881191,0.0,0.9754,1.0078,0.002787,0.003056,0.004008,0.844256,4.071933
1324351488,64560.8,-0.004626,0.020152,0.000172,0.877743,0.0,0.9753,1.0079,0.002005,0.002963,0.003172,0.866996,4.099359
1325137920,64554.0,-0.006548,0.029665,0.000179,0.871691,0.0,0.9751,1.0079,0.004589,0.003157,0.003149,0.846806,3.951303
1325924352,64560.3,-0.003391,0.026785,0.000192,0.874578,0.0,0.9754,1.0083,0.004616,0.003798,0.003974,0.868744,3.92389
1326710784,64565.6,7.5e-05,0.025419,0.000192,0.875386,0.0,0.9752,1.0079,0.003947,0.003175,0.003698,0.84884,3.97155
1327497216,64570.3,-0.004936,0.028056,0.000194,0.873595,0.0,0.9755,1.0081,0.004682,0.002685,0.003373,0.846894,3.972322
1328283648,64564.4,0.001011,0.033661,0.000183,0.881768,0.0,0.9757,1.0083,0.002774,0.003173,0.003904,0.858624,4.023276
1329070080,64571.4,-0.005987,0.021619,0.000178,0.884272,0.0,0.9757,1.0079,0.00224,0.00335,0.003038,0.825614,4.05753
1329856512,64577.9,-0.001711,0.022017,0.000176,0.882819,0.0,0.9758,1.008,0.002946,0.003037,0.003008,0.84609,4.050467
1330642944,64584.4,-0.002978,0.021725,0.000176,0.881103,0.0,0.9759,1.0078,0.002122,0.002815,0.002825,0.856438,3.95984
1331429376,64579.0,0.002045,0.028275,0.000177,0.880596,0.0,0.976,1.0083,0.002379,0.002889,0.003496,0.830818,4.096574
1332215808,64584.7,0.005068,0.018974,0.000173,0.882509,0.0,0.9764,1.009,0.002185,0.002703,0.003126,0.848294,4.062265
1333002240,64589.7,-0.001653,0.018153,0.000175,0.879239,0.0,0.9768,1.01,0.002098,0.002685,0.003105,0.844676,4.038349
1333788672,64584.9,-0.001014,0.031661,0.000178,0.875463,0.0,0.9775,1.0112,0.002414,0.002846,0.003018,0.882096,3.991444
1334575104,64591.4,-0.005314,0.024978,0.000174,0.874273,0.0,0.9782,1.0122,0.002981,0.003085,0.00353,0.944347,3.927539
1335361536,64598.5,-0.003284,0.025821,0.000175,0.875937,0.0,0.9781,1.0117,0.002757,0.003533,0.003595,0.909686,4.158051
1336147968,64605.0,-0.003994,0.022478,0.00017,0.872976,0.0,0.9783,1.0122,0.002243,0.003423,0.003449,0.89061,4.111772
1336934400,64600.4,-0.002762,0.037763,0.000178,0.872198,0.0,0.9787,1.0127,0.003396,0.003302,0.004183,0.903828,4.177267
1337720832,64606.9,-0.006668,0.030508,0.000176,0.879081,0.0,0.979,1.0128,0.003279,0.003731,0.004051,0.874658,4.088325
1338507264,64613.0,-0.005408,0.033206,0.000175,0.876527,0.0,0.9788,1.0119,0.003094,0.003216,0.004647,0.893401,4.073846
1339293696,64608.4,-0.007322,0.040326,0.000179,0.860724,0.0,0.9787,1.012,0.003181,0.003301,0.003738,0.876389,4.059365
1340080128,64615.0,-0.007435,0.032575,0.000175,0.867922,0.0,0.9783,1.0119,0.002878,0.004079,0.00399,0.867178,4.045171
1340866560,64620.7,0.002249,0.042821,0.000179,0.864155,0.0,0.9777,1.0112,0.003285,0.004056,0.004782,0.87009,3.966956
1341652992,64626.8,-0.00435,0.032323,0.000177,0.861327,0.0,0.9769,1.0101,0.002848,0.00362,0.003822,0.874584,4.021124
1342439424,64622.0,-0.00022,0.048839,0.00018,0.868097,0.0,0.9768,1.0103,0.002681,0.003694,0.003669,0.886723,3.710668
1343225856,64628.7,-0.005631,0.033795,0.000173,0.878494,0.0,0.9759,1.0085,0.002586,0.003111,0.002891,0.858364,4.070631
1344012288,64634.4,-0.000876,0.031489,0.000176,0.878422,0.0,0.9754,1.0078,0.002331,0.003263,0.003588,0.840144,4.165775
1344798720,64629.6,-0.000736,0.04316,0.000181,0.873302,0.0,0.9751,1.0076,0.002797,0.003197,0.002998,0.888449,4.171013
1345585152,64634.6,0.000903,0.029325,0.000177,0.879248,0.0,0.9751,1.0083,0.003563,0.003211,0.004081,0.880357,4.097462
1346371584,64640.1,-0.005131,0.017975,0.000176,0.879312,0.0,0.9749,1.0085,0.002347,0.002762,0.003073,0.869163,4.080461
1347158016,64645.5,-0.002114,0.02133,0.000176,0.879094,0.0,0.9744,1.0084,0.002514,0.002476,0.003244,0.86175,3.95637
1347944448,64641.6,0.002304,0.034034,0.000177,0.872032,0.0,0.9747,1.009,0.002755,0.003238,0.003475,0.87394,4.132929
1348730880,64648.4,-0.00144,0.01713,0.000173,0.873427,0.0,0.9747,1.009,0.002501,0.003573,0.003309,0.867876,4.153199
1349517312,64655.2,-0.002427,0.020505,0.000171,0.872086,0.0,0.9749,1.0095,0.002513,0.003026,0.002997,0.880135,4.147501
1350303744,64651.3,-0.001743,0.027042,0.000179,0.875036,0.0,0.9751,1.0093,0.00194,0.002696,0.002873,0.815664,4.113564
1351090176,64658.0,-0.003022,0.022304,0.00017,0.880242,0.0,0.9753,1.0089,0.00449,0.002554,0.003198,0.877969,4.115753
1351876608,64664.9,-0.007642,0.024111,0.000171,0.879158,0.0,0.9754,1.0081,0.002253,0.002924,0.003204,0.89299,4.185244
1352663040,64671.3,-0.00201,0.024959,0.000168,0.878215,0.0,0.9753,1.0074,0.003038,0.002678,0.003271,0.859001,4.120748
1353449472,64667.1,0.004619,0.030639,0.000171,0.881911,0.0,0.9757,1.0082,0.002286,0.002526,0.002617,0.866254,4.171428
1354235904,64673.4,-0.008167,0.022816,0.000173,0.880344,0.0,0.9753,1.0078,0.00304,0.002694,0.003526,0.850897,4.176901
1355022336,64679.9,-0.00041,0.025145,0.000171,0.883274,0.0,0.9753,1.0077,0.002216,0.002869,0.003382,0.846221,4.1464
1355808768,64686.2,-0.004704,0.022225,0.000175,0.883098,0.0,0.9754,1.0081,0.00203,0.002163,0.002701,0.862808,4.102285
1356595200,64674.9,0.003854,0.031022,0.000175,0.879203,0.0,0.9756,1.0089,0.002222,0.002625,0.002681,0.880384,4.180017
1357381632,64681.1,-0.000834,0.022368,0.000172,0.883144,0.0,0.9762,1.0106,0.001915,0.002674,0.002533,0.866642,4.214015
1358168064,64687.6,-0.003974,0.019808,0.000168,0.883175,0.0,0.977,1.0122,0.002569,0.002705,0.002643,0.857246,4.184195
1358954496,64669.5,-0.009838,0.027417,0.000177,0.881449,0.0,0.9781,1.0141,0.002895,0.002284,0.002689,0.823119,4.157103
1359740928,64676.5,0.001507,0.023307,0.000172,0.879621,0.0,0.9788,1.015,0.002877,0.002745,0.002983,0.83073,4.040369
1360527360,64683.8,-0.002692,0.018294,0.000173,0.880025,0.0,0.9795,1.0159,0.002382,0.002546,0.002733,0.856222,4.082129
1361313792,64690.5,0.000857,0.016716,0.000178,0.877721,0.0,0.9808,1.0184,0.002538,0.002373,0.003179,0.844642,4.088879
1362100224,64686.2,-0.000999,0.033453,0.00018,0.876393,0.0,0.9812,1.0193,0.002499,0.002923,0.003383,0.836626,4.139683
1362886656,64692.5,-0.005375,0.025638,0.000174,0.882873,0.0,0.9815,1.0201,0.002414,0.002895,0.002987,0.829018,4.051287
1363673088,64698.9,-0.003609,0.029857,0.000176,0.882573,0.0,0.9824,1.0217,0.002672,0.003035,0.003317,0.826767,4.041004
1364459520,64695.1,-0.000491,0.040621,0.00018,0.881564,0.0,0.9823,1.0217,0.003048,0.003034,0.003538,0.828222,4.091451
1365245952,64701.9,-0.000709,0.035815,0.000177,0.874988,0.0,0.9828,1.0215,0.003283,0.003093,0.00455,0.829874,4.014789
1366032384,64708.8,-0.003592,0.027178,0.000177,0.873791,0.0,0.9826,1.0211,0.002636,0.003044,0.003537,0.833801,4.027767
1366818816,64715.6,-0.00127,0.031417,0.00018,0.877578,0.0,0.9825,1.0206,0.0028,0.00296,0.003768,0.80872,3.947975
1367605248,64711.5,-0.010502,0.042178,0.000185,0.875719,0.0,0.9823,1.0197,0.003531,0.003514,0.004116,0.852034,3.895987
1368391680,64718.2,-0.00737,0.029215,0.000184,0.876257,0.0,0.9823,1.0192,0.002902,0.00325,0.003998,0.829604,4.008098
1369178112,64724.8,-0.004094,0.028484,0.000185,0.874189,0.0,0.9821,1.0188,0.002773,0.003504,0.003606,0.853437,3.977523
1369964544,64719.8,-0.000602,0.039398,0.000188,0.873281,0.0,0.9819,1.0181,0.002615,0.003384,0.003218,0.901398,4.034695
1370750976,64725.8,-0.001413,0.033128,0.000188,0.863711,0.0,0.9816,1.0177,0.002703,0.003312,0.003776,0.877797,3.924868
1371537408,64731.5,0.001086,0.029857,0.000181,0.869804,0.0,0.9814,1.0172,0.002811,0.002723,0.003119,0.858844,3.908946
1372323840,64737.8,-0.000362,0.024752,0.000181,0.869642,0.0,0.9815,1.0174,0.002708,0.002689,0.002677,0.869314,3.93001
1373110272,64732.4,0.005242,0.03566,0.000189,0.87041,0.0,0.9816,1.0173,0.003503,0.002761,0.003584,0.853799,4.002391
1373896704,64738.8,-0.002916,0.022206,0.000185,0.873857,0.0,0.9817,1.0163,0.003744,0.00247,0.003674,0.886788,4.05581
1374683136,64745.5,0.000187,0.023097,0.000187,0.866124,0.0,0.9819,1.0157,0.003332,0.002444,0.003401,0.865219,4.056071
1375469568,64741.9,-0.000951,0.026621,0.000191,0.86421,0.0,0.9819,1.0149,0.002687,0.002181,0.002806,0.812247,3.927982
1376256000,64748.6,-0.007027,0.025815,0.000175,0.87404,0.0,0.982,1.0142,0.002956,0.003071,0.004192,0.858155,3.923362
1377042432,64755.0,-0.008679,0.022784,0.000181,0.874707,0.0,0.9819,1.0135,0.003142,0.002668,0.003719,0.853421,4.010233
1377828864,64761.6,-0.001348,0.022104,0.000179,0.873854,0.0,0.982,1.0133,0.002273,0.002281,0.002805,0.867622,4.075506
1378615296,64756.8,-0.000465,0.035288,0.000187,0.874245,0.0,0.9822,1.0132,0.002946,0.00253,0.003716,0.870618,4.075797
1379401728,64763.2,0.002081,0.034018,0.000188,0.875646,0.0,0.9818,1.0116,0.003069,0.002763,0.003363,0.849803,4.115752
1380188160,64769.2,-7.5e-05,0.030232,0.000187,0.876652,0.0,0.9817,1.0108,0.002601,0.002753,0.003421,0.864224,3.988896
1380974592,64775.6,0.002408,0.033935,0.000187,0.866476,0.0,0.9815,1.0092,0.002899,0.003,0.003699,0.904871,4.027828
1381761024,64771.4,-0.00404,0.030939,0.000187,0.868897,0.0,0.9814,1.009,0.002625,0.003667,0.003399,0.854222,4.000375
1382547456,64777.7,-0.005982,0.021164,0.000183,0.876973,0.0,0.9812,1.0084,0.002108,0.003219,0.003072,0.870232,4.047555
1383333888,64784.2,0.000167,0.017875,0.000182,0.87863,0.0,0.9812,1.0094,0.001999,0.00248,0.003009,0.838921,4.082825
1384120320,64780.1,-0.008355,0.032956,0.000186,0.876736,0.0,0.9813,1.0099,0.002791,0.003511,0.00339,0.840586,4.104814
1384906752,64785.9,-0.005272,0.029781,0.000182,0.879464,0.0,0.9812,1.0095,0.005003,0.003753,0.003974,0.859227,3.981121
1385693184,64792.1,0.001241,0.024499,0.000181,0.878664,0.0,0.981,1.0095,0.003441,0.003845,0.003454,0.838241,4.009531
1386479616,64798.4,-0.005908,0.017284,0.000179,0.881717,0.0,0.981,1.0101,0.002547,0.003156,0.003212,0.833165,3.981196
1387266048,64776.1,-0.000133,0.033564,0.000189,0.867399,0.0,0.9808,1.0102,0.003378,0.003438,0.003949,0.854476,3.96193
1388052480,64782.4,0.001648,0.02667,0.000183,0.865441,0.0,0.9806,1.01,0.003609,0.003193,0.003502,0.829324,3.93094
1388838912,64788.9,-0.00469,0.02313,0.000184,0.865252,0.0,0.9807,1.0099,0.003603,0.002962,0.003126,0.839018,3.850338
1389625344,64771.2,0.001475,0.033268,0.000186,0.867098,0.0,0.9808,1.0101,0.002582,0.002825,0.002961,0.841251,3.943781
1390411776,64777.0,-0.001827,0.024934,0.000179,0.869241,0.0,0.9809,1.0101,0.002718,0.002535,0.003112,0.863026,4.010403
1391198208,64783.5,-0.002388,0.025305,0.000179,0.86984,0.0,0.9807,1.0104,0.002299,0.003098,0.003411,0.863607,4.055131
1391984640,64790.2,0.003824,0.020893,0.000172,0.871885,0.0,0.9804,1.0109,0.002126,0.0024,0.002658,0.858107,4.039414
1392771072,64784.8,-0.002468,0.030949,0.000175,0.87389,0.0,0.9804,1.0114,0.002175,0.002273,0.002893,0.857632,4.09477
1393557504,64789.5,0.001255,0.020405,0.000165,0.882219,0.0,0.9804,1.0122,0.002095,0.002437,0.002882,0.891248,3.99851
1394343936,64796.3,-0.00165,0.01573,0.000164,0.88844,0.0,0.9804,1.0131,0.002096,0.002257,0.002899,0.88471,4.178514
1395130368,64793.0,-0.003678,0.028933,0.000168,0.882502,0.0,0.9803,1.0136,0.001777,0.002128,0.002543,0.849085,4.208242
1395916800,64799.1,-0.012317,0.022757,0.000173,0.885963,0.0,0.9803,1.0139,0.003464,0.003039,0.00292,0.867681,4.153524
1396703232,64805.6,-0.000894,0.021154,0.000171,0.883744,0.0,0.9803,1.0146,0.002468,0.003103,0.002795,0.829752,4.02906
1397489664,64811.9,-0.001318,0.02305,0.000171,0.881669,0.0,0.9802,1.0152,0.00251,0.002759,0.003077,0.840731,4.026884
1398276096,64807.1,0.002204,0.047682,0.000178,0.874521,0.0,0.9803,1.0155,0.002921,0.003422,0.003632,0.83117,4.04013
1399062528,64813.1,-0.001308,0.030791,0.00018,0.874784,0.0,0.9799,1.0145,0.002453,0.003599,0.003574,0.863573,4.140855
1399848960,64819.2,-0.010588,0.023302,0.000178,0.87423,0.0,0.9799,1.0138,0.002779,0.002996,0.003225,0.868411,4.112693
1400635392,64814.9,-0.002294,0.031205,0.000184,0.87133,0.0,0.9798,1.0132,0.002161,0.002826,0.002852,0.81015,4.039085
1401421824,64821.2,0.003416,0.025723,0.000175,0.881698,0.0,0.9797,1.0131,0.002151,0.002614,0.002998,0.872246,4.060845
1402208256,64827.6,0.002227,0.024655,0.000178,0.881166,0.0,0.9796,1.0135,0.002015,0.00247,0.002513,0.885819,4.175875
1402994688,64833.1,-0.00705,0.02345,0.000177,0.875504,0.0,0.9794,1.0136,0.002314,0.002214,0.002541,0.889858,4.216476
1403781120,64829.3,-0.002667,0.026894,0.000178,0.875176,0.0,0.9794,1.014,0.003589,0.002592,0.003022,0.894514,4.210454
1404567552,64835.7,-0.004867,0.017246,0.000174,0.878236,0.0,0.9794,1.0139,0.002518,0.002717,0.00325,0.87962,4.191389
1405353984,64842.4,-0.010602,0.016903,0.000176,0.879317,0.0,0.9794,1.0148,0.002484,0.002703,0.002991,0.886184,4.179173
1406140416,64849.1,-0.002641,0.016257,0.000172,0.880073,0.0,0.9797,1.0159,0.002408,0.002518,0.002819,0.896394,4.135839
1406926848,64844.8,-0.0005,0.042244,0.000185,0.871209,0.0,0.98,1.0168,0.002719,0.003389,0.003745,0.904479,4.204395
1407713280,64850.6,-0.002408,0.026988,0.00018,0.873507,0.0,0.9794,1.0162,0.002795,0.003111,0.00324,0.888531,4.060364
1408499712,64856.2,0.006853,0.027768,0.000181,0.880937,0.0,0.9795,1.017,0.00276,0.002789,0.003035,0.856197,4.071423
1409286144,64851.9,-0.005036,0.029765,0.000183,0.881533,0.0,0.9795,1.0173,0.002954,0.002791,0.002509,0.856897,4.137541
1410072576,64858.3,0.004933,0.026523,0.000175,0.885019,0.0,0.9794,1.0171,0.003818,0.002638,0.003345,0.848831,4.044364
1410859008,64863.8,-0.007883,0.016574,0.000175,0.886938,0.0,0.9792,1.0171,0.002172,0.00253,0.002606,0.820593,4.184908
1411645440,64870.1,0.000838,0.020726,0.000177,0.88622,0.0,0.9791,1.017,0.002388,0.0029,0.003407,0.819985,4.138365
1412431872,64865.7,0.000819,0.03597,0.000185,0.886023,0.0,0.9789,1.016,0.00287,0.00329,0.003436,0.87398,4.26012
1413218304,64872.0,-0.004561,0.024815,0.000181,0.880739,0.0,0.9787,1.0145,0.003277,0.003211,0.003174,0.853563,4.285357
1414004736,64877.9,-0.001813,0.028599,0.000183,0.881568,0.0,0.9788,1.0139,0.003059,0.002963,0.003228,0.857565,4.176141
1414791168,64873.8,-0.007695,0.031864,0.000185,0.878553,0.0,0.9789,1.0135,0.002763,0.002669,0.002924,0.828804,4.076423
1415577600,64878.1,-0.006605,0.027748,0.00018,0.87076,0.0,0.979,1.0133,0.003026,0.00325,0.003164,0.82509,4.032305
1416364032,64884.0,-0.00238,0.022138,0.000179,0.864523,0.0,0.9792,1.0139,0.003194,0.00317,0.003492,0.877533,3.966292
1417150464,64888.0,-0.001911,0.021983,0.000177,0.863055,0.0,0.9796,1.0151,0.002447,0.002883,0.003207,0.850521,3.934707
1417936896,64883.8,0.002991,0.030095,0.000175,0.867987,0.0,0.9799,1.0162,0.003794,0.002869,0.003121,0.84449,3.908804
1418723328,64890.3,-0.003607,0.014339,0.000176,0.874782,0.0,0.9802,1.0172,0.002382,0.002455,0.002794,0.849439,3.833169
1419509760,64896.7,-0.003585,0.014449,0.000174,0.872095,0.0,0.9804,1.0176,0.002364,0.002465,0.002601,0.826058,3.911971
1420296192,64892.6,0.00186,0.028571,0.000181,0.863887,0.0,0.981,1.0186,0.002604,0.002258,0.002656,0.89133,3.908498
1421082624,64896.1,0.000808,0.030416,0.000182,0.866387,0.0,0.9811,1.0182,0.003188,0.002689,0.003337,0.836427,3.951757
1421869056,64901.1,-0.006023,0.023824,0.000177,0.872537,0.0,0.981,1.0178,0.004078,0.003594,0.003658,0.850425,4.022321
1422655488,64906.9,-0.006403,0.022997,0.000178,0.867631,0.0,0.981,1.0171,0.002636,0.003275,0.003154,0.866365,3.986273
1423441920,64903.1,-0.006329,0.030834,0.000181,0.864649,0.0,0.9812,1.0172,0.002085,0.003026,0.003064,0.883563,4.062228
1424228352,64909.6,0.004407,0.022325,0.000175,0.863633,0.0,0.9813,1.0172,0.002551,0.002814,0.002866,0.888464,4.086143
1425014784,64915.7,-0.003336,0.022645,0.000171,0.865429,0.0,0.9814,1.0172,0.003045,0.002687,0.002768,0.899253,4.143353
1425801216,64911.8,-0.000955,0.026319,0.00018,0.863489,0.0,0.982,1.0177,0.002319,0.002461,0.002751,0.832412,4.180511
1426587648,64917.4,-0.006731,0.020402,0.000169,0.864829,0.0,0.9822,1.0175,0.002187,0.002627,0.003742,0.872358,4.075806
1427374080,64923.5,0.00178,0.023586,0.000174,0.866331,0.0,0.9825,1.0173,0.002497,0.002812,0.003325,0.886655,4.102276
1428160512,64929.7,-0.003026,0.020207,0.000173,0.863074,0.0,0.9831,1.0179,0.002159,0.00242,0.003101,0.860963,4.077163
1428946944,64924.3,0.000305,0.029809,0.000181,0.872869,0.0,0.9833,1.0176,0.002158,0.002105,0.00277,0.892913,4.180427
1429733376,64929.5,0.004825,0.021416,0.000183,0.877094,0.0,0.9834,1.0175,0.002154,0.002218,0.002722,0.862452,4.235206
1430519808,64935.2,-0.000184,0.018767,0.00018,0.876203,0.0,0.9835,1.0181,0.002384,0.002366,0.002901,0.879619,4.170716
1431306240,64930.0,-0.003282,0.022906,0.000179,0.880555,0.0,0.9838,1.0193,0.002312,0.002176,0.00266,0.865825,4.12581
1432092672,64936.4,0.001109,0.032829,0.000192,0.87084,0.0,0.984,1.0198,0.002939,0.003744,0.004361,0.891427,4.26535
1432879104,64942.8,-0.004257,0.027952,0.000191,0.87566,0.0,0.9839,1.0199,0.003101,0.003617,0.003652,0.86645,4.14846
1433665536,64949.2,-0.001587,0.026664,0.00019,0.874682,0.0,0.9837,1.0195,0.002796,0.003038,0.003534,0.870437,4.067561
1434451968,64944.7,0.002652,0.030613,0.000192,0.878144,0.0,0.9838,1.0198,0.002666,0.003285,0.002739,0.853219,4.143078
1435238400,64950.5,0.00039,0.020135,0.000182,0.882448,0.0,0.9836,1.0198,0.003686,0.002532,0.002865,0.85669,4.005775
1436024832,64956.0,-0.007027,0.018451,0.000185,0.880592,0.0,0.9835,1.0198,0.002633,0.002773,0.003359,0.881384,4.242036
1436811264,64961.7,-0.00681,0.017287,0.000186,0.87872,0.0,0.9836,1.02,0.002562,0.002908,0.002912,0.875978,4.255657
1437597696,64954.2,0.00872,0.031452,0.000193,0.877046,0.0,0.9835,1.0197,0.002356,0.002856,0.003346,0.893225,4.154019
1438384128,64960.1,-0.002767,0.020766,0.00019,0.878965,0.0,0.9835,1.02,0.00245,0.002799,0.003256,0.882561,4.255321
1439170560,64966.0,-0.007791,0.015449,0.000192,0.882482,0.0,0.9839,1.021,0.002481,0.002506,0.002838,0.876406,4.249388
1439956992,64960.3,-0.002456,0.030022,0.000195,0.884635,0.0,0.9843,1.0223,0.00227,0.002406,0.002928,0.861503,4.328863
1440743424,64965.9,-0.001946,0.030321,0.000193,0.877652,0.0,0.9842,1.0218,0.002412,0.003492,0.003567,0.896019,4.32747
1441529856,64971.8,-0.001079,0.032614,0.000199,0.873593,0.0,0.984,1.0213,0.003334,0.003373,0.003592,0.880404,4.172665
1442316288,64977.5,-0.003485,0.024778,0.000193,0.873429,0.0,0.9837,1.0205,0.002638,0.002992,0.003107,0.877145,4.152897
1443102720,64972.8,-0.003055,0.035089,0.000201,0.87251,0.0,0.9837,1.0207,0.002803,0.003507,0.003476,0.902717,4.188194
1443889152,64979.5,0.003727,0.027616,0.000195,0.874623,0.0,0.9836,1.0205,0.003098,0.003384,0.003652,0.877998,4.155704
1444675584,64986.0,-0.001538,0.024682,0.000194,0.872448,0.0,0.9835,1.0207,0.003869,0.003289,0.004063,0.908282,4.296636
1445462016,64981.8,-0.003672,0.036163,0.000193,0.867504,0.0,0.9835,1.0209,0.004269,0.002888,0.003658,0.955966,4.326778
1446248448,64988.0,-0.001451,0.028617,0.000195,0.868933,0.0,0.9834,1.02,0.003263,0.002803,0.004067,0.917362,4.231402
1447034880,64994.2,0.002852,0.025614,0.000195,0.873095,0.0,0.9835,1.02,0.002364,0.002909,0.003326,0.895725,4.223848
1447821312,65000.1,-0.00447,0.026703,0.000192,0.866342,0.0,0.9834,1.0192,0.002318,0.002959,0.003476,0.893002,4.152208
1448607744,64994.8,-0.002199,0.035127,0.000195,0.874756,0.0,0.9833,1.0189,0.002455,0.003024,0.002854,0.871427,4.164557
1449394176,64999.5,-0.004142,0.021257,0.00019,0.876378,0.0,0.9829,1.0173,0.003494,0.002741,0.003202,0.879927,4.140874
1450180608,65005.1,-0.003886,0.019735,0.000189,0.875639,0.0,0.9827,1.0167,0.003015,0.002966,0.003072,0.87413,4.16565
1450967040,64999.1,-0.005134,0.026517,0.000195,0.876856,0.0,0.9828,1.0165,0.001992,0.002672,0.002667,0.836792,4.308302
1451753472,65005.0,-0.000955,0.023239,0.000189,0.873964,0.0,0.9829,1.0175,0.003097,0.002573,0.003629,0.884661,4.168719
1452539904,65011.0,-0.000427,0.025415,0.000191,0.87906,0.0,0.9826,1.0173,0.003522,0.003549,0.003363,0.910957,4.170967
1453326336,65016.9,-0.004527,0.023002,0.000191,0.878058,0.0,0.9826,1.0175,0.00176,0.00305,0.003252,0.887508,4.295982
1454112768,65012.4,-0.001594,0.034809,0.000194,0.877452,0.0,0.9827,1.0179,0.003081,0.002887,0.003803,0.9223,4.359417
1454899200,65018.5,-0.007942,0.0171,0.00019,0.874137,0.0,0.9823,1.0164,0.002648,0.002726,0.003377,0.903109,4.361822
1455685632,65024.8,-0.005429,0.016042,0.00019,0.868864,0.0,0.9821,1.0158,0.002417,0.00256,0.00268,0.91516,4.3092
1456472064,65019.9,-0.000736,0.023454,0.00019,0.866635,0.0,0.9821,1.016,0.001959,0.002236,0.002278,0.720827,3.381062
1457258496,65026.0,0.000792,0.031006,0.000195,0.864673,0.0,0.9821,1.0162,0.003302,0.002944,0.003184,0.899096,4.141221
1458044928,65032.2,-0.002202,0.028931,0.000191,0.865926,0.0,0.9821,1.0161,0.004057,0.003078,0.003347,0.908559,4.162384
1458831360,65038.3,-0.005003,0.023108,0.000185,0.867528,0.0,0.9821,1.016,0.003302,0.002654,0.003131,0.899812,4.17893
1459617792,65031.7,0.001062,0.032296,0.000191,0.870678,0.0,0.9822,1.0163,0.003359,0.002295,0.002581,0.894191,4.229362
1460404224,65036.4,-0.000802,0.025787,0.000188,0.873942,0.0,0.9824,1.0167,0.005274,0.002818,0.003336,0.909835,4.207702
1461190656,65042.3,-0.0041,0.021793,0.00019,0.872293,0.0,0.9824,1.0165,0.004456,0.00255,0.003773,0.912298,4.298587
1461977088,65048.3,-0.003705,0.018916,0.00019,0.87426,0.0,0.9823,1.0159,0.002451,0.002502,0.002901,0.917467,4.308585
1462763520,65042.3,-0.0049,0.029455,0.000204,0.874482,0.0,0.9822,1.0158,0.004459,0.002603,0.003388,0.894268,4.289418
1463549952,65048.5,-0.000916,0.019738,0.000197,0.876423,0.0,0.9822,1.0161,0.003494,0.002456,0.003136,0.924421,4.295176
1464336384,65053.5,-0.000481,0.015987,0.000197,0.876944,0.0,0.9822,1.017,0.003735,0.002433,0.003256,0.902664,4.128602
1465122816,65048.8,-0.001219,0.027666,0.000199,0.870308,0.0,0.9823,1.0179,0.002171,0.002657,0.002854,0.898333,4.155582
1465909248,65055.0,-0.005848,0.022941,0.000191,0.863846,0.0,0.9825,1.0189,0.002215,0.003036,0.003321,0.913911,4.135145
1466695680,65061.1,-0.004722,0.025888,0.000193,0.85961,0.0,0.9828,1.0201,0.002013,0.003567,0.003286,0.927547,4.10904
1467482112,65067.4,0.001184,0.024681,0.000193,0.86151,0.0,0.9829,1.021,0.00197,0.003202,0.003076,0.917546,4.089411
1468268544,65063.2,-0.002858,0.036155,0.000201,0.862353,0.0,0.9829,1.0217,0.002532,0.003071,0.002803,0.907277,4.208659
1469054976,65068.9,0.001658,0.026526,0.000193,0.870632,0.0,0.9827,1.0217,0.003048,0.00284,0.00324,0.907293,4.172201
1469841408,65074.2,-0.00076,0.023714,0.000193,0.873331,0.0,0.9828,1.022,0.002686,0.003351,0.003246,0.874267,4.118675
1470627840,65068.8,-0.004846,0.033241,0.000197,0.871355,0.0,0.9828,1.0222,0.002424,0.003282,0.003055,0.899611,4.144384
1471414272,65074.8,-0.002014,0.029236,0.000197,0.874273,0.0,0.983,1.0222,0.00222,0.003323,0.002996,0.888646,4.211998
1472200704,65080.7,-0.003042,0.023585,0.000195,0.875201,0.0,0.9831,1.0226,0.002036,0.002809,0.003019,0.870198,4.183988
1472987136,65086.4,-0.003939,0.021239,0.000195,0.87241,0.0,0.9832,1.0228,0.003034,0.00241,0.002733,0.874279,4.112309
1473773568,65080.6,-7.9e-05,0.024569,0.000192,0.876127,0.0,0.9834,1.0233,0.002544,0.002108,0.00245,0.854975,4.15314
1474560000,65086.4,-0.000529,0.021203,0.000188,0.872757,0.0,0.9833,1.0232,0.002152,0.002704,0.002838,0.899942,4.221542
1475346432,65092.1,-0.010477,0.017437,0.000191,0.879536,0.0,0.9831,1.0232,0.002072,0.002185,0.002548,0.869732,4.133311
1476132864,65087.1,-0.004093,0.030909,0.000197,0.87561,0.0,0.9831,1.0235,0.002388,0.002239,0.002196,0.828359,4.339432
1476919296,65092.8,-0.00113,0.029466,0.000191,0.873071,0.0,0.9831,1.0233,0.002906,0.003341,0.003292,0.899501,4.241632
1477705728,65098.6,-0.006651,0.019442,0.000185,0.876274,0.0,0.9835,1.0243,0.003434,0.002759,0.003421,0.928704,4.192335
1478492160,65104.5,0.00055,0.021969,0.000187,0.880386,0.0,0.9838,1.0253,0.002056,0.002416,0.002725,0.906514,4.271007
1479278592,65098.4,-0.006472,0.033446,0.000187,0.878052,0.0,0.984,1.0263,0.002051,0.002889,0.002751,0.888532,4.308647
1480065024,65104.0,-0.002331,0.021505,0.000183,0.88014,0.0,0.9841,1.0264,0.002122,0.003104,0.003166,0.863323,4.324146
1480851456,65109.6,0.004992,0.022588,0.000186,0.879909,0.0,0.9842,1.0266,0.001977,0.002497,0.00273,0.875688,4.240619
1481637888,65105.0,-0.00451,0.028795,0.000189,0.876703,0.0,0.9843,1.0268,0.002247,0.00268,0.002682,0.736886,3.285498
1482424320,65110.0,-0.004201,0.027179,0.000199,0.876459,0.0,0.984,1.0262,0.003508,0.0029,0.003537,0.86626,4.191183
1483210752,65115.5,-0.001251,0.021101,0.000193,0.872563,0.0,0.9835,1.0253,0.002465,0.003057,0.003431,0.894083,4.174266
1483997184,65120.8,-0.000243,0.020529,0.000192,0.873665,0.0,0.9831,1.0251,0.002484,0.002413,0.003084,0.899282,4.132736
1484783616,65116.2,0.002676,0.029709,0.000191,0.876144,0.0,0.9831,1.0255,0.002433,0.002638,0.002911,0.877714,4.167068
1485570048,65121.6,-0.005684,0.022986,0.000185,0.881665,0.0,0.9831,1.0256,0.002629,0.002971,0.003422,0.899625,4.169949
1486356480,65127.0,-0.004208,0.022265,0.000181,0.880459,0.0,0.9831,1.0255,0.002335,0.002672,0.003609,0.87831,4.224459
1487142912,65132.5,-0.00488,0.016951,0.000184,0.883544,0.0,0.9831,1.0259,0.003232,0.002278,0.002759,0.874442,4.224272
1487929344,65126.1,-0.00091,0.037774,0.000193,0.882333,0.0,0.9832,1.0257,0.002458,0.002791,0.003742,0.897685,4.361957
1488715776,65131.4,-0.000938,0.027207,0.000192,0.880836,0.0,0.983,1.0252,0.002619,0.002934,0.003818,0.889377,4.40502
1489502208,65135.9,-0.005842,0.024193,0.000194,0.876473,0.0,0.983,1.0254,0.002714,0.002571,0.003199,0.901129,4.360001
1490288640,65129.4,-0.006261,0.030638,0.000189,0.875858,0.0,0.9831,1.0259,0.002413,0.002464,0.002873,0.864824,4.350706
1491075072,65134.9,-0.005762,0.01901,0.000177,0.880999,0.0,0.983,1.0256,0.002303,0.002417,0.003144,0.90193,4.32794
1491861504,65140.3,-0.006295,0.020879,0.000181,0.87869,0.0,0.983,1.0251,0.002442,0.002746,0.00327,0.894308,4.297126
1492647936,65145.4,-0.002663,0.021838,0.000176,0.874382,0.0,0.9831,1.0249,0.002286,0.002622,0.003063,0.872846,4.377144
1493434368,65138.6,0.000241,0.031498,0.000189,0.875502,0.0,0.983,1.0246,0.003197,0.002642,0.003469,0.910041,4.36455
1494220800,65142.9,-0.005196,0.018828,0.000193,0.878583,0.0,0.983,1.0245,0.003029,0.002597,0.003092,0.896542,4.367681
1495007232,65147.9,0.003971,0.020592,0.000192,0.877563,0.0,0.983,1.0247,0.00305,0.002256,0.002749,0.929798,4.450693
1495793664,65141.9,0.001693,0.029818,0.000191,0.871893,0.0,0.9829,1.0248,0.002576,0.002201,0.002755,0.969552,4.420914
1496580096,65147.3,-0.005129,0.024595,0.000194,0.871552,0.0,0.9827,1.0245,0.002904,0.002966,0.003056,0.941306,4.457313
1497366528,65152.7,-0.013641,0.019723,0.00019,0.870068,0.0,0.9825,1.0241,0.003208,0.002575,0.002733,0.955486,4.429179
1498152960,65158.2,-0.007496,0.02344,0.000192,0.868227,0.0,0.9824,1.0238,0.001985,0.002547,0.002894,0.942729,4.306557
1498939392,65152.6,-0.006257,0.042169,0.000196,0.868706,0.0,0.9824,1.0235,0.002818,0.003392,0.003951,0.93694,4.338191
1499725824,65158.0,-0.006206,0.036584,0.00019,0.862409,0.0,0.9821,1.0228,0.002814,0.004229,0.00402,0.910377,4.236919
1500512256,65163.1,-0.001246,0.037599,0.000191,0.864563,0.0,0.9823,1.0227,0.002519,0.00373,0.003755,0.910069,4.209789
1501298688,63622.0,-0.001203,0.043027,0.000202,0.867409,0.0,0.9824,1.0226,0.002639,0.003529,0.003565,0.918323,4.414695
1502085120,63626.4,0.000131,0.040694,0.000207,0.867618,0.0,0.9827,1.0223,0.00247,0.003031,0.003183,0.941746,4.278673
1502871552,63631.8,-0.000671,0.034356,0.000206,0.866314,0.0,0.983,1.0224,0.001947,0.002937,0.00311,0.932469,4.205946
1503657984,63637.1,0.00192,0.030066,0.000206,0.859103,0.0,0.9832,1.0227,0.002194,0.002445,0.002992,0.952153,4.30251
1504444416,63631.3,-0.005923,0.030886,0.000211,0.853606,0.0,0.9834,1.023,0.002156,0.002351,0.003299,0.956621,4.232945
1505230848,63636.6,0.002228,0.020548,0.000205,0.861129,0.0,0.9836,1.0228,0.002173,0.002518,0.003213,0.965767,4.260982
1506017280,63642.2,-0.003092,0.01844,0.000207,0.863173,0.0,0.9839,1.0232,0.002369,0.002343,0.003366,0.938555,4.265726
1506803712,63636.7,-0.005792,0.025604,0.000208,0.857622,0.0,0.9843,1.0239,0.001911,0.002102,0.003089,0.796767,3.457071
1507590144,63641.6,-0.00548,0.023143,0.000207,0.859954,0.0,0.9843,1.0238,0.002683,0.002853,0.003587,0.942433,4.214375
1508376576,63647.0,-0.000139,0.019379,0.000209,0.856084,0.0,0.9846,1.024,0.002724,0.002565,0.003686,0.934448,4.184197
1509163008,63652.6,0.000172,0.019618,0.000209,0.85234,0.0,0.9847,1.024,0.003845,0.002453,0.003201,0.947553,4.132118
1509949440,63647.7,-0.00555,0.034483,0.000211,0.850327,0.0,0.9848,1.0242,0.003524,0.002466,0.003093,0.954395,4.168652
1510735872,63653.8,-0.000106,0.027123,0.000201,0.849476,0.0,0.9846,1.0235,0.002936,0.002694,0.003459,0.953399,4.096484
1511522304,63660.1,-0.003291,0.025616,0.000197,0.851562,0.0,0.9845,1.0232,0.002533,0.002899,0.00317,0.966847,4.07635
1512308736,63666.3,-0.007463,0.020409,0.000201,0.852264,0.0,0.9844,1.0226,0.002282,0.002518,0.003113,0.971631,4.209749
1513095168,63660.9,-0.000368,0.037476,0.000209,0.854673,0.0,0.984,1.0216,0.002002,0.003414,0.003305,0.962785,4.281958
1513881600,63666.1,-0.000565,0.02516,0.000204,0.862653,0.0,0.9838,1.021,0.002597,0.003578,0.003535,0.95645,4.340415
1514668032,63671.8,-0.001196,0.022279,0.000199,0.864968,0.0,0.9837,1.0208,0.002207,0.002633,0.003165,0.954072,4.390163
1515454464,63666.4,0.004375,0.033264,0.000201,0.861159,0.0,0.9836,1.0204,0.002373,0.002705,0.002781,0.995513,4.170498
1516240896,63671.8,-0.001802,0.027457,0.000195,0.862655,0.0,0.9834,1.0205,0.00237,0.003148,0.003579,0.961305,4.314872
1517027328,63676.7,-0.002527,0.024793,0.000192,0.865369,0.0,0.9832,1.0202,0.002575,0.003223,0.003337,0.946655,4.291218
1517813760,63682.4,0.002641,0.024625,0.000196,0.861387,0.0,0.9832,1.0208,0.002357,0.004461,0.003394,0.960999,4.257429
1518600192,63665.3,0.001086,0.038886,0.000197,0.858423,0.0,0.9831,1.0207,0.002357,0.003097,0.003217,0.945832,4.204248
1519386624,63671.2,-0.004728,0.022013,0.000193,0.863481,0.0,0.9829,1.0205,0.002267,0.002859,0.003261,0.915683,4.127819
1520173056,63677.1,0.000862,0.02253,0.000188,0.863175,0.0,0.9825,1.0203,0.002541,0.003015,0.003326,0.918089,4.178646
1520959488,63671.6,-0.002647,0.030933,0.00019,0.86393,0.0,0.9823,1.0204,0.001951,0.002786,0.002949,0.928915,4.211498
1521745920,63675.3,0.003846,0.022998,0.000191,0.873355,0.0,0.982,1.0203,0.002124,0.003057,0.003583,0.906991,4.228092
1522532352,63679.0,0.005144,0.022455,0.000186,0.871156,0.0,0.9812,1.02,0.001729,0.002981,0.003303,0.889786,4.216578
1523318784,63684.5,-0.008085,0.019567,0.000191,0.872364,0.0,0.9809,1.0201,0.00171,0.002934,0.002875,0.889059,4.217135
1524105216,63679.0,-0.004181,0.027908,0.000201,0.865634,0.0,0.9806,1.0198,0.002176,0.002721,0.002704,0.936546,4.274647
1524891648,63684.9,-0.003148,0.021069,0.000198,0.861839,0.0,0.9802,1.0195,0.002606,0.00251,0.003262,0.939184,4.313178
1525678080,63689.7,-0.000507,0.017664,0.000197,0.857773,0.0,0.9798,1.0191,0.0019,0.002272,0.003171,0.953717,4.291337
1526464512,63684.8,-0.000716,0.030731,0.000201,0.855879,0.0,0.9797,1.0192,0.002165,0.002216,0.002684,0.907901,4.431867
1527250944,63690.3,-0.00567,0.026343,0.000196,0.858456,0.0,0.9795,1.0189,0.002186,0.002756,0.003419,0.939405,4.211235
1528037376,63696.0,-0.007326,0.026867,0.000193,0.865613,0.0,0.9792,1.0185,0.00257,0.002641,0.003384,0.943177,4.156923
1528823808,63701.6,0.009337,0.023572,0.000189,0.865669,0.0,0.9792,1.0185,0.002522,0.002584,0.003264,0.962001,4.252527
1529610240,63696.3,0.00239,0.028593,0.000193,0.867738,0.0,0.9792,1.0188,0.002047,0.002454,0.003409,0.923552,4.337603
1530396672,63701.5,-0.005932,0.016705,0.000191,0.871983,0.0,0.9793,1.0193,0.00294,0.002583,0.003178,0.912196,4.254338
1531183104,63706.9,-0.003887,0.014911,0.00019,0.874592,0.0,0.9793,1.0195,0.001789,0.002102,0.00295,0.91764,4.249735
1531969536,63691.9,-0.005314,0.025865,0.000196,0.871902,0.0,0.9798,1.0204,0.001924,0.002117,0.003132,0.781369,3.516809
1532755968,63697.7,0.002846,0.024458,0.000189,0.872266,0.0,0.9803,1.0216,0.002353,0.003275,0.003319,0.876369,4.2255
1533542400,63703.6,0.003958,0.021515,0.000191,0.868141,0.0,0.9805,1.0219,0.002282,0.002433,0.003665,0.89765,4.258166
1534328832,63709.4,-0.004759,0.01728,0.000191,0.865256,0.0,0.9808,1.0225,0.00195,0.002848,0.003045,0.910223,4.198194
1535115264,63703.9,-0.005307,0.034219,0.000199,0.86107,0.0,0.9812,1.0232,0.002518,0.002856,0.003962,0.942949,4.298048
1535901696,63709.2,-0.004986,0.021875,0.000198,0.864905,0.0,0.9813,1.0226,0.002336,0.002114,0.003328,0.912744,4.270602
1536688128,63714.5,-0.002212,0.022678,0.000197,0.866272,0.0,0.9813,1.0225,0.00219,0.002009,0.002684,0.933531,4.311137
1537474560,63719.6,-0.007408,0.020834,0.000197,0.865353,0.0,0.9815,1.0227,0.002362,0.002087,0.002892,0.928947,4.355467
1538260992,63714.3,-0.003544,0.040446,0.000199,0.865181,0.0,0.982,1.023,0.003191,0.003001,0.004262,0.945413,4.333234
1539047424,63719.7,-0.001453,0.023836,0.000193,0.867342,0.0,0.9821,1.0226,0.002722,0.002584,0.003409,0.933203,4.380293
1539833856,63725.4,0.00018,0.026941,0.000191,0.867633,0.0,0.9828,1.0232,0.002548,0.002603,0.003077,0.928945,4.269173
1540620288,63719.9,-0.008993,0.028076,0.000198,0.867111,0.0,0.9832,1.0233,0.001951,0.002507,0.002889,0.929072,4.228036
1541406720,63725.1,0.004275,0.020061,0.000197,0.871077,0.0,0.9836,1.0232,0.002862,0.003003,0.003079,0.925599,4.404526
1542193152,63730.4,-0.006822,0.022638,0.000197,0.877185,0.0,0.9839,1.0236,0.002802,0.002598,0.003318,0.939672,4.415994
1542979584,63736.0,-0.00337,0.016551,0.000192,0.876575,0.0,0.9841,1.0238,0.002544,0.002689,0.002597,0.922096,4.472591
1543766016,63731.9,0.003677,0.02876,0.000198,0.875568,0.0,0.9843,1.0243,0.002605,0.002656,0.002702,0.895904,4.38166
1544552448,63737.1,-0.004609,0.018734,0.000193,0.871516,0.0,0.9846,1.0252,0.002035,0.002452,0.003079,0.923648,4.263618
1545338880,63742.9,-0.005522,0.013725,0.00019,0.872081,0.0,0.9849,1.0262,0.002351,0.002299,0.002783,0.917717,4.174425
1546125312,63735.8,-0.004829,0.028455,0.000197,0.864938,0.0,0.9851,1.0267,0.002208,0.00224,0.002879,0.927802,4.186567
1546911744,63740.7,-0.001407,0.029081,0.000197,0.867564,0.0,0.9851,1.0266,0.002724,0.002649,0.003901,0.89646,4.233599
1547698176,63745.6,-0.001955,0.026926,0.000194,0.870376,0.0,0.9851,1.0264,0.003104,0.002367,0.003098,0.913481,4.287553
1548484608,63750.3,-0.000266,0.02113,0.000192,0.873185,0.0,0.9851,1.0265,0.002217,0.001988,0.002665,0.927522,4.321988
1549271040,63745.5,0.003762,0.029601,0.000199,0.870989,0.0,0.9849,1.0262,0.001719,0.002133,0.002518,0.936685,4.321152
1550057472,63750.7,-0.001823,0.019605,0.000196,0.870681,0.0,0.9847,1.0259,0.00201,0.002399,0.002809,0.939467,4.352654
1550843904,63755.9,-0.002979,0.016911,0.000194,0.874398,0.0,0.9845,1.0256,0.001965,0.002197,0.003076,0.939876,4.285576
1551630336,63747.2,-0.001398,0.030258,0.000197,0.876043,0.0,0.9844,1.0252,0.002488,0.00221,0.00263,0.897518,4.583254
1552416768,63752.6,-0.000653,0.02038,0.000191,0.873526,0.0,0.9843,1.0249,0.002679,0.002479,0.002925,0.931007,4.390616
1553203200,63758.0,-0.001498,0.021599,0.00019,0.87032,0.0,0.9841,1.025,0.002678,0.00265,0.003543,0.93582,4.391305
1553989632,63763.6,-0.003801,0.023824,0.000191,0.873649,0.0,0.9842,1.0252,0.002512,0.002726,0.00293,0.952031,4.420907
1554776064,63756.5,0.000716,0.042159,0.000203,0.869503,0.0,0.9844,1.0255,0.002835,0.002782,0.004717,0.961794,4.415152
1555562496,63760.9,0.001499,0.030185,0.000201,0.869309,0.0,0.9841,1.0248,0.002545,0.002974,0.004867,0.948626,4.410595
1556348928,63765.8,0.000902,0.02849,0.000203,0.869874,0.0,0.9838,1.0248,0.001996,0.002529,0.00325,0.946719,4.347568
1557135360,63760.4,-0.005127,0.027133,0.000209,0.870112,0.0,0.9838,1.0249,0.002246,0.002385,0.002898,0.845388,3.945513
1557921792,63765.9,-0.001467,0.023055,0.000197,0.87302,0.0,0.9837,1.0249,0.003212,0.002418,0.004204,0.945093,4.403145
1558708224,63771.8,0.000416,0.02319,0.000197,0.866665,0.0,0.9835,1.0243,0.002796,0.002964,0.003477,0.955123,4.445148
1559494656,63777.6,-0.004014,0.018275,0.000196,0.869023,0.0,0.9836,1.0244,0.002573,0.0024,0.002639,0.940871,4.378129
1560281088,63772.2,0.004064,0.028523,0.000201,0.864169,0.0,0.9839,1.025,0.002818,0.002273,0.002803,0.959632,4.398443
1561067520,63777.6,-0.007662,0.019078,0.000199,0.865572,0.0,0.9837,1.0248,0.002234,0.002653,0.002923,0.950639,4.362188
1561853952,63782.3,-0.005376,0.016119,0.000197,0.869481,0.0,0.9836,1.0247,0.002678,0.002376,0.002821,0.961132,4.392896
1562640384,63787.6,-0.006881,0.015208,0.000198,0.870973,0.0,0.9836,1.0248,0.002335,0.00202,0.002858,0.931033,4.322506
1563426816,63783.1,0.007126,0.037112,0.000207,0.870066,0.0,0.9835,1.0244,0.002275,0.003049,0.00323,0.947765,4.452749
1564213248,63788.8,-0.008245,0.023736,0.000206,0.867554,0.0,0.9833,1.0238,0.002313,0.002796,0.003343,0.937568,4.393709
1564999680,63794.2,0.002196,0.024842,0.000207,0.861716,0.0,0.9834,1.0239,0.002211,0.002696,0.003334,0.952766,4.335556
1565786112,63789.1,-0.001931,0.028209,0.000207,0.856918,0.0,0.9836,1.0246,0.002152,0.002346,0.002921,0.934682,4.12455
1566572544,63794.6,0.000832,0.023227,0.000197,0.858395,0.0,0.9836,1.0243,0.002282,0.002928,0.002892,0.948522,4.189891
1567358976,63800.2,-0.002691,0.019185,0.000197,0.855571,0.0,0.9838,1.0248,0.001759,0.002514,0.002623,0.930083,4.137367
1568145408,63805.2,-0.004625,0.01638,0.000194,0.858797,0.0,0.984,1.0253,0.002853,0.002179,0.002483,0.916756,4.153814
1568931840,63799.5,-0.005913,0.026039,0.0002,0.863444,0.0,0.9841,1.0256,0.003073,0.002811,0.003089,0.927958,4.221281
1569718272,63804.9,-0.00234,0.018898,0.000196,0.866953,0.0,0.9843,1.0263,0.002244,0.002254,0.002722,0.942146,4.297222
1570504704,63810.6,-0.001104,0.017208,0.000197,0.864995,0.0,0.9844,1.0271,0.002532,0.002724,0.002888,0.971767,4.298732
1571291136,63805.8,0.002765,0.029694,0.0002,0.86481,0.0,0.9845,1.0278,0.002147,0.002494,0.002848,0.987271,4.289598
1572077568,63811.3,-0.008624,0.02308,0.000203,0.866842,0.0,0.9845,1.028,0.002356,0.003262,0.003299,0.965262,4.432512
1572864000,63816.1,-0.002903,0.026351,0.000202,0.866126,0.0,0.9845,1.0285,0.002501,0.003002,0.003133,0.95909,4.442792
1573650432,63821.8,0.000833,0.022106,0.000207,0.861137,0.0,0.9848,1.0292,0.003046,0.002657,0.002822,0.991664,4.482203
1574436864,63816.8,0.002672,0.033177,0.000212,0.860866,0.0,0.9849,1.0292,0.003306,0.002702,0.003206,1.006428,4.217791
1575223296,63821.3,-0.004021,0.027317,0.000206,0.860573,0.0,0.9848,1.0286,0.002934,0.002861,0.003654,0.960807,4.420824
1576009728,63826.6,-0.007308,0.021692,0.000205,0.86296,0.0,0.9849,1.0287,0.002185,0.002362,0.002886,0.943808,4.374103
1576796160,63821.2,-0.005209,0.033182,0.000211,0.86271,0.0,0.9849,1.0289,0.001955,0.002548,0.002799,0.938728,4.545351
1577582592,63825.9,-0.003944,0.028691,0.000211,0.86681,0.0,0.9847,1.0279,0.00314,0.002967,0.003556,0.921161,4.296165
1578369024,63830.8,-0.002273,0.020919,0.000209,0.866786,0.0,0.9847,1.0278,0.002812,0.002471,0.003328,0.919331,4.243621
1579155456,63835.6,6.7e-05,0.020247,0.000201,0.865544,0.0,0.9846,1.0272,0.002644,0.002298,0.003211,0.947764,4.312531
1579941888,63830.4,-0.007147,0.028466,0.000207,0.8624,0.0,0.9846,1.0269,0.002654,0.002369,0.003452,0.958965,4.434602
1580728320,63835.4,-0.002608,0.021111,0.000198,0.860514,0.0,0.9846,1.0268,0.002566,0.002442,0.003582,0.968734,4.507442
1581514752,63840.8,0.000608,0.021172,0.0002,0.856537,0.0,0.9843,1.0267,0.002828,0.002327,0.003326,0.978249,4.402267
1582301184,63836.2,0.000125,0.026421,0.000203,0.855679,0.0,0.9842,1.0269,0.002268,0.002161,0.002637,0.904767,4.092446
1583087616,63841.4,-0.003492,0.021942,0.000194,0.864528,0.0,0.984,1.0262,0.002415,0.003015,0.003952,0.947868,4.430214
1583874048,63845.0,-0.000255,0.018833,0.000192,0.865593,0.0,0.9841,1.0266,0.002207,0.002528,0.003296,0.951734,4.433172
1584660480,63848.5,-0.004107,0.016831,0.000192,0.864547,0.0,0.984,1.0262,0.001988,0.002458,0.003025,0.953524,4.523486
1585446912,63842.6,0.004598,0.033316,0.0002,0.863734,0.0,0.9841,1.0261,0.002026,0.00274,0.003144,0.981371,4.538177
1586233344,63847.9,-0.001988,0.022819,0.000199,0.866647,0.0,0.9839,1.025,0.002791,0.00258,0.003053,0.989263,4.574701
1587019776,63853.0,-7e-05,0.02093,0.000196,0.863268,0.0,0.9838,1.0238,0.002213,0.002371,0.003097,0.950147,4.486239
1587806208,63857.9,-0.001561,0.018407,0.000196,0.861951,0.0,0.9836,1.0227,0.002088,0.002512,0.002803,0.969919,4.464202
1588592640,63852.5,0.002573,0.035756,0.0002,0.868711,0.0,0.9838,1.0223,0.002251,0.003028,0.003183,0.947762,4.51028
1589379072,63857.1,0.001543,0.021466,0.000197,0.8732,0.0,0.984,1.0228,0.002238,0.002712,0.002772,0.92224,4.592968
1590165504,63862.4,0.003421,0.024304,0.000201,0.867558,0.0,0.9842,1.023,0.001898,0.002507,0.003011,0.96752,4.546059
1590951936,63852.8,-0.005465,0.030499,0.000205,0.865269,0.0,0.9843,1.0231,0.002867,0.002115,0.002741,0.942514,4.593328
1591738368,63857.7,0.007608,0.027778,0.000197,0.870243,0.0,0.9843,1.0226,0.002194,0.002258,0.002479,0.949645,4.590895
1592524800,63862.9,-0.005986,0.020387,0.000195,0.869865,0.0,0.9844,1.0226,0.002299,0.002627,0.002858,0.951086,4.621074
1593311232,63868.2,-0.005261,0.021385,0.000196,0.870511,0.0,0.9846,1.0228,0.001984,0.002083,0.002723,0.940929,4.617562
1594097664,63860.6,0.006314,0.031779,0.000206,0.870924,0.0,0.9846,1.023,0.00203,0.002638,0.002817,0.956233,4.664534
1594884096,63866.0,0.001767,0.0194,0.000198,0.87055,0.0,0.9845,1.0233,0.001981,0.002597,0.002962,0.982602,4.762915
1595670528,63871.1,0.000425,0.016511,0.000197,0.871443,0.0,0.9845,1.0238,0.001822,0.002308,0.002776,0.997546,4.68736
1596456960,63866.4,-0.005085,0.03265,0.000199,0.86746,0.0,0.9846,1.0241,0.001739,0.002275,0.002737,0.96724,4.558806
1597243392,63871.8,-0.004542,0.026408,0.000195,0.867001,0.0,0.9843,1.0236,0.002914,0.002588,0.003282,0.97785,4.702419
1598029824,63877.2,-0.005503,0.025085,0.000194,0.867772,0.0,0.9842,1.0236,0.002377,0.002292,0.003193,0.974269,4.715886
1598816256,63881.7,-0.004931,0.018733,0.000189,0.866643,0.0,0.9844,1.0239,0.001829,0.002298,0.003027,0.982526,4.662107
1599602688,63877.2,0.003943,0.035537,0.000201,0.864912,0.0,0.9844,1.0238,0.002142,0.002707,0.003337,0.980723,4.539968
1600389120,63882.8,-0.003235,0.023325,0.0002,0.866796,0.0,0.9845,1.0242,0.002226,0.002546,0.003389,0.986474,4.635252
1601175552,63888.3,-0.001981,0.018136,0.000197,0.865706,0.0,0.9842,1.0244,0.001838,0.002508,0.002876,0.97325,4.664592
1601961984,63883.8,-0.001975,0.026701,0.000201,0.863393,0.0,0.9843,1.0248,0.001933,0.00242,0.002658,1.00753,4.849144
1602748416,63889.5,-0.002129,0.023961,0.000198,0.862761,0.0,0.984,1.0243,0.002215,0.002901,0.003533,0.967861,4.605911
1603534848,63894.8,-0.001758,0.025788,0.000203,0.865042,0.0,0.9842,1.025,0.002222,0.002639,0.003338,0.981043,4.631541
1604321280,63899.9,-0.000329,0.021163,0.0002,0.87294,0.0,0.984,1.0251,0.002197,0.002697,0.003102,0.96607,4.592543
1605107712,63894.6,-0.004536,0.02592,0.000202,0.875112,0.0,0.9841,1.0257,0.002007,0.002186,0.002907,0.945073,4.659163
1605894144,63899.8,-0.007316,0.018128,0.000199,0.874576,0.0,0.9842,1.0263,0.00226,0.002217,0.002809,0.921601,4.647808
1606680576,63905.2,0.00439,0.016194,0.000195,0.880189,0.0,0.9842,1.0263,0.001885,0.001868,0.002584,0.9531,4.607795
1607467008,63900.9,-0.000942,0.022589,0.000203,0.876805,0.0,0.9844,1.0268,0.001724,0.001635,0.002167,0.912688,4.583047
1608253440,63905.6,0.000116,0.017951,0.000196,0.882109,0.0,0.9844,1.0269,0.003153,0.001995,0.002694,0.963448,4.748598
1609039872,63910.4,-0.000765,0.01609,0.000199,0.88026,0.0,0.9844,1.0279,0.002047,0.001915,0.002359,0.97086,4.762771
1609826304,63915.5,-0.004312,0.014092,0.000199,0.882856,0.0,0.9844,1.0286,0.001861,0.002005,0.002331,0.964174,4.846722
1610612736,63911.3,-0.005711,0.024755,0.000203,0.879293,0.0,0.9844,1.0294,0.001637,0.002835,0.003184,0.970965,4.904825
1611399168,63916.5,0.000396,0.021976,0.0002,0.876306,0.0,0.9844,1.0293,0.001861,0.002553,0.002914,0.95692,4.797824
1612185600,63921.8,-0.006217,0.018048,0.0002,0.877994,0.0,0.9845,1.029,0.001942,0.002604,0.002583,0.956946,4.701044
1612972032,63927.2,-0.010365,0.01322,0.000195,0.876304,0.0,0.9846,1.0291,0.002001,0.001992,0.002618,0.966147,4.676044
1613758464,63921.3,-0.00518,0.031584,0.000198,0.871415,0.0,0.9845,1.0289,0.002538,0.002616,0.003659,0.952331,4.619337
1614544896,63926.2,0.002543,0.021562,0.000194,0.870575,0.0,0.9848,1.0295,0.002108,0.002665,0.002836,0.983044,4.575922
1615331328,63930.9,-0.009071,0.016936,0.000194,0.865612,0.0,0.9852,1.0304,0.001991,0.002386,0.002913,0.977345,4.70234
1616117760,63925.8,-0.001535,0.024201,0.000197,0.869443,0.0,0.9855,1.031,0.001811,0.002166,0.002344,0.958354,4.611459
1616904192,63931.0,-0.000544,0.018987,0.000196,0.872766,0.0,0.9857,1.0314,0.002804,0.002025,0.002682,0.981676,4.665219
1617690624,63934.9,-0.002055,0.021547,0.000197,0.863184,0.0,0.9858,1.0315,0.002346,0.002065,0.002819,0.981661,4.686918
1618477056,63940.2,-0.007178,0.015247,0.000196,0.864105,0.0,0.986,1.0317,0.001808,0.002299,0.002435,0.986128,4.641298
1619263488,63935.7,-0.005668,0.026772,0.000195,0.861641,0.0,0.9861,1.0318,0.002051,0.002221,0.002313,0.983446,4.619044
1620049920,63940.8,-0.007005,0.015992,0.000188,0.862063,0.0,0.9865,1.0329,0.001888,0.001967,0.002607,0.979818,4.537239
1620836352,63945.9,-0.000365,0.017283,0.000189,0.864298,0.0,0.9869,1.0342,0.002099,0.002212,0.002103,1.004298,4.606133
1621622784,63940.1,0.00068,0.026837,0.000196,0.858929,0.0,0.9873,1.0348,0.002686,0.002479,0.002917,0.983362,4.467303
1622409216,63945.2,-0.002362,0.021636,0.000203,0.853947,0.0,0.9872,1.0344,0.002079,0.003091,0.003269,0.992479,4.598859
1623195648,63950.7,-0.002562,0.024488,0.000204,0.852908,0.0,0.987,1.0338,0.002055,0.002331,0.003102,1.010757,4.609661
1623982080,63956.1,0.002583,0.02469,0.000206,0.851613,0.0,0.9869,1.0335,0.002168,0.002228,0.002847,1.01804,4.531477
1624768512,63952.3,-0.004983,0.031196,0.000204,0.854011,0.0,0.9868,1.0328,0.001922,0.002078,0.003353,0.999831,4.343784
1625554944,63956.6,-0.004011,0.027118,0.000196,0.859708,0.0,0.9866,1.0321,0.002322,0.002384,0.003364,0.98901,4.480154
1626341376,63961.5,-0.002585,0.016429,0.000196,0.859174,0.0,0.9865,1.0314,0.002398,0.002145,0.002851,0.981987,4.488553
1627127808,63955.1,-0.003423,0.029113,0.000202,0.858122,0.0,0.9865,1.0309,0.00268,0.001973,0.002595,0.995775,4.598353
1627914240,63960.4,0.00075,0.020784,0.000201,0.86455,0.0,0.9865,1.0307,0.002269,0.002759,0.002981,0.987111,4.547568
1628700672,63965.4,-0.007494,0.018289,0.000202,0.865901,0.0,0.9868,1.0313,0.001824,0.002595,0.002916,0.974755,4.572918
1629487104,63970.8,-3.5e-05,0.020019,0.000201,0.866482,0.0,0.9869,1.0319,0.001904,0.002686,0.003004,0.988664,4.434006
1630273536,63967.0,-0.001854,0.034805,0.000217,0.866225,0.0,0.9869,1.0321,0.002712,0.002638,0.00314,0.96593,4.508453
1631059968,63971.8,-0.008762,0.020985,0.000209,0.8618,0.0,0.9868,1.0316,0.002152,0.002763,0.004327,0.986657,4.68077
1631846400,63976.7,-0.000778,0.019339,0.000209,0.858844,0.0,0.9868,1.0316,0.0018,0.002459,0.003278,0.993888,4.615457
1632632832,63972.9,-0.000521,0.029633,0.000212,0.854755,0.0,0.9867,1.0317,0.002183,0.002408,0.00271,0.943618,4.35248
1633419264,63978.2,0.005032,0.016996,0.000189,0.866921,0.0,0.9868,1.0316,0.002081,0.00196,0.002932,0.988881,4.436804
1634205696,63983.4,-0.009682,0.014001,0.000188,0.861862,0.0,0.9867,1.0316,0.001725,0.001933,0.002617,0.965241,4.482805
1634992128,63988.6,-2.9e-05,0.017118,0.000185,0.863872,0.0,0.9868,1.0317,0.001751,0.002051,0.002625,0.968753,4.456068
1635778560,63984.7,-0.003164,0.02881,0.000193,0.870887,0.0,0.9869,1.0319,0.001972,0.001832,0.002629,0.960818,4.600528
1636564992,63989.4,0.004194,0.021488,0.00019,0.874217,0.0,0.9865,1.0305,0.002384,0.002091,0.003027,0.943707,4.634601
1637351424,63993.4,-0.003166,0.018087,0.000195,0.871277,0.0,0.9865,1.0302,0.002361,0.002215,0.002745,0.943175,4.551705
1638137856,63998.3,-0.003974,0.018115,0.000196,0.867401,0.0,0.9862,1.0287,0.001975,0.002205,0.002824,0.97512,4.542714
1638924288,63993.8,-0.004948,0.026323,0.000204,0.871874,0.0,0.9861,1.0284,0.002153,0.002103,0.002691,0.944821,4.599206
1639710720,63999.1,0.000295,0.01291,0.0002,0.877844,0.0,0.986,1.0282,0.002035,0.00221,0.002848,0.948816,4.641765
1640497152,64002.5,0.000733,0.015528,0.000198,0.879541,0.0,0.9862,1.0287,0.002198,0.00196,0.002701,0.954333,4.721627
1641283584,63997.1,0.004651,0.03104,0.000201,0.87693,0.0,0.9864,1.0293,0.001655,0.001997,0.002378,0.967368,4.670055
1642070016,64002.1,-0.004071,0.019145,0.000194,0.878516,0.0,0.9865,1.0298,0.002202,0.002708,0.003132,0.947247,4.689307
1642856448,64007.0,-0.005777,0.014724,0.000194,0.877725,0.0,0.9865,1.0301,0.001547,0.002592,0.002698,0.962359,4.654128
1643642880,64011.5,0.000912,0.019636,0.000195,0.870735,0.0,0.9866,1.031,0.002099,0.002389,0.0026,0.966347,4.61529
1644429312,64007.9,-0.000336,0.031233,0.000197,0.87362,0.0,0.9869,1.0316,0.002235,0.002089,0.003107,0.944686,4.589096
1645215744,64012.8,-0.001725,0.024942,0.000194,0.8788,0.0,0.987,1.0319,0.00306,0.002522,0.003196,0.943257,4.596759
1646002176,64018.1,-0.000419,0.023616,0.000197,0.87667,0.0,0.9871,1.032,0.002984,0.002177,0.002914,0.955605,4.646059
1646788608,64013.5,-0.003522,0.027734,0.000197,0.873794,0.0,0.9872,1.0324,0.002416,0.002074,0.002405,0.93264,4.554154
1647575040,64018.7,-0.004095,0.019689,0.000192,0.877341,0.0,0.987,1.0318,0.002285,0.002009,0.00269,0.940564,4.660482
1648361472,64024.0,-0.001938,0.015,0.000189,0.879571,0.0,0.987,1.0316,0.00214,0.002023,0.002441,0.956343,4.724697
1649147904,64029.4,-0.005632,0.013712,0.000187,0.879931,0.0,0.9871,1.0321,0.001614,0.002364,0.002452,0.945464,4.782253
1649934336,64025.8,-0.00039,0.026459,0.000194,0.876071,0.0,0.9872,1.032,0.002696,0.002531,0.003504,0.949788,4.573321
1650720768,64031.1,-0.003195,0.018549,0.000191,0.87429,0.0,0.9873,1.032,0.002101,0.002548,0.003219,0.957292,4.63681
1651507200,64035.9,-0.001501,0.019784,0.000194,0.873496,0.0,0.9875,1.032,0.001911,0.00249,0.002713,0.969469,4.621367
1652293632,64032.4,-0.001732,0.026182,0.000197,0.872888,0.0,0.9876,1.0321,0.001594,0.00186,0.002399,0.960142,4.736716
1653080064,64034.8,-0.010247,0.020774,0.00019,0.875947,0.0,0.9874,1.0321,0.002269,0.002074,0.002685,0.937463,4.667642
1653866496,64039.8,-0.000804,0.017778,0.000186,0.877856,0.0,0.9876,1.0331,0.001732,0.001854,0.002491,0.922976,4.604516
1654652928,64044.9,-0.004073,0.015963,0.000187,0.875679,0.0,0.9878,1.0344,0.00279,0.002114,0.002555,0.941447,4.537964
1655439360,64040.9,-0.003585,0.026364,0.000194,0.871747,0.0,0.988,1.0356,0.002177,0.00226,0.002316,0.954553,4.618121
1656225792,64046.0,-0.001267,0.020117,0.000188,0.870344,0.0,0.988,1.0359,0.002578,0.002333,0.002939,0.949372,4.55562
1657012224,64050.9,-0.003333,0.021289,0.000188,0.872999,0.0,0.9878,1.0359,0.001845,0.002104,0.002463,0.964611,4.551855
1657798656,64047.0,-0.006271,0.028719,0.000195,0.869734,0.0,0.9876,1.0356,0.001951,0.002241,0.003008,0.90346,4.397863
1658585088,64051.9,0.008453,0.03674,0.000182,0.869319,0.0,0.9874,1.0352,0.002009,0.002201,0.003294,0.958787,4.424224
1659371520,64056.3,0.001128,0.021109,0.000183,0.866509,0.0,0.9873,1.0352,0.002198,0.002511,0.003447,0.942846,4.47271
1660157952,64060.9,-0.004391,0.018184,0.000183,0.868405,0.0,0.9871,1.0351,0.002294,0.002241,0.002652,0.944371,4.508176
1660944384,64055.9,-0.001202,0.032612,0.000193,0.874571,0.0,0.9872,1.0351,0.001934,0.002209,0.002706,0.946607,4.701239
1661730816,64061.0,-0.005348,0.021581,0.000197,0.878969,0.0,0.9868,1.0342,0.001966,0.002406,0.002518,0.911954,4.653701
1662517248,64065.5,0.004069,0.022526,0.000194,0.877608,0.0,0.9867,1.0342,0.001842,0.002304,0.002676,0.938842,4.574292
1663303680,64070.2,-0.005752,0.021756,0.000194,0.879239,0.0,0.9866,1.034,0.002173,0.002198,0.002695,0.924156,4.593734
1664090112,64066.4,-0.003399,0.027866,0.000201,0.86791,0.0,0.9865,1.0337,0.001999,0.002194,0.002652,0.953988,4.719998
1664876544,64071.3,-0.000661,0.021072,0.000193,0.861071,0.0,0.9866,1.0342,0.003372,0.002136,0.002766,0.973006,4.664598
1665662976,64075.6,-0.010693,0.014679,0.000194,0.864838,0.0,0.9866,1.0346,0.001524,0.001864,0.002289,0.994169,4.543227
1666449408,64072.0,-0.001441,0.027945,0.000196,0.864356,0.0,0.9868,1.0351,0.001996,0.001908,0.002317,0.935042,4.44396
1667235840,64077.1,-0.005344,0.023161,0.000191,0.861419,0.0,0.9865,1.0344,0.002836,0.002335,0.002936,0.96016,4.384747
1668022272,64081.4,0.003994,0.031029,0.000191,0.858917,0.0,0.9863,1.0338,0.002414,0.00264,0.002978,0.968449,4.436817
1668808704,64086.5,0.000317,0.01952,0.00019,0.861828,0.0,0.9858,1.033,0.002428,0.00236,0.002951,0.944359,4.377161
1669595136,64082.4,0.006022,0.03707,0.000208,0.860714,0.0,0.9854,1.0322,0.004297,0.002783,0.00279,0.950024,4.468238
1670381568,64087.3,-0.003119,0.025507,0.000205,0.865724,0.0,0.9851,1.0312,0.002823,0.002771,0.002636,0.946521,4.483036
1671168000,64092.4,0.003814,0.034416,0.000207,0.861805,0.0,0.9849,1.0299,0.002196,0.002613,0.003022,0.948741,4.444309
1671954432,64087.8,0.002907,0.03399,0.000208,0.863714,0.0,0.9849,1.0294,0.002204,0.002685,0.002446,0.950785,4.342527
1672740864,64092.3,-0.004505,0.021501,0.000199,0.862236,0.0,0.9846,1.0282,0.002318,0.002428,0.002519,0.950644,4.395119
1673527296,64097.0,-0.007558,0.022506,0.000197,0.863686,0.0,0.9844,1.0276,0.002402,0.002451,0.002685,0.936176,4.361544
1674313728,64100.9,0.002833,0.01823,0.0002,0.86656,0.0,0.9843,1.0271,0.002014,0.002381,0.002469,0.940272,4.404529
1675100160,64095.5,-0.00297,0.030698,0.000203,0.868199,0.0,0.9843,1.0269,0.001908,0.001988,0.002279,0.939801,4.3409
1675886592,64100.2,0.00349,0.014518,0.000189,0.874666,0.0,0.9844,1.0272,0.001668,0.0021,0.002538,0.936071,4.474871
1676673024,64104.8,0.001032,0.016342,0.000192,0.876782,0.0,0.9844,1.0271,0.001766,0.001837,0.002123,0.919959,4.468595
1677459456,64099.9,0.00192,0.026971,0.000201,0.879045,0.0,0.9844,1.0269,0.002492,0.001736,0.002232,0.921837,4.759205
1678245888,64104.6,-0.002492,0.022214,0.000203,0.886206,0.0,0.9844,1.0268,0.004332,0.002097,0.002997,0.936956,4.679234
1679032320,64109.2,-0.003754,0.018017,0.000204,0.886279,0.0,0.9843,1.0267,0.002137,0.001946,0.002663,0.922666,4.588577
1679818752,64112.8,0.001389,0.021489,0.0002,0.882825,0.0,0.9841,1.0263,0.002428,0.001962,0.002658,0.943859,4.557483
1680605184,64108.7,-0.000115,0.026896,0.000203,0.875385,0.0,0.984,1.0265,0.002346,0.002369,0.00275,0.969143,4.680786
1681391616,64113.7,-0.004658,0.015587,0.000202,0.874173,0.0,0.9839,1.0266,0.001839,0.00246,0.002853,0.945746,4.536256
1682178048,64118.4,-0.00377,0.01274,0.0002,0.872889,0.0,0.9839,1.0266,0.001728,0.002255,0.002372,0.943103,4.476566
1682964480,64112.7,9.1e-05,0.020355,0.000205,0.870737,0.0,0.9839,1.027,0.001563,0.002,0.002443,0.867594,4.351364
1683750912,64117.3,0.001154,0.027769,0.000198,0.874205,0.0,0.9838,1.0267,0.002299,0.002515,0.003223,0.961046,4.416559
1684537344,64121.9,0.003639,0.017746,0.000198,0.874684,0.0,0.9838,1.0271,0.00149,0.001996,0.002293,0.950441,4.58489
1685323776,64126.4,-0.006552,0.015072,0.0002,0.877739,0.0,0.984,1.0279,0.001653,0.002221,0.002649,0.942251,4.612116
1686110208,64121.6,-0.005548,0.026754,0.000203,0.877839,0.0,0.9842,1.0286,0.00208,0.00236,0.003106,0.95059,4.726047
1686896640,64126.6,-0.004088,0.016258,0.000201,0.879868,0.0,0.9842,1.0292,0.001699,0.002142,0.002642,0.944636,4.683502
1687683072,64131.5,-0.010014,0.012019,0.000204,0.878112,0.0,0.9844,1.0303,0.001744,0.002563,0.002669,0.947397,4.717447
1688469504,64136.5,-0.005499,0.015289,0.000206,0.875645,0.0,0.9845,1.0313,0.001744,0.002142,0.002388,0.959978,4.527881
1689255936,64133.2,0.001383,0.028831,0.00021,0.870385,0.0,0.9844,1.0318,0.001732,0.002113,0.002822,0.958324,4.614433
1690042368,64138.0,-0.006207,0.017245,0.000201,0.872882,0.0,0.9846,1.0327,0.001731,0.002014,0.002997,0.969369,4.530942
1690828800,64143.4,0.002224,0.020043,0.000198,0.872943,0.0,0.9847,1.0335,0.002049,0.002004,0.002693,0.97298,4.680865
1691615232,64139.2,0.000535,0.025173,0.000206,0.870982,0.0,0.985,1.0344,0.001893,0.001903,0.002445,0.956454,4.540717
1692401664,64144.4,-0.00381,0.012015,0.000194,0.877636,0.0,0.985,1.035,0.001816,0.001971,0.002525,0.987151,4.396824
1693188096,64149.4,-0.001222,0.011226,0.000196,0.875675,0.0,0.9851,1.0356,0.0019,0.001969,0.002463,0.956869,4.657148
1693974528,64154.5,-0.000646,0.011959,0.000199,0.869724,0.0,0.9851,1.0359,0.001437,0.001767,0.002533,0.946747,4.632613
1694760960,64150.6,0.002183,0.027739,0.000196,0.86718,0.0,0.9853,1.0364,0.002469,0.002484,0.002707,0.963979,4.614585
1695547392,64155.7,-0.000561,0.017131,0.00019,0.871239,0.0,0.9853,1.0368,0.00147,0.002312,0.002276,0.956762,4.53223
1696333824,64160.8,-0.000746,0.018998,0.000191,0.873222,0.0,0.9856,1.0375,0.001694,0.002648,0.002553,0.960212,4.540979
1697120256,64155.4,-0.000964,0.031632,0.000199,0.868611,0.0,0.9857,1.038,0.002289,0.002216,0.002858,0.94006,4.67845
1697906688,64160.2,-0.00195,0.023463,0.000198,0.870617,0.0,0.9857,1.0378,0.001946,0.00263,0.003561,0.974631,4.664896
1698693120,64164.1,-0.001508,0.02009,0.000195,0.868491,0.0,0.9856,1.037,0.001848,0.002014,0.002781,0.936644,4.67097
1699479552,64168.6,-0.002734,0.015633,0.000194,0.871872,0.0,0.9855,1.0366,0.001762,0.002032,0.002675,0.943712,4.659807
1700265984,64163.0,-0.003106,0.03171,0.000201,0.865974,0.0,0.9851,1.0354,0.001938,0.002443,0.002844,0.967511,4.590196
1701052416,64167.8,0.001264,0.023805,0.000198,0.867777,0.0,0.9849,1.0352,0.001756,0.002457,0.00284,0.985757,4.702275
1701838848,64172.4,-0.001932,0.019153,0.000199,0.865305,0.0,0.9846,1.0348,0.001813,0.001885,0.002395,0.964895,4.600378
1702625280,64161.9,-0.002133,0.02614,0.0002,0.865609,0.0,0.9844,1.0343,0.002282,0.002007,0.002481,0.999594,4.674725
1703411712,64167.0,-0.004649,0.01758,0.000201,0.868493,0.0,0.9841,1.0334,0.002442,0.002116,0.002622,0.974003,4.576937
1704198144,64171.9,-0.003017,0.016244,0.000201,0.872306,0.0,0.9843,1.0337,0.002837,0.002261,0.002876,0.971987,4.52864
1704984576,64176.9,0.002702,0.017931,0.0002,0.869714,0.0,0.9842,1.0333,0.002229,0.00225,0.003116,0.981441,4.552672
1705771008,64168.5,0.002425,0.024062,0.000195,0.869567,0.0,0.9841,1.033,0.002015,0.001723,0.00219,0.942803,4.628112
1706557440,64173.4,-0.002753,0.021693,0.000188,0.874708,0.0,0.9842,1.0331,0.001871,0.001838,0.002653,0.943612,4.618467
1707343872,64178.6,-0.00679,0.013428,0.000187,0.873213,0.0,0.9843,1.0335,0.001598,0.001828,0.002422,0.976772,4.687349
1708130304,64169.0,-0.007678,0.022251,0.000195,0.871148,0.0,0.9845,1.034,0.001546,0.001837,0.002068,0.958302,4.589699
1708916736,64174.2,-0.004431,0.017303,0.000193,0.862246,0.0,0.9841,1.0331,0.002665,0.0019,0.00234,0.989943,4.512472
1709703168,64179.4,0.00185,0.018479,0.000193,0.860509,0.0,0.9841,1.0328,0.001621,0.001962,0.002558,0.986427,4.512658
1710489600,64184.4,0.008049,0.014784,0.000195,0.861467,0.0,0.9838,1.0321,0.002182,0.00181,0.002451,0.964247,4.503072
1711276032,64170.3,0.004508,0.034355,0.000198,0.864571,0.0,0.9837,1.0315,0.002127,0.002327,0.002721,0.957443,4.592733
1712062464,64175.0,0.004823,0.024897,0.000193,0.87109,0.0,0.9834,1.0307,0.001998,0.002277,0.002515,0.967284,4.588613
1712848896,64179.2,-0.003131,0.019843,0.00019,0.868968,0.0,0.9832,1.0301,0.001855,0.002449,0.003143,0.96278,4.534127
1713635328,64183.7,-0.00619,0.019357,0.000189,0.867463,0.0,0.983,1.0294,0.001982,0.00199,0.002516,0.966034,4.441782
1714421760,64166.6,-0.000484,0.026848,0.000197,0.868918,0.0,0.9831,1.0296,0.001767,0.002203,0.002234,0.961756,4.573873
1715208192,64171.7,-0.003356,0.018535,0.000196,0.871272,0.0,0.9832,1.0303,0.001656,0.002216,0.002395,0.967607,4.589388
1715994624,64176.7,3.7e-05,0.017659,0.000192,0.873251,0.0,0.9833,1.0307,0.001884,0.002062,0.002264,0.985789,4.543373
1716781056,64161.2,-0.00164,0.024528,0.000195,0.875532,0.0,0.9836,1.0314,0.00152,0.002037,0.002247,0.956583,4.658754
1717567488,64165.9,0.005621,0.013644,0.000191,0.882818,0.0,0.9839,1.0324,0.001901,0.001884,0.002462,0.960569,4.563378
1718353920,64170.7,-0.005685,0.011747,0.000193,0.881998,0.0,0.9844,1.0335,0.001761,0.001979,0.002568,0.924569,4.581161
1719140352,64175.1,-0.003121,0.014255,0.000193,0.877573,0.0,0.9848,1.0344,0.001699,0.001748,0.002341,0.91559,4.674094
1719926784,64160.3,0.001076,0.025623,0.000205,0.878034,0.0,0.9849,1.0348,0.001594,0.001912,0.002313,0.937754,4.535369
1720713216,64164.8,0.002038,0.022638,0.000205,0.879965,0.0,0.985,1.0354,0.002385,0.001864,0.00242,0.950938,4.635865
1721499648,64169.4,-0.005912,0.015635,0.0002,0.880335,0.0,0.9852,1.0361,0.001884,0.001981,0.002155,0.945025,4.65068
1722286080,64151.8,-0.005165,0.025936,0.000204,0.881994,0.0,0.9854,1.0367,0.001429,0.001734,0.002076,0.918319,4.708674
1723072512,64156.0,-0.001081,0.020934,0.000196,0.882925,0.0,0.9853,1.0363,0.001732,0.002155,0.00255,0.933441,4.752431
1723858944,64161.0,-0.00183,0.020582,0.0002,0.882477,0.0,0.9852,1.0359,0.001977,0.002122,0.002452,0.926687,4.744566
1724645376,64166.1,-0.004112,0.014966,0.000196,0.880391,0.0,0.9851,1.0355,0.001817,0.001868,0.002254,0.947397,4.752563
1725431808,64152.2,0.000418,0.030645,0.000208,0.873748,0.0,0.9848,1.0349,0.002044,0.00221,0.003183,0.967848,4.633161
1726218240,64157.5,0.002642,0.021766,0.000204,0.874925,0.0,0.9847,1.0348,0.002145,0.00232,0.002999,0.975151,4.635234
1727004672,64162.1,0.001088,0.018944,0.00021,0.873821,0.0,0.9848,1.0352,0.002239,0.002283,0.002876,0.988267,4.685572
1727791104,64140.6,0.001882,0.029626,0.000213,0.872323,0.0,0.985,1.0358,0.0016,0.0019,0.002857,0.995407,4.645429
1728577536,64145.0,0.000652,0.020975,0.000212,0.873019,0.0,0.985,1.0355,0.001795,0.002254,0.002705,0.957596,4.526921
1729363968,64149.0,0.002266,0.023661,0.000212,0.876828,0.0,0.985,1.0356,0.002053,0.002249,0.002701,0.93415,4.546793
1730150400,64153.8,-0.006088,0.018593,0.000214,0.87655,0.0,0.985,1.0358,0.002079,0.002266,0.002599,0.926316,4.594261
1730936832,64140.7,-0.001996,0.026157,0.000212,0.874708,0.0,0.9852,1.0362,0.001999,0.001931,0.003013,0.949026,4.606339
1731723264,64145.4,-0.005065,0.012547,0.000202,0.877994,0.0,0.9855,1.0368,0.002225,0.00186,0.00251,0.941607,4.566554
1732509696,64150.0,-0.002312,0.012018,0.0002,0.882403,0.0,0.9856,1.0372,0.001919,0.001822,0.002277,0.928879,4.61867
1733296128,64132.5,-0.002647,0.021654,0.000205,0.87954,0.0,0.9858,1.0374,0.001555,0.001589,0.002088,0.900006,4.590988
1734082560,64137.2,-0.001062,0.021621,0.000201,0.873062,0.0,0.986,1.0379,0.002575,0.002341,0.002799,0.954266,4.551567
1734868992,64142.0,-0.00525,0.01739,0.000203,0.870931,0.0,0.9858,1.0376,0.00249,0.002839,0.002492,0.946377,4.607228
1735655424,64145.9,-0.002832,0.021516,0.000205,0.869745,0.0,0.9857,1.0375,0.001823,0.002669,0.002313,0.944829,4.555497
1736441856,64131.7,-0.008621,0.026607,0.000211,0.866427,0.0,0.9857,1.0374,0.001708,0.001845,0.002292,1.001063,4.683843
1737228288,64136.7,-0.002563,0.021198,0.000206,0.867078,0.0,0.9856,1.0368,0.001707,0.002154,0.003076,0.976877,4.643344
1738014720,64141.8,0.002158,0.020527,0.000205,0.874142,0.0,0.986,1.0371,0.001824,0.002361,0.002553,0.983305,4.643869
1738801152,64146.7,0.002129,0.018598,0.000208,0.8756,0.0,0.986,1.0368,0.001708,0.001933,0.002679,0.969617,4.764802
1739587584,64132.4,-0.001573,0.039755,0.000212,0.876812,0.0,0.9861,1.0359,0.003131,0.00278,0.00364,0.962862,4.81325
1740374016,64137.2,0.002326,0.033532,0.000206,0.875324,0.0,0.986,1.0352,0.002274,0.002351,0.003336,0.995148,4.880411
1741160448,64141.3,-0.008769,0.024129,0.000201,0.874304,0.0,0.986,1.0348,0.001992,0.002258,0.002865,0.975095,4.840342
1741946880,64121.9,-0.000996,0.033666,0.000209,0.872352,0.0,0.9861,1.0348,0.002485,0.001975,0.002772,0.945237,4.7519
1742733312,64125.9,0.005604,0.026153,0.000203,0.877458,0.0,0.9862,1.0349,0.001867,0.00184,0.002367,0.956822,4.743237
1743519744,64130.5,0.005915,0.023867,0.0002,0.874671,0.0,0.9865,1.0351,0.002106,0.001949,0.002514,0.965569,4.73813
1744306176,64135.1,-0.005934,0.015848,0.000202,0.872424,0.0,0.9867,1.0354,0.001515,0.001822,0.002176,0.96221,4.778187
1745092608,64122.1,-0.00026,0.03176,0.000204,0.868538,0.0,0.9866,1.0355,0.001548,0.00237,0.002322,0.951535,4.656258
1745879040,64127.1,0.001494,0.022405,0.000197,0.872932,0.0,0.9868,1.0364,0.001971,0.002614,0.003263,0.968844,4.705343
1746665472,64132.1,-0.001924,0.018415,0.000196,0.87013,0.0,0.987,1.0374,0.002167,0.002378,0.002995,0.980866,4.674963
1747451904,64117.5,-0.010897,0.026795,0.0002,0.870837,0.0,0.9874,1.0385,0.001948,0.001933,0.002528,0.956754,4.694146
1748238336,64122.4,0.002538,0.021656,0.000198,0.874922,0.0,0.9872,1.0385,0.002535,0.002122,0.002705,0.967229,4.720667
1749024768,64127.0,-0.001679,0.022172,0.000201,0.880486,0.0,0.9872,1.0385,0.002642,0.002274,0.002622,0.979774,4.700977
1749811200,64131.8,0.000506,0.021442,0.000202,0.880761,0.0,0.987,1.0382,0.002931,0.002157,0.002685,0.9609,4.774163
1750597632,64117.9,0.001172,0.030053,0.000211,0.87902,0.0,0.9868,1.038,0.00398,0.002102,0.00247,0.977894,4.925965
1751384064,64123.1,-0.003908,0.016261,0.000209,0.879711,0.0,0.987,1.0382,0.00238,0.001834,0.002462,0.990456,4.87262
1752170496,64128.2,0.001465,0.016928,0.000214,0.876693,0.0,0.987,1.0381,0.002912,0.001798,0.002724,0.976693,4.909078
1752956928,64114.0,0.003054,0.026045,0.000212,0.87252,0.0,0.987,1.0381,0.002744,0.001864,0.002802,1.019254,4.915342
1753743360,64119.2,-0.003267,0.015548,0.00021,0.869777,0.0,0.9869,1.0378,0.002285,0.002102,0.002796,1.015735,4.896973
1754529792,64124.4,-0.004793,0.015838,0.000208,0.870788,0.0,0.987,1.0379,0.002241,0.002013,0.002822,1.008209,4.854449
1755316224,64129.6,-0.003609,0.014373,0.000208,0.868668,0.0,0.987,1.0381,0.001845,0.002037,0.002407,1.001934,4.856494
1756102656,64118.0,0.001389,0.022676,0.000207,0.87554,0.0,0.9871,1.0382,0.002044,0.00197,0.003273,0.977155,4.850763
1756889088,64121.9,-0.005285,0.015993,0.000201,0.879161,0.0,0.9869,1.0383,0.001883,0.00175,0.002401,0.963489,4.817797
1757675520,64126.7,0.000312,0.013426,0.000202,0.879924,0.0,0.9869,1.0387,0.001669,0.00171,0.002218,0.969975,4.843117
1758461952,64114.5,0.001973,0.024725,0.000209,0.878714,0.0,0.9872,1.0392,0.001775,0.001729,0.002366,0.931409,4.933264
1759248384,64119.1,-0.003127,0.02442,0.000207,0.872868,0.0,0.9872,1.0395,0.00256,0.002344,0.003037,0.996847,4.876771
1760034816,64123.4,-0.004036,0.020253,0.000207,0.868249,0.0,0.9872,1.0394,0.002418,0.003004,0.003639,0.996384,4.878586
1760821248,64127.8,-0.004183,0.019216,0.000202,0.865964,0.0,0.9871,1.0389,0.001926,0.002386,0.002907,1.014136,4.861896
1761607680,64117.4,-0.003124,0.027571,0.000207,0.862611,0.0,0.9872,1.0391,0.001656,0.002042,0.002333,1.01205,4.859641
1762394112,64122.3,-0.006069,0.017026,0.000202,0.861213,0.0,0.987,1.0387,0.001549,0.00198,0.002583,0.998976,4.761996
1763180544,64127.4,-0.005206,0.0139,0.0002,0.865553,0.0,0.9872,1.0387,0.001727,0.002013,0.002343,1.016217,4.751731
1763966976,64132.3,-0.001517,0.017134,0.000202,0.868175,0.0,0.9872,1.0384,0.002019,0.001947,0.002311,0.994275,4.774569
1764753408,64123.1,-0.001613,0.021617,0.000204,0.86449,0.0,0.9874,1.0386,0.001901,0.00221,0.002935,0.997829,4.767753
1765539840,64128.4,0.001046,0.014484,0.000205,0.863661,0.0,0.9875,1.0389,0.001871,0.002121,0.002673,1.009681,4.740206
1766326272,64133.2,0.000729,0.014982,0.000206,0.865622,0.0,0.9876,1.0393,0.001704,0.001806,0.002476,0.997484,4.726856
1767112704,64124.8,0.004311,0.024387,0.000209,0.866592,0.0,0.9878,1.0396,0.002098,0.001836,0.002607,0.972315,4.646577
1767899136,64128.9,0.001027,0.018014,0.000203,0.870366,0.0,0.9875,1.0387,0.001866,0.002197,0.002952,0.980867,4.655479
1768685568,64133.5,-0.006104,0.014082,0.000205,0.867784,0.0,0.9874,1.0385,0.002078,0.00216,0.002524,0.974777,4.633999
1769472000,64137.5,-0.004304,0.012655,0.000201,0.869068,0.0,0.9874,1.0381,0.001749,0.002065,0.002457,0.9985,4.687115
1770258432,64120.9,-0.005372,0.029885,0.00022,0.865002,0.0,0.9874,1.0379,0.003067,0.002081,0.00253,0.997593,4.724842
1771044864,64124.6,-0.009627,0.015149,0.000217,0.869909,0.0,0.9871,1.0374,0.002297,0.001985,0.002836,0.986242,4.643123
1771831296,64129.2,-0.005114,0.015981,0.000214,0.862835,0.0,0.987,1.0374,0.001901,0.002138,0.002583,0.996482,4.644681
1772617728,64119.6,-0.003782,0.028084,0.000219,0.863457,0.0,0.9871,1.0375,0.002852,0.001985,0.002369,1.027516,4.770675
1773404160,64124.5,-0.000309,0.021434,0.000215,0.8599,0.0,0.987,1.0369,0.001871,0.002081,0.002783,1.025328,4.737741
1774190592,64129.5,0.00098,0.020405,0.000215,0.858103,0.0,0.9872,1.0369,0.001881,0.00207,0.00257,1.021136,4.710998
1774977024,64132.9,-0.000118,0.015892,0.000215,0.858664,0.0,0.9873,1.0367,0.001903,0.001898,0.002625,1.055442,4.674409
1775763456,64123.0,-0.001268,0.022977,0.000217,0.860926,0.0,0.9872,1.0368,0.003364,0.001834,0.002386,1.005184,4.696963
1776549888,64127.8,-0.003959,0.016757,0.000212,0.862881,0.0,0.9875,1.0379,0.002011,0.001938,0.002533,1.013198,4.687832
1777336320,64132.7,-0.003091,0.011284,0.000212,0.865507,0.0,0.9877,1.0384,0.002275,0.001884,0.002369,1.02914,4.823006
1778122752,64123.4,0.005871,0.025051,0.000218,0.865676,0.0,0.9878,1.039,0.002227,0.001812,0.002057,1.040666,4.795348
1778909184,64128.2,-0.000303,0.017111,0.000215,0.865157,0.0,0.9878,1.0391,0.001723,0.00203,0.00257,1.027684,4.773864
1779695616,64132.8,-0.007191,0.011234,0.000211,0.869746,0.0,0.9879,1.0392,0.001694,0.001937,0.002054,1.01917,4.744373
1780482048,64137.6,-0.002952,0.016739,0.000211,0.870736,0.0,0.9879,1.0392,0.001604,0.002093,0.002112,0.999188,4.795843
1781268480,64127.1,0.006596,0.026593,0.000219,0.867543,0.0,0.9879,1.0392,0.001794,0.001737,0.002419,0.995443,4.761312
1782054912,64132.0,-0.000655,0.019477,0.000216,0.862181,0.0,0.9878,1.0387,0.001934,0.002205,0.002675,1.009191,4.666265
1782841344,64136.5,-0.001864,0.014801,0.000214,0.856822,0.0,0.9876,1.038,0.001764,0.00191,0.002412,0.996558,4.678443
1783627776,64124.7,-0.003861,0.027011,0.000219,0.854674,0.0,0.9875,1.0376,0.001851,0.001773,0.002489,0.973629,4.71977
1784414208,64129.7,-0.000965,0.017706,0.000209,0.857875,0.0,0.9875,1.0378,0.002622,0.002222,0.002873,1.013182,4.636782
1785200640,64134.6,0.001203,0.018934,0.000211,0.856952,0.0,0.9876,1.0383,0.001978,0.002028,0.002703,1.004316,4.716478
1785987072,64139.8,-0.005854,0.0129,0.000209,0.854547,0.0,0.9877,1.0389,0.001553,0.002002,0.002609,1.038574,4.650253
1786773504,64131.4,0.000171,0.028146,0.000215,0.852471,0.0,0.9877,1.0394,0.002144,0.002125,0.002396,0.976973,4.595793
1787559936,64136.2,-0.003513,0.024944,0.000219,0.849416,0.0,0.9877,1.0392,0.00214,0.002376,0.002933,0.995391,4.542129
1788346368,64141.0,0.005779,0.027558,0.000213,0.85125,0.0,0.9876,1.0389,0.001774,0.002513,0.002754,1.00271,4.496283
1789132800,64132.1,-0.003228,0.026526,0.000208,0.851445,0.0,0.9875,1.0388,0.001502,0.00183,0.002475,0.992332,4.460082
1789919232,64136.4,0.000241,0.015539,0.000218,0.841578,0.0,0.9874,1.0389,0.002288,0.002211,0.002805,1.017062,4.620894
1790705664,64141.2,-0.000467,0.014605,0.00021,0.843697,0.0,0.9875,1.0397,0.001894,0.001904,0.002276,1.042946,4.543671
1791492096,64145.4,-0.007866,0.012657,0.000211,0.845133,0.0,0.9875,1.0402,0.001822,0.001798,0.002465,1.022024,4.567029
1792278528,64137.7,-0.006589,0.022194,0.000217,0.844207,0.0,0.9877,1.0412,0.001852,0.001917,0.002397,0.995626,4.600933
1793064960,64142.5,-0.00573,0.018669,0.000207,0.846584,0.0,0.9876,1.0411,0.002079,0.002009,0.002434,1.009029,4.594794
1793851392,64147.0,-0.004189,0.013055,0.00021,0.84534,0.0,0.9875,1.0408,0.001515,0.001705,0.002405,1.00807,4.604399
1794637824,64151.3,-0.001268,0.017675,0.000205,0.848447,0.0,0.9875,1.0407,0.002345,0.001911,0.002383,1.013826,4.583864
1795424256,64144.0,0.00176,0.02865,0.000214,0.849282,0.0,0.9874,1.0403,0.001936,0.002077,0.00235,1.02149,4.561034
1796210688,64148.9,-0.00323,0.018648,0.000213,0.850732,0.0,0.9872,1.0402,0.001674,0.001832,0.002642,1.014148,4.633087
1796997120,64153.8,-0.005637,0.014218,0.000211,0.852286,0.0,0.9871,1.0401,0.001811,0.001747,0.002268,1.012825,4.596932
1797783552,64146.1,0.003166,0.024983,0.000216,0.84882,0.0,0.987,1.0401,0.001596,0.001736,0.002153,1.026672,4.682349
1798569984,64150.8,0.003622,0.019017,0.000209,0.851697,0.0,0.987,1.04,0.001923,0.002298,0.002737,1.022847,4.619598
1799356416,64155.5,-0.006898,0.013921,0.000208,0.851145,0.0,0.9869,1.0398,0.001767,0.001773,0.002392,1.004292,4.667788
1800142848,64160.1,-0.008988,0.013049,0.000205,0.853903,0.0,0.9869,1.04,0.001442,0.001874,0.002212,0.998628,4.569197
1800929280,64151.4,-0.003936,0.023143,0.000219,0.851903,0.0,0.987,1.0402,0.002964,0.001812,0.002091,1.025101,4.723968
1801715712,64156.3,-0.001887,0.014254,0.000215,0.853146,0.0,0.987,1.0405,0.002889,0.001821,0.002239,1.046458,4.685672
1802502144,64161.3,-0.001128,0.011675,0.000213,0.85444,0.0,0.9871,1.0408,0.001913,0.001589,0.002175,1.037197,4.8035
1803288576,64153.4,-0.002416,0.023376,0.000217,0.853451,0.0,0.9872,1.0411,0.00308,0.001547,0.002246,1.06982,4.729523
1804075008,64158.5,0.002109,0.021271,0.000219,0.85058,0.0,0.9872,1.0401,0.002171,0.002043,0.003506,1.023779,4.747289
1804861440,64163.2,-0.00137,0.015084,0.000216,0.852392,0.0,0.9874,1.0401,0.002135,0.001883,0.002865,1.035906,4.764198
1805647872,64168.3,-0.004066,0.013336,0.000217,0.852932,0.0,0.9877,1.04,0.001674,0.001717,0.002633,1.053027,4.701138
1806434304,64160.9,-0.002319,0.025299,0.000214,0.854369,0.0,0.9878,1.0399,0.002002,0.001948,0.002725,1.04587,4.776287
1807220736,64165.6,0.00326,0.018255,0.000207,0.859574,0.0,0.9877,1.0393,0.001924,0.002061,0.002354,1.042986,4.838264
1808007168,64170.5,0.000753,0.013644,0.000208,0.859357,0.0,0.9877,1.0392,0.001726,0.002133,0.002177,1.018984,4.818983
1808793600,64161.0,-0.001638,0.023303,0.000215,0.859047,0.0,0.9877,1.039,0.001704,0.002005,0.002055,0.995774,4.93617
1809580032,64165.8,-0.000738,0.01715,0.000219,0.857879,0.0,0.9878,1.0387,0.001673,0.002133,0.00265,1.070578,4.831629
1810366464,64170.7,-0.006971,0.012972,0.000214,0.858145,0.0,0.9879,1.0385,0.001679,0.001773,0.002232,1.063494,4.745829
1811152896,64175.4,0.00039,0.021004,0.000215,0.85857,0.0,0.9879,1.0382,0.001465,0.002149,0.002174,1.028643,4.856888
1811939328,64169.1,0.008958,0.035524,0.000214,0.854806,0.0,0.9881,1.038,0.002467,0.002089,0.002478,1.044119,4.854996
1812725760,64173.6,-0.005006,0.022771,0.000207,0.859135,0.0,0.9881,1.0375,0.003209,0.002188,0.002562,1.036957,4.748685
1813512192,64178.1,-0.00815,0.027139,0.000209,0.852631,0.0,0.9881,1.0368,0.002671,0.002424,0.002869,1.036566,4.878513
1814298624,64171.6,-0.002642,0.032433,0.00021,0.848444,0.0,0.9883,1.0363,0.002112,0.002106,0.002669,0.811413,3.70535
1815085056,64176.4,-0.00165,0.024204,0.00021,0.854677,0.0,0.9881,1.0358,0.001958,0.002498,0.002913,1.034858,4.733537
1815871488,64181.1,0.001334,0.031538,0.000209,0.856003,0.0,0.9879,1.0349,0.002503,0.002131,0.002744,1.032973,4.759568
1816657920,64185.7,-0.002493,0.025039,0.000207,0.855254,0.0,0.9878,1.034,0.002199,0.002154,0.00269,1.053694,4.751128
1817444352,64179.6,-0.005786,0.029456,0.000207,0.854117,0.0,0.9879,1.0338,0.001882,0.001974,0.002571,1.021293,4.714194
1818230784,64184.0,-0.00732,0.014815,0.000193,0.856533,0.0,0.9878,1.0329,0.001516,0.002319,0.002368,1.032108,4.678864
1819017216,64188.1,0.00738,0.019867,0.000195,0.85443,0.0,0.9878,1.032,0.001572,0.002188,0.002365,1.02116,4.642148
1819803648,64192.7,-0.003937,0.012952,0.000191,0.851893,0.0,0.9878,1.0311,0.001262,0.001876,0.002167,1.036211,4.759729
1820590080,64186.6,-0.006049,0.028654,0.000204,0.851212,0.0,0.9876,1.0308,0.00183,0.002124,0.002368,1.025085,4.798525
1821376512,64191.1,-0.002751,0.020515,0.000203,0.851284,0.0,0.9877,1.0314,0.002065,0.002109,0.00272,1.048138,4.779539
1822162944,64195.5,-0.000357,0.022039,0.000204,0.85037,0.0,0.9875,1.0313,0.002195,0.002129,0.002414,1.035273,4.72864
1822949376,64189.3,-0.003561,0.032309,0.000209,0.847416,0.0,0.9875,1.0314,0.001977,0.001976,0.00256,1.030704,4.723039
1823735808,64193.2,-0.004559,0.018924,0.000194,0.859162,0.0,0.9874,1.0312,0.001464,0.001989,0.002377,0.988474,4.576853
1824522240,64196.0,0.002812,0.020133,0.000195,0.861625,0.0,0.9873,1.031,0.002388,0.002333,0.002275,1.00654,4.679618
1825308672,64200.6,-0.001303,0.014205,0.000193,0.86429,0.0,0.9873,1.0308,0.00138,0.001919,0.002036,1.002188,4.639107
1826095104,64195.4,-0.009779,0.029759,0.000199,0.865109,0.0,0.9872,1.0305,0.002683,0.002278,0.00381,1.002622,4.739343
1826881536,64200.0,-0.002057,0.017151,0.000191,0.870733,0.0,0.9872,1.0306,0.002379,0.002373,0.003289,1.001897,4.781057
1827667968,64204.8,-0.00476,0.019102,0.000194,0.866867,0.0,0.9871,1.0301,0.002132,0.001883,0.002755,1.026287,4.898855
1828454400,64197.5,0.003955,0.030902,0.000197,0.865299,0.0,0.987,1.0297,0.001811,0.001931,0.002597,1.052095,4.902529
1829240832,64202.4,0.002503,0.022529,0.000201,0.8676,0.0,0.9869,1.0298,0.002061,0.002057,0.002688,1.040815,4.956294
1830027264,64207.1,0.002187,0.017583,0.000197,0.863415,0.0,0.987,1.0302,0.002023,0.002007,0.002367,1.036751,4.962142
1830813696,64211.7,-0.00271,0.014509,0.000198,0.8633,0.0,0.9872,1.0311,0.002034,0.001896,0.002148,1.05431,4.878279
1831600128,64205.9,-0.00166,0.026208,0.000198,0.856208,0.0,0.9873,1.0315,0.002532,0.002204,0.002247,1.047688,4.836879
1832386560,64210.0,-0.001538,0.019788,0.000191,0.859492,0.0,0.9874,1.032,0.00209,0.002003,0.002224,1.049016,4.740055
1833172992,64214.2,0.001399,0.019763,0.000191,0.858311,0.0,0.9876,1.0328,0.002773,0.002115,0.002464,1.021307,4.791451
1833959424,64208.8,0.004698,0.027348,0.000198,0.857451,0.0,0.9878,1.0335,0.002168,0.00193,0.002051,0.958227,4.865057
1834745856,64213.6,-0.001037,0.024413,0.000196,0.860101,0.0,0.9879,1.0336,0.00192,0.002395,0.002337,1.034239,4.796947
1835532288,64218.4,0.002282,0.017169,0.000196,0.862442,0.0,0.9879,1.0336,0.0015,0.001968,0.002304,1.039533,4.71115
1836318720,64223.2,-0.003184,0.015579,0.000195,0.865176,0.0,0.988,1.0339,0.00153,0.002114,0.002424,1.032729,4.811756
1837105152,64218.6,-0.003449,0.027836,0.000209,0.868874,0.0,0.9881,1.034,0.002117,0.002033,0.002476,1.052371,4.955153
1837891584,64223.2,-0.001273,0.021987,0.000211,0.866992,0.0,0.9881,1.0341,0.002503,0.002344,0.00267,1.052785,4.95713
1838678016,64227.5,-0.002982,0.023265,0.000207,0.871129,0.0,0.9883,1.0344,0.002144,0.002321,0.002243,1.065391,4.968767
1839464448,64222.6,-0.005057,0.029322,0.000207,0.868981,0.0,0.9884,1.0347,0.001743,0.001944,0.002174,0.906297,4.137516
1840250880,64226.3,-0.000303,0.025365,0.000203,0.875836,0.0,0.9884,1.0346,0.002141,0.002241,0.002981,1.037842,5.057754
1841037312,64230.6,-0.002255,0.021243,0.000201,0.87145,0.0,0.9885,1.034,0.002108,0.002238,0.003074,1.008311,4.938632
1841823744,64235.1,0.000642,0.019914,0.000201,0.870307,0.0,0.9886,1.0339,0.002149,0.001844,0.002581,1.01485,4.869078
1842610176,64229.6,-0.008353,0.030171,0.000212,0.864971,0.0,0.9886,1.0336,0.001805,0.001734,0.002244,1.03499,4.874545
1843396608,64233.8,-0.006035,0.017659,0.000208,0.864556,0.0,0.9883,1.0328,0.00213,0.001883,0.002647,1.027498,4.805906
1844183040,64237.1,-0.003842,0.022545,0.000211,0.866268,0.0,0.9881,1.0327,0.001573,0.00185,0.002377,1.038366,4.81139
1844969472,64241.4,0.003279,0.017662,0.000209,0.870105,0.0,0.9879,1.0326,0.001453,0.001574,0.002236,1.008966,4.83192
1845755904,64236.4,-0.001101,0.029137,0.000218,0.877667,0.0,0.9878,1.0326,0.002599,0.002013,0.002514,1.001457,4.918212
1846542336,64240.6,-0.003192,0.023179,0.000212,0.881743,0.0,0.9877,1.0325,0.003535,0.001982,0.002503,0.97712,4.888443
1847328768,64244.5,-0.006403,0.017993,0.000213,0.881052,0.0,0.9875,1.0326,0.003051,0.001804,0.002247,0.977541,4.867049
1848115200,64240.1,9e-05,0.026322,0.000207,0.877901,0.0,0.9875,1.0327,0.002195,0.001752,0.00232,0.970523,4.911658
1848901632,64244.6,-0.003533,0.017198,0.000199,0.882001,0.0,0.9872,1.0323,0.00152,0.001848,0.002266,0.984961,4.800909
1849688064,64249.2,-0.009837,0.013512,0.000198,0.883474,0.0,0.9873,1.0325,0.001567,0.001719,0.00256,1.004866,4.861021
1850474496,64253.4,-0.004658,0.014996,0.000198,0.87751,0.0,0.9874,1.0329,0.002051,0.001799,0.00248,0.987607,4.915088
1851260928,64249.0,0.002153,0.029657,0.000207,0.878309,0.0,0.9876,1.0328,0.002294,0.001659,0.002452,0.993776,4.911165
1852047360,64253.5,-0.002042,0.022444,0.000208,0.878671,0.0,0.9874,1.0324,0.001951,0.002177,0.00268,1.004364,4.894337
1852833792,64257.4,0.000914,0.016011,0.000213,0.878373,0.0,0.9874,1.0325,0.002014,0.002113,0.002654,1.020384,4.915107
1853620224,64252.7,0.002417,0.025508,0.000213,0.880372,0.0,0.9875,1.0325,0.001538,0.001685,0.002498,0.997866,4.878532
1854406656,64257.1,-0.002676,0.015699,0.000207,0.890193,0.0,0.9874,1.033,0.001522,0.001751,0.002561,0.991476,4.985929
1855193088,64261.2,-0.003132,0.015091,0.000206,0.89118,0.0,0.9874,1.0331,0.002281,0.001816,0.002316,0.982445,5.062563
1855979520,64265.6,-0.005961,0.014956,0.000205,0.889222,0.0,0.9873,1.0335,0.001566,0.001615,0.002332,0.97728,5.065237
1856765952,64260.5,-0.00048,0.026511,0.000221,0.880839,0.0,0.9873,1.0337,0.001641,0.002152,0.002481,1.029465,5.051616
1857552384,64264.3,-0.002022,0.01894,0.000215,0.876132,0.0,0.987,1.0335,0.001473,0.002406,0.002588,1.007189,4.947967
1858338816,64268.4,0.000158,0.017754,0.000215,0.873639,0.0,0.987,1.0342,0.001959,0.002169,0.002605,1.0064,4.928354
1859125248,64262.7,-0.001487,0.027726,0.00022,0.871227,0.0,0.9869,1.0345,0.001799,0.002136,0.002352,0.97055,5.094776
1859911680,64266.1,-0.005393,0.017053,0.00021,0.873468,0.0,0.9869,1.0345,0.002239,0.002064,0.002538,1.02876,4.929963
1860698112,64270.3,-0.008511,0.019215,0.000214,0.875216,0.0,0.9872,1.035,0.002048,0.002376,0.002493,1.009394,4.905028
1861484544,64274.4,-0.003351,0.017955,0.000215,0.874089,0.0,0.9874,1.0355,0.00143,0.001986,0.002189,0.988768,4.88868
1862270976,64268.4,-0.003881,0.03155,0.00022,0.872395,0.0,0.9875,1.0354,0.002443,0.001837,0.003158,0.97425,4.841369
1863057408,64272.6,-0.00582,0.023695,0.000217,0.868598,0.0,0.9874,1.0343,0.002842,0.002519,0.003327,0.948156,4.76836
1863843840,64277.1,-0.004864,0.020551,0.000214,0.866067,0.0,0.9875,1.034,0.001967,0.001969,0.002355,0.96867,4.74941
1864630272,64273.1,0.002523,0.028001,0.000214,0.869744,0.0,0.9875,1.0334,0.00177,0.002124,0.002433,0.867858,4.212781
1865416704,64277.6,-0.002701,0.018227,0.000213,0.879329,0.0,0.9876,1.0334,0.001953,0.002291,0.002562,0.987098,4.809649
1866203136,64281.9,-0.007983,0.013381,0.000217,0.881453,0.0,0.9877,1.0337,0.002176,0.0021,0.002324,0.965252,4.761154
1866989568,64286.4,-0.001479,0.015471,0.000212,0.881898,0.0,0.9877,1.0337,0.002394,0.001956,0.002306,0.972801,4.916656
1867776000,64281.8,0.001463,0.025453,0.000219,0.873172,0.0,0.9878,1.034,0.001599,0.00159,0.002341,0.978332,4.862202
1868562432,64285.8,-0.005286,0.016482,0.000214,0.872737,0.0,0.9878,1.0343,0.001811,0.001763,0.002428,1.008473,4.783862
1869348864,64290.3,-0.005363,0.017627,0.000209,0.877389,0.0,0.9878,1.0347,0.001825,0.001643,0.002276,1.001242,4.784558
1870135296,64294.7,0.000514,0.017486,0.000211,0.877351,0.0,0.9878,1.0351,0.001668,0.001877,0.002333,0.98556,4.923309
1870921728,64289.8,0.008715,0.02411,0.000203,0.87635,0.0,0.9878,1.0349,0.001418,0.001542,0.002478,0.964774,4.920738
1871708160,64294.2,0.00303,0.015576,0.0002,0.878111,0.0,0.9878,1.0346,0.001345,0.001553,0.002266,0.967822,4.913387
1872494592,64298.3,-0.007475,0.011424,0.000197,0.883336,0.0,0.9879,1.0346,0.001649,0.001515,0.002196,0.964014,4.843425
1873281024,64293.4,-0.003991,0.021405,0.000204,0.876698,0.0,0.9881,1.0348,0.001298,0.001434,0.001839,1.022691,4.840779
1874067456,64296.8,-0.003052,0.016785,0.000202,0.874022,0.0,0.9884,1.0355,0.001594,0.001952,0.002175,1.001323,4.863133
1874853888,64300.5,-0.00175,0.015332,0.000206,0.867786,0.0,0.9886,1.0356,0.001455,0.001925,0.002195,0.995443,4.782002
1875640320,64305.0,-0.00674,0.013719,0.000207,0.86827,0.0,0.989,1.0362,0.001552,0.001593,0.002084,0.982904,4.836713
1876426752,64299.7,-0.002386,0.027575,0.00021,0.871193,0.0,0.9891,1.0367,0.001633,0.001879,0.002433,1.000085,4.749738
1877213184,64304.0,0.00242,0.02154,0.000207,0.870327,0.0,0.9892,1.0372,0.001668,0.001988,0.002645,0.993493,4.839677
1877999616,64308.4,-0.007386,0.018693,0.000209,0.866437,0.0,0.9893,1.0375,0.003901,0.002119,0.003189,0.995398,4.805035
1878786048,64302.9,-0.000568,0.027497,0.000212,0.865603,0.0,0.9893,1.0379,0.001712,0.001778,0.002268,0.987413,4.732763
1879572480,64306.2,-0.001765,0.015544,0.000211,0.873166,0.0,0.9895,1.0389,0.001405,0.002155,0.002633,0.983489,4.77138
1880358912,64310.5,-0.003746,0.017271,0.000207,0.874559,0.0,0.9896,1.0398,0.001495,0.002014,0.002644,0.980819,4.772177
1881145344,64314.7,-0.000453,0.018669,0.000206,0.873961,0.0,0.9895,1.0399,0.001528,0.001812,0.002457,0.977776,4.678804
1881931776,64309.4,-0.002344,0.025321,0.000217,0.8734,0.0,0.9896,1.0404,0.001804,0.001814,0.002473,0.974679,4.750372
1882718208,64314.1,9.4e-05,0.015137,0.000217,0.873145,0.0,0.9896,1.0406,0.001545,0.001955,0.002513,0.981659,4.764668
1883504640,64318.7,-6e-05,0.013291,0.000218,0.875814,0.0,0.9896,1.0409,0.001786,0.001768,0.002438,0.98127,4.806664
1884291072,64313.6,-0.004949,0.020171,0.000222,0.873009,0.0,0.9897,1.0411,0.001524,0.001859,0.002207,0.956006,4.925879
1885077504,64318.1,-0.002714,0.016641,0.000209,0.874357,0.0,0.9898,1.0418,0.001544,0.002051,0.002332,0.963491,4.785246
1885863936,64322.3,-0.000946,0.014406,0.000208,0.874118,0.0,0.9899,1.0424,0.00152,0.001709,0.002068,0.988241,4.724654
1886650368,64326.5,0.002209,0.015956,0.000212,0.874677,0.0,0.99,1.043,0.001478,0.001921,0.002102,1.013002,4.808699
1887436800,64321.8,-0.003089,0.028129,0.000223,0.873774,0.0,0.9899,1.043,0.001915,0.001742,0.002345,1.006717,4.944066
1888223232,64326.4,-0.008336,0.017782,0.000219,0.872115,0.0,0.9898,1.0429,0.001967,0.001676,0.002034,1.035415,4.885171
1889009664,64330.9,-0.003297,0.014632,0.000219,0.866756,0.0,0.9898,1.0429,0.001646,0.001908,0.002168,1.030716,4.840598
1889796096,64326.4,0.001477,0.026875,0.000224,0.867516,0.0,0.9899,1.0432,0.001519,0.001558,0.001837,0.882999,4.22746
1890582528,64330.5,-0.000769,0.014041,0.000208,0.872903,0.0,0.9897,1.043,0.001678,0.001518,0.002378,1.005905,4.826375
1891368960,64334.5,-0.009296,0.011179,0.000207,0.875617,0.0,0.9895,1.0431,0.001628,0.001566,0.002384,1.003964,4.870383
1892155392,64338.2,-0.001998,0.012068,0.000204,0.872107,0.0,0.9894,1.0432,0.002013,0.001412,0.002049,0.98287,4.826123
1892941824,64329.6,0.000184,0.029209,0.000214,0.867441,0.0,0.9894,1.0435,0.001987,0.00183,0.002533,1.009902,4.823852
1893728256,64333.1,-0.001011,0.018877,0.000211,0.865231,0.0,0.9892,1.0431,0.002078,0.002354,0.003568,0.992904,4.743722
1894514688,64337.2,-0.00291,0.019953,0.000208,0.864846,0.0,0.989,1.0431,0.002196,0.002141,0.003343,0.999981,4.703341
1895301120,64341.0,0.002841,0.019006,0.000202,0.862141,0.0,0.9889,1.0429,0.001918,0.002183,0.002639,1.011178,4.762666
1896087552,64336.8,-0.005304,0.024907,0.000212,0.867901,0.0,0.9889,1.0434,0.001744,0.002062,0.002412,1.011982,4.783576
1896873984,64340.2,-0.001994,0.017511,0.000207,0.871505,0.0,0.989,1.044,0.00162,0.001909,0.002402,0.990172,4.774975
1897660416,64344.6,0.002703,0.020117,0.000209,0.874342,0.0,0.9891,1.0445,0.001694,0.001979,0.002082,0.975949,4.819398
1898446848,64339.9,0.000683,0.025327,0.000209,0.870859,0.0,0.9893,1.0451,0.001657,0.001979,0.002399,1.011941,4.712098
1899233280,64344.6,-0.00267,0.020541,0.000205,0.861876,0.0,0.9893,1.0447,0.004183,0.002422,0.002953,1.00103,4.80794
1900019712,64348.8,0.000183,0.020151,0.000204,0.862749,0.0,0.9892,1.0439,0.002097,0.002364,0.002979,1.031097,4.789324
1900806144,64353.3,0.004513,0.016275,0.000202,0.861128,0.0,0.9892,1.0433,0.002011,0.002495,0.002631,1.028399,4.809971
1901592576,64348.6,-0.00499,0.024073,0.00021,0.862195,0.0,0.9891,1.0428,0.002214,0.001628,0.002442,1.014686,4.690187
1902379008,64352.8,-0.003723,0.013923,0.000201,0.861573,0.0,0.9893,1.0425,0.002453,0.001714,0.002857,1.013068,4.78496
1903165440,64357.0,-0.005674,0.0158,0.000205,0.859327,0.0,0.9894,1.0419,0.001694,0.001669,0.002315,1.009083,4.776919
1903951872,64352.0,-0.001906,0.024776,0.000209,0.858474,0.0,0.9895,1.0417,0.001466,0.001499,0.001998,1.0042,4.714171
1904738304,64356.3,-0.000202,0.015732,0.000203,0.869631,0.0,0.9895,1.0419,0.00184,0.001813,0.002153,0.997735,4.768898
1905524736,64360.5,-0.004152,0.013611,0.000201,0.872513,0.0,0.9897,1.0426,0.002983,0.002161,0.002775,0.98064,4.832115
1906311168,64364.3,-0.003504,0.011411,0.000201,0.875036,0.0,0.9898,1.0428,0.00173,0.002169,0.002255,1.008241,4.867005
1907097600,64359.5,-0.001981,0.032052,0.00021,0.865741,0.0,0.9896,1.0425,0.002736,0.002216,0.002679,1.011272,4.802729
1907884032,64364.4,-0.005503,0.030839,0.000209,0.865696,0.0,0.9896,1.0421,0.002777,0.002924,0.002855,1.01798,4.674483
1908670464,64369.2,-0.001907,0.026528,0.000204,0.865181,0.0,0.9893,1.0413,0.001897,0.002401,0.003097,0.994282,4.753883
1909456896,64363.8,-0.004913,0.032031,0.000208,0.865094,0.0,0.9892,1.0408,0.001481,0.002192,0.002611,0.964756,4.974051
1910243328,64368.0,-0.002253,0.020968,0.000212,0.875131,0.0,0.9891,1.0406,0.001603,0.001758,0.002433,0.99246,4.786245
1911029760,64372.5,-0.00296,0.01982,0.00021,0.872353,0.0,0.989,1.0406,0.001436,0.001733,0.002652,0.999268,4.883573
1911816192,64376.4,0.002982,0.019096,0.000207,0.875628,0.0,0.9888,1.0405,0.002329,0.001813,0.002328,1.019277,4.848027
1912602624,64372.3,-0.005048,0.027962,0.000208,0.867876,0.0,0.9887,1.0402,0.002094,0.001769,0.002206,1.009462,4.881949
1913389056,64376.6,0.003064,0.024601,0.000206,0.864295,0.0,0.9886,1.0392,0.00258,0.002169,0.002519,1.006094,4.753937
1914175488,64380.8,-0.00186,0.020545,0.000208,0.866164,0.0,0.9883,1.0381,0.002032,0.00179,0.002433,1.020076,4.772024
1914961920,64367.0,0.002733,0.031894,0.000214,0.866371,0.0,0.9881,1.0369,0.002189,0.001624,0.00226,0.944429,4.48207
1915748352,64370.8,-0.000913,0.023885,0.000195,0.87182,0.0,0.988,1.036,0.00256,0.002332,0.002935,0.986305,4.695303
1916534784,64375.2,0.003923,0.02315,0.000193,0.875857,0.0,0.988,1.0358,0.002477,0.001919,0.002625,1.008453,4.796917
1917321216,64378.5,-0.002766,0.017822,0.000194,0.874774,0.0,0.9881,1.0358,0.002344,0.001649,0.00239,0.996029,4.846668
1918107648,64373.2,-0.004207,0.027333,0.000206,0.875094,0.0,0.9882,1.0361,0.001664,0.001682,0.002035,1.002785,4.780963
1918894080,64376.5,-0.01608,0.018406,0.000211,0.872754,0.0,0.9881,1.0361,0.001685,0.001967,0.002418,1.013864,4.81986
1919680512,64380.6,8.2e-05,0.021359,0.00021,0.869738,0.0,0.9879,1.0361,0.001317,0.001808,0.00225,1.014753,4.727297
1920466944,64384.6,-0.006195,0.020905,0.000211,0.871938,0.0,0.9878,1.0361,0.001773,0.002062,0.002669,1.032468,4.7192
1921253376,64379.3,0.002274,0.030247,0.000205,0.876246,0.0,0.9875,1.0353,0.00175,0.002024,0.002747,0.985981,4.72027
1922039808,64383.2,-0.002869,0.027221,0.000204,0.871893,0.0,0.9871,1.0341,0.001971,0.00206,0.002976,0.9606,4.723415
1922826240,64387.5,0.003039,0.024633,0.000205,0.875395,0.0,0.9868,1.0331,0.001946,0.00222,0.002715,0.97621,4.722413
1923612672,64382.9,-0.009428,0.028323,0.000212,0.874604,0.0,0.9867,1.0325,0.00158,0.001799,0.002392,0.989149,4.764047
1924399104,64387.0,0.002327,0.023486,0.000206,0.879362,0.0,0.9865,1.0319,0.00177,0.001894,0.002214,0.9895,4.858261
1925185536,64390.8,-0.002175,0.022098,0.000202,0.879024,0.0,0.9867,1.0324,0.001686,0.001625,0.002135,0.994268,5.0294
1925971968,64394.7,0.001967,0.021091,0.000201,0.876853,0.0,0.9868,1.0324,0.001959,0.001705,0.002312,0.992097,5.014883
1926758400,64390.2,0.002903,0.032474,0.000205,0.872667,0.0,0.9868,1.0323,0.001583,0.001831,0.002676,1.000316,4.975196
1927544832,64394.4,-0.009324,0.017408,0.000204,0.873271,0.0,0.9868,1.0321,0.001429,0.001825,0.002819,1.013517,4.754591
1928331264,64398.6,0.001964,0.019517,0.000199,0.871035,0.0,0.9868,1.032,0.001532,0.001909,0.002496,1.01228,4.740398
1929117696,64393.6,0.001086,0.027722,0.000204,0.863971,0.0,0.9869,1.0319,0.001577,0.001961,0.002274,1.030769,4.65831
1929904128,64398.0,-0.007979,0.022873,0.000209,0.857024,0.0,0.987,1.032,0.0022,0.002216,0.002558,1.066519,4.760143
1930690560,64402.3,0.000394,0.022402,0.000209,0.858355,0.0,0.9872,1.0323,0.001838,0.002605,0.00285,1.042246,4.745131
1931476992,64406.6,-0.002068,0.018728,0.000205,0.861433,0.0,0.9875,1.033,0.002274,0.001748,0.002316,1.064596,4.827554
1932263424,64401.3,-0.002402,0.035588,0.000208,0.868469,0.0,0.9877,1.0335,0.001956,0.002499,0.002361,1.046532,4.836807
1933049856,64405.8,-0.001168,0.02591,0.000203,0.87457,0.0,0.9876,1.0337,0.002106,0.003009,0.002671,1.015323,4.892612
1933836288,64410.0,-0.005033,0.023372,0.000202,0.872053,0.0,0.9874,1.0339,0.001575,0.002604,0.002691,1.004039,4.838959
1934622720,64406.0,-0.001001,0.029979,0.000211,0.875427,0.0,0.9872,1.0339,0.002911,0.002148,0.001977,0.980715,5.066151
1935409152,64410.1,0.004417,0.02471,0.000207,0.879158,0.0,0.9871,1.0337,0.001921,0.001891,0.002523,1.016993,4.84172
1936195584,64414.1,-0.002168,0.022612,0.000205,0.881073,0.0,0.9869,1.0336,0.002043,0.001928,0.002239,0.990524,4.796133
1936982016,64418.1,0.001839,0.02011,0.000203,0.881699,0.0,0.9869,1.0334,0.00171,0.002145,0.00211,0.988445,4.946659
1937768448,64413.9,0.002888,0.02997,0.000208,0.870585,0.0,0.9868,1.0333,0.001508,0.001805,0.002306,1.001064,4.930442
1938554880,64418.2,-0.00232,0.024405,0.000204,0.873634,0.0,0.9871,1.034,0.001888,0.00184,0.002572,1.008315,4.856826
1939341312,64422.6,-0.004711,0.021251,0.000202,0.872236,0.0,0.9874,1.035,0.001806,0.001911,0.00245,1.005028,4.841076
1940127744,64418.1,-0.006947,0.02652,0.000209,0.869337,0.0,0.9879,1.0363,0.001303,0.001744,0.002062,0.964269,4.499258
1940914176,64422.0,0.000321,0.033679,0.000212,0.866025,0.0,0.9879,1.036,0.002448,0.002334,0.003376,1.023182,4.853939
1941700608,64425.8,-0.003048,0.024455,0.000214,0.867389,0.0,0.9879,1.0358,0.001948,0.001964,0.002915,1.012536,4.789618
1942487040,64429.5,-0.007143,0.020948,0.000214,0.86933,0.0,0.988,1.0357,0.001991,0.001813,0.002787,0.994861,4.765079
1943273472,64424.6,-0.005072,0.032912,0.00022,0.864604,0.0,0.988,1.0356,0.003306,0.001761,0.003019,0.987782,4.83005
1944059904,64428.7,0.003669,0.027316,0.00021,0.861606,0.0,0.9879,1.035,0.002555,0.002071,0.003199,1.006076,4.807871
1944846336,64432.8,-0.000317,0.019177,0.000211,0.862729,0.0,0.9879,1.0346,0.002031,0.001701,0.00263,1.015097,4.74433
1945632768,64436.2,-0.002822,0.01797,0.000208,0.860438,0.0,0.9879,1.0342,0.001963,0.001662,0.002371,1.031633,4.721918
1946419200,64431.6,-0.000957,0.027727,0.00021,0.856245,0.0,0.988,1.0342,0.002069,0.001838,0.002716,1.027361,4.694206
1947205632,64435.3,-0.002063,0.020725,0.000204,0.857685,0.0,0.988,1.0341,0.00157,0.00188,0.002784,1.046561,4.702978
1947992064,64439.3,-0.006013,0.01626,0.000206,0.85844,0.0,0.9879,1.0338,0.00127,0.001742,0.002317,1.054151,4.790666
1948778496,64434.6,-0.004252,0.02273,0.000206,0.860055,0.0,0.988,1.034,0.001696,0.001649,0.002383,1.039629,4.896146
1949564928,64439.1,0.001394,0.022481,0.000199,0.866537,0.0,0.988,1.0339,0.002347,0.002154,0.002735,1.046627,4.865419
1950351360,64443.3,-0.002929,0.016865,0.0002,0.86477,0.0,0.9882,1.0339,0.001788,0.001855,0.002493,1.044712,4.9747
1951137792,64447.6,-0.003395,0.01591,0.000201,0.871308,0.0,0.9882,1.0336,0.001555,0.001721,0.002055,1.047393,4.873087
1951924224,64443.5,0.001228,0.028089,0.000205,0.868295,0.0,0.9882,1.0335,0.001925,0.002179,0.002417,1.041822,4.99435
1952710656,64447.8,-0.004507,0.015787,0.000202,0.87037,0.0,0.9884,1.0332,0.001616,0.001665,0.002069,1.050092,4.985972
1953497088,64451.7,-0.007322,0.012745,0.000205,0.869091,0.0,0.9884,1.0332,0.001589,0.001422,0.00201,1.056854,4.905859
1954283520,64447.8,-0.000501,0.028412,0.00021,0.868191,0.0,0.9884,1.0328,0.001643,0.001495,0.002138,1.045136,4.895313
1955069952,64452.2,-0.003155,0.019135,0.000211,0.864542,0.0,0.9883,1.0327,0.001712,0.001664,0.002626,1.061111,5.025473
1955856384,64456.5,-0.006708,0.020926,0.000211,0.864166,0.0,0.9883,1.0324,0.001617,0.002052,0.002334,1.044753,5.034626
1956642816,64460.6,-0.006642,0.015989,0.000213,0.858269,0.0,0.9882,1.0322,0.001321,0.00171,0.002104,1.084991,5.050694
1957429248,64456.6,0.001742,0.029509,0.000204,0.861103,0.0,0.9882,1.0325,0.001679,0.001712,0.002132,1.040172,4.882504
1958215680,64461.0,-0.002437,0.022655,0.000205,0.865315,0.0,0.9882,1.0327,0.001686,0.002071,0.002375,1.02692,4.961658
1959002112,64465.1,-0.000925,0.021804,0.000204,0.862545,0.0,0.988,1.0327,0.001592,0.001807,0.002379,1.021351,4.843893
1959788544,64461.7,-0.00443,0.026677,0.000204,0.858047,0.0,0.9879,1.0329,0.001589,0.001871,0.002167,0.998183,4.963598
1960574976,64466.3,0.005079,0.021723,0.000197,0.858082,0.0,0.9879,1.0333,0.001593,0.001874,0.002687,1.02496,4.665355
1961361408,64470.9,0.002017,0.015452,0.000197,0.857013,0.0,0.9877,1.0335,0.001693,0.001977,0.002452,1.018337,4.64807
1962147840,64475.4,-0.005699,0.012346,0.000201,0.859739,0.0,0.9875,1.0336,0.001822,0.001736,0.001998,1.018935,4.758888
1962934272,64471.3,0.002438,0.025091,0.000206,0.857164,0.0,0.9874,1.0338,0.001564,0.001634,0.002048,1.006352,4.75193
1963720704,64475.3,-0.006351,0.017087,0.000203,0.864233,0.0,0.9875,1.0344,0.002194,0.001771,0.002318,1.035052,4.734776
1964507136,64479.4,4.3e-05,0.018288,0.000203,0.863304,0.0,0.9875,1.0347,0.0017,0.001905,0.002361,1.046845,4.872033
1965293568,64474.6,0.001087,0.022762,0.000211,0.864697,0.0,0.9875,1.0352,0.001607,0.001677,0.002104,1.029735,4.678283
1966080000,64479.3,-0.003645,0.018267,0.000213,0.863969,0.0,0.9874,1.0351,0.002169,0.001982,0.002994,1.059003,4.905104
1966866432,64483.6,-0.007918,0.015562,0.000212,0.86409,0.0,0.9874,1.0356,0.001694,0.001783,0.002434,1.065449,4.860801
1967652864,64488.3,0.003972,0.016664,0.000217,0.864565,0.0,0.9875,1.0357,0.001622,0.001901,0.00232,1.083174,4.953802
1968439296,64484.3,0.000309,0.026446,0.000213,0.861541,0.0,0.9875,1.0357,0.001438,0.001458,0.001935,1.025177,4.928743
1969225728,64488.6,-0.002144,0.018684,0.000203,0.868734,0.0,0.9874,1.0356,0.001785,0.00177,0.002138,1.017428,4.891871
1970012160,64492.8,-0.002333,0.017235,0.000202,0.873314,0.0,0.9874,1.0354,0.001471,0.001437,0.002274,1.016994,4.839229
1970798592,64496.1,-0.000906,0.016326,0.000201,0.872247,0.0,0.9873,1.0352,0.002061,0.001706,0.002288,1.01474,4.95597
1971585024,64492.1,-0.004592,0.023326,0.00021,0.872189,0.0,0.9872,1.0349,0.00148,0.00161,0.002798,1.028315,5.034151
1972371456,64496.3,0.002847,0.014916,0.000206,0.874591,0.0,0.987,1.0347,0.001821,0.001565,0.002239,1.014891,5.026256
1973157888,64500.4,-0.002783,0.012271,0.000206,0.877411,0.0,0.9869,1.0347,0.001762,0.001659,0.002368,1.034706,5.049548
1973944320,64497.1,-0.004502,0.023742,0.000207,0.871646,0.0,0.9868,1.0345,0.001593,0.001689,0.002465,1.038964,4.918266
1974730752,64501.7,-0.003382,0.015824,0.000209,0.873207,0.0,0.9869,1.0343,0.001634,0.001626,0.002211,1.016107,4.917852
1975517184,64506.1,0.002828,0.01632,0.000206,0.86776,0.0,0.9871,1.0347,0.001479,0.001556,0.001932,1.041163,4.977751
1976303616,64510.7,-0.004787,0.015435,0.000211,0.867592,0.0,0.9872,1.0348,0.00166,0.00163,0.002103,1.090489,4.959442
1977090048,64506.3,-0.002196,0.022922,0.000219,0.865142,0.0,0.9874,1.0352,0.001463,0.001578,0.001999,1.068716,5.037599
1977876480,64510.4,0.00072,0.014521,0.000213,0.87074,0.0,0.9877,1.0365,0.001224,0.001571,0.00223,1.07014,5.052409
1978662912,64514.6,0.00066,0.01673,0.000215,0.867244,0.0,0.9882,1.0377,0.001649,0.001587,0.002198,1.036387,4.942085
1979449344,64510.0,0.00768,0.028562,0.000215,0.866639,0.0,0.9885,1.0382,0.001402,0.001549,0.002211,1.03144,4.899955
1980235776,64514.1,0.001587,0.015181,0.000217,0.872785,0.0,0.9886,1.0388,0.001367,0.001552,0.002157,1.051919,4.985234
1981022208,64518.2,0.001933,0.013674,0.000212,0.871438,0.0,0.9886,1.0391,0.001112,0.001534,0.0019,1.044831,5.06565
1981808640,64522.3,-0.00254,0.012968,0.000214,0.87229,0.0,0.9886,1.0392,0.001274,0.001552,0.001964,1.047003,4.95054
1982595072,64517.2,-0.007636,0.02179,0.000208,0.871412,0.0,0.9888,1.0394,0.001332,0.001386,0.001935,1.018459,4.937047
1983381504,64521.2,-0.001161,0.013592,0.000198,0.874258,0.0,0.9888,1.04,0.001747,0.001614,0.002114,1.033721,5.049967
1984167936,64525.0,0.004652,0.013186,0.000197,0.875326,0.0,0.9888,1.0404,0.001538,0.0015,0.002025,1.05845,5.065534
1984954368,64521.2,-0.002825,0.021786,0.000203,0.871892,0.0,0.9889,1.0409,0.001355,0.001563,0.00193,1.0303,5.171185
1985740800,64525.4,-0.002473,0.021642,0.00021,0.873891,0.0,0.9889,1.0415,0.001647,0.002112,0.002659,1.015037,5.070919
1986527232,64529.5,-0.002483,0.018167,0.000208,0.872037,0.0,0.989,1.0421,0.002145,0.002008,0.002631,1.017801,4.945864
1987313664,64533.7,-0.002404,0.0199,0.000212,0.867161,0.0,0.989,1.0429,0.0015,0.001894,0.002245,1.064663,4.903346
1988100096,64528.8,-0.000747,0.029268,0.000217,0.861775,0.0,0.9891,1.0433,0.001865,0.001933,0.002277,1.014585,4.815785
1988886528,64532.4,0.001259,0.020296,0.000215,0.862205,0.0,0.9892,1.0436,0.001811,0.001719,0.002258,1.03685,4.826586
1989672960,64536.0,-5.6e-05,0.013316,0.000211,0.866486,0.0,0.9892,1.044,0.00138,0.001707,0.002121,1.036716,4.83997
1990459392,64532.0,-0.002404,0.020357,0.000213,0.866494,0.0,0.9895,1.0449,0.00153,0.001995,0.001938,1.040367,4.783107
1991245824,64536.0,0.001375,0.015669,0.000206,0.860346,0.0,0.9895,1.0451,0.002044,0.00172,0.002812,1.103219,4.893885
1992032256,64540.1,0.005647,0.017513,0.000211,0.863297,0.0,0.9895,1.045,0.001745,0.001443,0.002341,1.069162,4.927429
1992818688,64544.2,-0.003596,0.011372,0.00021,0.860985,0.0,0.9895,1.0449,0.001709,0.001469,0.002244,1.049046,4.935049
1993605120,64539.5,-0.001273,0.025908,0.000214,0.857223,0.0,0.9894,1.0443,0.001459,0.001484,0.002456,1.058024,4.931842
1994391552,64543.5,-0.003322,0.019079,0.000211,0.862113,0.0,0.9892,1.0433,0.001271,0.001686,0.002259,1.037725,4.905654
1995177984,64547.3,-0.005705,0.017839,0.000211,0.854842,0.0,0.9891,1.0424,0.00157,0.001723,0.002082,1.046965,4.890112
1995964416,64551.3,4e-05,0.021186,0.00021,0.855547,0.0,0.9888,1.0414,0.0018,0.001683,0.002239,1.031301,4.818369
1996750848,64547.0,-0.005309,0.023252,0.000211,0.855483,0.0,0.9888,1.0408,0.001678,0.0017,0.001915,1.036178,4.816717
1997537280,64551.1,-0.000353,0.016082,0.000208,0.849065,0.0,0.9888,1.0401,0.001775,0.0018,0.002105,1.050508,4.834613
1998323712,64555.2,-0.000181,0.012987,0.000208,0.851881,0.0,0.9889,1.0398,0.001357,0.001723,0.001735,1.044695,4.832382
1999110144,64551.9,-0.003972,0.027594,0.000211,0.846295,0.0,0.9889,1.0396,0.001677,0.001761,0.002271,1.083335,4.729675
1999896576,64555.4,0.000993,0.023428,0.000205,0.841298,0.0,0.9887,1.0389,0.001798,0.002361,0.00237,1.057759,4.751681
2000683008,64559.7,0.000253,0.024794,0.000212,0.834577,0.0,0.9886,1.0379,0.001954,0.00219,0.002494,1.067286,4.70695
2001469440,63431.0,-0.001994,0.022974,0.000209,0.833361,0.0,0.9884,1.0369,0.001781,0.002405,0.002157,1.090532,4.741897
2002255872,63427.8,-0.009148,0.0254,0.000211,0.841257,0.0,0.9884,1.0369,0.001679,0.001706,0.002238,1.064054,4.740685
2003042304,63432.1,0.000153,0.018879,0.000205,0.852601,0.0,0.9883,1.0369,0.001864,0.001823,0.002428,1.051182,4.655165
2003828736,63436.5,-0.00353,0.013078,0.000207,0.859792,0.0,0.9883,1.0369,0.001483,0.001785,0.002113,1.050272,4.719397
2004615168,63433.1,-0.005358,0.023653,0.00021,0.858966,0.0,0.9883,1.0368,0.0014,0.001685,0.002245,1.019985,4.676465
2005401600,63437.3,0.003849,0.015853,0.000205,0.859422,0.0,0.9883,1.0372,0.001544,0.001597,0.002342,1.039232,4.817598
2006188032,63441.5,0.001849,0.018342,0.00021,0.863541,0.0,0.9883,1.037,0.001478,0.001784,0.002264,1.030169,4.785434
2006974464,63445.8,-0.00481,0.014802,0.000212,0.863086,0.0,0.9883,1.0368,0.001471,0.001566,0.002166,1.031104,4.756002
2007760896,63442.1,0.000213,0.029964,0.000224,0.855017,0.0,0.9883,1.0365,0.001686,0.001485,0.002187,1.021755,4.798727
2008547328,63446.0,-0.00249,0.016208,0.000213,0.857753,0.0,0.9883,1.0368,0.001635,0.001844,0.002512,1.04897,4.828605
2009333760,63449.8,-0.003975,0.018068,0.000214,0.857786,0.0,0.9882,1.0368,0.001542,0.001724,0.00222,1.046886,4.83728
2010120192,63445.2,0.001607,0.025601,0.000215,0.855686,0.0,0.9881,1.037,0.001476,0.001353,0.001988,1.072316,5.002231
2010906624,63449.4,0.003476,0.02422,0.000213,0.855707,0.0,0.9881,1.0372,0.001541,0.001539,0.002218,1.040442,4.782074
2011693056,63453.5,-0.001221,0.021491,0.000211,0.854465,0.0,0.9881,1.0375,0.00179,0.001738,0.00232,1.046158,4.835479
2012479488,63457.5,-0.001236,0.017054,0.000211,0.854148,0.0,0.9882,1.0381,0.001583,0.001619,0.002226,1.066635,4.897985
2013265920,63453.5,0.000559,0.026994,0.000219,0.849223,0.0,0.9883,1.0385,0.00142,0.001639,0.001914,1.066884,4.863312
2014052352,63457.6,-0.00305,0.020295,0.000213,0.848722,0.0,0.9883,1.039,0.001609,0.002019,0.002622,1.072601,4.755078
2014838784,63461.0,-0.005452,0.016503,0.000213,0.850443,0.0,0.9884,1.0396,0.001702,0.001793,0.002137,1.055457,4.746391
2015625216,63457.6,-0.00615,0.023197,0.000219,0.8508,0.0,0.9884,1.0398,0.001461,0.001905,0.002096,1.039985,4.7233
2016411648,63462.3,-0.000248,0.020692,0.000204,0.855324,0.0,0.9885,1.0401,0.002557,0.001716,0.002348,1.061746,4.794985
2017198080,63467.0,-0.007992,0.015388,0.000206,0.855559,0.0,0.9887,1.041,0.001553,0.001575,0.001947,1.048254,4.847441
2017984512,63471.6,-0.005297,0.012226,0.000208,0.855912,0.0,0.9889,1.0421,0.001955,0.001463,0.002305,1.041856,4.858443
2018770944,63468.1,0.004067,0.02303,0.000213,0.855722,0.0,0.989,1.0423,0.001783,0.001368,0.001955,1.023379,4.835389
2019557376,63472.1,-0.007165,0.015022,0.000215,0.85238,0.0,0.989,1.0423,0.002264,0.001323,0.002265,1.039623,4.875136
2020343808,63476.2,-0.004837,0.011752,0.000216,0.859415,0.0,0.989,1.0423,0.001839,0.001429,0.001766,1.047733,4.780529
2021130240,63480.2,-0.004019,0.011238,0.000213,0.859493,0.0,0.989,1.0425,0.001516,0.001467,0.00184,1.046529,4.833689
2021916672,63476.8,0.001395,0.028117,0.00023,0.83847,0.0,0.9891,1.0423,0.002743,0.001971,0.002927,1.072069,4.741309
2022703104,63481.1,-0.006283,0.015104,0.000231,0.839228,0.0,0.9891,1.042,0.002673,0.001671,0.002579,1.047638,4.694221
2023489536,63485.5,0.002979,0.014882,0.000225,0.84533,0.0,0.9893,1.0421,0.001854,0.001846,0.002115,1.090402,4.781158
2024275968,63482.4,-0.000236,0.024236,0.000235,0.849479,0.0,0.9895,1.0425,0.001888,0.001854,0.002136,1.081592,4.832307
2025062400,63486.2,0.000829,0.016374,0.000228,0.858665,0.0,0.9895,1.0427,0.002521,0.001868,0.002246,1.081555,5.003023
2025848832,63490.6,-0.000563,0.012971,0.000228,0.86066,0.0,0.9895,1.0429,0.001543,0.001901,0.002408,1.097633,5.037284
2026635264,63494.9,0.002034,0.01506,0.000229,0.854653,0.0,0.9894,1.0429,0.001501,0.001911,0.002364,1.077973,5.031561
2027421696,63491.4,-0.003487,0.025108,0.000238,0.857711,0.0,0.9896,1.0431,0.001688,0.001734,0.002263,1.091376,4.923844
2028208128,63495.6,-0.004523,0.017892,0.000228,0.857105,0.0,0.9898,1.0435,0.001642,0.001551,0.002265,1.079231,4.955061
2028994560,63499.8,-0.001349,0.015492,0.000228,0.855379,0.0,0.9899,1.0436,0.001721,0.001422,0.002105,1.07557,4.97734
2029780992,63496.5,-0.002193,0.024165,0.000222,0.851606,0.0,0.9898,1.0435,0.001338,0.001707,0.001958,1.065922,4.919965
2030567424,63500.2,-0.001789,0.016803,0.000206,0.851478,0.0,0.9896,1.0435,0.001804,0.001921,0.002699,1.060452,4.941435
2031353856,63503.7,-0.00679,0.014008,0.000206,0.850655,0.0,0.9895,1.0435,0.001679,0.002403,0.002175,1.093074,4.979324
2032140288,63507.5,0.002203,0.013757,0.000207,0.850466,0.0,0.9895,1.0435,0.001686,0.001857,0.001925,1.080053,4.90133
2032926720,63503.4,-0.000635,0.030354,0.000229,0.854444,0.0,0.9894,1.0434,0.00175,0.001878,0.002399,1.100598,5.001654
2033713152,63507.4,-0.004767,0.020349,0.000227,0.864058,0.0,0.9894,1.0435,0.002379,0.002006,0.002839,1.111448,5.129341
2034499584,63511.5,0.000146,0.015092,0.000222,0.86731,0.0,0.9892,1.043,0.003239,0.00176,0.002102,1.079554,5.205791
2035286016,63507.2,0.009258,0.02579,0.000224,0.868352,0.0,0.989,1.0427,0.001574,0.001653,0.001921,1.072661,5.295577
2036072448,63511.2,0.001407,0.015663,0.000214,0.873762,0.0,0.989,1.0428,0.001698,0.001272,0.002068,1.067764,5.105632
2036858880,63515.1,0.001372,0.020513,0.000214,0.872583,0.0,0.9889,1.0426,0.001487,0.001579,0.002219,1.07653,5.180802
2037645312,63519.2,0.001504,0.012996,0.000213,0.875478,0.0,0.989,1.0425,0.001311,0.001468,0.002095,1.058062,5.08886
2038431744,63515.3,-0.000111,0.030783,0.000219,0.871932,0.0,0.9889,1.0424,0.001722,0.001898,0.002086,1.046847,5.121616
2039218176,63519.3,0.007136,0.023261,0.000216,0.871191,0.0,0.9887,1.0424,0.002767,0.001995,0.00256,1.046572,5.144747
2040004608,63523.0,0.00752,0.018988,0.000216,0.870869,0.0,0.9886,1.0422,0.001441,0.00184,0.002138,1.039709,5.069164
2040791040,63518.8,0.001492,0.020029,0.000218,0.870694,0.0,0.9884,1.0421,0.001575,0.001643,0.001906,1.016413,5.02564
2041577472,63522.8,-0.001208,0.014358,0.000214,0.876337,0.0,0.9883,1.0421,0.001368,0.001453,0.001978,1.064105,5.022941
2042363904,63526.7,0.004034,0.021236,0.000218,0.875669,0.0,0.9882,1.0423,0.001769,0.002109,0.002016,1.056614,5.172549
2043150336,63530.7,0.00089,0.01372,0.000214,0.87662,0.0,0.9882,1.0425,0.001456,0.001764,0.001865,1.057136,5.098861
2043936768,63525.8,0.002117,0.026067,0.00022,0.873174,0.0,0.988,1.0422,0.001725,0.001739,0.002327,1.069583,5.18332
2044723200,63529.9,-0.003916,0.018311,0.000219,0.871725,0.0,0.9879,1.0419,0.001685,0.001739,0.002255,1.063176,5.160299
2045509632,63534.1,-0.002398,0.018354,0.000216,0.867265,0.0,0.9878,1.0417,0.001815,0.001685,0.002124,1.050803,5.052619
2046296064,63538.0,-0.004942,0.018277,0.000219,0.863737,0.0,0.9877,1.041,0.001719,0.001953,0.002212,1.069756,4.947675
2047082496,63534.6,-0.001884,0.025387,0.000227,0.865176,0.0,0.9877,1.0409,0.001793,0.001554,0.00246,1.071353,4.85825
2047868928,63538.3,0.000769,0.016269,0.000222,0.86666,0.0,0.9878,1.0406,0.00153,0.001457,0.002201,1.055598,4.891475
2048655360,63542.3,-0.00074,0.014256,0.000225,0.869661,0.0,0.9878,1.04,0.00152,0.001403,0.002219,1.015557,4.858429
2049441792,63538.4,-0.002118,0.023767,0.000226,0.874103,0.0,0.9879,1.0398,0.001168,0.001331,0.001813,1.028255,4.963952
2050228224,63542.2,-2.4e-05,0.016997,0.000215,0.879318,0.0,0.9878,1.0389,0.001374,0.001555,0.002108,1.030534,4.961093
2051014656,63546.0,-0.00125,0.017511,0.000217,0.877812,0.0,0.9877,1.0381,0.001507,0.001824,0.002068,1.008378,5.008238
2051801088,63549.9,-0.00162,0.019688,0.000216,0.878361,0.0,0.9876,1.0372,0.001222,0.001648,0.001788,1.025613,5.011996
2052587520,63546.0,0.00116,0.027241,0.000226,0.879246,0.0,0.9876,1.0365,0.001626,0.001547,0.002216,1.029349,5.065001
2053373952,63550.2,0.004961,0.018383,0.000222,0.879619,0.0,0.9876,1.0358,0.001399,0.001761,0.00216,1.018144,5.074211
2054160384,63554.4,0.000518,0.013592,0.000218,0.880766,0.0,0.9876,1.035,0.001323,0.00119,0.001958,1.003458,5.035208
2054946816,63551.2,-7.4e-05,0.023755,0.000218,0.874756,0.0,0.9877,1.0347,0.001231,0.001225,0.001803,1.017192,5.036632
2055733248,63555.7,-0.003826,0.015102,0.000209,0.86853,0.0,0.9878,1.0347,0.002052,0.001473,0.002357,1.015319,4.932574
2056519680,63560.1,-0.00321,0.014134,0.000211,0.868303,0.0,0.988,1.0347,0.001398,0.001618,0.001832,1.05009,4.883369
2057306112,63564.6,-0.004482,0.012352,0.00021,0.86579,0.0,0.9882,1.035,0.001395,0.001365,0.001853,1.02611,4.914068
2058092544,63560.8,0.002772,0.030901,0.00022,0.867082,0.0,0.9884,1.0346,0.001996,0.002148,0.002449,1.007201,4.873991
2058878976,63564.7,-0.009356,0.016091,0.000213,0.874914,0.0,0.9885,1.0342,0.001456,0.001759,0.002229,1.05136,4.913816
2059665408,63568.3,0.000418,0.026948,0.000216,0.868745,0.0,0.9884,1.0335,0.00172,0.001742,0.002252,1.021827,4.846954
2060451840,63564.5,0.002974,0.030349,0.00022,0.865314,0.0,0.9884,1.033,0.001438,0.001405,0.002217,1.064708,4.983104
2061238272,63568.4,0.000906,0.019639,0.000215,0.860643,0.0,0.9883,1.0329,0.001611,0.001814,0.002573,1.052825,4.900705
2062024704,63571.8,-0.000747,0.016675,0.000212,0.863669,0.0,0.9883,1.0329,0.001771,0.001348,0.002036,1.04995,4.876033
2062811136,63575.7,-0.004607,0.015419,0.000211,0.864264,0.0,0.9882,1.0329,0.001812,0.001684,0.002416,1.038954,4.795938
2063597568,63572.3,-0.001787,0.0299,0.000218,0.863811,0.0,0.9883,1.0329,0.001476,0.00164,0.002071,1.043226,4.843851
2064384000,63576.1,0.004917,0.018655,0.000217,0.865682,0.0,0.9883,1.0331,0.001307,0.001683,0.001921,1.018448,4.804436
2065170432,63580.3,0.000875,0.015306,0.000211,0.867083,0.0,0.9884,1.0335,0.001313,0.001621,0.00193,1.008737,4.801473
2065956864,63575.2,0.002674,0.023884,0.000224,0.86813,0.0,0.9885,1.034,0.001105,0.001643,0.001885,0.989083,4.885989
2066743296,63578.9,-0.00249,0.022719,0.000221,0.873045,0.0,0.9886,1.0343,0.001481,0.001788,0.002367,1.01731,4.8898
2067529728,63581.4,-0.005606,0.01605,0.000228,0.875701,0.0,0.9887,1.0347,0.001505,0.001675,0.00222,1.000896,4.912215
2068316160,63585.0,0.003362,0.017978,0.00022,0.873819,0.0,0.9888,1.0352,0.001684,0.001594,0.002055,1.032981,4.98275
2069102592,63579.7,-0.004173,0.024001,0.000221,0.876174,0.0,0.989,1.0355,0.001335,0.001384,0.001975,1.021852,4.923467
2069889024,63584.1,-0.000337,0.018303,0.000212,0.879303,0.0,0.9892,1.036,0.001619,0.001504,0.002456,1.00929,5.052413
2070675456,63588.4,-0.002171,0.012506,0.000214,0.883366,0.0,0.9894,1.0365,0.001661,0.001453,0.002056,1.001207,5.07418
2071461888,63592.8,-0.002307,0.012456,0.00021,0.886866,0.0,0.9896,1.037,0.001272,0.001322,0.001941,1.019962,5.039367
2072248320,63588.8,-0.0016,0.020811,0.000218,0.877683,0.0,0.9896,1.0376,0.001384,0.001609,0.002072,1.040305,5.09176
2073034752,63592.6,-0.003174,0.01647,0.000214,0.877544,0.0,0.9897,1.0381,0.00162,0.001693,0.002353,1.02083,4.954408
2073821184,63596.4,-0.00029,0.017549,0.000211,0.883484,0.0,0.9897,1.0385,0.001423,0.001564,0.002264,1.008113,4.910826
2074607616,63592.3,0.005629,0.027026,0.00022,0.88055,0.0,0.9897,1.0388,0.001441,0.001317,0.002113,1.001297,4.887134
2075394048,63596.3,-0.003931,0.01543,0.000221,0.882183,0.0,0.9896,1.0395,0.002074,0.001581,0.001915,1.009884,4.857593
2076180480,63600.4,-0.006576,0.013309,0.000218,0.88524,0.0,0.9896,1.0401,0.0014,0.001411,0.001825,1.001473,4.988049
2076966912,63604.3,-0.003761,0.014388,0.00022,0.884888,0.0,0.9897,1.0408,0.001253,0.001614,0.001908,1.022597,5.093719
2077753344,63600.9,-0.002616,0.022817,0.000221,0.884665,0.0,0.9898,1.0412,0.001724,0.001213,0.002408,0.998436,5.014673
2078539776,63604.6,0.001325,0.014134,0.000209,0.887628,0.0,0.99,1.0413,0.002289,0.001569,0.00221,0.998717,5.067636
2079326208,63607.7,5.6e-05,0.013806,0.000209,0.888566,0.0,0.9902,1.0415,0.00144,0.001423,0.001741,1.01288,5.067648
2080112640,63603.3,0.001572,0.022276,0.000217,0.888607,0.0,0.9903,1.0417,0.001673,0.001379,0.001633,1.021387,5.196889
2080899072,63607.5,0.00074,0.020762,0.000216,0.885074,0.0,0.9903,1.0419,0.002828,0.001443,0.00198,1.050776,5.284361
2081685504,63611.6,-0.003865,0.014631,0.000218,0.882121,0.0,0.9903,1.042,0.001957,0.001393,0.001809,1.025572,5.105192
2082471936,63615.7,-0.003599,0.012602,0.000216,0.88358,0.0,0.9903,1.0423,0.001498,0.001376,0.001774,1.005422,5.099977
2083258368,63611.5,-0.002764,0.020731,0.000218,0.882374,0.0,0.9903,1.0428,0.001629,0.001348,0.001723,0.964576,4.97368
2084044800,63615.4,-0.00251,0.012424,0.000211,0.885175,0.0,0.9905,1.0436,0.001157,0.001538,0.002282,0.973807,5.04627
2084831232,63619.2,0.001031,0.010551,0.000216,0.886637,0.0,0.9904,1.0441,0.001315,0.001422,0.001888,1.008196,5.034359
2085617664,63615.6,-0.00196,0.022624,0.000215,0.886805,0.0,0.9903,1.0444,0.001361,0.001369,0.001824,0.999553,5.129638
2086404096,63619.6,-0.002546,0.012877,0.000216,0.8852,0.0,0.9903,1.0449,0.001634,0.00123,0.002263,0.998527,5.071046
2087190528,63623.6,-0.003315,0.015168,0.000217,0.88602,0.0,0.9903,1.0453,0.00166,0.001373,0.00213,1.008143,5.106237
2087976960,63625.7,-0.000951,0.016231,0.000219,0.886465,0.0,0.9902,1.0456,0.001815,0.001625,0.001975,1.009664,5.153221
2088763392,63621.3,-0.001749,0.023022,0.000223,0.882461,0.0,0.9901,1.0454,0.001784,0.001399,0.002041,0.989496,5.090943
2089549824,63624.9,0.004504,0.016755,0.000215,0.884752,0.0,0.9899,1.0452,0.001477,0.001581,0.002101,1.000007,5.034179
2090336256,63628.8,0.001274,0.011419,0.000218,0.884324,0.0,0.9896,1.0452,0.001324,0.001565,0.001886,1.003452,5.01373
2091122688,63624.0,0.00042,0.02133,0.000222,0.883619,0.0,0.9896,1.0454,0.001402,0.001265,0.001762,0.941253,4.955096
2091909120,63627.5,0.001301,0.018836,0.000221,0.879439,0.0,0.9895,1.0447,0.001473,0.001729,0.002131,0.986802,4.935605
2092695552,63631.5,0.005085,0.019289,0.00023,0.877376,0.0,0.9896,1.044,0.001384,0.001592,0.002174,1.002302,4.989367
2093481984,63634.6,-0.007663,0.013827,0.000227,0.872558,0.0,0.9895,1.0433,0.001238,0.00151,0.001882,1.029676,4.953021
2094268416,63631.5,-0.002088,0.025247,0.000224,0.874065,0.0,0.9895,1.0432,0.001696,0.001497,0.001877,1.020032,4.841118
2095054848,63636.0,0.00274,0.017174,0.000218,0.879778,0.0,0.9895,1.0434,0.001629,0.001602,0.001782,0.997217,4.937186
2095841280,63640.5,0.000957,0.015342,0.000216,0.879571,0.0,0.9896,1.0437,0.0021,0.001406,0.001722,1.007305,4.935061
2096627712,63645.0,-0.007553,0.01709,0.000215,0.879168,0.0,0.9896,1.0436,0.001748,0.001409,0.00202,1.011209,4.948008
2097414144,63641.7,-0.004331,0.026631,0.000227,0.866761,0.0,0.9896,1.044,0.00134,0.001683,0.001928,1.048864,4.991005
2098200576,63645.4,-0.002459,0.022605,0.000228,0.866108,0.0,0.9894,1.0435,0.001579,0.001646,0.002004,1.030359,4.872922
2098987008,63649.4,-0.007767,0.018073,0.000227,0.865124,0.0,0.9893,1.0432,0.001406,0.001733,0.002077,1.023849,4.851631
2099773440,63646.3,-0.002371,0.027201,0.000231,0.865959,0.0,0.9892,1.043,0.001551,0.001388,0.002006,1.022271,4.861715
2100559872,63650.5,0.000977,0.017426,0.000219,0.869591,0.0,0.9892,1.0425,0.001745,0.001489,0.001938,1.054643,4.774429
2101346304,63654.5,-0.006495,0.014836,0.000217,0.868271,0.0,0.9892,1.0421,0.002033,0.001632,0.001974,1.063677,4.932614
2102132736,63658.7,-0.005228,0.013628,0.000214,0.868531,0.0,0.9893,1.0419,0.001715,0.001341,0.002076,1.043805,4.917276
2102919168,63653.7,0.002108,0.024313,0.00022,0.870054,0.0,0.9892,1.0419,0.001444,0.001318,0.001805,1.044421,4.945879
2103705600,63657.7,0.001807,0.012874,0.000212,0.871935,0.0,0.9892,1.0422,0.001352,0.001382,0.002025,1.023008,4.903875
2104492032,63661.0,0.00588,0.014158,0.000215,0.86673,0.0,0.9892,1.0424,0.001387,0.001338,0.001818,1.042122,4.926861
2105278464,63657.5,-0.001172,0.021283,0.000218,0.867443,0.0,0.9892,1.0427,0.001436,0.001364,0.00209,1.053233,4.861063
2106064896,63661.8,-0.007661,0.018324,0.000218,0.861734,0.0,0.989,1.0424,0.001666,0.001475,0.002478,1.070975,4.960315
2106851328,63666.2,-0.001618,0.013865,0.000219,0.861708,0.0,0.9888,1.0422,0.001403,0.001472,0.00185,1.073499,4.915403
2107637760,63670.4,0.002074,0.0151,0.000214,0.863634,0.0,0.9887,1.0417,0.00126,0.001558,0.002193,1.087856,4.986076
2108424192,63666.9,-0.006814,0.023469,0.000224,0.8695,0.0,0.9889,1.0418,0.00201,0.001563,0.002126,1.031547,5.058521
2109210624,63670.8,0.00081,0.01389,0.000218,0.873803,0.0,0.9891,1.0425,0.002918,0.00149,0.001975,1.057271,4.995171
2109997056,63674.4,0.003802,0.01303,0.000214,0.874229,0.0,0.9894,1.0435,0.001777,0.00142,0.001918,1.051344,5.012902
2110783488,63670.8,0.002725,0.022217,0.000212,0.87243,0.0,0.9895,1.044,0.001662,0.001377,0.002061,1.072609,4.955054
2111569920,63674.8,-0.00201,0.013854,0.00022,0.869289,0.0,0.9895,1.0441,0.001994,0.001596,0.0023,1.049239,4.873825
2112356352,63678.9,-0.006711,0.013287,0.000217,0.867972,0.0,0.9896,1.0445,0.001408,0.001653,0.001941,1.046159,4.887546
2113142784,63682.9,-0.009612,0.011598,0.000217,0.870888,0.0,0.9896,1.0449,0.001658,0.001595,0.001951,1.047634,4.871649
2113929216,63679.5,-0.000924,0.021685,0.000219,0.86634,0.0,0.9896,1.0453,0.00145,0.002206,0.001837,1.057328,4.880653
2114715648,63683.5,0.002741,0.014357,0.000216,0.868518,0.0,0.9898,1.0457,0.00125,0.001962,0.001873,1.05459,4.823617
2115502080,63687.6,-0.001889,0.013266,0.000213,0.868918,0.0,0.99,1.0462,0.001035,0.001478,0.00177,1.020688,4.917995
2116288512,63683.8,-0.009542,0.021283,0.000216,0.867436,0.0,0.9903,1.0468,0.001211,0.001348,0.001697,0.954327,4.936586
2117074944,63687.5,-0.00155,0.020563,0.00022,0.870246,0.0,0.9903,1.0464,0.001735,0.001541,0.002408,1.035052,5.007146
2117861376,63691.2,-0.002408,0.013051,0.000216,0.870733,0.0,0.9902,1.046,0.001407,0.001459,0.002243,1.028912,4.956492
2118647808,63695.0,0.002421,0.012318,0.000217,0.87057,0.0,0.9902,1.0458,0.001183,0.001447,0.001875,1.033268,4.915417
2119434240,63690.5,0.009314,0.031432,0.000223,0.86349,0.0,0.9902,1.0454,0.001617,0.001552,0.002189,1.053151,4.963939
2120220672,63693.6,0.000622,0.02496,0.000218,0.857313,0.0,0.9901,1.0448,0.001928,0.001613,0.002601,1.068236,4.947265
2121007104,63696.6,0.00328,0.025329,0.000223,0.858088,0.0,0.9902,1.0444,0.001316,0.001724,0.002159,1.054057,4.790822
2121793536,63700.2,-0.000685,0.02215,0.000222,0.858002,0.0,0.99,1.0433,0.001426,0.001966,0.00233,1.048525,4.713785
2122579968,63696.4,-0.002049,0.021925,0.000215,0.864676,0.0,0.9902,1.0431,0.001341,0.001388,0.001977,1.055895,4.788342
2123366400,63700.4,-0.004396,0.017056,0.00021,0.868836,0.0,0.9903,1.0428,0.0014,0.001413,0.002307,1.052544,4.797288
2124152832,63704.5,-0.003719,0.011734,0.000211,0.869694,0.0,0.9904,1.0428,0.001098,0.00117,0.001852,1.022616,4.830141
2124939264,63701.3,-0.005558,0.023845,0.000219,0.861954,0.0,0.9904,1.0429,0.001385,0.001368,0.001949,1.009635,4.813984
2125725696,63705.2,-0.003635,0.018385,0.000218,0.862003,0.0,0.9903,1.0429,0.001551,0.001719,0.001948,1.036565,4.673118
2126512128,63708.4,0.006575,0.017142,0.000218,0.861448,0.0,0.9903,1.0428,0.001245,0.001493,0.001824,1.01916,4.885089
2127298560,63712.6,-0.002169,0.011282,0.000217,0.862533,0.0,0.9901,1.0427,0.001401,0.001397,0.001947,1.026217,4.885015
2128084992,63709.6,-0.002786,0.019607,0.000227,0.868943,0.0,0.9901,1.043,0.002851,0.001335,0.00189,0.982907,4.833988
2128871424,63713.5,-0.001416,0.010568,0.000225,0.871177,0.0,0.99,1.0431,0.001787,0.001409,0.001971,0.996649,4.863626
2129657856,63717.6,-0.002118,0.009166,0.00022,0.875623,0.0,0.99,1.0435,0.001435,0.001324,0.001692,1.008493,4.927478
2130444288,63713.4,0.002143,0.020815,0.000228,0.875867,0.0,0.9899,1.0436,0.001329,0.001516,0.0018,1.015526,5.108674
2131230720,63717.0,-0.003845,0.014689,0.000228,0.877057,0.0,0.9897,1.0432,0.00189,0.00211,0.002425,1.036374,5.069048
2132017152,63720.7,-0.00059,0.015986,0.000234,0.876108,0.0,0.9895,1.0427,0.001621,0.001471,0.001908,1.030429,5.074947
2132803584,63724.0,-0.005919,0.014059,0.000233,0.875129,0.0,0.9894,1.0426,0.001677,0.001546,0.001769,1.040068,5.035453
2133590016,63720.9,0.000729,0.024425,0.000223,0.87274,0.0,0.9892,1.0428,0.001224,0.001373,0.002099,1.012666,4.943191
2134376448,63724.9,0.001487,0.016626,0.000217,0.879457,0.0,0.9893,1.0434,0.001322,0.00163,0.002468,0.995891,4.825047
2135162880,63729.0,-0.003083,0.015872,0.000211,0.872659,0.0,0.9893,1.0437,0.00102,0.001696,0.002155,1.002014,4.98374
2135949312,63726.0,-0.0004,0.020934,0.000212,0.871488,0.0,0.9891,1.0438,0.001156,0.00136,0.00162,1.037986,4.886215
2136735744,63729.8,0.001685,0.012366,0.000202,0.871697,0.0,0.9892,1.0442,0.001362,0.001705,0.002048,1.009314,4.810979
2137522176,63733.9,-0.000209,0.011561,0.0002,0.871076,0.0,0.9895,1.045,0.001173,0.001663,0.001908,1.014928,4.918094
2138308608,63737.5,-0.002426,0.013189,0.000203,0.868683,0.0,0.9897,1.0457,0.001324,0.001579,0.001983,1.008957,4.829321
2139095040,63733.6,-0.006235,0.025863,0.000221,0.862856,0.0,0.9897,1.0461,0.001457,0.00146,0.001932,1.031875,5.00062
2139881472,63737.4,0.000851,0.01386,0.00022,0.865465,0.0,0.9898,1.0467,0.001285,0.001271,0.001813,1.023188,4.853402
2140667904,63741.1,-0.000474,0.015132,0.000217,0.871188,0.0,0.9899,1.0472,0.001136,0.001373,0.001752,1.04247,4.995791
2141454336,63737.5,-0.00017,0.020991,0.000222,0.868463,0.0,0.9899,1.0474,0.001185,0.00122,0.001503,0.95883,5.172051
2142240768,63740.9,-0.001487,0.012883,0.000216,0.875024,0.0,0.9899,1.0473,0.001524,0.001461,0.002259,1.039113,5.078084
2143027200,63744.9,0.004685,0.01578,0.000215,0.874815,0.0,0.9899,1.047,0.001433,0.001443,0.002271,1.047813,5.14355
2143813632,63748.6,-0.004714,0.012373,0.000214,0.874823,0.0,0.9899,1.0469,0.001516,0.001369,0.002009,1.046407,5.145557
2144600064,63744.8,-0.004399,0.023156,0.000215,0.870506,0.0,0.9899,1.0466,0.001419,0.001238,0.002287,1.064496,5.121615
2145386496,63749.1,-0.000887,0.013024,0.000206,0.866455,0.0,0.9899,1.0461,0.001588,0.001391,0.002124,1.053558,5.114914
2146172928,63753.5,-0.002318,0.01195,0.000207,0.86842,0.0,0.9899,1.0456,0.001093,0.001442,0.00196,1.075214,5.093965
2146959360,63750.0,0.001474,0.020339,0.000205,0.871069,0.0,0.99,1.0451,0.001278,0.001292,0.001649,1.063971,5.105442
2147745792,63753.3,0.000985,0.018534,0.000223,0.865277,0.0,0.99,1.0454,0.001484,0.001475,0.00157,1.077981,5.103504
2148532224,63757.3,0.002245,0.015881,0.000218,0.864888,0.0,0.99,1.0454,0.001615,0.001357,0.001854,1.082676,5.064973
2149318656,63761.4,-0.004886,0.010504,0.00022,0.867709,0.0,0.99,1.0457,0.001258,0.001334,0.001685,1.056581,5.056249
2150105088,63756.3,-0.000199,0.021718,0.000221,0.872414,0.0,0.9899,1.0458,0.00121,0.001217,0.001692,1.037613,5.161305
2150891520,63760.3,-0.003819,0.012579,0.000216,0.874585,0.0,0.99,1.0458,0.00144,0.001565,0.001638,1.05465,5.100343
2151677952,63764.3,0.003464,0.015424,0.000211,0.877433,0.0,0.99,1.0455,0.001271,0.001681,0.00206,1.035713,5.095853
2152464384,63768.2,0.00014,0.01574,0.000214,0.876593,0.0,0.99,1.045,0.001152,0.001663,0.001791,1.055391,5.16568
2153250816,63763.6,-0.002139,0.023908,0.000215,0.870223,0.0,0.99,1.0445,0.001247,0.001281,0.001771,1.05735,5.140051
2154037248,63767.3,-0.00082,0.014578,0.00021,0.87061,0.0,0.9897,1.0438,0.00122,0.001353,0.002021,1.060924,5.159922
2154823680,63770.9,0.003664,0.016116,0.000213,0.874808,0.0,0.9896,1.0432,0.001439,0.001435,0.00204,1.060447,5.078077
2155610112,63767.0,2.1e-05,0.025316,0.000222,0.873195,0.0,0.9897,1.0432,0.00103,0.001359,0.001661,1.046844,5.221096
2156396544,63770.9,-0.00736,0.015494,0.000221,0.87499,0.0,0.9897,1.0432,0.001596,0.001503,0.002292,1.064095,5.257142
2157182976,63774.8,-0.005779,0.015706,0.00022,0.878798,0.0,0.9897,1.0433,0.001473,0.001305,0.001998,1.047096,5.170174
2157969408,63778.5,0.001365,0.010961,0.000217,0.882032,0.0,0.9895,1.0433,0.001122,0.001261,0.001728,1.04592,5.247714
2158755840,63775.0,-0.000518,0.019913,0.000214,0.883028,0.0,0.9897,1.0438,0.001004,0.001244,0.001472,1.031448,5.114362
2159542272,63779.0,-0.005935,0.009807,0.000208,0.885475,0.0,0.9898,1.0442,0.001076,0.001469,0.00194,1.01363,5.023152
2160328704,63783.0,-0.00597,0.00926,0.000208,0.884986,0.0,0.9899,1.0446,0.001113,0.001211,0.001681,0.996179,5.000488
2161115136,63779.2,-0.004077,0.018904,0.000214,0.878414,0.0,0.99,1.0451,0.001125,0.001296,0.001664,1.067256,5.103692
2161901568,63782.9,0.004149,0.017476,0.000222,0.880944,0.0,0.9901,1.0451,0.002653,0.001275,0.001953,0.996292,5.152232
2162688000,63787.3,-0.00288,0.01507,0.000218,0.880966,0.0,0.9901,1.0452,0.001683,0.001385,0.002116,1.007086,5.118948
2163474432,63791.6,0.001372,0.015259,0.000216,0.879087,0.0,0.99,1.045,0.001629,0.001266,0.00218,1.039098,5.097052
2164260864,63786.9,0.002206,0.022685,0.000225,0.881763,0.0,0.9901,1.0449,0.001938,0.001301,0.002348,1.040386,5.104581
2165047296,63790.0,-0.005435,0.012157,0.000216,0.884177,0.0,0.99,1.0445,0.001339,0.001226,0.001965,1.033716,5.107093
2165833728,63793.5,-0.004103,0.014915,0.00022,0.886582,0.0,0.99,1.0442,0.001168,0.001248,0.001882,1.027514,5.156427
2166620160,63790.1,0.001601,0.024494,0.000224,0.887508,0.0,0.99,1.0439,0.001284,0.001184,0.001616,0.960032,5.278032
2167406592,63794.1,0.000795,0.016036,0.00021,0.888097,0.0,0.9901,1.0444,0.001202,0.001661,0.001979,1.015526,5.11313
2168193024,63797.8,0.000531,0.01528,0.000208,0.886274,0.0,0.99,1.0448,0.001604,0.001391,0.001718,1.055204,5.043976
2168979456,63802.0,-0.003378,0.011809,0.00021,0.885382,0.0,0.9901,1.0457,0.001091,0.00148,0.001657,1.011069,5.173119
2169765888,63797.8,-0.008684,0.023064,0.000225,0.881301,0.0,0.9901,1.046,0.002048,0.00138,0.002097,1.03474,5.142377
2170552320,63801.6,-0.003473,0.015497,0.00023,0.884103,0.0,0.9902,1.0463,0.001333,0.001525,0.002353,1.038367,5.13727
2171338752,63805.3,0.003632,0.021263,0.000229,0.885188,0.0,0.9902,1.0461,0.001453,0.001559,0.002211,1.055892,5.107512
2172125184,63801.1,0.003323,0.025636,0.000226,0.878456,0.0,0.9903,1.0462,0.001121,0.001454,0.001943,0.887243,4.084291
2172911616,63804.4,0.002307,0.021322,0.000228,0.875449,0.0,0.9903,1.0457,0.001435,0.001557,0.002046,1.05986,5.168823
2173698048,63807.6,0.002346,0.017489,0.000222,0.872138,0.0,0.9903,1.0453,0.001384,0.001517,0.001986,1.065678,5.176487
2174484480,63811.2,-0.006149,0.015064,0.000224,0.872495,0.0,0.9903,1.0449,0.001059,0.00149,0.001917,1.050683,5.133026
2175270912,63807.3,0.006227,0.027209,0.000228,0.873037,0.0,0.9903,1.0447,0.001437,0.001302,0.001832,1.036887,5.066154
2176057344,63810.6,0.004939,0.015091,0.000223,0.876394,0.0,0.9904,1.0446,0.001493,0.001194,0.001985,1.058741,5.081347
2176843776,63814.4,0.000622,0.016478,0.000224,0.876637,0.0,0.9904,1.0443,0.001689,0.001192,0.002083,1.037711,5.01853
2177630208,63818.2,-0.004754,0.013457,0.000225,0.877612,0.0,0.9903,1.0439,0.001264,0.001445,0.002099,1.037319,5.085203
2178416640,63814.5,0.000233,0.024383,0.000223,0.869287,0.0,0.9903,1.0443,0.001206,0.001387,0.002028,1.026305,4.995494
2179203072,63818.2,0.003232,0.018469,0.000217,0.868606,0.0,0.9903,1.0445,0.001289,0.001536,0.002261,1.038452,4.965024
2179989504,63821.9,-0.006729,0.014147,0.000213,0.867629,0.0,0.9901,1.0447,0.001366,0.001466,0.001849,1.020246,4.896981
2180775936,63817.9,0.007353,0.028261,0.000216,0.869196,0.0,0.9902,1.045,0.001102,0.001459,0.001863,1.029138,4.887526
2181562368,63821.9,0.005158,0.016654,0.00021,0.879617,0.0,0.9901,1.045,0.001286,0.001347,0.00177,1.022869,4.895641
2182348800,63825.9,-0.006331,0.010956,0.000208,0.878258,0.0,0.9901,1.0452,0.001255,0.001414,0.001883,0.995643,4.919602
2183135232,63829.8,-0.003215,0.01332,0.000212,0.878193,0.0,0.99,1.0452,0.001188,0.00129,0.001525,1.012091,5.019115
2183921664,63826.3,-6.9e-05,0.021561,0.000212,0.875656,0.0,0.9899,1.0453,0.000983,0.001152,0.001444,1.025168,5.041842
2184708096,63830.0,0.001789,0.01533,0.000204,0.879679,0.0,0.9899,1.0455,0.001231,0.001371,0.001794,1.006109,4.986758
2185494528,63833.0,0.002326,0.012875,0.000206,0.880259,0.0,0.9899,1.0457,0.001059,0.001177,0.00158,1.01415,5.06005
2186280960,63828.6,-0.001669,0.021992,0.000209,0.877996,0.0,0.9898,1.0457,0.001403,0.001182,0.002005,1.022928,5.062815
2187067392,63832.8,-0.002005,0.010326,0.000208,0.882718,0.0,0.9898,1.0461,0.001283,0.001484,0.002014,0.986387,5.080357
2187853824,63836.3,-0.003342,0.010018,0.000203,0.882694,0.0,0.9897,1.0466,0.001224,0.001312,0.001862,1.000253,5.070054
2188640256,63840.5,-0.00524,0.008401,0.000203,0.883633,0.0,0.9898,1.0471,0.001297,0.001198,0.001944,0.997975,4.989345
2189426688,63836.4,0.000617,0.023841,0.000208,0.880108,0.0,0.9898,1.0476,0.001294,0.001558,0.001863,1.020789,5.102899
2190213120,63840.4,-0.008549,0.014359,0.000207,0.877081,0.0,0.9899,1.0484,0.00116,0.001442,0.001713,1.011085,5.085878
2190999552,63844.3,-0.000517,0.018173,0.000212,0.875933,0.0,0.9898,1.0486,0.001396,0.001624,0.001803,1.015849,5.005638
2191785984,63839.7,-0.01018,0.02319,0.000217,0.874116,0.0,0.9899,1.0491,0.001105,0.001451,0.001756,0.937454,5.119003
2192572416,63843.8,-0.005224,0.01842,0.00021,0.875205,0.0,0.9897,1.0492,0.001777,0.001428,0.002274,0.997822,4.923385
2193358848,63847.8,-0.006572,0.015602,0.000213,0.876407,0.0,0.9897,1.0493,0.00125,0.001363,0.001919,0.98493,4.771635
2194145280,63851.8,-0.005652,0.013107,0.000214,0.875334,0.0,0.9896,1.0497,0.001423,0.001556,0.001904,0.969062,4.872872
2194931712,63848.1,0.002214,0.02834,0.00023,0.867788,0.0,0.9895,1.0499,0.001669,0.001339,0.002124,1.00446,4.944231
2195718144,63850.8,-0.007755,0.015765,0.000224,0.871547,0.0,0.9896,1.0495,0.001443,0.001414,0.002056,0.987226,4.844754
2196504576,63854.5,-0.000745,0.01643,0.000222,0.868783,0.0,0.9896,1.0492,0.001603,0.001449,0.001779,0.997449,4.952803
2197291008,63850.0,-0.007122,0.021168,0.000221,0.86817,0.0,0.9897,1.0493,0.00123,0.001174,0.00158,0.89825,3.867268
2198077440,63853.6,-0.003234,0.020553,0.000237,0.863581,0.0,0.9896,1.049,0.001257,0.001412,0.00209,0.981087,4.750928
2198863872,63857.4,-0.003889,0.016001,0.000228,0.861488,0.0,0.9897,1.0491,0.001319,0.001454,0.001918,1.010896,4.801702
2199650304,63861.0,-0.000962,0.020288,0.000232,0.865319,0.0,0.9897,1.0491,0.001072,0.001522,0.001837,0.997708,4.804263
2200436736,63857.8,-0.001135,0.023455,0.000229,0.868437,0.0,0.9898,1.0493,0.001221,0.001318,0.001978,1.032956,4.821917
2201223168,63861.5,0.000545,0.013992,0.00022,0.866672,0.0,0.9898,1.0491,0.001836,0.001524,0.001996,1.026296,4.873551
2202009600,63865.6,-0.000666,0.014418,0.000219,0.865319,0.0,0.9898,1.0484,0.001716,0.001406,0.001888,1.02843,4.90799
2202796032,63869.6,-0.001571,0.014311,0.000217,0.861515,0.0,0.9899,1.0481,0.001421,0.001472,0.00174,1.051968,4.892585
2203582464,63867.0,-0.003698,0.024424,0.000223,0.861017,0.0,0.9898,1.0477,0.001549,0.001642,0.001818,1.027896,4.884185
2204368896,63871.2,0.003167,0.014823,0.00022,0.866119,0.0,0.9898,1.0476,0.001053,0.001558,0.001864,1.032843,4.91814
2205155328,63875.3,-0.00183,0.019545,0.000222,0.861347,0.0,0.9898,1.0473,0.002003,0.001692,0.002055,1.0478,4.95336
2205941760,63871.5,-0.000681,0.028385,0.000227,0.855094,0.0,0.9899,1.0473,0.001103,0.001723,0.001955,1.053188,5.015583
2206728192,63875.1,-0.000736,0.026496,0.000222,0.855104,0.0,0.9897,1.0461,0.001308,0.002029,0.002072,1.068196,4.866323
2207514624,63878.7,0.006495,0.022407,0.000221,0.860517,0.0,0.9896,1.045,0.001018,0.001785,0.001791,1.041121,4.905527
2208301056,63882.0,-0.011222,0.016452,0.000215,0.862253,0.0,0.9896,1.0444,0.001019,0.001395,0.001794,1.058922,4.82738
2209087488,63879.1,0.004959,0.034493,0.000223,0.857745,0.0,0.9894,1.0436,0.001586,0.001561,0.002162,1.027315,4.881927
2209873920,63883.1,-0.005444,0.021525,0.000219,0.862215,0.0,0.9894,1.0431,0.001632,0.001403,0.002303,1.041454,4.861501
2210660352,63887.1,-0.000808,0.02236,0.000216,0.859675,0.0,0.9893,1.0419,0.001519,0.001897,0.002351,1.039568,4.977431
2211446784,63884.9,-0.001269,0.028799,0.000226,0.852935,0.0,0.9892,1.0411,0.001366,0.001459,0.002017,1.079305,4.826262
2212233216,63888.3,0.003243,0.012378,0.000229,0.856036,0.0,0.9892,1.0416,0.001301,0.001428,0.001982,1.042884,4.871501
2213019648,63891.9,-0.001681,0.013443,0.000229,0.856413,0.0,0.9893,1.042,0.001225,0.001579,0.001896,1.04189,4.891547
2213806080,63896.0,-0.001662,0.01336,0.000229,0.853508,0.0,0.9895,1.0426,0.00151,0.001638,0.002039,1.074355,4.899806
2214592512,63893.4,-0.007603,0.027913,0.000221,0.857501,0.0,0.9896,1.0426,0.001196,0.001342,0.001726,1.035417,4.857206
2215378944,63897.4,7.7e-05,0.02054,0.00021,0.859636,0.0,0.9898,1.0429,0.001191,0.001381,0.002111,1.030467,4.790167
2216165376,63901.5,-0.002418,0.017271,0.000209,0.863602,0.0,0.9899,1.0427,0.001235,0.001405,0.001999,1.038624,4.90398
2216951808,63898.8,-0.000185,0.02737,0.000212,0.861767,0.0,0.9899,1.0427,0.001352,0.001441,0.001827,1.004162,5.075112
2217738240,63902.7,-0.00138,0.015475,0.000216,0.868557,0.0,0.9902,1.0431,0.001744,0.001132,0.001921,1.030857,4.92431
2218524672,63906.4,-0.001694,0.011907,0.000211,0.868202,0.0,0.9904,1.0438,0.001549,0.001382,0.001988,1.032616,4.898847
2219311104,63910.2,0.001456,0.011669,0.000215,0.867908,0.0,0.9906,1.0443,0.001443,0.00122,0.001733,1.033018,4.862369
2220097536,63906.6,-0.003764,0.024694,0.000223,0.864073,0.0,0.9908,1.0447,0.001263,0.00146,0.001832,1.037847,4.946466
2220883968,63909.8,0.004396,0.018779,0.000224,0.868314,0.0,0.9909,1.0447,0.001337,0.001685,0.002093,1.027203,4.937189
2221670400,63912.9,0.003645,0.018298,0.000222,0.871129,0.0,0.9909,1.0448,0.001395,0.00118,0.001824,1.021851,4.913239
2222456832,63909.6,-0.000122,0.025602,0.000224,0.862859,0.0,0.991,1.0451,0.001479,0.001429,0.002008,0.9347,4.30164
2223243264,63913.1,-0.002123,0.023728,0.000224,0.86329,0.0,0.9911,1.0455,0.001706,0.002045,0.002554,1.048248,4.913283
2224029696,63916.1,0.002783,0.019978,0.000224,0.864423,0.0,0.9911,1.0461,0.001131,0.001748,0.002088,1.042312,4.942204
2224816128,63919.2,-0.006522,0.022103,0.000222,0.866963,0.0,0.9911,1.0463,0.001843,0.00179,0.002505,1.066448,4.990203
2225602560,63915.7,0.001055,0.028101,0.000229,0.8587,0.0,0.9912,1.0467,0.001123,0.001363,0.002104,1.048549,5.047874
2226388992,63919.6,-0.004139,0.013578,0.000221,0.858334,0.0,0.9912,1.0463,0.001144,0.001501,0.0017,1.087263,4.917514
2227175424,63923.4,-0.002266,0.014257,0.000221,0.858153,0.0,0.9914,1.0466,0.001155,0.001317,0.001587,1.103069,4.879486
2227961856,63927.1,0.003421,0.019062,0.000221,0.860287,0.0,0.9915,1.0464,0.00111,0.001376,0.001699,1.107389,5.084964
2228748288,63923.1,0.002476,0.031647,0.000229,0.858766,0.0,0.9914,1.0458,0.001628,0.001321,0.001824,1.080214,5.121086
2229534720,63926.9,-0.002626,0.015198,0.000225,0.859084,0.0,0.9913,1.0454,0.001498,0.001521,0.001906,1.072807,5.034374
2230321152,63930.6,-0.003459,0.016289,0.000221,0.864085,0.0,0.9912,1.0451,0.001699,0.001284,0.001882,1.096106,4.975019
2231107584,63928.0,-0.00589,0.023198,0.000225,0.867877,0.0,0.9912,1.0451,0.001284,0.001175,0.001834,1.094635,4.92599
2231894016,63932.0,-0.003515,0.015876,0.00022,0.86976,0.0,0.9911,1.0454,0.001359,0.001287,0.001661,1.063741,5.094357
2232680448,63935.5,-0.003755,0.012963,0.000219,0.870091,0.0,0.9911,1.0458,0.001171,0.001352,0.00205,1.061066,5.066434
2233466880,63939.6,0.002437,0.013623,0.000219,0.865327,0.0,0.991,1.0461,0.001729,0.001333,0.00172,1.019223,5.019224
2234253312,63936.2,0.002499,0.024231,0.000225,0.863671,0.0,0.9909,1.0455,0.002042,0.001092,0.001868,1.026819,4.984354
2235039744,63939.6,-0.005391,0.018035,0.00022,0.86667,0.0,0.9906,1.0438,0.002072,0.001427,0.002058,1.049038,4.979037
2235826176,63943.1,-0.008658,0.015609,0.000217,0.869619,0.0,0.9903,1.0424,0.002028,0.001214,0.001897,1.041165,4.966598
2236612608,63940.5,0.0055,0.024705,0.000221,0.869095,0.0,0.99,1.041,0.002094,0.001237,0.001951,1.094042,4.949123
2237399040,63944.1,-0.006798,0.012972,0.000223,0.864995,0.0,0.9898,1.0411,0.001325,0.00125,0.001613,1.04945,5.076699
2238185472,63947.9,-0.005076,0.011964,0.000216,0.864568,0.0,0.9898,1.0414,0.001414,0.001252,0.002016,1.057806,5.027958
2238971904,63951.5,-0.002827,0.013011,0.000222,0.863724,0.0,0.9897,1.0417,0.001236,0.001126,0.001909,1.04261,4.89846
2239758336,63948.5,-0.006297,0.022406,0.000218,0.868405,0.0,0.9895,1.0415,0.001503,0.001151,0.00182,1.04446,4.96735
2240544768,63952.2,-0.003304,0.013354,0.000211,0.872641,0.0,0.9897,1.0418,0.001739,0.001563,0.002294,1.004515,4.967659
2241331200,63955.8,-0.004544,0.013257,0.000208,0.873906,0.0,0.9897,1.042,0.001156,0.001461,0.002124,1.007223,4.983045
2242117632,63952.6,-0.003692,0.020239,0.000215,0.869362,0.0,0.9897,1.0423,0.001119,0.001534,0.002004,0.976572,5.260801
2242904064,63956.1,-0.004986,0.011256,0.000213,0.874792,0.0,0.9897,1.0431,0.001283,0.001263,0.001838,1.051706,4.981159
2243690496,63959.4,-0.006024,0.013925,0.000221,0.876833,0.0,0.9896,1.0434,0.001353,0.001367,0.00181,1.036819,5.038968
2244476928,63962.8,-0.00333,0.013005,0.000218,0.875257,0.0,0.9896,1.0439,0.001193,0.001188,0.001669,1.044172,5.108483
2245263360,63958.6,0.002168,0.024756,0.00022,0.871317,0.0,0.9896,1.0446,0.001435,0.00219,0.00191,1.065009,5.144497
2246049792,63962.2,0.003797,0.022783,0.000217,0.866992,0.0,0.9896,1.0447,0.001489,0.00175,0.002055,1.059814,5.125743
2246836224,63965.8,-0.00259,0.011163,0.000214,0.862395,0.0,0.9897,1.0453,0.001281,0.00117,0.001635,1.081145,5.093841
2247622656,63963.4,-0.000678,0.01811,0.000217,0.864324,0.0,0.9898,1.0459,0.000996,0.001057,0.001464,0.990217,4.474908
2248409088,63967.0,-0.001128,0.009962,0.000212,0.8635,0.0,0.9897,1.0456,0.000959,0.001015,0.001446,1.062593,5.153335
2249195520,63970.9,-0.00639,0.008404,0.000212,0.867596,0.0,0.9898,1.0453,0.001156,0.00112,0.001489,1.083598,5.108724
2249981952,63974.5,0.003815,0.011464,0.000212,0.871347,0.0,0.9899,1.0449,0.00106,0.001167,0.001493,1.067378,5.183387
2250768384,63970.5,-0.001279,0.019108,0.000217,0.876132,0.0,0.9899,1.0453,0.001105,0.001075,0.001478,1.041819,5.175315
2251554816,63973.9,0.000308,0.014588,0.000213,0.879892,0.0,0.99,1.0464,0.001306,0.001142,0.001675,1.048206,5.28213
2252341248,63977.3,-0.002121,0.010619,0.000209,0.880354,0.0,0.9902,1.0473,0.001151,0.001187,0.001484,1.055857,5.22758
2253127680,63981.0,0.004756,0.012556,0.000212,0.875036,0.0,0.9903,1.0479,0.001304,0.001174,0.001632,1.04295,5.278269
2253914112,63977.6,-0.003604,0.025495,0.00022,0.875706,0.0,0.9904,1.0479,0.001339,0.001372,0.001731,1.017678,5.125942
2254700544,63981.5,-0.005022,0.015699,0.000216,0.88113,0.0,0.9904,1.0476,0.001357,0.001458,0.0018,1.021377,5.147621
2255486976,63985.1,0.001602,0.016701,0.000215,0.879977,0.0,0.9905,1.0473,0.001335,0.001381,0.001849,0.995264,5.102988
2256273408,63981.6,-0.000724,0.023752,0.000216,0.878431,0.0,0.9906,1.0475,0.001023,0.001384,0.001726,1.025188,5.000394
2257059840,63985.2,-0.00205,0.012356,0.000205,0.880749,0.0,0.9903,1.0471,0.001495,0.00123,0.001858,1.025446,5.125534
2257846272,63988.7,-0.002874,0.010376,0.000205,0.879839,0.0,0.9902,1.047,0.001184,0.001316,0.001657,1.012322,5.065246
2258632704,63991.3,-0.005152,0.012232,0.000206,0.875513,0.0,0.9899,1.0468,0.001166,0.001155,0.001774,1.014973,5.113278
2259419136,63986.4,0.000932,0.023676,0.000218,0.874517,0.0,0.9899,1.0467,0.001194,0.001549,0.001569,1.037665,5.041939
2260205568,63989.8,-0.004713,0.014108,0.000217,0.87736,0.0,0.99,1.0468,0.001245,0.00128,0.001487,1.042452,5.108464
2260992000,63992.3,0.002936,0.015565,0.000213,0.880982,0.0,0.99,1.0468,0.001248,0.00135,0.001591,1.032385,5.123966
2261778432,63987.2,-0.006959,0.021263,0.000216,0.878507,0.0,0.99,1.0466,0.000904,0.001061,0.001399,1.054268,5.138721
2262564864,63990.9,-0.003507,0.009893,0.000214,0.879704,0.0,0.99,1.0467,0.001281,0.001094,0.001717,1.045749,5.266395
2263351296,63994.0,-0.001074,0.008349,0.000215,0.881084,0.0,0.99,1.0465,0.001303,0.001102,0.001669,1.04014,5.298923
2264137728,63997.6,-0.001765,0.01197,0.000217,0.883243,0.0,0.99,1.0461,0.00116,0.001206,0.001613,1.064921,5.342983
2264924160,63991.9,-0.000993,0.026798,0.000228,0.881251,0.0,0.9901,1.0463,0.00167,0.001396,0.001916,1.064188,5.302528
2265710592,63995.0,-0.003996,0.016294,0.000223,0.88104,0.0,0.9902,1.0464,0.001372,0.00163,0.001651,1.029261,5.204372
2266497024,63998.7,0.001562,0.013372,0.000223,0.882633,0.0,0.9903,1.0464,0.001346,0.001428,0.001732,1.049608,5.261927
2267283456,63992.0,-0.000871,0.021109,0.000223,0.878968,0.0,0.9903,1.0466,0.000999,0.00136,0.001528,1.010286,5.246162
2268069888,63995.5,0.002771,0.017973,0.000216,0.876953,0.0,0.9903,1.0467,0.000955,0.001525,0.0017,1.000614,5.034767
2268856320,63997.7,0.005369,0.018245,0.000218,0.877934,0.0,0.9902,1.0468,0.00105,0.001388,0.001623,1.0269,4.991774
2269642752,64001.2,-0.009367,0.015988,0.000218,0.875969,0.0,0.9901,1.0465,0.001138,0.001388,0.001922,1.028525,5.014411
2270429184,63993.7,0.000579,0.028656,0.000225,0.86971,0.0,0.9901,1.0465,0.001296,0.001367,0.001724,1.047215,5.143218
2271215616,63997.3,0.006336,0.015314,0.00022,0.872419,0.0,0.9901,1.0462,0.001047,0.00112,0.001643,1.035157,5.018334
2272002048,64000.9,-0.002941,0.016179,0.000218,0.873934,0.0,0.9901,1.046,0.001223,0.001149,0.001487,1.059144,5.089939
2272788480,63992.9,-0.003596,0.022727,0.000226,0.870934,0.0,0.9901,1.0454,0.001252,0.001014,0.001398,1.012036,4.804695
2273574912,63996.6,-0.00599,0.017406,0.000219,0.872965,0.0,0.9902,1.0455,0.001209,0.001216,0.001686,1.084005,5.214755
2274361344,64000.2,-0.005444,0.014004,0.000217,0.863423,0.0,0.9903,1.045,0.001091,0.001227,0.001821,1.070102,5.161039
2275147776,64002.3,-0.002729,0.015277,0.000223,0.859653,0.0,0.9904,1.0448,0.001304,0.001214,0.001994,1.084404,5.095596
2275934208,63992.5,-0.002098,0.020593,0.000222,0.865,0.0,0.9904,1.0448,0.001154,0.00099,0.001503,1.067041,5.045403
2276720640,63996.0,0.000884,0.009018,0.000213,0.868105,0.0,0.9905,1.0449,0.001234,0.001101,0.00182,1.067642,5.043087
2277507072,63999.4,-0.003532,0.008203,0.000213,0.867828,0.0,0.9906,1.0451,0.001123,0.001019,0.001678,1.077095,5.050077
2278293504,64001.5,0.004719,0.008362,0.000216,0.872657,0.0,0.9906,1.0452,0.000966,0.00109,0.001564,1.050332,5.084299
2279079936,63994.1,-0.003113,0.026261,0.000222,0.866262,0.0,0.9906,1.0452,0.00168,0.001317,0.001963,1.052581,5.12227
2279866368,63996.9,0.003861,0.017236,0.000219,0.868363,0.0,0.9905,1.0449,0.001818,0.001373,0.001812,1.064279,5.020206
2280652800,64000.6,8.3e-05,0.015278,0.00022,0.866198,0.0,0.9904,1.0448,0.001997,0.001259,0.001711,1.051108,4.994198
2281439232,63991.4,0.000554,0.022559,0.000228,0.867963,0.0,0.9902,1.045,0.001674,0.001057,0.001456,1.056211,4.990535
2282225664,63994.8,-0.002691,0.012943,0.000225,0.870071,0.0,0.99,1.0449,0.001298,0.001296,0.00186,1.063431,5.089694
2283012096,63998.0,-0.00593,0.01247,0.000225,0.872923,0.0,0.9898,1.0451,0.001242,0.001163,0.001641,1.06055,5.038531
2283798528,64001.3,-0.010343,0.012079,0.000226,0.874898,0.0,0.9897,1.045,0.001204,0.001168,0.001583,1.062123,5.106725
2284584960,63993.7,-0.003174,0.030918,0.000231,0.874984,0.0,0.9898,1.0449,0.001353,0.001507,0.002137,1.056646,5.210312
2285371392,63997.1,0.00195,0.026371,0.000227,0.871869,0.0,0.9898,1.0443,0.001589,0.00149,0.002072,1.041323,5.120267
2286157824,64000.7,-0.009427,0.018256,0.000224,0.871176,0.0,0.9898,1.0438,0.001434,0.00121,0.001906,1.059434,5.055234
2286944256,63993.5,-0.001996,0.024317,0.000223,0.870558,0.0,0.9898,1.044,0.001613,0.001296,0.001833,1.046488,4.995458
2287730688,63997.1,0.00074,0.02249,0.00022,0.869562,0.0,0.9898,1.0445,0.001237,0.001469,0.002031,1.043639,5.052052
2288517120,64000.7,-0.001698,0.015072,0.00022,0.874085,0.0,0.9899,1.0452,0.001175,0.001461,0.001617,1.043329,5.04487
2289303552,64004.3,0.001578,0.019146,0.000221,0.870636,0.0,0.99,1.0455,0.001069,0.001191,0.001532,1.039602,5.103929
2290089984,63996.4,-0.001543,0.026258,0.000224,0.861517,0.0,0.9901,1.046,0.000945,0.001344,0.001761,1.072995,4.860249
2290876416,64000.0,-0.004341,0.012851,0.000215,0.858026,0.0,0.9902,1.0464,0.0013,0.001485,0.001778,1.035646,4.913658
2291662848,64003.7,0.000977,0.01111,0.000216,0.852636,0.0,0.9903,1.0468,0.001067,0.001255,0.001724,1.06678,4.890601
2292449280,63995.0,-0.002701,0.023592,0.000225,0.852583,0.0,0.9903,1.047,0.001047,0.001488,0.001838,1.051553,5.06172
2293235712,63998.7,-0.006617,0.012603,0.00022,0.857674,0.0,0.9904,1.047,0.001194,0.001104,0.001934,1.0743,5.000127
2294022144,64002.6,0.001023,0.013716,0.000216,0.855225,0.0,0.9906,1.0469,0.001041,0.001093,0.002019,1.063854,4.887379
2294808576,64006.2,0.003679,0.009919,0.000215,0.858888,0.0,0.9907,1.047,0.001193,0.001014,0.001591,1.073913,4.957411
2295595008,63996.3,-0.005724,0.022739,0.000227,0.859317,0.0,0.9907,1.0471,0.001044,0.001116,0.001817,1.062528,4.930717
2296381440,63998.9,-0.002036,0.016459,0.000223,0.862435,0.0,0.9906,1.0466,0.001242,0.001444,0.001656,1.064864,4.946024
2297167872,64002.4,-0.000827,0.016322,0.000219,0.863425,0.0,0.9905,1.046,0.001416,0.001048,0.001801,1.038126,4.842191
2297954304,63994.2,-0.008293,0.021521,0.000226,0.859188,0.0,0.9905,1.0457,0.001699,0.001051,0.0019,0.994571,4.63843
2298740736,63998.0,0.000888,0.016666,0.000216,0.866572,0.0,0.9906,1.0455,0.001582,0.001184,0.001657,1.054693,4.905354
2299527168,64001.9,-0.002222,0.015734,0.00022,0.867381,0.0,0.9905,1.045,0.00138,0.001258,0.001505,1.044291,4.937311
2300313600,64005.7,0.005221,0.017424,0.000217,0.865433,0.0,0.9905,1.0445,0.001245,0.001092,0.001602,1.052968,4.988548
2301100032,63997.6,-0.009007,0.018992,0.00022,0.867746,0.0,0.9906,1.0443,0.00112,0.000947,0.001519,1.028065,5.02639
2301886464,64000.8,0.000938,0.012635,0.000211,0.868486,0.0,0.9905,1.0445,0.000959,0.001095,0.001552,1.035326,5.044064
2302672896,64004.3,-0.002205,0.013488,0.000213,0.868758,0.0,0.9907,1.045,0.001129,0.00113,0.001509,1.060244,5.077717
2303459328,64007.7,-0.003521,0.011585,0.00021,0.870979,0.0,0.9907,1.0451,0.001108,0.001108,0.001405,1.053175,5.037611
2304245760,63974.3,-0.008651,0.023836,0.000217,0.873786,0.0,0.9906,1.045,0.001707,0.001198,0.001738,1.057102,5.134765
2305032192,63977.8,-0.000125,0.01259,0.000214,0.872166,0.0,0.9906,1.0448,0.001725,0.001199,0.001937,1.032749,5.114708
2305818624,63981.2,0.002428,0.013905,0.000212,0.874687,0.0,0.9906,1.0448,0.002343,0.001148,0.002044,1.032515,5.062838
2306605056,63974.7,0.000304,0.021754,0.000221,0.867669,0.0,0.9907,1.045,0.0012,0.001113,0.001706,1.055222,4.984031
2307391488,63978.6,0.003644,0.013744,0.000221,0.868856,0.0,0.9906,1.0449,0.001049,0.000969,0.001544,1.079472,5.078798
2308177920,63981.9,-0.003847,0.014569,0.000224,0.864996,0.0,0.9905,1.0449,0.001101,0.001012,0.001507,1.073416,5.138452
2308964352,63985.3,-0.000588,0.011224,0.000227,0.865082,0.0,0.9904,1.0448,0.000964,0.001249,0.001618,1.062994,5.074471
2309750784,63976.8,-0.003517,0.019548,0.000224,0.867574,0.0,0.9904,1.045,0.000968,0.001078,0.001375,1.059149,5.062058
2310537216,63980.4,-0.00096,0.012602,0.000219,0.868826,0.0,0.9902,1.0451,0.001037,0.001012,0.001495,1.049957,5.083809
2311323648,63984.1,-0.001631,0.008286,0.000214,0.87645,0.0,0.9901,1.0453,0.001024,0.00102,0.001536,1.061989,5.013838
2312110080,63974.7,0.004623,0.020885,0.000221,0.873588,0.0,0.99,1.0452,0.001424,0.001249,0.001728,1.023536,5.038646
2312896512,63978.2,-0.00682,0.015799,0.000224,0.868062,0.0,0.99,1.0453,0.001715,0.001413,0.002146,1.027714,5.070972
2313682944,63981.6,0.001135,0.014104,0.000221,0.865948,0.0,0.9901,1.0454,0.001155,0.001188,0.001971,1.046959,5.090765
2314469376,63985.1,-0.002341,0.012236,0.00022,0.862223,0.0,0.9903,1.0461,0.000964,0.001158,0.001663,1.064474,5.079118
2315255808,63978.8,-0.005766,0.022039,0.00022,0.860007,0.0,0.9903,1.0463,0.001013,0.001128,0.001642,1.095485,4.986394
2316042240,63982.3,-0.002656,0.013775,0.000218,0.864595,0.0,0.9904,1.0466,0.001196,0.000967,0.001681,1.085548,5.159573
2316828672,63985.8,-0.001951,0.015149,0.00022,0.861731,0.0,0.9905,1.0468,0.001212,0.001089,0.001672,1.099387,5.164576
2317615104,63979.8,-0.002859,0.023896,0.000221,0.862308,0.0,0.9905,1.0471,0.000879,0.001129,0.00149,1.048294,5.130447
2318401536,63983.1,0.002681,0.017477,0.00021,0.8686,0.0,0.9904,1.0466,0.001358,0.001329,0.001774,1.05959,5.034869
2319187968,63986.3,0.00324,0.011599,0.000209,0.870759,0.0,0.9905,1.0467,0.001048,0.001111,0.00166,1.039219,5.060888
2319974400,63989.8,-0.003386,0.012844,0.000207,0.869259,0.0,0.9904,1.0465,0.001112,0.001132,0.001836,1.0753,5.074466
2320760832,63984.3,-0.002582,0.020564,0.000219,0.868835,0.0,0.9904,1.0466,0.000948,0.001008,0.001353,1.070568,5.212
2321547264,63987.8,0.00307,0.009886,0.000219,0.873658,0.0,0.9907,1.0475,0.000991,0.001238,0.001482,1.063652,5.248771
2322333696,63991.1,0.002703,0.009244,0.000222,0.876245,0.0,0.9909,1.0481,0.00097,0.001166,0.001429,1.058839,5.232172
2323120128,63986.0,0.002005,0.018252,0.000226,0.877081,0.0,0.9911,1.0486,0.001215,0.001018,0.001309,1.002973,4.968517
2323906560,63989.6,-0.009522,0.01733,0.00021,0.877779,0.0,0.9912,1.0488,0.001579,0.001535,0.001974,1.031053,5.175872
2324692992,63993.0,0.001064,0.019067,0.000214,0.873007,0.0,0.9912,1.0486,0.001658,0.001371,0.0018,1.024285,5.103914
2325479424,63996.3,-0.001525,0.013361,0.000213,0.871389,0.0,0.9912,1.0486,0.001952,0.001299,0.001734,1.042119,5.087104
2326265856,63990.7,0.002334,0.025013,0.000221,0.864417,0.0,0.9911,1.0485,0.001779,0.001182,0.001449,1.078724,5.047375
2327052288,63994.2,-0.002532,0.01402,0.000219,0.866734,0.0,0.9913,1.0486,0.00136,0.001281,0.001566,1.047875,5.018583
2327838720,63997.6,-0.002118,0.01263,0.000219,0.864307,0.0,0.9914,1.0487,0.001144,0.00136,0.001572,1.050321,5.048293
2328625152,64001.0,9.5e-05,0.01332,0.000218,0.867337,0.0,0.9914,1.0486,0.001008,0.001155,0.001486,1.060959,5.009344
2329411584,63996.6,0.000453,0.02339,0.000221,0.86416,0.0,0.9917,1.0492,0.001191,0.001115,0.001662,1.047085,5.005136
2330198016,63999.9,0.002115,0.015045,0.000216,0.868711,0.0,0.9918,1.0497,0.001726,0.001226,0.001617,1.026152,4.921482
2330984448,64003.5,0.001799,0.013419,0.000215,0.862632,0.0,0.9918,1.0499,0.00163,0.001159,0.00151,1.040468,4.971516
2331770880,63999.2,-0.00056,0.018531,0.000221,0.862373,0.0,0.9921,1.0502,0.001324,0.001091,0.001516,1.026821,4.837252
2332557312,64002.7,-0.005043,0.006009,0.000211,0.868458,0.0,0.9922,1.0503,0.000977,0.000983,0.001564,1.050689,4.905931
2333343744,64006.4,-6e-05,0.007897,0.000211,0.871426,0.0,0.9922,1.0503,0.000881,0.001036,0.001398,1.030999,4.919684
2334130176,64010.1,0.000371,0.005613,0.000211,0.872117,0.0,0.9925,1.0513,0.000932,0.000971,0.001419,1.041,5.042982
2334916608,64004.7,0.004664,0.022196,0.000225,0.867953,0.0,0.9926,1.0517,0.001184,0.001102,0.001675,1.040427,4.97761
2335703040,64008.1,-0.005009,0.014925,0.000229,0.864274,0.0,0.9927,1.052,0.001076,0.001279,0.001834,1.041748,4.945612
2336489472,64011.6,0.002572,0.015671,0.000227,0.867376,0.0,0.9927,1.0521,0.001293,0.001061,0.001846,1.060146,4.892142
2337275904,64007.6,-0.002793,0.023384,0.000228,0.870203,0.0,0.9926,1.0518,0.000911,0.001142,0.001376,1.053535,4.933919
2338062336,64011.1,-0.001286,0.013244,0.00022,0.870671,0.0,0.9923,1.0509,0.001117,0.000943,0.001536,1.052536,5.017817
2338848768,64014.3,0.006961,0.014329,0.00022,0.871232,0.0,0.992,1.0501,0.000993,0.000958,0.001646,1.044669,5.066452
2339635200,64017.5,-0.00052,0.015325,0.000217,0.87137,0.0,0.9917,1.0494,0.001366,0.000998,0.001475,1.044442,5.0107
2340421632,64014.0,-0.0039,0.025621,0.000212,0.873516,0.0,0.9918,1.0495,0.0014,0.000931,0.001509,1.004379,4.958601
2341208064,64017.6,0.004807,0.017767,0.000207,0.874965,0.0,0.9918,1.0494,0.001303,0.001102,0.001417,1.048161,5.045846
2341994496,64020.8,0.000101,0.019514,0.000207,0.874465,0.0,0.9916,1.049,0.001038,0.001278,0.00154,1.033828,5.000202
2342780928,64016.6,0.001739,0.025506,0.000213,0.874165,0.0,0.9915,1.0488,0.001004,0.001021,0.001446,1.025257,5.119117
2343567360,64018.5,-0.006698,0.01033,0.000208,0.876784,0.0,0.9916,1.049,0.00096,0.001079,0.001462,1.006271,4.984363
2344353792,64021.1,-0.007498,0.008497,0.000204,0.874658,0.0,0.9916,1.049,0.000983,0.001148,0.001412,1.018898,4.999562
2345140224,64024.3,-0.005135,0.007723,0.000207,0.878048,0.0,0.9916,1.0494,0.001002,0.001102,0.001333,1.045852,4.984839
2345926656,64020.7,-0.002801,0.022913,0.000223,0.867535,0.0,0.9916,1.0493,0.001031,0.001389,0.001652,1.052281,5.128606
2346713088,64024.3,-0.004693,0.0161,0.000226,0.868752,0.0,0.9915,1.0485,0.001341,0.001405,0.001705,1.058862,5.065278
2347499520,64028.1,-0.010471,0.013624,0.000223,0.871061,0.0,0.9913,1.0482,0.00125,0.001293,0.001637,1.048054,5.129145
2348285952,64024.4,-0.00178,0.027763,0.00023,0.865216,0.0,0.9912,1.0478,0.001116,0.001106,0.001536,1.043751,5.004351
2349072384,64027.8,0.006029,0.018311,0.000217,0.872312,0.0,0.9912,1.0476,0.001325,0.000952,0.001453,1.082564,5.097843
2349858816,64031.1,-0.003217,0.015396,0.000214,0.871913,0.0,0.991,1.0468,0.001167,0.00103,0.001573,1.088984,5.114898
2350645248,64034.5,-0.005659,0.013378,0.000214,0.870079,0.0,0.9908,1.0463,0.001136,0.000979,0.001557,1.067474,5.065337
2351431680,64030.1,0.001453,0.026474,0.00022,0.863516,0.0,0.9907,1.0459,0.001129,0.000943,0.001416,1.033448,4.980081
2352218112,64033.4,0.003364,0.014033,0.000218,0.866694,0.0,0.9906,1.0458,0.001152,0.000941,0.001697,1.050102,4.91433
2353004544,64036.6,-0.002299,0.013199,0.000218,0.868096,0.0,0.9906,1.0459,0.001228,0.000971,0.001683,1.05095,4.982327
2353790976,64040.0,0.003543,0.017812,0.000215,0.86776,0.0,0.9907,1.046,0.001375,0.001035,0.001628,1.065305,4.964258
2354577408,64035.3,-0.003881,0.022299,0.000221,0.866673,0.0,0.9908,1.0465,0.00106,0.001184,0.001462,1.061749,5.018367
2355363840,64038.1,0.000252,0.012484,0.000218,0.870158,0.0,0.9909,1.0471,0.00131,0.001123,0.001329,1.039962,4.972115
2356150272,64041.0,0.001665,0.012298,0.000218,0.871412,0.0,0.991,1.0475,0.001505,0.001088,0.001477,1.040641,4.968946
2356936704,64035.3,0.001087,0.020147,0.000219,0.872588,0.0,0.991,1.0477,0.001001,0.000981,0.001187,1.021425,4.907411
2357723136,64038.6,0.001905,0.017415,0.000213,0.875117,0.0,0.9911,1.0478,0.001458,0.001152,0.001372,0.988998,4.950292
2358509568,64041.8,0.002635,0.011911,0.000215,0.872159,0.0,0.9913,1.048,0.00129,0.001175,0.001247,1.020412,4.917916
2359296000,64045.0,0.004724,0.012846,0.000214,0.871341,0.0,0.9914,1.0484,0.001309,0.00103,0.001405,1.005489,4.909904
2360082432,64039.4,0.002502,0.02164,0.000227,0.864304,0.0,0.9913,1.0483,0.001199,0.00105,0.001373,1.073475,4.978564
2360868864,64042.8,-0.003041,0.013929,0.000221,0.866089,0.0,0.9912,1.048,0.001374,0.001204,0.001459,1.052086,4.974182
2361655296,64046.1,-0.003466,0.009951,0.000216,0.864395,0.0,0.9911,1.0477,0.00101,0.001043,0.001319,1.06414,4.976465
2362441728,64040.1,0.001348,0.019202,0.000221,0.86076,0.0,0.991,1.0473,0.001211,0.001138,0.001574,1.082368,4.967074
2363228160,64043.6,-0.006375,0.008411,0.000218,0.863306,0.0,0.991,1.0479,0.001196,0.001033,0.001772,1.037152,4.967525
2364014592,64046.9,0.009061,0.010716,0.000219,0.862153,0.0,0.991,1.0485,0.000908,0.001113,0.001731,1.038707,4.975594
2364801024,64050.3,0.003744,0.009205,0.000219,0.864609,0.0,0.9911,1.0491,0.001,0.001065,0.001769,1.040715,4.916434
2365587456,64042.4,-0.006105,0.019423,0.000216,0.855889,0.0,0.9913,1.0499,0.001239,0.001186,0.001573,1.046049,4.904308
2366373888,64044.8,-0.003787,0.010629,0.000207,0.862148,0.0,0.9914,1.0507,0.000965,0.00102,0.001387,1.060201,4.903113
2367160320,64048.4,0.000544,0.012537,0.000211,0.860593,0.0,0.9914,1.0515,0.001105,0.00099,0.00147,1.070961,4.963881
2367946752,64039.2,-0.000506,0.018716,0.000215,0.862144,0.0,0.9914,1.0519,0.000788,0.001099,0.001329,1.042811,5.029297
2368733184,64042.4,0.002474,0.01382,0.000216,0.858865,0.0,0.9915,1.0525,0.00119,0.00112,0.001423,1.033246,4.959884
2369519616,64045.7,-0.004694,0.011941,0.000217,0.860924,0.0,0.9915,1.0533,0.000955,0.001131,0.001303,1.063055,4.938157
2370306048,64048.9,-0.004203,0.010773,0.000218,0.855492,0.0,0.9915,1.0539,0.000895,0.001119,0.001492,1.074768,4.929358
2371092480,64038.9,0.00124,0.025271,0.000222,0.85575,0.0,0.9913,1.0537,0.001152,0.001157,0.001642,1.076731,5.030945
2371878912,64042.6,-0.005984,0.016287,0.000212,0.859753,0.0,0.9912,1.053,0.001808,0.001781,0.001859,1.066027,4.945869
2372665344,64046.1,-0.001106,0.014959,0.000213,0.851575,0.0,0.9912,1.0526,0.001459,0.00158,0.001871,1.062957,4.881185
2373451776,64035.5,0.002344,0.029052,0.000224,0.847748,0.0,0.9913,1.0523,0.001428,0.001215,0.001518,1.055307,4.681259
2374238208,64039.1,-0.007774,0.014517,0.000217,0.848441,0.0,0.9911,1.0519,0.002218,0.001292,0.001455,1.074049,4.755631
2375024640,64042.3,-0.005584,0.017059,0.000222,0.847324,0.0,0.991,1.0519,0.001437,0.00116,0.00152,1.09889,4.897935
2375811072,64045.9,-0.002678,0.014794,0.000221,0.852747,0.0,0.9909,1.0515,0.001218,0.001135,0.001403,1.093834,4.874428
2376597504,64036.0,-0.002234,0.026977,0.000221,0.852033,0.0,0.9908,1.0513,0.00102,0.00099,0.001518,1.056338,4.808662
2377383936,64039.4,0.002055,0.012868,0.000223,0.853332,0.0,0.9909,1.0515,0.000838,0.001089,0.00156,1.053807,4.926355
2378170368,64043.1,0.004841,0.012486,0.000218,0.857549,0.0,0.991,1.0516,0.000934,0.001126,0.001377,1.088901,4.92998
2378956800,64046.5,-0.004951,0.010971,0.000217,0.854374,0.0,0.9911,1.0518,0.000969,0.0011,0.001481,1.08412,4.986526
2379743232,64033.1,0.002746,0.018558,0.000224,0.858825,0.0,0.9911,1.0518,0.000858,0.000887,0.001307,1.056141,5.021323
2380529664,64036.2,-0.000533,0.011955,0.000218,0.868155,0.0,0.9911,1.0516,0.000948,0.001,0.001223,1.068432,5.068797
2381316096,64039.8,-0.002352,0.009253,0.000213,0.869579,0.0,0.991,1.0514,0.001041,0.000869,0.001244,1.054894,5.131321
2382102528,64024.0,0.000536,0.020751,0.000224,0.865201,0.0,0.991,1.0513,0.000972,0.000899,0.001373,1.086873,5.129892
2382888960,64027.0,0.003372,0.016387,0.000223,0.867271,0.0,0.991,1.051,0.001749,0.001052,0.001494,1.079046,5.08321
2383675392,64030.3,-0.004501,0.013294,0.000222,0.868094,0.0,0.991,1.0507,0.001867,0.000971,0.001718,1.082366,5.129369
2384461824,64033.6,-0.001666,0.012815,0.000222,0.867262,0.0,0.991,1.0505,0.001284,0.000985,0.001617,1.057444,5.1386
2385248256,64013.8,-0.001279,0.024881,0.000234,0.859987,0.0,0.9909,1.0499,0.001552,0.001193,0.00208,1.077359,5.147619
2386034688,64017.2,-8.1e-05,0.013968,0.00023,0.859511,0.0,0.9909,1.0489,0.00182,0.001193,0.001738,1.107836,5.058331
2386821120,64020.6,0.000834,0.014578,0.000232,0.863458,0.0,0.9909,1.048,0.001367,0.001046,0.00164,1.101358,5.064025
2387607552,64002.1,-0.003767,0.024325,0.00023,0.860498,0.0,0.991,1.0477,0.001048,0.001029,0.001461,1.06477,5.098245
2388393984,64005.7,0.002152,0.01454,0.000214,0.865266,0.0,0.9909,1.0479,0.000798,0.001191,0.001496,1.07888,5.150225
2389180416,64009.3,-0.001462,0.014644,0.000213,0.865478,0.0,0.9907,1.0482,0.001083,0.001251,0.001491,1.084456,5.158848
2389966848,64012.9,-0.001982,0.015582,0.000217,0.866488,0.0,0.9905,1.0483,0.00105,0.001225,0.001392,1.082111,5.135086
2390753280,63990.5,-0.00205,0.024162,0.000215,0.862294,0.0,0.9906,1.0486,0.00107,0.001172,0.001532,1.091617,5.092244
2391539712,63994.0,-0.003879,0.016881,0.00021,0.859922,0.0,0.9908,1.0491,0.001214,0.001129,0.00174,1.101825,5.183284
2392326144,63997.7,0.006082,0.01226,0.000209,0.858635,0.0,0.991,1.0495,0.001046,0.000977,0.001293,1.08908,5.161404
2393112576,63983.1,0.000808,0.020627,0.000215,0.855861,0.0,0.9912,1.0499,0.000891,0.001018,0.001288,1.084481,5.164846
2393899008,63986.5,-0.000861,0.013427,0.000221,0.863428,0.0,0.9911,1.0493,0.001187,0.000994,0.001785,1.079124,5.115176
2394685440,63988.5,-0.009542,0.010707,0.000222,0.864019,0.0,0.991,1.049,0.000994,0.001216,0.001574,1.066621,5.164063
2395471872,63991.7,-0.000698,0.012619,0.00022,0.86323,0.0,0.9909,1.0483,0.001163,0.001148,0.001498,1.091978,5.023521
2396258304,63973.1,-0.005917,0.020088,0.000222,0.858456,0.0,0.9908,1.0483,0.000807,0.000944,0.001457,1.102143,5.05596
2397044736,63975.9,-0.001591,0.01468,0.00022,0.856754,0.0,0.9909,1.0486,0.001058,0.001133,0.001945,1.1022,5.109193
2397831168,63979.4,0.003739,0.01239,0.000223,0.858174,0.0,0.991,1.049,0.001061,0.001084,0.00157,1.082348,5.112213
2398617600,63961.9,0.001087,0.022099,0.000228,0.854429,0.0,0.9909,1.0489,0.000866,0.001155,0.001449,1.053925,5.172637
2399404032,63965.3,-0.002929,0.010425,0.000213,0.866745,0.0,0.991,1.0489,0.000782,0.001008,0.001529,1.093623,5.145132
2400190464,63968.8,-0.001855,0.009862,0.000212,0.870977,0.0,0.991,1.0489,0.000862,0.001027,0.00144,1.104855,5.217734
2400976896,63972.2,-0.003286,0.009091,0.000212,0.869696,0.0,0.991,1.0487,0.00105,0.000973,0.001408,1.090994,5.256052
2401763328,63951.1,-0.006143,0.021224,0.00022,0.869747,0.0,0.991,1.0492,0.000849,0.000884,0.001221,1.085264,5.211441
2402549760,63954.5,-0.004964,0.013019,0.000214,0.870419,0.0,0.991,1.05,0.001142,0.001008,0.001432,1.051547,5.239337
2403336192,63958.0,-0.002352,0.009398,0.000213,0.867961,0.0,0.991,1.0506,0.001188,0.000953,0.001286,1.054163,5.165626
2404122624,63961.4,-0.00295,0.009711,0.000214,0.869564,0.0,0.9909,1.051,0.000957,0.001085,0.001341,1.088418,5.059522
2404909056,63940.5,0.004534,0.02202,0.000221,0.871084,0.0,0.9912,1.0512,0.000846,0.000906,0.001349,1.054405,5.255573
2405695488,63943.9,-0.007941,0.010815,0.000212,0.869263,0.0,0.9914,1.0514,0.0011,0.000938,0.001344,1.067052,5.195289
2406481920,63947.3,-0.00292,0.013923,0.000213,0.871411,0.0,0.9916,1.0516,0.001343,0.000935,0.001471,1.049516,5.132829
2407268352,63923.6,-0.001599,0.018634,0.000216,0.867151,0.0,0.9917,1.0517,0.001038,0.000915,0.001208,1.097095,5.143681
2408054784,63926.7,-0.005312,0.011496,0.000213,0.86681,0.0,0.9916,1.0513,0.000994,0.001027,0.001447,1.080519,5.004366
2408841216,63929.4,0.000138,0.012273,0.000214,0.868296,0.0,0.9915,1.0507,0.000885,0.001071,0.001413,1.068183,5.178539
2409627648,63932.7,0.000205,0.010321,0.000213,0.865363,0.0,0.9914,1.0505,0.000811,0.000938,0.00121,1.082546,5.189392
2410414080,63911.3,-0.003604,0.020893,0.000212,0.865408,0.0,0.9915,1.0505,0.000851,0.000947,0.001431,1.083382,5.155756
2411200512,63914.9,-0.001707,0.012121,0.000207,0.873984,0.0,0.9915,1.0501,0.000949,0.000808,0.00132,1.065674,5.172725
2411986944,63918.3,0.001,0.013421,0.000207,0.874209,0.0,0.9915,1.0499,0.000896,0.000915,0.001341,1.084275,5.291909
2412773376,63899.1,-0.00165,0.022119,0.000212,0.869898,0.0,0.9915,1.0492,0.000809,0.001041,0.00137,1.04731,5.181418
2413559808,63901.8,-0.000948,0.009908,0.000205,0.874481,0.0,0.9916,1.0492,0.000759,0.001039,0.001475,1.082633,5.166482
2414346240,63905.2,-0.003699,0.00896,0.000207,0.871542,0.0,0.9917,1.0492,0.000828,0.000912,0.001321,1.055608,5.2189
2415132672,63908.8,-0.00367,0.009322,0.000205,0.868019,0.0,0.9918,1.0495,0.000802,0.0012,0.001556,1.080299,5.208498
2415919104,63888.5,0.008275,0.027657,0.000213,0.855679,0.0,0.9917,1.0495,0.000959,0.001041,0.00119,1.105574,5.128423
2416705536,63891.4,0.002196,0.02456,0.000208,0.855155,0.0,0.9916,1.0492,0.002018,0.001408,0.001955,1.109423,5.140521
2417491968,63894.5,-0.00222,0.024692,0.000212,0.855074,0.0,0.9914,1.0487,0.001055,0.001124,0.001464,1.12693,5.068296
2418278400,63878.9,-0.005524,0.029327,0.000215,0.850184,0.0,0.9912,1.0483,0.001151,0.001046,0.00178,1.11729,5.147561
2419064832,63882.0,-0.002586,0.018008,0.00022,0.851678,0.0,0.9912,1.0476,0.001071,0.000986,0.00164,1.090527,5.060785
2419851264,63875.5,2.1e-05,0.015145,0.000215,0.854189,0.0,0.9913,1.0471,0.001,0.001212,0.001598,1.087536,5.118328
2420637696,63879.1,-0.001733,0.011312,0.000215,0.855656,0.0,0.9911,1.0464,0.001069,0.00096,0.001265,1.109704,5.113164
2421424128,63862.2,0.001618,0.025416,0.000215,0.858427,0.0,0.9912,1.0462,0.001191,0.000921,0.001523,1.074821,5.014204
2422210560,63864.7,0.00023,0.015609,0.000215,0.854056,0.0,0.9911,1.0457,0.00122,0.001044,0.001526,1.07902,5.027624
2422996992,63866.5,-0.001084,0.01421,0.000216,0.857694,0.0,0.991,1.0452,0.001091,0.001237,0.001533,1.091869,5.009187
2423783424,63851.2,-0.002729,0.022739,0.000221,0.85181,0.0,0.9909,1.0449,0.001008,0.001065,0.00138,1.036498,4.983194
2424569856,63854.8,0.001928,0.013178,0.000215,0.854133,0.0,0.9909,1.0448,0.000998,0.000997,0.001568,1.090687,4.977377
2425356288,63858.1,0.002056,0.015137,0.000218,0.853776,0.0,0.991,1.0446,0.000938,0.000925,0.001616,1.107837,5.033176
2426142720,63861.5,0.009539,0.017037,0.000217,0.861302,0.0,0.991,1.0444,0.001202,0.000924,0.001191,1.110611,5.010101
2426929152,63846.4,0.00577,0.021947,0.000217,0.856663,0.0,0.991,1.0445,0.001181,0.000847,0.001725,1.073315,5.113302
2427715584,63850.0,-0.006608,0.011259,0.000211,0.8525,0.0,0.991,1.0446,0.000936,0.000944,0.001519,1.082786,5.061504
2428502016,63853.7,0.002539,0.012612,0.000212,0.849387,0.0,0.9911,1.0449,0.001508,0.00096,0.001582,1.079338,5.056988
2429288448,63857.1,-0.00424,0.012159,0.000214,0.849406,0.0,0.991,1.0446,0.001339,0.000934,0.001501,1.103212,5.009798
2430074880,63841.7,-0.000795,0.020271,0.000222,0.856406,0.0,0.991,1.0444,0.001209,0.000881,0.001648,1.084625,5.08897
2430861312,63844.8,0.000442,0.010261,0.000218,0.858697,0.0,0.9909,1.0438,0.000989,0.000848,0.001507,1.077407,5.086305
2431647744,63848.0,-0.003268,0.012257,0.000214,0.857218,0.0,0.9909,1.0434,0.000793,0.000892,0.001398,1.083521,5.093996
2432434176,63826.9,0.002331,0.020494,0.000225,0.85098,0.0,0.991,1.0434,0.000878,0.000914,0.001372,1.095659,4.994956
2433220608,63830.1,-0.003542,0.015145,0.000224,0.853653,0.0,0.991,1.0435,0.001216,0.001082,0.00162,1.111593,4.980253
2434007040,63833.6,-0.008026,0.015222,0.000222,0.85673,0.0,0.9909,1.0436,0.000895,0.001089,0.00162,1.112052,5.129398
2434793472,63837.0,0.001297,0.016728,0.00022,0.854396,0.0,0.9909,1.0437,0.001067,0.001127,0.001573,1.104081,5.024854
2435579904,63822.1,-0.002906,0.023506,0.00022,0.855181,0.0,0.9909,1.044,0.002416,0.001111,0.001613,1.089961,5.149297
2436366336,63825.6,0.000395,0.011731,0.000219,0.859817,0.0,0.991,1.0444,0.001879,0.000925,0.00181,1.085882,5.09632
2437152768,63829.1,4.2e-05,0.01041,0.000217,0.858965,0.0,0.9911,1.0449,0.001036,0.000938,0.001684,1.084114,5.068576
2437939200,63811.4,-0.004274,0.020144,0.000227,0.854304,0.0,0.9911,1.0453,0.001048,0.001034,0.001333,1.066171,5.038618
2438725632,63814.4,-0.002408,0.015635,0.000223,0.853884,0.0,0.991,1.045,0.000932,0.001237,0.001603,1.066945,5.043424
2439512064,63817.7,2.4e-05,0.020096,0.000224,0.850162,0.0,0.9909,1.0447,0.000977,0.001108,0.001575,1.090168,5.070333
2440298496,63820.9,0.00301,0.014524,0.000225,0.849506,0.0,0.9908,1.0446,0.000994,0.001016,0.001519,1.080101,5.07548
2441084928,63803.4,-0.002706,0.025111,0.000228,0.848679,0.0,0.991,1.0449,0.001338,0.001012,0.001538,1.111932,5.075255
2441871360,63806.7,-0.002343,0.016487,0.000225,0.852889,0.0,0.9909,1.0451,0.000989,0.000984,0.001575,1.094226,4.977256
2442657792,63809.8,-0.004907,0.014525,0.000225,0.854422,0.0,0.9909,1.0453,0.001148,0.001066,0.001445,1.069114,4.954669
2443444224,63794.7,-0.002114,0.023861,0.000223,0.855339,0.0,0.9909,1.0456,0.000845,0.000826,0.001327,1.077459,5.034511
2444230656,63798.1,-0.00069,0.015162,0.000219,0.861844,0.0,0.991,1.0461,0.000833,0.000923,0.001431,1.06694,4.987418
2445017088,63801.6,-0.007654,0.010892,0.000214,0.864212,0.0,0.9911,1.0465,0.000813,0.000981,0.001329,1.076598,4.991683
2445803520,63804.9,-0.00113,0.010809,0.000212,0.862203,0.0,0.991,1.0465,0.00108,0.000867,0.001227,1.083634,5.078184
2446589952,63789.8,-0.00258,0.025662,0.000217,0.857469,0.0,0.9911,1.0467,0.001003,0.001066,0.001578,1.071809,5.170134
2447376384,63793.2,-0.000602,0.012651,0.000213,0.857726,0.0,0.991,1.0468,0.000937,0.000994,0.001396,1.097964,5.027712
2448162816,63796.6,-0.009833,0.015412,0.000212,0.854956,0.0,0.991,1.0467,0.000836,0.000957,0.001409,1.086737,5.041863
2448949248,63782.7,0.001398,0.01966,0.000217,0.855014,0.0,0.991,1.0468,0.00095,0.000828,0.001193,1.052457,5.107706
2449735680,63786.1,-0.004966,0.013105,0.000214,0.858421,0.0,0.9912,1.0469,0.001715,0.001267,0.001729,1.113732,5.118072
2450522112,63789.6,0.002036,0.015167,0.000214,0.858859,0.0,0.9913,1.0471,0.000853,0.001095,0.001606,1.113389,5.151531
2451308544,63792.8,0.001319,0.014167,0.000215,0.863381,0.0,0.9913,1.0468,0.000854,0.00104,0.001433,1.101872,5.109187
2452094976,63775.0,-0.011102,0.02112,0.000225,0.864434,0.0,0.9914,1.047,0.001185,0.000931,0.001433,1.079138,5.277229
2452881408,63778.2,0.003318,0.015888,0.000224,0.867394,0.0,0.9914,1.0468,0.001099,0.001143,0.001469,1.092981,5.159756
2453667840,63781.3,-0.000287,0.016652,0.000225,0.864217,0.0,0.9914,1.0465,0.001519,0.001203,0.001372,1.087941,5.192029
2454454272,63784.6,-0.003686,0.013669,0.000223,0.862486,0.0,0.9914,1.0463,0.001241,0.001072,0.001477,1.085081,5.167068
2455240704,63766.2,-0.004093,0.016465,0.000221,0.858164,0.0,0.9915,1.0468,0.000781,0.001023,0.001516,1.104166,5.174405
2456027136,63769.8,-0.007174,0.010159,0.000219,0.859769,0.0,0.9915,1.0474,0.000909,0.000945,0.001407,1.096951,5.221428
2456813568,63773.1,-0.000128,0.010758,0.000219,0.861743,0.0,0.9915,1.0479,0.000782,0.000982,0.001344,1.112465,5.176976
2457600000,63756.3,0.000831,0.021248,0.000224,0.86317,0.0,0.9916,1.0483,0.000793,0.000889,0.001149,1.083457,5.09305
2458386432,63759.8,-0.002661,0.012479,0.000215,0.867908,0.0,0.9916,1.0486,0.000998,0.00089,0.001478,1.071212,5.092024
2459172864,63763.4,0.00057,0.009808,0.000211,0.869982,0.0,0.9916,1.0488,0.00092,0.000939,0.001327,1.066331,5.114434
2459959296,63767.1,-0.003359,0.010145,0.000211,0.872196,0.0,0.9916,1.0492,0.000706,0.000924,0.001192,1.054703,5.195767
2460745728,63748.3,-0.002228,0.022015,0.000212,0.867783,0.0,0.9914,1.049,0.000949,0.000805,0.001361,1.079065,5.168453
2461532160,63751.9,-0.000409,0.010934,0.000205,0.868144,0.0,0.9914,1.0492,0.000862,0.001081,0.001394,1.064358,5.166802
2462318592,63755.7,-0.001602,0.010252,0.000201,0.869286,0.0,0.9914,1.0492,0.000866,0.000903,0.001367,1.056987,5.113874
2463105024,63741.7,0.000804,0.019456,0.000211,0.864185,0.0,0.9914,1.0493,0.000696,0.000962,0.001319,1.067161,5.16748
2463891456,63745.2,0.001876,0.012161,0.000207,0.863049,0.0,0.9913,1.0489,0.000867,0.001121,0.00129,1.088105,5.112027
2464677888,63748.9,0.006355,0.015116,0.000208,0.864035,0.0,0.9913,1.0488,0.000991,0.000902,0.001402,1.079038,5.114734
2465464320,63752.6,0.002354,0.010205,0.000208,0.864217,0.0,0.9914,1.0487,0.000805,0.00104,0.001388,1.072893,5.110769
2466250752,63733.1,-0.001983,0.024727,0.000222,0.858102,0.0,0.9913,1.0488,0.000994,0.001024,0.001443,1.062699,5.098361
2467037184,63736.9,-0.000318,0.016096,0.000221,0.851986,0.0,0.9913,1.0492,0.001259,0.001189,0.001265,1.116513,4.927677
2467823616,63740.7,-0.004498,0.018313,0.000223,0.844697,0.0,0.9913,1.0496,0.000929,0.001158,0.001546,1.094631,5.016925
2468610048,63721.5,0.000963,0.026476,0.000226,0.84647,0.0,0.9912,1.0499,0.001028,0.001027,0.001314,1.114552,5.011941
2469396480,63724.9,0.002486,0.013382,0.000229,0.851564,0.0,0.9911,1.0492,0.001128,0.000704,0.001249,1.122415,5.015701
2470182912,63728.6,-0.001829,0.013287,0.00023,0.851764,0.0,0.9911,1.0484,0.001156,0.000937,0.001303,1.117785,5.131615
2470969344,63732.3,-0.003775,0.013984,0.000225,0.85484,0.0,0.9911,1.0479,0.001068,0.000807,0.001341,1.12066,5.088534
2471755776,63710.8,-0.002599,0.025904,0.000229,0.857175,0.0,0.991,1.0474,0.001001,0.000825,0.001471,1.1289,5.115494
2472542208,63714.4,-0.003903,0.011201,0.000218,0.862738,0.0,0.9911,1.0478,0.000865,0.000816,0.001343,1.123246,5.124999
2473328640,63717.9,-0.001258,0.010341,0.000217,0.864747,0.0,0.9911,1.0479,0.00089,0.000815,0.001382,1.107683,5.187362
2474115072,63693.8,-0.005416,0.018882,0.000226,0.862014,0.0,0.991,1.048,0.000861,0.00081,0.001339,1.033929,5.254096
2474901504,63697.5,-0.007246,0.010308,0.000216,0.86874,0.0,0.991,1.0481,0.000781,0.000914,0.00146,1.105529,5.239181
2475687936,63701.1,-0.002323,0.010999,0.000218,0.866987,0.0,0.9909,1.0482,0.000844,0.000891,0.001439,1.104191,5.265971
2476474368,63704.4,0.00168,0.010669,0.000216,0.862281,0.0,0.9908,1.0484,0.000912,0.000863,0.001252,1.117369,5.254697
2477260800,63682.3,0.008271,0.020852,0.000229,0.855192,0.0,0.9909,1.0486,0.001273,0.000819,0.001178,1.119337,5.266342
2478047232,63685.4,0.001217,0.010339,0.000224,0.857432,0.0,0.9909,1.0486,0.000915,0.000942,0.001201,1.118153,5.163076
2478833664,63689.0,-0.000437,0.010766,0.000223,0.85678,0.0,0.9909,1.0486,0.001028,0.001039,0.001275,1.097312,5.214653
2479620096,63692.7,-0.006698,0.011279,0.000224,0.851025,0.0,0.9909,1.0487,0.001109,0.001007,0.001482,1.135643,5.097626
2480406528,63672.1,-0.006742,0.017963,0.000215,0.853305,0.0,0.9908,1.0485,0.000964,0.000933,0.00126,1.114809,5.146858
2481192960,63675.2,0.002245,0.015633,0.00021,0.85288,0.0,0.9908,1.0483,0.000903,0.000969,0.001571,1.129573,5.066714
2481979392,63678.7,0.002322,0.015199,0.000208,0.852488,0.0,0.9906,1.0481,0.000826,0.000937,0.001374,1.093751,5.093389
2482765824,63655.1,-0.000403,0.021005,0.000218,0.849235,0.0,0.9906,1.0479,0.000925,0.001026,0.001347,1.115211,4.958513
2483552256,63658.8,0.000187,0.014788,0.00022,0.853706,0.0,0.9905,1.0477,0.000953,0.00095,0.001284,1.104829,4.962682
2484338688,63661.5,0.003557,0.016508,0.000218,0.855867,0.0,0.9905,1.0476,0.000778,0.001083,0.00149,1.106042,5.051188
2485125120,63665.0,-0.000796,0.010364,0.00022,0.858258,0.0,0.9904,1.0476,0.001027,0.000925,0.00122,1.080319,5.021389
2485911552,63641.1,-0.007253,0.021498,0.000222,0.859073,0.0,0.9904,1.0483,0.000924,0.000928,0.001346,1.095541,5.138235
2486697984,63644.8,-0.006837,0.012246,0.000216,0.862047,0.0,0.9905,1.0491,0.000911,0.000938,0.001361,1.083643,5.093051
2487484416,63648.5,-0.003355,0.009642,0.000215,0.862342,0.0,0.9906,1.0499,0.000894,0.000803,0.001237,1.09564,5.04031
2488270848,63625.8,0.003204,0.025753,0.000219,0.860149,0.0,0.9907,1.0502,0.001104,0.000885,0.001382,1.059527,5.09581
2489057280,63629.4,-9.6e-05,0.019835,0.000214,0.860661,0.0,0.9905,1.0489,0.001311,0.001034,0.00161,1.094634,5.079515
2489843712,63632.9,-0.004833,0.01968,0.000218,0.861062,0.0,0.9905,1.0481,0.001089,0.000985,0.001551,1.096242,5.037011
2490630144,63636.6,0.0062,0.01904,0.000219,0.857118,0.0,0.9904,1.047,0.001026,0.000956,0.001341,1.052103,5.033606
2491416576,63614.3,0.002317,0.022904,0.000225,0.85665,0.0,0.9906,1.0471,0.000964,0.000842,0.00122,1.101078,4.977523
2492203008,63618.0,-0.007272,0.009924,0.00022,0.855411,0.0,0.9908,1.0473,0.000732,0.000692,0.001145,1.100336,4.973494
2492989440,63621.0,0.000289,0.009198,0.00022,0.855866,0.0,0.991,1.0477,0.00107,0.000895,0.001232,1.09452,4.996618
2493775872,63602.1,-0.00245,0.018035,0.000221,0.855269,0.0,0.9912,1.0479,0.000705,0.000785,0.001018,1.093365,4.935001
2494562304,63605.4,0.004512,0.010904,0.000221,0.854368,0.0,0.9912,1.048,0.00125,0.000797,0.001304,1.088137,5.016056
2495348736,63608.9,-0.006045,0.011593,0.000221,0.854656,0.0,0.9912,1.0479,0.000916,0.000917,0.001242,1.099488,4.889686
2496135168,63612.6,0.003495,0.010526,0.00022,0.857198,0.0,0.9914,1.048,0.00079,0.000838,0.001127,1.109325,4.922783
2496921600,63591.7,-0.002975,0.020081,0.000222,0.85625,0.0,0.9916,1.0486,0.000747,0.000816,0.001168,1.089162,4.974819
2497708032,63595.1,0.000197,0.012519,0.00022,0.862952,0.0,0.9918,1.0491,0.000804,0.00103,0.001227,1.067095,4.941797
2498494464,63598.8,-0.003627,0.010657,0.000217,0.863132,0.0,0.992,1.0496,0.000823,0.000908,0.001209,1.068951,5.001512
2499280896,63577.2,0.001588,0.017056,0.000223,0.865156,0.0,0.9922,1.0502,0.000685,0.000773,0.000893,1.032975,5.131323
2500067328,63580.8,0.000185,0.013936,0.000218,0.863493,0.0,0.9923,1.0503,0.000884,0.000987,0.001319,1.073505,5.036328
2500853760,62652.8,0.003151,0.014794,0.000221,0.861858,0.0,0.9924,1.0505,0.001242,0.000948,0.001411,1.088178,5.00077
2501640192,62656.0,-0.000354,0.01025,0.000217,0.862069,0.0,0.9925,1.0506,0.000808,0.000926,0.001323,1.085921,5.008129
2502426624,62641.5,0.000236,0.020949,0.000224,0.858559,0.0,0.9924,1.0506,0.000933,0.000878,0.001207,1.095247,5.110255
2503213056,62645.0,-0.004605,0.009841,0.000222,0.860319,0.0,0.9925,1.0508,0.001077,0.000784,0.00132,1.085839,5.144866
2503999488,62648.9,0.001054,0.01212,0.000225,0.86086,0.0,0.9927,1.051,0.000996,0.000823,0.001156,1.094566,5.065136
2504785920,62630.4,0.000887,0.019383,0.000227,0.858766,0.0,0.9927,1.0516,0.000837,0.000721,0.001045,1.108842,5.113977
2505572352,62634.3,-0.001605,0.010458,0.000232,0.862699,0.0,0.9929,1.0523,0.00079,0.000944,0.001259,1.070049,5.177038
2506358784,62638.1,0.000563,0.01208,0.000229,0.863266,0.0,0.9929,1.0531,0.001198,0.001065,0.001447,1.105342,5.061522
2507145216,62642.0,0.000514,0.014968,0.000228,0.85827,0.0,0.993,1.0537,0.000914,0.001081,0.001219,1.049712,5.007931
2507931648,62624.2,-0.001551,0.022691,0.000239,0.854155,0.0,0.993,1.0535,0.000893,0.000869,0.001187,1.050352,4.796324
2508718080,62627.8,-0.001917,0.012629,0.00023,0.857559,0.0,0.9928,1.0526,0.000998,0.001011,0.001465,1.062932,4.91682
2509504512,62631.3,-0.007375,0.014298,0.000228,0.85732,0.0,0.9925,1.0516,0.000884,0.000945,0.001265,1.077882,4.872549
2510290944,62634.8,-0.006373,0.012214,0.000228,0.856934,0.0,0.9922,1.0508,0.000942,0.000935,0.001297,1.085667,4.894867
2511077376,62620.7,-0.002796,0.023379,0.000232,0.85768,0.0,0.992,1.0506,0.000812,0.000863,0.001395,1.097851,4.994291
2511863808,62624.2,-0.008484,0.01414,0.000229,0.860959,0.0,0.992,1.051,0.000864,0.000881,0.001501,1.063275,4.977003
2512650240,62627.8,-0.004821,0.012854,0.000226,0.860279,0.0,0.9919,1.051,0.000987,0.000889,0.001213,1.102961,5.075989
2513436672,62616.5,-0.003718,0.024025,0.000232,0.861098,0.0,0.9917,1.0508,0.000817,0.000919,0.001373,1.103403,5.107139
2514223104,62620.1,0.003096,0.016811,0.000221,0.862659,0.0,0.9913,1.05,0.000831,0.001028,0.001257,1.078304,5.072843
2515009536,62623.9,0.004374,0.019304,0.00022,0.863881,0.0,0.9909,1.0488,0.000958,0.00105,0.001323,1.091917,5.053795
2515795968,62627.9,0.000211,0.016186,0.000217,0.863281,0.0,0.9905,1.0475,0.001224,0.001203,0.001287,1.101413,5.19257
2516582400,62618.2,0.004524,0.020037,0.000225,0.862267,0.0,0.9904,1.0472,0.000964,0.000768,0.001132,1.087448,5.083179
2517368832,62621.7,-0.005339,0.011794,0.000224,0.869997,0.0,0.9904,1.0471,0.000903,0.000909,0.001097,1.083045,5.08661
2518155264,62625.5,-0.009165,0.011702,0.000224,0.86878,0.0,0.9905,1.0466,0.000988,0.000967,0.001143,1.061808,5.123372
2518941696,62616.0,-0.002455,0.019175,0.000228,0.867269,0.0,0.9904,1.0464,0.000927,0.000824,0.001041,1.08778,5.078979
2519728128,62619.3,-0.002266,0.014885,0.000229,0.866959,0.0,0.9902,1.046,0.001273,0.001055,0.001491,1.050222,5.170703
2520514560,62623.0,-0.005295,0.012502,0.000226,0.868552,0.0,0.9901,1.0457,0.000922,0.000862,0.001179,1.06824,5.099863
2521300992,62626.5,-0.003668,0.011187,0.000225,0.865437,0.0,0.9899,1.0455,0.001162,0.000937,0.001268,1.071586,5.044662
2522087424,62619.0,-0.005481,0.021192,0.000223,0.867656,0.0,0.9898,1.0455,0.000968,0.000892,0.001093,1.060244,5.010093
2522873856,62622.5,-0.000677,0.013986,0.000218,0.867682,0.0,0.9898,1.0455,0.001047,0.001016,0.001233,1.054933,5.078975
2523660288,62626.3,-0.005597,0.012214,0.000221,0.865365,0.0,0.9898,1.0454,0.001096,0.001016,0.001194,1.056045,5.017164
2524446720,62615.7,-0.005297,0.023254,0.00023,0.859533,0.0,0.9897,1.0453,0.000846,0.000896,0.001201,1.032668,5.132261
2525233152,62618.9,-0.000239,0.011299,0.000228,0.859655,0.0,0.9897,1.0457,0.000786,0.000865,0.001143,1.069734,4.939892
2526019584,62622.5,-0.009091,0.012175,0.00023,0.859805,0.0,0.9898,1.0463,0.000959,0.000845,0.001303,1.098067,5.005573
2526806016,62626.0,-0.002401,0.013927,0.000226,0.865385,0.0,0.99,1.0469,0.000679,0.00085,0.001173,1.085629,5.052879
2527592448,62619.4,-0.002479,0.022789,0.000225,0.861635,0.0,0.99,1.0471,0.001118,0.000809,0.001182,1.069894,5.035557
2528378880,62623.1,-0.004299,0.012414,0.000221,0.860683,0.0,0.9901,1.0474,0.001351,0.000885,0.001271,1.064872,5.009262
2529165312,62626.6,-0.002328,0.010994,0.000219,0.860464,0.0,0.9902,1.0477,0.001053,0.000948,0.001098,1.064061,5.016788
2529951744,62618.6,-0.008152,0.020274,0.000217,0.859161,0.0,0.9902,1.0479,0.000964,0.000833,0.000967,0.904725,3.868408
2530738176,62622.4,-0.001208,0.010615,0.00022,0.866142,0.0,0.9905,1.0488,0.000875,0.000785,0.000986,1.073525,5.013099
2531524608,62626.2,-0.002304,0.010758,0.000216,0.864321,0.0,0.9909,1.0501,0.001074,0.000719,0.001171,1.071308,5.019248
2532311040,62630.0,-0.000224,0.011583,0.000217,0.859281,0.0,0.9912,1.0511,0.000802,0.000699,0.001013,1.055787,4.968213
2533097472,62623.2,-0.004685,0.019258,0.000224,0.861063,0.0,0.9914,1.0517,0.000777,0.000699,0.0012,1.055128,4.949457
2533883904,62627.0,-0.000702,0.014007,0.000225,0.864601,0.0,0.9914,1.0514,0.00079,0.00068,0.001121,1.045698,4.979839
2534670336,62629.5,-0.002125,0.010708,0.000222,0.865355,0.0,0.9915,1.0514,0.000967,0.000782,0.000995,1.078518,4.982155
2535456768,62633.3,0.004158,0.010782,0.000226,0.863693,0.0,0.9915,1.051,0.000821,0.000785,0.001098,1.045734,5.051656
2536243200,62628.8,0.004973,0.020127,0.00022,0.860639,0.0,0.9917,1.0514,0.000656,0.000683,0.000989,1.060812,5.093566
2537029632,62632.5,-0.004753,0.011162,0.000219,0.86355,0.0,0.9919,1.0519,0.000641,0.000767,0.001134,1.07865,5.065394
2537816064,62635.5,-0.003957,0.010626,0.000219,0.864578,0.0,0.9921,1.0519,0.000733,0.000865,0.001137,1.063508,5.007297
2538602496,62631.1,-0.003771,0.025035,0.000222,0.857798,0.0,0.9921,1.0521,0.000837,0.000681,0.001185,1.072803,4.893137
2539388928,62634.8,-0.001621,0.022367,0.000217,0.849597,0.0,0.992,1.0517,0.000913,0.000843,0.001674,1.041402,4.89828
2540175360,62638.6,-0.005113,0.020366,0.000219,0.850389,0.0,0.9919,1.0516,0.000792,0.0009,0.001221,1.057592,4.74607
2540961792,62642.3,-0.006322,0.016073,0.000216,0.85051,0.0,0.9917,1.0511,0.000866,0.000892,0.001306,1.070219,4.75
2541748224,62638.9,0.005349,0.024786,0.000225,0.853539,0.0,0.9918,1.0512,0.000821,0.000848,0.001243,1.055027,4.885097
2542534656,62642.1,-0.001266,0.010819,0.000221,0.857854,0.0,0.9918,1.0511,0.000754,0.0008,0.001167,1.047654,4.949302
2543321088,62645.6,-0.000814,0.012071,0.000221,0.860078,0.0,0.9917,1.0511,0.000849,0.000984,0.001327,1.044707,4.967424
2544107520,62642.2,-0.003146,0.021038,0.000227,0.857931,0.0,0.9917,1.0511,0.000781,0.000749,0.000978,1.097399,4.943529
2544893952,62646.0,-0.002442,0.016816,0.000226,0.854118,0.0,0.9917,1.0505,0.001237,0.000788,0.001299,1.080881,4.979025
2545680384,62649.6,-0.004017,0.012814,0.000226,0.858045,0.0,0.9918,1.0498,0.000793,0.000895,0.001352,1.092005,4.86782
2546466816,62653.5,-0.000132,0.014931,0.000226,0.856664,0.0,0.9917,1.0492,0.001131,0.00086,0.001238,1.091399,4.953399
2547253248,62650.6,-0.004288,0.025786,0.000223,0.858369,0.0,0.9916,1.0489,0.001179,0.000841,0.001233,1.077436,4.953306
2548039680,62654.1,-0.00027,0.014204,0.000217,0.862769,0.0,0.9913,1.048,0.001157,0.000838,0.001257,1.042604,4.98685
2548826112,62657.5,-0.003513,0.016053,0.000217,0.858578,0.0,0.991,1.0473,0.000839,0.000917,0.001301,1.040606,4.970714
2549612544,62654.3,0.001802,0.021321,0.000222,0.856264,0.0,0.9907,1.0467,0.00086,0.000815,0.001002,1.018609,5.069472
2550398976,62658.1,-0.00323,0.014024,0.000208,0.858598,0.0,0.9909,1.0472,0.000944,0.000972,0.00138,1.058445,4.96324
2551185408,62661.9,-0.003544,0.010882,0.00021,0.856506,0.0,0.9909,1.0475,0.000781,0.00087,0.001197,1.098319,4.925929
2551971840,62665.7,0.002757,0.009827,0.000209,0.8582,0.0,0.9909,1.0479,0.000745,0.000783,0.00122,1.049926,4.961147
2552758272,62663.2,0.00141,0.019965,0.000219,0.855698,0.0,0.991,1.0482,0.001242,0.000697,0.000979,1.105413,5.017738
2553544704,62666.9,-0.005161,0.010388,0.000221,0.85513,0.0,0.9908,1.0478,0.001569,0.000822,0.001468,1.086728,5.047115
2554331136,62670.5,0.002559,0.015329,0.000225,0.85304,0.0,0.9908,1.0477,0.001575,0.000801,0.001294,1.093182,4.964236
2555117568,62667.8,-0.000671,0.019278,0.000222,0.849088,0.0,0.9908,1.0477,0.001128,0.000799,0.001347,0.982149,4.2066
2555904000,62671.4,-0.001027,0.012186,0.000226,0.856723,0.0,0.9909,1.0478,0.000845,0.000901,0.001391,1.100002,4.959311
2556690432,62674.8,0.005536,0.012162,0.000221,0.85836,0.0,0.991,1.0481,0.000887,0.000852,0.001352,1.075928,5.122438
2557476864,62678.5,0.001693,0.010788,0.00022,0.858449,0.0,0.9911,1.0481,0.000662,0.000741,0.001172,1.105617,5.090896
2558263296,62675.8,-0.00221,0.025326,0.000222,0.856552,0.0,0.9911,1.048,0.000991,0.000686,0.00117,1.097309,4.987607
2559049728,62679.0,-0.003421,0.017275,0.000216,0.857433,0.0,0.9912,1.0478,0.000957,0.000921,0.001349,1.078354,4.981493
2559836160,62682.4,-0.001168,0.014351,0.000215,0.85655,0.0,0.9913,1.0476,0.000757,0.000796,0.001208,1.070682,4.932969
2560622592,62685.3,-0.009147,0.013183,0.000216,0.854584,0.0,0.9913,1.0473,0.001074,0.000943,0.001324,1.095795,5.041826
2561409024,62682.3,0.000375,0.020335,0.00023,0.851472,0.0,0.9913,1.0476,0.000969,0.000763,0.001128,1.119076,5.089446
2562195456,62686.2,-0.005602,0.012609,0.000229,0.853051,0.0,0.9913,1.0478,0.001137,0.000859,0.001256,1.127429,5.068213
2562981888,62690.0,-0.001177,0.009946,0.000224,0.855508,0.0,0.9913,1.0482,0.001123,0.000887,0.001126,1.101306,5.102583
2563768320,62687.4,0.005298,0.021131,0.000222,0.852898,0.0,0.9914,1.0486,0.000942,0.000808,0.001037,1.095139,5.123266
2564554752,62691.0,-4.2e-05,0.016817,0.000211,0.852518,0.0,0.9915,1.049,0.000581,0.000885,0.001227,1.095992,5.039204
2565341184,62695.0,-0.003875,0.013205,0.000213,0.848828,0.0,0.9916,1.0493,0.000668,0.000987,0.001152,1.089205,4.967068
2566127616,62698.7,-0.000406,0.011081,0.000213,0.849188,0.0,0.9915,1.0494,0.000732,0.00076,0.001157,1.062396,4.854265
2566914048,62695.5,-0.000164,0.02173,0.000232,0.846364,0.0,0.9915,1.0496,0.000801,0.000673,0.000994,1.073441,4.839436
2567700480,62699.2,-0.002216,0.008944,0.000229,0.854252,0.0,0.9914,1.0497,0.001502,0.00076,0.00107,1.083138,4.860387
2568486912,62703.0,0.000674,0.00795,0.000229,0.855893,0.0,0.9913,1.0499,0.000762,0.000757,0.001067,1.099366,4.966195
2569273344,62700.6,-0.004743,0.02161,0.000235,0.856272,0.0,0.9911,1.0498,0.001029,0.000652,0.001088,1.128899,5.02629
2570059776,62704.2,-0.00836,0.010214,0.000216,0.854079,0.0,0.9913,1.0502,0.000886,0.000752,0.001254,1.106841,5.081156
2570846208,62708.0,-0.005336,0.009457,0.000214,0.85391,0.0,0.9913,1.0504,0.000737,0.000721,0.001028,1.105233,5.107474
2571632640,62711.6,-0.002747,0.009932,0.000214,0.850788,0.0,0.9914,1.0506,0.000837,0.000735,0.001326,1.122963,5.128407
2572419072,62709.4,0.001347,0.023852,0.000229,0.845595,0.0,0.9914,1.0507,0.000659,0.000655,0.001185,1.163797,5.155752
2573205504,62713.2,-0.007358,0.019305,0.000231,0.850423,0.0,0.9912,1.0502,0.000835,0.000756,0.001468,1.142247,5.175431
2573991936,62716.9,-0.003389,0.017889,0.00023,0.847596,0.0,0.9911,1.0501,0.000728,0.000753,0.001376,1.135208,5.130318
2574778368,62714.8,-0.006103,0.02226,0.000227,0.841351,0.0,0.9909,1.05,0.000743,0.000753,0.001341,1.06848,5.341789
2575564800,62718.6,-0.000758,0.01155,0.000232,0.847182,0.0,0.9907,1.0496,0.001016,0.000742,0.001317,1.140775,5.068162
2576351232,62722.2,-0.002959,0.014782,0.000233,0.848317,0.0,0.9905,1.0491,0.000821,0.00087,0.001162,1.135915,5.061002
2577137664,62725.8,-5e-05,0.012958,0.000238,0.850675,0.0,0.9905,1.0489,0.001086,0.000903,0.001215,1.123867,5.127572
2577924096,62722.9,0.00272,0.022975,0.000235,0.848818,0.0,0.9904,1.0486,0.000968,0.000717,0.001166,1.130103,5.159802
2578710528,62725.7,-0.001758,0.013768,0.000228,0.847207,0.0,0.9902,1.0483,0.00072,0.000885,0.00121,1.107764,5.128404
2579496960,62729.3,0.003002,0.017729,0.000224,0.846143,0.0,0.9902,1.0481,0.000857,0.000843,0.001494,1.129412,5.072902
2580283392,62726.8,0.010761,0.022363,0.000226,0.845208,0.0,0.9901,1.0478,0.000685,0.000686,0.001104,1.009964,4.52879
2581069824,62730.5,-0.003259,0.013585,0.000215,0.854272,0.0,0.9904,1.0479,0.000712,0.000924,0.001177,1.121317,5.172618
2581856256,62734.2,-0.004924,0.011625,0.000216,0.851411,0.0,0.9906,1.048,0.000707,0.000865,0.001178,1.111233,5.180338
2582642688,62738.1,-0.001741,0.009562,0.000215,0.84713,0.0,0.9907,1.0481,0.000573,0.000704,0.001204,1.10301,5.146544
2583429120,62735.7,-0.001668,0.023065,0.000222,0.84342,0.0,0.9909,1.0481,0.000918,0.000745,0.001168,1.104851,4.94994
2584215552,62739.2,0.001501,0.012987,0.000221,0.84764,0.0,0.9907,1.0472,0.001081,0.000735,0.001124,1.120371,5.037558
2585001984,62742.8,-0.007554,0.010456,0.000217,0.8489,0.0,0.9907,1.0466,0.000766,0.000777,0.001175,1.14629,4.963601
2585788416,62746.4,-0.002218,0.012835,0.000219,0.853858,0.0,0.9906,1.046,0.000706,0.000708,0.001061,1.11801,5.133058
2586574848,62743.9,-0.000147,0.021576,0.000222,0.851295,0.0,0.9907,1.0463,0.000612,0.000896,0.001116,1.086791,5.105756
2587361280,62747.5,0.002521,0.012732,0.000218,0.854618,0.0,0.9908,1.0465,0.000801,0.000894,0.001248,1.103645,5.075955
2588147712,62751.0,-0.008862,0.007839,0.000216,0.858542,0.0,0.9909,1.047,0.000793,0.000869,0.001035,1.080393,5.069978
2588934144,62749.0,-0.001915,0.019423,0.000226,0.856011,0.0,0.9912,1.0478,0.000637,0.000768,0.001053,1.13696,5.116458
2589720576,62752.7,-0.005003,0.008931,0.000226,0.8621,0.0,0.9915,1.0486,0.000589,0.000752,0.001078,1.11393,5.167511
2590507008,62756.1,-0.000626,0.010219,0.000224,0.860533,0.0,0.9918,1.0492,0.000936,0.000675,0.001123,1.115975,5.1812
2591293440,62759.9,-0.002425,0.008744,0.000225,0.862063,0.0,0.992,1.0498,0.000763,0.000814,0.001082,1.094706,5.268797
2592079872,62757.4,-0.002453,0.02187,0.000235,0.859621,0.0,0.9921,1.0499,0.00067,0.000708,0.000928,1.088337,5.080838
2592866304,62760.9,-0.002378,0.014646,0.000232,0.859631,0.0,0.992,1.0498,0.000659,0.000868,0.001178,1.091172,5.078258
2593652736,62764.3,0.004602,0.015496,0.000231,0.859061,0.0,0.9921,1.0497,0.000738,0.00094,0.001167,1.10606,5.093083
2594439168,62761.5,-0.004802,0.021996,0.00023,0.856198,0.0,0.9923,1.0497,0.000683,0.000646,0.001213,1.088664,5.033191
2595225600,62764.8,-0.003544,0.016799,0.000218,0.859298,0.0,0.9923,1.05,0.000638,0.000774,0.001148,1.072304,5.114038
2596012032,62768.3,0.004255,0.011413,0.000217,0.860124,0.0,0.9923,1.0505,0.000748,0.00074,0.00116,1.096387,5.122427
2596798464,62771.9,0.003439,0.012491,0.000215,0.862414,0.0,0.9922,1.051,0.000599,0.000798,0.001163,1.095052,5.114547
2597584896,62769.1,0.000351,0.019515,0.000226,0.857973,0.0,0.9924,1.0514,0.000621,0.000707,0.000962,1.116178,5.312133
2598371328,62772.6,-0.003256,0.01263,0.000221,0.859266,0.0,0.9924,1.0511,0.000787,0.000829,0.001163,1.111822,5.195554
2599157760,62776.1,-0.000516,0.016199,0.000224,0.859303,0.0,0.9922,1.0505,0.00083,0.000909,0.001155,1.116246,5.262668
2599944192,62773.7,0.003407,0.020714,0.000228,0.85285,0.0,0.9923,1.0508,0.000774,0.000898,0.001254,1.058722,5.240254
2600730624,62777.0,-0.004432,0.014867,0.000219,0.850294,0.0,0.9925,1.0513,0.000777,0.000927,0.001396,1.097613,4.989786
2601517056,62780.2,-0.00222,0.010344,0.000218,0.856522,0.0,0.9925,1.0516,0.000861,0.000837,0.001394,1.110645,4.853765
2602303488,62783.9,0.000111,0.012014,0.000216,0.85568,0.0,0.9925,1.0518,0.000802,0.000834,0.00133,1.090961,4.937936
2603089920,62781.7,-0.002327,0.019722,0.000223,0.850686,0.0,0.9925,1.0518,0.000564,0.000677,0.00098,1.1401,5.034482
2603876352,62785.4,-0.004648,0.013222,0.000223,0.854076,0.0,0.9924,1.0517,0.000834,0.000742,0.001322,1.10633,5.066861
2604662784,62789.0,0.000787,0.014771,0.000223,0.852128,0.0,0.9923,1.0514,0.00071,0.000708,0.001113,1.121216,5.105233
2605449216,62787.2,-0.007411,0.019151,0.000224,0.84944,0.0,0.9923,1.0516,0.000616,0.000695,0.000961,1.019844,4.500091
2606235648,62790.9,-0.004531,0.013083,0.000228,0.855968,0.0,0.9923,1.0516,0.000908,0.000735,0.001154,1.100397,5.079056
2607022080,62794.4,-0.003982,0.011958,0.000227,0.852445,0.0,0.9923,1.0515,0.000737,0.00072,0.001111,1.079513,5.114985
2607808512,62797.9,-0.002284,0.013801,0.000227,0.855025,0.0,0.9922,1.0514,0.000711,0.000682,0.001111,1.091814,4.977593
2608594944,62795.7,0.00406,0.021629,0.000227,0.854285,0.0,0.9922,1.0516,0.000633,0.000661,0.000943,1.081963,4.960329
2609381376,62799.3,0.001735,0.012404,0.000227,0.85693,0.0,0.9924,1.0524,0.000695,0.000751,0.001097,1.084831,5.065237
2610167808,62802.7,-0.003542,0.01096,0.000227,0.855672,0.0,0.9926,1.0532,0.00075,0.00065,0.000925,1.088026,5.044599
2610954240,62806.1,-0.004202,0.008362,0.000226,0.852239,0.0,0.9926,1.0539,0.00065,0.000676,0.001035,1.105475,5.007501
2611740672,62803.5,-0.004579,0.024493,0.000232,0.84454,0.0,0.9927,1.0543,0.001087,0.000798,0.001045,1.087195,5.015334
2612527104,62807.1,0.000458,0.011285,0.000222,0.852369,0.0,0.9928,1.0547,0.000759,0.00075,0.001098,1.083035,5.015169
2613313536,62810.5,0.000161,0.011814,0.000221,0.855112,0.0,0.9929,1.0549,0.000808,0.000687,0.001112,1.08077,4.991656
2614099968,62808.2,0.009,0.020827,0.000222,0.852786,0.0,0.9929,1.0551,0.000771,0.000689,0.000909,1.088476,4.913098
2614886400,62811.7,0.000497,0.011827,0.000218,0.855854,0.0,0.9928,1.0552,0.000641,0.000718,0.00124,1.066456,5.046461
2615672832,62815.3,0.000282,0.011088,0.000216,0.856072,0.0,0.9927,1.0553,0.000694,0.000713,0.001158,1.085034,5.040588
2616459264,62819.0,-0.003975,0.008263,0.000214,0.856478,0.0,0.9927,1.0555,0.00062,0.000717,0.001071,1.092385,5.046436
2617245696,62816.3,-0.005064,0.019743,0.000213,0.857564,0.0,0.9927,1.0557,0.000836,0.000664,0.000967,1.072304,5.086373
2618032128,62819.9,-0.002622,0.013672,0.000206,0.860965,0.0,0.9926,1.0556,0.000692,0.000711,0.00106,1.082205,4.982582
2618818560,62823.7,-0.000223,0.013738,0.000207,0.861277,0.0,0.9925,1.0556,0.000715,0.000699,0.001052,1.081715,5.106037
2619604992,62821.6,0.000894,0.021007,0.000213,0.853074,0.0,0.9925,1.0556,0.000613,0.000615,0.00104,1.099689,4.927358
2620391424,62825.4,0.000264,0.015109,0.000225,0.853875,0.0,0.9924,1.0553,0.000828,0.000775,0.001054,1.10694,5.058393
2621177856,62828.4,-0.005587,0.011899,0.000222,0.85159,0.0,0.9922,1.055,0.000953,0.000695,0.001186,1.100876,5.033815
2621964288,62831.6,0.002265,0.014753,0.00022,0.853506,0.0,0.9921,1.0545,0.000749,0.000739,0.001141,1.1062,5.072741
2622750720,62830.1,-0.002706,0.021085,0.000224,0.851715,0.0,0.9921,1.0544,0.000731,0.000635,0.001166,1.11149,5.079288
2623537152,62834.2,0.00133,0.012583,0.000224,0.856658,0.0,0.992,1.0543,0.000788,0.000683,0.001072,1.099674,5.031098
2624323584,62838.0,-0.001909,0.013249,0.00022,0.857638,0.0,0.992,1.054,0.000657,0.000673,0.001019,1.084204,5.022132
2625110016,62835.9,-0.003314,0.021639,0.000223,0.853352,0.0,0.9918,1.0536,0.000645,0.000623,0.001042,1.037307,5.26483
2625896448,62839.4,-0.005799,0.015596,0.000221,0.855383,0.0,0.9918,1.053,0.000791,0.000613,0.001318,1.079121,5.065409
2626682880,62842.8,-0.002895,0.012632,0.000218,0.853376,0.0,0.9917,1.0525,0.000755,0.000791,0.001128,1.075374,4.996561
2627469312,62846.1,-0.008066,0.01138,0.000218,0.852141,0.0,0.9916,1.0519,0.000675,0.00069,0.000932,1.116506,5.04236
2628255744,62843.8,-0.000356,0.021235,0.000225,0.850669,0.0,0.9916,1.0513,0.000869,0.00059,0.001053,1.113419,5.087193
2629042176,62847.8,0.005001,0.012085,0.000223,0.853237,0.0,0.9915,1.0503,0.000693,0.000682,0.001124,1.138366,5.11235
2629828608,62851.7,0.001922,0.009594,0.000224,0.852513,0.0,0.9916,1.0499,0.000594,0.000613,0.000984,1.126643,5.165075
2630615040,62849.2,0.000705,0.019071,0.000231,0.848262,0.0,0.9914,1.0496,0.00069,0.00061,0.000929,1.024419,4.586251
2631401472,62852.6,-0.000574,0.01642,0.000218,0.859495,0.0,0.9915,1.0497,0.000749,0.000723,0.001111,1.106147,5.087442
2632187904,62855.9,-0.002944,0.013329,0.000219,0.859362,0.0,0.9914,1.0496,0.000716,0.000811,0.00109,1.113632,5.050987
2632974336,62859.3,-0.001475,0.01625,0.000219,0.859643,0.0,0.9914,1.0495,0.000648,0.000703,0.00099,1.068167,4.976099
2633760768,62857.4,-0.001583,0.023091,0.000221,0.857746,0.0,0.9914,1.0493,0.000734,0.000614,0.000843,1.102867,5.091531
2634547200,62861.3,-0.002759,0.006553,0.000217,0.85628,0.0,0.9915,1.0496,0.000626,0.000623,0.000956,1.109154,5.023864
2635333632,62865.2,0.002308,0.011418,0.000217,0.858856,0.0,0.9917,1.0499,0.000515,0.000628,0.000911,1.138158,5.083259
2636120064,62868.8,0.009677,0.009761,0.000215,0.858596,0.0,0.9916,1.0498,0.00054,0.000602,0.001023,1.14709,5.255051
2636906496,62864.2,0.000332,0.016994,0.00021,0.86121,0.0,0.9917,1.05,0.000624,0.000606,0.000866,1.140199,5.187826
2637692928,62867.6,0.002249,0.008741,0.000205,0.866165,0.0,0.9917,1.05,0.000623,0.000642,0.001001,1.08275,5.19121
2638479360,62870.3,0.001074,0.009193,0.000207,0.86266,0.0,0.9918,1.0502,0.00063,0.000637,0.000931,1.085603,5.219475
2639265792,62867.2,-0.006394,0.019407,0.000211,0.857485,0.0,0.9917,1.0503,0.000613,0.000586,0.000902,1.113863,5.114595
2640052224,62871.0,0.000993,0.013115,0.000213,0.857086,0.0,0.9917,1.0502,0.000802,0.000659,0.001116,1.109228,5.130178
2640838656,62874.8,0.002749,0.009339,0.000209,0.860338,0.0,0.9918,1.0506,0.000565,0.000622,0.000962,1.113899,5.108343
2641625088,62878.6,-0.003007,0.008116,0.000208,0.857649,0.0,0.9919,1.0508,0.00074,0.000609,0.000966,1.109895,5.072962
2642411520,62877.1,-0.001001,0.023343,0.000222,0.84934,0.0,0.992,1.0514,0.000548,0.000758,0.000968,1.104435,5.070331
2643197952,62881.0,-0.000814,0.016102,0.000225,0.84875,0.0,0.9919,1.0516,0.000765,0.000908,0.001078,1.123766,5.062009
2643984384,62884.9,-0.004004,0.013708,0.000228,0.846604,0.0,0.9917,1.0516,0.000745,0.000788,0.00097,1.114339,4.984298
2644770816,62883.4,0.001033,0.020498,0.000228,0.846479,0.0,0.9916,1.0517,0.000681,0.000672,0.000958,1.11598,4.978212
2645557248,62886.9,-0.001369,0.010449,0.000221,0.860589,0.0,0.9915,1.0515,0.00156,0.000616,0.001135,1.102118,5.052894
2646343680,62890.5,-0.00068,0.007334,0.000222,0.861262,0.0,0.9914,1.051,0.001011,0.000558,0.001213,1.103227,5.14381
2647130112,62893.4,0.002102,0.007562,0.000221,0.85772,0.0,0.9913,1.051,0.000751,0.000525,0.001035,1.077889,5.171439
2647916544,62870.3,-0.001453,0.020964,0.000222,0.85394,0.0,0.9912,1.0511,0.000655,0.000651,0.000983,1.128074,5.028675
2648702976,62873.6,-0.008141,0.014603,0.000214,0.855837,0.0,0.9912,1.0511,0.001191,0.000791,0.001353,1.137749,5.199435
2649489408,62877.2,0.000523,0.009952,0.00021,0.858196,0.0,0.9911,1.0511,0.000674,0.000625,0.001039,1.101938,5.160053
2650275840,62875.4,0.007506,0.021276,0.00022,0.854711,0.0,0.991,1.0511,0.000621,0.000611,0.000859,1.096269,5.30603
2651062272,62879.1,-0.001189,0.011881,0.000222,0.854502,0.0,0.9911,1.0509,0.000869,0.000709,0.001026,1.107789,5.11025
2651848704,62882.9,0.008519,0.015166,0.000222,0.855912,0.0,0.991,1.0504,0.000778,0.000647,0.001161,1.101478,5.126029
2652635136,62886.7,0.000595,0.014283,0.000225,0.854243,0.0,0.991,1.05,0.000649,0.000598,0.001125,1.121838,5.157135
2653421568,62884.9,-0.00204,0.023969,0.000229,0.851902,0.0,0.9911,1.0499,0.000974,0.000776,0.00101,1.106849,5.123351
2654208000,62888.4,-0.002068,0.014162,0.000222,0.852958,0.0,0.9911,1.0496,0.00083,0.000887,0.001138,1.10368,5.01123
2654994432,62891.9,0.001555,0.013313,0.000223,0.85759,0.0,0.9909,1.0493,0.000693,0.000823,0.001003,1.067009,5.03001
2655780864,62890.0,-0.000879,0.021631,0.000226,0.852266,0.0,0.9908,1.0491,0.000696,0.000745,0.000987,1.034023,4.799974
2656567296,62893.5,0.008205,0.019741,0.000226,0.860046,0.0,0.9908,1.049,0.000721,0.000631,0.00114,1.070101,5.079368
2657353728,62897.0,0.002459,0.016956,0.000224,0.856347,0.0,0.9905,1.0484,0.000813,0.000707,0.001097,1.116739,5.034111
2658140160,62900.1,-0.008486,0.010638,0.000222,0.85627,0.0,0.9903,1.048,0.000676,0.000662,0.001002,1.082603,5.03772
2658926592,62896.7,-0.006484,0.018998,0.000226,0.855305,0.0,0.9904,1.0482,0.000596,0.000678,0.00086,1.091105,5.075542
2659713024,62899.9,0.004828,0.01269,0.000222,0.857604,0.0,0.9905,1.0484,0.000817,0.000707,0.000972,1.089119,5.137149
2660499456,62903.5,0.006405,0.012294,0.000218,0.857999,0.0,0.9906,1.0487,0.00078,0.000749,0.001013,1.094336,5.02779
2661285888,62907.0,0.001022,0.009955,0.000216,0.860601,0.0,0.9909,1.0496,0.000738,0.000705,0.000886,1.099117,5.144593
2662072320,62905.3,-0.007643,0.022876,0.000232,0.853127,0.0,0.991,1.0494,0.000828,0.000637,0.000918,1.107178,5.14298
2662858752,62908.8,0.002108,0.015723,0.000228,0.853133,0.0,0.9911,1.0494,0.000759,0.000641,0.000838,1.086374,5.114894
2663645184,62911.9,-0.003711,0.015965,0.000228,0.851162,0.0,0.9911,1.049,0.000645,0.000616,0.000866,1.106415,4.976549
2664431616,62909.8,-0.008664,0.019512,0.000223,0.852055,0.0,0.9913,1.0491,0.000597,0.000627,0.000863,1.119828,5.065941
2665218048,62913.6,-0.003777,0.009294,0.000208,0.853672,0.0,0.9914,1.0496,0.000471,0.000602,0.000827,1.103169,5.143436
2666004480,62917.0,-0.001551,0.009052,0.000212,0.852645,0.0,0.9916,1.0498,0.000547,0.000642,0.000911,1.098302,5.134525
2666790912,62920.6,-0.008642,0.009219,0.000212,0.852636,0.0,0.9916,1.0502,0.000542,0.00073,0.000835,1.098963,5.129632
2667577344,62918.4,0.000495,0.021813,0.00022,0.849991,0.0,0.9916,1.0505,0.000517,0.000498,0.000824,1.098199,4.987666
2668363776,62921.7,-0.008099,0.010086,0.000213,0.855688,0.0,0.9915,1.0508,0.00059,0.000582,0.000951,1.098073,4.992378
2669150208,62924.5,-0.000989,0.010388,0.000213,0.858688,0.0,0.9913,1.0511,0.000645,0.000595,0.000885,1.10398,5.013412
2669936640,62921.9,-0.002306,0.018354,0.000215,0.860797,0.0,0.9913,1.0514,0.000477,0.000518,0.000754,1.054925,5.007072
2670723072,62925.2,0.00411,0.014017,0.000211,0.8646,0.0,0.9914,1.052,0.000606,0.000597,0.000843,1.075986,5.074903
2671509504,62928.8,-0.002414,0.010323,0.000212,0.864872,0.0,0.9913,1.052,0.000566,0.000607,0.000959,1.076093,5.084864
2672295936,62932.4,-0.000584,0.011012,0.000211,0.865272,0.0,0.9913,1.0526,0.000615,0.00061,0.000988,1.075976,5.108887
2673082368,62930.4,0.001044,0.023918,0.00022,0.858402,0.0,0.9917,1.0532,0.000617,0.000571,0.000786,1.072722,5.057702
2673868800,62933.3,0.003781,0.012658,0.000224,0.859144,0.0,0.9918,1.0536,0.000696,0.000585,0.000843,1.088915,5.110302
2674655232,62936.8,0.004877,0.01343,0.000223,0.860912,0.0,0.992,1.0538,0.000794,0.000835,0.001017,1.064787,5.095354
2675441664,62934.6,-0.002789,0.021277,0.000224,0.861749,0.0,0.992,1.0537,0.000634,0.000688,0.000732,1.04137,5.372669
2676228096,62938.0,-0.004369,0.010565,0.000216,0.868467,0.0,0.9921,1.0537,0.000472,0.000679,0.000968,1.069145,5.132239
2677014528,62941.6,-0.003671,0.010434,0.000217,0.866859,0.0,0.9921,1.0535,0.000515,0.000726,0.001072,1.065587,5.175017
2677800960,62945.1,-0.003874,0.008445,0.000213,0.867082,0.0,0.992,1.0535,0.000529,0.000607,0.001013,1.057056,5.157505
2678587392,62943.4,-0.001062,0.019449,0.000211,0.867391,0.0,0.9921,1.0542,0.000495,0.000546,0.000901,1.070079,5.225184
2679373824,62946.5,0.003536,0.012809,0.000205,0.868975,0.0,0.9922,1.0547,0.000556,0.000651,0.000949,1.06442,5.191352
2680160256,62950.3,-0.001583,0.010765,0.000206,0.864639,0.0,0.9923,1.0554,0.000559,0.000653,0.000975,1.051729,5.185895
2680946688,62948.5,0.000549,0.019037,0.000212,0.859825,0.0,0.9923,1.0556,0.000687,0.000527,0.000812,1.018482,4.957355
2681733120,62951.7,0.00284,0.016536,0.000222,0.863819,0.0,0.9923,1.0554,0.000622,0.000774,0.000915,1.073645,5.139766
2682519552,62955.0,-0.007521,0.011961,0.000225,0.865408,0.0,0.9923,1.0552,0.001071,0.000673,0.000982,1.069512,5.137245
2683305984,62958.5,-1.6e-05,0.011179,0.000221,0.865843,0.0,0.9923,1.055,0.000845,0.000579,0.000831,1.049022,5.080229
2684092416,62956.4,-0.007387,0.019735,0.000228,0.864489,0.0,0.9925,1.0551,0.000661,0.000551,0.000851,1.061895,5.117377
2684878848,62959.6,-0.006423,0.010292,0.000227,0.865744,0.0,0.9925,1.0549,0.000545,0.000543,0.000817,1.062995,5.139081
2685665280,62963.2,0.007617,0.011623,0.000223,0.863598,0.0,0.9927,1.0545,0.000571,0.000673,0.000874,1.074328,5.129331
2686451712,62966.7,-0.002664,0.00999,0.000225,0.863481,0.0,0.9927,1.0541,0.000567,0.000593,0.001056,1.095465,5.189539
2687238144,62964.4,0.000259,0.018286,0.000227,0.854365,0.0,0.9928,1.0542,0.000586,0.000545,0.000802,1.103073,5.15101
2688024576,62967.7,-0.00067,0.009794,0.000221,0.854315,0.0,0.9929,1.0543,0.000572,0.000629,0.000913,1.124673,5.158198
2688811008,62971.3,0.003392,0.01221,0.000222,0.853893,0.0,0.993,1.0544,0.000607,0.000647,0.00094,1.116383,5.078176
2689597440,62968.4,-0.007554,0.018392,0.000223,0.852269,0.0,0.9929,1.0546,0.000537,0.000554,0.00084,1.080862,5.150348
2690383872,62972.0,0.000834,0.01159,0.000214,0.859371,0.0,0.9929,1.0547,0.000499,0.000569,0.000862,1.106148,5.114851
2691170304,62975.6,-0.001009,0.010983,0.000217,0.857661,0.0,0.9928,1.0549,0.000499,0.000559,0.00094,1.100976,5.196512
2691956736,62979.2,0.009555,0.015059,0.000217,0.853543,0.0,0.9927,1.0547,0.000694,0.000546,0.001005,1.103832,5.139425
2692743168,62975.6,-0.001077,0.02783,0.000228,0.846893,0.0,0.9927,1.0543,0.000647,0.00064,0.000876,1.106925,5.156489
2693529600,62978.9,0.005249,0.017661,0.00023,0.84864,0.0,0.9924,1.0532,0.000648,0.0006,0.000971,1.121608,5.083242
2694316032,62982.3,0.001837,0.014664,0.000222,0.85301,0.0,0.9923,1.0525,0.000686,0.000598,0.0009,1.103787,5.06299
2695102464,62979.2,0.005265,0.025177,0.000225,0.853918,0.0,0.992,1.0517,0.000583,0.000609,0.000907,1.105106,5.08064
2695888896,62983.0,0.002417,0.015352,0.000212,0.857883,0.0,0.992,1.0513,0.000681,0.000622,0.001142,1.106261,5.171475
2696675328,62986.9,-0.001588,0.011953,0.000211,0.862182,0.0,0.992,1.0513,0.000515,0.00053,0.000963,1.113632,5.172255
2697461760,62990.8,0.002191,0.011696,0.000212,0.861069,0.0,0.9921,1.0514,0.000516,0.000562,0.00083,1.103301,5.17053
2698248192,62988.1,-0.000393,0.017214,0.000226,0.857897,0.0,0.9921,1.0513,0.000626,0.000571,0.000824,1.110628,5.276454
2699034624,62990.8,-0.002882,0.009672,0.000223,0.860428,0.0,0.9921,1.051,0.000635,0.000657,0.00095,1.139291,5.364614
2699821056,62994.1,0.001306,0.009931,0.000224,0.862127,0.0,0.9921,1.0508,0.000547,0.000524,0.000775,1.12316,5.436082
2700607488,62991.2,-0.002675,0.01961,0.000227,0.858372,0.0,0.9921,1.0505,0.000544,0.000547,0.000742,1.112112,5.407906
2701393920,62994.3,0.006828,0.017215,0.000228,0.85999,0.0,0.9921,1.0501,0.000803,0.000608,0.000937,1.104311,5.267936
2702180352,62997.8,0.00194,0.016426,0.000227,0.862529,0.0,0.992,1.0498,0.000643,0.000601,0.000893,1.11122,5.212482
2702966784,63001.2,-0.00182,0.014112,0.000227,0.862382,0.0,0.9919,1.0493,0.000581,0.000674,0.000995,1.111454,5.249249
2703753216,62998.7,0.002492,0.023266,0.000228,0.85481,0.0,0.9919,1.049,0.000776,0.000588,0.000809,1.119039,5.300095
2704539648,63002.3,0.002018,0.016466,0.00022,0.857185,0.0,0.9919,1.0487,0.000637,0.000627,0.000924,1.109535,5.252769
2705326080,63006.0,-0.001521,0.012349,0.000218,0.854975,0.0,0.9919,1.0488,0.000595,0.000602,0.000977,1.113634,5.254281
2706112512,63002.5,0.008037,0.022302,0.000229,0.853229,0.0,0.9917,1.0486,0.000663,0.000434,0.000964,1.088691,5.122619
2706898944,63006.0,-0.005547,0.008647,0.000219,0.86072,0.0,0.9918,1.0489,0.000647,0.000589,0.000821,1.136029,5.140618
2707685376,63009.4,-4.3e-05,0.0099,0.000222,0.859596,0.0,0.9918,1.0493,0.000534,0.000641,0.000766,1.103747,5.21857
2708471808,63012.9,-0.000705,0.008819,0.000221,0.859104,0.0,0.9917,1.0498,0.000485,0.000606,0.000697,1.111194,5.283859
2709258240,63010.6,-0.002697,0.023134,0.000228,0.857935,0.0,0.992,1.0512,0.000624,0.000571,0.000822,1.092746,5.218896
2710044672,63014.0,-0.004916,0.012836,0.00022,0.860242,0.0,0.992,1.0516,0.000666,0.000585,0.00084,1.078697,5.200555
2710831104,63017.2,0.000456,0.014014,0.000225,0.8595,0.0,0.9921,1.052,0.000706,0.000676,0.000953,1.075897,5.194944
2711617536,63020.5,-0.002418,0.012307,0.000224,0.862892,0.0,0.9921,1.0522,0.000452,0.000554,0.00089,1.103126,5.163517
2712403968,63018.0,-0.003115,0.02234,0.000222,0.858085,0.0,0.9921,1.0521,0.000995,0.00066,0.001001,1.102506,5.342715
2713190400,63021.6,-0.007162,0.011571,0.000219,0.85643,0.0,0.9921,1.0518,0.00061,0.000563,0.0011,1.107311,5.217779
2713976832,63025.2,-0.002309,0.015329,0.000221,0.854847,0.0,0.9921,1.0514,0.00065,0.000516,0.00091,1.094705,5.196864
2714763264,63022.2,-0.003143,0.026595,0.000231,0.853386,0.0,0.9921,1.0514,0.000548,0.000601,0.0008,1.130233,5.012024
2715549696,63024.4,0.00426,0.019556,0.000229,0.855703,0.0,0.9918,1.0514,0.00075,0.000521,0.000888,1.139322,5.074112
2716336128,63027.4,-0.00281,0.012736,0.000228,0.856992,0.0,0.9916,1.0514,0.000563,0.000584,0.001001,1.128382,5.126967
2717122560,63030.6,-0.004122,0.014917,0.000226,0.859131,0.0,0.9914,1.0514,0.000589,0.000629,0.000857,1.096119,5.160332
2717908992,63028.4,0.000961,0.022953,0.000222,0.85957,0.0,0.9914,1.0517,0.000773,0.000451,0.000903,1.103984,5.303176
2718695424,63032.3,-0.001551,0.012324,0.00022,0.860001,0.0,0.9913,1.0523,0.000559,0.000457,0.000867,1.102989,5.265205
2719481856,63036.1,0.005227,0.013299,0.000219,0.859457,0.0,0.9912,1.0528,0.000609,0.000481,0.000852,1.107124,5.235248
2720268288,63033.3,-0.001672,0.018873,0.000221,0.859948,0.0,0.9913,1.0532,0.000619,0.00046,0.00084,1.104674,5.096489
2721054720,63036.6,-0.001309,0.013762,0.000221,0.857128,0.0,0.9911,1.0523,0.000504,0.000538,0.000888,1.122153,5.1952
2721841152,63040.0,-0.001809,0.011795,0.000218,0.858661,0.0,0.991,1.0513,0.000546,0.000568,0.000876,1.116729,5.131402
2722627584,63043.2,-0.00326,0.011055,0.000218,0.859099,0.0,0.9909,1.0505,0.000448,0.000549,0.00075,1.08717,5.119722
2723414016,63039.8,-0.004386,0.02201,0.000224,0.862473,0.0,0.991,1.05,0.000504,0.000549,0.000864,1.067937,5.238092
2724200448,63043.3,0.001126,0.013977,0.00022,0.865335,0.0,0.9908,1.0491,0.00047,0.000557,0.000882,1.101045,5.285368
2724986880,63046.9,-0.000163,0.012003,0.00022,0.86268,0.0,0.9907,1.0484,0.000552,0.000568,0.000829,1.099053,5.258789
2725773312,63044.7,0.00331,0.020692,0.000219,0.858538,0.0,0.9906,1.0477,0.000429,0.000479,0.000862,1.134966,5.304511
2726559744,63048.3,-0.001747,0.015156,0.000218,0.855516,0.0,0.9906,1.0473,0.000515,0.000624,0.001035,1.121813,5.099352
2727346176,63051.7,6e-06,0.014335,0.000218,0.856381,0.0,0.9906,1.047,0.000529,0.000612,0.000964,1.10819,5.212233
2728132608,63054.6,-0.001355,0.012495,0.000215,0.85388,0.0,0.9906,1.0467,0.000515,0.000619,0.000856,1.107712,5.08781
2728919040,63052.6,-0.004515,0.022416,0.00022,0.853933,0.0,0.9905,1.0463,0.000434,0.000513,0.000664,1.102548,5.205908
2729705472,63056.2,0.001968,0.013581,0.000213,0.856281,0.0,0.9905,1.0462,0.00065,0.000649,0.000796,1.107272,5.231499
2730491904,63059.9,-0.000231,0.012806,0.000216,0.854174,0.0,0.9905,1.0463,0.000645,0.000617,0.000894,1.101265,5.130964
2731278336,63056.9,0.002099,0.020418,0.000221,0.850443,0.0,0.9907,1.0464,0.000487,0.000502,0.000658,1.093708,5.154369
2732064768,63060.4,0.004481,0.013369,0.000208,0.85417,0.0,0.9907,1.0462,0.00058,0.000573,0.000824,1.125412,5.118382
2732851200,63063.9,-0.002628,0.011468,0.000208,0.853797,0.0,0.9907,1.046,0.000656,0.000589,0.000796,1.104461,5.180734
2733637632,63067.3,0.001623,0.010913,0.000213,0.856318,0.0,0.9906,1.0458,0.000574,0.00052,0.000676,1.099325,5.122389
2734424064,63064.4,0.002223,0.019484,0.000217,0.85381,0.0,0.9906,1.0459,0.000451,0.000491,0.000778,1.098826,5.070306
2735210496,63067.6,0.008055,0.012677,0.000217,0.85097,0.0,0.9907,1.0459,0.000496,0.000529,0.000779,1.103488,5.129961
2735996928,63070.8,0.007657,0.011713,0.000217,0.855084,0.0,0.9907,1.046,0.000549,0.000555,0.000917,1.106,5.083743
2736783360,63073.6,-0.003952,0.010808,0.000216,0.856233,0.0,0.9907,1.0466,0.000488,0.000518,0.00084,1.100961,5.165737
2737569792,63070.9,-3.7e-05,0.022606,0.000224,0.854485,0.0,0.9908,1.0471,0.000455,0.00046,0.000728,1.092269,5.230688
2738356224,63073.9,-0.000352,0.013558,0.000222,0.852639,0.0,0.9909,1.0478,0.000519,0.000516,0.000882,1.101225,5.137563
2739142656,63077.1,0.010771,0.011539,0.000222,0.855886,0.0,0.9909,1.0481,0.000555,0.000461,0.000694,1.10711,5.146101
2739929088,63075.0,0.001135,0.01964,0.000222,0.85466,0.0,0.9911,1.0486,0.000435,0.000541,0.000678,1.11899,5.226959
2740715520,63078.7,7e-05,0.011795,0.000213,0.861402,0.0,0.9912,1.0489,0.000514,0.000493,0.000734,1.08518,5.229914
2741501952,63082.0,-0.002579,0.011689,0.000211,0.86073,0.0,0.9913,1.0494,0.00044,0.000541,0.000728,1.092006,5.181464
2742288384,63085.5,-0.00049,0.010751,0.000214,0.861837,0.0,0.9914,1.05,0.000435,0.000612,0.000688,1.0972,5.266084
2743074816,63083.6,-0.004042,0.022397,0.000215,0.85976,0.0,0.9915,1.0505,0.000569,0.000507,0.000697,1.064761,5.163732
2743861248,63087.1,-0.001502,0.011499,0.00021,0.859565,0.0,0.9916,1.0509,0.00071,0.000501,0.000874,1.070485,5.030387
2744647680,63090.6,0.001436,0.011595,0.000206,0.857485,0.0,0.9916,1.0515,0.000767,0.000526,0.00104,1.088041,5.024924
2745434112,63088.5,-0.00212,0.021631,0.000216,0.852386,0.0,0.9915,1.0519,0.00048,0.000457,0.000778,1.107707,5.058158
2746220544,63091.9,-0.005351,0.012063,0.00022,0.852311,0.0,0.9914,1.0517,0.000516,0.000469,0.000966,1.110544,5.117074
2747006976,63095.5,0.001496,0.016007,0.000219,0.849449,0.0,0.9913,1.0517,0.000594,0.000467,0.000802,1.098337,5.176136
2747793408,63097.9,0.001511,0.016108,0.000219,0.84845,0.0,0.9912,1.0518,0.000542,0.000517,0.000779,1.0921,5.074838
2748579840,63096.1,0.002763,0.019799,0.000218,0.856464,0.0,0.9913,1.0521,0.000531,0.000511,0.000751,1.088361,5.120455
2749366272,63099.7,-0.003007,0.012979,0.000216,0.861324,0.0,0.9915,1.0527,0.000641,0.000523,0.000769,1.086575,5.160795
2750152704,63103.5,-0.005582,0.008225,0.000213,0.861413,0.0,0.9918,1.0533,0.000435,0.000578,0.000736,1.094948,5.156962
2750939136,63101.8,0.004036,0.02578,0.000217,0.857067,0.0,0.9918,1.0535,0.000584,0.000559,0.00067,1.118345,5.20206
2751725568,63105.5,-0.004929,0.016453,0.000217,0.853025,0.0,0.9918,1.053,0.00065,0.000508,0.000973,1.111481,5.080904
2752512000,63109.3,-0.00589,0.014558,0.000212,0.853806,0.0,0.9918,1.0522,0.000628,0.000543,0.000872,1.104145,5.103653
2753298432,63113.0,-0.001549,0.016084,0.000214,0.85502,0.0,0.9918,1.0516,0.000551,0.000532,0.001062,1.111392,5.015345
2754084864,63110.9,0.000978,0.023099,0.000226,0.853157,0.0,0.9918,1.0515,0.000495,0.000485,0.000857,1.082343,5.147321
2754871296,63114.6,0.001398,0.012893,0.00022,0.851299,0.0,0.9917,1.0515,0.000559,0.000609,0.000774,1.089568,5.019742
2755657728,63117.7,-0.004513,0.011146,0.000223,0.850133,0.0,0.9918,1.0515,0.00062,0.00057,0.000839,1.0932,5.079579
2756444160,63115.3,0.002106,0.021964,0.000231,0.844603,0.0,0.9916,1.0513,0.00058,0.000492,0.000778,1.072987,5.021292
2757230592,63118.8,-0.001774,0.01482,0.000226,0.847673,0.0,0.9916,1.0511,0.000594,0.000506,0.000875,1.098697,5.024465
2758017024,63122.4,-0.000736,0.015279,0.00023,0.849751,0.0,0.9916,1.051,0.000594,0.000517,0.000816,1.103369,5.032334
2758803456,63125.9,0.002268,0.01277,0.000231,0.847156,0.0,0.9915,1.0509,0.000477,0.000521,0.00072,1.113817,5.152988
2759589888,63124.4,0.002645,0.023819,0.000227,0.850794,0.0,0.9915,1.0509,0.0005,0.000464,0.000735,1.113469,5.110252
2760376320,63127.6,0.00879,0.011768,0.000219,0.855202,0.0,0.9916,1.0512,0.000524,0.000492,0.000686,1.101295,5.0862
2761162752,63131.1,0.001572,0.011718,0.000218,0.854757,0.0,0.9916,1.0514,0.000459,0.000496,0.000765,1.09215,5.078565
2761949184,63133.8,-0.003526,0.009338,0.000219,0.859574,0.0,0.9916,1.0516,0.000465,0.000528,0.000849,1.109203,5.065435
2762735616,63132.2,-0.004295,0.021248,0.000228,0.849979,0.0,0.9916,1.0513,0.000554,0.00042,0.000698,1.102561,5.177538
2763522048,63135.8,-0.006653,0.011052,0.000224,0.853192,0.0,0.9915,1.0509,0.000516,0.00046,0.000773,1.10727,5.13219
2764308480,63139.5,-0.004655,0.011936,0.00022,0.849491,0.0,0.9914,1.0505,0.000543,0.00042,0.000772,1.114532,5.099565
2765094912,63136.9,-0.002481,0.019153,0.000229,0.848145,0.0,0.9913,1.05,0.000528,0.000448,0.000704,1.107152,5.076627
2765881344,63140.3,-8.5e-05,0.012027,0.000229,0.851067,0.0,0.9911,1.0494,0.000388,0.000461,0.000727,1.127846,5.011975
2766667776,63143.5,0.000874,0.011194,0.000226,0.854069,0.0,0.991,1.0486,0.000888,0.000388,0.00062,1.122409,5.050788
2767454208,63147.0,-0.000887,0.010374,0.000225,0.855472,0.0,0.9908,1.0482,0.000519,0.000435,0.000659,1.110653,5.12498
2768240640,63144.4,0.003239,0.020224,0.000231,0.856089,0.0,0.9909,1.0483,0.000567,0.000422,0.000704,1.135256,5.224275
2769027072,63147.9,-0.00315,0.01068,0.000227,0.85495,0.0,0.9909,1.0482,0.0005,0.000531,0.000898,1.112728,5.212254
2769813504,63151.5,-0.001101,0.010943,0.000228,0.855765,0.0,0.9911,1.0485,0.00049,0.000428,0.00076,1.14491,5.254567
2770599936,63149.7,0.000681,0.022147,0.000233,0.854226,0.0,0.9911,1.0482,0.000539,0.000415,0.000642,1.111595,5.115892
2771386368,63153.2,0.003519,0.011889,0.000225,0.859101,0.0,0.9911,1.048,0.000686,0.000582,0.000777,1.123569,5.191333
2772172800,63156.7,0.002573,0.010578,0.000227,0.861447,0.0,0.9912,1.0478,0.000697,0.000683,0.000831,1.132854,5.127109
2772959232,63160.1,0.002015,0.012214,0.000226,0.860276,0.0,0.9913,1.0475,0.000563,0.000542,0.000764,1.110454,5.266973
2773745664,63157.2,-0.000363,0.023175,0.000229,0.857033,0.0,0.9914,1.0475,0.000517,0.00047,0.000668,1.11652,5.183206
2774532096,63160.0,-0.001351,0.01207,0.000228,0.860459,0.0,0.9913,1.0473,0.000451,0.000481,0.00082,1.116974,5.192405
2775318528,63163.1,-0.006316,0.01117,0.000229,0.862768,0.0,0.9912,1.0467,0.000536,0.000443,0.00075,1.139061,5.223198
2776104960,63160.8,-0.008416,0.019363,0.000229,0.859485,0.0,0.9913,1.0466,0.000508,0.00051,0.000671,1.128153,5.337013
2776891392,63164.6,-0.004546,0.011762,0.000221,0.862774,0.0,0.9913,1.0461,0.000689,0.000539,0.000853,1.103953,5.219314
2777677824,63168.2,-0.00192,0.012677,0.000222,0.858953,0.0,0.9913,1.0452,0.000671,0.000614,0.000784,1.090387,5.207246
2778464256,63171.8,-0.004049,0.011651,0.000221,0.858525,0.0,0.9915,1.0455,0.000593,0.000569,0.000808,1.117225,5.081305
2779250688,63169.6,-0.002045,0.023604,0.000225,0.859877,0.0,0.9916,1.0456,0.000463,0.000406,0.000659,1.108058,5.138765
2780037120,63173.0,0.002702,0.013543,0.00022,0.865589,0.0,0.9917,1.0459,0.000508,0.000462,0.000647,1.06601,5.121217
2780823552,63175.8,-0.000868,0.009975,0.00022,0.865956,0.0,0.9918,1.0459,0.000567,0.000449,0.000702,1.074679,5.168197
2781609984,63173.8,-0.002221,0.020893,0.000227,0.858545,0.0,0.9919,1.046,0.000535,0.000356,0.000597,1.030929,5.013588
2782396416,63177.3,-0.001631,0.013015,0.000214,0.851272,0.0,0.9919,1.0461,0.000641,0.000477,0.000864,1.112695,5.02533
2783182848,63180.7,0.002318,0.01487,0.000217,0.847894,0.0,0.9922,1.0465,0.000519,0.000575,0.000758,1.11193,5.004006
2783969280,63184.1,-0.007539,0.01217,0.000215,0.845376,0.0,0.9922,1.0468,0.000465,0.000511,0.000751,1.0798,4.985176
2784755712,63182.4,-0.003489,0.019838,0.000223,0.846088,0.0,0.9923,1.0473,0.000427,0.000422,0.000649,1.11803,4.993652
2785542144,63185.8,0.000772,0.012494,0.000219,0.850223,0.0,0.9922,1.0477,0.000417,0.000423,0.000611,1.107931,4.985956
2786328576,63188.9,0.003437,0.011511,0.000221,0.855781,0.0,0.9922,1.0481,0.000448,0.000448,0.000583,1.089944,4.946611
2787115008,63192.1,-0.004925,0.009531,0.000219,0.857369,0.0,0.9921,1.0483,0.000362,0.000424,0.000547,1.095305,4.982182
2787901440,63190.0,-0.002187,0.018117,0.000224,0.849153,0.0,0.9921,1.0487,0.000425,0.000362,0.000681,1.090702,5.03886
2788687872,63193.6,-0.006707,0.010819,0.000216,0.852202,0.0,0.992,1.0491,0.000434,0.000357,0.000788,1.128008,5.029517
2789474304,63196.5,0.002122,0.013269,0.000214,0.850379,0.0,0.9919,1.0494,0.00043,0.000392,0.000734,1.105084,5.056896
2790260736,63194.7,-0.00085,0.019534,0.000217,0.854267,0.0,0.9918,1.0496,0.000482,0.000346,0.000714,1.081798,4.965055
2791047168,63198.3,0.000918,0.008758,0.000212,0.861838,0.0,0.9917,1.0492,0.000464,0.000428,0.000713,1.111182,4.979998
2791833600,63201.8,-0.001634,0.008356,0.000211,0.865685,0.0,0.9916,1.049,0.000485,0.000485,0.000667,1.080435,5.061836
2792620032,63205.4,-0.007966,0.007815,0.000212,0.863376,0.0,0.9914,1.0487,0.000489,0.000442,0.000682,1.070718,5.110981
2793406464,63203.5,0.004661,0.019323,0.000222,0.859063,0.0,0.9914,1.0491,0.000426,0.000455,0.000601,1.097992,5.131302
2794192896,63207.0,-0.007798,0.010817,0.000215,0.861688,0.0,0.9913,1.0499,0.000459,0.000482,0.000604,1.115927,5.126014
2794979328,63210.4,3.7e-05,0.012601,0.000218,0.861329,0.0,0.9913,1.0505,0.000383,0.000513,0.000763,1.094639,5.175145
2795765760,63208.0,-0.001801,0.01918,0.000226,0.861987,0.0,0.9913,1.051,0.000396,0.000406,0.000499,1.092911,5.219333
2796552192,63211.4,-0.002586,0.012247,0.000227,0.861795,0.0,0.9912,1.0512,0.000478,0.000484,0.000618,1.115887,5.261569
2797338624,63214.4,-0.003527,0.012334,0.000228,0.86253,0.0,0.9911,1.0514,0.000415,0.000483,0.000667,1.097419,5.229687
2798125056,63216.5,-0.005913,0.010806,0.000232,0.861926,0.0,0.991,1.0516,0.000477,0.00047,0.000727,1.115187,5.214863
2798911488,63214.1,0.000824,0.02028,0.000226,0.857188,0.0,0.9911,1.0517,0.000588,0.000365,0.0008,1.100126,5.188669
2799697920,63217.6,-0.004787,0.010461,0.000222,0.860835,0.0,0.9911,1.0517,0.000482,0.000412,0.000856,1.112538,5.188346
2800484352,63220.8,-0.006941,0.010795,0.000223,0.862642,0.0,0.9911,1.0517,0.000441,0.000436,0.000664,1.107184,5.277246
2801270784,63218.8,-0.004955,0.025074,0.000226,0.858641,0.0,0.991,1.0515,0.000623,0.000382,0.000635,1.109252,5.284986
2802057216,63222.3,-0.000416,0.012159,0.000226,0.85925,0.0,0.9911,1.0509,0.000554,0.000471,0.000693,1.101262,5.253449
2802843648,63225.7,-0.006725,0.008474,0.000225,0.860334,0.0,0.9911,1.0503,0.000484,0.000463,0.000664,1.08619,5.166366
2803630080,63228.9,0.002229,0.012978,0.000222,0.863504,0.0,0.9912,1.0499,0.000398,0.000426,0.000573,1.108947,5.176441
2804416512,63225.4,9.3e-05,0.023039,0.00023,0.856566,0.0,0.9912,1.0492,0.000475,0.000373,0.000593,1.119046,5.205419
2805202944,63228.7,0.003804,0.014627,0.000229,0.853734,0.0,0.991,1.0484,0.000496,0.000426,0.000681,1.124882,5.214228
2805989376,63232.1,-0.004402,0.011928,0.000228,0.856648,0.0,0.991,1.0476,0.00045,0.000465,0.000774,1.100619,5.152328
2806775808,63229.4,0.001278,0.022405,0.000234,0.853592,0.0,0.991,1.0473,0.0004,0.00039,0.000657,1.019015,5.040678
2807562240,63232.2,-0.005246,0.017001,0.000224,0.859365,0.0,0.9911,1.0479,0.000444,0.000582,0.000689,1.079248,5.07631
2808348672,63235.6,-0.006627,0.012897,0.000223,0.860951,0.0,0.9913,1.0487,0.000379,0.000546,0.000692,1.080416,5.0552
2809135104,63238.6,-0.004104,0.015649,0.000225,0.855728,0.0,0.9913,1.0491,0.000692,0.000551,0.000689,1.074817,5.128381
2809921536,63235.8,-0.002613,0.023268,0.000225,0.85523,0.0,0.9914,1.0489,0.000392,0.000413,0.00056,1.098618,5.155428
2810707968,63239.0,-0.001563,0.015458,0.000221,0.854648,0.0,0.9913,1.0481,0.000438,0.000447,0.000651,1.107475,5.15097
2811494400,63242.3,-0.003441,0.01074,0.000223,0.853425,0.0,0.9913,1.0476,0.00043,0.000432,0.000637,1.112257,5.147535
2812280832,63245.3,-0.002145,0.012322,0.000219,0.85536,0.0,0.9912,1.0472,0.000414,0.000408,0.00072,1.128334,5.144726
2813067264,63243.6,0.005578,0.021,0.000225,0.844484,0.0,0.9915,1.0476,0.000466,0.000517,0.000802,1.110937,5.136476
2813853696,63247.1,-0.001724,0.009437,0.000219,0.849441,0.0,0.9917,1.0483,0.000428,0.00049,0.000611,1.11776,5.091262
2814640128,63250.7,0.000496,0.009893,0.000217,0.850096,0.0,0.9918,1.0488,0.00031,0.00043,0.000592,1.133295,5.113068
2815426560,63248.3,-0.004308,0.019723,0.000224,0.850483,0.0,0.992,1.0493,0.000421,0.000357,0.000597,1.125025,5.131008
2816212992,63251.9,0.005614,0.013152,0.00022,0.854423,0.0,0.992,1.049,0.000396,0.000465,0.000625,1.127187,5.091568
2816999424,63255.4,-0.00233,0.010113,0.000222,0.857006,0.0,0.9921,1.0491,0.000438,0.00042,0.000696,1.133019,5.076339
2817785856,63259.1,0.002756,0.009332,0.000224,0.855108,0.0,0.992,1.0493,0.000427,0.00044,0.000645,1.113312,5.120869
2818572288,63256.5,-0.004214,0.021042,0.000219,0.861115,0.0,0.9921,1.0497,0.000393,0.000334,0.000566,1.087542,5.109488
2819358720,63259.2,0.000537,0.010405,0.000212,0.862765,0.0,0.9921,1.0498,0.000408,0.000372,0.00061,1.082396,5.143734
2820145152,63262.3,-0.002574,0.014045,0.000215,0.863502,0.0,0.9921,1.05,0.000423,0.000387,0.000712,1.076674,5.129509
2820931584,63260.0,-0.002804,0.018614,0.000223,0.861775,0.0,0.9924,1.0504,0.000346,0.000391,0.000504,1.056939,5.156303
2821718016,63263.4,-0.002955,0.014513,0.000223,0.859596,0.0,0.9925,1.0509,0.000388,0.000432,0.00072,1.079771,5.156005
2822504448,63266.9,0.003346,0.01105,0.000224,0.860038,0.0,0.9926,1.0514,0.000438,0.00041,0.00076,1.08813,5.069921
2823290880,63270.1,0.006793,0.011186,0.000224,0.860682,0.0,0.9926,1.0509,0.000357,0.000405,0.000727,1.057571,5.110192
2824077312,63268.1,0.001275,0.022949,0.000228,0.853243,0.0,0.9926,1.0509,0.000495,0.000386,0.000644,1.090928,5.121465
2824863744,63271.3,-0.003945,0.010562,0.000218,0.857075,0.0,0.9925,1.0508,0.000406,0.000404,0.000654,1.116051,4.970977
2825650176,63274.6,0.002301,0.009543,0.000221,0.857515,0.0,0.9925,1.051,0.000393,0.00032,0.000654,1.086724,5.12972
2826436608,63272.5,-0.003814,0.020078,0.000223,0.857245,0.0,0.9926,1.0515,0.000357,0.000408,0.000502,1.092317,5.060367
2827223040,63275.9,0.006347,0.013567,0.000235,0.861957,0.0,0.9926,1.052,0.000729,0.000499,0.000763,1.063467,5.024364
2828009472,63279.4,-0.005867,0.012281,0.000235,0.860317,0.0,0.9927,1.0523,0.000613,0.000453,0.000801,1.065294,5.011209
2828795904,63282.8,-0.00071,0.013966,0.000229,0.860324,0.0,0.9926,1.0523,0.000411,0.000426,0.00068,1.049208,5.02897
2829582336,63280.1,0.006565,0.024373,0.000231,0.852341,0.0,0.9925,1.0521,0.000407,0.000427,0.00062,1.117429,4.998288
2830368768,63283.3,-0.004682,0.014899,0.000229,0.850824,0.0,0.9924,1.0514,0.000678,0.000462,0.0007,1.098445,4.989902
2831155200,63286.7,-0.003109,0.012597,0.000228,0.852379,0.0,0.9922,1.0507,0.000389,0.000501,0.000568,1.091535,5.03791
2831941632,63284.4,-0.002573,0.022006,0.000234,0.851082,0.0,0.9923,1.0509,0.000371,0.000408,0.000562,1.004367,5.211398
2832728064,63288.0,-0.002155,0.007814,0.000211,0.864492,0.0,0.9923,1.051,0.000442,0.000358,0.000655,1.061451,5.122859
2833514496,63291.7,-0.000863,0.009854,0.000212,0.865003,0.0,0.9924,1.0512,0.000411,0.000372,0.000664,1.081313,5.152663
2834300928,63294.9,-0.001883,0.010802,0.000214,0.864525,0.0,0.9924,1.0514,0.000397,0.00041,0.000571,1.091285,5.243754
2835087360,63293.0,0.006551,0.022872,0.000226,0.85145,0.0,0.9925,1.0519,0.000446,0.00036,0.000491,1.106581,5.080418
2835873792,63296.2,-0.005857,0.016094,0.000225,0.847133,0.0,0.9925,1.0521,0.000404,0.000387,0.000598,1.100324,4.991618
2836660224,63299.4,0.005608,0.021949,0.000224,0.84532,0.0,0.9926,1.0523,0.000519,0.00052,0.000591,1.095071,4.993293
2837446656,63302.8,0.001674,0.012688,0.000224,0.843713,0.0,0.9926,1.0525,0.000376,0.000379,0.000574,1.095804,4.980844
2838233088,63300.7,-0.002153,0.015462,0.000226,0.852985,0.0,0.9926,1.0524,0.000327,0.000428,0.000612,1.070649,5.084856
2839019520,63304.0,-0.001918,0.011747,0.000218,0.854043,0.0,0.9925,1.0524,0.000356,0.000449,0.00059,1.083771,5.059016
2839805952,63307.1,-0.003903,0.01177,0.000218,0.856117,0.0,0.9925,1.0522,0.000371,0.00034,0.000554,1.078809,5.058002
2840592384,63304.7,0.002524,0.023645,0.000228,0.853125,0.0,0.9926,1.0522,0.00033,0.000299,0.000515,1.095688,5.024831
2841378816,63308.0,-0.001272,0.011694,0.000227,0.858844,0.0,0.9927,1.052,0.000436,0.000361,0.000508,1.091884,5.021654
2842165248,63311.3,-0.003759,0.010151,0.000221,0.858427,0.0,0.9928,1.052,0.000392,0.000315,0.000533,1.094795,5.107153
2842951680,63314.4,0.000361,0.010498,0.000227,0.858389,0.0,0.9928,1.0519,0.000516,0.000333,0.000504,1.096828,5.088737
2843738112,63311.5,-0.001753,0.021624,0.000229,0.854289,0.0,0.9929,1.0519,0.000493,0.000388,0.000757,1.11435,5.106659
2844524544,63314.6,-0.000613,0.010095,0.000225,0.857583,0.0,0.9928,1.0517,0.000469,0.000373,0.00067,1.110955,5.141249
2845310976,63316.9,-0.002879,0.011661,0.000225,0.857276,0.0,0.9928,1.0515,0.000427,0.000402,0.000588,1.112559,5.269379
2846097408,63314.3,-0.005434,0.021541,0.000235,0.854214,0.0,0.9929,1.0518,0.000363,0.000341,0.00054,1.114365,5.19888
2846883840,63317.7,0.001746,0.012371,0.000232,0.855398,0.0,0.9928,1.0515,0.000317,0.000378,0.000606,1.08928,5.130501
2847670272,63321.3,-0.006836,0.007914,0.000232,0.858158,0.0,0.9927,1.0511,0.000435,0.000403,0.000507,1.089982,5.143717
2848456704,63324.8,0.003214,0.018438,0.000231,0.854861,0.0,0.9926,1.0505,0.000357,0.000394,0.000565,1.099752,5.09556
2849243136,63322.2,-0.000806,0.021441,0.000224,0.861719,0.0,0.9925,1.0504,0.000397,0.000319,0.000493,1.071766,5.141311
2850029568,63325.0,0.007075,0.011334,0.000214,0.866755,0.0,0.9924,1.0505,0.000519,0.000347,0.000558,1.082349,5.129972
2850816000,63328.3,-0.007263,0.009925,0.000216,0.865627,0.0,0.9923,1.0505,0.000423,0.000315,0.000516,1.082732,5.149325
2851602432,63325.8,-0.004231,0.019602,0.00022,0.861942,0.0,0.9925,1.0508,0.000348,0.000297,0.00054,1.112464,5.128761
2852388864,63328.6,-0.003815,0.012551,0.000224,0.855652,0.0,0.9923,1.051,0.000446,0.000369,0.000628,1.085135,5.155769
2853175296,63331.9,0.001396,0.014045,0.000221,0.85552,0.0,0.9922,1.0516,0.000341,0.000358,0.000606,1.092563,5.162823
2853961728,63334.7,0.001954,0.012839,0.000224,0.854249,0.0,0.9921,1.0519,0.000305,0.000392,0.000525,1.092451,5.053645
2854748160,63332.3,-0.002734,0.018908,0.000224,0.850658,0.0,0.9922,1.0522,0.000399,0.000259,0.000485,1.104415,5.126644
2855534592,63335.1,-0.002647,0.010873,0.000217,0.851352,0.0,0.9921,1.0523,0.000418,0.000334,0.000553,1.128267,5.083624
2856321024,63338.5,-0.005203,0.008579,0.000219,0.853381,0.0,0.9921,1.0524,0.000379,0.000328,0.000548,1.120453,5.071279
2857107456,63336.3,0.003536,0.021879,0.000226,0.853914,0.0,0.992,1.0524,0.000304,0.000274,0.000457,1.019783,5.228877
2857893888,63339.5,0.003042,0.009588,0.000218,0.864036,0.0,0.992,1.052,0.000307,0.000326,0.000562,1.086825,5.145298
2858680320,63342.5,0.000671,0.008396,0.000221,0.859314,0.0,0.9919,1.0517,0.000316,0.000314,0.000514,1.073935,5.196979
2859466752,63345.6,0.000778,0.007766,0.00022,0.858509,0.0,0.9919,1.0515,0.00033,0.000339,0.000524,1.07442,5.144778
2860253184,63343.6,-0.001581,0.021022,0.000226,0.850498,0.0,0.9919,1.0515,0.000322,0.000254,0.000475,1.088776,5.069592
2861039616,63346.9,-0.001923,0.011373,0.000222,0.850075,0.0,0.9918,1.0512,0.000307,0.00032,0.000612,1.089974,5.095339
2861826048,63349.6,0.001239,0.011704,0.000223,0.848225,0.0,0.9918,1.051,0.0004,0.000347,0.000629,1.087682,5.085206
2862612480,63347.5,0.007011,0.019986,0.000221,0.848652,0.0,0.9917,1.0511,0.000281,0.000285,0.00045,1.091656,4.997828
2863398912,63350.9,-0.004136,0.015633,0.000224,0.855988,0.0,0.9918,1.0514,0.000396,0.000307,0.000472,1.084017,5.12234
2864185344,63354.1,-0.000278,0.017365,0.00022,0.861113,0.0,0.9918,1.0513,0.000384,0.000333,0.000535,1.085734,5.156779
2864971776,63357.0,-0.000704,0.016261,0.000219,0.860785,0.0,0.9918,1.0517,0.00051,0.000428,0.000719,1.085684,5.240627
2865758208,63354.9,-0.002213,0.022429,0.000225,0.859016,0.0,0.9918,1.0515,0.000316,0.000374,0.000514,1.080631,5.09469
2866544640,63358.3,0.001529,0.012699,0.000223,0.861731,0.0,0.9917,1.0514,0.000279,0.000393,0.000482,1.094862,5.2296
2867331072,63361.5,-0.001084,0.011156,0.000219,0.86188,0.0,0.9917,1.0511,0.000293,0.000356,0.000547,1.106397,5.197698
2868117504,63364.9,-0.005012,0.009501,0.000219,0.861696,0.0,0.9915,1.0509,0.00024,0.000315,0.000397,1.091023,5.22386
2868903936,63360.6,-0.010085,0.017941,0.000216,0.86263,0.0,0.9917,1.0507,0.000297,0.000274,0.000451,1.078273,5.102739
2869690368,63363.9,-0.005028,0.011238,0.000208,0.864404,0.0,0.9917,1.0504,0.000389,0.000258,0.000592,1.085546,5.200387
2870476800,63366.8,-0.004512,0.007939,0.00021,0.86495,0.0,0.9918,1.0503,0.000397,0.000276,0.000501,1.09409,5.15431
2871263232,63364.4,0.000313,0.021782,0.000215,0.859394,0.0,0.9919,1.0501,0.000372,0.000317,0.000532,1.100585,5.317669
2872049664,63367.9,-0.004266,0.013982,0.000216,0.853467,0.0,0.9919,1.0501,0.000416,0.000495,0.000571,1.109217,5.178819
2872836096,63371.3,-0.008184,0.013342,0.000215,0.85085,0.0,0.9919,1.0501,0.000314,0.000395,0.000489,1.106874,5.181874
2873622528,63374.7,-0.002784,0.013081,0.000217,0.848478,0.0,0.9919,1.0502,0.000323,0.000329,0.000533,1.105762,5.142641
2874408960,63372.3,-0.000316,0.020611,0.000223,0.855064,0.0,0.9919,1.0501,0.000278,0.000312,0.000466,1.106564,5.18095
2875195392,63375.3,0.002758,0.010806,0.000222,0.859239,0.0,0.9918,1.0497,0.000347,0.000342,0.000427,1.1134,5.141034
2875981824,63378.6,0.000184,0.009365,0.000223,0.861651,0.0,0.9917,1.0493,0.00034,0.000291,0.000437,1.109795,5.165819
2876768256,63376.8,-0.003024,0.020968,0.000225,0.855542,0.0,0.9916,1.0488,0.000246,0.000318,0.000392,1.119149,5.130629
2877554688,63380.4,-0.00382,0.016843,0.000229,0.845091,0.0,0.9916,1.0488,0.000428,0.00034,0.000648,1.089305,5.108406
2878341120,63384.0,-0.003003,0.024198,0.000228,0.844025,0.0,0.9916,1.0487,0.000309,0.000286,0.000499,1.118172,4.981336
2879127552,63387.6,0.005024,0.022237,0.000223,0.843332,0.0,0.9917,1.0485,0.000291,0.000313,0.000515,1.110079,4.970725
2879913984,63385.4,-0.001785,0.030118,0.000225,0.843841,0.0,0.9916,1.0483,0.000287,0.000326,0.00045,1.066976,5.007614
2880700416,63388.7,0.001922,0.014421,0.000219,0.846937,0.0,0.9914,1.048,0.000395,0.000296,0.000561,1.086941,4.977026
2881486848,63392.0,-0.004093,0.015116,0.00022,0.847808,0.0,0.9912,1.0477,0.000291,0.000277,0.0004,1.099623,4.9013
2882273280,63389.3,-0.004664,0.022693,0.000225,0.84382,0.0,0.991,1.0472,0.000289,0.000269,0.000493,1.028345,5.15988
2883059712,63392.2,0.00151,0.015455,0.00022,0.846382,0.0,0.9909,1.047,0.00024,0.000273,0.000458,1.104555,4.990544
2883846144,63394.6,0.002649,0.012781,0.000222,0.848629,0.0,0.9908,1.047,0.000237,0.000295,0.000378,1.106931,4.917958
2884632576,63397.8,-0.001729,0.015034,0.000221,0.849667,0.0,0.9908,1.0468,0.000259,0.00031,0.000365,1.110573,5.019797
2885419008,63396.0,-0.001188,0.023391,0.000227,0.84672,0.0,0.9908,1.0467,0.000407,0.000287,0.000479,1.098916,5.023536
2886205440,63399.1,0.006677,0.013877,0.000223,0.851026,0.0,0.9907,1.0461,0.000298,0.000249,0.000429,1.090303,4.976396
2886991872,63402.6,-0.000791,0.015578,0.000223,0.852514,0.0,0.9906,1.0456,0.000251,0.000281,0.000479,1.094252,5.017246
2887778304,63400.9,-0.002435,0.024268,0.000222,0.85025,0.0,0.9905,1.0453,0.000286,0.000258,0.000402,0.948108,4.004703
2888564736,63404.3,-0.012151,0.008346,0.000222,0.855338,0.0,0.9906,1.0454,0.000336,0.000282,0.000518,1.069252,4.972503
2889351168,63407.8,0.003075,0.009192,0.000215,0.852681,0.0,0.9905,1.0454,0.000354,0.000232,0.000482,1.099018,5.096142
2890137600,63410.7,-0.002219,0.009755,0.000218,0.852253,0.0,0.9905,1.0453,0.000225,0.000215,0.000488,1.09908,5.059222
2890924032,63408.7,-0.004848,0.019373,0.000223,0.84824,0.0,0.9906,1.0457,0.00026,0.000233,0.000379,1.063138,4.986347
2891710464,63412.2,0.005364,0.010097,0.000218,0.854904,0.0,0.9906,1.0461,0.000353,0.000271,0.000492,1.087315,4.974899
2892496896,63415.6,0.000601,0.008673,0.00022,0.851985,0.0,0.9907,1.0467,0.000245,0.000283,0.000424,1.074492,5.021285
2893283328,63418.7,-0.002541,0.010305,0.000221,0.851626,0.0,0.9907,1.0471,0.000309,0.00024,0.000429,1.093824,5.025174
2894069760,63416.6,-0.004388,0.01848,0.000225,0.847659,0.0,0.9909,1.0476,0.0004,0.000272,0.000362,1.101708,4.980997
2894856192,63419.8,-0.003071,0.008671,0.000223,0.85023,0.0,0.991,1.0479,0.00039,0.000238,0.000405,1.09276,5.002251
2895642624,63423.0,-0.004251,0.00734,0.000221,0.855186,0.0,0.9911,1.0485,0.0003,0.000229,0.000354,1.081677,4.961041
2896429056,63420.4,-0.010381,0.018018,0.000224,0.853642,0.0,0.9914,1.0495,0.000226,0.000269,0.000358,1.065809,5.214961
2897215488,63423.5,-0.005562,0.012214,0.000221,0.857606,0.0,0.9915,1.0502,0.000473,0.000302,0.000412,1.075072,5.143827
2898001920,63426.7,0.00204,0.011587,0.000222,0.858026,0.0,0.9917,1.0513,0.000312,0.000293,0.000359,1.066054,5.117206
2898788352,63429.3,0.00493,0.01123,0.000219,0.857644,0.0,0.9919,1.0522,0.000306,0.000315,0.00036,1.081026,5.108932
2899574784,63427.4,0.002324,0.021613,0.000226,0.850897,0.0,0.992,1.0527,0.000351,0.000201,0.000379,1.07562,5.102571
2900361216,63430.7,0.002476,0.007388,0.000213,0.853973,0.0,0.992,1.0529,0.000224,0.000227,0.000429,1.089725,5.067342
2901147648,63433.7,0.001596,0.008398,0.000216,0.858646,0.0,0.9921,1.0533,0.00021,0.000237,0.000341,1.089724,5.157187
2901934080,63432.2,-0.001168,0.018903,0.000221,0.853487,0.0,0.9921,1.0538,0.000254,0.000212,0.000334,1.112287,5.022251
2902720512,63435.4,0.001608,0.008382,0.000218,0.854474,0.0,0.9923,1.0544,0.000223,0.000264,0.000357,1.081955,5.110207
2903506944,63438.8,-0.002092,0.008744,0.000216,0.855927,0.0,0.9924,1.0548,0.000219,0.000308,0.000378,1.085947,5.113729
2904293376,63441.9,0.00013,0.009339,0.000216,0.855019,0.0,0.9924,1.055,0.000247,0.00027,0.000366,1.105713,5.054702
2905079808,63440.1,0.006787,0.020636,0.000218,0.853174,0.0,0.9925,1.0551,0.000226,0.000197,0.000331,1.121273,5.137029
2905866240,63442.6,0.003404,0.011693,0.000212,0.85834,0.0,0.9925,1.0552,0.000218,0.000237,0.000393,1.112841,5.144926
2906652672,63445.9,0.003181,0.010799,0.000214,0.858659,0.0,0.9925,1.0553,0.000247,0.000232,0.000415,1.079548,5.157307
2907439104,63444.1,-0.000278,0.016895,0.000221,0.859554,0.0,0.9926,1.0557,0.000233,0.000184,0.000272,1.040943,5.26228
2908225536,63446.7,-0.001429,0.012842,0.000211,0.860924,0.0,0.9926,1.0558,0.000164,0.000239,0.000359,1.093113,5.092148
2909011968,63449.9,-0.006869,0.008977,0.00021,0.858638,0.0,0.9928,1.0562,0.000227,0.000268,0.000388,1.087184,5.119984
2909798400,63452.9,-0.00189,0.010864,0.000215,0.8588,0.0,0.9928,1.0564,0.000221,0.000221,0.000387,1.08617,5.066882
2910584832,63450.4,-0.007899,0.020989,0.000218,0.853485,0.0,0.9928,1.0564,0.000206,0.000193,0.000311,1.098839,5.054672
2911371264,63453.6,-0.011205,0.011634,0.000215,0.854509,0.0,0.9926,1.0559,0.000194,0.000246,0.000454,1.083678,5.031614
2912157696,63456.8,-0.001374,0.014188,0.000213,0.853242,0.0,0.9925,1.0554,0.000243,0.00022,0.000362,1.090299,5.017495
2912944128,63454.5,0.000897,0.022484,0.000216,0.85049,0.0,0.9924,1.0547,0.000201,0.000203,0.000329,0.978951,4.219007
2913730560,63457.7,-0.000768,0.013895,0.000229,0.857112,0.0,0.9924,1.0542,0.00028,0.000281,0.000415,1.088616,5.04108
2914516992,63460.7,-0.004918,0.011054,0.000221,0.855424,0.0,0.9923,1.0534,0.000223,0.000238,0.000463,1.108463,5.022638
2915303424,63464.0,-0.002929,0.014743,0.000221,0.857693,0.0,0.9922,1.0526,0.000222,0.000234,0.000371,1.08452,5.096729
2916089856,63461.0,-2e-05,0.022782,0.00022,0.854918,0.0,0.9922,1.0524,0.000248,0.000188,0.000355,1.079556,5.099455
2916876288,63464.2,-0.003399,0.012111,0.000218,0.85666,0.0,0.9921,1.0522,0.000199,0.000237,0.000369,1.087753,5.082919
2917662720,63467.5,0.001525,0.013281,0.000219,0.859387,0.0,0.9921,1.0519,0.000216,0.000194,0.000374,1.119915,5.122285
2918449152,63470.7,0.002468,0.016516,0.000215,0.856659,0.0,0.9919,1.0519,0.000232,0.000188,0.000442,1.094869,5.15802
2919235584,63468.7,-0.000419,0.015918,0.000216,0.853559,0.0,0.992,1.0522,0.000182,0.000167,0.000266,1.103643,5.123211
2920022016,63472.0,-7.5e-05,0.005436,0.000213,0.857978,0.0,0.9921,1.0528,0.00021,0.000181,0.000274,1.09872,5.175749
2920808448,63475.1,0.003996,0.006039,0.000213,0.85677,0.0,0.9922,1.0532,0.000224,0.000169,0.000279,1.110411,5.2159
2921594880,63473.1,0.003361,0.015932,0.000215,0.856084,0.0,0.9922,1.0533,0.00019,0.000124,0.000303,1.120556,5.296083
2922381312,63476.2,-0.007268,0.013159,0.000212,0.855195,0.0,0.9922,1.053,0.000293,0.000201,0.000497,1.119096,5.177829
2923167744,63479.3,0.002151,0.011777,0.000211,0.854868,0.0,0.9922,1.0526,0.000215,0.000153,0.000397,1.101012,5.260653
2923954176,63482.2,0.004799,0.010645,0.000211,0.855106,0.0,0.992,1.0522,0.000186,0.000158,0.000334,1.096853,5.253398
2924740608,63480.1,-0.004688,0.018226,0.000217,0.857088,0.0,0.992,1.0522,0.000255,0.000138,0.000331,1.108887,5.259677
2925527040,63483.2,-0.002797,0.007718,0.000214,0.860078,0.0,0.992,1.0521,0.000196,0.000223,0.000338,1.116164,5.248598
2926313472,63486.4,-0.002537,0.007926,0.000215,0.86071,0.0,0.9919,1.052,0.000225,0.000189,0.00027,1.1101,5.286773
2927099904,63484.8,0.000497,0.017727,0.00022,0.857019,0.0,0.992,1.0522,0.000243,0.000152,0.000299,1.126591,5.080233
2927886336,63487.8,0.006377,0.009706,0.000223,0.856254,0.0,0.9921,1.0525,0.000177,0.000181,0.000298,1.102404,5.140275
2928672768,63490.2,-0.005627,0.008083,0.000221,0.854546,0.0,0.9921,1.0531,0.000238,0.000198,0.000251,1.117578,5.168063
2929459200,63493.3,-0.000422,0.010354,0.000222,0.856455,0.0,0.9921,1.0533,0.000168,0.000159,0.000252,1.132641,5.189993
2930245632,63490.3,0.008732,0.022328,0.000225,0.856083,0.0,0.9923,1.0538,0.000239,0.000173,0.000306,1.096966,5.240772
2931032064,63493.5,0.005264,0.010901,0.000219,0.862529,0.0,0.9924,1.0544,0.000212,0.000184,0.000345,1.099734,5.146123
2931818496,63496.8,0.001109,0.012451,0.000219,0.86094,0.0,0.9925,1.055,0.000239,0.000143,0.00032,1.103658,5.160363
2932604928,63495.3,-0.001467,0.017562,0.00022,0.857903,0.0,0.9926,1.0554,0.000213,0.000155,0.000288,1.073668,5.285634
2933391360,63498.7,-0.002623,0.007741,0.00021,0.850559,0.0,0.9927,1.0552,0.000219,0.00016,0.000248,1.117526,5.089243
2934177792,63501.4,0.001088,0.009365,0.000212,0.85226,0.0,0.9927,1.055,0.000168,0.000221,0.000307,1.107063,4.982851
2934964224,63503.9,0.000572,0.009106,0.000216,0.854761,0.0,0.9927,1.0547,0.000147,0.000214,0.000264,1.102851,5.092764
2935750656,63501.7,0.000881,0.019905,0.000227,0.850046,0.0,0.9927,1.0546,0.000156,0.000155,0.000211,1.1019,5.093238
2936537088,63504.7,0.00041,0.014794,0.000228,0.853907,0.0,0.9926,1.0544,0.000178,0.000189,0.000336,1.088725,5.03525
2937323520,63507.9,0.00558,0.015119,0.000226,0.850648,0.0,0.9926,1.0542,0.000186,0.000248,0.000309,1.096758,5.051388
2938109952,63505.7,0.000773,0.020342,0.000227,0.850939,0.0,0.9927,1.0545,0.000212,0.000176,0.000381,1.022462,4.497987
2938896384,63509.0,0.000814,0.012821,0.00022,0.852181,0.0,0.9927,1.0549,0.000207,0.000212,0.00026,1.107392,5.059083
2939682816,63512.3,-0.004139,0.010826,0.000219,0.849316,0.0,0.9929,1.0555,0.00016,0.000198,0.00029,1.104951,5.047301
2940469248,63515.6,-0.001579,0.012972,0.000218,0.849486,0.0,0.9928,1.0555,0.000126,0.000184,0.000281,1.1329,5.073578
2941255680,63514.0,0.00354,0.02426,0.00022,0.84704,0.0,0.9929,1.0554,0.000154,0.000147,0.00023,1.10043,4.997081
2942042112,63517.4,0.005902,0.014007,0.00022,0.852698,0.0,0.9927,1.0546,0.000201,0.000183,0.000245,1.085172,4.976293
2942828544,63520.7,-0.002776,0.010933,0.000216,0.853284,0.0,0.9927,1.0543,0.00016,0.000185,0.000283,1.106927,4.908077
2943614976,63523.9,0.006737,0.011504,0.000217,0.855105,0.0,0.9927,1.0542,0.000151,0.000183,0.000248,1.089601,5.063428
2944401408,63522.4,-0.001087,0.020547,0.000222,0.850807,0.0,0.9927,1.0542,0.000159,0.000139,0.000293,1.073684,5.131526
2945187840,63525.8,-0.00358,0.010558,0.000218,0.853334,0.0,0.9928,1.0545,0.000196,0.000188,0.000391,1.102996,5.057948
2945974272,63529.2,-0.001771,0.011011,0.000218,0.852711,0.0,0.9929,1.0547,0.000164,0.000153,0.000346,1.102145,4.993623
2946760704,63527.2,-0.000198,0.0178,0.000222,0.849337,0.0,0.9929,1.0549,0.000187,0.000145,0.000206,1.106055,4.909346
2947547136,63530.4,-0.000358,0.011036,0.000211,0.854731,0.0,0.993,1.0549,0.000167,0.000146,0.000263,1.102003,5.027344
2948333568,63533.7,4.8e-05,0.0091,0.000211,0.856237,0.0,0.993,1.0549,0.000185,0.000126,0.000321,1.073996,5.034027
2949120000,63537.0,-0.002808,0.012434,0.000212,0.855634,0.0,0.993,1.0552,0.000134,0.000149,0.000211,1.092101,5.087871
2949906432,63534.6,0.008659,0.022435,0.000218,0.851238,0.0,0.9932,1.0554,0.00016,0.000138,0.000296,1.090952,4.985333
2950692864,63537.8,-0.000199,0.011342,0.000215,0.851348,0.0,0.9931,1.0552,0.000144,0.000153,0.00037,1.087273,4.910623
2951479296,63541.0,-0.00729,0.01059,0.000213,0.85104,0.0,0.993,1.0548,0.000146,0.000141,0.000312,1.093265,4.987416
2952265728,63539.0,-0.003844,0.020718,0.000219,0.850384,0.0,0.993,1.0544,0.000158,0.000107,0.000245,1.096917,4.930137
2953052160,63542.2,0.000229,0.009701,0.000215,0.855532,0.0,0.9929,1.0545,0.000139,0.000143,0.000193,1.089549,4.993177
2953838592,63545.3,0.005468,0.011387,0.000216,0.854065,0.0,0.9928,1.0545,0.000124,0.000123,0.000231,1.080639,5.029513
2954625024,63548.5,-0.002637,0.008066,0.000215,0.855056,0.0,0.9927,1.0546,0.000115,0.00014,0.00024,1.085025,4.996928
2955411456,63546.6,-0.002255,0.021085,0.00021,0.854164,0.0,0.9927,1.0547,0.000122,0.000123,0.000182,1.054698,5.005515
2956197888,63549.8,-0.002219,0.010319,0.000203,0.857587,0.0,0.9926,1.0546,0.000132,0.00014,0.000218,1.083125,4.929714
2956984320,63552.7,-0.005604,0.010351,0.000204,0.858059,0.0,0.9926,1.0548,0.000141,0.000175,0.00021,1.071603,4.998737
2957770752,63550.7,0.000677,0.018111,0.00021,0.854514,0.0,0.9925,1.0551,0.000108,0.000122,0.000206,1.077537,5.354196
2958557184,63554.2,0.003158,0.007701,0.000224,0.852061,0.0,0.9927,1.0558,0.000129,9.1e-05,0.000213,1.123891,5.086598
2959343616,63557.7,-0.005113,0.009136,0.000223,0.852424,0.0,0.9927,1.0563,0.000175,0.000141,0.000224,1.106758,5.123549
2960130048,63561.2,0.004156,0.007407,0.000221,0.854581,0.0,0.9927,1.0567,0.000115,0.000107,0.00017,1.129942,5.18658
2960916480,63559.9,0.003695,0.018763,0.000225,0.853871,0.0,0.9927,1.0568,0.000236,0.000125,0.000311,1.109971,5.188175
2961702912,63563.3,0.001638,0.012166,0.00022,0.85525,0.0,0.9927,1.0568,0.000196,0.000157,0.000198,1.122418,5.123214
2962489344,63566.3,0.003472,0.010772,0.000221,0.852209,0.0,0.9927,1.0569,0.000177,0.000157,0.000185,1.118217,5.117606
2963275776,63564.0,0.007488,0.021125,0.000225,0.851045,0.0,0.9926,1.0569,0.000126,9e-05,0.000142,1.019622,4.614215
2964062208,63566.9,-0.001712,0.013805,0.000222,0.858805,0.0,0.9927,1.057,0.000105,0.000112,0.000202,1.092171,5.15003
2964848640,63569.8,-0.000736,0.010961,0.000219,0.857278,0.0,0.9927,1.057,0.000123,0.000109,0.000191,1.107567,5.140974
2965635072,63572.9,-0.004525,0.010988,0.000218,0.855323,0.0,0.9927,1.0571,0.000116,9.9e-05,0.000166,1.110024,5.110075
2966421504,63570.7,0.002334,0.02317,0.000224,0.84975,0.0,0.9928,1.0576,0.000117,0.000107,0.000153,1.10235,5.143895
2967207936,63573.7,-0.007823,0.010974,0.000215,0.849863,0.0,0.9929,1.0582,9.6e-05,0.000105,0.00017,1.100852,5.044024
2967994368,63576.8,0.004742,0.011928,0.000213,0.853221,0.0,0.993,1.0589,9.7e-05,7.8e-05,0.00012,1.104506,5.048528
2968780800,63579.9,0.001018,0.014291,0.000215,0.850912,0.0,0.9931,1.0593,8.7e-05,9.3e-05,0.000163,1.110501,5.110965
2969567232,63577.9,-0.002113,0.020508,0.000222,0.843876,0.0,0.9931,1.0591,0.00023,0.000131,0.000304,1.11305,5.087289
2970353664,63580.8,0.000713,0.008588,0.000214,0.847778,0.0,0.9932,1.0588,0.000137,0.000126,0.000178,1.092756,5.080768
2971140096,63583.6,0.000211,0.014594,0.000216,0.846062,0.0,0.9932,1.0584,0.000136,0.000133,0.000212,1.116363,5.101667
2971926528,63581.9,0.001992,0.020468,0.000222,0.846516,0.0,0.9932,1.0585,8e-05,9.4e-05,0.000207,1.117733,4.95613
2972712960,63584.6,-0.000172,0.011984,0.000218,0.852933,0.0,0.9932,1.0587,7.2e-05,9.5e-05,0.00012,1.113447,5.069001
2973499392,63587.7,0.004783,0.015458,0.00022,0.852146,0.0,0.9931,1.0587,7.8e-05,9.9e-05,0.00019,1.110498,5.050539
2974285824,63591.0,-0.006454,0.010179,0.000218,0.853375,0.0,0.9929,1.0587,6.1e-05,8.9e-05,0.000154,1.098653,5.043173
2975072256,63589.1,-0.005493,0.02533,0.000223,0.849814,0.0,0.993,1.0587,0.000102,7.8e-05,0.000134,1.103672,5.144406
2975858688,63591.9,0.000381,0.021633,0.000221,0.849578,0.0,0.9929,1.0582,0.000125,0.000118,0.000159,1.073673,5.034008
2976645120,63594.9,-0.00044,0.02251,0.000217,0.848626,0.0,0.9928,1.0576,9.8e-05,9.5e-05,0.000169,1.103027,5.048602
2977431552,63592.5,-0.008489,0.023356,0.000218,0.846693,0.0,0.9927,1.0571,8.3e-05,7.8e-05,0.000135,1.07999,4.919184
2978217984,63595.6,-0.001365,0.011875,0.000208,0.855942,0.0,0.9927,1.0571,9.4e-05,9e-05,0.000153,1.067327,4.961007
2979004416,63598.6,0.000318,0.011118,0.000207,0.858703,0.0,0.9927,1.057,8.9e-05,6.9e-05,0.000121,1.049667,4.994186
2979790848,63601.5,0.000683,0.012082,0.000209,0.859814,0.0,0.9928,1.0571,6.4e-05,8.4e-05,0.000111,1.060843,5.090263
2980577280,63595.1,0.00036,0.021496,0.000218,0.852331,0.0,0.9927,1.0571,7.4e-05,5.6e-05,0.000112,1.111053,4.975654
2981363712,63597.8,-0.00515,0.012415,0.000216,0.853048,0.0,0.9926,1.0568,6.5e-05,6.4e-05,0.000115,1.114032,4.963849
2982150144,63600.5,-0.002667,0.011575,0.000214,0.854878,0.0,0.9925,1.0567,6e-05,6.4e-05,0.000109,1.083245,5.028205
2982936576,63598.1,0.005832,0.021397,0.000221,0.850601,0.0,0.9923,1.0563,6.9e-05,6.4e-05,0.000113,1.04755,5.243734
2983723008,63601.2,-0.003717,0.01098,0.000215,0.854185,0.0,0.9923,1.0561,6e-05,5.9e-05,0.000109,1.085675,4.98426
2984509440,63604.3,-0.003432,0.009804,0.000214,0.85587,0.0,0.9923,1.056,6.2e-05,4.7e-05,7.4e-05,1.072685,4.987033
2985295872,63607.3,-0.005324,0.009659,0.000213,0.857195,0.0,0.9923,1.0559,4e-05,5.9e-05,0.000125,1.081867,5.051077
2986082304,63604.8,0.003425,0.021478,0.000222,0.853471,0.0,0.9924,1.0559,5.4e-05,4.1e-05,4.7e-05,1.10291,5.018277
2986868736,63607.7,0.00479,0.009958,0.00022,0.85762,0.0,0.9925,1.0561,4.5e-05,4.4e-05,6.5e-05,1.072186,5.073636
2987655168,63610.8,-0.00046,0.007678,0.00022,0.859461,0.0,0.9926,1.0562,3.7e-05,5e-05,6.5e-05,1.081987,5.009025
2988441600,63608.9,0.003037,0.017173,0.000225,0.856956,0.0,0.9927,1.0563,4.1e-05,2.7e-05,5.1e-05,1.018928,4.778051
2989228032,63612.1,-0.003198,0.011314,0.000223,0.859868,0.0,0.9928,1.0559,4.1e-05,3.7e-05,4.9e-05,1.070932,5.138189
2990014464,63614.2,0.002192,0.011366,0.000226,0.859835,0.0,0.9928,1.0551,3.5e-05,3.8e-05,6.7e-05,1.082076,5.156882
2990800896,63617.4,0.000209,0.012457,0.000227,0.859578,0.0,0.9927,1.0544,2.9e-05,3.8e-05,6.4e-05,1.099717,5.091568
2991587328,63615.1,-0.001369,0.017984,0.00022,0.86029,0.0,0.9926,1.0541,3.2e-05,2e-05,3.9e-05,1.057674,5.129402
2992373760,63617.8,0.001271,0.009091,0.000207,0.865793,0.0,0.9926,1.0543,2.5e-05,2.3e-05,3.5e-05,1.084181,5.184741
2993160192,63620.5,-0.005163,0.007589,0.000205,0.866079,0.0,0.9927,1.0546,2.5e-05,2.2e-05,4.1e-05,1.0654,5.1358
2993946624,63623.4,0.002245,0.008178,0.000206,0.864891,0.0,0.9926,1.0546,1.9e-05,1.7e-05,3.8e-05,1.062802,5.183462
2994733056,63621.1,0.006684,0.020171,0.00022,0.85452,0.0,0.9926,1.0545,2.6e-05,1.7e-05,3.3e-05,1.098943,5.153812
2995519488,63624.0,0.001726,0.011902,0.000217,0.855635,0.0,0.9925,1.0542,1.6e-05,1.8e-05,3e-05,1.097266,5.126297
2996305920,63627.0,0.008585,0.014186,0.000216,0.855385,0.0,0.9925,1.0539,1.8e-05,1.4e-05,3.6e-05,1.086716,5.092727
2997092352,63624.4,-0.001671,0.02007,0.00022,0.857245,0.0,0.9926,1.0541,1.6e-05,1.1e-05,1.6e-05,1.08809,5.081254
2997878784,63627.2,9.7e-05,0.012088,0.000216,0.863768,0.0,0.9926,1.0539,9e-06,7e-06,9e-06,1.073756,5.144193
2998665216,63629.9,0.003574,0.014077,0.000216,0.86415,0.0,0.9926,1.0537,4e-06,5e-06,1e-05,1.088467,5.123273
2999451648,63632.0,0.011762,0.009098,0.000215,0.86518,0.0,0.9926,1.0534,2e-06,2e-06,3e-06,1.065563,5.11628
3000238080,63629.4,-0.002441,0.019942,0.000221,0.859461,0.0,0.9927,1.0536,1e-06,1e-06,1e-06,1.106969,5.094268
